
===== attempt 1 at 2026-09-22 02:29:24 (resume-from 1) =====
============================================================
Config-driven iterative reward experiment
============================================================
config          : configs/env007_fragilecargo_create_v9.yaml
prefix          : fragilecargo_create_v9
seed            : 0
rounds          : 10
start_iter      : 1
target_score    : 250.0
total_timesteps : 3000000
eval_episodes   : 20
memory_path     : runs\env_007\fragilecargo_create_v9\seed_0\memory\reward_memory.md
cards_path      : knowledge_base/iteration/reward_misalignment_cards.md
cards_top_k     : 4
mock_llm        : False

------------------------------------------------------------
Iteration 1/10
------------------------------------------------------------

$ D:\Code\python\research\llm_env_310\Scripts\python.exe -m pipeline.run_direct_generation_pipeline --config configs/env007_fragilecargo_create_v9.yaml --run-name fragilecargo_create_v9/seed_0/iter_01/generation --seed 0
DeepSeek returned truncated content (2147 chars < 8000, finish_reason='length'); retry 1/3
runs\env_007\fragilecargo_create_v9\seed_0\iter_01\generation\v9_structure_block.md
runs\env_007\fragilecargo_create_v9\seed_0\iter_01\generation\environment_card.md
runs\env_007\fragilecargo_create_v9\seed_0\iter_01\generation\expert_reward_context.md
DeepSeek returned empty content (finish_reason='length'); retry 1/3 with max_tokens=16384
runs\env_007\fragilecargo_create_v9\seed_0\iter_01\generation\reward_v1.py
runs\env_007\fragilecargo_create_v9\seed_0\iter_01\generation\reward_v1.md

$ D:\Code\python\research\llm_env_310\Scripts\python.exe -m training.train_sb3_wrapper --config configs/env007_fragilecargo_create_v9.yaml --reward runs\env_007\fragilecargo_create_v9\seed_0\iter_01\generation\reward_v1.py --run-name fragilecargo_create_v9/seed_0/iter_01/training --save-dir runs\env_007\fragilecargo_create_v9\seed_0\iter_01\training --total-timesteps 3000000 --eval-episodes 20 --seed 0
Using cpu device
---------------------------------
| rollout/           |          |
|    ep_len_mean     | 398      |
|    ep_rew_mean     | -5.27    |
|    success_rate    | 0        |
| time/              |          |
|    fps             | 4250     |
|    iterations      | 1        |
|    time_elapsed    | 2        |
|    total_timesteps | 12288    |
---------------------------------
-----------------------------------------
| rollout/                |             |
|    ep_len_mean          | 399         |
|    ep_rew_mean          | -3.05       |
|    success_rate         | 0           |
| time/                   |             |
|    fps                  | 3157        |
|    iterations           | 2           |
|    time_elapsed         | 7           |
|    total_timesteps      | 24576       |
| train/                  |             |
|    approx_kl            | 0.010535292 |
|    clip_fraction        | 0.126       |
|    clip_range           | 0.2         |
|    entropy_loss         | -2.83       |
|    explained_variance   | 0.57        |
|    learning_rate        | 0.0003      |
|    loss                 | 0.03        |
|    n_updates            | 10          |
|    policy_gradient_loss | -0.00947    |
|    std                  | 0.993       |
|    value_loss           | 0.189       |
-----------------------------------------
-----------------------------------------
| rollout/                |             |
|    ep_len_mean          | 399         |
|    ep_rew_mean          | -2.28       |
|    success_rate         | 0           |
| time/                   |             |
|    fps                  | 2904        |
|    iterations           | 3           |
|    time_elapsed         | 12          |
|    total_timesteps      | 36864       |
| train/                  |             |
|    approx_kl            | 0.011734706 |
|    clip_fraction        | 0.151       |
|    clip_range           | 0.2         |
|    entropy_loss         | -2.79       |
|    explained_variance   | 0.835       |
|    learning_rate        | 0.0003      |
|    loss                 | -0.0421     |
|    n_updates            | 20          |
|    policy_gradient_loss | -0.0174     |
|    std                  | 0.977       |
|    value_loss           | 0.0111      |
-----------------------------------------
-----------------------------------------
| rollout/                |             |
|    ep_len_mean          | 400         |
|    ep_rew_mean          | -1.11       |
|    success_rate         | 0           |
| time/                   |             |
|    fps                  | 2789        |
|    iterations           | 4           |
|    time_elapsed         | 17          |
|    total_timesteps      | 49152       |
| train/                  |             |
|    approx_kl            | 0.009483647 |
|    clip_fraction        | 0.112       |
|    clip_range           | 0.2         |
|    entropy_loss         | -2.76       |
|    explained_variance   | 0.885       |
|    learning_rate        | 0.0003      |
|    loss                 | -0.017      |
|    n_updates            | 30          |
|    policy_gradient_loss | -0.0123     |
|    std                  | 0.959       |
|    value_loss           | 0.00441     |
-----------------------------------------
-----------------------------------------
| rollout/                |             |
|    ep_len_mean          | 400         |
|    ep_rew_mean          | -0.99       |
|    success_rate         | 0           |
| time/                   |             |
|    fps                  | 2732        |
|    iterations           | 5           |
|    time_elapsed         | 22          |
|    total_timesteps      | 61440       |
| train/                  |             |
|    approx_kl            | 0.009528152 |
|    clip_fraction        | 0.111       |
|    clip_range           | 0.2         |
|    entropy_loss         | -2.73       |
|    explained_variance   | 0.834       |
|    learning_rate        | 0.0003      |
|    loss                 | -0.0268     |
|    n_updates            | 40          |
|    policy_gradient_loss | -0.0101     |
|    std                  | 0.944       |
|    value_loss           | 0.00294     |
-----------------------------------------
-----------------------------------------
| rollout/                |             |
|    ep_len_mean          | 400         |
|    ep_rew_mean          | -0.988      |
|    success_rate         | 0           |
| time/                   |             |
|    fps                  | 2695        |
|    iterations           | 6           |
|    time_elapsed         | 27          |
|    total_timesteps      | 73728       |
| train/                  |             |
|    approx_kl            | 0.009419321 |
|    clip_fraction        | 0.103       |
|    clip_range           | 0.2         |
|    entropy_loss         | -2.71       |
|    explained_variance   | 0.85        |
|    learning_rate        | 0.0003      |
|    loss                 | -0.0163     |
|    n_updates            | 50          |
|    policy_gradient_loss | -0.00826    |
|    std                  | 0.933       |
|    value_loss           | 0.0021      |
-----------------------------------------
-----------------------------------------
| rollout/                |             |
|    ep_len_mean          | 400         |
|    ep_rew_mean          | -0.671      |
|    success_rate         | 0           |
| time/                   |             |
|    fps                  | 2669        |
|    iterations           | 7           |
|    time_elapsed         | 32          |
|    total_timesteps      | 86016       |
| train/                  |             |
|    approx_kl            | 0.009863629 |
|    clip_fraction        | 0.112       |
|    clip_range           | 0.2         |
|    entropy_loss         | -2.7        |
|    explained_variance   | 0.9         |
|    learning_rate        | 0.0003      |
|    loss                 | -0.0235     |
|    n_updates            | 60          |
|    policy_gradient_loss | -0.00913    |
|    std                  | 0.934       |
|    value_loss           | 0.00175     |
-----------------------------------------
----------------------------------------
| rollout/                |            |
|    ep_len_mean          | 400        |
|    ep_rew_mean          | -0.209     |
|    success_rate         | 0          |
| time/                   |            |
|    fps                  | 2645       |
|    iterations           | 8          |
|    time_elapsed         | 37         |
|    total_timesteps      | 98304      |
| train/                  |            |
|    approx_kl            | 0.00971274 |
|    clip_fraction        | 0.107      |
|    clip_range           | 0.2        |
|    entropy_loss         | -2.68      |
|    explained_variance   | 0.933      |
|    learning_rate        | 0.0003     |
|    loss                 | -0.021     |
|    n_updates            | 70         |
|    policy_gradient_loss | -0.0099    |
|    std                  | 0.922      |
|    value_loss           | 0.00128    |
----------------------------------------
-----------------------------------------
| rollout/                |             |
|    ep_len_mean          | 400         |
|    ep_rew_mean          | 0.0755      |
|    success_rate         | 0           |
| time/                   |             |
|    fps                  | 2624        |
|    iterations           | 9           |
|    time_elapsed         | 42          |
|    total_timesteps      | 110592      |
| train/                  |             |
|    approx_kl            | 0.007803486 |
|    clip_fraction        | 0.0897      |
|    clip_range           | 0.2         |
|    entropy_loss         | -2.67       |
|    explained_variance   | 0.952       |
|    learning_rate        | 0.0003      |
|    loss                 | -0.0272     |
|    n_updates            | 80          |
|    policy_gradient_loss | -0.00778    |
|    std                  | 0.916       |
|    value_loss           | 0.000965    |
-----------------------------------------
-----------------------------------------
| rollout/                |             |
|    ep_len_mean          | 400         |
|    ep_rew_mean          | 0.214       |
|    success_rate         | 0           |
| time/                   |             |
|    fps                  | 2612        |
|    iterations           | 10          |
|    time_elapsed         | 47          |
|    total_timesteps      | 122880      |
| train/                  |             |
|    approx_kl            | 0.008583024 |
|    clip_fraction        | 0.094       |
|    clip_range           | 0.2         |
|    entropy_loss         | -2.65       |
|    explained_variance   | 0.955       |
|    learning_rate        | 0.0003      |
|    loss                 | -0.0105     |
|    n_updates            | 90          |
|    policy_gradient_loss | -0.00929    |
|    std                  | 0.908       |
|    value_loss           | 0.000927    |
-----------------------------------------
-----------------------------------------
| rollout/                |             |
|    ep_len_mean          | 400         |
|    ep_rew_mean          | 0.286       |
|    success_rate         | 0           |
| time/                   |             |
|    fps                  | 2599        |
|    iterations           | 11          |
|    time_elapsed         | 52          |
|    total_timesteps      | 135168      |
| train/                  |             |
|    approx_kl            | 0.007919704 |
|    clip_fraction        | 0.0913      |
|    clip_range           | 0.2         |
|    entropy_loss         | -2.64       |
|    explained_variance   | 0.955       |
|    learning_rate        | 0.0003      |
|    loss                 | -0.0145     |
|    n_updates            | 100         |
|    policy_gradient_loss | -0.00788    |
|    std                  | 0.904       |
|    value_loss           | 0.00109     |
-----------------------------------------
------------------------------------------
| rollout/                |              |
|    ep_len_mean          | 400          |
|    ep_rew_mean          | 0.421        |
|    success_rate         | 0            |
| time/                   |              |
|    fps                  | 2591         |
|    iterations           | 12           |
|    time_elapsed         | 56           |
|    total_timesteps      | 147456       |
| train/                  |              |
|    approx_kl            | 0.0071682073 |
|    clip_fraction        | 0.081        |
|    clip_range           | 0.2          |
|    entropy_loss         | -2.63        |
|    explained_variance   | 0.964        |
|    learning_rate        | 0.0003       |
|    loss                 | -0.0336      |
|    n_updates            | 110          |
|    policy_gradient_loss | -0.00764     |
|    std                  | 0.9          |
|    value_loss           | 0.000907     |
------------------------------------------
-----------------------------------------
| rollout/                |             |
|    ep_len_mean          | 400         |
|    ep_rew_mean          | 0.686       |
|    success_rate         | 0           |
| time/                   |             |
|    fps                  | 2579        |
|    iterations           | 13          |
|    time_elapsed         | 61          |
|    total_timesteps      | 159744      |
| train/                  |             |
|    approx_kl            | 0.009084688 |
|    clip_fraction        | 0.108       |
|    clip_range           | 0.2         |
|    entropy_loss         | -2.62       |
|    explained_variance   | 0.969       |
|    learning_rate        | 0.0003      |
|    loss                 | -0.0205     |
|    n_updates            | 120         |
|    policy_gradient_loss | -0.0101     |
|    std                  | 0.898       |
|    value_loss           | 0.000911    |
-----------------------------------------
-----------------------------------------
| rollout/                |             |
|    ep_len_mean          | 400         |
|    ep_rew_mean          | 0.903       |
|    success_rate         | 0           |
| time/                   |             |
|    fps                  | 2570        |
|    iterations           | 14          |
|    time_elapsed         | 66          |
|    total_timesteps      | 172032      |
| train/                  |             |
|    approx_kl            | 0.008259875 |
|    clip_fraction        | 0.0883      |
|    clip_range           | 0.2         |
|    entropy_loss         | -2.61       |
|    explained_variance   | 0.966       |
|    learning_rate        | 0.0003      |
|    loss                 | 0.00106     |
|    n_updates            | 130         |
|    policy_gradient_loss | -0.00798    |
|    std                  | 0.891       |
|    value_loss           | 0.00107     |
-----------------------------------------
-----------------------------------------
| rollout/                |             |
|    ep_len_mean          | 400         |
|    ep_rew_mean          | 0.98        |
|    success_rate         | 0           |
| time/                   |             |
|    fps                  | 2565        |
|    iterations           | 15          |
|    time_elapsed         | 71          |
|    total_timesteps      | 184320      |
| train/                  |             |
|    approx_kl            | 0.008382519 |
|    clip_fraction        | 0.0929      |
|    clip_range           | 0.2         |
|    entropy_loss         | -2.58       |
|    explained_variance   | 0.976       |
|    learning_rate        | 0.0003      |
|    loss                 | -0.0217     |
|    n_updates            | 140         |
|    policy_gradient_loss | -0.00686    |
|    std                  | 0.872       |
|    value_loss           | 0.000854    |
-----------------------------------------
-----------------------------------------
| rollout/                |             |
|    ep_len_mean          | 400         |
|    ep_rew_mean          | 1           |
|    success_rate         | 0           |
| time/                   |             |
|    fps                  | 2557        |
|    iterations           | 16          |
|    time_elapsed         | 76          |
|    total_timesteps      | 196608      |
| train/                  |             |
|    approx_kl            | 0.009671915 |
|    clip_fraction        | 0.107       |
|    clip_range           | 0.2         |
|    entropy_loss         | -2.54       |
|    explained_variance   | 0.974       |
|    learning_rate        | 0.0003      |
|    loss                 | -0.0445     |
|    n_updates            | 150         |
|    policy_gradient_loss | -0.00923    |
|    std                  | 0.858       |
|    value_loss           | 0.00104     |
-----------------------------------------
-----------------------------------------
| rollout/                |             |
|    ep_len_mean          | 400         |
|    ep_rew_mean          | 1.14        |
|    success_rate         | 0           |
| time/                   |             |
|    fps                  | 2549        |
|    iterations           | 17          |
|    time_elapsed         | 81          |
|    total_timesteps      | 208896      |
| train/                  |             |
|    approx_kl            | 0.009554691 |
|    clip_fraction        | 0.106       |
|    clip_range           | 0.2         |
|    entropy_loss         | -2.52       |
|    explained_variance   | 0.977       |
|    learning_rate        | 0.0003      |
|    loss                 | -0.0277     |
|    n_updates            | 160         |
|    policy_gradient_loss | -0.00781    |
|    std                  | 0.854       |
|    value_loss           | 0.00117     |
-----------------------------------------
-----------------------------------------
| rollout/                |             |
|    ep_len_mean          | 400         |
|    ep_rew_mean          | 1.34        |
|    success_rate         | 0           |
| time/                   |             |
|    fps                  | 2547        |
|    iterations           | 18          |
|    time_elapsed         | 86          |
|    total_timesteps      | 221184      |
| train/                  |             |
|    approx_kl            | 0.009001948 |
|    clip_fraction        | 0.101       |
|    clip_range           | 0.2         |
|    entropy_loss         | -2.51       |
|    explained_variance   | 0.977       |
|    learning_rate        | 0.0003      |
|    loss                 | -0.0242     |
|    n_updates            | 170         |
|    policy_gradient_loss | -0.00811    |
|    std                  | 0.845       |
|    value_loss           | 0.00123     |
-----------------------------------------
-----------------------------------------
| rollout/                |             |
|    ep_len_mean          | 400         |
|    ep_rew_mean          | 1.55        |
|    success_rate         | 0           |
| time/                   |             |
|    fps                  | 2540        |
|    iterations           | 19          |
|    time_elapsed         | 91          |
|    total_timesteps      | 233472      |
| train/                  |             |
|    approx_kl            | 0.009811111 |
|    clip_fraction        | 0.0991      |
|    clip_range           | 0.2         |
|    entropy_loss         | -2.51       |
|    explained_variance   | 0.973       |
|    learning_rate        | 0.0003      |
|    loss                 | -0.029      |
|    n_updates            | 180         |
|    policy_gradient_loss | -0.0085     |
|    std                  | 0.849       |
|    value_loss           | 0.00179     |
-----------------------------------------
-----------------------------------------
| rollout/                |             |
|    ep_len_mean          | 400         |
|    ep_rew_mean          | 1.59        |
|    success_rate         | 0           |
| time/                   |             |
|    fps                  | 2533        |
|    iterations           | 20          |
|    time_elapsed         | 96          |
|    total_timesteps      | 245760      |
| train/                  |             |
|    approx_kl            | 0.009052598 |
|    clip_fraction        | 0.105       |
|    clip_range           | 0.2         |
|    entropy_loss         | -2.5        |
|    explained_variance   | 0.978       |
|    learning_rate        | 0.0003      |
|    loss                 | -0.00956    |
|    n_updates            | 190         |
|    policy_gradient_loss | -0.00842    |
|    std                  | 0.844       |
|    value_loss           | 0.0015      |
-----------------------------------------
-----------------------------------------
| rollout/                |             |
|    ep_len_mean          | 400         |
|    ep_rew_mean          | 1.73        |
|    success_rate         | 0           |
| time/                   |             |
|    fps                  | 2526        |
|    iterations           | 21          |
|    time_elapsed         | 102         |
|    total_timesteps      | 258048      |
| train/                  |             |
|    approx_kl            | 0.010068144 |
|    clip_fraction        | 0.122       |
|    clip_range           | 0.2         |
|    entropy_loss         | -2.49       |
|    explained_variance   | 0.978       |
|    learning_rate        | 0.0003      |
|    loss                 | -0.0285     |
|    n_updates            | 200         |
|    policy_gradient_loss | -0.00988    |
|    std                  | 0.844       |
|    value_loss           | 0.00164     |
-----------------------------------------
-----------------------------------------
| rollout/                |             |
|    ep_len_mean          | 400         |
|    ep_rew_mean          | 2.08        |
|    success_rate         | 0           |
| time/                   |             |
|    fps                  | 2523        |
|    iterations           | 22          |
|    time_elapsed         | 107         |
|    total_timesteps      | 270336      |
| train/                  |             |
|    approx_kl            | 0.010754873 |
|    clip_fraction        | 0.115       |
|    clip_range           | 0.2         |
|    entropy_loss         | -2.5        |
|    explained_variance   | 0.973       |
|    learning_rate        | 0.0003      |
|    loss                 | -0.00918    |
|    n_updates            | 210         |
|    policy_gradient_loss | -0.00749    |
|    std                  | 0.843       |
|    value_loss           | 0.00166     |
-----------------------------------------
-----------------------------------------
| rollout/                |             |
|    ep_len_mean          | 400         |
|    ep_rew_mean          | 2.31        |
|    success_rate         | 0           |
| time/                   |             |
|    fps                  | 2518        |
|    iterations           | 23          |
|    time_elapsed         | 112         |
|    total_timesteps      | 282624      |
| train/                  |             |
|    approx_kl            | 0.009108902 |
|    clip_fraction        | 0.113       |
|    clip_range           | 0.2         |
|    entropy_loss         | -2.49       |
|    explained_variance   | 0.971       |
|    learning_rate        | 0.0003      |
|    loss                 | -0.0342     |
|    n_updates            | 220         |
|    policy_gradient_loss | -0.00965    |
|    std                  | 0.841       |
|    value_loss           | 0.00238     |
-----------------------------------------
----------------------------------------
| rollout/                |            |
|    ep_len_mean          | 400        |
|    ep_rew_mean          | 2.55       |
|    success_rate         | 0          |
| time/                   |            |
|    fps                  | 2516       |
|    iterations           | 24         |
|    time_elapsed         | 117        |
|    total_timesteps      | 294912     |
| train/                  |            |
|    approx_kl            | 0.01023827 |
|    clip_fraction        | 0.11       |
|    clip_range           | 0.2        |
|    entropy_loss         | -2.47      |
|    explained_variance   | 0.909      |
|    learning_rate        | 0.0003     |
|    loss                 | -0.0126    |
|    n_updates            | 230        |
|    policy_gradient_loss | -0.00553   |
|    std                  | 0.828      |
|    value_loss           | 0.014      |
----------------------------------------
-----------------------------------------
| rollout/                |             |
|    ep_len_mean          | 400         |
|    ep_rew_mean          | 2.69        |
|    success_rate         | 0           |
| time/                   |             |
|    fps                  | 2507        |
|    iterations           | 25          |
|    time_elapsed         | 122         |
|    total_timesteps      | 307200      |
| train/                  |             |
|    approx_kl            | 0.009112251 |
|    clip_fraction        | 0.103       |
|    clip_range           | 0.2         |
|    entropy_loss         | -2.46       |
|    explained_variance   | 0.906       |
|    learning_rate        | 0.0003      |
|    loss                 | -0.0305     |
|    n_updates            | 240         |
|    policy_gradient_loss | -0.00519    |
|    std                  | 0.83        |
|    value_loss           | 0.0123      |
-----------------------------------------
-----------------------------------------
| rollout/                |             |
|    ep_len_mean          | 400         |
|    ep_rew_mean          | 2.72        |
|    success_rate         | 0           |
| time/                   |             |
|    fps                  | 2497        |
|    iterations           | 26          |
|    time_elapsed         | 127         |
|    total_timesteps      | 319488      |
| train/                  |             |
|    approx_kl            | 0.010138644 |
|    clip_fraction        | 0.11        |
|    clip_range           | 0.2         |
|    entropy_loss         | -2.46       |
|    explained_variance   | 0.923       |
|    learning_rate        | 0.0003      |
|    loss                 | -0.018      |
|    n_updates            | 250         |
|    policy_gradient_loss | -0.00675    |
|    std                  | 0.825       |
|    value_loss           | 0.00929     |
-----------------------------------------
-----------------------------------------
| rollout/                |             |
|    ep_len_mean          | 400         |
|    ep_rew_mean          | 2.84        |
|    success_rate         | 0           |
| time/                   |             |
|    fps                  | 2491        |
|    iterations           | 27          |
|    time_elapsed         | 133         |
|    total_timesteps      | 331776      |
| train/                  |             |
|    approx_kl            | 0.008168654 |
|    clip_fraction        | 0.0998      |
|    clip_range           | 0.2         |
|    entropy_loss         | -2.46       |
|    explained_variance   | 0.914       |
|    learning_rate        | 0.0003      |
|    loss                 | -0.0158     |
|    n_updates            | 260         |
|    policy_gradient_loss | -0.00571    |
|    std                  | 0.831       |
|    value_loss           | 0.0237      |
-----------------------------------------
-----------------------------------------
| rollout/                |             |
|    ep_len_mean          | 400         |
|    ep_rew_mean          | 2.72        |
|    success_rate         | 0           |
| time/                   |             |
|    fps                  | 2487        |
|    iterations           | 28          |
|    time_elapsed         | 138         |
|    total_timesteps      | 344064      |
| train/                  |             |
|    approx_kl            | 0.008810341 |
|    clip_fraction        | 0.0952      |
|    clip_range           | 0.2         |
|    entropy_loss         | -2.47       |
|    explained_variance   | 0.955       |
|    learning_rate        | 0.0003      |
|    loss                 | -0.0198     |
|    n_updates            | 270         |
|    policy_gradient_loss | -0.0062     |
|    std                  | 0.831       |
|    value_loss           | 0.00549     |
-----------------------------------------
-----------------------------------------
| rollout/                |             |
|    ep_len_mean          | 400         |
|    ep_rew_mean          | 2.97        |
|    success_rate         | 0           |
| time/                   |             |
|    fps                  | 2483        |
|    iterations           | 29          |
|    time_elapsed         | 143         |
|    total_timesteps      | 356352      |
| train/                  |             |
|    approx_kl            | 0.011039824 |
|    clip_fraction        | 0.115       |
|    clip_range           | 0.2         |
|    entropy_loss         | -2.46       |
|    explained_variance   | 0.965       |
|    learning_rate        | 0.0003      |
|    loss                 | -0.0236     |
|    n_updates            | 280         |
|    policy_gradient_loss | -0.00774    |
|    std                  | 0.825       |
|    value_loss           | 0.00465     |
-----------------------------------------
-----------------------------------------
| rollout/                |             |
|    ep_len_mean          | 400         |
|    ep_rew_mean          | 3.02        |
|    success_rate         | 0           |
| time/                   |             |
|    fps                  | 2479        |
|    iterations           | 30          |
|    time_elapsed         | 148         |
|    total_timesteps      | 368640      |
| train/                  |             |
|    approx_kl            | 0.011278489 |
|    clip_fraction        | 0.112       |
|    clip_range           | 0.2         |
|    entropy_loss         | -2.43       |
|    explained_variance   | 0.826       |
|    learning_rate        | 0.0003      |
|    loss                 | -0.00787    |
|    n_updates            | 290         |
|    policy_gradient_loss | -0.00562    |
|    std                  | 0.813       |
|    value_loss           | 0.0425      |
-----------------------------------------
------------------------------------------
| rollout/                |              |
|    ep_len_mean          | 400          |
|    ep_rew_mean          | 3.13         |
|    success_rate         | 0            |
| time/                   |              |
|    fps                  | 2476         |
|    iterations           | 31           |
|    time_elapsed         | 153          |
|    total_timesteps      | 380928       |
| train/                  |              |
|    approx_kl            | 0.0116285095 |
|    clip_fraction        | 0.128        |
|    clip_range           | 0.2          |
|    entropy_loss         | -2.43        |
|    explained_variance   | 0.931        |
|    learning_rate        | 0.0003       |
|    loss                 | -0.0492      |
|    n_updates            | 300          |
|    policy_gradient_loss | -0.00884     |
|    std                  | 0.816        |
|    value_loss           | 0.00878      |
------------------------------------------
------------------------------------------
| rollout/                |              |
|    ep_len_mean          | 400          |
|    ep_rew_mean          | 3.18         |
|    success_rate         | 0            |
| time/                   |              |
|    fps                  | 2472         |
|    iterations           | 32           |
|    time_elapsed         | 159          |
|    total_timesteps      | 393216       |
| train/                  |              |
|    approx_kl            | 0.0108109685 |
|    clip_fraction        | 0.13         |
|    clip_range           | 0.2          |
|    entropy_loss         | -2.44        |
|    explained_variance   | 0.95         |
|    learning_rate        | 0.0003       |
|    loss                 | -0.0292      |
|    n_updates            | 310          |
|    policy_gradient_loss | -0.0104      |
|    std                  | 0.819        |
|    value_loss           | 0.00586      |
------------------------------------------
-----------------------------------------
| rollout/                |             |
|    ep_len_mean          | 400         |
|    ep_rew_mean          | 3.07        |
|    success_rate         | 0           |
| time/                   |             |
|    fps                  | 2468        |
|    iterations           | 33          |
|    time_elapsed         | 164         |
|    total_timesteps      | 405504      |
| train/                  |             |
|    approx_kl            | 0.011571844 |
|    clip_fraction        | 0.125       |
|    clip_range           | 0.2         |
|    entropy_loss         | -2.43       |
|    explained_variance   | 0.948       |
|    learning_rate        | 0.0003      |
|    loss                 | -0.0153     |
|    n_updates            | 320         |
|    policy_gradient_loss | -0.0106     |
|    std                  | 0.814       |
|    value_loss           | 0.00509     |
-----------------------------------------
-----------------------------------------
| rollout/                |             |
|    ep_len_mean          | 400         |
|    ep_rew_mean          | 3.17        |
|    success_rate         | 0           |
| time/                   |             |
|    fps                  | 2466        |
|    iterations           | 34          |
|    time_elapsed         | 169         |
|    total_timesteps      | 417792      |
| train/                  |             |
|    approx_kl            | 0.011173514 |
|    clip_fraction        | 0.119       |
|    clip_range           | 0.2         |
|    entropy_loss         | -2.43       |
|    explained_variance   | 0.957       |
|    learning_rate        | 0.0003      |
|    loss                 | -0.0325     |
|    n_updates            | 330         |
|    policy_gradient_loss | -0.00814    |
|    std                  | 0.814       |
|    value_loss           | 0.00391     |
-----------------------------------------
-----------------------------------------
| rollout/                |             |
|    ep_len_mean          | 400         |
|    ep_rew_mean          | 3.23        |
|    success_rate         | 0           |
| time/                   |             |
|    fps                  | 2466        |
|    iterations           | 35          |
|    time_elapsed         | 174         |
|    total_timesteps      | 430080      |
| train/                  |             |
|    approx_kl            | 0.011448387 |
|    clip_fraction        | 0.13        |
|    clip_range           | 0.2         |
|    entropy_loss         | -2.42       |
|    explained_variance   | 0.977       |
|    learning_rate        | 0.0003      |
|    loss                 | -0.0248     |
|    n_updates            | 340         |
|    policy_gradient_loss | -0.0105     |
|    std                  | 0.808       |
|    value_loss           | 0.00247     |
-----------------------------------------
-----------------------------------------
| rollout/                |             |
|    ep_len_mean          | 400         |
|    ep_rew_mean          | 3.29        |
|    success_rate         | 0           |
| time/                   |             |
|    fps                  | 2464        |
|    iterations           | 36          |
|    time_elapsed         | 179         |
|    total_timesteps      | 442368      |
| train/                  |             |
|    approx_kl            | 0.010758792 |
|    clip_fraction        | 0.124       |
|    clip_range           | 0.2         |
|    entropy_loss         | -2.4        |
|    explained_variance   | 0.976       |
|    learning_rate        | 0.0003      |
|    loss                 | -0.0177     |
|    n_updates            | 350         |
|    policy_gradient_loss | -0.00776    |
|    std                  | 0.801       |
|    value_loss           | 0.0025      |
-----------------------------------------
-----------------------------------------
| rollout/                |             |
|    ep_len_mean          | 399         |
|    ep_rew_mean          | 3.52        |
|    success_rate         | 0.01        |
| time/                   |             |
|    fps                  | 2462        |
|    iterations           | 37          |
|    time_elapsed         | 184         |
|    total_timesteps      | 454656      |
| train/                  |             |
|    approx_kl            | 0.009789775 |
|    clip_fraction        | 0.117       |
|    clip_range           | 0.2         |
|    entropy_loss         | -2.39       |
|    explained_variance   | 0.978       |
|    learning_rate        | 0.0003      |
|    loss                 | -0.025      |
|    n_updates            | 360         |
|    policy_gradient_loss | -0.00837    |
|    std                  | 0.796       |
|    value_loss           | 0.00264     |
-----------------------------------------
-----------------------------------------
| rollout/                |             |
|    ep_len_mean          | 399         |
|    ep_rew_mean          | 3.52        |
|    success_rate         | 0.01        |
| time/                   |             |
|    fps                  | 2460        |
|    iterations           | 38          |
|    time_elapsed         | 189         |
|    total_timesteps      | 466944      |
| train/                  |             |
|    approx_kl            | 0.011654896 |
|    clip_fraction        | 0.125       |
|    clip_range           | 0.2         |
|    entropy_loss         | -2.36       |
|    explained_variance   | 0.803       |
|    learning_rate        | 0.0003      |
|    loss                 | -0.0081     |
|    n_updates            | 370         |
|    policy_gradient_loss | -0.00649    |
|    std                  | 0.783       |
|    value_loss           | 0.0427      |
-----------------------------------------
-----------------------------------------
| rollout/                |             |
|    ep_len_mean          | 399         |
|    ep_rew_mean          | 3.49        |
|    success_rate         | 0.01        |
| time/                   |             |
|    fps                  | 2458        |
|    iterations           | 39          |
|    time_elapsed         | 194         |
|    total_timesteps      | 479232      |
| train/                  |             |
|    approx_kl            | 0.010899596 |
|    clip_fraction        | 0.13        |
|    clip_range           | 0.2         |
|    entropy_loss         | -2.34       |
|    explained_variance   | 0.969       |
|    learning_rate        | 0.0003      |
|    loss                 | -0.0022     |
|    n_updates            | 380         |
|    policy_gradient_loss | -0.00927    |
|    std                  | 0.776       |
|    value_loss           | 0.00465     |
-----------------------------------------
-----------------------------------------
| rollout/                |             |
|    ep_len_mean          | 400         |
|    ep_rew_mean          | 3.13        |
|    success_rate         | 0           |
| time/                   |             |
|    fps                  | 2456        |
|    iterations           | 40          |
|    time_elapsed         | 200         |
|    total_timesteps      | 491520      |
| train/                  |             |
|    approx_kl            | 0.013080026 |
|    clip_fraction        | 0.137       |
|    clip_range           | 0.2         |
|    entropy_loss         | -2.32       |
|    explained_variance   | 0.97        |
|    learning_rate        | 0.0003      |
|    loss                 | -0.0162     |
|    n_updates            | 390         |
|    policy_gradient_loss | -0.00898    |
|    std                  | 0.771       |
|    value_loss           | 0.00386     |
-----------------------------------------
-----------------------------------------
| rollout/                |             |
|    ep_len_mean          | 399         |
|    ep_rew_mean          | 3.17        |
|    success_rate         | 0.01        |
| time/                   |             |
|    fps                  | 2455        |
|    iterations           | 41          |
|    time_elapsed         | 205         |
|    total_timesteps      | 503808      |
| train/                  |             |
|    approx_kl            | 0.012411148 |
|    clip_fraction        | 0.138       |
|    clip_range           | 0.2         |
|    entropy_loss         | -2.31       |
|    explained_variance   | 0.967       |
|    learning_rate        | 0.0003      |
|    loss                 | -0.0267     |
|    n_updates            | 400         |
|    policy_gradient_loss | -0.00964    |
|    std                  | 0.769       |
|    value_loss           | 0.00415     |
-----------------------------------------
------------------------------------------
| rollout/                |              |
|    ep_len_mean          | 396          |
|    ep_rew_mean          | 3.67         |
|    success_rate         | 0.03         |
| time/                   |              |
|    fps                  | 2454         |
|    iterations           | 42           |
|    time_elapsed         | 210          |
|    total_timesteps      | 516096       |
| train/                  |              |
|    approx_kl            | 0.0106337415 |
|    clip_fraction        | 0.124        |
|    clip_range           | 0.2          |
|    entropy_loss         | -2.31        |
|    explained_variance   | 0.977        |
|    learning_rate        | 0.0003       |
|    loss                 | -0.0465      |
|    n_updates            | 410          |
|    policy_gradient_loss | -0.00863     |
|    std                  | 0.77         |
|    value_loss           | 0.00362      |
------------------------------------------
-----------------------------------------
| rollout/                |             |
|    ep_len_mean          | 395         |
|    ep_rew_mean          | 3.89        |
|    success_rate         | 0.04        |
| time/                   |             |
|    fps                  | 2452        |
|    iterations           | 43          |
|    time_elapsed         | 215         |
|    total_timesteps      | 528384      |
| train/                  |             |
|    approx_kl            | 0.011788927 |
|    clip_fraction        | 0.13        |
|    clip_range           | 0.2         |
|    entropy_loss         | -2.3        |
|    explained_variance   | 0.755       |
|    learning_rate        | 0.0003      |
|    loss                 | -0.0157     |
|    n_updates            | 420         |
|    policy_gradient_loss | -0.00498    |
|    std                  | 0.762       |
|    value_loss           | 0.0493      |
-----------------------------------------
-----------------------------------------
| rollout/                |             |
|    ep_len_mean          | 397         |
|    ep_rew_mean          | 3.95        |
|    success_rate         | 0.03        |
| time/                   |             |
|    fps                  | 2450        |
|    iterations           | 44          |
|    time_elapsed         | 220         |
|    total_timesteps      | 540672      |
| train/                  |             |
|    approx_kl            | 0.009793542 |
|    clip_fraction        | 0.117       |
|    clip_range           | 0.2         |
|    entropy_loss         | -2.3        |
|    explained_variance   | 0.86        |
|    learning_rate        | 0.0003      |
|    loss                 | -0.0239     |
|    n_updates            | 430         |
|    policy_gradient_loss | -0.00584    |
|    std                  | 0.766       |
|    value_loss           | 0.0271      |
-----------------------------------------
------------------------------------------
| rollout/                |              |
|    ep_len_mean          | 396          |
|    ep_rew_mean          | 3.74         |
|    success_rate         | 0.03         |
| time/                   |              |
|    fps                  | 2448         |
|    iterations           | 45           |
|    time_elapsed         | 225          |
|    total_timesteps      | 552960       |
| train/                  |              |
|    approx_kl            | 0.0116792945 |
|    clip_fraction        | 0.12         |
|    clip_range           | 0.2          |
|    entropy_loss         | -2.33        |
|    explained_variance   | 0.886        |
|    learning_rate        | 0.0003       |
|    loss                 | -0.0235      |
|    n_updates            | 440          |
|    policy_gradient_loss | -0.00798     |
|    std                  | 0.78         |
|    value_loss           | 0.0182       |
------------------------------------------
-----------------------------------------
| rollout/                |             |
|    ep_len_mean          | 399         |
|    ep_rew_mean          | 3.55        |
|    success_rate         | 0.01        |
| time/                   |             |
|    fps                  | 2446        |
|    iterations           | 46          |
|    time_elapsed         | 231         |
|    total_timesteps      | 565248      |
| train/                  |             |
|    approx_kl            | 0.012334009 |
|    clip_fraction        | 0.138       |
|    clip_range           | 0.2         |
|    entropy_loss         | -2.33       |
|    explained_variance   | 0.913       |
|    learning_rate        | 0.0003      |
|    loss                 | -0.0081     |
|    n_updates            | 450         |
|    policy_gradient_loss | -0.00928    |
|    std                  | 0.777       |
|    value_loss           | 0.0131      |
-----------------------------------------
-----------------------------------------
| rollout/                |             |
|    ep_len_mean          | 393         |
|    ep_rew_mean          | 3.98        |
|    success_rate         | 0.06        |
| time/                   |             |
|    fps                  | 2444        |
|    iterations           | 47          |
|    time_elapsed         | 236         |
|    total_timesteps      | 577536      |
| train/                  |             |
|    approx_kl            | 0.010618861 |
|    clip_fraction        | 0.122       |
|    clip_range           | 0.2         |
|    entropy_loss         | -2.33       |
|    explained_variance   | 0.947       |
|    learning_rate        | 0.0003      |
|    loss                 | -0.0185     |
|    n_updates            | 460         |
|    policy_gradient_loss | -0.00943    |
|    std                  | 0.777       |
|    value_loss           | 0.0114      |
-----------------------------------------
-----------------------------------------
| rollout/                |             |
|    ep_len_mean          | 382         |
|    ep_rew_mean          | 4.05        |
|    success_rate         | 0.15        |
| time/                   |             |
|    fps                  | 2442        |
|    iterations           | 48          |
|    time_elapsed         | 241         |
|    total_timesteps      | 589824      |
| train/                  |             |
|    approx_kl            | 0.012177748 |
|    clip_fraction        | 0.129       |
|    clip_range           | 0.2         |
|    entropy_loss         | -2.32       |
|    explained_variance   | 0.827       |
|    learning_rate        | 0.0003      |
|    loss                 | 0.0371      |
|    n_updates            | 470         |
|    policy_gradient_loss | -0.00631    |
|    std                  | 0.767       |
|    value_loss           | 0.102       |
-----------------------------------------
-----------------------------------------
| rollout/                |             |
|    ep_len_mean          | 375         |
|    ep_rew_mean          | 4.07        |
|    success_rate         | 0.2         |
| time/                   |             |
|    fps                  | 2440        |
|    iterations           | 49          |
|    time_elapsed         | 246         |
|    total_timesteps      | 602112      |
| train/                  |             |
|    approx_kl            | 0.010019916 |
|    clip_fraction        | 0.122       |
|    clip_range           | 0.2         |
|    entropy_loss         | -2.31       |
|    explained_variance   | 0.874       |
|    learning_rate        | 0.0003      |
|    loss                 | -0.0228     |
|    n_updates            | 480         |
|    policy_gradient_loss | -0.00467    |
|    std                  | 0.771       |
|    value_loss           | 0.0331      |
-----------------------------------------
-----------------------------------------
| rollout/                |             |
|    ep_len_mean          | 374         |
|    ep_rew_mean          | 3.64        |
|    success_rate         | 0.2         |
| time/                   |             |
|    fps                  | 2439        |
|    iterations           | 50          |
|    time_elapsed         | 251         |
|    total_timesteps      | 614400      |
| train/                  |             |
|    approx_kl            | 0.011460896 |
|    clip_fraction        | 0.141       |
|    clip_range           | 0.2         |
|    entropy_loss         | -2.31       |
|    explained_variance   | 0.934       |
|    learning_rate        | 0.0003      |
|    loss                 | -0.00957    |
|    n_updates            | 490         |
|    policy_gradient_loss | -0.00879    |
|    std                  | 0.765       |
|    value_loss           | 0.0211      |
-----------------------------------------
-----------------------------------------
| rollout/                |             |
|    ep_len_mean          | 381         |
|    ep_rew_mean          | 3.57        |
|    success_rate         | 0.13        |
| time/                   |             |
|    fps                  | 2439        |
|    iterations           | 51          |
|    time_elapsed         | 256         |
|    total_timesteps      | 626688      |
| train/                  |             |
|    approx_kl            | 0.011188355 |
|    clip_fraction        | 0.136       |
|    clip_range           | 0.2         |
|    entropy_loss         | -2.3        |
|    explained_variance   | 0.951       |
|    learning_rate        | 0.0003      |
|    loss                 | -0.0163     |
|    n_updates            | 500         |
|    policy_gradient_loss | -0.0101     |
|    std                  | 0.764       |
|    value_loss           | 0.0165      |
-----------------------------------------
-----------------------------------------
| rollout/                |             |
|    ep_len_mean          | 385         |
|    ep_rew_mean          | 3.49        |
|    success_rate         | 0.13        |
| time/                   |             |
|    fps                  | 2438        |
|    iterations           | 52          |
|    time_elapsed         | 261         |
|    total_timesteps      | 638976      |
| train/                  |             |
|    approx_kl            | 0.011690546 |
|    clip_fraction        | 0.128       |
|    clip_range           | 0.2         |
|    entropy_loss         | -2.28       |
|    explained_variance   | 0.968       |
|    learning_rate        | 0.0003      |
|    loss                 | -0.0232     |
|    n_updates            | 510         |
|    policy_gradient_loss | -0.00935    |
|    std                  | 0.753       |
|    value_loss           | 0.00828     |
-----------------------------------------
-----------------------------------------
| rollout/                |             |
|    ep_len_mean          | 385         |
|    ep_rew_mean          | 3.54        |
|    success_rate         | 0.13        |
| time/                   |             |
|    fps                  | 2438        |
|    iterations           | 53          |
|    time_elapsed         | 267         |
|    total_timesteps      | 651264      |
| train/                  |             |
|    approx_kl            | 0.010623259 |
|    clip_fraction        | 0.133       |
|    clip_range           | 0.2         |
|    entropy_loss         | -2.27       |
|    explained_variance   | 0.966       |
|    learning_rate        | 0.0003      |
|    loss                 | -0.0312     |
|    n_updates            | 520         |
|    policy_gradient_loss | -0.00879    |
|    std                  | 0.748       |
|    value_loss           | 0.0127      |
-----------------------------------------
-----------------------------------------
| rollout/                |             |
|    ep_len_mean          | 386         |
|    ep_rew_mean          | 3.44        |
|    success_rate         | 0.13        |
| time/                   |             |
|    fps                  | 2437        |
|    iterations           | 54          |
|    time_elapsed         | 272         |
|    total_timesteps      | 663552      |
| train/                  |             |
|    approx_kl            | 0.011740063 |
|    clip_fraction        | 0.134       |
|    clip_range           | 0.2         |
|    entropy_loss         | -2.26       |
|    explained_variance   | 0.948       |
|    learning_rate        | 0.0003      |
|    loss                 | -0.00923    |
|    n_updates            | 530         |
|    policy_gradient_loss | -0.00698    |
|    std                  | 0.746       |
|    value_loss           | 0.0139      |
-----------------------------------------
-----------------------------------------
| rollout/                |             |
|    ep_len_mean          | 391         |
|    ep_rew_mean          | 3.31        |
|    success_rate         | 0.07        |
| time/                   |             |
|    fps                  | 2436        |
|    iterations           | 55          |
|    time_elapsed         | 277         |
|    total_timesteps      | 675840      |
| train/                  |             |
|    approx_kl            | 0.011472289 |
|    clip_fraction        | 0.122       |
|    clip_range           | 0.2         |
|    entropy_loss         | -2.24       |
|    explained_variance   | 0.964       |
|    learning_rate        | 0.0003      |
|    loss                 | -0.0134     |
|    n_updates            | 540         |
|    policy_gradient_loss | -0.00841    |
|    std                  | 0.741       |
|    value_loss           | 0.0104      |
-----------------------------------------
-----------------------------------------
| rollout/                |             |
|    ep_len_mean          | 395         |
|    ep_rew_mean          | 3.12        |
|    success_rate         | 0.04        |
| time/                   |             |
|    fps                  | 2436        |
|    iterations           | 56          |
|    time_elapsed         | 282         |
|    total_timesteps      | 688128      |
| train/                  |             |
|    approx_kl            | 0.011104073 |
|    clip_fraction        | 0.114       |
|    clip_range           | 0.2         |
|    entropy_loss         | -2.22       |
|    explained_variance   | 0.957       |
|    learning_rate        | 0.0003      |
|    loss                 | -0.0264     |
|    n_updates            | 550         |
|    policy_gradient_loss | -0.00861    |
|    std                  | 0.733       |
|    value_loss           | 0.00865     |
-----------------------------------------
-----------------------------------------
| rollout/                |             |
|    ep_len_mean          | 399         |
|    ep_rew_mean          | 3.03        |
|    success_rate         | 0.01        |
| time/                   |             |
|    fps                  | 2434        |
|    iterations           | 57          |
|    time_elapsed         | 287         |
|    total_timesteps      | 700416      |
| train/                  |             |
|    approx_kl            | 0.009626557 |
|    clip_fraction        | 0.112       |
|    clip_range           | 0.2         |
|    entropy_loss         | -2.2        |
|    explained_variance   | 0.956       |
|    learning_rate        | 0.0003      |
|    loss                 | -0.0232     |
|    n_updates            | 560         |
|    policy_gradient_loss | -0.00557    |
|    std                  | 0.725       |
|    value_loss           | 0.00669     |
-----------------------------------------
-----------------------------------------
| rollout/                |             |
|    ep_len_mean          | 399         |
|    ep_rew_mean          | 2.93        |
|    success_rate         | 0.01        |
| time/                   |             |
|    fps                  | 2433        |
|    iterations           | 58          |
|    time_elapsed         | 292         |
|    total_timesteps      | 712704      |
| train/                  |             |
|    approx_kl            | 0.011737009 |
|    clip_fraction        | 0.127       |
|    clip_range           | 0.2         |
|    entropy_loss         | -2.19       |
|    explained_variance   | 0.96        |
|    learning_rate        | 0.0003      |
|    loss                 | -0.0301     |
|    n_updates            | 570         |
|    policy_gradient_loss | -0.00901    |
|    std                  | 0.72        |
|    value_loss           | 0.00685     |
-----------------------------------------
-----------------------------------------
| rollout/                |             |
|    ep_len_mean          | 400         |
|    ep_rew_mean          | 2.85        |
|    success_rate         | 0           |
| time/                   |             |
|    fps                  | 2431        |
|    iterations           | 59          |
|    time_elapsed         | 298         |
|    total_timesteps      | 724992      |
| train/                  |             |
|    approx_kl            | 0.011391235 |
|    clip_fraction        | 0.124       |
|    clip_range           | 0.2         |
|    entropy_loss         | -2.18       |
|    explained_variance   | 0.956       |
|    learning_rate        | 0.0003      |
|    loss                 | -0.0263     |
|    n_updates            | 580         |
|    policy_gradient_loss | -0.00785    |
|    std                  | 0.72        |
|    value_loss           | 0.00512     |
-----------------------------------------
-----------------------------------------
| rollout/                |             |
|    ep_len_mean          | 400         |
|    ep_rew_mean          | 2.84        |
|    success_rate         | 0.01        |
| time/                   |             |
|    fps                  | 2431        |
|    iterations           | 60          |
|    time_elapsed         | 303         |
|    total_timesteps      | 737280      |
| train/                  |             |
|    approx_kl            | 0.011594421 |
|    clip_fraction        | 0.134       |
|    clip_range           | 0.2         |
|    entropy_loss         | -2.18       |
|    explained_variance   | 0.966       |
|    learning_rate        | 0.0003      |
|    loss                 | -0.0349     |
|    n_updates            | 590         |
|    policy_gradient_loss | -0.00902    |
|    std                  | 0.717       |
|    value_loss           | 0.00666     |
-----------------------------------------
-----------------------------------------
| rollout/                |             |
|    ep_len_mean          | 400         |
|    ep_rew_mean          | 2.87        |
|    success_rate         | 0.01        |
| time/                   |             |
|    fps                  | 2430        |
|    iterations           | 61          |
|    time_elapsed         | 308         |
|    total_timesteps      | 749568      |
| train/                  |             |
|    approx_kl            | 0.010855625 |
|    clip_fraction        | 0.128       |
|    clip_range           | 0.2         |
|    entropy_loss         | -2.16       |
|    explained_variance   | 0.971       |
|    learning_rate        | 0.0003      |
|    loss                 | -0.0341     |
|    n_updates            | 600         |
|    policy_gradient_loss | -0.00881    |
|    std                  | 0.711       |
|    value_loss           | 0.0054      |
-----------------------------------------
-----------------------------------------
| rollout/                |             |
|    ep_len_mean          | 400         |
|    ep_rew_mean          | 2.91        |
|    success_rate         | 0.01        |
| time/                   |             |
|    fps                  | 2430        |
|    iterations           | 62          |
|    time_elapsed         | 313         |
|    total_timesteps      | 761856      |
| train/                  |             |
|    approx_kl            | 0.012512314 |
|    clip_fraction        | 0.136       |
|    clip_range           | 0.2         |
|    entropy_loss         | -2.15       |
|    explained_variance   | 0.978       |
|    learning_rate        | 0.0003      |
|    loss                 | -0.0264     |
|    n_updates            | 610         |
|    policy_gradient_loss | -0.00957    |
|    std                  | 0.704       |
|    value_loss           | 0.00475     |
-----------------------------------------
----------------------------------------
| rollout/                |            |
|    ep_len_mean          | 400        |
|    ep_rew_mean          | 3.03       |
|    success_rate         | 0.01       |
| time/                   |            |
|    fps                  | 2430       |
|    iterations           | 63         |
|    time_elapsed         | 318        |
|    total_timesteps      | 774144     |
| train/                  |            |
|    approx_kl            | 0.01166951 |
|    clip_fraction        | 0.13       |
|    clip_range           | 0.2        |
|    entropy_loss         | -2.15      |
|    explained_variance   | 0.977      |
|    learning_rate        | 0.0003     |
|    loss                 | -0.0123    |
|    n_updates            | 620        |
|    policy_gradient_loss | -0.00734   |
|    std                  | 0.708      |
|    value_loss           | 0.00333    |
----------------------------------------
-----------------------------------------
| rollout/                |             |
|    ep_len_mean          | 400         |
|    ep_rew_mean          | 3.11        |
|    success_rate         | 0           |
| time/                   |             |
|    fps                  | 2429        |
|    iterations           | 64          |
|    time_elapsed         | 323         |
|    total_timesteps      | 786432      |
| train/                  |             |
|    approx_kl            | 0.012276485 |
|    clip_fraction        | 0.12        |
|    clip_range           | 0.2         |
|    entropy_loss         | -2.15       |
|    explained_variance   | 0.984       |
|    learning_rate        | 0.0003      |
|    loss                 | -0.0314     |
|    n_updates            | 630         |
|    policy_gradient_loss | -0.00789    |
|    std                  | 0.706       |
|    value_loss           | 0.00279     |
-----------------------------------------
-----------------------------------------
| rollout/                |             |
|    ep_len_mean          | 400         |
|    ep_rew_mean          | 3.12        |
|    success_rate         | 0           |
| time/                   |             |
|    fps                  | 2429        |
|    iterations           | 65          |
|    time_elapsed         | 328         |
|    total_timesteps      | 798720      |
| train/                  |             |
|    approx_kl            | 0.011037587 |
|    clip_fraction        | 0.128       |
|    clip_range           | 0.2         |
|    entropy_loss         | -2.13       |
|    explained_variance   | 0.984       |
|    learning_rate        | 0.0003      |
|    loss                 | -0.0149     |
|    n_updates            | 640         |
|    policy_gradient_loss | -0.00877    |
|    std                  | 0.696       |
|    value_loss           | 0.00293     |
-----------------------------------------
-----------------------------------------
| rollout/                |             |
|    ep_len_mean          | 400         |
|    ep_rew_mean          | 3.23        |
|    success_rate         | 0           |
| time/                   |             |
|    fps                  | 2428        |
|    iterations           | 66          |
|    time_elapsed         | 333         |
|    total_timesteps      | 811008      |
| train/                  |             |
|    approx_kl            | 0.010901592 |
|    clip_fraction        | 0.114       |
|    clip_range           | 0.2         |
|    entropy_loss         | -2.1        |
|    explained_variance   | 0.988       |
|    learning_rate        | 0.0003      |
|    loss                 | -0.00181    |
|    n_updates            | 650         |
|    policy_gradient_loss | -0.00954    |
|    std                  | 0.687       |
|    value_loss           | 0.00337     |
-----------------------------------------
-----------------------------------------
| rollout/                |             |
|    ep_len_mean          | 400         |
|    ep_rew_mean          | 3.28        |
|    success_rate         | 0           |
| time/                   |             |
|    fps                  | 2427        |
|    iterations           | 67          |
|    time_elapsed         | 339         |
|    total_timesteps      | 823296      |
| train/                  |             |
|    approx_kl            | 0.010434754 |
|    clip_fraction        | 0.124       |
|    clip_range           | 0.2         |
|    entropy_loss         | -2.08       |
|    explained_variance   | 0.988       |
|    learning_rate        | 0.0003      |
|    loss                 | -0.00517    |
|    n_updates            | 660         |
|    policy_gradient_loss | -0.00918    |
|    std                  | 0.68        |
|    value_loss           | 0.00326     |
-----------------------------------------
-----------------------------------------
| rollout/                |             |
|    ep_len_mean          | 400         |
|    ep_rew_mean          | 3.41        |
|    success_rate         | 0           |
| time/                   |             |
|    fps                  | 2426        |
|    iterations           | 68          |
|    time_elapsed         | 344         |
|    total_timesteps      | 835584      |
| train/                  |             |
|    approx_kl            | 0.011770159 |
|    clip_fraction        | 0.126       |
|    clip_range           | 0.2         |
|    entropy_loss         | -2.06       |
|    explained_variance   | 0.988       |
|    learning_rate        | 0.0003      |
|    loss                 | -0.00763    |
|    n_updates            | 670         |
|    policy_gradient_loss | -0.00869    |
|    std                  | 0.677       |
|    value_loss           | 0.00274     |
-----------------------------------------
-----------------------------------------
| rollout/                |             |
|    ep_len_mean          | 400         |
|    ep_rew_mean          | 3.44        |
|    success_rate         | 0           |
| time/                   |             |
|    fps                  | 2426        |
|    iterations           | 69          |
|    time_elapsed         | 349         |
|    total_timesteps      | 847872      |
| train/                  |             |
|    approx_kl            | 0.011489351 |
|    clip_fraction        | 0.133       |
|    clip_range           | 0.2         |
|    entropy_loss         | -2.06       |
|    explained_variance   | 0.986       |
|    learning_rate        | 0.0003      |
|    loss                 | -0.0252     |
|    n_updates            | 680         |
|    policy_gradient_loss | -0.0076     |
|    std                  | 0.678       |
|    value_loss           | 0.00311     |
-----------------------------------------
-----------------------------------------
| rollout/                |             |
|    ep_len_mean          | 400         |
|    ep_rew_mean          | 3.4         |
|    success_rate         | 0           |
| time/                   |             |
|    fps                  | 2425        |
|    iterations           | 70          |
|    time_elapsed         | 354         |
|    total_timesteps      | 860160      |
| train/                  |             |
|    approx_kl            | 0.012607634 |
|    clip_fraction        | 0.136       |
|    clip_range           | 0.2         |
|    entropy_loss         | -2.06       |
|    explained_variance   | 0.99        |
|    learning_rate        | 0.0003      |
|    loss                 | -0.011      |
|    n_updates            | 690         |
|    policy_gradient_loss | -0.00829    |
|    std                  | 0.676       |
|    value_loss           | 0.00198     |
-----------------------------------------
-----------------------------------------
| rollout/                |             |
|    ep_len_mean          | 400         |
|    ep_rew_mean          | 3.43        |
|    success_rate         | 0           |
| time/                   |             |
|    fps                  | 2426        |
|    iterations           | 71          |
|    time_elapsed         | 359         |
|    total_timesteps      | 872448      |
| train/                  |             |
|    approx_kl            | 0.013244546 |
|    clip_fraction        | 0.133       |
|    clip_range           | 0.2         |
|    entropy_loss         | -2.06       |
|    explained_variance   | 0.976       |
|    learning_rate        | 0.0003      |
|    loss                 | -0.0188     |
|    n_updates            | 700         |
|    policy_gradient_loss | -0.0115     |
|    std                  | 0.679       |
|    value_loss           | 0.00325     |
-----------------------------------------
------------------------------------------
| rollout/                |              |
|    ep_len_mean          | 400          |
|    ep_rew_mean          | 3.38         |
|    success_rate         | 0            |
| time/                   |              |
|    fps                  | 2426         |
|    iterations           | 72           |
|    time_elapsed         | 364          |
|    total_timesteps      | 884736       |
| train/                  |              |
|    approx_kl            | 0.0122714965 |
|    clip_fraction        | 0.127        |
|    clip_range           | 0.2          |
|    entropy_loss         | -2.06        |
|    explained_variance   | 0.982        |
|    learning_rate        | 0.0003       |
|    loss                 | -0.0288      |
|    n_updates            | 710          |
|    policy_gradient_loss | -0.00944     |
|    std                  | 0.677        |
|    value_loss           | 0.00359      |
------------------------------------------
-----------------------------------------
| rollout/                |             |
|    ep_len_mean          | 400         |
|    ep_rew_mean          | 3.4         |
|    success_rate         | 0           |
| time/                   |             |
|    fps                  | 2425        |
|    iterations           | 73          |
|    time_elapsed         | 369         |
|    total_timesteps      | 897024      |
| train/                  |             |
|    approx_kl            | 0.011308372 |
|    clip_fraction        | 0.127       |
|    clip_range           | 0.2         |
|    entropy_loss         | -2.05       |
|    explained_variance   | 0.988       |
|    learning_rate        | 0.0003      |
|    loss                 | -0.0084     |
|    n_updates            | 720         |
|    policy_gradient_loss | -0.00966    |
|    std                  | 0.673       |
|    value_loss           | 0.00251     |
-----------------------------------------
-----------------------------------------
| rollout/                |             |
|    ep_len_mean          | 400         |
|    ep_rew_mean          | 3.4         |
|    success_rate         | 0           |
| time/                   |             |
|    fps                  | 2424        |
|    iterations           | 74          |
|    time_elapsed         | 375         |
|    total_timesteps      | 909312      |
| train/                  |             |
|    approx_kl            | 0.011870123 |
|    clip_fraction        | 0.129       |
|    clip_range           | 0.2         |
|    entropy_loss         | -2.04       |
|    explained_variance   | 0.986       |
|    learning_rate        | 0.0003      |
|    loss                 | -0.0132     |
|    n_updates            | 730         |
|    policy_gradient_loss | -0.0073     |
|    std                  | 0.669       |
|    value_loss           | 0.00338     |
-----------------------------------------
-----------------------------------------
| rollout/                |             |
|    ep_len_mean          | 400         |
|    ep_rew_mean          | 3.45        |
|    success_rate         | 0           |
| time/                   |             |
|    fps                  | 2424        |
|    iterations           | 75          |
|    time_elapsed         | 380         |
|    total_timesteps      | 921600      |
| train/                  |             |
|    approx_kl            | 0.012300794 |
|    clip_fraction        | 0.132       |
|    clip_range           | 0.2         |
|    entropy_loss         | -2.03       |
|    explained_variance   | 0.984       |
|    learning_rate        | 0.0003      |
|    loss                 | -0.015      |
|    n_updates            | 740         |
|    policy_gradient_loss | -0.00968    |
|    std                  | 0.663       |
|    value_loss           | 0.00327     |
-----------------------------------------
-----------------------------------------
| rollout/                |             |
|    ep_len_mean          | 400         |
|    ep_rew_mean          | 3.39        |
|    success_rate         | 0           |
| time/                   |             |
|    fps                  | 2423        |
|    iterations           | 76          |
|    time_elapsed         | 385         |
|    total_timesteps      | 933888      |
| train/                  |             |
|    approx_kl            | 0.012906574 |
|    clip_fraction        | 0.148       |
|    clip_range           | 0.2         |
|    entropy_loss         | -2.02       |
|    explained_variance   | 0.99        |
|    learning_rate        | 0.0003      |
|    loss                 | -0.0346     |
|    n_updates            | 750         |
|    policy_gradient_loss | -0.00956    |
|    std                  | 0.664       |
|    value_loss           | 0.00196     |
-----------------------------------------
----------------------------------------
| rollout/                |            |
|    ep_len_mean          | 400        |
|    ep_rew_mean          | 3.36       |
|    success_rate         | 0          |
| time/                   |            |
|    fps                  | 2422       |
|    iterations           | 77         |
|    time_elapsed         | 390        |
|    total_timesteps      | 946176     |
| train/                  |            |
|    approx_kl            | 0.01324578 |
|    clip_fraction        | 0.14       |
|    clip_range           | 0.2        |
|    entropy_loss         | -2.02      |
|    explained_variance   | 0.981      |
|    learning_rate        | 0.0003     |
|    loss                 | -0.0262    |
|    n_updates            | 760        |
|    policy_gradient_loss | -0.0113    |
|    std                  | 0.664      |
|    value_loss           | 0.00365    |
----------------------------------------
-----------------------------------------
| rollout/                |             |
|    ep_len_mean          | 400         |
|    ep_rew_mean          | 3.28        |
|    success_rate         | 0           |
| time/                   |             |
|    fps                  | 2422        |
|    iterations           | 78          |
|    time_elapsed         | 395         |
|    total_timesteps      | 958464      |
| train/                  |             |
|    approx_kl            | 0.011911638 |
|    clip_fraction        | 0.127       |
|    clip_range           | 0.2         |
|    entropy_loss         | -2.01       |
|    explained_variance   | 0.979       |
|    learning_rate        | 0.0003      |
|    loss                 | -0.0432     |
|    n_updates            | 770         |
|    policy_gradient_loss | -0.00797    |
|    std                  | 0.66        |
|    value_loss           | 0.00274     |
-----------------------------------------
-----------------------------------------
| rollout/                |             |
|    ep_len_mean          | 400         |
|    ep_rew_mean          | 3.31        |
|    success_rate         | 0           |
| time/                   |             |
|    fps                  | 2421        |
|    iterations           | 79          |
|    time_elapsed         | 400         |
|    total_timesteps      | 970752      |
| train/                  |             |
|    approx_kl            | 0.012920591 |
|    clip_fraction        | 0.157       |
|    clip_range           | 0.2         |
|    entropy_loss         | -1.99       |
|    explained_variance   | 0.993       |
|    learning_rate        | 0.0003      |
|    loss                 | -0.00794    |
|    n_updates            | 780         |
|    policy_gradient_loss | -0.00848    |
|    std                  | 0.652       |
|    value_loss           | 0.00142     |
-----------------------------------------
-----------------------------------------
| rollout/                |             |
|    ep_len_mean          | 400         |
|    ep_rew_mean          | 3.31        |
|    success_rate         | 0           |
| time/                   |             |
|    fps                  | 2420        |
|    iterations           | 80          |
|    time_elapsed         | 406         |
|    total_timesteps      | 983040      |
| train/                  |             |
|    approx_kl            | 0.012957168 |
|    clip_fraction        | 0.144       |
|    clip_range           | 0.2         |
|    entropy_loss         | -1.97       |
|    explained_variance   | 0.988       |
|    learning_rate        | 0.0003      |
|    loss                 | -0.015      |
|    n_updates            | 790         |
|    policy_gradient_loss | -0.00927    |
|    std                  | 0.645       |
|    value_loss           | 0.00146     |
-----------------------------------------
-----------------------------------------
| rollout/                |             |
|    ep_len_mean          | 400         |
|    ep_rew_mean          | 3.36        |
|    success_rate         | 0           |
| time/                   |             |
|    fps                  | 2419        |
|    iterations           | 81          |
|    time_elapsed         | 411         |
|    total_timesteps      | 995328      |
| train/                  |             |
|    approx_kl            | 0.013808747 |
|    clip_fraction        | 0.138       |
|    clip_range           | 0.2         |
|    entropy_loss         | -1.96       |
|    explained_variance   | 0.991       |
|    learning_rate        | 0.0003      |
|    loss                 | -0.013      |
|    n_updates            | 800         |
|    policy_gradient_loss | -0.00839    |
|    std                  | 0.645       |
|    value_loss           | 0.00168     |
-----------------------------------------
-----------------------------------------
| rollout/                |             |
|    ep_len_mean          | 400         |
|    ep_rew_mean          | 3.42        |
|    success_rate         | 0           |
| time/                   |             |
|    fps                  | 2419        |
|    iterations           | 82          |
|    time_elapsed         | 416         |
|    total_timesteps      | 1007616     |
| train/                  |             |
|    approx_kl            | 0.013900693 |
|    clip_fraction        | 0.144       |
|    clip_range           | 0.2         |
|    entropy_loss         | -1.97       |
|    explained_variance   | 0.989       |
|    learning_rate        | 0.0003      |
|    loss                 | -0.0209     |
|    n_updates            | 810         |
|    policy_gradient_loss | -0.00754    |
|    std                  | 0.648       |
|    value_loss           | 0.00235     |
-----------------------------------------
-----------------------------------------
| rollout/                |             |
|    ep_len_mean          | 400         |
|    ep_rew_mean          | 3.55        |
|    success_rate         | 0           |
| time/                   |             |
|    fps                  | 2419        |
|    iterations           | 83          |
|    time_elapsed         | 421         |
|    total_timesteps      | 1019904     |
| train/                  |             |
|    approx_kl            | 0.014321394 |
|    clip_fraction        | 0.139       |
|    clip_range           | 0.2         |
|    entropy_loss         | -1.95       |
|    explained_variance   | 0.993       |
|    learning_rate        | 0.0003      |
|    loss                 | 0.00116     |
|    n_updates            | 820         |
|    policy_gradient_loss | -0.00702    |
|    std                  | 0.641       |
|    value_loss           | 0.00131     |
-----------------------------------------
----------------------------------------
| rollout/                |            |
|    ep_len_mean          | 400        |
|    ep_rew_mean          | 3.66       |
|    success_rate         | 0          |
| time/                   |            |
|    fps                  | 2418       |
|    iterations           | 84         |
|    time_elapsed         | 426        |
|    total_timesteps      | 1032192    |
| train/                  |            |
|    approx_kl            | 0.01259051 |
|    clip_fraction        | 0.131      |
|    clip_range           | 0.2        |
|    entropy_loss         | -1.94      |
|    explained_variance   | 0.992      |
|    learning_rate        | 0.0003     |
|    loss                 | -0.0373    |
|    n_updates            | 830        |
|    policy_gradient_loss | -0.00873   |
|    std                  | 0.636      |
|    value_loss           | 0.000965   |
----------------------------------------
----------------------------------------
| rollout/                |            |
|    ep_len_mean          | 400        |
|    ep_rew_mean          | 3.6        |
|    success_rate         | 0          |
| time/                   |            |
|    fps                  | 2418       |
|    iterations           | 85         |
|    time_elapsed         | 431        |
|    total_timesteps      | 1044480    |
| train/                  |            |
|    approx_kl            | 0.01394875 |
|    clip_fraction        | 0.134      |
|    clip_range           | 0.2        |
|    entropy_loss         | -1.95      |
|    explained_variance   | 0.986      |
|    learning_rate        | 0.0003     |
|    loss                 | 0.00225    |
|    n_updates            | 840        |
|    policy_gradient_loss | -0.00531   |
|    std                  | 0.642      |
|    value_loss           | 0.00254    |
----------------------------------------
-----------------------------------------
| rollout/                |             |
|    ep_len_mean          | 400         |
|    ep_rew_mean          | 3.56        |
|    success_rate         | 0           |
| time/                   |             |
|    fps                  | 2417        |
|    iterations           | 86          |
|    time_elapsed         | 437         |
|    total_timesteps      | 1056768     |
| train/                  |             |
|    approx_kl            | 0.015025665 |
|    clip_fraction        | 0.154       |
|    clip_range           | 0.2         |
|    entropy_loss         | -1.97       |
|    explained_variance   | 0.987       |
|    learning_rate        | 0.0003      |
|    loss                 | -0.0202     |
|    n_updates            | 850         |
|    policy_gradient_loss | -0.00838    |
|    std                  | 0.652       |
|    value_loss           | 0.00229     |
-----------------------------------------
------------------------------------------
| rollout/                |              |
|    ep_len_mean          | 400          |
|    ep_rew_mean          | 3.6          |
|    success_rate         | 0            |
| time/                   |              |
|    fps                  | 2417         |
|    iterations           | 87           |
|    time_elapsed         | 442          |
|    total_timesteps      | 1069056      |
| train/                  |              |
|    approx_kl            | 0.0146551505 |
|    clip_fraction        | 0.14         |
|    clip_range           | 0.2          |
|    entropy_loss         | -1.98        |
|    explained_variance   | 0.991        |
|    learning_rate        | 0.0003       |
|    loss                 | -0.0208      |
|    n_updates            | 860          |
|    policy_gradient_loss | -0.00908     |
|    std                  | 0.65         |
|    value_loss           | 0.00122      |
------------------------------------------
-----------------------------------------
| rollout/                |             |
|    ep_len_mean          | 398         |
|    ep_rew_mean          | 3.63        |
|    success_rate         | 0.01        |
| time/                   |             |
|    fps                  | 2417        |
|    iterations           | 88          |
|    time_elapsed         | 447         |
|    total_timesteps      | 1081344     |
| train/                  |             |
|    approx_kl            | 0.014725131 |
|    clip_fraction        | 0.158       |
|    clip_range           | 0.2         |
|    entropy_loss         | -2          |
|    explained_variance   | 0.992       |
|    learning_rate        | 0.0003      |
|    loss                 | -0.0459     |
|    n_updates            | 870         |
|    policy_gradient_loss | -0.00878    |
|    std                  | 0.661       |
|    value_loss           | 0.00136     |
-----------------------------------------
-----------------------------------------
| rollout/                |             |
|    ep_len_mean          | 398         |
|    ep_rew_mean          | 3.65        |
|    success_rate         | 0.01        |
| time/                   |             |
|    fps                  | 2417        |
|    iterations           | 89          |
|    time_elapsed         | 452         |
|    total_timesteps      | 1093632     |
| train/                  |             |
|    approx_kl            | 0.013361615 |
|    clip_fraction        | 0.136       |
|    clip_range           | 0.2         |
|    entropy_loss         | -2.03       |
|    explained_variance   | 0.991       |
|    learning_rate        | 0.0003      |
|    loss                 | 0.0158      |
|    n_updates            | 880         |
|    policy_gradient_loss | -0.007      |
|    std                  | 0.67        |
|    value_loss           | 0.00219     |
-----------------------------------------
-----------------------------------------
| rollout/                |             |
|    ep_len_mean          | 398         |
|    ep_rew_mean          | 3.57        |
|    success_rate         | 0.01        |
| time/                   |             |
|    fps                  | 2416        |
|    iterations           | 90          |
|    time_elapsed         | 457         |
|    total_timesteps      | 1105920     |
| train/                  |             |
|    approx_kl            | 0.011852619 |
|    clip_fraction        | 0.122       |
|    clip_range           | 0.2         |
|    entropy_loss         | -2.05       |
|    explained_variance   | 0.991       |
|    learning_rate        | 0.0003      |
|    loss                 | -0.0222     |
|    n_updates            | 890         |
|    policy_gradient_loss | -0.00821    |
|    std                  | 0.671       |
|    value_loss           | 0.0011      |
-----------------------------------------
-----------------------------------------
| rollout/                |             |
|    ep_len_mean          | 398         |
|    ep_rew_mean          | 3.58        |
|    success_rate         | 0.01        |
| time/                   |             |
|    fps                  | 2416        |
|    iterations           | 91          |
|    time_elapsed         | 462         |
|    total_timesteps      | 1118208     |
| train/                  |             |
|    approx_kl            | 0.012414853 |
|    clip_fraction        | 0.129       |
|    clip_range           | 0.2         |
|    entropy_loss         | -2.06       |
|    explained_variance   | 0.991       |
|    learning_rate        | 0.0003      |
|    loss                 | -0.0337     |
|    n_updates            | 900         |
|    policy_gradient_loss | -0.0108     |
|    std                  | 0.682       |
|    value_loss           | 0.00162     |
-----------------------------------------
-----------------------------------------
| rollout/                |             |
|    ep_len_mean          | 400         |
|    ep_rew_mean          | 3.64        |
|    success_rate         | 0           |
| time/                   |             |
|    fps                  | 2415        |
|    iterations           | 92          |
|    time_elapsed         | 467         |
|    total_timesteps      | 1130496     |
| train/                  |             |
|    approx_kl            | 0.011756598 |
|    clip_fraction        | 0.126       |
|    clip_range           | 0.2         |
|    entropy_loss         | -2.08       |
|    explained_variance   | 0.991       |
|    learning_rate        | 0.0003      |
|    loss                 | -0.0346     |
|    n_updates            | 910         |
|    policy_gradient_loss | -0.00834    |
|    std                  | 0.689       |
|    value_loss           | 0.0019      |
-----------------------------------------
-----------------------------------------
| rollout/                |             |
|    ep_len_mean          | 400         |
|    ep_rew_mean          | 3.68        |
|    success_rate         | 0           |
| time/                   |             |
|    fps                  | 2415        |
|    iterations           | 93          |
|    time_elapsed         | 473         |
|    total_timesteps      | 1142784     |
| train/                  |             |
|    approx_kl            | 0.014821227 |
|    clip_fraction        | 0.152       |
|    clip_range           | 0.2         |
|    entropy_loss         | -2.1        |
|    explained_variance   | 0.988       |
|    learning_rate        | 0.0003      |
|    loss                 | -0.0167     |
|    n_updates            | 920         |
|    policy_gradient_loss | -0.0095     |
|    std                  | 0.692       |
|    value_loss           | 0.00237     |
-----------------------------------------
-----------------------------------------
| rollout/                |             |
|    ep_len_mean          | 400         |
|    ep_rew_mean          | 3.79        |
|    success_rate         | 0           |
| time/                   |             |
|    fps                  | 2414        |
|    iterations           | 94          |
|    time_elapsed         | 478         |
|    total_timesteps      | 1155072     |
| train/                  |             |
|    approx_kl            | 0.012918986 |
|    clip_fraction        | 0.139       |
|    clip_range           | 0.2         |
|    entropy_loss         | -2.1        |
|    explained_variance   | 0.992       |
|    learning_rate        | 0.0003      |
|    loss                 | -0.0215     |
|    n_updates            | 930         |
|    policy_gradient_loss | -0.00996    |
|    std                  | 0.693       |
|    value_loss           | 0.00136     |
-----------------------------------------
-----------------------------------------
| rollout/                |             |
|    ep_len_mean          | 400         |
|    ep_rew_mean          | 3.71        |
|    success_rate         | 0           |
| time/                   |             |
|    fps                  | 2414        |
|    iterations           | 95          |
|    time_elapsed         | 483         |
|    total_timesteps      | 1167360     |
| train/                  |             |
|    approx_kl            | 0.013760264 |
|    clip_fraction        | 0.149       |
|    clip_range           | 0.2         |
|    entropy_loss         | -2.08       |
|    explained_variance   | 0.994       |
|    learning_rate        | 0.0003      |
|    loss                 | -0.0207     |
|    n_updates            | 940         |
|    policy_gradient_loss | -0.00735    |
|    std                  | 0.68        |
|    value_loss           | 0.000866    |
-----------------------------------------
-----------------------------------------
| rollout/                |             |
|    ep_len_mean          | 400         |
|    ep_rew_mean          | 3.72        |
|    success_rate         | 0           |
| time/                   |             |
|    fps                  | 2414        |
|    iterations           | 96          |
|    time_elapsed         | 488         |
|    total_timesteps      | 1179648     |
| train/                  |             |
|    approx_kl            | 0.012656982 |
|    clip_fraction        | 0.129       |
|    clip_range           | 0.2         |
|    entropy_loss         | -2.08       |
|    explained_variance   | 0.993       |
|    learning_rate        | 0.0003      |
|    loss                 | -0.0329     |
|    n_updates            | 950         |
|    policy_gradient_loss | -0.00862    |
|    std                  | 0.689       |
|    value_loss           | 0.00125     |
-----------------------------------------
-----------------------------------------
| rollout/                |             |
|    ep_len_mean          | 400         |
|    ep_rew_mean          | 3.77        |
|    success_rate         | 0           |
| time/                   |             |
|    fps                  | 2413        |
|    iterations           | 97          |
|    time_elapsed         | 493         |
|    total_timesteps      | 1191936     |
| train/                  |             |
|    approx_kl            | 0.011061708 |
|    clip_fraction        | 0.121       |
|    clip_range           | 0.2         |
|    entropy_loss         | -2.11       |
|    explained_variance   | 0.988       |
|    learning_rate        | 0.0003      |
|    loss                 | -0.023      |
|    n_updates            | 960         |
|    policy_gradient_loss | -0.00727    |
|    std                  | 0.698       |
|    value_loss           | 0.00203     |
-----------------------------------------
-----------------------------------------
| rollout/                |             |
|    ep_len_mean          | 400         |
|    ep_rew_mean          | 3.86        |
|    success_rate         | 0.01        |
| time/                   |             |
|    fps                  | 2413        |
|    iterations           | 98          |
|    time_elapsed         | 498         |
|    total_timesteps      | 1204224     |
| train/                  |             |
|    approx_kl            | 0.014557364 |
|    clip_fraction        | 0.13        |
|    clip_range           | 0.2         |
|    entropy_loss         | -2.12       |
|    explained_variance   | 0.991       |
|    learning_rate        | 0.0003      |
|    loss                 | 0.00265     |
|    n_updates            | 970         |
|    policy_gradient_loss | -0.00978    |
|    std                  | 0.696       |
|    value_loss           | 0.00184     |
-----------------------------------------
-----------------------------------------
| rollout/                |             |
|    ep_len_mean          | 400         |
|    ep_rew_mean          | 3.84        |
|    success_rate         | 0.03        |
| time/                   |             |
|    fps                  | 2413        |
|    iterations           | 99          |
|    time_elapsed         | 504         |
|    total_timesteps      | 1216512     |
| train/                  |             |
|    approx_kl            | 0.015960524 |
|    clip_fraction        | 0.171       |
|    clip_range           | 0.2         |
|    entropy_loss         | -2.12       |
|    explained_variance   | 0.993       |
|    learning_rate        | 0.0003      |
|    loss                 | -0.0185     |
|    n_updates            | 980         |
|    policy_gradient_loss | -0.00766    |
|    std                  | 0.699       |
|    value_loss           | 0.00358     |
-----------------------------------------
-----------------------------------------
| rollout/                |             |
|    ep_len_mean          | 400         |
|    ep_rew_mean          | 3.81        |
|    success_rate         | 0.03        |
| time/                   |             |
|    fps                  | 2412        |
|    iterations           | 100         |
|    time_elapsed         | 509         |
|    total_timesteps      | 1228800     |
| train/                  |             |
|    approx_kl            | 0.013783856 |
|    clip_fraction        | 0.154       |
|    clip_range           | 0.2         |
|    entropy_loss         | -2.13       |
|    explained_variance   | 0.984       |
|    learning_rate        | 0.0003      |
|    loss                 | -0.00949    |
|    n_updates            | 990         |
|    policy_gradient_loss | -0.00926    |
|    std                  | 0.704       |
|    value_loss           | 0.00465     |
-----------------------------------------
-----------------------------------------
| rollout/                |             |
|    ep_len_mean          | 400         |
|    ep_rew_mean          | 3.87        |
|    success_rate         | 0.02        |
| time/                   |             |
|    fps                  | 2412        |
|    iterations           | 101         |
|    time_elapsed         | 514         |
|    total_timesteps      | 1241088     |
| train/                  |             |
|    approx_kl            | 0.013469923 |
|    clip_fraction        | 0.149       |
|    clip_range           | 0.2         |
|    entropy_loss         | -2.12       |
|    explained_variance   | 0.989       |
|    learning_rate        | 0.0003      |
|    loss                 | -0.0347     |
|    n_updates            | 1000        |
|    policy_gradient_loss | -0.0102     |
|    std                  | 0.697       |
|    value_loss           | 0.00264     |
-----------------------------------------
-----------------------------------------
| rollout/                |             |
|    ep_len_mean          | 400         |
|    ep_rew_mean          | 3.89        |
|    success_rate         | 0.02        |
| time/                   |             |
|    fps                  | 2412        |
|    iterations           | 102         |
|    time_elapsed         | 519         |
|    total_timesteps      | 1253376     |
| train/                  |             |
|    approx_kl            | 0.013600961 |
|    clip_fraction        | 0.139       |
|    clip_range           | 0.2         |
|    entropy_loss         | -2.08       |
|    explained_variance   | 0.988       |
|    learning_rate        | 0.0003      |
|    loss                 | -0.0251     |
|    n_updates            | 1010        |
|    policy_gradient_loss | -0.00885    |
|    std                  | 0.681       |
|    value_loss           | 0.00231     |
-----------------------------------------
-----------------------------------------
| rollout/                |             |
|    ep_len_mean          | 400         |
|    ep_rew_mean          | 3.95        |
|    success_rate         | 0.03        |
| time/                   |             |
|    fps                  | 2411        |
|    iterations           | 103         |
|    time_elapsed         | 524         |
|    total_timesteps      | 1265664     |
| train/                  |             |
|    approx_kl            | 0.014211935 |
|    clip_fraction        | 0.171       |
|    clip_range           | 0.2         |
|    entropy_loss         | -2.07       |
|    explained_variance   | 0.99        |
|    learning_rate        | 0.0003      |
|    loss                 | -0.013      |
|    n_updates            | 1020        |
|    policy_gradient_loss | -0.00604    |
|    std                  | 0.684       |
|    value_loss           | 0.00436     |
-----------------------------------------
-----------------------------------------
| rollout/                |             |
|    ep_len_mean          | 398         |
|    ep_rew_mean          | 3.99        |
|    success_rate         | 0.05        |
| time/                   |             |
|    fps                  | 2411        |
|    iterations           | 104         |
|    time_elapsed         | 529         |
|    total_timesteps      | 1277952     |
| train/                  |             |
|    approx_kl            | 0.014711041 |
|    clip_fraction        | 0.147       |
|    clip_range           | 0.2         |
|    entropy_loss         | -2.08       |
|    explained_variance   | 0.99        |
|    learning_rate        | 0.0003      |
|    loss                 | -0.00516    |
|    n_updates            | 1030        |
|    policy_gradient_loss | -0.00933    |
|    std                  | 0.686       |
|    value_loss           | 0.00292     |
-----------------------------------------
------------------------------------------
| rollout/                |              |
|    ep_len_mean          | 398          |
|    ep_rew_mean          | 3.97         |
|    success_rate         | 0.04         |
| time/                   |              |
|    fps                  | 2411         |
|    iterations           | 105          |
|    time_elapsed         | 535          |
|    total_timesteps      | 1290240      |
| train/                  |              |
|    approx_kl            | 0.0154149225 |
|    clip_fraction        | 0.159        |
|    clip_range           | 0.2          |
|    entropy_loss         | -2.08        |
|    explained_variance   | 0.994        |
|    learning_rate        | 0.0003       |
|    loss                 | -0.00826     |
|    n_updates            | 1040         |
|    policy_gradient_loss | -0.0067      |
|    std                  | 0.684        |
|    value_loss           | 0.00265      |
------------------------------------------
----------------------------------------
| rollout/                |            |
|    ep_len_mean          | 398        |
|    ep_rew_mean          | 3.95       |
|    success_rate         | 0.02       |
| time/                   |            |
|    fps                  | 2411       |
|    iterations           | 106        |
|    time_elapsed         | 540        |
|    total_timesteps      | 1302528    |
| train/                  |            |
|    approx_kl            | 0.01379815 |
|    clip_fraction        | 0.152      |
|    clip_range           | 0.2        |
|    entropy_loss         | -2.08      |
|    explained_variance   | 0.994      |
|    learning_rate        | 0.0003     |
|    loss                 | -0.0384    |
|    n_updates            | 1050       |
|    policy_gradient_loss | -0.01      |
|    std                  | 0.683      |
|    value_loss           | 0.00138    |
----------------------------------------
-----------------------------------------
| rollout/                |             |
|    ep_len_mean          | 400         |
|    ep_rew_mean          | 3.87        |
|    success_rate         | 0           |
| time/                   |             |
|    fps                  | 2411        |
|    iterations           | 107         |
|    time_elapsed         | 545         |
|    total_timesteps      | 1314816     |
| train/                  |             |
|    approx_kl            | 0.015431974 |
|    clip_fraction        | 0.155       |
|    clip_range           | 0.2         |
|    entropy_loss         | -2.07       |
|    explained_variance   | 0.993       |
|    learning_rate        | 0.0003      |
|    loss                 | -0.022      |
|    n_updates            | 1060        |
|    policy_gradient_loss | -0.0111     |
|    std                  | 0.679       |
|    value_loss           | 0.00133     |
-----------------------------------------
-----------------------------------------
| rollout/                |             |
|    ep_len_mean          | 400         |
|    ep_rew_mean          | 3.83        |
|    success_rate         | 0           |
| time/                   |             |
|    fps                  | 2410        |
|    iterations           | 108         |
|    time_elapsed         | 550         |
|    total_timesteps      | 1327104     |
| train/                  |             |
|    approx_kl            | 0.012850732 |
|    clip_fraction        | 0.136       |
|    clip_range           | 0.2         |
|    entropy_loss         | -2.07       |
|    explained_variance   | 0.992       |
|    learning_rate        | 0.0003      |
|    loss                 | 0.0183      |
|    n_updates            | 1070        |
|    policy_gradient_loss | -0.00719    |
|    std                  | 0.682       |
|    value_loss           | 0.00331     |
-----------------------------------------
-----------------------------------------
| rollout/                |             |
|    ep_len_mean          | 400         |
|    ep_rew_mean          | 3.75        |
|    success_rate         | 0           |
| time/                   |             |
|    fps                  | 2410        |
|    iterations           | 109         |
|    time_elapsed         | 555         |
|    total_timesteps      | 1339392     |
| train/                  |             |
|    approx_kl            | 0.013877583 |
|    clip_fraction        | 0.151       |
|    clip_range           | 0.2         |
|    entropy_loss         | -2.07       |
|    explained_variance   | 0.991       |
|    learning_rate        | 0.0003      |
|    loss                 | -0.04       |
|    n_updates            | 1080        |
|    policy_gradient_loss | -0.00875    |
|    std                  | 0.681       |
|    value_loss           | 0.00172     |
-----------------------------------------
------------------------------------------
| rollout/                |              |
|    ep_len_mean          | 400          |
|    ep_rew_mean          | 3.82         |
|    success_rate         | 0            |
| time/                   |              |
|    fps                  | 2409         |
|    iterations           | 110          |
|    time_elapsed         | 560          |
|    total_timesteps      | 1351680      |
| train/                  |              |
|    approx_kl            | 0.0132353725 |
|    clip_fraction        | 0.143        |
|    clip_range           | 0.2          |
|    entropy_loss         | -2.07        |
|    explained_variance   | 0.993        |
|    learning_rate        | 0.0003       |
|    loss                 | -0.027       |
|    n_updates            | 1090         |
|    policy_gradient_loss | -0.00961     |
|    std                  | 0.68         |
|    value_loss           | 0.00142      |
------------------------------------------
----------------------------------------
| rollout/                |            |
|    ep_len_mean          | 400        |
|    ep_rew_mean          | 3.82       |
|    success_rate         | 0          |
| time/                   |            |
|    fps                  | 2409       |
|    iterations           | 111        |
|    time_elapsed         | 566        |
|    total_timesteps      | 1363968    |
| train/                  |            |
|    approx_kl            | 0.01436441 |
|    clip_fraction        | 0.146      |
|    clip_range           | 0.2        |
|    entropy_loss         | -2.07      |
|    explained_variance   | 0.991      |
|    learning_rate        | 0.0003     |
|    loss                 | -0.045     |
|    n_updates            | 1100       |
|    policy_gradient_loss | -0.00981   |
|    std                  | 0.681      |
|    value_loss           | 0.00221    |
----------------------------------------
-----------------------------------------
| rollout/                |             |
|    ep_len_mean          | 399         |
|    ep_rew_mean          | 3.79        |
|    success_rate         | 0           |
| time/                   |             |
|    fps                  | 2409        |
|    iterations           | 112         |
|    time_elapsed         | 571         |
|    total_timesteps      | 1376256     |
| train/                  |             |
|    approx_kl            | 0.013673238 |
|    clip_fraction        | 0.149       |
|    clip_range           | 0.2         |
|    entropy_loss         | -2.06       |
|    explained_variance   | 0.993       |
|    learning_rate        | 0.0003      |
|    loss                 | -0.0188     |
|    n_updates            | 1110        |
|    policy_gradient_loss | -0.00754    |
|    std                  | 0.676       |
|    value_loss           | 0.000938    |
-----------------------------------------
-----------------------------------------
| rollout/                |             |
|    ep_len_mean          | 399         |
|    ep_rew_mean          | 3.76        |
|    success_rate         | 0           |
| time/                   |             |
|    fps                  | 2409        |
|    iterations           | 113         |
|    time_elapsed         | 576         |
|    total_timesteps      | 1388544     |
| train/                  |             |
|    approx_kl            | 0.011939749 |
|    clip_fraction        | 0.126       |
|    clip_range           | 0.2         |
|    entropy_loss         | -2.07       |
|    explained_variance   | 0.988       |
|    learning_rate        | 0.0003      |
|    loss                 | -0.0318     |
|    n_updates            | 1120        |
|    policy_gradient_loss | -0.00654    |
|    std                  | 0.683       |
|    value_loss           | 0.00175     |
-----------------------------------------
-----------------------------------------
| rollout/                |             |
|    ep_len_mean          | 399         |
|    ep_rew_mean          | 3.66        |
|    success_rate         | 0           |
| time/                   |             |
|    fps                  | 2409        |
|    iterations           | 114         |
|    time_elapsed         | 581         |
|    total_timesteps      | 1400832     |
| train/                  |             |
|    approx_kl            | 0.013875519 |
|    clip_fraction        | 0.141       |
|    clip_range           | 0.2         |
|    entropy_loss         | -2.07       |
|    explained_variance   | 0.991       |
|    learning_rate        | 0.0003      |
|    loss                 | -0.0383     |
|    n_updates            | 1130        |
|    policy_gradient_loss | -0.0113     |
|    std                  | 0.68        |
|    value_loss           | 0.00117     |
-----------------------------------------
-----------------------------------------
| rollout/                |             |
|    ep_len_mean          | 400         |
|    ep_rew_mean          | 3.71        |
|    success_rate         | 0           |
| time/                   |             |
|    fps                  | 2409        |
|    iterations           | 115         |
|    time_elapsed         | 586         |
|    total_timesteps      | 1413120     |
| train/                  |             |
|    approx_kl            | 0.014534275 |
|    clip_fraction        | 0.144       |
|    clip_range           | 0.2         |
|    entropy_loss         | -2.07       |
|    explained_variance   | 0.985       |
|    learning_rate        | 0.0003      |
|    loss                 | -0.0286     |
|    n_updates            | 1140        |
|    policy_gradient_loss | -0.00956    |
|    std                  | 0.677       |
|    value_loss           | 0.00233     |
-----------------------------------------
-----------------------------------------
| rollout/                |             |
|    ep_len_mean          | 400         |
|    ep_rew_mean          | 3.79        |
|    success_rate         | 0           |
| time/                   |             |
|    fps                  | 2409        |
|    iterations           | 116         |
|    time_elapsed         | 591         |
|    total_timesteps      | 1425408     |
| train/                  |             |
|    approx_kl            | 0.014006321 |
|    clip_fraction        | 0.146       |
|    clip_range           | 0.2         |
|    entropy_loss         | -2.06       |
|    explained_variance   | 0.994       |
|    learning_rate        | 0.0003      |
|    loss                 | -0.0144     |
|    n_updates            | 1150        |
|    policy_gradient_loss | -0.0108     |
|    std                  | 0.678       |
|    value_loss           | 0.00156     |
-----------------------------------------
----------------------------------------
| rollout/                |            |
|    ep_len_mean          | 400        |
|    ep_rew_mean          | 3.79       |
|    success_rate         | 0          |
| time/                   |            |
|    fps                  | 2409       |
|    iterations           | 117        |
|    time_elapsed         | 596        |
|    total_timesteps      | 1437696    |
| train/                  |            |
|    approx_kl            | 0.01457388 |
|    clip_fraction        | 0.146      |
|    clip_range           | 0.2        |
|    entropy_loss         | -2.08      |
|    explained_variance   | 0.989      |
|    learning_rate        | 0.0003     |
|    loss                 | -0.0114    |
|    n_updates            | 1160       |
|    policy_gradient_loss | -0.00967   |
|    std                  | 0.687      |
|    value_loss           | 0.00176    |
----------------------------------------
-----------------------------------------
| rollout/                |             |
|    ep_len_mean          | 400         |
|    ep_rew_mean          | 3.73        |
|    success_rate         | 0           |
| time/                   |             |
|    fps                  | 2409        |
|    iterations           | 118         |
|    time_elapsed         | 601         |
|    total_timesteps      | 1449984     |
| train/                  |             |
|    approx_kl            | 0.015652128 |
|    clip_fraction        | 0.161       |
|    clip_range           | 0.2         |
|    entropy_loss         | -2.07       |
|    explained_variance   | 0.982       |
|    learning_rate        | 0.0003      |
|    loss                 | -0.0361     |
|    n_updates            | 1170        |
|    policy_gradient_loss | -0.0107     |
|    std                  | 0.676       |
|    value_loss           | 0.00253     |
-----------------------------------------
-----------------------------------------
| rollout/                |             |
|    ep_len_mean          | 400         |
|    ep_rew_mean          | 3.68        |
|    success_rate         | 0           |
| time/                   |             |
|    fps                  | 2408        |
|    iterations           | 119         |
|    time_elapsed         | 607         |
|    total_timesteps      | 1462272     |
| train/                  |             |
|    approx_kl            | 0.014154787 |
|    clip_fraction        | 0.148       |
|    clip_range           | 0.2         |
|    entropy_loss         | -2.07       |
|    explained_variance   | 0.982       |
|    learning_rate        | 0.0003      |
|    loss                 | -0.0299     |
|    n_updates            | 1180        |
|    policy_gradient_loss | -0.011      |
|    std                  | 0.681       |
|    value_loss           | 0.00228     |
-----------------------------------------
-----------------------------------------
| rollout/                |             |
|    ep_len_mean          | 400         |
|    ep_rew_mean          | 3.7         |
|    success_rate         | 0           |
| time/                   |             |
|    fps                  | 2408        |
|    iterations           | 120         |
|    time_elapsed         | 612         |
|    total_timesteps      | 1474560     |
| train/                  |             |
|    approx_kl            | 0.013957109 |
|    clip_fraction        | 0.128       |
|    clip_range           | 0.2         |
|    entropy_loss         | -2.08       |
|    explained_variance   | 0.989       |
|    learning_rate        | 0.0003      |
|    loss                 | -0.0212     |
|    n_updates            | 1190        |
|    policy_gradient_loss | -0.00743    |
|    std                  | 0.689       |
|    value_loss           | 0.0026      |
-----------------------------------------
-----------------------------------------
| rollout/                |             |
|    ep_len_mean          | 400         |
|    ep_rew_mean          | 3.72        |
|    success_rate         | 0           |
| time/                   |             |
|    fps                  | 2408        |
|    iterations           | 121         |
|    time_elapsed         | 617         |
|    total_timesteps      | 1486848     |
| train/                  |             |
|    approx_kl            | 0.015124388 |
|    clip_fraction        | 0.171       |
|    clip_range           | 0.2         |
|    entropy_loss         | -2.07       |
|    explained_variance   | 0.992       |
|    learning_rate        | 0.0003      |
|    loss                 | 0.0131      |
|    n_updates            | 1200        |
|    policy_gradient_loss | -0.00939    |
|    std                  | 0.68        |
|    value_loss           | 0.00174     |
-----------------------------------------
-----------------------------------------
| rollout/                |             |
|    ep_len_mean          | 400         |
|    ep_rew_mean          | 3.72        |
|    success_rate         | 0           |
| time/                   |             |
|    fps                  | 2408        |
|    iterations           | 122         |
|    time_elapsed         | 622         |
|    total_timesteps      | 1499136     |
| train/                  |             |
|    approx_kl            | 0.014979396 |
|    clip_fraction        | 0.155       |
|    clip_range           | 0.2         |
|    entropy_loss         | -2.08       |
|    explained_variance   | 0.991       |
|    learning_rate        | 0.0003      |
|    loss                 | -0.0296     |
|    n_updates            | 1210        |
|    policy_gradient_loss | -0.011      |
|    std                  | 0.686       |
|    value_loss           | 0.00197     |
-----------------------------------------
-----------------------------------------
| rollout/                |             |
|    ep_len_mean          | 400         |
|    ep_rew_mean          | 3.72        |
|    success_rate         | 0           |
| time/                   |             |
|    fps                  | 2408        |
|    iterations           | 123         |
|    time_elapsed         | 627         |
|    total_timesteps      | 1511424     |
| train/                  |             |
|    approx_kl            | 0.014538903 |
|    clip_fraction        | 0.146       |
|    clip_range           | 0.2         |
|    entropy_loss         | -2.07       |
|    explained_variance   | 0.989       |
|    learning_rate        | 0.0003      |
|    loss                 | -0.00218    |
|    n_updates            | 1220        |
|    policy_gradient_loss | -0.00865    |
|    std                  | 0.678       |
|    value_loss           | 0.0017      |
-----------------------------------------
-----------------------------------------
| rollout/                |             |
|    ep_len_mean          | 400         |
|    ep_rew_mean          | 3.72        |
|    success_rate         | 0           |
| time/                   |             |
|    fps                  | 2407        |
|    iterations           | 124         |
|    time_elapsed         | 632         |
|    total_timesteps      | 1523712     |
| train/                  |             |
|    approx_kl            | 0.013631328 |
|    clip_fraction        | 0.137       |
|    clip_range           | 0.2         |
|    entropy_loss         | -2.07       |
|    explained_variance   | 0.985       |
|    learning_rate        | 0.0003      |
|    loss                 | -0.0161     |
|    n_updates            | 1230        |
|    policy_gradient_loss | -0.0101     |
|    std                  | 0.681       |
|    value_loss           | 0.00375     |
-----------------------------------------
-----------------------------------------
| rollout/                |             |
|    ep_len_mean          | 400         |
|    ep_rew_mean          | 3.76        |
|    success_rate         | 0           |
| time/                   |             |
|    fps                  | 2407        |
|    iterations           | 125         |
|    time_elapsed         | 638         |
|    total_timesteps      | 1536000     |
| train/                  |             |
|    approx_kl            | 0.012888241 |
|    clip_fraction        | 0.127       |
|    clip_range           | 0.2         |
|    entropy_loss         | -2.07       |
|    explained_variance   | 0.989       |
|    learning_rate        | 0.0003      |
|    loss                 | -0.0268     |
|    n_updates            | 1240        |
|    policy_gradient_loss | -0.00795    |
|    std                  | 0.681       |
|    value_loss           | 0.00202     |
-----------------------------------------
-----------------------------------------
| rollout/                |             |
|    ep_len_mean          | 400         |
|    ep_rew_mean          | 3.86        |
|    success_rate         | 0           |
| time/                   |             |
|    fps                  | 2405        |
|    iterations           | 126         |
|    time_elapsed         | 643         |
|    total_timesteps      | 1548288     |
| train/                  |             |
|    approx_kl            | 0.011801951 |
|    clip_fraction        | 0.142       |
|    clip_range           | 0.2         |
|    entropy_loss         | -2.06       |
|    explained_variance   | 0.991       |
|    learning_rate        | 0.0003      |
|    loss                 | -0.0224     |
|    n_updates            | 1250        |
|    policy_gradient_loss | -0.0076     |
|    std                  | 0.672       |
|    value_loss           | 0.00113     |
-----------------------------------------
-----------------------------------------
| rollout/                |             |
|    ep_len_mean          | 400         |
|    ep_rew_mean          | 3.78        |
|    success_rate         | 0           |
| time/                   |             |
|    fps                  | 2404        |
|    iterations           | 127         |
|    time_elapsed         | 648         |
|    total_timesteps      | 1560576     |
| train/                  |             |
|    approx_kl            | 0.012507661 |
|    clip_fraction        | 0.136       |
|    clip_range           | 0.2         |
|    entropy_loss         | -2.04       |
|    explained_variance   | 0.996       |
|    learning_rate        | 0.0003      |
|    loss                 | -0.0273     |
|    n_updates            | 1260        |
|    policy_gradient_loss | -0.00743    |
|    std                  | 0.667       |
|    value_loss           | 0.000936    |
-----------------------------------------
-----------------------------------------
| rollout/                |             |
|    ep_len_mean          | 400         |
|    ep_rew_mean          | 3.82        |
|    success_rate         | 0           |
| time/                   |             |
|    fps                  | 2403        |
|    iterations           | 128         |
|    time_elapsed         | 654         |
|    total_timesteps      | 1572864     |
| train/                  |             |
|    approx_kl            | 0.012413365 |
|    clip_fraction        | 0.139       |
|    clip_range           | 0.2         |
|    entropy_loss         | -2.04       |
|    explained_variance   | 0.988       |
|    learning_rate        | 0.0003      |
|    loss                 | -0.0227     |
|    n_updates            | 1270        |
|    policy_gradient_loss | -0.0118     |
|    std                  | 0.673       |
|    value_loss           | 0.00157     |
-----------------------------------------
-----------------------------------------
| rollout/                |             |
|    ep_len_mean          | 400         |
|    ep_rew_mean          | 3.74        |
|    success_rate         | 0           |
| time/                   |             |
|    fps                  | 2402        |
|    iterations           | 129         |
|    time_elapsed         | 659         |
|    total_timesteps      | 1585152     |
| train/                  |             |
|    approx_kl            | 0.013111115 |
|    clip_fraction        | 0.131       |
|    clip_range           | 0.2         |
|    entropy_loss         | -2.06       |
|    explained_variance   | 0.988       |
|    learning_rate        | 0.0003      |
|    loss                 | -0.0251     |
|    n_updates            | 1280        |
|    policy_gradient_loss | -0.0082     |
|    std                  | 0.675       |
|    value_loss           | 0.00122     |
-----------------------------------------
-----------------------------------------
| rollout/                |             |
|    ep_len_mean          | 400         |
|    ep_rew_mean          | 3.82        |
|    success_rate         | 0           |
| time/                   |             |
|    fps                  | 2401        |
|    iterations           | 130         |
|    time_elapsed         | 665         |
|    total_timesteps      | 1597440     |
| train/                  |             |
|    approx_kl            | 0.012016428 |
|    clip_fraction        | 0.128       |
|    clip_range           | 0.2         |
|    entropy_loss         | -2.06       |
|    explained_variance   | 0.987       |
|    learning_rate        | 0.0003      |
|    loss                 | -0.0329     |
|    n_updates            | 1290        |
|    policy_gradient_loss | -0.00869    |
|    std                  | 0.681       |
|    value_loss           | 0.00229     |
-----------------------------------------
-----------------------------------------
| rollout/                |             |
|    ep_len_mean          | 400         |
|    ep_rew_mean          | 3.84        |
|    success_rate         | 0           |
| time/                   |             |
|    fps                  | 2400        |
|    iterations           | 131         |
|    time_elapsed         | 670         |
|    total_timesteps      | 1609728     |
| train/                  |             |
|    approx_kl            | 0.013414718 |
|    clip_fraction        | 0.144       |
|    clip_range           | 0.2         |
|    entropy_loss         | -2.07       |
|    explained_variance   | 0.994       |
|    learning_rate        | 0.0003      |
|    loss                 | -0.0415     |
|    n_updates            | 1300        |
|    policy_gradient_loss | -0.00966    |
|    std                  | 0.678       |
|    value_loss           | 0.00148     |
-----------------------------------------
-----------------------------------------
| rollout/                |             |
|    ep_len_mean          | 400         |
|    ep_rew_mean          | 3.85        |
|    success_rate         | 0           |
| time/                   |             |
|    fps                  | 2400        |
|    iterations           | 132         |
|    time_elapsed         | 675         |
|    total_timesteps      | 1622016     |
| train/                  |             |
|    approx_kl            | 0.013911695 |
|    clip_fraction        | 0.145       |
|    clip_range           | 0.2         |
|    entropy_loss         | -2.06       |
|    explained_variance   | 0.995       |
|    learning_rate        | 0.0003      |
|    loss                 | 0.00922     |
|    n_updates            | 1310        |
|    policy_gradient_loss | -0.0105     |
|    std                  | 0.678       |
|    value_loss           | 0.00115     |
-----------------------------------------
-----------------------------------------
| rollout/                |             |
|    ep_len_mean          | 400         |
|    ep_rew_mean          | 3.86        |
|    success_rate         | 0           |
| time/                   |             |
|    fps                  | 2399        |
|    iterations           | 133         |
|    time_elapsed         | 681         |
|    total_timesteps      | 1634304     |
| train/                  |             |
|    approx_kl            | 0.013324156 |
|    clip_fraction        | 0.14        |
|    clip_range           | 0.2         |
|    entropy_loss         | -2.07       |
|    explained_variance   | 0.992       |
|    learning_rate        | 0.0003      |
|    loss                 | -0.0462     |
|    n_updates            | 1320        |
|    policy_gradient_loss | -0.0102     |
|    std                  | 0.684       |
|    value_loss           | 0.00166     |
-----------------------------------------
-----------------------------------------
| rollout/                |             |
|    ep_len_mean          | 400         |
|    ep_rew_mean          | 3.86        |
|    success_rate         | 0           |
| time/                   |             |
|    fps                  | 2398        |
|    iterations           | 134         |
|    time_elapsed         | 686         |
|    total_timesteps      | 1646592     |
| train/                  |             |
|    approx_kl            | 0.015760636 |
|    clip_fraction        | 0.15        |
|    clip_range           | 0.2         |
|    entropy_loss         | -2.06       |
|    explained_variance   | 0.995       |
|    learning_rate        | 0.0003      |
|    loss                 | -0.00853    |
|    n_updates            | 1330        |
|    policy_gradient_loss | -0.00832    |
|    std                  | 0.672       |
|    value_loss           | 0.000971    |
-----------------------------------------
------------------------------------------
| rollout/                |              |
|    ep_len_mean          | 400          |
|    ep_rew_mean          | 3.9          |
|    success_rate         | 0            |
| time/                   |              |
|    fps                  | 2397         |
|    iterations           | 135          |
|    time_elapsed         | 691          |
|    total_timesteps      | 1658880      |
| train/                  |              |
|    approx_kl            | 0.0128270015 |
|    clip_fraction        | 0.147        |
|    clip_range           | 0.2          |
|    entropy_loss         | -2.04        |
|    explained_variance   | 0.994        |
|    learning_rate        | 0.0003       |
|    loss                 | -0.0268      |
|    n_updates            | 1340         |
|    policy_gradient_loss | -0.00832     |
|    std                  | 0.669        |
|    value_loss           | 0.00148      |
------------------------------------------
-----------------------------------------
| rollout/                |             |
|    ep_len_mean          | 400         |
|    ep_rew_mean          | 3.88        |
|    success_rate         | 0           |
| time/                   |             |
|    fps                  | 2397        |
|    iterations           | 136         |
|    time_elapsed         | 697         |
|    total_timesteps      | 1671168     |
| train/                  |             |
|    approx_kl            | 0.012637317 |
|    clip_fraction        | 0.129       |
|    clip_range           | 0.2         |
|    entropy_loss         | -2.04       |
|    explained_variance   | 0.99        |
|    learning_rate        | 0.0003      |
|    loss                 | -0.0212     |
|    n_updates            | 1350        |
|    policy_gradient_loss | -0.011      |
|    std                  | 0.672       |
|    value_loss           | 0.00146     |
-----------------------------------------
----------------------------------------
| rollout/                |            |
|    ep_len_mean          | 400        |
|    ep_rew_mean          | 3.84       |
|    success_rate         | 0          |
| time/                   |            |
|    fps                  | 2395       |
|    iterations           | 137        |
|    time_elapsed         | 702        |
|    total_timesteps      | 1683456    |
| train/                  |            |
|    approx_kl            | 0.01389609 |
|    clip_fraction        | 0.14       |
|    clip_range           | 0.2        |
|    entropy_loss         | -2.04      |
|    explained_variance   | 0.992      |
|    learning_rate        | 0.0003     |
|    loss                 | -0.0353    |
|    n_updates            | 1360       |
|    policy_gradient_loss | -0.0104    |
|    std                  | 0.668      |
|    value_loss           | 0.00103    |
----------------------------------------
-----------------------------------------
| rollout/                |             |
|    ep_len_mean          | 400         |
|    ep_rew_mean          | 3.8         |
|    success_rate         | 0           |
| time/                   |             |
|    fps                  | 2394        |
|    iterations           | 138         |
|    time_elapsed         | 708         |
|    total_timesteps      | 1695744     |
| train/                  |             |
|    approx_kl            | 0.012835127 |
|    clip_fraction        | 0.126       |
|    clip_range           | 0.2         |
|    entropy_loss         | -2.03       |
|    explained_variance   | 0.994       |
|    learning_rate        | 0.0003      |
|    loss                 | -0.0134     |
|    n_updates            | 1370        |
|    policy_gradient_loss | -0.00804    |
|    std                  | 0.666       |
|    value_loss           | 0.00132     |
-----------------------------------------
-----------------------------------------
| rollout/                |             |
|    ep_len_mean          | 400         |
|    ep_rew_mean          | 3.72        |
|    success_rate         | 0           |
| time/                   |             |
|    fps                  | 2394        |
|    iterations           | 139         |
|    time_elapsed         | 713         |
|    total_timesteps      | 1708032     |
| train/                  |             |
|    approx_kl            | 0.013945908 |
|    clip_fraction        | 0.136       |
|    clip_range           | 0.2         |
|    entropy_loss         | -2.06       |
|    explained_variance   | 0.989       |
|    learning_rate        | 0.0003      |
|    loss                 | -0.0432     |
|    n_updates            | 1380        |
|    policy_gradient_loss | -0.0114     |
|    std                  | 0.682       |
|    value_loss           | 0.0016      |
-----------------------------------------
----------------------------------------
| rollout/                |            |
|    ep_len_mean          | 400        |
|    ep_rew_mean          | 3.75       |
|    success_rate         | 0          |
| time/                   |            |
|    fps                  | 2393       |
|    iterations           | 140        |
|    time_elapsed         | 718        |
|    total_timesteps      | 1720320    |
| train/                  |            |
|    approx_kl            | 0.01367053 |
|    clip_fraction        | 0.138      |
|    clip_range           | 0.2        |
|    entropy_loss         | -2.08      |
|    explained_variance   | 0.989      |
|    learning_rate        | 0.0003     |
|    loss                 | -0.0399    |
|    n_updates            | 1390       |
|    policy_gradient_loss | -0.00985   |
|    std                  | 0.684      |
|    value_loss           | 0.00184    |
----------------------------------------
-----------------------------------------
| rollout/                |             |
|    ep_len_mean          | 400         |
|    ep_rew_mean          | 3.82        |
|    success_rate         | 0           |
| time/                   |             |
|    fps                  | 2392        |
|    iterations           | 141         |
|    time_elapsed         | 724         |
|    total_timesteps      | 1732608     |
| train/                  |             |
|    approx_kl            | 0.013810743 |
|    clip_fraction        | 0.136       |
|    clip_range           | 0.2         |
|    entropy_loss         | -2.07       |
|    explained_variance   | 0.994       |
|    learning_rate        | 0.0003      |
|    loss                 | -0.0342     |
|    n_updates            | 1400        |
|    policy_gradient_loss | -0.0101     |
|    std                  | 0.683       |
|    value_loss           | 0.0011      |
-----------------------------------------
-----------------------------------------
| rollout/                |             |
|    ep_len_mean          | 400         |
|    ep_rew_mean          | 3.74        |
|    success_rate         | 0           |
| time/                   |             |
|    fps                  | 2391        |
|    iterations           | 142         |
|    time_elapsed         | 729         |
|    total_timesteps      | 1744896     |
| train/                  |             |
|    approx_kl            | 0.012853657 |
|    clip_fraction        | 0.139       |
|    clip_range           | 0.2         |
|    entropy_loss         | -2.06       |
|    explained_variance   | 0.995       |
|    learning_rate        | 0.0003      |
|    loss                 | -0.00979    |
|    n_updates            | 1410        |
|    policy_gradient_loss | -0.00883    |
|    std                  | 0.679       |
|    value_loss           | 0.000832    |
-----------------------------------------
------------------------------------------
| rollout/                |              |
|    ep_len_mean          | 400          |
|    ep_rew_mean          | 3.67         |
|    success_rate         | 0            |
| time/                   |              |
|    fps                  | 2390         |
|    iterations           | 143          |
|    time_elapsed         | 734          |
|    total_timesteps      | 1757184      |
| train/                  |              |
|    approx_kl            | 0.0133182155 |
|    clip_fraction        | 0.133        |
|    clip_range           | 0.2          |
|    entropy_loss         | -2.08        |
|    explained_variance   | 0.989        |
|    learning_rate        | 0.0003       |
|    loss                 | -0.0264      |
|    n_updates            | 1420         |
|    policy_gradient_loss | -0.0101      |
|    std                  | 0.688        |
|    value_loss           | 0.00146      |
------------------------------------------
-----------------------------------------
| rollout/                |             |
|    ep_len_mean          | 400         |
|    ep_rew_mean          | 3.62        |
|    success_rate         | 0           |
| time/                   |             |
|    fps                  | 2390        |
|    iterations           | 144         |
|    time_elapsed         | 740         |
|    total_timesteps      | 1769472     |
| train/                  |             |
|    approx_kl            | 0.012387584 |
|    clip_fraction        | 0.129       |
|    clip_range           | 0.2         |
|    entropy_loss         | -2.09       |
|    explained_variance   | 0.987       |
|    learning_rate        | 0.0003      |
|    loss                 | -0.0291     |
|    n_updates            | 1430        |
|    policy_gradient_loss | -0.0107     |
|    std                  | 0.687       |
|    value_loss           | 0.00191     |
-----------------------------------------
----------------------------------------
| rollout/                |            |
|    ep_len_mean          | 400        |
|    ep_rew_mean          | 3.69       |
|    success_rate         | 0          |
| time/                   |            |
|    fps                  | 2390       |
|    iterations           | 145        |
|    time_elapsed         | 745        |
|    total_timesteps      | 1781760    |
| train/                  |            |
|    approx_kl            | 0.01406055 |
|    clip_fraction        | 0.142      |
|    clip_range           | 0.2        |
|    entropy_loss         | -2.11      |
|    explained_variance   | 0.988      |
|    learning_rate        | 0.0003     |
|    loss                 | -0.0354    |
|    n_updates            | 1440       |
|    policy_gradient_loss | -0.0116    |
|    std                  | 0.698      |
|    value_loss           | 0.00198    |
----------------------------------------
-----------------------------------------
| rollout/                |             |
|    ep_len_mean          | 400         |
|    ep_rew_mean          | 3.74        |
|    success_rate         | 0           |
| time/                   |             |
|    fps                  | 2390        |
|    iterations           | 146         |
|    time_elapsed         | 750         |
|    total_timesteps      | 1794048     |
| train/                  |             |
|    approx_kl            | 0.013958649 |
|    clip_fraction        | 0.149       |
|    clip_range           | 0.2         |
|    entropy_loss         | -2.14       |
|    explained_variance   | 0.986       |
|    learning_rate        | 0.0003      |
|    loss                 | -0.0208     |
|    n_updates            | 1450        |
|    policy_gradient_loss | -0.0106     |
|    std                  | 0.709       |
|    value_loss           | 0.00216     |
-----------------------------------------
-----------------------------------------
| rollout/                |             |
|    ep_len_mean          | 400         |
|    ep_rew_mean          | 3.78        |
|    success_rate         | 0           |
| time/                   |             |
|    fps                  | 2389        |
|    iterations           | 147         |
|    time_elapsed         | 755         |
|    total_timesteps      | 1806336     |
| train/                  |             |
|    approx_kl            | 0.013931904 |
|    clip_fraction        | 0.128       |
|    clip_range           | 0.2         |
|    entropy_loss         | -2.13       |
|    explained_variance   | 0.991       |
|    learning_rate        | 0.0003      |
|    loss                 | -0.033      |
|    n_updates            | 1460        |
|    policy_gradient_loss | -0.0109     |
|    std                  | 0.698       |
|    value_loss           | 0.00137     |
-----------------------------------------
----------------------------------------
| rollout/                |            |
|    ep_len_mean          | 400        |
|    ep_rew_mean          | 3.79       |
|    success_rate         | 0          |
| time/                   |            |
|    fps                  | 2389       |
|    iterations           | 148        |
|    time_elapsed         | 760        |
|    total_timesteps      | 1818624    |
| train/                  |            |
|    approx_kl            | 0.01218162 |
|    clip_fraction        | 0.137      |
|    clip_range           | 0.2        |
|    entropy_loss         | -2.12      |
|    explained_variance   | 0.994      |
|    learning_rate        | 0.0003     |
|    loss                 | -0.00473   |
|    n_updates            | 1470       |
|    policy_gradient_loss | -0.00684   |
|    std                  | 0.697      |
|    value_loss           | 0.00135    |
----------------------------------------
-----------------------------------------
| rollout/                |             |
|    ep_len_mean          | 400         |
|    ep_rew_mean          | 3.8         |
|    success_rate         | 0           |
| time/                   |             |
|    fps                  | 2389        |
|    iterations           | 149         |
|    time_elapsed         | 766         |
|    total_timesteps      | 1830912     |
| train/                  |             |
|    approx_kl            | 0.013134946 |
|    clip_fraction        | 0.138       |
|    clip_range           | 0.2         |
|    entropy_loss         | -2.12       |
|    explained_variance   | 0.992       |
|    learning_rate        | 0.0003      |
|    loss                 | -0.0155     |
|    n_updates            | 1480        |
|    policy_gradient_loss | -0.0107     |
|    std                  | 0.698       |
|    value_loss           | 0.00166     |
-----------------------------------------
-----------------------------------------
| rollout/                |             |
|    ep_len_mean          | 400         |
|    ep_rew_mean          | 3.88        |
|    success_rate         | 0           |
| time/                   |             |
|    fps                  | 2389        |
|    iterations           | 150         |
|    time_elapsed         | 771         |
|    total_timesteps      | 1843200     |
| train/                  |             |
|    approx_kl            | 0.011965599 |
|    clip_fraction        | 0.135       |
|    clip_range           | 0.2         |
|    entropy_loss         | -2.12       |
|    explained_variance   | 0.991       |
|    learning_rate        | 0.0003      |
|    loss                 | -0.0276     |
|    n_updates            | 1490        |
|    policy_gradient_loss | -0.00799    |
|    std                  | 0.698       |
|    value_loss           | 0.00119     |
-----------------------------------------
-----------------------------------------
| rollout/                |             |
|    ep_len_mean          | 399         |
|    ep_rew_mean          | 3.91        |
|    success_rate         | 0.01        |
| time/                   |             |
|    fps                  | 2389        |
|    iterations           | 151         |
|    time_elapsed         | 776         |
|    total_timesteps      | 1855488     |
| train/                  |             |
|    approx_kl            | 0.015067763 |
|    clip_fraction        | 0.143       |
|    clip_range           | 0.2         |
|    entropy_loss         | -2.08       |
|    explained_variance   | 0.996       |
|    learning_rate        | 0.0003      |
|    loss                 | -0.0398     |
|    n_updates            | 1500        |
|    policy_gradient_loss | -0.00818    |
|    std                  | 0.68        |
|    value_loss           | 0.000827    |
-----------------------------------------
-----------------------------------------
| rollout/                |             |
|    ep_len_mean          | 399         |
|    ep_rew_mean          | 3.91        |
|    success_rate         | 0.01        |
| time/                   |             |
|    fps                  | 2389        |
|    iterations           | 152         |
|    time_elapsed         | 781         |
|    total_timesteps      | 1867776     |
| train/                  |             |
|    approx_kl            | 0.016394896 |
|    clip_fraction        | 0.177       |
|    clip_range           | 0.2         |
|    entropy_loss         | -2.05       |
|    explained_variance   | 0.994       |
|    learning_rate        | 0.0003      |
|    loss                 | 0.002       |
|    n_updates            | 1510        |
|    policy_gradient_loss | -0.00796    |
|    std                  | 0.671       |
|    value_loss           | 0.00179     |
-----------------------------------------
-----------------------------------------
| rollout/                |             |
|    ep_len_mean          | 399         |
|    ep_rew_mean          | 3.81        |
|    success_rate         | 0.01        |
| time/                   |             |
|    fps                  | 2389        |
|    iterations           | 153         |
|    time_elapsed         | 786         |
|    total_timesteps      | 1880064     |
| train/                  |             |
|    approx_kl            | 0.014110975 |
|    clip_fraction        | 0.146       |
|    clip_range           | 0.2         |
|    entropy_loss         | -2.04       |
|    explained_variance   | 0.989       |
|    learning_rate        | 0.0003      |
|    loss                 | -0.0237     |
|    n_updates            | 1520        |
|    policy_gradient_loss | -0.0103     |
|    std                  | 0.672       |
|    value_loss           | 0.0014      |
-----------------------------------------
-----------------------------------------
| rollout/                |             |
|    ep_len_mean          | 400         |
|    ep_rew_mean          | 3.79        |
|    success_rate         | 0           |
| time/                   |             |
|    fps                  | 2389        |
|    iterations           | 154         |
|    time_elapsed         | 791         |
|    total_timesteps      | 1892352     |
| train/                  |             |
|    approx_kl            | 0.014166839 |
|    clip_fraction        | 0.133       |
|    clip_range           | 0.2         |
|    entropy_loss         | -2.03       |
|    explained_variance   | 0.99        |
|    learning_rate        | 0.0003      |
|    loss                 | -0.0287     |
|    n_updates            | 1530        |
|    policy_gradient_loss | -0.00917    |
|    std                  | 0.666       |
|    value_loss           | 0.00092     |
-----------------------------------------
-----------------------------------------
| rollout/                |             |
|    ep_len_mean          | 400         |
|    ep_rew_mean          | 3.84        |
|    success_rate         | 0           |
| time/                   |             |
|    fps                  | 2389        |
|    iterations           | 155         |
|    time_elapsed         | 796         |
|    total_timesteps      | 1904640     |
| train/                  |             |
|    approx_kl            | 0.015279557 |
|    clip_fraction        | 0.131       |
|    clip_range           | 0.2         |
|    entropy_loss         | -2.04       |
|    explained_variance   | 0.991       |
|    learning_rate        | 0.0003      |
|    loss                 | -0.0201     |
|    n_updates            | 1540        |
|    policy_gradient_loss | -0.0111     |
|    std                  | 0.669       |
|    value_loss           | 0.00148     |
-----------------------------------------
-----------------------------------------
| rollout/                |             |
|    ep_len_mean          | 400         |
|    ep_rew_mean          | 3.82        |
|    success_rate         | 0           |
| time/                   |             |
|    fps                  | 2389        |
|    iterations           | 156         |
|    time_elapsed         | 802         |
|    total_timesteps      | 1916928     |
| train/                  |             |
|    approx_kl            | 0.013739307 |
|    clip_fraction        | 0.151       |
|    clip_range           | 0.2         |
|    entropy_loss         | -2.05       |
|    explained_variance   | 0.985       |
|    learning_rate        | 0.0003      |
|    loss                 | -0.00924    |
|    n_updates            | 1550        |
|    policy_gradient_loss | -0.011      |
|    std                  | 0.676       |
|    value_loss           | 0.00172     |
-----------------------------------------
-----------------------------------------
| rollout/                |             |
|    ep_len_mean          | 400         |
|    ep_rew_mean          | 3.88        |
|    success_rate         | 0           |
| time/                   |             |
|    fps                  | 2389        |
|    iterations           | 157         |
|    time_elapsed         | 807         |
|    total_timesteps      | 1929216     |
| train/                  |             |
|    approx_kl            | 0.015274414 |
|    clip_fraction        | 0.142       |
|    clip_range           | 0.2         |
|    entropy_loss         | -2.09       |
|    explained_variance   | 0.989       |
|    learning_rate        | 0.0003      |
|    loss                 | -0.0108     |
|    n_updates            | 1560        |
|    policy_gradient_loss | -0.0121     |
|    std                  | 0.69        |
|    value_loss           | 0.00159     |
-----------------------------------------
-----------------------------------------
| rollout/                |             |
|    ep_len_mean          | 400         |
|    ep_rew_mean          | 3.83        |
|    success_rate         | 0           |
| time/                   |             |
|    fps                  | 2389        |
|    iterations           | 158         |
|    time_elapsed         | 812         |
|    total_timesteps      | 1941504     |
| train/                  |             |
|    approx_kl            | 0.014274347 |
|    clip_fraction        | 0.14        |
|    clip_range           | 0.2         |
|    entropy_loss         | -2.09       |
|    explained_variance   | 0.991       |
|    learning_rate        | 0.0003      |
|    loss                 | -0.041      |
|    n_updates            | 1570        |
|    policy_gradient_loss | -0.0105     |
|    std                  | 0.688       |
|    value_loss           | 0.00157     |
-----------------------------------------
-----------------------------------------
| rollout/                |             |
|    ep_len_mean          | 400         |
|    ep_rew_mean          | 3.9         |
|    success_rate         | 0           |
| time/                   |             |
|    fps                  | 2389        |
|    iterations           | 159         |
|    time_elapsed         | 817         |
|    total_timesteps      | 1953792     |
| train/                  |             |
|    approx_kl            | 0.014983145 |
|    clip_fraction        | 0.143       |
|    clip_range           | 0.2         |
|    entropy_loss         | -2.07       |
|    explained_variance   | 0.994       |
|    learning_rate        | 0.0003      |
|    loss                 | -0.0411     |
|    n_updates            | 1580        |
|    policy_gradient_loss | -0.0102     |
|    std                  | 0.676       |
|    value_loss           | 0.000848    |
-----------------------------------------
-----------------------------------------
| rollout/                |             |
|    ep_len_mean          | 400         |
|    ep_rew_mean          | 3.94        |
|    success_rate         | 0           |
| time/                   |             |
|    fps                  | 2389        |
|    iterations           | 160         |
|    time_elapsed         | 822         |
|    total_timesteps      | 1966080     |
| train/                  |             |
|    approx_kl            | 0.012564567 |
|    clip_fraction        | 0.145       |
|    clip_range           | 0.2         |
|    entropy_loss         | -2.02       |
|    explained_variance   | 0.997       |
|    learning_rate        | 0.0003      |
|    loss                 | -0.0254     |
|    n_updates            | 1590        |
|    policy_gradient_loss | -0.00831    |
|    std                  | 0.659       |
|    value_loss           | 0.000419    |
-----------------------------------------
-----------------------------------------
| rollout/                |             |
|    ep_len_mean          | 400         |
|    ep_rew_mean          | 3.95        |
|    success_rate         | 0           |
| time/                   |             |
|    fps                  | 2389        |
|    iterations           | 161         |
|    time_elapsed         | 827         |
|    total_timesteps      | 1978368     |
| train/                  |             |
|    approx_kl            | 0.013472033 |
|    clip_fraction        | 0.137       |
|    clip_range           | 0.2         |
|    entropy_loss         | -2          |
|    explained_variance   | 0.995       |
|    learning_rate        | 0.0003      |
|    loss                 | -0.0259     |
|    n_updates            | 1600        |
|    policy_gradient_loss | -0.00842    |
|    std                  | 0.655       |
|    value_loss           | 0.000539    |
-----------------------------------------
-----------------------------------------
| rollout/                |             |
|    ep_len_mean          | 400         |
|    ep_rew_mean          | 3.96        |
|    success_rate         | 0           |
| time/                   |             |
|    fps                  | 2389        |
|    iterations           | 162         |
|    time_elapsed         | 833         |
|    total_timesteps      | 1990656     |
| train/                  |             |
|    approx_kl            | 0.013040513 |
|    clip_fraction        | 0.137       |
|    clip_range           | 0.2         |
|    entropy_loss         | -2.02       |
|    explained_variance   | 0.995       |
|    learning_rate        | 0.0003      |
|    loss                 | -0.0293     |
|    n_updates            | 1610        |
|    policy_gradient_loss | -0.00773    |
|    std                  | 0.666       |
|    value_loss           | 0.000741    |
-----------------------------------------
-----------------------------------------
| rollout/                |             |
|    ep_len_mean          | 400         |
|    ep_rew_mean          | 3.91        |
|    success_rate         | 0           |
| time/                   |             |
|    fps                  | 2389        |
|    iterations           | 163         |
|    time_elapsed         | 838         |
|    total_timesteps      | 2002944     |
| train/                  |             |
|    approx_kl            | 0.014752757 |
|    clip_fraction        | 0.127       |
|    clip_range           | 0.2         |
|    entropy_loss         | -2.02       |
|    explained_variance   | 0.992       |
|    learning_rate        | 0.0003      |
|    loss                 | -0.0381     |
|    n_updates            | 1620        |
|    policy_gradient_loss | -0.00776    |
|    std                  | 0.659       |
|    value_loss           | 0.000763    |
-----------------------------------------
-----------------------------------------
| rollout/                |             |
|    ep_len_mean          | 400         |
|    ep_rew_mean          | 3.93        |
|    success_rate         | 0           |
| time/                   |             |
|    fps                  | 2389        |
|    iterations           | 164         |
|    time_elapsed         | 843         |
|    total_timesteps      | 2015232     |
| train/                  |             |
|    approx_kl            | 0.014945527 |
|    clip_fraction        | 0.135       |
|    clip_range           | 0.2         |
|    entropy_loss         | -2.01       |
|    explained_variance   | 0.988       |
|    learning_rate        | 0.0003      |
|    loss                 | -0.0393     |
|    n_updates            | 1630        |
|    policy_gradient_loss | -0.00793    |
|    std                  | 0.663       |
|    value_loss           | 0.00175     |
-----------------------------------------
-----------------------------------------
| rollout/                |             |
|    ep_len_mean          | 400         |
|    ep_rew_mean          | 3.86        |
|    success_rate         | 0           |
| time/                   |             |
|    fps                  | 2389        |
|    iterations           | 165         |
|    time_elapsed         | 848         |
|    total_timesteps      | 2027520     |
| train/                  |             |
|    approx_kl            | 0.016028224 |
|    clip_fraction        | 0.147       |
|    clip_range           | 0.2         |
|    entropy_loss         | -2.02       |
|    explained_variance   | 0.989       |
|    learning_rate        | 0.0003      |
|    loss                 | -0.0277     |
|    n_updates            | 1640        |
|    policy_gradient_loss | -0.00964    |
|    std                  | 0.662       |
|    value_loss           | 0.00176     |
-----------------------------------------
----------------------------------------
| rollout/                |            |
|    ep_len_mean          | 398        |
|    ep_rew_mean          | 3.88       |
|    success_rate         | 0.01       |
| time/                   |            |
|    fps                  | 2389       |
|    iterations           | 166        |
|    time_elapsed         | 853        |
|    total_timesteps      | 2039808    |
| train/                  |            |
|    approx_kl            | 0.01499084 |
|    clip_fraction        | 0.136      |
|    clip_range           | 0.2        |
|    entropy_loss         | -2.01      |
|    explained_variance   | 0.993      |
|    learning_rate        | 0.0003     |
|    loss                 | -0.000459  |
|    n_updates            | 1650       |
|    policy_gradient_loss | -0.00892   |
|    std                  | 0.659      |
|    value_loss           | 0.00088    |
----------------------------------------
------------------------------------------
| rollout/                |              |
|    ep_len_mean          | 398          |
|    ep_rew_mean          | 3.93         |
|    success_rate         | 0.01         |
| time/                   |              |
|    fps                  | 2389         |
|    iterations           | 167          |
|    time_elapsed         | 858          |
|    total_timesteps      | 2052096      |
| train/                  |              |
|    approx_kl            | 0.0150536625 |
|    clip_fraction        | 0.149        |
|    clip_range           | 0.2          |
|    entropy_loss         | -2           |
|    explained_variance   | 0.989        |
|    learning_rate        | 0.0003       |
|    loss                 | -0.0236      |
|    n_updates            | 1660         |
|    policy_gradient_loss | -0.0096      |
|    std                  | 0.658        |
|    value_loss           | 0.00186      |
------------------------------------------
-----------------------------------------
| rollout/                |             |
|    ep_len_mean          | 398         |
|    ep_rew_mean          | 3.95        |
|    success_rate         | 0.01        |
| time/                   |             |
|    fps                  | 2389        |
|    iterations           | 168         |
|    time_elapsed         | 863         |
|    total_timesteps      | 2064384     |
| train/                  |             |
|    approx_kl            | 0.015970182 |
|    clip_fraction        | 0.154       |
|    clip_range           | 0.2         |
|    entropy_loss         | -1.99       |
|    explained_variance   | 0.994       |
|    learning_rate        | 0.0003      |
|    loss                 | -0.0348     |
|    n_updates            | 1670        |
|    policy_gradient_loss | -0.00917    |
|    std                  | 0.651       |
|    value_loss           | 0.000707    |
-----------------------------------------
-----------------------------------------
| rollout/                |             |
|    ep_len_mean          | 398         |
|    ep_rew_mean          | 3.98        |
|    success_rate         | 0.01        |
| time/                   |             |
|    fps                  | 2389        |
|    iterations           | 169         |
|    time_elapsed         | 868         |
|    total_timesteps      | 2076672     |
| train/                  |             |
|    approx_kl            | 0.014990804 |
|    clip_fraction        | 0.14        |
|    clip_range           | 0.2         |
|    entropy_loss         | -2          |
|    explained_variance   | 0.99        |
|    learning_rate        | 0.0003      |
|    loss                 | -0.0313     |
|    n_updates            | 1680        |
|    policy_gradient_loss | -0.00876    |
|    std                  | 0.657       |
|    value_loss           | 0.00175     |
-----------------------------------------
-----------------------------------------
| rollout/                |             |
|    ep_len_mean          | 398         |
|    ep_rew_mean          | 3.96        |
|    success_rate         | 0.01        |
| time/                   |             |
|    fps                  | 2389        |
|    iterations           | 170         |
|    time_elapsed         | 874         |
|    total_timesteps      | 2088960     |
| train/                  |             |
|    approx_kl            | 0.013889234 |
|    clip_fraction        | 0.142       |
|    clip_range           | 0.2         |
|    entropy_loss         | -1.99       |
|    explained_variance   | 0.992       |
|    learning_rate        | 0.0003      |
|    loss                 | -0.0363     |
|    n_updates            | 1690        |
|    policy_gradient_loss | -0.0102     |
|    std                  | 0.65        |
|    value_loss           | 0.000754    |
-----------------------------------------
-----------------------------------------
| rollout/                |             |
|    ep_len_mean          | 398         |
|    ep_rew_mean          | 3.92        |
|    success_rate         | 0.01        |
| time/                   |             |
|    fps                  | 2389        |
|    iterations           | 171         |
|    time_elapsed         | 879         |
|    total_timesteps      | 2101248     |
| train/                  |             |
|    approx_kl            | 0.014443085 |
|    clip_fraction        | 0.135       |
|    clip_range           | 0.2         |
|    entropy_loss         | -1.99       |
|    explained_variance   | 0.986       |
|    learning_rate        | 0.0003      |
|    loss                 | -0.0257     |
|    n_updates            | 1700        |
|    policy_gradient_loss | -0.0073     |
|    std                  | 0.656       |
|    value_loss           | 0.0022      |
-----------------------------------------
-----------------------------------------
| rollout/                |             |
|    ep_len_mean          | 397         |
|    ep_rew_mean          | 3.86        |
|    success_rate         | 0.01        |
| time/                   |             |
|    fps                  | 2389        |
|    iterations           | 172         |
|    time_elapsed         | 884         |
|    total_timesteps      | 2113536     |
| train/                  |             |
|    approx_kl            | 0.024750715 |
|    clip_fraction        | 0.151       |
|    clip_range           | 0.2         |
|    entropy_loss         | -1.98       |
|    explained_variance   | 0.995       |
|    learning_rate        | 0.0003      |
|    loss                 | -0.0388     |
|    n_updates            | 1710        |
|    policy_gradient_loss | -0.00892    |
|    std                  | 0.649       |
|    value_loss           | 0.000818    |
-----------------------------------------
----------------------------------------
| rollout/                |            |
|    ep_len_mean          | 395        |
|    ep_rew_mean          | 3.85       |
|    success_rate         | 0.02       |
| time/                   |            |
|    fps                  | 2389       |
|    iterations           | 173        |
|    time_elapsed         | 889        |
|    total_timesteps      | 2125824    |
| train/                  |            |
|    approx_kl            | 0.01556161 |
|    clip_fraction        | 0.146      |
|    clip_range           | 0.2        |
|    entropy_loss         | -2         |
|    explained_variance   | 0.986      |
|    learning_rate        | 0.0003     |
|    loss                 | -0.0439    |
|    n_updates            | 1720       |
|    policy_gradient_loss | -0.0101    |
|    std                  | 0.66       |
|    value_loss           | 0.00197    |
----------------------------------------
-----------------------------------------
| rollout/                |             |
|    ep_len_mean          | 396         |
|    ep_rew_mean          | 3.86        |
|    success_rate         | 0.01        |
| time/                   |             |
|    fps                  | 2389        |
|    iterations           | 174         |
|    time_elapsed         | 894         |
|    total_timesteps      | 2138112     |
| train/                  |             |
|    approx_kl            | 0.018815987 |
|    clip_fraction        | 0.181       |
|    clip_range           | 0.2         |
|    entropy_loss         | -2          |
|    explained_variance   | 0.99        |
|    learning_rate        | 0.0003      |
|    loss                 | -0.0232     |
|    n_updates            | 1730        |
|    policy_gradient_loss | -0.0131     |
|    std                  | 0.653       |
|    value_loss           | 0.00203     |
-----------------------------------------
-----------------------------------------
| rollout/                |             |
|    ep_len_mean          | 396         |
|    ep_rew_mean          | 3.9         |
|    success_rate         | 0.01        |
| time/                   |             |
|    fps                  | 2389        |
|    iterations           | 175         |
|    time_elapsed         | 899         |
|    total_timesteps      | 2150400     |
| train/                  |             |
|    approx_kl            | 0.013958339 |
|    clip_fraction        | 0.138       |
|    clip_range           | 0.2         |
|    entropy_loss         | -2          |
|    explained_variance   | 0.985       |
|    learning_rate        | 0.0003      |
|    loss                 | -0.0456     |
|    n_updates            | 1740        |
|    policy_gradient_loss | -0.0111     |
|    std                  | 0.659       |
|    value_loss           | 0.00184     |
-----------------------------------------
----------------------------------------
| rollout/                |            |
|    ep_len_mean          | 396        |
|    ep_rew_mean          | 3.78       |
|    success_rate         | 0          |
| time/                   |            |
|    fps                  | 2389       |
|    iterations           | 176        |
|    time_elapsed         | 905        |
|    total_timesteps      | 2162688    |
| train/                  |            |
|    approx_kl            | 0.01909602 |
|    clip_fraction        | 0.153      |
|    clip_range           | 0.2        |
|    entropy_loss         | -2.01      |
|    explained_variance   | 0.986      |
|    learning_rate        | 0.0003     |
|    loss                 | -0.0414    |
|    n_updates            | 1750       |
|    policy_gradient_loss | -0.00958   |
|    std                  | 0.656      |
|    value_loss           | 0.00353    |
----------------------------------------
-----------------------------------------
| rollout/                |             |
|    ep_len_mean          | 398         |
|    ep_rew_mean          | 3.87        |
|    success_rate         | 0           |
| time/                   |             |
|    fps                  | 2389        |
|    iterations           | 177         |
|    time_elapsed         | 910         |
|    total_timesteps      | 2174976     |
| train/                  |             |
|    approx_kl            | 0.020686867 |
|    clip_fraction        | 0.145       |
|    clip_range           | 0.2         |
|    entropy_loss         | -2.03       |
|    explained_variance   | 0.982       |
|    learning_rate        | 0.0003      |
|    loss                 | -0.0333     |
|    n_updates            | 1760        |
|    policy_gradient_loss | -0.00659    |
|    std                  | 0.671       |
|    value_loss           | 0.00291     |
-----------------------------------------
-----------------------------------------
| rollout/                |             |
|    ep_len_mean          | 398         |
|    ep_rew_mean          | 3.84        |
|    success_rate         | 0           |
| time/                   |             |
|    fps                  | 2389        |
|    iterations           | 178         |
|    time_elapsed         | 915         |
|    total_timesteps      | 2187264     |
| train/                  |             |
|    approx_kl            | 0.017320938 |
|    clip_fraction        | 0.154       |
|    clip_range           | 0.2         |
|    entropy_loss         | -2.03       |
|    explained_variance   | 0.991       |
|    learning_rate        | 0.0003      |
|    loss                 | -0.0293     |
|    n_updates            | 1770        |
|    policy_gradient_loss | -0.0112     |
|    std                  | 0.667       |
|    value_loss           | 0.00125     |
-----------------------------------------
-----------------------------------------
| rollout/                |             |
|    ep_len_mean          | 400         |
|    ep_rew_mean          | 3.93        |
|    success_rate         | 0           |
| time/                   |             |
|    fps                  | 2389        |
|    iterations           | 179         |
|    time_elapsed         | 920         |
|    total_timesteps      | 2199552     |
| train/                  |             |
|    approx_kl            | 0.015419275 |
|    clip_fraction        | 0.143       |
|    clip_range           | 0.2         |
|    entropy_loss         | -2.04       |
|    explained_variance   | 0.988       |
|    learning_rate        | 0.0003      |
|    loss                 | -0.0298     |
|    n_updates            | 1780        |
|    policy_gradient_loss | -0.00957    |
|    std                  | 0.67        |
|    value_loss           | 0.00195     |
-----------------------------------------
-----------------------------------------
| rollout/                |             |
|    ep_len_mean          | 400         |
|    ep_rew_mean          | 3.97        |
|    success_rate         | 0           |
| time/                   |             |
|    fps                  | 2389        |
|    iterations           | 180         |
|    time_elapsed         | 925         |
|    total_timesteps      | 2211840     |
| train/                  |             |
|    approx_kl            | 0.013668027 |
|    clip_fraction        | 0.143       |
|    clip_range           | 0.2         |
|    entropy_loss         | -2.01       |
|    explained_variance   | 0.994       |
|    learning_rate        | 0.0003      |
|    loss                 | -0.0301     |
|    n_updates            | 1790        |
|    policy_gradient_loss | -0.0089     |
|    std                  | 0.655       |
|    value_loss           | 0.0013      |
-----------------------------------------
-----------------------------------------
| rollout/                |             |
|    ep_len_mean          | 398         |
|    ep_rew_mean          | 3.92        |
|    success_rate         | 0.01        |
| time/                   |             |
|    fps                  | 2389        |
|    iterations           | 181         |
|    time_elapsed         | 930         |
|    total_timesteps      | 2224128     |
| train/                  |             |
|    approx_kl            | 0.014878836 |
|    clip_fraction        | 0.144       |
|    clip_range           | 0.2         |
|    entropy_loss         | -1.99       |
|    explained_variance   | 0.991       |
|    learning_rate        | 0.0003      |
|    loss                 | -0.0151     |
|    n_updates            | 1800        |
|    policy_gradient_loss | -0.0106     |
|    std                  | 0.651       |
|    value_loss           | 0.00168     |
-----------------------------------------
-----------------------------------------
| rollout/                |             |
|    ep_len_mean          | 398         |
|    ep_rew_mean          | 3.83        |
|    success_rate         | 0.01        |
| time/                   |             |
|    fps                  | 2389        |
|    iterations           | 182         |
|    time_elapsed         | 935         |
|    total_timesteps      | 2236416     |
| train/                  |             |
|    approx_kl            | 0.017416233 |
|    clip_fraction        | 0.159       |
|    clip_range           | 0.2         |
|    entropy_loss         | -1.98       |
|    explained_variance   | 0.988       |
|    learning_rate        | 0.0003      |
|    loss                 | -0.0152     |
|    n_updates            | 1810        |
|    policy_gradient_loss | -0.0121     |
|    std                  | 0.648       |
|    value_loss           | 0.0018      |
-----------------------------------------
-----------------------------------------
| rollout/                |             |
|    ep_len_mean          | 398         |
|    ep_rew_mean          | 3.78        |
|    success_rate         | 0.01        |
| time/                   |             |
|    fps                  | 2389        |
|    iterations           | 183         |
|    time_elapsed         | 941         |
|    total_timesteps      | 2248704     |
| train/                  |             |
|    approx_kl            | 0.018178327 |
|    clip_fraction        | 0.15        |
|    clip_range           | 0.2         |
|    entropy_loss         | -1.96       |
|    explained_variance   | 0.98        |
|    learning_rate        | 0.0003      |
|    loss                 | -0.0498     |
|    n_updates            | 1820        |
|    policy_gradient_loss | -0.0118     |
|    std                  | 0.643       |
|    value_loss           | 0.00233     |
-----------------------------------------
----------------------------------------
| rollout/                |            |
|    ep_len_mean          | 399        |
|    ep_rew_mean          | 3.8        |
|    success_rate         | 0          |
| time/                   |            |
|    fps                  | 2389       |
|    iterations           | 184        |
|    time_elapsed         | 946        |
|    total_timesteps      | 2260992    |
| train/                  |            |
|    approx_kl            | 0.01749325 |
|    clip_fraction        | 0.152      |
|    clip_range           | 0.2        |
|    entropy_loss         | -1.95      |
|    explained_variance   | 0.991      |
|    learning_rate        | 0.0003     |
|    loss                 | -0.0471    |
|    n_updates            | 1830       |
|    policy_gradient_loss | -0.0146    |
|    std                  | 0.639      |
|    value_loss           | 0.00126    |
----------------------------------------
-----------------------------------------
| rollout/                |             |
|    ep_len_mean          | 399         |
|    ep_rew_mean          | 3.87        |
|    success_rate         | 0           |
| time/                   |             |
|    fps                  | 2389        |
|    iterations           | 185         |
|    time_elapsed         | 951         |
|    total_timesteps      | 2273280     |
| train/                  |             |
|    approx_kl            | 0.016112722 |
|    clip_fraction        | 0.163       |
|    clip_range           | 0.2         |
|    entropy_loss         | -1.93       |
|    explained_variance   | 0.991       |
|    learning_rate        | 0.0003      |
|    loss                 | -0.0449     |
|    n_updates            | 1840        |
|    policy_gradient_loss | -0.0107     |
|    std                  | 0.632       |
|    value_loss           | 0.00118     |
-----------------------------------------
-----------------------------------------
| rollout/                |             |
|    ep_len_mean          | 399         |
|    ep_rew_mean          | 3.96        |
|    success_rate         | 0           |
| time/                   |             |
|    fps                  | 2389        |
|    iterations           | 186         |
|    time_elapsed         | 956         |
|    total_timesteps      | 2285568     |
| train/                  |             |
|    approx_kl            | 0.015309025 |
|    clip_fraction        | 0.149       |
|    clip_range           | 0.2         |
|    entropy_loss         | -1.91       |
|    explained_variance   | 0.993       |
|    learning_rate        | 0.0003      |
|    loss                 | -0.0176     |
|    n_updates            | 1850        |
|    policy_gradient_loss | -0.00635    |
|    std                  | 0.623       |
|    value_loss           | 0.00119     |
-----------------------------------------
-----------------------------------------
| rollout/                |             |
|    ep_len_mean          | 399         |
|    ep_rew_mean          | 4           |
|    success_rate         | 0           |
| time/                   |             |
|    fps                  | 2389        |
|    iterations           | 187         |
|    time_elapsed         | 961         |
|    total_timesteps      | 2297856     |
| train/                  |             |
|    approx_kl            | 0.013754376 |
|    clip_fraction        | 0.161       |
|    clip_range           | 0.2         |
|    entropy_loss         | -1.88       |
|    explained_variance   | 0.991       |
|    learning_rate        | 0.0003      |
|    loss                 | 0.00924     |
|    n_updates            | 1860        |
|    policy_gradient_loss | -0.00741    |
|    std                  | 0.616       |
|    value_loss           | 0.00137     |
-----------------------------------------
-----------------------------------------
| rollout/                |             |
|    ep_len_mean          | 399         |
|    ep_rew_mean          | 3.96        |
|    success_rate         | 0           |
| time/                   |             |
|    fps                  | 2389        |
|    iterations           | 188         |
|    time_elapsed         | 966         |
|    total_timesteps      | 2310144     |
| train/                  |             |
|    approx_kl            | 0.018013626 |
|    clip_fraction        | 0.152       |
|    clip_range           | 0.2         |
|    entropy_loss         | -1.87       |
|    explained_variance   | 0.989       |
|    learning_rate        | 0.0003      |
|    loss                 | -0.0215     |
|    n_updates            | 1870        |
|    policy_gradient_loss | -0.0089     |
|    std                  | 0.61        |
|    value_loss           | 0.00245     |
-----------------------------------------
-----------------------------------------
| rollout/                |             |
|    ep_len_mean          | 399         |
|    ep_rew_mean          | 3.79        |
|    success_rate         | 0           |
| time/                   |             |
|    fps                  | 2389        |
|    iterations           | 189         |
|    time_elapsed         | 971         |
|    total_timesteps      | 2322432     |
| train/                  |             |
|    approx_kl            | 0.016000409 |
|    clip_fraction        | 0.159       |
|    clip_range           | 0.2         |
|    entropy_loss         | -1.87       |
|    explained_variance   | 0.989       |
|    learning_rate        | 0.0003      |
|    loss                 | -0.0218     |
|    n_updates            | 1880        |
|    policy_gradient_loss | -0.00731    |
|    std                  | 0.619       |
|    value_loss           | 0.00196     |
-----------------------------------------
-----------------------------------------
| rollout/                |             |
|    ep_len_mean          | 400         |
|    ep_rew_mean          | 3.83        |
|    success_rate         | 0           |
| time/                   |             |
|    fps                  | 2390        |
|    iterations           | 190         |
|    time_elapsed         | 976         |
|    total_timesteps      | 2334720     |
| train/                  |             |
|    approx_kl            | 0.016838288 |
|    clip_fraction        | 0.153       |
|    clip_range           | 0.2         |
|    entropy_loss         | -1.9        |
|    explained_variance   | 0.988       |
|    learning_rate        | 0.0003      |
|    loss                 | -0.023      |
|    n_updates            | 1890        |
|    policy_gradient_loss | -0.0134     |
|    std                  | 0.631       |
|    value_loss           | 0.00282     |
-----------------------------------------
--------------------------------------
| rollout/                |          |
|    ep_len_mean          | 400      |
|    ep_rew_mean          | 3.81     |
|    success_rate         | 0        |
| time/                   |          |
|    fps                  | 2390     |
|    iterations           | 191      |
|    time_elapsed         | 981      |
|    total_timesteps      | 2347008  |
| train/                  |          |
|    approx_kl            | 0.017535 |
|    clip_fraction        | 0.15     |
|    clip_range           | 0.2      |
|    entropy_loss         | -1.91    |
|    explained_variance   | 0.993    |
|    learning_rate        | 0.0003   |
|    loss                 | -0.0176  |
|    n_updates            | 1900     |
|    policy_gradient_loss | -0.00905 |
|    std                  | 0.624    |
|    value_loss           | 0.00142  |
--------------------------------------
-----------------------------------------
| rollout/                |             |
|    ep_len_mean          | 400         |
|    ep_rew_mean          | 3.76        |
|    success_rate         | 0           |
| time/                   |             |
|    fps                  | 2390        |
|    iterations           | 192         |
|    time_elapsed         | 987         |
|    total_timesteps      | 2359296     |
| train/                  |             |
|    approx_kl            | 0.017447041 |
|    clip_fraction        | 0.16        |
|    clip_range           | 0.2         |
|    entropy_loss         | -1.91       |
|    explained_variance   | 0.984       |
|    learning_rate        | 0.0003      |
|    loss                 | -0.0363     |
|    n_updates            | 1910        |
|    policy_gradient_loss | -0.0126     |
|    std                  | 0.628       |
|    value_loss           | 0.00347     |
-----------------------------------------
-----------------------------------------
| rollout/                |             |
|    ep_len_mean          | 400         |
|    ep_rew_mean          | 3.7         |
|    success_rate         | 0           |
| time/                   |             |
|    fps                  | 2390        |
|    iterations           | 193         |
|    time_elapsed         | 992         |
|    total_timesteps      | 2371584     |
| train/                  |             |
|    approx_kl            | 0.014956746 |
|    clip_fraction        | 0.153       |
|    clip_range           | 0.2         |
|    entropy_loss         | -1.91       |
|    explained_variance   | 0.985       |
|    learning_rate        | 0.0003      |
|    loss                 | -0.0229     |
|    n_updates            | 1920        |
|    policy_gradient_loss | -0.0117     |
|    std                  | 0.628       |
|    value_loss           | 0.00346     |
-----------------------------------------
-----------------------------------------
| rollout/                |             |
|    ep_len_mean          | 400         |
|    ep_rew_mean          | 3.71        |
|    success_rate         | 0           |
| time/                   |             |
|    fps                  | 2390        |
|    iterations           | 194         |
|    time_elapsed         | 997         |
|    total_timesteps      | 2383872     |
| train/                  |             |
|    approx_kl            | 0.016750677 |
|    clip_fraction        | 0.157       |
|    clip_range           | 0.2         |
|    entropy_loss         | -1.89       |
|    explained_variance   | 0.991       |
|    learning_rate        | 0.0003      |
|    loss                 | -0.0249     |
|    n_updates            | 1930        |
|    policy_gradient_loss | -0.0112     |
|    std                  | 0.617       |
|    value_loss           | 0.00149     |
-----------------------------------------
-----------------------------------------
| rollout/                |             |
|    ep_len_mean          | 399         |
|    ep_rew_mean          | 3.69        |
|    success_rate         | 0           |
| time/                   |             |
|    fps                  | 2390        |
|    iterations           | 195         |
|    time_elapsed         | 1002        |
|    total_timesteps      | 2396160     |
| train/                  |             |
|    approx_kl            | 0.016074201 |
|    clip_fraction        | 0.157       |
|    clip_range           | 0.2         |
|    entropy_loss         | -1.86       |
|    explained_variance   | 0.993       |
|    learning_rate        | 0.0003      |
|    loss                 | -0.0376     |
|    n_updates            | 1940        |
|    policy_gradient_loss | -0.0116     |
|    std                  | 0.608       |
|    value_loss           | 0.00125     |
-----------------------------------------
-----------------------------------------
| rollout/                |             |
|    ep_len_mean          | 398         |
|    ep_rew_mean          | 3.7         |
|    success_rate         | 0           |
| time/                   |             |
|    fps                  | 2390        |
|    iterations           | 196         |
|    time_elapsed         | 1007        |
|    total_timesteps      | 2408448     |
| train/                  |             |
|    approx_kl            | 0.015830321 |
|    clip_fraction        | 0.144       |
|    clip_range           | 0.2         |
|    entropy_loss         | -1.86       |
|    explained_variance   | 0.986       |
|    learning_rate        | 0.0003      |
|    loss                 | -0.00124    |
|    n_updates            | 1950        |
|    policy_gradient_loss | -0.0101     |
|    std                  | 0.612       |
|    value_loss           | 0.00172     |
-----------------------------------------
----------------------------------------
| rollout/                |            |
|    ep_len_mean          | 398        |
|    ep_rew_mean          | 3.59       |
|    success_rate         | 0          |
| time/                   |            |
|    fps                  | 2390       |
|    iterations           | 197        |
|    time_elapsed         | 1012       |
|    total_timesteps      | 2420736    |
| train/                  |            |
|    approx_kl            | 0.01678098 |
|    clip_fraction        | 0.146      |
|    clip_range           | 0.2        |
|    entropy_loss         | -1.88      |
|    explained_variance   | 0.982      |
|    learning_rate        | 0.0003     |
|    loss                 | -0.0247    |
|    n_updates            | 1960       |
|    policy_gradient_loss | -0.00929   |
|    std                  | 0.623      |
|    value_loss           | 0.00245    |
----------------------------------------
----------------------------------------
| rollout/                |            |
|    ep_len_mean          | 398        |
|    ep_rew_mean          | 3.72       |
|    success_rate         | 0          |
| time/                   |            |
|    fps                  | 2390       |
|    iterations           | 198        |
|    time_elapsed         | 1017       |
|    total_timesteps      | 2433024    |
| train/                  |            |
|    approx_kl            | 0.01814165 |
|    clip_fraction        | 0.167      |
|    clip_range           | 0.2        |
|    entropy_loss         | -1.88      |
|    explained_variance   | 0.993      |
|    learning_rate        | 0.0003     |
|    loss                 | -0.0308    |
|    n_updates            | 1970       |
|    policy_gradient_loss | -0.0123    |
|    std                  | 0.617      |
|    value_loss           | 0.00108    |
----------------------------------------
-----------------------------------------
| rollout/                |             |
|    ep_len_mean          | 399         |
|    ep_rew_mean          | 3.78        |
|    success_rate         | 0           |
| time/                   |             |
|    fps                  | 2390        |
|    iterations           | 199         |
|    time_elapsed         | 1022        |
|    total_timesteps      | 2445312     |
| train/                  |             |
|    approx_kl            | 0.017401425 |
|    clip_fraction        | 0.167       |
|    clip_range           | 0.2         |
|    entropy_loss         | -1.87       |
|    explained_variance   | 0.989       |
|    learning_rate        | 0.0003      |
|    loss                 | -0.0212     |
|    n_updates            | 1980        |
|    policy_gradient_loss | -0.0108     |
|    std                  | 0.617       |
|    value_loss           | 0.00106     |
-----------------------------------------
-----------------------------------------
| rollout/                |             |
|    ep_len_mean          | 398         |
|    ep_rew_mean          | 3.82        |
|    success_rate         | 0           |
| time/                   |             |
|    fps                  | 2391        |
|    iterations           | 200         |
|    time_elapsed         | 1027        |
|    total_timesteps      | 2457600     |
| train/                  |             |
|    approx_kl            | 0.016473956 |
|    clip_fraction        | 0.172       |
|    clip_range           | 0.2         |
|    entropy_loss         | -1.85       |
|    explained_variance   | 0.995       |
|    learning_rate        | 0.0003      |
|    loss                 | -0.0251     |
|    n_updates            | 1990        |
|    policy_gradient_loss | -0.00849    |
|    std                  | 0.607       |
|    value_loss           | 0.00061     |
-----------------------------------------
-----------------------------------------
| rollout/                |             |
|    ep_len_mean          | 399         |
|    ep_rew_mean          | 3.75        |
|    success_rate         | 0           |
| time/                   |             |
|    fps                  | 2390        |
|    iterations           | 201         |
|    time_elapsed         | 1033        |
|    total_timesteps      | 2469888     |
| train/                  |             |
|    approx_kl            | 0.017226428 |
|    clip_fraction        | 0.146       |
|    clip_range           | 0.2         |
|    entropy_loss         | -1.85       |
|    explained_variance   | 0.982       |
|    learning_rate        | 0.0003      |
|    loss                 | -0.0297     |
|    n_updates            | 2000        |
|    policy_gradient_loss | -0.00927    |
|    std                  | 0.612       |
|    value_loss           | 0.00215     |
-----------------------------------------
-----------------------------------------
| rollout/                |             |
|    ep_len_mean          | 399         |
|    ep_rew_mean          | 3.72        |
|    success_rate         | 0           |
| time/                   |             |
|    fps                  | 2390        |
|    iterations           | 202         |
|    time_elapsed         | 1038        |
|    total_timesteps      | 2482176     |
| train/                  |             |
|    approx_kl            | 0.018175215 |
|    clip_fraction        | 0.181       |
|    clip_range           | 0.2         |
|    entropy_loss         | -1.87       |
|    explained_variance   | 0.991       |
|    learning_rate        | 0.0003      |
|    loss                 | -0.00519    |
|    n_updates            | 2010        |
|    policy_gradient_loss | -0.0127     |
|    std                  | 0.614       |
|    value_loss           | 0.00139     |
-----------------------------------------
-----------------------------------------
| rollout/                |             |
|    ep_len_mean          | 400         |
|    ep_rew_mean          | 3.71        |
|    success_rate         | 0           |
| time/                   |             |
|    fps                  | 2390        |
|    iterations           | 203         |
|    time_elapsed         | 1043        |
|    total_timesteps      | 2494464     |
| train/                  |             |
|    approx_kl            | 0.017452938 |
|    clip_fraction        | 0.152       |
|    clip_range           | 0.2         |
|    entropy_loss         | -1.88       |
|    explained_variance   | 0.99        |
|    learning_rate        | 0.0003      |
|    loss                 | -0.041      |
|    n_updates            | 2020        |
|    policy_gradient_loss | -0.0124     |
|    std                  | 0.617       |
|    value_loss           | 0.000697    |
-----------------------------------------
-----------------------------------------
| rollout/                |             |
|    ep_len_mean          | 400         |
|    ep_rew_mean          | 3.83        |
|    success_rate         | 0           |
| time/                   |             |
|    fps                  | 2390        |
|    iterations           | 204         |
|    time_elapsed         | 1048        |
|    total_timesteps      | 2506752     |
| train/                  |             |
|    approx_kl            | 0.014796455 |
|    clip_fraction        | 0.146       |
|    clip_range           | 0.2         |
|    entropy_loss         | -1.84       |
|    explained_variance   | 0.995       |
|    learning_rate        | 0.0003      |
|    loss                 | -0.0177     |
|    n_updates            | 2030        |
|    policy_gradient_loss | -0.00978    |
|    std                  | 0.601       |
|    value_loss           | 0.000517    |
-----------------------------------------
-----------------------------------------
| rollout/                |             |
|    ep_len_mean          | 399         |
|    ep_rew_mean          | 3.88        |
|    success_rate         | 0           |
| time/                   |             |
|    fps                  | 2390        |
|    iterations           | 205         |
|    time_elapsed         | 1053        |
|    total_timesteps      | 2519040     |
| train/                  |             |
|    approx_kl            | 0.016961284 |
|    clip_fraction        | 0.147       |
|    clip_range           | 0.2         |
|    entropy_loss         | -1.82       |
|    explained_variance   | 0.992       |
|    learning_rate        | 0.0003      |
|    loss                 | -0.0365     |
|    n_updates            | 2040        |
|    policy_gradient_loss | -0.00957    |
|    std                  | 0.599       |
|    value_loss           | 0.000787    |
-----------------------------------------
-----------------------------------------
| rollout/                |             |
|    ep_len_mean          | 399         |
|    ep_rew_mean          | 3.81        |
|    success_rate         | 0           |
| time/                   |             |
|    fps                  | 2389        |
|    iterations           | 206         |
|    time_elapsed         | 1059        |
|    total_timesteps      | 2531328     |
| train/                  |             |
|    approx_kl            | 0.018567832 |
|    clip_fraction        | 0.165       |
|    clip_range           | 0.2         |
|    entropy_loss         | -1.81       |
|    explained_variance   | 0.99        |
|    learning_rate        | 0.0003      |
|    loss                 | -0.02       |
|    n_updates            | 2050        |
|    policy_gradient_loss | -0.0108     |
|    std                  | 0.598       |
|    value_loss           | 0.0018      |
-----------------------------------------
-----------------------------------------
| rollout/                |             |
|    ep_len_mean          | 399         |
|    ep_rew_mean          | 3.78        |
|    success_rate         | 0           |
| time/                   |             |
|    fps                  | 2390        |
|    iterations           | 207         |
|    time_elapsed         | 1064        |
|    total_timesteps      | 2543616     |
| train/                  |             |
|    approx_kl            | 0.016640073 |
|    clip_fraction        | 0.153       |
|    clip_range           | 0.2         |
|    entropy_loss         | -1.8        |
|    explained_variance   | 0.993       |
|    learning_rate        | 0.0003      |
|    loss                 | -0.0132     |
|    n_updates            | 2060        |
|    policy_gradient_loss | -0.00668    |
|    std                  | 0.592       |
|    value_loss           | 0.000804    |
-----------------------------------------
-----------------------------------------
| rollout/                |             |
|    ep_len_mean          | 399         |
|    ep_rew_mean          | 3.79        |
|    success_rate         | 0           |
| time/                   |             |
|    fps                  | 2390        |
|    iterations           | 208         |
|    time_elapsed         | 1069        |
|    total_timesteps      | 2555904     |
| train/                  |             |
|    approx_kl            | 0.017312838 |
|    clip_fraction        | 0.159       |
|    clip_range           | 0.2         |
|    entropy_loss         | -1.78       |
|    explained_variance   | 0.993       |
|    learning_rate        | 0.0003      |
|    loss                 | -0.0168     |
|    n_updates            | 2070        |
|    policy_gradient_loss | -0.0082     |
|    std                  | 0.588       |
|    value_loss           | 0.000786    |
-----------------------------------------
-----------------------------------------
| rollout/                |             |
|    ep_len_mean          | 400         |
|    ep_rew_mean          | 3.83        |
|    success_rate         | 0           |
| time/                   |             |
|    fps                  | 2390        |
|    iterations           | 209         |
|    time_elapsed         | 1074        |
|    total_timesteps      | 2568192     |
| train/                  |             |
|    approx_kl            | 0.016907685 |
|    clip_fraction        | 0.148       |
|    clip_range           | 0.2         |
|    entropy_loss         | -1.76       |
|    explained_variance   | 0.992       |
|    learning_rate        | 0.0003      |
|    loss                 | -0.0275     |
|    n_updates            | 2080        |
|    policy_gradient_loss | -0.0112     |
|    std                  | 0.579       |
|    value_loss           | 0.000844    |
-----------------------------------------
-----------------------------------------
| rollout/                |             |
|    ep_len_mean          | 400         |
|    ep_rew_mean          | 3.87        |
|    success_rate         | 0           |
| time/                   |             |
|    fps                  | 2390        |
|    iterations           | 210         |
|    time_elapsed         | 1079        |
|    total_timesteps      | 2580480     |
| train/                  |             |
|    approx_kl            | 0.019058466 |
|    clip_fraction        | 0.162       |
|    clip_range           | 0.2         |
|    entropy_loss         | -1.75       |
|    explained_variance   | 0.989       |
|    learning_rate        | 0.0003      |
|    loss                 | -0.0576     |
|    n_updates            | 2090        |
|    policy_gradient_loss | -0.00886    |
|    std                  | 0.579       |
|    value_loss           | 0.00145     |
-----------------------------------------
-----------------------------------------
| rollout/                |             |
|    ep_len_mean          | 400         |
|    ep_rew_mean          | 3.89        |
|    success_rate         | 0           |
| time/                   |             |
|    fps                  | 2390        |
|    iterations           | 211         |
|    time_elapsed         | 1084        |
|    total_timesteps      | 2592768     |
| train/                  |             |
|    approx_kl            | 0.019323979 |
|    clip_fraction        | 0.169       |
|    clip_range           | 0.2         |
|    entropy_loss         | -1.73       |
|    explained_variance   | 0.995       |
|    learning_rate        | 0.0003      |
|    loss                 | -0.0305     |
|    n_updates            | 2100        |
|    policy_gradient_loss | -0.0108     |
|    std                  | 0.572       |
|    value_loss           | 0.000538    |
-----------------------------------------
-----------------------------------------
| rollout/                |             |
|    ep_len_mean          | 400         |
|    ep_rew_mean          | 3.87        |
|    success_rate         | 0           |
| time/                   |             |
|    fps                  | 2390        |
|    iterations           | 212         |
|    time_elapsed         | 1089        |
|    total_timesteps      | 2605056     |
| train/                  |             |
|    approx_kl            | 0.017445255 |
|    clip_fraction        | 0.158       |
|    clip_range           | 0.2         |
|    entropy_loss         | -1.7        |
|    explained_variance   | 0.996       |
|    learning_rate        | 0.0003      |
|    loss                 | -0.0133     |
|    n_updates            | 2110        |
|    policy_gradient_loss | -0.00823    |
|    std                  | 0.561       |
|    value_loss           | 0.000982    |
-----------------------------------------
-----------------------------------------
| rollout/                |             |
|    ep_len_mean          | 400         |
|    ep_rew_mean          | 3.81        |
|    success_rate         | 0           |
| time/                   |             |
|    fps                  | 2390        |
|    iterations           | 213         |
|    time_elapsed         | 1094        |
|    total_timesteps      | 2617344     |
| train/                  |             |
|    approx_kl            | 0.016402258 |
|    clip_fraction        | 0.157       |
|    clip_range           | 0.2         |
|    entropy_loss         | -1.7        |
|    explained_variance   | 0.994       |
|    learning_rate        | 0.0003      |
|    loss                 | -0.0198     |
|    n_updates            | 2120        |
|    policy_gradient_loss | -0.0082     |
|    std                  | 0.567       |
|    value_loss           | 0.00079     |
-----------------------------------------
-----------------------------------------
| rollout/                |             |
|    ep_len_mean          | 400         |
|    ep_rew_mean          | 3.83        |
|    success_rate         | 0           |
| time/                   |             |
|    fps                  | 2390        |
|    iterations           | 214         |
|    time_elapsed         | 1100        |
|    total_timesteps      | 2629632     |
| train/                  |             |
|    approx_kl            | 0.016087016 |
|    clip_fraction        | 0.157       |
|    clip_range           | 0.2         |
|    entropy_loss         | -1.68       |
|    explained_variance   | 0.995       |
|    learning_rate        | 0.0003      |
|    loss                 | -0.0119     |
|    n_updates            | 2130        |
|    policy_gradient_loss | -0.00967    |
|    std                  | 0.556       |
|    value_loss           | 0.000485    |
-----------------------------------------
-----------------------------------------
| rollout/                |             |
|    ep_len_mean          | 400         |
|    ep_rew_mean          | 3.83        |
|    success_rate         | 0           |
| time/                   |             |
|    fps                  | 2390        |
|    iterations           | 215         |
|    time_elapsed         | 1105        |
|    total_timesteps      | 2641920     |
| train/                  |             |
|    approx_kl            | 0.015197486 |
|    clip_fraction        | 0.153       |
|    clip_range           | 0.2         |
|    entropy_loss         | -1.64       |
|    explained_variance   | 0.998       |
|    learning_rate        | 0.0003      |
|    loss                 | -0.0141     |
|    n_updates            | 2140        |
|    policy_gradient_loss | -0.00779    |
|    std                  | 0.545       |
|    value_loss           | 0.000283    |
-----------------------------------------
-----------------------------------------
| rollout/                |             |
|    ep_len_mean          | 400         |
|    ep_rew_mean          | 3.87        |
|    success_rate         | 0           |
| time/                   |             |
|    fps                  | 2390        |
|    iterations           | 216         |
|    time_elapsed         | 1110        |
|    total_timesteps      | 2654208     |
| train/                  |             |
|    approx_kl            | 0.019450227 |
|    clip_fraction        | 0.165       |
|    clip_range           | 0.2         |
|    entropy_loss         | -1.65       |
|    explained_variance   | 0.99        |
|    learning_rate        | 0.0003      |
|    loss                 | -0.0244     |
|    n_updates            | 2150        |
|    policy_gradient_loss | -0.0101     |
|    std                  | 0.553       |
|    value_loss           | 0.0014      |
-----------------------------------------
----------------------------------------
| rollout/                |            |
|    ep_len_mean          | 400        |
|    ep_rew_mean          | 3.87       |
|    success_rate         | 0          |
| time/                   |            |
|    fps                  | 2390       |
|    iterations           | 217        |
|    time_elapsed         | 1115       |
|    total_timesteps      | 2666496    |
| train/                  |            |
|    approx_kl            | 0.09991165 |
|    clip_fraction        | 0.161      |
|    clip_range           | 0.2        |
|    entropy_loss         | -1.66      |
|    explained_variance   | 0.996      |
|    learning_rate        | 0.0003     |
|    loss                 | -0.0414    |
|    n_updates            | 2160       |
|    policy_gradient_loss | 0.00787    |
|    std                  | 0.552      |
|    value_loss           | 0.00055    |
----------------------------------------
-----------------------------------------
| rollout/                |             |
|    ep_len_mean          | 400         |
|    ep_rew_mean          | 3.9         |
|    success_rate         | 0           |
| time/                   |             |
|    fps                  | 2390        |
|    iterations           | 218         |
|    time_elapsed         | 1120        |
|    total_timesteps      | 2678784     |
| train/                  |             |
|    approx_kl            | 0.017539255 |
|    clip_fraction        | 0.149       |
|    clip_range           | 0.2         |
|    entropy_loss         | -1.67       |
|    explained_variance   | 0.995       |
|    learning_rate        | 0.0003      |
|    loss                 | -0.0224     |
|    n_updates            | 2170        |
|    policy_gradient_loss | -0.011      |
|    std                  | 0.555       |
|    value_loss           | 0.00079     |
-----------------------------------------
-----------------------------------------
| rollout/                |             |
|    ep_len_mean          | 400         |
|    ep_rew_mean          | 3.88        |
|    success_rate         | 0           |
| time/                   |             |
|    fps                  | 2390        |
|    iterations           | 219         |
|    time_elapsed         | 1125        |
|    total_timesteps      | 2691072     |
| train/                  |             |
|    approx_kl            | 0.022337109 |
|    clip_fraction        | 0.164       |
|    clip_range           | 0.2         |
|    entropy_loss         | -1.69       |
|    explained_variance   | 0.99        |
|    learning_rate        | 0.0003      |
|    loss                 | -0.0449     |
|    n_updates            | 2180        |
|    policy_gradient_loss | -0.0105     |
|    std                  | 0.567       |
|    value_loss           | 0.00157     |
-----------------------------------------
-----------------------------------------
| rollout/                |             |
|    ep_len_mean          | 400         |
|    ep_rew_mean          | 3.82        |
|    success_rate         | 0           |
| time/                   |             |
|    fps                  | 2390        |
|    iterations           | 220         |
|    time_elapsed         | 1130        |
|    total_timesteps      | 2703360     |
| train/                  |             |
|    approx_kl            | 0.017668627 |
|    clip_fraction        | 0.182       |
|    clip_range           | 0.2         |
|    entropy_loss         | -1.7        |
|    explained_variance   | 0.993       |
|    learning_rate        | 0.0003      |
|    loss                 | -0.0372     |
|    n_updates            | 2190        |
|    policy_gradient_loss | -0.0104     |
|    std                  | 0.565       |
|    value_loss           | 0.000997    |
-----------------------------------------
-----------------------------------------
| rollout/                |             |
|    ep_len_mean          | 400         |
|    ep_rew_mean          | 3.69        |
|    success_rate         | 0           |
| time/                   |             |
|    fps                  | 2390        |
|    iterations           | 221         |
|    time_elapsed         | 1136        |
|    total_timesteps      | 2715648     |
| train/                  |             |
|    approx_kl            | 0.023188246 |
|    clip_fraction        | 0.167       |
|    clip_range           | 0.2         |
|    entropy_loss         | -1.71       |
|    explained_variance   | 0.994       |
|    learning_rate        | 0.0003      |
|    loss                 | -0.0349     |
|    n_updates            | 2200        |
|    policy_gradient_loss | -0.0107     |
|    std                  | 0.567       |
|    value_loss           | 0.000951    |
-----------------------------------------
----------------------------------------
| rollout/                |            |
|    ep_len_mean          | 399        |
|    ep_rew_mean          | 3.67       |
|    success_rate         | 0          |
| time/                   |            |
|    fps                  | 2390       |
|    iterations           | 222        |
|    time_elapsed         | 1141       |
|    total_timesteps      | 2727936    |
| train/                  |            |
|    approx_kl            | 0.01880964 |
|    clip_fraction        | 0.169      |
|    clip_range           | 0.2        |
|    entropy_loss         | -1.72      |
|    explained_variance   | 0.986      |
|    learning_rate        | 0.0003     |
|    loss                 | -0.0257    |
|    n_updates            | 2210       |
|    policy_gradient_loss | -0.0139    |
|    std                  | 0.575      |
|    value_loss           | 0.00233    |
----------------------------------------
-----------------------------------------
| rollout/                |             |
|    ep_len_mean          | 399         |
|    ep_rew_mean          | 3.66        |
|    success_rate         | 0           |
| time/                   |             |
|    fps                  | 2390        |
|    iterations           | 223         |
|    time_elapsed         | 1146        |
|    total_timesteps      | 2740224     |
| train/                  |             |
|    approx_kl            | 0.017724657 |
|    clip_fraction        | 0.169       |
|    clip_range           | 0.2         |
|    entropy_loss         | -1.73       |
|    explained_variance   | 0.99        |
|    learning_rate        | 0.0003      |
|    loss                 | 0.00396     |
|    n_updates            | 2220        |
|    policy_gradient_loss | -0.00836    |
|    std                  | 0.577       |
|    value_loss           | 0.00306     |
-----------------------------------------
-----------------------------------------
| rollout/                |             |
|    ep_len_mean          | 399         |
|    ep_rew_mean          | 3.71        |
|    success_rate         | 0           |
| time/                   |             |
|    fps                  | 2390        |
|    iterations           | 224         |
|    time_elapsed         | 1151        |
|    total_timesteps      | 2752512     |
| train/                  |             |
|    approx_kl            | 0.015986914 |
|    clip_fraction        | 0.157       |
|    clip_range           | 0.2         |
|    entropy_loss         | -1.75       |
|    explained_variance   | 0.99        |
|    learning_rate        | 0.0003      |
|    loss                 | -0.0214     |
|    n_updates            | 2230        |
|    policy_gradient_loss | -0.00865    |
|    std                  | 0.581       |
|    value_loss           | 0.00205     |
-----------------------------------------
----------------------------------------
| rollout/                |            |
|    ep_len_mean          | 400        |
|    ep_rew_mean          | 3.71       |
|    success_rate         | 0          |
| time/                   |            |
|    fps                  | 2390       |
|    iterations           | 225        |
|    time_elapsed         | 1156       |
|    total_timesteps      | 2764800    |
| train/                  |            |
|    approx_kl            | 0.01744392 |
|    clip_fraction        | 0.166      |
|    clip_range           | 0.2        |
|    entropy_loss         | -1.77      |
|    explained_variance   | 0.988      |
|    learning_rate        | 0.0003     |
|    loss                 | -0.0441    |
|    n_updates            | 2240       |
|    policy_gradient_loss | -0.0104    |
|    std                  | 0.59       |
|    value_loss           | 0.00311    |
----------------------------------------
-----------------------------------------
| rollout/                |             |
|    ep_len_mean          | 400         |
|    ep_rew_mean          | 3.66        |
|    success_rate         | 0           |
| time/                   |             |
|    fps                  | 2390        |
|    iterations           | 226         |
|    time_elapsed         | 1161        |
|    total_timesteps      | 2777088     |
| train/                  |             |
|    approx_kl            | 0.029534742 |
|    clip_fraction        | 0.155       |
|    clip_range           | 0.2         |
|    entropy_loss         | -1.77       |
|    explained_variance   | 0.987       |
|    learning_rate        | 0.0003      |
|    loss                 | -0.033      |
|    n_updates            | 2250        |
|    policy_gradient_loss | -0.0117     |
|    std                  | 0.582       |
|    value_loss           | 0.00172     |
-----------------------------------------
-----------------------------------------
| rollout/                |             |
|    ep_len_mean          | 400         |
|    ep_rew_mean          | 3.67        |
|    success_rate         | 0           |
| time/                   |             |
|    fps                  | 2390        |
|    iterations           | 227         |
|    time_elapsed         | 1166        |
|    total_timesteps      | 2789376     |
| train/                  |             |
|    approx_kl            | 0.016926512 |
|    clip_fraction        | 0.162       |
|    clip_range           | 0.2         |
|    entropy_loss         | -1.78       |
|    explained_variance   | 0.983       |
|    learning_rate        | 0.0003      |
|    loss                 | -0.0501     |
|    n_updates            | 2260        |
|    policy_gradient_loss | -0.011      |
|    std                  | 0.591       |
|    value_loss           | 0.00298     |
-----------------------------------------
-----------------------------------------
| rollout/                |             |
|    ep_len_mean          | 400         |
|    ep_rew_mean          | 3.77        |
|    success_rate         | 0           |
| time/                   |             |
|    fps                  | 2390        |
|    iterations           | 228         |
|    time_elapsed         | 1172        |
|    total_timesteps      | 2801664     |
| train/                  |             |
|    approx_kl            | 0.019986005 |
|    clip_fraction        | 0.152       |
|    clip_range           | 0.2         |
|    entropy_loss         | -1.77       |
|    explained_variance   | 0.989       |
|    learning_rate        | 0.0003      |
|    loss                 | -0.0159     |
|    n_updates            | 2270        |
|    policy_gradient_loss | -0.0102     |
|    std                  | 0.581       |
|    value_loss           | 0.00141     |
-----------------------------------------
-----------------------------------------
| rollout/                |             |
|    ep_len_mean          | 400         |
|    ep_rew_mean          | 3.78        |
|    success_rate         | 0           |
| time/                   |             |
|    fps                  | 2390        |
|    iterations           | 229         |
|    time_elapsed         | 1177        |
|    total_timesteps      | 2813952     |
| train/                  |             |
|    approx_kl            | 0.018609375 |
|    clip_fraction        | 0.16        |
|    clip_range           | 0.2         |
|    entropy_loss         | -1.73       |
|    explained_variance   | 0.995       |
|    learning_rate        | 0.0003      |
|    loss                 | -0.00106    |
|    n_updates            | 2280        |
|    policy_gradient_loss | -0.00963    |
|    std                  | 0.572       |
|    value_loss           | 0.000901    |
-----------------------------------------
-----------------------------------------
| rollout/                |             |
|    ep_len_mean          | 400         |
|    ep_rew_mean          | 3.86        |
|    success_rate         | 0           |
| time/                   |             |
|    fps                  | 2390        |
|    iterations           | 230         |
|    time_elapsed         | 1182        |
|    total_timesteps      | 2826240     |
| train/                  |             |
|    approx_kl            | 0.023687443 |
|    clip_fraction        | 0.167       |
|    clip_range           | 0.2         |
|    entropy_loss         | -1.74       |
|    explained_variance   | 0.987       |
|    learning_rate        | 0.0003      |
|    loss                 | -0.0274     |
|    n_updates            | 2290        |
|    policy_gradient_loss | -0.0126     |
|    std                  | 0.576       |
|    value_loss           | 0.00192     |
-----------------------------------------
--------------------------------------
| rollout/                |          |
|    ep_len_mean          | 400      |
|    ep_rew_mean          | 3.86     |
|    success_rate         | 0        |
| time/                   |          |
|    fps                  | 2390     |
|    iterations           | 231      |
|    time_elapsed         | 1187     |
|    total_timesteps      | 2838528  |
| train/                  |          |
|    approx_kl            | 0.017675 |
|    clip_fraction        | 0.157    |
|    clip_range           | 0.2      |
|    entropy_loss         | -1.73    |
|    explained_variance   | 0.991    |
|    learning_rate        | 0.0003   |
|    loss                 | -0.0386  |
|    n_updates            | 2300     |
|    policy_gradient_loss | -0.00709 |
|    std                  | 0.573    |
|    value_loss           | 0.00131  |
--------------------------------------
----------------------------------------
| rollout/                |            |
|    ep_len_mean          | 400        |
|    ep_rew_mean          | 3.89       |
|    success_rate         | 0          |
| time/                   |            |
|    fps                  | 2390       |
|    iterations           | 232        |
|    time_elapsed         | 1192       |
|    total_timesteps      | 2850816    |
| train/                  |            |
|    approx_kl            | 0.01870171 |
|    clip_fraction        | 0.168      |
|    clip_range           | 0.2        |
|    entropy_loss         | -1.73      |
|    explained_variance   | 0.994      |
|    learning_rate        | 0.0003     |
|    loss                 | -0.0369    |
|    n_updates            | 2310       |
|    policy_gradient_loss | -0.00913   |
|    std                  | 0.575      |
|    value_loss           | 0.000729   |
----------------------------------------
-----------------------------------------
| rollout/                |             |
|    ep_len_mean          | 400         |
|    ep_rew_mean          | 3.81        |
|    success_rate         | 0           |
| time/                   |             |
|    fps                  | 2390        |
|    iterations           | 233         |
|    time_elapsed         | 1197        |
|    total_timesteps      | 2863104     |
| train/                  |             |
|    approx_kl            | 0.020270607 |
|    clip_fraction        | 0.165       |
|    clip_range           | 0.2         |
|    entropy_loss         | -1.74       |
|    explained_variance   | 0.992       |
|    learning_rate        | 0.0003      |
|    loss                 | -0.0347     |
|    n_updates            | 2320        |
|    policy_gradient_loss | -0.0142     |
|    std                  | 0.574       |
|    value_loss           | 0.00106     |
-----------------------------------------
-----------------------------------------
| rollout/                |             |
|    ep_len_mean          | 400         |
|    ep_rew_mean          | 3.81        |
|    success_rate         | 0           |
| time/                   |             |
|    fps                  | 2390        |
|    iterations           | 234         |
|    time_elapsed         | 1202        |
|    total_timesteps      | 2875392     |
| train/                  |             |
|    approx_kl            | 0.019616222 |
|    clip_fraction        | 0.161       |
|    clip_range           | 0.2         |
|    entropy_loss         | -1.73       |
|    explained_variance   | 0.988       |
|    learning_rate        | 0.0003      |
|    loss                 | 0.0253      |
|    n_updates            | 2330        |
|    policy_gradient_loss | -0.0107     |
|    std                  | 0.573       |
|    value_loss           | 0.00114     |
-----------------------------------------
-----------------------------------------
| rollout/                |             |
|    ep_len_mean          | 399         |
|    ep_rew_mean          | 3.8         |
|    success_rate         | 0           |
| time/                   |             |
|    fps                  | 2390        |
|    iterations           | 235         |
|    time_elapsed         | 1207        |
|    total_timesteps      | 2887680     |
| train/                  |             |
|    approx_kl            | 0.020809596 |
|    clip_fraction        | 0.16        |
|    clip_range           | 0.2         |
|    entropy_loss         | -1.72       |
|    explained_variance   | 0.993       |
|    learning_rate        | 0.0003      |
|    loss                 | -0.0354     |
|    n_updates            | 2340        |
|    policy_gradient_loss | -0.0109     |
|    std                  | 0.571       |
|    value_loss           | 0.00112     |
-----------------------------------------
-----------------------------------------
| rollout/                |             |
|    ep_len_mean          | 399         |
|    ep_rew_mean          | 3.91        |
|    success_rate         | 0           |
| time/                   |             |
|    fps                  | 2390        |
|    iterations           | 236         |
|    time_elapsed         | 1213        |
|    total_timesteps      | 2899968     |
| train/                  |             |
|    approx_kl            | 0.020413918 |
|    clip_fraction        | 0.163       |
|    clip_range           | 0.2         |
|    entropy_loss         | -1.73       |
|    explained_variance   | 0.991       |
|    learning_rate        | 0.0003      |
|    loss                 | -0.0442     |
|    n_updates            | 2350        |
|    policy_gradient_loss | -0.00682    |
|    std                  | 0.578       |
|    value_loss           | 0.00124     |
-----------------------------------------
-----------------------------------------
| rollout/                |             |
|    ep_len_mean          | 399         |
|    ep_rew_mean          | 3.84        |
|    success_rate         | 0           |
| time/                   |             |
|    fps                  | 2390        |
|    iterations           | 237         |
|    time_elapsed         | 1218        |
|    total_timesteps      | 2912256     |
| train/                  |             |
|    approx_kl            | 0.018141039 |
|    clip_fraction        | 0.149       |
|    clip_range           | 0.2         |
|    entropy_loss         | -1.76       |
|    explained_variance   | 0.995       |
|    learning_rate        | 0.0003      |
|    loss                 | -0.00276    |
|    n_updates            | 2360        |
|    policy_gradient_loss | -0.00725    |
|    std                  | 0.581       |
|    value_loss           | 0.00118     |
-----------------------------------------
-----------------------------------------
| rollout/                |             |
|    ep_len_mean          | 400         |
|    ep_rew_mean          | 3.84        |
|    success_rate         | 0           |
| time/                   |             |
|    fps                  | 2390        |
|    iterations           | 238         |
|    time_elapsed         | 1223        |
|    total_timesteps      | 2924544     |
| train/                  |             |
|    approx_kl            | 0.018391488 |
|    clip_fraction        | 0.16        |
|    clip_range           | 0.2         |
|    entropy_loss         | -1.76       |
|    explained_variance   | 0.991       |
|    learning_rate        | 0.0003      |
|    loss                 | -0.0282     |
|    n_updates            | 2370        |
|    policy_gradient_loss | -0.0127     |
|    std                  | 0.581       |
|    value_loss           | 0.000895    |
-----------------------------------------
-----------------------------------------
| rollout/                |             |
|    ep_len_mean          | 400         |
|    ep_rew_mean          | 3.81        |
|    success_rate         | 0           |
| time/                   |             |
|    fps                  | 2389        |
|    iterations           | 239         |
|    time_elapsed         | 1228        |
|    total_timesteps      | 2936832     |
| train/                  |             |
|    approx_kl            | 0.018964445 |
|    clip_fraction        | 0.159       |
|    clip_range           | 0.2         |
|    entropy_loss         | -1.75       |
|    explained_variance   | 0.991       |
|    learning_rate        | 0.0003      |
|    loss                 | -0.0367     |
|    n_updates            | 2380        |
|    policy_gradient_loss | -0.0116     |
|    std                  | 0.58        |
|    value_loss           | 0.00174     |
-----------------------------------------
-----------------------------------------
| rollout/                |             |
|    ep_len_mean          | 400         |
|    ep_rew_mean          | 3.84        |
|    success_rate         | 0           |
| time/                   |             |
|    fps                  | 2389        |
|    iterations           | 240         |
|    time_elapsed         | 1234        |
|    total_timesteps      | 2949120     |
| train/                  |             |
|    approx_kl            | 0.020197148 |
|    clip_fraction        | 0.169       |
|    clip_range           | 0.2         |
|    entropy_loss         | -1.76       |
|    explained_variance   | 0.99        |
|    learning_rate        | 0.0003      |
|    loss                 | 0.00346     |
|    n_updates            | 2390        |
|    policy_gradient_loss | -0.0112     |
|    std                  | 0.583       |
|    value_loss           | 0.00154     |
-----------------------------------------
-----------------------------------------
| rollout/                |             |
|    ep_len_mean          | 400         |
|    ep_rew_mean          | 3.77        |
|    success_rate         | 0           |
| time/                   |             |
|    fps                  | 2389        |
|    iterations           | 241         |
|    time_elapsed         | 1239        |
|    total_timesteps      | 2961408     |
| train/                  |             |
|    approx_kl            | 0.016058683 |
|    clip_fraction        | 0.163       |
|    clip_range           | 0.2         |
|    entropy_loss         | -1.77       |
|    explained_variance   | 0.996       |
|    learning_rate        | 0.0003      |
|    loss                 | -0.0189     |
|    n_updates            | 2400        |
|    policy_gradient_loss | -0.00874    |
|    std                  | 0.585       |
|    value_loss           | 0.000984    |
-----------------------------------------
-----------------------------------------
| rollout/                |             |
|    ep_len_mean          | 399         |
|    ep_rew_mean          | 3.75        |
|    success_rate         | 0.01        |
| time/                   |             |
|    fps                  | 2388        |
|    iterations           | 242         |
|    time_elapsed         | 1244        |
|    total_timesteps      | 2973696     |
| train/                  |             |
|    approx_kl            | 0.015466812 |
|    clip_fraction        | 0.145       |
|    clip_range           | 0.2         |
|    entropy_loss         | -1.78       |
|    explained_variance   | 0.991       |
|    learning_rate        | 0.0003      |
|    loss                 | -0.0196     |
|    n_updates            | 2410        |
|    policy_gradient_loss | -0.00693    |
|    std                  | 0.59        |
|    value_loss           | 0.00115     |
-----------------------------------------
-----------------------------------------
| rollout/                |             |
|    ep_len_mean          | 399         |
|    ep_rew_mean          | 3.75        |
|    success_rate         | 0.01        |
| time/                   |             |
|    fps                  | 2388        |
|    iterations           | 243         |
|    time_elapsed         | 1250        |
|    total_timesteps      | 2985984     |
| train/                  |             |
|    approx_kl            | 0.018071888 |
|    clip_fraction        | 0.168       |
|    clip_range           | 0.2         |
|    entropy_loss         | -1.81       |
|    explained_variance   | 0.992       |
|    learning_rate        | 0.0003      |
|    loss                 | -0.0063     |
|    n_updates            | 2420        |
|    policy_gradient_loss | -0.0121     |
|    std                  | 0.6         |
|    value_loss           | 0.00114     |
-----------------------------------------
----------------------------------------
| rollout/                |            |
|    ep_len_mean          | 399        |
|    ep_rew_mean          | 3.68       |
|    success_rate         | 0.01       |
| time/                   |            |
|    fps                  | 2388       |
|    iterations           | 244        |
|    time_elapsed         | 1255       |
|    total_timesteps      | 2998272    |
| train/                  |            |
|    approx_kl            | 0.02212657 |
|    clip_fraction        | 0.173      |
|    clip_range           | 0.2        |
|    entropy_loss         | -1.78      |
|    explained_variance   | 0.997      |
|    learning_rate        | 0.0003     |
|    loss                 | -0.0343    |
|    n_updates            | 2430       |
|    policy_gradient_loss | -0.00841   |
|    std                  | 0.584      |
|    value_loss           | 0.000408   |
----------------------------------------
----------------------------------------
| rollout/                |            |
|    ep_len_mean          | 400        |
|    ep_rew_mean          | 3.75       |
|    success_rate         | 0          |
| time/                   |            |
|    fps                  | 2387       |
|    iterations           | 245        |
|    time_elapsed         | 1260       |
|    total_timesteps      | 3010560    |
| train/                  |            |
|    approx_kl            | 0.02035279 |
|    clip_fraction        | 0.167      |
|    clip_range           | 0.2        |
|    entropy_loss         | -1.78      |
|    explained_variance   | 0.988      |
|    learning_rate        | 0.0003     |
|    loss                 | -0.0347    |
|    n_updates            | 2440       |
|    policy_gradient_loss | -0.0122    |
|    std                  | 0.593      |
|    value_loss           | 0.00295    |
----------------------------------------
Training duration: 21.1 min (1263 sec)
Training finished. Model saved to: runs\env_007\fragilecargo_create_v9\seed_0\iter_01\training\model.zip
Monitor logs: runs\env_007\fragilecargo_create_v9\seed_0\iter_01\training\monitor
External eval mean reward: 3.538
LLM feedback file: runs\env_007\fragilecargo_create_v9\seed_0\iter_01\training\training_feedback.md

$ D:\Code\python\research\llm_env_310\Scripts\python.exe -m pipeline.run_06_update_reward_memory --iter 1 --train-run-dir runs\env_007\fragilecargo_create_v9\seed_0\iter_01\training --memory runs\env_007\fragilecargo_create_v9\seed_0\memory\reward_memory.md --target-score 250.0 --best-score 3.537876516701855 --best-iter 1 --decision new_best
runs\env_007\fragilecargo_create_v9\seed_0\memory\reward_memory.md

------------------------------------------------------------
Iteration 2/10
------------------------------------------------------------

$ D:\Code\python\research\llm_env_310\Scripts\python.exe -m pipeline.run_reflection_agent --config configs/env007_fragilecargo_create_v9.yaml --previous-reward runs\env_007\fragilecargo_create_v9\seed_0\iter_01\generation\reward_v1.py --environment-card runs\env_007\fragilecargo_create_v9\seed_0\iter_01\generation\environment_card.md --train-run-dir runs\env_007\fragilecargo_create_v9\seed_0\iter_01\training --memory runs\env_007\fragilecargo_create_v9\seed_0\memory\reward_memory.md --out-run-name fragilecargo_create_v9/seed_0/iter_02/generation --reward-version v2
  Subagent: 1 turns, signal=780 chars
DeepSeek returned empty content (finish_reason='length'); retry 1/3 with max_tokens=16384
