#{"t_start": 1782853650.2145646, "env_id": "BipedalWalker-v3"}
r,l,t,original_env_reward,generated_reward,reward_error_count
-524.010889,1600,23.851785,-0.09454567773143213,-0.30613273383688505,0
-348.821408,969,178.843398,-100.0,-2.5590144792437783,0
-18.840006,89,180.147498,-100.0,-0.8052438863177624,0
-18.85003,50,180.888424,-100.0,-1.3695019472513452,0
-46.754411,83,182.108563,-100.0,-1.1842659990107396,0
-26.208631,66,183.075399,-100.0,-1.3738150534969122,0
-38.446541,67,184.057952,-100.0,-1.1827018080447922,0
-45.566385,105,185.596866,-100.0,-1.5674755071968174,0
-43.887482,78,186.755546,-100.0,-1.1730389391022578,0
-31.708465,50,187.487792,-100.0,-1.0912437162473634,0
-318.570057,1600,334.081985,-0.14928315873940665,-0.1919344342966614,0
-23.57392,47,334.740496,-100.0,-1.1715463537700574,0
-50.398994,150,336.783847,-100.0,-0.7988495507702672,0
-233.835979,1600,478.838871,-0.07844777599970618,-0.07640162296693667,0
-26.913392,70,479.799097,-100.0,-0.9837399189955431,0
-231.700461,1600,620.814512,-0.06415596010287483,-0.11890405455343883,0
-196.699065,1600,643.029022,-0.02840179322163027,-0.08965579503977866,0
-19.770391,66,643.946153,-100.0,-0.935462549734176,0
-192.619038,1600,786.747947,-0.05900828013817233,-0.06052964401415185,0
-256.079599,1600,927.569974,-0.05454506117105484,-0.08417931161385525,0
-20.462031,54,928.334432,-100.0,-0.702058199666559,0
-15.138735,51,929.05123,-100.0,-0.546364640482561,0
-178.977754,1600,1071.83935,-0.057027637501560036,-0.09064985923265761,0
-27.71077,78,1072.939754,-100.0,-0.35871747412467364,0
-12.497828,62,1073.808053,-100.0,-0.7991430623727152,0
-180.211643,1600,1213.639987,0.014697236229978386,-0.07525435680858941,0
-31.584129,62,1214.514899,-100.0,-1.0329749411276312,0
-181.17066,1600,1236.93782,-0.033784234801925835,-0.06398657662656132,0
-143.918704,1600,1376.563425,-0.01218203836803872,-0.014432742610466322,0
-12.259646,70,1377.553023,-100.0,-0.8408211960168794,0
-152.810024,1600,1516.533668,-0.05660887229442596,-0.07559237722029587,0
-160.588509,1600,1659.034798,0.00836094307899475,-0.1136773115847937,0
-136.810707,1600,1799.672106,-0.07958730681737501,-0.11278727850614474,0
-9.505431,62,1800.544773,-100.0,-0.6886791015040978,0
-22.289475,101,1801.952751,-100.0,-0.7776032953480392,0
-136.227135,1600,1824.211169,-0.044142955590039494,-0.026769152284864768,0
-16.929941,77,1825.28628,-100.0,-0.7993799500226071,0
-14.335083,40,1825.847614,-100.0,-0.9539410506417221,0
-127.504054,1600,1967.13026,-0.06805036585529882,-0.08309455361506539,0
-121.415012,1600,2105.332025,-0.0542784853378908,-0.10516043004070105,0
-11.000698,50,2106.039684,-100.0,-0.6374148932082596,0
-19.487427,73,2107.0486,-100.0,-0.6086683823019348,0
-14.571668,79,2108.140935,-100.0,-0.8309577393479888,0
-10.727036,59,2108.958431,-100.0,-0.7594397196033326,0
-15.587259,84,2110.121508,-100.0,-0.5982253084070202,0
-17.956072,108,2111.600456,-100.0,-0.7366267819106799,0
-99.787467,1600,2248.497388,-0.11120701952774845,-0.12316799300483312,0
-9.954299,36,2248.995462,-100.0,-0.3325251807491993,0
-22.130109,78,2250.069175,-100.0,-0.7579923230613043,0
-125.529545,1600,2391.023429,-0.04906508983174723,-0.039809704725828315,0
-13.135333,69,2391.962143,-100.0,-0.2371423814047467,0
-19.470099,68,2392.900519,-100.0,-0.442206701510012,0
-14.964571,76,2393.939824,-100.0,-0.325263923016782,0
-12.69311,65,2394.838803,-100.0,-0.23073577385877572,0
-88.925978,1600,2511.257143,-0.10620731989543117,-0.06047412119055559,0
-9.051259,46,2511.900501,-100.0,-0.6385362458229066,0
-88.867644,1600,2626.834028,-0.03269163004091394,-0.01695684133211239,0
-10.294955,40,2627.389214,-100.0,-0.7841426069446749,0
-19.794935,60,2628.212503,-100.0,-0.920529889959304,0
-9.772495,47,2628.840208,-100.0,-0.7377880658938517,0
-9.888099,60,2629.674259,-100.0,-0.6920575973416293,0
-8.367373,49,2630.354915,-100.0,-0.7039792910598506,0
-14.744104,74,2631.365298,-100.0,-0.3821387206813418,0
-12.006962,51,2632.064509,-100.0,-0.3377390717483901,0
-16.038065,59,2632.863834,-100.0,-0.854135257352043,0
-8.668637,56,2633.624806,-100.0,-0.6555368791534835,0
-9.131949,49,2634.292263,-100.0,-0.7789846558288298,0
-11.198959,71,2635.253947,-100.0,-0.30882957771264563,0
-8.727821,53,2635.979239,-100.0,-0.6568591913099083,0
-9.429899,50,2636.657521,-100.0,-0.7090212422651684,0
-13.492735,66,2637.559875,-100.0,-0.607731745082238,0
-18.118225,85,2638.713839,-100.0,-0.38644499525586157,0
-13.43564,51,2639.419876,-100.0,-0.6150445868376428,0
-20.431454,99,2640.75733,-100.0,-0.9067678745191856,0
-12.412939,66,2641.664866,-100.0,-0.7616511436018685,0
-12.292768,76,2642.715137,-100.0,-0.6631788502267622,0
-15.760746,79,2643.799475,-100.0,-0.3492490093972189,0
-14.204597,47,2644.435016,-100.0,-0.6255267194954623,0
-13.218427,64,2645.308778,-100.0,-0.744591149309834,0
-10.737106,60,2646.131826,-100.0,-0.22654365120822725,0
-14.759988,51,2646.825121,-100.0,-0.5948098896661995,0
-15.120055,95,2648.125107,-100.0,-0.1885160415737704,0
-84.176604,1600,2763.324546,-0.046957026774689326,0.013507433064256006,0
-14.189943,62,2764.182737,-100.0,-0.7534129409443017,0
-12.223988,57,2764.984942,-100.0,-1.013324659875863,0
-17.378216,115,2766.567469,-100.0,-0.665105656439177,0
-10.973831,63,2767.45114,-100.0,-0.3139354598035359,0
-97.345795,1600,2908.795406,-0.06487870573997498,-0.035636414749146555,0
-9.098132,57,2909.605084,-100.0,-0.6331432190116066,0
-14.204706,76,2910.689731,-100.0,-0.38745745950801463,0
-8.901936,74,2911.735788,-100.0,-0.6980433787843927,0
-9.390685,72,2912.758949,-100.0,-0.31482601754294665,0
-16.049329,66,2913.690789,-100.0,-0.3173482495645122,0
-11.593564,38,2914.250473,-100.0,-0.8062523553326734,0
-13.011278,71,2915.258812,-100.0,-0.6408401139493346,0
-9.124473,69,2916.228449,-100.0,-0.7032634885482892,0
-9.703685,58,2917.055737,-100.0,-0.7001691745212685,0
-12.561256,61,2917.919264,-100.0,-0.32417316238329985,0
-18.059306,91,2919.237384,-100.0,-0.3748526326347267,0
-15.160587,93,2920.563286,-100.0,-0.30380232105806354,0
-8.179903,48,2921.241242,-100.0,-0.6720307963347871,0
-16.028085,110,3038.484709,-100.0,-0.20336307546075247,0
-11.550853,84,3039.665411,-100.0,-0.3783908591308455,0
-8.495526,53,3040.437648,-100.0,-0.6347788608561246,0
-8.325159,55,3041.222083,-100.0,-0.8022272461403864,0
-18.418897,78,3042.311523,-100.0,-0.45625821769761343,0
-13.109302,63,3043.444295,-100.0,-0.3847030604395468,0
-14.885664,63,3044.321575,-100.0,-0.37516764345758435,0
-16.465667,88,3045.614012,-100.0,-0.7784226816446144,0
-19.28673,84,3046.792462,-100.0,-0.40241180179806335,0
-10.544591,76,3047.862532,-100.0,-0.7195517809360594,0
-32.799573,222,3051.035526,-100.0,-0.4214012469790409,0
-12.691233,64,3051.96427,-100.0,-0.21706732250929756,0
-10.551184,56,3052.755582,-100.0,-0.7169449899012417,0
-10.439672,68,3053.740855,-100.0,-0.7130135854180091,0
-8.245702,43,3054.371679,-100.0,-0.6221345431627209,0
-14.085588,53,3055.133763,-100.0,-0.3538571765521297,0
-14.39387,80,3056.266756,-100.0,-0.207707963194771,0
-15.801135,125,3058.063767,-100.0,-0.29482240371044777,0
-15.14804,82,3059.238453,-100.0,-0.4324203715415357,0
-9.819577,68,3060.225854,-100.0,-0.30384479455818236,0
-13.657381,116,3061.900459,-100.0,-0.7083278261181076,0
-11.267823,60,3062.770289,-100.0,-0.7473630794335329,0
-10.103892,66,3063.726361,-100.0,-0.7400458979306661,0
-10.213941,77,3064.832848,-100.0,-0.6109856055100074,0
-16.106036,75,3065.897074,-100.0,-0.7407387875758334,0
-9.987625,77,3067.025362,-100.0,-0.6687368816573845,0
-10.131366,67,3184.313612,-100.0,-0.69395726053349,0
-15.416183,86,3185.541646,-100.0,-0.43883090356078935,0
-9.326315,56,3186.36364,-100.0,-0.7017667402230039,0
-9.366719,60,3187.258368,-100.0,-0.7309523496646871,0
-8.973,69,3188.259902,-100.0,-0.7923470138510699,0
-9.698305,63,3189.171376,-100.0,-0.21836104573577314,0
-11.739628,94,3190.542523,-100.0,-0.34323797401918593,0
-18.503675,176,3193.130885,-100.0,-0.7513302832487091,0
-15.38397,118,3194.818243,-100.0,-0.3565346229804648,0
-17.285021,78,3195.95365,-100.0,-0.4089388920375263,0
-8.536398,56,3196.774143,-100.0,-0.6561410966763892,0
-12.028797,100,3198.232943,-100.0,-0.1893177682665339,0
-9.332811,47,3198.904163,-100.0,-0.4694758542941953,0
-9.43932,50,3199.636464,-100.0,-0.1788892328917976,0
-13.240217,79,3200.800667,-100.0,-0.7111557159881723,0
-10.071302,80,3201.984611,-100.0,-0.6864551885390896,0
-12.677009,52,3202.732225,-100.0,-0.3312659265414315,0
-10.723984,43,3203.373888,-100.0,-0.31495922390670344,0
-8.791943,56,3204.191743,-100.0,-0.7113255047246076,0
-9.713033,63,3205.121275,-100.0,-0.7115871896855465,0
-15.753191,89,3206.396842,-100.0,-0.30214916674038383,0
-9.906857,48,3207.108082,-100.0,-0.6136636676655056,0
-16.435648,88,3208.365644,-100.0,-0.3798060573729016,0
-9.423904,61,3209.272015,-100.0,-0.6878506144861636,0
-14.462822,62,3210.188579,-100.0,-0.20339833701933627,0
-8.757347,44,3210.825615,-100.0,-0.687342944289973,0
-9.107023,39,3211.411935,-100.0,-0.7073571354809524,0
-9.90023,74,3212.480725,-100.0,-0.7246754576011366,0
-17.999861,126,3331.629824,-100.0,-0.6002479403363765,0
-11.197995,83,3332.818074,-100.0,-0.24299159268797846,0
-20.979737,126,3334.682906,-100.0,-0.6486794912650439,0
-9.258271,56,3335.512191,-100.0,-0.17991507137870033,0
-17.513153,126,3337.356162,-100.0,-0.6185376871771239,0
-9.342713,67,3338.347112,-100.0,-0.6374149805301229,0
-8.990758,57,3339.172987,-100.0,-0.8082803664840382,0
-16.522583,86,3340.435579,-100.0,-0.3724535098634022,0
-22.075006,125,3342.256796,-100.0,-0.20095710349385737,0
-9.927954,69,3343.275143,-100.0,-0.7151279305772601,0
-8.617827,59,3344.158949,-100.0,-0.7222545230741307,0
-9.619982,57,3344.988621,-100.0,-0.639569905467347,0
-16.093167,131,3346.936336,-100.0,-0.7118667554540442,0
-24.820274,173,3349.467325,-100.0,-0.30771817018276076,0
-8.233547,49,3350.180622,-100.0,-0.6849714018146936,0
-8.697939,55,3350.991998,-100.0,-0.654103997180513,0
-15.949205,101,3352.466314,-100.0,-0.6819708555325914,0
-11.326466,65,3353.416241,-100.0,-0.6026511852898824,0
-11.362816,80,3354.574028,-100.0,-0.5793469172335265,0
-10.108004,58,3355.446847,-100.0,-0.7597060069050148,0
-8.94268,50,3356.153951,-100.0,-0.6352908711751121,0
-14.846112,79,3357.309903,-100.0,-0.2987195849612247,0
-17.893697,120,3359.058916,-100.0,-0.30826128842525796,0
-11.34108,81,3360.233798,-100.0,-0.7699009018833283,0
-10.384259,91,3477.161711,-100.0,-0.6602703545557747,0
-11.514335,88,3478.440591,-100.0,-0.645846389759416,0
-14.963371,94,3479.806023,-100.0,-0.20530187953127974,0
-7.603427,47,3480.51311,-100.0,-0.7639011204541709,0
-8.838979,61,3481.399532,-100.0,-0.7506837377221706,0
-9.033172,70,3482.429191,-100.0,-0.6937608129014489,0
-9.47357,59,3483.297352,-100.0,-0.6899881181954826,0
-9.332573,55,3484.090774,-100.0,-0.7200604628014033,0
-8.847013,63,3485.009651,-100.0,-0.6538083114721178,0
-9.13856,63,3485.925224,-100.0,-0.6701686775196916,0
-7.574696,37,3486.483235,-100.0,-0.6889704969939237,0
-11.281385,59,3487.347624,-100.0,-0.6493115606597107,0
-8.39406,44,3488.000703,-100.0,-0.6692998810933052,0
-11.18364,81,3489.167019,-100.0,-0.6887565326471474,0
-8.892153,51,3489.924849,-100.0,-0.7032310426737978,0
-15.196389,102,3491.440987,-100.0,-0.6670978822973255,0
-12.746437,88,3492.725621,-100.0,-0.6120318638828585,0
-9.474666,66,3493.710024,-100.0,-0.6475945379661889,0
-21.813852,127,3495.581793,-100.0,-0.3020995676797546,0
-8.859675,65,3496.56841,-100.0,-0.6994330395983318,0
-7.403702,47,3497.251578,-100.0,-0.7423829810477227,0
-8.943218,49,3497.966925,-100.0,-0.6942740369762169,0
-7.830766,50,3498.701187,-100.0,-0.6635329791745638,0
-10.497572,67,3499.707789,-100.0,-0.6506760917500591,0
-8.39104,54,3500.499463,-100.0,-0.678760708678233,0
-9.47737,59,3501.37836,-100.0,-0.6328654361564588,0
-17.632079,126,3503.245193,-100.0,-0.22083654367363365,0
-7.530905,45,3503.912357,-100.0,-0.7535747637571106,0
-7.757947,45,3504.584218,-100.0,-0.6902166822876795,0
-8.196912,49,3505.306984,-100.0,-0.7094974469765591,0
-10.184423,61,3506.197532,-100.0,-0.7680632521550858,0
-8.614018,48,3625.969693,-100.0,-0.761927914689248,0
-7.577108,38,3626.529401,-100.0,-0.7123437150078857,0
-8.864166,45,3627.202212,-100.0,-0.6749047913822092,0
-7.678566,44,3627.85442,-100.0,-0.6314706159984236,0
-10.472279,78,3629.012785,-100.0,-0.7633211424574255,0
-9.852988,64,3629.971401,-100.0,-0.581714385128305,0
-9.31362,64,3630.925067,-100.0,-0.6092845594857075,0
-7.72335,52,3631.689329,-100.0,-0.6501664726967711,0
-8.616564,45,3632.360093,-100.0,-0.7253217362701762,0
-15.04969,90,3633.677312,-100.0,-0.27015237823330385,0
-14.14865,68,3634.68259,-100.0,-0.24974741495110742,0
-10.040381,69,3635.733758,-100.0,-0.6542526493287026,0
-9.32913,75,3636.846188,-100.0,-0.3451678327817508,0
-10.61109,72,3637.934935,-100.0,-0.6135010939184732,0
-9.431801,58,3638.79084,-100.0,-0.6935150379411477,0
-11.291913,77,3639.919312,-100.0,-0.23309897562838072,0
-9.194411,53,3640.717548,-100.0,-0.61481516364971,0
-14.367673,91,3642.077908,-100.0,-0.5639969834275365,0
-9.510325,56,3642.898985,-100.0,-0.7650148474214474,0
-11.341558,70,3643.935334,-100.0,-0.6351737942292486,0
-8.28136,40,3644.546997,-100.0,-0.5473514559802581,0
-9.378527,67,3645.553303,-100.0,-0.23004133582209418,0
-8.989546,63,3646.481581,-100.0,-0.7511968212368494,0
-15.903159,160,3648.867264,-100.0,-0.1879693115645946,0
-18.086636,108,3650.482188,-100.0,-0.36676669307391996,0
-11.443807,74,3651.5868,-100.0,-0.6307714856715478,0
-9.58405,86,3652.855367,-100.0,-0.7280455840022342,0
-11.157937,60,3653.750412,-100.0,-0.6289262123868888,0
-14.843742,73,3654.847866,-100.0,-0.19781654996724748,0
-9.514445,40,3655.440912,-100.0,-0.711941622114247,0
-8.133227,55,3772.117085,-100.0,-0.6442158578181643,0
-7.988277,56,3772.977633,-100.0,-0.7067207541691353,0
-12.330146,82,3774.224517,-100.0,-0.6542222888915687,0
-9.333606,54,3775.032798,-100.0,-0.7251786624864148,0
-8.137872,46,3775.717795,-100.0,-0.7011105968665344,0
-9.420237,65,3776.686895,-100.0,-0.7701719571956732,0
-11.150432,80,3777.895571,-100.0,-0.21676904453777462,0
-12.116801,81,3779.12111,-100.0,-0.7906442829616578,0
-8.347333,69,3780.155139,-100.0,-0.7282441732505481,0
-8.132751,62,3781.089684,-100.0,-0.7334585081761539,0
-12.228444,72,3782.188921,-100.0,-0.23386262980482359,0
-9.623989,48,3782.910755,-100.0,-0.6592237197861364,0
-9.28125,71,3783.954499,-100.0,-0.7226440172919799,0
-9.406974,66,3784.948643,-100.0,-0.6240274119096509,0
-10.133274,66,3785.933588,-100.0,-0.7525688766403822,0
-9.064644,58,3786.807262,-100.0,-0.6778868125417769,0
-7.624907,49,3787.534567,-100.0,-0.776228026602335,0
-9.189833,52,3788.32344,-100.0,-0.7087490282275334,0
-10.474895,78,3789.48909,-100.0,-0.2254100315928222,0
-7.619324,44,3790.134078,-100.0,-0.6454163541290076,0
-7.953677,42,3790.783217,-100.0,-0.6896063970725415,0
-9.891569,71,3791.836186,-100.0,-0.6567560299196328,0
-7.556361,45,3792.518334,-100.0,-0.7366364709974546,0
-10.070027,72,3793.575944,-100.0,-0.6240111384222745,0
-8.07206,43,3794.230207,-100.0,-0.6435056204910536,0
-7.955595,43,3794.877172,-100.0,-0.7030265039010571,0
-8.992996,66,3795.848618,-100.0,-0.7003045481132882,0
-8.836043,53,3796.642184,-100.0,-0.7116523856249106,0
-9.656447,60,3797.533829,-100.0,-0.6748388072301986,0
-9.120235,56,3798.383273,-100.0,-0.6588871876703634,0
-10.130345,48,3799.087744,-100.0,-0.7189294895667417,0
-9.232591,60,3799.972771,-100.0,-0.752028267725647,0
-8.151258,48,3800.668307,-100.0,-0.6441800117358014,0
-9.641035,54,3801.479184,-100.0,-0.7038559938124944,0
-7.7968,51,3802.227275,-100.0,-0.7443695732041787,0
-7.461143,40,3922.669995,-100.0,-0.6926747374690253,0
-7.228063,43,3923.335621,-100.0,-0.7176683449841679,0
-8.848225,51,3924.102232,-100.0,-0.6785364730708797,0
-8.459995,59,3924.968237,-100.0,-0.6794145538744325,0
-8.391868,57,3925.839671,-100.0,-0.6689540282983911,0
-7.361204,47,3926.55707,-100.0,-0.7632963550114297,0
-9.904707,65,3927.519388,-100.0,-0.7264132878973519,0
-8.310615,50,3928.272587,-100.0,-0.6761087848342182,0
-9.058606,67,3929.271244,-100.0,-0.6936383971983991,0
-8.369539,41,3929.896971,-100.0,-0.6978336772675714,0
-8.446659,56,3930.728682,-100.0,-0.6571097398060006,0
-8.655626,49,3931.459478,-100.0,-0.5931313180273025,0
-7.447496,42,3932.113268,-100.0,-0.593831100959775,0
-8.556764,48,3932.81733,-100.0,-0.5860270939971655,0
-7.990845,48,3933.559039,-100.0,-0.6815318256253023,0
-8.133166,54,3934.354953,-100.0,-0.67006567191777,0
-8.600905,57,3935.19879,-100.0,-0.6716005003705486,0
-11.847921,44,3935.867828,-100.0,-0.7029628702990948,0
-7.527478,41,3936.484366,-100.0,-0.6135498979444417,0
-9.087145,61,3937.384014,-100.0,-0.7280839647361558,0
-9.831847,59,3938.269569,-100.0,-0.12387590033968444,0
-8.839779,54,3939.107024,-100.0,-0.6765793788912287,0
-7.898488,47,3939.81675,-100.0,-0.7744509324305286,0
-7.84693,42,3940.433096,-100.0,-0.749661996278417,0
-8.528964,54,3941.262884,-100.0,-0.754519973899783,0
-7.636044,44,3941.935541,-100.0,-0.6243991502578248,0
-7.608145,51,3942.694396,-100.0,-0.6793094686077897,0
-12.217265,93,3944.10164,-100.0,-0.5979373230153767,0
-8.402051,60,3944.990573,-100.0,-0.6112303910997477,0
-9.749554,57,3945.860543,-100.0,-0.6736295709466967,0
-7.532101,41,3946.473096,-100.0,-0.8249285282597292,0
-7.965914,57,3947.340422,-100.0,-0.9524696334618676,0
-8.944571,43,3947.987391,-100.0,-0.6883993326480442,0
-8.094465,54,3948.811716,-100.0,-0.7312609221356877,0
-8.020481,56,3949.668968,-100.0,-0.6830133354625636,0
-8.356341,48,3950.403032,-100.0,-0.6342017103991636,0
-7.772612,41,3951.001427,-100.0,-0.7303211084995465,0
-8.335521,50,3951.754246,-100.0,-0.6448728844602898,0
-7.713834,58,3952.606618,-100.0,-0.8068621129590106,0
-10.07938,66,4069.679794,-100.0,-0.6606235325012971,0
-7.661802,48,4070.413977,-100.0,-0.6264026167172967,0
-11.480806,108,4072.043376,-100.0,-0.6000295772215117,0
-7.146243,47,4072.763644,-100.0,-0.7803175983925497,0
-7.398663,45,4073.447871,-100.0,-0.6462897386380773,0
-8.350538,52,4074.229345,-100.0,-0.7180951936171288,0
-8.363209,47,4074.943255,-100.0,-0.6971738657646297,0
-9.872184,72,4076.049614,-100.0,-0.6776744046577173,0
-7.924943,42,4076.669733,-100.0,-0.5970890748459076,0
-8.361244,55,4077.517833,-100.0,-0.7072718559740032,0
-7.487319,47,4078.222952,-100.0,-0.7792027385628367,0
-8.018231,50,4078.967885,-100.0,-0.7011532299476033,0
-7.875579,48,4079.695658,-100.0,-0.7020319107480832,0
-7.95205,56,4080.54602,-100.0,-0.6370706419541405,0
-9.128627,49,4081.306147,-100.0,-0.635473918740753,0
-8.552798,57,4082.163489,-100.0,-0.6177018556179575,0
-9.366702,69,4083.186631,-100.0,-0.7284486264934642,0
-8.188125,44,4083.845409,-100.0,-0.6212484071834472,0
-6.894036,40,4084.447524,-100.0,-0.6777157106661694,0
-7.913491,43,4085.104013,-100.0,-0.6353732850802161,0
-9.075907,56,4085.946458,-100.0,-0.6400652449648055,0
-8.907879,57,4086.805238,-100.0,-0.7500184866710543,0
-8.422177,59,4087.693067,-100.0,-0.6831161287652409,0
-8.180201,58,4088.577416,-100.0,-0.6425345711102003,0
-7.982507,44,4089.247036,-100.0,-0.7150335757364642,0
-7.879625,50,4089.981565,-100.0,-0.7059069948374634,0
-7.866004,47,4090.700448,-100.0,-0.6191384461861539,0
-8.605171,64,4091.661214,-100.0,-0.6404495294100901,0
-7.636485,57,4092.534058,-100.0,-0.7216043903000372,0
-7.974059,42,4093.169388,-100.0,-0.6397548303211478,0
-7.179957,39,4093.774358,-100.0,-0.6828624033164626,0
-9.709943,75,4094.896879,-100.0,-0.6980547052425036,0
-9.150011,61,4095.808628,-100.0,-0.6591055618188864,0
-8.388032,54,4096.630935,-100.0,-0.6654355440893054,0
-9.088783,65,4097.619417,-100.0,-0.718390609721432,0
-8.208057,39,4098.201496,-100.0,-0.5945405844160928,0
-8.454401,50,4098.95786,-100.0,-0.7142399624155866,0
-8.713383,49,4099.720017,-100.0,-0.827242529473236,0
-7.468175,46,4218.39427,-100.0,-0.6499356498797885,0
-8.219268,42,4219.041795,-100.0,-0.6128643819445064,0
-7.04526,37,4219.603614,-100.0,-0.721877641182292,0
-8.037058,47,4220.293512,-100.0,-0.7098449163328387,0
-7.338925,40,4220.913383,-100.0,-0.7299052225881819,0
-7.38627,49,4221.66129,-100.0,-0.7294847289327676,0
-6.842669,39,4222.25409,-100.0,-0.7091503686993257,0
-7.20435,39,4222.852872,-100.0,-0.7057980866381003,0
-7.664533,39,4223.449811,-100.0,-0.6339891457898114,0
-7.748375,46,4224.173211,-100.0,-0.7549608006738002,0
-6.857903,42,4224.817518,-100.0,-0.6764970141473492,0
-7.19834,52,4225.604988,-100.0,-0.6202501518638247,0
-7.906078,54,4226.418665,-100.0,-0.7380659711935126,0
-8.739484,60,4227.339012,-100.0,-0.7403649028245948,0
-7.654832,42,4227.957442,-100.0,-0.7374576782475023,0
-7.036132,46,4228.6654,-100.0,-0.6731830487342491,0
-7.164356,38,4229.256011,-100.0,-0.5680541244814191,0
-8.028939,55,4230.098562,-100.0,-0.6684511150550407,0
-8.481532,58,4230.978569,-100.0,-0.5908428836072611,0
-7.716425,50,4231.755833,-100.0,-0.6955584462217316,0
-7.866214,56,4232.607516,-100.0,-0.7613516119057753,0
-7.900483,55,4233.45292,-100.0,-0.7485446745073633,0
-8.034904,46,4234.141951,-100.0,-0.6200367310619714,0
-8.473511,57,4235.010405,-100.0,-0.6249275420101612,0
-7.756109,46,4235.700565,-100.0,-0.7466902982502762,0
-7.093955,50,4236.475089,-100.0,-0.6801645316176714,0
-7.793704,41,4237.087428,-100.0,-0.6923357497778946,0
-7.345946,45,4237.794923,-100.0,-0.7356184839272256,0
-7.503081,41,4238.426071,-100.0,-0.6385335904689396,0
-8.389608,66,4239.439173,-100.0,-0.6581668960340732,0
-8.398087,54,4240.272832,-100.0,-0.603352473948313,0
-9.972561,68,4241.29929,-100.0,-0.635490713543585,0
-8.610347,53,4242.087863,-100.0,-0.682930240805807,0
-9.118979,84,4243.38677,-100.0,-0.85244671595593,0
-10.426288,69,4244.423911,-100.0,-0.5966804387356026,0
-7.080242,48,4245.177594,-100.0,-0.6943192148088531,0
-7.899465,45,4245.867712,-100.0,-0.7060108331728044,0
-8.112264,53,4246.666895,-100.0,-0.7263524098780151,0
-8.043097,46,4247.364648,-100.0,-0.6382021502087553,0
-9.555994,65,4248.342939,-100.0,-0.6048449651337032,0
-7.472963,46,4249.05884,-100.0,-0.7799129746578475,0
-9.000661,61,4367.280562,-100.0,-0.6909810995166404,0
-7.340747,51,4368.079834,-100.0,-0.7596474391360621,0
-7.498946,36,4368.64325,-100.0,-0.6270761962457586,0
-7.565533,42,4369.263472,-100.0,-0.8163011715236699,0
-7.823619,52,4370.093729,-100.0,-0.6148699119697153,0
-7.110936,47,4370.826373,-100.0,-0.7727117220278886,0
-7.420474,42,4371.458388,-100.0,-0.7743336883238293,0
-7.895211,60,4372.388228,-100.0,-0.7981950173356582,0
-6.890401,43,4373.045592,-100.0,-0.6946742607161085,0
-6.604757,43,4373.717534,-100.0,-0.7805629164726429,0
-7.314262,43,4374.379708,-100.0,-0.6175989691042165,0
-6.951712,37,4374.926581,-100.0,-0.6139536935657552,0
-6.916465,39,4375.531278,-100.0,-0.6913784165486847,0
-8.170602,52,4376.323484,-100.0,-0.6751388202892916,0
-10.043497,40,4376.953647,-100.0,-0.7649565684580248,0
-8.336238,46,4377.664961,-100.0,-0.623688705696235,0
-7.144638,47,4378.38089,-100.0,-0.7612327486134608,0
-7.259726,39,4378.983842,-100.0,-0.6566758006672225,0
-7.169892,48,4379.727354,-100.0,-0.6447041647914389,0
-6.862802,43,4380.386807,-100.0,-0.7083095897770542,0
-9.586626,77,4381.573653,-100.0,-0.6920862164826311,0
-7.225187,48,4382.307355,-100.0,-0.6524758746318343,0
-7.313845,49,4383.067634,-100.0,-0.6955366249761268,0
-7.804701,44,4383.749171,-100.0,-0.7847780849980545,0
-7.742268,45,4384.436388,-100.0,-0.5927654517166664,0
-6.953942,62,4385.396518,-100.0,-0.7699229702231616,0
-7.011484,42,4386.042262,-100.0,-0.8619156254809014,0
-7.824518,55,4386.894761,-100.0,-0.6900886095072276,0
-9.144887,66,4387.932322,-100.0,-0.7908449318107791,0
-8.356536,51,4388.701403,-100.0,-0.7494217116492574,0
-6.315354,41,4389.329562,-100.0,-0.7408843820018092,0
-7.745085,54,4390.152691,-100.0,-0.7552038308943727,0
-7.283276,39,4390.761073,-100.0,-0.7261257307389386,0
-7.739118,41,4391.396825,-100.0,-0.6813072071166927,0
-8.464141,48,4392.11787,-100.0,-0.601136094607163,0
-6.461515,36,4392.685523,-100.0,-0.7432652749801612,0
-8.118861,43,4393.329143,-100.0,-0.6456439878269893,0
-7.32926,44,4394.012477,-100.0,-0.6543790946144549,0
-7.509832,43,4394.676868,-100.0,-0.6217417025888419,0
-6.745267,45,4395.356708,-100.0,-0.7965404354123686,0
-7.91772,39,4395.964363,-100.0,-0.6785099168675284,0
-9.162326,63,4396.955316,-100.0,-0.678271648503631,0
-8.15252,55,4397.804624,-100.0,-0.7381038733918811,0
-7.268411,47,4519.602912,-100.0,-0.7555672463090526,0
-10.645195,59,4520.496618,-100.0,-0.6810773683921751,0
-7.338658,46,4521.213673,-100.0,-0.7052604295098146,0
-7.56367,53,4522.045382,-100.0,-0.7618585912723486,0
-7.540574,41,4522.676827,-100.0,-0.7444271162370386,0
-7.255758,39,4523.271391,-100.0,-0.7076433161244075,0
-7.114886,38,4523.883029,-100.0,-0.6722883727240748,0
-6.72105,40,4524.495625,-100.0,-0.6343891930653351,0
-7.762339,47,4525.235195,-100.0,-0.6482050176587254,0
-7.343442,48,4525.997763,-100.0,-0.6734499876341833,0
-6.662605,40,4526.602617,-100.0,-0.715347859781958,0
-7.079055,41,4527.243479,-100.0,-0.674696930186704,0
-8.086832,45,4527.956117,-100.0,-0.7799697027553602,0
-8.102247,48,4528.69305,-100.0,-0.7139513439399054,0
-7.131032,51,4529.482044,-100.0,-0.739785738779573,0
-7.742715,51,4530.273689,-100.0,-0.6717063585768686,0
-7.19034,46,4530.986649,-100.0,-0.6625779841321593,0
-8.143563,46,4531.706164,-100.0,-0.6238825172926866,0
-7.452343,45,4532.411443,-100.0,-0.651630473460655,0
-7.502562,43,4533.072026,-100.0,-0.6493327366094029,0
-6.558727,35,4533.595286,-100.0,-0.7990336722452626,0
-7.656001,42,4534.253223,-100.0,-0.5815070988868873,0
-6.904729,41,4534.895091,-100.0,-0.6811049052992436,0
-6.879694,42,4535.550337,-100.0,-0.6506137403251112,0
-8.428299,55,4536.408194,-100.0,-0.738785773269347,0
-7.481512,51,4537.206068,-100.0,-0.7987977967855666,0
-7.130603,43,4537.86133,-100.0,-0.6173063162836412,0
-7.910726,55,4538.728281,-100.0,-0.6855112586654619,0
-7.202446,44,4539.399035,-100.0,-0.6809658896732924,0
-7.034827,40,4540.027651,-100.0,-0.6870866461193201,0
-7.65169,52,4540.835457,-100.0,-0.7659910836363871,0
-9.050802,78,4542.042909,-100.0,-0.6138574977949863,0
-6.881003,48,4542.77076,-100.0,-0.7376527038228844,0
-6.989279,46,4543.492567,-100.0,-0.7238831607434484,0
-7.150825,45,4544.2107,-100.0,-0.7140171555258806,0
-6.757537,39,4544.811422,-100.0,-0.6749661419636791,0
-7.982781,57,4545.700431,-100.0,-0.6344314490104875,0
-7.591717,40,4546.328951,-100.0,-0.6369365752844395,0
-7.437789,46,4547.045197,-100.0,-0.6529575746385781,0
-7.356163,54,4547.886775,-100.0,-0.7151650630644885,0
-6.767401,40,4548.509432,-100.0,-0.7158630524591227,0
-8.571516,72,4549.640413,-100.0,-0.6403475545571277,0
-6.544015,42,4550.277962,-100.0,-0.7595995685309526,0
-8.149511,56,4668.744981,-100.0,-0.6603648227559749,0
-7.236494,44,4669.427327,-100.0,-0.6630726003730728,0
-8.037407,45,4670.124816,-100.0,-0.8008709265680332,0
-6.699989,42,4670.787315,-100.0,-0.7199364202824964,0
-6.676166,39,4671.389221,-100.0,-0.7323986594884583,0
-7.103451,38,4671.970176,-100.0,-0.7347436536187971,0
-6.497255,40,4672.594986,-100.0,-0.729721908887348,0
-7.394783,40,4673.221603,-100.0,-0.8330106784372343,0
-6.824655,41,4673.867923,-100.0,-0.7517042232459779,0
-7.051352,45,4674.558103,-100.0,-0.6568567823117295,0
-8.773158,80,4675.80583,-100.0,-0.765677607519723,0
-7.291271,44,4676.477002,-100.0,-0.7120125263856708,0
-7.252898,40,4677.13593,-100.0,-0.6656989819010053,0
-7.153452,44,4677.809224,-100.0,-0.6316291964820789,0
-7.142187,48,4678.550051,-100.0,-0.7540771077342294,0
-8.806529,70,4679.637808,-100.0,-0.6932674026241977,0
-7.255575,47,4680.363664,-100.0,-0.6680332469068315,0
-6.94805,43,4681.053298,-100.0,-0.6478521709608985,0
-7.871606,47,4681.771253,-100.0,-0.6412680250018447,0
-10.075625,89,4683.17048,-100.0,-0.7268131781413089,0
-7.986975,55,4684.035236,-100.0,-0.6596059063210352,0
-7.14408,54,4684.8621,-100.0,-0.6918180667275416,0
-7.013277,39,4685.458708,-100.0,-0.6678495133429159,0
-7.612674,47,4686.189687,-100.0,-0.691796501782917,0
-7.095615,42,4686.828897,-100.0,-0.626567178880524,0
-6.944462,39,4687.441268,-100.0,-0.6628201786755178,0
-7.511322,43,4688.092965,-100.0,-0.6623352922410717,0
-7.571545,53,4688.916641,-100.0,-0.645507500101351,0
-6.099027,37,4689.502678,-100.0,-0.7249590145247456,0
-7.047309,45,4690.20578,-100.0,-0.7244161524805226,0
-7.190614,42,4690.850382,-100.0,-0.6459705995229831,0
-7.4258,54,4691.706262,-100.0,-0.7031059784374935,0
-6.895383,38,4692.274496,-100.0,-0.6539279298533627,0
-8.038948,52,4693.092458,-100.0,-0.6678214129723211,0
-7.14028,41,4693.732334,-100.0,-0.7556996214505316,0
-7.171103,44,4694.406396,-100.0,-0.6711201127432969,0
-7.351366,45,4695.126785,-100.0,-0.7507272647073047,0
-7.219699,48,4695.874945,-100.0,-0.7828765531965782,0
-7.819604,43,4696.529395,-100.0,-0.744451375391838,0
-6.929121,41,4697.187447,-100.0,-0.7259543997565455,0
-6.665809,38,4697.776022,-100.0,-0.699755150581257,0
-7.084402,39,4698.387991,-100.0,-0.7117280373078982,0
-7.051323,47,4699.112544,-100.0,-0.6442867914687294,0
-7.39852,40,4699.737762,-100.0,-0.630865175271117,0
-7.195219,49,4700.506384,-100.0,-0.7602600289747715,0
-6.16488,40,4826.369694,-100.0,-0.7927388015918125,0
-6.7875,38,4826.961494,-100.0,-0.8071824139883802,0
-7.567707,47,4827.700493,-100.0,-0.6660335451749146,0
-6.813577,37,4828.292264,-100.0,-0.748999299316493,0
-7.218927,46,4829.013273,-100.0,-0.6873279260638291,0
-6.633298,48,4829.755412,-100.0,-0.7449862878472565,0
-6.980336,44,4830.443688,-100.0,-0.7138028606686823,0
-7.575388,51,4831.247246,-100.0,-0.7243851243514069,0
-7.925907,52,4832.074086,-100.0,-0.7089441221005711,0
-6.061166,34,4832.578278,-100.0,-0.7268080124278179,0
-5.948002,36,4833.138727,-100.0,-0.8243012669048773,0
-6.945051,56,4834.037543,-100.0,-0.784243606641536,0
-7.074685,45,4834.734725,-100.0,-0.643521923384237,0
-6.737468,41,4835.375958,-100.0,-0.7250727258782091,0
-6.932883,42,4836.037406,-100.0,-0.7162765577461065,0
-7.054809,52,4836.842615,-100.0,-0.7560466503031444,0
-7.464414,57,4837.757632,-100.0,-0.6493369569263865,0
-7.217584,48,4838.513917,-100.0,-0.7488793436062915,0
-7.407827,42,4839.177613,-100.0,-0.6661399399764029,0
-6.574159,38,4839.770631,-100.0,-0.7884784837806219,0
-6.933796,41,4840.4166,-100.0,-0.7243988378762537,0
-6.987882,46,4841.123671,-100.0,-0.7634767524399622,0
-6.650655,40,4841.757536,-100.0,-0.7919539036212956,0
-6.93625,47,4842.488231,-100.0,-0.7570305501831867,0
-7.432829,44,4843.170494,-100.0,-0.6095571036181945,0
-8.162415,39,4843.78904,-100.0,-0.7003409219627382,0
-6.996736,41,4844.423381,-100.0,-0.6485442114585888,0
-7.367109,40,4845.038636,-100.0,-0.7028917519069576,0
-7.549047,49,4845.80714,-100.0,-0.6886530366631497,0
-7.400405,50,4846.586062,-100.0,-0.6908588288273869,0
-7.639425,46,4847.30263,-100.0,-0.6668397561060834,0
-7.409984,40,4847.917505,-100.0,-0.6779995930367946,0
-6.931596,40,4848.542081,-100.0,-0.5947116112253682,0
-6.96707,49,4849.310344,-100.0,-0.7402390249481199,0
-7.653229,41,4849.954619,-100.0,-0.7046011060862133,0
-6.970008,43,4850.628675,-100.0,-0.7915496002975563,0
-7.070868,44,4851.321828,-100.0,-0.6998255554164406,0
-6.226908,41,4851.968967,-100.0,-0.765167106484593,0
-7.278909,41,4852.603704,-100.0,-0.6324537190515135,0
-7.371254,47,4853.342428,-100.0,-0.6445912722493576,0
-6.761339,48,4854.280108,-100.0,-0.7451350963371166,0
-7.078235,43,4854.957934,-100.0,-0.6304855554025947,0
-7.348801,51,4855.752266,-100.0,-0.7473643257605782,0
-6.964585,49,4856.522682,-100.0,-0.7611505917944277,0
-8.101377,63,4857.51875,-100.0,-0.7083434118980536,0
-8.023467,53,4977.525399,-100.0,-0.6687338657661288,0
-7.729573,46,4978.246384,-100.0,-0.6291129154957256,0
-7.172076,43,4978.919318,-100.0,-0.6732924756817974,0
-7.466192,46,4979.645968,-100.0,-0.7309329278068076,0
-6.411719,36,4980.234464,-100.0,-0.7582446272910476,0
-7.394722,42,4980.89037,-100.0,-0.7736387781731897,0
-7.207336,49,4981.665977,-100.0,-0.7011682373767133,0
-6.997961,37,4982.248266,-100.0,-0.6346260824280615,0
-8.53881,61,4983.228779,-100.0,-0.6324853181707157,0
-7.417191,51,4984.03234,-100.0,-0.6580761083202564,0
-7.51916,39,4984.635293,-100.0,-0.6625022710570173,0
-7.256528,46,4985.351089,-100.0,-0.7281453864308769,0
-7.36114,41,4986.001889,-100.0,-0.6939085036691293,0
-6.944477,45,4986.708558,-100.0,-0.7017575680071519,0
-6.68736,41,4987.361285,-100.0,-0.784958078014262,0
-6.535765,43,4988.040171,-100.0,-0.6731841526533647,0
-6.913756,43,4988.706638,-100.0,-0.7022211491019168,0
-6.620579,45,4989.411978,-100.0,-0.7924236564002877,0
-7.078322,53,4990.247792,-100.0,-0.7450033729740287,0
-6.961052,51,4991.03961,-100.0,-0.7360959607278645,0
-7.119268,39,4991.661918,-100.0,-0.7410441871753011,0
-6.591306,42,4992.331361,-100.0,-0.776818847299838,0
-6.940743,40,4992.947725,-100.0,-0.6429057703285066,0
-6.939702,40,4993.5849,-100.0,-0.7199266125855621,0
-7.756995,49,4994.351252,-100.0,-0.7062918293795523,0
-6.777591,40,4994.987643,-100.0,-0.6297375864237567,0
-6.609952,43,4995.674428,-100.0,-0.7312810952141193,0
-7.022142,42,4996.345486,-100.0,-0.6416133889893364,0
-7.500529,43,4997.013378,-100.0,-0.6736361665842355,0
-6.534763,44,4997.711508,-100.0,-0.708538258299961,0
-7.255731,42,4998.37003,-100.0,-0.6833923343095649,0
-7.805025,58,4999.272373,-100.0,-0.7178066238031167,0
-6.643119,48,5000.027842,-100.0,-0.7188681474982155,0
-6.399982,37,5000.611561,-100.0,-0.7343978227278379,0
-6.650431,40,5001.248012,-100.0,-0.7755889515843871,0
-6.490257,39,5001.85585,-100.0,-0.6849896812343784,0
-6.925314,42,5002.516417,-100.0,-0.6739086890468436,0
-7.349686,46,5003.242862,-100.0,-0.7176465406566521,0
-6.403135,37,5003.829997,-100.0,-0.734530091793637,0
-8.062373,37,5004.413423,-100.0,-0.43560331018655146,0
-6.33874,45,5005.128783,-100.0,-0.8459809666235385,0
-6.785649,40,5005.752209,-100.0,-0.8022085089582809,0
-7.252814,38,5006.33834,-100.0,-0.6869039324769091,0
-6.745527,42,5007.003481,-100.0,-0.670755004635698,0
-7.064834,39,5007.622612,-100.0,-0.714826607370102,0
-7.577997,46,5008.359931,-100.0,-0.6510573319540547,0
-6.901606,44,5009.054605,-100.0,-0.6762264587876556,0
-7.156041,47,5113.690591,-100.0,-0.7518436898452208,0
-6.825552,43,5114.36583,-100.0,-0.681593641460726,0
-6.59223,37,5114.975297,-100.0,-0.7998911242301096,0
-7.232273,49,5115.727895,-100.0,-0.718800607886578,0
-6.294307,37,5116.326776,-100.0,-0.7308624538245182,0
-6.730833,42,5116.994313,-100.0,-0.79711829309243,0
-7.293002,50,5117.781551,-100.0,-0.6987694352042134,0
-7.09372,49,5118.570192,-100.0,-0.6651877980732787,0
-7.715428,39,5119.176403,-100.0,-0.7567001862599873,0
-7.041069,41,5119.805556,-100.0,-0.7323898405366189,0
-7.208489,45,5120.527706,-100.0,-0.631224320299771,0
-6.916047,40,5121.157711,-100.0,-0.6738894140262379,0
-7.189269,48,5121.932544,-100.0,-0.7013728271523817,0
-6.456888,38,5122.544079,-100.0,-0.7607218415320074,0
-7.41397,37,5123.118196,-100.0,-0.8495649168072875,0
-6.780004,41,5123.769923,-100.0,-0.64712504367065,0
-7.765184,43,5124.457489,-100.0,-0.6071469475661535,0
-6.600681,41,5125.100085,-100.0,-0.6830667665195715,0
-7.177915,45,5125.82952,-100.0,-0.715614057886357,0
-7.131829,46,5126.556313,-100.0,-0.6611234532073691,0
-8.149235,55,5127.428049,-100.0,-0.6834096323560384,0
-7.183592,48,5128.169381,-100.0,-0.627224416036537,0
-6.656963,40,5128.796736,-100.0,-0.6347531223111152,0
-6.569109,44,5129.499596,-100.0,-0.7082292044431815,0
-6.739386,43,5130.196796,-100.0,-0.7464779842880888,0
-6.739515,41,5130.841976,-100.0,-0.7789500727965768,0
-7.106126,45,5131.56623,-100.0,-0.6624388557851151,0
-6.633461,35,5132.092735,-100.0,-0.6978968165674979,0
-6.297353,36,5132.67099,-100.0,-0.762029471756747,0
-7.105582,39,5133.288164,-100.0,-0.6273315550172404,0
-7.203179,41,5133.954083,-100.0,-0.6511114008557917,0
-6.632254,40,5134.607314,-100.0,-0.6863353486965337,0
-7.302975,43,5135.282501,-100.0,-0.6408606881399563,0
-7.043925,43,5135.962835,-100.0,-0.6685544273538238,0
-7.312134,44,5136.667144,-100.0,-0.7141855715495079,0
-7.264826,41,5137.320369,-100.0,-0.7112688669874812,0
-6.917924,40,5137.943923,-100.0,-0.6311646649282062,0
-7.059065,36,5138.515367,-100.0,-0.6374835557634088,0
-7.469359,52,5139.343411,-100.0,-0.6418499687411281,0
-6.937915,39,5139.957198,-100.0,-0.7225372841700736,0
-7.110759,39,5140.569965,-100.0,-0.625894213632272,0
-8.281849,43,5141.250537,-100.0,-0.5800375753607095,0
-6.753765,47,5142.004297,-100.0,-0.7016810668894209,0
-6.907709,44,5142.70105,-100.0,-0.7073050494135521,0
-6.987251,39,5143.324231,-100.0,-0.6801377801747346,0
-7.04688,51,5144.124496,-100.0,-0.689824216845729,0
-6.768827,41,5144.794717,-100.0,-0.7312022362644225,0
-6.934648,45,5145.503363,-100.0,-0.8742930924958792,0
-7.137588,43,5268.099256,-100.0,-0.70933602002777,0
-6.112161,40,5268.721193,-100.0,-0.765228655289377,0
-6.946002,51,5269.546833,-100.0,-0.7823475564852443,0
-6.328193,37,5270.131267,-100.0,-0.7078967570540198,0
-6.56996,41,5270.781114,-100.0,-0.7903721605295143,0
-6.552048,40,5271.419555,-100.0,-0.7266872035280993,0
-6.042229,37,5272.011853,-100.0,-0.7707236949861244,0
-6.983977,41,5272.645327,-100.0,-0.7232128761220051,0
-6.477334,38,5273.267453,-100.0,-0.6802962031377,0
-7.101227,43,5273.938725,-100.0,-0.595319205887149,0
-6.713632,45,5274.648902,-100.0,-0.7237007746895974,0
-7.282174,41,5275.301252,-100.0,-0.6495368725530598,0
-6.563243,43,5275.977378,-100.0,-0.6890004424971371,0
-7.173392,46,5276.704624,-100.0,-0.7060043866297745,0
-6.333258,40,5277.349254,-100.0,-0.7291010567902807,0
-6.751423,43,5278.014391,-100.0,-0.7413210834240493,0
-8.206649,57,5278.904281,-100.0,-0.6706687442025371,0
-6.924671,44,5279.609612,-100.0,-0.7205681897683006,0
-6.260103,38,5280.216166,-100.0,-0.6758665303877945,0
-7.289558,41,5280.856706,-100.0,-0.6296141104684746,0
-7.388296,58,5281.7763,-100.0,-0.766760357668375,0
-7.075423,45,5282.510759,-100.0,-0.7373394143234793,0
-7.768247,42,5283.176632,-100.0,-0.6469459243424515,0
-6.589183,51,5283.963373,-100.0,-0.7131925820262643,0
-7.117785,49,5284.737651,-100.0,-0.6354671236806584,0
-6.620025,38,5285.330928,-100.0,-0.755671968173326,0
-6.313662,40,5285.973691,-100.0,-0.8520847416668804,0
-7.382259,54,5286.847939,-100.0,-0.767749516579601,0
-7.292144,45,5287.568952,-100.0,-0.6265701067080113,0
-8.932375,65,5288.585618,-100.0,-0.634720522913848,0
-11.430238,137,5290.759295,-100.0,-0.6693669687535952,0
-7.127456,43,5291.456241,-100.0,-0.6522739575158505,0
-7.050428,42,5292.101494,-100.0,-0.638870776879222,0
-13.216162,82,5293.393886,-100.0,-0.21165856770708164,0
-7.04027,39,5294.022731,-100.0,-0.6552564933401257,0
-7.070992,43,5294.702355,-100.0,-0.6888271988938174,0
-6.015717,35,5295.253996,-100.0,-0.8182982497829402,0
-6.628651,48,5296.03087,-100.0,-0.7150118503253072,0
-7.502774,53,5296.84366,-100.0,-0.6272479371995531,0
-6.882177,48,5297.621654,-100.0,-0.8115879682291643,0
-6.292005,37,5298.2137,-100.0,-0.6909368256299526,0
-6.736338,41,5298.86132,-100.0,-0.646215234393365,0
-6.464677,37,5299.447726,-100.0,-0.6918967735912612,0
-7.189583,37,5300.021294,-100.0,-0.5526275959118145,0
-7.215526,42,5409.88597,-100.0,-0.6133210451181025,0
-6.272716,35,5410.443166,-100.0,-0.7074620021894523,0
-5.663033,34,5410.974606,-100.0,-0.6879561221837128,0
-6.26871,38,5411.57164,-100.0,-0.6739881987795753,0
-6.055362,37,5412.161095,-100.0,-0.669949296127035,0
-7.343322,40,5412.803339,-100.0,-0.5875824656956004,0
-6.146328,41,5413.452113,-100.0,-0.762144589880468,0
-7.688717,65,5414.503371,-100.0,-0.6945082194493917,0
-6.510303,39,5415.122246,-100.0,-0.7253483236894996,0
-6.724983,45,5415.845534,-100.0,-0.6359749446847704,0
-6.193377,38,5416.454926,-100.0,-0.7549916127090878,0
-6.170565,42,5417.313183,-100.0,-0.716611828987387,0
-6.706362,44,5418.002561,-100.0,-0.7388549586911264,0
-7.153994,40,5418.650175,-100.0,-0.6158423836866193,0
-7.135446,42,5419.324563,-100.0,-0.7010671205232949,0
-6.833274,44,5420.034403,-100.0,-0.7404227621626873,0
-6.323187,40,5420.669105,-100.0,-0.7339401967172207,0
-6.094613,34,5421.202299,-100.0,-0.7831877462119403,0
-6.861555,44,5421.907913,-100.0,-0.6643872702156566,0
-6.874069,43,5422.602807,-100.0,-0.6491543201288459,0
-6.78889,42,5423.257118,-100.0,-0.7484919849836963,0
-6.637981,38,5423.876075,-100.0,-0.6264010085777916,0
-6.88577,42,5424.542818,-100.0,-0.6566855859886305,0
-7.139801,39,5425.16284,-100.0,-0.6437624012741363,0
-6.967169,51,5425.985792,-100.0,-0.7252861587123662,0
-7.675723,56,5426.854474,-100.0,-0.6498538470511436,0
-6.501849,41,5427.510856,-100.0,-0.77594951898276,0
-6.830737,43,5428.19332,-100.0,-0.6298320961920298,0
-7.337674,49,5428.96551,-100.0,-0.6738803138863121,0
-6.842629,42,5429.631383,-100.0,-0.6829819831973266,0
-6.450902,47,5430.381953,-100.0,-0.7277586267853512,0
-6.626588,40,5431.01658,-100.0,-0.6690257534597931,0
-7.747693,46,5431.743407,-100.0,-0.5651468187965439,0
-6.698551,39,5432.368161,-100.0,-0.6780042465354157,0
-6.596968,36,5432.947805,-100.0,-0.7280250520006882,0
-6.895838,48,5433.720737,-100.0,-0.6246720257430075,0
-6.797259,42,5434.385574,-100.0,-0.6936049507329406,0
-7.549082,71,5435.508636,-100.0,-0.7519972481815235,0
-6.866853,45,5436.216532,-100.0,-0.7860237524768946,0
-7.106747,41,5436.875078,-100.0,-0.767227880625595,0
-7.04282,43,5437.558451,-100.0,-0.653023160840277,0
-6.260225,47,5438.298113,-100.0,-0.7465460270277999,0
-6.352016,42,5438.96939,-100.0,-0.6914433091607644,0
-6.336931,36,5439.561188,-100.0,-0.6678748096434233,0
-6.268329,37,5440.148518,-100.0,-0.764950572626982,0
-6.667875,54,5440.996476,-100.0,-0.7520869882568549,0
-6.105222,35,5441.550931,-100.0,-0.6181111457603429,0
-6.518492,36,5442.125702,-100.0,-0.7017323417851243,0
-7.083371,40,5544.245322,-100.0,-0.6615524018225489,0
-7.155953,53,5545.087569,-100.0,-0.7042580846187539,0
-6.825273,55,5545.958184,-100.0,-0.7325830258239617,0
-6.623387,39,5546.605032,-100.0,-0.697079742865368,0
-6.066765,45,5547.304415,-100.0,-0.7216097011521904,0
-6.445323,36,5547.887194,-100.0,-0.8744821510682886,0
-5.958458,41,5548.544773,-100.0,-0.8005262952446774,0
-5.918885,35,5549.102211,-100.0,-0.9194717223845915,0
-7.0686,43,5549.792945,-100.0,-0.6673664092387523,0
-6.174102,35,5550.341034,-100.0,-0.7854425062280557,0
-6.49088,39,5550.954866,-100.0,-0.733972496143162,0
-7.311443,43,5551.669523,-100.0,-0.6769261613584845,0
-7.351129,51,5552.484125,-100.0,-0.6778781754073816,0
-7.347082,44,5553.19429,-100.0,-0.6505554290513772,0
-6.406158,41,5553.849781,-100.0,-0.7336659968030882,0
-6.682547,42,5554.522482,-100.0,-0.6610832050558757,0
-7.161455,39,5555.142937,-100.0,-0.8456624387656302,0
-6.504957,39,5555.757469,-100.0,-0.7097905089739329,0
-6.736764,50,5556.560936,-100.0,-0.732497394856069,0
-6.550133,41,5557.226054,-100.0,-0.6399197912733098,0
-6.915395,40,5557.863063,-100.0,-0.6948751475745744,0
-6.872357,39,5558.489735,-100.0,-0.666264068597218,0
-6.508587,37,5559.076243,-100.0,-0.6309692714996177,0
-6.902002,42,5559.750736,-100.0,-0.7098579515416774,0
-6.790997,41,5560.417824,-100.0,-0.6439823363392368,0
-7.001575,50,5561.217357,-100.0,-0.7275860061953939,0
-6.556428,40,5561.851502,-100.0,-0.6220660587576821,0
-6.664739,46,5562.587773,-100.0,-0.7173996538845003,0
-6.449599,39,5563.210227,-100.0,-0.6537088154783843,0
-6.615603,44,5563.907521,-100.0,-0.6859217254494535,0
-6.38896,40,5564.558589,-100.0,-0.7485965719629172,0
-6.516397,41,5565.213594,-100.0,-0.699389985163132,0
-6.77983,47,5565.962175,-100.0,-0.9163526745603754,0
-6.700937,40,5566.584369,-100.0,-0.7053641295194528,0
-6.584505,43,5567.280468,-100.0,-0.7055636168212169,0
-6.516434,42,5567.952071,-100.0,-0.669634284277092,0
-6.782807,36,5568.538733,-100.0,-0.6108084963951246,0
-7.025042,39,5569.169631,-100.0,-0.6385941007933229,0
-6.555422,41,5569.821048,-100.0,-0.6418435856569289,0
-6.522488,39,5570.446105,-100.0,-0.670285037809313,0
-6.157341,36,5571.01372,-100.0,-0.7816970926706331,0
-6.262329,43,5571.71393,-100.0,-0.9144851478927716,0
-6.297429,45,5572.427116,-100.0,-0.7119048696323658,0
-6.371516,49,5573.200533,-100.0,-0.7301304753254396,0
-6.786788,37,5573.787816,-100.0,-0.6368017072150134,0
-6.565328,40,5574.41318,-100.0,-0.707055504599462,0
-6.477332,36,5574.992172,-100.0,-0.7254549989409709,0
-6.616757,44,5575.699802,-100.0,-0.641599176654397,0
-6.972775,45,5576.422398,-100.0,-0.685114225213693,0
-6.569313,48,5692.655303,-100.0,-0.7387524722869718,0
-6.226638,41,5693.322443,-100.0,-0.8331718356485279,0
-6.657085,37,5693.922468,-100.0,-0.6497673433007838,0
-6.567769,44,5694.621552,-100.0,-0.7041957684117204,0
-6.246571,33,5695.16386,-100.0,-0.6455536186170986,0
-6.09895,40,5695.811367,-100.0,-0.7700249439210847,0
-6.722294,44,5696.50329,-100.0,-0.7099108246547939,0
-6.598421,35,5697.061156,-100.0,-0.6378850282979883,0
-6.685231,49,5697.848233,-100.0,-0.7657876784498846,0
-6.371284,40,5698.499249,-100.0,-0.7206279488012425,0
-6.524499,48,5699.266569,-100.0,-0.6708431499144534,0
-6.882042,40,5699.915022,-100.0,-0.7326871316425572,0
-6.215662,34,5700.477227,-100.0,-0.730799152901798,0
-6.213485,39,5701.099366,-100.0,-0.7251597215178153,0
-6.580354,39,5701.725796,-100.0,-0.6792218891636315,0
-6.548746,46,5702.461534,-100.0,-0.7204883324629993,0
-6.663215,38,5703.076007,-100.0,-0.7619586401965837,0
-6.984144,42,5703.746371,-100.0,-0.6950857915792467,0
-6.689437,54,5704.597965,-100.0,-0.7207870576793007,0
-6.263281,37,5705.205456,-100.0,-0.7125122302946891,0
-6.524168,37,5705.811431,-100.0,-0.6635729288202808,0
-6.194215,42,5706.468273,-100.0,-0.7819421850578745,0
-5.764256,36,5707.055931,-100.0,-0.7979483122869371,0
-6.177728,39,5707.66832,-100.0,-0.7288102618092216,0
-6.582922,39,5708.299205,-100.0,-0.6127663621785042,0
-6.562203,41,5708.955145,-100.0,-0.7560835131561239,0
-6.605462,42,5709.640035,-100.0,-0.7196380259011672,0
-6.581127,37,5710.242272,-100.0,-0.7517585147687629,0
-6.97368,47,5711.007587,-100.0,-0.6785688930099838,0
-6.459034,39,5711.621079,-100.0,-0.7164889984961633,0
-6.219672,35,5712.185884,-100.0,-0.8464740203577246,0
-6.284696,38,5712.786606,-100.0,-0.6797695036018596,0
-6.511804,37,5713.386504,-100.0,-0.6517538148029453,0
-6.297284,44,5714.112771,-100.0,-0.7120452350134646,0
-6.450812,48,5714.879827,-100.0,-0.7643179086346135,0
-6.485622,39,5715.515624,-100.0,-0.6806850382293985,0
-6.560997,43,5716.196215,-100.0,-0.7179683601897331,0
-6.436681,38,5716.802433,-100.0,-0.6686830183121691,0
-6.870908,38,5717.420713,-100.0,-0.6170460973670039,0
-7.395013,43,5718.122488,-100.0,-0.5812157101614842,0
-6.395282,36,5718.691429,-100.0,-0.7367010641519437,0
-6.013499,36,5719.279795,-100.0,-0.750088999667051,0
-6.890268,41,5719.935993,-100.0,-0.7716302313066169,0
-5.95101,37,5720.53228,-100.0,-0.7934796591066398,0
-6.512354,44,5721.225857,-100.0,-0.675110705550833,0
-6.199839,42,5721.910911,-100.0,-0.7282438707940962,0
-6.776179,43,5722.590535,-100.0,-0.6452850256200005,0
-6.238633,36,5723.179775,-100.0,-0.7048707992912041,0
-5.906131,35,5723.743695,-100.0,-0.7482294081583712,0
-7.452232,44,5724.446927,-100.0,-0.6597084665054553,0
-6.513547,39,5840.606884,-100.0,-0.6334685710554971,0
-6.409501,38,5841.2261,-100.0,-0.7445491160459624,0
-6.793306,40,5841.869303,-100.0,-0.7051312158049179,0
-6.525024,37,5842.45845,-100.0,-0.7498221236848795,0
-6.27304,39,5843.084789,-100.0,-0.7295463758924757,0
-6.528262,41,5843.743087,-100.0,-0.6877359205062444,0
-5.942505,33,5844.281812,-100.0,-0.7647407774370805,0
-6.275058,34,5844.810937,-100.0,-0.6880933421986944,0
-6.436809,41,5845.484567,-100.0,-0.7116746813080794,0
-6.359097,38,5846.091017,-100.0,-0.7502142439423751,0
-6.100494,41,5846.765696,-100.0,-0.7865519097818655,0
-6.051265,38,5847.368102,-100.0,-0.9357012490911353,0
-6.897756,43,5848.066175,-100.0,-0.6909738036392903,0
-6.779082,42,5848.737607,-100.0,-0.7390551578214769,0
-6.446275,46,5849.464373,-100.0,-0.6989036650674082,0
-6.745017,41,5850.139328,-100.0,-0.7229745447781661,0
-5.730925,34,5850.691082,-100.0,-0.7694118165677231,0
-6.653127,42,5851.366541,-100.0,-0.7121106817024228,0
-6.1967,40,5852.008167,-100.0,-0.7160216920437664,0
-6.557613,39,5852.638067,-100.0,-0.7389149322468207,0
-6.145932,42,5853.310296,-100.0,-0.7102024925688001,0
-6.289483,41,5853.971092,-100.0,-0.7452719516066835,0
-6.082894,43,5854.648842,-100.0,-0.7789834577848261,0
-6.304914,41,5855.309472,-100.0,-0.7589251575198356,0
-6.724694,42,5855.982975,-100.0,-0.6466996147249268,0
-7.352084,68,5857.087457,-100.0,-0.7270234951302906,0
-6.495979,42,5857.766937,-100.0,-0.658792672138648,0
-6.659242,39,5858.398085,-100.0,-0.7999324473005317,0
-6.280057,35,5858.961489,-100.0,-0.723064984851845,0
-6.728506,41,5859.61425,-100.0,-0.6823343130430205,0
-6.732703,36,5860.189921,-100.0,-0.6551285086370899,0
-6.634179,41,5860.867391,-100.0,-0.6759527699631516,0
-6.430172,36,5861.441303,-100.0,-0.749152921601094,0
-5.927978,36,5862.017441,-100.0,-0.7722407579949443,0
-6.280083,40,5862.659145,-100.0,-0.6749133952378187,0
-6.745523,40,5863.304152,-100.0,-0.6865733391838561,0
-6.514917,37,5863.904369,-100.0,-0.7075283432394293,0
-6.507544,39,5864.514414,-100.0,-0.7217473698290765,0
-6.333221,43,5865.39255,-100.0,-0.641937822653615,0
-5.748095,35,5865.95866,-100.0,-0.8609864810431032,0
-6.851133,50,5866.788383,-100.0,-0.687571004708501,0
-6.601145,42,5867.457347,-100.0,-0.61472680745263,0
-7.675567,45,5868.175938,-100.0,-0.6715000467119918,0
-6.817388,38,5868.779062,-100.0,-0.6484593081331006,0
-6.012816,37,5869.389082,-100.0,-0.7013499591107409,0
-6.323382,39,5870.009997,-100.0,-0.6583744222928132,0
-6.23905,43,5870.718593,-100.0,-0.7681868163767198,0
-6.620162,41,5871.372783,-100.0,-0.7115552843156839,0
-6.180492,41,5872.032397,-100.0,-0.7435874536919185,0
-6.18123,42,5872.701457,-100.0,-0.7773170276802617,0
-6.281488,40,5873.353776,-100.0,-0.6854810614798681,0
-6.26339,38,5993.333777,-100.0,-0.7208208341466826,0
-6.219237,34,5993.868948,-100.0,-0.6960530442047632,0
-6.265288,44,5994.602839,-100.0,-0.7724535590368592,0
-6.417219,39,5995.227049,-100.0,-0.6427030226095508,0
-6.671126,43,5995.917598,-100.0,-0.7237373960562737,0
-5.986504,39,5996.538357,-100.0,-0.7580817685778828,0
-6.217701,37,5997.145717,-100.0,-0.6554500914793079,0
-5.955969,33,5997.670475,-100.0,-0.7474112046614715,0
-6.391623,40,5998.328255,-100.0,-0.8139793398165904,0
-6.158221,42,5999.016895,-100.0,-0.7288117537292459,0
-6.277404,41,5999.680017,-100.0,-0.691854572679265,0
-6.446881,40,6000.335047,-100.0,-0.7201133506357094,0
-6.325809,42,6001.006541,-100.0,-0.6767439907619525,0
-6.233236,38,6001.605667,-100.0,-0.6954612991928995,0
-6.648915,37,6002.208885,-100.0,-0.7177633970011281,0
-6.523869,38,6002.83053,-100.0,-0.6365305251931287,0
-6.29293,33,6003.36857,-100.0,-0.6890986631429599,0
-6.857686,44,6004.090943,-100.0,-0.6810542316592476,0
-6.672709,39,6004.703819,-100.0,-0.728145800329817,0
-5.718316,39,6005.344833,-100.0,-0.7039123915394556,0
-5.916466,35,6005.911058,-100.0,-0.6282287345716824,0
-6.500874,45,6006.653893,-100.0,-0.7286422304353446,0
-6.224842,40,6007.30597,-100.0,-0.7219985986914015,0
-6.216667,38,6007.899537,-100.0,-0.7003817561086412,0
-6.136483,37,6008.486173,-100.0,-0.7629887879355666,0
-6.315788,43,6009.199784,-100.0,-0.6793836232323587,0
-6.226423,36,6009.792655,-100.0,-0.7627172061718709,0
-6.939474,38,6010.414146,-100.0,-0.5879724582007612,0
-6.625622,40,6011.05126,-100.0,-0.6625764449076041,0
-6.410164,37,6011.657341,-100.0,-0.7916807930141639,0
-6.732135,45,6012.3746,-100.0,-0.6441982864456668,0
-6.152953,40,6013.017877,-100.0,-0.7045545761803248,0
-6.518524,43,6013.712463,-100.0,-0.7767053504083516,0
-6.046348,38,6014.322553,-100.0,-0.6951981384146869,0
-6.31925,38,6014.932296,-100.0,-0.8181870730523312,0
-6.71161,40,6015.579681,-100.0,-0.7085777941133027,0
-5.661046,35,6016.148614,-100.0,-0.7868688781446921,0
-5.974969,37,6016.746634,-100.0,-0.7910635195544357,0
-5.730849,40,6017.391966,-100.0,-0.7804176118187505,0
-6.230285,35,6017.96986,-100.0,-0.743978522546851,0
-6.202683,37,6018.563399,-100.0,-0.6945451809228713,0
-6.481858,40,6019.211911,-100.0,-0.6364418857710584,0
-6.685363,41,6019.881539,-100.0,-0.6157944237949647,0
-6.597616,45,6020.604507,-100.0,-0.7237666301556726,0
-6.409269,41,6021.258063,-100.0,-0.6898241734589027,0
-6.164718,38,6021.884549,-100.0,-0.688298207787631,0
-6.485064,41,6022.547156,-100.0,-0.8075917363457209,0
-6.165073,43,6023.245814,-100.0,-0.8456664155036744,0
-6.50463,36,6023.825193,-100.0,-0.8076244581354952,0
-6.521157,46,6024.58691,-100.0,-0.6902925054033211,0
-6.135442,42,6025.263139,-100.0,-0.7540569725777868,0
-5.711931,33,6025.794636,-100.0,-0.744847645539437,0
-5.944179,42,6145.020782,-100.0,-0.7077976411338078,0
-5.936947,35,6145.620974,-100.0,-0.6817220750084849,0
-6.552253,38,6146.289659,-100.0,-0.6958853699392533,0
-6.079184,37,6146.930432,-100.0,-0.722083303232642,0
-6.295469,42,6147.688256,-100.0,-0.6421262303182727,0
-6.375919,40,6148.398175,-100.0,-0.5376989273698057,0
-6.015273,39,6149.059001,-100.0,-0.7552676081291936,0
-5.958105,33,6149.644784,-100.0,-0.7938894634281743,0
-5.781794,38,6150.331556,-100.0,-0.7669859355882571,0
-6.275163,40,6151.038833,-100.0,-0.647530306722049,0
-6.072535,39,6151.711957,-100.0,-0.7250332993888466,0
-6.985707,47,6152.522539,-100.0,-0.7198951349850512,0
-6.817861,42,6153.262833,-100.0,-0.670518011449074,0
-6.622349,42,6154.016347,-100.0,-0.8071305663901712,0
-6.331201,39,6154.707294,-100.0,-0.6913715412966831,0
-6.571853,39,6155.395173,-100.0,-0.621400988609971,0
-7.234197,61,6156.465056,-100.0,-0.7750694279579502,0
-6.594438,47,6157.310548,-100.0,-0.6277836005383567,0
-6.273372,35,6157.904403,-100.0,-0.6422374511093869,0
-6.631248,38,6158.565973,-100.0,-0.6451272397537655,0
-5.936414,35,6159.169433,-100.0,-0.804512550874925,0
-6.485165,40,6159.877434,-100.0,-0.700681823735044,0
-6.26375,39,6160.572471,-100.0,-0.6135171366868031,0
-6.097574,38,6161.255122,-100.0,-0.7752780686163167,0
-5.995122,38,6161.926028,-100.0,-0.716728612290124,0
-6.281781,44,6162.686464,-100.0,-0.7085800744269487,0
-6.254202,40,6163.386095,-100.0,-0.6833190172246687,0
-6.45672,41,6164.102949,-100.0,-0.7367121063425242,0
-6.964579,48,6164.939777,-100.0,-0.6770962665270792,0
-6.755698,40,6165.648187,-100.0,-0.5979285966570987,0
-6.289708,40,6166.350397,-100.0,-0.8373565970341175,0
-6.482232,42,6167.09067,-100.0,-0.6562512169706229,0
-6.342552,39,6167.758615,-100.0,-0.6840150837567985,0
-6.176146,37,6168.403712,-100.0,-0.7019049572651171,0
-6.265699,39,6169.096103,-100.0,-0.8138435447843883,0
-6.112801,37,6169.746067,-100.0,-0.7341394272216843,0
-6.876796,45,6170.538596,-100.0,-0.7187868924341361,0
-5.972956,39,6171.222067,-100.0,-0.8120957810677807,0
-5.769382,34,6171.808837,-100.0,-0.8360464453925921,0
-6.345497,43,6172.573747,-100.0,-0.7311848981095955,0
-6.24879,39,6173.288977,-100.0,-0.6851998510017119,0
-6.643363,42,6174.023108,-100.0,-0.6307515512939078,0
-6.558182,58,6175.010408,-100.0,-0.8302112641465714,0
-5.606627,34,6175.606722,-100.0,-0.8038669131630214,0
-6.422488,39,6176.297057,-100.0,-0.6325614780996857,0
-5.920128,41,6177.010146,-100.0,-0.7867343549304324,0
-6.610781,51,6177.90251,-100.0,-0.7120571316748467,0
-6.365199,38,6178.569998,-100.0,-0.7239267519014707,0
-6.360686,35,6179.198202,-100.0,-0.6810609113130688,0
-6.000037,34,6179.801816,-100.0,-0.6802853294363757,0
-6.244682,40,6180.495004,-100.0,-0.7059811423510911,0
-6.124021,38,6302.088709,-100.0,-0.799580243610077,0
-5.912349,34,6302.623522,-100.0,-0.6804990232911154,0
-6.015141,38,6303.239322,-100.0,-0.714837468981473,0
-6.13537,41,6303.913236,-100.0,-0.779983301496839,0
-5.73119,34,6304.47915,-100.0,-0.717190767765986,0
-6.279743,37,6305.073393,-100.0,-0.7133261326503054,0
-6.061447,39,6305.710275,-100.0,-0.7287824704341829,0
-6.23218,38,6306.341548,-100.0,-0.6590505991746689,0
-6.239153,39,6306.974745,-100.0,-0.6534028099971899,0
-5.835561,35,6307.565196,-100.0,-0.7668596451622599,0
-6.207518,40,6308.209667,-100.0,-0.784233116530549,0
-6.680195,40,6308.863393,-100.0,-0.8166548167113269,0
-6.535902,39,6309.485455,-100.0,-0.683089058248062,0
-6.104283,41,6310.156083,-100.0,-0.6912054767832736,0
-6.259219,39,6310.802542,-100.0,-0.6721390751751551,0
-6.175499,42,6311.487178,-100.0,-0.8275768706051724,0
-6.474191,39,6312.112278,-100.0,-0.7075524062219749,0
-6.719694,40,6312.765348,-100.0,-0.6441996375760546,0
-6.15028,37,6313.380378,-100.0,-0.7723604021621147,0
-6.761992,37,6313.973891,-100.0,-0.6434155326612118,0
-6.68384,36,6314.565172,-100.0,-0.6449962649860215,0
-6.268243,38,6315.189598,-100.0,-0.7071908157333985,0
-6.229695,38,6315.798429,-100.0,-0.7231520572186486,0
-6.154514,43,6316.499542,-100.0,-0.8112308032859121,0
-6.075229,43,6317.211769,-100.0,-0.7375638773383721,0
-6.015989,37,6317.803244,-100.0,-0.8736935611497074,0
-6.113409,40,6318.462493,-100.0,-0.7458788856754883,0
-6.116927,38,6319.076364,-100.0,-0.90362793724229,0
-6.188873,34,6319.638404,-100.0,-0.7052076913669099,0
-6.253841,34,6320.194285,-100.0,-0.7179690080291429,0
-6.256015,41,6320.864032,-100.0,-0.6946695121852645,0
-5.817977,37,6321.480768,-100.0,-0.7583340137384418,0
-6.525612,41,6322.146847,-100.0,-0.7419732799331946,0
-6.430154,39,6322.778302,-100.0,-0.6550322517799867,0
-6.287123,39,6323.423553,-100.0,-0.7758939949302286,0
-6.20678,44,6324.141501,-100.0,-0.9349221316049495,0
-6.093871,34,6324.705496,-100.0,-0.7092640263565281,0
-5.650453,38,6325.333809,-100.0,-0.8955299897523463,0
-6.494837,35,6325.910419,-100.0,-0.6790612542121519,0
-6.565691,46,6326.648274,-100.0,-0.6760603673004875,0
-6.126938,41,6327.315331,-100.0,-0.7820890824736725,0
-5.932625,40,6327.961542,-100.0,-0.7478282735576293,0
-6.287286,34,6328.528086,-100.0,-0.6793405289779346,0
-6.512334,36,6329.114516,-100.0,-0.6711576063948489,0
-6.380291,42,6329.805215,-100.0,-0.6660147176866769,0
-5.902972,36,6330.404958,-100.0,-0.7282104854595322,0
-6.251266,52,6331.22782,-100.0,-0.7327837951572589,0
-6.457519,42,6331.941704,-100.0,-0.8451310447130884,0
-6.015962,37,6332.532027,-100.0,-0.7004695806169329,0
-6.251682,37,6333.138408,-100.0,-0.7449443630645673,0
-5.734144,38,6333.743532,-100.0,-0.8575514706232968,0
-5.995457,35,6334.329833,-100.0,-0.6268468370468631,0
-5.862141,40,6334.979002,-100.0,-0.7676647640407444,0
-6.021861,33,6452.401952,-100.0,-0.6678819591768133,0
-6.100126,39,6453.040502,-100.0,-0.66025034014428,0
-6.141854,42,6453.735994,-100.0,-0.6799664585755362,0
-6.294722,33,6454.268246,-100.0,-0.6478734516033141,0
-6.390006,42,6454.974533,-100.0,-0.6420875338931233,0
-5.981129,36,6455.575646,-100.0,-0.6400558956992897,0
-6.110112,37,6456.170613,-100.0,-0.6189533247988152,0
-6.191185,42,6456.867853,-100.0,-0.6449824351377472,0
-6.198703,43,6457.579151,-100.0,-0.676869904504868,0
-6.09881,43,6458.295016,-100.0,-0.7055680951596282,0
-6.241778,39,6458.92945,-100.0,-0.6715911115134935,0
-6.009453,43,6459.633961,-100.0,-0.7452945269866922,0
-7.091166,56,6460.553756,-100.0,-0.7043166623806688,0
-5.921314,34,6461.116144,-100.0,-0.636050404822182,0
-6.565456,38,6461.740929,-100.0,-0.651805169766694,0
-5.613908,33,6462.278078,-100.0,-0.7102040300997899,0
-5.981331,48,6463.064293,-100.0,-0.7414487924803924,0
-6.216612,38,6463.691494,-100.0,-0.6791989223856555,0
-5.994844,37,6464.292379,-100.0,-0.7669055790683127,0
-5.962149,42,6464.990826,-100.0,-0.8169873571403847,0
-6.210359,39,6465.610091,-100.0,-0.6590740256197073,0
-5.697476,33,6466.162785,-100.0,-0.8368537384898533,0
-6.233327,41,6466.836672,-100.0,-0.6607736830268974,0
-6.272194,39,6467.482723,-100.0,-0.6870036670730412,0
-6.052183,40,6468.131784,-100.0,-0.7519476955611245,0
-6.110234,34,6468.686591,-100.0,-0.7591934321675103,0
-6.419993,41,6469.350265,-100.0,-0.6632158606501811,0
-5.776515,38,6469.965803,-100.0,-0.7550326436723775,0
-6.179393,41,6470.654096,-100.0,-0.6509809242341106,0
-5.926831,37,6471.257389,-100.0,-0.7190483741536563,0
-5.859379,39,6471.901681,-100.0,-0.8010672715897431,0
-6.184056,40,6472.543615,-100.0,-0.7525605895256854,0
-6.383604,40,6473.220239,-100.0,-0.6903221585463003,0
-6.122099,36,6473.81328,-100.0,-0.7439512759810204,0
-5.648414,34,6474.365996,-100.0,-0.766195637824948,0
-5.937176,38,6474.978353,-100.0,-0.7482908462085277,0
-5.950408,35,6475.545665,-100.0,-0.7305169855376955,0
-6.180457,38,6476.182093,-100.0,-0.7683922139174826,0
-6.256783,37,6476.784533,-100.0,-0.6575088572750909,0
-6.437611,36,6477.384336,-100.0,-0.6875274161463494,0
-6.289683,45,6478.125018,-100.0,-0.7370370651995816,0
-6.309826,38,6478.730393,-100.0,-0.62000824467933,0
-5.789086,34,6479.295528,-100.0,-0.7295462645362262,0
-5.803262,37,6479.900829,-100.0,-0.7720557231101106,0
-5.692751,38,6480.512562,-100.0,-0.7949345789084495,0
-5.834201,36,6481.102386,-100.0,-0.6603312932289994,0
-6.219896,46,6481.871478,-100.0,-0.768477665891411,0
-5.982616,35,6482.443123,-100.0,-0.6982070207322192,0
-5.982648,41,6483.107683,-100.0,-0.7371859827229819,0
-6.05741,33,6483.651429,-100.0,-0.7041342582621215,0
-6.252661,36,6484.247346,-100.0,-0.6688253511268392,0
-6.275339,34,6484.805847,-100.0,-0.6364283448787332,0
-5.869724,36,6485.391899,-100.0,-0.6999103146924035,0
-6.045235,35,6602.050888,-100.0,-0.8746839653986219,0
-6.295282,36,6602.643783,-100.0,-0.6991907621734064,0
-6.122105,38,6603.267473,-100.0,-0.7343602180545169,0
-6.168252,37,6603.8848,-100.0,-0.7109349807797539,0
-5.836,42,6604.561546,-100.0,-0.7492443189676673,0
-6.12176,42,6605.261102,-100.0,-0.7933855989296643,0
-5.816668,34,6605.818026,-100.0,-0.766123321432607,0
-6.449245,39,6606.460899,-100.0,-0.6983221137607699,0
-5.990986,33,6607.007666,-100.0,-0.6775733365561841,0
-5.85766,38,6607.63077,-100.0,-0.8076306730532503,0
-6.376484,41,6608.29448,-100.0,-0.6971738458749248,0
-5.918898,33,6608.842114,-100.0,-0.6883793914287473,0
-5.926773,34,6609.409479,-100.0,-0.6832217305975228,0
-6.50815,35,6609.982335,-100.0,-0.6506908507701922,0
-6.383497,37,6610.58272,-100.0,-0.6848831908215813,0
-6.079547,38,6611.204488,-100.0,-0.7824850408836621,0
-6.520235,42,6611.892012,-100.0,-0.615028769138602,0
-6.268305,39,6612.556297,-100.0,-0.6432618125000173,0
-6.40555,37,6613.16397,-100.0,-0.7317116269288605,0
-5.766727,34,6613.720693,-100.0,-0.6891738422245899,0
-6.785555,46,6614.489152,-100.0,-0.7108577712491425,0
-6.651763,37,6615.100928,-100.0,-0.6622759868340868,0
-6.027529,38,6615.712661,-100.0,-0.769716959130781,0
-6.277243,33,6616.25038,-100.0,-0.6558697945386479,0
-6.354524,39,6616.894906,-100.0,-0.7228358828562778,0
-6.007209,44,6617.62249,-100.0,-0.7808423611983939,0
-6.061208,35,6618.188309,-100.0,-0.6131640492540781,0
-6.452952,39,6618.841636,-100.0,-0.6374138673984105,0
-6.055829,33,6619.398974,-100.0,-0.7064231367958914,0
-5.814996,40,6620.059626,-100.0,-0.7885768595317411,0
-6.380965,40,6620.708899,-100.0,-0.7613767158196505,0
-5.962185,36,6621.298054,-100.0,-0.6867647853882061,0
-6.08301,39,6621.940794,-100.0,-0.7830044418637402,0
-5.834707,33,6622.48285,-100.0,-0.6380022560359541,0
-5.919508,34,6623.0564,-100.0,-0.7713101261940095,0
-6.554166,42,6623.735012,-100.0,-0.7312270721118895,0
-5.783545,37,6624.335665,-100.0,-0.7167670610619379,0
-5.607594,33,6624.87377,-100.0,-0.7249924646820802,0
-6.202505,34,6625.442241,-100.0,-0.6341087954014294,0
-6.104356,34,6626.004033,-100.0,-0.8363426975525267,0
-6.138377,38,6626.637647,-100.0,-0.9299411182126166,0
-6.279521,35,6627.209779,-100.0,-0.6090109528866897,0
-6.30793,35,6627.779155,-100.0,-0.64952451720575,0
-6.684836,36,6628.370966,-100.0,-0.6639405807821206,0
-6.217594,40,6629.03615,-100.0,-0.6941238236508609,0
-5.936023,36,6629.61849,-100.0,-0.7408277672466284,0
-6.213532,38,6630.25275,-100.0,-0.6784452782588087,0
-5.876617,36,6630.846613,-100.0,-0.7999561968033613,0
-6.082923,41,6631.518154,-100.0,-0.7351981061426112,0
-6.476923,37,6632.133055,-100.0,-0.7109020503629264,0
-5.947818,40,6632.780116,-100.0,-0.8091785297636558,0
-5.393186,34,6633.340669,-100.0,-0.8019437199088889,0
-5.943733,34,6633.903893,-100.0,-0.7207457102597794,0
-5.834116,34,6634.456048,-100.0,-0.7638081591164421,0
-5.700825,41,6635.13088,-100.0,-0.855932189191841,0
-6.288884,42,6751.479555,-100.0,-0.6551871627687054,0
-6.131281,41,6752.149492,-100.0,-0.6758509988751739,0
-5.868803,39,6752.810458,-100.0,-0.8085483823300534,0
-6.465785,37,6753.422818,-100.0,-0.7604641760437238,0
-5.96742,40,6754.064283,-100.0,-0.7774851841452683,0
-5.547068,33,6754.620487,-100.0,-0.753892188300976,0
-6.098702,36,6755.213166,-100.0,-0.6447202389097204,0
-6.559794,47,6756.005929,-100.0,-0.7036614776490239,0
-6.251378,39,6756.634079,-100.0,-0.6922247362599703,0
-6.326389,35,6757.22725,-100.0,-0.698342580059235,0
-6.982868,43,6757.932968,-100.0,-0.6441823914097232,0
-6.199323,35,6758.518291,-100.0,-0.6830319657951816,0
-6.530631,36,6759.114314,-100.0,-0.6300995614502689,0
-5.921607,35,6759.680261,-100.0,-0.7817273115628174,0
-5.661472,32,6760.195757,-100.0,-0.809939816781016,0
-6.061357,36,6760.809756,-100.0,-0.6527651419291376,0
-6.013864,33,6761.340101,-100.0,-0.7714204462450585,0
-5.856635,36,6761.945605,-100.0,-0.7408280086625287,0
-6.032242,34,6762.513153,-100.0,-0.6228574389217288,0
-5.393132,37,6763.115554,-100.0,-0.7377627717231007,0
-6.885189,38,6763.740598,-100.0,-0.7511883531159179,0
-6.321158,38,6764.350816,-100.0,-0.6734568243877235,0
-6.328382,42,6765.052212,-100.0,-0.7573269177779932,0
-5.972656,35,6765.626112,-100.0,-0.6809731998779295,0
-6.450943,35,6766.201514,-100.0,-0.6651832413731387,0
-6.129655,38,6766.839832,-100.0,-0.7679349423519004,0
-5.545034,34,6767.400733,-100.0,-0.7214561860953842,0
-6.49639,39,6768.043555,-100.0,-0.6386655103298415,0
-6.130486,43,6768.758392,-100.0,-0.6634499302223389,0
-5.821477,34,6769.334389,-100.0,-0.8163773357198831,0
-5.751264,34,6769.898644,-100.0,-0.7516408536568977,0
-6.177357,37,6770.511878,-100.0,-0.6870935240619371,0
-6.297563,36,6771.099245,-100.0,-0.7709425489650725,0
-6.118315,45,6771.851631,-100.0,-0.8218581487157531,0
-6.117129,40,6772.509977,-100.0,-0.7349841292467392,0
-6.279422,39,6773.159162,-100.0,-0.7560076966976514,0
-5.738331,36,6773.750649,-100.0,-0.8693025788427913,0
-6.226148,36,6774.34027,-100.0,-0.6256211135701072,0
-5.627993,34,6774.897539,-100.0,-0.7266575433962991,0
-6.257687,40,6775.550177,-100.0,-0.6436841286967256,0
-5.990386,35,6776.132603,-100.0,-0.7650837661177101,0
-5.733115,34,6776.704404,-100.0,-0.7715365596586184,0
-6.03723,33,6777.254905,-100.0,-0.7441222716831758,0
-6.140171,42,6777.930485,-100.0,-0.7130073824422046,0
-6.134399,35,6778.518366,-100.0,-0.6943348657350217,0
-5.974654,37,6779.130027,-100.0,-0.7855428321904484,0
-5.954873,37,6779.741243,-100.0,-0.7603553900924636,0
-6.119491,37,6780.349517,-100.0,-0.6819629272673037,0
-6.074788,38,6780.9856,-100.0,-0.7753214929591957,0
-5.977251,34,6781.554016,-100.0,-0.6453907404091845,0
-5.890424,34,6782.116606,-100.0,-0.8063777287859318,0
-6.051504,36,6782.723711,-100.0,-0.7783497077595669,0
-6.26684,44,6783.422439,-100.0,-0.7051975084581075,0
-6.052443,41,6784.10691,-100.0,-0.7571598100169871,0
-5.722603,36,6784.7124,-100.0,-0.7118100647697481,0
-5.524114,34,6903.775115,-100.0,-0.7669467515660011,0
-5.878882,36,6904.373653,-100.0,-0.8034072078876916,0
-6.136472,38,6905.008811,-100.0,-0.6305606545854614,0
-6.271121,35,6905.578587,-100.0,-0.7025204819021907,0
-6.109474,36,6906.176391,-100.0,-0.7292276493407298,0
-6.147991,38,6906.821223,-100.0,-0.6925127867692729,0
-6.24247,38,6907.457814,-100.0,-0.7138466678336829,0
-5.919931,35,6908.03088,-100.0,-0.637169678428765,0
-6.122645,36,6908.642159,-100.0,-0.6634826249490258,0
-6.522498,44,6909.351973,-100.0,-0.6184859228340893,0
-6.470936,37,6909.976135,-100.0,-0.7618152185647584,0
-5.995678,34,6910.541019,-100.0,-0.6765621665114014,0
-5.592371,35,6911.126557,-100.0,-0.8047437946629231,0
-5.725264,33,6911.666263,-100.0,-0.7283965204631347,0
-5.774905,37,6912.279295,-100.0,-0.7625749013924572,0
-6.204212,36,6912.888081,-100.0,-0.6799890353290353,0
-5.664816,38,6913.507761,-100.0,-0.7333116145285693,0
-6.296516,40,6914.172909,-100.0,-0.6707634721447395,0
-6.366398,37,6914.786762,-100.0,-0.719703791612055,0
-6.291716,37,6915.396421,-100.0,-0.6888255865368343,0
-6.185867,40,6916.051354,-100.0,-0.7147667473406327,0
-6.002809,33,6916.606035,-100.0,-0.7089432345707585,0
-5.988523,33,6917.160626,-100.0,-0.6770871606331584,0
-5.771693,32,6917.687493,-100.0,-0.707293943916017,0
-6.199459,34,6918.235938,-100.0,-0.682736912174188,0
-5.902411,33,6918.78215,-100.0,-0.6378138285828523,0
-6.24792,38,6919.408628,-100.0,-0.6788811912211264,0
-5.914102,34,6919.986294,-100.0,-0.7084888351263684,0
-6.645746,37,6920.588969,-100.0,-0.7196640000700639,0
-5.846305,43,6921.300637,-100.0,-0.7321134606846923,0
-5.936182,35,6921.877028,-100.0,-0.7537682435152139,0
-5.591432,38,6922.514917,-100.0,-0.8095646386009842,0
-5.82268,33,6923.054152,-100.0,-0.7500416025149468,0
-6.057992,42,6923.740424,-100.0,-0.7214723812366517,0
-6.348426,39,6924.398948,-100.0,-0.6060559372543148,0
-5.599973,33,6924.9448,-100.0,-0.8280770041180532,0
-6.428,42,6925.637952,-100.0,-0.6340941725868929,0
-6.140482,37,6926.250993,-100.0,-0.6581784063133898,0
-5.704703,33,6926.785702,-100.0,-0.8546237411399548,0
-6.280503,35,6927.354807,-100.0,-0.6695976627696363,0
-6.06085,36,6927.956743,-100.0,-0.6547866154665496,0
-5.659298,33,6928.497799,-100.0,-0.7800780340309895,0
-5.967944,36,6929.095196,-100.0,-0.72424996768435,0
-5.563272,37,6929.708095,-100.0,-0.8530665688084679,0
-6.653437,40,6930.368761,-100.0,-0.7130628827017392,0
-5.763302,34,6930.940292,-100.0,-0.6747090786859488,0
-6.007001,34,6931.507225,-100.0,-0.6707832802225528,0
-5.976183,35,6932.086849,-100.0,-0.6767686578463652,0
-6.148298,35,6932.652767,-100.0,-0.7033862864684587,0
-5.540448,34,6933.223625,-100.0,-0.8308606561304002,0
-5.79106,33,6933.748579,-100.0,-0.7153566471795662,0
-6.557012,42,6934.457417,-100.0,-0.6710088660745303,0
-5.926515,32,6934.979697,-100.0,-0.7716158862693908,0
-5.491459,34,6935.54793,-100.0,-0.8192024626983343,0
-6.156159,35,6936.134092,-100.0,-0.6927489571434531,0
-5.993014,39,6936.774597,-100.0,-0.6977470120336899,0
-5.691959,34,7033.287439,-100.0,-0.8007660075576241,0
-6.051291,36,7033.880775,-100.0,-0.7245395179994422,0
-6.385808,38,7034.514469,-100.0,-0.7115360501461395,0
-6.279322,34,7035.073009,-100.0,-0.6674085195221651,0
-5.704726,34,7035.652839,-100.0,-0.6796231932489731,0
-6.305213,35,7036.224549,-100.0,-0.6734397250440352,0
-5.594907,33,7036.762415,-100.0,-0.8430254405809313,0
-6.227261,33,7037.315389,-100.0,-0.6825400504870903,0
-6.519281,45,7038.066873,-100.0,-0.6498012551425255,0
-5.743524,42,7038.781818,-100.0,-0.7818273208946585,0
-5.863902,34,7039.349833,-100.0,-0.7383091164589718,0
-5.926291,33,7039.878829,-100.0,-0.6994946712470351,0
-5.472967,33,7040.437997,-100.0,-0.7895340399009161,0
-5.565768,33,7040.981598,-100.0,-0.8449392874067766,0
-5.826828,36,7041.575144,-100.0,-0.8673872019232854,0
-6.428939,36,7042.166523,-100.0,-0.6893235344593871,0
-6.070668,37,7042.785422,-100.0,-0.6790373953443365,0
-6.049483,35,7043.371198,-100.0,-0.6804608920576196,0
-5.819688,38,7043.993043,-100.0,-0.7252302969650652,0
-5.921056,35,7044.567879,-100.0,-0.7443032029361828,0
-6.092977,39,7045.222822,-100.0,-0.7434082158880226,0
-5.839357,33,7045.769449,-100.0,-0.7254282493715019,0
-6.351022,38,7046.393616,-100.0,-0.7093538372148782,0
-6.184216,36,7047.001255,-100.0,-0.5874381650026952,0
-5.852768,35,7047.583108,-100.0,-0.753786586061698,0
-6.307867,43,7048.298925,-100.0,-0.6887400996155275,0
-5.827426,33,7048.84964,-100.0,-0.7787931958910744,0
-5.559446,34,7049.413506,-100.0,-0.8098789781999909,0
-6.09013,39,7050.061447,-100.0,-0.7230552965615703,0
-5.859436,34,7050.616009,-100.0,-0.6945737247230234,0
-6.402475,40,7051.297022,-100.0,-0.700358140280781,0
-6.403311,42,7051.985766,-100.0,-0.6678849833834783,0
-5.70412,32,7052.518939,-100.0,-0.7783753078638151,0
-6.178569,41,7053.190975,-100.0,-0.7030524522642625,0
-5.997021,31,7053.718176,-100.0,-0.7959726610017392,0
-5.860723,36,7054.326504,-100.0,-0.7679567822454635,0
-5.684993,33,7054.876755,-100.0,-0.784854041623813,0
-6.113532,34,7055.440869,-100.0,-0.7765279418801462,0
-5.741366,33,7055.988698,-100.0,-0.7168548718323521,0
-5.925635,42,7056.686296,-100.0,-0.7736394024444001,0
-5.80219,37,7057.286018,-100.0,-0.8319237026854478,0
-6.142403,40,7057.950415,-100.0,-0.8019656646351706,0
-6.189908,33,7058.501472,-100.0,-0.7094447557964252,0
-6.319703,36,7059.0926,-100.0,-0.6657808664559917,0
-5.872608,35,7059.677904,-100.0,-0.7604417592588362,0
-6.024019,36,7060.274868,-100.0,-0.6949437451717771,0
-6.503093,39,7060.922502,-100.0,-0.6452807837652134,0
-5.59649,34,7061.504114,-100.0,-0.7117905778288234,0
-5.991648,37,7062.106779,-100.0,-0.687898423962388,0
-5.646334,39,7062.750771,-100.0,-0.8105747487608931,0
-5.984328,33,7063.292737,-100.0,-0.697553194944055,0
-6.303815,34,7063.870108,-100.0,-0.6737303536307665,0
-5.66329,33,7064.4196,-100.0,-0.7779189273734042,0
-5.793303,33,7064.975809,-100.0,-0.7495891063266087,0
-6.049016,34,7065.544114,-100.0,-0.6876421670493973,0
-5.613143,34,7066.099395,-100.0,-0.731552531452768,0
-6.168977,45,7066.84185,-100.0,-0.7800212997033455,0
-5.853664,36,7173.887119,-100.0,-0.7711746272596054,0
-5.981874,33,7174.443367,-100.0,-0.6610935473852501,0
-5.938789,33,7175.008694,-100.0,-0.6744905243164733,0
-6.055278,38,7175.623661,-100.0,-0.7319086999429203,0
-5.277209,33,7176.173659,-100.0,-0.8629855964966004,0
-5.676254,35,7176.743281,-100.0,-0.7181686655302234,0
-6.029794,34,7177.311802,-100.0,-0.6622171587343093,0
-5.916126,33,7177.871017,-100.0,-0.7712484630066777,0
-5.768026,33,7178.434307,-100.0,-0.7031272699182626,0
-5.619687,33,7178.966551,-100.0,-0.8092308407582284,0
-6.262418,38,7179.599478,-100.0,-0.6710859674300632,0
-5.562429,33,7180.147614,-100.0,-0.7570163850925493,0
-6.211921,36,7180.74592,-100.0,-0.6581383879708017,0
-5.524297,34,7181.317892,-100.0,-0.7815961971283677,0
-5.56412,33,7181.870313,-100.0,-0.8112588869642793,0
-5.811936,33,7182.41795,-100.0,-0.7555347126826871,0
-6.265954,33,7182.965543,-100.0,-0.7132699438157709,0
-5.464197,33,7183.514218,-100.0,-0.8868692550820305,0
-5.616352,33,7184.062353,-100.0,-0.8369436610192618,0
-6.217627,34,7184.629879,-100.0,-0.7999775757683856,0
-6.37399,35,7185.212827,-100.0,-0.6654754054005607,0
-6.041622,36,7185.811646,-100.0,-0.8354373514037327,0
-5.855212,38,7186.449503,-100.0,-0.7314126248047967,0
-5.607351,33,7186.997703,-100.0,-0.7651058921465149,0
-5.710728,34,7187.565621,-100.0,-0.8167412336449157,0
-6.115136,43,7188.293616,-100.0,-0.6462580658277497,0
-5.537448,33,7188.847111,-100.0,-0.814110169237404,0
-5.841324,34,7189.415305,-100.0,-0.8328084482802038,0
-5.472033,33,7189.955738,-100.0,-0.8039153489150227,0
-5.927209,40,7190.641261,-100.0,-0.7324272169518057,0
-6.401465,33,7191.174567,-100.0,-0.6434985571748226,0
-5.981338,34,7191.745398,-100.0,-0.7022958645627955,0
-6.13297,33,7192.304937,-100.0,-0.6953529483975303,0
-6.07618,43,7192.997451,-100.0,-0.7072480114563184,0
-5.91464,39,7193.651219,-100.0,-0.8335161834450602,0
-6.097075,34,7194.219963,-100.0,-0.8035225301237613,0
-5.849265,38,7194.870112,-100.0,-0.7858036120317982,0
-5.678628,39,7195.51558,-100.0,-0.9008482509847582,0
-6.040954,35,7196.091434,-100.0,-0.655208553691886,0
-5.755154,33,7196.648629,-100.0,-0.8229822077179234,0
-6.17077,33,7197.200824,-100.0,-0.7487406712857175,0
-5.740351,33,7197.754616,-100.0,-0.8179889006333096,0
-5.892648,35,7198.348615,-100.0,-0.863982276525791,0
-5.828093,34,7198.921186,-100.0,-0.7249618352615076,0
-5.662381,39,7199.558738,-100.0,-0.8709781979165854,0
-6.017463,34,7200.126347,-100.0,-0.6658795557362711,0
-5.938361,34,7200.687507,-100.0,-0.8690860585637943,0
-5.922468,33,7201.232471,-100.0,-0.7140556909023512,0
-6.49337,39,7201.880275,-100.0,-0.6463624175653631,0
-6.187426,35,7202.467241,-100.0,-0.725442292179977,0
-6.167221,37,7203.086657,-100.0,-0.62584571243506,0
-5.987063,34,7203.660202,-100.0,-0.7176846409701125,0
-5.716111,33,7204.209773,-100.0,-0.8599239568704763,0
-6.177314,34,7204.783755,-100.0,-0.6369413353284593,0
-5.801726,33,7205.331718,-100.0,-0.6713611416002827,0
-5.961499,41,7206.00386,-100.0,-0.7823771181317779,0
-5.764989,34,7206.569175,-100.0,-0.6896290844379659,0
-5.955906,33,7207.124275,-100.0,-0.6434414454594231,0
-5.875121,42,7314.486158,-100.0,-0.8378747168115668,0
-5.934353,35,7315.079322,-100.0,-0.8582960098965624,0
-5.939088,34,7315.660707,-100.0,-0.6991529478354153,0
-5.852879,33,7316.192162,-100.0,-0.7081930322644655,0
-6.525645,35,7316.774462,-100.0,-0.6984046176907557,0
-5.712388,38,7317.400594,-100.0,-0.8346957713032525,0
-6.173384,44,7318.145066,-100.0,-0.6977888742483659,0
-6.209226,41,7318.834109,-100.0,-0.6836954847572162,0
-5.999691,35,7319.429609,-100.0,-0.6934763904986875,0
-6.135022,39,7320.069079,-100.0,-0.7140438961625014,0
-6.030924,35,7320.658545,-100.0,-0.7469401170061643,0
-5.534867,32,7321.19375,-100.0,-0.8449890788612017,0
-6.183811,33,7321.739381,-100.0,-0.6899587000450856,0
-5.823344,35,7322.322235,-100.0,-0.6918408903430311,0
-5.794539,33,7322.883358,-100.0,-0.6660432252561779,0
-5.906144,35,7323.469555,-100.0,-0.7458468952790884,0
-6.310836,34,7324.029795,-100.0,-0.6823949674335571,0
-5.549331,34,7324.596277,-100.0,-0.8328205287881719,0
-5.858293,34,7325.159045,-100.0,-0.6951694843597135,0
-5.913,34,7325.730981,-100.0,-0.7247472282384252,0
-5.890518,35,7326.312941,-100.0,-0.7350240913053611,0
-6.094584,33,7326.876431,-100.0,-0.6820520869702895,0
-6.36726,39,7327.512508,-100.0,-0.7291582174061182,0
-6.007402,33,7328.068641,-100.0,-0.6462965310771291,0
-5.956749,33,7328.622771,-100.0,-0.6590010834683703,0
-5.753974,36,7329.231771,-100.0,-0.8133723585304369,0
-5.434007,33,7329.778434,-100.0,-0.8464000851372255,0
-5.568362,33,7330.340701,-100.0,-0.7822603034554254,0
-6.58344,42,7331.038954,-100.0,-0.6727165178749789,0
-5.795319,41,7331.727252,-100.0,-0.6817613709974459,0
-6.29173,42,7332.429099,-100.0,-0.6844682835358253,0
-5.902694,35,7333.008704,-100.0,-0.6823178436589165,0
-6.113243,35,7333.59156,-100.0,-0.7002600467538042,0
-6.546868,38,7334.2236,-100.0,-0.6786937698865894,0
-5.806772,34,7334.799231,-100.0,-0.6897836410159698,0
-6.083007,37,7335.425682,-100.0,-0.7437017022498392,0
-5.913295,38,7336.085146,-100.0,-0.7588265924526053,0
-5.925767,35,7336.67205,-100.0,-0.7311135593831909,0
-5.943761,33,7337.213088,-100.0,-0.6782207200705377,0
-5.704889,32,7337.749844,-100.0,-0.7737831103986869,0
-5.997646,34,7338.312765,-100.0,-0.7593542087378526,0
-6.179857,34,7338.879894,-100.0,-0.6601581655447628,0
-6.095715,37,7339.507135,-100.0,-0.6824394571315163,0
-6.048178,38,7340.128405,-100.0,-0.7366604475820833,0
-5.571716,35,7340.717071,-100.0,-0.809962105551934,0
-5.675014,34,7341.281349,-100.0,-0.7478183868430959,0
-5.893105,43,7342.000701,-100.0,-0.792860782019262,0
-5.775758,33,7342.549347,-100.0,-0.6836024595941531,0
-5.981654,35,7343.129341,-100.0,-0.7005075742652309,0
-5.65638,33,7343.685896,-100.0,-0.7438022125512246,0
-6.174772,44,7344.403116,-100.0,-0.7761871092723512,0
-5.773552,37,7345.02418,-100.0,-0.8186625233738105,0
-6.192642,38,7345.660319,-100.0,-0.7937237346933297,0
-5.867586,36,7346.258324,-100.0,-0.7583047463442676,0
-6.166311,38,7346.913671,-100.0,-0.7214275075799513,0
-6.131703,37,7347.538971,-100.0,-0.7438387940209767,0
-5.671267,33,7348.086291,-100.0,-0.7696710555474191,0
-6.050116,35,7348.671908,-100.0,-0.6910201426819204,0
-6.143275,39,7478.066067,-100.0,-0.7173833234083522,0
-6.085339,35,7478.633667,-100.0,-0.8907206922677796,0
-5.836942,34,7479.206305,-100.0,-0.7101057248863493,0
-5.79613,34,7479.78369,-100.0,-0.6744045557073152,0
-5.976892,33,7480.333949,-100.0,-0.7056029882530729,0
-6.113939,36,7480.931298,-100.0,-0.7111056880489968,0
-5.735322,34,7481.504316,-100.0,-0.7551340627142112,0
-5.976901,43,7482.232921,-100.0,-0.7067205039416209,0
-5.880401,32,7482.759984,-100.0,-0.6905681733796911,0
-5.721821,34,7483.342457,-100.0,-0.7662831797643664,0
-6.067086,34,7483.90101,-100.0,-0.6738456981301179,0
-5.620367,33,7484.467047,-100.0,-0.8579408202864903,0
-6.08509,34,7485.03607,-100.0,-0.5978054477470427,0
-5.868779,34,7485.605262,-100.0,-0.8301619506807764,0
-5.937877,33,7486.159266,-100.0,-0.7242277984232716,0
-5.882158,34,7486.722742,-100.0,-0.5968432472905136,0
-5.821572,35,7487.311455,-100.0,-0.741303819273635,0
-5.750062,34,7487.877251,-100.0,-0.7617879861809175,0
-6.013712,34,7488.452726,-100.0,-0.6726530589320048,0
-6.089827,39,7489.109686,-100.0,-0.7392695527303778,0
-5.444361,33,7489.653286,-100.0,-0.8485228761892932,0
-6.147036,47,7490.456667,-100.0,-0.7253441117434833,0
-5.758647,34,7491.022611,-100.0,-0.825880690985835,0
-5.718285,35,7491.611464,-100.0,-0.8231533635028281,0
-5.806294,35,7492.198985,-100.0,-0.7579354539980759,0
-5.745674,40,7492.872223,-100.0,-0.7565686973586365,0
-5.874156,35,7493.451311,-100.0,-0.6774603821542903,0
-5.901155,33,7494.012939,-100.0,-0.6959345835362657,0
-5.790855,33,7494.572321,-100.0,-0.6980483146534214,0
-5.963286,34,7495.151004,-100.0,-0.7455540859027001,0
-5.824884,39,7495.792622,-100.0,-0.8207820842033599,0
-5.882508,33,7496.357386,-100.0,-0.7062872299113501,0
-6.06703,34,7496.917536,-100.0,-0.6449500580060484,0
-5.584591,34,7497.483183,-100.0,-0.8750119775994835,0
-5.921238,35,7498.072876,-100.0,-0.7003545646293076,0
-5.981771,41,7498.753017,-100.0,-0.7150300319291846,0
-6.139107,42,7499.447426,-100.0,-0.7430372567905722,0
-6.173294,34,7500.014488,-100.0,-0.6841631766381127,0
-5.958957,33,7500.565233,-100.0,-0.6781720894858501,0
-5.806324,33,7501.125942,-100.0,-0.6920441729896107,0
-5.743155,39,7501.785782,-100.0,-0.8558768494457879,0
-6.046767,34,7502.341939,-100.0,-0.7734551961921289,0
-5.890858,33,7502.89792,-100.0,-0.7252433463441075,0
-5.53576,32,7503.437417,-100.0,-0.7992416542237326,0
-5.84409,33,7503.999006,-100.0,-0.7027955026937099,0
-5.487984,32,7504.5344,-100.0,-0.8122927664729123,0
-5.819254,40,7505.193863,-100.0,-0.7568059165791838,0
-5.979396,33,7505.751785,-100.0,-0.7662917146747381,0
-6.166558,36,7506.35851,-100.0,-0.6730217557301269,0
-6.271346,37,7506.961738,-100.0,-0.6291698228195456,0
-5.872498,34,7507.54381,-100.0,-0.6574023541424462,0
-5.861948,34,7508.109792,-100.0,-0.7904881896216532,0
-6.219417,33,7508.67285,-100.0,-0.6838299145819434,0
-5.727768,33,7509.233563,-100.0,-0.7036645362103162,0
-5.886674,33,7509.793059,-100.0,-0.8271322243549672,0
-5.580183,33,7510.343586,-100.0,-0.7756765267574905,0
-6.284538,37,7510.964051,-100.0,-0.7325618576380785,0
-5.685049,33,7511.532548,-100.0,-0.79514275999933,0
-6.083995,36,7636.360248,-100.0,-0.6696206797625851,0
-5.708031,34,7636.93632,-100.0,-0.8433714619888708,0
-5.740755,32,7637.478156,-100.0,-0.7499851630985482,0
-5.462128,32,7638.015432,-100.0,-0.8091723473411772,0
-5.319002,33,7638.573176,-100.0,-0.7824814661003677,0
-5.89774,33,7639.113177,-100.0,-0.7093542822678937,0
-5.783149,33,7639.682056,-100.0,-0.7835260607282672,0
-5.559058,32,7640.207582,-100.0,-0.8359326734627471,0
-6.093523,35,7640.788361,-100.0,-0.7250466460790019,0
-5.863295,36,7641.387133,-100.0,-0.7456123049077709,0
-5.291413,33,7641.937975,-100.0,-0.803506522805818,0
-6.10854,33,7642.500068,-100.0,-0.6772971560455654,0
-5.714595,33,7643.060025,-100.0,-0.7548570013679178,0
-5.838759,33,7643.614669,-100.0,-0.7167782749905428,0
-5.899497,33,7644.166884,-100.0,-0.6910599477542634,0
-5.629681,36,7644.773184,-100.0,-0.7918830588800293,0
-5.500584,33,7645.317345,-100.0,-0.9223567679299121,0
-5.712079,33,7645.877556,-100.0,-0.7048897026738996,0
-5.872716,33,7646.425611,-100.0,-0.6875646673164488,0
-5.416645,36,7647.034945,-100.0,-0.8121393287244979,0
-5.805265,33,7647.588502,-100.0,-0.6861392516210786,0
-5.962392,37,7648.201976,-100.0,-0.7579032574128246,0
-5.819561,34,7648.773235,-100.0,-0.7055668092638291,0
-5.979081,33,7649.322799,-100.0,-0.6611731452441038,0
-6.406931,36,7649.93101,-100.0,-0.6465723851578725,0
-5.845269,33,7650.485468,-100.0,-0.71284243480588,0
-5.961601,34,7651.061975,-100.0,-0.7404751559565832,0
-6.52366,39,7651.717689,-100.0,-0.6817753241768068,0
-6.037602,33,7652.2671,-100.0,-0.646812178765093,0
-6.101987,40,7652.926714,-100.0,-0.643561375449288,0
-6.096753,34,7653.496138,-100.0,-0.7072681818076273,0
-5.959527,33,7654.054447,-100.0,-0.6709942315935641,0
-5.502547,34,7654.626796,-100.0,-0.7598211263269412,0
-5.807757,32,7655.177307,-100.0,-0.76100689198323,0
-5.570193,33,7655.726772,-100.0,-0.7442232876344068,0
-6.003275,35,7656.320417,-100.0,-0.6698944933714891,0
-5.42782,33,7656.867919,-100.0,-0.84512478823343,0
-5.623664,33,7657.424593,-100.0,-0.8039946090025234,0
-5.663923,33,7657.985678,-100.0,-0.762508279850918,0
-5.609613,33,7658.542286,-100.0,-0.7833238421827926,0
-6.131541,33,7659.097245,-100.0,-0.7322718985636651,0
-5.744144,34,7659.663596,-100.0,-0.7508729517269577,0
-5.570093,34,7660.229572,-100.0,-0.7873891833349743,0
-5.960014,42,7660.944737,-100.0,-0.7661688158489662,0
-5.672068,38,7661.58723,-100.0,-0.7710756378061694,0
-5.663027,34,7662.15208,-100.0,-0.6529107486686441,0
-5.966794,39,7662.7937,-100.0,-0.7924551307056257,0
-6.015521,33,7663.355569,-100.0,-0.7605973714856744,0
-5.818365,32,7663.896335,-100.0,-0.744814924288045,0
-6.500172,35,7664.472804,-100.0,-0.6274282900848385,0
-5.957328,34,7665.036329,-100.0,-0.8032267730703001,0
-5.63266,33,7665.597548,-100.0,-0.8323544948811296,0
-5.854617,35,7666.180734,-100.0,-0.734766704175752,0
-5.691536,33,7666.751295,-100.0,-0.7868719741497155,0
-5.891633,33,7667.308598,-100.0,-0.6809597059978001,0
-6.113123,34,7667.885193,-100.0,-0.6947806180986963,0
-5.343238,33,7668.442386,-100.0,-0.8415739219077251,0
-5.803402,33,7668.989906,-100.0,-0.7775032900996747,0
-5.766442,33,7669.545364,-100.0,-0.7424945896564696,0
-5.4457,33,7670.08882,-100.0,-0.8549145174282673,0
-5.830744,33,7791.237433,-100.0,-0.6874751992064222,0
-6.663094,42,7791.941396,-100.0,-0.659084850738564,0
-5.643829,33,7792.485535,-100.0,-0.7933492777682374,0
-5.697648,34,7793.059782,-100.0,-0.7604557502032202,0
-5.57642,33,7793.613527,-100.0,-0.8127332020960825,0
-5.88142,34,7794.187477,-100.0,-0.6778134493657041,0
-5.667847,34,7794.756854,-100.0,-0.7480225888853832,0
-5.829273,33,7795.318813,-100.0,-0.7379267766315551,0
-5.670996,32,7795.862568,-100.0,-0.8349476992072584,0
-5.930197,36,7796.474514,-100.0,-0.7610896213280031,0
-6.422695,37,7797.090404,-100.0,-0.7491355327194514,0
-5.820192,32,7797.623485,-100.0,-0.7288428488588551,0
-5.816918,33,7798.188459,-100.0,-0.7741633162726429,0
-5.539433,33,7798.744187,-100.0,-0.775907216423448,0
-6.344982,35,7799.327198,-100.0,-0.6582891277369424,0
-6.101234,38,7799.987034,-100.0,-0.7072535125115618,0
-5.458565,32,7800.521888,-100.0,-0.8186858359840584,0
-5.515808,33,7801.073264,-100.0,-0.7654697553268641,0
-5.780158,33,7801.631229,-100.0,-0.7360775789360483,0
-5.973764,32,7802.17159,-100.0,-0.8204945285409669,0
-5.623319,33,7802.720389,-100.0,-0.8437676633852315,0
-5.722815,32,7803.261848,-100.0,-0.7186139725080329,0
-6.019264,34,7803.827262,-100.0,-0.7809381920922648,0
-5.595018,32,7804.363613,-100.0,-0.8317564106278744,0
-5.990029,33,7804.923172,-100.0,-0.715498708294761,0
-5.996095,32,7805.469999,-100.0,-0.7374351600438486,0
-6.175447,34,7806.043616,-100.0,-0.7572831522723394,0
-6.006088,36,7806.647224,-100.0,-0.7402736508598803,0
-5.894664,34,7807.218319,-100.0,-0.694928619989788,0
-5.66183,35,7807.811776,-100.0,-0.8045707748447469,0
-5.309072,33,7808.362086,-100.0,-0.6322322656044793,0
-5.904092,33,7808.925174,-100.0,-0.6749125027970856,0
-5.642802,34,7809.495833,-100.0,-0.7349690236844912,0
-5.815982,40,7810.155195,-100.0,-0.7991182598821929,0
-5.768648,33,7810.708795,-100.0,-0.7199988996444237,0
-5.717698,33,7811.269953,-100.0,-0.7083923326161967,0
-5.782353,33,7811.819323,-100.0,-0.7266838075362368,0
-5.787464,33,7812.374861,-100.0,-0.5714792089482766,0
-6.017097,33,7812.923405,-100.0,-0.6349177938725884,0
-5.852991,34,7813.49578,-100.0,-0.6957629507422467,0
-5.883739,35,7814.08593,-100.0,-0.6642445259710756,0
-5.974055,33,7814.644065,-100.0,-0.7171092229712831,0
-6.091541,33,7815.196786,-100.0,-0.6272621943246833,0
-5.751294,37,7815.800016,-100.0,-0.8282500112289339,0
-5.954078,33,7816.362006,-100.0,-0.6377539129109784,0
-5.63972,33,7816.920438,-100.0,-0.8567954405904914,0
-5.961553,36,7817.522989,-100.0,-0.7594463116667561,0
-5.645528,33,7818.078342,-100.0,-0.6973910393259214,0
-6.292089,42,7818.790028,-100.0,-0.7124516832805273,0
-6.500904,39,7819.449161,-100.0,-0.6081621667752931,0
-5.534944,32,7819.982033,-100.0,-0.8769671363871273,0
-5.982531,37,7820.611743,-100.0,-0.6287671825560632,0
-5.921831,33,7821.157383,-100.0,-0.7452128780922559,0
-5.664186,33,7821.708889,-100.0,-0.6831479811533566,0
-5.862275,33,7822.249666,-100.0,-0.6605939362076331,0
-6.326811,33,7822.810303,-100.0,-0.6775268481690677,0
-5.462202,33,7823.356313,-100.0,-0.8023813753744294,0
-6.29877,36,7823.97279,-100.0,-0.8096703317950377,0
-6.068269,33,7824.506935,-100.0,-0.643877283766085,0
-5.665127,33,7825.066266,-100.0,-0.8203973882280632,0
-5.394108,33,7954.653401,-100.0,-0.8151575763351397,0
-5.700077,33,7955.254948,-100.0,-0.6399593944427242,0
-5.96296,34,7955.883905,-100.0,-0.7297339178926959,0
-5.702767,32,7956.472158,-100.0,-0.7596504489502788,0
-5.509991,32,7957.052403,-100.0,-0.7341510711238727,0
-5.795529,33,7957.657165,-100.0,-0.6299250846032456,0
-5.735624,33,7958.258459,-100.0,-0.8530883146241299,0
-5.982285,32,7958.839381,-100.0,-0.7465249250074638,0
-6.061984,34,7959.475046,-100.0,-0.6506470640334122,0
-5.958654,33,7960.081347,-100.0,-0.7158232048343046,0
-5.939056,33,7960.679206,-100.0,-0.8026584739097484,0
-5.780786,33,7961.271977,-100.0,-0.7090411517590268,0
-6.323485,35,7961.911571,-100.0,-0.7371390482583918,0
-5.855895,36,7962.557376,-100.0,-0.7021185009343449,0
-6.175166,39,7963.270064,-100.0,-0.6650441762873635,0
-5.559504,33,7963.871388,-100.0,-0.8291480179443197,0
-6.045565,34,7964.491418,-100.0,-0.6968486326278152,0
-5.909045,33,7965.079201,-100.0,-0.6836790425666485,0
-6.703415,40,7965.801135,-100.0,-0.6603571299648112,0
-6.270229,39,7966.51722,-100.0,-0.7392307887605265,0
-5.540847,33,7967.109753,-100.0,-0.8124258595760427,0
-5.709083,34,7967.73173,-100.0,-0.756668124061184,0
-6.027258,33,7968.336501,-100.0,-0.7155057502508714,0
-6.143555,35,7968.968319,-100.0,-0.697199956374797,0
-6.094503,34,7969.574916,-100.0,-0.7129251721396287,0
-5.729221,33,7970.176415,-100.0,-0.7241654723718292,0
-5.800503,34,7970.788729,-100.0,-0.6712111400548594,0
-6.280382,44,7971.596709,-100.0,-0.6943731840641243,0
-5.65305,33,7972.199098,-100.0,-0.8106433327934977,0
-5.963028,35,7972.815979,-100.0,-0.6980539057893622,0
-6.201144,51,7973.773643,-100.0,-0.8101874297245241,0
-6.093561,35,7974.40496,-100.0,-0.6784449189159941,0
-6.216897,36,7975.054759,-100.0,-0.7616013277808561,0
-6.414437,35,7975.687115,-100.0,-0.7051226980373039,0
-6.019738,36,7976.333087,-100.0,-0.7095156836404525,0
-5.409656,34,7976.947473,-100.0,-0.8575047249272205,0
-5.721028,33,7977.561541,-100.0,-0.7812660007806793,0
-5.888251,34,7978.188836,-100.0,-0.6359517468298954,0
-6.300878,33,7978.775575,-100.0,-0.7372769959588245,0
-5.629607,34,7979.400313,-100.0,-0.7853766178958268,0
-5.914875,33,7980.00365,-100.0,-0.6850692840097055,0
-6.268902,35,7980.65115,-100.0,-0.612788747477964,0
-5.479797,32,7981.233723,-100.0,-0.8262114388237918,0
-5.564072,35,7981.880691,-100.0,-0.7970339482708683,0
-6.055394,34,7982.493219,-100.0,-0.6262444743072775,0
-5.689137,33,7983.096004,-100.0,-0.7526947068583679,0
-5.71917,33,7983.68686,-100.0,-0.7562041068397856,0
-5.562716,32,7984.278454,-100.0,-0.8481279059115938,0
-5.724556,34,7984.889867,-100.0,-0.6779703091816097,0
-6.021622,33,7985.490383,-100.0,-0.6445253200894459,0
-5.666666,34,7986.124463,-100.0,-0.6815815197963293,0
-5.658871,32,7986.698557,-100.0,-0.7935498155881662,0
-5.98742,35,7987.350525,-100.0,-0.6343546395565017,0
-5.566252,37,7988.017718,-100.0,-0.8350935629782539,0
-5.789991,34,7988.653107,-100.0,-0.7932081046855073,0
-5.692852,38,7989.321429,-100.0,-0.7561236493465527,0
-5.423353,34,7989.945041,-100.0,-0.7930835218666382,0
-5.940853,35,7990.588448,-100.0,-0.7528999356004427,0
-5.960032,34,7991.197401,-100.0,-0.6583303222440599,0
-5.543531,33,8110.17869,-100.0,-0.7791191841685478,0
-5.648978,33,8110.727787,-100.0,-0.7623095572312764,0
-5.621962,35,8111.324972,-100.0,-0.6991676389524849,0
-5.346479,34,8111.891827,-100.0,-0.8472885162770495,0
-5.85111,33,8112.444214,-100.0,-0.7583518609396618,0
-6.208138,33,8112.996063,-100.0,-0.6623664073636385,0
-5.634311,32,8113.5397,-100.0,-0.8568783027761613,0
-5.497113,33,8114.093584,-100.0,-0.7979221627648753,0
-5.759849,34,8114.670895,-100.0,-0.8489786301672984,0
-6.01695,35,8115.255858,-100.0,-0.7438183608615979,0
-6.179015,34,8115.832416,-100.0,-0.7202264727975142,0
-5.625587,34,8116.411601,-100.0,-0.770067767335741,0
-6.25772,36,8117.017374,-100.0,-0.6452345899115032,0
-6.247949,43,8117.743702,-100.0,-0.8023681993690898,0
-5.711412,34,8118.319168,-100.0,-0.8671300729403834,0
-5.77772,33,8118.882512,-100.0,-0.7403473707109394,0
-5.75832,38,8119.517023,-100.0,-0.6925954571451758,0
-5.945395,34,8120.088196,-100.0,-0.6547822532236965,0
-5.564817,33,8120.6399,-100.0,-0.7694393670331479,0
-5.797605,33,8121.203701,-100.0,-0.7507149440555796,0
-6.185437,35,8121.786947,-100.0,-0.6403257226762571,0
-5.870308,34,8122.359783,-100.0,-0.6735605703036602,0
-6.007245,35,8122.955401,-100.0,-0.6664797151159693,0
-5.659168,33,8123.517823,-100.0,-0.711387715229413,0
-5.739865,33,8124.073286,-100.0,-0.7760001380728531,0
-5.96685,34,8124.633864,-100.0,-0.6883061892111958,0
-5.693598,34,8125.217403,-100.0,-0.7808399157552495,0
-5.520413,32,8125.736697,-100.0,-0.8703668220292875,0
-5.795712,37,8126.376305,-100.0,-0.6832181135379312,0
-5.645264,33,8126.930919,-100.0,-0.7388557854468792,0
-5.974492,32,8127.4785,-100.0,-0.7508936880188881,0
-5.896506,38,8128.123301,-100.0,-0.7003928040985891,0
-6.105229,37,8128.746762,-100.0,-0.7013811263329461,0
-5.854048,33,8129.30826,-100.0,-0.7571747488258693,0
-5.541975,33,8129.849172,-100.0,-0.7595341158256242,0
-5.457495,34,8130.425495,-100.0,-0.770468219683183,0
-6.106768,33,8130.981549,-100.0,-0.6993928635463755,0
-6.043073,34,8131.564049,-100.0,-0.6549010913289296,0
-5.332024,33,8132.115184,-100.0,-0.8985172975219156,0
-5.415987,32,8132.652907,-100.0,-0.8422927521126212,0
-5.746472,32,8133.183589,-100.0,-0.7360947651627292,0
-6.088166,34,8133.760969,-100.0,-0.721622549814927,0
-5.803957,34,8134.343831,-100.0,-0.7325222687424316,0
-5.755879,34,8134.929559,-100.0,-0.8192386501018425,0
-5.604656,35,8135.524722,-100.0,-0.7489074343126938,0
-5.412817,32,8136.063555,-100.0,-0.88951709980797,0
-5.934775,35,8136.660662,-100.0,-0.8633152863140607,0
-6.038042,34,8137.234783,-100.0,-0.7845087362082304,0
-5.779004,32,8137.752204,-100.0,-0.7148349145852855,0
-5.773444,34,8138.314623,-100.0,-0.7748012457032458,0
-5.86791,33,8138.879919,-100.0,-0.7297098611434272,0
-5.704384,33,8139.439515,-100.0,-0.7456223544200371,0
-5.528169,32,8139.967788,-100.0,-0.8384701539234253,0
-5.668698,34,8140.545485,-100.0,-0.8462594474730283,0
-5.655135,33,8141.102852,-100.0,-0.6419285894015554,0
-5.570053,32,8141.642246,-100.0,-0.7985152627174925,0
-5.901037,33,8142.2008,-100.0,-0.578368996648944,0
-5.897038,34,8142.779477,-100.0,-0.6499205511558745,0
-5.73383,32,8143.309366,-100.0,-0.7702119271789671,0
-5.640435,32,8143.84535,-100.0,-0.8295877981336416,0
-5.675627,35,8144.439768,-100.0,-0.8308627142808048,0
-5.633233,34,8262.909645,-100.0,-0.8056858095114905,0
-5.441699,33,8263.478068,-100.0,-0.8358554996064205,0
-5.631496,33,8264.01956,-100.0,-0.8241070610576375,0
-5.797825,33,8264.580528,-100.0,-0.660794167707144,0
-5.935271,35,8265.176578,-100.0,-0.707724125902713,0
-5.647691,33,8265.727334,-100.0,-0.7004908193448844,0
-5.281626,32,8266.275627,-100.0,-0.8353787505961341,0
-5.510437,32,8266.822782,-100.0,-0.858913022995671,0
-5.778543,33,8267.393062,-100.0,-0.7914051298093614,0
-5.620972,34,8267.966154,-100.0,-0.6812505131480802,0
-5.377631,33,8268.526242,-100.0,-0.8189893055474919,0
-5.616109,33,8269.088201,-100.0,-0.8259791510827398,0
-5.651447,32,8269.630307,-100.0,-0.7923569311509937,0
-5.602375,33,8270.190915,-100.0,-0.7681711158123311,0
-5.565375,34,8270.770638,-100.0,-0.7670641389426714,0
-5.685772,33,8271.333027,-100.0,-0.7137610880833946,0
-5.771362,33,8271.884878,-100.0,-0.6488123711229367,0
-6.189197,33,8272.457935,-100.0,-0.6802574284089862,0
-6.048165,38,8273.089177,-100.0,-0.7281735186747039,0
-5.614191,33,8273.648763,-100.0,-0.7247194320414531,0
-5.645719,33,8274.209698,-100.0,-0.8240795741330075,0
-5.566799,34,8274.79094,-100.0,-0.7359229775554732,0
-6.074918,33,8275.359805,-100.0,-0.7167686054891367,0
-5.696683,34,8275.938277,-100.0,-0.8083290979308518,0
-5.857172,33,8276.50029,-100.0,-0.6659702796631902,0
-5.457458,37,8277.121223,-100.0,-0.8538752798214616,0
-5.655867,33,8277.68169,-100.0,-0.7349463607101631,0
-5.56052,33,8278.238155,-100.0,-0.7703069589108863,0
-5.80811,32,8278.781728,-100.0,-0.8028948464191027,0
-5.963752,34,8279.355288,-100.0,-0.6977716763820515,0
-6.001603,34,8279.935018,-100.0,-0.7232931594192106,0
-5.924335,38,8280.57004,-100.0,-0.6986631032199786,0
-6.013138,34,8281.147412,-100.0,-0.6992859152448146,0
-5.99075,34,8281.725838,-100.0,-0.6788963460559627,0
-5.939729,33,8282.282449,-100.0,-0.6418290626551515,0
-5.780207,34,8282.855273,-100.0,-0.6756555087185299,0
-5.47172,32,8283.387735,-100.0,-0.768138290129289,0
-5.621505,33,8283.948662,-100.0,-0.6954085448241902,0
-5.652556,33,8284.503187,-100.0,-0.7465240462401892,0
-6.111026,34,8285.092003,-100.0,-0.6748054945194657,0
-5.429765,33,8285.633549,-100.0,-0.8598536882839883,0
-5.927255,33,8286.199023,-100.0,-0.6564328605244376,0
-5.879478,34,8286.777997,-100.0,-0.7502565639074492,0
-5.887249,33,8287.329285,-100.0,-0.6791900524947685,0
-5.754085,38,8287.971658,-100.0,-0.7154572839637163,0
-6.03471,33,8288.517153,-100.0,-0.6777704345583592,0
-6.152258,35,8289.113416,-100.0,-0.6600456304084064,0
-5.613748,38,8289.779616,-100.0,-0.7723432170713833,0
-6.091778,33,8290.343059,-100.0,-0.6846625969289853,0
-5.713111,32,8290.877984,-100.0,-0.7809813970872309,0
-5.584913,32,8291.415921,-100.0,-0.7494536161731111,0
-6.185288,38,8292.063305,-100.0,-0.7877218619979126,0
-6.100879,34,8292.631314,-100.0,-0.6969953590214922,0
-5.460032,32,8293.179325,-100.0,-0.8365284459882398,0
-5.841501,33,8293.736506,-100.0,-0.7522288174755162,0
-5.606921,34,8294.312748,-100.0,-0.712871246181043,0
-5.733917,33,8294.858617,-100.0,-0.7586366222374995,0
-5.629009,33,8295.417124,-100.0,-0.6727461238989625,0
-6.09007,36,8296.020415,-100.0,-0.7994162231678649,0
-5.671518,35,8296.631468,-100.0,-0.692275153951628,0
-5.720498,32,8297.172688,-100.0,-0.797625862477322,0
-5.672856,41,8415.926391,-100.0,-0.8960360973226177,0
-5.892351,41,8416.622882,-100.0,-0.7249620183168303,0
-5.561345,32,8417.162979,-100.0,-0.8385069258999343,0
-5.848505,34,8417.731883,-100.0,-0.7622511840148863,0
-5.916277,41,8418.429699,-100.0,-0.698735691032739,0
-5.62462,33,8418.986204,-100.0,-0.7511038257817353,0
-5.814373,35,8419.572302,-100.0,-0.7899168298681143,0
-5.532561,35,8420.163447,-100.0,-0.7406482601851406,0
-5.636916,35,8420.747209,-100.0,-0.8341011621316168,0
-5.941769,35,8421.343715,-100.0,-0.7227178687277771,0
-5.394398,35,8421.934485,-100.0,-0.7825480719682556,0
-5.470967,33,8422.493823,-100.0,-0.7926030163320512,0
-5.672881,37,8423.134345,-100.0,-0.7589738360929104,0
-5.985746,34,8423.710818,-100.0,-0.6813669303382692,0
-5.899804,44,8424.450171,-100.0,-0.8089216451542705,0
-6.114535,42,8425.152683,-100.0,-0.7235556124190395,0
-5.831027,35,8425.739923,-100.0,-0.7859056037147273,0
-5.591218,32,8426.280718,-100.0,-0.8161537987352304,0
-5.979966,33,8426.834878,-100.0,-0.7109338465081413,0
-5.493944,33,8427.401161,-100.0,-0.8331761703171779,0
-5.836947,33,8427.964164,-100.0,-0.7437060857105985,0
-6.020595,34,8428.541543,-100.0,-0.6531875028612512,0
-5.679258,33,8429.106758,-100.0,-0.7759553216859107,0
-5.563833,35,8429.692967,-100.0,-0.8745823205652541,0
-6.129814,34,8430.275133,-100.0,-0.7107314854932831,0
-5.571394,33,8430.833575,-100.0,-0.8268093336903314,0
-5.357954,33,8431.394062,-100.0,-0.7992924930093318,0
-5.5356,34,8431.97395,-100.0,-0.8478478832042537,0
-5.946976,33,8432.530742,-100.0,-0.6623078137959967,0
-5.495894,32,8433.055463,-100.0,-0.7960099383006091,0
-5.941467,33,8433.621913,-100.0,-0.6855162938924227,0
-6.079536,33,8434.18184,-100.0,-0.6815931010320815,0
-5.378727,33,8434.739247,-100.0,-0.8578827199696433,0
-5.713765,33,8435.304587,-100.0,-0.7500945950592107,0
-5.713185,32,8435.838255,-100.0,-0.7706856528447592,0
-5.54036,34,8436.423472,-100.0,-0.7512665577704879,0
-5.414956,33,8436.97925,-100.0,-0.7431973899092118,0
-5.753918,34,8437.5551,-100.0,-0.7766894414699125,0
-5.361433,32,8438.097618,-100.0,-0.8386310203092022,0
-5.451595,33,8438.668284,-100.0,-0.7774286487059969,0
-5.622256,33,8439.217377,-100.0,-0.680469983207495,0
-5.929219,35,8439.812059,-100.0,-0.7100222117828896,0
-5.498067,36,8440.410028,-100.0,-0.7895478346883193,0
-5.494393,34,8440.98963,-100.0,-0.8041699579717364,0
-5.483671,32,8441.52717,-100.0,-0.8683998400431913,0
-5.933868,42,8442.237975,-100.0,-0.7433739694296595,0
-6.042216,34,8442.81644,-100.0,-0.688800440840301,0
-5.605437,33,8443.37671,-100.0,-0.7638291603440209,0
-6.055048,39,8444.043273,-100.0,-0.6798376639221305,0
-5.931408,33,8444.607015,-100.0,-0.650242188447584,0
-6.081708,47,8445.410968,-100.0,-0.6641764678068774,0
-5.746088,33,8445.964718,-100.0,-0.7734012990434895,0
-5.970849,33,8446.516107,-100.0,-0.7135432466054689,0
-5.920411,32,8447.065624,-100.0,-0.764514852762472,0
-5.629283,34,8447.636077,-100.0,-0.7933249114473655,0
-5.46316,32,8448.18101,-100.0,-0.8112399325682998,0
-6.118168,34,8448.750448,-100.0,-0.6482246562771671,0
-5.937291,40,8449.4379,-100.0,-0.7168156474819,0
-5.747619,33,8567.454635,-100.0,-0.7453393707697455,0
-5.611051,38,8568.107233,-100.0,-0.7812051814177321,0
-5.911628,39,8568.756116,-100.0,-0.7027650395812464,0
-5.558947,32,8569.302957,-100.0,-0.8267306567267418,0
-5.664682,34,8569.876692,-100.0,-0.7756486972381349,0
-5.562179,32,8570.404618,-100.0,-0.7480299321457632,0
-5.779228,33,8570.971796,-100.0,-0.7854078623571693,0
-5.715934,33,8571.52116,-100.0,-0.8122465753560048,0
-5.56397,32,8572.063806,-100.0,-0.8621330205650946,0
-5.583003,35,8572.660444,-100.0,-0.743534677341473,0
-5.504483,33,8573.219716,-100.0,-0.8494720451749428,0
-5.741302,36,8573.821856,-100.0,-0.7930948865225681,0
-6.025597,34,8574.402752,-100.0,-0.7253382035932315,0
-5.597437,32,8574.955656,-100.0,-0.7735756328159303,0
-5.303011,33,8575.507,-100.0,-0.7812131360959337,0
-5.414744,33,8576.066802,-100.0,-0.8292142572278155,0
-5.333698,33,8576.627226,-100.0,-0.8355447072920184,0
-5.709135,32,8577.162635,-100.0,-0.7661465559962798,0
-5.860579,32,8577.709762,-100.0,-0.753045266068883,0
-5.657959,32,8578.246026,-100.0,-0.7790233761381183,0
-5.812823,33,8578.801763,-100.0,-0.8211192516751907,0
-5.78914,39,8579.472021,-100.0,-0.876425016392729,0
-6.021921,34,8580.046155,-100.0,-0.6633453163470577,0
-5.468051,33,8580.616053,-100.0,-0.7846942333297368,0
-6.145679,33,8581.169418,-100.0,-0.7412552257012085,0
-6.05928,40,8581.873258,-100.0,-0.7169929610642859,0
-5.81266,34,8582.446692,-100.0,-0.7284759105497683,0
-5.63452,33,8583.004317,-100.0,-0.7388236024396596,0
-5.385165,33,8583.570774,-100.0,-0.8052038908653932,0
-5.926088,34,8584.144831,-100.0,-0.7053522388149713,0
-5.444648,32,8584.685058,-100.0,-0.863238976417216,0
-5.338255,36,8585.290326,-100.0,-0.851622615310242,0
-5.792615,33,8585.85676,-100.0,-0.7914114763768333,0
-5.579791,33,8586.411743,-100.0,-0.7893942271432903,0
-5.871676,34,8586.974642,-100.0,-0.683788183173204,0
-5.542854,33,8587.546982,-100.0,-0.714815988148542,0
-5.4408,33,8588.107226,-100.0,-0.8225697237847417,0
-6.104943,37,8588.718199,-100.0,-0.6971050407961829,0
-5.942513,33,8589.286948,-100.0,-0.6688877761980666,0
-5.656007,34,8589.864137,-100.0,-0.698764756471932,0
-5.884801,36,8590.483,-100.0,-0.7074197129447778,0
-5.723106,34,8591.065433,-100.0,-0.8140083430289303,0
-6.020744,33,8591.624968,-100.0,-0.7354756080941791,0
-5.913922,37,8592.241787,-100.0,-0.7116220328876095,0
-5.723346,34,8592.819744,-100.0,-0.7347514998010577,0
-6.052241,38,8593.461322,-100.0,-0.7055219083842396,0
-5.728876,33,8594.026255,-100.0,-0.7067508321094409,0
-5.952122,39,8594.693494,-100.0,-0.6981026817057019,0
-5.520387,33,8595.256997,-100.0,-0.7838756319933022,0
-5.867502,33,8595.818824,-100.0,-0.7159916421212533,0
-5.587864,33,8596.378813,-100.0,-0.6758912999672657,0
-5.798484,33,8596.937716,-100.0,-0.7379267605609457,0
-5.89949,33,8597.495918,-100.0,-0.6264696341036673,0
-5.853902,33,8598.053321,-100.0,-0.6764215078305615,0
-5.745374,33,8598.604942,-100.0,-0.7225928766889687,0
-5.708118,33,8599.161029,-100.0,-0.7295260125831919,0
-6.00542,34,8599.72546,-100.0,-0.736038823804882,0
-5.923194,33,8600.287235,-100.0,-0.6237588345875071,0
-5.810722,34,8601.070576,-100.0,-0.766802278776168,0
-5.554622,33,8601.624773,-100.0,-0.7968817572659509,0
-5.65244,34,8602.214095,-100.0,-0.7799721891017223,0
-5.451916,33,8717.909998,-100.0,-0.7624484393862764,0
-5.60514,34,8718.495606,-100.0,-0.757225571704329,0
-5.64925,41,8719.17816,-100.0,-0.7848487546231422,0
-5.911743,33,8719.749532,-100.0,-0.7136572479576372,0
-5.473979,36,8720.359757,-100.0,-0.7524709441556363,0
-5.397838,35,8720.959316,-100.0,-0.7642855367971658,0
-5.774758,33,8721.518451,-100.0,-0.8614849365504129,0
-5.386941,33,8722.084173,-100.0,-0.7912919750585821,0
-5.740986,41,8722.785348,-100.0,-0.8394678122401062,0
-5.644455,33,8723.356237,-100.0,-0.7496425139652082,0
-5.605608,35,8723.940301,-100.0,-0.8090890202726004,0
-5.326603,34,8724.532174,-100.0,-0.7849569719789472,0
-5.87192,33,8725.092863,-100.0,-0.7176174877282384,0
-5.560387,33,8725.635405,-100.0,-0.8183938051517372,0
-5.760366,32,8726.176374,-100.0,-0.8166125412398396,0
-5.900321,34,8726.75552,-100.0,-0.5965058738389368,0
-5.846759,33,8727.323448,-100.0,-0.703422867444845,0
-5.990676,36,8727.926335,-100.0,-0.6037813576307719,0
-5.546078,33,8728.490921,-100.0,-0.7583020041980538,0
-5.626359,33,8729.048119,-100.0,-0.8155070561237914,0
-6.159857,42,8729.754171,-100.0,-0.7292943850838973,0
-5.728033,33,8730.319134,-100.0,-0.6776977033917042,0
-6.086285,34,8730.888415,-100.0,-0.7297451395841522,0
-5.967853,34,8731.468634,-100.0,-0.7088491056249636,0
-5.872409,33,8732.029221,-100.0,-0.6692320609499033,0
-5.348508,33,8732.592371,-100.0,-0.801025466249303,0
-5.544058,33,8733.152806,-100.0,-0.7491617612033465,0
-5.94284,33,8733.719176,-100.0,-0.7057383089208641,0
-5.94241,37,8734.338593,-100.0,-0.6933983317421447,0
-5.867268,34,8734.918764,-100.0,-0.7163123563063306,0
-5.480114,32,8735.470088,-100.0,-0.8450842594930288,0
-6.017816,37,8736.092935,-100.0,-0.664376235382554,0
-5.416649,36,8736.6873,-100.0,-0.7830173404593467,0
-5.75761,33,8737.261169,-100.0,-0.697681011470271,0
-5.887113,34,8737.837708,-100.0,-0.7077077569320298,0
-6.0765,35,8738.430175,-100.0,-0.6870049894206375,0
-6.032195,34,8739.010614,-100.0,-0.691185719618543,0
-5.963837,34,8739.581251,-100.0,-0.7396371571264406,0
-5.284909,32,8740.136276,-100.0,-0.8514228786432677,0
-5.851595,34,8740.712021,-100.0,-0.6773896896733896,0
-5.372021,32,8741.254597,-100.0,-0.8290509186593997,0
-5.672689,33,8741.81649,-100.0,-0.7662154364169007,0
-5.311916,32,8742.36115,-100.0,-0.8842453400710568,0
-5.692738,34,8742.931956,-100.0,-0.7486873907276957,0
-5.460361,34,8743.519637,-100.0,-0.8217982322005006,0
-5.715554,33,8744.076723,-100.0,-0.7816800822825536,0
-5.895092,33,8744.636713,-100.0,-0.7056965040846958,0
-5.529561,33,8745.185275,-100.0,-0.8072876086609864,0
-5.697249,33,8745.751653,-100.0,-0.7260328572745813,0
-5.752415,33,8746.312069,-100.0,-0.6853201153386815,0
-5.929524,43,8747.045824,-100.0,-0.7201484886499808,0
-5.907701,32,8747.604047,-100.0,-0.7535883525715441,0
-5.601788,36,8748.201043,-100.0,-0.692497221517543,0
-5.965533,34,8748.785911,-100.0,-0.6754270314560796,0
-5.651524,36,8749.401899,-100.0,-0.7187771691075056,0
-6.032022,34,8749.96693,-100.0,-0.7479010297175959,0
-5.706712,34,8750.542454,-100.0,-0.6599933229279137,0
-5.705107,33,8751.104099,-100.0,-0.7022832515806695,0
-5.485697,33,8751.66704,-100.0,-0.764667206855516,0
-5.437152,33,8752.232116,-100.0,-0.6885636623309794,0
-5.980346,34,8870.202631,-100.0,-0.7627197278087231,0
-5.715028,34,8870.776223,-100.0,-0.7778505215382905,0
-5.973081,34,8871.35707,-100.0,-0.7671293540420574,0
-5.255097,33,8871.925516,-100.0,-0.7833568012238801,0
-5.582293,33,8872.487897,-100.0,-0.7995493574803423,0
-5.541102,33,8873.04408,-100.0,-0.6279679599502607,0
-6.218679,35,8873.629555,-100.0,-0.6197178735252374,0
-5.952416,34,8874.219457,-100.0,-0.6260454827785463,0
-6.394239,36,8874.822227,-100.0,-0.6642598859655685,0
-5.848793,34,8875.403237,-100.0,-0.6532142360317759,0
-5.45408,33,8875.9648,-100.0,-0.796139022840629,0
-5.428211,33,8876.534111,-100.0,-0.8384863360823456,0
-5.236398,32,8877.078966,-100.0,-0.8134372586105114,0
-5.869631,33,8877.649516,-100.0,-0.6886340611669595,0
-5.418951,33,8878.212779,-100.0,-0.7441477702783245,0
-5.932888,33,8878.7632,-100.0,-0.7123494248834277,0
-5.76465,40,8879.45261,-100.0,-0.6961622771748122,0
-5.377019,32,8879.996584,-100.0,-0.8504070119861755,0
-5.781419,33,8880.555607,-100.0,-0.7742393301104845,0
-6.096103,33,8881.128109,-100.0,-0.6713013605250394,0
-5.90888,33,8881.689685,-100.0,-0.7141494379911691,0
-5.666274,33,8882.250498,-100.0,-0.8322836435706837,0
-5.979846,34,8882.827187,-100.0,-0.6525327303272843,0
-5.693677,32,8883.37905,-100.0,-0.8312083751895183,0
-5.311697,32,8883.914525,-100.0,-0.9005448713613381,0
-5.288924,32,8884.461635,-100.0,-0.8396757154313383,0
-6.005954,33,8885.020502,-100.0,-0.6450716438598398,0
-5.761199,34,8885.602365,-100.0,-0.7140779421311054,0
-5.579234,33,8886.160694,-100.0,-0.7344153184711848,0
-5.703345,35,8886.764224,-100.0,-0.7738192740849451,0
-5.35163,33,8887.327149,-100.0,-0.8480376062013635,0
-5.70642,32,8887.867809,-100.0,-0.7467485598124057,0
-5.476244,32,8888.408395,-100.0,-0.8671099394143631,0
-5.672397,34,8888.99102,-100.0,-0.762137576396563,0
-5.908926,34,8889.565498,-100.0,-0.6928443351898426,0
-5.609326,34,8890.134913,-100.0,-0.724616015667039,0
-5.58535,33,8890.693428,-100.0,-0.833133749875417,0
-5.459178,32,8891.244496,-100.0,-0.8093913934462087,0
-5.618622,33,8891.810484,-100.0,-0.7426959913663177,0
-5.83854,33,8892.361879,-100.0,-0.676042846205236,0
-5.820605,41,8893.067306,-100.0,-0.7222127619000227,0
-6.432402,36,8893.673077,-100.0,-0.8246231049516455,0
-5.376868,33,8894.226243,-100.0,-0.8654432766970538,0
-6.048516,35,8894.822724,-100.0,-0.7274063634839831,0
-5.622009,37,8895.47406,-100.0,-0.8127867043174324,0
-5.947015,36,8896.079846,-100.0,-0.6942695254223568,0
-5.990277,33,8896.637043,-100.0,-0.7269065128564304,0
-6.25006,38,8897.276023,-100.0,-0.6368430351165202,0
-5.514483,36,8897.889216,-100.0,-0.8175459390624222,0
-5.464747,34,8898.463218,-100.0,-0.818344190052103,0
-5.36423,32,8899.016077,-100.0,-0.856502457070122,0
-5.970425,34,8899.588937,-100.0,-0.6324131113482921,0
-5.862845,35,8900.190007,-100.0,-0.7091837289751144,0
-5.458093,34,8900.76286,-100.0,-0.8375115634198947,0
-5.536422,32,8901.31039,-100.0,-0.9109237004926368,0
-5.845568,34,8901.880861,-100.0,-0.6602169723012402,0
-6.182809,45,8902.631594,-100.0,-0.7650476199627777,0
-5.918401,33,8903.19749,-100.0,-0.630857487961713,0
-5.966569,39,8903.853253,-100.0,-0.725688914058954,0
-5.772264,33,8904.416809,-100.0,-0.6157933787062773,0
-5.625494,34,9019.561669,-100.0,-0.7345108053316031,0
-5.885388,32,9020.110063,-100.0,-0.7391145786125157,0
-5.900755,34,9020.689126,-100.0,-0.7100646676470788,0
-5.838574,33,9021.246958,-100.0,-0.698409474307695,0
-5.317187,32,9021.799165,-100.0,-0.7749395538990008,0
-5.569353,34,9022.374946,-100.0,-0.7567104056559819,0
-5.371346,33,9022.935793,-100.0,-0.7207938552417475,0
-5.851526,35,9023.536091,-100.0,-0.6653286503745905,0
-5.957227,41,9024.211385,-100.0,-0.7321354778675994,0
-5.44165,32,9024.764482,-100.0,-0.8711530307324389,0
-5.245578,32,9025.308332,-100.0,-0.8467400194217836,0
-5.543493,41,9026.014258,-100.0,-0.8061001468922065,0
-5.673335,32,9026.56479,-100.0,-0.7983907498496436,0
-5.498769,33,9027.125284,-100.0,-0.7537738233764409,0
-5.793052,33,9027.683046,-100.0,-0.6764039097769556,0
-5.771037,34,9028.265814,-100.0,-0.6691031791916215,0
-5.55287,33,9028.819319,-100.0,-0.7242666749670466,0
-6.031996,36,9029.42,-100.0,-0.7558190085330624,0
-5.534137,32,9029.964344,-100.0,-0.8163429081979717,0
-5.747567,33,9030.516937,-100.0,-0.8556325866629472,0
-5.899802,35,9031.103603,-100.0,-0.6816949568444187,0
-5.793352,33,9031.662074,-100.0,-0.7484197737862843,0
-5.743923,34,9032.249223,-100.0,-0.7170760169014183,0
-5.75976,33,9032.804427,-100.0,-0.6838938102090024,0
-5.782261,34,9033.388343,-100.0,-0.723329735359213,0
-5.380462,32,9033.937226,-100.0,-0.855773431430257,0
-5.491561,33,9034.490407,-100.0,-0.7405372708566317,0
-5.767928,34,9035.080449,-100.0,-0.6821771602317138,0
-6.283441,42,9035.790623,-100.0,-0.6958825418483854,0
-5.831674,34,9036.36719,-100.0,-0.743107890676534,0
-5.90655,33,9036.928953,-100.0,-0.7282404833845254,0
-5.693762,33,9037.492572,-100.0,-0.7652648302359473,0
-5.566611,32,9038.037611,-100.0,-0.843733988640289,0
-5.827799,34,9038.619073,-100.0,-0.7223009046361774,0
-6.034257,33,9039.18076,-100.0,-0.6941800032531209,0
-5.582052,33,9039.73874,-100.0,-0.7557017485223039,0
-5.629497,38,9040.385759,-100.0,-0.7323321780492946,0
-5.56329,33,9040.948134,-100.0,-0.7913164758048027,0
-5.218608,32,9041.487921,-100.0,-0.8556179788270665,0
-5.537058,39,9042.153645,-100.0,-0.7924803951504764,0
-5.645377,33,9042.714592,-100.0,-0.7437911102203404,0
-5.837456,34,9043.2996,-100.0,-0.6703027291009203,0
-5.417273,32,9043.846171,-100.0,-0.7777731073375059,0
-5.643664,33,9044.405625,-100.0,-0.7105041930121652,0
-5.577708,33,9044.969925,-100.0,-0.7833907948400711,0
-5.45727,33,9045.527748,-100.0,-0.9082681960752881,0
-5.621984,32,9046.072944,-100.0,-0.8376859982509471,0
-5.566933,33,9046.634003,-100.0,-0.7602867008495164,0
-5.616769,33,9047.192374,-100.0,-0.7292136941382488,0
-5.962582,32,9047.725136,-100.0,-0.7460799094313612,0
-5.689954,33,9048.28866,-100.0,-0.7360845655320366,0
-5.554703,33,9048.847224,-100.0,-0.7002096468667416,0
-5.908079,33,9049.603364,-100.0,-0.6870846867678239,0
-5.501594,34,9050.17659,-100.0,-0.7881935485383917,0
-5.993193,33,9050.743373,-100.0,-0.7191224537616154,0
-5.812013,33,9051.307285,-100.0,-0.724395230065791,0
-5.834935,33,9051.858451,-100.0,-0.676656310379467,0
-5.622875,33,9052.421246,-100.0,-0.7665640440429512,0
-5.937057,38,9053.072961,-100.0,-0.6880093486889363,0
-5.728208,33,9053.624344,-100.0,-0.6326980002684865,0
-5.50547,33,9171.040223,-100.0,-0.8414622512646343,0
-5.798714,34,9171.618873,-100.0,-0.7557280298152801,0
-5.344278,34,9172.20284,-100.0,-0.8025112424752574,0
-5.716285,33,9172.766465,-100.0,-0.7229047028271869,0
-5.754696,34,9173.350224,-100.0,-0.7162960483502402,0
-5.494826,35,9173.943392,-100.0,-0.7611752378038648,0
-5.447562,33,9174.516422,-100.0,-0.7926964688982969,0
-5.721015,35,9175.105957,-100.0,-0.6676977172998247,0
-5.861199,40,9175.788823,-100.0,-0.6871748730860314,0
-5.550496,33,9176.359682,-100.0,-0.7678139096917135,0
-5.495718,33,9176.929116,-100.0,-0.8115553884835477,0
-5.491195,33,9177.492525,-100.0,-0.7231257120679805,0
-5.537026,34,9178.065098,-100.0,-0.7486810191521767,0
-5.898557,33,9178.628762,-100.0,-0.7053320098948103,0
-5.571587,33,9179.192552,-100.0,-0.7557842294009434,0
-5.48041,32,9179.741544,-100.0,-0.8549157180768293,0
-5.764436,38,9180.370466,-100.0,-0.7300991166125201,0
-5.985153,33,9180.941123,-100.0,-0.68858983171984,0
-5.38555,33,9181.496876,-100.0,-0.7286406202974125,0
-5.528234,33,9182.059747,-100.0,-0.7612771497639425,0
-5.703418,36,9182.681864,-100.0,-0.7598883420565772,0
-5.58087,32,9183.218217,-100.0,-0.7540630896531652,0
-5.703922,33,9183.794908,-100.0,-0.6464874055028731,0
-6.030484,34,9184.389874,-100.0,-0.7051727996164943,0
-5.961117,33,9184.955149,-100.0,-0.6870825047903214,0
-5.617397,34,9185.535596,-100.0,-0.8363446052382978,0
-5.753389,40,9186.206153,-100.0,-0.698452324127897,0
-5.611097,34,9186.781672,-100.0,-0.6828040691128903,0
-5.397923,33,9187.342866,-100.0,-0.8091415272048189,0
-5.657031,34,9187.92147,-100.0,-0.7348858525614944,0
-5.660254,32,9188.478784,-100.0,-0.7805928624032473,0
-5.68988,34,9189.049243,-100.0,-0.6528687496113224,0
-6.191253,35,9189.64978,-100.0,-0.6848929373964274,0
-5.578798,33,9190.206896,-100.0,-0.737273271445674,0
-5.560156,33,9190.763615,-100.0,-0.8088830746693464,0
-5.652185,37,9191.420057,-100.0,-0.822002668752779,0
-5.359719,33,9191.975352,-100.0,-0.758686927628482,0
-5.305516,33,9192.541041,-100.0,-0.7474341005011057,0
-5.685922,33,9193.099664,-100.0,-0.7635995342522102,0
-5.847214,34,9193.688574,-100.0,-0.6870815106664817,0
-5.664643,34,9194.249616,-100.0,-0.7306202625110974,0
-5.591552,33,9194.82341,-100.0,-0.7932186310698692,0
-5.502637,35,9195.423067,-100.0,-0.8850447430215053,0
-5.754355,33,9195.988211,-100.0,-0.7557942625139036,0
-5.682763,33,9196.535051,-100.0,-0.7450590753817193,0
-6.145731,34,9197.117534,-100.0,-0.6894396981958129,0
-5.812454,34,9197.701373,-100.0,-0.6660599757015088,0
-5.753583,34,9198.274742,-100.0,-0.7329114156546181,0
-5.397378,33,9198.84653,-100.0,-0.8577583375635708,0
-5.522104,34,9199.423432,-100.0,-0.7275184160015034,0
-5.580305,34,9200.006793,-100.0,-0.7136832787512207,0
-5.50726,36,9200.609555,-100.0,-0.7484451526343955,0
-5.780588,35,9201.203969,-100.0,-0.7144385269815848,0
-5.359614,32,9201.751647,-100.0,-0.8686620194577505,0
-5.671676,33,9202.32267,-100.0,-0.648743849162888,0
-5.412377,32,9202.864104,-100.0,-0.8668213110807242,0
-5.621787,33,9203.431913,-100.0,-0.7609322716294361,0
-5.900318,34,9204.017293,-100.0,-0.7080100435760339,0
-5.456784,33,9204.580099,-100.0,-0.7298750782116583,0
-5.520481,33,9205.151668,-100.0,-0.7528704782458153,0
-5.762746,33,9205.718643,-100.0,-0.6705866299763661,0
-5.696063,33,9323.308788,-100.0,-0.6318699745675538,0
-5.823609,34,9323.887491,-100.0,-0.6711850754962817,0
-5.825424,41,9324.570213,-100.0,-0.6719900001833747,0
-5.675875,33,9325.142225,-100.0,-0.7451545660957182,0
-5.591454,36,9325.770694,-100.0,-0.7286426158781306,0
-5.2221,33,9326.332561,-100.0,-0.8339452128702416,0
-5.735612,39,9326.999467,-100.0,-0.7402620907351213,0
-6.169,38,9327.645915,-100.0,-0.6549106031939268,0
-5.51264,43,9328.395661,-100.0,-0.7719718872918302,0
-5.321027,33,9328.960106,-100.0,-0.7895481181876701,0
-5.625437,35,9329.559201,-100.0,-0.7663445431002148,0
-5.494584,33,9330.113432,-100.0,-0.7843695324296768,0
-5.780547,34,9330.690648,-100.0,-0.6786977451285694,0
-5.946852,35,9331.290498,-100.0,-0.6734313363172515,0
-5.3492,32,9331.839187,-100.0,-0.8475665605107935,0
-5.673006,38,9332.506577,-100.0,-0.7505140769800145,0
-5.399186,34,9333.088271,-100.0,-0.7709347175940447,0
-5.478471,39,9333.734679,-100.0,-0.8399467415971851,0
-6.678619,49,9334.556206,-100.0,-0.6724904783186086,0
-6.413173,36,9335.176965,-100.0,-0.6553085561795227,0
-5.501646,32,9335.722172,-100.0,-0.7922141309850502,0
-5.682864,34,9336.305223,-100.0,-0.7568678763156811,0
-5.410277,32,9336.840226,-100.0,-0.7691577692520231,0
-5.561422,33,9337.408113,-100.0,-0.7363122767720772,0
-5.583513,36,9338.029455,-100.0,-0.7302492122884093,0
-5.290436,32,9338.572481,-100.0,-0.8305423127565693,0
-5.81551,34,9339.158487,-100.0,-0.6677683765101199,0
-5.721467,40,9339.851891,-100.0,-0.6854012007891721,0
-5.648114,33,9340.41727,-100.0,-0.6847579970649413,0
-5.555576,33,9340.976587,-100.0,-0.7491573365236635,0
-5.65494,33,9341.526936,-100.0,-0.7585888810446084,0
-5.501292,33,9342.092351,-100.0,-0.7126339533484641,0
-5.860146,34,9342.681485,-100.0,-0.6741701794066586,0
-5.826952,35,9343.283055,-100.0,-0.6671766877185086,0
-5.790757,33,9343.856261,-100.0,-0.7227422594818388,0
-5.571525,35,9344.449548,-100.0,-0.7438122853578869,0
-5.488365,32,9344.996447,-100.0,-0.8217310635273382,0
-5.868274,33,9345.545799,-100.0,-0.6428703519024223,0
-5.394705,32,9346.10465,-100.0,-0.8566179550585975,0
-5.721898,34,9346.680615,-100.0,-0.705243652918288,0
-5.773103,35,9347.283999,-100.0,-0.7890457140410831,0
-5.49015,40,9347.971523,-100.0,-0.8065886723584934,0
-5.658829,33,9348.525093,-100.0,-0.6982278718127665,0
-5.329225,33,9349.096449,-100.0,-0.7701775706294111,0
-5.788862,32,9349.64496,-100.0,-0.7065619337264902,0
-5.984587,34,9350.23158,-100.0,-0.7006651797095739,0
-5.522028,34,9350.805623,-100.0,-0.765233201326106,0
-5.674287,46,9351.583793,-100.0,-0.7661088352631578,0
-5.353846,33,9352.152111,-100.0,-0.8231806877783071,0
-5.335842,32,9352.697763,-100.0,-0.83230152838626,0
-5.567356,33,9353.261678,-100.0,-0.7155457573096159,0
-5.973733,34,9353.841284,-100.0,-0.583406834468592,0
-5.528641,32,9354.385993,-100.0,-0.8757080098092264,0
-5.506211,33,9354.951255,-100.0,-0.7064677308230334,0
-5.44222,33,9355.517096,-100.0,-0.7943351562729999,0
-5.508153,40,9356.204318,-100.0,-0.8379237321307869,0
-5.304546,32,9356.751547,-100.0,-0.844807404562315,0
-5.311141,32,9357.300679,-100.0,-0.8729558468351332,0
-5.259063,38,9472.836618,-100.0,-0.8830663533841169,0
-5.951887,34,9473.426771,-100.0,-0.6945444529507939,0
-5.747345,33,9473.992546,-100.0,-0.7717371933695719,0
-5.0875,32,9474.530231,-100.0,-0.8552005160399045,0
-5.245728,32,9475.075204,-100.0,-0.9098755845526405,0
-5.211375,32,9475.625754,-100.0,-0.8559857740379808,0
-6.030366,34,9476.210777,-100.0,-0.7093346066773706,0
-5.439271,34,9476.790426,-100.0,-0.7421281927677433,0
-5.613989,33,9477.349584,-100.0,-0.7612595182074295,0
-5.621476,34,9477.92796,-100.0,-0.685006523153373,0
-5.894629,34,9478.505341,-100.0,-0.7086543570422843,0
-5.996678,33,9479.064348,-100.0,-0.6976499471579998,0
-5.567003,33,9479.622894,-100.0,-0.7701582540286025,0
-5.404457,40,9480.343503,-100.0,-0.8385852224556809,0
-5.577234,35,9480.938386,-100.0,-0.7233963937311039,0
-5.478968,33,9481.507189,-100.0,-0.7386220777821553,0
-5.736765,35,9482.093761,-100.0,-0.7079936650980834,0
-5.873597,36,9482.701639,-100.0,-0.7594966164513436,0
-5.408616,33,9483.264902,-100.0,-0.8035956662159972,0
-5.510274,33,9483.831413,-100.0,-0.8041746153877715,0
-5.601151,35,9484.433077,-100.0,-0.6752405789908296,0
-5.847839,34,9485.008841,-100.0,-0.6632701274400052,0
-5.244472,33,9485.582214,-100.0,-0.8011795943153455,0
-5.959526,35,9486.175297,-100.0,-0.7529673172544381,0
-5.432745,32,9486.724901,-100.0,-0.8422367132054,0
-5.857059,33,9487.285878,-100.0,-0.6368504890246327,0
-5.73747,40,9487.951765,-100.0,-0.7711117532539036,0
-5.374004,32,9488.495874,-100.0,-0.872714741355834,0
-5.557907,33,9489.063656,-100.0,-0.7452776968811381,0
-5.649036,39,9489.720159,-100.0,-0.7792457748436442,0
-5.325434,32,9490.260642,-100.0,-0.7274568885931543,0
-5.876231,32,9490.820967,-100.0,-0.7285104775236394,0
-5.854926,34,9491.400035,-100.0,-0.7318372558322782,0
-5.836667,34,9491.975672,-100.0,-0.6699256998772757,0
-5.707747,33,9492.54221,-100.0,-0.7467419287201711,0
-5.620052,33,9493.098747,-100.0,-0.657987517273699,0
-5.366532,33,9493.662727,-100.0,-0.7439779266302498,0
-5.42829,33,9494.223952,-100.0,-0.7696435386454346,0
-5.603562,33,9494.784402,-100.0,-0.794169509113182,0
-5.784233,34,9495.370224,-100.0,-0.7220372129579549,0
-5.842317,33,9495.939216,-100.0,-0.5577562852884905,0
-5.508524,33,9496.503236,-100.0,-0.7606260222741112,0
-5.891368,35,9497.094979,-100.0,-0.6813812399914115,0
-5.326534,32,9497.839833,-100.0,-0.8186417613936423,0
-5.28558,33,9498.399372,-100.0,-0.8585526530730364,0
-5.559554,39,9499.079372,-100.0,-0.763442425455928,0
-5.207098,34,9499.661612,-100.0,-0.7959780625086419,0
-5.625674,32,9500.213962,-100.0,-0.8025549654742042,0
-5.75784,34,9500.787384,-100.0,-0.687887375666242,0
-5.407129,33,9501.351336,-100.0,-0.7596921067447105,0
-5.406519,34,9501.935167,-100.0,-0.7240449589909378,0
-5.650342,33,9502.497957,-100.0,-0.6448229648926762,0
-5.380308,33,9503.05409,-100.0,-0.8190282562486858,0
-5.966229,34,9503.632625,-100.0,-0.6660666079305698,0
-5.575309,33,9504.202902,-100.0,-0.7690840307108182,0
-5.54919,40,9504.883489,-100.0,-0.7362797409011682,0
-5.586848,35,9505.495164,-100.0,-0.7161984985546905,0
-5.697033,33,9506.05485,-100.0,-0.7515100430186009,0
-5.826644,33,9506.610902,-100.0,-0.6611177086589789,0
-5.602063,32,9507.163631,-100.0,-0.8186333288959428,0
-5.281943,34,9507.745351,-100.0,-0.7801545048421157,0
-5.434122,33,9624.570526,-100.0,-0.8287806441765959,0
-5.864663,34,9625.138566,-100.0,-0.7577754968983869,0
-5.33681,33,9625.703314,-100.0,-0.8500758288873232,0
-5.901684,33,9626.260037,-100.0,-0.6852508968505875,0
-5.364098,32,9626.814519,-100.0,-0.8347509213781948,0
-5.732465,33,9627.375394,-100.0,-0.67689036965336,0
-5.834644,33,9627.944327,-100.0,-0.6920628368811753,0
-5.658921,38,9628.600164,-100.0,-0.7786982136227701,0
-5.3202,32,9629.145112,-100.0,-0.8571781621758592,0
-5.835653,33,9629.713793,-100.0,-0.6826656331341016,0
-5.194699,32,9630.252361,-100.0,-0.8562169911691864,0
-5.367212,34,9630.846318,-100.0,-0.8489017995582239,0
-5.413342,36,9631.450335,-100.0,-0.7945921353863543,0
-5.533446,33,9632.013777,-100.0,-0.7685163906210113,0
-5.91708,35,9632.605549,-100.0,-0.7270736444829761,0
-5.548035,33,9633.182499,-100.0,-0.7783244600272621,0
-5.805255,34,9633.749652,-100.0,-0.6148194391310816,0
-6.041489,34,9634.338179,-100.0,-0.684676432171307,0
-5.448892,32,9634.892415,-100.0,-0.8284338810522005,0
-5.517022,32,9635.434695,-100.0,-0.8352375736791684,0
-5.430928,44,9636.178792,-100.0,-0.8266079234387493,0
-5.49109,33,9636.73733,-100.0,-0.743704371932051,0
-6.5855,40,9637.419636,-100.0,-0.6887320178754552,0
-5.270706,33,9637.982042,-100.0,-0.857308717153687,0
-5.382601,32,9638.532743,-100.0,-0.8589361882176166,0
-5.560365,33,9639.101465,-100.0,-0.7321800978801114,0
-5.504088,35,9639.690232,-100.0,-0.7803693209109038,0
-5.313798,34,9640.276907,-100.0,-0.8434764146784259,0
-5.429738,34,9640.852266,-100.0,-0.7968806638815236,0
-5.229429,34,9641.429842,-100.0,-0.8377332329293103,0
-5.52264,33,9641.992802,-100.0,-0.7361372824715131,0
-5.459711,34,9642.583928,-100.0,-0.7857415776472366,0
-5.799493,33,9643.144495,-100.0,-0.6748532623876123,0
-5.343558,33,9643.701513,-100.0,-0.7898381073028473,0
-5.869562,34,9644.282838,-100.0,-0.6905802657837661,0
-5.48022,33,9644.852386,-100.0,-0.7538303152218203,0
-5.767319,33,9645.416731,-100.0,-0.6485295381660278,0
-5.501685,34,9645.986484,-100.0,-0.7967264757346552,0
-5.485418,33,9646.547006,-100.0,-0.7544780776975201,0
-5.574154,33,9647.108668,-100.0,-0.6950692253895135,0
-6.051721,34,9647.691185,-100.0,-0.661425734734834,0
-5.439601,32,9648.245092,-100.0,-0.7402078903668814,0
-5.43132,34,9648.81919,-100.0,-0.7555282561127742,0
-5.855267,33,9649.387851,-100.0,-0.7112428508295,0
-5.500074,34,9649.964057,-100.0,-0.6861122427908773,0
-5.478579,32,9650.510939,-100.0,-0.7687018669616723,0
-5.78855,33,9651.073157,-100.0,-0.709788042760206,0
-5.655226,34,9651.65373,-100.0,-0.7641219217857851,0
-5.514167,33,9652.214525,-100.0,-0.7604563132255728,0
-5.634208,34,9652.797671,-100.0,-0.70662557790562,0
-5.804752,33,9653.3646,-100.0,-0.6515159701691343,0
-5.756477,34,9653.940553,-100.0,-0.6791909685381002,0
-5.512306,33,9654.509959,-100.0,-0.7110154627424509,0
-5.55241,33,9655.074171,-100.0,-0.6916800310699011,0
-5.845141,37,9655.707614,-100.0,-0.7618809412563066,0
-5.441651,33,9656.261262,-100.0,-0.7254058936436114,0
-5.378394,32,9656.800823,-100.0,-0.7433758624578519,0
-5.737751,34,9657.377178,-100.0,-0.7377228414716591,0
-5.409784,33,9657.94695,-100.0,-0.7173344504714945,0
-5.639979,32,9658.483899,-100.0,-0.8188732987050329,0
-5.374198,34,9659.070378,-100.0,-0.8483943937203817,0
-5.11831,33,9773.845799,-100.0,-0.8711516919313861,0
-5.764675,40,9774.538812,-100.0,-0.7546492334438105,0
-5.674785,34,9775.111888,-100.0,-0.6830251646301588,0
-5.566096,35,9775.709909,-100.0,-0.7367603611037961,0
-5.885646,33,9776.265418,-100.0,-0.6654725245903165,0
-5.552228,33,9776.837584,-100.0,-0.7146740565671158,0
-5.411519,32,9777.373165,-100.0,-0.8259535550947807,0
-5.230192,32,9777.932509,-100.0,-0.842003530733829,0
-5.451151,33,9778.497797,-100.0,-0.7144676031582333,0
-5.160435,33,9779.066473,-100.0,-0.7162506377829387,0
-5.348405,32,9779.61162,-100.0,-0.8288487731993557,0
-5.566498,34,9780.195364,-100.0,-0.7269501913064887,0
-5.256692,32,9780.737142,-100.0,-0.8223621328722769,0
-5.506904,34,9781.319544,-100.0,-0.7970584570656459,0
-5.63042,39,9781.982173,-100.0,-0.6802069066746743,0
-5.355151,34,9782.566111,-100.0,-0.7934926114688151,0
-5.458017,32,9783.116977,-100.0,-0.8104295201593988,0
-5.325547,33,9783.687049,-100.0,-0.7808761180838345,0
-5.435951,33,9784.242475,-100.0,-0.7502005721580768,0
-5.378092,33,9784.806077,-100.0,-0.7974099826721873,0
-5.958152,34,9785.388582,-100.0,-0.6562007814830554,0
-5.936908,34,9785.962303,-100.0,-0.660018374101051,0
-5.465309,32,9786.516136,-100.0,-0.7455601759224643,0
-5.442504,33,9787.074714,-100.0,-0.730275685875694,0
-5.077729,32,9787.620898,-100.0,-0.8420103582966129,0
-5.442924,33,9788.19306,-100.0,-0.7219624593719886,0
-5.863936,35,9788.797449,-100.0,-0.7250787258149528,0
-5.420786,35,9789.40268,-100.0,-0.8142221756847627,0
-5.502368,32,9789.941265,-100.0,-0.7717560687483253,0
-5.384762,34,9790.527001,-100.0,-0.7833021663291063,0
-5.507641,39,9791.191688,-100.0,-0.7978045382525532,0
-5.455455,33,9791.765616,-100.0,-0.7205869877154254,0
-5.635076,33,9792.331453,-100.0,-0.7508583405402828,0
-5.669355,33,9792.891196,-100.0,-0.6603662007727261,0
-5.500318,32,9793.446865,-100.0,-0.780357670802831,0
-5.423006,33,9794.012113,-100.0,-0.7252944600898,0
-5.450346,34,9794.594676,-100.0,-0.7916914873492588,0
-5.659045,33,9795.147844,-100.0,-0.6655660638566189,0
-5.750782,33,9795.724725,-100.0,-0.6816562637341697,0
-5.69659,33,9796.291709,-100.0,-0.6766577868588514,0
-5.749849,36,9796.901043,-100.0,-0.8521601278431449,0
-5.53642,34,9797.477048,-100.0,-0.7482256999670953,0
-5.920189,36,9798.108815,-100.0,-0.6330557823640436,0
-5.617749,33,9798.664942,-100.0,-0.6722526933286949,0
-5.347815,33,9799.229695,-100.0,-0.8851019384251119,0
-5.644441,33,9799.797533,-100.0,-0.8158227495825076,0
-5.563259,33,9800.358315,-100.0,-0.732552340880549,0
-5.771789,41,9801.052716,-100.0,-0.7103414397926474,0
-5.793402,33,9801.612581,-100.0,-0.6294092113053338,0
-5.439263,33,9802.184045,-100.0,-0.7550883959775023,0
-5.667853,34,9802.774965,-100.0,-0.7327483376563688,0
-5.772658,34,9803.350954,-100.0,-0.6646737665007246,0
-5.400738,33,9803.916839,-100.0,-0.7554515727622985,0
-5.34442,32,9804.464808,-100.0,-0.7979647656528422,0
-5.476335,33,9805.035538,-100.0,-0.7115880833297683,0
-5.190082,32,9805.585194,-100.0,-0.8286722658053829,0
-5.58174,33,9806.153785,-100.0,-0.7832376536336719,0
-5.340774,32,9806.699554,-100.0,-0.7780777522841845,0
-5.384032,33,9807.273621,-100.0,-0.7810520839973624,0
-5.452054,33,9807.832987,-100.0,-0.8174548349287892,0
-5.957781,38,9808.475766,-100.0,-0.7044632739989465,0
-5.936965,34,9925.275923,-100.0,-0.6401314276591882,0
-5.8068,33,9925.846849,-100.0,-0.6968798402465937,0
-5.489028,33,9926.406667,-100.0,-0.8196157979367691,0
-5.562654,33,9926.974381,-100.0,-0.6818597799222325,0
-5.72834,34,9927.551086,-100.0,-0.7469056307020729,0
-5.473298,33,9928.128058,-100.0,-0.710003437851903,0
-5.467207,35,9928.722207,-100.0,-0.7084297815447644,0
-5.781829,36,9929.324413,-100.0,-0.6493615302621183,0
-5.750758,40,9930.004164,-100.0,-0.6386296334901816,0
-5.395961,33,9930.577514,-100.0,-0.7311297137661462,0
-5.69618,34,9931.169368,-100.0,-0.7434260753859425,0
-5.713456,34,9931.751904,-100.0,-0.7822184294466438,0
-5.257927,33,9932.317821,-100.0,-0.8441774777128411,0
-5.815216,34,9932.895716,-100.0,-0.7238598306190278,0
-5.910105,34,9933.476427,-100.0,-0.7077425698534516,0
-5.269568,32,9934.017225,-100.0,-0.8769331538864673,0
-5.365319,33,9934.590606,-100.0,-0.7728200063265136,0
-5.688076,33,9935.157054,-100.0,-0.6764415385477973,0
-5.6973,33,9935.721887,-100.0,-0.7222121380098853,0
-5.593256,33,9936.285169,-100.0,-0.7926511233243434,0
-5.283478,32,9936.84061,-100.0,-0.8843862963648266,0
-5.702444,33,9937.398005,-100.0,-0.6994001970811484,0
-5.797877,33,9937.966141,-100.0,-0.7032315079540602,0
-5.422222,33,9938.52616,-100.0,-0.7189998734412364,0
-5.513944,33,9939.091968,-100.0,-0.7731412307258717,0
-5.608443,33,9939.646574,-100.0,-0.7791817656504181,0
-5.788139,34,9940.236445,-100.0,-0.7569371111789686,0
-5.412477,33,9940.806908,-100.0,-0.7564105330366487,0
-5.858667,34,9941.393338,-100.0,-0.6681717719472354,0
-5.539452,33,9941.958838,-100.0,-0.7537443160921926,0
-5.2429,32,9942.511584,-100.0,-0.7764021395834376,0
-5.274535,33,9943.07556,-100.0,-0.8325998625274159,0
-5.33028,33,9943.642995,-100.0,-0.8171317309007275,0
-5.249232,32,9944.184544,-100.0,-0.8556067162230262,0
-5.54289,33,9944.951066,-100.0,-0.7532795499744692,0
-5.455353,33,9945.511484,-100.0,-0.7010933981725219,0
-5.627601,32,9946.062038,-100.0,-0.7960180104829622,0
-5.643127,33,9946.625716,-100.0,-0.6702458239387733,0
-5.535571,33,9947.185081,-100.0,-0.7887648556464846,0
-6.00262,34,9947.769457,-100.0,-0.6040795842483088,0
-5.677248,33,9948.339537,-100.0,-0.7224117817771919,0
-5.624344,33,9948.903785,-100.0,-0.7181887784542124,0
-5.735493,33,9949.472043,-100.0,-0.7182061645136599,0
-5.74071,34,9950.057711,-100.0,-0.6949698594502635,0
-5.38952,34,9950.636196,-100.0,-0.7625631843766334,0
-5.527991,33,9951.207298,-100.0,-0.7419518409561139,0
-5.697854,33,9951.780846,-100.0,-0.6749004646609691,0
-5.985269,34,9952.365982,-100.0,-0.6910605009769972,0
-5.191782,33,9952.930873,-100.0,-0.8403592723359377,0
-5.302158,34,9953.52078,-100.0,-0.7542977750466037,0
-5.89329,35,9954.098872,-100.0,-0.6717124958109765,0
-5.628598,33,9954.657292,-100.0,-0.7413733280311151,0
-5.704997,33,9955.223159,-100.0,-0.6618653818166306,0
-5.966633,35,9955.822474,-100.0,-0.6581370771963871,0
-5.758671,33,9956.38858,-100.0,-0.6642133462498331,0
-5.574465,34,9956.965493,-100.0,-0.7278582632131949,0
-5.432191,33,9957.531917,-100.0,-0.6716510116531126,0
-5.940829,33,9958.086508,-100.0,-0.6849592498644604,0
-5.6775,34,9958.673952,-100.0,-0.7008111394956337,0
-6.321914,48,9959.506993,-100.0,-0.7719916677652563,0
-5.79894,36,10078.141195,-100.0,-0.6530544355212025,0
-5.320146,32,10078.686275,-100.0,-0.8264030636642756,0
-5.926775,35,10079.282871,-100.0,-0.657308370899933,0
-5.323372,35,10079.87611,-100.0,-0.8327219039416793,0
-5.603447,33,10080.439255,-100.0,-0.6428123946792477,0
-5.873548,34,10081.017469,-100.0,-0.7074913202402552,0
-5.845633,34,10081.601515,-100.0,-0.7414663402487666,0
-5.652951,34,10082.171051,-100.0,-0.7074695553225756,0
-5.186471,33,10082.725909,-100.0,-0.8118290471631717,0
-6.198654,35,10083.329312,-100.0,-0.6548227624443002,0
-5.808275,33,10083.897824,-100.0,-0.6536461591617581,0
-5.990665,35,10084.506921,-100.0,-0.6784891888767616,0
-5.577678,33,10085.060895,-100.0,-0.7146183496400432,0
-5.186542,33,10085.631298,-100.0,-0.8108017607173081,0
-5.334106,32,10086.171346,-100.0,-0.791415061205805,0
-5.359513,34,10086.745098,-100.0,-0.8335910737571592,0
-5.73232,36,10087.371074,-100.0,-0.6692893483261545,0
-5.566835,34,10087.956084,-100.0,-0.7252767854106328,0
-6.088106,35,10088.549155,-100.0,-0.6552503224190392,0
-5.714134,35,10089.14988,-100.0,-0.7147219038154043,0
-5.639166,34,10089.720541,-100.0,-0.6830376761633644,0
-5.586813,33,10090.292102,-100.0,-0.7073378182537937,0
-6.08962,35,10090.886511,-100.0,-0.6867897126917301,0
-5.289193,33,10091.4482,-100.0,-0.7965230415461492,0
-5.496526,32,10092.00605,-100.0,-0.7341726199038134,0
-5.627619,33,10092.562735,-100.0,-0.7017453255603516,0
-5.385164,34,10093.13928,-100.0,-0.7942899114560152,0
-5.546938,33,10093.6947,-100.0,-0.7670689635037251,0
-5.717088,33,10094.26408,-100.0,-0.7064900330710764,0
-5.58099,34,10094.835446,-100.0,-0.7377689540225262,0
-5.274971,33,10095.389541,-100.0,-0.7872275003362812,0
-5.764163,34,10095.973387,-100.0,-0.6542736669597427,0
-5.308863,32,10096.522135,-100.0,-0.8310748959139302,0
-5.681597,34,10097.104071,-100.0,-0.654416232306407,0
-5.769814,34,10097.680785,-100.0,-0.6934498798393259,0
-5.551777,33,10098.23997,-100.0,-0.7523989536164154,0
-5.597243,33,10098.807115,-100.0,-0.70376471100531,0
-5.589562,33,10099.355888,-100.0,-0.6802060452998576,0
-5.365549,33,10099.924205,-100.0,-0.6365729688719369,0
-5.246945,33,10100.477173,-100.0,-0.8678464377154699,0
-5.657957,34,10101.064471,-100.0,-0.6909586074603074,0
-5.40681,33,10101.620782,-100.0,-0.7502155478658376,0
-5.290053,37,10102.265841,-100.0,-0.8544723208585324,0
-5.671684,34,10102.839045,-100.0,-0.7426038598457755,0
-6.07793,34,10103.420838,-100.0,-0.6981894178660157,0
-5.945001,38,10104.082818,-100.0,-0.7316309284631984,0
-5.375025,33,10104.631521,-100.0,-0.7778316469075024,0
-5.726872,33,10105.199348,-100.0,-0.7292597991032467,0
-5.323158,33,10105.761892,-100.0,-0.749814874760582,0
-5.238679,32,10106.304888,-100.0,-0.8329444831194586,0
-5.546178,34,10106.872544,-100.0,-0.7587866018906028,0
-5.332832,33,10107.439851,-100.0,-0.8453135548194498,0
-5.103702,34,10108.02642,-100.0,-0.8610697821004603,0
-5.494351,33,10108.587528,-100.0,-0.6768354951497685,0
-5.41041,33,10109.152699,-100.0,-0.7566909873676726,0
-5.331306,33,10109.712471,-100.0,-0.8153355617409123,0
-5.861378,34,10110.294797,-100.0,-0.6906521330803271,0
-5.652005,33,10110.854205,-100.0,-0.6677017062479744,0
-5.435737,34,10111.43567,-100.0,-0.7071623054139089,0
-5.3905,33,10111.99908,-100.0,-0.7679203443817781,0
-5.572349,33,10112.550777,-100.0,-0.715052705884195,0
-5.702284,34,10215.258928,-100.0,-0.6630979851265182,0
-5.463886,33,10215.830815,-100.0,-0.7370739384476391,0
-5.361326,32,10216.3783,-100.0,-0.8950707552833775,0
-5.195624,33,10216.932914,-100.0,-0.7286437826546796,0
-5.455759,34,10217.523165,-100.0,-0.8015429149550445,0
-5.228949,33,10218.092062,-100.0,-0.8128119276533184,0
-5.586445,36,10218.707005,-100.0,-0.6803779231858652,0
-5.697033,33,10219.267199,-100.0,-0.6547052362502308,0
-5.679289,33,10219.839206,-100.0,-0.705138862615199,0
-5.648904,33,10220.40424,-100.0,-0.6821430776604019,0
-5.549221,34,10220.975307,-100.0,-0.7678966818621429,0
-5.72825,36,10221.596064,-100.0,-0.7094467693636533,0
-5.489738,43,10222.332909,-100.0,-0.7911084595179413,0
-5.575166,34,10222.91831,-100.0,-0.7749099103645818,0
-5.462397,32,10223.460589,-100.0,-0.7628848305454469,0
-5.48876,33,10224.033552,-100.0,-0.6478308393168766,0
-5.768108,33,10224.594286,-100.0,-0.7058222677880449,0
-5.475009,34,10225.178959,-100.0,-0.7356232777175763,0
-5.619627,34,10225.750518,-100.0,-0.7437836875715547,0
-6.002362,36,10226.368482,-100.0,-0.6245165174227251,0
-5.43426,33,10226.913282,-100.0,-0.7662836236887569,0
-5.252204,33,10227.485567,-100.0,-0.780730205617616,0
-5.13563,32,10228.030194,-100.0,-0.8450416660661892,0
-5.429733,33,10228.577216,-100.0,-0.7534743528022798,0
-6.178767,41,10229.295246,-100.0,-0.7230915019169831,0
-5.179436,33,10229.852946,-100.0,-0.7395246714508328,0
-5.659373,34,10230.445878,-100.0,-0.7766426324229315,0
-5.712096,33,10231.001125,-100.0,-0.7005299895194453,0
-5.689602,34,10231.583901,-100.0,-0.6353073485903187,0
-5.385487,32,10232.111537,-100.0,-0.7894526084336108,0
-5.889179,34,10232.698991,-100.0,-0.6823897416527249,0
-5.145944,33,10233.265656,-100.0,-0.7112079048970587,0
-5.549703,33,10233.827452,-100.0,-0.7369032674856779,0
-5.600069,34,10234.40122,-100.0,-0.7202924357388233,0
-5.734202,34,10234.98726,-100.0,-0.6656257967141762,0
-5.588131,33,10235.558852,-100.0,-0.7277659144754454,0
-5.393049,34,10236.132408,-100.0,-0.758923268091007,0
-5.425874,35,10236.724891,-100.0,-0.7359142964179868,0
-5.532572,33,10237.298021,-100.0,-0.7530452482436899,0
-5.563544,33,10237.866956,-100.0,-0.6721306394081916,0
-5.554651,39,10238.540389,-100.0,-0.7733281845697351,0
-5.256191,32,10239.079463,-100.0,-0.8805069568754139,0
-5.286412,32,10239.637676,-100.0,-0.8159464831254674,0
-5.186859,33,10240.203954,-100.0,-0.7841236258335811,0
-5.361142,33,10240.762259,-100.0,-0.7423444284155599,0
-5.580782,37,10241.392441,-100.0,-0.6437611156127683,0
-5.652481,33,10241.950449,-100.0,-0.6897233029998057,0
-5.374132,33,10242.510835,-100.0,-0.7598925100714466,0
-5.864035,34,10243.095288,-100.0,-0.6705557185889001,0
-5.414621,39,10243.779914,-100.0,-0.7647060298634702,0
-5.51933,35,10244.366769,-100.0,-0.8525735233395645,0
-5.477931,33,10244.933005,-100.0,-0.7575094605391587,0
-5.854559,33,10245.477493,-100.0,-0.6728322537185804,0
-5.25229,32,10246.021367,-100.0,-0.7880073898905372,0
-6.089282,35,10246.614584,-100.0,-0.6775984899919948,0
-5.633427,33,10247.179691,-100.0,-0.6982994518844322,0
-5.210181,32,10247.726173,-100.0,-0.8019408089702543,0
-5.145561,33,10248.302371,-100.0,-0.7776938495728457,0
-5.649345,33,10248.868868,-100.0,-0.699782852085045,0
-5.541775,34,10249.444906,-100.0,-0.7401997208910466,0
-5.518601,33,10250.013777,-100.0,-0.728523186318007,0
-5.153309,33,10352.615372,-100.0,-0.7898191346062883,0
-5.68466,34,10353.198232,-100.0,-0.6308363359117025,0
-5.569083,33,10353.75489,-100.0,-0.7433729841435808,0
-5.371772,34,10354.33249,-100.0,-0.7667716482119911,0
-5.349802,33,10354.890093,-100.0,-0.806611312283262,0
-5.909891,34,10355.474879,-100.0,-0.6753029577793758,0
-5.400547,33,10356.034678,-100.0,-0.7453462953960556,0
-5.635379,34,10356.612564,-100.0,-0.6821219219278702,0
-5.555741,32,10357.153967,-100.0,-0.7898646871231774,0
-5.823844,33,10357.724348,-100.0,-0.7167671050466891,0
-5.923526,33,10358.286102,-100.0,-0.6231724103095173,0
-5.528871,34,10358.87368,-100.0,-0.6929759197005196,0
-5.702016,33,10359.437453,-100.0,-0.6959228389201743,0
-5.403173,33,10359.99808,-100.0,-0.7817549063406883,0
-5.457762,33,10360.552762,-100.0,-0.721953033844088,0
-5.860548,33,10361.110449,-100.0,-0.6905533640008737,0
-5.609831,33,10361.681584,-100.0,-0.7383552324005932,0
-5.758619,34,10362.25145,-100.0,-0.6488918072149846,0
-5.512392,33,10362.816589,-100.0,-0.7223021572856348,0
-5.353831,33,10363.371486,-100.0,-0.751850206929306,0
-5.714888,34,10363.9593,-100.0,-0.6600756174485636,0
-5.464072,33,10364.521333,-100.0,-0.6938886573492333,0
-5.498071,33,10365.086385,-100.0,-0.7232952461181936,0
-5.738447,34,10365.664397,-100.0,-0.6776477826789717,0
-5.65719,33,10366.228199,-100.0,-0.7633166155054206,0
-5.66041,33,10367.001565,-100.0,-0.7096296840833001,0
-5.170428,33,10367.566814,-100.0,-0.8334733688530006,0
-5.570443,34,10368.13732,-100.0,-0.7624774143949612,0
-5.365528,32,10368.688514,-100.0,-0.830867337460366,0
-5.291431,33,10369.255047,-100.0,-0.854789019997487,0
-5.52979,34,10369.83763,-100.0,-0.7663608297743068,0
-5.482191,37,10370.469009,-100.0,-0.6726263632471322,0
-5.742075,35,10371.064186,-100.0,-0.6499134025498764,0
-5.483211,33,10371.622856,-100.0,-0.7674774643060407,0
-5.403816,34,10372.209784,-100.0,-0.8508680888730665,0
-5.808044,33,10372.761248,-100.0,-0.7057640765246104,0
-5.306051,33,10373.317025,-100.0,-0.8340141779034841,0
-5.303823,32,10373.867641,-100.0,-0.8016455393702937,0
-5.245773,32,10374.409782,-100.0,-0.8771825987378838,0
-5.390512,38,10375.059497,-100.0,-0.758336230813577,0
-5.51634,34,10375.641001,-100.0,-0.7103739274500803,0
-5.488349,35,10376.252248,-100.0,-0.7354075958856376,0
-5.509995,34,10376.84023,-100.0,-0.7157932471665105,0
-5.65173,34,10377.414598,-100.0,-0.6512587954484168,0
-5.246516,33,10377.977159,-100.0,-0.8151467616240382,0
-5.378096,33,10378.534399,-100.0,-0.7763253163740528,0
-5.837633,34,10379.110121,-100.0,-0.6856104801496736,0
-5.942917,40,10379.802116,-100.0,-0.6661632476087894,0
-5.61398,34,10380.369463,-100.0,-0.7551277038602066,0
-5.243938,32,10380.925309,-100.0,-0.7901709483391524,0
-5.315701,32,10381.467177,-100.0,-0.8268792499682079,0
-5.709178,34,10382.032306,-100.0,-0.7522283976000916,0
-5.308046,32,10382.583375,-100.0,-0.8065708708678109,0
-5.487054,36,10383.19952,-100.0,-0.80579073999531,0
-5.639355,33,10383.761078,-100.0,-0.6729685166525561,0
-5.518981,34,10384.329202,-100.0,-0.7494964168964958,0
-5.474489,33,10384.896393,-100.0,-0.7019290283232174,0
-5.731568,33,10385.457167,-100.0,-0.6737900118681996,0
-5.646725,33,10386.02611,-100.0,-0.6616016177801154,0
-5.730533,33,10386.57716,-100.0,-0.6461800837671443,0
-5.517615,33,10387.146494,-100.0,-0.7387360194710421,0
-5.576704,33,10508.816281,-100.0,-0.6777423841888508,0
-5.739843,34,10509.403213,-100.0,-0.6727092346631448,0
-5.321029,32,10509.951226,-100.0,-0.8582643605856883,0
-5.423058,33,10510.520088,-100.0,-0.8170332024247532,0
-5.786444,41,10511.219613,-100.0,-0.6940386027495091,0
-5.117796,33,10511.789335,-100.0,-0.8609321791113947,0
-5.701035,33,10512.341485,-100.0,-0.6648331744479125,0
-5.940805,33,10512.912673,-100.0,-0.6313193547550237,0
-5.804812,34,10513.497473,-100.0,-0.7109323079750534,0
-5.498616,33,10514.069154,-100.0,-0.7433459382324893,0
-5.36486,33,10514.629691,-100.0,-0.8188056847961153,0
-5.785489,33,10515.189453,-100.0,-0.7682575111496204,0
-5.350113,33,10515.745801,-100.0,-0.7173679445693135,0
-5.12346,33,10516.311442,-100.0,-0.801485839512895,0
-5.576215,33,10516.875364,-100.0,-0.7001901063356194,0
-5.960978,34,10517.460528,-100.0,-0.7035459185095041,0
-5.078974,32,10518.01135,-100.0,-0.8802091295613987,0
-5.556769,34,10518.597606,-100.0,-0.7694639515778087,0
-5.399738,33,10519.170274,-100.0,-0.707530279394068,0
-5.649921,33,10519.740615,-100.0,-0.7789392445587588,0
-5.113076,33,10520.292946,-100.0,-0.8462380048809585,0
-5.516387,33,10520.866018,-100.0,-0.7133149125428925,0
-5.654392,34,10521.447903,-100.0,-0.7531825018634503,0
-5.53683,33,10522.013678,-100.0,-0.7247391205537758,0
-5.583714,33,10522.582766,-100.0,-0.6457705422327988,0
-5.717454,33,10523.136992,-100.0,-0.6574322195733201,0
-5.659513,33,10523.699832,-100.0,-0.6781347693370364,0
-5.442629,35,10524.302765,-100.0,-0.7962709108993665,0
-5.373399,36,10524.92737,-100.0,-0.9279604439180481,0
-5.62817,33,10525.492001,-100.0,-0.7156664093503748,0
-5.65962,33,10526.052455,-100.0,-0.6969744473182216,0
-5.348234,33,10526.618283,-100.0,-0.7654345811465381,0
-5.670027,33,10527.178753,-100.0,-0.6662784298687937,0
-5.711133,34,10527.768166,-100.0,-0.7304500337489678,0
-5.761489,34,10528.347045,-100.0,-0.7594267099834405,0
-5.282832,33,10528.902559,-100.0,-0.7625796284936968,0
-5.809117,34,10529.490176,-100.0,-0.6895745845142245,0
-5.168227,32,10530.024318,-100.0,-0.8169432461377297,0
-5.714456,34,10530.602847,-100.0,-0.7146023575702647,0
-5.405061,40,10531.289039,-100.0,-0.7814378391802752,0
-5.822741,42,10532.004518,-100.0,-0.6906660686568249,0
-5.701209,33,10532.578175,-100.0,-0.6631972574057422,0
-5.683572,34,10533.165436,-100.0,-0.6919588380842956,0
-5.337443,33,10533.728738,-100.0,-0.8101607840717158,0
-5.152691,32,10534.277889,-100.0,-0.8821063016124862,0
-5.325086,33,10534.837253,-100.0,-0.7599127859691159,0
-5.775072,34,10535.419441,-100.0,-0.6955065218996603,0
-5.554059,33,10535.983795,-100.0,-0.7278996037643671,0
-5.71136,33,10536.551527,-100.0,-0.6522386667344134,0
-5.619502,34,10537.142468,-100.0,-0.7872419028796501,0
-5.276009,32,10537.687873,-100.0,-0.8892085959726442,0
-5.559729,33,10538.24262,-100.0,-0.7867025617497437,0
-5.670059,34,10538.828268,-100.0,-0.706263427553556,0
-5.372085,33,10539.372962,-100.0,-0.8233892979992332,0
-5.550519,33,10539.941822,-100.0,-0.7381916815130658,0
-5.594769,33,10540.500511,-100.0,-0.657505422561728,0
-5.825572,34,10541.091456,-100.0,-0.6627833679620078,0
-5.450535,33,10541.655636,-100.0,-0.7327921313968115,0
-5.728852,34,10542.232907,-100.0,-0.7546499099229139,0
-5.349068,33,10542.800509,-100.0,-0.7293142162829085,0
-5.563427,33,10667.864418,-100.0,-0.6883836994112487,0
-5.472261,33,10668.425761,-100.0,-0.7478587278358528,0
-5.25776,33,10668.993222,-100.0,-0.7652324554381741,0
-5.472427,33,10669.55664,-100.0,-0.7520028996758203,0
-5.403983,35,10670.166261,-100.0,-0.866196341383609,0
-5.802529,34,10670.738494,-100.0,-0.6210285195728997,0
-5.286226,32,10671.292899,-100.0,-0.8311903654084983,0
-5.375621,32,10671.844429,-100.0,-0.7752658721876178,0
-5.374356,33,10672.413841,-100.0,-0.7307279553441189,0
-5.566243,33,10672.972766,-100.0,-0.7177048607931917,0
-5.570616,33,10673.539438,-100.0,-0.7638719045949721,0
-5.461738,33,10674.098837,-100.0,-0.7899955976535102,0
-5.800301,33,10674.668284,-100.0,-0.6797048331625433,0
-5.752836,33,10675.240884,-100.0,-0.6657085138115494,0
-5.424103,34,10675.807866,-100.0,-0.7666096197110078,0
-5.304121,33,10676.372413,-100.0,-0.8244593797745616,0
-5.658174,33,10676.93383,-100.0,-0.7027604560852289,0
-5.388375,33,10677.495867,-100.0,-0.7155918157886709,0
-5.837785,34,10678.081752,-100.0,-0.6830352549620496,0
-5.644251,33,10678.647184,-100.0,-0.7583785852323331,0
-5.539051,33,10679.201004,-100.0,-0.720318609963699,0
-5.618895,34,10679.7866,-100.0,-0.7167320378399604,0
-5.67756,38,10680.43115,-100.0,-0.6754684586163423,0
-5.497801,33,10681.002206,-100.0,-0.7656915237991564,0
-5.648594,33,10681.566296,-100.0,-0.6159178764452423,0
-5.879256,34,10682.15162,-100.0,-0.6607204439731422,0
-5.753868,33,10682.709579,-100.0,-0.6630871069866077,0
-5.533349,33,10683.273913,-100.0,-0.7245959889924258,0
-5.313553,34,10683.857481,-100.0,-0.7876888399100836,0
-5.54939,33,10684.423494,-100.0,-0.7234425891036895,0
-5.630046,33,10684.978665,-100.0,-0.6690773394492735,0
-5.61861,33,10685.555556,-100.0,-0.6565129948186794,0
-5.907156,33,10686.114596,-100.0,-0.6239747370828221,0
-5.743872,34,10686.695866,-100.0,-0.6716549654055564,0
-5.541279,33,10687.253124,-100.0,-0.727192537500512,0
-5.938003,35,10687.858316,-100.0,-0.6673837853124227,0
-5.783835,39,10688.53724,-100.0,-0.6770133502951757,0
-5.396398,33,10689.088206,-100.0,-0.7443266871133372,0
-5.833135,34,10689.678849,-100.0,-0.6345588927708751,0
-5.17311,32,10690.21615,-100.0,-0.8497447722572286,0
-5.149882,32,10690.762254,-100.0,-0.8581195611164439,0
-5.672394,35,10691.358413,-100.0,-0.8635188872377528,0
-5.579102,34,10691.934004,-100.0,-0.7618759765992046,0
-5.2787,33,10692.498634,-100.0,-0.7808460860231781,0
-5.390224,34,10693.082496,-100.0,-0.7062353059018152,0
-5.924412,38,10693.740778,-100.0,-0.6753030365705559,0
-5.534479,33,10694.295961,-100.0,-0.7837110605907388,0
-5.413758,33,10694.845603,-100.0,-0.7574813229543311,0
-5.10014,32,10695.391831,-100.0,-0.8280152218233591,0
-5.365965,32,10695.946178,-100.0,-0.8605302212595544,0
-5.394831,33,10696.508697,-100.0,-0.7873224795075173,0
-5.295645,33,10697.077843,-100.0,-0.7355629681002945,0
-5.589108,34,10697.6503,-100.0,-0.6538277521830894,0
-5.233466,32,10698.20367,-100.0,-0.8262482853932114,0
-5.665298,32,10698.748855,-100.0,-0.7629393518618272,0
-5.741238,34,10699.332999,-100.0,-0.6715018887622106,0
-5.483112,33,10699.897344,-100.0,-0.8229523648280087,0
-5.872512,42,10700.62327,-100.0,-0.6557431296729871,0
-5.477318,33,10701.193533,-100.0,-0.7252399897018579,0
-5.633245,33,10701.752217,-100.0,-0.6374155200947024,0
-5.207257,32,10702.301935,-100.0,-0.8545794486624735,0
-5.206517,35,10832.557551,-100.0,-0.882315072807616,0
-5.595243,33,10833.123183,-100.0,-0.7313923574284762,0
-5.29431,32,10833.681573,-100.0,-0.8141815363405415,0
-5.848401,33,10834.236093,-100.0,-0.6774530307911992,0
-5.245483,32,10834.789021,-100.0,-0.8162953337697932,0
-5.588148,41,10835.475164,-100.0,-0.7442682174926452,0
-5.366073,33,10836.046095,-100.0,-0.8046359672946682,0
-5.453041,33,10836.607695,-100.0,-0.7553637905174009,0
-5.38966,32,10837.158543,-100.0,-0.8816073376273444,0
-5.394644,32,10837.703861,-100.0,-0.8121052193871335,0
-5.657901,34,10838.285769,-100.0,-0.7110204363687608,0
-5.511052,33,10838.857834,-100.0,-0.6168859387286932,0
-5.722927,38,10839.506613,-100.0,-0.6739903863555675,0
-5.602949,34,10840.086799,-100.0,-0.7481631731332155,0
-5.387076,32,10840.61976,-100.0,-0.8410974449759263,0
-5.745842,33,10841.185814,-100.0,-0.6843998093615257,0
-5.366743,40,10841.865343,-100.0,-0.7795099770208876,0
-5.322572,33,10842.640887,-100.0,-0.7573930287284424,0
-5.403755,34,10843.228751,-100.0,-0.745786370073156,0
-5.613991,35,10843.825239,-100.0,-0.724041815872173,0
-5.471499,33,10844.388052,-100.0,-0.7470005802140967,0
-5.626953,33,10844.955342,-100.0,-0.6887202522968895,0
-5.868986,33,10845.525218,-100.0,-0.6674861838191203,0
-5.193128,36,10846.139812,-100.0,-0.8720614818110548,0
-5.33269,33,10846.699921,-100.0,-0.784050953024004,0
-5.265383,32,10847.256471,-100.0,-0.8712614309753914,0
-5.394998,37,10847.887626,-100.0,-0.7762525380024174,0
-5.276764,33,10848.456707,-100.0,-0.7324941667359952,0
-5.295187,32,10848.998315,-100.0,-0.8112208687682663,0
-5.284732,39,10849.667259,-100.0,-0.8174404482103911,0
-5.39596,33,10850.238352,-100.0,-0.6922332650750722,0
-5.258044,32,10850.783686,-100.0,-0.843067849931672,0
-5.299707,33,10851.349988,-100.0,-0.8118624473919501,0
-5.527396,33,10851.920813,-100.0,-0.7065769545494482,0
-5.421879,32,10852.461557,-100.0,-0.7342651447746178,0
-5.328119,41,10853.168267,-100.0,-0.8062660985488144,0
-5.746692,34,10853.74542,-100.0,-0.6756041255092071,0
-5.227991,32,10854.294584,-100.0,-0.8426339689019219,0
-5.462726,33,10854.864722,-100.0,-0.7488358780602413,0
-5.359787,34,10855.442526,-100.0,-0.7308369476344777,0
-5.252903,32,10855.987168,-100.0,-0.8254013344781868,0
-5.784735,34,10856.568406,-100.0,-0.6110999637693264,0
-5.579509,33,10857.136353,-100.0,-0.6953499478446538,0
-5.754542,33,10857.687712,-100.0,-0.7046196104525362,0
-5.72073,34,10858.276998,-100.0,-0.6525144883153702,0
-5.567492,33,10858.834534,-100.0,-0.6628570720656238,0
-5.269108,33,10859.405969,-100.0,-0.8007521145460424,0
-5.806292,34,10859.981988,-100.0,-0.7013391478272883,0
-6.083592,37,10860.605554,-100.0,-0.7903737048389465,0
-5.877562,36,10861.210742,-100.0,-0.8236449365766108,0
-5.640263,33,10861.774981,-100.0,-0.7336093953584027,0
-5.654628,33,10862.343847,-100.0,-0.639808314486877,0
-5.597323,34,10862.924542,-100.0,-0.7167739998103059,0
-5.137987,32,10863.467921,-100.0,-0.8725644275261025,0
-5.404685,33,10864.031694,-100.0,-0.8523527240478324,0
-5.988924,34,10864.620056,-100.0,-0.6674087030384553,0
-5.724252,33,10865.180669,-100.0,-0.7583181484608048,0
-5.61142,33,10865.751512,-100.0,-0.713886117823248,0
-5.579003,33,10866.311468,-100.0,-0.6778888188446467,0
-5.146443,33,10866.87614,-100.0,-0.7943413256051195,0
-5.611911,34,10867.457165,-100.0,-0.625592252653938,0
-5.713516,33,11001.511801,-100.0,-0.6844782399416522,0
-5.660677,33,11002.065394,-100.0,-0.6790953083549403,0
-5.422283,41,11002.74756,-100.0,-0.7922633325349238,0
-5.297961,33,11003.308646,-100.0,-0.7808726982779797,0
-5.098158,32,11003.863741,-100.0,-0.8319379732890049,0
-5.688594,33,11004.420628,-100.0,-0.6909286170336812,0
-5.308141,32,11004.95575,-100.0,-0.7971969412781339,0
-5.854925,35,11005.564384,-100.0,-0.6771990957442874,0
-5.489382,32,11006.111081,-100.0,-0.8501183976240508,0
-5.214433,33,11006.671375,-100.0,-0.8353118430904058,0
-5.377067,33,11007.233019,-100.0,-0.7432436487170362,0
-5.397363,33,11007.793188,-100.0,-0.7165047083799577,0
-5.551963,34,11008.365112,-100.0,-0.716891458797067,0
-5.625145,33,11008.931765,-100.0,-0.6862713349720514,0
-5.400242,33,11009.496526,-100.0,-0.7515689685401842,0
-5.473387,34,11010.081821,-100.0,-0.7819932976434194,0
-5.217014,33,11010.640788,-100.0,-0.7729855401031416,0
-5.378248,32,11011.185762,-100.0,-0.8348912989512416,0
-5.502233,33,11011.741653,-100.0,-0.7396798537292166,0
-5.517535,35,11012.349299,-100.0,-0.7800366119303523,0
-5.857791,33,11012.918037,-100.0,-0.6245787174714698,0
-5.462487,33,11013.4761,-100.0,-0.6529196780014884,0
-5.613073,33,11014.038744,-100.0,-0.6879273165525607,0
-5.147894,32,11014.572677,-100.0,-0.7977938027346636,0
-5.506535,33,11015.13431,-100.0,-0.6753993192357644,0
-5.466503,33,11015.695012,-100.0,-0.7416026246182164,0
-5.236939,33,11016.262296,-100.0,-0.804790649577182,0
-5.249127,33,11016.817894,-100.0,-0.8136697111790845,0
-5.424992,33,11017.385798,-100.0,-0.6921590428968984,0
-5.775754,33,11017.945804,-100.0,-0.6824826502695117,0
-5.144526,32,11018.500861,-100.0,-0.8863059653475645,0
-5.474944,33,11019.061903,-100.0,-0.6849730791762897,0
-5.145141,33,11019.623524,-100.0,-0.8890041030817962,0
-5.195566,33,11020.187307,-100.0,-0.7666377391991382,0
-5.609529,33,11020.753584,-100.0,-0.7031932243420836,0
-6.018237,36,11021.356661,-100.0,-0.6693197098781541,0
-5.352613,33,11021.923729,-100.0,-0.7955145081128252,0
-5.607135,33,11022.48177,-100.0,-0.6993374104607619,0
-5.865253,33,11023.046988,-100.0,-0.7358726755199897,0
-5.686739,37,11023.675768,-100.0,-0.7420085959338942,0
-5.309918,33,11024.236341,-100.0,-0.7744166286742429,0
-5.530408,33,11024.805953,-100.0,-0.6690383976715558,0
-5.500387,33,11025.370617,-100.0,-0.7229565758024687,0
-5.205352,32,11025.914524,-100.0,-0.8317883367559518,0
-5.629394,33,11026.472622,-100.0,-0.7056088470728477,0
-5.719837,33,11027.039729,-100.0,-0.710646399571771,0
-5.454433,33,11027.595159,-100.0,-0.729267040210884,0
-5.602915,33,11028.167108,-100.0,-0.6981036389908891,0
-5.541627,33,11028.72392,-100.0,-0.7596608658433054,0
-5.773814,34,11029.303623,-100.0,-0.6937784924759378,0
-5.56493,33,11029.863548,-100.0,-0.6568595713630637,0
-5.899708,33,11030.429904,-100.0,-0.664101649098901,0
-5.239699,33,11030.985955,-100.0,-0.7483265220255212,0
-5.569003,35,11031.582095,-100.0,-0.6736528173243718,0
-5.413696,33,11032.149435,-100.0,-0.7347246918108565,0
-5.810186,35,11032.740889,-100.0,-0.6549488129573026,0
-5.175678,32,11033.284897,-100.0,-0.8219390830150376,0
-5.359566,33,11033.845269,-100.0,-0.8310351698007238,0
-5.535364,33,11034.409284,-100.0,-0.7668295381364059,0
-5.706219,35,11035.00265,-100.0,-0.6843594423794577,0
-5.24282,33,11035.565686,-100.0,-0.7935145342102177,0
-5.533797,33,11173.508194,-100.0,-0.770845444343182,0
-5.770619,33,11174.069251,-100.0,-0.7174165900267612,0
-5.501774,33,11174.639981,-100.0,-0.7370259189564957,0
-5.657418,33,11175.202695,-100.0,-0.6989505586826792,0
-5.714967,34,11175.803374,-100.0,-0.6403548266874038,0
-5.778856,33,11176.370221,-100.0,-0.6710568581708954,0
-5.230274,32,11176.918089,-100.0,-0.8650690482948404,0
-5.647531,34,11177.518639,-100.0,-0.6850457924396656,0
-5.545729,33,11178.094318,-100.0,-0.7106440939138969,0
-5.842912,35,11178.686299,-100.0,-0.6967093787208586,0
-5.947524,34,11179.273952,-100.0,-0.655532862947934,0
-5.366152,33,11179.840428,-100.0,-0.7543246903547705,0
-5.197479,32,11180.399896,-100.0,-0.8771494958583135,0
-5.49047,33,11180.958261,-100.0,-0.7698875038171009,0
-5.632167,33,11181.531287,-100.0,-0.7395960682405627,0
-5.517475,33,11182.102121,-100.0,-0.8412514178740075,0
-5.598812,34,11182.690937,-100.0,-0.6860365873012877,0
-5.49522,33,11183.265769,-100.0,-0.7543205976863152,0
-5.264251,32,11183.816509,-100.0,-0.5537130973798144,0
-5.957213,34,11184.401983,-100.0,-0.6909778128773477,0
-5.683516,33,11184.985986,-100.0,-0.6308054113648752,0
-5.73591,33,11185.553221,-100.0,-0.6883791496762113,0
-5.880854,33,11186.128865,-100.0,-0.6255259093740768,0
-5.204368,34,11186.704393,-100.0,-0.8226759869764918,0
-5.478057,35,11187.31448,-100.0,-0.8313885739040282,0
-5.531765,34,11187.906362,-100.0,-0.6631676752827301,0
-5.759858,33,11188.471971,-100.0,-0.6228865796530731,0
-5.875366,32,11189.024248,-100.0,-0.7183113182632013,0
-5.517833,36,11189.634881,-100.0,-0.7881217423724916,0
-5.543835,33,11190.191701,-100.0,-0.749164281552242,0
-5.732419,33,11190.7553,-100.0,-0.6800972589985006,0
-5.781179,34,11191.328338,-100.0,-0.6999170634399805,0
-5.296642,32,11191.883844,-100.0,-0.8255601908600312,0
-5.511455,33,11192.440107,-100.0,-0.704652979534628,0
-5.556872,33,11193.009599,-100.0,-0.689582631668445,0
-5.369919,32,11193.569355,-100.0,-0.8398709879422044,0
-5.216649,33,11194.126636,-100.0,-0.7597200992784957,0
-5.832357,36,11194.73507,-100.0,-0.6713765737075238,0
-5.561687,32,11195.277899,-100.0,-0.7539586268211452,0
-5.511294,32,11195.827792,-100.0,-0.7603300877090684,0
-5.357791,32,11196.376582,-100.0,-0.8577182606179361,0
-5.674803,33,11196.942966,-100.0,-0.7368689535969429,0
-5.490037,35,11197.539177,-100.0,-0.7489275820907146,0
-5.491147,33,11198.100846,-100.0,-0.7054332894644563,0
-5.388992,32,11198.652188,-100.0,-0.7971621142741548,0
-5.061262,32,11199.198281,-100.0,-0.8614199234172278,0
-5.666106,33,11199.768948,-100.0,-0.7349682742232504,0
-5.557349,33,11200.32535,-100.0,-0.6841962295696854,0
-5.581366,33,11200.896147,-100.0,-0.6958785844417588,0
-5.398514,33,11201.463883,-100.0,-0.7520846293596941,0
-5.567366,33,11202.03144,-100.0,-0.6910607940757603,0
-5.94886,34,11202.615396,-100.0,-0.6302159567430716,0
-5.476235,34,11203.200955,-100.0,-0.7428782849495577,0
-5.159297,32,11203.751385,-100.0,-0.8457453796136425,0
-5.26559,34,11204.32501,-100.0,-0.7781853387591107,0
-5.621644,33,11204.887432,-100.0,-0.6389892631791149,0
-5.707671,33,11205.447696,-100.0,-0.667666673919684,0
-5.282913,32,11206.002559,-100.0,-0.8118968986751637,0
-5.630694,33,11206.564577,-100.0,-0.6773218100629648,0
-5.160322,33,11207.135396,-100.0,-0.746678177137034,0
-5.233384,33,11207.695148,-100.0,-0.7777086330295934,0
-5.310993,33,11208.258342,-100.0,-0.7707094969001879,0
-5.161738,32,11343.962196,-100.0,-0.829460607689742,0
-5.40762,33,11344.52182,-100.0,-0.7739117503335293,0
-5.509731,33,11345.088449,-100.0,-0.7233288485729722,0
-5.367124,40,11345.752002,-100.0,-0.8166889715970048,0
-5.236331,33,11346.318779,-100.0,-0.747689726931151,0
-5.269184,33,11346.873821,-100.0,-0.7649165620733903,0
-5.246587,32,11347.429242,-100.0,-0.826391882833432,0
-5.396905,33,11347.992829,-100.0,-0.7889498170940413,0
-5.481627,32,11348.747391,-100.0,-0.6945501264635396,0
-5.121792,33,11349.311291,-100.0,-0.8425893211606849,0
-5.239088,33,11349.882413,-100.0,-0.8316150078532026,0
-5.378529,33,11350.439731,-100.0,-0.7278256258371606,0
-5.583778,34,11351.018676,-100.0,-0.7015579365108023,0
-5.567221,33,11351.582432,-100.0,-0.7509073424575898,0
-5.346617,33,11352.147384,-100.0,-0.7299655365636042,0
-5.489131,33,11352.707478,-100.0,-0.7480183679414777,0
-5.614859,33,11353.26994,-100.0,-0.680067767095362,0
-5.23441,32,11353.818707,-100.0,-0.8507280433749682,0
-5.18012,33,11354.386942,-100.0,-0.8077493780713856,0
-5.182504,33,11354.950264,-100.0,-0.7859792352007593,0
-5.631068,33,11355.510641,-100.0,-0.6571234571618352,0
-5.47999,35,11356.098676,-100.0,-0.7161165156680394,0
-5.370675,32,11356.640645,-100.0,-0.780283715362123,0
-5.210675,32,11357.190335,-100.0,-0.7917652849764378,0
-5.259838,34,11357.770439,-100.0,-0.8597302505715028,0
-5.665198,34,11358.355068,-100.0,-0.7004198564075963,0
-5.663057,33,11358.920145,-100.0,-0.6186777590951755,0
-5.434233,33,11359.475148,-100.0,-0.8170446351607971,0
-5.551779,33,11360.035294,-100.0,-0.6752682758498073,0
-5.307399,33,11360.596092,-100.0,-0.8172453425743833,0
-5.082142,32,11361.149603,-100.0,-0.8682132226094469,0
-5.231255,32,11361.69831,-100.0,-0.729058910743655,0
-5.654566,33,11362.248706,-100.0,-0.6509710315722093,0
-5.488638,35,11362.849204,-100.0,-0.6929779656554096,0
-5.292831,32,11363.392697,-100.0,-0.8072274965849562,0
-5.635559,33,11363.955621,-100.0,-0.6782135215836963,0
-5.473847,32,11364.502854,-100.0,-0.7765612707741882,0
-5.378063,33,11365.068254,-100.0,-0.7198475163707276,0
-5.776084,33,11365.621811,-100.0,-0.6632134290246192,0
-5.441297,32,11366.172549,-100.0,-0.7782549921384839,0
-5.670944,36,11366.784069,-100.0,-0.7277053781348699,0
-5.418997,32,11367.326818,-100.0,-0.8218682257989878,0
-5.413794,32,11367.863673,-100.0,-0.8097128666562622,0
-5.49141,34,11368.455687,-100.0,-0.7142976414801974,0
-5.349848,33,11369.017386,-100.0,-0.7298408639001585,0
-5.474157,34,11369.595688,-100.0,-0.7717553203186333,0
-5.692222,33,11370.169252,-100.0,-0.6225218472732283,0
-5.279513,32,11370.70559,-100.0,-0.7821288459629541,0
-5.325754,32,11371.245801,-100.0,-0.8202457425501672,0
-5.527524,33,11371.803825,-100.0,-0.6812696123362916,0
-5.509079,33,11372.36101,-100.0,-0.6992268316913556,0
-5.352093,33,11372.920671,-100.0,-0.7295493483973529,0
-5.613548,33,11373.487359,-100.0,-0.7314467832974266,0
-5.249042,38,11374.146293,-100.0,-0.8331902840503286,0
-5.249477,33,11374.705042,-100.0,-0.73320576935751,0
-5.377703,34,11375.287793,-100.0,-0.7454520464112,0
-5.340519,32,11375.829483,-100.0,-0.8038580346635238,0
-5.650513,36,11376.43755,-100.0,-0.6760493901927709,0
-5.626133,34,11377.000915,-100.0,-0.654620416080731,0
-5.600355,34,11377.599256,-100.0,-0.6493759622906496,0
-5.713257,36,11378.2033,-100.0,-0.6821668594100494,0
-5.537663,35,11378.798005,-100.0,-0.7074714921905995,0
