#{"t_start": 1782853650.1538873, "env_id": "BipedalWalker-v3"}
r,l,t,original_env_reward,generated_reward,reward_error_count
-20.913816,66,2.944605,-100.0,-1.1017716582721917,0
-23.159308,63,3.841487,-100.0,-1.0783525847789133,0
-88.521743,77,4.931467,-100.0,-2.722906488300031,0
-279.070769,1600,26.753999,-0.11821808762351789,-0.1376894441421201,0
-31.942964,69,27.721039,-100.0,-1.083190487383015,0
-20.601364,65,28.627128,-100.0,-0.6305888557869093,0
-22.630553,55,29.377666,-100.0,-1.3491975851735694,0
-28.330766,56,171.275815,-100.0,-1.2937696408572883,0
-47.429985,75,172.395138,-100.0,-1.597559651528475,0
-37.933819,124,174.209514,-100.0,-0.6904809694457338,0
-12.523396,48,174.911695,-100.0,-0.46102515593252447,0
-270.17593,1600,198.602096,-0.09694987902045249,-0.0716987020978179,0
-62.864049,51,199.351649,-100.0,-1.673699075584089,0
-374.869919,1600,345.031865,0.046366779963173094,-0.14376316266131023,0
-19.768068,44,345.635832,-100.0,-0.9039342369104271,0
-317.121109,1600,487.741895,-0.01758445177475375,-0.09633714125719098,0
-13.500484,71,488.757907,-100.0,-0.7321610451148246,0
-27.512364,45,489.380038,-100.0,-1.245810685462807,0
-48.700674,64,490.268071,-100.0,-1.7700504843889606,0
-226.568668,1600,631.280127,-0.15830511043469586,-0.1385332753680335,0
-21.244146,62,632.148373,-100.0,-0.8062198248679162,0
-31.386003,116,633.76861,-100.0,-1.4485010829538647,0
-21.617753,57,634.556141,-100.0,-0.967074795014935,0
-14.196264,71,635.544839,-100.0,-0.8985962557831527,0
-18.14588,70,636.515514,-100.0,-0.7305212601947396,0
-285.466759,1600,778.701172,-0.13995526323715965,-0.1712520375827643,0
-269.411763,1600,920.110148,-0.08843406650424003,-0.09556136992427262,0
-32.82971,99,921.499314,-100.0,-0.5574171862864242,0
-173.219299,1600,943.793017,-0.03489130725462758,-0.06834842767888794,0
-37.352959,124,1065.979464,-100.0,-0.7629197133682578,0
-20.740794,70,1066.954744,-100.0,-0.7950122804768266,0
-48.702331,146,1068.997345,-100.0,-0.6700010114388479,0
-19.524912,66,1069.919822,-100.0,-0.9906394091983536,0
-25.84351,105,1071.380749,-100.0,-0.7878797357392309,0
-24.987527,80,1072.511961,-100.0,-0.7324735593313875,0
-179.168032,1600,1212.335391,-0.17577239819367962,-0.15403629865763244,0
-21.044552,68,1213.292929,-100.0,-0.5070653130621393,0
-12.01908,53,1214.046394,-100.0,-0.35971016077434664,0
-24.228125,67,1215.003356,-100.0,-0.36943329061454344,0
-166.736554,1600,1237.430495,-0.11509248413642484,-0.07440438660934073,0
-36.800531,56,1238.207718,-100.0,-0.5571106374432064,0
-23.106772,59,1239.044301,-100.0,-1.135115998344708,0
-16.842384,73,1240.061997,-100.0,-0.8277596223797334,0
-12.806464,87,1358.334792,-100.0,-0.8246245343656746,0
-156.440958,1600,1380.945334,-0.013696960404515266,-0.0641310983998286,0
-22.464299,106,1382.433794,-100.0,-0.7351364975428825,0
-22.321044,81,1383.579981,-100.0,-0.6179386375594413,0
-17.978436,82,1384.752948,-100.0,-0.61468919796021,0
-13.890484,62,1385.623019,-100.0,-0.7098811795266584,0
-22.265358,65,1502.920208,-100.0,-0.6332392140226755,0
-16.489738,55,1503.702889,-100.0,-0.6804103032185839,0
-21.597579,61,1504.561213,-100.0,-0.7203525135750072,0
-130.567066,1600,1527.131379,-0.08131208177407108,-0.1408908979022329,0
-19.823502,88,1528.377639,-100.0,-0.5447997303113293,0
-140.250622,1600,1670.780711,-0.09718794799844897,-0.10957948579718771,0
-14.637619,78,1671.864537,-100.0,-0.3749550135727584,0
-14.701755,71,1672.859939,-100.0,-0.7147046805934687,0
-142.752098,1600,1813.423348,-0.02351203468441963,-0.06397261182554906,0
-131.706134,1600,1953.644553,-0.09402577732007182,-0.1202714305996737,0
-23.572547,100,1955.155851,-100.0,-0.8423340118509963,0
-15.353132,73,1956.25966,-100.0,-0.19401603996857605,0
-23.653106,134,1958.291532,-100.0,-0.3294542348639271,0
-14.110095,60,1959.206618,-100.0,-0.7367248076351245,0
-107.206144,1600,2098.049729,-0.1043805799285547,-0.13692403594162877,0
-24.503781,114,2099.616399,-100.0,-0.6211179320725121,0
-7.887079,37,2100.12693,-100.0,-0.2964363856189195,0
-20.144713,84,2101.284433,-100.0,-0.5207164198545493,0
-27.344659,154,2103.417315,-100.0,-0.7349415443574606,0
-14.754319,61,2104.288602,-100.0,-0.6827941129130601,0
-25.201704,94,2105.600173,-100.0,-0.6672157235731518,0
-28.343131,130,2107.410971,-100.0,-0.5590790560803452,0
-114.859371,1600,2244.311266,-0.051288910766444984,-0.0783904668585621,0
-10.971034,63,2245.194266,-100.0,-0.3338354332148091,0
-25.755996,109,2246.691612,-100.0,-0.5590201246968013,0
-121.327834,1600,2387.647762,-0.07783577294150751,-0.03369887322273565,0
-9.723613,55,2388.39173,-100.0,-0.24622529547417257,0
-18.747181,79,2389.480754,-100.0,-0.7400434174097611,0
-14.747388,109,2390.985251,-100.0,-0.31785711458716276,0
-104.474823,1600,2507.430312,-0.07560572870075702,-0.0547012916173585,0
-10.615168,73,2508.420254,-100.0,-0.7202322621038775,0
-16.4742,93,2509.678582,-100.0,-0.6789993383052065,0
-15.236583,73,2510.688509,-100.0,-0.7397881287708751,0
-16.451846,74,2511.705019,-100.0,-0.392157944660185,0
-19.082,72,2512.692368,-100.0,-0.5461287234747665,0
-13.075709,73,2513.682787,-100.0,-0.6641771430627114,0
-9.91635,51,2514.362734,-100.0,-0.7425143067529375,0
-17.998274,90,2515.576164,-100.0,-0.6820345607200349,0
-13.106765,68,2516.497589,-100.0,-0.6533671647267277,0
-103.106674,1600,2631.504506,-0.029072895695768187,-0.06532922813223548,0
-9.512494,55,2632.263583,-100.0,-0.7272779188793519,0
-82.913592,1600,2747.220595,-0.0005433969758451007,-0.07190570883306051,0
-10.252051,54,2747.960789,-100.0,-0.7985581727616695,0
-15.831408,69,2748.921843,-100.0,-0.3810775838579448,0
-9.736367,48,2749.59874,-100.0,-0.6967384097116789,0
-8.421216,48,2750.268424,-100.0,-0.22705357845626484,0
-14.970778,87,2751.478788,-100.0,-0.6681848114830967,0
-12.209607,78,2752.548635,-100.0,-0.8164344779273998,0
-12.260467,69,2753.49208,-100.0,-0.6256766926268655,0
-8.522333,60,2754.329842,-100.0,-0.6245920153815061,0
-8.753644,42,2754.918872,-100.0,-0.6068028552390662,0
-10.860229,59,2755.727356,-100.0,-0.6986410068057495,0
-17.487104,72,2756.712184,-100.0,-0.38766643008605217,0
-13.727911,83,2757.886356,-100.0,-0.714348750477545,0
-18.26829,98,2759.221265,-100.0,-0.36888661844820764,0
-16.608897,88,2760.427016,-100.0,-0.462908420498147,0
-8.210353,40,2760.977241,-100.0,-0.607181746914328,0
-17.215837,60,2761.808148,-100.0,-0.44383719139900185,0
-10.464685,64,2762.711527,-100.0,-0.7709486430220118,0
-19.405672,140,2764.650934,-100.0,-0.7171306534686804,0
-14.545009,101,2766.0705,-100.0,-0.7621332443588948,0
-12.656557,72,2767.054256,-100.0,-0.8594001943043287,0
-18.547129,74,2768.097583,-100.0,-0.4681376323655615,0
-74.418644,1600,2909.451149,-0.06439441557352979,-0.006772035325523241,0
-11.199079,63,2910.333423,-100.0,-0.3162164795711928,0
-9.636226,62,2911.234256,-100.0,-0.7067372589597041,0
-13.628922,61,2912.081573,-100.0,-0.40158952525936337,0
-8.65099,45,2912.729335,-100.0,-0.6872200794115458,0
-9.298041,54,2913.502588,-100.0,-0.6964007239723558,0
-11.331475,52,2914.246413,-100.0,-0.5873700719581131,0
-10.997987,73,2915.2811,-100.0,-0.5734961504908088,0
-11.288283,72,2916.303261,-100.0,-0.7854404099212607,0
-9.878343,53,2917.044974,-100.0,-0.3393168461716982,0
-11.020743,60,2917.899714,-100.0,-0.34127594499109803,0
-9.444341,52,2918.653732,-100.0,-0.622635576989962,0
-12.121169,70,2919.649632,-100.0,-0.7327485229747149,0
-11.843052,61,2920.534573,-100.0,-0.14246011477086218,0
-16.079154,65,2921.451038,-100.0,-0.5484746735412643,0
-74.126034,1600,3060.217585,-0.039710556368030725,-0.022626325254844766,0
-11.957266,97,3061.631915,-100.0,-0.6406747686460841,0
-9.267681,48,3062.319959,-100.0,-0.739729451370891,0
-9.231039,53,3063.082766,-100.0,-0.6815571977519902,0
-10.875086,78,3064.221651,-100.0,-0.7108316397398264,0
-11.117709,71,3065.237545,-100.0,-0.6898860346893148,0
-11.779972,67,3066.197559,-100.0,-0.6185080949327354,0
-12.726819,69,3183.514669,-100.0,-0.7006230525495268,0
-12.632981,54,3184.289034,-100.0,-0.2789404926612356,0
-11.558996,70,3185.285325,-100.0,-0.6984938105907493,0
-9.122511,57,3186.12728,-100.0,-0.687169918417213,0
-9.833334,45,3186.78002,-100.0,-0.3088339713891582,0
-9.068764,68,3187.79352,-100.0,-0.2248810295421004,0
-13.62135,65,3188.741324,-100.0,-0.3814315940870148,0
-9.405559,47,3189.424155,-100.0,-0.7503884952120046,0
-13.566949,120,3191.171091,-100.0,-0.7117396052755602,0
-8.455405,47,3191.864226,-100.0,-0.6062172098685641,0
-10.134021,61,3192.741699,-100.0,-0.3475489246372339,0
-9.945425,62,3193.643999,-100.0,-0.59171768220559,0
-13.78887,73,3194.710044,-100.0,-0.22157742478913905,0
-14.224046,85,3195.924186,-100.0,-0.3479487128254287,0
-8.336543,51,3196.66437,-100.0,-0.7097492749150516,0
-8.820751,55,3197.477633,-100.0,-0.7197513271478276,0
-12.95774,58,3198.331942,-100.0,-0.7081767431870752,0
-11.725982,53,3199.093819,-100.0,-0.3163614549247787,0
-12.295788,77,3200.229572,-100.0,-0.7535779355885788,0
-16.653851,56,3201.043837,-100.0,-0.6468885167894343,0
-13.758859,81,3202.242519,-100.0,-0.2183865066934054,0
-11.111348,51,3202.959699,-100.0,-0.608598476488751,0
-17.697405,103,3204.493876,-100.0,-0.24257259094539269,0
-8.65111,44,3205.144089,-100.0,-0.8375179963234421,0
-13.773292,70,3206.167059,-100.0,-0.2369400141225587,0
-13.983466,80,3207.318101,-100.0,-0.5137578221859108,0
-16.515872,133,3209.243406,-100.0,-0.3937947927793221,0
-9.74006,50,3210.001456,-100.0,-0.6694064983174932,0
-10.532791,54,3210.778667,-100.0,-0.7130763947570401,0
-9.218324,53,3211.575202,-100.0,-0.6455161408542756,0
-16.792069,110,3213.174611,-100.0,-0.6518199813676996,0
-10.151939,65,3331.420047,-100.0,-0.6907310206656953,0
-10.046887,57,3332.227791,-100.0,-0.6149113955322512,0
-9.845822,54,3333.025351,-100.0,-0.26195656994543154,0
-9.045955,48,3333.717456,-100.0,-0.6119517435907883,0
-13.338494,61,3334.628968,-100.0,-0.3854709400552521,0
-11.075759,61,3335.534068,-100.0,-0.7920071100394069,0
-18.329099,120,3337.269901,-100.0,-0.269635788565431,0
-9.104985,62,3338.196143,-100.0,-0.6364483237610865,0
-9.994017,60,3339.063339,-100.0,-0.6375544856648356,0
-10.943536,61,3339.96507,-100.0,-0.7451300883681962,0
-8.293973,47,3340.678432,-100.0,-0.2897428961614458,0
-8.937424,55,3341.466265,-100.0,-0.6492591688462039,0
-15.021755,85,3342.726066,-100.0,-0.3408296166511299,0
-8.997414,58,3343.562987,-100.0,-0.6779892643109375,0
-9.04737,41,3344.177102,-100.0,-0.6548841610217204,0
-9.622569,59,3345.041639,-100.0,-0.7893752814660345,0
-7.78444,45,3345.720582,-100.0,-0.7309114153384861,0
-9.53513,59,3346.590747,-100.0,-0.7586742034977169,0
-9.382252,58,3347.461363,-100.0,-0.7016557395864365,0
-16.210442,88,3348.749982,-100.0,-0.2886994382824123,0
-10.972775,61,3349.629998,-100.0,-0.6509167365883701,0
-16.246399,77,3350.756929,-100.0,-0.40724644446146296,0
-10.498928,63,3351.669728,-100.0,-0.17137705347250454,0
-7.921822,52,3352.427328,-100.0,-0.6674780926233403,0
-13.757826,60,3353.316799,-100.0,-0.2653049963931914,0
-9.421889,72,3354.358738,-100.0,-0.6990519485633344,0
-10.150595,70,3355.402243,-100.0,-0.24931460190554866,0
-12.027183,75,3356.49926,-100.0,-0.6739088245303917,0
-10.586429,70,3357.498216,-100.0,-0.5542581813303981,0
-10.097317,70,3358.516449,-100.0,-0.3183224963394415,0
-13.224116,70,3359.539347,-100.0,-0.38815298429001505,0
-9.456774,72,3360.580552,-100.0,-0.7909369815733482,0
-11.217855,80,3477.350008,-100.0,-0.7606330455323629,0
-8.528366,58,3478.194098,-100.0,-0.7015223465483672,0
-8.749847,55,3478.995669,-100.0,-0.6571826286557467,0
-12.026336,67,3479.964519,-100.0,-0.42622256844201833,0
-10.734577,84,3481.192248,-100.0,-0.8804986686186431,0
-11.940879,66,3482.153485,-100.0,-0.6328478429015032,0
-12.961277,122,3483.959661,-100.0,-0.7003263763314478,0
-12.608779,85,3485.196957,-100.0,-0.6289355215342558,0
-10.709934,92,3486.557729,-100.0,-0.6402750065858914,0
-10.60306,76,3487.666651,-100.0,-0.7166823018588625,0
-15.280003,87,3488.939009,-100.0,-0.7645696375693373,0
-9.129781,52,3489.712499,-100.0,-0.772614894671603,0
-10.684124,54,3490.502421,-100.0,-0.5736107336949521,0
-8.083183,40,3491.078021,-100.0,-0.6146489633794908,0
-8.709725,49,3491.820007,-100.0,-0.6184958555825516,0
-9.747895,50,3492.552135,-100.0,-0.6346498934513243,0
-8.006549,49,3493.296902,-100.0,-0.7027665506338765,0
-11.527446,78,3494.427434,-100.0,-0.7113890555142781,0
-9.562682,56,3495.247957,-100.0,-0.718481928426303,0
-10.769735,50,3495.987085,-100.0,-0.3446563609062992,0
-8.115605,48,3496.718576,-100.0,-0.8202926533658095,0
-9.522077,63,3497.638754,-100.0,-0.5921899386684243,0
-11.513244,91,3498.996953,-100.0,-0.3562532996946688,0
-10.931904,53,3499.782008,-100.0,-0.7943855474072693,0
-7.70022,48,3500.466719,-100.0,-0.7304232995727248,0
-11.22251,58,3501.333222,-100.0,-0.29388365880003997,0
-9.217212,54,3502.134432,-100.0,-0.6624517251540213,0
-12.951438,81,3503.344095,-100.0,-0.6141509326254699,0
-7.312778,55,3504.167437,-100.0,-0.8211987048036054,0
-12.820827,63,3505.087435,-100.0,-0.25522144243078004,0
-8.588889,49,3505.805325,-100.0,-0.6568202532519857,0
-12.855119,75,3625.980851,-100.0,-0.681628245594575,0
-8.656466,65,3626.950892,-100.0,-0.6923470342531599,0
-10.965483,85,3628.204117,-100.0,-0.6502830410923675,0
-9.900969,62,3629.129677,-100.0,-0.7215943592959608,0
-9.027655,57,3629.983281,-100.0,-0.7101460681874953,0
-8.268216,52,3630.754644,-100.0,-0.6639091027453147,0
-10.998191,58,3631.603683,-100.0,-0.17754911520579536,0
-10.111743,48,3632.328753,-100.0,-0.6569963425849369,0
-13.385685,109,3633.930646,-100.0,-0.6367450596131966,0
-9.629932,57,3634.784389,-100.0,-0.6898531171081967,0
-8.961312,44,3635.425099,-100.0,-0.6998669943211928,0
-8.61245,41,3636.060236,-100.0,-0.18211357605134892,0
-9.915395,79,3637.227062,-100.0,-0.8133067587365144,0
-8.125247,40,3637.830967,-100.0,-0.6533665316909008,0
-8.552564,49,3638.535851,-100.0,-0.6013759067764498,0
-8.687075,48,3639.248449,-100.0,-0.745037668552837,0
-7.524024,41,3639.865566,-100.0,-0.7522576322623862,0
-11.756002,81,3641.073322,-100.0,-0.29089635151425863,0
-7.317737,38,3641.649801,-100.0,-0.7191839042544608,0
-17.477706,103,3643.188953,-100.0,-0.31999486743707517,0
-7.633942,45,3643.849511,-100.0,-0.7669359761442927,0
-8.259016,48,3644.575436,-100.0,-0.6695920394154341,0
-14.71807,59,3645.460543,-100.0,-0.33462432647306184,0
-15.96441,89,3646.794089,-100.0,-0.27069354888738106,0
-8.125691,53,3647.577199,-100.0,-0.23415437752326101,0
-10.16647,64,3648.529616,-100.0,-0.231417687524622,0
-9.825693,61,3649.450952,-100.0,-0.6814791811901202,0
-9.314644,64,3650.391338,-100.0,-0.657338388431395,0
-8.033952,43,3651.048163,-100.0,-0.6675652168451924,0
-10.557702,71,3652.083878,-100.0,-0.267258034491595,0
-10.255321,65,3653.066391,-100.0,-0.7299290317191671,0
-8.486736,59,3653.935959,-100.0,-0.6831989042057741,0
-9.814283,76,3655.068626,-100.0,-0.734250998953038,0
-14.473369,97,3772.376545,-100.0,-0.6170836870182235,0
-9.904266,59,3773.280108,-100.0,-0.7515376485502622,0
-9.266386,58,3774.154663,-100.0,-0.8816973108898623,0
-10.378268,61,3775.073297,-100.0,-0.6997777784003003,0
-8.237742,45,3775.741218,-100.0,-0.7179652168591509,0
-8.400329,44,3776.41501,-100.0,-0.6339564802835302,0
-9.248005,69,3777.434419,-100.0,-0.7481408872000398,0
-7.221501,42,3778.065796,-100.0,-0.7004546625298337,0
-9.854056,61,3778.994209,-100.0,-0.6898142262490049,0
-9.162306,55,3779.822693,-100.0,-0.6182690991349152,0
-8.596157,45,3780.520574,-100.0,-0.6552614453219511,0
-9.550519,64,3781.474335,-100.0,-0.6516478481276083,0
-7.644674,47,3782.183008,-100.0,-0.6595588281780612,0
-9.746933,80,3783.376715,-100.0,-0.7702384584981986,0
-8.879114,55,3784.202727,-100.0,-0.6424059647052426,0
-7.984517,47,3784.906833,-100.0,-0.7605513313055878,0
-10.031163,68,3785.906004,-100.0,-0.6404981675120476,0
-7.411529,49,3786.656072,-100.0,-0.7583833933809567,0
-8.96413,47,3787.344402,-100.0,-0.6704170132748855,0
-8.169847,50,3788.099468,-100.0,-0.7249649168873451,0
-10.710673,53,3788.898713,-100.0,-0.6151959461086489,0
-8.665129,54,3789.700008,-100.0,-0.6775963499362367,0
-9.014053,58,3790.579025,-100.0,-0.73518651751208,0
-9.077648,58,3791.420148,-100.0,-0.6159721975732497,0
-10.398602,52,3792.218187,-100.0,-0.5840133451937186,0
-8.696028,55,3793.0298,-100.0,-0.8112726848592196,0
-8.369496,46,3793.72171,-100.0,-0.6583633056682487,0
-8.336304,45,3794.400522,-100.0,-0.5684137814132646,0
-9.898012,64,3795.333755,-100.0,-0.7531945325473989,0
-8.144428,48,3796.05794,-100.0,-0.6645570211468698,0
-8.834348,63,3796.999372,-100.0,-0.685019373055893,0
-12.578778,83,3798.223538,-100.0,-0.7699991368984899,0
-8.047256,51,3799.004364,-100.0,-0.6252665081412647,0
-7.191233,49,3799.714232,-100.0,-0.6700091698497842,0
-9.149559,56,3800.557765,-100.0,-0.7535596644940747,0
-8.11206,44,3801.19186,-100.0,-0.7498234666265947,0
-10.607315,75,3802.319091,-100.0,-0.7436623602767969,0
-6.743873,41,3922.7736,-100.0,-0.6768317167385194,0
-8.251838,56,3923.630924,-100.0,-0.6337924866320774,0
-7.773532,41,3924.252094,-100.0,-0.693216223344152,0
-8.924315,77,3925.416836,-100.0,-0.7112967638365705,0
-9.386785,80,3926.605482,-100.0,-0.7989786064970481,0
-8.423301,56,3927.437508,-100.0,-0.7187842569935362,0
-8.701851,57,3928.299822,-100.0,-0.7273506726730709,0
-7.238369,42,3928.938329,-100.0,-0.6431942269263022,0
-8.359808,51,3929.705892,-100.0,-0.6439913914821264,0
-8.000741,41,3930.321992,-100.0,-0.6349787845140951,0
-8.637087,52,3931.114306,-100.0,-0.5659446714615096,0
-7.363244,43,3931.759273,-100.0,-0.7566893134979272,0
-14.116373,81,3932.949952,-100.0,-0.5784585047524237,0
-12.296485,77,3934.09234,-100.0,-0.772658746781894,0
-7.35903,44,3934.746655,-100.0,-0.7367316970633356,0
-10.869438,62,3935.699867,-100.0,-0.19912030182133406,0
-7.581399,50,3936.454268,-100.0,-0.7442548815864888,0
-7.586746,44,3937.117663,-100.0,-0.670153773964454,0
-7.73224,43,3937.766293,-100.0,-0.6486182488417557,0
-9.128587,40,3938.348565,-100.0,-0.8114916930265277,0
-8.304946,53,3939.159963,-100.0,-0.6631947380856705,0
-9.138629,50,3939.924138,-100.0,-0.6190740982634957,0
-7.828218,48,3940.655838,-100.0,-0.7713230495989164,0
-9.092822,68,3941.679027,-100.0,-0.5923738322064764,0
-8.439555,46,3942.363686,-100.0,-0.6970385016666147,0
-9.335228,54,3943.174796,-100.0,-0.7316936856673497,0
-9.268315,49,3943.919787,-100.0,-0.7057296954963771,0
-8.197544,46,3944.604009,-100.0,-0.6612787849437581,0
-7.490205,44,3945.252265,-100.0,-0.687136667471554,0
-7.467078,47,3945.97768,-100.0,-0.721778103056092,0
-7.471601,45,3946.657638,-100.0,-0.7483953127113341,0
-9.583791,41,3947.261145,-100.0,-0.6117459069244113,0
-8.29589,44,3947.93409,-100.0,-0.6522005880979767,0
-8.138632,50,3948.690599,-100.0,-0.7240520855557913,0
-7.643161,45,3949.371763,-100.0,-0.8309856386371169,0
-9.72274,68,3950.422077,-100.0,-0.6788463414634734,0
-14.763659,89,3951.743095,-100.0,-0.3026280205967405,0
-7.674204,44,3952.389573,-100.0,-0.6568396430080586,0
-9.063892,67,4069.481047,-100.0,-0.6752012111279426,0
-7.986609,50,4070.245545,-100.0,-0.6977193184764885,0
-7.893857,50,4071.011654,-100.0,-0.6301648780402832,0
-8.915631,53,4071.80813,-100.0,-0.8472566864850304,0
-8.401142,49,4072.560176,-100.0,-0.6231980403453644,0
-9.019932,64,4073.526425,-100.0,-0.6316073393540486,0
-9.240785,63,4074.473676,-100.0,-0.5917325943189404,0
-8.131209,48,4075.210143,-100.0,-0.8129243396448862,0
-7.206774,39,4075.801441,-100.0,-0.6625820089582743,0
-7.716434,41,4076.41317,-100.0,-0.6748968239028836,0
-8.148977,54,4077.226268,-100.0,-0.6218799102632896,0
-9.338198,52,4078.007955,-100.0,-0.6454310811923968,0
-7.994533,52,4078.801579,-100.0,-0.7404497798984632,0
-7.504959,43,4079.43937,-100.0,-0.6976226204305452,0
-8.175177,49,4080.192962,-100.0,-0.6568777609733845,0
-9.807434,52,4080.974775,-100.0,-0.32534703715617747,0
-8.640702,55,4081.795517,-100.0,-0.7327034362647568,0
-7.745436,55,4082.626158,-100.0,-0.639118826938543,0
-7.845517,59,4083.512709,-100.0,-0.6931721720623739,0
-8.926829,55,4084.352265,-100.0,-0.6331053380062276,0
-8.066099,47,4085.059821,-100.0,-0.6271597698587397,0
-8.046821,45,4085.745103,-100.0,-0.6444588357691041,0
-8.616325,55,4086.574862,-100.0,-0.7428991240611446,0
-8.879726,61,4087.503605,-100.0,-0.6202153787877069,0
-9.379894,66,4088.486028,-100.0,-0.7296993491284991,0
-7.806325,45,4089.165008,-100.0,-0.6564320067708169,0
-7.692068,41,4089.77233,-100.0,-0.6055881082876072,0
-7.747058,42,4090.411381,-100.0,-0.6021868993604621,0
-8.913206,53,4091.234049,-100.0,-0.7420550206184273,0
-8.759119,50,4091.986422,-100.0,-0.697639633742007,0
-7.800911,45,4092.672292,-100.0,-0.7078063483487562,0
-8.057431,44,4093.33568,-100.0,-0.6496847167103722,0
-8.05586,45,4094.029874,-100.0,-0.6518331951936404,0
-9.072115,57,4094.877074,-100.0,-0.610300839658466,0
-7.871489,45,4095.575213,-100.0,-0.7026936172522851,0
-7.445678,43,4096.234255,-100.0,-0.6644053529638094,0
-8.205043,51,4096.979737,-100.0,-0.7347649381502812,0
-8.009648,51,4097.762027,-100.0,-0.7756788338822539,0
-9.678867,62,4098.684763,-100.0,-0.7077093197133951,0
-7.770468,39,4099.274292,-100.0,-0.7762263654895757,0
-7.815735,50,4100.034283,-100.0,-0.6926447715835712,0
-10.874408,82,4219.274105,-100.0,-0.3352480082586407,0
-7.372272,47,4219.988044,-100.0,-0.7765889086367244,0
-7.968983,51,4220.750096,-100.0,-0.660367293654457,0
-9.558803,61,4221.689449,-100.0,-0.7046858491938134,0
-7.518432,48,4222.427525,-100.0,-0.708569830789533,0
-7.65823,50,4223.194176,-100.0,-0.7612894102015042,0
-7.819641,53,4224.017358,-100.0,-0.7304266556542092,0
-8.593099,58,4224.908766,-100.0,-0.586466576006342,0
-7.612054,50,4225.657994,-100.0,-0.7760314861246889,0
-7.963439,51,4226.4299,-100.0,-0.6965028524547101,0
-6.500392,34,4226.962348,-100.0,-0.6469914372875641,0
-8.096831,53,4227.741871,-100.0,-0.601796760746674,0
-7.373193,39,4228.357375,-100.0,-0.673856422628129,0
-8.115145,46,4229.047924,-100.0,-0.6839609216548553,0
-10.18872,96,4230.497366,-100.0,-0.6704131813306633,0
-8.040681,46,4231.220387,-100.0,-0.7193052453796601,0
-7.774504,50,4231.998551,-100.0,-0.640022930565352,0
-9.097728,59,4232.883325,-100.0,-0.6557981292987045,0
-7.999363,47,4233.62731,-100.0,-0.6689167684479899,0
-8.503002,58,4234.502913,-100.0,-0.6862044566047366,0
-6.831488,37,4235.050505,-100.0,-0.6607975823398926,0
-8.254796,59,4235.943098,-100.0,-0.7110090156057511,0
-7.850507,49,4236.693342,-100.0,-0.6359681090902278,0
-8.060347,50,4237.45607,-100.0,-0.6341998255103409,0
-7.239466,49,4238.205426,-100.0,-0.7217669372374941,0
-7.298923,51,4238.995106,-100.0,-0.6123619337745795,0
-7.358459,49,4239.74751,-100.0,-0.6811402897701893,0
-7.218245,41,4240.392296,-100.0,-0.6422447137883296,0
-7.407968,51,4241.166313,-100.0,-0.8762632833923917,0
-7.016054,43,4241.827753,-100.0,-0.5970159618944753,0
-8.271367,54,4242.640037,-100.0,-0.6586401764484724,0
-7.57178,42,4243.29357,-100.0,-0.7546815113161635,0
-8.050168,55,4244.094092,-100.0,-0.6309200399488292,0
-8.729926,65,4245.107249,-100.0,-0.6540874470971549,0
-7.399955,38,4245.6996,-100.0,-0.6351010340947094,0
-7.481088,40,4246.301871,-100.0,-0.6674439408560517,0
-7.8095,49,4247.033627,-100.0,-0.6097845047737047,0
-7.720927,55,4247.86498,-100.0,-0.7530672595042228,0
-13.372969,109,4366.827637,-100.0,-0.6263147952344973,0
-8.065565,52,4367.631422,-100.0,-0.7492279521559304,0
-7.513421,50,4368.403374,-100.0,-0.7823595136630024,0
-7.282154,42,4369.07601,-100.0,-0.7325531500349154,0
-7.863068,45,4369.755884,-100.0,-0.6620929103559953,0
-7.480692,40,4370.375639,-100.0,-0.6553031819285493,0
-8.29795,48,4371.115289,-100.0,-0.6736289071038138,0
-7.829467,46,4371.818746,-100.0,-0.6681662771091412,0
-8.023729,44,4372.504917,-100.0,-0.682743144672037,0
-8.098251,51,4373.286913,-100.0,-0.6297311420284973,0
-7.096322,38,4373.880127,-100.0,-0.7027747473421911,0
-7.676683,42,4374.535823,-100.0,-0.7311883935110547,0
-7.70994,40,4375.141879,-100.0,-0.7078903706023548,0
-7.619236,47,4375.859904,-100.0,-0.6234795756653518,0
-7.439017,43,4376.517768,-100.0,-0.7007802854453646,0
-6.962469,41,4377.154372,-100.0,-0.7595781843738557,0
-9.250788,79,4378.368582,-100.0,-0.6334351767448094,0
-7.645556,40,4378.97355,-100.0,-0.690142597559893,0
-7.600286,43,4379.637762,-100.0,-0.718308127502076,0
-6.878729,46,4380.344914,-100.0,-0.7119966765059879,0
-9.059466,37,4380.908766,-100.0,-0.6678479854573829,0
-7.586925,42,4381.565652,-100.0,-0.7494953769036172,0
-7.895023,52,4382.355242,-100.0,-0.6512434211735065,0
-6.743173,35,4382.918417,-100.0,-0.6957265291871206,0
-7.735425,48,4383.642241,-100.0,-0.7239412026625272,0
-10.033875,61,4384.586287,-100.0,-0.6322716484397356,0
-7.51189,48,4385.333421,-100.0,-0.6973731295255552,0
-7.114223,43,4385.989592,-100.0,-0.7189311327917168,0
-7.945907,54,4386.813655,-100.0,-0.7642675034675885,0
-7.674684,46,4387.527607,-100.0,-0.6503212990436398,0
-7.75711,44,4388.22089,-100.0,-0.6988779381446177,0
-7.635841,43,4388.891555,-100.0,-0.6252405956915909,0
-7.692879,42,4389.526506,-100.0,-0.6611059200500193,0
-7.707635,47,4390.239076,-100.0,-0.6484897942176254,0
-7.624852,44,4390.918214,-100.0,-0.7012477175100758,0
-7.845719,43,4391.581269,-100.0,-0.7462734440241611,0
-7.938916,44,4392.251181,-100.0,-0.7236925820145746,0
-7.37749,52,4393.052689,-100.0,-0.6534901464290337,0
-7.179513,43,4393.714576,-100.0,-0.7059901676040309,0
-7.325387,41,4394.364749,-100.0,-0.712068964065434,0
-7.655182,49,4395.104473,-100.0,-0.8888422227997863,0
-6.684746,47,4395.828895,-100.0,-0.7457520197982548,0
-8.80293,57,4396.69923,-100.0,-0.7253304969889343,0
-7.750066,45,4397.394,-100.0,-0.675961491177793,0
-7.565047,50,4398.1673,-100.0,-0.9003467737204364,0
-7.499544,44,4519.911074,-100.0,-0.7592112175176724,0
-7.9625,50,4520.689847,-100.0,-0.6316546010341642,0
-7.186714,37,4521.266653,-100.0,-0.6286348254919694,0
-7.562632,50,4522.042582,-100.0,-0.8985400458633566,0
-7.573397,47,4522.790058,-100.0,-0.6641413590251047,0
-7.540286,41,4523.426955,-100.0,-0.8237969801692171,0
-7.25196,39,4524.048652,-100.0,-0.6368059618272749,0
-7.980414,54,4524.880999,-100.0,-0.6953732251342851,0
-6.958576,42,4525.539855,-100.0,-0.6294056045088433,0
-7.313682,40,4526.172112,-100.0,-0.6751884743379071,0
-7.6058,54,4527.001594,-100.0,-0.690557755166064,0
-6.63236,43,4527.675731,-100.0,-0.6281676703947725,0
-6.220942,39,4528.28796,-100.0,-0.8135242769436898,0
-7.243962,50,4529.055486,-100.0,-0.7283238464023932,0
-6.774117,47,4529.769512,-100.0,-0.7191239892943273,0
-10.461709,90,4531.172247,-100.0,-0.3365469860862562,0
-9.651804,68,4532.213429,-100.0,-0.6801422783527977,0
-6.609044,38,4532.806625,-100.0,-0.7110171169155004,0
-8.007458,61,4533.75457,-100.0,-0.6706702216062183,0
-7.049956,43,4534.423304,-100.0,-0.6640108423647609,0
-6.52945,43,4535.093591,-100.0,-0.7266697619928127,0
-7.552984,37,4535.675337,-100.0,-0.6370849989689833,0
-8.009483,44,4536.337054,-100.0,-0.638782493260355,0
-7.890452,56,4537.224666,-100.0,-0.6983087616330124,0
-7.126216,44,4537.896713,-100.0,-0.6949118044114798,0
-7.018188,38,4538.490683,-100.0,-0.6831645763648532,0
-7.803366,49,4539.256076,-100.0,-0.7591772057488685,0
-7.488721,38,4539.840271,-100.0,-0.5966656080053748,0
-6.670998,47,4540.56565,-100.0,-0.6805532239953103,0
-7.442233,45,4541.275889,-100.0,-0.721681838171234,0
-7.14831,42,4541.931682,-100.0,-0.7237159719851317,0
-7.498163,44,4542.605322,-100.0,-0.7105124141858682,0
-7.99779,63,4543.583811,-100.0,-0.6042278966919675,0
-6.979973,42,4544.244821,-100.0,-0.6562633895006248,0
-6.765813,47,4544.982944,-100.0,-0.6688466616373614,0
-7.088598,42,4545.640756,-100.0,-0.6958959109877834,0
-8.276095,57,4546.5087,-100.0,-0.718785124731629,0
-8.687844,62,4547.489044,-100.0,-0.5661862278201896,0
-6.739717,46,4548.219476,-100.0,-0.8470260847443158,0
-6.981926,37,4548.790369,-100.0,-0.6822800618296785,0
-7.550061,43,4549.448455,-100.0,-0.5812769173256097,0
-8.156092,54,4550.273344,-100.0,-0.6320292039706865,0
-9.297379,81,4669.122237,-100.0,-0.7274868616513058,0
-6.967716,44,4669.813338,-100.0,-0.768042964345973,0
-7.259664,45,4670.515127,-100.0,-0.7004637684178177,0
-7.504863,45,4671.21375,-100.0,-0.6366821695972236,0
-7.896835,46,4671.940542,-100.0,-0.8132570548202249,0
-7.511505,46,4672.647811,-100.0,-0.6608713983620067,0
-6.805833,41,4673.295697,-100.0,-0.7769906140911701,0
-6.702818,39,4673.908353,-100.0,-0.7486381775013531,0
-6.727309,41,4674.54403,-100.0,-0.5967264605359555,0
-7.331348,43,4675.203313,-100.0,-0.630407453043453,0
-7.353158,41,4675.841572,-100.0,-0.702527952114488,0
-7.370315,44,4676.513104,-100.0,-0.6918221505980718,0
-6.498985,40,4677.162407,-100.0,-0.700526976240867,0
-7.983071,56,4678.020743,-100.0,-0.6302755587789781,0
-8.398459,68,4679.092463,-100.0,-0.6868698197380172,0
-7.068087,40,4679.712147,-100.0,-0.759645279123713,0
-7.769024,47,4680.43798,-100.0,-0.6696526428992409,0
-6.861055,38,4681.042632,-100.0,-0.7013712390782548,0
-7.036631,43,4681.707004,-100.0,-0.7257639580008658,0
-7.434922,44,4682.404731,-100.0,-0.6084884908555209,0
-7.230763,46,4683.116698,-100.0,-0.6954569344452112,0
-7.316671,43,4683.77673,-100.0,-0.7150063804588536,0
-10.075983,81,4685.035849,-100.0,-0.6897229324093339,0
-6.77475,40,4685.659682,-100.0,-0.655730803732381,0
-6.725797,40,4686.281708,-100.0,-0.663550590593391,0
-6.993335,41,4686.907778,-100.0,-0.6964680915967282,0
-6.905152,37,4687.466721,-100.0,-0.8547405169389648,0
-7.192513,36,4688.013533,-100.0,-0.611644212209044,0
-7.016651,39,4688.625992,-100.0,-0.6979546837462822,0
-7.623949,43,4689.294831,-100.0,-0.6493024429671116,0
-8.385348,40,4689.912965,-100.0,-0.6572890160775704,0
-7.000343,47,4690.649108,-100.0,-0.7379390346614436,0
-7.016543,45,4691.351987,-100.0,-0.7865417810922474,0
-7.363013,47,4692.09573,-100.0,-0.6478128846014376,0
-6.86742,40,4692.723296,-100.0,-0.6691379742729556,0
-7.837358,44,4693.401372,-100.0,-0.6789600914067901,0
-6.541189,45,4694.106748,-100.0,-0.6712340849736236,0
-7.632108,43,4694.785607,-100.0,-0.644443620039762,0
-7.472652,43,4695.447342,-100.0,-0.6271059488152047,0
-7.048646,46,4696.170902,-100.0,-0.695435705319274,0
-7.219418,41,4696.798354,-100.0,-0.6676886093953615,0
-8.000991,51,4697.582983,-100.0,-0.6470886359523107,0
-7.45347,52,4698.402006,-100.0,-0.7107338031574281,0
-6.497462,37,4698.975849,-100.0,-0.6829932900955805,0
-7.134176,47,4699.710341,-100.0,-0.6812889848005591,0
-6.666106,42,4700.37555,-100.0,-0.7806197348110138,0
-6.851497,48,4826.365266,-100.0,-0.615153187613832,0
-7.595911,48,4827.101394,-100.0,-0.6991019044510198,0
-6.483429,41,4827.753595,-100.0,-0.6707727972150931,0
-6.529176,38,4828.366605,-100.0,-0.7784358206260049,0
-6.833369,46,4829.088147,-100.0,-0.668120034795513,0
-7.3546,48,4829.830054,-100.0,-0.7510323988516884,0
-7.012346,43,4830.497024,-100.0,-0.6133257851086932,0
-7.29908,40,4831.11906,-100.0,-0.6495589051355886,0
-7.004447,39,4831.742265,-100.0,-0.8105303750479292,0
-6.904092,45,4832.426322,-100.0,-0.6842930768468113,0
-7.108696,40,4833.06214,-100.0,-0.7153337036396884,0
-7.662173,52,4833.889866,-100.0,-0.6957185382325963,0
-6.411545,39,4834.482434,-100.0,-0.7154623515329884,0
-6.953283,41,4835.124172,-100.0,-0.678369987082956,0
-7.588269,41,4835.768491,-100.0,-0.6398555061817235,0
-6.873026,47,4836.524987,-100.0,-0.7224589646680462,0
-7.56336,40,4837.144449,-100.0,-0.6481548467097559,0
-6.744546,39,4837.762755,-100.0,-0.6161508424426768,0
-6.944664,44,4838.456075,-100.0,-0.7231326633873748,0
-7.302859,38,4839.041063,-100.0,-0.7429072602131999,0
-6.757452,47,4839.78486,-100.0,-0.7662209619500118,0
-7.24843,43,4840.460548,-100.0,-0.6199220043649966,0
-7.829546,51,4841.253773,-100.0,-0.67011591650566,0
-7.776897,54,4842.09203,-100.0,-0.6964538052665538,0
-7.042954,39,4842.698107,-100.0,-0.6047989742353967,0
-6.796637,39,4843.324347,-100.0,-0.6578751656816025,0
-7.62,50,4844.093243,-100.0,-0.6642917774460745,0
-6.760871,40,4844.723058,-100.0,-0.7304936536166216,0
-7.275601,52,4845.522419,-100.0,-0.6805294768843898,0
-7.095926,42,4846.196248,-100.0,-0.6486846295488149,0
-7.032034,40,4846.827717,-100.0,-0.6158326769055248,0
-6.970877,49,4847.580986,-100.0,-0.7573962306598829,0
-6.490703,43,4848.251019,-100.0,-0.7290320359432666,0
-6.470286,40,4848.873424,-100.0,-0.7544690434065683,0
-8.625549,73,4850.00307,-100.0,-0.7093245270539382,0
-6.574118,41,4850.647694,-100.0,-0.7153525420217919,0
-6.988852,42,4851.320986,-100.0,-0.7052225614729642,0
-6.812536,40,4851.951287,-100.0,-0.7559968205013885,0
-6.880838,41,4852.585696,-100.0,-0.7872738699215442,0
-6.228302,40,4853.208091,-100.0,-0.7152955977781605,0
-6.83574,43,4853.881732,-100.0,-0.7256042621946923,0
-6.862091,42,4854.746443,-100.0,-0.6909856517540983,0
-8.239956,41,4855.385185,-100.0,-0.6391036367788784,0
-7.521093,41,4856.012471,-100.0,-0.6372676660034114,0
-6.45453,37,4856.606105,-100.0,-0.7489488865043086,0
-7.400006,46,4857.335187,-100.0,-0.6809026784326329,0
-7.441781,39,4857.912624,-100.0,-0.6791938491170951,0
-7.253697,52,4977.932302,-100.0,-0.8240454178815294,0
-7.236294,40,4978.552115,-100.0,-0.6289121908429082,0
-6.820725,39,4979.176887,-100.0,-0.6751083812320762,0
-7.128511,42,4979.845754,-100.0,-0.6768177945564261,0
-6.668654,39,4980.46378,-100.0,-0.7116601494408148,0
-6.855737,43,4981.141114,-100.0,-0.71265887480309,0
-6.768874,42,4981.81312,-100.0,-0.6897813276373664,0
-6.301693,40,4982.437625,-100.0,-0.7379004223314628,0
-6.796003,38,4983.025092,-100.0,-0.6413895230285698,0
-7.539772,58,4983.952141,-100.0,-0.6678386882206425,0
-7.304929,45,4984.663499,-100.0,-0.6587249484745172,0
-8.48999,56,4985.532299,-100.0,-0.6266239303518751,0
-7.572107,56,4986.410931,-100.0,-0.6216060949748451,0
-7.38368,44,4987.096458,-100.0,-0.7039233022704323,0
-7.542458,47,4987.849905,-100.0,-0.6680993726312052,0
-5.820114,37,4988.42607,-100.0,-0.8601487791788671,0
-7.104011,36,4988.995608,-100.0,-0.6883691532280481,0
-7.745866,47,4989.747528,-100.0,-0.6410305624331851,0
-6.920399,45,4990.436268,-100.0,-0.6613853953118373,0
-6.735482,45,4991.143063,-100.0,-0.7654410279662905,0
-7.097087,48,4991.912096,-100.0,-0.6251768554555809,0
-6.924618,52,4992.736988,-100.0,-0.747541731947249,0
-6.583456,41,4993.380176,-100.0,-0.7858281164339701,0
-6.399917,42,4994.045228,-100.0,-0.7500135085826166,0
-6.455712,37,4994.63419,-100.0,-0.6686153932853172,0
-6.73465,39,4995.256372,-100.0,-0.866381744604232,0
-7.229953,58,4996.138654,-100.0,-0.6482750051310776,0
-6.469631,40,4996.765054,-100.0,-0.7394644484538793,0
-6.59428,37,4997.368643,-100.0,-0.7782950969921236,0
-7.281086,47,4998.101962,-100.0,-0.6333628588476676,0
-7.687287,57,4999.006197,-100.0,-0.656935154746068,0
-7.17571,43,4999.676183,-100.0,-0.6319101041078822,0
-6.829477,40,5000.312543,-100.0,-0.7394369112599485,0
-6.335455,39,5000.913577,-100.0,-0.7253920582685339,0
-6.802252,41,5001.570791,-100.0,-0.6748224114754792,0
-7.591566,53,5002.393457,-100.0,-0.6953264893250912,0
-6.828321,42,5003.059509,-100.0,-0.9317518473112535,0
-7.340803,51,5003.865231,-100.0,-0.7301991658194483,0
-6.949629,48,5004.627831,-100.0,-0.7183518520017672,0
-7.390788,43,5005.304458,-100.0,-0.6512409846966735,0
-7.282034,39,5005.918536,-100.0,-0.6553572494687334,0
-9.287348,40,5006.551196,-100.0,-0.6921354062557318,0
-7.478878,52,5007.358143,-100.0,-0.8047974534142271,0
-6.736755,39,5007.973592,-100.0,-0.6528265741987932,0
-7.048275,43,5008.650863,-100.0,-0.5990993200479692,0
-7.510448,45,5009.361752,-100.0,-0.6576061699326315,0
-7.135847,46,5113.987652,-100.0,-0.7267927090724091,0
-6.585378,39,5114.609731,-100.0,-0.6155734739184959,0
-6.676386,41,5115.268767,-100.0,-0.6716492645810627,0
-7.480159,44,5115.970317,-100.0,-0.7580738435708759,0
-7.362226,45,5116.694487,-100.0,-0.6087579209801783,0
-7.048449,46,5117.428137,-100.0,-0.6451594426880485,0
-6.739465,45,5118.138082,-100.0,-0.6431851237001198,0
-7.140176,46,5118.859479,-100.0,-0.6777497801013819,0
-7.451088,54,5119.700166,-100.0,-0.5961881589288699,0
-6.828008,42,5120.372388,-100.0,-0.7522197362350065,0
-6.594113,39,5120.999214,-100.0,-0.6632118264870149,0
-6.346872,37,5121.604121,-100.0,-0.7045234482726735,0
-6.519447,41,5122.223548,-100.0,-0.7736499673324643,0
-7.432258,57,5123.133238,-100.0,-0.7222004372401856,0
-6.893703,42,5123.788712,-100.0,-0.7434417786765932,0
-6.98635,55,5124.687692,-100.0,-0.6897690390596752,0
-7.020762,50,5125.480695,-100.0,-0.8259173348564067,0
-6.606433,47,5126.208612,-100.0,-0.7542336004767528,0
-7.11956,43,5126.892167,-100.0,-0.6128761178059341,0
-8.616178,61,5127.861439,-100.0,-0.7609478340570409,0
-6.357517,38,5128.45713,-100.0,-0.6740777860189535,0
-6.637738,45,5129.17475,-100.0,-0.8874258252654821,0
-7.453142,43,5129.851928,-100.0,-0.589554448647303,0
-6.86946,40,5130.491834,-100.0,-0.6908138013056662,0
-6.998718,40,5131.123099,-100.0,-0.8256986457339277,0
-7.640503,44,5131.821948,-100.0,-0.6109270920289573,0
-7.128737,40,5132.474494,-100.0,-0.7071791274274486,0
-6.969575,42,5133.123921,-100.0,-0.6274227760582824,0
-6.909077,53,5133.958956,-100.0,-0.693078098927464,0
-6.547598,38,5134.582444,-100.0,-0.6626525248791066,0
-6.892668,44,5135.271642,-100.0,-0.7707130658212027,0
-7.522753,46,5135.99363,-100.0,-0.667947331419854,0
-6.741533,41,5136.642193,-100.0,-0.7392019343258016,0
-6.813076,44,5137.356594,-100.0,-0.7232014073585356,0
-6.722974,44,5138.057861,-100.0,-0.7321323773080916,0
-7.518926,46,5138.785695,-100.0,-0.7243163370389156,0
-7.430277,48,5139.547699,-100.0,-0.6159814614476585,0
-6.502483,44,5140.235833,-100.0,-0.7223513677549888,0
-6.93717,39,5140.861922,-100.0,-0.6717127768122477,0
-7.231418,35,5141.402775,-100.0,-0.6679531473412892,0
-6.74817,38,5141.994569,-100.0,-0.694923174964531,0
-7.170732,43,5142.685738,-100.0,-0.6277759923621248,0
-7.295156,44,5143.398993,-100.0,-0.6333386533211679,0
-6.867682,42,5144.060015,-100.0,-0.6674107134703261,0
-7.1484,40,5144.705628,-100.0,-0.6111176851961506,0
-7.005361,43,5145.392212,-100.0,-0.6628273021607027,0
-7.399303,55,5268.173763,-100.0,-0.6909011913227119,0
-6.534087,40,5268.814013,-100.0,-0.6333427902660007,0
-7.160923,43,5269.493129,-100.0,-0.6772983840073943,0
-6.645493,38,5270.093421,-100.0,-0.6717316011042008,0
-6.891694,46,5270.821819,-100.0,-0.7116150843006028,0
-6.238008,35,5271.375777,-100.0,-0.7540001401715891,0
-6.972659,47,5272.137763,-100.0,-0.6931484266961155,0
-8.239065,40,5272.758265,-100.0,-0.6738260799287537,0
-6.258389,36,5273.341801,-100.0,-0.721314885208782,0
-6.238131,42,5273.991636,-100.0,-0.757936279354676,0
-7.431583,44,5274.688322,-100.0,-0.6740285807885102,0
-6.66893,43,5275.375719,-100.0,-0.661393666002039,0
-8.006951,67,5276.429607,-100.0,-0.6552505932780202,0
-6.745868,42,5277.083701,-100.0,-0.6546951852337898,0
-7.374002,44,5277.789607,-100.0,-0.6608035414899482,0
-6.938178,40,5278.407005,-100.0,-0.6284928915165178,0
-6.710604,38,5279.003122,-100.0,-0.6029912012339724,0
-6.953736,44,5279.718131,-100.0,-0.628376955850806,0
-6.628411,42,5280.384669,-100.0,-0.7161564641273958,0
-7.101636,43,5281.067094,-100.0,-0.6866488308889928,0
-6.829991,44,5281.751682,-100.0,-0.6987592092284091,0
-7.119944,45,5282.48861,-100.0,-0.6143613620481989,0
-7.136805,42,5283.149514,-100.0,-0.6098040125326029,0
-7.56358,42,5283.804854,-100.0,-0.6565721079112703,0
-6.258381,39,5284.441736,-100.0,-0.746077683372647,0
-6.476554,49,5285.199951,-100.0,-0.749153297690062,0
-6.318688,33,5285.745435,-100.0,-0.710103382725962,0
-6.890775,39,5286.371791,-100.0,-0.6922003256335723,0
-6.416711,38,5286.952557,-100.0,-0.8681697886733111,0
-6.877174,42,5287.62206,-100.0,-0.6778259227487907,0
-6.792144,38,5288.226699,-100.0,-0.6325551322294762,0
-6.545128,40,5288.848651,-100.0,-0.6878378680569422,0
-9.001255,41,5289.494651,-100.0,-0.7118883834521317,0
-7.159787,43,5290.19084,-100.0,-0.6453546638506086,0
-7.615045,43,5290.86289,-100.0,-0.6741422400791155,0
-6.543597,46,5291.606768,-100.0,-0.8038627325348213,0
-6.9545,40,5292.229564,-100.0,-0.592428927327935,0
-7.031499,43,5292.912856,-100.0,-0.6447050839737929,0
-6.600908,36,5293.468141,-100.0,-0.6200150659255244,0
-7.324403,43,5294.156647,-100.0,-0.6724403974500895,0
-6.345762,40,5294.80442,-100.0,-0.7784115242060947,0
-6.700487,41,5295.444427,-100.0,-0.7121323735997178,0
-6.264092,40,5296.07293,-100.0,-0.7231214663166742,0
-6.207373,40,5296.715793,-100.0,-0.7388642907357387,0
-7.012469,40,5297.351948,-100.0,-0.6381273202892992,0
-6.096661,37,5297.923,-100.0,-0.675577184187259,0
-6.688856,40,5298.565847,-100.0,-0.6468781230506481,0
-6.572446,44,5299.263074,-100.0,-0.7247128845870053,0
-6.076035,43,5299.950283,-100.0,-0.8139193641868222,0
-6.861982,44,5409.831159,-100.0,-0.6238747811540578,0
-6.82397,42,5410.495947,-100.0,-0.6748918255711014,0
-6.741186,37,5411.073761,-100.0,-0.692427289167906,0
-7.023048,37,5411.663539,-100.0,-0.5552723500639525,0
-7.205782,47,5412.41475,-100.0,-0.582621475930111,0
-7.193766,43,5413.105151,-100.0,-0.6505627647894294,0
-6.516741,39,5413.729407,-100.0,-0.7589405345881545,0
-6.8384,48,5414.490756,-100.0,-0.6675162210751564,0
-7.21304,39,5415.102129,-100.0,-0.6830822738441418,0
-6.533924,37,5415.693349,-100.0,-0.7984224660515689,0
-7.191534,45,5416.416068,-100.0,-0.7009470894825229,0
-6.81787,42,5417.070494,-100.0,-0.6198230632041513,0
-7.024049,41,5417.932996,-100.0,-0.634892006707157,0
-6.279238,40,5418.576222,-100.0,-0.7828927914294779,0
-7.015849,48,5419.342644,-100.0,-0.7806299075417381,0
-6.401601,35,5419.908842,-100.0,-0.7012377571586941,0
-6.533023,42,5420.569143,-100.0,-0.7839105928611766,0
-7.497929,40,5421.20809,-100.0,-0.6157606266874673,0
-6.528524,44,5421.917826,-100.0,-0.691011919344919,0
-7.104546,43,5422.590051,-100.0,-0.6868989570279183,0
-6.523658,44,5423.292604,-100.0,-0.754405146255219,0
-6.410489,39,5423.924815,-100.0,-0.6365068725847083,0
-6.076622,36,5424.49487,-100.0,-0.8198735939060293,0
-6.334881,42,5425.163765,-100.0,-0.8310605854436637,0
-6.17335,36,5425.733843,-100.0,-0.7666651667096746,0
-6.804506,44,5426.452313,-100.0,-0.6155422198060195,0
-6.141123,40,5427.071283,-100.0,-0.7499633404477715,0
-6.456467,42,5427.734764,-100.0,-0.7144860633536606,0
-6.701871,39,5428.362205,-100.0,-0.5895453759179479,0
-6.58445,39,5428.972546,-100.0,-0.7456307245096209,0
-6.831053,37,5429.576437,-100.0,-0.6545762979469946,0
-6.710698,44,5430.273997,-100.0,-0.7645950557376742,0
-7.219863,45,5430.986016,-100.0,-0.6376380124518362,0
-6.504238,43,5431.667383,-100.0,-0.7138205831355037,0
-7.068625,43,5432.349,-100.0,-0.6399379330369889,0
-6.705374,39,5432.971357,-100.0,-0.6508669299493199,0
-6.336301,40,5433.597757,-100.0,-0.767348999435535,0
-6.868529,42,5434.268011,-100.0,-0.7137970288154842,0
-6.424359,42,5434.951128,-100.0,-0.8281913140520218,0
-7.06167,49,5435.737851,-100.0,-0.6854962693336254,0
-6.865436,41,5436.390311,-100.0,-0.6309185503166177,0
-6.445111,35,5436.928143,-100.0,-0.6062790197975421,0
-6.980068,53,5437.785422,-100.0,-0.6914355363049972,0
-6.960264,47,5438.527145,-100.0,-0.6230780894866152,0
-7.00608,39,5439.131119,-100.0,-0.6762591949127947,0
-6.906151,46,5439.863773,-100.0,-0.637685489241701,0
-6.39146,44,5440.575614,-100.0,-0.7477771460633638,0
-7.112384,38,5441.17572,-100.0,-0.8288448730635319,0
-6.444498,39,5441.782386,-100.0,-0.8379646138863553,0
-6.916015,43,5543.947198,-100.0,-0.7835242290361886,0
-7.213707,44,5544.650784,-100.0,-0.6411245461670608,0
-6.530198,38,5545.277321,-100.0,-0.5820535040005353,0
-6.59425,46,5545.9938,-100.0,-0.7195982366366491,0
-6.117255,39,5546.627509,-100.0,-0.7648148216449372,0
-6.901367,47,5547.379133,-100.0,-0.6611283607546588,0
-7.30005,39,5548.007516,-100.0,-0.6296705389243994,0
-6.630562,40,5548.653297,-100.0,-0.811782765195856,0
-5.951751,35,5549.224545,-100.0,-0.7430631155074082,0
-6.63766,39,5549.828148,-100.0,-0.6819364208918389,0
-6.574049,40,5550.476364,-100.0,-0.7597073728814003,0
-6.323789,42,5551.13838,-100.0,-0.6908064085574197,0
-6.354986,41,5551.813667,-100.0,-0.7384503600887639,0
-6.065865,43,5552.490187,-100.0,-0.8034906087073521,0
-6.484321,44,5553.182456,-100.0,-0.6797888723075018,0
-6.67257,38,5553.801023,-100.0,-0.7006029614709415,0
-6.036115,37,5554.37585,-100.0,-0.6903616090546206,0
-6.032814,43,5555.05611,-100.0,-0.8076181100252692,0
-6.319637,42,5555.72795,-100.0,-0.7849062630301172,0
-6.318975,46,5556.483526,-100.0,-0.679590917608521,0
-6.588552,42,5557.167972,-100.0,-0.7287345816322834,0
-6.854882,44,5557.869747,-100.0,-0.6650229651342393,0
-6.677404,41,5558.524985,-100.0,-0.7621363296331328,0
-6.928464,49,5559.31677,-100.0,-0.6641676677589756,0
-6.328752,41,5559.985046,-100.0,-0.7490625717036662,0
-6.748748,43,5560.672495,-100.0,-0.7128472267990439,0
-7.012043,38,5561.270581,-100.0,-0.6894992612381233,0
-6.76802,44,5561.972347,-100.0,-0.6425431449727382,0
-6.919268,38,5562.586961,-100.0,-0.5986897356211845,0
-6.445176,42,5563.24241,-100.0,-0.7253227382850324,0
-6.752521,39,5563.877545,-100.0,-0.6703316783734357,0
-6.505024,41,5564.519278,-100.0,-0.6200907446855537,0
-6.522365,43,5565.204999,-100.0,-0.7037792047302492,0
-6.902558,45,5565.939964,-100.0,-0.6239960931879762,0
-6.556543,50,5566.723478,-100.0,-0.6959018659342652,0
-6.700611,43,5567.409015,-100.0,-0.6987132935199509,0
-6.888358,43,5568.093101,-100.0,-0.7500159591789931,0
-6.959378,34,5568.650304,-100.0,-0.6732928496155896,0
-6.790222,45,5569.366655,-100.0,-0.79645948013236,0
-6.598292,42,5570.0255,-100.0,-0.6846474287573149,0
-6.380656,41,5570.696388,-100.0,-0.7068165461481026,0
-7.654534,43,5571.385106,-100.0,-0.625996535038667,0
-6.662527,34,5571.925521,-100.0,-0.7133650417666029,0
-6.972854,41,5572.594961,-100.0,-0.695589051250708,0
-6.985672,45,5573.304266,-100.0,-0.6244918097989274,0
-6.750877,49,5574.103105,-100.0,-0.8369781466741973,0
-7.187361,52,5574.908009,-100.0,-0.6041488460177701,0
-6.992581,41,5575.566887,-100.0,-0.6993463995192691,0
-6.750666,47,5576.325053,-100.0,-0.6340447974912966,0
-6.111779,34,5692.333119,-100.0,-0.6498818483485789,0
-6.395447,39,5692.939918,-100.0,-0.6997129966373355,0
-6.385443,35,5693.512569,-100.0,-0.6483604963132592,0
-6.662367,47,5694.266322,-100.0,-0.6823455655705011,0
-6.321431,40,5694.919415,-100.0,-0.6743876095835163,0
-6.545591,40,5695.562667,-100.0,-0.6266279096505001,0
-6.514402,39,5696.178095,-100.0,-0.7111780009131893,0
-7.198251,48,5696.965341,-100.0,-0.6670079413766411,0
-7.117644,45,5697.684021,-100.0,-0.6532429509535749,0
-6.23765,40,5698.332085,-100.0,-0.5960400735935287,0
-5.713061,38,5698.93777,-100.0,-0.7549670108860502,0
-6.135555,41,5699.598302,-100.0,-0.7177224354401713,0
-6.188496,37,5700.200128,-100.0,-0.7678776481780131,0
-6.873614,42,5700.858966,-100.0,-0.6636121506635578,0
-6.608771,39,5701.490487,-100.0,-0.6461031973032658,0
-6.570168,45,5702.205314,-100.0,-0.7547817863330536,0
-7.267293,52,5703.065774,-100.0,-0.7164403373118776,0
-6.795045,42,5703.735987,-100.0,-0.6341046172468017,0
-6.758231,42,5704.417757,-100.0,-0.7045548675387581,0
-7.562094,44,5705.120657,-100.0,-0.624103394585002,0
-6.54405,44,5705.825655,-100.0,-0.681634986429568,0
-7.035028,47,5706.567111,-100.0,-0.6878720618941404,0
-6.200034,41,5707.246452,-100.0,-0.6809511151548767,0
-6.80751,43,5707.948331,-100.0,-0.68194945218473,0
-6.465137,40,5708.585279,-100.0,-0.7373663643841672,0
-6.89112,37,5709.193671,-100.0,-0.6394670886238341,0
-6.220902,41,5709.842895,-100.0,-0.7429985434812528,0
-6.86664,42,5710.517977,-100.0,-0.660746964686951,0
-6.677179,47,5711.279009,-100.0,-0.8818254769991755,0
-5.885273,38,5711.892493,-100.0,-0.7630736340013563,0
-5.932,34,5712.432395,-100.0,-0.7258048729775504,0
-6.769709,39,5713.051515,-100.0,-0.6997807279833806,0
-7.350227,47,5713.801659,-100.0,-0.6439661237546284,0
-6.261498,39,5714.430532,-100.0,-0.6475566452916819,0
-6.408364,39,5715.062844,-100.0,-0.735101779915393,0
-6.122855,36,5715.654434,-100.0,-0.7705081437765995,0
-6.290514,38,5716.249532,-100.0,-0.7257839368228186,0
-6.359824,43,5716.941553,-100.0,-0.7210052417349629,0
-5.886118,42,5717.635142,-100.0,-0.7535710621394294,0
-6.184659,45,5718.342604,-100.0,-0.7253046699068639,0
-7.035395,45,5719.059262,-100.0,-0.7544492250115944,0
-6.748283,45,5719.784377,-100.0,-0.763160289261206,0
-6.52969,40,5720.441888,-100.0,-0.7014789432835077,0
-6.256206,44,5721.151577,-100.0,-0.696024680452105,0
-6.624201,35,5721.711709,-100.0,-0.5911455295383311,0
-6.909622,46,5722.46055,-100.0,-0.6079531150857278,0
-7.318308,41,5723.108986,-100.0,-0.6033859632016048,0
-5.835411,37,5723.683028,-100.0,-0.7412418237954055,0
-6.151035,39,5724.324773,-100.0,-0.7017400220412161,0
-7.170618,37,5724.924649,-100.0,-0.6467028656728704,0
-5.958284,45,5841.181223,-100.0,-0.7638159190241393,0
-6.677826,51,5842.006824,-100.0,-0.6324000521369005,0
-6.277574,46,5842.745518,-100.0,-0.7639023682141851,0
-6.470825,40,5843.392253,-100.0,-0.7511140239940062,0
-7.326091,39,5844.010752,-100.0,-0.4986521546047493,0
-6.183079,35,5844.563502,-100.0,-0.6857885299330686,0
-6.679947,50,5845.372363,-100.0,-0.7799824361806255,0
-5.920127,35,5845.952547,-100.0,-0.8024422946612494,0
-6.697724,44,5846.667175,-100.0,-0.821223405434017,0
-6.537384,42,5847.32858,-100.0,-0.644010894992881,0
-6.807988,36,5847.906843,-100.0,-0.6011366717916903,0
-6.829417,42,5848.588291,-100.0,-0.6613615705480369,0
-6.363346,43,5849.289376,-100.0,-0.8433504215908958,0
-5.81658,40,5849.912375,-100.0,-0.766201724800728,0
-6.652458,36,5850.506791,-100.0,-0.8077150143637103,0
-6.404186,34,5851.048837,-100.0,-0.6972474148752409,0
-5.946715,36,5851.640107,-100.0,-0.7912640103422524,0
-6.303007,39,5852.26888,-100.0,-0.6621465668692461,0
-5.8256,37,5852.862622,-100.0,-0.8324510803849731,0
-6.476043,44,5853.553249,-100.0,-0.6633682280027274,0
-6.39695,37,5854.155015,-100.0,-0.6834935474342337,0
-6.548767,37,5854.740346,-100.0,-0.6250807166715177,0
-5.873835,34,5855.296643,-100.0,-0.7359640995166343,0
-6.300112,42,5855.955639,-100.0,-0.7500414701526619,0
-6.240708,37,5856.570626,-100.0,-0.6843237199726021,0
-6.418833,45,5857.28722,-100.0,-0.6797767578717715,0
-7.048492,42,5857.967111,-100.0,-0.5978105832248165,0
-6.57944,40,5858.595711,-100.0,-0.7309723954663401,0
-6.046773,40,5859.2443,-100.0,-0.6861941359281047,0
-6.620656,39,5859.883059,-100.0,-0.6226696620850832,0
-6.36719,40,5860.518638,-100.0,-0.7045115272833847,0
-6.690888,38,5861.130474,-100.0,-0.6597266618353982,0
-6.482619,41,5861.78322,-100.0,-0.631096559560869,0
-6.158687,39,5862.409398,-100.0,-0.7976095746694777,0
-5.926151,34,5862.959818,-100.0,-0.7888878625719236,0
-6.011554,35,5863.528636,-100.0,-0.8395551482438044,0
-5.966837,37,5864.131681,-100.0,-0.8728341047656154,0
-7.406678,54,5865.180267,-100.0,-0.6198287768139287,0
-6.734651,37,5865.780705,-100.0,-0.6992340461875631,0
-6.753728,49,5866.561717,-100.0,-0.9034034186070737,0
-6.342283,39,5867.189864,-100.0,-0.6574801516566008,0
-6.835623,45,5867.923928,-100.0,-0.6832343943606989,0
-6.550956,41,5868.581821,-100.0,-0.6679699358247067,0
-6.420814,40,5869.225589,-100.0,-0.653233119854602,0
-6.006747,40,5869.857782,-100.0,-0.7244825134489004,0
-5.961445,40,5870.503993,-100.0,-0.7753967777499757,0
-6.337865,37,5871.09867,-100.0,-0.6330429181501565,0
-6.64846,41,5871.763489,-100.0,-0.6742539458255754,0
-6.686665,44,5872.477738,-100.0,-0.691904917138891,0
-6.576004,40,5873.131989,-100.0,-0.6329654927344001,0
-6.21023,37,5993.08426,-100.0,-0.884517873028994,0
-6.350819,45,5993.815648,-100.0,-0.7053387563334989,0
-6.247874,39,5994.45429,-100.0,-0.7749926490824118,0
-6.28136,38,5995.070129,-100.0,-0.7198623162314317,0
-6.435354,43,5995.767224,-100.0,-0.689862901563755,0
-6.02408,34,5996.319165,-100.0,-0.7283047022509062,0
-6.545865,42,5996.990536,-100.0,-0.700070142935355,0
-5.787796,39,5997.615827,-100.0,-0.795060650914622,0
-6.317947,37,5998.221234,-100.0,-0.6581316216443096,0
-6.334014,36,5998.808928,-100.0,-0.7692896597693893,0
-5.989253,39,5999.439577,-100.0,-0.8422419698644754,0
-6.3367,36,6000.032822,-100.0,-0.6574363921031051,0
-6.331922,40,6000.684488,-100.0,-0.8630971837018693,0
-6.443605,40,6001.31735,-100.0,-0.7173059287408947,0
-6.637125,47,6002.076836,-100.0,-0.7311683830200894,0
-5.835447,34,6002.639117,-100.0,-0.837868917875973,0
-6.406451,43,6003.324635,-100.0,-0.7748188933550787,0
-6.730322,39,6003.939813,-100.0,-0.6621423254180463,0
-6.289944,40,6004.597182,-100.0,-0.7641807667885928,0
-6.52315,42,6005.278501,-100.0,-0.7274667216480505,0
-6.464064,36,6005.878854,-100.0,-0.6313437670889708,0
-7.281091,44,6006.578502,-100.0,-0.6794625574132417,0
-6.148732,40,6007.233286,-100.0,-0.7227830736482692,0
-6.368347,51,6008.075186,-100.0,-0.7858650707080619,0
-5.969171,39,6008.693532,-100.0,-0.8093083644392903,0
-6.055054,40,6009.334481,-100.0,-0.8230902919954511,0
-7.03634,46,6010.098814,-100.0,-0.8511546958476909,0
-7.103242,39,6010.7112,-100.0,-0.6928178042822943,0
-6.939733,41,6011.387271,-100.0,-0.604431660218503,0
-6.52294,41,6012.038183,-100.0,-0.7169503093351207,0
-6.738479,40,6012.67603,-100.0,-0.6030958588532873,0
-6.333578,42,6013.385535,-100.0,-0.7273163499081963,0
-6.929625,49,6014.163206,-100.0,-0.6413493870768383,0
-6.272105,38,6014.778278,-100.0,-0.8706062822313033,0
-6.099347,38,6015.390123,-100.0,-0.7492004615669615,0
-6.326639,40,6016.043121,-100.0,-0.7806567575423938,0
-6.61688,44,6016.741135,-100.0,-0.6340311185739183,0
-6.413809,46,6017.488139,-100.0,-0.6912966952927078,0
-5.801395,34,6018.044145,-100.0,-0.7708633483153488,0
-6.914003,45,6018.755639,-100.0,-0.7460229626037487,0
-6.229555,44,6019.473376,-100.0,-0.6967366153207267,0
-6.675589,45,6020.206223,-100.0,-0.7205505045329844,0
-6.296889,38,6020.833563,-100.0,-0.6996179953913699,0
-6.555522,39,6021.470627,-100.0,-0.66629688311976,0
-6.219759,44,6022.168039,-100.0,-0.8005876043872242,0
-6.027971,36,6022.745735,-100.0,-0.7772389093430468,0
-6.324682,38,6023.36731,-100.0,-0.7311715160036774,0
-6.312617,36,6023.946062,-100.0,-0.6760378084600869,0
-6.106243,36,6024.53553,-100.0,-0.6149287220017203,0
-6.179956,41,6025.204421,-100.0,-0.7372736852317108,0
-6.507176,40,6025.847497,-100.0,-0.6485655613574174,0
-5.904184,40,6145.032701,-100.0,-0.7397503310844864,0
-6.017655,39,6145.714517,-100.0,-0.7517249903648472,0
-6.163721,39,6146.402438,-100.0,-0.7545126414594413,0
-6.194394,39,6147.09509,-100.0,-0.7214007725764977,0
-6.377763,37,6147.735518,-100.0,-0.6701248952153136,0
-5.949256,34,6148.334742,-100.0,-0.7605620309548621,0
-6.022929,36,6148.961936,-100.0,-0.7810780516636973,0
-6.128135,34,6149.571074,-100.0,-0.7633668365691209,0
-7.189298,45,6150.370323,-100.0,-0.678444160095467,0
-6.127733,39,6151.046986,-100.0,-0.7535968096703981,0
-6.129606,34,6151.649955,-100.0,-0.6839899613068732,0
-6.28782,40,6152.345217,-100.0,-0.679077201727547,0
-5.926358,35,6152.951381,-100.0,-0.7405722802688237,0
-5.837719,36,6153.58067,-100.0,-0.7284690236100373,0
-6.12584,35,6154.20219,-100.0,-0.6843622676366545,0
-6.282103,39,6154.885875,-100.0,-0.6244717917444517,0
-6.124698,39,6155.579875,-100.0,-0.7241153102614225,0
-5.976675,38,6156.249349,-100.0,-0.6926222005207147,0
-6.32877,46,6157.055332,-100.0,-0.8326364787163616,0
-6.133415,41,6157.776943,-100.0,-0.6663731450028467,0
-6.622927,37,6158.424872,-100.0,-0.6305957623524386,0
-6.085602,38,6159.081699,-100.0,-0.7338825729052194,0
-5.950802,38,6159.763542,-100.0,-0.7288250728202827,0
-6.348524,43,6160.524706,-100.0,-0.6531112204383178,0
-6.148177,38,6161.195676,-100.0,-0.6754692612821573,0
-6.550967,42,6161.937408,-100.0,-0.6600685157765533,0
-6.279374,49,6162.798848,-100.0,-0.7466567560163834,0
-6.259088,34,6163.378399,-100.0,-0.6657792741828404,0
-6.014849,40,6164.091954,-100.0,-0.7649126431641213,0
-6.207988,39,6164.768476,-100.0,-0.6831188018314435,0
-6.699093,44,6165.535285,-100.0,-0.6598183062519353,0
-6.337593,45,6166.317416,-100.0,-0.6886207057866476,0
-6.311895,41,6167.044464,-100.0,-0.7314838623537286,0
-6.411557,42,6167.774901,-100.0,-0.6989911980412109,0
-6.420029,40,6168.479601,-100.0,-0.6469768787783766,0
-5.928614,34,6169.075764,-100.0,-0.7061113736412173,0
-5.982715,37,6169.719944,-100.0,-0.6968138318104574,0
-6.690632,47,6170.549308,-100.0,-0.6218101410857468,0
-7.034102,47,6171.385928,-100.0,-0.7581906862235057,0
-6.666498,40,6172.091974,-100.0,-0.7460625059483919,0
-6.077349,42,6172.828933,-100.0,-0.7715496035486005,0
-6.183276,36,6173.478052,-100.0,-0.6686892109054557,0
-6.542575,45,6174.250984,-100.0,-0.7673103559573841,0
-6.406573,44,6175.017844,-100.0,-0.6538500124931949,0
-6.177223,39,6175.699587,-100.0,-0.8238365595447225,0
-6.321712,34,6176.304366,-100.0,-0.7886509944562968,0
-6.745397,44,6177.062708,-100.0,-0.6151790106916611,0
-5.672339,34,6177.678609,-100.0,-0.7545352953886452,0
-6.469387,39,6178.369397,-100.0,-0.7462035504318207,0
-6.553368,43,6179.117913,-100.0,-0.6195754734218019,0
-6.145642,37,6179.761749,-100.0,-0.67375794459822,0
-5.969678,43,6180.514702,-100.0,-0.7725985236027647,0
-6.011437,40,6302.132707,-100.0,-0.7546798892570894,0
-6.359704,41,6302.818767,-100.0,-0.6086002448076414,0
-6.12927,41,6303.478061,-100.0,-0.7163483036704037,0
-6.601915,38,6304.089669,-100.0,-0.7213718130509995,0
-6.519021,36,6304.677766,-100.0,-0.6589466313576778,0
-6.858743,48,6305.479873,-100.0,-0.6453982985042348,0
-6.290052,36,6306.065072,-100.0,-0.6937667625873527,0
-6.221245,43,6306.768342,-100.0,-0.7373321741163174,0
-6.063504,35,6307.337125,-100.0,-0.7224891042728588,0
-6.055291,39,6307.979525,-100.0,-0.8049693687192299,0
-6.843149,42,6308.660186,-100.0,-0.6739372188946016,0
-6.108343,34,6309.192736,-100.0,-0.6757046807752459,0
-6.040245,35,6309.761918,-100.0,-0.606807350574133,0
-5.80104,39,6310.408921,-100.0,-0.8189297247975814,0
-5.929562,33,6310.953499,-100.0,-0.6655966792168649,0
-5.701976,33,6311.503135,-100.0,-0.7429313687203807,0
-6.683365,52,6312.336632,-100.0,-0.713241364487388,0
-5.996931,33,6312.873694,-100.0,-0.7424183439185823,0
-5.993335,35,6313.45928,-100.0,-0.6393369225361231,0
-6.2691,46,6314.191902,-100.0,-0.7591870961203174,0
-6.3174,41,6314.854271,-100.0,-0.7527630008108724,0
-6.303303,40,6315.509549,-100.0,-0.7710627641671671,0
-6.277849,37,6316.120366,-100.0,-0.6902760257583698,0
-6.169413,40,6316.777128,-100.0,-0.641269329045064,0
-6.292958,44,6317.503382,-100.0,-0.7599042510408599,0
-6.156772,39,6318.13023,-100.0,-0.8000428141818104,0
-6.222224,40,6318.784688,-100.0,-0.7030066569362116,0
-6.420037,38,6319.404743,-100.0,-0.6641005309662176,0
-6.41419,44,6320.126766,-100.0,-0.6887961806816837,0
-6.000461,37,6320.726625,-100.0,-0.7321880180873628,0
-6.128041,41,6321.397474,-100.0,-0.7186439790723073,0
-6.189559,36,6321.976305,-100.0,-0.6855322864666112,0
-5.712982,34,6322.543691,-100.0,-0.7850559619465286,0
-6.124733,41,6323.212011,-100.0,-0.697407079761356,0
-6.291828,39,6323.846673,-100.0,-0.7131917163243995,0
-5.929973,35,6324.427193,-100.0,-0.6362107037339105,0
-6.404645,39,6325.05738,-100.0,-0.7872918832567881,0
-6.35726,40,6325.713255,-100.0,-0.6232078209753735,0
-6.295573,36,6326.309542,-100.0,-0.6240133079722424,0
-6.084336,36,6326.903326,-100.0,-0.7069451421065037,0
-6.887699,41,6327.574074,-100.0,-0.6723883045646859,0
-6.139141,35,6328.142936,-100.0,-0.64984717102597,0
-5.706008,32,6328.657192,-100.0,-0.8642938221578926,0
-5.989073,41,6329.334836,-100.0,-0.7555805990701889,0
-6.417442,41,6330.003785,-100.0,-0.7375014076399452,0
-5.867288,40,6330.655506,-100.0,-0.7242699321680882,0
-6.257523,39,6331.274453,-100.0,-0.681865008060151,0
-6.183084,39,6331.919133,-100.0,-0.876735454567234,0
-5.680018,37,6332.528616,-100.0,-0.8697963963056351,0
-6.31467,38,6333.148457,-100.0,-0.7400460025951656,0
-6.582938,49,6333.966075,-100.0,-0.6880370439801833,0
-5.937652,35,6334.528507,-100.0,-0.7151823739426659,0
-6.308639,37,6451.999327,-100.0,-0.7189402084930155,0
-6.287212,41,6452.68716,-100.0,-0.757456770195465,0
-5.499437,33,6453.225729,-100.0,-0.8307066361806766,0
-6.007223,33,6453.776209,-100.0,-0.7239259062699579,0
-6.059946,46,6454.539906,-100.0,-0.7563972906279679,0
-6.089466,46,6455.302109,-100.0,-0.8031060249503768,0
-6.631752,41,6455.974406,-100.0,-0.7219627211925431,0
-6.560487,37,6456.589952,-100.0,-0.6909481289358388,0
-6.1327,37,6457.20628,-100.0,-0.7914303330123499,0
-6.278598,40,6457.85281,-100.0,-0.6730836128270186,0
-5.817016,35,6458.434373,-100.0,-0.8437154319090608,0
-6.013005,42,6459.129675,-100.0,-0.7446853367402505,0
-5.808577,37,6459.735148,-100.0,-0.9061909663438857,0
-6.770038,40,6460.38276,-100.0,-0.7236881029039841,0
-5.89687,36,6460.967996,-100.0,-0.8311720852847102,0
-6.149287,39,6461.604484,-100.0,-0.6831988100121731,0
-5.746966,33,6462.143937,-100.0,-0.713275257400051,0
-5.87115,34,6462.707274,-100.0,-0.6793480138191187,0
-5.901891,34,6463.272057,-100.0,-0.7311541948927842,0
-6.106615,36,6463.871508,-100.0,-0.6688220303795667,0
-5.811848,38,6464.486458,-100.0,-0.7394407488203449,0
-6.415599,41,6465.153612,-100.0,-0.6857638707454936,0
-5.720794,42,6465.849871,-100.0,-0.8373330299513341,0
-6.041301,39,6466.483474,-100.0,-0.7734490145265981,0
-6.499907,41,6467.167012,-100.0,-0.6799560934838367,0
-5.836158,35,6467.731083,-100.0,-0.8346219060994928,0
-5.715658,34,6468.291613,-100.0,-0.7915415346826223,0
-6.44788,40,6468.927501,-100.0,-0.6438994953589878,0
-6.302231,40,6469.598433,-100.0,-0.7479097910136874,0
-5.833473,35,6470.171901,-100.0,-0.7340220026885194,0
-6.544369,47,6470.942842,-100.0,-0.7308962222239002,0
-5.943415,35,6471.516693,-100.0,-0.6774644683312613,0
-5.772437,33,6472.058573,-100.0,-0.7389705545868088,0
-6.59972,36,6472.652989,-100.0,-0.5989187982515617,0
-6.368164,35,6473.217032,-100.0,-0.698769219528019,0
-6.096064,38,6473.847768,-100.0,-0.6172365986856083,0
-6.323317,40,6474.503715,-100.0,-0.694049474663257,0
-6.261278,37,6475.099578,-100.0,-0.6819503058645164,0
-6.404824,39,6475.740731,-100.0,-0.657678260750389,0
-6.563859,40,6476.40395,-100.0,-0.6654223199481047,0
-6.283441,45,6477.158499,-100.0,-0.6791141513660982,0
-6.322887,40,6477.815962,-100.0,-0.6992109114472065,0
-5.555139,34,6478.376883,-100.0,-0.724506655298212,0
-5.965689,34,6478.930994,-100.0,-0.6110186906236389,0
-6.574075,42,6479.620028,-100.0,-0.7040970081782534,0
-6.17997,38,6480.241951,-100.0,-0.6151177704297763,0
-5.934927,37,6480.853212,-100.0,-0.9114144976323074,0
-5.943214,35,6481.415845,-100.0,-0.7018867322897977,0
-5.887678,40,6482.076499,-100.0,-0.7525492828008585,0
-6.463563,38,6482.717206,-100.0,-0.6531755039873931,0
-5.999684,33,6483.222271,-100.0,-0.6997247121953178,0
-5.928673,36,6483.808615,-100.0,-0.7456550063084592,0
-6.411306,42,6484.501022,-100.0,-0.6774713965697055,0
-6.40811,35,6485.08221,-100.0,-0.6729433338152337,0
-6.138479,35,6601.734482,-100.0,-0.6545495461672953,0
-6.716946,36,6602.322152,-100.0,-0.8149497256936447,0
-5.868861,35,6602.891359,-100.0,-0.6683042278501212,0
-6.072612,43,6603.598596,-100.0,-0.7537497350809464,0
-5.882421,35,6604.188782,-100.0,-0.7296732670755744,0
-6.56416,43,6604.894873,-100.0,-0.6681339258593201,0
-5.994909,38,6605.516157,-100.0,-0.7518092738058667,0
-5.75832,37,6606.120786,-100.0,-0.756263582809323,0
-6.955401,38,6606.754108,-100.0,-0.6065797931587694,0
-6.096048,35,6607.334169,-100.0,-0.7264042900950938,0
-6.083198,35,6607.914815,-100.0,-0.7314979384049792,0
-5.989699,42,6608.60224,-100.0,-0.7322588608994501,0
-6.503823,35,6609.181141,-100.0,-0.6108495643281706,0
-5.896696,39,6609.812148,-100.0,-0.7567275528468383,0
-6.098118,39,6610.456666,-100.0,-0.7060895480444932,0
-5.611755,37,6611.065562,-100.0,-0.7774200320398488,0
-6.141136,43,6611.768878,-100.0,-0.7444157930131132,0
-6.861636,43,6612.470277,-100.0,-0.6607669616966835,0
-6.952378,45,6613.210832,-100.0,-0.6380506928087435,0
-6.348317,36,6613.808266,-100.0,-0.772550943419092,0
-5.838131,32,6614.334146,-100.0,-0.7968114388636157,0
-6.515638,41,6615.006862,-100.0,-0.6644949417663052,0
-6.189058,34,6615.572582,-100.0,-0.6506310347620183,0
-5.973907,41,6616.228086,-100.0,-0.6389525078732748,0
-5.68775,34,6616.79768,-100.0,-0.7633683968223286,0
-6.068973,38,6617.416936,-100.0,-0.7603333188566028,0
-5.874177,35,6617.991905,-100.0,-0.7007990116245448,0
-5.98967,39,6618.639188,-100.0,-0.6348326451081094,0
-5.906603,34,6619.210555,-100.0,-0.7445827493165321,0
-6.043996,34,6619.765121,-100.0,-0.8402362224653055,0
-6.165773,40,6620.433653,-100.0,-0.7913696941763384,0
-5.79578,41,6621.111159,-100.0,-0.836200437035716,0
-5.969835,33,6621.643102,-100.0,-0.754604744613059,0
-7.367862,44,6622.3649,-100.0,-0.6360620382135782,0
-6.121626,38,6623.002497,-100.0,-0.7143724225610766,0
-6.387488,41,6623.682932,-100.0,-0.744453685730762,0
-6.656603,38,6624.309256,-100.0,-0.701585045308159,0
-6.315647,41,6624.960509,-100.0,-0.6177372497560812,0
-6.499472,38,6625.59757,-100.0,-0.6530560614427587,0
-6.471379,41,6626.278607,-100.0,-0.6831231421149846,0
-6.009264,37,6626.876669,-100.0,-0.6682240596016867,0
-5.619117,32,6627.413535,-100.0,-0.8984683640809766,0
-6.050534,35,6627.99172,-100.0,-0.6560314631615778,0
-6.486984,47,6628.765868,-100.0,-0.8498836680288053,0
-5.83648,37,6629.369781,-100.0,-0.8365769973256789,0
-6.280643,36,6629.973179,-100.0,-0.6877108525316268,0
-5.89395,44,6630.678874,-100.0,-0.75192621881748,0
-6.083992,34,6631.247146,-100.0,-0.634711070604901,0
-6.454816,38,6631.875711,-100.0,-0.709004727699327,0
-5.733263,35,6632.452625,-100.0,-0.8317276745620625,0
-5.606879,35,6633.032511,-100.0,-0.8361827490941105,0
-5.943227,38,6633.650376,-100.0,-0.7146705135526988,0
-6.565368,40,6634.301357,-100.0,-0.65532417263765,0
-6.456421,39,6634.942819,-100.0,-0.6281838484360629,0
-6.067916,38,6751.207566,-100.0,-0.707628592246161,0
-5.698068,36,6751.798631,-100.0,-0.7852543129323445,0
-6.324778,40,6752.464624,-100.0,-0.6386982920910028,0
-5.888233,35,6753.044992,-100.0,-0.7370108966107095,0
-5.870243,34,6753.624046,-100.0,-0.7195470266598618,0
-5.972571,38,6754.255126,-100.0,-0.7303915119200188,0
-6.277668,37,6754.86264,-100.0,-0.5879437072834782,0
-6.155237,35,6755.443865,-100.0,-0.6585546654349859,0
-6.451365,45,6756.180831,-100.0,-0.6248145752624803,0
-6.139012,38,6756.795244,-100.0,-0.6628866157723101,0
-5.743541,34,6757.372755,-100.0,-0.7596743154446648,0
-5.719796,33,6757.931201,-100.0,-0.7681325278025243,0
-5.976213,35,6758.506674,-100.0,-0.6972588116054933,0
-6.130246,33,6759.036638,-100.0,-0.5821193046654587,0
-6.219954,37,6759.647274,-100.0,-0.633510687972293,0
-5.92679,35,6760.223923,-100.0,-0.7375199290045872,0
-6.530321,35,6760.816025,-100.0,-0.5875942780116966,0
-6.261589,39,6761.459898,-100.0,-0.7109905526497431,0
-5.919445,34,6762.024484,-100.0,-0.7209003367632613,0
-5.996972,39,6762.660433,-100.0,-0.7070520682866139,0
-6.336315,48,6763.446583,-100.0,-0.8352612757873615,0
-5.891362,33,6763.998139,-100.0,-0.7876614839224295,0
-6.192941,42,6764.70154,-100.0,-0.7248585934301008,0
-6.606657,38,6765.321723,-100.0,-0.5955939510619968,0
-6.286519,40,6765.987385,-100.0,-0.7595711463821762,0
-6.129892,40,6766.64232,-100.0,-0.6393886696902837,0
-5.947824,38,6767.275331,-100.0,-0.7926491326432764,0
-5.917152,34,6767.835599,-100.0,-0.6945136355730801,0
-6.021593,39,6768.474107,-100.0,-0.6807993096269214,0
-5.724422,34,6769.033629,-100.0,-0.8622035301831248,0
-6.626788,35,6769.616112,-100.0,-0.6540206799969096,0
-5.952478,33,6770.170326,-100.0,-0.6684708630372128,0
-5.901665,35,6770.745116,-100.0,-0.8405290008332937,0
-5.894061,35,6771.331182,-100.0,-0.6711046421859682,0
-6.373882,35,6771.90413,-100.0,-0.6636826159472613,0
-6.033326,38,6772.523293,-100.0,-0.7632884150286481,0
-6.007022,34,6773.071357,-100.0,-0.7418930329748086,0
-5.926105,34,6773.638261,-100.0,-0.6900346039677929,0
-6.349171,39,6774.279567,-100.0,-0.6668612573466319,0
-5.867779,33,6774.829146,-100.0,-0.7974476937626813,0
-5.902191,38,6775.464475,-100.0,-0.7646454339746402,0
-6.179225,34,6776.040636,-100.0,-0.679299486160833,0
-5.660344,33,6776.579638,-100.0,-0.7560364377261535,0
-5.870893,38,6777.224774,-100.0,-0.7558295008622845,0
-6.929238,36,6777.799819,-100.0,-0.7834176583164753,0
-6.631785,36,6778.392606,-100.0,-0.7488697163457133,0
-6.190579,37,6779.004409,-100.0,-0.6496076832632504,0
-6.16186,40,6779.661673,-100.0,-0.7052332419605726,0
-6.581106,40,6780.325513,-100.0,-0.6887623796050879,0
-5.985192,34,6780.894875,-100.0,-0.7422147022888398,0
-5.825937,34,6781.459669,-100.0,-0.6519090169896581,0
-6.205036,45,6782.203555,-100.0,-0.7081810013067057,0
-5.849903,34,6782.77665,-100.0,-0.8548504770295635,0
-6.216147,35,6783.35424,-100.0,-0.6859883561567311,0
-6.514587,38,6783.964375,-100.0,-0.6458566751789732,0
-6.157009,39,6784.6003,-100.0,-0.7282416124385168,0
-5.713865,33,6903.655057,-100.0,-0.7799373601773515,0
-6.015867,35,6904.247555,-100.0,-0.690652084107558,0
-5.816757,34,6904.814296,-100.0,-0.7799579537661033,0
-5.810706,39,6905.457656,-100.0,-0.7410458296352183,0
-6.115276,40,6906.1239,-100.0,-0.6731573603768759,0
-5.782852,36,6906.723907,-100.0,-0.7030973309731623,0
-5.943435,34,6907.276367,-100.0,-0.6323604683512022,0
-6.338634,42,6907.986058,-100.0,-0.7030208286019662,0
-5.7335,33,6908.518264,-100.0,-0.746195952245777,0
-6.026534,35,6909.111067,-100.0,-0.6853830256777458,0
-6.029206,38,6909.757058,-100.0,-0.8533529106898106,0
-5.809946,35,6910.317411,-100.0,-0.7413688959975913,0
-6.617055,44,6911.059111,-100.0,-0.8461424034536091,0
-6.270563,41,6911.740579,-100.0,-0.7330053857357048,0
-6.421905,36,6912.332375,-100.0,-0.6806861952265905,0
-6.294087,37,6912.962634,-100.0,-0.6399011499782229,0
-5.652051,33,6913.496045,-100.0,-0.7799197496086672,0
-5.546092,33,6914.037275,-100.0,-0.7812449510745957,0
-5.840392,33,6914.589784,-100.0,-0.7292047669222768,0
-6.018457,35,6915.166079,-100.0,-0.6822021898658575,0
-5.671783,33,6915.723059,-100.0,-0.8705532048521948,0
-6.283771,38,6916.350069,-100.0,-0.6918835657283655,0
-6.202208,35,6916.927468,-100.0,-0.6764738110100608,0
-5.891356,39,6917.570184,-100.0,-0.7058571295087523,0
-5.730553,39,6918.20237,-100.0,-0.8824606057547766,0
-5.849893,38,6918.835007,-100.0,-0.8020482681667461,0
-6.097669,40,6919.49625,-100.0,-0.7227493476859652,0
-5.788989,35,6920.090102,-100.0,-0.7350852643082525,0
-6.277347,40,6920.742118,-100.0,-0.8298980660916471,0
-5.970253,41,6921.427755,-100.0,-0.7734112301292,0
-6.140167,38,6922.063033,-100.0,-0.6915442273100623,0
-5.619233,33,6922.606407,-100.0,-0.7690994525602642,0
-6.375004,35,6923.180193,-100.0,-0.6605535968210523,0
-5.98668,39,6923.819494,-100.0,-0.7886866496489771,0
-5.908252,39,6924.473729,-100.0,-0.7812187300892712,0
-5.918637,45,6925.204058,-100.0,-0.7354455317578721,0
-5.67361,32,6925.742382,-100.0,-0.804905628545361,0
-5.820758,40,6926.396134,-100.0,-0.7555040386177826,0
-5.855457,36,6926.99848,-100.0,-0.6922879726896309,0
-6.140927,43,6927.697829,-100.0,-0.8010779245913678,0
-6.087718,33,6928.245384,-100.0,-0.654770269429434,0
-6.222005,44,6928.984,-100.0,-0.6872554938523395,0
-6.329371,39,6929.615493,-100.0,-0.6423041589711395,0
-6.374752,33,6930.162713,-100.0,-0.6035935972601766,0
-5.923767,34,6930.71811,-100.0,-0.7646206015835345,0
-5.940469,37,6931.341694,-100.0,-0.6547695708270936,0
-6.618313,34,6931.892402,-100.0,-0.6455283973135233,0
-6.451688,35,6932.484691,-100.0,-0.634835485706849,0
-6.360752,39,6933.121057,-100.0,-0.6922567614831128,0
-6.235238,36,6933.722993,-100.0,-0.6554062656329653,0
-5.648593,33,6934.271754,-100.0,-0.727774592662847,0
-6.290605,41,6934.94022,-100.0,-0.6272287668409091,0
-6.174926,35,6935.525112,-100.0,-0.6984614481603502,0
-5.895807,40,6936.182827,-100.0,-0.810252636887003,0
-5.536276,32,6936.722662,-100.0,-0.8182506310510866,0
-6.196779,35,7033.245322,-100.0,-0.6320816946046571,0
-6.206568,39,7033.892178,-100.0,-0.7802850163572119,0
-5.536888,33,7034.450562,-100.0,-0.8504887722646094,0
-6.213189,34,7034.99449,-100.0,-0.6458897393023039,0
-5.730534,33,7035.539075,-100.0,-0.6661894133913783,0
-5.964408,37,7036.156743,-100.0,-0.7449010460029472,0
-5.987339,36,7036.741286,-100.0,-0.7241248132722483,0
-5.648523,36,7037.355479,-100.0,-0.8168744998911078,0
-6.261309,35,7037.935157,-100.0,-0.7035790209980809,0
-5.994021,40,7038.596156,-100.0,-0.7476027741611588,0
-5.688469,36,7039.201902,-100.0,-0.7977557822922484,0
-5.997184,37,7039.804892,-100.0,-0.6753862514687459,0
-5.527353,36,7040.407445,-100.0,-0.8019589699867188,0
-5.837511,40,7041.097599,-100.0,-0.786607991604214,0
-5.98589,33,7041.627911,-100.0,-0.6551826450401732,0
-6.440471,39,7042.286609,-100.0,-0.6785637928639917,0
-5.478194,33,7042.816333,-100.0,-0.8682181998817952,0
-6.233933,43,7043.541142,-100.0,-0.7090268648732795,0
-5.692021,34,7044.102528,-100.0,-0.8095590721975795,0
-5.817181,33,7044.642523,-100.0,-0.743313604723131,0
-6.235699,35,7045.228013,-100.0,-0.7242762174855923,0
-5.973902,39,7045.878394,-100.0,-0.7423220341455949,0
-6.06402,35,7046.446502,-100.0,-0.6546413639279153,0
-5.830827,36,7047.049956,-100.0,-0.7501775908364465,0
-6.365206,37,7047.683362,-100.0,-0.7051724454497644,0
-6.037948,34,7048.245907,-100.0,-0.6568031342103167,0
-6.061048,38,7048.868983,-100.0,-0.7151415302373682,0
-6.201121,40,7049.525523,-100.0,-0.6967014424450255,0
-6.042996,34,7050.096819,-100.0,-0.6017153702661677,0
-5.93128,40,7050.768084,-100.0,-0.8197774050502048,0
-5.771495,43,7051.479894,-100.0,-0.8512228870766061,0
-5.754851,32,7052.013639,-100.0,-0.697400330961993,0
-6.434196,43,7052.725604,-100.0,-0.6680272733221606,0
-6.610504,42,7053.425556,-100.0,-0.635972807164655,0
-6.196096,47,7054.197106,-100.0,-0.6643106924811396,0
-6.215531,38,7054.834136,-100.0,-0.7285404550366786,0
-6.928596,46,7055.609241,-100.0,-0.6791955603617783,0
-5.764378,40,7056.270759,-100.0,-0.7905151110983195,0
-5.929246,35,7056.842237,-100.0,-0.7452483478125798,0
-6.311355,41,7057.516285,-100.0,-0.720012409065985,0
-6.381982,39,7058.163639,-100.0,-0.7366816277391399,0
-6.130227,34,7058.72545,-100.0,-0.6449965304045104,0
-6.474497,48,7059.530956,-100.0,-0.7089933909543844,0
-6.18046,38,7060.162567,-100.0,-0.6357766527737311,0
-6.181999,38,7060.812811,-100.0,-0.6809375863309225,0
-5.935783,33,7061.338943,-100.0,-0.774546980746532,0
-6.021182,34,7061.892841,-100.0,-0.6828931483028818,0
-5.984737,34,7062.464412,-100.0,-0.69438036409689,0
-6.296438,34,7063.038363,-100.0,-0.6561403765280989,0
-5.665143,33,7063.589852,-100.0,-0.7657749895016098,0
-6.164124,33,7064.14109,-100.0,-0.7032507862588889,0
-6.122179,36,7064.737713,-100.0,-0.7013073703921466,0
-6.108665,35,7065.325677,-100.0,-0.7433685509466412,0
-5.982008,34,7065.87682,-100.0,-0.7176947895739688,0
-5.886506,40,7066.538172,-100.0,-0.7764379323655255,0
-6.067281,40,7067.221645,-100.0,-0.7046450106003567,0
-6.125292,32,7174.201917,-100.0,-0.6697948027320215,0
-6.372342,35,7174.77712,-100.0,-0.7368446578092002,0
-5.906287,35,7175.355811,-100.0,-0.6280908466261153,0
-5.791914,36,7175.950079,-100.0,-0.739957682708213,0
-6.50491,34,7176.518578,-100.0,-0.6402940831226227,0
-5.712712,38,7177.143979,-100.0,-0.7704527651740053,0
-6.206293,41,7177.829625,-100.0,-0.7735595125642593,0
-5.790775,34,7178.397361,-100.0,-0.7023612214498236,0
-5.734823,33,7178.954599,-100.0,-0.849392210626952,0
-6.529896,47,7179.756756,-100.0,-0.7340774211309697,0
-5.729613,36,7180.35807,-100.0,-0.7927806628903926,0
-6.258058,41,7181.03549,-100.0,-0.6809330744811016,0
-5.767217,33,7181.583337,-100.0,-0.6244772330197315,0
-5.640319,33,7182.141948,-100.0,-0.6990480079449032,0
-5.67403,39,7182.785106,-100.0,-0.856171453653394,0
-5.792327,33,7183.342733,-100.0,-0.6656182426313014,0
-6.171862,33,7183.896609,-100.0,-0.6990603009823917,0
-6.039368,34,7184.44309,-100.0,-0.6901311398807871,0
-5.632133,33,7185.001149,-100.0,-0.7461436229086126,0
-6.040361,34,7185.562221,-100.0,-0.665516915230145,0
-5.669278,32,7186.094524,-100.0,-0.7667477734499439,0
-5.820186,35,7186.671638,-100.0,-0.7522467349185764,0
-5.525772,34,7187.248039,-100.0,-0.7379331530484473,0
-6.25682,34,7187.803016,-100.0,-0.6410956807688587,0
-6.170678,36,7188.424289,-100.0,-0.6918136685643967,0
-6.365373,38,7189.061377,-100.0,-0.7079198333050515,0
-5.841752,43,7189.787597,-100.0,-0.7537355146650652,0
-5.50137,36,7190.371625,-100.0,-0.8058347298664474,0
-5.565314,34,7190.955766,-100.0,-0.7806956848644375,0
-5.902988,33,7191.510415,-100.0,-0.8041690736663619,0
-6.558305,35,7192.083818,-100.0,-0.6381250187993057,0
-5.690891,40,7192.738509,-100.0,-0.8031474450745245,0
-6.712854,45,7193.497976,-100.0,-0.6543673076305546,0
-5.646289,35,7194.081099,-100.0,-0.8199364031950372,0
-5.855288,32,7194.614124,-100.0,-0.7958092370378888,0
-5.733934,33,7195.174,-100.0,-0.7023237627334384,0
-6.199217,45,7195.898661,-100.0,-0.6191575846711889,0
-5.954737,38,7196.54275,-100.0,-0.7592372635656105,0
-6.137124,36,7197.138336,-100.0,-0.6271210459159562,0
-5.382214,33,7197.692601,-100.0,-0.7476979006073716,0
-6.258753,36,7198.300526,-100.0,-0.7153130791018839,0
-5.828578,34,7198.881957,-100.0,-0.7146000520272785,0
-5.897267,40,7199.540431,-100.0,-0.8332487674673108,0
-6.346557,39,7200.179624,-100.0,-0.749802684523737,0
-6.004358,41,7200.865037,-100.0,-0.6727687539963156,0
-5.960627,33,7201.409485,-100.0,-0.6342429116320187,0
-5.866062,34,7201.977,-100.0,-0.7042916066915937,0
-5.839378,40,7202.654802,-100.0,-0.780564322881208,0
-5.811243,39,7203.309102,-100.0,-0.7396543834190802,0
-5.753403,34,7203.866784,-100.0,-0.7736322074405538,0
-6.251025,35,7204.446082,-100.0,-0.6075612886936562,0
-5.993368,38,7205.076389,-100.0,-0.7775620921688381,0
-6.354673,39,7205.71705,-100.0,-0.637572616870575,0
-5.794279,40,7206.37071,-100.0,-0.7731933277774817,0
-6.112556,33,7206.924799,-100.0,-0.6458619000044864,0
-5.932126,33,7207.488192,-100.0,-0.6943412999230981,0
-6.140509,33,7314.702039,-100.0,-0.6715067789632416,0
-5.793377,34,7315.275358,-100.0,-0.789357509087963,0
-5.593063,33,7315.831457,-100.0,-0.721131556224481,0
-5.867828,37,7316.454619,-100.0,-0.7468099281569527,0
-6.117575,40,7317.111692,-100.0,-0.7008286709289123,0
-5.606187,36,7317.709931,-100.0,-0.7662666226219835,0
-5.831255,35,7318.301332,-100.0,-0.7949302788152497,0
-5.927767,34,7318.869906,-100.0,-0.7645108305441891,0
-5.687255,34,7319.438881,-100.0,-0.7274576953693628,0
-6.006696,35,7320.013977,-100.0,-0.6211916966796088,0
-5.727216,34,7320.596021,-100.0,-0.7336276421248936,0
-6.221489,48,7321.413186,-100.0,-0.6447299513977732,0
-6.326482,33,7321.961654,-100.0,-0.6678672461339296,0
-6.117397,35,7322.539963,-100.0,-0.7498919947286121,0
-6.077855,36,7323.133546,-100.0,-0.7008756202421363,0
-5.431827,34,7323.705234,-100.0,-0.8159594716706596,0
-6.149876,35,7324.282397,-100.0,-0.6819765210864858,0
-6.266141,37,7324.901649,-100.0,-0.70902811997868,0
-6.145105,39,7325.549029,-100.0,-0.6457849894785138,0
-6.143509,44,7326.289742,-100.0,-0.6471087374749511,0
-5.628287,33,7326.839901,-100.0,-0.675588839557706,0
-5.53774,33,7327.398206,-100.0,-0.7063144727177015,0
-5.625306,33,7327.947141,-100.0,-0.7035420751456143,0
-5.801042,39,7328.591223,-100.0,-0.8214862568500612,0
-5.474176,33,7329.13758,-100.0,-0.7612730707531575,0
-5.687333,40,7329.819199,-100.0,-0.8100093289968733,0
-5.747562,34,7330.393733,-100.0,-0.7412966831396377,0
-6.043881,34,7330.97453,-100.0,-0.6869836546647741,0
-6.063164,37,7331.594175,-100.0,-0.878257228520171,0
-5.634147,34,7332.160907,-100.0,-0.7333696032390643,0
-5.92461,32,7332.683647,-100.0,-0.8170161772210633,0
-6.350268,35,7333.267711,-100.0,-0.6060287662852132,0
-5.309482,32,7333.798979,-100.0,-0.7636648655197265,0
-5.656927,34,7334.381767,-100.0,-0.7083305539937482,0
-6.277582,40,7335.051818,-100.0,-0.7011130376354806,0
-6.03134,33,7335.607694,-100.0,-0.6735903251239961,0
-5.737693,33,7336.176552,-100.0,-0.763409053133743,0
-5.482735,33,7336.724898,-100.0,-0.8797168419840693,0
-6.04355,34,7337.291372,-100.0,-0.687814122486893,0
-6.331466,34,7337.853954,-100.0,-0.6056099591785218,0
-5.627529,33,7338.403919,-100.0,-0.7381688418228739,0
-5.799963,33,7338.958926,-100.0,-0.6291472368150118,0
-6.078321,36,7339.560364,-100.0,-0.6703293157479137,0
-5.870441,33,7340.11018,-100.0,-0.7003390220884531,0
-5.690966,33,7340.664119,-100.0,-0.780240188456499,0
-5.77286,38,7341.297325,-100.0,-0.9235905721816698,0
-6.502866,40,7341.96056,-100.0,-0.6289950144700432,0
-5.816548,34,7342.521615,-100.0,-0.7112559797910056,0
-6.047201,34,7343.094777,-100.0,-0.6957299999024824,0
-5.931587,47,7343.865244,-100.0,-0.7636903083913239,0
-5.80341,32,7344.38933,-100.0,-0.7134175403533336,0
-5.777684,37,7345.016832,-100.0,-0.8466643806701214,0
-5.635984,33,7345.567441,-100.0,-0.747566727165321,0
-5.65307,32,7346.122844,-100.0,-0.8659503454490058,0
-5.488189,33,7346.671475,-100.0,-0.83245808566007,0
-6.322734,45,7347.404338,-100.0,-0.7395107100659456,0
-5.867524,34,7347.977788,-100.0,-0.6518214202500031,0
-6.012739,35,7348.565597,-100.0,-0.7068754183517029,0
-6.237256,35,7477.891263,-100.0,-0.6714972938859887,0
-6.052454,38,7478.527494,-100.0,-0.8474896761097468,0
-5.772676,32,7479.072285,-100.0,-0.8014153375392394,0
-5.994891,33,7479.622397,-100.0,-0.7065393858841851,0
-5.780179,34,7480.198093,-100.0,-0.7435610913124329,0
-6.083735,33,7480.758095,-100.0,-0.7434897526343546,0
-5.388541,33,7481.316725,-100.0,-0.838354459441172,0
-5.66768,36,7481.91695,-100.0,-0.773885643078496,0
-5.680237,37,7482.522495,-100.0,-0.8669362739765214,0
-5.812305,33,7483.085528,-100.0,-0.77612519092043,0
-5.7352,33,7483.636139,-100.0,-0.7657208616151561,0
-5.656219,34,7484.200336,-100.0,-0.6942249588797452,0
-5.408478,32,7484.731908,-100.0,-0.8784698273845527,0
-6.530238,42,7485.438449,-100.0,-0.6263166170262032,0
-5.64584,33,7485.989415,-100.0,-0.8191400675939724,0
-5.779518,33,7486.554941,-100.0,-0.7615815996703722,0
-6.148076,44,7487.283983,-100.0,-0.7200584363633855,0
-6.077189,35,7487.865372,-100.0,-0.6645042856361143,0
-5.933818,33,7488.41389,-100.0,-0.6625329962899428,0
-6.057898,39,7489.065772,-100.0,-0.7283468379909996,0
-5.691659,32,7489.607881,-100.0,-0.8221749490305096,0
-5.852921,43,7490.331019,-100.0,-0.7708734875015367,0
-5.865711,33,7490.889971,-100.0,-0.663079800223862,0
-5.854557,34,7491.451592,-100.0,-0.726943150690026,0
-5.925516,32,7491.983221,-100.0,-0.7886573686945476,0
-5.675145,34,7492.544397,-100.0,-0.7452106673443204,0
-5.464166,34,7493.11974,-100.0,-0.7746694177985464,0
-5.800321,40,7493.811726,-100.0,-0.6852661935992685,0
-5.896781,33,7494.358368,-100.0,-0.6455359822626813,0
-5.460076,32,7494.884331,-100.0,-0.8658132874276426,0
-6.03131,34,7495.467623,-100.0,-0.6650070558647845,0
-6.23084,34,7496.045658,-100.0,-0.6603612497205881,0
-6.067347,35,7496.618428,-100.0,-0.7097130437848846,0
-5.959474,33,7497.176496,-100.0,-0.7067927253035241,0
-5.952777,34,7497.738185,-100.0,-0.5894154983481513,0
-5.874716,33,7498.296501,-100.0,-0.6822970131239683,0
-5.561447,32,7498.844552,-100.0,-0.7525785893320299,0
-6.104844,39,7499.482911,-100.0,-0.6927871863479353,0
-6.204234,34,7500.049962,-100.0,-0.6688493474999498,0
-6.146828,35,7500.655153,-100.0,-0.640329683919185,0
-6.366361,39,7501.307927,-100.0,-0.7531610988594974,0
-5.780343,33,7501.865191,-100.0,-0.7436056102481808,0
-5.63838,34,7502.416953,-100.0,-0.694759506049698,0
-6.097969,33,7502.972738,-100.0,-0.7274744663211676,0
-5.831449,38,7503.609937,-100.0,-0.75706947622324,0
-6.180873,34,7504.183042,-100.0,-0.7062075637579345,0
-5.856787,34,7504.747363,-100.0,-0.671984657237291,0
-5.68794,33,7505.308271,-100.0,-0.8101378011600866,0
-5.907661,40,7505.975609,-100.0,-0.7380908912338316,0
-5.63183,38,7506.616163,-100.0,-0.8295454692173384,0
-5.87047,34,7507.199475,-100.0,-0.7275410469227203,0
-5.726026,35,7507.777812,-100.0,-0.9190203165860171,0
-5.80587,34,7508.345622,-100.0,-0.7926779683499304,0
-5.551886,38,7508.985842,-100.0,-0.9062640095947041,0
-6.077225,34,7509.564925,-100.0,-0.684277388389279,0
-5.993882,34,7510.126432,-100.0,-0.669951147410792,0
-6.044014,40,7510.810278,-100.0,-0.738774609224685,0
-5.840519,35,7511.392289,-100.0,-0.6839926715491375,0
-5.735266,32,7636.160485,-100.0,-0.7390023001767069,0
-5.403274,33,7636.713114,-100.0,-0.7999568871563029,0
-5.844804,33,7637.277942,-100.0,-0.6202101501693728,0
-6.07316,34,7637.851539,-100.0,-0.651350122391913,0
-5.954491,41,7638.54501,-100.0,-0.8410754334928259,0
-5.742598,42,7639.254458,-100.0,-0.8249078485964831,0
-5.954285,33,7639.798259,-100.0,-0.7365317887964633,0
-5.740238,34,7640.37064,-100.0,-0.7616924880789608,0
-5.427942,33,7640.915424,-100.0,-0.8730618602670158,0
-6.306368,35,7641.493501,-100.0,-0.6861155750622863,0
-6.01741,33,7642.051527,-100.0,-0.7454144585471751,0
-5.521114,35,7642.643445,-100.0,-0.8040709820903081,0
-5.838275,34,7643.206425,-100.0,-0.674795002539187,0
-5.455516,33,7643.760406,-100.0,-0.9036665859213104,0
-5.713303,32,7644.304795,-100.0,-0.8216319676342825,0
-6.27304,39,7644.948895,-100.0,-0.8163284477993085,0
-5.472707,32,7645.488997,-100.0,-0.9010658257989488,0
-6.055547,39,7646.156734,-100.0,-0.7844843946105405,0
-5.897403,33,7646.705347,-100.0,-0.654035600729977,0
-6.501221,36,7647.310557,-100.0,-0.7003863498341504,0
-6.079889,37,7647.9427,-100.0,-0.6591338722461522,0
-5.916311,39,7648.60069,-100.0,-0.6487343795945115,0
-6.066248,39,7649.241887,-100.0,-0.734565602647842,0
-5.680561,33,7649.79763,-100.0,-0.7675787588043466,0
-5.858862,39,7650.45095,-100.0,-0.7335042293675553,0
-5.71779,37,7651.064396,-100.0,-0.7257378552389446,0
-5.355677,32,7651.609206,-100.0,-0.8197147253221663,0
-5.322061,33,7652.168956,-100.0,-0.779302399033272,0
-5.605643,33,7652.72919,-100.0,-0.7048567086488139,0
-6.783745,34,7653.3005,-100.0,-0.6676994846210583,0
-6.177869,33,7653.864092,-100.0,-0.680177746487613,0
-5.76584,32,7654.391582,-100.0,-0.7595347976099168,0
-5.857566,34,7654.968181,-100.0,-0.6835887175865333,0
-6.042802,31,7655.450836,-100.0,-0.7607879869099108,0
-6.073759,34,7656.033917,-100.0,-0.6763307489189944,0
-6.110416,34,7656.589894,-100.0,-0.6176579374443579,0
-5.781872,33,7657.151765,-100.0,-0.762801676795244,0
-5.9777,34,7657.729739,-100.0,-0.6459429796646792,0
-6.002379,34,7658.297723,-100.0,-0.6425013008448214,0
-5.826048,33,7658.852466,-100.0,-0.7485572723206056,0
-5.600428,38,7659.487539,-100.0,-0.8787805294890051,0
-6.214187,36,7660.091756,-100.0,-0.6770551334152808,0
-5.921084,36,7660.692223,-100.0,-0.673246718805711,0
-5.67101,32,7661.229309,-100.0,-0.7928235897397709,0
-6.143763,42,7661.922115,-100.0,-0.7047336548980848,0
-5.713509,34,7662.508028,-100.0,-0.7713990185766068,0
-5.78794,34,7663.073653,-100.0,-0.7871314676142719,0
-6.028748,34,7663.638719,-100.0,-0.6847763435750679,0
-5.602267,33,7664.196319,-100.0,-0.8460891663880529,0
-5.970427,34,7664.781082,-100.0,-0.6546965498508379,0
-5.39359,32,7665.321979,-100.0,-0.7948109389759102,0
-5.578815,33,7665.876242,-100.0,-0.8173264223214184,0
-6.039552,34,7666.449196,-100.0,-0.7071255063276868,0
-5.756884,33,7666.994331,-100.0,-0.7461747640619578,0
-6.231982,34,7667.568988,-100.0,-0.6599950382241967,0
-5.480514,32,7668.101399,-100.0,-0.7800757586153708,0
-5.404888,34,7668.679081,-100.0,-0.8123839511263524,0
-6.027325,38,7669.308166,-100.0,-0.637878347540517,0
-6.321157,34,7669.883995,-100.0,-0.7026614309540551,0
-6.15764,36,7791.081427,-100.0,-0.6600342835164942,0
-6.159578,34,7791.661146,-100.0,-0.7563707691058128,0
-5.786826,34,7792.22943,-100.0,-0.7443263305666215,0
-5.757418,33,7792.784678,-100.0,-0.6843913151125358,0
-5.989204,33,7793.321829,-100.0,-0.6621135100505636,0
-5.763023,33,7793.88142,-100.0,-0.688626921028611,0
-5.664618,34,7794.451263,-100.0,-0.7794420653863172,0
-5.96866,41,7795.132758,-100.0,-0.7791628922509395,0
-5.629324,34,7795.707173,-100.0,-0.7332449405277978,0
-5.489486,33,7796.266105,-100.0,-0.7841085833113176,0
-5.544516,32,7796.808907,-100.0,-0.803446378543217,0
-5.977327,34,7797.390234,-100.0,-0.7043673337311699,0
-5.444562,33,7797.943379,-100.0,-0.7846822465091694,0
-5.994473,34,7798.526717,-100.0,-0.6790446199919989,0
-6.256404,33,7799.078608,-100.0,-0.7388825252757358,0
-5.815339,34,7799.651909,-100.0,-0.7122812030238319,0
-5.438722,32,7800.191701,-100.0,-0.8116642399907721,0
-5.962258,35,7800.790293,-100.0,-0.7027609985018874,0
-6.385767,40,7801.457236,-100.0,-0.7942510382485765,0
-5.787665,33,7802.008969,-100.0,-0.698921541789274,0
-6.234501,34,7802.584764,-100.0,-0.642687091213758,0
-5.769948,33,7803.149149,-100.0,-0.810692980452895,0
-5.919639,34,7803.715685,-100.0,-0.6504007432324475,0
-6.082492,39,7804.374949,-100.0,-0.687328676880317,0
-5.718571,33,7804.934988,-100.0,-0.8200000563686756,0
-5.815931,34,7805.506439,-100.0,-0.6961063402582811,0
-5.680467,33,7806.067539,-100.0,-0.7881508516252774,0
-6.002645,38,7806.694108,-100.0,-0.7195271934312989,0
-5.477969,32,7807.246202,-100.0,-0.7958998683283203,0
-5.907145,35,7807.836539,-100.0,-0.7445398840558279,0
-5.501656,36,7808.440483,-100.0,-0.7747418334066298,0
-5.493721,32,7808.973636,-100.0,-0.9173612830765447,0
-5.587531,33,7809.531711,-100.0,-0.7727028397223237,0
-6.17924,38,7810.165278,-100.0,-0.673701283305915,0
-5.69447,34,7810.73219,-100.0,-0.7524901520328825,0
-5.919186,35,7811.322993,-100.0,-0.685234880334937,0
-5.729019,34,7811.893707,-100.0,-0.8468288196796064,0
-5.984807,34,7812.465753,-100.0,-0.676189197352305,0
-5.524878,34,7813.036547,-100.0,-0.8643418833077791,0
-5.579856,34,7813.608693,-100.0,-0.8580705561275682,0
-5.505149,34,7814.172877,-100.0,-0.8540073899336492,0
-5.816648,33,7814.730335,-100.0,-0.7076102395685767,0
-5.610711,33,7815.287956,-100.0,-0.6751729758077878,0
-5.864663,41,7815.964581,-100.0,-0.7443770148464544,0
-6.161002,35,7816.55685,-100.0,-0.6042698868300039,0
-6.222612,43,7817.304662,-100.0,-0.7162051073889697,0
-6.088946,39,7817.955869,-100.0,-0.76194579339577,0
-5.786333,37,7818.576313,-100.0,-0.8176991493261712,0
-5.690954,34,7819.133438,-100.0,-0.7177743376887681,0
-5.776204,33,7819.698679,-100.0,-0.7674364853862659,0
-6.042421,34,7820.270431,-100.0,-0.7722574079677362,0
-5.619698,33,7820.828027,-100.0,-0.8059631127404931,0
-5.542896,39,7821.470362,-100.0,-0.8559673021616706,0
-6.003226,34,7822.049714,-100.0,-0.7179431734205006,0
-5.499988,33,7822.603179,-100.0,-0.7975244825667273,0
-5.828262,33,7823.161128,-100.0,-0.7995664125681596,0
-5.953375,34,7823.736163,-100.0,-0.7230963109282689,0
-5.981699,40,7824.387185,-100.0,-0.6995190165948476,0
-5.71736,32,7824.930427,-100.0,-0.7399179136587872,0
-6.377716,34,7825.500027,-100.0,-0.6727714789463034,0
-5.828701,33,7955.110526,-100.0,-0.6752096649947629,0
-5.866604,34,7955.742299,-100.0,-0.6823634963753682,0
-5.757776,32,7956.32384,-100.0,-0.8113513885690046,0
-5.911938,33,7956.919072,-100.0,-0.6535424281325604,0
-5.949667,33,7957.518496,-100.0,-0.6841395655408067,0
-5.660385,32,7958.109969,-100.0,-0.8237959774599128,0
-5.995055,34,7958.722233,-100.0,-0.6932391645686565,0
-5.727503,33,7959.319854,-100.0,-0.7183544060610693,0
-5.768533,38,7960.017758,-100.0,-0.7058518422926887,0
-5.872556,34,7960.629546,-100.0,-0.7387909980954762,0
-6.210586,33,7961.211343,-100.0,-0.7389027837947866,0
-6.461739,34,7961.831446,-100.0,-0.6426265638038222,0
-5.716814,34,7962.438119,-100.0,-0.7117749869497135,0
-5.975607,36,7963.112566,-100.0,-0.704946617496702,0
-5.956653,33,7963.704453,-100.0,-0.6472437245626826,0
-6.041142,33,7964.311794,-100.0,-0.6366864128340339,0
-5.687804,38,7964.995258,-100.0,-0.7127237300568258,0
-5.939573,34,7965.613294,-100.0,-0.7288331821767126,0
-5.973816,33,7966.208902,-100.0,-0.6675504457210398,0
-5.416326,33,7966.814591,-100.0,-0.8166005158447905,0
-5.523325,33,7967.416356,-100.0,-0.8048126160436339,0
-6.08433,40,7968.148564,-100.0,-0.6710493040027531,0
-5.782264,32,7968.723846,-100.0,-0.7805698578934528,0
-5.939569,34,7969.325907,-100.0,-0.6667495269632732,0
-5.863295,34,7969.964367,-100.0,-0.7366256055478945,0
-5.517632,32,7970.545284,-100.0,-0.8789693633751837,0
-5.523914,33,7971.138784,-100.0,-0.7603581545028217,0
-5.715995,34,7971.767899,-100.0,-0.7283351442160158,0
-5.675741,39,7972.467646,-100.0,-0.8402072594521722,0
-5.515178,33,7973.073712,-100.0,-0.8701387415232171,0
-5.708838,33,7973.651331,-100.0,-0.8019771884932482,0
-6.079915,41,7974.423929,-100.0,-0.6417518793896632,0
-6.15988,37,7975.088618,-100.0,-0.6742823602480068,0
-6.000562,33,7975.683705,-100.0,-0.6134182957392196,0
-5.610007,32,7976.271932,-100.0,-0.8130157314513221,0
-5.790916,38,7976.959151,-100.0,-0.7487891083004329,0
-5.645161,33,7977.563509,-100.0,-0.7392119484139426,0
-6.05396,33,7978.165529,-100.0,-0.6180700886942057,0
-5.734183,38,7978.851077,-100.0,-0.7954431128071843,0
-6.018629,37,7979.536037,-100.0,-0.6722054955038432,0
-5.704927,32,7980.11186,-100.0,-0.7973511973013244,0
-5.453574,32,7980.703287,-100.0,-0.786732983795767,0
-5.665465,32,7981.285745,-100.0,-0.7665003759310184,0
-5.799172,32,7981.861786,-100.0,-0.7582343248998754,0
-5.902066,33,7982.460473,-100.0,-0.7162866416845307,0
-5.495518,33,7983.063091,-100.0,-0.8620181876583656,0
-5.547798,34,7983.682918,-100.0,-0.8824361869643541,0
-6.254198,34,7984.307371,-100.0,-0.7196050675093426,0
-5.577649,39,7985.032407,-100.0,-0.8815248282207891,0
-5.636501,33,7985.642471,-100.0,-0.7261367771857553,0
-5.787808,33,7986.253769,-100.0,-0.7804315262140217,0
-6.108616,33,7986.839906,-100.0,-0.6123891951007325,0
-5.445531,34,7987.459267,-100.0,-0.8609489579127433,0
-5.606256,32,7988.027986,-100.0,-0.9083466342964845,0
-5.759203,34,7988.663039,-100.0,-0.7584281321178513,0
-5.762617,34,7989.267478,-100.0,-0.7264592321376327,0
-5.628929,32,7989.858062,-100.0,-0.7574011718154922,0
-6.164514,34,7990.466262,-100.0,-0.6405177448752588,0
-5.406585,34,7991.100298,-100.0,-0.764705402574804,0
-6.026774,34,7991.716592,-100.0,-0.6658917645506555,0
-6.114352,35,8110.677398,-100.0,-0.6633411245104112,0
-5.677819,35,8111.2753,-100.0,-0.8190358414038086,0
-5.588876,34,8111.846865,-100.0,-0.734174336687666,0
-6.065841,33,8112.398609,-100.0,-0.6925897476206857,0
-5.893204,33,8112.951487,-100.0,-0.6478408615588472,0
-5.952674,33,8113.511571,-100.0,-0.6475518970915738,0
-6.318584,36,8114.11238,-100.0,-0.7850896097798287,0
-5.83443,34,8114.68854,-100.0,-0.7323854896756498,0
-6.355469,33,8115.246142,-100.0,-0.6541124212748729,0
-5.378501,32,8115.79399,-100.0,-0.8471358516952254,0
-5.80428,33,8116.33427,-100.0,-0.7143392153559429,0
-5.671961,34,8116.914829,-100.0,-0.7696585658743893,0
-6.093892,41,8117.596883,-100.0,-0.7528750361035084,0
-5.874152,33,8118.163175,-100.0,-0.7274861794277081,0
-6.136687,34,8118.733365,-100.0,-0.64367183390548,0
-5.640447,34,8119.312607,-100.0,-0.6903086281652242,0
-5.642701,32,8119.85015,-100.0,-0.8704463469335229,0
-5.544961,33,8120.403895,-100.0,-0.8322621313747821,0
-5.690746,36,8121.019557,-100.0,-0.7479966946517469,0
-5.734798,34,8121.595362,-100.0,-0.7672844478102894,0
-5.61217,40,8122.264243,-100.0,-0.8007475052177924,0
-6.327757,37,8122.889791,-100.0,-0.6980020703632631,0
-6.117955,36,8123.502643,-100.0,-0.6603251503334894,0
-6.077128,34,8124.074687,-100.0,-0.6832789668702806,0
-5.695458,32,8124.616242,-100.0,-0.8065174625361365,0
-5.388375,33,8125.169344,-100.0,-0.8106110108938642,0
-6.022614,40,8125.832717,-100.0,-0.7412433707342201,0
-5.93145,33,8126.399124,-100.0,-0.6806177976602856,0
-5.530993,33,8126.94909,-100.0,-0.8656575232244241,0
-5.775869,33,8127.514613,-100.0,-0.666878439487065,0
-6.038656,34,8128.075856,-100.0,-0.7124669143299798,0
-5.497112,33,8128.640193,-100.0,-0.7566679601536571,0
-5.577701,33,8129.201252,-100.0,-0.7869811137522256,0
-5.755735,34,8129.779772,-100.0,-0.6775561594671426,0
-6.193032,42,8130.478489,-100.0,-0.7095785975225549,0
-5.992258,33,8131.034548,-100.0,-0.7233484443228547,0
-5.335012,33,8131.594964,-100.0,-0.8051546379816773,0
-5.5584,35,8132.198668,-100.0,-0.8029561242318521,0
-5.679293,33,8132.753715,-100.0,-0.6909620371743628,0
-5.704613,33,8133.315564,-100.0,-0.9003285118000497,0
-5.567952,33,8133.866056,-100.0,-0.8304942178317154,0
-5.813349,33,8134.422624,-100.0,-0.662483777810839,0
-5.671648,32,8134.965061,-100.0,-0.8130762309437479,0
-5.744492,34,8135.538457,-100.0,-0.7701874090719543,0
-5.818699,33,8136.095297,-100.0,-0.7030999308787006,0
-5.615427,36,8136.709021,-100.0,-0.8656092974029109,0
-5.321096,32,8137.242702,-100.0,-0.7840586724874506,0
-5.570443,38,8137.893609,-100.0,-0.8327070853458199,0
-5.519688,33,8138.443633,-100.0,-0.77908108919798,0
-5.501694,32,8138.972502,-100.0,-0.7295406999855074,0
-6.131034,36,8139.596927,-100.0,-0.8634395224181624,0
-5.912864,33,8140.139137,-100.0,-0.757946837084579,0
-6.321927,36,8140.759612,-100.0,-0.7080714731750116,0
-5.733283,35,8141.347362,-100.0,-0.7006016224388854,0
-5.742496,35,8141.932135,-100.0,-0.7709772846511034,0
-5.55885,38,8142.567695,-100.0,-0.7894655240233587,0
-5.213491,32,8143.101686,-100.0,-0.8371907562808101,0
-6.191238,36,8143.71506,-100.0,-0.7241027973602634,0
-5.990203,33,8144.270724,-100.0,-0.6904131975671748,0
-5.828315,37,8262.779624,-100.0,-0.8157469082633764,0
-6.092712,34,8263.357697,-100.0,-0.6739753240590503,0
-6.051405,34,8263.932562,-100.0,-0.7017870250431738,0
-5.835762,33,8264.489457,-100.0,-0.7185629661448504,0
-5.662006,32,8265.036848,-100.0,-0.900738503098751,0
-5.722388,36,8265.639329,-100.0,-0.8163504891202232,0
-5.499374,32,8266.183412,-100.0,-0.8706452332173273,0
-5.374376,32,8266.731567,-100.0,-0.8378418953719444,0
-5.577697,34,8267.309726,-100.0,-0.7167574416910142,0
-5.940512,35,8267.902928,-100.0,-0.6875568213844165,0
-5.629272,36,8268.514277,-100.0,-0.782720325419501,0
-5.727342,35,8269.106948,-100.0,-0.7227602985933906,0
-5.61573,33,8269.661756,-100.0,-0.8426567286408382,0
-5.820503,34,8270.239251,-100.0,-0.7334760609186987,0
-5.587397,34,8270.819211,-100.0,-0.757003504176954,0
-5.510793,32,8271.363019,-100.0,-0.8661756689815739,0
-5.723166,33,8271.92499,-100.0,-0.7423336287294882,0
-5.622695,33,8272.493686,-100.0,-0.8135549903052837,0
-5.481074,33,8273.052863,-100.0,-0.8527451734802025,0
-5.968118,33,8273.613205,-100.0,-0.7451089197029626,0
-5.673856,33,8274.168867,-100.0,-0.6341379384042315,0
-5.806247,32,8274.705821,-100.0,-0.7611857913894926,0
-5.793191,33,8275.26745,-100.0,-0.7678529323754963,0
-5.816641,34,8275.851992,-100.0,-0.6804534827546297,0
-5.59146,33,8276.408512,-100.0,-0.8340691110652527,0
-5.735508,33,8276.97293,-100.0,-0.730552732190608,0
-5.850213,33,8277.527306,-100.0,-0.6124106142116544,0
-6.013347,44,8278.269374,-100.0,-0.7701345474161063,0
-5.90833,33,8278.834776,-100.0,-0.7359310648298238,0
-6.062672,33,8279.39534,-100.0,-0.6099226535930299,0
-5.418591,34,8279.970586,-100.0,-0.8251701086940564,0
-5.702812,35,8280.55891,-100.0,-0.7403358608435175,0
-5.935773,34,8281.135089,-100.0,-0.7220406844045473,0
-5.819967,35,8281.724168,-100.0,-0.7193728169582071,0
-5.702079,32,8282.269998,-100.0,-0.7577528308180981,0
-5.80296,33,8282.818971,-100.0,-0.7254156131665956,0
-5.792567,32,8283.362516,-100.0,-0.7829507649988787,0
-5.915222,38,8284.001581,-100.0,-0.8395600864259851,0
-5.451247,32,8284.543397,-100.0,-0.9138660361668628,0
-5.614749,32,8285.093118,-100.0,-0.7471225198779122,0
-5.777598,38,8285.745037,-100.0,-0.7817941090498818,0
-5.735411,38,8286.381645,-100.0,-0.7945904207808729,0
-5.650452,36,8287.00133,-100.0,-0.7402919831357434,0
-5.706029,32,8287.543013,-100.0,-0.8263439157334578,0
-5.736086,33,8288.099015,-100.0,-0.6518782528150507,0
-5.783326,34,8288.662539,-100.0,-0.7364972096976053,0
-5.482836,33,8289.223066,-100.0,-0.8111242010696028,0
-5.962821,34,8289.788545,-100.0,-0.6585701384316647,0
-5.975033,35,8290.395733,-100.0,-0.7132696285079958,0
-5.695457,33,8290.95739,-100.0,-0.6768400300710231,0
-5.88817,33,8291.517518,-100.0,-0.7797136369169192,0
-5.411888,33,8292.06901,-100.0,-0.7938781422784827,0
-5.731039,33,8292.624292,-100.0,-0.7322436866531741,0
-5.809796,34,8293.191179,-100.0,-0.614876966838403,0
-5.797104,32,8293.732128,-100.0,-0.7973510582989635,0
-5.937511,32,8294.268047,-100.0,-0.7768391536271402,0
-6.062072,41,8294.973456,-100.0,-0.7051065617869402,0
-5.620631,34,8295.558235,-100.0,-0.7125130110713421,0
-5.597191,40,8296.244526,-100.0,-0.8372835073331317,0
-5.976438,33,8296.806436,-100.0,-0.624793253647393,0
-5.837257,35,8415.45452,-100.0,-0.717538552220886,0
-5.697523,36,8416.053071,-100.0,-0.7058926831153333,0
-5.519775,33,8416.61193,-100.0,-0.8200686861806201,0
-5.661249,32,8417.143209,-100.0,-0.8390256214835304,0
-5.355344,32,8417.69133,-100.0,-0.8366473122939072,0
-5.58041,42,8418.391556,-100.0,-0.9154927652985199,0
-5.912915,33,8418.958925,-100.0,-0.6681149340392973,0
-6.259533,35,8419.548713,-100.0,-0.6334096948590833,0
-5.726526,33,8420.116284,-100.0,-0.7319987046689053,0
-5.655153,34,8420.683706,-100.0,-0.7751813296875187,0
-5.508084,32,8421.234367,-100.0,-0.8673154108114925,0
-5.789299,34,8421.79246,-100.0,-0.7578022372764179,0
-5.36396,32,8422.336295,-100.0,-0.8642821487427856,0
-5.764124,33,8422.894166,-100.0,-0.7741928398591039,0
-5.982777,38,8423.549082,-100.0,-0.6425865663316144,0
-5.932973,33,8424.098407,-100.0,-0.7215446104598994,0
-5.817188,35,8424.692248,-100.0,-0.9346316339608317,0
-5.806348,34,8425.271429,-100.0,-0.7364347104808511,0
-5.717655,34,8425.845328,-100.0,-0.7268094999624929,0
-5.460831,34,8426.426123,-100.0,-0.7846472189820413,0
-5.823518,35,8427.020896,-100.0,-0.6775400868442055,0
-5.669196,35,8427.612188,-100.0,-0.8226836217731124,0
-5.540521,35,8428.194449,-100.0,-0.7777026829791708,0
-5.547262,34,8428.772012,-100.0,-0.7446785907994001,0
-5.529244,34,8429.349738,-100.0,-0.7809166123322181,0
-6.024755,34,8429.930311,-100.0,-0.6441372867322686,0
-5.393977,32,8430.461674,-100.0,-0.7860540910190458,0
-5.696823,33,8431.01285,-100.0,-0.772143494172985,0
-5.348267,33,8431.574126,-100.0,-0.8206218329321253,0
-5.487224,32,8432.130594,-100.0,-0.839080041605261,0
-5.544134,33,8432.689002,-100.0,-0.6999641756770312,0
-5.844675,35,8433.280315,-100.0,-0.7069470985003862,0
-5.490068,33,8433.840104,-100.0,-0.8197016042901432,0
-5.598631,32,8434.382795,-100.0,-0.8197072408191092,0
-5.574173,33,8434.944251,-100.0,-0.8068403715570011,0
-5.288113,33,8435.500994,-100.0,-0.8534521113110056,0
-5.525597,32,8436.040767,-100.0,-0.8152501172243585,0
-5.862121,34,8436.619066,-100.0,-0.7382710045720522,0
-5.546042,32,8437.152762,-100.0,-0.7849765771187308,0
-5.969245,34,8437.739178,-100.0,-0.6907406700975638,0
-5.651715,32,8438.267392,-100.0,-0.8245833443699602,0
-5.788567,33,8438.823732,-100.0,-0.8181030356692385,0
-5.819008,42,8439.551508,-100.0,-0.6858982220238877,0
-5.62581,34,8440.125478,-100.0,-0.7832598332809574,0
-5.973185,37,8440.761654,-100.0,-0.7446279889336422,0
-6.022604,37,8441.394405,-100.0,-0.6873142259744973,0
-5.513962,32,8441.944125,-100.0,-0.7875207485473463,0
-5.707737,41,8442.62034,-100.0,-0.7926125770590216,0
-5.891436,33,8443.186141,-100.0,-0.6960754848105357,0
-5.872958,33,8443.750589,-100.0,-0.7230024457558324,0
-5.604055,32,8444.273272,-100.0,-0.8596968714792231,0
-5.85149,34,8444.849879,-100.0,-0.6851986441510846,0
-5.922011,34,8445.433504,-100.0,-0.6752561232409534,0
-5.595631,33,8445.987597,-100.0,-0.8015070833795715,0
-5.360141,33,8446.543372,-100.0,-0.7907237309836541,0
-5.868495,39,8447.213273,-100.0,-0.6977267425120074,0
-5.650287,33,8447.766529,-100.0,-0.7416607882925389,0
-6.127716,35,8448.363118,-100.0,-0.6873542109650612,0
-6.06886,35,8448.94583,-100.0,-0.660517212719938,0
-5.576594,33,8449.511819,-100.0,-0.8108929337711984,0
-5.575064,33,8567.532952,-100.0,-0.8253555443615679,0
-5.552802,34,8568.09895,-100.0,-0.7454463111219157,0
-5.506208,33,8568.655465,-100.0,-0.827527487028667,0
-5.644417,32,8569.198297,-100.0,-0.7726731442008812,0
-5.466317,34,8569.776157,-100.0,-0.7845791609478105,0
-5.706554,33,8570.330033,-100.0,-0.6508243940338037,0
-5.887114,42,8571.050894,-100.0,-0.710616377769326,0
-5.609559,37,8571.66396,-100.0,-0.8649366226280323,0
-5.833763,34,8572.24174,-100.0,-0.686166090328115,0
-5.696032,37,8572.859097,-100.0,-0.7365234510421598,0
-5.737499,34,8573.434576,-100.0,-0.7104108502323149,0
-5.305029,33,8574.001762,-100.0,-0.7959422127170059,0
-5.788538,43,8574.716589,-100.0,-0.7264396025095499,0
-6.013692,41,8575.412294,-100.0,-0.6592563451805561,0
-5.899045,35,8576.004077,-100.0,-0.6956011991790033,0
-5.683524,33,8576.572382,-100.0,-0.7047902170568945,0
-6.366833,44,8577.328002,-100.0,-0.6672966506433697,0
-5.839608,33,8577.883481,-100.0,-0.6569905223810923,0
-5.55806,33,8578.44654,-100.0,-0.8381576752756343,0
-5.800535,33,8579.002707,-100.0,-0.7058973911771848,0
-5.656124,33,8579.559631,-100.0,-0.7450405126130485,0
-5.644656,33,8580.120829,-100.0,-0.7773199325210312,0
-5.543488,33,8580.690765,-100.0,-0.7883905768883978,0
-5.776036,35,8581.284353,-100.0,-0.7080523724009263,0
-6.087854,38,8581.947705,-100.0,-0.7125450197829407,0
-5.286547,33,8582.499377,-100.0,-0.7464134079271977,0
-5.528843,33,8583.057022,-100.0,-0.7684270084450963,0
-5.747967,33,8583.623497,-100.0,-0.6876671372625814,0
-5.58136,34,8584.197705,-100.0,-0.8173238341221892,0
-5.763326,34,8584.772774,-100.0,-0.6977072549137799,0
-5.292715,33,8585.330544,-100.0,-0.8425981807295186,0
-5.461878,33,8585.896385,-100.0,-0.7954541201035782,0
-5.705063,32,8586.439291,-100.0,-0.8585653966742169,0
-5.421753,38,8587.070595,-100.0,-0.8484682569136273,0
-5.49909,32,8587.621078,-100.0,-0.7928270860253078,0
-5.952395,37,8588.242301,-100.0,-0.7392386374909397,0
-5.52664,33,8588.79727,-100.0,-0.8471594387043222,0
-5.316714,33,8589.366488,-100.0,-0.8644835791791188,0
-5.671753,32,8589.899562,-100.0,-0.8191469735867982,0
-6.016839,39,8590.57498,-100.0,-0.7380989178386285,0
-5.352945,35,8591.165017,-100.0,-0.8151860492238712,0
-5.842182,38,8591.80074,-100.0,-0.7162946027278433,0
-5.808175,35,8592.392002,-100.0,-0.6871126449287455,0
-5.414386,34,8592.971045,-100.0,-0.8347344253241933,0
-6.025598,33,8593.541981,-100.0,-0.7063421017831185,0
-5.642231,33,8594.105072,-100.0,-0.6849845961083155,0
-5.544309,33,8594.661983,-100.0,-0.7980917851822525,0
-5.475633,33,8595.22318,-100.0,-0.7177982647743837,0
-6.802979,42,8595.934776,-100.0,-0.697394669557192,0
-5.67336,33,8596.49411,-100.0,-0.6616940346701898,0
-6.033507,33,8597.063231,-100.0,-0.6690407947482738,0
-6.142349,34,8597.63783,-100.0,-0.6596654561607984,0
-5.477262,35,8598.224683,-100.0,-0.9038932182649017,0
-5.415069,33,8598.781765,-100.0,-0.7839038183970405,0
-5.825491,33,8599.34774,-100.0,-0.7181870134720497,0
-5.493442,33,8599.909801,-100.0,-0.8167003963902512,0
-5.631586,33,8600.466854,-100.0,-0.6911404250215628,0
-5.656949,33,8601.233082,-100.0,-0.7462732972624636,0
-5.667174,33,8601.78316,-100.0,-0.7088124682592922,0
-5.893263,34,8602.348355,-100.0,-0.692340542785137,0
-6.048028,33,8718.049256,-100.0,-0.7287022171254512,0
-5.874917,33,8718.612401,-100.0,-0.7373796454771855,0
-5.448885,32,8719.15386,-100.0,-0.895135268253877,0
-5.545199,34,8719.742338,-100.0,-0.784094096904776,0
-5.546985,40,8720.412538,-100.0,-0.874880446049559,0
-5.293948,32,8720.952922,-100.0,-0.8804995798526604,0
-5.616403,35,8721.558271,-100.0,-0.788694641584822,0
-5.390996,33,8722.119792,-100.0,-0.7608050904933203,0
-5.41861,33,8722.687445,-100.0,-0.8340963134709858,0
-5.816178,33,8723.242113,-100.0,-0.6800546620434412,0
-5.822881,34,8723.830426,-100.0,-0.7110734831925875,0
-6.15883,33,8724.395708,-100.0,-0.7311450523124121,0
-5.182595,32,8724.948506,-100.0,-0.8558663463690206,0
-5.982222,42,8725.636414,-100.0,-0.7024188988292304,0
-5.547484,33,8726.199565,-100.0,-0.8149750360259992,0
-5.437043,33,8726.761561,-100.0,-0.7350455132046604,0
-5.981854,33,8727.328742,-100.0,-0.6768207120002554,0
-6.102446,34,8727.901836,-100.0,-0.6902178658992324,0
-5.96539,36,8728.517663,-100.0,-0.6942290927878005,0
-5.489769,32,8729.062586,-100.0,-0.8309896436950414,0
-5.898609,42,8729.765362,-100.0,-0.6863029803049709,0
-5.968984,34,8730.336216,-100.0,-0.7340825667638143,0
-5.624203,34,8730.911564,-100.0,-0.7106612255314767,0
-5.664431,33,8731.474948,-100.0,-0.7711514646625774,0
-5.952337,33,8732.035972,-100.0,-0.6896454076160461,0
-5.442668,32,8732.58072,-100.0,-0.8098508745810661,0
-5.375105,35,8733.171028,-100.0,-0.8686771797443595,0
-5.246797,33,8733.737425,-100.0,-0.881233964943375,0
-5.947333,33,8734.291582,-100.0,-0.8035788212030746,0
-5.557104,33,8734.860253,-100.0,-0.7692173096974564,0
-5.908017,33,8735.420182,-100.0,-0.6775996326508347,0
-5.675952,33,8735.988174,-100.0,-0.739358983395795,0
-5.777194,34,8736.561423,-100.0,-0.7917953148095669,0
-5.69921,33,8737.126933,-100.0,-0.6549135021542176,0
-5.774544,34,8737.705921,-100.0,-0.7380913410196365,0
-5.638761,34,8738.283704,-100.0,-0.7595058294069442,0
-5.773479,33,8738.835738,-100.0,-0.7966248804614293,0
-5.541651,41,8739.533934,-100.0,-0.7959683873561166,0
-5.422644,33,8740.100764,-100.0,-0.8286486910456773,0
-5.496319,33,8740.658333,-100.0,-0.8122608541523886,0
-6.353275,35,8741.247685,-100.0,-0.6259923300934452,0
-5.613376,33,8741.805168,-100.0,-0.7845165706229926,0
-5.495681,32,8742.348604,-100.0,-0.7870835140738273,0
-5.892447,35,8742.938981,-100.0,-0.7062661047112151,0
-5.812957,33,8743.503516,-100.0,-0.7397558692433702,0
-5.39853,33,8744.055435,-100.0,-0.817191688596556,0
-5.861316,40,8744.750721,-100.0,-0.7083790283633792,0
-5.716112,33,8745.319502,-100.0,-0.6747059121076892,0
-5.510717,33,8745.874208,-100.0,-0.7523958274513377,0
-5.671402,33,8746.437367,-100.0,-0.6947320807026818,0
-5.329844,32,8746.965742,-100.0,-0.8612725666788565,0
-5.935624,33,8747.53558,-100.0,-0.6772883463275452,0
-5.304941,32,8748.078564,-100.0,-0.8699193394224777,0
-5.480607,32,8748.615097,-100.0,-0.8329801300739678,0
-5.522752,33,8749.176191,-100.0,-0.8162130578267951,0
-5.854638,34,8749.753919,-100.0,-0.6565938368083047,0
-5.911455,33,8750.305154,-100.0,-0.7204159893623883,0
-5.819046,33,8750.862906,-100.0,-0.6717263592251971,0
-5.303968,32,8751.402547,-100.0,-0.8858310964142322,0
-5.860378,45,8752.18013,-100.0,-0.6773940791968626,0
-6.341375,39,8870.238299,-100.0,-0.7135963823513173,0
-5.898256,33,8870.798771,-100.0,-0.7016576484381076,0
-5.717022,34,8871.384746,-100.0,-0.7800280350503583,0
-5.652094,34,8871.965562,-100.0,-0.6981523948148621,0
-6.083945,33,8872.523188,-100.0,-0.7201342251614893,0
-5.805316,38,8873.169812,-100.0,-0.7545620320388402,0
-5.291312,32,8873.704088,-100.0,-0.9074530346062256,0
-5.610309,32,8874.25539,-100.0,-0.8099309971340202,0
-5.365473,33,8874.815766,-100.0,-0.866037032172282,0
-5.528843,32,8875.366414,-100.0,-0.8162063220890793,0
-5.332441,32,8875.92063,-100.0,-0.7627887268197309,0
-5.767682,35,8876.509017,-100.0,-0.6968424808278184,0
-6.014458,34,8877.084398,-100.0,-0.6321795942595232,0
-5.638442,34,8877.671889,-100.0,-0.7540880488823783,0
-5.833455,34,8878.248467,-100.0,-0.6859901456533516,0
-5.685585,35,8878.842621,-100.0,-0.8060003844761197,0
-5.664106,32,8879.378578,-100.0,-0.7597431913504646,0
-5.644435,33,8879.951458,-100.0,-0.7909115385721536,0
-5.606729,33,8880.509974,-100.0,-0.7690212152549599,0
-5.278527,33,8881.073463,-100.0,-0.8100953484783391,0
-5.672255,32,8881.62586,-100.0,-0.7608301003700907,0
-5.907585,34,8882.201453,-100.0,-0.7176775514361099,0
-5.977847,35,8882.793372,-100.0,-0.6337481872682357,0
-5.642253,32,8883.344014,-100.0,-0.8133358943120788,0
-5.297469,32,8883.894903,-100.0,-0.8764617920160219,0
-5.596131,34,8884.475878,-100.0,-0.7285709975894561,0
-5.547026,34,8885.04286,-100.0,-0.7506870779671189,0
-5.553422,33,8885.603124,-100.0,-0.7774536242738458,0
-5.438697,38,8886.262263,-100.0,-0.8961824226386279,0
-5.928513,41,8886.955563,-100.0,-0.6623798651677051,0
-5.586755,33,8887.51721,-100.0,-0.7526400197875514,0
-5.735747,33,8888.081183,-100.0,-0.7442506455816985,0
-5.489611,40,8888.759355,-100.0,-0.9175035757764217,0
-5.431619,34,8889.339732,-100.0,-0.7979846336564415,0
-5.654925,33,8889.898134,-100.0,-0.7623575123873743,0
-5.993555,34,8890.471641,-100.0,-0.7141628740710769,0
-6.120261,44,8891.215401,-100.0,-0.7131460545751495,0
-5.684453,32,8891.75023,-100.0,-0.7905249111822891,0
-5.606929,33,8892.315043,-100.0,-0.8274098537678394,0
-5.621968,34,8892.901165,-100.0,-0.7447085536759368,0
-5.967147,34,8893.474416,-100.0,-0.6999964693012676,0
-5.486991,33,8894.04404,-100.0,-0.800370023096544,0
-5.481749,33,8894.596756,-100.0,-0.7694120365319195,0
-5.777875,34,8895.172891,-100.0,-0.7247302164932037,0
-5.435404,34,8895.739702,-100.0,-0.7750936930143957,0
-5.978935,41,8896.442929,-100.0,-0.7746150611066012,0
-5.598894,34,8897.018601,-100.0,-0.7138799786745309,0
-5.451599,38,8897.653426,-100.0,-0.7056571977180492,0
-5.585058,32,8898.208097,-100.0,-0.8303053964580372,0
-5.52651,38,8898.856617,-100.0,-0.7407121490403757,0
-5.655277,33,8899.420688,-100.0,-0.7850467089007876,0
-5.521369,34,8899.997691,-100.0,-0.7924139613339184,0
-5.737581,33,8900.554982,-100.0,-0.6987817726606819,0
-5.90316,34,8901.148633,-100.0,-0.7514588765735045,0
-5.910036,35,8901.732198,-100.0,-0.6878917852746056,0
-5.964393,40,8902.430746,-100.0,-0.7603458135579713,0
-6.244889,38,8903.055669,-100.0,-0.7975548631911971,0
-5.787062,35,8903.657066,-100.0,-0.730291406910257,0
-5.385399,32,8904.186329,-100.0,-0.8519585657238317,0
-5.594469,33,9019.325493,-100.0,-0.7605148552981384,0
-5.553856,33,9019.882,-100.0,-0.7123854065093661,0
-5.591624,36,9020.498991,-100.0,-0.7235793738361069,0
-5.395944,32,9021.040415,-100.0,-0.8364620482182797,0
-5.361824,33,9021.608588,-100.0,-0.7767452570764289,0
-5.665907,32,9022.150328,-100.0,-0.7656705800102402,0
-5.327159,32,9022.683876,-100.0,-0.8132184409299749,0
-5.615239,33,9023.247765,-100.0,-0.7864550734444109,0
-5.439049,34,9023.834078,-100.0,-0.711324460465223,0
-5.259975,33,9024.395383,-100.0,-0.8810928099215899,0
-6.087435,34,9024.978543,-100.0,-0.6316311205481301,0
-5.849483,33,9025.540956,-100.0,-0.6226979150609707,0
-5.954426,44,9026.259023,-100.0,-0.87227904209866,0
-5.761316,33,9026.826145,-100.0,-0.6998211840869556,0
-5.539895,33,9027.381178,-100.0,-0.7653619591537236,0
-5.567379,33,9027.949332,-100.0,-0.7585371536289518,0
-5.755684,34,9028.531747,-100.0,-0.6499404288185534,0
-5.86502,33,9029.090583,-100.0,-0.6618532685024994,0
-5.697602,33,9029.65819,-100.0,-0.7672399278658603,0
-5.635973,34,9030.241343,-100.0,-0.6862745230041682,0
-5.25563,32,9030.779577,-100.0,-0.8765318080131558,0
-6.115778,33,9031.344134,-100.0,-0.6714296470472175,0
-5.64492,36,9031.955991,-100.0,-0.7586022206703337,0
-5.704776,32,9032.494621,-100.0,-0.8072068380452017,0
-5.713992,33,9033.041195,-100.0,-0.7689998559662096,0
-5.666178,33,9033.582579,-100.0,-0.7136243103188705,0
-5.925462,33,9034.147408,-100.0,-0.7050971169700173,0
-5.909834,34,9034.735954,-100.0,-0.6660294996912183,0
-5.534088,33,9035.305515,-100.0,-0.7860216806622574,0
-5.595065,32,9035.843504,-100.0,-0.7662321567262864,0
-6.056513,34,9036.420336,-100.0,-0.6417428772398484,0
-5.446843,33,9036.982155,-100.0,-0.8371592747468054,0
-5.969819,33,9037.545797,-100.0,-0.7120916347602224,0
-6.238051,36,9038.159131,-100.0,-0.8009106538991936,0
-5.810586,36,9038.771299,-100.0,-0.695727291717238,0
-5.765731,32,9039.318629,-100.0,-0.7303577364994237,0
-5.497685,32,9039.869211,-100.0,-0.7816812785041721,0
-6.298442,43,9040.591951,-100.0,-0.7007748570954916,0
-5.622922,33,9041.151618,-100.0,-0.7682529367967955,0
-5.533471,32,9041.698762,-100.0,-0.738846056440752,0
-5.532525,33,9042.266781,-100.0,-0.7615650451292917,0
-5.575366,33,9042.829202,-100.0,-0.720703515235138,0
-5.818071,33,9043.390973,-100.0,-0.7050072242433666,0
-5.93752,35,9043.984982,-100.0,-0.6609642074158225,0
-5.421147,32,9044.530836,-100.0,-0.862671853227063,0
-5.745314,33,9045.090937,-100.0,-0.698763566929552,0
-6.029354,34,9045.67546,-100.0,-0.7342722455711507,0
-5.394925,32,9046.212654,-100.0,-0.8460213247126088,0
-5.910779,34,9046.791111,-100.0,-0.7120177276048261,0
-5.729449,33,9047.354962,-100.0,-0.7298316773114946,0
-5.643933,33,9047.924567,-100.0,-0.6587206649669459,0
-5.909605,36,9048.533024,-100.0,-0.665475970616029,0
-5.473112,33,9049.286377,-100.0,-0.7754393792324705,0
-6.266163,35,9049.879062,-100.0,-0.7374538928006195,0
-5.530798,33,9050.433031,-100.0,-0.727747295342715,0
-5.449372,32,9050.984044,-100.0,-0.8549168536450615,0
-5.409077,33,9051.540962,-100.0,-0.7945284379098942,0
-5.428476,31,9052.063076,-100.0,-0.8442820662221676,0
-5.447099,33,9052.628678,-100.0,-0.7796645034721552,0
-5.95264,36,9053.242306,-100.0,-0.710942603712956,0
-5.475881,33,9053.786902,-100.0,-0.7538082172731345,0
-6.21433,35,9171.231918,-100.0,-0.7150148629797739,0
-5.651924,33,9171.794421,-100.0,-0.7488545291756781,0
-5.50452,33,9172.37327,-100.0,-0.7506310496022853,0
-5.779475,33,9172.937788,-100.0,-0.7139265308577112,0
-6.073852,35,9173.527951,-100.0,-0.6607510186980105,0
-6.009247,33,9174.082178,-100.0,-0.6356617415581259,0
-5.349562,32,9174.637687,-100.0,-0.9133808126511115,0
-5.576272,34,9175.215659,-100.0,-0.6907191337200459,0
-5.624818,33,9175.776597,-100.0,-0.7530466432546725,0
-5.596996,34,9176.360011,-100.0,-0.702267237558265,0
-5.506693,32,9176.902797,-100.0,-0.8042221172965208,0
-5.904639,43,9177.647865,-100.0,-0.7985776634153493,0
-6.140626,37,9178.272462,-100.0,-0.6958688569181047,0
-5.496087,33,9178.832783,-100.0,-0.8163964215211948,0
-5.728973,34,9179.398259,-100.0,-0.6962309350575786,0
-5.660131,33,9179.969137,-100.0,-0.726524934596113,0
-5.522381,38,9180.622852,-100.0,-0.7500163988513443,0
-5.791364,34,9181.199473,-100.0,-0.664514177216542,0
-5.677992,33,9181.769158,-100.0,-0.7719480476986091,0
-5.326135,33,9182.327827,-100.0,-0.830884421350172,0
-5.644366,34,9182.907906,-100.0,-0.9033812882217036,0
-5.391048,33,9183.468844,-100.0,-0.763215460092378,0
-5.488371,34,9184.047827,-100.0,-0.8419552375340155,0
-5.551089,33,9184.617748,-100.0,-0.7570570339503057,0
-5.313631,33,9185.183247,-100.0,-0.8601215267289243,0
-5.576853,33,9185.744133,-100.0,-0.8013800325303375,0
-6.15882,35,9186.340182,-100.0,-0.6540470154540913,0
-5.864501,33,9186.898242,-100.0,-0.7072714242035474,0
-6.04867,34,9187.486498,-100.0,-0.6618854230141418,0
-5.547579,32,9188.038684,-100.0,-0.792058676182819,0
-5.446522,32,9188.583433,-100.0,-0.7828054742880892,0
-5.947475,34,9189.162125,-100.0,-0.5820135354531778,0
-5.750066,33,9189.733261,-100.0,-0.6671425191166179,0
-5.579721,33,9190.29049,-100.0,-0.7579429422922338,0
-5.563825,33,9190.842873,-100.0,-0.7556423790898469,0
-5.999214,34,9191.436689,-100.0,-0.6431988220411597,0
-5.529576,33,9191.992037,-100.0,-0.7710298636249407,0
-5.914298,36,9192.61618,-100.0,-0.6929847010480206,0
-5.562187,33,9193.174685,-100.0,-0.7127575371126175,0
-5.469422,33,9193.737061,-100.0,-0.8100542314816789,0
-5.550952,38,9194.390935,-100.0,-0.8057823445079066,0
-6.039896,34,9194.968171,-100.0,-0.6223401767108085,0
-5.631077,35,9195.562267,-100.0,-0.7291923978068808,0
-5.599558,36,9196.188051,-100.0,-0.8041757226439272,0
-5.243092,33,9196.749501,-100.0,-0.8139446593119882,0
-5.851064,33,9197.314919,-100.0,-0.7199239480218821,0
-5.316704,32,9197.866618,-100.0,-0.8201051209163541,0
-5.285587,32,9198.388939,-100.0,-0.9181234841114969,0
-5.740802,38,9199.042422,-100.0,-0.7688165244376973,0
-5.75238,33,9199.61044,-100.0,-0.750327642060099,0
-5.672767,33,9200.159333,-100.0,-0.786217621102501,0
-5.312177,32,9200.701684,-100.0,-0.8778626854770619,0
-5.748444,34,9201.283326,-100.0,-0.6138439197150451,0
-5.54701,32,9201.830492,-100.0,-0.6783111677792283,0
-5.893936,34,9202.419247,-100.0,-0.6384431217925843,0
-5.808913,33,9202.984666,-100.0,-0.7023586087239152,0
-5.668178,51,9203.878172,-100.0,-0.8118516977575839,0
-5.794144,34,9204.457782,-100.0,-0.6865148692388683,0
-6.371779,35,9205.046926,-100.0,-0.7038603199580601,0
-5.634847,34,9205.637166,-100.0,-0.7894720262483078,0
-5.559547,32,9323.206318,-100.0,-0.8650737008802449,0
-5.463715,32,9323.74959,-100.0,-0.8389841574859794,0
-5.529418,34,9324.337516,-100.0,-0.7745193375328081,0
-5.887985,33,9324.893936,-100.0,-0.6681628869861607,0
-5.675795,33,9325.459141,-100.0,-0.6606280913888185,0
-5.67911,34,9326.030795,-100.0,-0.751344285269715,0
-5.755592,34,9326.614991,-100.0,-0.7367929203604848,0
-5.775839,33,9327.163104,-100.0,-0.6771966635606284,0
-5.796284,34,9327.746415,-100.0,-0.6743258435496677,0
-5.568343,33,9328.309686,-100.0,-0.7656365900577669,0
-5.532633,33,9328.881399,-100.0,-0.7978442945387099,0
-5.902224,34,9329.463448,-100.0,-0.6708630191878225,0
-5.643372,33,9330.016937,-100.0,-0.7264033222719979,0
-5.571277,34,9330.600082,-100.0,-0.7356550761432022,0
-5.886502,33,9331.165618,-100.0,-0.6881942872309932,0
-5.166523,32,9331.71946,-100.0,-0.8090855578064124,0
-5.449376,34,9332.291641,-100.0,-0.7944275732323358,0
-5.651586,33,9332.862659,-100.0,-0.6653653456195376,0
-5.618625,33,9333.427009,-100.0,-0.7094374869423803,0
-5.634503,33,9333.999995,-100.0,-0.7463341837116338,0
-6.076632,42,9334.710625,-100.0,-0.6792138557850037,0
-5.792617,33,9335.274112,-100.0,-0.6652838132236316,0
-5.597953,33,9335.832216,-100.0,-0.770227631553399,0
-5.478744,32,9336.379985,-100.0,-0.7414449637534294,0
-5.764828,34,9336.96519,-100.0,-0.7148954848327882,0
-5.422821,33,9337.51872,-100.0,-0.7245549504245082,0
-5.489144,33,9338.07784,-100.0,-0.7271963238760496,0
-5.515192,33,9338.647097,-100.0,-0.8129428915955188,0
-5.399672,33,9339.211474,-100.0,-0.7409491986671174,0
-5.430873,33,9339.774349,-100.0,-0.7378926952507086,0
-5.70853,34,9340.356184,-100.0,-0.7492480635722939,0
-5.581082,33,9340.919687,-100.0,-0.7772693479589144,0
-5.508842,34,9341.497446,-100.0,-0.8372519985107743,0
-5.503783,33,9342.063637,-100.0,-0.7060905734403216,0
-6.018527,34,9342.648565,-100.0,-0.6786341533964864,0
-5.069676,32,9343.199564,-100.0,-0.8656664377337311,0
-5.903879,35,9343.80025,-100.0,-0.6501657229197823,0
-5.390225,32,9344.352038,-100.0,-0.7935020715205217,0
-6.450432,39,9345.015014,-100.0,-0.676378598228788,0
-6.132886,37,9345.650726,-100.0,-0.6791166843468551,0
-5.478537,33,9346.222158,-100.0,-0.7523280178245283,0
-5.614199,34,9346.800445,-100.0,-0.7496552409066104,0
-5.760248,33,9347.358587,-100.0,-0.7792752738343354,0
-5.824261,34,9347.937975,-100.0,-0.6628235815834503,0
-6.036357,40,9348.621943,-100.0,-0.7122629338176923,0
-5.568042,33,9349.18907,-100.0,-0.7621706466032313,0
-5.489312,35,9349.778575,-100.0,-0.6649751493685724,0
-5.319243,32,9350.331406,-100.0,-0.8559695932550971,0
-5.818605,33,9350.897277,-100.0,-0.7574444040545374,0
-5.87653,33,9351.455666,-100.0,-0.7284513706547021,0
-5.534625,32,9351.992628,-100.0,-0.7599710115562371,0
-5.908647,34,9352.57791,-100.0,-0.7091234066605281,0
-5.773389,33,9353.137004,-100.0,-0.6153578045804156,0
-5.430105,33,9353.710989,-100.0,-0.7888272223265972,0
-5.666356,36,9354.331998,-100.0,-0.7642444482105434,0
-6.129806,35,9354.927544,-100.0,-0.6849527734914275,0
-5.698614,33,9355.494269,-100.0,-0.6762348214616695,0
-5.861014,33,9356.052867,-100.0,-0.6692022752481149,0
-5.509575,33,9356.623949,-100.0,-0.7419062854279883,0
-5.774446,34,9357.204786,-100.0,-0.6484572083731106,0
-5.628868,33,9357.76951,-100.0,-0.7799947624086975,0
-5.753669,34,9473.244303,-100.0,-0.7378424382515292,0
-5.573085,33,9473.800671,-100.0,-0.7042038747923568,0
-5.882497,40,9474.48883,-100.0,-0.714853120751539,0
-5.748427,33,9475.05026,-100.0,-0.6751104277279517,0
-5.380032,34,9475.626894,-100.0,-0.8010324398768024,0
-6.09364,34,9476.211243,-100.0,-0.6724837416029141,0
-5.807105,33,9476.77898,-100.0,-0.7092548756385253,0
-5.439665,33,9477.332814,-100.0,-0.8611482169380483,0
-5.495902,32,9477.877955,-100.0,-0.7468981071576745,0
-5.710845,37,9478.513264,-100.0,-0.678804031559722,0
-5.674328,33,9479.06419,-100.0,-0.7608353773677377,0
-5.719265,34,9479.640165,-100.0,-0.701916547742856,0
-5.321434,32,9480.180748,-100.0,-0.5483503469092462,0
-5.573957,33,9480.748751,-100.0,-0.7153337140258348,0
-5.651094,33,9481.298923,-100.0,-0.7294477386873968,0
-5.326956,33,9481.867883,-100.0,-0.7971961655178981,0
-5.396166,33,9482.433816,-100.0,-0.7523604321915114,0
-5.182807,33,9482.998311,-100.0,-0.7873833292105238,0
-5.370556,33,9483.564002,-100.0,-0.8117108642294422,0
-5.323632,32,9484.108462,-100.0,-0.8114727554067929,0
-5.2948,32,9484.664748,-100.0,-0.8062958236885855,0
-5.726609,35,9485.261693,-100.0,-0.7928811327314779,0
-5.910223,33,9485.835464,-100.0,-0.7275702885662831,0
-5.164626,33,9486.393048,-100.0,-0.8586513701090515,0
-5.574928,33,9486.959232,-100.0,-0.7741347043709335,0
-5.378937,32,9487.503241,-100.0,-0.8523228535130375,0
-5.6344,33,9488.072233,-100.0,-0.6740139472031195,0
-5.733732,35,9488.667125,-100.0,-0.6577272491921827,0
-5.633013,33,9489.22479,-100.0,-0.7805935576673568,0
-5.841712,33,9489.794596,-100.0,-0.7218310396326072,0
-5.366293,32,9490.339107,-100.0,-0.8909419634636946,0
-5.184518,32,9490.895242,-100.0,-0.8183130442835113,0
-5.24682,32,9491.440319,-100.0,-0.8632201290619804,0
-5.815124,42,9492.144598,-100.0,-0.758310049581591,0
-5.453221,35,9492.745039,-100.0,-0.8361725673310084,0
-5.334271,32,9493.286585,-100.0,-0.8441368148017562,0
-5.664864,34,9493.869448,-100.0,-0.7153669991348306,0
-5.622118,33,9494.438537,-100.0,-0.7207078085185106,0
-5.445668,32,9494.987149,-100.0,-0.8194181738540426,0
-5.257262,32,9495.527103,-100.0,-0.8131158213631992,0
-5.710875,33,9496.09549,-100.0,-0.7001656521155895,0
-5.607723,34,9496.681841,-100.0,-0.716107602375029,0
-5.65316,33,9497.243584,-100.0,-0.6671503421418535,0
-5.605321,33,9498.010529,-100.0,-0.6707692029928195,0
-5.723382,38,9498.659745,-100.0,-0.7044933904480256,0
-5.383332,33,9499.222965,-100.0,-0.7451856547538779,0
-5.660176,33,9499.788968,-100.0,-0.7172538751573054,0
-5.776843,40,9500.478827,-100.0,-0.7485739737794226,0
-5.688999,33,9501.044943,-100.0,-0.7864812629870404,0
-5.980798,35,9501.643352,-100.0,-0.6837491205555999,0
-5.85932,33,9502.202219,-100.0,-0.7001636255970402,0
-5.790655,33,9502.766155,-100.0,-0.670707967140529,0
-5.762064,39,9503.421474,-100.0,-0.815391728764869,0
-5.893108,34,9504.0151,-100.0,-0.6316129301206933,0
-5.754604,35,9504.605381,-100.0,-0.8307067041163476,0
-5.341739,33,9505.173744,-100.0,-0.8788139435319351,0
-5.230869,32,9505.723885,-100.0,-0.8230391135251494,0
-5.555496,33,9506.296607,-100.0,-0.7449762707173071,0
-6.049895,37,9506.90855,-100.0,-0.6836560054718515,0
-5.675381,33,9507.478074,-100.0,-0.6338303712153336,0
-5.969906,34,9508.04906,-100.0,-0.6825322828116334,0
-5.602253,33,9624.866407,-100.0,-0.7561847968254104,0
-5.732398,35,9625.461545,-100.0,-0.7200967664368284,0
-5.697398,34,9626.055076,-100.0,-0.7466849682747803,0
-5.586356,33,9626.622997,-100.0,-0.6978085561764047,0
-5.653961,33,9627.183382,-100.0,-0.7201616623720988,0
-5.684857,34,9627.750814,-100.0,-0.676866202929122,0
-5.44152,33,9628.319324,-100.0,-0.7289365539292512,0
-5.609434,33,9628.883499,-100.0,-0.7271192030855183,0
-5.742891,33,9629.444987,-100.0,-0.6901823384071136,0
-5.317602,33,9630.009803,-100.0,-0.8232131568641199,0
-5.775346,33,9630.568208,-100.0,-0.7013433195442591,0
-5.615111,34,9631.153952,-100.0,-0.7764792345487457,0
-5.371285,33,9631.715792,-100.0,-0.7898064493776336,0
-5.629055,32,9632.270895,-100.0,-0.7240684572974384,0
-5.360872,34,9632.846352,-100.0,-0.7621928564784728,0
-5.359372,33,9633.410233,-100.0,-0.7691141564486662,0
-5.50583,33,9633.976459,-100.0,-0.7668991899218393,0
-5.246239,38,9634.63116,-100.0,-0.8144435551743278,0
-5.697568,33,9635.186935,-100.0,-0.6364410894345773,0
-5.601328,33,9635.747728,-100.0,-0.7425840964816304,0
-5.658233,33,9636.322278,-100.0,-0.7172662665199726,0
-5.522015,33,9636.876014,-100.0,-0.7385487750317137,0
-5.904351,33,9637.442108,-100.0,-0.7039176708228837,0
-5.340872,32,9637.976095,-100.0,-0.7887101597621317,0
-5.963821,35,9638.585605,-100.0,-0.6704893106516955,0
-5.22222,32,9639.130657,-100.0,-0.8828998481041986,0
-5.322506,32,9639.677033,-100.0,-0.8963277491010574,0
-5.6589,34,9640.260978,-100.0,-0.7619389511401775,0
-5.710246,33,9640.827126,-100.0,-0.7374358727156325,0
-5.46335,40,9641.504386,-100.0,-0.8213811653148066,0
-5.419143,32,9642.045883,-100.0,-0.8248886084816317,0
-6.109539,35,9642.65874,-100.0,-0.6415453950006145,0
-5.607297,34,9643.236508,-100.0,-0.6751923734834441,0
-5.563206,32,9643.775715,-100.0,-0.8081774438907018,0
-5.487118,32,9644.318063,-100.0,-0.8122280400659451,0
-5.903081,33,9644.883085,-100.0,-0.6745842842190358,0
-5.783481,34,9645.465159,-100.0,-0.6384809842784681,0
-5.482554,33,9646.008291,-100.0,-0.7718937834878101,0
-5.856659,34,9646.595278,-100.0,-0.6564157105767956,0
-5.408116,32,9647.148489,-100.0,-0.7681130249713407,0
-5.261795,32,9647.688521,-100.0,-0.7082632984991126,0
-5.312429,33,9648.263265,-100.0,-0.8548814024218975,0
-5.666019,33,9648.825721,-100.0,-0.6938346347412522,0
-5.771035,33,9649.394579,-100.0,-0.688013593888695,0
-5.591492,33,9649.948512,-100.0,-0.7654913899487984,0
-5.963212,41,9650.649335,-100.0,-0.8312897956503713,0
-5.516074,33,9651.207547,-100.0,-0.7607037791370668,0
-5.911722,34,9651.787523,-100.0,-0.7273262589126132,0
-5.855717,32,9652.338974,-100.0,-0.698863131518912,0
-5.462733,33,9652.902462,-100.0,-0.7623603356802772,0
-5.580737,35,9653.507709,-100.0,-0.7529740162418683,0
-5.509534,33,9654.066997,-100.0,-0.8268093968442585,0
-5.209759,32,9654.614932,-100.0,-0.8636479751424897,0
-5.642536,33,9655.174174,-100.0,-0.7677519879901559,0
-5.538076,33,9655.74321,-100.0,-0.7231405090935393,0
-6.008039,40,9656.421715,-100.0,-0.7131039901968954,0
-5.829794,35,9657.021943,-100.0,-0.6772452820033482,0
-5.613423,34,9657.598401,-100.0,-0.6693433048627684,0
-5.762351,33,9658.16044,-100.0,-0.6918280031765963,0
-5.809124,34,9658.752599,-100.0,-0.6538259165650533,0
-5.960324,33,9773.518183,-100.0,-0.649230531826554,0
-5.770112,34,9774.101144,-100.0,-0.7425951146450318,0
-5.881324,34,9774.688768,-100.0,-0.638463439948791,0
-5.471575,32,9775.22206,-100.0,-0.8734557385698299,0
-5.60623,32,9775.758013,-100.0,-0.8350768551275329,0
-5.656202,33,9776.318532,-100.0,-0.7143742109669736,0
-5.819015,33,9776.890442,-100.0,-0.6629444588160164,0
-5.543419,34,9777.469958,-100.0,-0.6960059848000023,0
-5.559338,33,9778.041518,-100.0,-0.7281232608990538,0
-5.325499,32,9778.585354,-100.0,-0.8304477837218793,0
-5.669211,36,9779.214567,-100.0,-0.7134094555275329,0
-5.566828,33,9779.771911,-100.0,-0.7187497173548296,0
-5.303892,33,9780.33199,-100.0,-0.7387979023283451,0
-5.295241,33,9780.894102,-100.0,-0.8815030787539646,0
-5.973262,34,9781.484591,-100.0,-0.7226412928440205,0
-5.504553,33,9782.03516,-100.0,-0.7106106840827878,0
-5.762665,33,9782.601698,-100.0,-0.6577269155484993,0
-5.59855,33,9783.169863,-100.0,-0.7214711626920698,0
-5.657479,33,9783.73991,-100.0,-0.7564323095512187,0
-5.629939,35,9784.340631,-100.0,-0.667208028966264,0
-5.781287,33,9784.898317,-100.0,-0.7326803453541635,0
-5.538081,33,9785.463543,-100.0,-0.715599746633558,0
-5.849251,34,9786.037111,-100.0,-0.6738635806381396,0
-5.924538,33,9786.608243,-100.0,-0.7536528048562741,0
-5.386427,32,9787.154087,-100.0,-0.7819076846325772,0
-5.688759,33,9787.721987,-100.0,-0.7819072123237808,0
-6.006036,34,9788.312113,-100.0,-0.6873946667022954,0
-5.573055,32,9788.850611,-100.0,-0.8097398912203511,0
-5.792237,35,9789.455658,-100.0,-0.7160317779212187,0
-5.43611,33,9790.020051,-100.0,-0.8428880908603104,0
-5.589975,33,9790.5799,-100.0,-0.7094716664270831,0
-5.648651,33,9791.144893,-100.0,-0.7290482607285871,0
-5.20662,33,9791.708687,-100.0,-0.8205391685186504,0
-5.384012,32,9792.260724,-100.0,-0.8063796289454263,0
-5.812259,34,9792.839077,-100.0,-0.633310387472444,0
-6.023172,34,9793.424229,-100.0,-0.6803404615548565,0
-5.801932,34,9794.017795,-100.0,-0.7035965506920226,0
-5.729431,33,9794.58371,-100.0,-0.776258629554062,0
-5.302382,33,9795.136722,-100.0,-0.816642404805626,0
-5.610556,33,9795.708539,-100.0,-0.7251872942352581,0
-5.726606,33,9796.275418,-100.0,-0.7120040207051945,0
-5.611745,33,9796.8323,-100.0,-0.7241132085988191,0
-5.773542,32,9797.380325,-100.0,-0.8003199712688988,0
-5.643398,33,9797.950754,-100.0,-0.7198891326417857,0
-5.660987,35,9798.540895,-100.0,-0.8351969152429501,0
-5.538458,33,9799.113744,-100.0,-0.7645253109629508,0
-6.107183,35,9799.711274,-100.0,-0.6344555083639306,0
-5.487227,33,9800.278853,-100.0,-0.7250367470931205,0
-5.772349,34,9800.864977,-100.0,-0.7340674268704848,0
-5.749368,33,9801.429433,-100.0,-0.71750334531458,0
-5.25015,32,9801.982188,-100.0,-0.8554718989698835,0
-5.773809,33,9802.543287,-100.0,-0.6798669819821617,0
-5.369455,32,9803.102307,-100.0,-0.7991302878429434,0
-5.598369,34,9803.670974,-100.0,-0.6706719044436711,0
-5.72359,33,9804.235351,-100.0,-0.6750967407360917,0
-5.887466,34,9804.809789,-100.0,-0.6872760475166705,0
-5.7486,34,9805.397984,-100.0,-0.7291962453065877,0
-5.518743,33,9805.962746,-100.0,-0.7439561511468974,0
-5.568189,33,9806.514853,-100.0,-0.7385176052787494,0
-5.735415,33,9807.08734,-100.0,-0.7242166002139153,0
-5.798661,34,9807.664033,-100.0,-0.6666780130392091,0
-5.605866,33,9808.223139,-100.0,-0.7731031201211194,0
-5.465127,33,9925.01077,-100.0,-0.6677286766283066,0
-5.789607,33,9925.577245,-100.0,-0.6491966680104502,0
-5.326739,32,9926.13042,-100.0,-0.8811979144449004,0
-5.47812,34,9926.699132,-100.0,-0.6773156449738699,0
-5.236134,33,9927.264225,-100.0,-0.8250970250514383,0
-5.682988,32,9927.814044,-100.0,-0.809787566185649,0
-5.744872,33,9928.380308,-100.0,-0.726793486144754,0
-5.587539,34,9928.966795,-100.0,-0.7239752853507555,0
-5.485938,33,9929.536077,-100.0,-0.6922835941360691,0
-5.523646,33,9930.0966,-100.0,-0.7472481862608461,0
-5.382147,34,9930.682412,-100.0,-0.7691862724419454,0
-5.345622,32,9931.244,-100.0,-0.8388153067501387,0
-5.721334,33,9931.804924,-100.0,-0.7363536338443744,0
-5.363284,33,9932.370636,-100.0,-0.87274185050245,0
-5.421967,33,9932.931079,-100.0,-0.8366872389848639,0
-5.936411,35,9933.529502,-100.0,-0.6859417161047398,0
-5.6009,33,9934.100673,-100.0,-0.6969936301014111,0
-6.128509,35,9934.699084,-100.0,-0.6446777694027601,0
-5.361047,34,9935.282858,-100.0,-0.7049451187887276,0
-5.659499,33,9935.848333,-100.0,-0.7657281972695215,0
-5.50801,33,9936.412037,-100.0,-0.7007349957645963,0
-5.756459,34,9936.996213,-100.0,-0.7999079757588421,0
-5.208616,33,9937.55928,-100.0,-0.83753644255451,0
-5.220025,32,9938.115099,-100.0,-0.8051554558784755,0
-5.734775,33,9938.665312,-100.0,-0.7034295371953937,0
-5.552036,34,9939.25757,-100.0,-0.6732520061032755,0
-5.867663,34,9939.845654,-100.0,-0.6818815615597533,0
-5.662877,42,9940.558379,-100.0,-0.6917905084748797,0
-5.226837,32,9941.106404,-100.0,-0.8110288799158712,0
-5.762997,33,9941.671952,-100.0,-0.6696746008737573,0
-5.228619,32,9942.213351,-100.0,-0.805512543259809,0
-5.124223,33,9942.784469,-100.0,-0.8653869604521176,0
-6.01865,34,9943.373933,-100.0,-0.6950097884613272,0
-5.404919,33,9943.928781,-100.0,-0.7909268397895911,0
-5.344475,34,9944.70532,-100.0,-0.7812639439105572,0
-6.130565,37,9945.343236,-100.0,-0.6654593319269668,0
-5.818467,36,9945.956006,-100.0,-0.7159134501065821,0
-5.695147,33,9946.52854,-100.0,-0.7138181880221117,0
-5.762997,34,9947.118647,-100.0,-0.7355433415875304,0
-5.534607,33,9947.687889,-100.0,-0.6837678230427703,0
-5.356931,34,9948.259607,-100.0,-0.8298404001494868,0
-5.563214,32,9948.81633,-100.0,-0.8177924959957364,0
-5.68008,42,9949.52499,-100.0,-0.7007865538433525,0
-5.685449,34,9950.110736,-100.0,-0.7024637727076031,0
-5.559316,33,9950.675977,-100.0,-0.7311235550491889,0
-5.368343,33,9951.247311,-100.0,-0.7600961693526501,0
-5.655584,33,9951.811334,-100.0,-0.67289531870803,0
-5.952801,33,9952.384263,-100.0,-0.7223619672109328,0
-5.388038,33,9952.93983,-100.0,-0.7186295561051342,0
-5.831437,34,9953.529213,-100.0,-0.670890225983706,0
-5.98669,44,9954.285091,-100.0,-0.8118479917995847,0
-5.598939,33,9954.849193,-100.0,-0.6478399394292149,0
-5.359775,33,9955.420224,-100.0,-0.7601918520044112,0
-5.289414,33,9955.979632,-100.0,-0.7854673656379587,0
-5.98823,33,9956.541297,-100.0,-0.7102039131085868,0
-5.732814,34,9957.127829,-100.0,-0.6257083082216637,0
-5.403402,34,9957.702448,-100.0,-0.7625637471003464,0
-5.419046,33,9958.264682,-100.0,-0.7400615675527507,0
-5.919515,35,9958.858671,-100.0,-0.6830573578905026,0
-5.752381,33,9959.419243,-100.0,-0.7150949029899014,0
-5.827765,34,9959.997088,-100.0,-0.6675958246381353,0
-6.360751,33,10078.57797,-100.0,-0.6189759089462181,0
-5.288828,33,10079.137959,-100.0,-0.6819795606017892,0
-5.962349,34,10079.720357,-100.0,-0.6771844504658897,0
-5.528041,33,10080.284128,-100.0,-0.6814146001848733,0
-5.529512,35,10080.883952,-100.0,-0.7174050551400811,0
-5.572048,34,10081.466682,-100.0,-0.7103906248507239,0
-5.414657,32,10082.014817,-100.0,-0.8412054390064344,0
-5.662313,36,10082.625126,-100.0,-0.7233654730688646,0
-13.682805,72,10083.850858,-100.0,-0.38027229852950073,0
-5.528544,34,10084.422811,-100.0,-0.6874516048533253,0
-5.548029,35,10085.021491,-100.0,-0.6584876643125841,0
-5.674825,34,10085.609637,-100.0,-0.7284091922788295,0
-5.242646,33,10086.172392,-100.0,-0.8176755466602447,0
-5.748998,35,10086.767587,-100.0,-0.6381812320674034,0
-5.423558,34,10087.349994,-100.0,-0.6822674056404747,0
-5.367404,33,10087.909343,-100.0,-0.830977668934848,0
-5.742271,33,10088.470616,-100.0,-0.6319308602851259,0
-5.75438,32,10089.018215,-100.0,-0.6896172412036338,0
-5.476911,33,10089.582839,-100.0,-0.6870611620074288,0
-5.331891,32,10090.126208,-100.0,-0.8500032094426194,0
-5.751466,33,10090.686229,-100.0,-0.7107301511882039,0
-5.390067,34,10091.264039,-100.0,-0.7672419494523951,0
-5.3004,33,10091.814682,-100.0,-0.7107867262446949,0
-5.484166,33,10092.367226,-100.0,-0.7670797002491875,0
-5.906987,35,10092.963983,-100.0,-0.7247955345209927,0
-5.647076,35,10093.567086,-100.0,-0.6493049623402382,0
-5.370114,34,10094.148953,-100.0,-0.6979336212777507,0
-5.692704,33,10094.706818,-100.0,-0.6682631907412716,0
-5.760676,33,10095.271516,-100.0,-0.6716714554446923,0
-5.531535,33,10095.840774,-100.0,-0.6966037456805093,0
-5.194867,33,10096.396108,-100.0,-0.8330061207477403,0
-5.653358,34,10096.984187,-100.0,-0.7040939106716894,0
-5.647687,39,10097.648682,-100.0,-0.7473064863565824,0
-5.790697,34,10098.225782,-100.0,-0.6191092368327754,0
-5.422009,33,10098.789536,-100.0,-0.7189840231310951,0
-5.619632,33,10099.35113,-100.0,-0.6793023109318741,0
-5.2357,35,10099.947182,-100.0,-0.7690908724150214,0
-5.717764,33,10100.508484,-100.0,-0.6654294455505589,0
-5.271531,32,10101.060567,-100.0,-0.833876819870796,0
-5.487662,33,10101.620662,-100.0,-0.7712387841306323,0
-5.301897,33,10102.181493,-100.0,-0.8561292049512029,0
-5.864632,37,10102.815258,-100.0,-0.6697915194006399,0
-5.504177,34,10103.403457,-100.0,-0.6960563092538629,0
-5.650233,34,10103.963176,-100.0,-0.7311431820934243,0
-5.538904,33,10104.533014,-100.0,-0.7041434735893207,0
-5.609803,34,10105.104355,-100.0,-0.6764645694971883,0
-5.276874,32,10105.660426,-100.0,-0.8295034687907338,0
-5.899095,35,10106.256547,-100.0,-0.6457819303894768,0
-5.497077,33,10106.819853,-100.0,-0.7300745996659296,0
-5.47206,33,10107.38846,-100.0,-0.7093941195730252,0
-5.496808,35,10107.97982,-100.0,-0.6615118602047315,0
-5.712883,33,10108.553323,-100.0,-0.6348738865764851,0
-5.411818,36,10109.160253,-100.0,-0.7267915557346883,0
-5.96467,34,10109.743442,-100.0,-0.6845821431664509,0
-5.418342,33,10110.308847,-100.0,-0.767190442716907,0
-5.73248,35,10110.907136,-100.0,-0.6643625430122179,0
-5.785661,33,10111.475545,-100.0,-0.7055859424304294,0
-5.733944,34,10112.052019,-100.0,-0.7029051933747513,0
-5.964023,35,10112.651419,-100.0,-0.6369168631817578,0
-5.512807,33,10215.342562,-100.0,-0.7948697816521292,0
-5.784875,33,10215.91013,-100.0,-0.6458717988262968,0
-5.520618,33,10216.475239,-100.0,-0.7165887161705723,0
-5.788546,34,10217.051727,-100.0,-0.6855132075095252,0
-5.324281,32,10217.602656,-100.0,-0.8342541694624868,0
-5.222154,32,10218.140711,-100.0,-0.8161808574115884,0
-5.867512,34,10218.725595,-100.0,-0.6627997111004553,0
-5.456066,32,10219.273123,-100.0,-0.7589451643764327,0
-5.404266,33,10219.840982,-100.0,-0.8317858842241331,0
-5.552352,35,10220.435524,-100.0,-0.94118230094303,0
-5.711741,33,10221.002514,-100.0,-0.6781385379348981,0
-5.368147,33,10221.56508,-100.0,-0.7403348797787849,0
-5.464256,33,10222.13554,-100.0,-0.717238106065574,0
-5.77348,33,10222.710293,-100.0,-0.6174230344739455,0
-5.378931,35,10223.297728,-100.0,-0.7621107530810246,0
-5.524837,33,10223.864222,-100.0,-0.7263250143856029,0
-5.273571,33,10224.417202,-100.0,-0.8344616185289122,0
-5.522326,33,10224.983985,-100.0,-0.7149506185692788,0
-6.400132,50,10225.84776,-100.0,-0.7047302990128351,0
-5.434225,34,10226.421122,-100.0,-0.7671244456074026,0
-5.870138,36,10227.039066,-100.0,-0.5952981008330734,0
-5.529477,33,10227.596156,-100.0,-0.7511934489668293,0
-5.303028,33,10228.159791,-100.0,-0.8116625071200338,0
-5.450519,34,10228.736961,-100.0,-0.7313574945790337,0
-5.479419,33,10229.299143,-100.0,-0.7496785752646109,0
-5.664123,34,10229.874553,-100.0,-0.6211027031753866,0
-5.733097,33,10230.441175,-100.0,-0.6902552739558636,0
-6.335288,35,10231.027874,-100.0,-0.6870191008571507,0
-5.758969,37,10231.680949,-100.0,-0.872596871213092,0
-5.561611,34,10232.248547,-100.0,-0.7397268050674276,0
-5.868715,34,10232.836113,-100.0,-0.6316372841180528,0
-5.318847,33,10233.397452,-100.0,-0.7789184193177939,0
-5.547386,32,10233.945407,-100.0,-0.7797758538612174,0
-5.761397,33,10234.501395,-100.0,-0.6804028317993669,0
-5.925819,35,10235.105419,-100.0,-0.6284111956739463,0
-5.546367,34,10235.689618,-100.0,-0.6972008975556133,0
-5.144853,33,10236.252539,-100.0,-0.8301105708548356,0
-5.38836,34,10236.821058,-100.0,-0.8142258621248143,0
-5.389193,33,10237.389644,-100.0,-0.8257075410311581,0
-5.642025,35,10237.993947,-100.0,-0.6398094616718288,0
-5.608135,33,10238.558148,-100.0,-0.6868646038694769,0
-5.347901,32,10239.106349,-100.0,-0.8364557855785567,0
-5.675266,34,10239.689996,-100.0,-0.6623675507414241,0
-5.310819,34,10240.27861,-100.0,-0.7870161779765469,0
-5.657034,37,10240.901653,-100.0,-0.7692919569182392,0
-5.806978,34,10241.48436,-100.0,-0.6586359513412416,0
-5.577583,34,10242.059721,-100.0,-0.6994804620495665,0
-5.78606,34,10242.646609,-100.0,-0.6609305673134643,0
-5.789756,33,10243.205322,-100.0,-0.681422931061537,0
-5.954713,36,10243.823917,-100.0,-0.7125036755049555,0
-5.301286,32,10244.367282,-100.0,-0.7918130233109816,0
-5.717808,33,10244.933195,-100.0,-0.6867607006535801,0
-5.247943,40,10245.618688,-100.0,-0.8002886963833078,0
-5.337752,41,10246.312629,-100.0,-0.7624597409314137,0
-5.357705,33,10246.868781,-100.0,-0.7418230388125944,0
-5.379453,33,10247.425948,-100.0,-0.7902975620658076,0
-5.415641,33,10247.985937,-100.0,-0.7295277669288223,0
-5.525415,33,10248.547707,-100.0,-0.731875544864477,0
-5.98232,34,10249.130843,-100.0,-0.6342203681362669,0
-5.612881,33,10249.70753,-100.0,-0.7179819178591482,0
-5.901401,35,10352.340033,-100.0,-0.663546990287961,0
-5.178537,33,10352.898596,-100.0,-0.8158004113386655,0
-5.394337,32,10353.45048,-100.0,-0.8049643380480401,0
-5.689709,37,10354.07711,-100.0,-0.758528787616359,0
-5.354121,33,10354.642214,-100.0,-0.8219256021828129,0
-5.632929,33,10355.200928,-100.0,-0.7383500257821568,0
-5.30597,32,10355.752967,-100.0,-0.8885476672855015,0
-5.587834,33,10356.312047,-100.0,-0.6716214848015745,0
-5.785979,33,10356.876544,-100.0,-0.6319046698216157,0
-5.796631,33,10357.434501,-100.0,-0.6501167706727765,0
-5.412318,32,10357.982445,-100.0,-0.7905501388969315,0
-5.36119,34,10358.562669,-100.0,-0.7895056834271644,0
-5.505091,33,10359.116686,-100.0,-0.7224746708114297,0
-5.619183,35,10359.721653,-100.0,-0.7039034686146867,0
-5.380619,33,10360.275655,-100.0,-0.8082237452635875,0
-5.845046,33,10360.84122,-100.0,-0.613744390608211,0
-5.874583,33,10361.402474,-100.0,-0.6708242683445148,0
-5.884555,34,10361.98666,-100.0,-0.6974631572432136,0
-5.470503,33,10362.538989,-100.0,-0.8026073802242991,0
-5.636788,33,10363.099968,-100.0,-0.6890393234890795,0
-5.729789,33,10363.659205,-100.0,-0.6753159905066961,0
-5.506871,35,10364.2584,-100.0,-0.6598751121146054,0
-5.638072,37,10364.8947,-100.0,-0.7190940666349384,0
-5.428504,33,10365.445439,-100.0,-0.7490972620685632,0
-5.717449,35,10366.054748,-100.0,-0.7029791243896759,0
-5.45773,40,10366.966244,-100.0,-0.8380339098321096,0
-5.696816,33,10367.530247,-100.0,-0.6139246987207524,0
-5.352379,33,10368.088532,-100.0,-0.7401299401673264,0
-5.34746,32,10368.615343,-100.0,-0.8208297782976773,0
-5.547618,33,10369.177433,-100.0,-0.6959962018362915,0
-5.68426,36,10369.812847,-100.0,-0.6778722827453333,0
-5.719622,34,10370.388502,-100.0,-0.7320703523245543,0
-5.805909,34,10370.970181,-100.0,-0.6554184915856557,0
-5.796227,33,10371.539008,-100.0,-0.6317102329764199,0
-5.643725,33,10372.091827,-100.0,-0.6871294578734767,0
-5.602601,33,10372.640555,-100.0,-0.7232430229887394,0
-5.244289,35,10373.249514,-100.0,-0.7739261099579908,0
-5.452064,33,10373.812849,-100.0,-0.7647902419479373,0
-5.621078,33,10374.361844,-100.0,-0.6698428480471994,0
-5.710031,34,10374.94457,-100.0,-0.6323020357042876,0
-5.31741,33,10375.502351,-100.0,-0.8120540881684931,0
-5.681893,34,10376.078576,-100.0,-0.7043757788477698,0
-5.566422,34,10376.664438,-100.0,-0.658178202248341,0
-5.68035,32,10377.212193,-100.0,-0.7563083996589377,0
-5.754819,35,10377.807697,-100.0,-0.6725763493392426,0
-5.385965,33,10378.37448,-100.0,-0.7391457741215993,0
-5.693617,34,10378.953671,-100.0,-0.6590527836999687,0
-5.492597,32,10379.502206,-100.0,-0.8115002534473612,0
-5.390052,33,10380.061766,-100.0,-0.7692344274138997,0
-5.583123,34,10380.63967,-100.0,-0.6865970920131449,0
-5.56531,33,10381.201212,-100.0,-0.7024193753309731,0
-5.586779,33,10381.765412,-100.0,-0.7600299318776955,0
-5.74838,34,10382.351391,-100.0,-0.6848161596263138,0
-5.277776,33,10382.918623,-100.0,-0.7750034240303995,0
-6.022641,36,10383.523007,-100.0,-0.7807603218189487,0
-5.834857,34,10384.101816,-100.0,-0.6956744071459868,0
-5.854591,34,10384.672073,-100.0,-0.6951033109028132,0
-5.381971,33,10385.235761,-100.0,-0.7600343146499551,0
-5.365845,33,10385.795978,-100.0,-0.7376503402274524,0
-5.98039,36,10386.402607,-100.0,-0.7117700365660856,0
-5.331602,33,10386.974867,-100.0,-0.8335610115840021,0
-5.66604,32,10508.636182,-100.0,-0.7509605537239012,0
-5.786011,41,10509.337641,-100.0,-0.7604953523609826,0
-5.447319,38,10509.986664,-100.0,-0.7756687094072187,0
-5.346502,33,10510.555535,-100.0,-0.7860344500507981,0
-5.258867,33,10511.12044,-100.0,-0.8230167066370759,0
-5.292563,32,10511.675143,-100.0,-0.8417881342014826,0
-5.683541,33,10512.230564,-100.0,-0.657157829834373,0
-5.661476,34,10512.814596,-100.0,-0.6972554792276132,0
-5.278243,34,10513.397118,-100.0,-0.8076542168430075,0
-5.861699,33,10513.96027,-100.0,-0.6821451334122473,0
-5.589401,34,10514.537207,-100.0,-0.6313556635126439,0
-5.925286,34,10515.129743,-100.0,-0.6916492014614409,0
-6.329445,54,10516.056249,-100.0,-0.7014396551572566,0
-5.347633,32,10516.599555,-100.0,-0.7688226610010273,0
-5.412184,33,10517.168997,-100.0,-0.751728661652097,0
-5.623555,33,10517.737487,-100.0,-0.7718320215012777,0
-5.273302,33,10518.302737,-100.0,-0.8026437984027692,0
-5.132968,33,10518.862828,-100.0,-0.8229970610056152,0
-5.702178,33,10519.42441,-100.0,-0.7686450418059758,0
-5.803779,35,10520.038558,-100.0,-0.7618924557565412,0
-5.42182,32,10520.5886,-100.0,-0.8278826435528157,0
-5.624557,39,10521.238643,-100.0,-0.7544451224756397,0
-5.227299,34,10521.82015,-100.0,-0.8327640258430535,0
-5.299109,33,10522.386703,-100.0,-0.7744127371759567,0
-5.73726,34,10522.9711,-100.0,-0.6912684650799766,0
-5.654072,33,10523.529754,-100.0,-0.6418663475206382,0
-5.486638,33,10524.097562,-100.0,-0.7446046493452644,0
-5.690803,34,10524.67732,-100.0,-0.6492997527990321,0
-5.415903,32,10525.218614,-100.0,-0.7505465335347187,0
-5.534075,33,10525.772355,-100.0,-0.6825222650276246,0
-5.280121,32,10526.325005,-100.0,-0.7919300920117726,0
-5.870175,34,10526.897917,-100.0,-0.6810225925552932,0
-5.720282,33,10527.467061,-100.0,-0.7078658301979169,0
-5.313206,34,10528.043776,-100.0,-0.7680535497852585,0
-5.529401,34,10528.625263,-100.0,-0.7457072148470815,0
-5.842106,34,10529.207207,-100.0,-0.6907038484089609,0
-5.209845,32,10529.756366,-100.0,-0.8664009533521059,0
-5.647621,33,10530.325213,-100.0,-0.637566843413704,0
-5.374737,33,10530.89116,-100.0,-0.7623240959289261,0
-5.280662,33,10531.462775,-100.0,-0.8025873311656719,0
-5.452506,33,10532.018032,-100.0,-0.6730507155734204,0
-5.315565,32,10532.580915,-100.0,-0.7168732348520807,0
-5.26839,33,10533.153533,-100.0,-0.8032199953160042,0
-5.621955,34,10533.729526,-100.0,-0.7028442193324015,0
-5.153167,33,10534.30044,-100.0,-0.7980827954894517,0
-5.556245,33,10534.860219,-100.0,-0.7346898229821901,0
-5.553345,33,10535.429425,-100.0,-0.7482842562939599,0
-5.465991,35,10536.01978,-100.0,-0.732867759046285,0
-5.666373,35,10536.639798,-100.0,-0.7085308945914007,0
-5.885466,34,10537.217447,-100.0,-0.653225679992911,0
-5.334965,32,10537.771484,-100.0,-0.762039933202471,0
-5.58914,34,10538.339428,-100.0,-0.7183922151111097,0
-5.61897,34,10538.919912,-100.0,-0.7923974358467869,0
-5.649413,33,10539.469193,-100.0,-0.8205017387887745,0
-5.619074,33,10540.033635,-100.0,-0.7141396522001534,0
-5.710309,33,10540.591749,-100.0,-0.6606467118123378,0
-5.385508,33,10541.165673,-100.0,-0.7862781657900895,0
-5.326591,34,10541.746686,-100.0,-0.76500999317046,0
-5.718568,33,10542.307116,-100.0,-0.6969068693107431,0
-5.102396,32,10542.853236,-100.0,-0.8657732582590894,0
-5.905736,34,10667.939012,-100.0,-0.6736653506122938,0
-5.76946,33,10668.504533,-100.0,-0.69118095768856,0
-5.737852,33,10669.0676,-100.0,-0.6703081886695088,0
-5.528638,33,10669.631043,-100.0,-0.6761403243088213,0
-5.561433,32,10670.180004,-100.0,-0.7212931259052694,0
-5.284891,33,10670.744009,-100.0,-0.8184220661768556,0
-5.327939,32,10671.299021,-100.0,-0.7545998456779384,0
-5.864327,34,10671.875049,-100.0,-0.716598439097881,0
-5.438882,33,10672.449303,-100.0,-0.803545552198069,0
-5.411242,32,10672.995255,-100.0,-0.7657139710391948,0
-5.517914,34,10673.574267,-100.0,-0.6589666300421233,0
-5.737016,34,10674.151551,-100.0,-0.6877470621005775,0
-5.337136,32,10674.699323,-100.0,-0.8158622050243117,0
-5.78595,33,10675.269495,-100.0,-0.7296648280786057,0
-5.913438,35,10675.860485,-100.0,-0.7094350276247131,0
-5.516048,33,10676.424928,-100.0,-0.7801572994246562,0
-5.209629,33,10676.986544,-100.0,-0.801598434099047,0
-5.51593,36,10677.61909,-100.0,-0.7511022922452755,0
-5.418037,36,10678.226022,-100.0,-0.802388580112261,0
-5.315408,34,10678.813122,-100.0,-0.7610387768598389,0
-5.331765,35,10679.40565,-100.0,-0.7195425713991782,0
-5.210762,33,10679.961744,-100.0,-0.8115235095357948,0
-5.395411,34,10680.544394,-100.0,-0.8251568821790801,0
-5.526377,33,10681.116146,-100.0,-0.7318324716419107,0
-5.587912,33,10681.682408,-100.0,-0.6376062839655764,0
-5.751988,35,10682.268994,-100.0,-0.6795382612085236,0
-5.370133,33,10682.841289,-100.0,-0.8030120637748782,0
-5.135584,32,10683.390059,-100.0,-0.8313419831827187,0
-5.507564,33,10683.945308,-100.0,-0.7559123801628389,0
-5.323564,44,10684.695235,-100.0,-0.862550640689398,0
-5.610793,33,10685.264513,-100.0,-0.7213005072252178,0
-5.588153,33,10685.827522,-100.0,-0.6979846240512881,0
-5.635031,34,10686.412563,-100.0,-0.7214394925049362,0
-5.378209,33,10686.973755,-100.0,-0.7602301205964379,0
-5.42203,33,10687.542078,-100.0,-0.7525861698258441,0
-5.616597,33,10688.107008,-100.0,-0.6641297724873476,0
-5.171342,33,10688.68057,-100.0,-0.8245532105587162,0
-5.542507,33,10689.240316,-100.0,-0.7349055965358705,0
-5.413772,33,10689.805777,-100.0,-0.7463075423081819,0
-5.384239,33,10690.370207,-100.0,-0.8089893116060862,0
-5.450875,33,10690.938534,-100.0,-0.7325103408676747,0
-5.442958,33,10691.498343,-100.0,-0.7004678659400756,0
-5.172838,32,10692.030588,-100.0,-0.8727059322673515,0
-5.700436,33,10692.590928,-100.0,-0.6862340379509833,0
-5.444814,34,10693.179344,-100.0,-0.6627736340035808,0
-5.582443,33,10693.736378,-100.0,-0.6803971917111478,0
-5.394037,33,10694.291917,-100.0,-0.7321269927033924,0
-5.489122,40,10694.981073,-100.0,-0.8419908430376104,0
-5.125231,32,10695.528705,-100.0,-0.841018495267741,0
-5.69186,34,10696.112569,-100.0,-0.6626126395354621,0
-5.705912,37,10696.749305,-100.0,-0.7308371267552392,0
-5.229376,32,10697.296621,-100.0,-0.8575227540738993,0
-5.699394,33,10697.867767,-100.0,-0.660179837190754,0
-5.704871,34,10698.444092,-100.0,-0.6865899642265093,0
-5.431042,42,10699.162485,-100.0,-0.8699612154676638,0
-5.49635,34,10699.739551,-100.0,-0.7836342075300061,0
-5.801258,34,10700.319066,-100.0,-0.6321379206859029,0
-5.878554,34,10700.898201,-100.0,-0.6572495991020737,0
-5.494749,37,10701.524363,-100.0,-0.7177296700525578,0
-5.540312,33,10702.091091,-100.0,-0.7153676957105514,0
-5.204694,32,10702.638455,-100.0,-0.834499994936663,0
-5.996689,33,10832.870611,-100.0,-0.6430011539728362,0
-5.38228,33,10833.43498,-100.0,-0.8099268867747775,0
-5.249463,34,10834.017592,-100.0,-0.8829343761762429,0
-5.457723,33,10834.581368,-100.0,-0.7540970449239057,0
-5.367133,32,10835.130189,-100.0,-0.809635594650976,0
-5.261798,33,10835.687863,-100.0,-0.8325401904400707,0
-5.930578,35,10836.296712,-100.0,-0.6816470777580714,0
-5.540693,33,10836.861964,-100.0,-0.6489398179984316,0
-5.432654,33,10837.422183,-100.0,-0.6683858554795556,0
-5.493678,33,10837.981122,-100.0,-0.7129110692153865,0
-5.140711,32,10838.520095,-100.0,-0.8261877493315694,0
-5.590717,34,10839.095692,-100.0,-0.7245714458802942,0
-5.378284,32,10839.647214,-100.0,-0.7582205738380345,0
-5.252715,34,10840.228242,-100.0,-0.8157604000872474,0
-5.687696,35,10840.823058,-100.0,-0.6806067827629584,0
-5.412784,32,10841.375886,-100.0,-0.8621138778837034,0
-5.543605,33,10841.939902,-100.0,-0.6790907986115715,0
-5.633965,33,10842.715519,-100.0,-0.6730060864618524,0
-5.568004,33,10843.281571,-100.0,-0.786185357974948,0
-5.684678,35,10843.878252,-100.0,-0.6845684827253004,0
-5.525996,33,10844.441195,-100.0,-0.7356563274038489,0
-5.471036,34,10845.029996,-100.0,-0.71842377028997,0
-5.749848,34,10845.612453,-100.0,-0.6940784394161313,0
-5.691267,33,10846.180331,-100.0,-0.7184355807927648,0
-5.550175,33,10846.740363,-100.0,-0.7221297550997405,0
-5.216627,32,10847.296337,-100.0,-0.8259974779405275,0
-5.192074,32,10847.85014,-100.0,-0.8495695672876061,0
-5.778157,33,10848.40458,-100.0,-0.7047505010596976,0
-5.328862,33,10848.978993,-100.0,-0.752990028564751,0
-5.38949,33,10849.555321,-100.0,-0.8053556472724295,0
-5.134322,32,10850.094337,-100.0,-0.8580386509620238,0
-5.387034,34,10850.670542,-100.0,-0.7593958544202348,0
-5.647378,34,10851.248004,-100.0,-0.7693842029434742,0
-5.721495,33,10851.818521,-100.0,-0.5900477211908199,0
-5.407665,32,10852.363993,-100.0,-0.8265114895607465,0
-5.380211,33,10852.933679,-100.0,-0.7862779615990135,0
-5.401577,33,10853.488232,-100.0,-0.7566576042354447,0
-5.561759,34,10854.072772,-100.0,-0.7360918945678745,0
-5.898892,35,10854.66521,-100.0,-0.6543247453084298,0
-5.697325,33,10855.238549,-100.0,-0.7076708047709829,0
-5.497441,35,10855.825671,-100.0,-0.6997513447902131,0
-5.774682,34,10856.413984,-100.0,-0.6529002870785348,0
-5.843642,34,10856.989333,-100.0,-0.6566290137394204,0
-5.242375,33,10857.549709,-100.0,-0.828594194389043,0
-5.506689,32,10858.107992,-100.0,-0.7215276771724721,0
-5.693836,34,10858.691288,-100.0,-0.6758975370762201,0
-5.834513,33,10859.246973,-100.0,-0.6717525489661461,0
-5.640928,33,10859.811172,-100.0,-0.6248465176780079,0
-5.944796,35,10860.420387,-100.0,-0.6747838935249492,0
-5.578918,33,10860.979858,-100.0,-0.6957229090006245,0
-5.371342,34,10861.557222,-100.0,-0.7998009239373088,0
-5.348325,33,10862.117938,-100.0,-0.7991987252105688,0
-5.680013,34,10862.706411,-100.0,-0.7263375713899967,0
-5.822938,35,10863.293176,-100.0,-0.6987029645017763,0
-5.309064,34,10863.875717,-100.0,-0.8390860486030477,0
-5.276886,38,10864.52943,-100.0,-0.8252582633810467,0
-5.344799,34,10865.101327,-100.0,-0.8132911336159617,0
-5.479667,39,10865.775017,-100.0,-0.718510002975834,0
-5.353724,33,10866.335093,-100.0,-0.7770557257042604,0
-5.559523,33,10866.899658,-100.0,-0.7089031149689975,0
-5.38009,33,10867.463331,-100.0,-0.8096501399238559,0
-5.239364,32,11001.500956,-100.0,-0.8471493924970809,0
-5.143155,32,11002.042356,-100.0,-0.8831570947472441,0
-5.505086,33,11002.602448,-100.0,-0.6773510794979736,0
-5.19655,32,11003.15057,-100.0,-0.8228759618483704,0
-5.855629,33,11003.707923,-100.0,-0.6835703441736701,0
-5.638618,33,11004.263889,-100.0,-0.6404048697146144,0
-5.762572,36,11004.879528,-100.0,-0.6706677558672526,0
-5.460286,33,11005.44305,-100.0,-0.8043884028786075,0
-5.6364,33,11006.00157,-100.0,-0.6597458102510674,0
-5.976958,34,11006.585145,-100.0,-0.6912531400586348,0
-5.643915,34,11007.163617,-100.0,-0.6732318178277555,0
-5.414681,34,11007.745713,-100.0,-0.6869247068806322,0
-5.363102,33,11008.299417,-100.0,-0.7746471131852484,0
-5.505005,35,11008.905,-100.0,-0.722062410639608,0
-5.530239,33,11009.460296,-100.0,-0.7350864198140328,0
-5.511562,33,11010.024276,-100.0,-0.6772494502476224,0
-5.387248,33,11010.582929,-100.0,-0.7884612071426061,0
-5.408761,34,11011.166595,-100.0,-0.7541085752253538,0
-5.719634,33,11011.722013,-100.0,-0.6392445463325986,0
-5.64841,33,11012.29002,-100.0,-0.6131639712914203,0
-5.676631,40,11012.971083,-100.0,-0.6662406214722765,0
-5.587945,35,11013.56842,-100.0,-0.7109438923629283,0
-5.815822,35,11014.161334,-100.0,-0.6462845022298536,0
-5.306555,32,11014.708035,-100.0,-0.8433356002426294,0
-5.288822,32,11015.260907,-100.0,-0.7844783653839772,0
-5.357251,33,11015.813511,-100.0,-0.7949178451534022,0
-5.599333,34,11016.397402,-100.0,-0.7422133766284291,0
-5.465216,33,11016.952153,-100.0,-0.7646270885333983,0
-5.661858,33,11017.524131,-100.0,-0.6650538478064311,0
-5.556954,33,11018.080207,-100.0,-0.7152735880405166,0
-5.389292,34,11018.660557,-100.0,-0.8006298121700163,0
-5.360224,34,11019.234662,-100.0,-0.7797682626693472,0
-5.238893,34,11019.819515,-100.0,-0.8090368286178525,0
-5.727883,34,11020.387455,-100.0,-0.6653091651536795,0
-5.440485,33,11020.955825,-100.0,-0.7767488912931416,0
-5.187717,33,11021.516877,-100.0,-0.8410102084078377,0
-5.581494,34,11022.096934,-100.0,-0.6970941988179741,0
-5.460689,36,11022.701018,-100.0,-0.8263554319490132,0
-5.488072,33,11023.271437,-100.0,-0.6999709274984593,0
-5.690884,33,11023.82897,-100.0,-0.7442002618966042,0
-5.55531,33,11024.388285,-100.0,-0.6205574080694978,0
-5.416383,33,11024.958598,-100.0,-0.7832242214224316,0
-5.632635,33,11025.530982,-100.0,-0.7051113475514158,0
-5.095308,32,11026.07176,-100.0,-0.8733381075984992,0
-5.499534,34,11026.646505,-100.0,-0.6919529816690116,0
-5.470966,33,11027.209389,-100.0,-0.7457938074364125,0
-5.671888,34,11027.7944,-100.0,-0.686846847217504,0
-5.456824,32,11028.332603,-100.0,-0.7490654445217223,0
-5.590465,33,11028.894187,-100.0,-0.6950837522508099,0
-5.170262,32,11029.444205,-100.0,-0.8663194091174673,0
-5.844583,33,11029.998865,-100.0,-0.6593831211139011,0
-5.794711,33,11030.565461,-100.0,-0.6798658109945463,0
-5.183624,33,11031.130717,-100.0,-0.8279951702148697,0
-5.504824,36,11031.753308,-100.0,-0.7595641010952278,0
-5.349652,35,11032.350976,-100.0,-0.7881300182242705,0
-5.770688,33,11032.906629,-100.0,-0.6460784447634049,0
-5.768888,33,11033.467947,-100.0,-0.7197242653190642,0
-5.59594,33,11034.030137,-100.0,-0.7060329721082378,0
-5.609234,33,11034.599432,-100.0,-0.6713992597678132,0
-5.69591,34,11035.176417,-100.0,-0.6426802722726751,0
-5.805132,33,11035.730282,-100.0,-0.6098734660143068,0
-5.358427,33,11173.671592,-100.0,-0.7562703464837628,0
-5.137357,33,11174.231101,-100.0,-0.744866444304057,0
-5.244952,32,11174.784647,-100.0,-0.8407925566079619,0
-5.687533,33,11175.357303,-100.0,-0.6662782414440107,0
-5.732637,34,11175.952889,-100.0,-0.6692304186431898,0
-5.120819,33,11176.515532,-100.0,-0.8566744909356329,0
-5.386166,32,11177.062351,-100.0,-0.7977834078629429,0
-5.41753,32,11177.61976,-100.0,-0.7724131962272701,0
-5.638503,34,11178.211634,-100.0,-0.6493077555099137,0
-5.251247,33,11178.773983,-100.0,-0.8259574475677006,0
-5.379679,33,11179.348528,-100.0,-0.836527679500115,0
-5.185671,33,11179.915426,-100.0,-0.8539445162086974,0
-5.214167,34,11180.514402,-100.0,-0.7596688540164068,0
-5.426693,34,11181.097145,-100.0,-0.6853564620235107,0
-5.749617,34,11181.680546,-100.0,-0.6677540445959319,0
-5.692992,33,11182.255855,-100.0,-0.6554543750548846,0
-5.177045,32,11182.800557,-100.0,-0.81979511683647,0
-5.529248,33,11183.380291,-100.0,-0.6781972405871666,0
-5.40601,32,11183.925417,-100.0,-0.8269883022175678,0
-5.366806,32,11184.481147,-100.0,-0.8384824963084074,0
-5.254054,32,11185.038848,-100.0,-0.8350593365223573,0
-5.417549,33,11185.60635,-100.0,-0.7898714487006236,0
-5.081572,33,11186.181911,-100.0,-0.8128825982004878,0
-5.629365,34,11186.757352,-100.0,-0.6189129225994502,0
-5.2972,33,11187.332778,-100.0,-0.8059068757060373,0
-5.38306,33,11187.902837,-100.0,-0.703836758114254,0
-5.624613,33,11188.478014,-100.0,-0.6940559388326496,0
-5.375466,33,11189.04785,-100.0,-0.7190143267946857,0
-5.420899,33,11189.620443,-100.0,-0.7250711987517748,0
-5.235423,32,11190.159928,-100.0,-0.8114631312003969,0
-5.682984,33,11190.725199,-100.0,-0.6634275778598968,0
-5.19755,33,11191.280568,-100.0,-0.8374422440721924,0
-5.312939,32,11191.830869,-100.0,-0.812113344736631,0
-5.506829,32,11192.375316,-100.0,-0.7892365280910408,0
-5.219848,33,11192.943678,-100.0,-0.8743977948198536,0
-5.507786,38,11193.596787,-100.0,-0.7287361857747205,0
-5.386402,41,11194.299922,-100.0,-0.8972152215830592,0
-5.558172,33,11194.86209,-100.0,-0.646077424211411,0
-5.826225,33,11195.413309,-100.0,-0.666366109392595,0
-5.635269,33,11195.976154,-100.0,-0.6930025877277487,0
-5.599313,33,11196.543417,-100.0,-0.7286535460422093,0
-5.231888,32,11197.082029,-100.0,-0.8908212408531564,0
-5.251869,34,11197.665237,-100.0,-0.7937989600607716,0
-5.517459,33,11198.227183,-100.0,-0.676665052016404,0
-5.45085,34,11198.814446,-100.0,-0.7901381466644151,0
-5.556616,34,11199.406993,-100.0,-0.7331610025290749,0
-5.118114,32,11199.937931,-100.0,-0.8199148785642607,0
-5.698602,33,11200.505009,-100.0,-0.6873943553227949,0
-5.494258,33,11201.074097,-100.0,-0.715922945191116,0
-5.146215,32,11201.619322,-100.0,-0.8509971866167427,0
-5.405437,32,11202.169063,-100.0,-0.8158711073958127,0
-5.134026,33,11202.741001,-100.0,-0.8524078084593323,0
-5.594673,33,11203.304796,-100.0,-0.6795622494715025,0
-5.560172,33,11203.871863,-100.0,-0.68877424265683,0
-5.278775,32,11204.412066,-100.0,-0.7969492936274366,0
-5.807853,33,11204.979029,-100.0,-0.6539577034117475,0
-5.808311,34,11205.556121,-100.0,-0.6506179797262275,0
-5.668349,33,11206.123261,-100.0,-0.6447419490431068,0
-5.256668,33,11206.685518,-100.0,-0.8178186915440898,0
-5.427531,34,11207.273408,-100.0,-0.6609090877953749,0
-5.728649,33,11207.839276,-100.0,-0.6498798661883124,0
-5.472536,33,11208.396765,-100.0,-0.776546949225265,0
-5.173217,32,11344.103711,-100.0,-0.8474171022277612,0
-5.416293,35,11344.693622,-100.0,-0.780161069521479,0
-5.164457,33,11345.263923,-100.0,-0.8692683109698885,0
-5.583674,34,11345.831847,-100.0,-0.7056422693965265,0
-5.4349,33,11346.402213,-100.0,-0.7758078606996214,0
-5.836486,33,11346.957067,-100.0,-0.6690582517711257,0
-5.646622,33,11347.52065,-100.0,-0.6195884625918626,0
-5.367866,44,11348.469803,-100.0,-0.9152757031917894,0
-5.606437,34,11349.059012,-100.0,-0.6952821056898499,0
-5.277139,33,11349.611162,-100.0,-0.7693773945870255,0
-5.708656,33,11350.16919,-100.0,-0.6672044465153781,0
-5.699906,33,11350.734091,-100.0,-0.6695738607514098,0
-5.247385,33,11351.296119,-100.0,-0.8266297830806002,0
-5.658445,33,11351.863595,-100.0,-0.685188596098231,0
-5.414978,33,11352.429211,-100.0,-0.7256488538977471,0
-5.252045,33,11352.988162,-100.0,-0.8252859238447677,0
-5.316033,33,11353.550917,-100.0,-0.8289285210572054,0
-5.391849,33,11354.112592,-100.0,-0.7219547257015738,0
-5.62036,33,11354.680436,-100.0,-0.6835864971038595,0
-5.128243,33,11355.245549,-100.0,-0.8473077875028552,0
-5.173485,32,11355.79171,-100.0,-0.8690959222610508,0
-5.380093,33,11356.360496,-100.0,-0.7678606393918134,0
-5.518768,33,11356.921566,-100.0,-0.7130596688558745,0
-5.500078,33,11357.482484,-100.0,-0.7526160585836327,0
-5.619661,33,11358.048022,-100.0,-0.6852951305691739,0
-5.267423,33,11358.613892,-100.0,-0.7840477049687908,0
-5.178167,32,11359.157003,-100.0,-0.8385790034494262,0
-5.403585,32,11359.709107,-100.0,-0.7580773028063761,0
-5.839151,34,11360.282426,-100.0,-0.7049136655617936,0
-5.424235,32,11360.830122,-100.0,-0.7995866147904639,0
-5.201978,34,11361.401849,-100.0,-0.800212552024025,0
-5.277801,36,11362.013968,-100.0,-0.8008289822840277,0
-5.572025,33,11362.575096,-100.0,-0.7114718295144314,0
-5.559217,33,11363.141586,-100.0,-0.6340469368467969,0
-5.601167,33,11363.701832,-100.0,-0.6629254692220597,0
-5.146682,33,11364.268824,-100.0,-0.8323579974089053,0
-5.580334,33,11364.828343,-100.0,-0.7166539451770421,0
-5.176649,33,11365.392556,-100.0,-0.8928943515778645,0
-5.308563,33,11365.958287,-100.0,-0.7375920079804232,0
-5.542938,33,11366.514688,-100.0,-0.6782640842680734,0
-5.777785,40,11367.188556,-100.0,-0.6996147553611979,0
-5.173338,33,11367.744302,-100.0,-0.788758826094822,0
-5.590812,32,11368.282222,-100.0,-0.709312710714719,0
-5.65152,35,11368.874397,-100.0,-0.7036649128938433,0
-5.394959,33,11369.442824,-100.0,-0.7580047892300502,0
-5.682268,36,11370.053012,-100.0,-0.673157799097757,0
-5.153446,32,11370.596111,-100.0,-0.8505336505505556,0
-5.824872,33,11371.163311,-100.0,-0.6764663608948215,0
-5.755158,35,11371.745403,-100.0,-0.7554972887288062,0
-5.740263,34,11372.333435,-100.0,-0.6349774917640951,0
-5.732268,33,11372.898787,-100.0,-0.6688926749031366,0
-5.897642,33,11373.464502,-100.0,-0.6633238868594329,0
-5.455121,32,11374.005277,-100.0,-0.7557348864259831,0
-5.289316,32,11374.549643,-100.0,-0.8239788989718448,0
-5.533167,33,11375.107395,-100.0,-0.7230455910569621,0
-5.357684,32,11375.660757,-100.0,-0.7058584599606254,0
-5.293313,34,11376.237571,-100.0,-0.7456184115428481,0
-5.257579,34,11376.821019,-100.0,-0.7459059078217638,0
-5.207686,33,11377.383626,-100.0,-0.8183484770751434,0
-5.490239,33,11377.945879,-100.0,-0.76077253130865,0
-5.177472,32,11378.49036,-100.0,-0.8362614832272968,0
