#{"t_start": 1782853650.1286528, "env_id": "BipedalWalker-v3"}
r,l,t,original_env_reward,generated_reward,reward_error_count
-535.460219,1600,23.910455,-0.1566481240193061,-0.21913873114515264,0
-328.218854,1600,188.197211,-0.09404116189479828,-0.15437203822902246,0
-294.616837,1600,334.75695,-0.13988078310092528,-0.17356774531945116,0
-46.891611,83,335.893509,-100.0,-0.9982057509860128,0
-19.726632,47,336.536218,-100.0,-1.0394066884305442,0
-227.322108,1600,478.574525,-0.08778528788188857,-0.06298522825089567,0
-42.032876,108,480.077988,-100.0,-1.2105448397720389,0
-12.837476,60,480.923263,-100.0,-0.7567405218528583,0
-214.015287,1600,621.925486,-0.18575651075442515,-0.19894292891857157,0
-280.403042,1600,644.140527,-0.17095062611500184,-0.19968848907465514,0
-182.160371,1600,786.954003,-0.11301092561086257,-0.10593720554962383,0
-199.672235,1600,927.767059,0.06304204580715311,-0.007551939061377154,0
-22.147199,108,929.288574,-100.0,-0.825392147875006,0
-26.282542,55,930.053947,-100.0,-1.2231686788026845,0
-253.989892,1600,1072.84413,-0.030063166677951815,-0.13953015968393653,0
-13.304797,60,1073.686861,-100.0,-0.36748957114385955,0
-18.139172,53,1074.430268,-100.0,-0.6051731929486529,0
-10.017889,51,1075.148515,-100.0,-0.720768791126272,0
-173.249624,1600,1214.994453,0.05311170941591263,-0.062100158192163676,0
-155.583362,1600,1237.421646,0.053986597294609945,-0.022362452080793085,0
-20.970302,79,1238.53044,-100.0,-0.8670596315321769,0
-167.359793,1600,1378.158667,-0.06026090833544732,-0.043067987386015145,0
-154.088394,1600,1517.135203,-0.04043115379413206,-0.07553547165513863,0
-9.049198,61,1518.003812,-100.0,-0.6308343645997281,0
-11.698267,59,1518.823109,-100.0,-0.243565185587389,0
-8.16108,45,1519.45889,-100.0,-0.19838752319654893,0
-200.707659,1600,1661.937111,-0.047045587191983824,-0.08406733589707675,0
-13.320446,77,1663.007681,-100.0,-0.7005211601159336,0
-18.43018,109,1664.538137,-100.0,-0.6799814172149077,0
-25.131993,103,1665.971269,-100.0,-0.7513874141404496,0
-15.004039,67,1666.905594,-100.0,-0.611096613950014,0
-123.69031,1600,1807.52422,-0.02826322700580198,-0.06843757791289701,0
-136.210454,1600,1947.244513,-0.10889761714140336,-0.06655643054664934,0
-22.625509,109,1948.887581,-100.0,-0.8268305651398401,0
-14.966162,61,1949.812838,-100.0,-0.803178644002535,0
-25.254161,134,1951.82489,-100.0,-0.5424109298330496,0
-21.800597,72,1952.913602,-100.0,-0.7308379958388631,0
-14.655839,93,1954.31778,-100.0,-0.7138262884151813,0
-132.375011,1600,2093.557036,-0.08017256989081938,-0.09668015640012259,0
-118.534618,1600,2115.727325,-0.02754217304786283,-0.05757698698343883,0
-20.856004,94,2117.034312,-100.0,-0.39589055352432895,0
-17.84152,48,2117.702534,-100.0,-0.4232329852265574,0
-12.596509,62,2118.564006,-100.0,-1.11957383966973,0
-113.450709,1600,2255.364664,0.053225916733346756,-0.029881825884852133,0
-18.336335,80,2256.457701,-100.0,-0.4670429005372806,0
-16.462583,75,2257.480534,-100.0,-0.44403712093951875,0
-13.505148,85,2258.643566,-100.0,-0.6766815523988138,0
-97.576025,1600,2399.676316,-0.03164211328824598,-0.04064728993548147,0
-15.352984,67,2400.612272,-100.0,-0.7112601814756374,0
-11.37214,64,2401.491364,-100.0,-0.2856530244206974,0
-17.230974,68,2402.425095,-100.0,-0.3974646467627546,0
-21.010411,116,2404.013573,-100.0,-0.5103055770285211,0
-124.624452,1600,2520.344488,-0.05098121738433838,-0.042684798411920924,0
-110.286324,1600,2635.317051,-0.06792199946443003,-0.05582885514209357,0
-17.146824,109,2636.808796,-100.0,-0.6632647756232761,0
-12.552135,57,2637.57876,-100.0,-0.7082168068261002,0
-18.080037,125,2639.295893,-100.0,-0.6471271381840709,0
-11.013708,66,2640.196815,-100.0,-0.20967465547242292,0
-24.934298,112,2641.715335,-100.0,-0.4582034683358095,0
-8.649236,46,2642.357159,-100.0,-0.7713858114419659,0
-18.479561,92,2643.620713,-100.0,-0.3851316116328598,0
-20.943447,98,2644.950102,-100.0,-0.533233054492708,0
-18.236305,100,2646.330548,-100.0,-0.3862402914911396,0
-10.670264,58,2647.124602,-100.0,-0.2017762855820603,0
-12.019904,66,2648.013748,-100.0,-0.6802879960439498,0
-20.331915,110,2649.528277,-100.0,-0.4937566309690896,0
-13.09094,73,2650.516593,-100.0,-0.7836605569881175,0
-20.677506,111,2652.047621,-100.0,-0.40998345220957183,0
-12.711137,64,2746.008911,-100.0,-0.2149057696726723,0
-12.699449,85,2747.178223,-100.0,-0.8319675544945326,0
-11.347441,67,2748.110726,-100.0,-0.7207206570301037,0
-16.710241,105,2749.579169,-100.0,-0.6838847603083724,0
-9.063035,44,2750.187851,-100.0,-0.708500967805745,0
-12.524879,60,2751.037777,-100.0,-0.6158260136309767,0
-12.090898,75,2752.05799,-100.0,-0.30508442641627925,0
-13.83652,66,2752.97919,-100.0,-0.6673572895167644,0
-19.837514,80,2754.075504,-100.0,-0.49158810157093114,0
-12.698084,53,2754.810789,-100.0,-0.22482448123946142,0
-21.590272,111,2756.34078,-100.0,-0.43307804866431693,0
-13.797518,86,2757.527359,-100.0,-0.7644761530124344,0
-9.90093,69,2758.495946,-100.0,-0.7136820222462419,0
-12.127868,65,2759.385994,-100.0,-0.7189957551672355,0
-8.186914,45,2759.99698,-100.0,-0.7697493747106708,0
-10.098866,61,2760.830736,-100.0,-0.6707489002695555,0
-94.214803,1600,2902.10353,0.09910793377955993,-0.08960898559668992,0
-8.221574,44,2902.717534,-100.0,-0.7420961115048503,0
-8.80752,42,2903.312537,-100.0,-0.28457235590148977,0
-11.044532,73,2904.332447,-100.0,-0.7134049343955859,0
-12.016675,78,2905.425673,-100.0,-0.6695476188661079,0
-11.389471,79,2906.525711,-100.0,-0.6288986625703844,0
-10.246368,77,2907.628707,-100.0,-0.6511241107936052,0
-8.34873,53,2908.375535,-100.0,-0.7596864699277409,0
-9.173295,65,2909.312644,-100.0,-0.732485874891281,0
-10.899451,65,2910.211404,-100.0,-0.8609720015288045,0
-15.617305,60,2911.080479,-100.0,-0.5053674884204841,0
-8.461761,50,2911.776954,-100.0,-0.6733219744615772,0
-13.26116,59,2912.61936,-100.0,-0.27078633907973093,0
-15.524385,71,2913.638863,-100.0,-0.41298696813470887,0
-10.199834,47,2914.313905,-100.0,-0.7429174297742858,0
-27.071728,180,2916.854393,-100.0,-0.36743429418378504,0
-16.729329,72,2917.871003,-100.0,-0.30867662282955405,0
-8.712795,50,2918.60799,-100.0,-0.5932244328681209,0
-11.663001,58,2919.438342,-100.0,-1.0350155699402825,0
-17.040542,78,2920.553779,-100.0,-0.4240339601757674,0
-7.756714,43,2921.159085,-100.0,-0.6866871804350029,0
-11.161129,63,3037.741635,-100.0,-0.6871568082045875,0
-9.611692,52,3038.475533,-100.0,-0.6405809906406987,0
-9.348623,59,3039.320165,-100.0,-0.73442671202063,0
-11.189952,77,3040.418435,-100.0,-0.7010071922563219,0
-8.000071,50,3041.121546,-100.0,-0.6827442990047288,0
-13.089298,69,3042.082048,-100.0,-0.37368285946825613,0
-16.73227,68,3043.064865,-100.0,-0.37561281895030607,0
-14.20913,105,3044.791516,-100.0,-0.6634831740914862,0
-11.11234,78,3045.902707,-100.0,-0.7419111680700303,0
-11.071807,49,3046.597512,-100.0,-0.7201521893003354,0
-18.354995,102,3048.041267,-100.0,-0.769813494591939,0
-11.027438,45,3048.68494,-100.0,-0.30926273847782815,0
-11.20375,49,3049.375528,-100.0,-0.5971959737935777,0
-13.673591,86,3050.618964,-100.0,-0.6246030798613152,0
-8.79505,52,3051.376124,-100.0,-0.8594598320098628,0
-10.899394,65,3052.30596,-100.0,-0.7514326793495534,0
-14.824591,59,3053.159161,-100.0,-0.34822448500579545,0
-9.33471,56,3053.961125,-100.0,-0.7324781823195585,0
-14.263204,113,3055.58364,-100.0,-0.6778589367861405,0
-11.339834,79,3056.698408,-100.0,-0.7518114145160308,0
-19.29778,82,3057.872166,-100.0,-0.6388899378659901,0
-11.125544,58,3058.713609,-100.0,-0.5837745779771901,0
-10.0711,55,3059.50045,-100.0,-0.7561739219174345,0
-8.467465,53,3060.276743,-100.0,-0.6186725995819263,0
-10.023564,62,3061.184996,-100.0,-0.782612981320564,0
-9.272472,46,3061.842167,-100.0,-0.7668349897264946,0
-17.407887,75,3062.928736,-100.0,-0.3387214577529375,0
-12.555334,60,3063.790736,-100.0,-0.1564045505430348,0
-11.252217,57,3064.619284,-100.0,-0.8112387932237242,0
-15.719617,76,3065.69877,-100.0,-0.39823701201784734,0
-9.353032,41,3066.30965,-100.0,-0.6146430497117629,0
-7.13114,41,3066.880949,-100.0,-0.18575088203027068,0
-16.963394,85,3184.437585,-100.0,-0.7110142296142483,0
-10.763908,68,3185.400026,-100.0,-0.646841452188826,0
-12.425768,79,3186.568429,-100.0,-0.28556631542045086,0
-8.095331,46,3187.246646,-100.0,-0.8381844058578656,0
-10.141867,52,3188.011013,-100.0,-0.7054668930297027,0
-7.726788,50,3188.730836,-100.0,-0.7458403691210084,0
-9.914031,69,3189.73216,-100.0,-0.8117716314750046,0
-9.802739,56,3190.546288,-100.0,-0.7096991723333831,0
-16.514813,93,3191.917589,-100.0,-0.6990445225609322,0
-11.394576,73,3192.979749,-100.0,-0.6361930419194952,0
-12.007756,59,3193.845534,-100.0,-0.6510591895293574,0
-13.267393,50,3194.554291,-100.0,-0.6505270876747755,0
-9.722503,45,3195.220598,-100.0,-0.26189295435299126,0
-14.97494,62,3196.111984,-100.0,-0.2694628680827473,0
-9.776774,87,3197.369866,-100.0,-0.794535882254617,0
-7.763159,38,3197.906403,-100.0,-0.36151915084975267,0
-18.704041,90,3199.250082,-100.0,-0.4874521427851375,0
-8.394242,47,3199.927798,-100.0,-0.6880367866242184,0
-10.130871,51,3200.686168,-100.0,-0.21930000030703117,0
-15.317441,83,3201.885288,-100.0,-0.7222811084393734,0
-14.241509,87,3203.167962,-100.0,-0.7645412372309318,0
-12.954504,59,3204.020947,-100.0,-0.47969060875539565,0
-11.080064,70,3205.050832,-100.0,-0.649169037573403,0
-12.658105,51,3205.804905,-100.0,-0.6126387038776656,0
-10.089443,58,3206.644458,-100.0,-0.7031920987649115,0
-10.014351,72,3207.711832,-100.0,-0.7051607554339344,0
-12.524216,61,3208.5628,-100.0,-0.7266433552518039,0
-8.933822,56,3209.400308,-100.0,-0.6744182475413146,0
-11.016114,61,3210.304156,-100.0,-0.29267010251285425,0
-12.370763,85,3211.556923,-100.0,-0.6515093687241049,0
-11.309846,70,3212.557684,-100.0,-0.19256112907080297,0
-9.01157,44,3213.215403,-100.0,-0.47928793692599414,0
-12.954519,76,3331.612899,-100.0,-0.7228029678746443,0
-8.189807,47,3332.281392,-100.0,-0.6707338605585987,0
-9.766197,66,3333.262694,-100.0,-0.700296877362296,0
-14.629034,92,3334.595098,-100.0,-0.2902280854669662,0
-12.633537,60,3335.487742,-100.0,-0.2691397746695913,0
-11.565107,52,3336.258333,-100.0,-0.6648520382637008,0
-12.240324,75,3337.346299,-100.0,-0.7862234478620751,0
-7.998154,43,3337.975802,-100.0,-0.7498811317322072,0
-9.487092,75,3339.0703,-100.0,-0.7501215599086609,0
-10.482821,62,3339.984424,-100.0,-0.2527876811440395,0
-10.980959,58,3340.858655,-100.0,-0.22140030384023252,0
-7.649796,46,3341.520141,-100.0,-0.7610203566459447,0
-12.012339,65,3342.478989,-100.0,-0.5738526468907406,0
-13.266127,71,3343.521437,-100.0,-0.34229423606275444,0
-11.621164,58,3344.38421,-100.0,-0.7096342985677297,0
-11.06749,62,3345.30263,-100.0,-0.6363460236185027,0
-9.317589,56,3346.125536,-100.0,-0.6982152047107857,0
-10.296284,56,3346.962986,-100.0,-0.1879760532168879,0
-9.103826,48,3347.672921,-100.0,-0.7286890977759773,0
-13.075044,67,3348.642821,-100.0,-0.849912686458976,0
-10.946159,70,3349.675149,-100.0,-0.7265922317794177,0
-11.246943,66,3350.631595,-100.0,-0.6066593298258868,0
-12.695894,64,3351.567483,-100.0,-0.6122838703077836,0
-9.481686,56,3352.379099,-100.0,-0.672765970275737,0
-10.711482,55,3353.19259,-100.0,-0.3230640655923325,0
-9.21928,58,3354.032727,-100.0,-0.749263294291828,0
-7.898257,49,3354.75133,-100.0,-0.7363522720915803,0
-15.789069,54,3355.55833,-100.0,-0.5261949114965251,0
-16.169992,106,3357.093772,-100.0,-0.2995154885617149,0
-10.757545,68,3358.091664,-100.0,-0.6634310278369713,0
-11.1863,76,3359.192078,-100.0,-0.2612759426743556,0
-8.732666,53,3359.95753,-100.0,-0.6743155034290866,0
-8.619575,47,3360.643263,-100.0,-0.6958157490113587,0
-10.183991,68,3477.226059,-100.0,-0.7724283871882058,0
-7.28018,36,3477.753583,-100.0,-0.25508057297317527,0
-7.794045,47,3478.427008,-100.0,-0.7860097020172683,0
-9.988748,62,3479.352302,-100.0,-0.6469920340843316,0
-10.665994,59,3480.210963,-100.0,-0.682489622913196,0
-9.536964,63,3481.108821,-100.0,-0.71486060629154,0
-12.802551,92,3482.480946,-100.0,-0.2100752630084752,0
-7.249429,40,3483.058369,-100.0,-0.6422938537036236,0
-9.651177,54,3483.847759,-100.0,-0.6876784670289938,0
-7.555689,47,3484.542158,-100.0,-0.6999546648578623,0
-9.72499,81,3485.731737,-100.0,-0.644462997941851,0
-10.852083,63,3486.653186,-100.0,-0.6826856235182752,0
-13.955088,76,3487.762545,-100.0,-0.347615300305009,0
-11.19102,62,3488.647771,-100.0,-0.30625168651557083,0
-12.091142,70,3489.702545,-100.0,-0.6833283128283058,0
-12.682765,55,3490.505027,-100.0,-0.6891058096301065,0
-8.794977,50,3491.240372,-100.0,-0.8606858527988865,0
-13.925733,68,3492.254426,-100.0,-0.2779680712148546,0
-10.672751,55,3493.079247,-100.0,-0.6628547014096358,0
-8.035673,55,3493.889519,-100.0,-0.6178671115062117,0
-10.165844,68,3494.869019,-100.0,-0.6759338613640523,0
-11.210148,66,3495.848062,-100.0,-0.1699217652747969,0
-11.149682,75,3496.966238,-100.0,-0.7944105422698176,0
-8.188769,41,3497.564922,-100.0,-0.6744678672824563,0
-10.830328,62,3498.493346,-100.0,-0.35919072954104,0
-15.535173,70,3499.523092,-100.0,-0.3926195597131661,0
-14.787294,114,3501.210602,-100.0,-0.20879122691632485,0
-10.725041,97,3502.647546,-100.0,-0.6629266549575864,0
-16.058393,77,3503.796433,-100.0,-0.2937895156138636,0
-8.008305,41,3504.397929,-100.0,-0.6856967904037706,0
-8.791754,51,3505.157941,-100.0,-0.6553899950059989,0
-9.739023,72,3506.220597,-100.0,-0.7227650375219241,0
-10.46381,59,3626.145983,-100.0,-0.6690066607823998,0
-7.545087,51,3626.91183,-100.0,-0.7505375459710504,0
-9.544697,66,3627.888977,-100.0,-0.7021959983478949,0
-8.684186,56,3628.72721,-100.0,-0.7430995359937326,0
-8.921119,57,3629.558513,-100.0,-0.6847825979574199,0
-13.130016,81,3630.77419,-100.0,-0.7569416577472199,0
-9.66788,63,3631.702487,-100.0,-0.2675989325674817,0
-9.842571,54,3632.517495,-100.0,-0.682490049090435,0
-11.986851,73,3633.585812,-100.0,-0.6582823464072649,0
-9.286837,76,3634.707926,-100.0,-0.6366300673116626,0
-9.471439,40,3635.30353,-100.0,-0.47602828472370956,0
-9.580525,67,3636.318582,-100.0,-0.77715723092819,0
-8.525935,55,3637.147606,-100.0,-0.7370182762549801,0
-8.038134,41,3637.738079,-100.0,-0.5959897635992427,0
-8.882088,54,3638.529851,-100.0,-0.6864979247543138,0
-9.562817,73,3639.612919,-100.0,-0.674689802371677,0
-9.758596,68,3640.622293,-100.0,-0.7045106269199689,0
-9.376105,63,3641.581325,-100.0,-0.7021869622710029,0
-12.33661,58,3642.457054,-100.0,-0.7003623856421902,0
-9.85975,62,3643.367189,-100.0,-0.6624825560239059,0
-10.612231,57,3644.210279,-100.0,-0.677489538045378,0
-8.341099,60,3645.107801,-100.0,-0.5867576504585273,0
-8.269912,55,3645.94314,-100.0,-0.8320415229011798,0
-9.165792,55,3646.761072,-100.0,-0.6618247358900613,0
-9.195184,56,3647.59674,-100.0,-0.1463978764514015,0
-8.330506,45,3648.271057,-100.0,-0.7385232143898122,0
-9.389819,58,3649.139647,-100.0,-0.7048977153679906,0
-9.981785,55,3649.951719,-100.0,-0.6768292333162882,0
-6.946089,41,3650.55907,-100.0,-0.7026723965456648,0
-7.206648,38,3651.153028,-100.0,-0.7020023412114156,0
-10.219409,74,3652.239602,-100.0,-0.6307162465371454,0
-8.518435,44,3652.878033,-100.0,-0.7139483346299779,0
-8.142983,49,3653.601152,-100.0,-0.6340795714617197,0
-8.319187,45,3654.282058,-100.0,-0.6316079190822437,0
-9.489241,68,3655.303871,-100.0,-0.6349580431091348,0
-8.658693,44,3771.822613,-100.0,-0.6581914943333508,0
-9.001864,57,3772.682115,-100.0,-0.6937361616306557,0
-10.437717,59,3773.57705,-100.0,-0.7174797347221543,0
-8.337946,49,3774.322726,-100.0,-0.7156028804660813,0
-7.996969,52,3775.092629,-100.0,-0.7238490443386777,0
-8.341825,44,3775.748277,-100.0,-0.5785036267628195,0
-9.042739,61,3776.663088,-100.0,-0.7591511478981255,0
-7.485801,40,3777.271201,-100.0,-0.7266649585192217,0
-8.573341,61,3778.202361,-100.0,-0.6979111814647732,0
-9.51478,51,3778.959486,-100.0,-0.5727360547166424,0
-9.672499,62,3779.917924,-100.0,-0.5773006521366648,0
-9.821394,56,3780.7421,-100.0,-0.7118358854694455,0
-9.54466,54,3781.575883,-100.0,-0.8151103348766545,0
-8.214895,49,3782.304185,-100.0,-0.7069953270033099,0
-8.478832,47,3783.008792,-100.0,-0.6817891935003215,0
-8.502759,60,3783.88998,-100.0,-0.6186875991784849,0
-8.637258,56,3784.739074,-100.0,-0.6574318038157022,0
-12.268098,104,3786.29448,-100.0,-0.24661330154401062,0
-10.186053,51,3787.062476,-100.0,-0.6399544418525942,0
-8.845582,55,3787.879397,-100.0,-0.7543938298333622,0
-9.082942,44,3788.539508,-100.0,-0.7933786771014092,0
-6.794827,40,3789.125255,-100.0,-0.6920196991553288,0
-8.628233,54,3789.948854,-100.0,-0.7656123745787768,0
-7.61098,41,3790.551163,-100.0,-0.6417982954478861,0
-8.16181,43,3791.188662,-100.0,-0.6154246941320947,0
-7.246207,40,3791.794174,-100.0,-0.7196701384677706,0
-9.513371,57,3792.658522,-100.0,-0.7293922971535054,0
-8.854235,65,3793.606519,-100.0,-0.6491543995182607,0
-6.998879,40,3794.213103,-100.0,-0.6438948250682058,0
-9.064141,58,3795.087134,-100.0,-0.6489862949898055,0
-8.635492,55,3795.896846,-100.0,-0.8167577598977627,0
-7.866675,55,3796.719147,-100.0,-0.7637751779043478,0
-12.089547,70,3797.761566,-100.0,-0.1824749543713612,0
-13.042679,86,3799.050306,-100.0,-0.3812644169838584,0
-9.376457,70,3800.08815,-100.0,-0.6603865291701311,0
-8.845982,53,3800.847032,-100.0,-0.7255294280151743,0
-8.75096,52,3801.64093,-100.0,-0.6666177306323953,0
-8.302903,53,3802.433129,-100.0,-0.693049818994538,0
-8.999089,75,3923.395282,-100.0,-0.6883596407494113,0
-8.239923,39,3923.991887,-100.0,-0.6818606706133791,0
-6.074014,37,3924.532019,-100.0,-0.7442678597074872,0
-7.816086,49,3925.281257,-100.0,-0.6977397805788721,0
-7.098029,41,3925.886634,-100.0,-0.6893280772370989,0
-7.314284,44,3926.558558,-100.0,-0.6281012959700728,0
-8.226421,47,3927.262377,-100.0,-0.5975510214243969,0
-8.301201,52,3928.028704,-100.0,-0.6637140218926137,0
-8.971955,60,3928.94473,-100.0,-0.6730385315196941,0
-7.324748,46,3929.637269,-100.0,-0.7465304207166905,0
-11.279546,65,3930.605935,-100.0,-0.86191371473996,0
-8.310364,46,3931.301631,-100.0,-0.6158362762066323,0
-8.211624,54,3932.119037,-100.0,-0.678659827478137,0
-9.675983,59,3932.99046,-100.0,-0.6049009408983786,0
-6.676465,37,3933.551046,-100.0,-0.6801778793062443,0
-10.157195,48,3934.236337,-100.0,-0.28600308665353447,0
-8.610301,47,3934.957151,-100.0,-0.5985093301221199,0
-8.221478,50,3935.719292,-100.0,-0.6087929278392017,0
-7.891805,43,3936.371961,-100.0,-0.6526333754618878,0
-8.849931,54,3937.182306,-100.0,-0.696577874707514,0
-9.189268,49,3937.914025,-100.0,-0.8142602874390843,0
-7.970402,51,3938.703256,-100.0,-0.7345663074495545,0
-7.449002,46,3939.392708,-100.0,-0.6380070960449417,0
-9.391714,60,3940.302833,-100.0,-0.6636862184202158,0
-8.47193,54,3941.102535,-100.0,-0.6765869611475982,0
-8.181963,57,3941.965983,-100.0,-0.6313100569069315,0
-9.064919,59,3942.856457,-100.0,-0.7765705550343224,0
-7.927323,52,3943.636903,-100.0,-0.7597666836091108,0
-8.706062,49,3944.361269,-100.0,-0.7104982442140941,0
-11.134557,65,3945.335514,-100.0,-0.6195245604186216,0
-8.402338,47,3946.06167,-100.0,-0.617230879639923,0
-8.265363,48,3946.791951,-100.0,-0.6637870368879247,0
-9.580896,42,3947.412891,-100.0,-0.6374547332289529,0
-8.661091,54,3948.242034,-100.0,-0.6465911530168557,0
-7.027761,39,3948.821047,-100.0,-0.7185608463927998,0
-6.846959,39,3949.41294,-100.0,-0.7171888185011047,0
-12.808881,117,3951.194645,-100.0,-0.6388022202444261,0
-8.587844,62,3952.109403,-100.0,-0.931990890704397,0
-8.438969,61,3953.016268,-100.0,-0.7152987565599518,0
-9.98182,64,4070.066344,-100.0,-0.6435872083966333,0
-9.723139,57,4070.9278,-100.0,-0.6927640174991507,0
-7.3222,48,4071.665193,-100.0,-0.6442730880689523,0
-8.392304,47,4072.383757,-100.0,-0.6658399396304294,0
-7.429145,50,4073.13616,-100.0,-0.6488648786643202,0
-7.483051,45,4073.81978,-100.0,-0.6392436466393376,0
-8.572622,58,4074.709274,-100.0,-0.6891950452869628,0
-8.458471,59,4075.599613,-100.0,-0.7268687895388066,0
-6.879738,40,4076.211668,-100.0,-0.6988686698798217,0
-9.907345,40,4076.802156,-100.0,-0.7692120049366077,0
-8.215429,49,4077.544681,-100.0,-0.7457445720334234,0
-7.420868,52,4078.333354,-100.0,-0.7193783363853432,0
-8.3692,50,4079.083292,-100.0,-0.696123373484224,0
-9.591455,56,4079.926829,-100.0,-0.6817064791777596,0
-8.349672,51,4080.706776,-100.0,-0.7013045500313321,0
-7.79267,42,4081.339236,-100.0,-0.6756521182658723,0
-10.065158,77,4082.500897,-100.0,-0.7095530635777969,0
-8.886767,57,4083.364779,-100.0,-0.5805758991029059,0
-8.586894,58,4084.229115,-100.0,-0.6776010705380017,0
-7.909189,41,4084.845052,-100.0,-0.7050020882676319,0
-8.3953,60,4085.752141,-100.0,-0.7511492740926139,0
-6.995762,43,4086.39923,-100.0,-0.6142190747346606,0
-8.772705,48,4087.126881,-100.0,-0.744366354603822,0
-8.420132,60,4088.02003,-100.0,-0.6758128664337417,0
-7.908373,44,4088.705279,-100.0,-0.9135907974828331,0
-11.997747,76,4089.834333,-100.0,-0.19673859420206102,0
-7.419591,41,4090.456359,-100.0,-0.6676862516677693,0
-7.892383,47,4091.17322,-100.0,-0.7293461896596694,0
-8.647489,56,4092.027388,-100.0,-0.6967627541363296,0
-7.872254,47,4092.751122,-100.0,-0.7274262754133988,0
-7.770449,50,4093.494797,-100.0,-0.7495044653611755,0
-9.125078,66,4094.4912,-100.0,-0.6567916704329545,0
-7.706863,45,4095.157359,-100.0,-0.6445071973272789,0
-7.058193,42,4095.803062,-100.0,-0.7275728400856228,0
-8.373519,50,4096.553688,-100.0,-0.5700747206895489,0
-8.398674,51,4097.337422,-100.0,-0.3294230975890968,0
-8.124811,53,4098.127,-100.0,-0.6487469526963546,0
-7.522635,45,4098.818571,-100.0,-0.6790735943883902,0
-7.72431,47,4099.532978,-100.0,-0.7501951613965433,0
-7.824133,41,4100.165883,-100.0,-0.8086561880394719,0
-8.486658,60,4219.044813,-100.0,-0.7121826790082485,0
-6.53181,43,4219.714447,-100.0,-0.7939079320735564,0
-9.992438,48,4220.435525,-100.0,-0.6656567190670549,0
-8.062159,48,4221.17236,-100.0,-0.6572391739748608,0
-7.027323,42,4221.802427,-100.0,-0.7111461706558457,0
-10.032453,89,4223.165605,-100.0,-0.7054335634681969,0
-7.276599,41,4223.797775,-100.0,-0.7403385284667486,0
-7.904902,45,4224.486611,-100.0,-0.6013761041093307,0
-8.561898,53,4225.293201,-100.0,-0.6485452501662905,0
-8.39597,65,4226.301533,-100.0,-0.6880698838363108,0
-11.483743,81,4227.529947,-100.0,-0.20298893243321992,0
-6.865728,36,4228.065138,-100.0,-0.673416205757921,0
-7.046257,41,4228.68689,-100.0,-0.6830814407761953,0
-7.829491,47,4229.413344,-100.0,-0.693643945780427,0
-8.486822,51,4230.201439,-100.0,-0.6250519380601908,0
-7.789469,55,4231.026565,-100.0,-0.6773574554329154,0
-7.226477,39,4231.640482,-100.0,-0.7139572900727892,0
-11.027148,89,4232.988995,-100.0,-0.7103353643268078,0
-7.564302,42,4233.646738,-100.0,-0.733782984506001,0
-9.564551,55,4234.475929,-100.0,-0.5738575072566076,0
-7.325594,48,4235.201764,-100.0,-0.7113106936751886,0
-8.345161,53,4235.995619,-100.0,-0.6150134218649802,0
-7.529679,39,4236.601801,-100.0,-0.6138706556349585,0
-7.291302,50,4237.357753,-100.0,-0.6761790523367152,0
-7.946922,46,4238.060143,-100.0,-0.7070129750299913,0
-8.265571,54,4238.899102,-100.0,-0.763109743467587,0
-7.985371,40,4239.516113,-100.0,-0.604065448237388,0
-8.777367,56,4240.383161,-100.0,-0.6385362062968823,0
-9.061689,56,4241.235364,-100.0,-0.6266029039023993,0
-8.002449,46,4241.942309,-100.0,-0.6655612952065876,0
-8.123506,43,4242.589494,-100.0,-0.6832300918504449,0
-8.393037,45,4243.288295,-100.0,-0.7131968587330317,0
-8.487968,58,4244.139439,-100.0,-0.6856317935776963,0
-7.72561,50,4244.91318,-100.0,-0.61530893942734,0
-7.448264,46,4245.621018,-100.0,-0.6494528391980565,0
-11.868964,79,4246.827755,-100.0,-0.36740595313988095,0
-8.768372,54,4247.641268,-100.0,-0.6555191524267681,0
-7.284522,35,4248.161382,-100.0,-0.6745211180038424,0
-6.887181,44,4248.833417,-100.0,-0.720888752242491,0
-7.213474,62,4367.098752,-100.0,-0.7644441198588527,0
-7.216433,49,4367.865084,-100.0,-0.7908797371119602,0
-7.870805,51,4368.639902,-100.0,-0.7330318293549385,0
-12.054075,96,4370.128103,-100.0,-0.6042928599334273,0
-7.860052,51,4370.924816,-100.0,-0.700848370879373,0
-8.464652,64,4371.894174,-100.0,-0.6813309158464851,0
-8.167798,43,4372.56309,-100.0,-0.6248742172749335,0
-6.948496,38,4373.152581,-100.0,-0.6340494996297595,0
-7.626004,46,4373.857844,-100.0,-0.6088986173738555,0
-7.784147,45,4374.555317,-100.0,-0.6528979081307282,0
-7.373226,41,4375.191799,-100.0,-0.6286356299771022,0
-7.804624,47,4375.905242,-100.0,-0.6056087656024072,0
-9.670434,72,4377.005245,-100.0,-0.698600616251479,0
-7.838168,47,4377.729659,-100.0,-0.7077105144473053,0
-8.766186,59,4378.638361,-100.0,-0.632220858734724,0
-7.726464,48,4379.365473,-100.0,-0.7080272860954587,0
-7.239232,46,4380.06343,-100.0,-0.6459526874327106,0
-8.117193,65,4381.063874,-100.0,-0.6649804533235458,0
-6.925916,40,4381.697244,-100.0,-0.6720358933980417,0
-7.423076,52,4382.485478,-100.0,-0.6720710023957749,0
-7.206048,42,4383.144874,-100.0,-0.6542154713216376,0
-7.671392,44,4383.821821,-100.0,-0.652004414668466,0
-7.495611,42,4384.466748,-100.0,-0.8589612194538232,0
-7.238288,43,4385.138722,-100.0,-0.6497120792594513,0
-8.269033,48,4385.851559,-100.0,-0.6718132587642982,0
-7.365925,40,4386.481949,-100.0,-0.653083152714914,0
-9.205454,59,4387.404294,-100.0,-0.2556758495226828,0
-7.174176,39,4388.030917,-100.0,-0.6516871185752366,0
-8.208388,54,4388.840696,-100.0,-0.6792904636023562,0
-8.442798,45,4389.533729,-100.0,-0.669774487805903,0
-9.295064,66,4390.556222,-100.0,-0.6903322903616623,0
-8.666888,39,4391.136396,-100.0,-0.6903265405040794,0
-7.501662,36,4391.688799,-100.0,-0.6800850252532016,0
-9.07502,67,4392.718266,-100.0,-0.5948809619854846,0
-7.442723,47,4393.440249,-100.0,-0.8503674212689125,0
-12.310752,121,4395.294887,-100.0,-0.6919202912693436,0
-8.53227,50,4396.074928,-100.0,-0.6244896022414286,0
-7.292435,37,4396.653048,-100.0,-0.7561070344017262,0
-7.357244,51,4397.434583,-100.0,-0.7726754125720926,0
-7.580041,44,4398.09634,-100.0,-0.6196967170946203,0
-7.784541,51,4519.964772,-100.0,-0.7131460586312944,0
-7.771017,56,4520.853105,-100.0,-0.6985347005824801,0
-8.783701,81,4522.104969,-100.0,-0.6590563166149123,0
-7.648783,45,4522.809486,-100.0,-0.6507487573403883,0
-6.879762,46,4523.52792,-100.0,-0.7528184206241838,0
-8.056079,50,4524.285387,-100.0,-0.6279431156946426,0
-7.874263,50,4525.075087,-100.0,-0.6833302254482403,0
-7.540613,43,4525.739513,-100.0,-0.7055911255081683,0
-7.197895,45,4526.447948,-100.0,-0.6920312330310153,0
-7.207545,40,4527.078496,-100.0,-0.6255987933466449,0
-6.568355,38,4527.682437,-100.0,-0.8808625303277311,0
-7.779365,39,4528.295069,-100.0,-0.6036810100477259,0
-7.83008,52,4529.096541,-100.0,-0.7616659304249385,0
-8.077206,56,4529.961408,-100.0,-0.7306931167050368,0
-8.714514,62,4530.907088,-100.0,-0.6787761200442018,0
-7.892217,49,4531.657469,-100.0,-0.6072996476877204,0
-7.843702,43,4532.333777,-100.0,-0.6360108328733921,0
-8.628121,62,4533.313819,-100.0,-0.6774940420546467,0
-7.291197,38,4533.901727,-100.0,-0.6578982928986749,0
-8.227895,49,4534.667405,-100.0,-0.7464170628573044,0
-7.676715,53,4535.480321,-100.0,-0.7191773415007865,0
-7.833482,56,4536.322474,-100.0,-0.7380501265286524,0
-7.266084,39,4536.937568,-100.0,-0.7281027365175332,0
-7.005453,47,4537.672331,-100.0,-0.7453608290855638,0
-6.970201,41,4538.313875,-100.0,-0.5644860610507645,0
-6.396504,41,4538.960631,-100.0,-0.7131031149811576,0
-7.088559,46,4539.666474,-100.0,-0.7301766500052287,0
-7.868005,52,4540.467929,-100.0,-0.7333115172461029,0
-7.706057,51,4541.27028,-100.0,-0.7201225520496068,0
-7.005033,43,4541.933514,-100.0,-0.7646098775154677,0
-7.592862,38,4542.515601,-100.0,-0.6124068919575912,0
-8.212014,52,4543.324407,-100.0,-0.7298708061868922,0
-7.081292,42,4543.995594,-100.0,-0.6354331941813672,0
-7.407295,48,4544.731469,-100.0,-0.6481111667241232,0
-6.578548,43,4545.424384,-100.0,-0.6444295440519267,0
-7.81252,46,4546.130629,-100.0,-0.6174499135420534,0
-8.336694,49,4546.888445,-100.0,-0.689172120670583,0
-7.634768,45,4547.587469,-100.0,-0.7542055437161828,0
-6.083572,38,4548.18729,-100.0,-0.7611054022884016,0
-6.861306,38,4548.785169,-100.0,-0.702062028002807,0
-7.587858,48,4549.518944,-100.0,-0.7349249714357968,0
-7.896584,62,4550.497149,-100.0,-0.6318310891096918,0
-7.016567,40,4551.099598,-100.0,-0.6743476866012641,0
-7.09075,38,4669.27317,-100.0,-0.7597828366610005,0
-7.502348,42,4669.925574,-100.0,-0.5865140618374148,0
-7.354864,40,4670.55976,-100.0,-0.6618611173431692,0
-7.455122,47,4671.287196,-100.0,-0.6483050241638703,0
-7.711387,56,4672.161551,-100.0,-0.6743363845964943,0
-7.036207,43,4672.836687,-100.0,-0.7485933500096957,0
-7.468789,52,4673.646164,-100.0,-0.6521266742094826,0
-8.307537,52,4674.450634,-100.0,-0.6688143604823512,0
-6.848498,42,4675.106069,-100.0,-0.6501828674816801,0
-7.821137,43,4675.777252,-100.0,-0.6639913677685202,0
-8.053264,55,4676.632069,-100.0,-0.6868127936747542,0
-7.108058,45,4677.34705,-100.0,-0.6870362870051743,0
-8.056383,54,4678.18782,-100.0,-0.7357374024633827,0
-7.198123,45,4678.87879,-100.0,-0.6545340643598974,0
-8.128539,64,4679.875314,-100.0,-0.6695664805839128,0
-7.753446,51,4680.674506,-100.0,-0.7402591622795659,0
-7.114598,38,4681.27688,-100.0,-0.6417491048018927,0
-7.933586,54,4682.111551,-100.0,-0.6543597600185795,0
-6.528825,36,4682.660977,-100.0,-0.6337130423317363,0
-7.833994,41,4683.315736,-100.0,-0.627114195737387,0
-7.541377,44,4684.005214,-100.0,-0.5956122311342934,0
-6.779974,48,4684.730338,-100.0,-0.6825828202626004,0
-7.095858,44,4685.397721,-100.0,-0.6733576079332935,0
-7.20615,44,4686.07135,-100.0,-0.6854674147692469,0
-7.092521,41,4686.712892,-100.0,-0.7301999379842369,0
-8.175606,66,4687.74983,-100.0,-0.7447368476961765,0
-7.316992,52,4688.541027,-100.0,-0.7669733161486156,0
-8.881892,60,4689.480672,-100.0,-0.6536973457046711,0
-8.27421,43,4690.149657,-100.0,-0.6464254410569988,0
-7.444286,47,4690.881396,-100.0,-0.733622833065734,0
-6.866887,41,4691.524198,-100.0,-0.7044102485502721,0
-7.267568,40,4692.153469,-100.0,-0.6155167293121129,0
-7.073873,43,4692.832619,-100.0,-0.735501782294406,0
-7.414761,46,4693.533188,-100.0,-0.7213688142940763,0
-8.406197,43,4694.201194,-100.0,-0.5888712461879573,0
-6.740977,44,4694.891235,-100.0,-0.7280889810527523,0
-6.895745,41,4695.535085,-100.0,-0.6896316893642608,0
-7.269583,37,4696.106419,-100.0,-0.7126144902041395,0
-6.838013,41,4696.746722,-100.0,-0.6865731738576303,0
-9.101764,75,4697.921231,-100.0,-0.6734463533465956,0
-7.427056,43,4698.605602,-100.0,-0.6795072865089028,0
-6.942621,42,4699.23595,-100.0,-0.6615516030924111,0
-6.878202,38,4699.836087,-100.0,-0.6569400404504232,0
-7.063067,45,4700.532651,-100.0,-0.6697927549608845,0
-7.140005,46,4826.49796,-100.0,-0.7663499225383804,0
-7.557159,45,4827.194023,-100.0,-0.7598060174905898,0
-7.401353,41,4827.839924,-100.0,-0.8181786623466756,0
-7.292508,47,4828.577809,-100.0,-0.6672908219754093,0
-6.75594,41,4829.232973,-100.0,-0.6486908516059285,0
-7.48823,53,4830.058829,-100.0,-0.7377082775854114,0
-6.82158,36,4830.618629,-100.0,-0.7608916970703374,0
-6.650973,41,4831.25425,-100.0,-0.6918416059731698,0
-6.776469,35,4831.808131,-100.0,-0.7325332659780086,0
-7.647874,56,4832.681555,-100.0,-0.6731773099369713,0
-6.286111,44,4833.375317,-100.0,-0.7899089851520809,0
-7.415901,51,4834.172446,-100.0,-0.6813697825451801,0
-7.255348,39,4834.777847,-100.0,-0.7195431274177104,0
-6.860314,38,4835.37724,-100.0,-0.6951579632652056,0
-7.454818,51,4836.178239,-100.0,-0.6847366481838743,0
-7.795902,54,4837.015865,-100.0,-0.7357793951603769,0
-7.28565,44,4837.692796,-100.0,-0.6504206283951249,0
-7.20151,41,4838.349695,-100.0,-0.6914655303192163,0
-6.952583,46,4839.08219,-100.0,-0.8959580936775289,0
-7.15463,43,4839.752869,-100.0,-0.7510250113108332,0
-7.080569,50,4840.562173,-100.0,-0.7139966908801083,0
-7.113239,44,4841.235195,-100.0,-0.6679584546707947,0
-5.893459,36,4841.789051,-100.0,-0.854705595394433,0
-8.221771,71,4842.87885,-100.0,-0.6846035894655286,0
-6.718461,42,4843.549701,-100.0,-0.6914442817081938,0
-8.47523,63,4844.551631,-100.0,-0.6638823667488767,0
-7.738883,55,4845.399328,-100.0,-0.6498678752077589,0
-7.514214,46,4846.123462,-100.0,-0.6813945772425709,0
-6.574435,37,4846.700959,-100.0,-0.727267750645009,0
-6.797268,38,4847.283529,-100.0,-0.6723790887500252,0
-6.261009,44,4847.96949,-100.0,-0.726060792318869,0
-7.719065,51,4848.767253,-100.0,-0.645810569255424,0
-7.748752,53,4849.595018,-100.0,-0.6367841493670446,0
-7.466756,40,4850.229543,-100.0,-0.6116721054627651,0
-6.364108,40,4850.854221,-100.0,-0.7183047454064359,0
-7.335609,39,4851.465488,-100.0,-0.6656159982039381,0
-6.810895,51,4852.252714,-100.0,-0.6311331355671782,0
-7.411714,43,4852.933657,-100.0,-0.6912458414766528,0
-7.683342,50,4853.716437,-100.0,-0.8295327816800686,0
-6.352367,40,4854.530421,-100.0,-0.727579338911452,0
-6.474765,40,4855.172253,-100.0,-0.7441959095817638,0
-7.08224,43,4855.824768,-100.0,-0.6563535419112673,0
-7.633628,52,4856.669189,-100.0,-0.6553237418349804,0
-7.329741,44,4857.354737,-100.0,-0.6738558171806596,0
-6.534039,37,4857.90155,-100.0,-0.650100311817158,0
-6.782333,40,4977.715178,-100.0,-0.721819496589328,0
-6.928133,35,4978.277925,-100.0,-0.6780749432485371,0
-6.702625,45,4978.984093,-100.0,-0.7422385574567982,0
-6.753448,37,4979.586345,-100.0,-0.6798650555250229,0
-7.023723,41,4980.244948,-100.0,-0.6760473811362429,0
-6.675225,48,4980.988573,-100.0,-0.7912823384711767,0
-6.808751,37,4981.578169,-100.0,-0.6473643968901721,0
-6.771727,40,4982.212741,-100.0,-0.6750826233115581,0
-6.382268,39,4982.819521,-100.0,-0.7913291589608484,0
-6.458491,35,4983.385583,-100.0,-0.6314033226483424,0
-6.520788,41,4984.031809,-100.0,-0.7789051408051672,0
-6.943331,46,4984.749773,-100.0,-0.698592998113726,0
-6.617947,47,4985.479449,-100.0,-0.8042956268862035,0
-8.233423,47,4986.203001,-100.0,-0.6689262081543057,0
-6.573026,42,4986.877818,-100.0,-0.759224170262796,0
-7.343915,58,4987.778793,-100.0,-0.7572137146309034,0
-7.482114,36,4988.351868,-100.0,-0.6510189987619461,0
-6.426854,36,4988.927448,-100.0,-0.7895175864219399,0
-6.935468,42,4989.596641,-100.0,-0.7241607707816619,0
-7.188336,50,4990.371737,-100.0,-0.6573017828501561,0
-6.292313,39,4990.988565,-100.0,-0.7943827565482968,0
-7.604874,47,4991.72164,-100.0,-0.6218897498069199,0
-6.869356,54,4992.577506,-100.0,-0.7385394091765975,0
-7.263405,42,4993.260154,-100.0,-0.5925775342460275,0
-7.968597,50,4994.035545,-100.0,-0.623027934751105,0
-6.940857,40,4994.68433,-100.0,-0.7065595394902386,0
-7.37641,43,4995.376913,-100.0,-0.618113087930501,0
-7.264008,47,4996.071047,-100.0,-0.7157886312563324,0
-7.867347,47,4996.810283,-100.0,-0.6792846832024949,0
-6.713453,44,4997.515728,-100.0,-0.777043001886127,0
-6.86656,45,4998.227089,-100.0,-0.6826417451416856,0
-7.324255,41,4998.879682,-100.0,-0.6059982452689018,0
-7.305732,45,4999.574205,-100.0,-0.7375896507665431,0
-7.102523,41,5000.228148,-100.0,-0.67203569525749,0
-8.348236,64,5001.22581,-100.0,-0.5829169908601248,0
-7.104678,45,5001.932764,-100.0,-0.6874746945250112,0
-7.950882,79,5003.17761,-100.0,-0.7079775686698776,0
-7.203007,44,5003.871618,-100.0,-0.6751293423205894,0
-6.958789,50,5004.673302,-100.0,-0.6897993844973856,0
-7.901753,56,5005.525155,-100.0,-0.6765945777493412,0
-7.256099,43,5006.209145,-100.0,-0.6938278541611884,0
-7.246463,44,5006.904369,-100.0,-0.6418514661106333,0
-8.146168,56,5007.817917,-100.0,-0.6296814999737762,0
-6.752699,43,5008.482022,-100.0,-0.7184736825600998,0
-7.034419,37,5009.062082,-100.0,-0.6228550735563282,0
-7.479101,38,5113.563052,-100.0,-0.6123997364628757,0
-6.761385,36,5114.136859,-100.0,-0.7538313215559266,0
-6.717081,36,5114.718779,-100.0,-0.6763130689366477,0
-6.13647,38,5115.309947,-100.0,-0.7319480777575653,0
-6.045312,39,5115.929428,-100.0,-0.6921726215289283,0
-6.789047,46,5116.671951,-100.0,-0.7123126197508262,0
-6.682294,45,5117.382971,-100.0,-0.781270632405632,0
-7.393344,45,5118.094421,-100.0,-0.6858741776011711,0
-6.47071,39,5118.710412,-100.0,-0.6475872777464855,0
-6.712716,37,5119.287346,-100.0,-0.632304477884824,0
-6.752417,40,5119.904304,-100.0,-0.6878104995217269,0
-7.235941,41,5120.556525,-100.0,-0.5705058816145703,0
-7.86471,61,5121.554674,-100.0,-0.7332797797175771,0
-7.196742,52,5122.376096,-100.0,-0.7252194646901473,0
-6.863442,41,5123.013425,-100.0,-0.7309420864493561,0
-7.138552,42,5123.680832,-100.0,-0.6668217956168033,0
-6.872411,42,5124.350533,-100.0,-0.6932997339303076,0
-7.012887,43,5125.036419,-100.0,-0.6994794273816074,0
-6.343707,39,5125.659943,-100.0,-0.7390174667495369,0
-6.403815,44,5126.341798,-100.0,-0.7282727366921533,0
-7.668732,43,5127.021539,-100.0,-0.706782568276416,0
-6.903901,46,5127.74352,-100.0,-0.8098947429071803,0
-8.286204,52,5128.572274,-100.0,-0.7337682084618641,0
-7.051776,42,5129.248811,-100.0,-0.7015739866784318,0
-7.557287,59,5130.158686,-100.0,-0.7494368595086578,0
-6.312923,40,5130.79135,-100.0,-0.8585773412321508,0
-6.949616,36,5131.367937,-100.0,-0.6895068266538847,0
-9.082802,63,5132.376009,-100.0,-0.3477154656756456,0
-6.75339,41,5133.037309,-100.0,-0.7094996831718431,0
-7.023671,47,5133.775475,-100.0,-0.6581207284368864,0
-7.328184,45,5134.503902,-100.0,-0.648023947432599,0
-6.57123,38,5135.115741,-100.0,-0.7067583436941094,0
-6.341048,35,5135.675954,-100.0,-0.6466451569428013,0
-6.862022,49,5136.443218,-100.0,-0.7698484975196235,0
-7.563962,49,5137.223972,-100.0,-0.763442786177251,0
-7.487139,52,5138.047018,-100.0,-0.7145436936916877,0
-6.714169,43,5138.732955,-100.0,-0.7243872834907502,0
-6.286124,42,5139.388462,-100.0,-0.8240614742297363,0
-6.337248,41,5140.033904,-100.0,-0.6797083944139048,0
-7.256345,45,5140.758525,-100.0,-0.7520731968584884,0
-7.408014,46,5141.477972,-100.0,-0.6661869505472341,0
-6.510926,37,5142.063727,-100.0,-0.6952725530924334,0
-7.161374,42,5142.726661,-100.0,-0.6283304280444583,0
-7.143099,41,5143.379511,-100.0,-0.7417726992919585,0
-7.033399,41,5144.033797,-100.0,-0.6393806811228103,0
-6.573559,45,5144.768548,-100.0,-0.7666244517064011,0
-6.535413,41,5145.411602,-100.0,-0.7718919435381635,0
-6.871391,48,5268.07691,-100.0,-0.7024904750032929,0
-6.635149,47,5268.833142,-100.0,-0.8569916931982059,0
-6.744552,44,5269.534093,-100.0,-0.6843050916569531,0
-6.393037,40,5270.16532,-100.0,-0.7608560895178293,0
-6.43307,40,5270.799349,-100.0,-0.7596095283310172,0
-7.259286,47,5271.542555,-100.0,-0.6449785136835873,0
-6.446499,45,5272.266254,-100.0,-0.7759726704905408,0
-7.462815,46,5272.999542,-100.0,-0.6957001742733783,0
-6.701269,35,5273.550728,-100.0,-0.6474103685607364,0
-7.648787,49,5274.33565,-100.0,-0.6458182391102902,0
-6.933897,40,5274.96608,-100.0,-0.7060555601859422,0
-7.054312,39,5275.578327,-100.0,-0.6812361319943022,0
-6.694938,44,5276.263753,-100.0,-0.6997787311715694,0
-7.023717,41,5276.912304,-100.0,-0.6707548085628469,0
-6.645135,42,5277.579269,-100.0,-0.6522541153007385,0
-6.727346,39,5278.192243,-100.0,-0.6889392213338629,0
-6.71915,45,5278.898441,-100.0,-0.7117390845887845,0
-7.217962,40,5279.541425,-100.0,-0.6560318310485856,0
-6.969521,44,5280.233648,-100.0,-0.634696728875543,0
-7.696547,49,5281.005466,-100.0,-0.646406367816432,0
-7.53802,51,5281.810137,-100.0,-0.6265559267997233,0
-6.82659,40,5282.456511,-100.0,-0.6396965578534415,0
-6.093969,35,5283.002365,-100.0,-0.6413749847270408,0
-6.249496,40,5283.644002,-100.0,-0.6928592377134128,0
-6.59776,41,5284.295237,-100.0,-0.8165875223137466,0
-6.822205,38,5284.901462,-100.0,-0.6506843533396095,0
-6.359164,38,5285.49477,-100.0,-0.6641729940761887,0
-6.485605,44,5286.19219,-100.0,-0.7621354602523163,0
-7.007216,37,5286.759071,-100.0,-0.8723363866265713,0
-6.367003,40,5287.407806,-100.0,-0.7664764618054644,0
-5.872038,38,5288.008115,-100.0,-0.8521316701422403,0
-6.474166,38,5288.615756,-100.0,-0.8377154038369722,0
-6.36184,39,5289.237516,-100.0,-0.805694059146652,0
-7.459102,42,5289.898744,-100.0,-0.6357075438700702,0
-7.104223,37,5290.476781,-100.0,-0.6446428703513387,0
-6.214777,39,5291.109704,-100.0,-0.7288795406071649,0
-6.66183,39,5291.738687,-100.0,-0.6873650369921427,0
-7.541569,44,5292.439214,-100.0,-0.8303859646375703,0
-6.874817,42,5293.100459,-100.0,-0.633492337867528,0
-6.487902,35,5293.662462,-100.0,-0.7323563601506965,0
-6.91361,52,5294.466732,-100.0,-0.6899150222627392,0
-6.790233,47,5295.219358,-100.0,-0.6033032683950149,0
-6.340101,39,5295.828436,-100.0,-0.8012723878736061,0
-6.764183,38,5296.44053,-100.0,-0.6631365501029837,0
-6.838463,45,5297.146773,-100.0,-0.6487147124377545,0
-6.854768,52,5297.964092,-100.0,-0.6946982637986145,0
-6.74323,40,5298.607007,-100.0,-0.6356666958570195,0
-6.412268,35,5299.151491,-100.0,-0.636060741807198,0
-7.15832,57,5300.05239,-100.0,-0.6557499863611266,0
-6.622446,39,5409.871812,-100.0,-0.6440578916880851,0
-6.770724,43,5410.554148,-100.0,-0.7243182511104548,0
-6.491135,37,5411.140948,-100.0,-0.6337669021245333,0
-6.257581,39,5411.755143,-100.0,-0.6262814476435787,0
-6.804675,39,5412.374601,-100.0,-0.7187235009561413,0
-6.261585,39,5413.003261,-100.0,-0.7556726944786426,0
-6.899533,36,5413.563481,-100.0,-0.6425187302028769,0
-6.776393,45,5414.284689,-100.0,-0.6445394083533977,0
-6.079127,39,5414.902444,-100.0,-0.7515682645633442,0
-6.403374,41,5415.550417,-100.0,-0.6514795434069639,0
-6.635929,35,5416.137378,-100.0,-0.6386029702544128,0
-6.526682,40,5416.763403,-100.0,-0.8025493406650217,0
-7.238398,49,5417.733037,-100.0,-0.7513687788728228,0
-7.174843,41,5418.373391,-100.0,-0.6354516799261378,0
-7.167408,61,5419.362123,-100.0,-0.6968384070663425,0
-6.745069,43,5420.060973,-100.0,-0.5991038673691029,0
-7.390704,49,5420.848811,-100.0,-0.639601360640189,0
-6.741002,44,5421.531659,-100.0,-0.7883226975330265,0
-7.347174,55,5422.401196,-100.0,-0.653454229483363,0
-7.153033,40,5423.049013,-100.0,-0.6326055045064841,0
-6.817099,44,5423.745358,-100.0,-0.6375516771307637,0
-6.654815,44,5424.439608,-100.0,-0.7050859141193572,0
-7.124929,43,5425.126651,-100.0,-0.6417104027931417,0
-6.548382,40,5425.779632,-100.0,-0.7363692952289106,0
-6.209468,42,5426.449594,-100.0,-0.7722792566692477,0
-7.00516,39,5427.061479,-100.0,-0.6515693894982327,0
-6.242431,36,5427.6382,-100.0,-0.7988398188757779,0
-7.402301,54,5428.490856,-100.0,-0.6643516367827477,0
-7.033262,46,5429.211207,-100.0,-0.5853389366021735,0
-6.154375,38,5429.830103,-100.0,-0.7756732763744457,0
-6.288217,40,5430.458863,-100.0,-0.7364964078324447,0
-5.968044,40,5431.093496,-100.0,-0.7320317719352446,0
-6.785519,43,5431.769057,-100.0,-0.6653810907867683,0
-7.140188,44,5432.4841,-100.0,-0.6436750463095865,0
-6.538655,43,5433.19201,-100.0,-0.5894020395577616,0
-6.675463,40,5433.819199,-100.0,-0.7106841271747459,0
-6.306383,37,5434.404144,-100.0,-0.7213189099039413,0
-6.403023,46,5435.131801,-100.0,-0.7279043376644838,0
-6.571969,35,5435.692326,-100.0,-0.7878546583857003,0
-6.718307,45,5436.409676,-100.0,-0.6850901545451727,0
-6.51551,38,5437.020886,-100.0,-0.7116946384838259,0
-6.682528,42,5437.673763,-100.0,-0.7139246002263356,0
-6.51081,36,5438.251529,-100.0,-0.6675757897859439,0
-6.307674,39,5438.873291,-100.0,-0.7420149852073309,0
-6.725505,39,5439.512052,-100.0,-0.7814365725238366,0
-6.957839,53,5440.334087,-100.0,-0.7468545636523495,0
-7.196141,37,5440.92819,-100.0,-0.6449218273283877,0
-6.928658,40,5441.551259,-100.0,-0.6713379657030059,0
-7.495021,49,5442.333367,-100.0,-0.7556838966249273,0
-7.079302,49,5544.580835,-100.0,-0.6938383713804122,0
-6.205801,36,5545.160202,-100.0,-0.5942621812145764,0
-5.97207,37,5545.767283,-100.0,-0.7087403153786117,0
-6.292465,38,5546.368664,-100.0,-0.689241650780581,0
-6.724356,44,5547.064602,-100.0,-0.7086287660000429,0
-6.022043,40,5547.706586,-100.0,-0.8193652323035511,0
-6.50956,45,5548.426211,-100.0,-0.7231291481173143,0
-6.563467,36,5548.993662,-100.0,-0.6488175686392408,0
-6.663731,40,5549.646743,-100.0,-0.801727296153791,0
-7.393884,51,5550.456717,-100.0,-0.611886519148494,0
-6.649083,46,5551.200769,-100.0,-0.6790066362019105,0
-6.121466,34,5551.741951,-100.0,-0.6284558164133855,0
-6.591598,40,5552.388194,-100.0,-0.8084225675437582,0
-6.19551,40,5553.015919,-100.0,-0.7790721051252698,0
-7.034813,43,5553.707757,-100.0,-0.7164393526295264,0
-6.641645,50,5554.503322,-100.0,-0.8940743203748036,0
-6.78337,39,5555.127761,-100.0,-0.76502263295946,0
-7.584756,51,5555.957146,-100.0,-0.6392653951968249,0
-7.371392,53,5556.79815,-100.0,-0.7415612700530503,0
-6.45464,47,5557.539032,-100.0,-0.756815432397034,0
-6.356731,36,5558.123331,-100.0,-0.7306681156639231,0
-5.616647,34,5558.691615,-100.0,-0.7154376779513072,0
-6.811384,38,5559.276675,-100.0,-0.7216067568397802,0
-5.745849,38,5559.896916,-100.0,-0.8143014227761659,0
-6.596295,37,5560.489988,-100.0,-0.659223526560867,0
-6.119913,38,5561.093662,-100.0,-0.9444018062944528,0
-6.478378,43,5561.7715,-100.0,-0.7200167643202036,0
-6.875732,31,5562.270613,-100.0,-0.7645739636916863,0
-6.456635,36,5562.848792,-100.0,-0.7477965814466141,0
-6.764798,42,5563.528244,-100.0,-0.6570296674926371,0
-6.490885,37,5564.113912,-100.0,-0.7723127356858265,0
-6.050146,37,5564.725465,-100.0,-0.7692730795427524,0
-6.446469,39,5565.350414,-100.0,-0.6246504706375138,0
-6.747757,44,5566.039352,-100.0,-0.6844452392962223,0
-6.240779,37,5566.605301,-100.0,-0.6794504971167704,0
-5.921797,35,5567.191094,-100.0,-0.7270253954385503,0
-6.033747,40,5567.838049,-100.0,-0.9071750635139355,0
-6.59132,40,5568.48246,-100.0,-0.6500098832452574,0
-6.872515,42,5569.150693,-100.0,-0.6804400675753862,0
-8.203826,40,5569.794782,-100.0,-0.6300536632697313,0
-7.178773,40,5570.430456,-100.0,-0.6147869492347133,0
-6.501311,50,5571.222926,-100.0,-0.707210906338808,0
-6.56881,42,5571.891344,-100.0,-0.6581824431389354,0
-6.479195,38,5572.503877,-100.0,-0.6043551873293449,0
-6.735138,50,5573.298774,-100.0,-0.7331558788573576,0
-6.197667,38,5573.903129,-100.0,-0.7775607129625535,0
-6.353562,39,5574.516184,-100.0,-0.6613114333613868,0
-6.261085,35,5575.069068,-100.0,-0.6706498835203547,0
-6.85826,43,5575.754503,-100.0,-0.7064239991833455,0
-6.776864,40,5576.412434,-100.0,-0.6258148056433966,0
-6.154557,34,5692.426268,-100.0,-0.7044381241697409,0
-6.420425,39,5693.037522,-100.0,-0.6928174842441914,0
-6.529575,40,5693.675506,-100.0,-0.7768449269826003,0
-6.24759,44,5694.392799,-100.0,-0.7454753756469878,0
-7.222842,42,5695.074825,-100.0,-0.6739110308516219,0
-6.264141,40,5695.729548,-100.0,-0.7212852100125355,0
-6.80753,43,5696.411642,-100.0,-0.6984978488937954,0
-6.816235,41,5697.070052,-100.0,-0.6634788623090921,0
-6.395421,38,5697.67817,-100.0,-0.653448176074246,0
-6.22294,36,5698.258506,-100.0,-0.7658707111639168,0
-6.655147,38,5698.858888,-100.0,-0.6471120627224759,0
-6.30064,39,5699.48958,-100.0,-0.6159458520780267,0
-6.281268,38,5700.105713,-100.0,-0.6575759924237137,0
-6.74092,45,5700.820211,-100.0,-0.7285048824219983,0
-6.043879,42,5701.492542,-100.0,-0.7396552964658163,0
-6.624342,50,5702.294932,-100.0,-0.7087903274925434,0
-6.32298,41,5702.933456,-100.0,-0.7905563117493248,0
-6.539898,43,5703.640586,-100.0,-0.6607872745812491,0
-6.300925,35,5704.208075,-100.0,-0.6081103032460118,0
-6.439769,46,5704.955848,-100.0,-0.6997088228236424,0
-6.599927,38,5705.564873,-100.0,-0.7105929777072167,0
-6.390636,39,5706.183339,-100.0,-0.8016221959858794,0
-6.648649,41,5706.857846,-100.0,-0.7420381971792874,0
-6.65532,38,5707.472671,-100.0,-0.6849710701406698,0
-7.452744,52,5708.304905,-100.0,-0.7362354289951514,0
-6.574184,46,5709.031746,-100.0,-0.6650670585894465,0
-7.624066,58,5709.994866,-100.0,-0.6204313407043915,0
-7.200106,40,5710.630311,-100.0,-0.6348473474812855,0
-6.424531,46,5711.382381,-100.0,-0.6695017425151919,0
-6.267122,41,5712.037336,-100.0,-0.7730517387895437,0
-6.567077,40,5712.674284,-100.0,-0.668097386752998,0
-6.497853,45,5713.395685,-100.0,-0.7628966823596243,0
-6.562717,41,5714.044329,-100.0,-0.7079770319462206,0
-6.559131,44,5714.770766,-100.0,-0.7576513688340862,0
-6.332717,33,5715.297071,-100.0,-0.7095508760052396,0
-6.81476,47,5716.058163,-100.0,-0.6898783841972761,0
-6.823114,42,5716.738208,-100.0,-0.6608047246402221,0
-6.41061,34,5717.27913,-100.0,-0.7224016377066248,0
-6.282941,38,5717.883599,-100.0,-0.7012669572302537,0
-6.957063,38,5718.498166,-100.0,-0.6488816804453896,0
-7.215553,41,5719.168868,-100.0,-0.6886177986879677,0
-7.018433,47,5719.920438,-100.0,-0.6083070098414973,0
-6.372353,42,5720.592337,-100.0,-0.6549624777435057,0
-6.341414,42,5721.264695,-100.0,-0.7445484413929866,0
-6.36176,40,5721.912225,-100.0,-0.6789364868071694,0
-6.482544,42,5722.579402,-100.0,-0.6909110653730267,0
-6.492663,46,5723.320163,-100.0,-0.7834992634788593,0
-6.302789,39,5723.966105,-100.0,-0.6013387143095895,0
-6.391004,40,5724.605964,-100.0,-0.8983121410681967,0
-7.104684,41,5840.785549,-100.0,-0.6246501307114136,0
-6.014422,36,5841.370641,-100.0,-0.7162961495082429,0
-6.547862,39,5841.992779,-100.0,-0.6364621499518635,0
-6.037796,39,5842.616228,-100.0,-0.7294390884660221,0
-6.769485,37,5843.20884,-100.0,-0.6618933127367709,0
-6.7831,44,5843.921876,-100.0,-0.8740624087098747,0
-7.09431,47,5844.672452,-100.0,-0.64120572277863,0
-6.13259,40,5845.309389,-100.0,-0.6416088508217144,0
-6.623018,38,5845.93335,-100.0,-0.635995493181529,0
-5.980782,40,5846.578886,-100.0,-0.7635073687684866,0
-6.381399,39,5847.210065,-100.0,-0.8764928717611686,0
-6.427736,34,5847.754668,-100.0,-0.7001497367774221,0
-6.235694,38,5848.362076,-100.0,-0.7925269544020926,0
-6.704241,39,5849.002849,-100.0,-0.6968645597190547,0
-6.023593,39,5849.627543,-100.0,-0.782756603570496,0
-6.275541,41,5850.284033,-100.0,-0.6496078046169236,0
-6.548691,42,5850.963479,-100.0,-0.684506310271971,0
-5.966185,37,5851.558084,-100.0,-0.7338017947426116,0
-6.513436,38,5852.169777,-100.0,-0.6454416547436141,0
-6.292781,38,5852.78352,-100.0,-0.7132748485804791,0
-6.202347,39,5853.40894,-100.0,-0.7285482550246749,0
-6.079951,43,5854.099151,-100.0,-0.8219587831854426,0
-6.494644,44,5854.79835,-100.0,-0.7439227612356794,0
-6.3369,45,5855.51312,-100.0,-0.7851125146432062,0
-6.325765,37,5856.106376,-100.0,-0.729567679576957,0
-6.60404,45,5856.832842,-100.0,-0.7297403732975132,0
-5.639202,40,5857.474519,-100.0,-0.879239118736041,0
-6.291119,41,5858.127775,-100.0,-0.7057213978361433,0
-6.111015,38,5858.744309,-100.0,-0.7536233638883265,0
-6.696642,41,5859.397015,-100.0,-0.6946417140430013,0
-6.771587,49,5860.206913,-100.0,-0.7895739640493438,0
-6.980562,42,5860.897804,-100.0,-0.6233992034088616,0
-6.163959,37,5861.478982,-100.0,-0.7312413690071589,0
-6.698,41,5862.150313,-100.0,-0.7013397584355853,0
-6.349958,36,5862.704831,-100.0,-0.662145045696926,0
-6.91602,41,5863.372288,-100.0,-0.6738685403020905,0
-6.913074,43,5864.084309,-100.0,-0.6663834303599178,0
-6.206408,35,5864.638899,-100.0,-0.6067903522922302,0
-6.175847,41,5865.464786,-100.0,-0.7142376334189634,0
-6.558585,40,5866.107533,-100.0,-0.7141507907994739,0
-6.495606,35,5866.674986,-100.0,-0.6223157934499907,0
-6.202628,40,5867.319408,-100.0,-0.7706672201958116,0
-6.180916,36,5867.914134,-100.0,-0.6225890350182278,0
-6.320819,44,5868.622341,-100.0,-0.6890431359334152,0
-6.818015,38,5869.227796,-100.0,-0.6928143909124614,0
-6.752794,39,5869.852653,-100.0,-0.6852078181436009,0
-6.347017,35,5870.42921,-100.0,-0.6900087668144387,0
-6.261869,36,5871.018456,-100.0,-0.7820530470388574,0
-6.626733,41,5871.672697,-100.0,-0.7920172765164918,0
-6.690398,42,5872.338759,-100.0,-0.7263630866990497,0
-6.38909,35,5872.901248,-100.0,-0.6748883498945387,0
-6.373113,43,5873.59846,-100.0,-0.6673196249529875,0
-5.952887,35,5993.532719,-100.0,-0.8202314650026649,0
-5.811295,37,5994.138666,-100.0,-0.8735321211675232,0
-6.248638,33,5994.679581,-100.0,-0.6853015554503791,0
-6.088587,38,5995.290781,-100.0,-0.8075573602981682,0
-6.452461,40,5995.945062,-100.0,-0.7070278140597521,0
-6.584237,42,5996.603335,-100.0,-0.6823630478678463,0
-6.721718,40,5997.256369,-100.0,-0.6940896079279432,0
-5.864701,34,5997.807534,-100.0,-0.7464014199653467,0
-6.156706,46,5998.554293,-100.0,-0.758384007624057,0
-6.556809,41,5999.232014,-100.0,-0.6204657024587604,0
-6.210867,37,5999.820899,-100.0,-0.730208407088041,0
-6.624184,41,6000.49209,-100.0,-0.7075902356325208,0
-6.113321,39,6001.122226,-100.0,-0.784951632541681,0
-6.341438,38,6001.725049,-100.0,-0.6732178823458177,0
-6.404415,33,6002.261647,-100.0,-0.6405539596454648,0
-6.760672,51,6003.09997,-100.0,-0.8422640809285828,0
-6.662154,41,6003.764167,-100.0,-0.7577018560994949,0
-6.473728,46,6004.495482,-100.0,-0.7310456071550396,0
-6.450998,34,6005.059374,-100.0,-0.8189788984895308,0
-6.928679,48,6005.824654,-100.0,-0.7590979514365916,0
-6.614153,43,6006.525522,-100.0,-0.7058319074141107,0
-6.155761,39,6007.164503,-100.0,-0.7599481108597093,0
-6.38579,36,6007.760807,-100.0,-0.699330195218202,0
-6.182215,37,6008.352934,-100.0,-0.7488123932886784,0
-6.550395,40,6009.000437,-100.0,-0.6438074354645967,0
-7.295101,56,6009.903746,-100.0,-0.6632828323734962,0
-6.585327,34,6010.466443,-100.0,-0.6495168481720887,0
-5.984307,41,6011.11636,-100.0,-0.7928793765621173,0
-6.427881,38,6011.734601,-100.0,-0.6967904456913518,0
-5.973885,35,6012.312563,-100.0,-0.8300731031591574,0
-6.765614,39,6012.93009,-100.0,-0.7300321345141224,0
-6.599348,44,6013.638922,-100.0,-0.70661481534163,0
-6.03536,47,6014.387472,-100.0,-0.7186048291650804,0
-6.839713,45,6015.1113,-100.0,-0.6828754430083978,0
-6.411661,33,6015.644037,-100.0,-0.659191770811734,0
-6.070697,40,6016.297993,-100.0,-0.8123262996343987,0
-6.169133,36,6016.874634,-100.0,-0.728546344514505,0
-6.142863,42,6017.558802,-100.0,-0.6445530639539309,0
-6.544368,50,6018.379739,-100.0,-0.8729371509768756,0
-6.794216,44,6019.081579,-100.0,-0.7430983482483052,0
-6.417562,37,6019.691138,-100.0,-0.6441753605676713,0
-6.574116,43,6020.380122,-100.0,-0.6417645918697426,0
-6.322716,44,6021.098751,-100.0,-0.6494494191899967,0
-6.660386,46,6021.849201,-100.0,-0.842161552673974,0
-5.654501,34,6022.393029,-100.0,-0.7642668311964526,0
-6.306725,35,6022.957501,-100.0,-0.6803591235961404,0
-5.875128,33,6023.497532,-100.0,-0.6636626223669174,0
-6.018033,38,6024.101811,-100.0,-0.7497938445067037,0
-6.056635,34,6024.663579,-100.0,-0.814315372149763,0
-6.877341,46,6025.412788,-100.0,-0.691739405453542,0
-6.266033,35,6025.970048,-100.0,-0.7972738934899036,0
-6.265085,40,6145.177013,-100.0,-0.7044811785756887,0
-6.497285,51,6146.065709,-100.0,-0.7144085057554632,0
-6.140826,42,6146.787996,-100.0,-0.8440519624175401,0
-6.613823,41,6147.517645,-100.0,-0.6232566433717951,0
-6.147498,36,6148.147927,-100.0,-0.8425275496708361,0
-6.267239,36,6148.785548,-100.0,-0.7277100601520982,0
-6.282876,36,6149.404658,-100.0,-0.8287936487272908,0
-6.012956,40,6150.115887,-100.0,-0.7918650336578062,0
-6.747739,48,6150.950024,-100.0,-0.6794035367393803,0
-5.964903,38,6151.632746,-100.0,-0.8343129418986708,0
-6.505748,42,6152.36422,-100.0,-0.6958854312979309,0
-6.27461,40,6153.071473,-100.0,-0.6825028409616668,0
-6.382215,39,6153.763997,-100.0,-0.7027789669513973,0
-6.339128,37,6154.417688,-100.0,-0.5412668001765376,0
-6.252089,41,6155.137693,-100.0,-0.6676193624938942,0
-6.231023,36,6155.76437,-100.0,-0.7322255074950452,0
-6.325794,38,6156.436145,-100.0,-0.7314132410099077,0
-6.493768,37,6157.074466,-100.0,-0.6932662481938988,0
-6.371783,49,6157.939087,-100.0,-0.6996938088786788,0
-6.516958,41,6158.680808,-100.0,-0.6944529426392527,0
-6.610006,42,6159.418327,-100.0,-0.6223600291114465,0
-6.903798,50,6160.275593,-100.0,-0.9272558185119365,0
-6.121573,41,6161.007139,-100.0,-0.765696070901232,0
-6.557729,41,6161.725185,-100.0,-0.6334728227310802,0
-7.056776,42,6162.459385,-100.0,-0.6185344941119454,0
-6.012151,35,6163.073842,-100.0,-0.6778533712378119,0
-5.993517,38,6163.727818,-100.0,-0.6795302884458789,0
-6.588782,40,6164.43176,-100.0,-0.6236856492135321,0
-5.958116,33,6165.011437,-100.0,-0.7322274305675596,0
-6.283021,45,6165.812137,-100.0,-0.6786366602535815,0
-5.95674,41,6166.529636,-100.0,-0.729966632098794,0
-6.08581,39,6167.222216,-100.0,-0.7658987349290751,0
-6.234749,37,6167.858301,-100.0,-0.7772580729535262,0
-6.407763,46,6168.66521,-100.0,-0.6672161964881497,0
-6.309822,42,6169.40256,-100.0,-0.6896579855600468,0
-5.89265,35,6170.011301,-100.0,-0.6989743528372334,0
-5.921337,34,6170.614832,-100.0,-0.6505672689212786,0
-5.951738,35,6171.214315,-100.0,-0.7916430778237358,0
-6.57018,40,6171.927274,-100.0,-0.6642008298339835,0
-6.421703,38,6172.594197,-100.0,-0.7359719472810993,0
-6.168511,36,6173.238369,-100.0,-0.8149098681347781,0
-6.427056,43,6173.990978,-100.0,-0.605370233976081,0
-6.153672,34,6174.563978,-100.0,-0.6660070003578541,0
-6.506008,39,6175.2451,-100.0,-0.6887189842054013,0
-7.114887,41,6175.98831,-100.0,-0.6391939131116052,0
-6.8454,34,6176.571808,-100.0,-0.647618937715009,0
-6.411144,36,6177.214077,-100.0,-0.7063613499808322,0
-6.544543,38,6177.879707,-100.0,-0.6186679370161723,0
-6.009587,38,6178.551455,-100.0,-0.8007567913313588,0
-6.302488,42,6179.297362,-100.0,-0.6653112331840084,0
-6.243521,36,6179.932999,-100.0,-0.6851725527852259,0
-6.027275,38,6180.599284,-100.0,-0.6750777622679252,0
-6.462432,39,6302.204893,-100.0,-0.7283166098427782,0
-5.765744,38,6302.809881,-100.0,-0.7712127547153481,0
-5.957123,40,6303.471664,-100.0,-0.7614287785069557,0
-6.617925,44,6304.200559,-100.0,-0.6731385444774891,0
-6.223429,42,6304.87894,-100.0,-0.7486138661036582,0
-6.462506,42,6305.570658,-100.0,-0.6896412835042848,0
-6.037161,40,6306.211048,-100.0,-0.7164810492006596,0
-6.005008,33,6306.761899,-100.0,-0.7442728789377613,0
-6.092173,38,6307.38728,-100.0,-0.7226907963014539,0
-5.709546,37,6307.981598,-100.0,-0.8839194085013874,0
-6.608987,45,6308.71876,-100.0,-0.70098056745527,0
-5.61852,38,6309.330425,-100.0,-0.8657768681618959,0
-6.314918,46,6310.102316,-100.0,-0.7227974392755241,0
-6.154318,37,6310.690747,-100.0,-0.6794322652442757,0
-6.057711,33,6311.2309,-100.0,-0.6760454024605975,0
-6.137644,40,6311.872828,-100.0,-0.7103568849947842,0
-6.818545,42,6312.560166,-100.0,-0.693102994605151,0
-5.954292,40,6313.198323,-100.0,-0.7371186337054527,0
-6.635819,40,6313.859376,-100.0,-0.6667512307768578,0
-6.078525,39,6314.491646,-100.0,-0.7793719556819358,0
-6.339124,33,6315.050079,-100.0,-0.6825758521356178,0
-6.336796,37,6315.641881,-100.0,-0.8422619105725787,0
-6.179428,41,6316.31551,-100.0,-0.8196115495589243,0
-5.852289,39,6316.961469,-100.0,-0.7902979938578303,0
-6.293755,37,6317.560837,-100.0,-0.8016134919222978,0
-7.031723,47,6318.304165,-100.0,-0.7237734129884871,0
-5.79306,35,6318.880226,-100.0,-0.7946876823426545,0
-6.551581,37,6319.496959,-100.0,-0.6553807142645519,0
-5.958245,39,6320.129055,-100.0,-0.7897061945584726,0
-6.314435,40,6320.784176,-100.0,-0.6231244556325484,0
-5.845397,42,6321.463717,-100.0,-0.7734144108377227,0
-6.042382,42,6322.158319,-100.0,-0.7321298389493407,0
-6.061243,40,6322.812345,-100.0,-0.6810239020723717,0
-6.270103,42,6323.495629,-100.0,-0.7205621562095469,0
-6.282132,39,6324.146773,-100.0,-0.6367675091732076,0
-5.736694,33,6324.68958,-100.0,-0.7208341614760748,0
-6.716228,42,6325.381427,-100.0,-0.6610324612190857,0
-6.539672,48,6326.154933,-100.0,-0.6987880522332143,0
-5.919962,37,6326.768741,-100.0,-0.8132089238887774,0
-6.040079,33,6327.29568,-100.0,-0.6622617977754292,0
-5.76937,34,6327.867838,-100.0,-0.7462503922384929,0
-6.22391,34,6328.413308,-100.0,-0.6021841936989356,0
-6.800985,43,6329.124076,-100.0,-0.6383910298508765,0
-6.542279,40,6329.772519,-100.0,-0.6724005401730717,0
-6.265521,43,6330.477371,-100.0,-0.7928166353463331,0
-6.489893,38,6331.084675,-100.0,-0.719324747790088,0
-6.16633,37,6331.702445,-100.0,-0.74859027540668,0
-5.735129,34,6332.267925,-100.0,-0.6923848473740162,0
-5.961583,39,6332.900424,-100.0,-0.7084089278393852,0
-6.812483,40,6333.553461,-100.0,-0.7046885388170262,0
-5.768439,35,6334.136808,-100.0,-0.7760056712950094,0
-5.940117,34,6334.677737,-100.0,-0.6107612607749485,0
-6.186486,44,6452.267483,-100.0,-0.8984748290069443,0
-6.298056,37,6452.87981,-100.0,-0.6870084790481773,0
-6.153161,39,6453.520482,-100.0,-0.7266654511826037,0
-6.233794,42,6454.214564,-100.0,-0.6948728552653508,0
-5.709628,33,6454.778163,-100.0,-0.7691964066057366,0
-6.08304,36,6455.355447,-100.0,-0.589134683707528,0
-5.637237,34,6455.921532,-100.0,-0.7716520502326365,0
-6.700788,35,6456.505005,-100.0,-0.7116469478128978,0
-6.019126,38,6457.128513,-100.0,-0.7723103262865266,0
-6.125282,36,6457.716182,-100.0,-0.6213089080477677,0
-6.332333,44,6458.436305,-100.0,-0.6925838498197091,0
-6.32358,39,6459.074504,-100.0,-0.636679607286752,0
-6.692684,41,6459.750012,-100.0,-0.6536139595214764,0
-6.22406,43,6460.463908,-100.0,-0.7195167394516131,0
-6.696617,42,6461.141693,-100.0,-0.6365898486862871,0
-6.273012,37,6461.749572,-100.0,-0.7611003920700755,0
-6.516477,41,6462.428786,-100.0,-0.6586132461391039,0
-5.897113,35,6462.979933,-100.0,-0.69914409242973,0
-6.02645,40,6463.660182,-100.0,-0.8119481405100601,0
-6.228317,35,6464.225486,-100.0,-0.6518193057519291,0
-6.428667,35,6464.813893,-100.0,-0.7043286260259889,0
-6.360389,39,6465.446226,-100.0,-0.7205337112879889,0
-6.011403,41,6466.117229,-100.0,-0.862647495773887,0
-6.172084,36,6466.720179,-100.0,-0.7239740629849221,0
-6.799084,36,6467.316471,-100.0,-0.645729424062967,0
-6.208333,39,6467.939453,-100.0,-0.6854098918459515,0
-6.140776,35,6468.527408,-100.0,-0.7075478213416243,0
-6.151131,40,6469.172513,-100.0,-0.7481419361859173,0
-5.850382,34,6469.735113,-100.0,-0.7319918857466028,0
-6.026597,45,6470.454375,-100.0,-0.7998459315672091,0
-5.88221,39,6471.102318,-100.0,-0.8496931135160164,0
-5.892397,39,6471.741575,-100.0,-0.7173219706182185,0
-5.717345,38,6472.359557,-100.0,-0.7390356803951733,0
-5.557385,33,6472.893469,-100.0,-0.8028577119361534,0
-6.592566,36,6473.482743,-100.0,-0.6788473043876331,0
-6.208006,40,6474.156688,-100.0,-0.7245548656223199,0
-5.888851,32,6474.679951,-100.0,-0.7796201862290101,0
-6.192605,38,6475.30349,-100.0,-0.7549023237849904,0
-6.39244,43,6476.010237,-100.0,-0.6549944769225419,0
-5.969674,36,6476.604598,-100.0,-0.644078483945117,0
-6.828552,36,6477.199876,-100.0,-0.6209827568604355,0
-5.622888,37,6477.801193,-100.0,-0.8781458726490258,0
-6.402346,47,6478.569482,-100.0,-0.7017186683145291,0
-6.403129,44,6479.283055,-100.0,-0.625385010403566,0
-6.737494,43,6479.978124,-100.0,-0.6226156165531364,0
-6.202098,46,6480.743002,-100.0,-0.7299682093300206,0
-5.88051,45,6481.491886,-100.0,-0.7637082253895111,0
-5.862814,33,6482.025912,-100.0,-0.650338869584457,0
-6.094092,33,6482.559553,-100.0,-0.6817365299095005,0
-6.03655,38,6483.167147,-100.0,-0.6627586118390855,0
-6.715762,43,6483.889992,-100.0,-0.6059037603470732,0
-6.138541,34,6484.434114,-100.0,-0.693731696521,0
-5.762483,33,6484.980233,-100.0,-0.619047282620333,0
-6.049607,34,6485.541721,-100.0,-0.6488301272464437,0
-5.96081,36,6602.204102,-100.0,-0.6879691470817858,0
-5.896365,35,6602.791679,-100.0,-0.740186503704543,0
-6.065796,35,6603.365455,-100.0,-0.7024537472914302,0
-5.873464,39,6604.008033,-100.0,-0.6684528351391482,0
-5.926869,34,6604.566262,-100.0,-0.7696502767031558,0
-6.510941,39,6605.211139,-100.0,-0.6991523609367697,0
-5.770056,34,6605.777913,-100.0,-0.7120521805591107,0
-6.461891,39,6606.419626,-100.0,-0.6766807823844999,0
-6.293199,46,6607.165358,-100.0,-0.6476304300024562,0
-5.96817,37,6607.780569,-100.0,-0.8077194638271574,0
-5.856359,36,6608.35458,-100.0,-0.7814682428829044,0
-6.134307,34,6608.919066,-100.0,-0.6451241798487746,0
-5.854978,40,6609.573775,-100.0,-0.7575791351555433,0
-6.491205,36,6610.179871,-100.0,-0.6046340458546503,0
-6.275358,39,6610.815062,-100.0,-0.7403345854410245,0
-6.473337,48,6611.619198,-100.0,-0.7422341583070043,0
-6.30311,41,6612.298597,-100.0,-0.7705759366687911,0
-5.836898,33,6612.840385,-100.0,-0.711094754854063,0
-6.347866,39,6613.474005,-100.0,-0.6103328204409834,0
-6.006465,39,6614.111778,-100.0,-0.7864735786210751,0
-6.36755,47,6614.884912,-100.0,-0.6574351416368709,0
-6.247729,38,6615.50475,-100.0,-0.6332590617012783,0
-6.201711,39,6616.137099,-100.0,-0.589185741382137,0
-6.478934,39,6616.783051,-100.0,-0.7277116965972708,0
-5.91334,34,6617.349026,-100.0,-0.6846802903685032,0
-6.149734,44,6618.062982,-100.0,-0.7017222656285816,0
-5.852649,33,6618.606918,-100.0,-0.7876318652480578,0
-6.176249,36,6619.212677,-100.0,-0.6431154992718783,0
-5.687561,33,6619.758683,-100.0,-0.7174496429914834,0
-6.203058,38,6620.374621,-100.0,-0.5607255307073358,0
-5.734379,35,6620.949742,-100.0,-0.7826145776401039,0
-5.878795,34,6621.517714,-100.0,-0.6095040617790936,0
-6.093953,40,6622.183241,-100.0,-0.6575666789467508,0
-5.912734,37,6622.785455,-100.0,-0.6851159545314683,0
-6.221963,36,6623.38011,-100.0,-0.8554274793545482,0
-6.403168,36,6623.968906,-100.0,-0.8426734850535603,0
-6.664512,38,6624.58528,-100.0,-0.6367146506996879,0
-5.905441,36,6625.18495,-100.0,-0.8411809907627675,0
-6.478469,45,6625.925956,-100.0,-0.624038919331373,0
-6.255174,37,6626.544189,-100.0,-0.6653772250761417,0
-6.035084,38,6627.170568,-100.0,-0.7732394932107451,0
-6.233919,36,6627.762073,-100.0,-0.6559883302148546,0
-5.89365,40,6628.408606,-100.0,-0.7867665455472382,0
-5.799807,42,6629.112935,-100.0,-0.8381516909752338,0
-6.729895,40,6629.777738,-100.0,-0.6799572955850438,0
-5.713136,33,6630.316158,-100.0,-0.7171514282180189,0
-5.990971,38,6630.945304,-100.0,-0.724722604963759,0
-6.543911,44,6631.668983,-100.0,-0.7235173406710697,0
-6.054269,41,6632.342259,-100.0,-0.8019539680878577,0
-6.073113,33,6632.878731,-100.0,-0.6592716671469984,0
-6.166849,40,6633.546257,-100.0,-0.7554241644608526,0
-6.732421,39,6634.18995,-100.0,-0.6832688676507845,0
-6.065994,32,6634.712189,-100.0,-0.7127537593222483,0
-6.061801,40,6635.378187,-100.0,-0.7352665390685377,0
-6.29431,44,6751.734546,-100.0,-0.7096582820694206,0
-6.137384,35,6752.317879,-100.0,-0.6671425134712913,0
-5.872203,34,6752.887513,-100.0,-0.7185335305282763,0
-5.59498,33,6753.426083,-100.0,-0.7750885261287878,0
-6.072269,36,6754.012909,-100.0,-0.6893151815835418,0
-5.74763,33,6754.564173,-100.0,-0.8518251845138904,0
-5.84011,33,6755.106147,-100.0,-0.7754671163220179,0
-6.0211,36,6755.705289,-100.0,-0.8692875689074676,0
-6.33778,39,6756.344259,-100.0,-0.7456821383987794,0
-6.182383,43,6757.06486,-100.0,-0.6964815279994355,0
-5.847681,32,6757.586848,-100.0,-0.8252106962143937,0
-5.556392,33,6758.146596,-100.0,-0.7784841877461128,0
-6.300075,35,6758.731477,-100.0,-0.7331341613292534,0
-6.091015,39,6759.374393,-100.0,-0.765370405405629,0
-6.260465,41,6760.034913,-100.0,-0.7464155768195454,0
-6.414912,42,6760.727823,-100.0,-0.7288118834638448,0
-6.554384,44,6761.466773,-100.0,-0.7949587563119078,0
-5.963088,34,6762.022565,-100.0,-0.6554482093238071,0
-5.578744,33,6762.562869,-100.0,-0.8316466359716409,0
-6.133738,39,6763.213921,-100.0,-0.6723623376924867,0
-5.874578,35,6763.782587,-100.0,-0.7335140591194678,0
-5.733904,42,6764.470477,-100.0,-0.7338690957762196,0
-6.414837,36,6765.056528,-100.0,-0.6205772122011157,0
-5.723509,40,6765.724581,-100.0,-0.8014628366099372,0
-6.056755,41,6766.399849,-100.0,-0.7649650799424598,0
-6.221201,34,6766.978026,-100.0,-0.6711290567143824,0
-6.309415,39,6767.633387,-100.0,-0.6773049595862006,0
-6.055054,40,6768.284824,-100.0,-0.7473483508763515,0
-6.537806,36,6768.873586,-100.0,-0.6375599251946963,0
-5.934201,42,6769.572653,-100.0,-0.9197045809274936,0
-6.696205,41,6770.253595,-100.0,-0.6654636312761317,0
-5.808236,35,6770.847315,-100.0,-0.7074345254895269,0
-6.051916,37,6771.463167,-100.0,-0.706249121441349,0
-5.789359,39,6772.091496,-100.0,-0.8587699234523074,0
-6.085258,33,6772.643371,-100.0,-0.6411976925035713,0
-6.414424,41,6773.307428,-100.0,-0.7349021514553918,0
-5.73958,34,6773.879344,-100.0,-0.7017789618750971,0
-6.085437,43,6774.578248,-100.0,-0.8448106443042229,0
-5.852618,42,6775.283895,-100.0,-0.7713556305675332,0
-6.332261,39,6775.931479,-100.0,-0.6376027996540512,0
-5.894396,42,6776.620815,-100.0,-0.7468912033630244,0
-5.870253,33,6777.18507,-100.0,-0.7548560573984373,0
-6.120115,41,6777.845176,-100.0,-0.7798166613045061,0
-6.245149,35,6778.40748,-100.0,-0.6439121333639045,0
-6.258913,33,6778.952602,-100.0,-0.7664513451363218,0
-6.136125,36,6779.552998,-100.0,-0.7206426010521026,0
-5.430498,32,6780.074193,-100.0,-0.8444826012147951,0
-6.021554,33,6780.637727,-100.0,-0.719141587756737,0
-6.081115,35,6781.216376,-100.0,-0.7307913871582465,0
-6.154192,33,6781.769802,-100.0,-0.7099723059262413,0
-5.931639,34,6782.319621,-100.0,-0.7150466466776056,0
-6.725862,38,6782.949381,-100.0,-0.651226676457649,0
-5.903202,39,6783.594195,-100.0,-0.7825532356096842,0
-5.552668,34,6784.15418,-100.0,-0.7551388355554787,0
-5.792826,35,6784.730894,-100.0,-0.7327764753150832,0
-6.27428,37,6903.847446,-100.0,-0.6943092482735854,0
-5.944175,34,6904.415699,-100.0,-0.6561896214645749,0
-6.328949,41,6905.107189,-100.0,-0.6313685685569856,0
-5.989504,36,6905.694197,-100.0,-0.6525049170099528,0
-5.670324,37,6906.304416,-100.0,-0.8546318901537201,0
-6.275573,36,6906.919557,-100.0,-0.6358543308563868,0
-5.492288,32,6907.447074,-100.0,-0.77003629784056,0
-6.153729,35,6908.026916,-100.0,-0.7141520889007811,0
-5.836959,33,6908.568446,-100.0,-0.636845896646794,0
-6.136464,43,6909.294874,-100.0,-0.7374292258458214,0
-6.068247,32,6909.833444,-100.0,-0.7354047471758913,0
-5.70272,41,6910.498106,-100.0,-0.8145153181979267,0
-6.071206,38,6911.130211,-100.0,-0.7801773681968506,0
-6.163563,40,6911.793578,-100.0,-0.6870180794942814,0
-6.449774,35,6912.37762,-100.0,-0.6966662835634515,0
-6.071756,33,6912.925808,-100.0,-0.6287768393400374,0
-5.756558,36,6913.515526,-100.0,-0.7299258094894034,0
-6.075464,37,6914.13453,-100.0,-0.7816462424063205,0
-5.562983,34,6914.700063,-100.0,-0.7919115820958612,0
-5.957881,43,6915.397105,-100.0,-0.8816987062569115,0
-6.003205,40,6916.059604,-100.0,-0.7194831846704965,0
-5.774541,34,6916.631686,-100.0,-0.7428842669611754,0
-6.101412,42,6917.3196,-100.0,-0.7310645039540764,0
-6.10443,36,6917.920535,-100.0,-0.652786980389345,0
-6.046391,34,6918.489619,-100.0,-0.5859946909928998,0
-5.871841,34,6919.063349,-100.0,-0.8764940769618769,0
-5.728192,33,6919.598578,-100.0,-0.6951813131385806,0
-6.234096,39,6920.249994,-100.0,-0.7275345486509193,0
-6.124901,33,6920.783215,-100.0,-0.669022711895612,0
-6.064085,37,6921.399096,-100.0,-0.7449989223534379,0
-6.031758,38,6922.022787,-100.0,-0.896175557654001,0
-5.409787,34,6922.591892,-100.0,-0.8175397597213315,0
-6.236165,42,6923.289571,-100.0,-0.701705048972906,0
-5.751344,33,6923.817377,-100.0,-0.9081912318842176,0
-6.120485,38,6924.438818,-100.0,-0.8292843032445049,0
-5.834667,34,6925.01737,-100.0,-0.7259063942522783,0
-6.139909,34,6925.578105,-100.0,-0.6524373012957951,0
-6.254994,39,6926.220372,-100.0,-0.6931891276188482,0
-5.7254,33,6926.770593,-100.0,-0.6795062494939408,0
-6.010954,43,6927.465554,-100.0,-0.9413812439516175,0
-5.986833,33,6928.016884,-100.0,-0.6652446101753757,0
-6.562453,38,6928.638107,-100.0,-0.6282488528159577,0
-5.785328,35,6929.228414,-100.0,-0.8111802829673044,0
-5.794543,38,6929.861912,-100.0,-0.8768706001700272,0
-5.776717,40,6930.517894,-100.0,-0.6953448447046476,0
-6.269659,34,6931.079888,-100.0,-0.739886379418981,0
-6.256246,39,6931.731909,-100.0,-0.70638846187699,0
-5.893699,39,6932.371546,-100.0,-0.8159168540020557,0
-6.374349,35,6932.956335,-100.0,-0.6585560979403642,0
-5.679063,34,6933.527294,-100.0,-0.7638402258912033,0
-6.389917,36,6934.114142,-100.0,-0.6889461562549403,0
-5.87245,33,6934.658154,-100.0,-0.676398045091046,0
-5.900136,36,6935.233913,-100.0,-0.7211174939180518,0
-6.126291,35,6935.816725,-100.0,-0.7285414402447149,0
-6.172582,38,6936.443864,-100.0,-0.6690889770645131,0
-6.03959,41,6937.137172,-100.0,-0.7329999121165797,0
-6.182852,36,7033.682055,-100.0,-0.7063978500300125,0
-5.829663,33,7034.228085,-100.0,-0.7027457854632196,0
-6.324931,39,7034.86577,-100.0,-0.6795796771543733,0
-5.696859,37,7035.479358,-100.0,-0.7364164515197311,0
-5.66331,34,7036.05897,-100.0,-0.8789381566087981,0
-6.047649,37,7036.67444,-100.0,-0.7171942378203898,0
-5.64679,33,7037.22468,-100.0,-0.6815946179384094,0
-5.883783,35,7037.810519,-100.0,-0.6454287090325522,0
-5.832211,37,7038.421213,-100.0,-0.7352973957763388,0
-5.980687,33,7038.979271,-100.0,-0.7471655203195711,0
-5.832668,35,7039.558,-100.0,-0.8406547582588004,0
-5.697693,33,7040.117676,-100.0,-0.8020018588957145,0
-5.955112,34,7040.665605,-100.0,-0.7116330406785569,0
-6.298989,40,7041.336111,-100.0,-0.7080787285912405,0
-5.944604,33,7041.879983,-100.0,-0.7436159201347216,0
-5.729382,46,7042.645475,-100.0,-0.8431826241997847,0
-6.228922,41,7043.314513,-100.0,-0.6816215490333705,0
-5.83999,32,7043.835101,-100.0,-0.7286158285250538,0
-6.183613,42,7044.545048,-100.0,-0.6951826820206427,0
-5.679904,34,7045.103889,-100.0,-0.8327710129476076,0
-5.813784,34,7045.68657,-100.0,-0.7019151470880398,0
-5.815145,34,7046.24548,-100.0,-0.755023190750214,0
-6.521005,35,7046.826097,-100.0,-0.6382440505880284,0
-5.584451,33,7047.357652,-100.0,-0.7699181889491431,0
-5.61098,35,7047.935292,-100.0,-0.7328434506125941,0
-6.01698,34,7048.505636,-100.0,-0.7184617881086535,0
-6.216737,39,7049.155947,-100.0,-0.6615858385383957,0
-6.419137,33,7049.693093,-100.0,-0.6410492650096902,0
-5.873889,40,7050.363117,-100.0,-0.7893071730870419,0
-5.611253,38,7050.993448,-100.0,-0.7721004725454215,0
-6.104526,34,7051.566866,-100.0,-0.6876030290682291,0
-6.025379,34,7052.125737,-100.0,-0.7720235386100089,0
-5.851259,33,7052.681279,-100.0,-0.8321528337563536,0
-6.370276,36,7053.267536,-100.0,-0.7717354605898984,0
-5.932384,33,7053.834008,-100.0,-0.6348633870013538,0
-5.728968,32,7054.364049,-100.0,-0.8521495019427598,0
-5.725758,32,7054.888456,-100.0,-0.7826336167046674,0
-6.213985,38,7055.543775,-100.0,-0.6808346464857223,0
-5.948044,34,7056.118895,-100.0,-0.6764909169604095,0
-6.092088,40,7056.763332,-100.0,-0.8854454417576421,0
-6.415033,42,7057.451574,-100.0,-0.5924801353756509,0
-6.334705,34,7058.010373,-100.0,-0.752643744821852,0
-5.875414,40,7058.673724,-100.0,-0.7309650287023658,0
-6.517274,36,7059.261394,-100.0,-0.6680935165220513,0
-6.318473,41,7059.937949,-100.0,-0.6965734643160387,0
-5.984956,36,7060.546749,-100.0,-0.6649196778076271,0
-6.164818,33,7061.091834,-100.0,-0.6944820436550365,0
-6.032442,37,7061.71361,-100.0,-0.7640973484063316,0
-5.65469,33,7062.263742,-100.0,-0.8054407566692587,0
-6.034594,35,7062.849246,-100.0,-0.7359278979267054,0
-6.218584,36,7063.437123,-100.0,-0.6805285605942772,0
-5.819972,38,7064.078203,-100.0,-0.7921212930326867,0
-6.403671,36,7064.678709,-100.0,-0.6682265637038743,0
-6.543786,34,7065.242296,-100.0,-0.6375768525403195,0
-6.105422,37,7065.849432,-100.0,-0.6929993601266466,0
-5.852071,37,7066.463729,-100.0,-0.7002987732146596,0
-5.776982,33,7067.007015,-100.0,-0.747454545089071,0
-6.202309,45,7174.221432,-100.0,-0.6715302276738623,0
-6.179856,39,7174.870504,-100.0,-0.7008988013810684,0
-5.867767,40,7175.53914,-100.0,-0.7578690418259073,0
-5.815213,33,7176.079453,-100.0,-0.671820664482486,0
-5.713231,39,7176.726724,-100.0,-0.8026861432559806,0
-5.810663,33,7177.276342,-100.0,-0.6617847633623757,0
-6.052893,33,7177.814196,-100.0,-0.6759294520292821,0
-6.226342,36,7178.416977,-100.0,-0.6744079620978163,0
-5.532028,33,7178.974244,-100.0,-0.8360088115956444,0
-5.872999,34,7179.547268,-100.0,-0.6761491090371365,0
-6.080682,35,7180.125372,-100.0,-0.6935470586671304,0
-5.770244,35,7180.720744,-100.0,-0.7588738866485476,0
-5.809828,33,7181.261007,-100.0,-0.6767631572974758,0
-5.901003,33,7181.803228,-100.0,-0.7714045321273786,0
-5.549579,38,7182.442559,-100.0,-0.7422287179802652,0
-6.155918,35,7183.023863,-100.0,-0.8854712263075614,0
-5.840558,34,7183.590975,-100.0,-0.6626654594626264,0
-5.795366,33,7184.139301,-100.0,-0.6809429775607303,0
-6.035525,41,7184.81618,-100.0,-0.6586344282861841,0
-5.547596,33,7185.373991,-100.0,-0.6955972778443775,0
-6.246678,34,7185.939393,-100.0,-0.6342164875223901,0
-6.044551,34,7186.50493,-100.0,-0.7242065958942362,0
-5.610607,39,7187.157794,-100.0,-0.8112600012070973,0
-5.905842,33,7187.715486,-100.0,-0.7067523337108784,0
-5.803359,36,7188.323415,-100.0,-0.7891807230009735,0
-6.210066,34,7188.889577,-100.0,-0.8668520561111459,0
-5.612171,36,7189.492029,-100.0,-0.821789128286766,0
-6.560385,45,7190.257061,-100.0,-0.6452340472107136,0
-5.643469,34,7190.831141,-100.0,-0.7706929221587764,0
-5.515518,33,7191.369327,-100.0,-0.8562300598573147,0
-5.777205,38,7191.994644,-100.0,-0.8203897032180368,0
-6.176455,39,7192.636483,-100.0,-0.6312228038275907,0
-6.230865,36,7193.242653,-100.0,-0.6717717490512702,0
-6.160061,33,7193.789619,-100.0,-0.65147796245082,0
-6.327369,33,7194.349531,-100.0,-0.7099453880635797,0
-5.623906,34,7194.90729,-100.0,-0.69869058908578,0
-5.736665,37,7195.527728,-100.0,-0.7833100315649145,0
-6.479945,41,7196.21167,-100.0,-0.7333281117994399,0
-5.923823,37,7196.850879,-100.0,-0.7876902870488993,0
-5.814481,34,7197.413921,-100.0,-0.7865468049986682,0
-6.271845,39,7198.063991,-100.0,-0.6990307443697524,0
-5.745405,39,7198.707376,-100.0,-0.7078928950235974,0
-6.060185,34,7199.268823,-100.0,-0.5968750229725194,0
-5.700832,34,7199.840374,-100.0,-0.7249677365001412,0
-6.131235,39,7200.491557,-100.0,-0.6439637304546466,0
-6.171498,39,7201.156688,-100.0,-0.6779203533231415,0
-6.332274,44,7201.873458,-100.0,-0.7600558208159265,0
-5.538444,34,7202.436254,-100.0,-0.8236752026873887,0
-5.708828,34,7202.995521,-100.0,-0.7872538032737115,0
-5.532682,33,7203.550797,-100.0,-0.7084064989742468,0
-6.003486,33,7204.118792,-100.0,-0.6663101165805057,0
-5.69926,35,7204.698621,-100.0,-0.7244893442089217,0
-5.901132,40,7205.361469,-100.0,-0.7151706069676835,0
-5.76571,34,7205.902849,-100.0,-0.7453273982843798,0
-5.561941,33,7206.446396,-100.0,-0.7940193677441021,0
-5.633901,37,7207.075365,-100.0,-0.851593173662121,0
-5.788082,42,7207.769196,-100.0,-0.7310047226338082,0
-6.052851,40,7315.107491,-100.0,-0.7760944835371887,0
-5.714137,33,7315.661356,-100.0,-0.7380905459882179,0
-5.885788,33,7316.187226,-100.0,-0.7037946861185719,0
-5.943424,33,7316.759237,-100.0,-0.6789854766632633,0
-6.231177,40,7317.429247,-100.0,-0.6558024637389935,0
-5.82406,36,7318.033262,-100.0,-0.7312864889771302,0
-5.589428,34,7318.605505,-100.0,-0.796093018377957,0
-5.672066,35,7319.20212,-100.0,-0.8910740379203107,0
-6.263389,44,7319.914437,-100.0,-0.6504272757874023,0
-6.105577,35,7320.506826,-100.0,-0.717037890451334,0
-5.702906,34,7321.075602,-100.0,-0.7798065414433116,0
-5.688273,33,7321.64181,-100.0,-0.7833787403508111,0
-5.82615,33,7322.186878,-100.0,-0.7012191316143314,0
-6.099733,37,7322.806309,-100.0,-0.6753324997056518,0
-6.425239,35,7323.392357,-100.0,-0.6565605610253094,0
-6.473887,39,7324.033501,-100.0,-0.8470127964011662,0
-6.125357,36,7324.642861,-100.0,-0.6789475027135924,0
-5.866181,34,7325.205905,-100.0,-0.5999054996216693,0
-5.879839,33,7325.760826,-100.0,-0.7368028900400869,0
-5.774211,33,7326.309285,-100.0,-0.673471101068981,0
-5.8031,34,7326.880901,-100.0,-0.726517573822446,0
-5.994881,39,7327.535927,-100.0,-0.6906322060632432,0
-5.862453,38,7328.167208,-100.0,-0.687751698677812,0
-5.810482,41,7328.843952,-100.0,-0.7603593011542901,0
-6.080936,42,7329.555789,-100.0,-0.7915268272602083,0
-5.670783,33,7330.096534,-100.0,-0.7081409883274886,0
-5.832895,33,7330.658876,-100.0,-0.7967170534651541,0
-6.029647,36,7331.264954,-100.0,-0.6672747313922619,0
-5.952679,35,7331.855649,-100.0,-0.6589265040418161,0
-5.545792,33,7332.404078,-100.0,-0.7689191187387908,0
-5.775279,34,7332.975604,-100.0,-0.7113629303582623,0
-5.548996,34,7333.546758,-100.0,-0.840371237300071,0
-5.726706,39,7334.198677,-100.0,-0.8072067336949775,0
-6.160324,34,7334.766409,-100.0,-0.8614444109083589,0
-5.861418,34,7335.341673,-100.0,-0.6910821735027428,0
-5.97538,36,7335.944066,-100.0,-0.6954121336778755,0
-5.901957,32,7336.482187,-100.0,-0.7144983529063721,0
-5.599041,34,7337.043864,-100.0,-0.7608516601158247,0
-5.563065,33,7337.602728,-100.0,-0.7855760162968491,0
-5.70311,37,7338.221107,-100.0,-0.8236929667714054,0
-6.209681,37,7338.830321,-100.0,-0.6765681589581747,0
-5.47684,33,7339.386307,-100.0,-0.8898518126281905,0
-6.150531,34,7339.958068,-100.0,-0.6650717828448932,0
-6.714677,39,7340.6099,-100.0,-0.5153618547344871,0
-5.43459,33,7341.15627,-100.0,-0.8381133373233092,0
-6.217473,35,7341.743637,-100.0,-0.6837176121116921,0
-5.765272,33,7342.284836,-100.0,-0.7162655734221367,0
-6.337729,32,7342.82836,-100.0,-0.6973488990633284,0
-5.973919,37,7343.440416,-100.0,-0.6904780563362878,0
-6.100552,34,7344.013302,-100.0,-0.7034455836598609,0
-5.932566,39,7344.664488,-100.0,-0.7447046567263295,0
-6.155168,38,7345.300598,-100.0,-0.707523173525656,0
-6.207425,33,7345.859054,-100.0,-0.7059847804736799,0
-5.735991,33,7346.395639,-100.0,-0.7580899210224814,0
-5.520189,32,7346.928966,-100.0,-0.8223381159328077,0
-5.533641,32,7347.457813,-100.0,-0.9022272581152416,0
-5.576941,35,7348.044266,-100.0,-0.8618665581843967,0
-5.732913,35,7348.636254,-100.0,-0.7324805610986325,0
-5.895908,34,7477.953612,-100.0,-0.7009860536603585,0
-5.821279,34,7478.522519,-100.0,-0.7304734183233472,0
-5.587411,34,7479.09178,-100.0,-0.8285941564087429,0
-5.771405,34,7479.663218,-100.0,-0.6796614421310411,0
-6.462152,34,7480.239019,-100.0,-0.7748174053268795,0
-5.827241,38,7480.869763,-100.0,-0.7081334049215108,0
-6.110951,33,7481.429445,-100.0,-0.6871687066321402,0
-5.63813,33,7481.991758,-100.0,-0.7028987359258232,0
-5.854676,35,7482.567852,-100.0,-0.8678130802786181,0
-5.710188,33,7483.126689,-100.0,-0.7173794163768837,0
-6.010166,36,7483.728719,-100.0,-0.7247198381451988,0
-5.651681,35,7484.309848,-100.0,-0.7587391182880936,0
-5.696735,34,7484.872772,-100.0,-0.7887940763551049,0
-6.098088,37,7485.497131,-100.0,-0.7187925536236683,0
-5.960848,34,7486.069097,-100.0,-0.7391807374841404,0
-6.114428,35,7486.655513,-100.0,-0.6047045465716041,0
-5.784517,35,7487.239665,-100.0,-0.7299205115800182,0
-5.947944,36,7487.838793,-100.0,-0.8435325983494947,0
-5.862081,41,7488.525082,-100.0,-0.680855008142581,0
-6.105941,34,7489.08073,-100.0,-0.7262160835330185,0
-6.270352,42,7489.808579,-100.0,-0.6532877419494906,0
-5.359509,32,7490.332232,-100.0,-0.7946905104800132,0
-5.724817,33,7490.883009,-100.0,-0.6490878756626172,0
-6.218167,37,7491.515467,-100.0,-0.6542070064104382,0
-5.734892,33,7492.059912,-100.0,-0.723793465741459,0
-6.057246,36,7492.67009,-100.0,-0.6485559161189015,0
-5.830068,34,7493.241269,-100.0,-0.7493388793505524,0
-5.915198,33,7493.790777,-100.0,-0.8245301291267946,0
-5.868987,34,7494.35078,-100.0,-0.7409203484232484,0
-6.183269,32,7494.886246,-100.0,-0.6870506117745274,0
-5.426632,34,7495.469157,-100.0,-0.7998845497514712,0
-5.915229,33,7496.020231,-100.0,-0.727745507947945,0
-6.308849,39,7496.685633,-100.0,-0.6947547973932993,0
-6.012218,35,7497.273851,-100.0,-0.6472393104867412,0
-5.77212,33,7497.830996,-100.0,-0.8588867010740693,0
-5.753456,33,7498.385281,-100.0,-0.6912319571209519,0
-5.624855,40,7499.048523,-100.0,-0.7768384586158633,0
-5.883009,34,7499.622724,-100.0,-0.7345830518236891,0
-6.148718,34,7500.187713,-100.0,-0.6817367131933297,0
-6.179044,36,7500.804884,-100.0,-0.7129230747054452,0
-5.829009,33,7501.353624,-100.0,-0.6901373017290708,0
-5.579959,32,7501.884365,-100.0,-0.7937124992608657,0
-6.01131,40,7502.545901,-100.0,-0.6398171939920334,0
-5.909282,33,7503.108666,-100.0,-0.7459707502871444,0
-6.434117,42,7503.797224,-100.0,-0.7145023539035139,0
-6.031147,37,7504.429053,-100.0,-0.664898730743232,0
-5.922523,33,7504.976532,-100.0,-0.8015070173191463,0
-5.981799,34,7505.545093,-100.0,-0.6281620377069502,0
-6.40728,44,7506.301817,-100.0,-0.7253087760373675,0
-5.815133,41,7506.971738,-100.0,-0.8501883249901397,0
-5.685998,33,7507.538597,-100.0,-0.8114292624153094,0
-6.042808,33,7508.091541,-100.0,-0.6694792545540771,0
-5.513957,33,7508.6655,-100.0,-0.7939337747714391,0
-6.359933,39,7509.29794,-100.0,-0.6059066093094388,0
-5.891858,34,7509.870264,-100.0,-0.6391324034177758,0
-5.759682,34,7510.452394,-100.0,-0.7474691775165688,0
-5.668725,35,7511.028959,-100.0,-0.7729957795442265,0
-5.655544,34,7511.609626,-100.0,-0.8112726298041008,0
-6.081376,40,7636.500615,-100.0,-0.6905753042385275,0
-5.875257,41,7637.198697,-100.0,-0.718375550837386,0
-6.119101,33,7637.755402,-100.0,-0.6530667098697823,0
-5.83971,34,7638.321136,-100.0,-0.7189848326999129,0
-6.141995,34,7638.886636,-100.0,-0.6591394717223227,0
-5.816505,38,7639.532186,-100.0,-0.836685549010186,0
-6.206012,36,7640.129962,-100.0,-0.7241321993079043,0
-5.944722,34,7640.703546,-100.0,-0.7658167569214813,0
-5.516007,32,7641.248892,-100.0,-0.782902325195324,0
-6.04569,33,7641.801112,-100.0,-0.7445130730604935,0
-5.728107,33,7642.358777,-100.0,-0.7573426681280704,0
-5.909141,35,7642.953758,-100.0,-0.7691080212579682,0
-5.882071,34,7643.524451,-100.0,-0.718720552929599,0
-5.952112,44,7644.244133,-100.0,-0.7706579748663916,0
-5.868273,34,7644.821236,-100.0,-0.6799684728291605,0
-5.56091,34,7645.382213,-100.0,-0.7843988726809508,0
-5.896558,33,7645.942234,-100.0,-0.6967728505476295,0
-5.840249,34,7646.502765,-100.0,-0.5892943129523447,0
-5.487888,34,7647.07869,-100.0,-0.8421246927922661,0
-5.871563,34,7647.653141,-100.0,-0.7552836609153338,0
-6.284348,34,7648.21589,-100.0,-0.6624462121760641,0
-5.564218,32,7648.757576,-100.0,-0.7781063207116643,0
-6.250881,44,7649.480401,-100.0,-0.7742236835540903,0
-5.744128,40,7650.157457,-100.0,-0.7883733066723645,0
-6.065119,34,7650.719235,-100.0,-0.7275877221719864,0
-5.573875,32,7651.265882,-100.0,-0.8778377846943464,0
-5.550667,32,7651.816147,-100.0,-0.8828613866501613,0
-5.765885,40,7652.471767,-100.0,-0.7542275846014345,0
-5.416722,34,7653.042768,-100.0,-0.862459145037455,0
-5.924247,38,7653.680843,-100.0,-0.8197870577870475,0
-5.996054,38,7654.318129,-100.0,-0.7984808585114713,0
-5.927122,38,7654.987467,-100.0,-0.7952589748422174,0
-5.846514,32,7655.509934,-100.0,-0.8021632105466896,0
-5.756004,44,7656.266602,-100.0,-0.8437962925543616,0
-6.234632,39,7656.899276,-100.0,-0.6743589565437078,0
-5.986014,33,7657.455166,-100.0,-0.7196224150285093,0
-5.659196,34,7658.02288,-100.0,-0.800298697006582,0
-5.886049,37,7658.658023,-100.0,-0.7103264492264231,0
-6.135499,33,7659.208156,-100.0,-0.6677403710637044,0
-5.904956,33,7659.761656,-100.0,-0.7121296923419718,0
-5.746536,34,7660.327984,-100.0,-0.6884034720616296,0
-5.990049,33,7660.873182,-100.0,-0.6295982801180952,0
-5.740437,35,7661.46208,-100.0,-0.8261849017568278,0
-5.717958,32,7662.004207,-100.0,-0.8501517073107884,0
-6.041037,33,7662.553863,-100.0,-0.7131335198749116,0
-5.620172,33,7663.093154,-100.0,-0.8086801219934104,0
-5.781959,33,7663.645025,-100.0,-0.709407323510807,0
-5.934234,33,7664.198806,-100.0,-0.6458467660946795,0
-6.158844,33,7664.76117,-100.0,-0.721264203198839,0
-6.003951,33,7665.313482,-100.0,-0.6608170059836711,0
-5.893631,34,7665.895736,-100.0,-0.6948829756454945,0
-6.003693,36,7666.502833,-100.0,-0.817603179987783,0
-6.060684,33,7667.056916,-100.0,-0.6957953568549597,0
-5.989312,37,7667.683839,-100.0,-0.7157723047935253,0
-5.732623,34,7668.241456,-100.0,-0.7194310827403062,0
-5.862419,33,7668.804628,-100.0,-0.6591276891706072,0
-5.758793,33,7669.353562,-100.0,-0.731894789589339,0
-6.032317,37,7669.981444,-100.0,-0.6660723939818378,0
-5.682308,33,7791.133618,-100.0,-0.7819541118415467,0
-5.93425,35,7791.719809,-100.0,-0.7587664434223769,0
-5.874315,42,7792.423356,-100.0,-0.7120989320945217,0
-5.790831,32,7792.954525,-100.0,-0.748400605444951,0
-5.984173,35,7793.55309,-100.0,-0.6958310100747969,0
-5.705897,33,7794.106433,-100.0,-0.7840269679263798,0
-5.589019,33,7794.655586,-100.0,-0.8065603007147264,0
-6.037164,34,7795.222542,-100.0,-0.620133655792993,0
-5.648322,33,7795.774733,-100.0,-0.7982359526332209,0
-5.698,32,7796.311689,-100.0,-0.8721739823692176,0
-5.887662,32,7796.854201,-100.0,-0.7376002599787784,0
-5.994199,41,7797.542364,-100.0,-0.6762220037343523,0
-5.207142,34,7798.12605,-100.0,-0.8883312790914585,0
-6.158151,37,7798.756344,-100.0,-0.7492127791149277,0
-5.597217,33,7799.318938,-100.0,-0.7532182802590155,0
-5.487349,35,7799.914519,-100.0,-0.7766148260205697,0
-5.560223,34,7800.466483,-100.0,-0.7781224860590713,0
-6.020311,34,7801.037671,-100.0,-0.6695626097944837,0
-5.540644,32,7801.57927,-100.0,-0.8234929368534336,0
-5.567472,37,7802.214107,-100.0,-0.7982918426755023,0
-5.819118,33,7802.757984,-100.0,-0.6743932951155779,0
-5.839395,34,7803.334274,-100.0,-0.7033849430675299,0
-5.84451,40,7804.021073,-100.0,-0.6611727111691001,0
-6.055179,38,7804.667464,-100.0,-0.7029628477988372,0
-5.809434,33,7805.216366,-100.0,-0.8254932192122333,0
-5.834839,33,7805.776844,-100.0,-0.903737483211739,0
-5.751428,35,7806.365597,-100.0,-0.7902207983820703,0
-5.58572,33,7806.925891,-100.0,-0.6984210910853048,0
-6.195389,35,7807.505555,-100.0,-0.6448754416430882,0
-5.786788,33,7808.057468,-100.0,-0.7303816347516608,0
-5.882935,38,7808.689338,-100.0,-0.7706403580457188,0
-6.477331,32,7809.231696,-100.0,-0.609335899532614,0
-5.623362,34,7809.811348,-100.0,-0.6973052589893449,0
-5.971736,32,7810.353873,-100.0,-0.7578757700265762,0
-5.647543,34,7810.92468,-100.0,-0.8045073472710969,0
-5.773671,33,7811.476723,-100.0,-0.7097210075350946,0
-5.893191,33,7812.018216,-100.0,-0.7424783125343044,0
-6.237772,35,7812.600163,-100.0,-0.6893365018210539,0
-5.771345,33,7813.145259,-100.0,-0.7128304963454553,0
-5.881509,33,7813.704626,-100.0,-0.7485165185536882,0
-5.986841,31,7814.231557,-100.0,-0.7827260400737551,0
-5.785299,39,7814.880443,-100.0,-0.783732546211548,0
-5.887578,33,7815.438561,-100.0,-0.6291187656640428,0
-5.624562,36,7816.053998,-100.0,-0.7741232390973355,0
-5.788995,34,7816.624943,-100.0,-0.817533388023825,0
-5.834655,33,7817.166546,-100.0,-0.7256285167937896,0
-5.990853,33,7817.723789,-100.0,-0.6677961739141048,0
-5.54349,33,7818.281101,-100.0,-0.8200620469198797,0
-5.535028,32,7818.818759,-100.0,-0.8971442109077086,0
-6.394231,48,7819.647788,-100.0,-0.7345474727773609,0
-5.915862,33,7820.20347,-100.0,-0.7210913544295976,0
-5.998263,33,7820.75824,-100.0,-0.7494531779110919,0
-5.622031,37,7821.3636,-100.0,-0.7679897920526719,0
-5.900366,32,7821.904373,-100.0,-0.7925810326109883,0
-5.967219,34,7822.458243,-100.0,-0.7092546560550576,0
-5.61812,33,7823.018999,-100.0,-0.7570934439159075,0
-5.747524,33,7823.564841,-100.0,-0.7180775929858767,0
-5.720608,34,7824.135755,-100.0,-0.7106821255819608,0
-5.926329,35,7824.734226,-100.0,-0.7240766869881604,0
-5.939318,33,7825.259465,-100.0,-0.6425475456169096,0
-5.926391,36,7954.915756,-100.0,-0.7158817170057679,0
-5.695536,33,7955.518063,-100.0,-0.7438582850545635,0
-5.890755,33,7956.121669,-100.0,-0.6869095363974288,0
-5.852149,34,7956.745148,-100.0,-0.7023907092376084,0
-5.418897,33,7957.336401,-100.0,-0.8510099649736689,0
-5.599302,33,7957.939509,-100.0,-0.7715886142914015,0
-6.051899,34,7958.552631,-100.0,-0.6090149142304274,0
-5.939559,33,7959.149756,-100.0,-0.6651856624718665,0
-6.323452,45,7959.989053,-100.0,-0.6765841078542606,0
-5.656153,33,7960.58746,-100.0,-0.6609901538215116,0
-5.719658,38,7961.287342,-100.0,-0.7705422222675634,0
-6.207964,36,7961.944895,-100.0,-0.7306283479943153,0
-5.765772,33,7962.538262,-100.0,-0.7165539185674163,0
-5.821411,33,7963.131664,-100.0,-0.7150105526958931,0
-5.981848,39,7963.834886,-100.0,-0.6816742909001475,0
-5.914361,33,7964.442337,-100.0,-0.7302676465627065,0
-5.933355,37,7965.12285,-100.0,-0.7236582625862719,0
-6.100169,35,7965.748021,-100.0,-0.6648014507576726,0
-6.155164,33,7966.348915,-100.0,-0.7361044250240635,0
-5.590312,32,7966.934686,-100.0,-0.8725514715665621,0
-5.72935,34,7967.555296,-100.0,-0.7917415807635806,0
-5.537951,34,7968.167681,-100.0,-0.7703917795331101,0
-5.900526,35,7968.803437,-100.0,-0.780843459140683,0
-5.78962,38,7969.48925,-100.0,-0.8193855794697749,0
-5.556414,36,7970.140268,-100.0,-0.860424984340228,0
-6.000187,33,7970.744454,-100.0,-0.7137871842900596,0
-5.801585,34,7971.365505,-100.0,-0.7608652276564903,0
-5.833604,32,7971.946919,-100.0,-0.6980999765200435,0
-5.538345,36,7972.60008,-100.0,-0.7271937943561629,0
-6.154412,35,7973.240901,-100.0,-0.7367990124250184,0
-5.553712,33,7973.849825,-100.0,-0.7460783576596951,0
-5.900691,40,7974.583883,-100.0,-0.7710811870041997,0
-5.89309,33,7975.182371,-100.0,-0.713043950103668,0
-5.504689,36,7975.828435,-100.0,-0.8250326751878467,0
-6.110167,33,7976.409368,-100.0,-0.6812820932339101,0
-5.990859,35,7977.057804,-100.0,-0.576315622595695,0
-5.816812,34,7977.678528,-100.0,-0.7632287698549935,0
-5.366474,33,7978.292866,-100.0,-0.8263481951485246,0
-5.639689,36,7978.939469,-100.0,-0.849016830776281,0
-5.893355,33,7979.536524,-100.0,-0.7441285344337581,0
-5.87745,34,7980.158965,-100.0,-0.7120663257589998,0
-5.741899,33,7980.769642,-100.0,-0.7756539370368953,0
-5.712316,33,7981.371544,-100.0,-0.745997728106873,0
-5.871397,35,7982.013025,-100.0,-0.6931695933099926,0
-5.372228,33,7982.611859,-100.0,-0.8061409688032535,0
-5.389167,33,7983.214375,-100.0,-0.7962358463788212,0
-5.663583,33,7983.819531,-100.0,-0.735895117502608,0
-5.775912,34,7984.444484,-100.0,-0.707482369633083,0
-5.680622,40,7985.172821,-100.0,-0.8954124993449423,0
-6.333237,32,7985.754725,-100.0,-0.7455128058159591,0
-5.689079,33,7986.355856,-100.0,-0.8546510267524026,0
-5.999955,33,7986.951193,-100.0,-0.660198437205952,0
-5.65145,35,7987.599464,-100.0,-0.7413138331845224,0
-5.778866,34,7988.215654,-100.0,-0.7218205780253517,0
-5.867874,39,7988.931082,-100.0,-0.695074854557454,0
-5.605737,33,7989.528439,-100.0,-0.7861209996077296,0
-5.474078,33,7990.123009,-100.0,-0.7711833181057572,0
-5.769012,33,7990.725242,-100.0,-0.6872872496726554,0
-5.611416,41,7991.473921,-100.0,-0.792875973928709,0
-6.365973,36,8110.476825,-100.0,-0.657948770279379,0
-6.318711,40,8111.138206,-100.0,-0.6466260991269397,0
-5.291458,32,8111.686023,-100.0,-0.8496250960760358,0
-5.848031,36,8112.281362,-100.0,-0.8509896803762568,0
-5.632254,32,8112.827872,-100.0,-0.7658327051047464,0
-6.037787,35,8113.414639,-100.0,-0.8867719491892224,0
-5.545036,34,8113.987104,-100.0,-0.8479033642344092,0
-5.605202,33,8114.543057,-100.0,-0.7962352950995207,0
-5.817224,33,8115.099633,-100.0,-0.7041366488697698,0
-5.65757,32,8115.648228,-100.0,-0.7816881691113895,0
-5.497839,33,8116.191318,-100.0,-0.7812408656539258,0
-6.065791,33,8116.75021,-100.0,-0.6878068206765583,0
-5.660188,34,8117.321605,-100.0,-0.7574971134077294,0
-5.782744,36,8117.934883,-100.0,-0.7725093439474711,0
-5.578254,32,8118.475648,-100.0,-0.7669275578031947,0
-5.379853,33,8119.044441,-100.0,-0.8325774859196089,0
-5.95716,40,8119.707661,-100.0,-0.7927484523878496,0
-5.772554,35,8120.286427,-100.0,-0.8124291290558363,0
-5.6401,33,8120.837617,-100.0,-0.7266237341226053,0
-5.765096,33,8121.399906,-100.0,-0.6598962431004441,0
-5.688472,33,8121.960842,-100.0,-0.7466254640774591,0
-5.521592,33,8122.515837,-100.0,-0.7411642691254634,0
-5.544806,34,8123.095237,-100.0,-0.7565240325677873,0
-5.51934,32,8123.645129,-100.0,-0.829541856398871,0
-5.886581,33,8124.201889,-100.0,-0.7105192937894401,0
-5.365999,33,8124.753287,-100.0,-0.8047250201491802,0
-5.410645,32,8125.294702,-100.0,-0.846261627071502,0
-6.102594,33,8125.839441,-100.0,-0.6661558028174752,0
-5.985436,34,8126.418648,-100.0,-0.625391510942609,0
-5.684674,34,8126.994776,-100.0,-0.753731266079003,0
-5.855981,34,8127.576987,-100.0,-0.6736699116074027,0
-5.715115,36,8128.176984,-100.0,-0.7010234401414679,0
-5.44929,33,8128.742077,-100.0,-0.7302145383311804,0
-5.926296,33,8129.303767,-100.0,-0.8274197972720231,0
-5.979644,46,8130.068294,-100.0,-0.7567341915985041,0
-5.697169,34,8130.650028,-100.0,-0.7581402928466663,0
-5.967644,39,8131.308123,-100.0,-0.7346556052865373,0
-5.838394,33,8131.865359,-100.0,-0.61786742780734,0
-5.903435,38,8132.520501,-100.0,-0.9041865307631759,0
-5.830028,33,8133.068817,-100.0,-0.6488510262536973,0
-5.959389,42,8133.774929,-100.0,-0.7789928030262396,0
-5.654843,34,8134.344229,-100.0,-0.7959749131551813,0
-5.936357,34,8134.914686,-100.0,-0.6843025402953603,0
-5.480604,32,8135.459199,-100.0,-0.8567222396053206,0
-5.337902,32,8135.993833,-100.0,-0.8217623360385564,0
-5.739693,33,8136.555413,-100.0,-0.7367129337963946,0
-5.746827,34,8137.128125,-100.0,-0.739419546733611,0
-5.935258,34,8137.705057,-100.0,-0.6571976824395263,0
-5.849945,33,8138.255883,-100.0,-0.7030841457171562,0
-6.152045,34,8138.831523,-100.0,-0.6939156071411123,0
-5.745902,32,8139.372435,-100.0,-0.7209099407233174,0
-5.634279,37,8139.98047,-100.0,-0.8135611535267631,0
-6.118222,36,8140.580951,-100.0,-0.6978454092808556,0
-6.00285,34,8141.157898,-100.0,-0.7034458878683203,0
-5.709033,32,8141.691331,-100.0,-0.7391625262403164,0
-6.111264,34,8142.277727,-100.0,-0.6417519867848706,0
-5.745839,34,8142.851725,-100.0,-0.7916386191645568,0
-5.631302,32,8143.377658,-100.0,-0.7604207782982345,0
-5.687359,33,8143.943869,-100.0,-0.7023133457763511,0
-6.057166,33,8144.495787,-100.0,-0.6887515936631385,0
-5.571203,33,8262.947604,-100.0,-0.7239300141175913,0
-5.475014,33,8263.516656,-100.0,-0.7465463590274859,0
-5.681853,36,8264.117996,-100.0,-0.7776841771884793,0
-5.578365,33,8264.679144,-100.0,-0.8812193046812011,0
-5.712045,35,8265.274887,-100.0,-0.7862049691316731,0
-5.859727,33,8265.826005,-100.0,-0.7004040647110449,0
-5.50325,33,8266.391901,-100.0,-0.8004996879210726,0
-5.767666,33,8266.956851,-100.0,-0.6651065455753427,0
-5.530911,33,8267.526317,-100.0,-0.7665379114417241,0
-5.923495,33,8268.082276,-100.0,-0.6322709338888105,0
-6.125138,37,8268.716212,-100.0,-0.723618565377979,0
-6.316075,32,8269.2607,-100.0,-0.6549900484979123,0
-6.001984,33,8269.821747,-100.0,-0.7104910245672436,0
-6.070629,33,8270.381588,-100.0,-0.6641975806824331,0
-5.674873,33,8270.94429,-100.0,-0.7335416812116553,0
-5.492426,32,8271.487986,-100.0,-0.7508457227760605,0
-5.800301,33,8272.039952,-100.0,-0.7341219485353992,0
-5.707513,33,8272.603253,-100.0,-0.7872819312442919,0
-5.642152,33,8273.153362,-100.0,-0.7586400080578695,0
-6.079613,40,8273.83347,-100.0,-0.6614599955120793,0
-5.570777,35,8274.439384,-100.0,-0.7995283757041339,0
-5.688811,33,8274.99772,-100.0,-0.7434328433203256,0
-5.401917,34,8275.574583,-100.0,-0.8235443858115619,0
-5.677367,32,8276.123926,-100.0,-0.8705671399181243,0
-6.01471,35,8276.718244,-100.0,-0.6654411967307189,0
-5.974635,34,8277.29348,-100.0,-0.6639799880187828,0
-5.795101,33,8277.844095,-100.0,-0.619636653817752,0
-5.716371,35,8278.435375,-100.0,-0.7655776285983502,0
-5.517987,33,8278.987489,-100.0,-0.9188646142832593,0
-5.429903,33,8279.548447,-100.0,-0.7413671343565729,0
-5.683102,33,8280.111672,-100.0,-0.7939927936525188,0
-5.925724,34,8280.68524,-100.0,-0.7000408146219735,0
-5.408336,32,8281.219682,-100.0,-0.7912099214106129,0
-5.911674,33,8281.782954,-100.0,-0.7149477915270255,0
-5.927037,33,8282.341547,-100.0,-0.7996656645125433,0
-5.634452,34,8282.914851,-100.0,-0.7587430394315212,0
-5.939749,34,8283.486302,-100.0,-0.7021650680320943,0
-5.46733,33,8284.047032,-100.0,-0.8291859005978223,0
-5.761916,34,8284.623896,-100.0,-0.7226539211656142,0
-5.718481,38,8285.267434,-100.0,-0.7090498761439046,0
-5.935302,33,8285.829318,-100.0,-0.6176076127171873,0
-6.108112,34,8286.40102,-100.0,-0.7088243697176796,0
-6.022062,33,8286.963118,-100.0,-0.7142788079976401,0
-5.938672,35,8287.557837,-100.0,-0.7322965184853037,0
-5.617349,33,8288.114033,-100.0,-0.7518690036991014,0
-5.62118,32,8288.63776,-100.0,-0.7711417312152659,0
-5.415882,33,8289.190288,-100.0,-0.8725617287095029,0
-5.847717,40,8289.895744,-100.0,-0.7715937985582516,0
-5.737268,33,8290.463667,-100.0,-0.7532273973476151,0
-6.100225,34,8291.033067,-100.0,-0.6983986176935578,0
-5.34041,32,8291.576056,-100.0,-0.8144610125537198,0
-5.98246,42,8292.287551,-100.0,-0.6552257529368383,0
-5.909484,33,8292.841324,-100.0,-0.732228148132173,0
-5.804966,32,8293.382172,-100.0,-0.7510955130214539,0
-5.42491,33,8293.938428,-100.0,-0.7846501213838636,0
-5.603076,31,8294.47154,-100.0,-0.7547064081194467,0
-5.653599,33,8295.019555,-100.0,-0.7191571384028116,0
-5.830388,33,8295.577657,-100.0,-0.6370984744169294,0
-5.641132,34,8296.156185,-100.0,-0.7123790477434704,0
-5.625927,34,8296.730288,-100.0,-0.7793878888411421,0
-5.968472,33,8297.293262,-100.0,-0.6587458153723823,0
-5.859772,35,8415.933331,-100.0,-0.6163232197827114,0
-5.610975,33,8416.501982,-100.0,-0.7591405974384091,0
-6.163298,35,8417.095407,-100.0,-0.6833667156654265,0
-5.454423,33,8417.651394,-100.0,-0.8057062198072983,0
-5.669667,34,8418.223344,-100.0,-0.8350894781099032,0
-5.632498,36,8418.834774,-100.0,-0.8056608240726599,0
-5.773027,35,8419.424536,-100.0,-0.7040790568343864,0
-5.765301,34,8420.005185,-100.0,-0.6778287800180307,0
-5.719401,34,8420.576818,-100.0,-0.7000264258813473,0
-5.632674,32,8421.116635,-100.0,-0.8441822988496541,0
-5.996203,33,8421.671076,-100.0,-0.6346250836120952,0
-6.197246,36,8422.272682,-100.0,-0.6697043650406148,0
-5.540099,33,8422.827251,-100.0,-0.8542785808283283,0
-5.69272,34,8423.413936,-100.0,-0.7501856541162996,0
-5.765015,35,8424.005415,-100.0,-0.7157981978876857,0
-6.026679,42,8424.711622,-100.0,-0.700248846993277,0
-5.958594,34,8425.290811,-100.0,-0.6774352292217952,0
-5.467712,33,8425.843209,-100.0,-0.7718974848756056,0
-5.990181,35,8426.445504,-100.0,-0.6647358018385487,0
-5.57613,33,8427.000079,-100.0,-0.8285160785090423,0
-5.411977,33,8427.556973,-100.0,-0.7336864819992418,0
-6.132361,34,8428.131642,-100.0,-0.6912656281341976,0
-5.460588,34,8428.713702,-100.0,-0.866049208725155,0
-5.799908,33,8429.270009,-100.0,-0.749057014581864,0
-5.85931,34,8429.842827,-100.0,-0.7390052358217829,0
-5.856932,41,8430.551349,-100.0,-0.8026988781994834,0
-5.75667,34,8431.109763,-100.0,-0.6436519675663779,0
-5.650374,32,8431.649366,-100.0,-0.7980069806577532,0
-5.733149,34,8432.230088,-100.0,-0.6400815078713963,0
-5.751741,34,8432.810613,-100.0,-0.6758824466109131,0
-5.673678,33,8433.377933,-100.0,-0.6938273511275634,0
-5.714591,34,8433.958002,-100.0,-0.7991054227945439,0
-5.91921,32,8434.502323,-100.0,-0.7172452840830129,0
-5.628054,40,8435.173774,-100.0,-0.7174435120037965,0
-6.058518,33,8435.735585,-100.0,-0.6966883940965117,0
-5.592058,33,8436.297961,-100.0,-0.6722506752169882,0
-5.469954,33,8436.867751,-100.0,-0.8399384836377147,0
-5.445166,33,8437.433715,-100.0,-0.7534461745543514,0
-5.872381,33,8437.982371,-100.0,-0.6780053230315569,0
-6.014408,33,8438.537601,-100.0,-0.716418887681571,0
-5.39477,33,8439.092083,-100.0,-0.8508363277899454,0
-5.683146,33,8439.649652,-100.0,-0.7690679434603512,0
-5.850935,34,8440.223118,-100.0,-0.6914556715537816,0
-5.286097,32,8440.763615,-100.0,-0.807403127490665,0
-5.910056,34,8441.331536,-100.0,-0.7006206867033496,0
-5.242774,32,8441.880909,-100.0,-0.850054862556662,0
-5.741423,33,8442.43666,-100.0,-0.7235655957850492,0
-6.322338,35,8443.024899,-100.0,-0.6515469341494577,0
-5.550503,33,8443.580307,-100.0,-0.7447815291658174,0
-5.558468,32,8444.120021,-100.0,-0.8043406243908336,0
-5.869226,33,8444.677952,-100.0,-0.6548694756598222,0
-6.182432,35,8445.264373,-100.0,-0.6753213182032828,0
-5.970717,35,8445.86673,-100.0,-0.696045620428662,0
-5.967778,39,8446.531802,-100.0,-0.7543643601118,0
-5.497453,33,8447.089606,-100.0,-0.8629393573533618,0
-5.52137,33,8447.642092,-100.0,-0.7522587669786993,0
-5.596772,32,8448.18757,-100.0,-0.7690602120711469,0
-5.5321,33,8448.73545,-100.0,-0.8024398914309168,0
-6.217878,35,8449.336857,-100.0,-0.6742809530536696,0
-5.492681,32,8449.84458,-100.0,-0.8549576267519985,0
-5.746326,33,8567.87265,-100.0,-0.6309920687976576,0
-5.353933,32,8568.421305,-100.0,-0.8702912527780725,0
-5.919292,35,8569.008228,-100.0,-0.641019658946663,0
-6.243064,43,8569.764857,-100.0,-0.72216793145736,0
-5.836882,44,8570.507229,-100.0,-0.7883464501601514,0
-5.522208,32,8571.048651,-100.0,-0.8940045269672244,0
-5.527818,34,8571.623848,-100.0,-0.8535428697710351,0
-5.36226,33,8572.179549,-100.0,-0.8642698956487419,0
-5.751687,32,8572.711091,-100.0,-0.8026062541257141,0
-5.197926,32,8573.26201,-100.0,-0.8794518564824945,0
-5.831172,33,8573.817479,-100.0,-0.667306962023049,0
-5.852929,33,8574.388815,-100.0,-0.6979694938474867,0
-5.849673,34,8574.960358,-100.0,-0.7559135807803674,0
-6.072768,34,8575.527446,-100.0,-0.6701762673933022,0
-5.487506,32,8576.072023,-100.0,-0.84832814692875,0
-5.519856,33,8576.634861,-100.0,-0.7965810741609419,0
-6.04272,34,8577.198475,-100.0,-0.6761406926417254,0
-5.9159,34,8577.786739,-100.0,-0.6721320018622683,0
-5.739039,34,8578.36578,-100.0,-0.7089880830366455,0
-5.791287,33,8578.917736,-100.0,-0.6620669059756847,0
-5.70378,34,8579.49266,-100.0,-0.7179326186205066,0
-5.432037,34,8580.071401,-100.0,-0.7738545844471909,0
-6.028836,34,8580.653625,-100.0,-0.6898806419933698,0
-5.480762,37,8581.290217,-100.0,-0.7269087467749046,0
-5.342428,32,8581.817527,-100.0,-0.8113135406303018,0
-5.687405,34,8582.390579,-100.0,-0.8041728380958131,0
-5.809604,33,8582.953144,-100.0,-0.7477977909058727,0
-5.723865,34,8583.535238,-100.0,-0.7884352271582314,0
-5.868355,33,8584.093897,-100.0,-0.6883137649628357,0
-5.701651,33,8584.65003,-100.0,-0.783735299107309,0
-6.034439,34,8585.236301,-100.0,-0.6833416591305254,0
-5.759298,33,8585.799908,-100.0,-0.6844875427754141,0
-6.235988,42,8586.522498,-100.0,-0.6853405062374707,0
-5.581859,33,8587.072871,-100.0,-0.7763244218617804,0
-5.431803,32,8587.623846,-100.0,-0.6912901442130642,0
-5.477853,33,8588.184105,-100.0,-0.7866888889129642,0
-5.385431,33,8588.735548,-100.0,-0.7750598624106532,0
-5.472416,32,8589.284824,-100.0,-0.7538631264170415,0
-6.23636,37,8589.906274,-100.0,-0.6838547391460114,0
-5.897821,34,8590.486117,-100.0,-0.6985197199006408,0
-5.725024,34,8591.05871,-100.0,-0.759550211594044,0
-6.00923,34,8591.641078,-100.0,-0.6763538786196641,0
-6.080291,35,8592.237147,-100.0,-0.6743598411177607,0
-6.247921,35,8592.832812,-100.0,-0.7773600254612912,0
-6.010272,34,8593.404808,-100.0,-0.6411653797393118,0
-6.008046,34,8593.983284,-100.0,-0.6929423410222348,0
-5.554423,33,8594.531847,-100.0,-0.8091992122961273,0
-6.33018,39,8595.198505,-100.0,-0.689422701058419,0
-5.485817,33,8595.770105,-100.0,-0.8265437345135239,0
-5.424576,34,8596.346591,-100.0,-0.7486375143449461,0
-5.763997,39,8597.01462,-100.0,-0.7344550176553913,0
-5.802971,35,8597.620116,-100.0,-0.7080903318961631,0
-6.160303,38,8598.244188,-100.0,-0.650755396342838,0
-5.917779,34,8598.822259,-100.0,-0.6178106740503188,0
-5.908622,34,8599.400584,-100.0,-0.6736857410530829,0
-5.595969,34,8599.975307,-100.0,-0.7417599881430166,0
-5.483783,32,8600.524835,-100.0,-0.8192668621666053,0
-5.693249,33,8601.28685,-100.0,-0.6931354195238058,0
-5.673879,34,8601.853283,-100.0,-0.7175827709761564,0
-5.667468,34,8602.423307,-100.0,-0.7782297354954306,0
-5.554424,38,8718.210562,-100.0,-0.8272066374451011,0
-5.839105,34,8718.795301,-100.0,-0.6942965951058266,0
-5.613008,34,8719.375409,-100.0,-0.823242905537772,0
-5.717723,34,8719.955684,-100.0,-0.7021410615116075,0
-5.580844,32,8720.49722,-100.0,-0.8797651095150296,0
-5.812709,33,8721.058118,-100.0,-0.6904611851003646,0
-6.143979,36,8721.678429,-100.0,-0.6433296142246994,0
-5.531208,36,8722.290761,-100.0,-0.8168359580188488,0
-6.048758,34,8722.862225,-100.0,-0.6848095774340169,0
-5.765764,33,8723.433182,-100.0,-0.6522905930878531,0
-5.526026,34,8724.004826,-100.0,-0.750464675805713,0
-6.004213,34,8724.587623,-100.0,-0.6564421020120144,0
-5.519591,34,8725.169721,-100.0,-0.8393946067786303,0
-6.214981,43,8725.873056,-100.0,-0.788107634296427,0
-5.780289,35,8726.465197,-100.0,-0.7266862113433553,0
-5.993059,34,8727.044196,-100.0,-0.7019272816197448,0
-5.629433,34,8727.624412,-100.0,-0.7949985580592678,0
-5.852859,35,8728.214298,-100.0,-0.7359935506981207,0
-5.998819,33,8728.784651,-100.0,-0.7235624870869607,0
-5.60768,33,8729.347494,-100.0,-0.7333341565467085,0
-5.631446,33,8729.904173,-100.0,-0.6975863435717818,0
-5.814025,33,8730.464756,-100.0,-0.679261951697646,0
-5.669488,33,8731.021615,-100.0,-0.6831271472334695,0
-6.121843,34,8731.602088,-100.0,-0.6607010007586969,0
-5.788579,33,8732.158024,-100.0,-0.6519632492763816,0
-5.661392,33,8732.720625,-100.0,-0.6704286309062002,0
-5.909089,35,8733.310913,-100.0,-0.6783023841909516,0
-6.072416,34,8733.894368,-100.0,-0.6959653981711298,0
-6.063837,39,8734.568051,-100.0,-0.6391924601024065,0
-5.966803,33,8735.126816,-100.0,-0.6691057994125894,0
-5.847986,34,8735.707304,-100.0,-0.6465756310877548,0
-6.145712,33,8736.255888,-100.0,-0.7149054391002813,0
-6.350848,37,8736.904229,-100.0,-0.658159152597099,0
-5.499847,32,8737.442993,-100.0,-0.815051938168215,0
-5.719248,37,8738.065659,-100.0,-0.818556155348828,0
-5.450336,37,8738.692959,-100.0,-0.8739888047545885,0
-5.561906,33,8739.252827,-100.0,-0.7365155848332327,0
-5.604002,33,8739.813777,-100.0,-0.7618466486794222,0
-5.541272,33,8740.378369,-100.0,-0.8149045153438933,0
-5.728717,33,8740.939581,-100.0,-0.6795337516389363,0
-5.399066,33,8741.501354,-100.0,-0.797777070904826,0
-5.639098,33,8742.062181,-100.0,-0.7535174714390444,0
-5.716375,33,8742.628623,-100.0,-0.6955987918135843,0
-5.871991,34,8743.209763,-100.0,-0.7244102482474927,0
-5.587209,33,8743.760575,-100.0,-0.8008080701223942,0
-5.490566,33,8744.315392,-100.0,-0.7987001324598056,0
-6.030214,34,8744.886251,-100.0,-0.5536532612236587,0
-5.794851,34,8745.467084,-100.0,-0.7292528055967916,0
-5.739567,43,8746.179961,-100.0,-0.7008968044048444,0
-5.315899,34,8746.764914,-100.0,-0.7928329005323727,0
-5.788438,33,8747.326918,-100.0,-0.6240163833260131,0
-5.501679,32,8747.869948,-100.0,-0.8921473916970198,0
-5.688119,34,8748.44652,-100.0,-0.7520849828076247,0
-5.995971,34,8749.027469,-100.0,-0.6836843157718488,0
-5.306545,33,8749.593429,-100.0,-0.8365949362606272,0
-5.949304,33,8750.154534,-100.0,-0.672418480072464,0
-5.728535,34,8750.734415,-100.0,-0.7007754841453989,0
-6.019966,33,8751.291641,-100.0,-0.7452566440273726,0
-5.723843,32,8751.839027,-100.0,-0.7071990267209584,0
-5.409459,33,8869.779826,-100.0,-0.8224953579971656,0
-5.816666,37,8870.421247,-100.0,-0.7552364613104722,0
-5.695542,33,8870.995186,-100.0,-0.7388272762279594,0
-6.028162,34,8871.553677,-100.0,-0.702783438209196,0
-5.641546,33,8872.112859,-100.0,-0.7742390085063827,0
-5.694918,34,8872.696954,-100.0,-0.6732540341933069,0
-5.811589,33,8873.257356,-100.0,-0.6995761571027642,0
-5.980882,34,8873.826077,-100.0,-0.6817339470837395,0
-5.597631,34,8874.407459,-100.0,-0.7740941770161435,0
-5.76087,33,8874.97137,-100.0,-0.7109035352983337,0
-5.498188,34,8875.553547,-100.0,-0.7405334248446638,0
-5.736676,32,8876.097347,-100.0,-0.8312824566596834,0
-5.759262,33,8876.667432,-100.0,-0.7315790437004559,0
-5.334005,33,8877.229224,-100.0,-0.7917645641947322,0
-5.799588,35,8877.828949,-100.0,-0.7060187867715355,0
-5.565237,34,8878.411342,-100.0,-0.8500354914382533,0
-6.046969,35,8879.00439,-100.0,-0.7021825112428931,0
-5.71462,34,8879.580833,-100.0,-0.7707323436263349,0
-5.660733,33,8880.141502,-100.0,-0.7451561445980088,0
-5.775307,36,8880.76099,-100.0,-0.7578701721605108,0
-5.751961,33,8881.323706,-100.0,-0.6948505468074027,0
-5.363064,33,8881.886477,-100.0,-0.8292552206462692,0
-6.149635,34,8882.460734,-100.0,-0.7271143671567931,0
-6.091571,34,8883.036611,-100.0,-0.7086469379084763,0
-5.470716,32,8883.59339,-100.0,-0.81237679104334,0
-5.861022,33,8884.151476,-100.0,-0.679969537232463,0
-5.896376,33,8884.719591,-100.0,-0.7098282126545054,0
-5.848624,33,8885.278997,-100.0,-0.7200867934886557,0
-5.692223,38,8885.934766,-100.0,-0.7258950806238715,0
-5.888172,33,8886.488925,-100.0,-0.669260290543627,0
-5.499905,34,8887.066155,-100.0,-0.8444899341536708,0
-5.899773,33,8887.626562,-100.0,-0.6575296902085338,0
-5.830974,33,8888.190876,-100.0,-0.6606208080203153,0
-5.696615,33,8888.749076,-100.0,-0.7138009680932493,0
-5.559775,33,8889.317241,-100.0,-0.7552529907034644,0
-5.778202,34,8889.89339,-100.0,-0.6235269228107413,0
-5.799081,34,8890.461682,-100.0,-0.6859037853710145,0
-5.684924,33,8891.036468,-100.0,-0.794550840164895,0
-5.583864,35,8891.622519,-100.0,-0.7565270132234055,0
-5.327802,32,8892.180632,-100.0,-0.8970166512505653,0
-6.084611,38,8892.805388,-100.0,-0.6818491198992959,0
-5.287077,33,8893.36768,-100.0,-0.8421235360886447,0
-6.372759,37,8893.993969,-100.0,-0.6371339803553487,0
-5.65845,35,8894.581643,-100.0,-0.724685834758368,0
-5.450495,39,8895.243702,-100.0,-0.8278492878387307,0
-5.776346,33,8895.798528,-100.0,-0.7767229789916112,0
-5.911577,34,8896.376563,-100.0,-0.7466639310710271,0
-5.676874,33,8896.938407,-100.0,-0.7325889026196223,0
-5.87371,33,8897.495231,-100.0,-0.6732145766809042,0
-5.311484,35,8898.087536,-100.0,-0.8585582030646957,0
-5.86643,33,8898.649933,-100.0,-0.7116504696035209,0
-5.40488,33,8899.219662,-100.0,-0.7751250925985914,0
-5.846318,34,8899.79178,-100.0,-0.6927444708296374,0
-5.643298,32,8900.346081,-100.0,-0.824321535818211,0
-6.017283,33,8900.903098,-100.0,-0.6879942374480825,0
-5.663352,34,8901.489447,-100.0,-0.605487430362304,0
-5.612268,33,8902.052586,-100.0,-0.7240927968553436,0
-5.903652,42,8902.751962,-100.0,-0.761297083144414,0
-5.43931,32,8903.295867,-100.0,-0.8419741093753895,0
-5.501498,34,8903.870862,-100.0,-0.770448173937897,0
-5.303659,32,8904.415066,-100.0,-0.833237641086013,0
-5.547864,32,9019.532964,-100.0,-0.8280398804807523,0
-5.299618,32,9020.082087,-100.0,-0.777472726676454,0
-5.338058,32,9020.635546,-100.0,-0.8235810097203722,0
-5.596394,33,9021.184444,-100.0,-0.7354978958288622,0
-5.579947,34,9021.769185,-100.0,-0.6947852211250574,0
-5.834044,39,9022.427283,-100.0,-0.7201812603108588,0
-5.342582,33,9022.978523,-100.0,-0.8036218420326569,0
-5.781052,35,9023.583567,-100.0,-0.6482135214738582,0
-5.344322,33,9024.14621,-100.0,-0.8227281097023494,0
-5.593925,33,9024.706754,-100.0,-0.774598463353623,0
-5.546861,33,9025.268122,-100.0,-0.728314582851682,0
-5.583978,33,9025.826333,-100.0,-0.7789302885151833,0
-5.98781,33,9026.382495,-100.0,-0.6868727249236835,0
-5.708895,37,9026.999536,-100.0,-0.7891992073456204,0
-5.8467,33,9027.560176,-100.0,-0.6733309078881686,0
-5.928139,33,9028.12145,-100.0,-0.6654099262340202,0
-5.45429,32,9028.670591,-100.0,-0.8448548931825737,0
-5.441545,33,9029.23991,-100.0,-0.7305433165794992,0
-5.505648,33,9029.797843,-100.0,-0.7680464454860704,0
-5.682083,33,9030.358528,-100.0,-0.7211536561507466,0
-5.508535,33,9030.924951,-100.0,-0.8439888188290303,0
-5.754429,34,9031.505697,-100.0,-0.7467965817536881,0
-5.484345,33,9032.065001,-100.0,-0.7128347782177415,0
-5.713607,34,9032.638574,-100.0,-0.7065595859201287,0
-5.823163,33,9033.200411,-100.0,-0.7709743044214601,0
-5.739508,33,9033.761677,-100.0,-0.7000348821841684,0
-5.242982,33,9034.31208,-100.0,-0.8332230160204782,0
-5.617382,34,9034.892567,-100.0,-0.7103611842904781,0
-6.113561,35,9035.489127,-100.0,-0.718496995274808,0
-5.827325,33,9036.040441,-100.0,-0.668084758199619,0
-5.497612,37,9036.678014,-100.0,-0.8040722269575293,0
-5.633707,33,9037.229015,-100.0,-0.7254204924372923,0
-6.148474,44,9037.983073,-100.0,-0.737010773729253,0
-5.621992,34,9038.566591,-100.0,-0.6983899045214264,0
-5.403596,33,9039.125243,-100.0,-0.7969545621443719,0
-5.697453,34,9039.709014,-100.0,-0.798826884041774,0
-5.667038,33,9040.266262,-100.0,-0.6917277340862432,0
-5.776739,34,9040.845891,-100.0,-0.6932737360055181,0
-5.604559,33,9041.401967,-100.0,-0.7183687521366445,0
-5.680179,37,9042.027442,-100.0,-0.7417533153696741,0
-5.831283,34,9042.596055,-100.0,-0.663562021650758,0
-5.619868,33,9043.163474,-100.0,-0.7066175609212599,0
-5.780811,34,9043.742861,-100.0,-0.7061229630751784,0
-5.369692,33,9044.30593,-100.0,-0.7881427560800002,0
-5.686996,34,9044.879462,-100.0,-0.7789065979968776,0
-5.695646,41,9045.577837,-100.0,-0.7387120000943778,0
-5.352797,32,9046.127477,-100.0,-0.8618119723924772,0
-5.888626,32,9046.656781,-100.0,-0.7687766163565847,0
-5.636702,34,9047.242763,-100.0,-0.6901127641597876,0
-5.831904,34,9047.823719,-100.0,-0.731157023453154,0
-5.326183,34,9048.410059,-100.0,-0.9023306333707183,0
-5.560309,35,9049.207256,-100.0,-0.7807913407782384,0
-5.556849,33,9049.75992,-100.0,-0.7457661841810881,0
-5.632285,33,9050.323714,-100.0,-0.7604414146233652,0
-5.792768,33,9050.877672,-100.0,-0.6013257890904715,0
-5.2806,32,9051.427849,-100.0,-0.8839623393240417,0
-5.662209,33,9051.983001,-100.0,-0.7162782259270591,0
-5.402736,33,9052.536775,-100.0,-0.6978645481656911,0
-5.462748,32,9053.085011,-100.0,-0.752410655046368,0
-5.252212,32,9053.634289,-100.0,-0.8692085740061752,0
-5.967386,36,9171.091951,-100.0,-0.730262955802227,0
-5.441659,33,9171.652798,-100.0,-0.8033084965294021,0
-6.313903,34,9172.237448,-100.0,-0.6588976270498851,0
-5.498989,33,9172.805578,-100.0,-0.7153007159540316,0
-5.89527,34,9173.384046,-100.0,-0.6448031340554043,0
-6.13213,35,9173.96886,-100.0,-0.6665351368097358,0
-5.828495,34,9174.55392,-100.0,-0.6948685525109171,0
-5.803047,33,9175.113251,-100.0,-0.7202628969529872,0
-5.706192,35,9175.714542,-100.0,-0.7150691117489049,0
-5.522804,38,9176.351163,-100.0,-0.8071049732280415,0
-5.755671,33,9176.922171,-100.0,-0.6795101987642094,0
-5.332611,32,9177.478883,-100.0,-0.7839804401575755,0
-5.801222,37,9178.106964,-100.0,-0.7964589432486561,0
-5.567462,33,9178.680178,-100.0,-0.7725144589124086,0
-6.179581,34,9179.252451,-100.0,-0.6882982682116497,0
-5.512045,33,9179.818572,-100.0,-0.8151674681557137,0
-6.038884,34,9180.387801,-100.0,-0.7060974053165752,0
-5.438373,33,9180.952778,-100.0,-0.7569968719635798,0
-5.508815,39,9181.621532,-100.0,-0.7558974081635009,0
-5.671193,33,9182.184293,-100.0,-0.7323010079762613,0
-5.590294,33,9182.736854,-100.0,-0.7772617542992665,0
-5.572478,34,9183.325687,-100.0,-0.7807402112497467,0
-5.74457,33,9183.898176,-100.0,-0.6771763487598557,0
-5.771333,33,9184.462243,-100.0,-0.7835604327945461,0
-5.52276,33,9185.03159,-100.0,-0.6932472080353628,0
-5.217117,32,9185.569373,-100.0,-0.8950512904134208,0
-5.455102,33,9186.137381,-100.0,-0.7598545186438967,0
-5.693152,35,9186.726397,-100.0,-0.770879421430333,0
-5.949592,35,9187.33097,-100.0,-0.6732810508625283,0
-5.766807,34,9187.903958,-100.0,-0.7139682989038889,0
-5.691433,33,9188.474056,-100.0,-0.6864521241938697,0
-6.014756,41,9189.160198,-100.0,-0.6954784758423903,0
-5.513744,33,9189.726562,-100.0,-0.689560488396977,0
-5.644066,34,9190.30981,-100.0,-0.7587455662366245,0
-6.10735,35,9190.911083,-100.0,-0.6947149736263196,0
-5.493669,33,9191.478508,-100.0,-0.8437026466735427,0
-5.518778,33,9192.038376,-100.0,-0.740017833622739,0
-5.516068,34,9192.617625,-100.0,-0.8457304345159816,0
-5.570704,32,9193.158957,-100.0,-0.776301848662578,0
-5.633392,40,9193.852735,-100.0,-0.8181367453374467,0
-5.866701,36,9194.467444,-100.0,-0.668706699721531,0
-5.47744,34,9195.047592,-100.0,-0.7686844878469808,0
-5.799962,34,9195.624786,-100.0,-0.6648227967796957,0
-5.859247,33,9196.190017,-100.0,-0.6450552710272291,0
-5.76383,33,9196.755893,-100.0,-0.7178992603342949,0
-5.574581,33,9197.31743,-100.0,-0.7841451974639673,0
-5.509014,33,9197.886411,-100.0,-0.762431585822788,0
-5.777921,36,9198.491367,-100.0,-0.7472622098779523,0
-5.908247,35,9199.088003,-100.0,-0.7645309786118312,0
-5.459024,32,9199.630175,-100.0,-0.8250817795876273,0
-5.699927,34,9200.209448,-100.0,-0.7063146256518865,0
-5.516136,33,9200.765208,-100.0,-0.7511186823974207,0
-5.876517,33,9201.33392,-100.0,-0.5471157536884786,0
-5.477321,33,9201.904885,-100.0,-0.783108521967185,0
-5.888674,35,9202.500388,-100.0,-0.7298827097443603,0
-5.731306,33,9203.065233,-100.0,-0.6803815737441905,0
-5.95993,34,9203.636152,-100.0,-0.6485898734121871,0
-5.941602,37,9204.282383,-100.0,-0.735798347453081,0
-5.20098,32,9204.822646,-100.0,-0.7963685403450118,0
-5.849764,39,9205.510629,-100.0,-0.6942130564541475,0
-5.51235,33,9323.097205,-100.0,-0.7480133109328801,0
-5.391281,33,9323.662226,-100.0,-0.8062622061965509,0
-5.536142,33,9324.223399,-100.0,-0.7338277098947938,0
-5.479855,33,9324.780562,-100.0,-0.7533812239700973,0
-5.215857,34,9325.367978,-100.0,-0.8413319322731917,0
-5.749396,34,9325.948846,-100.0,-0.6224024345598058,0
-5.898443,34,9326.527673,-100.0,-0.6773425154736694,0
-5.444784,42,9327.226656,-100.0,-0.8545169482663044,0
-5.340075,33,9327.792333,-100.0,-0.7157549576649875,0
-5.574049,33,9328.355611,-100.0,-0.8333991262486793,0
-5.788997,33,9328.927462,-100.0,-0.6654207725022789,0
-5.437995,33,9329.483063,-100.0,-0.7911467009076686,0
-5.829452,34,9330.058091,-100.0,-0.7219285661515754,0
-5.312477,34,9330.640992,-100.0,-0.8182531752267338,0
-5.732275,34,9331.232177,-100.0,-0.7133908703484914,0
-5.237429,33,9331.785328,-100.0,-0.8629378350540735,0
-5.812652,33,9332.345004,-100.0,-0.7088253184064819,0
-5.347408,33,9332.916388,-100.0,-0.851530924068041,0
-6.043302,33,9333.480327,-100.0,-0.7255464225960543,0
-6.021513,40,9334.16449,-100.0,-0.7267799537381253,0
-5.27775,32,9334.712196,-100.0,-0.8812388319694089,0
-5.713753,33,9335.275628,-100.0,-0.5965116104396065,0
-5.719086,33,9335.838217,-100.0,-0.7110095383275167,0
-5.75885,34,9336.421421,-100.0,-0.7041628587042261,0
-5.578279,33,9336.984711,-100.0,-0.7694248810876384,0
-6.096577,36,9337.603507,-100.0,-0.6755957321891979,0
-5.25069,32,9338.146541,-100.0,-0.8331203795555943,0
-5.933349,34,9338.723001,-100.0,-0.8012951817246642,0
-5.299387,32,9339.274511,-100.0,-0.8402817113415517,0
-5.750103,34,9339.841259,-100.0,-0.7229027294106041,0
-5.589505,33,9340.410456,-100.0,-0.7017404733742078,0
-5.904917,43,9341.158426,-100.0,-0.7246963708027896,0
-5.620897,34,9341.731166,-100.0,-0.796888492560346,0
-5.688697,34,9342.32716,-100.0,-0.7473695665924764,0
-5.610419,38,9342.98062,-100.0,-0.842526874734026,0
-5.930725,34,9343.562367,-100.0,-0.6872088555716644,0
-5.866468,34,9344.151334,-100.0,-0.6779403521614402,0
-5.697847,33,9344.710148,-100.0,-0.649707746762982,0
-6.024813,34,9345.27968,-100.0,-0.6401680121026823,0
-5.807171,33,9345.846356,-100.0,-0.6347859762140909,0
-5.735625,33,9346.399673,-100.0,-0.7038985100135193,0
-5.372278,32,9346.958091,-100.0,-0.8426724463315848,0
-6.457049,36,9347.563801,-100.0,-0.6337768889949464,0
-5.636464,33,9348.130073,-100.0,-0.7624164877214415,0
-5.675009,33,9348.694686,-100.0,-0.7683661992168468,0
-5.539302,33,9349.256712,-100.0,-0.6191744057715125,0
-5.91536,33,9349.819736,-100.0,-0.6988267350897786,0
-5.724973,33,9350.389504,-100.0,-0.632474817525616,0
-5.670272,34,9350.963768,-100.0,-0.6610946937490958,0
-5.631017,34,9351.544032,-100.0,-0.7131921198786433,0
-5.765285,35,9352.145401,-100.0,-0.7971117972936607,0
-6.069043,35,9352.748589,-100.0,-0.743077927593173,0
-5.490256,32,9353.290908,-100.0,-0.8022194540595342,0
-5.898952,36,9353.895914,-100.0,-0.657120205535036,0
-5.405431,32,9354.449264,-100.0,-0.8211015072491059,0
-5.395855,34,9355.028015,-100.0,-0.8183601153207772,0
-5.428167,35,9355.632937,-100.0,-0.849970748282244,0
-5.800095,33,9356.198359,-100.0,-0.7159920799331105,0
-5.879858,33,9356.758168,-100.0,-0.7093256118536891,0
-5.397104,33,9357.321744,-100.0,-0.7665882291096799,0
-5.254712,33,9357.886556,-100.0,-0.8524684991660247,0
-5.286678,32,9473.336149,-100.0,-0.8326390556661304,0
-5.633398,33,9473.894519,-100.0,-0.6606617531686072,0
-5.631994,33,9474.456588,-100.0,-0.7261223311746869,0
-5.791421,33,9475.016649,-100.0,-0.6573273392504979,0
-5.32244,33,9475.58505,-100.0,-0.7532741442370385,0
-5.864891,33,9476.152583,-100.0,-0.716922940044124,0
-6.006018,34,9476.724731,-100.0,-0.6745931011700114,0
-5.335921,33,9477.292252,-100.0,-0.7989818572617176,0
-5.546936,33,9477.854535,-100.0,-0.7657272502691276,0
-6.240557,35,9478.441745,-100.0,-0.6886258670195953,0
-5.626159,32,9478.98996,-100.0,-0.7849553804577863,0
-5.361407,33,9479.557704,-100.0,-0.746170164282365,0
-5.541935,43,9480.276319,-100.0,-0.8064199121924517,0
-5.440625,38,9480.953755,-100.0,-0.8410486364984057,0
-5.580525,33,9481.517026,-100.0,-0.7185951989510051,0
-5.763485,33,9482.075015,-100.0,-0.7423165305813769,0
-5.201962,32,9482.618255,-100.0,-0.8830550532370701,0
-5.341591,32,9483.154187,-100.0,-0.8603271401394007,0
-5.60776,33,9483.714501,-100.0,-0.6787391332990175,0
-5.808797,33,9484.275067,-100.0,-0.7264995310779307,0
-5.507345,33,9484.846935,-100.0,-0.7308761501366999,0
-5.256663,32,9485.386427,-100.0,-0.8693476132265692,0
-5.804834,33,9485.960751,-100.0,-0.6723057523217373,0
-5.555484,33,9486.51145,-100.0,-0.707661879210317,0
-5.475069,33,9487.077421,-100.0,-0.7606014333564366,0
-6.216554,35,9487.678596,-100.0,-0.7112811958801208,0
-5.312276,33,9488.241384,-100.0,-0.7895252338887035,0
-5.844691,37,9488.887159,-100.0,-0.6843486832444684,0
-5.394233,32,9489.423914,-100.0,-0.8113788886858738,0
-5.652813,33,9489.992572,-100.0,-0.7675445744015711,0
-5.801641,34,9490.567268,-100.0,-0.7115583969727437,0
-5.474835,32,9491.126033,-100.0,-0.8212533324643079,0
-5.58418,33,9491.688182,-100.0,-0.7204419010559193,0
-5.513619,33,9492.252646,-100.0,-0.696722219247205,0
-5.111399,33,9492.812673,-100.0,-0.8382324021277584,0
-5.49432,33,9493.367705,-100.0,-0.7481571952783762,0
-5.804471,34,9493.957403,-100.0,-0.8587212463276458,0
-5.315577,32,9494.497193,-100.0,-0.8560936655772486,0
-5.795123,33,9495.059246,-100.0,-0.7048417497539821,0
-5.153733,32,9495.603522,-100.0,-0.8167208585741506,0
-5.354645,33,9496.171406,-100.0,-0.8229525503464725,0
-5.632671,33,9496.740458,-100.0,-0.7392246013410932,0
-5.567152,35,9497.332688,-100.0,-0.6934336960154703,0
-5.464724,33,9498.099677,-100.0,-0.7689645526371894,0
-5.718994,34,9498.679372,-100.0,-0.8234094580456478,0
-5.658994,33,9499.242398,-100.0,-0.7376419475398174,0
-5.906958,35,9499.847966,-100.0,-0.7059740625395189,0
-5.37438,34,9500.429204,-100.0,-0.8096074504226097,0
-5.322935,33,9500.994234,-100.0,-0.7711015109168182,0
-5.799754,33,9501.562757,-100.0,-0.6896813568251933,0
-5.32291,32,9502.111115,-100.0,-0.849772502884562,0
-5.584811,32,9502.653033,-100.0,-0.8086026852567421,0
-5.437094,33,9503.215564,-100.0,-0.7842937455634,0
-5.649939,33,9503.770054,-100.0,-0.6948322881281521,0
-5.436473,33,9504.33706,-100.0,-0.7757235415892606,0
-5.912426,33,9504.891968,-100.0,-0.6701310885485638,0
-5.462907,33,9505.453089,-100.0,-0.7878503173807215,0
-6.210077,34,9506.03531,-100.0,-0.6674377995669739,0
-5.727206,34,9506.622067,-100.0,-0.671590837575918,0
-5.52698,34,9507.205723,-100.0,-0.838800268219524,0
-5.409726,32,9507.757237,-100.0,-0.8075050218135397,0
-5.621656,33,9624.576873,-100.0,-0.733103061054589,0
-5.73159,34,9625.155335,-100.0,-0.7499900228165587,0
-5.667561,33,9625.724364,-100.0,-0.7240443756223909,0
-5.590965,39,9626.379771,-100.0,-0.6938020348121425,0
-5.357817,33,9626.942069,-100.0,-0.8278194687659258,0
-5.73304,33,9627.514051,-100.0,-0.7322738264612382,0
-5.605722,33,9628.077068,-100.0,-0.6716033033302401,0
-5.812672,34,9628.660344,-100.0,-0.6555605298039276,0
-5.696204,33,9629.221982,-100.0,-0.7073169023026575,0
-5.737096,33,9629.790426,-100.0,-0.7184912459283757,0
-5.617931,33,9630.355143,-100.0,-0.6969436362256918,0
-5.559805,33,9630.918443,-100.0,-0.7015649508657943,0
-5.931502,33,9631.480116,-100.0,-0.6787836148998125,0
-5.521341,34,9632.061161,-100.0,-0.7518772970729711,0
-5.424047,33,9632.622139,-100.0,-0.7601092521389107,0
-5.284444,33,9633.190914,-100.0,-0.7296366672903636,0
-5.493765,32,9633.732466,-100.0,-0.8558626143616657,0
-5.138013,34,9634.316839,-100.0,-0.8665102864609199,0
-5.659743,33,9634.88313,-100.0,-0.6705743585738472,0
-5.399562,33,9635.441359,-100.0,-0.7725703374876691,0
-5.329725,32,9635.981225,-100.0,-0.8529385887503991,0
-5.300272,32,9636.530807,-100.0,-0.7586564463087433,0
-5.788556,33,9637.097865,-100.0,-0.6211773579934701,0
-5.236957,33,9637.663157,-100.0,-0.7815272656330764,0
-5.356803,33,9638.238309,-100.0,-0.8231752318039702,0
-5.446389,33,9638.806442,-100.0,-0.8365955711200742,0
-5.676548,33,9639.3659,-100.0,-0.7220188734496473,0
-5.482454,32,9639.898506,-100.0,-0.8483586783750092,0
-5.92806,34,9640.475179,-100.0,-0.6639693307092983,0
-5.624347,33,9641.033634,-100.0,-0.6769189097233648,0
-5.580224,35,9641.637516,-100.0,-0.7499123496969222,0
-5.646195,38,9642.286422,-100.0,-0.7670202085987705,0
-6.225289,35,9642.885085,-100.0,-0.6846783401429603,0
-5.800831,33,9643.452348,-100.0,-0.6838297037035567,0
-5.547966,34,9644.027187,-100.0,-0.7127522933600285,0
-5.389232,33,9644.58441,-100.0,-0.8180874820499109,0
-5.47,33,9645.137438,-100.0,-0.7867426682118395,0
-5.934067,33,9645.701595,-100.0,-0.6719592764974489,0
-5.559354,33,9646.2719,-100.0,-0.8126891386153539,0
-5.473244,33,9646.831048,-100.0,-0.7874612699282606,0
-5.48521,33,9647.391911,-100.0,-0.8370262675886408,0
-5.461114,32,9647.940227,-100.0,-0.726671741396954,0
-5.559104,33,9648.50215,-100.0,-0.7659448647433637,0
-5.605491,33,9649.063457,-100.0,-0.7077614057275596,0
-5.80058,34,9649.644464,-100.0,-0.6340480850358325,0
-5.583797,39,9650.311296,-100.0,-0.7598864608353845,0
-5.321957,32,9650.856115,-100.0,-0.843178283340314,0
-5.442369,34,9651.4376,-100.0,-0.7777219183822353,0
-5.353984,32,9651.982327,-100.0,-0.868364973676586,0
-5.455624,34,9652.567583,-100.0,-0.7017723644171722,0
-5.998251,33,9653.127008,-100.0,-0.6734607917245752,0
-5.522704,34,9653.710746,-100.0,-0.8234573341740203,0
-5.882568,33,9654.270208,-100.0,-0.6778401939146959,0
-5.202898,33,9654.834973,-100.0,-0.842713644041407,0
-5.370774,33,9655.398029,-100.0,-0.7861148299835752,0
-5.372592,33,9655.963295,-100.0,-0.8247661549054138,0
-5.478482,33,9656.521652,-100.0,-0.7764202879340911,0
-5.325832,32,9657.075209,-100.0,-0.8776219958159157,0
-5.305431,32,9657.618068,-100.0,-0.8348350339015047,0
-5.474551,34,9658.2015,-100.0,-0.7528146907701024,0
-5.269406,33,9658.772151,-100.0,-0.768769862918681,0
-5.344466,38,9773.630826,-100.0,-0.731009691676069,0
-6.013097,33,9774.199495,-100.0,-0.6662896829185156,0
-5.753123,34,9774.78191,-100.0,-0.6528703984945261,0
-5.467598,33,9775.336825,-100.0,-0.7326889002983527,0
-6.038974,51,9776.204185,-100.0,-0.6750097308898914,0
-5.590244,33,9776.77729,-100.0,-0.6964478006993958,0
-5.755651,33,9777.335798,-100.0,-0.655073439592328,0
-5.514448,33,9777.897759,-100.0,-0.7055316726662348,0
-5.24254,32,9778.450799,-100.0,-0.8308074703528923,0
-5.346624,34,9779.026902,-100.0,-0.8618155274213944,0
-5.751745,34,9779.602203,-100.0,-0.702552298860351,0
-5.946444,34,9780.175428,-100.0,-0.6502854053926514,0
-5.156461,34,9780.761896,-100.0,-0.8520316878878403,0
-5.613048,34,9781.352118,-100.0,-0.6874477329040011,0
-5.289782,32,9781.890577,-100.0,-0.7518577530379738,0
-5.813564,33,9782.452707,-100.0,-0.7229677010936607,0
-5.798337,33,9783.018924,-100.0,-0.6668207474330602,0
-5.522423,34,9783.603843,-100.0,-0.7877221468547843,0
-5.869277,35,9784.198527,-100.0,-0.6857571607688444,0
-5.298757,33,9784.766016,-100.0,-0.8340154402153751,0
-5.749076,35,9785.353399,-100.0,-0.7179166576479906,0
-5.775564,42,9786.087144,-100.0,-0.6601203654167345,0
-5.710587,33,9786.649583,-100.0,-0.6410566344686316,0
-5.756148,34,9787.23032,-100.0,-0.7023515520387008,0
-5.663791,32,9787.785293,-100.0,-0.835956634835024,0
-5.317074,34,9788.371223,-100.0,-0.7982609567933784,0
-6.019442,35,9788.970391,-100.0,-0.6993188717996573,0
-5.318463,36,9789.584321,-100.0,-0.775024782595248,0
-5.622545,33,9790.143421,-100.0,-0.7339343899652109,0
-5.729893,34,9790.734845,-100.0,-0.6318190294593584,0
-5.397746,33,9791.290265,-100.0,-0.8044426778580263,0
-5.747708,34,9791.876554,-100.0,-0.6411834741313347,0
-5.280453,33,9792.442791,-100.0,-0.7979374004921014,0
-5.94223,34,9793.024671,-100.0,-0.6905650789599947,0
-5.81554,34,9793.609871,-100.0,-0.6601867631600631,0
-5.845018,34,9794.183585,-100.0,-0.6954307696276311,0
-6.468702,40,9794.86225,-100.0,-0.6517909173099757,0
-5.707796,33,9795.425519,-100.0,-0.6359675750435648,0
-5.474425,35,9796.027821,-100.0,-0.7647287248510262,0
-5.681704,34,9796.611908,-100.0,-0.7089085132788973,0
-5.424169,33,9797.179054,-100.0,-0.8789616074163772,0
-5.46049,34,9797.749998,-100.0,-0.702269382650395,0
-5.52499,33,9798.319783,-100.0,-0.7215643553550904,0
-5.723193,34,9798.885226,-100.0,-0.7244516049201452,0
-5.681523,33,9799.457775,-100.0,-0.7120017994041794,0
-5.845698,33,9800.027373,-100.0,-0.7003098474421346,0
-5.138877,32,9800.579966,-100.0,-0.8480537010339969,0
-6.03273,34,9801.163743,-100.0,-0.6630280804747923,0
-5.399694,33,9801.728148,-100.0,-0.8609826142008985,0
-5.255028,33,9802.295472,-100.0,-0.7938569256257996,0
-5.13336,32,9802.851444,-100.0,-0.8809399924062562,0
-5.883968,33,9803.410352,-100.0,-0.6458737336957204,0
-5.687314,33,9803.981356,-100.0,-0.7107000359306442,0
-5.69063,35,9804.579771,-100.0,-0.6796809583732192,0
-5.498818,33,9805.15026,-100.0,-0.816023075788472,0
-5.496174,33,9805.713462,-100.0,-0.7681322527786572,0
-5.590468,34,9806.298444,-100.0,-0.7359676210326201,0
-5.887305,33,9806.855667,-100.0,-0.660093668798968,0
-5.518501,42,9807.555741,-100.0,-0.7815166377266997,0
-5.455596,34,9808.135556,-100.0,-0.6836693118371143,0
-5.506818,39,9925.030032,-100.0,-0.7509988649485326,0
-5.457813,33,9925.596575,-100.0,-0.7673348954325585,0
-5.340151,31,9926.127161,-100.0,-0.8300293625545656,0
-5.368017,32,9926.665869,-100.0,-0.8447220660537276,0
-5.582202,34,9927.24851,-100.0,-0.7151778289192502,0
-5.675328,34,9927.82903,-100.0,-0.6549472348561779,0
-5.737521,34,9928.421604,-100.0,-0.7139382828467356,0
-5.505294,33,9928.985948,-100.0,-0.7466895167101658,0
-5.263485,33,9929.555406,-100.0,-0.8017288141029887,0
-5.492738,34,9930.138061,-100.0,-0.7128747798924091,0
-5.439525,35,9930.736462,-100.0,-0.74438962580403,0
-5.589324,33,9931.310987,-100.0,-0.7249664711824076,0
-5.500351,35,9931.905842,-100.0,-0.7431465112318407,0
-5.657268,32,9932.458231,-100.0,-0.7790669045070139,0
-5.619711,33,9933.024184,-100.0,-0.6916300371600629,0
-5.253717,33,9933.592427,-100.0,-0.8808357296632428,0
-5.51586,33,9934.155232,-100.0,-0.7110880346792722,0
-5.5969,34,9934.740012,-100.0,-0.6965241482294408,0
-5.685372,33,9935.30233,-100.0,-0.7106792783806696,0
-5.433375,34,9935.889419,-100.0,-0.8044347817759883,0
-5.758261,36,9936.496779,-100.0,-0.6432427121924514,0
-5.492986,34,9937.079972,-100.0,-0.7069803650469138,0
-5.538724,34,9937.655471,-100.0,-0.743590980140408,0
-5.953807,34,9938.250473,-100.0,-0.6896477210826354,0
-5.273464,33,9938.816315,-100.0,-0.7481440245117347,0
-5.78976,32,9939.355148,-100.0,-0.736187033144457,0
-5.799562,36,9939.986401,-100.0,-0.7274055402184464,0
-5.231241,32,9940.516394,-100.0,-0.8308411599182242,0
-5.753786,34,9941.10405,-100.0,-0.7713597419683816,0
-5.635915,33,9941.667449,-100.0,-0.7459855835039274,0
-5.485751,33,9942.233016,-100.0,-0.783975494888902,0
-5.26516,32,9942.786318,-100.0,-0.8028243399284176,0
-5.37281,33,9943.358424,-100.0,-0.802509937491491,0
-5.641954,39,9944.030156,-100.0,-0.7055403669208035,0
-5.804957,33,9944.785859,-100.0,-0.7657239396854661,0
-5.661655,33,9945.345495,-100.0,-0.7026494358377826,0
-5.553789,32,9945.888478,-100.0,-0.8237993074333301,0
-5.126102,33,9946.465889,-100.0,-0.8005491197604466,0
-5.316253,32,9947.008322,-100.0,-0.8416028011427594,0
-5.566676,33,9947.587394,-100.0,-0.7276461916903533,0
-5.84736,36,9948.187325,-100.0,-0.6971051555080777,0
-5.414877,33,9948.757071,-100.0,-0.7648626627821217,0
-5.422906,33,9949.325981,-100.0,-0.7279827667674407,0
-5.441451,34,9949.897024,-100.0,-0.7416920060093639,0
-5.372787,33,9950.464111,-100.0,-0.8507662445616739,0
-5.457725,33,9951.031834,-100.0,-0.7002555138327968,0
-5.196297,33,9951.595935,-100.0,-0.8122132248312135,0
-5.434911,33,9952.160565,-100.0,-0.7210147006282981,0
-5.379334,32,9952.718733,-100.0,-0.8202321608062209,0
-5.761033,33,9953.281392,-100.0,-0.6754157215266915,0
-5.771394,34,9953.865053,-100.0,-0.720522831494784,0
-5.237245,33,9954.436304,-100.0,-0.7982693021667401,0
-5.38192,32,9954.978066,-100.0,-0.7650198936824193,0
-5.702168,35,9955.574959,-100.0,-0.7044469249659057,0
-5.592739,33,9956.141012,-100.0,-0.71192864831009,0
-5.723177,33,9956.700348,-100.0,-0.7021759105668816,0
-5.75363,33,9957.267575,-100.0,-0.6795150898715255,0
-5.931246,35,9957.878339,-100.0,-0.6339803627507807,0
-5.956954,36,9958.501364,-100.0,-0.6564570060634379,0
-6.042883,35,9959.096323,-100.0,-0.6836759033819443,0
-5.441212,33,9959.662652,-100.0,-0.7852464678680706,0
-5.454991,34,10078.261737,-100.0,-0.7209817654773462,0
-5.813611,34,10078.837217,-100.0,-0.7285975968729589,0
-5.578588,33,10079.402716,-100.0,-0.7987797990419402,0
-5.353727,33,10079.953185,-100.0,-0.7456912821743785,0
-5.197523,32,10080.49824,-100.0,-0.7937667044319023,0
-5.551746,33,10081.059657,-100.0,-0.7262631341111248,0
-5.355126,35,10081.666059,-100.0,-0.7706583119835433,0
-5.962944,35,10082.247986,-100.0,-0.7018228701512312,0
-5.435803,35,10082.8647,-100.0,-0.7504119959832019,0
-5.592739,34,10083.444135,-100.0,-0.7457213186830076,0
-5.329156,33,10084.005364,-100.0,-0.7690423482674917,0
-5.712085,38,10084.651839,-100.0,-0.7537579207390683,0
-5.953175,33,10085.216908,-100.0,-0.5516632007459812,0
-5.418568,35,10085.815593,-100.0,-0.7681309633435295,0
-5.569511,38,10086.448537,-100.0,-0.7463500930788166,0
-5.733441,35,10087.043665,-100.0,-0.7227982143363256,0
-5.321631,33,10087.609077,-100.0,-0.8426762465875115,0
-5.639431,34,10088.18943,-100.0,-0.6608308360493289,0
-5.506447,33,10088.753503,-100.0,-0.7454150156607267,0
-5.681433,34,10089.335983,-100.0,-0.7044193607524449,0
-5.798848,34,10089.912696,-100.0,-0.6960119433120341,0
-5.458788,39,10090.570868,-100.0,-0.8107794577777662,0
-5.693908,34,10091.14339,-100.0,-0.7215408499000011,0
-5.693916,34,10091.717011,-100.0,-0.7429893098804997,0
-5.632625,33,10092.280386,-100.0,-0.78245483587076,0
-5.278198,34,10092.859371,-100.0,-0.7798255403437555,0
-5.833527,33,10093.427898,-100.0,-0.6747370419464921,0
-5.773288,35,10094.025788,-100.0,-0.731622902218641,0
-6.127349,35,10094.618903,-100.0,-0.6856953935570099,0
-5.739093,33,10095.188021,-100.0,-0.6491743795923612,0
-5.516079,33,10095.753553,-100.0,-0.7280135749522634,0
-5.344433,32,10096.298666,-100.0,-0.8891047955337319,0
-5.410041,33,10096.868808,-100.0,-0.6909983657769693,0
-5.197517,33,10097.427633,-100.0,-0.8207067812588417,0
-5.777342,34,10098.010747,-100.0,-0.6494292029639721,0
-5.283241,33,10098.578829,-100.0,-0.820942911699811,0
-5.59915,33,10099.142431,-100.0,-0.7138291424679937,0
-5.084117,33,10099.702461,-100.0,-0.8125384745461173,0
-5.468896,33,10100.264697,-100.0,-0.6804681335286058,0
-5.219442,32,10100.811217,-100.0,-0.8372475234985635,0
-5.913179,39,10101.469002,-100.0,-0.6742795001426173,0
-5.419749,33,10102.039911,-100.0,-0.7620454940997886,0
-5.574691,33,10102.606941,-100.0,-0.7414292316231489,0
-6.043436,34,10103.183719,-100.0,-0.6503301262511739,0
-5.432703,33,10103.748559,-100.0,-0.7177636157554986,0
-5.49283,33,10104.320495,-100.0,-0.7114514980283259,0
-5.67254,35,10104.897944,-100.0,-0.6278537879056346,0
-5.360137,33,10105.461373,-100.0,-0.7916871005710643,0
-5.160067,38,10106.108924,-100.0,-0.8368912268067674,0
-5.705453,34,10106.687289,-100.0,-0.6940828216213433,0
-5.826221,37,10107.31377,-100.0,-0.6698316258132797,0
-6.014392,34,10107.897152,-100.0,-0.6409174197469522,0
-5.585889,34,10108.478317,-100.0,-0.7046218888380869,0
-5.40613,32,10109.025954,-100.0,-0.7989539745566735,0
-5.753411,35,10109.626733,-100.0,-0.7152042007965945,0
-5.440021,33,10110.186575,-100.0,-0.7765093347240904,0
-5.418925,34,10110.768147,-100.0,-0.7306736804256768,0
-6.425624,36,10111.383784,-100.0,-0.8080803487030438,0
-5.295767,33,10111.943193,-100.0,-0.8135520115674989,0
-5.590343,38,10112.585161,-100.0,-0.7410150029398935,0
-5.888559,34,10215.296982,-100.0,-0.6490256084807486,0
-5.747725,34,10215.872958,-100.0,-0.686722180920676,0
-5.609196,34,10216.455118,-100.0,-0.6391309025677787,0
-5.400407,43,10217.203408,-100.0,-0.8892434884429623,0
-5.670769,33,10217.766933,-100.0,-0.6819841147508946,0
-5.14452,32,10218.302803,-100.0,-0.7270497387110659,0
-5.479883,33,10218.871651,-100.0,-0.7243970237196747,0
-5.517172,33,10219.426135,-100.0,-0.7459612663040368,0
-5.857198,34,10220.014116,-100.0,-0.7117715163332565,0
-5.228194,33,10220.586463,-100.0,-0.7938562259896124,0
-5.561265,32,10221.121845,-100.0,-0.8130389054610917,0
-5.53567,37,10221.769173,-100.0,-0.7514121439930423,0
-5.212704,33,10222.322945,-100.0,-0.7805087975439937,0
-5.457886,33,10222.890261,-100.0,-0.8250779792020339,0
-5.33694,33,10223.450471,-100.0,-0.7635268520295937,0
-5.660236,34,10224.034757,-100.0,-0.7236280717519961,0
-5.508581,34,10224.610232,-100.0,-0.766601426111332,0
-5.745952,33,10225.175806,-100.0,-0.7612134663696363,0
-5.720443,36,10225.77878,-100.0,-0.7134361067330458,0
-5.813232,34,10226.356937,-100.0,-0.6833919886766412,0
-6.064609,34,10226.931575,-100.0,-0.7073363516932568,0
-5.545315,33,10227.494871,-100.0,-0.6899776143549324,0
-5.755312,33,10228.062761,-100.0,-0.6572914394363324,0
-5.233992,32,10228.616399,-100.0,-0.8265298772392243,0
-5.666843,34,10229.194138,-100.0,-0.6772536899343083,0
-5.748732,34,10229.77617,-100.0,-0.6703283846773015,0
-5.578504,35,10230.377054,-100.0,-0.6751680589865214,0
-5.465321,35,10230.969858,-100.0,-0.7956486435873673,0
-5.644516,34,10231.555688,-100.0,-0.6214335051882763,0
-5.884264,34,10232.122782,-100.0,-0.6620151645006733,0
-5.241986,33,10232.690297,-100.0,-0.8205450676548134,0
-5.651014,33,10233.260224,-100.0,-0.6861230046698408,0
-5.34659,33,10233.831319,-100.0,-0.7356962658002051,0
-5.639956,34,10234.405138,-100.0,-0.7227604183367444,0
-5.435101,33,10234.970279,-100.0,-0.676041972808932,0
-5.444041,33,10235.541941,-100.0,-0.7576720499592855,0
-5.5647,34,10236.120069,-100.0,-0.7158753678952756,0
-5.731924,34,10236.700272,-100.0,-0.6837825050856905,0
-5.835148,34,10237.284312,-100.0,-0.6835333560271463,0
-5.300249,32,10237.830175,-100.0,-0.8618702333095931,0
-5.762523,33,10238.405015,-100.0,-0.6589791332991912,0
-5.587568,33,10238.968904,-100.0,-0.7166508915103718,0
-5.565489,33,10239.539104,-100.0,-0.7408127985986519,0
-5.535374,34,10240.105707,-100.0,-0.6659622477972474,0
-5.779115,33,10240.671482,-100.0,-0.679548210569696,0
-5.879516,34,10241.24469,-100.0,-0.6365392113261312,0
-5.746507,34,10241.829514,-100.0,-0.6997539857561879,0
-5.479335,33,10242.393906,-100.0,-0.7559826664711874,0
-5.546461,33,10242.967369,-100.0,-0.7276878781313451,0
-5.644774,40,10243.648518,-100.0,-0.6695670616729233,0
-5.670722,33,10244.207089,-100.0,-0.6675981999357767,0
-5.900803,41,10244.896567,-100.0,-0.7098899190420671,0
-5.766136,34,10245.471968,-100.0,-0.6727763427834951,0
-5.897819,35,10246.067495,-100.0,-0.6482577705754833,0
-5.498132,33,10246.63222,-100.0,-0.6118645745927377,0
-5.288238,33,10247.202286,-100.0,-0.8387313434334467,0
-5.501383,33,10247.760786,-100.0,-0.7552503912128379,0
-5.645794,34,10248.348911,-100.0,-0.7310721174466424,0
-5.714497,34,10248.928873,-100.0,-0.6594935899898918,0
-5.25277,34,10249.509147,-100.0,-0.806555533208001,0
-5.292244,33,10250.078247,-100.0,-0.8320718625728672,0
-5.749384,33,10352.679805,-100.0,-0.7200213200911274,0
-5.276165,33,10353.246141,-100.0,-0.8040679062527614,0
-5.868139,33,10353.806862,-100.0,-0.6670594235389045,0
-5.395705,32,10354.359068,-100.0,-0.7775541096363618,0
-5.262462,33,10354.913541,-100.0,-0.8134068941881386,0
-5.467788,33,10355.47326,-100.0,-0.813655568433066,0
-5.603461,33,10356.03655,-100.0,-0.6970011200108878,0
-5.465527,33,10356.606995,-100.0,-0.7383171826661232,0
-5.771154,34,10357.177331,-100.0,-0.6419710705981464,0
-5.643764,33,10357.746207,-100.0,-0.6920839430194523,0
-5.994711,34,10358.317007,-100.0,-0.7118104921886987,0
-5.54511,33,10358.886761,-100.0,-0.6275945335032027,0
-5.433766,33,10359.45071,-100.0,-0.7430929233039244,0
-5.819911,34,10360.020473,-100.0,-0.7095341619021487,0
-5.65881,34,10360.591216,-100.0,-0.7374991225639784,0
-5.696433,40,10361.282483,-100.0,-0.789562383225265,0
-5.687689,33,10361.839649,-100.0,-0.7949370976817474,0
-5.388092,33,10362.397259,-100.0,-0.7755757019133198,0
-5.403748,33,10362.962367,-100.0,-0.710092059384556,0
-5.221647,33,10363.52055,-100.0,-0.8397398668772292,0
-5.824265,36,10364.123697,-100.0,-0.6605299903555634,0
-5.274297,33,10364.686452,-100.0,-0.7877027443571366,0
-5.54475,32,10365.237944,-100.0,-0.7708296460713115,0
-5.52531,33,10365.809427,-100.0,-0.638552068242589,0
-5.58846,34,10366.385296,-100.0,-0.8519990809930814,0
-5.762822,33,10367.158779,-100.0,-0.6732700206481262,0
-5.536409,35,10367.75862,-100.0,-0.7930387368348415,0
-5.852291,33,10368.327346,-100.0,-0.7085038036810514,0
-5.235004,33,10368.881373,-100.0,-0.8181350671803282,0
-5.91617,35,10369.481308,-100.0,-0.6538238735514988,0
-5.838701,35,10370.093686,-100.0,-0.6458041982332309,0
-5.337483,32,10370.64202,-100.0,-0.8797804391515509,0
-5.356472,33,10371.201346,-100.0,-0.7366305988683928,0
-5.405599,33,10371.769183,-100.0,-0.8006208419153299,0
-5.361137,32,10372.308074,-100.0,-0.7889173695833581,0
-5.608678,33,10372.864197,-100.0,-0.7667609041468478,0
-5.626571,34,10373.446374,-100.0,-0.7500224130621093,0
-5.715777,33,10374.005912,-100.0,-0.6718716386424067,0
-5.955049,33,10374.564943,-100.0,-0.6651951768767888,0
-5.424921,32,10375.09723,-100.0,-0.834730212166402,0
-5.596082,34,10375.678426,-100.0,-0.6405011408329064,0
-5.202799,33,10376.250122,-100.0,-0.8699455720121628,0
-5.13214,32,10376.79341,-100.0,-0.8634808884074213,0
-5.817237,39,10377.473763,-100.0,-0.6610243743429434,0
-5.645223,33,10378.031765,-100.0,-0.791167818334298,0
-5.123607,33,10378.584522,-100.0,-0.8712893954444144,0
-5.475721,35,10379.182094,-100.0,-0.7346963822398663,0
-5.833373,34,10379.769407,-100.0,-0.6077358292179407,0
-5.550377,33,10380.31993,-100.0,-0.6981388834686961,0
-5.304045,33,10380.884033,-100.0,-0.801410467796976,0
-5.86122,34,10381.462824,-100.0,-0.6707368981724076,0
-5.344148,34,10382.052647,-100.0,-0.788974118914147,0
-5.498666,32,10382.589126,-100.0,-0.7348709962801686,0
-5.710133,34,10383.165226,-100.0,-0.6968402326751699,0
-5.50389,34,10383.745215,-100.0,-0.6674664767407409,0
-5.386182,33,10384.304706,-100.0,-0.8186141878204954,0
-5.203937,32,10384.856664,-100.0,-0.8322538361284795,0
-5.583392,33,10385.413507,-100.0,-0.7527465368381482,0
-5.7593,33,10385.97556,-100.0,-0.6884363991622479,0
-5.67113,33,10386.531194,-100.0,-0.6476157160727565,0
-5.784087,35,10387.140845,-100.0,-0.6731073986948908,0
-6.03721,41,10508.959077,-100.0,-0.7519696270793348,0
-5.747502,40,10509.640404,-100.0,-0.6855485123088539,0
-5.477617,35,10510.243266,-100.0,-0.7304539908744652,0
-5.807074,37,10510.866796,-100.0,-0.6747755923399212,0
-5.660696,33,10511.427863,-100.0,-0.6753925327504369,0
-5.748165,34,10512.011644,-100.0,-0.6751085203595598,0
-5.465981,33,10512.577633,-100.0,-0.7849390009279212,0
-5.408855,32,10513.134979,-100.0,-0.7716965339746544,0
-5.935863,33,10513.705635,-100.0,-0.689132782959615,0
-5.33368,34,10514.283795,-100.0,-0.7981106362317997,0
-5.869997,33,10514.849842,-100.0,-0.671876843583186,0
-5.566518,33,10515.408979,-100.0,-0.6432723582839985,0
-5.815693,34,10515.993575,-100.0,-0.6643403572724008,0
-5.972881,34,10516.57142,-100.0,-0.6818055865033723,0
-5.79774,36,10517.188159,-100.0,-0.7660297001814808,0
-5.495155,33,10517.756934,-100.0,-0.7782357455642089,0
-5.452492,33,10518.322451,-100.0,-0.7597447729224304,0
-5.505943,33,10518.882253,-100.0,-0.7180259507234152,0
-5.61191,34,10519.474488,-100.0,-0.7482201440447576,0
-5.576803,33,10520.031958,-100.0,-0.6851648891175669,0
-5.726456,33,10520.608105,-100.0,-0.6248140801894341,0
-5.216175,33,10521.154105,-100.0,-0.7646525383887486,0
-5.91402,33,10521.718103,-100.0,-0.7067341868313114,0
-5.50062,34,10522.300266,-100.0,-0.8006342929149801,0
-5.738715,33,10522.87676,-100.0,-0.708823700337758,0
-5.495853,33,10523.4323,-100.0,-0.6964317530558779,0
-5.592363,34,10524.017178,-100.0,-0.7304164747800229,0
-5.446567,35,10524.610081,-100.0,-0.7868431012234757,0
-6.015837,53,10525.529779,-100.0,-0.7883278693818381,0
-5.278768,33,10526.090907,-100.0,-0.7876122640509772,0
-5.171649,33,10526.651176,-100.0,-0.8469978401247376,0
-5.790897,35,10527.251449,-100.0,-0.7015427686955485,0
-5.594228,33,10527.818707,-100.0,-0.7041525330469961,0
-5.195871,32,10528.36726,-100.0,-0.8427546357253004,0
-5.843893,35,10528.957452,-100.0,-0.7557335742327009,0
-5.831193,34,10529.545736,-100.0,-0.7145109742205198,0
-5.765176,40,10530.236758,-100.0,-0.6996981111865881,0
-5.590821,41,10530.910599,-100.0,-0.7421719414719591,0
-5.486398,33,10531.482271,-100.0,-0.7764435312370946,0
-5.621758,44,10532.242662,-100.0,-0.7470112917901385,0
-5.13987,33,10532.819891,-100.0,-0.83546753226994,0
-5.954051,33,10533.387943,-100.0,-0.7767970945787306,0
-5.610559,33,10533.951008,-100.0,-0.7130912280672275,0
-5.600845,33,10534.512829,-100.0,-0.7415995278475982,0
-5.857797,34,10535.084658,-100.0,-0.6568710414413289,0
-5.595579,33,10535.652073,-100.0,-0.7348972797383856,0
-5.429404,35,10536.242086,-100.0,-0.7650697049048715,0
-5.543079,33,10536.81107,-100.0,-0.7217553658169483,0
-5.505514,32,10537.362946,-100.0,-0.8061211351058271,0
-5.776108,36,10537.976816,-100.0,-0.7590557358260119,0
-5.237358,33,10538.541981,-100.0,-0.7972093827683024,0
-5.556912,40,10539.19137,-100.0,-0.7408504235597198,0
-5.789206,34,10539.781711,-100.0,-0.6945603595848636,0
-6.096405,36,10540.392679,-100.0,-0.6813922168188298,0
-5.66219,33,10540.962468,-100.0,-0.6956990095318881,0
-5.50563,33,10541.528829,-100.0,-0.7192221597647632,0
-5.7424,33,10542.096992,-100.0,-0.6579541803408772,0
-5.534974,33,10542.664602,-100.0,-0.6759543511225172,0
-5.540412,32,10543.215344,-100.0,-0.7554407685290899,0
-5.426766,32,10668.259371,-100.0,-0.8082815846797194,0
-5.729054,38,10668.921021,-100.0,-0.713805124830527,0
-5.687209,33,10669.492413,-100.0,-0.7262863522573646,0
-5.22808,33,10670.062007,-100.0,-0.7764559437330566,0
-5.609389,33,10670.626696,-100.0,-0.6929726378977289,0
-5.801471,34,10671.212502,-100.0,-0.6580981960102388,0
-5.616663,33,10671.769236,-100.0,-0.7176563390834423,0
-5.281088,33,10672.338835,-100.0,-0.8109068234159115,0
-5.203691,32,10672.879089,-100.0,-0.8416376339523217,0
-5.762696,33,10673.440423,-100.0,-0.6388239694787272,0
-5.634291,39,10674.100185,-100.0,-0.7779016151609233,0
-5.429725,33,10674.656975,-100.0,-0.7761289645278823,0
-5.55926,33,10675.223143,-100.0,-0.6590449922653772,0
-5.331504,32,10675.777856,-100.0,-0.8144212309558392,0
-5.246379,33,10676.337971,-100.0,-0.7936626066865772,0
-5.481471,34,10676.922383,-100.0,-0.7130097670283962,0
-5.533371,33,10677.488816,-100.0,-0.7435426193174204,0
-5.325312,33,10678.04864,-100.0,-0.8254846639758042,0
-5.493364,36,10678.667021,-100.0,-0.8376428838613265,0
-5.775853,33,10679.220709,-100.0,-0.7072054091514957,0
-5.743776,35,10679.818776,-100.0,-0.7562600350121957,0
-5.644243,34,10680.403012,-100.0,-0.6165252857203217,0
-6.011408,34,10680.98151,-100.0,-0.7034809587205995,0
-5.64253,34,10681.554858,-100.0,-0.6912607693960168,0
-5.411004,33,10682.126281,-100.0,-0.7911512737644377,0
-5.269765,34,10682.716089,-100.0,-0.8548099631786101,0
-5.480477,33,10683.276231,-100.0,-0.7219796343559473,0
-5.549306,33,10683.841121,-100.0,-0.6922068739745431,0
-5.394338,32,10684.396386,-100.0,-0.7677665633677706,0
-5.750099,35,10684.98561,-100.0,-0.6964034639786202,0
-5.487989,34,10685.567034,-100.0,-0.7393754540700878,0
-5.306,32,10686.117966,-100.0,-0.8396083082946547,0
-5.431745,37,10686.745826,-100.0,-0.8290319296651623,0
-5.820101,35,10687.356219,-100.0,-0.676834206587395,0
-5.242552,33,10687.904123,-100.0,-0.8779802262891236,0
-5.649583,34,10688.492197,-100.0,-0.68260241027883,0
-5.270363,32,10689.036824,-100.0,-0.8187047965839777,0
-5.564926,34,10689.615051,-100.0,-0.6969325062573455,0
-5.174454,33,10690.177878,-100.0,-0.8481903077115585,0
-5.635133,34,10690.763981,-100.0,-0.6749438911644086,0
-5.885988,34,10691.341883,-100.0,-0.6702685260405173,0
-5.289799,33,10691.909302,-100.0,-0.8019452624146002,0
-5.430479,33,10692.464888,-100.0,-0.6592751091715948,0
-5.721031,33,10693.037275,-100.0,-0.6364703360721483,0
-5.432835,32,10693.585137,-100.0,-0.8241840422504774,0
-5.662017,33,10694.153729,-100.0,-0.6836202893729096,0
-5.423276,33,10694.712608,-100.0,-0.8073979228824707,0
-5.573118,33,10695.286558,-100.0,-0.7079187567503303,0
-5.358048,35,10695.885768,-100.0,-0.8009000708505559,0
-5.505763,33,10696.450788,-100.0,-0.7447413594632614,0
-5.603019,33,10697.017875,-100.0,-0.7230599869333811,0
-5.934463,34,10697.605214,-100.0,-0.6717739461989364,0
-5.504974,33,10698.161803,-100.0,-0.7010037304186783,0
-5.661673,35,10698.74476,-100.0,-0.6733740739096614,0
-5.5206,33,10699.310646,-100.0,-0.808034667484806,0
-5.621638,34,10699.892209,-100.0,-0.6958203213737865,0
-5.265634,32,10700.443171,-100.0,-0.8280805743827968,0
-5.396183,34,10701.025261,-100.0,-0.8245068866775401,0
-5.842632,33,10701.582404,-100.0,-0.6860678304867897,0
-5.222571,33,10702.149184,-100.0,-0.7275833188621735,0
-5.603019,33,10702.709125,-100.0,-0.7084320971517281,0
-5.407149,33,10832.946072,-100.0,-0.7995370214787179,0
-5.454954,33,10833.510709,-100.0,-0.7818264776272557,0
-5.794646,33,10834.076273,-100.0,-0.6194343636800721,0
-5.505606,33,10834.639692,-100.0,-0.7501409751669471,0
-5.23484,32,10835.197036,-100.0,-0.8894543956076599,0
-5.66966,36,10835.805172,-100.0,-0.6822117547541666,0
-5.240906,32,10836.35542,-100.0,-0.8650101989911304,0
-5.632376,34,10836.938439,-100.0,-0.6804011184214087,0
-5.831723,35,10837.522815,-100.0,-0.7182160878903924,0
-5.414531,32,10838.073234,-100.0,-0.7709061546662999,0
-5.54269,33,10838.633742,-100.0,-0.6667040825717762,0
-5.36338,32,10839.171584,-100.0,-0.8306111439301971,0
-5.365673,33,10839.73463,-100.0,-0.7939639086249505,0
-5.690985,36,10840.35969,-100.0,-0.6783404440441969,0
-5.313078,32,10840.898827,-100.0,-0.8222438034589552,0
-5.329164,34,10841.47239,-100.0,-0.8297072684081276,0
-5.604406,34,10842.054312,-100.0,-0.7125199980966344,0
-5.449186,36,10842.88998,-100.0,-0.8067830496979328,0
-5.849262,33,10843.456532,-100.0,-0.6461052593006136,0
-5.340187,33,10844.023009,-100.0,-0.8039051006833037,0
-5.321112,33,10844.586204,-100.0,-0.7559265442397896,0
-5.339965,33,10845.153924,-100.0,-0.7675957552655035,0
-5.806319,35,10845.752595,-100.0,-0.7325264574445568,0
-5.204837,33,10846.329576,-100.0,-0.7849512830660684,0
-5.711914,34,10846.905849,-100.0,-0.6169172903772175,0
-5.124152,32,10847.454175,-100.0,-0.8323599024716276,0
-5.476292,33,10848.025205,-100.0,-0.7184170676258786,0
-5.195951,32,10848.576223,-100.0,-0.8813720914298014,0
-5.549488,33,10849.131262,-100.0,-0.6980609334131574,0
-5.476893,33,10849.697663,-100.0,-0.765964194339876,0
-5.463454,34,10850.281375,-100.0,-0.7692985358997939,0
-5.790566,34,10850.860777,-100.0,-0.7146708498456555,0
-6.064011,35,10851.461223,-100.0,-0.6563434681492623,0
-5.284057,32,10852.019268,-100.0,-0.9000472428257948,0
-5.375709,33,10852.582,-100.0,-0.7512999645719023,0
-5.521483,33,10853.147466,-100.0,-0.6921524448849955,0
-5.703104,33,10853.707226,-100.0,-0.7017418683424227,0
-5.642983,34,10854.290974,-100.0,-0.7292927220402498,0
-5.6378,34,10854.867509,-100.0,-0.6813587636436211,0
-5.14813,33,10855.439689,-100.0,-0.7954110998513818,0
-5.519001,33,10856.004407,-100.0,-0.7969605901638761,0
-5.753235,33,10856.568611,-100.0,-0.6009638312875385,0
-5.439049,34,10857.144592,-100.0,-0.714104175111447,0
-5.857458,33,10857.704959,-100.0,-0.7279648348415089,0
-5.722896,34,10858.29066,-100.0,-0.6723503368269969,0
-5.413882,33,10858.857802,-100.0,-0.7737281987692926,0
-5.320183,33,10859.423917,-100.0,-0.8307345879517923,0
-5.269605,32,10859.965924,-100.0,-0.7941436318302838,0
-5.268123,33,10860.530582,-100.0,-0.8013782264671871,0
-5.938409,32,10861.078071,-100.0,-0.6584125661051909,0
-5.663263,34,10861.654105,-100.0,-0.6631909414392466,0
-5.216344,33,10862.211232,-100.0,-0.8439357407099313,0
-5.638014,34,10862.794199,-100.0,-0.7146650057719914,0
-5.571382,33,10863.357262,-100.0,-0.7136890438627764,0
-5.912563,34,10863.938668,-100.0,-0.6746686939042232,0
-5.763111,33,10864.501598,-100.0,-0.6620107512982351,0
-5.4083,32,10865.042475,-100.0,-0.8087377693303746,0
-5.202952,33,10865.613968,-100.0,-0.772243749831079,0
-5.238873,33,10866.173031,-100.0,-0.6926664000569728,0
-5.255787,34,10866.746019,-100.0,-0.8336299386734379,0
-5.584599,33,10867.30452,-100.0,-0.676295405719513,0
-5.537168,35,11001.405514,-100.0,-0.7595663501057763,0
-5.824107,35,11001.992487,-100.0,-0.6911449886987912,0
-5.357488,33,11002.554235,-100.0,-0.7414980135113577,0
-5.630122,35,11003.13951,-100.0,-0.7323292273639626,0
-5.720321,32,11003.683787,-100.0,-0.7601231995418684,0
-5.556432,33,11004.239955,-100.0,-0.7221380246920239,0
-5.536065,33,11004.808182,-100.0,-0.7553717179619966,0
-5.451083,35,11005.406438,-100.0,-0.7649353784754573,0
-5.58971,33,11005.964378,-100.0,-0.6984785400542203,0
-5.449095,33,11006.525476,-100.0,-0.7909450164117698,0
-5.545889,33,11007.092448,-100.0,-0.7032773896048695,0
-5.42198,33,11007.666425,-100.0,-0.7873554357292072,0
-5.315135,33,11008.22506,-100.0,-0.8087706091641558,0
-5.672318,34,11008.806241,-100.0,-0.6631413496318606,0
-5.641966,34,11009.382908,-100.0,-0.6832687716252002,0
-5.376453,32,11009.929931,-100.0,-0.7606897728113431,0
-5.54646,33,11010.482687,-100.0,-0.6586260463376343,0
-5.548131,34,11011.071322,-100.0,-0.7097858794470056,0
-5.719814,40,11011.741397,-100.0,-0.6507214644105027,0
-5.221157,32,11012.291934,-100.0,-0.8103237299495715,0
-5.446559,34,11012.872492,-100.0,-0.7643366225926082,0
-5.536241,33,11013.427579,-100.0,-0.699063884612007,0
-5.727771,34,11014.017078,-100.0,-0.6696446372889946,0
-5.382795,32,11014.564269,-100.0,-0.7858828400198284,0
-5.312481,33,11015.127112,-100.0,-0.7868517439903986,0
-5.701243,33,11015.682672,-100.0,-0.6852015533055482,0
-5.628442,33,11016.249786,-100.0,-0.6561200948187043,0
-5.517631,32,11016.787665,-100.0,-0.804145175190759,0
-5.464079,33,11017.351434,-100.0,-0.764750348730973,0
-5.36128,32,11017.894719,-100.0,-0.8061839281570966,0
-5.138978,32,11018.440493,-100.0,-0.8543816460601814,0
-5.491852,32,11018.988404,-100.0,-0.7887736201239646,0
-5.098603,32,11019.533114,-100.0,-0.8777371995825194,0
-6.172545,36,11020.144102,-100.0,-0.769707898984283,0
-5.354976,32,11020.698501,-100.0,-0.7205888988353008,0
-5.370429,35,11021.289672,-100.0,-0.6876988924011943,0
-5.422059,33,11021.855424,-100.0,-0.7706680552301871,0
-5.662405,36,11022.46582,-100.0,-0.7318086100108588,0
-5.479689,33,11023.02637,-100.0,-0.6908290239361546,0
-5.08927,32,11023.574835,-100.0,-0.867173065990184,0
-5.469969,34,11024.153992,-100.0,-0.7284466041411928,0
-5.310162,33,11024.714801,-100.0,-0.7120749900821551,0
-5.266435,33,11025.285066,-100.0,-0.8404888915100726,0
-5.440298,33,11025.843933,-100.0,-0.7398530206968106,0
-5.306462,33,11026.408664,-100.0,-0.7956799203367578,0
-5.751322,33,11026.966968,-100.0,-0.6693817164187049,0
-5.408473,33,11027.527708,-100.0,-0.7527594349639846,0
-5.727273,34,11028.10754,-100.0,-0.6763364166500369,0
-5.324441,33,11028.669601,-100.0,-0.8357312858725064,0
-5.199948,38,11029.312073,-100.0,-0.7772340904503342,0
-5.460576,33,11029.871636,-100.0,-0.7022633478590116,0
-5.507993,33,11030.438091,-100.0,-0.6776025564082111,0
-5.436262,33,11031.003403,-100.0,-0.7380041828420554,0
-5.656378,33,11031.564756,-100.0,-0.6918547217684757,0
-5.311863,33,11032.115663,-100.0,-0.7658334918032882,0
-5.433326,33,11032.684395,-100.0,-0.7147257789340412,0
-5.687666,33,11033.251303,-100.0,-0.6140707619299507,0
-5.755558,34,11033.824137,-100.0,-0.7048790037992152,0
-5.637675,33,11034.392382,-100.0,-0.6523884652502987,0
-5.190117,32,11034.943768,-100.0,-0.8389954157651289,0
-5.314395,34,11035.525016,-100.0,-0.7439036333858139,0
-5.242878,35,11036.117551,-100.0,-0.7575865122122071,0
-5.508687,33,11174.062236,-100.0,-0.75674557172729,0
-5.70746,33,11174.633283,-100.0,-0.6870375173599048,0
-5.376452,33,11175.201035,-100.0,-0.7695903477203695,0
-5.458677,34,11175.789862,-100.0,-0.7282134820138464,0
-5.317864,33,11176.354679,-100.0,-0.8141968542149409,0
-5.347104,33,11176.933181,-100.0,-0.7124189731786283,0
-5.759427,35,11177.527231,-100.0,-0.721682203568693,0
-5.690811,33,11178.097758,-100.0,-0.6840183988665247,0
-5.623777,33,11178.668981,-100.0,-0.7108143596633832,0
-5.203587,33,11179.241417,-100.0,-0.8462015520319233,0
-5.23775,33,11179.806518,-100.0,-0.7673134455220393,0
-5.301459,32,11180.367115,-100.0,-0.8497809301236748,0
-5.352132,32,11180.917764,-100.0,-0.7485420855126156,0
-5.766284,33,11181.493944,-100.0,-0.693157187084932,0
-5.566295,34,11182.076444,-100.0,-0.7256735325504384,0
-5.267188,33,11182.650411,-100.0,-0.7965708805670622,0
-5.91017,34,11183.241184,-100.0,-0.6711846827069652,0
-5.402328,32,11183.793255,-100.0,-0.8341631489376579,0
-5.564054,33,11184.365957,-100.0,-0.6659713584381586,0
-5.470098,34,11184.939825,-100.0,-0.74823911801545,0
-5.490013,33,11185.518184,-100.0,-0.8010540007535716,0
-5.461658,33,11186.087937,-100.0,-0.7242613544709053,0
-5.360296,32,11186.640303,-100.0,-0.8173004769271288,0
-5.14418,32,11187.203627,-100.0,-0.8758080130665524,0
-5.556882,38,11187.844964,-100.0,-0.7199099102363596,0
-5.610562,33,11188.417078,-100.0,-0.7037581710294494,0
-5.635216,33,11188.991117,-100.0,-0.6820586343919175,0
-5.590454,35,11189.588885,-100.0,-0.7076684537889723,0
-5.249809,33,11190.145125,-100.0,-0.7669778214341235,0
-5.440342,34,11190.727398,-100.0,-0.689181971035803,0
-5.476788,40,11191.392744,-100.0,-0.7665836094102871,0
-5.203156,32,11191.947974,-100.0,-0.9155799283118585,0
-5.184759,32,11192.491826,-100.0,-0.7466537293823081,0
-5.249312,32,11193.0439,-100.0,-0.8679744986058239,0
-5.561368,33,11193.616285,-100.0,-0.685289325498472,0
-5.542991,33,11194.178235,-100.0,-0.649575591282889,0
-5.988944,34,11194.756892,-100.0,-0.6968347833045085,0
-5.193211,33,11195.312688,-100.0,-0.8092063220627052,0
-5.646533,33,11195.879309,-100.0,-0.7055517934371398,0
-5.770272,32,11196.424154,-100.0,-0.7391582798750089,0
-5.51391,33,11196.98561,-100.0,-0.7125785444073182,0
-5.165012,33,11197.555925,-100.0,-0.8043164840596982,0
-5.590138,32,11198.102317,-100.0,-0.8151192412357211,0
-5.33838,33,11198.669807,-100.0,-0.7836739491733914,0
-5.337969,32,11199.215737,-100.0,-0.7972917515828065,0
-5.132747,32,11199.775279,-100.0,-0.8901090486378357,0
-5.327698,33,11200.335269,-100.0,-0.7808906551823183,0
-5.606365,33,11200.906538,-100.0,-0.7157597443701257,0
-5.535694,33,11201.468465,-100.0,-0.781284891669741,0
-5.269201,32,11202.020065,-100.0,-0.8131418242073559,0
-5.836835,33,11202.586687,-100.0,-0.6875846140592696,0
-5.609052,34,11203.168471,-100.0,-0.6937004679892987,0
-5.09086,32,11203.718708,-100.0,-0.8676834553927073,0
-5.351544,33,11204.28091,-100.0,-0.7836177938918356,0
-5.074574,33,11204.847314,-100.0,-0.795977799475476,0
-5.79366,39,11205.498919,-100.0,-0.6774905068098408,0
-5.673885,33,11206.066759,-100.0,-0.6999771145539849,0
-5.57352,33,11206.628746,-100.0,-0.6592245764609616,0
-5.355688,33,11207.199495,-100.0,-0.7046941942293027,0
-5.726527,34,11207.772179,-100.0,-0.6935537553071689,0
-5.716088,33,11208.335221,-100.0,-0.7227620413316173,0
-5.670487,33,11344.060314,-100.0,-0.7162511966811941,0
-5.906499,34,11344.632423,-100.0,-0.6874870802090163,0
-5.760723,33,11345.199058,-100.0,-0.6840719748528015,0
-5.494554,34,11345.764215,-100.0,-0.7519696493374288,0
-5.665296,35,11346.366054,-100.0,-0.8471991313798704,0
-5.36683,38,11347.019676,-100.0,-0.8150868019054289,0
-5.414026,33,11347.587978,-100.0,-0.737643740842413,0
-5.326808,32,11348.336191,-100.0,-0.836348751928735,0
-5.263073,33,11348.893151,-100.0,-0.8035030434880955,0
-5.5995,33,11349.46083,-100.0,-0.6837092850986153,0
-5.462411,33,11350.027487,-100.0,-0.7293396081651345,0
-5.122697,33,11350.594851,-100.0,-0.8003898808325179,0
-5.251448,33,11351.156086,-100.0,-0.7732105048921942,0
-5.581825,33,11351.723393,-100.0,-0.7342293543485057,0
-5.55042,39,11352.371367,-100.0,-0.7347255147688124,0
-5.496613,33,11352.945596,-100.0,-0.7050863065630937,0
-5.763253,38,11353.570271,-100.0,-0.7210523452879762,0
-5.715667,33,11354.131954,-100.0,-0.6440282792610812,0
-5.232982,32,11354.687315,-100.0,-0.8293274622795329,0
-5.943564,33,11355.246146,-100.0,-0.702110119326071,0
-5.537472,33,11355.81108,-100.0,-0.7319666390492104,0
-5.439389,32,11356.367317,-100.0,-0.8038566619233394,0
-5.270673,33,11356.923657,-100.0,-0.8168566052661674,0
-5.531313,33,11357.489281,-100.0,-0.7525094705644875,0
-5.61391,33,11358.050133,-100.0,-0.6206511710207225,0
-5.211625,33,11358.614614,-100.0,-0.8254683323516967,0
-5.338107,32,11359.163665,-100.0,-0.8807250569366437,0
-5.651484,33,11359.728604,-100.0,-0.6383003948632648,0
-5.242041,32,11360.272133,-100.0,-0.7880714202573572,0
-5.87695,35,11360.871098,-100.0,-0.711358527549936,0
-5.77449,34,11361.442721,-100.0,-0.695473980490224,0
-5.421568,33,11362.004138,-100.0,-0.698760036554931,0
-5.549506,33,11362.56871,-100.0,-0.6583492338888792,0
-5.653598,33,11363.135678,-100.0,-0.640274682919716,0
-5.625407,33,11363.695585,-100.0,-0.6219389961668356,0
-5.862421,34,11364.275442,-100.0,-0.6656638194338075,0
-5.488435,32,11364.817705,-100.0,-0.769988920756368,0
-5.525561,34,11365.399375,-100.0,-0.7778269550490714,0
-5.463588,33,11365.96498,-100.0,-0.7751632395287741,0
-5.442747,33,11366.521544,-100.0,-0.6923892857041698,0
-5.221067,32,11367.066995,-100.0,-0.8601890048090718,0
-5.182099,33,11367.628437,-100.0,-0.8487587761984657,0
-5.310257,32,11368.17761,-100.0,-0.8095417272028402,0
-5.802059,33,11368.732596,-100.0,-0.6757945312855842,0
-5.179911,35,11369.327785,-100.0,-0.8003549168826609,0
-5.7297,33,11369.883657,-100.0,-0.7270125167635062,0
-5.170001,32,11370.440554,-100.0,-0.8126162518966917,0
-5.436114,33,11371.001637,-100.0,-0.7375884866569608,0
-5.261737,33,11371.557843,-100.0,-0.7837933628330741,0
-5.757861,33,11372.125998,-100.0,-0.694573836063997,0
-5.412559,33,11372.686393,-100.0,-0.7090198941849417,0
-5.679733,34,11373.254432,-100.0,-0.6294100893581548,0
-5.438607,33,11373.816789,-100.0,-0.7479685537066082,0
-5.263583,32,11374.37096,-100.0,-0.7904757734559863,0
-5.544371,34,11374.941661,-100.0,-0.692472766903852,0
-5.667324,33,11375.508429,-100.0,-0.7004299693997172,0
-5.473406,33,11376.067477,-100.0,-0.6997626423656836,0
-5.77846,34,11376.645855,-100.0,-0.6863844776232468,0
-5.89103,34,11377.219116,-100.0,-0.6946014805810304,0
-5.128384,32,11377.769615,-100.0,-0.8528801798325946,0
-5.171262,32,11378.31411,-100.0,-0.8736837578278976,0
-5.248938,33,11378.875004,-100.0,-0.8288741335430991,0
