#{"t_start": 1782853650.1151543, "env_id": "BipedalWalker-v3"}
r,l,t,original_env_reward,generated_reward,reward_error_count
-83.256792,99,3.481641,-100.0,-1.339382475734403,0
-239.024316,551,11.049965,-100.0,-2.23512634993844,0
-15.060105,46,11.678329,-100.0,-0.706585494646676,0
-15.28414,68,12.604147,-100.0,-0.9848860655734413,0
-413.476841,1600,175.913929,0.08218936045964441,-0.31419768181620267,0
-280.382255,1600,199.611077,-0.10767095112800598,-0.1317845118320225,0
-14.455599,74,200.704237,-100.0,-0.9604959002328504,0
-261.744578,1600,346.297919,-0.16667701089382173,-0.22059617429119888,0
-54.287367,87,347.493225,-100.0,-1.6442538772630044,0
-37.687749,50,348.17824,-100.0,-1.5108091768601286,0
-17.646661,59,348.985736,-100.0,-0.8001964179256839,0
-14.662636,66,349.8871,-100.0,-0.7245905882364044,0
-257.58447,1600,492.051769,-0.09102768943707266,-0.10714780615078123,0
-25.086549,71,493.032726,-100.0,-1.2738579523563387,0
-12.161374,44,493.636177,-100.0,-0.7587624149842114,0
-15.41057,55,494.391858,-100.0,-0.9349278092540482,0
-19.435434,55,495.146509,-100.0,-0.6914165099391828,0
-210.342187,1600,636.218615,-0.17655504619578283,-0.21452985931555454,0
-23.987618,51,636.924965,-100.0,-0.6268738220037601,0
-28.240217,65,637.82692,-100.0,-0.8173663284753028,0
-193.687545,1600,780.119988,-0.08130805054306983,-0.03714521903514563,0
-176.036315,1600,921.427376,0.026027691483497623,-0.09501287720724602,0
-253.618131,1600,943.721316,0.0019560067256244405,-0.19314269371101978,0
-36.772623,69,944.692837,-100.0,-1.0520419996399946,0
-15.387269,87,1066.366114,-100.0,-0.6569990442212941,0
-171.064175,1600,1088.771169,-0.09029221975803375,-0.10086446364139678,0
-12.17962,46,1089.41317,-100.0,-0.8061952712442535,0
-161.193819,1600,1229.270337,-0.05911721922954161,-0.09773858856619622,0
-8.654103,51,1229.982831,-100.0,-0.7548178116732914,0
-141.874357,1600,1369.571812,-0.055081487591065584,-0.07116620144795414,0
-233.880456,1600,1508.552241,-0.08558036406834446,-0.11461540999795808,0
-161.793816,1600,1531.10976,-0.06618876880407333,-0.09995617973307397,0
-11.967855,59,1651.945901,-100.0,-0.25159445963559923,0
-15.971902,80,1653.070752,-100.0,-0.7757968925977278,0
-139.549007,1600,1675.446809,-0.01320509120821953,-0.09901050488295157,0
-13.027842,83,1676.609467,-100.0,-0.6222160070800589,0
-14.090701,41,1677.188934,-100.0,-0.8047052127266381,0
-28.376538,98,1678.557018,-100.0,-0.668934462013167,0
-14.152492,63,1679.447069,-100.0,-0.6628745180055766,0
-129.480827,1600,1819.969613,0.12005515001218,0.01953376949015399,0
-15.07795,65,1820.876878,-100.0,-0.7104452808068583,0
-13.440379,66,1821.796551,-100.0,-0.8695590518016615,0
-11.069568,43,1822.389776,-100.0,-0.6895815533720853,0
-125.99665,1600,1963.342875,-0.07415141894420225,-0.06760536681099838,0
-20.275383,58,1964.226793,-100.0,-0.6755956982053458,0
-11.412899,84,1965.512034,-100.0,-0.6722381373002677,0
-16.120121,55,1966.343298,-100.0,-0.452632399855073,0
-116.491075,1600,2104.617098,-0.08564142272373276,-0.0808532608999337,0
-16.086167,99,2106.005837,-100.0,-0.3098906867244131,0
-113.087256,1600,2242.912743,-0.02647103216250974,-0.0671525376344614,0
-9.194809,45,2243.538155,-100.0,-0.2596203860657847,0
-16.717876,71,2244.526431,-100.0,-0.4635880771832082,0
-11.310249,61,2245.374631,-100.0,-0.7855899078994334,0
-21.224158,107,2246.843678,-100.0,-0.3139980837461055,0
-12.033623,64,2247.715948,-100.0,-0.6966073499990035,0
-10.990687,56,2248.472988,-100.0,-0.6785524550869364,0
-107.431581,1600,2389.429476,-0.055173867632940646,-0.033083431383655534,0
-15.010624,98,2390.777995,-100.0,-0.18540624436610276,0
-119.501903,1600,2507.235102,-0.05912040636688471,-0.0589563617638582,0
-12.811943,62,2508.084933,-100.0,-0.7560944299703924,0
-11.268829,52,2508.780899,-100.0,-0.6476974557004378,0
-10.146256,57,2509.552474,-100.0,-0.2723337191610069,0
-92.279212,1600,2531.362145,-0.05542166831716895,-0.012878767915727308,0
-18.28714,127,2626.233478,-100.0,-0.8630681049093787,0
-14.734538,92,2627.513706,-100.0,-0.7123177264936399,0
-88.403026,1600,2649.367683,-0.06508495391160249,-0.03685797942050553,0
-10.999475,64,2650.251172,-100.0,-0.6824933421280618,0
-16.034923,62,2651.09423,-100.0,-0.40609980755065106,0
-10.673787,68,2652.02946,-100.0,-0.6692327405796462,0
-10.452118,69,2746.070259,-100.0,-0.6744553647885678,0
-19.110294,127,2747.816199,-100.0,-0.368481990666044,0
-9.002594,50,2748.515916,-100.0,-0.7156405389602782,0
-8.428626,45,2749.140129,-100.0,-0.6476041578945497,0
-11.20177,41,2749.722545,-100.0,-0.8705353483983098,0
-12.958091,59,2750.554061,-100.0,-0.7063325774329696,0
-13.61399,65,2751.441374,-100.0,-0.6361042481430813,0
-14.029675,47,2752.088634,-100.0,-0.504760091083501,0
-11.223085,60,2752.917915,-100.0,-0.8036585731892905,0
-11.8866,48,2753.572717,-100.0,-0.5232323392711241,0
-10.428354,59,2754.396832,-100.0,-0.6904905287963067,0
-12.536216,51,2755.115322,-100.0,-0.21722846864330145,0
-16.099265,63,2755.967368,-100.0,-0.38926328103905233,0
-8.618487,41,2756.526736,-100.0,-0.6883728669833941,0
-17.826584,97,2757.887812,-100.0,-0.6225964462558127,0
-11.26928,61,2758.723891,-100.0,-0.7981090509184401,0
-14.387965,107,2760.193151,-100.0,-0.8329358995282407,0
-10.417803,63,2761.057628,-100.0,-0.6291537781869945,0
-13.187436,64,2761.94467,-100.0,-0.6659320867653616,0
-13.287098,79,2763.054463,-100.0,-0.6771169776125395,0
-11.741215,70,2764.016922,-100.0,-0.6506389391374912,0
-11.287503,63,2764.900229,-100.0,-0.7294435580482559,0
-7.871851,47,2765.555501,-100.0,-0.7918458310193534,0
-11.159474,64,2766.444812,-100.0,-0.6465221727537672,0
-14.132086,67,2767.380108,-100.0,-0.29521765607655365,0
-10.270238,50,2768.068734,-100.0,-0.2606799941048129,0
-11.457376,53,2768.808825,-100.0,-0.980270439410882,0
-12.696335,88,2770.017441,-100.0,-0.8883446453141564,0
-9.54628,66,2770.916913,-100.0,-0.7132163900310767,0
-10.984297,50,2771.620378,-100.0,-0.7874384676103748,0
-8.299397,48,2772.277733,-100.0,-0.7281262945264664,0
-10.253282,61,2773.129033,-100.0,-0.7933939288917018,0
-9.841461,54,2773.883382,-100.0,-0.6063134384068667,0
-17.463077,60,2893.671674,-100.0,-0.4900759602861531,0
-20.646643,99,2895.046854,-100.0,-0.572308420080351,0
-13.602648,93,2896.37508,-100.0,-0.6167812599045824,0
-12.972319,50,2897.060041,-100.0,-0.31055354306303534,0
-14.359516,67,2898.004281,-100.0,-0.36442450572079976,0
-11.697882,63,2898.874191,-100.0,-0.9633069761327357,0
-14.260202,63,2899.786888,-100.0,-0.34496603232562995,0
-9.841208,55,2900.562443,-100.0,-0.3180840217759565,0
-18.789249,107,2902.050275,-100.0,-0.2444323113595808,0
-14.231469,104,2903.518245,-100.0,-0.7260934885504864,0
-15.3276,76,2904.578244,-100.0,-0.26257643090824245,0
-19.217769,116,2906.201391,-100.0,-0.28828791643283813,0
-14.56117,43,2906.809572,-100.0,-0.4632486734853265,0
-12.688639,106,2908.319092,-100.0,-0.7775659806547415,0
-10.233648,67,2909.282295,-100.0,-0.7852009037470109,0
-10.640803,70,2910.254421,-100.0,-0.6287021117586781,0
-8.239,45,2910.914133,-100.0,-0.24433286314674837,0
-71.165756,1600,3049.573093,-0.05687537178397179,-0.04635616504118517,0
-8.544962,44,3050.220372,-100.0,-0.6721810129626529,0
-10.980517,69,3051.207502,-100.0,-0.8685327827691068,0
-11.720784,58,3052.041036,-100.0,-0.2326923090226456,0
-14.734728,84,3053.271646,-100.0,-0.18847502157952417,0
-10.131184,57,3054.078179,-100.0,-0.6091682851537109,0
-18.076396,110,3055.657156,-100.0,-0.235400696726416,0
-10.480865,47,3056.317852,-100.0,-0.7179704697262973,0
-9.953379,67,3057.278533,-100.0,-0.741939979944618,0
-11.237293,46,3057.941419,-100.0,-0.6757330597067515,0
-18.442917,115,3059.592607,-100.0,-0.34860500541396594,0
-15.787701,63,3060.511006,-100.0,-0.26923322873803224,0
-12.90006,73,3061.56355,-100.0,-0.1590862304059045,0
-11.729488,62,3062.454225,-100.0,-0.6053215645363579,0
-9.553992,54,3063.24984,-100.0,-0.655515471175124,0
-12.030272,61,3064.111367,-100.0,-0.6788799300164776,0
-13.794077,66,3065.066447,-100.0,-0.22274333187587772,0
-8.295504,40,3065.639255,-100.0,-0.715177736283139,0
-8.728882,46,3066.318246,-100.0,-0.6710313909765346,0
-15.365525,107,3184.163387,-100.0,-0.5993103004305887,0
-10.234468,67,3185.130462,-100.0,-0.7242803133453504,0
-15.376815,82,3186.326812,-100.0,-0.2802093173910374,0
-8.96876,75,3187.436636,-100.0,-0.19648222979662494,0
-11.684356,71,3188.468241,-100.0,-0.2127494496697578,0
-10.454404,84,3189.680775,-100.0,-0.6611564763718285,0
-12.805814,82,3190.896562,-100.0,-0.18027290280158864,0
-7.375359,43,3191.5291,-100.0,-0.7508056445810578,0
-11.491797,76,3192.625668,-100.0,-0.6637699182121299,0
-14.658478,92,3193.981009,-100.0,-0.5500997648971181,0
-19.390924,68,3194.951559,-100.0,-0.5096191154946167,0
-12.817869,59,3195.797238,-100.0,-0.6396021572748102,0
-8.87842,62,3196.679649,-100.0,-0.27053961079136624,0
-11.699893,57,3197.53143,-100.0,-0.6194933961523618,0
-9.001697,51,3198.281338,-100.0,-0.717022342104419,0
-11.60087,47,3198.951415,-100.0,-0.19844242211908344,0
-15.625809,95,3200.355617,-100.0,-0.1968198626383524,0
-13.318712,49,3201.063722,-100.0,-0.4713663827892481,0
-10.400177,68,3202.074661,-100.0,-0.6140741924348838,0
-14.031605,88,3203.362435,-100.0,-0.6783004259286692,0
-9.78298,61,3204.256323,-100.0,-0.6453308107133083,0
-10.65491,57,3205.085276,-100.0,-0.6583221670845663,0
-10.260152,61,3205.993695,-100.0,-0.6813312128829473,0
-19.379505,122,3207.767056,-100.0,-0.6505110445187319,0
-11.888367,69,3208.746534,-100.0,-0.660353295704281,0
-10.599525,62,3209.661029,-100.0,-0.7758655969577756,0
-13.292904,45,3210.333932,-100.0,-0.47503098729975135,0
-8.460205,43,3210.94945,-100.0,-0.571627128303646,0
-7.04152,40,3211.548289,-100.0,-0.7280655375467184,0
-10.915959,79,3212.679475,-100.0,-0.7561280795058933,0
-20.285355,108,3331.566846,-100.0,-0.17755259346900729,0
-16.115159,129,3333.439483,-100.0,-0.19464750610057618,0
-11.047615,50,3334.1825,-100.0,-0.6768881561665503,0
-9.340508,48,3334.895757,-100.0,-0.22984275775798935,0
-8.133608,44,3335.540114,-100.0,-0.6334596016262025,0
-7.863461,39,3336.100589,-100.0,-0.14480854050985648,0
-11.428707,108,3337.708168,-100.0,-0.7206729623778081,0
-12.791198,64,3338.648453,-100.0,-0.31585085113531836,0
-10.535083,70,3339.661972,-100.0,-0.7489246984366434,0
-9.947025,58,3340.512574,-100.0,-0.6402410635479312,0
-8.781871,80,3341.68682,-100.0,-0.7213333241833757,0
-10.518405,54,3342.474131,-100.0,-0.7358142830473007,0
-10.251957,64,3343.411103,-100.0,-0.6600206112359852,0
-13.803902,62,3344.337583,-100.0,-0.3301129766262341,0
-10.592336,74,3345.438777,-100.0,-0.7215967330648291,0
-8.112096,46,3346.1086,-100.0,-0.6849429947407606,0
-9.350237,52,3346.890879,-100.0,-0.6683134848782308,0
-8.967878,54,3347.681709,-100.0,-0.7324927012821929,0
-8.736463,49,3348.394141,-100.0,-0.6738276572511699,0
-10.556263,53,3349.179148,-100.0,-0.6404895536186456,0
-12.918443,88,3350.448264,-100.0,-0.7659952172251837,0
-12.789305,112,3352.0884,-100.0,-0.6775191018279407,0
-14.69081,102,3353.58708,-100.0,-0.6735831922030966,0
-18.508172,82,3354.794783,-100.0,-0.5331709889900477,0
-12.977985,50,3355.519252,-100.0,-0.35145469908138716,0
-9.390814,49,3356.217953,-100.0,-0.6848786237391263,0
-17.61712,94,3357.599577,-100.0,-0.31083007690650966,0
-11.011324,69,3358.595731,-100.0,-0.7695478327241725,0
-9.236219,47,3359.285634,-100.0,-0.7536916172047505,0
-13.700272,58,3360.130076,-100.0,-0.3319642513697402,0
-11.864849,59,3476.594349,-100.0,-0.6220000130330191,0
-9.105828,59,3477.454881,-100.0,-0.7075783335870398,0
-8.752754,50,3478.171495,-100.0,-0.7020980416206575,0
-9.896093,67,3479.144433,-100.0,-0.6681463455483927,0
-11.007603,75,3480.253744,-100.0,-0.6715124910501246,0
-12.031137,54,3481.030912,-100.0,-0.40603136223785014,0
-14.254123,82,3482.224577,-100.0,-0.2966681808311406,0
-8.690936,53,3482.996679,-100.0,-0.7120617332857067,0
-10.249089,85,3484.255749,-100.0,-0.739181478657267,0
-7.587889,42,3484.867292,-100.0,-0.6556687032123344,0
-8.448782,52,3485.628902,-100.0,-0.7042144886820145,0
-9.933431,57,3486.467204,-100.0,-0.7111230201330084,0
-9.479764,58,3487.316123,-100.0,-0.6642537980635138,0
-8.426314,40,3487.917857,-100.0,-0.6832765853602198,0
-11.709885,82,3489.100806,-100.0,-0.6553619300412284,0
-9.871692,63,3490.035988,-100.0,-0.2712432261775934,0
-13.897668,103,3491.5646,-100.0,-0.731534743804845,0
-10.747225,53,3492.347081,-100.0,-0.21749346841126685,0
-8.21172,50,3493.087811,-100.0,-0.8084194324867344,0
-9.453188,77,3494.216686,-100.0,-0.7741042071406915,0
-12.413949,80,3495.395063,-100.0,-0.795038463051841,0
-9.377828,56,3496.232087,-100.0,-0.6794852730949017,0
-8.684305,56,3497.059173,-100.0,-0.6844006112155518,0
-8.991898,48,3497.763773,-100.0,-0.6238937072750043,0
-11.145895,73,3498.837643,-100.0,-0.8435179286193767,0
-9.377105,48,3499.557591,-100.0,-0.7268876937501674,0
-9.577338,57,3500.390657,-100.0,-0.7142597019768989,0
-9.827168,67,3501.391313,-100.0,-0.6730321663669281,0
-7.704774,47,3502.083391,-100.0,-0.7094940298853525,0
-7.488005,49,3502.829158,-100.0,-0.7146948828523886,0
-7.832795,45,3503.475427,-100.0,-0.7424783325315115,0
-10.789739,72,3504.551495,-100.0,-0.7481445025796936,0
-8.255097,51,3505.304868,-100.0,-0.6061721390759869,0
-7.976345,54,3506.092928,-100.0,-0.608013794925019,0
-8.848408,40,3625.758296,-100.0,-0.5997185038897589,0
-8.739996,65,3626.721075,-100.0,-0.6276385608587003,0
-7.949483,51,3627.474054,-100.0,-0.6466731468901891,0
-8.823598,56,3628.299722,-100.0,-0.7592638421336181,0
-7.844658,45,3628.977001,-100.0,-0.6372128157901585,0
-8.169407,55,3629.787849,-100.0,-0.6485629666294506,0
-11.703601,76,3630.932213,-100.0,-0.18362877722304904,0
-9.820134,54,3631.710752,-100.0,-0.7490173074061717,0
-6.975259,41,3632.327549,-100.0,-0.6729063802107543,0
-8.746177,57,3633.167021,-100.0,-0.6971471987578456,0
-14.088295,97,3634.589331,-100.0,-0.7125996203019815,0
-8.905621,58,3635.457478,-100.0,-0.6736891455305037,0
-8.444759,49,3636.209821,-100.0,-0.6806458167671556,0
-7.450899,44,3636.859418,-100.0,-0.7506669720959726,0
-8.101476,44,3637.519193,-100.0,-0.6639711106725601,0
-11.994988,82,3638.734481,-100.0,-0.5922355195119616,0
-7.954331,55,3639.537237,-100.0,-0.3730433724197874,0
-8.862658,62,3640.467284,-100.0,-0.6688653611774164,0
-7.313467,47,3641.174813,-100.0,-0.6723166826002951,0
-8.285344,41,3641.781956,-100.0,-0.6564734872825307,0
-9.231163,49,3642.528004,-100.0,-0.8081124002248362,0
-9.235311,62,3643.447795,-100.0,-0.6177470347775121,0
-7.975864,49,3644.159165,-100.0,-0.7144732976167727,0
-11.078789,69,3645.205665,-100.0,-0.14232414599687654,0
-9.224781,38,3645.778131,-100.0,-0.5630835707116892,0
-8.264049,55,3646.592677,-100.0,-0.6706598509469118,0
-8.088073,48,3647.294918,-100.0,-0.653621669205418,0
-8.796793,67,3648.317486,-100.0,-0.7041184304903817,0
-8.860617,46,3648.999652,-100.0,-0.712856473043329,0
-8.159197,56,3649.834111,-100.0,-0.7378489875040374,0
-10.377269,76,3650.972923,-100.0,-0.8093988380013946,0
-10.565259,83,3652.205703,-100.0,-0.70819832852655,0
-10.440706,53,3652.983488,-100.0,-0.6767878951709487,0
-9.17785,52,3653.746353,-100.0,-0.7076925538749086,0
-10.686649,76,3654.896938,-100.0,-0.6517758256729443,0
-7.617596,49,3655.638436,-100.0,-0.7053538402054468,0
-8.246955,56,3772.325328,-100.0,-0.6158116171693411,0
-8.623688,56,3773.180437,-100.0,-0.36632854503699486,0
-8.449316,54,3773.977095,-100.0,-0.7916704697406408,0
-7.615057,40,3774.601823,-100.0,-0.6389609181574074,0
-8.745583,60,3775.508961,-100.0,-0.7702257453263309,0
-12.747312,64,3776.468728,-100.0,-0.16368534987629868,0
-8.634085,56,3777.300514,-100.0,-0.6516160736902219,0
-7.937023,43,3777.949259,-100.0,-0.6674502121954303,0
-10.930749,58,3778.805113,-100.0,-0.6175533687640274,0
-7.237542,41,3779.426001,-100.0,-0.7179385320299893,0
-7.994563,49,3780.178179,-100.0,-0.7286252243870772,0
-8.869901,53,3780.968309,-100.0,-0.7362705367782829,0
-9.55997,63,3781.913928,-100.0,-0.6833139698788353,0
-7.755475,46,3782.617863,-100.0,-0.6528494364933713,0
-8.093677,50,3783.357378,-100.0,-0.6890536860031533,0
-8.83717,51,3784.133974,-100.0,-0.6553934127222552,0
-9.259581,41,3784.747667,-100.0,-0.7082145484540209,0
-7.198798,46,3785.443236,-100.0,-0.6934904096498514,0
-8.690598,51,3786.191154,-100.0,-0.6265669335434519,0
-8.891427,54,3787.021307,-100.0,-0.5989680555009481,0
-9.032023,49,3787.739877,-100.0,-0.6652075352400063,0
-7.713092,44,3788.39611,-100.0,-0.7535684766540757,0
-8.76122,51,3789.154971,-100.0,-0.6744980905506198,0
-8.839357,45,3789.838451,-100.0,-0.6281554842236791,0
-10.453654,87,3791.122162,-100.0,-0.7110423476150733,0
-8.043867,44,3791.790155,-100.0,-0.77082032560003,0
-7.156995,46,3792.485941,-100.0,-0.6719565847402191,0
-9.167498,67,3793.48456,-100.0,-0.701024342316588,0
-7.576132,48,3794.196661,-100.0,-0.6814051038395134,0
-8.41901,49,3794.937571,-100.0,-0.6441825329973472,0
-8.083055,51,3795.691035,-100.0,-0.743886558427025,0
-8.52822,50,3796.429345,-100.0,-0.6983484175837601,0
-7.991347,49,3797.161237,-100.0,-0.6572676363449755,0
-8.077797,48,3797.873877,-100.0,-0.6634766627071583,0
-12.072924,79,3799.058633,-100.0,-0.8560452831196786,0
-9.982658,64,3799.999587,-100.0,-0.7863640088321983,0
-12.172,63,3800.936824,-100.0,-0.3414772625868741,0
-8.095799,63,3801.889136,-100.0,-0.6675240869561575,0
-8.279824,54,3922.523992,-100.0,-0.6531497232351272,0
-7.345759,45,3923.194041,-100.0,-0.6974528400322957,0
-8.606835,54,3924.021915,-100.0,-0.65177963276905,0
-7.496561,42,3924.643235,-100.0,-0.6462585952560529,0
-8.463668,56,3925.500127,-100.0,-0.7057864860553521,0
-8.596365,52,3926.247725,-100.0,-0.5779771537991043,0
-7.945753,43,3926.892777,-100.0,-0.6542956015122022,0
-10.530126,98,3928.383523,-100.0,-0.7033458950205078,0
-8.777038,66,3929.360846,-100.0,-0.63211806264557,0
-7.465392,49,3930.112636,-100.0,-0.6884448827441344,0
-8.462908,63,3931.074986,-100.0,-0.7574131854066689,0
-7.14497,37,3931.610063,-100.0,-0.7209926887650622,0
-9.327943,64,3932.564779,-100.0,-0.6970478853653391,0
-13.045989,122,3934.398226,-100.0,-0.685815254037595,0
-11.628377,61,3935.309897,-100.0,-0.20588025514460628,0
-8.04831,43,3935.957846,-100.0,-0.6628238644854798,0
-7.979534,45,3936.632219,-100.0,-0.6183113529151405,0
-7.68993,47,3937.324328,-100.0,-0.6678554104418549,0
-7.629717,41,3937.956001,-100.0,-0.6394494214832782,0
-7.798966,43,3938.623209,-100.0,-0.7146533190844483,0
-7.289188,42,3939.248231,-100.0,-0.7105160146225049,0
-7.395747,47,3939.956704,-100.0,-0.6004273603060305,0
-16.315155,128,3941.876499,-100.0,-0.06316561736752266,0
-7.812592,43,3942.523062,-100.0,-0.7068072522448412,0
-8.001599,44,3943.195007,-100.0,-0.7057719198023423,0
-8.03095,48,3943.92738,-100.0,-0.7035867107691354,0
-8.189391,55,3944.744004,-100.0,-0.8287614738522435,0
-9.107319,65,3945.729387,-100.0,-0.6136639245063537,0
-9.392922,57,3946.588878,-100.0,-0.680943650522577,0
-8.927549,58,3947.468557,-100.0,-0.6587248634392996,0
-7.931127,42,3948.103217,-100.0,-0.7438558164651994,0
-7.918035,40,3948.682867,-100.0,-0.6814438866112301,0
-8.564541,52,3949.48439,-100.0,-0.6529962123821819,0
-8.042881,47,3950.210471,-100.0,-0.6684331424809793,0
-9.752886,66,3951.203115,-100.0,-0.24225009619265073,0
-7.923268,48,3951.924482,-100.0,-0.7796509510838157,0
-8.054865,48,3952.624268,-100.0,-0.6814635892337242,0
-7.916053,43,4069.357378,-100.0,-0.6935935050535618,0
-8.3723,52,4070.142583,-100.0,-0.6681565109743115,0
-7.825579,47,4070.856979,-100.0,-0.7337576431408266,0
-7.497897,45,4071.539906,-100.0,-0.6161434988990967,0
-7.805737,39,4072.11183,-100.0,-0.7128410254792811,0
-8.045706,53,4072.938383,-100.0,-0.7430511259019478,0
-7.486397,41,4073.559083,-100.0,-0.7031439903568317,0
-8.086169,56,4074.395535,-100.0,-0.6924284644742977,0
-7.920616,53,4075.213482,-100.0,-0.701899079668875,0
-7.709947,42,4075.855073,-100.0,-0.7101394999235718,0
-8.713102,42,4076.488075,-100.0,-0.5114615731593222,0
-6.664378,43,4077.124938,-100.0,-0.7084109487879918,0
-11.054861,62,4078.061574,-100.0,-0.1901640367273109,0
-8.713084,60,4078.961652,-100.0,-0.7775489195597101,0
-7.833966,44,4079.631043,-100.0,-0.6314972828618389,0
-8.79992,53,4080.444184,-100.0,-0.638502256907207,0
-6.998386,42,4081.078621,-100.0,-0.7361164414856435,0
-9.41582,67,4082.09765,-100.0,-0.758854903517243,0
-8.780242,50,4082.853145,-100.0,-0.648127853890617,0
-8.438855,66,4083.830189,-100.0,-0.8108680097039602,0
-7.594282,51,4084.596158,-100.0,-0.7394920842625764,0
-11.066789,91,4085.987913,-100.0,-0.6482634018172689,0
-7.781778,44,4086.645987,-100.0,-0.7957341773752564,0
-9.661464,42,4087.274045,-100.0,-0.6866362514548141,0
-7.94506,53,4088.084806,-100.0,-0.7083215085216128,0
-9.314604,73,4089.163265,-100.0,-0.6941004977364941,0
-7.422061,49,4089.916785,-100.0,-0.6687170582402788,0
-7.316394,42,4090.548901,-100.0,-0.7549042753822193,0
-8.120808,55,4091.382393,-100.0,-0.8053807389147568,0
-6.934465,37,4091.937101,-100.0,-0.6265667612974153,0
-7.739677,41,4092.562078,-100.0,-0.7758028525955286,0
-7.480991,44,4093.234733,-100.0,-0.7607065126845088,0
-8.022523,43,4093.898275,-100.0,-0.5119696834754578,0
-7.512728,45,4094.573516,-100.0,-0.709379328094667,0
-7.861356,39,4095.132333,-100.0,-0.6732549625905524,0
-7.750503,59,4096.052089,-100.0,-0.7138155647610027,0
-7.479604,41,4096.653249,-100.0,-0.6643451638304169,0
-8.003608,54,4097.483797,-100.0,-0.6476723347664942,0
-8.492393,59,4098.37574,-100.0,-0.6585270231128386,0
-7.641176,41,4098.98876,-100.0,-0.6787464651941167,0
-8.186948,52,4099.793178,-100.0,-0.6406757221194171,0
-7.693784,46,4218.472059,-100.0,-0.7050984831983699,0
-8.089023,63,4219.424172,-100.0,-0.6999190590200023,0
-8.587319,61,4220.345611,-100.0,-0.6954418945905314,0
-9.732262,50,4221.112786,-100.0,-0.6423397190051874,0
-7.909928,50,4221.887599,-100.0,-0.6288267266337639,0
-7.06266,41,4222.510457,-100.0,-0.7155975276496648,0
-8.021547,50,4223.282797,-100.0,-0.7614961968226903,0
-7.073726,40,4223.892296,-100.0,-0.7657958886700145,0
-8.607002,56,4224.734738,-100.0,-0.6916175573452297,0
-7.177039,45,4225.428859,-100.0,-0.6703108077814472,0
-6.932334,42,4226.070197,-100.0,-0.7337893532393361,0
-7.064801,38,4226.659645,-100.0,-0.7127350795019551,0
-11.788355,50,4227.416066,-100.0,-0.8669465485781812,0
-8.066025,61,4228.336666,-100.0,-0.6265002225367694,0
-8.010458,50,4229.101385,-100.0,-0.6361734199022727,0
-8.096245,51,4229.864548,-100.0,-0.6052127960093633,0
-7.942213,49,4230.628403,-100.0,-0.776595724149893,0
-9.567832,81,4231.879504,-100.0,-0.6250301026558375,0
-8.432474,64,4232.839042,-100.0,-0.6593457461146565,0
-8.978379,63,4233.827683,-100.0,-0.6971925297572376,0
-8.954696,52,4234.619589,-100.0,-0.6369967718699282,0
-9.098276,40,4235.210064,-100.0,-0.7588238353300506,0
-8.291387,60,4236.113656,-100.0,-0.704110377606969,0
-7.753307,50,4236.879913,-100.0,-0.8544879176246213,0
-6.682644,40,4237.484007,-100.0,-0.7060583647237186,0
-9.498717,51,4238.271332,-100.0,-0.24643080962505964,0
-7.815465,44,4238.957635,-100.0,-0.6528077862933044,0
-7.711493,51,4239.739181,-100.0,-0.6516351331660916,0
-7.269197,44,4240.424432,-100.0,-0.6883761546786334,0
-8.141786,53,4241.232,-100.0,-0.6322017196239176,0
-11.056233,94,4242.660735,-100.0,-0.6968233963024552,0
-7.676427,53,4243.465124,-100.0,-0.7151054980284209,0
-8.526164,49,4244.203923,-100.0,-0.6850891434278986,0
-7.556294,44,4244.870068,-100.0,-0.6914813751364824,0
-7.567378,39,4245.469297,-100.0,-0.6938480545369151,0
-7.50822,43,4246.141352,-100.0,-0.6616304261141448,0
-7.306452,42,4246.777849,-100.0,-0.6420890835160202,0
-10.436128,49,4247.527767,-100.0,-0.7939230754510144,0
-9.058791,64,4248.484059,-100.0,-0.6916634265094618,0
-7.377119,39,4249.084366,-100.0,-0.7061897460801545,0
-7.407776,44,4367.056231,-100.0,-0.6472136061131526,0
-7.899952,46,4367.766313,-100.0,-0.7043628373333052,0
-7.866233,53,4368.585433,-100.0,-0.6826068834876358,0
-9.500762,73,4369.713034,-100.0,-0.6663607067437665,0
-8.273944,54,4370.531546,-100.0,-0.7764738970338456,0
-6.894871,45,4371.242728,-100.0,-0.7578295067006068,0
-7.598607,45,4371.941292,-100.0,-0.7257917197747418,0
-7.158683,53,4372.756588,-100.0,-0.7894871213529971,0
-7.372993,41,4373.399952,-100.0,-0.6634520757279219,0
-17.070583,189,4376.288315,-100.0,-0.7985928885992893,0
-8.604669,56,4377.161671,-100.0,-0.6749619638640231,0
-7.779994,45,4377.840713,-100.0,-0.6740344208236098,0
-6.695512,47,4378.576128,-100.0,-0.67022632187178,0
-9.627586,84,4379.86286,-100.0,-0.6590340197217802,0
-7.443961,43,4380.522789,-100.0,-0.6326442689520062,0
-6.962842,42,4381.172283,-100.0,-0.7607064206604076,0
-7.656253,47,4381.884039,-100.0,-0.7390157675250398,0
-7.951103,47,4382.593625,-100.0,-0.6098725276041679,0
-7.761632,49,4383.367162,-100.0,-0.6940310985713967,0
-7.816902,49,4384.140953,-100.0,-0.6038844496107995,0
-8.636237,53,4384.950685,-100.0,-0.7278118463396323,0
-7.097495,43,4385.607892,-100.0,-0.6834730241025464,0
-7.479299,42,4386.267987,-100.0,-0.703938603509992,0
-7.042721,45,4386.958408,-100.0,-0.7362771037518604,0
-7.96526,41,4387.581743,-100.0,-0.4902376882206822,0
-7.201224,41,4388.215769,-100.0,-0.6981707747310276,0
-6.748144,42,4388.881986,-100.0,-0.6377930988760353,0
-9.573381,62,4389.811759,-100.0,-0.59838910883374,0
-8.165997,59,4390.736672,-100.0,-0.6324305190693668,0
-8.250512,52,4391.532249,-100.0,-0.7016932026032573,0
-7.54206,46,4392.228685,-100.0,-0.6945068063378129,0
-9.783103,97,4393.722389,-100.0,-0.7367943375111824,0
-7.483822,43,4394.397186,-100.0,-0.6346614766104769,0
-7.741307,47,4395.112181,-100.0,-0.6854577082785733,0
-6.984784,36,4395.659054,-100.0,-0.6819835542757495,0
-9.42041,65,4396.661565,-100.0,-0.6832727964737587,0
-6.799091,35,4397.200991,-100.0,-0.7303014061477524,0
-8.315153,45,4397.915781,-100.0,-0.6247677878579304,0
-8.155278,42,4519.643461,-100.0,-0.6400207449102835,0
-8.217536,49,4520.399118,-100.0,-0.6894004372150131,0
-6.849204,48,4521.137726,-100.0,-0.6912294467204041,0
-7.794187,51,4521.919103,-100.0,-0.6278648516726311,0
-7.643444,42,4522.574615,-100.0,-0.6267800561214382,0
-7.329311,54,4523.399191,-100.0,-0.6619131820703665,0
-6.86916,39,4524.038615,-100.0,-0.7104065439652235,0
-7.469548,42,4524.661819,-100.0,-0.7390878392133866,0
-8.087123,45,4525.381362,-100.0,-0.7812409647473777,0
-6.912285,41,4526.013831,-100.0,-0.7076974602234185,0
-6.658836,41,4526.645773,-100.0,-0.7183714007848939,0
-8.126358,59,4527.585643,-100.0,-0.7418587860934657,0
-6.966605,38,4528.170191,-100.0,-0.7768946606890872,0
-7.770774,54,4529.009925,-100.0,-0.6016529882231401,0
-8.614762,66,4530.043653,-100.0,-0.7231056199886601,0
-7.581476,49,4530.792623,-100.0,-0.6703119940615874,0
-7.878016,46,4531.49619,-100.0,-0.7577271309383852,0
-8.302094,55,4532.342242,-100.0,-0.6183929283692517,0
-7.021336,42,4532.99123,-100.0,-0.8151751309033796,0
-8.250519,50,4533.770017,-100.0,-0.7893263522587235,0
-7.319971,37,4534.342998,-100.0,-0.6089245104163716,0
-6.386108,44,4535.040763,-100.0,-0.7818864484317642,0
-7.418842,42,4535.690503,-100.0,-0.6487132979474122,0
-8.175872,47,4536.412283,-100.0,-0.6260644633648944,0
-7.52144,44,4537.074651,-100.0,-0.6602659449439161,0
-8.188147,44,4537.773945,-100.0,-0.6240020941870648,0
-6.978009,47,4538.505861,-100.0,-0.7562453201275535,0
-7.247524,46,4539.230482,-100.0,-0.6822832451684478,0
-7.382077,46,4539.948768,-100.0,-0.7300030374279007,0
-8.490457,67,4540.982938,-100.0,-0.6246315197781663,0
-7.197473,43,4541.652249,-100.0,-0.7199782373002666,0
-8.249586,58,4542.549603,-100.0,-0.6426349450223597,0
-8.669274,47,4543.27989,-100.0,-0.7051167589064549,0
-7.735749,43,4543.962613,-100.0,-0.6824158109428397,0
-7.370132,41,4544.592692,-100.0,-0.668097375677866,0
-7.970624,51,4545.403047,-100.0,-0.7237776262458075,0
-8.383226,57,4546.295859,-100.0,-0.7504935611833382,0
-7.344493,50,4547.063786,-100.0,-0.7391755358707067,0
-7.227845,46,4547.769344,-100.0,-0.7322577190926556,0
-6.976189,42,4548.440725,-100.0,-0.671546560156755,0
-8.210084,65,4549.429529,-100.0,-0.7655450854661083,0
-13.061457,58,4550.331809,-100.0,-0.3143638482099964,0
-7.24724,46,4551.044289,-100.0,-0.6828563678382225,0
-6.907586,37,4669.205157,-100.0,-0.6814179269724613,0
-7.488723,43,4669.879452,-100.0,-0.6614278761972296,0
-6.933111,44,4670.568386,-100.0,-0.6358682914562124,0
-6.826442,47,4671.295528,-100.0,-0.8027043151176168,0
-6.809761,42,4671.959923,-100.0,-0.7636911680501576,0
-7.020514,40,4672.589554,-100.0,-0.6687491258523094,0
-8.287793,53,4673.406332,-100.0,-0.6215719457473662,0
-6.793085,42,4674.051999,-100.0,-0.6362874719669314,0
-6.565057,48,4674.810272,-100.0,-0.7600084130023272,0
-7.339145,44,4675.514567,-100.0,-0.8595473487495882,0
-6.951803,40,4676.125799,-100.0,-0.6935922269582284,0
-8.296622,49,4676.889383,-100.0,-0.6434348208540158,0
-6.817205,44,4677.571067,-100.0,-0.7621258514048233,0
-7.485225,38,4678.157638,-100.0,-0.733831753690499,0
-7.035753,41,4678.799102,-100.0,-0.6321189329519372,0
-7.199954,37,4679.362695,-100.0,-0.7041170758589492,0
-7.057129,44,4680.061581,-100.0,-0.6049208977432946,0
-6.310521,38,4680.652821,-100.0,-0.699347641823308,0
-7.003559,43,4681.331318,-100.0,-0.6370107921975533,0
-7.043626,42,4681.974559,-100.0,-0.763108259987088,0
-7.117799,41,4682.619998,-100.0,-0.6262862077741165,0
-6.571004,42,4683.282107,-100.0,-0.7455123941839329,0
-8.11067,45,4683.984314,-100.0,-0.5861692834110707,0
-8.206355,64,4684.977912,-100.0,-0.6407619427727126,0
-7.167642,46,4685.680123,-100.0,-0.6754030271801235,0
-6.679645,38,4686.258492,-100.0,-0.6897295221848236,0
-6.750875,44,4686.940399,-100.0,-0.7517799610559825,0
-6.482339,38,4687.520498,-100.0,-0.7603120851096589,0
-6.21452,43,4688.178218,-100.0,-0.7514932782106636,0
-7.405283,53,4689.002175,-100.0,-0.6161867109787599,0
-7.728781,49,4689.770798,-100.0,-0.7194996481497996,0
-7.200941,45,4690.482381,-100.0,-0.66169241277856,0
-7.224883,40,4691.099403,-100.0,-0.6638534806934877,0
-6.762448,41,4691.754388,-100.0,-0.9043742371352523,0
-7.932566,55,4692.588411,-100.0,-0.6672018353778812,0
-6.73848,42,4693.245713,-100.0,-0.7168339839823586,0
-6.532343,44,4693.926112,-100.0,-0.782451116060915,0
-7.912103,56,4694.817795,-100.0,-0.6553635714837923,0
-7.523241,53,4695.635501,-100.0,-0.679870703633302,0
-7.003852,40,4696.266206,-100.0,-0.6763390523575099,0
-7.835321,54,4697.083613,-100.0,-0.6629019533750514,0
-7.395609,43,4697.76146,-100.0,-0.6728859095131452,0
-7.465691,43,4698.434502,-100.0,-0.6306162667241293,0
-7.261282,47,4699.164117,-100.0,-0.6960622536591113,0
-7.180885,40,4699.793086,-100.0,-0.6926523850115319,0
-10.469022,50,4700.579081,-100.0,-0.7693834932322033,0
-6.631773,36,4826.385248,-100.0,-0.6727745213902374,0
-7.443705,50,4827.155107,-100.0,-0.7164336557350987,0
-7.112154,40,4827.786375,-100.0,-0.6369812438179931,0
-7.228811,51,4828.586476,-100.0,-0.6222573608540689,0
-8.667149,41,4829.241255,-100.0,-0.47623501817701813,0
-7.818556,56,4830.122802,-100.0,-0.709519457652204,0
-7.85218,56,4830.983818,-100.0,-0.8263656942405109,0
-6.831738,37,4831.587932,-100.0,-0.7041328587467283,0
-6.14643,41,4832.222865,-100.0,-0.8325603612405214,0
-8.804761,73,4833.357824,-100.0,-0.6919595057453853,0
-7.988654,47,4834.1017,-100.0,-0.6265280220391777,0
-7.301918,46,4834.811912,-100.0,-0.714314632098846,0
-8.255226,46,4835.527949,-100.0,-0.657968000666864,0
-6.756478,37,4836.100925,-100.0,-0.6770096058003129,0
-7.652504,39,4836.725441,-100.0,-0.6251577368527048,0
-7.841168,53,4837.556114,-100.0,-0.6096380649929086,0
-6.941388,45,4838.261302,-100.0,-0.7876905936404542,0
-6.585457,37,4838.849073,-100.0,-0.8094384456201268,0
-6.693899,37,4839.438003,-100.0,-0.6655067945873581,0
-6.829949,48,4840.175282,-100.0,-0.7071241420689335,0
-7.301331,43,4840.861401,-100.0,-0.6696496024525221,0
-7.813465,41,4841.480175,-100.0,-0.5282696739497019,0
-6.316437,37,4842.066072,-100.0,-0.7458695800534703,0
-7.300274,48,4842.805609,-100.0,-0.6232586364846655,0
-7.201122,40,4843.446583,-100.0,-0.6704900883276685,0
-7.165795,44,4844.125698,-100.0,-0.7657531999494942,0
-6.92492,42,4844.798212,-100.0,-0.6580131302765839,0
-7.247971,47,4845.517467,-100.0,-0.6673545110405933,0
-7.131452,43,4846.199623,-100.0,-0.6148345577570793,0
-6.63409,38,4846.801876,-100.0,-0.6839344504424497,0
-6.241705,40,4847.413579,-100.0,-0.8463842104759555,0
-6.763797,36,4847.960956,-100.0,-0.684467613060846,0
-7.297567,59,4848.888504,-100.0,-0.706623107819283,0
-6.876243,44,4849.574415,-100.0,-0.6338655718429348,0
-7.066852,37,4850.166995,-100.0,-0.6859107834158462,0
-8.026075,58,4851.073471,-100.0,-0.7272321784894993,0
-6.925276,40,4851.694193,-100.0,-0.6859505259315082,0
-6.973701,39,4852.294493,-100.0,-0.6725430554553484,0
-7.362639,49,4853.061739,-100.0,-0.6368271970996335,0
-6.994463,41,4853.708011,-100.0,-0.7036436590618906,0
-6.682096,44,4854.594389,-100.0,-0.740476288154654,0
-7.308403,51,4855.400716,-100.0,-0.6146468931056943,0
-7.363062,55,4856.263245,-100.0,-0.8200175189400878,0
-6.477511,36,4856.827339,-100.0,-0.6994975941780126,0
-6.407459,39,4857.457489,-100.0,-0.7923650185884771,0
-6.83955,46,4977.339152,-100.0,-0.7239114618509266,0
-6.551519,37,4977.92318,-100.0,-0.6995139984664025,0
-6.495862,35,4978.452645,-100.0,-0.5980275932066701,0
-6.687387,43,4979.140686,-100.0,-0.7386987873876001,0
-6.58056,42,4979.808335,-100.0,-0.7761485914430294,0
-6.941964,43,4980.496317,-100.0,-0.6393926652974569,0
-7.939783,39,4981.114172,-100.0,-0.552057484997086,0
-6.537719,38,4981.70789,-100.0,-0.7103204643835048,0
-7.232361,44,4982.401046,-100.0,-0.722712699941514,0
-8.175402,41,4983.040173,-100.0,-0.4585834217430501,0
-8.584336,55,4983.927973,-100.0,-0.7429897323257185,0
-6.343952,41,4984.572913,-100.0,-0.740551744068818,0
-7.097017,48,4985.318904,-100.0,-0.6511093885190922,0
-6.974634,42,4985.982332,-100.0,-0.6689701506180187,0
-6.143452,41,4986.635606,-100.0,-0.76749069262948,0
-7.053859,45,4987.347268,-100.0,-0.7080094815966474,0
-6.767002,47,4988.074994,-100.0,-0.7601508629026588,0
-6.838494,50,4988.860441,-100.0,-0.7431433110180671,0
-7.131019,47,4989.604923,-100.0,-0.679700188513517,0
-7.13926,41,4990.237464,-100.0,-0.6252572485732744,0
-6.99112,43,4990.925658,-100.0,-0.649227115769519,0
-6.870443,44,4991.608934,-100.0,-0.7150358387329159,0
-7.356021,42,4992.259598,-100.0,-0.6803434113261979,0
-7.385276,55,4993.140218,-100.0,-0.8361239713995728,0
-8.578674,50,4993.938737,-100.0,-0.6703331519914842,0
-7.476256,39,4994.555799,-100.0,-0.5565934718675581,0
-6.154066,36,4995.115871,-100.0,-0.8132332258483674,0
-7.269137,45,4995.831843,-100.0,-0.7307082061594139,0
-6.838645,37,4996.407648,-100.0,-0.690460764893188,0
-7.546999,48,4997.161586,-100.0,-0.6712723420720899,0
-6.893664,44,4997.868469,-100.0,-0.652785098000769,0
-6.195485,37,4998.447322,-100.0,-0.8450953149293231,0
-8.93915,65,4999.469979,-100.0,-0.6461197858336306,0
-7.103926,47,5000.207315,-100.0,-0.7509697017598429,0
-6.822641,38,5000.802329,-100.0,-0.6220026527645872,0
-6.548815,40,5001.434378,-100.0,-0.7090657498350862,0
-6.615625,38,5002.032168,-100.0,-0.6829974999145475,0
-7.471546,43,5002.719481,-100.0,-0.5600357158157845,0
-8.35321,73,5003.849914,-100.0,-0.6332114698296333,0
-6.378065,44,5004.554821,-100.0,-0.6918080548108198,0
-6.777591,37,5005.123799,-100.0,-0.7065094471101345,0
-6.850242,39,5005.742847,-100.0,-0.6163496603743033,0
-6.690428,40,5006.364872,-100.0,-0.747223581291742,0
-7.13435,45,5007.079891,-100.0,-0.6894372189562774,0
-6.800592,42,5007.755982,-100.0,-0.7064391546151374,0
-6.373083,33,5008.266984,-100.0,-0.6953688110947406,0
-7.165504,50,5009.049349,-100.0,-0.7058458580963825,0
-6.380506,44,5113.674814,-100.0,-0.7248093379349654,0
-7.094654,42,5114.333012,-100.0,-0.6950955195970664,0
-6.874524,43,5115.015124,-100.0,-0.6558441545310381,0
-7.147766,51,5115.805228,-100.0,-0.6730984360337131,0
-6.768589,50,5116.611689,-100.0,-0.8169460607918307,0
-6.812324,42,5117.260034,-100.0,-0.6297264117685958,0
-7.057608,43,5117.956672,-100.0,-0.6133393933895818,0
-6.963489,44,5118.655372,-100.0,-0.7132714525873801,0
-7.066613,42,5119.317484,-100.0,-0.7249412090379453,0
-7.087155,43,5120.002687,-100.0,-0.7440070929658158,0
-7.186564,41,5120.64376,-100.0,-0.6572696182188099,0
-8.642985,55,5121.523947,-100.0,-0.6244779089017637,0
-6.643733,39,5122.12369,-100.0,-0.6878865946345512,0
-6.665765,38,5122.747906,-100.0,-0.7452593522701094,0
-7.257551,49,5123.521684,-100.0,-0.658405698388874,0
-7.020907,40,5124.177081,-100.0,-0.821263736148505,0
-6.926622,39,5124.793454,-100.0,-0.7088085754810678,0
-7.619051,48,5125.547107,-100.0,-0.6264652764490671,0
-6.534678,46,5126.261838,-100.0,-0.6966673170197292,0
-7.403383,53,5127.097038,-100.0,-0.6353590346324502,0
-7.172797,48,5127.860083,-100.0,-0.7386954665820565,0
-6.898775,40,5128.489501,-100.0,-0.6905492393590091,0
-6.438864,40,5129.133959,-100.0,-0.6359651631350222,0
-7.614037,49,5129.90557,-100.0,-0.6358630256016987,0
-6.72664,39,5130.519605,-100.0,-0.6771278063680617,0
-8.726408,63,5131.51811,-100.0,-0.6447245835515353,0
-6.875928,40,5132.135558,-100.0,-0.6606145259881812,0
-6.658599,40,5132.78168,-100.0,-0.7255478815427039,0
-6.749541,35,5133.340191,-100.0,-0.6823435620660072,0
-7.036567,36,5133.909751,-100.0,-0.7774404232435864,0
-6.570073,38,5134.533838,-100.0,-0.8273351775344424,0
-6.965644,41,5135.182626,-100.0,-0.8894154691343128,0
-6.924179,44,5135.883088,-100.0,-0.695200995523437,0
-6.720647,40,5136.519314,-100.0,-0.7438329353990345,0
-6.695447,37,5137.109997,-100.0,-0.6501943899736377,0
-7.563855,41,5137.738696,-100.0,-0.6397888456646453,0
-6.966561,39,5138.373621,-100.0,-0.6073264987860875,0
-6.86456,44,5139.073825,-100.0,-0.6433905308647795,0
-6.434906,39,5139.695064,-100.0,-0.7258183165029126,0
-6.603626,41,5140.336123,-100.0,-0.7437813222942866,0
-7.338205,46,5141.06358,-100.0,-0.6244094168001563,0
-6.352181,45,5141.777127,-100.0,-0.7214712243676221,0
-7.428267,40,5142.424124,-100.0,-0.6889212557486705,0
-7.278817,44,5143.123256,-100.0,-0.5943488345126277,0
-6.490941,42,5143.776426,-100.0,-0.7768511172232356,0
-6.324911,41,5144.41647,-100.0,-0.7216165055853611,0
-7.12885,55,5145.306368,-100.0,-0.7620760419574112,0
-6.861574,38,5145.927005,-100.0,-0.638378692327691,0
-6.709428,45,5268.543829,-100.0,-0.7712810115340148,0
-7.394107,50,5269.31898,-100.0,-0.6677337247343625,0
-6.868723,39,5269.947972,-100.0,-0.7656624991306147,0
-6.788945,47,5270.691987,-100.0,-0.714562821086929,0
-6.759505,37,5271.292001,-100.0,-0.6524517235982222,0
-6.846976,49,5272.071439,-100.0,-0.902344916522146,0
-7.28511,49,5272.846393,-100.0,-0.7248753805462792,0
-7.200006,52,5273.677194,-100.0,-0.8106253850414324,0
-6.355684,39,5274.302419,-100.0,-0.806690922633876,0
-6.358019,38,5274.898102,-100.0,-0.7257331064072869,0
-6.918786,51,5275.70565,-100.0,-0.7594627855480769,0
-6.117814,42,5276.352831,-100.0,-0.8356504667019375,0
-7.625478,58,5277.279113,-100.0,-0.7264875865196886,0
-7.966962,55,5278.142635,-100.0,-0.7881821635746554,0
-6.454335,36,5278.706396,-100.0,-0.713745255583298,0
-6.691164,43,5279.390438,-100.0,-0.6982237681318517,0
-6.947952,43,5280.071243,-100.0,-0.6761186038418576,0
-6.613514,42,5280.73925,-100.0,-0.6178297164459685,0
-6.501722,35,5281.293112,-100.0,-0.6277136774780593,0
-6.764808,41,5281.940787,-100.0,-0.6781988666164168,0
-6.761569,35,5282.503736,-100.0,-0.6308093350378835,0
-6.916821,46,5283.228119,-100.0,-0.6378262875386249,0
-7.69362,41,5283.875811,-100.0,-0.6551649526312601,0
-7.05767,40,5284.51936,-100.0,-0.611837830295409,0
-8.156798,62,5285.481471,-100.0,-0.5915281489090026,0
-7.523455,57,5286.425581,-100.0,-0.8046439551646258,0
-7.761892,60,5287.335121,-100.0,-0.8464641455160373,0
-6.281604,38,5287.950635,-100.0,-0.7512991901259014,0
-7.255736,40,5288.582723,-100.0,-0.5599053470988681,0
-6.415085,38,5289.191712,-100.0,-0.7627958972626988,0
-6.501454,39,5289.808026,-100.0,-0.7100361460442096,0
-6.582593,43,5290.47285,-100.0,-0.7005529650206969,0
-7.057088,46,5291.209951,-100.0,-0.6353682814754672,0
-6.359071,40,5291.845316,-100.0,-0.7049973997548616,0
-7.170421,44,5292.555154,-100.0,-0.6573143542170721,0
-6.973988,45,5293.258115,-100.0,-0.7779596462884522,0
-6.550316,38,5293.875801,-100.0,-0.6613967967416097,0
-6.644354,43,5294.553348,-100.0,-0.6381962568363986,0
-6.769864,38,5295.14346,-100.0,-0.6976991253822281,0
-6.790612,41,5295.794326,-100.0,-0.655253807141416,0
-6.571061,38,5296.402389,-100.0,-0.7665230477117994,0
-6.423961,40,5297.028411,-100.0,-0.8290485680384111,0
-7.002021,41,5297.686353,-100.0,-0.6422922110681,0
-6.079293,37,5298.26585,-100.0,-0.7414735487643036,0
-6.422407,46,5298.996655,-100.0,-0.850731146580462,0
-6.334988,37,5299.589042,-100.0,-0.8938466804622465,0
-7.959669,51,5409.572508,-100.0,-0.624302307444937,0
-7.154417,43,5410.261888,-100.0,-0.6588006821334754,0
-7.308103,46,5410.99252,-100.0,-0.6357340309898745,0
-6.830729,49,5411.763821,-100.0,-0.7327337982873506,0
-6.921327,48,5412.535827,-100.0,-0.6135046797647851,0
-6.295453,42,5413.199944,-100.0,-0.727087945112851,0
-6.208234,41,5413.863527,-100.0,-0.9322257238530288,0
-7.339922,47,5414.614487,-100.0,-0.8026512846257842,0
-6.593922,42,5415.284212,-100.0,-0.7428192575099694,0
-6.649073,34,5415.819112,-100.0,-0.6267627702050549,0
-6.716537,40,5416.444073,-100.0,-0.7068495609320762,0
-6.988926,45,5417.37188,-100.0,-0.700640634264565,0
-6.142216,39,5417.986794,-100.0,-0.7502715805807826,0
-6.318275,46,5418.72342,-100.0,-0.7533573917414881,0
-6.725369,45,5419.452694,-100.0,-0.7618041136949094,0
-6.776061,43,5420.14566,-100.0,-0.6688455315296348,0
-6.651142,45,5420.857475,-100.0,-0.6988432403402577,0
-7.248196,49,5421.612899,-100.0,-0.7246736723398662,0
-6.303726,35,5422.187884,-100.0,-0.7065211066327554,0
-6.747473,40,5422.83598,-100.0,-0.6412890486899244,0
-6.252548,38,5423.436101,-100.0,-0.7788260144415178,0
-6.558585,40,5424.085713,-100.0,-0.7256981104568032,0
-6.562406,41,5424.732956,-100.0,-0.6907344368853223,0
-6.683317,46,5425.458096,-100.0,-0.7357308640761017,0
-6.370132,38,5426.075663,-100.0,-0.7206103213542763,0
-6.608181,41,5426.732385,-100.0,-0.6631261396576315,0
-6.154306,39,5427.332586,-100.0,-0.7456432338369116,0
-6.095964,42,5428.005277,-100.0,-0.7597359814225737,0
-6.452602,41,5428.664864,-100.0,-0.6984288889564757,0
-7.012779,43,5429.337312,-100.0,-0.7506847822601377,0
-6.627581,39,5429.968901,-100.0,-0.6918347634963551,0
-6.131786,40,5430.60604,-100.0,-0.7587072466763397,0
-6.774403,41,5431.235192,-100.0,-0.6344664996947189,0
-6.135585,36,5431.798827,-100.0,-0.7554501839533619,0
-6.873139,50,5432.623916,-100.0,-0.7005227873136377,0
-7.275705,48,5433.391075,-100.0,-0.6186906583998195,0
-7.128984,52,5434.194527,-100.0,-0.6217488974843987,0
-6.545682,44,5434.904576,-100.0,-0.6448147603620625,0
-6.370806,49,5435.678833,-100.0,-0.7635312353840342,0
-7.008274,48,5436.465285,-100.0,-0.760595206879601,0
-6.530274,39,5437.086395,-100.0,-0.6590622443896029,0
-6.867695,51,5437.882077,-100.0,-0.7313340098460834,0
-6.74426,40,5438.521017,-100.0,-0.5969717267285483,0
-6.873986,58,5439.442997,-100.0,-0.7555851789285571,0
-6.090449,36,5440.008194,-100.0,-0.7357450956973544,0
-7.416858,46,5440.744884,-100.0,-0.6509240706511737,0
-7.056412,46,5441.475467,-100.0,-0.6193695576127276,0
-5.935929,35,5442.013401,-100.0,-0.7142848219080858,0
-6.671952,41,5544.146414,-100.0,-0.7146504440608512,0
-6.127404,35,5544.704772,-100.0,-0.752227003457906,0
-7.185845,51,5545.517354,-100.0,-0.6577532574023113,0
-6.646581,36,5546.098389,-100.0,-0.7996203806717463,0
-5.860855,36,5546.685779,-100.0,-0.8020207030744791,0
-7.021036,48,5547.445883,-100.0,-0.9351055022596402,0
-6.789486,45,5548.160915,-100.0,-0.7077029531158988,0
-6.724435,40,5548.816683,-100.0,-0.6222102930885561,0
-6.574884,38,5549.430796,-100.0,-0.6127625094442618,0
-6.717396,48,5550.177508,-100.0,-0.6798424896381582,0
-6.508732,39,5550.793145,-100.0,-0.6648261766330804,0
-6.555786,39,5551.435131,-100.0,-0.6963856573433165,0
-7.291103,45,5552.154191,-100.0,-0.6913947989813088,0
-6.919585,45,5552.857573,-100.0,-0.612971972173104,0
-6.707544,43,5553.544845,-100.0,-0.6500006865196979,0
-6.746199,36,5554.125213,-100.0,-0.7674409025044316,0
-7.165815,41,5554.785865,-100.0,-0.6693205889485935,0
-6.759275,40,5555.433779,-100.0,-0.6578992240946705,0
-6.209068,33,5555.965468,-100.0,-0.6038929937138762,0
-5.969628,35,5556.515739,-100.0,-0.6823843872894148,0
-6.561045,39,5557.141135,-100.0,-0.6828573595694625,0
-6.514469,36,5557.718302,-100.0,-0.6641351242443659,0
-6.891215,39,5558.344773,-100.0,-0.7111081600141967,0
-6.619976,43,5559.028739,-100.0,-0.7771859288142676,0
-6.035978,41,5559.695231,-100.0,-0.7917719933134842,0
-6.851727,42,5560.350048,-100.0,-0.6741049987889284,0
-6.521656,41,5561.016726,-100.0,-0.7936083693728452,0
-6.700556,41,5561.668241,-100.0,-0.7012014758498792,0
-5.900065,36,5562.253964,-100.0,-0.7801623370212708,0
-7.014748,41,5562.916745,-100.0,-0.5580297765577574,0
-6.847613,36,5563.481568,-100.0,-0.7012239444693811,0
-6.304408,42,5564.160615,-100.0,-0.7063411166617871,0
-6.2848,35,5564.733958,-100.0,-0.7330784448875307,0
-6.630444,40,5565.380349,-100.0,-0.7429124578855991,0
-6.702706,45,5566.085299,-100.0,-0.7065828470775968,0
-7.00027,51,5566.883368,-100.0,-0.6435599087497373,0
-6.489302,41,5567.54378,-100.0,-0.7567882510795183,0
-6.715605,41,5568.198074,-100.0,-0.7649299597524476,0
-6.650692,43,5568.893524,-100.0,-0.8216802598243073,0
-6.590196,50,5569.700521,-100.0,-0.7239952117506653,0
-6.045237,34,5570.219185,-100.0,-0.7756153142327727,0
-6.144354,36,5570.809156,-100.0,-0.7338120062593082,0
-6.27852,40,5571.460199,-100.0,-0.7680202113650243,0
-7.590218,54,5572.318942,-100.0,-0.6349940594499673,0
-6.710921,38,5572.932003,-100.0,-0.6525199011751445,0
-6.087079,37,5573.532706,-100.0,-0.804282080897593,0
-6.34934,39,5574.160957,-100.0,-0.7029114207786559,0
-6.249814,40,5574.768086,-100.0,-0.699771278507368,0
-6.254864,39,5575.389112,-100.0,-0.7122513225763843,0
-6.63582,45,5576.103853,-100.0,-0.6883343355872009,0
-6.604385,48,5692.35229,-100.0,-0.6952589986798883,0
-7.090911,47,5693.106388,-100.0,-0.6791991228411111,0
-6.392452,41,5693.771413,-100.0,-0.7294109440621187,0
-6.260685,40,5694.401412,-100.0,-0.7699294444605482,0
-6.233713,39,5695.04118,-100.0,-0.6561812322355838,0
-6.471997,39,5695.663608,-100.0,-0.6740983245260884,0
-5.991116,39,5696.293441,-100.0,-0.7602608616861087,0
-6.609799,44,5696.997581,-100.0,-0.663351350875121,0
-5.894757,37,5697.593554,-100.0,-0.7373976473434687,0
-6.373266,42,5698.267112,-100.0,-0.7056951361982505,0
-6.189816,44,5698.970103,-100.0,-0.7783580485496446,0
-6.566491,39,5699.605111,-100.0,-0.6709462710135591,0
-6.693002,43,5700.29619,-100.0,-0.6573530831528648,0
-6.663869,38,5700.891205,-100.0,-0.6794489764767759,0
-6.075978,36,5701.466353,-100.0,-0.7213453108817783,0
-6.511502,39,5702.103686,-100.0,-0.753528422060845,0
-6.606808,38,5702.712413,-100.0,-0.6265197590486091,0
-6.32274,37,5703.320186,-100.0,-0.6612666017595544,0
-6.678723,50,5704.092448,-100.0,-0.6748515107687685,0
-6.668758,40,5704.746178,-100.0,-0.6849156633733079,0
-6.214906,36,5705.341017,-100.0,-0.700452291566065,0
-6.172865,42,5706.015002,-100.0,-0.7674751250757936,0
-6.384328,39,5706.649746,-100.0,-0.8845648991054095,0
-6.155601,34,5707.197412,-100.0,-0.7349913539480054,0
-6.915699,46,5707.950675,-100.0,-0.6471549900869246,0
-6.779068,46,5708.6795,-100.0,-0.6822426681779957,0
-7.693948,60,5709.622139,-100.0,-0.6789818321020406,0
-7.340878,41,5710.290315,-100.0,-0.4705015001724744,0
-6.822367,41,5710.959234,-100.0,-0.6584153257796361,0
-6.003715,44,5711.668612,-100.0,-0.7621008624823067,0
-7.089478,43,5712.362182,-100.0,-0.6809928292825053,0
-7.296173,55,5713.243722,-100.0,-0.6637575337971955,0
-6.543391,41,5713.905828,-100.0,-0.7851921390503359,0
-6.77162,42,5714.587488,-100.0,-0.7047580354277685,0
-6.392795,40,5715.233395,-100.0,-0.636577992997871,0
-6.20244,40,5715.871195,-100.0,-0.6661979280925358,0
-6.816451,46,5716.599276,-100.0,-0.6709349621572944,0
-6.586156,42,5717.287594,-100.0,-0.7386425497968668,0
-7.165741,45,5718.017898,-100.0,-0.6105013130519096,0
-7.132661,43,5718.700852,-100.0,-0.6165694075591334,0
-6.377829,39,5719.335611,-100.0,-0.7352175495933667,0
-6.40474,40,5719.98943,-100.0,-0.8283437556421589,0
-6.947655,41,5720.648078,-100.0,-0.7269422041326065,0
-7.047074,49,5721.413026,-100.0,-0.7299879842017637,0
-6.563664,47,5722.186594,-100.0,-0.8039952984462039,0
-5.727227,34,5722.719409,-100.0,-0.8738113975735415,0
-7.178273,39,5723.350127,-100.0,-0.5989064463904393,0
-6.968248,38,5723.974455,-100.0,-0.7138182305243307,0
-6.52408,40,5724.614299,-100.0,-0.7039072777157088,0
-6.086054,38,5840.747705,-100.0,-0.686740712656808,0
-6.357972,43,5841.446162,-100.0,-0.7462867000041876,0
-6.04952,41,5842.10671,-100.0,-0.7057940831756829,0
-6.568718,40,5842.743731,-100.0,-0.6619705497405379,0
-5.961499,41,5843.412507,-100.0,-0.7410621140172358,0
-6.410849,39,5844.026382,-100.0,-0.6962216979028291,0
-6.017721,37,5844.617129,-100.0,-0.7503462138902023,0
-6.824171,42,5845.288216,-100.0,-0.6464113017829678,0
-6.756959,40,5845.941686,-100.0,-0.614829223641348,0
-6.598794,39,5846.570366,-100.0,-0.6843806722751569,0
-6.492524,53,5847.423767,-100.0,-0.7693531886707775,0
-5.925334,38,5848.045734,-100.0,-0.7182641602425887,0
-6.528419,41,5848.701562,-100.0,-0.7312831182453902,0
-6.625776,40,5849.359614,-100.0,-0.5916369887871454,0
-7.063775,46,5850.096903,-100.0,-0.6291252744033533,0
-6.654092,38,5850.714658,-100.0,-0.7288927699419462,0
-6.519712,49,5851.494804,-100.0,-0.6622531759307618,0
-6.610692,54,5852.364632,-100.0,-0.7330224241874855,0
-6.016634,42,5853.036637,-100.0,-0.8492716656535907,0
-6.032686,38,5853.640932,-100.0,-0.7381661586280918,0
-6.907803,40,5854.278955,-100.0,-0.6366266183935253,0
-6.565091,39,5854.90985,-100.0,-0.6323123527376969,0
-5.829903,38,5855.504405,-100.0,-0.9056854761072041,0
-6.460909,43,5856.210571,-100.0,-0.6934378712210891,0
-6.866867,51,5857.029379,-100.0,-0.7882457795370088,0
-6.471788,43,5857.7304,-100.0,-0.6860508855744628,0
-6.591306,41,5858.386308,-100.0,-0.6573013500734429,0
-6.390166,35,5858.943533,-100.0,-0.6402559351256356,0
-6.097974,37,5859.532991,-100.0,-0.7144487070200964,0
-6.880528,37,5860.126433,-100.0,-0.5696819312206957,0
-6.278017,40,5860.760189,-100.0,-0.7349947184974057,0
-6.148932,40,5861.404721,-100.0,-0.715042393703253,0
-6.244655,40,5862.064122,-100.0,-0.687461117933691,0
-6.347073,40,5862.701118,-100.0,-0.7602565050488034,0
-5.948026,38,5863.30874,-100.0,-0.8159824674338741,0
-6.888892,48,5864.11411,-100.0,-0.7103681203945795,0
-6.876494,46,5865.041165,-100.0,-0.6109275922937079,0
-6.611049,36,5865.610965,-100.0,-0.7036021396696612,0
-6.750885,41,5866.27572,-100.0,-0.5753019814498034,0
-6.847764,44,5866.989303,-100.0,-0.7149951005785857,0
-6.353519,38,5867.609335,-100.0,-0.7127385509787451,0
-6.298575,42,5868.265789,-100.0,-0.7885765747457466,0
-6.186419,39,5868.895178,-100.0,-0.8012004214727467,0
-6.198187,39,5869.543894,-100.0,-0.7976960238558513,0
-6.595956,39,5870.16017,-100.0,-0.7581616031508933,0
-6.535035,39,5870.772932,-100.0,-0.7378872042264611,0
-6.480467,45,5871.51397,-100.0,-0.7256122907717397,0
-6.081537,34,5872.03896,-100.0,-0.6939353256929413,0
-6.866174,34,5872.589793,-100.0,-0.608648882988365,0
-6.335275,45,5873.324437,-100.0,-0.7441432859922779,0
-6.296445,33,5993.224061,-100.0,-0.7449221778399255,0
-6.970247,40,5993.869706,-100.0,-0.5428722245059863,0
-6.134944,40,5994.521026,-100.0,-0.7002724951698072,0
-6.825897,48,5995.299055,-100.0,-0.675306045007316,0
-6.809546,38,5995.924113,-100.0,-0.6300373685218581,0
-6.578263,40,5996.557964,-100.0,-0.6545972297406728,0
-6.369524,36,5997.142325,-100.0,-0.6113782360491562,0
-6.700013,45,5997.88226,-100.0,-0.6168594086971337,0
-6.473514,42,5998.55005,-100.0,-0.6638305334024944,0
-5.846669,34,5999.106532,-100.0,-0.7394765987237256,0
-6.676657,37,5999.696258,-100.0,-0.6203159754933942,0
-5.979807,34,6000.256029,-100.0,-0.6230991403258959,0
-5.885955,37,6000.86458,-100.0,-0.7234814855194462,0
-6.546376,40,6001.514467,-100.0,-0.6287855356202733,0
-6.501088,41,6002.169768,-100.0,-0.7309023753987259,0
-5.713653,34,6002.722986,-100.0,-0.7731162488224527,0
-6.643588,43,6003.408138,-100.0,-0.6846110948067091,0
-6.004413,43,6004.112577,-100.0,-0.7855752037142005,0
-6.054303,44,6004.823828,-100.0,-0.7784306673647495,0
-6.063459,39,6005.456396,-100.0,-0.7113048403688191,0
-6.25097,41,6006.130729,-100.0,-0.7205587524220081,0
-5.863363,39,6006.774262,-100.0,-0.8335518083499946,0
-6.476577,38,6007.366737,-100.0,-0.7375753103347353,0
-6.380443,39,6007.989476,-100.0,-0.6367175039042752,0
-6.125617,41,6008.655853,-100.0,-0.770466466911066,0
-6.304134,38,6009.27251,-100.0,-0.7062937909152659,0
-6.156291,35,6009.847926,-100.0,-0.7110577416379764,0
-6.625387,35,6010.423634,-100.0,-0.7561068511343797,0
-6.66085,46,6011.166788,-100.0,-0.7019372322895361,0
-6.194884,42,6011.833996,-100.0,-0.7506251523409676,0
-6.06834,34,6012.399887,-100.0,-0.7369954873928067,0
-6.481815,44,6013.095939,-100.0,-0.8242574748550624,0
-5.931738,32,6013.617975,-100.0,-0.7778649125713479,0
-6.46022,43,6014.318101,-100.0,-0.8477755836196217,0
-7.176637,47,6015.06018,-100.0,-0.6636810789404723,0
-6.650709,39,6015.691172,-100.0,-0.6472399080703587,0
-6.415238,44,6016.413003,-100.0,-0.7464737642067353,0
-6.02604,33,6016.929536,-100.0,-0.7605727018403289,0
-6.079026,39,6017.567119,-100.0,-0.779720789012009,0
-6.320838,39,6018.204876,-100.0,-0.6820565799269029,0
-6.294623,41,6018.875744,-100.0,-0.7065280437979918,0
-6.527586,39,6019.48823,-100.0,-0.7401403535243211,0
-6.131913,34,6020.042012,-100.0,-0.6782930273292481,0
-6.344277,38,6020.66507,-100.0,-0.7002783939578402,0
-7.04366,45,6021.391554,-100.0,-0.6709114488213206,0
-6.202662,36,6021.974535,-100.0,-0.8084069384236158,0
-6.097844,41,6022.62202,-100.0,-0.7923997201254673,0
-6.209725,41,6023.296999,-100.0,-0.8175708279247644,0
-5.6161,33,6023.84076,-100.0,-0.8455109456268112,0
-6.717263,42,6024.511793,-100.0,-0.6058364517383991,0
-6.033372,43,6025.224417,-100.0,-0.8243034890834298,0
-6.528715,42,6025.905666,-100.0,-0.6667983526443396,0
-6.583008,38,6145.044168,-100.0,-0.6056126675995528,0
-6.552408,42,6145.788055,-100.0,-0.7103354865578407,0
-6.70081,53,6146.729796,-100.0,-0.766316358669198,0
-6.227691,38,6147.394316,-100.0,-0.7022257379961373,0
-6.360555,44,6148.156101,-100.0,-0.7118703885436626,0
-6.310774,37,6148.816719,-100.0,-0.6858468236808544,0
-6.561246,41,6149.534283,-100.0,-0.6049624462022587,0
-6.345574,46,6150.347187,-100.0,-0.7813091594022772,0
-6.53846,43,6151.113795,-100.0,-0.7213157956463782,0
-5.99614,41,6151.833854,-100.0,-0.8001010474859738,0
-6.18293,43,6152.565974,-100.0,-0.8099252894796825,0
-6.026621,37,6153.225429,-100.0,-0.6763130606027532,0
-5.990204,40,6153.92237,-100.0,-0.9089916715655707,0
-6.040667,43,6154.677201,-100.0,-0.8897690643660988,0
-5.590234,36,6155.313563,-100.0,-0.8416525115870951,0
-6.048542,39,6156.006216,-100.0,-0.7009849300871511,0
-6.337346,40,6156.72455,-100.0,-0.7042588167014615,0
-5.779378,35,6157.312996,-100.0,-0.7738173619817869,0
-6.281451,40,6158.03981,-100.0,-0.6849578263203332,0
-6.63141,37,6158.688923,-100.0,-0.6603845059917312,0
-5.977298,42,6159.426311,-100.0,-0.7625017485808294,0
-6.364138,39,6160.111953,-100.0,-0.8758534225472077,0
-6.317852,40,6160.798403,-100.0,-0.654330319841389,0
-6.121217,34,6161.413887,-100.0,-0.7356169481302381,0
-6.948525,36,6162.052249,-100.0,-0.6514997670105128,0
-6.571695,40,6162.729486,-100.0,-0.6329567355241419,0
-6.41487,47,6163.567923,-100.0,-0.6796878295315055,0
-7.044857,43,6164.313923,-100.0,-0.6838253674280141,0
-6.107047,36,6164.936426,-100.0,-0.632254616077369,0
-6.054605,40,6165.650112,-100.0,-0.7267109330788759,0
-6.293638,38,6166.304724,-100.0,-0.6870658077292864,0
-6.526254,42,6167.034416,-100.0,-0.6760183406966992,0
-6.31824,46,6167.843326,-100.0,-0.6997165710123883,0
-6.802182,40,6168.553268,-100.0,-0.7117086984010703,0
-6.679093,38,6169.22714,-100.0,-0.6118377340616208,0
-6.214212,35,6169.825962,-100.0,-0.6367188123228472,0
-6.359224,40,6170.535001,-100.0,-0.6512563565524971,0
-5.945515,41,6171.250267,-100.0,-0.7242686896643191,0
-6.951591,33,6171.823897,-100.0,-0.5981137885517847,0
-6.558933,40,6172.532655,-100.0,-0.6808124107375363,0
-6.138781,33,6173.114962,-100.0,-0.6254706446420405,0
-6.541234,42,6173.839222,-100.0,-0.713750445370227,0
-6.372195,34,6174.448688,-100.0,-0.6104724679497749,0
-6.032307,43,6175.193946,-100.0,-0.799396316481624,0
-6.703923,39,6175.881757,-100.0,-0.6605208893060025,0
-6.430387,43,6176.6462,-100.0,-0.6197456025764527,0
-6.580407,38,6177.314359,-100.0,-0.7070109219182236,0
-6.555465,42,6178.041698,-100.0,-0.7234901956656116,0
-6.820039,47,6178.883878,-100.0,-0.7102640861343309,0
-6.464382,39,6179.560485,-100.0,-0.714836844739489,0
-6.550777,40,6180.263982,-100.0,-0.6179569420073899,0
-6.433937,38,6301.870423,-100.0,-0.6944273472166875,0
-6.139954,39,6302.497424,-100.0,-0.7685997791296681,0
-5.911932,34,6303.074337,-100.0,-0.6947896027318061,0
-6.289862,40,6303.721864,-100.0,-0.7124392749258553,0
-6.011772,39,6304.368789,-100.0,-0.7977655642031897,0
-5.929141,34,6304.929549,-100.0,-0.7022804247077682,0
-6.324431,40,6305.57931,-100.0,-0.8440603485207261,0
-6.289825,36,6306.161047,-100.0,-0.6676389196002348,0
-6.408675,42,6306.865342,-100.0,-0.716902910460218,0
-5.949001,33,6307.395609,-100.0,-0.774469355064822,0
-6.241091,44,6308.115056,-100.0,-0.6902647481063007,0
-6.176047,35,6308.668604,-100.0,-0.6401962113768471,0
-5.970965,43,6309.387177,-100.0,-0.766374387174125,0
-6.166514,42,6310.080653,-100.0,-0.7352216238874176,0
-6.749681,43,6310.771316,-100.0,-0.6589082617662955,0
-6.47759,33,6311.308231,-100.0,-0.6486297162821789,0
-5.931895,33,6311.843182,-100.0,-0.6958803810707785,0
-6.754316,37,6312.442341,-100.0,-0.6757964673448742,0
-6.173941,38,6313.054656,-100.0,-0.6754917403812176,0
-6.437396,43,6313.753195,-100.0,-0.6442287890020696,0
-6.359729,32,6314.274905,-100.0,-0.675725498998086,0
-6.543882,41,6314.94223,-100.0,-0.7227818451814412,0
-6.141875,33,6315.475938,-100.0,-0.669179020494162,0
-6.078388,34,6316.037744,-100.0,-0.6875168588972926,0
-5.917149,40,6316.692438,-100.0,-0.800311213994188,0
-6.464188,41,6317.371291,-100.0,-0.6421164983564068,0
-6.318402,40,6318.017061,-100.0,-0.6903486339135496,0
-6.055683,37,6318.616838,-100.0,-0.7375266319461193,0
-6.409926,38,6319.234628,-100.0,-0.6844099375454697,0
-6.486532,41,6319.906516,-100.0,-0.6928840463636811,0
-6.274279,33,6320.451767,-100.0,-0.6656711756724835,0
-6.563572,41,6321.117803,-100.0,-0.7242342958483126,0
-6.295746,39,6321.754519,-100.0,-0.7342157757410044,0
-6.330374,45,6322.49957,-100.0,-0.7064735586120696,0
-6.274945,33,6323.028181,-100.0,-0.7265616050519828,0
-6.053504,33,6323.582187,-100.0,-0.6898766969326622,0
-6.002229,35,6324.155118,-100.0,-0.6618374478892851,0
-5.867744,39,6324.795355,-100.0,-0.7443960737982007,0
-6.148634,39,6325.444884,-100.0,-0.6568514460385201,0
-6.471532,41,6326.099662,-100.0,-0.792903565108184,0
-5.692054,35,6326.674468,-100.0,-0.6966804421605569,0
-6.576376,44,6327.392585,-100.0,-0.7295811064360803,0
-5.862454,39,6328.026379,-100.0,-0.7425874212318895,0
-6.077088,35,6328.604717,-100.0,-0.7557664738100567,0
-5.893077,31,6329.119082,-100.0,-0.883221685553228,0
-5.687974,34,6329.681901,-100.0,-0.786879961761425,0
-6.126845,36,6330.26493,-100.0,-0.7382439927167779,0
-6.318992,37,6330.873347,-100.0,-0.6385380677119433,0
-6.399582,31,6331.361329,-100.0,-0.6943784962363695,0
-6.087786,39,6332.008932,-100.0,-0.8409590896744505,0
-6.077125,41,6332.687201,-100.0,-0.7355828876023591,0
-6.01463,33,6333.206486,-100.0,-0.6648639720673312,0
-6.732057,46,6333.964122,-100.0,-0.6574594892683344,0
-6.356595,38,6334.587132,-100.0,-0.6461886005838281,0
-5.924481,37,6452.062961,-100.0,-0.7885730165695723,0
-6.471651,34,6452.620253,-100.0,-0.6859878437346735,0
-6.41529,40,6453.284298,-100.0,-0.7144829221798338,0
-6.08337,40,6453.95017,-100.0,-0.6360827033971037,0
-6.121864,45,6454.686074,-100.0,-0.7539043993778877,0
-5.895881,34,6455.242774,-100.0,-0.6152286698108564,0
-6.37043,40,6455.916943,-100.0,-0.701744576934209,0
-5.707988,33,6456.456951,-100.0,-0.7088438505433208,0
-6.0467,38,6457.083691,-100.0,-0.7854391675748185,0
-6.042055,40,6457.750486,-100.0,-0.7705710254781923,0
-6.47673,37,6458.340712,-100.0,-0.7360777824062263,0
-5.829445,40,6459.001616,-100.0,-0.7813918489943898,0
-5.822742,34,6459.560382,-100.0,-0.7711383746920032,0
-6.429264,44,6460.277025,-100.0,-0.7234752508308717,0
-6.050686,33,6460.836213,-100.0,-0.7146737437367471,0
-6.226064,34,6461.396363,-100.0,-0.717093552673992,0
-5.676153,34,6461.950737,-100.0,-0.7690861389854553,0
-6.769112,42,6462.644046,-100.0,-0.6873504806423019,0
-5.981299,35,6463.223535,-100.0,-0.69267461269122,0
-6.681009,39,6463.866841,-100.0,-0.6351123767657345,0
-6.495981,45,6464.581899,-100.0,-0.6074991720959196,0
-6.368971,38,6465.207026,-100.0,-0.6286906683719174,0
-5.546785,33,6465.747766,-100.0,-0.7475392884775801,0
-6.224592,35,6466.325745,-100.0,-0.611639785152234,0
-6.294721,40,6466.977833,-100.0,-0.695714932512739,0
-6.733477,38,6467.610746,-100.0,-0.6498972872869548,0
-6.250533,38,6468.221675,-100.0,-0.7153305155629861,0
-6.249367,34,6468.776601,-100.0,-0.7085593616759422,0
-5.584523,33,6469.312733,-100.0,-0.8211732225454733,0
-6.478295,39,6469.955466,-100.0,-0.7171771638787726,0
-6.127505,34,6470.519446,-100.0,-0.6440708770164691,0
-5.777838,39,6471.156063,-100.0,-0.7475390542270012,0
-5.885402,39,6471.799951,-100.0,-0.8150131361093343,0
-6.141789,39,6472.435504,-100.0,-0.7368771563728043,0
-6.060083,34,6473.004987,-100.0,-0.6670765499281516,0
-6.245582,35,6473.581895,-100.0,-0.6856909406272558,0
-5.936134,42,6474.271779,-100.0,-0.7570409995783698,0
-6.541138,40,6474.915528,-100.0,-0.6837429375433496,0
-5.866673,40,6475.560185,-100.0,-0.8259548264048653,0
-6.347046,40,6476.215744,-100.0,-0.6903847462279559,0
-5.820571,35,6476.788601,-100.0,-0.7448723680983532,0
-6.072746,35,6477.381868,-100.0,-0.8006006195963459,0
-6.042448,40,6478.041975,-100.0,-0.7325121038263525,0
-6.374478,36,6478.636814,-100.0,-0.6225853368176301,0
-6.066733,39,6479.257675,-100.0,-0.708978595577036,0
-6.086849,41,6479.922572,-100.0,-0.8186612595161652,0
-5.881587,35,6480.490381,-100.0,-0.8568616653810135,0
-6.635232,39,6481.128265,-100.0,-0.6823991265477528,0
-5.620987,36,6481.739327,-100.0,-0.7164448746102183,0
-6.306297,44,6482.452111,-100.0,-0.701293639196229,0
-5.569532,32,6482.992146,-100.0,-0.8237146679539591,0
-6.84723,43,6483.687602,-100.0,-0.6150171567469953,0
-6.039153,39,6484.325169,-100.0,-0.8648646361960078,0
-6.019317,33,6484.865957,-100.0,-0.6780673563178095,0
-6.141678,39,6485.507577,-100.0,-0.664981296242146,0
-5.660936,33,6602.128427,-100.0,-0.7685177890394428,0
-6.401791,35,6602.709396,-100.0,-0.6534845493012712,0
-6.123042,34,6603.279239,-100.0,-0.6478522940102124,0
-5.915799,34,6603.82929,-100.0,-0.7543019298099781,0
-6.105218,39,6604.479146,-100.0,-0.7743481450269973,0
-5.97866,40,6605.141064,-100.0,-0.7638916211162432,0
-6.272367,39,6605.769634,-100.0,-0.7198214211522467,0
-5.777102,35,6606.347651,-100.0,-0.8125165273227521,0
-5.729226,43,6607.046555,-100.0,-0.8152171255123882,0
-5.992357,40,6607.708089,-100.0,-0.801985142505686,0
-6.422231,35,6608.279944,-100.0,-0.6725077871861308,0
-6.050542,35,6608.866439,-100.0,-0.8688828592418169,0
-6.338842,38,6609.487371,-100.0,-0.6742923191619239,0
-6.069528,39,6610.123924,-100.0,-0.7789249049527341,0
-5.799668,32,6610.643493,-100.0,-0.7406447488160837,0
-6.076154,33,6611.197807,-100.0,-0.6783473967322232,0
-6.676416,35,6611.776344,-100.0,-0.6187717553510712,0
-6.016472,42,6612.455981,-100.0,-0.7449422792202465,0
-5.942176,40,6613.109553,-100.0,-0.78863584098062,0
-5.510962,33,6613.658644,-100.0,-0.7156624415480568,0
-6.166386,39,6614.307189,-100.0,-0.6854916426179687,0
-5.942642,34,6614.863842,-100.0,-0.669271289370191,0
-5.95525,39,6615.49141,-100.0,-0.7439795323334517,0
-5.785679,34,6616.067218,-100.0,-0.8655778773761463,0
-5.781912,42,6616.749867,-100.0,-0.7502331994979751,0
-6.07328,35,6617.332928,-100.0,-0.6576411708500572,0
-6.188718,39,6617.964767,-100.0,-0.6826558690590965,0
-6.131115,34,6618.527983,-100.0,-0.7021471811333089,0
-6.551557,36,6619.132411,-100.0,-0.6448091058881893,0
-5.936061,44,6619.858232,-100.0,-0.7688267329255973,0
-5.721227,38,6620.487817,-100.0,-0.805485159139158,0
-5.869267,38,6621.105036,-100.0,-0.8621903595298313,0
-6.235952,40,6621.766778,-100.0,-0.7689255326461538,0
-6.534155,39,6622.397504,-100.0,-0.7416038736969424,0
-5.918295,33,6622.948354,-100.0,-0.6857679282662831,0
-5.986686,38,6623.582251,-100.0,-0.853591074851304,0
-5.561791,37,6624.197943,-100.0,-0.8104421486688027,0
-6.304014,41,6624.858441,-100.0,-0.7313455775107339,0
-5.975311,34,6625.436353,-100.0,-0.6651116711728707,0
-6.329332,42,6626.11951,-100.0,-0.6314380762853778,0
-6.38752,36,6626.714774,-100.0,-0.6199064709507625,0
-6.112379,36,6627.299488,-100.0,-0.6785955229790043,0
-6.086975,34,6627.851926,-100.0,-0.7322258509367569,0
-6.241172,39,6628.514707,-100.0,-0.6919178653381863,0
-6.107922,33,6629.039783,-100.0,-0.6437868895544668,0
-6.476606,43,6629.746963,-100.0,-0.7800601225940088,0
-5.761948,34,6630.298168,-100.0,-0.7764395960267905,0
-6.839519,42,6631.01409,-100.0,-0.6829897159387158,0
-6.467881,37,6631.608352,-100.0,-0.6795286015338913,0
-5.99176,35,6632.189161,-100.0,-0.7001461220410276,0
-6.006746,33,6632.729189,-100.0,-0.6660025267833568,0
-5.929968,42,6633.417892,-100.0,-0.8007658953921021,0
-5.967436,32,6633.924895,-100.0,-0.6082780862509956,0
-5.995264,42,6634.639359,-100.0,-0.7097293746283175,0
-5.916147,38,6635.259154,-100.0,-0.8734884533556219,0
-5.773678,34,6751.450128,-100.0,-0.7969201994392422,0
-5.991231,36,6752.059371,-100.0,-0.7381392730466148,0
-5.812838,33,6752.609042,-100.0,-0.6986000639691327,0
-5.979507,34,6753.167835,-100.0,-0.7154364286153949,0
-6.120443,37,6753.783746,-100.0,-0.6917832004878468,0
-6.431727,36,6754.385071,-100.0,-0.6405103536651336,0
-6.077711,34,6754.951372,-100.0,-0.6385303731269565,0
-6.179163,34,6755.51923,-100.0,-0.7003060937967328,0
-5.900123,41,6756.184264,-100.0,-0.6807652473566589,0
-5.9121,38,6756.802998,-100.0,-0.7737945277014535,0
-5.704829,35,6757.392927,-100.0,-0.7448247100072908,0
-5.915451,38,6758.02273,-100.0,-0.7353051893680628,0
-6.213088,34,6758.590931,-100.0,-0.754419116446088,0
-6.502174,35,6759.165721,-100.0,-0.6335145834984177,0
-6.125948,34,6759.718801,-100.0,-0.7886732842934081,0
-6.290591,38,6760.352126,-100.0,-0.6393878090624279,0
-5.511173,33,6760.899802,-100.0,-0.7194671857159074,0
-5.56156,34,6761.451624,-100.0,-0.6895060957099565,0
-6.383295,37,6762.078561,-100.0,-0.7201753371317187,0
-5.858368,42,6762.765865,-100.0,-0.8227334961113079,0
-6.034594,37,6763.371832,-100.0,-0.6581992585920919,0
-6.087984,35,6763.950037,-100.0,-0.611729221423441,0
-6.315093,37,6764.561208,-100.0,-0.6771758605287082,0
-5.974665,33,6765.090894,-100.0,-0.6748960761578758,0
-5.965328,37,6765.69824,-100.0,-0.7556221014932609,0
-5.787699,35,6766.274639,-100.0,-0.7508525867241312,0
-6.085948,36,6766.87784,-100.0,-0.69121566223955,0
-5.891329,38,6767.511832,-100.0,-0.7695046256977982,0
-6.504535,47,6768.293125,-100.0,-0.7287952716135319,0
-6.273775,42,6768.990268,-100.0,-0.7163379841446612,0
-5.946197,38,6769.623833,-100.0,-0.7674333431127963,0
-6.109543,40,6770.283475,-100.0,-0.6638151580411558,0
-5.753468,35,6770.877478,-100.0,-0.7822072725636795,0
-6.183965,37,6771.492934,-100.0,-0.6150675669245298,0
-5.756442,39,6772.125774,-100.0,-0.7478445644252439,0
-6.619844,42,6772.817685,-100.0,-0.6417038586934278,0
-6.229554,49,6773.616349,-100.0,-0.696330773544317,0
-6.397703,41,6774.277399,-100.0,-0.7457088510656341,0
-6.436825,37,6774.89541,-100.0,-0.6800309704308037,0
-6.063476,34,6775.471661,-100.0,-0.71621808557064,0
-5.911413,37,6776.09439,-100.0,-0.7310949625607891,0
-6.266588,35,6776.672666,-100.0,-0.6655005597940269,0
-6.323417,39,6777.319878,-100.0,-0.7159838582503193,0
-6.242616,43,6778.003472,-100.0,-0.9535886149814078,0
-6.612049,43,6778.717249,-100.0,-0.6968368202624523,0
-6.145353,33,6779.270646,-100.0,-0.6577828969536289,0
-5.953153,34,6779.826978,-100.0,-0.6796769881864617,0
-5.836879,34,6780.391993,-100.0,-0.6565010690185007,0
-5.845337,35,6780.982686,-100.0,-0.7710645636308449,0
-6.395607,34,6781.549181,-100.0,-0.7120885061752767,0
-6.232335,34,6782.103925,-100.0,-0.5975751070488055,0
-6.17807,42,6782.808892,-100.0,-0.5801932599670373,0
-6.314849,38,6783.432739,-100.0,-0.6691596082138387,0
-6.134901,36,6784.017925,-100.0,-0.8451808480207672,0
-5.911678,40,6784.671149,-100.0,-0.7306766181358563,0
-6.2483,42,6903.886419,-100.0,-0.7194665793252552,0
-6.157752,36,6904.484995,-100.0,-0.6999056702849572,0
-5.952786,33,6905.018705,-100.0,-0.6492851579475926,0
-5.962688,32,6905.567019,-100.0,-0.7493632512875666,0
-6.106774,34,6906.122193,-100.0,-0.679191008068845,0
-6.575287,42,6906.83408,-100.0,-0.7232706241916048,0
-5.721813,33,6907.373911,-100.0,-0.7909110254803576,0
-6.176515,33,6907.910152,-100.0,-0.715193659234836,0
-6.252407,42,6908.616911,-100.0,-0.7315960581759323,0
-6.398978,39,6909.268896,-100.0,-0.6866146215703687,0
-6.081641,33,6909.824257,-100.0,-0.7710787084917881,0
-5.955993,34,6910.37573,-100.0,-0.7499752896036969,0
-5.905697,35,6910.94283,-100.0,-0.7349047557481316,0
-5.860604,33,6911.491951,-100.0,-0.7696757615227314,0
-5.497675,33,6912.04761,-100.0,-0.8194829080518488,0
-5.744289,32,6912.575292,-100.0,-0.7941271964924054,0
-6.031313,33,6913.132804,-100.0,-0.6520400452940723,0
-6.141151,34,6913.698774,-100.0,-0.7042160705708759,0
-6.237569,34,6914.262753,-100.0,-0.7147375905781145,0
-6.456397,40,6914.927829,-100.0,-0.7543780143512057,0
-5.917657,39,6915.568096,-100.0,-0.8176801739907695,0
-5.592975,33,6916.106776,-100.0,-0.8177887200381465,0
-5.529879,33,6916.666157,-100.0,-0.7286284570650577,0
-5.457833,33,6917.225768,-100.0,-0.8951436703593828,0
-6.080941,39,6917.85757,-100.0,-0.6461138654867432,0
-6.168033,35,6918.439342,-100.0,-0.6650134227785507,0
-5.703518,33,6918.980304,-100.0,-0.7947940283471367,0
-6.064799,36,6919.571405,-100.0,-0.7463560966269797,0
-6.062111,36,6920.173589,-100.0,-0.6742794454765159,0
-5.824721,36,6920.757886,-100.0,-0.7412608992939447,0
-6.502755,32,6921.295503,-100.0,-0.5890129277821285,0
-6.001779,35,6921.873039,-100.0,-0.7102623381134068,0
-5.51414,32,6922.412944,-100.0,-0.8230881654253054,0
-5.845824,33,6922.947941,-100.0,-0.700553375565772,0
-5.878816,44,6923.663623,-100.0,-0.7688468895959462,0
-5.74823,35,6924.254384,-100.0,-0.7120891765400162,0
-5.907672,36,6924.842488,-100.0,-0.7119528645382219,0
-6.022303,37,6925.464125,-100.0,-0.7528614499357832,0
-6.002498,39,6926.117676,-100.0,-0.683518085738629,0
-5.87258,33,6926.642153,-100.0,-0.6103355823760659,0
-5.995788,33,6927.195491,-100.0,-0.6124261771564585,0
-6.059885,41,6927.861565,-100.0,-0.6507777372537108,0
-6.09251,37,6928.492467,-100.0,-0.6742077007237837,0
-5.924292,44,6929.211202,-100.0,-0.7843556571715627,0
-5.98462,36,6929.798193,-100.0,-0.8224163908739673,0
-5.573784,34,6930.364544,-100.0,-0.839723748569966,0
-5.837483,36,6930.969814,-100.0,-0.7064198249086742,0
-6.241999,35,6931.544593,-100.0,-0.6694369091823049,0
-6.032385,33,6932.070022,-100.0,-0.7706407075458354,0
-6.106598,40,6932.737885,-100.0,-0.6195108880445981,0
-6.016138,39,6933.395372,-100.0,-0.6475049448679233,0
-6.310937,35,6933.962681,-100.0,-0.6575755075763622,0
-6.097112,41,6934.6409,-100.0,-0.7194840658564489,0
-6.438677,45,6935.403461,-100.0,-0.7950511910766471,0
-6.064917,40,6936.059908,-100.0,-0.7032656345435215,0
-6.099357,42,6936.755259,-100.0,-0.7099403954679979,0
-6.262695,34,6937.310435,-100.0,-0.668241636868842,0
-6.265302,34,7033.830887,-100.0,-0.6987214385415709,0
-6.090278,42,7034.534153,-100.0,-0.6658298132715177,0
-5.934956,36,7035.125227,-100.0,-0.6484283107422757,0
-6.028835,34,7035.691083,-100.0,-0.695433010638719,0
-6.431536,37,7036.301592,-100.0,-0.8064325860289272,0
-5.538607,33,7036.83935,-100.0,-0.7920747279904753,0
-6.051727,35,7037.426513,-100.0,-0.7244742805634634,0
-5.956052,38,7038.052146,-100.0,-0.8009921483477508,0
-6.313449,35,7038.628704,-100.0,-0.6288884825123465,0
-6.531301,36,7039.234259,-100.0,-0.8232254726178366,0
-6.202368,42,7039.937989,-100.0,-0.6609964674942824,0
-6.028342,40,7040.614064,-100.0,-0.6394704150032552,0
-5.879803,34,7041.182265,-100.0,-0.7163537714455341,0
-5.803481,33,7041.72167,-100.0,-0.779244846089451,0
-6.137684,35,7042.306082,-100.0,-0.6818489012236917,0
-5.677148,33,7042.827846,-100.0,-0.7208573513231593,0
-5.922668,34,7043.398803,-100.0,-0.7071281430139342,0
-5.677307,38,7044.040232,-100.0,-0.8127447364506051,0
-6.099343,34,7044.603472,-100.0,-0.7107314445512796,0
-5.971435,40,7045.260623,-100.0,-0.8496415040346017,0
-5.894528,35,7045.842486,-100.0,-0.7379939755070938,0
-5.918155,38,7046.466226,-100.0,-0.6814032970226848,0
-6.128679,41,7047.174294,-100.0,-0.7223150733751403,0
-5.986328,33,7047.715986,-100.0,-0.6294188119909515,0
-5.856351,37,7048.334821,-100.0,-0.7032821415735383,0
-5.992087,34,7048.889045,-100.0,-0.6808518981360657,0
-6.020928,42,7049.583688,-100.0,-0.7328160297751293,0
-5.542739,34,7050.150703,-100.0,-0.7974853546425118,0
-5.785829,39,7050.800859,-100.0,-0.8423288654752014,0
-6.32755,39,7051.453376,-100.0,-0.6730604588701987,0
-6.028506,41,7052.121605,-100.0,-0.7886584774588793,0
-5.638759,33,7052.677315,-100.0,-0.8212582221683143,0
-6.279955,40,7053.336277,-100.0,-0.6513608196272236,0
-6.13467,41,7054.005484,-100.0,-0.6773097777775411,0
-5.911829,33,7054.566879,-100.0,-0.6353934208377803,0
-5.789008,34,7055.13349,-100.0,-0.7212457397140488,0
-5.813995,37,7055.740412,-100.0,-0.7138068922126796,0
-6.310606,39,7056.393166,-100.0,-0.6991425301699091,0
-5.6296,36,7056.979011,-100.0,-0.684729312167343,0
-5.968874,43,7057.693081,-100.0,-0.8785219390411648,0
-5.840062,33,7058.242958,-100.0,-0.7315521229904958,0
-5.750742,34,7058.813459,-100.0,-0.7295504371374419,0
-6.377959,40,7059.481111,-100.0,-0.6312417869055146,0
-5.943523,34,7060.041518,-100.0,-0.7711619670138401,0
-6.056696,35,7060.624304,-100.0,-0.7101102988923229,0
-6.203027,34,7061.190722,-100.0,-0.653647884243605,0
-5.972144,40,7061.853516,-100.0,-0.8248025009828954,0
-5.631741,32,7062.390963,-100.0,-0.8358390027474419,0
-6.040396,39,7063.045141,-100.0,-0.72501433194436,0
-6.158747,41,7063.719127,-100.0,-0.7106569267652638,0
-5.669635,36,7064.326473,-100.0,-0.7493522652760934,0
-6.326522,42,7065.031035,-100.0,-0.655315355892524,0
-5.944598,41,7065.715169,-100.0,-0.747834278880964,0
-5.656577,38,7066.342957,-100.0,-0.858905676699638,0
-6.323398,36,7066.931633,-100.0,-0.6754193855775822,0
-5.766767,38,7174.010423,-100.0,-0.7693751895271388,0
-5.561923,34,7174.579596,-100.0,-0.8458936626423224,0
-6.077215,36,7175.180928,-100.0,-0.6633462638932949,0
-5.981214,34,7175.751778,-100.0,-0.7155012575633432,0
-6.10493,35,7176.340084,-100.0,-0.8213598124624001,0
-6.275136,41,7177.011802,-100.0,-0.7014711272916007,0
-5.720358,32,7177.547349,-100.0,-0.8706952579167371,0
-6.120269,36,7178.149481,-100.0,-0.6623786017567752,0
-5.656063,34,7178.724129,-100.0,-0.7403047285238553,0
-6.415651,38,7179.341452,-100.0,-0.7163254869865784,0
-5.539175,33,7179.902761,-100.0,-0.7279767131159398,0
-5.872105,33,7180.464754,-100.0,-0.7267552465156116,0
-6.387252,36,7181.055439,-100.0,-0.6644071366571664,0
-6.451706,35,7181.636885,-100.0,-0.7071472357745658,0
-6.124886,35,7182.220651,-100.0,-0.6439932426662667,0
-5.918923,34,7182.792706,-100.0,-0.7510470489186215,0
-6.117447,33,7183.345987,-100.0,-0.6955996689887491,0
-5.698265,34,7183.912245,-100.0,-0.8330814656042516,0
-6.514009,36,7184.510221,-100.0,-0.6729009339078502,0
-6.045205,34,7185.085703,-100.0,-0.6464244777199378,0
-6.268071,34,7185.64698,-100.0,-0.6392814804393031,0
-5.417654,34,7186.210684,-100.0,-0.8834866450686902,0
-5.925835,33,7186.751932,-100.0,-0.6368703267218134,0
-5.776217,31,7187.267162,-100.0,-0.689143439661873,0
-6.564028,48,7188.078619,-100.0,-0.7218623259719287,0
-5.918155,34,7188.664773,-100.0,-0.653958497114908,0
-6.053033,33,7189.218848,-100.0,-0.7589778591328638,0
-5.706764,35,7189.788522,-100.0,-0.7910549922149479,0
-5.688809,39,7190.433945,-100.0,-0.8060998994055492,0
-6.459053,45,7191.16657,-100.0,-0.6779842833769404,0
-6.007344,33,7191.720386,-100.0,-0.6936125704855466,0
-5.687205,33,7192.281595,-100.0,-0.7155254094120626,0
-5.938516,33,7192.835447,-100.0,-0.7180961605657042,0
-5.918966,38,7193.476359,-100.0,-0.8467865302586408,0
-5.936292,43,7194.179605,-100.0,-0.7390206007720816,0
-5.49184,32,7194.717868,-100.0,-0.7707881221679129,0
-5.629544,39,7195.360551,-100.0,-0.8443680939928121,0
-5.536798,33,7195.902128,-100.0,-0.8186700182335821,0
-6.084827,34,7196.481502,-100.0,-0.6768822943026742,0
-6.308589,37,7197.090086,-100.0,-0.7300162292091517,0
-5.914461,32,7197.637614,-100.0,-0.7263489561077957,0
-6.065851,32,7198.170031,-100.0,-0.6825322790913178,0
-6.253389,34,7198.737058,-100.0,-0.6595545883298021,0
-5.514356,32,7199.260351,-100.0,-0.8682497596312807,0
-6.238414,37,7199.892196,-100.0,-0.7017510413825017,0
-5.61753,32,7200.421885,-100.0,-0.8793398527031749,0
-5.566123,34,7200.983731,-100.0,-0.8464903831972806,0
-5.959882,36,7201.588206,-100.0,-0.6834633176862414,0
-5.893868,43,7202.300754,-100.0,-0.776665574227586,0
-6.040254,35,7202.8859,-100.0,-0.785933591357995,0
-5.842215,36,7203.487576,-100.0,-0.790549934888277,0
-5.889306,33,7204.046308,-100.0,-0.6661401255921782,0
-6.662159,43,7204.768491,-100.0,-0.5961737188499707,0
-6.646418,38,7205.391508,-100.0,-0.6164552470072229,0
-6.415325,38,7206.017742,-100.0,-0.7063909390109475,0
-6.201081,37,7206.629884,-100.0,-0.7489434577139994,0
-6.0577,38,7207.274356,-100.0,-0.8329092843065761,0
-6.100861,37,7207.877414,-100.0,-0.7339718237391122,0
-5.531531,32,7315.059159,-100.0,-0.794024400894767,0
-5.784024,37,7315.701051,-100.0,-0.8501796622762802,0
-6.007493,33,7316.226723,-100.0,-0.7305481125806292,0
-5.91056,31,7316.754216,-100.0,-0.774697591345908,0
-5.994299,39,7317.398619,-100.0,-0.6940802317811915,0
-6.275013,36,7318.011452,-100.0,-0.630554109580572,0
-5.89261,34,7318.570523,-100.0,-0.6180548314840402,0
-5.39881,34,7319.154759,-100.0,-0.7192098620287352,0
-6.097896,33,7319.704885,-100.0,-0.6923420385756188,0
-5.923029,35,7320.302222,-100.0,-0.7257882774937714,0
-6.15461,34,7320.868353,-100.0,-0.6506154213301418,0
-5.779536,33,7321.428633,-100.0,-0.7602110381537752,0
-5.455264,33,7321.98111,-100.0,-0.8122790938929986,0
-5.982113,35,7322.558775,-100.0,-0.7403641075358111,0
-6.07538,44,7323.290056,-100.0,-0.6854210325978196,0
-5.840437,35,7323.884196,-100.0,-0.748285212670052,0
-5.874726,40,7324.535381,-100.0,-0.8356623463269526,0
-6.017977,39,7325.184702,-100.0,-0.7657947960556054,0
-5.600924,33,7325.733318,-100.0,-0.8268721001342669,0
-5.806256,36,7326.343571,-100.0,-0.779561020612821,0
-6.062635,37,7326.966053,-100.0,-0.701247780216567,0
-5.911166,34,7327.527822,-100.0,-0.6313371879363435,0
-6.03083,34,7328.094695,-100.0,-0.7583582194612726,0
-6.209912,33,7328.649377,-100.0,-0.6510732489662558,0
-6.407473,35,7329.239075,-100.0,-0.6857980752390963,0
-6.07442,34,7329.805028,-100.0,-0.6513986031820845,0
-6.058725,37,7330.426024,-100.0,-0.7641942553557387,0
-5.469428,33,7330.990006,-100.0,-0.8521198758676848,0
-5.924507,37,7331.604768,-100.0,-0.7523162946757398,0
-5.749921,37,7332.226793,-100.0,-0.806298812863792,0
-5.428418,32,7332.768009,-100.0,-0.8363828125688114,0
-6.098608,35,7333.343443,-100.0,-0.6253712460908784,0
-5.827597,40,7334.017881,-100.0,-0.7463845145661397,0
-6.51429,38,7334.653355,-100.0,-0.6436637495660132,0
-6.121412,35,7335.234223,-100.0,-0.6438509979992599,0
-5.811156,34,7335.796163,-100.0,-0.7244607880745916,0
-6.350491,38,7336.44875,-100.0,-0.6919574708264581,0
-6.029707,35,7337.02706,-100.0,-0.5916859838940913,0
-5.643352,34,7337.598482,-100.0,-0.8476247968152613,0
-5.845223,35,7338.178742,-100.0,-0.7219782082644098,0
-5.778922,38,7338.808353,-100.0,-0.741689372609801,0
-5.704127,34,7339.382199,-100.0,-0.8524049228783046,0
-6.028441,34,7339.954004,-100.0,-0.7064962352274707,0
-6.351268,36,7340.562345,-100.0,-0.7822201129067243,0
-6.262039,42,7341.270043,-100.0,-0.654320520392524,0
-6.090422,37,7341.892034,-100.0,-0.6828943490697355,0
-5.789332,33,7342.435632,-100.0,-0.6924435744424644,0
-5.72388,33,7342.987452,-100.0,-0.7178652082209344,0
-5.546585,34,7343.558772,-100.0,-0.7931837329026858,0
-6.037141,34,7344.11214,-100.0,-0.6952717881459792,0
-6.016597,36,7344.716647,-100.0,-0.7174506177161415,0
-6.227994,35,7345.296304,-100.0,-0.6736635642017709,0
-6.018607,36,7345.911789,-100.0,-0.6605661195355789,0
-6.071893,33,7346.452579,-100.0,-0.6525561138415549,0
-6.110675,35,7347.051043,-100.0,-0.6425143102752457,0
-5.760018,33,7347.588862,-100.0,-0.7497837290417545,0
-5.467397,38,7348.233475,-100.0,-0.8464316233888755,0
-6.40987,32,7348.757527,-100.0,-0.6177265992101625,0
-5.791549,36,7478.090713,-100.0,-0.7261214049167007,0
-5.707545,37,7478.706697,-100.0,-0.7618727430815476,0
-5.768368,33,7479.26609,-100.0,-0.6779460277823361,0
-6.117424,33,7479.83134,-100.0,-0.7184615889418687,0
-5.818901,34,7480.394575,-100.0,-0.7300140681298771,0
-5.901477,34,7480.966752,-100.0,-0.641242164541648,0
-5.582006,33,7481.513012,-100.0,-0.8133925121334772,0
-5.934161,36,7482.126375,-100.0,-0.7145502140124163,0
-5.959274,37,7482.740844,-100.0,-0.7757147010084913,0
-5.733766,36,7483.351676,-100.0,-0.7352982055707205,0
-6.277457,42,7484.050392,-100.0,-0.7359400976521859,0
-5.894557,42,7484.746857,-100.0,-0.7186701772839142,0
-5.382495,32,7485.278013,-100.0,-0.8417396521189268,0
-5.574993,33,7485.839128,-100.0,-0.8872138910769625,0
-5.945505,33,7486.403461,-100.0,-0.7221441119357489,0
-6.011559,40,7487.074222,-100.0,-0.6410067434398393,0
-5.917848,33,7487.63238,-100.0,-0.6971422230584342,0
-6.342198,34,7488.207807,-100.0,-0.7446532033438091,0
-5.680137,33,7488.762512,-100.0,-0.8052797446966795,0
-5.732353,36,7489.363264,-100.0,-0.7239250975412935,0
-5.75259,34,7489.939958,-100.0,-0.7513451630283225,0
-5.68603,33,7490.477161,-100.0,-0.7298257385142983,0
-6.18353,36,7491.074043,-100.0,-0.7112527246436394,0
-5.525769,33,7491.627321,-100.0,-0.7936108012545557,0
-5.815021,34,7492.198661,-100.0,-0.7365910473310492,0
-5.488294,32,7492.740047,-100.0,-0.8637948245605727,0
-5.711487,34,7493.316411,-100.0,-0.6708121771439189,0
-5.960009,34,7493.889061,-100.0,-0.7225689535145571,0
-5.839946,35,7494.478945,-100.0,-0.7107537159798951,0
-5.494691,33,7495.023363,-100.0,-0.7320327398423762,0
-5.849118,32,7495.552169,-100.0,-0.7537941659564911,0
-5.890613,36,7496.164491,-100.0,-0.7216855837220152,0
-5.804277,34,7496.733225,-100.0,-0.7849770474235411,0
-5.802819,40,7497.41099,-100.0,-0.7216535051406778,0
-5.941538,38,7498.051735,-100.0,-0.7287636062748264,0
-5.66154,33,7498.606114,-100.0,-0.7715603032357579,0
-6.228508,40,7499.267555,-100.0,-0.658999532882441,0
-5.559913,32,7499.811226,-100.0,-0.747554913827863,0
-5.893813,34,7500.382034,-100.0,-0.6537732367889924,0
-5.630507,34,7500.949975,-100.0,-0.7968978636039721,0
-5.561985,32,7501.477507,-100.0,-0.8565124738439278,0
-6.433832,40,7502.145766,-100.0,-0.6658358543323977,0
-5.817045,33,7502.691466,-100.0,-0.6216751174047424,0
-6.08194,35,7503.281253,-100.0,-0.6558163105574639,0
-5.511211,32,7503.805751,-100.0,-0.9052912671541791,0
-5.827906,36,7504.420242,-100.0,-0.6879291240019215,0
-5.828081,33,7504.972212,-100.0,-0.7051657980345358,0
-5.89779,40,7505.657444,-100.0,-0.7503803221192529,0
-6.112017,34,7506.22375,-100.0,-0.6809206537860394,0
-5.520251,33,7506.769098,-100.0,-0.9112090247317475,0
-5.983692,34,7507.346749,-100.0,-0.6954107844770808,0
-6.46603,35,7507.930165,-100.0,-0.6832579877918431,0
-6.219603,32,7508.484054,-100.0,-0.7688102952311584,0
-6.020037,35,7509.070336,-100.0,-0.6624657220153195,0
-5.818106,32,7509.597224,-100.0,-0.7837354986454644,0
-6.260432,40,7510.282042,-100.0,-0.6741621425740336,0
-5.879026,34,7510.842719,-100.0,-0.6614850368274483,0
-6.127511,33,7511.389674,-100.0,-0.6339696110520708,0
-6.117599,35,7636.214693,-100.0,-0.6574710343467548,0
-5.478818,32,7636.745406,-100.0,-0.8227022288015181,0
-5.549021,34,7637.331884,-100.0,-0.8101576457311079,0
-5.599631,39,7637.984839,-100.0,-0.8333099950086139,0
-5.826467,34,7638.560178,-100.0,-0.7868970874213795,0
-5.966447,33,7639.108901,-100.0,-0.6977410244271842,0
-6.027721,34,7639.687293,-100.0,-0.7149356165451332,0
-6.233441,39,7640.336828,-100.0,-0.6809733339973502,0
-5.841526,33,7640.877932,-100.0,-0.7722014178580353,0
-6.258356,35,7641.459353,-100.0,-0.688120658621008,0
-5.89845,35,7642.049339,-100.0,-0.6926245065143618,0
-6.259559,33,7642.611453,-100.0,-0.793016835400726,0
-6.050141,38,7643.23873,-100.0,-0.7694802894125713,0
-5.981636,38,7643.887035,-100.0,-0.6440831052163775,0
-5.750265,33,7644.426398,-100.0,-0.7292879053036362,0
-5.729211,45,7645.205611,-100.0,-0.7624328796940576,0
-5.545628,33,7645.758811,-100.0,-0.716478710998817,0
-6.122664,33,7646.309388,-100.0,-0.6554923441141683,0
-5.520834,33,7646.86936,-100.0,-0.7435137042553975,0
-5.775907,33,7647.421471,-100.0,-0.8189208663939519,0
-5.77257,34,7647.997166,-100.0,-0.7520238698807965,0
-5.946926,34,7648.559359,-100.0,-0.6428839006539636,0
-5.697847,34,7649.136072,-100.0,-0.7879617513102992,0
-5.706565,34,7649.701748,-100.0,-0.7185278554880866,0
-6.0357,33,7650.254856,-100.0,-0.6548314750050936,0
-5.91204,36,7650.855998,-100.0,-0.7386157752623742,0
-5.915784,34,7651.422911,-100.0,-0.6734843459295018,0
-6.104066,40,7652.117819,-100.0,-0.8255774113534659,0
-5.79945,32,7652.652153,-100.0,-0.7566725446773034,0
-5.956498,39,7653.308241,-100.0,-0.6183520362930923,0
-5.883005,33,7653.865939,-100.0,-0.6879584104200438,0
-5.515323,33,7654.406103,-100.0,-0.777039139098999,0
-5.886699,32,7654.938642,-100.0,-0.8284663014753537,0
-5.568485,32,7655.457193,-100.0,-0.7936478635941813,0
-5.827869,35,7656.048807,-100.0,-0.6982217111444351,0
-5.930022,34,7656.608703,-100.0,-0.7491083061322211,0
-5.708613,39,7657.274765,-100.0,-0.8292551085887157,0
-5.931024,34,7657.834692,-100.0,-0.7008160251010528,0
-6.184269,35,7658.437526,-100.0,-0.718036204475221,0
-6.101194,42,7659.137578,-100.0,-0.678505189581907,0
-5.610157,33,7659.700752,-100.0,-0.7429411207642411,0
-5.637312,35,7660.285066,-100.0,-0.7722542064691371,0
-5.931552,32,7660.811954,-100.0,-0.7935430080960435,0
-5.809648,34,7661.37905,-100.0,-0.755788439408815,0
-5.724144,33,7661.923708,-100.0,-0.7764650537552441,0
-6.087237,36,7662.540623,-100.0,-0.7326837740809354,0
-6.253576,38,7663.171307,-100.0,-0.767172775069841,0
-6.024718,34,7663.745458,-100.0,-0.7044194531620154,0
-6.057487,34,7664.33302,-100.0,-0.6487603997990148,0
-5.986944,34,7664.903785,-100.0,-0.6872605568795276,0
-5.472169,32,7665.4496,-100.0,-0.8889701231074076,0
-5.778588,35,7666.020144,-100.0,-0.6766338913153624,0
-5.552056,33,7666.589732,-100.0,-0.8069515181870555,0
-6.110528,34,7667.161472,-100.0,-0.810986184801308,0
-5.659532,33,7667.713949,-100.0,-0.8625712947069822,0
-6.697334,35,7668.293884,-100.0,-0.6535255823611744,0
-5.426872,34,7668.869061,-100.0,-0.8165652823165863,0
-5.8522,32,7669.405483,-100.0,-0.8048354133903425,0
-5.750596,32,7669.942138,-100.0,-0.7736481088726803,0
-5.704876,34,7791.079059,-100.0,-0.6382091276991713,0
-5.824427,34,7791.671348,-100.0,-0.6891311432281757,0
-5.416433,34,7792.239668,-100.0,-0.8111295230304616,0
-5.640682,34,7792.812558,-100.0,-0.9053882786964247,0
-6.215518,35,7793.416846,-100.0,-0.6604984874032123,0
-5.874592,34,7793.973581,-100.0,-0.7741243716117234,0
-5.953644,33,7794.526459,-100.0,-0.7196946444924591,0
-5.536599,43,7795.257354,-100.0,-0.8582523232488268,0
-5.810496,35,7795.849726,-100.0,-0.7735784340239248,0
-5.917262,37,7796.479776,-100.0,-0.7796887012097024,0
-6.056806,33,7797.021188,-100.0,-0.7892596114770547,0
-5.584895,32,7797.550672,-100.0,-0.8571483958476015,0
-5.945095,34,7798.134636,-100.0,-0.693327567614577,0
-5.805391,34,7798.708314,-100.0,-0.7099256683595407,0
-5.904021,33,7799.261807,-100.0,-0.7297583384905882,0
-6.230766,37,7799.905405,-100.0,-0.6651778919628193,0
-5.455369,33,7800.449915,-100.0,-0.8517739929344812,0
-5.59397,40,7801.133376,-100.0,-0.7220681613388096,0
-5.801515,35,7801.716619,-100.0,-0.78802381577268,0
-6.195967,33,7802.282968,-100.0,-0.6337965180052688,0
-6.198977,32,7802.810276,-100.0,-0.5859604388757671,0
-6.005822,33,7803.373563,-100.0,-0.6752039525107927,0
-5.914225,35,7803.960659,-100.0,-0.6502104068096801,0
-5.619626,33,7804.504231,-100.0,-0.8176202750348438,0
-6.352733,35,7805.099011,-100.0,-0.6452353067973093,0
-6.429424,36,7805.711381,-100.0,-0.7778053628645143,0
-5.56021,33,7806.269978,-100.0,-0.8813026486309423,0
-5.643929,33,7806.831302,-100.0,-0.758627847212044,0
-5.964003,45,7807.581643,-100.0,-0.7292261326932921,0
-5.497626,33,7808.133801,-100.0,-0.7686059330183159,0
-5.617241,34,7808.697694,-100.0,-0.824226430548823,0
-5.532916,33,7809.261502,-100.0,-0.7861600644423208,0
-5.708257,33,7809.820004,-100.0,-0.7277693878915068,0
-5.637801,34,7810.410101,-100.0,-0.7354861814556632,0
-5.648698,35,7810.991398,-100.0,-0.7392732388323396,0
-5.566725,32,7811.532315,-100.0,-0.8603258347089465,0
-5.841702,36,7812.141557,-100.0,-0.7746046708602629,0
-5.797759,33,7812.673862,-100.0,-0.677880193316069,0
-5.540574,33,7813.225205,-100.0,-0.8343089089473763,0
-5.687387,35,7813.813218,-100.0,-0.7863416016693613,0
-5.602487,33,7814.367614,-100.0,-0.8026188832945157,0
-5.616204,32,7814.884653,-100.0,-0.7036948984672565,0
-5.640618,33,7815.447139,-100.0,-0.6725879711652357,0
-5.555758,33,7815.99683,-100.0,-0.7954087399066406,0
-5.502764,34,7816.571728,-100.0,-0.7393161988538896,0
-5.999113,37,7817.196316,-100.0,-0.7329879351404488,0
-5.845471,34,7817.771088,-100.0,-0.654288970082061,0
-5.748427,33,7818.328995,-100.0,-0.664541391584103,0
-6.296885,39,7818.996859,-100.0,-0.7674345374571382,0
-5.412887,33,7819.534516,-100.0,-0.8221643095983953,0
-5.709715,35,7820.133268,-100.0,-0.8029728991007142,0
-6.098672,35,7820.727277,-100.0,-0.7118712639446255,0
-5.77573,36,7821.325366,-100.0,-0.7414886581909959,0
-5.671594,35,7821.91275,-100.0,-0.7523596452309713,0
-5.867091,34,7822.466583,-100.0,-0.7235705385375111,0
-6.118736,32,7823.009813,-100.0,-0.7202121258619167,0
-6.231376,37,7823.648804,-100.0,-0.7245125101764771,0
-5.405335,34,7824.223386,-100.0,-0.7742843815856513,0
-5.463501,33,7824.772978,-100.0,-0.7766727749668626,0
-5.897707,36,7825.369907,-100.0,-0.7348052148376494,0
-5.422409,33,7954.956521,-100.0,-0.796179510043453,0
-5.362517,36,7955.636296,-100.0,-0.8028381619485142,0
-5.924345,33,7956.22074,-100.0,-0.656192037692648,0
-5.520129,32,7956.795246,-100.0,-0.8607056210065451,0
-6.499895,35,7957.443792,-100.0,-0.6084409310596851,0
-5.904286,34,7958.040963,-100.0,-0.6340251782566745,0
-5.924177,32,7958.625781,-100.0,-0.6883137343851569,0
-6.005316,36,7959.284646,-100.0,-0.6472289754797238,0
-6.029954,34,7959.890838,-100.0,-0.6837678789135,0
-5.82602,40,7960.642477,-100.0,-0.7233509964880156,0
-5.244085,33,7961.229154,-100.0,-0.852457476495866,0
-5.537132,34,7961.844594,-100.0,-0.8246605268732843,0
-5.995231,38,7962.546185,-100.0,-0.7299215046219751,0
-6.017307,33,7963.139878,-100.0,-0.7070255358560537,0
-6.269067,34,7963.764576,-100.0,-0.6232506657567867,0
-5.683858,32,7964.343907,-100.0,-0.7689967163748048,0
-5.693243,33,7964.939075,-100.0,-0.7838413991561933,0
-5.810671,33,7965.543688,-100.0,-0.7137801110025174,0
-6.29047,41,7966.297358,-100.0,-0.7018337193365722,0
-5.807729,33,7966.901943,-100.0,-0.6408257304408883,0
-5.459111,33,7967.494302,-100.0,-0.7720858748940057,0
-5.885988,35,7968.124253,-100.0,-0.704611864280431,0
-5.706162,33,7968.719445,-100.0,-0.7473731726219124,0
-5.82858,34,7969.325829,-100.0,-0.7076156872738253,0
-5.926862,35,7969.968535,-100.0,-0.7420437052101981,0
-5.722984,33,7970.572766,-100.0,-0.7304892937853756,0
-6.029526,34,7971.203037,-100.0,-0.6733725128229855,0
-5.734311,33,7971.795045,-100.0,-0.7700835620857673,0
-6.018177,34,7972.417068,-100.0,-0.6230500591933916,0
-6.451291,36,7973.067889,-100.0,-0.7914127292465639,0
-6.0623,36,7973.706677,-100.0,-0.7087430240802733,0
-5.448137,32,7974.290431,-100.0,-0.7865641787036571,0
-5.906759,38,7974.984548,-100.0,-0.7088614704815496,0
-6.538898,34,7975.601565,-100.0,-0.6370692172414353,0
-5.788595,33,7976.211223,-100.0,-0.7192048543326915,0
-5.652949,33,7976.805401,-100.0,-0.7482529855247163,0
-5.858048,33,7977.408409,-100.0,-0.7297332094986293,0
-5.568843,33,7978.000353,-100.0,-0.78691893601319,0
-5.497687,39,7978.726316,-100.0,-0.8501197321105238,0
-5.95093,35,7979.347672,-100.0,-0.7471621641858213,0
-5.482991,32,7979.928439,-100.0,-0.8403390503255559,0
-5.777196,34,7980.54046,-100.0,-0.738887467923148,0
-5.745664,33,7981.14749,-100.0,-0.7093146412440049,0
-6.13195,33,7981.762331,-100.0,-0.704507524918833,0
-5.389653,33,7982.355019,-100.0,-0.8317295153416641,0
-5.807352,34,7982.96636,-100.0,-0.8068788062713216,0
-5.604482,32,7983.550602,-100.0,-0.7492756343485488,0
-5.969414,33,7984.165013,-100.0,-0.6848338640688322,0
-5.523698,32,7984.744048,-100.0,-0.7805080755298988,0
-5.738827,33,7985.349145,-100.0,-0.7824896061740246,0
-5.863702,33,7985.956344,-100.0,-0.6649947020552092,0
-5.517002,34,7986.585867,-100.0,-0.7712415565211946,0
-5.660982,39,7987.300732,-100.0,-0.7734692774143195,0
-5.978214,33,7987.89692,-100.0,-0.6522476881584803,0
-5.56503,35,7988.545253,-100.0,-0.9255786391143865,0
-5.547642,32,7989.119514,-100.0,-0.7510468729904956,0
-5.651247,32,7989.703888,-100.0,-0.8650345722229845,0
-5.901779,40,7990.418895,-100.0,-0.6973306115079256,0
-5.959047,37,7991.108283,-100.0,-0.7152089239897832,0
-6.15949,42,8110.254993,-100.0,-0.7726705919806491,0
-5.714838,33,8110.804979,-100.0,-0.8558017328402536,0
-6.035921,33,8111.359115,-100.0,-0.6862094030773527,0
-5.505807,34,8111.934848,-100.0,-0.7800933371936731,0
-6.160831,33,8112.477925,-100.0,-0.6779071102772377,0
-5.997742,41,8113.176957,-100.0,-0.7661827883685579,0
-6.183118,34,8113.754215,-100.0,-0.6759962976213607,0
-5.717728,32,8114.287163,-100.0,-0.7684775773345647,0
-5.893258,33,8114.855587,-100.0,-0.6385075671449276,0
-5.646441,33,8115.40158,-100.0,-0.6475058824410925,0
-5.952938,32,8115.94809,-100.0,-0.7792338242028075,0
-5.838725,33,8116.501581,-100.0,-0.7439252463954764,0
-6.083894,34,8117.072299,-100.0,-0.6921255774620505,0
-5.537996,38,8117.722592,-100.0,-0.8018639518410917,0
-5.696802,33,8118.279881,-100.0,-0.5143606665042184,0
-5.556484,33,8118.834256,-100.0,-0.738570458609955,0
-5.78533,36,8119.437173,-100.0,-0.8010248287603249,0
-5.949501,34,8120.00909,-100.0,-0.6946147615227926,0
-5.449077,32,8120.553682,-100.0,-0.803487181714773,0
-5.769704,32,8121.10027,-100.0,-0.7371134981545397,0
-5.790658,42,8121.806173,-100.0,-0.7593691417686698,0
-5.632962,33,8122.36124,-100.0,-0.7532143794125953,0
-5.788829,38,8122.99951,-100.0,-0.7289399326823585,0
-5.712937,34,8123.573583,-100.0,-0.7312405079206205,0
-5.859832,33,8124.128469,-100.0,-0.7041046484671428,0
-5.436313,33,8124.68194,-100.0,-0.7940511274040833,0
-5.984848,37,8125.303087,-100.0,-0.6625421449113015,0
-5.883542,33,8125.847874,-100.0,-0.6630311371489341,0
-5.415823,32,8126.393157,-100.0,-0.827034895829042,0
-5.581,33,8126.952391,-100.0,-0.7911119424996069,0
-5.365264,32,8127.505105,-100.0,-0.770548447211353,0
-5.756078,32,8128.042866,-100.0,-0.6966256901962871,0
-5.611308,33,8128.605682,-100.0,-0.8577104687567328,0
-5.881364,33,8129.164248,-100.0,-0.732379936953436,0
-5.882367,35,8129.750057,-100.0,-0.7283082748525942,0
-5.928659,35,8130.337423,-100.0,-0.7642700050522623,0
-5.275428,33,8130.893924,-100.0,-0.8346912029138052,0
-6.040624,34,8131.471079,-100.0,-0.6608582714802135,0
-5.47729,32,8132.015362,-100.0,-0.89818202908067,0
-5.688939,33,8132.584281,-100.0,-0.728267282873082,0
-6.09708,38,8133.208237,-100.0,-0.7730064539601721,0
-5.614659,33,8133.771287,-100.0,-0.8234423446075267,0
-5.572206,34,8134.340109,-100.0,-0.8189991443063154,0
-5.49757,34,8134.901232,-100.0,-0.7574227310627072,0
-5.730462,33,8135.46743,-100.0,-0.7781648543470657,0
-5.767941,34,8136.049878,-100.0,-0.6548920931404341,0
-5.640388,33,8136.607445,-100.0,-0.8045265809422739,0
-5.520924,33,8137.162921,-100.0,-0.790558729470475,0
-5.858933,34,8137.735053,-100.0,-0.7000717407228875,0
-5.605611,34,8138.302714,-100.0,-0.7449754970125385,0
-5.612461,33,8138.865931,-100.0,-0.9103285564711364,0
-5.545729,33,8139.418828,-100.0,-0.7536608929905838,0
-6.016006,35,8139.989271,-100.0,-0.6707098895202105,0
-5.894884,37,8140.61132,-100.0,-0.6658674767865128,0
-6.100467,35,8141.21434,-100.0,-0.7238544600368093,0
-5.852552,33,8141.779709,-100.0,-0.714849701460033,0
-6.082606,34,8142.355711,-100.0,-0.7298161372036999,0
-5.804376,34,8142.929894,-100.0,-0.7211977708783851,0
-5.750805,33,8143.47186,-100.0,-0.7410030970186436,0
-5.445619,32,8144.017186,-100.0,-0.8809703880981,0
-5.551585,38,8144.640405,-100.0,-0.8039198157071168,0
-5.69303,34,8263.110821,-100.0,-0.7646769908489364,0
-5.80974,35,8263.713851,-100.0,-0.6973704088203131,0
-5.525239,38,8264.375675,-100.0,-0.8354000338718447,0
-5.758504,34,8264.940712,-100.0,-0.7781820288846037,0
-5.621552,33,8265.508701,-100.0,-0.7876800651858822,0
-5.408182,32,8266.04863,-100.0,-0.7748671292164083,0
-5.652291,33,8266.618856,-100.0,-0.7650719912567959,0
-5.717148,32,8267.151671,-100.0,-0.858378729161422,0
-5.304342,32,8267.693898,-100.0,-0.8259441635832978,0
-5.880123,33,8268.257497,-100.0,-0.7564086756868983,0
-5.732004,33,8268.810032,-100.0,-0.74500405563047,0
-6.195078,39,8269.475065,-100.0,-0.6591853856498296,0
-6.07466,33,8270.039818,-100.0,-0.6950288213694659,0
-5.797365,32,8270.590318,-100.0,-0.7234756278661638,0
-5.55093,32,8271.129529,-100.0,-0.8005835969932343,0
-5.507691,32,8271.670794,-100.0,-0.8291853408481155,0
-6.067842,40,8272.346821,-100.0,-0.6315227983857679,0
-5.722416,35,8272.930924,-100.0,-0.867289344753244,0
-5.594952,35,8273.52669,-100.0,-0.8720200635847081,0
-5.557932,33,8274.086604,-100.0,-0.7146724550684829,0
-6.295413,42,8274.789404,-100.0,-0.7371754226694146,0
-5.768116,33,8275.356332,-100.0,-0.6705217832973358,0
-5.52543,33,8275.92332,-100.0,-0.834501759597286,0
-5.499081,39,8276.589697,-100.0,-0.8273355948871692,0
-5.589555,34,8277.164006,-100.0,-0.8087361420284781,0
-5.569519,33,8277.724322,-100.0,-0.787481592861179,0
-5.679709,33,8278.26772,-100.0,-0.8603289759659987,0
-6.020043,34,8278.850115,-100.0,-0.7097464630045703,0
-5.556881,33,8279.414931,-100.0,-0.7909364238032274,0
-6.071956,35,8280.003059,-100.0,-0.747911913091861,0
-5.753413,33,8280.557051,-100.0,-0.735921010510222,0
-5.36954,34,8281.124238,-100.0,-0.7815232489821387,0
-6.334481,35,8281.712245,-100.0,-0.6355325994870551,0
-5.776533,34,8282.302474,-100.0,-0.6156243770927624,0
-5.715031,35,8282.897105,-100.0,-0.7580338749511136,0
-5.672769,33,8283.451591,-100.0,-0.7276575949124743,0
-5.614504,37,8284.081411,-100.0,-0.7853692043480166,0
-5.799367,33,8284.632309,-100.0,-0.7254071123108187,0
-5.573039,32,8285.177409,-100.0,-0.7865011843543989,0
-5.527442,34,8285.749413,-100.0,-0.8422291688165214,0
-5.497187,32,8286.288499,-100.0,-0.795899773505857,0
-5.72332,33,8286.844338,-100.0,-0.6063976364056813,0
-5.402954,34,8287.419135,-100.0,-0.8317856313295519,0
-5.986577,33,8287.985021,-100.0,-0.74310797673169,0
-5.590974,34,8288.553421,-100.0,-0.8332193202414021,0
-5.716506,40,8289.224705,-100.0,-0.8446568149347488,0
-6.028367,32,8289.758676,-100.0,-0.8055292719451728,0
-5.587008,33,8290.322343,-100.0,-0.7437634891807069,0
-5.46915,33,8290.883403,-100.0,-0.8589044226301775,0
-6.003294,34,8291.466069,-100.0,-0.7444958642973346,0
-5.843166,33,8292.021745,-100.0,-0.7361867605306402,0
-6.090517,35,8292.617117,-100.0,-0.7199732366995311,0
-6.144219,40,8293.303576,-100.0,-0.6985542973385431,0
-5.768329,33,8293.860888,-100.0,-0.7108087745923423,0
-5.680655,34,8294.436696,-100.0,-0.8464020168109263,0
-5.926593,33,8294.983578,-100.0,-0.676198406341794,0
-6.099697,33,8295.546373,-100.0,-0.6657225374974896,0
-5.448649,33,8296.092547,-100.0,-0.7720440132868028,0
-6.280378,38,8296.764878,-100.0,-0.7290265298284276,0
-5.944095,34,8297.34079,-100.0,-0.6456071924166016,0
-5.445254,33,8415.941752,-100.0,-0.8869669205791689,0
-5.500234,33,8416.510354,-100.0,-0.8273367577110896,0
-5.669133,33,8417.064862,-100.0,-0.7837818044164029,0
-6.010581,42,8417.774343,-100.0,-0.6690105555057143,0
-5.59054,32,8418.312817,-100.0,-0.8764057848209995,0
-6.04068,35,8418.919973,-100.0,-0.7479648276738637,0
-5.814073,33,8419.475687,-100.0,-0.7645600072667513,0
-5.472066,37,8420.102817,-100.0,-0.881377235209695,0
-5.802608,40,8420.770351,-100.0,-0.760038020421345,0
-5.535143,33,8421.338999,-100.0,-0.7560830195981676,0
-5.687739,34,8421.911674,-100.0,-0.6735793357935448,0
-5.598934,32,8422.445169,-100.0,-0.8563419887198679,0
-5.903705,33,8423.006306,-100.0,-0.7613589221170733,0
-5.992885,34,8423.577329,-100.0,-0.6476586512803864,0
-6.045962,35,8424.174176,-100.0,-0.6517858843922425,0
-5.801258,33,8424.720021,-100.0,-0.735082073438756,0
-5.943753,33,8425.281256,-100.0,-0.7263408364683375,0
-5.56933,32,8425.811998,-100.0,-0.8807293151032077,0
-6.063558,39,8426.494128,-100.0,-0.6650472986390916,0
-5.817431,33,8427.053103,-100.0,-0.6824769128826201,0
-5.551639,33,8427.613744,-100.0,-0.7703362974713919,0
-6.119654,40,8428.302678,-100.0,-0.6429861056707087,0
-5.332696,36,8428.907609,-100.0,-0.884010763713456,0
-5.920838,32,8429.460885,-100.0,-0.7334564204513254,0
-5.722239,32,8429.998015,-100.0,-0.8059645203816852,0
-5.562251,36,8430.599407,-100.0,-0.8637925901272645,0
-5.553739,33,8431.148891,-100.0,-0.7851563899267618,0
-5.877324,33,8431.701424,-100.0,-0.7923962605015065,0
-5.86779,33,8432.259773,-100.0,-0.7156430116980557,0
-5.400129,32,8432.806409,-100.0,-0.8605022616448464,0
-5.712657,32,8433.35603,-100.0,-0.7988466295735324,0
-5.956519,33,8433.915382,-100.0,-0.7228269528698706,0
-5.991916,34,8434.488892,-100.0,-0.6968926560061822,0
-5.72827,40,8435.165079,-100.0,-0.7828303254829169,0
-5.556734,34,8435.743927,-100.0,-0.88126055915475,0
-6.06167,34,8436.327374,-100.0,-0.7049116128535347,0
-5.357679,32,8436.876201,-100.0,-0.848308873071474,0
-5.4321,32,8437.425034,-100.0,-0.7951784929472496,0
-5.78226,34,8437.990839,-100.0,-0.8306080025971752,0
-5.979642,36,8438.59768,-100.0,-0.6520201051288707,0
-5.230669,32,8439.139024,-100.0,-0.885402014783868,0
-5.821156,33,8439.705356,-100.0,-0.6559618228870993,0
-5.984204,33,8440.257681,-100.0,-0.7124559826108776,0
-5.737283,33,8440.815152,-100.0,-0.699094549376594,0
-6.031336,33,8441.370208,-100.0,-0.7175070893932899,0
-5.371472,32,8441.910958,-100.0,-0.7891607455223373,0
-6.115468,37,8442.530173,-100.0,-0.7191286885077122,0
-6.135182,38,8443.179784,-100.0,-0.682295308765618,0
-5.733187,33,8443.74837,-100.0,-0.7069946789015081,0
-5.888235,32,8444.271464,-100.0,-0.7597028719635013,0
-6.078606,33,8444.829998,-100.0,-0.6514398412212693,0
-5.487749,33,8445.386898,-100.0,-0.7674636252150868,0
-5.522983,33,8445.949351,-100.0,-0.7984776815938073,0
-6.066145,35,8446.540293,-100.0,-0.5954028344410547,0
-5.394494,34,8447.120106,-100.0,-0.8547310852266881,0
-5.857283,33,8447.681635,-100.0,-0.7189162295607799,0
-5.744145,33,8448.239821,-100.0,-0.7251321058998507,0
-5.92612,34,8448.800914,-100.0,-0.7235008473777098,0
-5.290736,32,8449.345669,-100.0,-0.8779626680839153,0
-6.142271,36,8449.945608,-100.0,-0.7127732717936289,0
-5.888128,34,8567.981777,-100.0,-0.6828053921961487,0
-5.567087,34,8568.559296,-100.0,-0.7512282172389371,0
-5.603249,33,8569.121252,-100.0,-0.8028244878413696,0
-5.776172,35,8569.712241,-100.0,-0.651949996413019,0
-5.835352,33,8570.271285,-100.0,-0.6883394094414353,0
-5.915764,35,8570.871738,-100.0,-0.7368271468658805,0
-5.926284,34,8571.452423,-100.0,-0.6725663610761606,0
-6.003833,33,8572.013115,-100.0,-0.6164853014455798,0
-5.74776,33,8572.568182,-100.0,-0.6484658729401338,0
-6.1279,34,8573.136878,-100.0,-0.7109065091120182,0
-5.495334,33,8573.69919,-100.0,-0.8125749420817308,0
-6.071767,33,8574.259863,-100.0,-0.6955957596872967,0
-5.838687,33,8574.818071,-100.0,-0.6245118726818171,0
-5.647633,48,8575.64013,-100.0,-0.8996667817233666,0
-5.540137,33,8576.195138,-100.0,-0.7527573416476837,0
-5.732258,33,8576.751029,-100.0,-0.6772121957381152,0
-5.449966,32,8577.291016,-100.0,-0.7892567330352784,0
-5.548291,33,8577.846433,-100.0,-0.759684175247435,0
-5.75391,34,8578.430596,-100.0,-0.6449703240327468,0
-5.952211,39,8579.096151,-100.0,-0.7485131277722081,0
-5.670947,32,8579.635534,-100.0,-0.8192089620327927,0
-5.595018,33,8580.187418,-100.0,-0.748978295790878,0
-5.666367,34,8580.770457,-100.0,-0.7231300350640486,0
-5.871592,33,8581.338565,-100.0,-0.7309618379202776,0
-5.766309,33,8581.896053,-100.0,-0.6817889202175876,0
-5.539144,37,8582.531588,-100.0,-0.7775100446563529,0
-5.925923,33,8583.089586,-100.0,-0.6203650369499479,0
-6.181417,33,8583.649977,-100.0,-0.6665916347811637,0
-5.648835,33,8584.212531,-100.0,-0.6734438595457205,0
-5.865439,33,8584.77465,-100.0,-0.6926806752595944,0
-5.70233,34,8585.350274,-100.0,-0.7381055395592867,0
-5.4988,37,8585.980613,-100.0,-0.7567871567869869,0
-6.016916,38,8586.62084,-100.0,-0.7153744918211652,0
-5.546763,33,8587.171091,-100.0,-0.8190122534353217,0
-6.072129,37,8587.808104,-100.0,-0.7270436718039351,0
-6.012735,34,8588.391102,-100.0,-0.6613715539643485,0
-5.477495,33,8588.947891,-100.0,-0.8100997398367059,0
-5.36601,33,8589.511418,-100.0,-0.8330953578480493,0
-5.75714,32,8590.044739,-100.0,-0.7702509580127704,0
-5.771436,33,8590.607325,-100.0,-0.7586102172321484,0
-5.569975,32,8591.15485,-100.0,-0.8455741504060017,0
-5.913043,33,8591.714692,-100.0,-0.6657288129063653,0
-5.806636,38,8592.352943,-100.0,-0.6450715956255958,0
-5.72128,33,8592.909712,-100.0,-0.7373660341677067,0
-6.046714,34,8593.482,-100.0,-0.7165110072246381,0
-5.596289,32,8594.030682,-100.0,-0.7466061375650345,0
-5.814684,34,8594.601084,-100.0,-0.678343390964535,0
-5.530061,33,8595.158261,-100.0,-0.7206688642157499,0
-5.908525,33,8595.714174,-100.0,-0.7071617442381333,0
-5.569036,33,8596.280924,-100.0,-0.7366764318505166,0
-5.607653,33,8596.833836,-100.0,-0.7051284490376919,0
-5.766416,35,8597.436951,-100.0,-0.7388658705493554,0
-5.481088,33,8597.995301,-100.0,-0.7863512922428159,0
-5.435009,34,8598.568404,-100.0,-0.7729628314049117,0
-6.001503,33,8599.138099,-100.0,-0.7146250112931007,0
-5.762601,33,8599.694069,-100.0,-0.7242702271320448,0
-5.470994,34,8600.2651,-100.0,-0.7962487922132637,0
-6.028299,34,8601.043386,-100.0,-0.6662389589076521,0
-5.529545,33,8601.604196,-100.0,-0.6554946352524983,0
-5.400891,32,8602.155,-100.0,-0.746657274162185,0
-5.468361,33,8717.849984,-100.0,-0.8214318820340705,0
-5.797397,33,8718.40417,-100.0,-0.6460422300573799,0
-5.516355,32,8718.954398,-100.0,-0.7718579191239131,0
-5.445643,33,8719.516328,-100.0,-0.7770454893919492,0
-5.434256,34,8720.09246,-100.0,-0.8520400385647321,0
-5.43537,32,8720.64742,-100.0,-0.8258534990610386,0
-5.679779,33,8721.217802,-100.0,-0.7472517597147363,0
-5.511132,42,8721.910585,-100.0,-0.8668099885497041,0
-5.503661,33,8722.47308,-100.0,-0.7102379359130805,0
-5.712732,33,8723.036873,-100.0,-0.7278734579184906,0
-5.793223,33,8723.607265,-100.0,-0.7090751769096321,0
-5.657503,40,8724.280422,-100.0,-0.7840058752474286,0
-5.465491,33,8724.837715,-100.0,-0.769338368553747,0
-5.737038,34,8725.420524,-100.0,-0.7304246999852183,0
-5.480377,32,8725.954108,-100.0,-0.8431853937891746,0
-5.648241,33,8726.520896,-100.0,-0.7402883735735266,0
-5.574105,32,8727.05276,-100.0,-0.7755071242318509,0
-5.394719,35,8727.653621,-100.0,-0.8208237746576325,0
-5.304079,33,8728.210216,-100.0,-0.800987861919073,0
-5.866892,34,8728.792935,-100.0,-0.6862503437280614,0
-5.949456,33,8729.3561,-100.0,-0.7172969050971754,0
-5.402148,33,8729.912609,-100.0,-0.8158432710970275,0
-5.391965,34,8730.4948,-100.0,-0.8638527492230067,0
-5.608291,34,8731.069021,-100.0,-0.6706670771802167,0
-5.900299,33,8731.631921,-100.0,-0.7016295583131051,0
-5.952412,35,8732.22208,-100.0,-0.6691576853527031,0
-5.986031,34,8732.80167,-100.0,-0.6518423319324148,0
-6.098637,33,8733.362519,-100.0,-0.7026169465091907,0
-6.060327,45,8734.131399,-100.0,-0.6698918366948181,0
-5.513708,33,8734.691018,-100.0,-0.8464874933618476,0
-5.811662,33,8735.261561,-100.0,-0.7008366304306827,0
-5.727689,33,8735.823681,-100.0,-0.7916721463175176,0
-5.754452,35,8736.410553,-100.0,-0.6819768665186222,0
-5.477236,33,8736.976418,-100.0,-0.8109404486787837,0
-5.486486,33,8737.527697,-100.0,-0.7653955893798113,0
-5.850343,33,8738.095546,-100.0,-0.6964914735693604,0
-5.784668,34,8738.667595,-100.0,-0.6926141595638536,0
-5.657766,33,8739.231363,-100.0,-0.7801689142811016,0
-5.578715,32,8739.770191,-100.0,-0.8301089794594362,0
-5.399132,34,8740.352198,-100.0,-0.8247921608296425,0
-5.572081,32,8740.88789,-100.0,-0.8150907123596187,0
-5.788555,33,8741.452589,-100.0,-0.6571802659950933,0
-5.696885,34,8742.036407,-100.0,-0.6388591915360008,0
-6.133372,34,8742.615251,-100.0,-0.6741581244615977,0
-5.404089,32,8743.151713,-100.0,-0.8583020575813733,0
-5.780763,33,8743.717464,-100.0,-0.754371414447331,0
-5.436202,32,8744.25302,-100.0,-0.833049498572721,0
-5.590589,34,8744.839685,-100.0,-0.7384847327825952,0
-5.418966,32,8745.391154,-100.0,-0.8240354733296846,0
-5.536468,33,8745.94972,-100.0,-0.8078344177566027,0
-5.595619,39,8746.59619,-100.0,-0.7714595289706073,0
-5.736504,34,8747.169286,-100.0,-0.7469621802738722,0
-5.749125,40,8747.853415,-100.0,-0.7272813211572803,0
-5.428089,32,8748.396183,-100.0,-0.7040398676377286,0
-5.777473,34,8748.982157,-100.0,-0.6658377431055815,0
-5.75607,34,8749.560077,-100.0,-0.7395440557578138,0
-5.696485,38,8750.197356,-100.0,-0.7346160433260854,0
-5.488113,32,8750.74294,-100.0,-0.8729001226661088,0
-5.275469,33,8751.300171,-100.0,-0.8704974807616548,0
-5.48283,33,8751.873386,-100.0,-0.7401312936145304,0
-5.865805,33,8869.82678,-100.0,-0.7469568873494518,0
-5.892187,35,8870.412805,-100.0,-0.6951299997882862,0
-6.197077,34,8871.003639,-100.0,-0.7201741109939405,0
-5.446508,32,8871.532001,-100.0,-0.818319971166805,0
-5.820175,33,8872.096128,-100.0,-0.6378694715727915,0
-5.611132,34,8872.671685,-100.0,-0.7518178537065835,0
-5.720868,35,8873.265927,-100.0,-0.7398577092208648,0
-5.816007,32,8873.809256,-100.0,-0.787236877258668,0
-5.496886,34,8874.390341,-100.0,-0.7655795508524927,0
-5.795981,33,8874.945936,-100.0,-0.7084557106614972,0
-5.435796,33,8875.514499,-100.0,-0.7402063763933915,0
-5.45884,33,8876.076012,-100.0,-0.7300435700546205,0
-5.650313,33,8876.645396,-100.0,-0.7186099103732233,0
-5.562648,33,8877.203074,-100.0,-0.7375552148686985,0
-5.865992,34,8877.794728,-100.0,-0.7307258012618656,0
-5.897146,38,8878.441441,-100.0,-0.6521532155116547,0
-5.486876,34,8879.013013,-100.0,-0.6829798906526081,0
-5.889761,40,8879.687308,-100.0,-0.7653638147974746,0
-5.855605,33,8880.248378,-100.0,-0.72230127957901,0
-5.514945,32,8880.804046,-100.0,-0.8334066962741725,0
-5.857267,34,8881.383291,-100.0,-0.6677810709189334,0
-5.648241,35,8881.984273,-100.0,-0.7671794159004475,0
-5.836959,36,8882.593666,-100.0,-0.7378525720509987,0
-5.917562,35,8883.181921,-100.0,-0.6937130596892055,0
-5.572391,33,8883.750777,-100.0,-0.8004878770448387,0
-6.088765,43,8884.480443,-100.0,-0.7459864473570212,0
-5.450019,33,8885.039889,-100.0,-0.7817245420693917,0
-5.948413,34,8885.615488,-100.0,-0.6730095618672163,0
-5.685542,36,8886.229085,-100.0,-0.7675304388379977,0
-5.370656,33,8886.802434,-100.0,-0.8319468260593952,0
-5.512635,33,8887.365732,-100.0,-0.8037628679513207,0
-5.384103,33,8887.922771,-100.0,-0.7925182808458444,0
-5.554325,33,8888.48526,-100.0,-0.737620749392813,0
-5.625391,35,8889.080796,-100.0,-0.7995996287460504,0
-5.793112,36,8889.694024,-100.0,-0.7876874344550951,0
-5.813022,33,8890.250736,-100.0,-0.7245278901073371,0
-5.733571,33,8890.809529,-100.0,-0.6447094711810505,0
-5.374315,32,8891.355846,-100.0,-0.8314555120686559,0
-5.44482,32,8891.900222,-100.0,-0.8639368646611872,0
-5.66216,40,8892.567304,-100.0,-0.8151638534066311,0
-5.724281,33,8893.130756,-100.0,-0.7197711899236914,0
-5.51989,33,8893.689911,-100.0,-0.8592157160235541,0
-5.607519,33,8894.255424,-100.0,-0.7884537911066082,0
-5.714589,33,8894.822532,-100.0,-0.6860921527016303,0
-5.555658,36,8895.423825,-100.0,-0.8260726825315376,0
-5.812805,33,8895.98806,-100.0,-0.6823914538923684,0
-5.323507,33,8896.540261,-100.0,-0.8721754909014454,0
-5.367587,33,8897.107769,-100.0,-0.7323896460018806,0
-5.646992,39,8897.782574,-100.0,-0.757561486911873,0
-5.58406,36,8898.398152,-100.0,-0.74577856622307,0
-5.857752,34,8898.981726,-100.0,-0.6153325227740443,0
-5.636389,33,8899.540576,-100.0,-0.7387361927880636,0
-5.704391,33,8900.10229,-100.0,-0.6624181750437677,0
-5.500157,33,8900.648553,-100.0,-0.8018658006333352,0
-5.702698,39,8901.31967,-100.0,-0.7484306610082847,0
-5.948518,33,8901.881556,-100.0,-0.6940007569481992,0
-5.65617,34,8902.463113,-100.0,-0.7297718391644107,0
-5.837784,35,8903.045559,-100.0,-0.6701842671732321,0
-5.812008,34,8903.630207,-100.0,-0.6946657861914595,0
-5.978564,35,8904.206571,-100.0,-0.7146155629829034,0
-5.621141,33,9019.344895,-100.0,-0.7560133608205609,0
-5.832713,36,9019.953713,-100.0,-0.7612633110692894,0
-5.260865,33,9020.518455,-100.0,-0.8174138631970009,0
-6.076774,36,9021.128463,-100.0,-0.6867634999756208,0
-6.001928,35,9021.726452,-100.0,-0.7755090598205923,0
-6.178604,34,9022.297373,-100.0,-0.6866506049596148,0
-5.907395,34,9022.879971,-100.0,-0.6937217795927056,0
-5.558139,32,9023.422947,-100.0,-0.7708089009292841,0
-5.863135,34,9024.000973,-100.0,-0.6916905375611087,0
-5.21385,32,9024.549962,-100.0,-0.8211338947700825,0
-5.709365,39,9025.203232,-100.0,-0.6989822411711376,0
-6.088236,37,9025.834779,-100.0,-0.6639056218168504,0
-5.707956,33,9026.390814,-100.0,-0.6965759932884672,0
-6.027876,33,9026.95266,-100.0,-0.660778207517883,0
-5.477576,34,9027.529837,-100.0,-0.8643448155981573,0
-5.332006,32,9028.066824,-100.0,-0.8626901389975731,0
-5.883378,33,9028.632401,-100.0,-0.7005825730586837,0
-5.612996,33,9029.196968,-100.0,-0.7904912116986915,0
-5.215932,32,9029.738226,-100.0,-0.8406318159959805,0
-5.497095,33,9030.308282,-100.0,-0.7700589609472579,0
-5.406794,32,9030.850782,-100.0,-0.8571076424054305,0
-5.195618,32,9031.40305,-100.0,-0.8349102068454202,0
-5.949488,38,9032.03507,-100.0,-0.6713580892052365,0
-5.578167,34,9032.613496,-100.0,-0.7440002412365281,0
-5.217161,33,9033.173961,-100.0,-0.8742818579617525,0
-5.492642,33,9033.737593,-100.0,-0.7530718215176807,0
-5.757746,32,9034.26298,-100.0,-0.785576293502834,0
-5.861787,34,9034.847655,-100.0,-0.6296533091546761,0
-5.463458,34,9035.432257,-100.0,-0.7202830901770373,0
-5.691626,39,9036.096941,-100.0,-0.7368928226768078,0
-5.672075,33,9036.647293,-100.0,-0.7570426825807685,0
-6.02068,35,9037.237715,-100.0,-0.7195207791298275,0
-5.676681,33,9037.806561,-100.0,-0.654209868395203,0
-5.834717,33,9038.370047,-100.0,-0.657064365291398,0
-5.388314,33,9038.934147,-100.0,-0.744439852621539,0
-5.39913,32,9039.476465,-100.0,-0.7650106973447758,0
-6.024646,36,9040.089789,-100.0,-0.7628274271018918,0
-6.109552,43,9040.820274,-100.0,-0.755503107986847,0
-5.744511,33,9041.376088,-100.0,-0.6693699585683414,0
-5.823248,39,9042.03582,-100.0,-0.6617806218561593,0
-5.400052,34,9042.60446,-100.0,-0.8137456356237246,0
-5.852006,33,9043.171978,-100.0,-0.6770718883361111,0
-5.684399,34,9043.751516,-100.0,-0.7545767394786346,0
-5.705948,34,9044.33583,-100.0,-0.7801185719722633,0
-5.246035,32,9044.875223,-100.0,-0.8972472214386341,0
-5.687993,33,9045.434998,-100.0,-0.7365996957466021,0
-5.798897,33,9045.984716,-100.0,-0.7379742630800692,0
-5.526955,34,9046.565338,-100.0,-0.7954031860026509,0
-5.796635,34,9047.150042,-100.0,-0.6869141535914628,0
-5.626886,37,9047.775491,-100.0,-0.8138429029095062,0
-5.510177,34,9048.356205,-100.0,-0.8770775726492437,0
-5.619871,33,9048.919843,-100.0,-0.7144990019423311,0
-5.533807,33,9049.670914,-100.0,-0.68887838187467,0
-5.557626,32,9050.209162,-100.0,-0.7644049455553098,0
-5.629778,36,9050.833346,-100.0,-0.761138350802409,0
-5.938435,33,9051.391034,-100.0,-0.6625453872800164,0
-5.883157,39,9052.060907,-100.0,-0.7998472261782821,0
-5.632086,33,9052.626994,-100.0,-0.768677304696257,0
-5.889545,34,9053.210491,-100.0,-0.6293455856505291,0
-5.318208,39,9053.862561,-100.0,-0.8332782335918981,0
-5.660553,34,9171.290636,-100.0,-0.7512250102145134,0
-5.35966,33,9171.852772,-100.0,-0.804897371169715,0
-5.932082,34,9172.444713,-100.0,-0.6907782757645796,0
-5.448682,32,9172.991911,-100.0,-0.7542438208276231,0
-6.145202,41,9173.682415,-100.0,-0.7289664999218992,0
-5.282137,32,9174.226449,-100.0,-0.8847701989594596,0
-5.886422,33,9174.786228,-100.0,-0.7593048297910906,0
-5.815811,35,9175.388728,-100.0,-0.6918950238336364,0
-5.847845,34,9175.969993,-100.0,-0.6341004163139106,0
-6.206435,34,9176.56096,-100.0,-0.6483445550490456,0
-6.101055,33,9177.122414,-100.0,-0.677754159698701,0
-5.455915,33,9177.675745,-100.0,-0.7604252209203033,0
-5.926215,33,9178.231305,-100.0,-0.6730607313452728,0
-6.118622,36,9178.848211,-100.0,-0.6943257158764534,0
-5.222285,33,9179.400576,-100.0,-0.8160675614833219,0
-5.963438,34,9179.988893,-100.0,-0.6902749925250361,0
-5.677187,32,9180.539039,-100.0,-0.8493994231065632,0
-5.616818,39,9181.197733,-100.0,-0.7777138094531043,0
-5.624803,33,9181.767612,-100.0,-0.8710201054672617,0
-5.951865,34,9182.343438,-100.0,-0.6882189525870205,0
-5.317603,33,9182.90713,-100.0,-0.814603284386882,0
-6.095168,42,9183.621504,-100.0,-0.6917700624804236,0
-5.831916,33,9184.192287,-100.0,-0.6556209757086262,0
-5.482443,33,9184.757408,-100.0,-0.7576848934378582,0
-5.335107,33,9185.32473,-100.0,-0.8312552748572516,0
-5.755072,33,9185.888522,-100.0,-0.6896435020527518,0
-5.606612,33,9186.454139,-100.0,-0.6760287067787744,0
-5.23235,32,9186.986532,-100.0,-0.8927263013631026,0
-6.079271,31,9187.518857,-100.0,-0.7591660812672124,0
-5.321591,32,9188.070753,-100.0,-0.8379801373619761,0
-5.345525,33,9188.641757,-100.0,-0.8303812577579598,0
-5.831562,33,9189.189953,-100.0,-0.7001964944389895,0
-5.503294,33,9189.760897,-100.0,-0.8161420253295139,0
-5.650219,33,9190.318104,-100.0,-0.6850391110478375,0
-5.859675,34,9190.901742,-100.0,-0.738905692769497,0
-5.635564,33,9191.458346,-100.0,-0.6911685553599195,0
-5.85366,33,9192.024642,-100.0,-0.7142631748303833,0
-5.535862,34,9192.608265,-100.0,-0.7635275082525866,0
-5.396333,32,9193.150241,-100.0,-0.7755303791752699,0
-5.764379,32,9193.699816,-100.0,-0.8276532833240448,0
-5.878298,34,9194.273847,-100.0,-0.7106782255732703,0
-5.32744,34,9194.860938,-100.0,-0.8188025856766704,0
-5.261009,32,9195.408758,-100.0,-0.7882869452421007,0
-5.769111,33,9195.974756,-100.0,-0.6351417351543427,0
-5.843643,33,9196.529576,-100.0,-0.6444093111161999,0
-5.884024,42,9197.246499,-100.0,-0.6900510825262366,0
-5.928653,40,9197.950212,-100.0,-0.664162345764837,0
-5.410645,32,9198.477812,-100.0,-0.8371246004275149,0
-5.539496,33,9199.044257,-100.0,-0.7527724287887174,0
-5.688562,33,9199.608277,-100.0,-0.7070318143581689,0
-5.584964,33,9200.165884,-100.0,-0.8017626324540701,0
-5.807294,33,9200.72102,-100.0,-0.6719259500466401,0
-5.666814,35,9201.315384,-100.0,-0.732581483571168,0
-5.25181,32,9201.862673,-100.0,-0.8740180867427275,0
-5.811759,34,9202.451282,-100.0,-0.7730422174636323,0
-5.554385,32,9202.997263,-100.0,-0.8048911758489192,0
-5.978689,34,9203.57388,-100.0,-0.7512511432069521,0
-5.83344,32,9204.128506,-100.0,-0.7236240892471166,0
-5.986004,34,9204.708799,-100.0,-0.7179447624680569,0
-5.848762,33,9205.280378,-100.0,-0.6781727757703513,0
-5.289215,32,9205.830033,-100.0,-0.8999049974497869,0
-5.795125,33,9323.420053,-100.0,-0.7051232430903782,0
-5.889146,34,9323.998629,-100.0,-0.6610216063900907,0
-5.358977,32,9324.545242,-100.0,-0.7819535853652256,0
-5.674284,33,9325.105851,-100.0,-0.7919647033247736,0
-5.737942,34,9325.691609,-100.0,-0.7080992581031962,0
-5.565807,33,9326.258912,-100.0,-0.77371423117642,0
-5.85651,34,9326.844574,-100.0,-0.6064711621621468,0
-5.658269,34,9327.422244,-100.0,-0.7275386433826317,0
-6.007792,34,9327.996444,-100.0,-0.6736897896398714,0
-5.549115,33,9328.571056,-100.0,-0.7069328365399369,0
-5.603945,33,9329.135055,-100.0,-0.7458691742925201,0
-6.010485,33,9329.704998,-100.0,-0.6855066492922605,0
-5.531779,33,9330.263389,-100.0,-0.8087174040545154,0
-5.375363,33,9330.819384,-100.0,-0.8442381854150215,0
-5.970933,34,9331.402033,-100.0,-0.6557007985789561,0
-5.858203,34,9331.988924,-100.0,-0.6964702662310416,0
-5.473585,33,9332.545499,-100.0,-0.7229267895844245,0
-5.410201,32,9333.092252,-100.0,-0.8033031213560269,0
-5.569809,34,9333.667115,-100.0,-0.8032438356090811,0
-5.249075,33,9334.234908,-100.0,-0.8433843937023571,0
-5.741835,33,9334.800942,-100.0,-0.6492329159598105,0
-5.286121,33,9335.368791,-100.0,-0.8001663970699812,0
-5.514741,33,9335.927809,-100.0,-0.7809392184982058,0
-5.885874,34,9336.513507,-100.0,-0.6384285135103044,0
-6.255419,42,9337.231447,-100.0,-0.6665288593754183,0
-5.742929,34,9337.809271,-100.0,-0.7260102937055852,0
-5.361805,33,9338.375071,-100.0,-0.7636926449078186,0
-5.2593,32,9338.919728,-100.0,-0.8588254877684998,0
-5.738762,35,9339.522677,-100.0,-0.6807914409836465,0
-5.697769,33,9340.092458,-100.0,-0.75976776947014,0
-5.208025,32,9340.638996,-100.0,-0.8722714403756023,0
-5.284218,38,9341.285247,-100.0,-0.820901057696394,0
-5.677764,34,9341.868327,-100.0,-0.6550060080608344,0
-5.376892,33,9342.428116,-100.0,-0.7062494774996859,0
-5.471199,33,9342.988966,-100.0,-0.7522163960924977,0
-5.394857,33,9343.558201,-100.0,-0.787093935747301,0
-5.690984,33,9344.130558,-100.0,-0.7077067490490894,0
-5.300406,33,9344.693275,-100.0,-0.7892171516233175,0
-6.134486,35,9345.275414,-100.0,-0.6425261620894047,0
-5.942679,34,9345.854779,-100.0,-0.641741866377519,0
-5.767609,35,9346.451309,-100.0,-0.8938876261018642,0
-5.91991,34,9347.04394,-100.0,-0.631212414820051,0
-5.413307,33,9347.598317,-100.0,-0.7948436225902092,0
-5.932924,33,9348.160046,-100.0,-0.7144108604073549,0
-5.466553,33,9348.724837,-100.0,-0.8239400480984624,0
-5.906217,34,9349.313137,-100.0,-0.6709381468652248,0
-5.503893,33,9349.880768,-100.0,-0.8431226360122343,0
-5.407442,33,9350.436375,-100.0,-0.7909863246245592,0
-5.729771,34,9351.014886,-100.0,-0.7518185744644837,0
-5.748739,34,9351.595765,-100.0,-0.7515937249518724,0
-5.603534,33,9352.153913,-100.0,-0.7570101412076659,0
-5.631631,33,9352.717843,-100.0,-0.6863187347363374,0
-5.640833,33,9353.271619,-100.0,-0.705213510584449,0
-6.274874,35,9353.874938,-100.0,-0.724757462024137,0
-5.674467,33,9354.440495,-100.0,-0.672150761839286,0
-5.664123,34,9355.023903,-100.0,-0.7151435849836589,0
-5.798219,33,9355.594258,-100.0,-0.6748300499201455,0
-5.924725,33,9356.158037,-100.0,-0.6878617705034626,0
-5.857194,33,9356.719444,-100.0,-0.6401676518404912,0
-5.451677,32,9357.275604,-100.0,-0.7470381694233265,0
-5.283542,32,9357.822944,-100.0,-0.8777721948665541,0
-5.722931,34,9473.29784,-100.0,-0.671743648373882,0
-5.976662,34,9473.876735,-100.0,-0.6714048714326326,0
-5.378803,33,9474.439082,-100.0,-0.8526164453188603,0
-6.004577,34,9475.012187,-100.0,-0.6868216032760609,0
-5.697063,33,9475.576177,-100.0,-0.722252322633442,0
-5.465579,34,9476.161063,-100.0,-0.7835842377977686,0
-5.958142,33,9476.720407,-100.0,-0.6805992087124892,0
-5.26794,33,9477.28786,-100.0,-0.7880049127050778,0
-5.609946,34,9477.86316,-100.0,-0.6383872718946011,0
-5.745423,40,9478.541186,-100.0,-0.8111970506974747,0
-5.308692,33,9479.096491,-100.0,-0.7719739456093238,0
-5.853606,33,9479.654931,-100.0,-0.6781216212781127,0
-5.668234,33,9480.213145,-100.0,-0.6842101025083376,0
-5.871081,34,9480.802733,-100.0,-0.6714664324379622,0
-5.728973,34,9481.374798,-100.0,-0.7423667410701893,0
-5.776292,34,9481.961473,-100.0,-0.7232753763830638,0
-5.702327,34,9482.536501,-100.0,-0.7405479435375847,0
-5.485717,32,9483.083101,-100.0,-0.8575678255086322,0
-6.302063,34,9483.665718,-100.0,-0.8367274324126683,0
-5.589549,32,9484.214986,-100.0,-0.7932595104601236,0
-5.416626,33,9484.78352,-100.0,-0.8147062086486822,0
-5.708146,35,9485.377325,-100.0,-0.6301068289869344,0
-5.488151,33,9485.951116,-100.0,-0.7844942538107137,0
-6.140518,34,9486.51983,-100.0,-0.7556620528461603,0
-5.685244,33,9487.086122,-100.0,-0.6910725336773285,0
-5.432887,33,9487.652128,-100.0,-0.721459211272565,0
-5.514441,33,9488.210155,-100.0,-0.8114879697029681,0
-5.518263,33,9488.776294,-100.0,-0.7182727734779311,0
-5.468036,35,9489.378596,-100.0,-0.8127459926847528,0
-5.415117,32,9489.926286,-100.0,-0.8053632971430679,0
-5.378163,32,9490.469796,-100.0,-0.7751600268042431,0
-5.475722,34,9491.059414,-100.0,-0.7459045571689868,0
-5.503136,33,9491.617418,-100.0,-0.7953588781681065,0
-6.128223,36,9492.243462,-100.0,-0.6634366259654231,0
-5.597954,33,9492.808044,-100.0,-0.7536188352989146,0
-5.980301,34,9493.376262,-100.0,-0.7014255053887279,0
-5.394052,32,9493.928252,-100.0,-0.8517199144964982,0
-5.848309,33,9494.492717,-100.0,-0.6888565496218336,0
-5.805159,33,9495.054487,-100.0,-0.7124028617399956,0
-5.160112,32,9495.598369,-100.0,-0.8980539818039536,0
-5.371675,32,9496.153912,-100.0,-0.8883119482921795,0
-5.833946,35,9496.748971,-100.0,-0.7388676275511229,0
-5.213836,33,9497.31038,-100.0,-0.8078405956497994,0
-5.331288,33,9498.077716,-100.0,-0.8123849612266496,0
-5.461625,33,9498.644876,-100.0,-0.7746237594482882,0
-5.683939,33,9499.207971,-100.0,-0.7268985207584336,0
-5.818952,34,9499.790566,-100.0,-0.7602147985413407,0
-5.515256,34,9500.373089,-100.0,-0.79192730993414,0
-5.844384,33,9500.933371,-100.0,-0.6587188912094425,0
-5.527058,34,9501.518883,-100.0,-0.8068566417100995,0
-5.327586,32,9502.063916,-100.0,-0.8549958288384376,0
-5.972535,39,9502.734485,-100.0,-0.7729844995178613,0
-5.959477,37,9503.369562,-100.0,-0.6393776186046406,0
-5.600152,34,9503.954094,-100.0,-0.7114545006386386,0
-5.676443,33,9504.509878,-100.0,-0.7704659073390783,0
-5.568636,33,9505.078201,-100.0,-0.8054234166159663,0
-5.765273,33,9505.645401,-100.0,-0.7632543571244231,0
-5.708914,33,9506.202237,-100.0,-0.7181432402468284,0
-6.071429,35,9506.796664,-100.0,-0.6152401286786341,0
-5.561058,34,9507.383002,-100.0,-0.7211859010341897,0
-5.482321,33,9507.947454,-100.0,-0.78220056658575,0
-5.851045,34,9624.780908,-100.0,-0.656771660460404,0
-5.872168,34,9625.35749,-100.0,-0.7155138189331309,0
-5.722265,35,9625.951305,-100.0,-0.6798619006560475,0
-5.438779,33,9626.517744,-100.0,-0.7669200452711725,0
-6.040016,34,9627.086896,-100.0,-0.7016529338043058,0
-5.523782,34,9627.666656,-100.0,-0.749891824548201,0
-5.293527,32,9628.216944,-100.0,-0.8305407425678865,0
-5.520963,33,9628.787737,-100.0,-0.719283401858581,0
-5.361873,38,9629.425146,-100.0,-0.8123302326474106,0
-5.721642,34,9630.011084,-100.0,-0.6931690572248159,0
-5.767168,32,9630.552898,-100.0,-0.7624210374608196,0
-5.755599,36,9631.168708,-100.0,-0.7029908065039073,0
-5.339716,33,9631.730349,-100.0,-0.7541849411385739,0
-5.958502,33,9632.298787,-100.0,-0.6763066341849381,0
-5.943311,34,9632.867991,-100.0,-0.7090806995251321,0
-5.261743,33,9633.44278,-100.0,-0.7926137032120965,0
-5.424635,33,9634.009022,-100.0,-0.7720363372329164,0
-5.359549,32,9634.554217,-100.0,-0.7548628861316856,0
-5.270759,33,9635.121451,-100.0,-0.8081042027183944,0
-5.84643,34,9635.70274,-100.0,-0.7050390836985045,0
-5.794798,33,9636.268614,-100.0,-0.6619970394240338,0
-5.550189,33,9636.827198,-100.0,-0.7621804476079332,0
-5.575593,34,9637.405456,-100.0,-0.7429465357016296,0
-5.623189,34,9637.982877,-100.0,-0.6998680399575465,0
-6.040931,35,9638.588628,-100.0,-0.6859559006795688,0
-5.553076,32,9639.128304,-100.0,-0.7886303457840482,0
-5.418558,33,9639.692291,-100.0,-0.7932393946173427,0
-5.555463,34,9640.280675,-100.0,-0.6231029423305217,0
-5.393743,34,9640.859894,-100.0,-0.6997628477879155,0
-5.494296,33,9641.43042,-100.0,-0.7797196096859835,0
-5.927221,35,9642.018924,-100.0,-0.6939902755680023,0
-5.769352,33,9642.58259,-100.0,-0.7023784155193027,0
-5.806425,33,9643.142069,-100.0,-0.705738455302691,0
-5.63711,34,9643.722806,-100.0,-0.758525627890825,0
-5.767164,32,9644.269019,-100.0,-0.7358139190738907,0
-5.843983,33,9644.829253,-100.0,-0.6904896457606241,0
-5.528897,32,9645.374336,-100.0,-0.7698865243309398,0
-5.44348,32,9645.920844,-100.0,-0.7467753772409895,0
-5.751546,33,9646.486218,-100.0,-0.7681143584996014,0
-5.692437,33,9647.053184,-100.0,-0.6076364652184895,0
-6.203689,34,9647.622337,-100.0,-0.6899552191425844,0
-5.86873,35,9648.230823,-100.0,-0.6769385725345329,0
-5.29808,32,9648.780579,-100.0,-0.7689887608062095,0
-5.620875,34,9649.362812,-100.0,-0.7398363184501963,0
-5.488029,34,9649.93313,-100.0,-0.6776384885387094,0
-5.949055,33,9650.502131,-100.0,-0.694331319286963,0
-5.744695,33,9651.059743,-100.0,-0.6360139990326347,0
-5.636326,33,9651.617027,-100.0,-0.6909743265398923,0
-5.807623,33,9652.173904,-100.0,-0.7121860869754573,0
-5.44052,32,9652.725195,-100.0,-0.7475251797376554,0
-5.337854,33,9653.289826,-100.0,-0.7632955825754526,0
-5.14502,33,9653.857326,-100.0,-0.8194253902882338,0
-5.406051,35,9654.46621,-100.0,-0.8048025264799741,0
-5.31508,33,9655.011333,-100.0,-0.7813226859583352,0
-5.472132,33,9655.579129,-100.0,-0.7246226124075472,0
-5.90823,35,9656.176809,-100.0,-0.6856572219417006,0
-5.49902,32,9656.726506,-100.0,-0.8033311775848184,0
-5.349533,33,9657.280426,-100.0,-0.772392779065571,0
-5.765115,34,9657.858878,-100.0,-0.7547311172466749,0
-5.535248,33,9658.427675,-100.0,-0.7330852562489538,0
-5.266466,32,9658.985245,-100.0,-0.8246641793277857,0
-5.870454,35,9773.790289,-100.0,-0.6891388641504397,0
-5.62833,33,9774.358069,-100.0,-0.7084878324308593,0
-5.798873,38,9775.008085,-100.0,-0.7250716201694936,0
-5.260259,32,9775.566877,-100.0,-0.855507988532476,0
-6.040813,34,9776.14603,-100.0,-0.6507553168864035,0
-5.406346,34,9776.724713,-100.0,-0.764226046451326,0
-5.758417,38,9777.365447,-100.0,-0.6950491942461942,0
-5.617193,34,9777.944757,-100.0,-0.6800326626428472,0
-5.495017,33,9778.510339,-100.0,-0.6702522892888048,0
-5.599564,33,9779.078652,-100.0,-0.7144933425926375,0
-5.398226,33,9779.6369,-100.0,-0.7480562738442037,0
-5.830587,33,9780.184054,-100.0,-0.6918724135585519,0
-5.383816,32,9780.735358,-100.0,-0.8229724335229676,0
-5.365476,32,9781.286636,-100.0,-0.8824671950637832,0
-5.463453,36,9781.898917,-100.0,-0.802730542267051,0
-6.258392,40,9782.586265,-100.0,-0.7062305177319262,0
-5.649489,34,9783.166637,-100.0,-0.6642749838394807,0
-5.939344,35,9783.772177,-100.0,-0.701634397938846,0
-5.368014,32,9784.310402,-100.0,-0.8078036396617606,0
-5.479797,34,9784.895402,-100.0,-0.7968761834162245,0
-5.309043,33,9785.447962,-100.0,-0.8590374295132073,0
-5.558663,33,9786.013588,-100.0,-0.7251145227038971,0
-5.722838,34,9786.597039,-100.0,-0.6557589990553232,0
-5.416573,35,9787.20839,-100.0,-0.7843795803134405,0
-5.528664,33,9787.78043,-100.0,-0.8190520682554514,0
-5.876389,33,9788.344462,-100.0,-0.6437677220083309,0
-5.601561,33,9788.909013,-100.0,-0.6510994153709205,0
-5.34205,33,9789.465892,-100.0,-0.7842478907018742,0
-5.621106,34,9790.052513,-100.0,-0.7576128365681676,0
-5.75286,35,9790.660771,-100.0,-0.6421215175414394,0
-5.889334,33,9791.216512,-100.0,-0.6377210807487349,0
-5.421326,34,9791.802135,-100.0,-0.7249247244398348,0
-6.155481,35,9792.408075,-100.0,-0.6619123343702354,0
-5.498304,32,9792.950062,-100.0,-0.73592796561571,0
-5.83948,33,9793.524295,-100.0,-0.7144230384308861,0
-5.610363,34,9794.102176,-100.0,-0.7555195154755189,0
-5.722279,33,9794.67207,-100.0,-0.6196248145253079,0
-5.717694,34,9795.237614,-100.0,-0.6335951470315113,0
-5.361969,32,9795.801529,-100.0,-0.901719991998818,0
-5.613376,33,9796.364337,-100.0,-0.7033949076839531,0
-5.583007,33,9796.921061,-100.0,-0.6300218229670491,0
-5.95228,34,9797.5033,-100.0,-0.6431013232751878,0
-5.478725,33,9798.069061,-100.0,-0.7566891738586033,0
-5.830058,34,9798.646786,-100.0,-0.6856795176766197,0
-5.771662,33,9799.215223,-100.0,-0.6562453615476223,0
-5.785633,33,9799.777992,-100.0,-0.697263271647243,0
-5.255667,33,9800.355134,-100.0,-0.8205886648656758,0
-5.426663,34,9800.940583,-100.0,-0.843992657449138,0
-5.285431,33,9801.505,-100.0,-0.7919275411317463,0
-5.568293,35,9802.100316,-100.0,-0.7553585920360698,0
-5.283417,33,9802.656916,-100.0,-0.8913325588748041,0
-5.443698,32,9803.215439,-100.0,-0.8098665967747521,0
-5.339212,32,9803.754668,-100.0,-0.8550822282483405,0
-5.705684,33,9804.322906,-100.0,-0.7432232280253449,0
-5.791684,33,9804.885068,-100.0,-0.6870325079986856,0
-5.882794,34,9805.469206,-100.0,-0.6634150853274479,0
-5.492024,33,9806.033922,-100.0,-0.6890720599671143,0
-5.876439,34,9806.612406,-100.0,-0.6888447824485723,0
-5.569673,33,9807.176574,-100.0,-0.6751101425494646,0
-5.732024,34,9807.75813,-100.0,-0.751981879844759,0
-5.626054,35,9808.352631,-100.0,-0.8438555696560757,0
-5.155591,32,9925.127736,-100.0,-0.8442623867867391,0
-5.666891,33,9925.689034,-100.0,-0.6525331013052722,0
-6.123966,35,9926.294699,-100.0,-0.6482132479701015,0
-5.426353,33,9926.861783,-100.0,-0.7884518183498321,0
-5.746109,33,9927.410812,-100.0,-0.6908032228678547,0
-5.546664,33,9927.980111,-100.0,-0.6645213248713898,0
-5.308584,33,9928.552408,-100.0,-0.8188084072257023,0
-5.520112,33,9929.122993,-100.0,-0.7685014208718756,0
-5.825628,33,9929.67314,-100.0,-0.6964087382598897,0
-5.234645,33,9930.23572,-100.0,-0.7597680503646405,0
-5.461279,32,9930.78424,-100.0,-0.7481792612236481,0
-5.259816,32,9931.340789,-100.0,-0.877226500981886,0
-5.604547,37,9931.975027,-100.0,-0.7600289391051047,0
-5.77867,35,9932.569834,-100.0,-0.8358264033342061,0
-5.763028,34,9933.153774,-100.0,-0.6698702151468552,0
-5.248572,33,9933.718928,-100.0,-0.8122624291176466,0
-5.420479,32,9934.26406,-100.0,-0.7789764532220659,0
-5.211902,32,9934.822381,-100.0,-0.8653007988659951,0
-5.614592,36,9935.431029,-100.0,-0.6712412674964521,0
-5.338992,33,9936.000683,-100.0,-0.7949258161015386,0
-6.037024,34,9936.583289,-100.0,-0.6926929170772027,0
-5.498925,33,9937.144571,-100.0,-0.7744504857587716,0
-5.451525,32,9937.701184,-100.0,-0.788516039005686,0
-5.22183,34,9938.285171,-100.0,-0.8586566810661639,0
-5.791482,34,9938.868556,-100.0,-0.6940358568214328,0
-5.65963,33,9939.4334,-100.0,-0.679462601206941,0
-5.456694,33,9939.994778,-100.0,-0.7102038765548111,0
-5.995403,34,9940.572999,-100.0,-0.6949629973929706,0
-5.373757,33,9941.138818,-100.0,-0.7661400742973821,0
-5.589861,34,9941.73093,-100.0,-0.6996122182981341,0
-5.33026,33,9942.28958,-100.0,-0.8194399267722444,0
-5.346569,33,9942.851939,-100.0,-0.711948576522755,0
-5.53661,32,9943.406186,-100.0,-0.7995651683643621,0
-5.610248,33,9943.961257,-100.0,-0.6297350090601368,0
-5.276958,33,9944.724972,-100.0,-0.8379687183337063,0
-5.610799,33,9945.294272,-100.0,-0.6633661174457377,0
-5.762307,34,9945.866757,-100.0,-0.711327997048246,0
-5.527066,34,9946.45245,-100.0,-0.8240910084114819,0
-5.624503,38,9947.11212,-100.0,-0.7426794693646757,0
-6.046155,34,9947.698377,-100.0,-0.6526098770264107,0
-5.516161,33,9948.266231,-100.0,-0.7479176332472061,0
-5.596086,32,9948.81798,-100.0,-0.8539486124941448,0
-5.196918,33,9949.377925,-100.0,-0.8426738825207631,0
-5.788226,33,9949.927279,-100.0,-0.702681991717069,0
-5.879781,34,9950.51626,-100.0,-0.6914010880851602,0
-5.566949,34,9951.096673,-100.0,-0.6423264131983699,0
-5.918658,33,9951.674377,-100.0,-0.7063944669837248,0
-5.524065,33,9952.225872,-100.0,-0.7208212978472421,0
-5.669657,33,9952.797271,-100.0,-0.6713050785633304,0
-5.411252,33,9953.364184,-100.0,-0.7989382702202675,0
-5.166693,32,9953.913103,-100.0,-0.8126061275257233,0
-5.668697,33,9954.479488,-100.0,-0.6654773661830924,0
-5.236749,34,9955.066134,-100.0,-0.7807522323027772,0
-5.499215,34,9955.639072,-100.0,-0.6782380779910538,0
-5.532414,33,9956.205578,-100.0,-0.795710555138659,0
-5.261629,34,9956.788009,-100.0,-0.822629752083255,0
-5.458915,32,9957.341244,-100.0,-0.8380504188449172,0
-5.278846,33,9957.908681,-100.0,-0.7644212047807287,0
-5.638173,34,9958.492561,-100.0,-0.6562594012321624,0
-5.294837,33,9959.052784,-100.0,-0.8386209341786725,0
-5.68285,33,9959.618524,-100.0,-0.6806091722607249,0
-5.613374,34,10078.217468,-100.0,-0.6760152465594965,0
-5.991377,40,10078.90179,-100.0,-0.6384495990649128,0
-5.428935,35,10079.511066,-100.0,-0.8215453715213958,0
-5.532896,41,10080.192302,-100.0,-0.8182677342991388,0
-5.288196,33,10080.763243,-100.0,-0.771011054278867,0
-5.833968,40,10081.434571,-100.0,-0.6667598267679861,0
-5.486214,33,10081.995255,-100.0,-0.7416252894400013,0
-5.302494,34,10082.570905,-100.0,-0.7944949823027869,0
-5.692909,36,10083.180303,-100.0,-0.7481115556025718,0
-5.549541,33,10083.749657,-100.0,-0.7513900350230696,0
-5.466922,33,10084.318313,-100.0,-0.6356555897115176,0
-5.630144,34,10084.898164,-100.0,-0.7056173987666058,0
-5.397485,33,10085.459151,-100.0,-0.7478161918701574,0
-5.175998,38,10086.106407,-100.0,-0.8193767981835939,0
-5.640739,34,10086.675573,-100.0,-0.6891236765652098,0
-5.156052,33,10087.247495,-100.0,-0.8123400796251741,0
-5.375357,32,10087.800859,-100.0,-0.7569364675128964,0
-5.625756,34,10088.373196,-100.0,-0.794589578439025,0
-5.454405,33,10088.94347,-100.0,-0.7589861111094407,0
-5.551647,41,10089.636971,-100.0,-0.7218428859481426,0
-5.409839,32,10090.185127,-100.0,-0.7821172100150381,0
-5.577451,34,10090.758015,-100.0,-0.7108632061082476,0
-6.190769,34,10091.335979,-100.0,-0.6712321083858709,0
-5.846495,33,10091.882071,-100.0,-0.6335651645386435,0
-6.003882,34,10092.460767,-100.0,-0.6694204404842988,0
-5.41261,33,10093.022842,-100.0,-0.7446246760784261,0
-5.677396,34,10093.599809,-100.0,-0.6866447402431676,0
-5.963613,35,10094.207602,-100.0,-0.6904986100748203,0
-5.863892,34,10094.793644,-100.0,-0.6462539894447372,0
-5.289997,32,10095.3302,-100.0,-0.8391271326283655,0
-5.31034,33,10095.894559,-100.0,-0.7902073443904857,0
-5.644225,34,10096.467061,-100.0,-0.7212309698097658,0
-5.587208,33,10097.038173,-100.0,-0.73914865144696,0
-5.897312,34,10097.604505,-100.0,-0.6876493522780167,0
-5.709459,34,10098.186676,-100.0,-0.6557411785249765,0
-5.667873,33,10098.744488,-100.0,-0.648441653702273,0
-5.651752,33,10099.313282,-100.0,-0.777549591988537,0
-5.497118,33,10099.883676,-100.0,-0.7512708157553097,0
-5.451,33,10100.445149,-100.0,-0.8087038375140867,0
-5.334659,34,10101.026536,-100.0,-0.7533226727826067,0
-5.348869,32,10101.569887,-100.0,-0.8530399144251046,0
-5.776159,33,10102.140929,-100.0,-0.6760059369999851,0
-5.914736,34,10102.719249,-100.0,-0.7233290554111406,0
-5.854665,34,10103.30048,-100.0,-0.7356795542342782,0
-5.901305,34,10103.876837,-100.0,-0.6939963778834382,0
-5.759117,35,10104.472205,-100.0,-0.6676474556368087,0
-5.521667,38,10105.111385,-100.0,-0.70841833659813,0
-5.493955,34,10105.693033,-100.0,-0.7778191203420425,0
-5.264208,33,10106.256783,-100.0,-0.8153883876209943,0
-5.334549,33,10106.821639,-100.0,-0.7207262006105652,0
-5.431256,39,10107.485717,-100.0,-0.7753799318257638,0
-5.812747,33,10108.04668,-100.0,-0.686102649073815,0
-5.804082,36,10108.677201,-100.0,-0.6887609550077156,0
-6.154745,34,10109.272927,-100.0,-0.6645274467616842,0
-5.866005,40,10109.950691,-100.0,-0.725732383683448,0
-5.391021,32,10110.493519,-100.0,-0.8053280472886568,0
-5.315834,38,10111.142667,-100.0,-0.7802324380706956,0
-5.517455,33,10111.703694,-100.0,-0.6686902289221405,0
-5.837677,33,10112.271203,-100.0,-0.65025999296918,0
-5.742255,35,10112.869762,-100.0,-0.6776063758547584,0
-5.155861,33,10215.5699,-100.0,-0.8526547366207609,0
-5.930875,34,10216.143682,-100.0,-0.6574924279994798,0
-5.507382,34,10216.725658,-100.0,-0.6954864343651206,0
-6.191366,35,10217.325488,-100.0,-0.6327508801886803,0
-5.601837,35,10217.923193,-100.0,-0.945133779235087,0
-5.359035,34,10218.510635,-100.0,-0.7534194971483379,0
-5.714766,33,10219.065935,-100.0,-0.6947371274923504,0
-5.573989,33,10219.633069,-100.0,-0.672666247659114,0
-5.297085,33,10220.193798,-100.0,-0.7576771739179339,0
-5.757397,33,10220.756536,-100.0,-0.6993441995363024,0
-5.385456,33,10221.323354,-100.0,-0.7780004860445034,0
-5.753735,36,10221.941258,-100.0,-0.6279242406293797,0
-5.959858,34,10222.509087,-100.0,-0.6833772838284754,0
-5.565113,34,10223.094347,-100.0,-0.7049872153555715,0
-5.744397,34,10223.676296,-100.0,-0.6849605242676878,0
-5.808893,36,10224.281988,-100.0,-0.6447306124275304,0
-5.723972,34,10224.863655,-100.0,-0.6631424820525432,0
-5.6639,34,10225.453575,-100.0,-0.695913400905702,0
-5.820011,33,10226.015222,-100.0,-0.6270994145351401,0
-5.736817,33,10226.575508,-100.0,-0.6168483641852778,0
-5.358108,33,10227.151029,-100.0,-0.8072545121059315,0
-5.254224,32,10227.687672,-100.0,-0.8902819495702018,0
-5.358082,33,10228.244425,-100.0,-0.7290626464675689,0
-5.760104,40,10228.946735,-100.0,-0.6771871456307919,0
-5.305932,40,10229.621458,-100.0,-0.7776634329398674,0
-5.593854,34,10230.192334,-100.0,-0.7073050226535202,0
-5.384537,39,10230.855322,-100.0,-0.770687877176704,0
-5.191577,32,10231.406283,-100.0,-0.7786229072646154,0
-5.660458,34,10231.987916,-100.0,-0.7263011822174135,0
-5.596056,34,10232.573353,-100.0,-0.6648472850060894,0
-5.234627,33,10233.138146,-100.0,-0.7842742023730657,0
-5.500986,33,10233.699606,-100.0,-0.7628079600278764,0
-5.469683,33,10234.260149,-100.0,-0.7655137086078467,0
-5.216831,33,10234.821685,-100.0,-0.7695897560554363,0
-5.499604,32,10235.364141,-100.0,-0.8668740019733245,0
-5.476918,34,10235.948372,-100.0,-0.7394401548884062,0
-5.610023,34,10236.538731,-100.0,-0.7337643342076218,0
-5.402756,32,10237.089216,-100.0,-0.8022526928569145,0
-5.651055,35,10237.693852,-100.0,-0.714666052871444,0
-5.700172,34,10238.269017,-100.0,-0.6778447863402571,0
-5.843778,36,10238.877412,-100.0,-0.6880227473535102,0
-5.684297,33,10239.43992,-100.0,-0.6650381712356309,0
-5.371367,33,10239.998848,-100.0,-0.803854565255538,0
-5.600297,33,10240.559699,-100.0,-0.7151011641042032,0
-5.635309,34,10241.140095,-100.0,-0.6613911693760597,0
-5.5875,33,10241.701095,-100.0,-0.6321729262865627,0
-5.444203,32,10242.241725,-100.0,-0.8288868386071065,0
-5.613576,34,10242.824226,-100.0,-0.716483406871426,0
-5.527396,33,10243.392588,-100.0,-0.661163139919604,0
-5.539268,33,10243.963844,-100.0,-0.7581704866122035,0
-5.335204,32,10244.513211,-100.0,-0.7918135086866849,0
-5.763016,39,10245.178044,-100.0,-0.6715727302969765,0
-5.291086,33,10245.729714,-100.0,-0.802524637852059,0
-5.666047,33,10246.288709,-100.0,-0.7126926182633865,0
-5.63284,33,10246.853585,-100.0,-0.6716591919751796,0
-6.325059,36,10247.453756,-100.0,-0.8142905257790923,0
-5.552128,35,10248.062722,-100.0,-0.7773353512747179,0
-5.342957,33,10248.623922,-100.0,-0.7783329794032161,0
-5.725152,35,10249.224083,-100.0,-0.9195404079505406,0
-5.611945,33,10249.796678,-100.0,-0.7124739712378848,0
-5.672141,33,10352.39418,-100.0,-0.6297488329327555,0
-5.312102,33,10352.952786,-100.0,-0.8380826970113141,0
-5.382178,33,10353.521863,-100.0,-0.737386829473674,0
-5.510167,34,10354.088193,-100.0,-0.7402316731360196,0
-5.917454,36,10354.713687,-100.0,-0.6220953554268934,0
-6.341138,63,10355.785597,-100.0,-0.7669360770661667,0
-5.507814,36,10356.392173,-100.0,-0.6822392243952725,0
-5.605331,33,10356.961211,-100.0,-0.6416593906749628,0
-5.536513,33,10357.529528,-100.0,-0.7377655188704983,0
-5.741358,34,10358.101354,-100.0,-0.7099670381243715,0
-5.323888,33,10358.664051,-100.0,-0.772560725460615,0
-5.510556,33,10359.223356,-100.0,-0.7717705550971782,0
-5.186816,32,10359.775871,-100.0,-0.8168425333125863,0
-6.323074,60,10360.797293,-100.0,-0.7895895757491413,0
-5.091253,33,10361.354438,-100.0,-0.8276172053239146,0
-5.500234,33,10361.920786,-100.0,-0.6860511289754785,0
-5.81705,33,10362.478254,-100.0,-0.6867830497530533,0
-5.451737,33,10363.043521,-100.0,-0.7665990469585412,0
-5.328311,32,10363.580251,-100.0,-0.8687835784015514,0
-5.360136,35,10364.170244,-100.0,-0.7852913378883482,0
-5.47043,32,10364.720484,-100.0,-0.7906922232138293,0
-5.56218,33,10365.280093,-100.0,-0.7265147191204668,0
-5.804891,34,10365.863634,-100.0,-0.6705155432508147,0
-5.336604,33,10366.427053,-100.0,-0.7733499726158862,0
-5.481003,33,10367.200641,-100.0,-0.7367346725398333,0
-5.402663,32,10367.754627,-100.0,-0.8068850445044162,0
-5.389385,33,10368.322935,-100.0,-0.8100024413371512,0
-5.781246,32,10368.859759,-100.0,-0.6615811005166102,0
-5.408061,33,10369.430179,-100.0,-0.8139795121953378,0
-5.896181,33,10370.000014,-100.0,-0.655643986767081,0
-5.783342,33,10370.554319,-100.0,-0.7073922305761643,0
-5.878474,38,10371.20981,-100.0,-0.7599188409198459,0
-5.78731,33,10371.777811,-100.0,-0.6249313201978731,0
-5.582983,33,10372.346887,-100.0,-0.6242752524840139,0
-5.336812,33,10372.894427,-100.0,-0.8464279470697555,0
-5.303698,33,10373.454797,-100.0,-0.7449636817371519,0
-5.480899,35,10374.053602,-100.0,-0.739911474535234,0
-5.615623,34,10374.63176,-100.0,-0.6528039266802661,0
-5.364851,33,10375.18363,-100.0,-0.7710692994504309,0
-5.304002,33,10375.752809,-100.0,-0.8229245506626307,0
-5.437979,33,10376.320749,-100.0,-0.7062155150771784,0
-5.747628,34,10376.898955,-100.0,-0.6635489071281128,0
-5.795893,33,10377.460347,-100.0,-0.6466031502241986,0
-5.514196,33,10378.022847,-100.0,-0.7259295513523277,0
-5.416024,33,10378.580153,-100.0,-0.7216155090327533,0
-5.782107,34,10379.150407,-100.0,-0.6680396056544653,0
-5.561829,34,10379.73771,-100.0,-0.7309748572677756,0
-5.612404,33,10380.293143,-100.0,-0.6575743222560341,0
-5.925207,34,10380.875242,-100.0,-0.658255574860492,0
-5.462645,35,10381.471267,-100.0,-0.7456128718427547,0
-5.275499,33,10382.04338,-100.0,-0.7963033513770862,0
-5.328238,33,10382.597697,-100.0,-0.7700992594056942,0
-5.707262,33,10383.156154,-100.0,-0.6807463549997435,0
-6.211332,77,10384.488471,-100.0,-0.8380695182271334,0
-5.325369,33,10385.051592,-100.0,-0.7729586943437583,0
-5.470205,33,10385.603911,-100.0,-0.7024919995346599,0
-5.92897,34,10386.198138,-100.0,-0.6563692005243215,0
-5.644865,37,10386.823836,-100.0,-0.6735643254964326,0
-5.788109,33,10508.488263,-100.0,-0.6397488409811689,0
-5.5736,33,10509.049268,-100.0,-0.7476976498648373,0
-5.822618,33,10509.618717,-100.0,-0.6437917438326876,0
-5.405385,33,10510.184271,-100.0,-0.7737064357064373,0
-5.593684,34,10510.769462,-100.0,-0.8016837318402807,0
-5.509411,34,10511.347935,-100.0,-0.7216980396472114,0
-5.404624,33,10511.917753,-100.0,-0.7504726507196505,0
-5.655303,33,10512.469711,-100.0,-0.7246786460943769,0
-5.508852,33,10513.045205,-100.0,-0.6868774730334446,0
-5.455373,33,10513.609099,-100.0,-0.7225186153679678,0
-5.797361,34,10514.193518,-100.0,-0.6920178913161811,0
-5.818081,34,10514.766545,-100.0,-0.6815886751419212,0
-5.738099,33,10515.335617,-100.0,-0.6315970136684295,0
-5.702147,33,10515.893981,-100.0,-0.6887313194140533,0
-5.188499,33,10516.453331,-100.0,-0.808166497829955,0
-5.244385,32,10516.999837,-100.0,-0.7612203605629313,0
-5.650447,32,10517.550291,-100.0,-0.7499198837503879,0
-5.514611,33,10518.127193,-100.0,-0.7339906134364768,0
-5.272128,32,10518.665823,-100.0,-0.7822506469284443,0
-5.269312,32,10519.225302,-100.0,-0.8446788946023868,0
-5.57967,34,10519.812645,-100.0,-0.6087947284741334,0
-5.573019,34,10520.382653,-100.0,-0.6797290401128052,0
-5.504962,33,10520.951549,-100.0,-0.7302808544671026,0
-5.699594,33,10521.516145,-100.0,-0.7002324905255629,0
-5.73172,38,10522.166974,-100.0,-0.723616337419203,0
-5.79855,34,10522.761737,-100.0,-0.7055706871101938,0
-5.694183,38,10523.397522,-100.0,-0.6909014203864617,0
-5.640889,32,10523.949656,-100.0,-0.7130618880052648,0
-5.348499,33,10524.512072,-100.0,-0.7776957813326579,0
-6.008138,34,10525.093137,-100.0,-0.6974173500795945,0
-5.261057,32,10525.64483,-100.0,-0.8936069045646627,0
-5.451789,39,10526.297646,-100.0,-0.7937101476380725,0
-5.942034,36,10526.904709,-100.0,-0.6714417209098378,0
-5.370006,35,10527.499421,-100.0,-0.7674669588016523,0
-5.56604,35,10528.097614,-100.0,-0.8126162325012107,0
-5.545279,37,10528.739881,-100.0,-0.8062926540277149,0
-5.497182,33,10529.304878,-100.0,-0.7543579408803484,0
-5.241572,32,10529.849466,-100.0,-0.7988150390911578,0
-5.298058,34,10530.431475,-100.0,-0.7834636566298131,0
-5.747689,33,10531.001841,-100.0,-0.714821785009087,0
-5.663585,34,10531.590444,-100.0,-0.6468887159224855,0
-5.506825,33,10532.14687,-100.0,-0.7838812684665935,0
-5.02514,32,10532.712079,-100.0,-0.8088469422875519,0
-5.687212,35,10533.311333,-100.0,-0.7627099780412003,0
-5.874305,33,10533.879069,-100.0,-0.6914188010879949,0
-5.599665,33,10534.446012,-100.0,-0.689633216066136,0
-5.421169,35,10535.03417,-100.0,-0.8512781109606085,0
-5.730085,34,10535.619229,-100.0,-0.6932008773960712,0
-5.18815,32,10536.168378,-100.0,-0.8002860740908903,0
-5.219696,33,10536.741505,-100.0,-0.738798676273438,0
-5.755328,33,10537.30602,-100.0,-0.7248605614169931,0
-5.72935,34,10537.89012,-100.0,-0.6685513860699905,0
-5.831926,34,10538.456698,-100.0,-0.6800477869194461,0
-5.372882,33,10539.016343,-100.0,-0.7709843932218124,0
-5.605184,33,10539.585717,-100.0,-0.796687850020128,0
-5.495618,33,10540.143835,-100.0,-0.7945045499488763,0
-5.904381,38,10540.788163,-100.0,-0.7324236113791431,0
-5.803027,34,10541.364001,-100.0,-0.6878740969352125,0
-5.451069,33,10541.932227,-100.0,-0.7959894630731014,0
-5.656026,33,10542.498344,-100.0,-0.6460128698244096,0
-5.267317,32,10543.049001,-100.0,-0.8002486871629487,0
-6.050359,36,10668.155935,-100.0,-0.6724484923407482,0
-5.758407,34,10668.73421,-100.0,-0.634511786175198,0
-5.224742,32,10669.284282,-100.0,-0.7874189662031961,0
-5.596661,34,10669.860549,-100.0,-0.7613709134215693,0
-5.67918,34,10670.441231,-100.0,-0.7386904474881628,0
-5.74065,34,10671.019664,-100.0,-0.6631554699828235,0
-5.559283,34,10671.603049,-100.0,-0.687900751008267,0
-5.421572,36,10672.222306,-100.0,-0.7995857891598912,0
-5.269616,33,10672.785946,-100.0,-0.8140888608208134,0
-5.596132,33,10673.347059,-100.0,-0.7395617068593928,0
-5.340545,32,10673.8953,-100.0,-0.8514943694300396,0
-5.739056,34,10674.483838,-100.0,-0.6809592318762485,0
-5.471498,34,10675.065236,-100.0,-0.755730079180303,0
-5.518774,33,10675.634558,-100.0,-0.74173954832743,0
-5.772814,44,10676.381356,-100.0,-0.7351776329109944,0
-5.645428,34,10676.965878,-100.0,-0.6571335081303317,0
-5.849705,33,10677.538176,-100.0,-0.7140303563068631,0
-5.108141,33,10678.091805,-100.0,-0.8327004610870573,0
-5.623302,33,10678.658234,-100.0,-0.6847195793284317,0
-5.906845,35,10679.255671,-100.0,-0.6668592336417307,0
-5.404808,33,10679.80974,-100.0,-0.7593859639708122,0
-5.748089,35,10680.411386,-100.0,-0.7221314151933951,0
-5.912418,34,10680.989895,-100.0,-0.6636912610205666,0
-5.606748,35,10681.59833,-100.0,-0.6845721086542434,0
-5.711882,34,10682.187945,-100.0,-0.6874131364189479,0
-5.827676,35,10682.776726,-100.0,-0.6446731699834969,0
-5.476724,33,10683.336995,-100.0,-0.7726801339149603,0
-5.528682,33,10683.907021,-100.0,-0.7157117722100791,0
-5.486663,33,10684.473771,-100.0,-0.767183125228385,0
-5.66701,34,10685.055139,-100.0,-0.6703326516574493,0
-5.865341,33,10685.614261,-100.0,-0.649260715572523,0
-5.512772,34,10686.195229,-100.0,-0.7587999475174436,0
-5.583632,33,10686.754203,-100.0,-0.6706695707528436,0
-5.717678,35,10687.3646,-100.0,-0.7209419914582063,0
-5.684935,37,10688.005709,-100.0,-0.7089782021918029,0
-5.743265,34,10688.587497,-100.0,-0.6811353620664431,0
-5.891609,34,10689.160257,-100.0,-0.6564342177512691,0
-5.372983,35,10689.763789,-100.0,-0.8293329104273934,0
-5.538226,32,10690.300846,-100.0,-0.7626735853168972,0
-5.536441,35,10690.917824,-100.0,-0.6629431351449843,0
-5.352086,33,10691.474099,-100.0,-0.7573128921891432,0
-5.573241,39,10692.142271,-100.0,-0.7494612369444398,0
-5.643691,33,10692.70225,-100.0,-0.62135609957511,0
-5.682274,33,10693.272793,-100.0,-0.6554962695218346,0
-5.375905,32,10693.808624,-100.0,-0.8360187525186594,0
-5.856022,34,10694.381288,-100.0,-0.6788494610312533,0
-5.583436,33,10694.930679,-100.0,-0.6843516265882649,0
-5.419915,35,10695.542826,-100.0,-0.7908362896117571,0
-5.704065,33,10696.113957,-100.0,-0.7000486607780986,0
-5.807486,33,10696.671962,-100.0,-0.6662616144939917,0
-5.290596,33,10697.241517,-100.0,-0.8289472898497616,0
-5.384393,35,10697.841309,-100.0,-0.8058248581870621,0
-5.182229,32,10698.389721,-100.0,-0.850924297952318,0
-5.681067,34,10698.971,-100.0,-0.6347091662957444,0
-5.207951,33,10699.530452,-100.0,-0.8257858399328812,0
-5.387028,33,10700.105881,-100.0,-0.7079204676673861,0
-5.793244,34,10700.677676,-100.0,-0.6517829127296088,0
-5.960656,34,10701.265373,-100.0,-0.6751751822478165,0
-5.602194,33,10701.824463,-100.0,-0.7256764840183065,0
-5.213827,32,10702.374184,-100.0,-0.8621554302416958,0
-5.117795,33,10832.589535,-100.0,-0.852944969219122,0
-5.782962,34,10833.182551,-100.0,-0.660974758761203,0
-5.657369,33,10833.754139,-100.0,-0.7437054243123887,0
-5.412029,36,10834.364615,-100.0,-0.768187105965881,0
-5.409446,33,10834.930282,-100.0,-0.8265006296211393,0
-5.684194,33,10835.492276,-100.0,-0.6594993966929963,0
-5.547988,33,10836.067998,-100.0,-0.7192111890996604,0
-5.744036,34,10836.637647,-100.0,-0.6766916991393469,0
-5.708069,40,10837.326327,-100.0,-0.6574955087514792,0
-5.588527,34,10837.916427,-100.0,-0.7047708933782776,0
-5.55316,38,10838.539818,-100.0,-0.719989523676073,0
-5.365373,38,10839.17994,-100.0,-0.7595813558385079,0
-5.900558,33,10839.743098,-100.0,-0.6887345202850478,0
-5.57582,33,10840.31192,-100.0,-0.7357988240952998,0
-5.632052,38,10840.972896,-100.0,-0.7188479078238671,0
-5.249912,33,10841.542084,-100.0,-0.7736897464261155,0
-5.535853,33,10842.101485,-100.0,-0.7482231250493308,0
-5.35681,34,10842.881197,-100.0,-0.8253430870974754,0
-5.743507,34,10843.465073,-100.0,-0.6649237504124469,0
-5.681518,33,10844.031517,-100.0,-0.6823381278548382,0
-5.565362,33,10844.594838,-100.0,-0.692126840737393,0
-5.624123,34,10845.184223,-100.0,-0.7191386005111748,0
-5.447321,33,10845.747922,-100.0,-0.7333250401161711,0
-5.474767,34,10846.337982,-100.0,-0.7148604039403654,0
-5.759085,33,10846.897086,-100.0,-0.6583398407591494,0
-5.405257,33,10847.462472,-100.0,-0.7781376951747688,0
-5.223524,33,10848.033636,-100.0,-0.8490184408568384,0
-5.533739,34,10848.619014,-100.0,-0.7263803463699662,0
-5.873059,34,10849.200727,-100.0,-0.6571343073498978,0
-5.312418,33,10849.757355,-100.0,-0.7261858938250659,0
-5.360532,33,10850.328241,-100.0,-0.7432209389726727,0
-5.446695,40,10851.008028,-100.0,-0.8129455382472667,0
-5.580246,33,10851.571481,-100.0,-0.8326264133828216,0
-5.864732,39,10852.226082,-100.0,-0.672298604337607,0
-5.098742,35,10852.842083,-100.0,-0.7979003835751372,0
-5.656285,33,10853.403026,-100.0,-0.7055201609508243,0
-5.270315,35,10854.004585,-100.0,-0.7650954421775416,0
-5.339638,33,10854.568509,-100.0,-0.7924039929829225,0
-5.351446,32,10855.119337,-100.0,-0.7864453854705387,0
-5.486598,32,10855.659826,-100.0,-0.8138105287058589,0
-5.194847,33,10856.221028,-100.0,-0.8862193139569856,0
-5.311248,32,10856.772078,-100.0,-0.8150390667795299,0
-5.577654,33,10857.336609,-100.0,-0.7747775072118112,0
-5.430661,33,10857.902046,-100.0,-0.7958528932299633,0
-5.717777,33,10858.454519,-100.0,-0.6454880973500962,0
-5.284737,39,10859.116057,-100.0,-0.8446724755993684,0
-5.233648,32,10859.674552,-100.0,-0.8711486559125513,0
-5.70802,34,10860.260421,-100.0,-0.7014109759352642,0
-5.760059,33,10860.81591,-100.0,-0.628070517058439,0
-5.588575,33,10861.380462,-100.0,-0.655106458449787,0
-5.752883,40,10862.063113,-100.0,-0.7108848944179192,0
-5.54642,33,10862.628693,-100.0,-0.7570977863915148,0
-5.43231,33,10863.187418,-100.0,-0.7052836740774647,0
-5.660253,33,10863.746384,-100.0,-0.6542341914586698,0
-5.505245,34,10864.330584,-100.0,-0.774457870593222,0
-5.398273,33,10864.879548,-100.0,-0.7921012363208171,0
-5.642559,33,10865.450225,-100.0,-0.6614071079522946,0
-5.456878,33,10866.015228,-100.0,-0.7698980424557528,0
-5.424564,32,10866.571651,-100.0,-0.7896528194789355,0
-5.81196,34,10867.142814,-100.0,-0.6821186208906008,0
-5.753228,33,10867.708771,-100.0,-0.6482433092221335,0
-5.510045,33,11001.757252,-100.0,-0.6633096797017363,0
-5.514501,34,11002.332096,-100.0,-0.7808625800228735,0
-5.327489,33,11002.88851,-100.0,-0.7565186771456274,0
-5.186462,32,11003.443011,-100.0,-0.8820512544470412,0
-5.909621,36,11004.060857,-100.0,-0.7191377026207539,0
-5.392785,33,11004.618458,-100.0,-0.703961756560617,0
-5.810037,33,11005.169786,-100.0,-0.6214987797770991,0
-5.324878,35,11005.777934,-100.0,-0.8607068089204368,0
-5.629523,35,11006.366165,-100.0,-0.6893847178199972,0
-5.491571,33,11006.932683,-100.0,-0.7204467734048908,0
-5.340137,33,11007.500117,-100.0,-0.743211644057176,0
-5.546465,33,11008.062458,-100.0,-0.735932425271999,0
-5.169071,33,11008.618359,-100.0,-0.8425454693741404,0
-5.546357,33,11009.18565,-100.0,-0.7346843861546201,0
-5.593809,33,11009.743908,-100.0,-0.6485953099869077,0
-5.468737,34,11010.330771,-100.0,-0.6735529799792657,0
-5.46865,33,11010.901254,-100.0,-0.7411385252571311,0
-5.400468,32,11011.434863,-100.0,-0.8105189173886733,0
-5.454788,33,11011.992336,-100.0,-0.7141721610314098,0
-5.260778,34,11012.573745,-100.0,-0.7710981723063487,0
-5.617419,34,11013.168252,-100.0,-0.7122928835180178,0
-5.509427,34,11013.743743,-100.0,-0.6639167662856575,0
-5.28507,33,11014.309677,-100.0,-0.7989042081930158,0
-5.561952,33,11014.86532,-100.0,-0.6597715901420557,0
-5.288462,36,11015.483362,-100.0,-0.7983655104386401,0
-5.815603,35,11016.074184,-100.0,-0.7122850079730786,0
-5.105441,33,11016.634431,-100.0,-0.8575453939234158,0
-5.359097,32,11017.184906,-100.0,-0.7702210664689604,0
-5.667283,33,11017.746441,-100.0,-0.662768736281986,0
-5.376688,33,11018.309454,-100.0,-0.6945923093979837,0
-5.63454,33,11018.859564,-100.0,-0.6550567910155984,0
-5.4715,34,11019.429229,-100.0,-0.7651633691179686,0
-5.079547,33,11019.998226,-100.0,-0.8012727861772044,0
-5.700341,35,11020.604241,-100.0,-0.6900162872659114,0
-5.395678,34,11021.187407,-100.0,-0.8292708604187838,0
-5.758061,33,11021.752496,-100.0,-0.7006096046285768,0
-5.319936,33,11022.315268,-100.0,-0.8015274971161152,0
-5.671252,33,11022.882165,-100.0,-0.6956922093409432,0
-5.240854,33,11023.438316,-100.0,-0.7885473485633696,0
-5.288361,33,11024.004798,-100.0,-0.7856915121279876,0
-5.486213,33,11024.56663,-100.0,-0.777037091930599,0
-5.347427,32,11025.123119,-100.0,-0.797984175372461,0
-5.548453,32,11025.660838,-100.0,-0.7661621481104187,0
-5.519581,33,11026.226296,-100.0,-0.7423909808473415,0
-5.570558,34,11026.796187,-100.0,-0.6884280014261038,0
-5.923702,33,11027.354651,-100.0,-0.6499344762976716,0
-5.612903,33,11027.918512,-100.0,-0.6977584245431357,0
-5.618411,33,11028.486757,-100.0,-0.7016259884407383,0
-5.760952,33,11029.048561,-100.0,-0.6455872305740697,0
-5.657568,34,11029.631931,-100.0,-0.6839914943745485,0
-5.393765,34,11030.209136,-100.0,-0.7857555009433647,0
-5.336109,38,11030.844877,-100.0,-0.7995562773170517,0
-5.565336,33,11031.413624,-100.0,-0.6853555861769265,0
-5.689695,34,11031.989727,-100.0,-0.6684173135027416,0
-5.327736,33,11032.558523,-100.0,-0.7964086453980579,0
-5.59522,33,11033.1221,-100.0,-0.7371745007287129,0
-5.326415,32,11033.669461,-100.0,-0.7871220784060591,0
-5.53445,34,11034.250418,-100.0,-0.7772779289788625,0
-5.201314,33,11034.808637,-100.0,-0.7733668115553595,0
-5.613799,33,11035.37297,-100.0,-0.6818568629487854,0
-5.577566,33,11035.93636,-100.0,-0.715110310355531,0
-5.624338,33,11173.875861,-100.0,-0.6853736301506999,0
-5.746628,34,11174.458891,-100.0,-0.6910571150871644,0
-5.329487,33,11175.031451,-100.0,-0.7511342818278177,0
-5.839299,32,11175.589024,-100.0,-0.7134054139353436,0
-5.595444,34,11176.17911,-100.0,-0.6416962233614562,0
-5.765052,35,11176.777985,-100.0,-0.6424019226362455,0
-5.584727,33,11177.341159,-100.0,-0.664203301831466,0
-5.793319,33,11177.9173,-100.0,-0.6758847000848399,0
-5.614897,34,11178.509781,-100.0,-0.670070829527941,0
-5.369087,35,11179.119944,-100.0,-0.8825177009122068,0
-5.297669,33,11179.686099,-100.0,-0.8002083532327305,0
-5.479667,40,11180.363404,-100.0,-0.7168382082437227,0
-5.276744,33,11180.926082,-100.0,-0.7407392469778058,0
-5.606975,33,11181.50218,-100.0,-0.6601138487531546,0
-5.1306,32,11182.05558,-100.0,-0.8161019764097731,0
-5.267684,34,11182.646613,-100.0,-0.8076383982832191,0
-5.539786,33,11183.219716,-100.0,-0.7108846869200062,0
-5.425706,32,11183.772408,-100.0,-0.8356495461765675,0
-5.267159,32,11184.328214,-100.0,-0.8363608443309424,0
-5.286457,33,11184.884735,-100.0,-0.8056605698852589,0
-5.222688,33,11185.463316,-100.0,-0.8468748441639378,0
-5.201548,33,11186.034203,-100.0,-0.8103776034551957,0
-5.662522,33,11186.606471,-100.0,-0.677399008803848,0
-5.346471,32,11187.153607,-100.0,-0.7666185399966107,0
-5.187567,32,11187.717766,-100.0,-0.7809510404537618,0
-5.466039,34,11188.302481,-100.0,-0.6799119212707562,0
-5.643863,37,11188.939872,-100.0,-0.7353104124256585,0
-5.309836,33,11189.504052,-100.0,-0.8172743980985021,0
-5.639607,33,11190.065775,-100.0,-0.6858055646256221,0
-5.086998,32,11190.617341,-100.0,-0.8378631069368198,0
-5.414356,34,11191.191536,-100.0,-0.7651468626910504,0
-5.242981,32,11191.736769,-100.0,-0.8404512119010429,0
-5.210042,33,11192.297306,-100.0,-0.867564717357057,0
-5.076686,32,11192.849046,-100.0,-0.8054782873966742,0
-5.382678,33,11193.415278,-100.0,-0.7782493185670883,0
-5.463965,33,11193.988289,-100.0,-0.6354087494290434,0
-5.442407,33,11194.549031,-100.0,-0.774262398300281,0
-5.702991,34,11195.133032,-100.0,-0.6256523208236936,0
-5.131002,33,11195.695767,-100.0,-0.8345347631667803,0
-5.277279,32,11196.236748,-100.0,-0.8369925872203545,0
-5.555431,34,11196.819581,-100.0,-0.6747946078649946,0
-5.529035,33,11197.383049,-100.0,-0.7678375166329454,0
-5.542293,33,11197.948189,-100.0,-0.6560183756556582,0
-5.169662,32,11198.498553,-100.0,-0.8400460814161225,0
-5.594941,34,11199.068718,-100.0,-0.7431813813137467,0
-5.632079,33,11199.639679,-100.0,-0.659318343788278,0
-5.748294,33,11200.201078,-100.0,-0.7396873922641302,0
-5.168257,32,11200.752799,-100.0,-0.8415464184545082,0
-5.231929,33,11201.316905,-100.0,-0.7781904743403641,0
-5.425914,33,11201.878964,-100.0,-0.7706276982290775,0
-5.63637,34,11202.461052,-100.0,-0.6709657709998529,0
-5.320707,33,11203.027017,-100.0,-0.7911455377533378,0
-5.330896,33,11203.584356,-100.0,-0.7843768198423117,0
-5.370978,32,11204.138172,-100.0,-0.8434987684067417,0
-5.322948,32,11204.668643,-100.0,-0.7997587463338117,0
-5.573578,34,11205.249172,-100.0,-0.7224189451567932,0
-5.474082,39,11205.930688,-100.0,-0.8221236317776834,0
-5.789258,34,11206.508755,-100.0,-0.6809345552303493,0
-5.931075,34,11207.095963,-100.0,-0.6848676710205389,0
-5.198278,33,11207.647083,-100.0,-0.7442530799453341,0
-5.573361,33,11208.215142,-100.0,-0.689644907939308,0
-5.577046,34,11343.957243,-100.0,-0.7252397358427858,0
-5.361457,32,11344.495589,-100.0,-0.814989311481504,0
-5.604374,37,11345.136153,-100.0,-0.6573860421049582,0
-5.335606,32,11345.681648,-100.0,-0.8109470094964519,0
-5.421131,34,11346.267261,-100.0,-0.7278701710430062,0
-5.300847,32,11346.804758,-100.0,-0.873396781228508,0
-5.508623,39,11347.460231,-100.0,-0.7164304281526485,0
-5.32963,35,11348.044728,-100.0,-0.7250476182442614,0
-5.513706,37,11348.888586,-100.0,-0.6855098774771268,0
-5.201222,33,11349.456714,-100.0,-0.8484448049648832,0
-5.142578,32,11350.01062,-100.0,-0.7798140126659386,0
-5.576136,34,11350.59078,-100.0,-0.6841991838492731,0
-5.284798,33,11351.151851,-100.0,-0.791801842035811,0
-5.382716,33,11351.715324,-100.0,-0.7358401263894107,0
-5.584247,33,11352.284043,-100.0,-0.6643088863785694,0
-5.511025,33,11352.840021,-100.0,-0.7850229793455799,0
-5.623168,33,11353.402961,-100.0,-0.666040732316121,0
-5.860683,34,11353.981165,-100.0,-0.6990638277160051,0
-5.646394,33,11354.554646,-100.0,-0.6519847398628806,0
-5.719915,38,11355.178722,-100.0,-0.6879300962621909,0
-5.51302,32,11355.72643,-100.0,-0.7603364888086215,0
-5.406722,32,11356.282502,-100.0,-0.7497937862143236,0
-5.590079,33,11356.838456,-100.0,-0.7315040061827837,0
-5.594589,33,11357.404308,-100.0,-0.7070846757082364,0
-5.554205,32,11357.948761,-100.0,-0.7304616690054538,0
-5.278146,33,11358.512524,-100.0,-0.7584932814924236,0
-5.149301,33,11359.079159,-100.0,-0.8533572029841203,0
-5.73553,33,11359.632724,-100.0,-0.6398542842979165,0
-5.674127,33,11360.199401,-100.0,-0.6694085662677168,0
-5.12866,33,11360.764405,-100.0,-0.817328508209646,0
-5.268246,32,11361.307918,-100.0,-0.8449921410001995,0
-5.303446,33,11361.86861,-100.0,-0.7957128010044032,0
-5.2449,33,11362.428202,-100.0,-0.8008904477856157,0
-5.351699,33,11362.994586,-100.0,-0.7847149991772137,0
-5.23233,33,11363.555642,-100.0,-0.7421339137660555,0
-5.430185,32,11364.101324,-100.0,-0.8178834244921536,0
-5.275577,32,11364.648363,-100.0,-0.8643852497541459,0
-5.751347,33,11365.209411,-100.0,-0.6499790417982042,0
-5.512352,36,11365.818678,-100.0,-0.7588228341312405,0
-5.585759,33,11366.387311,-100.0,-0.7098015811228372,0
-5.437391,33,11366.937787,-100.0,-0.7008668846068362,0
-5.24945,33,11367.501741,-100.0,-0.8613425628538173,0
-5.560787,32,11368.04373,-100.0,-0.7933559623937849,0
-5.427276,33,11368.610469,-100.0,-0.7292747381235659,0
-5.715364,33,11369.180878,-100.0,-0.6260493358977934,0
-5.498767,35,11369.76616,-100.0,-0.7125087277788467,0
-5.327765,32,11370.318742,-100.0,-0.8202098829528551,0
-5.688928,34,11370.889634,-100.0,-0.705456918280225,0
-5.563709,35,11371.490752,-100.0,-0.7320281929665858,0
-5.309132,33,11372.063854,-100.0,-0.7686579588878267,0
-5.477699,33,11372.625151,-100.0,-0.7166656835216285,0
-5.656296,41,11373.296421,-100.0,-0.7466402057108217,0
-5.692183,34,11373.875597,-100.0,-0.6399570225905576,0
-5.423732,33,11374.442082,-100.0,-0.7509544761419814,0
-5.423104,33,11375.000657,-100.0,-0.7173739748544438,0
-5.83401,41,11375.693167,-100.0,-0.6991891007153207,0
-5.048952,33,11376.252692,-100.0,-0.8364613441504459,0
-5.46428,33,11376.819452,-100.0,-0.6989443361024028,0
-5.441444,33,11377.386168,-100.0,-0.7138069784221656,0
-5.217865,32,11377.931673,-100.0,-0.8268766803813287,0
-5.487067,45,11378.699878,-100.0,-0.7623381890304785,0
