#{"t_start": 1782853650.1842685, "env_id": "BipedalWalker-v3"}
r,l,t,original_env_reward,generated_reward,reward_error_count
-28.098396,86,3.228524,-100.0,-0.8035669995691366,0
-79.140328,75,4.270388,-100.0,-3.3856442568839125,0
-40.25501,67,5.212458,-100.0,-1.6217894663670913,0
-522.174256,1600,27.037645,-0.08890354784329614,-0.15326498443260778,0
-26.36065,48,27.709774,-100.0,-1.3050407653886535,0
-30.787929,48,28.378041,-100.0,-1.400603248366445,0
-380.826519,1600,192.97234,0.03299691349267961,-0.11333028871933107,0
-34.135246,46,193.67639,-100.0,-1.1866545403678899,0
-66.850781,66,194.659849,-100.0,-2.168774695962185,0
-331.927826,1600,340.683925,0.01277582454681396,-0.18029899295854385,0
-53.248423,99,342.047027,-100.0,-1.3502005556171317,0
-46.054424,97,343.390773,-100.0,-1.0908721870223304,0
-39.313796,64,344.273945,-100.0,-1.2774463129964666,0
-246.981668,1600,486.370527,-0.07401889604330063,-0.12558957671506848,0
-65.628421,116,487.995033,-100.0,-1.2953083147891469,0
-20.991393,43,488.593714,-100.0,-0.884641853249834,0
-33.984246,96,489.930413,-100.0,-0.6125162077841371,0
-25.004858,44,490.543602,-100.0,-1.1927161443243457,0
-240.107952,1600,631.56914,-0.12733643384774407,-0.1668738437683811,0
-217.645636,1600,773.314207,-0.0570135751167945,-0.1171216961304396,0
-205.743497,1600,797.456234,-0.036935605982944146,-0.10248343699790767,0
-183.063694,1600,937.445568,-0.05948458105325699,-0.08041230551933538,0
-29.026648,66,938.374481,-100.0,-1.387831979610282,0
-165.711496,1600,1081.219136,-0.08795025549332064,-0.06097843156225997,0
-270.421993,1600,1221.039509,0.09366280245780945,-0.07675270190581068,0
-16.885462,55,1221.817136,-100.0,-0.36073658305968015,0
-24.262899,116,1223.438043,-100.0,-0.9179184981177176,0
-12.780789,72,1224.452101,-100.0,-0.8807047221793223,0
-165.894638,1600,1364.000811,-0.09471571672956268,-0.08396999244164843,0
-232.222487,1600,1502.978652,-0.06005950980384671,-0.16833480801078882,0
-21.823139,99,1504.376829,-100.0,-0.5336798854669642,0
-11.42831,55,1505.164451,-100.0,-0.7949341499750466,0
-12.422419,50,1505.866803,-100.0,-0.7903810840520903,0
-15.806825,68,1506.821697,-100.0,-0.8368748767658462,0
-20.467791,64,1507.72875,-100.0,-0.7114973203068625,0
-12.788435,84,1508.911358,-100.0,-0.6265021150240444,0
-14.436135,56,1509.707099,-100.0,-0.7215820135434876,0
-14.642765,86,1510.922753,-100.0,-0.5903559550959772,0
-225.454333,1600,1653.475914,-0.07001457293828565,-0.09439285844199245,0
-130.148333,1600,1675.853298,-0.01619650208453811,-0.03908309927625694,0
-18.253528,81,1676.980178,-100.0,-0.5041894395590079,0
-185.327777,1600,1817.529317,0.025262717808291084,-0.029263108198086245,0
-14.129182,69,1818.481164,-100.0,-0.7288826999529068,0
-124.263286,1600,1959.143307,-0.09818827498952311,-0.07058866906176212,0
-36.033733,174,1961.761245,-100.0,-0.5341932687149776,0
-20.749344,105,1963.328557,-100.0,-0.5624901793432471,0
-25.83813,104,1964.905816,-100.0,-0.7716506031852984,0
-110.130808,1600,2103.274767,-0.06957087078690528,-0.06040668517096543,0
-11.658125,59,2104.113769,-100.0,-0.7408279868050739,0
-143.780341,1600,2241.076655,0.09802731142441196,-0.0852636973856505,0
-12.101789,76,2242.119929,-100.0,-0.24122213852843674,0
-12.246524,54,2242.852211,-100.0,-0.41903135905343813,0
-13.146439,89,2244.069987,-100.0,-0.3304030713637344,0
-99.312424,1600,2385.072497,-0.03719716183344286,-0.01978734952883962,0
-16.869512,78,2386.132871,-100.0,-0.4004408262121212,0
-120.876526,1600,2408.065475,-0.09680064480502928,-0.18520315534895715,0
-12.823782,75,2503.636734,-100.0,-0.7319868311391983,0
-120.424368,1600,2525.436058,-0.06643119739989914,-0.06553642097029629,0
-14.153791,74,2526.440395,-100.0,-0.7202459091970695,0
-16.25527,101,2527.811817,-100.0,-0.7035656835617744,0
-84.369928,1600,2642.813945,-0.03392885243333876,-0.0345245520626095,0
-8.725585,47,2643.454533,-100.0,-0.712649001711852,0
-17.621134,74,2644.458995,-100.0,-0.533439558220109,0
-12.891132,83,2645.592177,-100.0,-0.6379553241173482,0
-9.917582,75,2646.625859,-100.0,-0.2751333978697081,0
-16.093622,64,2647.497203,-100.0,-0.5945131800653641,0
-9.134234,60,2648.317487,-100.0,-0.7205271134939805,0
-17.045763,79,2649.401649,-100.0,-0.33833084900331456,0
-12.601042,40,2649.951972,-100.0,-0.5443386472182968,0
-13.571747,71,2650.92025,-100.0,-0.26151718475919405,0
-12.129345,57,2651.682037,-100.0,-0.43171876103191376,0
-17.591758,71,2745.749435,-100.0,-0.5628725922013755,0
-15.903906,68,2746.70143,-100.0,-0.3765508754287743,0
-12.333254,80,2747.80669,-100.0,-0.6830474238943132,0
-13.434169,79,2748.910683,-100.0,-0.7255798402994653,0
-14.113843,76,2749.971143,-100.0,-0.4088247984655169,0
-7.391904,38,2750.518444,-100.0,-0.29262413594954884,0
-10.670589,78,2751.588993,-100.0,-0.8100288287914561,0
-24.987211,127,2753.328372,-100.0,-0.6982031699953261,0
-16.431205,68,2754.270398,-100.0,-0.49340889342509736,0
-10.577332,102,2755.681273,-100.0,-0.15613895553929483,0
-14.399152,77,2756.739555,-100.0,-0.6411045241900158,0
-12.020571,70,2757.718431,-100.0,-0.73987190147863,0
-9.913585,61,2758.563646,-100.0,-0.704167860338411,0
-24.462744,210,2761.459386,-100.0,-0.3325172626021557,0
-10.434308,57,2762.253784,-100.0,-0.19459025409455666,0
-8.22998,43,2762.841264,-100.0,-0.5763192738098184,0
-20.502231,94,2764.155149,-100.0,-0.7046176039510967,0
-14.742006,92,2765.43467,-100.0,-0.3639728396729628,0
-14.24193,44,2766.059329,-100.0,-0.6297661404056446,0
-8.887219,51,2766.753594,-100.0,-0.38442909071057857,0
-10.402419,76,2767.809119,-100.0,-0.667651734474771,0
-8.204408,50,2768.503409,-100.0,-0.6940333133054702,0
-7.223466,44,2769.112911,-100.0,-0.2940357722460793,0
-20.992007,126,2770.833909,-100.0,-0.3492091704344908,0
-17.810692,85,2772.026394,-100.0,-0.4529277318340974,0
-11.446695,78,2773.106681,-100.0,-0.7190947210088118,0
-9.486345,53,2773.848393,-100.0,-0.22639943738756443,0
-9.194401,57,2893.588776,-100.0,-0.7727750251235186,0
-21.023282,93,2894.882074,-100.0,-0.7360422121790557,0
-9.168052,50,2895.598002,-100.0,-0.7946842512832184,0
-14.996099,109,2897.135152,-100.0,-0.2548179467394947,0
-12.00887,72,2898.134551,-100.0,-0.736027531670227,0
-10.363518,58,2898.94488,-100.0,-0.6706935034298316,0
-17.818812,92,2900.264533,-100.0,-0.4209336707021456,0
-11.068514,71,2901.25602,-100.0,-0.7362379426099648,0
-16.441045,103,2902.699742,-100.0,-0.20502202861614796,0
-21.043426,112,2904.262278,-100.0,-0.38782598948290087,0
-11.310456,65,2905.175399,-100.0,-0.5710911004807926,0
-12.535664,84,2906.346353,-100.0,-0.7587961015173781,0
-8.484116,50,2907.070045,-100.0,-0.6432022637748187,0
-8.645023,61,2907.928237,-100.0,-0.18566953156617533,0
-16.639823,86,2909.151806,-100.0,-0.2664216092394568,0
-15.189401,88,2910.410981,-100.0,-0.4425759129396975,0
-8.361452,40,2910.967722,-100.0,-0.6150615396518464,0
-13.866602,85,2912.173786,-100.0,-0.6698781506330922,0
-16.173882,57,2912.991942,-100.0,-0.5985083854888376,0
-20.015794,64,2913.907821,-100.0,-0.8272175863864122,0
-12.279929,69,2914.871017,-100.0,-0.22000279873609543,0
-16.610875,95,2916.221387,-100.0,-0.33624356615692486,0
-20.24118,138,2918.18653,-100.0,-0.25130540986826844,0
-9.822796,71,2919.212769,-100.0,-0.6990439001555719,0
-10.861904,73,2920.255131,-100.0,-0.6853030310011029,0
-10.275637,54,2921.025483,-100.0,-0.6493491831889517,0
-12.218023,67,3037.659074,-100.0,-0.7049807306899337,0
-11.273642,39,3038.191878,-100.0,-0.91094728466752,0
-13.587118,80,3039.358547,-100.0,-0.809790679271687,0
-11.791035,54,3040.109437,-100.0,-0.29252869013172433,0
-13.75473,58,3040.944481,-100.0,-0.5824966033555917,0
-9.439932,70,3041.912744,-100.0,-0.3406723910781123,0
-10.128719,58,3042.760749,-100.0,-0.7572141870599961,0
-20.667137,78,3044.085859,-100.0,-0.5731368287669028,0
-10.929205,65,3045.014008,-100.0,-0.6945410736238072,0
-11.782033,58,3045.854789,-100.0,-0.20483320858800377,0
-23.696415,142,3047.860816,-100.0,-0.2284244534338482,0
-11.819061,71,3048.865156,-100.0,-0.7455929862210418,0
-12.226626,73,3049.902777,-100.0,-0.7721930549450187,0
-14.438987,90,3051.210823,-100.0,-0.26177149574701053,0
-13.570669,60,3052.08368,-100.0,-0.6915658176419748,0
-9.108116,72,3053.128904,-100.0,-0.6395647698096701,0
-17.319128,61,3053.995397,-100.0,-0.4282991871601363,0
-13.351857,85,3055.221916,-100.0,-0.19743823251062506,0
-14.59234,71,3056.222514,-100.0,-0.7099651948481166,0
-12.939352,61,3057.102556,-100.0,-0.8529133535401826,0
-9.543016,53,3057.850021,-100.0,-0.3141051138640251,0
-10.174003,63,3058.763925,-100.0,-0.6927031185364073,0
-10.922317,62,3059.676164,-100.0,-0.7472794053900724,0
-12.492118,68,3060.642394,-100.0,-0.5147522676057202,0
-14.786111,72,3061.693007,-100.0,-0.24512883759192747,0
-14.877546,97,3063.088944,-100.0,-0.6653687485260447,0
-9.677328,67,3064.050565,-100.0,-0.7642659682096082,0
-10.747239,52,3064.797774,-100.0,-0.2851649457688056,0
-11.192799,56,3065.603602,-100.0,-0.6844050521261491,0
-13.797062,92,3066.940195,-100.0,-0.29238927102683676,0
-9.3481,67,3184.217941,-100.0,-0.7766326879907558,0
-18.509209,99,3185.642566,-100.0,-0.3956550828446472,0
-18.705263,83,3186.853828,-100.0,-0.3971218699133714,0
-12.606888,62,3187.781739,-100.0,-0.7262939661646443,0
-14.696445,97,3189.182513,-100.0,-0.32471373576199136,0
-10.273094,82,3190.377104,-100.0,-0.6929652476944062,0
-9.065302,55,3191.188443,-100.0,-0.6626954473159106,0
-10.035292,84,3192.41793,-100.0,-0.7411280661968822,0
-10.110411,60,3193.296996,-100.0,-0.6517532962404616,0
-11.638239,86,3194.531865,-100.0,-0.7011299384094072,0
-11.445652,48,3195.239091,-100.0,-0.49707944645416996,0
-10.671349,68,3196.214519,-100.0,-0.24336174813295086,0
-8.396118,49,3196.93123,-100.0,-0.7394812962490771,0
-12.170069,78,3198.069723,-100.0,-0.15769308917374655,0
-12.693479,71,3199.099356,-100.0,-0.16367969794970716,0
-9.829433,55,3199.920224,-100.0,-0.5873566403487953,0
-12.546583,76,3201.019567,-100.0,-0.20130569948899057,0
-10.511169,60,3201.897925,-100.0,-0.18410408032392298,0
-17.955146,72,3202.935262,-100.0,-0.3690617236560796,0
-14.428488,70,3203.972691,-100.0,-0.7227011018551465,0
-10.87598,87,3205.26374,-100.0,-0.6927734057380833,0
-18.064128,143,3207.331681,-100.0,-0.32871154106885847,0
-15.086893,118,3209.054852,-100.0,-0.6451080186678927,0
-8.431136,37,3209.600206,-100.0,-0.8241961156418969,0
-8.818105,56,3210.419895,-100.0,-0.7244343996110004,0
-10.475699,61,3211.316998,-100.0,-0.6282580042496679,0
-14.143659,91,3212.635839,-100.0,-0.8282714477567275,0
-9.292459,50,3330.662558,-100.0,-0.6611578992975805,0
-11.29429,51,3331.421296,-100.0,-0.6119746792454326,0
-11.498876,78,3332.524794,-100.0,-0.7573676622194645,0
-11.13741,63,3333.457599,-100.0,-0.6535679947388839,0
-16.903368,91,3334.813232,-100.0,-0.16135740707326268,0
-9.913335,68,3335.807597,-100.0,-0.6467774251706004,0
-13.841666,72,3336.880979,-100.0,-0.6135865699343247,0
-7.976745,41,3337.475255,-100.0,-0.7047401282040361,0
-12.898985,72,3338.531745,-100.0,-0.6890814975002654,0
-10.06735,68,3339.525067,-100.0,-0.6190422653336582,0
-9.579945,73,3340.596612,-100.0,-0.587521815607199,0
-8.119155,50,3341.318089,-100.0,-0.6825817866554411,0
-9.173069,46,3341.998016,-100.0,-0.39046885565965284,0
-9.079228,45,3342.649018,-100.0,-0.6711598869479987,0
-14.040453,82,3343.873276,-100.0,-0.2487685758967943,0
-8.3798,46,3344.559873,-100.0,-0.5881492352608265,0
-14.983922,103,3346.077395,-100.0,-0.33244487612873497,0
-9.318891,62,3346.999145,-100.0,-0.7160276471117442,0
-8.811998,57,3347.829333,-100.0,-0.647640736239021,0
-8.542522,60,3348.725858,-100.0,-0.5936698067384459,0
-13.479225,86,3349.96279,-100.0,-0.3992059650721829,0
-7.832355,46,3350.638865,-100.0,-0.6834616109305739,0
-9.930902,56,3351.455637,-100.0,-0.692210949115515,0
-8.904086,42,3352.07505,-100.0,-0.6494644681438334,0
-11.170668,67,3353.055196,-100.0,-0.8321820989401766,0
-7.906481,46,3353.721806,-100.0,-0.7154755922812416,0
-15.1309,106,3355.283007,-100.0,-0.6360211346762209,0
-22.999977,184,3357.948207,-100.0,-0.6194686140467519,0
-9.825921,67,3358.917355,-100.0,-0.6430098560304788,0
-10.412742,68,3359.921635,-100.0,-0.6926743985181888,0
-8.350165,58,3476.36912,-100.0,-0.6742622234573287,0
-10.328774,66,3477.325796,-100.0,-0.7646284136096478,0
-12.967264,85,3478.563387,-100.0,-0.1976884120481798,0
-9.797575,70,3479.579976,-100.0,-0.8718496909707293,0
-7.419948,52,3480.343409,-100.0,-0.6630175983972174,0
-9.68541,77,3481.475549,-100.0,-0.6849632268244162,0
-10.268548,64,3482.411121,-100.0,-0.648198757775686,0
-11.081886,62,3483.321396,-100.0,-0.6717840357204962,0
-11.991905,64,3484.258479,-100.0,-0.8105772514897346,0
-14.778012,101,3485.732006,-100.0,-0.6732224247147963,0
-12.964132,85,3486.954975,-100.0,-0.5937035057890379,0
-8.922126,62,3487.893848,-100.0,-0.6432000102299849,0
-8.185966,44,3488.511918,-100.0,-0.740001161031536,0
-9.653254,70,3489.547259,-100.0,-0.22005755714145633,0
-8.81739,40,3490.143983,-100.0,-0.610125285492143,0
-8.050827,47,3490.8283,-100.0,-0.7203294917668785,0
-13.603863,57,3491.688431,-100.0,-0.3856438432341903,0
-8.678927,50,3492.41913,-100.0,-0.7863937522681839,0
-11.307023,46,3493.115091,-100.0,-0.8532918552043773,0
-12.484747,77,3494.239125,-100.0,-0.602443305469136,0
-9.619177,54,3495.016651,-100.0,-0.7289905876851464,0
-15.106588,88,3496.352748,-100.0,-0.6667774055719573,0
-10.398813,58,3497.208855,-100.0,-0.19523130599620409,0
-8.146871,57,3498.043006,-100.0,-0.7243344822142295,0
-12.101509,71,3499.090862,-100.0,-0.17119159811139983,0
-9.324273,50,3499.84078,-100.0,-0.6865664205389959,0
-7.999829,49,3500.562466,-100.0,-0.6757367967587765,0
-11.946583,61,3501.460859,-100.0,-0.3095983701932647,0
-8.624947,43,3502.088629,-100.0,-0.6829144719233458,0
-7.569631,41,3502.713319,-100.0,-0.7026002316802924,0
-9.56236,62,3503.622859,-100.0,-0.6034214275131476,0
-9.097128,52,3504.392114,-100.0,-0.7076340596245642,0
-9.131743,60,3505.285234,-100.0,-0.6041439950812864,0
-7.534493,48,3505.984943,-100.0,-0.7159523286245568,0
-13.855316,86,3626.311951,-100.0,-0.19179720249278664,0
-9.246831,61,3627.226272,-100.0,-0.7317482729449868,0
-10.524709,79,3628.394983,-100.0,-0.8326821205971747,0
-8.277168,55,3629.223684,-100.0,-0.6775096774304373,0
-11.399268,87,3630.504961,-100.0,-0.6775620549342305,0
-8.997105,68,3631.521617,-100.0,-0.8045952148693217,0
-9.508738,59,3632.405587,-100.0,-0.7267771186843067,0
-9.144607,58,3633.243558,-100.0,-0.6772336580473349,0
-9.252233,54,3634.03672,-100.0,-0.8767015448864032,0
-9.896724,52,3634.83772,-100.0,-0.30482372392001167,0
-11.116649,67,3635.837667,-100.0,-0.7159252382105183,0
-8.714214,46,3636.51797,-100.0,-0.677415321891505,0
-17.015743,65,3637.482004,-100.0,-0.6657094572655428,0
-10.95179,72,3638.541624,-100.0,-0.6161588000799375,0
-9.523862,57,3639.383743,-100.0,-0.6915878473472575,0
-11.732701,51,3640.149414,-100.0,-0.6668236606564847,0
-8.519814,48,3640.875108,-100.0,-0.7338393809753853,0
-9.06873,60,3641.767241,-100.0,-0.6799386191971821,0
-9.463397,62,3642.682456,-100.0,-0.6670138519121867,0
-7.516821,42,3643.318908,-100.0,-0.6871671121314593,0
-7.623812,45,3643.980467,-100.0,-0.7334018706583229,0
-8.123677,47,3644.690756,-100.0,-0.71572650576682,0
-9.537796,59,3645.577241,-100.0,-0.6692649897234257,0
-9.920878,76,3646.712912,-100.0,-0.7305634005876599,0
-9.204657,65,3647.67945,-100.0,-0.6795746428069275,0
-9.640399,51,3648.433691,-100.0,-0.609385207150175,0
-8.701242,54,3649.262849,-100.0,-0.6514263486749103,0
-7.872787,41,3649.857237,-100.0,-0.7000718649543057,0
-8.480076,50,3650.595947,-100.0,-0.808007512887979,0
-8.456936,55,3651.435502,-100.0,-0.8128543279830683,0
-8.390481,47,3652.123063,-100.0,-0.6458027657392714,0
-8.741639,47,3652.80405,-100.0,-0.6207259378131026,0
-10.547195,42,3653.431024,-100.0,-0.4696505435727731,0
-8.716812,50,3654.178188,-100.0,-0.6723323923904181,0
-9.502881,50,3654.934543,-100.0,-0.7270835749050878,0
-10.058433,65,3771.777079,-100.0,-0.7570626498622253,0
-7.91124,50,3772.515136,-100.0,-0.7459992900160913,0
-7.857396,50,3773.28548,-100.0,-0.6856717701462377,0
-9.110789,56,3774.129879,-100.0,-0.7164919523254552,0
-7.742005,41,3774.738286,-100.0,-0.7082676578609892,0
-8.673471,53,3775.547564,-100.0,-0.6251876310951928,0
-9.628209,51,3776.312939,-100.0,-0.7809468994344299,0
-8.072574,41,3776.913143,-100.0,-0.6850508675325789,0
-7.689656,50,3777.676072,-100.0,-0.7653542624652363,0
-10.33582,77,3778.835534,-100.0,-0.7007853426326133,0
-8.879955,35,3779.34361,-100.0,-0.6231673444595005,0
-7.949394,37,3779.931111,-100.0,-0.6064099284962853,0
-11.334538,75,3781.027791,-100.0,-0.6531872053010678,0
-8.113039,55,3781.87437,-100.0,-0.22120164539550013,0
-10.545671,76,3783.031848,-100.0,-0.7554633456802123,0
-8.638935,55,3783.841557,-100.0,-0.7696556649248923,0
-8.81775,48,3784.564281,-100.0,-0.6500421943455823,0
-8.797634,58,3785.436836,-100.0,-0.6883339884845631,0
-9.733505,44,3786.084314,-100.0,-0.7218969418128792,0
-8.8366,41,3786.695026,-100.0,-0.6603724214991055,0
-9.091799,62,3787.630867,-100.0,-0.8345054249446304,0
-7.893298,46,3788.309012,-100.0,-0.6508039219410008,0
-7.930415,43,3788.954274,-100.0,-0.7941686536716449,0
-12.604929,49,3789.688009,-100.0,-0.33834522580281984,0
-9.28461,56,3790.533529,-100.0,-0.6394366651440039,0
-7.843433,44,3791.178187,-100.0,-0.6686241543506127,0
-7.821251,47,3791.898377,-100.0,-0.7344651697223995,0
-8.988999,48,3792.622504,-100.0,-0.6464695742107742,0
-7.714487,42,3793.244043,-100.0,-0.6500393260891354,0
-60.637017,1600,3937.026081,-0.061449478651084126,-0.024966342603522713,0
-8.573292,76,3938.152415,-100.0,-0.7121641771322333,0
-7.848397,44,3938.829563,-100.0,-0.7282712197515029,0
-11.596823,82,3940.086317,-100.0,-0.6016247364330785,0
-7.641117,46,3940.777386,-100.0,-0.7305047560743242,0
-7.247742,50,3941.532644,-100.0,-0.7662570345430882,0
-10.101303,60,3942.411749,-100.0,-0.6716569995593802,0
-9.489727,58,3943.293844,-100.0,-0.6104096656496607,0
-8.024901,48,3944.02612,-100.0,-0.6266394795398307,0
-7.871279,45,3944.695192,-100.0,-0.7518779534169799,0
-8.058006,47,3945.397698,-100.0,-0.6409323399072611,0
-7.610265,42,3946.038244,-100.0,-0.6385957505055182,0
-8.532405,58,3946.928308,-100.0,-0.6497590604033867,0
-10.402857,60,3947.816302,-100.0,-0.7779542016204868,0
-8.458641,56,3948.666393,-100.0,-0.6298784614925425,0
-10.911263,48,3949.389759,-100.0,-0.6216985287653372,0
-7.307442,41,3950.021367,-100.0,-0.7873727051026678,0
-7.697803,50,3950.767805,-100.0,-0.6988598081176685,0
-8.15125,57,3951.611503,-100.0,-0.7260868624671247,0
-7.525878,45,3952.275732,-100.0,-0.7606833719533509,0
-8.07465,47,3952.996979,-100.0,-0.652529133433959,0
-7.033923,40,4069.67982,-100.0,-0.6872540551499411,0
-7.873835,41,4070.30372,-100.0,-0.5886022160092472,0
-6.923065,40,4070.905379,-100.0,-0.6990992806372847,0
-7.153971,45,4071.591261,-100.0,-0.696286542596636,0
-8.099035,60,4072.515113,-100.0,-0.7132877303968764,0
-8.033676,47,4073.216202,-100.0,-0.7776922747216819,0
-8.444923,56,4074.075793,-100.0,-0.6782916194326077,0
-7.25404,39,4074.67349,-100.0,-0.7427295981535204,0
-7.740681,36,4075.211056,-100.0,-0.6229226653585922,0
-8.241217,47,4075.917094,-100.0,-0.685558029772865,0
-7.24239,49,4076.656807,-100.0,-0.7727696247995498,0
-8.613868,63,4077.612098,-100.0,-0.7182563558467344,0
-7.594762,48,4078.337541,-100.0,-0.6626290092244289,0
-7.781436,44,4078.987678,-100.0,-0.6806506370181116,0
-8.329525,55,4079.828624,-100.0,-0.680834708326586,0
-8.377128,47,4080.541466,-100.0,-0.7422368502627967,0
-8.263364,49,4081.295431,-100.0,-0.6852195328172022,0
-7.705904,47,4081.997864,-100.0,-0.6358691124896174,0
-8.559743,60,4082.894269,-100.0,-0.7298506028926498,0
-7.883191,40,4083.493092,-100.0,-0.7008554941406739,0
-11.362645,75,4084.644374,-100.0,-0.6196358007679121,0
-7.89212,45,4085.302745,-100.0,-0.6288982484156072,0
-9.895415,70,4086.367913,-100.0,-0.6302983052011819,0
-8.273791,50,4087.12547,-100.0,-0.6492902202644804,0
-7.933032,43,4087.762841,-100.0,-0.6579043219816153,0
-8.245026,55,4088.601688,-100.0,-0.6310769885347587,0
-7.320072,52,4089.398136,-100.0,-0.7337114268222579,0
-7.965741,47,4090.091807,-100.0,-0.6421670822551196,0
-8.453232,57,4090.95432,-100.0,-0.6800146701907261,0
-11.176151,72,4092.050306,-100.0,-0.5889717803372495,0
-8.845507,52,4092.840548,-100.0,-0.7199383564838676,0
-7.633484,43,4093.487549,-100.0,-0.6863986848946309,0
-10.202014,81,4094.727526,-100.0,-0.6637904921210386,0
-6.777692,47,4095.446696,-100.0,-0.6701778868395122,0
-8.99942,49,4096.188634,-100.0,-0.6380118781352129,0
-16.855923,148,4098.411707,-100.0,-0.06593295575691989,0
-7.098744,50,4099.149293,-100.0,-0.7618603337334267,0
-12.234423,49,4099.899806,-100.0,-0.846481903858662,0
-8.423158,58,4218.759607,-100.0,-0.7105208436296481,0
-7.791882,51,4219.535324,-100.0,-0.6322151529711166,0
-8.352446,58,4220.439813,-100.0,-0.712489065136621,0
-9.71378,71,4221.510055,-100.0,-0.3639446370289119,0
-8.178776,53,4222.316662,-100.0,-0.7216882682167363,0
-8.091709,50,4223.082324,-100.0,-0.6484224192206809,0
-7.054688,40,4223.689203,-100.0,-0.6434252779019359,0
-7.456687,45,4224.378702,-100.0,-0.6426544529924468,0
-6.382542,44,4225.060099,-100.0,-0.7365438408510799,0
-7.997115,54,4225.883441,-100.0,-0.6756999997683081,0
-7.893759,58,4226.767939,-100.0,-0.7576549646721684,0
-8.637409,69,4227.809163,-100.0,-0.7401839020776959,0
-8.688723,48,4228.540775,-100.0,-0.6616668232481175,0
-8.396572,50,4229.31903,-100.0,-0.800373481590052,0
-7.287058,55,4230.174481,-100.0,-0.8244669378888149,0
-8.966084,59,4231.048416,-100.0,-0.7303101616122835,0
-7.64854,50,4231.830977,-100.0,-0.705074545080364,0
-7.350795,51,4232.60622,-100.0,-0.7102443619694289,0
-7.75867,53,4233.413851,-100.0,-0.7133828092993285,0
-10.65976,65,4234.40617,-100.0,-0.672923588417676,0
-7.579541,40,4235.00053,-100.0,-0.6313228286677892,0
-7.711727,49,4235.752101,-100.0,-0.7016905361705473,0
-7.733006,46,4236.462133,-100.0,-0.6524842182492043,0
-9.289213,57,4237.322169,-100.0,-0.6216569237574503,0
-9.783396,64,4238.306952,-100.0,-0.6073744664895054,0
-8.581834,59,4239.194138,-100.0,-0.6901064059191375,0
-7.820464,50,4239.975667,-100.0,-0.7762655648221882,0
-7.287175,40,4240.58912,-100.0,-0.6764381539059975,0
-7.596474,45,4241.282142,-100.0,-0.7065282478262412,0
-7.88302,61,4242.192563,-100.0,-0.6423023471722061,0
-7.513133,56,4243.060993,-100.0,-0.6732734089233796,0
-8.533741,63,4244.011017,-100.0,-0.6970651121687926,0
-7.845873,50,4244.770265,-100.0,-0.7286550269833082,0
-7.695238,41,4245.407866,-100.0,-0.6328979799361226,0
-8.433262,53,4246.221238,-100.0,-0.6072236820205321,0
-7.985079,47,4246.933168,-100.0,-0.6624875269061785,0
-8.289456,52,4247.714039,-100.0,-0.6840762959705695,0
-7.264146,47,4248.435266,-100.0,-0.6485352084305785,0
-7.092865,40,4249.057139,-100.0,-0.7148005526743472,0
-6.830164,49,4367.110807,-100.0,-0.7306599593372024,0
-7.429827,38,4367.679555,-100.0,-0.64485066146434,0
-7.72764,42,4368.3278,-100.0,-0.6649990825957438,0
-7.072985,37,4368.923186,-100.0,-0.6398816835730312,0
-7.483225,44,4369.58485,-100.0,-0.8259390580419683,0
-7.302694,44,4370.280071,-100.0,-0.7502720868194623,0
-8.47966,62,4371.2237,-100.0,-0.6358526708445589,0
-6.744094,39,4371.824472,-100.0,-0.719732004013615,0
-7.916875,43,4372.493289,-100.0,-0.6491768759995434,0
-7.481546,51,4373.279696,-100.0,-0.6763615244431502,0
-7.079652,41,4373.909195,-100.0,-0.7600807913414436,0
-7.566238,51,4374.69106,-100.0,-0.7116926837256068,0
-7.764907,47,4375.419068,-100.0,-0.6984463499439109,0
-7.029589,40,4376.036669,-100.0,-0.6282527248215979,0
-9.528812,59,4376.925122,-100.0,-0.5960543811057565,0
-8.512207,56,4377.791452,-100.0,-0.6454340696315904,0
-7.284831,45,4378.493743,-100.0,-0.7046850864255598,0
-8.26253,56,4379.346637,-100.0,-0.7182491448713844,0
-9.011583,57,4380.217766,-100.0,-0.6393127308148377,0
-9.930161,83,4381.493538,-100.0,-0.15172794662888064,0
-8.552564,46,4382.213829,-100.0,-0.6644786828256877,0
-8.830267,56,4383.06639,-100.0,-0.7009354801669943,0
-7.767242,49,4383.833009,-100.0,-0.663288536628542,0
-7.431741,39,4384.43519,-100.0,-0.7231004417220375,0
-7.269171,48,4385.183669,-100.0,-0.6714732009368282,0
-7.679936,46,4385.879102,-100.0,-0.6404028941517729,0
-7.579424,39,4386.476071,-100.0,-0.7405811026297173,0
-7.730842,50,4387.268703,-100.0,-0.715512796460519,0
-6.898271,42,4387.923079,-100.0,-0.6913911018315125,0
-8.257296,56,4388.771184,-100.0,-0.6062083083505312,0
-7.658773,49,4389.526892,-100.0,-0.7050602188747668,0
-8.62133,56,4390.389337,-100.0,-0.7192007894642403,0
-7.841586,43,4391.037585,-100.0,-0.6250223336445415,0
-7.904478,56,4391.905418,-100.0,-0.6135735932596472,0
-7.947107,52,4392.709531,-100.0,-0.7697066499929993,0
-8.054318,56,4393.560198,-100.0,-0.6609257444108388,0
-7.628776,46,4394.280294,-100.0,-0.711019452536086,0
-7.82761,46,4394.981897,-100.0,-0.6145260222898742,0
-8.72241,71,4396.082111,-100.0,-0.6441470941035797,0
-7.246621,42,4396.726533,-100.0,-0.7092870932178483,0
-8.020782,58,4397.639035,-100.0,-0.6336663223604406,0
-7.055286,46,4519.422512,-100.0,-0.7228256038274654,0
-7.429368,39,4519.999957,-100.0,-0.7026913571552361,0
-7.429239,50,4520.783149,-100.0,-0.7034624242014107,0
-8.421883,53,4521.610444,-100.0,-0.7170102735144167,0
-8.40675,53,4522.433561,-100.0,-0.7277017266759063,0
-8.513372,60,4523.355123,-100.0,-0.7483718214033012,0
-7.239187,37,4523.955771,-100.0,-0.6472512196010688,0
-6.996815,45,4524.635203,-100.0,-0.7658491274466515,0
-7.137972,39,4525.242415,-100.0,-0.6559154056945125,0
-6.890662,38,4525.832059,-100.0,-0.6732447848178844,0
-8.141478,58,4526.750792,-100.0,-0.6783994853845638,0
-9.167957,41,4527.390928,-100.0,-0.4471648662975673,0
-7.196976,40,4528.015037,-100.0,-0.729005295929865,0
-7.167675,43,4528.675585,-100.0,-0.6039028603705473,0
-9.9415,76,4529.851932,-100.0,-0.5957839956511334,0
-7.306514,47,4530.57296,-100.0,-0.7179035019780061,0
-7.586551,53,4531.397187,-100.0,-0.7645189799806538,0
-8.648313,64,4532.391177,-100.0,-0.7613759809718849,0
-7.433636,49,4533.159565,-100.0,-0.7797570621144639,0
-6.615298,40,4533.771662,-100.0,-0.7293983673245851,0
-7.100762,39,4534.377129,-100.0,-0.6266892790476695,0
-7.337072,45,4535.086322,-100.0,-0.7017290298591758,0
-7.365224,53,4535.912028,-100.0,-0.6373887358490041,0
-6.476187,40,4536.525501,-100.0,-0.7072751141273594,0
-6.367883,41,4537.156102,-100.0,-0.7138526751579457,0
-6.322951,40,4537.776103,-100.0,-0.7164541518065343,0
-7.221547,42,4538.418839,-100.0,-0.703906371707999,0
-7.354353,46,4539.14349,-100.0,-0.732631024833986,0
-8.509128,54,4539.988958,-100.0,-0.17188683932228288,0
-8.019733,45,4540.689673,-100.0,-0.6046335052866959,0
-7.371752,48,4541.417934,-100.0,-0.7335955402717177,0
-7.620098,47,4542.164806,-100.0,-0.6968453096334797,0
-6.998378,46,4542.872491,-100.0,-0.5991092128170948,0
-7.375896,49,4543.632195,-100.0,-0.6453878952537113,0
-6.842481,48,4544.376956,-100.0,-0.7471198627585692,0
-6.876034,42,4545.037661,-100.0,-0.7077343049026945,0
-7.847516,41,4545.682855,-100.0,-0.6146928478997602,0
-8.733889,62,4546.644542,-100.0,-0.8104879399168371,0
-7.422088,45,4547.354964,-100.0,-0.6261598171875792,0
-8.007507,36,4547.911037,-100.0,-0.6640346572243999,0
-7.512018,40,4548.533613,-100.0,-0.5409890935819847,0
-8.459454,49,4549.288541,-100.0,-0.667520674867634,0
-7.315525,45,4549.99662,-100.0,-0.7456840838397755,0
-8.203335,57,4550.877735,-100.0,-0.6428698945580686,0
-6.630364,31,4668.952842,-100.0,-0.8265057351210188,0
-6.546925,44,4669.635079,-100.0,-0.7333057593333558,0
-7.659149,42,4670.301912,-100.0,-0.7444826432379258,0
-7.551786,53,4671.11125,-100.0,-0.7124071701735911,0
-7.396923,45,4671.81864,-100.0,-0.6988439254376982,0
-6.720932,40,4672.454653,-100.0,-0.6840283210253345,0
-12.076004,103,4674.042537,-100.0,-0.3255681726168882,0
-6.600836,41,4674.685,-100.0,-0.7622956085396931,0
-7.618721,41,4675.334775,-100.0,-0.7049733101772396,0
-7.977538,63,4676.297544,-100.0,-0.7245284020799844,0
-8.33565,52,4677.116474,-100.0,-0.6223691411669957,0
-7.069423,43,4677.7923,-100.0,-0.728825996733309,0
-7.519522,37,4678.360348,-100.0,-0.7078603429106484,0
-7.251405,47,4679.093485,-100.0,-0.7942708537027249,0
-6.581374,37,4679.661908,-100.0,-0.6992920033827802,0
-7.55079,42,4680.310735,-100.0,-0.5978625742840552,0
-7.160715,44,4681.018447,-100.0,-0.6653949633449231,0
-7.260092,47,4681.742342,-100.0,-0.6331789164510779,0
-7.249616,43,4682.417315,-100.0,-0.7372408703794583,0
-6.832136,42,4683.070615,-100.0,-0.7503131199236821,0
-7.181468,40,4683.693415,-100.0,-0.6645462124823045,0
-8.17115,50,4684.461072,-100.0,-0.7596433267241651,0
-8.84353,40,4685.081182,-100.0,-0.6577767130352522,0
-8.677919,74,4686.235779,-100.0,-0.7279248880448187,0
-6.987349,42,4686.887698,-100.0,-0.612694018901555,0
-7.986841,59,4687.785225,-100.0,-0.651766127524889,0
-7.507694,58,4688.677271,-100.0,-0.6841735391137195,0
-7.533908,48,4689.432535,-100.0,-0.7146829411383705,0
-7.637735,38,4690.014889,-100.0,-0.653589015576718,0
-6.614146,42,4690.681242,-100.0,-0.7805222878194761,0
-6.653831,43,4691.33999,-100.0,-0.7250230202827188,0
-6.456564,38,4691.94046,-100.0,-0.6935573992031693,0
-8.136904,56,4692.825803,-100.0,-0.6071964059357251,0
-7.161621,48,4693.571301,-100.0,-0.6640659805387259,0
-7.749693,52,4694.354537,-100.0,-0.7042854055332579,0
-7.342197,41,4695.001347,-100.0,-0.6958530718382446,0
-7.11295,41,4695.635391,-100.0,-0.691481767421766,0
-7.143013,39,4696.258304,-100.0,-0.6700593493890851,0
-7.576312,50,4697.02228,-100.0,-0.6976411417604278,0
-6.689139,44,4697.71751,-100.0,-0.769903002750415,0
-6.825819,48,4698.494859,-100.0,-0.7581643146989747,0
-8.783755,63,4699.454854,-100.0,-0.609594519777651,0
-7.202789,51,4700.264087,-100.0,-0.7777415369241515,0
-7.12421,41,4826.128452,-100.0,-0.6912360973179289,0
-6.60718,38,4826.734312,-100.0,-0.7120822666859052,0
-7.451574,49,4827.494109,-100.0,-0.7568925069433214,0
-7.971139,52,4828.316545,-100.0,-0.7108693848621312,0
-7.66872,44,4828.990927,-100.0,-0.6112801850836932,0
-6.986363,38,4829.588055,-100.0,-0.7457708832093359,0
-6.923901,42,4830.249844,-100.0,-0.6568874603567928,0
-6.464329,43,4830.922451,-100.0,-0.7886680164766836,0
-6.402788,40,4831.563602,-100.0,-0.760631275659712,0
-12.374046,101,4833.120403,-100.0,-0.25052645248295496,0
-7.836213,42,4833.778721,-100.0,-0.6793236847763494,0
-6.69853,41,4834.41945,-100.0,-0.7583779005237667,0
-6.73494,38,4835.02353,-100.0,-0.6344345209145668,0
-7.866525,52,4835.838694,-100.0,-0.6822173077957479,0
-7.572884,38,4836.449148,-100.0,-0.5745707748793737,0
-6.469633,39,4837.038635,-100.0,-0.7292302041087334,0
-7.391088,42,4837.705162,-100.0,-0.6671323537217962,0
-6.978951,36,4838.267699,-100.0,-0.6108281513606332,0
-7.062591,44,4838.961014,-100.0,-0.7945315660426416,0
-7.647211,44,4839.652738,-100.0,-0.7076834403722114,0
-6.524478,39,4840.266493,-100.0,-0.6560261811695147,0
-6.928331,43,4840.942026,-100.0,-0.6849797568868857,0
-7.493569,50,4841.709622,-100.0,-0.6483563509278436,0
-6.538745,43,4842.409634,-100.0,-0.6980133089381009,0
-7.288999,41,4843.037631,-100.0,-0.6545420479128937,0
-6.954056,44,4843.727801,-100.0,-0.6173567545170625,0
-8.551434,63,4844.715885,-100.0,-0.7117587449037603,0
-6.689185,40,4845.329735,-100.0,-0.7713590728040278,0
-6.712435,46,4846.053853,-100.0,-0.708029595908435,0
-9.666242,42,4846.715366,-100.0,-0.5605754187459604,0
-7.09915,47,4847.449126,-100.0,-0.7637171270428176,0
-7.333052,45,4848.145555,-100.0,-0.6255957594608291,0
-7.737094,42,4848.789151,-100.0,-0.6326941659033084,0
-6.858927,37,4849.368544,-100.0,-0.6897272154419845,0
-7.855971,56,4850.250952,-100.0,-0.6912117777022849,0
-7.196694,45,4850.952513,-100.0,-0.6593961381197939,0
-7.560016,52,4851.772659,-100.0,-0.7350186278456113,0
-6.547061,37,4852.330377,-100.0,-0.7257642590262579,0
-7.123844,45,4853.046695,-100.0,-0.7240621871602121,0
-7.103064,49,4853.809688,-100.0,-0.6426093998584523,0
-8.262457,37,4854.602003,-100.0,-0.6752468711471976,0
-7.867286,58,4855.510547,-100.0,-0.7167611347585814,0
-7.224501,42,4856.168662,-100.0,-0.6276339514916502,0
-7.199374,39,4856.791468,-100.0,-0.663480692567632,0
-6.912741,37,4857.37064,-100.0,-0.7510858036634398,0
-7.2001,42,4858.010859,-100.0,-0.67570358948644,0
-7.05023,43,4977.87422,-100.0,-0.6531458873991929,0
-6.814265,44,4978.567995,-100.0,-0.6530037837212403,0
-7.075688,39,4979.182255,-100.0,-0.6211400960741349,0
-6.762962,39,4979.799417,-100.0,-0.6477247063477616,0
-8.633623,67,4980.851259,-100.0,-0.6112987230121039,0
-6.602336,43,4981.54221,-100.0,-0.7217488845201924,0
-6.687877,41,4982.189283,-100.0,-0.7236573878865251,0
-6.977479,44,4982.866851,-100.0,-0.6427437810244034,0
-7.247177,42,4983.539494,-100.0,-0.6810345722474103,0
-8.105798,54,4984.37698,-100.0,-0.6576947760432607,0
-6.891668,38,4984.993279,-100.0,-0.7230316421658393,0
-6.860571,49,4985.765584,-100.0,-0.7274995440119139,0
-7.236207,41,4986.403965,-100.0,-0.6229832710322261,0
-6.648545,48,4987.168384,-100.0,-0.7616543812438644,0
-6.806674,39,4987.760303,-100.0,-0.6583615093334872,0
-7.34362,42,4988.427259,-100.0,-0.6051118789147265,0
-7.167257,43,4989.113905,-100.0,-0.6972039854989714,0
-6.878843,43,4989.794319,-100.0,-0.6919804219627337,0
-7.464571,44,4990.465616,-100.0,-0.7918131946420314,0
-7.278132,46,4991.204756,-100.0,-0.7770976536868942,0
-7.691498,44,4991.900293,-100.0,-0.6584190575051723,0
-6.661095,40,4992.529065,-100.0,-0.7391548544282408,0
-7.001604,38,4993.134158,-100.0,-0.6438061469883232,0
-6.993227,44,4993.826432,-100.0,-0.8031290259020261,0
-7.1398,43,4994.516158,-100.0,-0.62176293158358,0
-6.667632,45,4995.236684,-100.0,-0.7529025408126023,0
-7.784948,44,4995.907126,-100.0,-0.7680784666237411,0
-7.245834,37,4996.501019,-100.0,-0.7364004474730337,0
-6.943014,45,4997.201035,-100.0,-0.7085775675243208,0
-7.346183,43,4997.877334,-100.0,-0.620229077320653,0
-6.687158,43,4998.544169,-100.0,-0.7837669255315536,0
-6.548334,42,4999.194334,-100.0,-0.6811328839821444,0
-7.777475,63,5000.209341,-100.0,-0.7304129601671154,0
-7.442444,45,5000.901681,-100.0,-0.5895936936718644,0
-6.843701,38,5001.508089,-100.0,-0.6941525591474094,0
-6.841771,40,5002.144671,-100.0,-0.707046126336316,0
-6.8275,38,5002.747077,-100.0,-0.6453004290213789,0
-6.672098,42,5003.399577,-100.0,-0.6290557160034943,0
-7.376451,59,5004.317433,-100.0,-0.7498949059666421,0
-6.798371,38,5004.913525,-100.0,-0.6329628507045915,0
-6.379187,36,5005.476572,-100.0,-0.6554593258864653,0
-7.378493,57,5006.393287,-100.0,-0.6377328546979512,0
-7.344552,46,5007.133238,-100.0,-0.6729222578532541,0
-7.835314,52,5007.928011,-100.0,-0.6579097349152173,0
-7.344037,42,5008.593081,-100.0,-0.650015227639227,0
-6.721108,39,5009.207187,-100.0,-0.6974524891742039,0
-6.390384,37,5113.698279,-100.0,-0.6590208418483572,0
-7.008402,47,5114.440899,-100.0,-0.720859450980422,0
-7.329492,51,5115.261617,-100.0,-0.6643489840062036,0
-7.64828,55,5116.142567,-100.0,-0.64814265039446,0
-7.608247,60,5117.08191,-100.0,-0.6271468478807406,0
-6.955606,41,5117.734616,-100.0,-0.6557289576636209,0
-6.731855,40,5118.358299,-100.0,-0.6360525865998761,0
-7.117552,47,5119.10706,-100.0,-0.768363260482773,0
-6.448825,36,5119.675901,-100.0,-0.7267891168709459,0
-6.781981,38,5120.291032,-100.0,-0.6838572915449322,0
-8.041878,69,5121.372879,-100.0,-0.7559616190577558,0
-6.527982,47,5122.123133,-100.0,-0.7456241405875061,0
-6.298868,41,5122.769988,-100.0,-0.7474272857232612,0
-6.253335,39,5123.39279,-100.0,-0.7593712107605136,0
-6.781314,35,5123.976851,-100.0,-0.6238412908189056,0
-6.615362,43,5124.642086,-100.0,-0.7017191181418102,0
-7.56508,43,5125.315589,-100.0,-0.5984655830029398,0
-6.688654,43,5126.008979,-100.0,-0.6833424239654802,0
-7.191501,44,5126.710039,-100.0,-0.6725268372214017,0
-6.975561,42,5127.36396,-100.0,-0.6693147695334618,0
-7.628455,55,5128.214851,-100.0,-0.6377210624610055,0
-7.533919,51,5129.033384,-100.0,-0.676488002194316,0
-6.975713,43,5129.718178,-100.0,-0.7363127659978006,0
-7.598135,53,5130.551116,-100.0,-0.5955675434860609,0
-6.811076,39,5131.16522,-100.0,-0.6283402682595158,0
-7.552455,57,5132.04818,-100.0,-0.7415994989344437,0
-8.559415,54,5132.937545,-100.0,-0.7173877940652024,0
-6.67075,48,5133.693716,-100.0,-0.8079476699317567,0
-6.70663,40,5134.339903,-100.0,-0.7111923641479205,0
-7.001216,42,5135.020756,-100.0,-0.7359921051930871,0
-7.116708,37,5135.601671,-100.0,-0.6519710325988752,0
-7.26574,39,5136.227064,-100.0,-0.8583193977341985,0
-7.111207,48,5136.976207,-100.0,-0.6763728475493866,0
-6.774616,52,5137.801083,-100.0,-0.7560264391985118,0
-6.387194,45,5138.514615,-100.0,-0.7710375549798277,0
-7.44376,42,5139.169885,-100.0,-0.6574249389002763,0
-6.416021,40,5139.810181,-100.0,-0.6400586620160701,0
-6.905799,48,5140.568752,-100.0,-0.6311666898367422,0
-7.418755,45,5141.274574,-100.0,-0.7028638572340786,0
-6.930711,44,5141.970338,-100.0,-0.695754449823502,0
-6.256505,42,5142.639987,-100.0,-0.8038507743402775,0
-6.857927,41,5143.292965,-100.0,-0.7205767402424571,0
-6.811485,41,5143.947683,-100.0,-0.689819299006888,0
-6.695326,35,5144.515685,-100.0,-0.6528679239608086,0
-7.071319,49,5145.282105,-100.0,-0.65584385669022,0
-6.981528,46,5267.926025,-100.0,-0.6220271276147167,0
-6.59758,36,5268.511279,-100.0,-0.689345807710091,0
-7.416494,39,5269.125247,-100.0,-0.641653689210147,0
-6.815408,37,5269.727172,-100.0,-0.7055189447517152,0
-8.600478,42,5270.388229,-100.0,-0.6556023074463254,0
-7.225487,40,5271.020596,-100.0,-0.6654031608842527,0
-7.153201,44,5271.714952,-100.0,-0.5316558694678114,0
-6.784793,45,5272.428194,-100.0,-0.7029616244643994,0
-7.589975,50,5273.223825,-100.0,-0.6717734145948402,0
-7.792386,54,5274.081167,-100.0,-0.6004912751622233,0
-7.289348,46,5274.806585,-100.0,-0.6549455468513568,0
-6.58719,39,5275.429064,-100.0,-0.6877687551023414,0
-7.004063,43,5276.101051,-100.0,-0.6642474789883293,0
-6.569931,42,5276.776274,-100.0,-0.7706599325578167,0
-6.568578,46,5277.497887,-100.0,-0.7689407124950419,0
-7.063548,41,5278.143852,-100.0,-0.6361700594907936,0
-6.940349,42,5278.804645,-100.0,-0.6426352653405283,0
-6.526724,40,5279.438714,-100.0,-0.6755206696318486,0
-6.432694,44,5280.130235,-100.0,-0.7576462992500883,0
-6.972897,42,5280.792493,-100.0,-0.7814755167998287,0
-6.880587,41,5281.440256,-100.0,-0.6513742350769512,0
-7.019217,44,5282.145834,-100.0,-0.7266350577417108,0
-6.54447,39,5282.76784,-100.0,-0.6779133250772751,0
-6.509485,40,5283.397347,-100.0,-0.6323240294855266,0
-6.961253,44,5284.092555,-100.0,-0.6678025060921189,0
-6.746288,44,5284.788102,-100.0,-0.5856089134821832,0
-7.451846,60,5285.75724,-100.0,-0.6102996470972091,0
-6.64972,46,5286.476665,-100.0,-0.9004929791650578,0
-6.58842,43,5287.147794,-100.0,-0.7817032549251723,0
-7.160077,42,5287.82256,-100.0,-0.6556543856472112,0
-6.652991,50,5288.60966,-100.0,-0.6990959186356679,0
-7.07139,42,5289.27642,-100.0,-0.6630481884916655,0
-7.152882,43,5289.951166,-100.0,-0.6943826490593061,0
-6.369987,32,5290.458606,-100.0,-0.755642919383486,0
-6.523849,42,5291.127306,-100.0,-0.7192649898484337,0
-6.7263,41,5291.784129,-100.0,-0.8048513668717691,0
-7.20111,50,5292.577434,-100.0,-0.6528374687986294,0
-6.647107,43,5293.255229,-100.0,-0.7260180262787002,0
-7.198948,53,5294.093881,-100.0,-0.6633279434044983,0
-6.911217,40,5294.726537,-100.0,-0.9014655313923406,0
-6.713675,39,5295.346399,-100.0,-0.7580476210716053,0
-6.912527,41,5295.998188,-100.0,-0.6005342824807404,0
-6.820052,41,5296.653762,-100.0,-0.6901451536258408,0
-6.830596,43,5297.345036,-100.0,-0.657597077142886,0
-6.875646,41,5297.980392,-100.0,-0.7716367835611171,0
-6.146933,38,5298.589696,-100.0,-0.8680163361668843,0
-6.547982,41,5299.238694,-100.0,-0.7154464223281427,0
-7.029821,50,5300.020663,-100.0,-0.7859000532184713,0
-7.02794,43,5409.893574,-100.0,-0.63689731065265,0
-8.459359,38,5410.505563,-100.0,-0.6164163996232986,0
-6.868679,52,5411.323888,-100.0,-0.775329837994734,0
-6.740487,46,5412.051809,-100.0,-0.6494921054289993,0
-6.58152,38,5412.654935,-100.0,-0.6238334042254362,0
-6.860568,42,5413.32972,-100.0,-0.6342592333643736,0
-6.912648,41,5413.97589,-100.0,-0.6488247500132499,0
-6.419606,36,5414.57016,-100.0,-0.740857006629173,0
-7.098425,49,5415.340619,-100.0,-0.6461507359724621,0
-6.077602,44,5416.041571,-100.0,-0.7044302889504842,0
-6.833285,46,5416.773969,-100.0,-0.6391286324359925,0
-6.37608,40,5417.600755,-100.0,-0.692292839299042,0
-6.536667,44,5418.29156,-100.0,-0.756464296256551,0
-7.133804,55,5419.178841,-100.0,-0.6493271834846019,0
-6.259768,35,5419.731851,-100.0,-0.6602785316504695,0
-6.612082,43,5420.428533,-100.0,-0.666544741588402,0
-6.283818,41,5421.0803,-100.0,-0.7227360067980388,0
-6.88505,48,5421.849597,-100.0,-0.6825487531111253,0
-7.034682,47,5422.603987,-100.0,-0.6769761320246834,0
-6.31632,37,5423.176862,-100.0,-0.6043920237728557,0
-7.581491,44,5423.900254,-100.0,-0.6772007879464034,0
-6.369575,41,5424.55443,-100.0,-0.7781357096956514,0
-7.46928,56,5425.443989,-100.0,-0.6673100350731989,0
-6.994344,41,5426.107245,-100.0,-0.6225588611275125,0
-7.394442,49,5426.866002,-100.0,-0.5985470154226702,0
-7.041448,48,5427.635493,-100.0,-0.6922129040584571,0
-6.72063,37,5428.217635,-100.0,-0.6871431267272164,0
-6.979446,44,5428.915212,-100.0,-0.6994750536114958,0
-6.512971,41,5429.581333,-100.0,-0.774724647464194,0
-7.189419,38,5430.192413,-100.0,-0.6051739992998625,0
-6.888214,40,5430.829895,-100.0,-0.7480260276857958,0
-6.944163,42,5431.498673,-100.0,-0.6427103096325443,0
-6.999935,41,5432.146053,-100.0,-0.7694652592859872,0
-6.971707,43,5432.832332,-100.0,-0.7641822015547062,0
-6.482784,37,5433.411676,-100.0,-0.7421234532558295,0
-6.75521,41,5434.058922,-100.0,-0.7068990571212742,0
-6.331544,36,5434.651781,-100.0,-0.7811224537239206,0
-6.558613,48,5435.391998,-100.0,-0.7824287970008497,0
-6.998627,43,5436.079532,-100.0,-0.6903437399638261,0
-7.092548,38,5436.674492,-100.0,-0.6645605942281179,0
-6.566672,38,5437.277183,-100.0,-0.7117114883268638,0
-6.719989,44,5437.98161,-100.0,-0.6370711109322981,0
-6.866482,40,5438.630508,-100.0,-0.6309238762393676,0
-6.567015,40,5439.247287,-100.0,-0.7152396982599882,0
-6.446898,36,5439.818124,-100.0,-0.7236681892861839,0
-6.672838,43,5440.512249,-100.0,-0.6983185517467669,0
-6.292986,39,5441.130035,-100.0,-0.6999906167082234,0
-6.946337,47,5441.868094,-100.0,-0.7084691211690894,0
-6.55709,42,5544.016381,-100.0,-0.6703346436265889,0
-6.338878,44,5544.72006,-100.0,-0.7953655122662552,0
-6.735072,45,5545.434733,-100.0,-0.8493410979797381,0
-7.579651,52,5546.270505,-100.0,-0.7413491127461087,0
-6.798817,41,5546.94088,-100.0,-0.7410481751363458,0
-6.660194,38,5547.547443,-100.0,-0.7627562768745736,0
-7.3472,46,5548.270602,-100.0,-0.5772052415920249,0
-7.264224,55,5549.169981,-100.0,-0.6429591193165745,0
-6.569396,38,5549.759923,-100.0,-0.647088947618496,0
-6.682911,41,5550.430505,-100.0,-0.6152322181197087,0
-6.549989,43,5551.114149,-100.0,-0.7399848255446434,0
-6.799953,54,5551.990395,-100.0,-0.7435702385158647,0
-8.361978,68,5553.060714,-100.0,-0.6795009382680335,0
-6.169209,34,5553.599935,-100.0,-0.7451254491961679,0
-6.193267,40,5554.236216,-100.0,-0.7331093010683073,0
-6.776317,42,5554.891926,-100.0,-0.6285847683165806,0
-6.515827,44,5555.599374,-100.0,-0.7443730665482944,0
-6.802233,40,5556.242759,-100.0,-0.7059669627204792,0
-6.101758,41,5556.918236,-100.0,-0.8143589613398631,0
-6.364559,36,5557.490763,-100.0,-0.6706133860664066,0
-6.253655,41,5558.142248,-100.0,-0.7380669599104881,0
-6.449526,43,5558.845636,-100.0,-0.6614983480702653,0
-6.571617,42,5559.50783,-100.0,-0.7370271820656658,0
-6.628362,49,5560.28878,-100.0,-0.7251830373185751,0
-5.919191,37,5560.891729,-100.0,-0.8022752200149306,0
-6.637271,39,5561.501986,-100.0,-0.6744241697815194,0
-6.76233,44,5562.222443,-100.0,-0.7146448298292475,0
-6.348206,45,5562.939313,-100.0,-0.8259851477762273,0
-6.429785,40,5563.59029,-100.0,-0.6800400880673944,0
-6.657558,45,5564.302027,-100.0,-0.7483916820343397,0
-6.790329,47,5565.053147,-100.0,-0.6776976189831144,0
-6.801851,38,5565.656264,-100.0,-0.665681891635414,0
-6.578894,41,5566.3244,-100.0,-0.6760844277409115,0
-6.066197,42,5567.001042,-100.0,-0.7388149467849265,0
-6.788569,40,5567.628109,-100.0,-0.6505250073178847,0
-7.132053,43,5568.327269,-100.0,-0.7237296481155692,0
-6.534797,39,5568.943103,-100.0,-0.8099802653697086,0
-6.324378,39,5569.565711,-100.0,-0.7975044002827948,0
-6.528811,39,5570.179071,-100.0,-0.6643063638611216,0
-6.341984,40,5570.823525,-100.0,-0.7522953495645142,0
-6.503071,39,5571.457377,-100.0,-0.640215573290131,0
-6.193351,42,5572.121255,-100.0,-0.7995778661211613,0
-6.2461,38,5572.739298,-100.0,-0.6755793720924421,0
-6.193961,37,5573.335682,-100.0,-0.7513242922978602,0
-6.656033,44,5574.044975,-100.0,-0.7652075756575502,0
-7.078261,50,5574.821037,-100.0,-0.7213130435680807,0
-6.501194,42,5575.487449,-100.0,-0.7556644978019473,0
-6.774636,49,5576.268857,-100.0,-0.6482126484170551,0
-6.049426,33,5692.264588,-100.0,-0.6751373311992971,0
-6.166196,39,5692.876196,-100.0,-0.7139712457940558,0
-6.12511,35,5693.454978,-100.0,-0.687207994104807,0
-6.272725,38,5694.063714,-100.0,-0.7859092205726541,0
-6.819944,38,5694.683707,-100.0,-0.7171254593146119,0
-6.500842,43,5695.368081,-100.0,-0.6546936832305605,0
-7.71004,50,5696.184798,-100.0,-0.654758497488188,0
-6.418091,41,5696.832406,-100.0,-0.6795407774199254,0
-6.20798,39,5697.458795,-100.0,-0.7963021623334201,0
-6.614998,39,5698.084837,-100.0,-0.6729257548259607,0
-7.169997,45,5698.815619,-100.0,-0.6583032343378816,0
-6.452534,40,5699.458532,-100.0,-0.6843655485932226,0
-6.316068,42,5700.142096,-100.0,-0.7516460690045035,0
-6.844018,44,5700.834451,-100.0,-0.7263952035211726,0
-6.175173,41,5701.504875,-100.0,-0.7230260621539191,0
-6.797269,50,5702.307607,-100.0,-0.6997736886726021,0
-6.384088,39,5702.907321,-100.0,-0.821471747181565,0
-6.466395,41,5703.565796,-100.0,-0.6776820920125859,0
-7.197726,42,5704.255272,-100.0,-0.6895369944996892,0
-5.970216,40,5704.911923,-100.0,-0.7822600154876709,0
-6.630271,41,5705.567712,-100.0,-0.6945132210576783,0
-8.493109,70,5706.694786,-100.0,-0.7835893456513555,0
-6.327407,40,5707.334556,-100.0,-0.7402318553013644,0
-6.359957,43,5708.036388,-100.0,-0.7136734297984206,0
-6.604499,42,5708.709785,-100.0,-0.8025564870495514,0
-6.199906,46,5709.454605,-100.0,-0.6926938193990153,0
-6.310527,43,5710.131374,-100.0,-0.668565956597421,0
-6.750279,38,5710.751306,-100.0,-0.6219520600000105,0
-6.407637,44,5711.453082,-100.0,-0.7166797584149511,0
-6.506897,40,5712.090334,-100.0,-0.6825192658533236,0
-6.959671,46,5712.837019,-100.0,-0.646468624091197,0
-6.957919,48,5713.61588,-100.0,-0.684435002022503,0
-6.238698,36,5714.209239,-100.0,-0.752358418650471,0
-6.738832,45,5714.925356,-100.0,-0.6306958857700501,0
-6.243892,39,5715.561263,-100.0,-0.6705698697465781,0
-6.285261,48,5716.332004,-100.0,-0.7481165178911657,0
-6.288885,46,5717.080822,-100.0,-0.7710950642887962,0
-6.258878,34,5717.627738,-100.0,-0.7315151353796601,0
-6.87094,41,5718.267915,-100.0,-0.7210025632282375,0
-6.626481,49,5719.047503,-100.0,-0.6914035517553068,0
-6.82572,40,5719.701941,-100.0,-0.6515771241689826,0
-6.510904,38,5720.309691,-100.0,-0.6694839779561539,0
-6.561324,41,5720.968402,-100.0,-0.712338273776463,0
-6.732073,42,5721.64441,-100.0,-0.6177498309591237,0
-6.416599,41,5722.298808,-100.0,-0.7199970147713216,0
-7.146848,46,5723.041152,-100.0,-0.625651321812182,0
-6.590533,44,5723.750249,-100.0,-0.6469350816186835,0
-6.812538,36,5724.339485,-100.0,-0.6784780659262002,0
-6.612981,41,5840.52617,-100.0,-0.7089099738854524,0
-6.770394,40,5841.169579,-100.0,-0.6559709814152151,0
-6.546239,41,5841.820398,-100.0,-0.6660216854240019,0
-6.084962,38,5842.43138,-100.0,-0.735647120549231,0
-6.482229,45,5843.160566,-100.0,-0.7621843771970853,0
-6.066726,38,5843.767167,-100.0,-0.8363065079705475,0
-6.890221,42,5844.450774,-100.0,-0.6641477650860443,0
-6.147249,38,5845.050157,-100.0,-0.8136850326740532,0
-6.920937,37,5845.651628,-100.0,-0.6492070051665376,0
-6.278119,39,5846.2757,-100.0,-0.7382384894134311,0
-6.978668,45,5847.020216,-100.0,-0.6704052011119375,0
-7.104738,39,5847.644027,-100.0,-0.5894580480830088,0
-6.826549,42,5848.313721,-100.0,-0.6764085543182993,0
-6.651377,41,5848.983838,-100.0,-0.7164507177653043,0
-6.122995,38,5849.592258,-100.0,-0.7539135436970877,0
-6.680036,42,5850.265336,-100.0,-0.6386901677967909,0
-6.605078,39,5850.893834,-100.0,-0.7466435264991405,0
-6.578626,40,5851.553507,-100.0,-0.7134358200217675,0
-6.305122,37,5852.142817,-100.0,-0.6823310024550787,0
-7.144168,47,5852.900598,-100.0,-0.6756583246341604,0
-6.74039,47,5853.639654,-100.0,-0.6981185612703961,0
-6.12509,41,5854.297657,-100.0,-0.789240956642721,0
-6.374232,39,5854.939854,-100.0,-0.6508364663231178,0
-6.304541,47,5855.677932,-100.0,-0.7548680545706811,0
-6.200534,34,5856.225542,-100.0,-0.6507402073449304,0
-6.552483,39,5856.843403,-100.0,-0.689124645514333,0
-6.193094,37,5857.447523,-100.0,-0.8539078029635748,0
-6.466183,37,5858.032892,-100.0,-0.7336833203189262,0
-5.543571,34,5858.588127,-100.0,-0.8048416560695475,0
-6.407238,42,5859.261522,-100.0,-0.6357213838467929,0
-6.172319,33,5859.803797,-100.0,-0.9133560749213528,0
-6.402442,40,5860.440392,-100.0,-0.6507629131708978,0
-6.114759,37,5861.047692,-100.0,-0.6973263151962061,0
-5.669186,36,5861.621604,-100.0,-0.839744168604871,0
-6.466064,42,5862.293336,-100.0,-0.7331226568848893,0
-6.394098,43,5862.981302,-100.0,-0.7096578777545498,0
-6.186231,39,5863.605742,-100.0,-0.6371002560515296,0
-6.500905,37,5864.201731,-100.0,-0.5747928046000185,0
-6.71114,37,5865.004484,-100.0,-0.7953312917944851,0
-7.081545,42,5865.671683,-100.0,-0.6449450760167702,0
-6.686627,42,5866.347268,-100.0,-0.7094401143648628,0
-5.715587,33,5866.890239,-100.0,-0.77423693001896,0
-5.97069,39,5867.526486,-100.0,-0.7002822716683768,0
-6.867653,46,5868.255964,-100.0,-0.7469214046212782,0
-6.676498,43,5868.949651,-100.0,-0.666660090407896,0
-6.90019,41,5869.616666,-100.0,-0.6580680194735613,0
-6.027004,39,5870.244892,-100.0,-0.7924729673299031,0
-6.063518,39,5870.87962,-100.0,-0.7538384304734033,0
-6.798051,50,5871.660519,-100.0,-0.6754152817677309,0
-6.585749,43,5872.348162,-100.0,-0.674668053898065,0
-6.290459,38,5872.977263,-100.0,-0.8618372202335678,0
-7.19144,51,5993.162838,-100.0,-0.6381734708771043,0
-6.30876,37,5993.757171,-100.0,-0.7118765386503509,0
-5.935059,40,5994.408417,-100.0,-0.805827473919473,0
-6.84228,40,5995.058676,-100.0,-0.6573119991882931,0
-7.330246,41,5995.721421,-100.0,-0.6201445185760716,0
-6.711596,37,5996.324608,-100.0,-0.773005950597316,0
-6.276996,39,5996.94444,-100.0,-0.6849269088531831,0
-6.057205,42,5997.621542,-100.0,-0.7282104212997109,0
-6.483656,47,5998.386702,-100.0,-0.8946273465140993,0
-6.668838,43,5999.093027,-100.0,-0.6791583903487374,0
-6.013469,37,5999.691558,-100.0,-0.6532623038143079,0
-6.61894,39,6000.333367,-100.0,-0.6868480766078635,0
-5.809441,33,6000.861141,-100.0,-0.8048481913158226,0
-5.996501,38,6001.477757,-100.0,-0.807450956289714,0
-6.41489,41,6002.138247,-100.0,-0.8358300998852566,0
-6.407252,38,6002.749644,-100.0,-0.6357698649717041,0
-5.995418,40,6003.392939,-100.0,-0.6931736306939882,0
-6.250194,35,6003.963901,-100.0,-0.7610474897060999,0
-6.083128,32,6004.47675,-100.0,-0.811448875749668,0
-6.629294,40,6005.138354,-100.0,-0.813425927222144,0
-6.553023,43,6005.832659,-100.0,-0.6435709135941853,0
-6.395232,40,6006.477347,-100.0,-0.7409644921785475,0
-5.99339,39,6007.116368,-100.0,-0.7314968195210392,0
-6.337305,39,6007.753975,-100.0,-0.5984284987610122,0
-6.047582,32,6008.271185,-100.0,-0.5987505410650336,0
-6.765723,42,6008.952146,-100.0,-0.7113240696445019,0
-6.60616,40,6009.598464,-100.0,-0.7614882463813825,0
-6.322766,44,6010.302202,-100.0,-0.8969409308472833,0
-6.97893,40,6010.963281,-100.0,-0.7362874289640132,0
-5.844683,34,6011.494737,-100.0,-0.7137118963084469,0
-6.565263,43,6012.213556,-100.0,-0.6098382055542748,0
-6.34576,44,6012.91989,-100.0,-0.9594678798559879,0
-6.486171,45,6013.637106,-100.0,-0.7590712349302338,0
-6.573371,36,6014.214201,-100.0,-0.6863445242193495,0
-6.338683,40,6014.862323,-100.0,-0.7900075906610368,0
-5.93987,37,6015.453049,-100.0,-0.8308563331582385,0
-6.277062,40,6016.105901,-100.0,-0.8329672187547167,0
-6.543397,40,6016.741377,-100.0,-0.8763490041206308,0
-6.181166,34,6017.297219,-100.0,-0.7018038694029426,0
-6.276571,43,6017.994025,-100.0,-0.7187880319018605,0
-6.564978,41,6018.660167,-100.0,-0.7058193853576487,0
-6.70945,51,6019.49707,-100.0,-0.6696018694424652,0
-6.446426,44,6020.203871,-100.0,-0.7325981207034246,0
-5.830905,35,6020.770413,-100.0,-0.783952966874572,0
-6.589818,40,6021.420364,-100.0,-0.6991884088835243,0
-6.232342,41,6022.074987,-100.0,-0.6983693203764519,0
-6.364285,40,6022.721565,-100.0,-0.6780082675307041,0
-6.375796,40,6023.377117,-100.0,-0.720870274275475,0
-6.451918,41,6024.032226,-100.0,-0.7071446116816394,0
-6.103367,36,6024.637554,-100.0,-0.6762468312701695,0
-6.096232,37,6025.227156,-100.0,-0.7465643097528276,0
-5.968591,34,6025.77757,-100.0,-0.7471018255293631,0
-6.561407,48,6145.100919,-100.0,-0.6604786339311471,0
-6.108378,37,6145.745946,-100.0,-0.6655663922975682,0
-5.99538,41,6146.457496,-100.0,-0.7297737079366148,0
-6.024337,35,6147.085557,-100.0,-0.6369798146605712,0
-5.925406,35,6147.688336,-100.0,-0.7417562425022101,0
-5.702141,33,6148.259559,-100.0,-0.7465715236310543,0
-6.307514,40,6148.974873,-100.0,-0.7177116552685652,0
-5.816324,32,6149.547286,-100.0,-0.8417224932715345,0
-6.018592,39,6150.23121,-100.0,-0.7028015215634099,0
-6.426874,41,6150.929892,-100.0,-0.6821907081420409,0
-5.555891,38,6151.62618,-100.0,-0.927580437363473,0
-6.681672,37,6152.258043,-100.0,-0.682279050477007,0
-6.469227,41,6152.987282,-100.0,-0.6197045194689854,0
-6.073987,40,6153.69266,-100.0,-0.6959614397818714,0
-6.389568,35,6154.299242,-100.0,-0.6705499990786807,0
-5.914871,33,6154.875481,-100.0,-0.7012842724323073,0
-6.244995,40,6155.588004,-100.0,-0.7435094921016817,0
-5.816804,41,6156.309391,-100.0,-0.8039236338470908,0
-6.409121,38,6156.966787,-100.0,-0.7428217953569068,0
-6.260021,42,6157.706874,-100.0,-0.7909593619258779,0
-6.633108,38,6158.377693,-100.0,-0.650167738341571,0
-6.28401,41,6159.100054,-100.0,-0.7414430001745353,0
-6.425968,42,6159.846627,-100.0,-0.620592022042099,0
-6.628692,38,6160.518976,-100.0,-0.6856078722858991,0
-6.246841,38,6161.185635,-100.0,-0.7014297349418869,0
-6.686096,43,6161.949929,-100.0,-0.6587195808818106,0
-6.738497,41,6162.646305,-100.0,-0.6391197477963699,0
-6.757319,40,6163.354481,-100.0,-0.6183012767898612,0
-6.224475,39,6164.045438,-100.0,-0.8436801936285268,0
-6.145797,38,6164.70835,-100.0,-0.6045677766101438,0
-6.214143,41,6165.425259,-100.0,-0.7541803028669254,0
-6.546401,39,6166.107185,-100.0,-0.7260705642931921,0
-6.343505,41,6166.834176,-100.0,-0.6912535988845975,0
-6.195341,47,6167.643794,-100.0,-0.7954339955141774,0
-6.415325,42,6168.37212,-100.0,-0.6627788952639091,0
-6.808593,43,6169.143229,-100.0,-0.6661262398053653,0
-5.770666,37,6169.793447,-100.0,-0.8329846197522516,0
-6.49745,40,6170.488631,-100.0,-0.784672539048091,0
-7.104632,44,6171.269239,-100.0,-0.5905481669669996,0
-6.773756,48,6172.123281,-100.0,-0.6148660149553198,0
-6.46033,35,6172.737653,-100.0,-0.6958214078560923,0
-6.171582,35,6173.368696,-100.0,-0.6903223518921445,0
-6.055585,37,6174.005023,-100.0,-0.701357167064847,0
-5.835,37,6174.647068,-100.0,-0.7267851566065471,0
-5.826311,39,6175.3137,-100.0,-0.8733940852241381,0
-5.777847,33,6175.889256,-100.0,-0.7478859648821645,0
-6.542131,43,6176.667311,-100.0,-0.7325413473877557,0
-6.197469,42,6177.391232,-100.0,-0.7976387573823591,0
-5.933228,38,6178.054707,-100.0,-0.7266134391719022,0
-6.266787,36,6178.695123,-100.0,-0.6855909003553302,0
-5.833154,35,6179.31387,-100.0,-0.7774921635871122,0
-6.402906,41,6180.035383,-100.0,-0.8887548537216374,0
-6.683397,43,6301.724878,-100.0,-0.6648054752033032,0
-6.319157,40,6302.378275,-100.0,-0.6471551278520962,0
-6.409964,35,6302.967073,-100.0,-0.6584359018671078,0
-5.838575,35,6303.538578,-100.0,-0.7366742991515287,0
-6.083316,44,6304.25742,-100.0,-0.7490120689718198,0
-6.606472,44,6304.958178,-100.0,-0.6312474961636378,0
-6.381213,34,6305.535141,-100.0,-0.6309555022799017,0
-6.832999,41,6306.191647,-100.0,-0.695305905939281,0
-6.080152,35,6306.778517,-100.0,-0.6315254657120319,0
-6.481795,38,6307.41467,-100.0,-0.8326722149226469,0
-6.162546,45,6308.139161,-100.0,-0.6937387416034427,0
-6.799817,32,6308.649161,-100.0,-0.712897717527036,0
-6.220204,42,6309.353353,-100.0,-0.6564487695089734,0
-6.298797,39,6309.981399,-100.0,-0.6190083722030028,0
-5.760548,37,6310.565341,-100.0,-0.7893327658371132,0
-6.666586,48,6311.365022,-100.0,-0.7475942263204952,0
-6.716274,39,6311.990555,-100.0,-0.675802874614851,0
-6.488241,45,6312.714052,-100.0,-0.6786967484122531,0
-6.332952,36,6313.306017,-100.0,-0.6461997954506071,0
-6.128231,42,6313.985678,-100.0,-0.7232582147448303,0
-6.777688,38,6314.611099,-100.0,-0.6643868068010985,0
-6.281385,36,6315.201323,-100.0,-0.7398810027404243,0
-6.72222,38,6315.805627,-100.0,-0.6784324127942242,0
-6.407308,36,6316.401514,-100.0,-0.717828408418372,0
-6.224155,50,6317.222708,-100.0,-0.7935661441657744,0
-6.454989,44,6317.929924,-100.0,-0.8559037110615385,0
-5.880104,42,6318.628601,-100.0,-0.7786168230980978,0
-6.987445,43,6319.33446,-100.0,-0.5658341139359244,0
-5.621228,33,6319.862489,-100.0,-0.6979790229153536,0
-6.164325,38,6320.484787,-100.0,-0.7957650640295033,0
-6.119158,40,6321.143131,-100.0,-0.7274023018989013,0
-6.30366,34,6321.69785,-100.0,-0.6764616572530562,0
-6.054755,38,6322.319196,-100.0,-0.7965719523324861,0
-5.883,38,6322.928701,-100.0,-0.7549146372566895,0
-6.448916,35,6323.521014,-100.0,-0.6773572235462638,0
-5.886121,37,6324.12807,-100.0,-0.7480198431749566,0
-6.075417,39,6324.767931,-100.0,-0.7049825835098276,0
-6.507741,37,6325.383826,-100.0,-0.6771522677682194,0
-5.815179,33,6325.917545,-100.0,-0.6556054736948524,0
-6.367764,40,6326.56727,-100.0,-0.7040544071412507,0
-6.315361,35,6327.148178,-100.0,-0.688502030149221,0
-5.956303,34,6327.695608,-100.0,-0.6979855456764108,0
-6.028474,34,6328.256466,-100.0,-0.6835301987466296,0
-6.451877,41,6328.930756,-100.0,-0.6529696713757077,0
-5.857273,34,6329.48376,-100.0,-0.7584502805209574,0
-6.178392,41,6330.147637,-100.0,-0.6505957295435283,0
-6.339885,35,6330.717658,-100.0,-0.7700886553430771,0
-6.543784,39,6331.351803,-100.0,-0.7291586414143415,0
-6.289452,33,6331.868581,-100.0,-0.6656852869152747,0
-6.74713,39,6332.526076,-100.0,-0.6933011180335036,0
-5.750284,34,6333.077487,-100.0,-0.7624429015317811,0
-6.445035,42,6333.75071,-100.0,-0.6783729761204569,0
-6.132213,35,6334.33677,-100.0,-0.64955560097048,0
-6.178598,38,6334.956394,-100.0,-0.6420862633116895,0
-6.361915,35,6452.408653,-100.0,-0.6777091046713465,0
-6.443109,40,6453.064559,-100.0,-0.7210815387413184,0
-6.492527,39,6453.712384,-100.0,-0.6633545105283597,0
-6.283989,40,6454.370698,-100.0,-0.6167479595691214,0
-5.92507,35,6454.946687,-100.0,-0.7325336203613484,0
-6.513576,35,6455.536639,-100.0,-0.6797240953793006,0
-5.473697,33,6456.07181,-100.0,-0.8075272871487517,0
-6.335201,38,6456.694735,-100.0,-0.6591125904383816,0
-6.338774,33,6457.244274,-100.0,-0.6381826655659619,0
-5.970763,34,6457.807027,-100.0,-0.6212326332171799,0
-6.007715,38,6458.435172,-100.0,-0.6904890836450144,0
-6.261208,39,6459.074259,-100.0,-0.7753176462921536,0
-5.890747,35,6459.634677,-100.0,-0.8804000736979668,0
-6.540396,42,6460.33237,-100.0,-0.889683606649279,0
-5.737169,34,6460.887806,-100.0,-0.7851126989960378,0
-6.349619,41,6461.549803,-100.0,-0.6696372385179954,0
-6.355373,41,6462.220534,-100.0,-0.6911261277878248,0
-6.309934,37,6462.842607,-100.0,-0.833639999351479,0
-6.32446,42,6463.533079,-100.0,-0.7427676876304864,0
-5.756572,33,6464.083181,-100.0,-0.7507421890795977,0
-5.980958,34,6464.640612,-100.0,-0.7714845382062486,0
-6.439806,33,6465.175633,-100.0,-0.7067130407959964,0
-6.251135,45,6465.918202,-100.0,-0.721144294940622,0
-5.858928,34,6466.472232,-100.0,-0.7933185414118594,0
-5.923581,39,6467.112383,-100.0,-0.6947789605080104,0
-6.28086,42,6467.815246,-100.0,-0.7144080839129399,0
-6.382651,38,6468.444682,-100.0,-0.6779000006156678,0
-5.998696,37,6469.044041,-100.0,-0.7670682951304666,0
-6.481788,36,6469.630983,-100.0,-0.6779395058229394,0
-6.414023,40,6470.285104,-100.0,-0.6743024131384893,0
-5.994045,34,6470.837958,-100.0,-0.7352117246175488,0
-6.275098,40,6471.492828,-100.0,-0.6840260714866809,0
-6.166453,35,6472.072774,-100.0,-0.6238677127027011,0
-6.169523,34,6472.628776,-100.0,-0.6459045656407396,0
-5.898147,34,6473.171228,-100.0,-0.6696089376744672,0
-6.407931,35,6473.738069,-100.0,-0.6075295256870545,0
-6.643813,49,6474.551138,-100.0,-0.6851575826834149,0
-6.009483,38,6475.18291,-100.0,-0.8456517383965341,0
-6.26594,34,6475.729581,-100.0,-0.71059435482488,0
-6.183363,41,6476.413805,-100.0,-0.692411586240344,0
-6.589017,36,6477.004744,-100.0,-0.8016770316412699,0
-5.917376,39,6477.649914,-100.0,-0.8021619223230492,0
-6.256631,39,6478.300803,-100.0,-0.6825665838960798,0
-6.683602,41,6478.9574,-100.0,-0.7721206913457141,0
-6.212379,36,6479.548276,-100.0,-0.6387502864576405,0
-5.88287,32,6480.066465,-100.0,-0.7619868069049502,0
-6.081829,35,6480.643024,-100.0,-0.7405629054311058,0
-6.756892,53,6481.514111,-100.0,-0.6623195758383823,0
-5.812831,33,6482.064841,-100.0,-0.7772237769363866,0
-6.170013,34,6482.620877,-100.0,-0.5868993529502965,0
-6.059677,43,6483.329654,-100.0,-0.7521998737322244,0
-6.062474,38,6483.956586,-100.0,-0.6930921399488656,0
-5.82086,35,6484.520329,-100.0,-0.6348695344229732,0
-6.147525,35,6485.09252,-100.0,-0.774793113263676,0
-6.402748,44,6601.905017,-100.0,-0.7656156672225463,0
-6.274443,43,6602.597617,-100.0,-0.7053128323484955,0
-6.013175,40,6603.255129,-100.0,-0.7742276975292609,0
-6.115825,37,6603.856454,-100.0,-0.6588920930824156,0
-6.570038,47,6604.619719,-100.0,-0.942875708876547,0
-5.646889,37,6605.233367,-100.0,-0.8475603062119279,0
-6.496436,41,6605.905144,-100.0,-0.6252391774633607,0
-5.949998,43,6606.617478,-100.0,-0.7468114864112037,0
-6.267563,38,6607.240052,-100.0,-0.7497123640936991,0
-5.98906,34,6607.803823,-100.0,-0.7249635477259188,0
-6.356875,36,6608.396219,-100.0,-0.8290653975018374,0
-5.999295,36,6608.982579,-100.0,-0.6753950375915478,0
-5.575909,36,6609.571831,-100.0,-0.7518583600712351,0
-6.097239,37,6610.196174,-100.0,-0.6719605697419605,0
-5.799295,32,6610.70504,-100.0,-0.8239349119184236,0
-5.958788,33,6611.254507,-100.0,-0.702958399783486,0
-6.521381,39,6611.890663,-100.0,-0.611974539322715,0
-5.882989,33,6612.445931,-100.0,-0.7035516073588514,0
-6.234543,36,6613.022605,-100.0,-0.6632453681245173,0
-6.09704,40,6613.696103,-100.0,-0.7733759794289805,0
-5.365651,33,6614.246013,-100.0,-0.8408394359979294,0
-6.448856,40,6614.89997,-100.0,-0.6397395626331661,0
-6.319422,36,6615.496902,-100.0,-0.7044983600604594,0
-6.01386,37,6616.08882,-100.0,-0.6257439419497804,0
-6.59482,37,6616.701053,-100.0,-0.6011993405362139,0
-6.491805,41,6617.371527,-100.0,-0.613982255492037,0
-6.285297,40,6618.041087,-100.0,-0.6508085335496658,0
-5.830371,34,6618.593435,-100.0,-0.7074233092868653,0
-6.178236,39,6619.245701,-100.0,-0.6971602338822385,0
-6.224072,32,6619.766647,-100.0,-0.637052267568233,0
-6.444208,41,6620.460884,-100.0,-0.6407255947263308,0
-5.814528,33,6620.987267,-100.0,-0.7198131656853451,0
-6.197056,40,6621.648846,-100.0,-0.7834702451500959,0
-5.547223,33,6622.195305,-100.0,-0.8579564626959344,0
-6.000314,33,6622.737114,-100.0,-0.6638427530043808,0
-6.118923,33,6623.280754,-100.0,-0.7108551533901598,0
-6.384712,46,6624.041674,-100.0,-0.7452984633869255,0
-5.793008,35,6624.611064,-100.0,-0.6859525546547466,0
-5.905492,38,6625.235959,-100.0,-0.6533901339203237,0
-6.44003,36,6625.830337,-100.0,-0.6186910258991938,0
-6.240963,39,6626.474435,-100.0,-0.735241008003137,0
-5.915892,36,6627.060997,-100.0,-0.7447049475369103,0
-6.156094,35,6627.631598,-100.0,-0.6087560590857816,0
-6.213659,35,6628.21511,-100.0,-0.713678166013212,0
-6.067059,34,6628.778097,-100.0,-0.6043490323066557,0
-6.517483,42,6629.457087,-100.0,-0.6828067140970057,0
-5.871446,34,6630.031481,-100.0,-0.7206830290558424,0
-6.596685,36,6630.62064,-100.0,-0.7023250774309931,0
-6.107514,33,6631.167004,-100.0,-0.7706151023755827,0
-5.776481,39,6631.812673,-100.0,-0.6691058611085399,0
-6.443939,37,6632.428303,-100.0,-0.6493964409478449,0
-5.977809,39,6633.076554,-100.0,-0.7409487392965349,0
-6.229452,40,6633.718595,-100.0,-0.6865466547891838,0
-5.699142,34,6634.277021,-100.0,-0.7447582363881867,0
-5.466014,33,6634.820489,-100.0,-0.8495321644784586,0
-6.169686,34,6751.039308,-100.0,-0.738172794365294,0
-6.323107,43,6751.723547,-100.0,-0.7032505132712525,0
-6.379832,40,6752.388566,-100.0,-0.7452455413356919,0
-6.269312,38,6753.020438,-100.0,-0.6411917149405066,0
-5.963503,34,6753.599696,-100.0,-0.6807562139224078,0
-6.000774,34,6754.157255,-100.0,-0.6659822381684993,0
-6.079905,39,6754.803363,-100.0,-0.7702166612898896,0
-6.151199,37,6755.424131,-100.0,-0.6446174507090904,0
-5.782465,37,6756.030091,-100.0,-0.7751601693877584,0
-6.071843,34,6756.592576,-100.0,-0.8956607269046284,0
-5.827715,35,6757.161317,-100.0,-0.7501225858760778,0
-6.219001,36,6757.749208,-100.0,-0.6436704593916074,0
-5.981442,39,6758.399201,-100.0,-0.7616099607643977,0
-6.108827,38,6759.025266,-100.0,-0.7621574182041647,0
-6.724155,53,6759.905238,-100.0,-0.6737620561838197,0
-6.205226,41,6760.581357,-100.0,-0.8479064710399149,0
-6.097085,44,6761.302904,-100.0,-0.744656288731386,0
-5.737458,42,6762.017608,-100.0,-0.8488902410232513,0
-6.087359,40,6762.661612,-100.0,-0.7486652241450681,0
-6.125682,38,6763.284717,-100.0,-0.629854966467949,0
-6.217714,39,6763.935377,-100.0,-0.7549671062158527,0
-6.198078,41,6764.612607,-100.0,-0.6539105557624618,0
-6.627392,42,6765.310066,-100.0,-0.6990344063394591,0
-6.44244,33,6765.864745,-100.0,-0.6569166709761064,0
-6.020169,34,6766.416315,-100.0,-0.6446445467464832,0
-5.825717,33,6766.955438,-100.0,-0.7157519723392806,0
-5.842605,34,6767.515583,-100.0,-0.7655024750837245,0
-6.131381,37,6768.1238,-100.0,-0.6997821165102855,0
-6.175985,34,6768.697756,-100.0,-0.6252169461103133,0
-5.694644,34,6769.249151,-100.0,-0.762131039970824,0
-5.833901,33,6769.791985,-100.0,-0.7349020420580232,0
-6.304242,35,6770.384418,-100.0,-0.7045817370005439,0
-6.090884,45,6771.123277,-100.0,-0.8031111418729339,0
-6.379709,43,6771.827654,-100.0,-0.6639517758003367,0
-6.136054,36,6772.424083,-100.0,-0.7976250117904807,0
-6.062026,37,6773.025264,-100.0,-0.7137299905617316,0
-5.56834,33,6773.579945,-100.0,-0.7858830710614332,0
-6.562609,36,6774.160891,-100.0,-0.7282239625690634,0
-6.071153,33,6774.720504,-100.0,-0.6773673118683435,0
-5.627168,36,6775.333966,-100.0,-0.8274691045443181,0
-6.409647,38,6775.960395,-100.0,-0.67710895543737,0
-5.9953,34,6776.512293,-100.0,-0.7673863798348243,0
-6.262441,34,6777.093028,-100.0,-0.6681213423742351,0
-6.479863,45,6777.835337,-100.0,-0.648044416497915,0
-5.934378,33,6778.368134,-100.0,-0.7549735540190505,0
-6.077244,41,6779.039244,-100.0,-0.7662038093304152,0
-6.397542,36,6779.637449,-100.0,-0.6957106357470256,0
-5.800466,35,6780.215685,-100.0,-0.7377135274866843,0
-5.887079,34,6780.785798,-100.0,-0.7215651463714075,0
-6.449943,36,6781.378813,-100.0,-0.720087200748087,0
-5.901743,33,6781.941926,-100.0,-0.7555011501782558,0
-6.242799,41,6782.601487,-100.0,-0.7077354164866841,0
-5.90843,36,6783.200421,-100.0,-0.7898760864631696,0
-6.326997,48,6783.995661,-100.0,-0.7786656387814404,0
-5.710386,39,6784.622745,-100.0,-0.7171659283171307,0
-5.816327,34,6903.694873,-100.0,-0.7204333077825452,0
-5.805628,39,6904.345744,-100.0,-0.7414855079099744,0
-6.426012,39,6904.992262,-100.0,-0.7475904389995298,0
-6.405308,41,6905.672159,-100.0,-0.5781788636299731,0
-5.660606,35,6906.256576,-100.0,-0.7309534926524797,0
-6.365294,35,6906.845527,-100.0,-0.6439437601766491,0
-5.866257,35,6907.428289,-100.0,-0.7163354317984921,0
-6.058957,37,6908.042494,-100.0,-0.6804552525900772,0
-5.586021,33,6908.586921,-100.0,-0.7849436968643634,0
-6.186078,37,6909.207963,-100.0,-0.6984830685757388,0
-6.101,38,6909.844696,-100.0,-0.622318413930313,0
-6.182192,38,6910.46752,-100.0,-0.7045465151605421,0
-6.230599,38,6911.103835,-100.0,-0.8129794168678222,0
-5.69944,33,6911.647367,-100.0,-0.7566238508246035,0
-6.101629,34,6912.205617,-100.0,-0.632423737406437,0
-6.537339,40,6912.877722,-100.0,-0.7706669146278441,0
-6.297655,41,6913.553181,-100.0,-0.6341222522590039,0
-6.000245,35,6914.137773,-100.0,-0.7214987882578532,0
-5.982647,37,6914.750687,-100.0,-0.7243708609487033,0
-5.837065,41,6915.416153,-100.0,-0.9029644014675878,0
-6.324808,40,6916.075578,-100.0,-0.6802141904650082,0
-6.189005,35,6916.664569,-100.0,-0.68590174626356,0
-6.533069,53,6917.545993,-100.0,-0.656238223676456,0
-6.228551,36,6918.126986,-100.0,-0.5348835354388086,0
-6.05227,35,6918.694889,-100.0,-0.6800683810932866,0
-5.67113,33,6919.258693,-100.0,-0.7440956584368588,0
-6.551692,41,6919.946656,-100.0,-0.6269579647506139,0
-6.144747,44,6920.663198,-100.0,-0.7648410507824208,0
-5.950584,37,6921.273067,-100.0,-0.7212826002066173,0
-5.755718,40,6921.940121,-100.0,-0.7195540763259367,0
-6.054052,33,6922.492019,-100.0,-0.695319603117214,0
-6.207861,43,6923.198567,-100.0,-0.7109898031541922,0
-6.086533,40,6923.868309,-100.0,-0.8293331243185723,0
-5.834056,33,6924.390587,-100.0,-0.8149303061957069,0
-5.935916,34,6924.968932,-100.0,-0.6938808843148249,0
-5.83406,33,6925.50847,-100.0,-0.6627123820877939,0
-5.876399,35,6926.097671,-100.0,-0.8430045283080394,0
-5.663543,39,6926.734704,-100.0,-0.8636372717383496,0
-6.509998,44,6927.455902,-100.0,-0.6280347317620093,0
-6.358025,39,6928.095473,-100.0,-0.6974540056598602,0
-5.996262,34,6928.65868,-100.0,-0.69011276191564,0
-6.113004,41,6929.341793,-100.0,-0.662765216047933,0
-6.111489,37,6929.953491,-100.0,-0.6640038424416131,0
-6.386863,36,6930.550848,-100.0,-0.6771155265499318,0
-5.880487,35,6931.134937,-100.0,-0.741750621777752,0
-5.776346,33,6931.683661,-100.0,-0.8125041049806241,0
-6.11541,35,6932.260362,-100.0,-0.6442002237566035,0
-6.018781,34,6932.819349,-100.0,-0.6664741320313705,0
-6.453206,38,6933.45316,-100.0,-0.7619743424672416,0
-6.246147,36,6934.039653,-100.0,-0.6647631849166011,0
-5.792489,33,6934.579576,-100.0,-0.7530218990010505,0
-5.709393,33,6935.11317,-100.0,-0.6985828927313311,0
-5.785855,41,6935.803987,-100.0,-0.7578022678378397,0
-5.934162,41,6936.496533,-100.0,-0.8049457334993411,0
-6.354849,39,6937.136109,-100.0,-0.7670566558581312,0
-5.85047,33,7033.6338,-100.0,-0.7484163925949243,0
-6.295772,38,7034.256792,-100.0,-0.7174367843153215,0
-6.265803,34,7034.817319,-100.0,-0.6589576052077444,0
-6.013993,36,7035.409684,-100.0,-0.7083412305678507,0
-6.489715,33,7035.971919,-100.0,-0.6982471621116995,0
-6.220913,38,7036.604888,-100.0,-0.7982777263366196,0
-5.500042,34,7037.176402,-100.0,-0.7687409018667576,0
-5.987396,32,7037.716291,-100.0,-0.7662254933432935,0
-5.585855,33,7038.254469,-100.0,-0.8211352267276559,0
-6.531486,37,7038.879803,-100.0,-0.7313015398081129,0
-5.989246,34,7039.451341,-100.0,-0.7456250561489408,0
-5.931185,35,7040.030859,-100.0,-0.7083369752220718,0
-5.845769,38,7040.658725,-100.0,-0.8065032837112136,0
-6.549498,41,7041.347855,-100.0,-0.6393432238116344,0
-6.321613,35,7041.922001,-100.0,-0.6831096715639696,0
-6.475936,41,7042.597388,-100.0,-0.6484295595422057,0
-5.925007,35,7043.169801,-100.0,-0.6604617690553943,0
-6.030063,42,7043.863672,-100.0,-0.6354587725283031,0
-5.871611,34,7044.427069,-100.0,-0.7171182315730833,0
-6.165276,40,7045.084741,-100.0,-0.6351838207185212,0
-6.02015,36,7045.692973,-100.0,-0.7100768236317594,0
-5.889012,36,7046.289215,-100.0,-0.7411851233225534,0
-5.477314,33,7046.8418,-100.0,-0.757784620861776,0
-5.890654,32,7047.36974,-100.0,-0.6313003624787503,0
-5.765129,40,7048.019329,-100.0,-0.7572513051214375,0
-6.181169,36,7048.622514,-100.0,-0.6197598370759698,0
-6.003021,33,7049.172213,-100.0,-0.6991391295409016,0
-5.583674,33,7049.708412,-100.0,-0.7899084992664469,0
-5.98443,36,7050.31513,-100.0,-0.716123170003589,0
-5.822536,34,7050.872435,-100.0,-0.7928181090720977,0
-6.062921,34,7051.45538,-100.0,-0.737189993120296,0
-6.617514,40,7052.116203,-100.0,-0.6461878381970237,0
-5.754325,34,7052.679869,-100.0,-0.875715345985291,0
-6.14061,35,7053.25391,-100.0,-0.629910833416542,0
-5.963746,34,7053.832338,-100.0,-0.737080472147854,0
-5.898318,33,7054.389872,-100.0,-0.7168768354339663,0
-6.275004,41,7055.051405,-100.0,-0.6322594127085492,0
-6.248705,35,7055.633284,-100.0,-0.6485557119275234,0
-6.34126,35,7056.225476,-100.0,-0.6301005756706469,0
-5.935307,38,7056.847163,-100.0,-0.8133424596444307,0
-6.034256,38,7057.470498,-100.0,-0.7433403693970428,0
-6.313804,39,7058.113449,-100.0,-0.7284512685429958,0
-6.14658,40,7058.787066,-100.0,-0.6641205180971405,0
-5.938952,37,7059.398356,-100.0,-0.808964494449981,0
-6.107615,34,7059.958879,-100.0,-0.6738488616186424,0
-5.985997,35,7060.542029,-100.0,-0.6621182188108782,0
-5.954826,37,7061.159547,-100.0,-0.7897686235165982,0
-6.379124,45,7061.912431,-100.0,-0.6983397464779865,0
-6.476986,37,7062.530699,-100.0,-0.6437534939017743,0
-5.916843,35,7063.116025,-100.0,-0.6640397099728723,0
-6.055526,40,7063.79329,-100.0,-0.7484449622496829,0
-5.720991,36,7064.388976,-100.0,-0.6906032601415565,0
-6.285726,35,7064.96976,-100.0,-0.7276095860581167,0
-5.459808,33,7065.501475,-100.0,-0.8118256088846687,0
-5.79857,33,7066.063849,-100.0,-0.756377023714891,0
-5.455254,33,7066.610056,-100.0,-0.7438185697476171,0
-5.76256,33,7067.147863,-100.0,-0.7404437362655371,0
-5.782831,38,7174.238281,-100.0,-0.816124409665249,0
-6.001245,33,7174.783421,-100.0,-0.7660358463540263,0
-6.119801,41,7175.469166,-100.0,-0.6796376261385905,0
-5.80351,33,7176.009692,-100.0,-0.7214525498236211,0
-5.591658,34,7176.566517,-100.0,-0.8323185425398022,0
-6.096615,40,7177.249725,-100.0,-0.6674007349499469,0
-5.914254,36,7177.841106,-100.0,-0.7168194925296345,0
-5.963909,35,7178.440046,-100.0,-0.6656174981371502,0
-6.566914,37,7179.055954,-100.0,-0.5686144056528976,0
-6.343156,34,7179.610525,-100.0,-0.6669368722204279,0
-5.676997,34,7180.171761,-100.0,-0.8378535225079469,0
-6.473851,45,7180.94355,-100.0,-0.71665325128819,0
-5.864124,38,7181.575948,-100.0,-0.7542829808192743,0
-5.800318,37,7182.18821,-100.0,-0.8031864117966689,0
-5.774949,35,7182.773055,-100.0,-0.8617418657340702,0
-5.930279,40,7183.429563,-100.0,-0.7602975659201996,0
-6.190444,37,7184.045202,-100.0,-0.7066076220050757,0
-6.003886,33,7184.600506,-100.0,-0.691705546098227,0
-5.619754,33,7185.158898,-100.0,-0.8461161885114541,0
-6.640151,46,7185.90337,-100.0,-0.6735786234149499,0
-5.976665,34,7186.473695,-100.0,-0.7211144188714347,0
-5.996504,40,7187.144573,-100.0,-0.8066006513749957,0
-6.229117,34,7187.7147,-100.0,-0.6939366329426567,0
-6.298415,33,7188.275196,-100.0,-0.7003591832864928,0
-6.294769,39,7188.922905,-100.0,-0.63603167734909,0
-5.779259,34,7189.499773,-100.0,-0.7440746755513854,0
-6.102268,33,7190.049501,-100.0,-0.6914438098798541,0
-5.92855,34,7190.612819,-100.0,-0.7413928421384548,0
-6.757608,41,7191.29932,-100.0,-0.6933298033019994,0
-5.860371,35,7191.876719,-100.0,-0.6724140670386297,0
-6.16753,34,7192.443148,-100.0,-0.6671478448430382,0
-6.0627,38,7193.065171,-100.0,-0.7883625519153971,0
-5.902272,41,7193.759053,-100.0,-0.6439462927574231,0
-5.617547,34,7194.337314,-100.0,-0.8177404977702427,0
-6.007559,34,7194.894333,-100.0,-0.6005278667341846,0
-5.994272,37,7195.509531,-100.0,-0.7609467131072992,0
-5.960759,37,7196.115574,-100.0,-0.7962490234063243,0
-6.667575,35,7196.711275,-100.0,-0.6453162285216185,0
-6.119273,40,7197.394991,-100.0,-0.860002203805597,0
-5.945607,37,7198.016143,-100.0,-0.7729960182473592,0
-5.940589,35,7198.595334,-100.0,-0.7797974978276786,0
-5.52654,39,7199.237982,-100.0,-0.8535163181639674,0
-5.686632,37,7199.870536,-100.0,-0.7586032577535204,0
-6.604532,37,7200.492168,-100.0,-0.6863670546450171,0
-5.883969,33,7201.029928,-100.0,-0.6561770316666033,0
-5.923592,33,7201.569415,-100.0,-0.6990411516437803,0
-5.978946,35,7202.15494,-100.0,-0.7960525429168701,0
-5.844008,42,7202.849357,-100.0,-0.7424456924598315,0
-5.81246,41,7203.542243,-100.0,-0.735576047951707,0
-6.126503,37,7204.158175,-100.0,-0.6497284737691251,0
-5.588436,39,7204.808203,-100.0,-0.8308714226278728,0
-5.496123,33,7205.356059,-100.0,-0.6423083819800548,0
-6.330559,36,7205.956712,-100.0,-0.6638382655674548,0
-5.735652,32,7206.478233,-100.0,-0.741530780769401,0
-5.7001,33,7207.027271,-100.0,-0.7363863202088745,0
-6.057286,40,7207.677457,-100.0,-0.6732416295732597,0
-6.384964,42,7315.059389,-100.0,-0.663431280091303,0
-5.750254,33,7315.613044,-100.0,-0.6810574649146077,0
-5.951409,37,7316.242683,-100.0,-0.7529054751070662,0
-5.817293,33,7316.781294,-100.0,-0.6654675718463426,0
-5.671599,35,7317.359214,-100.0,-0.7336760666819356,0
-6.412163,35,7317.949928,-100.0,-0.7000668162150543,0
-6.191895,35,7318.531038,-100.0,-0.7648229787992258,0
-5.691494,34,7319.110551,-100.0,-0.7315218223164892,0
-6.05409,37,7319.73765,-100.0,-0.8157393767532917,0
-6.004055,38,7320.367489,-100.0,-0.718743188682171,0
-5.980911,38,7320.988137,-100.0,-0.8641527665925443,0
-5.793155,34,7321.572204,-100.0,-0.7163649304648931,0
-5.858598,35,7322.155455,-100.0,-0.8025521914206339,0
-5.768796,40,7322.812913,-100.0,-0.8113925543723632,0
-6.203916,33,7323.373345,-100.0,-0.6192216045715928,0
-5.767741,33,7323.922979,-100.0,-0.7898678472247492,0
-6.002073,34,7324.486648,-100.0,-0.6180522459014118,0
-5.975269,36,7325.084711,-100.0,-0.6767583907299449,0
-6.015748,38,7325.729704,-100.0,-0.7838620569846736,0
-6.25177,34,7326.295182,-100.0,-0.7255651501030245,0
-5.464672,34,7326.867083,-100.0,-0.775421985458859,0
-6.074714,34,7327.428603,-100.0,-0.6427804901663646,0
-6.159817,34,7327.99092,-100.0,-0.6999416278750902,0
-5.626639,34,7328.566911,-100.0,-0.7805762250886155,0
-5.811128,35,7329.147842,-100.0,-0.8782694080611032,0
-6.076483,36,7329.756575,-100.0,-0.680207437347601,0
-5.715253,33,7330.31801,-100.0,-0.8174698225867324,0
-5.978857,33,7330.867679,-100.0,-0.7322121586784756,0
-6.18498,36,7331.461135,-100.0,-0.7822242101394886,0
-5.989279,38,7332.114786,-100.0,-0.85783437639195,0
-5.886902,37,7332.73258,-100.0,-0.7976554787022829,0
-5.946143,34,7333.299367,-100.0,-0.6810794938422374,0
-5.804757,33,7333.848904,-100.0,-0.8115950564257088,0
-5.593507,34,7334.426636,-100.0,-0.7456949095456616,0
-5.690061,33,7334.975173,-100.0,-0.6794591745642096,0
-5.744929,32,7335.515028,-100.0,-0.8589522132728719,0
-5.443335,33,7336.064532,-100.0,-0.8688507044015854,0
-5.881142,34,7336.635612,-100.0,-0.6480275085651873,0
-5.761818,33,7337.19475,-100.0,-0.8440009408401788,0
-5.686822,34,7337.756393,-100.0,-0.7381375161629553,0
-5.70641,38,7338.392124,-100.0,-0.8065290218457029,0
-5.390722,33,7338.947636,-100.0,-0.7923493945373571,0
-5.774907,33,7339.497541,-100.0,-0.6660340170793568,0
-6.138943,33,7340.047317,-100.0,-0.7186846538143642,0
-5.791432,33,7340.596361,-100.0,-0.6119970237249805,0
-5.806419,34,7341.164992,-100.0,-0.741825627179351,0
-6.252889,35,7341.748007,-100.0,-0.6921929966468034,0
-6.718845,33,7342.296907,-100.0,-0.6207255030050729,0
-5.817717,33,7342.849083,-100.0,-0.7199351129550906,0
-5.599195,33,7343.392313,-100.0,-0.6972638117105119,0
-5.956442,41,7344.086227,-100.0,-0.7980549910212386,0
-6.145366,34,7344.655579,-100.0,-0.7030871694889272,0
-5.707144,33,7345.196369,-100.0,-0.7193337542872125,0
-5.922718,34,7345.771158,-100.0,-0.7127404318953011,0
-5.967316,36,7346.369598,-100.0,-0.5854013663511815,0
-6.246342,42,7347.089368,-100.0,-0.6878380589304857,0
-5.858134,34,7347.658707,-100.0,-0.6534204397098539,0
-5.499775,33,7348.198083,-100.0,-0.8838450267099421,0
-5.651078,46,7477.692963,-100.0,-0.8034223110119568,0
-6.013395,35,7478.287651,-100.0,-0.6475103432661913,0
-5.746713,32,7478.842376,-100.0,-0.8838233352095889,0
-5.960812,42,7479.535301,-100.0,-0.7827318044679011,0
-5.711835,37,7480.152572,-100.0,-0.7395334513710716,0
-6.376332,41,7480.838242,-100.0,-0.6951974066966294,0
-5.878613,38,7481.469008,-100.0,-0.730041354571408,0
-6.483135,32,7482.019052,-100.0,-0.6586498624388981,0
-5.939316,33,7482.56604,-100.0,-0.7070026692762158,0
-5.505572,33,7483.134296,-100.0,-0.8073583516323284,0
-5.666427,35,7483.710546,-100.0,-0.7593401474660387,0
-5.852257,35,7484.290894,-100.0,-0.7761718297137726,0
-6.36187,36,7484.889451,-100.0,-0.7004699527963083,0
-5.524829,33,7485.449068,-100.0,-0.8858456743358831,0
-5.884876,36,7486.046467,-100.0,-0.7182590625024696,0
-5.997642,34,7486.624282,-100.0,-0.6626112126419469,0
-6.277601,36,7487.221099,-100.0,-0.70796380743133,0
-6.120325,40,7487.883977,-100.0,-0.6937756585390241,0
-6.443726,37,7488.520297,-100.0,-0.7256169538449786,0
-6.068941,36,7489.111527,-100.0,-0.7598301065703655,0
-5.627449,33,7489.660417,-100.0,-0.8418217167650968,0
-5.939463,36,7490.261696,-100.0,-0.6658563866297786,0
-5.834905,34,7490.834721,-100.0,-0.7505460073454092,0
-5.728269,36,7491.445241,-100.0,-0.7783695311872166,0
-6.152416,35,7492.037884,-100.0,-0.7174405222206491,0
-5.957806,35,7492.621957,-100.0,-0.6913706868367191,0
-5.729377,33,7493.171098,-100.0,-0.6983028171154313,0
-5.587462,33,7493.715941,-100.0,-0.7868616494878559,0
-6.019565,35,7494.307339,-100.0,-0.7401259413750128,0
-5.744133,34,7494.877733,-100.0,-0.7202884459708574,0
-5.977229,35,7495.469173,-100.0,-0.7028916953545891,0
-5.824007,39,7496.133412,-100.0,-0.7475103527737937,0
-5.638901,34,7496.703125,-100.0,-0.7168928441184843,0
-5.575695,34,7497.281404,-100.0,-0.8634443519733399,0
-6.125097,34,7497.838002,-100.0,-0.6336039975034427,0
-5.609128,32,7498.380684,-100.0,-0.7842838243502194,0
-6.331566,44,7499.129962,-100.0,-0.7321516735446252,0
-5.820535,33,7499.682009,-100.0,-0.7116645608784754,0
-5.980145,33,7500.23079,-100.0,-0.639242828588941,0
-6.277006,44,7500.970221,-100.0,-0.6559089900453687,0
-5.786468,33,7501.514355,-100.0,-0.8320909816148855,0
-6.507277,34,7502.084211,-100.0,-0.6719891089423176,0
-5.646812,37,7502.702429,-100.0,-0.7584943974449567,0
-5.640474,33,7503.259345,-100.0,-0.7234906067053306,0
-5.90978,34,7503.832235,-100.0,-0.6482821228959106,0
-5.740348,33,7504.380543,-100.0,-0.7616626637219979,0
-5.491563,35,7504.969158,-100.0,-0.8041751315510962,0
-5.568642,33,7505.513751,-100.0,-0.8032073500592994,0
-5.984267,34,7506.074082,-100.0,-0.7223060936267767,0
-5.613344,34,7506.647407,-100.0,-0.795601700554906,0
-5.823691,35,7507.242436,-100.0,-0.7553116522342757,0
-6.085148,34,7507.813104,-100.0,-0.709002197565275,0
-5.76326,34,7508.396264,-100.0,-0.7721700905941659,0
-5.631873,34,7508.96156,-100.0,-0.7614447419552093,0
-6.307899,41,7509.666698,-100.0,-0.7145362910954762,0
-6.294381,35,7510.250586,-100.0,-0.7016884676970092,0
-5.683184,34,7510.820454,-100.0,-0.7254850900051837,0
-5.745825,35,7511.409058,-100.0,-0.8095129612052581,0
-6.305056,40,7636.313538,-100.0,-0.7041546193946402,0
-5.769167,32,7636.849371,-100.0,-0.7676875914385408,0
-5.824114,32,7637.387159,-100.0,-0.7710266733344059,0
-5.972179,35,7637.979571,-100.0,-0.7061022750616688,0
-5.962069,34,7638.55535,-100.0,-0.686882284835624,0
-5.654975,34,7639.107564,-100.0,-0.7943906157268971,0
-6.089008,33,7639.667566,-100.0,-0.6865531954908475,0
-6.143678,34,7640.231692,-100.0,-0.6437153718755925,0
-5.470455,33,7640.773592,-100.0,-0.7993082945307085,0
-5.921151,37,7641.398175,-100.0,-0.6884632846501985,0
-5.709715,36,7642.000979,-100.0,-0.7570456512489472,0
-6.324749,42,7642.718964,-100.0,-0.6428745245330637,0
-5.556976,32,7643.252252,-100.0,-0.7867586275949469,0
-5.748244,33,7643.799869,-100.0,-0.8646040090446817,0
-6.074373,35,7644.400572,-100.0,-0.7274466640761118,0
-5.813677,33,7644.946867,-100.0,-0.7123165392266005,0
-5.750434,33,7645.498548,-100.0,-0.815832842577948,0
-5.80411,34,7646.072344,-100.0,-0.8056479583900253,0
-5.850856,34,7646.642185,-100.0,-0.7433240168849936,0
-5.953139,35,7647.229968,-100.0,-0.685668633916228,0
-5.854486,33,7647.773581,-100.0,-0.7331963028118225,0
-6.317544,36,7648.376273,-100.0,-0.6732712071619422,0
-5.82606,33,7648.929773,-100.0,-0.7323728533864247,0
-5.475458,37,7649.553599,-100.0,-0.8984533892921114,0
-5.691163,34,7650.127347,-100.0,-0.8330329032984525,0
-6.121042,38,7650.764506,-100.0,-0.7247210933687546,0
-5.560265,33,7651.317234,-100.0,-0.8308508168841408,0
-6.030306,38,7651.982592,-100.0,-0.6960466027001746,0
-5.807912,32,7652.50165,-100.0,-0.7993196821347467,0
-5.477415,34,7653.083134,-100.0,-0.7288270244162944,0
-5.759837,35,7653.645499,-100.0,-0.7605017590854533,0
-5.73689,34,7654.217094,-100.0,-0.7958917581767712,0
-6.003644,34,7654.783962,-100.0,-0.7036259325860487,0
-5.603124,33,7655.335669,-100.0,-0.733506092605877,0
-5.82643,34,7655.90946,-100.0,-0.7187706600503279,0
-6.429819,40,7656.583274,-100.0,-0.7281606636899485,0
-5.425393,32,7657.127492,-100.0,-0.8354706969877433,0
-5.676013,33,7657.679178,-100.0,-0.7303941413942739,0
-6.263645,37,7658.303562,-100.0,-0.6789521861238768,0
-6.131081,38,7658.939883,-100.0,-0.6956733651785034,0
-5.806864,34,7659.513873,-100.0,-0.6369105137015272,0
-5.845554,39,7660.157088,-100.0,-0.8609923206223443,0
-6.181721,33,7660.711577,-100.0,-0.7316307674423147,0
-5.656299,41,7661.413725,-100.0,-0.7435962497357067,0
-5.832768,33,7661.970091,-100.0,-0.7292415355230347,0
-5.93667,35,7662.550363,-100.0,-0.686563431026944,0
-5.900355,34,7663.114722,-100.0,-0.7035832979803165,0
-5.735363,34,7663.693316,-100.0,-0.7207111611599977,0
-5.626818,34,7664.276396,-100.0,-0.7935376948172413,0
-5.647828,37,7664.894413,-100.0,-0.8187070032240017,0
-6.060547,36,7665.508386,-100.0,-0.6845344791934691,0
-6.213646,38,7666.139143,-100.0,-0.7338497285265267,0
-5.989084,34,7666.716934,-100.0,-0.7063778847765162,0
-5.616599,33,7667.266059,-100.0,-0.8559783005561731,0
-5.603699,33,7667.824362,-100.0,-0.8511051206244968,0
-5.96709,38,7668.466568,-100.0,-0.7357148841821491,0
-5.859992,34,7669.035666,-100.0,-0.6808706543591956,0
-5.89821,33,7669.595095,-100.0,-0.6878444949611799,0
-6.002982,35,7670.172589,-100.0,-0.6771325073235562,0
-6.067978,35,7791.342125,-100.0,-0.674529866721524,0
-5.479069,33,7791.897802,-100.0,-0.8587117590801616,0
-6.452172,43,7792.60459,-100.0,-0.7108544888876859,0
-6.243626,36,7793.215587,-100.0,-0.6851270415652682,0
-5.819065,33,7793.774684,-100.0,-0.69853290393234,0
-5.637686,33,7794.334149,-100.0,-0.7476346269198122,0
-6.101045,36,7794.927835,-100.0,-0.7224764680039677,0
-5.776287,33,7795.490784,-100.0,-0.7493742477618799,0
-5.519761,32,7796.034131,-100.0,-0.7834255059425249,0
-5.703907,34,7796.612325,-100.0,-0.7224536326860312,0
-6.000761,33,7797.165919,-100.0,-0.7258266981908352,0
-6.001493,34,7797.736371,-100.0,-0.7120281397320963,0
-5.52329,34,7798.318502,-100.0,-0.867002196176052,0
-5.648038,32,7798.862268,-100.0,-0.7411469655901348,0
-5.761894,43,7799.567802,-100.0,-0.8114004299969997,0
-5.495847,34,7800.14596,-100.0,-0.8582160344064116,0
-5.525481,33,7800.710958,-100.0,-0.8943145784567089,0
-5.433709,32,7801.254761,-100.0,-0.8389929150014839,0
-6.145246,35,7801.841984,-100.0,-0.6976114885262472,0
-5.343088,32,7802.37714,-100.0,-0.8760672445572193,0
-5.523312,34,7802.949785,-100.0,-0.8694743789763049,0
-6.041942,32,7803.490836,-100.0,-0.7694900646930918,0
-5.438022,32,7804.038025,-100.0,-0.9170783781670381,0
-5.710441,33,7804.593209,-100.0,-0.7707403589628855,0
-5.882886,37,7805.219908,-100.0,-0.6987234642829684,0
-6.224264,36,7805.8271,-100.0,-0.805916468910853,0
-5.691049,39,7806.475493,-100.0,-0.8037367133053058,0
-5.788363,42,7807.187983,-100.0,-0.7180379476331004,0
-6.000845,32,7807.731218,-100.0,-0.721912452969963,0
-6.514076,39,7808.373797,-100.0,-0.6538062424898128,0
-5.820936,33,7808.927981,-100.0,-0.7520483054679485,0
-5.587477,32,7809.473073,-100.0,-0.7651185733242052,0
-5.877268,34,7810.0438,-100.0,-0.7984094051510274,0
-5.579505,33,7810.588947,-100.0,-0.7414909767973021,0
-5.8641,34,7811.166415,-100.0,-0.6909255162550634,0
-5.852248,33,7811.715223,-100.0,-0.6946348773248632,0
-5.481639,38,7812.357411,-100.0,-0.8075106675092035,0
-5.87714,34,7812.918491,-100.0,-0.6734506307951931,0
-6.072956,32,7813.465296,-100.0,-0.6220702353483736,0
-5.823876,34,7814.036055,-100.0,-0.7450984872506805,0
-6.063664,33,7814.587723,-100.0,-0.6494469943016475,0
-6.141703,44,7815.322226,-100.0,-0.7434930700453495,0
-5.865086,33,7815.86772,-100.0,-0.7716398310240612,0
-6.660493,40,7816.550393,-100.0,-0.7275395054067786,0
-5.732255,38,7817.192922,-100.0,-0.8277205579662381,0
-5.873718,34,7817.762356,-100.0,-0.6991023799917676,0
-5.605188,33,7818.321663,-100.0,-0.7915913209543269,0
-5.794925,34,7818.883415,-100.0,-0.6824228501016547,0
-6.034334,33,7819.434274,-100.0,-0.7244339195954232,0
-5.876306,33,7819.988744,-100.0,-0.6838659531445032,0
-5.301027,33,7820.544168,-100.0,-0.8586277505503962,0
-5.751556,33,7821.096704,-100.0,-0.6614383511656846,0
-6.03845,39,7821.755187,-100.0,-0.7004987522035692,0
-6.043747,39,7822.414555,-100.0,-0.7607300397237414,0
-5.458556,34,7822.997338,-100.0,-0.7883707106120333,0
-5.769209,35,7823.587625,-100.0,-0.6782711492847858,0
-5.997536,33,7824.136102,-100.0,-0.7420178004969081,0
-6.928247,35,7824.729586,-100.0,-0.645997730706754,0
-5.786977,32,7825.241996,-100.0,-0.7769055490943765,0
-6.093531,42,7955.019163,-100.0,-0.7437395394161278,0
-5.647588,33,7955.624341,-100.0,-0.771137672167897,0
-5.654072,32,7956.198841,-100.0,-0.8164630536171482,0
-5.441158,32,7956.787061,-100.0,-0.7947727999631392,0
-6.078541,33,7957.392218,-100.0,-0.671590982507939,0
-6.158838,36,7958.034003,-100.0,-0.7887630234871926,0
-5.831952,32,7958.603357,-100.0,-0.7109443420839622,0
-5.810722,33,7959.189751,-100.0,-0.7108441905683538,0
-6.10257,40,7959.950988,-100.0,-0.695780793643496,0
-5.924174,35,7960.582189,-100.0,-0.6801059951473467,0
-5.467634,35,7961.21623,-100.0,-0.8091139423738721,0
-5.63712,34,7961.826519,-100.0,-0.7332879779539855,0
-5.934477,40,7962.566806,-100.0,-0.6882324578349269,0
-5.862323,34,7963.183085,-100.0,-0.6991093572831149,0
-5.880035,41,7963.937491,-100.0,-0.7741744357879191,0
-5.586514,32,7964.515531,-100.0,-0.9135663207283394,0
-6.152721,34,7965.131177,-100.0,-0.6172804051106475,0
-6.114284,37,7965.792766,-100.0,-0.6846862246426213,0
-5.479569,34,7966.402315,-100.0,-0.823744505162025,0
-5.654014,33,7967.004082,-100.0,-0.8533091146401952,0
-5.916886,33,7967.612289,-100.0,-0.6344649911929798,0
-5.839285,33,7968.216574,-100.0,-0.7650643087006628,0
-5.898471,33,7968.811347,-100.0,-0.7340791758703433,0
-5.784077,33,7969.394981,-100.0,-0.738211103529418,0
-6.180279,36,7970.051267,-100.0,-0.682803697547219,0
-5.305104,32,7970.636217,-100.0,-0.8972649781450532,0
-5.783563,32,7971.221293,-100.0,-0.7600763752263582,0
-5.463478,33,7971.816389,-100.0,-0.7972323670746714,0
-5.6334,33,7972.415846,-100.0,-0.70016745375832,0
-5.307054,33,7973.026299,-100.0,-0.8482517402659434,0
-6.024762,36,7973.660213,-100.0,-0.7204302957623777,0
-6.293366,35,7974.305065,-100.0,-0.7430014693564466,0
-5.630367,33,7974.900632,-100.0,-0.6700772801554777,0
-5.623058,34,7975.517437,-100.0,-0.7933545104326526,0
-5.772922,33,7976.127061,-100.0,-0.7528711656027025,0
-5.83563,34,7976.744784,-100.0,-0.7600544904089692,0
-5.904813,34,7977.366986,-100.0,-0.7343507254583175,0
-5.510915,32,7977.939782,-100.0,-0.8495569053721632,0
-5.700111,35,7978.575663,-100.0,-0.7545067375976029,0
-6.10463,34,7979.189935,-100.0,-0.7035687582851141,0
-5.882036,32,7979.774796,-100.0,-0.7972848596383647,0
-5.479295,34,7980.387416,-100.0,-0.8149889028565855,0
-6.14297,34,7981.012679,-100.0,-0.6297296609945922,0
-5.7772,34,7981.630613,-100.0,-0.7177315740309615,0
-5.537297,33,7982.234793,-100.0,-0.8438008287727399,0
-5.634253,39,7982.943796,-100.0,-0.7032594267398548,0
-5.50765,33,7983.547399,-100.0,-0.8387445682832904,0
-6.164317,35,7984.193518,-100.0,-0.7466495603768271,0
-5.659754,33,7984.789246,-100.0,-0.8345192524199715,0
-5.696032,33,7985.399393,-100.0,-0.8425466534892051,0
-5.706352,33,7986.002215,-100.0,-0.7537469605633642,0
-6.009522,33,7986.607137,-100.0,-0.633685592971428,0
-5.703723,33,7987.198055,-100.0,-0.7460695805207358,0
-5.866671,35,7987.854883,-100.0,-0.7272100930848984,0
-5.952547,33,7988.456731,-100.0,-0.7479076508006928,0
-5.772014,36,7989.119155,-100.0,-0.6701240551730855,0
-5.887603,34,7989.731269,-100.0,-0.7969278506532922,0
-6.381614,40,7990.466098,-100.0,-0.7394295214788346,0
-6.177654,33,7991.076666,-100.0,-0.6975916950983041,0
-5.467923,32,7991.649904,-100.0,-0.8161247062920588,0
-6.269287,50,8110.870918,-100.0,-0.7280249475624919,0
-5.404114,34,8111.456524,-100.0,-0.8390733400657953,0
-6.066942,34,8112.028187,-100.0,-0.7604969793230317,0
-5.779908,39,8112.682819,-100.0,-0.7350230104284087,0
-5.5925,33,8113.240509,-100.0,-0.7794966598205658,0
-5.76246,37,8113.854459,-100.0,-0.7788264735672018,0
-5.941874,41,8114.540403,-100.0,-0.714728691410406,0
-5.444542,37,8115.147723,-100.0,-0.7915995885261906,0
-6.150062,34,8115.734814,-100.0,-0.6734343265038863,0
-5.563505,33,8116.288556,-100.0,-0.8263169431739897,0
-5.736213,33,8116.851848,-100.0,-0.6106210520007264,0
-5.615028,35,8117.439358,-100.0,-0.7363104770796292,0
-5.965445,33,8118.00107,-100.0,-0.7019300056747564,0
-6.367455,34,8118.577117,-100.0,-0.7295684618948335,0
-6.146175,39,8119.21881,-100.0,-0.7121849626611256,0
-5.45096,32,8119.760022,-100.0,-0.7775475556327164,0
-5.777195,32,8120.301844,-100.0,-0.807762861347629,0
-5.869225,34,8120.866262,-100.0,-0.6885264709529162,0
-5.450672,32,8121.400959,-100.0,-0.8252977305358394,0
-5.255188,33,8121.967766,-100.0,-0.8252832786655419,0
-5.838762,33,8122.522112,-100.0,-0.6726619377180131,0
-5.924161,35,8123.118418,-100.0,-0.71795752886081,0
-5.466023,33,8123.675146,-100.0,-0.8544251536624579,0
-5.952321,35,8124.27089,-100.0,-0.7107257119319155,0
-5.675249,33,8124.822697,-100.0,-0.7653448146857794,0
-6.209056,33,8125.387046,-100.0,-0.6645375015282918,0
-6.01072,33,8125.946791,-100.0,-0.6641332431027583,0
-5.954409,33,8126.508448,-100.0,-0.6401224356869983,0
-5.768635,34,8127.086843,-100.0,-0.7202322428514999,0
-5.916624,33,8127.638792,-100.0,-0.6948662671812109,0
-5.867611,38,8128.2859,-100.0,-0.7191957208011082,0
-5.759601,35,8128.883348,-100.0,-0.7273011745516582,0
-5.811615,38,8129.520097,-100.0,-0.7451163645623838,0
-5.944551,34,8130.090313,-100.0,-0.7273106415741739,0
-5.713884,39,8130.757987,-100.0,-0.7895100448300806,0
-5.548575,33,8131.312022,-100.0,-0.7865082916246156,0
-5.725729,32,8131.861329,-100.0,-0.8251361525998773,0
-5.714243,33,8132.415696,-100.0,-0.7329834419827759,0
-5.842124,35,8132.998697,-100.0,-0.7212110317515021,0
-5.470455,36,8133.601287,-100.0,-0.8013000769035583,0
-5.740477,34,8134.186097,-100.0,-0.7633683968074555,0
-5.694255,40,8134.840105,-100.0,-0.7652301411003121,0
-5.706453,33,8135.410802,-100.0,-0.780344109384016,0
-5.470751,33,8135.95818,-100.0,-0.8418926366249981,0
-5.78526,34,8136.546089,-100.0,-0.6895115000938997,0
-6.125147,44,8137.298443,-100.0,-0.6604859466702213,0
-5.529711,33,8137.842912,-100.0,-0.8506852541314047,0
-5.820969,38,8138.49827,-100.0,-0.6885818061241293,0
-5.720367,33,8139.053665,-100.0,-0.609926917669884,0
-5.999451,33,8139.607734,-100.0,-0.6108843340708769,0
-5.859736,34,8140.181285,-100.0,-0.6993831725138406,0
-5.866722,35,8140.774667,-100.0,-0.8702878290902303,0
-6.158976,34,8141.336796,-100.0,-0.6254506428284784,0
-6.186418,35,8141.924863,-100.0,-0.7129171340896717,0
-5.932636,38,8142.560207,-100.0,-0.7452424502024242,0
-5.457779,33,8143.115752,-100.0,-0.8213179789237874,0
-5.627401,32,8143.642608,-100.0,-0.8085195348282554,0
-6.322708,38,8144.292496,-100.0,-0.7620042410312864,0
-5.441929,33,8262.733815,-100.0,-0.8583703997021015,0
-5.720124,34,8263.307147,-100.0,-0.7684796164087887,0
-5.298073,32,8263.848083,-100.0,-0.8614161129127748,0
-5.453602,32,8264.397812,-100.0,-0.7564164449988141,0
-6.066439,34,8264.963292,-100.0,-0.6805059395807207,0
-5.620028,33,8265.531046,-100.0,-0.6371106284969756,0
-5.559858,34,8266.104165,-100.0,-0.8203841811578125,0
-5.690026,34,8266.681458,-100.0,-0.738660973187026,0
-5.427278,32,8267.229757,-100.0,-0.7672892487646524,0
-6.16102,35,8267.813353,-100.0,-0.6982234809832799,0
-5.662746,33,8268.387753,-100.0,-0.7580777672068512,0
-5.534832,33,8268.943194,-100.0,-0.7885914893330779,0
-5.830136,32,8269.489229,-100.0,-0.8281235195557831,0
-5.580805,37,8270.112059,-100.0,-0.8114745927604595,0
-5.708939,33,8270.678678,-100.0,-0.6973075038464976,0
-5.467777,32,8271.219555,-100.0,-0.8025169726477035,0
-5.723234,32,8271.75461,-100.0,-0.8067849804718138,0
-5.465779,33,8272.322567,-100.0,-0.9017481742384876,0
-5.88427,34,8272.89508,-100.0,-0.6886766744929117,0
-5.711895,33,8273.465539,-100.0,-0.6831602407041246,0
-5.705868,33,8274.025505,-100.0,-0.7831952153507401,0
-5.834502,33,8274.588998,-100.0,-0.6716504665013182,0
-6.157554,34,8275.163316,-100.0,-0.6900078630639566,0
-5.411641,34,8275.739934,-100.0,-0.7775807890211088,0
-6.378446,41,8276.442143,-100.0,-0.7315124955062163,0
-5.862469,33,8276.999803,-100.0,-0.7950997720204447,0
-6.086645,33,8277.555708,-100.0,-0.6826818580526957,0
-5.935877,40,8278.223345,-100.0,-0.8155186560865234,0
-6.784621,43,8278.956635,-100.0,-0.622759794983794,0
-5.73906,33,8279.517603,-100.0,-0.6839449510212112,0
-5.404318,32,8280.063522,-100.0,-0.8070053789544553,0
-6.164177,35,8280.649654,-100.0,-0.7137014157977473,0
-5.553104,33,8281.205458,-100.0,-0.7462441507522929,0
-5.51243,33,8281.771934,-100.0,-0.7424831087705666,0
-5.488042,32,8282.306504,-100.0,-0.8142288079033183,0
-5.627434,33,8282.866675,-100.0,-0.760278605147746,0
-5.862893,35,8283.455045,-100.0,-0.6933140407514546,0
-5.920934,32,8283.998891,-100.0,-0.7297883996635611,0
-5.865026,33,8284.549491,-100.0,-0.7181478469190485,0
-5.487164,33,8285.11614,-100.0,-0.8432987617037313,0
-5.491381,34,8285.694169,-100.0,-0.8392158650415489,0
-6.110511,42,8286.410869,-100.0,-0.6869582178585861,0
-5.665612,35,8287.003012,-100.0,-0.7145242647260772,0
-5.476029,32,8287.549866,-100.0,-0.8559641211316116,0
-5.828437,33,8288.106056,-100.0,-0.6559424545847686,0
-5.689664,32,8288.63826,-100.0,-0.8487643571626143,0
-5.488982,32,8289.172616,-100.0,-0.7823496684431848,0
-5.877421,32,8289.70236,-100.0,-0.7051091557098075,0
-5.514931,33,8290.265759,-100.0,-0.7418797170817624,0
-6.179133,34,8290.84452,-100.0,-0.6938406588408363,0
-5.536304,32,8291.383488,-100.0,-0.7818433220022118,0
-5.780095,33,8291.934594,-100.0,-0.6925078571188984,0
-5.530598,32,8292.4824,-100.0,-0.8565996490654701,0
-5.792087,33,8293.041377,-100.0,-0.6649788843867557,0
-5.504093,33,8293.604379,-100.0,-0.892814637140468,0
-6.17465,33,8294.159533,-100.0,-0.695389718401037,0
-5.586533,33,8294.719395,-100.0,-0.8019451824098258,0
-5.622737,34,8295.293746,-100.0,-0.7244190213527544,0
-5.719113,34,8295.874003,-100.0,-0.7195241877462446,0
-6.05969,34,8296.453894,-100.0,-0.6372335897594533,0
-5.826877,35,8297.047633,-100.0,-0.8327140054401859,0
-5.590045,32,8415.640938,-100.0,-0.7709673133504471,0
-5.747606,33,8416.208584,-100.0,-0.6916642240557351,0
-5.112934,34,8416.787174,-100.0,-0.8835532385164282,0
-6.047892,33,8417.350722,-100.0,-0.6406138807895396,0
-5.786355,34,8417.921232,-100.0,-0.7152791200975155,0
-5.834945,34,8418.497608,-100.0,-0.6675100661078249,0
-5.312416,32,8419.031851,-100.0,-0.8551716140508919,0
-5.545763,42,8419.744743,-100.0,-0.7377479216406054,0
-5.748095,35,8420.335165,-100.0,-0.736658822517717,0
-5.676722,32,8420.868025,-100.0,-0.7708505266039495,0
-5.44466,33,8421.419678,-100.0,-0.8182227346899127,0
-5.622403,34,8422.002304,-100.0,-0.7152792189906769,0
-5.96398,33,8422.560829,-100.0,-0.6940361677247756,0
-5.790126,34,8423.136408,-100.0,-0.8088159985150376,0
-5.970386,34,8423.713591,-100.0,-0.6958955183416503,0
-5.739874,35,8424.318095,-100.0,-0.7580881140522958,0
-5.602133,33,8424.869335,-100.0,-0.764443013679822,0
-5.997849,33,8425.432457,-100.0,-0.7144721322196157,0
-6.00485,33,8425.994511,-100.0,-0.6406076270205071,0
-5.495633,33,8426.55724,-100.0,-0.7564399444667423,0
-5.817374,37,8427.165105,-100.0,-0.684879523649101,0
-5.674878,34,8427.738603,-100.0,-0.7018613907350548,0
-5.43795,32,8428.29728,-100.0,-0.8210909913703454,0
-5.764661,33,8428.858798,-100.0,-0.8013204989893186,0
-6.078638,34,8429.437837,-100.0,-0.6851977700591038,0
-5.739066,33,8430.002253,-100.0,-0.7315800443415945,0
-5.606183,33,8430.551267,-100.0,-0.8457179856740082,0
-6.025097,34,8431.122903,-100.0,-0.6509988486336356,0
-5.495066,33,8431.670206,-100.0,-0.7535454908659214,0
-6.048108,35,8432.271392,-100.0,-0.7165868655263837,0
-6.155086,35,8432.859393,-100.0,-0.7028346342771447,0
-5.831746,34,8433.441933,-100.0,-0.7331989619367991,0
-5.754529,33,8434.002888,-100.0,-0.786297371931347,0
-5.152458,32,8434.556545,-100.0,-0.8507111855911356,0
-5.725505,38,8435.179361,-100.0,-0.7710544065748984,0
-5.686095,34,8435.757684,-100.0,-0.792838515764245,0
-5.884684,40,8436.426403,-100.0,-0.8078744747978417,0
-5.803412,33,8436.986023,-100.0,-0.6813094664458849,0
-5.352922,33,8437.549786,-100.0,-0.7813846666696915,0
-5.492925,33,8438.104458,-100.0,-0.7699402254182329,0
-5.632805,32,8438.662791,-100.0,-0.7422395799324727,0
-5.808446,37,8439.284446,-100.0,-0.6229613633236787,0
-5.454263,32,8439.823555,-100.0,-0.830068018783617,0
-5.917956,37,8440.434307,-100.0,-0.7003891040127471,0
-5.79206,35,8441.035579,-100.0,-0.734219464908919,0
-5.406716,35,8441.635525,-100.0,-0.9138388302125231,0
-5.88744,47,8442.435122,-100.0,-0.85114961084292,0
-5.420986,33,8442.998648,-100.0,-0.7972161955432555,0
-5.657452,34,8443.575504,-100.0,-0.740629704968381,0
-6.008769,42,8444.288357,-100.0,-0.6813047002070247,0
-5.283312,33,8444.847293,-100.0,-0.8087670567177401,0
-5.641626,32,8445.382802,-100.0,-0.814966063735534,0
-5.313877,32,8445.923702,-100.0,-0.8370028410607795,0
-5.900186,39,8446.587544,-100.0,-0.6742378535002235,0
-5.358691,33,8447.150287,-100.0,-0.8390736237640926,0
-5.739918,33,8447.699387,-100.0,-0.6824097777384529,0
-5.628811,33,8448.270315,-100.0,-0.726140887883961,0
-5.945751,33,8448.827372,-100.0,-0.7297526597123062,0
-5.579364,32,8449.36341,-100.0,-0.7997062906622034,0
-6.026333,34,8449.915998,-100.0,-0.7090928587983226,0
-5.930752,33,8567.93847,-100.0,-0.6740988328947968,0
-5.921628,32,8568.472023,-100.0,-0.8034316294348948,0
-5.973865,34,8569.060161,-100.0,-0.6655996347531079,0
-5.554598,33,8569.615499,-100.0,-0.7399942178510567,0
-5.632623,33,8570.166233,-100.0,-0.8045919054693267,0
-5.753409,34,8570.745648,-100.0,-0.6962165327095379,0
-5.298102,33,8571.308428,-100.0,-0.8220092654908189,0
-5.432291,33,8571.870469,-100.0,-0.8357770706953355,0
-5.730445,33,8572.425108,-100.0,-0.819256025821892,0
-5.925745,39,8573.097748,-100.0,-0.673191869023408,0
-5.644926,35,8573.68467,-100.0,-0.8408366774259025,0
-6.228152,35,8574.271178,-100.0,-0.6628366089249856,0
-5.900508,35,8574.86873,-100.0,-0.7019600625488374,0
-5.792952,36,8575.479181,-100.0,-0.7102556489627675,0
-5.660294,40,8576.164195,-100.0,-0.8069338789501993,0
-6.008151,35,8576.753807,-100.0,-0.6931290317703411,0
-5.910788,33,8577.320981,-100.0,-0.6370392457303505,0
-6.095042,34,8577.894047,-100.0,-0.6575114471915895,0
-5.592462,32,8578.44455,-100.0,-0.8165113892445899,0
-5.812591,33,8578.996022,-100.0,-0.6509904431856651,0
-6.337732,40,8579.673739,-100.0,-0.6780495676583371,0
-5.970882,35,8580.264486,-100.0,-0.6718823129801111,0
-5.374852,32,8580.821188,-100.0,-0.824450386701947,0
-6.08843,34,8581.398969,-100.0,-0.6546471457471726,0
-5.769262,33,8581.966243,-100.0,-0.8087716313536437,0
-5.334358,35,8582.56301,-100.0,-0.8154165066073196,0
-5.699665,40,8583.234105,-100.0,-0.798314359618006,0
-5.583774,33,8583.795547,-100.0,-0.8314275371099935,0
-5.813176,33,8584.34296,-100.0,-0.6752110213251096,0
-5.638601,32,8584.892873,-100.0,-0.798623023129767,0
-5.778023,34,8585.457643,-100.0,-0.6900045134902594,0
-5.704825,33,8586.030852,-100.0,-0.7548238751629427,0
-5.509294,35,8586.624017,-100.0,-0.7887625835023859,0
-5.48252,34,8587.205096,-100.0,-0.8037450430738181,0
-5.552577,33,8587.764922,-100.0,-0.7734543446615596,0
-6.051392,33,8588.329807,-100.0,-0.7042965482800747,0
-5.749608,33,8588.886968,-100.0,-0.7845364541074521,0
-5.818444,34,8589.462736,-100.0,-0.6804335066131327,0
-5.411252,33,8590.017882,-100.0,-0.7973426523589936,0
-5.525485,33,8590.576207,-100.0,-0.8132144765589431,0
-5.62129,33,8591.140602,-100.0,-0.7768631588832396,0
-5.826305,33,8591.700345,-100.0,-0.6229039919206054,0
-5.908202,34,8592.265857,-100.0,-0.6552205269691636,0
-5.939652,36,8592.88322,-100.0,-0.6727451304997544,0
-5.71714,34,8593.450935,-100.0,-0.8634264056473985,0
-5.824841,33,8594.016212,-100.0,-0.6655693510356614,0
-5.686318,33,8594.570633,-100.0,-0.7594739895065729,0
-5.977341,33,8595.128677,-100.0,-0.6930480256386004,0
-5.40944,34,8595.721808,-100.0,-0.7535970636532235,0
-5.822526,33,8596.267697,-100.0,-0.6904164602866049,0
-5.716299,33,8596.836596,-100.0,-0.7503792227067069,0
-5.801549,33,8597.393485,-100.0,-0.6936136877108082,0
-6.181017,36,8598.00865,-100.0,-0.6295319384676817,0
-5.688182,35,8598.589992,-100.0,-0.7745166492151818,0
-5.710265,33,8599.154721,-100.0,-0.7056249944747848,0
-5.772797,38,8599.806526,-100.0,-0.7587074272907484,0
-6.067563,35,8600.408022,-100.0,-0.6204772875855438,0
-5.200733,33,8601.165184,-100.0,-0.8615925178859756,0
-5.467876,33,8601.720494,-100.0,-0.7831067657866909,0
-5.591052,33,8602.277021,-100.0,-0.7796794506674456,0
-5.386253,33,8717.968886,-100.0,-0.8154569092677278,0
-5.77388,32,8718.51993,-100.0,-0.7393153025875169,0
-5.489899,34,8719.09533,-100.0,-0.7815523710247112,0
-5.445937,32,8719.654121,-100.0,-0.8634388640172312,0
-5.646917,33,8720.203148,-100.0,-0.743693869531871,0
-5.450502,38,8720.8454,-100.0,-0.8156603426318558,0
-5.683624,34,8721.423871,-100.0,-0.5867026317008683,0
-5.991705,33,8721.986466,-100.0,-0.7225409600763392,0
-5.517024,32,8722.522906,-100.0,-0.8831536046865952,0
-5.550611,33,8723.082309,-100.0,-0.8015673816391476,0
-6.055582,33,8723.65277,-100.0,-0.7241242852732355,0
-6.309938,35,8724.258526,-100.0,-0.6297429943946964,0
-5.407137,34,8724.824084,-100.0,-0.8681145655157803,0
-5.33106,32,8725.377036,-100.0,-0.8386394110785776,0
-5.892628,36,8725.970087,-100.0,-0.6766995868256118,0
-5.910705,36,8726.5993,-100.0,-0.6617271377769113,0
-6.024116,34,8727.174771,-100.0,-0.661571755258296,0
-5.33466,32,8727.713592,-100.0,-0.9167300417609004,0
-5.382767,33,8728.281848,-100.0,-0.8650678683422197,0
-6.016704,33,8728.839828,-100.0,-0.6655057530081664,0
-5.265945,32,8729.380105,-100.0,-0.8426957961658417,0
-5.400289,33,8729.938553,-100.0,-0.7582816213740621,0
-5.984047,39,8730.606566,-100.0,-0.6716891146146677,0
-5.644737,34,8731.179695,-100.0,-0.6607897539226368,0
-5.893536,34,8731.744563,-100.0,-0.6560455720119933,0
-5.777947,33,8732.304762,-100.0,-0.7345595229840651,0
-6.101357,41,8733.009524,-100.0,-0.715580750443548,0
-5.86588,35,8733.600526,-100.0,-0.6649295220469513,0
-5.232479,32,8734.146819,-100.0,-0.8548051035566657,0
-6.099062,34,8734.728377,-100.0,-0.6692032075410845,0
-5.380957,41,8735.425682,-100.0,-0.8514533729091102,0
-5.77413,37,8736.056862,-100.0,-0.8011068058506899,0
-5.342889,34,8736.625711,-100.0,-0.867386180142029,0
-5.869441,35,8737.224921,-100.0,-0.7411664696501888,0
-5.72929,35,8737.818791,-100.0,-0.7592323926908007,0
-5.971192,34,8738.394926,-100.0,-0.7367872738540964,0
-5.604194,33,8738.963543,-100.0,-0.8127949633796316,0
-5.511175,32,8739.509609,-100.0,-0.8264304883092746,0
-5.56116,33,8740.076535,-100.0,-0.7497439839264378,0
-6.058406,34,8740.651157,-100.0,-0.58257986057181,0
-5.675932,40,8741.312823,-100.0,-0.7349133554034609,0
-5.656139,32,8741.862299,-100.0,-0.8109212545084,0
-5.728734,33,8742.419456,-100.0,-0.6806062714536781,0
-5.933655,33,8742.98219,-100.0,-0.643232836801981,0
-5.697342,34,8743.565782,-100.0,-0.7816675754967491,0
-5.749025,33,8744.127299,-100.0,-0.6877093853066634,0
-5.560301,34,8744.704625,-100.0,-0.7655797730040913,0
-5.487105,33,8745.26668,-100.0,-0.8311945474169279,0
-5.570752,33,8745.823702,-100.0,-0.791192122868515,0
-5.923581,37,8746.455378,-100.0,-0.7105017733885928,0
-5.580559,33,8747.010592,-100.0,-0.7693698190850086,0
-5.949867,33,8747.576696,-100.0,-0.6589316125276007,0
-5.664055,32,8748.124766,-100.0,-0.7498245011698127,0
-5.531231,33,8748.687852,-100.0,-0.7106741398499217,0
-5.461801,32,8749.217967,-100.0,-0.8833576835181786,0
-5.386211,33,8749.778313,-100.0,-0.8312507105216954,0
-6.129993,39,8750.452644,-100.0,-0.6561205589697895,0
-5.875441,33,8750.999527,-100.0,-0.6318573568147726,0
-5.60927,32,8751.545255,-100.0,-0.8056668815648392,0
-5.958916,38,8752.190943,-100.0,-0.7416876625657255,0
-5.710214,33,8870.14537,-100.0,-0.6693530195280071,0
-5.916252,33,8870.696094,-100.0,-0.6586236155932099,0
-5.541184,33,8871.26188,-100.0,-0.7532898911951703,0
-5.57392,33,8871.823216,-100.0,-0.7364835535791637,0
-5.577016,33,8872.389883,-100.0,-0.733448213634273,0
-5.837098,33,8872.962867,-100.0,-0.8073051274139819,0
-5.630826,34,8873.535954,-100.0,-0.7847364316602062,0
-5.466636,36,8874.145577,-100.0,-0.8533747341562368,0
-5.659842,33,8874.705211,-100.0,-0.75819334281819,0
-5.880478,34,8875.281581,-100.0,-0.6468114963468926,0
-5.396644,32,8875.835397,-100.0,-0.7528774651375674,0
-5.932613,34,8876.414658,-100.0,-0.6711646402258893,0
-5.543876,34,8876.990504,-100.0,-0.7093620021802751,0
-5.961934,34,8877.568583,-100.0,-0.6899236482394725,0
-5.835536,34,8878.148615,-100.0,-0.6555501314473907,0
-5.601621,40,8878.840778,-100.0,-0.7878864192304437,0
-5.490819,35,8879.426105,-100.0,-0.7586945733353557,0
-5.961047,35,8880.020845,-100.0,-0.7241983200631543,0
-5.823411,35,8880.624117,-100.0,-0.7155809672278977,0
-5.931644,33,8881.186635,-100.0,-0.6165287799012166,0
-5.76897,33,8881.757693,-100.0,-0.7061707586423687,0
-5.515243,41,8882.44202,-100.0,-0.8181074007072088,0
-5.548145,32,8882.988246,-100.0,-0.7558254609645964,0
-5.867551,37,8883.625797,-100.0,-0.665832785819647,0
-5.895659,33,8884.184281,-100.0,-0.6986914540205486,0
-5.704502,33,8884.752725,-100.0,-0.7903839346992168,0
-5.675709,33,8885.310883,-100.0,-0.7892153839528123,0
-5.457744,32,8885.865082,-100.0,-0.8974096027710549,0
-5.54913,33,8886.419035,-100.0,-0.7710825101285077,0
-5.813096,35,8887.017983,-100.0,-0.6857512225109887,0
-5.997927,33,8887.578506,-100.0,-0.6903317717830012,0
-5.912711,34,8888.159807,-100.0,-0.711709649304848,0
-5.458246,32,8888.700799,-100.0,-0.8580333657328415,0
-5.725627,42,8889.399661,-100.0,-0.7531187077545836,0
-5.851416,35,8889.992026,-100.0,-0.7012612430029054,0
-5.711926,33,8890.553037,-100.0,-0.7035029867070681,0
-5.485833,32,8891.090638,-100.0,-0.8007605328477232,0
-5.492221,33,8891.652261,-100.0,-0.7096213599436665,0
-5.57697,33,8892.21734,-100.0,-0.7105142075810649,0
-5.460436,33,8892.786528,-100.0,-0.7970617361904293,0
-5.39338,33,8893.348726,-100.0,-0.8399415967635895,0
-5.503509,34,8893.920446,-100.0,-0.7629812123598991,0
-5.637959,33,8894.478416,-100.0,-0.7588813322861114,0
-5.702339,34,8895.054821,-100.0,-0.6832273749293076,0
-5.712726,37,8895.667684,-100.0,-0.7879284133300641,0
-5.809853,34,8896.259407,-100.0,-0.7517193770568453,0
-6.050104,43,8896.994487,-100.0,-0.6934189259275791,0
-5.720157,33,8897.550526,-100.0,-0.7136808109047003,0
-5.909087,34,8898.121444,-100.0,-0.6594201635711036,0
-5.38394,35,8898.713102,-100.0,-0.7908965110509902,0
-5.447358,33,8899.27732,-100.0,-0.7613281406397312,0
-5.56989,32,8899.824666,-100.0,-0.7608199512285492,0
-5.499667,33,8900.377561,-100.0,-0.8746961841740226,0
-5.856922,33,8900.939483,-100.0,-0.6901567363381741,0
-5.309044,33,8901.503183,-100.0,-0.7924975177656232,0
-5.441668,34,8902.08341,-100.0,-0.7275244845687105,0
-5.885264,33,8902.643223,-100.0,-0.6816427374903361,0
-5.96925,33,8903.204827,-100.0,-0.7154647569115997,0
-5.725049,33,8903.771681,-100.0,-0.7048573695359924,0
-5.564494,34,8904.341016,-100.0,-0.8161954635118395,0
-5.581692,33,9019.484728,-100.0,-0.7445539669776222,0
-5.826877,33,9020.046136,-100.0,-0.7671355829650852,0
-5.551861,34,9020.629698,-100.0,-0.7661059126188342,0
-5.526096,33,9021.182965,-100.0,-0.7584678624266797,0
-5.554299,32,9021.733778,-100.0,-0.7977876670915778,0
-5.826526,33,9022.287542,-100.0,-0.7021695172137598,0
-5.577104,39,9022.947307,-100.0,-0.8727312237873011,0
-5.497638,33,9023.514087,-100.0,-0.854306124245759,0
-5.857331,33,9024.076489,-100.0,-0.678675801810822,0
-5.186776,33,9024.637128,-100.0,-0.850133018139337,0
-5.779713,33,9025.198288,-100.0,-0.7627482593361715,0
-6.048651,34,9025.778257,-100.0,-0.6614993852906802,0
-5.357312,32,9026.299194,-100.0,-0.8200914847351612,0
-5.415863,32,9026.84868,-100.0,-0.7818096702543902,0
-5.964853,34,9027.417258,-100.0,-0.7274999411366495,0
-6.048764,37,9028.05202,-100.0,-0.661705599904059,0
-5.563123,32,9028.600718,-100.0,-0.8902623118045097,0
-5.838326,34,9029.191816,-100.0,-0.6845048611256244,0
-5.855939,33,9029.749466,-100.0,-0.7151167580633007,0
-5.630402,34,9030.3226,-100.0,-0.7886432878743025,0
-5.546817,33,9030.893678,-100.0,-0.7654211386800175,0
-5.316966,32,9031.431934,-100.0,-0.8056392229894538,0
-5.381269,33,9031.990781,-100.0,-0.82815266936825,0
-5.426884,33,9032.551922,-100.0,-0.796831885599776,0
-5.835808,35,9033.151863,-100.0,-0.7152448901049551,0
-5.767901,35,9033.738981,-100.0,-0.7089042533017076,0
-5.281255,33,9034.29423,-100.0,-0.8420517169318954,0
-6.135055,34,9034.87921,-100.0,-0.6708975034488718,0
-5.426412,34,9035.458292,-100.0,-0.8658222912268694,0
-5.973287,33,9036.009486,-100.0,-0.6910770878664181,0
-5.740547,33,9036.560445,-100.0,-0.6299195058407815,0
-5.634919,32,9037.108681,-100.0,-0.8031968473402964,0
-5.43441,34,9037.684643,-100.0,-0.7730624940865073,0
-5.43125,33,9038.247969,-100.0,-0.7856328781142614,0
-5.419658,33,9038.816887,-100.0,-0.7469467550091545,0
-5.895374,34,9039.393448,-100.0,-0.6940661423540565,0
-5.835356,33,9039.956667,-100.0,-0.7208343472657145,0
-6.018886,33,9040.507539,-100.0,-0.6895257148969602,0
-5.408016,32,9041.062974,-100.0,-0.8107291795867058,0
-5.842022,34,9041.636172,-100.0,-0.6614766760673717,0
-5.592734,33,9042.204017,-100.0,-0.7736953429767,0
-5.365523,32,9042.738883,-100.0,-0.828876017237725,0
-5.450619,33,9043.306604,-100.0,-0.7476410159635628,0
-5.235689,32,9043.84664,-100.0,-0.8532074212885961,0
-5.618933,33,9044.412682,-100.0,-0.6176438306014274,0
-5.493663,33,9044.976455,-100.0,-0.8053169758749505,0
-5.850242,33,9045.529931,-100.0,-0.696450496781694,0
-5.566549,34,9046.123228,-100.0,-0.6955952357557083,0
-5.608775,33,9046.680364,-100.0,-0.760920805799743,0
-5.515758,33,9047.243478,-100.0,-0.804060490782512,0
-5.919877,37,9047.865558,-100.0,-0.724979180368572,0
-5.704509,35,9048.4657,-100.0,-0.6955443928146121,0
-5.880293,39,9049.311548,-100.0,-0.7188995377988615,0
-5.429321,34,9049.895566,-100.0,-0.735955774320659,0
-6.079238,33,9050.446161,-100.0,-0.6454970796031083,0
-5.584127,37,9051.082112,-100.0,-0.8211254532892703,0
-5.694775,34,9051.66165,-100.0,-0.7540966144688133,0
-5.471591,33,9052.229479,-100.0,-0.7489767340524649,0
-5.856532,34,9052.791459,-100.0,-0.6895815550104971,0
-5.892582,33,9053.353996,-100.0,-0.6701323105696644,0
-5.36907,35,9053.947827,-100.0,-0.8174773012060215,0
-5.502591,33,9171.369612,-100.0,-0.8266341476466453,0
-6.297721,35,9171.969314,-100.0,-0.7339007860440183,0
-6.015496,35,9172.573809,-100.0,-0.656151178336953,0
-6.041497,34,9173.161121,-100.0,-0.6833578958142454,0
-5.548474,37,9173.782133,-100.0,-0.7697566843774177,0
-5.405011,32,9174.327095,-100.0,-0.8023412054868062,0
-5.857399,33,9174.886204,-100.0,-0.675512618031356,0
-5.567093,33,9175.458944,-100.0,-0.7097199213382829,0
-5.84392,33,9176.007447,-100.0,-0.7140740611400842,0
-5.699978,34,9176.595283,-100.0,-0.6929676421239992,0
-5.382561,33,9177.155338,-100.0,-0.8140320423380765,0
-5.67075,34,9177.730053,-100.0,-0.6768995995753878,0
-5.674215,33,9178.291077,-100.0,-0.7342052165060198,0
-5.524494,33,9178.861037,-100.0,-0.7532480873758957,0
-5.731484,32,9179.395465,-100.0,-0.6766356399645184,0
-5.52439,34,9179.974672,-100.0,-0.7261966983981916,0
-5.965131,35,9180.572431,-100.0,-0.6392158673232925,0
-5.889693,34,9181.153544,-100.0,-0.6760436363113489,0
-5.205405,33,9181.723313,-100.0,-0.8472524220951551,0
-5.897505,33,9182.28226,-100.0,-0.7247019196203343,0
-5.853269,33,9182.845494,-100.0,-0.6831301451612494,0
-5.616714,33,9183.40552,-100.0,-0.6919264515663981,0
-5.362051,33,9183.972953,-100.0,-0.7387299947269058,0
-5.668496,33,9184.542597,-100.0,-0.7323830912124422,0
-5.892964,34,9185.120292,-100.0,-0.6648518302459793,0
-5.869988,37,9185.745285,-100.0,-0.6911740513999021,0
-5.614213,33,9186.315925,-100.0,-0.7566092243762894,0
-5.631877,33,9186.874009,-100.0,-0.7518564207579,0
-5.09799,32,9187.423324,-100.0,-0.8355774525983436,0
-5.409432,33,9187.988205,-100.0,-0.7302087426643554,0
-5.470279,33,9188.559242,-100.0,-0.7596057294405452,0
-5.657019,37,9189.185929,-100.0,-0.7361347768189691,0
-5.590739,34,9189.768911,-100.0,-0.7533312258490635,0
-5.400272,33,9190.333945,-100.0,-0.711052367219569,0
-5.663832,34,9190.911491,-100.0,-0.7013735756754207,0
-5.855985,33,9191.483793,-100.0,-0.7014932340073925,0
-5.886136,34,9192.06078,-100.0,-0.7024905393184387,0
-5.440897,33,9192.627766,-100.0,-0.80845717839085,0
-5.920374,34,9193.203903,-100.0,-0.6830296200153019,0
-5.453494,35,9193.809005,-100.0,-0.8865691448873201,0
-5.894964,33,9194.367026,-100.0,-0.6469970040674086,0
-5.510054,32,9194.908921,-100.0,-0.7842985440463927,0
-5.809777,34,9195.481829,-100.0,-0.6733995256263904,0
-5.815737,34,9196.068833,-100.0,-0.7827308677744694,0
-5.403218,32,9196.602918,-100.0,-0.8730487296664866,0
-5.679319,33,9197.163727,-100.0,-0.7794587728109685,0
-5.504602,33,9197.725414,-100.0,-0.7652875550386016,0
-5.554666,35,9198.325118,-100.0,-0.7534069029052182,0
-6.135434,33,9198.896847,-100.0,-0.7699748413624123,0
-5.726755,34,9199.474154,-100.0,-0.6997455330753556,0
-5.690414,40,9200.161678,-100.0,-0.748609803619572,0
-5.860463,35,9200.75606,-100.0,-0.7078949104532916,0
-5.443522,33,9201.330375,-100.0,-0.8000837992321794,0
-6.042106,34,9201.901124,-100.0,-0.6744325157391174,0
-5.415716,33,9202.465828,-100.0,-0.7897585793053759,0
-5.344431,32,9203.021884,-100.0,-0.8945667929158662,0
-5.376425,33,9203.565551,-100.0,-0.8026387736101752,0
-5.743216,33,9204.137007,-100.0,-0.6974048317048135,0
-5.779157,38,9204.787951,-100.0,-0.6426636915502464,0
-5.448729,32,9205.338369,-100.0,-0.783156899708899,0
-5.693837,33,9205.889476,-100.0,-0.6584637345465275,0
-5.911493,34,9323.501973,-100.0,-0.6820156347034643,0
-5.766375,34,9324.086435,-100.0,-0.6863839145923124,0
-5.911701,33,9324.656664,-100.0,-0.6909942562644602,0
-6.137123,41,9325.367438,-100.0,-0.6841051216278687,0
-5.635832,33,9325.930775,-100.0,-0.7257273814684112,0
-5.35485,32,9326.479331,-100.0,-0.8613427447475275,0
-5.998728,40,9327.13905,-100.0,-0.6454539852954414,0
-5.530783,34,9327.722343,-100.0,-0.7812484455296216,0
-5.971085,33,9328.285593,-100.0,-0.7062927041461957,0
-5.639335,33,9328.857458,-100.0,-0.6762312466571858,0
-5.417915,32,9329.401274,-100.0,-0.8176283439815543,0
-5.708431,33,9329.958683,-100.0,-0.6508129256434952,0
-5.774082,33,9330.528933,-100.0,-0.6550061911088023,0
-5.744634,33,9331.094546,-100.0,-0.725504172229459,0
-6.065588,43,9331.828964,-100.0,-0.682346368022158,0
-6.15774,35,9332.418814,-100.0,-0.641404463982898,0
-5.505298,37,9333.072348,-100.0,-0.7347351875829731,0
-5.71967,33,9333.638789,-100.0,-0.7209591115806033,0
-5.888226,33,9334.200816,-100.0,-0.6411760253419612,0
-5.989741,34,9334.787117,-100.0,-0.7054464039322337,0
-5.648379,33,9335.338243,-100.0,-0.780596428885975,0
-5.819941,39,9336.010529,-100.0,-0.6485233097631687,0
-5.692914,33,9336.572635,-100.0,-0.726840505552495,0
-5.833266,33,9337.135918,-100.0,-0.7131214136737922,0
-5.821005,33,9337.696031,-100.0,-0.725492039241075,0
-5.521897,34,9338.274738,-100.0,-0.788536702714471,0
-6.002955,33,9338.832559,-100.0,-0.7558863104917218,0
-5.790451,34,9339.422543,-100.0,-0.7055589837173376,0
-5.704358,33,9339.985664,-100.0,-0.7927434401674762,0
-6.126001,35,9340.591104,-100.0,-0.6362989976511718,0
-5.736367,33,9341.150406,-100.0,-0.6491160416817761,0
-5.676108,33,9341.724717,-100.0,-0.7455759071494145,0
-5.770632,33,9342.279225,-100.0,-0.7321265501843222,0
-5.454981,32,9342.823648,-100.0,-0.8254759650490452,0
-5.430948,33,9343.39173,-100.0,-0.8034723169670923,0
-5.779797,34,9343.982724,-100.0,-0.6343193927627343,0
-5.603534,33,9344.539317,-100.0,-0.7396713341412977,0
-5.479048,34,9345.116904,-100.0,-0.7799294086555224,0
-5.707393,33,9345.68551,-100.0,-0.7394937975401865,0
-6.111844,34,9346.262326,-100.0,-0.6551160498825455,0
-5.490989,34,9346.841228,-100.0,-0.7661829824163884,0
-5.768968,38,9347.481364,-100.0,-0.7374679416744335,0
-5.402355,37,9348.116759,-100.0,-0.7536758851018698,0
-5.830645,33,9348.690238,-100.0,-0.6719807258411669,0
-5.820889,33,9349.256433,-100.0,-0.6967300351602573,0
-6.04459,34,9349.833447,-100.0,-0.7027440592467616,0
-5.331846,33,9350.401514,-100.0,-0.7864368540371316,0
-5.573339,33,9350.953935,-100.0,-0.7860546505392377,0
-5.961064,34,9351.534697,-100.0,-0.7009081600081357,0
-5.232968,33,9352.103515,-100.0,-0.8022535425335763,0
-5.450626,33,9352.656403,-100.0,-0.7246683896358114,0
-5.509937,33,9353.216816,-100.0,-0.7613544915986236,0
-5.720756,34,9353.792444,-100.0,-0.7134484311757828,0
-5.697382,34,9354.379265,-100.0,-0.7351010544759322,0
-5.486168,33,9354.941358,-100.0,-0.7880438921273611,0
-5.558331,33,9355.512007,-100.0,-0.7688561692663564,0
-5.82712,33,9356.075527,-100.0,-0.6639415324913025,0
-5.601324,40,9356.757826,-100.0,-0.7926906040347396,0
-6.010189,45,9357.544694,-100.0,-0.6956292467620299,0
-5.321992,33,9473.001708,-100.0,-0.9197432024249657,0
-5.65872,33,9473.56478,-100.0,-0.7265171782545043,0
-5.844171,33,9474.129976,-100.0,-0.6410477243824716,0
-5.255743,35,9474.723176,-100.0,-0.8409419563121467,0
-5.210163,33,9475.290406,-100.0,-0.8580746241627804,0
-5.424904,32,9475.83054,-100.0,-0.8814807991577344,0
-5.874769,34,9476.426687,-100.0,-0.655003502837897,0
-5.736589,32,9476.958632,-100.0,-0.7930102809378925,0
-5.616903,33,9477.530883,-100.0,-0.7258369021275648,0
-5.794443,34,9478.115073,-100.0,-0.6872602302013496,0
-5.707607,32,9478.665883,-100.0,-0.7945655482078339,0
-5.576094,34,9479.240314,-100.0,-0.7784493001942137,0
-5.659746,38,9479.879822,-100.0,-0.7221733837451279,0
-5.976481,35,9480.47621,-100.0,-0.6274033852785932,0
-5.568801,33,9481.038134,-100.0,-0.7411390121761223,0
-5.43162,33,9481.60734,-100.0,-0.7477842925899331,0
-5.367295,35,9482.197046,-100.0,-0.8091793221782784,0
-5.179292,33,9482.763875,-100.0,-0.855298099806668,0
-5.654224,33,9483.327144,-100.0,-0.7181739993447747,0
-6.006054,33,9483.889245,-100.0,-0.7168131210252193,0
-5.2088,33,9484.457373,-100.0,-0.8853374026913555,0
-6.025649,37,9485.083217,-100.0,-0.6335469453923277,0
-5.345331,34,9485.673296,-100.0,-0.7856896265265232,0
-5.786989,33,9486.237084,-100.0,-0.6687513176767034,0
-5.708732,34,9486.820684,-100.0,-0.6622354611733156,0
-5.613092,33,9487.376578,-100.0,-0.7584035663218187,0
-5.441427,39,9488.026602,-100.0,-0.8336603794807375,0
-5.809359,33,9488.593037,-100.0,-0.7422215856007921,0
-5.547049,38,9489.225945,-100.0,-0.770462284564706,0
-5.493311,33,9489.796589,-100.0,-0.8026826555764294,0
-5.544845,32,9490.3399,-100.0,-0.8181750785774641,0
-5.310329,33,9490.912544,-100.0,-0.8080623290458621,0
-5.726999,34,9491.492607,-100.0,-0.7060832395378792,0
-5.981231,33,9492.056031,-100.0,-0.660787928199216,0
-5.735113,35,9492.646518,-100.0,-0.7021632165171506,0
-5.406936,33,9493.209553,-100.0,-0.7717783205880553,0
-5.704453,34,9493.787898,-100.0,-0.681023825760817,0
-5.65745,32,9494.339455,-100.0,-0.8220614141024745,0
-5.766495,33,9494.905865,-100.0,-0.6652540893768989,0
-5.134791,33,9495.463733,-100.0,-0.823308606933288,0
-5.60848,33,9496.032494,-100.0,-0.7815055204270502,0
-5.779788,34,9496.614292,-100.0,-0.6684266747123074,0
-5.489503,32,9497.158314,-100.0,-0.7750193484433621,0
-5.507501,32,9497.907711,-100.0,-0.8484752287386993,0
-5.614664,33,9498.46767,-100.0,-0.7259938609223962,0
-5.596224,32,9499.016926,-100.0,-0.7457899464990436,0
-5.868554,34,9499.59909,-100.0,-0.6848884942252739,0
-5.419378,32,9500.151608,-100.0,-0.7929728637505546,0
-5.439116,32,9500.69966,-100.0,-0.7672634515383511,0
-5.162732,32,9501.251684,-100.0,-0.8413233652515639,0
-5.78053,32,9501.79713,-100.0,-0.7180842857619946,0
-5.765734,33,9502.358598,-100.0,-0.753010791349733,0
-6.125081,44,9503.09988,-100.0,-0.7417004944471945,0
-6.005059,36,9503.721644,-100.0,-0.7222278075367127,0
-5.375751,33,9504.288846,-100.0,-0.8173429419533258,0
-5.401152,33,9504.843626,-100.0,-0.7984808796702727,0
-5.734135,34,9505.417246,-100.0,-0.6644446488362782,0
-5.535152,34,9506.004491,-100.0,-0.723105161737851,0
-6.129472,34,9506.587268,-100.0,-0.6996371369358582,0
-5.499444,33,9507.157521,-100.0,-0.716069740868348,0
-5.622108,33,9507.722145,-100.0,-0.7123749156247225,0
-5.735716,33,9624.541775,-100.0,-0.7159453696975125,0
-6.102144,37,9625.162754,-100.0,-0.6735050555491472,0
-5.489998,36,9625.796487,-100.0,-0.8464583904630143,0
-5.806502,34,9626.370107,-100.0,-0.6429508534125149,0
-5.853654,33,9626.927994,-100.0,-0.7023128016147636,0
-5.893994,35,9627.524884,-100.0,-0.670308174962009,0
-5.408792,32,9628.075312,-100.0,-0.8411022538070198,0
-5.572073,33,9628.646027,-100.0,-0.7525255955139437,0
-5.432162,32,9629.190723,-100.0,-0.8495327838016069,0
-6.108241,34,9629.772499,-100.0,-0.6777037554465667,0
-5.805863,33,9630.337008,-100.0,-0.7442939263251743,0
-5.806984,33,9630.904874,-100.0,-0.6885794202341348,0
-5.881295,33,9631.462056,-100.0,-0.6527893549307954,0
-5.63452,33,9632.025441,-100.0,-0.6862930379902155,0
-5.29861,33,9632.587304,-100.0,-0.8162879393042625,0
-5.340002,32,9633.142775,-100.0,-0.8290340524529423,0
-5.753979,33,9633.6974,-100.0,-0.7328850154413707,0
-5.50426,32,9634.246689,-100.0,-0.8047511822364672,0
-5.477277,34,9634.834819,-100.0,-0.8234127858880818,0
-5.760816,34,9635.406534,-100.0,-0.7256607949909171,0
-5.376946,32,9635.954765,-100.0,-0.8490468364793555,0
-5.794043,47,9636.744581,-100.0,-0.6772105591194361,0
-6.089611,38,9637.391607,-100.0,-0.7460108498307695,0
-5.524294,33,9637.951983,-100.0,-0.732563722859693,0
-5.267954,32,9638.506258,-100.0,-0.8183770383443987,0
-5.91533,33,9639.067246,-100.0,-0.6875956712115754,0
-5.84521,33,9639.630995,-100.0,-0.6973626339096712,0
-5.360288,32,9640.179129,-100.0,-0.8084982252259594,0
-5.692258,34,9640.760584,-100.0,-0.6928328380945322,0
-5.771943,33,9641.330691,-100.0,-0.6910104864092995,0
-5.460879,33,9641.894131,-100.0,-0.7294741483584877,0
-5.832647,34,9642.474666,-100.0,-0.700535284508535,0
-5.834621,33,9643.033551,-100.0,-0.6826132883652479,0
-5.251046,32,9643.585574,-100.0,-0.8542980245300338,0
-5.939236,36,9644.186573,-100.0,-0.6230673764794807,0
-5.606422,35,9644.789409,-100.0,-0.7061909916206153,0
-5.714473,34,9645.371932,-100.0,-0.709492806316455,0
-5.469077,38,9646.01035,-100.0,-0.7425703757840355,0
-5.180592,33,9646.571031,-100.0,-0.8607708184169632,0
-5.881533,39,9647.236192,-100.0,-0.7861188114401176,0
-5.68851,34,9647.82349,-100.0,-0.7019344466244455,0
-6.455556,41,9648.526667,-100.0,-0.6444839667391566,0
-5.688324,34,9649.095897,-100.0,-0.6883837189646854,0
-5.696065,34,9649.677866,-100.0,-0.7084949822022435,0
-5.50386,32,9650.22833,-100.0,-0.7700845243970892,0
-5.723809,37,9650.850475,-100.0,-0.7335155452428371,0
-5.488451,32,9651.40195,-100.0,-0.81325444550345,0
-6.183352,34,9651.976515,-100.0,-0.6826817259857967,0
-5.47855,32,9652.532027,-100.0,-0.8350537116885011,0
-6.098939,35,9653.121113,-100.0,-0.6813109256600752,0
-5.365324,34,9653.700405,-100.0,-0.7659390947136342,0
-5.839917,34,9654.281735,-100.0,-0.6902765295532057,0
-5.584971,32,9654.828792,-100.0,-0.8173133016913443,0
-5.410154,34,9655.408846,-100.0,-0.8203469254038218,0
-6.210286,37,9656.038306,-100.0,-0.7363976864556138,0
-5.548768,34,9656.625717,-100.0,-0.6707158152234161,0
-5.761478,40,9657.306244,-100.0,-0.7589348343213238,0
-5.549849,33,9657.870728,-100.0,-0.7259624934641924,0
-5.208716,32,9658.417911,-100.0,-0.8727436301539445,0
-5.330391,33,9658.9874,-100.0,-0.7704319173656824,0
-5.725316,34,9773.780602,-100.0,-0.6641805418181752,0
-5.507382,44,9774.511767,-100.0,-0.8010893285167027,0
-5.705893,33,9775.082827,-100.0,-0.6833259326588594,0
-5.530967,38,9775.73402,-100.0,-0.6966615295103338,0
-5.852071,34,9776.316196,-100.0,-0.6301452369705347,0
-5.820473,33,9776.892365,-100.0,-0.713113831482234,0
-5.716778,33,9777.445467,-100.0,-0.7102293822563888,0
-5.421119,32,9777.990908,-100.0,-0.8077940054903673,0
-5.855047,34,9778.578243,-100.0,-0.7151633637604394,0
-5.287535,33,9779.137562,-100.0,-0.779206871049913,0
-5.764601,34,9779.717135,-100.0,-0.6571415209870425,0
-5.593183,32,9780.267754,-100.0,-0.7730419042945932,0
-5.732291,34,9780.843792,-100.0,-0.6725660809081809,0
-5.474969,35,9781.460312,-100.0,-0.7887171937436381,0
-5.521461,34,9782.032629,-100.0,-0.7237843797546636,0
-5.984049,36,9782.647131,-100.0,-0.6518414261894067,0
-5.922527,34,9783.227275,-100.0,-0.7128116501125205,0
-5.536967,33,9783.798012,-100.0,-0.7472145467252171,0
-5.61708,33,9784.354548,-100.0,-0.7118606079841848,0
-6.052871,35,9784.94647,-100.0,-0.5944511921020478,0
-5.784442,34,9785.535564,-100.0,-0.7043839329202443,0
-5.444276,33,9786.09558,-100.0,-0.7587836969965006,0
-5.865988,39,9786.764721,-100.0,-0.6948680955767639,0
-5.544077,33,9787.34046,-100.0,-0.763175589700725,0
-5.763559,33,9787.904722,-100.0,-0.687867568800077,0
-5.758301,34,9788.494788,-100.0,-0.7076321257149587,0
-5.432276,35,9789.092618,-100.0,-0.798745422356966,0
-5.373952,33,9789.652059,-100.0,-0.7988965757285664,0
-5.58691,32,9790.195219,-100.0,-0.7912564617325488,0
-5.32955,35,9790.794415,-100.0,-0.8803850280273827,0
-5.824814,37,9791.434608,-100.0,-0.6884462847891434,0
-5.808141,33,9791.999926,-100.0,-0.719013911683177,0
-5.315271,32,9792.54408,-100.0,-0.8744455442354234,0
-5.951587,35,9793.144377,-100.0,-0.6427285009356903,0
-5.38897,32,9793.699532,-100.0,-0.7882886459806306,0
-5.645393,40,9794.361987,-100.0,-0.6740684656746885,0
-5.738075,33,9794.926631,-100.0,-0.7649502140017059,0
-5.548211,34,9795.503518,-100.0,-0.640953504554638,0
-5.589884,33,9796.07615,-100.0,-0.7932897350945529,0
-5.63997,33,9796.637141,-100.0,-0.7467550006106711,0
-5.845185,33,9797.203941,-100.0,-0.6988717600135648,0
-5.743342,33,9797.769446,-100.0,-0.6763241515188737,0
-5.622734,34,9798.360512,-100.0,-0.7374320723404737,0
-5.572911,33,9798.932509,-100.0,-0.6975787598123703,0
-5.781004,33,9799.496586,-100.0,-0.682931709065143,0
-5.502405,37,9800.129065,-100.0,-0.760633370261789,0
-5.362176,33,9800.702246,-100.0,-0.7879931223613462,0
-5.330732,32,9801.240249,-100.0,-0.8424754963109754,0
-5.366708,34,9801.82691,-100.0,-0.8549929102082852,0
-5.745842,37,9802.462605,-100.0,-0.7308291695919745,0
-5.799482,34,9803.052181,-100.0,-0.6751409587789156,0
-5.590052,44,9803.788653,-100.0,-0.7481804141319294,0
-5.928601,34,9804.368442,-100.0,-0.679444708789893,0
-5.618818,34,9804.964569,-100.0,-0.6869583146157268,0
-5.999723,34,9805.539835,-100.0,-0.6930693004781199,0
-5.535715,34,9806.129897,-100.0,-0.641937573402218,0
-5.180533,33,9806.689364,-100.0,-0.8266908213797876,0
-5.433462,33,9807.25885,-100.0,-0.7619558237604446,0
-5.796528,33,9807.822591,-100.0,-0.7092062834822178,0
-5.47023,32,9808.36258,-100.0,-0.8267517506537085,0
-5.401066,33,9925.155401,-100.0,-0.7392868235860434,0
-5.490358,33,9925.719649,-100.0,-0.7850241307883754,0
-6.024844,35,9926.325985,-100.0,-0.7520210276762229,0
-5.772788,33,9926.893873,-100.0,-0.6921103621116601,0
-5.559034,34,9927.453771,-100.0,-0.7336320741571241,0
-5.234314,32,9928.008334,-100.0,-0.846168513207431,0
-5.241822,32,9928.561332,-100.0,-0.8552906877368203,0
-5.543263,33,9929.131815,-100.0,-0.7603249815782216,0
-5.534434,33,9929.686902,-100.0,-0.7913058632751989,0
-5.740157,33,9930.249452,-100.0,-0.7227377503994337,0
-5.887596,34,9930.828106,-100.0,-0.6773693275325251,0
-5.765131,34,9931.414154,-100.0,-0.7598039503339604,0
-5.411796,32,9931.961958,-100.0,-0.7362380232159309,0
-5.658013,33,9932.526133,-100.0,-0.6643481475776131,0
-5.451146,37,9933.166961,-100.0,-0.7296517412078213,0
-5.920573,34,9933.7593,-100.0,-0.6443819248986855,0
-5.535758,34,9934.33888,-100.0,-0.7912345683082737,0
-5.729528,34,9934.909882,-100.0,-0.7006083871787837,0
-5.498043,33,9935.478521,-100.0,-0.74886600267521,0
-5.722891,34,9936.05602,-100.0,-0.772088876494053,0
-5.953351,34,9936.637205,-100.0,-0.6759394979022103,0
-5.725903,33,9937.203655,-100.0,-0.6416503631976823,0
-5.876842,34,9937.796027,-100.0,-0.6572861068504652,0
-5.403179,32,9938.349745,-100.0,-0.87694428965782,0
-6.025614,34,9938.934244,-100.0,-0.6576933147123062,0
-5.668804,38,9939.569011,-100.0,-0.7367845311470331,0
-5.304137,33,9940.141658,-100.0,-0.7645126810963149,0
-5.631502,33,9940.70101,-100.0,-0.6427545092586685,0
-6.018957,35,9941.29709,-100.0,-0.6974720248363232,0
-5.653612,36,9941.908842,-100.0,-0.7239730001395156,0
-5.637667,33,9942.479052,-100.0,-0.7573579315578234,0
-5.20129,32,9943.025529,-100.0,-0.8638329911915694,0
-5.665647,32,9943.577242,-100.0,-0.749891585933028,0
-5.576007,33,9944.141306,-100.0,-0.6881217340180292,0
-5.671848,33,9944.905544,-100.0,-0.6529654728878953,0
-5.627794,34,9945.488504,-100.0,-0.662871997622632,0
-5.975015,33,9946.060043,-100.0,-0.6626499599286937,0
-5.209382,32,9946.607795,-100.0,-0.8698076023398839,0
-5.157028,33,9947.171065,-100.0,-0.8693244972323052,0
-5.442262,33,9947.73982,-100.0,-0.7881720947304206,0
-5.650961,33,9948.309371,-100.0,-0.6718392526127877,0
-5.491478,33,9948.87372,-100.0,-0.706929069462184,0
-5.574282,33,9949.432059,-100.0,-0.7339385322341326,0
-5.524306,33,9949.999645,-100.0,-0.7845685785947558,0
-5.690336,33,9950.564838,-100.0,-0.7122007206560224,0
-6.201978,35,9951.170422,-100.0,-0.6638871016713164,0
-6.165572,36,9951.786956,-100.0,-0.6281156290645031,0
-5.559151,34,9952.377499,-100.0,-0.6416563705038919,0
-5.651135,33,9952.932993,-100.0,-0.7029629549808256,0
-5.591368,33,9953.504964,-100.0,-0.6736015183081491,0
-5.866571,33,9954.063812,-100.0,-0.7116777021788306,0
-5.748473,40,9954.75169,-100.0,-0.6951151228574283,0
-6.108424,35,9955.352688,-100.0,-0.6789523217683405,0
-5.924305,34,9955.929422,-100.0,-0.6861634968572558,0
-5.716816,34,9956.517242,-100.0,-0.7478052353576592,0
-5.579181,33,9957.077298,-100.0,-0.6746734710226808,0
-5.46177,33,9957.638854,-100.0,-0.8068262770152891,0
-5.483854,36,9958.258148,-100.0,-0.7753983517305596,0
-5.853886,39,9958.912764,-100.0,-0.6873200066594679,0
-5.511737,34,9959.491211,-100.0,-0.7186456465848986,0
-5.76603,33,10078.081717,-100.0,-0.7038549918009558,0
-5.647522,33,10078.645826,-100.0,-0.7231856468199798,0
-5.536136,33,10079.203725,-100.0,-0.7114253287962227,0
-5.526529,34,10079.778804,-100.0,-0.7792474063121889,0
-5.65467,33,10080.350453,-100.0,-0.695361722601227,0
-5.472259,34,10080.929419,-100.0,-0.7121218009283646,0
-5.457282,33,10081.495495,-100.0,-0.7969050464459304,0
-5.35177,33,10082.054658,-100.0,-0.7260573366259869,0
-5.130928,32,10082.601067,-100.0,-0.7820925338553171,0
-5.281494,32,10083.136866,-100.0,-0.8299905291899514,0
-5.237069,33,10083.706055,-100.0,-0.7878526746969067,0
-5.765513,39,10084.35924,-100.0,-0.6838904170166963,0
-5.393073,34,10084.940614,-100.0,-0.7873080635413147,0
-5.82191,34,10085.522624,-100.0,-0.6896739849369478,0
-5.633021,33,10086.087913,-100.0,-0.7349559678753981,0
-5.546431,33,10086.655411,-100.0,-0.801852662350348,0
-5.547555,33,10087.220739,-100.0,-0.7506333051193325,0
-5.349209,34,10087.808578,-100.0,-0.8155225484234176,0
-5.191198,32,10088.347141,-100.0,-0.8523502889508687,0
-5.273851,33,10088.908121,-100.0,-0.7552761788187133,0
-5.408404,33,10089.463614,-100.0,-0.8178417015162281,0
-5.041609,32,10090.014838,-100.0,-0.8181450328858234,0
-5.859192,36,10090.622072,-100.0,-0.8179571464668848,0
-5.808391,34,10091.200595,-100.0,-0.6716206689998454,0
-5.735641,38,10091.842976,-100.0,-0.735817484459966,0
-5.90322,33,10092.39993,-100.0,-0.6774544024723619,0
-5.621143,33,10092.961837,-100.0,-0.7381807166441507,0
-5.417631,34,10093.542697,-100.0,-0.7826798586375222,0
-5.71024,33,10094.10264,-100.0,-0.678561320949746,0
-5.4625,34,10094.682528,-100.0,-0.7436187549799836,0
-5.515074,33,10095.247236,-100.0,-0.7154977262211647,0
-5.868372,37,10095.886209,-100.0,-0.7884537087699348,0
-5.954216,37,10096.512108,-100.0,-0.6819889842134844,0
-5.933053,34,10097.105972,-100.0,-0.6770177422697161,0
-5.518884,33,10097.665596,-100.0,-0.7456482762552223,0
-5.683953,34,10098.246355,-100.0,-0.709221888279606,0
-5.432441,33,10098.804902,-100.0,-0.7863968046031099,0
-5.596616,36,10099.424768,-100.0,-0.7034763559558112,0
-5.402351,33,10099.992945,-100.0,-0.7064967998149904,0
-5.35614,33,10100.554296,-100.0,-0.8121791934328619,0
-5.57793,36,10101.168725,-100.0,-0.692558976888184,0
-5.21803,34,10101.746324,-100.0,-0.8621754705050659,0
-5.778932,34,10102.334557,-100.0,-0.748518991557832,0
-5.801544,36,10102.957716,-100.0,-0.6214117482123425,0
-5.709638,35,10103.545854,-100.0,-0.696596554544966,0
-5.427366,34,10104.13354,-100.0,-0.766230086257971,0
-5.282695,33,10104.682275,-100.0,-0.8359966051030342,0
-5.603384,33,10105.245497,-100.0,-0.6572153583977953,0
-5.379164,32,10105.786002,-100.0,-0.834471424846223,0
-5.600186,36,10106.395329,-100.0,-0.7097213071527136,0
-5.734223,34,10106.97139,-100.0,-0.6572902469678037,0
-5.171409,32,10107.521901,-100.0,-0.8256735432381809,0
-5.715747,33,10108.095204,-100.0,-0.7048047902055046,0
-5.846557,35,10108.686994,-100.0,-0.6556441586886776,0
-6.233292,43,10109.433654,-100.0,-0.6712642221920578,0
-5.792189,34,10110.007085,-100.0,-0.6517539005587065,0
-5.607487,34,10110.587052,-100.0,-0.7283755140278616,0
-5.790598,33,10111.150726,-100.0,-0.6609332730855006,0
-5.615713,33,10111.720711,-100.0,-0.7278686901794713,0
-5.408906,35,10112.308656,-100.0,-0.7244096742934052,0
-5.556999,34,10112.889813,-100.0,-0.6700041119144514,0
-5.482197,34,10215.607486,-100.0,-0.7126981802272245,0
-5.369565,32,10216.152452,-100.0,-0.8048769815572497,0
-5.636837,33,10216.71536,-100.0,-0.6360947814586332,0
-5.58435,33,10217.281548,-100.0,-0.6989911484800431,0
-5.598064,34,10217.861717,-100.0,-0.669974965466515,0
-5.717451,33,10218.423112,-100.0,-0.6682391404431282,0
-5.386069,33,10218.978704,-100.0,-0.7656487969014345,0
-5.543564,33,10219.53698,-100.0,-0.7599618071108385,0
-5.430167,33,10220.106483,-100.0,-0.7097936621765597,0
-5.460154,33,10220.673864,-100.0,-0.7177148157444134,0
-5.432278,32,10221.213997,-100.0,-0.8466148630622999,0
-5.639713,34,10221.806922,-100.0,-0.6667322734795444,0
-5.646475,33,10222.357092,-100.0,-0.6703324607991099,0
-5.378524,32,10222.911935,-100.0,-0.8283527356769617,0
-5.637878,35,10223.51105,-100.0,-0.6834768951359793,0
-5.727765,33,10224.079871,-100.0,-0.6437858179830153,0
-5.596436,34,10224.66636,-100.0,-0.7453541614185291,0
-5.629206,40,10225.332565,-100.0,-0.7888985255149547,0
-5.312008,33,10225.897048,-100.0,-0.8211624494719161,0
-5.476454,32,10226.449488,-100.0,-0.8042083969863627,0
-5.507317,33,10227.015091,-100.0,-0.7369861291396433,0
-5.338481,40,10227.705982,-100.0,-0.8146499778853523,0
-5.23579,33,10228.276579,-100.0,-0.7837886247879422,0
-5.313354,33,10228.828675,-100.0,-0.7061444890203199,0
-5.288871,33,10229.394116,-100.0,-0.8622654434569207,0
-5.821367,33,10229.956609,-100.0,-0.6988249164169145,0
-5.312879,33,10230.527515,-100.0,-0.7201547146846615,0
-5.421293,33,10231.078165,-100.0,-0.8001094753044825,0
-5.885972,43,10231.812797,-100.0,-0.7236898462450548,0
-5.635071,33,10232.375615,-100.0,-0.6559660349340533,0
-5.400457,39,10233.034353,-100.0,-0.8550599229399333,0
-5.773166,39,10233.697569,-100.0,-0.675110441499947,0
-5.447486,33,10234.258656,-100.0,-0.7349647211120679,0
-5.312546,32,10234.80786,-100.0,-0.805960968470776,0
-5.446253,33,10235.378907,-100.0,-0.7103112319676154,0
-5.563741,33,10235.939253,-100.0,-0.6835423661997713,0
-6.273476,44,10236.676501,-100.0,-0.6942294394975327,0
-5.728934,34,10237.265984,-100.0,-0.6455738957278504,0
-5.463988,33,10237.825102,-100.0,-0.7433699943614929,0
-5.869856,33,10238.399523,-100.0,-0.6487481802804149,0
-6.1362,35,10238.992153,-100.0,-0.6109232626218107,0
-5.749149,34,10239.576011,-100.0,-0.655932522384013,0
-5.582256,33,10240.139497,-100.0,-0.799564009024632,0
-6.42828,38,10240.786241,-100.0,-0.6602911405947909,0
-5.294924,33,10241.352305,-100.0,-0.7174629384180387,0
-5.478078,35,10241.939668,-100.0,-0.8167808873716774,0
-5.990136,38,10242.596102,-100.0,-0.6892361055768266,0
-5.277948,35,10243.203436,-100.0,-0.7929540554928216,0
-5.26024,33,10243.760204,-100.0,-0.8186584659406819,0
-5.966592,37,10244.386448,-100.0,-0.6964517813178575,0
-5.276957,32,10244.935253,-100.0,-0.8427894559053957,0
-5.703883,33,10245.484113,-100.0,-0.7021358750253258,0
-5.449732,33,10246.045237,-100.0,-0.7732253880464898,0
-5.227919,34,10246.621678,-100.0,-0.7929630655046407,0
-5.623489,33,10247.191329,-100.0,-0.6697709370123603,0
-5.609693,34,10247.77819,-100.0,-0.6717960152115248,0
-6.148693,36,10248.385249,-100.0,-0.6856107473422406,0
-5.543599,33,10248.951703,-100.0,-0.6597827265606611,0
-5.744346,34,10249.52746,-100.0,-0.656484572425277,0
-5.322978,33,10352.137211,-100.0,-0.7315994277240104,0
-5.615351,33,10352.702697,-100.0,-0.6893506799843326,0
-5.688319,33,10353.273124,-100.0,-0.6952548779157183,0
-5.493913,33,10353.830097,-100.0,-0.6983492582620229,0
-5.298408,32,10354.382488,-100.0,-0.8009208931373508,0
-5.327063,33,10354.940562,-100.0,-0.7067015844278011,0
-5.602875,33,10355.499046,-100.0,-0.7160769007616676,0
-5.263654,33,10356.058911,-100.0,-0.8712400581407466,0
-5.368635,33,10356.620452,-100.0,-0.7616414048867637,0
-5.464725,33,10357.178171,-100.0,-0.743274216141598,0
-5.27836,33,10357.7486,-100.0,-0.7737647656925832,0
-5.450142,33,10358.310599,-100.0,-0.7854267483756553,0
-5.554697,33,10358.880656,-100.0,-0.7538344727073688,0
-5.420455,34,10359.461565,-100.0,-0.7984982481675488,0
-5.899968,33,10360.022361,-100.0,-0.678345517348038,0
-5.792625,36,10360.633032,-100.0,-0.6400084762741503,0
-5.586392,33,10361.191038,-100.0,-0.7006270724251565,0
-5.711545,36,10361.803508,-100.0,-0.7066004226145596,0
-5.276981,33,10362.361761,-100.0,-0.7949280735486429,0
-5.329248,33,10362.92701,-100.0,-0.7532033816988543,0
-5.564392,33,10363.484632,-100.0,-0.7043982688697807,0
-5.748562,33,10364.041808,-100.0,-0.6963114073061424,0
-5.290857,33,10364.604517,-100.0,-0.8608442171116634,0
-5.630809,39,10365.265033,-100.0,-0.7689681234265768,0
-5.230631,34,10365.849513,-100.0,-0.8311541025899871,0
-5.912604,33,10366.411935,-100.0,-0.6710907666081134,0
-5.587004,33,10367.186328,-100.0,-0.8088603949301523,0
-5.064277,32,10367.74456,-100.0,-0.8380026651410233,0
-5.796396,33,10368.313162,-100.0,-0.6484422872316808,0
-5.56413,33,10368.867688,-100.0,-0.7543323837132353,0
-5.201394,33,10369.433151,-100.0,-0.8051298558563426,0
-5.498538,34,10370.019699,-100.0,-0.6905287968383856,0
-5.1638,33,10370.59832,-100.0,-0.5489976885922517,0
-5.432904,34,10371.16569,-100.0,-0.8081597667164191,0
-5.337179,34,10371.75162,-100.0,-0.8396289778318702,0
-5.575286,33,10372.315768,-100.0,-0.7675005670753973,0
-5.411902,33,10372.868377,-100.0,-0.8528181925116772,0
-5.833221,33,10373.433339,-100.0,-0.6531521725927897,0
-5.534609,34,10374.01005,-100.0,-0.7577565162244155,0
-5.529511,33,10374.570498,-100.0,-0.7340006998278842,0
-5.71003,34,10375.140087,-100.0,-0.665542701487807,0
-5.555873,33,10375.713824,-100.0,-0.6733712855945517,0
-5.505884,33,10376.276615,-100.0,-0.782492406967785,0
-5.372357,33,10376.842481,-100.0,-0.7576486027360526,0
-5.606095,33,10377.399176,-100.0,-0.6765369816751602,0
-5.9703,35,10378.001318,-100.0,-0.6458803704024709,0
-5.836294,35,10378.602347,-100.0,-0.6710567065823123,0
-5.31412,33,10379.16081,-100.0,-0.8205203208512866,0
-5.745436,38,10379.81371,-100.0,-0.7197564241015079,0
-5.524766,33,10380.368736,-100.0,-0.7062486282663748,0
-5.755932,33,10380.937271,-100.0,-0.6753154534969278,0
-5.668175,34,10381.512908,-100.0,-0.7254753755138846,0
-5.434662,39,10382.169103,-100.0,-0.7569055948343766,0
-5.305358,32,10382.724196,-100.0,-0.8200768962793746,0
-5.527427,33,10383.280134,-100.0,-0.7107160231660716,0
-5.747713,33,10383.84223,-100.0,-0.7198385554317002,0
-5.676333,33,10384.401349,-100.0,-0.746265246190714,0
-5.560616,34,10384.990757,-100.0,-0.7606480799742343,0
-5.437297,33,10385.542935,-100.0,-0.7643960911956524,0
-5.366772,33,10386.111177,-100.0,-0.7664289810810307,0
-5.782888,33,10386.662151,-100.0,-0.6957826131578433,0
-5.176571,32,10508.31193,-100.0,-0.8441944541394516,0
-5.572757,33,10508.88468,-100.0,-0.7093961839776617,0
-5.715438,34,10509.470539,-100.0,-0.7306401918815983,0
-5.669389,35,10510.06743,-100.0,-0.6585526607350193,0
-5.252806,32,10510.622249,-100.0,-0.8378066828444222,0
-5.512498,33,10511.183594,-100.0,-0.7164281977036476,0
-5.506795,33,10511.745186,-100.0,-0.7000843182775359,0
-5.331688,39,10512.408644,-100.0,-0.7800633632303118,0
-5.671823,34,10512.997141,-100.0,-0.7102664510791812,0
-5.997597,33,10513.560824,-100.0,-0.6621897744359689,0
-5.850566,38,10514.214132,-100.0,-0.7079088997452767,0
-5.555517,33,10514.780103,-100.0,-0.7162313581355004,0
-5.67757,34,10515.360924,-100.0,-0.6912539862210167,0
-5.600208,33,10515.919547,-100.0,-0.7199451366518549,0
-5.342422,33,10516.480172,-100.0,-0.8241649562394431,0
-5.352219,33,10517.048431,-100.0,-0.7530845380852674,0
-5.51855,33,10517.612638,-100.0,-0.7143975162665059,0
-5.549016,33,10518.174796,-100.0,-0.6831325349721892,0
-5.329361,33,10518.738296,-100.0,-0.845459112050313,0
-5.410835,33,10519.309351,-100.0,-0.7593942964561213,0
-5.352872,33,10519.8816,-100.0,-0.7303902585219937,0
-5.656653,35,10520.468115,-100.0,-0.7232271237350677,0
-5.27157,33,10521.035792,-100.0,-0.8330159594491046,0
-5.710712,33,10521.599612,-100.0,-0.6959739371212932,0
-5.564581,34,10522.182652,-100.0,-0.739625732146854,0
-5.314129,33,10522.76041,-100.0,-0.8128187133330365,0
-5.823626,37,10523.384131,-100.0,-0.680778303645299,0
-5.333707,33,10523.947357,-100.0,-0.7449689400201657,0
-5.374072,33,10524.509862,-100.0,-0.7605276625819835,0
-5.421131,33,10525.073703,-100.0,-0.7332725652922927,0
-5.26909,32,10525.619986,-100.0,-0.7705730429255918,0
-5.382755,33,10526.186267,-100.0,-0.7740385270030596,0
-5.369135,32,10526.740101,-100.0,-0.8712741487104879,0
-5.258251,32,10527.298361,-100.0,-0.7883834920172726,0
-5.328359,33,10527.861306,-100.0,-0.7773037230371604,0
-5.197063,32,10528.409933,-100.0,-0.8497690009215618,0
-5.416524,33,10528.966012,-100.0,-0.8047957930906013,0
-5.186925,32,10529.514658,-100.0,-0.8092393372121343,0
-5.371456,36,10530.122016,-100.0,-0.8168951806157035,0
-5.287589,34,10530.714379,-100.0,-0.8244060704049143,0
-5.606954,33,10531.270701,-100.0,-0.7054857813519423,0
-5.662669,33,10531.829664,-100.0,-0.7156752731515047,0
-5.188314,33,10532.398965,-100.0,-0.8457351220687657,0
-5.871535,36,10533.017732,-100.0,-0.6947128004471087,0
-5.844226,34,10533.606541,-100.0,-0.6907623364558442,0
-5.231309,32,10534.159662,-100.0,-0.8121141856942327,0
-5.233428,33,10534.71524,-100.0,-0.8033160220501879,0
-5.460642,36,10535.322119,-100.0,-0.7246692256127083,0
-5.176339,33,10535.885851,-100.0,-0.795816903269496,0
-5.371957,37,10536.526753,-100.0,-0.7148459278137909,0
-5.314944,33,10537.08228,-100.0,-0.7712631759786507,0
-5.834857,35,10537.694139,-100.0,-0.6532303854103614,0
-5.465907,33,10538.248925,-100.0,-0.7373540546899309,0
-5.736026,33,10538.808791,-100.0,-0.6248260810239499,0
-5.931229,38,10539.45793,-100.0,-0.7827857992340375,0
-5.480517,33,10540.026694,-100.0,-0.8123392727601657,0
-5.47069,39,10540.688569,-100.0,-0.8005935938954456,0
-5.884746,33,10541.247844,-100.0,-0.6873356331026854,0
-5.7368,34,10541.828047,-100.0,-0.6857330055712693,0
-5.769809,33,10542.394777,-100.0,-0.6692230789617898,0
-5.932875,33,10542.966274,-100.0,-0.621948889429961,0
-5.626851,33,10668.031131,-100.0,-0.6701394623924969,0
-5.381335,34,10668.604387,-100.0,-0.7927867010509546,0
-5.832945,34,10669.188827,-100.0,-0.6592539534363889,0
-5.543745,33,10669.747278,-100.0,-0.7275409698901029,0
-5.940073,39,10670.405978,-100.0,-0.6942162817979062,0
-5.364984,34,10670.988825,-100.0,-0.704551979239326,0
-5.867511,35,10671.594197,-100.0,-0.654396161723676,0
-5.440652,36,10672.224002,-100.0,-0.7216289652937777,0
-5.824174,33,10672.773358,-100.0,-0.6652483880823477,0
-5.558431,33,10673.338819,-100.0,-0.6986871264136884,0
-5.57249,33,10673.899051,-100.0,-0.7646236730739119,0
-5.574621,33,10674.464393,-100.0,-0.7114407742845579,0
-5.327352,33,10675.029687,-100.0,-0.7845149137383088,0
-5.692475,34,10675.611277,-100.0,-0.7148499615968636,0
-5.591872,35,10676.206488,-100.0,-0.6534586721668842,0
-5.389567,33,10676.777953,-100.0,-0.7290928360152203,0
-5.838486,34,10677.356912,-100.0,-0.6428572345547707,0
-5.764814,35,10677.965138,-100.0,-0.6306554106605047,0
-5.421399,33,10678.531771,-100.0,-0.7851191986858377,0
-5.796092,34,10679.102614,-100.0,-0.6726787926956872,0
-5.718326,41,10679.810757,-100.0,-0.7829342148722945,0
-5.916439,35,10680.407154,-100.0,-0.7077604508695017,0
-5.138512,34,10680.995207,-100.0,-0.8184492947781369,0
-5.982559,35,10681.586021,-100.0,-0.6836287910546961,0
-5.678839,33,10682.157884,-100.0,-0.754236656206492,0
-5.521627,33,10682.715822,-100.0,-0.7102643006180996,0
-5.693769,34,10683.297917,-100.0,-0.692399022749568,0
-5.333035,34,10683.881558,-100.0,-0.8015108029541966,0
-5.701601,34,10684.469849,-100.0,-0.7022177905855476,0
-5.344798,33,10685.033738,-100.0,-0.8178335488339123,0
-5.327799,32,10685.579725,-100.0,-0.8413647435747017,0
-5.329078,33,10686.138705,-100.0,-0.7744291478112287,0
-5.630973,33,10686.697791,-100.0,-0.7466387348878653,0
-5.401382,34,10687.277143,-100.0,-0.7412777151005484,0
-5.936259,34,10687.855988,-100.0,-0.7009846283430251,0
-5.61801,36,10688.486534,-100.0,-0.8404040139200718,0
-5.463003,34,10689.059347,-100.0,-0.7050674945472065,0
-5.590677,35,10689.654601,-100.0,-0.7167279076754275,0
-5.216135,34,10690.240225,-100.0,-0.8194501929218474,0
-5.697837,34,10690.821364,-100.0,-0.6801206441756208,0
-5.417357,33,10691.382398,-100.0,-0.7159301147300865,0
-5.437062,34,10691.957992,-100.0,-0.7259939870220355,0
-5.311629,33,10692.522754,-100.0,-0.7940409910022972,0
-5.640552,33,10693.089061,-100.0,-0.7043605251934459,0
-5.406661,33,10693.654565,-100.0,-0.827848027407296,0
-5.487372,37,10694.280921,-100.0,-0.7212594072372079,0
-5.704173,34,10694.843076,-100.0,-0.7053391978958884,0
-5.387888,33,10695.416031,-100.0,-0.7107576358682843,0
-5.872942,35,10696.027008,-100.0,-0.6965872736392662,0
-5.735082,34,10696.611007,-100.0,-0.6839980310723579,0
-5.53171,33,10697.180597,-100.0,-0.8015227916291632,0
-5.320968,34,10697.753976,-100.0,-0.8305484248120081,0
-5.806059,35,10698.368026,-100.0,-0.6855933006227259,0
-5.791309,33,10698.931852,-100.0,-0.6240171722746511,0
-5.399807,32,10699.469412,-100.0,-0.8292017892465561,0
-5.640755,37,10700.104791,-100.0,-0.8019240433381404,0
-5.736179,33,10700.673762,-100.0,-0.649927208164677,0
-5.842427,34,10701.256753,-100.0,-0.7110428135869978,0
-5.396718,33,10701.815812,-100.0,-0.8314804933145791,0
-5.795146,36,10702.424658,-100.0,-0.7744926801602782,0
-5.454779,33,10832.659883,-100.0,-0.7064684076941967,0
-5.631508,43,10833.384438,-100.0,-0.7140359804263932,0
-5.641594,34,10833.971736,-100.0,-0.7387221987405842,0
-5.271438,33,10834.531223,-100.0,-0.75919650700818,0
-5.657786,33,10835.105796,-100.0,-0.601161546779136,0
-5.687034,34,10835.68107,-100.0,-0.6533544217478251,0
-5.714897,33,10836.242255,-100.0,-0.6672378006239502,0
-5.286561,35,10836.850899,-100.0,-0.8200024130562197,0
-5.813524,39,10837.512941,-100.0,-0.665832328977694,0
-5.221082,33,10838.072655,-100.0,-0.7933002832467293,0
-5.682565,33,10838.637322,-100.0,-0.7110686297272595,0
-5.685904,33,10839.206576,-100.0,-0.7151478167619781,0
-5.584851,33,10839.769077,-100.0,-0.6893142965526982,0
-5.774684,33,10840.329205,-100.0,-0.6439342430592325,0
-5.688381,34,10840.911827,-100.0,-0.6740756047973018,0
-5.483073,33,10841.48137,-100.0,-0.7334905887314446,0
-5.888368,35,10842.285396,-100.0,-0.643138986078515,0
-5.435658,34,10842.859495,-100.0,-0.7534564495343871,0
-5.352633,33,10843.430406,-100.0,-0.8498734853078221,0
-5.380247,33,10843.996748,-100.0,-0.7453537315163882,0
-5.964374,33,10844.561621,-100.0,-0.6950042712596967,0
-5.312146,33,10845.123307,-100.0,-0.7880173168776888,0
-5.370922,34,10845.708808,-100.0,-0.8125529686906494,0
-5.17805,34,10846.294568,-100.0,-0.7806344206372275,0
-5.414985,32,10846.835655,-100.0,-0.8581880078094234,0
-5.417158,33,10847.405951,-100.0,-0.7397761560460456,0
-5.424036,34,10847.994219,-100.0,-0.7884349044234251,0
-5.775385,34,10848.574909,-100.0,-0.6103932717446409,0
-5.354346,33,10849.13976,-100.0,-0.8075975478452531,0
-5.700319,34,10849.713401,-100.0,-0.6776506098389092,0
-5.60878,33,10850.284362,-100.0,-0.7269812443400577,0
-5.484422,33,10850.848617,-100.0,-0.757445010529354,0
-5.726579,35,10851.442724,-100.0,-0.6655296343421968,0
-5.734917,33,10852.013541,-100.0,-0.667193351938727,0
-5.534633,33,10852.571589,-100.0,-0.7273817536504299,0
-5.262807,33,10853.141395,-100.0,-0.8106310952892879,0
-5.780569,34,10853.723248,-100.0,-0.6503315201341707,0
-5.838391,33,10854.284794,-100.0,-0.6912267071361697,0
-5.48082,33,10854.848805,-100.0,-0.7631797775939458,0
-5.422582,33,10855.416152,-100.0,-0.7420853105418083,0
-5.803958,36,10856.03752,-100.0,-0.6863267259400748,0
-5.477867,32,10856.580093,-100.0,-0.7742658911091725,0
-5.718443,34,10857.160375,-100.0,-0.7626326028827833,0
-6.05425,34,10857.737933,-100.0,-0.6717516801652627,0
-5.603076,32,10858.28406,-100.0,-0.7173361616262165,0
-5.887485,39,10858.934577,-100.0,-0.7346466076788231,0
-5.923934,33,10859.505582,-100.0,-0.6472917012042059,0
-5.893936,38,10860.149673,-100.0,-0.6300528751056721,0
-5.773495,33,10860.720531,-100.0,-0.6673015998255807,0
-5.121344,32,10861.261407,-100.0,-0.7945411457567231,0
-5.807451,33,10861.824533,-100.0,-0.6979429852471546,0
-5.663991,33,10862.39381,-100.0,-0.6842509350004468,0
-5.761218,36,10863.000469,-100.0,-0.685669498474108,0
-5.32014,38,10863.6506,-100.0,-0.8212636844116096,0
-5.597269,36,10864.269778,-100.0,-0.7270386201834634,0
-5.541037,33,10864.822746,-100.0,-0.691179587526302,0
-5.572409,34,10865.406763,-100.0,-0.6510514864182314,0
-5.396262,33,10865.967497,-100.0,-0.7415645440912975,0
-5.457486,33,10866.535882,-100.0,-0.7486149541149615,0
-5.468855,32,10867.081825,-100.0,-0.7866418262649634,0
-5.878219,33,10867.647757,-100.0,-0.6781949070271721,0
-5.146552,36,11001.739096,-100.0,-0.8179394343939828,0
-5.336213,32,11002.283517,-100.0,-0.8677967775705778,0
-5.525118,33,11002.849474,-100.0,-0.747363992490114,0
-5.380204,33,11003.421081,-100.0,-0.831570646510929,0
-5.266226,32,11003.951799,-100.0,-0.8661807682674931,0
-5.304109,35,11004.557286,-100.0,-0.7805741311931556,0
-5.355444,33,11005.108915,-100.0,-0.8118686705566457,0
-5.811392,34,11005.691042,-100.0,-0.6896682019812339,0
-5.687045,33,11006.249284,-100.0,-0.710418652257067,0
-5.223805,33,11006.815322,-100.0,-0.8116647062345232,0
-5.48688,34,11007.39067,-100.0,-0.739195316865848,0
-5.189717,33,11007.95399,-100.0,-0.7946091367431191,0
-5.979807,41,11008.667986,-100.0,-0.6893364336159318,0
-5.328865,33,11009.228178,-100.0,-0.8387514829906472,0
-5.291195,33,11009.79614,-100.0,-0.7677456177802352,0
-5.494975,34,11010.370485,-100.0,-0.6610926217536608,0
-5.47412,33,11010.934637,-100.0,-0.7139725182658316,0
-5.244477,33,11011.494949,-100.0,-0.7641151606993359,0
-5.745234,33,11012.060853,-100.0,-0.7372493339227738,0
-5.279225,33,11012.625534,-100.0,-0.7802951492543636,0
-5.616992,33,11013.19417,-100.0,-0.6467346849485166,0
-5.503234,33,11013.756665,-100.0,-0.7244791851256556,0
-5.311218,34,11014.330468,-100.0,-0.7797151962798045,0
-5.440752,36,11014.927627,-100.0,-0.7550512625533814,0
-5.6057,33,11015.493731,-100.0,-0.6719581530695341,0
-5.644161,37,11016.12367,-100.0,-0.6716843006006313,0
-5.520394,34,11016.700635,-100.0,-0.7000013392736364,0
-5.28744,33,11017.269099,-100.0,-0.8147537370853987,0
-5.573558,35,11017.863843,-100.0,-0.6822894843467951,0
-5.821953,33,11018.422122,-100.0,-0.6825086420281141,0
-5.302231,33,11018.992609,-100.0,-0.728558303787161,0
-5.733009,37,11019.608874,-100.0,-0.7746458247697338,0
-5.805742,33,11020.181442,-100.0,-0.7122981353115081,0
-5.214477,34,11020.765028,-100.0,-0.7995199852327571,0
-5.256512,32,11021.309812,-100.0,-0.7638946526497318,0
-5.160861,33,11021.872417,-100.0,-0.7845608086383614,0
-5.378337,33,11022.439609,-100.0,-0.7289525008711836,0
-5.706285,33,11022.995055,-100.0,-0.6459865619984522,0
-5.487571,33,11023.556495,-100.0,-0.7176580960822955,0
-5.685819,33,11024.122696,-100.0,-0.6599179355841885,0
-5.316491,33,11024.68382,-100.0,-0.8135026636087612,0
-5.816771,34,11025.266573,-100.0,-0.7087854288493527,0
-5.594634,33,11025.825716,-100.0,-0.6892734329266401,0
-5.113795,34,11026.403398,-100.0,-0.8343617898742284,0
-5.454906,33,11026.966991,-100.0,-0.732687464753106,0
-5.145365,32,11027.509098,-100.0,-0.8384044759895795,0
-5.234924,33,11028.076679,-100.0,-0.8415578129413086,0
-5.340997,33,11028.638268,-100.0,-0.714490968684507,0
-5.085878,32,11029.188492,-100.0,-0.8134700781247436,0
-5.423418,33,11029.743307,-100.0,-0.8302162402490678,0
-5.16701,32,11030.28766,-100.0,-0.8064721327891979,0
-5.730525,33,11030.85233,-100.0,-0.6688021765766641,0
-5.281235,33,11031.41904,-100.0,-0.7658198702309381,0
-5.161685,33,11031.97505,-100.0,-0.8560315683957224,0
-5.650656,34,11032.551447,-100.0,-0.7709237383890023,0
-5.39414,32,11033.106821,-100.0,-0.8755259322792796,0
-5.361515,33,11033.666818,-100.0,-0.8071728800368141,0
-5.398259,33,11034.235638,-100.0,-0.7417430017570319,0
-5.746583,33,11034.793503,-100.0,-0.7048588142390448,0
-5.815,34,11035.374635,-100.0,-0.6735388816402754,0
-5.434965,32,11035.921214,-100.0,-0.7919002053233688,0
-5.967158,35,11173.894345,-100.0,-0.6401685468879215,0
-5.345436,32,11174.448054,-100.0,-0.8183229127808326,0
-5.766274,33,11175.016932,-100.0,-0.6996568566152085,0
-5.669926,39,11175.690805,-100.0,-0.6654502389411217,0
-5.600394,33,11176.260465,-100.0,-0.7525426662893533,0
-5.674326,33,11176.835144,-100.0,-0.7016270574103902,0
-5.435655,36,11177.44508,-100.0,-0.7824110994573038,0
-5.413977,35,11178.049657,-100.0,-0.7621665540457745,0
-5.179913,32,11178.599633,-100.0,-0.8632146334714296,0
-5.599391,34,11179.193141,-100.0,-0.6706378023848415,0
-5.168117,33,11179.758173,-100.0,-0.7901049543736249,0
-5.341207,39,11180.423819,-100.0,-0.8323058032007575,0
-5.239362,34,11181.01537,-100.0,-0.7879950175533108,0
-5.677073,34,11181.599011,-100.0,-0.6448825430445636,0
-5.426047,33,11182.170142,-100.0,-0.7036320113763818,0
-5.913871,33,11182.736945,-100.0,-0.6870579521293269,0
-5.516866,33,11183.31206,-100.0,-0.6599407053419798,0
-5.701924,35,11183.918609,-100.0,-0.7067270329284047,0
-5.635298,33,11184.494701,-100.0,-0.6987252995266103,0
-5.555878,34,11185.084456,-100.0,-0.7898246852139139,0
-5.329239,33,11185.651151,-100.0,-0.7479030559515077,0
-5.72192,33,11186.226516,-100.0,-0.6643843148139258,0
-5.102402,33,11186.794377,-100.0,-0.8662371984588021,0
-5.228017,33,11187.364859,-100.0,-0.8002464700252946,0
-5.529992,33,11187.930604,-100.0,-0.6409086465949162,0
-5.355728,33,11188.495842,-100.0,-0.7799352415615903,0
-5.297418,33,11189.069892,-100.0,-0.85416375563727,0
-5.701454,48,11189.888165,-100.0,-0.8327517247487136,0
-5.392303,32,11190.443789,-100.0,-0.8556143480593698,0
-5.233296,32,11190.983487,-100.0,-0.7697959173538335,0
-5.218219,33,11191.554454,-100.0,-0.8822472184506904,0
-5.577397,33,11192.107173,-100.0,-0.6729171404040832,0
-5.486751,33,11192.675342,-100.0,-0.7364210143392554,0
-5.675048,36,11193.295783,-100.0,-0.742665528818504,0
-5.249651,32,11193.839798,-100.0,-0.8087209957793987,0
-5.433654,32,11194.384075,-100.0,-0.815156702858486,0
-5.724914,34,11194.968077,-100.0,-0.6330086138147133,0
-5.758271,33,11195.528991,-100.0,-0.684019468340897,0
-5.501995,33,11196.097328,-100.0,-0.7565979295315404,0
-5.431054,32,11196.645657,-100.0,-0.7395808519134917,0
-5.791886,34,11197.230331,-100.0,-0.6611367218489528,0
-5.79397,34,11197.81304,-100.0,-0.650357622893744,0
-5.084941,33,11198.381161,-100.0,-0.8241068079812404,0
-5.324378,33,11198.939301,-100.0,-0.7443366694645259,0
-5.359828,33,11199.50971,-100.0,-0.7806310180424549,0
-5.322289,33,11200.071561,-100.0,-0.796499445371565,0
-5.506158,33,11200.639901,-100.0,-0.73284785397495,0
-5.308981,33,11201.194073,-100.0,-0.7620446362486691,0
-5.366751,33,11201.756669,-100.0,-0.8188415486218175,0
-5.377322,33,11202.305339,-100.0,-0.7481287967793139,0
-5.662291,34,11202.903305,-100.0,-0.661555205111543,0
-5.337462,33,11203.470036,-100.0,-0.7378765634700977,0
-5.661346,33,11204.032756,-100.0,-0.7233634947945885,0
-5.530409,32,11204.568228,-100.0,-0.7356178618111702,0
-5.029463,32,11205.117525,-100.0,-0.859991401794483,0
-5.652526,33,11205.680909,-100.0,-0.7254690859243961,0
-6.028732,35,11206.273597,-100.0,-0.6984116438914768,0
-5.396656,38,11206.925122,-100.0,-0.7797921666117633,0
-5.809851,35,11207.529519,-100.0,-0.6980043892210461,0
-5.459652,33,11208.092993,-100.0,-0.7826461826357884,0
-5.76165,36,11343.869653,-100.0,-0.6584062179130831,0
-5.139569,32,11344.408186,-100.0,-0.9093630891402061,0
-5.781204,33,11344.97035,-100.0,-0.6840873337454214,0
-5.162688,32,11345.516452,-100.0,-0.8672475302015491,0
-5.406968,33,11346.089431,-100.0,-0.7187325322539584,0
-5.620826,33,11346.648297,-100.0,-0.7171670619359675,0
-5.12852,33,11347.212065,-100.0,-0.7990962348838193,0
-6.130164,42,11347.924041,-100.0,-0.6276058025695525,0
-5.406078,33,11348.696219,-100.0,-0.7842432041378612,0
-5.508663,33,11349.263541,-100.0,-0.71394932615882,0
-5.470626,33,11349.826522,-100.0,-0.8694993899859862,0
-5.167998,32,11350.362228,-100.0,-0.8616707263683909,0
-5.455072,33,11350.928004,-100.0,-0.7447755201274233,0
-5.346264,33,11351.496178,-100.0,-0.7463725709690295,0
-5.697479,33,11352.050912,-100.0,-0.69827500990947,0
-5.263191,34,11352.633475,-100.0,-0.8278234918286005,0
-5.786038,33,11353.197358,-100.0,-0.6669898396682641,0
-5.819254,33,11353.762266,-100.0,-0.6482583063555412,0
-5.176863,32,11354.307093,-100.0,-0.8443915898984987,0
-5.694029,33,11354.872417,-100.0,-0.6798042636667287,0
-5.510496,33,11355.441352,-100.0,-0.7623920664418727,0
-5.28471,33,11355.994375,-100.0,-0.7389143201177025,0
-5.2389,34,11356.571343,-100.0,-0.8142461384439861,0
-5.5226,33,11357.13751,-100.0,-0.7203507824120453,0
-5.603441,33,11357.705484,-100.0,-0.6944289331447622,0
-5.12414,33,11358.264651,-100.0,-0.8261887376821805,0
-5.143562,33,11358.828641,-100.0,-0.8772386046816734,0
-5.421015,34,11359.401524,-100.0,-0.6967071907084106,0
-5.190777,32,11359.939256,-100.0,-0.7938911829757291,0
-5.686104,33,11360.504409,-100.0,-0.6790074341245288,0
-5.504521,33,11361.06623,-100.0,-0.7062783776046567,0
-5.472942,33,11361.625825,-100.0,-0.7063649807366811,0
-5.306384,33,11362.196223,-100.0,-0.7531448374288409,0
-5.4998,32,11362.729079,-100.0,-0.7057358987442569,0
-5.585785,33,11363.296864,-100.0,-0.701881004607699,0
-5.166634,32,11363.84534,-100.0,-0.799269913377303,0
-5.713973,34,11364.422962,-100.0,-0.6857888589896173,0
-5.654268,33,11364.983159,-100.0,-0.7086773056718222,0
-5.684575,34,11365.55946,-100.0,-0.6757976284182448,0
-5.423145,33,11366.117409,-100.0,-0.743715872844065,0
-5.726939,35,11366.721256,-100.0,-0.7043431742366266,0
-5.858382,34,11367.307622,-100.0,-0.6516496695580133,0
-5.636711,36,11367.914003,-100.0,-0.8118451236039088,0
-5.260696,33,11368.479495,-100.0,-0.8186086681076566,0
-5.808643,34,11369.06354,-100.0,-0.6364035493078405,0
-5.538939,33,11369.619964,-100.0,-0.6856370875757091,0
-5.668759,33,11370.19332,-100.0,-0.6679793869061015,0
-5.101085,32,11370.729753,-100.0,-0.8440472797704139,0
-5.212932,33,11371.300911,-100.0,-0.8415462631303782,0
-5.718103,34,11371.881188,-100.0,-0.663942385086541,0
-5.544995,33,11372.438531,-100.0,-0.7237529030602524,0
-5.66796,33,11372.992889,-100.0,-0.6573598001974738,0
-5.35288,32,11373.533629,-100.0,-0.7644727451245729,0
-5.615236,34,11374.113496,-100.0,-0.6360809577205049,0
-5.604853,33,11374.667926,-100.0,-0.7228002006276449,0
-5.534656,33,11375.228214,-100.0,-0.7630939130355796,0
-5.471092,33,11375.787887,-100.0,-0.7285280448259535,0
-5.947477,35,11376.397615,-100.0,-0.6834899348101405,0
-5.60391,34,11376.970563,-100.0,-0.632158295211388,0
-5.433173,33,11377.532452,-100.0,-0.6380785996066449,0
-5.739964,34,11378.108886,-100.0,-0.6146637625471201,0
-5.625237,33,11378.673078,-100.0,-0.6825934609310106,0
