#{"t_start": 1782853650.3009756, "env_id": "BipedalWalker-v3"}
r,l,t,original_env_reward,generated_reward,reward_error_count
-19.658531,63,2.762413,-100.0,-0.7591518326149592,0
-68.941152,67,3.72877,-100.0,-3.3505513207022943,0
-21.182843,65,4.638749,-100.0,-0.6867891146897108,0
-424.135299,1600,26.451127,-0.16032993944982452,-0.3797627627258332,0
-258.276305,1600,190.931695,-0.08445343653360765,-0.15796946077803356,0
-26.35385,76,192.062667,-100.0,-0.5203724825681151,0
-295.533203,1600,338.310645,0.1563598324457816,-0.1013366881317933,0
-347.644048,1600,480.378327,0.05569105986753864,-0.22732010052517695,0
-34.441572,64,481.263397,-100.0,-1.164333485662383,0
-44.891663,79,482.369591,-100.0,-1.2345018530452005,0
-253.504052,1600,623.3815,-0.1339855409860611,-0.19000683615093963,0
-211.645444,1600,645.58524,-0.07559456268946094,-0.09356242904378365,0
-47.708486,64,646.486081,-100.0,-2.0074190436373716,0
-52.2383,168,767.926973,-100.0,-1.4290920165389605,0
-255.982475,1600,792.085519,-0.06303292022149243,-0.15909654838223694,0
-259.356775,1600,932.458239,-0.08498939387004055,-0.16440149234330695,0
-249.553203,1600,1075.284566,-0.09366011404991151,-0.1437124300187793,0
-16.278997,57,1076.085022,-100.0,-0.5673134152139329,0
-156.662366,1600,1215.916349,-0.061507455170154574,-0.05830705183249449,0
-16.693987,57,1216.716385,-100.0,-0.41019553609693865,0
-14.444785,63,1217.596701,-100.0,-0.38072376335245983,0
-165.407673,1600,1240.038398,-0.006985073417425155,-0.07540673519926173,0
-168.196449,1600,1379.68351,-0.07831740983326756,-0.10348205929302819,0
-18.482469,64,1380.590109,-100.0,-0.6076394570584848,0
-17.099228,107,1382.096487,-100.0,-0.6957995989975982,0
-29.78615,104,1383.56902,-100.0,-0.7914558892866188,0
-27.004341,63,1384.473068,-100.0,-0.688613343458808,0
-19.238902,53,1385.209111,-100.0,-0.7507146916087689,0
-23.027587,67,1502.531975,-100.0,-0.6031427000359922,0
-147.942519,1600,1525.113387,-0.059050421396896015,-0.08876066719431237,0
-187.562613,1600,1667.531301,0.0039703075860889996,-0.004865799027535731,0
-140.623689,1600,1808.140862,-0.13126360553503036,-0.14177318282859475,0
-126.410269,1600,1947.92781,-0.1540509083867073,-0.12683649630634028,0
-11.756684,58,1948.804621,-100.0,-0.6932054135368758,0
-17.595134,78,1949.98708,-100.0,-0.8037559287358005,0
-20.712956,93,1951.377856,-100.0,-0.5169375736880607,0
-142.090885,1600,2090.837709,-0.05281876896818005,-0.0720681750867993,0
-11.909841,74,2091.86924,-100.0,-0.7087493935540581,0
-8.572908,48,2092.531236,-100.0,-0.7651165514782357,0
-21.05987,86,2093.736082,-100.0,-0.3965341833413091,0
-10.650821,51,2094.442752,-100.0,-0.3622260201448576,0
-8.932085,58,2095.256919,-100.0,-0.6859234777620686,0
-117.60794,1600,2117.413053,-0.12152103245258332,-0.10064255308653725,0
-14.905456,89,2118.652157,-100.0,-0.7878963199634382,0
-14.666627,58,2234.353412,-100.0,-0.744558403030234,0
-19.354774,70,2235.326105,-100.0,-0.4593988503247303,0
-138.273695,1600,2257.193431,0.02611623094479717,-0.03984357031216616,0
-18.831867,66,2258.097314,-100.0,-0.668388848318249,0
-15.144489,53,2258.824623,-100.0,-0.5293744236440028,0
-99.476986,1600,2399.857556,-0.0487149056494236,-0.08818474582781026,0
-16.101421,89,2401.092646,-100.0,-0.7691245904104975,0
-13.294071,74,2402.106489,-100.0,-0.7593515870710512,0
-92.36004,1600,2518.43037,-0.0780699036518709,-0.09088925040430049,0
-14.679252,57,2519.227908,-100.0,-0.9176113336125882,0
-13.050337,59,2520.01485,-100.0,-0.37189276880472766,0
-10.968139,59,2520.831376,-100.0,-0.6859466921639813,0
-87.710093,1600,2635.814058,-0.067939008673653,-0.030449180726577055,0
-11.727019,68,2636.746362,-100.0,-0.6971327837528396,0
-101.613408,1600,2751.798515,-0.04259465076525532,-0.049715767868815305,0
-14.44727,67,2752.724934,-100.0,-0.8205535560522751,0
-18.634093,112,2754.278179,-100.0,-0.3458411201754766,0
-10.147257,57,2755.072202,-100.0,-0.6613821337704134,0
-15.603063,71,2756.04371,-100.0,-0.19408107570230074,0
-12.657207,65,2756.93244,-100.0,-0.2630330231127836,0
-15.070978,67,2757.890053,-100.0,-0.5226025273659718,0
-21.412362,121,2759.535276,-100.0,-0.5085239227386364,0
-10.484028,63,2760.405722,-100.0,-0.7332795857919037,0
-10.860332,50,2761.100891,-100.0,-0.7287277168620706,0
-10.898239,62,2761.968117,-100.0,-0.6881661269416179,0
-14.728594,82,2763.100134,-100.0,-0.3294606338391946,0
-9.073755,58,2763.897504,-100.0,-0.7545404098448638,0
-14.62427,77,2764.989763,-100.0,-0.6288522415457765,0
-10.619713,62,2765.848173,-100.0,-0.3250466328795389,0
-19.854364,80,2766.94579,-100.0,-0.6327647658540066,0
-17.201374,84,2768.128105,-100.0,-0.2918247737309736,0
-10.485072,64,2769.007005,-100.0,-0.687992943971892,0
-9.944491,56,2769.77121,-100.0,-0.2428564685299713,0
-11.517516,93,2771.053618,-100.0,-0.742384790715485,0
-10.068499,52,2771.772449,-100.0,-0.38456995879709777,0
-15.396336,62,2772.645652,-100.0,-0.6324912719054218,0
-15.43225,90,2892.832604,-100.0,-0.5647408700198604,0
-9.059941,43,2893.430197,-100.0,-0.714949210576258,0
-9.964091,46,2894.080529,-100.0,-0.7145282981267799,0
-13.578823,55,2894.840753,-100.0,-0.3175971531839233,0
-15.400602,87,2896.074499,-100.0,-0.7277164499235328,0
-12.873653,61,2896.941916,-100.0,-0.6562208007244572,0
-12.684873,38,2897.472577,-100.0,-0.7450022109469047,0
-11.071265,56,2898.254727,-100.0,-0.2199026541147446,0
-9.287743,40,2898.804162,-100.0,-0.28134334978731107,0
-7.456287,40,2899.376128,-100.0,-0.7605636590223037,0
-7.696369,45,2900.019139,-100.0,-0.7983187052288129,0
-9.95059,47,2900.673415,-100.0,-0.6916254167826174,0
-11.926195,63,2901.554861,-100.0,-0.34940950232345336,0
-13.417775,47,2902.215351,-100.0,-0.6998693683359184,0
-9.605847,45,2902.861368,-100.0,-0.6878911154758149,0
-17.882537,107,2904.346411,-100.0,-0.2579766412675218,0
-8.622935,47,2905.004568,-100.0,-0.6881951585978955,0
-20.330003,102,2906.435349,-100.0,-0.39106635912398113,0
-8.962486,52,2907.171624,-100.0,-0.6731987194002589,0
-9.378563,42,2907.774743,-100.0,-0.4049431295706054,0
-17.405156,113,2909.381489,-100.0,-0.6721461771545422,0
-9.071874,52,2910.108102,-100.0,-0.632034863151291,0
-11.272232,75,2911.188453,-100.0,-0.7342138040590959,0
-12.380618,55,2911.964561,-100.0,-0.4621980914308448,0
-8.780337,56,2912.773226,-100.0,-0.6053159378341013,0
-12.027626,68,2913.732335,-100.0,-0.372841157115685,0
-11.145803,69,2914.700327,-100.0,-0.6503551535652667,0
-12.792468,46,2915.372495,-100.0,-0.4663151175904162,0
-9.747068,54,2916.128906,-100.0,-0.7027771616842872,0
-9.066442,42,2916.721669,-100.0,-0.6505312138937209,0
-15.423385,101,2918.166938,-100.0,-0.6877993598788137,0
-13.534982,46,2918.839706,-100.0,-0.44985272840879675,0
-9.147841,51,2919.553756,-100.0,-0.6646637732901237,0
-9.50186,48,2920.248489,-100.0,-0.6986501028082628,0
-10.884317,64,2921.163823,-100.0,-0.7763074352768802,0
-12.846874,78,3037.937545,-100.0,-0.6824134786365704,0
-16.176586,86,3039.174604,-100.0,-0.42194955643492965,0
-10.887619,59,3040.008024,-100.0,-0.7333560928028541,0
-8.699224,53,3040.75953,-100.0,-0.6448598442943037,0
-14.172184,76,3041.819202,-100.0,-0.9007523909618815,0
-21.480351,108,3043.607407,-100.0,-0.496704334666111,0
-10.579772,62,3044.479965,-100.0,-0.7110344800148318,0
-11.049915,60,3045.329733,-100.0,-0.7010625731127933,0
-17.835673,63,3046.227225,-100.0,-0.5187175406802429,0
-18.432498,136,3048.157021,-100.0,-0.2294897897233049,0
-17.547961,126,3049.975019,-100.0,-0.3251255056565571,0
-10.015,64,3050.881212,-100.0,-0.6996729082676763,0
-14.507815,84,3052.095828,-100.0,-0.257289735758145,0
-11.924889,57,3052.92765,-100.0,-0.5022204781444781,0
-13.524207,73,3053.974811,-100.0,-0.22816018368077864,0
-8.837897,67,3054.931693,-100.0,-0.7892740461476075,0
-9.379273,58,3055.764749,-100.0,-0.3258060894334014,0
-12.754397,58,3056.587394,-100.0,-0.2500858637567694,0
-14.852138,82,3057.77016,-100.0,-0.29472263153693296,0
-13.662931,64,3058.688357,-100.0,-0.2727091314858359,0
-13.410009,83,3059.882548,-100.0,-0.7498897996133358,0
-10.465788,47,3060.561544,-100.0,-0.6892639610734258,0
-11.415987,64,3061.496905,-100.0,-0.6312032932601005,0
-9.726106,60,3062.355618,-100.0,-0.7130589557907886,0
-8.242585,41,3062.948084,-100.0,-0.286173621235182,0
-13.114787,98,3064.367267,-100.0,-0.2516607621583685,0
-12.958746,61,3065.244156,-100.0,-0.7023690125804661,0
-9.264577,48,3065.935945,-100.0,-0.7212693824249785,0
-16.042075,100,3183.684527,-100.0,-0.7635963589405519,0
-10.205937,58,3184.517505,-100.0,-0.6260701253402863,0
-12.993262,75,3185.618407,-100.0,-0.7643874506845783,0
-8.450474,48,3186.320699,-100.0,-0.6244617122332972,0
-11.94036,54,3187.122213,-100.0,-0.2843605243499598,0
-9.603191,58,3187.971491,-100.0,-0.4881352906713971,0
-12.175785,79,3189.110838,-100.0,-0.22512101814931823,0
-12.006064,76,3190.201512,-100.0,-0.7928319416607659,0
-9.327195,70,3191.237738,-100.0,-0.7050715310837576,0
-7.435269,43,3191.868814,-100.0,-0.6882769091821065,0
-10.694654,58,3192.718163,-100.0,-0.2777540328458702,0
-12.386197,73,3193.787908,-100.0,-0.70198106491305,0
-9.480365,67,3194.741064,-100.0,-0.19995470571875784,0
-9.540652,52,3195.492981,-100.0,-0.18765479855330144,0
-11.150969,63,3196.382357,-100.0,-0.6762925804097517,0
-16.08724,100,3197.84617,-100.0,-0.19480028401517258,0
-10.728019,54,3198.64319,-100.0,-0.6933345613697777,0
-8.887823,55,3199.452255,-100.0,-0.7134087144241644,0
-11.363494,65,3200.413971,-100.0,-0.6966946902445896,0
-20.208981,105,3201.961138,-100.0,-0.29595106244688557,0
-70.943553,1600,3342.681584,0.022988550523914516,-0.027299908386117757,0
-11.21197,68,3343.662339,-100.0,-0.6280295332243317,0
-15.262865,85,3344.923563,-100.0,-0.7889969249871738,0
-9.792522,53,3345.704141,-100.0,-0.6533957096047206,0
-8.727652,41,3346.321146,-100.0,-0.6675003155321285,0
-12.595346,105,3347.867209,-100.0,-0.2732288220453268,0
-11.400695,73,3348.942693,-100.0,-0.604709906144911,0
-9.138583,54,3349.712216,-100.0,-0.6688668287404276,0
-8.692703,45,3350.371607,-100.0,-0.6703365885437454,0
-13.748714,112,3352.028288,-100.0,-0.6490718672714041,0
-10.321658,49,3352.73175,-100.0,-0.3007776634912621,0
-17.015075,153,3354.975824,-100.0,-0.6899778185026226,0
-12.394636,57,3355.807023,-100.0,-0.3619116938471466,0
-12.732638,74,3356.883013,-100.0,-0.7095924698329108,0
-8.060821,53,3357.649488,-100.0,-0.6835189528738989,0
-8.73831,39,3358.230543,-100.0,-0.4944033114141536,0
-7.999936,47,3358.908142,-100.0,-0.6946677854109712,0
-9.245981,54,3359.692167,-100.0,-0.6729438170935395,0
-8.604186,46,3360.34466,-100.0,-0.6657927731637222,0
-11.624462,74,3477.033486,-100.0,-0.6573273400566749,0
-14.30533,70,3478.059228,-100.0,-0.2534240656929121,0
-8.611888,50,3478.789314,-100.0,-0.6683377701421404,0
-9.718654,77,3479.916674,-100.0,-0.7696818383074733,0
-8.889528,60,3480.788471,-100.0,-0.654980601484404,0
-7.956766,44,3481.441527,-100.0,-0.6970326422770864,0
-8.62641,52,3482.204528,-100.0,-0.6856519847461957,0
-8.054005,49,3482.92198,-100.0,-0.1678380506396353,0
-8.103543,53,3483.688811,-100.0,-0.7424557573530096,0
-8.125673,45,3484.349557,-100.0,-0.7117546493069381,0
-9.330043,56,3485.159412,-100.0,-0.7991827403530509,0
-11.958316,74,3486.24434,-100.0,-0.6948506994971388,0
-9.879739,59,3487.110347,-100.0,-0.7773684409179943,0
-10.422498,61,3488.019124,-100.0,-0.5942796653666577,0
-11.287158,52,3488.770277,-100.0,-0.24639683847023905,0
-8.405295,47,3489.458219,-100.0,-0.6165542445309239,0
-8.041477,44,3490.108487,-100.0,-0.7201367928536371,0
-9.514256,59,3490.979401,-100.0,-0.7885874539336549,0
-10.460774,55,3491.792045,-100.0,-0.8465435223594907,0
-7.796916,40,3492.379191,-100.0,-0.8100061700466794,0
-8.391296,41,3493.009043,-100.0,-0.6408442242546842,0
-9.457336,47,3493.687402,-100.0,-0.7019089728061121,0
-9.331271,56,3494.503022,-100.0,-0.8025517892419574,0
-8.383473,45,3495.176164,-100.0,-0.7362952167798595,0
-8.2532,38,3495.735778,-100.0,-0.6458809684477396,0
-8.221039,44,3496.396479,-100.0,-0.650042457811968,0
-10.484562,92,3497.756581,-100.0,-0.833518864831833,0
-10.833013,71,3498.810742,-100.0,-0.6400087497900685,0
-17.952877,137,3500.833181,-100.0,-0.29524602033320235,0
-9.175539,65,3501.79477,-100.0,-0.7495141512149953,0
-8.118994,48,3502.510671,-100.0,-0.6883056284034315,0
-9.350626,59,3503.378788,-100.0,-0.6163038157758258,0
-9.663293,60,3504.264462,-100.0,-0.7104433428669544,0
-8.597013,64,3505.229508,-100.0,-0.6551580423192258,0
-11.039466,78,3625.419567,-100.0,-0.6622385047952825,0
-10.388243,63,3626.348378,-100.0,-0.6211552379950805,0
-8.96774,57,3627.210346,-100.0,-0.6370234514645364,0
-12.308191,90,3628.546685,-100.0,-0.7725108488657115,0
-7.654359,42,3629.176418,-100.0,-0.7283334730213671,0
-8.827679,47,3629.872645,-100.0,-0.5775137811026555,0
-7.20372,48,3630.580923,-100.0,-0.706066261534596,0
-13.110275,71,3631.637065,-100.0,-0.23525313240068033,0
-8.622701,52,3632.418059,-100.0,-0.6030335208664075,0
-9.609435,58,3633.258047,-100.0,-0.6490590395438997,0
-10.90411,82,3634.459207,-100.0,-0.28372812918714285,0
-7.926924,42,3635.098003,-100.0,-0.7487345067135418,0
-9.658033,51,3635.874675,-100.0,-0.877901318212763,0
-7.598661,49,3636.593422,-100.0,-0.7136393892279351,0
-11.816258,65,3637.557914,-100.0,-0.7568657111966242,0
-9.767335,70,3638.604833,-100.0,-0.7570956595555293,0
-7.740773,50,3639.331584,-100.0,-0.6151963007329146,0
-8.012625,58,3640.192882,-100.0,-0.7077796449092824,0
-10.716391,70,3641.260464,-100.0,-0.6792806791890628,0
-10.355275,47,3641.966838,-100.0,-0.30653393560855097,0
-9.966302,57,3642.799937,-100.0,-0.6776368664637537,0
-8.661712,42,3643.435146,-100.0,-0.6757515897852838,0
-8.613654,51,3644.181766,-100.0,-0.7079508084017896,0
-11.868962,102,3645.71086,-100.0,-0.15456024314686787,0
-8.013527,56,3646.555634,-100.0,-0.7126295670223104,0
-11.281939,76,3647.68638,-100.0,-0.6711138329839234,0
-8.349676,47,3648.394628,-100.0,-0.68980228795473,0
-9.630944,75,3649.516791,-100.0,-0.6739153411137272,0
-12.093864,99,3651.012019,-100.0,-0.6299553674343078,0
-9.721031,59,3651.864235,-100.0,-0.6346712842352211,0
-16.988186,102,3653.367086,-100.0,-0.33554128538752503,0
-8.49155,47,3654.072141,-100.0,-0.638779463459699,0
-11.511667,84,3655.329268,-100.0,-0.7667676543223916,0
-12.168184,89,3772.535847,-100.0,-0.6819977400687479,0
-7.926525,47,3773.251032,-100.0,-0.6929949552595591,0
-9.524234,62,3774.193151,-100.0,-0.6868357141115058,0
-8.628958,46,3774.873804,-100.0,-0.7734535608695189,0
-9.372199,57,3775.718864,-100.0,-0.7045668118931714,0
-8.263768,62,3776.656662,-100.0,-0.7214235351038983,0
-7.645432,37,3777.215612,-100.0,-0.6168894977548877,0
-8.82792,57,3778.085746,-100.0,-0.6231578631467749,0
-14.575008,100,3779.568764,-100.0,-0.26735226846326304,0
-9.969937,52,3780.390356,-100.0,-0.7468861575838689,0
-8.33148,46,3781.059672,-100.0,-0.6925459718479752,0
-9.660757,51,3781.823093,-100.0,-0.8534412159069958,0
-7.734434,46,3782.507728,-100.0,-0.6668321414580916,0
-7.926958,39,3783.100838,-100.0,-0.7066867798864679,0
-8.549674,63,3784.046237,-100.0,-0.6973987869092332,0
-7.968863,55,3784.870894,-100.0,-0.6668435273412785,0
-11.679599,98,3786.338626,-100.0,-0.6854894451903509,0
-8.988736,58,3787.188206,-100.0,-0.724385819962958,0
-9.00952,53,3787.993536,-100.0,-0.7567115180559557,0
-11.647005,60,3788.895329,-100.0,-0.7203085033467981,0
-8.605879,56,3789.738763,-100.0,-0.6440879971697218,0
-8.835083,55,3790.557156,-100.0,-0.6266174054328302,0
-9.094588,51,3791.302833,-100.0,-0.7084500037315694,0
-9.569144,64,3792.280207,-100.0,-0.6353706006974099,0
-7.376505,49,3793.007647,-100.0,-0.6678383851451287,0
-8.703192,58,3793.883858,-100.0,-0.681123590479112,0
-7.877347,46,3794.552846,-100.0,-0.6553323418173338,0
-7.686858,47,3795.236374,-100.0,-0.6567018622152268,0
-8.911166,49,3795.971294,-100.0,-0.6976715914993703,0
-11.452573,79,3797.16836,-100.0,-0.6767063180050198,0
-12.816652,61,3798.054336,-100.0,-0.7175866522671778,0
-8.681127,51,3798.822026,-100.0,-0.6940558221318415,0
-8.801547,64,3799.770687,-100.0,-0.6442439821762013,0
-7.656485,49,3800.498216,-100.0,-0.7080942735546936,0
-7.803053,48,3801.217674,-100.0,-0.26355741058476534,0
-8.708694,55,3802.03665,-100.0,-0.13977231220897993,0
-14.016533,77,3923.038826,-100.0,-0.3364642634598789,0
-8.186101,50,3923.794305,-100.0,-0.650659889943001,0
-7.945082,47,3924.501592,-100.0,-0.8224051724479633,0
-7.571507,45,3925.193323,-100.0,-0.7115628427833246,0
-8.85205,63,3926.105389,-100.0,-0.7010546539696916,0
-9.613328,74,3927.227659,-100.0,-0.7348659925178237,0
-8.059774,48,3927.9425,-100.0,-0.6950970736958036,0
-8.265505,66,3928.94339,-100.0,-0.7424702486474302,0
-7.826911,55,3929.758941,-100.0,-0.721550974177199,0
-8.633774,60,3930.681944,-100.0,-0.7927587177955238,0
-8.354279,56,3931.521205,-100.0,-0.7082146401612562,0
-9.780668,69,3932.550564,-100.0,-0.6625279615772688,0
-8.804795,67,3933.563605,-100.0,-0.6695601015440463,0
-9.108026,58,3934.405107,-100.0,-0.6963356883399288,0
-7.085761,40,3935.017433,-100.0,-0.6849376547358349,0
-8.066366,43,3935.660407,-100.0,-0.6983388708203889,0
-9.038225,65,3936.6275,-100.0,-0.6770533923590443,0
-10.004463,59,3937.539332,-100.0,-0.6080684452579839,0
-8.042635,45,3938.192278,-100.0,-0.6600649474995888,0
-8.04193,46,3938.892646,-100.0,-0.6890436489965248,0
-9.211814,52,3939.693438,-100.0,-0.7056945859553255,0
-9.313829,54,3940.521479,-100.0,-0.350968136985341,0
-9.74957,56,3941.358994,-100.0,-0.7159433909568768,0
-15.677732,77,3942.502826,-100.0,-0.32852993077976206,0
-9.232692,58,3943.385154,-100.0,-0.6102768148603742,0
-10.694096,61,3944.310503,-100.0,-0.7055429316093875,0
-7.949701,43,3944.946274,-100.0,-0.6444595498077968,0
-7.276308,41,3945.574378,-100.0,-0.6843658378806646,0
-8.27115,45,3946.245387,-100.0,-0.712386184854087,0
-8.594143,49,3946.991774,-100.0,-0.6629267650317621,0
-8.775037,79,3948.198207,-100.0,-0.6501429970357576,0
-7.588139,42,3948.824585,-100.0,-0.6382552322197609,0
-12.675086,46,3949.532438,-100.0,-0.9733632267611098,0
-7.287371,44,3950.189313,-100.0,-0.7838339356230878,0
-8.160738,49,3950.928807,-100.0,-0.6519416626766563,0
-7.300691,46,3951.613238,-100.0,-0.8115185201820537,0
-8.469838,58,3952.470026,-100.0,-0.6207174334626657,0
-9.605178,48,4069.273747,-100.0,-0.6942962301488297,0
-8.036313,42,4069.907445,-100.0,-0.6439779620396405,0
-8.891466,60,4070.816159,-100.0,-0.7872933869176748,0
-7.475464,39,4071.405806,-100.0,-0.704952594311555,0
-8.921179,53,4072.224962,-100.0,-0.7483585322567853,0
-8.35704,44,4072.889143,-100.0,-0.6188637464279308,0
-7.610352,53,4073.704019,-100.0,-0.6445657180644363,0
-8.747134,58,4074.579848,-100.0,-0.6644037594026354,0
-7.689879,53,4075.382062,-100.0,-0.7112815059898832,0
-7.034654,44,4076.052858,-100.0,-0.7343936527782792,0
-8.272861,42,4076.673698,-100.0,-0.610297904325281,0
-9.89939,47,4077.385672,-100.0,-0.7982053331323966,0
-7.512349,43,4078.035632,-100.0,-0.675840047327929,0
-7.504261,45,4078.702959,-100.0,-0.7272948773553088,0
-7.925293,42,4079.343387,-100.0,-0.728070359023477,0
-8.258189,48,4080.075311,-100.0,-0.6321974317435487,0
-7.291818,46,4080.764353,-100.0,-0.7238834763448723,0
-8.313522,43,4081.42496,-100.0,-0.6302355522394171,0
-8.622921,47,4082.139095,-100.0,-0.6175532568145952,0
-10.833578,58,4083.001204,-100.0,-0.7042346421785389,0
-7.233759,44,4083.658116,-100.0,-0.6273498093427817,0
-9.464569,79,4084.854596,-100.0,-0.5738733671031174,0
-8.76723,60,4085.765496,-100.0,-0.6685268082387952,0
-7.839029,49,4086.503701,-100.0,-0.7250302508121631,0
-8.671126,61,4087.418224,-100.0,-0.7130417133862419,0
-7.952727,47,4088.134418,-100.0,-0.8100461625181401,0
-7.287234,45,4088.791903,-100.0,-0.7277323040813231,0
-10.391267,56,4089.637156,-100.0,-0.6617590447134872,0
-11.614579,80,4090.864678,-100.0,-0.660405421858686,0
-15.944525,104,4092.435541,-100.0,-0.2450141973192072,0
-7.083315,38,4093.012428,-100.0,-0.673591875925874,0
-8.496134,46,4093.730977,-100.0,-0.7257614061618544,0
-7.218181,44,4094.380344,-100.0,-0.6940173180038373,0
-7.289302,42,4094.998164,-100.0,-0.6286007588459861,0
-10.875437,75,4096.169,-100.0,-0.3112327293606832,0
-7.916906,44,4096.811306,-100.0,-0.680231920686072,0
-8.248541,45,4097.49126,-100.0,-0.6814430500112939,0
-8.151395,50,4098.254963,-100.0,-0.6536133601524307,0
-7.991948,45,4098.916869,-100.0,-0.7167247136861813,0
-6.89198,39,4099.535292,-100.0,-0.7116625413531092,0
-8.680102,54,4218.333398,-100.0,-0.8750223421599198,0
-7.67512,49,4219.071568,-100.0,-0.6297773249061038,0
-7.13467,44,4219.752811,-100.0,-0.7091066768031045,0
-9.215177,54,4220.556696,-100.0,-0.6853367524498194,0
-7.202752,46,4221.260745,-100.0,-0.6959709970476909,0
-8.457981,44,4221.934081,-100.0,-0.6401701417837903,0
-7.650237,54,4222.753948,-100.0,-0.7213285763479371,0
-7.815697,56,4223.61739,-100.0,-0.7580737997939498,0
-8.812438,69,4224.693614,-100.0,-0.6694732961305335,0
-7.002514,41,4225.322731,-100.0,-0.6931051558845964,0
-9.018929,62,4226.24943,-100.0,-0.7630268614826023,0
-8.305558,61,4227.176262,-100.0,-0.6364404456027404,0
-7.484591,49,4227.932975,-100.0,-0.733523128233984,0
-7.437259,55,4228.758359,-100.0,-0.7007305202800519,0
-7.855996,44,4229.431052,-100.0,-0.673535621390011,0
-7.255738,39,4230.046924,-100.0,-0.6057318895659487,0
-7.735753,40,4230.645555,-100.0,-0.5984100173588491,0
-8.882454,58,4231.54491,-100.0,-0.6566235662326815,0
-8.085609,50,4232.300707,-100.0,-0.7230755457966002,0
-8.255346,46,4233.001383,-100.0,-0.6653177576218168,0
-9.039144,64,4233.962434,-100.0,-0.7588605023230971,0
-8.10043,58,4234.838823,-100.0,-0.7080873549713058,0
-8.251598,56,4235.704366,-100.0,-0.7531024373794776,0
-8.821623,51,4236.483735,-100.0,-0.2171740742081695,0
-7.585557,52,4237.26661,-100.0,-0.7589597026270061,0
-8.396135,57,4238.145604,-100.0,-0.737942240921821,0
-10.030291,76,4239.323337,-100.0,-0.8327920952705924,0
-7.227042,48,4240.059999,-100.0,-0.6907322273302525,0
-8.05086,45,4240.753173,-100.0,-0.24838370850897407,0
-7.680544,48,4241.475502,-100.0,-0.6874441147089839,0
-7.476072,42,4242.108433,-100.0,-0.6762078568517471,0
-6.598389,39,4242.691121,-100.0,-0.6888411203507241,0
-8.298716,48,4243.448047,-100.0,-0.6125308908634086,0
-8.54918,53,4244.24191,-100.0,-0.691545365234965,0
-7.82208,52,4245.043647,-100.0,-0.7336746805236081,0
-8.2611,51,4245.842241,-100.0,-0.7674487233243433,0
-9.687601,71,4246.898497,-100.0,-0.7419234862080369,0
-7.864797,47,4247.607639,-100.0,-0.6519343244684158,0
-8.513405,54,4248.425076,-100.0,-0.7361991972294663,0
-8.21678,54,4366.55063,-100.0,-0.7003087978609362,0
-7.947987,54,4367.389591,-100.0,-0.76692314080485,0
-7.021125,36,4367.947235,-100.0,-0.6445043040869087,0
-7.533131,53,4368.777506,-100.0,-0.7220376034569934,0
-7.646351,55,4369.620906,-100.0,-0.7375625612567693,0
-7.752901,67,4370.643424,-100.0,-0.7700146121673553,0
-7.081627,42,4371.286835,-100.0,-0.7177832953469466,0
-7.27697,39,4371.90561,-100.0,-0.7721925135778998,0
-7.116451,42,4372.550977,-100.0,-0.6655200365710928,0
-7.780656,44,4373.245392,-100.0,-0.6739006308007596,0
-7.772678,43,4373.885214,-100.0,-0.6452766258504015,0
-10.510199,65,4374.883117,-100.0,-0.6518919593468585,0
-7.574938,43,4375.537707,-100.0,-0.6697187353560905,0
-7.233438,48,4376.284274,-100.0,-0.6396020392965842,0
-9.12947,65,4377.28921,-100.0,-0.6970290063985838,0
-7.996816,47,4378.009768,-100.0,-0.6541182561629653,0
-6.703323,39,4378.613673,-100.0,-0.6828419411324466,0
-7.051676,40,4379.218832,-100.0,-0.6516097578184756,0
-7.276848,45,4379.913294,-100.0,-0.6640008216949673,0
-8.2154,47,4380.634196,-100.0,-0.6674312464907475,0
-7.243736,49,4381.392009,-100.0,-0.7116534457961196,0
-12.231214,102,4382.964458,-100.0,-0.5989301825000813,0
-8.66027,57,4383.849694,-100.0,-0.6547158300831186,0
-9.077098,71,4384.941681,-100.0,-0.7158757883505499,0
-10.28842,80,4386.187226,-100.0,-0.6050210342074007,0
-7.71499,41,4386.817505,-100.0,-0.7727441173781411,0
-7.611631,48,4387.552928,-100.0,-0.6763035999056298,0
-7.664949,42,4388.201178,-100.0,-0.6936691071117992,0
-7.593781,45,4388.894076,-100.0,-0.7603804493335651,0
-8.324376,53,4389.703012,-100.0,-0.5600075669821708,0
-13.519798,114,4391.458771,-100.0,-0.06514800404500988,0
-7.046801,37,4392.018864,-100.0,-0.6825099785237325,0
-7.534718,39,4392.638806,-100.0,-0.6721457419531952,0
-7.546861,47,4393.339554,-100.0,-0.6963601531335725,0
-7.248672,50,4394.11422,-100.0,-0.672972371544228,0
-7.326522,48,4394.85417,-100.0,-0.660761207564382,0
-8.192657,45,4395.559777,-100.0,-0.779305202525075,0
-7.409555,49,4396.317367,-100.0,-0.6642987467891062,0
-6.8344,51,4397.091146,-100.0,-0.720318696112287,0
-8.622058,65,4398.098268,-100.0,-0.6659178074678319,0
-7.295289,45,4519.859275,-100.0,-0.7146077626810753,0
-7.25459,39,4520.461651,-100.0,-0.6663712775367839,0
-8.264019,51,4521.271255,-100.0,-0.6200595605588877,0
-7.670263,40,4521.87345,-100.0,-0.6929566517966281,0
-7.964264,50,4522.668061,-100.0,-0.6620658904041915,0
-7.301156,48,4523.406115,-100.0,-0.8114782512702204,0
-7.989895,64,4524.391651,-100.0,-0.7430276609647356,0
-7.481288,48,4525.158043,-100.0,-0.8230005369048183,0
-7.378234,41,4525.789887,-100.0,-0.8031522870896031,0
-7.242801,41,4526.427987,-100.0,-0.6501197217979008,0
-7.223948,43,4527.102862,-100.0,-0.6900258010545068,0
-7.476457,54,4527.951888,-100.0,-0.7455732418169038,0
-7.080821,42,4528.594171,-100.0,-0.6586487172501272,0
-7.237447,43,4529.262117,-100.0,-0.7179250690901181,0
-8.609751,48,4530.014522,-100.0,-0.635553928270917,0
-6.607469,47,4530.726658,-100.0,-0.7557359444092273,0
-7.750413,54,4531.562998,-100.0,-0.6501573032915036,0
-7.55672,52,4532.399107,-100.0,-0.6514741778746874,0
-7.941398,56,4533.244922,-100.0,-0.6915768195812138,0
-7.782783,46,4533.962976,-100.0,-0.7263227178931883,0
-7.602328,37,4534.550269,-100.0,-0.48992537517303975,0
-7.34849,41,4535.181908,-100.0,-0.6565038261735213,0
-7.280598,45,4535.880369,-100.0,-0.6372336536526279,0
-7.599384,54,4536.699126,-100.0,-0.717525378362737,0
-7.843665,43,4537.378544,-100.0,-0.6407699180920621,0
-6.332093,37,4537.949939,-100.0,-0.7578337840474848,0
-6.967438,41,4538.581476,-100.0,-0.6899858568758754,0
-6.950135,35,4539.137734,-100.0,-0.6343343849972839,0
-7.508946,40,4539.755649,-100.0,-0.7490451822609647,0
-6.335711,43,4540.409283,-100.0,-0.7687672830815567,0
-7.990927,56,4541.277474,-100.0,-0.773713756345208,0
-6.225285,37,4541.877027,-100.0,-0.7380495965807418,0
-8.283921,42,4542.520825,-100.0,-0.5865418780921084,0
-8.896228,43,4543.186693,-100.0,-0.7543568273649185,0
-6.561854,42,4543.848962,-100.0,-0.727345331083724,0
-6.671625,38,4544.437934,-100.0,-0.6989836844800219,0
-7.89889,46,4545.162636,-100.0,-0.6150899712937312,0
-7.610028,44,4545.849966,-100.0,-0.6019011279684175,0
-7.454425,48,4546.590001,-100.0,-0.7142161184989415,0
-7.827546,44,4547.273444,-100.0,-0.6771567849546941,0
-6.837959,45,4547.977019,-100.0,-0.9404445492241826,0
-7.594762,58,4548.885565,-100.0,-0.7218688976573273,0
-7.88731,44,4549.580319,-100.0,-0.6496264495467697,0
-7.709457,49,4550.347328,-100.0,-0.6931502555047224,0
-6.490052,39,4550.919284,-100.0,-0.7305264578802293,0
-7.029911,49,4669.277131,-100.0,-0.6842661625661673,0
-8.105197,50,4670.064261,-100.0,-0.6381266206128792,0
-6.650982,39,4670.657969,-100.0,-0.6963176986286144,0
-7.90273,46,4671.392105,-100.0,-0.6448444559524983,0
-8.184522,52,4672.206574,-100.0,-0.6928130543963124,0
-7.580578,46,4672.934278,-100.0,-0.7128095102002687,0
-7.787686,42,4673.567539,-100.0,-0.7147440431277648,0
-7.821783,54,4674.409102,-100.0,-0.6952099436857471,0
-7.232686,38,4674.988204,-100.0,-0.6222795512857167,0
-6.68567,39,4675.596948,-100.0,-0.8379136972571115,0
-6.448077,39,4676.203964,-100.0,-0.711162766386509,0
-6.594896,46,4676.920209,-100.0,-0.8103639547636563,0
-7.279129,43,4677.605546,-100.0,-0.7002725209467432,0
-7.30432,48,4678.346205,-100.0,-0.7653851190590131,0
-7.130491,43,4679.016459,-100.0,-0.7231889304850304,0
-8.122586,48,4679.758337,-100.0,-0.633095581143613,0
-7.300123,40,4680.387812,-100.0,-0.6835098841034509,0
-7.536613,37,4680.975742,-100.0,-0.6578115259885022,0
-6.516199,41,4681.602205,-100.0,-0.7041966990733003,0
-7.168149,39,4682.223855,-100.0,-0.6861592085471899,0
-7.351857,46,4682.926126,-100.0,-0.5878390534624737,0
-6.651108,38,4683.520005,-100.0,-0.7444852729434963,0
-7.135387,44,4684.200886,-100.0,-0.7506941777756744,0
-7.657462,46,4684.913033,-100.0,-0.6409758749019365,0
-7.90412,45,4685.615017,-100.0,-0.6261599777507472,0
-8.571134,56,4686.462215,-100.0,-0.6423456395758207,0
-7.912438,42,4687.119056,-100.0,-0.7118810433839604,0
-7.162933,43,4687.774657,-100.0,-0.7499924126003933,0
-7.70228,45,4688.469863,-100.0,-0.691533635816979,0
-7.384005,42,4689.122001,-100.0,-0.6478253105566016,0
-7.39263,41,4689.756635,-100.0,-0.6593441793116683,0
-6.888632,45,4690.463582,-100.0,-0.6463864024002933,0
-7.102295,42,4691.120049,-100.0,-0.6550896325417523,0
-8.435865,59,4692.049676,-100.0,-0.6447277279839764,0
-7.405301,51,4692.83914,-100.0,-0.6460825828435204,0
-7.375669,38,4693.443663,-100.0,-0.6648331647659337,0
-8.023186,50,4694.20257,-100.0,-0.6524714525173693,0
-7.746664,43,4694.873365,-100.0,-0.6712788852155014,0
-6.88851,44,4695.558805,-100.0,-0.6468308340498024,0
-6.642644,44,4696.251931,-100.0,-0.7471461795619769,0
-7.617421,49,4697.018442,-100.0,-0.6224895291551885,0
-8.442016,55,4697.868522,-100.0,-0.6282389317304208,0
-7.246973,47,4698.599375,-100.0,-0.6472733735672527,0
-7.918642,44,4699.292132,-100.0,-0.6729603520325601,0
-8.037418,50,4700.089884,-100.0,-0.6288080564421251,0
-7.074499,50,4826.108277,-100.0,-0.6969444879993372,0
-6.885711,43,4826.78416,-100.0,-0.7213456989369579,0
-6.857081,45,4827.494371,-100.0,-0.6168158379597386,0
-7.002548,48,4828.244147,-100.0,-0.7423939313507699,0
-7.011614,36,4828.791802,-100.0,-0.7506033821715439,0
-6.547757,42,4829.448168,-100.0,-0.7201874268285573,0
-7.4851,45,4830.155498,-100.0,-0.6871066285525501,0
-7.403576,43,4830.829034,-100.0,-0.634451706613271,0
-7.169817,45,4831.535035,-100.0,-0.7241317412654823,0
-7.449182,49,4832.291325,-100.0,-0.744428941026369,0
-8.016491,59,4833.24262,-100.0,-0.6494333075338329,0
-7.559146,43,4833.908519,-100.0,-0.719702710213717,0
-7.588067,63,4834.874208,-100.0,-0.6912144723518343,0
-6.62149,41,4835.513792,-100.0,-0.6339678492510483,0
-7.961207,51,4836.343207,-100.0,-0.6285560139969125,0
-7.154569,42,4836.988301,-100.0,-0.6301723261155231,0
-7.105591,42,4837.658589,-100.0,-0.6282277689874268,0
-6.954921,39,4838.270179,-100.0,-0.7086195792045683,0
-7.078354,38,4838.854883,-100.0,-0.6388568636514673,0
-7.189555,45,4839.559654,-100.0,-0.6490568211139326,0
-7.430166,43,4840.242683,-100.0,-0.6142960035140793,0
-6.407821,40,4840.860927,-100.0,-0.7271134253023915,0
-7.152323,43,4841.524806,-100.0,-0.6230605205668802,0
-6.690091,47,4842.268126,-100.0,-0.8830565842314968,0
-7.477543,46,4842.997202,-100.0,-0.6766576745222185,0
-6.989665,48,4843.763339,-100.0,-0.7448305699649332,0
-6.451838,42,4844.409729,-100.0,-0.7706701398309895,0
-6.211795,38,4844.990977,-100.0,-0.7252615581612909,0
-7.959473,48,4845.747051,-100.0,-0.6275873547073538,0
-7.392052,44,4846.427171,-100.0,-0.6437077922214689,0
-6.812518,45,4847.124472,-100.0,-0.721470773433394,0
-12.292978,101,4848.695419,-100.0,-0.24342272235570672,0
-7.04866,43,4849.368835,-100.0,-0.7172722164556444,0
-7.21874,40,4850.012293,-100.0,-0.6329689834323652,0
-7.507863,54,4850.846137,-100.0,-0.7281820210217376,0
-7.42723,44,4851.534387,-100.0,-0.6800221118279007,0
-6.978323,43,4852.190084,-100.0,-0.6773756279557936,0
-7.345975,43,4852.868591,-100.0,-0.6106334891938211,0
-7.700551,45,4853.58654,-100.0,-0.6354691084930935,0
-6.943664,39,4854.388446,-100.0,-0.7089756735513812,0
-6.707692,37,4854.967135,-100.0,-0.6997116191033266,0
-7.586671,54,4855.800304,-100.0,-0.7614114603352374,0
-7.598316,40,4856.449756,-100.0,-0.6759743239983523,0
-6.756685,40,4857.065557,-100.0,-0.6674135734763179,0
-7.727916,59,4977.196369,-100.0,-0.6490163447390055,0
-8.247124,67,4978.222885,-100.0,-0.6600761035635752,0
-6.307815,40,4978.858669,-100.0,-0.7624719541662366,0
-6.951319,41,4979.50476,-100.0,-0.771878438732745,0
-6.72921,40,4980.157109,-100.0,-0.7098386272531231,0
-7.041995,41,4980.787082,-100.0,-0.6956269147958611,0
-7.041814,49,4981.566524,-100.0,-0.6544645619668427,0
-6.890608,47,4982.325077,-100.0,-0.695034998660494,0
-6.671129,40,4982.927741,-100.0,-0.7316388385512116,0
-6.731238,39,4983.545396,-100.0,-0.7295016299143393,0
-6.650484,37,4984.14004,-100.0,-0.7114067956745213,0
-7.459374,40,4984.770851,-100.0,-0.5996876504275847,0
-7.029756,44,4985.465493,-100.0,-0.6324211082152568,0
-7.228813,42,4986.107667,-100.0,-0.7675721117270197,0
-6.837746,56,4987.005013,-100.0,-0.8485585476154437,0
-6.250278,34,4987.523183,-100.0,-0.6824760047632914,0
-7.817629,45,4988.240049,-100.0,-0.8283885355351265,0
-6.740223,40,4988.877486,-100.0,-0.7406677957326407,0
-6.706326,38,4989.48553,-100.0,-0.6431797468191331,0
-6.222859,37,4990.044151,-100.0,-0.8670586241264154,0
-7.628515,53,4990.882121,-100.0,-0.6411521929034921,0
-6.716018,44,4991.58417,-100.0,-0.6409570565601542,0
-6.794731,41,4992.232321,-100.0,-0.6590923736238797,0
-6.827786,49,4993.006473,-100.0,-0.7178725376452729,0
-7.343691,52,4993.830544,-100.0,-0.6395893917134099,0
-7.449535,52,4994.645096,-100.0,-0.6566540091357934,0
-7.962481,47,4995.384345,-100.0,-0.65736653068331,0
-6.732938,47,4996.119469,-100.0,-0.8486265818581628,0
-6.903042,41,4996.771305,-100.0,-0.6721685451765549,0
-6.697122,37,4997.356817,-100.0,-0.6701033947788848,0
-8.510408,38,4997.945707,-100.0,-0.6640154591985867,0
-6.686204,41,4998.60582,-100.0,-0.7483050137045111,0
-6.977408,41,4999.242053,-100.0,-0.6816890009876875,0
-6.952202,39,4999.852079,-100.0,-0.6189467758379792,0
-7.170012,46,5000.570904,-100.0,-0.628964578441467,0
-6.562683,42,5001.241363,-100.0,-0.737478068207104,0
-6.787249,38,5001.838902,-100.0,-0.6939772019809431,0
-7.032452,45,5002.564791,-100.0,-0.6657607324606234,0
-7.736103,56,5003.417403,-100.0,-0.612551563703278,0
-6.772512,41,5004.069361,-100.0,-0.6116346182730231,0
-6.884206,44,5004.743218,-100.0,-0.6129015312665733,0
-7.618802,44,5005.45096,-100.0,-0.7756144797735071,0
-6.341531,40,5006.079895,-100.0,-0.6666560908463273,0
-7.011187,42,5006.745406,-100.0,-0.6469366828278472,0
-6.883331,45,5007.455168,-100.0,-0.675150515022983,0
-6.149687,40,5008.095445,-100.0,-0.784609932577758,0
-6.856782,38,5008.690361,-100.0,-0.8449809030682547,0
-6.928984,48,5113.346052,-100.0,-0.7399737454992136,0
-6.419975,40,5114.004677,-100.0,-0.7618012196876456,0
-8.095672,55,5114.872079,-100.0,-0.6775622267750611,0
-7.86732,54,5115.723443,-100.0,-0.6815921313102439,0
-6.942111,41,5116.362931,-100.0,-0.6518742534930233,0
-6.927945,48,5117.122759,-100.0,-0.6727502491238802,0
-6.293151,35,5117.682845,-100.0,-0.7784861669931246,0
-6.856206,45,5118.395998,-100.0,-0.6387952711053103,0
-6.646102,43,5119.077663,-100.0,-0.8355736607944557,0
-7.403618,53,5119.938549,-100.0,-0.8726984471059023,0
-6.554565,37,5120.50784,-100.0,-0.6557407650524072,0
-7.078696,40,5121.142921,-100.0,-0.7108173720292403,0
-7.247064,43,5121.812264,-100.0,-0.635366684288933,0
-6.559932,38,5122.43287,-100.0,-0.6560877906151442,0
-7.107047,39,5123.041046,-100.0,-0.6844829616019859,0
-7.076721,47,5123.81486,-100.0,-0.6396544827191231,0
-7.866756,58,5124.725889,-100.0,-0.7536598340071945,0
-6.892926,43,5125.404625,-100.0,-0.6799740172173776,0
-7.9134,55,5126.264031,-100.0,-0.7417746313202206,0
-6.667264,42,5126.934429,-100.0,-0.7052346088628554,0
-6.71845,39,5127.534072,-100.0,-0.6537567076724544,0
-6.852703,52,5128.366217,-100.0,-0.7484889034009949,0
-10.711784,81,5129.653605,-100.0,-0.18758947168775042,0
-7.382296,47,5130.398799,-100.0,-0.7217382110426649,0
-6.996055,43,5131.075457,-100.0,-0.7085294592037971,0
-6.938835,42,5131.751779,-100.0,-0.6439072961819043,0
-6.552054,38,5132.373937,-100.0,-0.6709030728301928,0
-7.334007,47,5133.097193,-100.0,-0.6951620259784699,0
-7.271837,43,5133.768008,-100.0,-0.6190000578230739,0
-6.337194,36,5134.3618,-100.0,-0.7486405309986139,0
-6.975765,44,5135.052315,-100.0,-0.737739123570741,0
-8.515585,58,5135.989331,-100.0,-0.636977510893802,0
-6.394166,41,5136.636704,-100.0,-0.7013639977453945,0
-7.585785,54,5137.484435,-100.0,-0.6382258802055366,0
-6.753287,42,5138.155705,-100.0,-0.6831284199178995,0
-6.471361,42,5138.823017,-100.0,-0.8237572782547893,0
-7.847533,54,5139.670257,-100.0,-0.6081933631381885,0
-6.85857,40,5140.297711,-100.0,-0.6951393787339397,0
-7.784834,51,5141.099847,-100.0,-0.612155068049374,0
-6.956575,36,5141.689083,-100.0,-0.66019726460417,0
-6.610716,43,5142.374913,-100.0,-0.7751735187079659,0
-7.955377,54,5143.225129,-100.0,-0.5978067848408151,0
-6.834934,43,5143.903629,-100.0,-0.6689067508211238,0
-6.453136,40,5144.549267,-100.0,-0.8016990210788876,0
-7.035777,40,5145.180056,-100.0,-0.6594756305522164,0
-6.876702,44,5267.786203,-100.0,-0.6557783644967108,0
-7.409577,47,5268.528799,-100.0,-0.6830923260975064,0
-6.592123,44,5269.223602,-100.0,-0.7216799362626184,0
-6.49842,41,5269.876505,-100.0,-0.7150017770330002,0
-6.834535,51,5270.70355,-100.0,-0.737792705350409,0
-6.771467,37,5271.295625,-100.0,-0.6781308935601719,0
-7.132973,40,5271.934319,-100.0,-0.7706267722874931,0
-7.104666,44,5272.623486,-100.0,-0.8625583872031111,0
-6.139574,37,5273.219947,-100.0,-0.738720215107078,0
-6.053109,36,5273.767516,-100.0,-0.7663748729982196,0
-6.886142,44,5274.456845,-100.0,-0.6320904277968851,0
-6.828945,39,5275.086611,-100.0,-0.5891231615309966,0
-6.4241,38,5275.698418,-100.0,-0.669654518373347,0
-6.461714,42,5276.36254,-100.0,-0.7432361303755879,0
-7.863332,48,5277.123997,-100.0,-0.9389553364261708,0
-7.505285,44,5277.804063,-100.0,-0.6925965898131365,0
-6.670839,40,5278.441103,-100.0,-0.7716437605372544,0
-7.064306,40,5279.063488,-100.0,-0.5025920630909819,0
-7.283089,43,5279.761455,-100.0,-0.8068473306927837,0
-8.555549,49,5280.529148,-100.0,-0.8654528727776437,0
-6.619892,36,5281.099837,-100.0,-0.6973362796158982,0
-6.69887,39,5281.715795,-100.0,-0.7135273650549125,0
-6.620363,41,5282.38331,-100.0,-0.7766506523270276,0
-6.684047,44,5283.077759,-100.0,-0.7455589764384647,0
-6.988549,41,5283.71681,-100.0,-0.642830810815512,0
-6.854955,42,5284.392323,-100.0,-0.6052624679705478,0
-6.75214,52,5285.188253,-100.0,-0.7802743341902733,0
-6.011154,34,5285.745473,-100.0,-0.8180285336674732,0
-7.034996,47,5286.477791,-100.0,-0.8323974795868383,0
-7.322084,51,5287.300623,-100.0,-0.6801887940971343,0
-7.026195,43,5287.982658,-100.0,-0.6606913560134381,0
-7.191174,49,5288.782897,-100.0,-0.6338709011485697,0
-6.607901,44,5289.462352,-100.0,-0.6800201446912543,0
-7.653402,56,5290.330613,-100.0,-0.767326103157845,0
-6.15584,33,5290.880901,-100.0,-0.746721833483354,0
-7.529593,51,5291.682023,-100.0,-0.7022204581552864,0
-6.80628,43,5292.36198,-100.0,-0.7799478406000174,0
-7.111475,38,5292.965893,-100.0,-0.5663246967294443,0
-6.44051,35,5293.547079,-100.0,-0.7658773223194318,0
-6.557359,42,5294.177452,-100.0,-0.6892831405077294,0
-6.385297,41,5294.837676,-100.0,-0.7894311425977456,0
-7.113921,40,5295.46037,-100.0,-0.6701674913635327,0
-7.16667,51,5296.281674,-100.0,-0.7389473070084202,0
-6.578454,41,5296.924628,-100.0,-0.7136090081085303,0
-7.064179,41,5297.568507,-100.0,-0.6525025166426075,0
-7.686107,48,5298.31976,-100.0,-0.5996465874777209,0
-6.848384,46,5299.064647,-100.0,-0.6503332000979493,0
-6.702806,43,5299.741807,-100.0,-0.8816770359806018,0
-6.631445,38,5409.536461,-100.0,-0.8189109558087696,0
-6.076389,36,5410.107456,-100.0,-0.7592525159296765,0
-7.118472,44,5410.79957,-100.0,-0.6175711049607423,0
-6.976731,44,5411.494205,-100.0,-0.749250812992254,0
-6.159714,37,5412.087995,-100.0,-0.7075214563513965,0
-6.355653,40,5412.726056,-100.0,-0.7484620462678999,0
-7.495832,54,5413.598824,-100.0,-0.7025607526347872,0
-6.56328,37,5414.178231,-100.0,-0.7242833902827961,0
-6.050774,37,5414.77035,-100.0,-0.7466319694752288,0
-7.036681,53,5415.600961,-100.0,-0.7355676463014921,0
-6.93605,44,5416.324963,-100.0,-0.6746094677563754,0
-6.333711,39,5416.914016,-100.0,-0.8452835236670438,0
-6.496279,40,5417.759952,-100.0,-0.7293093293525035,0
-6.689774,38,5418.359155,-100.0,-0.7111237821840579,0
-6.093631,33,5418.875735,-100.0,-0.8586568474621363,0
-6.765366,44,5419.582877,-100.0,-0.7940247573036722,0
-6.52424,41,5420.243789,-100.0,-0.760997893869918,0
-7.842147,59,5421.202193,-100.0,-0.6665063120591882,0
-6.843606,40,5421.842613,-100.0,-0.6688777555414569,0
-6.587517,41,5422.497827,-100.0,-0.658776765221544,0
-6.889867,45,5423.218111,-100.0,-0.747884593613305,0
-6.430054,41,5423.879949,-100.0,-0.6110313929460164,0
-6.451025,41,5424.527735,-100.0,-0.7095654319723246,0
-6.852667,40,5425.161138,-100.0,-0.7260059678233627,0
-6.556112,40,5425.792423,-100.0,-0.7092339081698736,0
-6.525679,41,5426.453746,-100.0,-0.684614697995236,0
-6.210645,34,5426.978011,-100.0,-0.6778760730595361,0
-7.091345,40,5427.612016,-100.0,-0.6677418373386946,0
-6.608559,37,5428.205667,-100.0,-0.6163293276675212,0
-6.612308,46,5428.933956,-100.0,-0.7064095463393225,0
-7.315858,43,5429.619149,-100.0,-0.6936222390749427,0
-6.941457,47,5430.386966,-100.0,-0.6752036186985472,0
-7.035926,49,5431.169032,-100.0,-0.6431361029225678,0
-6.400096,40,5431.803874,-100.0,-0.8010199687909784,0
-6.742641,44,5432.503165,-100.0,-0.6892801376428968,0
-7.811074,43,5433.185128,-100.0,-0.5801610304168091,0
-6.535504,41,5433.836104,-100.0,-0.6829186713167877,0
-6.60104,44,5434.545855,-100.0,-0.6615415478193049,0
-6.593778,42,5435.188763,-100.0,-0.6616313994679471,0
-6.964068,53,5436.041358,-100.0,-0.6234316354009768,0
-7.530318,50,5436.840549,-100.0,-0.6782154752238406,0
-6.901913,41,5437.480898,-100.0,-0.6316576463996311,0
-6.326631,41,5438.133131,-100.0,-0.7463981605029655,0
-6.76129,38,5438.752119,-100.0,-0.7800049919129626,0
-6.447349,44,5439.442456,-100.0,-0.7255895953242446,0
-6.729026,35,5440.012802,-100.0,-0.5867291542432915,0
-7.182891,47,5440.748288,-100.0,-0.725612036065577,0
-6.554267,49,5441.519123,-100.0,-0.6817030062089384,0
-6.15431,44,5543.680167,-100.0,-0.7919885602238533,0
-6.115632,37,5544.279085,-100.0,-0.7409367455599212,0
-6.590888,38,5544.900121,-100.0,-0.825921004736547,0
-6.805935,43,5545.586958,-100.0,-0.6806653938167254,0
-6.884598,41,5546.241709,-100.0,-0.690198782394219,0
-7.121367,48,5547.002815,-100.0,-0.6371949607683842,0
-6.331056,39,5547.628434,-100.0,-0.6934298236674077,0
-6.866073,38,5548.233643,-100.0,-0.6709277092591593,0
-6.253355,40,5548.869182,-100.0,-0.7612728420340966,0
-6.737909,37,5549.466384,-100.0,-0.62120816863477,0
-6.466206,42,5550.122611,-100.0,-0.6984029752411832,0
-6.632042,46,5550.851172,-100.0,-0.6697036127699284,0
-6.773624,39,5551.482743,-100.0,-0.6878218572325775,0
-6.541149,44,5552.207904,-100.0,-0.7076223791369285,0
-6.889437,44,5552.908436,-100.0,-0.6254325614276025,0
-6.842114,39,5553.527488,-100.0,-0.6176428351607172,0
-6.54827,42,5554.185193,-100.0,-0.694517320115921,0
-6.44339,44,5554.886526,-100.0,-0.7035756216503923,0
-6.752803,43,5555.571365,-100.0,-0.8512912976045027,0
-6.785372,41,5556.246051,-100.0,-0.6424015589877758,0
-6.74979,42,5556.918092,-100.0,-0.6591726784000819,0
-6.012242,39,5557.55095,-100.0,-0.7250923441310378,0
-6.564004,41,5558.201802,-100.0,-0.6560815046498863,0
-6.676919,41,5558.861201,-100.0,-0.7296105920113796,0
-6.533494,43,5559.548756,-100.0,-0.7213323635044475,0
-6.502736,45,5560.261192,-100.0,-0.749718442543183,0
-6.878773,40,5560.913381,-100.0,-0.6960836879283498,0
-6.881956,43,5561.591155,-100.0,-0.7050940707206557,0
-6.552534,40,5562.249447,-100.0,-0.6147951374858571,0
-6.157902,38,5562.850328,-100.0,-0.7663275621803669,0
-6.613573,38,5563.462595,-100.0,-0.8436711523386177,0
-6.652388,40,5564.088923,-100.0,-0.7154462361144347,0
-6.663409,44,5564.797413,-100.0,-0.764652561101076,0
-6.705234,42,5565.455835,-100.0,-0.7334046550615814,0
-6.140948,40,5566.105489,-100.0,-0.7188556859011802,0
-7.849843,41,5566.767838,-100.0,-0.6115646593726873,0
-6.997747,48,5567.539545,-100.0,-0.6496234222024259,0
-5.937469,38,5568.147923,-100.0,-0.74239931738915,0
-6.821113,41,5568.802947,-100.0,-0.6724842035674684,0
-6.167597,37,5569.391227,-100.0,-0.8515591769937099,0
-6.857828,47,5570.146053,-100.0,-0.7578007750190559,0
-6.741988,46,5570.879896,-100.0,-0.6710180888301854,0
-7.186856,39,5571.506602,-100.0,-0.47621995829238595,0
-5.957658,37,5572.091431,-100.0,-0.6659092218207099,0
-7.369821,48,5572.869854,-100.0,-0.7042595595396065,0
-6.773233,38,5573.473311,-100.0,-0.681708231545294,0
-5.968272,40,5574.113515,-100.0,-0.8500227231581966,0
-6.014526,36,5574.676775,-100.0,-0.6970953696822088,0
-6.340814,42,5575.343724,-100.0,-0.6330725907100542,0
-6.852013,39,5575.976504,-100.0,-0.7588013859505399,0
-6.884926,49,5692.23313,-100.0,-0.7020742834005532,0
-6.760366,44,5692.93468,-100.0,-0.7424676003162082,0
-6.599669,43,5693.630963,-100.0,-0.6791291587536054,0
-6.241677,38,5694.233933,-100.0,-0.6915098342915987,0
-7.057413,45,5694.966954,-100.0,-0.7921327407648147,0
-6.213059,45,5695.68651,-100.0,-0.7844356455501401,0
-6.706056,46,5696.425644,-100.0,-0.6847875716736648,0
-6.568686,38,5697.039673,-100.0,-0.6708705757957516,0
-7.120002,40,5697.680118,-100.0,-0.6583511760938591,0
-6.033534,40,5698.323314,-100.0,-0.793819502216592,0
-6.182392,38,5698.930033,-100.0,-0.8068331441677692,0
-6.520315,39,5699.561326,-100.0,-0.6638098913960723,0
-6.470397,44,5700.268545,-100.0,-0.6683078770745172,0
-6.397539,40,5700.913952,-100.0,-0.706722192225132,0
-6.664519,41,5701.568295,-100.0,-0.6712692993120146,0
-6.633509,38,5702.179868,-100.0,-0.6708223449466038,0
-7.313179,53,5703.044671,-100.0,-0.6767450683318571,0
-6.027577,39,5703.668791,-100.0,-0.6053746972031017,0
-6.16333,38,5704.282473,-100.0,-0.5847963731163445,0
-6.285021,41,5704.938875,-100.0,-0.8172819173684728,0
-6.487149,38,5705.542079,-100.0,-0.6280122722954895,0
-6.75289,35,5706.103434,-100.0,-0.6503567934140361,0
-6.395867,37,5706.699138,-100.0,-0.7577473586164039,0
-6.438785,34,5707.245458,-100.0,-0.6164646650382757,0
-6.614792,48,5708.023935,-100.0,-0.6078328694605716,0
-6.650369,40,5708.662052,-100.0,-0.9387827952612136,0
-6.637112,39,5709.293768,-100.0,-0.6178943946072166,0
-6.875928,36,5709.881968,-100.0,-0.6983247741319553,0
-5.869811,37,5710.484079,-100.0,-0.7804769581699728,0
-6.578054,42,5711.15633,-100.0,-0.6408789701473707,0
-6.646601,36,5711.731747,-100.0,-0.9029932562199098,0
-7.029041,43,5712.423501,-100.0,-0.7363718479163966,0
-7.08235,47,5713.164542,-100.0,-0.6503804510275369,0
-6.430472,46,5713.898029,-100.0,-0.7686953490001728,0
-7.107865,41,5714.577285,-100.0,-0.7916523144293948,0
-6.862596,40,5715.222988,-100.0,-0.661050903892477,0
-6.257014,41,5715.877803,-100.0,-0.7256768595114951,0
-7.150607,45,5716.603452,-100.0,-0.6683425661110564,0
-6.052968,41,5717.272273,-100.0,-0.7335037772623314,0
-6.373512,46,5718.001908,-100.0,-0.7443737429625404,0
-6.129481,33,5718.533298,-100.0,-0.826088543047099,0
-6.247131,39,5719.168169,-100.0,-0.8374836709394984,0
-6.56119,38,5719.778554,-100.0,-0.7358259394710833,0
-6.497121,38,5720.387052,-100.0,-0.6922902977988559,0
-6.828569,40,5721.029543,-100.0,-0.6499272036042484,0
-6.578399,37,5721.636483,-100.0,-0.6222013202633322,0
-6.547894,38,5722.231105,-100.0,-0.6890476134874786,0
-6.348586,43,5722.909062,-100.0,-0.7306637889891041,0
-6.024092,38,5723.509752,-100.0,-0.7390580364969779,0
-5.880447,36,5724.112118,-100.0,-0.8435580155158666,0
-6.587872,44,5724.829007,-100.0,-0.6651974101135799,0
-6.645891,45,5841.085316,-100.0,-0.6572369846073008,0
-6.967525,48,5841.850414,-100.0,-0.6406085500795368,0
-6.317888,43,5842.533709,-100.0,-0.7901647534707604,0
-6.577363,35,5843.110482,-100.0,-0.6281784200033521,0
-6.515532,50,5843.904867,-100.0,-0.782068322233463,0
-6.671703,42,5844.581021,-100.0,-0.6788814874980932,0
-6.345022,41,5845.246126,-100.0,-0.7555969512768348,0
-6.145439,38,5845.864139,-100.0,-0.6565840512657696,0
-6.44867,38,5846.481098,-100.0,-0.802026734888246,0
-6.263162,40,5847.114285,-100.0,-0.8245168477441362,0
-6.589782,43,5847.805497,-100.0,-0.6403908840640338,0
-5.903541,37,5848.393541,-100.0,-0.8392067562830656,0
-6.139682,39,5849.033573,-100.0,-0.7347905653284956,0
-6.085851,38,5849.621411,-100.0,-0.7036948028032709,0
-7.079566,43,5850.337338,-100.0,-0.578210425392243,0
-6.081704,40,5850.972703,-100.0,-0.8342550902719956,0
-6.122628,44,5851.684499,-100.0,-0.7995374992898775,0
-6.728806,50,5852.488395,-100.0,-0.6643210747811048,0
-6.459526,41,5853.142264,-100.0,-0.6295063033815962,0
-5.862847,39,5853.774384,-100.0,-0.8088462704560092,0
-7.093103,43,5854.45586,-100.0,-0.6280729822220015,0
-6.148119,36,5855.042907,-100.0,-0.8591689187976149,0
-5.981988,38,5855.653373,-100.0,-0.718085129438447,0
-6.356448,48,5856.435613,-100.0,-0.8093597414739483,0
-6.509482,38,5857.035084,-100.0,-0.6119414224321583,0
-6.247608,36,5857.621153,-100.0,-0.7211258644581834,0
-5.976027,34,5858.167954,-100.0,-0.6771499519796567,0
-6.884132,42,5858.836258,-100.0,-0.6131093284005372,0
-6.608537,41,5859.502516,-100.0,-0.6214372779187858,0
-5.954095,36,5860.078348,-100.0,-0.7787812035302482,0
-6.41334,37,5860.682624,-100.0,-0.8201466668452843,0
-6.409294,46,5861.418734,-100.0,-0.7139462645328291,0
-7.272718,42,5862.086185,-100.0,-0.5986106260175044,0
-6.182577,33,5862.637886,-100.0,-0.6059331249058211,0
-5.710765,36,5863.19192,-100.0,-0.8389036986644595,0
-6.257997,36,5863.778507,-100.0,-0.747413653909414,0
-6.119099,35,5864.32751,-100.0,-0.9089460408748662,0
-6.327962,36,5865.109009,-100.0,-0.6828911968846737,0
-6.287442,40,5865.755581,-100.0,-0.8552327407189595,0
-6.977551,51,5866.572886,-100.0,-0.6552056814187662,0
-6.629079,44,5867.285031,-100.0,-0.6719100576210162,0
-6.622103,48,5868.055584,-100.0,-0.6190214018961585,0
-6.689172,39,5868.680027,-100.0,-0.6912121438579371,0
-6.159584,39,5869.333329,-100.0,-0.7169545940616885,0
-6.706439,46,5870.079816,-100.0,-0.7003648076404927,0
-6.964513,42,5870.747555,-100.0,-0.6346270653362879,0
-6.001536,39,5871.372461,-100.0,-0.713302793285772,0
-6.396246,35,5871.929245,-100.0,-0.7335888745041819,0
-6.476597,37,5872.525804,-100.0,-0.6473049381638047,0
-6.742542,42,5873.203879,-100.0,-0.6784090422001429,0
-6.234245,37,5993.157383,-100.0,-0.6981229799469209,0
-6.322487,46,5993.916593,-100.0,-0.7860141463439091,0
-6.200257,33,5994.45252,-100.0,-0.722597894728687,0
-6.511855,41,5995.1059,-100.0,-0.6932546297831552,0
-6.363133,34,5995.66252,-100.0,-0.6371676678560524,0
-6.384422,40,5996.306847,-100.0,-0.8164349297191847,0
-6.72759,37,5996.906908,-100.0,-0.7214895234857228,0
-6.583385,36,5997.481178,-100.0,-0.6734031120875006,0
-6.03905,39,5998.115706,-100.0,-0.7101724032990019,0
-6.334262,41,5998.779712,-100.0,-0.7895668477760801,0
-6.333127,38,5999.397793,-100.0,-0.6448413044159471,0
-6.143654,39,6000.028136,-100.0,-0.7633680980910438,0
-6.458032,35,6000.599117,-100.0,-0.7148037262858646,0
-6.132555,37,6001.199697,-100.0,-0.8247676943669453,0
-6.289215,39,6001.835963,-100.0,-0.7369596768097822,0
-6.349537,40,6002.482726,-100.0,-0.740200327089164,0
-6.832766,45,6003.202378,-100.0,-0.6460604260524504,0
-6.039686,41,6003.871296,-100.0,-0.8342046707349289,0
-6.679828,37,6004.47089,-100.0,-0.8354201334138498,0
-6.679826,45,6005.190025,-100.0,-0.7382290247487128,0
-6.340193,36,6005.782254,-100.0,-0.6774844895049859,0
-6.371503,41,6006.443969,-100.0,-0.6315976035882591,0
-6.289172,35,6007.027363,-100.0,-0.7047543947930544,0
-6.008026,38,6007.647735,-100.0,-0.8959244235458171,0
-6.240435,44,6008.333315,-100.0,-0.8967938910596792,0
-6.291749,36,6008.933163,-100.0,-0.6564835700865402,0
-6.122036,36,6009.516322,-100.0,-0.8121429686990838,0
-6.860021,43,6010.213348,-100.0,-0.9091626845071671,0
-6.710785,44,6010.923744,-100.0,-0.7004583324667548,0
-6.741321,39,6011.554061,-100.0,-0.6525577542680447,0
-6.194451,41,6012.227742,-100.0,-0.700015543169893,0
-6.495365,43,6012.902787,-100.0,-0.7294891586835167,0
-6.393487,37,6013.509736,-100.0,-0.7568745315468572,0
-6.880156,44,6014.206969,-100.0,-0.836079071692398,0
-6.490341,44,6014.918284,-100.0,-0.8296933321139036,0
-6.38669,41,6015.583196,-100.0,-0.7026518909506166,0
-6.943211,39,6016.219758,-100.0,-0.6488443238919533,0
-6.092617,35,6016.802826,-100.0,-0.6712018291096197,0
-6.687265,38,6017.404149,-100.0,-0.6972381201081829,0
-6.234225,41,6018.058728,-100.0,-0.8196071759607101,0
-5.972548,36,6018.651705,-100.0,-0.7602534144862283,0
-6.30894,35,6019.20448,-100.0,-0.6370682257074626,0
-6.633159,41,6019.874645,-100.0,-0.6935635570434968,0
-6.341166,38,6020.493423,-100.0,-0.7358608111774186,0
-6.970026,42,6021.159124,-100.0,-0.6392612780825716,0
-6.251849,45,6021.900848,-100.0,-0.7295315282062014,0
-6.132873,39,6022.533853,-100.0,-0.6774037734802391,0
-6.539647,37,6023.129414,-100.0,-0.692950177985764,0
-6.239094,35,6023.697316,-100.0,-0.7621392725151062,0
-6.197476,40,6024.344411,-100.0,-0.7453915377666241,0
-5.99,36,6024.942107,-100.0,-0.7160588117984911,0
-6.63629,44,6025.65012,-100.0,-0.678628813936686,0
-6.440366,40,6144.812441,-100.0,-0.6891463193075761,0
-6.069447,35,6145.443107,-100.0,-0.685481116974345,0
-6.10214,36,6146.060047,-100.0,-0.8003993999947562,0
-6.364876,43,6146.811559,-100.0,-0.7251924703839998,0
-5.586145,34,6147.418344,-100.0,-0.8871936018721173,0
-6.516491,41,6148.131341,-100.0,-0.6706908039022805,0
-6.462604,39,6148.832671,-100.0,-0.6426106120695129,0
-6.365335,40,6149.527262,-100.0,-0.7359122657830224,0
-6.588882,42,6150.291595,-100.0,-0.7210653303298202,0
-6.583455,42,6151.020914,-100.0,-0.6808371227162429,0
-5.834778,34,6151.611967,-100.0,-0.7224764324047906,0
-5.812833,43,6152.358952,-100.0,-0.8150268980023101,0
-6.256907,38,6153.031585,-100.0,-0.8858443853234569,0
-6.64006,48,6153.880027,-100.0,-0.714528967716999,0
-6.337461,41,6154.607424,-100.0,-0.7542760050504687,0
-6.114186,38,6155.271529,-100.0,-0.7504449284511248,0
-6.305096,40,6155.967159,-100.0,-0.6523051998888161,0
-6.047582,34,6156.586668,-100.0,-0.7849964088279601,0
-6.104408,34,6157.174344,-100.0,-0.6282064479376585,0
-6.095591,38,6157.846012,-100.0,-0.783991048504784,0
-6.172331,37,6158.489175,-100.0,-0.6767341446600185,0
-5.767905,36,6159.120764,-100.0,-0.7744827246308804,0
-6.932999,47,6159.954213,-100.0,-0.7109605635962919,0
-6.120161,39,6160.632093,-100.0,-0.7254274018164276,0
-6.300271,40,6161.337381,-100.0,-0.7443172585703913,0
-6.66185,39,6162.025351,-100.0,-0.659851460261924,0
-6.627351,43,6162.778294,-100.0,-0.735643143423923,0
-6.289021,41,6163.482357,-100.0,-0.7150001127127159,0
-6.330207,40,6164.182509,-100.0,-0.6726555687068108,0
-5.859816,36,6164.817068,-100.0,-0.8479227028294523,0
-5.745511,37,6165.47976,-100.0,-0.7585288160592977,0
-6.025955,40,6166.160246,-100.0,-0.8468569168448092,0
-6.565016,42,6166.910753,-100.0,-0.7189762350006308,0
-6.105578,33,6167.483596,-100.0,-0.8130915026283089,0
-6.487251,39,6168.1717,-100.0,-0.6746966480365569,0
-6.070971,43,6168.918752,-100.0,-0.7918759616823918,0
-6.370452,40,6169.613483,-100.0,-0.7761672489619533,0
-6.679769,36,6170.248722,-100.0,-0.743162191606845,0
-6.129629,37,6170.900946,-100.0,-0.7108896486226186,0
-6.212742,40,6171.593157,-100.0,-0.6975600466089465,0
-6.488675,39,6172.288313,-100.0,-0.7285020585296866,0
-6.196142,40,6172.994547,-100.0,-0.742235172840671,0
-6.160061,39,6173.678351,-100.0,-0.7981743181176565,0
-6.279033,39,6174.349532,-100.0,-0.7995872479728514,0
-6.421825,38,6175.023442,-100.0,-0.6553242102654468,0
-6.388662,42,6175.760715,-100.0,-0.6677034858999633,0
-6.230222,40,6176.481354,-100.0,-0.6885501345129641,0
-6.793687,41,6177.198532,-100.0,-0.7141660798839483,0
-6.247601,41,6177.907839,-100.0,-0.8834548022626418,0
-5.769357,34,6178.511472,-100.0,-0.7345169164948626,0
-7.239875,52,6179.424108,-100.0,-0.6654886615232238,0
-5.797006,41,6180.15459,-100.0,-0.7359030372474755,0
-6.554407,41,6301.797393,-100.0,-0.6793926826507009,0
-6.534217,40,6302.439228,-100.0,-0.6787377504812955,0
-5.867852,34,6303.01059,-100.0,-0.7270945833800415,0
-6.592272,40,6303.661113,-100.0,-0.6863790614150324,0
-6.385818,37,6304.26705,-100.0,-0.7320499312175408,0
-6.4267,40,6304.92,-100.0,-0.6283144660080706,0
-6.249253,43,6305.606792,-100.0,-0.6605709633833802,0
-6.380162,35,6306.196937,-100.0,-0.7087206973074516,0
-6.551603,45,6306.926171,-100.0,-0.6852243509636325,0
-6.234301,38,6307.556784,-100.0,-0.6651894391661503,0
-6.578078,37,6308.161195,-100.0,-0.7297189298632983,0
-6.239779,43,6308.851857,-100.0,-0.7118131867664359,0
-6.203553,41,6309.522218,-100.0,-0.6431783067212162,0
-6.444672,36,6310.116941,-100.0,-0.6343894337861081,0
-5.940052,41,6310.784621,-100.0,-0.7157058830448612,0
-5.644416,32,6311.313318,-100.0,-0.8438829816167169,0
-5.979399,35,6311.888929,-100.0,-0.6947748632638859,0
-6.744972,40,6312.531295,-100.0,-0.6560712933719361,0
-6.726902,45,6313.264857,-100.0,-0.8164173002116581,0
-5.871093,40,6313.918259,-100.0,-0.8157105614404782,0
-5.93304,33,6314.44048,-100.0,-0.6863675776283239,0
-5.863616,38,6315.073749,-100.0,-0.7256642461388904,0
-5.944712,37,6315.666065,-100.0,-0.7459074602578764,0
-5.971264,46,6316.422094,-100.0,-0.8225890238316554,0
-5.962469,35,6316.985326,-100.0,-0.6551294764157057,0
-7.038392,37,6317.584353,-100.0,-0.6583372659514273,0
-5.834827,40,6318.247984,-100.0,-0.8033899912806121,0
-5.942969,38,6318.871066,-100.0,-0.8413254628191813,0
-5.838169,41,6319.539707,-100.0,-0.756952226722143,0
-5.879682,33,6320.083537,-100.0,-0.7104591996781343,0
-6.12167,36,6320.667477,-100.0,-0.844413176510984,0
-6.238675,33,6321.207127,-100.0,-0.6487320860530865,0
-6.326463,40,6321.858086,-100.0,-0.7129913164478011,0
-6.360112,35,6322.447862,-100.0,-0.7382642792098254,0
-5.8795,41,6323.106571,-100.0,-0.7185514110001447,0
-6.182992,41,6323.776252,-100.0,-0.6220101373359436,0
-5.98822,41,6324.458123,-100.0,-0.8178233564792353,0
-6.221128,39,6325.101713,-100.0,-0.67329110022813,0
-5.810433,39,6325.739197,-100.0,-0.7410741445487508,0
-6.241228,34,6326.296028,-100.0,-0.6492695185999834,0
-6.312952,39,6326.930981,-100.0,-0.7391288178107935,0
-6.650463,35,6327.502869,-100.0,-0.6546732044045012,0
-6.634075,42,6328.191546,-100.0,-0.6247680941382814,0
-6.663635,42,6328.878814,-100.0,-0.6590388976447287,0
-6.243267,39,6329.52681,-100.0,-0.7133257288955243,0
-6.434371,37,6330.127563,-100.0,-0.6108348163611165,0
-5.778146,33,6330.667532,-100.0,-0.7722011135806808,0
-5.892466,40,6331.325995,-100.0,-0.7552323529254902,0
-5.701158,37,6331.920305,-100.0,-0.9082230946583125,0
-6.863616,46,6332.677801,-100.0,-0.644617266211846,0
-6.295225,41,6333.343508,-100.0,-0.6919164592788873,0
-5.663598,36,6333.939298,-100.0,-0.8159534570645451,0
-6.317223,42,6334.617582,-100.0,-0.7220341151171639,0
-6.024688,40,6452.141721,-100.0,-0.7549712493941989,0
-6.765886,43,6452.848361,-100.0,-0.6182627792987162,0
-6.059264,38,6453.471942,-100.0,-0.7659643487746595,0
-6.381095,43,6454.168958,-100.0,-0.6768924468894141,0
-5.927669,36,6454.762781,-100.0,-0.7917888157278471,0
-5.96996,35,6455.362129,-100.0,-0.6779174513255991,0
-6.544002,39,6455.994938,-100.0,-0.6611943637499598,0
-5.749253,33,6456.542512,-100.0,-0.770822777110192,0
-6.116286,36,6457.142899,-100.0,-0.7529457041524451,0
-5.980279,36,6457.734921,-100.0,-0.7288164586117643,0
-5.83944,43,6458.450017,-100.0,-0.7530261508631234,0
-5.936858,39,6459.094084,-100.0,-0.7548477814092119,0
-6.218604,35,6459.670159,-100.0,-0.6641830379320897,0
-5.998632,45,6460.395375,-100.0,-0.7757722744572839,0
-6.598814,37,6461.000225,-100.0,-0.7465588110453978,0
-5.715094,38,6461.625165,-100.0,-0.8155709694343442,0
-5.953128,35,6462.200778,-100.0,-0.729137561790532,0
-6.214582,39,6462.826015,-100.0,-0.6861021237525219,0
-6.047357,33,6463.375669,-100.0,-0.6734949495311443,0
-6.081366,34,6463.933813,-100.0,-0.5784942546387659,0
-6.098858,40,6464.599461,-100.0,-0.7434954928815353,0
-6.611212,38,6465.21438,-100.0,-0.6227700429051968,0
-6.3824,39,6465.854359,-100.0,-0.6412572564248594,0
-5.470935,35,6466.441028,-100.0,-0.7976072523881953,0
-6.181576,37,6467.049758,-100.0,-0.6766569020057455,0
-6.79178,42,6467.734419,-100.0,-0.6823093157560756,0
-5.704342,35,6468.316764,-100.0,-0.7474049510886349,0
-5.972006,33,6468.841542,-100.0,-0.7835499297396991,0
-6.28484,36,6469.424099,-100.0,-0.6723744403385491,0
-6.253724,35,6469.998094,-100.0,-0.723850328811888,0
-6.199678,33,6470.523812,-100.0,-0.6319644565847286,0
-6.225077,36,6471.118969,-100.0,-0.7353950646823989,0
-6.223941,36,6471.70764,-100.0,-0.6690434288801772,0
-6.278558,35,6472.288582,-100.0,-0.6638207408094627,0
-6.013952,33,6472.850581,-100.0,-0.6729801452948094,0
-6.124688,42,6473.522539,-100.0,-0.714509558736775,0
-6.085046,34,6474.0999,-100.0,-0.6998827524241443,0
-6.151105,37,6474.694075,-100.0,-0.7180964051149963,0
-6.089712,41,6475.354684,-100.0,-0.6556329772152981,0
-6.249488,35,6475.938546,-100.0,-0.6577816072462055,0
-6.161984,36,6476.528609,-100.0,-0.634495485235676,0
-6.541207,40,6477.188787,-100.0,-0.7363791871886708,0
-5.801566,36,6477.78123,-100.0,-0.7753998421130113,0
-5.71858,34,6478.34705,-100.0,-0.7726361032021343,0
-5.974743,40,6478.994157,-100.0,-0.7387546773307615,0
-6.016995,38,6479.618695,-100.0,-0.7140880833969845,0
-5.964363,40,6480.260631,-100.0,-0.8505995604337131,0
-5.916631,33,6480.816808,-100.0,-0.7823035385160523,0
-6.192611,34,6481.3743,-100.0,-0.6792870426517471,0
-6.257687,44,6482.096354,-100.0,-0.7190906849540496,0
-5.827799,33,6482.653987,-100.0,-0.7530729754700177,0
-6.294168,38,6483.274903,-100.0,-0.7173695699874747,0
-5.945838,41,6483.942483,-100.0,-0.7518541478726853,0
-6.204199,34,6484.505234,-100.0,-0.6632682748143708,0
-6.586417,39,6485.144839,-100.0,-0.6135893501108978,0
-5.701249,38,6601.845745,-100.0,-0.7213279530009117,0
-6.210338,41,6602.503728,-100.0,-0.672401782312234,0
-5.835323,35,6603.086041,-100.0,-0.78374381555156,0
-6.393085,38,6603.698892,-100.0,-0.6396438343805074,0
-6.000604,38,6604.336974,-100.0,-0.6962744546658856,0
-6.254291,35,6604.908169,-100.0,-0.6536919847745967,0
-5.939867,43,6605.618862,-100.0,-0.7578574908919661,0
-5.918881,37,6606.226649,-100.0,-0.739778447397006,0
-6.36484,46,6606.968134,-100.0,-0.7069981829199679,0
-6.05192,40,6607.634272,-100.0,-0.6945315006321904,0
-6.398771,38,6608.246847,-100.0,-0.7800216966079753,0
-6.552606,45,6608.9986,-100.0,-0.6099087144322416,0
-6.261825,38,6609.625851,-100.0,-0.7167039249746187,0
-5.995877,33,6610.171939,-100.0,-0.7333893157350526,0
-6.133707,36,6610.776228,-100.0,-0.7030029837369337,0
-6.282804,38,6611.391694,-100.0,-0.6950914281226422,0
-6.553652,35,6611.968613,-100.0,-0.6667851990161107,0
-6.007979,34,6612.526749,-100.0,-0.7051237852254052,0
-5.631881,33,6613.054497,-100.0,-0.6926083962140531,0
-6.086961,42,6613.768483,-100.0,-0.7419690898502256,0
-6.371883,39,6614.411977,-100.0,-0.6857250515956892,0
-6.113723,33,6614.941419,-100.0,-0.6776767142459275,0
-7.154479,44,6615.683815,-100.0,-0.5923079710779952,0
-6.476819,37,6616.282304,-100.0,-0.6517371328184075,0
-6.164988,41,6616.958513,-100.0,-0.6830261573926807,0
-6.406511,35,6617.514639,-100.0,-0.5893012381005972,0
-5.858076,40,6618.189023,-100.0,-0.7601906435980005,0
-7.286286,42,6618.866447,-100.0,-0.586787736592885,0
-6.356495,34,6619.444857,-100.0,-0.666214646613601,0
-6.266961,46,6620.176972,-100.0,-0.683619211908575,0
-6.038981,42,6620.885972,-100.0,-0.9349140710618355,0
-6.402074,40,6621.543143,-100.0,-0.7963121117449159,0
-5.970436,34,6622.10655,-100.0,-0.7377568479918455,0
-6.707031,42,6622.797942,-100.0,-0.6710191786308608,0
-6.407409,42,6623.487019,-100.0,-0.7167158745803475,0
-6.368926,40,6624.153093,-100.0,-0.6647697607465629,0
-6.343188,42,6624.829838,-100.0,-0.8060015813892825,0
-6.103551,37,6625.441254,-100.0,-0.7316704918692813,0
-6.326989,36,6626.045941,-100.0,-0.5889855429186304,0
-6.38467,35,6626.619094,-100.0,-0.6295684865844331,0
-6.086907,40,6627.28271,-100.0,-0.7766893182620397,0
-5.980079,35,6627.861176,-100.0,-0.8911217253657432,0
-5.902485,37,6628.461706,-100.0,-0.8090702900453645,0
-5.917287,37,6629.080555,-100.0,-0.7933878325810434,0
-5.931554,45,6629.816853,-100.0,-0.8064588018688822,0
-6.046184,41,6630.480659,-100.0,-0.6506598741484158,0
-6.485787,37,6631.091044,-100.0,-0.6349435960400411,0
-5.794343,36,6631.684893,-100.0,-0.8186538111712819,0
-5.83701,33,6632.241223,-100.0,-0.7667804771864062,0
-5.80896,34,6632.803205,-100.0,-0.7301080406879671,0
-6.239719,41,6633.464753,-100.0,-0.6554425727057567,0
-6.125218,38,6634.085091,-100.0,-0.7488068993918441,0
-5.762599,33,6634.630001,-100.0,-0.7461585734483088,0
-6.408359,38,6750.910142,-100.0,-0.6314234894811404,0
-5.977576,37,6751.512179,-100.0,-0.744531140090429,0
-6.644894,39,6752.159171,-100.0,-0.7230238805134013,0
-6.039541,33,6752.70698,-100.0,-0.6810330225948011,0
-5.921385,37,6753.31998,-100.0,-0.7101282121077837,0
-6.237377,34,6753.88008,-100.0,-0.8489583343302662,0
-5.843919,38,6754.508887,-100.0,-0.7548892423299988,0
-6.510853,39,6755.148625,-100.0,-0.7218466587472928,0
-6.235365,39,6755.8043,-100.0,-0.6668157504805131,0
-6.051677,34,6756.357194,-100.0,-0.6261341647750268,0
-6.22368,34,6756.918977,-100.0,-0.5973879492512479,0
-5.9631,40,6757.574944,-100.0,-0.7894547492240186,0
-5.792795,33,6758.121254,-100.0,-0.655502731829702,0
-5.709935,41,6758.799284,-100.0,-0.8892744235004256,0
-6.00361,35,6759.379245,-100.0,-0.7740039175316697,0
-6.358493,42,6760.067594,-100.0,-0.6295297343593371,0
-6.064837,35,6760.659544,-100.0,-0.6742271014842531,0
-6.156548,35,6761.22737,-100.0,-0.6809603203927764,0
-6.197006,35,6761.811594,-100.0,-0.6653377702193523,0
-6.660964,48,6762.611018,-100.0,-0.7200677994872191,0
-6.723345,39,6763.247744,-100.0,-0.6470423494212142,0
-5.777767,33,6763.795307,-100.0,-0.7522528169202984,0
-5.543969,33,6764.337748,-100.0,-0.8225121286616074,0
-6.628548,41,6765.000154,-100.0,-0.6348969817352804,0
-6.224524,44,6765.75896,-100.0,-0.7924998755858446,0
-5.783855,34,6766.310379,-100.0,-0.7785303346135029,0
-6.423486,42,6767.003407,-100.0,-0.657125327613631,0
-6.091187,40,6767.662295,-100.0,-0.6478977466546981,0
-6.026301,41,6768.339248,-100.0,-0.7154685661422995,0
-5.984194,38,6768.962311,-100.0,-0.8008982176658425,0
-6.405849,40,6769.620986,-100.0,-0.76945793878596,0
-6.001918,38,6770.256833,-100.0,-0.761960970672662,0
-6.52485,36,6770.866142,-100.0,-0.6305092738722337,0
-5.854829,33,6771.413556,-100.0,-0.9012557318497469,0
-6.541674,42,6772.102541,-100.0,-0.6640090815215812,0
-5.972601,39,6772.732673,-100.0,-0.7484350879555517,0
-5.765684,36,6773.325345,-100.0,-0.8155042452657834,0
-6.387952,40,6773.984443,-100.0,-0.6866553693587311,0
-6.358108,39,6774.635432,-100.0,-0.7056058600360904,0
-5.528916,33,6775.188884,-100.0,-0.8517560751682364,0
-6.234611,35,6775.777328,-100.0,-0.7145067513648684,0
-6.035457,43,6776.479429,-100.0,-0.7597456496627539,0
-6.341155,35,6777.068189,-100.0,-0.6433825062420659,0
-6.214663,38,6777.686196,-100.0,-0.6185831438498517,0
-6.337671,38,6778.309824,-100.0,-0.7072528692070166,0
-6.438676,38,6778.933239,-100.0,-0.701667876960896,0
-5.898507,38,6779.556828,-100.0,-0.7217572001290212,0
-5.875138,37,6780.16925,-100.0,-0.695383558083012,0
-5.918233,41,6780.848068,-100.0,-0.816142934780206,0
-6.15318,35,6781.437873,-100.0,-0.6653168602874158,0
-6.002023,39,6782.085705,-100.0,-0.7815290422410749,0
-5.815976,32,6782.615746,-100.0,-0.7825061652238401,0
-5.720142,34,6783.185235,-100.0,-0.734027889765183,0
-6.008897,37,6783.783252,-100.0,-0.6566199906255943,0
-5.875719,39,6784.418939,-100.0,-0.771692239846757,0
-6.042145,38,6903.544761,-100.0,-0.7183029341445835,0
-6.373073,46,6904.330537,-100.0,-0.7422016683270867,0
-6.048509,33,6904.864455,-100.0,-0.6329065737054987,0
-5.925904,42,6905.570568,-100.0,-0.702814933406992,0
-5.717134,35,6906.154961,-100.0,-0.7469741895382701,0
-5.804461,41,6906.838082,-100.0,-0.8650639402681717,0
-6.413527,52,6907.687585,-100.0,-0.8311233722946854,0
-5.605353,34,6908.246015,-100.0,-0.8040813957202172,0
-5.907988,35,6908.833546,-100.0,-0.7965748768822009,0
-5.646718,34,6909.40157,-100.0,-0.8272311503739599,0
-6.064238,35,6909.973055,-100.0,-0.7465200689649077,0
-5.525592,33,6910.529275,-100.0,-0.7978986040866175,0
-5.972827,39,6911.176654,-100.0,-0.873926595223788,0
-5.884956,33,6911.726069,-100.0,-0.6302494099589863,0
-5.881681,37,6912.335336,-100.0,-0.7589282925963685,0
-6.444039,37,6912.960453,-100.0,-0.6996188169880582,0
-6.354647,37,6913.574127,-100.0,-0.7019119666706459,0
-6.244395,39,6914.212651,-100.0,-0.6712175923699765,0
-6.663493,35,6914.798623,-100.0,-0.6139461699575517,0
-5.745342,39,6915.455916,-100.0,-0.7224009301333699,0
-5.587099,32,6915.974052,-100.0,-0.8708062041451102,0
-6.254488,37,6916.583275,-100.0,-0.7027953348454569,0
-6.100306,36,6917.172326,-100.0,-0.6770067123292458,0
-5.30898,33,6917.727785,-100.0,-0.7510634868960274,0
-6.25684,36,6918.330599,-100.0,-0.6970887190590903,0
-6.225566,39,6918.980319,-100.0,-0.6686447578412582,0
-5.955603,41,6919.650067,-100.0,-0.7347272444213125,0
-5.869682,35,6920.229422,-100.0,-0.6853111311080256,0
-5.933978,33,6920.778002,-100.0,-0.8110717290842488,0
-5.530227,34,6921.354179,-100.0,-0.7883419295292332,0
-6.027947,34,6921.906572,-100.0,-0.6631954780694583,0
-6.085346,35,6922.492679,-100.0,-0.8443651244341149,0
-6.028019,45,6923.22046,-100.0,-0.683880584730401,0
-5.769632,34,6923.787596,-100.0,-0.7831709630035049,0
-5.73474,34,6924.357,-100.0,-0.7474049130212679,0
-6.045254,36,6924.942857,-100.0,-0.6589496773959939,0
-6.006003,40,6925.607097,-100.0,-0.7786908593962737,0
-6.197372,39,6926.23983,-100.0,-0.6768741581847715,0
-5.842194,34,6926.812022,-100.0,-0.6960797392659944,0
-6.116174,36,6927.388127,-100.0,-0.683462876574365,0
-5.906359,35,6927.967885,-100.0,-0.7073323651370916,0
-6.29494,39,6928.625622,-100.0,-0.8131099392176753,0
-5.918644,39,6929.274337,-100.0,-0.8170418408464825,0
-6.12314,42,6929.968415,-100.0,-0.6518389097882863,0
-6.059636,33,6930.503116,-100.0,-0.5908366256419222,0
-6.202246,37,6931.117176,-100.0,-0.6835304836602546,0
-5.996372,42,6931.799701,-100.0,-0.7218274241486776,0
-6.123695,39,6932.455979,-100.0,-0.7504711784955718,0
-6.380225,40,6933.120445,-100.0,-0.652483400163046,0
-5.861579,35,6933.683483,-100.0,-0.7284136096740993,0
-5.830782,35,6934.281655,-100.0,-0.7701540311626471,0
-6.706173,38,6934.902201,-100.0,-0.658959322548663,0
-6.525887,41,6935.580629,-100.0,-0.71328748449934,0
-6.215244,41,6936.250283,-100.0,-0.7437366520605994,0
-5.872136,38,6936.878762,-100.0,-0.7023677175042211,0
-6.117862,34,7033.39889,-100.0,-0.8390336859860412,0
-5.918569,36,7033.995831,-100.0,-0.8164901588474702,0
-6.028071,33,7034.550977,-100.0,-0.8130743902084038,0
-6.251003,36,7035.138931,-100.0,-0.8190930913820232,0
-6.099658,37,7035.763544,-100.0,-0.6937207362507629,0
-6.32818,34,7036.32223,-100.0,-0.7346124507459603,0
-6.031743,38,7036.963662,-100.0,-0.8142528146286073,0
-5.935118,42,7037.668062,-100.0,-0.7707769024633756,0
-5.507948,32,7038.190087,-100.0,-0.8634921496681671,0
-5.619298,34,7038.773903,-100.0,-0.8414218543471111,0
-5.519609,33,7039.323759,-100.0,-0.6351648119544463,0
-6.108383,33,7039.872799,-100.0,-0.5550716978787485,0
-5.745468,33,7040.408408,-100.0,-0.728900984960143,0
-5.627182,32,7040.934863,-100.0,-0.8034911103515692,0
-6.314239,42,7041.645387,-100.0,-0.7185251781016544,0
-5.853122,38,7042.267014,-100.0,-0.7646904739078094,0
-6.189785,32,7042.795287,-100.0,-0.7483101024927921,0
-5.9428,33,7043.341364,-100.0,-0.6337390962223544,0
-5.703647,35,7043.915795,-100.0,-0.838813600249458,0
-6.275862,41,7044.590261,-100.0,-0.6832862558940638,0
-6.081047,34,7045.158538,-100.0,-0.6811220769250171,0
-5.383709,33,7045.704726,-100.0,-0.852869574684233,0
-6.109946,38,7046.333496,-100.0,-0.6433698157304745,0
-5.876328,36,7046.941537,-100.0,-0.7264472212946453,0
-5.701034,33,7047.484145,-100.0,-0.757405104625124,0
-6.513887,34,7048.03761,-100.0,-0.6413730394310027,0
-6.540682,32,7048.575677,-100.0,-0.6715054493947851,0
-5.935062,34,7049.14816,-100.0,-0.702006699839732,0
-6.027115,34,7049.714549,-100.0,-0.595380473410136,0
-5.729873,32,7050.248899,-100.0,-0.7500596290940587,0
-5.631141,36,7050.834601,-100.0,-0.8958319007472637,0
-5.886112,40,7051.509122,-100.0,-0.8677131805153872,0
-5.573256,38,7052.132173,-100.0,-0.7895093151763666,0
-5.855253,33,7052.6833,-100.0,-0.6371391178770616,0
-5.816558,34,7053.252056,-100.0,-0.7580027794114869,0
-5.526727,37,7053.850831,-100.0,-0.8329143555283175,0
-6.170371,38,7054.491744,-100.0,-0.7662519401966706,0
-5.715071,40,7055.137734,-100.0,-0.8225272596208866,0
-5.817684,39,7055.796496,-100.0,-0.7406745681009248,0
-6.112734,41,7056.49742,-100.0,-0.7195624792897817,0
-6.066063,34,7057.064136,-100.0,-0.7676283668562953,0
-5.977095,34,7057.627671,-100.0,-0.6748046462705634,0
-5.785474,36,7058.230263,-100.0,-0.8202285144838171,0
-5.653003,37,7058.842641,-100.0,-0.8308919725010157,0
-6.243664,34,7059.400882,-100.0,-0.6783156441198245,0
-6.210201,41,7060.088913,-100.0,-0.6663065057334954,0
-6.43117,33,7060.634564,-100.0,-0.7057406880200984,0
-6.200869,41,7061.313591,-100.0,-0.6939647248589658,0
-6.027917,33,7061.863389,-100.0,-0.7696470752920332,0
-5.516774,33,7062.40293,-100.0,-0.6846629458195479,0
-5.665754,34,7062.96687,-100.0,-0.7099054276705616,0
-6.291555,40,7063.642016,-100.0,-0.7065764191988506,0
-5.885914,34,7064.205833,-100.0,-0.6753611355807146,0
-6.310005,41,7064.898405,-100.0,-0.6573360559849163,0
-5.791033,38,7065.521986,-100.0,-0.7304392349997794,0
-5.501551,33,7066.073815,-100.0,-0.792274186973809,0
-6.686521,38,7066.700584,-100.0,-0.6006184926344502,0
-5.88933,43,7173.851067,-100.0,-0.7955193344358877,0
-6.039567,34,7174.419883,-100.0,-0.6079833568355334,0
-6.014582,35,7175.008902,-100.0,-0.6597565045083118,0
-6.082436,33,7175.558613,-100.0,-0.7294935669183619,0
-6.16438,40,7176.223173,-100.0,-0.636154128822752,0
-6.06761,36,7176.818623,-100.0,-0.7526686968832017,0
-6.242423,38,7177.445231,-100.0,-0.6890668705611098,0
-6.051758,35,7178.03157,-100.0,-0.7206072623049549,0
-6.34686,34,7178.614154,-100.0,-0.6363913764708117,0
-6.233246,44,7179.336319,-100.0,-0.6496459219221598,0
-5.856462,33,7179.876227,-100.0,-0.7004204983523141,0
-5.939814,33,7180.438296,-100.0,-0.627573655251897,0
-6.0269,34,7180.999743,-100.0,-0.6839437670593906,0
-5.860141,34,7181.563521,-100.0,-0.6922393470339736,0
-5.879169,42,7182.262201,-100.0,-0.7270132884214154,0
-6.465206,41,7182.957577,-100.0,-0.6782952813629831,0
-5.62405,32,7183.484619,-100.0,-0.8502528608047278,0
-6.728764,37,7184.10568,-100.0,-0.7346063988983249,0
-6.295072,40,7184.780531,-100.0,-0.7101274593692273,0
-5.452088,34,7185.329155,-100.0,-0.7453945825129245,0
-5.760058,41,7186.043633,-100.0,-0.8686259925376856,0
-5.899846,35,7186.629272,-100.0,-0.6426049248511848,0
-6.028417,33,7187.167063,-100.0,-0.6425116128615328,0
-5.594098,37,7187.782957,-100.0,-0.7825527577617832,0
-6.027078,38,7188.432234,-100.0,-0.7025391054298861,0
-5.70595,41,7189.109401,-100.0,-0.813613181455996,0
-5.641473,35,7189.698102,-100.0,-0.7206556882915494,0
-5.933565,33,7190.240931,-100.0,-0.653599852287881,0
-6.226909,33,7190.799368,-100.0,-0.7128764430213296,0
-5.570752,33,7191.353815,-100.0,-0.8053405379608474,0
-5.914941,33,7191.892156,-100.0,-0.6647239122869408,0
-6.229842,34,7192.443699,-100.0,-0.6598375180434535,0
-5.675903,35,7193.026019,-100.0,-0.7505124719026093,0
-6.143139,39,7193.696945,-100.0,-0.6786355242191746,0
-5.538501,32,7194.231541,-100.0,-0.8178949854183508,0
-6.000592,33,7194.766382,-100.0,-0.7553864206381558,0
-5.481687,38,7195.403571,-100.0,-0.8208796335423783,0
-5.669376,34,7195.961764,-100.0,-0.8118249518455999,0
-5.430364,33,7196.523911,-100.0,-0.6515048273655469,0
-5.824692,33,7197.076608,-100.0,-0.6797892064048087,0
-6.144648,34,7197.643038,-100.0,-0.6750938725482183,0
-6.179893,34,7198.217892,-100.0,-0.6418868018154438,0
-5.867714,33,7198.776671,-100.0,-0.7414082466970192,0
-5.813172,38,7199.405583,-100.0,-0.8458758819578586,0
-5.765491,38,7200.018987,-100.0,-0.8033654297909462,0
-6.208098,33,7200.576233,-100.0,-0.691525523501136,0
-6.171297,39,7201.22313,-100.0,-0.6447387334099132,0
-5.873686,38,7201.864325,-100.0,-0.8371734379203103,0
-6.088353,35,7202.446554,-100.0,-0.7699024932940135,0
-5.983844,35,7203.02246,-100.0,-0.6684670449794355,0
-5.690836,38,7203.658518,-100.0,-0.7618395152063574,0
-5.893346,33,7204.209161,-100.0,-0.7097895494704461,0
-6.139743,38,7204.845124,-100.0,-0.6843163656621403,0
-6.229288,39,7205.489558,-100.0,-0.7205072462151971,0
-6.004524,34,7206.056204,-100.0,-0.7631443582957307,0
-6.218718,34,7206.623248,-100.0,-0.5992125077277809,0
-5.628525,33,7207.18283,-100.0,-0.8735319907031671,0
-6.202086,32,7207.70605,-100.0,-0.5906445482413063,0
-5.640811,33,7314.914286,-100.0,-0.796056984898555,0
-5.698177,34,7315.480988,-100.0,-0.7362814589505801,0
-5.644907,34,7316.033576,-100.0,-0.7404595163072164,0
-6.259633,34,7316.618801,-100.0,-0.6494178205036358,0
-5.7725,33,7317.161695,-100.0,-0.796519946926016,0
-5.875579,39,7317.818297,-100.0,-0.7999973464509124,0
-5.496015,32,7318.347098,-100.0,-0.8354868972603869,0
-5.585966,35,7318.944478,-100.0,-0.7994959741363395,0
-5.986563,38,7319.597241,-100.0,-0.77437041575843,0
-5.851648,35,7320.181369,-100.0,-0.6872401987339615,0
-6.051573,33,7320.735246,-100.0,-0.6621530455327791,0
-6.140201,38,7321.365985,-100.0,-0.6890006010545211,0
-5.846098,34,7321.936936,-100.0,-0.7576262729861459,0
-6.051629,34,7322.517894,-100.0,-0.6816089570876334,0
-6.060086,35,7323.079634,-100.0,-0.8895362104983268,0
-5.560912,33,7323.634912,-100.0,-0.78319907373172,0
-6.23769,39,7324.288473,-100.0,-0.6763231123898664,0
-6.269994,42,7324.978692,-100.0,-0.701455321890674,0
-5.708041,34,7325.540044,-100.0,-0.740128745947473,0
-5.677339,34,7326.116052,-100.0,-0.6908016679895177,0
-5.691501,33,7326.671033,-100.0,-0.7810643631830373,0
-6.008015,34,7327.241812,-100.0,-0.6738256483580346,0
-5.976947,40,7327.90148,-100.0,-0.6255898529395819,0
-5.889032,36,7328.511474,-100.0,-0.7868140502234312,0
-6.021825,34,7329.08008,-100.0,-0.7085667561716739,0
-5.873668,37,7329.705107,-100.0,-0.7214414101514339,0
-6.525474,37,7330.326868,-100.0,-0.7186939717365375,0
-6.018842,33,7330.881921,-100.0,-0.6362182028814416,0
-5.784772,32,7331.411413,-100.0,-0.7153487270108421,0
-5.809446,42,7332.113305,-100.0,-0.7121157664545047,0
-6.310379,35,7332.707073,-100.0,-0.6932775428560549,0
-5.837089,35,7333.286627,-100.0,-0.6282612948736933,0
-6.057156,33,7333.855031,-100.0,-0.6918311886517688,0
-6.078291,34,7334.418054,-100.0,-0.7373947834009232,0
-6.178845,40,7335.088884,-100.0,-0.6781852853450748,0
-5.768093,34,7335.646487,-100.0,-0.7831914024578593,0
-6.044572,35,7336.243015,-100.0,-0.7969720494244755,0
-5.8395,39,7336.885017,-100.0,-0.7586926241040253,0
-5.626675,33,7337.444063,-100.0,-0.8268114816705505,0
-5.763499,33,7337.985546,-100.0,-0.6859532715042255,0
-6.135413,34,7338.551524,-100.0,-0.6822922021999761,0
-5.749165,32,7339.091059,-100.0,-0.7945309586245984,0
-5.615766,35,7339.68416,-100.0,-0.7672634547573983,0
-5.793255,33,7340.224902,-100.0,-0.7354160927614033,0
-5.952486,36,7340.829785,-100.0,-0.6972571402641897,0
-5.754324,35,7341.415439,-100.0,-0.7362527335061684,0
-5.976001,35,7342.008366,-100.0,-0.7792999979184644,0
-5.67825,32,7342.535158,-100.0,-0.8199241762590317,0
-5.944134,35,7343.105085,-100.0,-0.7147746741270226,0
-6.441062,41,7343.802525,-100.0,-0.699345006524418,0
-5.693616,34,7344.355633,-100.0,-0.7819308793373204,0
-6.134526,39,7345.015753,-100.0,-0.735232941256138,0
-5.470116,33,7345.556192,-100.0,-0.7913313494286587,0
-5.515934,33,7346.116237,-100.0,-0.8063338402921371,0
-5.820607,33,7346.670081,-100.0,-0.7472829522529192,0
-5.936668,33,7347.223433,-100.0,-0.7377376711989575,0
-5.899,40,7347.889899,-100.0,-0.7884341589314708,0
-5.923173,38,7348.533859,-100.0,-0.7615236451141945,0
-5.484915,34,7477.837196,-100.0,-0.7760444510367894,0
-5.691082,34,7478.420336,-100.0,-0.7827644681320656,0
-6.064627,35,7479.000906,-100.0,-0.7409217577103488,0
-6.160598,36,7479.608188,-100.0,-0.7108737868188769,0
-6.067582,34,7480.176525,-100.0,-0.6703969038975742,0
-5.868237,36,7480.773579,-100.0,-0.83114429647085,0
-6.04558,42,7481.479586,-100.0,-0.8145453713623992,0
-6.063496,34,7482.056576,-100.0,-0.7327924084486687,0
-6.221692,37,7482.656491,-100.0,-0.7061931096689263,0
-6.103435,33,7483.217335,-100.0,-0.7479329048003321,0
-5.821128,35,7483.802225,-100.0,-0.7524956841873055,0
-6.016596,33,7484.368384,-100.0,-0.6890454673427912,0
-5.900643,39,7485.013659,-100.0,-0.8428318330794418,0
-5.5936,35,7485.607769,-100.0,-0.8087874272129534,0
-5.997915,35,7486.197951,-100.0,-0.6812067471440975,0
-5.824652,34,7486.765966,-100.0,-0.7035344564628029,0
-6.151984,38,7487.400725,-100.0,-0.7508053687784819,0
-5.780635,32,7487.945442,-100.0,-0.7215384891965592,0
-5.894592,33,7488.496375,-100.0,-0.6874371911946088,0
-5.495635,34,7489.062783,-100.0,-0.8187216661288601,0
-5.885853,34,7489.628239,-100.0,-0.7095611977854318,0
-5.99509,34,7490.200759,-100.0,-0.7125131177317676,0
-5.827935,32,7490.733434,-100.0,-0.7811921717649698,0
-5.633895,34,7491.295243,-100.0,-0.7752936947385739,0
-5.931578,37,7491.936623,-100.0,-0.7056840882500549,0
-5.807348,33,7492.467478,-100.0,-0.6974482948745487,0
-5.854907,34,7493.04344,-100.0,-0.6720153270372137,0
-5.96809,34,7493.610441,-100.0,-0.6540875559281705,0
-5.729841,39,7494.285747,-100.0,-0.7401268049770199,0
-6.140791,35,7494.874576,-100.0,-0.6685363306710869,0
-5.520861,34,7495.441339,-100.0,-0.7831274076262689,0
-6.081952,39,7496.09794,-100.0,-0.6880483418647304,0
-6.08207,35,7496.682997,-100.0,-0.6190874820679947,0
-5.99265,41,7497.371776,-100.0,-0.7358260283555926,0
-5.800872,33,7497.922338,-100.0,-0.6656908316359751,0
-6.136688,43,7498.641834,-100.0,-0.7306322866763748,0
-5.745315,39,7499.283535,-100.0,-0.7618774841395964,0
-5.843524,33,7499.839856,-100.0,-0.6361609821695794,0
-6.093451,35,7500.4241,-100.0,-0.7193333314651633,0
-5.761061,34,7500.992686,-100.0,-0.7862757357928408,0
-6.253394,38,7501.616858,-100.0,-0.7042644022505606,0
-6.510524,37,7502.24299,-100.0,-0.5995592509324403,0
-5.676621,33,7502.794446,-100.0,-0.7608313762716294,0
-5.909537,34,7503.372365,-100.0,-0.7171675253785718,0
-5.679208,33,7503.938482,-100.0,-0.7348535808266417,0
-6.054837,35,7504.50984,-100.0,-0.6138992482092368,0
-6.116522,38,7505.151653,-100.0,-0.6813004555967139,0
-5.859764,34,7505.71599,-100.0,-0.7496231181700731,0
-6.252827,36,7506.322441,-100.0,-0.8635467171085397,0
-6.352583,42,7507.038764,-100.0,-0.6977687245257098,0
-5.530932,33,7507.591183,-100.0,-0.7022787426812319,0
-5.617954,34,7508.151847,-100.0,-0.6974781586920098,0
-5.715567,35,7508.749608,-100.0,-0.7722000792065566,0
-5.684982,31,7509.266268,-100.0,-0.8108836360360744,0
-5.749599,33,7509.810874,-100.0,-0.7217465654346163,0
-5.959038,41,7510.510493,-100.0,-0.8314116759003748,0
-6.008503,36,7511.100761,-100.0,-0.6351384222613305,0
-5.635378,33,7511.65945,-100.0,-0.7058325454013251,0
-5.34267,32,7636.439993,-100.0,-0.8739483657000074,0
-6.055357,33,7637.001211,-100.0,-0.7013018860872086,0
-6.002779,35,7637.596661,-100.0,-0.7045362261748752,0
-6.04307,37,7638.221592,-100.0,-0.6574123566448344,0
-5.408725,32,7638.749207,-100.0,-0.88614549205339,0
-5.685319,35,7639.330188,-100.0,-0.7089446314200973,0
-5.464493,33,7639.881227,-100.0,-0.8630862248286824,0
-5.768724,33,7640.446785,-100.0,-0.7662902112028389,0
-5.756724,33,7641.000152,-100.0,-0.6828732563170886,0
-6.324268,38,7641.642061,-100.0,-0.6772255212121419,0
-5.45217,32,7642.173901,-100.0,-0.8040506561738521,0
-5.689947,34,7642.755997,-100.0,-0.7678604993207298,0
-5.710845,34,7643.326736,-100.0,-0.7382577875456398,0
-5.873926,32,7643.857723,-100.0,-0.8319497364673595,0
-6.105962,34,7644.428397,-100.0,-0.6800907721605223,0
-5.756999,32,7644.966307,-100.0,-0.780129039937821,0
-5.932276,34,7645.535618,-100.0,-0.7202335771702704,0
-6.153473,35,7646.116144,-100.0,-0.6581652548688163,0
-5.68032,33,7646.669986,-100.0,-0.7521398096435433,0
-5.611834,33,7647.22832,-100.0,-0.7442845569863297,0
-6.319035,33,7647.786282,-100.0,-0.6524940555162122,0
-5.88948,33,7648.331071,-100.0,-0.670238159833102,0
-5.814274,35,7648.921095,-100.0,-0.7334369656370008,0
-5.517292,32,7649.452295,-100.0,-0.8232223629742493,0
-6.130202,35,7650.04371,-100.0,-0.7122517576156168,0
-5.573366,33,7650.578231,-100.0,-0.8080995826963533,0
-5.598695,33,7651.132524,-100.0,-0.778949523371322,0
-5.994522,35,7651.733414,-100.0,-0.6602807816913774,0
-6.045596,35,7652.321838,-100.0,-0.6964050621410574,0
-6.120855,34,7652.893203,-100.0,-0.8512171500724159,0
-5.998176,42,7653.606753,-100.0,-0.7844901253042786,0
-5.434094,33,7654.137623,-100.0,-0.8161400259054398,0
-5.949385,36,7654.767191,-100.0,-0.6714572966962056,0
-6.18766,37,7655.39147,-100.0,-0.7160084955992121,0
-6.12033,34,7655.961124,-100.0,-0.757653907492648,0
-5.576055,34,7656.517969,-100.0,-0.7686199149852162,0
-6.287139,53,7657.406372,-100.0,-0.811686596767989,0
-5.918294,44,7658.141348,-100.0,-0.8816787144265086,0
-5.48294,33,7658.696071,-100.0,-0.8695751996607565,0
-5.860453,34,7659.276221,-100.0,-0.7245275234120435,0
-5.489046,32,7659.818808,-100.0,-0.8312991558778753,0
-5.923124,35,7660.40727,-100.0,-0.7008788714927554,0
-6.030105,34,7660.974685,-100.0,-0.6122479937202632,0
-6.354601,44,7661.682118,-100.0,-0.6830580612369563,0
-5.878558,33,7662.243158,-100.0,-0.7933051819921146,0
-5.5429,38,7662.873679,-100.0,-0.903451286632733,0
-6.088644,33,7663.430419,-100.0,-0.6831665021501286,0
-5.647566,33,7663.984035,-100.0,-0.765212609781936,0
-5.852565,34,7664.568053,-100.0,-0.7106217724226936,0
-5.979982,33,7665.120556,-100.0,-0.6346379040369735,0
-5.823005,33,7665.682133,-100.0,-0.7728484643589849,0
-6.203013,36,7666.292778,-100.0,-0.6795638978860857,0
-5.927084,34,7666.859374,-100.0,-0.7385697793689703,0
-5.943605,33,7667.412591,-100.0,-0.6602001849908926,0
-5.84678,37,7668.034828,-100.0,-0.6788870778884208,0
-6.107887,35,7668.624156,-100.0,-0.6630004697951649,0
-5.71467,35,7669.212471,-100.0,-0.8622627968031159,0
-5.571706,36,7669.827202,-100.0,-0.7491789357278463,0
-6.283986,35,7791.00084,-100.0,-0.6356150361484674,0
-5.962578,34,7791.573874,-100.0,-0.6593047702883169,0
-6.006256,40,7792.243066,-100.0,-0.7742054588984819,0
-5.771771,35,7792.834372,-100.0,-0.7031119291599154,0
-5.590754,32,7793.368608,-100.0,-0.8037005368371015,0
-5.645774,33,7793.921915,-100.0,-0.7482366452342362,0
-5.952156,35,7794.523112,-100.0,-0.6394363303200402,0
-5.518739,33,7795.06419,-100.0,-0.8858302759120942,0
-5.607892,33,7795.621091,-100.0,-0.8375086933867907,0
-5.73975,33,7796.166614,-100.0,-0.7068920517498333,0
-6.515849,40,7796.858461,-100.0,-0.6301928316702052,0
-5.714759,37,7797.474085,-100.0,-0.8913703190196126,0
-5.50709,34,7798.05532,-100.0,-0.753248731042184,0
-5.785476,34,7798.627732,-100.0,-0.7463526764143757,0
-6.143242,37,7799.249609,-100.0,-0.657510372165423,0
-6.125439,33,7799.810996,-100.0,-0.6936669182790366,0
-6.245128,34,7800.380917,-100.0,-0.6895357830155882,0
-5.622032,32,7800.922921,-100.0,-0.7944812389751311,0
-6.00871,34,7801.498314,-100.0,-0.7428471871272936,0
-5.939694,34,7802.072635,-100.0,-0.785244771464978,0
-5.537714,32,7802.604153,-100.0,-0.8312261543452398,0
-5.946441,33,7803.153911,-100.0,-0.6982578122954456,0
-5.71824,35,7803.750096,-100.0,-0.857767472954983,0
-6.057681,35,7804.337293,-100.0,-0.7410614445537522,0
-6.144466,32,7804.876005,-100.0,-0.7430025223932898,0
-5.885808,33,7805.429899,-100.0,-0.6972939700895772,0
-5.991806,34,7806.008029,-100.0,-0.6668594516248807,0
-6.196672,37,7806.638172,-100.0,-0.7029852039823896,0
-5.558281,33,7807.192259,-100.0,-0.7517104970932669,0
-5.718956,33,7807.754667,-100.0,-0.7883928071396811,0
-5.872223,33,7808.305602,-100.0,-0.6455205637716013,0
-5.867489,34,7808.877564,-100.0,-0.6724159391465022,0
-5.732992,34,7809.448014,-100.0,-0.6383048230254671,0
-5.782891,34,7810.009168,-100.0,-0.8230847055296113,0
-5.777183,34,7810.575666,-100.0,-0.7586632878920748,0
-6.035012,33,7811.14102,-100.0,-0.6605648956175275,0
-6.092804,40,7811.811436,-100.0,-0.6244992204879858,0
-6.282306,37,7812.419721,-100.0,-0.6461159307951518,0
-5.779331,37,7813.053978,-100.0,-0.696164977792603,0
-5.726529,33,7813.602843,-100.0,-0.6798137443649529,0
-5.950397,35,7814.196103,-100.0,-0.8219610431868806,0
-5.46754,33,7814.738303,-100.0,-0.854390937506527,0
-5.609689,33,7815.301154,-100.0,-0.7833628382327567,0
-6.14175,33,7815.855751,-100.0,-0.6152607282832315,0
-6.03677,35,7816.444384,-100.0,-0.6614320172026918,0
-6.011419,35,7817.024977,-100.0,-0.6251921461295067,0
-5.749312,32,7817.564975,-100.0,-0.9396960707006179,0
-6.07714,35,7818.158052,-100.0,-0.7488003078031279,0
-6.204587,38,7818.803727,-100.0,-0.6375810605326818,0
-5.839744,35,7819.401926,-100.0,-0.8252935905325764,0
-5.561595,32,7819.922288,-100.0,-0.8618426769818313,0
-5.579576,33,7820.477435,-100.0,-0.8014206856815892,0
-6.052837,35,7821.058714,-100.0,-0.7668365748506716,0
-5.779172,33,7821.610093,-100.0,-0.7778396294532427,0
-6.13336,34,7822.1771,-100.0,-0.6743490879385503,0
-5.840431,34,7822.750463,-100.0,-0.6978289890360019,0
-5.822645,34,7823.318843,-100.0,-0.6312939147156007,0
-5.524012,33,7823.873817,-100.0,-0.7931062601458446,0
-5.943866,39,7824.531643,-100.0,-0.7241568234723239,0
-5.905091,41,7825.24238,-100.0,-0.7052556150209337,0
-5.742854,33,7954.844481,-100.0,-0.8135550639563527,0
-5.945972,33,7955.441813,-100.0,-0.6987746749115274,0
-5.550873,33,7956.026788,-100.0,-0.7876658710409715,0
-6.052182,34,7956.653392,-100.0,-0.6597188830126006,0
-5.988296,34,7957.287262,-100.0,-0.6810148962504626,0
-6.089874,36,7957.928862,-100.0,-0.7714524943551156,0
-5.659694,37,7958.61219,-100.0,-0.8735812536357462,0
-6.22,34,7959.228259,-100.0,-0.6685421031646916,0
-5.823169,33,7959.808019,-100.0,-0.808332036160832,0
-5.723247,38,7960.519183,-100.0,-0.7386097177521382,0
-5.737941,32,7961.087128,-100.0,-0.7283472856251039,0
-5.527837,33,7961.674099,-100.0,-0.7588193928097319,0
-5.412562,34,7962.280922,-100.0,-0.8170664507412733,0
-5.635108,32,7962.876019,-100.0,-0.6204729130197729,0
-5.355799,33,7963.48182,-100.0,-0.8007837435108298,0
-5.743172,38,7964.182393,-100.0,-0.8562382679711341,0
-5.633635,33,7964.76808,-100.0,-0.838916197599576,0
-5.629855,33,7965.377685,-100.0,-0.8187178097227625,0
-5.827895,35,7966.006137,-100.0,-0.6419371865211151,0
-5.96249,32,7966.602663,-100.0,-0.7364047583941816,0
-5.659341,33,7967.198972,-100.0,-0.7031637755237704,0
-5.993115,38,7967.874461,-100.0,-0.6414454031071694,0
-6.176192,43,7968.659784,-100.0,-0.7062204885882316,0
-5.714391,33,7969.252835,-100.0,-0.712228075484949,0
-5.87225,34,7969.877117,-100.0,-0.7253202199470813,0
-6.05218,35,7970.507824,-100.0,-0.6727016789291266,0
-5.40515,33,7971.116036,-100.0,-0.876662542307511,0
-5.575662,33,7971.711099,-100.0,-0.7494522363367513,0
-5.687663,32,7972.287257,-100.0,-0.7121233358544707,0
-5.637792,32,7972.874036,-100.0,-0.7943491228513789,0
-5.894123,38,7973.554901,-100.0,-0.6550415913020375,0
-5.693331,33,7974.152905,-100.0,-0.8451852732018648,0
-5.72815,33,7974.758697,-100.0,-0.7660298988692621,0
-5.733541,35,7975.388997,-100.0,-0.7468292206167452,0
-5.850334,33,7975.998787,-100.0,-0.7828198221839286,0
-6.052992,41,7976.751074,-100.0,-0.691211198586026,0
-5.782297,33,7977.360408,-100.0,-0.6808150064589981,0
-6.12341,34,7977.976447,-100.0,-0.7055018873518489,0
-6.33936,34,7978.593372,-100.0,-0.7039666347568597,0
-5.894745,34,7979.216845,-100.0,-0.7624134382804597,0
-5.664628,34,7979.829046,-100.0,-0.7244440008333446,0
-6.300017,38,7980.522793,-100.0,-0.7014670207821715,0
-5.877715,33,7981.12834,-100.0,-0.6718333348868745,0
-5.50849,34,7981.761575,-100.0,-0.8275322090891264,0
-5.758791,34,7982.374132,-100.0,-0.6594342875773436,0
-5.430692,33,7982.977109,-100.0,-0.8748141513998944,0
-6.183871,36,7983.638372,-100.0,-0.6141798076296153,0
-5.77228,33,7984.23934,-100.0,-0.8197597371089271,0
-5.899966,32,7984.813514,-100.0,-0.7552292017356254,0
-5.871383,33,7985.413891,-100.0,-0.7395622274619228,0
-5.782159,33,7986.019023,-100.0,-0.6110033319265726,0
-5.66804,33,7986.626783,-100.0,-0.8034425794744426,0
-5.900577,34,7987.250436,-100.0,-0.7832986535453691,0
-6.168006,41,7987.993052,-100.0,-0.7262715111598383,0
-5.959668,33,7988.6038,-100.0,-0.6780299070768131,0
-6.155077,33,7989.189144,-100.0,-0.6595975684102446,0
-5.689696,34,7989.813329,-100.0,-0.696069601151901,0
-5.661923,34,7990.431545,-100.0,-0.7328985793291241,0
-5.830775,38,7991.125813,-100.0,-0.8058732265873061,0
-6.075375,34,8110.118711,-100.0,-0.834266470356433,0
-5.565609,32,8110.650374,-100.0,-0.8164316162795443,0
-5.640894,32,8111.19591,-100.0,-0.7844464304754993,0
-5.739876,36,8111.792788,-100.0,-0.7098664119573108,0
-5.624067,33,8112.345013,-100.0,-0.7851927717208842,0
-5.533344,33,8112.89273,-100.0,-0.8405311970461581,0
-6.132835,36,8113.509621,-100.0,-0.6908536679128553,0
-5.961471,41,8114.21166,-100.0,-0.6575221528361227,0
-5.723181,42,8114.902726,-100.0,-0.8415158895384233,0
-5.61573,33,8115.467993,-100.0,-0.7125998473830389,0
-5.695748,34,8116.036711,-100.0,-0.7958660012328928,0
-5.816126,35,8116.625105,-100.0,-0.7639589602442082,0
-5.691193,33,8117.180091,-100.0,-0.7933883357529653,0
-5.890568,34,8117.754741,-100.0,-0.7217908517462066,0
-5.735713,37,8118.390356,-100.0,-0.6949190482214351,0
-6.009731,36,8118.995512,-100.0,-0.7131164164675394,0
-6.194731,33,8119.54863,-100.0,-0.6343797895015095,0
-5.929088,39,8120.195766,-100.0,-0.7582033611389961,0
-5.510586,32,8120.721542,-100.0,-0.8282602430215413,0
-5.903356,41,8121.438892,-100.0,-0.7519502212012698,0
-5.831406,33,8121.99219,-100.0,-0.6557424011163588,0
-5.494654,33,8122.551082,-100.0,-0.7998283018505922,0
-5.794313,33,8123.112577,-100.0,-0.6563195397502087,0
-5.590797,33,8123.673676,-100.0,-0.662426730987813,0
-5.6498,38,8124.310646,-100.0,-0.7916359042065737,0
-5.710306,33,8124.86969,-100.0,-0.6847520983059807,0
-5.480227,38,8125.507611,-100.0,-0.8068744569318355,0
-5.504673,32,8126.05321,-100.0,-0.8224202302197031,0
-5.568284,32,8126.594954,-100.0,-0.7930430474720317,0
-5.615956,34,8127.172548,-100.0,-0.7835569978671408,0
-5.70099,33,8127.727864,-100.0,-0.7871883932418956,0
-6.188143,34,8128.306905,-100.0,-0.6455363045399481,0
-5.84233,34,8128.884164,-100.0,-0.7091798388466765,0
-5.784803,33,8129.439941,-100.0,-0.7902640530828979,0
-5.627776,36,8130.044908,-100.0,-0.7822286067503071,0
-5.891374,36,8130.651729,-100.0,-0.6515399635790948,0
-5.715215,34,8131.228688,-100.0,-0.7215378475294177,0
-5.653358,33,8131.785321,-100.0,-0.7309008355458425,0
-5.92638,35,8132.374418,-100.0,-0.7029593228134201,0
-5.718932,34,8132.948933,-100.0,-0.6390873555637018,0
-5.639709,32,8133.464773,-100.0,-0.8204175787771394,0
-6.049688,35,8134.080274,-100.0,-0.7285619652424963,0
-5.701943,33,8134.623899,-100.0,-0.7352982003550246,0
-5.870124,33,8135.184541,-100.0,-0.7346221859267985,0
-5.868528,34,8135.758703,-100.0,-0.7436522541960491,0
-5.662713,33,8136.319519,-100.0,-0.7523266688474112,0
-5.869572,33,8136.866319,-100.0,-0.6651633229291125,0
-5.628064,33,8137.426648,-100.0,-0.6593534575323188,0
-5.533452,33,8137.973167,-100.0,-0.7091114516782167,0
-5.904039,34,8138.55723,-100.0,-0.7084889438873213,0
-5.732413,33,8139.116096,-100.0,-0.7235966031632337,0
-5.759582,34,8139.684844,-100.0,-0.6581644577740678,0
-6.310036,38,8140.308161,-100.0,-0.7039876209698871,0
-5.947534,40,8140.977566,-100.0,-0.8208238906396017,0
-5.689757,35,8141.58653,-100.0,-0.6998714233484851,0
-6.146014,34,8142.162503,-100.0,-0.6639619307746711,0
-5.269271,32,8142.702116,-100.0,-0.8898166719322911,0
-6.124535,34,8143.266104,-100.0,-0.6956096941609289,0
-5.632572,39,8143.91269,-100.0,-0.7307451455760915,0
-5.913173,36,8144.52914,-100.0,-0.6362914195664088,0
-5.963984,34,8263.000063,-100.0,-0.7404330833109889,0
-5.894901,32,8263.546486,-100.0,-0.7351100018747548,0
-5.63807,32,8264.096867,-100.0,-0.8402431344372805,0
-6.096458,32,8264.627853,-100.0,-0.7170552141116808,0
-5.726312,33,8265.194935,-100.0,-0.6395213457134487,0
-5.625421,33,8265.762312,-100.0,-0.7637262689154277,0
-5.899591,33,8266.311907,-100.0,-0.6834101817484763,0
-5.64347,32,8266.845699,-100.0,-0.8906458228205477,0
-6.103559,33,8267.419117,-100.0,-0.7345138475251604,0
-5.847496,35,8268.002355,-100.0,-0.6905232152362186,0
-5.534181,33,8268.570129,-100.0,-0.8253370395615677,0
-5.555742,37,8269.205929,-100.0,-0.7925955849830006,0
-5.646404,33,8269.765629,-100.0,-0.7544742897690457,0
-5.722318,33,8270.326139,-100.0,-0.796463148399506,0
-5.508033,34,8270.901732,-100.0,-0.663880628456996,0
-5.952029,32,8271.447764,-100.0,-0.7874395997528268,0
-5.515695,33,8272.013701,-100.0,-0.698142901221919,0
-5.847745,33,8272.569057,-100.0,-0.695384329989481,0
-5.344872,32,8273.104165,-100.0,-0.7990760639236201,0
-5.881753,34,8273.683882,-100.0,-0.6558708493413918,0
-5.483119,33,8274.24554,-100.0,-0.8453512354054216,0
-5.684525,37,8274.869395,-100.0,-0.8406846881059762,0
-5.899363,45,8275.633987,-100.0,-0.7169844144576143,0
-5.932977,34,8276.210157,-100.0,-0.8044924367514039,0
-5.578629,33,8276.779578,-100.0,-0.7597497149326559,0
-6.110358,40,8277.449653,-100.0,-0.7225589785746521,0
-5.599372,33,8277.998392,-100.0,-0.78008076215568,0
-5.81088,33,8278.558583,-100.0,-0.7973716113128628,0
-5.933628,39,8279.221387,-100.0,-0.7434645247217513,0
-5.737186,36,8279.835679,-100.0,-0.8966376893272073,0
-5.861452,33,8280.385379,-100.0,-0.657851190524449,0
-6.326738,34,8280.957027,-100.0,-0.7307647818042452,0
-5.872792,33,8281.50644,-100.0,-0.7158972245837584,0
-5.621109,33,8282.066574,-100.0,-0.7718257255184561,0
-6.088539,33,8282.624157,-100.0,-0.7278813263083777,0
-6.026205,36,8283.245373,-100.0,-0.7055107475848212,0
-5.62451,34,8283.815527,-100.0,-0.6493337115191959,0
-5.913243,33,8284.374062,-100.0,-0.710676781297364,0
-5.481824,33,8284.936598,-100.0,-0.8614016191024445,0
-5.550757,34,8285.499559,-100.0,-0.8321374325738441,0
-5.912094,34,8286.07785,-100.0,-0.7524832276281035,0
-6.084623,42,8286.804912,-100.0,-0.7262447259983418,0
-6.009585,34,8287.377482,-100.0,-0.6841848355451008,0
-5.654846,32,8287.907263,-100.0,-0.7952287891159043,0
-5.496627,32,8288.439852,-100.0,-0.8018946321883754,0
-5.798127,33,8288.997385,-100.0,-0.6836832773492835,0
-5.982987,33,8289.547917,-100.0,-0.6966910322833793,0
-6.054437,35,8290.159893,-100.0,-0.6611534322895433,0
-5.552848,33,8290.712199,-100.0,-0.8878718618020842,0
-5.81416,34,8291.298929,-100.0,-0.7891419263165412,0
-6.031052,33,8291.850499,-100.0,-0.6785209827300435,0
-5.737929,39,8292.519694,-100.0,-0.8066534450629166,0
-5.881961,33,8293.079947,-100.0,-0.7685735756553774,0
-5.941074,48,8293.893476,-100.0,-0.6981099642534888,0
-5.357796,32,8294.440874,-100.0,-0.8478134068035721,0
-6.322536,36,8295.04001,-100.0,-0.8528781189944007,0
-5.564982,32,8295.59091,-100.0,-0.7696154617724664,0
-5.58596,32,8296.139926,-100.0,-0.8688590558706786,0
-6.112573,36,8296.742469,-100.0,-0.66385804714338,0
-5.843412,32,8415.344999,-100.0,-0.7122977688348707,0
-5.897933,33,8415.892056,-100.0,-0.7679094731677326,0
-5.903196,33,8416.451063,-100.0,-0.7541181061861235,0
-5.915636,33,8417.007929,-100.0,-0.6788141070103108,0
-5.716382,34,8417.581143,-100.0,-0.7643591086998298,0
-5.396274,33,8418.141192,-100.0,-0.8088363354736693,0
-5.79002,33,8418.709503,-100.0,-0.7130563061294666,0
-5.875762,33,8419.270011,-100.0,-0.6589782343534463,0
-5.96674,34,8419.850802,-100.0,-0.6916047006163076,0
-5.723907,35,8420.43962,-100.0,-0.7035632056544193,0
-5.941119,35,8421.03577,-100.0,-0.7617588453365767,0
-5.891144,41,8421.718533,-100.0,-0.6523484163558185,0
-5.363577,34,8422.285653,-100.0,-0.822137197567094,0
-5.522296,33,8422.852087,-100.0,-0.7914357396046202,0
-5.979775,35,8423.444499,-100.0,-0.7711290096156375,0
-6.293586,33,8424.007075,-100.0,-0.7709982345120624,0
-5.435723,32,8424.526819,-100.0,-0.7987726700892174,0
-5.267681,32,8425.075269,-100.0,-0.8381481891534625,0
-5.420603,36,8425.688939,-100.0,-0.8720888650479968,0
-5.466039,33,8426.242947,-100.0,-0.826336704993255,0
-5.602356,34,8426.81954,-100.0,-0.7230676780705471,0
-5.799165,34,8427.402836,-100.0,-0.6516463611474238,0
-5.62254,33,8427.951148,-100.0,-0.7408867816624676,0
-5.950148,32,8428.493506,-100.0,-0.7383086697763301,0
-5.925831,39,8429.154229,-100.0,-0.6985973206168532,0
-5.652059,33,8429.710433,-100.0,-0.7253448019183829,0
-5.83258,32,8430.253247,-100.0,-0.7534402221942619,0
-6.047782,34,8430.824197,-100.0,-0.695276009719049,0
-5.658797,34,8431.405327,-100.0,-0.7611209555120242,0
-5.967992,33,8431.973969,-100.0,-0.6322073779459055,0
-5.516541,33,8432.532443,-100.0,-0.8072160403102974,0
-5.663461,33,8433.088913,-100.0,-0.7590670949190691,0
-5.552965,32,8433.635711,-100.0,-0.8552140718489871,0
-5.599023,32,8434.178276,-100.0,-0.8289428805579552,0
-5.500673,35,8434.765318,-100.0,-0.8536054345331653,0
-5.47588,32,8435.309412,-100.0,-0.8517227352194707,0
-5.936109,33,8435.866576,-100.0,-0.672342878526594,0
-5.438318,33,8436.428315,-100.0,-0.8176473708815045,0
-6.356266,36,8437.047989,-100.0,-0.7293119534341161,0
-5.550895,34,8437.626687,-100.0,-0.8259119689635069,0
-5.824952,33,8438.180726,-100.0,-0.6780261901688543,0
-5.551762,33,8438.737795,-100.0,-0.7647946677535437,0
-5.650807,33,8439.285284,-100.0,-0.6948399980860029,0
-5.22888,33,8439.846174,-100.0,-0.8515673126687344,0
-5.89434,34,8440.418757,-100.0,-0.6643665368656273,0
-5.7797,34,8440.998986,-100.0,-0.6811455550387909,0
-5.244108,32,8441.552026,-100.0,-0.904203982822781,0
-5.935893,33,8442.09579,-100.0,-0.6798393243538701,0
-5.661183,41,8442.805966,-100.0,-0.8212704525017912,0
-5.656439,33,8443.34644,-100.0,-0.8646144021209992,0
-5.640877,33,8443.904754,-100.0,-0.7767371395997331,0
-5.97813,34,8444.480404,-100.0,-0.6340258336348562,0
-5.533496,33,8445.03277,-100.0,-0.8589489793524754,0
-5.568007,32,8445.581694,-100.0,-0.8496300487939894,0
-5.61656,33,8446.141018,-100.0,-0.790754996416098,0
-5.82644,35,8446.731435,-100.0,-0.7768220711912194,0
-5.268542,33,8447.287304,-100.0,-0.8941663351812206,0
-5.572082,35,8447.881757,-100.0,-0.8211263162459922,0
-6.072465,42,8448.59478,-100.0,-0.7875557753244005,0
-5.574036,33,8449.152416,-100.0,-0.8153057288011487,0
-5.870974,35,8449.730163,-100.0,-0.6753981004777028,0
-5.554698,35,8567.788441,-100.0,-0.7452751714930739,0
-5.305611,33,8568.344469,-100.0,-0.7637007476911806,0
-5.653951,33,8568.910422,-100.0,-0.7550769237946883,0
-5.982568,33,8569.459451,-100.0,-0.7680040546296109,0
-5.608169,33,8570.021331,-100.0,-0.7196236446274478,0
-5.58918,33,8570.592276,-100.0,-0.7383176121917459,0
-5.658804,33,8571.145951,-100.0,-0.7177693892415279,0
-5.723448,37,8571.781599,-100.0,-0.6877386669036467,0
-5.748435,33,8572.340728,-100.0,-0.7186183541566966,0
-5.437176,32,8572.873977,-100.0,-0.7378246068515182,0
-5.822728,33,8573.432745,-100.0,-0.6704729412496772,0
-5.723082,32,8573.985515,-100.0,-0.75691119141385,0
-5.473823,38,8574.624823,-100.0,-0.8551690612207894,0
-5.905809,35,8575.212934,-100.0,-0.6221467599114965,0
-5.524301,32,8575.763332,-100.0,-0.844619828849437,0
-6.059284,33,8576.325406,-100.0,-0.7084585260346563,0
-5.829361,33,8576.883477,-100.0,-0.7686562292937567,0
-5.810761,34,8577.462637,-100.0,-0.6948046203894896,0
-5.634131,34,8578.031168,-100.0,-0.8682197684679862,0
-5.689055,32,8578.581216,-100.0,-0.7489580630521091,0
-5.79693,34,8579.153758,-100.0,-0.7302166207327199,0
-5.78803,33,8579.720704,-100.0,-0.6856132344713806,0
-5.942566,34,8580.297608,-100.0,-0.7019809601297262,0
-5.403475,33,8580.855253,-100.0,-0.7379728926460115,0
-5.742048,36,8581.47154,-100.0,-0.7224208716683931,0
-5.875567,35,8582.062147,-100.0,-0.6985654408405817,0
-5.424608,32,8582.61352,-100.0,-0.7556261635252403,0
-5.700423,34,8583.1863,-100.0,-0.7176027743485655,0
-5.787874,33,8583.748723,-100.0,-0.6822476243493442,0
-5.64836,33,8584.304971,-100.0,-0.7649836592152572,0
-5.510602,34,8584.890668,-100.0,-0.7907290248706677,0
-5.688805,34,8585.461253,-100.0,-0.6392783517628148,0
-5.907523,33,8586.028223,-100.0,-0.6974054331106707,0
-5.26158,33,8586.591603,-100.0,-0.8662778458713092,0
-5.707824,34,8587.167055,-100.0,-0.6235338089564434,0
-5.864672,33,8587.72789,-100.0,-0.726517669280418,0
-5.453409,33,8588.284497,-100.0,-0.8188396868479997,0
-5.361556,32,8588.828938,-100.0,-0.8211680012888859,0
-5.502105,33,8589.395391,-100.0,-0.7532467558636426,0
-5.67342,38,8590.02618,-100.0,-0.6914373298725554,0
-5.847176,33,8590.592237,-100.0,-0.6863554230522136,0
-5.66516,34,8591.166114,-100.0,-0.8294330643749651,0
-5.784961,34,8591.744121,-100.0,-0.758045753539542,0
-5.647585,34,8592.323451,-100.0,-0.7887532813724516,0
-6.096271,34,8592.897197,-100.0,-0.7006656368406805,0
-5.83467,33,8593.46413,-100.0,-0.7092528275445973,0
-5.681863,33,8594.026031,-100.0,-0.6521170071251228,0
-5.860336,35,8594.615891,-100.0,-0.6346625153070938,0
-5.782836,33,8595.179438,-100.0,-0.7538730810978319,0
-5.994688,35,8595.766063,-100.0,-0.7264774059413573,0
-6.074498,33,8596.325815,-100.0,-0.7006972742442059,0
-5.278013,32,8596.881794,-100.0,-0.8293768008960994,0
-5.546879,33,8597.439823,-100.0,-0.7181487217413965,0
-5.968174,45,8598.17312,-100.0,-0.735039203103133,0
-5.501884,33,8598.739604,-100.0,-0.7007485835212224,0
-5.506146,33,8599.299812,-100.0,-0.7847025330183619,0
-5.514661,33,8599.867183,-100.0,-0.7784970748352416,0
-5.554473,33,8600.424243,-100.0,-0.7465176750230125,0
-5.822754,38,8601.261629,-100.0,-0.7515441702894684,0
-5.560252,34,8601.840393,-100.0,-0.7611692913663081,0
-5.936385,33,8717.539936,-100.0,-0.6968999860924797,0
-5.872747,34,8718.121011,-100.0,-0.675556480799139,0
-5.468806,32,8718.66696,-100.0,-0.8488266570817521,0
-5.443734,33,8719.234438,-100.0,-0.7418424802472711,0
-5.431868,32,8719.775297,-100.0,-0.8869231729272371,0
-5.623197,34,8720.369584,-100.0,-0.8571029650801476,0
-5.860561,37,8720.995232,-100.0,-0.7439946473730504,0
-5.914091,33,8721.553552,-100.0,-0.6768358601719433,0
-5.324037,32,8722.09297,-100.0,-0.8013502830770706,0
-5.42974,42,8722.796865,-100.0,-0.8222445888022665,0
-5.590589,33,8723.36775,-100.0,-0.7677289186849858,0
-5.583648,36,8723.979887,-100.0,-0.710451247609733,0
-5.676352,35,8724.567795,-100.0,-0.7022377852624577,0
-5.770267,33,8725.137817,-100.0,-0.834625081337764,0
-5.650227,34,8725.692542,-100.0,-0.8401157956237548,0
-5.405568,32,8726.247459,-100.0,-0.8014739753526939,0
-5.458444,33,8726.810601,-100.0,-0.8394437760820391,0
-5.733666,32,8727.366024,-100.0,-0.7271009534723352,0
-5.999886,45,8728.110093,-100.0,-0.881756128475136,0
-5.625097,32,8728.655611,-100.0,-0.8142617532442132,0
-5.713128,34,8729.239254,-100.0,-0.7226184204234459,0
-5.90656,34,8729.810749,-100.0,-0.698133166633721,0
-5.495402,34,8730.388098,-100.0,-0.7605937386476154,0
-5.460357,32,8730.936177,-100.0,-0.8067907321305806,0
-5.246806,33,8731.504026,-100.0,-0.8096519959463739,0
-5.723434,33,8732.058981,-100.0,-0.7146587321933486,0
-5.885061,33,8732.608556,-100.0,-0.6836098050938642,0
-5.396891,32,8733.152125,-100.0,-0.7990145412228243,0
-5.679532,33,8733.713929,-100.0,-0.6727134396521932,0
-5.48105,33,8734.283418,-100.0,-0.8102384809913331,0
-6.264518,35,8734.871876,-100.0,-0.6251317888679293,0
-6.057266,38,8735.526667,-100.0,-0.728683968073176,0
-6.029603,34,8736.106191,-100.0,-0.6908277977254712,0
-5.74306,34,8736.688894,-100.0,-0.7050837328920684,0
-5.859061,33,8737.245008,-100.0,-0.6429201536650653,0
-5.923493,36,8737.851065,-100.0,-0.7447479832318952,0
-5.679194,33,8738.414273,-100.0,-0.7564781315147099,0
-5.701252,34,8738.999011,-100.0,-0.7668920169335819,0
-6.045751,35,8739.577016,-100.0,-0.6302934943137849,0
-5.461884,33,8740.141577,-100.0,-0.7547754681001511,0
-5.543982,32,8740.68201,-100.0,-0.8507069934421709,0
-5.688129,35,8741.290416,-100.0,-0.8051250586211363,0
-6.021652,33,8741.843123,-100.0,-0.6896204736818619,0
-5.62882,33,8742.409267,-100.0,-0.6986184626472902,0
-5.832932,39,8743.080937,-100.0,-0.7452285213936836,0
-5.57465,43,8743.787168,-100.0,-0.8080602264365729,0
-5.576459,34,8744.369885,-100.0,-0.7368995906837293,0
-5.633409,33,8744.928699,-100.0,-0.7032837625353228,0
-5.979044,35,8745.515096,-100.0,-0.6745624672800106,0
-5.374147,34,8746.081526,-100.0,-0.8134902231892958,0
-5.643409,37,8746.721517,-100.0,-0.744420316938369,0
-5.30489,32,8747.262645,-100.0,-0.8905830625961048,0
-5.389704,33,8747.816324,-100.0,-0.8299254859802688,0
-6.162663,34,8748.396423,-100.0,-0.6838971341751495,0
-5.352567,33,8748.957639,-100.0,-0.7794851958033815,0
-6.012578,35,8749.552932,-100.0,-0.6734522197300294,0
-5.772803,33,8750.114367,-100.0,-0.685775675127634,0
-5.407149,33,8750.676452,-100.0,-0.8175067597873079,0
-5.883336,35,8751.272224,-100.0,-0.6804868398606465,0
-5.861679,35,8751.866912,-100.0,-0.6777273343580152,0
-6.343753,35,8869.846807,-100.0,-0.6948241877019515,0
-5.328644,32,8870.400248,-100.0,-0.8490699566181723,0
-6.066772,35,8870.996776,-100.0,-0.6493734738534721,0
-6.05038,33,8871.562484,-100.0,-0.7449538834238766,0
-5.683518,34,8872.146996,-100.0,-0.6263010741871702,0
-5.690445,33,8872.699233,-100.0,-0.7856396938640164,0
-5.662951,34,8873.278441,-100.0,-0.7588340923715694,0
-5.773456,33,8873.840922,-100.0,-0.7366305285544762,0
-5.660216,35,8874.439286,-100.0,-0.6717731993002103,0
-5.836609,33,8875.002456,-100.0,-0.7059782114201381,0
-5.302568,32,8875.548193,-100.0,-0.8881925984364928,0
-5.845992,34,8876.133218,-100.0,-0.7156577054955477,0
-5.946725,34,8876.698802,-100.0,-0.7205249911161611,0
-5.74496,33,8877.264269,-100.0,-0.6727198324157633,0
-5.394933,33,8877.825478,-100.0,-0.7760043028030129,0
-5.687718,34,8878.408705,-100.0,-0.8047078768058621,0
-5.430521,33,8878.973466,-100.0,-0.7961623031350678,0
-5.602768,33,8879.545951,-100.0,-0.7446796661242876,0
-5.84327,34,8880.119698,-100.0,-0.64766223471546,0
-5.952558,42,8880.825315,-100.0,-0.7087760045468579,0
-5.549986,34,8881.40779,-100.0,-0.764042768587475,0
-5.636467,33,8881.975518,-100.0,-0.7854103485911419,0
-5.935261,35,8882.572124,-100.0,-0.6788720354577908,0
-5.621459,36,8883.187496,-100.0,-0.7541027333468154,0
-5.339732,32,8883.738467,-100.0,-0.8022012416998738,0
-5.361192,33,8884.287488,-100.0,-0.7937208452497898,0
-5.441664,32,8884.833699,-100.0,-0.8046801242572439,0
-5.53022,32,8885.370135,-100.0,-0.8326073359751686,0
-5.89073,34,8885.963604,-100.0,-0.6867195320045817,0
-5.298085,32,8886.519114,-100.0,-0.9139177564472394,0
-5.798909,34,8887.100339,-100.0,-0.7204495583982988,0
-5.652279,32,8887.640918,-100.0,-0.8084249820699825,0
-5.959622,34,8888.215818,-100.0,-0.6537542164300955,0
-5.246232,33,8888.785706,-100.0,-0.8562742485208316,0
-5.563682,33,8889.336546,-100.0,-0.7728289092337044,0
-5.775412,33,8889.894921,-100.0,-0.7052351447108016,0
-5.452907,32,8890.425322,-100.0,-0.8643691007674095,0
-5.386844,33,8890.984574,-100.0,-0.8603017576171456,0
-5.737353,34,8891.562943,-100.0,-0.7187984044364335,0
-5.545139,34,8892.145559,-100.0,-0.701278284831353,0
-5.702774,33,8892.704708,-100.0,-0.736608463446461,0
-5.383424,34,8893.288267,-100.0,-0.8511356341279359,0
-6.062798,34,8893.86551,-100.0,-0.7136479849520705,0
-5.572297,37,8894.496228,-100.0,-0.8808117418765593,0
-5.642947,31,8895.016393,-100.0,-0.7676066957099962,0
-6.050494,38,8895.657068,-100.0,-0.7264582266220212,0
-5.910288,33,8896.217729,-100.0,-0.6593995115933199,0
-5.565395,34,8896.797341,-100.0,-0.754424334073598,0
-5.548521,33,8897.348918,-100.0,-0.8269414183108774,0
-5.778418,36,8897.953918,-100.0,-0.7252201671848035,0
-5.597531,33,8898.515778,-100.0,-0.766837245557978,0
-5.810964,34,8899.101998,-100.0,-0.6992549023689751,0
-5.868392,33,8899.662458,-100.0,-0.7191915449156221,0
-6.421301,39,8900.328271,-100.0,-0.6284048517192213,0
-5.853158,34,8900.901247,-100.0,-0.6694473139449971,0
-5.697326,33,8901.466448,-100.0,-0.6815105852155273,0
-5.591408,33,8902.029462,-100.0,-0.7884906663806238,0
-5.46357,35,8902.627722,-100.0,-0.8325871113671099,0
-5.457965,40,8903.301808,-100.0,-0.7587557053410864,0
-5.503546,33,8903.857384,-100.0,-0.7680199123304583,0
-5.862132,35,9019.023301,-100.0,-0.6735093015874132,0
-5.761666,33,9019.588704,-100.0,-0.7393367514183055,0
-5.341435,33,9020.151381,-100.0,-0.785092395622043,0
-5.738556,34,9020.732661,-100.0,-0.7127143257826771,0
-5.879207,35,9021.34159,-100.0,-0.6979321960064434,0
-5.835925,34,9021.902568,-100.0,-0.7089726201693102,0
-6.006085,35,9022.497542,-100.0,-0.6361114487595061,0
-5.810874,33,9023.060683,-100.0,-0.6553621735263357,0
-5.593022,36,9023.677403,-100.0,-0.8639856591148194,0
-5.450757,33,9024.238817,-100.0,-0.7715927250325659,0
-5.447253,33,9024.79971,-100.0,-0.7136665079422679,0
-5.577407,33,9025.352084,-100.0,-0.7855287762487095,0
-5.295831,32,9025.894091,-100.0,-0.847224967412893,0
-5.113955,32,9026.438128,-100.0,-0.778290789403127,0
-5.874407,34,9027.021645,-100.0,-0.7106508199693451,0
-5.782727,34,9027.605697,-100.0,-0.7275839161820076,0
-5.515945,33,9028.162116,-100.0,-0.7818321740946376,0
-5.598945,37,9028.794124,-100.0,-0.8204479528159336,0
-5.413326,36,9029.3942,-100.0,-0.8183292393285371,0
-5.697832,33,9029.952792,-100.0,-0.7411175196974369,0
-5.396449,34,9030.512924,-100.0,-0.8236026055850075,0
-5.446864,32,9031.065365,-100.0,-0.7830944261285143,0
-5.870947,33,9031.623925,-100.0,-0.6962164302911277,0
-5.62099,32,9032.176125,-100.0,-0.8283144640041825,0
-5.447697,33,9032.727144,-100.0,-0.7559090088157135,0
-6.040563,36,9033.34504,-100.0,-0.8433959858923832,0
-5.487274,39,9033.990992,-100.0,-0.7435750771329626,0
-5.518887,33,9034.562019,-100.0,-0.7912886550136042,0
-5.605352,34,9035.148972,-100.0,-0.7525860593172095,0
-5.704007,33,9035.713243,-100.0,-0.6788802033713082,0
-5.865123,32,9036.251385,-100.0,-0.6777095236665762,0
-5.893197,36,9036.864482,-100.0,-0.6303582544877846,0
-6.405465,43,9037.60048,-100.0,-0.7294985278375143,0
-5.781142,33,9038.164009,-100.0,-0.7651256264051425,0
-5.355716,32,9038.710864,-100.0,-0.886090360551144,0
-5.674707,32,9039.252898,-100.0,-0.7689394968577392,0
-5.6609,33,9039.816198,-100.0,-0.745572121428444,0
-5.48906,33,9040.367579,-100.0,-0.8106894771935562,0
-5.583346,33,9040.935459,-100.0,-0.7664579467222628,0
-5.530608,33,9041.496073,-100.0,-0.7188214796017259,0
-5.860092,33,9042.054585,-100.0,-0.7707327579687845,0
-5.828141,34,9042.637023,-100.0,-0.7585257216023318,0
-5.86641,34,9043.222117,-100.0,-0.7074723590198392,0
-5.532681,35,9043.816085,-100.0,-0.7874569596103526,0
-5.524567,33,9044.37007,-100.0,-0.8020384897323675,0
-6.122171,34,9044.960204,-100.0,-0.6391025290992915,0
-5.659071,33,9045.514697,-100.0,-0.6495388760132339,0
-5.639726,34,9046.098793,-100.0,-0.739225622966215,0
-5.368902,33,9046.660751,-100.0,-0.8523703452948064,0
-5.571848,33,9047.224715,-100.0,-0.7635177908516757,0
-5.801982,32,9047.768265,-100.0,-0.6860306097751695,0
-5.589165,33,9048.316411,-100.0,-0.7150460728692338,0
-5.985373,33,9049.078353,-100.0,-0.6750936187137825,0
-5.942837,33,9049.64627,-100.0,-0.6968443927047778,0
-5.471201,34,9050.217076,-100.0,-0.8377526723148149,0
-5.715345,34,9050.79758,-100.0,-0.6862011635751185,0
-5.732781,32,9051.337612,-100.0,-0.7842033253532313,0
-5.682977,36,9051.945881,-100.0,-0.7251737412250054,0
-5.606942,32,9052.493334,-100.0,-0.8268131735599545,0
-5.872959,34,9053.068729,-100.0,-0.7185096970975119,0
-6.001535,42,9053.772921,-100.0,-0.6702714068809452,0
-5.715912,33,9171.190187,-100.0,-0.7611665768808855,0
-5.792257,33,9171.755293,-100.0,-0.8638782826104409,0
-5.349454,33,9172.320598,-100.0,-0.8662584255045123,0
-5.767684,33,9172.884856,-100.0,-0.7375380760953445,0
-5.755921,32,9173.423043,-100.0,-0.7697216249820397,0
-5.633743,40,9174.122414,-100.0,-0.781494332121248,0
-5.450488,33,9174.676133,-100.0,-0.7855230325153062,0
-5.835328,33,9175.252575,-100.0,-0.666184309263537,0
-5.205796,32,9175.776706,-100.0,-0.8330420039515679,0
-5.871421,34,9176.367745,-100.0,-0.6842276305922852,0
-5.661997,32,9176.916632,-100.0,-0.7606364773497467,0
-5.455828,34,9177.482629,-100.0,-0.8534925448755237,0
-5.697728,33,9178.038172,-100.0,-0.6743484815039468,0
-5.877426,38,9178.698139,-100.0,-0.7222406584206791,0
-5.787383,34,9179.267957,-100.0,-0.7085090239363131,0
-5.299433,37,9179.912117,-100.0,-0.8191449786481761,0
-5.637691,37,9180.540338,-100.0,-0.7301429293542748,0
-5.525319,36,9181.14796,-100.0,-0.7185829401948011,0
-5.729936,33,9181.710371,-100.0,-0.7151605395206673,0
-5.741743,34,9182.290337,-100.0,-0.7250755915456503,0
-5.594755,33,9182.853911,-100.0,-0.7115781880450277,0
-5.910677,38,9183.492883,-100.0,-0.6790126278151208,0
-5.514628,33,9184.060189,-100.0,-0.7214829429775984,0
-5.720473,38,9184.724138,-100.0,-0.7316185211355448,0
-5.810137,33,9185.297271,-100.0,-0.7283567765903488,0
-5.858811,33,9185.87089,-100.0,-0.6732935830935174,0
-5.701253,34,9186.433966,-100.0,-0.698846391677631,0
-5.215808,33,9186.999024,-100.0,-0.8197068072448552,0
-5.648589,34,9187.567137,-100.0,-0.7347694698795776,0
-5.404993,33,9188.137388,-100.0,-0.7795374822222855,0
-5.397221,33,9188.696709,-100.0,-0.8030813557536094,0
-5.583952,34,9189.278205,-100.0,-0.7223841639526125,0
-5.295704,39,9189.944814,-100.0,-0.7776719191734524,0
-5.454009,33,9190.50919,-100.0,-0.8158632299552302,0
-5.464772,41,9191.195216,-100.0,-0.8419683539639113,0
-5.297694,32,9191.748901,-100.0,-0.8519760545052136,0
-5.88372,36,9192.356018,-100.0,-0.6773118163272827,0
-5.651872,33,9192.922343,-100.0,-0.6946916451858515,0
-5.884346,35,9193.52844,-100.0,-0.6456718307819344,0
-5.697428,34,9194.10688,-100.0,-0.6180563530164725,0
-5.882103,33,9194.667651,-100.0,-0.7663554231214216,0
-5.592981,33,9195.237251,-100.0,-0.73593507867794,0
-5.548951,35,9195.838009,-100.0,-0.8530445965660715,0
-6.11043,34,9196.409964,-100.0,-0.6826456545775941,0
-5.62945,33,9196.974919,-100.0,-0.6928156045207486,0
-5.729849,33,9197.531427,-100.0,-0.7635099889038431,0
-5.427041,32,9198.089948,-100.0,-0.8130984215695735,0
-5.280808,32,9198.6414,-100.0,-0.8720819563431137,0
-5.720332,36,9199.247005,-100.0,-0.7138216051000645,0
-5.720054,33,9199.813319,-100.0,-0.7416066410446928,0
-5.893953,33,9200.368819,-100.0,-0.689735273033522,0
-5.593783,33,9200.938355,-100.0,-0.6831617777777643,0
-5.661263,33,9201.499238,-100.0,-0.773164922749944,0
-5.849142,33,9202.074955,-100.0,-0.6735440678259454,0
-5.459062,34,9202.652536,-100.0,-0.7574674017422222,0
-5.347159,33,9203.221162,-100.0,-0.8031612707863496,0
-5.29672,32,9203.771969,-100.0,-0.8967570920420448,0
-5.609807,33,9204.339503,-100.0,-0.768846210768354,0
-5.358242,33,9204.890592,-100.0,-0.7861639298916608,0
-5.670226,33,9205.464043,-100.0,-0.7406298006813808,0
-5.899372,39,9323.151645,-100.0,-0.6961000043598616,0
-5.370807,33,9323.717297,-100.0,-0.8465251001715371,0
-5.663707,33,9324.282423,-100.0,-0.6602088292473384,0
-5.935462,34,9324.857652,-100.0,-0.6952916405460232,0
-5.525606,33,9325.41694,-100.0,-0.7633563985317762,0
-5.7274,33,9325.973253,-100.0,-0.7213401832297518,0
-5.398224,33,9326.54863,-100.0,-0.769793723892105,0
-5.799557,34,9327.139391,-100.0,-0.6959705869316382,0
-5.623045,34,9327.713752,-100.0,-0.6752642777744481,0
-5.521259,33,9328.283806,-100.0,-0.7423777809466647,0
-5.518822,33,9328.848243,-100.0,-0.7686500947580781,0
-5.659229,34,9329.42525,-100.0,-0.8002653451281709,0
-5.359505,32,9329.966055,-100.0,-0.8522604273726168,0
-5.468066,32,9330.517478,-100.0,-0.8199052004304143,0
-5.307802,32,9331.051723,-100.0,-0.8758316803429975,0
-5.35446,34,9331.635349,-100.0,-0.7427191397468617,0
-5.889622,34,9332.207519,-100.0,-0.677000640388072,0
-5.841457,35,9332.8094,-100.0,-0.7296263253621867,0
-5.794176,43,9333.568077,-100.0,-1.0083612660355985,0
-5.956574,33,9334.125268,-100.0,-0.7321110884710365,0
-5.681979,33,9334.698493,-100.0,-0.7743252873031237,0
-5.607918,33,9335.253675,-100.0,-0.6840966661092515,0
-5.87581,35,9335.848333,-100.0,-0.6982827463658722,0
-5.496387,33,9336.411142,-100.0,-0.7509888728057951,0
-5.712205,33,9336.973476,-100.0,-0.6935144140131528,0
-5.925731,36,9337.589988,-100.0,-0.6948206159228376,0
-5.616979,34,9338.168744,-100.0,-0.6902085882690988,0
-5.538774,33,9338.726488,-100.0,-0.7826027068771382,0
-5.713271,33,9339.290215,-100.0,-0.7631781336383524,0
-5.531535,33,9339.848913,-100.0,-0.7685742126699943,0
-5.278771,33,9340.423986,-100.0,-0.8394326142969171,0
-5.894032,33,9340.978071,-100.0,-0.7040754067006415,0
-5.745216,35,9341.587813,-100.0,-0.6705154185875632,0
-5.695475,33,9342.142491,-100.0,-0.7236312469105518,0
-6.071956,32,9342.691233,-100.0,-0.7517903684334241,0
-5.489491,33,9343.26351,-100.0,-0.8035469295938737,0
-5.620316,33,9343.836573,-100.0,-0.6881276196835121,0
-5.327411,32,9344.376402,-100.0,-0.8264538927738717,0
-5.315663,32,9344.919051,-100.0,-0.8420372669414758,0
-5.442333,33,9345.472639,-100.0,-0.7230191770992624,0
-5.93585,34,9346.065712,-100.0,-0.6487919404284309,0
-5.757687,33,9346.624793,-100.0,-0.7122929275811755,0
-5.401405,32,9347.172269,-100.0,-0.8522380441742846,0
-5.733721,33,9347.738922,-100.0,-0.6506734384185833,0
-5.238373,32,9348.289112,-100.0,-0.756005992028045,0
-5.419798,32,9348.844972,-100.0,-0.8083628117613283,0
-5.754952,32,9349.389207,-100.0,-0.6996053107270522,0
-5.271093,34,9349.971696,-100.0,-0.7768759473062105,0
-5.453515,33,9350.53377,-100.0,-0.8060554493567955,0
-5.225346,33,9351.102554,-100.0,-0.8080300124974928,0
-5.893446,38,9351.73552,-100.0,-0.5962189744865725,0
-5.679929,33,9352.29931,-100.0,-0.7514919962374893,0
-5.692768,33,9352.86355,-100.0,-0.6211514091364129,0
-5.961637,34,9353.444534,-100.0,-0.6678853999703387,0
-5.627349,34,9354.045176,-100.0,-0.7545670975896585,0
-5.662641,34,9354.619552,-100.0,-0.6971678775068091,0
-5.765549,34,9355.204467,-100.0,-0.6968114985244924,0
-5.757887,33,9355.762696,-100.0,-0.6469945600964953,0
-5.553191,33,9356.327706,-100.0,-0.6866595753510081,0
-5.470605,34,9356.904094,-100.0,-0.8127847226871013,0
-6.119681,35,9357.507386,-100.0,-0.6825292974778826,0
-5.807339,33,9472.96532,-100.0,-0.6709585158142608,0
-5.586576,33,9473.517164,-100.0,-0.6710220673046285,0
-5.46348,33,9474.0837,-100.0,-0.7443147108769032,0
-5.849077,33,9474.646217,-100.0,-0.590678410675346,0
-5.465182,32,9475.201306,-100.0,-0.8264138036707988,0
-5.22346,32,9475.746446,-100.0,-0.8563210370179903,0
-5.906871,33,9476.320813,-100.0,-0.7551326976985059,0
-5.309898,32,9476.861528,-100.0,-0.8082059060482663,0
-5.806981,33,9477.425293,-100.0,-0.655492262676746,0
-6.018311,33,9477.983096,-100.0,-0.6900359588994143,0
-5.518133,32,9478.538399,-100.0,-0.8492280948496637,0
-5.046037,33,9479.089091,-100.0,-0.8800596296152384,0
-5.503547,33,9479.653043,-100.0,-0.7275266701446521,0
-5.653262,33,9480.217572,-100.0,-0.7154756387396155,0
-5.297374,33,9480.773396,-100.0,-0.7593644609244605,0
-5.618275,33,9481.332225,-100.0,-0.6958251989203412,0
-5.537358,32,9481.876858,-100.0,-0.718251649395591,0
-5.389137,32,9482.415982,-100.0,-0.795853253028511,0
-5.879175,35,9483.0275,-100.0,-0.6667799830110696,0
-5.832703,33,9483.592419,-100.0,-0.6286204950074938,0
-5.454662,33,9484.160798,-100.0,-0.8650896361966605,0
-5.51117,33,9484.719785,-100.0,-0.7045403259568525,0
-5.711502,33,9485.283468,-100.0,-0.6899851531557584,0
-5.264781,34,9485.869323,-100.0,-0.8373469038600512,0
-5.718859,32,9486.40407,-100.0,-0.7374496308993894,0
-5.779721,34,9486.991212,-100.0,-0.6914468880948456,0
-5.543606,33,9487.551803,-100.0,-0.7121372326404063,0
-5.343731,33,9488.105594,-100.0,-0.7590362021644244,0
-5.477815,39,9488.786816,-100.0,-0.7988109325661038,0
-5.973938,33,9489.348978,-100.0,-0.6660964963391122,0
-5.672528,32,9489.895144,-100.0,-0.7615853781397368,0
-5.761252,33,9490.452768,-100.0,-0.6445892442539699,0
-5.338685,32,9491.001448,-100.0,-0.8330311464940026,0
-5.722249,33,9491.568576,-100.0,-0.6808260418276881,0
-5.460294,34,9492.15561,-100.0,-0.7601082750628545,0
-5.69724,33,9492.726755,-100.0,-0.6917766115615865,0
-5.911482,34,9493.307243,-100.0,-0.6920383714803672,0
-5.779196,35,9493.904299,-100.0,-0.7185587954911243,0
-5.224525,32,9494.444691,-100.0,-0.794823897308618,0
-5.432865,33,9495.010727,-100.0,-0.7970342528745304,0
-5.415025,33,9495.572361,-100.0,-0.7560106367528305,0
-5.201543,32,9496.113432,-100.0,-0.8559274612243271,0
-5.290521,32,9496.651857,-100.0,-0.805905548345419,0
-5.47207,36,9497.273535,-100.0,-0.7312382132965635,0
-5.855021,34,9498.055044,-100.0,-0.6109887324663479,0
-5.522182,33,9498.613047,-100.0,-0.799180922688055,0
-5.853312,33,9499.180876,-100.0,-0.6848633670826176,0
-5.998374,36,9499.797484,-100.0,-0.8273192543286347,0
-5.445268,33,9500.361318,-100.0,-0.7088722928740734,0
-5.695746,33,9500.931906,-100.0,-0.6961708629796141,0
-5.885309,37,9501.55466,-100.0,-0.6767265585816892,0
-5.563795,32,9502.096797,-100.0,-0.7551288620254267,0
-5.558475,33,9502.665462,-100.0,-0.7632600745181851,0
-5.688766,33,9503.227732,-100.0,-0.7081425738449069,0
-5.810569,34,9503.807663,-100.0,-0.6520305627123675,0
-5.425361,39,9504.470384,-100.0,-0.7855203301651488,0
-5.425548,32,9505.017237,-100.0,-0.7826517921971733,0
-5.348041,32,9505.567435,-100.0,-0.8149755572401449,0
-5.936325,33,9506.134063,-100.0,-0.6772447766678076,0
-5.42083,32,9506.672204,-100.0,-0.8411902953836541,0
-5.584946,32,9507.224033,-100.0,-0.8095035425173138,0
-5.787842,34,9507.809852,-100.0,-0.6837487351007339,0
-5.983343,37,9624.680211,-100.0,-0.6500121914190876,0
-5.364331,33,9625.254436,-100.0,-0.7459734105213212,0
-5.706078,35,9625.843695,-100.0,-0.6858425527832844,0
-5.342709,32,9626.388778,-100.0,-0.8508572530449947,0
-5.438945,33,9626.945034,-100.0,-0.8059069032009005,0
-5.786915,39,9627.620906,-100.0,-0.6582101493426166,0
-5.403397,33,9628.185126,-100.0,-0.8264057670205412,0
-6.096926,40,9628.865339,-100.0,-0.6864670806055134,0
-5.58195,33,9629.426585,-100.0,-0.7464323641720626,0
-5.980713,33,9629.991872,-100.0,-0.6823456460958461,0
-5.875948,36,9630.61607,-100.0,-0.6856963269830422,0
-6.0165,34,9631.186918,-100.0,-0.7171234138553768,0
-5.515113,34,9631.772636,-100.0,-0.7165954872878253,0
-5.702575,35,9632.363312,-100.0,-0.6906133039268773,0
-5.377142,32,9632.91789,-100.0,-0.7930112574987083,0
-5.590809,33,9633.478601,-100.0,-0.6620928107020321,0
-6.101578,34,9634.066731,-100.0,-0.6690494798834359,0
-5.691745,34,9634.647539,-100.0,-0.7162276972767248,0
-5.581894,34,9635.226072,-100.0,-0.7546599066703277,0
-5.83376,35,9635.827137,-100.0,-0.666875726986698,0
-5.494495,33,9636.389586,-100.0,-0.7513093916109881,0
-5.97245,33,9636.960594,-100.0,-0.7050783685446308,0
-5.227675,33,9637.526275,-100.0,-0.8036602192834481,0
-5.669856,38,9638.168997,-100.0,-0.7428826296027842,0
-5.724968,34,9638.748855,-100.0,-0.6877836460901204,0
-5.52757,33,9639.317708,-100.0,-0.7830395326564056,0
-6.136523,35,9639.907499,-100.0,-0.6356737870378286,0
-5.762624,35,9640.505168,-100.0,-0.8353180538457823,0
-5.465515,34,9641.086627,-100.0,-0.7548781244009731,0
-5.349287,32,9641.634233,-100.0,-0.7915810615061145,0
-5.458842,32,9642.175166,-100.0,-0.7442580741443509,0
-5.384884,33,9642.742938,-100.0,-0.8281792073690525,0
-5.765009,34,9643.327757,-100.0,-0.7350633634759479,0
-6.167953,34,9643.902309,-100.0,-0.6725558545992231,0
-5.772105,34,9644.472606,-100.0,-0.651677004424734,0
-5.339626,34,9645.051406,-100.0,-0.7795900160466475,0
-5.558078,32,9645.59876,-100.0,-0.7665392376356005,0
-5.840574,33,9646.165003,-100.0,-0.7093892110629805,0
-5.452383,33,9646.728533,-100.0,-0.8140872882742077,0
-5.478419,33,9647.293174,-100.0,-0.8089344032572655,0
-5.509551,33,9647.850439,-100.0,-0.737898516119683,0
-5.893898,34,9648.432999,-100.0,-0.7097995851346662,0
-5.872518,34,9649.013631,-100.0,-0.6818342678767005,0
-5.723138,33,9649.571756,-100.0,-0.7150727263747716,0
-6.537551,43,9650.30901,-100.0,-0.7308373601775361,0
-5.396436,32,9650.85377,-100.0,-0.8608528129407512,0
-5.931772,34,9651.423963,-100.0,-0.7688580297236511,0
-5.283351,36,9652.036578,-100.0,-0.802887390470124,0
-5.379524,32,9652.588514,-100.0,-0.8436967367414465,0
-5.348595,34,9653.172214,-100.0,-0.7338306555535525,0
-5.760153,38,9653.819553,-100.0,-0.7060855242624051,0
-6.026917,34,9654.410805,-100.0,-0.6760519420225817,0
-5.341663,33,9654.970608,-100.0,-0.7795950508146723,0
-5.419593,32,9655.51698,-100.0,-0.7062481193206799,0
-5.441141,32,9656.05749,-100.0,-0.8226849712417023,0
-5.718085,33,9656.624786,-100.0,-0.7431526764596326,0
-5.143298,32,9657.161256,-100.0,-0.8952644532044427,0
-5.240263,32,9657.704389,-100.0,-0.8419733193156552,0
-6.001205,33,9658.268678,-100.0,-0.641277402736663,0
-5.85543,32,9658.826275,-100.0,-0.7559210182325188,0
-5.296235,32,9773.584545,-100.0,-0.784924455635652,0
-5.818034,34,9774.164886,-100.0,-0.6877843966797346,0
-5.43289,34,9774.755848,-100.0,-0.7925509886752116,0
-5.840775,34,9775.339539,-100.0,-0.6289251078527811,0
-6.092526,34,9775.918696,-100.0,-0.7047360085374049,0
-5.314915,40,9776.596878,-100.0,-0.7756537253505147,0
-5.539263,33,9777.155443,-100.0,-0.7682347321430327,0
-5.926159,34,9777.738871,-100.0,-0.6976287419988929,0
-5.327322,32,9778.291964,-100.0,-0.8461109592666507,0
-6.284202,35,9778.885431,-100.0,-0.7943579385941402,0
-5.891271,34,9779.465197,-100.0,-0.6897735829074733,0
-5.664597,34,9780.043189,-100.0,-0.6920861828300396,0
-5.573246,34,9780.620728,-100.0,-0.6312248936049071,0
-5.31282,32,9781.171614,-100.0,-0.8218989776613926,0
-5.44881,33,9781.731743,-100.0,-0.6898544482019118,0
-5.927606,33,9782.298595,-100.0,-0.6856970670378352,0
-5.413033,32,9782.838789,-100.0,-0.8385948804410382,0
-5.445346,33,9783.41076,-100.0,-0.7007318223453738,0
-6.007375,34,9783.988296,-100.0,-0.6424326235213922,0
-5.378349,32,9784.542724,-100.0,-0.8416250271868037,0
-5.2339,33,9785.105232,-100.0,-0.8567768593400422,0
-5.295728,39,9785.764769,-100.0,-0.7809195064181917,0
-5.107844,33,9786.331235,-100.0,-0.7703118970319219,0
-5.386553,33,9786.893378,-100.0,-0.8198607156493418,0
-5.444565,33,9787.465752,-100.0,-0.7252596669577774,0
-5.533949,34,9788.045838,-100.0,-0.6780839866027459,0
-5.856558,33,9788.611238,-100.0,-0.6711718129167067,0
-5.551028,34,9789.195478,-100.0,-0.7515112044214682,0
-5.583041,33,9789.76024,-100.0,-0.7069764207754704,0
-5.769337,34,9790.348025,-100.0,-0.6294497893824728,0
-5.698535,33,9790.901403,-100.0,-0.6428797976434651,0
-5.578789,34,9791.488431,-100.0,-0.6098646166479739,0
-5.751826,34,9792.073632,-100.0,-0.7402178182627879,0
-5.82234,33,9792.640176,-100.0,-0.7088930155369987,0
-5.500627,34,9793.219899,-100.0,-0.7894885387052137,0
-6.034347,34,9793.808507,-100.0,-0.6572068980829336,0
-5.490788,33,9794.375088,-100.0,-0.7569909349470714,0
-5.358804,32,9794.920633,-100.0,-0.8553116304183567,0
-5.660482,34,9795.509706,-100.0,-0.7075332217124624,0
-5.748529,36,9796.119198,-100.0,-0.7021810070717958,0
-5.323496,33,9796.67605,-100.0,-0.8269861914220984,0
-5.503728,33,9797.245409,-100.0,-0.6816148220777586,0
-5.709094,33,9797.815947,-100.0,-0.6196556825309408,0
-5.432521,33,9798.371816,-100.0,-0.8080298349293739,0
-5.874173,34,9798.957355,-100.0,-0.7211668977798502,0
-5.496335,33,9799.52051,-100.0,-0.7253287315397196,0
-5.168504,32,9800.074727,-100.0,-0.8409519393752626,0
-5.706195,33,9800.648892,-100.0,-0.718964396248132,0
-5.764795,33,9801.208555,-100.0,-0.7221424827310835,0
-5.665809,33,9801.778253,-100.0,-0.6312513220171421,0
-5.812904,34,9802.356547,-100.0,-0.7238481885513565,0
-5.313647,33,9802.924571,-100.0,-0.8851341029126369,0
-5.63044,35,9803.514388,-100.0,-0.7127554551986222,0
-5.912809,34,9804.100181,-100.0,-0.7266057886268693,0
-5.93009,34,9804.67463,-100.0,-0.5997543369679542,0
-5.520557,33,9805.241422,-100.0,-0.7020302498774662,0
-5.977225,33,9805.799834,-100.0,-0.7195936873578685,0
-5.598331,34,9806.379866,-100.0,-0.6553964589285379,0
-5.595189,34,9806.965599,-100.0,-0.7278978055848015,0
-5.414962,33,9807.529141,-100.0,-0.8253520065112684,0
-5.873309,33,9808.088382,-100.0,-0.6938980349877119,0
-5.513968,33,9924.876158,-100.0,-0.8320102673891377,0
-5.578602,34,9925.460382,-100.0,-0.6369793719112145,0
-6.329065,36,9926.079093,-100.0,-0.6328540813050483,0
-6.033963,34,9926.66851,-100.0,-0.6971510369482954,0
-5.261463,32,9927.204304,-100.0,-0.8307699812479382,0
-5.162352,33,9927.773293,-100.0,-0.775437555820855,0
-5.5026,33,9928.337214,-100.0,-0.6399366788690722,0
-5.372886,33,9928.897605,-100.0,-0.8185000113584391,0
-5.950453,35,9929.50648,-100.0,-0.6505412061834089,0
-5.812914,34,9930.086201,-100.0,-0.6952299481199983,0
-5.509509,33,9930.643332,-100.0,-0.7076083494739844,0
-5.338615,33,9931.216487,-100.0,-0.7812190760029796,0
-5.170271,33,9931.777621,-100.0,-0.7811256741821105,0
-5.595452,34,9932.359153,-100.0,-0.680655226787583,0
-5.760506,34,9932.942955,-100.0,-0.6703571424081132,0
-6.256568,35,9933.556914,-100.0,-0.6410157529871019,0
-5.525476,34,9934.136949,-100.0,-0.6766444244775214,0
-5.276219,33,9934.694679,-100.0,-0.8032709019379422,0
-5.680096,34,9935.28061,-100.0,-0.7534756642930112,0
-5.480683,32,9935.829044,-100.0,-0.7990883391991264,0
-5.5471,33,9936.390078,-100.0,-0.7019999487886296,0
-5.564705,34,9936.981508,-100.0,-0.7490619900516929,0
-5.855095,34,9937.569344,-100.0,-0.7448596725305501,0
-5.713182,36,9938.183268,-100.0,-0.7069776685434586,0
-6.049427,36,9938.806594,-100.0,-0.7780767479828301,0
-5.723308,33,9939.369992,-100.0,-0.6834712747359623,0
-5.472526,33,9939.932919,-100.0,-0.8402484704713106,0
-5.634706,33,9940.493585,-100.0,-0.7406144993151627,0
-5.834199,33,9941.063839,-100.0,-0.6679978396302549,0
-5.691026,33,9941.634203,-100.0,-0.6711165987161211,0
-5.533979,33,9942.192315,-100.0,-0.7508353695762585,0
-5.793361,39,9942.855242,-100.0,-0.7334640222346058,0
-5.474033,33,9943.424352,-100.0,-0.7739302173227174,0
-5.992353,34,9944.000957,-100.0,-0.6571667832195366,0
-5.566983,33,9944.760576,-100.0,-0.7120474369901186,0
-5.286854,32,9945.313186,-100.0,-0.8107387768836865,0
-6.129318,34,9945.89284,-100.0,-0.6587955964702991,0
-5.846536,34,9946.480151,-100.0,-0.625208894640833,0
-5.540275,33,9947.043325,-100.0,-0.724209729805552,0
-5.35073,32,9947.599686,-100.0,-0.8074992108898096,0
-5.627111,33,9948.158455,-100.0,-0.696382026509556,0
-5.273747,32,9948.71612,-100.0,-0.845138029613599,0
-5.973386,35,9949.304561,-100.0,-0.7213711972528021,0
-6.054126,33,9949.871655,-100.0,-0.6971815579834576,0
-5.321267,33,9950.436916,-100.0,-0.8421220711868167,0
-5.427716,35,9951.033962,-100.0,-0.7951268072695638,0
-5.491952,33,9951.607556,-100.0,-0.6579184193876149,0
-5.301458,33,9952.175289,-100.0,-0.6847574675191299,0
-5.631821,34,9952.752217,-100.0,-0.6877632563594762,0
-5.706981,35,9953.355403,-100.0,-0.6854798891499266,0
-5.876174,34,9953.936072,-100.0,-0.672383867085693,0
-5.856342,39,9954.602103,-100.0,-0.7002535997378212,0
-5.351534,33,9955.167996,-100.0,-0.7235141951835719,0
-5.666218,34,9955.749606,-100.0,-0.6361634912423025,0
-5.882118,35,9956.350581,-100.0,-0.7158099099666879,0
-5.542867,33,9956.900638,-100.0,-0.7371085511935163,0
-5.301066,34,9957.485198,-100.0,-0.7782282036202981,0
-5.387422,33,9958.049198,-100.0,-0.7496363912070833,0
-5.798227,34,9958.631371,-100.0,-0.7150411096435738,0
-5.958676,35,9959.233283,-100.0,-0.6754713239447194,0
-5.761656,34,9959.801498,-100.0,-0.6865397614992561,0
-5.247298,33,10078.386773,-100.0,-0.750455567280824,0
-5.835017,35,10078.981439,-100.0,-0.6517421716597883,0
-5.502471,33,10079.551263,-100.0,-0.6757121489950307,0
-5.671685,35,10080.153786,-100.0,-0.7223168866651937,0
-5.386048,33,10080.710077,-100.0,-0.82948330757393,0
-5.233891,33,10081.279925,-100.0,-0.8362786605730674,0
-5.357289,33,10081.845732,-100.0,-0.7503342819226221,0
-5.538488,33,10082.408627,-100.0,-0.7112825412459906,0
-5.745299,35,10082.987085,-100.0,-0.6495835665564517,0
-5.79311,33,10083.55648,-100.0,-0.7085966442139121,0
-5.559739,33,10084.125212,-100.0,-0.6791605701823844,0
-5.536064,34,10084.705004,-100.0,-0.7064112051856326,0
-5.264736,33,10085.265917,-100.0,-0.7470757875205372,0
-5.281357,33,10085.830955,-100.0,-0.797163380699969,0
-5.754954,33,10086.387348,-100.0,-0.618778093483352,0
-5.470929,33,10086.945345,-100.0,-0.7672821184361753,0
-5.54762,33,10087.505414,-100.0,-0.6906659931948655,0
-6.000708,38,10088.166938,-100.0,-0.7491724513460736,0
-5.596863,33,10088.732295,-100.0,-0.643854292904548,0
-5.786676,34,10089.305321,-100.0,-0.6787048533683587,0
-5.449735,34,10089.886971,-100.0,-0.7588116693340757,0
-5.546312,33,10090.447033,-100.0,-0.7317614382142217,0
-5.570615,33,10091.00192,-100.0,-0.7659060892536385,0
-6.034731,42,10091.711106,-100.0,-0.6809499607158168,0
-5.291253,32,10092.254154,-100.0,-0.8356187530706779,0
-5.358986,33,10092.807543,-100.0,-0.7655192211994672,0
-5.314424,32,10093.358727,-100.0,-0.8181307051985944,0
-5.591126,33,10093.927831,-100.0,-0.7126828426132154,0
-5.837506,35,10094.520088,-100.0,-0.6648416938622025,0
-5.58075,34,10095.102471,-100.0,-0.685720595567967,0
-5.413072,33,10095.671419,-100.0,-0.759690077201341,0
-5.588176,37,10096.304779,-100.0,-0.7111284104788821,0
-5.826896,33,10096.871144,-100.0,-0.7018781247532877,0
-5.60114,33,10097.411242,-100.0,-0.6580868390269166,0
-5.129586,35,10098.020183,-100.0,-0.8165936806998916,0
-5.700422,33,10098.577511,-100.0,-0.7416149334361712,0
-5.585125,33,10099.146223,-100.0,-0.7130803158240776,0
-5.531384,33,10099.712064,-100.0,-0.7914770419176459,0
-5.184936,33,10100.273603,-100.0,-0.8158953718020526,0
-5.746376,33,10100.833313,-100.0,-0.667671679143618,0
-5.685224,33,10101.398062,-100.0,-0.6982317776450777,0
-5.457462,33,10101.969166,-100.0,-0.8091032704025946,0
-5.630571,39,10102.614601,-100.0,-0.7822862303550377,0
-5.394506,33,10103.189276,-100.0,-0.7716658346855879,0
-5.34323,36,10103.789563,-100.0,-0.7689196569341913,0
-5.533994,34,10104.376541,-100.0,-0.6640824173647696,0
-5.842111,35,10104.96912,-100.0,-0.6494282183663437,0
-5.547076,34,10105.552485,-100.0,-0.7443411690673388,0
-5.8772,35,10106.152886,-100.0,-0.7012471689309524,0
-5.366752,33,10106.715955,-100.0,-0.7545640014670107,0
-5.678797,34,10107.292622,-100.0,-0.693174077784892,0
-5.889432,34,10107.884006,-100.0,-0.6500031397102235,0
-5.515819,34,10108.466314,-100.0,-0.6724312033115707,0
-5.724224,33,10109.040208,-100.0,-0.6671943126179033,0
-5.33225,34,10109.613283,-100.0,-0.765202806968791,0
-5.562713,33,10110.177892,-100.0,-0.7311861052728764,0
-5.366262,33,10110.733563,-100.0,-0.7530163250796628,0
-5.626262,34,10111.319039,-100.0,-0.6897570426798131,0
-5.481293,33,10111.878155,-100.0,-0.7403476361409471,0
-5.792411,41,10112.583354,-100.0,-0.6320340653655373,0
-5.205907,33,10215.279971,-100.0,-0.806783664691578,0
-5.468917,34,10215.862417,-100.0,-0.7684347187368217,0
-5.351783,32,10216.415395,-100.0,-0.7751764866908762,0
-5.634244,33,10216.970318,-100.0,-0.7008694538287169,0
-5.555941,39,10217.643535,-100.0,-0.6372514393299842,0
-5.319472,33,10218.197665,-100.0,-0.7795637334367272,0
-5.284081,38,10218.846902,-100.0,-0.797947042153929,0
-5.443515,33,10219.409267,-100.0,-0.7847691359952836,0
-5.377378,33,10219.978834,-100.0,-0.7614476411531892,0
-5.683961,46,10220.764942,-100.0,-0.744945634659342,0
-5.295134,35,10221.360631,-100.0,-0.7598670287475402,0
-5.349633,33,10221.931275,-100.0,-0.7161431105450062,0
-6.036756,34,10222.512082,-100.0,-0.6553298240849436,0
-5.53961,33,10223.077676,-100.0,-0.7186399117607273,0
-5.183904,32,10223.62531,-100.0,-0.8513968000186213,0
-5.824072,40,10224.303922,-100.0,-0.7089328891914982,0
-5.539304,40,10224.98246,-100.0,-0.7442373825085121,0
-5.626484,39,10225.651397,-100.0,-0.7410721063446774,0
-5.609617,33,10226.212026,-100.0,-0.687244362663824,0
-5.765914,37,10226.835938,-100.0,-0.6697517496972035,0
-5.945509,43,10227.604339,-100.0,-0.7198992062142252,0
-5.479704,35,10228.196495,-100.0,-0.751176835912032,0
-5.658361,33,10228.7535,-100.0,-0.7351588921146922,0
-5.578496,33,10229.319078,-100.0,-0.6646158254648874,0
-5.732121,34,10229.894282,-100.0,-0.6686508439192029,0
-5.692506,33,10230.465614,-100.0,-0.6513784607796801,0
-5.407443,33,10231.021324,-100.0,-0.7834819483951839,0
-5.220763,32,10231.563934,-100.0,-0.7694375676362312,0
-5.961707,46,10232.345875,-100.0,-0.6426858426622666,0
-5.432942,33,10232.902047,-100.0,-0.8335097705986043,0
-5.430402,33,10233.472287,-100.0,-0.7044813272581343,0
-5.46668,33,10234.036859,-100.0,-0.7175447402908993,0
-5.200811,34,10234.615951,-100.0,-0.8541264198851326,0
-5.756981,34,10235.192661,-100.0,-0.6561943052631489,0
-5.640416,33,10235.755249,-100.0,-0.7800032088413384,0
-5.714825,33,10236.327893,-100.0,-0.6968496403994919,0
-5.744608,33,10236.896116,-100.0,-0.6624828915199865,0
-5.388535,33,10237.456303,-100.0,-0.8224661747103729,0
-5.643385,34,10238.045048,-100.0,-0.6832590052198761,0
-5.433937,35,10238.632739,-100.0,-0.7585154661558315,0
-5.792554,34,10239.212234,-100.0,-0.7130682862827753,0
-5.339174,33,10239.775325,-100.0,-0.8137565988468511,0
-5.471354,34,10240.353994,-100.0,-0.7219063820858238,0
-5.550363,33,10240.91303,-100.0,-0.725049868090924,0
-5.64006,38,10241.572975,-100.0,-0.7679840499980954,0
-5.272811,32,10242.122552,-100.0,-0.8214114639180627,0
-5.631,33,10242.669446,-100.0,-0.6822693790303048,0
-5.449085,33,10243.237992,-100.0,-0.7058352229277316,0
-5.633671,33,10243.808963,-100.0,-0.7675807525183235,0
-5.628294,33,10244.372081,-100.0,-0.7761380229076483,0
-5.327981,33,10244.933481,-100.0,-0.7893192041358156,0
-5.570985,40,10245.62365,-100.0,-0.7937351067466007,0
-5.563399,33,10246.182366,-100.0,-0.7276550807562039,0
-5.558498,34,10246.760843,-100.0,-0.7034916216153956,0
-5.525608,33,10247.313133,-100.0,-0.7485152344481123,0
-5.599021,35,10247.913383,-100.0,-0.7368928495454357,0
-5.307982,38,10248.557178,-100.0,-0.7965980940178683,0
-5.419688,33,10249.127987,-100.0,-0.741788174013796,0
-5.160936,32,10249.682505,-100.0,-0.880452725586892,0
-5.394724,33,10352.271508,-100.0,-0.757965929167847,0
-5.793439,39,10352.948364,-100.0,-0.6608690743498878,0
-5.320845,32,10353.498053,-100.0,-0.8029019240946703,0
-5.360004,32,10354.034125,-100.0,-0.8164340622043169,0
-5.59804,42,10354.754362,-100.0,-0.7361801987472065,0
-5.645812,34,10355.33058,-100.0,-0.7268875362705798,0
-5.851264,37,10355.957222,-100.0,-0.6853607624088579,0
-5.472109,33,10356.514104,-100.0,-0.7612099179435746,0
-5.849837,34,10357.098067,-100.0,-0.6801392407076982,0
-5.210812,32,10357.651078,-100.0,-0.8833977888076487,0
-5.415158,33,10358.213286,-100.0,-0.747927733826447,0
-5.393401,33,10358.774534,-100.0,-0.7860758531385001,0
-5.253552,32,10359.316867,-100.0,-0.7908693539615991,0
-5.574858,34,10359.890821,-100.0,-0.7527946547465924,0
-5.340065,33,10360.444933,-100.0,-0.795804860540544,0
-5.579626,33,10361.01134,-100.0,-0.6596052530652459,0
-5.770085,33,10361.576177,-100.0,-0.6577225445520289,0
-5.45155,33,10362.13548,-100.0,-0.7713735707575544,0
-5.238344,32,10362.6878,-100.0,-0.8876535948911762,0
-5.406388,34,10363.260466,-100.0,-0.8467689557869049,0
-5.578152,33,10363.831802,-100.0,-0.661354969297477,0
-5.577463,34,10364.405646,-100.0,-0.7105188316027529,0
-5.57675,33,10364.975472,-100.0,-0.693475235625698,0
-5.6835,37,10365.603657,-100.0,-0.6794998785096413,0
-5.614507,34,10366.179884,-100.0,-0.7567122699815543,0
-5.532634,34,10366.96586,-100.0,-0.6538248825127024,0
-5.611249,34,10367.548859,-100.0,-0.6421460523450037,0
-5.895545,34,10368.129751,-100.0,-0.6298199666793751,0
-5.834468,35,10368.722793,-100.0,-0.6592234580981847,0
-5.271841,32,10369.275372,-100.0,-0.7968330867862207,0
-5.545371,33,10369.845464,-100.0,-0.7425094089634623,0
-5.683469,33,10370.415088,-100.0,-0.7531443428459018,0
-5.285855,33,10370.965334,-100.0,-0.7329149072865846,0
-5.849761,34,10371.549738,-100.0,-0.6399220455425476,0
-5.530146,33,10372.110755,-100.0,-0.6993363188007563,0
-5.223056,34,10372.683882,-100.0,-0.8588493989462759,0
-5.583864,33,10373.244107,-100.0,-0.7234677593230823,0
-5.612303,33,10373.812202,-100.0,-0.7247635532091234,0
-5.364446,33,10374.371838,-100.0,-0.7667277000487946,0
-5.577712,34,10374.942903,-100.0,-0.744857091641358,0
-5.475964,34,10375.523906,-100.0,-0.7939371576544151,0
-5.376767,33,10376.096386,-100.0,-0.7701250039085343,0
-5.456235,33,10376.661657,-100.0,-0.7477643742571125,0
-5.688005,35,10377.249827,-100.0,-0.6916073235654286,0
-5.668955,33,10377.816468,-100.0,-0.688305023073051,0
-5.687918,37,10378.45731,-100.0,-0.6961871443450063,0
-5.743685,35,10379.055183,-100.0,-0.676657907025822,0
-5.547275,33,10379.615434,-100.0,-0.7407100347169687,0
-5.419573,40,10380.298279,-100.0,-0.7931516649665271,0
-5.46212,33,10380.860136,-100.0,-0.7548688516150569,0
-5.288906,33,10381.423741,-100.0,-0.7997654689321683,0
-5.98401,33,10381.967213,-100.0,-0.7225076840170767,0
-5.370696,32,10382.522715,-100.0,-0.7947760861750081,0
-5.461773,34,10383.10022,-100.0,-0.6963208411712946,0
-5.623768,34,10383.683593,-100.0,-0.6806012508258168,0
-5.553299,33,10384.230153,-100.0,-0.7600387627630538,0
-5.455724,33,10384.797682,-100.0,-0.7375753601480171,0
-5.302627,32,10385.340946,-100.0,-0.7693468974828405,0
-5.133965,32,10385.891884,-100.0,-0.7783218599866584,0
-5.463602,33,10386.44739,-100.0,-0.6743543855110171,0
-5.859765,35,10387.042928,-100.0,-0.7160727899122563,0
-5.213781,32,10508.704365,-100.0,-0.8304639481667898,0
-5.451799,32,10509.250799,-100.0,-0.8337689864193708,0
-5.641181,33,10509.817177,-100.0,-0.7059411936445409,0
-5.459003,33,10510.386047,-100.0,-0.6846452228806688,0
-5.083799,33,10510.946516,-100.0,-0.843091976894156,0
-5.202772,32,10511.501328,-100.0,-0.8171701396771569,0
-5.204752,33,10512.051316,-100.0,-0.8258710544143583,0
-5.590748,35,10512.658371,-100.0,-0.7302582401748468,0
-5.540175,33,10513.209772,-100.0,-0.7169568289372057,0
-5.557178,34,10513.803766,-100.0,-0.7162010858194149,0
-5.362375,33,10514.359008,-100.0,-0.8272748197021982,0
-5.253941,33,10514.929645,-100.0,-0.8055282039504048,0
-5.38153,33,10515.497239,-100.0,-0.7853515024193286,0
-5.550332,33,10516.067189,-100.0,-0.7229528389940648,0
-5.561315,33,10516.629399,-100.0,-0.6791586609353454,0
-5.597201,33,10517.192279,-100.0,-0.7193416335724315,0
-5.491023,34,10517.781811,-100.0,-0.6806407912104764,0
-5.645857,34,10518.365169,-100.0,-0.6678242424798999,0
-5.22003,33,10518.932437,-100.0,-0.7750752308978627,0
-5.810664,34,10519.509805,-100.0,-0.6055588302845869,0
-5.294895,32,10520.066366,-100.0,-0.7782945589787353,0
-5.796213,33,10520.638569,-100.0,-0.705163094934472,0
-5.534602,33,10521.194826,-100.0,-0.738173977547744,0
-5.289703,33,10521.764244,-100.0,-0.8415001546494673,0
-5.623591,34,10522.35077,-100.0,-0.6871765119727318,0
-5.464957,34,10522.932468,-100.0,-0.7313675456392624,0
-5.455501,33,10523.494976,-100.0,-0.7264431591492786,0
-5.201838,32,10524.040945,-100.0,-0.8232477457466878,0
-5.666774,34,10524.616491,-100.0,-0.7099935068909686,0
-5.297558,33,10525.175894,-100.0,-0.7846588221603131,0
-5.471908,33,10525.724792,-100.0,-0.7149220189476783,0
-5.767192,35,10526.338921,-100.0,-0.686223757247833,0
-5.61494,33,10526.900191,-100.0,-0.7399307587971513,0
-5.242418,33,10527.471353,-100.0,-0.7544781777560085,0
-5.423816,32,10528.007024,-100.0,-0.8435466849352248,0
-5.166423,33,10528.573351,-100.0,-0.8845682588396692,0
-5.635739,33,10529.133291,-100.0,-0.7551682220039285,0
-5.658743,33,10529.694955,-100.0,-0.7612567852641575,0
-5.461919,33,10530.264818,-100.0,-0.810627930207749,0
-5.609348,33,10530.830541,-100.0,-0.7166715591945918,0
-5.633683,33,10531.397125,-100.0,-0.6467480161227672,0
-5.743881,35,10531.996802,-100.0,-0.7109578461102211,0
-5.439298,33,10532.570926,-100.0,-0.8012331633560965,0
-6.329206,48,10533.382148,-100.0,-0.7109791247972905,0
-5.786604,35,10533.985015,-100.0,-0.6842912366284953,0
-5.572402,33,10534.551869,-100.0,-0.6738828059642542,0
-5.429782,39,10535.220655,-100.0,-0.772647726198993,0
-5.332882,33,10535.780197,-100.0,-0.7818302326962432,0
-5.861503,34,10536.362323,-100.0,-0.7024138516293515,0
-5.304775,37,10536.994365,-100.0,-0.8703257430839204,0
-5.50344,33,10537.561802,-100.0,-0.7867381833981242,0
-5.033591,33,10538.121078,-100.0,-0.8535272674196883,0
-5.702269,44,10538.873239,-100.0,-0.8061638891384637,0
-5.655496,41,10539.5498,-100.0,-0.6589357313747253,0
-5.856377,34,10540.13027,-100.0,-0.6824062554332663,0
-5.751839,35,10540.72952,-100.0,-0.6902460934223372,0
-5.726243,34,10541.304862,-100.0,-0.6512245909279791,0
-5.824033,34,10541.894748,-100.0,-0.7196793297619715,0
-5.596317,33,10542.453038,-100.0,-0.7514963844393456,0
-5.736122,33,10543.03056,-100.0,-0.6861053828768382,0
-5.543233,33,10668.100833,-100.0,-0.7102369279828677,0
-5.856556,33,10668.661527,-100.0,-0.621944111267217,0
-5.523817,33,10669.22865,-100.0,-0.7146088533496815,0
-5.670256,33,10669.793825,-100.0,-0.7368829334779192,0
-5.380979,33,10670.361634,-100.0,-0.7937277321152885,0
-5.737931,33,10670.923866,-100.0,-0.6866386716447327,0
-5.719618,33,10671.488335,-100.0,-0.717459875067713,0
-5.769298,33,10672.051356,-100.0,-0.6424976395240449,0
-5.457888,33,10672.614752,-100.0,-0.7863560064982148,0
-5.447897,33,10673.179917,-100.0,-0.7203472494175861,0
-5.223346,33,10673.745566,-100.0,-0.769373507819063,0
-5.580424,37,10674.379978,-100.0,-0.7543895942094639,0
-5.675613,33,10674.941587,-100.0,-0.6542217003958065,0
-5.426233,34,10675.518415,-100.0,-0.7379003796588791,0
-5.344217,32,10676.061373,-100.0,-0.7927514068194418,0
-5.693773,33,10676.633334,-100.0,-0.7144530336130964,0
-5.325036,33,10677.198382,-100.0,-0.8045936877237903,0
-5.219963,33,10677.763178,-100.0,-0.7957057221034473,0
-5.792411,34,10678.341476,-100.0,-0.7424893446580585,0
-5.378471,34,10678.927863,-100.0,-0.7477259641308954,0
-5.304404,33,10679.502534,-100.0,-0.6890975041344647,0
-5.460973,34,10680.080019,-100.0,-0.6710849578400466,0
-5.461192,33,10680.646928,-100.0,-0.741285085877409,0
-5.226919,34,10681.218454,-100.0,-0.7809482717479596,0
-5.559885,33,10681.790463,-100.0,-0.7371712019877954,0
-5.406578,33,10682.351282,-100.0,-0.6596678703524306,0
-5.181079,32,10682.898868,-100.0,-0.7974223097050557,0
-5.455034,34,10683.475213,-100.0,-0.8333949597014749,0
-5.667745,33,10684.040507,-100.0,-0.6973955771063661,0
-5.559422,33,10684.607584,-100.0,-0.7227701757166339,0
-5.470761,33,10685.176675,-100.0,-0.7899307421445092,0
-5.822021,40,10685.849807,-100.0,-0.7132162301208708,0
-5.499903,41,10686.543711,-100.0,-0.7490652095641015,0
-5.527708,33,10687.110166,-100.0,-0.736160108934271,0
-5.774378,37,10687.758834,-100.0,-0.6869465006001483,0
-5.445194,34,10688.340544,-100.0,-0.8105506325178268,0
-5.509345,33,10688.90046,-100.0,-0.7515179286677482,0
-5.992486,51,10689.771946,-100.0,-0.7489544057255857,0
-5.872391,38,10690.416214,-100.0,-0.7056893249490703,0
-5.400084,34,10691.001631,-100.0,-0.7693948543889637,0
-5.585405,33,10691.57371,-100.0,-0.690647735348451,0
-5.622658,33,10692.135533,-100.0,-0.6811890643249888,0
-5.651159,34,10692.720668,-100.0,-0.7414849963206709,0
-5.766774,35,10693.310694,-100.0,-0.6916459255733712,0
-5.391234,32,10693.862586,-100.0,-0.8580455752286628,0
-5.590599,33,10694.422566,-100.0,-0.7464442364987484,0
-5.66443,35,10695.022793,-100.0,-0.6966096702148066,0
-5.633523,34,10695.603553,-100.0,-0.6967069565117138,0
-5.799624,33,10696.172599,-100.0,-0.6211162358710114,0
-5.585241,39,10696.837623,-100.0,-0.7552695550684072,0
-5.251216,32,10697.390282,-100.0,-0.7677103389130674,0
-5.965759,40,10698.061863,-100.0,-0.6962034548135282,0
-5.273973,33,10698.619927,-100.0,-0.8423044006100004,0
-5.358986,33,10699.191198,-100.0,-0.7986302245266402,0
-5.450384,34,10699.772858,-100.0,-0.7644601529148755,0
-5.507649,34,10700.358921,-100.0,-0.7571676964796509,0
-5.128337,34,10700.942105,-100.0,-0.8543923494430101,0
-5.67672,33,10701.502413,-100.0,-0.7138864011549305,0
-5.633686,39,10702.163868,-100.0,-0.8043224579691431,0
-5.404461,33,10702.72127,-100.0,-0.7797340478630908,0
-5.791266,33,10832.954677,-100.0,-0.7237710449373461,0
-5.491024,33,10833.526871,-100.0,-0.7399296977951731,0
-5.404826,33,10834.090503,-100.0,-0.7729503438784665,0
-5.509538,33,10834.660087,-100.0,-0.6958501502994159,0
-5.644341,33,10835.218437,-100.0,-0.6835409764105742,0
-5.234418,33,10835.7835,-100.0,-0.7915581372170092,0
-5.214835,38,10836.431551,-100.0,-0.8153357338248512,0
-5.618055,34,10837.016155,-100.0,-0.7104234937821235,0
-5.32737,32,10837.561637,-100.0,-0.8549675514985668,0
-5.340045,33,10838.121813,-100.0,-0.8126935660573723,0
-5.747856,38,10838.780523,-100.0,-0.7206165337299134,0
-5.564898,33,10839.33873,-100.0,-0.6796143541777442,0
-5.853567,33,10839.897131,-100.0,-0.700134819387323,0
-6.144134,39,10840.559381,-100.0,-0.6816100227398701,0
-5.752231,33,10841.121209,-100.0,-0.6316773016274575,0
-5.197505,33,10841.679745,-100.0,-0.8112959881962566,0
-5.674381,34,10842.47298,-100.0,-0.6648183428404549,0
-5.636685,34,10843.061115,-100.0,-0.7384306264671631,0
-5.399305,33,10843.615436,-100.0,-0.8265102090452249,0
-5.587557,33,10844.179761,-100.0,-0.8003589648908946,0
-5.382899,33,10844.743181,-100.0,-0.7561802257708934,0
-5.260769,33,10845.308795,-100.0,-0.8077846507456644,0
-5.730886,34,10845.891519,-100.0,-0.6569120288120092,0
-5.472383,33,10846.461738,-100.0,-0.670905241391195,0
-5.313076,32,10847.013552,-100.0,-0.8328562417893809,0
-5.326091,33,10847.584781,-100.0,-0.7864421619620429,0
-5.59377,33,10848.149676,-100.0,-0.7458441849807589,0
-5.613859,33,10848.719209,-100.0,-0.7347203337808269,0
-5.519922,34,10849.303378,-100.0,-0.7498139007958159,0
-5.277596,33,10849.86278,-100.0,-0.847468088739185,0
-5.045475,32,10850.409145,-100.0,-0.8252358671617572,0
-5.758202,34,10850.996438,-100.0,-0.6504727170479001,0
-5.6054,34,10851.580548,-100.0,-0.6976584381588307,0
-5.463171,33,10852.142811,-100.0,-0.7577792784496378,0
-5.394563,34,10852.729956,-100.0,-0.7780664526313071,0
-5.648123,37,10853.358259,-100.0,-0.6857045871074595,0
-5.886188,33,10853.916388,-100.0,-0.725817165589352,0
-5.546558,33,10854.474061,-100.0,-0.6714706353144946,0
-5.125415,32,10855.02091,-100.0,-0.8345137838942419,0
-5.096995,32,10855.564854,-100.0,-0.8647976835445857,0
-5.284237,39,10856.235058,-100.0,-0.8205563519656099,0
-5.482908,32,10856.770957,-100.0,-0.7064928194542212,0
-5.929732,37,10857.419485,-100.0,-0.6274124102663508,0
-5.428387,33,10857.995052,-100.0,-0.7708939397547004,0
-5.806453,32,10858.534489,-100.0,-0.7538526335401985,0
-5.387782,34,10859.116929,-100.0,-0.7266145014874228,0
-5.430196,33,10859.685777,-100.0,-0.777192456220407,0
-5.307069,33,10860.250528,-100.0,-0.7110315749376642,0
-5.929351,35,10860.845223,-100.0,-0.6660149423871685,0
-5.890096,32,10861.387665,-100.0,-0.7732674915322023,0
-5.442795,33,10861.944187,-100.0,-0.7040971410831868,0
-5.23176,33,10862.515098,-100.0,-0.7644799644706295,0
-5.831356,34,10863.089845,-100.0,-0.6755825752364538,0
-5.262793,33,10863.635317,-100.0,-0.8538306265494605,0
-5.783327,33,10864.20763,-100.0,-0.6866426769573211,0
-5.308027,32,10864.756505,-100.0,-0.8269235966368584,0
-5.290984,36,10865.375464,-100.0,-0.7634315880565784,0
-5.456977,35,10865.97949,-100.0,-0.8122163487060736,0
-5.289898,34,10866.55215,-100.0,-0.7966845910751791,0
-5.622593,35,10867.150479,-100.0,-0.7196669927322676,0
-5.481544,33,11001.207862,-100.0,-0.7781247239577443,0
-5.282,32,11001.747883,-100.0,-0.8970682188336019,0
-5.391093,43,11002.484711,-100.0,-0.7746932307944651,0
-5.570868,33,11003.041516,-100.0,-0.6529066158710424,0
-5.2154,32,11003.595529,-100.0,-0.7732388689232211,0
-5.714069,33,11004.146559,-100.0,-0.668501224073277,0
-5.362374,33,11004.705905,-100.0,-0.8099172070783266,0
-5.212284,33,11005.269212,-100.0,-0.8107740054729297,0
-5.571972,33,11005.827793,-100.0,-0.6679416322179648,0
-5.213271,32,11006.371455,-100.0,-0.8362200576730072,0
-5.624038,33,11006.938327,-100.0,-0.7118774348640051,0
-5.416292,33,11007.507962,-100.0,-0.689767457325571,0
-5.788311,33,11008.066558,-100.0,-0.6554581403585045,0
-5.755814,33,11008.625947,-100.0,-0.6597825666965846,0
-5.539606,34,11009.202612,-100.0,-0.7215813334497787,0
-5.463135,32,11009.749659,-100.0,-0.7798890011628625,0
-5.820042,34,11010.332814,-100.0,-0.6557197867618243,0
-5.636684,33,11010.890985,-100.0,-0.6755775382952378,0
-5.250259,33,11011.451152,-100.0,-0.7488342778922156,0
-6.126815,41,11012.155572,-100.0,-0.6781277606691912,0
-5.32159,33,11012.714189,-100.0,-0.753119014570418,0
-5.911731,38,11013.35112,-100.0,-0.675976002918337,0
-5.642035,33,11013.917963,-100.0,-0.678990122467564,0
-5.782339,33,11014.473899,-100.0,-0.6639550843056964,0
-5.459001,35,11015.078583,-100.0,-0.7706520454717244,0
-5.429004,34,11015.652474,-100.0,-0.749781963081875,0
-5.424264,33,11016.219436,-100.0,-0.7461862304768008,0
-5.211595,33,11016.77413,-100.0,-0.8813607647154833,0
-5.544541,33,11017.337571,-100.0,-0.685747714268039,0
-5.548535,33,11017.898205,-100.0,-0.7772492266007798,0
-5.614187,32,11018.44876,-100.0,-0.8018277838617257,0
-5.087866,34,11019.035737,-100.0,-0.8362472200608092,0
-5.652265,35,11019.627406,-100.0,-0.6826293354208227,0
-5.660855,35,11020.213925,-100.0,-0.6812978321511188,0
-5.122408,32,11020.765287,-100.0,-0.790505048355255,0
-5.536392,33,11021.330613,-100.0,-0.658840187593716,0
-5.177816,32,11021.875881,-100.0,-0.8867650499597608,0
-5.366187,33,11022.429494,-100.0,-0.6871513446877305,0
-5.85641,35,11023.037835,-100.0,-0.6872545474461951,0
-5.52088,33,11023.59839,-100.0,-0.7034709166179091,0
-5.346722,32,11024.137666,-100.0,-0.7671995601893213,0
-5.61258,33,11024.70717,-100.0,-0.7080985795899801,0
-5.508031,33,11025.271744,-100.0,-0.6717328482657079,0
-5.31233,35,11025.867797,-100.0,-0.9091312393082128,0
-5.62639,33,11026.425308,-100.0,-0.7537808740187234,0
-6.004067,37,11027.052651,-100.0,-0.6605808007142934,0
-5.766097,34,11027.637941,-100.0,-0.6797513344299815,0
-5.376719,33,11028.206465,-100.0,-0.7038497605129503,0
-5.286156,33,11028.764062,-100.0,-0.6912516829341513,0
-5.597051,34,11029.348523,-100.0,-0.7328795631893585,0
-5.647397,33,11029.907767,-100.0,-0.6833020390010541,0
-5.173992,32,11030.452695,-100.0,-0.8155889605966319,0
-5.324024,34,11031.046391,-100.0,-0.6864309887540918,0
-5.619445,33,11031.596874,-100.0,-0.7001231740247263,0
-5.852756,33,11032.154669,-100.0,-0.6739678628227244,0
-5.866436,34,11032.723753,-100.0,-0.6858086444154394,0
-5.643753,33,11033.28081,-100.0,-0.6264689039872027,0
-5.468348,33,11033.847146,-100.0,-0.751421795199515,0
-5.33142,33,11034.411851,-100.0,-0.8179211587981944,0
-5.751419,34,11035.002262,-100.0,-0.6969781574070782,0
-5.520228,32,11035.538911,-100.0,-0.7598791279230004,0
-5.357691,33,11173.479348,-100.0,-0.7536435427323952,0
-5.325612,33,11174.03932,-100.0,-0.8189526956332163,0
-5.675031,34,11174.62815,-100.0,-0.6412701877417176,0
-5.291356,33,11175.200552,-100.0,-0.7650971577218817,0
-5.61254,37,11175.854049,-100.0,-0.6890541751519819,0
-5.709019,33,11176.41656,-100.0,-0.6248087040016526,0
-5.537093,33,11176.985699,-100.0,-0.6423334768356334,0
-5.375037,33,11177.551466,-100.0,-0.8187639535354588,0
-5.65534,33,11178.124841,-100.0,-0.6860324205819417,0
-5.971749,34,11178.705003,-100.0,-0.7852983148273318,0
-5.663508,34,11179.305921,-100.0,-0.6628529973556478,0
-5.701579,33,11179.874338,-100.0,-0.625510137093433,0
-5.429752,33,11180.450198,-100.0,-0.7497860822921121,0
-5.637756,33,11181.019478,-100.0,-0.6862355229698103,0
-5.782489,34,11181.608815,-100.0,-0.6977962297579329,0
-5.48843,37,11182.254517,-100.0,-0.7705269313161716,0
-5.609379,35,11182.863889,-100.0,-0.7257362942564397,0
-5.463336,33,11183.434366,-100.0,-0.7002021747537933,0
-5.351906,34,11184.024501,-100.0,-0.7131422632727358,0
-5.361278,32,11184.571943,-100.0,-0.8202845038162202,0
-5.740314,34,11185.158423,-100.0,-0.6330501589891061,0
-5.446872,33,11185.724512,-100.0,-0.7639130811383649,0
-5.44778,33,11186.298871,-100.0,-0.6755353411981077,0
-5.725607,34,11186.877846,-100.0,-0.6919373956042968,0
-5.583809,33,11187.455002,-100.0,-0.6461279813504887,0
-5.310903,33,11188.021191,-100.0,-0.7966747228563598,0
-5.212223,33,11188.590597,-100.0,-0.7134404547437724,0
-5.69769,34,11189.176919,-100.0,-0.72628958482377,0
-5.9079,33,11189.734825,-100.0,-0.7211386298652984,0
-5.34608,33,11190.293826,-100.0,-0.8441859969501077,0
-5.697653,34,11190.881972,-100.0,-0.6662532493987837,0
-5.161566,36,11191.496029,-100.0,-0.8051704949737915,0
-5.6367,34,11192.074426,-100.0,-0.7091552819755788,0
-5.187215,33,11192.642747,-100.0,-0.7713460163230925,0
-5.227789,34,11193.221839,-100.0,-0.8226307444315284,0
-5.604165,33,11193.794983,-100.0,-0.6865330044969542,0
-5.534216,33,11194.355747,-100.0,-0.6876553713490279,0
-5.702236,34,11194.940014,-100.0,-0.6691192283929529,0
-5.668543,34,11195.528133,-100.0,-0.7593163425795662,0
-5.1661,33,11196.086569,-100.0,-0.8523990547179252,0
-5.61365,35,11196.677179,-100.0,-0.7036532694069647,0
-5.632579,33,11197.245638,-100.0,-0.704312480162233,0
-5.651141,33,11197.810246,-100.0,-0.6778577042848047,0
-5.51744,33,11198.377478,-100.0,-0.7116203950113109,0
-5.851029,34,11198.952895,-100.0,-0.6591388055794223,0
-5.634829,33,11199.519071,-100.0,-0.6811049253060665,0
-5.648301,33,11200.080161,-100.0,-0.7600452823529313,0
-5.24685,32,11200.636381,-100.0,-0.9123660050134762,0
-5.278871,32,11201.179114,-100.0,-0.8864725444797393,0
-5.290839,32,11201.729288,-100.0,-0.8272451037647638,0
-5.502711,33,11202.289828,-100.0,-0.7460683877360844,0
-5.51552,33,11202.860032,-100.0,-0.7536511556288622,0
-5.291505,35,11203.458414,-100.0,-0.7475335245718014,0
-5.799563,34,11204.036967,-100.0,-0.7144622635067733,0
-5.497036,36,11204.654271,-100.0,-0.7391309441400198,0
-5.649886,33,11205.214232,-100.0,-0.6526403529354662,0
-5.141587,33,11205.780495,-100.0,-0.8231756336059011,0
-5.333329,33,11206.341763,-100.0,-0.7195403124739244,0
-5.825946,33,11206.902764,-100.0,-0.6118621170233142,0
-5.566682,34,11207.484821,-100.0,-0.7099375541806403,0
-5.532643,34,11208.061449,-100.0,-0.6815789016190363,0
-5.215449,33,11343.790437,-100.0,-0.8341700268601954,0
-5.331732,33,11344.346121,-100.0,-0.7357308853521856,0
-5.377428,36,11344.964239,-100.0,-0.735599557412655,0
-5.589281,34,11345.535041,-100.0,-0.6615309953205765,0
-5.213282,32,11346.09531,-100.0,-0.8286506157803242,0
-5.441601,34,11346.662544,-100.0,-0.7692195272115958,0
-5.900543,33,11347.225444,-100.0,-0.663051782118086,0
-5.770478,34,11347.796228,-100.0,-0.6854673508825718,0
-5.042449,32,11348.551512,-100.0,-0.8580318283123691,0
-5.551549,33,11349.114597,-100.0,-0.703944049946665,0
-5.528286,33,11349.681545,-100.0,-0.7437693449640053,0
-5.553762,34,11350.256004,-100.0,-0.66359152506718,0
-5.359024,33,11350.821769,-100.0,-0.7514257100518397,0
-5.419128,33,11351.390251,-100.0,-0.714003928961739,0
-5.600831,33,11351.950934,-100.0,-0.6879295396787583,0
-5.186115,33,11352.506057,-100.0,-0.783141348945618,0
-5.418706,33,11353.069778,-100.0,-0.756216664869839,0
-5.26525,33,11353.634624,-100.0,-0.8480837853509958,0
-5.175119,32,11354.179483,-100.0,-0.8517030530964866,0
-5.024394,32,11354.727569,-100.0,-0.8186267718973529,0
-5.544438,34,11355.313502,-100.0,-0.6910000199542563,0
-5.378684,33,11355.866608,-100.0,-0.7445452787873958,0
-5.263675,32,11356.409959,-100.0,-0.8381248225300603,0
-5.35651,33,11356.970958,-100.0,-0.7541278339958477,0
-5.377094,32,11357.522551,-100.0,-0.8501495223316214,0
-5.606776,33,11358.081304,-100.0,-0.6780379410063772,0
-5.589927,33,11358.640918,-100.0,-0.6955117826110496,0
-5.542159,33,11359.201319,-100.0,-0.6982097789353656,0
-5.579478,33,11359.765268,-100.0,-0.7294968589962634,0
-5.752259,34,11360.343189,-100.0,-0.6667879169895284,0
-5.579272,33,11360.913265,-100.0,-0.7182331481534013,0
-5.351055,35,11361.498475,-100.0,-0.714069559181502,0
-5.511139,33,11362.068787,-100.0,-0.6316703160799341,0
-5.737264,34,11362.636271,-100.0,-0.7005215449794314,0
-5.147259,32,11363.191165,-100.0,-0.762192583108774,0
-5.685994,35,11363.791584,-100.0,-0.7535038240294739,0
-5.786263,33,11364.352088,-100.0,-0.6651226885249453,0
-5.299194,33,11364.917059,-100.0,-0.7622032306935391,0
-5.748346,34,11365.488379,-100.0,-0.6776321153732204,0
-5.635661,33,11366.055522,-100.0,-0.6820987387009313,0
-5.217216,32,11366.589215,-100.0,-0.8871895195337186,0
-5.224544,32,11367.136442,-100.0,-0.8119543695564584,0
-5.283409,32,11367.66922,-100.0,-0.8142515609680147,0
-5.590484,34,11368.250689,-100.0,-0.6181194243831278,0
-5.786802,34,11368.826998,-100.0,-0.6788436375568293,0
-5.444823,33,11369.389952,-100.0,-0.7749384468979567,0
-5.38651,33,11369.954425,-100.0,-0.7775064808178206,0
-5.684703,33,11370.52266,-100.0,-0.6917864448661254,0
-5.343682,34,11371.10219,-100.0,-0.7566392233526064,0
-5.399055,33,11371.659588,-100.0,-0.7673432038820293,0
-5.695017,32,11372.203771,-100.0,-0.7578003286160083,0
-5.308635,32,11372.742376,-100.0,-0.7723405506935321,0
-5.198797,33,11373.307907,-100.0,-0.8005467806114973,0
-5.674838,36,11373.922892,-100.0,-0.6631394849540527,0
-5.760011,33,11374.483412,-100.0,-0.723480365762679,0
-5.33112,32,11375.024772,-100.0,-0.7748000100491518,0
-5.452216,33,11375.590801,-100.0,-0.7049623648293161,0
-5.211494,32,11376.144162,-100.0,-0.813291776389087,0
-5.62292,33,11376.703984,-100.0,-0.6193595673647255,0
-5.768327,33,11377.266451,-100.0,-0.6890907885067443,0
-5.792292,35,11377.854238,-100.0,-0.6890405792556888,0
-5.311654,32,11378.397607,-100.0,-0.8491079324434474,0
