#{"t_start": 1782853650.1903844, "env_id": "BipedalWalker-v3"}
r,l,t,original_env_reward,generated_reward,reward_error_count
-330.580658,1600,23.865613,-0.0902845571152866,-0.01467599183313428,0
-81.350147,89,25.099579,-100.0,-1.59044948556533,0
-35.992228,87,26.289089,-100.0,-1.0342242806626774,0
-378.366285,1600,190.751164,0.03315246645609657,-0.07229582941735223,0
-379.384647,1600,337.107176,-0.02923844339698553,-0.02959932751113585,0
-33.338245,86,338.289252,-100.0,-0.6670877243769907,0
-281.599378,1600,480.351449,-0.01296526483694831,-0.11832516396011054,0
-210.62426,1600,621.369468,-0.0863319692413024,-0.08342040046237671,0
-40.069175,91,622.627644,-100.0,-1.8251012057035656,0
-305.974238,1600,644.844227,0.1357931069135666,-0.07473977694515933,0
-204.494226,1600,787.739018,-0.11772853831450263,-0.13557691416174542,0
-198.265359,1600,928.485103,-0.1068478042085989,-0.15528595074031865,0
-15.681221,54,929.24871,-100.0,-0.6771352461374971,0
-179.419428,1600,1072.032381,-0.19825689521431922,-0.1616079095231785,0
-22.393772,61,1072.888983,-100.0,-0.7681767322406814,0
-164.074394,1600,1212.710037,-0.014890326201915743,-0.07345741072046089,0
-8.886004,47,1213.375252,-100.0,-0.6543407272252661,0
-156.113728,1600,1235.810071,-0.07134928723175847,-0.09236959392762532,0
-154.009324,1600,1375.438926,-0.09684297380844514,-0.10085882901737345,0
-147.276224,1600,1514.408973,-0.03580293085177976,-0.10313448351750756,0
-142.746639,1600,1656.939054,0.056142954727016275,-0.006446999072011968,0
-137.424566,1600,1679.329458,-0.13720703423023223,-0.14604668398527956,0
-11.950221,50,1680.028604,-100.0,-0.737587637787463,0
-9.401458,50,1798.96469,-100.0,-0.6342157493178765,0
-17.688238,66,1799.893467,-100.0,-0.7824205790308306,0
-24.84665,102,1801.32141,-100.0,-0.16740339258372283,0
-142.899798,1600,1823.592065,-0.02247638428211212,-0.12971125419886023,0
-13.230022,68,1824.534317,-100.0,-0.7522326508040009,0
-11.477497,59,1825.353972,-100.0,-0.9527656492662122,0
-159.384585,1600,1966.591913,-0.10270972813168924,-0.036109619599098565,0
-10.746884,69,1967.636078,-100.0,-0.23977003744583486,0
-107.495691,1600,2105.808363,-0.06255428560078144,-0.06099909872563386,0
-13.642444,54,2106.563997,-100.0,-0.5196145344250366,0
-133.185205,1600,2243.471476,-0.03828735850255168,-0.08335811279101232,0
-14.105493,82,2244.615708,-100.0,-0.20066845094088154,0
-13.352532,65,2245.513567,-100.0,-0.7804449952347015,0
-12.637465,55,2246.27224,-100.0,-0.350360067404438,0
-14.337137,41,2246.829519,-100.0,-0.629093460912353,0
-18.069283,98,2248.161622,-100.0,-0.3808707105405722,0
-19.826711,85,2249.3294,-100.0,-0.879763486610462,0
-101.051633,1600,2390.275526,-0.06408051207661629,-0.09244936019014975,0
-11.483554,81,2391.396433,-100.0,-0.7679507221327255,0
-11.881506,64,2392.275328,-100.0,-0.7679035213585415,0
-16.408587,52,2392.994999,-100.0,-0.7684555365379038,0
-18.529048,66,2393.890406,-100.0,-0.7551147803381429,0
-97.986897,1600,2510.319303,-0.07674517781039317,-0.03272931202919396,0
-14.087898,103,2511.739774,-100.0,-0.270179372828525,0
-15.649812,60,2512.562317,-100.0,-0.43112510498613105,0
-11.431568,63,2513.416241,-100.0,-0.5780832135911368,0
-9.62046,68,2514.332686,-100.0,-0.7099503431501787,0
-10.762558,51,2515.022574,-100.0,-0.8099089494038673,0
-12.954217,85,2516.16038,-100.0,-0.6424217389812623,0
-10.821364,74,2517.166609,-100.0,-0.7014619168954053,0
-87.267988,1600,2632.184985,-0.014333912931848316,0.0085518984762213,0
-16.010472,67,2633.093187,-100.0,-0.5936462506219489,0
-9.35123,52,2633.79702,-100.0,-0.7419410284253138,0
-12.624312,73,2634.779255,-100.0,-0.7365204029039913,0
-13.174355,66,2635.686275,-100.0,-0.774940056608752,0
-12.597523,66,2636.574959,-100.0,-0.7419575465043585,0
-10.99474,87,2637.775622,-100.0,-0.874882637091188,0
-9.87212,50,2638.45048,-100.0,-0.6790831641831868,0
-12.664812,70,2639.411736,-100.0,-0.695285087693339,0
-19.356136,131,2641.20522,-100.0,-0.125997496454069,0
-17.713973,81,2642.319561,-100.0,-0.41694746292475654,0
-90.433429,1600,2757.425358,-0.1146002311706543,-0.058119127777838675,0
-13.408187,69,2758.38938,-100.0,-0.24151034458292492,0
-10.723329,75,2759.423057,-100.0,-0.7000554430334827,0
-8.624034,51,2760.126215,-100.0,-0.6455315297250944,0
-12.055421,68,2761.061242,-100.0,-0.971567800331322,0
-15.359221,101,2762.472261,-100.0,-0.6031433325740542,0
-11.368008,60,2763.304385,-100.0,-0.6537045104726205,0
-8.09275,52,2764.019134,-100.0,-0.7510782377352739,0
-91.291719,1600,2905.30144,-0.05997566637893754,-0.05125587801010143,0
-9.895664,84,2906.484477,-100.0,-0.7883992252382096,0
-9.862968,63,2907.37939,-100.0,-0.80896161059774,0
-10.114982,70,2908.386824,-100.0,-0.6169574695003829,0
-13.601913,56,2909.176475,-100.0,-0.3979441903726014,0
-14.210439,53,2909.925315,-100.0,-0.9051494293013466,0
-9.115653,45,2910.572069,-100.0,-0.7012069207571865,0
-17.480899,103,2912.017194,-100.0,-0.640128942211346,0
-10.764766,68,2913.003502,-100.0,-0.6957855198255322,0
-10.532359,62,2913.884748,-100.0,-0.7678480649513861,0
-10.59832,68,2914.83481,-100.0,-0.6508911017052628,0
-16.170557,78,2915.949509,-100.0,-0.7510286573830284,0
-24.891381,127,2917.743691,-100.0,-0.3802723842989313,0
-9.876743,51,2918.493819,-100.0,-0.6863599126748882,0
-8.522549,41,2919.082196,-100.0,-0.7346220892077763,0
-13.041048,43,2919.693574,-100.0,-0.9599114320379863,0
-18.692676,85,2920.905148,-100.0,-0.3041110383284471,0
-16.13932,71,3037.596794,-100.0,-0.39541574794502726,0
-15.219672,79,3038.713808,-100.0,-0.19992588091518884,0
-11.148013,70,3039.70586,-100.0,-0.7304481915573253,0
-11.413554,73,3040.747403,-100.0,-0.6271077820530224,0
-12.668921,91,3042.028085,-100.0,-0.7051616802766844,0
-8.452581,41,3042.630489,-100.0,-0.8180636211221828,0
-8.511221,48,3043.540077,-100.0,-0.6693293693013481,0
-12.305684,84,3044.737695,-100.0,-0.7642956143779871,0
-12.998837,53,3045.481848,-100.0,-0.38848081116334354,0
-11.244431,87,3046.730832,-100.0,-0.7164547456658887,0
-17.139649,121,3048.439286,-100.0,-0.2820837342092546,0
-11.685988,56,3049.226086,-100.0,-0.5892592172987088,0
-10.330657,57,3050.05757,-100.0,-0.7473388650311181,0
-7.747569,43,3050.667543,-100.0,-0.7590893984220772,0
-11.531917,71,3051.694193,-100.0,-0.33786390610647454,0
-13.400115,76,3052.774236,-100.0,-0.6664572326401603,0
-15.296578,68,3053.759206,-100.0,-0.3114307387680978,0
-8.893662,61,3054.652508,-100.0,-0.6621374122814258,0
-10.071645,52,3055.397703,-100.0,-0.7525527167864248,0
-13.32406,69,3056.379756,-100.0,-0.3268984716631696,0
-8.792673,55,3057.16511,-100.0,-0.7322501309758327,0
-12.142425,84,3058.374552,-100.0,-0.7663898399115139,0
-13.380123,57,3059.184524,-100.0,-0.6222494853402498,0
-13.813051,75,3060.283183,-100.0,-0.7670033486434923,0
-7.592082,38,3060.83393,-100.0,-0.6196209741142025,0
-14.170394,54,3061.619142,-100.0,-0.4525145443037604,0
-8.775076,43,3062.230632,-100.0,-0.822355652884465,0
-11.65633,63,3063.148101,-100.0,-0.6664382481237627,0
-7.706419,46,3063.808501,-100.0,-0.7540475382085362,0
-10.728893,54,3064.595158,-100.0,-0.8008671678281405,0
-11.867319,85,3065.791175,-100.0,-0.588078549846854,0
-13.923188,55,3066.585212,-100.0,-0.3828469458897495,0
-11.635055,60,3183.771646,-100.0,-0.6423216914574466,0
-10.179906,62,3184.674519,-100.0,-0.6783305698811536,0
-9.011909,44,3185.298451,-100.0,-0.6287126279668664,0
-10.504264,56,3186.122921,-100.0,-0.7078453950061647,0
-9.332974,66,3187.089078,-100.0,-0.588500647812312,0
-10.105056,47,3187.793169,-100.0,-0.6534595004909065,0
-7.902277,48,3188.49483,-100.0,-0.768553880375296,0
-16.236838,93,3189.840577,-100.0,-0.3745876111080976,0
-9.692972,49,3190.547642,-100.0,-0.2390574332446096,0
-11.278214,80,3191.728619,-100.0,-0.672446918275113,0
-12.808412,75,3192.818158,-100.0,-0.7507284359127991,0
-8.719877,43,3193.438849,-100.0,-0.6028857577662164,0
-11.437546,44,3194.089767,-100.0,-0.603981989328542,0
-9.609835,59,3194.953857,-100.0,-0.755487153632615,0
-14.067384,45,3195.575861,-100.0,-0.8944719470922342,0
-8.742002,43,3196.213229,-100.0,-0.45713216701249426,0
-14.298221,76,3197.31594,-100.0,-0.3088492766987693,0
-12.450276,63,3198.239083,-100.0,-0.7619837645596829,0
-10.00046,50,3198.961427,-100.0,-0.7309193943727557,0
-14.019727,88,3200.24998,-100.0,-0.3365953678487475,0
-7.686728,44,3200.896259,-100.0,-0.15434751850524492,0
-11.918821,52,3201.652235,-100.0,-0.7677034221322355,0
-10.020211,45,3202.323056,-100.0,-0.7883295450253914,0
-10.062748,57,3203.165572,-100.0,-0.761071450806546,0
-17.876241,116,3204.848841,-100.0,-0.2494313160627498,0
-12.816693,65,3205.815314,-100.0,-0.3334965129504024,0
-12.837616,65,3206.752114,-100.0,-0.22110591512243102,0
-11.093277,55,3207.549932,-100.0,-0.6818429923972855,0
-10.537572,76,3208.641213,-100.0,-0.7785809444159495,0
-12.417887,63,3209.572739,-100.0,-0.2612488995656896,0
-14.830451,68,3210.575027,-100.0,-0.2905754968772119,0
-7.794469,50,3211.315629,-100.0,-0.7090269425555609,0
-9.361464,57,3212.136339,-100.0,-0.2575630460606703,0
-11.198577,69,3213.161402,-100.0,-0.33363542358473364,0
-9.79581,51,3331.173947,-100.0,-0.5882482849562852,0
-14.67305,115,3332.861734,-100.0,-0.19262407625027891,0
-13.57852,79,3334.012847,-100.0,-0.35855249749435203,0
-17.123564,95,3335.412078,-100.0,-0.23832086684764545,0
-8.401392,50,3336.157385,-100.0,-0.6898243640675665,0
-15.938273,113,3337.807298,-100.0,-0.718215516464246,0
-7.729934,47,3338.509091,-100.0,-0.6950792430651531,0
-10.396273,43,3339.135627,-100.0,-0.7058609311244165,0
-9.361615,59,3340.003447,-100.0,-0.635377916335009,0
-8.913701,60,3340.888191,-100.0,-0.632212931220604,0
-11.460786,59,3341.741576,-100.0,-0.6255126663972009,0
-18.976367,134,3343.708055,-100.0,-0.15685411191211512,0
-10.33942,54,3344.519832,-100.0,-0.7263100642237906,0
-7.853062,38,3345.074247,-100.0,-0.8083211451629176,0
-13.002314,56,3345.901635,-100.0,-0.24917154287114773,0
-8.256578,37,3346.455396,-100.0,-0.2254456243156073,0
-10.138354,49,3347.182484,-100.0,-0.3455643182674615,0
-10.310867,55,3347.989139,-100.0,-0.3433919862276614,0
-16.443757,88,3349.281041,-100.0,-0.24437223483758105,0
-9.192586,53,3350.045204,-100.0,-0.6602897459013273,0
-16.194364,62,3350.959782,-100.0,-0.41277550626771087,0
-10.406982,60,3351.81671,-100.0,-0.6224546404639407,0
-17.636828,73,3352.895696,-100.0,-0.33181717341691525,0
-16.446725,71,3353.927721,-100.0,-0.3935880613855795,0
-12.39074,47,3354.618782,-100.0,-0.38903720913329337,0
-9.402319,56,3355.452398,-100.0,-0.8747379266485553,0
-10.750302,62,3356.358714,-100.0,-0.26300809687742915,0
-11.104963,58,3357.185978,-100.0,-0.6386046880540148,0
-10.508137,73,3358.248237,-100.0,-0.641318292485885,0
-10.349971,49,3358.964518,-100.0,-0.8136935205492585,0
-9.821422,59,3359.827003,-100.0,-0.6166292540617417,0
-15.572493,63,3476.346159,-100.0,-0.32562605128700034,0
-7.914554,43,3476.964063,-100.0,-0.7047021052291149,0
-10.116767,73,3478.033472,-100.0,-0.7126665715894698,0
-7.58875,45,3478.689299,-100.0,-0.6903139880436368,0
-7.387799,40,3479.276602,-100.0,-0.6357874650572599,0
-12.194341,64,3480.216522,-100.0,-0.9028234582917793,0
-12.013172,85,3481.452523,-100.0,-0.26431410149459894,0
-7.583767,42,3482.032239,-100.0,-0.6358593675230922,0
-12.875902,82,3483.263971,-100.0,-0.2259882362010362,0
-11.556542,70,3484.299192,-100.0,-0.7535706717606593,0
-9.152137,68,3485.281199,-100.0,-0.7126821431600308,0
-8.323247,56,3486.100631,-100.0,-0.728478958891963,0
-10.107282,62,3487.005275,-100.0,-0.5988811791410185,0
-9.021238,52,3487.776699,-100.0,-0.7279236835182933,0
-10.497864,63,3488.677502,-100.0,-0.7475396850638604,0
-9.687863,63,3489.622955,-100.0,-0.19349756062959203,0
-9.192076,51,3490.375269,-100.0,-0.644807988971742,0
-8.117186,45,3491.026451,-100.0,-0.7581469159304506,0
-8.234185,49,3491.768448,-100.0,-0.7973941199160829,0
-26.640446,156,3494.072834,-100.0,-0.4645973513836562,0
-14.648539,90,3495.394825,-100.0,-0.20176856971160229,0
-8.646891,50,3496.143425,-100.0,-0.6423304882637838,0
-14.185496,110,3497.77341,-100.0,-0.673185112097515,0
-10.404073,75,3498.880912,-100.0,-0.3692612393644256,0
-13.346837,90,3500.206934,-100.0,-0.19925133898805733,0
-8.142008,45,3500.878634,-100.0,-0.612559238554911,0
-10.17053,75,3501.982749,-100.0,-0.8276986051361029,0
-7.857491,46,3502.674324,-100.0,-0.744069254894731,0
-9.117188,50,3503.408127,-100.0,-0.648548694307549,0
-9.808714,62,3504.32236,-100.0,-0.6573597288258866,0
-8.882235,51,3505.082515,-100.0,-0.6401002225681554,0
-8.226182,56,3505.90078,-100.0,-0.5986688037686818,0
-7.255651,42,3625.5883,-100.0,-0.6800331651012266,0
-9.48101,62,3626.509841,-100.0,-0.7407490159142751,0
-8.595995,45,3627.168848,-100.0,-0.5015111562409954,0
-8.352979,42,3627.796511,-100.0,-0.7446415228533289,0
-9.389221,54,3628.604476,-100.0,-0.6316766920569714,0
-7.564202,42,3629.234793,-100.0,-0.7053562697569317,0
-10.581946,86,3630.503743,-100.0,-0.7354883978056407,0
-7.814418,54,3631.301002,-100.0,-0.6638011534063142,0
-10.068105,64,3632.260391,-100.0,-0.5939696361023068,0
-12.542035,63,3633.183196,-100.0,-0.6763836731511282,0
-8.605746,62,3634.100447,-100.0,-0.7653295561441494,0
-9.934719,57,3634.955493,-100.0,-0.6777022264581928,0
-8.965805,50,3635.704722,-100.0,-0.6416908855485688,0
-9.679849,59,3636.583975,-100.0,-0.7647742669453457,0
-9.082489,61,3637.492888,-100.0,-0.32785299700427406,0
-9.230841,62,3638.394696,-100.0,-0.7821063362385677,0
-7.893156,47,3639.105535,-100.0,-0.7536057531117517,0
-15.653532,98,3640.547072,-100.0,-0.369490972396349,0
-7.84163,41,3641.183557,-100.0,-0.6648420511116839,0
-14.402752,79,3642.369744,-100.0,-0.26855675291396675,0
-8.54173,50,3643.10365,-100.0,-0.8079423842204511,0
-7.855613,45,3643.768808,-100.0,-0.7442296727669488,0
-8.107891,58,3644.635359,-100.0,-0.8460097939978791,0
-11.467424,70,3645.689722,-100.0,-0.39525396273386504,0
-9.155263,44,3646.334857,-100.0,-0.6629653436650155,0
-10.242861,70,3647.39585,-100.0,-0.6895007138693825,0
-9.257325,58,3648.267547,-100.0,-0.7195296335100623,0
-7.803906,54,3649.059617,-100.0,-0.6607720020545306,0
-11.584536,48,3649.779511,-100.0,-0.32933466742523976,0
-10.398994,44,3650.429632,-100.0,-0.4934086216308916,0
-9.644386,50,3651.201766,-100.0,-0.8908369745700392,0
-18.483737,141,3653.277202,-100.0,-0.3176215310426389,0
-12.92764,81,3654.489269,-100.0,-0.17377678621427958,0
-12.724633,91,3655.843632,-100.0,-0.6615823079329904,0
-8.797609,60,3772.606756,-100.0,-0.6357054345032532,0
-10.153659,72,3773.693244,-100.0,-0.6970682100505436,0
-9.041675,55,3774.534399,-100.0,-0.6668284376818956,0
-8.508545,52,3775.314755,-100.0,-0.6775859368900793,0
-7.581493,44,3775.953146,-100.0,-0.6625185009271406,0
-8.377874,66,3776.976524,-100.0,-0.6664038377518393,0
-7.885186,48,3777.692194,-100.0,-0.6377610815587017,0
-12.577261,73,3778.773969,-100.0,-0.24178222970736196,0
-9.977144,69,3779.83391,-100.0,-0.22369473071605295,0
-6.519122,37,3780.383564,-100.0,-0.3166015424612172,0
-9.476058,70,3781.448642,-100.0,-0.6727558234184788,0
-9.010677,52,3782.228809,-100.0,-0.6190266164539647,0
-10.799772,65,3783.179553,-100.0,-0.634654831025335,0
-8.597296,58,3784.067189,-100.0,-0.7903918155296392,0
-8.130835,50,3784.814339,-100.0,-0.7063611154841549,0
-7.108627,42,3785.452682,-100.0,-0.7705590886271698,0
-8.155422,42,3786.061781,-100.0,-0.6356852430550846,0
-8.248543,49,3786.800119,-100.0,-0.5956143889832134,0
-15.079728,68,3787.825197,-100.0,-1.0407012440594892,0
-7.961026,46,3788.510534,-100.0,-0.6908164806803594,0
-9.527788,54,3789.307734,-100.0,-0.6269835730478579,0
-6.943575,46,3790.002806,-100.0,-0.3400826632290919,0
-7.369592,47,3790.703467,-100.0,-0.7147389632213575,0
-15.57795,90,3792.045137,-100.0,-0.3317186146290376,0
-9.215708,67,3793.053934,-100.0,-0.6652099920622205,0
-7.890131,50,3793.797403,-100.0,-0.6600469031110558,0
-9.775564,64,3794.765259,-100.0,-0.6723181441646214,0
-15.472822,92,3796.110005,-100.0,-0.37143370369348255,0
-9.832052,57,3796.969413,-100.0,-0.717830384269149,0
-6.904137,39,3797.552426,-100.0,-0.6057821757530152,0
-9.098177,51,3798.321037,-100.0,-0.5753867670899377,0
-8.117526,49,3799.047403,-100.0,-0.353580659775867,0
-8.956113,58,3799.898787,-100.0,-0.7104306120125953,0
-9.489957,63,3800.835809,-100.0,-0.6561377191225547,0
-8.682331,49,3801.56572,-100.0,-0.7070399829107977,0
-7.724915,59,3922.282215,-100.0,-0.7446587261880714,0
-7.521944,43,3922.919551,-100.0,-0.6843459269485458,0
-7.209839,43,3923.574827,-100.0,-0.6920753537161161,0
-9.903306,70,3924.63596,-100.0,-0.6787117579195252,0
-8.758149,41,3925.252768,-100.0,-0.633834484456817,0
-9.782232,55,3926.063354,-100.0,-0.7439932561705567,0
-7.959084,57,3926.929163,-100.0,-0.6011331298971039,0
-9.543514,54,3927.734466,-100.0,-0.6906402903458099,0
-13.223076,95,3929.165491,-100.0,-0.2807763068415237,0
-8.433787,58,3930.052871,-100.0,-0.6280837226489837,0
-7.603108,49,3930.773077,-100.0,-0.6939152512681618,0
-11.422174,73,3931.888039,-100.0,-0.7912774994413279,0
-8.967306,53,3932.672395,-100.0,-0.6693537914723745,0
-7.339992,43,3933.300829,-100.0,-0.6875602545102547,0
-9.501769,63,3934.244413,-100.0,-0.6233771015467287,0
-7.811319,45,3934.926147,-100.0,-0.703410803270382,0
-8.594622,45,3935.594087,-100.0,-0.8313449915644966,0
-8.27957,46,3936.292094,-100.0,-0.6174545340486781,0
-10.478799,72,3937.355888,-100.0,-0.6921136544869926,0
-7.299426,42,3938.011178,-100.0,-0.6995095122972831,0
-7.581824,45,3938.7075,-100.0,-0.7025560074592658,0
-8.990562,67,3939.701604,-100.0,-0.7564909687221543,0
-7.967059,55,3940.540267,-100.0,-0.751140568245482,0
-9.683006,64,3941.505833,-100.0,-0.7168688003619927,0
-10.933159,91,3942.879218,-100.0,-0.6828788131830522,0
-11.807936,95,3944.285828,-100.0,-0.7371727742266335,0
-9.145907,67,3945.303302,-100.0,-0.7092738450136176,0
-7.780101,49,3946.053801,-100.0,-0.6768114585689518,0
-7.476335,49,3946.79222,-100.0,-0.664140489120301,0
-9.269088,56,3947.637133,-100.0,-0.6678614430594539,0
-13.756072,94,3949.077519,-100.0,-0.34535381204282756,0
-9.060032,67,3950.06999,-100.0,-0.8201313631220838,0
-9.093971,57,3950.93074,-100.0,-0.6753927135807054,0
-13.367192,97,3952.372095,-100.0,-0.643103683766251,0
-8.49238,54,4069.268879,-100.0,-0.695922484889389,0
-7.239802,42,4069.893875,-100.0,-0.6827188126643007,0
-8.064912,51,4070.68489,-100.0,-0.6464475591000994,0
-6.30413,39,4071.260772,-100.0,-0.718598110258075,0
-7.793319,48,4071.977568,-100.0,-0.6631019159957874,0
-10.096151,49,4072.73987,-100.0,-0.8355283586653465,0
-10.486789,41,4073.357085,-100.0,-0.7847865643997269,0
-9.17329,64,4074.328504,-100.0,-0.6827001454299229,0
-7.006996,43,4074.987374,-100.0,-0.7569352038886261,0
-10.266856,60,4075.894444,-100.0,-0.6475261894715634,0
-7.161119,45,4076.569254,-100.0,-0.6979707508853409,0
-7.619228,49,4077.324978,-100.0,-0.7654187153878189,0
-9.103523,58,4078.20401,-100.0,-0.7054477643157775,0
-7.89581,50,4078.935794,-100.0,-0.5874493623357264,0
-12.325604,75,4080.07429,-100.0,-0.164522808796605,0
-8.532997,53,4080.886212,-100.0,-0.6915214640328791,0
-7.86898,45,4081.574965,-100.0,-0.6481241293716757,0
-7.916744,43,4082.2274,-100.0,-0.6654317760933055,0
-9.112208,66,4083.205193,-100.0,-0.6847780779309921,0
-8.097264,48,4083.941063,-100.0,-0.67847509380685,0
-8.074302,63,4084.888245,-100.0,-0.6749046176634099,0
-8.964008,56,4085.727773,-100.0,-0.653070935133484,0
-6.956461,44,4086.392148,-100.0,-0.7091625282061944,0
-8.360878,59,4087.278862,-100.0,-0.900094476766796,0
-8.128949,53,4088.079449,-100.0,-0.6245860632345498,0
-12.337034,71,4089.147906,-100.0,-0.2950440258086596,0
-8.955003,58,4090.021432,-100.0,-0.6313996273525941,0
-7.546895,39,4090.609842,-100.0,-0.6946755315672463,0
-8.048952,48,4091.349349,-100.0,-0.7138431798087745,0
-7.976741,57,4092.20707,-100.0,-0.6282695499739616,0
-10.183675,73,4093.318177,-100.0,-0.6034110209595749,0
-7.431898,39,4093.921089,-100.0,-0.7232735332833772,0
-8.318038,56,4094.761866,-100.0,-0.6592705621098498,0
-7.687091,48,4095.499295,-100.0,-0.7829094954772343,0
-9.030667,61,4096.407212,-100.0,-0.7194723510665896,0
-8.059156,44,4097.080647,-100.0,-0.618998873418155,0
-8.371034,52,4097.852529,-100.0,-0.7316844645251978,0
-7.533745,53,4098.659136,-100.0,-0.7310568634032626,0
-7.856652,45,4099.340497,-100.0,-0.649523075086577,0
-8.781816,52,4218.101315,-100.0,-0.6529499876968723,0
-9.173109,60,4219.025342,-100.0,-0.6650722279531388,0
-8.064652,47,4219.758598,-100.0,-0.6241946348106727,0
-7.482558,42,4220.386093,-100.0,-0.628249564193406,0
-12.173858,56,4221.230873,-100.0,-0.3966233158441552,0
-8.248664,46,4221.93356,-100.0,-0.6178007453966828,0
-9.262101,74,4223.050783,-100.0,-0.6823217631589338,0
-7.783815,44,4223.743746,-100.0,-0.6685127662965483,0
-8.339329,42,4224.377347,-100.0,-0.6349423963535976,0
-8.48517,51,4225.154275,-100.0,-0.8223282982818861,0
-10.902947,47,4225.882142,-100.0,-0.8509133693173583,0
-7.473492,36,4226.424455,-100.0,-0.6538898558564559,0
-9.598788,55,4227.263863,-100.0,-0.7908589319158544,0
-9.088311,72,4228.369123,-100.0,-0.6541320291279891,0
-8.630822,70,4229.429342,-100.0,-0.6993484813698734,0
-7.711898,46,4230.147569,-100.0,-0.7088279322987501,0
-8.40243,50,4230.90284,-100.0,-0.6292839636252953,0
-7.164736,40,4231.518637,-100.0,-0.7311298450909978,0
-7.684359,47,4232.242048,-100.0,-0.7122272368927549,0
-7.488633,50,4232.986186,-100.0,-0.7895828140280778,0
-7.468164,46,4233.706181,-100.0,-0.7695881096217224,0
-8.474413,47,4234.422171,-100.0,-0.7110277444543727,0
-8.742643,65,4235.394073,-100.0,-0.6365582455773082,0
-7.941645,57,4236.271963,-100.0,-0.6200111044297998,0
-7.719711,41,4236.892875,-100.0,-0.7085864274005544,0
-6.646477,44,4237.573294,-100.0,-0.6896739744226303,0
-9.026571,53,4238.371953,-100.0,-0.7273426584169634,0
-8.042043,55,4239.210146,-100.0,-0.740588289800012,0
-9.10584,50,4239.991337,-100.0,-0.7826739962483075,0
-10.461245,87,4241.317662,-100.0,-0.7328016964974176,0
-9.009128,65,4242.306666,-100.0,-0.6666419226530003,0
-7.726226,43,4242.951523,-100.0,-0.6178813813465581,0
-8.846881,56,4243.809907,-100.0,-0.6278258076605858,0
-8.799737,69,4244.871826,-100.0,-0.7268973712139498,0
-7.586023,41,4245.485327,-100.0,-0.577320772493839,0
-6.529251,40,4246.111323,-100.0,-0.8184869672623859,0
-7.580478,41,4246.735435,-100.0,-0.7136054341590116,0
-7.49775,44,4247.404019,-100.0,-0.668637431707106,0
-8.373825,52,4248.192167,-100.0,-0.7360560403678219,0
-6.956484,40,4248.791809,-100.0,-0.7593357190119959,0
-7.660038,60,4367.022997,-100.0,-0.7213875933593056,0
-9.900342,56,4367.883412,-100.0,-0.7070167724101772,0
-7.244228,41,4368.518162,-100.0,-0.7107952735220547,0
-9.029553,55,4369.35444,-100.0,-0.8768188143075571,0
-7.52679,41,4369.997302,-100.0,-0.5993485852948509,0
-7.994889,53,4370.822295,-100.0,-0.6133465015088532,0
-8.279621,58,4371.692631,-100.0,-0.7552689279500624,0
-13.981609,122,4373.591666,-100.0,-0.2190683840764902,0
-7.940934,45,4374.283609,-100.0,-0.7106484715392871,0
-7.152052,49,4375.043746,-100.0,-0.6988323900756083,0
-10.496833,98,4376.541579,-100.0,-0.6466606729203164,0
-7.508754,45,4377.252904,-100.0,-0.6935080547135153,0
-7.60909,43,4377.885582,-100.0,-0.6693184059332186,0
-7.243009,49,4378.660263,-100.0,-0.6400947222292493,0
-8.18587,50,4379.421909,-100.0,-0.6164665516600716,0
-7.318687,39,4380.009222,-100.0,-0.6087965292669963,0
-6.542341,41,4380.645329,-100.0,-0.7362319163615576,0
-10.539613,94,4382.092838,-100.0,-0.328580967854707,0
-7.469262,43,4382.757725,-100.0,-0.6454596797365663,0
-7.550154,42,4383.414169,-100.0,-0.6550263182566063,0
-7.042252,46,4384.13868,-100.0,-0.6782062082457893,0
-7.291407,45,4384.821231,-100.0,-0.7055331776951494,0
-8.232061,43,4385.473735,-100.0,-0.7193094436459617,0
-8.310709,51,4386.27603,-100.0,-0.7554602346702061,0
-7.515292,51,4387.056562,-100.0,-0.7278474682329963,0
-7.818965,46,4387.762689,-100.0,-0.6419440627192896,0
-8.061002,56,4388.640916,-100.0,-0.6596381276558217,0
-10.630516,81,4389.871319,-100.0,-0.2974844345181819,0
-8.007727,53,4390.693474,-100.0,-0.786915498303656,0
-7.986738,44,4391.373039,-100.0,-0.6592533391466264,0
-7.119523,50,4392.114907,-100.0,-0.7157784605471279,0
-7.699641,46,4392.849017,-100.0,-0.6938527773025042,0
-7.234016,55,4393.684517,-100.0,-0.6876825675367578,0
-8.086804,45,4394.385339,-100.0,-0.6666312648005734,0
-8.866863,73,4395.498646,-100.0,-0.7354988240876804,0
-7.618265,46,4396.219551,-100.0,-0.6850973205932627,0
-7.585103,47,4396.944999,-100.0,-0.6260393125547581,0
-6.55869,39,4397.534972,-100.0,-0.7520839998722809,0
-7.360393,46,4519.344488,-100.0,-0.7903924997679451,0
-7.631148,50,4520.094152,-100.0,-0.7081704339407331,0
-7.974197,49,4520.868008,-100.0,-0.611259022425773,0
-7.278495,44,4521.544796,-100.0,-0.7007126674280774,0
-7.686377,49,4522.293772,-100.0,-0.6573553977855963,0
-8.124387,59,4523.212049,-100.0,-0.6647373022675489,0
-7.525359,45,4523.932342,-100.0,-0.6956904862521315,0
-7.370112,48,4524.66527,-100.0,-0.7464786519656672,0
-7.534775,42,4525.336586,-100.0,-0.6730876578842061,0
-7.181624,43,4526.003165,-100.0,-0.6585660718020332,0
-8.441191,54,4526.842209,-100.0,-0.8311840939960685,0
-7.611576,51,4527.649561,-100.0,-0.759998224679667,0
-7.293371,43,4528.315928,-100.0,-0.7917734931816348,0
-7.884916,53,4529.13597,-100.0,-0.653938168535838,0
-7.085248,48,4529.868151,-100.0,-0.7284163231258619,0
-9.084143,40,4530.473958,-100.0,-0.7490035921014139,0
-7.612781,57,4531.362775,-100.0,-0.6616346641675055,0
-8.399236,52,4532.161927,-100.0,-0.6438484517932633,0
-9.694583,94,4533.61405,-100.0,-0.6694488723042434,0
-6.692718,34,4534.155163,-100.0,-0.675040048885529,0
-7.946776,61,4535.119281,-100.0,-0.7482937011161757,0
-7.105998,42,4535.772977,-100.0,-0.6504371594411291,0
-6.634925,40,4536.375079,-100.0,-0.6966781026960396,0
-6.859232,48,4537.111314,-100.0,-0.677656767122798,0
-8.151107,44,4537.803398,-100.0,-0.7998868088447034,0
-7.747302,46,4538.515788,-100.0,-0.60493750330327,0
-7.872566,46,4539.238183,-100.0,-0.6190154118270611,0
-7.743543,47,4539.96654,-100.0,-0.7089163108265473,0
-7.164623,40,4540.581877,-100.0,-0.6473845604635824,0
-6.999828,39,4541.194808,-100.0,-0.661787179819171,0
-7.73497,50,4541.973454,-100.0,-0.7017336739755646,0
-7.094611,42,4542.616921,-100.0,-0.6933316291651594,0
-8.199868,45,4543.320683,-100.0,-0.7413389738450725,0
-8.056874,55,4544.176093,-100.0,-0.843444870460819,0
-7.126253,40,4544.805195,-100.0,-0.6555974648927742,0
-6.558318,37,4545.399593,-100.0,-0.7273532149379055,0
-7.009961,46,4546.105924,-100.0,-0.6439065764625787,0
-7.544126,42,4546.75893,-100.0,-0.6618282206218793,0
-7.751408,49,4547.512362,-100.0,-0.6364115955886606,0
-6.794759,40,4548.15082,-100.0,-0.8202164502069369,0
-8.277726,56,4549.019708,-100.0,-0.6384349247220377,0
-6.997641,44,4549.715075,-100.0,-0.701333710975992,0
-7.855725,45,4550.395325,-100.0,-0.70221879358965,0
-8.135711,50,4668.763248,-100.0,-0.765031348149195,0
-8.433905,47,4669.491633,-100.0,-0.6356909375569967,0
-6.69006,35,4670.02271,-100.0,-0.6826557908829441,0
-7.713327,48,4670.784019,-100.0,-0.6533610520400485,0
-6.444582,40,4671.403412,-100.0,-0.7294509442173001,0
-7.550026,47,4672.13273,-100.0,-0.6791065807742778,0
-6.882506,45,4672.840869,-100.0,-0.7489074633610961,0
-7.32949,40,4673.460467,-100.0,-0.6367706097182034,0
-7.198374,39,4674.070787,-100.0,-0.6846084470830576,0
-7.669883,48,4674.823195,-100.0,-0.6523122911523286,0
-6.959541,43,4675.500998,-100.0,-0.7482636466313018,0
-6.951339,42,4676.152211,-100.0,-0.6886129608962454,0
-7.986683,57,4677.021025,-100.0,-0.6589318068932304,0
-7.434986,38,4677.611903,-100.0,-0.6609894921144804,0
-15.465429,58,4678.530925,-100.0,-0.3239589099864727,0
-8.986467,85,4679.846069,-100.0,-0.6256147915622002,0
-7.092056,38,4680.441876,-100.0,-0.6898918406052095,0
-7.096043,38,4681.042073,-100.0,-0.6998634104775835,0
-7.324519,40,4681.655519,-100.0,-0.628747185370396,0
-7.188596,41,4682.312533,-100.0,-0.6686809912493279,0
-7.401907,48,4683.047713,-100.0,-0.7705772276967764,0
-7.91634,50,4683.833385,-100.0,-0.6827156296931552,0
-7.405818,44,4684.497971,-100.0,-0.602798381569542,0
-6.796751,44,4685.169573,-100.0,-0.6726746140192575,0
-7.246159,47,4685.895239,-100.0,-0.7550784992531939,0
-6.759251,46,4686.613316,-100.0,-0.7195262109179593,0
-7.255029,43,4687.281448,-100.0,-0.7137482785816175,0
-6.972666,41,4687.912512,-100.0,-0.7060531062171165,0
-7.240646,43,4688.570328,-100.0,-0.5988989936183076,0
-7.755984,43,4689.243808,-100.0,-0.5799577452443841,0
-6.877651,34,4689.778929,-100.0,-0.6763717430988764,0
-6.955902,41,4690.432111,-100.0,-0.639169390164601,0
-7.857226,41,4691.066648,-100.0,-0.6953336740155234,0
-6.507004,37,4691.644197,-100.0,-0.6834911364001783,0
-6.584599,45,4692.335506,-100.0,-0.7843889440785752,0
-6.743005,45,4693.040166,-100.0,-0.6988236729324762,0
-6.619291,44,4693.726975,-100.0,-0.68026687120389,0
-6.904257,41,4694.353191,-100.0,-0.7262942068636038,0
-7.746694,44,4695.037916,-100.0,-0.702445022513765,0
-6.958374,43,4695.715166,-100.0,-0.642030021990969,0
-6.955562,45,4696.419232,-100.0,-0.6709655551220068,0
-7.098283,45,4697.118832,-100.0,-0.7236389239960728,0
-6.762294,41,4697.764149,-100.0,-0.7050321711502519,0
-6.842113,38,4698.3463,-100.0,-0.6180990220381806,0
-7.627352,54,4699.19873,-100.0,-0.7235207503633646,0
-7.452288,46,4699.922079,-100.0,-0.6643302346110016,0
-7.046984,41,4700.557876,-100.0,-0.7367787265466581,0
-7.010882,54,4826.64325,-100.0,-0.7948357098507702,0
-7.050563,37,4827.222646,-100.0,-0.6504047790103102,0
-6.560793,41,4827.855813,-100.0,-0.741654486576837,0
-7.897876,48,4828.604319,-100.0,-0.7351697583241875,0
-6.38214,39,4829.228717,-100.0,-0.7029361269294437,0
-7.305937,45,4829.936392,-100.0,-0.6406752711251479,0
-6.011956,36,4830.496081,-100.0,-0.704000351665864,0
-7.377756,45,4831.200043,-100.0,-0.6353053071477122,0
-7.47064,43,4831.863526,-100.0,-0.6540662725605844,0
-7.876789,53,4832.709396,-100.0,-0.7100740479242033,0
-7.802489,50,4833.484695,-100.0,-0.6192395445827321,0
-7.604517,43,4834.168903,-100.0,-0.7266603958510648,0
-7.274849,45,4834.852623,-100.0,-0.7194253841240421,0
-6.649206,38,4835.460809,-100.0,-0.698958235011245,0
-7.112381,49,4836.218508,-100.0,-0.7292488189928935,0
-7.443129,38,4836.815603,-100.0,-0.6316118200303957,0
-6.71862,39,4837.438516,-100.0,-0.6781799135767781,0
-7.872509,57,4838.340099,-100.0,-0.6666914224328946,0
-7.102707,37,4838.912977,-100.0,-0.6500021400477569,0
-7.115048,51,4839.716297,-100.0,-0.640509809162672,0
-6.986252,45,4840.434925,-100.0,-0.6760555080159305,0
-7.123787,41,4841.048925,-100.0,-0.7829733056667054,0
-7.093431,47,4841.819025,-100.0,-0.7806339103384966,0
-7.186825,48,4842.552866,-100.0,-0.6618288071879365,0
-7.699064,48,4843.306362,-100.0,-0.6743582132030413,0
-7.54848,46,4844.01406,-100.0,-0.622156995852099,0
-8.149309,55,4844.867906,-100.0,-0.6893283376193905,0
-7.960394,55,4845.721001,-100.0,-0.6501059580114443,0
-7.389402,52,4846.5494,-100.0,-0.7411866254932596,0
-9.035537,75,4847.714008,-100.0,-0.6432055381671058,0
-6.705477,48,4848.448791,-100.0,-0.6820196578577664,0
-6.224178,40,4849.08058,-100.0,-0.7690913416934092,0
-7.082714,41,4849.73096,-100.0,-0.6247020957146087,0
-6.516056,40,4850.344241,-100.0,-0.7274870214143461,0
-6.862832,39,4850.968196,-100.0,-0.5909032439114149,0
-6.884252,36,4851.522496,-100.0,-0.7123846501849824,0
-7.102013,37,4852.112048,-100.0,-0.6818473476245049,0
-6.326534,43,4852.797656,-100.0,-0.774636879716028,0
-6.630493,40,4853.41204,-100.0,-0.6982142376448569,0
-7.203862,45,4854.298569,-100.0,-0.6404590148251814,0
-6.910102,41,4854.947557,-100.0,-0.7068137756932129,0
-7.155443,53,4855.770601,-100.0,-0.6637266914737963,0
-7.389077,48,4856.528184,-100.0,-0.6103023988311985,0
-6.78023,41,4857.165937,-100.0,-0.6357079081120711,0
-7.457379,47,4857.900343,-100.0,-0.7245968929438656,0
-7.176032,40,4977.713385,-100.0,-0.6772096792558181,0
-7.330266,47,4978.449269,-100.0,-0.6495987321881291,0
-6.433998,40,4979.095368,-100.0,-0.8262117242431702,0
-6.717449,46,4979.834887,-100.0,-0.8061843708667437,0
-6.827589,44,4980.531971,-100.0,-0.7395526080794302,0
-7.545003,38,4981.128232,-100.0,-0.5371181875241681,0
-6.978958,55,4981.990605,-100.0,-0.6517502922303473,0
-7.996627,61,4982.938988,-100.0,-0.848350142019376,0
-6.722058,42,4983.608554,-100.0,-0.7697634807010759,0
-7.658359,60,4984.570391,-100.0,-0.6943338462232982,0
-6.94028,45,4985.268101,-100.0,-0.679557163342595,0
-6.747441,45,4985.983025,-100.0,-0.73051048138937,0
-7.345559,39,4986.598027,-100.0,-0.7079620999236795,0
-6.615183,41,4987.246465,-100.0,-0.7034452706063471,0
-7.767534,54,4988.097155,-100.0,-0.6547176384327319,0
-7.001674,39,4988.686719,-100.0,-0.6779625176297613,0
-7.936183,59,4989.632715,-100.0,-0.6544633325474247,0
-6.958372,52,4990.431032,-100.0,-0.8919493945945602,0
-6.803236,41,4991.078981,-100.0,-0.6626524338403147,0
-7.20465,40,4991.732134,-100.0,-0.623463177717289,0
-8.024161,51,4992.534193,-100.0,-0.6954652862009688,0
-6.837208,40,4993.172063,-100.0,-0.6900543429963998,0
-7.245378,41,4993.803557,-100.0,-0.7044491596726071,0
-6.86141,35,4994.340403,-100.0,-0.6357386053107486,0
-6.748072,40,4994.980447,-100.0,-0.6582286798168935,0
-6.941858,44,4995.680124,-100.0,-0.6505410436167635,0
-7.350382,49,4996.45261,-100.0,-0.6970243007338224,0
-6.632114,44,4997.145435,-100.0,-0.7032617802387482,0
-7.345689,61,4998.096624,-100.0,-0.678495925160056,0
-7.5715,43,4998.786983,-100.0,-0.664747843644187,0
-7.343849,49,4999.545388,-100.0,-0.721117663239823,0
-7.557816,47,5000.299024,-100.0,-0.7566421275372233,0
-6.963114,49,5001.052105,-100.0,-0.7432532000503619,0
-7.362353,45,5001.760848,-100.0,-0.700433212620871,0
-6.465368,38,5002.363423,-100.0,-0.7623125494238157,0
-7.245113,47,5003.097543,-100.0,-0.770093069384695,0
-6.582407,38,5003.697612,-100.0,-0.7330780142802658,0
-6.648202,40,5004.333387,-100.0,-0.6967936645728801,0
-6.241052,41,5004.976861,-100.0,-0.7010928978046609,0
-6.746807,42,5005.632236,-100.0,-0.7390386600608861,0
-6.63045,39,5006.243008,-100.0,-0.7433548297313692,0
-7.195636,41,5006.896729,-100.0,-0.6622275368033957,0
-6.67066,40,5007.525013,-100.0,-0.703986250146199,0
-6.598144,43,5008.217631,-100.0,-0.6860701348787608,0
-6.952721,42,5008.877005,-100.0,-0.7824274818638212,0
-6.656295,36,5009.436436,-100.0,-0.7352960141947082,0
-6.383488,40,5113.974767,-100.0,-0.7941897895385713,0
-7.053774,44,5114.703826,-100.0,-0.6968948538060046,0
-6.991978,41,5115.347346,-100.0,-0.6233464116138685,0
-6.766455,43,5116.026568,-100.0,-0.7244825938440597,0
-7.04033,51,5116.828367,-100.0,-0.6793592835794997,0
-7.440106,48,5117.591637,-100.0,-0.6790664729167254,0
-6.718806,43,5118.270429,-100.0,-0.7083500149648357,0
-7.334054,49,5119.032934,-100.0,-0.7378872251312977,0
-6.926257,43,5119.716094,-100.0,-0.6503772174095876,0
-7.037661,46,5120.442911,-100.0,-0.6782342841175318,0
-7.28795,46,5121.163706,-100.0,-0.6926336903368895,0
-6.987664,45,5121.883704,-100.0,-0.736881879452835,0
-6.930513,37,5122.481746,-100.0,-0.6571719809200746,0
-6.743749,44,5123.175506,-100.0,-0.6816941286908385,0
-7.369306,54,5124.054821,-100.0,-0.7254096846229771,0
-7.085213,51,5124.859992,-100.0,-0.6991918562612339,0
-7.545937,45,5125.567967,-100.0,-0.6278861761870281,0
-7.532989,47,5126.300012,-100.0,-0.723179070008205,0
-6.337617,42,5126.967381,-100.0,-0.7437702372143561,0
-6.839833,45,5127.668177,-100.0,-0.7092073208350529,0
-7.308931,53,5128.517932,-100.0,-0.713083066109049,0
-6.494764,45,5129.236546,-100.0,-0.716422855045077,0
-7.485644,42,5129.896508,-100.0,-0.672496886844767,0
-7.402049,45,5130.60319,-100.0,-0.6346000788312618,0
-7.678258,52,5131.4295,-100.0,-0.6369381810776936,0
-6.708033,45,5132.132802,-100.0,-0.745280034021241,0
-7.633995,40,5132.778899,-100.0,-0.6209887316841286,0
-7.122654,46,5133.517914,-100.0,-0.6536340094737874,0
-7.202121,45,5134.224427,-100.0,-0.7469348219557903,0
-7.616334,36,5134.814524,-100.0,-0.790151083565718,0
-6.813509,47,5135.561712,-100.0,-0.7148329206435522,0
-6.342839,38,5136.171219,-100.0,-0.7404371358899714,0
-7.282377,38,5136.771136,-100.0,-0.621685179577087,0
-7.056494,40,5137.406884,-100.0,-0.7501629548823832,0
-7.410647,43,5138.077305,-100.0,-0.7889662727103037,0
-7.147059,47,5138.839086,-100.0,-0.6215362040517649,0
-6.467046,39,5139.439906,-100.0,-0.7906203765291518,0
-7.346291,49,5140.217948,-100.0,-0.6503691590429516,0
-6.439444,37,5140.81049,-100.0,-0.6831575321315372,0
-6.93915,39,5141.424036,-100.0,-0.6256341984931905,0
-7.266212,44,5142.120979,-100.0,-0.6657932616638956,0
-7.840486,53,5142.956816,-100.0,-0.6300116290089361,0
-6.714753,37,5143.559362,-100.0,-0.6359885496828671,0
-7.485415,66,5144.60733,-100.0,-0.6530043355433345,0
-6.96014,45,5145.323277,-100.0,-0.677793288386269,0
-7.278262,49,5267.996686,-100.0,-0.7148966222881744,0
-7.267786,50,5268.810959,-100.0,-0.7498224415781058,0
-6.824613,39,5269.423894,-100.0,-0.6676074196930082,0
-6.749748,41,5270.076403,-100.0,-0.6391915453529741,0
-6.83676,39,5270.68945,-100.0,-0.6668746917700408,0
-6.804187,42,5271.358336,-100.0,-0.7131398697626189,0
-6.540821,37,5271.948642,-100.0,-0.8168479635716727,0
-6.713524,48,5272.706523,-100.0,-0.6780256254471551,0
-6.925438,43,5273.400669,-100.0,-0.6859315388312378,0
-7.665881,49,5274.175859,-100.0,-0.6986576801961172,0
-5.92691,34,5274.701965,-100.0,-0.75068077560415,0
-7.687817,50,5275.502908,-100.0,-0.7448953418614388,0
-6.686889,41,5276.146451,-100.0,-0.7041244231300813,0
-7.018581,38,5276.749108,-100.0,-0.7071252147130691,0
-7.046469,40,5277.388842,-100.0,-0.7688147828414721,0
-6.977822,49,5278.15478,-100.0,-0.7571790538650762,0
-7.164178,40,5278.782217,-100.0,-0.6962752400571366,0
-6.861902,42,5279.449507,-100.0,-0.7449501199769331,0
-6.477419,44,5280.145751,-100.0,-0.7967714882992498,0
-6.080406,41,5280.791199,-100.0,-0.8648561894736525,0
-6.642294,39,5281.401022,-100.0,-0.69301785269896,0
-6.86216,39,5282.031733,-100.0,-0.693591602291685,0
-7.015931,49,5282.804216,-100.0,-0.668860305870541,0
-6.616908,38,5283.408504,-100.0,-0.7355718964479735,0
-6.691619,39,5284.015275,-100.0,-0.7655250094378563,0
-6.378041,44,5284.713168,-100.0,-0.7214861191152845,0
-6.925784,44,5285.414679,-100.0,-0.7636863008954569,0
-7.121006,41,5286.056542,-100.0,-0.6680480750145188,0
-7.3309,47,5286.823017,-100.0,-0.652927227269304,0
-7.383664,42,5287.493758,-100.0,-0.642281674420638,0
-6.827054,38,5288.08226,-100.0,-0.7149267264431071,0
-6.428004,40,5288.72402,-100.0,-0.6721159262159793,0
-7.120181,37,5289.299723,-100.0,-0.671609009258086,0
-7.375106,43,5289.984109,-100.0,-0.6954342601544428,0
-6.951548,40,5290.611545,-100.0,-0.688565197978878,0
-7.061596,42,5291.276287,-100.0,-0.6625895626840129,0
-6.768344,46,5291.998538,-100.0,-0.6566447344298081,0
-7.043973,45,5292.727991,-100.0,-0.7239172658677776,0
-6.920798,40,5293.353649,-100.0,-0.6224857292669884,0
-7.309132,39,5293.981573,-100.0,-0.6435122570962628,0
-6.409749,34,5294.533596,-100.0,-0.5881147434784267,0
-7.363639,46,5295.247699,-100.0,-0.6487713289268958,0
-6.474722,41,5295.896138,-100.0,-0.6710178775221025,0
-6.577586,40,5296.533816,-100.0,-0.7075616117551387,0
-6.951293,46,5297.257862,-100.0,-0.6085222505346214,0
-7.475884,51,5298.077538,-100.0,-0.6672852548041579,0
-7.264067,42,5298.738338,-100.0,-0.6324636274425485,0
-6.751514,43,5299.405093,-100.0,-0.7830930992201071,0
-7.133608,49,5300.183363,-100.0,-0.8627001485911296,0
-7.470449,49,5410.156089,-100.0,-0.6387477365077184,0
-6.892284,37,5410.756573,-100.0,-0.6966805831878095,0
-6.885489,47,5411.48443,-100.0,-0.7273576645552627,0
-6.477223,40,5412.121,-100.0,-0.7330866006503038,0
-6.732383,47,5412.8725,-100.0,-0.7765091475058545,0
-6.941763,40,5413.50948,-100.0,-0.6189893004637198,0
-6.320504,45,5414.230694,-100.0,-0.7408903968733658,0
-6.687808,54,5415.093587,-100.0,-0.7805190588434857,0
-6.87876,41,5415.75681,-100.0,-0.6660194613916682,0
-7.204811,42,5416.420588,-100.0,-0.6152058466743855,0
-6.424564,41,5417.251783,-100.0,-0.7719258531340769,0
-6.476919,44,5417.966911,-100.0,-0.734882612802763,0
-6.341361,36,5418.546099,-100.0,-0.7195385822211111,0
-6.360309,45,5419.255851,-100.0,-0.7706777201596062,0
-6.411016,44,5419.968424,-100.0,-0.791949733644724,0
-7.335864,39,5420.589941,-100.0,-0.584654382236163,0
-6.575293,41,5421.246466,-100.0,-0.6864133940664566,0
-6.364466,39,5421.861332,-100.0,-0.7551164121051613,0
-7.10069,48,5422.643092,-100.0,-0.849776482030353,0
-6.205808,40,5423.262586,-100.0,-0.7595785982241509,0
-8.00813,57,5424.16535,-100.0,-0.6299417416341363,0
-6.649475,39,5424.792296,-100.0,-0.6459869541257276,0
-6.252102,36,5425.369702,-100.0,-0.7682457848705068,0
-5.910266,36,5425.957215,-100.0,-0.6705859055885309,0
-6.560543,35,5426.501942,-100.0,-0.7139643944302756,0
-6.556524,41,5427.146327,-100.0,-0.6658906383904962,0
-6.745526,39,5427.767196,-100.0,-0.6749240829313783,0
-7.084698,43,5428.449565,-100.0,-0.7429277257394588,0
-6.307005,38,5429.055752,-100.0,-0.6263607617396842,0
-6.793131,41,5429.701693,-100.0,-0.6046828915419249,0
-6.722584,39,5430.322492,-100.0,-0.6252610503047576,0
-6.082185,37,5430.918055,-100.0,-0.6906302806338789,0
-6.135824,38,5431.538582,-100.0,-0.75758541251432,0
-6.741881,43,5432.223678,-100.0,-0.7850770103673623,0
-7.065564,37,5432.809906,-100.0,-0.6267338289331481,0
-6.930005,49,5433.567487,-100.0,-0.6925114878810792,0
-7.102015,45,5434.28536,-100.0,-0.6491469027052552,0
-7.766353,61,5435.25498,-100.0,-0.6434784922553247,0
-6.57337,44,5435.974277,-100.0,-0.7666787021575786,0
-6.497684,38,5436.563336,-100.0,-0.6981666895771239,0
-6.496121,37,5437.159469,-100.0,-0.6915675593070383,0
-7.247449,48,5437.91647,-100.0,-0.6112978637701615,0
-6.549746,38,5438.531538,-100.0,-0.6101782152862234,0
-6.984859,40,5439.139011,-100.0,-0.6353443452914977,0
-6.990523,43,5439.833865,-100.0,-0.6323424154669717,0
-6.798955,40,5440.467571,-100.0,-0.6290208661234443,0
-7.497257,57,5441.387134,-100.0,-0.6759397551764188,0
-7.841493,50,5442.182363,-100.0,-0.6618480659316262,0
-6.335325,34,5544.199459,-100.0,-0.666715210845213,0
-7.075466,48,5544.960151,-100.0,-0.673164220963602,0
-7.128966,45,5545.678605,-100.0,-0.678679510052873,0
-5.694247,34,5546.202498,-100.0,-0.8131407725349751,0
-6.660817,37,5546.816772,-100.0,-0.7451875781313709,0
-6.020577,36,5547.396575,-100.0,-0.7504265585160155,0
-6.783727,39,5548.01897,-100.0,-0.796137896887777,0
-6.358089,39,5548.65256,-100.0,-0.7619111003894214,0
-6.305906,43,5549.342664,-100.0,-0.7806322837556281,0
-6.844449,42,5550.007538,-100.0,-0.6339993413531972,0
-6.684329,46,5550.730882,-100.0,-0.7507634632202967,0
-7.156042,42,5551.41542,-100.0,-0.6367087235278064,0
-7.178062,41,5552.066366,-100.0,-0.6183218767270972,0
-6.163629,37,5552.661843,-100.0,-0.7418950191221888,0
-7.98909,59,5553.598596,-100.0,-0.6361590162388567,0
-7.272954,52,5554.423769,-100.0,-0.6876597704383116,0
-6.704164,44,5555.148517,-100.0,-0.7315749326112101,0
-6.423093,37,5555.7197,-100.0,-0.7151036784493442,0
-6.151019,39,5556.346314,-100.0,-0.738837579369285,0
-6.339164,37,5556.942225,-100.0,-0.6323076626600787,0
-6.522049,37,5557.535674,-100.0,-0.6397188720530239,0
-6.735904,40,5558.174824,-100.0,-0.6721285030634594,0
-6.748863,40,5558.822678,-100.0,-0.6326777117161234,0
-6.466215,45,5559.530991,-100.0,-0.7485796027931934,0
-6.662417,42,5560.201909,-100.0,-0.6693471356785143,0
-6.59038,39,5560.824392,-100.0,-0.6723778149130955,0
-6.530717,45,5561.548661,-100.0,-0.745944222926566,0
-6.331435,36,5562.136957,-100.0,-0.6418618453323686,0
-6.810885,43,5562.828671,-100.0,-0.702889403734672,0
-6.574138,37,5563.414467,-100.0,-0.6592432293563364,0
-6.236506,44,5564.126936,-100.0,-0.8016316972829978,0
-6.252507,36,5564.71254,-100.0,-0.6480250802063647,0
-5.723402,34,5565.253412,-100.0,-0.773370446243238,0
-6.293112,51,5566.054044,-100.0,-0.730168573794607,0
-6.553797,40,5566.693742,-100.0,-0.7621290785420104,0
-6.388172,43,5567.378779,-100.0,-0.7089760807190296,0
-6.539401,35,5567.941232,-100.0,-0.6659335699106096,0
-6.445152,42,5568.620092,-100.0,-0.7310150561800807,0
-7.138788,43,5569.294175,-100.0,-0.6307120002904432,0
-6.332644,39,5569.920717,-100.0,-0.7440953730236354,0
-6.313994,38,5570.543181,-100.0,-0.795207428916883,0
-6.871698,42,5571.210623,-100.0,-0.6218450818606482,0
-7.45611,50,5572.010693,-100.0,-0.6475488606465722,0
-6.579339,41,5572.679067,-100.0,-0.7298953364109498,0
-6.733449,46,5573.414904,-100.0,-0.7132627060403819,0
-6.471925,41,5574.073061,-100.0,-0.6339361695422735,0
-6.389076,47,5574.798465,-100.0,-0.7576472791510352,0
-7.146103,42,5575.465284,-100.0,-0.6717704145718697,0
-6.648353,39,5576.098304,-100.0,-0.7342045681381573,0
-6.361828,43,5692.233286,-100.0,-0.7577959235327104,0
-6.555598,47,5693.000581,-100.0,-0.7073481142722596,0
-6.30525,41,5693.66501,-100.0,-0.7075696061810477,0
-6.372565,38,5694.266505,-100.0,-0.666148527380119,0
-6.608098,41,5694.935619,-100.0,-0.7201238936958406,0
-8.438622,76,5696.148015,-100.0,-0.36397980501716126,0
-6.40585,38,5696.762839,-100.0,-0.8646989888351269,0
-5.9181,39,5697.379294,-100.0,-0.8248421756496536,0
-8.529009,67,5698.470359,-100.0,-0.6699875788041765,0
-6.41964,44,5699.174898,-100.0,-0.7649044940377764,0
-6.286759,38,5699.793891,-100.0,-0.6294035632286182,0
-6.525632,45,5700.534293,-100.0,-0.7070649596698388,0
-6.781221,43,5701.208757,-100.0,-0.6826200117284438,0
-7.301667,42,5701.887021,-100.0,-0.6487023179027327,0
-6.255929,40,5702.530664,-100.0,-0.7971962058129919,0
-6.110668,39,5703.166411,-100.0,-0.6501195001557839,0
-6.649421,40,5703.803122,-100.0,-0.6387499465938178,0
-6.221178,39,5704.429475,-100.0,-0.6636733598139872,0
-6.234635,38,5705.030018,-100.0,-0.6849344217124,0
-7.408862,46,5705.769662,-100.0,-0.5861811179008042,0
-6.993221,42,5706.440007,-100.0,-0.6894056580246053,0
-5.928872,40,5707.096253,-100.0,-0.8520124291913687,0
-5.981504,44,5707.810555,-100.0,-0.8252312424462934,0
-6.611072,37,5708.392659,-100.0,-0.6499268096323365,0
-6.437023,43,5709.111952,-100.0,-0.7195924636204979,0
-6.614174,35,5709.627819,-100.0,-0.7013430210394432,0
-6.448212,35,5710.197328,-100.0,-0.6810058710032905,0
-6.104834,40,5710.845238,-100.0,-0.6821484456965545,0
-6.370717,38,5711.470388,-100.0,-0.6510720240674842,0
-6.598639,40,5712.101855,-100.0,-0.690472289988679,0
-6.79647,37,5712.708331,-100.0,-0.8152410869340145,0
-6.76997,42,5713.379861,-100.0,-0.6902469520883653,0
-6.768336,40,5714.020052,-100.0,-0.6688448713773507,0
-6.301568,40,5714.66845,-100.0,-0.7455479792221829,0
-6.330121,43,5715.37824,-100.0,-0.8212153953971972,0
-6.502365,37,5715.955883,-100.0,-0.7511434349054094,0
-5.955531,37,5716.558866,-100.0,-0.8439567190479473,0
-6.596301,42,5717.241964,-100.0,-0.728482937328658,0
-6.509083,45,5717.963459,-100.0,-0.7768058785525843,0
-6.108975,34,5718.512116,-100.0,-0.7282890157148856,0
-6.291026,38,5719.13343,-100.0,-0.6574033510519686,0
-6.613991,42,5719.802263,-100.0,-0.6728032467962353,0
-6.910741,42,5720.475025,-100.0,-0.6727728841043437,0
-6.129782,38,5721.073863,-100.0,-0.7360023356901245,0
-6.330242,36,5721.655867,-100.0,-0.6977879083112204,0
-6.574319,39,5722.276147,-100.0,-0.6996437661717791,0
-6.494623,49,5723.07919,-100.0,-0.6968244666079875,0
-6.985154,43,5723.762028,-100.0,-0.6534129762735079,0
-7.101361,41,5724.428018,-100.0,-0.5822206975434778,0
-6.469753,40,5840.591434,-100.0,-0.7335221340338106,0
-6.441178,40,5841.244895,-100.0,-0.6081810354568532,0
-6.520002,37,5841.831779,-100.0,-0.6382167727972698,0
-5.773604,38,5842.442737,-100.0,-0.8514553773482001,0
-6.38515,45,5843.176362,-100.0,-0.6418387491579397,0
-6.458747,42,5843.846658,-100.0,-0.8567581617148076,0
-6.547954,48,5844.622569,-100.0,-0.7011442207070444,0
-6.402525,40,5845.255394,-100.0,-0.6550390698352314,0
-6.152987,39,5845.896334,-100.0,-0.8165478981520798,0
-5.94164,37,5846.475734,-100.0,-0.7741648962497102,0
-7.073403,44,5847.197928,-100.0,-0.558995585449702,0
-6.253524,47,5847.957767,-100.0,-0.7513628579033985,0
-6.42161,41,5848.613327,-100.0,-0.6820500669706173,0
-6.807631,40,5849.27161,-100.0,-0.7931087509244762,0
-6.150456,40,5849.903993,-100.0,-0.732556066521637,0
-6.194377,44,5850.626014,-100.0,-0.9260959753828796,0
-6.227763,42,5851.295281,-100.0,-0.7365345199196572,0
-6.023834,35,5851.857107,-100.0,-0.7234668496598683,0
-6.636388,45,5852.571612,-100.0,-0.7198064067448228,0
-6.343221,38,5853.177858,-100.0,-0.6997384348226005,0
-6.7727,40,5853.837303,-100.0,-0.7937516257767185,0
-6.303204,44,5854.522558,-100.0,-0.7670027878697343,0
-6.584437,35,5855.101598,-100.0,-0.667104022637746,0
-6.738936,43,5855.792302,-100.0,-0.7812218897861254,0
-6.057201,39,5856.430637,-100.0,-0.6967215472521103,0
-6.359659,41,5857.072326,-100.0,-0.7251521337748723,0
-6.455831,41,5857.743005,-100.0,-0.7065068816079892,0
-6.486438,39,5858.370239,-100.0,-0.804050572413895,0
-6.875033,38,5858.979868,-100.0,-0.6807089823627518,0
-6.366742,42,5859.664013,-100.0,-0.7247703448343987,0
-6.10246,44,5860.360483,-100.0,-0.743030148860528,0
-6.3091,31,5860.869023,-100.0,-0.715492719040502,0
-6.843766,44,5861.564657,-100.0,-0.636677985079356,0
-6.211418,41,5862.229081,-100.0,-0.7001099225940077,0
-6.055802,44,5862.929931,-100.0,-0.8717719564080253,0
-6.691118,49,5863.718676,-100.0,-0.688163601123171,0
-6.997097,49,5864.5019,-100.0,-0.6757153885846285,0
-6.28445,39,5865.312744,-100.0,-0.7693482472810258,0
-6.313009,36,5865.906808,-100.0,-0.7789879698106764,0
-6.5287,40,5866.544694,-100.0,-0.6707312807181212,0
-5.80936,41,5867.201952,-100.0,-0.8337092576848244,0
-6.128587,41,5867.872379,-100.0,-0.7857886787193993,0
-6.018407,36,5868.460541,-100.0,-0.856630050639697,0
-6.435651,40,5869.099236,-100.0,-0.7576685320310685,0
-6.155436,35,5869.672261,-100.0,-0.6872363950064416,0
-6.520426,38,5870.289427,-100.0,-0.6597379477957771,0
-7.329199,56,5871.166742,-100.0,-0.671562812895642,0
-6.837497,44,5871.877527,-100.0,-0.6373018285414752,0
-6.767553,43,5872.570023,-100.0,-0.6240895807790833,0
-5.948936,37,5873.168219,-100.0,-0.8098152515627852,0
-6.32622,33,5993.067044,-100.0,-0.7552805928527161,0
-6.929117,45,5993.802678,-100.0,-0.7176438988807156,0
-6.013469,42,5994.479256,-100.0,-0.7626912163454886,0
-6.507271,43,5995.176062,-100.0,-0.8315406448127421,0
-5.978359,40,5995.835588,-100.0,-0.7229502663724643,0
-7.028277,51,5996.635905,-100.0,-0.6311213616646171,0
-6.373372,35,5997.214745,-100.0,-0.7531791325877669,0
-6.730812,47,5997.97383,-100.0,-0.6801485422905099,0
-6.024652,37,5998.571424,-100.0,-0.7873792314019956,0
-6.084285,35,5999.15647,-100.0,-0.7180978693767498,0
-7.048355,40,5999.797159,-100.0,-0.6164588258552461,0
-6.442684,41,6000.471426,-100.0,-0.6881111835331144,0
-6.34012,40,6001.114395,-100.0,-0.7230134402993402,0
-5.897311,40,6001.757229,-100.0,-0.8049780947633006,0
-6.508633,37,6002.361728,-100.0,-0.6294212445570903,0
-6.590378,40,6002.998957,-100.0,-0.8034013909126024,0
-6.146258,39,6003.645741,-100.0,-0.6708725561217671,0
-6.507283,41,6004.308977,-100.0,-0.7239432104316325,0
-5.960011,38,6004.925324,-100.0,-0.7648380093707926,0
-6.788001,42,6005.599286,-100.0,-0.7721391055397484,0
-6.286262,40,6006.25287,-100.0,-0.6737972086865507,0
-6.562519,44,6006.95628,-100.0,-0.6816519095145469,0
-6.36148,36,6007.558929,-100.0,-0.7054900534958715,0
-6.470767,37,6008.156883,-100.0,-0.6903171907922209,0
-6.262841,42,6008.84063,-100.0,-0.8096472902881577,0
-6.389226,44,6009.542271,-100.0,-0.7460419169209449,0
-5.791375,41,6010.208562,-100.0,-0.8614325298549794,0
-6.218968,44,6010.919051,-100.0,-0.7784968682840732,0
-5.906477,33,6011.446894,-100.0,-0.7456596085853534,0
-6.759641,37,6012.046782,-100.0,-0.7748503355556122,0
-6.636873,41,6012.707665,-100.0,-0.6751533651376218,0
-6.202559,37,6013.29694,-100.0,-0.7629596756544978,0
-6.244687,36,6013.87506,-100.0,-0.6685637142518016,0
-5.929428,35,6014.437826,-100.0,-0.7173256566245866,0
-6.271079,38,6015.057418,-100.0,-0.6934287416088326,0
-6.372998,42,6015.735749,-100.0,-0.8031871382592455,0
-6.354538,43,6016.430582,-100.0,-0.7372154721263029,0
-6.7359,46,6017.181009,-100.0,-0.81620335533241,0
-6.642978,42,6017.84764,-100.0,-0.700185160067588,0
-6.17234,39,6018.483704,-100.0,-0.7017922300122507,0
-6.183713,35,6019.05283,-100.0,-0.7249817696734904,0
-6.001509,37,6019.662118,-100.0,-0.7809032671346092,0
-6.550384,43,6020.375475,-100.0,-0.7690181807892357,0
-5.987968,45,6021.099554,-100.0,-0.7526526819840401,0
-7.062776,38,6021.701609,-100.0,-0.6106168109188962,0
-6.854894,41,6022.373268,-100.0,-0.6263087177715225,0
-6.201393,42,6023.05205,-100.0,-0.7656328812526026,0
-6.098461,33,6023.58786,-100.0,-0.8006559443648716,0
-5.905202,38,6024.196755,-100.0,-0.697883431146338,0
-6.296348,33,6024.742353,-100.0,-0.6306252504718628,0
-6.164764,37,6025.332946,-100.0,-0.7629100275067056,0
-6.285827,39,6025.977297,-100.0,-0.6713897540748848,0
-5.793713,42,6145.202123,-100.0,-0.8672018954047985,0
-6.202214,38,6145.86946,-100.0,-0.6179454103360816,0
-6.307187,37,6146.531517,-100.0,-0.6680260058625601,0
-5.983879,37,6147.161599,-100.0,-0.8495900700239014,0
-6.486447,40,6147.861443,-100.0,-0.6587355106754323,0
-6.735124,38,6148.530947,-100.0,-0.5986766876224201,0
-6.515852,42,6149.254384,-100.0,-0.656224767234655,0
-7.018435,38,6149.93643,-100.0,-0.7699322000292951,0
-6.538428,39,6150.61689,-100.0,-0.6324185303006024,0
-6.253222,37,6151.273972,-100.0,-0.7452670868771252,0
-7.16744,46,6152.083912,-100.0,-0.6252691119342026,0
-5.931778,33,6152.671003,-100.0,-0.8152998311278868,0
-6.182204,40,6153.364688,-100.0,-0.7238955748770668,0
-6.186795,34,6153.96057,-100.0,-0.6559418156786047,0
-6.350839,37,6154.610506,-100.0,-0.7192531204906291,0
-6.436762,44,6155.394299,-100.0,-0.7657436496127354,0
-6.784733,41,6156.108081,-100.0,-0.6894497358247443,0
-5.586582,33,6156.709295,-100.0,-0.8017635508431125,0
-6.491076,42,6157.438562,-100.0,-0.632795761968051,0
-6.531078,38,6158.105223,-100.0,-0.7023156299432607,0
-6.651953,45,6158.884451,-100.0,-0.7208310995314523,0
-6.075777,38,6159.55474,-100.0,-0.7021830182719503,0
-5.83016,40,6160.25891,-100.0,-0.8056407559922119,0
-6.170309,35,6160.869333,-100.0,-0.6717401778576524,0
-5.926716,42,6161.6059,-100.0,-0.7276021574494913,0
-5.609229,35,6162.224451,-100.0,-0.7684896921512363,0
-6.654942,37,6162.87812,-100.0,-0.7194401991811968,0
-6.771657,45,6163.646092,-100.0,-0.7882563467596818,0
-6.096025,40,6164.354957,-100.0,-0.75559988909697,0
-6.785882,45,6165.168509,-100.0,-0.6125709147020248,0
-6.844653,57,6166.156611,-100.0,-0.7507589671023455,0
-6.167075,38,6166.833238,-100.0,-0.7963022488577003,0
-6.300563,36,6167.461574,-100.0,-0.6730208783663668,0
-6.135621,37,6168.120475,-100.0,-0.7029659168119347,0
-6.338985,32,6168.67693,-100.0,-0.6786628117360124,0
-6.481239,41,6169.390352,-100.0,-0.6133127772322031,0
-6.28297,36,6170.015393,-100.0,-0.683014219556299,0
-5.756079,39,6170.698699,-100.0,-0.8064495922541783,0
-6.223118,37,6171.356358,-100.0,-0.7084779667137556,0
-6.127585,40,6172.062469,-100.0,-0.8261059640556884,0
-6.325547,37,6172.7137,-100.0,-0.6250639284225691,0
-6.386766,40,6173.42579,-100.0,-0.6669873483388264,0
-6.617314,45,6174.19882,-100.0,-0.6542051908588495,0
-6.429725,38,6174.867204,-100.0,-0.6314057136609817,0
-6.873647,45,6175.647413,-100.0,-0.7745917034003386,0
-6.069755,39,6176.337561,-100.0,-0.7543647005696327,0
-6.148329,41,6177.050806,-100.0,-0.809859464903356,0
-6.136526,38,6177.721754,-100.0,-0.8760332145319204,0
-6.336594,43,6178.47038,-100.0,-0.7164479113516505,0
-6.090243,40,6179.17939,-100.0,-0.6688417752857857,0
-6.502089,43,6179.948586,-100.0,-0.7213217305441899,0
-6.940353,36,6180.582845,-100.0,-0.6273651696142586,0
-6.08567,35,6302.107301,-100.0,-0.6239922946844542,0
-6.922148,50,6302.927565,-100.0,-0.6816912294376514,0
-5.631384,33,6303.465131,-100.0,-0.6962462768657453,0
-6.908925,38,6304.076996,-100.0,-0.586538542784402,0
-6.011192,34,6304.6214,-100.0,-0.7032766240428561,0
-6.440926,37,6305.230706,-100.0,-0.6569303961416088,0
-6.469394,41,6305.895934,-100.0,-0.7618680930691322,0
-6.376132,43,6306.61292,-100.0,-0.6563158027948203,0
-6.059064,34,6307.153246,-100.0,-0.640098490752479,0
-6.510865,44,6307.888351,-100.0,-0.6673434029297325,0
-6.180757,42,6308.567122,-100.0,-0.7399499069006044,0
-5.912009,39,6309.192836,-100.0,-0.675192659881883,0
-6.307364,44,6309.941463,-100.0,-0.6643947422280944,0
-6.344282,40,6310.576801,-100.0,-0.6718591294108024,0
-5.888137,40,6311.241067,-100.0,-0.694579642192491,0
-6.237291,41,6311.899693,-100.0,-0.6958127331771186,0
-5.998513,38,6312.5186,-100.0,-0.7770084606474987,0
-6.555015,41,6313.174475,-100.0,-0.7009140336984401,0
-5.89582,34,6313.736666,-100.0,-0.6180612120760282,0
-5.802596,44,6314.450305,-100.0,-0.8187817279666482,0
-6.075991,35,6315.034415,-100.0,-0.6627282451376706,0
-6.085664,40,6315.68806,-100.0,-0.7279856492178773,0
-5.843925,33,6316.218563,-100.0,-0.7031223893079893,0
-5.939014,34,6316.786179,-100.0,-0.6062581642548782,0
-6.682875,53,6317.630402,-100.0,-0.7906040290451296,0
-6.821648,49,6318.419574,-100.0,-0.7012535147392884,0
-6.053243,36,6319.017502,-100.0,-0.6013860980187704,0
-6.531828,46,6319.776049,-100.0,-0.7560233587149071,0
-7.120648,37,6320.38473,-100.0,-0.7916094962101692,0
-5.924346,33,6320.920417,-100.0,-0.7329974850809424,0
-6.202127,34,6321.486664,-100.0,-0.6539705752274274,0
-6.183477,35,6322.052807,-100.0,-0.6288380616398307,0
-6.207286,40,6322.693949,-100.0,-0.6814633133114384,0
-6.042441,39,6323.33424,-100.0,-0.7613299437072713,0
-6.273822,37,6323.944468,-100.0,-0.6668145512519534,0
-6.150183,36,6324.540247,-100.0,-0.6932220668392272,0
-6.543121,40,6325.20195,-100.0,-0.7380042844573746,0
-6.289025,37,6325.804536,-100.0,-0.6749138650638294,0
-6.171717,42,6326.508142,-100.0,-0.7291328211406769,0
-6.088604,41,6327.171931,-100.0,-0.7198050826999448,0
-6.63841,37,6327.779583,-100.0,-0.6332053291494677,0
-6.032102,41,6328.425907,-100.0,-0.6807621944158937,0
-7.507037,33,6328.979334,-100.0,-0.6284664849303602,0
-6.043946,34,6329.547315,-100.0,-0.6560668525192719,0
-6.514897,58,6330.486993,-100.0,-0.8338247054807224,0
-6.559189,41,6331.133862,-100.0,-0.8103921525730773,0
-6.509555,41,6331.803358,-100.0,-0.815970442173483,0
-6.079899,34,6332.382142,-100.0,-0.6896530163133225,0
-6.257637,39,6333.018295,-100.0,-0.7028360835097831,0
-6.275102,41,6333.678582,-100.0,-0.6846683130871191,0
-5.78017,37,6334.280282,-100.0,-0.8073030989673586,0
-5.867206,37,6334.888497,-100.0,-0.832622698373166,0
-5.769741,36,6452.34703,-100.0,-0.7473625002768828,0
-6.079531,37,6452.969762,-100.0,-0.7231234155452659,0
-6.471007,43,6453.672188,-100.0,-0.6735682453529397,0
-6.710157,43,6454.387205,-100.0,-0.7941599321258749,0
-6.508274,42,6455.082975,-100.0,-0.6649443611171141,0
-6.158581,35,6455.657405,-100.0,-0.6410573125725612,0
-6.220599,39,6456.304264,-100.0,-0.6896583611638712,0
-6.199516,35,6456.86893,-100.0,-0.6123316495293566,0
-5.903368,35,6457.446614,-100.0,-0.7109365920869314,0
-6.506164,42,6458.141457,-100.0,-0.6422285361112613,0
-6.660745,43,6458.844769,-100.0,-0.6629878355043268,0
-6.059999,34,6459.403903,-100.0,-0.6051361169912463,0
-6.097358,32,6459.930025,-100.0,-0.747590732233642,0
-6.02988,34,6460.488928,-100.0,-0.7115175178895897,0
-6.599311,40,6461.16071,-100.0,-0.6491073693852117,0
-5.971976,39,6461.798339,-100.0,-0.7460078286003718,0
-6.304284,39,6462.439749,-100.0,-0.7192371132732377,0
-6.17813,36,6463.021562,-100.0,-0.6717763820482561,0
-6.666318,36,6463.619137,-100.0,-0.7572149083634806,0
-5.92898,42,6464.298935,-100.0,-0.7603254219881155,0
-6.486812,39,6464.945327,-100.0,-0.7295604208506234,0
-6.246279,44,6465.65918,-100.0,-0.7189185377152627,0
-6.22665,34,6466.219712,-100.0,-0.6710897283868156,0
-6.092242,36,6466.812809,-100.0,-0.722498279913356,0
-6.548366,32,6467.350469,-100.0,-0.6474124880896743,0
-6.065191,37,6467.944204,-100.0,-0.7403638056176958,0
-5.792114,34,6468.51036,-100.0,-0.6897463843536061,0
-5.905346,34,6469.073055,-100.0,-0.7186960450821245,0
-6.176721,34,6469.629601,-100.0,-0.7662834953327124,0
-6.432711,35,6470.198417,-100.0,-0.6018379066525291,0
-6.29285,34,6470.747122,-100.0,-0.6705780974186689,0
-6.19198,37,6471.354188,-100.0,-0.6341443269068245,0
-5.680706,40,6472.00695,-100.0,-0.7749926895443865,0
-6.82435,37,6472.62746,-100.0,-0.6641870959151306,0
-6.289117,43,6473.314208,-100.0,-0.7312836375298364,0
-6.205858,38,6473.94313,-100.0,-0.8801912120541482,0
-6.253567,39,6474.587441,-100.0,-0.6458047317545418,0
-6.417013,45,6475.331139,-100.0,-0.6910823191652881,0
-6.248394,45,6476.060253,-100.0,-0.7147609025520394,0
-6.189292,36,6476.650145,-100.0,-0.7568644576047434,0
-5.948775,33,6477.201389,-100.0,-0.8221952313718333,0
-6.030032,36,6477.798495,-100.0,-0.6891264067822549,0
-6.262966,34,6478.359706,-100.0,-0.6479801854104932,0
-6.072013,39,6478.980958,-100.0,-0.7876512732937956,0
-5.56544,33,6479.525586,-100.0,-0.7263009636589169,0
-5.970019,42,6480.224594,-100.0,-0.7103114586223412,0
-6.271847,41,6480.893458,-100.0,-0.7439847224467018,0
-6.203986,39,6481.525529,-100.0,-0.6682949281404137,0
-6.931659,33,6482.080529,-100.0,-0.6245762688531938,0
-5.997102,33,6482.619634,-100.0,-0.6977120211782499,0
-5.795576,33,6483.12599,-100.0,-0.8115696965567165,0
-5.915295,39,6483.7785,-100.0,-0.8865102446198955,0
-5.591534,38,6484.397073,-100.0,-0.8650357502663503,0
-6.008117,34,6484.960365,-100.0,-0.7312614477459476,0
-6.080547,38,6601.660633,-100.0,-0.7447702634454644,0
-6.37538,38,6602.292189,-100.0,-0.6532215842034363,0
-6.473046,41,6602.964725,-100.0,-0.6806557486143121,0
-6.192268,34,6603.514999,-100.0,-0.6652779862880807,0
-5.609749,34,6604.067439,-100.0,-0.7456663089996428,0
-5.951739,39,6604.721783,-100.0,-0.750325080636809,0
-6.170445,34,6605.279291,-100.0,-0.6325697752311169,0
-6.475203,35,6605.857767,-100.0,-0.7120854370522584,0
-5.888,37,6606.461397,-100.0,-0.7106678569482536,0
-5.937611,33,6607.008582,-100.0,-0.6454803053459848,0
-6.36349,35,6607.590319,-100.0,-0.6402951563328423,0
-5.60444,35,6608.162939,-100.0,-0.7879273048545108,0
-6.236117,45,6608.898998,-100.0,-0.7268283894824092,0
-6.291404,38,6609.51971,-100.0,-0.6353671927255166,0
-6.281605,39,6610.16878,-100.0,-0.6670064380656002,0
-6.320248,39,6610.823644,-100.0,-0.698237390869564,0
-6.140327,34,6611.360279,-100.0,-0.6505878465189976,0
-6.233358,40,6612.033579,-100.0,-0.7073467313051628,0
-6.593226,38,6612.661592,-100.0,-0.6489802031461435,0
-6.093452,37,6613.277527,-100.0,-0.6747453034907367,0
-5.896711,40,6613.937009,-100.0,-0.7658666538359024,0
-6.417389,37,6614.546456,-100.0,-0.6267120180065198,0
-5.914745,33,6615.07586,-100.0,-0.6402357349155069,0
-5.897645,36,6615.665504,-100.0,-0.8067902671632625,0
-6.122495,42,6616.369421,-100.0,-0.7449843039759281,0
-5.811924,32,6616.879039,-100.0,-0.7749989070118075,0
-6.220964,39,6617.510726,-100.0,-0.6804662006277072,0
-6.27735,38,6618.146314,-100.0,-0.7391426955989304,0
-5.917846,41,6618.825835,-100.0,-0.7245976746652304,0
-5.843059,33,6619.378618,-100.0,-0.6259239069252155,0
-6.543244,36,6619.976012,-100.0,-0.772355854901836,0
-6.152524,41,6620.641996,-100.0,-0.7265669753462126,0
-6.084993,39,6621.291372,-100.0,-0.6474665825988276,0
-5.453498,33,6621.837817,-100.0,-0.8033324372994199,0
-6.060118,33,6622.378124,-100.0,-0.7156063866879098,0
-6.123029,38,6623.00243,-100.0,-0.6888764113065856,0
-6.365415,44,6623.728474,-100.0,-0.6223164256726977,0
-6.050891,41,6624.392204,-100.0,-0.7450273442638697,0
-5.976728,38,6625.01709,-100.0,-0.6798142140910222,0
-5.943226,42,6625.708276,-100.0,-0.7259175924047212,0
-6.24078,44,6626.434827,-100.0,-0.6409627882310311,0
-5.797032,41,6627.116439,-100.0,-0.7376686581043128,0
-5.647182,33,6627.647358,-100.0,-0.6849769629260749,0
-6.099978,37,6628.25978,-100.0,-0.665923726303483,0
-5.846042,40,6628.9128,-100.0,-0.7421855095670412,0
-5.761512,35,6629.485395,-100.0,-0.7116982083007227,0
-6.015868,40,6630.141791,-100.0,-0.717950129185182,0
-5.65553,34,6630.713025,-100.0,-0.7822209528361205,0
-5.598112,34,6631.281949,-100.0,-0.7578823070727718,0
-6.659697,43,6631.995148,-100.0,-0.6710051857256981,0
-6.42161,37,6632.598773,-100.0,-0.6944280211829836,0
-5.624483,39,6633.232945,-100.0,-0.8840893412219495,0
-6.487893,40,6633.875568,-100.0,-0.6917336261140086,0
-6.506363,49,6634.700632,-100.0,-0.7384568712836602,0
-5.61936,34,6635.258186,-100.0,-0.8001040745317889,0
-6.199039,39,6751.549611,-100.0,-0.8108544651999413,0
-6.156119,35,6752.12467,-100.0,-0.6538398389023319,0
-5.962234,39,6752.764322,-100.0,-0.7842378986751761,0
-6.144563,36,6753.372164,-100.0,-0.6488802729290676,0
-5.824071,33,6753.907658,-100.0,-0.752927856406409,0
-6.567837,39,6754.56179,-100.0,-0.6253003493381214,0
-6.131361,39,6755.201265,-100.0,-0.6533710394382642,0
-6.337216,43,6755.925808,-100.0,-0.6878788176813474,0
-6.560472,40,6756.591207,-100.0,-0.6612802106430102,0
-5.662278,33,6757.10816,-100.0,-0.7378740357381072,0
-5.782027,33,6757.657346,-100.0,-0.7083965269742785,0
-5.822569,33,6758.209151,-100.0,-0.677268224934588,0
-6.572373,39,6758.847129,-100.0,-0.6821543351021123,0
-6.134146,31,6759.368984,-100.0,-0.8122719222951207,0
-5.881093,40,6760.022726,-100.0,-0.8097904432012129,0
-6.23479,41,6760.707832,-100.0,-0.7185956709770769,0
-6.729118,44,6761.446435,-100.0,-0.6398823751257503,0
-5.729265,37,6762.058692,-100.0,-0.9187047671188942,0
-5.776702,41,6762.733058,-100.0,-0.7951396659999642,0
-6.213858,37,6763.334866,-100.0,-0.6848210264151559,0
-6.292911,45,6764.092275,-100.0,-0.6992892007440451,0
-5.97037,34,6764.649853,-100.0,-0.7139733975947474,0
-5.692339,36,6765.22624,-100.0,-0.7856906049922184,0
-5.639979,34,6765.794573,-100.0,-0.8527886664390828,0
-5.939492,38,6766.432475,-100.0,-0.8609443186476148,0
-6.367769,40,6767.086914,-100.0,-0.6911073273505217,0
-6.231579,35,6767.68347,-100.0,-0.6688485922228505,0
-6.085176,39,6768.307848,-100.0,-0.8293474099848017,0
-6.098996,38,6768.940153,-100.0,-0.8101375691999997,0
-6.189934,42,6769.63265,-100.0,-0.8213502167495207,0
-5.642721,33,6770.177964,-100.0,-0.8015197962737672,0
-6.246264,34,6770.753946,-100.0,-0.6685577001736226,0
-5.968588,34,6771.331903,-100.0,-0.7426016337404248,0
-6.758692,43,6772.015708,-100.0,-0.8170287500010721,0
-5.611921,32,6772.55464,-100.0,-0.7355793439422565,0
-5.794269,35,6773.133847,-100.0,-0.7217870409845175,0
-5.701871,37,6773.729848,-100.0,-0.7334971230678881,0
-5.793869,34,6774.284618,-100.0,-0.7912824933711561,0
-6.068109,41,6774.971326,-100.0,-0.7793915750317904,0
-5.96852,36,6775.556132,-100.0,-0.6785256237672551,0
-6.114257,39,6776.195872,-100.0,-0.7502245792624987,0
-6.922956,41,6776.865391,-100.0,-0.7213114431407183,0
-6.07471,34,6777.435789,-100.0,-0.6848036892278979,0
-6.250214,42,6778.13329,-100.0,-0.6544669715259708,0
-5.994345,40,6778.78566,-100.0,-0.7675401948775314,0
-6.282633,40,6779.46466,-100.0,-0.695505103241073,0
-6.443416,42,6780.159132,-100.0,-0.64194929956252,0
-6.009148,35,6780.746103,-100.0,-0.6595081015355018,0
-6.108699,44,6781.482619,-100.0,-0.7316708990935302,0
-5.682294,42,6782.173339,-100.0,-0.772412998092349,0
-5.591603,32,6782.69898,-100.0,-0.8310918189800163,0
-5.96969,33,6783.246668,-100.0,-0.7295174306711697,0
-5.833209,36,6783.841933,-100.0,-0.7713268738953107,0
-6.041173,38,6784.466283,-100.0,-0.8473369277462213,0
-6.056142,34,6903.537636,-100.0,-0.6368617990723956,0
-5.584721,33,6904.090077,-100.0,-0.8166801476688035,0
-6.21651,39,6904.732935,-100.0,-0.729909070555559,0
-5.971411,38,6905.359465,-100.0,-0.7306189525708489,0
-5.782983,44,6906.093813,-100.0,-0.7937843591176492,0
-5.996141,34,6906.64442,-100.0,-0.7047759679851062,0
-6.045701,39,6907.307168,-100.0,-0.7696019129304743,0
-6.043019,34,6907.869049,-100.0,-0.7478990242314008,0
-6.590908,33,6908.402214,-100.0,-0.6884982545304,0
-6.026264,34,6908.967603,-100.0,-0.626004422591406,0
-5.695431,34,6909.536087,-100.0,-0.8038766241135273,0
-6.311746,45,6910.287283,-100.0,-0.8423294626016665,0
-5.505597,33,6910.829047,-100.0,-0.8406132518546042,0
-6.090513,39,6911.471934,-100.0,-0.6904351218122947,0
-6.223579,41,6912.155788,-100.0,-0.6862305121306449,0
-5.869949,33,6912.705057,-100.0,-0.8035457236401851,0
-5.800072,32,6913.236785,-100.0,-0.7438975702093534,0
-5.949975,40,6913.89439,-100.0,-0.6773183020172966,0
-6.325146,41,6914.58995,-100.0,-0.6962355688012337,0
-5.62626,38,6915.21587,-100.0,-0.7875541791243341,0
-6.230284,39,6915.861365,-100.0,-0.7001585800183027,0
-6.016035,36,6916.453171,-100.0,-0.7111942655687475,0
-6.498171,35,6917.0371,-100.0,-0.7206114482189546,0
-5.736169,38,6917.672333,-100.0,-0.8504495208226619,0
-5.956255,44,6918.40176,-100.0,-0.7833156509496264,0
-6.233822,37,6919.021871,-100.0,-0.7120987287360601,0
-5.622665,33,6919.566783,-100.0,-0.8262235480315095,0
-6.35728,37,6920.170269,-100.0,-0.6653150537607193,0
-6.614982,34,6920.729271,-100.0,-0.5801298223708478,0
-5.882593,42,6921.432416,-100.0,-0.7980583211002135,0
-5.884171,35,6922.007013,-100.0,-0.896312472575234,0
-6.071436,48,6922.794996,-100.0,-0.7819273970896732,0
-6.287467,41,6923.474145,-100.0,-0.6889242242453825,0
-6.535795,33,6924.025186,-100.0,-0.6048819020421381,0
-6.578292,39,6924.670206,-100.0,-0.6734567488004505,0
-6.122056,36,6925.25563,-100.0,-0.7539267591418268,0
-6.173438,38,6925.871748,-100.0,-0.7010719400243018,0
-6.063954,41,6926.553701,-100.0,-0.6419802089876868,0
-5.617747,41,6927.243476,-100.0,-0.8369766741638575,0
-6.263279,40,6927.904253,-100.0,-0.7212852232125454,0
-5.989081,38,6928.516466,-100.0,-0.8134153498993113,0
-5.435947,33,6929.072166,-100.0,-0.8167805428221898,0
-6.958894,41,6929.75227,-100.0,-0.6708842501657659,0
-6.351424,40,6930.408884,-100.0,-0.7946047058347869,0
-6.246558,44,6931.146467,-100.0,-0.6605175862520798,0
-5.781756,40,6931.794303,-100.0,-0.8326325889302127,0
-5.898218,38,6932.428656,-100.0,-0.6999232417253843,0
-5.912261,40,6933.090978,-100.0,-0.795156513506526,0
-6.550671,42,6933.76734,-100.0,-0.648658978970782,0
-6.471655,41,6934.463108,-100.0,-0.6514856163354645,0
-5.877575,35,6935.040826,-100.0,-0.80536954825008,0
-5.574469,32,6935.566239,-100.0,-0.7775440166149924,0
-5.713371,33,6936.119024,-100.0,-0.7957019084812872,0
-5.850056,33,6936.667,-100.0,-0.7359557015312805,0
-6.080663,38,7033.242115,-100.0,-0.7379593831559711,0
-5.627535,33,7033.794081,-100.0,-0.7015303269011574,0
-5.86909,32,7034.325922,-100.0,-0.7611190948943886,0
-6.461966,39,7034.964525,-100.0,-0.6718217940635804,0
-5.537228,33,7035.509359,-100.0,-0.7413129102548731,0
-6.833984,42,7036.208427,-100.0,-0.8061586677369041,0
-5.692556,40,7036.885173,-100.0,-0.8393087463750201,0
-5.907123,36,7037.479857,-100.0,-0.7146334192522368,0
-5.611254,33,7038.029031,-100.0,-0.7415029751670004,0
-5.861896,33,7038.566162,-100.0,-0.7193798023687237,0
-5.966591,36,7039.171875,-100.0,-0.6608412377886239,0
-6.325721,34,7039.718777,-100.0,-0.7099218936606438,0
-6.208956,42,7040.433677,-100.0,-0.7485327993557275,0
-5.625074,33,7040.982543,-100.0,-0.7597590884359481,0
-6.013809,36,7041.576017,-100.0,-0.6340031181199071,0
-5.732129,35,7042.154602,-100.0,-0.8880286762270803,0
-6.464985,44,7042.895315,-100.0,-0.8261482874680849,0
-5.867542,33,7043.441658,-100.0,-0.7116205321320409,0
-5.884048,33,7043.985958,-100.0,-0.6580856832474056,0
-6.20306,41,7044.664833,-100.0,-0.7233849518963857,0
-6.13904,35,7045.2412,-100.0,-0.7007050267252293,0
-5.826399,33,7045.787838,-100.0,-0.7255129989720198,0
-6.27008,33,7046.341112,-100.0,-0.7361380602260371,0
-6.237984,39,7046.981331,-100.0,-0.7299839874665933,0
-6.137167,36,7047.579939,-100.0,-0.673471217209278,0
-6.189904,38,7048.228708,-100.0,-0.7908966512223902,0
-5.95009,39,7048.868077,-100.0,-0.7853096484324875,0
-6.292239,38,7049.495326,-100.0,-0.6482058852934547,0
-5.880767,33,7050.039156,-100.0,-0.7207176554517051,0
-5.419686,32,7050.579463,-100.0,-0.866833556146827,0
-5.841448,40,7051.255006,-100.0,-0.7029860495367922,0
-5.92878,38,7051.880059,-100.0,-0.7877110364547198,0
-5.918221,38,7052.507542,-100.0,-0.6736987444778696,0
-6.137072,35,7053.07654,-100.0,-0.6451119015580701,0
-6.600138,40,7053.758365,-100.0,-0.6336969196134243,0
-6.064586,39,7054.41806,-100.0,-0.7287454395050349,0
-5.932896,34,7054.976397,-100.0,-0.6795785995945508,0
-5.564657,33,7055.52869,-100.0,-0.7711934370383204,0
-6.215576,35,7056.125675,-100.0,-0.613385766839875,0
-6.246958,44,7056.824711,-100.0,-0.7049876400625406,0
-6.120219,33,7057.376439,-100.0,-0.6705369953929038,0
-6.369342,36,7057.968833,-100.0,-0.6903752953546061,0
-5.936382,37,7058.586298,-100.0,-0.869155100670937,0
-6.139292,41,7059.254272,-100.0,-0.7093192052885589,0
-5.926335,38,7059.888604,-100.0,-0.7185630895326753,0
-6.82406,35,7060.459785,-100.0,-0.6555787664277757,0
-6.541185,38,7061.102468,-100.0,-0.6879489784076087,0
-5.647892,32,7061.633967,-100.0,-0.8222562451047855,0
-6.443069,34,7062.20966,-100.0,-0.7356845719170714,0
-5.993747,41,7062.888823,-100.0,-0.7120941638709649,0
-6.203545,34,7063.457005,-100.0,-0.6431801596773201,0
-5.703667,34,7064.024125,-100.0,-0.6846731255393879,0
-5.837977,37,7064.64364,-100.0,-0.7787853323358682,0
-5.637405,35,7065.222415,-100.0,-0.7091084361693257,0
-6.024375,33,7065.761288,-100.0,-0.7973584041307564,0
-5.965668,39,7066.409465,-100.0,-0.8301513399838654,0
-5.877342,34,7066.978923,-100.0,-0.636796994923072,0
-6.373311,39,7174.071323,-100.0,-0.6762516955648026,0
-6.182675,34,7174.639013,-100.0,-0.6329105777305132,0
-6.478819,37,7175.257345,-100.0,-0.6904526259475732,0
-5.946229,38,7175.881064,-100.0,-0.7396797654830647,0
-6.231111,41,7176.565239,-100.0,-0.6959910501950004,0
-6.400639,39,7177.226509,-100.0,-0.7632068418747077,0
-6.651813,35,7177.804241,-100.0,-0.8335382441188302,0
-6.22211,34,7178.372059,-100.0,-0.7015298309167466,0
-6.385976,34,7178.941804,-100.0,-0.6230700149178432,0
-5.491184,33,7179.49745,-100.0,-0.7823338649004135,0
-6.172603,35,7180.071442,-100.0,-0.6377380816296476,0
-5.438033,34,7180.644961,-100.0,-0.7949891908375852,0
-6.134267,33,7181.180816,-100.0,-0.6930792779965445,0
-5.450133,33,7181.727521,-100.0,-0.7921545788269979,0
-6.123093,33,7182.28164,-100.0,-0.7012061092184965,0
-5.528116,32,7182.825134,-100.0,-0.7896477066832545,0
-6.123829,37,7183.440484,-100.0,-0.6820506797481737,0
-5.608686,32,7183.982316,-100.0,-0.8393025218757357,0
-5.931511,36,7184.578272,-100.0,-0.7639656342106222,0
-5.889214,35,7185.170212,-100.0,-0.6921474872396511,0
-6.463507,40,7185.817752,-100.0,-0.6472868412791801,0
-6.047505,34,7186.391927,-100.0,-0.708760874257488,0
-6.09185,32,7186.929985,-100.0,-0.7173980129404551,0
-6.017708,38,7187.559072,-100.0,-0.754906969324301,0
-5.711076,33,7188.125359,-100.0,-0.7496296119343956,0
-6.004579,33,7188.671114,-100.0,-0.6452552801378592,0
-6.286926,39,7189.313368,-100.0,-0.7215572464786276,0
-6.022906,41,7190.000051,-100.0,-0.7564291532555809,0
-5.939625,39,7190.659683,-100.0,-0.8537343701966801,0
-5.93276,42,7191.363171,-100.0,-0.7710530907129713,0
-6.231239,38,7191.992429,-100.0,-0.7202163115522979,0
-6.753575,43,7192.70846,-100.0,-0.7168571092323394,0
-5.99097,36,7193.320192,-100.0,-0.6696338732085604,0
-6.201112,34,7193.885381,-100.0,-0.646229239185843,0
-5.968434,42,7194.583989,-100.0,-0.7761030528124775,0
-5.578444,41,7195.259736,-100.0,-0.8613749588318822,0
-5.536535,35,7195.8346,-100.0,-0.8741957984518343,0
-6.005341,43,7196.568815,-100.0,-0.6946752398841265,0
-5.921396,35,7197.142416,-100.0,-0.6773829745941925,0
-6.247153,40,7197.807148,-100.0,-0.6776145421328135,0
-5.526237,34,7198.388364,-100.0,-0.8248530506674416,0
-5.694166,33,7198.939516,-100.0,-0.7469078511731436,0
-6.270283,43,7199.653128,-100.0,-0.8708104024833133,0
-6.152554,34,7200.208487,-100.0,-0.7051490456304068,0
-5.905327,40,7200.877599,-100.0,-0.7344256493491088,0
-6.346765,35,7201.460532,-100.0,-0.6930836859812889,0
-6.095561,34,7202.033075,-100.0,-0.5965382897839245,0
-5.400593,34,7202.602997,-100.0,-0.8334105091580031,0
-6.031008,38,7203.239371,-100.0,-0.701537997196135,0
-6.364085,40,7203.910093,-100.0,-0.7983739459946768,0
-5.988595,34,7204.463371,-100.0,-0.6328462765067202,0
-5.731351,34,7205.024701,-100.0,-0.7483972814056429,0
-6.860786,38,7205.648855,-100.0,-0.6293079168788411,0
-6.092268,42,7206.340774,-100.0,-0.7201762743033906,0
-6.106911,33,7206.894933,-100.0,-0.8258183048162402,0
-6.169933,37,7207.516248,-100.0,-0.6910245218093869,0
-5.596196,34,7314.737441,-100.0,-0.78538061179367,0
-6.188645,42,7315.435905,-100.0,-0.6335518595170729,0
-6.054118,35,7316.015916,-100.0,-0.721132985170998,0
-6.142587,37,7316.647067,-100.0,-0.6673727335547943,0
-5.47114,37,7317.261899,-100.0,-0.8053707431806351,0
-5.645016,33,7317.819598,-100.0,-0.7275378837182133,0
-6.009075,37,7318.430391,-100.0,-0.710314434397771,0
-5.541151,34,7319.014774,-100.0,-0.7910167584867853,0
-5.949211,33,7319.574884,-100.0,-0.6851821871565662,0
-5.710311,32,7320.109255,-100.0,-0.8437365430023613,0
-5.828399,33,7320.664242,-100.0,-0.7374431927719436,0
-5.962711,34,7321.234184,-100.0,-0.7153553185260263,0
-5.648746,38,7321.870976,-100.0,-0.8836340357351767,0
-6.152113,42,7322.583961,-100.0,-0.743844559625876,0
-6.089396,41,7323.252906,-100.0,-0.7118016738901649,0
-6.165687,34,7323.83392,-100.0,-0.6954554036988743,0
-5.636255,35,7324.410242,-100.0,-0.7876975495741725,0
-5.890265,36,7325.004025,-100.0,-0.6513918755393487,0
-5.92386,32,7325.535472,-100.0,-0.731880099685738,0
-5.851149,34,7326.111013,-100.0,-0.6932748714099168,0
-6.396214,36,7326.717562,-100.0,-0.8277086646279455,0
-5.614356,36,7327.312545,-100.0,-0.8399174202016051,0
-5.976494,35,7327.895717,-100.0,-0.6591037299149582,0
-5.857562,35,7328.480735,-100.0,-0.6991302753049724,0
-5.609179,32,7329.013378,-100.0,-0.8909794093796592,0
-5.752253,35,7329.609933,-100.0,-0.7125213313264804,0
-5.815556,33,7330.148306,-100.0,-0.6628465920102911,0
-6.174983,38,7330.793234,-100.0,-0.6578357112140627,0
-5.529639,33,7331.34974,-100.0,-0.7847233339403388,0
-5.890305,34,7331.917096,-100.0,-0.7088745770516569,0
-6.192844,35,7332.49476,-100.0,-0.6850181368710232,0
-6.099489,44,7333.23758,-100.0,-0.6479262388688615,0
-5.647158,33,7333.786241,-100.0,-0.8074148251596722,0
-5.819279,33,7334.351796,-100.0,-0.658023852369727,0
-5.997872,35,7334.924642,-100.0,-0.7036744670925449,0
-5.570448,33,7335.487486,-100.0,-0.9001726260540655,0
-6.066094,36,7336.104034,-100.0,-0.760712901986442,0
-5.85453,32,7336.634427,-100.0,-0.8274237290500821,0
-6.039777,40,7337.299069,-100.0,-0.6996764034521727,0
-6.178054,41,7337.974554,-100.0,-0.7178380076780125,0
-6.080436,34,7338.541688,-100.0,-0.7143016816752433,0
-5.769391,40,7339.212927,-100.0,-0.797704227041154,0
-6.061934,34,7339.784399,-100.0,-0.6968719659072942,0
-5.693488,39,7340.419223,-100.0,-0.7799976784120372,0
-5.965698,33,7340.976077,-100.0,-0.7082388898738592,0
-6.140041,41,7341.66744,-100.0,-0.7613469534010391,0
-5.8675,36,7342.273872,-100.0,-0.6995246495468681,0
-5.660975,33,7342.826111,-100.0,-0.7926964862268397,0
-5.611788,33,7343.364618,-100.0,-0.7827320749699782,0
-5.952703,38,7344.011151,-100.0,-0.6708778778387857,0
-5.610637,33,7344.546879,-100.0,-0.7536353849532424,0
-5.718342,38,7345.195016,-100.0,-0.7926792776709147,0
-5.590852,33,7345.743455,-100.0,-0.6905455129212311,0
-5.889869,38,7346.395036,-100.0,-0.7377960163697794,0
-6.006274,33,7346.931959,-100.0,-0.7074728195881976,0
-5.980404,34,7347.500221,-100.0,-0.772407961215634,0
-5.714476,33,7348.042299,-100.0,-0.7230617141299108,0
-5.52209,32,7348.582225,-100.0,-0.8237635284746962,0
-5.83308,33,7477.877969,-100.0,-0.7227572389031368,0
-5.899334,34,7478.447214,-100.0,-0.7549239107480306,0
-5.935259,35,7479.042201,-100.0,-0.7043761824811022,0
-6.281047,36,7479.644654,-100.0,-0.6400365100228719,0
-5.699279,34,7480.210012,-100.0,-0.755452414236112,0
-5.874979,33,7480.765089,-100.0,-0.6543030287734368,0
-5.769635,33,7481.324577,-100.0,-0.6814729573600565,0
-5.68145,34,7481.899603,-100.0,-0.8527089600441977,0
-5.82168,35,7482.471183,-100.0,-0.7245711514105166,0
-5.729352,33,7483.029286,-100.0,-0.7308345420336766,0
-5.963853,35,7483.618988,-100.0,-0.6932640176057644,0
-5.855222,39,7484.268079,-100.0,-0.760095528770094,0
-5.568285,32,7484.797033,-100.0,-0.920227374219966,0
-5.816413,33,7485.357513,-100.0,-0.6631762768188151,0
-5.69235,37,7485.97632,-100.0,-0.7923750657681431,0
-5.834201,34,7486.555299,-100.0,-0.7417919536828822,0
-5.499791,32,7487.097593,-100.0,-0.8976034088365689,0
-6.050627,43,7487.801,-100.0,-0.6890276828428639,0
-5.636204,36,7488.4028,-100.0,-0.7517183352547671,0
-5.561085,39,7489.057381,-100.0,-0.7792847239824028,0
-5.494065,32,7489.594859,-100.0,-0.8409151551470939,0
-6.000279,39,7490.233888,-100.0,-0.6957624795028506,0
-5.830629,33,7490.786437,-100.0,-0.7110574043744334,0
-5.752293,33,7491.334378,-100.0,-0.7990846058858468,0
-5.689309,34,7491.910083,-100.0,-0.8666309354966919,0
-5.737651,33,7492.458228,-100.0,-0.6698111568406668,0
-5.668824,42,7493.192013,-100.0,-0.7515994786886389,0
-5.750244,33,7493.74124,-100.0,-0.7389621878009197,0
-5.708244,38,7494.385789,-100.0,-0.7556205022067388,0
-5.393385,32,7494.906889,-100.0,-0.8312203576561424,0
-5.869185,34,7495.485717,-100.0,-0.6693364942922323,0
-6.869755,41,7496.180343,-100.0,-0.7134852875027039,0
-5.640848,34,7496.754168,-100.0,-0.7435401845555524,0
-5.907009,34,7497.318158,-100.0,-0.6704692088820831,0
-6.097493,36,7497.919547,-100.0,-0.6543295026461294,0
-6.035794,34,7498.496036,-100.0,-0.6642231616692355,0
-5.653703,33,7499.046727,-100.0,-0.7340016818767595,0
-5.501128,33,7499.6034,-100.0,-0.7619847254953273,0
-5.484686,34,7500.17328,-100.0,-0.8446316728350012,0
-5.950731,39,7500.823356,-100.0,-0.7303252414945074,0
-6.029,36,7501.423277,-100.0,-0.7612054493308877,0
-5.701998,33,7501.972565,-100.0,-0.7087388402429747,0
-5.821996,34,7502.539513,-100.0,-0.7468098704320297,0
-5.677902,34,7503.110578,-100.0,-0.7619258547547514,0
-6.080797,40,7503.786912,-100.0,-0.6510470095141871,0
-5.591071,34,7504.353231,-100.0,-0.8071569653119546,0
-6.027515,34,7504.92239,-100.0,-0.7049176838002643,0
-6.183468,35,7505.512423,-100.0,-0.7115666833154892,0
-6.297453,38,7506.156612,-100.0,-0.7002866492247262,0
-5.593483,34,7506.723736,-100.0,-0.8744735106831777,0
-6.045904,34,7507.301511,-100.0,-0.645280552517845,0
-5.716876,32,7507.829087,-100.0,-0.7523665689799792,0
-5.821468,33,7508.394954,-100.0,-0.745233284091728,0
-5.725662,35,7508.982051,-100.0,-0.7573493039229355,0
-6.200016,37,7509.608995,-100.0,-0.692411272623008,0
-6.519684,45,7510.340619,-100.0,-0.6793862243109988,0
-6.01952,34,7510.924755,-100.0,-0.6633555062180447,0
-5.58765,33,7511.483638,-100.0,-0.7381950205816344,0
-5.656455,33,7636.26486,-100.0,-0.8364081146483134,0
-5.687707,33,7636.821988,-100.0,-0.8200230500600114,0
-6.030564,37,7637.4548,-100.0,-0.6541079285069127,0
-5.859122,32,7637.99128,-100.0,-0.7359120354391093,0
-5.87463,34,7638.566502,-100.0,-0.8375644086908178,0
-6.057143,34,7639.118958,-100.0,-0.6879336475165401,0
-5.913429,34,7639.700331,-100.0,-0.6958486007860383,0
-6.278674,39,7640.353126,-100.0,-0.6403114602956445,0
-5.520384,34,7640.91575,-100.0,-0.8567922493275807,0
-5.824772,34,7641.494167,-100.0,-0.6441570247640899,0
-5.807401,35,7642.069068,-100.0,-0.7330706294841648,0
-6.141882,38,7642.717709,-100.0,-0.6763210824041165,0
-6.084043,34,7643.290048,-100.0,-0.8147164332302822,0
-5.983659,35,7643.881789,-100.0,-0.6758297975866464,0
-5.96023,34,7644.447318,-100.0,-0.6490408486034239,0
-5.691965,33,7645.001759,-100.0,-0.8122230668312418,0
-5.790343,34,7645.56615,-100.0,-0.7080186097229219,0
-6.0739,37,7646.186708,-100.0,-0.6836614228298303,0
-5.585452,36,7646.802345,-100.0,-0.7604449612991713,0
-5.800114,33,7647.354806,-100.0,-0.6510718145553746,0
-6.137037,35,7647.943345,-100.0,-0.6890194777424508,0
-5.698919,35,7648.531747,-100.0,-0.7941211578669137,0
-5.765906,35,7649.120753,-100.0,-0.7291645299148939,0
-5.873758,33,7649.674429,-100.0,-0.7442320804903647,0
-5.394848,33,7650.218702,-100.0,-0.8576692156112314,0
-6.111598,35,7650.815064,-100.0,-0.6160209962560615,0
-5.400889,33,7651.35613,-100.0,-0.7623109798431664,0
-6.173203,33,7651.90706,-100.0,-0.5758462640547797,0
-5.731623,39,7652.585086,-100.0,-0.7464236403139181,0
-5.957928,38,7653.219664,-100.0,-0.734592721127599,0
-5.592416,33,7653.772818,-100.0,-0.7672016812092629,0
-5.617302,34,7654.339168,-100.0,-0.7338484425075062,0
-6.033892,33,7654.889419,-100.0,-0.7026848504894968,0
-5.585818,33,7655.425193,-100.0,-0.834398944341397,0
-6.207107,40,7656.126444,-100.0,-0.6599168387030399,0
-6.139085,34,7656.679634,-100.0,-0.6706614002675364,0
-6.016027,34,7657.24678,-100.0,-0.6338377018144477,0
-5.761784,33,7657.789161,-100.0,-0.7456676378915373,0
-6.142581,40,7658.479451,-100.0,-0.6551941054023979,0
-5.870296,36,7659.070563,-100.0,-0.7226284287006691,0
-5.818796,33,7659.633899,-100.0,-0.7069423377317576,0
-5.705843,35,7660.217951,-100.0,-0.8503444548822432,0
-6.177511,39,7660.876056,-100.0,-0.7287094315849021,0
-5.630871,33,7661.430605,-100.0,-0.7854818601844828,0
-5.827937,36,7662.038263,-100.0,-0.6489423244621207,0
-5.741236,33,7662.593226,-100.0,-0.5980189524746249,0
-5.62853,33,7663.135478,-100.0,-0.8424028755488344,0
-5.986878,42,7663.8475,-100.0,-0.7833702753135511,0
-5.74137,32,7664.391287,-100.0,-0.8161945279648373,0
-5.892831,34,7664.96056,-100.0,-0.6942900407984564,0
-5.888169,35,7665.544991,-100.0,-0.702392864759382,0
-5.796258,34,7666.11656,-100.0,-0.7077176386051216,0
-5.905535,34,7666.689877,-100.0,-0.7330150482145276,0
-5.789868,38,7667.327033,-100.0,-0.7702468827038015,0
-5.558834,34,7667.903626,-100.0,-0.7234120540967849,0
-5.820678,35,7668.494903,-100.0,-0.7763760877593029,0
-6.27499,34,7669.059333,-100.0,-0.6361563825291198,0
-5.740559,34,7669.63589,-100.0,-0.7650708721775774,0
-6.13486,35,7670.217794,-100.0,-0.60644097296549,0
-5.942981,35,7791.391955,-100.0,-0.6430773411675306,0
-5.750621,33,7791.938245,-100.0,-0.621405084808867,0
-5.684973,33,7792.486794,-100.0,-0.8093284023021394,0
-5.926135,40,7793.154052,-100.0,-0.7192937944073657,0
-6.014374,34,7793.730214,-100.0,-0.7008212970773795,0
-5.855232,33,7794.290193,-100.0,-0.6907944100064537,0
-6.098093,35,7794.876067,-100.0,-0.6604900921006949,0
-5.868188,35,7795.468187,-100.0,-0.7073880913039052,0
-5.553239,32,7796.007418,-100.0,-0.8530483843373454,0
-5.466266,33,7796.573334,-100.0,-0.7889848872483429,0
-5.622711,32,7797.108904,-100.0,-0.8572309529816341,0
-6.000336,33,7797.663209,-100.0,-0.70020678752816,0
-5.599447,33,7798.228016,-100.0,-0.7671764358779899,0
-6.259916,36,7798.830679,-100.0,-0.7104249689203782,0
-5.756674,33,7799.392875,-100.0,-0.748839574633347,0
-5.872867,34,7799.971144,-100.0,-0.7112245665750728,0
-6.115967,34,7800.533267,-100.0,-0.6737118329492252,0
-5.946964,33,7801.091777,-100.0,-0.6897387707045595,0
-5.364418,33,7801.649653,-100.0,-0.7970609598875358,0
-6.334408,34,7802.228606,-100.0,-0.7194843250711062,0
-5.778498,32,7802.760685,-100.0,-0.7701466679110215,0
-6.01127,33,7803.324659,-100.0,-0.6733429277526998,0
-5.875071,36,7803.918723,-100.0,-0.6468132556370461,0
-5.355746,33,7804.472831,-100.0,-0.8067403219298029,0
-5.803958,33,7805.032075,-100.0,-0.6430278986874278,0
-6.398634,32,7805.56415,-100.0,-0.6417755785588954,0
-5.897256,33,7806.12988,-100.0,-0.6761401251907054,0
-5.847345,39,7806.794862,-100.0,-0.7378565597606709,0
-6.024638,34,7807.361841,-100.0,-0.6561325970043176,0
-5.973234,44,7808.101423,-100.0,-0.7842790703848969,0
-6.004803,34,7808.66993,-100.0,-0.7037835491364618,0
-6.111067,32,7809.220926,-100.0,-0.7041141400072872,0
-5.397304,32,7809.761568,-100.0,-0.8858593618330829,0
-5.903983,33,7810.317061,-100.0,-0.693344688455192,0
-5.864688,38,7810.95865,-100.0,-0.7261038178131485,0
-6.346163,34,7811.529075,-100.0,-0.6750570699123923,0
-5.644629,33,7812.087126,-100.0,-0.7696770364756088,0
-5.620349,33,7812.624323,-100.0,-0.7021725692483075,0
-6.088037,33,7813.180477,-100.0,-0.7001052250736266,0
-5.635541,44,7813.926644,-100.0,-0.891761143265064,0
-6.115178,39,7814.565268,-100.0,-0.6625559441017584,0
-6.635698,33,7815.122121,-100.0,-0.6719868472076667,0
-5.818582,35,7815.710597,-100.0,-0.7384356131500801,0
-5.720159,32,7816.253398,-100.0,-0.84931350821492,0
-5.893028,39,7816.892534,-100.0,-0.7151952718243509,0
-5.619619,34,7817.460549,-100.0,-0.7542911651235976,0
-6.080846,40,7818.141563,-100.0,-0.6898460297418276,0
-5.911194,33,7818.690814,-100.0,-0.7587947905896689,0
-5.899315,35,7819.291429,-100.0,-0.786985444635361,0
-5.91657,37,7819.909848,-100.0,-0.6809482568685803,0
-5.923649,33,7820.459817,-100.0,-0.61458281175192,0
-6.183218,34,7821.026838,-100.0,-0.6831496475034364,0
-5.537253,32,7821.556154,-100.0,-0.8507283397512496,0
-5.958278,41,7822.233574,-100.0,-0.8080302377163026,0
-5.814526,33,7822.797964,-100.0,-0.7702557101314603,0
-6.252617,39,7823.458402,-100.0,-0.7245653948303082,0
-5.527564,37,7824.086541,-100.0,-0.7234893948248112,0
-6.200361,35,7824.680232,-100.0,-0.6825941370290352,0
-5.904005,33,7825.205587,-100.0,-0.6804833585072487,0
-6.005415,34,7954.815202,-100.0,-0.6797613471621033,0
-5.486817,35,7955.464513,-100.0,-0.8308945634273295,0
-5.502782,33,7956.068229,-100.0,-0.7773265660397206,0
-5.477259,33,7956.658621,-100.0,-0.8416128032886117,0
-5.61004,34,7957.282766,-100.0,-0.762989066053587,0
-5.865965,33,7957.885954,-100.0,-0.7045183611501644,0
-6.082384,34,7958.49914,-100.0,-0.6671749268136775,0
-5.675388,39,7959.223747,-100.0,-0.8686728267736318,0
-5.971445,34,7959.82941,-100.0,-0.7425347780557721,0
-5.728519,32,7960.405138,-100.0,-0.846498951644211,0
-5.60707,34,7961.005285,-100.0,-0.6898335358676628,0
-5.632352,34,7961.640915,-100.0,-0.7462604062756114,0
-6.015554,35,7962.282758,-100.0,-0.6953176811558316,0
-5.977899,37,7962.951822,-100.0,-0.6970415996700015,0
-5.964211,33,7963.55318,-100.0,-0.7344021074926077,0
-5.55755,32,7964.143473,-100.0,-0.7768584101193717,0
-5.361929,33,7964.74005,-100.0,-0.8890005458960321,0
-5.764524,33,7965.348697,-100.0,-0.7411346254590994,0
-5.937858,32,7965.935393,-100.0,-0.7346975227565686,0
-5.774844,34,7966.558737,-100.0,-0.8323466808569024,0
-5.882239,34,7967.169651,-100.0,-0.7199842711867154,0
-5.719262,32,7967.749773,-100.0,-0.7829864820032206,0
-5.575575,33,7968.354376,-100.0,-0.7714559181676938,0
-5.87809,34,7968.962686,-100.0,-0.7003857379208607,0
-6.29685,41,7969.72024,-100.0,-0.7387783722514453,0
-5.524807,37,7970.38365,-100.0,-0.7601558733523202,0
-5.486049,33,7970.990072,-100.0,-0.832032054023849,0
-5.920489,34,7971.601629,-100.0,-0.6978175848538117,0
-5.667273,32,7972.185881,-100.0,-0.8676127813195007,0
-5.808743,39,7972.875203,-100.0,-0.7521834528680034,0
-5.877995,33,7973.474686,-100.0,-0.6726171129719518,0
-6.249279,40,7974.200848,-100.0,-0.6518438097797459,0
-6.0103,34,7974.826189,-100.0,-0.6453915272311721,0
-6.319901,39,7975.53573,-100.0,-0.7526356853006975,0
-5.99789,33,7976.144648,-100.0,-0.6867460720388141,0
-5.599283,33,7976.743794,-100.0,-0.7242464003965398,0
-5.589858,34,7977.366054,-100.0,-0.7735727260741154,0
-5.944197,33,7977.957852,-100.0,-0.7872548585621497,0
-5.844461,37,7978.631607,-100.0,-0.6789094285504826,0
-5.876553,33,7979.21656,-100.0,-0.7080897490329919,0
-5.896983,42,7979.998554,-100.0,-0.7922661753497134,0
-6.016987,35,7980.645595,-100.0,-0.646197388726588,0
-5.711075,32,7981.2181,-100.0,-0.7834886697033021,0
-5.712718,33,7981.832319,-100.0,-0.7599974889065795,0
-5.67543,34,7982.444843,-100.0,-0.7463346175126664,0
-5.425209,34,7983.076572,-100.0,-0.8197471191125194,0
-5.70656,33,7983.667577,-100.0,-0.7796727941123316,0
-6.011512,33,7984.277806,-100.0,-0.6842717970220089,0
-5.678449,34,7984.893131,-100.0,-0.7242447285078726,0
-6.09062,36,7985.555675,-100.0,-0.8325845590007733,0
-5.465809,33,7986.166043,-100.0,-0.7805808364892255,0
-5.745846,33,7986.768571,-100.0,-0.7916045202380185,0
-5.495623,37,7987.448082,-100.0,-0.7431439959907418,0
-5.927416,34,7988.063821,-100.0,-0.7728657707144506,0
-5.423035,33,7988.671379,-100.0,-0.8130241101196466,0
-6.017808,33,7989.260858,-100.0,-0.657893091491752,0
-6.178377,33,7989.871168,-100.0,-0.6721966022129661,0
-5.789749,33,7990.465126,-100.0,-0.820696103084998,0
-6.339383,35,7991.104663,-100.0,-0.7635769543154706,0
-6.275607,35,7991.734301,-100.0,-0.7107641853707563,0
-5.589508,32,8110.647377,-100.0,-0.7240855873232706,0
-5.795136,33,8111.200123,-100.0,-0.72115009542712,0
-6.091213,33,8111.764814,-100.0,-0.7212388538477986,0
-6.342894,34,8112.330017,-100.0,-0.5968509888601422,0
-5.825515,35,8112.921268,-100.0,-0.7089815310019267,0
-6.066917,38,8113.557995,-100.0,-0.6434227788867798,0
-5.813211,32,8114.099339,-100.0,-0.767436966991266,0
-5.907495,38,8114.740868,-100.0,-0.762627952627108,0
-5.464519,33,8115.295916,-100.0,-0.7237170678097543,0
-5.932934,36,8115.915358,-100.0,-0.6554618905273083,0
-5.70188,34,8116.485986,-100.0,-0.6607939596288535,0
-6.267132,40,8117.158925,-100.0,-0.6687492728534585,0
-5.788166,35,8117.749851,-100.0,-0.7205435309610027,0
-5.362384,33,8118.312746,-100.0,-0.8114152832411613,0
-5.695486,34,8118.888035,-100.0,-0.698736266090559,0
-5.741318,34,8119.460176,-100.0,-0.7721295925747385,0
-5.747992,33,8120.009814,-100.0,-0.7188148753755049,0
-5.557024,36,8120.616722,-100.0,-0.7808761649858107,0
-5.699786,33,8121.172278,-100.0,-0.7163940417015333,0
-5.335226,32,8121.713197,-100.0,-0.8066235888449124,0
-5.652139,34,8122.293838,-100.0,-0.7113300674327857,0
-5.831173,34,8122.859686,-100.0,-0.6514535498748278,0
-5.831718,34,8123.429082,-100.0,-0.7175103244837427,0
-5.841101,43,8124.16011,-100.0,-0.7631049717443564,0
-5.374679,36,8124.758027,-100.0,-0.8045213919613945,0
-6.277322,35,8125.347182,-100.0,-0.7126410232388869,0
-5.724049,33,8125.910753,-100.0,-0.7144707459099977,0
-5.678835,34,8126.485669,-100.0,-0.7892322709714051,0
-5.551984,33,8127.040895,-100.0,-0.7927920103427764,0
-5.872194,34,8127.611722,-100.0,-0.6828755230469573,0
-5.876808,33,8128.176357,-100.0,-0.7443884085032945,0
-5.522948,33,8128.735559,-100.0,-0.7912218513477146,0
-5.980611,33,8129.29734,-100.0,-0.63371479505308,0
-5.858236,33,8129.842282,-100.0,-0.6958755961015515,0
-5.998292,33,8130.392813,-100.0,-0.7224260675607919,0
-5.52638,32,8130.935679,-100.0,-0.7687077480494454,0
-5.363038,33,8131.495479,-100.0,-0.8364082285295608,0
-5.492533,32,8132.035753,-100.0,-0.6920274458339096,0
-5.779399,34,8132.607541,-100.0,-0.6635157975897832,0
-5.824992,40,8133.298723,-100.0,-0.6301309598435685,0
-5.778984,36,8133.90556,-100.0,-0.7080885048968355,0
-5.698836,33,8134.471284,-100.0,-0.7827582975250048,0
-5.523704,32,8135.017946,-100.0,-0.8152162197833279,0
-5.759675,33,8135.574075,-100.0,-0.7144017443389433,0
-5.680861,33,8136.131644,-100.0,-0.7290345555481963,0
-5.852949,33,8136.678907,-100.0,-0.7486206592542233,0
-5.616411,33,8137.22537,-100.0,-0.7547141251115719,0
-5.833976,34,8137.801462,-100.0,-0.8371315843808892,0
-5.97611,39,8138.470503,-100.0,-0.7622979842164552,0
-5.872034,42,8139.165671,-100.0,-0.6608982768126007,0
-5.633723,32,8139.711831,-100.0,-0.8851488076653813,0
-5.530228,33,8140.268722,-100.0,-0.8353623333698239,0
-6.1454,39,8140.914055,-100.0,-0.7233907791947426,0
-5.668925,32,8141.453906,-100.0,-0.7544587323543808,0
-6.069568,38,8142.092232,-100.0,-0.7747414004135387,0
-5.75083,39,8142.725331,-100.0,-0.8265554770665511,0
-6.366337,43,8143.45939,-100.0,-0.7588209437849536,0
-5.677248,36,8144.076982,-100.0,-0.8245054913430371,0
-5.534534,33,8144.629262,-100.0,-0.765106896896959,0
-6.102492,34,8263.095933,-100.0,-0.7090010980685753,0
-5.523218,33,8263.668636,-100.0,-0.7953310274880612,0
-5.915852,34,8264.248512,-100.0,-0.7733720664999758,0
-5.473535,34,8264.818268,-100.0,-0.7333120111158702,0
-5.497453,33,8265.381706,-100.0,-0.8195919778913526,0
-6.100259,34,8265.960118,-100.0,-0.6862687774006662,0
-5.724329,33,8266.515453,-100.0,-0.7529351725259407,0
-5.559393,32,8267.063054,-100.0,-0.8193892471197334,0
-5.982182,34,8267.639342,-100.0,-0.6525684776634202,0
-5.680116,35,8268.232733,-100.0,-0.6868469375125309,0
-5.430646,32,8268.776865,-100.0,-0.882600670227552,0
-5.768978,34,8269.357389,-100.0,-0.7397301426005066,0
-5.59859,33,8269.916801,-100.0,-0.7086298383878527,0
-6.142038,34,8270.495471,-100.0,-0.6531569167508926,0
-5.323501,33,8271.062665,-100.0,-0.8335728532771282,0
-5.659123,35,8271.658773,-100.0,-0.7805408404549892,0
-5.976603,33,8272.216976,-100.0,-0.6895420519055419,0
-5.842404,33,8272.772431,-100.0,-0.6810137352867269,0
-5.935197,33,8273.341946,-100.0,-0.6350732422317505,0
-5.758607,33,8273.892323,-100.0,-0.7408989287035223,0
-6.074589,35,8274.485083,-100.0,-0.6536286173095764,0
-5.303093,33,8275.037967,-100.0,-0.7864434558561475,0
-5.910354,34,8275.614283,-100.0,-0.7079600079959325,0
-5.848405,34,8276.208737,-100.0,-0.7691326645772998,0
-5.506486,33,8276.764524,-100.0,-0.8195402142403995,0
-5.871747,34,8277.351871,-100.0,-0.6665726011298795,0
-5.960175,37,8277.971286,-100.0,-0.6337041909831923,0
-5.396297,32,8278.516698,-100.0,-0.8892547891138622,0
-5.615458,34,8279.086395,-100.0,-0.6959200736780009,0
-5.54617,32,8279.635992,-100.0,-0.7429161276649124,0
-5.524579,32,8280.180103,-100.0,-0.8286558543357061,0
-6.040555,40,8280.832371,-100.0,-0.6102734195144124,0
-5.719107,33,8281.392415,-100.0,-0.5264086088824297,0
-6.193926,32,8281.93698,-100.0,-0.7269783277253566,0
-5.787022,32,8282.475995,-100.0,-0.8062138175683019,0
-5.680942,34,8283.050066,-100.0,-0.7160814610126499,0
-5.781417,33,8283.608613,-100.0,-0.7138375042886529,0
-5.558399,32,8284.148414,-100.0,-0.9041917161990314,0
-5.557446,33,8284.715597,-100.0,-0.8024849089320457,0
-5.758669,33,8285.26919,-100.0,-0.8024586753900912,0
-5.848415,35,8285.866102,-100.0,-0.6718995685098474,0
-6.405746,35,8286.456427,-100.0,-0.6112810724171542,0
-5.754143,33,8287.019089,-100.0,-0.6105679670785754,0
-5.712401,33,8287.578318,-100.0,-0.7547980326510264,0
-5.703069,33,8288.134619,-100.0,-0.7839169214215831,0
-5.609263,32,8288.66815,-100.0,-0.789145117174167,0
-6.003183,34,8289.254669,-100.0,-0.6741762014807204,0
-5.66649,33,8289.798388,-100.0,-0.8626570490421173,0
-5.580048,34,8290.387975,-100.0,-0.8025312360700381,0
-5.750585,34,8290.957566,-100.0,-0.7560491743966385,0
-5.381096,32,8291.500542,-100.0,-0.8474614441569108,0
-5.838689,33,8292.051858,-100.0,-0.736699104185921,0
-5.725949,33,8292.607221,-100.0,-0.7807595717189385,0
-5.940919,34,8293.174155,-100.0,-0.6835249576573934,0
-5.411355,32,8293.728299,-100.0,-0.802062308807967,0
-6.019643,34,8294.305103,-100.0,-0.6545626108033316,0
-5.829147,39,8294.97011,-100.0,-0.7305904396921288,0
-5.36883,32,8295.501676,-100.0,-0.8832054493133125,0
-5.759254,34,8296.074486,-100.0,-0.7386071979279281,0
-5.936706,47,8296.876423,-100.0,-0.8462439309243868,0
-5.42625,32,8415.478988,-100.0,-0.8672383232685683,0
-5.467423,33,8416.035916,-100.0,-0.8469347675054018,0
-5.70035,33,8416.598703,-100.0,-0.7712664845848982,0
-6.183431,36,8417.203565,-100.0,-0.6721743320592218,0
-5.854969,34,8417.772116,-100.0,-0.6875784432681807,0
-5.433724,33,8418.32712,-100.0,-0.7924778119389652,0
-5.828881,33,8418.895322,-100.0,-0.7442817149484999,0
-6.021644,34,8419.467813,-100.0,-0.6757987275137528,0
-5.881751,33,8420.035741,-100.0,-0.6805278580734172,0
-6.105894,34,8420.603834,-100.0,-0.7178462900784714,0
-5.543337,37,8421.229409,-100.0,-0.7190534851732882,0
-5.585397,39,8421.881635,-100.0,-0.7472960266540812,0
-5.890663,38,8422.512199,-100.0,-0.7335354183701512,0
-5.954606,32,8423.062441,-100.0,-0.6762786513421227,0
-5.764315,34,8423.643612,-100.0,-0.7371704007913409,0
-5.85965,32,8424.193744,-100.0,-0.7826568684952738,0
-5.614427,34,8424.757146,-100.0,-0.7356696475053307,0
-5.443186,32,8425.306435,-100.0,-0.823058546436143,0
-5.550256,33,8425.867754,-100.0,-0.7015309288594217,0
-5.802594,33,8426.427335,-100.0,-0.7852686338075041,0
-5.431553,37,8427.055659,-100.0,-0.8382365955708722,0
-5.388645,33,8427.616678,-100.0,-0.8373004559935742,0
-6.028873,34,8428.188046,-100.0,-0.704818836426835,0
-5.831542,33,8428.742002,-100.0,-0.7674305857499292,0
-5.641792,33,8429.289183,-100.0,-0.7830364997527629,0
-6.154802,35,8429.900574,-100.0,-0.7066212812579468,0
-6.054371,36,8430.510754,-100.0,-0.684413659889846,0
-5.803661,34,8431.086469,-100.0,-0.6964055090859471,0
-5.516083,32,8431.613053,-100.0,-0.8382340389530656,0
-5.947718,34,8432.197302,-100.0,-0.6128938068857617,0
-5.825756,33,8432.760827,-100.0,-0.758215812987873,0
-5.459529,33,8433.324131,-100.0,-0.7998371835505834,0
-5.917941,33,8433.878084,-100.0,-0.6234149038256064,0
-5.890265,34,8434.470083,-100.0,-0.6723980493770908,0
-5.439385,34,8435.029762,-100.0,-0.7778954919251582,0
-5.359764,32,8435.579379,-100.0,-0.8714508168502944,0
-5.62237,33,8436.140457,-100.0,-0.6799958316901187,0
-5.297681,32,8436.667621,-100.0,-0.797912264183352,0
-5.763171,33,8437.229816,-100.0,-0.7089817364641471,0
-5.521816,32,8437.774899,-100.0,-0.8003080154219703,0
-5.563968,33,8438.333087,-100.0,-0.7465662466187766,0
-5.688969,33,8438.90503,-100.0,-0.7631172200904207,0
-5.835734,34,8439.468935,-100.0,-0.807823051531456,0
-5.874671,34,8440.038157,-100.0,-0.664467051029048,0
-6.051998,33,8440.58937,-100.0,-0.5418469588244272,0
-5.849535,45,8441.381132,-100.0,-0.7730501019353826,0
-5.622695,33,8441.944236,-100.0,-0.6827014454470942,0
-5.633451,33,8442.487922,-100.0,-0.7928389490166498,0
-6.144128,33,8443.044972,-100.0,-0.7149119034912831,0
-5.46795,33,8443.600105,-100.0,-0.7867297506208975,0
-5.567402,41,8444.304546,-100.0,-0.7999537581808686,0
-5.842811,33,8444.863513,-100.0,-0.637634502730782,0
-6.152759,35,8445.450906,-100.0,-0.6766941936175865,0
-5.737418,32,8445.983177,-100.0,-0.8217348376706339,0
-6.182897,34,8446.56032,-100.0,-0.6173169801484698,0
-5.739321,35,8447.161772,-100.0,-0.8180059044049508,0
-6.04051,35,8447.754093,-100.0,-0.697585853374093,0
-6.065141,34,8448.332731,-100.0,-0.6806733143499897,0
-5.754055,35,8448.920402,-100.0,-0.6893784920346546,0
-5.624881,34,8449.494314,-100.0,-0.778122431878563,0
-6.057042,34,8567.53878,-100.0,-0.695237002554007,0
-5.520172,34,8568.10385,-100.0,-0.748002543463966,0
-5.747214,33,8568.655403,-100.0,-0.735809436826313,0
-5.37413,34,8569.231613,-100.0,-0.7083687091653081,0
-5.393724,33,8569.793253,-100.0,-0.7738650539341198,0
-5.553424,33,8570.343219,-100.0,-0.7244487383849852,0
-5.54158,33,8570.905179,-100.0,-0.7741154902753079,0
-5.400923,33,8571.458657,-100.0,-0.8121719395609734,0
-5.70469,38,8572.10384,-100.0,-0.7703532295375092,0
-5.900177,33,8572.656992,-100.0,-0.7179989342998367,0
-5.664226,35,8573.25973,-100.0,-0.7664749059361269,0
-5.900193,33,8573.81061,-100.0,-0.665345774006518,0
-5.736759,33,8574.378482,-100.0,-0.740661919148492,0
-5.364689,34,8574.949678,-100.0,-0.8262674611759844,0
-5.788617,34,8575.525498,-100.0,-0.7721138623333094,0
-5.42204,37,8576.162895,-100.0,-0.7932428954905599,0
-5.607655,34,8576.730914,-100.0,-0.7589132375029339,0
-5.606322,35,8577.33281,-100.0,-0.727912103471241,0
-5.608023,35,8577.927086,-100.0,-0.7825743693239019,0
-5.353648,33,8578.491438,-100.0,-0.7813690905609394,0
-5.777633,33,8579.051446,-100.0,-0.6651111824881448,0
-5.570823,34,8579.621284,-100.0,-0.8456433695591207,0
-5.712593,32,8580.169031,-100.0,-0.773602188459802,0
-5.829545,34,8580.74956,-100.0,-0.6985264726795118,0
-5.796254,33,8581.31566,-100.0,-0.762067518519608,0
-5.594753,34,8581.891411,-100.0,-0.7357816911162564,0
-5.614772,33,8582.443137,-100.0,-0.7027067364927885,0
-5.885626,40,8583.121669,-100.0,-0.6877866058932081,0
-5.631577,38,8583.763841,-100.0,-0.7198561345951457,0
-5.808316,41,8584.455411,-100.0,-0.7147753500608733,0
-6.084739,33,8585.025256,-100.0,-0.7352921613854335,0
-5.748555,33,8585.58303,-100.0,-0.725344039738708,0
-5.627004,33,8586.150141,-100.0,-0.6720690737869373,0
-5.898919,33,8586.718064,-100.0,-0.6302475155470105,0
-5.908687,35,8587.310622,-100.0,-0.6665137862260159,0
-5.662593,35,8587.896382,-100.0,-0.8210542140569236,0
-5.768849,33,8588.456833,-100.0,-0.725800708533391,0
-5.608191,33,8589.01407,-100.0,-0.7119691958481965,0
-5.969999,33,8589.575423,-100.0,-0.7740803454050521,0
-5.481956,33,8590.122105,-100.0,-0.8261030948041869,0
-5.644249,33,8590.692626,-100.0,-0.8074234205771262,0
-5.685442,33,8591.236005,-100.0,-0.8125198573536903,0
-5.54499,33,8591.805175,-100.0,-0.7757164694395254,0
-5.6621,33,8592.361957,-100.0,-0.7602518704432903,0
-5.601157,34,8592.945575,-100.0,-0.8573105594540876,0
-5.715402,33,8593.512302,-100.0,-0.7568613005837138,0
-5.766718,34,8594.092424,-100.0,-0.6947269163813244,0
-5.726636,33,8594.649035,-100.0,-0.782790129565053,0
-5.979057,34,8595.232599,-100.0,-0.7084212500449643,0
-5.326162,32,8595.769084,-100.0,-0.7807962815903464,0
-5.534114,33,8596.323615,-100.0,-0.8413818598732862,0
-5.42521,33,8596.88344,-100.0,-0.753379644529874,0
-5.895852,33,8597.445129,-100.0,-0.6577629199261283,0
-5.959842,35,8598.0374,-100.0,-0.7052272693782046,0
-5.56683,34,8598.601651,-100.0,-0.8218441149693912,0
-6.116754,38,8599.270673,-100.0,-0.645707986918385,0
-5.550119,40,8599.937923,-100.0,-0.8359034948994215,0
-5.694981,38,8600.575396,-100.0,-0.6795377469281426,0
-5.479397,34,8601.344936,-100.0,-0.7730337978396096,0
-5.989,34,8601.927606,-100.0,-0.6945295428154487,0
-5.784679,33,8717.627187,-100.0,-0.7243207077120447,0
-5.390633,33,8718.191151,-100.0,-0.8945138049521306,0
-6.032453,35,8718.788892,-100.0,-0.6546364754870284,0
-5.776069,33,8719.356437,-100.0,-0.6561733701683451,0
-5.52181,32,8719.90163,-100.0,-0.831582852285871,0
-5.708373,33,8720.46071,-100.0,-0.6684312459296261,0
-5.462856,33,8721.03051,-100.0,-0.8792866321836962,0
-5.86482,33,8721.589699,-100.0,-0.6898760274654753,0
-5.95237,34,8722.163487,-100.0,-0.651145922636445,0
-5.45601,36,8722.769219,-100.0,-0.8923980800805509,0
-5.486791,33,8723.340624,-100.0,-0.7351124398039073,0
-5.363542,32,8723.882448,-100.0,-0.8221149466056232,0
-5.786502,35,8724.482278,-100.0,-0.7749987937330014,0
-5.50593,36,8725.089661,-100.0,-0.8868028092804539,0
-5.751553,33,8725.641068,-100.0,-0.7130857705889342,0
-5.605241,34,8726.225236,-100.0,-0.7636983153818416,0
-5.857832,33,8726.773918,-100.0,-0.6574015502018574,0
-5.377225,32,8727.324702,-100.0,-0.8161491207220832,0
-5.893216,34,8727.901864,-100.0,-0.6664429452890227,0
-5.980346,43,8728.63379,-100.0,-0.6998095598478034,0
-5.957875,33,8729.194741,-100.0,-0.6705972421844394,0
-5.739111,37,8729.811358,-100.0,-0.7009574383709957,0
-5.967932,34,8730.389022,-100.0,-0.6777630835618654,0
-5.972442,33,8730.941233,-100.0,-0.6763901518092083,0
-5.42512,32,8731.487095,-100.0,-0.803415360421303,0
-5.662281,33,8732.047582,-100.0,-0.815692792521634,0
-5.698051,43,8732.795696,-100.0,-0.8175474889765749,0
-5.863892,35,8733.386224,-100.0,-0.7040015059587915,0
-5.828072,34,8733.957959,-100.0,-0.659849476944174,0
-5.866149,33,8734.531356,-100.0,-0.6855572571216629,0
-5.525474,32,8735.07885,-100.0,-0.8002012903955911,0
-5.289844,33,8735.622303,-100.0,-0.8699938529388224,0
-6.001988,34,8736.201778,-100.0,-0.6997800714461463,0
-5.739511,33,8736.757597,-100.0,-0.6738633123320508,0
-5.356673,32,8737.305714,-100.0,-0.8229613988929352,0
-5.590739,38,8737.951688,-100.0,-0.7718490960763145,0
-5.659796,33,8738.514145,-100.0,-0.7723553548047364,0
-5.594314,33,8739.076886,-100.0,-0.7531634621978828,0
-5.734245,33,8739.625453,-100.0,-0.7440788685695671,0
-5.455864,32,8740.176272,-100.0,-0.8045652772255545,0
-5.371691,33,8740.730397,-100.0,-0.7996777722736899,0
-6.036411,34,8741.311519,-100.0,-0.6376068077577024,0
-5.700788,33,8741.874152,-100.0,-0.7825974471049048,0
-5.950997,33,8742.435231,-100.0,-0.712130852085023,0
-6.1419,39,8743.097672,-100.0,-0.7216205786941292,0
-5.982935,33,8743.663562,-100.0,-0.6547677646091933,0
-5.449166,33,8744.227142,-100.0,-0.7569136866336853,0
-5.926755,35,8744.810454,-100.0,-0.6702013498799974,0
-5.412917,32,8745.366893,-100.0,-0.7790779454157439,0
-5.963755,47,8746.138571,-100.0,-0.7361749575074084,0
-5.360367,32,8746.689226,-100.0,-0.8872510091145182,0
-5.812066,33,8747.250902,-100.0,-0.8033811312072368,0
-5.704169,33,8747.815899,-100.0,-0.8126478062112162,0
-5.698149,33,8748.371084,-100.0,-0.7433394386452814,0
-5.418738,32,8748.927398,-100.0,-0.8356894987921221,0
-5.807925,34,8749.505628,-100.0,-0.6734758089427231,0
-5.7374,33,8750.057344,-100.0,-0.6855140967827367,0
-5.487591,32,8750.603279,-100.0,-0.8561592228609235,0
-5.600304,39,8751.262596,-100.0,-0.8030059095835683,0
-5.902231,40,8751.936908,-100.0,-0.7254625386876575,0
-5.606474,33,8869.88735,-100.0,-0.7556197908279976,0
-6.079551,33,8870.451351,-100.0,-0.6902896989884121,0
-5.531632,33,8871.025408,-100.0,-0.8269199838498894,0
-5.591933,33,8871.585486,-100.0,-0.7686282896380954,0
-5.585244,33,8872.157807,-100.0,-0.7487078775002873,0
-6.047134,41,8872.833577,-100.0,-0.6828587947439383,0
-5.82057,33,8873.400001,-100.0,-0.6900773076048823,0
-5.736574,36,8874.009173,-100.0,-0.7126336332731963,0
-6.176739,35,8874.608202,-100.0,-0.7584547435934393,0
-5.736161,34,8875.189127,-100.0,-0.7657111564370787,0
-5.767977,33,8875.756392,-100.0,-0.7036398127078007,0
-5.209696,32,8876.297358,-100.0,-0.8634539134278749,0
-5.62164,33,8876.8546,-100.0,-0.7885940122940129,0
-5.76102,34,8877.437091,-100.0,-0.7365001232764445,0
-5.504664,33,8877.99852,-100.0,-0.8235402266395041,0
-5.694694,37,8878.624295,-100.0,-0.7445773524295002,0
-5.665244,33,8879.18877,-100.0,-0.7998260777986729,0
-5.877712,33,8879.756708,-100.0,-0.6176247936446401,0
-6.013814,33,8880.313163,-100.0,-0.7367094994755669,0
-5.580094,32,8880.86542,-100.0,-0.7932555570974088,0
-5.506807,35,8881.461073,-100.0,-0.7658867163275921,0
-5.910781,34,8882.036734,-100.0,-0.6514343875329484,0
-5.581028,33,8882.6042,-100.0,-0.7396641084579735,0
-5.710396,34,8883.1789,-100.0,-0.7942766140843118,0
-5.805669,33,8883.747599,-100.0,-0.7489695317260089,0
-6.061485,35,8884.339923,-100.0,-0.6496296986915742,0
-5.256811,32,8884.881939,-100.0,-0.8560300507225432,0
-5.28994,32,8885.431903,-100.0,-0.5415127915386211,0
-5.666114,32,8885.981929,-100.0,-0.7432663830864198,0
-5.459996,33,8886.545243,-100.0,-0.7910651906877348,0
-5.894596,33,8887.106174,-100.0,-0.6671328625653695,0
-5.662777,34,8887.693784,-100.0,-0.7325058994262382,0
-5.551114,33,8888.252455,-100.0,-0.839185672875998,0
-5.511759,33,8888.822072,-100.0,-0.8597708318549627,0
-5.82769,41,8889.506212,-100.0,-0.799785149015878,0
-5.949068,40,8890.18333,-100.0,-0.6169507780604548,0
-5.728161,39,8890.845142,-100.0,-0.7457738725201118,0
-5.782675,34,8891.422487,-100.0,-0.7100067694791118,0
-5.64817,33,8891.986516,-100.0,-0.7064625832101706,0
-5.449339,33,8892.544831,-100.0,-0.7826149894691072,0
-5.60996,33,8893.108033,-100.0,-0.7450472076701603,0
-5.784132,35,8893.691409,-100.0,-0.6240108362067884,0
-5.578161,34,8894.266261,-100.0,-0.7492826679138137,0
-5.620418,33,8894.823497,-100.0,-0.7178758163922655,0
-5.691607,34,8895.408764,-100.0,-0.7101208737124575,0
-5.885109,35,8896.012182,-100.0,-0.6795334526867615,0
-5.69187,34,8896.587289,-100.0,-0.7050072295964283,0
-5.863662,34,8897.176631,-100.0,-0.6989744441902567,0
-5.4326,33,8897.73339,-100.0,-0.7830946171344818,0
-5.472326,33,8898.292742,-100.0,-0.7726863094518741,0
-5.859441,33,8898.848736,-100.0,-0.7403590779133562,0
-5.461833,32,8899.390631,-100.0,-0.8566349010229399,0
-5.503228,36,8900.01314,-100.0,-0.8841907848923837,0
-5.448948,34,8900.581622,-100.0,-0.6944485690530703,0
-5.613883,32,8901.136246,-100.0,-0.8091092265142532,0
-5.890299,33,8901.680825,-100.0,-0.6823448299481464,0
-6.328318,36,8902.296927,-100.0,-0.7431664654663374,0
-5.599411,33,8902.849515,-100.0,-0.7983739458991133,0
-5.997271,34,8903.423681,-100.0,-0.6601625173218874,0
-5.729503,33,8903.979721,-100.0,-0.8131422755144905,0
-5.899096,40,9019.238607,-100.0,-0.7097668193607607,0
-5.301692,32,9019.779285,-100.0,-0.8601249862103789,0
-5.761702,34,9020.360448,-100.0,-0.6622758824122016,0
-5.515983,33,9020.92475,-100.0,-0.8406916433205917,0
-5.774174,33,9021.498123,-100.0,-0.691100608672008,0
-5.356922,33,9022.051132,-100.0,-0.746939243275397,0
-5.558388,36,9022.653766,-100.0,-0.7224625993409868,0
-5.633993,33,9023.217671,-100.0,-0.7859652604046022,0
-5.399241,33,9023.777345,-100.0,-0.8275547084750828,0
-5.472202,32,9024.317015,-100.0,-0.807095724651348,0
-5.522258,32,9024.860584,-100.0,-0.8078221539271779,0
-5.426235,32,9025.395265,-100.0,-0.8828131231294581,0
-5.896558,33,9025.958459,-100.0,-0.6743572109731965,0
-6.207127,34,9026.538295,-100.0,-0.645807524119918,0
-5.90646,32,9027.073869,-100.0,-0.7666702029831581,0
-5.931271,34,9027.6559,-100.0,-0.7193739264883736,0
-5.329177,33,9028.214359,-100.0,-0.8766019693670303,0
-5.697188,35,9028.824673,-100.0,-0.8985014593939276,0
-5.712436,42,9029.529068,-100.0,-0.6417028968152045,0
-6.277274,36,9030.145151,-100.0,-0.6051310946428294,0
-6.062456,35,9030.749257,-100.0,-0.7092326137215066,0
-5.601029,33,9031.314004,-100.0,-0.7907962394382508,0
-5.734285,33,9031.858875,-100.0,-0.7376585227951197,0
-5.572043,33,9032.415702,-100.0,-0.788892711164781,0
-5.814712,36,9033.041454,-100.0,-0.7087492214239683,0
-5.454485,32,9033.552418,-100.0,-0.8410163590152611,0
-5.756855,35,9034.152398,-100.0,-0.7246816658660934,0
-6.048316,34,9034.7366,-100.0,-0.685365824921172,0
-5.578602,34,9035.318566,-100.0,-0.7266222468455873,0
-6.109949,33,9035.882694,-100.0,-0.7266765317716485,0
-5.97117,46,9036.675797,-100.0,-0.7966410013899677,0
-5.750489,35,9037.257292,-100.0,-0.7078545272365638,0
-5.607352,32,9037.808602,-100.0,-0.7571212174587026,0
-5.662056,35,9038.39764,-100.0,-0.7454066399731932,0
-5.304376,32,9038.952326,-100.0,-0.8573234124420148,0
-5.914472,33,9039.502835,-100.0,-0.7129280986690903,0
-6.249741,41,9040.21236,-100.0,-0.7162618600108162,0
-6.055155,37,9040.838922,-100.0,-0.8307825468631979,0
-5.588895,41,9041.532426,-100.0,-0.684931579820134,0
-5.547191,33,9042.095284,-100.0,-0.78796043421056,0
-5.747597,35,9042.682073,-100.0,-0.7065161060142655,0
-6.033979,33,9043.249711,-100.0,-0.7500103733915217,0
-6.04459,34,9043.823566,-100.0,-0.6984900765690304,0
-5.749416,33,9044.389844,-100.0,-0.6461314840626008,0
-5.474185,34,9044.975241,-100.0,-0.7872792143820463,0
-5.654461,33,9045.5287,-100.0,-0.7081910468045977,0
-5.486604,33,9046.091196,-100.0,-0.8050517085241302,0
-5.599589,33,9046.647918,-100.0,-0.7121147466333752,0
-5.450187,38,9047.303502,-100.0,-0.8142443811852775,0
-5.907983,33,9047.864214,-100.0,-0.7010220607693112,0
-6.001869,36,9048.477154,-100.0,-0.7155759703323463,0
-5.655022,42,9049.382889,-100.0,-0.7650435904223237,0
-6.068017,44,9050.107941,-100.0,-0.6846270267164624,0
-5.621598,33,9050.675988,-100.0,-0.6977779354204572,0
-5.894378,33,9051.234008,-100.0,-0.704464099501972,0
-5.464642,32,9051.787973,-100.0,-0.8272167664157819,0
-5.704477,33,9052.355934,-100.0,-0.7030355850274562,0
-5.548299,34,9052.93306,-100.0,-0.6878436214254439,0
-5.970274,35,9053.520562,-100.0,-0.6574201892141575,0
-5.630042,33,9054.084065,-100.0,-0.705496058339603,0
-5.749745,33,9171.501513,-100.0,-0.7156778184033075,0
-5.886321,35,9172.098276,-100.0,-0.7173493060621502,0
-5.584225,34,9172.669564,-100.0,-0.7998694925124197,0
-5.958841,32,9173.228239,-100.0,-0.7476024330989882,0
-5.952583,34,9173.80535,-100.0,-0.6794384461563111,0
-5.477684,33,9174.367568,-100.0,-0.724172939691494,0
-5.801824,33,9174.931058,-100.0,-0.6417541316920103,0
-5.870462,35,9175.533605,-100.0,-0.6562430999685329,0
-5.758139,34,9176.104404,-100.0,-0.6720233725048543,0
-5.382057,33,9176.67519,-100.0,-0.784109253262011,0
-5.546917,33,9177.234399,-100.0,-0.7984741456084448,0
-5.692084,33,9177.796902,-100.0,-0.7187431843829984,0
-5.898421,33,9178.357694,-100.0,-0.6960247033793407,0
-5.893543,33,9178.928764,-100.0,-0.679827318275555,0
-6.182839,41,9179.621039,-100.0,-0.6686483264921851,0
-5.595733,33,9180.178525,-100.0,-0.7396317888499263,0
-5.966271,44,9180.929018,-100.0,-0.7109574901035447,0
-5.877438,34,9181.502399,-100.0,-0.7232871446894495,0
-5.257895,33,9182.060633,-100.0,-0.8811833968229259,0
-5.729659,34,9182.639337,-100.0,-0.6481699390296525,0
-5.530401,33,9183.210992,-100.0,-0.6976075603653166,0
-5.871128,34,9183.791666,-100.0,-0.6451671234974979,0
-5.723846,34,9184.376136,-100.0,-0.6688001723476822,0
-5.810693,33,9184.951171,-100.0,-0.7031475163037872,0
-6.041371,35,9185.553825,-100.0,-0.6410542321377926,0
-5.801465,33,9186.122175,-100.0,-0.6905479737095791,0
-5.735504,33,9186.672518,-100.0,-0.6934813958622636,0
-5.546288,33,9187.238444,-100.0,-0.8058176400193704,0
-5.340595,34,9187.806427,-100.0,-0.7994795687195353,0
-5.5816,32,9188.363532,-100.0,-0.7918656465806727,0
-5.761045,33,9188.922358,-100.0,-0.6792440352110358,0
-5.424965,34,9189.508891,-100.0,-0.7360407841547971,0
-5.614055,35,9190.096791,-100.0,-0.827174022261563,0
-5.808116,33,9190.661543,-100.0,-0.7288187505999729,0
-5.337001,33,9191.217597,-100.0,-0.6947672144439149,0
-5.348591,32,9191.762549,-100.0,-0.8065427111096011,0
-6.090665,35,9192.360704,-100.0,-0.6278569301447157,0
-6.123052,36,9192.978893,-100.0,-0.6474362598828325,0
-5.430957,33,9193.538939,-100.0,-0.8187334316134036,0
-5.616029,36,9194.155299,-100.0,-0.7422916370356406,0
-5.715991,33,9194.725671,-100.0,-0.7218596271080903,0
-5.850367,34,9195.302797,-100.0,-0.6362888141317119,0
-5.418405,33,9195.873168,-100.0,-0.8090154039890488,0
-5.343762,34,9196.44103,-100.0,-0.8130409350042909,0
-5.650091,33,9197.00509,-100.0,-0.6909857989855694,0
-5.416472,33,9197.566105,-100.0,-0.8493885968432466,0
-5.347278,35,9198.168392,-100.0,-0.718948751620107,0
-5.740058,35,9198.780123,-100.0,-0.6980346728832432,0
-5.977544,34,9199.347085,-100.0,-0.7113230464080847,0
-6.49783,36,9199.96517,-100.0,-0.7131541912721785,0
-5.538988,36,9200.56284,-100.0,-0.7416135506550297,0
-5.64611,32,9201.118776,-100.0,-0.7666599317700846,0
-5.471773,33,9201.684565,-100.0,-0.7365252088887425,0
-5.315125,32,9202.243661,-100.0,-0.841403346870446,0
-5.864547,32,9202.786376,-100.0,-0.7335721547823241,0
-5.247305,32,9203.342773,-100.0,-0.8541564131110972,0
-5.913561,37,9203.963565,-100.0,-0.7189290465848727,0
-5.618119,35,9204.556426,-100.0,-0.7715080568544762,0
-5.714196,33,9205.128181,-100.0,-0.6897416897583644,0
-5.944051,33,9205.695179,-100.0,-0.6613015447259484,0
-5.653943,34,9323.298257,-100.0,-0.6673533391258982,0
-5.744971,34,9323.876714,-100.0,-0.7041863052378967,0
-5.965594,34,9324.452453,-100.0,-0.6562850120655643,0
-5.588335,34,9325.043042,-100.0,-0.7610135297350064,0
-5.287578,34,9325.624486,-100.0,-0.8217986458689669,0
-5.473201,33,9326.19654,-100.0,-0.7857342054608752,0
-5.293146,32,9326.730199,-100.0,-0.8647459958649306,0
-5.289583,33,9327.299781,-100.0,-0.8063767089557891,0
-5.778282,33,9327.860689,-100.0,-0.7138855537761961,0
-5.883447,33,9328.435563,-100.0,-0.6827467302378706,0
-5.738376,33,9329.000193,-100.0,-0.6865397735107993,0
-5.413833,33,9329.564819,-100.0,-0.834418253244962,0
-5.704298,38,9330.209202,-100.0,-0.6897125603337124,0
-5.708075,33,9330.774271,-100.0,-0.7429574209618733,0
-5.574815,33,9331.335142,-100.0,-0.8049888645441934,0
-5.867698,33,9331.896084,-100.0,-0.6823807418533635,0
-5.816189,33,9332.453055,-100.0,-0.6862864368893807,0
-5.609496,33,9333.025759,-100.0,-0.7136096321432598,0
-5.848055,34,9333.604669,-100.0,-0.6518683603578639,0
-5.455589,33,9334.168301,-100.0,-0.6938433045344579,0
-6.079348,35,9334.785891,-100.0,-0.6558740599541262,0
-6.114382,36,9335.392985,-100.0,-0.6639509029340422,0
-5.587425,34,9335.970318,-100.0,-0.7842180226396337,0
-5.492257,33,9336.532916,-100.0,-0.736423690806451,0
-5.340755,32,9337.0738,-100.0,-0.8376370959131284,0
-6.093284,35,9337.668082,-100.0,-0.6794481914599965,0
-5.702261,41,9338.381689,-100.0,-0.6958328254222074,0
-5.887344,33,9338.943659,-100.0,-0.7302140895238294,0
-5.832577,35,9339.536884,-100.0,-0.7302082877138275,0
-5.414395,34,9340.118406,-100.0,-0.7718868010596328,0
-5.629048,33,9340.682661,-100.0,-0.6534164952856392,0
-5.507031,34,9341.260803,-100.0,-0.7222165820093791,0
-5.478129,33,9341.83027,-100.0,-0.7584961339940329,0
-5.384111,33,9342.395632,-100.0,-0.7420224686281686,0
-5.546146,34,9342.978289,-100.0,-0.783603254541023,0
-6.076336,35,9343.583593,-100.0,-0.6360107714215089,0
-5.484762,33,9344.143779,-100.0,-0.8295810335134636,0
-5.456732,33,9344.70766,-100.0,-0.725345227191286,0
-5.755478,33,9345.264576,-100.0,-0.6526984005517427,0
-5.631482,34,9345.853619,-100.0,-0.7775265301681531,0
-6.165406,32,9346.389096,-100.0,-0.67439131341457,0
-5.740794,33,9346.955878,-100.0,-0.7456460741471916,0
-5.6441,34,9347.531852,-100.0,-0.7515834376914688,0
-5.985929,34,9348.11517,-100.0,-0.6698054613497364,0
-5.754874,35,9348.723984,-100.0,-0.7118885665862887,0
-5.726689,34,9349.303769,-100.0,-0.675761669192349,0
-5.761603,36,9349.905524,-100.0,-0.7190617465962601,0
-5.65509,33,9350.468349,-100.0,-0.6660600053587279,0
-5.900365,39,9351.154303,-100.0,-0.6723555550249628,0
-5.959655,35,9351.737561,-100.0,-0.6432159943923678,0
-5.381039,33,9352.301625,-100.0,-0.7691331121979059,0
-5.6981,33,9352.864448,-100.0,-0.7337490233572235,0
-5.880783,33,9353.431888,-100.0,-0.662338463172378,0
-5.510365,33,9353.982353,-100.0,-0.7270314431790168,0
-5.539272,33,9354.545384,-100.0,-0.7462597424705402,0
-5.591268,33,9355.122818,-100.0,-0.7369660496521371,0
-5.549116,32,9355.661777,-100.0,-0.7761693881595941,0
-5.391701,33,9356.222507,-100.0,-0.7653620443929607,0
-5.885055,35,9356.821806,-100.0,-0.6852803459228788,0
-5.739051,34,9357.41169,-100.0,-0.625407794113259,0
-5.481944,34,9472.885323,-100.0,-0.7234942670110797,0
-5.786242,35,9473.489347,-100.0,-0.7263127545683827,0
-6.14024,33,9474.054726,-100.0,-0.7074901760704561,0
-5.869383,33,9474.623067,-100.0,-0.6920284889686908,0
-5.670875,33,9475.176232,-100.0,-0.7644062807569915,0
-5.213926,32,9475.712954,-100.0,-0.8770950112532094,0
-5.579354,32,9476.268365,-100.0,-0.7881358006382984,0
-5.354515,32,9476.808828,-100.0,-0.8693697646117939,0
-5.73094,34,9477.389282,-100.0,-0.7088740152935613,0
-5.715044,33,9477.946441,-100.0,-0.742923408423592,0
-5.628256,34,9478.523664,-100.0,-0.6837692482290131,0
-5.892152,33,9479.082682,-100.0,-0.6688335322146497,0
-5.357273,36,9479.708246,-100.0,-0.791869668490665,0
-5.578954,33,9480.266659,-100.0,-0.7802975123321128,0
-5.66326,32,9480.801891,-100.0,-0.7342192857495198,0
-5.541096,33,9481.353143,-100.0,-0.7720765800481538,0
-5.448588,35,9481.971865,-100.0,-0.7074645300585303,0
-5.36666,33,9482.537655,-100.0,-0.8368541843331592,0
-5.405335,32,9483.07366,-100.0,-0.7664055658076642,0
-5.294096,34,9483.660676,-100.0,-0.8240109449062961,0
-5.967091,34,9484.248471,-100.0,-0.7050548697246333,0
-5.919126,36,9484.886654,-100.0,-0.6870712421403025,0
-5.613624,33,9485.445974,-100.0,-0.7289038861417247,0
-5.63948,32,9485.995843,-100.0,-0.8061456137520072,0
-5.844918,33,9486.55659,-100.0,-0.6906278620160189,0
-5.144769,33,9487.113354,-100.0,-0.8451310079754353,0
-5.955926,34,9487.691808,-100.0,-0.6731883773394512,0
-5.684743,34,9488.267556,-100.0,-0.7845791578033927,0
-5.542669,32,9488.806424,-100.0,-0.8310767201564113,0
-5.323561,32,9489.348021,-100.0,-0.8622927143637894,0
-5.942699,33,9489.912207,-100.0,-0.6683331993499673,0
-5.419738,33,9490.478243,-100.0,-0.7771372543657173,0
-5.560162,33,9491.050165,-100.0,-0.8310419709810877,0
-5.978861,33,9491.612252,-100.0,-0.6507459766000244,0
-5.666963,33,9492.176922,-100.0,-0.6537423495426625,0
-5.456641,34,9492.758969,-100.0,-0.7374544860606747,0
-5.826971,34,9493.349765,-100.0,-0.7158408349385628,0
-5.179322,33,9493.912516,-100.0,-0.8095707712750089,0
-5.660307,33,9494.470456,-100.0,-0.7378395182467337,0
-5.826731,34,9495.040975,-100.0,-0.7080808634414836,0
-5.838328,33,9495.602039,-100.0,-0.779399189144746,0
-5.43151,33,9496.169096,-100.0,-0.8218987719369703,0
-5.253258,32,9496.71715,-100.0,-0.884467338503886,0
-5.388018,32,9497.25689,-100.0,-0.8571524523960923,0
-5.365465,33,9498.023686,-100.0,-0.8240985844495756,0
-5.603596,34,9498.603712,-100.0,-0.6900131812266108,0
-5.828627,33,9499.16665,-100.0,-0.7403308897606792,0
-5.452392,33,9499.737177,-100.0,-0.8459926068246002,0
-5.500725,35,9500.336071,-100.0,-0.8209872941964442,0
-5.269992,32,9500.883899,-100.0,-0.8496836685567083,0
-5.223594,32,9501.425776,-100.0,-0.7717053773521722,0
-5.667783,34,9502.013981,-100.0,-0.6682635643777562,0
-5.761686,35,9502.616003,-100.0,-0.7415609030056407,0
-5.233026,32,9503.16156,-100.0,-0.8086819991024844,0
-5.843824,34,9503.737912,-100.0,-0.74635452745576,0
-5.817492,34,9504.317688,-100.0,-0.6926662100054519,0
-5.94057,35,9504.901713,-100.0,-0.846981692204984,0
-5.490605,33,9505.463952,-100.0,-0.8034500287262892,0
-5.43623,33,9506.029553,-100.0,-0.8124433792971701,0
-5.738167,33,9506.599209,-100.0,-0.6957853724737761,0
-5.729823,34,9507.181914,-100.0,-0.7546912810301489,0
-5.443304,32,9507.734013,-100.0,-0.8302813331863381,0
-5.683598,33,9624.553649,-100.0,-0.7269916325936309,0
-5.587562,33,9625.114382,-100.0,-0.6777909571631681,0
-5.813689,33,9625.683412,-100.0,-0.6582419087750427,0
-5.745556,33,9626.240349,-100.0,-0.7108489166476222,0
-5.754174,34,9626.820573,-100.0,-0.6884061600411635,0
-5.504138,33,9627.381255,-100.0,-0.7673778916112334,0
-5.821501,35,9627.984519,-100.0,-0.6611185155558406,0
-5.448622,33,9628.550954,-100.0,-0.7725423062463261,0
-5.805451,33,9629.107544,-100.0,-0.6761983151666003,0
-5.850947,33,9629.675996,-100.0,-0.6242786849577387,0
-5.718305,34,9630.253431,-100.0,-0.6506655714391711,0
-5.739887,33,9630.821145,-100.0,-0.7256106431419674,0
-5.52762,33,9631.382872,-100.0,-0.7165298180605616,0
-5.910883,33,9631.951261,-100.0,-0.6942836113065644,0
-5.944337,35,9632.541962,-100.0,-0.6659062489311891,0
-5.66395,33,9633.115066,-100.0,-0.7402594293003459,0
-5.331384,32,9633.656987,-100.0,-0.872648774982733,0
-6.158439,33,9634.223571,-100.0,-0.685630897166091,0
-5.270886,33,9634.787168,-100.0,-0.7844751927895416,0
-5.793409,33,9635.348085,-100.0,-0.6568663192314177,0
-5.777713,35,9635.953546,-100.0,-0.7261039985497661,0
-5.666809,34,9636.528713,-100.0,-0.7215059164056472,0
-5.599389,33,9637.09488,-100.0,-0.7353865827521711,0
-5.477803,35,9637.685976,-100.0,-0.705582268766638,0
-5.649901,39,9638.350929,-100.0,-0.6997622600611608,0
-5.473524,33,9638.912734,-100.0,-0.7980074811616082,0
-5.595958,33,9639.476715,-100.0,-0.6979576082382704,0
-5.322574,33,9640.04128,-100.0,-0.8312474608652439,0
-5.568446,33,9640.605297,-100.0,-0.7407327803566583,0
-5.622224,33,9641.170041,-100.0,-0.6453988297877841,0
-5.410364,38,9641.819591,-100.0,-0.7895390894115922,0
-5.686793,44,9642.563215,-100.0,-0.7729280768026283,0
-5.232112,33,9643.127648,-100.0,-0.7907636167690695,0
-5.690917,33,9643.680667,-100.0,-0.7434174426794348,0
-5.726865,33,9644.244791,-100.0,-0.6804101749322933,0
-5.860281,35,9644.857385,-100.0,-0.6909640152407811,0
-5.714539,32,9645.396481,-100.0,-0.7789383583676837,0
-5.730833,35,9645.978468,-100.0,-0.6778452503080997,0
-5.858975,45,9646.755465,-100.0,-0.8708042809964026,0
-5.987743,34,9647.341865,-100.0,-0.650072664150732,0
-5.925751,34,9647.920302,-100.0,-0.6770040162332482,0
-5.251548,32,9648.460752,-100.0,-0.8270378112022972,0
-5.413268,33,9649.022694,-100.0,-0.7777039648404529,0
-5.354511,33,9649.590268,-100.0,-0.7634252675742711,0
-5.455357,33,9650.148379,-100.0,-0.6891197540274391,0
-5.249311,33,9650.71247,-100.0,-0.7906489003054216,0
-5.317015,33,9651.280555,-100.0,-0.8173888745614675,0
-5.864642,33,9651.847167,-100.0,-0.6469666746805384,0
-5.824747,33,9652.416212,-100.0,-0.6922308660970263,0
-5.484147,35,9653.005066,-100.0,-0.7987555135460961,0
-5.518424,32,9653.558666,-100.0,-0.7490683922461118,0
-5.820527,36,9654.164848,-100.0,-0.7778891140704771,0
-5.621816,40,9654.844915,-100.0,-0.6781382054202768,0
-5.296649,34,9655.420314,-100.0,-0.7050566138491368,0
-5.49101,33,9655.986296,-100.0,-0.7846866757608595,0
-6.337739,34,9656.556826,-100.0,-0.6511532754837329,0
-5.552813,34,9657.148943,-100.0,-0.7332789710551695,0
-5.32954,34,9657.731232,-100.0,-0.7910691421219643,0
-5.188136,32,9658.276439,-100.0,-0.7718505473642937,0
-5.81063,33,9658.845615,-100.0,-0.7023402425789921,0
-5.817497,34,9773.641351,-100.0,-0.6831802072918689,0
-5.745419,34,9774.227297,-100.0,-0.7021934762325818,0
-5.942609,33,9774.792533,-100.0,-0.6474206466391595,0
-5.856573,33,9775.357468,-100.0,-0.701816177585537,0
-5.512804,33,9775.924816,-100.0,-0.7422724427546687,0
-5.534491,33,9776.492594,-100.0,-0.7230763966971387,0
-5.488881,35,9777.082876,-100.0,-0.7538574576110137,0
-5.636509,34,9777.652863,-100.0,-0.7195500643156794,0
-5.239244,34,9778.237165,-100.0,-0.8485230461826254,0
-5.833406,34,9778.810934,-100.0,-0.700965846985544,0
-5.26059,33,9779.378894,-100.0,-0.7525618845257052,0
-5.443015,33,9779.945685,-100.0,-0.7825175316803664,0
-5.526697,35,9780.535455,-100.0,-0.7577547653111937,0
-5.668215,34,9781.115159,-100.0,-0.6988651793260997,0
-5.228178,33,9781.685048,-100.0,-0.7794855035498534,0
-5.654623,33,9782.252913,-100.0,-0.7398670992196543,0
-5.766755,34,9782.831718,-100.0,-0.6912575268026914,0
-5.843669,33,9783.395614,-100.0,-0.6086413572776953,0
-5.648716,33,9783.95909,-100.0,-0.7291248166702283,0
-5.523448,34,9784.538639,-100.0,-0.7468438828069964,0
-5.473549,32,9785.07991,-100.0,-0.796436253726362,0
-5.24247,32,9785.638868,-100.0,-0.8227076903658668,0
-5.024305,33,9786.203523,-100.0,-0.8431654509625996,0
-5.569488,33,9786.763371,-100.0,-0.7317602084063304,0
-5.915056,34,9787.352204,-100.0,-0.7035680254142921,0
-5.336989,33,9787.916528,-100.0,-0.7466676318623178,0
-5.350402,32,9788.467468,-100.0,-0.8526180202439048,0
-5.68544,33,9789.028754,-100.0,-0.6555326881621838,0
-5.471801,33,9789.589858,-100.0,-0.7223787823709705,0
-5.646226,32,9790.131656,-100.0,-0.7477771909884413,0
-5.789731,33,9790.706489,-100.0,-0.6933358200769283,0
-5.277552,32,9791.259815,-100.0,-0.8985063053974828,0
-6.216482,35,9791.852098,-100.0,-0.6831152313961384,0
-5.442303,34,9792.435783,-100.0,-0.7701835902322964,0
-5.495684,33,9793.000638,-100.0,-0.7740553699543783,0
-5.930243,38,9793.650333,-100.0,-0.6881790476295542,0
-5.40719,32,9794.198278,-100.0,-0.8020379379728144,0
-5.621571,34,9794.774265,-100.0,-0.7025681963859449,0
-5.853901,34,9795.350281,-100.0,-0.7699932411081405,0
-5.875305,33,9795.927424,-100.0,-0.6976446803202585,0
-5.391611,34,9796.5072,-100.0,-0.807424977874154,0
-5.764668,33,9797.078569,-100.0,-0.7148490094233241,0
-5.555419,34,9797.649625,-100.0,-0.7198428193580205,0
-5.787161,35,9798.244594,-100.0,-0.7501797285027049,0
-5.481172,36,9798.856203,-100.0,-0.715776720139395,0
-5.652722,34,9799.43889,-100.0,-0.6680648098474361,0
-5.931125,34,9800.021767,-100.0,-0.6880381601546705,0
-5.2935,33,9800.582329,-100.0,-0.8520562816980078,0
-5.525497,33,9801.153922,-100.0,-0.7572515963292474,0
-5.835727,34,9801.741886,-100.0,-0.6991251529733845,0
-5.480344,33,9802.303225,-100.0,-0.7373010579084257,0
-5.724168,34,9802.893712,-100.0,-0.7428247226337789,0
-5.796505,32,9803.433447,-100.0,-0.8072357553520316,0
-5.58623,38,9804.096803,-100.0,-0.8040968465938727,0
-5.827511,33,9804.658633,-100.0,-0.7025481620657724,0
-5.351537,33,9805.218948,-100.0,-0.7618564833429916,0
-5.354254,33,9805.777637,-100.0,-0.7908845145624164,0
-5.683446,34,9806.362795,-100.0,-0.7043004131036382,0
-5.76221,34,9806.932347,-100.0,-0.649816109147645,0
-5.470116,33,9807.501898,-100.0,-0.6920405228740844,0
-5.250223,33,9808.060109,-100.0,-0.7620446140600051,0
-5.284269,33,9924.852551,-100.0,-0.8033249948973531,0
-5.583828,34,9925.433649,-100.0,-0.7079599715831701,0
-5.596042,33,9925.994195,-100.0,-0.7610833696983528,0
-5.853119,33,9926.554949,-100.0,-0.6963845949857068,0
-5.216743,32,9927.108069,-100.0,-0.8429944760744922,0
-5.245209,32,9927.66236,-100.0,-0.8600125121736567,0
-5.818654,34,9928.251088,-100.0,-0.6668820712401539,0
-5.711882,33,9928.811943,-100.0,-0.7041857095346631,0
-5.675277,34,9929.403057,-100.0,-0.6487776947196386,0
-5.57168,33,9929.957588,-100.0,-0.7052741073415636,0
-6.151942,35,9930.560765,-100.0,-0.6254210693984288,0
-5.75571,34,9931.149462,-100.0,-0.7737320850522975,0
-5.199193,33,9931.722484,-100.0,-0.8072709633062609,0
-5.375089,33,9932.293542,-100.0,-0.753701479438988,0
-5.822362,34,9932.861985,-100.0,-0.6414083802147045,0
-5.306507,33,9933.435644,-100.0,-0.7813531383642186,0
-5.265025,32,9933.980127,-100.0,-0.8432613447671932,0
-5.497945,33,9934.55338,-100.0,-0.7654345527596482,0
-5.491381,39,9935.213964,-100.0,-0.7836494056205487,0
-5.303236,32,9935.766523,-100.0,-0.8462548444050959,0
-5.78965,34,9936.34713,-100.0,-0.6433427986278012,0
-5.505055,33,9936.915032,-100.0,-0.767591840268043,0
-5.461427,34,9937.490667,-100.0,-0.7297799367040789,0
-5.250913,33,9938.063437,-100.0,-0.7951523747851195,0
-5.604792,35,9938.657164,-100.0,-0.6788355379451858,0
-5.494031,32,9939.20146,-100.0,-0.8212941406122104,0
-5.222016,32,9939.74843,-100.0,-0.8309374627865556,0
-5.258753,33,9940.315805,-100.0,-0.8467969167119607,0
-5.336142,32,9940.868596,-100.0,-0.7329248630569264,0
-5.687454,32,9941.411574,-100.0,-0.7907040864933147,0
-5.629991,34,9941.998594,-100.0,-0.6752832912039097,0
-5.468566,34,9942.591607,-100.0,-0.807512320854071,0
-5.28099,33,9943.14548,-100.0,-0.8690370574363517,0
-5.745568,33,9943.712948,-100.0,-0.6705042918928366,0
-5.655645,33,9944.483509,-100.0,-0.6974605222297338,0
-5.955031,33,9945.04758,-100.0,-0.6682109492129151,0
-5.239113,33,9945.603971,-100.0,-0.807567504874749,0
-5.644098,33,9946.175058,-100.0,-0.6918169273591693,0
-5.286867,33,9946.728647,-100.0,-0.8581908314824133,0
-5.355711,33,9947.289468,-100.0,-0.7943190601027427,0
-5.851197,34,9947.873602,-100.0,-0.6516752881686402,0
-5.820803,34,9948.464679,-100.0,-0.6435688947717525,0
-5.787068,33,9949.024121,-100.0,-0.6469922695189932,0
-5.613601,34,9949.611112,-100.0,-0.7560245558736397,0
-5.497836,35,9950.218459,-100.0,-0.7594911693885311,0
-5.897071,35,9950.815136,-100.0,-0.6470645507384797,0
-5.897432,34,9951.39053,-100.0,-0.701115757162608,0
-5.834889,34,9951.972772,-100.0,-0.677774399949261,0
-5.930979,38,9952.620772,-100.0,-0.7314223168994669,0
-5.383369,33,9953.188403,-100.0,-0.7692939354714919,0
-5.558509,34,9953.771984,-100.0,-0.7237194403753465,0
-5.427686,34,9954.360432,-100.0,-0.7412506052881492,0
-5.83045,35,9954.960391,-100.0,-0.6418320467633776,0
-5.865793,35,9955.550647,-100.0,-0.640844140828513,0
-5.158361,32,9956.099827,-100.0,-0.879256717112113,0
-5.877375,34,9956.681348,-100.0,-0.6442345765452985,0
-5.242421,33,9957.252187,-100.0,-0.7796359907473668,0
-5.216001,32,9957.7978,-100.0,-0.8354254412441244,0
-5.311814,32,9958.352005,-100.0,-0.7831699111009645,0
-5.747503,34,9958.928945,-100.0,-0.6299718786458668,0
-5.42092,33,9959.489871,-100.0,-0.811051733689009,0
-5.309339,33,10078.080538,-100.0,-0.7258631358343816,0
-6.143567,35,10078.67027,-100.0,-0.6700017315999428,0
-5.061783,32,10079.228328,-100.0,-0.8528336049694831,0
-5.647752,34,10079.799419,-100.0,-0.7526874362805267,0
-5.454191,34,10080.374511,-100.0,-0.740082154265317,0
-5.831379,33,10080.945467,-100.0,-0.6335418420745137,0
-5.401876,33,10081.516486,-100.0,-0.7589396722097882,0
-5.607798,39,10082.154712,-100.0,-0.7990003090159645,0
-5.822537,34,10082.731539,-100.0,-0.6966654998456105,0
-5.218844,33,10083.286902,-100.0,-0.8344041405679623,0
-5.239839,32,10083.846845,-100.0,-0.8272806307598706,0
-5.192182,33,10084.40577,-100.0,-0.8105239498021173,0
-5.895084,35,10085.008585,-100.0,-0.6787773712077249,0
-5.303569,33,10085.57965,-100.0,-0.7705951094746987,0
-5.432378,33,10086.142564,-100.0,-0.7249363816041032,0
-5.550026,32,10086.685044,-100.0,-0.7295027760643195,0
-5.325104,33,10087.249738,-100.0,-0.7942875021601085,0
-6.039919,37,10087.879321,-100.0,-0.6436665149854676,0
-5.091068,33,10088.440747,-100.0,-0.7850939826404455,0
-5.29456,33,10089.010535,-100.0,-0.8219381632120881,0
-5.984011,36,10089.61355,-100.0,-0.8133232017418337,0
-5.313105,33,10090.184325,-100.0,-0.8163550877586869,0
-5.544589,33,10090.743984,-100.0,-0.6766305997821046,0
-6.136918,35,10091.339335,-100.0,-0.6605748397459139,0
-5.789319,35,10091.935224,-100.0,-0.670471636863207,0
-5.832895,34,10092.505491,-100.0,-0.7017639580262226,0
-6.168938,34,10093.086672,-100.0,-0.6953740262337279,0
-5.397199,33,10093.642342,-100.0,-0.6852539040344864,0
-5.751655,35,10094.251403,-100.0,-0.6802856625503322,0
-5.506612,33,10094.80492,-100.0,-0.7799263447733223,0
-5.941055,34,10095.385772,-100.0,-0.6327869689274955,0
-5.593943,33,10095.947433,-100.0,-0.7301487625871504,0
-5.729744,34,10096.540538,-100.0,-0.7563555797000289,0
-5.38913,34,10097.122408,-100.0,-0.7187024260873005,0
-5.660503,34,10097.69925,-100.0,-0.6677521573203475,0
-5.444653,37,10098.332751,-100.0,-0.7240455701635199,0
-5.747694,33,10098.887119,-100.0,-0.7293878293163705,0
-5.556133,33,10099.450352,-100.0,-0.7365591688050276,0
-5.5337,34,10100.035406,-100.0,-0.7831374159159864,0
-5.994222,34,10100.610138,-100.0,-0.6696663770775629,0
-5.444091,33,10101.180391,-100.0,-0.7427868364401917,0
-5.860161,35,10101.775213,-100.0,-0.7032020401023105,0
-5.849553,35,10102.390741,-100.0,-0.6983430860484471,0
-5.763441,33,10102.956327,-100.0,-0.7351436328840657,0
-5.292292,33,10103.504917,-100.0,-0.7937939579952595,0
-5.506243,32,10104.032724,-100.0,-0.7638633625522226,0
-6.022477,47,10104.848345,-100.0,-0.7264657074429999,0
-5.419054,33,10105.407527,-100.0,-0.7621823344413857,0
-5.248789,32,10105.953763,-100.0,-0.8773887835490077,0
-5.396044,33,10106.514575,-100.0,-0.8728175760224565,0
-5.399562,33,10107.075271,-100.0,-0.7542791059831129,0
-5.857164,35,10107.672314,-100.0,-0.6381863383735061,0
-5.203068,32,10108.233599,-100.0,-0.8314979616392636,0
-5.770613,34,10108.806478,-100.0,-0.7381109258594827,0
-5.72389,33,10109.372657,-100.0,-0.682427267046996,0
-5.831317,34,10109.949943,-100.0,-0.6430963587450279,0
-5.57227,33,10110.517265,-100.0,-0.7352148519174788,0
-5.064866,35,10111.101474,-100.0,-0.829307338026525,0
-5.457185,33,10111.666969,-100.0,-0.7163617792383792,0
-5.340123,33,10112.230226,-100.0,-0.7635235625193229,0
-5.461249,34,10112.815962,-100.0,-0.7377298742094581,0
-5.392622,33,10215.515424,-100.0,-0.775855848612647,0
-5.727976,35,10216.101896,-100.0,-0.6997354288357892,0
-5.523119,33,10216.671222,-100.0,-0.7053786137918042,0
-5.47389,34,10217.258497,-100.0,-0.7469213703517277,0
-6.007213,33,10217.817172,-100.0,-0.6789829227173368,0
-5.74712,34,10218.399968,-100.0,-0.6792705738384183,0
-5.536896,34,10218.977316,-100.0,-0.6727912623412102,0
-5.313673,33,10219.535762,-100.0,-0.7590982441007819,0
-5.333466,33,10220.105193,-100.0,-0.776314140804922,0
-5.654675,34,10220.689561,-100.0,-0.6516470309452697,0
-5.728792,33,10221.256357,-100.0,-0.7328391940526633,0
-5.325242,34,10221.840419,-100.0,-0.7879122133578532,0
-6.00649,39,10222.489554,-100.0,-0.6786194230098368,0
-6.012585,35,10223.091654,-100.0,-0.6456505120531433,0
-5.542321,33,10223.651294,-100.0,-0.6668972317472394,0
-5.176287,33,10224.214977,-100.0,-0.8894627293619168,0
-5.309118,33,10224.775569,-100.0,-0.7890035152635047,0
-5.653313,33,10225.343887,-100.0,-0.7010386941137823,0
-5.328805,33,10225.914519,-100.0,-0.7854393842997102,0
-6.18782,35,10226.513145,-100.0,-0.6616335871335413,0
-5.349958,33,10227.08427,-100.0,-0.7388921544279122,0
-5.419979,33,10227.643436,-100.0,-0.8057618831980911,0
-5.197717,34,10228.22204,-100.0,-0.8062817262780274,0
-5.53579,33,10228.773896,-100.0,-0.7562790904645512,0
-5.396405,33,10229.335318,-100.0,-0.7640536239187987,0
-5.390063,33,10229.898003,-100.0,-0.6756971232184706,0
-5.306918,33,10230.464165,-100.0,-0.8219256552607435,0
-5.354839,34,10231.045789,-100.0,-0.7457808374770213,0
-5.647499,33,10231.602196,-100.0,-0.6092118575675807,0
-5.483542,33,10232.160805,-100.0,-0.8181054565301444,0
-5.797652,35,10232.766138,-100.0,-0.6317285041993023,0
-6.113914,36,10233.380218,-100.0,-0.6108087702504339,0
-5.732906,38,10234.028157,-100.0,-0.6974951550965679,0
-5.689322,34,10234.603787,-100.0,-0.7114588610749771,0
-5.921486,33,10235.162342,-100.0,-0.7742974560735911,0
-5.55046,33,10235.733042,-100.0,-0.6925646763619308,0
-5.249019,33,10236.29669,-100.0,-0.841262771363309,0
-5.71661,33,10236.86217,-100.0,-0.673188557144728,0
-6.005416,40,10237.551849,-100.0,-0.6834257360033016,0
-5.226814,32,10238.105833,-100.0,-0.8204114969388251,0
-5.331562,34,10238.684972,-100.0,-0.7740018148030953,0
-5.626268,33,10239.256553,-100.0,-0.6903211210368494,0
-5.776347,34,10239.833488,-100.0,-0.641168873511146,0
-5.605657,32,10240.386909,-100.0,-0.7819103563181424,0
-5.324152,33,10240.945354,-100.0,-0.7395362155181867,0
-5.576812,33,10241.515276,-100.0,-0.7037087818632759,0
-5.8424,35,10242.103238,-100.0,-0.8392042888928606,0
-5.338305,32,10242.655806,-100.0,-0.8144180632776484,0
-5.614895,33,10243.219665,-100.0,-0.6890194648832844,0
-5.884132,39,10243.875474,-100.0,-0.6979680382900035,0
-5.239187,32,10244.424592,-100.0,-0.8392952451873376,0
-5.945275,33,10244.990256,-100.0,-0.6852339463757501,0
-5.730752,33,10245.538707,-100.0,-0.6783661112726613,0
-5.447309,35,10246.139963,-100.0,-0.7583863160123956,0
-6.058008,34,10246.717304,-100.0,-0.6974435735511212,0
-5.436145,32,10247.253639,-100.0,-0.8028214239822394,0
-5.603501,34,10247.841089,-100.0,-0.7173179514967989,0
-5.635053,33,10248.401049,-100.0,-0.7751621729492946,0
-5.152341,32,10248.950303,-100.0,-0.7494541862154322,0
-5.94818,34,10249.526075,-100.0,-0.6300062115535893,0
-5.382466,35,10352.16613,-100.0,-0.8520120402280909,0
-5.735752,32,10352.714,-100.0,-0.7815183857538881,0
-5.613773,33,10353.284414,-100.0,-0.7513675035526202,0
-5.254185,33,10353.841198,-100.0,-0.7879821209565397,0
-5.528611,36,10354.452694,-100.0,-0.7521771759226807,0
-5.740599,40,10355.131453,-100.0,-0.6922491448559891,0
-5.390471,32,10355.675102,-100.0,-0.8849035993497569,0
-5.748837,34,10356.259962,-100.0,-0.7010136815034665,0
-5.232154,32,10356.802827,-100.0,-0.8559810612765777,0
-5.538571,34,10357.378503,-100.0,-0.7017951790806507,0
-5.382298,33,10357.952434,-100.0,-0.8127937782961764,0
-5.692705,33,10358.510973,-100.0,-0.6420135997400569,0
-5.866688,34,10359.091388,-100.0,-0.703067799228388,0
-5.191193,32,10359.635538,-100.0,-0.819760628178644,0
-5.734279,43,10360.352971,-100.0,-0.6909612022383298,0
-5.430746,33,10360.917935,-100.0,-0.7360370947354045,0
-5.785987,33,10361.483576,-100.0,-0.6816579347688442,0
-5.325148,34,10362.064648,-100.0,-0.8181050863312429,0
-5.558147,33,10362.626383,-100.0,-0.7377572920659212,0
-5.65446,34,10363.215161,-100.0,-0.6720151343947934,0
-5.460042,33,10363.774521,-100.0,-0.6542557663581148,0
-5.769516,34,10364.365779,-100.0,-0.7025204154263628,0
-5.947333,34,10364.944032,-100.0,-0.6923672698480575,0
-5.246268,33,10365.507905,-100.0,-0.8289972754298862,0
-5.68069,33,10366.072987,-100.0,-0.7310941331926996,0
-5.260154,32,10366.807556,-100.0,-0.8295970746157231,0
-5.444643,37,10367.45665,-100.0,-0.8272942951543768,0
-5.752145,34,10368.032434,-100.0,-0.6242362340280898,0
-5.508114,34,10368.607215,-100.0,-0.7708334202436584,0
-5.594271,33,10369.173565,-100.0,-0.6758916296732808,0
-5.187822,32,10369.705269,-100.0,-0.8355672357693995,0
-5.30282,33,10370.269733,-100.0,-0.7874292017214585,0
-5.683881,36,10370.89613,-100.0,-0.6783834227677795,0
-5.546051,33,10371.46499,-100.0,-0.6940390157841544,0
-5.494471,33,10372.017509,-100.0,-0.7316234667721534,0
-5.830555,35,10372.610677,-100.0,-0.6788636427335274,0
-5.468041,32,10373.148763,-100.0,-0.7874680245729289,0
-5.693057,33,10373.701334,-100.0,-0.6457603050755516,0
-5.453243,34,10374.283212,-100.0,-0.7009896251906174,0
-5.757321,33,10374.852449,-100.0,-0.731044229184805,0
-5.653525,33,10375.415616,-100.0,-0.6651350908654117,0
-5.762918,40,10376.100537,-100.0,-0.6440937659585497,0
-5.278619,32,10376.651729,-100.0,-0.8525773326815103,0
-5.66079,33,10377.214512,-100.0,-0.694279290867548,0
-5.527019,33,10377.777531,-100.0,-0.7256512304128944,0
-5.456079,33,10378.344361,-100.0,-0.7876235133911114,0
-5.493974,33,10378.897397,-100.0,-0.7737290112616818,0
-5.278918,34,10379.48484,-100.0,-0.7840658430223522,0
-5.960179,41,10380.172976,-100.0,-0.6936352053974316,0
-5.365978,33,10380.74286,-100.0,-0.7893884733000899,0
-5.315645,32,10381.28704,-100.0,-0.8164968749733735,0
-6.063473,34,10381.868703,-100.0,-0.6838921174419615,0
-5.453675,33,10382.422615,-100.0,-0.7847108163754127,0
-5.186252,32,10382.968065,-100.0,-0.8443751753657331,0
-5.33064,32,10383.522187,-100.0,-0.785930564910234,0
-5.743444,34,10384.100781,-100.0,-0.6516529747174153,0
-5.742262,33,10384.658749,-100.0,-0.6829106245869897,0
-5.8642,33,10385.218168,-100.0,-0.6921347072755882,0
-5.719587,33,10385.789051,-100.0,-0.702325577833856,0
-5.446692,35,10386.372423,-100.0,-0.8088605321288356,0
-5.650879,33,10386.944616,-100.0,-0.682527131002411,0
-5.674659,35,10508.648681,-100.0,-0.6887806619490133,0
-5.83307,33,10509.207429,-100.0,-0.6450886938093124,0
-5.986584,34,10509.785826,-100.0,-0.6734703921394559,0
-5.53119,33,10510.357314,-100.0,-0.7336154685366186,0
-5.43588,33,10510.924407,-100.0,-0.7346893486758812,0
-5.305878,36,10511.544488,-100.0,-0.8992460424967619,0
-5.239347,33,10512.103994,-100.0,-0.828843209820101,0
-5.656192,34,10512.694246,-100.0,-0.74353669442033,0
-5.724982,35,10513.279807,-100.0,-0.7407207735757477,0
-5.915355,39,10513.960941,-100.0,-0.7084119031124461,0
-5.225509,38,10514.608381,-100.0,-0.847181010013921,0
-5.332338,33,10515.17363,-100.0,-0.7820226391544327,0
-5.232814,33,10515.730206,-100.0,-0.8465902753002743,0
-5.77651,35,10516.329591,-100.0,-0.6663137518597736,0
-5.615539,33,10516.893834,-100.0,-0.6864447880793183,0
-5.270119,33,10517.457012,-100.0,-0.719046632614792,0
-5.323775,33,10518.02966,-100.0,-0.7571060093689037,0
-5.504193,33,10518.598807,-100.0,-0.7733195437606737,0
-5.450805,32,10519.158229,-100.0,-0.7524005654024195,0
-5.863845,35,10519.759121,-100.0,-0.6904178460824272,0
-5.860972,34,10520.337607,-100.0,-0.7274684481731002,0
-5.488772,32,10520.884748,-100.0,-0.8198144764992238,0
-5.487829,33,10521.453667,-100.0,-0.7918053855771604,0
-5.545473,33,10522.01951,-100.0,-0.7433252668193912,0
-5.638577,34,10522.601203,-100.0,-0.6898261390002121,0
-5.208051,33,10523.155445,-100.0,-0.7962033149701989,0
-5.466586,33,10523.718385,-100.0,-0.7785672720755709,0
-5.498411,33,10524.286253,-100.0,-0.7343432290148213,0
-5.366912,34,10524.876767,-100.0,-0.7665533324192311,0
-5.649693,33,10525.432304,-100.0,-0.7517100876422421,0
-5.817511,33,10525.997826,-100.0,-0.6564825594287165,0
-5.71151,34,10526.575437,-100.0,-0.7263099991977392,0
-5.409276,39,10527.258287,-100.0,-0.7961826843759696,0
-5.599373,33,10527.826205,-100.0,-0.7336787884914592,0
-5.750671,34,10528.408562,-100.0,-0.69248277488994,0
-5.219509,33,10528.964697,-100.0,-0.8133863537982607,0
-5.34461,34,10529.551687,-100.0,-0.8163132389704857,0
-5.784147,34,10530.126919,-100.0,-0.6496004674116428,0
-5.153055,33,10530.687204,-100.0,-0.7937966405464527,0
-6.205011,40,10531.363651,-100.0,-0.7227641382075015,0
-5.617872,32,10531.905286,-100.0,-0.8003576625353884,0
-5.753862,34,10532.492626,-100.0,-0.6650307079015554,0
-5.950026,33,10533.059263,-100.0,-0.719016323459264,0
-5.315114,33,10533.631074,-100.0,-0.7388098609634659,0
-5.471345,33,10534.201778,-100.0,-0.801877510654211,0
-5.192702,33,10534.757128,-100.0,-0.7672809027630846,0
-5.68152,34,10535.342645,-100.0,-0.5841140799961017,0
-5.492492,33,10535.902577,-100.0,-0.7915349799283377,0
-5.522029,33,10536.457613,-100.0,-0.6562128372809366,0
-5.486701,34,10537.045227,-100.0,-0.7218785701943009,0
-5.534793,36,10537.661746,-100.0,-0.7577925825571404,0
-5.666037,33,10538.221394,-100.0,-0.7180445125792523,0
-5.354193,34,10538.807481,-100.0,-0.7570948667827685,0
-5.480263,38,10539.456287,-100.0,-0.7708943341704523,0
-5.575737,33,10540.02521,-100.0,-0.6696112301270929,0
-5.227211,32,10540.572572,-100.0,-0.873132880490388,0
-5.678337,34,10541.148864,-100.0,-0.6941709592695225,0
-5.387929,33,10541.71663,-100.0,-0.7267102100091192,0
-5.173173,32,10542.251401,-100.0,-0.8231548569501594,0
-5.573531,40,10542.938907,-100.0,-0.719887317377491,0
-5.553962,33,10668.003888,-100.0,-0.6410406981396504,0
-5.579397,34,10668.581572,-100.0,-0.7434702434257785,0
-5.850206,34,10669.165915,-100.0,-0.6342439915862202,0
-5.685961,39,10669.824955,-100.0,-0.7043528128463712,0
-5.63289,34,10670.404742,-100.0,-0.6588837427156284,0
-5.549638,33,10670.965626,-100.0,-0.7266333825192899,0
-5.610955,33,10671.536016,-100.0,-0.6880424041566922,0
-5.389289,33,10672.091267,-100.0,-0.758459865474522,0
-5.479814,33,10672.662662,-100.0,-0.7293729654217999,0
-6.001301,34,10673.246022,-100.0,-0.7315796667314908,0
-5.573022,32,10673.794275,-100.0,-0.8049290363032167,0
-5.668054,33,10674.366369,-100.0,-0.7008162426899456,0
-5.817164,33,10674.930637,-100.0,-0.6936959919387888,0
-5.559839,33,10675.495136,-100.0,-0.7598800196494434,0
-5.802997,35,10676.089588,-100.0,-0.6823533755472407,0
-5.395074,35,10676.691094,-100.0,-0.7647505408842185,0
-5.528387,34,10677.263214,-100.0,-0.6452368233093002,0
-5.156463,32,10677.816272,-100.0,-0.8328045808612349,0
-5.840219,34,10678.398865,-100.0,-0.6743240390350241,0
-5.833662,34,10678.976834,-100.0,-0.6601478202778077,0
-5.651389,32,10679.523489,-100.0,-0.7377454868404605,0
-5.372213,33,10680.089453,-100.0,-0.7885614404522464,0
-5.529542,33,10680.661498,-100.0,-0.7833516536566221,0
-5.22873,32,10681.207941,-100.0,-0.8500664388328317,0
-5.726501,33,10681.779288,-100.0,-0.6745329110056939,0
-5.372538,34,10682.354505,-100.0,-0.7695176615630545,0
-5.463983,34,10682.939884,-100.0,-0.7244504030710476,0
-5.788167,33,10683.504186,-100.0,-0.7033119297120684,0
-5.731714,33,10684.069862,-100.0,-0.6985559322149668,0
-5.609386,35,10684.665259,-100.0,-0.6952295553210577,0
-5.394416,33,10685.23447,-100.0,-0.786329603646959,0
-5.525121,33,10685.797486,-100.0,-0.712188983723822,0
-5.805751,33,10686.356709,-100.0,-0.6181572884634461,0
-5.598164,33,10686.922225,-100.0,-0.6783115970013034,0
-5.670461,32,10687.473412,-100.0,-0.735178846284876,0
-5.089604,33,10688.038615,-100.0,-0.8290348583685481,0
-5.314847,32,10688.599177,-100.0,-0.7724252364166764,0
-5.49387,33,10689.158916,-100.0,-0.7996763695280383,0
-5.197283,33,10689.71922,-100.0,-0.8425412502095705,0
-5.465405,34,10690.296947,-100.0,-0.7296651152077436,0
-5.639384,37,10690.938796,-100.0,-0.7115624978353017,0
-5.185657,33,10691.498526,-100.0,-0.7956100683382741,0
-5.622361,41,10692.185461,-100.0,-0.7096302159047722,0
-5.805242,36,10692.808562,-100.0,-0.6596247946835279,0
-5.425762,34,10693.381028,-100.0,-0.7746067045021896,0
-5.59864,40,10694.065548,-100.0,-0.8257410507097512,0
-5.597143,33,10694.624563,-100.0,-0.6646681618658442,0
-5.59525,33,10695.196915,-100.0,-0.7860015815642775,0
-5.681788,34,10695.776672,-100.0,-0.680651490509398,0
-5.574058,36,10696.396672,-100.0,-0.7632589019023752,0
-5.421414,39,10697.053354,-100.0,-0.8110434278496165,0
-5.372877,33,10697.618683,-100.0,-0.7117633182917558,0
-5.147854,32,10698.162237,-100.0,-0.8763280131461967,0
-5.517541,33,10698.720329,-100.0,-0.7536280399059948,0
-5.695279,34,10699.312917,-100.0,-0.6487544389989576,0
-5.605521,33,10699.872857,-100.0,-0.7356874592793371,0
-5.334832,33,10700.437058,-100.0,-0.7907134725923225,0
-5.520239,32,10700.984037,-100.0,-0.863954247124905,0
-5.376923,32,10701.528441,-100.0,-0.8088478719207962,0
-5.277128,33,10702.099448,-100.0,-0.7498619683338285,0
-5.920811,34,10702.681422,-100.0,-0.6818403871633195,0
-5.643899,33,10832.918233,-100.0,-0.7330117987294389,0
-5.813015,34,10833.491363,-100.0,-0.6733181395802292,0
-5.227324,32,10834.044168,-100.0,-0.7739794552328457,0
-5.729125,35,10834.644281,-100.0,-0.6779644777348608,0
-5.785159,34,10835.223922,-100.0,-0.655438190973177,0
-5.729497,35,10835.819684,-100.0,-0.7487840296827607,0
-5.327896,32,10836.361404,-100.0,-0.832954855762434,0
-5.455552,33,10836.931126,-100.0,-0.754907723907688,0
-5.259537,33,10837.489894,-100.0,-0.8462223478984459,0
-5.431148,34,10838.071314,-100.0,-0.6621771591473937,0
-5.226641,32,10838.610083,-100.0,-0.8037982117466913,0
-5.338203,32,10839.15725,-100.0,-0.8112504469313373,0
-5.387069,34,10839.745902,-100.0,-0.7494297124402638,0
-5.890978,34,10840.32798,-100.0,-0.7076572959600188,0
-5.200722,34,10840.910595,-100.0,-0.793223149690792,0
-5.682476,34,10841.497648,-100.0,-0.7150418369815886,0
-5.366233,33,10842.052481,-100.0,-0.7664581407293947,0
-5.134338,33,10842.814225,-100.0,-0.8193113938846739,0
-5.946748,34,10843.402748,-100.0,-0.6428726386429864,0
-5.679611,35,10844.008498,-100.0,-0.6591260077072223,0
-5.580007,34,10844.591439,-100.0,-0.639349719531766,0
-5.693412,36,10845.208543,-100.0,-0.680286773735277,0
-5.235431,32,10845.760266,-100.0,-0.8267047589846019,0
-5.745926,41,10846.454553,-100.0,-0.7339174603382076,0
-5.602327,33,10847.019744,-100.0,-0.6687140666768575,0
-5.450054,33,10847.583724,-100.0,-0.7758697686108988,0
-5.296067,32,10848.13427,-100.0,-0.8681749262109475,0
-5.880255,34,10848.709851,-100.0,-0.6704451261159707,0
-5.615224,34,10849.294911,-100.0,-0.6661040704842454,0
-5.41505,34,10849.875352,-100.0,-0.7468690485425915,0
-5.580273,33,10850.435144,-100.0,-0.6650336130344373,0
-5.56546,33,10851.000823,-100.0,-0.6652703777378208,0
-5.460022,32,10851.546683,-100.0,-0.8771068882596267,0
-5.190944,33,10852.10798,-100.0,-0.8544108307771145,0
-5.675391,33,10852.670946,-100.0,-0.6484564791627163,0
-5.659271,44,10853.432035,-100.0,-0.728759932767547,0
-5.674382,36,10854.060251,-100.0,-0.8138232769920852,0
-5.324054,33,10854.613263,-100.0,-0.7815328071154943,0
-5.886142,35,10855.221889,-100.0,-0.6624034439957117,0
-5.602626,34,10855.795708,-100.0,-0.6911328792673552,0
-5.542559,33,10856.357277,-100.0,-0.7457875955867035,0
-5.746487,33,10856.919466,-100.0,-0.7557390442834954,0
-5.969829,38,10857.577183,-100.0,-0.7314271889925188,0
-5.810626,34,10858.16438,-100.0,-0.6840264453250784,0
-5.15331,33,10858.722265,-100.0,-0.840370622522206,0
-5.614342,33,10859.292104,-100.0,-0.7469893818363184,0
-5.414997,42,10860.000235,-100.0,-0.8188501788931973,0
-5.895352,35,10860.594434,-100.0,-0.6229065465054715,0
-5.705527,34,10861.169529,-100.0,-0.676394058721409,0
-5.543525,33,10861.739575,-100.0,-0.7587115533642858,0
-5.172303,32,10862.279982,-100.0,-0.8188726060015599,0
-5.477133,33,10862.850226,-100.0,-0.8298544493460627,0
-5.260491,32,10863.397325,-100.0,-0.8280989953220111,0
-5.43299,33,10863.962066,-100.0,-0.7138213083347331,0
-5.549321,33,10864.533661,-100.0,-0.7448069093411432,0
-5.20915,33,10865.093055,-100.0,-0.7940233633332193,0
-5.651044,36,10865.710486,-100.0,-0.7753251344189495,0
-5.739668,42,10866.415126,-100.0,-0.7124546828368675,0
-5.793121,33,10866.979238,-100.0,-0.6874554195088569,0
-5.189729,34,10867.556206,-100.0,-0.8102558119723136,0
-5.477238,34,11001.622312,-100.0,-0.7111829410927362,0
-5.159647,32,11002.167842,-100.0,-0.8560956378151487,0
-5.707403,34,11002.736208,-100.0,-0.6941002599198649,0
-5.7246,33,11003.297246,-100.0,-0.7335362850416716,0
-5.499704,33,11003.864807,-100.0,-0.5902445811586723,0
-5.718557,35,11004.460541,-100.0,-0.7304856972232521,0
-5.352654,38,11005.107591,-100.0,-0.8150852560450805,0
-5.531543,33,11005.66875,-100.0,-0.6863448718348341,0
-5.64243,34,11006.247961,-100.0,-0.6965650951521151,0
-5.566854,33,11006.814072,-100.0,-0.7343509754656393,0
-5.62396,34,11007.38935,-100.0,-0.7078334852297224,0
-5.177667,33,11007.952626,-100.0,-0.8507543686754357,0
-5.519818,33,11008.508542,-100.0,-0.7411633040497051,0
-5.294117,33,11009.0753,-100.0,-0.7848704200048242,0
-5.641708,34,11009.655468,-100.0,-0.6484503841251501,0
-5.241025,32,11010.199223,-100.0,-0.8849143523620423,0
-5.357161,33,11010.758402,-100.0,-0.7976397765223285,0
-5.821187,34,11011.346295,-100.0,-0.6519618341376054,0
-5.129486,34,11011.92564,-100.0,-0.7977321344542422,0
-5.499718,36,11012.563958,-100.0,-0.7758483527242598,0
-5.130558,34,11013.145989,-100.0,-0.8246370152385003,0
-5.626024,33,11013.703612,-100.0,-0.6781887222850761,0
-5.663045,33,11014.265189,-100.0,-0.649596256081001,0
-5.573218,33,11014.815973,-100.0,-0.8263905488534967,0
-5.598269,33,11015.377359,-100.0,-0.6830593246524478,0
-5.587506,33,11015.939433,-100.0,-0.6728599678747901,0
-5.563805,33,11016.504363,-100.0,-0.7096007872607942,0
-5.592184,33,11017.0559,-100.0,-0.719530382075329,0
-5.732185,33,11017.623495,-100.0,-0.6853122547601764,0
-5.474529,36,11018.242638,-100.0,-0.7770021963630891,0
-5.456479,33,11018.79255,-100.0,-0.7556738579608873,0
-5.916395,43,11019.517656,-100.0,-0.71470370343705,0
-5.472707,33,11020.090087,-100.0,-0.7884741282735231,0
-5.393388,34,11020.669712,-100.0,-0.7962524032724637,0
-5.487466,32,11021.209927,-100.0,-0.6275379840616415,0
-5.707804,33,11021.779881,-100.0,-0.6787248708060886,0
-5.452173,33,11022.343255,-100.0,-0.7196028090203167,0
-5.199008,34,11022.926183,-100.0,-0.782571147784973,0
-5.312937,32,11023.465413,-100.0,-0.811890889352932,0
-5.245436,32,11024.019576,-100.0,-0.8691862957269583,0
-5.516599,33,11024.580711,-100.0,-0.7657724332808954,0
-5.442825,34,11025.162812,-100.0,-0.8049514633231849,0
-5.835865,34,11025.739459,-100.0,-0.6453866042985638,0
-5.613938,34,11026.316758,-100.0,-0.7955320502070848,0
-5.441215,33,11026.874347,-100.0,-0.6669612152566614,0
-5.346358,32,11027.419323,-100.0,-0.8329982864713565,0
-5.92203,34,11028.002231,-100.0,-0.6113989823888638,0
-5.243022,32,11028.548491,-100.0,-0.8322648528905485,0
-5.224298,32,11029.092972,-100.0,-0.8538893807451956,0
-5.405652,37,11029.720617,-100.0,-0.8762281162450755,0
-5.423316,32,11030.260431,-100.0,-0.8147195897119967,0
-5.560376,33,11030.824902,-100.0,-0.7230126795071709,0
-5.421939,33,11031.392322,-100.0,-0.7074779267823139,0
-6.189413,42,11032.092049,-100.0,-0.7130665866794406,0
-5.845365,34,11032.677241,-100.0,-0.7022435550822073,0
-5.463612,34,11033.251984,-100.0,-0.6762963236369094,0
-5.753411,33,11033.812273,-100.0,-0.6421122157384992,0
-5.687183,33,11034.380617,-100.0,-0.6181432000400469,0
-5.602829,34,11034.956824,-100.0,-0.6800448710751991,0
-5.925549,34,11035.54668,-100.0,-0.6585347603674918,0
-5.716294,33,11036.105515,-100.0,-0.7077845683492193,0
-5.583261,33,11174.050016,-100.0,-0.7338760506341389,0
-5.794188,36,11174.658587,-100.0,-0.674353677081051,0
-5.710398,33,11175.221515,-100.0,-0.7103535290194104,0
-5.614118,33,11175.804368,-100.0,-0.6847284944302603,0
-5.277564,32,11176.352836,-100.0,-0.8509568183383028,0
-5.67448,35,11176.971288,-100.0,-0.654589187012067,0
-5.038534,33,11177.536925,-100.0,-0.9060977701770226,0
-5.34983,33,11178.112742,-100.0,-0.7661591502742965,0
-5.579771,34,11178.691059,-100.0,-0.7295839765975051,0
-5.039731,32,11179.249874,-100.0,-0.8441368586225841,0
-5.183277,32,11179.794383,-100.0,-0.8358633644014553,0
-5.309805,35,11180.399226,-100.0,-0.8821104168227393,0
-5.473916,44,11181.181105,-100.0,-0.826551317229169,0
-5.798811,34,11181.761745,-100.0,-0.6864809488830601,0
-5.767459,33,11182.327501,-100.0,-0.7601268601347888,0
-5.409379,33,11182.894114,-100.0,-0.7679225338175373,0
-5.150795,33,11183.472759,-100.0,-0.7912885398371422,0
-5.400923,32,11184.016836,-100.0,-0.7645593037777647,0
-5.608365,33,11184.588767,-100.0,-0.6744974720045155,0
-5.116743,33,11185.161607,-100.0,-0.8493815570276453,0
-5.577148,33,11185.727465,-100.0,-0.6861465455796972,0
-5.232747,33,11186.30275,-100.0,-0.8648008719708009,0
-5.483257,33,11186.871366,-100.0,-0.6628074778070048,0
-5.549305,32,11187.424638,-100.0,-0.7590284796626168,0
-5.764133,33,11187.995997,-100.0,-0.7074833299417572,0
-5.846136,33,11188.568483,-100.0,-0.7014689150958285,0
-5.512533,34,11189.145411,-100.0,-0.7499575740026667,0
-5.315785,32,11189.692061,-100.0,-0.7811529714464547,0
-5.453136,34,11190.265864,-100.0,-0.7481475545353276,0
-5.134277,32,11190.807686,-100.0,-0.8693517852347454,0
-5.775274,34,11191.405141,-100.0,-0.7103839853918745,0
-5.462523,33,11191.958255,-100.0,-0.7842238201775182,0
-5.467473,33,11192.517626,-100.0,-0.7975119677939748,0
-5.602946,33,11193.083792,-100.0,-0.6987294537868994,0
-5.283497,33,11193.660691,-100.0,-0.8567443140144476,0
-5.637456,35,11194.269784,-100.0,-0.689512029584953,0
-5.279632,33,11194.832003,-100.0,-0.7803838116243097,0
-5.174964,33,11195.383286,-100.0,-0.8536987947605411,0
-5.53091,33,11195.946064,-100.0,-0.6077796443711543,0
-5.292336,33,11196.513272,-100.0,-0.79761259365118,0
-5.557414,33,11197.074206,-100.0,-0.7185259873975534,0
-5.597855,33,11197.635123,-100.0,-0.7308801454251722,0
-5.509906,33,11198.197117,-100.0,-0.8304936375227957,0
-5.429316,33,11198.757966,-100.0,-0.8188762773932132,0
-5.360245,33,11199.321454,-100.0,-0.8314663170053611,0
-5.567157,34,11199.907969,-100.0,-0.7017235749927169,0
-5.422683,33,11200.47494,-100.0,-0.7676751334330065,0
-5.2548,32,11201.017969,-100.0,-0.792583959295146,0
-5.102653,33,11201.589326,-100.0,-0.8718483313812316,0
-5.563867,34,11202.164257,-100.0,-0.6906651012785318,0
-5.8354,33,11202.740606,-100.0,-0.6945247319079595,0
-5.45944,36,11203.346751,-100.0,-0.7366101159190171,0
-5.150243,33,11203.914109,-100.0,-0.7713030798022147,0
-5.626684,33,11204.475853,-100.0,-0.6478299498147384,0
-5.522761,33,11205.043074,-100.0,-0.7506890357391497,0
-5.153487,34,11205.619289,-100.0,-0.8366782766095151,0
-5.401542,32,11206.174411,-100.0,-0.7538402554189577,0
-5.825859,34,11206.760047,-100.0,-0.6863526029126921,0
-5.675342,34,11207.332053,-100.0,-0.6663555165645045,0
-5.220756,38,11207.969024,-100.0,-0.7781499697072363,0
-5.410003,34,11208.553591,-100.0,-0.7001922706329646,0
-5.470948,33,11344.275291,-100.0,-0.8110195529147164,0
-5.552705,33,11344.82712,-100.0,-0.7406524605995787,0
-5.294914,33,11345.392275,-100.0,-0.8231902795666438,0
-5.227541,34,11345.987238,-100.0,-0.8112745612471013,0
-5.528428,33,11346.536902,-100.0,-0.7431249289314558,0
-5.423193,34,11347.126801,-100.0,-0.7100980202990651,0
-5.626833,33,11347.685792,-100.0,-0.649535885767496,0
-5.78951,33,11348.46652,-100.0,-0.6766329075959663,0
-5.474573,34,11349.050923,-100.0,-0.776476525510007,0
-5.694838,33,11349.598469,-100.0,-0.6431904004680745,0
-5.491384,33,11350.151749,-100.0,-0.7382203733793402,0
-5.487646,33,11350.716968,-100.0,-0.6822546822564297,0
-5.239719,33,11351.27883,-100.0,-0.7978278415320857,0
-5.546658,33,11351.846112,-100.0,-0.7410954351222494,0
-5.507545,33,11352.411573,-100.0,-0.7368435998213978,0
-5.295634,32,11352.957969,-100.0,-0.8273939136045535,0
-5.320003,32,11353.494897,-100.0,-0.7542694824181421,0
-5.602802,37,11354.133926,-100.0,-0.8004592333747088,0
-5.475536,33,11354.701342,-100.0,-0.7355007954974886,0
-5.770137,33,11355.266821,-100.0,-0.7015343984365839,0
-5.627523,33,11355.826088,-100.0,-0.7213133726124323,0
-5.264794,32,11356.372829,-100.0,-0.8615721634397201,0
-5.23253,33,11356.938755,-100.0,-0.7849634696132772,0
-5.82085,33,11357.499562,-100.0,-0.706046955209657,0
-5.189655,32,11358.047822,-100.0,-0.8495896113930453,0
-5.831029,35,11358.647043,-100.0,-0.6344418513911276,0
-5.439003,33,11359.207167,-100.0,-0.7267148631597516,0
-5.279035,33,11359.771873,-100.0,-0.8183014235309584,0
-5.488416,33,11360.328682,-100.0,-0.6852517025482348,0
-5.652373,33,11360.888687,-100.0,-0.704664735104815,0
-5.766243,33,11361.448208,-100.0,-0.6205195073431778,0
-5.791568,34,11362.03052,-100.0,-0.6826380100460355,0
-5.924021,40,11362.701558,-100.0,-0.6983459238397776,0
-5.320991,32,11363.256588,-100.0,-0.7372362447874642,0
-5.564188,33,11363.80739,-100.0,-0.6281963409908456,0
-5.321724,32,11364.361182,-100.0,-0.8294195220796193,0
-5.488763,33,11364.921233,-100.0,-0.6795807562247714,0
-5.630239,34,11365.492944,-100.0,-0.7163572932393036,0
-5.384719,38,11366.155491,-100.0,-0.7548133438592534,0
-5.38034,35,11366.750663,-100.0,-0.8619562893837284,0
-5.610687,34,11367.332298,-100.0,-0.6954034576440281,0
-5.737663,40,11368.00632,-100.0,-0.6961752670744707,0
-5.157833,32,11368.559987,-100.0,-0.8848525453938376,0
-5.772993,35,11369.160416,-100.0,-0.7583244923426795,0
-5.578687,32,11369.698926,-100.0,-0.7420687070826485,0
-5.695867,34,11370.285455,-100.0,-0.6828304737786334,0
-5.599333,33,11370.839722,-100.0,-0.7018856114271586,0
-5.171691,32,11371.385395,-100.0,-0.8603761283665653,0
-5.572723,33,11371.948057,-100.0,-0.6619233381248176,0
-5.144198,32,11372.502642,-100.0,-0.8114109316840715,0
-5.26778,32,11373.050857,-100.0,-0.845044165960269,0
-5.145651,32,11373.594204,-100.0,-0.8348688245384326,0
-5.333521,33,11374.1472,-100.0,-0.8002105831494445,0
-5.232106,33,11374.701538,-100.0,-0.8623801390232848,0
-5.427011,33,11375.261793,-100.0,-0.7074496480323744,0
-5.447228,33,11375.825892,-100.0,-0.7333194226766557,0
-5.580313,33,11376.396365,-100.0,-0.6835452921083609,0
-5.804014,39,11377.053793,-100.0,-0.7167258764147232,0
-5.233976,32,11377.595955,-100.0,-0.8703615100891517,0
-6.322949,68,11378.757772,-100.0,-0.7642932042095996,0
