#{"t_start": 1782853650.2087219, "env_id": "BipedalWalker-v3"}
r,l,t,original_env_reward,generated_reward,reward_error_count
-49.513384,86,3.209767,-100.0,-0.7732875142604327,0
-472.799682,1009,17.004586,-100.0,-2.18548616904995,0
-650.172052,1600,180.69958,0.040363410626850914,-0.18385363154668266,0
-450.15536,1600,327.77663,-0.008544912556808386,-0.09307846974766162,0
-25.004725,55,328.529429,-100.0,-1.2871250986161236,0
-32.461515,92,329.780824,-100.0,-1.1213136382452094,0
-37.67162,60,330.598089,-100.0,-1.3822034491541746,0
-120.050312,128,332.33576,-100.0,-0.5678492250317839,0
-20.359092,68,333.272882,-100.0,-1.0634146009111838,0
-274.580438,1600,475.322738,-0.12106534120440482,-0.20768415523020176,0
-20.480726,58,476.116839,-100.0,-0.7070717575172922,0
-20.030434,59,476.927095,-100.0,-1.0164787371765487,0
-18.448081,66,477.828412,-100.0,-1.1837866201416027,0
-23.284903,60,478.655938,-100.0,-0.9149550842046702,0
-34.303756,66,479.567657,-100.0,-1.1380126266092494,0
-348.636872,1600,620.579008,-0.03458297457794822,-0.18184316069506629,0
-42.150894,110,622.114336,-100.0,-0.8658887838047189,0
-219.732424,1600,644.328703,-0.0643244377474002,-0.056200894925840086,0
-194.233213,1600,787.179044,-0.021310078670579997,-0.08599220219528951,0
-169.849697,1600,927.965471,-0.043661594639226566,-0.05737818471991573,0
-178.285665,1600,1070.750304,-0.01573927953839302,-0.09408032215796797,0
-12.953192,72,1071.756626,-100.0,-0.7239402415868988,0
-170.491021,1600,1211.583744,-0.06063017626603326,-0.07981373314123577,0
-168.664116,1600,1234.008891,-0.011053707520164664,-0.11444050344392788,0
-19.947979,65,1234.930715,-100.0,-0.7568399717907988,0
-16.418689,77,1236.018959,-100.0,-0.9279917645335078,0
-140.079122,1600,1375.647326,-0.04292588927348692,-0.09032944112300997,0
-148.827648,1600,1514.620094,-0.03281445118784904,-0.05559739470964789,0
-14.567851,56,1515.405903,-100.0,-0.6148118967135435,0
-156.451966,1600,1657.920583,-0.08776081592838443,-0.07982203956356906,0
-16.452653,56,1658.708398,-100.0,-0.7126414491999569,0
-148.49505,1600,1799.346714,-0.035055818290136875,-0.020636511728802688,0
-9.978589,61,1800.198176,-100.0,-0.9009534194234204,0
-144.780222,1600,1822.470896,-0.07135220376650254,-0.1135031488989163,0
-121.369426,1600,1963.450198,-0.02826111145814497,-0.09033810899377676,0
-11.798528,59,1964.347134,-100.0,-0.6952902883124119,0
-12.49685,50,1965.095734,-100.0,-0.2633360013200172,0
-15.694245,53,1965.902125,-100.0,-0.7156415293259817,0
-7.411911,46,1966.609859,-100.0,-0.37964956686289236,0
-23.975089,119,1968.401282,-100.0,-0.6787977277499901,0
-122.22311,1600,2106.510328,-0.09156589118639391,-0.10339571138132378,0
-13.049408,58,2107.314139,-100.0,-0.8409640715614838,0
-19.074105,84,2108.477592,-100.0,-0.6765571929393699,0
-118.189057,1600,2245.399709,0.07559464496001601,-0.003712968160970047,0
-11.76181,47,2246.03959,-100.0,-0.32031438392786715,0
-106.519525,1600,2386.993479,-0.07611173381904525,-0.05063483099181832,0
-116.601954,1600,2503.476366,-0.031233848770461863,-0.03972255366464842,0
-13.513971,69,2504.418778,-100.0,-0.2391652139999899,0
-16.422956,82,2505.529232,-100.0,-0.6543779263586522,0
-8.084157,48,2506.168934,-100.0,-0.6580671814364906,0
-17.995518,75,2507.204132,-100.0,-0.3789070100383708,0
-15.745833,108,2508.661686,-100.0,-0.793143481468451,0
-23.773966,127,2510.398811,-100.0,-0.6916359676871588,0
-12.543823,69,2511.349157,-100.0,-0.609784691293945,0
-12.388357,58,2512.148566,-100.0,-0.32761356840513656,0
-9.94005,62,2512.99222,-100.0,-0.6853026542431103,0
-22.602048,120,2514.61006,-100.0,-0.3333184382059555,0
-11.795437,67,2515.506762,-100.0,-0.733791497648053,0
-11.780309,45,2516.112292,-100.0,-0.6322333000030186,0
-8.351985,39,2516.652744,-100.0,-0.20692652991642674,0
-13.127505,78,2517.709782,-100.0,-0.7087687712398929,0
-18.227176,100,2519.094409,-100.0,-0.28108434256950265,0
-14.386829,85,2520.25104,-100.0,-0.22805864206649681,0
-10.768249,76,2521.291956,-100.0,-0.62247776215872,0
-11.179049,75,2522.318273,-100.0,-0.22832516797488145,0
-14.017777,96,2523.632077,-100.0,-0.6505987241549108,0
-20.092141,91,2524.868385,-100.0,-0.8751194177749022,0
-13.825376,73,2525.85644,-100.0,-0.6452012664403356,0
-108.221519,1600,2640.837069,-0.06260796076556284,-0.08239058478757047,0
-11.802571,63,2641.701247,-100.0,-0.8060552703754069,0
-104.606466,1600,2756.816096,-0.00046972234050196224,-0.006830254156654584,0
-16.059842,63,2757.699737,-100.0,-0.7187947648233636,0
-15.057211,49,2758.376577,-100.0,-0.48317144169412524,0
-16.496244,148,2760.41041,-100.0,-0.6869900787133396,0
-18.468032,106,2761.873573,-100.0,-0.473466324474897,0
-12.754773,52,2762.60269,-100.0,-0.42968526923547123,0
-14.688882,56,2763.386549,-100.0,-0.33819002388614056,0
-9.753522,60,2764.222959,-100.0,-0.7194093178462221,0
-19.597473,115,2765.82028,-100.0,-0.21378518561654658,0
-16.582052,75,2766.85122,-100.0,-0.4321905215196621,0
-12.311751,66,2767.768589,-100.0,-0.20562734098512186,0
-14.670911,61,2768.619426,-100.0,-0.8570458603238377,0
-13.884555,73,2769.627421,-100.0,-0.3826664403538576,0
-13.582711,99,2770.982194,-100.0,-0.7432559369231213,0
-92.03787,1600,2912.435064,-0.11084843240181368,-0.055529863927564815,0
-10.589411,52,2913.183455,-100.0,-0.6822663414702711,0
-12.185823,77,2914.287029,-100.0,-0.30456070852860817,0
-18.224724,83,2915.455297,-100.0,-0.32742089804289576,0
-23.08609,112,2917.040084,-100.0,-0.7248911057773918,0
-18.754492,94,2918.388009,-100.0,-0.7563749032160035,0
-17.450048,56,2919.19427,-100.0,-0.8081780342139427,0
-68.165706,1600,3057.943223,-0.02737205097886187,-0.049139199352519564,0
-8.438764,52,3058.680659,-100.0,-0.7377120733864378,0
-12.614695,57,3059.512713,-100.0,-0.46342126051099314,0
-21.136336,121,3061.252659,-100.0,-0.44668395165798763,0
-26.473678,107,3062.810293,-100.0,-0.6661271942017606,0
-12.587104,83,3063.993079,-100.0,-0.7419279993679488,0
-12.282812,70,3065.021154,-100.0,-0.6955206948236462,0
-14.644815,112,3066.611236,-100.0,-0.24674244172144993,0
-11.083184,45,3183.587891,-100.0,-0.7657201972146807,0
-18.585658,80,3184.752312,-100.0,-0.48756120254881463,0
-11.583135,71,3185.77703,-100.0,-0.6227732191726241,0
-14.626405,80,3186.942939,-100.0,-0.3600737817405732,0
-11.438463,67,3187.939797,-100.0,-0.7028518166864556,0
-12.851162,69,3188.925554,-100.0,-0.6402420094712589,0
-12.033441,54,3189.721937,-100.0,-0.34082766331564457,0
-13.38638,79,3190.88027,-100.0,-0.3060982755827325,0
-10.581461,84,3192.115679,-100.0,-0.7446224966129196,0
-9.182053,58,3192.957612,-100.0,-0.7093408285826786,0
-8.965231,40,3193.5237,-100.0,-0.5352839109631783,0
-15.335087,92,3194.867238,-100.0,-0.6924976989115136,0
-9.489382,47,3195.528821,-100.0,-0.6307312951850342,0
-10.147502,82,3196.732756,-100.0,-0.6734423145931947,0
-9.89219,65,3197.665015,-100.0,-0.3204877541170033,0
-8.130231,48,3198.380692,-100.0,-0.6336553548332495,0
-11.814577,82,3199.569542,-100.0,-0.5006461145544477,0
-8.12043,53,3200.365968,-100.0,-0.7552658877068024,0
-11.938663,50,3201.099638,-100.0,-0.2880233792564545,0
-15.783558,109,3202.672678,-100.0,-0.24231509329650835,0
-8.639107,65,3203.63147,-100.0,-0.6781632755387745,0
-8.373041,50,3204.359768,-100.0,-0.6878629654015238,0
-10.095251,49,3205.096659,-100.0,-0.26486070349143037,0
-8.49105,45,3205.74647,-100.0,-0.6871574726764055,0
-20.924241,224,3208.992609,-100.0,-0.6853621579425242,0
-10.721824,54,3209.784764,-100.0,-0.5915346396861568,0
-8.550789,54,3210.592515,-100.0,-0.17622491629055623,0
-9.826066,53,3211.375153,-100.0,-0.7791081234779607,0
-14.989744,75,3212.452248,-100.0,-0.7619739837247935,0
-8.246469,41,3213.063864,-100.0,-0.3800666758006861,0
-14.037723,48,3331.050584,-100.0,-0.4015240649482531,0
-17.863646,103,3332.535612,-100.0,-0.2575812462446532,0
-11.259937,77,3333.674183,-100.0,-0.6172005051132197,0
-9.847517,50,3334.400785,-100.0,-0.27096369545987503,0
-10.381865,57,3335.249671,-100.0,-0.8086669840744941,0
-8.240431,52,3336.015916,-100.0,-0.7749273422368599,0
-11.935915,72,3337.071894,-100.0,-0.6836750766771469,0
-9.665613,63,3337.997028,-100.0,-0.6152295651997367,0
-10.896239,74,3339.079012,-100.0,-0.6850335409891383,0
-8.293952,52,3339.836515,-100.0,-0.7149836605266257,0
-14.325411,57,3340.699096,-100.0,-0.36264332113293485,0
-11.138722,72,3341.745412,-100.0,-0.6786183959866862,0
-9.245507,62,3342.647623,-100.0,-0.637822757269677,0
-13.088498,101,3344.142824,-100.0,-0.6946509559098283,0
-8.768919,52,3344.896775,-100.0,-0.6941827810807228,0
-9.55402,61,3345.808433,-100.0,-0.6389843517708235,0
-9.857821,60,3346.696479,-100.0,-0.7431386227224369,0
-10.480168,66,3347.680935,-100.0,-0.7184453409782554,0
-8.213516,42,3348.288495,-100.0,-0.7043537194057118,0
-8.641702,54,3349.099551,-100.0,-0.6754744906587138,0
-8.980561,51,3349.816427,-100.0,-0.588588146264225,0
-62.371089,1600,3488.788967,-0.09993167961636942,-0.07389772883444996,0
-10.818649,64,3489.753125,-100.0,-0.610125771868363,0
-9.458037,58,3490.596658,-100.0,-0.7193265688117919,0
-7.795415,40,3491.186367,-100.0,-0.652927383795912,0
-11.557793,55,3491.993018,-100.0,-0.32622187290329907,0
-9.099984,60,3492.889546,-100.0,-0.6410269145213632,0
-17.395681,123,3494.693067,-100.0,-0.34256417786541715,0
-9.091711,55,3495.516989,-100.0,-0.6562910727825872,0
-8.976842,67,3496.51853,-100.0,-0.6349481314587694,0
-8.676681,46,3497.202942,-100.0,-0.6634989451537181,0
-12.617643,87,3498.476933,-100.0,-0.6766642564302741,0
-8.802403,54,3499.266135,-100.0,-0.7143761717325677,0
-11.624013,82,3500.487918,-100.0,-0.3685722343139408,0
-13.695405,84,3501.736006,-100.0,-0.3523593936059717,0
-8.355601,49,3502.457758,-100.0,-0.6866875897533681,0
-8.14163,51,3503.216449,-100.0,-0.7096272288688695,0
-8.880614,37,3503.766749,-100.0,-0.7538004197533485,0
-9.651386,64,3504.714779,-100.0,-0.7427338552575715,0
-10.312023,66,3505.682714,-100.0,-0.664924941111413,0
-9.531958,55,3625.55408,-100.0,-0.22441644727476048,0
-7.243728,50,3626.293488,-100.0,-0.6381434027986975,0
-9.135643,44,3626.955959,-100.0,-0.8047214261662746,0
-9.914627,69,3627.977195,-100.0,-0.6872856545751834,0
-8.034586,50,3628.723893,-100.0,-0.856179198662294,0
-10.520022,64,3629.670166,-100.0,-0.722149019819728,0
-8.106518,54,3630.464673,-100.0,-0.6922124715615127,0
-9.321438,57,3631.313426,-100.0,-0.6894368030604537,0
-8.807069,54,3632.127861,-100.0,-0.6367949487765264,0
-15.423932,116,3633.836173,-100.0,-0.738958819343056,0
-7.723222,50,3634.563853,-100.0,-0.7123158599085553,0
-9.740465,58,3635.441941,-100.0,-0.6999082254408434,0
-8.788599,40,3636.050225,-100.0,-0.6623662131176029,0
-10.342961,59,3636.928517,-100.0,-0.6110786824017957,0
-8.360641,51,3637.679377,-100.0,-0.6729596738849845,0
-9.00266,52,3638.436966,-100.0,-0.6029264324971452,0
-11.863104,83,3639.681144,-100.0,-0.33888089134722216,0
-11.801284,60,3640.568244,-100.0,-0.3277873001266722,0
-9.245618,54,3641.393956,-100.0,-0.6466185644434466,0
-7.799047,49,3642.1354,-100.0,-0.7369448517935296,0
-8.574152,51,3642.870322,-100.0,-0.7565015574419759,0
-9.031014,55,3643.688347,-100.0,-0.6427912749416793,0
-8.473962,42,3644.324636,-100.0,-0.7211934710519426,0
-8.441197,51,3645.087174,-100.0,-0.6990984854283281,0
-9.341811,54,3645.902901,-100.0,-0.6073171027109899,0
-8.97857,63,3646.839103,-100.0,-0.6861983436029347,0
-10.948032,42,3647.461678,-100.0,-0.7921073062553594,0
-8.24067,51,3648.233171,-100.0,-0.7052354205873617,0
-8.458499,48,3648.940854,-100.0,-0.7366476185204774,0
-8.164369,49,3649.670695,-100.0,-0.6533338360615097,0
-16.575053,112,3651.353557,-100.0,-0.353990405792951,0
-9.044501,57,3652.1934,-100.0,-0.834379815832764,0
-8.709558,52,3652.963861,-100.0,-0.6538637618402265,0
-11.196296,84,3654.210821,-100.0,-0.854861295747328,0
-8.212055,43,3654.84883,-100.0,-0.47958278170663066,0
-10.099607,45,3655.532688,-100.0,-0.6423341211835478,0
-10.377944,67,3772.390503,-100.0,-0.3053690712442046,0
-7.822496,44,3773.053975,-100.0,-0.6200610955894053,0
-11.104718,115,3774.78936,-100.0,-0.704807446948832,0
-16.424807,112,3776.480419,-100.0,-0.15250486773853034,0
-9.398358,62,3777.399129,-100.0,-0.6600506805476412,0
-10.157066,65,3778.385228,-100.0,-0.7195188392283252,0
-10.247714,70,3779.434281,-100.0,-0.716926257060309,0
-18.022831,62,3780.383612,-100.0,-0.4586694185939659,0
-9.605236,68,3781.405494,-100.0,-0.7183429305872248,0
-6.923825,38,3781.964444,-100.0,-0.7285543518716981,0
-7.656599,49,3782.705349,-100.0,-0.7494973794119206,0
-11.064999,55,3783.533116,-100.0,-0.27617762302969007,0
-8.589261,63,3784.476023,-100.0,-0.7825660179517019,0
-10.758989,37,3785.033542,-100.0,-0.8489452411247154,0
-8.581306,59,3785.900604,-100.0,-0.6753120455142614,0
-11.153985,92,3787.266655,-100.0,-0.6912075391598096,0
-9.212672,44,3787.958646,-100.0,-0.6797742704433756,0
-9.112914,67,3788.952516,-100.0,-0.7229459627726698,0
-7.970884,51,3789.711168,-100.0,-0.7265903813231964,0
-7.914231,57,3790.568872,-100.0,-0.695552361999956,0
-10.505244,64,3791.517407,-100.0,-0.7111949969657313,0
-9.656945,54,3792.333954,-100.0,-0.6316603000269636,0
-7.968326,44,3792.989564,-100.0,-0.7325719573860476,0
-8.376595,52,3793.763228,-100.0,-0.6930964443226694,0
-16.644751,135,3795.778932,-100.0,-0.20850800529601585,0
-7.406259,46,3796.461542,-100.0,-0.8600829591585831,0
-9.524935,67,3797.460037,-100.0,-0.6433254897752436,0
-9.063947,50,3798.18896,-100.0,-0.6888940564211836,0
-15.849188,102,3799.713374,-100.0,-0.5128731819493826,0
-12.91322,78,3800.878267,-100.0,-0.34048417642534845,0
-10.32458,52,3801.647358,-100.0,-0.2551151657918541,0
-8.021031,45,3802.323353,-100.0,-0.6874808276163331,0
-9.169047,58,3923.02989,-100.0,-0.6351206625809254,0
-8.751564,52,3923.809374,-100.0,-0.631299171944259,0
-7.771252,42,3924.439224,-100.0,-0.7322891939992928,0
-8.215477,48,3925.171398,-100.0,-0.6533355931560985,0
-15.05864,131,3927.14433,-100.0,-0.6685730130812824,0
-10.354646,70,3928.187831,-100.0,-0.7047030239901206,0
-10.99632,75,3929.311056,-100.0,-0.3334581943975835,0
-8.594623,57,3930.191409,-100.0,-0.6283821067301819,0
-10.20137,70,3931.230015,-100.0,-0.6795625410034697,0
-7.58849,43,3931.887849,-100.0,-0.8239477938393717,0
-11.392697,45,3932.539067,-100.0,-0.8602213499947287,0
-8.27779,45,3933.197283,-100.0,-0.5859497678750971,0
-9.077123,53,3933.994156,-100.0,-0.6586473078977627,0
-8.635469,48,3934.716555,-100.0,-0.7280465652127731,0
-8.885628,59,3935.610041,-100.0,-0.6579708609967339,0
-7.591866,43,3936.253596,-100.0,-0.629962681270275,0
-10.667758,73,3937.342937,-100.0,-0.68579649366071,0
-10.76183,73,3938.458373,-100.0,-0.6956122339239758,0
-12.882052,60,3939.39085,-100.0,-0.36326981973019756,0
-7.381321,50,3940.143807,-100.0,-0.6355603980954095,0
-7.687575,47,3940.834846,-100.0,-0.6614459777239046,0
-9.835944,69,3941.873149,-100.0,-0.6278419385830736,0
-8.472232,51,3942.636352,-100.0,-0.6743650929645117,0
-7.160662,38,3943.2068,-100.0,-0.6804834368011929,0
-8.61156,72,3944.289651,-100.0,-0.7429850471207936,0
-7.433743,42,3944.930617,-100.0,-0.6202999315721923,0
-7.808948,42,3945.566194,-100.0,-0.5678450636190241,0
-9.804671,65,3946.542638,-100.0,-0.1521422539150105,0
-8.66258,56,3947.40604,-100.0,-0.6876904489414333,0
-7.233294,41,3948.018795,-100.0,-0.6613656987995591,0
-9.890387,63,3948.975904,-100.0,-0.6678666970918674,0
-7.648202,50,3949.73268,-100.0,-0.7647851214035909,0
-7.577307,48,3950.462621,-100.0,-0.6642059932792779,0
-8.029434,49,3951.200103,-100.0,-0.6706257026306852,0
-7.760508,43,3951.844575,-100.0,-0.6869750275962462,0
-8.006754,45,3952.493418,-100.0,-0.5993739105051482,0
-8.805528,61,4069.500898,-100.0,-0.704588133566852,0
-8.699115,48,4070.227207,-100.0,-0.6317299977518318,0
-8.841591,62,4071.165218,-100.0,-0.1406749251199955,0
-9.186321,59,4072.044367,-100.0,-0.7693246469890793,0
-8.313852,50,4072.820099,-100.0,-0.6304278069811143,0
-8.739212,54,4073.648551,-100.0,-0.6066631815804239,0
-8.030145,46,4074.332991,-100.0,-0.7236985344514046,0
-10.122677,70,4075.410843,-100.0,-0.7141987899588006,0
-7.434005,40,4076.00413,-100.0,-0.661630122933283,0
-8.899673,52,4076.790373,-100.0,-0.6144141703555441,0
-7.986818,46,4077.490006,-100.0,-0.6173820243167584,0
-8.774371,66,4078.46164,-100.0,-0.6701102527451467,0
-11.121253,73,4079.576326,-100.0,-0.7374038348308405,0
-7.262807,43,4080.230139,-100.0,-0.6708443818805874,0
-9.907329,61,4081.158624,-100.0,-0.23014904254480836,0
-7.819341,56,4082.017956,-100.0,-0.7064811090470757,0
-7.783998,42,4082.627808,-100.0,-0.6646122750427469,0
-9.625808,42,4083.271858,-100.0,-0.4235000435744172,0
-9.389309,70,4084.322042,-100.0,-0.7621269123496142,0
-8.343595,49,4085.063905,-100.0,-0.6078917051647661,0
-8.375172,46,4085.766497,-100.0,-0.6491851581925728,0
-8.613865,58,4086.637132,-100.0,-0.652569822842873,0
-7.556325,45,4087.31251,-100.0,-0.6800865761224826,0
-7.471695,57,4088.172298,-100.0,-0.7820525928945553,0
-8.720902,68,4089.185403,-100.0,-0.6412386256658154,0
-8.264504,51,4089.957246,-100.0,-0.6473246939352014,0
-7.504606,47,4090.676945,-100.0,-0.6452503844170357,0
-10.174913,67,4091.68331,-100.0,-0.6729650028461157,0
-8.998957,39,4092.292991,-100.0,-0.4503836040005108,0
-8.91921,49,4093.033958,-100.0,-0.5866307207392116,0
-8.430888,47,4093.750823,-100.0,-0.6821710098135236,0
-12.317868,101,4095.2756,-100.0,-0.24897479962448368,0
-7.983454,43,4095.907194,-100.0,-0.6501108114101738,0
-9.428321,54,4096.736184,-100.0,-0.6740365136827585,0
-8.320624,48,4097.462123,-100.0,-0.7593495217613356,0
-9.887152,57,4098.320946,-100.0,-0.652089568548858,0
-8.906206,55,4099.147756,-100.0,-0.7656446734340923,0
-8.249541,52,4099.935852,-100.0,-0.6191281738779455,0
-6.648036,51,4218.685489,-100.0,-0.845489089152736,0
-7.354979,55,4219.540167,-100.0,-0.6934167930075924,0
-7.637267,52,4220.320519,-100.0,-0.7471672903616782,0
-7.529401,41,4220.952776,-100.0,-0.5912208292309015,0
-8.411341,52,4221.752405,-100.0,-0.6318583997053439,0
-7.320679,42,4222.392232,-100.0,-0.6707377686858564,0
-8.619418,55,4223.245906,-100.0,-0.6392220058255008,0
-9.107548,58,4224.127374,-100.0,-0.610067610470825,0
-10.455415,39,4224.727928,-100.0,-0.8068832296554231,0
-6.976445,43,4225.380193,-100.0,-0.6647195457167534,0
-8.414242,52,4226.179414,-100.0,-0.7240807171688602,0
-7.859327,41,4226.817082,-100.0,-0.740568684196969,0
-9.685236,71,4227.857218,-100.0,-0.4895306072816433,0
-7.032695,39,4228.458684,-100.0,-0.6390819563349409,0
-7.109757,48,4229.188762,-100.0,-0.6849105212368286,0
-7.609274,45,4229.878698,-100.0,-0.6960836507730069,0
-9.469142,57,4230.762897,-100.0,-0.705028421767462,0
-7.285426,41,4231.389922,-100.0,-0.668144723943807,0
-7.493173,43,4232.051526,-100.0,-0.6919310883306516,0
-7.741406,47,4232.760696,-100.0,-0.7073233089599602,0
-7.518949,45,4233.454178,-100.0,-0.6366225085912588,0
-8.725899,37,4234.003551,-100.0,-0.5277718517981017,0
-7.767127,44,4234.687284,-100.0,-0.645888319525997,0
-8.404536,54,4235.4973,-100.0,-0.6574802485261756,0
-8.965627,45,4236.190758,-100.0,-0.818832345497496,0
-8.399903,45,4236.880078,-100.0,-0.8047498237968976,0
-7.685513,48,4237.61426,-100.0,-0.730494516686308,0
-8.505346,52,4238.405299,-100.0,-0.6250446512097613,0
-6.765386,52,4239.201927,-100.0,-0.8042044242232331,0
-8.718335,55,4240.049689,-100.0,-0.7312157658969978,0
-7.747042,47,4240.77103,-100.0,-0.6318700078504331,0
-8.284611,62,4241.729647,-100.0,-0.7068749253852201,0
-9.693355,43,4242.369276,-100.0,-0.7728758653440708,0
-7.343472,46,4243.084613,-100.0,-0.6973121938122804,0
-7.490822,48,4243.796994,-100.0,-0.6012135045930677,0
-7.3978,43,4244.455516,-100.0,-0.6173698153447184,0
-8.178833,51,4245.242383,-100.0,-0.7058193567188125,0
-8.043993,44,4245.925426,-100.0,-0.7262120113292025,0
-7.091959,46,4246.613312,-100.0,-0.7505042121411157,0
-7.714569,46,4247.298002,-100.0,-0.6335547005617095,0
-7.813778,44,4247.977141,-100.0,-0.6946130032630453,0
-7.791445,50,4248.724346,-100.0,-0.6860034540420104,0
-7.807213,47,4366.746495,-100.0,-0.7243798214076937,0
-7.172377,54,4367.584087,-100.0,-0.7102327146203904,0
-8.7848,51,4368.382778,-100.0,-0.6486427263936746,0
-9.882272,79,4369.595441,-100.0,-0.8611291370698173,0
-8.769096,68,4370.630764,-100.0,-0.7629253044685723,0
-6.856179,40,4371.25575,-100.0,-0.6200779338998594,0
-7.347806,52,4372.073391,-100.0,-0.7355482323761807,0
-8.005834,60,4372.997731,-100.0,-0.6897549087788566,0
-7.781719,48,4373.740039,-100.0,-0.6987733110724426,0
-9.945674,91,4375.150182,-100.0,-0.7597028506268566,0
-8.653544,38,4375.715228,-100.0,-0.6958091550496946,0
-7.815541,42,4376.349959,-100.0,-0.748041934302475,0
-7.004826,43,4377.013284,-100.0,-0.7008079716405771,0
-7.552969,40,4377.636915,-100.0,-0.6699843569329589,0
-7.71634,48,4378.370117,-100.0,-0.7059702229108811,0
-7.207201,45,4379.060189,-100.0,-0.7370514297387132,0
-6.719063,37,4379.631743,-100.0,-0.6542388569242233,0
-7.42355,48,4380.375115,-100.0,-0.6882536934511596,0
-8.891432,63,4381.320346,-100.0,-0.6453655357063811,0
-7.258606,43,4381.998837,-100.0,-0.648454162312652,0
-7.374934,49,4382.762076,-100.0,-0.8030703336072607,0
-7.413321,38,4383.345653,-100.0,-0.6445722691674295,0
-7.812318,43,4384.022277,-100.0,-0.6965759323937839,0
-9.24621,68,4385.067194,-100.0,-0.6604111465038652,0
-8.360586,60,4385.984294,-100.0,-0.6620315809523525,0
-7.648513,55,4386.827026,-100.0,-0.7028151227842041,0
-8.301308,47,4387.556924,-100.0,-0.6869848133016285,0
-6.92023,45,4388.260336,-100.0,-0.6186978031101608,0
-7.428739,55,4389.097313,-100.0,-0.6717964761311024,0
-7.02474,45,4389.77702,-100.0,-0.6474376542621847,0
-7.366521,47,4390.521869,-100.0,-0.7874044061459583,0
-8.092882,51,4391.305016,-100.0,-0.6602034071955358,0
-7.676851,50,4392.05656,-100.0,-0.8628192464862693,0
-7.733615,44,4392.756264,-100.0,-0.66083526434012,0
-8.140535,47,4393.460943,-100.0,-0.6369931707985295,0
-6.743984,49,4394.223082,-100.0,-0.773227920942212,0
-7.691888,43,4394.879298,-100.0,-0.7132022197996387,0
-7.222678,42,4395.523497,-100.0,-0.6621542764813974,0
-7.572185,39,4396.125608,-100.0,-0.6860857674461812,0
-7.883287,52,4396.944204,-100.0,-0.7046723810082853,0
-7.903736,50,4397.718103,-100.0,-0.7348488129612424,0
-7.220961,39,4519.403987,-100.0,-0.7267807936252109,0
-7.886439,48,4520.12864,-100.0,-0.6436337150941227,0
-7.245587,46,4520.855343,-100.0,-0.6713592214561177,0
-6.959867,38,4521.429351,-100.0,-0.6395796953947567,0
-9.082298,75,4522.589181,-100.0,-0.6247539001678781,0
-6.976608,47,4523.314868,-100.0,-0.7787001065577387,0
-7.515933,43,4524.013752,-100.0,-0.5794030477853918,0
-7.331446,43,4524.665575,-100.0,-0.6910352131204736,0
-7.393308,39,4525.275396,-100.0,-0.6423062928493805,0
-8.202437,44,4525.968586,-100.0,-0.761170126731138,0
-7.274754,45,4526.663863,-100.0,-0.7582377094785967,0
-7.692203,57,4527.555949,-100.0,-0.7333648308688633,0
-8.255619,51,4528.356941,-100.0,-0.592406861235942,0
-6.869449,36,4528.899835,-100.0,-0.6661303253397276,0
-7.422753,53,4529.722357,-100.0,-0.7311857522017854,0
-8.847355,78,4530.928589,-100.0,-0.605155888754311,0
-7.593938,41,4531.552261,-100.0,-0.621301499693316,0
-7.610442,43,4532.214653,-100.0,-0.6493645334641222,0
-8.013999,56,4533.107159,-100.0,-0.6811866785713206,0
-7.385425,42,4533.752619,-100.0,-0.6247711663471562,0
-8.91908,42,4534.413032,-100.0,-0.6673868973781062,0
-6.940056,42,4535.067575,-100.0,-0.7423697073831047,0
-7.186661,42,4535.716131,-100.0,-0.6180980092025335,0
-8.266507,44,4536.396454,-100.0,-0.6438319737183997,0
-7.580039,40,4536.990446,-100.0,-0.6350010142167648,0
-6.978338,44,4537.694064,-100.0,-0.6742544060641669,0
-7.034529,46,4538.400287,-100.0,-0.7187000452764416,0
-7.5649,43,4539.074223,-100.0,-0.6737052957583682,0
-8.79224,64,4540.089019,-100.0,-0.7121902117946813,0
-7.521425,44,4540.755152,-100.0,-0.654542403938054,0
-7.221184,48,4541.499142,-100.0,-0.6814765656692229,0
-7.142426,39,4542.107575,-100.0,-0.6940868759301363,0
-8.292849,59,4543.032738,-100.0,-0.7097337444885983,0
-7.513929,51,4543.817618,-100.0,-0.7853338666476375,0
-7.877729,44,4544.50867,-100.0,-0.5974041942399443,0
-7.297192,48,4545.267221,-100.0,-0.7325111285804871,0
-8.059648,52,4546.071893,-100.0,-0.6263778334379788,0
-7.492435,51,4546.862958,-100.0,-0.6926321305933328,0
-7.751526,54,4547.70201,-100.0,-0.6900937748048963,0
-7.42082,38,4548.306744,-100.0,-0.6226379257755891,0
-8.258107,47,4549.031585,-100.0,-0.6190802548726287,0
-7.673577,47,4549.773627,-100.0,-0.6364077471601632,0
-7.932392,44,4550.464594,-100.0,-0.7014317793991524,0
-7.464492,41,4551.083389,-100.0,-0.7275491073905639,0
-6.477884,38,4669.258035,-100.0,-0.7101918209516318,0
-6.67521,41,4669.883853,-100.0,-0.6532820433436639,0
-7.66115,53,4670.706484,-100.0,-0.6748067181396131,0
-7.311849,44,4671.411798,-100.0,-0.6307769087774784,0
-10.554472,38,4671.99695,-100.0,-0.8501615226792238,0
-6.677501,43,4672.677527,-100.0,-0.7662244214393965,0
-6.8491,45,4673.372387,-100.0,-0.7169529882483321,0
-7.997141,49,4674.124923,-100.0,-0.7233978995883132,0
-6.643951,39,4674.747668,-100.0,-0.7001308252098346,0
-7.82333,49,4675.512225,-100.0,-0.5655492393747409,0
-8.183304,62,4676.44413,-100.0,-0.6541851881114251,0
-8.213657,65,4677.486733,-100.0,-0.6997030798475816,0
-7.270194,41,4678.13801,-100.0,-0.79628807887426,0
-7.281352,41,4678.760748,-100.0,-0.6161606281387628,0
-7.202126,47,4679.476838,-100.0,-0.6099991801323246,0
-11.523451,94,4680.956905,-100.0,-0.6632407980646176,0
-6.592498,40,4681.579612,-100.0,-0.7234239817715691,0
-6.802674,38,4682.187861,-100.0,-0.6833906284048494,0
-6.794867,44,4682.857446,-100.0,-0.7258837303181557,0
-7.546371,44,4683.544505,-100.0,-0.6112244469095598,0
-7.997063,50,4684.317672,-100.0,-0.6334794111953541,0
-6.794567,47,4685.041748,-100.0,-0.6963470577173051,0
-6.431048,40,4685.669587,-100.0,-0.7112359302864618,0
-6.859582,44,4686.342164,-100.0,-0.7582324692680661,0
-7.707627,54,4687.173585,-100.0,-0.6066584409758868,0
-8.46287,60,4688.094178,-100.0,-0.6190646055550042,0
-8.218355,60,4689.035446,-100.0,-0.7384175104801831,0
-7.319949,55,4689.878057,-100.0,-0.6225779675869266,0
-7.195464,47,4690.618773,-100.0,-0.7352458416398604,0
-7.92542,46,4691.338491,-100.0,-0.7698852813381083,0
-7.703476,40,4691.963488,-100.0,-0.6002378289585626,0
-7.826058,52,4692.786186,-100.0,-0.6899271275890525,0
-8.034512,46,4693.49111,-100.0,-0.7226745895954665,0
-8.961744,42,4694.142128,-100.0,-0.522166592787623,0
-7.170577,50,4694.919274,-100.0,-0.6503825912530941,0
-7.024163,48,4695.66337,-100.0,-0.7286210410455828,0
-7.700462,42,4696.317928,-100.0,-0.7453649540396082,0
-7.111771,46,4697.042426,-100.0,-0.6770720574887312,0
-8.307717,66,4698.062804,-100.0,-0.7176575932147038,0
-7.204361,48,4698.821933,-100.0,-0.703920348032182,0
-6.991014,36,4699.374966,-100.0,-0.6374846070162602,0
-7.034564,39,4700.006627,-100.0,-0.6434151161160501,0
-6.280768,41,4825.878242,-100.0,-0.6741193701445275,0
-6.940487,39,4826.486042,-100.0,-0.664462373287947,0
-6.733648,46,4827.209913,-100.0,-0.8025479706709592,0
-7.198189,40,4827.821791,-100.0,-0.6500651240261508,0
-7.504263,49,4828.591523,-100.0,-0.6454267079129322,0
-6.977548,48,4829.354182,-100.0,-0.6745083996127987,0
-7.536711,50,4830.144234,-100.0,-0.6332955186892733,0
-6.896233,41,4830.787802,-100.0,-0.6339522370481863,0
-7.226507,42,4831.453186,-100.0,-0.7502169971621677,0
-7.168604,40,4832.075321,-100.0,-0.7847996053993719,0
-7.832315,41,4832.709115,-100.0,-0.6016368284885145,0
-7.089527,38,4833.303754,-100.0,-0.62360429605499,0
-7.57022,51,4834.105205,-100.0,-0.7890504470977846,0
-6.418859,37,4834.672668,-100.0,-0.7545926018311329,0
-7.535818,49,4835.447936,-100.0,-0.6769671966610527,0
-7.680144,48,4836.184608,-100.0,-0.7370598961161412,0
-8.826866,42,4836.844092,-100.0,-0.6687865076377495,0
-7.662353,50,4837.621417,-100.0,-0.708606454546199,0
-6.64944,41,4838.283133,-100.0,-0.7491448149674119,0
-7.137848,50,4839.089767,-100.0,-0.7504524787852819,0
-6.302659,40,4839.703403,-100.0,-0.7047165345213213,0
-7.818154,50,4840.507941,-100.0,-0.7312884707274349,0
-7.126667,41,4841.124639,-100.0,-0.7320385434105992,0
-6.996061,41,4841.780198,-100.0,-0.7276570906004679,0
-11.196488,74,4842.901964,-100.0,-0.1737971197163571,0
-6.997919,44,4843.60568,-100.0,-0.7377945418486361,0
-7.094122,43,4844.263603,-100.0,-0.6412976128929571,0
-6.599785,38,4844.871967,-100.0,-0.6637354738091855,0
-6.959314,41,4845.499848,-100.0,-0.6853462843212169,0
-7.149881,38,4846.115329,-100.0,-0.7219129531775546,0
-6.817367,54,4846.930485,-100.0,-0.727210426123068,0
-8.013442,56,4847.812487,-100.0,-0.6146464688271946,0
-7.102158,37,4848.380761,-100.0,-0.582642615673136,0
-7.903962,43,4849.067805,-100.0,-0.6830486713808884,0
-7.628867,44,4849.754381,-100.0,-0.658338883536221,0
-6.773876,41,4850.39871,-100.0,-0.7354871991349334,0
-7.316998,46,4851.128261,-100.0,-0.696698949385398,0
-7.15931,41,4851.767075,-100.0,-0.7457409280799248,0
-7.210241,41,4852.402292,-100.0,-0.6785885342743424,0
-6.39049,41,4853.045187,-100.0,-0.7261070256642512,0
-6.54936,38,4853.645041,-100.0,-0.6546691522264154,0
-7.358042,43,4854.51426,-100.0,-0.7475904322062108,0
-6.984624,40,4855.143166,-100.0,-0.7057024981669515,0
-9.843298,80,4856.366503,-100.0,-0.2710421076157635,0
-6.789845,51,4857.192308,-100.0,-0.7166698886962564,0
-7.275915,41,4857.808655,-100.0,-0.6481878413991646,0
-7.364267,51,4977.812662,-100.0,-0.6606453035044989,0
-7.506442,43,4978.483062,-100.0,-0.644561705474346,0
-6.74598,41,4979.142256,-100.0,-0.7416726255585212,0
-6.987196,38,4979.746014,-100.0,-0.5837724437347765,0
-7.277395,44,4980.446243,-100.0,-0.6683564434827679,0
-7.145726,45,4981.162624,-100.0,-0.7087914142722977,0
-7.02047,39,4981.778245,-100.0,-0.6927612858487382,0
-6.522965,38,4982.368424,-100.0,-0.6732729283654745,0
-6.344969,38,4982.956019,-100.0,-0.7136205969970235,0
-6.727101,47,4983.687113,-100.0,-0.6856306742904714,0
-7.019212,39,4984.311237,-100.0,-0.6428594784536104,0
-6.406373,41,4984.974694,-100.0,-0.7185308015226349,0
-7.659026,50,4985.763894,-100.0,-0.6020278054509117,0
-7.517162,44,4986.449778,-100.0,-0.7055130776430927,0
-7.154433,43,4987.127746,-100.0,-0.7383975123060044,0
-7.614882,46,4987.84927,-100.0,-0.7236371071771451,0
-6.98978,47,4988.581125,-100.0,-0.7816540305158406,0
-6.486237,33,4989.107621,-100.0,-0.6594090902930092,0
-7.153852,47,4989.851446,-100.0,-0.700871814740555,0
-9.060311,74,4990.999254,-100.0,-0.6043144897963436,0
-6.751524,42,4991.662913,-100.0,-0.6642469048293703,0
-6.236008,38,4992.272679,-100.0,-0.7371395340780208,0
-6.707433,39,4992.876253,-100.0,-0.7118261321636712,0
-6.617704,38,4993.475688,-100.0,-0.6619900960612952,0
-7.028855,42,4994.14796,-100.0,-0.667525718746946,0
-6.583226,48,4994.90437,-100.0,-0.7794414070236949,0
-6.802705,46,4995.63292,-100.0,-0.6873184730729245,0
-6.491501,38,4996.223861,-100.0,-0.7389727989233139,0
-6.872481,43,4996.904886,-100.0,-0.651933488776706,0
-6.841997,43,4997.584671,-100.0,-0.6449652201084372,0
-8.406133,60,4998.525488,-100.0,-0.7443523750433253,0
-6.902708,44,4999.210035,-100.0,-0.6079959278013447,0
-7.360623,43,4999.87698,-100.0,-0.7010119707427479,0
-6.424736,36,5000.460421,-100.0,-0.7711087097129093,0
-7.039485,49,5001.226009,-100.0,-0.7621523843018544,0
-6.96048,45,5001.952679,-100.0,-0.6963734182752014,0
-6.907118,43,5002.634908,-100.0,-0.6417781351650496,0
-7.175954,41,5003.265504,-100.0,-0.7755934922771113,0
-6.771788,42,5003.939661,-100.0,-0.6412280763802188,0
-7.141807,47,5004.672557,-100.0,-0.6447817531387708,0
-7.314749,51,5005.457859,-100.0,-0.6195881608971738,0
-6.214395,40,5006.091761,-100.0,-0.7702521600006758,0
-6.15744,37,5006.682481,-100.0,-0.773960810862173,0
-7.112721,47,5007.41501,-100.0,-0.6907258925681163,0
-6.574367,41,5008.064219,-100.0,-0.8147610553383778,0
-6.643642,43,5008.730402,-100.0,-0.7015806163486077,0
-7.001098,44,5009.44082,-100.0,-0.6525254160961311,0
-6.935686,42,5114.014091,-100.0,-0.7382792499925747,0
-8.13153,40,5114.660707,-100.0,-0.6178891184512633,0
-6.783236,41,5115.304002,-100.0,-0.6513913842783057,0
-6.849625,43,5115.987964,-100.0,-0.6523692762745852,0
-7.073917,42,5116.659734,-100.0,-0.6737011162595702,0
-6.449216,44,5117.359172,-100.0,-0.7673383725892677,0
-6.813551,39,5117.962564,-100.0,-0.6065391719049116,0
-7.829985,68,5119.032589,-100.0,-0.8594601855649282,0
-6.629994,44,5119.727573,-100.0,-0.7320703217068685,0
-6.070077,38,5120.337253,-100.0,-0.7342520043417388,0
-6.887335,44,5121.035336,-100.0,-0.7582021807383279,0
-6.809831,49,5121.807697,-100.0,-0.760864267939101,0
-6.465778,39,5122.435635,-100.0,-0.6796480801194541,0
-7.292804,49,5123.214184,-100.0,-0.69590364446878,0
-6.189114,40,5123.849234,-100.0,-0.6621951257419303,0
-7.050556,44,5124.550311,-100.0,-0.7044862544521415,0
-6.796874,40,5125.191948,-100.0,-0.7651642053090878,0
-7.25544,44,5125.882633,-100.0,-0.6555964911417012,0
-7.496139,48,5126.656607,-100.0,-0.6344769409772192,0
-7.060982,42,5127.311403,-100.0,-0.7169593286496061,0
-6.323625,38,5127.904258,-100.0,-0.6503057151700441,0
-7.436023,40,5128.544073,-100.0,-0.6649221258827727,0
-7.86522,48,5129.289653,-100.0,-0.6409844052855551,0
-7.334479,46,5129.997893,-100.0,-0.8074586288680551,0
-6.956151,44,5130.698629,-100.0,-0.6950650923125453,0
-6.761993,40,5131.333323,-100.0,-0.6959169042304784,0
-7.275302,51,5132.15832,-100.0,-0.6972357961358362,0
-7.683965,46,5132.888732,-100.0,-0.7306596343454729,0
-6.444838,41,5133.552048,-100.0,-0.7076568512668165,0
-6.379539,36,5134.123687,-100.0,-0.718957490420234,0
-7.653785,52,5134.958386,-100.0,-0.7268864321701319,0
-6.702259,44,5135.663569,-100.0,-0.7190518501728819,0
-7.422301,52,5136.481268,-100.0,-0.6041740214399344,0
-6.983721,43,5137.165166,-100.0,-0.6431357490591403,0
-7.366728,46,5137.887287,-100.0,-0.7304187266362655,0
-7.150069,49,5138.67449,-100.0,-0.6549739211077267,0
-6.990755,39,5139.27444,-100.0,-0.6762872703902958,0
-7.168255,42,5139.940633,-100.0,-0.6021411732004578,0
-6.766371,43,5140.621733,-100.0,-0.660579520728823,0
-7.345316,42,5141.29075,-100.0,-0.6235559835889048,0
-8.854315,62,5142.275264,-100.0,-0.6775805148808267,0
-6.927687,42,5142.943991,-100.0,-0.6663724852092003,0
-7.391378,53,5143.785259,-100.0,-0.6635140102534866,0
-6.817718,41,5144.438328,-100.0,-0.7064155717190472,0
-6.515977,38,5145.038553,-100.0,-0.7736430393799197,0
-6.562667,43,5145.730362,-100.0,-0.759736982306405,0
-6.744207,43,5268.343349,-100.0,-0.7223710770784371,0
-6.937944,43,5269.024528,-100.0,-0.6161646754170979,0
-6.609013,55,5269.875693,-100.0,-0.7706782723011539,0
-7.190818,44,5270.573911,-100.0,-0.684275115991734,0
-6.70811,41,5271.231659,-100.0,-0.6270845389285702,0
-6.879353,39,5271.864873,-100.0,-0.6872498550952991,0
-7.195958,44,5272.547498,-100.0,-0.7186891355962232,0
-7.024427,45,5273.268568,-100.0,-0.6417551231568328,0
-7.776317,48,5274.029149,-100.0,-0.7049918324856648,0
-6.474169,38,5274.619458,-100.0,-0.6795916027939454,0
-6.469931,38,5275.230273,-100.0,-0.6198711053866448,0
-7.423719,53,5276.056785,-100.0,-0.647481680046144,0
-6.928603,42,5276.736023,-100.0,-0.7608022406158692,0
-6.762331,41,5277.397779,-100.0,-0.7706551043169514,0
-6.36326,42,5278.036718,-100.0,-0.7841539533033675,0
-7.301358,37,5278.622016,-100.0,-0.536010241704245,0
-6.84343,41,5279.261458,-100.0,-0.747935473362143,0
-6.238357,35,5279.82231,-100.0,-0.7507080475198217,0
-6.434253,41,5280.467016,-100.0,-0.8482797916471074,0
-7.127429,45,5281.178518,-100.0,-0.6585963925240671,0
-6.829846,43,5281.868938,-100.0,-0.6504319039133221,0
-6.893701,40,5282.511888,-100.0,-0.8103075499887952,0
-7.78755,41,5283.16066,-100.0,-0.7664601091048856,0
-6.015761,37,5283.73585,-100.0,-0.723848217317519,0
-6.783522,37,5284.343563,-100.0,-0.6291289871968052,0
-7.250824,39,5284.957025,-100.0,-0.6694714226732119,0
-6.954539,45,5285.676999,-100.0,-0.7585336950860556,0
-6.71346,39,5286.298446,-100.0,-0.6212871832805499,0
-7.823542,55,5287.141836,-100.0,-0.7353628228664041,0
-7.181345,41,5287.804019,-100.0,-0.5820618016893522,0
-6.752381,45,5288.5109,-100.0,-0.7562380529436372,0
-6.9012,50,5289.312633,-100.0,-0.6674022190352028,0
-7.447979,45,5290.023106,-100.0,-0.6741128685972825,0
-6.690361,39,5290.637496,-100.0,-0.5834798372498927,0
-7.276304,46,5291.365996,-100.0,-0.6606702287153131,0
-7.146935,41,5291.998488,-100.0,-0.6721843514355004,0
-6.460113,38,5292.622157,-100.0,-0.7718134420060713,0
-6.83813,40,5293.253397,-100.0,-0.6423801172800309,0
-6.646496,40,5293.889474,-100.0,-0.6531774620157443,0
-7.161192,45,5294.603464,-100.0,-0.6693743791236189,0
-6.375617,43,5295.276467,-100.0,-0.8227681004504589,0
-7.11248,48,5296.053224,-100.0,-0.7164953190179313,0
-7.19072,40,5296.68525,-100.0,-0.6361303519164682,0
-5.847158,35,5297.222777,-100.0,-0.7585462517669928,0
-6.307576,39,5297.836679,-100.0,-0.7193604848835203,0
-7.3353,52,5298.670568,-100.0,-0.7065300500326197,0
-6.68143,48,5299.43104,-100.0,-0.683969622792938,0
-7.229333,48,5300.187505,-100.0,-0.6550792749023363,0
-7.104932,44,5410.075248,-100.0,-0.6459649030260323,0
-6.53186,36,5410.647473,-100.0,-0.7249803674504812,0
-6.39299,39,5411.26255,-100.0,-0.7017082736628054,0
-6.956275,41,5411.918766,-100.0,-0.6225966123482034,0
-6.935665,47,5412.660781,-100.0,-0.6942520261908364,0
-6.373743,39,5413.28495,-100.0,-0.6734249717955574,0
-7.167446,58,5414.217984,-100.0,-0.7659855548184163,0
-6.768848,39,5414.840271,-100.0,-0.778308908446185,0
-6.929061,43,5415.508606,-100.0,-0.6786358818689638,0
-6.454543,40,5416.156125,-100.0,-0.6581316253046595,0
-6.511563,49,5416.926037,-100.0,-0.7183029022982099,0
-6.108974,38,5417.736734,-100.0,-0.7237353975503223,0
-6.480128,40,5418.365725,-100.0,-0.7556236056298081,0
-6.734948,42,5419.030233,-100.0,-0.6649999563664241,0
-6.771598,53,5419.904244,-100.0,-0.6758626728393824,0
-7.19711,41,5420.550842,-100.0,-0.6808084268729565,0
-6.883003,39,5421.173452,-100.0,-0.7328854393326626,0
-7.170101,45,5421.896122,-100.0,-0.6182522822674277,0
-6.672009,40,5422.516742,-100.0,-0.612857197157069,0
-6.200594,34,5423.060408,-100.0,-0.6999421453445742,0
-6.455661,40,5423.703868,-100.0,-0.7347833049020185,0
-6.807673,49,5424.496831,-100.0,-0.6525590791139548,0
-6.671549,43,5425.185374,-100.0,-0.6793355838909398,0
-6.616354,43,5425.862715,-100.0,-0.7016920523476361,0
-7.080141,43,5426.558429,-100.0,-0.658238503067475,0
-6.954556,50,5427.35679,-100.0,-0.6906125470880474,0
-6.834685,46,5428.083802,-100.0,-0.7567228061095136,0
-6.264143,37,5428.683904,-100.0,-0.7343247576009456,0
-6.497239,36,5429.231306,-100.0,-0.6769343716316872,0
-6.817449,38,5429.845319,-100.0,-0.7036723547011389,0
-6.175013,38,5430.447918,-100.0,-0.677822732605495,0
-6.794701,51,5431.278201,-100.0,-0.7128612306978067,0
-7.349523,42,5431.948603,-100.0,-0.6241483235948874,0
-7.914958,63,5432.923876,-100.0,-0.7060830586157162,0
-6.842472,46,5433.663572,-100.0,-0.6264601746020334,0
-7.584003,40,5434.289982,-100.0,-0.6572721483569086,0
-7.034291,46,5435.017425,-100.0,-0.6946221868501943,0
-6.521861,42,5435.707066,-100.0,-0.6689800156741219,0
-7.366746,41,5436.359922,-100.0,-0.5862812667079483,0
-8.101326,47,5437.100279,-100.0,-0.6837552603419229,0
-6.811083,39,5437.711992,-100.0,-0.7141223016931528,0
-6.572572,44,5438.406637,-100.0,-0.7941147099230637,0
-6.776632,54,5439.258359,-100.0,-0.7271414483019015,0
-6.460837,35,5439.821053,-100.0,-0.6595697770508256,0
-7.513374,53,5440.678109,-100.0,-0.6137970706252315,0
-7.190247,40,5441.311162,-100.0,-0.799462944634217,0
-7.729031,39,5441.903472,-100.0,-0.6339319011297384,0
-6.812492,38,5543.997912,-100.0,-0.6166575349397831,0
-7.632657,54,5544.862657,-100.0,-0.8343972939759983,0
-6.646012,42,5545.526823,-100.0,-0.6271150470945572,0
-6.93943,45,5546.256432,-100.0,-0.6527845133677032,0
-6.527006,37,5546.849845,-100.0,-0.6350408142439002,0
-6.383018,45,5547.571476,-100.0,-0.8717993085793728,0
-6.45863,42,5548.230351,-100.0,-0.6714829419525448,0
-6.486087,41,5548.888603,-100.0,-0.715253726418406,0
-6.728767,51,5549.697054,-100.0,-0.7350935584371271,0
-6.129185,40,5550.34217,-100.0,-0.739750158256482,0
-6.497952,42,5551.02191,-100.0,-0.6611996874291867,0
-7.375647,49,5551.82074,-100.0,-0.6317428176856038,0
-6.401999,46,5552.56196,-100.0,-0.8161389599347276,0
-6.487742,39,5553.16954,-100.0,-0.7232585597944706,0
-6.554324,36,5553.753616,-100.0,-0.6686099873960147,0
-6.707824,39,5554.363182,-100.0,-0.7685291142965939,0
-6.909441,43,5555.056868,-100.0,-0.6964546174803861,0
-6.591988,48,5555.826829,-100.0,-0.7581979149881245,0
-6.578076,38,5556.436226,-100.0,-0.6944993455065777,0
-6.670424,41,5557.09149,-100.0,-0.6827062703797424,0
-6.544813,40,5557.73269,-100.0,-0.6328582136632388,0
-6.656703,43,5558.417914,-100.0,-0.6988080921213013,0
-6.369186,41,5559.077416,-100.0,-0.6831120186286084,0
-6.84462,41,5559.734586,-100.0,-0.8080627846820687,0
-6.657491,41,5560.383275,-100.0,-0.6747562918190548,0
-6.252697,43,5561.081696,-100.0,-0.8453384006544309,0
-6.712025,39,5561.70043,-100.0,-0.6397526905796256,0
-6.593034,39,5562.332315,-100.0,-0.7007483712426398,0
-6.600258,45,5563.056377,-100.0,-0.8582089547022184,0
-6.502303,42,5563.737163,-100.0,-0.7405512852102872,0
-6.836516,39,5564.338859,-100.0,-0.6323906370609321,0
-6.029033,36,5564.919216,-100.0,-0.7632534895742382,0
-6.147875,41,5565.560347,-100.0,-0.7676878177127343,0
-6.779766,38,5566.170669,-100.0,-0.7671670469177808,0
-6.540009,40,5566.816292,-100.0,-0.8510347733537132,0
-6.265502,43,5567.506589,-100.0,-0.6833427741262011,0
-6.983266,43,5568.190064,-100.0,-0.6470603488464042,0
-7.277208,49,5568.998598,-100.0,-0.6944571467955838,0
-6.73426,35,5569.547126,-100.0,-0.6217623458086036,0
-6.3759,38,5570.134678,-100.0,-0.711253546843006,0
-7.190079,56,5571.054136,-100.0,-0.6369742816534834,0
-6.573119,44,5571.761891,-100.0,-0.7085638007547728,0
-6.840213,44,5572.461863,-100.0,-0.6875373166784101,0
-6.473623,36,5573.028565,-100.0,-0.6084748290174613,0
-6.69734,45,5573.740332,-100.0,-0.6913894268141656,0
-7.160022,49,5574.531114,-100.0,-0.6694243629741753,0
-6.578751,45,5575.231853,-100.0,-0.782466884402053,0
-6.098419,43,5575.921019,-100.0,-0.7711206783976372,0
-6.683135,41,5692.046294,-100.0,-0.6612217164290525,0
-6.309086,35,5692.610324,-100.0,-0.7423691248893722,0
-6.339831,41,5693.286412,-100.0,-0.7607650165763773,0
-6.269805,35,5693.842087,-100.0,-0.6816001285490317,0
-6.608136,39,5694.471005,-100.0,-0.6538596694610612,0
-6.555433,42,5695.15201,-100.0,-0.6607311282006353,0
-6.74793,39,5695.769781,-100.0,-0.642376393766532,0
-6.221195,40,5696.406829,-100.0,-0.7204813770847462,0
-6.624782,43,5697.109812,-100.0,-0.6572593216227318,0
-6.469186,40,5697.750963,-100.0,-0.6696111958721164,0
-6.724497,39,5698.381268,-100.0,-0.8029496754224008,0
-6.980717,43,5699.063937,-100.0,-0.6998401881257682,0
-7.145463,53,5699.916053,-100.0,-0.6620719591052591,0
-6.217573,41,5700.587416,-100.0,-0.6996903759349231,0
-6.065248,42,5701.248815,-100.0,-0.7577383921177857,0
-5.965204,42,5701.928621,-100.0,-0.7867619649087917,0
-6.587006,41,5702.582706,-100.0,-0.6726555559271539,0
-6.699528,40,5703.235508,-100.0,-0.6230861317582581,0
-6.814451,54,5704.077217,-100.0,-0.6649269424552035,0
-6.612733,42,5704.760773,-100.0,-0.7268593659516527,0
-6.179958,34,5705.315493,-100.0,-0.7508775006950233,0
-6.422356,41,5705.972387,-100.0,-0.7028021378831659,0
-6.559814,41,5706.641815,-100.0,-0.6975323372940774,0
-6.518073,47,5707.401351,-100.0,-0.7314334951083246,0
-6.207306,39,5708.0304,-100.0,-0.6617358573750071,0
-5.973133,36,5708.607736,-100.0,-0.8045958313694317,0
-6.48279,44,5709.318079,-100.0,-0.659258309254394,0
-6.045279,35,5709.88559,-100.0,-0.6315207995581957,0
-6.325161,44,5710.605542,-100.0,-0.781073569809257,0
-6.19351,42,5711.27316,-100.0,-0.7780256735582184,0
-6.801732,37,5711.870253,-100.0,-0.6896386368738038,0
-6.78744,41,5712.52782,-100.0,-0.7133441779912971,0
-6.60332,32,5713.03785,-100.0,-0.693581436421557,0
-6.492918,38,5713.6447,-100.0,-0.68436892239888,0
-6.361029,40,5714.285721,-100.0,-0.7604240350000098,0
-6.452782,40,5714.931228,-100.0,-0.7719675753095286,0
-5.864057,36,5715.51687,-100.0,-0.7506357006194563,0
-6.089709,39,5716.134947,-100.0,-0.7188530537417339,0
-6.266273,37,5716.737096,-100.0,-0.6329747917001575,0
-6.980498,37,5717.338695,-100.0,-0.6371254680293571,0
-7.325853,40,5717.975638,-100.0,-0.6201523592223392,0
-6.305763,40,5718.616561,-100.0,-0.7024932746682014,0
-7.17917,55,5719.505265,-100.0,-0.5799895536645994,0
-6.837346,41,5720.159661,-100.0,-0.6667050505877793,0
-6.245192,40,5720.801646,-100.0,-0.8391543700121736,0
-6.499977,41,5721.460432,-100.0,-0.8313471195249227,0
-6.464966,41,5722.1264,-100.0,-0.6948468527274062,0
-6.950523,41,5722.785613,-100.0,-0.6181432777781236,0
-6.167054,39,5723.40955,-100.0,-0.7533954128886236,0
-6.273055,39,5724.041668,-100.0,-0.7155761578090168,0
-6.607277,44,5724.750618,-100.0,-0.6744623668207766,0
-6.322897,40,5840.920178,-100.0,-0.7295274691113901,0
-6.43327,36,5841.495689,-100.0,-0.6809611063927835,0
-6.469173,42,5842.178927,-100.0,-0.6983309402161756,0
-5.921551,34,5842.723327,-100.0,-0.7651457708049099,0
-6.976729,43,5843.416057,-100.0,-0.6722147520337469,0
-6.696923,40,5844.05696,-100.0,-0.7659564110617545,0
-6.499675,39,5844.685587,-100.0,-0.664529400980759,0
-6.059602,41,5845.350682,-100.0,-0.8601281309440888,0
-6.151535,39,5845.980807,-100.0,-0.7362416563458658,0
-6.744769,44,5846.686869,-100.0,-0.700152522250473,0
-6.396642,47,5847.437212,-100.0,-0.7166937470393145,0
-6.125556,40,5848.088626,-100.0,-0.7451954641643282,0
-6.216988,41,5848.73857,-100.0,-0.6869211971830131,0
-6.180846,35,5849.316676,-100.0,-0.8277215102050742,0
-5.555176,36,5849.891166,-100.0,-0.842506638910114,0
-6.459574,43,5850.587695,-100.0,-0.7378328663042893,0
-6.721985,41,5851.23946,-100.0,-0.6966812740785969,0
-6.537106,43,5851.933706,-100.0,-0.7542028073170496,0
-6.614287,39,5852.558818,-100.0,-0.8143721282778191,0
-6.578997,44,5853.259788,-100.0,-0.7594527738582042,0
-6.611528,44,5853.972202,-100.0,-0.7182199393470418,0
-6.461001,42,5854.632822,-100.0,-0.7443260669393436,0
-7.316103,49,5855.420221,-100.0,-0.8077163665478329,0
-6.369222,43,5856.130448,-100.0,-0.6835092232260158,0
-6.296114,34,5856.667878,-100.0,-0.7603826560094076,0
-6.51311,43,5857.35239,-100.0,-0.6577816242506944,0
-6.633576,39,5857.98081,-100.0,-0.6115030717279514,0
-5.95331,38,5858.598537,-100.0,-0.7733631673286031,0
-6.613073,37,5859.196854,-100.0,-0.6988923120298782,0
-6.638313,40,5859.847856,-100.0,-0.6947498927908147,0
-7.234721,39,5860.471191,-100.0,-0.6321976255849096,0
-6.721115,45,5861.186479,-100.0,-0.7194298552054473,0
-6.709327,42,5861.859369,-100.0,-0.7071874266475614,0
-6.238765,37,5862.454443,-100.0,-0.6087782874927807,0
-6.423624,40,5863.105496,-100.0,-0.6420113313613215,0
-6.328292,41,5863.760035,-100.0,-0.662887127230461,0
-6.731671,49,5864.567572,-100.0,-0.6804504482476351,0
-6.758164,42,5865.419692,-100.0,-0.6165813283175922,0
-6.681993,39,5866.036173,-100.0,-0.8116243071131278,0
-6.62129,45,5866.789606,-100.0,-0.6829276088343254,0
-6.963967,39,5867.402998,-100.0,-0.6330113714693282,0
-6.542371,49,5868.198597,-100.0,-0.7422868224629703,0
-7.396684,50,5869.007469,-100.0,-0.8650134956158269,0
-6.363085,39,5869.638511,-100.0,-0.7137966007587239,0
-6.570018,41,5870.300787,-100.0,-0.6211346683588287,0
-5.962999,34,5870.860891,-100.0,-0.7232392619615973,0
-6.187709,41,5871.514953,-100.0,-0.7305935906979151,0
-6.353381,38,5872.1189,-100.0,-0.7351115609490352,0
-6.597027,41,5872.77123,-100.0,-0.6990164394239087,0
-7.237086,39,5873.401241,-100.0,-0.6486964011661206,0
-6.499028,42,5993.4399,-100.0,-0.6919574079187814,0
-6.190139,44,5994.148884,-100.0,-0.7874708911987166,0
-6.226947,41,5994.812836,-100.0,-0.7505022242520933,0
-6.508319,45,5995.544134,-100.0,-0.7653183167539674,0
-6.649219,41,5996.211849,-100.0,-0.7468358557630069,0
-6.520335,38,5996.828734,-100.0,-0.7133310987439714,0
-6.699901,39,5997.454582,-100.0,-0.7182521424513989,0
-6.209593,40,5998.105733,-100.0,-0.7173661974508657,0
-6.602417,38,5998.71768,-100.0,-0.6709862453265538,0
-6.656067,49,5999.518832,-100.0,-0.6337783849318038,0
-6.637134,45,6000.245314,-100.0,-0.6664960096103882,0
-6.20436,41,6000.908863,-100.0,-0.6466198891250106,0
-6.209583,37,6001.512407,-100.0,-0.7066267090691072,0
-6.222998,36,6002.098204,-100.0,-0.6984890677218937,0
-6.992028,51,6002.917708,-100.0,-0.7136744259040269,0
-5.909982,39,6003.554104,-100.0,-0.7890715985613852,0
-5.976643,43,6004.257907,-100.0,-0.7233170282777407,0
-6.363642,41,6004.925006,-100.0,-0.7788859371252232,0
-7.012823,51,6005.731868,-100.0,-0.6467253477786058,0
-6.645018,37,6006.333851,-100.0,-0.6059403630285652,0
-6.183785,39,6006.977203,-100.0,-0.6373416796344809,0
-7.434708,57,6007.883873,-100.0,-0.6887654721364442,0
-6.137538,39,6008.519809,-100.0,-0.6545510762736555,0
-6.580484,40,6009.166759,-100.0,-0.6933932156509957,0
-6.471117,41,6009.849519,-100.0,-0.6892155011922605,0
-6.042094,40,6010.490499,-100.0,-0.7208519343571907,0
-6.756067,47,6011.245286,-100.0,-0.7250819869969611,0
-6.223928,42,6011.921924,-100.0,-0.7622597719902188,0
-6.294135,43,6012.602592,-100.0,-0.6240514808417033,0
-6.291201,37,6013.209779,-100.0,-0.7849206739511511,0
-6.694292,40,6013.862421,-100.0,-0.6807849266093563,0
-6.180347,40,6014.497049,-100.0,-0.7492381779471243,0
-5.986079,41,6015.186307,-100.0,-0.7945853780510364,0
-6.268517,39,6015.80303,-100.0,-0.7117910042030313,0
-6.276525,31,6016.298314,-100.0,-0.7560458877488991,0
-6.156423,35,6016.88186,-100.0,-0.6209185773912732,0
-6.188475,38,6017.487139,-100.0,-0.8418602833186182,0
-7.056688,44,6018.196907,-100.0,-0.6416497100804337,0
-6.437814,39,6018.842261,-100.0,-0.7566499866057336,0
-6.35644,37,6019.425982,-100.0,-0.6647640478845636,0
-5.940118,38,6020.047868,-100.0,-0.7115275834238332,0
-6.238144,45,6020.786405,-100.0,-0.7536938212955436,0
-6.464711,41,6021.462502,-100.0,-0.7626956533109608,0
-6.115289,43,6022.142745,-100.0,-0.8186209362136877,0
-5.898351,36,6022.720341,-100.0,-0.7724527674523595,0
-6.501172,34,6023.268426,-100.0,-0.6936215257882477,0
-6.351413,42,6023.954072,-100.0,-0.745105092165297,0
-6.138263,35,6024.523207,-100.0,-0.716846953664756,0
-6.135674,42,6025.208506,-100.0,-0.7056602601666563,0
-6.63212,44,6025.916077,-100.0,-0.661246920762525,0
-6.491234,37,6145.059347,-100.0,-0.629814726805694,0
-6.029356,41,6145.778508,-100.0,-0.8288446202185089,0
-6.53568,38,6146.439255,-100.0,-0.6959515479074417,0
-6.113038,39,6147.125965,-100.0,-0.7831444540948345,0
-6.094044,39,6147.808015,-100.0,-0.7431900279905084,0
-6.237095,42,6148.550114,-100.0,-0.7584225393365849,0
-6.068195,38,6149.20577,-100.0,-0.7301437348507712,0
-6.095136,39,6149.890129,-100.0,-0.7068013754461748,0
-5.953418,40,6150.604547,-100.0,-0.8200904933217966,0
-5.944102,32,6151.173005,-100.0,-0.7566944027807799,0
-6.419253,40,6151.87784,-100.0,-0.7102927249722021,0
-6.193479,43,6152.635583,-100.0,-0.7697983818035133,0
-6.31364,40,6153.328837,-100.0,-0.6572542931786387,0
-6.091046,39,6154.017098,-100.0,-0.7860595512608841,0
-5.597957,33,6154.60281,-100.0,-0.7313075684817985,0
-6.288881,38,6155.261668,-100.0,-0.6575565571627938,0
-5.877074,40,6155.967963,-100.0,-0.8008570777473009,0
-6.475245,40,6156.697005,-100.0,-0.679297996346202,0
-5.7583,33,6157.256392,-100.0,-0.7224025893361894,0
-6.069705,42,6158.006995,-100.0,-0.7887024375790459,0
-6.233836,38,6158.674182,-100.0,-0.7027407840858907,0
-6.016872,34,6159.268415,-100.0,-0.6682212596128866,0
-6.594051,39,6159.953713,-100.0,-0.6869644165381977,0
-6.07732,33,6160.532781,-100.0,-0.7077566819174338,0
-6.123481,42,6161.279522,-100.0,-0.6915834396108792,0
-6.530482,42,6162.013705,-100.0,-0.5934504267354719,0
-6.360815,41,6162.728782,-100.0,-0.8536906963440004,0
-6.351772,37,6163.373201,-100.0,-0.6716377018909476,0
-5.770239,34,6163.972447,-100.0,-0.7973612985466899,0
-5.96713,36,6164.603247,-100.0,-0.8982013001029688,0
-6.215376,38,6165.28108,-100.0,-0.7729644709675487,0
-6.557625,38,6165.939912,-100.0,-0.6004962084061544,0
-6.467537,40,6166.643748,-100.0,-0.8194885315042246,0
-6.515178,41,6167.352081,-100.0,-0.7116149324658743,0
-6.598086,47,6168.178277,-100.0,-0.7497144805497331,0
-5.669884,39,6168.849995,-100.0,-0.8082703392931594,0
-6.641567,43,6169.598858,-100.0,-0.6808928772018331,0
-5.703383,37,6170.254091,-100.0,-0.7863323614059108,0
-6.404166,40,6170.940907,-100.0,-0.6968049598828585,0
-5.505142,34,6171.553609,-100.0,-0.7473676147971827,0
-6.314689,42,6172.28891,-100.0,-0.6530868963904395,0
-6.098899,45,6173.076714,-100.0,-0.7934891381074493,0
-6.72106,46,6173.892011,-100.0,-0.8195948443534447,0
-6.04308,38,6174.558158,-100.0,-0.6882380358182434,0
-5.985032,45,6175.342419,-100.0,-0.8658951130582597,0
-5.901794,40,6176.04089,-100.0,-0.7012429619666202,0
-6.217687,31,6176.606467,-100.0,-0.7988858623598695,0
-6.176306,42,6177.336242,-100.0,-0.7014923211390315,0
-6.217885,39,6178.013247,-100.0,-0.7439480569042856,0
-6.396499,38,6178.690858,-100.0,-0.6742924526849365,0
-6.195943,44,6179.4444,-100.0,-0.777674570339073,0
-6.718256,48,6180.311684,-100.0,-0.7304073258625929,0
-5.907678,38,6301.901819,-100.0,-0.7851502838210302,0
-6.102015,44,6302.611695,-100.0,-0.7502902441239522,0
-5.748568,32,6303.139387,-100.0,-0.7439055871260128,0
-5.877963,39,6303.778432,-100.0,-0.8432183237559527,0
-6.169693,36,6304.371299,-100.0,-0.7642103326952676,0
-6.227404,42,6305.049612,-100.0,-0.8065799855666832,0
-5.713938,42,6305.737229,-100.0,-0.8533982093842405,0
-6.02629,38,6306.364097,-100.0,-0.7534664375649227,0
-6.652971,34,6306.921954,-100.0,-0.6229394322860128,0
-6.062354,36,6307.52492,-100.0,-0.7355164616675524,0
-5.750162,41,6308.181827,-100.0,-0.7786773827175905,0
-6.364187,40,6308.839985,-100.0,-0.7178375712539148,0
-5.819126,44,6309.541565,-100.0,-0.765115722987961,0
-5.816913,40,6310.195389,-100.0,-0.8280730212994534,0
-6.221584,36,6310.786549,-100.0,-0.65119522794227,0
-6.04789,44,6311.509214,-100.0,-0.7568433243888706,0
-6.422176,41,6312.158851,-100.0,-0.6217189211297744,0
-5.566009,32,6312.695369,-100.0,-0.6950245710154296,0
-6.509885,35,6313.26149,-100.0,-0.6073714016917018,0
-6.510585,38,6313.87779,-100.0,-0.6751725295817885,0
-6.137598,36,6314.466672,-100.0,-0.7293566363395271,0
-6.362333,40,6315.122427,-100.0,-0.6246058342983475,0
-6.216668,47,6315.889731,-100.0,-0.7609629203676085,0
-5.906545,38,6316.500598,-100.0,-0.7935075786139548,0
-5.843871,41,6317.181998,-100.0,-0.7293979446762615,0
-6.344079,40,6317.830193,-100.0,-0.7211921048351592,0
-6.443872,46,6318.583624,-100.0,-0.678483234424836,0
-6.311688,39,6319.23947,-100.0,-0.6777001444751091,0
-6.33979,39,6319.865407,-100.0,-0.7010078791396208,0
-6.554216,44,6320.582587,-100.0,-0.6915768432904064,0
-6.045439,34,6321.137461,-100.0,-0.6845511240147397,0
-6.552492,42,6321.829222,-100.0,-0.6970554957708001,0
-6.109605,35,6322.393558,-100.0,-0.8520344522310203,0
-6.151587,38,6323.015443,-100.0,-0.7649035431796265,0
-6.442794,35,6323.590769,-100.0,-0.6559925832827014,0
-6.053592,39,6324.238129,-100.0,-0.7895725283582559,0
-6.367898,39,6324.866626,-100.0,-0.6749903804136252,0
-6.309575,40,6325.521963,-100.0,-0.6399901185940083,0
-6.343585,40,6326.172173,-100.0,-0.6897841704184726,0
-6.154568,41,6326.855856,-100.0,-0.6658829030331266,0
-5.879003,37,6327.448611,-100.0,-0.7852677488039355,0
-6.374554,40,6328.117305,-100.0,-0.6909263970221359,0
-6.092177,39,6328.747091,-100.0,-0.7679488565669651,0
-6.146759,33,6329.287462,-100.0,-0.6775479096167685,0
-5.95005,34,6329.849454,-100.0,-0.8993827194911783,0
-6.656965,38,6330.474064,-100.0,-0.6711365512787896,0
-7.695281,63,6331.496963,-100.0,-0.6660580123056659,0
-6.031125,38,6332.128001,-100.0,-0.6416549039565705,0
-6.031426,39,6332.76079,-100.0,-0.8250729350305346,0
-5.950001,34,6333.330113,-100.0,-0.7041565400695867,0
-5.540511,32,6333.81901,-100.0,-0.7768164102845406,0
-7.481121,53,6334.700614,-100.0,-0.7273877955497486,0
-8.250318,38,6452.195947,-100.0,-0.7595126418048062,0
-6.535724,38,6452.83039,-100.0,-0.6441661992298638,0
-6.050757,33,6453.358332,-100.0,-0.6658413869342282,0
-6.134955,35,6453.956396,-100.0,-0.6624818322466423,0
-6.383283,35,6454.521986,-100.0,-0.6950758195987621,0
-6.267131,39,6455.158927,-100.0,-0.7311014037844025,0
-6.202683,35,6455.738477,-100.0,-0.6830682761597926,0
-6.520272,40,6456.412128,-100.0,-0.7065151637684944,0
-6.557759,40,6457.074178,-100.0,-0.6380304186304391,0
-6.373181,35,6457.644686,-100.0,-0.6927599193127758,0
-6.537028,39,6458.278645,-100.0,-0.6337912669689031,0
-5.829385,41,6458.951781,-100.0,-0.863183407935093,0
-6.444553,40,6459.590205,-100.0,-0.6819034097186194,0
-6.068489,34,6460.15938,-100.0,-0.7350142363461569,0
-6.350404,40,6460.81831,-100.0,-0.6324516593144616,0
-6.038961,34,6461.385543,-100.0,-0.6804393709238142,0
-6.044069,36,6461.975749,-100.0,-0.723056433385509,0
-6.256852,43,6462.672033,-100.0,-0.6595911793814441,0
-6.486395,40,6463.324883,-100.0,-0.6671468666447027,0
-6.314427,35,6463.916286,-100.0,-0.7086278519902601,0
-6.604636,42,6464.600419,-100.0,-0.8168704939521263,0
-6.424677,39,6465.23403,-100.0,-0.8531483788589729,0
-5.953755,35,6465.819274,-100.0,-0.7985240718332144,0
-6.332495,46,6466.58527,-100.0,-0.7243566231908172,0
-5.852877,40,6467.245252,-100.0,-0.6957167323068333,0
-6.189741,40,6467.884686,-100.0,-0.6575877604733862,0
-6.501862,42,6468.566936,-100.0,-0.6985107152098957,0
-6.204103,43,6469.263617,-100.0,-0.7407874105427501,0
-6.495645,43,6469.954376,-100.0,-0.6495811357450786,0
-6.169951,40,6470.606494,-100.0,-0.7114898082264463,0
-6.538358,37,6471.223457,-100.0,-0.6468821132115509,0
-6.451742,40,6471.885239,-100.0,-0.6997828781448338,0
-6.036642,34,6472.439445,-100.0,-0.7220100721667272,0
-6.196203,35,6473.02628,-100.0,-0.8806254165495918,0
-6.349775,41,6473.686112,-100.0,-0.6815948372286513,0
-6.392165,40,6474.345952,-100.0,-0.70528010921053,0
-6.959469,42,6475.030674,-100.0,-0.6714649918026632,0
-6.107387,35,6475.607128,-100.0,-0.6951344226994297,0
-5.707269,34,6476.170125,-100.0,-0.8455243923785495,0
-6.608118,37,6476.767798,-100.0,-0.8697907587830923,0
-5.935483,33,6477.322278,-100.0,-0.8246264844230401,0
-6.234481,35,6477.897849,-100.0,-0.709996550150551,0
-6.255157,33,6478.451349,-100.0,-0.711381513896102,0
-6.037687,34,6478.997147,-100.0,-0.671690220183152,0
-5.914608,38,6479.636697,-100.0,-0.8025360932533706,0
-6.236256,43,6480.31894,-100.0,-0.6619439147416051,0
-6.153424,38,6480.94502,-100.0,-0.6993374474860571,0
-5.774353,39,6481.592553,-100.0,-0.7563332760597032,0
-6.208251,39,6482.229224,-100.0,-0.7334740667521945,0
-5.928936,38,6482.85779,-100.0,-0.7605194505105048,0
-5.924056,33,6483.404403,-100.0,-0.8056511436884076,0
-6.219547,34,6483.96732,-100.0,-0.6887091577634249,0
-6.087991,34,6484.527948,-100.0,-0.6206319222421774,0
-6.076128,40,6485.182139,-100.0,-0.7451054099075619,0
-6.346998,33,6601.791574,-100.0,-0.7183032197489232,0
-6.144732,38,6602.413195,-100.0,-0.633206952093808,0
-6.014258,40,6603.076433,-100.0,-0.7268511556567973,0
-5.945812,32,6603.58646,-100.0,-0.8309968239878982,0
-5.988922,41,6604.27565,-100.0,-0.8147555009209396,0
-6.068995,37,6604.872733,-100.0,-0.7553340776608332,0
-5.86957,34,6605.434699,-100.0,-0.8070775647463747,0
-6.442751,35,6606.000908,-100.0,-0.6605480791164824,0
-5.716017,40,6606.668348,-100.0,-0.7659008792871832,0
-5.813183,34,6607.221542,-100.0,-0.7423341880699864,0
-6.614591,44,6607.961208,-100.0,-0.6778324152165655,0
-5.913408,39,6608.602363,-100.0,-0.7639462284424182,0
-5.776259,33,6609.151426,-100.0,-0.7308850359781954,0
-6.012903,34,6609.691582,-100.0,-0.7466173276591189,0
-5.918546,33,6610.24125,-100.0,-0.8547649863139896,0
-6.030503,33,6610.778553,-100.0,-0.6295966057099313,0
-6.182349,43,6611.496213,-100.0,-0.7651897460116952,0
-6.074556,38,6612.12066,-100.0,-0.6996108949858604,0
-5.633511,33,6612.66612,-100.0,-0.7154648333495093,0
-6.11843,36,6613.264643,-100.0,-0.7731611408888177,0
-6.101439,34,6613.821637,-100.0,-0.6753337583718494,0
-6.349893,38,6614.429958,-100.0,-0.6939699842664345,0
-5.831925,32,6614.959543,-100.0,-0.8173911589399847,0
-6.050694,34,6615.525339,-100.0,-0.6463741323783192,0
-5.969517,40,6616.159101,-100.0,-0.7796322164573002,0
-5.666997,34,6616.72875,-100.0,-0.7631256890361408,0
-6.215732,43,6617.424243,-100.0,-0.7375454397587474,0
-5.940924,37,6618.047776,-100.0,-0.6821532512118275,0
-5.625529,33,6618.597943,-100.0,-0.7814115540209489,0
-6.722524,38,6619.227034,-100.0,-0.6548527358457022,0
-5.739925,33,6619.782899,-100.0,-0.8298132036576688,0
-5.912131,34,6620.334287,-100.0,-0.7028479045719472,0
-5.796337,34,6620.878187,-100.0,-0.7129526434720154,0
-6.254116,38,6621.515328,-100.0,-0.740271969282749,0
-5.944393,35,6622.085785,-100.0,-0.688520241650675,0
-6.722054,44,6622.81309,-100.0,-0.6337025978495305,0
-6.123281,35,6623.385139,-100.0,-0.7166517380521338,0
-5.942239,38,6624.022846,-100.0,-0.6865292769727404,0
-6.13764,35,6624.5926,-100.0,-0.6505776291129342,0
-5.826619,40,6625.256608,-100.0,-0.8303899991124264,0
-6.065226,38,6625.880567,-100.0,-0.7124832562615321,0
-6.263822,36,6626.472813,-100.0,-0.6650923128176924,0
-6.160857,41,6627.146896,-100.0,-0.6393218350430743,0
-6.053985,41,6627.832876,-100.0,-0.7369053017346316,0
-6.103102,39,6628.477766,-100.0,-0.7475770891266332,0
-6.146328,33,6629.007258,-100.0,-0.6636368425673255,0
-5.578894,34,6629.549643,-100.0,-0.7464537775750846,0
-6.166903,37,6630.163008,-100.0,-0.7591340447604704,0
-6.360924,38,6630.795624,-100.0,-0.6169393747700616,0
-6.910074,38,6631.416894,-100.0,-0.6731805974939971,0
-6.370576,36,6632.019843,-100.0,-0.7299719181446147,0
-6.121519,41,6632.691005,-100.0,-0.7039900747702472,0
-6.721848,43,6633.392904,-100.0,-0.7355896133775659,0
-6.266988,36,6634.004614,-100.0,-0.6478828654099923,0
-6.355289,47,6634.763646,-100.0,-0.6490800797863103,0
-5.81048,33,6635.329271,-100.0,-0.7362323214701014,0
-6.37425,41,6751.629218,-100.0,-0.6638348575001425,0
-6.004388,36,6752.225213,-100.0,-0.7074908075411366,0
-5.695263,40,6752.887787,-100.0,-0.7870750035725579,0
-6.307264,40,6753.546193,-100.0,-0.7155470973413259,0
-5.97727,34,6754.112728,-100.0,-0.6795879302062449,0
-5.523512,33,6754.655539,-100.0,-0.7394782355307489,0
-5.7195,38,6755.291668,-100.0,-0.8042654306795606,0
-6.795916,36,6755.887273,-100.0,-0.6189915272540394,0
-6.317318,34,6756.440197,-100.0,-0.6371123999249808,0
-6.17429,40,6757.099701,-100.0,-0.6662851687481965,0
-5.815789,33,6757.644645,-100.0,-0.7628522712509119,0
-6.205272,43,6758.354448,-100.0,-0.6998248925232626,0
-5.945497,33,6758.903788,-100.0,-0.7257976861532447,0
-6.914162,39,6759.543721,-100.0,-0.6545013365515406,0
-5.493904,33,6760.091444,-100.0,-0.798218494793612,0
-6.325311,36,6760.695,-100.0,-0.7527710434682545,0
-5.984686,33,6761.22314,-100.0,-0.7465816984341216,0
-6.025229,45,6761.999016,-100.0,-0.7512643531060257,0
-5.991008,43,6762.694256,-100.0,-0.7411436539322569,0
-6.259566,37,6763.300355,-100.0,-0.7062201494368102,0
-6.071263,44,6764.036641,-100.0,-0.7631380958295434,0
-6.355936,35,6764.611165,-100.0,-0.6307481117150304,0
-5.648299,34,6765.161031,-100.0,-0.7308190072226195,0
-5.907258,33,6765.701604,-100.0,-0.7011621624935117,0
-5.893696,42,6766.419764,-100.0,-0.7738851069657943,0
-6.03496,34,6766.975173,-100.0,-0.6429828073679132,0
-6.114497,34,6767.531697,-100.0,-0.6854428114697,0
-5.792158,34,6768.083441,-100.0,-0.7386029189794032,0
-5.614469,33,6768.635302,-100.0,-0.7833127788865899,0
-5.883192,40,6769.305069,-100.0,-0.8173503819437601,0
-5.827737,36,6769.89966,-100.0,-0.727072489684602,0
-5.765723,33,6770.448422,-100.0,-0.8331763534514032,0
-5.904416,39,6771.083212,-100.0,-0.70733094932715,0
-5.936957,39,6771.731839,-100.0,-0.7047433875094236,0
-6.32622,41,6772.405674,-100.0,-0.6265019292474989,0
-6.070246,41,6773.090033,-100.0,-0.7464731537085645,0
-6.233091,35,6773.660192,-100.0,-0.6708365254330949,0
-5.806065,33,6774.193325,-100.0,-0.6805213867177904,0
-5.602295,39,6774.842127,-100.0,-0.8084867665426836,0
-5.954291,37,6775.468338,-100.0,-0.9088123353926427,0
-6.568571,44,6776.182681,-100.0,-0.706864654532583,0
-6.289665,42,6776.874475,-100.0,-0.7110975534768104,0
-6.677226,48,6777.679147,-100.0,-0.7007487904888524,0
-6.222501,38,6778.302107,-100.0,-0.683768398282974,0
-6.371045,39,6778.956897,-100.0,-0.6906918096645589,0
-5.736409,35,6779.528926,-100.0,-0.6988458724233886,0
-6.342972,39,6780.175515,-100.0,-0.6961908811336966,0
-6.151392,34,6780.745668,-100.0,-0.696655373481681,0
-6.636109,38,6781.377506,-100.0,-0.6135607972042787,0
-6.20979,43,6782.087803,-100.0,-0.7846083905073373,0
-6.083124,44,6782.813789,-100.0,-0.7622863267948458,0
-6.441015,44,6783.555725,-100.0,-0.6782582483425633,0
-5.602858,39,6784.190715,-100.0,-0.6940195874649483,0
-5.605279,34,6784.747469,-100.0,-0.7859310227544014,0
-6.228571,35,6903.836797,-100.0,-0.6673480316516488,0
-5.605718,38,6904.464719,-100.0,-0.8484149347149075,0
-6.207004,33,6905.010226,-100.0,-0.7625358858419942,0
-5.610942,39,6905.65351,-100.0,-0.8415469985305368,0
-5.955219,35,6906.237868,-100.0,-0.7450938359477998,0
-5.737878,36,6906.852947,-100.0,-0.7940346874558312,0
-7.59523,49,6907.65336,-100.0,-0.5895665750883629,0
-5.968277,34,6908.207756,-100.0,-0.6681128164757445,0
-6.360826,40,6908.878622,-100.0,-0.7348045358672876,0
-6.013528,34,6909.441685,-100.0,-0.6762158165251715,0
-6.307008,40,6910.094013,-100.0,-0.6621524398342079,0
-5.931491,40,6910.755313,-100.0,-0.802417956848316,0
-6.102157,34,6911.33176,-100.0,-0.6851308797093595,0
-6.48561,40,6911.988367,-100.0,-0.6724237379190728,0
-5.761678,33,6912.540851,-100.0,-0.9095656311269315,0
-6.150239,37,6913.152662,-100.0,-0.7824652717458969,0
-5.866861,45,6913.903334,-100.0,-0.8168313203663873,0
-5.643755,37,6914.520203,-100.0,-0.789125913728967,0
-5.828998,34,6915.076003,-100.0,-0.8322123973700082,0
-6.159689,40,6915.737837,-100.0,-0.6630879797976929,0
-6.160704,34,6916.314714,-100.0,-0.6583517337130421,0
-6.189006,35,6916.89714,-100.0,-0.6558642976732276,0
-6.031428,34,6917.440263,-100.0,-0.6557387719876444,0
-6.617558,47,6918.21517,-100.0,-0.7405968159896491,0
-5.943942,44,6918.970601,-100.0,-0.7798482401689344,0
-6.488453,40,6919.634533,-100.0,-0.6225946433471372,0
-6.031511,42,6920.308071,-100.0,-0.7285411534137389,0
-5.844775,43,6921.022937,-100.0,-0.8101097892363379,0
-5.980445,38,6921.646804,-100.0,-0.6589356982342033,0
-6.611952,54,6922.558622,-100.0,-0.6785601046135639,0
-6.018517,36,6923.145833,-100.0,-0.6612781577134733,0
-6.091243,39,6923.793549,-100.0,-0.713356627753169,0
-6.082154,34,6924.333245,-100.0,-0.7160100156834587,0
-6.164301,35,6924.924993,-100.0,-0.733006050825232,0
-6.047722,42,6925.617846,-100.0,-0.7077434303407488,0
-5.69494,34,6926.174338,-100.0,-0.8381892744095687,0
-6.362877,37,6926.786976,-100.0,-0.67033137996362,0
-6.635098,44,6927.514334,-100.0,-0.7071379691147649,0
-5.951716,34,6928.081186,-100.0,-0.6264101598864794,0
-6.221092,35,6928.661325,-100.0,-0.599031250102929,0
-5.542792,32,6929.191491,-100.0,-0.8719637645799766,0
-6.009842,35,6929.769409,-100.0,-0.81323351107805,0
-5.913147,32,6930.30175,-100.0,-0.7603279444275722,0
-6.150587,33,6930.828215,-100.0,-0.6699844540376644,0
-5.923129,34,6931.391152,-100.0,-0.7228634454548338,0
-5.991286,34,6931.951405,-100.0,-0.6027550933557835,0
-6.254433,33,6932.509614,-100.0,-0.8007890451752588,0
-6.487056,40,6933.168119,-100.0,-0.6858578983726256,0
-6.253936,39,6933.813897,-100.0,-0.6821302973838774,0
-5.901465,33,6934.360362,-100.0,-0.7109814386501692,0
-5.894454,38,6934.980968,-100.0,-0.7010981214050941,0
-6.367938,41,6935.663513,-100.0,-0.6876997880314374,0
-5.874173,41,6936.332905,-100.0,-0.7705155842236883,0
-6.497249,41,6937.022191,-100.0,-0.7780362233042531,0
-6.116519,35,7033.554758,-100.0,-0.6919792828335972,0
-5.632963,35,7034.126308,-100.0,-0.8223082852619735,0
-5.945366,32,7034.668211,-100.0,-0.7954154552485173,0
-6.298773,38,7035.299228,-100.0,-0.6308416425480714,0
-5.744688,36,7035.897686,-100.0,-0.7969523971310869,0
-6.420061,40,7036.564937,-100.0,-0.6443796867692295,0
-6.100264,38,7037.195036,-100.0,-0.8139059874488593,0
-5.641219,33,7037.751405,-100.0,-0.7005775602851871,0
-6.025125,40,7038.404603,-100.0,-0.696516382349121,0
-6.447028,48,7039.206274,-100.0,-0.7053494200462141,0
-6.096292,43,7039.929404,-100.0,-0.7785253565522788,0
-5.582087,34,7040.486888,-100.0,-0.7314866641114023,0
-5.742551,39,7041.149276,-100.0,-0.7921139152344187,0
-6.007968,35,7041.7281,-100.0,-0.631557679963789,0
-5.966283,40,7042.388165,-100.0,-0.6829280964344254,0
-5.781647,35,7042.959621,-100.0,-0.8496008746044742,0
-5.890771,34,7043.545525,-100.0,-0.7511015539813289,0
-6.084774,33,7044.07209,-100.0,-0.7156539990207351,0
-5.949402,38,7044.699452,-100.0,-0.7351939028875069,0
-5.856056,36,7045.288763,-100.0,-0.8214528190722098,0
-5.720375,33,7045.852758,-100.0,-0.7091959996825784,0
-5.824099,37,7046.455324,-100.0,-0.7762495021686971,0
-6.140665,33,7047.002428,-100.0,-0.7537079027902571,0
-5.79674,41,7047.694744,-100.0,-0.7604653857390804,0
-6.046352,38,7048.321138,-100.0,-0.6973892401646249,0
-5.955815,35,7048.896641,-100.0,-0.7414113484757143,0
-5.84833,37,7049.521218,-100.0,-0.8072885600850663,0
-5.802289,35,7050.10571,-100.0,-0.7545444414495897,0
-5.986486,38,7050.733153,-100.0,-0.782892842161621,0
-5.837435,34,7051.298296,-100.0,-0.6995929564648588,0
-5.565426,33,7051.845244,-100.0,-0.8129665760745608,0
-6.442224,44,7052.572014,-100.0,-0.6803687662187579,0
-6.2548,34,7053.131787,-100.0,-0.724744578912236,0
-6.01282,33,7053.676213,-100.0,-0.7351177302510719,0
-6.071094,33,7054.231945,-100.0,-0.5608954659236542,0
-6.423928,37,7054.855742,-100.0,-0.6692882418062023,0
-5.749751,33,7055.397616,-100.0,-0.8384872614907503,0
-5.492711,35,7055.990046,-100.0,-0.8089070794034218,0
-5.667677,34,7056.540317,-100.0,-0.8421835845573408,0
-5.944116,38,7057.190848,-100.0,-0.7869487757360083,0
-5.590475,33,7057.732201,-100.0,-0.7977481599454644,0
-6.071739,33,7058.273664,-100.0,-0.6483463715469249,0
-6.388475,36,7058.868789,-100.0,-0.641866862452172,0
-5.903954,42,7059.573627,-100.0,-0.7115460171208462,0
-6.145283,34,7060.132312,-100.0,-0.6555673129023771,0
-6.099384,34,7060.691314,-100.0,-0.7080839632310895,0
-5.449971,33,7061.235296,-100.0,-0.7484162552547022,0
-6.274537,37,7061.849865,-100.0,-0.7952944673127822,0
-5.762503,36,7062.451549,-100.0,-0.7463486691009467,0
-6.154413,33,7063.003446,-100.0,-0.6683016220789091,0
-5.796797,35,7063.579635,-100.0,-0.8106295859311838,0
-5.764124,34,7064.15251,-100.0,-0.8052350860826296,0
-5.889556,32,7064.690337,-100.0,-0.7593959534656196,0
-6.138529,38,7065.320377,-100.0,-0.6547262024549279,0
-5.980152,33,7065.863882,-100.0,-0.7527014363482851,0
-6.123942,32,7066.396734,-100.0,-0.6827535564893156,0
-5.5778,35,7066.983486,-100.0,-0.7609607888823189,0
-5.952766,34,7173.990055,-100.0,-0.6945154265563767,0
-6.022619,34,7174.558311,-100.0,-0.7221506784840168,0
-6.006241,36,7175.163722,-100.0,-0.8184777278520805,0
-5.738884,39,7175.791423,-100.0,-0.800586046541649,0
-6.045741,35,7176.38133,-100.0,-0.6522315452417149,0
-5.70518,34,7176.95182,-100.0,-0.7094550016646002,0
-5.794524,38,7177.582938,-100.0,-0.7824526497008014,0
-6.21382,33,7178.136013,-100.0,-0.7344918755752775,0
-5.67388,33,7178.697531,-100.0,-0.8017163695312194,0
-5.737023,39,7179.333205,-100.0,-0.7909012978844214,0
-6.067999,34,7179.901006,-100.0,-0.6643037762049199,0
-5.678202,35,7180.487249,-100.0,-0.6779086939137474,0
-6.39482,42,7181.194165,-100.0,-0.6653909447246993,0
-6.359627,34,7181.75379,-100.0,-0.651540561757912,0
-5.95168,34,7182.311027,-100.0,-0.6422637432032586,0
-5.771398,37,7182.930275,-100.0,-0.7328959337021872,0
-5.734282,34,7183.493687,-100.0,-0.7887684498486219,0
-6.202715,41,7184.188774,-100.0,-0.6635655641646477,0
-6.120057,39,7184.850618,-100.0,-0.8634115283853669,0
-6.623595,48,7185.661911,-100.0,-0.707909434307615,0
-5.864042,35,7186.24652,-100.0,-0.7056386791663444,0
-6.418018,39,7186.883491,-100.0,-0.7252685198077975,0
-6.103767,37,7187.496359,-100.0,-0.6323558508471891,0
-6.485869,37,7188.124877,-100.0,-0.736276267326569,0
-5.988912,35,7188.708477,-100.0,-0.7327785911770687,0
-6.080414,35,7189.279478,-100.0,-0.7198947262500096,0
-6.371698,39,7189.926635,-100.0,-0.6491588789820627,0
-5.736141,33,7190.479332,-100.0,-0.7339684338410649,0
-6.146288,34,7191.048866,-100.0,-0.7213133134949938,0
-5.409587,33,7191.603014,-100.0,-0.8102096864659684,0
-6.246838,35,7192.196882,-100.0,-0.6951804505158345,0
-5.813656,33,7192.757306,-100.0,-0.759301969763252,0
-6.034642,35,7193.332707,-100.0,-0.6422460177609809,0
-5.756552,34,7193.912784,-100.0,-0.8037522990114134,0
-5.727122,34,7194.478893,-100.0,-0.8145616639587192,0
-6.208974,34,7195.041282,-100.0,-0.6528345527617799,0
-5.925597,34,7195.604351,-100.0,-0.66866399851161,0
-5.898348,33,7196.146674,-100.0,-0.6687573862834338,0
-5.552375,33,7196.692704,-100.0,-0.8265636952867301,0
-6.248348,34,7197.269002,-100.0,-0.6586989825835903,0
-6.687932,39,7197.905353,-100.0,-0.693704112659012,0
-6.052878,35,7198.494258,-100.0,-0.6618855271474504,0
-5.478078,38,7199.125147,-100.0,-0.8882059937149367,0
-5.920868,33,7199.687463,-100.0,-0.7535618002298295,0
-5.945182,35,7200.260269,-100.0,-0.7455024817420403,0
-5.825633,39,7200.921204,-100.0,-0.7691648987871705,0
-6.120675,34,7201.477874,-100.0,-0.6732200341093907,0
-5.602694,32,7202.02021,-100.0,-0.8559086193763009,0
-5.89243,36,7202.624131,-100.0,-0.68164617427721,0
-6.009765,33,7203.157061,-100.0,-0.7030791109064106,0
-6.019701,34,7203.728762,-100.0,-0.6633088987332612,0
-5.900512,35,7204.313425,-100.0,-0.7082214672955098,0
-6.032023,38,7204.949212,-100.0,-0.7383624392774065,0
-6.043083,37,7205.550859,-100.0,-0.6415984613200647,0
-5.803471,32,7206.098065,-100.0,-0.7938220894157423,0
-5.842455,34,7206.669101,-100.0,-0.7673445871612868,0
-5.792171,33,7207.219813,-100.0,-0.7274936261660413,0
-6.101825,34,7207.771439,-100.0,-0.6444997816560512,0
-5.73926,33,7314.974576,-100.0,-0.7327174095864193,0
-5.528392,33,7315.523508,-100.0,-0.8024231193722062,0
-5.974139,39,7316.193308,-100.0,-0.7914266360358305,0
-5.9577,39,7316.853024,-100.0,-0.7787173377078414,0
-5.774987,33,7317.388705,-100.0,-0.7631628147881537,0
-5.702481,34,7317.962087,-100.0,-0.75194066244854,0
-6.263302,35,7318.558081,-100.0,-0.6270228750912694,0
-5.914598,34,7319.130992,-100.0,-0.6860029731321737,0
-6.333404,37,7319.743808,-100.0,-0.6757142669607465,0
-6.07965,34,7320.315145,-100.0,-0.5980470263602005,0
-5.70226,36,7320.905546,-100.0,-0.7169096630714339,0
-5.659614,33,7321.469944,-100.0,-0.8843349057886136,0
-6.248569,42,7322.16599,-100.0,-0.6865592732545832,0
-6.062886,42,7322.862651,-100.0,-0.7315151871773098,0
-6.000903,34,7323.435314,-100.0,-0.7120083270316294,0
-5.868872,42,7324.138271,-100.0,-0.7947960905195582,0
-5.70689,34,7324.710658,-100.0,-0.7263681359172892,0
-5.545965,32,7325.242584,-100.0,-0.7291836992461698,0
-5.987029,38,7325.868476,-100.0,-0.7710146203548595,0
-6.177552,39,7326.504828,-100.0,-0.7599606361383158,0
-5.882736,34,7327.07984,-100.0,-0.7256333647668088,0
-6.025755,34,7327.660113,-100.0,-0.7391097135412608,0
-5.695306,32,7328.188406,-100.0,-0.7429135501256161,0
-6.266774,41,7328.876688,-100.0,-0.6493106158726016,0
-5.781937,35,7329.462932,-100.0,-0.7526125824643943,0
-6.331007,42,7330.182666,-100.0,-0.6484913954502763,0
-5.858818,36,7330.780396,-100.0,-0.7932388768085715,0
-5.750644,33,7331.336656,-100.0,-0.7111530006502537,0
-5.978921,40,7332.001293,-100.0,-0.8287503584657906,0
-5.765504,33,7332.550708,-100.0,-0.7080556919504123,0
-5.489358,34,7333.112281,-100.0,-0.8158563369911931,0
-6.211438,37,7333.730133,-100.0,-0.6450255645788309,0
-5.579373,32,7334.277163,-100.0,-0.8375075219117881,0
-5.958065,36,7334.868688,-100.0,-0.6705590986124106,0
-5.540826,33,7335.426636,-100.0,-0.7532093132297963,0
-6.150774,33,7335.989633,-100.0,-0.7294738295644448,0
-5.621439,36,7336.591028,-100.0,-0.8124184910545496,0
-5.764239,33,7337.150309,-100.0,-0.6994018076634719,0
-5.803767,36,7337.751042,-100.0,-0.6830420887616563,0
-5.805203,48,7338.545955,-100.0,-0.7992168619592214,0
-5.767997,33,7339.092176,-100.0,-0.7591605217646992,0
-5.621233,33,7339.642701,-100.0,-0.7676876229535892,0
-6.110227,40,7340.307714,-100.0,-0.7578242606850082,0
-5.991079,34,7340.887603,-100.0,-0.6963333780779789,0
-5.559777,33,7341.43463,-100.0,-0.7907835687940442,0
-5.785583,35,7342.032154,-100.0,-0.7014563812224583,0
-5.432031,39,7342.675592,-100.0,-0.8782037876673299,0
-6.232694,35,7343.248285,-100.0,-0.6033784883795029,0
-6.281624,36,7343.851785,-100.0,-0.8016375603212424,0
-5.467147,34,7344.404191,-100.0,-0.8160636673254295,0
-5.862562,43,7345.13818,-100.0,-0.8026217804797328,0
-5.711939,33,7345.695161,-100.0,-0.7923947457407099,0
-6.406908,38,7346.324508,-100.0,-0.6448182535948047,0
-5.377875,34,7346.888674,-100.0,-0.7958161229072641,0
-5.689936,33,7347.443515,-100.0,-0.7827259900354518,0
-6.704085,43,7348.179278,-100.0,-0.7996942915168908,0
-5.989418,33,7477.442261,-100.0,-0.6056645304905702,0
-6.033581,33,7478.006416,-100.0,-0.71264052236216,0
-5.863196,40,7478.682677,-100.0,-0.7331407161319422,0
-6.495872,45,7479.457351,-100.0,-0.7450724994355585,0
-6.005667,37,7480.067432,-100.0,-0.7168690558192345,0
-5.868564,33,7480.620098,-100.0,-0.7959326657475129,0
-6.045272,34,7481.182393,-100.0,-0.6734175559978477,0
-5.796374,33,7481.739107,-100.0,-0.8631576987032478,0
-5.314241,32,7482.276416,-100.0,-0.87389359979472,0
-6.282045,35,7482.847755,-100.0,-0.6912917177065613,0
-5.384417,32,7483.395657,-100.0,-0.8260807498457204,0
-5.899759,33,7483.940173,-100.0,-0.6868517131257874,0
-5.810835,45,7484.697686,-100.0,-0.8582058377444368,0
-5.962492,34,7485.267053,-100.0,-0.6310441387547967,0
-5.775626,33,7485.822688,-100.0,-0.723952951672365,0
-5.771718,34,7486.3952,-100.0,-0.6954956513551087,0
-6.086628,34,7486.968607,-100.0,-0.6968648819660774,0
-5.430593,33,7487.526498,-100.0,-0.8066157231511671,0
-6.044478,34,7488.093313,-100.0,-0.6818314867192451,0
-5.731717,33,7488.652357,-100.0,-0.8671519348794615,0
-5.887727,35,7489.240721,-100.0,-0.7036025649679436,0
-5.60261,33,7489.799376,-100.0,-0.7509252562000261,0
-6.381523,34,7490.353645,-100.0,-0.7380355445194235,0
-5.882142,41,7491.049455,-100.0,-0.7224673505993489,0
-6.308735,37,7491.682265,-100.0,-0.6526001546024863,0
-5.841188,33,7492.230985,-100.0,-0.6450017149030635,0
-5.68829,33,7492.785354,-100.0,-0.8120487169990035,0
-5.574536,35,7493.370147,-100.0,-0.7777131483263559,0
-5.804868,33,7493.926498,-100.0,-0.7279197180021646,0
-6.342324,37,7494.543952,-100.0,-0.7042073168820895,0
-5.784606,32,7495.088238,-100.0,-0.7532371877347184,0
-5.977774,35,7495.666532,-100.0,-0.6894968573891029,0
-5.68041,34,7496.233542,-100.0,-0.7564500006776592,0
-5.828904,33,7496.787393,-100.0,-0.6499474691126134,0
-5.644515,34,7497.361269,-100.0,-0.7655102768344049,0
-5.763428,33,7497.906467,-100.0,-0.7854772885077105,0
-5.777502,35,7498.500477,-100.0,-0.7035985147211863,0
-6.209574,34,7499.072039,-100.0,-0.6812303807722742,0
-5.561444,35,7499.663466,-100.0,-0.7895699312504095,0
-6.090988,36,7500.259436,-100.0,-0.7253977368347638,0
-5.802611,34,7500.823044,-100.0,-0.7729655829774431,0
-5.794129,36,7501.423357,-100.0,-0.7202404817437355,0
-5.593162,34,7501.998374,-100.0,-0.770272995929524,0
-5.778739,34,7502.556294,-100.0,-0.6936183889135676,0
-5.486926,33,7503.114737,-100.0,-0.8471462102821359,0
-6.059685,39,7503.774161,-100.0,-0.7024299250209726,0
-5.942205,38,7504.41399,-100.0,-0.685451690183966,0
-5.699552,33,7504.972172,-100.0,-0.8051392890520388,0
-5.749683,33,7505.521309,-100.0,-0.6856157370159089,0
-5.558472,34,7506.074493,-100.0,-0.8147912446572996,0
-5.602466,33,7506.628906,-100.0,-0.8128404565051579,0
-5.799643,41,7507.336122,-100.0,-0.8007177210853853,0
-5.833849,32,7507.87642,-100.0,-0.7518094712250956,0
-5.969413,34,7508.462247,-100.0,-0.6775430241841782,0
-5.936704,35,7509.043056,-100.0,-0.6704003908825414,0
-5.760257,33,7509.596141,-100.0,-0.7179464075612081,0
-5.817843,34,7510.158748,-100.0,-0.7858420838642456,0
-5.961409,37,7510.780274,-100.0,-0.6500652367201399,0
-5.792714,34,7511.345007,-100.0,-0.6584472259995271,0
-6.057628,34,7636.148321,-100.0,-0.6526061274981613,0
-5.807219,34,7636.713573,-100.0,-0.6776615402972281,0
-5.864436,33,7637.278043,-100.0,-0.7524247948868377,0
-5.600339,32,7637.816353,-100.0,-0.827802264473383,0
-6.054844,33,7638.369591,-100.0,-0.6784302838320353,0
-5.629927,34,7638.935304,-100.0,-0.8095446297920221,0
-5.670669,33,7639.491011,-100.0,-0.7537583889767482,0
-5.934976,42,7640.186873,-100.0,-0.6762780726526318,0
-5.856226,41,7640.881001,-100.0,-0.7561316905542064,0
-5.652344,40,7641.567599,-100.0,-0.8234281198669314,0
-5.692586,33,7642.107363,-100.0,-0.8202076090395978,0
-6.119566,34,7642.679053,-100.0,-0.7015993518484974,0
-5.569005,33,7643.233531,-100.0,-0.8314570159452762,0
-5.919211,36,7643.84699,-100.0,-0.7492231700338671,0
-6.336799,34,7644.408032,-100.0,-0.6525591083732072,0
-5.715496,33,7644.958271,-100.0,-0.7741769593514349,0
-5.831509,33,7645.509982,-100.0,-0.7185935277439902,0
-5.723268,33,7646.066251,-100.0,-0.679008699069006,0
-5.802871,33,7646.623429,-100.0,-0.6940909300208321,0
-6.145713,35,7647.211299,-100.0,-0.719951320573064,0
-6.029284,38,7647.836662,-100.0,-0.7680155836806519,0
-5.546095,35,7648.435795,-100.0,-0.8198712200959143,0
-5.817863,34,7649.004022,-100.0,-0.7415370639763554,0
-6.145908,41,7649.704597,-100.0,-0.7619773322286219,0
-5.88973,33,7650.271391,-100.0,-0.7234932188754393,0
-5.526711,33,7650.819829,-100.0,-0.7407465645425233,0
-5.60124,33,7651.365045,-100.0,-0.7598078089547303,0
-5.894854,33,7651.90706,-100.0,-0.6697889003727191,0
-5.809745,33,7652.457203,-100.0,-0.7255417750834243,0
-5.902374,34,7653.029254,-100.0,-0.6839087555697767,0
-5.626581,40,7653.711651,-100.0,-0.7838601518983692,0
-5.403299,33,7654.246933,-100.0,-0.7548301650007303,0
-5.437331,33,7654.805989,-100.0,-0.7923761669031755,0
-5.890502,36,7655.412226,-100.0,-0.7447649993744387,0
-5.525152,39,7656.083106,-100.0,-0.8611456111604185,0
-6.194906,37,7656.701604,-100.0,-0.6719111207182813,0
-6.249667,34,7657.263933,-100.0,-0.7105645004708894,0
-6.024252,34,7657.836757,-100.0,-0.6397414043517403,0
-5.684183,33,7658.388055,-100.0,-0.7773553621918591,0
-5.821533,33,7658.942911,-100.0,-0.6793073354125851,0
-5.751278,34,7659.508066,-100.0,-0.7650063619646886,0
-6.126888,34,7660.069811,-100.0,-0.757774608535901,0
-5.599359,33,7660.618817,-100.0,-0.6930586782046908,0
-5.389102,33,7661.181833,-100.0,-0.693329169038205,0
-5.504212,34,7661.735723,-100.0,-0.8297150639768313,0
-5.47515,34,7662.309555,-100.0,-0.8324658073299352,0
-5.631287,34,7662.885485,-100.0,-0.7022063746906678,0
-5.845653,34,7663.459596,-100.0,-0.6995718846435203,0
-5.881818,38,7664.088275,-100.0,-0.8576853978867393,0
-6.201353,33,7664.65099,-100.0,-0.7249620272458107,0
-6.119334,36,7665.274296,-100.0,-0.8071802286604082,0
-5.469246,32,7665.798623,-100.0,-0.8436958215713908,0
-6.01828,38,7666.444601,-100.0,-0.7744976409935139,0
-5.854728,38,7667.094219,-100.0,-0.6891699137736851,0
-5.597678,34,7667.664128,-100.0,-0.8671558267969223,0
-5.744159,33,7668.214684,-100.0,-0.8204226530867423,0
-5.920921,36,7668.819965,-100.0,-0.8313948378153706,0
-5.571147,33,7669.378803,-100.0,-0.7153845395425744,0
-5.649176,32,7669.910373,-100.0,-0.8373872340447643,0
-5.994362,32,7791.035244,-100.0,-0.8119133980544505,0
-5.863855,35,7791.626764,-100.0,-0.6955242180862606,0
-6.355664,35,7792.216689,-100.0,-0.6128997219594903,0
-5.901083,41,7792.899838,-100.0,-0.6859328172404873,0
-6.144858,35,7793.498105,-100.0,-0.7443806171349733,0
-5.395888,33,7794.052192,-100.0,-0.8241083488626453,0
-5.935502,33,7794.601477,-100.0,-0.6801920378539258,0
-5.921243,32,7795.128947,-100.0,-0.7371916984589735,0
-5.7756,33,7795.677015,-100.0,-0.7904552520946461,0
-5.90346,35,7796.271472,-100.0,-0.7098049760733798,0
-5.390863,32,7796.817758,-100.0,-0.8948709429042475,0
-5.914212,33,7797.372857,-100.0,-0.6482173095456203,0
-6.222035,33,7797.931051,-100.0,-0.7788247839644978,0
-5.98235,33,7798.4923,-100.0,-0.7315621636097936,0
-5.515664,33,7799.048595,-100.0,-0.813807344979506,0
-6.025066,34,7799.617401,-100.0,-0.6425917057935577,0
-6.082539,34,7800.204618,-100.0,-0.6912818493969145,0
-6.037605,34,7800.7817,-100.0,-0.7428697104146997,0
-5.468793,32,7801.317637,-100.0,-0.8241298243874333,0
-5.777403,32,7801.852422,-100.0,-0.748913295898971,0
-5.967172,34,7802.427563,-100.0,-0.6652923922421848,0
-5.671176,33,7802.977871,-100.0,-0.7414214977318093,0
-5.887413,33,7803.53084,-100.0,-0.6530497268248244,0
-5.71296,32,7804.088035,-100.0,-0.8353925612076368,0
-5.809376,33,7804.643465,-100.0,-0.7756855632676682,0
-5.441372,34,7805.218687,-100.0,-0.7601097154562106,0
-6.143999,35,7805.808438,-100.0,-0.7364727224847425,0
-5.799724,33,7806.358442,-100.0,-0.6804402773170277,0
-6.024163,39,7807.011577,-100.0,-0.7111854549500626,0
-5.717247,33,7807.555859,-100.0,-0.783487176329154,0
-5.602908,33,7808.118776,-100.0,-0.6925431695292437,0
-5.515956,32,7808.657059,-100.0,-0.8022907282985396,0
-5.815913,40,7809.320914,-100.0,-0.8358969197041558,0
-5.989021,33,7809.87485,-100.0,-0.6816997732609722,0
-5.711543,35,7810.467385,-100.0,-0.8150786790965706,0
-5.581985,34,7811.04603,-100.0,-0.7571749506059543,0
-5.850141,33,7811.599582,-100.0,-0.65920490980037,0
-5.98893,37,7812.225111,-100.0,-0.6653547656335834,0
-5.939718,35,7812.804065,-100.0,-0.6854768280491678,0
-5.92982,34,7813.380062,-100.0,-0.6735655995500411,0
-5.447929,32,7813.926388,-100.0,-0.8156674330333608,0
-5.585071,36,7814.519338,-100.0,-0.8231903622451114,0
-5.979676,33,7815.071537,-100.0,-0.6814313615338212,0
-5.912345,33,7815.63579,-100.0,-0.7166314182292743,0
-6.114782,44,7816.350498,-100.0,-0.6343021183574861,0
-5.694769,33,7816.904593,-100.0,-0.7939004719243757,0
-5.724997,33,7817.464572,-100.0,-0.7970957933043814,0
-6.050073,33,7818.015742,-100.0,-0.6763179197953543,0
-5.512405,32,7818.564757,-100.0,-0.7918807777771601,0
-5.519439,33,7819.114524,-100.0,-0.8344213227567308,0
-5.421164,33,7819.680258,-100.0,-0.7291774696533053,0
-6.008171,34,7820.247288,-100.0,-0.6223449729146555,0
-5.618769,34,7820.826109,-100.0,-0.7624876394445111,0
-5.574981,36,7821.422758,-100.0,-0.819762176059185,0
-5.916333,33,7821.981205,-100.0,-0.6659332527229324,0
-5.937068,36,7822.584451,-100.0,-0.7774731043973458,0
-5.892106,43,7823.276198,-100.0,-0.7473843241255916,0
-5.914763,34,7823.853656,-100.0,-0.752868722562017,0
-5.701059,32,7824.392055,-100.0,-0.790679515108777,0
-5.743247,34,7824.963934,-100.0,-0.7988446857048249,0
-5.697422,33,7954.5458,-100.0,-0.7401471147677314,0
-6.035977,34,7955.162141,-100.0,-0.703901132075261,0
-5.820407,34,7955.789931,-100.0,-0.649832028075447,0
-5.371266,32,7956.372712,-100.0,-0.8416058519571435,0
-5.847148,33,7956.97677,-100.0,-0.7407727746504715,0
-5.859128,37,7957.644497,-100.0,-0.6257379343501079,0
-5.647035,33,7958.241227,-100.0,-0.7391976562189235,0
-5.909215,34,7958.867249,-100.0,-0.6673321472853785,0
-5.678854,32,7959.457669,-100.0,-0.7943832743171086,0
-5.756522,34,7960.082235,-100.0,-0.8233215746017065,0
-5.763408,32,7960.656915,-100.0,-0.8266119267272379,0
-5.781748,34,7961.272928,-100.0,-0.7134451856106013,0
-5.844421,35,7961.912298,-100.0,-0.722218252602323,0
-5.904892,34,7962.524749,-100.0,-0.6610672575683735,0
-5.659059,33,7963.117619,-100.0,-0.7919248651968792,0
-5.846407,36,7963.768785,-100.0,-0.7533374473768133,0
-5.689706,33,7964.371657,-100.0,-0.7753472930775094,0
-5.827242,34,7964.980996,-100.0,-0.6742594261644689,0
-5.578103,33,7965.584957,-100.0,-0.8093525897534252,0
-5.555568,32,7966.172648,-100.0,-0.7761549970989752,0
-5.454149,34,7966.795245,-100.0,-0.8479834724698008,0
-5.534715,34,7967.415672,-100.0,-0.809737507671139,0
-6.278615,34,7968.017439,-100.0,-0.7469912688719087,0
-6.02637,37,7968.69071,-100.0,-0.6643282264087731,0
-5.621272,33,7969.279039,-100.0,-0.7912943051560831,0
-5.93272,33,7969.884852,-100.0,-0.7419591365712237,0
-5.798211,33,7970.49804,-100.0,-0.6632965650033109,0
-5.518133,32,7971.068805,-100.0,-0.8625349255466827,0
-5.696058,34,7971.678846,-100.0,-0.8117200073592119,0
-5.817561,33,7972.2872,-100.0,-0.7087321193010112,0
-6.074308,34,7972.905109,-100.0,-0.674194882936079,0
-5.997907,36,7973.549137,-100.0,-0.6854394152756418,0
-5.983486,37,7974.221023,-100.0,-0.7365593836690971,0
-5.685669,33,7974.827184,-100.0,-0.756408724851316,0
-5.964816,34,7975.433811,-100.0,-0.6801018288134159,0
-6.09665,35,7976.076558,-100.0,-0.7201169883874626,0
-5.580839,33,7976.678998,-100.0,-0.7945331323176608,0
-5.855642,39,7977.409956,-100.0,-0.8215167240159454,0
-5.707893,40,7978.143496,-100.0,-0.7213129032760094,0
-6.00394,35,7978.762998,-100.0,-0.682398179647709,0
-5.983442,34,7979.383163,-100.0,-0.64296026448464,0
-5.879303,33,7979.98604,-100.0,-0.6775397450185907,0
-6.047974,33,7980.586852,-100.0,-0.6790096901357301,0
-5.864681,34,7981.205648,-100.0,-0.6420085102435978,0
-5.541549,33,7981.8194,-100.0,-0.8296899611629122,0
-5.513657,34,7982.432467,-100.0,-0.7207542432727089,0
-5.592292,32,7983.016448,-100.0,-0.8313018766693157,0
-5.8917,33,7983.612112,-100.0,-0.6475165544798405,0
-5.513541,33,7984.213462,-100.0,-0.8410895651005604,0
-6.295834,34,7984.828424,-100.0,-0.7160822150616605,0
-6.504557,33,7985.438951,-100.0,-0.5919602574065242,0
-5.858145,32,7986.018372,-100.0,-0.744229296910082,0
-5.821165,42,7986.811514,-100.0,-0.8335436427333605,0
-5.717118,33,7987.412118,-100.0,-0.879270676962837,0
-5.5754,32,7987.980792,-100.0,-0.8046169948443203,0
-6.015929,33,7988.587796,-100.0,-0.695637639338031,0
-5.550079,33,7989.183831,-100.0,-0.7920592936967643,0
-5.7656,33,7989.783179,-100.0,-0.749611625032492,0
-5.894485,34,7990.391227,-100.0,-0.6904242625228555,0
-5.672395,33,7990.996768,-100.0,-0.6911581972653387,0
-5.741079,33,7991.603697,-100.0,-0.6874041036490401,0
-5.507564,33,8110.543629,-100.0,-0.7912936284391116,0
-5.790311,34,8111.113708,-100.0,-0.6450506480652689,0
-5.35016,33,8111.669522,-100.0,-0.8061320170863565,0
-5.638291,33,8112.222243,-100.0,-0.8315593171527658,0
-6.205294,33,8112.785987,-100.0,-0.6047343077378579,0
-5.923471,33,8113.349407,-100.0,-0.6583031622581291,0
-5.747453,34,8113.915897,-100.0,-0.6751608216178654,0
-5.540415,33,8114.476205,-100.0,-0.7720313788216353,0
-5.827699,34,8115.040801,-100.0,-0.7279294294817454,0
-5.607078,33,8115.60665,-100.0,-0.8520512078984732,0
-5.516824,33,8116.153865,-100.0,-0.8642114503827173,0
-5.670884,34,8116.729862,-100.0,-0.9215156486478491,0
-5.994379,33,8117.284751,-100.0,-0.7571089725898085,0
-5.844219,34,8117.863352,-100.0,-0.7278943582653505,0
-6.042619,33,8118.416886,-100.0,-0.6614070410030275,0
-5.731576,33,8118.985845,-100.0,-0.7100999016861429,0
-5.707982,33,8119.539255,-100.0,-0.7092394538487761,0
-5.930515,42,8120.2279,-100.0,-0.7921621284292829,0
-5.691374,38,8120.866559,-100.0,-0.8021230986115329,0
-5.950384,36,8121.47747,-100.0,-0.6534832868461978,0
-5.963411,33,8122.040277,-100.0,-0.6926028709524873,0
-5.569925,33,8122.598397,-100.0,-0.741995874554121,0
-5.61767,34,8123.182692,-100.0,-0.7764551469765755,0
-5.665917,33,8123.739538,-100.0,-0.7600530287705562,0
-5.75032,34,8124.32157,-100.0,-0.6746079003767513,0
-6.090287,35,8124.910677,-100.0,-0.6684129226791214,0
-5.454553,33,8125.458809,-100.0,-0.7556531386855826,0
-5.772514,33,8126.011875,-100.0,-0.7849481570323065,0
-5.546781,38,8126.660722,-100.0,-0.8001842356765164,0
-5.621036,34,8127.238592,-100.0,-0.6758044522842456,0
-5.804638,37,8127.862374,-100.0,-0.7747615989142944,0
-5.906144,33,8128.428635,-100.0,-0.7060812763044756,0
-5.834946,33,8128.988522,-100.0,-0.7182376173580403,0
-5.485691,32,8129.522982,-100.0,-0.8861676096329832,0
-5.592736,33,8130.071691,-100.0,-0.7974472037979771,0
-5.705888,33,8130.62704,-100.0,-0.7337883840157453,0
-6.013425,36,8131.241471,-100.0,-0.7993156456041467,0
-5.469994,32,8131.772366,-100.0,-0.7893147817566541,0
-6.116911,33,8132.320964,-100.0,-0.665975355671212,0
-5.689176,34,8132.901713,-100.0,-0.7143536778005083,0
-5.844444,36,8133.4998,-100.0,-0.7594707566537766,0
-5.859167,33,8134.07368,-100.0,-0.6882156707712793,0
-5.704417,34,8134.633987,-100.0,-0.7605012866154333,0
-5.53336,32,8135.181103,-100.0,-0.8033037676195337,0
-5.876771,33,8135.742773,-100.0,-0.670808506050502,0
-6.032037,34,8136.31722,-100.0,-0.6747453394401677,0
-6.058375,38,8136.949248,-100.0,-0.6601717669318015,0
-5.833169,33,8137.50983,-100.0,-0.6632269887044294,0
-6.002244,42,8138.218257,-100.0,-0.7461311327548672,0
-5.737265,43,8138.955468,-100.0,-0.7615986567846886,0
-5.941201,37,8139.589093,-100.0,-0.6954399371937449,0
-5.423283,32,8140.109491,-100.0,-0.8118458926300723,0
-5.911311,33,8140.668726,-100.0,-0.6806279616905145,0
-5.730355,35,8141.242655,-100.0,-0.7971321228830843,0
-5.975542,34,8141.814661,-100.0,-0.7170727972225105,0
-5.791991,34,8142.381846,-100.0,-0.7545590008012536,0
-5.907499,34,8142.967399,-100.0,-0.6938533099385683,0
-5.446882,32,8143.506611,-100.0,-0.7954114500966033,0
-5.412639,32,8144.042918,-100.0,-0.8702061618135918,0
-5.725767,32,8144.568512,-100.0,-0.8549909525509727,0
-5.8184,33,8263.026453,-100.0,-0.7182397439347649,0
-6.077275,35,8263.629677,-100.0,-0.7410148024182454,0
-5.306681,32,8264.17346,-100.0,-0.8765969130278317,0
-6.406188,34,8264.754152,-100.0,-0.7061882285032508,0
-5.372394,34,8265.325421,-100.0,-0.8270990299665779,0
-5.650954,35,8265.92633,-100.0,-0.7514522756845597,0
-5.956322,34,8266.513078,-100.0,-0.7052321800311251,0
-6.001441,38,8267.143184,-100.0,-0.6637750127364204,0
-5.575133,33,8267.702003,-100.0,-0.7876490419946682,0
-5.495842,34,8268.283048,-100.0,-0.763439696402019,0
-5.944325,34,8268.85678,-100.0,-0.6635227454502909,0
-5.641455,33,8269.415025,-100.0,-0.7261397797727215,0
-5.664515,33,8269.980451,-100.0,-0.7365230765448779,0
-5.904453,33,8270.547562,-100.0,-0.6711444706969417,0
-5.494483,33,8271.109527,-100.0,-0.8046742131710006,0
-5.687238,39,8271.748148,-100.0,-0.8480092133767682,0
-5.480122,34,8272.337864,-100.0,-0.8161854787012891,0
-5.411015,32,8272.87636,-100.0,-0.7981120143765023,0
-5.857343,35,8273.480336,-100.0,-0.7427499929612982,0
-5.68404,40,8274.150925,-100.0,-0.7756578081372633,0
-6.192509,33,8274.709583,-100.0,-0.7362580811897452,0
-5.6806,32,8275.245875,-100.0,-0.8374917220871748,0
-5.412019,33,8275.817518,-100.0,-0.8273941154628172,0
-5.658684,33,8276.378244,-100.0,-0.7014599014505293,0
-5.382618,34,8276.955209,-100.0,-0.7518128401662302,0
-5.668717,32,8277.498645,-100.0,-0.7957787112258732,0
-6.063581,33,8278.052583,-100.0,-0.6559167953122221,0
-5.445881,33,8278.616554,-100.0,-0.8727809178941492,0
-6.014707,37,8279.227021,-100.0,-0.7002900014374007,0
-5.609056,32,8279.781477,-100.0,-0.8102159312555955,0
-5.832941,34,8280.353756,-100.0,-0.686878556556539,0
-6.045084,33,8280.917215,-100.0,-0.6569721278226034,0
-5.883337,34,8281.488979,-100.0,-0.6559826860563487,0
-5.70999,33,8282.048822,-100.0,-0.8081674562653685,0
-5.807099,32,8282.59374,-100.0,-0.7661635370258336,0
-5.641608,33,8283.159783,-100.0,-0.7413914634865174,0
-5.981662,36,8283.757573,-100.0,-0.6625676378005384,0
-6.161414,38,8284.388091,-100.0,-0.6912895863184493,0
-5.495855,37,8285.019333,-100.0,-0.8201288377483389,0
-5.747085,33,8285.569152,-100.0,-0.7126958890107618,0
-5.87476,34,8286.147933,-100.0,-0.6909400212292054,0
-5.446021,32,8286.694981,-100.0,-0.8319289409686758,0
-5.893215,34,8287.270598,-100.0,-0.7344592277270922,0
-6.045983,33,8287.835761,-100.0,-0.6382158603443167,0
-5.796948,32,8288.367118,-100.0,-0.8863897670081726,0
-5.94907,34,8288.957921,-100.0,-0.6562445283180994,0
-5.777731,33,8289.505564,-100.0,-0.7010896333456966,0
-5.652707,33,8290.057802,-100.0,-0.721256283595951,0
-6.093456,36,8290.670719,-100.0,-0.6458545366171733,0
-5.642241,36,8291.278155,-100.0,-0.7914331346053136,0
-5.876171,33,8291.843372,-100.0,-0.7519849853314198,0
-5.984657,36,8292.442321,-100.0,-0.7063417255877336,0
-6.010645,33,8293.001019,-100.0,-0.7783887050694446,0
-5.653094,40,8293.684965,-100.0,-0.7431835770397105,0
-5.467864,32,8294.220249,-100.0,-0.8528503735680516,0
-5.201857,32,8294.760364,-100.0,-0.8682523882522772,0
-5.719391,39,8295.418135,-100.0,-0.7976576625972887,0
-5.495479,33,8295.974039,-100.0,-0.77327112686946,0
-5.436884,32,8296.52849,-100.0,-0.855874820433784,0
-5.806757,34,8297.106277,-100.0,-0.7537382715206006,0
-5.735438,33,8415.725058,-100.0,-0.68140513426259,0
-5.82271,36,8416.324567,-100.0,-0.6750115069691236,0
-5.83568,33,8416.890818,-100.0,-0.7253699866662272,0
-5.527801,33,8417.450094,-100.0,-0.7389648406245042,0
-5.636538,38,8418.095554,-100.0,-0.7901958424554443,0
-5.616157,33,8418.664354,-100.0,-0.7394318797825917,0
-5.745377,32,8419.193322,-100.0,-0.8647743749694853,0
-5.558299,33,8419.756386,-100.0,-0.7494058359247345,0
-5.266212,32,8420.294893,-100.0,-0.8728005674420498,0
-5.797636,34,8420.862081,-100.0,-0.678401645661192,0
-5.327026,33,8421.414236,-100.0,-0.8234790818385017,0
-6.007221,35,8422.013687,-100.0,-0.6893852632358164,0
-5.754921,33,8422.571913,-100.0,-0.6971559027070746,0
-5.784291,33,8423.135491,-100.0,-0.6870617969316879,0
-5.855125,33,8423.694862,-100.0,-0.7283492478095274,0
-5.381209,33,8424.256594,-100.0,-0.8305228029111187,0
-5.426769,33,8424.816564,-100.0,-0.7371742118841939,0
-5.985683,41,8425.492612,-100.0,-0.7190500923465604,0
-5.880908,33,8426.049675,-100.0,-0.7046043308937171,0
-5.727103,38,8426.698994,-100.0,-0.9103173545624735,0
-5.698267,34,8427.277167,-100.0,-0.7403111662118201,0
-5.570388,33,8427.830511,-100.0,-0.771177451970335,0
-5.427304,33,8428.392288,-100.0,-0.8022805855430104,0
-6.043614,33,8428.946712,-100.0,-0.7794067830833938,0
-5.639909,34,8429.526527,-100.0,-0.8450665675617532,0
-5.905557,33,8430.098623,-100.0,-0.7306238260345643,0
-5.981695,35,8430.681877,-100.0,-0.7251946637179728,0
-6.131177,33,8431.245001,-100.0,-0.6882454754998681,0
-6.009579,33,8431.80111,-100.0,-0.6968032844300385,0
-5.769798,37,8432.418118,-100.0,-0.8026873761685047,0
-6.013373,37,8433.039054,-100.0,-0.6827778801654858,0
-5.354696,32,8433.592527,-100.0,-0.7726507267427221,0
-5.864531,33,8434.147225,-100.0,-0.676418042724574,0
-5.70337,33,8434.709822,-100.0,-0.6567339734326839,0
-5.581674,33,8435.271185,-100.0,-0.7602771274324628,0
-5.824749,34,8435.839402,-100.0,-0.6985559914518261,0
-5.459115,34,8436.424957,-100.0,-0.8498224908921385,0
-6.165179,34,8437.001941,-100.0,-0.6469740312487622,0
-6.378018,40,8437.691999,-100.0,-0.6857210200162829,0
-6.223922,34,8438.263632,-100.0,-0.678944159936079,0
-5.57655,33,8438.816096,-100.0,-0.7982487892490309,0
-5.691,34,8439.390073,-100.0,-0.6952555154038016,0
-6.133002,35,8439.981338,-100.0,-0.651627141274896,0
-5.487491,33,8440.536682,-100.0,-0.819774948944608,0
-6.008514,35,8441.142494,-100.0,-0.6837056487125088,0
-6.024418,34,8441.726281,-100.0,-0.6523225315653572,0
-5.600167,34,8442.304786,-100.0,-0.8559031529999024,0
-5.695373,39,8442.953984,-100.0,-0.7203679489117806,0
-5.551394,32,8443.486877,-100.0,-0.8501817046897885,0
-5.903294,36,8444.105554,-100.0,-0.6740712135147955,0
-5.427684,32,8444.6473,-100.0,-0.753646960701457,0
-6.237578,34,8445.210572,-100.0,-0.7127329191942012,0
-5.447727,33,8445.773795,-100.0,-0.7748288638724031,0
-5.807053,37,8446.385643,-100.0,-0.7945448236490645,0
-5.403734,32,8446.940621,-100.0,-0.7842161779908408,0
-6.089719,37,8447.571374,-100.0,-0.8051787504641098,0
-5.262727,32,8448.116297,-100.0,-0.8749610895335763,0
-5.770829,37,8448.73841,-100.0,-0.7261066852082777,0
-5.740625,34,8449.318023,-100.0,-0.7421616584689287,0
-5.910333,32,8449.834939,-100.0,-0.8383385770270136,0
-5.894703,35,8567.897632,-100.0,-0.689903309552246,0
-5.844022,34,8568.475113,-100.0,-0.6572159439064968,0
-5.871819,33,8569.041465,-100.0,-0.7759033167888783,0
-5.615758,35,8569.631992,-100.0,-0.7412513355054136,0
-5.773426,34,8570.204451,-100.0,-0.7718805448985985,0
-5.701383,33,8570.761408,-100.0,-0.7492447118204127,0
-6.043461,34,8571.337451,-100.0,-0.6762995473453433,0
-5.811791,42,8572.043272,-100.0,-0.8393844299118415,0
-5.93408,35,8572.644216,-100.0,-0.6629073121167559,0
-6.087222,36,8573.259863,-100.0,-0.6845716374776252,0
-5.684578,36,8573.861841,-100.0,-0.7488960733479663,0
-5.56714,33,8574.429779,-100.0,-0.7918870816678024,0
-5.755084,32,8574.98282,-100.0,-0.7932882482930217,0
-5.440594,33,8575.534226,-100.0,-0.7856340144837722,0
-6.39392,39,8576.196732,-100.0,-0.6739089239428401,0
-5.730865,34,8576.770006,-100.0,-0.767520580162812,0
-5.828021,33,8577.337282,-100.0,-0.7439794510068044,0
-5.69784,33,8577.88821,-100.0,-0.7575970202745599,0
-5.47035,33,8578.456798,-100.0,-0.8108492127407152,0
-5.333014,32,8578.990553,-100.0,-0.9077032326181792,0
-5.746439,33,8579.551544,-100.0,-0.7615617555591504,0
-5.776454,34,8580.12552,-100.0,-0.6800524588070108,0
-5.229392,34,8580.714108,-100.0,-0.8656919243413045,0
-5.908724,34,8581.302588,-100.0,-0.7114473218055395,0
-5.904604,33,8581.84763,-100.0,-0.7385798865139384,0
-5.787144,37,8582.493118,-100.0,-0.6939874314306189,0
-5.851625,33,8583.044832,-100.0,-0.7236337394705565,0
-5.747227,37,8583.666544,-100.0,-0.7554755556992072,0
-5.722463,34,8584.24894,-100.0,-0.7079197072069181,0
-5.747946,34,8584.810172,-100.0,-0.7448162092740537,0
-5.803645,33,8585.366254,-100.0,-0.6814136967856911,0
-5.61375,34,8585.951745,-100.0,-0.8035463874212796,0
-5.585092,32,8586.502192,-100.0,-0.7845056394921603,0
-5.312714,33,8587.053104,-100.0,-0.816039062539939,0
-5.848862,37,8587.676199,-100.0,-0.7661301081045977,0
-6.011947,33,8588.241994,-100.0,-0.6432108572021951,0
-5.840533,33,8588.802963,-100.0,-0.7200691239133545,0
-5.463782,32,8589.349003,-100.0,-0.7965792777326542,0
-5.814483,33,8589.90868,-100.0,-0.6737244931916994,0
-6.07543,33,8590.471055,-100.0,-0.6789840072000866,0
-5.60302,32,8591.009829,-100.0,-0.8750239889662909,0
-5.436445,32,8591.548118,-100.0,-0.8422900508195588,0
-5.418223,33,8592.113774,-100.0,-0.8429065994507265,0
-5.272548,33,8592.670888,-100.0,-0.7834303385776155,0
-5.42916,32,8593.204698,-100.0,-0.8630196428672646,0
-5.780256,33,8593.758832,-100.0,-0.7593092504189298,0
-5.807224,41,8594.460363,-100.0,-0.7650805853353256,0
-5.634435,35,8595.052343,-100.0,-0.6899424843018409,0
-5.842849,33,8595.603586,-100.0,-0.701605772535112,0
-5.833245,40,8596.310863,-100.0,-0.7259926205256159,0
-5.533093,33,8596.870532,-100.0,-0.7473273072731549,0
-5.808812,33,8597.432239,-100.0,-0.7168855542696527,0
-5.258016,33,8597.990206,-100.0,-0.8702497450656662,0
-5.925845,39,8598.65847,-100.0,-0.6404270539569702,0
-5.790711,34,8599.227211,-100.0,-0.801133847075973,0
-5.474685,33,8599.787884,-100.0,-0.7680286112702206,0
-5.454511,32,8600.318755,-100.0,-0.7446322018246424,0
-5.711484,37,8601.163908,-100.0,-0.744871037299166,0
-5.674395,35,8601.748515,-100.0,-0.6979035172761943,0
-5.743042,33,8602.300891,-100.0,-0.6005655137642558,0
-5.803086,33,8718.006287,-100.0,-0.7097605019221035,0
-5.503776,33,8718.564759,-100.0,-0.7878996937625261,0
-5.806078,34,8719.136328,-100.0,-0.7103575570447809,0
-5.630669,34,8719.725332,-100.0,-0.7858710532237188,0
-5.501499,32,8720.270306,-100.0,-0.8485041921446735,0
-5.614406,34,8720.839946,-100.0,-0.787181533946559,0
-5.91701,33,8721.405148,-100.0,-0.6699390618349923,0
-5.939689,35,8721.998316,-100.0,-0.6778241809058716,0
-5.522448,34,8722.579071,-100.0,-0.8150260455573887,0
-5.968188,35,8723.168222,-100.0,-0.6902727972366764,0
-5.872609,34,8723.756563,-100.0,-0.7743790826153994,0
-5.841051,34,8724.352905,-100.0,-0.7251849568923364,0
-5.706345,33,8724.914827,-100.0,-0.7657998090248691,0
-6.120186,40,8725.563047,-100.0,-0.6462198518549642,0
-5.424284,32,8726.117511,-100.0,-0.8613345266605822,0
-5.392377,33,8726.679881,-100.0,-0.9109003306864887,0
-6.01825,34,8727.259719,-100.0,-0.6507417268622906,0
-5.657641,32,8727.798456,-100.0,-0.8816031438394107,0
-5.419245,37,8728.427132,-100.0,-0.8094574526210832,0
-5.400134,33,8728.984645,-100.0,-0.8131141645964028,0
-5.670675,33,8729.551329,-100.0,-0.6893449090967055,0
-6.035179,35,8730.14455,-100.0,-0.6853982194248645,0
-5.898111,33,8730.699877,-100.0,-0.6201627455172586,0
-5.446811,32,8731.242873,-100.0,-0.8634073704930396,0
-5.515601,39,8731.917296,-100.0,-0.8098333663797226,0
-5.656867,33,8732.464674,-100.0,-0.7804457014565143,0
-5.463561,32,8733.007878,-100.0,-0.8275943703709971,0
-6.143597,34,8733.581755,-100.0,-0.6171007612676901,0
-5.872378,35,8734.175624,-100.0,-0.7771720727692024,0
-5.353504,32,8734.722655,-100.0,-0.9036398309524176,0
-5.731483,34,8735.299177,-100.0,-0.7635366865876978,0
-5.559565,32,8735.83998,-100.0,-0.8179133740408859,0
-5.545614,32,8736.385624,-100.0,-0.7652891066349483,0
-5.979636,34,8736.967432,-100.0,-0.6401524047652439,0
-5.387456,32,8737.50212,-100.0,-0.8288485694884196,0
-5.363272,32,8738.053979,-100.0,-0.8328370246152133,0
-5.712662,33,8738.621608,-100.0,-0.6985567539782563,0
-5.739626,33,8739.185977,-100.0,-0.6983026622287314,0
-5.396493,32,8739.721186,-100.0,-0.8962460375158214,0
-5.94418,34,8740.311336,-100.0,-0.6417287956707952,0
-5.842995,34,8740.885463,-100.0,-0.7630598171699738,0
-5.779359,33,8741.451485,-100.0,-0.7412827058298674,0
-5.713542,33,8742.012595,-100.0,-0.7560001368700112,0
-5.803033,34,8742.591924,-100.0,-0.7256556110694123,0
-5.495562,32,8743.138535,-100.0,-0.9035053405039299,0
-6.147123,39,8743.768125,-100.0,-0.6802206277284343,0
-5.680024,35,8744.380368,-100.0,-0.7077045767771274,0
-5.302829,32,8744.913959,-100.0,-0.8694542402296263,0
-5.488073,33,8745.476036,-100.0,-0.7465339841249614,0
-5.781804,33,8746.018326,-100.0,-0.740620314420239,0
-5.739954,33,8746.586382,-100.0,-0.7463954030180002,0
-5.596921,33,8747.148728,-100.0,-0.7736056823492727,0
-5.696501,33,8747.718375,-100.0,-0.741834057639947,0
-5.418082,33,8748.278075,-100.0,-0.8288051109554181,0
-5.430855,32,8748.830026,-100.0,-0.7802617806138886,0
-5.895451,41,8749.521954,-100.0,-0.7286178163409756,0
-5.531736,32,8750.061389,-100.0,-0.8394617242812535,0
-5.585477,37,8750.687813,-100.0,-0.8736010971596757,0
-5.856655,34,8751.262386,-100.0,-0.6867367829314932,0
-5.527836,32,8751.814078,-100.0,-0.8470192145262923,0
-5.292031,33,8869.774584,-100.0,-0.8343424283272503,0
-5.760655,33,8870.328176,-100.0,-0.8026251345687314,0
-5.521989,33,8870.897904,-100.0,-0.7848703218376367,0
-5.906353,37,8871.511746,-100.0,-0.6881042857083902,0
-5.462758,33,8872.080049,-100.0,-0.7956481459418087,0
-5.484507,34,8872.650693,-100.0,-0.8260986441340407,0
-6.044459,34,8873.224177,-100.0,-0.6782210692924459,0
-5.57542,33,8873.784304,-100.0,-0.6893248053923117,0
-5.659602,33,8874.353866,-100.0,-0.8031475259593456,0
-5.718893,33,8874.916903,-100.0,-0.6573059397949055,0
-5.696871,34,8875.500108,-100.0,-0.6870638152606094,0
-5.770679,33,8876.061396,-100.0,-0.6341329675984744,0
-5.807911,33,8876.630738,-100.0,-0.7195777818865982,0
-5.774035,40,8877.309689,-100.0,-0.7564302526417993,0
-5.622677,35,8877.896191,-100.0,-0.8071946435205379,0
-5.814022,33,8878.467372,-100.0,-0.7497927382983023,0
-5.737354,34,8879.044015,-100.0,-0.6955171072480402,0
-5.59458,33,8879.607524,-100.0,-0.7266995646076806,0
-5.387514,34,8880.185485,-100.0,-0.8594568734895545,0
-5.858137,33,8880.758887,-100.0,-0.7658865924330297,0
-5.531214,33,8881.32063,-100.0,-0.8191049005232527,0
-5.639354,33,8881.87843,-100.0,-0.7864049357968426,0
-5.601325,32,8882.423462,-100.0,-0.8273812738030663,0
-5.698812,33,8882.98247,-100.0,-0.7245486951253691,0
-5.55784,33,8883.547216,-100.0,-0.8433586509816486,0
-5.797182,41,8884.241895,-100.0,-0.6464747462690483,0
-5.442469,43,8884.973519,-100.0,-0.8310910631958732,0
-5.848728,35,8885.568722,-100.0,-0.6530523131182546,0
-5.877979,34,8886.144362,-100.0,-0.6879580037629687,0
-5.499679,32,8886.696846,-100.0,-0.7665041227610554,0
-5.486166,33,8887.260455,-100.0,-0.5018401335109854,0
-6.004614,39,8887.934188,-100.0,-0.701321244984392,0
-6.015867,34,8888.496037,-100.0,-0.684861554339542,0
-5.66891,33,8889.060611,-100.0,-0.7829608350116861,0
-5.814826,33,8889.622264,-100.0,-0.6953258590731267,0
-5.954661,33,8890.183394,-100.0,-0.6972468259645254,0
-5.708841,41,8890.891828,-100.0,-0.8188977807784775,0
-5.592645,33,8891.453164,-100.0,-0.7634825262235067,0
-5.595272,33,8892.013442,-100.0,-0.7189583666018229,0
-5.722746,33,8892.558593,-100.0,-0.7163881662074444,0
-5.347622,33,8893.120731,-100.0,-0.7653388773084739,0
-6.046038,35,8893.722068,-100.0,-0.672455767042763,0
-5.914541,34,8894.296767,-100.0,-0.6728111376176706,0
-5.678387,33,8894.863328,-100.0,-0.7396788993011044,0
-5.736587,33,8895.417946,-100.0,-0.7116021557801641,0
-5.354368,34,8895.999352,-100.0,-0.8229224220278754,0
-5.386443,34,8896.574243,-100.0,-0.8697579611309655,0
-5.559624,32,8897.120104,-100.0,-0.8342907286938328,0
-5.532613,33,8897.676714,-100.0,-0.7707624492196026,0
-5.548182,32,8898.227402,-100.0,-0.8003911627625908,0
-5.737705,35,8898.809296,-100.0,-0.7387491269980603,0
-5.526066,33,8899.377862,-100.0,-0.8381622913741227,0
-5.900975,34,8899.950131,-100.0,-0.6811185565611173,0
-5.309951,37,8900.590774,-100.0,-0.8777260435799954,0
-5.527171,34,8901.175662,-100.0,-0.7763897348283003,0
-5.669383,35,8901.754218,-100.0,-0.7566780264137429,0
-6.091051,33,8902.314191,-100.0,-0.6035382760476377,0
-5.44426,33,8902.866859,-100.0,-0.8010537246699809,0
-5.715534,34,8903.450119,-100.0,-0.7464107636495214,0
-5.851361,45,8904.211676,-100.0,-0.708888318144015,0
-5.37096,33,9019.346725,-100.0,-0.8927143785334316,0
-5.975462,34,9019.921257,-100.0,-0.6599723201716032,0
-6.183756,35,9020.5162,-100.0,-0.6979369183629841,0
-5.825526,34,9021.091622,-100.0,-0.7032502846285604,0
-5.539696,33,9021.654809,-100.0,-0.744920275772605,0
-5.769952,33,9022.213048,-100.0,-0.7327975414477014,0
-5.497945,33,9022.765224,-100.0,-0.6732221734809749,0
-5.51859,33,9023.338723,-100.0,-0.8071254576571287,0
-6.057376,36,9023.95066,-100.0,-0.6578463455658713,0
-5.68188,32,9024.499566,-100.0,-0.7657247723802898,0
-5.39801,32,9025.028514,-100.0,-0.7719864845559623,0
-5.789725,33,9025.595996,-100.0,-0.7205403770039104,0
-5.844132,41,9026.28067,-100.0,-0.7098649062481658,0
-5.403722,33,9026.847108,-100.0,-0.8401221126834786,0
-5.685043,34,9027.41985,-100.0,-0.7022749354232218,0
-5.435799,33,9027.986773,-100.0,-0.8222024654619008,0
-5.308034,32,9028.526674,-100.0,-0.9030586674041665,0
-5.559026,33,9029.091089,-100.0,-0.7224321164354695,0
-5.307614,33,9029.653796,-100.0,-0.7800177730940756,0
-5.89771,34,9030.236406,-100.0,-0.7205560823460745,0
-5.381102,34,9030.809125,-100.0,-0.877580847971858,0
-5.181751,32,9031.362192,-100.0,-0.8542880515959729,0
-5.906372,40,9032.040012,-100.0,-0.7462281631504732,0
-6.183847,35,9032.625529,-100.0,-0.7375170596232262,0
-5.565535,33,9033.197471,-100.0,-0.8118162805627819,0
-5.826381,33,9033.754132,-100.0,-0.6842160744649375,0
-5.277669,33,9034.314708,-100.0,-0.8794424414838362,0
-5.404705,33,9034.882514,-100.0,-0.8691144576746539,0
-5.760598,33,9035.439617,-100.0,-0.7448898013137646,0
-5.636986,33,9035.990912,-100.0,-0.7485575163803238,0
-5.4242,33,9036.541886,-100.0,-0.8246110396541644,0
-5.413691,33,9037.107217,-100.0,-0.7711777670373079,0
-5.839123,33,9037.665994,-100.0,-0.6520178118940448,0
-5.620141,33,9038.229432,-100.0,-0.7969208302783755,0
-5.864156,34,9038.815604,-100.0,-0.6607723001963743,0
-6.34615,35,9039.409133,-100.0,-0.6342597510305438,0
-5.558306,34,9039.979906,-100.0,-0.7381112977263018,0
-5.670289,32,9040.523026,-100.0,-0.754646929465694,0
-5.813521,35,9041.121433,-100.0,-0.7050469227215019,0
-5.640058,33,9041.681237,-100.0,-0.803676475441245,0
-5.421313,33,9042.249259,-100.0,-0.8368791623078805,0
-6.146802,44,9042.974516,-100.0,-0.6775178986046957,0
-5.620995,34,9043.548231,-100.0,-0.7394983141740633,0
-5.345159,33,9044.121712,-100.0,-0.8302788245518691,0
-5.458853,32,9044.659317,-100.0,-0.9173367461027356,0
-5.526175,33,9045.232122,-100.0,-0.7850164583541772,0
-5.79908,34,9045.803164,-100.0,-0.6546413660796393,0
-5.389311,33,9046.37022,-100.0,-0.808517527020291,0
-5.686026,36,9046.978878,-100.0,-0.6914331780617916,0
-5.787225,33,9047.545506,-100.0,-0.7291291373544817,0
-5.530732,33,9048.109737,-100.0,-0.6977142910573023,0
-5.385681,33,9048.66689,-100.0,-0.7808338166872295,0
-5.497441,33,9049.434557,-100.0,-0.7992778811495752,0
-6.158867,34,9050.002576,-100.0,-0.6766142243330715,0
-5.820938,34,9050.57736,-100.0,-0.7100530154907069,0
-5.446929,32,9051.12724,-100.0,-0.7956249765513329,0
-5.676468,33,9051.694514,-100.0,-0.7298366394140271,0
-5.49449,33,9052.258483,-100.0,-0.7704040485206036,0
-5.85519,34,9052.828381,-100.0,-0.7088556959773411,0
-5.937343,33,9053.387729,-100.0,-0.6737509837223465,0
-5.380928,33,9053.955345,-100.0,-0.7632880715097954,0
-5.982133,34,9171.385922,-100.0,-0.7184047530964481,0
-5.570295,34,9171.968339,-100.0,-0.7734521416856627,0
-5.48196,33,9172.52905,-100.0,-0.715734852801856,0
-5.823817,34,9173.120551,-100.0,-0.7078374278045503,0
-5.556038,33,9173.681587,-100.0,-0.8569528549337855,0
-5.629107,33,9174.244882,-100.0,-0.6976535919197491,0
-5.42326,32,9174.785336,-100.0,-0.8133000157998008,0
-5.32729,32,9175.330803,-100.0,-0.8999237194576455,0
-5.594408,33,9175.890378,-100.0,-0.7393688275728957,0
-5.841534,33,9176.450776,-100.0,-0.624171778306289,0
-5.423885,34,9177.037802,-100.0,-0.7581971132368197,0
-5.593283,34,9177.613135,-100.0,-0.7594307483652749,0
-5.822061,33,9178.168681,-100.0,-0.724100553934666,0
-5.789792,33,9178.724905,-100.0,-0.6713642900717022,0
-5.505363,40,9179.41214,-100.0,-0.8001505945944823,0
-5.818745,33,9179.973193,-100.0,-0.7184386841913022,0
-5.639035,33,9180.528167,-100.0,-0.7290239095865577,0
-5.306216,33,9181.092187,-100.0,-0.8233628594047595,0
-5.806209,33,9181.662015,-100.0,-0.6952227848689216,0
-5.731864,45,9182.424252,-100.0,-0.7536889198528928,0
-5.727105,40,9183.109419,-100.0,-0.6912276113350428,0
-5.338513,34,9183.695859,-100.0,-0.779389428406581,0
-5.220651,32,9184.242941,-100.0,-0.8330774856204602,0
-5.716972,34,9184.828846,-100.0,-0.7660096007491501,0
-5.413794,32,9185.375643,-100.0,-0.8504955155046334,0
-5.677906,32,9185.920056,-100.0,-0.7670137404502418,0
-5.784511,34,9186.503482,-100.0,-0.7003663769641681,0
-5.648392,33,9187.05351,-100.0,-0.8332164441878681,0
-6.002393,44,9187.811029,-100.0,-0.6355022317603771,0
-5.659142,33,9188.380989,-100.0,-0.7695708508292428,0
-5.749649,32,9188.926178,-100.0,-0.9051996421014785,0
-5.496511,32,9189.474301,-100.0,-0.7287293285987748,0
-5.496085,33,9190.027536,-100.0,-0.7402081172090367,0
-5.566567,32,9190.570659,-100.0,-0.786733430206214,0
-6.282458,35,9191.165725,-100.0,-0.6248862784460187,0
-5.631428,35,9191.76245,-100.0,-0.8046000368219345,0
-5.836418,33,9192.317548,-100.0,-0.6807273215623224,0
-5.510365,32,9192.875643,-100.0,-0.7783406038274883,0
-5.405099,40,9193.563382,-100.0,-0.856389641823127,0
-5.501243,33,9194.120653,-100.0,-0.7418682262112692,0
-5.535744,33,9194.686806,-100.0,-0.7818981418961044,0
-5.67833,33,9195.250992,-100.0,-0.6389458289875013,0
-5.733454,34,9195.833991,-100.0,-0.7129690635132596,0
-6.208089,33,9196.393665,-100.0,-0.7264746769558578,0
-5.657633,33,9196.958077,-100.0,-0.8512447564071348,0
-6.517521,36,9197.566,-100.0,-0.7745337460001551,0
-5.922453,33,9198.133944,-100.0,-0.645371831413788,0
-5.512784,35,9198.745743,-100.0,-0.8221681194069946,0
-6.031797,34,9199.308177,-100.0,-0.6866643990741351,0
-5.63661,33,9199.88336,-100.0,-0.713147349247442,0
-5.611697,33,9200.43932,-100.0,-0.7290216283073417,0
-5.537455,33,9201.008823,-100.0,-0.7446896352623535,0
-5.728801,35,9201.603682,-100.0,-0.6775593427357361,0
-5.321853,32,9202.1577,-100.0,-0.8301006457987086,0
-5.793001,33,9202.723501,-100.0,-0.799751747890365,0
-5.821602,33,9203.291895,-100.0,-0.7213222276586482,0
-5.953066,35,9203.888434,-100.0,-0.63837896587979,0
-5.346894,32,9204.44382,-100.0,-0.8525297244339635,0
-5.541616,33,9205.010056,-100.0,-0.7694944848363481,0
-5.744643,33,9205.568267,-100.0,-0.7501508727981329,0
-5.367343,33,9323.159004,-100.0,-0.717980825031356,0
-5.730664,34,9323.731584,-100.0,-0.6809877040725719,0
-5.757435,33,9324.302345,-100.0,-0.7506817865842409,0
-5.383783,32,9324.846986,-100.0,-0.8513022230934337,0
-5.529653,38,9325.483335,-100.0,-0.7195923812887732,0
-5.566375,35,9326.082227,-100.0,-0.6647137127854134,0
-5.642417,33,9326.657612,-100.0,-0.6684587417844157,0
-5.80768,33,9327.218604,-100.0,-0.6564487694523337,0
-5.189843,33,9327.783279,-100.0,-0.7974891754613265,0
-5.729933,33,9328.348927,-100.0,-0.6389658854960009,0
-5.508056,33,9328.9138,-100.0,-0.701948857733303,0
-5.830276,33,9329.472694,-100.0,-0.7072188245593651,0
-5.600614,33,9330.035344,-100.0,-0.7092516565920793,0
-5.353715,32,9330.57419,-100.0,-0.8468765935988876,0
-5.554233,33,9331.135149,-100.0,-0.7040858317897202,0
-5.740488,34,9331.718524,-100.0,-0.7080886525369845,0
-5.477615,33,9332.273964,-100.0,-0.7700603881280207,0
-5.915317,35,9332.879404,-100.0,-0.7552519129333619,0
-5.798296,33,9333.443241,-100.0,-0.66586569565441,0
-5.486732,35,9334.036438,-100.0,-0.762792369302619,0
-5.792192,34,9334.619084,-100.0,-0.6894854919157302,0
-5.844582,35,9335.22691,-100.0,-0.6630443349682024,0
-5.71819,33,9335.785003,-100.0,-0.6619927864599495,0
-5.522339,33,9336.350516,-100.0,-0.7709594612449514,0
-5.831149,35,9336.956803,-100.0,-0.6199808009144344,0
-5.579031,33,9337.506439,-100.0,-0.6678346346507471,0
-5.951302,34,9338.098398,-100.0,-0.6229206339031728,0
-5.35386,32,9338.63007,-100.0,-0.8008963288834094,0
-5.302213,33,9339.203535,-100.0,-0.8108608434916479,0
-5.249716,38,9339.853321,-100.0,-0.8841968487501647,0
-5.684226,33,9340.418493,-100.0,-0.708545187133969,0
-5.645464,33,9340.97759,-100.0,-0.7079450029818358,0
-5.763726,33,9341.528064,-100.0,-0.6688524449364874,0
-5.947816,34,9342.115187,-100.0,-0.7525506198000603,0
-5.714772,34,9342.708892,-100.0,-0.6855836486980532,0
-5.878703,34,9343.284077,-100.0,-0.6637471738218566,0
-5.728539,33,9343.857624,-100.0,-0.7214528107728336,0
-5.849918,34,9344.433119,-100.0,-0.7513976137148529,0
-5.575044,33,9344.99777,-100.0,-0.7601919292174626,0
-5.887549,34,9345.577081,-100.0,-0.6236890558856353,0
-5.941622,33,9346.144011,-100.0,-0.6737859092137498,0
-5.527347,33,9346.707679,-100.0,-0.7198476307352558,0
-6.035569,43,9347.440859,-100.0,-0.6610292130334919,0
-5.543624,32,9347.994117,-100.0,-0.7750072188119987,0
-5.347515,32,9348.526041,-100.0,-0.8979908040130955,0
-5.685868,32,9349.084874,-100.0,-0.7867138797005302,0
-5.686753,33,9349.646192,-100.0,-0.7447284239909329,0
-5.636875,34,9350.232729,-100.0,-0.8110847671513467,0
-5.74655,33,9350.789745,-100.0,-0.6752531265733028,0
-5.604064,33,9351.358208,-100.0,-0.7955765340097665,0
-5.368701,39,9352.009478,-100.0,-0.8065399444092608,0
-5.861793,37,9352.655219,-100.0,-0.7422723827685392,0
-5.364802,32,9353.197942,-100.0,-0.8362586337277483,0
-5.786408,35,9353.79071,-100.0,-0.761387910551751,0
-5.460314,38,9354.448419,-100.0,-0.7987908016881518,0
-5.576278,32,9354.991159,-100.0,-0.7676200141381215,0
-5.710676,35,9355.592338,-100.0,-0.7257144139561402,0
-5.945258,33,9356.15771,-100.0,-0.6812304515613844,0
-5.366446,34,9356.739223,-100.0,-0.830148381228636,0
-5.680647,33,9357.301715,-100.0,-0.6984183379460749,0
-5.671672,33,9357.866782,-100.0,-0.7072593273064078,0
-5.473519,33,9473.319293,-100.0,-0.8783821311658035,0
-5.367243,33,9473.883403,-100.0,-0.7905812611875115,0
-5.952792,34,9474.467023,-100.0,-0.6743302924338106,0
-5.458383,33,9475.032767,-100.0,-0.7693221153444944,0
-5.382189,33,9475.592342,-100.0,-0.7952704188646509,0
-5.479693,32,9476.142351,-100.0,-0.7889945155684654,0
-5.745899,33,9476.705538,-100.0,-0.6737718460533081,0
-5.416213,34,9477.285182,-100.0,-0.7927455023870026,0
-5.621285,34,9477.864814,-100.0,-0.7509863249732842,0
-5.986348,33,9478.413268,-100.0,-0.6952163439180802,0
-5.813748,33,9478.969175,-100.0,-0.6697875215476058,0
-5.684403,39,9479.645957,-100.0,-0.8072061412967688,0
-5.634219,33,9480.205014,-100.0,-0.7146729223751994,0
-5.336688,33,9480.767147,-100.0,-0.7971610419424389,0
-6.030463,34,9481.344807,-100.0,-0.7550755877413055,0
-5.500682,33,9481.913603,-100.0,-0.8128067290552032,0
-5.433985,32,9482.452242,-100.0,-0.7637289507383542,0
-5.874863,34,9483.030013,-100.0,-0.6993911508605387,0
-5.927903,33,9483.594795,-100.0,-0.6023357764900219,0
-5.774757,34,9484.181437,-100.0,-0.7026669616753061,0
-5.475217,33,9484.753423,-100.0,-0.749276478900293,0
-5.799128,42,9485.506021,-100.0,-0.7656351597026121,0
-5.826178,33,9486.071152,-100.0,-0.6624813509079686,0
-5.701655,32,9486.61429,-100.0,-0.7755843441118985,0
-5.697308,33,9487.176434,-100.0,-0.736606844239515,0
-5.688067,33,9487.72753,-100.0,-0.8138483740049985,0
-5.552218,32,9488.272461,-100.0,-0.7363069387616469,0
-5.714378,33,9488.833891,-100.0,-0.6348464562125263,0
-5.431575,33,9489.397024,-100.0,-0.7465784897738553,0
-5.711622,34,9489.973748,-100.0,-0.6610028604658885,0
-5.846293,33,9490.535606,-100.0,-0.7094307929708946,0
-5.784257,33,9491.105739,-100.0,-0.7150093016835789,0
-5.333311,32,9491.65143,-100.0,-0.8387552635292296,0
-5.725835,34,9492.229543,-100.0,-0.6360227049520792,0
-5.390872,32,9492.787618,-100.0,-0.8610583796547716,0
-5.764214,33,9493.35047,-100.0,-0.6786024655949575,0
-5.601112,36,9493.970225,-100.0,-0.712058397854182,0
-6.187941,35,9494.565843,-100.0,-0.6853334222115309,0
-5.306996,32,9495.11542,-100.0,-0.80764822345461,0
-5.657634,33,9495.686665,-100.0,-0.7350211363798341,0
-5.47878,32,9496.21788,-100.0,-0.8033055383407965,0
-5.769196,33,9496.774094,-100.0,-0.6291521988821289,0
-5.764578,34,9497.35183,-100.0,-0.6605787111089184,0
-5.719881,33,9498.115845,-100.0,-0.6692000902161308,0
-5.67463,33,9498.682883,-100.0,-0.6685334277907036,0
-5.262852,32,9499.229287,-100.0,-0.8494247938829127,0
-5.428718,33,9499.794003,-100.0,-0.8384596863942609,0
-5.582635,33,9500.362216,-100.0,-0.7415270609064181,0
-5.367179,32,9500.901427,-100.0,-0.8744660006763966,0
-5.772646,33,9501.465031,-100.0,-0.6124258098361433,0
-5.576165,33,9502.039557,-100.0,-0.7514754622458106,0
-5.447597,33,9502.603159,-100.0,-0.8743671711897415,0
-5.185982,32,9503.148254,-100.0,-0.8596879425328781,0
-5.769518,33,9503.703036,-100.0,-0.724096175678836,0
-5.684876,34,9504.283368,-100.0,-0.7474106310646101,0
-5.828378,33,9504.838015,-100.0,-0.7086498997991516,0
-5.620955,33,9505.398587,-100.0,-0.69504190525719,0
-5.569481,33,9505.964178,-100.0,-0.7411370498852209,0
-5.720303,33,9506.528998,-100.0,-0.7540521920729624,0
-5.243615,32,9507.086345,-100.0,-0.8615530381985121,0
-5.506368,33,9507.646629,-100.0,-0.7235516000071754,0
-5.289275,32,9624.448321,-100.0,-0.85838612327786,0
-5.712175,34,9625.027609,-100.0,-0.6608835550605374,0
-5.582531,34,9625.614157,-100.0,-0.739762845134112,0
-5.341992,32,9626.158902,-100.0,-0.835111114629076,0
-5.500763,32,9626.705086,-100.0,-0.8351268861524171,0
-5.880078,34,9627.273723,-100.0,-0.7522467158911539,0
-5.99312,33,9627.844751,-100.0,-0.6445759992056732,0
-5.606487,32,9628.398623,-100.0,-0.7461794405443938,0
-5.969111,34,9628.969409,-100.0,-0.6511693636751535,0
-5.572503,33,9629.531223,-100.0,-0.6956208102474636,0
-5.787098,33,9630.101025,-100.0,-0.6831583852766413,0
-5.831094,33,9630.665316,-100.0,-0.6215570991327728,0
-5.633126,33,9631.226896,-100.0,-0.753316920431275,0
-5.581591,33,9631.791184,-100.0,-0.7768161988091908,0
-5.477668,33,9632.356393,-100.0,-0.8271499581489882,0
-5.977828,36,9632.970643,-100.0,-0.6750132708142563,0
-5.521476,34,9633.548826,-100.0,-0.7825515152216089,0
-5.861707,35,9634.150007,-100.0,-0.7946873627895609,0
-5.418641,33,9634.713618,-100.0,-0.7375984152661967,0
-5.637913,33,9635.283005,-100.0,-0.7084378004911849,0
-5.558012,33,9635.84338,-100.0,-0.7067703538903312,0
-5.684128,33,9636.40791,-100.0,-0.7164069029839063,0
-5.777924,33,9636.974756,-100.0,-0.6502392794138537,0
-5.260751,33,9637.539607,-100.0,-0.7934429998435732,0
-5.495332,33,9638.105937,-100.0,-0.818447834337692,0
-5.912999,34,9638.686855,-100.0,-0.6495776099278149,0
-5.364331,33,9639.255866,-100.0,-0.7517871891106551,0
-5.630066,35,9639.844757,-100.0,-0.7273956017911462,0
-5.871034,33,9640.413012,-100.0,-0.7155381505797624,0
-5.331962,33,9640.966844,-100.0,-0.8910505529011493,0
-5.722169,31,9641.496708,-100.0,-0.752735674755171,0
-5.686076,34,9642.072774,-100.0,-0.7568573764587827,0
-5.717737,33,9642.64183,-100.0,-0.7064437408653038,0
-5.451681,34,9643.219726,-100.0,-0.7377855744525011,0
-5.566874,33,9643.777415,-100.0,-0.7867310678429837,0
-5.682736,34,9644.35709,-100.0,-0.7089598041109247,0
-5.685412,34,9644.935305,-100.0,-0.6297951180919531,0
-5.219131,34,9645.519922,-100.0,-0.9035382576203668,0
-5.253766,33,9646.079967,-100.0,-0.7777781110602879,0
-5.205919,33,9646.644227,-100.0,-0.7759595512460221,0
-6.06113,34,9647.222031,-100.0,-0.6749728880656556,0
-5.455609,34,9647.80944,-100.0,-0.7246048167611532,0
-6.01635,33,9648.370832,-100.0,-0.6370903065415277,0
-5.603803,33,9648.932121,-100.0,-0.7827414517568213,0
-5.573829,36,9649.538617,-100.0,-0.7935926335026419,0
-5.199351,32,9650.084556,-100.0,-0.8560880822732798,0
-5.98716,34,9650.665711,-100.0,-0.6628225608804469,0
-5.631334,33,9651.229991,-100.0,-0.7053440515750892,0
-5.272529,32,9651.779321,-100.0,-0.8182580246192537,0
-5.749931,33,9652.347638,-100.0,-0.7545708901698984,0
-5.536972,33,9652.911114,-100.0,-0.7622641410981821,0
-5.746248,33,9653.482436,-100.0,-0.6899181228562642,0
-5.499907,33,9654.041489,-100.0,-0.7790367395718051,0
-5.609635,33,9654.611351,-100.0,-0.7493912088320906,0
-5.354135,33,9655.169967,-100.0,-0.720629877947254,0
-5.712033,33,9655.730149,-100.0,-0.7698036578699471,0
-5.699551,33,9656.283728,-100.0,-0.6651719783118349,0
-5.309693,33,9656.845337,-100.0,-0.7618508965468174,0
-5.651971,40,9657.521002,-100.0,-0.7752115029707808,0
-5.414566,32,9658.074822,-100.0,-0.7980794077654404,0
-6.100791,39,9658.752511,-100.0,-0.7048608388558021,0
-5.708585,33,9773.525027,-100.0,-0.7414980707286889,0
-6.128569,34,9774.106487,-100.0,-0.6661401482897713,0
-5.675564,33,9774.676045,-100.0,-0.7326572318019302,0
-5.98768,36,9775.283367,-100.0,-0.6592365812835769,0
-5.900626,34,9775.868391,-100.0,-0.687426595380993,0
-5.646373,34,9776.454089,-100.0,-0.7363344029178331,0
-5.674056,34,9777.035773,-100.0,-0.6919353724224228,0
-5.68939,34,9777.605311,-100.0,-0.757963749757049,0
-5.334274,33,9778.172736,-100.0,-0.7392998517777006,0
-5.344828,33,9778.72853,-100.0,-0.8927130802612179,0
-5.456211,32,9779.279429,-100.0,-0.8246017709700082,0
-5.241886,33,9779.836919,-100.0,-0.8653970975578805,0
-5.175925,32,9780.386205,-100.0,-0.8261836052523972,0
-5.973576,36,9780.993116,-100.0,-0.682567550751664,0
-5.907551,38,9781.641454,-100.0,-0.7917062278854895,0
-5.589995,36,9782.265954,-100.0,-0.7470299814052733,0
-5.932787,34,9782.849756,-100.0,-0.6877710431817565,0
-6.119691,34,9783.438453,-100.0,-0.643738993920762,0
-5.45811,33,9783.989234,-100.0,-0.7876648438420286,0
-5.541826,34,9784.577917,-100.0,-0.6584345991484423,0
-5.562483,33,9785.136554,-100.0,-0.7503526419396025,0
-5.867359,33,9785.716762,-100.0,-0.6914218318969694,0
-5.478585,35,9786.302033,-100.0,-0.7283622385041749,0
-5.692528,33,9786.865825,-100.0,-0.6407957320889962,0
-5.438654,33,9787.433831,-100.0,-0.7804300549613843,0
-5.413582,34,9788.017869,-100.0,-0.7665384295914779,0
-5.615035,34,9788.595242,-100.0,-0.6149893889937247,0
-5.665202,34,9789.185297,-100.0,-0.7606641610204455,0
-5.740866,33,9789.744776,-100.0,-0.7208606455173052,0
-5.883219,34,9790.322004,-100.0,-0.6760151203167339,0
-5.77457,35,9790.920163,-100.0,-0.6830983865124559,0
-5.385956,32,9791.471258,-100.0,-0.8298327966339637,0
-5.878134,34,9792.053005,-100.0,-0.7012629910056305,0
-5.939068,34,9792.631115,-100.0,-0.6741140830464395,0
-5.679452,33,9793.198668,-100.0,-0.6820353188507722,0
-5.730035,33,9793.766448,-100.0,-0.650666097696986,0
-5.640287,34,9794.343184,-100.0,-0.6872083553511449,0
-5.564778,34,9794.925548,-100.0,-0.6844148448478964,0
-5.187492,33,9795.484943,-100.0,-0.771629354553541,0
-5.708661,33,9796.057505,-100.0,-0.7384085677403743,0
-5.566618,33,9796.618633,-100.0,-0.7134601975686766,0
-5.622928,34,9797.21575,-100.0,-0.7224004035099064,0
-5.757386,34,9797.803819,-100.0,-0.6902695025570202,0
-5.627232,34,9798.381743,-100.0,-0.6869193258469636,0
-5.44231,32,9798.927551,-100.0,-0.7985446534970452,0
-5.538854,33,9799.491088,-100.0,-0.754365968524127,0
-5.563505,33,9800.057367,-100.0,-0.716007646430784,0
-5.759034,33,9800.617316,-100.0,-0.7426381078846838,0
-5.712368,34,9801.199666,-100.0,-0.6915769808860124,0
-5.496387,33,9801.769,-100.0,-0.7233009845842762,0
-5.355091,32,9802.308368,-100.0,-0.8302923370813269,0
-5.707203,33,9802.880839,-100.0,-0.7059291952711428,0
-5.770792,34,9803.454436,-100.0,-0.6940909265246797,0
-5.338623,33,9804.018065,-100.0,-0.7666639128310166,0
-5.770805,35,9804.619733,-100.0,-0.6479760485858479,0
-5.455795,33,9805.180015,-100.0,-0.7887827312596701,0
-5.748515,34,9805.764614,-100.0,-0.6597487769198954,0
-5.867723,34,9806.349877,-100.0,-0.6614616576129192,0
-5.720611,34,9806.919429,-100.0,-0.7142884507134662,0
-5.571658,33,9807.488978,-100.0,-0.6766133114832658,0
-5.892204,34,9808.07058,-100.0,-0.7286760397745679,0
-5.6999,33,9924.852983,-100.0,-0.6902595865711948,0
-5.463147,38,9925.503384,-100.0,-0.7546151339427722,0
-5.614859,34,9926.096015,-100.0,-0.7996166737226312,0
-5.832736,34,9926.674422,-100.0,-0.7122560687465697,0
-5.925047,33,9927.234317,-100.0,-0.6620124850829774,0
-5.675543,33,9927.797583,-100.0,-0.742868404137603,0
-5.330822,33,9928.367695,-100.0,-0.7938976429678238,0
-5.854215,34,9928.949898,-100.0,-0.6770714517873357,0
-5.740733,33,9929.514563,-100.0,-0.5814206332145674,0
-6.008793,35,9930.110224,-100.0,-0.7279284390895405,0
-5.4544,34,9930.700156,-100.0,-0.6941422709430404,0
-5.346722,33,9931.269284,-100.0,-0.7945922830015304,0
-6.008843,32,9931.81269,-100.0,-0.739921359200061,0
-6.190494,41,9932.520621,-100.0,-0.6580689602540004,0
-5.852578,34,9933.104332,-100.0,-0.6754481620677789,0
-5.321561,33,9933.684146,-100.0,-0.7726281099851676,0
-5.549247,34,9934.259084,-100.0,-0.7217520972155791,0
-5.552911,44,9935.012594,-100.0,-0.7088884925586124,0
-5.636298,37,9935.645715,-100.0,-0.7103128676117403,0
-5.962241,34,9936.22102,-100.0,-0.6560897384394014,0
-5.715348,32,9936.772755,-100.0,-0.6927133521912582,0
-5.922976,34,9937.343171,-100.0,-0.6831311900623758,0
-5.987821,35,9937.945413,-100.0,-0.6747070150157726,0
-5.337608,32,9938.492056,-100.0,-0.814733914527154,0
-5.577408,34,9939.080137,-100.0,-0.7100415883521964,0
-5.24329,32,9939.621927,-100.0,-0.846423396615836,0
-5.77566,34,9940.207751,-100.0,-0.6453370186525694,0
-5.722053,33,9940.77762,-100.0,-0.6691925230613389,0
-5.713383,34,9941.355676,-100.0,-0.6830492792890397,0
-5.541159,33,9941.925203,-100.0,-0.7508751299265578,0
-5.930312,34,9942.512532,-100.0,-0.6376001364390183,0
-5.364109,32,9943.05927,-100.0,-0.8382474139338704,0
-5.551194,41,9943.76011,-100.0,-0.7074447985777881,0
-5.236628,33,9944.525439,-100.0,-0.838484323983705,0
-5.47319,33,9945.08941,-100.0,-0.7877335510930431,0
-5.975907,43,9945.821576,-100.0,-0.6771194269296669,0
-5.394595,33,9946.394493,-100.0,-0.7803787308664265,0
-5.355661,32,9946.941036,-100.0,-0.8406442459790743,0
-5.162725,32,9947.487783,-100.0,-0.892416721028493,0
-5.670215,35,9948.080927,-100.0,-0.7299078128573454,0
-5.463494,34,9948.663612,-100.0,-0.8184987895585416,0
-5.522335,33,9949.233118,-100.0,-0.6768710228751256,0
-6.074403,33,9949.786246,-100.0,-0.6630919595565987,0
-5.609762,38,9950.449898,-100.0,-0.7655228915351416,0
-6.091101,39,9951.116996,-100.0,-0.6807540556874366,0
-5.568945,33,9951.690777,-100.0,-0.7242263873515277,0
-5.352234,32,9952.234873,-100.0,-0.7702774768605394,0
-5.971741,34,9952.81771,-100.0,-0.6823455339832328,0
-5.399048,32,9953.367284,-100.0,-0.8365933893115367,0
-5.52929,33,9953.937212,-100.0,-0.6360650891640273,0
-6.07038,34,9954.515438,-100.0,-0.6319349755561293,0
-5.14105,33,9955.081606,-100.0,-0.8384329060795341,0
-5.649277,33,9955.641746,-100.0,-0.6366671971318992,0
-5.614293,33,9956.217889,-100.0,-0.7159941318485267,0
-5.543133,34,9956.800771,-100.0,-0.699629485818707,0
-5.675257,33,9957.361844,-100.0,-0.7213884877055563,0
-5.727856,34,9957.94449,-100.0,-0.6800411646453243,0
-5.915242,36,9958.561016,-100.0,-0.6533553697009292,0
-5.173905,33,9959.122523,-100.0,-0.7403258526825253,0
-5.618224,35,9959.72342,-100.0,-0.7051722477822763,0
-6.197197,37,10078.368958,-100.0,-0.6450791919780912,0
-5.786616,34,10078.939775,-100.0,-0.6214963519603738,0
-5.462767,34,10079.527864,-100.0,-0.8135353594821696,0
-5.597097,33,10080.086717,-100.0,-0.7105530544055398,0
-5.472694,33,10080.657342,-100.0,-0.7111904489402234,0
-5.608361,34,10081.240615,-100.0,-0.6831281920052797,0
-5.755954,40,10081.915332,-100.0,-0.7120371539309226,0
-5.659358,34,10082.491626,-100.0,-0.6639195711007665,0
-5.792688,39,10083.152861,-100.0,-0.7283009663136324,0
-5.338624,33,10083.717694,-100.0,-0.8305691307729022,0
-5.505002,33,10084.276756,-100.0,-0.7157036110199323,0
-5.208409,33,10084.839789,-100.0,-0.804842549646937,0
-5.844473,34,10085.418293,-100.0,-0.6938483808719946,0
-5.343184,32,10085.970687,-100.0,-0.7417826600126168,0
-5.410743,32,10086.509274,-100.0,-0.7803065023264851,0
-5.776742,34,10087.093579,-100.0,-0.7371242137804693,0
-5.45912,33,10087.649196,-100.0,-0.734682470119869,0
-5.417097,32,10088.189148,-100.0,-0.7907572283182825,0
-5.516964,33,10088.758797,-100.0,-0.7118878735530694,0
-5.860648,33,10089.319732,-100.0,-0.6388446779059263,0
-5.813338,34,10089.900153,-100.0,-0.6450147945758876,0
-5.858312,33,10090.46104,-100.0,-0.6849426778247503,0
-5.854829,35,10091.050497,-100.0,-0.6915082400923651,0
-5.275935,32,10091.599061,-100.0,-0.7940326976374223,0
-5.317032,33,10092.163587,-100.0,-0.8166542302573252,0
-5.762205,35,10092.750487,-100.0,-0.6712874902425637,0
-5.526885,34,10093.335599,-100.0,-0.719987233191043,0
-5.616884,34,10093.915984,-100.0,-0.7494642958073241,0
-5.404936,33,10094.475941,-100.0,-0.7563362345723328,0
-5.590891,33,10095.0447,-100.0,-0.7079911251979364,0
-5.49595,36,10095.660792,-100.0,-0.8324704246680872,0
-5.838462,35,10096.260713,-100.0,-0.8597004471457063,0
-5.383963,33,10096.826752,-100.0,-0.7922984143359579,0
-5.657633,34,10097.402003,-100.0,-0.6755167814533928,0
-5.792085,33,10097.971979,-100.0,-0.7081779403343351,0
-5.350291,33,10098.536217,-100.0,-0.8262410215892887,0
-5.474657,34,10099.111849,-100.0,-0.7656564975473998,0
-5.755121,34,10099.689258,-100.0,-0.7073256182535888,0
-5.776402,35,10100.28111,-100.0,-0.7300069071075865,0
-5.950312,39,10100.946928,-100.0,-0.7110957753407487,0
-5.389727,34,10101.515746,-100.0,-0.7779139178381853,0
-5.301821,38,10102.173266,-100.0,-0.7295207449019444,0
-5.302986,34,10102.741083,-100.0,-0.7331878822642067,0
-5.64288,33,10103.311378,-100.0,-0.7364931175215415,0
-5.67535,36,10103.91573,-100.0,-0.7806921451613715,0
-5.807422,35,10104.516579,-100.0,-0.6402235825535616,0
-5.776744,34,10105.091483,-100.0,-0.6943544324691489,0
-5.571659,35,10105.696365,-100.0,-0.712765146356765,0
-5.721327,34,10106.279249,-100.0,-0.687628841855522,0
-5.432234,33,10106.8381,-100.0,-0.7436673027268498,0
-5.622359,33,10107.406032,-100.0,-0.6420239099711342,0
-5.529898,33,10107.966802,-100.0,-0.7629929721408933,0
-5.67772,33,10108.535627,-100.0,-0.7192505116116092,0
-5.639073,34,10109.123169,-100.0,-0.7118572413562727,0
-5.683998,34,10109.696026,-100.0,-0.6408811232446087,0
-5.171847,33,10110.261065,-100.0,-0.7614649672737719,0
-5.695335,34,10110.838171,-100.0,-0.6531934977944022,0
-5.152553,33,10111.397605,-100.0,-0.7120106223269934,0
-5.536027,34,10111.982731,-100.0,-0.7408366193034461,0
-6.241385,35,10112.577552,-100.0,-0.6380100272237759,0
-5.981281,34,10215.295078,-100.0,-0.6576353674993464,0
-5.199348,33,10215.862615,-100.0,-0.768784484592525,0
-5.655424,37,10216.493596,-100.0,-0.6815360318627623,0
-5.599257,34,10217.074934,-100.0,-0.7306130638487899,0
-5.651289,34,10217.656065,-100.0,-0.7369896000596241,0
-5.612577,33,10218.209843,-100.0,-0.7434009703050334,0
-5.508471,34,10218.8003,-100.0,-0.743821609308592,0
-5.368819,33,10219.354745,-100.0,-0.7722622821104455,0
-5.953862,33,10219.92105,-100.0,-0.6809229193414252,0
-5.571555,33,10220.483023,-100.0,-0.7661378522461163,0
-5.2571,33,10221.054934,-100.0,-0.8098718800641718,0
-5.737713,33,10221.618824,-100.0,-0.666836212596826,0
-5.825278,34,10222.1956,-100.0,-0.7097775803850612,0
-5.450425,33,10222.763368,-100.0,-0.8309363424194544,0
-5.802583,42,10223.492441,-100.0,-0.7386843580515519,0
-5.382174,33,10224.061167,-100.0,-0.8342416758802419,0
-5.378683,33,10224.621713,-100.0,-0.7437460788103636,0
-5.928065,46,10225.404191,-100.0,-0.8019909712238442,0
-5.295488,33,10225.969909,-100.0,-0.8356010675742197,0
-5.589995,33,10226.533936,-100.0,-0.6907171695556933,0
-5.469161,33,10227.106337,-100.0,-0.7704957400768244,0
-5.67204,33,10227.665885,-100.0,-0.6361542836409563,0
-5.471472,32,10228.209264,-100.0,-0.8118749156322961,0
-5.456858,32,10228.730013,-100.0,-0.7858074249554846,0
-5.629812,33,10229.296451,-100.0,-0.7306706992823818,0
-5.608605,34,10229.885064,-100.0,-0.7450173227428426,0
-5.458958,34,10230.473381,-100.0,-0.7561446469294022,0
-5.701384,32,10231.002185,-100.0,-0.7154636979430757,0
-5.543178,32,10231.541271,-100.0,-0.7842758437030226,0
-6.09229,34,10232.112595,-100.0,-0.7264672364677879,0
-5.714189,34,10232.700003,-100.0,-0.6201538899386285,0
-5.193618,32,10233.249546,-100.0,-0.7206998096346163,0
-5.838166,34,10233.828418,-100.0,-0.6712738091290624,0
-5.718838,35,10234.432468,-100.0,-0.7560891983461737,0
-5.447142,35,10235.036658,-100.0,-0.6984478503951177,0
-5.617966,37,10235.672787,-100.0,-0.7706081945690418,0
-5.842819,34,10236.248922,-100.0,-0.6968771187057236,0
-5.311556,32,10236.800805,-100.0,-0.8675745992435709,0
-5.524322,38,10237.442593,-100.0,-0.7670235312052497,0
-5.202844,32,10237.990396,-100.0,-0.7786466112636089,0
-5.492164,34,10238.576021,-100.0,-0.7699646200248621,0
-5.615765,34,10239.16539,-100.0,-0.6867921294356322,0
-5.466488,32,10239.707984,-100.0,-0.8410061599915257,0
-5.490305,33,10240.279033,-100.0,-0.7898531417856747,0
-5.134192,34,10240.859198,-100.0,-0.7988243027510791,0
-5.294047,35,10241.454843,-100.0,-0.7994415124223576,0
-5.485737,34,10242.029577,-100.0,-0.7026135802641696,0
-5.374133,33,10242.599488,-100.0,-0.770257588484796,0
-5.824345,33,10243.158411,-100.0,-0.6807750364848713,0
-5.427169,33,10243.715355,-100.0,-0.7446969341878457,0
-5.82274,34,10244.293909,-100.0,-0.6061437115775885,0
-5.61618,33,10244.859879,-100.0,-0.6832980342219047,0
-5.269141,34,10245.431378,-100.0,-0.8362732283460815,0
-6.07021,38,10246.083272,-100.0,-0.687437816910968,0
-6.068273,35,10246.682545,-100.0,-0.6739926070891409,0
-5.583065,49,10247.522507,-100.0,-0.8266260331640721,0
-5.695368,34,10248.10569,-100.0,-0.6658094894833841,0
-5.40791,33,10248.666118,-100.0,-0.7450375053923327,0
-5.697594,34,10249.249245,-100.0,-0.6998943107333271,0
-5.45687,34,10249.835201,-100.0,-0.695305181797989,0
-5.713772,34,10352.455473,-100.0,-0.6827619837504392,0
-5.511192,34,10353.031135,-100.0,-0.7026276536499519,0
-5.262173,32,10353.57605,-100.0,-0.8583279240914903,0
-5.75305,34,10354.1718,-100.0,-0.6977505185075572,0
-5.743279,34,10354.738793,-100.0,-0.674852676888257,0
-5.322096,32,10355.289783,-100.0,-0.8639772258029427,0
-5.6897,33,10355.844874,-100.0,-0.7355525207829889,0
-5.521402,33,10356.401711,-100.0,-0.7257113077816727,0
-5.477176,33,10356.963103,-100.0,-0.7321966530375912,0
-5.745728,33,10357.518728,-100.0,-0.6893790483149836,0
-5.851505,35,10358.124734,-100.0,-0.7188961836640254,0
-5.860562,33,10358.689095,-100.0,-0.666917845268823,0
-5.852202,34,10359.265777,-100.0,-0.6683629118468901,0
-5.187175,32,10359.805488,-100.0,-0.8584929274005421,0
-5.809633,34,10360.384264,-100.0,-0.6441224208466926,0
-5.648415,34,10360.970498,-100.0,-0.653516960815549,0
-5.410182,37,10361.600504,-100.0,-0.7463238844484152,0
-5.538655,33,10362.164572,-100.0,-0.7531092030214074,0
-5.748256,33,10362.726311,-100.0,-0.7217826049143079,0
-5.719367,33,10363.293355,-100.0,-0.6436223430967,0
-5.505435,34,10363.872897,-100.0,-0.7919240029971988,0
-5.583862,33,10364.435005,-100.0,-0.7517472183002071,0
-5.519265,33,10365.000364,-100.0,-0.7451778347076048,0
-5.342986,32,10365.552017,-100.0,-0.8125435884689045,0
-5.360789,32,10366.100295,-100.0,-0.8103377787574774,0
-5.291655,32,10366.844051,-100.0,-0.8456411470368638,0
-5.670932,34,10367.417726,-100.0,-0.6249970181239906,0
-5.690308,35,10368.019661,-100.0,-0.7057110428438899,0
-5.488909,34,10368.594463,-100.0,-0.7952063418043502,0
-5.507378,34,10369.178165,-100.0,-0.7728104579794589,0
-5.960831,34,10369.765613,-100.0,-0.6475313785895259,0
-6.03193,34,10370.341107,-100.0,-0.6689846070766083,0
-5.343866,33,10370.901185,-100.0,-0.7056315435164785,0
-5.608759,33,10371.465224,-100.0,-0.7060443303322671,0
-5.567092,33,10372.018222,-100.0,-0.7750581279154825,0
-5.540006,34,10372.597859,-100.0,-0.8033740640235059,0
-5.554063,33,10373.158081,-100.0,-0.70831004103311,0
-5.337284,33,10373.710575,-100.0,-0.7893478256717785,0
-5.418879,33,10374.270401,-100.0,-0.78856732731071,0
-5.738591,34,10374.857792,-100.0,-0.748136524124873,0
-5.828432,33,10375.419981,-100.0,-0.6404349433879939,0
-5.510037,33,10375.979294,-100.0,-0.8146935281235907,0
-5.608961,34,10376.565026,-100.0,-0.6394687421952445,0
-5.460594,33,10377.121636,-100.0,-0.7405091016994603,0
-5.347283,32,10377.679478,-100.0,-0.8012804094430612,0
-5.41033,33,10378.245468,-100.0,-0.8160344460606566,0
-6.087311,47,10379.031095,-100.0,-0.6481815225104497,0
-5.61877,34,10379.613872,-100.0,-0.6859524246696154,0
-5.315604,33,10380.173782,-100.0,-0.7992367779159747,0
-5.818471,36,10380.790811,-100.0,-0.6928611550245504,0
-5.497851,42,10381.5285,-100.0,-0.8543685927285447,0
-5.551456,33,10382.076363,-100.0,-0.7734795634937721,0
-5.425383,32,10382.627349,-100.0,-0.7947345675339204,0
-5.158533,33,10383.183055,-100.0,-0.8594232274351946,0
-5.459385,33,10383.74467,-100.0,-0.7319002164525366,0
-5.771037,36,10384.356268,-100.0,-0.6881447998472231,0
-5.601035,33,10384.919249,-100.0,-0.7213588862828294,0
-5.518375,34,10385.493474,-100.0,-0.7686095613321634,0
-5.609309,34,10386.092549,-100.0,-0.7333330384331269,0
-5.700781,33,10386.643665,-100.0,-0.6647649566085128,0
-5.675514,38,10508.40862,-100.0,-0.7732030552021868,0
-6.018791,33,10508.969514,-100.0,-0.6938905935915726,0
-5.277652,32,10509.512484,-100.0,-0.8889218074377029,0
-5.070361,33,10510.078604,-100.0,-0.760295326506018,0
-5.065606,33,10510.646617,-100.0,-0.86244429695361,0
-5.225586,32,10511.191006,-100.0,-0.8707355912683418,0
-5.409987,33,10511.756513,-100.0,-0.7135386229573025,0
-5.607709,38,10512.411772,-100.0,-0.7752950536322701,0
-5.13744,33,10512.978433,-100.0,-0.8035883634673275,0
-5.733489,33,10513.542194,-100.0,-0.6189516975037442,0
-5.160102,33,10514.109156,-100.0,-0.778307832575525,0
-5.348465,34,10514.682258,-100.0,-0.7953575621655998,0
-5.584008,34,10515.273254,-100.0,-0.6542928999455738,0
-5.278673,32,10515.809622,-100.0,-0.8369669414432163,0
-5.921912,32,10516.347371,-100.0,-0.6743584245257753,0
-5.462658,33,10516.915606,-100.0,-0.7557051903809502,0
-5.608575,33,10517.483916,-100.0,-0.7348595451761324,0
-5.644473,33,10518.056046,-100.0,-0.6859605986209931,0
-5.694345,41,10518.750263,-100.0,-0.8428203303065342,0
-5.844364,33,10519.321038,-100.0,-0.6358652144297725,0
-5.398849,33,10519.892431,-100.0,-0.8088577151505864,0
-5.576885,33,10520.449377,-100.0,-0.7270168441813281,0
-5.190582,33,10521.017269,-100.0,-0.8228725100187656,0
-5.76828,40,10521.694445,-100.0,-0.7088061895659894,0
-5.75245,35,10522.299186,-100.0,-0.6599316808859842,0
-5.387265,36,10522.92369,-100.0,-0.7527157186599518,0
-5.828539,35,10523.521253,-100.0,-0.6763851013869413,0
-5.519159,34,10524.106539,-100.0,-0.7979811475434739,0
-5.6901,34,10524.682059,-100.0,-0.6772610293457456,0
-5.297793,33,10525.245478,-100.0,-0.7389888964686756,0
-5.385677,33,10525.794348,-100.0,-0.7545821306416475,0
-5.43799,33,10526.359555,-100.0,-0.744322978546823,0
-5.348943,33,10526.920179,-100.0,-0.7487630702108655,0
-5.591975,33,10527.482354,-100.0,-0.6828052306466091,0
-5.248909,32,10528.02636,-100.0,-0.8260490507228253,0
-5.519129,33,10528.59024,-100.0,-0.7176315569105748,0
-5.386387,33,10529.159712,-100.0,-0.7580983751014534,0
-5.637712,33,10529.722004,-100.0,-0.6920572623932731,0
-5.37049,32,10530.277653,-100.0,-0.7815942890201919,0
-5.370222,33,10530.843758,-100.0,-0.7628731817465932,0
-5.597344,34,10531.42811,-100.0,-0.7352440532790889,0
-5.582806,34,10532.005692,-100.0,-0.6638046322576262,0
-5.459921,32,10532.565557,-100.0,-0.7796976742828429,0
-5.361338,33,10533.136564,-100.0,-0.7521464648172698,0
-5.739468,33,10533.695168,-100.0,-0.6768016165936328,0
-5.712944,33,10534.266182,-100.0,-0.6937364194168378,0
-5.328852,33,10534.825751,-100.0,-0.8049265453191818,0
-5.634001,33,10535.395509,-100.0,-0.7256361201883733,0
-5.818516,34,10535.972262,-100.0,-0.6611855415469833,0
-5.379617,33,10536.535179,-100.0,-0.7404872949007701,0
-5.759109,34,10537.121157,-100.0,-0.6752927102119556,0
-5.614792,34,10537.724275,-100.0,-0.7128373243256149,0
-5.810606,34,10538.291943,-100.0,-0.6977658709064599,0
-5.784254,33,10538.850922,-100.0,-0.6851847079880438,0
-5.322532,33,10539.40022,-100.0,-0.798079542170107,0
-5.441789,33,10539.964461,-100.0,-0.7282370704099181,0
-5.713548,33,10540.523022,-100.0,-0.6074550725672057,0
-5.498111,33,10541.092588,-100.0,-0.7383927894265637,0
-5.413059,34,10541.678178,-100.0,-0.7142384779724065,0
-5.370254,34,10542.260195,-100.0,-0.7568581004701935,0
-5.531504,33,10542.827886,-100.0,-0.7577204936492201,0
-5.595507,34,10667.909281,-100.0,-0.7553278424659081,0
-5.67201,37,10668.534964,-100.0,-0.6759213153767846,0
-5.175244,34,10669.118674,-100.0,-0.8106212141173534,0
-5.614591,33,10669.682345,-100.0,-0.6319460827046329,0
-5.705861,33,10670.252793,-100.0,-0.7283977881527427,0
-5.81657,35,10670.837003,-100.0,-0.6852218047996987,0
-5.208506,32,10671.395612,-100.0,-0.8424571411676925,0
-5.320902,33,10671.960168,-100.0,-0.8074051715223595,0
-5.717291,33,10672.53383,-100.0,-0.6589832478432475,0
-5.849174,34,10673.109807,-100.0,-0.704993417988432,0
-5.404631,33,10673.672281,-100.0,-0.7707577013968396,0
-5.499459,33,10674.239654,-100.0,-0.6928745918632969,0
-5.476786,34,10674.819066,-100.0,-0.6723649285138099,0
-5.448349,33,10675.385737,-100.0,-0.7582424440271412,0
-5.878794,34,10675.972211,-100.0,-0.6916182905183528,0
-5.370103,33,10676.538133,-100.0,-0.8130173455805012,0
-5.411904,33,10677.09952,-100.0,-0.7554032553651204,0
-5.531493,37,10677.723325,-100.0,-0.7046397590640433,0
-5.314039,33,10678.288776,-100.0,-0.7755973537356449,0
-5.236585,33,10678.853845,-100.0,-0.8290793985033005,0
-5.428462,33,10679.413023,-100.0,-0.7727913215318821,0
-5.436452,33,10679.97922,-100.0,-0.7289135496299234,0
-5.84434,33,10680.543992,-100.0,-0.7032371886738366,0
-5.657566,33,10681.115199,-100.0,-0.7293189002862203,0
-5.187628,32,10681.664409,-100.0,-0.8545020269125383,0
-5.696274,33,10682.226266,-100.0,-0.680980981060042,0
-5.580913,33,10682.793836,-100.0,-0.6812790641663125,0
-5.178159,32,10683.346704,-100.0,-0.8184180975943296,0
-5.568797,33,10683.898015,-100.0,-0.7399620927413895,0
-5.211079,33,10684.464243,-100.0,-0.8185205526236867,0
-5.834452,33,10685.03258,-100.0,-0.6934598791405063,0
-5.436907,43,10685.754541,-100.0,-0.7633827011335619,0
-5.78156,34,10686.343843,-100.0,-0.64963561463461,0
-5.258856,32,10686.883245,-100.0,-0.868489918802222,0
-5.549825,34,10687.47301,-100.0,-0.7537665626302085,0
-5.24176,32,10688.025678,-100.0,-0.72807157710583,0
-5.562038,33,10688.59922,-100.0,-0.7424210417973923,0
-5.883257,33,10689.159184,-100.0,-0.6824392606813925,0
-5.616848,34,10689.736923,-100.0,-0.6935392396387036,0
-5.667023,33,10690.301231,-100.0,-0.6774881759766063,0
-5.311769,33,10690.864897,-100.0,-0.7755045171973725,0
-5.465649,33,10691.424967,-100.0,-0.7681323168110814,0
-5.658977,34,10692.001089,-100.0,-0.7248805482455057,0
-5.848673,33,10692.56624,-100.0,-0.6787010620885366,0
-5.427158,42,10693.282766,-100.0,-0.7714429673794218,0
-5.374041,33,10693.856045,-100.0,-0.7550078547043323,0
-5.471197,35,10694.444976,-100.0,-0.7374416445349085,0
-5.713838,33,10695.00766,-100.0,-0.6839544624697612,0
-5.341294,33,10695.57009,-100.0,-0.7087645622620632,0
-5.760496,34,10696.152619,-100.0,-0.7349737448557716,0
-5.413307,34,10696.74428,-100.0,-0.7701827994376506,0
-5.553331,33,10697.305178,-100.0,-0.7627113832093169,0
-5.498271,33,10697.872488,-100.0,-0.7289235790009847,0
-5.763594,35,10698.460435,-100.0,-0.6920082111627106,0
-5.267475,34,10699.037904,-100.0,-0.7912510862135752,0
-5.208633,32,10699.580512,-100.0,-0.8161821508003912,0
-5.631979,33,10700.149866,-100.0,-0.6957329937485538,0
-5.660367,33,10700.719601,-100.0,-0.7160220958598015,0
-5.490474,33,10701.285376,-100.0,-0.8220607480588271,0
-5.235387,35,10701.884528,-100.0,-0.7891245391760016,0
-5.993877,49,10702.720568,-100.0,-0.733521691022119,0
-5.76055,34,10832.965885,-100.0,-0.7200717978828755,0
-5.641462,35,10833.567503,-100.0,-0.6997056872501218,0
-5.644151,34,10834.143395,-100.0,-0.6499930870024703,0
-5.575179,33,10834.71298,-100.0,-0.6908354158637371,0
-5.143316,33,10835.271358,-100.0,-0.8126962227572354,0
-5.360418,33,10835.831964,-100.0,-0.8059596761149269,0
-5.429179,38,10836.479897,-100.0,-0.7338443880862131,0
-5.684826,34,10837.063838,-100.0,-0.6822343121789395,0
-5.847923,33,10837.622905,-100.0,-0.6967697469214711,0
-5.446841,35,10838.226219,-100.0,-0.7566202329691972,0
-5.324013,33,10838.778374,-100.0,-0.8238112553213021,0
-5.774304,34,10839.365048,-100.0,-0.6568824708595442,0
-5.394882,33,10839.921881,-100.0,-0.6987391548788308,0
-5.83175,34,10840.509228,-100.0,-0.7027712446816788,0
-5.514579,33,10841.075866,-100.0,-0.6646504216418044,0
-5.351405,34,10841.650897,-100.0,-0.8197876192455784,0
-5.865104,33,10842.426282,-100.0,-0.7303005102647269,0
-5.473629,33,10842.999234,-100.0,-0.7495162539148905,0
-5.275718,36,10843.599542,-100.0,-0.8570328425783359,0
-5.397063,33,10844.169612,-100.0,-0.6941616230994117,0
-5.68006,35,10844.769998,-100.0,-0.7188400059721365,0
-5.624044,33,10845.341188,-100.0,-0.6706342387615079,0
-5.617096,32,10845.88852,-100.0,-0.6744709183905638,0
-6.041451,35,10846.484486,-100.0,-0.6533933905865299,0
-5.610251,34,10847.066205,-100.0,-0.7123432740337047,0
-5.206943,32,10847.61359,-100.0,-0.7800687688200144,0
-5.161125,32,10848.168686,-100.0,-0.8326340893578982,0
-5.822442,35,10848.767104,-100.0,-0.7236785381321336,0
-5.575846,34,10849.351524,-100.0,-0.7529879680870484,0
-5.538874,33,10849.915123,-100.0,-0.7211228176794081,0
-5.811188,35,10850.513842,-100.0,-0.6454402660352622,0
-5.471455,33,10851.079208,-100.0,-0.7804292780523767,0
-5.613462,33,10851.650151,-100.0,-0.7351745019982836,0
-5.205269,32,10852.190426,-100.0,-0.8514707511191513,0
-5.836891,33,10852.758306,-100.0,-0.5997989019964718,0
-5.386398,33,10853.318804,-100.0,-0.8154042658724071,0
-5.534768,33,10853.877152,-100.0,-0.7435756165389559,0
-5.574406,33,10854.441037,-100.0,-0.7084847929927575,0
-6.04459,33,10855.009482,-100.0,-0.6507795842134356,0
-5.482312,33,10855.575458,-100.0,-0.7566907721899918,0
-5.580091,33,10856.136445,-100.0,-0.7672544707618254,0
-5.667336,33,10856.699907,-100.0,-0.7378764474068005,0
-5.523135,32,10857.252022,-100.0,-0.7923503991526047,0
-5.231689,34,10857.831052,-100.0,-0.8269297591724617,0
-5.317323,33,10858.39202,-100.0,-0.7947195620305955,0
-5.475572,33,10858.941122,-100.0,-0.8023904805247635,0
-6.032671,34,10859.538192,-100.0,-0.6623164199634409,0
-5.616547,33,10860.092236,-100.0,-0.7061309292702442,0
-5.760846,34,10860.680256,-100.0,-0.7003317400038173,0
-5.849801,34,10861.261932,-100.0,-0.6894977757682145,0
-5.875745,33,10861.818625,-100.0,-0.7034811938371608,0
-5.474769,32,10862.375169,-100.0,-0.7884677649220819,0
-5.662661,33,10862.925959,-100.0,-0.6578802193169341,0
-5.436458,33,10863.494618,-100.0,-0.7669081495098323,0
-5.735846,33,10864.053715,-100.0,-0.6920838932151191,0
-5.709928,33,10864.621342,-100.0,-0.6864661595683967,0
-5.416416,36,10865.237676,-100.0,-0.7331797503879833,0
-5.632005,33,10865.802941,-100.0,-0.7598483340924986,0
-5.644175,33,10866.368256,-100.0,-0.6833650003839767,0
-5.476867,34,10866.945019,-100.0,-0.6765504237194674,0
-5.426585,33,10867.504684,-100.0,-0.7950401788189224,0
-5.628223,32,11001.546768,-100.0,-0.7377590774951899,0
-5.208637,32,11002.087445,-100.0,-0.8615015694341391,0
-5.527038,33,11002.648259,-100.0,-0.6932071276857479,0
-5.36049,34,11003.221298,-100.0,-0.791192852991862,0
-5.687608,34,11003.80124,-100.0,-0.652288734553903,0
-5.343265,36,11004.393845,-100.0,-0.8100668573831419,0
-5.5975,38,11005.050904,-100.0,-0.7082647606406509,0
-5.605478,34,11005.63425,-100.0,-0.6651013477380624,0
-5.68563,33,11006.192206,-100.0,-0.7232150983087848,0
-5.623556,33,11006.758291,-100.0,-0.6725638712792871,0
-5.806365,35,11007.350492,-100.0,-0.6334905125305228,0
-5.732887,35,11007.952459,-100.0,-0.7940916676444405,0
-5.439385,33,11008.508246,-100.0,-0.7848838972158567,0
-5.225005,32,11009.06255,-100.0,-0.853099145961576,0
-5.38019,33,11009.617116,-100.0,-0.6795291629465491,0
-5.273202,33,11010.186358,-100.0,-0.7908832332794669,0
-5.273364,33,11010.745588,-100.0,-0.8098936275514634,0
-5.297834,32,11011.294528,-100.0,-0.8403721491962048,0
-5.546832,36,11011.912613,-100.0,-0.7127493003590653,0
-5.508626,33,11012.46789,-100.0,-0.7503861898006785,0
-5.633894,34,11013.049337,-100.0,-0.7059702589189839,0
-5.701484,33,11013.611548,-100.0,-0.6753145321115034,0
-5.460388,33,11014.173487,-100.0,-0.7661260787795818,0
-5.866061,39,11014.84576,-100.0,-0.6680096198776483,0
-5.191126,32,11015.399311,-100.0,-0.8735576001149173,0
-5.569488,33,11015.956406,-100.0,-0.664759612982956,0
-5.603414,39,11016.604492,-100.0,-0.6880816017141749,0
-5.601665,33,11017.172622,-100.0,-0.7327754370915841,0
-5.193004,33,11017.733773,-100.0,-0.8281445180002104,0
-5.327847,32,11018.289105,-100.0,-0.8106029929990037,0
-5.518192,34,11018.866019,-100.0,-0.7287553417845463,0
-5.394574,33,11019.427427,-100.0,-0.7586872861728002,0
-5.733545,33,11019.996768,-100.0,-0.6866124298834118,0
-5.626217,33,11020.559158,-100.0,-0.6910275121229774,0
-5.33153,32,11021.10315,-100.0,-0.8556176993016745,0
-5.495042,33,11021.668341,-100.0,-0.7156291967812345,0
-5.262827,32,11022.205272,-100.0,-0.7972333451786301,0
-5.318221,32,11022.75471,-100.0,-0.7760958257521159,0
-5.219884,33,11023.315192,-100.0,-0.8173210993869449,0
-5.561109,33,11023.881502,-100.0,-0.697498077232343,0
-5.554641,33,11024.443259,-100.0,-0.6821441877567413,0
-5.317513,33,11025.008643,-100.0,-0.7049807364709048,0
-5.58069,33,11025.577134,-100.0,-0.7568283616114766,0
-5.66406,33,11026.142277,-100.0,-0.737887977750938,0
-5.57981,34,11026.712106,-100.0,-0.7306833186117498,0
-5.348084,33,11027.274727,-100.0,-0.7183797929250644,0
-5.175476,32,11027.812695,-100.0,-0.8153899329532304,0
-5.711782,33,11028.381064,-100.0,-0.7107715407928815,0
-5.451992,33,11028.942604,-100.0,-0.746788118997621,0
-5.635975,33,11029.504965,-100.0,-0.681765087267555,0
-5.564222,33,11030.069951,-100.0,-0.6470587580488593,0
-5.445238,35,11030.667029,-100.0,-0.851689025893578,0
-5.245403,32,11031.215353,-100.0,-0.8241431532587927,0
-5.448736,34,11031.796459,-100.0,-0.7163909201991221,0
-5.746249,33,11032.355961,-100.0,-0.674243477032846,0
-5.433952,33,11032.924041,-100.0,-0.7263321469589527,0
-6.001379,33,11033.483092,-100.0,-0.678784684496548,0
-5.219104,35,11034.085613,-100.0,-0.8811410251725039,0
-5.430612,34,11034.660792,-100.0,-0.7717427407848166,0
-5.276673,32,11035.208767,-100.0,-0.8382018056993603,0
-5.625134,33,11035.760398,-100.0,-0.6586286622644918,0
-5.236662,32,11173.678547,-100.0,-0.8556429133460932,0
-5.709754,33,11174.241288,-100.0,-0.6943181959437967,0
-5.686076,33,11174.814317,-100.0,-0.6530693086514008,0
-5.754409,34,11175.407764,-100.0,-0.6453878060331055,0
-5.937278,34,11176.002735,-100.0,-0.7007623896443823,0
-5.555188,34,11176.587757,-100.0,-0.7552687972322654,0
-5.52007,33,11177.15706,-100.0,-0.7353372369812137,0
-5.984824,34,11177.750709,-100.0,-0.6566006775602504,0
-5.579011,33,11178.317261,-100.0,-0.7156889852514958,0
-5.392034,33,11178.896709,-100.0,-0.7139636066255021,0
-5.705938,33,11179.463965,-100.0,-0.6856409632524912,0
-5.344757,32,11180.01436,-100.0,-0.7703448555993315,0
-5.794479,33,11180.577079,-100.0,-0.6975227151048078,0
-5.446484,34,11181.168202,-100.0,-0.7768167887276093,0
-5.32808,34,11181.748977,-100.0,-0.8391563607875386,0
-5.59036,33,11182.314806,-100.0,-0.7228657369982312,0
-5.433717,33,11182.885932,-100.0,-0.7729029909966291,0
-5.437788,33,11183.460021,-100.0,-0.7330294998192974,0
-5.267924,34,11184.0437,-100.0,-0.847306699662648,0
-5.206623,33,11184.611511,-100.0,-0.7001611308927339,0
-5.397713,33,11185.179629,-100.0,-0.7794585423928266,0
-5.576374,33,11185.750201,-100.0,-0.684993321852154,0
-5.838787,33,11186.324766,-100.0,-0.7168210549804828,0
-5.597226,33,11186.893854,-100.0,-0.7126683459212826,0
-5.472816,33,11187.460061,-100.0,-0.7284879082557881,0
-5.48189,33,11188.033007,-100.0,-0.7847028462207777,0
-5.175476,33,11188.594067,-100.0,-0.7514069876037932,0
-5.14133,32,11189.145095,-100.0,-0.8457853045440235,0
-5.23458,34,11189.72693,-100.0,-0.8384476236133046,0
-5.327192,33,11190.288344,-100.0,-0.7600237697216581,0
-5.279602,33,11190.855779,-100.0,-0.8641751135973489,0
-5.5945,33,11191.427686,-100.0,-0.6753139753280434,0
-5.63684,32,11191.971675,-100.0,-0.760237828034635,0
-5.393672,33,11192.539793,-100.0,-0.7884319813107196,0
-5.711327,34,11193.105835,-100.0,-0.663468229186464,0
-5.249305,32,11193.660805,-100.0,-0.8071969613569352,0
-5.183882,33,11194.221698,-100.0,-0.7864240296407886,0
-5.644262,33,11194.784067,-100.0,-0.6860185588250058,0
-5.895299,39,11195.458208,-100.0,-0.6874740046514196,0
-5.744109,33,11196.013165,-100.0,-0.6596745958148399,0
-5.57871,33,11196.579539,-100.0,-0.7203283265619986,0
-5.223745,32,11197.122077,-100.0,-0.7666183562229235,0
-5.646349,34,11197.706753,-100.0,-0.6794526250401677,0
-5.619624,33,11198.278377,-100.0,-0.727962125316863,0
-5.821697,33,11198.841832,-100.0,-0.6505914361799603,0
-5.75963,33,11199.413196,-100.0,-0.6704861743781945,0
-5.604592,33,11199.965003,-100.0,-0.6934779893358621,0
-5.60224,32,11200.510603,-100.0,-0.7014777658805149,0
-5.603708,33,11201.070356,-100.0,-0.7094682696422745,0
-5.446758,33,11201.636559,-100.0,-0.7875930412233741,0
-5.734045,33,11202.194248,-100.0,-0.5794237177595479,0
-5.338004,32,11202.7536,-100.0,-0.7635564778733565,0
-5.065316,32,11203.299586,-100.0,-0.8486719083845521,0
-5.210081,32,11203.85464,-100.0,-0.8846604743846347,0
-5.591102,33,11204.416175,-100.0,-0.7014437514787628,0
-5.292241,33,11204.983709,-100.0,-0.7960762499854791,0
-5.222616,32,11205.534752,-100.0,-0.8244553263397182,0
-5.517796,33,11206.097508,-100.0,-0.7717446498634163,0
-5.479457,34,11206.676639,-100.0,-0.729001796854322,0
-5.544092,33,11207.24754,-100.0,-0.6306861262474797,0
-5.539202,34,11207.830368,-100.0,-0.716129040218766,0
-5.321633,32,11208.366309,-100.0,-0.8059432933161785,0
-5.383622,33,11344.095032,-100.0,-0.7050366539825246,0
-5.55823,33,11344.654616,-100.0,-0.7112114962959364,0
-5.277012,33,11345.216126,-100.0,-0.7708567468299482,0
-5.583326,33,11345.752818,-100.0,-0.6667974143823535,0
-5.581467,35,11346.371905,-100.0,-0.8918432475948456,0
-5.366899,33,11346.926539,-100.0,-0.7774895191830313,0
-5.468755,34,11347.516796,-100.0,-0.7431324030478195,0
-5.281251,33,11348.282734,-100.0,-0.8273814726165197,0
-5.617606,34,11348.850875,-100.0,-0.7317512898596177,0
-5.603011,33,11349.41408,-100.0,-0.6734931919469502,0
-5.217757,33,11349.980829,-100.0,-0.7671077582415087,0
-5.364671,34,11350.560178,-100.0,-0.7295925601132636,0
-5.314456,33,11351.121924,-100.0,-0.7728290068035365,0
-5.499386,33,11351.689441,-100.0,-0.731067082189834,0
-5.475064,34,11352.262032,-100.0,-0.7197125143717844,0
-5.309213,32,11352.809348,-100.0,-0.9128663104160843,0
-5.716713,33,11353.372692,-100.0,-0.6966310754260161,0
-5.197146,33,11353.942931,-100.0,-0.7789006490415288,0
-5.757463,33,11354.511306,-100.0,-0.6850123627707132,0
-5.289991,33,11355.061176,-100.0,-0.8493343657387622,0
-5.631535,37,11355.688367,-100.0,-0.6610893235788758,0
-5.483239,33,11356.257712,-100.0,-0.7307339435650652,0
-5.439872,33,11356.817929,-100.0,-0.7804843865897491,0
-5.200777,33,11357.379433,-100.0,-0.855119263641656,0
-5.282057,32,11357.93215,-100.0,-0.776164972107216,0
-5.383122,33,11358.492045,-100.0,-0.7976026577391273,0
-5.489745,34,11359.071086,-100.0,-0.6741355606921747,0
-5.127232,32,11359.62337,-100.0,-0.840132952898074,0
-5.536507,33,11360.174995,-100.0,-0.7375382478607617,0
-5.465545,33,11360.739758,-100.0,-0.6990003665332034,0
-5.666538,34,11361.315877,-100.0,-0.6795792248298285,0
-5.645508,33,11361.877373,-100.0,-0.7093821715297203,0
-5.619948,33,11362.436956,-100.0,-0.6913305730631863,0
-5.771031,33,11362.999312,-100.0,-0.7093670223072471,0
-5.452345,33,11363.56021,-100.0,-0.7404456819384576,0
-5.542856,34,11364.139558,-100.0,-0.6927390889551962,0
-5.419915,34,11364.720184,-100.0,-0.7298204176518858,0
-5.519412,33,11365.280706,-100.0,-0.7555778594704156,0
-5.365145,33,11365.844428,-100.0,-0.737567910976449,0
-5.448304,33,11366.411522,-100.0,-0.7044227800855515,0
-5.983215,36,11367.021274,-100.0,-0.7002092362180516,0
-5.698831,34,11367.594725,-100.0,-0.6937139048653107,0
-5.537663,33,11368.15991,-100.0,-0.7507834389988762,0
-5.331176,32,11368.706837,-100.0,-0.8684130793128877,0
-5.469914,33,11369.27339,-100.0,-0.7434469616865385,0
-5.239348,33,11369.84099,-100.0,-0.7488689739792397,0
-5.513898,37,11370.450942,-100.0,-0.728156003793981,0
-5.616146,33,11371.017915,-100.0,-0.6845599215093169,0
-5.406325,34,11371.590453,-100.0,-0.7018977427421744,0
-5.215629,33,11372.158073,-100.0,-0.820878851209381,0
-5.733382,33,11372.718503,-100.0,-0.685640853292417,0
-5.075595,32,11373.266949,-100.0,-0.7652067196074734,0
-5.478168,33,11373.830268,-100.0,-0.6769951374214851,0
-5.307781,33,11374.391561,-100.0,-0.7922441799068559,0
-5.281782,33,11374.949749,-100.0,-0.7933070231180537,0
-5.63961,33,11375.506887,-100.0,-0.7088531394612346,0
-5.614609,33,11376.065413,-100.0,-0.7005641628024397,0
-5.455461,33,11376.633038,-100.0,-0.7306646494513401,0
-5.41449,34,11377.22519,-100.0,-0.7515609689903766,0
-5.299628,33,11377.787495,-100.0,-0.7737316683415593,0
-5.749648,33,11378.340218,-100.0,-0.6579549605063213,0
