#{"t_start": 1782853650.2516015, "env_id": "BipedalWalker-v3"}
r,l,t,original_env_reward,generated_reward,reward_error_count
-380.429431,1600,23.821691,-0.16464159032205505,-0.41479314114956184,0
-45.754506,56,24.572132,-100.0,-1.7314032141878146,0
-50.7982,72,25.572679,-100.0,-2.3537891207912516,0
-16.591282,81,26.705742,-100.0,-0.7875796611175989,0
-24.624819,73,27.734534,-100.0,-1.3984570991058065,0
-27.504491,81,28.850353,-100.0,-0.7505263647027016,0
-330.510588,1600,193.495339,-0.12784086706240852,-0.13712931644415477,0
-291.790249,1600,339.618566,0.0010892121593169253,-0.05941957980359287,0
-245.845034,1600,481.701053,0.1365185697078705,-0.09387641957103365,0
-51.097514,83,482.859192,-100.0,-1.3397510159763084,0
-226.614365,1600,623.873343,-0.14534472942352297,-0.16048125884524836,0
-225.51511,1600,646.083225,-0.09882077254851897,-0.11257751641093264,0
-19.528728,50,646.782256,-100.0,-1.3329866478596004,0
-36.981662,56,647.567801,-100.0,-1.614204045812729,0
-261.13442,1600,790.703048,-0.2110329228242262,-0.3036900770326023,0
-48.150658,122,792.554016,-100.0,-1.2717421154796307,0
-41.501048,95,793.998897,-100.0,-0.9930958145262924,0
-19.946185,72,795.084001,-100.0,-0.6905794509771558,0
-244.431456,1600,935.225817,-0.18387212106585504,-0.2055008767519186,0
-181.354148,1600,1078.044958,0.056860494573913414,-0.07970823035622365,0
-17.022872,65,1078.956625,-100.0,-0.6809750742425098,0
-254.107228,1600,1218.804454,0.04714141899347306,-0.09438085305430526,0
-26.171456,110,1220.340716,-100.0,-0.8666438766715501,0
-12.465354,60,1221.195054,-100.0,-0.8866863267138441,0
-14.516925,57,1221.99163,-100.0,-0.6951382631674891,0
-189.073949,1600,1361.509109,-0.05713097618024028,-0.12171831266409656,0
-169.107353,1600,1384.113071,-0.29772183020909865,-0.28429575130189244,0
-145.21644,1600,1523.060711,-0.056269500990703936,-0.043643102610742016,0
-139.324386,1600,1665.505804,-0.078343923767403,-0.0931162914713801,0
-145.193645,1600,1806.128944,-0.011011090497173482,-0.06279497011204985,0
-30.012254,110,1807.670074,-100.0,-0.7864993507489572,0
-19.449291,70,1808.631875,-100.0,-0.6610444668584958,0
-164.445307,1600,1948.453389,0.0458154658476559,-0.1419457847870964,0
-21.474938,121,1950.288659,-100.0,-0.6997251705189907,0
-20.530548,120,1952.088931,-100.0,-0.7039305598979428,0
-125.164318,1600,2091.487398,-0.08022237103184301,-0.07252018760975062,0
-17.331732,53,2092.231232,-100.0,-0.7181478221234862,0
-9.325308,55,2092.99539,-100.0,-0.19600565625133243,0
-111.344516,1600,2115.159405,-0.028058483220636844,-0.07973223960136222,0
-15.801509,100,2116.561409,-100.0,-0.7858804524861427,0
-18.963072,83,2117.719206,-100.0,-0.5963294898385678,0
-127.636046,1600,2254.521173,-0.09754582545161247,-0.10741937723009998,0
-16.367857,65,2255.414177,-100.0,-0.48238003164277604,0
-18.704659,65,2256.296878,-100.0,-0.4720441296050164,0
-98.903958,1600,2397.32041,-0.05558680419367738,-0.018016987085758905,0
-11.896938,67,2398.236647,-100.0,-0.6889699378497381,0
-108.062245,1600,2514.625938,-0.006269467264413832,-0.047194584716094314,0
-93.659253,1600,2629.590671,0.05509209528705104,0.009197087379327961,0
-11.158166,59,2630.420256,-100.0,-0.26274159041398687,0
-8.701338,57,2631.184795,-100.0,-0.837320420538057,0
-10.944639,45,2631.80986,-100.0,-0.26575680658996276,0
-14.758678,73,2632.797678,-100.0,-0.9867159550618894,0
-17.866264,48,2633.453943,-100.0,-0.705841862861033,0
-9.856518,52,2634.160145,-100.0,-0.7007029237326838,0
-14.607374,94,2635.434757,-100.0,-0.7535195663798551,0
-94.96342,1600,2750.497723,-0.03150939620690036,-0.01811971889501117,0
-15.977933,73,2751.495074,-100.0,-0.6896043860809999,0
-11.772132,83,2752.633823,-100.0,-0.7393265079031944,0
-10.841613,64,2753.513438,-100.0,-0.25358226150747054,0
-97.988276,1600,2894.632602,-0.11620558990041889,-0.1440948690207156,0
-21.462023,164,2896.948732,-100.0,-0.7116429500487691,0
-24.402578,167,2899.29027,-100.0,-0.7860237995508893,0
-13.537418,52,2900.035388,-100.0,-0.47467244772766987,0
-11.161109,75,2901.097671,-100.0,-0.22953868962057594,0
-27.424786,276,2904.952089,-100.0,-0.709410827626585,0
-20.569851,89,2906.201509,-100.0,-0.4636451857122278,0
-22.06648,96,2907.568026,-100.0,-0.3452133040063208,0
-12.259993,98,2908.954029,-100.0,-0.7877292645364051,0
-17.052186,98,2910.369395,-100.0,-0.15358310671391137,0
-13.106209,44,2910.981874,-100.0,-0.47538567928913916,0
-8.835993,49,2911.669569,-100.0,-0.7874535384458434,0
-9.830111,65,2912.593279,-100.0,-0.7517666723034665,0
-18.775308,83,2913.774579,-100.0,-0.4864895852306416,0
-11.340459,59,2914.614041,-100.0,-0.613461256920763,0
-13.015442,74,2915.66535,-100.0,-0.32225500052894407,0
-14.967963,81,2916.811226,-100.0,-0.3029946159132908,0
-7.954186,60,2917.650977,-100.0,-0.247323076896951,0
-8.474708,45,2918.308048,-100.0,-0.6020484960040099,0
-13.25072,49,2919.028422,-100.0,-0.47511495941032617,0
-14.383148,60,2919.902089,-100.0,-0.5450954200911766,0
-10.780893,68,2920.851779,-100.0,-0.6556035136465223,0
-14.001132,95,3037.878557,-100.0,-0.7794687135409506,0
-15.188671,80,3039.01782,-100.0,-0.3372342780276277,0
-8.693837,58,3039.843315,-100.0,-0.6536905956442862,0
-14.057593,92,3041.157248,-100.0,-0.9054175683912735,0
-18.050776,123,3042.893277,-100.0,-0.32805733688861716,0
-17.299343,107,3044.640257,-100.0,-0.22759346816121245,0
-16.598757,60,3045.52332,-100.0,-0.6473632063249539,0
-11.726765,56,3046.291452,-100.0,-0.20244963113917128,0
-71.482359,1600,3185.61269,-0.06747963206966955,-0.06641686210435711,0
-7.958411,45,3186.269395,-100.0,-0.692735027953513,0
-10.428142,58,3187.134421,-100.0,-0.8149755002831875,0
-8.59178,53,3187.916522,-100.0,-0.7071213225491388,0
-10.843089,50,3188.631632,-100.0,-0.28832169202976127,0
-10.089929,42,3189.246556,-100.0,-0.5415351910889489,0
-8.195979,50,3189.984657,-100.0,-0.6319812554406161,0
-15.363036,49,3190.685538,-100.0,-0.5831501129142558,0
-9.559779,42,3191.301679,-100.0,-0.7204893479423486,0
-8.904894,58,3192.165226,-100.0,-0.7502949868673691,0
-17.726713,70,3193.179392,-100.0,-0.4492362842154014,0
-9.133294,58,3194.014814,-100.0,-0.6823866067559793,0
-11.223847,65,3194.976929,-100.0,-0.6380876662531292,0
-10.988965,80,3196.104402,-100.0,-0.7869603522987164,0
-10.412498,59,3196.964404,-100.0,-0.35803192112819804,0
-10.830517,57,3197.772624,-100.0,-0.27213767279241813,0
-9.597538,41,3198.398617,-100.0,-0.8413513705909996,0
-8.147753,46,3199.069825,-100.0,-0.7773736233075053,0
-10.947632,59,3199.94218,-100.0,-0.6707942112199692,0
-13.789074,86,3201.200891,-100.0,-0.27293287280637657,0
-8.984414,43,3201.816715,-100.0,-0.211969483328304,0
-13.817829,82,3203.020752,-100.0,-0.2863902443892654,0
-8.84316,44,3203.667209,-100.0,-0.6105800441407322,0
-7.962246,54,3204.461374,-100.0,-0.7257695245142523,0
-8.514824,37,3204.998901,-100.0,-0.703155837707705,0
-8.701281,55,3205.81304,-100.0,-0.7335459984088311,0
-7.786877,44,3206.433978,-100.0,-0.6954085742401453,0
-19.150515,82,3207.654371,-100.0,-0.43472150160771966,0
-10.342081,66,3208.587569,-100.0,-0.6266987053822033,0
-9.561727,47,3209.292833,-100.0,-0.5072368440389619,0
-9.296355,57,3210.123941,-100.0,-0.623490543593689,0
-8.847187,61,3211.011372,-100.0,-0.7137084893806352,0
-8.787128,55,3211.824295,-100.0,-0.685753642082641,0
-10.677745,65,3212.752411,-100.0,-0.7575663164425998,0
-11.087057,60,3330.942368,-100.0,-0.24663280644779678,0
-14.688674,74,3332.007186,-100.0,-0.7086558313432579,0
-8.438378,52,3332.761537,-100.0,-0.6668736561236182,0
-10.114148,74,3333.857484,-100.0,-0.6295080032286097,0
-7.890009,50,3334.60514,-100.0,-0.7297777222789312,0
-10.600077,67,3335.594427,-100.0,-0.6101420907973255,0
-17.43426,69,3336.591394,-100.0,-0.40183429594750475,0
-14.396477,100,3338.061634,-100.0,-0.22749110059527822,0
-12.201899,68,3339.056237,-100.0,-0.6671851955314417,0
-13.019083,68,3340.072747,-100.0,-0.7269809442411481,0
-9.576165,54,3340.868764,-100.0,-0.7919330901413313,0
-8.373564,54,3341.642225,-100.0,-0.6108238156115967,0
-10.250959,71,3342.698446,-100.0,-0.7100135305669149,0
-10.439719,66,3343.654499,-100.0,-0.8560717945777959,0
-16.835183,79,3344.812705,-100.0,-0.3791166597211156,0
-10.335554,73,3345.907039,-100.0,-0.7418629479867835,0
-10.519868,51,3346.671306,-100.0,-0.616960967078161,0
-11.378285,82,3347.861932,-100.0,-0.6827555462093664,0
-12.80949,85,3349.127108,-100.0,-0.6953235233679926,0
-12.348129,63,3350.028294,-100.0,-0.2669615083637554,0
-14.170674,92,3351.374712,-100.0,-0.28331862247868184,0
-9.961519,52,3352.141098,-100.0,-0.7093139121706209,0
-11.292699,64,3353.080479,-100.0,-0.6114171595100569,0
-12.89352,49,3353.789995,-100.0,-0.30775622898429567,0
-9.286999,64,3354.746758,-100.0,-0.6979823066277401,0
-61.702232,1600,3493.755602,-0.11913259350539732,-0.08042220631016841,0
-18.931256,120,3495.517643,-100.0,-0.30092142941372346,0
-9.094952,63,3496.460785,-100.0,-0.6720824355573352,0
-9.271991,65,3497.401828,-100.0,-0.7335621105568054,0
-8.684839,60,3498.300453,-100.0,-0.6922629409371377,0
-9.685745,67,3499.289306,-100.0,-0.7257786032267735,0
-12.965293,90,3500.623693,-100.0,-0.1415291299556355,0
-11.042213,63,3501.574898,-100.0,-0.7444040486890703,0
-9.608679,57,3502.400249,-100.0,-0.6895461268897584,0
-7.520736,48,3503.111812,-100.0,-0.689468955250365,0
-8.590699,38,3503.684296,-100.0,-0.6430480460930549,0
-10.298448,73,3504.767359,-100.0,-0.8032363522001126,0
-7.959844,56,3505.588293,-100.0,-0.7169594015783509,0
-9.865646,63,3625.582068,-100.0,-0.8378057475925584,0
-8.487035,65,3626.54928,-100.0,-0.6874554185017768,0
-8.732797,57,3627.39115,-100.0,-0.6451146737098504,0
-8.650606,45,3628.052691,-100.0,-0.49199211095038714,0
-9.951769,69,3629.088392,-100.0,-0.6863331182007284,0
-8.949623,63,3630.019773,-100.0,-0.707883029368264,0
-10.222076,76,3631.145998,-100.0,-0.1070232929243503,0
-7.885088,46,3631.842002,-100.0,-0.6332233279831205,0
-9.347025,63,3632.773228,-100.0,-0.2926393414776756,0
-13.358247,83,3633.977557,-100.0,-0.6357443541323371,0
-8.461144,45,3634.656917,-100.0,-0.7316273321810132,0
-9.285299,64,3635.617081,-100.0,-0.6956248080209385,0
-12.026134,91,3636.979567,-100.0,-0.24326721040604088,0
-8.676026,46,3637.655985,-100.0,-0.7117811926926257,0
-8.717469,56,3638.482445,-100.0,-0.6864612253833674,0
-8.336935,49,3639.20758,-100.0,-0.6563291146303173,0
-10.529405,74,3640.303802,-100.0,-0.6746215146437843,0
-7.524799,54,3641.129973,-100.0,-0.6599481511821245,0
-8.616974,47,3641.817585,-100.0,-0.7064720973681725,0
-8.858318,54,3642.62778,-100.0,-0.6095586432815566,0
-9.260707,53,3643.423687,-100.0,-0.6224988201077514,0
-7.813533,45,3644.072062,-100.0,-0.8472050993880063,0
-9.354898,54,3644.882814,-100.0,-0.6188862065195412,0
-7.108641,39,3645.484236,-100.0,-0.7461642495252877,0
-13.078658,75,3646.598142,-100.0,-0.21097589634434677,0
-7.867083,46,3647.290509,-100.0,-0.6161695418692898,0
-8.216387,46,3647.961288,-100.0,-0.7507566867802968,0
-9.147919,47,3648.662444,-100.0,-0.21462653865434736,0
-11.182496,78,3649.839829,-100.0,-0.7405900524642601,0
-9.376549,53,3650.630656,-100.0,-0.5837772998053472,0
-8.855495,50,3651.388945,-100.0,-0.6970159646575199,0
-9.379057,53,3652.174645,-100.0,-0.7462762146068469,0
-11.511074,72,3653.23608,-100.0,-0.6839192954202834,0
-9.261397,61,3654.135931,-100.0,-0.7247264274599704,0
-9.097463,52,3654.917167,-100.0,-0.6605660121003482,0
-8.908834,67,3771.787768,-100.0,-0.7342258090727503,0
-9.345069,57,3772.650836,-100.0,-0.6519570797618474,0
-10.768832,52,3773.431467,-100.0,-0.7823882684388431,0
-8.512975,55,3774.268707,-100.0,-0.5960418304008438,0
-7.920372,50,3775.014554,-100.0,-0.6901057762052437,0
-8.727353,53,3775.799224,-100.0,-0.6878818447090947,0
-8.100521,55,3776.622405,-100.0,-0.7065841513055062,0
-8.033386,53,3777.422884,-100.0,-0.6859836835511592,0
-8.242575,41,3778.051624,-100.0,-0.6187019907365535,0
-7.885952,45,3778.720563,-100.0,-0.6591317319663177,0
-10.532536,63,3779.667058,-100.0,-0.8438904645893827,0
-7.462838,42,3780.308189,-100.0,-0.6623242699836948,0
-9.36704,57,3781.169765,-100.0,-0.7932575979431666,0
-8.482826,55,3782.000905,-100.0,-0.680668375742314,0
-11.828237,100,3783.496793,-100.0,-0.6666735993526886,0
-8.515162,67,3784.505083,-100.0,-0.6754049859919418,0
-7.418676,45,3785.172936,-100.0,-0.6597876969549451,0
-9.032725,61,3786.088742,-100.0,-0.7439548283941353,0
-7.613264,47,3786.798699,-100.0,-0.6628181092193695,0
-9.761052,58,3787.65703,-100.0,-0.7004606973568416,0
-13.917731,57,3788.525059,-100.0,-0.5486514243449279,0
-8.412913,56,3789.343919,-100.0,-0.6863718650530125,0
-9.28087,54,3790.158701,-100.0,-0.7101589794130072,0
-10.622225,88,3791.459785,-100.0,-0.6227566516734045,0
-9.127034,54,3792.272286,-100.0,-0.6796016764872953,0
-16.142943,104,3793.833074,-100.0,-0.3634972471807363,0
-9.192259,57,3794.689801,-100.0,-0.6569573273577448,0
-11.178669,95,3796.090462,-100.0,-0.7287903824304897,0
-7.621468,45,3796.760079,-100.0,-0.76276450526075,0
-11.838547,46,3797.452405,-100.0,-0.8662711857946446,0
-7.961041,55,3798.284809,-100.0,-0.7939071670025549,0
-7.487006,42,3798.885712,-100.0,-0.597956099202554,0
-10.242781,72,3799.975705,-100.0,-0.7417673062182547,0
-8.960967,49,3800.676327,-100.0,-0.6364717114716769,0
-8.729219,51,3801.454283,-100.0,-0.698309941956398,0
-8.844871,57,3802.299579,-100.0,-0.6956634140325338,0
-8.002598,44,3922.786342,-100.0,-0.637821267331174,0
-9.278261,57,3923.640694,-100.0,-0.676900375437815,0
-8.458597,58,3924.531083,-100.0,-0.6951161576162189,0
-10.642025,46,3925.235709,-100.0,-0.7552527171893945,0
-9.213944,66,3926.212881,-100.0,-0.6931371771095468,0
-7.415176,44,3926.875775,-100.0,-0.7468751039142439,0
-7.928485,47,3927.567469,-100.0,-0.7865654985080757,0
-8.399756,53,3928.390634,-100.0,-0.7251392381870991,0
-9.911931,67,3929.381088,-100.0,-0.7566129294852763,0
-7.776726,58,3930.267285,-100.0,-0.7469963150235304,0
-7.645067,42,3930.894197,-100.0,-0.7084629569476724,0
-8.611462,52,3931.683672,-100.0,-0.631937709400188,0
-8.095155,50,3932.400774,-100.0,-0.6182046481261372,0
-9.186491,68,3933.443381,-100.0,-0.8499644685862985,0
-8.890472,52,3934.204487,-100.0,-0.5891362046569122,0
-8.55699,50,3934.962113,-100.0,-0.6784050342782006,0
-10.612373,72,3936.033696,-100.0,-0.20753746823220187,0
-8.314572,50,3936.803061,-100.0,-0.6880680776933477,0
-7.946077,50,3937.551694,-100.0,-0.7189273857197772,0
-8.715487,64,3938.527799,-100.0,-0.6475513203797575,0
-8.510072,45,3939.195086,-100.0,-0.6232290892504317,0
-8.670094,45,3939.878136,-100.0,-0.41000929349336074,0
-7.877013,46,3940.585424,-100.0,-0.6811296726398347,0
-7.723434,50,3941.320698,-100.0,-0.6631251118016324,0
-8.587493,51,3942.10317,-100.0,-0.7209923258862023,0
-9.223892,56,3942.936846,-100.0,-0.7605613468739414,0
-7.07679,40,3943.537602,-100.0,-0.7115269405588777,0
-8.333774,51,3944.301042,-100.0,-0.6364077951008281,0
-11.711045,104,3945.868181,-100.0,-0.6798714859966233,0
-11.396988,58,3946.751068,-100.0,-0.24090826282722255,0
-8.923391,77,3947.901319,-100.0,-0.7492510202919732,0
-8.623592,57,3948.781253,-100.0,-0.7015458313213854,0
-8.582485,50,3949.540297,-100.0,-0.6346861202754173,0
-8.425572,51,3950.312738,-100.0,-0.6397298713384573,0
-7.676557,42,3950.932184,-100.0,-0.6793544269338515,0
-8.97477,55,3951.765638,-100.0,-0.6656124720899186,0
-9.684194,68,3952.768349,-100.0,-0.6072156349394654,0
-8.102324,44,4069.51797,-100.0,-0.6388437311548908,0
-9.111517,69,4070.53908,-100.0,-0.7731836519473413,0
-9.4642,70,4071.622964,-100.0,-0.6950327437937378,0
-7.561777,44,4072.310408,-100.0,-0.7706613525797376,0
-7.823736,44,4072.965394,-100.0,-0.6379561284868195,0
-9.22611,50,4073.729114,-100.0,-0.21191544941358983,0
-9.010176,54,4074.533106,-100.0,-0.5953939017818024,0
-7.336842,41,4075.16384,-100.0,-0.7215749209062039,0
-8.381845,55,4075.997391,-100.0,-0.7126080780670171,0
-9.89249,61,4076.912285,-100.0,-0.6672082880627864,0
-7.887678,49,4077.642975,-100.0,-0.7157983312427596,0
-8.60001,49,4078.379717,-100.0,-0.6101813892074086,0
-7.702205,47,4079.106241,-100.0,-0.758999266180553,0
-7.957883,39,4079.689858,-100.0,-0.6196883673117327,0
-7.389412,44,4080.360914,-100.0,-0.7209416610555228,0
-6.996962,44,4081.030868,-100.0,-0.7583429711335279,0
-9.301216,53,4081.809752,-100.0,-0.6654837924840813,0
-8.570672,55,4082.664217,-100.0,-0.6434696017777677,0
-7.928858,54,4083.467607,-100.0,-0.7092744870563301,0
-8.916356,56,4084.310854,-100.0,-0.6631282741152831,0
-8.527487,52,4085.103116,-100.0,-0.6755057600995198,0
-9.134124,59,4085.985441,-100.0,-0.6387429268469861,0
-9.247698,61,4086.90882,-100.0,-0.6183280258061274,0
-8.60022,57,4087.757125,-100.0,-0.6761681800162758,0
-8.596458,46,4088.457341,-100.0,-0.6991791954853496,0
-7.565255,55,4089.30066,-100.0,-0.7242028999147019,0
-8.823059,73,4090.38615,-100.0,-0.802580385304008,0
-7.321319,47,4091.102793,-100.0,-0.7002648975863774,0
-7.764985,43,4091.748183,-100.0,-0.6871856502056528,0
-8.031374,50,4092.516145,-100.0,-0.6490203768482705,0
-6.518887,38,4093.088521,-100.0,-0.7075866096105179,0
-7.277659,39,4093.69258,-100.0,-0.7138441244108397,0
-9.369704,59,4094.588586,-100.0,-0.6579251776233314,0
-8.653776,63,4095.544535,-100.0,-0.6910044454859398,0
-7.391533,42,4096.183088,-100.0,-0.7175462258921349,0
-7.21775,52,4096.964363,-100.0,-0.7221927002756056,0
-8.768962,44,4097.622755,-100.0,-0.6420836738035433,0
-9.710504,64,4098.575444,-100.0,-0.6320999512650748,0
-7.702368,43,4099.232033,-100.0,-0.623528216588379,0
-7.709753,45,4099.912404,-100.0,-0.6093933023703332,0
-7.64747,44,4218.557588,-100.0,-0.6995154735309955,0
-7.960099,49,4219.311277,-100.0,-0.7109915373650321,0
-6.949329,43,4219.974583,-100.0,-0.6619863596222758,0
-7.590059,49,4220.708541,-100.0,-0.6866655611974819,0
-8.43318,67,4221.741081,-100.0,-0.7405683531442862,0
-7.969358,44,4222.426033,-100.0,-0.6488933360430309,0
-7.89233,58,4223.304097,-100.0,-0.6761273327505548,0
-7.524824,39,4223.908067,-100.0,-0.7417657681712819,0
-7.559471,50,4224.660808,-100.0,-0.7543319415163929,0
-7.466556,44,4225.343683,-100.0,-0.655461521396577,0
-7.758373,49,4226.093462,-100.0,-0.795023378850754,0
-8.481399,57,4226.9655,-100.0,-0.6998315755594465,0
-8.048226,47,4227.653628,-100.0,-0.6733049092271769,0
-12.002232,97,4229.131472,-100.0,-0.22517314420451406,0
-7.746687,45,4229.816401,-100.0,-0.6989463565725247,0
-7.476431,41,4230.443304,-100.0,-0.6757498888023868,0
-7.892393,47,4231.169246,-100.0,-0.6895786229985633,0
-7.760669,50,4231.951796,-100.0,-0.6529041064788492,0
-8.696587,57,4232.808388,-100.0,-0.5871764241366952,0
-8.116106,44,4233.500763,-100.0,-0.83242576533408,0
-7.879742,41,4234.111296,-100.0,-0.6160185982719852,0
-8.171859,53,4234.902606,-100.0,-0.6466090789864181,0
-8.385679,48,4235.627523,-100.0,-0.8522181849373449,0
-7.375556,37,4236.223364,-100.0,-0.6850376464265135,0
-9.826448,63,4237.171474,-100.0,-0.24842852370134433,0
-6.940059,37,4237.738489,-100.0,-0.698468668993928,0
-9.212982,41,4238.373587,-100.0,-0.6833144486386155,0
-8.037368,49,4239.09686,-100.0,-0.6707261710818588,0
-8.646414,46,4239.824247,-100.0,-0.788319086711868,0
-7.633247,45,4240.504107,-100.0,-0.6851847459619498,0
-9.277716,60,4241.417226,-100.0,-0.640493925387311,0
-9.382263,57,4242.294956,-100.0,-0.647577967827881,0
-7.826544,43,4242.941125,-100.0,-0.7423901790697492,0
-7.696454,48,4243.681054,-100.0,-0.6948158162939178,0
-9.739366,41,4244.305718,-100.0,-0.8911772651370935,0
-7.703897,53,4245.125306,-100.0,-0.6784732378641612,0
-7.448976,43,4245.781987,-100.0,-0.6319386660246838,0
-6.86681,43,4246.44269,-100.0,-0.6943845789479456,0
-7.073327,41,4247.049903,-100.0,-0.7161347828933726,0
-7.478907,49,4247.793502,-100.0,-0.7594810350131465,0
-9.251129,59,4248.687712,-100.0,-0.7188114479817268,0
-8.359128,49,4366.740511,-100.0,-0.5921456315264401,0
-7.539824,45,4367.432025,-100.0,-0.6673645870015025,0
-7.342175,42,4368.091323,-100.0,-0.7872640914354042,0
-14.194398,50,4368.87674,-100.0,-0.4433670100479174,0
-10.579154,75,4370.028832,-100.0,-0.17512643987481433,0
-7.525255,51,4370.834354,-100.0,-0.7765038999133806,0
-9.348609,59,4371.708765,-100.0,-0.6589627905704512,0
-7.502275,39,4372.323504,-100.0,-0.5975330786702544,0
-7.570594,45,4373.01474,-100.0,-0.7219350859128159,0
-12.513552,82,4374.271865,-100.0,-0.7365276777816,0
-7.453886,50,4375.053796,-100.0,-0.7353095038845536,0
-7.656562,45,4375.733673,-100.0,-0.703776506112048,0
-7.714558,47,4376.454206,-100.0,-0.684208130583078,0
-7.095268,46,4377.172577,-100.0,-0.7079217237507011,0
-7.059493,41,4377.785909,-100.0,-0.6048246327737118,0
-7.499442,48,4378.538798,-100.0,-0.6675350984119863,0
-7.33765,44,4379.205858,-100.0,-0.8078566034033857,0
-6.893457,39,4379.803485,-100.0,-0.7330917029022863,0
-7.24635,42,4380.456961,-100.0,-0.6263414666708139,0
-7.991929,37,4381.025962,-100.0,-0.6072633194339426,0
-7.151002,53,4381.835691,-100.0,-0.654036948231465,0
-7.125624,44,4382.517885,-100.0,-0.6301974704842407,0
-8.800188,53,4383.339058,-100.0,-0.6573422474000156,0
-8.74974,39,4383.951914,-100.0,-0.7424594060142637,0
-6.679328,36,4384.502459,-100.0,-0.6848113568226206,0
-6.758248,38,4385.086051,-100.0,-0.6855989287352485,0
-8.439209,48,4385.824012,-100.0,-0.6326627935198526,0
-6.845828,40,4386.429442,-100.0,-0.6805789014091276,0
-7.359444,40,4387.057165,-100.0,-0.6611501879344854,0
-8.014431,44,4387.734213,-100.0,-0.7681813530585099,0
-7.629828,48,4388.479721,-100.0,-0.641899501252004,0
-8.845566,76,4389.636221,-100.0,-0.8366637379129592,0
-6.475015,41,4390.274824,-100.0,-0.7775969723017266,0
-8.651549,53,4391.07876,-100.0,-0.7443155312343376,0
-7.698887,58,4391.974499,-100.0,-0.6808479068847363,0
-7.580365,41,4392.610932,-100.0,-0.7140193542158422,0
-8.118524,56,4393.466854,-100.0,-0.7159855737449065,0
-9.066471,42,4394.114369,-100.0,-0.4596720940290355,0
-8.156255,39,4394.721412,-100.0,-0.6991641559167,0
-7.795988,53,4395.53415,-100.0,-0.7126401558415,0
-6.574926,47,4396.267948,-100.0,-0.7318855370184221,0
-7.919028,59,4397.181773,-100.0,-0.7153196885809309,0
-8.775702,58,4398.057284,-100.0,-0.862044877551253,0
-7.215789,53,4519.957831,-100.0,-0.7987852760852356,0
-7.545812,47,4520.689214,-100.0,-0.6485082996218251,0
-8.372321,47,4521.422255,-100.0,-0.5831239238562973,0
-9.435498,70,4522.507447,-100.0,-0.7184155506397899,0
-7.031259,39,4523.102829,-100.0,-0.6723864850588037,0
-7.609111,47,4523.852475,-100.0,-0.726468289803795,0
-7.344443,42,4524.490345,-100.0,-0.6712667599805681,0
-7.712911,52,4525.32598,-100.0,-0.6684645045642208,0
-7.224428,42,4525.979959,-100.0,-0.602331728832351,0
-7.136696,40,4526.589125,-100.0,-0.7218873338810066,0
-7.236173,38,4527.178915,-100.0,-0.6588961504894959,0
-6.696686,42,4527.835267,-100.0,-0.734407670627806,0
-7.78086,43,4528.496528,-100.0,-0.6467605323697454,0
-7.123033,41,4529.144663,-100.0,-0.6477747314723913,0
-9.366363,71,4530.24323,-100.0,-0.6351206516279336,0
-7.313433,48,4530.981186,-100.0,-0.6477088266085615,0
-6.603425,39,4531.57549,-100.0,-0.7767704352230793,0
-7.339316,48,4532.331757,-100.0,-0.8483578894149612,0
-7.439737,43,4533.006438,-100.0,-0.6043511993518615,0
-7.371342,42,4533.644978,-100.0,-0.6852031968062549,0
-7.00609,47,4534.393908,-100.0,-0.7965134825210006,0
-7.849919,52,4535.190187,-100.0,-0.6806976404254367,0
-7.500037,43,4535.869384,-100.0,-0.746792690942726,0
-6.945938,49,4536.613179,-100.0,-0.6424127525099043,0
-7.242303,41,4537.258489,-100.0,-0.5867470642394969,0
-7.902961,53,4538.091351,-100.0,-0.729704896359481,0
-6.762498,45,4538.781793,-100.0,-0.7308406333678695,0
-7.600619,44,4539.465638,-100.0,-0.7520995936723228,0
-7.75678,60,4540.384948,-100.0,-0.66233140469822,0
-6.943371,41,4541.025271,-100.0,-0.7016079339682225,0
-7.461889,45,4541.718814,-100.0,-0.6864337767479466,0
-13.503302,68,4542.774185,-100.0,-0.41292415473136246,0
-7.393333,43,4543.440723,-100.0,-0.6661395116845038,0
-7.222057,43,4544.122654,-100.0,-0.6460935338122603,0
-7.891847,44,4544.814399,-100.0,-0.5949762504245877,0
-8.363304,58,4545.707784,-100.0,-0.6628590853460846,0
-7.346164,39,4546.322331,-100.0,-0.5840125032970166,0
-6.933543,44,4547.014803,-100.0,-0.5845881215798695,0
-7.133265,43,4547.682727,-100.0,-0.6601461879805272,0
-7.662896,56,4548.559772,-100.0,-0.6913242145642851,0
-7.619681,51,4549.338686,-100.0,-0.6616344927127079,0
-8.089506,56,4550.211704,-100.0,-0.8147029761863429,0
-7.40743,53,4551.05183,-100.0,-0.6773792278502041,0
-7.440235,46,4669.341174,-100.0,-0.6846031329713475,0
-7.07418,47,4670.068176,-100.0,-0.6975622568669344,0
-6.882641,42,4670.730183,-100.0,-0.7744260208540563,0
-7.540284,39,4671.328638,-100.0,-0.7214254988724702,0
-8.283941,55,4672.202666,-100.0,-0.6357993404353215,0
-6.53743,37,4672.766313,-100.0,-0.6573998199288305,0
-6.538595,42,4673.419493,-100.0,-0.768216984577191,0
-8.268811,49,4674.182013,-100.0,-0.6421090269396579,0
-7.367665,37,4674.769861,-100.0,-0.7202513335367249,0
-7.704597,46,4675.488107,-100.0,-0.6600978556527909,0
-7.324535,42,4676.135152,-100.0,-0.7042444135347176,0
-6.284041,37,4676.714653,-100.0,-0.6740606368712904,0
-6.719907,35,4677.2642,-100.0,-0.7020972084385881,0
-7.949807,45,4677.945255,-100.0,-0.7070404914255238,0
-7.352436,44,4678.640031,-100.0,-0.7015394225272997,0
-7.259774,44,4679.311777,-100.0,-0.7047129786822685,0
-7.717264,45,4680.024309,-100.0,-0.727656866530868,0
-7.367261,49,4680.784694,-100.0,-0.7611911613586431,0
-10.126008,40,4681.417392,-100.0,-0.6961167883998626,0
-7.66589,46,4682.151206,-100.0,-0.7508104062109887,0
-6.759204,39,4682.742005,-100.0,-0.7265580391917326,0
-8.320181,49,4683.508389,-100.0,-0.5870126348180623,0
-7.04694,37,4684.091817,-100.0,-0.6660843308840895,0
-6.891725,43,4684.746833,-100.0,-0.6400071559837439,0
-7.733752,48,4685.487332,-100.0,-0.6404216112691523,0
-6.877847,38,4686.064699,-100.0,-0.7544753455317693,0
-7.042488,46,4686.772389,-100.0,-0.7293010321363853,0
-6.982697,40,4687.410653,-100.0,-0.6381570583937487,0
-6.940873,44,4688.080382,-100.0,-0.6648047957102082,0
-7.030182,42,4688.714626,-100.0,-0.5831261603221701,0
-6.2861,37,4689.295744,-100.0,-0.7388623765802774,0
-7.750456,60,4690.24994,-100.0,-0.6964001996151239,0
-8.208159,53,4691.066961,-100.0,-0.7722804108365562,0
-8.180499,58,4691.964522,-100.0,-0.6591779328375675,0
-7.304506,41,4692.609264,-100.0,-0.6602550025476296,0
-8.337228,60,4693.553931,-100.0,-0.7392395924179828,0
-8.606301,52,4694.337209,-100.0,-0.7698973123861417,0
-7.118308,43,4695.01901,-100.0,-0.725119862336691,0
-7.185278,45,4695.720882,-100.0,-0.731440283804495,0
-8.104278,50,4696.49838,-100.0,-0.8487810944087042,0
-7.202053,46,4697.228114,-100.0,-0.665423222456826,0
-7.402429,40,4697.850775,-100.0,-0.6189925280784895,0
-7.947438,60,4698.785726,-100.0,-0.6796734806766379,0
-7.529051,47,4699.517522,-100.0,-0.6414063835855234,0
-6.8666,39,4700.132278,-100.0,-0.7071531089265023,0
-7.995271,48,4826.116365,-100.0,-0.6921963157748474,0
-6.86604,40,4826.746808,-100.0,-0.7634087805716123,0
-6.721692,43,4827.412689,-100.0,-0.7234447717149249,0
-7.671275,45,4828.134434,-100.0,-0.6649823657431849,0
-7.469995,39,4828.738952,-100.0,-0.6264787009474334,0
-7.384986,44,4829.423942,-100.0,-0.6369302781076996,0
-7.392388,55,4830.277445,-100.0,-0.6432694671814589,0
-7.328573,54,4831.120276,-100.0,-0.7574898950512422,0
-7.246543,45,4831.831843,-100.0,-0.6509416105149731,0
-6.839654,39,4832.426623,-100.0,-0.7433178591154345,0
-7.394385,45,4833.137471,-100.0,-0.6715961451554444,0
-7.51534,48,4833.903426,-100.0,-0.6272109434852304,0
-8.29248,64,4834.891517,-100.0,-0.6196345078855893,0
-8.215745,46,4835.611769,-100.0,-0.46018139176016565,0
-7.049806,36,4836.177907,-100.0,-0.6768365187236557,0
-6.652589,41,4836.824209,-100.0,-0.775842110234855,0
-7.012077,38,4837.431075,-100.0,-0.655527006535658,0
-7.281689,40,4838.061512,-100.0,-0.6541153308362656,0
-7.622114,41,4838.702808,-100.0,-0.728372719393953,0
-6.546812,37,4839.291744,-100.0,-0.6348501076694841,0
-7.278444,43,4839.953103,-100.0,-0.7013231154156478,0
-7.704865,44,4840.643124,-100.0,-0.6460548026262404,0
-8.14148,63,4841.615201,-100.0,-0.6538873496186726,0
-6.753302,40,4842.237226,-100.0,-0.7801860590746279,0
-6.480803,39,4842.844181,-100.0,-0.7141764502523189,0
-7.723945,50,4843.646686,-100.0,-0.7660451877376069,0
-7.143892,43,4844.317749,-100.0,-0.7058484469688215,0
-7.595914,53,4845.14849,-100.0,-0.6913804083752618,0
-6.492389,39,4845.739832,-100.0,-0.6595491204053178,0
-6.767103,37,4846.321258,-100.0,-0.6987948805067369,0
-7.524287,47,4847.053574,-100.0,-0.6841234455083463,0
-6.312237,38,4847.660404,-100.0,-0.6903384786799732,0
-8.674131,57,4848.536567,-100.0,-0.6033644800752732,0
-6.403679,40,4849.161007,-100.0,-0.7603624442615258,0
-6.812429,53,4850.007839,-100.0,-0.7449488067186711,0
-7.22453,48,4850.759197,-100.0,-0.6448856629383595,0
-8.970004,55,4851.620503,-100.0,-0.6677735868198765,0
-7.416356,54,4852.459877,-100.0,-0.7199393308465516,0
-6.595737,47,4853.202973,-100.0,-0.8417663416512593,0
-6.707263,45,4853.900006,-100.0,-0.7596238732166759,0
-6.111498,33,4854.620229,-100.0,-0.7039157110271842,0
-6.948765,49,4855.387999,-100.0,-0.6676886570325032,0
-7.603702,49,4856.154835,-100.0,-0.6410794826083052,0
-7.277272,46,4856.861578,-100.0,-0.6462218193335979,0
-7.146724,42,4857.523587,-100.0,-0.5810487773051543,0
-8.098628,39,4977.330069,-100.0,-0.6725016778966428,0
-6.415512,42,4977.982817,-100.0,-0.7652714340721801,0
-7.063498,42,4978.65284,-100.0,-0.7278270593759778,0
-6.655416,39,4979.253614,-100.0,-0.7400433407408904,0
-6.873067,38,4979.866241,-100.0,-0.6963611191813914,0
-7.36546,39,4980.49104,-100.0,-0.6994276418303502,0
-7.0038,50,4981.273606,-100.0,-0.7230346579424363,0
-6.924669,41,4981.911438,-100.0,-0.7164370071137577,0
-7.479278,47,4982.656419,-100.0,-0.6233714923100191,0
-6.877825,48,4983.41395,-100.0,-0.7017240955737595,0
-6.517647,40,4984.055641,-100.0,-0.7766432222966884,0
-6.687613,45,4984.75387,-100.0,-0.6910949790368737,0
-6.562359,38,4985.345727,-100.0,-0.6252849437483888,0
-6.703498,39,4985.971239,-100.0,-0.7017679435365428,0
-6.962322,40,4986.59323,-100.0,-0.6803385851378824,0
-7.208103,46,4987.330741,-100.0,-0.6838699792216004,0
-7.06926,41,4987.970964,-100.0,-0.7162651342272778,0
-7.480984,53,4988.793772,-100.0,-0.7173061904007894,0
-7.15363,38,4989.393964,-100.0,-0.644216920268997,0
-7.758644,43,4990.047515,-100.0,-0.6408908146643996,0
-6.619546,43,4990.745313,-100.0,-0.7763842062870637,0
-7.327354,45,4991.441101,-100.0,-0.8099021188162804,0
-7.512063,48,4992.20507,-100.0,-0.7357543104310623,0
-6.758295,38,4992.802115,-100.0,-0.6258728230214781,0
-7.187753,45,4993.516227,-100.0,-0.6807327348557478,0
-7.825206,58,4994.456731,-100.0,-0.6463215026116477,0
-6.919644,40,4995.064322,-100.0,-0.6928399917030988,0
-6.941263,44,4995.771266,-100.0,-0.6386497087275351,0
-6.996449,47,4996.511873,-100.0,-0.6338303408136517,0
-8.251707,49,4997.280345,-100.0,-0.6524522896614331,0
-7.448897,50,4998.059607,-100.0,-0.7067110812085458,0
-6.963847,41,4998.707625,-100.0,-0.643778776258642,0
-7.193285,42,4999.369933,-100.0,-0.7385655322957062,0
-6.442568,34,4999.888171,-100.0,-0.7254899987207774,0
-6.844603,41,5000.542679,-100.0,-0.6899119906766977,0
-9.02143,82,5001.838269,-100.0,-0.711095013388472,0
-7.06722,44,5002.547803,-100.0,-0.6359473020276903,0
-6.745677,44,5003.229374,-100.0,-0.8264793963918547,0
-7.786019,48,5003.989248,-100.0,-0.653472995770335,0
-11.458263,69,5005.065928,-100.0,-0.4048906605608899,0
-6.567217,38,5005.67439,-100.0,-0.6874387148000062,0
-6.523025,40,5006.286342,-100.0,-0.6956564170784668,0
-6.495213,40,5006.92027,-100.0,-0.7389981996731738,0
-6.879048,40,5007.544545,-100.0,-0.6698184801084849,0
-8.613763,42,5008.227774,-100.0,-0.7808023343976437,0
-6.558773,38,5008.823651,-100.0,-0.6769064983743042,0
-8.160325,68,5113.783286,-100.0,-0.6920415372119536,0
-7.317241,48,5114.561131,-100.0,-0.7181993341680106,0
-7.183173,44,5115.267947,-100.0,-0.7067596497986193,0
-6.600389,43,5115.951809,-100.0,-0.7493643593852078,0
-7.001499,37,5116.538295,-100.0,-0.7016263685168647,0
-7.286972,42,5117.186828,-100.0,-0.624265108201022,0
-6.748256,46,5117.926319,-100.0,-0.6517170717025021,0
-7.367208,43,5118.61035,-100.0,-0.7190477910677558,0
-6.533693,39,5119.222795,-100.0,-0.6947598873058469,0
-7.286527,45,5119.955261,-100.0,-0.641446802317374,0
-6.976919,41,5120.589341,-100.0,-0.6678183224722536,0
-6.996653,55,5121.477313,-100.0,-0.6627203551358527,0
-6.823184,44,5122.152472,-100.0,-0.6162522886646409,0
-7.208609,40,5122.800915,-100.0,-0.6578024359681238,0
-6.193519,37,5123.375575,-100.0,-0.8205934116426002,0
-6.587576,39,5124.01363,-100.0,-0.6732720094976721,0
-6.739791,43,5124.698711,-100.0,-0.7031984598896046,0
-6.734228,43,5125.370915,-100.0,-0.7138144588765358,0
-7.353773,58,5126.271543,-100.0,-0.6133571410503603,0
-6.320546,42,5126.938426,-100.0,-0.7626673747373509,0
-6.690685,44,5127.636006,-100.0,-0.7748009347920943,0
-7.56967,44,5128.325747,-100.0,-0.6217243663742413,0
-6.768269,41,5128.987416,-100.0,-0.7444774322664073,0
-6.310896,37,5129.567977,-100.0,-0.6923923336955198,0
-6.654813,44,5130.273265,-100.0,-0.8744250904882588,0
-6.754668,43,5130.964608,-100.0,-0.6653723439894013,0
-7.424108,42,5131.628349,-100.0,-0.6245600892752035,0
-7.142897,45,5132.343644,-100.0,-0.6966039700234831,0
-7.020614,43,5133.014222,-100.0,-0.7074313430358404,0
-6.631786,41,5133.663342,-100.0,-0.7408813241564566,0
-6.682633,40,5134.310779,-100.0,-0.7068439152293475,0
-7.35751,54,5135.161964,-100.0,-0.9462221267529828,0
-7.301221,51,5135.98403,-100.0,-0.7414488072222211,0
-6.955495,39,5136.58888,-100.0,-0.6507163097465554,0
-7.405057,45,5137.314902,-100.0,-0.6745188514592011,0
-6.791432,39,5137.935295,-100.0,-0.7437310379496027,0
-6.469394,37,5138.519018,-100.0,-0.6738584508246444,0
-6.948314,43,5139.191532,-100.0,-0.6734144427980857,0
-6.46102,47,5139.944418,-100.0,-0.7891962521982588,0
-6.504394,32,5140.441794,-100.0,-0.8416176975286523,0
-6.909019,42,5141.100769,-100.0,-0.6462561041069542,0
-6.635667,39,5141.731589,-100.0,-0.6642217982537514,0
-7.144986,41,5142.38772,-100.0,-0.6499293951629029,0
-7.244175,46,5143.105508,-100.0,-0.7451473336531941,0
-6.703109,42,5143.774072,-100.0,-0.6742462205951392,0
-6.495592,42,5144.456446,-100.0,-0.7487061110641934,0
-6.835459,36,5145.024083,-100.0,-0.641077153944715,0
-6.675607,39,5145.638234,-100.0,-0.6222230669833422,0
-6.581307,41,5268.213529,-100.0,-0.6927678938620525,0
-8.654002,79,5269.464607,-100.0,-0.6106999207913288,0
-6.750849,42,5270.134802,-100.0,-0.644021002294179,0
-7.291206,52,5270.961217,-100.0,-0.6754371767811872,0
-6.57243,42,5271.617119,-100.0,-0.790373521276984,0
-6.590417,38,5272.22975,-100.0,-0.733480926150818,0
-7.24507,57,5273.125524,-100.0,-0.6152919434269578,0
-6.895015,50,5273.925568,-100.0,-0.6459906734849639,0
-7.566671,54,5274.790396,-100.0,-0.6690873128794533,0
-6.211126,40,5275.415756,-100.0,-0.7665113151557404,0
-6.261114,37,5275.987029,-100.0,-0.7242005023728684,0
-7.357853,52,5276.812969,-100.0,-0.623581116617229,0
-7.743631,53,5277.645757,-100.0,-0.6765228906911834,0
-7.310357,49,5278.420373,-100.0,-0.7204254427344714,0
-6.92313,42,5279.079766,-100.0,-0.7254136161696699,0
-6.896899,45,5279.798869,-100.0,-0.6467602190626794,0
-7.541156,45,5280.496926,-100.0,-0.6088356278766114,0
-6.721832,39,5281.121276,-100.0,-0.7511157646437167,0
-7.074602,33,5281.641893,-100.0,-0.6291759452740727,0
-6.564329,40,5282.293088,-100.0,-0.768087937697403,0
-6.905676,42,5282.958702,-100.0,-0.6584109143322234,0
-6.356383,44,5283.644451,-100.0,-0.7577145427588977,0
-6.225514,38,5284.269008,-100.0,-0.7230273580718806,0
-7.171019,40,5284.89499,-100.0,-0.637363783006815,0
-6.889906,37,5285.488744,-100.0,-0.6138786849349691,0
-6.58416,43,5286.167233,-100.0,-0.7919345271255714,0
-6.827193,53,5287.006376,-100.0,-0.6893293633104448,0
-7.240634,43,5287.693461,-100.0,-0.6865060022768218,0
-6.828998,36,5288.265682,-100.0,-0.664394660076295,0
-6.992056,46,5288.98699,-100.0,-0.7381606389092698,0
-6.256679,39,5289.596245,-100.0,-0.7429755753086035,0
-6.383348,39,5290.220454,-100.0,-0.6419495760943272,0
-6.612628,38,5290.825274,-100.0,-0.6583888291117023,0
-6.323617,39,5291.455455,-100.0,-0.7102873695573169,0
-6.984617,48,5292.226887,-100.0,-0.6480087032883415,0
-6.411383,40,5292.846128,-100.0,-0.761530914211077,0
-7.209048,41,5293.494548,-100.0,-0.6133001084241844,0
-6.598546,48,5294.249725,-100.0,-0.7600588568775725,0
-6.27046,42,5294.913308,-100.0,-0.734404818529244,0
-6.897843,44,5295.604934,-100.0,-0.708485662174279,0
-6.261885,40,5296.239108,-100.0,-0.7241863830778428,0
-7.597073,62,5297.222474,-100.0,-0.6883509685683243,0
-7.051865,43,5297.899439,-100.0,-0.7008910711200834,0
-6.58399,54,5298.759873,-100.0,-0.760330722860447,0
-6.727931,44,5299.464196,-100.0,-0.7343652366682951,0
-7.182601,56,5409.527582,-100.0,-0.7025389403175054,0
-6.463528,39,5410.149538,-100.0,-0.6637758848616215,0
-6.426373,40,5410.792407,-100.0,-0.7117844899221251,0
-6.79826,40,5411.40513,-100.0,-0.7479583222355144,0
-6.337017,41,5412.067055,-100.0,-0.6985150083781313,0
-6.13022,41,5412.717659,-100.0,-0.7033516695211434,0
-7.352788,58,5413.662701,-100.0,-0.6338318351900044,0
-6.180099,40,5414.293195,-100.0,-0.7413233324502557,0
-6.93747,42,5414.946932,-100.0,-0.6530865367278823,0
-7.731237,70,5416.074332,-100.0,-0.708914880144215,0
-6.999208,43,5416.755905,-100.0,-0.6484005787935033,0
-6.711804,43,5417.638169,-100.0,-0.6706990974933826,0
-7.036377,40,5418.261407,-100.0,-0.6507156171171444,0
-6.341727,47,5419.020857,-100.0,-0.7864279855406681,0
-6.298694,42,5419.69431,-100.0,-0.7445472967149729,0
-6.357905,39,5420.312527,-100.0,-0.6772705001416418,0
-7.32945,43,5420.990314,-100.0,-0.6136752377031621,0
-6.329206,42,5421.659141,-100.0,-0.751324935896275,0
-6.271436,36,5422.22906,-100.0,-0.7590912811131109,0
-6.185192,36,5422.823834,-100.0,-0.6646409058874697,0
-7.304912,42,5423.479282,-100.0,-0.6327765659383109,0
-6.376018,44,5424.186382,-100.0,-0.672652297919905,0
-6.837097,41,5424.84671,-100.0,-0.6753126405147543,0
-6.951139,47,5425.584651,-100.0,-0.7368753330147448,0
-6.090579,34,5426.146203,-100.0,-0.6770641486751762,0
-8.037303,53,5426.982975,-100.0,-0.7060356540240951,0
-7.166731,41,5427.625498,-100.0,-0.6605518520730905,0
-7.238104,43,5428.31107,-100.0,-0.6472429985491269,0
-6.817033,54,5429.168867,-100.0,-0.6955283026506784,0
-6.32182,44,5429.895319,-100.0,-0.7159082399624415,0
-6.192419,42,5430.562453,-100.0,-0.7402070666549498,0
-6.661731,49,5431.353105,-100.0,-0.7562113113287241,0
-9.663321,101,5432.929463,-100.0,-0.6770898572121333,0
-6.67369,40,5433.575685,-100.0,-0.6684926149469632,0
-6.899275,45,5434.296711,-100.0,-0.6872457690992594,0
-6.290509,39,5434.905644,-100.0,-0.8310984962421458,0
-6.56085,41,5435.558515,-100.0,-0.6408864557421843,0
-6.339509,40,5436.186029,-100.0,-0.7850069367926272,0
-6.102766,33,5436.717313,-100.0,-0.7327777238154309,0
-6.293165,40,5437.36051,-100.0,-0.7748979892321277,0
-6.33712,41,5438.02177,-100.0,-0.7146735086469721,0
-5.999128,37,5438.609664,-100.0,-0.6557673429319404,0
-9.593153,41,5439.239182,-100.0,-0.7618261710529157,0
-6.309217,41,5439.896214,-100.0,-0.7875402084923986,0
-6.171704,34,5440.431345,-100.0,-0.6398231055261109,0
-6.520393,39,5441.049604,-100.0,-0.6733156021606291,0
-6.740335,45,5441.761418,-100.0,-0.7543536351486813,0
-6.430833,41,5543.888613,-100.0,-0.8081132979640547,0
-6.491856,41,5544.54127,-100.0,-0.672821908408515,0
-6.137404,37,5545.151071,-100.0,-0.7426513090251334,0
-6.372351,38,5545.760119,-100.0,-0.8502533440381058,0
-6.451539,41,5546.4207,-100.0,-0.6672987613952329,0
-6.838449,41,5547.066585,-100.0,-0.6277621189266841,0
-6.847479,43,5547.754963,-100.0,-0.6687446215497962,0
-6.077916,41,5548.411301,-100.0,-0.7727870070417618,0
-7.04197,42,5549.088935,-100.0,-0.6583725031143798,0
-6.278307,41,5549.740168,-100.0,-0.6346147267813305,0
-7.337713,40,5550.392953,-100.0,-0.6500947629211343,0
-6.811534,39,5551.003258,-100.0,-0.6632489688855062,0
-6.82211,38,5551.607979,-100.0,-0.6528147810669079,0
-6.695952,50,5552.414992,-100.0,-0.7621457760401624,0
-6.247782,41,5553.051325,-100.0,-0.8129040088733578,0
-6.84171,39,5553.691238,-100.0,-0.6492517824211841,0
-6.910028,46,5554.440168,-100.0,-0.6881495447198175,0
-6.531916,43,5555.125446,-100.0,-0.6680113790553955,0
-6.660788,37,5555.705246,-100.0,-0.635687395725489,0
-6.817209,40,5556.339108,-100.0,-0.7108766966568829,0
-6.294298,36,5556.918129,-100.0,-0.8342422767727141,0
-6.62723,37,5557.511564,-100.0,-0.6356020661672434,0
-6.851224,47,5558.265493,-100.0,-0.6562793804298553,0
-6.439037,48,5559.050157,-100.0,-0.6796195784753828,0
-7.094947,49,5559.836843,-100.0,-0.7252541357179727,0
-6.829147,34,5560.387468,-100.0,-0.6285401566578028,0
-7.102417,44,5561.089058,-100.0,-0.5968744226121878,0
-6.09989,44,5561.786002,-100.0,-0.7329743550076561,0
-6.696922,41,5562.448238,-100.0,-0.6266983864404195,0
-6.276273,38,5563.049752,-100.0,-0.6462693039687697,0
-6.937082,39,5563.674592,-100.0,-0.6778848388130504,0
-6.97336,46,5564.397262,-100.0,-0.7072534492172043,0
-6.404985,43,5565.082275,-100.0,-0.7907679260269584,0
-7.093459,43,5565.779726,-100.0,-0.6696412451425102,0
-6.444644,48,5566.5317,-100.0,-0.7056853843269065,0
-6.152837,42,5567.211986,-100.0,-0.7792948817180604,0
-6.519928,43,5567.900008,-100.0,-0.6621660870642727,0
-6.828686,50,5568.700276,-100.0,-0.7366023336030485,0
-6.739208,38,5569.32114,-100.0,-0.6712446131398234,0
-6.777333,41,5569.963373,-100.0,-0.6261637638036843,0
-6.115468,38,5570.569123,-100.0,-0.7393186958110408,0
-6.149071,42,5571.239782,-100.0,-0.7731282124455668,0
-6.254872,39,5571.867917,-100.0,-0.7842034089663744,0
-6.560657,38,5572.48567,-100.0,-0.772106049737683,0
-7.053046,46,5573.220603,-100.0,-0.6247009143697366,0
-6.542244,40,5573.854849,-100.0,-0.6876046801125515,0
-6.836607,39,5574.473086,-100.0,-0.7466880615147373,0
-6.52843,53,5575.310003,-100.0,-0.6832096789304551,0
-7.440014,42,5575.983414,-100.0,-0.6111169925456112,0
-7.055229,40,5692.090519,-100.0,-0.6959102430198795,0
-6.791267,41,5692.736472,-100.0,-0.6479909320180428,0
-6.387806,44,5693.448858,-100.0,-0.686124949856259,0
-6.122366,38,5694.067004,-100.0,-0.6402052809415257,0
-6.773103,41,5694.724082,-100.0,-0.6841609358277213,0
-6.393501,40,5695.372153,-100.0,-0.7176504599223033,0
-6.340765,36,5695.945391,-100.0,-0.7301681973655352,0
-6.475525,42,5696.620291,-100.0,-0.8869729028928219,0
-6.944621,44,5697.325842,-100.0,-0.7025982507946118,0
-6.686751,41,5697.981858,-100.0,-0.6807869304492418,0
-6.643544,37,5698.595952,-100.0,-0.6403538557956272,0
-7.060789,48,5699.356304,-100.0,-0.6964785906594515,0
-6.13001,35,5699.926251,-100.0,-0.758175404848754,0
-6.56657,37,5700.530472,-100.0,-0.659013485813331,0
-6.749442,48,5701.278011,-100.0,-0.7458138953030699,0
-6.398626,41,5701.945235,-100.0,-0.7193560829183101,0
-12.450572,59,5702.907776,-100.0,-0.29429924279440284,0
-6.254183,43,5703.59097,-100.0,-0.682269229237338,0
-7.121136,38,5704.205008,-100.0,-0.7016214921205344,0
-6.405295,36,5704.774218,-100.0,-0.6988415769249224,0
-6.672038,43,5705.474308,-100.0,-0.805398713495483,0
-6.88253,38,5706.071294,-100.0,-0.647997457347022,0
-6.751014,42,5706.767173,-100.0,-0.6812303652219188,0
-6.348839,38,5707.377726,-100.0,-0.7074377550287473,0
-5.790866,38,5707.994031,-100.0,-0.8046477870414928,0
-6.067224,42,5708.667503,-100.0,-0.7151039342505199,0
-6.703533,41,5709.323795,-100.0,-0.6884066318431956,0
-6.618312,42,5710.002825,-100.0,-0.6945911140702496,0
-6.288693,43,5710.691739,-100.0,-0.8348195532994818,0
-6.28452,33,5711.236544,-100.0,-0.6856468049256933,0
-6.93213,38,5711.846641,-100.0,-0.647360535929116,0
-6.250636,39,5712.465754,-100.0,-0.699012055535952,0
-7.080826,50,5713.262189,-100.0,-0.6845644717553021,0
-6.572126,52,5714.107247,-100.0,-0.7199353375080706,0
-5.87673,32,5714.619445,-100.0,-0.7586565610117141,0
-6.139331,35,5715.189266,-100.0,-0.7368783223488495,0
-6.387494,45,5715.902486,-100.0,-0.7865462005461051,0
-6.294345,37,5716.505432,-100.0,-0.725305259564418,0
-6.492531,40,5717.141165,-100.0,-0.6870024286548551,0
-6.132234,39,5717.771203,-100.0,-0.7137588959789871,0
-6.443772,41,5718.437128,-100.0,-0.64194980048706,0
-6.362434,36,5719.005645,-100.0,-0.6838566305843999,0
-6.375998,43,5719.700728,-100.0,-0.7506178558210947,0
-6.801888,38,5720.311802,-100.0,-0.7434511263142216,0
-6.539652,44,5721.024493,-100.0,-0.7131527800416556,0
-6.402919,34,5721.563431,-100.0,-0.7173782254099577,0
-6.33689,40,5722.20128,-100.0,-0.7256861833011827,0
-6.602191,49,5722.994781,-100.0,-0.6689582891346524,0
-6.123923,40,5723.634579,-100.0,-0.6819634982297552,0
-6.823764,41,5724.314685,-100.0,-0.7125402292877366,0
-6.25435,36,5840.412672,-100.0,-0.6552841440310704,0
-6.101601,33,5840.94363,-100.0,-0.8465845303210793,0
-5.943953,40,5841.586971,-100.0,-0.7734155097735033,0
-5.971045,38,5842.210693,-100.0,-0.7826860679713479,0
-6.507395,39,5842.827392,-100.0,-0.7635338069258795,0
-6.585727,39,5843.460696,-100.0,-0.6761230849039784,0
-6.053848,39,5844.079913,-100.0,-0.6835969459456708,0
-6.96248,44,5844.780409,-100.0,-0.6974029986940541,0
-7.026852,38,5845.398514,-100.0,-0.5974684280383527,0
-6.074683,39,5846.022423,-100.0,-0.7474555319291827,0
-7.046216,51,5846.856225,-100.0,-0.6538013152959049,0
-6.302607,37,5847.456022,-100.0,-0.6499072007132879,0
-6.578666,48,5848.215976,-100.0,-0.638409759908055,0
-6.128259,36,5848.815378,-100.0,-0.7187523726954254,0
-6.631572,38,5849.399974,-100.0,-0.6624663590581228,0
-6.276752,37,5850.00754,-100.0,-0.6211957380863269,0
-6.399278,36,5850.602449,-100.0,-0.6243817671561511,0
-6.405774,39,5851.220539,-100.0,-0.7522645844164354,0
-6.27561,36,5851.803895,-100.0,-0.7390179848410448,0
-6.974864,36,5852.362878,-100.0,-0.6941724345304446,0
-6.649021,44,5853.073838,-100.0,-0.7376793404997597,0
-6.651996,41,5853.740932,-100.0,-0.6666108600196325,0
-6.723365,47,5854.481244,-100.0,-0.6960276976115806,0
-6.851855,41,5855.153109,-100.0,-0.6106138092263752,0
-6.406659,37,5855.755346,-100.0,-0.6032598706363503,0
-6.725335,36,5856.338898,-100.0,-0.7231043053960193,0
-6.168285,36,5856.904713,-100.0,-0.7255525678695973,0
-6.557437,37,5857.498654,-100.0,-0.6314303208860048,0
-6.760897,38,5858.110665,-100.0,-0.880611257236131,0
-6.174164,42,5858.784303,-100.0,-0.8067204524352094,0
-6.600676,40,5859.433817,-100.0,-0.692597922132514,0
-5.999355,41,5860.095036,-100.0,-0.773975380035998,0
-6.326457,38,5860.701597,-100.0,-0.6530409200453826,0
-6.251169,38,5861.310541,-100.0,-0.7695861914750683,0
-6.710744,40,5861.961086,-100.0,-0.6921625277152491,0
-6.092703,37,5862.542413,-100.0,-0.7983973167777693,0
-7.029325,46,5863.303936,-100.0,-0.6678465458264394,0
-6.33096,34,5863.847179,-100.0,-0.6692952822370456,0
-6.240009,42,5864.531325,-100.0,-0.7358534221686754,0
-6.763794,42,5865.383718,-100.0,-0.6872362231463934,0
-6.534493,39,5865.999925,-100.0,-0.770718547497985,0
-6.476176,43,5866.709764,-100.0,-0.6990087337351211,0
-6.911674,39,5867.32298,-100.0,-0.6517461772624678,0
-6.647621,43,5868.016881,-100.0,-0.6725807432059395,0
-6.135572,41,5868.675017,-100.0,-0.8315819508327388,0
-5.787559,37,5869.280256,-100.0,-0.7565446345647666,0
-6.693483,36,5869.845059,-100.0,-0.6610063996082728,0
-6.66839,38,5870.457507,-100.0,-0.7051183335329668,0
-6.30482,36,5871.041543,-100.0,-0.6794518774933973,0
-6.607634,41,5871.700755,-100.0,-0.6544124606323415,0
-6.13117,37,5872.305521,-100.0,-0.6484274504302862,0
-6.79783,38,5872.930207,-100.0,-0.7249609214300278,0
-6.638545,42,5992.96182,-100.0,-0.7051176301083182,0
-7.038578,39,5993.589618,-100.0,-0.6053113849398891,0
-6.956029,43,5994.29775,-100.0,-0.5976875630845139,0
-6.524608,41,5994.960559,-100.0,-0.8042718873367665,0
-5.855222,38,5995.576878,-100.0,-0.8183792887360519,0
-6.329685,38,5996.188413,-100.0,-0.7338191682948861,0
-5.994645,33,5996.729396,-100.0,-0.7200117767538086,0
-6.311454,40,5997.372016,-100.0,-0.8405267661116409,0
-6.223371,38,5997.97992,-100.0,-0.7101591715947891,0
-6.600335,48,5998.763185,-100.0,-0.8275544359555389,0
-5.885422,39,5999.394121,-100.0,-0.785654259922657,0
-6.787539,50,6000.213761,-100.0,-0.6433787335169409,0
-6.848761,39,6000.839259,-100.0,-0.6472627004316339,0
-6.233018,40,6001.48816,-100.0,-0.7005396336953827,0
-6.336083,43,6002.178291,-100.0,-0.7832526647356002,0
-5.922903,35,6002.749071,-100.0,-0.6999565861388626,0
-6.54326,46,6003.491816,-100.0,-0.6405972374972934,0
-6.547051,37,6004.098443,-100.0,-0.7820832954648347,0
-6.060921,40,6004.751613,-100.0,-0.7927058856826753,0
-6.36223,39,6005.387888,-100.0,-0.658950450408547,0
-6.297558,39,6006.018305,-100.0,-0.8010284997934957,0
-6.172284,37,6006.62329,-100.0,-0.7015177116617326,0
-6.024276,41,6007.28838,-100.0,-0.7820031080490097,0
-6.414399,38,6007.886266,-100.0,-0.8574519105219005,0
-6.084163,40,6008.535641,-100.0,-0.7696489246372806,0
-6.273835,34,6009.079731,-100.0,-0.6479812081026957,0
-6.155063,39,6009.722996,-100.0,-0.8150466912027924,0
-6.018299,35,6010.302732,-100.0,-0.8078355347623932,0
-5.800528,38,6010.916395,-100.0,-0.7489997408233611,0
-6.336334,44,6011.626635,-100.0,-0.7032671148192552,0
-6.615076,39,6012.253765,-100.0,-0.6986477586121902,0
-6.386683,35,6012.822079,-100.0,-0.6413683125117784,0
-7.154582,41,6013.47173,-100.0,-0.6836933512863028,0
-6.59572,39,6014.109032,-100.0,-0.6435940308811698,0
-6.021418,39,6014.740187,-100.0,-0.7381128373591426,0
-6.511515,36,6015.323587,-100.0,-0.6885023895127024,0
-6.308713,38,6015.933692,-100.0,-0.6620288037129564,0
-6.198481,40,6016.577166,-100.0,-0.784462120127159,0
-6.199289,45,6017.297423,-100.0,-0.7306115456836085,0
-6.624011,44,6018.005682,-100.0,-0.678751023944627,0
-6.257884,41,6018.671979,-100.0,-0.7224242889550063,0
-6.025417,43,6019.363518,-100.0,-0.7700201354075445,0
-6.448769,36,6019.951235,-100.0,-0.8157781503436744,0
-6.48834,39,6020.590945,-100.0,-0.707700165301424,0
-6.746641,44,6021.304461,-100.0,-0.7298240617474056,0
-6.983971,48,6022.08462,-100.0,-0.7268824508115715,0
-6.93804,41,6022.743631,-100.0,-0.7775430340785878,0
-6.785111,38,6023.36408,-100.0,-0.8429129803444347,0
-6.392628,39,6023.994287,-100.0,-0.6887836070492097,0
-5.913371,33,6024.525504,-100.0,-0.6634610005995865,0
-6.125943,44,6025.245837,-100.0,-0.7424349193962249,0
-6.047379,39,6025.880018,-100.0,-0.804192763915501,0
-6.119277,34,6144.961848,-100.0,-0.6415038848115919,0
-7.500086,42,6145.701141,-100.0,-0.6674386758028162,0
-6.275808,40,6146.403115,-100.0,-0.6398691491723415,0
-6.096645,43,6147.170242,-100.0,-0.8364816807462438,0
-6.687989,38,6147.83167,-100.0,-0.6754566946799642,0
-6.472324,33,6148.415347,-100.0,-0.6839883252435291,0
-6.544138,41,6149.115658,-100.0,-0.7077124786695588,0
-6.579328,46,6149.933529,-100.0,-0.7491302487401655,0
-6.170918,38,6150.601251,-100.0,-0.7919646376572359,0
-6.522721,42,6151.357108,-100.0,-0.6840434832058246,0
-6.296434,51,6152.230062,-100.0,-0.7603137678719101,0
-5.843421,38,6152.905261,-100.0,-0.8474530891048326,0
-5.922193,40,6153.606213,-100.0,-0.7679877168352515,0
-6.26111,37,6154.268644,-100.0,-0.6190458872796711,0
-7.040332,35,6154.861721,-100.0,-0.6380213826811838,0
-6.468151,41,6155.592988,-100.0,-0.7156662727600689,0
-5.717212,38,6156.26925,-100.0,-0.7203451316314722,0
-5.859406,37,6156.907841,-100.0,-0.7818990455532396,0
-6.043311,39,6157.593303,-100.0,-0.7670826530644778,0
-6.153643,46,6158.397038,-100.0,-0.7414047324850914,0
-5.990317,42,6159.143733,-100.0,-0.7813312218730023,0
-6.576608,35,6159.764618,-100.0,-0.6474631049387802,0
-6.110374,38,6160.437269,-100.0,-0.6241471453576134,0
-6.208843,36,6161.071127,-100.0,-0.7714851312940659,0
-6.370425,36,6161.712602,-100.0,-0.633462190171183,0
-6.055079,31,6162.235607,-100.0,-0.7121952563490596,0
-5.953334,37,6162.889032,-100.0,-0.7440597893405893,0
-6.566932,41,6163.593187,-100.0,-0.699857587410028,0
-5.840733,39,6164.278971,-100.0,-0.8880272929084072,0
-5.9321,35,6164.909594,-100.0,-0.7336462900563581,0
-5.741088,34,6165.502922,-100.0,-0.719677355560094,0
-6.137418,42,6166.229878,-100.0,-0.6624508548417094,0
-6.320206,39,6166.915135,-100.0,-0.6830429870493099,0
-5.912383,36,6167.548312,-100.0,-0.6689894423090852,0
-6.753713,36,6168.1823,-100.0,-0.7003298429939016,0
-6.272188,33,6168.759663,-100.0,-0.7604682550504499,0
-6.312868,40,6169.453799,-100.0,-0.714071794604412,0
-6.302986,40,6170.168332,-100.0,-0.675007461052477,0
-6.388659,38,6170.820328,-100.0,-0.6780921367143424,0
-6.106427,35,6171.44904,-100.0,-0.6569379324736978,0
-6.542817,38,6172.123191,-100.0,-0.7032973420173118,0
-6.52667,38,6172.786823,-100.0,-0.6582969159853657,0
-6.206402,41,6173.50622,-100.0,-0.666483491951973,0
-6.384608,39,6174.199226,-100.0,-0.7438425907857541,0
-6.382573,37,6174.845294,-100.0,-0.7245633805512116,0
-6.315368,35,6175.458361,-100.0,-0.6785718340219866,0
-6.013392,35,6176.06966,-100.0,-0.616581853641926,0
-5.725541,34,6176.662525,-100.0,-0.7560963596443943,0
-6.54872,41,6177.377621,-100.0,-0.6599427693458894,0
-6.653327,36,6178.014956,-100.0,-0.8120387917662788,0
-5.881484,32,6178.581115,-100.0,-0.6873106399076836,0
-6.408325,34,6179.186172,-100.0,-0.5999553960055585,0
-6.719758,36,6179.822272,-100.0,-0.7463859092237298,0
-6.167017,37,6180.46499,-100.0,-0.7859438883933934,0
-6.422922,40,6302.093658,-100.0,-0.6961609150002539,0
-6.516896,42,6302.777681,-100.0,-0.641128146287924,0
-6.444802,40,6303.423778,-100.0,-0.6262743641649723,0
-6.311889,38,6304.045483,-100.0,-0.7029740878047084,0
-6.695717,37,6304.65138,-100.0,-0.6705975437477968,0
-6.073521,33,6305.17715,-100.0,-0.6975951830149453,0
-6.218207,43,6305.872753,-100.0,-0.7386997441127306,0
-5.897063,35,6306.456097,-100.0,-0.8161757685349299,0
-6.264483,38,6307.061172,-100.0,-0.7855144594634802,0
-6.436658,40,6307.716576,-100.0,-0.6207748326259521,0
-6.371765,45,6308.448238,-100.0,-0.7859708452609744,0
-6.536389,39,6309.082797,-100.0,-0.6593079857365506,0
-6.288496,41,6309.756326,-100.0,-0.6385782787745133,0
-5.918848,37,6310.373105,-100.0,-0.7213820986547856,0
-5.879918,38,6310.994504,-100.0,-0.7503449604112308,0
-6.215031,43,6311.696738,-100.0,-0.7363355375994683,0
-6.408926,39,6312.334364,-100.0,-0.6716204306886692,0
-6.276106,35,6312.895817,-100.0,-0.6476479541143122,0
-5.931416,41,6313.565234,-100.0,-0.754962499079477,0
-6.352913,43,6314.260292,-100.0,-0.734305253517646,0
-5.936768,36,6314.856148,-100.0,-0.8124408014238178,0
-6.290598,39,6315.490805,-100.0,-0.8757892121242111,0
-6.497607,42,6316.181932,-100.0,-0.6421009438111369,0
-5.959607,39,6316.823742,-100.0,-0.7711304783293197,0
-6.849895,34,6317.376771,-100.0,-0.7550573929711359,0
-6.32676,42,6318.063025,-100.0,-0.7325260750365405,0
-6.247286,36,6318.6414,-100.0,-0.6837373038947885,0
-6.078388,42,6319.333382,-100.0,-0.7253055007766499,0
-6.453955,36,6319.91827,-100.0,-0.6541368493830527,0
-5.991137,32,6320.451914,-100.0,-0.8300482388732173,0
-5.951607,42,6321.130629,-100.0,-0.8214591600021538,0
-6.277839,40,6321.79305,-100.0,-0.6859425119556453,0
-6.242012,42,6322.477428,-100.0,-0.654607013394543,0
-6.379613,43,6323.170275,-100.0,-0.7444004738992471,0
-6.390691,42,6323.85667,-100.0,-0.6601079148134773,0
-6.19977,37,6324.460673,-100.0,-0.7066151336801595,0
-6.031358,39,6325.104929,-100.0,-0.7794168514903124,0
-6.033406,36,6325.694516,-100.0,-0.6270822037930794,0
-6.286565,34,6326.251557,-100.0,-0.611300445746133,0
-6.058726,38,6326.88408,-100.0,-0.7727681424017215,0
-6.469327,40,6327.532581,-100.0,-0.6637288167122017,0
-5.849837,37,6328.145481,-100.0,-0.6081619515790077,0
-6.164761,40,6328.794191,-100.0,-0.653541360337339,0
-6.092041,37,6329.398399,-100.0,-0.7035490269273749,0
-6.432882,38,6330.029409,-100.0,-0.6740657452857696,0
-6.516952,39,6330.666814,-100.0,-0.7285341363947376,0
-6.421031,41,6331.332881,-100.0,-0.6930967371179427,0
-6.013532,33,6331.853128,-100.0,-0.6516021370967916,0
-5.844351,36,6332.440301,-100.0,-0.7428954768851512,0
-5.991735,39,6333.081526,-100.0,-0.6992416411275978,0
-6.199364,38,6333.691589,-100.0,-0.6938232250629907,0
-5.987303,34,6334.256067,-100.0,-0.5817745068750354,0
-6.146574,39,6334.897204,-100.0,-0.6959445738828819,0
-5.959098,35,6452.349612,-100.0,-0.6696113437451198,0
-5.579144,33,6452.890768,-100.0,-0.8591560915338348,0
-6.113634,35,6453.47283,-100.0,-0.6793596303801837,0
-6.249464,39,6454.114841,-100.0,-0.7276919187269718,0
-6.145576,38,6454.744437,-100.0,-0.6741206946544951,0
-6.071863,41,6455.425761,-100.0,-0.6593066497616935,0
-6.093016,41,6456.083677,-100.0,-0.7880513955965379,0
-6.304307,39,6456.728539,-100.0,-0.6459313919790719,0
-5.916957,38,6457.354349,-100.0,-0.6962645525296864,0
-6.069312,40,6458.014766,-100.0,-0.7225393400311318,0
-6.151252,43,6458.728772,-100.0,-0.759660523175729,0
-6.542632,41,6459.401368,-100.0,-0.7609060625035079,0
-5.672412,34,6459.962203,-100.0,-0.8605430642066242,0
-5.609765,39,6460.604181,-100.0,-0.7543735052366449,0
-5.951978,39,6461.249818,-100.0,-0.765397986084095,0
-6.255316,36,6461.842541,-100.0,-0.6769266350496012,0
-5.922126,42,6462.531383,-100.0,-0.7570027653687675,0
-6.163611,42,6463.208965,-100.0,-0.7763003936945649,0
-6.022138,38,6463.837249,-100.0,-0.7320729176374795,0
-6.075106,39,6464.473395,-100.0,-0.7233355495287336,0
-6.66633,42,6465.162993,-100.0,-0.6845433026605645,0
-6.219333,34,6465.718914,-100.0,-0.6795952813324256,0
-5.919874,36,6466.30895,-100.0,-0.6730462799888687,0
-6.098524,34,6466.88031,-100.0,-0.6385696386890276,0
-6.213305,33,6467.414391,-100.0,-0.648324544998774,0
-6.034447,41,6468.075562,-100.0,-0.7142904382031651,0
-5.725275,39,6468.715036,-100.0,-0.767830977593851,0
-5.789325,38,6469.332397,-100.0,-0.7962528260153511,0
-6.624801,37,6469.935172,-100.0,-0.6191407425229639,0
-5.951696,40,6470.592304,-100.0,-0.8271492715067335,0
-6.055578,36,6471.187552,-100.0,-0.7609087230623804,0
-6.022738,42,6471.884026,-100.0,-0.7358198408573772,0
-6.486775,40,6472.538569,-100.0,-0.7490360610651632,0
-5.903948,37,6473.150685,-100.0,-0.7279636109066369,0
-5.935212,34,6473.700008,-100.0,-0.6838175343601159,0
-6.270169,42,6474.389892,-100.0,-0.6976291716910212,0
-6.583792,40,6475.041488,-100.0,-0.6663253884830719,0
-5.779095,38,6475.670367,-100.0,-0.7931958946564097,0
-6.538414,43,6476.384714,-100.0,-0.6371088248539345,0
-6.450957,35,6476.958479,-100.0,-0.66895507795903,0
-6.291355,43,6477.667813,-100.0,-0.7295222095593146,0
-5.785851,33,6478.210949,-100.0,-0.7655577711473045,0
-6.084584,36,6478.799919,-100.0,-0.6869145062192533,0
-5.959958,34,6479.351598,-100.0,-0.6177982448964394,0
-6.641685,36,6479.93445,-100.0,-0.6231584981982599,0
-6.145216,34,6480.481862,-100.0,-0.7349056305560149,0
-6.873086,48,6481.284523,-100.0,-0.6523932980436254,0
-6.684026,38,6481.923229,-100.0,-0.8624741820474816,0
-6.180868,38,6482.53538,-100.0,-0.6497133898203543,0
-5.970606,39,6483.183779,-100.0,-0.7335292775317159,0
-6.061023,40,6483.841051,-100.0,-0.7915506585736055,0
-5.754084,37,6484.439225,-100.0,-0.8789170949534496,0
-5.968623,33,6484.962296,-100.0,-0.7367392899820078,0
-5.96474,39,6601.694475,-100.0,-0.8261582787977801,0
-5.794394,38,6602.316433,-100.0,-0.754512033660076,0
-6.582345,44,6603.052433,-100.0,-0.6944288693183058,0
-6.000572,39,6603.683001,-100.0,-0.7311094275214857,0
-6.28,35,6604.264268,-100.0,-0.7084377299020038,0
-5.658117,35,6604.836105,-100.0,-0.76982873520328,0
-5.957095,37,6605.449595,-100.0,-0.7561827165624461,0
-5.708565,37,6606.045703,-100.0,-0.7778122140205467,0
-6.205402,42,6606.743081,-100.0,-0.7057140145325722,0
-6.449964,40,6607.410196,-100.0,-0.6859056235996462,0
-5.830973,35,6607.988902,-100.0,-0.6605660280089007,0
-6.358301,37,6608.596873,-100.0,-0.6853395087022095,0
-6.232518,44,6609.306637,-100.0,-0.63246571433874,0
-6.079911,38,6609.92559,-100.0,-0.693012958982132,0
-6.007211,47,6610.703675,-100.0,-0.7891018882010146,0
-6.104675,33,6611.242151,-100.0,-0.6215253455347648,0
-6.55293,39,6611.874186,-100.0,-0.7150396566988,0
-5.980323,37,6612.504156,-100.0,-0.8236339082851147,0
-5.986497,34,6613.058784,-100.0,-0.7066345419944068,0
-6.346666,41,6613.737618,-100.0,-0.7431136192815935,0
-6.113506,41,6614.420071,-100.0,-0.7571214478198995,0
-5.931033,34,6614.970734,-100.0,-0.7214313388746596,0
-6.218011,35,6615.54395,-100.0,-0.64717377500809,0
-5.608434,33,6616.071362,-100.0,-0.7998754375444689,0
-7.097951,44,6616.804154,-100.0,-0.7175895665283898,0
-6.277915,36,6617.388116,-100.0,-0.8022040004002005,0
-6.015022,34,6617.960153,-100.0,-0.7534702168047511,0
-5.867445,41,6618.643729,-100.0,-0.7772204378883018,0
-5.783672,35,6619.216903,-100.0,-0.71514989258842,0
-6.357701,41,6619.896659,-100.0,-0.7239060285199752,0
-5.972858,42,6620.588604,-100.0,-0.6469402687458641,0
-6.203774,34,6621.143014,-100.0,-0.7736450608596155,0
-5.942516,34,6621.710189,-100.0,-0.708124696954897,0
-6.135587,36,6622.298464,-100.0,-0.6560615818386865,0
-6.550424,35,6622.879538,-100.0,-0.6564174595590049,0
-6.127248,41,6623.55105,-100.0,-0.7001152436562873,0
-6.006428,34,6624.115173,-100.0,-0.6864035038656469,0
-6.216912,36,6624.695435,-100.0,-0.6648155169478064,0
-5.723971,34,6625.267717,-100.0,-0.7168307856413078,0
-6.162314,35,6625.844526,-100.0,-0.6233069802760177,0
-5.913408,36,6626.436538,-100.0,-0.6354856679818786,0
-5.774802,34,6626.980196,-100.0,-0.7145463602824716,0
-6.117909,36,6627.572272,-100.0,-0.7219282257939847,0
-6.003003,34,6628.134362,-100.0,-0.6939332344180025,0
-6.336695,41,6628.802166,-100.0,-0.6651880679218465,0
-5.941261,36,6629.397823,-100.0,-0.7081956399015181,0
-6.115652,33,6629.950749,-100.0,-0.7255930909509369,0
-6.128068,39,6630.595508,-100.0,-0.6084326975131292,0
-6.123212,37,6631.206724,-100.0,-0.8039559669850803,0
-5.936195,35,6631.79817,-100.0,-0.8170332970266934,0
-6.131107,35,6632.37353,-100.0,-0.6631928361025884,0
-6.455776,40,6633.029691,-100.0,-0.6970692754222051,0
-6.77556,43,6633.71754,-100.0,-0.6717423364044757,0
-5.96649,34,6634.290288,-100.0,-0.7610022868448852,0
-5.936859,35,6634.858962,-100.0,-0.6169542618738387,0
-6.136371,43,6751.191258,-100.0,-0.7395243979689375,0
-5.648253,37,6751.809126,-100.0,-0.9074358341632137,0
-6.188106,35,6752.398005,-100.0,-0.6655430436981613,0
-6.122428,33,6752.935392,-100.0,-0.7340281951926345,0
-5.548734,34,6753.509913,-100.0,-0.8710521669898743,0
-6.02469,34,6754.076402,-100.0,-0.6779623275411453,0
-6.240524,43,6754.792131,-100.0,-0.9024990229332703,0
-6.128242,36,6755.394359,-100.0,-0.7100732877612812,0
-6.610846,42,6756.071249,-100.0,-0.7454548514716928,0
-6.148341,42,6756.759845,-100.0,-0.7960301314258199,0
-6.079041,37,6757.367411,-100.0,-0.769491201383425,0
-6.038256,34,6757.949662,-100.0,-0.6960691323998073,0
-6.234338,36,6758.551362,-100.0,-0.6840056683182054,0
-6.069034,37,6759.161069,-100.0,-0.6451555736718516,0
-6.149197,34,6759.714166,-100.0,-0.5970123286762997,0
-5.969184,41,6760.39097,-100.0,-0.7217350826201551,0
-5.90691,34,6760.944456,-100.0,-0.7601460998106175,0
-6.494577,38,6761.578999,-100.0,-0.633495324410557,0
-6.123048,35,6762.147644,-100.0,-0.684563238283273,0
-5.995227,35,6762.739173,-100.0,-0.7060870831929628,0
-5.95164,35,6763.312061,-100.0,-0.6651167285668607,0
-5.867433,40,6763.979202,-100.0,-0.7798105920923167,0
-5.734923,34,6764.521504,-100.0,-0.7006877922521212,0
-5.939698,43,6765.250617,-100.0,-0.8327233086105161,0
-6.778229,36,6765.848518,-100.0,-0.7160816326209739,0
-6.146081,42,6766.532802,-100.0,-0.7209900739919182,0
-5.739403,34,6767.096905,-100.0,-0.801599082275679,0
-6.02431,38,6767.72603,-100.0,-0.7463492544628054,0
-6.132338,34,6768.288539,-100.0,-0.664960432364372,0
-6.254648,42,6768.974999,-100.0,-0.672729032068739,0
-6.100167,38,6769.608264,-100.0,-0.6547351190369578,0
-6.073813,35,6770.192713,-100.0,-0.7059502919878717,0
-6.31527,37,6770.806582,-100.0,-0.6821129291965505,0
-6.174719,35,6771.392381,-100.0,-0.6987342750937748,0
-5.658478,33,6771.928188,-100.0,-0.7494364076182908,0
-6.428539,44,6772.654246,-100.0,-0.807472222271051,0
-6.11352,36,6773.250226,-100.0,-0.7298429192694257,0
-6.140173,41,6773.927452,-100.0,-0.7222925018120754,0
-5.703172,35,6774.495221,-100.0,-0.7132422779992972,0
-6.053682,34,6775.05413,-100.0,-0.6511294041157446,0
-6.216507,35,6775.625022,-100.0,-0.7101323877951107,0
-6.261309,39,6776.264178,-100.0,-0.6253506361414297,0
-5.807156,33,6776.811947,-100.0,-0.6391446136660232,0
-5.876389,36,6777.412642,-100.0,-0.6961131375109955,0
-6.2167,39,6778.058248,-100.0,-0.7815820049180091,0
-5.921377,36,6778.646871,-100.0,-0.6902034714397868,0
-6.093143,42,6779.359189,-100.0,-0.7789655298724135,0
-6.175766,38,6779.984234,-100.0,-0.6739842729363325,0
-6.344301,36,6780.5857,-100.0,-0.6702067413683895,0
-6.003185,39,6781.23953,-100.0,-0.6917098771079179,0
-5.826487,33,6781.792102,-100.0,-0.6519865518909591,0
-5.859236,38,6782.419965,-100.0,-0.7528177613923507,0
-6.265856,36,6783.009561,-100.0,-0.8119225473228763,0
-6.10726,37,6783.622539,-100.0,-0.7537797010216792,0
-6.172748,38,6784.253571,-100.0,-0.6943392699158413,0
-5.769189,34,6903.29714,-100.0,-0.7627550623435041,0
-6.388954,47,6904.09076,-100.0,-0.7290749647360444,0
-5.755684,33,6904.63186,-100.0,-0.7660630710583946,0
-6.00689,33,6905.186181,-100.0,-0.6619227692763621,0
-5.767809,40,6905.85878,-100.0,-0.780255921981634,0
-5.58289,36,6906.456384,-100.0,-0.9389784748324795,0
-6.202801,38,6907.08445,-100.0,-0.8133433229152538,0
-5.836075,38,6907.705141,-100.0,-0.7940880305200901,0
-5.961622,40,6908.361656,-100.0,-0.646535534007876,0
-6.102517,34,6908.935829,-100.0,-0.6885719947625213,0
-6.406964,34,6909.499309,-100.0,-0.6244076729560477,0
-6.599409,48,6910.304648,-100.0,-0.7500158752515023,0
-6.000306,35,6910.875614,-100.0,-0.7437953584086825,0
-5.734364,34,6911.431798,-100.0,-0.7116356897958381,0
-6.133756,33,6911.981726,-100.0,-0.6067639856613896,0
-6.107831,41,6912.664491,-100.0,-0.6976604808044183,0
-5.765311,33,6913.218269,-100.0,-0.780438050908221,0
-6.537592,36,6913.806518,-100.0,-0.6741267837183487,0
-5.906446,39,6914.456276,-100.0,-0.7353074042116732,0
-5.988209,34,6915.018616,-100.0,-0.7189113420366282,0
-5.872894,33,6915.584344,-100.0,-0.7177714361737826,0
-5.815018,36,6916.18169,-100.0,-0.8558926047491202,0
-5.991066,34,6916.732785,-100.0,-0.6872530839513249,0
-5.968585,43,6917.443799,-100.0,-0.7969589204537899,0
-6.295814,41,6918.114636,-100.0,-0.6652016382263866,0
-5.818156,40,6918.786412,-100.0,-0.7660810832765617,0
-5.730351,33,6919.326828,-100.0,-0.7064708698476138,0
-5.642923,34,6919.904453,-100.0,-0.7787417264980063,0
-5.994679,33,6920.448944,-100.0,-0.6824866137119685,0
-5.812324,33,6920.991336,-100.0,-0.7980893046564944,0
-6.001562,40,6921.645154,-100.0,-0.6882550659028444,0
-6.140771,35,6922.227474,-100.0,-0.7092957969988413,0
-6.032861,38,6922.852289,-100.0,-0.733819739033855,0
-5.695426,38,6923.474897,-100.0,-0.7517944268411753,0
-5.716612,34,6924.048427,-100.0,-0.71064810642294,0
-6.279529,44,6924.778177,-100.0,-0.6660517544568627,0
-5.861882,36,6925.36894,-100.0,-0.756870870631209,0
-5.759225,34,6925.941613,-100.0,-0.7539299925299641,0
-6.037764,37,6926.53835,-100.0,-0.8098817164413369,0
-6.26814,40,6927.202346,-100.0,-0.716088708408869,0
-6.324452,37,6927.816606,-100.0,-0.6415347487778776,0
-6.596246,41,6928.479501,-100.0,-0.7071622485447517,0
-5.471451,33,6929.030991,-100.0,-0.7921883764109133,0
-6.121111,33,6929.58476,-100.0,-0.6908435279289612,0
-5.787183,35,6930.164167,-100.0,-0.7130919187018263,0
-5.712104,40,6930.818698,-100.0,-0.8137265573783911,0
-5.871706,34,6931.372041,-100.0,-0.6986134172046189,0
-6.118906,35,6931.953729,-100.0,-0.7178125570976777,0
-6.086243,40,6932.631325,-100.0,-0.7339353580554782,0
-6.10056,41,6933.308497,-100.0,-0.6754577729319537,0
-6.209291,35,6933.867858,-100.0,-0.6991464085690144,0
-6.228621,39,6934.524856,-100.0,-0.7160472716522128,0
-5.99178,37,6935.126612,-100.0,-0.7054093053278889,0
-5.977712,35,6935.709608,-100.0,-0.7741697688216946,0
-6.147793,35,6936.274769,-100.0,-0.7362814592881649,0
-5.99953,34,6936.844101,-100.0,-0.6587706145568281,0
-5.903108,33,7033.345879,-100.0,-0.6884024356423044,0
-6.457243,41,7034.007134,-100.0,-0.7157971413571024,0
-5.607116,32,7034.550097,-100.0,-0.8208782961199733,0
-5.746378,35,7035.139624,-100.0,-0.850982733131361,0
-5.733736,35,7035.723786,-100.0,-0.7307919755004267,0
-6.233017,34,7036.288043,-100.0,-0.703776337495169,0
-6.196342,43,7037.005379,-100.0,-0.7237039960900814,0
-5.842231,35,7037.590647,-100.0,-0.5943841649697649,0
-5.831183,40,7038.258276,-100.0,-0.6878904356874286,0
-6.253233,37,7038.879354,-100.0,-0.6527844676954699,0
-5.842155,39,7039.52072,-100.0,-0.7716136786172091,0
-6.007878,41,7040.186556,-100.0,-0.8973623828880762,0
-6.0634,35,7040.77071,-100.0,-0.6879998888546726,0
-6.045158,42,7041.466084,-100.0,-0.6993996724251477,0
-5.623712,33,7042.020801,-100.0,-0.7618154488809297,0
-5.72756,33,7042.574976,-100.0,-0.7962373326357551,0
-5.459117,34,7043.139966,-100.0,-0.798123896239118,0
-5.818189,39,7043.78282,-100.0,-0.8050385730162327,0
-5.467783,33,7044.32924,-100.0,-0.8310913792072404,0
-5.819205,35,7044.916347,-100.0,-0.730624326363266,0
-6.100094,38,7045.553073,-100.0,-0.7467517083728084,0
-6.142058,37,7046.167022,-100.0,-0.7561121804573588,0
-6.426511,41,7046.84494,-100.0,-0.6296165264293904,0
-6.0479,40,7047.492357,-100.0,-0.9285360724302619,0
-6.291358,40,7048.175226,-100.0,-0.7484811187794811,0
-5.761522,34,7048.729973,-100.0,-0.6681610868573126,0
-6.099752,33,7049.280819,-100.0,-0.7381450304090134,0
-5.698523,33,7049.825027,-100.0,-0.6811756682022581,0
-5.87467,38,7050.453725,-100.0,-0.8868815133013674,0
-6.06314,40,7051.103748,-100.0,-0.6580153953090437,0
-6.237603,40,7051.783203,-100.0,-0.7193645360953985,0
-6.186871,39,7052.43251,-100.0,-0.7485718211150345,0
-6.410118,39,7053.074084,-100.0,-0.6146855106345376,0
-5.74091,34,7053.639797,-100.0,-0.636192338395868,0
-6.209263,35,7054.230719,-100.0,-0.6487321991058757,0
-6.114503,40,7054.901613,-100.0,-0.6578140360948821,0
-6.661433,46,7055.649048,-100.0,-0.689456765354505,0
-6.270021,40,7056.309479,-100.0,-0.7213592389180186,0
-5.961665,33,7056.853895,-100.0,-0.7266122158658068,0
-6.158241,39,7057.504273,-100.0,-0.7018715419862799,0
-6.075362,40,7058.176019,-100.0,-0.7381384651912408,0
-6.710651,35,7058.762921,-100.0,-0.6485962132641202,0
-5.847702,33,7059.304371,-100.0,-0.7197034413726592,0
-5.87615,34,7059.865013,-100.0,-0.7266970735275433,0
-6.068821,33,7060.4132,-100.0,-0.6638064711431564,0
-5.885605,33,7060.9584,-100.0,-0.6721666616997428,0
-6.071044,42,7061.669911,-100.0,-0.832268997326669,0
-6.487485,39,7062.312491,-100.0,-0.7108966398037423,0
-5.619904,33,7062.87387,-100.0,-0.7910677912294601,0
-5.725008,33,7063.42079,-100.0,-0.8038896602760257,0
-6.241045,35,7064.005798,-100.0,-0.6533604179979591,0
-5.812237,33,7064.545179,-100.0,-0.7476088005244946,0
-5.732295,38,7065.186033,-100.0,-0.7770760202986358,0
-6.014356,44,7065.899211,-100.0,-0.7932915071705646,0
-5.903789,34,7066.467702,-100.0,-0.735159118420269,0
-5.709614,34,7067.03213,-100.0,-0.867686735955849,0
-5.764652,37,7174.114084,-100.0,-0.8138882456888036,0
-6.040785,44,7174.850172,-100.0,-0.6787951816063865,0
-6.150709,33,7175.379242,-100.0,-0.8038249545284897,0
-5.58551,35,7175.97164,-100.0,-0.8747556613480972,0
-5.85472,33,7176.511602,-100.0,-0.7209019523923587,0
-5.934705,35,7177.086042,-100.0,-0.7256743237460596,0
-6.004813,36,7177.676336,-100.0,-0.744926437347804,0
-5.664804,39,7178.354242,-100.0,-0.774019242761897,0
-5.868948,41,7179.056938,-100.0,-0.809234727758484,0
-6.173914,38,7179.685812,-100.0,-0.5726799063573329,0
-5.860159,33,7180.226962,-100.0,-0.6081159952629296,0
-6.317604,34,7180.798352,-100.0,-0.6543262098200909,0
-5.860784,33,7181.339791,-100.0,-0.8434959439203006,0
-5.852739,35,7181.921806,-100.0,-0.7219526126541604,0
-6.266169,38,7182.55601,-100.0,-0.690863324927429,0
-5.666243,33,7183.104147,-100.0,-0.6767747831645121,0
-6.524469,33,7183.663855,-100.0,-0.5984551993654285,0
-5.820716,32,7184.191567,-100.0,-0.808940967832901,0
-6.102182,33,7184.725937,-100.0,-0.6721182219714861,0
-5.908372,38,7185.343762,-100.0,-0.7309376350696124,0
-5.859386,32,7185.881187,-100.0,-0.8181158433637039,0
-5.874615,34,7186.457102,-100.0,-0.6885687813993753,0
-5.764967,39,7187.120499,-100.0,-0.7262014882360893,0
-6.082888,36,7187.715042,-100.0,-0.7305097389295635,0
-6.029745,33,7188.275738,-100.0,-0.7406411564426655,0
-5.882379,35,7188.869771,-100.0,-0.7591336677028097,0
-5.931408,39,7189.51864,-100.0,-0.7839698334097691,0
-5.561018,35,7190.106191,-100.0,-0.7912815512706761,0
-6.136488,41,7190.785591,-100.0,-0.7034969147667813,0
-5.695978,34,7191.361656,-100.0,-0.726207301171208,0
-6.109491,39,7192.008867,-100.0,-0.6920831037879209,0
-6.130483,41,7192.689228,-100.0,-0.7564966823355016,0
-5.850642,33,7193.240416,-100.0,-0.7485954915924998,0
-5.679725,36,7193.844638,-100.0,-0.869731751784837,0
-5.649148,32,7194.387304,-100.0,-0.7327494249691255,0
-5.729183,34,7194.939231,-100.0,-0.7757719517121937,0
-6.011761,38,7195.59014,-100.0,-0.709194050746461,0
-5.846757,34,7196.155296,-100.0,-0.7012528736581858,0
-5.850774,33,7196.704557,-100.0,-0.7680330842067254,0
-6.020906,37,7197.314378,-100.0,-0.7874997865546779,0
-5.89568,34,7197.873302,-100.0,-0.7179931968496175,0
-5.659465,33,7198.419485,-100.0,-0.729868613568947,0
-5.817747,32,7198.956238,-100.0,-0.8192653060090554,0
-6.272736,35,7199.540672,-100.0,-0.6582470448360372,0
-5.842072,35,7200.121113,-100.0,-0.7172636876593399,0
-6.364766,34,7200.690933,-100.0,-0.7101733936568028,0
-5.733318,33,7201.226263,-100.0,-0.7872809387730492,0
-5.739295,37,7201.849767,-100.0,-0.7815816344419999,0
-5.678236,39,7202.510604,-100.0,-0.9150890802593827,0
-6.493253,38,7203.133538,-100.0,-0.6284916547429513,0
-5.620027,37,7203.757134,-100.0,-0.8018883574982019,0
-5.514947,32,7204.294171,-100.0,-0.7445996795835449,0
-5.746584,33,7204.846466,-100.0,-0.7380975879519271,0
-5.939128,35,7205.423016,-100.0,-0.7266479813131927,0
-6.067338,33,7205.973202,-100.0,-0.6782042145277156,0
-5.782842,34,7206.542868,-100.0,-0.6873494908774582,0
-5.703279,43,7207.258488,-100.0,-0.9137725644345629,0
-6.045513,35,7314.50386,-100.0,-0.5906945793971331,0
-5.722625,33,7315.066575,-100.0,-0.7161472726416829,0
-5.506543,33,7315.630434,-100.0,-0.766317162900591,0
-6.090709,39,7316.261252,-100.0,-0.6640304503001875,0
-5.920046,34,7316.829706,-100.0,-0.8026840616920032,0
-5.954403,33,7317.3703,-100.0,-0.636442349899769,0
-5.929681,34,7317.943452,-100.0,-0.6253587292777423,0
-5.738458,33,7318.499952,-100.0,-0.7652869579935188,0
-5.683113,33,7319.051221,-100.0,-0.7257453834797779,0
-5.676891,33,7319.601257,-100.0,-0.8296410333897702,0
-5.977874,33,7320.151351,-100.0,-0.7233044417140682,0
-5.58009,36,7320.76053,-100.0,-0.7872961938555643,0
-6.366517,35,7321.354947,-100.0,-0.6965060546692993,0
-6.118158,34,7321.925119,-100.0,-0.638277397168763,0
-6.205853,38,7322.555685,-100.0,-0.756366818312025,0
-5.980632,38,7323.177718,-100.0,-0.7252326813941365,0
-5.543523,33,7323.737547,-100.0,-0.8492757674919451,0
-5.643181,34,7324.301134,-100.0,-0.7958983955146456,0
-6.0943,33,7324.842983,-100.0,-0.7446113874063424,0
-6.032182,35,7325.422346,-100.0,-0.6989325083527004,0
-5.793692,34,7326.000987,-100.0,-0.6992084098618015,0
-5.676172,34,7326.563464,-100.0,-0.7231660337375396,0
-5.748516,34,7327.129125,-100.0,-0.7668339543895656,0
-6.729569,35,7327.722972,-100.0,-0.6751030623504563,0
-6.130386,34,7328.288428,-100.0,-0.7379501693119728,0
-5.638385,33,7328.841004,-100.0,-0.7646792518405084,0
-5.941121,33,7329.387965,-100.0,-0.7529862620007227,0
-6.090993,39,7330.042892,-100.0,-0.7446103047037245,0
-6.246376,43,7330.769715,-100.0,-0.6685702145314764,0
-6.011088,40,7331.431613,-100.0,-0.7096805649350831,0
-5.832307,33,7331.995172,-100.0,-0.7469662932913156,0
-5.926131,36,7332.599922,-100.0,-0.8272250941092025,0
-6.207546,35,7333.184042,-100.0,-0.6817791895260814,0
-6.032524,37,7333.812689,-100.0,-0.7787849186820909,0
-6.106498,35,7334.401277,-100.0,-0.6892466323410953,0
-5.547684,34,7334.964376,-100.0,-0.7588653916667328,0
-6.586414,34,7335.532011,-100.0,-0.6921320904127837,0
-5.994432,35,7336.130684,-100.0,-0.8629409131158171,0
-6.318389,39,7336.766126,-100.0,-0.7485822339783076,0
-5.64648,33,7337.325311,-100.0,-0.7937802882395616,0
-6.067281,35,7337.899534,-100.0,-0.7026928244182642,0
-5.739401,34,7338.466785,-100.0,-0.7760407961837127,0
-6.226155,36,7339.068918,-100.0,-0.644911451473488,0
-5.508595,37,7339.69664,-100.0,-0.8698365148763257,0
-6.122263,42,7340.387272,-100.0,-0.6577551087072078,0
-6.084938,37,7341.008848,-100.0,-0.6679052318663269,0
-6.274737,34,7341.570554,-100.0,-0.7061258499872554,0
-6.025433,42,7342.28918,-100.0,-0.7089504279525041,0
-5.779828,43,7343.006957,-100.0,-0.8254409892697403,0
-5.415123,33,7343.552312,-100.0,-0.8170737165056663,0
-5.845984,35,7344.145443,-100.0,-0.7023478484048457,0
-5.75454,32,7344.687824,-100.0,-0.8093614243250756,0
-6.17686,41,7345.36311,-100.0,-0.7483924340861301,0
-5.81838,34,7345.933262,-100.0,-0.7525245453422029,0
-5.997927,38,7346.562068,-100.0,-0.7776468436367072,0
-6.01377,33,7347.122055,-100.0,-0.6671819618606326,0
-6.205199,37,7347.738433,-100.0,-0.6890271176630316,0
-5.642962,35,7348.326147,-100.0,-0.8315074019176308,0
-6.180953,36,7477.650643,-100.0,-0.6777758092855045,0
-5.846317,34,7478.228262,-100.0,-0.754624969356345,0
-6.082454,34,7478.812815,-100.0,-0.6857271439842952,0
-5.840751,35,7479.386722,-100.0,-0.7097805355499353,0
-5.98253,38,7480.030768,-100.0,-0.6582348850031219,0
-6.083855,34,7480.596078,-100.0,-0.6662563447477667,0
-6.506304,34,7481.172502,-100.0,-0.6344483597771227,0
-6.070895,34,7481.748008,-100.0,-0.6917563773827167,0
-5.68305,35,7482.325677,-100.0,-0.7504938231122232,0
-5.868683,34,7482.898414,-100.0,-0.691084480572568,0
-5.877311,35,7483.470531,-100.0,-0.723109900380518,0
-5.500027,33,7484.012295,-100.0,-0.7779739228068503,0
-6.075319,35,7484.595918,-100.0,-0.6542801195529336,0
-6.245017,38,7485.243253,-100.0,-0.703293773484471,0
-5.944721,33,7485.803272,-100.0,-0.7375241085969467,0
-5.886259,33,7486.358812,-100.0,-0.7329724122804351,0
-5.432512,33,7486.910594,-100.0,-0.8032106319204785,0
-5.895352,36,7487.519694,-100.0,-0.7387042473342608,0
-5.627374,32,7488.057087,-100.0,-0.7810234228424318,0
-5.734454,34,7488.63768,-100.0,-0.7083478087021718,0
-5.617249,33,7489.1831,-100.0,-0.7246571472195746,0
-5.808202,33,7489.737012,-100.0,-0.7445271724666126,0
-5.670955,33,7490.282622,-100.0,-0.8214362554175214,0
-6.166514,35,7490.863346,-100.0,-0.6637905506244238,0
-5.668258,33,7491.42556,-100.0,-0.7722265208358601,0
-5.57598,33,7491.978845,-100.0,-0.7879409123017808,0
-5.642349,34,7492.536294,-100.0,-0.8589271892365449,0
-6.032402,37,7493.169827,-100.0,-0.6863856661174161,0
-5.831216,35,7493.76464,-100.0,-0.7354519639045315,0
-5.510024,33,7494.310246,-100.0,-0.8627941937133984,0
-5.956326,40,7494.991132,-100.0,-0.7424373789571719,0
-5.74916,34,7495.552508,-100.0,-0.6061598923521716,0
-6.258629,41,7496.258036,-100.0,-0.7105853939230814,0
-5.639824,33,7496.798235,-100.0,-0.7431261332659873,0
-5.882399,33,7497.35064,-100.0,-0.7200978721163883,0
-5.838632,34,7497.926754,-100.0,-0.7113239078989375,0
-5.51217,33,7498.481244,-100.0,-0.840296755892262,0
-5.774493,34,7499.048948,-100.0,-0.7131760414215198,0
-5.684738,33,7499.601368,-100.0,-0.9001449720610629,0
-5.797524,32,7500.132964,-100.0,-0.7781413873328565,0
-5.646331,34,7500.70578,-100.0,-0.6463246142588863,0
-6.48913,34,7501.271397,-100.0,-0.6000567419922117,0
-5.850544,33,7501.82946,-100.0,-0.772588085670102,0
-6.087475,34,7502.372801,-100.0,-0.7155584194101058,0
-5.514292,33,7502.936372,-100.0,-0.761187408688384,0
-5.674335,33,7503.483306,-100.0,-0.7927305895016945,0
-6.396994,37,7504.11218,-100.0,-0.6645913256956688,0
-6.027928,33,7504.659235,-100.0,-0.7002605165146806,0
-6.0572,34,7505.241932,-100.0,-0.6724588185519731,0
-5.651876,33,7505.779908,-100.0,-0.7627586875233123,0
-5.722117,34,7506.352712,-100.0,-0.6526014532019353,0
-6.216818,34,7506.909671,-100.0,-0.6342046059730085,0
-6.035767,34,7507.491889,-100.0,-0.6417959570750557,0
-5.971728,34,7508.05759,-100.0,-0.6609212356430783,0
-6.398964,43,7508.792019,-100.0,-0.6778083649321397,0
-6.284463,33,7509.347046,-100.0,-0.6896105304455366,0
-5.928138,34,7509.921716,-100.0,-0.6602823242295212,0
-5.339489,33,7510.471441,-100.0,-0.7837596254007368,0
-5.662235,33,7511.020152,-100.0,-0.7579575393187659,0
-6.009005,37,7511.63821,-100.0,-0.8397720090136159,0
-6.131849,33,7636.43983,-100.0,-0.7249047551266338,0
-5.948587,33,7636.994731,-100.0,-0.7612328242077527,0
-5.845227,34,7637.575174,-100.0,-0.6586247869489811,0
-5.972218,33,7638.133051,-100.0,-0.7397083001669185,0
-5.872623,33,7638.676786,-100.0,-0.6611798473210979,0
-5.542678,32,7639.221217,-100.0,-0.8135132102077927,0
-5.909073,38,7639.852819,-100.0,-0.675386124946298,0
-6.160356,35,7640.44288,-100.0,-0.7108276105173287,0
-5.587183,35,7641.029944,-100.0,-0.7569548407592884,0
-6.169465,42,7641.740156,-100.0,-0.7358762999922503,0
-5.95741,33,7642.293609,-100.0,-0.7206928881035145,0
-5.867001,33,7642.8586,-100.0,-0.6780418942855109,0
-6.128176,35,7643.442019,-100.0,-0.6789870407415936,0
-5.586277,33,7643.980255,-100.0,-0.8223994374934335,0
-5.984606,34,7644.551218,-100.0,-0.6851943706556424,0
-6.236868,34,7645.130965,-100.0,-0.672714015747004,0
-6.129022,35,7645.731198,-100.0,-0.6679110718255058,0
-5.88132,43,7646.424345,-100.0,-0.8966664312941753,0
-5.550981,32,7646.966577,-100.0,-0.8125041523213677,0
-6.287804,37,7647.586879,-100.0,-0.6838690258757294,0
-5.766936,34,7648.150048,-100.0,-0.6294369488334911,0
-5.5368,32,7648.69193,-100.0,-0.7689321895683222,0
-5.770432,35,7649.27098,-100.0,-0.6772149034844824,0
-5.831006,33,7649.832583,-100.0,-0.7332693094247287,0
-5.834602,34,7650.404285,-100.0,-0.6860272377728981,0
-5.905981,34,7650.980363,-100.0,-0.6624648367609172,0
-5.944763,33,7651.533222,-100.0,-0.6615076579117513,0
-5.917787,34,7652.10589,-100.0,-0.6979395643818784,0
-5.563931,33,7652.665679,-100.0,-0.8149255384618129,0
-5.953013,34,7653.236772,-100.0,-0.6890709921218394,0
-5.890606,33,7653.80094,-100.0,-0.7620349044011455,0
-5.759118,35,7654.389656,-100.0,-0.6934254772136057,0
-6.055857,34,7654.965439,-100.0,-0.6306052829824357,0
-5.514135,35,7655.547271,-100.0,-0.8341909138227082,0
-5.627123,33,7656.10363,-100.0,-0.7853663199026681,0
-5.357587,33,7656.643554,-100.0,-0.8474214991579898,0
-5.637996,32,7657.167104,-100.0,-0.8670087009052754,0
-5.708545,33,7657.713955,-100.0,-0.7527636603910336,0
-5.673185,34,7658.286609,-100.0,-0.7376190187382805,0
-5.629871,34,7658.859029,-100.0,-0.807389835681601,0
-6.008567,33,7659.411343,-100.0,-0.694374758268666,0
-5.852327,34,7659.98195,-100.0,-0.6900026694764742,0
-6.105738,38,7660.617405,-100.0,-0.7909877246860358,0
-5.660502,40,7661.284271,-100.0,-0.7316672081696868,0
-5.92034,33,7661.839004,-100.0,-0.6157805555703253,0
-5.813048,33,7662.394175,-100.0,-0.6750257780489228,0
-5.739626,34,7662.959303,-100.0,-0.7749457903008572,0
-5.944161,36,7663.568538,-100.0,-0.7448373461034601,0
-5.475557,34,7664.147125,-100.0,-0.7146779348537576,0
-5.795043,34,7664.718464,-100.0,-0.8028582715561976,0
-5.92969,32,7665.268798,-100.0,-0.7537872043574937,0
-5.961549,42,7665.976969,-100.0,-0.7587143185870114,0
-5.862046,34,7666.555217,-100.0,-0.6089505577539155,0
-5.758839,33,7667.109117,-100.0,-0.7357535137372168,0
-5.547886,33,7667.662384,-100.0,-0.7649898931662498,0
-5.867073,36,7668.255409,-100.0,-0.667523026974663,0
-5.688662,34,7668.830968,-100.0,-0.7646594612689288,0
-5.897084,33,7669.390517,-100.0,-0.6719661474784704,0
-5.9262,34,7669.956536,-100.0,-0.7260169033317563,0
-5.806436,35,7791.128727,-100.0,-0.7632044021692264,0
-5.831635,32,7791.666992,-100.0,-0.8261019923542814,0
-5.398419,33,7792.222238,-100.0,-0.9293155487151158,0
-5.573513,39,7792.876607,-100.0,-0.7963771851166647,0
-5.815189,33,7793.440646,-100.0,-0.7499429780313546,0
-5.349756,32,7793.964142,-100.0,-0.8033133171395839,0
-5.624921,33,7794.508555,-100.0,-0.8024186290790344,0
-5.856301,33,7795.061773,-100.0,-0.6942444010321414,0
-5.69609,35,7795.662949,-100.0,-0.7347138791569486,0
-5.722412,34,7796.235278,-100.0,-0.7251062633157002,0
-5.620183,35,7796.828212,-100.0,-0.7372955020962538,0
-6.085146,33,7797.378543,-100.0,-0.7011820911424851,0
-6.002927,33,7797.937436,-100.0,-0.6429563070061849,0
-5.647313,32,7798.485995,-100.0,-0.7627822395665257,0
-5.665382,33,7799.047467,-100.0,-0.7802993348527062,0
-5.64071,32,7799.58098,-100.0,-0.79206851419345,0
-5.928794,34,7800.168364,-100.0,-0.7738981999622528,0
-5.642642,37,7800.78713,-100.0,-0.7753217101151931,0
-5.595863,34,7801.347695,-100.0,-0.8503032227132047,0
-5.633947,35,7801.933014,-100.0,-0.8961460363110348,0
-6.009971,33,7802.496364,-100.0,-0.7014130919057221,0
-5.751115,35,7803.090179,-100.0,-0.7277260319313166,0
-5.963918,33,7803.650345,-100.0,-0.6592232231525464,0
-5.688727,35,7804.2359,-100.0,-0.8010001534217844,0
-6.241476,43,7804.952374,-100.0,-0.6752598007422572,0
-5.613987,33,7805.510825,-100.0,-0.8799831872100192,0
-5.867223,34,7806.093593,-100.0,-0.7320984289691188,0
-6.155842,33,7806.646259,-100.0,-0.6789144192088188,0
-5.87448,36,7807.260857,-100.0,-0.7776638019019866,0
-5.878244,38,7807.889684,-100.0,-0.7536560290006162,0
-5.319165,33,7808.441223,-100.0,-0.8479660528779234,0
-6.225492,33,7809.004692,-100.0,-0.7797087240461934,0
-5.784462,33,7809.553631,-100.0,-0.6808162656716554,0
-5.914119,34,7810.124696,-100.0,-0.7045750928987462,0
-5.678594,35,7810.712419,-100.0,-0.833504041477614,0
-5.821182,33,7811.274145,-100.0,-0.8080423844298595,0
-5.652397,32,7811.805669,-100.0,-0.7488603269144921,0
-6.216367,32,7812.343915,-100.0,-0.6500873210401753,0
-5.467117,32,7812.871605,-100.0,-0.8005372019619836,0
-5.799585,35,7813.465247,-100.0,-0.679999313828634,0
-5.735466,33,7814.017347,-100.0,-0.809787019037836,0
-5.90003,33,7814.575135,-100.0,-0.6829952664941575,0
-5.938807,34,7815.138981,-100.0,-0.7138115666312191,0
-5.896786,38,7815.769315,-100.0,-0.8053734984454166,0
-6.084479,33,7816.331253,-100.0,-0.6470712418281744,0
-6.1523,34,7816.90234,-100.0,-0.6463573507565308,0
-5.8459,33,7817.458338,-100.0,-0.7753754121612163,0
-5.42888,34,7818.026207,-100.0,-0.8213911362083994,0
-5.92192,32,7818.564934,-100.0,-0.7562572384493977,0
-5.706478,34,7819.137505,-100.0,-0.7162224091915366,0
-5.678664,34,7819.710126,-100.0,-0.7481430792588566,0
-6.406938,48,7820.51967,-100.0,-0.6653308662108036,0
-6.072654,38,7821.161443,-100.0,-0.7174045835940134,0
-5.773906,33,7821.708982,-100.0,-0.6936885072637946,0
-5.997543,38,7822.365772,-100.0,-0.8156600135702403,0
-5.539621,35,7822.955196,-100.0,-0.7795957677870651,0
-5.501642,33,7823.502365,-100.0,-0.8261979105906261,0
-5.77843,34,7824.076921,-100.0,-0.7957892313651643,0
-5.745056,34,7824.648284,-100.0,-0.7978612663716633,0
-5.539325,34,7825.201001,-100.0,-0.8423553956926757,0
-5.966948,36,7954.866731,-100.0,-0.7742262809647893,0
-5.551061,32,7955.439664,-100.0,-0.871342670792441,0
-6.081632,43,7956.236388,-100.0,-0.7411326426391345,0
-5.944301,33,7956.831449,-100.0,-0.7237481416007178,0
-5.89818,33,7957.430903,-100.0,-0.6832132751001412,0
-5.735627,32,7958.022835,-100.0,-0.7592251553893492,0
-6.152131,33,7958.611559,-100.0,-0.6744353788735085,0
-5.75963,35,7959.256029,-100.0,-0.8210293882313333,0
-5.822689,32,7959.820455,-100.0,-0.7865338447616037,0
-5.563488,33,7960.41469,-100.0,-0.76571061714794,0
-5.597651,42,7961.195457,-100.0,-0.8476433914523883,0
-5.86933,34,7961.810567,-100.0,-0.6095759094961541,0
-5.589481,34,7962.432534,-100.0,-0.7287288956900319,0
-5.930938,33,7963.025625,-100.0,-0.6877849454123679,0
-6.292742,34,7963.640721,-100.0,-0.6877801601835124,0
-5.820734,40,7964.368837,-100.0,-0.8838520519633419,0
-5.594151,33,7964.969983,-100.0,-0.792063350858201,0
-5.64307,32,7965.549179,-100.0,-0.8599471030805045,0
-6.147678,33,7966.15043,-100.0,-0.719510303451744,0
-5.816557,32,7966.731573,-100.0,-0.7551980283769737,0
-5.917789,34,7967.347146,-100.0,-0.679562562021143,0
-5.589665,32,7967.916307,-100.0,-0.814992559423374,0
-5.48974,33,7968.526844,-100.0,-0.7688328260007155,0
-5.770666,33,7969.120136,-100.0,-0.750438437308118,0
-5.559915,33,7969.725118,-100.0,-0.7017629061873301,0
-5.698228,33,7970.330601,-100.0,-0.7554551919282788,0
-6.096152,33,7970.937285,-100.0,-0.6603025543377419,0
-6.078145,38,7971.607051,-100.0,-0.6912725753660692,0
-5.621283,33,7972.214489,-100.0,-0.7829374316130006,0
-5.701548,33,7972.799193,-100.0,-0.831821286279891,0
-6.042415,35,7973.434967,-100.0,-0.6273071616071276,0
-5.837444,33,7974.037634,-100.0,-0.7180018810951724,0
-5.832487,33,7974.65053,-100.0,-0.7014523844952815,0
-5.806342,43,7975.411906,-100.0,-0.8064977605879349,0
-5.826847,34,7976.040772,-100.0,-0.6976494296292195,0
-5.702513,33,7976.643426,-100.0,-0.6149505404137293,0
-6.078276,33,7977.247001,-100.0,-0.6467973689664754,0
-5.73131,38,7977.942986,-100.0,-0.8246570541221634,0
-6.191658,33,7978.540686,-100.0,-0.6695310322532437,0
-5.684268,32,7979.103376,-100.0,-0.7846462204385114,0
-6.049563,34,7979.729831,-100.0,-0.6845383910327436,0
-6.069456,38,7980.428053,-100.0,-0.7064431873287351,0
-5.767667,40,7981.169766,-100.0,-0.7875715820472035,0
-5.611854,33,7981.783596,-100.0,-0.8512634706510002,0
-5.937393,34,7982.396821,-100.0,-0.7093774001851989,0
-6.265468,38,7983.103328,-100.0,-0.7117155182826023,0
-6.110378,34,7983.731999,-100.0,-0.6046230992382641,0
-5.426456,32,7984.304382,-100.0,-0.8978502473288985,0
-5.760766,33,7984.897926,-100.0,-0.6933522238556654,0
-5.418215,33,7985.507651,-100.0,-0.8626685958763696,0
-6.026875,34,7986.127263,-100.0,-0.6822160400960334,0
-6.068194,34,7986.752423,-100.0,-0.7275248538568846,0
-5.739106,36,7987.413729,-100.0,-0.7645282052132378,0
-6.109409,36,7988.057875,-100.0,-0.6525622873081094,0
-6.162158,38,7988.750227,-100.0,-0.7032805574698299,0
-5.834884,34,7989.375705,-100.0,-0.5938263811326563,0
-5.780832,36,7990.030227,-100.0,-0.7330508503828599,0
-6.132899,34,7990.646253,-100.0,-0.7006346853411427,0
-6.279922,38,7991.339226,-100.0,-0.8101127700421972,0
-5.59211,33,8110.306123,-100.0,-0.8570753083779488,0
-6.003232,36,8110.900649,-100.0,-0.753088321452104,0
-6.088676,33,8111.460738,-100.0,-0.663803670340953,0
-5.735687,33,8112.020349,-100.0,-0.8013461145910152,0
-6.280774,39,8112.669606,-100.0,-0.6842645327636637,0
-5.745208,34,8113.235051,-100.0,-0.7818769049765962,0
-6.137224,33,8113.794997,-100.0,-0.7028842004782924,0
-5.812815,32,8114.337831,-100.0,-0.7809805344444642,0
-5.752732,33,8114.887,-100.0,-0.6571471309536996,0
-5.203634,32,8115.440938,-100.0,-0.8688704808362986,0
-5.941685,33,8115.988396,-100.0,-0.7021669988829582,0
-5.72945,37,8116.604634,-100.0,-0.7858222571843767,0
-5.628035,32,8117.146563,-100.0,-0.8235895572089376,0
-5.711456,33,8117.713067,-100.0,-0.6812987493204716,0
-5.456399,43,8118.432604,-100.0,-0.8590605269081764,0
-6.047182,46,8119.198059,-100.0,-0.808477603806953,0
-6.174865,32,8119.735629,-100.0,-0.7017955439467807,0
-5.854944,38,8120.394318,-100.0,-0.7389456704942432,0
-5.52131,32,8120.931684,-100.0,-0.901794886727788,0
-5.52349,33,8121.481169,-100.0,-0.778027656160781,0
-5.713742,37,8122.102989,-100.0,-0.7082236227903282,0
-5.709896,35,8122.696865,-100.0,-0.78073512026347,0
-5.799998,32,8123.241035,-100.0,-0.8707915249116844,0
-5.629966,33,8123.807667,-100.0,-0.6942264601828825,0
-6.128743,34,8124.374295,-100.0,-0.6751192691109644,0
-5.726661,34,8124.950312,-100.0,-0.7331721503720073,0
-6.163498,34,8125.515587,-100.0,-0.7371326433479898,0
-5.931534,35,8126.116547,-100.0,-0.7501784572863122,0
-5.630567,35,8126.69993,-100.0,-0.8620849609920567,0
-5.860901,34,8127.278069,-100.0,-0.7697413334194639,0
-5.904885,34,8127.855136,-100.0,-0.6508770619594272,0
-5.693268,40,8128.518141,-100.0,-0.814144123691339,0
-5.808438,33,8129.074951,-100.0,-0.6964488246001843,0
-5.623331,33,8129.636795,-100.0,-0.837124172542782,0
-6.039716,32,8130.179302,-100.0,-0.7208449157557455,0
-5.676271,40,8130.839494,-100.0,-0.7353665591660283,0
-5.878253,34,8131.420515,-100.0,-0.7209170746178727,0
-5.893291,33,8131.986935,-100.0,-0.7177855066421978,0
-6.07038,38,8132.626963,-100.0,-0.6702823339669591,0
-6.444646,33,8133.175773,-100.0,-0.6350104749190284,0
-6.027384,36,8133.795497,-100.0,-0.7395804171781546,0
-5.654814,33,8134.361042,-100.0,-0.8041563076287086,0
-5.866757,33,8134.920911,-100.0,-0.6812395815208152,0
-5.673572,36,8135.533911,-100.0,-0.8032028649533359,0
-5.473632,33,8136.090796,-100.0,-0.867562049353839,0
-5.708827,35,8136.672981,-100.0,-0.7351805254812422,0
-5.544371,32,8137.217402,-100.0,-0.7786422403834493,0
-5.587218,37,8137.836681,-100.0,-0.8004666576231839,0
-5.624299,32,8138.368859,-100.0,-0.8406484517533706,0
-6.504051,31,8138.897683,-100.0,-0.6471002596849883,0
-5.669651,34,8139.465121,-100.0,-0.7812144515390888,0
-5.858857,36,8140.077876,-100.0,-0.6775066898418106,0
-5.630099,35,8140.671662,-100.0,-0.7392383815584733,0
-5.982037,33,8141.206315,-100.0,-0.685706384645857,0
-5.789209,33,8141.752628,-100.0,-0.7481709455823743,0
-5.600964,36,8142.376138,-100.0,-0.8616596204178676,0
-5.4326,36,8142.979395,-100.0,-0.9236506803534043,0
-5.405769,32,8143.517933,-100.0,-0.8449188640050421,0
-5.904761,34,8144.09268,-100.0,-0.6863386767605647,0
-6.082159,43,8262.704002,-100.0,-0.7651288232700724,0
-5.470145,32,8263.24799,-100.0,-0.8230690403365805,0
-6.233612,34,8263.818362,-100.0,-0.657843993414206,0
-5.916496,33,8264.38007,-100.0,-0.6845431195409966,0
-5.451445,33,8264.948983,-100.0,-0.8195846586866155,0
-5.83443,36,8265.55136,-100.0,-0.7297390238531107,0
-5.925577,33,8266.117073,-100.0,-0.6670098289864255,0
-6.105248,34,8266.68997,-100.0,-0.6563737110149618,0
-5.967965,32,8267.234256,-100.0,-0.8096077196873004,0
-5.539871,32,8267.776088,-100.0,-0.8386447541872636,0
-5.817283,33,8268.341087,-100.0,-0.7019937501842181,0
-6.083982,33,8268.903248,-100.0,-0.668568823077197,0
-5.722958,33,8269.454966,-100.0,-0.721724167518289,0
-5.229533,32,8270.002297,-100.0,-0.8201194115399664,0
-6.246576,34,8270.581557,-100.0,-0.6300908798889218,0
-5.653233,36,8271.193793,-100.0,-0.7757606453208811,0
-5.818272,33,8271.750672,-100.0,-0.7067808751653318,0
-5.646006,33,8272.319488,-100.0,-0.7429387784652323,0
-5.657509,34,8272.892042,-100.0,-0.745918228177657,0
-5.838183,34,8273.474086,-100.0,-0.6759190195777911,0
-5.822896,33,8274.030113,-100.0,-0.771322934413596,0
-5.777504,33,8274.583572,-100.0,-0.7240838865275431,0
-5.657624,34,8275.157821,-100.0,-0.7056813338541428,0
-5.674968,33,8275.72422,-100.0,-0.7060537846734665,0
-5.869382,33,8276.286546,-100.0,-0.6912916609569131,0
-5.600906,38,8276.940436,-100.0,-0.8994485655833718,0
-5.352338,39,8277.59951,-100.0,-0.8822197371089232,0
-5.506009,33,8278.142444,-100.0,-0.7575794950682325,0
-6.08729,33,8278.703586,-100.0,-0.6421759783254916,0
-5.848421,33,8279.259212,-100.0,-0.7013370966709715,0
-5.711081,33,8279.826088,-100.0,-0.7192585034660293,0
-5.992359,32,8280.363829,-100.0,-0.6973045483668443,0
-5.932954,33,8280.922509,-100.0,-0.7005891356390209,0
-5.85311,33,8281.477755,-100.0,-0.7183202055510767,0
-5.854987,33,8282.037401,-100.0,-0.693601094747807,0
-5.701108,37,8282.654138,-100.0,-0.8757866160013381,0
-5.595711,33,8283.214807,-100.0,-0.6933792111719241,0
-5.85094,33,8283.781106,-100.0,-0.5817516155129978,0
-5.473899,33,8284.330413,-100.0,-0.7812347721602256,0
-5.651611,33,8284.893628,-100.0,-0.7662925436583756,0
-5.683804,41,8285.581018,-100.0,-0.8659558294895104,0
-5.994392,33,8286.141878,-100.0,-0.6913030131283724,0
-5.504518,33,8286.697961,-100.0,-0.7389981454447271,0
-5.906577,35,8287.298678,-100.0,-0.738899924735265,0
-5.951733,33,8287.860253,-100.0,-0.659646248304678,0
-5.621686,41,8288.54817,-100.0,-0.7949605318602633,0
-5.920874,34,8289.139503,-100.0,-0.655576960297073,0
-6.237855,36,8289.74902,-100.0,-0.7873236852985775,0
-5.665134,33,8290.31248,-100.0,-0.7686972227704839,0
-5.498307,33,8290.869348,-100.0,-0.7469436372522632,0
-6.015498,38,8291.516073,-100.0,-0.6598904832046518,0
-5.696079,34,8292.08561,-100.0,-0.6705571087038379,0
-5.767763,34,8292.651649,-100.0,-0.7075330453563157,0
-5.818282,34,8293.23087,-100.0,-0.6348536789072721,0
-5.165598,32,8293.774918,-100.0,-0.8633973660457323,0
-5.902225,33,8294.337761,-100.0,-0.7263942640744769,0
-5.644481,32,8294.863441,-100.0,-0.8506862793627715,0
-5.869557,36,8295.483736,-100.0,-0.7178457358968618,0
-5.911196,32,8296.021433,-100.0,-0.760176757258541,0
-5.968003,33,8296.578832,-100.0,-0.7583119792591189,0
-5.600576,33,8297.141927,-100.0,-0.8224506576653239,0
-5.808474,33,8415.748424,-100.0,-0.6689207954410807,0
-5.376603,33,8416.305457,-100.0,-0.7545392812802699,0
-5.516202,34,8416.883836,-100.0,-0.7593394046490767,0
-5.499411,33,8417.438723,-100.0,-0.7990958588285022,0
-5.83012,33,8418.002612,-100.0,-0.7056360653695004,0
-5.700575,34,8418.586074,-100.0,-0.6824487124800288,0
-5.849604,34,8419.161485,-100.0,-0.7064009836315396,0
-5.908922,34,8419.741633,-100.0,-0.744736826687001,0
-5.852863,33,8420.293752,-100.0,-0.6602612717869377,0
-6.001898,39,8420.95729,-100.0,-0.708035679147968,0
-5.602823,35,8421.537703,-100.0,-0.8068957387557074,0
-6.252448,50,8422.378579,-100.0,-0.6799009897521083,0
-5.697446,33,8422.945593,-100.0,-0.8287029850893062,0
-5.657571,34,8423.526112,-100.0,-0.7871721779941321,0
-5.764717,33,8424.088503,-100.0,-0.7512303565678436,0
-5.735483,39,8424.73716,-100.0,-0.767338732226412,0
-5.911447,33,8425.300275,-100.0,-0.7289588600898544,0
-6.216537,32,8425.849537,-100.0,-0.7102825220590719,0
-5.462201,32,8426.395532,-100.0,-0.8550547138494659,0
-5.742215,39,8427.048522,-100.0,-0.7514370274510161,0
-5.885799,40,8427.708732,-100.0,-0.74297932428103,0
-5.643657,33,8428.279784,-100.0,-0.7524166327998368,0
-5.820085,32,8428.823562,-100.0,-0.7296522930447762,0
-5.691497,34,8429.402914,-100.0,-0.7513172704228953,0
-5.648119,38,8430.041059,-100.0,-0.8354610006604725,0
-5.714637,33,8430.599647,-100.0,-0.6648115994021512,0
-6.002207,35,8431.187203,-100.0,-0.7193024391962595,0
-5.917728,40,8431.849918,-100.0,-0.728823432624326,0
-5.750138,33,8432.416755,-100.0,-0.7819653049970359,0
-5.5743,33,8432.968288,-100.0,-0.7480237661093251,0
-6.121676,37,8433.60878,-100.0,-0.7144993947597439,0
-5.564427,36,8434.215993,-100.0,-0.8964524863490065,0
-5.582697,43,8434.950368,-100.0,-0.8194915814891025,0
-5.585121,31,8435.473677,-100.0,-0.8387362469312553,0
-5.967546,34,8436.060872,-100.0,-0.6920351678801759,0
-5.549642,34,8436.64441,-100.0,-0.7144431155577077,0
-6.097427,36,8437.255592,-100.0,-0.6199376493146406,0
-5.588979,34,8437.827498,-100.0,-0.8538494828703985,0
-5.876995,34,8438.403835,-100.0,-0.6954159507938451,0
-5.938979,36,8439.014166,-100.0,-0.7228970457715048,0
-5.761773,34,8439.593355,-100.0,-0.7162702021613928,0
-6.011871,33,8440.154884,-100.0,-0.7039643921760241,0
-5.869427,32,8440.708258,-100.0,-0.7563117734085911,0
-5.460172,32,8441.223846,-100.0,-0.8562025764744705,0
-5.407406,33,8441.786219,-100.0,-0.877760580224938,0
-5.537928,39,8442.451823,-100.0,-0.8139579412339961,0
-5.672906,33,8443.004331,-100.0,-0.7297736690291651,0
-5.467661,33,8443.563159,-100.0,-0.8761480025407844,0
-5.427138,34,8444.125285,-100.0,-0.8741426598810763,0
-5.801367,34,8444.705703,-100.0,-0.7135028628653827,0
-6.205926,34,8445.279921,-100.0,-0.6608057028838612,0
-5.69409,33,8445.842634,-100.0,-0.7107958375889835,0
-5.488062,33,8446.393903,-100.0,-0.7391313689874918,0
-5.802349,32,8446.934786,-100.0,-0.7160450707105113,0
-5.88417,34,8447.508606,-100.0,-0.695888252910946,0
-5.401343,32,8448.054165,-100.0,-0.8906540497174751,0
-5.713548,33,8448.60173,-100.0,-0.7635984058023026,0
-5.25897,32,8449.141235,-100.0,-0.8706474873283421,0
-5.681469,33,8449.685383,-100.0,-0.7895999218569735,0
-5.845243,33,8567.71329,-100.0,-0.7606395798639363,0
-6.061641,32,8568.253149,-100.0,-0.6868385826289864,0
-5.691795,38,8568.900459,-100.0,-0.7343321839196462,0
-5.367405,33,8569.454656,-100.0,-0.7847543510845109,0
-5.46322,38,8570.107135,-100.0,-0.8264701532957733,0
-5.63337,34,8570.686411,-100.0,-0.7599150123666175,0
-6.005114,34,8571.26235,-100.0,-0.6798458821516403,0
-5.598886,33,8571.823875,-100.0,-0.6752976389114417,0
-5.609613,33,8572.383179,-100.0,-0.8113824861330478,0
-6.063359,42,8573.098421,-100.0,-0.6942679669980305,0
-5.806127,35,8573.684015,-100.0,-0.7028483404150938,0
-5.253568,33,8574.250574,-100.0,-0.8399871125927143,0
-5.449546,32,8574.783361,-100.0,-0.869728186267852,0
-5.746476,34,8575.363387,-100.0,-0.8063865207456271,0
-5.755927,33,8575.920841,-100.0,-0.7235549363626651,0
-6.132811,34,8576.501365,-100.0,-0.6771753882326376,0
-5.575108,32,8577.035429,-100.0,-0.8374665187331176,0
-5.942174,33,8577.601928,-100.0,-0.6897406183285161,0
-5.715647,33,8578.157465,-100.0,-0.6636226534500891,0
-5.396971,32,8578.698678,-100.0,-0.8455012870453551,0
-5.544782,34,8579.277164,-100.0,-0.7574779835467669,0
-5.643539,32,8579.821538,-100.0,-0.8129025114023322,0
-5.731118,34,8580.408411,-100.0,-0.7284792967789643,0
-5.513433,34,8580.982666,-100.0,-0.7853155327870222,0
-5.607402,44,8581.727619,-100.0,-0.7920876231969107,0
-5.912022,34,8582.306043,-100.0,-0.6451592738852843,0
-5.447481,34,8582.881329,-100.0,-0.7810434369295802,0
-5.821547,35,8583.485931,-100.0,-0.7603127141843737,0
-6.245523,34,8584.06594,-100.0,-0.6848341707079797,0
-5.894706,42,8584.773723,-100.0,-0.7634251445975717,0
-5.883574,49,8585.597432,-100.0,-0.7983872258960079,0
-5.368952,34,8586.18045,-100.0,-0.7349506696801005,0
-6.184072,33,8586.749188,-100.0,-0.7225583261963108,0
-6.030541,33,8587.316793,-100.0,-0.7058922020753476,0
-5.66698,33,8587.872055,-100.0,-0.6498517970633343,0
-5.343538,33,8588.42856,-100.0,-0.7940522854889136,0
-5.603792,32,8588.973297,-100.0,-0.8463691356590833,0
-6.309827,40,8589.64942,-100.0,-0.7505182873144324,0
-5.470545,38,8590.288426,-100.0,-0.8700917047914081,0
-5.894642,33,8590.845661,-100.0,-0.6539029473579301,0
-6.081664,33,8591.408771,-100.0,-0.7034727432907397,0
-5.775089,35,8591.995085,-100.0,-0.7163997202933328,0
-5.379197,34,8592.573771,-100.0,-0.9191658445653288,0
-5.709841,43,8593.3054,-100.0,-0.749573301600587,0
-5.50514,33,8593.871214,-100.0,-0.8309358382634398,0
-5.623667,40,8594.552515,-100.0,-0.7978568346950268,0
-5.516547,32,8595.095647,-100.0,-0.8626830919334915,0
-6.302804,33,8595.662673,-100.0,-0.6991076899355259,0
-5.427607,36,8596.279385,-100.0,-0.8761309942692579,0
-5.409272,33,8596.834265,-100.0,-0.814453710816752,0
-5.160712,34,8597.413608,-100.0,-0.8101621303894921,0
-5.762014,36,8598.027143,-100.0,-0.6520744201868159,0
-5.934495,34,8598.596359,-100.0,-0.6753783529858542,0
-5.921451,35,8599.191217,-100.0,-0.7354669983627232,0
-5.807798,34,8599.769564,-100.0,-0.7282904291246098,0
-5.786349,33,8600.327273,-100.0,-0.6771486682620415,0
-5.935315,33,8601.084136,-100.0,-0.7146346307680641,0
-5.585663,32,8601.622176,-100.0,-0.7937586692793519,0
-5.771731,33,8602.183462,-100.0,-0.7575566810651831,0
-5.821915,36,8717.927056,-100.0,-0.735975000531112,0
-5.999878,34,8718.502976,-100.0,-0.6886062102001804,0
-6.021063,34,8719.078681,-100.0,-0.6274426214609743,0
-5.666428,32,8719.632791,-100.0,-0.7750885962283867,0
-5.961523,34,8720.21266,-100.0,-0.6415347744823019,0
-5.377924,32,8720.741998,-100.0,-0.915078523013952,0
-6.236946,35,8721.342816,-100.0,-0.6508577384367565,0
-5.384146,35,8721.940378,-100.0,-0.731062575460482,0
-5.757082,34,8722.521219,-100.0,-0.7066884822161855,0
-5.727079,33,8723.074937,-100.0,-0.7893204522180934,0
-6.014083,34,8723.663957,-100.0,-0.6855644579403565,0
-5.976362,34,8724.246648,-100.0,-0.6788544421313186,0
-5.58765,33,8724.80464,-100.0,-0.6986190691355191,0
-5.994287,34,8725.387507,-100.0,-0.7303404373434532,0
-5.499957,33,8725.932944,-100.0,-0.7325626010101621,0
-6.038443,32,8726.478534,-100.0,-0.7633023510268073,0
-5.908287,33,8727.026446,-100.0,-0.6400163235262427,0
-5.653815,34,8727.61071,-100.0,-0.745528569858638,0
-5.540074,34,8728.196307,-100.0,-0.8713405378234396,0
-5.398547,41,8728.896309,-100.0,-0.779915593615504,0
-5.921291,33,8729.458873,-100.0,-0.6722995432916175,0
-5.826541,33,8730.017791,-100.0,-0.6289272054312359,0
-5.547402,33,8730.572798,-100.0,-0.7316826629586499,0
-6.096664,42,8731.302355,-100.0,-0.718268292707848,0
-5.728206,33,8731.859457,-100.0,-0.7446995985353895,0
-5.955554,34,8732.428642,-100.0,-0.6494784751280223,0
-5.570483,34,8733.006634,-100.0,-0.8136189861929907,0
-5.665831,34,8733.575865,-100.0,-0.7733781557498112,0
-5.453395,33,8734.139851,-100.0,-0.7482628792736702,0
-5.626948,33,8734.703953,-100.0,-0.8198478648574596,0
-5.914217,35,8735.293342,-100.0,-0.6568551202900456,0
-5.549599,34,8735.878716,-100.0,-0.7866027046131494,0
-5.99173,33,8736.434806,-100.0,-0.7119025421860662,0
-5.335277,32,8736.978537,-100.0,-0.8549123858199894,0
-5.604021,34,8737.552695,-100.0,-0.7777301310067128,0
-5.7136,32,8738.095856,-100.0,-0.7311495981438719,0
-5.768647,41,8738.811416,-100.0,-0.7918779793519692,0
-5.944556,35,8739.399029,-100.0,-0.7166441684909602,0
-5.479797,33,8739.961343,-100.0,-0.7013894336393178,0
-5.798985,35,8740.548999,-100.0,-0.7003997588552754,0
-5.94602,34,8741.120744,-100.0,-0.7382055789660423,0
-5.690051,33,8741.682817,-100.0,-0.7127890504810022,0
-6.001338,34,8742.260772,-100.0,-0.7175843056184132,0
-5.735225,33,8742.817068,-100.0,-0.6964282420313114,0
-5.731384,33,8743.381346,-100.0,-0.7470217139561247,0
-6.006303,33,8743.932411,-100.0,-0.6484025365923219,0
-5.875647,33,8744.502478,-100.0,-0.6801361039273874,0
-5.713723,33,8745.06068,-100.0,-0.7421038223397319,0
-5.704106,33,8745.612836,-100.0,-0.6875415383071699,0
-5.778938,34,8746.180553,-100.0,-0.6938783763512599,0
-5.412332,32,8746.729462,-100.0,-0.8482243672325235,0
-5.555019,38,8747.379363,-100.0,-0.7749303021654123,0
-5.829145,33,8747.933125,-100.0,-0.6840751164262704,0
-5.693483,33,8748.500726,-100.0,-0.769423329795828,0
-5.693949,33,8749.061601,-100.0,-0.6889412758326582,0
-6.111138,35,8749.666397,-100.0,-0.662375682559079,0
-5.437394,33,8750.217266,-100.0,-0.7961300962581325,0
-5.871342,42,8750.944863,-100.0,-0.7634013052174392,0
-5.543795,33,8751.507797,-100.0,-0.7716276795781329,0
-5.764881,33,8752.052955,-100.0,-0.7531113952666071,0
-5.66566,33,8870.01702,-100.0,-0.7561638520942507,0
-5.60711,32,8870.563835,-100.0,-0.8085770477128778,0
-5.754021,38,8871.206855,-100.0,-0.758065824179626,0
-5.529117,37,8871.827918,-100.0,-0.8461001569374671,0
-5.499925,33,8872.39624,-100.0,-0.7250616832434572,0
-5.892374,33,8872.958288,-100.0,-0.6224242877493887,0
-5.771561,40,8873.633125,-100.0,-0.8398303805845942,0
-5.671921,33,8874.201432,-100.0,-0.774589358724624,0
-5.549058,33,8874.757314,-100.0,-0.7693470277589403,0
-5.479638,32,8875.308649,-100.0,-0.8155259120578592,0
-5.469014,35,8875.900485,-100.0,-0.9061338350115741,0
-5.28935,32,8876.456168,-100.0,-0.8473170514619556,0
-5.592347,32,8876.996476,-100.0,-0.7534529256010464,0
-5.912905,33,8877.562233,-100.0,-0.7753285127381294,0
-5.366975,32,8878.107371,-100.0,-0.7874103298025169,0
-5.599819,34,8878.684509,-100.0,-0.8210131345914982,0
-5.71845,33,8879.242774,-100.0,-0.7475294859912562,0
-5.635215,33,8879.806491,-100.0,-0.7282727241639166,0
-6.042602,33,8880.369553,-100.0,-0.7250938200187742,0
-5.32628,33,8880.92835,-100.0,-0.8257474777665723,0
-5.327465,32,8881.480927,-100.0,-0.8527654184068552,0
-6.021244,33,8882.044044,-100.0,-0.7225682671999966,0
-6.196535,37,8882.666348,-100.0,-0.702098540056502,0
-5.332562,33,8883.225229,-100.0,-0.7467527097316797,0
-5.964978,37,8883.862449,-100.0,-0.6925081004800008,0
-5.599022,34,8884.448104,-100.0,-0.7493507797076567,0
-5.488004,33,8885.011935,-100.0,-0.8434832166005315,0
-5.427795,33,8885.576481,-100.0,-0.762232007177351,0
-5.724656,33,8886.134522,-100.0,-0.6669601761836342,0
-5.356823,33,8886.69465,-100.0,-0.7804164547271188,0
-5.831714,33,8887.257869,-100.0,-0.7095606620672985,0
-5.65679,34,8887.837062,-100.0,-0.6922029276158098,0
-5.781262,33,8888.39063,-100.0,-0.7224105436307551,0
-5.349505,34,8888.9778,-100.0,-0.8365941089424669,0
-5.606957,34,8889.547629,-100.0,-0.7733334698015135,0
-5.51237,36,8890.165015,-100.0,-0.896644502968138,0
-5.645024,34,8890.738883,-100.0,-0.6926938667635185,0
-5.671136,33,8891.295147,-100.0,-0.751019452545982,0
-5.575825,40,8891.999622,-100.0,-0.7145186331250698,0
-5.658247,33,8892.544065,-100.0,-0.702123328671152,0
-5.30746,33,8893.110917,-100.0,-0.7770340560601461,0
-5.932225,33,8893.664427,-100.0,-0.71991726209233,0
-5.995385,34,8894.234726,-100.0,-0.7114024267618405,0
-6.030258,33,8894.796739,-100.0,-0.6926993196444088,0
-5.931055,32,8895.324891,-100.0,-0.6567881200296477,0
-5.797445,37,8895.985429,-100.0,-0.7648303446941405,0
-6.115356,37,8896.606475,-100.0,-0.6670992890630583,0
-5.892829,34,8897.183179,-100.0,-0.7106087978793603,0
-5.50716,32,8897.731269,-100.0,-0.742008037916247,0
-5.581182,32,8898.277562,-100.0,-0.7730925350435296,0
-5.93764,33,8898.831014,-100.0,-0.6781775975969541,0
-5.98442,33,8899.394164,-100.0,-0.679801351798396,0
-5.184889,34,8899.982255,-100.0,-0.805901759680275,0
-5.849959,33,8900.5282,-100.0,-0.7597773174742536,0
-5.981184,34,8901.113374,-100.0,-0.6818470154832209,0
-6.205949,37,8901.735159,-100.0,-0.6491548012540306,0
-5.540451,34,8902.312177,-100.0,-0.796437359811132,0
-5.473991,33,8902.873822,-100.0,-0.8047668170330988,0
-5.643087,33,8903.426646,-100.0,-0.6160116585480101,0
-6.210532,36,8904.030566,-100.0,-0.682181296964092,0
-5.787399,34,9019.185273,-100.0,-0.619322134007329,0
-5.679929,34,9019.755179,-100.0,-0.7546202567683628,0
-5.657111,33,9020.324668,-100.0,-0.6819439401945422,0
-5.292961,32,9020.871209,-100.0,-0.8659027029114754,0
-5.447293,32,9021.422841,-100.0,-0.8179717218784278,0
-5.831176,33,9021.975597,-100.0,-0.6728606035299118,0
-5.516036,33,9022.526911,-100.0,-0.8953736984655922,0
-5.415218,33,9023.080895,-100.0,-0.7438947262665341,0
-5.63801,34,9023.657931,-100.0,-0.7346018537725729,0
-5.958164,36,9024.280846,-100.0,-0.6761110781651861,0
-5.811321,33,9024.8419,-100.0,-0.6781650150633187,0
-5.512657,33,9025.394225,-100.0,-0.8003639805365814,0
-5.466462,32,9025.936105,-100.0,-0.8490700287901319,0
-5.515647,33,9026.506265,-100.0,-0.7869191561071407,0
-5.611949,33,9027.059718,-100.0,-0.6498945856974602,0
-5.697756,33,9027.626083,-100.0,-0.7008966569127778,0
-5.556506,34,9028.200037,-100.0,-0.768147797833535,0
-5.925209,34,9028.788675,-100.0,-0.6773819913649833,0
-5.518621,32,9029.319787,-100.0,-0.777438615732696,0
-5.331625,38,9029.964085,-100.0,-0.8673391919307029,0
-5.876703,34,9030.528986,-100.0,-0.6989227968419536,0
-5.604538,32,9031.072805,-100.0,-0.8317030535173402,0
-5.51483,33,9031.635865,-100.0,-0.8173449164380557,0
-5.746803,33,9032.192703,-100.0,-0.5860323170329369,0
-5.686156,33,9032.752039,-100.0,-0.7299289513041726,0
-5.827307,33,9033.314517,-100.0,-0.7388721374298158,0
-5.75005,33,9033.876222,-100.0,-0.6712181746923523,0
-5.716379,39,9034.553608,-100.0,-0.7572262588103703,0
-5.848057,34,9035.126778,-100.0,-0.6951790609366517,0
-5.694638,33,9035.69178,-100.0,-0.7447829013792425,0
-6.010263,33,9036.247457,-100.0,-0.6888044544755558,0
-5.263187,32,9036.796328,-100.0,-0.8708616438881343,0
-5.417913,33,9037.358901,-100.0,-0.7939491345934265,0
-5.810979,37,9037.985677,-100.0,-0.7264188679966914,0
-5.869596,34,9038.567386,-100.0,-0.7497496807164952,0
-5.820638,33,9039.128764,-100.0,-0.7024135602055814,0
-5.707942,34,9039.708016,-100.0,-0.7221812058449985,0
-5.667546,33,9040.260542,-100.0,-0.7829159152712916,0
-5.70353,33,9040.828041,-100.0,-0.5365655161664009,0
-5.924938,33,9041.384052,-100.0,-0.6602409749876736,0
-5.556677,32,9041.933117,-100.0,-0.8450695320359013,0
-5.742261,33,9042.484065,-100.0,-0.7102769752833096,0
-5.817967,33,9043.051571,-100.0,-0.6747120641051696,0
-5.634914,33,9043.60493,-100.0,-0.6863976676037028,0
-5.784104,33,9044.17233,-100.0,-0.7718359726612576,0
-6.271543,39,9044.836744,-100.0,-0.6919369970612228,0
-5.566326,32,9045.374571,-100.0,-0.834959978419474,0
-6.155818,36,9045.989268,-100.0,-0.8123980059485741,0
-5.661498,34,9046.568254,-100.0,-0.7011339331408162,0
-5.44356,34,9047.161873,-100.0,-0.7718095837073826,0
-5.476655,33,9047.716559,-100.0,-0.8056547294631674,0
-5.689546,36,9048.329023,-100.0,-0.8052494819199479,0
-5.962499,35,9049.12069,-100.0,-0.7031841970603805,0
-5.798584,33,9049.682774,-100.0,-0.768314322363186,0
-5.815803,33,9050.242322,-100.0,-0.706194953030062,0
-6.026935,33,9050.805384,-100.0,-0.6537522068909327,0
-5.795112,43,9051.529473,-100.0,-0.7066836531061833,0
-5.929809,35,9052.131183,-100.0,-0.703145487292807,0
-5.864735,33,9052.680232,-100.0,-0.643107807857934,0
-5.920243,39,9053.351529,-100.0,-0.7244729683805728,0
-5.907052,41,9054.047338,-100.0,-0.7187977525648963,0
-5.845284,35,9171.489957,-100.0,-0.712635988183634,0
-5.294847,33,9172.05681,-100.0,-0.7896591340423822,0
-5.766347,33,9172.615849,-100.0,-0.7095711068689493,0
-6.080848,43,9173.353826,-100.0,-0.6726861687105116,0
-5.621722,33,9173.912502,-100.0,-0.7016723451785265,0
-5.51999,32,9174.459649,-100.0,-0.7390459686933145,0
-5.639826,37,9175.088532,-100.0,-0.7682284981823942,0
-5.924905,34,9175.662349,-100.0,-0.655835865602799,0
-5.378055,34,9176.239184,-100.0,-0.8311021163486535,0
-5.706159,33,9176.814809,-100.0,-0.6905239063680196,0
-5.84725,34,9177.392044,-100.0,-0.6614454899410668,0
-5.495961,33,9177.946739,-100.0,-0.7487146475244657,0
-5.316079,33,9178.520153,-100.0,-0.7699956422485758,0
-5.765939,34,9179.106177,-100.0,-0.6422582227364153,0
-5.587995,33,9179.672353,-100.0,-0.7169121177240882,0
-5.629965,32,9180.211128,-100.0,-0.8250288348784409,0
-5.339841,32,9180.754456,-100.0,-0.8314122322264346,0
-5.788764,31,9181.280597,-100.0,-0.7954848275860157,0
-5.880002,34,9181.849874,-100.0,-0.6145495582560337,0
-5.457912,33,9182.422121,-100.0,-0.8869907112939174,0
-5.976466,35,9183.012429,-100.0,-0.7211882285174221,0
-6.213904,34,9183.598064,-100.0,-0.6100248419316002,0
-5.381456,33,9184.167778,-100.0,-0.8345956361155936,0
-5.473695,33,9184.726427,-100.0,-0.8107485399452936,0
-6.142934,44,9185.504941,-100.0,-0.6152093261556718,0
-5.500526,32,9186.047204,-100.0,-0.7298065934641697,0
-5.714808,37,9186.661209,-100.0,-0.7657885344640366,0
-5.654254,34,9187.248957,-100.0,-0.7672145100659367,0
-5.704254,33,9187.809485,-100.0,-0.6747800098041694,0
-5.552325,32,9188.361971,-100.0,-0.7776224552826285,0
-5.588353,35,9188.959281,-100.0,-0.7641281224600633,0
-5.66616,33,9189.515888,-100.0,-0.678768255631473,0
-5.570685,33,9190.073306,-100.0,-0.7205809418579092,0
-5.232956,32,9190.624685,-100.0,-0.889175544747941,0
-5.619609,39,9191.276538,-100.0,-0.7253793547569082,0
-5.757717,34,9191.860348,-100.0,-0.7077025756281642,0
-5.528876,33,9192.420151,-100.0,-0.82904069392073,0
-5.661314,39,9193.109449,-100.0,-0.7072113419917547,0
-6.038338,34,9193.684498,-100.0,-0.7004947544433265,0
-5.354562,32,9194.22361,-100.0,-0.7930873133508504,0
-5.328914,33,9194.797375,-100.0,-0.864011628115679,0
-5.783473,32,9195.336023,-100.0,-0.7218496478290916,0
-5.589196,34,9195.918805,-100.0,-0.8507952595750523,0
-5.633152,40,9196.600081,-100.0,-0.7125394069107863,0
-5.378142,32,9197.152768,-100.0,-0.8136260125867573,0
-5.397485,32,9197.684175,-100.0,-0.7995197992137902,0
-5.807952,34,9198.266022,-100.0,-0.689824045575213,0
-5.426628,32,9198.815869,-100.0,-0.8048522762087393,0
-5.641105,34,9199.392976,-100.0,-0.7447822016198109,0
-5.810182,40,9200.071366,-100.0,-0.788885781094379,0
-5.929038,34,9200.653317,-100.0,-0.6562273239009286,0
-6.03015,34,9201.24025,-100.0,-0.7063540011711096,0
-5.908396,36,9201.859359,-100.0,-0.6649330610509144,0
-5.464684,33,9202.419912,-100.0,-0.7432346227657747,0
-5.835742,33,9202.989322,-100.0,-0.7277874702261722,0
-5.751158,34,9203.557122,-100.0,-0.6566054627546173,0
-5.878469,33,9204.122255,-100.0,-0.6375206958993651,0
-5.581772,33,9204.684512,-100.0,-0.7992179919114277,0
-5.67437,33,9205.257106,-100.0,-0.7879995636250603,0
-5.516511,33,9205.808218,-100.0,-0.7700021741856008,0
-5.792081,33,9323.398968,-100.0,-0.6549086798998425,0
-5.653671,34,9323.976754,-100.0,-0.6716925784270646,0
-5.805717,33,9324.544327,-100.0,-0.723210704615899,0
-5.514804,34,9325.138338,-100.0,-0.7597818307426368,0
-5.770626,33,9325.696441,-100.0,-0.6538641790099816,0
-5.565722,33,9326.254195,-100.0,-0.714158175330205,0
-5.972075,34,9326.833659,-100.0,-0.6514834539429423,0
-5.302911,33,9327.40358,-100.0,-0.867429873023395,0
-5.317055,33,9327.976192,-100.0,-0.7984824662862406,0
-5.807915,34,9328.561013,-100.0,-0.733607290079946,0
-5.307556,33,9329.120988,-100.0,-0.7951274772762398,0
-5.282112,33,9329.680256,-100.0,-0.8192746748718199,0
-5.811017,33,9330.243108,-100.0,-0.6149898971011304,0
-5.427877,33,9330.810935,-100.0,-0.8307843130789937,0
-5.846205,34,9331.388134,-100.0,-0.6588995071030457,0
-5.731708,34,9331.970012,-100.0,-0.7607266877145126,0
-5.739158,33,9332.539686,-100.0,-0.727086134240831,0
-5.400889,33,9333.108116,-100.0,-0.7734830208750263,0
-5.344193,33,9333.66993,-100.0,-0.8209792885812994,0
-5.721172,33,9334.236327,-100.0,-0.6934888889250153,0
-5.436994,34,9334.821839,-100.0,-0.7976712346382674,0
-5.782709,35,9335.411282,-100.0,-0.7529988430891561,0
-5.836742,34,9335.993421,-100.0,-0.6559299272910701,0
-5.842574,34,9336.567973,-100.0,-0.7055330473913961,0
-5.723866,33,9337.13652,-100.0,-0.6748792410993618,0
-5.627672,33,9337.696808,-100.0,-0.7869168378141297,0
-5.6342,33,9338.267315,-100.0,-0.7440255570956694,0
-5.785985,33,9338.834338,-100.0,-0.7120675807117696,0
-5.81775,38,9339.483278,-100.0,-0.7053167503314944,0
-5.51814,33,9340.043346,-100.0,-0.7957655773273906,0
-5.780282,33,9340.603066,-100.0,-0.6904761835707428,0
-5.88645,40,9341.27791,-100.0,-0.6044838441671944,0
-5.794097,33,9341.847291,-100.0,-0.7091008465416098,0
-5.659221,33,9342.41316,-100.0,-0.778622696671076,0
-5.34641,32,9342.967407,-100.0,-0.8242906273062489,0
-5.766389,36,9343.579238,-100.0,-0.7255150014227862,0
-5.665634,33,9344.14918,-100.0,-0.7094094646104596,0
-6.141464,36,9344.769435,-100.0,-0.8400145048049552,0
-5.354166,33,9345.33221,-100.0,-0.8152093099884811,0
-5.725299,34,9345.916671,-100.0,-0.6210383969426769,0
-5.530725,34,9346.482394,-100.0,-0.7485401880378773,0
-5.990082,33,9347.046632,-100.0,-0.6467768328548006,0
-5.821998,33,9347.608172,-100.0,-0.7107708181580005,0
-5.732061,33,9348.174012,-100.0,-0.6049622286076115,0
-5.207733,32,9348.731005,-100.0,-0.861800857462763,0
-5.45108,34,9349.31502,-100.0,-0.7282022942781531,0
-5.42431,33,9349.873716,-100.0,-0.8496410122843785,0
-6.077493,35,9350.471589,-100.0,-0.7103454473582411,0
-5.985432,33,9351.026311,-100.0,-0.6767391017098717,0
-6.093929,36,9351.645553,-100.0,-0.6955860379501292,0
-5.35025,32,9352.195651,-100.0,-0.9023315862841794,0
-5.606525,34,9352.771784,-100.0,-0.7572448557721406,0
-5.829855,33,9353.333893,-100.0,-0.6410345244260272,0
-6.135641,35,9353.929426,-100.0,-0.6317118427100687,0
-5.663604,33,9354.501205,-100.0,-0.7145286969962341,0
-5.325305,33,9355.074065,-100.0,-0.8116838666388816,0
-5.652607,32,9355.613265,-100.0,-0.7842550004190935,0
-5.502203,33,9356.17842,-100.0,-0.7563473842113992,0
-5.467573,35,9356.772985,-100.0,-0.8521678157198371,0
-5.323697,32,9357.314191,-100.0,-0.8817313497557624,0
-5.329199,33,9357.870076,-100.0,-0.8062673146224035,0
-5.583099,33,9473.334989,-100.0,-0.7264124978564149,0
-6.016499,35,9473.935646,-100.0,-0.6663712250136316,0
-5.666878,32,9474.478204,-100.0,-0.7478910800447619,0
-5.427346,40,9475.170959,-100.0,-0.8264570642991881,0
-5.898337,34,9475.745399,-100.0,-0.6917823888440722,0
-5.410179,33,9476.315082,-100.0,-0.8180932100854816,0
-5.766954,34,9476.903729,-100.0,-0.6998921790727375,0
-5.240859,32,9477.449893,-100.0,-0.8156464544639994,0
-5.676022,33,9478.008016,-100.0,-0.7318985572143685,0
-5.771689,33,9478.576237,-100.0,-0.7059193133078451,0
-5.581032,35,9479.185565,-100.0,-0.7208867859854708,0
-5.699612,32,9479.721644,-100.0,-0.707929490503092,0
-5.597668,33,9480.286213,-100.0,-0.7256804287708118,0
-5.740502,33,9480.850602,-100.0,-0.6812938981714879,0
-5.807023,34,9481.436657,-100.0,-0.6644555331253095,0
-5.415529,32,9481.971637,-100.0,-0.8497319590889387,0
-5.473423,32,9482.511105,-100.0,-0.8091282988430746,0
-5.618564,33,9483.065351,-100.0,-0.7579600605282473,0
-5.191232,33,9483.634359,-100.0,-0.7858694693597406,0
-5.295716,33,9484.195634,-100.0,-0.8029359823089653,0
-5.369554,32,9484.739889,-100.0,-0.8335975862722829,0
-5.946542,34,9485.310761,-100.0,-0.6830629766613309,0
-5.441919,32,9485.871146,-100.0,-0.8216748282733757,0
-5.709146,39,9486.547245,-100.0,-0.7218223157433197,0
-5.622554,33,9487.113952,-100.0,-0.672134320151067,0
-5.646559,34,9487.691212,-100.0,-0.7370631409699041,0
-5.613758,34,9488.266979,-100.0,-0.6951777758908916,0
-5.734058,33,9488.828926,-100.0,-0.6751419822962585,0
-5.685966,33,9489.391032,-100.0,-0.708163903392916,0
-5.826133,34,9489.976762,-100.0,-0.7321831203090249,0
-5.333115,32,9490.517355,-100.0,-0.8181253239997015,0
-5.474237,33,9491.082284,-100.0,-0.702480286312474,0
-5.50982,33,9491.651254,-100.0,-0.807886501130836,0
-5.637121,32,9492.197779,-100.0,-0.7606122212895239,0
-5.644231,33,9492.768999,-100.0,-0.7910275827426895,0
-5.426265,33,9493.332067,-100.0,-0.8021665171956388,0
-6.000754,34,9493.91246,-100.0,-0.7520857408642287,0
-5.597623,33,9494.474037,-100.0,-0.8231768841546302,0
-5.350613,33,9495.035503,-100.0,-0.863608530257233,0
-5.465522,33,9495.584535,-100.0,-0.7836169933576976,0
-5.525882,33,9496.155523,-100.0,-0.7668239063505659,0
-5.545657,34,9496.738107,-100.0,-0.7992534842589785,0
-5.284071,32,9497.272925,-100.0,-0.8552143534248675,0
-5.396326,33,9498.040339,-100.0,-0.7714025923749056,0
-5.709638,34,9498.620399,-100.0,-0.6808848025502037,0
-5.562447,33,9499.193139,-100.0,-0.7696012467265287,0
-5.990324,33,9499.757731,-100.0,-0.6864178717727757,0
-5.461308,32,9500.295414,-100.0,-0.7525972520408309,0
-5.580205,32,9500.843828,-100.0,-0.7975880437364943,0
-5.51838,32,9501.394209,-100.0,-0.8334756418138584,0
-5.830954,34,9501.977835,-100.0,-0.7378877877636384,0
-5.825986,33,9502.541232,-100.0,-0.717105611235348,0
-5.470961,33,9503.112284,-100.0,-0.8191658783294801,0
-5.440449,32,9503.636649,-100.0,-0.8405321046767341,0
-6.002573,33,9504.203655,-100.0,-0.6886941941334059,0
-6.220366,38,9504.852931,-100.0,-0.6620752935614816,0
-5.27891,34,9505.438716,-100.0,-0.7948205220828932,0
-5.388541,34,9506.028735,-100.0,-0.8215972043900126,0
-5.514088,33,9506.584825,-100.0,-0.7808315885112713,0
-5.864302,33,9507.154767,-100.0,-0.6728305508688158,0
-6.025382,36,9507.766527,-100.0,-0.6711461317354684,0
-5.297084,33,9624.587385,-100.0,-0.8264173364816373,0
-5.375574,33,9625.151309,-100.0,-0.7032430603427116,0
-5.55086,33,9625.711011,-100.0,-0.7291607838487199,0
-5.253196,32,9626.241619,-100.0,-0.782343786013839,0
-6.329497,36,9626.868549,-100.0,-0.7203289967060985,0
-5.809169,34,9627.443908,-100.0,-0.6785898392467021,0
-5.676792,33,9628.015945,-100.0,-0.6742502746239396,0
-5.321161,33,9628.586572,-100.0,-0.8105632048326006,0
-5.448583,34,9629.16095,-100.0,-0.8024086559436583,0
-5.591845,34,9629.742383,-100.0,-0.7198538132130393,0
-5.886006,33,9630.307042,-100.0,-0.745596112104425,0
-5.666269,33,9630.870262,-100.0,-0.6135867322893997,0
-5.586712,33,9631.432339,-100.0,-0.7249811881888444,0
-5.570885,34,9632.016562,-100.0,-0.6847577527954658,0
-5.747046,33,9632.57489,-100.0,-0.7188136043687822,0
-5.207823,32,9633.126374,-100.0,-0.9001030033589286,0
-5.505083,35,9633.718987,-100.0,-0.7623555023010874,0
-5.778939,34,9634.307347,-100.0,-0.7613209616381578,0
-5.914563,34,9634.896216,-100.0,-0.6207923359696924,0
-5.647568,33,9635.460251,-100.0,-0.6833541736234243,0
-5.699961,33,9636.02095,-100.0,-0.6395028517275287,0
-5.697431,33,9636.574502,-100.0,-0.6536050266729341,0
-5.874077,35,9637.169588,-100.0,-0.754740216635183,0
-5.462798,33,9637.730985,-100.0,-0.8422817785736642,0
-5.658473,33,9638.29743,-100.0,-0.7114639795246562,0
-5.656732,33,9638.859339,-100.0,-0.7144345998524265,0
-5.814669,34,9639.440048,-100.0,-0.6601447406327724,0
-5.952014,34,9640.017187,-100.0,-0.645997982179643,0
-5.529769,33,9640.581478,-100.0,-0.7296215312571268,0
-5.232616,32,9641.129054,-100.0,-0.8550000852934188,0
-5.348043,33,9641.697863,-100.0,-0.8264438690575181,0
-5.656482,33,9642.262201,-100.0,-0.7063410895307597,0
-5.732039,34,9642.836781,-100.0,-0.6786476800261689,0
-5.626912,33,9643.403822,-100.0,-0.6759182099824452,0
-5.571024,34,9643.983391,-100.0,-0.7605091185743293,0
-5.723656,33,9644.540854,-100.0,-0.7114930761803558,0
-5.953359,33,9645.093734,-100.0,-0.6314916986825677,0
-5.666873,33,9645.667166,-100.0,-0.6920684886062014,0
-5.839293,33,9646.228648,-100.0,-0.7156650963477895,0
-5.21768,32,9646.766258,-100.0,-0.8439185724290537,0
-5.702161,35,9647.369927,-100.0,-0.7471025307086185,0
-5.652565,39,9648.032203,-100.0,-0.7171852836917275,0
-5.716045,33,9648.59082,-100.0,-0.6745421436036634,0
-5.845904,34,9649.182036,-100.0,-0.6847971617478292,0
-5.324695,35,9649.773896,-100.0,-0.85550515071484,0
-5.375054,32,9650.31683,-100.0,-0.8002285164661554,0
-5.102491,32,9650.861551,-100.0,-0.8524075364532047,0
-5.543474,33,9651.428102,-100.0,-0.7515774694514081,0
-5.566734,32,9651.963515,-100.0,-0.8015800828664561,0
-5.526135,33,9652.531606,-100.0,-0.6968270095227143,0
-5.959729,34,9653.112869,-100.0,-0.6624391465410938,0
-5.449929,32,9653.65824,-100.0,-0.835383660006211,0
-5.960732,34,9654.235269,-100.0,-0.7363595533221023,0
-6.11398,41,9654.943532,-100.0,-0.715581736301836,0
-5.574142,35,9655.541889,-100.0,-0.8372218897939713,0
-5.573513,33,9656.099805,-100.0,-0.753439858829623,0
-5.517944,34,9656.688915,-100.0,-0.7280051853441861,0
-5.616873,33,9657.247036,-100.0,-0.7469168485609566,0
-6.002053,33,9657.811577,-100.0,-0.7021113154044318,0
-5.355496,33,9658.376322,-100.0,-0.7657303882553089,0
-5.352927,33,9658.945278,-100.0,-0.8424246923281463,0
-5.577624,33,9773.721151,-100.0,-0.6464860253324365,0
-5.380819,33,9774.28377,-100.0,-0.8171805374669208,0
-5.446919,32,9774.83199,-100.0,-0.8187688789655829,0
-5.641262,34,9775.415715,-100.0,-0.6472961678325857,0
-5.401539,34,9775.995008,-100.0,-0.7580013171748428,0
-5.626251,33,9776.560987,-100.0,-0.7101841769883713,0
-5.629312,33,9777.126435,-100.0,-0.7445647922767952,0
-5.623881,33,9777.675987,-100.0,-0.6562777031393225,0
-5.873717,34,9778.265475,-100.0,-0.652714985102842,0
-5.7332,39,9778.927695,-100.0,-0.6730777927943619,0
-5.710535,33,9779.490294,-100.0,-0.7006812756561123,0
-6.124758,35,9780.085342,-100.0,-0.6210445975213137,0
-5.721031,33,9780.650011,-100.0,-0.714826781805628,0
-5.272636,33,9781.209229,-100.0,-0.7545145918246294,0
-5.494485,34,9781.800084,-100.0,-0.7506998655812815,0
-5.337307,33,9782.362843,-100.0,-0.7922668063275783,0
-5.358869,33,9782.919781,-100.0,-0.7950478917787861,0
-5.840135,33,9783.491797,-100.0,-0.6909400319210716,0
-5.720771,33,9784.052047,-100.0,-0.6676196385598164,0
-5.446196,33,9784.619591,-100.0,-0.7324973372027462,0
-5.663497,34,9785.194506,-100.0,-0.7241456119476446,0
-5.837918,34,9785.777737,-100.0,-0.7054220738998564,0
-6.229135,36,9786.395291,-100.0,-0.661479527125912,0
-5.473854,33,9786.957253,-100.0,-0.7401233596686656,0
-5.179761,33,9787.529866,-100.0,-0.7892534097756805,0
-5.924033,34,9788.110199,-100.0,-0.7163499168526207,0
-5.281391,33,9788.67544,-100.0,-0.7834781771405981,0
-6.009017,53,9789.592894,-100.0,-0.9212599380428483,0
-5.283572,33,9790.157624,-100.0,-0.7548979669662145,0
-5.655472,34,9790.739675,-100.0,-0.6953969643317476,0
-5.475449,33,9791.301908,-100.0,-0.7603573178047317,0
-5.756114,35,9791.892711,-100.0,-0.6715757794090617,0
-6.224129,45,9792.660268,-100.0,-0.6973332733786166,0
-5.750842,34,9793.240107,-100.0,-0.6942753331348555,0
-5.481747,33,9793.815629,-100.0,-0.7830854833562579,0
-5.177749,33,9794.380493,-100.0,-0.8866280532697746,0
-5.95087,33,9794.945971,-100.0,-0.6877138697665781,0
-5.541527,33,9795.5211,-100.0,-0.7035312622267003,0
-5.432123,34,9796.105098,-100.0,-0.7425334739530234,0
-5.341903,33,9796.667658,-100.0,-0.7655338346564073,0
-5.57219,33,9797.228188,-100.0,-0.6992850260819639,0
-5.656166,33,9797.79816,-100.0,-0.7078520343299244,0
-5.848401,34,9798.376022,-100.0,-0.6691744959380853,0
-5.720838,34,9798.957427,-100.0,-0.7028759096486359,0
-5.243728,32,9799.508116,-100.0,-0.8673888861920978,0
-5.83512,33,9800.074429,-100.0,-0.6689184960476074,0
-5.50168,32,9800.620981,-100.0,-0.7988481983303909,0
-5.761794,34,9801.203473,-100.0,-0.6612585992226708,0
-5.489503,34,9801.78569,-100.0,-0.7866918261133136,0
-5.446047,34,9802.368331,-100.0,-0.6334494765600504,0
-5.511873,33,9802.941278,-100.0,-0.7738488157392136,0
-5.725893,34,9803.514959,-100.0,-0.6912854256868636,0
-5.380407,33,9804.082672,-100.0,-0.7692726204954202,0
-5.857355,34,9804.661942,-100.0,-0.6555340281376663,0
-5.305772,33,9805.22288,-100.0,-0.7302466881339154,0
-5.335416,33,9805.776814,-100.0,-0.7676351679536463,0
-5.312594,33,9806.344333,-100.0,-0.8018434264507106,0
-5.784569,35,9806.936169,-100.0,-0.707087319404597,0
-5.248528,33,9807.496749,-100.0,-0.8628244112661582,0
-5.48883,32,9808.047283,-100.0,-0.8197688988618433,0
-5.74561,33,9924.83023,-100.0,-0.6399647850826647,0
-5.583399,32,9925.38002,-100.0,-0.7902171342566143,0
-5.573791,33,9925.940701,-100.0,-0.664283262902872,0
-5.368001,33,9926.501313,-100.0,-0.7135087926222488,0
-5.555397,32,9927.054403,-100.0,-0.7506217033075728,0
-5.582818,33,9927.621437,-100.0,-0.8012610626136549,0
-5.423011,33,9928.197521,-100.0,-0.6774694496371048,0
-5.987637,34,9928.77968,-100.0,-0.6831584914211252,0
-5.845382,34,9929.362202,-100.0,-0.6309370157563501,0
-5.442529,33,9929.916368,-100.0,-0.7136917121611341,0
-5.525876,34,9930.507236,-100.0,-0.7118435981253585,0
-5.444702,33,9931.065929,-100.0,-0.8046026356374476,0
-5.407098,33,9931.638427,-100.0,-0.8049426777295039,0
-5.385326,33,9932.208963,-100.0,-0.8348879001959549,0
-5.420436,37,9932.843017,-100.0,-0.7913520865189112,0
-6.063589,35,9933.445658,-100.0,-0.6517859070372471,0
-5.798785,38,9934.082372,-100.0,-0.7734737642343603,0
-5.400152,33,9934.653331,-100.0,-0.7905892744269191,0
-6.096157,35,9935.250162,-100.0,-0.6840303505084826,0
-5.478853,35,9935.849741,-100.0,-0.8926351569907032,0
-5.514488,33,9936.414743,-100.0,-0.7160778444742523,0
-5.77094,33,9936.980481,-100.0,-0.6844407812991363,0
-5.86077,33,9937.543237,-100.0,-0.65053947107469,0
-5.349562,33,9938.112112,-100.0,-0.8472275551452542,0
-5.272256,33,9938.67819,-100.0,-0.7504824638505532,0
-5.313099,33,9939.247566,-100.0,-0.7190800082609186,0
-5.802666,39,9939.927856,-100.0,-0.6695033189230627,0
-5.774747,33,9940.492841,-100.0,-0.6545494632888208,0
-5.493688,33,9941.062591,-100.0,-0.7864757194327643,0
-5.906758,35,9941.65877,-100.0,-0.5980946186350334,0
-5.248546,32,9942.199997,-100.0,-0.8568997435469117,0
-5.729013,34,9942.782631,-100.0,-0.6656881963612146,0
-5.621343,33,9943.354395,-100.0,-0.6988493469067679,0
-5.429493,32,9943.896396,-100.0,-0.8124630012193415,0
-5.860494,34,9944.673932,-100.0,-0.6403193421511753,0
-5.72928,33,9945.23318,-100.0,-0.7088195480992563,0
-5.204122,32,9945.785392,-100.0,-0.8148206798757541,0
-5.930054,34,9946.371207,-100.0,-0.7027575273636699,0
-5.469161,33,9946.935381,-100.0,-0.7613001981770594,0
-5.587484,33,9947.501645,-100.0,-0.716387858582271,0
-5.499012,34,9948.079837,-100.0,-0.7717130380547992,0
-5.54852,35,9948.692895,-100.0,-0.7735908265969841,0
-5.697585,33,9949.253144,-100.0,-0.6069202440999143,0
-5.876176,39,9949.913975,-100.0,-0.6682925007676348,0
-5.191984,32,9950.462057,-100.0,-0.8464830099333569,0
-5.376577,33,9951.028852,-100.0,-0.7925167082366249,0
-5.789659,33,9951.598135,-100.0,-0.6438865925755061,0
-5.512292,33,9952.158773,-100.0,-0.7267883929449378,0
-5.825154,33,9952.728924,-100.0,-0.6900035158785396,0
-5.72174,36,9953.349165,-100.0,-0.6806924204805295,0
-5.507229,33,9953.922867,-100.0,-0.7514749997115197,0
-5.393588,32,9954.453198,-100.0,-0.7658575422651481,0
-5.619467,34,9955.045336,-100.0,-0.7331853037152541,0
-5.563589,33,9955.605596,-100.0,-0.6927451479929344,0
-5.496807,33,9956.181521,-100.0,-0.6826597916003797,0
-5.878215,33,9956.742692,-100.0,-0.703482623971476,0
-5.934534,35,9957.34728,-100.0,-0.6900421906050012,0
-5.532401,34,9957.920443,-100.0,-0.7315167933971086,0
-5.532871,33,9958.49093,-100.0,-0.7523259303334664,0
-5.729018,34,9959.06516,-100.0,-0.7565963018810345,0
-5.815899,34,9959.649236,-100.0,-0.6768399332364365,0
-5.798877,35,10078.270108,-100.0,-0.6191666519127025,0
-5.539707,34,10078.84049,-100.0,-0.712799113484763,0
-5.217719,33,10079.411748,-100.0,-0.8342762482929574,0
-5.79276,33,10079.970512,-100.0,-0.6798537074091819,0
-5.452725,34,10080.552443,-100.0,-0.7867405445750196,0
-5.680478,34,10081.130212,-100.0,-0.7046891903171596,0
-5.509286,33,10081.701234,-100.0,-0.7641907275372204,0
-5.7755,34,10082.277846,-100.0,-0.6643275619601535,0
-5.637774,33,10082.835585,-100.0,-0.6619596113265608,0
-5.526611,33,10083.402117,-100.0,-0.6805746393233326,0
-5.500627,34,10083.980348,-100.0,-0.7071342423915105,0
-5.526474,35,10084.569251,-100.0,-0.7606891399045459,0
-5.617402,34,10085.147734,-100.0,-0.7097266937171377,0
-5.362726,33,10085.716657,-100.0,-0.7446123767608975,0
-5.529357,33,10086.273596,-100.0,-0.7556926987927909,0
-5.891887,44,10087.022345,-100.0,-0.7412716272132718,0
-5.895952,35,10087.613259,-100.0,-0.6239604272517033,0
-5.456115,33,10088.170224,-100.0,-0.8302144759892157,0
-5.367389,33,10088.735297,-100.0,-0.7430537150327716,0
-5.976834,39,10089.404293,-100.0,-0.6736167559235612,0
-5.533573,34,10089.985781,-100.0,-0.7584530485758689,0
-5.723591,33,10090.540662,-100.0,-0.7339529425554014,0
-5.337023,36,10091.154171,-100.0,-0.7403058341019119,0
-6.374528,38,10091.801647,-100.0,-0.6621964572117727,0
-5.239694,33,10092.354499,-100.0,-0.8796638178314848,0
-5.736493,34,10092.929819,-100.0,-0.6968204095623809,0
-5.6904,33,10093.496683,-100.0,-0.6334038343882301,0
-5.49206,33,10094.06113,-100.0,-0.7617562478423537,0
-5.645204,34,10094.642264,-100.0,-0.7722643519508005,0
-5.269266,33,10095.205307,-100.0,-0.7869045760868318,0
-5.823375,34,10095.783037,-100.0,-0.6433558171501632,0
-5.304982,33,10096.342464,-100.0,-0.8603134132662473,0
-5.484051,35,10096.953075,-100.0,-0.7035818329172179,0
-5.428505,41,10097.66842,-100.0,-0.7873583264666466,0
-5.836928,35,10098.253525,-100.0,-0.700743943214558,0
-5.841905,36,10098.876657,-100.0,-0.6719955626795289,0
-5.761332,34,10099.453694,-100.0,-0.6559343851761436,0
-5.273032,33,10100.015884,-100.0,-0.8032016308460423,0
-5.693999,34,10100.595647,-100.0,-0.6342323240057023,0
-5.573586,33,10101.161644,-100.0,-0.7360170413034013,0
-5.323269,33,10101.72619,-100.0,-0.7520725592965898,0
-5.473188,34,10102.306626,-100.0,-0.7558411759329928,0
-5.460931,33,10102.87251,-100.0,-0.7341416342180876,0
-5.489197,33,10103.42499,-100.0,-0.663912875356481,0
-5.54511,34,10104.007705,-100.0,-0.7400926488362143,0
-5.846916,34,10104.578867,-100.0,-0.6860665778833496,0
-5.781289,33,10105.146425,-100.0,-0.6781998894872067,0
-5.750102,40,10105.827182,-100.0,-0.6886706761628171,0
-5.885425,34,10106.404939,-100.0,-0.6285399568884865,0
-5.570556,33,10106.965329,-100.0,-0.7334265021357951,0
-5.795988,34,10107.554826,-100.0,-0.6948829024578045,0
-5.56898,34,10108.140805,-100.0,-0.6722446862303229,0
-5.735336,33,10108.706285,-100.0,-0.69432882325509,0
-5.577491,33,10109.271802,-100.0,-0.7585361903511466,0
-5.758178,36,10109.874835,-100.0,-0.7943223178207287,0
-5.565976,33,10110.442318,-100.0,-0.697535358525253,0
-5.622494,33,10110.996183,-100.0,-0.7495186769351337,0
-5.977835,34,10111.578654,-100.0,-0.7475389217372945,0
-5.312135,32,10112.124599,-100.0,-0.831374633782722,0
-5.431569,34,10112.709895,-100.0,-0.7580259909240393,0
-5.566222,34,10215.423273,-100.0,-0.6413878613818199,0
-5.75847,34,10215.996808,-100.0,-0.656910378214684,0
-5.471045,32,10216.549002,-100.0,-0.7812497230073928,0
-5.327959,36,10217.151251,-100.0,-0.8039230725165867,0
-5.826878,34,10217.737397,-100.0,-0.6938460117287439,0
-5.917417,34,10218.324641,-100.0,-0.6635133004493563,0
-5.563773,41,10219.01927,-100.0,-0.8025885574356229,0
-5.627504,35,10219.620588,-100.0,-0.7532652467211967,0
-5.714829,34,10220.193468,-100.0,-0.6419192554788119,0
-5.841315,35,10220.794434,-100.0,-0.6354558790592978,0
-5.891255,35,10221.385539,-100.0,-0.6861617130350179,0
-5.652985,34,10221.973421,-100.0,-0.6811048440663185,0
-5.622812,33,10222.541263,-100.0,-0.7183893363278832,0
-5.727588,33,10223.107567,-100.0,-0.7390327593285552,0
-5.916788,33,10223.661426,-100.0,-0.7010301524118451,0
-5.895529,39,10224.328966,-100.0,-0.6875496864184041,0
-5.749627,34,10224.917471,-100.0,-0.6582961850285068,0
-5.882248,35,10225.497585,-100.0,-0.6950812955544318,0
-5.577589,33,10226.068659,-100.0,-0.7592989711520084,0
-5.598467,36,10226.668247,-100.0,-0.7631508965916758,0
-5.55732,34,10227.256798,-100.0,-0.7050086648189282,0
-5.076032,34,10227.839041,-100.0,-0.8224918690272018,0
-5.500976,33,10228.410926,-100.0,-0.7324037190668328,0
-5.344665,32,10228.958942,-100.0,-0.8171123703301398,0
-5.632041,34,10229.537161,-100.0,-0.6386961694327865,0
-5.330096,34,10230.112897,-100.0,-0.7205195928259427,0
-5.857214,34,10230.691653,-100.0,-0.6647952022673088,0
-5.324587,33,10231.259642,-100.0,-0.8062369616433636,0
-5.698935,34,10231.837056,-100.0,-0.6502229628233676,0
-5.585649,33,10232.40976,-100.0,-0.7464976514532835,0
-5.344748,33,10232.974815,-100.0,-0.717505829997706,0
-5.452261,34,10233.548585,-100.0,-0.7573515047818921,0
-5.95432,33,10234.113444,-100.0,-0.6752934427574181,0
-5.749111,34,10234.696415,-100.0,-0.5875376604076487,0
-5.551289,34,10235.280342,-100.0,-0.6828446174877303,0
-5.436573,33,10235.840593,-100.0,-0.722864811297828,0
-5.380804,35,10236.448659,-100.0,-0.8034034075312502,0
-5.436563,33,10237.016186,-100.0,-0.8016691688060935,0
-5.89833,47,10237.796196,-100.0,-0.8124434433488961,0
-5.537184,33,10238.366184,-100.0,-0.6974068901658501,0
-5.752301,36,10238.979362,-100.0,-0.659344068542767,0
-5.776153,34,10239.563276,-100.0,-0.6919929863156469,0
-5.172198,33,10240.12753,-100.0,-0.7919278846716986,0
-5.667215,34,10240.705454,-100.0,-0.6867795231235811,0
-5.697452,37,10241.331486,-100.0,-0.7607790432762016,0
-5.484376,33,10241.893794,-100.0,-0.7772104438499404,0
-5.641425,34,10242.480263,-100.0,-0.70743973609527,0
-5.489714,34,10243.064856,-100.0,-0.7955336972020669,0
-5.611134,34,10243.640111,-100.0,-0.700871167321407,0
-5.490305,32,10244.188854,-100.0,-0.8145722742497541,0
-5.413122,33,10244.74526,-100.0,-0.7355293981599732,0
-5.172905,34,10245.325597,-100.0,-0.8443660756214889,0
-5.594317,34,10245.908585,-100.0,-0.7449684704502076,0
-5.217195,32,10246.455506,-100.0,-0.8338545740392164,0
-5.760236,34,10247.044068,-100.0,-0.6957325261904274,0
-5.689977,33,10247.602333,-100.0,-0.6056211354115452,0
-5.486992,33,10248.168629,-100.0,-0.7728351067368961,0
-5.633743,34,10248.753299,-100.0,-0.6834995966616113,0
-5.711987,33,10249.316468,-100.0,-0.735996802108717,0
-5.6655,33,10249.890882,-100.0,-0.7484354267832392,0
-5.72385,34,10352.505306,-100.0,-0.6858602741064626,0
-5.783576,33,10353.075891,-100.0,-0.7113654894923007,0
-5.626048,33,10353.631314,-100.0,-0.688369305551001,0
-5.470453,34,10354.213226,-100.0,-0.6820932143726606,0
-5.773066,44,10354.936135,-100.0,-0.736918833414251,0
-5.18164,33,10355.500117,-100.0,-0.8270295950854039,0
-5.537277,33,10356.063366,-100.0,-0.7313632452150072,0
-5.496058,34,10356.646328,-100.0,-0.7866938330494861,0
-5.470407,33,10357.209321,-100.0,-0.7945974702748636,0
-5.577788,33,10357.779369,-100.0,-0.7162367006898754,0
-5.418967,33,10358.336777,-100.0,-0.7226071199160864,0
-5.636892,33,10358.906714,-100.0,-0.749571526317868,0
-5.853916,38,10359.547686,-100.0,-0.7298729426655783,0
-5.571052,33,10360.10271,-100.0,-0.707889698730243,0
-5.547907,33,10360.672357,-100.0,-0.6957919027343795,0
-5.492321,33,10361.233225,-100.0,-0.7904526368267036,0
-5.504847,33,10361.800054,-100.0,-0.7324382794871792,0
-6.042029,34,10362.369889,-100.0,-0.6789605499923521,0
-5.606593,33,10362.930924,-100.0,-0.7121441207503532,0
-5.354967,33,10363.4898,-100.0,-0.7846745636160365,0
-5.43416,38,10364.126743,-100.0,-0.8523319910531773,0
-5.786957,33,10364.692119,-100.0,-0.6760799764791707,0
-5.602129,39,10365.357939,-100.0,-0.7342941830244039,0
-5.257523,33,10365.931604,-100.0,-0.7990741492797496,0
-5.64212,33,10366.691334,-100.0,-0.6669761020236942,0
-5.470768,33,10367.256271,-100.0,-0.7874869042677815,0
-5.503132,34,10367.843713,-100.0,-0.7721026803371306,0
-5.381441,32,10368.389169,-100.0,-0.8462144940474873,0
-5.776793,34,10368.972267,-100.0,-0.7174641703181727,0
-5.400871,33,10369.530549,-100.0,-0.7924382927241251,0
-5.506128,40,10370.221056,-100.0,-0.7888521327459233,0
-5.193654,33,10370.776966,-100.0,-0.8362656673189216,0
-5.81407,33,10371.341722,-100.0,-0.6671324353779764,0
-5.519981,33,10371.898807,-100.0,-0.7617701544428647,0
-5.509095,34,10372.474042,-100.0,-0.7683026952853383,0
-5.850062,33,10373.039324,-100.0,-0.6587055614006706,0
-5.557849,34,10373.603849,-100.0,-0.7250321827563435,0
-5.633655,33,10374.168713,-100.0,-0.6379976019067188,0
-6.188772,55,10375.136716,-100.0,-0.7268033820104016,0
-5.473669,37,10375.760066,-100.0,-0.7280826527622464,0
-5.763027,33,10376.323087,-100.0,-0.65822989572477,0
-5.463259,32,10376.877017,-100.0,-0.7352314981970592,0
-5.590383,33,10377.447886,-100.0,-0.6959715178397009,0
-5.699701,33,10378.011204,-100.0,-0.6756752573653904,0
-5.995405,34,10378.595023,-100.0,-0.6609602407932398,0
-6.004516,35,10379.189101,-100.0,-0.6200010749697477,0
-5.664795,39,10379.847078,-100.0,-0.646295651945216,0
-5.819777,34,10380.425857,-100.0,-0.6506530710734966,0
-5.293885,33,10380.986893,-100.0,-0.7911810105778371,0
-5.59339,33,10381.550818,-100.0,-0.7328705517631334,0
-5.570453,33,10382.109847,-100.0,-0.7399870730129454,0
-5.609539,33,10382.677496,-100.0,-0.7059620192794531,0
-5.684045,34,10383.246435,-100.0,-0.6860671464052602,0
-5.234483,32,10383.800355,-100.0,-0.8227106255455274,0
-5.732477,34,10384.376816,-100.0,-0.7015294544665284,0
-5.377139,32,10384.93152,-100.0,-0.8189008517797137,0
-5.575829,33,10385.488232,-100.0,-0.7326607461455753,0
-5.337037,32,10386.030325,-100.0,-0.837724366991491,0
-5.347084,33,10386.581273,-100.0,-0.7998963452364736,0
-5.314189,32,10387.129003,-100.0,-0.8316572927191527,0
-5.299603,33,10508.803688,-100.0,-0.7675971685006953,0
-5.535117,34,10509.389768,-100.0,-0.5904220896108786,0
-5.41723,33,10509.951605,-100.0,-0.8159773366136853,0
-5.697758,33,10510.519925,-100.0,-0.6895082060289831,0
-5.720286,33,10511.08095,-100.0,-0.723943361716759,0
-5.592906,33,10511.651853,-100.0,-0.758270024712032,0
-5.395566,39,10512.310811,-100.0,-0.7905778913420145,0
-5.198607,33,10512.881814,-100.0,-0.8098140382345651,0
-5.330748,33,10513.445258,-100.0,-0.7650636482342477,0
-5.50614,32,10513.995237,-100.0,-0.7916640883707801,0
-5.579827,34,10514.577145,-100.0,-0.6960315529621925,0
-5.855154,34,10515.16306,-100.0,-0.691833679129952,0
-5.651746,34,10515.728326,-100.0,-0.6358655696648793,0
-5.832548,35,10516.328829,-100.0,-0.7154899494321635,0
-5.417743,32,10516.879678,-100.0,-0.8308686634452663,0
-5.84052,33,10517.447911,-100.0,-0.7234378502040006,0
-5.521871,33,10518.019904,-100.0,-0.7298999218735684,0
-5.726955,33,10518.579688,-100.0,-0.7003000110920607,0
-5.41119,33,10519.152365,-100.0,-0.7732404134401738,0
-5.393838,33,10519.723085,-100.0,-0.7292675001470686,0
-5.04916,38,10520.348145,-100.0,-0.8387324128349769,0
-5.293674,33,10520.92036,-100.0,-0.8159459734027761,0
-5.433944,32,10521.47247,-100.0,-0.7774894232415497,0
-5.444012,33,10522.041999,-100.0,-0.6566121759682683,0
-5.195604,33,10522.60857,-100.0,-0.8026853387681607,0
-5.528326,33,10523.180129,-100.0,-0.7628754505314078,0
-5.306316,33,10523.743983,-100.0,-0.787679823517053,0
-5.69387,34,10524.323444,-100.0,-0.69964321521814,0
-5.456484,32,10524.87065,-100.0,-0.7984968207976457,0
-5.267707,32,10525.417837,-100.0,-0.8292043700633732,0
-5.499266,33,10525.97889,-100.0,-0.7869546048089271,0
-5.324943,33,10526.53936,-100.0,-0.7440978553869797,0
-5.724936,34,10527.113767,-100.0,-0.7259145443830277,0
-5.310533,33,10527.680563,-100.0,-0.8235809491885318,0
-5.74679,33,10528.25553,-100.0,-0.7045795393392151,0
-5.707176,33,10528.806971,-100.0,-0.6874308167427738,0
-5.533685,33,10529.37773,-100.0,-0.7040517350945008,0
-5.438944,34,10529.949674,-100.0,-0.8001541037265139,0
-5.353847,33,10530.511426,-100.0,-0.7683099871483035,0
-5.488038,33,10531.07528,-100.0,-0.72430900821457,0
-5.685528,33,10531.640259,-100.0,-0.6670164341567995,0
-5.49311,33,10532.214251,-100.0,-0.6832379566126436,0
-5.60136,33,10532.779649,-100.0,-0.6542609610901817,0
-5.579667,34,10533.355461,-100.0,-0.7128494778960943,0
-5.514082,34,10533.930897,-100.0,-0.7430030456202072,0
-5.725896,33,10534.496463,-100.0,-0.6792962503252222,0
-5.073977,32,10535.038903,-100.0,-0.835489678432428,0
-5.193546,32,10535.589216,-100.0,-0.8115325986529113,0
-5.407815,33,10536.154256,-100.0,-0.698610811787225,0
-5.332229,33,10536.727391,-100.0,-0.8141560374862046,0
-5.782405,40,10537.402147,-100.0,-0.7289478648644788,0
-5.429798,32,10537.943485,-100.0,-0.8709320031540695,0
-5.726877,34,10538.52165,-100.0,-0.6741098400685074,0
-5.230273,33,10539.079282,-100.0,-0.7404477904951684,0
-5.741106,32,10539.630669,-100.0,-0.813512593418019,0
-5.652826,34,10540.206531,-100.0,-0.7069378644786675,0
-5.747041,34,10540.793378,-100.0,-0.6867519717694203,0
-5.733575,36,10541.426189,-100.0,-0.8544643119082647,0
-6.024653,34,10542.012078,-100.0,-0.7307630257856423,0
-5.77011,33,10542.57518,-100.0,-0.7067431611926644,0
-5.311948,38,10543.22121,-100.0,-0.8274307120018667,0
-5.582806,33,10668.291518,-100.0,-0.6956927400780202,0
-5.519557,36,10668.906355,-100.0,-0.7421094420137139,0
-5.853895,34,10669.487401,-100.0,-0.6802146968132059,0
-5.442782,32,10670.040519,-100.0,-0.8073035007773606,0
-5.976657,34,10670.617465,-100.0,-0.6608779199786429,0
-5.805984,33,10671.18936,-100.0,-0.6830730277052858,0
-5.708329,35,10671.791826,-100.0,-0.6991889397856139,0
-5.49702,34,10672.383001,-100.0,-0.7999075578792713,0
-5.709698,34,10672.95924,-100.0,-0.7384279972910972,0
-5.397271,32,10673.508948,-100.0,-0.8197987937549471,0
-5.617339,34,10674.08585,-100.0,-0.6445176669202495,0
-5.658485,34,10674.667894,-100.0,-0.6825050579864284,0
-5.969272,33,10675.240607,-100.0,-0.6321044854095094,0
-5.706264,33,10675.798937,-100.0,-0.7398722060965947,0
-5.34529,33,10676.3596,-100.0,-0.8286212998327286,0
-5.296395,33,10676.925454,-100.0,-0.7877384875385753,0
-5.078922,33,10677.491448,-100.0,-0.8172574286035663,0
-5.483512,34,10678.073123,-100.0,-0.7502195771816479,0
-5.545398,32,10678.616508,-100.0,-0.8002480112601598,0
-5.661357,35,10679.214548,-100.0,-0.7432112365396115,0
-5.275588,33,10679.769253,-100.0,-0.7810818598652127,0
-5.83539,33,10680.325711,-100.0,-0.7124940082931117,0
-5.703058,34,10680.904856,-100.0,-0.7308406582155813,0
-5.147867,32,10681.447629,-100.0,-0.8417357085672864,0
-5.496394,33,10682.019139,-100.0,-0.7013108547156011,0
-5.716924,38,10682.678982,-100.0,-0.7331104264091157,0
-5.863046,33,10683.243257,-100.0,-0.7054221952867282,0
-5.547012,33,10683.795817,-100.0,-0.6606793813787409,0
-5.444029,33,10684.366266,-100.0,-0.7499339178141101,0
-5.506932,34,10684.94818,-100.0,-0.7303518720595077,0
-5.719825,34,10685.538438,-100.0,-0.6706358951904597,0
-5.450544,33,10686.097134,-100.0,-0.8034225802662953,0
-5.419352,33,10686.665404,-100.0,-0.7728316960725906,0
-5.293214,32,10687.195896,-100.0,-0.8449114540980799,0
-5.45264,32,10687.735852,-100.0,-0.7325180758281298,0
-5.342744,33,10688.301259,-100.0,-0.7249183551253214,0
-5.695501,33,10688.863447,-100.0,-0.6849479376744458,0
-5.470931,38,10689.516599,-100.0,-0.7450820056544598,0
-5.957963,36,10690.132211,-100.0,-0.6952919037674943,0
-5.194326,33,10690.700679,-100.0,-0.8499839726178732,0
-5.349115,32,10691.252317,-100.0,-0.7930824164369459,0
-5.38382,33,10691.81961,-100.0,-0.8325611978400342,0
-5.3828,35,10692.415358,-100.0,-0.8197363671026761,0
-5.749401,34,10692.995188,-100.0,-0.687204047966672,0
-5.417443,33,10693.560276,-100.0,-0.7517215868547078,0
-6.308264,79,10694.919376,-100.0,-0.7642844227876356,0
-5.867391,36,10695.533767,-100.0,-0.6453876569070991,0
-5.538245,36,10696.155236,-100.0,-0.7386152899703892,0
-5.593136,33,10696.725447,-100.0,-0.7272631038825572,0
-5.532566,33,10697.28163,-100.0,-0.6640939097504557,0
-6.179928,38,10697.929731,-100.0,-0.6775727324680896,0
-5.245463,32,10698.471402,-100.0,-0.7881851504539437,0
-5.22066,33,10699.03157,-100.0,-0.7880890755023977,0
-5.332993,33,10699.591358,-100.0,-0.8197043614746793,0
-5.480149,33,10700.16149,-100.0,-0.7041630602797275,0
-5.520328,35,10700.754872,-100.0,-0.7168485771193963,0
-5.603052,33,10701.326027,-100.0,-0.7438849889756322,0
-5.829216,35,10701.925674,-100.0,-0.6616835279720933,0
-5.60044,33,10702.485151,-100.0,-0.7018336230948794,0
-5.521239,33,10832.722846,-100.0,-0.7205081329713855,0
-5.653758,36,10833.32532,-100.0,-0.6521521091562811,0
-5.213427,33,10833.890986,-100.0,-0.7728781274069252,0
-5.620795,34,10834.472014,-100.0,-0.589561077206974,0
-5.887981,34,10835.063572,-100.0,-0.6601829801413864,0
-5.46448,35,10835.658718,-100.0,-0.7454125115500964,0
-5.69381,33,10836.221804,-100.0,-0.7113698140775322,0
-5.270854,34,10836.804616,-100.0,-0.794326583371536,0
-5.577049,33,10837.36384,-100.0,-0.7223727112167864,0
-5.418069,37,10837.991499,-100.0,-0.7757638101784909,0
-5.464589,33,10838.556375,-100.0,-0.699878853617795,0
-5.915723,33,10839.125358,-100.0,-0.6579063991991868,0
-5.44843,32,10839.66587,-100.0,-0.8283460631602851,0
-5.199345,33,10840.225906,-100.0,-0.7496335990869253,0
-5.385257,34,10840.80891,-100.0,-0.7754276007079359,0
-5.628429,33,10841.369063,-100.0,-0.7059210653814437,0
-5.545537,34,10841.951108,-100.0,-0.7165140170717093,0
-5.619479,33,10842.716988,-100.0,-0.7348671169346067,0
-5.750446,33,10843.288382,-100.0,-0.6945031240513433,0
-5.500696,33,10843.859185,-100.0,-0.8079638265753231,0
-5.196516,33,10844.413581,-100.0,-0.8170182602966306,0
-5.369269,33,10844.980593,-100.0,-0.8341113398561789,0
-5.739925,33,10845.553957,-100.0,-0.6579685852337595,0
-5.410944,34,10846.139012,-100.0,-0.7477122249620272,0
-5.810352,34,10846.720472,-100.0,-0.7244771028971925,0
-5.778729,33,10847.286052,-100.0,-0.7300949949814793,0
-5.772511,34,10847.869879,-100.0,-0.6554772808484626,0
-5.685095,33,10848.439002,-100.0,-0.7192149284379145,0
-5.366024,34,10849.02405,-100.0,-0.7739904029169451,0
-5.389085,33,10849.585726,-100.0,-0.758475788691381,0
-5.577028,33,10850.147699,-100.0,-0.7078916634133483,0
-5.396567,34,10850.727442,-100.0,-0.7741434922489064,0
-5.765912,33,10851.297714,-100.0,-0.6407386502632935,0
-5.857148,33,10851.868797,-100.0,-0.6272139493103049,0
-5.340299,33,10852.435637,-100.0,-0.7475842899774512,0
-5.184683,32,10852.983975,-100.0,-0.8264308493662228,0
-5.330807,34,10853.561331,-100.0,-0.7699465863052076,0
-5.631461,33,10854.132458,-100.0,-0.6996464171274005,0
-5.246702,32,10854.68306,-100.0,-0.7928796337038335,0
-6.020146,33,10855.247528,-100.0,-0.6591511315554834,0
-5.313455,33,10855.799618,-100.0,-0.8487308248428831,0
-5.840898,34,10856.383225,-100.0,-0.6969136017426927,0
-5.796496,37,10857.011108,-100.0,-0.7331061343044962,0
-5.652304,34,10857.593185,-100.0,-0.7335676153903876,0
-5.634407,34,10858.178501,-100.0,-0.6550193081812709,0
-5.155751,32,10858.724409,-100.0,-0.860941150239382,0
-5.579279,33,10859.29036,-100.0,-0.7524223128587132,0
-5.22943,33,10859.853966,-100.0,-0.824546128729101,0
-5.532751,33,10860.418688,-100.0,-0.7773420592434929,0
-5.261608,32,10860.970003,-100.0,-0.8703518696013066,0
-5.601868,33,10861.520584,-100.0,-0.6638514264617099,0
-5.611464,33,10862.077644,-100.0,-0.6846679777723937,0
-5.953278,37,10862.716424,-100.0,-0.6339523030871465,0
-5.351606,34,10863.292529,-100.0,-0.7838916939534646,0
-5.925495,34,10863.874448,-100.0,-0.6436412710775847,0
-5.960552,34,10864.454353,-100.0,-0.6840464052287248,0
-5.648145,34,10865.044342,-100.0,-0.6446134592123689,0
-5.723774,34,10865.618036,-100.0,-0.6884414022855905,0
-5.522112,33,10866.180871,-100.0,-0.7105959758822565,0
-5.543745,33,10866.747247,-100.0,-0.7313528565105673,0
-5.460336,33,10867.310276,-100.0,-0.7770065765612673,0
-5.874334,35,11001.391321,-100.0,-0.6811629000608697,0
-5.813991,34,11001.971491,-100.0,-0.6573718655808356,0
-5.340803,33,11002.527009,-100.0,-0.7491214512453374,0
-5.997726,42,11003.222966,-100.0,-0.6738870043439428,0
-5.592987,33,11003.790035,-100.0,-0.6337423394181255,0
-6.053521,34,11004.357944,-100.0,-0.6886559873089173,0
-5.460392,33,11004.925258,-100.0,-0.6948125224702636,0
-5.424692,33,11005.491304,-100.0,-0.7166821901035102,0
-5.271928,33,11006.054268,-100.0,-0.7822114775921227,0
-5.550168,33,11006.619207,-100.0,-0.765659123770623,0
-5.106808,32,11007.159403,-100.0,-0.8363805105330248,0
-5.704799,36,11007.779493,-100.0,-0.7042231750632522,0
-5.241603,33,11008.338971,-100.0,-0.7915390204268671,0
-5.46167,33,11008.905177,-100.0,-0.7440688787009426,0
-5.631151,33,11009.465892,-100.0,-0.6923347470665333,0
-5.505232,34,11010.051214,-100.0,-0.7248432855744396,0
-5.363723,33,11010.610245,-100.0,-0.8310436370348039,0
-5.727589,33,11011.172124,-100.0,-0.7061894625074522,0
-5.564135,33,11011.732806,-100.0,-0.6092788608733967,0
-5.18767,32,11012.279945,-100.0,-0.7988084373698299,0
-5.473472,34,11012.856924,-100.0,-0.6285076162268493,0
-5.518877,33,11013.419492,-100.0,-0.7279616209623715,0
-5.626797,33,11013.981719,-100.0,-0.6576997288503568,0
-5.862659,34,11014.559159,-100.0,-0.6801127692318941,0
-5.8204,34,11015.146822,-100.0,-0.8130290851319361,0
-5.861249,39,11015.803659,-100.0,-0.6479219964322447,0
-5.762759,33,11016.364296,-100.0,-0.6827384682253331,0
-5.508128,33,11016.92453,-100.0,-0.7537204492473548,0
-5.453654,33,11017.492397,-100.0,-0.7149382257941083,0
-5.718368,33,11018.058894,-100.0,-0.7161563297467262,0
-5.488402,32,11018.602087,-100.0,-0.695339752120594,0
-5.4171,33,11019.163419,-100.0,-0.7809579745461355,0
-5.238089,33,11019.731266,-100.0,-0.87654987685212,0
-6.105113,38,11020.359351,-100.0,-0.703549683336706,0
-5.197203,33,11020.927624,-100.0,-0.7825554583630532,0
-5.214936,32,11021.475911,-100.0,-0.7885490887700297,0
-5.414797,32,11022.030566,-100.0,-0.8774059271706338,0
-5.418819,35,11022.612967,-100.0,-0.7929592527620113,0
-5.530674,33,11023.183146,-100.0,-0.7138714589975678,0
-5.635289,33,11023.740694,-100.0,-0.7089538814219234,0
-5.341896,33,11024.304722,-100.0,-0.7900244692679428,0
-5.309784,32,11024.844204,-100.0,-0.7766873453422375,0
-5.440331,33,11025.407966,-100.0,-0.7561837925419538,0
-5.480975,32,11025.961713,-100.0,-0.855308190116534,0
-5.468118,33,11026.519267,-100.0,-0.7449668654445,0
-5.284519,32,11027.060452,-100.0,-0.808180455807123,0
-5.127299,33,11027.62418,-100.0,-0.7613371521752041,0
-5.806638,34,11028.205368,-100.0,-0.7224604562351024,0
-5.583096,33,11028.766724,-100.0,-0.7203554496118632,0
-5.304568,33,11029.334166,-100.0,-0.804315530669425,0
-5.732174,34,11029.910695,-100.0,-0.6890077014747746,0
-5.393125,32,11030.455159,-100.0,-0.8296820371633937,0
-5.728599,32,11031.003081,-100.0,-0.7145537551789499,0
-5.401426,33,11031.568799,-100.0,-0.738379146021388,0
-5.394733,33,11032.131634,-100.0,-0.7275715192010895,0
-5.5975,33,11032.688302,-100.0,-0.7383532931053328,0
-5.184395,32,11033.223636,-100.0,-0.8523161542548812,0
-5.133977,32,11033.771367,-100.0,-0.8292147588408134,0
-5.387925,33,11034.339799,-100.0,-0.77935301353172,0
-5.600621,37,11034.972038,-100.0,-0.7068268707621573,0
-5.709986,33,11035.534861,-100.0,-0.6779267161909073,0
-5.136338,32,11173.45478,-100.0,-0.8643035761729025,0
-5.523794,34,11174.038736,-100.0,-0.6981220984905844,0
-5.279437,34,11174.622221,-100.0,-0.8049970294478613,0
-5.709345,33,11175.189322,-100.0,-0.6147778831553916,0
-5.154617,33,11175.773707,-100.0,-0.8190391354630508,0
-5.55773,33,11176.339542,-100.0,-0.6826163366910573,0
-5.497322,32,11176.887351,-100.0,-0.8139266553105655,0
-5.203859,32,11177.440037,-100.0,-0.8990670661939252,0
-5.620372,32,11178.002916,-100.0,-0.7093346316258372,0
-5.353825,33,11178.569416,-100.0,-0.7937658671460424,0
-5.839171,34,11179.158308,-100.0,-0.6659894058618305,0
-5.78482,35,11179.753347,-100.0,-0.6889014846500792,0
-5.354503,33,11180.322302,-100.0,-0.8292386852307749,0
-5.411245,33,11180.892924,-100.0,-0.8256485379714779,0
-5.078108,33,11181.466442,-100.0,-0.8306412155061572,0
-5.544924,35,11182.071603,-100.0,-0.6585335710835265,0
-5.466102,33,11182.634308,-100.0,-0.8101299870139551,0
-5.567835,33,11183.209004,-100.0,-0.7860232478513838,0
-5.102873,32,11183.764812,-100.0,-0.8758109494634553,0
-5.610379,33,11184.333131,-100.0,-0.7154462756592211,0
-5.533863,33,11184.902372,-100.0,-0.7630439886749011,0
-5.564887,33,11185.484324,-100.0,-0.718181096423163,0
-5.491546,34,11186.072207,-100.0,-0.7769758624564562,0
-5.534125,35,11186.678115,-100.0,-0.875218691193426,0
-5.26176,33,11187.244866,-100.0,-0.7735469780805422,0
-5.783044,33,11187.81476,-100.0,-0.668832818219337,0
-5.613106,37,11188.458196,-100.0,-0.7011378422849721,0
-5.167466,33,11189.023535,-100.0,-0.7996653353239965,0
-5.186838,33,11189.582727,-100.0,-0.782763580280448,0
-5.838015,35,11190.173861,-100.0,-0.7302451053570398,0
-5.493942,35,11190.775913,-100.0,-0.7115292075506652,0
-5.261596,32,11191.319467,-100.0,-0.7999127161595684,0
-5.527539,33,11191.883412,-100.0,-0.7242882945742068,0
-5.677559,34,11192.473227,-100.0,-0.6517644817868273,0
-5.421391,32,11193.0087,-100.0,-0.8026431855934605,0
-5.785537,33,11193.585616,-100.0,-0.6681499284389776,0
-5.410974,34,11194.155224,-100.0,-0.7225894544016191,0
-5.680259,33,11194.721721,-100.0,-0.7102094574046589,0
-5.558301,33,11195.272808,-100.0,-0.7159060229765121,0
-5.749533,33,11195.835421,-100.0,-0.6733231027647276,0
-5.334765,33,11196.40286,-100.0,-0.7118493167994182,0
-5.810132,34,11196.994072,-100.0,-0.6505748675143989,0
-5.090992,34,11197.58183,-100.0,-0.7861733963551901,0
-5.696414,34,11198.165986,-100.0,-0.7056204807786046,0
-5.389937,33,11198.730906,-100.0,-0.737465085748374,0
-5.144918,33,11199.297229,-100.0,-0.8202310976128758,0
-5.383437,35,11199.88484,-100.0,-0.7884782880068179,0
-5.795186,33,11200.452498,-100.0,-0.7051538376898732,0
-5.489264,33,11201.012408,-100.0,-0.7187542448100507,0
-5.072099,33,11201.578699,-100.0,-0.8399633681329008,0
-5.405683,42,11202.314689,-100.0,-0.8645250270662616,0
-5.222785,34,11202.902396,-100.0,-0.7923270247237516,0
-5.64507,33,11203.464233,-100.0,-0.6700222192149069,0
-5.290179,34,11204.044616,-100.0,-0.7676440963703964,0
-5.233038,32,11204.598544,-100.0,-0.7923133953151134,0
-5.718162,35,11205.186816,-100.0,-0.6773501108322758,0
-5.753364,33,11205.749467,-100.0,-0.5874435106093265,0
-5.382238,32,11206.283154,-100.0,-0.8532574908733946,0
-5.673062,34,11206.875181,-100.0,-0.6702940209976055,0
-5.145096,32,11207.412995,-100.0,-0.7912458543006136,0
-5.309699,33,11207.976886,-100.0,-0.7790323803969335,0
-5.473253,33,11208.541968,-100.0,-0.697270469529801,0
-5.467537,34,11344.279475,-100.0,-0.6773409098273591,0
-5.746483,33,11344.850434,-100.0,-0.6703141617296604,0
-5.51937,34,11345.417949,-100.0,-0.6784647236353072,0
-5.632644,33,11345.986612,-100.0,-0.6182109870126735,0
-5.425446,33,11346.545079,-100.0,-0.6760676960771985,0
-5.312755,33,11347.113332,-100.0,-0.7595757347878948,0
-5.524198,33,11347.672442,-100.0,-0.6704341815575835,0
-5.213702,32,11348.430796,-100.0,-0.8693489137033787,0
-5.523078,33,11348.997632,-100.0,-0.6914862101509166,0
-5.545189,35,11349.579856,-100.0,-0.7213174845061181,0
-5.502808,33,11350.14727,-100.0,-0.7505185380625119,0
-5.558107,34,11350.72985,-100.0,-0.7220776020510103,0
-5.403175,33,11351.288358,-100.0,-0.8037992626486615,0
-5.34758,34,11351.8669,-100.0,-0.7976291951046789,0
-5.502205,33,11352.427777,-100.0,-0.7174600757829213,0
-5.50994,34,11353.00794,-100.0,-0.7088147078419595,0
-5.770132,33,11353.572983,-100.0,-0.7214715306579185,0
-5.566429,33,11354.129285,-100.0,-0.669671838376233,0
-5.534175,33,11354.700136,-100.0,-0.6445709960814745,0
-5.292622,32,11355.247597,-100.0,-0.8136797612231188,0
-5.424961,33,11355.802387,-100.0,-0.7562282532433691,0
-5.832093,36,11356.417279,-100.0,-0.6844145087575877,0
-5.366727,32,11356.966528,-100.0,-0.8054337133736678,0
-5.158922,33,11357.534717,-100.0,-0.8163943528450603,0
-5.123862,32,11358.080299,-100.0,-0.8597074713988229,0
-5.625401,34,11358.657802,-100.0,-0.6521510855560146,0
-5.571332,33,11359.21837,-100.0,-0.7114854303077995,0
-5.306436,33,11359.782373,-100.0,-0.8435075352798086,0
-5.494284,34,11360.355975,-100.0,-0.7046268281519987,0
-5.420055,33,11360.920862,-100.0,-0.8182534747220953,0
-5.259114,35,11361.515024,-100.0,-0.8305607727210538,0
-5.835709,33,11362.07182,-100.0,-0.6922577501487238,0
-5.642421,33,11362.626525,-100.0,-0.6720259602140289,0
-5.18786,32,11363.176744,-100.0,-0.8679559790137668,0
-5.383149,34,11363.753901,-100.0,-0.801071581729399,0
-5.291813,33,11364.319976,-100.0,-0.7512138434808167,0
-5.631295,33,11364.880315,-100.0,-0.6692661406680902,0
-5.725582,33,11365.439187,-100.0,-0.6688696996734352,0
-5.418941,34,11366.018827,-100.0,-0.759139118584349,0
-5.435427,34,11366.596864,-100.0,-0.7954530234019591,0
-5.432751,33,11367.161376,-100.0,-0.7981196094513949,0
-5.255553,36,11367.780944,-100.0,-0.7516958742865325,0
-5.669597,33,11368.336782,-100.0,-0.6692146251189806,0
-5.217181,32,11368.864638,-100.0,-0.8392249154169054,0
-5.517217,33,11369.428025,-100.0,-0.7737779206301066,0
-5.199989,32,11369.98306,-100.0,-0.8177286141204623,0
-5.204657,33,11370.542761,-100.0,-0.7900354653642006,0
-5.448292,33,11371.100733,-100.0,-0.669353688935283,0
-5.535763,33,11371.657473,-100.0,-0.7365551974401693,0
-5.290914,39,11372.353008,-100.0,-0.7689070737140351,0
-5.579728,33,11372.911907,-100.0,-0.7139139100299842,0
-5.248073,33,11373.479226,-100.0,-0.7953770059047736,0
-5.790677,33,11374.026326,-100.0,-0.7060581818483368,0
-5.850129,34,11374.609018,-100.0,-0.686464818657005,0
-5.613924,34,11375.186713,-100.0,-0.7417227251046072,0
-5.2985,32,11375.733345,-100.0,-0.8196846552395307,0
-5.108029,32,11376.282159,-100.0,-0.8073344060013707,0
-5.773314,33,11376.842356,-100.0,-0.6376733042946219,0
-5.148483,32,11377.377902,-100.0,-0.8836138205719811,0
-5.319001,33,11377.940454,-100.0,-0.8392744285535214,0
-5.709625,35,11378.540411,-100.0,-0.5911070901997794,0
