#{"t_start": 1782853650.2698805, "env_id": "BipedalWalker-v3"}
r,l,t,original_env_reward,generated_reward,reward_error_count
-62.098811,79,3.032779,-100.0,-1.3313686712161552,0
-15.790417,50,3.736388,-100.0,-0.7028733198184915,0
-82.475311,111,5.297692,-100.0,-1.3261560840642093,0
-677.497824,1600,27.124501,-0.09135174644986731,-0.1839406971909402,0
-25.8086,39,27.673364,-100.0,-1.228203574220805,0
-18.302144,58,28.47341,-100.0,-0.8711545573217896,0
-84.360324,75,29.507559,-100.0,-2.615481122556124,0
-37.617399,60,171.482134,-100.0,-1.5367172896744061,0
-252.124288,1600,195.123554,-0.03130103066067019,-0.1525684377604405,0
-50.029262,62,196.061839,-100.0,-1.5393441161131698,0
-284.159731,1600,341.947851,-0.09412533435225486,-0.10603965644329773,0
-34.279044,127,343.71487,-100.0,-0.9222518781706829,0
-98.893352,85,344.877638,-100.0,-2.1436356627252766,0
-22.63327,57,345.672008,-100.0,-0.6473910795962797,0
-248.673561,1600,487.786386,-0.13263522869348526,-0.1277698078731378,0
-39.164249,57,488.584747,-100.0,-1.4565199499227024,0
-38.584848,94,489.894599,-100.0,-1.1690435184293386,0
-200.348934,1600,630.903118,-0.04953925776481628,-0.0889127498719675,0
-201.32494,1600,772.611896,-0.09195815898974617,-0.10834034588565611,0
-176.687409,1600,796.763997,-0.12474492278695107,-0.116308441140306,0
-23.312653,100,798.267564,-100.0,-0.6469308976237024,0
-275.016003,1600,938.192183,-0.017787265340491902,-0.1615121445634718,0
-172.891938,1600,1081.031543,-0.13805975543458782,-0.11526728682219989,0
-163.339427,1600,1220.859164,-0.07413394914070884,-0.0831066626255805,0
-164.211403,1600,1360.368122,-0.11426798774798948,-0.1585989585761056,0
-20.085512,71,1361.377165,-100.0,-0.6469076852099268,0
-8.979313,61,1362.237682,-100.0,-0.35962105117174875,0
-16.456157,70,1363.230931,-100.0,-0.4174836911236336,0
-159.824617,1600,1385.849556,-0.04655510942141333,-0.08499215345617382,0
-16.969324,83,1503.395339,-100.0,-0.5787607276005277,0
-11.808914,52,1504.127694,-100.0,-0.5636251431784375,0
-214.848073,1600,1526.69853,-0.04375911736488342,-0.11400898401356126,0
-135.108705,1600,1669.090168,-0.026650042086839677,-0.05641927624421056,0
-19.552367,80,1670.220704,-100.0,-1.0552899764183978,0
-17.757866,67,1671.168857,-100.0,-0.4381358860821063,0
-13.741777,49,1671.860478,-100.0,-0.6637192060031061,0
-173.187339,1600,1812.418951,0.057703397810459134,-0.09456357018287304,0
-126.018019,1600,1952.567439,-0.054507719258464996,-0.030569960593257717,0
-16.153129,78,1953.751919,-100.0,-0.6793061998377626,0
-118.860694,1600,2093.023561,-0.08735586029291151,-0.034606209093728524,0
-116.212116,1600,2115.189238,-0.03604186179737014,-0.0489878536737398,0
-18.307403,65,2116.096288,-100.0,-0.607928578317265,0
-14.422768,68,2117.043703,-100.0,-0.666323391180456,0
-106.276652,1600,2253.859192,-0.06510506569346029,-0.04153408689999829,0
-14.713763,70,2254.817219,-100.0,-0.7822712656755875,0
-11.538784,57,2255.601851,-100.0,-0.6839674666387174,0
-98.03319,1600,2396.610269,-0.15444632294774058,-0.12128967614791276,0
-11.312119,78,2397.679795,-100.0,-0.7356683867130518,0
-15.257143,116,2399.283477,-100.0,-0.7148062336406905,0
-10.212372,37,2399.788826,-100.0,-0.35534794014015086,0
-95.716897,1600,2516.142818,-0.16016931784152985,-0.19450362341104732,0
-12.075833,73,2517.135019,-100.0,-0.6723104930326649,0
-12.574189,72,2518.115312,-100.0,-0.6617327700670056,0
-12.62724,57,2518.90399,-100.0,-0.7288335326631729,0
-17.838846,118,2520.523225,-100.0,-0.24860924103108697,0
-116.571537,1600,2635.501488,-0.02187028855582315,-0.05334148238626524,0
-20.52311,120,2637.133046,-100.0,-0.26822891137078764,0
-9.933288,53,2637.861242,-100.0,-0.7861211233051985,0
-11.393677,63,2638.719206,-100.0,-0.7435423036836556,0
-19.359746,78,2639.794145,-100.0,-0.5347031256643723,0
-10.501742,85,2640.949871,-100.0,-0.7673536574695978,0
-12.325544,72,2641.93123,-100.0,-0.6830713888622136,0
-88.12255,1600,2757.058508,-0.091792210189,-0.039791479467952584,0
-12.631862,78,2758.141059,-100.0,-0.2601831134874353,0
-9.255844,47,2758.790732,-100.0,-0.6739938000400947,0
-11.585339,70,2759.741788,-100.0,-0.6765257286704752,0
-15.250113,71,2760.714685,-100.0,-0.3737143664625309,0
-81.49022,1600,2901.987776,-0.06084409935772418,-0.06521700694688018,0
-9.97537,39,2902.517871,-100.0,-0.2926477086077334,0
-16.850665,84,2903.71064,-100.0,-0.48787595022792424,0
-10.881167,77,2904.777672,-100.0,-0.6822295903060811,0
-9.474225,44,2905.400512,-100.0,-0.6486591359052604,0
-12.285713,92,2906.698661,-100.0,-0.36549818667164746,0
-8.468592,48,2907.382066,-100.0,-0.8009435884893195,0
-17.012145,63,2908.276831,-100.0,-0.37894522107897954,0
-9.757097,48,2908.954305,-100.0,-0.6795947802164857,0
-13.84772,65,2909.88012,-100.0,-0.7975731989890757,0
-10.022473,61,2910.750278,-100.0,-0.7012907681923954,0
-33.625719,224,2913.933422,-100.0,-0.47693488432565967,0
-8.775276,44,2914.554201,-100.0,-0.6991634075230401,0
-17.72939,74,2915.600207,-100.0,-0.2916603769836697,0
-10.17545,66,2916.537886,-100.0,-0.7290017848167866,0
-9.154861,43,2917.1533,-100.0,-0.6863458387209486,0
-9.707131,65,2918.070885,-100.0,-0.6365701519886486,0
-8.436241,53,2918.851586,-100.0,-0.707506910141697,0
-11.861169,64,2919.781394,-100.0,-0.5815495585790884,0
-22.901163,91,2921.06498,-100.0,-0.66592597112182,0
-14.762231,144,3038.779611,-100.0,-0.3416288044581003,0
-10.418419,53,3039.53107,-100.0,-0.6229872511987732,0
-14.205213,102,3040.992776,-100.0,-0.6529257815000665,0
-10.49868,65,3041.892057,-100.0,-0.20847679479681375,0
-10.152465,56,3042.710591,-100.0,-0.7191599489059662,0
-12.394718,59,3043.774572,-100.0,-0.40510655302730714,0
-9.893875,65,3044.705842,-100.0,-0.7792204674834554,0
-8.562544,53,3045.470038,-100.0,-0.6890530723692697,0
-10.228678,50,3046.147809,-100.0,-0.6242904433341292,0
-7.042022,38,3046.710258,-100.0,-0.6385489166507471,0
-13.947277,70,3047.697793,-100.0,-0.6484553260848539,0
-12.034189,78,3048.806008,-100.0,-0.7412817968707645,0
-11.751294,82,3049.98689,-100.0,-0.8069994942920311,0
-12.519339,63,3050.880389,-100.0,-0.6364120377292012,0
-14.386787,72,3051.934292,-100.0,-0.22899566474901917,0
-9.016759,56,3052.729596,-100.0,-0.6240938631711885,0
-18.919468,111,3054.345507,-100.0,-0.7980371370646127,0
-9.019109,58,3055.170659,-100.0,-0.7141263327273992,0
-9.11826,39,3055.726002,-100.0,-0.6071891566193829,0
-12.10328,80,3056.858247,-100.0,-0.749463464273144,0
-12.317063,64,3057.777832,-100.0,-0.8229101647142039,0
-6.859415,35,3058.281869,-100.0,-0.7612655841137665,0
-11.359231,73,3059.320191,-100.0,-0.20756479185373047,0
-14.805692,65,3060.279911,-100.0,-0.43969292854865133,0
-8.981164,52,3061.034124,-100.0,-0.6911751880459505,0
-9.565846,59,3061.882332,-100.0,-0.7092642384245951,0
-14.290458,114,3063.525836,-100.0,-0.7415699478181446,0
-12.914656,56,3064.336748,-100.0,-0.37911765614271115,0
-14.156192,103,3065.801708,-100.0,-0.2126844534686867,0
-10.564661,68,3066.79925,-100.0,-0.14030265641734324,0
-9.221377,56,3183.908681,-100.0,-0.6923678832204327,0
-13.115955,76,3185.014268,-100.0,-0.6676492525031757,0
-8.763682,50,3185.753163,-100.0,-0.7403239640204851,0
-9.149892,46,3186.417696,-100.0,-0.719439050984161,0
-10.165995,57,3187.260424,-100.0,-0.2970113444422192,0
-16.104277,96,3188.661567,-100.0,-0.6283171535935218,0
-16.620106,111,3190.265537,-100.0,-0.14615937272313312,0
-10.570159,64,3191.208558,-100.0,-0.676211871646968,0
-9.535267,55,3192.01406,-100.0,-0.6215842010737056,0
-9.207146,60,3192.904442,-100.0,-0.636505371653236,0
-10.418612,67,3193.876273,-100.0,-0.5716771815254662,0
-15.481426,65,3194.813763,-100.0,-0.4546932909471762,0
-10.353414,63,3195.705176,-100.0,-0.7566098879927476,0
-8.707476,51,3196.433615,-100.0,-0.6415213002506744,0
-8.54322,52,3197.206168,-100.0,-0.7096721084687078,0
-9.074977,58,3198.062926,-100.0,-0.7251725495933329,0
-11.828866,70,3199.082208,-100.0,-0.2268713528678407,0
-20.121356,149,3201.277223,-100.0,-0.32802654221837746,0
-8.458094,44,3201.911074,-100.0,-0.7818309829639394,0
-16.635258,111,3203.531513,-100.0,-0.32008855555498955,0
-10.11791,61,3204.426951,-100.0,-0.6295105506511955,0
-10.099975,55,3205.246166,-100.0,-0.6669288131486734,0
-14.127718,115,3206.902953,-100.0,-0.6862221437362833,0
-9.616652,68,3207.905153,-100.0,-0.6998446071493126,0
-12.155027,61,3208.773614,-100.0,-0.3483632519703796,0
-10.523145,68,3209.774422,-100.0,-0.7110180547283848,0
-14.531064,103,3211.300219,-100.0,-0.1537475833084217,0
-12.051146,69,3212.293294,-100.0,-0.7306674095437772,0
-8.725886,48,3213.01004,-100.0,-0.8659681418942277,0
-9.894867,62,3331.187783,-100.0,-0.3301302378239706,0
-9.120093,51,3331.928993,-100.0,-0.7410537290043865,0
-8.707464,56,3332.748679,-100.0,-0.67189688902318,0
-10.03137,69,3333.769018,-100.0,-0.6261582609874512,0
-10.480964,69,3334.790316,-100.0,-0.6854257914630194,0
-12.689894,57,3335.635588,-100.0,-0.3354044993209282,0
-10.732393,67,3336.613106,-100.0,-0.6954647013259992,0
-7.68,40,3337.177493,-100.0,-0.7345185139403501,0
-8.880341,52,3337.956112,-100.0,-0.6083882012837388,0
-14.290475,91,3339.291922,-100.0,-0.34273407824160884,0
-13.94965,85,3340.551385,-100.0,-0.3025692353418331,0
-10.068465,58,3341.390801,-100.0,-0.6049629148459963,0
-13.761043,85,3342.64702,-100.0,-0.2932189872875698,0
-18.010167,88,3343.930221,-100.0,-0.3713499444203787,0
-8.165256,46,3344.61571,-100.0,-0.6336794876947339,0
-10.878991,64,3345.564057,-100.0,-0.6742605593125826,0
-11.425512,59,3346.438749,-100.0,-0.2649669003488493,0
-12.490391,50,3347.173702,-100.0,-0.4048350635924874,0
-10.202004,69,3348.187969,-100.0,-0.6098363672697915,0
-9.197168,56,3349.015328,-100.0,-0.6262904583819479,0
-13.960422,81,3350.190438,-100.0,-0.24549933536854862,0
-10.610848,54,3350.985896,-100.0,-0.7365980246470769,0
-10.178385,62,3351.877044,-100.0,-0.6023057192646512,0
-9.049312,44,3352.523312,-100.0,-0.2793571736037109,0
-8.808495,45,3353.189964,-100.0,-0.6258613426032822,0
-10.957048,54,3353.984375,-100.0,-0.6570892569796037,0
-7.979676,42,3354.587512,-100.0,-0.720886800558125,0
-7.429116,44,3355.249573,-100.0,-0.6467099310668064,0
-8.934497,56,3356.036734,-100.0,-0.654362080623666,0
-8.636814,45,3356.703196,-100.0,-0.6293102135705173,0
-15.371117,80,3357.871999,-100.0,-0.17964302072175575,0
-9.919454,71,3358.906785,-100.0,-0.6688636343470516,0
-8.736592,44,3359.548715,-100.0,-0.43229951080648493,0
-9.07558,59,3360.401667,-100.0,-0.7644204304867047,0
-13.72257,64,3476.931994,-100.0,-0.4192502733297205,0
-9.553698,58,3477.769902,-100.0,-0.6679194034774488,0
-9.545687,42,3478.392667,-100.0,-0.6542147174925471,0
-9.007442,48,3479.090369,-100.0,-0.3478915405877801,0
-14.311212,93,3480.465267,-100.0,-0.6701736337015344,0
-9.116549,52,3481.205444,-100.0,-0.6341529401466778,0
-9.116098,60,3482.082534,-100.0,-0.6759948048417405,0
-7.344934,40,3482.674569,-100.0,-0.6951368127268867,0
-13.316632,76,3483.794829,-100.0,-0.3427390287162967,0
-8.438824,59,3484.644,-100.0,-0.7458263013152239,0
-10.473677,61,3485.556091,-100.0,-0.6474695014170188,0
-8.336023,47,3486.232251,-100.0,-0.7420412573874327,0
-8.706179,55,3487.032673,-100.0,-0.7295792914148439,0
-10.792888,53,3487.829921,-100.0,-0.2781823435939194,0
-8.815378,61,3488.70142,-100.0,-0.72550794978571,0
-10.801946,59,3489.585546,-100.0,-0.6294256447134001,0
-10.700827,59,3490.450397,-100.0,-0.7340049559051999,0
-11.134768,58,3491.31688,-100.0,-0.24402761723639593,0
-9.808643,53,3492.08656,-100.0,-0.6512642881868662,0
-8.1407,55,3492.906659,-100.0,-0.55505371091676,0
-15.626319,127,3494.764159,-100.0,-0.34878175469439054,0
-14.381544,98,3496.238218,-100.0,-0.7334384850446451,0
-9.137088,43,3496.865677,-100.0,-0.6363188969530705,0
-9.011415,53,3497.656044,-100.0,-0.6265756922304998,0
-8.899405,54,3498.452528,-100.0,-0.612663314165182,0
-7.728202,50,3499.174891,-100.0,-0.7956280085205097,0
-8.545796,54,3499.983233,-100.0,-0.7087553740612511,0
-7.308292,42,3500.61105,-100.0,-0.6433005487325257,0
-8.978474,60,3501.506378,-100.0,-0.8088390026175052,0
-15.146418,69,3502.522554,-100.0,-0.3921735657161492,0
-11.338386,80,3503.713283,-100.0,-0.7615477264496688,0
-11.696793,95,3505.107942,-100.0,-0.35397954249280145,0
-8.337787,62,3506.027015,-100.0,-0.7014293899388852,0
-8.5473,60,3625.970233,-100.0,-0.7749763087450074,0
-7.691745,43,3626.615104,-100.0,-0.658483470571186,0
-9.166003,46,3627.293703,-100.0,-0.6967864156273905,0
-11.039119,52,3628.064777,-100.0,-0.38965930122383546,0
-7.959454,47,3628.77123,-100.0,-0.6862563167585569,0
-12.452097,64,3629.721138,-100.0,-0.3291454566254432,0
-10.88108,64,3630.679701,-100.0,-0.6449759210740266,0
-10.403273,76,3631.807674,-100.0,-0.6720693563614101,0
-8.268245,49,3632.53671,-100.0,-0.6771518667688239,0
-8.564815,54,3633.31692,-100.0,-0.6596311513611776,0
-9.182652,52,3634.099702,-100.0,-0.693391708420337,0
-9.960589,63,3635.022464,-100.0,-0.6807491806714019,0
-8.909674,43,3635.685671,-100.0,-0.6290289479632695,0
-9.888047,73,3636.759386,-100.0,-0.6974486235371501,0
-8.774956,61,3637.669626,-100.0,-0.694549918484494,0
-8.721455,52,3638.430855,-100.0,-0.7097277210584872,0
-13.443895,91,3639.789684,-100.0,-0.21193540902194682,0
-9.309997,62,3640.718763,-100.0,-0.700426758055531,0
-8.717606,49,3641.451792,-100.0,-0.7446814131662307,0
-7.638367,48,3642.182662,-100.0,-0.656368477417576,0
-8.246438,58,3643.03267,-100.0,-0.6506182787889825,0
-8.520239,51,3643.792039,-100.0,-0.6217581908498777,0
-8.955134,60,3644.686069,-100.0,-0.6513388097716785,0
-8.285748,36,3645.218431,-100.0,-0.5098106371986069,0
-10.002477,72,3646.293487,-100.0,-0.626715684421286,0
-12.182646,74,3647.407907,-100.0,-0.6630465873559813,0
-8.095133,48,3648.120245,-100.0,-0.635256017142592,0
-8.966342,58,3648.988706,-100.0,-0.8295978810264308,0
-8.207223,50,3649.733948,-100.0,-0.690214945007578,0
-7.922302,44,3650.383938,-100.0,-0.6973252567164338,0
-8.638955,56,3651.241024,-100.0,-0.6382989390115562,0
-8.856129,53,3652.008132,-100.0,-0.6526964795660923,0
-8.72638,57,3652.858379,-100.0,-0.7239140178587627,0
-8.715376,56,3653.680907,-100.0,-0.6615868542630118,0
-8.714799,60,3654.589384,-100.0,-0.7868401670689257,0
-10.960372,69,3655.6158,-100.0,-0.31962368932341323,0
-11.817292,68,3772.502144,-100.0,-0.3573352387240736,0
-8.455505,54,3773.32654,-100.0,-0.612475835320522,0
-8.286011,42,3773.939536,-100.0,-0.7228460947761984,0
-9.549976,62,3774.881775,-100.0,-0.75630214528721,0
-8.690042,44,3775.5434,-100.0,-0.7343550907250777,0
-6.808208,42,3776.170714,-100.0,-0.7336205426884036,0
-9.776125,61,3777.095352,-100.0,-0.33190636697432646,0
-8.632059,39,3777.69594,-100.0,-0.6641073216480676,0
-9.902906,58,3778.544023,-100.0,-0.6360865064619514,0
-8.081065,50,3779.296336,-100.0,-0.6602827265929959,0
-7.148242,44,3779.976849,-100.0,-0.7128101831912093,0
-8.888427,49,3780.705711,-100.0,-0.723270657622776,0
-7.872758,62,3781.638667,-100.0,-0.6859605625338003,0
-7.467778,43,3782.289577,-100.0,-0.7287513626908761,0
-10.459699,79,3783.48393,-100.0,-0.6586884433266733,0
-10.150269,61,3784.379833,-100.0,-0.6787160803562219,0
-9.134695,50,3785.138431,-100.0,-0.6469399622045008,0
-13.253816,78,3786.305268,-100.0,-0.39296971025178756,0
-8.354961,45,3786.98174,-100.0,-0.749313924046959,0
-10.73293,76,3788.115214,-100.0,-0.6569666621998806,0
-10.466398,75,3789.236926,-100.0,-0.6641306819605763,0
-11.968604,69,3790.26539,-100.0,-0.2926749186048984,0
-8.06014,51,3791.020826,-100.0,-0.6547672690946702,0
-9.056104,53,3791.833722,-100.0,-0.7026923991373568,0
-6.907489,38,3792.407315,-100.0,-0.6696892381912917,0
-9.090337,45,3793.075529,-100.0,-0.43697568588382185,0
-9.631765,52,3793.854499,-100.0,-0.6487679822438436,0
-8.26395,54,3794.646687,-100.0,-0.723526627111972,0
-8.977995,46,3795.308085,-100.0,-0.7681719864548352,0
-9.282803,60,3796.22879,-100.0,-0.6202670508290287,0
-7.799921,50,3796.968717,-100.0,-0.6385137883996169,0
-11.889407,79,3798.135121,-100.0,-0.23802945262757366,0
-7.967944,62,3799.081541,-100.0,-0.6563795957728942,0
-8.863277,53,3799.857318,-100.0,-0.6964348830123436,0
-7.936308,51,3800.598705,-100.0,-0.6529872743272384,0
-10.149231,71,3801.665256,-100.0,-0.19331196999353195,0
-11.799349,71,3922.559326,-100.0,-0.32018655922047906,0
-9.576746,58,3923.445404,-100.0,-0.6420678099518882,0
-14.392302,112,3925.130556,-100.0,-0.20876535767118443,0
-8.593568,54,3925.929683,-100.0,-0.6406212954865645,0
-10.134808,79,3927.132831,-100.0,-0.6293780606187319,0
-8.854441,62,3928.04336,-100.0,-0.6211643653064806,0
-7.678701,48,3928.777183,-100.0,-0.6308012715407816,0
-9.125243,55,3929.612528,-100.0,-0.6246104951989795,0
-8.51663,59,3930.488683,-100.0,-0.7538104444778421,0
-8.642005,42,3931.127151,-100.0,-0.5305698201765304,0
-9.104166,48,3931.863952,-100.0,-0.6359262337677678,0
-8.373945,62,3932.76901,-100.0,-0.6786165350844334,0
-7.356534,42,3933.400094,-100.0,-0.754115942726869,0
-8.349001,49,3934.116443,-100.0,-0.5888246919027288,0
-7.823158,48,3934.855262,-100.0,-0.7056561032600895,0
-7.874258,40,3935.442626,-100.0,-0.6070052484964438,0
-8.704431,41,3936.071696,-100.0,-0.7663268769081404,0
-10.727635,85,3937.33596,-100.0,-0.6304832621743597,0
-7.944578,51,3938.099935,-100.0,-0.7557897342913378,0
-8.559432,59,3939.003063,-100.0,-0.7259559486674416,0
-9.10948,46,3939.701298,-100.0,-0.7851668844621327,0
-10.899204,46,3940.385111,-100.0,-0.7603571565726089,0
-10.031585,64,3941.371669,-100.0,-0.6583960251207355,0
-8.125029,54,3942.189644,-100.0,-0.6164690516720691,0
-7.688103,55,3943.001741,-100.0,-0.7163109457593988,0
-7.874386,46,3943.700955,-100.0,-0.7983307653285936,0
-9.740887,55,3944.527128,-100.0,-0.6410646968322196,0
-8.085103,60,3945.426306,-100.0,-0.6797858420169071,0
-8.802408,52,3946.207487,-100.0,-0.6266584219244683,0
-9.861674,67,3947.224294,-100.0,-0.6912376932526391,0
-8.531483,50,3948.000423,-100.0,-0.6932310613802495,0
-8.559735,63,3948.951313,-100.0,-0.6611358924522033,0
-6.794165,37,3949.501762,-100.0,-0.7077519085139142,0
-13.024279,77,3950.657496,-100.0,-0.2188421315710811,0
-8.343744,53,3951.440843,-100.0,-0.7614785997711256,0
-9.296699,75,3952.570871,-100.0,-0.8221823818253683,0
-14.255832,67,4069.660702,-100.0,-0.32010562306448304,0
-8.564196,59,4070.538748,-100.0,-0.7165230925280693,0
-8.340399,54,4071.376011,-100.0,-0.6108702078103867,0
-7.731586,50,4072.142292,-100.0,-0.6548213091005675,0
-8.353216,47,4072.855003,-100.0,-0.6004015058552243,0
-7.979534,46,4073.560693,-100.0,-0.6947746553251773,0
-7.427719,41,4074.160115,-100.0,-0.6489865907733126,0
-8.239058,50,4074.929518,-100.0,-0.7171717190487995,0
-8.870823,57,4075.785818,-100.0,-0.6207410179315002,0
-8.098966,57,4076.65118,-100.0,-0.6332449223101849,0
-9.168559,65,4077.630233,-100.0,-0.6480877152818091,0
-8.076619,54,4078.437538,-100.0,-0.6498458863794805,0
-7.370237,40,4079.060128,-100.0,-0.6836051221640083,0
-7.617111,55,4079.885095,-100.0,-0.6929628078411105,0
-8.45721,50,4080.638235,-100.0,-0.6183302764557107,0
-7.273129,46,4081.355246,-100.0,-0.7413845342719155,0
-7.669047,45,4082.032056,-100.0,-0.8337908416232009,0
-7.571548,40,4082.625146,-100.0,-0.7147253963199202,0
-7.596523,38,4083.19715,-100.0,-0.6385477260563437,0
-7.624683,47,4083.911982,-100.0,-0.6709573080142895,0
-8.168564,52,4084.682633,-100.0,-0.6362908572498381,0
-10.065043,40,4085.292805,-100.0,-0.8809862997721012,0
-8.637565,49,4086.027385,-100.0,-0.6884974911574094,0
-7.303292,41,4086.658497,-100.0,-0.760402956239295,0
-6.854862,39,4087.23301,-100.0,-0.6576560365028876,0
-8.314143,37,4087.786508,-100.0,-0.742000575449387,0
-7.343112,46,4088.486715,-100.0,-0.747309089031958,0
-7.851859,52,4089.287833,-100.0,-0.7598083654822915,0
-7.551048,48,4089.993805,-100.0,-0.6895760714838413,0
-7.524031,40,4090.6022,-100.0,-0.5837241101323951,0
-7.298348,41,4091.218901,-100.0,-0.7852457423944761,0
-9.003998,56,4092.069246,-100.0,-0.7360654013550961,0
-8.313181,54,4092.901055,-100.0,-0.7116844474353166,0
-7.842868,48,4093.618018,-100.0,-0.7789458591689467,0
-7.354724,45,4094.291393,-100.0,-0.7622953579425841,0
-8.184655,55,4095.141115,-100.0,-0.7378116406984436,0
-7.43806,48,4095.854055,-100.0,-0.7392954404478056,0
-7.430149,43,4096.489712,-100.0,-0.6457864853045707,0
-7.290127,40,4097.112271,-100.0,-0.7292619558825078,0
-7.247851,41,4097.731679,-100.0,-0.6525056689574559,0
-8.616167,50,4098.483132,-100.0,-0.6537517892882667,0
-8.2608,48,4099.219187,-100.0,-0.6160895430370388,0
-7.119135,47,4099.933467,-100.0,-0.6939178832075142,0
-7.785377,48,4218.631679,-100.0,-0.6986786396557157,0
-8.194299,50,4219.400244,-100.0,-0.6557442952999206,0
-8.236162,58,4220.28462,-100.0,-0.2005351483214683,0
-8.106382,48,4221.021899,-100.0,-0.7486700016281073,0
-8.014393,54,4221.840579,-100.0,-0.6462722022212917,0
-6.91701,38,4222.44293,-100.0,-0.7937983671074111,0
-9.420979,70,4223.489398,-100.0,-0.6660715453910528,0
-7.746584,40,4224.125369,-100.0,-0.5787327278187977,0
-9.70986,64,4225.083234,-100.0,-0.600056011717218,0
-7.438824,43,4225.743924,-100.0,-0.6625115146859539,0
-8.004195,59,4226.636245,-100.0,-0.6630071489748854,0
-7.658962,39,4227.235253,-100.0,-0.8026379909929429,0
-7.718802,51,4228.017187,-100.0,-0.8108051929449669,0
-7.44364,46,4228.716827,-100.0,-0.6862010461353422,0
-8.040347,53,4229.528757,-100.0,-0.7324269136237649,0
-7.303978,59,4230.404132,-100.0,-0.7564701668270725,0
-7.906573,53,4231.238922,-100.0,-0.6903017116528708,0
-8.136725,40,4231.854671,-100.0,-0.5731619115802394,0
-7.739371,42,4232.495033,-100.0,-0.6853355293779979,0
-8.409079,58,4233.379127,-100.0,-0.6833829617607705,0
-9.707131,45,4234.059732,-100.0,-0.6843608598534923,0
-7.907391,55,4234.889552,-100.0,-0.6572473866411537,0
-7.863832,57,4235.767858,-100.0,-0.6675379102331036,0
-7.496523,39,4236.359954,-100.0,-0.6778693528343878,0
-7.908,51,4237.137604,-100.0,-0.6577123547336154,0
-8.023912,53,4237.952193,-100.0,-0.7066544122032464,0
-8.241554,54,4238.78164,-100.0,-0.7573096334944666,0
-8.335103,54,4239.608602,-100.0,-0.6692729127822993,0
-7.667952,53,4240.41664,-100.0,-0.754267369298835,0
-7.752269,39,4241.022824,-100.0,-0.6888581780920889,0
-7.272152,48,4241.763329,-100.0,-0.660480418697998,0
-6.920227,45,4242.438682,-100.0,-0.6237766608762406,0
-7.601135,41,4243.078714,-100.0,-0.6486009226234233,0
-8.693882,55,4243.88836,-100.0,-0.6508264348283844,0
-7.864558,42,4244.542935,-100.0,-0.6366321743907473,0
-7.465897,53,4245.343636,-100.0,-0.797798342435838,0
-7.560724,50,4246.10583,-100.0,-0.6821835417561931,0
-7.667858,46,4246.806026,-100.0,-0.6273206041237638,0
-8.014492,57,4247.675806,-100.0,-0.70962447269502,0
-8.25381,47,4248.383356,-100.0,-0.6531713254369403,0
-8.497212,68,4366.727762,-100.0,-0.7572303907286801,0
-9.857203,72,4367.841743,-100.0,-0.6767242038196992,0
-8.59952,47,4368.569507,-100.0,-0.6915527399406055,0
-7.415459,49,4369.322541,-100.0,-0.7345894513563923,0
-7.180109,40,4369.943147,-100.0,-0.7540819431125746,0
-7.575864,43,4370.594594,-100.0,-0.6033086319302357,0
-8.385514,43,4371.261212,-100.0,-0.7984037736488899,0
-7.40712,46,4371.981842,-100.0,-0.7425653367811708,0
-7.436876,41,4372.614114,-100.0,-0.6052817895531681,0
-8.093556,54,4373.444898,-100.0,-0.7021130880281651,0
-8.153673,45,4374.140657,-100.0,-0.8538292698944862,0
-7.546366,47,4374.844515,-100.0,-0.7123540265629824,0
-7.271619,52,4375.66131,-100.0,-0.7210606427501307,0
-7.209673,42,4376.296426,-100.0,-0.6793207726632764,0
-7.786919,45,4376.998001,-100.0,-0.7519004761637857,0
-7.601122,57,4377.860713,-100.0,-0.7619686635513544,0
-7.569958,40,4378.487359,-100.0,-0.7478604078612254,0
-11.597838,40,4379.094302,-100.0,-0.713965225732393,0
-7.283459,44,4379.769354,-100.0,-0.719132680896695,0
-7.339725,51,4380.553079,-100.0,-0.6628074672775797,0
-7.998475,48,4381.279239,-100.0,-0.6121352362731651,0
-7.125906,39,4381.889607,-100.0,-0.707242907606111,0
-7.557548,53,4382.730651,-100.0,-0.7680323338836234,0
-7.785705,47,4383.445333,-100.0,-0.6717944462346271,0
-7.517384,47,4384.169929,-100.0,-0.6229460605178945,0
-7.751865,46,4384.87841,-100.0,-0.6137230415384938,0
-8.147056,60,4385.811297,-100.0,-0.7948062572266273,0
-7.741933,51,4386.58771,-100.0,-0.7159608967355288,0
-7.716826,53,4387.400488,-100.0,-0.7578368736574512,0
-8.293982,45,4388.119603,-100.0,-0.7754587402732097,0
-7.664706,46,4388.826569,-100.0,-0.6563588404630497,0
-7.229138,49,4389.565672,-100.0,-0.7184922174714127,0
-7.586177,44,4390.2404,-100.0,-0.6855030586218399,0
-8.029276,48,4390.973125,-100.0,-0.661936771934359,0
-6.815015,39,4391.582271,-100.0,-0.7176501196013002,0
-7.314864,52,4392.374858,-100.0,-0.6812083016253725,0
-7.786064,47,4393.095729,-100.0,-0.6779481018811282,0
-7.084846,43,4393.751412,-100.0,-0.7311865489095936,0
-7.820157,43,4394.427429,-100.0,-0.7047711280169575,0
-8.649725,52,4395.20651,-100.0,-0.6187333616404174,0
-7.682522,44,4395.895101,-100.0,-0.7159872054009285,0
-8.845155,61,4396.853103,-100.0,-0.5974609941910379,0
-7.433911,40,4397.464446,-100.0,-0.6593756118073235,0
-8.74944,53,4519.384802,-100.0,-0.6755363432277945,0
-7.469069,43,4520.023411,-100.0,-0.6716217736921571,0
-6.969902,41,4520.64855,-100.0,-0.696717283497365,0
-7.100096,52,4521.474146,-100.0,-0.7609743217450231,0
-7.930603,56,4522.330886,-100.0,-0.768638363866937,0
-6.863295,43,4522.991565,-100.0,-0.6844361719107488,0
-8.176747,41,4523.634754,-100.0,-0.7210157565475631,0
-6.763971,36,4524.193589,-100.0,-0.7629201517776555,0
-6.918057,43,4524.875499,-100.0,-0.7822293109854755,0
-8.26585,60,4525.797598,-100.0,-0.6596860683104735,0
-8.488536,62,4526.787989,-100.0,-0.6331691548041548,0
-9.427477,71,4527.881983,-100.0,-0.6900051795170534,0
-7.289899,40,4528.505317,-100.0,-0.6811525916612479,0
-7.829877,54,4529.334255,-100.0,-0.7894061725413992,0
-8.130028,41,4529.9904,-100.0,-0.5801194215250084,0
-6.455251,37,4530.553094,-100.0,-0.7207221732470511,0
-7.468625,40,4531.175422,-100.0,-0.5850652608399325,0
-6.807178,34,4531.704524,-100.0,-0.6120124270410117,0
-9.011116,40,4532.31883,-100.0,-0.4485763868221078,0
-7.395299,49,4533.083107,-100.0,-0.6397687798966629,0
-7.256982,40,4533.698979,-100.0,-0.6192012188795546,0
-7.428478,44,4534.393892,-100.0,-0.6348089399763575,0
-7.436057,44,4535.073342,-100.0,-0.6708161900275765,0
-6.521172,38,4535.662502,-100.0,-0.7150232867832914,0
-8.260599,58,4536.550069,-100.0,-0.6495664965258582,0
-6.271776,40,4537.183109,-100.0,-0.7349037330823646,0
-10.889801,40,4537.791477,-100.0,-0.6528838727610434,0
-7.942989,55,4538.649981,-100.0,-0.6814383680669821,0
-7.326763,46,4539.367975,-100.0,-0.794225565416653,0
-10.563159,69,4540.421922,-100.0,-0.14847545702431303,0
-9.047873,60,4541.358842,-100.0,-0.6018495507383272,0
-7.717756,50,4542.14681,-100.0,-0.6671469656978511,0
-8.239955,53,4542.979333,-100.0,-0.7520754988276028,0
-7.202418,47,4543.695657,-100.0,-0.7082123908785968,0
-7.898343,42,4544.362013,-100.0,-0.6708530124424792,0
-7.443568,41,4544.996206,-100.0,-0.6345211702289595,0
-7.411441,48,4545.741851,-100.0,-0.7182645682947046,0
-6.599576,39,4546.345603,-100.0,-0.6310612539482159,0
-7.062793,41,4547.001971,-100.0,-0.674218553888205,0
-7.496101,43,4547.670004,-100.0,-0.6420010490961215,0
-8.170145,56,4548.546947,-100.0,-0.7443970070616133,0
-7.502639,53,4549.355526,-100.0,-0.7010272492248528,0
-7.82779,50,4550.115999,-100.0,-0.7167536916809372,0
-7.219212,39,4550.728591,-100.0,-0.7424118965012623,0
-7.816249,55,4669.178685,-100.0,-0.6809443454994345,0
-7.162807,39,4669.774693,-100.0,-0.6367119892940373,0
-7.917455,61,4670.756786,-100.0,-0.6307969656461923,0
-8.078691,42,4671.404822,-100.0,-0.6022541921741482,0
-7.340077,45,4672.08783,-100.0,-0.6977714957926925,0
-6.966376,44,4672.783136,-100.0,-0.7389918624119045,0
-8.384332,62,4673.747356,-100.0,-0.6908170692812459,0
-7.506731,55,4674.608564,-100.0,-0.7181202995990591,0
-7.12282,39,4675.209621,-100.0,-0.641489595870504,0
-7.497944,51,4676.018013,-100.0,-0.6203035410579114,0
-7.682647,49,4676.776063,-100.0,-0.7297735243839851,0
-7.652856,54,4677.613112,-100.0,-0.6408191530770103,0
-8.275517,63,4678.589041,-100.0,-0.6300335444250323,0
-10.151639,84,4679.898019,-100.0,-0.3015418949567921,0
-6.792684,39,4680.510726,-100.0,-0.7897681964159968,0
-7.923488,49,4681.289031,-100.0,-0.6471998638224994,0
-7.220565,46,4681.999193,-100.0,-0.741080024409921,0
-6.765605,42,4682.645867,-100.0,-0.7638581611279404,0
-12.21215,123,4684.553785,-100.0,-0.6748732972327055,0
-7.440092,42,4685.182324,-100.0,-0.6901028685021627,0
-7.877718,50,4685.963931,-100.0,-0.7591847036943954,0
-7.314199,44,4686.647191,-100.0,-0.7162605236673392,0
-6.79145,45,4687.33969,-100.0,-0.7059786601309485,0
-18.655323,122,4689.231758,-100.0,-0.45539520466106426,0
-6.8911,43,4689.899691,-100.0,-0.6610257076666297,0
-7.474043,40,4690.522302,-100.0,-0.6786362380603873,0
-6.702546,45,4691.225281,-100.0,-0.637868812636536,0
-7.03289,40,4691.863788,-100.0,-0.6314542535397673,0
-6.516103,39,4692.478962,-100.0,-0.7497250333482477,0
-6.904473,44,4693.150572,-100.0,-0.7614549888039827,0
-6.366948,41,4693.787882,-100.0,-0.7259715834590384,0
-6.754979,37,4694.358388,-100.0,-0.6220708551129543,0
-9.200018,84,4695.674325,-100.0,-0.6522646152339331,0
-6.936211,43,4696.348444,-100.0,-0.7229397278918589,0
-6.917394,38,4696.919951,-100.0,-0.7551793108154434,0
-6.594951,38,4697.524283,-100.0,-0.7301953738402315,0
-7.661589,50,4698.313828,-100.0,-0.6168304111761642,0
-6.881864,41,4698.949998,-100.0,-0.6653162968960843,0
-8.130676,56,4699.830239,-100.0,-0.6839289297754249,0
-7.193219,44,4825.749408,-100.0,-0.7615219413659667,0
-7.022487,44,4826.445368,-100.0,-0.8704633086460406,0
-8.238152,59,4827.357273,-100.0,-0.7034589444457687,0
-7.533983,43,4828.035589,-100.0,-0.7168537828906306,0
-7.014945,37,4828.62371,-100.0,-0.685636245474787,0
-7.684648,40,4829.249075,-100.0,-0.7084500754426912,0
-8.024698,43,4829.929203,-100.0,-0.6121351988246674,0
-6.830628,42,4830.576837,-100.0,-0.7932867918881725,0
-6.65891,40,4831.216949,-100.0,-0.772796806458736,0
-6.696366,46,4831.926742,-100.0,-0.7371452912071867,0
-7.63697,43,4832.599677,-100.0,-0.732196275255384,0
-7.168803,42,4833.267416,-100.0,-0.5956873823949811,0
-7.478301,41,4833.908081,-100.0,-0.6446015908261311,0
-11.676219,122,4835.804748,-100.0,-0.6892134068219729,0
-8.520343,64,4836.811029,-100.0,-0.6599354048251129,0
-6.920701,38,4837.418317,-100.0,-0.740860844855682,0
-8.012198,54,4838.26907,-100.0,-0.7137548330254808,0
-6.872656,45,4838.965243,-100.0,-0.8011899844907965,0
-6.738994,50,4839.770202,-100.0,-0.7747952505361761,0
-7.454105,53,4840.584809,-100.0,-0.6022110550848987,0
-7.179585,42,4841.235219,-100.0,-0.7335501890090255,0
-7.109025,49,4841.998605,-100.0,-0.701939841701714,0
-6.481135,48,4842.728083,-100.0,-0.767548562418586,0
-7.052439,48,4843.491943,-100.0,-0.7450769593748525,0
-6.651737,41,4844.118398,-100.0,-0.7156188496118697,0
-6.274068,39,4844.746494,-100.0,-0.7000775757852361,0
-7.476963,45,4845.446461,-100.0,-0.7667997605410679,0
-7.585222,44,4846.138519,-100.0,-0.6154480196345476,0
-6.762752,50,4846.920028,-100.0,-0.8023811123801781,0
-7.238995,44,4847.609477,-100.0,-0.6885408790723482,0
-7.185818,47,4848.326873,-100.0,-0.7374409040241741,0
-7.337219,40,4848.954254,-100.0,-0.6941019972740975,0
-5.873759,38,4849.548102,-100.0,-0.7824287097685876,0
-7.128806,50,4850.345187,-100.0,-0.697210223175208,0
-6.886154,38,4850.948831,-100.0,-0.6448649960392496,0
-6.862931,38,4851.530401,-100.0,-0.6469653397254841,0
-7.482094,50,4852.309685,-100.0,-0.7279020499509956,0
-6.882567,39,4852.91916,-100.0,-0.7236491912507367,0
-7.183218,49,4853.682403,-100.0,-0.6900239910553047,0
-6.596003,42,4854.556353,-100.0,-0.6737376727135577,0
-7.434352,37,4855.136358,-100.0,-0.5749058030829932,0
-7.313112,48,4855.868258,-100.0,-0.6196564179286933,0
-6.909278,38,4856.474761,-100.0,-0.5934874173956143,0
-6.329412,37,4857.03867,-100.0,-0.7206315493927532,0
-7.329057,56,4857.940353,-100.0,-0.7569983480225472,0
-7.369453,49,4977.89446,-100.0,-0.63724798072178,0
-7.617962,49,4978.668526,-100.0,-0.6677496166274743,0
-6.877586,43,4979.347673,-100.0,-0.735311414250139,0
-6.186811,33,4979.870425,-100.0,-0.8358280029977673,0
-7.55476,46,4980.590737,-100.0,-0.6655992464952418,0
-6.701287,45,4981.307234,-100.0,-0.744390939724105,0
-6.549726,42,4981.967853,-100.0,-0.7425895070067364,0
-6.798821,42,4982.622074,-100.0,-0.7211529416114753,0
-7.630771,41,4983.280543,-100.0,-0.6835988285347807,0
-6.734767,36,4983.850784,-100.0,-0.6626681819840855,0
-7.665919,53,4984.673886,-100.0,-0.5799836989981512,0
-6.500433,43,4985.34998,-100.0,-0.6683809513474268,0
-7.37458,54,4986.192624,-100.0,-0.7220762418360408,0
-8.295452,43,4986.869081,-100.0,-0.740399594165693,0
-6.770961,40,4987.498008,-100.0,-0.6891806699565859,0
-6.043339,37,4988.095638,-100.0,-0.7673270622788836,0
-8.676526,73,4989.239712,-100.0,-0.7388810124750845,0
-6.807115,49,4989.988283,-100.0,-0.8514703358611345,0
-7.335158,37,4990.578985,-100.0,-0.6383765377249656,0
-6.951436,42,4991.244046,-100.0,-0.679739414366876,0
-6.497177,40,4991.8788,-100.0,-0.6849483560119243,0
-7.250249,45,4992.589148,-100.0,-0.6823202705508553,0
-7.57819,52,4993.397055,-100.0,-0.7193590157055374,0
-7.193598,40,4994.039353,-100.0,-0.6704278560675405,0
-7.226644,44,4994.737381,-100.0,-0.6368571675741044,0
-8.090346,43,4995.409509,-100.0,-0.6256745651063081,0
-6.708896,39,4996.011798,-100.0,-0.6648466353214846,0
-7.273759,43,4996.702513,-100.0,-0.6287165569975032,0
-7.771165,46,4997.437468,-100.0,-0.6928765002269432,0
-7.38276,46,4998.156882,-100.0,-0.7515486931658932,0
-7.262189,48,4998.92261,-100.0,-0.7501912257476137,0
-7.396556,47,4999.645013,-100.0,-0.6598440311121372,0
-7.151627,41,5000.293221,-100.0,-0.61288973565006,0
-6.426147,42,5000.947622,-100.0,-0.6369896470794826,0
-6.866239,39,5001.564859,-100.0,-0.6927632292376344,0
-7.339808,41,5002.208495,-100.0,-0.6250782410390807,0
-7.12689,46,5002.928106,-100.0,-0.6354478867001189,0
-8.099523,46,5003.661211,-100.0,-0.6276635116295747,0
-6.311188,41,5004.313969,-100.0,-0.6780058774386593,0
-7.156055,40,5004.935628,-100.0,-0.8236914418098854,0
-7.76983,44,5005.635472,-100.0,-0.6288225030580878,0
-6.657814,39,5006.239331,-100.0,-0.6072996559446189,0
-6.703681,46,5006.982081,-100.0,-0.769864359557688,0
-6.933763,38,5007.57486,-100.0,-0.6387902091997544,0
-7.337166,41,5008.231873,-100.0,-0.6194971599759248,0
-7.390131,44,5008.906639,-100.0,-0.6818491828844601,0
-7.142903,41,5113.472629,-100.0,-0.6816219895201494,0
-6.346183,39,5114.094064,-100.0,-0.6438981732607532,0
-6.796955,44,5114.798042,-100.0,-0.7393406688951613,0
-7.39812,50,5115.574304,-100.0,-0.6314434429293669,0
-7.547376,58,5116.503764,-100.0,-0.6115108634119025,0
-7.009529,43,5117.180227,-100.0,-0.7347320954845725,0
-6.861213,47,5117.926255,-100.0,-0.7369137120203647,0
-6.496487,38,5118.534636,-100.0,-0.6867499727333163,0
-6.724564,44,5119.227005,-100.0,-0.6546460167706637,0
-6.910606,42,5119.890404,-100.0,-0.7058230582538078,0
-7.911403,64,5120.906249,-100.0,-0.6814396587647695,0
-7.253152,46,5121.638199,-100.0,-0.6600492523300273,0
-7.732017,50,5122.423252,-100.0,-0.7099968565366594,0
-6.539757,43,5123.104602,-100.0,-0.8189380799347667,0
-6.615744,39,5123.722054,-100.0,-0.8373952383392408,0
-7.010093,45,5124.440219,-100.0,-0.6119090901724827,0
-6.657257,40,5125.078202,-100.0,-0.7112422820785915,0
-6.962457,40,5125.698913,-100.0,-0.6517591963910584,0
-7.150508,49,5126.482111,-100.0,-0.6930285977415094,0
-7.062212,42,5127.150062,-100.0,-0.7631600358369267,0
-6.097601,36,5127.717536,-100.0,-0.7895974934649812,0
-7.382936,48,5128.490543,-100.0,-0.6978652920082468,0
-7.050902,48,5129.236008,-100.0,-0.7166766476430881,0
-7.625324,56,5130.127128,-100.0,-0.7040106836783612,0
-5.906635,35,5130.662011,-100.0,-0.7688255553796833,0
-7.544356,42,5131.337109,-100.0,-0.6622399011774509,0
-7.047538,47,5132.078879,-100.0,-0.730061522685868,0
-6.496677,36,5132.656649,-100.0,-0.7173164386342166,0
-6.313987,38,5133.257082,-100.0,-0.7519124684035873,0
-6.686467,43,5133.961587,-100.0,-0.6708044203488959,0
-6.143556,38,5134.572437,-100.0,-0.7609387488173127,0
-7.206151,46,5135.294017,-100.0,-0.6427065229055918,0
-6.883524,43,5135.984231,-100.0,-0.7090991340485678,0
-7.843789,43,5136.661639,-100.0,-0.6216780376518605,0
-7.378874,46,5137.398859,-100.0,-0.6405902563646755,0
-7.209606,44,5138.101357,-100.0,-0.6296717818976666,0
-7.145974,43,5138.78541,-100.0,-0.6711107576209066,0
-8.096813,51,5139.577258,-100.0,-0.6387600671738316,0
-7.072772,43,5140.26118,-100.0,-0.7774704578006522,0
-6.462941,42,5140.929899,-100.0,-0.8495128757402983,0
-6.396913,43,5141.601103,-100.0,-0.6833531406271184,0
-6.452234,41,5142.260356,-100.0,-0.6914850464277987,0
-6.627914,41,5142.907485,-100.0,-0.709027257433948,0
-7.2596,48,5143.659,-100.0,-0.6105533745516102,0
-6.777652,40,5144.295831,-100.0,-0.6542721707767981,0
-6.595711,46,5145.041276,-100.0,-0.7207590058383446,0
-6.839551,39,5145.655656,-100.0,-0.6803515992081816,0
-6.117735,37,5268.166666,-100.0,-0.7424181338683928,0
-7.158557,46,5268.89294,-100.0,-0.7069570506038241,0
-6.531075,39,5269.525109,-100.0,-0.7641370167670041,0
-6.864663,41,5270.183334,-100.0,-0.9480235466446298,0
-6.750977,46,5270.88402,-100.0,-0.7953966140981029,0
-7.026258,51,5271.705613,-100.0,-0.6815705313240595,0
-6.845541,44,5272.397911,-100.0,-0.6970103291679656,0
-7.32803,54,5273.266208,-100.0,-0.6319950396800865,0
-7.380717,44,5273.954487,-100.0,-0.652303848653059,0
-7.127327,43,5274.631369,-100.0,-0.6735773214476459,0
-6.440481,43,5275.308212,-100.0,-0.6664275211826114,0
-6.61062,46,5276.041526,-100.0,-0.7606124564052379,0
-6.681975,38,5276.625113,-100.0,-0.6793686020148968,0
-6.189185,35,5277.199094,-100.0,-0.6872034840130699,0
-7.054146,44,5277.880041,-100.0,-0.6360915136961359,0
-6.882377,43,5278.572573,-100.0,-0.7210398495045346,0
-6.913299,52,5279.390733,-100.0,-0.744262802388983,0
-6.566721,38,5279.99649,-100.0,-0.793147416274863,0
-6.594001,41,5280.638657,-100.0,-0.7038789285257528,0
-6.919447,45,5281.342237,-100.0,-0.6715412368492423,0
-6.902132,43,5282.026412,-100.0,-0.5948198684595366,0
-6.678254,40,5282.665248,-100.0,-0.8151554009542096,0
-6.64437,45,5283.388141,-100.0,-0.6877398029744546,0
-6.990142,42,5284.045979,-100.0,-0.7390788075069019,0
-6.470287,41,5284.68971,-100.0,-0.7250757437191417,0
-6.226131,46,5285.437038,-100.0,-0.7774863144851489,0
-7.080663,39,5286.041171,-100.0,-0.6743533483309899,0
-7.290195,43,5286.730315,-100.0,-0.7213478366917622,0
-6.95125,43,5287.423056,-100.0,-0.709692183591036,0
-7.24683,44,5288.125949,-100.0,-0.7354861226153022,0
-6.880559,40,5288.74796,-100.0,-0.6518401649611043,0
-6.896198,38,5289.342641,-100.0,-0.7404413128433577,0
-6.717597,43,5290.03,-100.0,-0.8160137012999622,0
-6.309157,38,5290.630988,-100.0,-0.7446216898035715,0
-7.260291,43,5291.312702,-100.0,-0.7356042939031108,0
-7.595803,51,5292.124704,-100.0,-0.7052141391052744,0
-7.329103,51,5292.937284,-100.0,-0.6927234937411295,0
-7.517147,45,5293.659158,-100.0,-0.7260574917255231,0
-6.646728,43,5294.316003,-100.0,-0.6630426450136199,0
-6.395242,41,5294.967246,-100.0,-0.7622753091513829,0
-6.24885,38,5295.566186,-100.0,-0.7585703304056518,0
-5.98198,35,5296.133149,-100.0,-0.7653668987075853,0
-6.951736,45,5296.829988,-100.0,-0.8919546047513884,0
-7.157993,43,5297.5225,-100.0,-0.6902051058836938,0
-7.227322,49,5298.290867,-100.0,-0.744583367513315,0
-6.541921,40,5298.924874,-100.0,-0.6831003388308237,0
-7.216784,41,5299.574662,-100.0,-0.7658866384227293,0
-6.172031,38,5300.175998,-100.0,-0.7622339251665046,0
-6.263117,34,5409.907745,-100.0,-0.6679291640980722,0
-6.672375,40,5410.546976,-100.0,-0.6764698445554732,0
-7.253625,42,5411.208829,-100.0,-0.628020563542249,0
-7.16515,42,5411.87781,-100.0,-0.6896506054725902,0
-6.313928,46,5412.607402,-100.0,-0.8314289259679378,0
-6.242222,36,5413.184698,-100.0,-0.7841628275168834,0
-6.537635,41,5413.837359,-100.0,-0.6479179254569101,0
-6.86904,46,5414.581531,-100.0,-0.706265957386235,0
-6.303084,43,5415.264035,-100.0,-0.821502771828813,0
-6.842789,39,5415.889621,-100.0,-0.5909378489533654,0
-6.249444,39,5416.507974,-100.0,-0.665645338622977,0
-6.695143,40,5417.34193,-100.0,-0.6601984143657873,0
-6.515811,45,5418.053047,-100.0,-0.7223425440300665,0
-6.383102,37,5418.643527,-100.0,-0.7131912797875105,0
-6.210157,42,5419.327318,-100.0,-0.7212766613274346,0
-6.445044,38,5419.931305,-100.0,-0.6945964694884662,0
-6.299961,39,5420.548687,-100.0,-0.7319728147578953,0
-7.242818,46,5421.28213,-100.0,-0.6463153434616989,0
-6.648101,46,5422.012005,-100.0,-0.7436757697817303,0
-6.135487,39,5422.638496,-100.0,-0.74925212366841,0
-6.748364,45,5423.351771,-100.0,-0.7395763646664942,0
-6.563173,34,5423.905118,-100.0,-0.6668220261304852,0
-6.365974,38,5424.51158,-100.0,-0.632663035305438,0
-6.633202,40,5425.144638,-100.0,-0.6693534096694231,0
-6.61619,44,5425.843236,-100.0,-0.6597667599027137,0
-6.930556,45,5426.568853,-100.0,-0.6274075934027675,0
-6.598627,43,5427.247707,-100.0,-0.7449107052850216,0
-6.750588,37,5427.82416,-100.0,-0.6770584933825762,0
-6.686117,42,5428.501236,-100.0,-0.8599202031101578,0
-6.492302,44,5429.204338,-100.0,-0.7418273350014034,0
-6.75011,40,5429.84391,-100.0,-0.7050208201307405,0
-6.281421,48,5430.620275,-100.0,-0.7756383430179042,0
-6.631729,39,5431.23841,-100.0,-0.7189214809228952,0
-6.200556,39,5431.850476,-100.0,-0.8541314708366652,0
-6.48186,37,5432.429849,-100.0,-0.7198632082156201,0
-6.466514,37,5433.023852,-100.0,-0.7011540833741029,0
-6.989455,50,5433.802083,-100.0,-0.6576354825778462,0
-6.817815,44,5434.518851,-100.0,-0.6748930693033421,0
-7.105664,41,5435.150226,-100.0,-0.6649062461399307,0
-5.89934,38,5435.763551,-100.0,-0.8157252420204755,0
-6.548221,40,5436.401295,-100.0,-0.636996390572831,0
-6.639175,47,5437.137524,-100.0,-0.7982150019982007,0
-7.177019,50,5437.934916,-100.0,-0.6503350830983948,0
-6.665977,39,5438.5709,-100.0,-0.6215037586170267,0
-6.851341,42,5439.226429,-100.0,-0.7213788008177288,0
-6.593881,47,5439.986302,-100.0,-0.723135628089616,0
-6.209032,37,5440.563801,-100.0,-0.7467429673949421,0
-6.181832,41,5441.21893,-100.0,-0.7017435870093723,0
-6.523172,42,5441.875555,-100.0,-0.7848299876478176,0
-6.564459,44,5544.055701,-100.0,-0.6743910862420444,0
-6.024152,37,5544.643205,-100.0,-0.843371873330247,0
-6.36066,41,5545.294538,-100.0,-0.6830568564853631,0
-6.709354,40,5545.934846,-100.0,-0.6331880768831063,0
-6.140315,34,5546.487695,-100.0,-0.7450800500728075,0
-7.084856,43,5547.171848,-100.0,-0.6656147610554676,0
-6.754072,42,5547.851545,-100.0,-0.7510880705975156,0
-6.859518,39,5548.475096,-100.0,-0.5979793501404583,0
-6.62915,42,5549.166717,-100.0,-0.7564981337727923,0
-6.696468,41,5549.809542,-100.0,-0.6126257280810862,0
-6.958636,44,5550.519586,-100.0,-0.7907048317498365,0
-6.394596,46,5551.241967,-100.0,-0.7448855947793146,0
-6.078734,38,5551.845262,-100.0,-0.8592966538991819,0
-6.353782,38,5552.465935,-100.0,-0.8601329621579805,0
-7.616379,40,5553.094857,-100.0,-0.7110437904460687,0
-6.439275,41,5553.768409,-100.0,-0.6579519063583781,0
-7.106991,40,5554.400788,-100.0,-0.6576582477725521,0
-7.013161,38,5555.003559,-100.0,-0.666449179849139,0
-6.510315,40,5555.626947,-100.0,-0.7196286504483103,0
-5.987291,36,5556.200919,-100.0,-0.8139815933304705,0
-6.521462,37,5556.80741,-100.0,-0.692267230495957,0
-6.823248,53,5557.657652,-100.0,-0.7591181979176568,0
-6.436679,45,5558.376829,-100.0,-0.6848259964043522,0
-5.734934,39,5558.998079,-100.0,-0.8184137916882869,0
-6.575679,37,5559.599796,-100.0,-0.6305929686456182,0
-6.478659,40,5560.229494,-100.0,-0.7297020516855757,0
-6.87176,56,5561.143677,-100.0,-0.784573474296994,0
-6.561233,41,5561.80394,-100.0,-0.7581388628077418,0
-6.415352,39,5562.435382,-100.0,-0.7548983228762647,0
-6.488585,45,5563.13677,-100.0,-0.7946298756366806,0
-6.694841,42,5563.809483,-100.0,-0.6693007242368764,0
-7.070755,41,5564.471639,-100.0,-0.7871547130959533,0
-6.566832,50,5565.280361,-100.0,-0.7116812404463094,0
-6.655938,36,5565.851,-100.0,-0.6839996691502163,0
-6.40192,41,5566.475593,-100.0,-0.7927829872910337,0
-6.85929,39,5567.119365,-100.0,-0.7869958505270752,0
-5.963219,39,5567.750028,-100.0,-0.7906472334896583,0
-6.293988,37,5568.352861,-100.0,-0.6311851286181189,0
-6.903665,45,5569.071652,-100.0,-0.722382541740582,0
-6.743812,31,5569.558444,-100.0,-0.5735989254016419,0
-6.975138,43,5570.230548,-100.0,-0.6936798691329931,0
-6.566352,47,5571.000729,-100.0,-0.7835729892460789,0
-6.18156,36,5571.579245,-100.0,-0.6951045080149272,0
-6.641275,40,5572.219914,-100.0,-0.7245674611821447,0
-6.009745,36,5572.789679,-100.0,-0.7267005502568162,0
-7.894376,67,5573.859531,-100.0,-0.6913400840147006,0
-7.504524,57,5574.756797,-100.0,-0.6921415141519307,0
-6.929727,43,5575.439913,-100.0,-0.6932013349070602,0
-6.894624,45,5576.153487,-100.0,-0.6800425567200878,0
-6.952621,44,5692.343078,-100.0,-0.6681207226722461,0
-6.661835,40,5692.981326,-100.0,-0.6913139600225374,0
-6.341428,39,5693.607676,-100.0,-0.6361625480357128,0
-6.188238,42,5694.285135,-100.0,-0.8020751646184046,0
-7.053251,35,5694.843324,-100.0,-0.6274215673256033,0
-6.307576,42,5695.521381,-100.0,-0.7535524385585151,0
-6.820741,41,5696.190371,-100.0,-0.6157934990036564,0
-6.326704,49,5696.96628,-100.0,-0.7074159016010058,0
-6.639211,40,5697.608108,-100.0,-0.6588477887058646,0
-6.81384,39,5698.239076,-100.0,-0.6679160129751563,0
-7.40331,48,5699.010126,-100.0,-0.647739769811201,0
-6.008558,32,5699.522764,-100.0,-0.6924999588732111,0
-6.011988,35,5700.095011,-100.0,-0.7651196651531617,0
-6.682375,46,5700.813083,-100.0,-0.7702532846323324,0
-6.468078,48,5701.588908,-100.0,-0.7899420256153837,0
-6.672458,36,5702.165919,-100.0,-0.7008972955488924,0
-6.82132,42,5702.835375,-100.0,-0.6120784187106888,0
-6.695605,37,5703.414943,-100.0,-0.6482218578620589,0
-5.873196,36,5704.001934,-100.0,-0.6647040555746302,0
-6.910765,52,5704.865711,-100.0,-0.6936144927590766,0
-6.736012,40,5705.503386,-100.0,-0.6628873050165678,0
-6.637929,41,5706.171334,-100.0,-0.6976713315669626,0
-6.371221,38,5706.779324,-100.0,-0.6896438667809893,0
-6.510995,41,5707.440458,-100.0,-0.6962373594795104,0
-6.032241,36,5708.023923,-100.0,-0.7827378253904286,0
-6.604863,48,5708.77816,-100.0,-0.6956104635478645,0
-6.216711,45,5709.492668,-100.0,-0.7918663315575404,0
-6.144345,41,5710.172596,-100.0,-0.7388821996490825,0
-6.712675,39,5710.795864,-100.0,-0.690814231108771,0
-6.761372,38,5711.416443,-100.0,-0.6337720950032691,0
-6.411633,43,5712.094286,-100.0,-0.7002564907037389,0
-6.963512,40,5712.738918,-100.0,-0.6386289631258721,0
-6.054818,40,5713.389827,-100.0,-0.8290176672326122,0
-6.625122,35,5713.954214,-100.0,-0.7090141499137367,0
-6.232502,39,5714.57177,-100.0,-0.7375268918434219,0
-8.775673,36,5715.176345,-100.0,-0.7736115187983373,0
-6.232519,45,5715.889527,-100.0,-0.7536190997757816,0
-6.752791,38,5716.505705,-100.0,-0.6459573234430223,0
-5.970311,41,5717.175523,-100.0,-0.7573932776859215,0
-6.6229,42,5717.841634,-100.0,-0.6643073052937349,0
-7.09034,47,5718.596894,-100.0,-0.6204158514555376,0
-6.689417,42,5719.273831,-100.0,-0.6940206072323857,0
-6.489575,42,5719.946675,-100.0,-0.6956593683227383,0
-6.211424,36,5720.531096,-100.0,-0.8622295231143517,0
-6.524251,41,5721.177593,-100.0,-0.7655630773134755,0
-6.001487,39,5721.811843,-100.0,-0.7855443043582099,0
-6.088763,41,5722.466939,-100.0,-0.7016834963978931,0
-6.793519,42,5723.144269,-100.0,-0.6372852777089322,0
-6.418215,39,5723.772249,-100.0,-0.6958821580218534,0
-6.309143,42,5724.450493,-100.0,-0.7063228166458592,0
-6.441427,36,5840.559197,-100.0,-0.7180329038065028,0
-6.11722,34,5841.110406,-100.0,-0.7867319882932976,0
-6.235503,42,5841.782269,-100.0,-0.6854335085317332,0
-6.916625,39,5842.410542,-100.0,-0.6676981138628872,0
-6.30981,47,5843.178176,-100.0,-0.739878828571774,0
-6.899794,45,5843.883857,-100.0,-0.6630205115300412,0
-6.134064,38,5844.496294,-100.0,-0.6488268824997638,0
-6.932587,43,5845.190567,-100.0,-0.6497881362996772,0
-6.187618,37,5845.77826,-100.0,-0.6510191203325517,0
-6.715314,41,5846.449749,-100.0,-0.6822201809874535,0
-5.877357,36,5847.026525,-100.0,-0.7772070950566803,0
-6.727244,43,5847.717274,-100.0,-0.6524619184288967,0
-6.380635,40,5848.359324,-100.0,-0.6771833279297499,0
-7.267358,42,5849.03728,-100.0,-0.7122864612518535,0
-6.306348,44,5849.742612,-100.0,-0.6975196991252693,0
-6.440358,38,5850.362388,-100.0,-0.6280210693286534,0
-7.035613,56,5851.267566,-100.0,-0.6746462853530533,0
-6.618301,39,5851.897327,-100.0,-0.6947847142104215,0
-6.713108,41,5852.547027,-100.0,-0.6868038469393067,0
-6.594389,43,5853.240508,-100.0,-0.689103672226284,0
-6.704743,44,5853.948426,-100.0,-0.6876955599840681,0
-7.075333,41,5854.600919,-100.0,-0.7000485044418324,0
-6.0846,35,5855.169744,-100.0,-0.7072295865349111,0
-6.515158,47,5855.913445,-100.0,-0.7375544128945541,0
-6.079034,36,5856.506546,-100.0,-0.7429313415223362,0
-6.681297,37,5857.098258,-100.0,-0.6801943513788239,0
-6.678629,44,5857.806936,-100.0,-0.6726219888149065,0
-6.016316,38,5858.4148,-100.0,-0.7980973664508976,0
-6.281821,37,5859.023904,-100.0,-0.7218972873381,0
-6.314943,37,5859.62306,-100.0,-0.6072934582083185,0
-5.955276,34,5860.158834,-100.0,-0.7696492232295808,0
-6.491426,36,5860.74676,-100.0,-0.7222727153466627,0
-6.624187,39,5861.371894,-100.0,-0.6657112001675816,0
-6.576894,48,5862.132289,-100.0,-0.7060985609217332,0
-6.312526,41,5862.791763,-100.0,-0.7529292874181037,0
-6.585939,42,5863.459541,-100.0,-0.8247670610006949,0
-7.369258,45,5864.191952,-100.0,-0.5914060781576099,0
-6.934708,40,5865.019463,-100.0,-0.7151058857643228,0
-7.29373,54,5865.884686,-100.0,-0.6615719624528813,0
-6.150148,34,5866.434714,-100.0,-0.667818498652778,0
-6.329482,37,5867.033185,-100.0,-0.6888972392310749,0
-6.407314,37,5867.636863,-100.0,-0.6849550591102034,0
-6.309153,45,5868.368228,-100.0,-0.7605244777617692,0
-6.217161,46,5869.098397,-100.0,-0.7578924591085909,0
-6.447091,42,5869.76909,-100.0,-0.6962906439528214,0
-7.138647,45,5870.491658,-100.0,-0.6125129028685917,0
-7.07521,48,5871.276997,-100.0,-0.7493978031775876,0
-6.747526,39,5871.90272,-100.0,-0.6478205436368991,0
-6.892124,44,5872.610465,-100.0,-0.6071530072010258,0
-6.59046,39,5873.255125,-100.0,-0.6656631436269681,0
-6.191973,38,5993.225499,-100.0,-0.6530085584159012,0
-6.664715,41,5993.894526,-100.0,-0.6776296331265438,0
-6.357991,40,5994.554819,-100.0,-0.7127678564080419,0
-7.412959,49,5995.339328,-100.0,-0.731390656238952,0
-6.586687,42,5996.003946,-100.0,-0.7324900996021714,0
-7.202505,42,5996.694864,-100.0,-0.6364341507127145,0
-6.202198,35,5997.257429,-100.0,-0.6284634396553104,0
-5.833837,32,5997.781782,-100.0,-0.7110003485182478,0
-6.662316,33,5998.310042,-100.0,-0.7207324408214637,0
-6.441713,37,5998.902062,-100.0,-0.7484599971919217,0
-6.288458,41,5999.580016,-100.0,-0.8411517198983333,0
-6.497004,31,6000.074858,-100.0,-0.7010174564952649,0
-6.381032,36,6000.662349,-100.0,-0.6751222888572941,0
-6.165889,36,6001.250898,-100.0,-0.626787967219226,0
-5.983162,37,6001.839391,-100.0,-0.7893815571605378,0
-6.222756,36,6002.425645,-100.0,-0.6854793006452297,0
-5.735944,34,6002.988386,-100.0,-0.8414337980920282,0
-5.87642,35,6003.547545,-100.0,-0.6904815263267867,0
-5.812817,37,6004.157546,-100.0,-0.7658914298722316,0
-5.968077,38,6004.76932,-100.0,-0.6933010461799465,0
-6.063509,41,6005.441534,-100.0,-0.7348429449212796,0
-6.393536,38,6006.052214,-100.0,-0.6654781245744594,0
-6.504404,40,6006.699471,-100.0,-0.6711520906633959,0
-6.44423,38,6007.313274,-100.0,-0.8206424751405985,0
-5.998226,36,6007.886421,-100.0,-0.774472427657546,0
-6.159313,36,6008.466339,-100.0,-0.7780251787722422,0
-6.04225,38,6009.079406,-100.0,-0.8059292660933203,0
-5.944767,36,6009.667359,-100.0,-0.8352607890163473,0
-5.827376,35,6010.238219,-100.0,-0.7389935906226491,0
-6.269061,34,6010.790318,-100.0,-0.6289814954498932,0
-6.435042,41,6011.451878,-100.0,-0.6990683602101992,0
-6.29374,42,6012.149271,-100.0,-0.8401393858928485,0
-6.277734,40,6012.77932,-100.0,-0.6713317778843497,0
-6.586775,51,6013.602021,-100.0,-0.6854003283990726,0
-5.770786,34,6014.154293,-100.0,-0.7708028086923431,0
-6.596463,43,6014.833852,-100.0,-0.6730888221034932,0
-6.020763,41,6015.49263,-100.0,-0.8391550179494106,0
-6.542332,40,6016.147193,-100.0,-0.6826273079925747,0
-6.386494,43,6016.863149,-100.0,-0.6559022148888601,0
-6.296548,45,6017.573978,-100.0,-0.7908651950879395,0
-5.846189,35,6018.143303,-100.0,-0.7190733503804122,0
-6.650881,37,6018.746083,-100.0,-0.6334625048255548,0
-6.258569,35,6019.294734,-100.0,-0.7569087272637384,0
-6.121922,37,6019.899412,-100.0,-0.8741519105701108,0
-6.544913,42,6020.590657,-100.0,-0.724760121077273,0
-6.402499,40,6021.227556,-100.0,-0.7255747855715066,0
-6.368565,43,6021.925656,-100.0,-0.7892524862102777,0
-6.494453,41,6022.593219,-100.0,-0.6398946956471916,0
-6.081852,41,6023.266518,-100.0,-0.658364151535673,0
-6.284166,37,6023.857761,-100.0,-0.7943801256831078,0
-6.844984,43,6024.573653,-100.0,-0.6681027868738562,0
-6.264803,47,6025.339338,-100.0,-0.8461606386355447,0
-6.321229,45,6026.048009,-100.0,-0.647656653812425,0
-7.05694,51,6145.444251,-100.0,-0.6886921937782873,0
-6.038662,34,6146.044375,-100.0,-0.7837726330349066,0
-6.160073,44,6146.799333,-100.0,-0.7457303182735219,0
-6.084712,38,6147.484532,-100.0,-0.7440600066951552,0
-6.633446,47,6148.322865,-100.0,-0.6607905383207798,0
-6.350634,37,6148.962359,-100.0,-0.8516184188574022,0
-6.394744,36,6149.597315,-100.0,-0.690059424238312,0
-6.263299,35,6150.229342,-100.0,-0.7000692416341694,0
-6.232175,46,6151.032149,-100.0,-0.837188033975184,0
-6.308065,43,6151.778881,-100.0,-0.6428545740277597,0
-6.57511,49,6152.641007,-100.0,-0.6332884527198674,0
-6.669352,39,6153.326972,-100.0,-0.6664601114877489,0
-6.289598,39,6154.014972,-100.0,-0.6634263922909798,0
-5.947171,42,6154.744662,-100.0,-0.8685343510207164,0
-5.8601,35,6155.380061,-100.0,-0.8692866932367848,0
-6.217073,38,6156.037909,-100.0,-0.7208501247967718,0
-6.136305,40,6156.756956,-100.0,-0.757737206652919,0
-6.849154,47,6157.557585,-100.0,-0.7257724756623433,0
-5.98679,41,6158.273566,-100.0,-0.8018550116945296,0
-6.123926,43,6159.038344,-100.0,-0.7410391220150953,0
-5.85375,33,6159.616923,-100.0,-0.7612996750399714,0
-6.531975,37,6160.276543,-100.0,-0.6711661832927103,0
-6.091064,33,6160.855531,-100.0,-0.6493416193253102,0
-6.041943,41,6161.573118,-100.0,-0.7139052744275458,0
-6.299639,41,6162.293773,-100.0,-0.7177107201050129,0
-6.485367,39,6162.981892,-100.0,-0.7043187449888659,0
-6.019021,37,6163.622588,-100.0,-0.6858149119279158,0
-6.161322,48,6164.476441,-100.0,-0.8291165432968091,0
-6.144715,41,6165.20489,-100.0,-0.6696427653701547,0
-6.342715,41,6165.913655,-100.0,-0.7517326975744499,0
-6.460423,34,6166.507707,-100.0,-0.645497553823764,0
-6.964735,45,6167.299031,-100.0,-0.6448637100445365,0
-6.144251,36,6167.93875,-100.0,-0.7270458895739341,0
-5.983859,37,6168.573699,-100.0,-0.7816108553796302,0
-6.036538,41,6169.292414,-100.0,-0.8738016639899441,0
-6.317888,39,6169.992607,-100.0,-0.8603503267236982,0
-6.534464,40,6170.683141,-100.0,-0.7219428439127079,0
-5.709942,33,6171.25328,-100.0,-0.748864180995399,0
-6.03403,39,6171.945994,-100.0,-0.7137491824041504,0
-6.271042,34,6172.545015,-100.0,-0.685680503098621,0
-6.633604,37,6173.213619,-100.0,-0.6739408184337021,0
-6.422372,37,6173.839197,-100.0,-0.6466594867159101,0
-6.573235,37,6174.481771,-100.0,-0.6876516762801257,0
-6.631047,42,6175.214369,-100.0,-0.7556141631572145,0
-6.215178,35,6175.83664,-100.0,-0.6725142868542087,0
-5.792485,36,6176.462258,-100.0,-0.714110358352007,0
-6.296528,36,6177.108768,-100.0,-0.8807156852975019,0
-6.349144,40,6177.800459,-100.0,-0.6669644442905528,0
-6.383451,38,6178.472668,-100.0,-0.6543246262116591,0
-5.766589,33,6179.05406,-100.0,-0.7439917751350984,0
-5.779631,33,6179.63394,-100.0,-0.7942811867034321,0
-7.095743,49,6180.512472,-100.0,-0.6376813169909593,0
-6.423521,43,6302.164821,-100.0,-0.6881175813033205,0
-6.580556,39,6302.802169,-100.0,-0.6510247427362639,0
-6.157825,38,6303.423353,-100.0,-0.7235848560906462,0
-6.644098,40,6304.088344,-100.0,-0.7006587652462647,0
-5.581594,37,6304.69077,-100.0,-0.85617472862746,0
-6.346378,35,6305.255885,-100.0,-0.6970775831570345,0
-6.175153,40,6305.899343,-100.0,-0.6760834674952132,0
-6.10329,34,6306.460706,-100.0,-0.726993124970044,0
-6.229325,45,6307.197029,-100.0,-0.713094354992186,0
-5.734503,33,6307.721455,-100.0,-0.7669341283575329,0
-6.038316,37,6308.319312,-100.0,-0.8994095745975503,0
-6.353639,48,6309.100237,-100.0,-0.6929931122349103,0
-6.513282,48,6309.917307,-100.0,-0.7201190919271713,0
-7.266067,43,6310.607664,-100.0,-0.8100113677422102,0
-6.212256,40,6311.266701,-100.0,-0.7355825618691365,0
-6.365607,40,6311.913964,-100.0,-0.7307211046101667,0
-5.933317,40,6312.551913,-100.0,-0.7155190844508782,0
-7.389339,47,6313.332228,-100.0,-0.7243251251285225,0
-5.67779,33,6313.854202,-100.0,-0.7368573697046193,0
-6.64071,41,6314.53483,-100.0,-0.6312242905037375,0
-5.724957,32,6315.047415,-100.0,-0.7289329440815796,0
-6.212592,46,6315.801697,-100.0,-0.7539209689964634,0
-5.846013,34,6316.358677,-100.0,-0.7509070268422877,0
-6.215969,35,6316.926768,-100.0,-0.6952192703059352,0
-6.02075,35,6317.497202,-100.0,-0.612518144050393,0
-6.064083,43,6318.196497,-100.0,-0.6821049368346503,0
-6.556903,42,6318.879103,-100.0,-0.6979118872867011,0
-6.121202,36,6319.477116,-100.0,-0.7352347221806711,0
-5.6763,33,6320.025707,-100.0,-0.7456665684889463,0
-6.444422,43,6320.714122,-100.0,-0.6947096037263574,0
-5.856189,39,6321.360072,-100.0,-0.9106156438005066,0
-6.024731,41,6322.035194,-100.0,-0.6860424957173236,0
-5.721883,37,6322.62758,-100.0,-0.7896971101352852,0
-6.201019,34,6323.187142,-100.0,-0.7106761972235534,0
-6.063232,34,6323.745718,-100.0,-0.665099112223305,0
-6.24087,39,6324.384938,-100.0,-0.6261733541324556,0
-6.084328,35,6324.952412,-100.0,-0.6958169632792222,0
-6.298482,35,6325.531413,-100.0,-0.7733570500419815,0
-6.267406,38,6326.152495,-100.0,-0.6621525953077976,0
-6.271447,39,6326.802461,-100.0,-0.6531765861280938,0
-6.323728,38,6327.421033,-100.0,-0.6896230722520239,0
-6.244266,37,6328.01627,-100.0,-0.7053017264278845,0
-6.199166,47,6328.798517,-100.0,-0.7582177038647097,0
-6.020528,32,6329.321,-100.0,-0.7573561418218526,0
-6.182308,37,6329.916052,-100.0,-0.7039911292362737,0
-5.821832,42,6330.597762,-100.0,-0.7739330412121204,0
-6.303061,40,6331.24878,-100.0,-0.6459465166624816,0
-6.691441,45,6332.001575,-100.0,-0.663403122886656,0
-6.076248,40,6332.65672,-100.0,-0.9398399762653327,0
-6.026583,35,6333.229248,-100.0,-0.7234646065252437,0
-6.080471,39,6333.865132,-100.0,-0.7325342284797095,0
-6.260104,38,6334.475299,-100.0,-0.6812097765206314,0
-6.040505,42,6452.050195,-100.0,-0.7564949028905611,0
-5.831042,38,6452.663218,-100.0,-0.8305700569816535,0
-6.202964,39,6453.30503,-100.0,-0.7349751828918876,0
-6.699092,41,6453.991866,-100.0,-0.7003594495190657,0
-6.080866,38,6454.62715,-100.0,-0.6467643561667228,0
-6.576258,40,6455.280951,-100.0,-0.6725928263414479,0
-6.050535,44,6455.995201,-100.0,-0.8228001159308217,0
-6.112683,42,6456.677238,-100.0,-0.7401597791711961,0
-6.533456,33,6457.236359,-100.0,-0.577804321149941,0
-5.94567,39,6457.875229,-100.0,-0.7179923555421798,0
-7.05151,31,6458.392863,-100.0,-0.6344018463444322,0
-5.794588,37,6459.002666,-100.0,-0.6894171546817988,0
-5.788399,38,6459.634171,-100.0,-0.7614383706613146,0
-6.596932,40,6460.282142,-100.0,-0.69480794251764,0
-6.397996,41,6460.94405,-100.0,-0.7525140610412503,0
-5.970949,38,6461.568454,-100.0,-0.8254296782837097,0
-5.792038,43,6462.277914,-100.0,-0.8221821160206751,0
-5.890948,37,6462.872849,-100.0,-0.712712256101879,0
-6.07894,38,6463.508996,-100.0,-0.6627712970969434,0
-6.259886,46,6464.265738,-100.0,-0.7149754314803475,0
-5.832995,35,6464.83141,-100.0,-0.7767688584175164,0
-6.363232,45,6465.566747,-100.0,-0.6879681288940775,0
-5.75631,40,6466.231354,-100.0,-0.8287563027090737,0
-6.082553,37,6466.845859,-100.0,-0.7350320774634307,0
-6.291995,34,6467.401157,-100.0,-0.7435489185742784,0
-6.500724,44,6468.113913,-100.0,-0.7431300776180707,0
-6.783875,48,6468.914978,-100.0,-0.6726955682065426,0
-6.162754,42,6469.606164,-100.0,-0.7311755685942881,0
-6.209041,38,6470.225795,-100.0,-0.7945983591401219,0
-6.35194,39,6470.854888,-100.0,-0.6444052705894973,0
-6.284855,37,6471.458631,-100.0,-0.7177559866687617,0
-5.969428,39,6472.10068,-100.0,-0.7676360679417338,0
-6.266039,42,6472.78568,-100.0,-0.6820236439921948,0
-6.542968,42,6473.481305,-100.0,-0.6663087353354303,0
-7.947028,38,6474.10803,-100.0,-0.4949832772991047,0
-6.124136,32,6474.63626,-100.0,-0.7025334711016767,0
-5.659474,35,6475.204389,-100.0,-0.8408451676952857,0
-5.8991,33,6475.761001,-100.0,-0.8269436292229254,0
-6.740693,42,6476.431904,-100.0,-0.7025221896421837,0
-6.015795,36,6477.027253,-100.0,-0.7085751254558117,0
-6.130663,37,6477.633482,-100.0,-0.7579001576848858,0
-6.876528,51,6478.468619,-100.0,-0.6575842982826305,0
-5.51556,33,6479.006482,-100.0,-0.7282774173008122,0
-6.09347,33,6479.562013,-100.0,-0.6893908921944781,0
-6.096431,34,6480.110507,-100.0,-0.765779517242673,0
-5.777823,37,6480.726392,-100.0,-0.7553197520269581,0
-6.573404,45,6481.461198,-100.0,-0.7075846573803886,0
-6.085783,35,6482.043581,-100.0,-0.6510653000889606,0
-6.475936,40,6482.700221,-100.0,-0.66741250912188,0
-6.149958,35,6483.26541,-100.0,-0.8108778908371598,0
-5.975442,39,6483.91347,-100.0,-0.7998519238897959,0
-5.986305,33,6484.443739,-100.0,-0.678156464958598,0
-6.433728,43,6485.157654,-100.0,-0.5907332649987191,0
-6.057973,37,6601.841174,-100.0,-0.6998440293463627,0
-6.031057,35,6602.416503,-100.0,-0.5879659917723846,0
-5.999933,35,6602.984091,-100.0,-0.6482328874123351,0
-5.742666,35,6603.559326,-100.0,-0.7161479353572396,0
-6.331048,44,6604.2767,-100.0,-0.6723413691695872,0
-6.163099,36,6604.869721,-100.0,-0.6753132276166678,0
-6.480419,38,6605.491834,-100.0,-0.6669747751552181,0
-6.339452,40,6606.15756,-100.0,-0.6850602754825448,0
-6.033914,41,6606.823859,-100.0,-0.7542859465774877,0
-6.039185,34,6607.397386,-100.0,-0.6966362307383794,0
-6.825732,36,6607.988386,-100.0,-0.6888791301093711,0
-5.936448,39,6608.631661,-100.0,-0.6998699046879797,0
-6.813804,41,6609.293903,-100.0,-0.6461085601113189,0
-6.447114,37,6609.886606,-100.0,-0.6637828825846566,0
-5.941047,37,6610.50078,-100.0,-0.7188725488073909,0
-6.248187,38,6611.122497,-100.0,-0.6836514501353497,0
-5.940299,33,6611.675806,-100.0,-0.6692891828245185,0
-5.664577,33,6612.227155,-100.0,-0.8258713336222804,0
-5.993707,34,6612.786443,-100.0,-0.6126881769641516,0
-6.335135,45,6613.515982,-100.0,-0.6485472079162338,0
-6.492943,38,6614.138762,-100.0,-0.6881994600352499,0
-6.562419,41,6614.823592,-100.0,-0.6267339135009579,0
-6.459927,45,6615.555934,-100.0,-0.8208073896164946,0
-6.361788,36,6616.140461,-100.0,-0.6880103893618982,0
-6.269551,43,6616.864306,-100.0,-0.7635887416458113,0
-6.061223,36,6617.444551,-100.0,-0.7650190644433633,0
-6.312035,43,6618.166645,-100.0,-0.7549786131268222,0
-6.230341,41,6618.841365,-100.0,-0.6774545337975152,0
-5.749604,34,6619.406503,-100.0,-0.7225218847435468,0
-6.321587,35,6619.98597,-100.0,-0.6091070955373022,0
-6.082493,39,6620.622167,-100.0,-0.8039853456482642,0
-6.710557,39,6621.267037,-100.0,-0.6390431474465217,0
-6.124473,44,6621.97245,-100.0,-0.7317592878479457,0
-6.584571,42,6622.673586,-100.0,-0.6991525096532341,0
-6.284721,35,6623.255425,-100.0,-0.612913356773941,0
-6.243219,36,6623.844106,-100.0,-0.6562774610727078,0
-6.548496,44,6624.574117,-100.0,-0.6555792196975545,0
-6.166982,40,6625.228683,-100.0,-0.7994247811420383,0
-6.08165,35,6625.796648,-100.0,-0.6807692450858741,0
-6.068303,39,6626.448978,-100.0,-0.6544631072736854,0
-5.810645,34,6627.002398,-100.0,-0.715101662293959,0
-6.059266,40,6627.663202,-100.0,-0.7028879593747098,0
-6.296845,39,6628.301273,-100.0,-0.6741370437819288,0
-6.330921,38,6628.931893,-100.0,-0.8435615828028169,0
-5.720695,33,6629.461607,-100.0,-0.6900084751110147,0
-5.599557,33,6630.007842,-100.0,-0.7620466493196126,0
-6.113505,37,6630.620707,-100.0,-0.7731573024354926,0
-5.83017,36,6631.223399,-100.0,-0.6852218374210218,0
-5.918114,41,6631.898365,-100.0,-0.8052172709790657,0
-6.250763,36,6632.489435,-100.0,-0.6115595394312389,0
-5.952446,44,6633.208061,-100.0,-0.7869749144936847,0
-6.429198,41,6633.881768,-100.0,-0.7108593112879048,0
-6.341695,41,6634.56107,-100.0,-0.7964615753491198,0
-5.719397,38,6635.187215,-100.0,-0.743003977202897,0
-6.273059,33,6751.361533,-100.0,-0.6914575921394123,0
-6.464996,40,6752.027779,-100.0,-0.7548290798176327,0
-5.999419,39,6752.667315,-100.0,-0.7052234926111844,0
-5.794919,38,6753.319001,-100.0,-0.7602558852409338,0
-6.065844,33,6753.849707,-100.0,-0.8243650711195117,0
-6.293099,35,6754.435005,-100.0,-0.6974287304019823,0
-6.569655,39,6755.074907,-100.0,-0.6847039935671169,0
-5.89756,41,6755.751881,-100.0,-0.7454890992016412,0
-5.922333,35,6756.330483,-100.0,-0.8078808170609608,0
-5.995778,35,6756.913933,-100.0,-0.7504469686682895,0
-5.726657,38,6757.539412,-100.0,-0.795776567217522,0
-6.107444,42,6758.231602,-100.0,-0.6761824118176519,0
-5.961478,34,6758.793625,-100.0,-0.6387360720776648,0
-6.708887,47,6759.581171,-100.0,-0.6778801171815969,0
-5.815228,44,6760.305212,-100.0,-0.8121656069039123,0
-5.900704,35,6760.879576,-100.0,-0.6904513490944512,0
-5.875219,40,6761.540421,-100.0,-0.7766625363450902,0
-6.014943,40,6762.193955,-100.0,-0.6167559052177191,0
-6.228725,39,6762.849369,-100.0,-0.7386229073708875,0
-6.44242,39,6763.496151,-100.0,-0.6486955087640538,0
-6.680267,46,6764.242988,-100.0,-0.7442616580850064,0
-6.448333,43,6764.948267,-100.0,-0.6881634395778975,0
-6.152614,36,6765.534278,-100.0,-0.6914219579231579,0
-6.547708,45,6766.287656,-100.0,-0.7232646672233305,0
-6.711244,36,6766.891228,-100.0,-0.626524684074366,0
-5.810468,35,6767.477831,-100.0,-0.8455752975842119,0
-6.503768,41,6768.155288,-100.0,-0.7294961380175808,0
-6.065245,34,6768.710243,-100.0,-0.6123197165996025,0
-5.526142,37,6769.328506,-100.0,-0.8039056160014031,0
-6.003751,33,6769.88101,-100.0,-0.6744101276112067,0
-6.13108,41,6770.558655,-100.0,-0.6896317426882305,0
-5.832357,39,6771.199738,-100.0,-0.8662750565179484,0
-6.060027,39,6771.846717,-100.0,-0.7112908855372352,0
-6.459918,42,6772.553371,-100.0,-0.6461411886922223,0
-6.296509,33,6773.089439,-100.0,-0.698903945308369,0
-6.49483,40,6773.750261,-100.0,-0.6291604736132894,0
-5.488231,33,6774.292125,-100.0,-0.7223802546717595,0
-5.464053,33,6774.823265,-100.0,-0.8177483428030271,0
-6.516141,42,6775.519227,-100.0,-0.6835117611209716,0
-5.846571,44,6776.225213,-100.0,-0.6601910235915881,0
-6.130988,42,6776.955515,-100.0,-0.7525978284154954,0
-6.875047,41,6777.634869,-100.0,-0.7447853167644385,0
-6.13161,42,6778.321778,-100.0,-0.7173901912530507,0
-6.508477,45,6779.056393,-100.0,-0.63528509303613,0
-6.23149,39,6779.705907,-100.0,-0.7871936501676562,0
-6.156207,36,6780.301535,-100.0,-0.7231977312397336,0
-6.295344,37,6780.911276,-100.0,-0.8025075757688459,0
-5.761682,39,6781.56233,-100.0,-0.8042226033756952,0
-6.337711,41,6782.227845,-100.0,-0.6783149145690038,0
-6.097887,35,6782.829235,-100.0,-0.6804550357328191,0
-6.741646,43,6783.545938,-100.0,-0.6061527381647888,0
-6.0026,35,6784.115624,-100.0,-0.7930814069631734,0
-6.373511,36,6784.706632,-100.0,-0.6683052658994716,0
-5.927369,36,6903.813768,-100.0,-0.8070137343230627,0
-6.223022,38,6904.440714,-100.0,-0.7251262277309624,0
-5.606435,40,6905.105346,-100.0,-0.7620048124872496,0
-6.103612,45,6905.858461,-100.0,-0.6675378646645396,0
-5.777225,40,6906.505057,-100.0,-0.8061151748899827,0
-5.821041,38,6907.132825,-100.0,-0.7638707902737416,0
-6.628964,39,6907.798213,-100.0,-0.6818575638524597,0
-6.440725,38,6908.417456,-100.0,-0.7044768189227524,0
-5.537722,32,6908.953526,-100.0,-0.8216818235217722,0
-6.251389,35,6909.534397,-100.0,-0.6462466588275705,0
-6.149831,33,6910.079394,-100.0,-0.609989923858657,0
-6.737166,49,6910.888356,-100.0,-0.8408777438794374,0
-5.8567,34,6911.449024,-100.0,-0.7208322002682112,0
-6.599951,35,6912.033282,-100.0,-0.6410224113624537,0
-5.876801,33,6912.572587,-100.0,-0.6672121761288692,0
-6.191749,43,6913.295529,-100.0,-0.7439436757360299,0
-5.590602,33,6913.853987,-100.0,-0.7703916537227979,0
-6.31528,46,6914.617675,-100.0,-0.644047479468054,0
-5.731667,39,6915.246312,-100.0,-0.8232780530593896,0
-6.14737,34,6915.82047,-100.0,-0.6859051188654156,0
-5.767864,36,6916.416607,-100.0,-0.6142222316445719,0
-6.352024,35,6917.01172,-100.0,-0.736864804767333,0
-6.041582,33,6917.546279,-100.0,-0.6967951822242422,0
-6.145058,38,6918.161825,-100.0,-0.6885019337025572,0
-6.282836,39,6918.816531,-100.0,-0.6103337113580706,0
-5.960971,39,6919.469363,-100.0,-0.8690334722175983,0
-5.935499,38,6920.099254,-100.0,-0.7637704785826874,0
-6.147563,34,6920.657896,-100.0,-0.6637886048388367,0
-6.298871,42,6921.361612,-100.0,-0.676842564627788,0
-6.343004,41,6922.024964,-100.0,-0.6547151063424265,0
-6.256181,40,6922.685572,-100.0,-0.8679380932502782,0
-6.138286,34,6923.245363,-100.0,-0.6914250405785104,0
-6.410099,43,6923.967323,-100.0,-0.7244196447429584,0
-6.194329,49,6924.778459,-100.0,-0.7841058206096863,0
-6.335681,42,6925.467679,-100.0,-0.7384199175560403,0
-5.935382,41,6926.142308,-100.0,-0.7548357078627891,0
-5.743108,34,6926.699491,-100.0,-0.7069029762015425,0
-6.506747,45,6927.434587,-100.0,-0.6349369255780243,0
-5.820065,34,6927.992809,-100.0,-0.7872713050801764,0
-5.779007,33,6928.542978,-100.0,-0.6998733117931261,0
-6.323196,39,6929.201662,-100.0,-0.6768914553174633,0
-5.604961,40,6929.855474,-100.0,-0.8560138542770169,0
-6.510076,34,6930.41847,-100.0,-0.6464024050361383,0
-6.310279,34,6930.983951,-100.0,-0.6487512730191614,0
-6.419609,36,6931.581306,-100.0,-0.7860868223063648,0
-6.050694,36,6932.183732,-100.0,-0.690694111983052,0
-5.917883,40,6932.844474,-100.0,-0.7152565409102913,0
-6.152779,36,6933.440179,-100.0,-0.7381820722832282,0
-6.439123,43,6934.140481,-100.0,-0.6935423710553503,0
-5.990579,40,6934.796505,-100.0,-0.7861195710349028,0
-5.762607,38,6935.436363,-100.0,-0.9248163575346815,0
-5.888642,36,6936.026625,-100.0,-0.7806948790294841,0
-6.442996,38,6936.663594,-100.0,-0.6528842176162442,0
-6.395836,45,7033.345911,-100.0,-0.7199205943062716,0
-6.06471,33,7033.895531,-100.0,-0.8069478937616286,0
-5.438279,39,7034.537214,-100.0,-0.798337965008381,0
-5.825103,32,7035.071255,-100.0,-0.7337989842407405,0
-6.3511,40,7035.745566,-100.0,-0.7365299112747951,0
-5.793452,34,7036.30514,-100.0,-0.6533084078820038,0
-5.773797,35,7036.881173,-100.0,-0.8163149438991879,0
-5.866747,33,7037.435591,-100.0,-0.7603066378459303,0
-5.59809,35,7038.023766,-100.0,-0.7050678609884696,0
-6.08213,33,7038.56909,-100.0,-0.7814313719670241,0
-5.797732,34,7039.126602,-100.0,-0.6532767992658741,0
-6.177682,35,7039.699897,-100.0,-0.7042955935981143,0
-5.968439,39,7040.363279,-100.0,-0.7724075959642347,0
-6.233599,37,7040.992532,-100.0,-0.6268512553014189,0
-5.557911,33,7041.531655,-100.0,-0.7551660344432786,0
-6.097534,39,7042.185533,-100.0,-0.6991664531911994,0
-6.35332,38,7042.803248,-100.0,-0.5878564868800511,0
-5.968592,39,7043.457032,-100.0,-0.8634167577579539,0
-5.599924,33,7043.996939,-100.0,-0.7220557304597389,0
-5.466562,35,7044.567754,-100.0,-0.8081818839620856,0
-6.341118,42,7045.265364,-100.0,-0.7283968342558041,0
-5.802283,37,7045.889267,-100.0,-0.8409197832824359,0
-5.698273,37,7046.497289,-100.0,-0.8193728347908499,0
-5.634564,33,7047.05783,-100.0,-0.7677933838497019,0
-6.203693,42,7047.731469,-100.0,-0.643474611025344,0
-5.90689,35,7048.325933,-100.0,-0.7002276828735157,0
-5.990332,42,7049.026751,-100.0,-0.8117364912926943,0
-5.764137,37,7049.631777,-100.0,-0.7901386212434283,0
-5.80151,35,7050.211985,-100.0,-0.7300175010559692,0
-6.327214,44,7050.949195,-100.0,-0.6863498075653758,0
-6.370516,34,7051.521471,-100.0,-0.6787243899966912,0
-5.905199,36,7052.115419,-100.0,-0.7916937722531016,0
-6.303221,35,7052.695834,-100.0,-0.6508448609371799,0
-6.089078,34,7053.264241,-100.0,-0.6252911023855732,0
-6.451452,36,7053.841725,-100.0,-0.6141969109464155,0
-5.999818,43,7054.568691,-100.0,-0.727830482415198,0
-5.701859,37,7055.162667,-100.0,-0.8524579103997796,0
-5.780779,34,7055.741564,-100.0,-0.8396673886446596,0
-6.139216,38,7056.373155,-100.0,-0.6955188587470412,0
-5.831914,34,7056.939523,-100.0,-0.6889990569126837,0
-5.97133,37,7057.555595,-100.0,-0.7046543284525592,0
-5.947038,36,7058.163292,-100.0,-0.7150769275324421,0
-5.676252,40,7058.837217,-100.0,-0.8366838406208676,0
-5.954208,33,7059.373535,-100.0,-0.7388747699447766,0
-5.805684,34,7059.930254,-100.0,-0.7275268524309495,0
-6.084536,34,7060.503595,-100.0,-0.668563836635884,0
-6.005136,43,7061.212104,-100.0,-0.8222200150499629,0
-6.552555,39,7061.870795,-100.0,-0.7332941601842984,0
-5.968721,35,7062.458489,-100.0,-0.7188207841080871,0
-6.57162,39,7063.111874,-100.0,-0.6774989294172157,0
-6.150247,34,7063.666924,-100.0,-0.7028322438774337,0
-5.984492,35,7064.256664,-100.0,-0.7280686247020146,0
-5.979857,38,7064.893126,-100.0,-0.6976875425336037,0
-5.686358,34,7065.447303,-100.0,-0.7467307992417173,0
-5.896868,42,7066.149891,-100.0,-0.7653234877235544,0
-6.355624,39,7066.793777,-100.0,-0.6962562474655558,0
-6.073398,46,7174.000678,-100.0,-0.9198341033949371,0
-5.961067,37,7174.619605,-100.0,-0.7176348075916734,0
-5.929563,35,7175.199087,-100.0,-0.6892547073702752,0
-5.424015,34,7175.750274,-100.0,-0.8272402020304751,0
-5.885632,41,7176.438414,-100.0,-0.7787267699832809,0
-5.744397,39,7177.08598,-100.0,-0.8618710578744756,0
-6.666416,37,7177.702239,-100.0,-0.607248486038046,0
-5.626614,32,7178.235806,-100.0,-0.7960260239993334,0
-5.946349,34,7178.810361,-100.0,-0.7006145391091414,0
-6.248787,35,7179.396125,-100.0,-0.7059595097717446,0
-5.4742,33,7179.935222,-100.0,-0.7266564522413881,0
-6.01625,33,7180.497003,-100.0,-0.731973633974165,0
-6.144254,34,7181.05874,-100.0,-0.683596857577366,0
-5.975903,45,7181.822735,-100.0,-0.723238589290007,0
-5.701455,32,7182.34839,-100.0,-0.7995457030308625,0
-6.097881,33,7182.895178,-100.0,-0.6275181840107894,0
-5.949118,39,7183.557611,-100.0,-0.7339417132406363,0
-5.720827,33,7184.091495,-100.0,-0.7646103684121309,0
-5.983761,39,7184.74943,-100.0,-0.719162266562381,0
-5.779002,37,7185.353878,-100.0,-0.7143612225295555,0
-5.598602,33,7185.914176,-100.0,-0.7926985272133272,0
-5.971167,33,7186.466097,-100.0,-0.6624118679564335,0
-6.077585,37,7187.085559,-100.0,-0.6502561760786214,0
-6.082408,37,7187.702376,-100.0,-0.7405993959254377,0
-5.800263,33,7188.262962,-100.0,-0.7055212836229839,0
-6.14104,35,7188.856874,-100.0,-0.6915314018032798,0
-5.561255,33,7189.401694,-100.0,-0.7627455613138985,0
-5.387946,32,7189.934032,-100.0,-0.8655893370870484,0
-5.870186,35,7190.506336,-100.0,-0.6966617923355113,0
-5.607917,32,7191.045803,-100.0,-0.8222483010710168,0
-5.987201,32,7191.577904,-100.0,-0.7162637753307839,0
-6.051147,37,7192.197135,-100.0,-0.6767786835139497,0
-5.815323,33,7192.758748,-100.0,-0.5784352606088617,0
-5.808414,33,7193.308217,-100.0,-0.7688987826221491,0
-6.058626,34,7193.888994,-100.0,-0.6852752876739595,0
-5.716205,39,7194.52948,-100.0,-0.7953381095953108,0
-6.023626,33,7195.085352,-100.0,-0.6668943841316245,0
-6.254593,39,7195.71423,-100.0,-0.6416212682146225,0
-5.628827,35,7196.305806,-100.0,-0.8395623129681515,0
-6.136784,38,7196.926718,-100.0,-0.6911905472279166,0
-6.000312,34,7197.507322,-100.0,-0.6936849748027064,0
-5.659856,33,7198.056733,-100.0,-0.7617017823016848,0
-5.873565,33,7198.61232,-100.0,-0.7013527407705114,0
-5.757291,33,7199.161283,-100.0,-0.8182410875488633,0
-5.538891,32,7199.689688,-100.0,-0.821999254813166,0
-5.774422,34,7200.258124,-100.0,-0.7286206987768719,0
-6.192306,35,7200.841638,-100.0,-0.6751332476044213,0
-6.251714,41,7201.526797,-100.0,-0.65604789943112,0
-6.000801,33,7202.078311,-100.0,-0.5979353501033051,0
-5.644142,34,7202.657149,-100.0,-0.6943014661724568,0
-6.154509,36,7203.24797,-100.0,-0.706573883719724,0
-6.189464,36,7203.857067,-100.0,-0.6951400744536176,0
-5.842302,34,7204.410102,-100.0,-0.7531651034996484,0
-6.040754,36,7205.00071,-100.0,-0.738278736178035,0
-5.577567,38,7205.624332,-100.0,-0.7552513530163748,0
-5.999678,43,7206.343726,-100.0,-0.7124401071814772,0
-5.652368,33,7206.89478,-100.0,-0.7457297372477122,0
-6.15221,34,7207.457563,-100.0,-0.7493505764732282,0
-6.633169,45,7314.865058,-100.0,-0.6368988478039151,0
-5.679896,37,7315.483549,-100.0,-0.7957614974336769,0
-5.849099,39,7316.171108,-100.0,-0.7033058259652558,0
-6.074206,36,7316.761014,-100.0,-0.7223350943205733,0
-5.756595,40,7317.427645,-100.0,-0.7462167075566778,0
-5.677986,39,7318.071314,-100.0,-0.6998038137957732,0
-5.855043,33,7318.618432,-100.0,-0.6620981989147581,0
-6.288238,37,7319.241323,-100.0,-0.6917551884049632,0
-5.590686,34,7319.806075,-100.0,-0.784841444994048,0
-6.129277,34,7320.382254,-100.0,-0.6820716399033496,0
-5.622465,35,7320.964226,-100.0,-0.7676710548867409,0
-5.862429,34,7321.53726,-100.0,-0.7944814010189132,0
-5.722898,33,7322.091039,-100.0,-0.7400372603245003,0
-5.88649,40,7322.757796,-100.0,-0.6533955792811481,0
-5.712544,34,7323.32651,-100.0,-0.7030518498672147,0
-5.582157,33,7323.870577,-100.0,-0.82230279962835,0
-5.814403,40,7324.54831,-100.0,-0.6582516632753113,0
-5.944575,44,7325.27277,-100.0,-0.6436691020914104,0
-6.445659,39,7325.930946,-100.0,-0.6332199695903348,0
-5.739507,40,7326.61215,-100.0,-0.7321022313452868,0
-5.441337,32,7327.133779,-100.0,-0.8036053499958685,0
-5.741874,33,7327.684084,-100.0,-0.6624135111063545,0
-5.946698,34,7328.249926,-100.0,-0.6864995100273305,0
-5.918541,33,7328.801661,-100.0,-0.6850932287948849,0
-5.670945,35,7329.387791,-100.0,-0.739266460730329,0
-6.111335,36,7329.984493,-100.0,-0.6761886369743634,0
-5.716006,34,7330.563827,-100.0,-0.6788364434581334,0
-5.939618,34,7331.135905,-100.0,-0.6551574432865418,0
-5.904614,35,7331.730905,-100.0,-0.7042155349755854,0
-5.784063,35,7332.31309,-100.0,-0.7307711526791915,0
-6.111518,35,7332.902022,-100.0,-0.6659656671856579,0
-5.942142,34,7333.468781,-100.0,-0.7573810764888539,0
-5.862178,37,7334.081961,-100.0,-0.770378505198133,0
-5.699991,37,7334.700099,-100.0,-0.7859394140421008,0
-5.780677,33,7335.262788,-100.0,-0.7118485692065468,0
-5.815663,36,7335.87605,-100.0,-0.7414515525462004,0
-6.07998,34,7336.423516,-100.0,-0.7844039489831001,0
-6.001908,33,7336.973722,-100.0,-0.6472907471777003,0
-6.155493,38,7337.618985,-100.0,-0.6525633952462842,0
-6.039906,33,7338.178634,-100.0,-0.7073337943773395,0
-5.606273,34,7338.73574,-100.0,-0.7169506778881353,0
-6.434083,37,7339.365215,-100.0,-0.7768902732310938,0
-5.953128,34,7339.932064,-100.0,-0.6770492648576328,0
-5.515278,39,7340.58894,-100.0,-0.80114104575683,0
-5.359851,33,7341.144825,-100.0,-0.8737375153408292,0
-5.997555,34,7341.71121,-100.0,-0.6738542310209292,0
-6.017145,33,7342.254767,-100.0,-0.6221834256614185,0
-6.107784,33,7342.802325,-100.0,-0.7097175500687378,0
-5.905944,33,7343.356018,-100.0,-0.663198210149666,0
-6.175825,39,7344.009676,-100.0,-0.6411021984583641,0
-5.985206,33,7344.552838,-100.0,-0.7179207345268095,0
-5.966234,38,7345.197324,-100.0,-0.7304532996821584,0
-6.312184,44,7345.932788,-100.0,-0.6886271201093608,0
-5.673644,33,7346.481971,-100.0,-0.7171235903845814,0
-5.925939,33,7347.04219,-100.0,-0.6664633409190963,0
-5.571798,34,7347.616878,-100.0,-0.7435140288593564,0
-5.765257,34,7348.186227,-100.0,-0.6955606428926308,0
-5.529039,34,7477.475919,-100.0,-0.7616897467263102,0
-6.094242,35,7478.06583,-100.0,-0.6448328687846356,0
-5.804323,35,7478.647156,-100.0,-0.7628790034493107,0
-5.980348,34,7479.214724,-100.0,-0.6650807765444059,0
-5.774509,32,7479.752939,-100.0,-0.8130282138759504,0
-5.993651,39,7480.402519,-100.0,-0.8351238612611419,0
-5.946077,43,7481.128665,-100.0,-0.7308810883112292,0
-5.848418,33,7481.685373,-100.0,-0.7650938071062487,0
-5.610114,33,7482.235759,-100.0,-0.7836846290989883,0
-6.630033,42,7482.9369,-100.0,-0.6753322275822823,0
-5.732706,33,7483.487504,-100.0,-0.7918728913010803,0
-5.897314,36,7484.095273,-100.0,-0.7118374484065558,0
-5.819397,36,7484.691683,-100.0,-0.7741360514146505,0
-5.680723,34,7485.260926,-100.0,-0.7369914386001779,0
-5.503274,32,7485.803512,-100.0,-0.750621831211834,0
-5.901672,34,7486.371458,-100.0,-0.6820441911544568,0
-6.08094,33,7486.931996,-100.0,-0.6830396566015312,0
-6.339533,40,7487.608376,-100.0,-0.7233387094987856,0
-5.856999,33,7488.163021,-100.0,-0.7227547295397814,0
-5.600543,34,7488.730637,-100.0,-0.87519876982645,0
-5.523046,33,7489.27467,-100.0,-0.8049529644299294,0
-5.941802,35,7489.863956,-100.0,-0.7071855188178797,0
-5.913011,32,7490.408535,-100.0,-0.7823279145002178,0
-5.720092,35,7490.995842,-100.0,-0.8827502422989164,0
-6.00491,34,7491.563363,-100.0,-0.7350198019788267,0
-6.138143,33,7492.107286,-100.0,-0.7287173768958856,0
-5.518656,33,7492.667448,-100.0,-0.7783640632272933,0
-5.806108,34,7493.23947,-100.0,-0.7773170544802416,0
-6.195693,38,7493.894221,-100.0,-0.7214852529560718,0
-5.705045,34,7494.447675,-100.0,-0.778251308141395,0
-5.871948,34,7495.034704,-100.0,-0.7298174232618522,0
-6.003457,33,7495.569789,-100.0,-0.6296277002656602,0
-5.737197,38,7496.215211,-100.0,-0.6782680639719584,0
-5.640521,34,7496.785136,-100.0,-0.8193280546881488,0
-5.547532,35,7497.362745,-100.0,-0.8293622892123764,0
-6.55928,36,7497.96872,-100.0,-0.6998725744260099,0
-5.981204,34,7498.540185,-100.0,-0.7253075679120072,0
-5.684035,35,7499.129823,-100.0,-0.7365527561403202,0
-6.156489,34,7499.70311,-100.0,-0.6296955420172049,0
-5.966538,34,7500.273775,-100.0,-0.6397019942318732,0
-6.026493,37,7500.898016,-100.0,-0.7029883836385622,0
-5.74696,33,7501.437875,-100.0,-0.8350379784402239,0
-5.728546,34,7502.007303,-100.0,-0.7418800465560629,0
-5.996281,35,7502.587044,-100.0,-0.8352549235425145,0
-5.657608,33,7503.143712,-100.0,-0.8139999021143383,0
-5.918177,33,7503.685245,-100.0,-0.7571213387359369,0
-5.940073,38,7504.339009,-100.0,-0.7956481722020656,0
-5.777216,34,7504.918748,-100.0,-0.7938123273778579,0
-6.128862,36,7505.514829,-100.0,-0.7080949895968712,0
-5.721438,33,7506.055403,-100.0,-0.7411911251152568,0
-5.677855,34,7506.626895,-100.0,-0.7662919762693425,0
-5.442187,32,7507.165871,-100.0,-0.7727022083682221,0
-5.969577,33,7507.71504,-100.0,-0.6131110950392054,0
-5.984062,34,7508.297972,-100.0,-0.5890896953764759,0
-5.722831,37,7508.928624,-100.0,-0.8120351365015542,0
-5.606567,33,7509.477374,-100.0,-0.802660700178181,0
-6.079411,34,7510.043588,-100.0,-0.6893372764301552,0
-5.942512,43,7510.77845,-100.0,-0.7217569217808526,0
-5.391092,33,7511.336607,-100.0,-0.8496438921706663,0
-6.033766,35,7636.142876,-100.0,-0.7440303321860571,0
-6.139698,34,7636.712238,-100.0,-0.6364256621797171,0
-5.993352,35,7637.310558,-100.0,-0.7107716150182434,0
-6.058398,36,7637.920609,-100.0,-0.652107569095238,0
-6.176892,43,7638.629941,-100.0,-0.6833846311228248,0
-5.748215,34,7639.208374,-100.0,-0.7478721291250904,0
-5.45476,33,7639.760508,-100.0,-0.7995736072467867,0
-5.973609,34,7640.337578,-100.0,-0.808915835622276,0
-5.88092,40,7640.995649,-100.0,-0.7646158171485828,0
-6.044527,36,7641.594375,-100.0,-0.7268415187068604,0
-6.163633,34,7642.163878,-100.0,-0.7392880167605098,0
-5.956712,33,7642.72911,-100.0,-0.6164917697650631,0
-6.117874,35,7643.309451,-100.0,-0.6534523206871907,0
-5.887352,41,7643.996613,-100.0,-0.8495203084849449,0
-5.983101,32,7644.544167,-100.0,-0.875195716228252,0
-5.785252,33,7645.097133,-100.0,-0.6560033456722423,0
-5.381493,33,7645.658061,-100.0,-0.806510710763292,0
-5.855512,34,7646.223851,-100.0,-0.6691724435841391,0
-5.786134,38,7646.857773,-100.0,-0.7280359660198811,0
-6.192074,35,7647.444392,-100.0,-0.6850872801721073,0
-5.644825,33,7648.003939,-100.0,-0.6485594060684818,0
-5.669854,39,7648.644833,-100.0,-0.8383427373271457,0
-5.985351,45,7649.385664,-100.0,-0.800141996749254,0
-5.588977,34,7649.958804,-100.0,-0.7759746188470716,0
-5.98005,34,7650.530097,-100.0,-0.7078436609075255,0
-5.816384,34,7651.102344,-100.0,-0.6847814793600097,0
-6.06613,34,7651.687085,-100.0,-0.6543842214447857,0
-5.843909,34,7652.244023,-100.0,-0.7136286675430604,0
-6.152159,35,7652.82688,-100.0,-0.6686208040190192,0
-5.89102,33,7653.384752,-100.0,-0.6520902797194887,0
-6.016407,36,7653.984855,-100.0,-0.7969326057725332,0
-5.592022,33,7654.540436,-100.0,-0.7445614134681954,0
-5.431726,32,7655.086803,-100.0,-0.9028271909637283,0
-5.482331,32,7655.628162,-100.0,-0.8122980194085292,0
-5.881755,33,7656.189623,-100.0,-0.6483887806461648,0
-6.176897,38,7656.825803,-100.0,-0.6840518788133909,0
-5.666989,33,7657.376589,-100.0,-0.8122340764010438,0
-5.918022,33,7657.937697,-100.0,-0.8035059014295518,0
-5.507694,32,7658.468256,-100.0,-0.851279437220804,0
-5.894183,40,7659.146609,-100.0,-0.7896927690660178,0
-5.915418,34,7659.717833,-100.0,-0.6532437891371092,0
-5.927327,35,7660.310981,-100.0,-0.6956776400847714,0
-5.511573,33,7660.862608,-100.0,-0.8228831747454195,0
-5.733886,33,7661.416539,-100.0,-0.722035538829075,0
-5.77002,33,7661.971731,-100.0,-0.6877472566125227,0
-5.900729,39,7662.625775,-100.0,-0.7530221885970809,0
-6.468786,36,7663.228588,-100.0,-0.6321067267837982,0
-5.899223,35,7663.806062,-100.0,-0.7300364506339412,0
-5.830319,33,7664.366935,-100.0,-0.7204021943045018,0
-5.588417,40,7665.017584,-100.0,-0.6880707396479051,0
-6.118749,34,7665.59145,-100.0,-0.732682154024738,0
-5.80669,33,7666.149512,-100.0,-0.7659617588098594,0
-6.015555,33,7666.716247,-100.0,-0.6235429178940337,0
-5.875467,35,7667.304347,-100.0,-0.7607013296585896,0
-5.42449,32,7667.849942,-100.0,-0.9027028700575713,0
-6.111295,39,7668.498351,-100.0,-0.6869067753789413,0
-5.693212,39,7669.134279,-100.0,-0.7827888221153206,0
-5.992251,33,7669.693046,-100.0,-0.687149662117805,0
-5.888888,38,7670.328262,-100.0,-0.8310343697983554,0
-5.774593,34,7791.485351,-100.0,-0.67811405761706,0
-5.749735,34,7792.063083,-100.0,-0.8115536633667559,0
-5.381924,33,7792.614652,-100.0,-0.7731748897037789,0
-5.708686,36,7793.225396,-100.0,-0.7971587077280333,0
-5.77844,34,7793.792556,-100.0,-0.7295014772179413,0
-5.430349,33,7794.34563,-100.0,-0.7697130716100815,0
-5.474987,34,7794.917045,-100.0,-0.8081638938978974,0
-5.625603,32,7795.45676,-100.0,-0.7650153751575725,0
-5.499933,34,7796.028022,-100.0,-0.7317348570851065,0
-5.755525,32,7796.581263,-100.0,-0.872226224476822,0
-5.785058,34,7797.147189,-100.0,-0.7425533766008624,0
-5.691229,38,7797.777543,-100.0,-0.933526663179326,0
-5.4628,33,7798.339291,-100.0,-0.7846811218495038,0
-5.573138,39,7799.008634,-100.0,-0.8003566422102782,0
-5.542452,33,7799.56813,-100.0,-0.7040505263238035,0
-5.452826,32,7800.11242,-100.0,-0.8523778038829395,0
-5.866435,33,7800.663554,-100.0,-0.7096089200695669,0
-5.67933,33,7801.21977,-100.0,-0.7080830635471211,0
-5.553758,35,7801.815763,-100.0,-0.7468364682580021,0
-6.169243,37,7802.433098,-100.0,-0.6590299705055526,0
-5.849406,33,7802.992979,-100.0,-0.7035877622083648,0
-5.682693,33,7803.546532,-100.0,-0.7305290773679929,0
-5.994604,35,7804.143604,-100.0,-0.6966682697311519,0
-5.860946,32,7804.686804,-100.0,-0.7260560781716935,0
-5.669101,38,7805.325828,-100.0,-0.7281464035073413,0
-5.45797,34,7805.902503,-100.0,-0.8799727998612469,0
-5.838374,34,7806.476138,-100.0,-0.6629342074909246,0
-5.571978,32,7807.013095,-100.0,-0.647773283401977,0
-6.182359,36,7807.610058,-100.0,-0.7133909625848626,0
-5.25048,33,7808.163426,-100.0,-0.8139646142152918,0
-5.996364,34,7808.741736,-100.0,-0.6987534599556039,0
-5.716109,33,7809.288845,-100.0,-0.7824015972531241,0
-5.549108,32,7809.825744,-100.0,-0.8405180530203313,0
-5.562232,34,7810.392616,-100.0,-0.7597356970125763,0
-5.670347,34,7810.971129,-100.0,-0.8547187874513877,0
-6.130951,33,7811.524727,-100.0,-0.7256040005068992,0
-5.518978,34,7812.104548,-100.0,-0.8202486689970803,0
-5.423726,32,7812.647923,-100.0,-0.8227144556531643,0
-5.493867,35,7813.234883,-100.0,-0.842869777802174,0
-5.680195,34,7813.800742,-100.0,-0.8048730234373787,0
-6.243561,36,7814.40791,-100.0,-0.6294489672735538,0
-6.000695,38,7815.030226,-100.0,-0.6734533722414603,0
-6.116725,34,7815.606737,-100.0,-0.6851745396313863,0
-5.834971,34,7816.18258,-100.0,-0.6655513418062651,0
-5.965946,38,7816.800435,-100.0,-0.6747547305616967,0
-5.598624,34,7817.3683,-100.0,-0.8117155488260793,0
-6.048267,33,7817.928741,-100.0,-0.7477857310465539,0
-5.85727,42,7818.637502,-100.0,-0.7333246708568422,0
-5.918582,33,7819.19891,-100.0,-0.6737091509185381,0
-5.658742,34,7819.765332,-100.0,-0.6998611490626557,0
-6.332919,35,7820.35496,-100.0,-0.6962107657513318,0
-5.861305,44,7821.084078,-100.0,-0.7293000962888321,0
-5.964112,32,7821.617627,-100.0,-0.7618612322565336,0
-5.980865,33,7822.162608,-100.0,-0.6566618484370543,0
-5.729812,33,7822.727322,-100.0,-0.730618853899738,0
-5.586745,33,7823.26492,-100.0,-0.8306279219796847,0
-5.67225,33,7823.829351,-100.0,-0.6488547637975324,0
-5.864455,34,7824.391525,-100.0,-0.76920595787993,0
-5.449617,32,7824.939065,-100.0,-0.822454922342413,0
-5.676038,33,7954.519425,-100.0,-0.8863324455724698,0
-5.767171,32,7955.108919,-100.0,-0.7328372905014872,0
-5.846034,35,7955.750037,-100.0,-0.6881469185419241,0
-5.690445,34,7956.374671,-100.0,-0.7893349549556918,0
-5.502627,35,7957.00516,-100.0,-0.8284279591268413,0
-5.890187,35,7957.641793,-100.0,-0.6458437406325955,0
-5.417851,35,7958.279058,-100.0,-0.9182730382106146,0
-5.555314,33,7958.872176,-100.0,-0.8044469715540884,0
-6.006765,34,7959.498793,-100.0,-0.7068820051255926,0
-5.695911,34,7960.112853,-100.0,-0.6264576257494779,0
-5.388205,32,7960.707789,-100.0,-0.8589262920178629,0
-5.766024,33,7961.311083,-100.0,-0.7259635889062268,0
-5.671407,33,7961.91006,-100.0,-0.7723037820098477,0
-5.913426,34,7962.528022,-100.0,-0.7040984276936153,0
-5.98575,33,7963.125988,-100.0,-0.719266746639915,0
-5.988767,36,7963.782342,-100.0,-0.602120693183462,0
-5.521063,33,7964.374891,-100.0,-0.803935670666948,0
-5.853931,35,7965.008655,-100.0,-0.721023532472094,0
-5.828394,33,7965.596473,-100.0,-0.752772294227013,0
-5.671188,39,7966.303104,-100.0,-0.8338586275910156,0
-5.809869,33,7966.905245,-100.0,-0.826440938365978,0
-5.499057,33,7967.512938,-100.0,-0.8151199915600531,0
-5.926152,32,7968.099091,-100.0,-0.7551457433724492,0
-5.812085,34,7968.707741,-100.0,-0.7560785281108664,0
-6.07861,34,7969.32376,-100.0,-0.6118366675766564,0
-6.199593,37,7969.988611,-100.0,-0.6985282611268483,0
-5.555479,33,7970.592476,-100.0,-0.6579743000850772,0
-5.475053,33,7971.199576,-100.0,-0.7709006553941139,0
-6.035139,33,7971.795263,-100.0,-0.6936397505512206,0
-5.657613,33,7972.395919,-100.0,-0.7641159759783578,0
-6.00967,34,7973.010652,-100.0,-0.6698276434528362,0
-6.163092,34,7973.626369,-100.0,-0.5911281247221636,0
-5.7056,34,7974.243727,-100.0,-0.7460862767956099,0
-5.909462,34,7974.866445,-100.0,-0.7271496305859927,0
-5.596958,33,7975.465484,-100.0,-0.8129343713606997,0
-5.732754,33,7976.074613,-100.0,-0.7433066879093329,0
-5.927664,36,7976.720629,-100.0,-0.7127331158135548,0
-5.425356,33,7977.329195,-100.0,-0.844943646787684,0
-5.767278,36,7977.986799,-100.0,-0.6707883320907294,0
-6.253614,36,7978.641004,-100.0,-0.6318772041037578,0
-5.941229,33,7979.236741,-100.0,-0.5227960956932821,0
-5.651159,33,7979.829524,-100.0,-0.7046488203464494,0
-5.639014,34,7980.463215,-100.0,-0.7074645368008914,0
-5.535974,33,7981.048651,-100.0,-0.8104771171625027,0
-5.516835,33,7981.653761,-100.0,-0.7383442143831844,0
-5.76111,33,7982.256495,-100.0,-0.6692537801811307,0
-5.500292,35,7982.891963,-100.0,-0.799413592084781,0
-6.060025,34,7983.515906,-100.0,-0.6430190191951797,0
-5.603196,35,7984.160601,-100.0,-0.7991442773696653,0
-5.674241,32,7984.733189,-100.0,-0.7937673969876853,0
-5.507075,32,7985.328912,-100.0,-0.8439646002559544,0
-5.827953,33,7985.927041,-100.0,-0.736029303793113,0
-5.746127,34,7986.550468,-100.0,-0.6228988169683051,0
-5.583083,32,7987.136334,-100.0,-0.8565845650574823,0
-5.790563,32,7987.713885,-100.0,-0.8334421303093302,0
-5.377589,33,7988.316274,-100.0,-0.8138567988655757,0
-5.607921,32,7988.905706,-100.0,-0.7781689255436737,0
-5.956454,34,7989.526227,-100.0,-0.6811480773836885,0
-5.827846,34,7990.140148,-100.0,-0.6896852580575757,0
-5.81086,34,7990.769977,-100.0,-0.7046625245864943,0
-5.931812,35,7991.403947,-100.0,-0.6275022223097515,0
-5.852227,34,8110.38059,-100.0,-0.7066056954522113,0
-5.397157,32,8110.913054,-100.0,-0.8342583435242598,0
-5.896438,33,8111.477084,-100.0,-0.621127138106527,0
-6.131544,34,8112.048825,-100.0,-0.6973271316187722,0
-5.993851,34,8112.618701,-100.0,-0.6853120661702519,0
-6.090383,37,8113.234451,-100.0,-0.7251687107723959,0
-5.692886,32,8113.78206,-100.0,-0.8245308460674913,0
-5.84366,33,8114.337494,-100.0,-0.7238643755479377,0
-6.171046,43,8115.037032,-100.0,-0.715848958480821,0
-6.102355,33,8115.602271,-100.0,-0.6893798430030359,0
-5.726449,33,8116.160166,-100.0,-0.739526175290438,0
-5.970096,34,8116.736014,-100.0,-0.7011912294954726,0
-5.693003,34,8117.311688,-100.0,-0.748383035692927,0
-5.755125,33,8117.87323,-100.0,-0.7918990079226337,0
-5.828722,33,8118.437085,-100.0,-0.6908233785181825,0
-5.636151,33,8118.995426,-100.0,-0.6987560245151455,0
-5.52393,33,8119.540105,-100.0,-0.7993095203278463,0
-5.819527,34,8120.106214,-100.0,-0.7345259296528943,0
-5.675048,37,8120.720996,-100.0,-0.8262217560296462,0
-5.837524,40,8121.401973,-100.0,-0.8009948164867456,0
-5.827367,38,8122.056344,-100.0,-0.7536207776483551,0
-5.73563,34,8122.628368,-100.0,-0.7320991254067811,0
-5.481941,34,8123.197206,-100.0,-0.8296453898876144,0
-5.722181,33,8123.769011,-100.0,-0.8003338879753346,0
-6.010294,40,8124.433385,-100.0,-0.6957122110582568,0
-5.573502,33,8124.996378,-100.0,-0.7157990025379445,0
-6.130147,40,8125.654535,-100.0,-0.7052996060286562,0
-5.634919,33,8126.217008,-100.0,-0.7664611195698059,0
-5.732764,33,8126.776058,-100.0,-0.692080104721108,0
-5.866422,33,8127.341238,-100.0,-0.6477312161783799,0
-5.868408,36,8127.936977,-100.0,-0.8312747959957697,0
-5.751649,37,8128.574252,-100.0,-0.7674066841549324,0
-5.703066,33,8129.125556,-100.0,-0.7540447017876091,0
-6.286953,40,8129.801151,-100.0,-0.6822034430058729,0
-6.262815,41,8130.498999,-100.0,-0.7349967178157233,0
-6.047434,33,8131.049957,-100.0,-0.6624591256820599,0
-5.891845,33,8131.615607,-100.0,-0.7114529864343612,0
-6.117414,32,8132.152717,-100.0,-0.7606010109304945,0
-6.082664,36,8132.757872,-100.0,-0.6894757466490394,0
-5.828551,33,8133.312381,-100.0,-0.6586991513256585,0
-5.794653,34,8133.88846,-100.0,-0.7281919451349094,0
-5.743426,33,8134.454107,-100.0,-0.7603557979084542,0
-5.876425,34,8135.031072,-100.0,-0.7071868040142133,0
-6.008002,37,8135.64566,-100.0,-0.7264653840633384,0
-6.100036,45,8136.404562,-100.0,-0.8161601529415982,0
-5.530886,33,8136.955752,-100.0,-0.7335150226801538,0
-5.242659,34,8137.533244,-100.0,-0.8726482281803356,0
-5.965256,33,8138.087796,-100.0,-0.7060110869833808,0
-5.819714,38,8138.736955,-100.0,-0.7464257748556559,0
-5.792826,34,8139.301086,-100.0,-0.7351285652205974,0
-5.607302,34,8139.867703,-100.0,-0.8340529382976528,0
-5.567968,33,8140.413157,-100.0,-0.7004722943207624,0
-6.171933,35,8141.002642,-100.0,-0.6575898666257944,0
-5.849355,33,8141.572546,-100.0,-0.7200673704374816,0
-5.859756,33,8142.126965,-100.0,-0.7019089629230808,0
-5.510443,33,8142.678716,-100.0,-0.7517096447031648,0
-6.156991,35,8143.273886,-100.0,-0.7369598913700843,0
-5.948795,33,8143.840245,-100.0,-0.6500615186531796,0
-5.764261,32,8144.366132,-100.0,-0.6551566525278985,0
-5.731362,33,8262.818218,-100.0,-0.671638975473427,0
-5.622794,34,8263.4085,-100.0,-0.7889721456494017,0
-6.330603,38,8264.041155,-100.0,-0.7906911297851492,0
-5.905996,33,8264.601563,-100.0,-0.7467523998315881,0
-5.832299,33,8265.167439,-100.0,-0.7475253272380664,0
-5.742461,33,8265.730036,-100.0,-0.7155770823460851,0
-5.482235,33,8266.279951,-100.0,-0.8746887914528086,0
-5.684518,37,8266.918342,-100.0,-0.7781080917796687,0
-5.917609,39,8267.581083,-100.0,-0.7425644785481642,0
-5.514826,32,8268.127738,-100.0,-0.7073988316029561,0
-5.796414,39,8268.78208,-100.0,-0.8043272337403274,0
-6.246967,42,8269.492602,-100.0,-0.7265194456993878,0
-5.873008,34,8270.065623,-100.0,-0.7352021004001524,0
-5.596975,32,8270.619421,-100.0,-0.757640082896905,0
-5.49519,33,8271.180973,-100.0,-0.8250371275867466,0
-6.214252,35,8271.767982,-100.0,-0.6884604764507328,0
-5.619986,34,8272.349679,-100.0,-0.785029267383829,0
-5.944151,33,8272.908971,-100.0,-0.7131201350251796,0
-5.762978,34,8273.486492,-100.0,-0.6558537184766904,0
-5.625514,33,8274.042205,-100.0,-0.7743776250798209,0
-5.87351,36,8274.664896,-100.0,-0.7428817804978753,0
-5.571153,32,8275.19267,-100.0,-0.8281976355001118,0
-5.735618,39,8275.868187,-100.0,-0.7011446906456591,0
-5.675433,32,8276.413117,-100.0,-0.8573675459388989,0
-5.380023,32,8276.962289,-100.0,-0.7637637991897701,0
-5.557696,33,8277.522746,-100.0,-0.6991486746145679,0
-6.091146,33,8278.06624,-100.0,-0.6530534547601351,0
-5.801289,35,8278.656244,-100.0,-0.6800100723993704,0
-6.268417,35,8279.246378,-100.0,-0.703390449407469,0
-5.754743,32,8279.782427,-100.0,-0.769860269289004,0
-5.984269,33,8280.351136,-100.0,-0.6810148628786932,0
-5.453512,32,8280.888144,-100.0,-0.7650421527025728,0
-5.371582,34,8281.464901,-100.0,-0.8562969050034681,0
-5.943966,33,8282.024297,-100.0,-0.8583580501595791,0
-5.617218,34,8282.590725,-100.0,-0.73568832446428,0
-6.008816,34,8283.168247,-100.0,-0.6644903523883104,0
-5.49158,32,8283.716677,-100.0,-0.8088869532066452,0
-5.376138,32,8284.249452,-100.0,-0.8002445715803312,0
-5.787998,33,8284.817601,-100.0,-0.7255130037749303,0
-5.457774,33,8285.362736,-100.0,-0.7958251877454818,0
-5.690469,33,8285.928164,-100.0,-0.7049542052023545,0
-6.043383,41,8286.611288,-100.0,-0.7087753462857405,0
-5.631428,34,8287.191063,-100.0,-0.8709390266168002,0
-5.41368,33,8287.76102,-100.0,-0.7706870662979581,0
-5.791752,33,8288.318358,-100.0,-0.7320880477688159,0
-5.717692,33,8288.87846,-100.0,-0.8333234052638874,0
-5.909081,34,8289.452203,-100.0,-0.7376244626016366,0
-5.972629,34,8290.026092,-100.0,-0.6751938402606942,0
-5.745182,32,8290.566053,-100.0,-0.8386921373808925,0
-5.574917,33,8291.127028,-100.0,-0.8157732878275238,0
-5.894844,33,8291.684016,-100.0,-0.6784063769628359,0
-6.013798,37,8292.307762,-100.0,-0.6656665727236968,0
-5.265269,32,8292.845479,-100.0,-0.7577226281669563,0
-5.455094,32,8293.401881,-100.0,-0.86209017890837,0
-5.65653,34,8293.969134,-100.0,-0.7361529390016787,0
-5.407578,33,8294.529568,-100.0,-0.8353023003710135,0
-5.733671,33,8295.090726,-100.0,-0.8247841610000541,0
-5.590299,32,8295.637217,-100.0,-0.787037770238775,0
-5.649687,33,8296.198545,-100.0,-0.7879888033192224,0
-5.932891,34,8296.767513,-100.0,-0.7458667726636523,0
-5.753234,35,8415.420804,-100.0,-0.7873174089807883,0
-5.980834,34,8415.995515,-100.0,-0.6793582657465917,0
-5.793021,35,8416.587508,-100.0,-0.7473919858768632,0
-6.00349,35,8417.17587,-100.0,-0.6218196314783552,0
-5.930402,35,8417.7654,-100.0,-0.6736059703657664,0
-5.790857,35,8418.351356,-100.0,-0.7205152540297385,0
-5.559354,32,8418.899588,-100.0,-0.8212203328959512,0
-5.883728,33,8419.456164,-100.0,-0.6723294237090595,0
-5.844701,34,8420.040123,-100.0,-0.7818722634715989,0
-6.143538,33,8420.590233,-100.0,-0.7369585657117305,0
-5.379696,33,8421.158318,-100.0,-0.7760958604577523,0
-5.508909,33,8421.70832,-100.0,-0.8708217449648049,0
-5.931113,33,8422.264551,-100.0,-0.6703417198784651,0
-5.970433,33,8422.813809,-100.0,-0.7093702675117805,0
-5.477881,32,8423.361033,-100.0,-0.7977369481249982,0
-6.051392,34,8423.932696,-100.0,-0.7075227079393988,0
-5.327583,33,8424.491639,-100.0,-0.8611048903271126,0
-5.894643,34,8425.066376,-100.0,-0.7007108583818584,0
-5.749932,33,8425.622608,-100.0,-0.8419004333315466,0
-5.658885,34,8426.197865,-100.0,-0.7785251275681624,0
-5.524186,34,8426.765173,-100.0,-0.7728479617114421,0
-5.883671,32,8427.318537,-100.0,-0.721549984361226,0
-5.957429,34,8427.894824,-100.0,-0.711044042082284,0
-6.034344,38,8428.544867,-100.0,-0.6627015687855375,0
-5.730586,32,8429.088888,-100.0,-0.7696437012642477,0
-5.764295,34,8429.66193,-100.0,-0.7869763180149452,0
-6.048121,40,8430.3255,-100.0,-0.7082396432104235,0
-5.499102,38,8430.984954,-100.0,-0.8443595990986292,0
-5.366313,36,8431.593679,-100.0,-0.8631756203400902,0
-5.679094,34,8432.168735,-100.0,-0.7641162584339461,0
-5.501443,33,8432.732383,-100.0,-0.8295589284434223,0
-5.744179,35,8433.331445,-100.0,-0.6953692115169461,0
-5.461642,33,8433.892854,-100.0,-0.8400530153354329,0
-5.880123,33,8434.458371,-100.0,-0.680926614994962,0
-5.959039,34,8435.022687,-100.0,-0.7351100287395614,0
-6.25861,38,8435.659816,-100.0,-0.6662803689826676,0
-5.559146,33,8436.221465,-100.0,-0.8671993177997718,0
-5.615675,37,8436.840915,-100.0,-0.7969289076012507,0
-5.494788,33,8437.404951,-100.0,-0.7590246228070318,0
-5.831729,33,8437.964821,-100.0,-0.7296340646174252,0
-5.585977,34,8438.548025,-100.0,-0.7730455693465019,0
-6.035124,41,8439.233288,-100.0,-0.6917591998358363,0
-5.862268,34,8439.806484,-100.0,-0.6683790038591907,0
-5.505326,33,8440.36212,-100.0,-0.7140676709007544,0
-5.362642,33,8440.91564,-100.0,-0.8547030964945972,0
-5.444737,35,8441.505064,-100.0,-0.8368898005309372,0
-5.330203,33,8442.068456,-100.0,-0.8225717192798553,0
-5.63698,34,8442.646995,-100.0,-0.7843746394057829,0
-6.098699,33,8443.21297,-100.0,-0.6845495879546705,0
-6.033758,34,8443.794889,-100.0,-0.74400212941073,0
-5.811722,33,8444.353854,-100.0,-0.7046083678350836,0
-5.631507,33,8444.910844,-100.0,-0.7327055292101038,0
-5.440761,33,8445.468069,-100.0,-0.809248985814509,0
-5.876532,38,8446.102036,-100.0,-0.7446849656486051,0
-5.853142,35,8446.690751,-100.0,-0.6980538147166332,0
-5.691266,37,8447.312142,-100.0,-0.8223961599153324,0
-6.052131,33,8447.877006,-100.0,-0.6148433976671895,0
-5.976857,33,8448.434932,-100.0,-0.7217586863133231,0
-5.567286,35,8449.030079,-100.0,-0.7942872050963257,0
-5.87948,33,8449.58502,-100.0,-0.7260337543726852,0
-6.01601,36,8567.650039,-100.0,-0.672534663962393,0
-5.760744,36,8568.25736,-100.0,-0.7039902147712904,0
-5.638665,32,8568.806659,-100.0,-0.7944676721572139,0
-5.900168,33,8569.366345,-100.0,-0.6981683392457894,0
-5.94223,34,8569.945293,-100.0,-0.6795558977648138,0
-5.59173,34,8570.514832,-100.0,-0.7723796370315086,0
-5.41879,33,8571.076602,-100.0,-0.8080708331161284,0
-5.710418,33,8571.638964,-100.0,-0.7419262034063673,0
-5.650024,33,8572.203444,-100.0,-0.7525810024321418,0
-6.189755,34,8572.781518,-100.0,-0.7114169789863828,0
-5.72491,33,8573.342855,-100.0,-0.7104478842207594,0
-5.801403,33,8573.905358,-100.0,-0.657896772999122,0
-5.768918,34,8574.470405,-100.0,-0.770940941576522,0
-5.544096,34,8575.051014,-100.0,-0.7756743328264931,0
-5.580131,37,8575.66877,-100.0,-0.7491693203342156,0
-6.24417,43,8576.397544,-100.0,-0.8138561714114744,0
-5.691065,34,8576.971437,-100.0,-0.7360549324922728,0
-5.467717,33,8577.534297,-100.0,-0.8259023480828761,0
-5.690007,33,8578.089562,-100.0,-0.6861558020114208,0
-6.428865,42,8578.801629,-100.0,-0.6136934097764334,0
-5.857438,33,8579.363646,-100.0,-0.701633746427207,0
-5.352134,32,8579.90748,-100.0,-0.8629456968731376,0
-5.890666,34,8580.489806,-100.0,-0.6766354084660315,0
-5.609203,38,8581.139368,-100.0,-0.7556537550962703,0
-5.820717,36,8581.75446,-100.0,-0.7705312907074864,0
-5.232286,33,8582.311159,-100.0,-0.861351586413336,0
-5.715124,33,8582.868528,-100.0,-0.716195513143963,0
-5.836721,33,8583.424291,-100.0,-0.7024069646754936,0
-5.84091,35,8584.031392,-100.0,-0.7014130116409335,0
-5.792786,33,8584.593267,-100.0,-0.647785585691899,0
-5.860871,33,8585.147089,-100.0,-0.6454828001045722,0
-6.098841,34,8585.732182,-100.0,-0.6753576717079313,0
-5.984888,40,8586.410042,-100.0,-0.7137264580456493,0
-5.5902,32,8586.943597,-100.0,-0.7559646532276196,0
-5.754647,34,8587.528613,-100.0,-0.6761985574493541,0
-5.904995,34,8588.096428,-100.0,-0.6718593167293687,0
-5.489975,32,8588.636126,-100.0,-0.8181973647305332,0
-5.518723,33,8589.204538,-100.0,-0.7580810666411729,0
-6.099982,37,8589.829162,-100.0,-0.6820286152728857,0
-5.862176,33,8590.386933,-100.0,-0.6438246735281549,0
-5.868156,35,8590.991102,-100.0,-0.6822480967567849,0
-5.530157,33,8591.550727,-100.0,-0.7543031013192567,0
-5.804077,33,8592.10784,-100.0,-0.6291120530979694,0
-5.613838,34,8592.677487,-100.0,-0.8158895719848042,0
-5.508432,33,8593.236611,-100.0,-0.846292876299702,0
-5.72385,33,8593.806822,-100.0,-0.6547307995034938,0
-5.645961,34,8594.367762,-100.0,-0.7753659551196631,0
-5.84954,34,8594.932525,-100.0,-0.6903495781240405,0
-6.004378,35,8595.523505,-100.0,-0.5911678044438944,0
-5.830084,33,8596.099384,-100.0,-0.6759159280405728,0
-6.110844,35,8596.702561,-100.0,-0.6381529651968149,0
-5.702008,33,8597.255722,-100.0,-0.7080007104441,0
-5.569572,35,8597.857785,-100.0,-0.7937025923082369,0
-6.023397,34,8598.426371,-100.0,-0.6784328369079464,0
-5.277082,32,8598.974338,-100.0,-0.8669263793530692,0
-5.513374,33,8599.530489,-100.0,-0.8682921962261977,0
-5.63071,33,8600.088629,-100.0,-0.7450678751748367,0
-5.991936,32,8600.636895,-100.0,-0.853863254051145,0
-5.722353,33,8601.398383,-100.0,-0.7958313350741691,0
-5.653727,33,8601.965741,-100.0,-0.6957308045950273,0
-6.082896,34,8717.673308,-100.0,-0.6764895249725246,0
-5.812785,34,8718.240273,-100.0,-0.695866696540267,0
-5.684713,33,8718.812178,-100.0,-0.8052405731523284,0
-5.606305,40,8719.495035,-100.0,-0.7656162672952544,0
-5.864967,38,8720.143343,-100.0,-0.6932754169797328,0
-5.448698,33,8720.689855,-100.0,-0.8228505041816534,0
-5.411005,32,8721.242443,-100.0,-0.8208282064644418,0
-5.533973,38,8721.888159,-100.0,-0.7492436780135441,0
-5.996694,33,8722.446009,-100.0,-0.691492819197151,0
-5.892752,33,8723.005714,-100.0,-0.6602562999166484,0
-5.867947,34,8723.589205,-100.0,-0.6428519188338393,0
-5.505286,32,8724.142739,-100.0,-0.8619878062617509,0
-5.434998,33,8724.695201,-100.0,-0.8060663972836469,0
-5.910402,34,8725.278537,-100.0,-0.70232447260679,0
-5.805715,40,8725.965543,-100.0,-0.7411604025122747,0
-5.454169,33,8726.522945,-100.0,-0.7925569388808067,0
-5.739,33,8727.076514,-100.0,-0.7290829431278663,0
-5.808567,33,8727.63703,-100.0,-0.7253688208627409,0
-5.651949,33,8728.205461,-100.0,-0.704067696150257,0
-5.680042,38,8728.83601,-100.0,-0.7213194178170911,0
-5.492869,33,8729.402995,-100.0,-0.8276263536329755,0
-6.176374,33,8729.966398,-100.0,-0.6332657901425012,0
-5.450605,32,8730.508301,-100.0,-0.790150350794207,0
-5.854322,34,8731.081411,-100.0,-0.6959648326101983,0
-5.74523,38,8731.728227,-100.0,-0.7311438047626687,0
-5.668309,33,8732.283895,-100.0,-0.6820952151411931,0
-5.88468,34,8732.86518,-100.0,-0.6395065901003552,0
-5.671256,32,8733.413319,-100.0,-0.8383787536502877,0
-5.637978,33,8733.967714,-100.0,-0.6751888117432848,0
-5.543078,39,8734.630283,-100.0,-0.8066122979046952,0
-5.922072,34,8735.20736,-100.0,-0.6878611360201783,0
-5.540792,33,8735.765357,-100.0,-0.7973049265789446,0
-5.630612,33,8736.33219,-100.0,-0.7486377556896415,0
-5.583234,33,8736.892416,-100.0,-0.7161656011932207,0
-5.749843,33,8737.448666,-100.0,-0.5585105947815471,0
-5.366885,33,8738.017762,-100.0,-0.8263530695028034,0
-5.831278,33,8738.5806,-100.0,-0.758668288068779,0
-5.966052,39,8739.230306,-100.0,-0.6614872656387752,0
-5.459554,32,8739.773968,-100.0,-0.8207708708999136,0
-5.939339,34,8740.360398,-100.0,-0.6346718992872995,0
-5.743561,42,8741.074042,-100.0,-0.7598402819500737,0
-5.662355,34,8741.647933,-100.0,-0.727264680475858,0
-5.942259,34,8742.222329,-100.0,-0.7459341790329945,0
-5.323248,33,8742.78255,-100.0,-0.8726252880790806,0
-5.407123,33,8743.346809,-100.0,-0.8338840154350672,0
-5.654117,32,8743.884681,-100.0,-0.8254769394241911,0
-5.582227,34,8744.467899,-100.0,-0.72180754626451,0
-6.00912,40,8745.141982,-100.0,-0.7212754662051944,0
-6.145848,33,8745.708139,-100.0,-0.7442271382764533,0
-5.528358,33,8746.26454,-100.0,-0.8704765925998048,0
-5.596378,34,8746.838701,-100.0,-0.7172978041620469,0
-6.143527,33,8747.408604,-100.0,-0.6795344110540197,0
-5.932051,34,8747.991762,-100.0,-0.690139982821312,0
-5.757895,33,8748.554912,-100.0,-0.7139823664131577,0
-5.966366,40,8749.24024,-100.0,-0.6923388997541394,0
-5.557114,33,8749.797031,-100.0,-0.7687112905243639,0
-5.7714,43,8750.511379,-100.0,-0.7468808177652764,0
-5.699773,33,8751.068243,-100.0,-0.7001658543377829,0
-5.804835,34,8751.644607,-100.0,-0.6993269141044772,0
-5.666937,40,8869.733687,-100.0,-0.7187844758894252,0
-5.689046,33,8870.291459,-100.0,-0.6962784883756055,0
-5.662365,35,8870.891036,-100.0,-0.7265224100398541,0
-5.774369,33,8871.436443,-100.0,-0.7150535243847457,0
-5.408778,33,8872.004769,-100.0,-0.87485477576058,0
-5.674441,39,8872.664808,-100.0,-0.7994512859113942,0
-5.367614,32,8873.213568,-100.0,-0.8339023870382879,0
-5.962678,34,8873.788005,-100.0,-0.6747144886191951,0
-6.067794,35,8874.382209,-100.0,-0.6700796309890434,0
-5.925828,35,8874.978769,-100.0,-0.6899418328752099,0
-5.358307,32,8875.530134,-100.0,-0.8019815872965628,0
-5.545754,32,8876.082379,-100.0,-0.8925840628812888,0
-5.861254,40,8876.745231,-100.0,-0.8080327160820109,0
-5.979735,34,8877.331935,-100.0,-0.7590855947696538,0
-5.86869,35,8877.928077,-100.0,-0.8912502824538947,0
-5.628246,35,8878.518891,-100.0,-0.777519486268987,0
-5.810749,34,8879.096426,-100.0,-0.7132055717606973,0
-5.54117,32,8879.651621,-100.0,-0.8773752393747543,0
-6.18552,36,8880.255001,-100.0,-0.6773733876800612,0
-5.519588,33,8880.824511,-100.0,-0.7332701128125302,0
-5.63008,33,8881.390438,-100.0,-0.775430990518675,0
-5.466455,32,8881.927265,-100.0,-0.8872177452741455,0
-5.655432,33,8882.494201,-100.0,-0.7411083512740864,0
-5.529994,32,8883.04428,-100.0,-0.8081485309562427,0
-5.786968,33,8883.608188,-100.0,-0.7059732743188774,0
-6.091541,36,8884.213279,-100.0,-0.6724885549909162,0
-5.647589,34,8884.789623,-100.0,-0.6813945380165293,0
-5.50613,32,8885.334851,-100.0,-0.764718723666486,0
-5.576887,33,8885.915523,-100.0,-0.7970881438463165,0
-5.505109,33,8886.474308,-100.0,-0.7289110419098334,0
-5.724061,33,8887.035366,-100.0,-0.7726794517909424,0
-5.471517,32,8887.573517,-100.0,-0.8339375567251037,0
-5.894125,33,8888.142898,-100.0,-0.7586443771288472,0
-5.65859,34,8888.729515,-100.0,-0.7672763629668021,0
-5.914787,40,8889.396016,-100.0,-0.7206089331348209,0
-6.163743,33,8889.959305,-100.0,-0.7481056252578601,0
-5.636419,33,8890.511213,-100.0,-0.6850985886204675,0
-5.356143,33,8891.070575,-100.0,-0.8091059581804536,0
-5.631692,34,8891.649607,-100.0,-0.6116063621070866,0
-5.919047,34,8892.232002,-100.0,-0.6366287264175754,0
-5.654391,38,8892.872028,-100.0,-0.7966552863162045,0
-5.519548,32,8893.415236,-100.0,-0.8013821982233466,0
-5.58774,33,8893.981375,-100.0,-0.8504399129621502,0
-5.913045,34,8894.560005,-100.0,-0.6265845713621627,0
-5.70637,33,8895.114166,-100.0,-0.7060204431152485,0
-5.974246,33,8895.6693,-100.0,-0.6928498656823818,0
-5.651179,33,8896.225545,-100.0,-0.775832552804345,0
-5.585451,32,8896.768043,-100.0,-0.7633078971807383,0
-6.069755,40,8897.447067,-100.0,-0.6888986475030905,0
-6.109897,36,8898.06279,-100.0,-0.757174883693597,0
-5.622162,34,8898.636608,-100.0,-0.7100176781393753,0
-5.655347,33,8899.200703,-100.0,-0.7700997748838324,0
-5.843342,33,8899.760944,-100.0,-0.7962622690254637,0
-5.587451,34,8900.335624,-100.0,-0.6976716577917794,0
-5.558933,34,8900.912644,-100.0,-0.7439831744656326,0
-5.390713,33,8901.478142,-100.0,-0.8386362095015669,0
-5.334885,34,8902.054393,-100.0,-0.851766671201543,0
-5.437108,33,8902.622835,-100.0,-0.8656706748699218,0
-5.406091,33,8903.179487,-100.0,-0.7421633669049825,0
-5.996566,33,8903.741362,-100.0,-0.7134687483030169,0
-5.72185,35,8904.334513,-100.0,-0.7154805776741923,0
-5.923161,34,9019.479849,-100.0,-0.7300442093546732,0
-5.587245,33,9020.040554,-100.0,-0.7631991411455955,0
-5.267235,33,9020.602764,-100.0,-0.8304645056759717,0
-5.624687,39,9021.279667,-100.0,-0.7295061002725692,0
-6.334394,39,9021.927563,-100.0,-0.6286616718758435,0
-5.718986,36,9022.544359,-100.0,-0.740388340510212,0
-5.839237,33,9023.107771,-100.0,-0.6618670408627961,0
-5.583411,33,9023.667156,-100.0,-0.707418366036296,0
-5.655271,34,9024.246352,-100.0,-0.7699695813295337,0
-6.32651,33,9024.803114,-100.0,-0.6175381347621955,0
-5.765032,40,9025.491512,-100.0,-0.7613000959687837,0
-5.639011,35,9026.067684,-100.0,-0.804678520377931,0
-5.409991,36,9026.677304,-100.0,-0.7894772404094619,0
-5.718954,39,9027.340682,-100.0,-0.75375268375949,0
-5.566616,32,9027.890701,-100.0,-0.719407717184142,0
-5.650146,33,9028.451764,-100.0,-0.6936977093523992,0
-5.693853,35,9029.054651,-100.0,-0.7518465907230764,0
-5.616976,34,9029.630144,-100.0,-0.726645670655877,0
-5.612239,33,9030.195356,-100.0,-0.8112877896969407,0
-5.575459,33,9030.761364,-100.0,-0.761932503552672,0
-5.402322,33,9031.321585,-100.0,-0.8990039002677577,0
-6.05718,34,9031.892486,-100.0,-0.6630246152842671,0
-5.523312,33,9032.449893,-100.0,-0.755426392000638,0
-5.659056,33,9033.010195,-100.0,-0.7419016209128112,0
-5.935977,33,9033.573827,-100.0,-0.6732526771535844,0
-5.448104,32,9034.099297,-100.0,-0.8265524326099132,0
-5.696648,33,9034.666048,-100.0,-0.7093569206865681,0
-5.659362,34,9035.255451,-100.0,-0.6394641959819569,0
-5.648183,43,9036.003569,-100.0,-0.8821297969563268,0
-5.559066,33,9036.548925,-100.0,-0.7772166514886061,0
-5.533287,38,9037.186335,-100.0,-0.8555244082062566,0
-5.60899,34,9037.763686,-100.0,-0.780824606004577,0
-5.860084,35,9038.356329,-100.0,-0.6271915821770377,0
-5.492972,33,9038.923873,-100.0,-0.7971994536014934,0
-5.661525,33,9039.478974,-100.0,-0.7483686577016556,0
-5.862411,33,9040.042119,-100.0,-0.7054688556195262,0
-5.462976,32,9040.591098,-100.0,-0.8172859153897352,0
-5.800786,33,9041.15291,-100.0,-0.7701693753245317,0
-5.689741,38,9041.786274,-100.0,-0.7623654740219714,0
-5.836993,34,9042.353656,-100.0,-0.7373837919372171,0
-5.875417,35,9042.951349,-100.0,-0.6740030042450771,0
-5.32995,32,9043.494817,-100.0,-0.8381940559053529,0
-5.984135,35,9044.098356,-100.0,-0.7311092225520965,0
-5.836447,33,9044.657394,-100.0,-0.650640430348536,0
-5.556923,33,9045.220826,-100.0,-0.801495264498018,0
-5.716197,42,9045.925492,-100.0,-0.784517086533995,0
-5.619007,33,9046.492846,-100.0,-0.718513839418236,0
-5.931728,33,9047.056951,-100.0,-0.6645407358244241,0
-5.53657,33,9047.611804,-100.0,-0.7893499379105691,0
-5.836771,33,9048.174531,-100.0,-0.6805925506820139,0
-5.576794,33,9048.738541,-100.0,-0.8444378902302487,0
-5.810675,35,9049.533345,-100.0,-0.7410944470420235,0
-5.664675,33,9050.093691,-100.0,-0.7450301286906266,0
-5.418339,35,9050.695662,-100.0,-0.8672630506623826,0
-5.65096,33,9051.263534,-100.0,-0.7531748946678011,0
-5.967556,34,9051.832301,-100.0,-0.6606634229468141,0
-5.402303,34,9052.412042,-100.0,-0.8050195826745933,0
-5.937727,41,9053.115251,-100.0,-0.7994435188965211,0
-6.036987,37,9053.737827,-100.0,-0.7304220792721688,0
-5.721378,33,9171.148745,-100.0,-0.7322268091526867,0
-5.510263,33,9171.714703,-100.0,-0.8250964867314977,0
-5.575567,33,9172.281113,-100.0,-0.728616645150646,0
-5.557199,33,9172.849909,-100.0,-0.7956033871136656,0
-5.986992,37,9173.469955,-100.0,-0.6627960727394101,0
-5.424544,35,9174.062377,-100.0,-0.7765851601390438,0
-5.908463,36,9174.679171,-100.0,-0.6817788777613761,0
-5.944259,33,9175.246402,-100.0,-0.7107913479392807,0
-5.891708,34,9175.836884,-100.0,-0.6433619856252276,0
-5.521407,32,9176.37566,-100.0,-0.7030554771390265,0
-5.795145,33,9176.941928,-100.0,-0.7402726951184165,0
-5.98578,34,9177.507593,-100.0,-0.6965837656606633,0
-5.617231,34,9178.093443,-100.0,-0.6998283845956551,0
-5.923605,34,9178.67141,-100.0,-0.7310997610755242,0
-5.728743,41,9179.376153,-100.0,-0.7698821812913984,0
-5.88436,33,9179.937147,-100.0,-0.6360708830498392,0
-5.611988,42,9180.646278,-100.0,-0.881876249798345,0
-5.669134,33,9181.207164,-100.0,-0.7782315302239184,0
-5.380784,32,9181.756925,-100.0,-0.8233612973630754,0
-5.424592,33,9182.315549,-100.0,-0.7923312215536664,0
-5.523235,33,9182.878865,-100.0,-0.7832152836770487,0
-5.299063,32,9183.423203,-100.0,-0.8786182905395638,0
-5.810739,33,9183.989184,-100.0,-0.7488514922744443,0
-5.688657,34,9184.576333,-100.0,-0.6902280889176892,0
-6.278557,35,9185.182412,-100.0,-0.612720598795114,0
-5.621663,33,9185.74651,-100.0,-0.7159008642955027,0
-5.820141,34,9186.324868,-100.0,-0.7834934110420981,0
-5.398525,33,9186.874373,-100.0,-0.7721760470939496,0
-5.891624,34,9187.457713,-100.0,-0.6906226197305269,0
-5.558694,34,9188.039819,-100.0,-0.7465374497213639,0
-5.372041,32,9188.593294,-100.0,-0.8543098547179474,0
-5.34325,33,9189.158183,-100.0,-0.8062858367943735,0
-5.70094,34,9189.739298,-100.0,-0.6891802573821428,0
-6.035678,34,9190.330527,-100.0,-0.6342560186498176,0
-5.690313,33,9190.891427,-100.0,-0.6929191515458912,0
-5.683657,34,9191.47596,-100.0,-0.7079859900659863,0
-5.728338,34,9192.053411,-100.0,-0.6725414807795098,0
-6.047342,35,9192.654953,-100.0,-0.6925456361711946,0
-5.67208,33,9193.218376,-100.0,-0.6606201902734544,0
-5.700356,37,9193.838169,-100.0,-0.6874574754058296,0
-5.465404,35,9194.431286,-100.0,-0.7893084291289368,0
-5.495736,34,9195.00751,-100.0,-0.8320957948845878,0
-5.651527,33,9195.571926,-100.0,-0.6970691016408913,0
-5.656014,35,9196.162694,-100.0,-0.6896310168481262,0
-5.594022,41,9196.865805,-100.0,-0.7766420579728568,0
-5.506961,36,9197.473404,-100.0,-0.7456315436052169,0
-5.560933,33,9198.046474,-100.0,-0.7071265470397063,0
-5.45191,33,9198.61973,-100.0,-0.7887372453679871,0
-5.936166,33,9199.17934,-100.0,-0.6601934044638722,0
-6.101382,35,9199.774494,-100.0,-0.6408842122637631,0
-5.963088,34,9200.352246,-100.0,-0.6704767491301956,0
-5.745207,34,9200.934182,-100.0,-0.7114136938434473,0
-5.244895,34,9201.512216,-100.0,-0.8523431672091694,0
-5.341925,33,9202.083091,-100.0,-0.7778363137107591,0
-5.982112,33,9202.649008,-100.0,-0.6754700533038953,0
-5.672407,33,9203.217373,-100.0,-0.7460228923196977,0
-5.595484,34,9203.796902,-100.0,-0.7762636339127998,0
-5.889356,33,9204.364623,-100.0,-0.6881906467505037,0
-5.65456,37,9204.998511,-100.0,-0.7481828397195961,0
-5.456154,32,9205.548613,-100.0,-0.8415918234530345,0
-5.342351,33,9323.134879,-100.0,-0.8571934174490103,0
-5.574908,33,9323.699538,-100.0,-0.7292415878092782,0
-5.665656,33,9324.265431,-100.0,-0.7698706308698726,0
-5.483517,34,9324.839935,-100.0,-0.812490070971851,0
-5.338106,37,9325.46828,-100.0,-0.8529100584968626,0
-5.362745,33,9326.039008,-100.0,-0.8003892535786863,0
-5.993001,37,9326.659463,-100.0,-0.7188397302352274,0
-5.770015,33,9327.228821,-100.0,-0.6521250458486767,0
-5.668468,33,9327.789855,-100.0,-0.7881907268258433,0
-5.872311,35,9328.390131,-100.0,-0.6510396664673544,0
-5.404018,33,9328.954588,-100.0,-0.7977830463425315,0
-5.326685,32,9329.511243,-100.0,-0.9158959543173507,0
-5.303607,33,9330.065371,-100.0,-0.821011673277423,0
-5.615002,38,9330.720975,-100.0,-0.7341400056145249,0
-5.549728,33,9331.286355,-100.0,-0.7527990652255406,0
-5.443125,32,9331.825242,-100.0,-0.8382033400562563,0
-5.665617,33,9332.382063,-100.0,-0.7031145271090609,0
-5.244609,32,9332.927724,-100.0,-0.8508986351885703,0
-5.626012,33,9333.481073,-100.0,-0.7307420057074991,0
-5.893575,39,9334.171914,-100.0,-0.6647730289441015,0
-5.574852,33,9334.745382,-100.0,-0.7824901467571622,0
-5.745916,34,9335.321992,-100.0,-0.6549451629484137,0
-5.40818,38,9335.959163,-100.0,-0.7751042773914768,0
-5.619377,35,9336.555257,-100.0,-0.8218844849746931,0
-5.757057,34,9337.140497,-100.0,-0.6606672990714679,0
-5.306324,32,9337.684213,-100.0,-0.8429149960337119,0
-5.617032,32,9338.232878,-100.0,-0.7744174145988973,0
-5.483597,33,9338.795205,-100.0,-0.6983731809187667,0
-5.229863,32,9339.345837,-100.0,-0.8120120771461912,0
-5.874959,33,9339.915098,-100.0,-0.6712325934311135,0
-5.496973,32,9340.449015,-100.0,-0.7566055721523178,0
-6.250072,35,9341.051408,-100.0,-0.6884199865051673,0
-5.674608,33,9341.606588,-100.0,-0.6971879135433264,0
-5.949613,34,9342.202679,-100.0,-0.634313356527692,0
-5.785975,33,9342.764877,-100.0,-0.6939630476632624,0
-5.835755,34,9343.346838,-100.0,-0.7471979986264516,0
-5.274399,33,9343.919245,-100.0,-0.7580884686301828,0
-5.60836,34,9344.49328,-100.0,-0.712378125837679,0
-5.626585,35,9345.086636,-100.0,-0.8034034043511803,0
-5.410987,33,9345.647513,-100.0,-0.7664152117901328,0
-5.547139,33,9346.210454,-100.0,-0.7488552256730915,0
-5.699743,33,9346.781672,-100.0,-0.7249128517175878,0
-5.385805,33,9347.336044,-100.0,-0.7808259879492562,0
-5.250014,32,9347.880109,-100.0,-0.8169916223009895,0
-5.669214,41,9348.582565,-100.0,-0.6730578198111267,0
-5.226921,35,9349.19312,-100.0,-0.8750964508540803,0
-5.841802,34,9349.774437,-100.0,-0.6757710695934069,0
-5.414039,33,9350.337677,-100.0,-0.7736861035686814,0
-6.019449,33,9350.894459,-100.0,-0.6343609641102383,0
-5.724627,33,9351.45805,-100.0,-0.6860882764401097,0
-5.166662,33,9352.02653,-100.0,-0.877702620570977,0
-5.428475,33,9352.579742,-100.0,-0.7154790548445986,0
-5.798017,36,9353.187404,-100.0,-0.6882242094145848,0
-5.870229,34,9353.771299,-100.0,-0.6846212662597576,0
-5.585409,34,9354.351301,-100.0,-0.7490196330017408,0
-5.988701,35,9354.963038,-100.0,-0.6644305510224231,0
-6.131562,34,9355.538964,-100.0,-0.6391764082685282,0
-6.103105,33,9356.104326,-100.0,-0.6175982097544495,0
-5.972584,33,9356.655345,-100.0,-0.6703977986012076,0
-5.360114,33,9357.222266,-100.0,-0.7652729908763025,0
-5.255162,33,9357.787526,-100.0,-0.8789961126218835,0
-5.805694,36,9473.296327,-100.0,-0.7340547300313696,0
-5.833102,33,9473.855856,-100.0,-0.6790808961458076,0
-5.660966,32,9474.413838,-100.0,-0.7791357068477229,0
-5.90198,32,9474.957797,-100.0,-0.7252088179951257,0
-5.967653,34,9475.538565,-100.0,-0.7267414936667157,0
-5.353335,33,9476.106151,-100.0,-0.7950462001676926,0
-5.335184,32,9476.651995,-100.0,-0.8495864322526762,0
-5.297037,34,9477.231674,-100.0,-0.8263842022811038,0
-5.642136,34,9477.811251,-100.0,-0.7382450569090969,0
-5.91952,33,9478.359611,-100.0,-0.5938455348193485,0
-5.77368,35,9478.959085,-100.0,-0.830527591978582,0
-5.659119,34,9479.539593,-100.0,-0.7586551790350148,0
-5.100178,33,9480.097958,-100.0,-0.8489855855472669,0
-5.559693,40,9480.798199,-100.0,-0.8199285030503742,0
-5.875529,34,9481.401478,-100.0,-0.6163028397715908,0
-5.469347,33,9481.963365,-100.0,-0.7789195491358759,0
-5.552724,33,9482.525027,-100.0,-0.7909635320156176,0
-5.279065,32,9483.05264,-100.0,-0.8028028028325563,0
-5.664615,32,9483.590087,-100.0,-0.7875226811030748,0
-5.868256,33,9484.151439,-100.0,-0.708779051230867,0
-5.335095,33,9484.726907,-100.0,-0.8272668652163978,0
-5.35457,34,9485.304146,-100.0,-0.7499716401114479,0
-5.37141,33,9485.872108,-100.0,-0.8100249948867646,0
-5.467765,32,9486.415662,-100.0,-0.816636712337451,0
-5.837606,33,9486.975401,-100.0,-0.6926952278817902,0
-5.742432,34,9487.558901,-100.0,-0.6572466010326781,0
-5.473922,32,9488.090225,-100.0,-0.7749290073100481,0
-5.361544,33,9488.656256,-100.0,-0.8579701884904446,0
-5.704449,33,9489.214835,-100.0,-0.7264473774547063,0
-5.600404,33,9489.78463,-100.0,-0.7932629109667138,0
-5.482518,33,9490.341159,-100.0,-0.7563739097442516,0
-5.386574,32,9490.895638,-100.0,-0.8618803231488694,0
-5.805822,34,9491.484284,-100.0,-0.6306105034906178,0
-5.83826,33,9492.043995,-100.0,-0.6931936308615155,0
-5.622003,32,9492.586998,-100.0,-0.8078532009215234,0
-5.883545,35,9493.18147,-100.0,-0.6941178607681462,0
-5.49579,33,9493.742695,-100.0,-0.776924830059751,0
-5.429614,32,9494.298092,-100.0,-0.8318747147546501,0
-5.964226,40,9494.987675,-100.0,-0.6744425948863659,0
-5.68854,39,9495.672473,-100.0,-0.665508431448961,0
-5.501414,33,9496.233264,-100.0,-0.7769319863987285,0
-6.011473,33,9496.804683,-100.0,-0.6904783622930948,0
-6.191723,45,9497.740033,-100.0,-0.6691069624253918,0
-5.665102,33,9498.304304,-100.0,-0.7392275779467877,0
-5.464578,32,9498.859926,-100.0,-0.7261081732123608,0
-5.276078,32,9499.407531,-100.0,-0.8451507045740326,0
-5.410066,33,9499.972577,-100.0,-0.7485498916919243,0
-5.630714,33,9500.534651,-100.0,-0.7040983826072755,0
-5.341698,33,9501.10714,-100.0,-0.7405885153705603,0
-5.744473,33,9501.673576,-100.0,-0.7470525165337569,0
-5.874852,33,9502.220111,-100.0,-0.6705246352993298,0
-5.621364,33,9502.791885,-100.0,-0.7699265543871845,0
-5.716943,34,9503.376131,-100.0,-0.6974307636363303,0
-5.690449,33,9503.935133,-100.0,-0.6491015566152953,0
-5.284981,32,9504.478507,-100.0,-0.8583567152450748,0
-5.912073,34,9505.068465,-100.0,-0.7451872825739186,0
-5.806645,33,9505.635326,-100.0,-0.6767126765196008,0
-5.26683,32,9506.195395,-100.0,-0.8230523322799161,0
-5.717818,33,9506.744378,-100.0,-0.6866126739377243,0
-5.716254,33,9507.304721,-100.0,-0.7486223830186698,0
-5.369228,33,9507.868989,-100.0,-0.7847095413076977,0
-5.235431,33,9624.680547,-100.0,-0.846162662390396,0
-6.004658,34,9625.25646,-100.0,-0.6950470101091093,0
-5.537293,32,9625.813125,-100.0,-0.8090505412285811,0
-5.639483,32,9626.349766,-100.0,-0.7334920231813115,0
-5.40917,33,9626.906233,-100.0,-0.7063758913975415,0
-5.867929,34,9627.485723,-100.0,-0.8005352395586212,0
-5.436289,33,9628.053097,-100.0,-0.763401470220492,0
-5.403537,33,9628.623893,-100.0,-0.8016666572897894,0
-5.259893,33,9629.18481,-100.0,-0.7524223854393285,0
-5.623187,33,9629.754335,-100.0,-0.7109521344335573,0
-5.878441,34,9630.330993,-100.0,-0.6938590880787036,0
-5.754854,33,9630.898401,-100.0,-0.6847719002979046,0
-6.027309,34,9631.472729,-100.0,-0.6570223389801623,0
-5.866409,34,9632.053809,-100.0,-0.7080338790176999,0
-5.433384,34,9632.628716,-100.0,-0.7710127657216193,0
-6.149679,35,9633.230818,-100.0,-0.6102429816929138,0
-5.770049,40,9633.924041,-100.0,-0.7044552667593612,0
-5.816342,34,9634.499522,-100.0,-0.740007733221601,0
-5.975505,34,9635.081538,-100.0,-0.6912889268629363,0
-5.656824,34,9635.664042,-100.0,-0.6778526579378781,0
-5.379202,32,9636.217052,-100.0,-0.7654306554815495,0
-5.748295,33,9636.775281,-100.0,-0.621926859479449,0
-5.419009,38,9637.419794,-100.0,-0.8031042080043304,0
-5.571389,34,9638.007651,-100.0,-0.7638841192085289,0
-5.459621,32,9638.550708,-100.0,-0.8322086824689935,0
-5.339895,32,9639.101977,-100.0,-0.8557767355029056,0
-5.25791,32,9639.642309,-100.0,-0.8520154752021004,0
-5.800937,33,9640.207392,-100.0,-0.7093991893811826,0
-6.198752,34,9640.782781,-100.0,-0.5879423572876187,0
-5.355215,33,9641.343039,-100.0,-0.7514285686305722,0
-5.522633,33,9641.906341,-100.0,-0.7471538452866192,0
-5.214405,32,9642.457734,-100.0,-0.8567132151701333,0
-5.818656,33,9643.017407,-100.0,-0.7244683269946767,0
-5.906332,44,9643.771719,-100.0,-0.6818123384769849,0
-5.550434,33,9644.343482,-100.0,-0.6862878242399442,0
-5.224484,40,9645.007807,-100.0,-0.8395279400881908,0
-5.768409,34,9645.589113,-100.0,-0.664534017178925,0
-5.156573,36,9646.215823,-100.0,-0.8435501358493808,0
-5.82888,33,9646.775027,-100.0,-0.6551153012272292,0
-5.658407,34,9647.357196,-100.0,-0.6712232522844661,0
-5.248379,33,9647.909885,-100.0,-0.788902679573414,0
-5.561747,33,9648.479932,-100.0,-0.7910924422490877,0
-5.83823,33,9649.038651,-100.0,-0.7138689565369482,0
-6.111796,35,9649.635608,-100.0,-0.6696833591492879,0
-5.256525,33,9650.1997,-100.0,-0.8428584696552062,0
-5.821468,33,9650.752228,-100.0,-0.6969373601344075,0
-5.689207,34,9651.337911,-100.0,-0.7437642452292097,0
-5.985556,36,9651.950737,-100.0,-0.7325392741866642,0
-5.721647,33,9652.518605,-100.0,-0.7135211290820979,0
-5.411266,33,9653.078269,-100.0,-0.8660061968208497,0
-5.389708,33,9653.645475,-100.0,-0.7929949483339984,0
-5.629205,34,9654.222466,-100.0,-0.6808868318698742,0
-5.990513,35,9654.817242,-100.0,-0.6538186590095115,0
-5.67444,33,9655.379351,-100.0,-0.6557644254374049,0
-5.780201,36,9656.000434,-100.0,-0.7902357470406796,0
-5.457453,33,9656.562659,-100.0,-0.7017196975799501,0
-5.529845,32,9657.10374,-100.0,-0.7747011458809772,0
-5.699298,38,9657.755547,-100.0,-0.7187849358942477,0
-5.515336,33,9658.315348,-100.0,-0.6587302745865492,0
-5.68437,33,9658.884982,-100.0,-0.7483406593007748,0
-5.892561,33,9773.665223,-100.0,-0.7078180401596662,0
-5.273225,32,9774.215874,-100.0,-0.8739901484101735,0
-5.504893,33,9774.780885,-100.0,-0.7287842538372565,0
-5.746783,33,9775.347427,-100.0,-0.6966103962034831,0
-5.962906,35,9775.943782,-100.0,-0.628298227271762,0
-5.692702,34,9776.522588,-100.0,-0.7267287485409454,0
-5.953041,33,9777.088205,-100.0,-0.6591359425698577,0
-5.569956,38,9777.734011,-100.0,-0.7712865089153075,0
-5.692178,32,9778.287015,-100.0,-0.7166966478563485,0
-5.56944,33,9778.850129,-100.0,-0.7511369657420371,0
-5.893154,33,9779.407243,-100.0,-0.6567117584391036,0
-5.513606,33,9779.964745,-100.0,-0.6793004745837022,0
-5.29482,33,9780.528794,-100.0,-0.8205414226347678,0
-5.06065,32,9781.07944,-100.0,-0.8488900273293916,0
-5.609147,33,9781.649498,-100.0,-0.7390329402990338,0
-5.133062,33,9782.216795,-100.0,-0.8291398440191461,0
-6.089665,42,9782.919965,-100.0,-0.8125136159341331,0
-5.731962,34,9783.504509,-100.0,-0.747754125446272,0
-6.106894,35,9784.103618,-100.0,-0.7170089136207204,0
-5.389001,39,9784.771244,-100.0,-0.8556959453090603,0
-5.132442,32,9785.310627,-100.0,-0.9073995330405461,0
-5.575152,34,9785.888295,-100.0,-0.6736482468649382,0
-5.403146,33,9786.468036,-100.0,-0.7110718958088237,0
-5.360112,33,9787.026999,-100.0,-0.7923114647584546,0
-5.495946,34,9787.616796,-100.0,-0.7394543654197789,0
-5.444833,34,9788.207091,-100.0,-0.7350720376369071,0
-5.699051,34,9788.784753,-100.0,-0.6848500572596696,0
-5.140026,32,9789.328367,-100.0,-0.8443147058042487,0
-6.627341,36,9789.949932,-100.0,-0.779010421931584,0
-5.352302,36,9790.566336,-100.0,-0.8088761824721135,0
-6.285689,46,9791.358062,-100.0,-0.6882347026085756,0
-5.588802,42,9792.059754,-100.0,-0.8090326195871436,0
-5.59707,33,9792.625664,-100.0,-0.736148445049836,0
-5.756099,34,9793.205522,-100.0,-0.6702069252344447,0
-5.276711,33,9793.776639,-100.0,-0.7754264865155605,0
-5.626903,33,9794.341756,-100.0,-0.7094232736031437,0
-5.718753,48,9795.16352,-100.0,-0.8459621201206736,0
-5.487622,32,9795.728836,-100.0,-0.7699425979690137,0
-5.763924,34,9796.308694,-100.0,-0.6806008349078673,0
-5.443365,34,9796.888168,-100.0,-0.7378631901418159,0
-5.796994,34,9797.467898,-100.0,-0.6563292875562311,0
-5.843092,33,9798.034742,-100.0,-0.6748853787528601,0
-5.160583,33,9798.591051,-100.0,-0.8666834400170941,0
-5.581242,34,9799.18614,-100.0,-0.684917363861393,0
-5.593643,35,9799.779349,-100.0,-0.7437389311676202,0
-5.897335,36,9800.386442,-100.0,-0.6297098107095176,0
-5.710493,33,9800.949383,-100.0,-0.6124600638175,0
-5.614424,33,9801.513774,-100.0,-0.7127027393739505,0
-6.041069,33,9802.084224,-100.0,-0.6072149932725981,0
-5.48668,33,9802.647911,-100.0,-0.6740607156669254,0
-5.502416,32,9803.205062,-100.0,-0.8107840731266106,0
-5.502279,33,9803.775385,-100.0,-0.7596262145193976,0
-5.512188,33,9804.335592,-100.0,-0.8141243594211424,0
-5.377933,33,9804.910702,-100.0,-0.7681584302977472,0
-5.271759,32,9805.441662,-100.0,-0.8408600975230629,0
-5.529989,33,9806.004662,-100.0,-0.7482319772395409,0
-5.244204,32,9806.557296,-100.0,-0.8071654106935402,0
-5.433098,32,9807.104343,-100.0,-0.8317073677707595,0
-5.619352,32,9807.646609,-100.0,-0.7577838474830465,0
-5.967057,34,9808.233785,-100.0,-0.6735341554613626,0
-5.626539,33,9925.017601,-100.0,-0.7307581638984637,0
-5.815837,34,9925.595558,-100.0,-0.6785842530394465,0
-5.400174,33,9926.165966,-100.0,-0.7689227780227642,0
-5.27341,33,9926.732836,-100.0,-0.7847213608428263,0
-5.322321,34,9927.303349,-100.0,-0.7237152750175566,0
-5.227784,34,9927.881452,-100.0,-0.8297389246200455,0
-5.669621,33,9928.454082,-100.0,-0.6981030619122253,0
-5.63853,33,9929.025061,-100.0,-0.6637280151575171,0
-5.52589,33,9929.588464,-100.0,-0.7960149247945552,0
-5.371272,32,9930.13788,-100.0,-0.8023417531362305,0
-5.763402,33,9930.698998,-100.0,-0.6922416261312536,0
-5.679614,33,9931.263249,-100.0,-0.6795965769622457,0
-5.287636,33,9931.832683,-100.0,-0.7582611039490551,0
-5.408697,34,9932.40573,-100.0,-0.8006022635426776,0
-5.392785,33,9932.967822,-100.0,-0.7695463011494214,0
-5.655447,34,9933.554837,-100.0,-0.73769490651917,0
-5.738144,33,9934.126227,-100.0,-0.7321437194543866,0
-5.483585,33,9934.693541,-100.0,-0.8148470529288796,0
-5.407073,32,9935.237078,-100.0,-0.7668182531944012,0
-5.660984,33,9935.802666,-100.0,-0.6649200220635694,0
-5.219341,33,9936.367266,-100.0,-0.8010664765651759,0
-5.320867,33,9936.928916,-100.0,-0.8053812220677464,0
-5.565582,33,9937.491827,-100.0,-0.694492415888588,0
-5.610935,34,9938.077469,-100.0,-0.7159616612484505,0
-5.886135,35,9938.691247,-100.0,-0.6444999448888469,0
-5.886029,35,9939.290938,-100.0,-0.6364539635257627,0
-5.390406,32,9939.826365,-100.0,-0.8248181674172014,0
-5.204767,32,9940.365248,-100.0,-0.8316456792548873,0
-5.590067,34,9940.952866,-100.0,-0.7222713512611901,0
-5.546801,33,9941.512033,-100.0,-0.7364835360951056,0
-6.523092,42,9942.250872,-100.0,-0.6786822772991108,0
-5.456944,33,9942.816783,-100.0,-0.759085162205829,0
-5.163335,34,9943.402761,-100.0,-0.7418953975876752,0
-5.761155,35,9943.995559,-100.0,-0.6950266206287083,0
-5.593714,36,9944.807257,-100.0,-0.7701450800813379,0
-5.253627,32,9945.364635,-100.0,-0.836414423060945,0
-5.723433,34,9945.944215,-100.0,-0.7297466379257693,0
-5.345449,33,9946.505403,-100.0,-0.877461120034664,0
-5.316836,32,9947.051479,-100.0,-0.7594540794902137,0
-5.151213,32,9947.607532,-100.0,-0.8610704081554844,0
-5.283669,33,9948.170802,-100.0,-0.7818181710127258,0
-5.288838,32,9948.723887,-100.0,-0.6123155386690139,0
-5.198694,33,9949.287606,-100.0,-0.8319410841841752,0
-5.469246,33,9949.848641,-100.0,-0.8004059391185652,0
-5.070522,33,9950.414414,-100.0,-0.826491766717844,0
-5.495998,32,9950.963181,-100.0,-0.7921914796174461,0
-5.535082,34,9951.550181,-100.0,-0.6944028617854938,0
-5.364671,33,9952.105715,-100.0,-0.7181203410924744,0
-5.992848,34,9952.689658,-100.0,-0.6825415333641102,0
-5.639975,34,9953.274081,-100.0,-0.7407674220995374,0
-5.797458,33,9953.849081,-100.0,-0.6274694059892426,0
-5.317758,33,9954.406171,-100.0,-0.8329584528964917,0
-5.524616,34,9954.988771,-100.0,-0.7750811206995912,0
-5.447724,33,9955.553561,-100.0,-0.7494474801149751,0
-5.542086,34,9956.137926,-100.0,-0.7688768037668814,0
-5.295519,33,9956.703387,-100.0,-0.7879432392561847,0
-5.462252,33,9957.2741,-100.0,-0.7449777065131353,0
-6.063025,35,9957.869399,-100.0,-0.6622770120937295,0
-5.661384,33,9958.439844,-100.0,-0.7217326581532028,0
-5.779768,37,9959.069107,-100.0,-0.6840468214671646,0
-5.563993,34,9959.648535,-100.0,-0.6317374225473809,0
-5.478139,33,10078.235823,-100.0,-0.7471064244748223,0
-5.790211,35,10078.827698,-100.0,-0.7396149954805757,0
-5.447802,33,10079.39897,-100.0,-0.7197855521686712,0
-5.500227,33,10079.957587,-100.0,-0.6807366845594713,0
-5.636675,34,10080.539612,-100.0,-0.7457289142776338,0
-5.846217,36,10081.153219,-100.0,-0.6814244897757156,0
-5.915616,41,10081.831672,-100.0,-0.7243381082745973,0
-5.213109,32,10082.377397,-100.0,-0.8444047068831015,0
-5.439624,32,10082.922876,-100.0,-0.7859876239247447,0
-5.455723,38,10083.569038,-100.0,-0.7852897944510426,0
-5.424832,33,10084.132929,-100.0,-0.8619520456119224,0
-5.167608,33,10084.696182,-100.0,-0.8009907037459717,0
-5.580904,35,10085.290983,-100.0,-0.7673974955098853,0
-5.387357,33,10085.856027,-100.0,-0.8155628995352466,0
-5.955893,36,10086.468326,-100.0,-0.7660503316454179,0
-5.29412,33,10087.040415,-100.0,-0.842036759750305,0
-5.387174,34,10087.619706,-100.0,-0.740245127684797,0
-5.788834,34,10088.192061,-100.0,-0.6520244457011791,0
-5.512488,32,10088.744291,-100.0,-0.8097869924800364,0
-5.159092,33,10089.29598,-100.0,-0.7926564121426027,0
-5.658924,34,10089.880898,-100.0,-0.6915467060006556,0
-6.005206,34,10090.459018,-100.0,-0.680336717330014,0
-5.618001,34,10091.026842,-100.0,-0.7095217422725819,0
-5.688738,34,10091.605148,-100.0,-0.692551686009557,0
-5.441286,33,10092.167604,-100.0,-0.7587528728700436,0
-5.714379,33,10092.730129,-100.0,-0.6186017437598796,0
-5.407832,34,10093.311192,-100.0,-0.7640231227392964,0
-5.414594,32,10093.862272,-100.0,-0.8424204623414838,0
-5.617998,33,10094.422318,-100.0,-0.6602351631546366,0
-5.787142,34,10095.007665,-100.0,-0.6824845268866114,0
-5.397127,33,10095.569659,-100.0,-0.8046382211212587,0
-5.780057,33,10096.13591,-100.0,-0.7232847972756542,0
-5.406971,33,10096.705626,-100.0,-0.7399262801792404,0
-5.616353,34,10097.27719,-100.0,-0.7080140477015131,0
-5.446778,34,10097.859933,-100.0,-0.7798068160592517,0
-5.86804,32,10098.411471,-100.0,-0.7353591196510619,0
-5.821474,33,10098.975192,-100.0,-0.6829491582516154,0
-5.440568,33,10099.535102,-100.0,-0.7378332280366112,0
-5.592485,34,10100.113885,-100.0,-0.7129856926675672,0
-5.727837,34,10100.693613,-100.0,-0.6620494761552393,0
-5.531355,34,10101.272011,-100.0,-0.6924131096886659,0
-5.611365,33,10101.847576,-100.0,-0.656258893749311,0
-5.468146,33,10102.409878,-100.0,-0.7597882343690029,0
-5.559325,35,10103.008128,-100.0,-0.719312226534069,0
-5.420568,32,10103.551231,-100.0,-0.8177669376189426,0
-6.016937,35,10104.15729,-100.0,-0.6635272520203239,0
-5.839781,41,10104.835534,-100.0,-0.639363266086942,0
-5.698074,33,10105.399261,-100.0,-0.5918395486518109,0
-5.636886,33,10105.958238,-100.0,-0.7229274319911426,0
-5.783003,39,10106.616533,-100.0,-0.7117947942618761,0
-5.67454,33,10107.184141,-100.0,-0.6640512572352021,0
-5.534325,33,10107.746216,-100.0,-0.6999298962538247,0
-6.100524,35,10108.348958,-100.0,-0.678595450589103,0
-5.530607,34,10108.926119,-100.0,-0.7298899668164556,0
-5.669183,33,10109.497258,-100.0,-0.682480265340351,0
-5.567446,37,10110.126668,-100.0,-0.7160509215156922,0
-5.744611,33,10110.685914,-100.0,-0.6706400242004931,0
-5.767804,39,10111.343998,-100.0,-0.710559105171881,0
-5.664754,33,10111.903115,-100.0,-0.7235501455896829,0
-5.562535,35,10112.502845,-100.0,-0.7609253172276736,0
-5.498717,34,10215.21103,-100.0,-0.7784468039484396,0
-5.658186,33,10215.782728,-100.0,-0.7430230797412287,0
-5.288892,37,10216.41844,-100.0,-0.841196667670335,0
-5.783299,34,10216.995319,-100.0,-0.6762278423914947,0
-5.756179,39,10217.668438,-100.0,-0.681909286993534,0
-5.692417,35,10218.268477,-100.0,-0.6894306311939253,0
-5.468444,33,10218.824732,-100.0,-0.7763035739555839,0
-5.871385,37,10219.464792,-100.0,-0.6799350467595596,0
-5.164488,32,10220.004126,-100.0,-0.8061746709827551,0
-5.494919,33,10220.575343,-100.0,-0.8075986703056589,0
-5.547273,33,10221.141899,-100.0,-0.688133253378513,0
-5.49764,33,10221.708644,-100.0,-0.8119036555192385,0
-5.661484,34,10222.285272,-100.0,-0.6939498297121294,0
-5.292903,34,10222.870058,-100.0,-0.8091379215818865,0
-5.747096,34,10223.452274,-100.0,-0.6707525379462796,0
-5.679236,34,10224.038379,-100.0,-0.6851285196114263,0
-5.56274,33,10224.60314,-100.0,-0.6951592003882862,0
-5.436253,33,10225.166569,-100.0,-0.8222379405626618,0
-5.406699,34,10225.742908,-100.0,-0.7684286322866699,0
-5.454643,34,10226.320648,-100.0,-0.7360182096888681,0
-5.509539,34,10226.883108,-100.0,-0.7489640575409314,0
-5.76511,34,10227.468906,-100.0,-0.7220737753090753,0
-5.968863,39,10228.160482,-100.0,-0.7049532655080105,0
-5.693448,34,10228.730004,-100.0,-0.6902255570211899,0
-5.359302,33,10229.291591,-100.0,-0.7599972122845373,0
-5.355995,33,10229.849437,-100.0,-0.786728314500334,0
-5.209037,33,10230.424199,-100.0,-0.8471963597449655,0
-5.544108,35,10231.015743,-100.0,-0.728359306897934,0
-5.88572,34,10231.588916,-100.0,-0.6560128049269804,0
-5.706851,34,10232.161259,-100.0,-0.6636746465273217,0
-5.835806,35,10232.761785,-100.0,-0.6818400638848604,0
-5.365786,33,10233.326998,-100.0,-0.8191389084043786,0
-5.809421,34,10233.905441,-100.0,-0.6515514312045032,0
-6.080296,37,10234.541376,-100.0,-0.6670020202511707,0
-5.673219,34,10235.121545,-100.0,-0.6876775542861532,0
-5.563157,33,10235.683937,-100.0,-0.6913884219168541,0
-5.392127,34,10236.273993,-100.0,-0.7447944540925111,0
-5.575687,34,10236.848043,-100.0,-0.7590288373948477,0
-5.845764,33,10237.406687,-100.0,-0.6408823738988744,0
-5.644204,38,10238.070105,-100.0,-0.6880602057152049,0
-5.847979,33,10238.631848,-100.0,-0.7189005796416095,0
-5.235267,32,10239.185903,-100.0,-0.8471027025333666,0
-5.989871,35,10239.775177,-100.0,-0.687993396175228,0
-5.81564,38,10240.421662,-100.0,-0.6626940318107984,0
-5.559899,32,10240.959462,-100.0,-0.7766062161132369,0
-5.386582,35,10241.563113,-100.0,-0.8222485317314304,0
-5.387227,34,10242.147469,-100.0,-0.7203864927790679,0
-5.849002,34,10242.725591,-100.0,-0.714005853410424,0
-5.428554,32,10243.262831,-100.0,-0.8114975173231834,0
-5.880457,33,10243.833915,-100.0,-0.7129181699070386,0
-5.278061,33,10244.396998,-100.0,-0.8100716147173966,0
-5.272939,32,10244.945472,-100.0,-0.832998488625573,0
-5.753365,39,10245.60928,-100.0,-0.7657306120680536,0
-5.619043,33,10246.163493,-100.0,-0.72129778232933,0
-5.631404,44,10246.924724,-100.0,-0.7733626490670193,0
-5.588072,33,10247.486447,-100.0,-0.6869458797952805,0
-5.453269,33,10248.052588,-100.0,-0.759281267938334,0
-5.502651,34,10248.626151,-100.0,-0.7513761845186678,0
-5.62551,34,10249.213162,-100.0,-0.7913019283023967,0
-5.342152,33,10249.786432,-100.0,-0.8400569723521766,0
-5.841936,35,10352.419684,-100.0,-0.6824238132963794,0
-5.203101,34,10353.011022,-100.0,-0.8292311860492112,0
-5.351054,34,10353.583995,-100.0,-0.7639809348442242,0
-5.458094,33,10354.14506,-100.0,-0.7619841396082772,0
-5.627578,34,10354.720156,-100.0,-0.7546990512729541,0
-5.564912,37,10355.343396,-100.0,-0.6473524173118163,0
-5.819359,37,10355.960917,-100.0,-0.6694964501062499,0
-5.606551,35,10356.569276,-100.0,-0.7124340170397516,0
-5.83724,33,10357.123197,-100.0,-0.6140974971937292,0
-5.694459,34,10357.710446,-100.0,-0.7112169756129305,0
-5.452614,33,10358.273249,-100.0,-0.6898756213638444,0
-5.913962,34,10358.855574,-100.0,-0.6226957700097302,0
-5.88353,34,10359.431391,-100.0,-0.6877235929778934,0
-5.116031,33,10359.997581,-100.0,-0.829528721277893,0
-5.700872,33,10360.56268,-100.0,-0.705843046453725,0
-5.495036,33,10361.114571,-100.0,-0.7564692848124078,0
-5.618723,36,10361.726976,-100.0,-0.7653122763487039,0
-5.742636,33,10362.285231,-100.0,-0.695678317021101,0
-5.318792,33,10362.850457,-100.0,-0.839192299950502,0
-5.829271,36,10363.455518,-100.0,-0.75338429192098,0
-5.656725,34,10364.032733,-100.0,-0.7096413732160928,0
-5.584684,33,10364.597098,-100.0,-0.7110725620617575,0
-5.461664,36,10365.205941,-100.0,-0.7160001648918367,0
-5.971056,34,10365.785939,-100.0,-0.6606235554497425,0
-5.540878,33,10366.348428,-100.0,-0.7304224387476038,0
-5.162245,32,10367.10965,-100.0,-0.83913001631396,0
-5.427323,33,10367.680752,-100.0,-0.7299841515501315,0
-5.683,35,10368.278943,-100.0,-0.6716435140431033,0
-5.155683,32,10368.825402,-100.0,-0.8435441646353391,0
-5.237244,32,10369.377841,-100.0,-0.8963183964700095,0
-5.484573,33,10369.942853,-100.0,-0.7753741247505375,0
-5.352683,32,10370.491109,-100.0,-0.8676782315042839,0
-5.543808,35,10371.093439,-100.0,-0.663191116532032,0
-5.765571,35,10371.687609,-100.0,-0.6554491280308808,0
-5.756927,34,10372.263928,-100.0,-0.6735125389254998,0
-5.316036,34,10372.84067,-100.0,-0.8595896117452904,0
-5.663828,34,10373.411515,-100.0,-0.6849708477261285,0
-5.865786,34,10373.997038,-100.0,-0.697743793892587,0
-5.696356,33,10374.557856,-100.0,-0.6566258402903954,0
-5.232429,32,10375.102471,-100.0,-0.8668538246323545,0
-5.825115,34,10375.684717,-100.0,-0.7081319050353414,0
-5.337122,32,10376.239368,-100.0,-0.8491838749185231,0
-5.473293,33,10376.805477,-100.0,-0.7824468590113429,0
-5.574691,33,10377.366669,-100.0,-0.76994488168619,0
-5.372533,34,10377.942623,-100.0,-0.7692544477078799,0
-5.302557,34,10378.526108,-100.0,-0.787531580031021,0
-5.629147,34,10379.10711,-100.0,-0.6615329655980836,0
-5.178585,33,10379.666876,-100.0,-0.8102775424154051,0
-6.128938,55,10380.581039,-100.0,-0.7531796099688918,0
-5.785919,34,10381.155902,-100.0,-0.6993592264872295,0
-5.700061,33,10381.724345,-100.0,-0.6801724439302612,0
-5.633996,33,10382.283446,-100.0,-0.7363614942257496,0
-5.695051,36,10382.897636,-100.0,-0.7542812769102106,0
-5.478479,34,10383.476344,-100.0,-0.7930185323693566,0
-5.482681,33,10384.042428,-100.0,-0.8352970557291179,0
-5.502631,33,10384.6047,-100.0,-0.6695906353761094,0
-5.787794,35,10385.198059,-100.0,-0.6935658529960058,0
-5.641538,33,10385.760512,-100.0,-0.667323530487907,0
-6.1006,38,10386.410462,-100.0,-0.7885704239760016,0
-5.479106,33,10386.968089,-100.0,-0.8055313769961518,0
-5.536948,33,10508.647032,-100.0,-0.6770234872373901,0
-5.847658,33,10509.205769,-100.0,-0.7379734535161683,0
-5.306776,32,10509.758617,-100.0,-0.7738378085092124,0
-5.733543,33,10510.312826,-100.0,-0.6962337517353021,0
-5.40371,32,10510.871057,-100.0,-0.82602157058032,0
-5.647857,33,10511.438706,-100.0,-0.6736732127280461,0
-5.068842,32,10511.981495,-100.0,-0.8549649695713859,0
-5.350254,32,10512.53665,-100.0,-0.8256203506047158,0
-5.871202,46,10513.323228,-100.0,-0.7968918501929518,0
-5.677129,34,10513.912415,-100.0,-0.6744948760597779,0
-5.752156,42,10514.635123,-100.0,-0.698798297893013,0
-5.416261,33,10515.193418,-100.0,-0.8030841632389455,0
-5.346911,33,10515.756079,-100.0,-0.8311786556672918,0
-5.474365,34,10516.329604,-100.0,-0.6656955439654408,0
-6.042527,33,10516.902341,-100.0,-0.6498554693662858,0
-5.549188,33,10517.470658,-100.0,-0.7033753426465902,0
-5.632583,33,10518.037725,-100.0,-0.666200319117605,0
-5.409677,34,10518.609824,-100.0,-0.7969071435121038,0
-5.278775,33,10519.181483,-100.0,-0.7340354817103889,0
-5.426618,33,10519.753624,-100.0,-0.7270145357227223,0
-5.793999,36,10520.352279,-100.0,-0.6964716125307121,0
-5.126043,33,10520.920262,-100.0,-0.8803600841346706,0
-5.698444,33,10521.484703,-100.0,-0.7595756640718656,0
-5.494767,33,10522.054719,-100.0,-0.7093137237328664,0
-5.352693,33,10522.632301,-100.0,-0.8008620573089704,0
-5.487911,33,10523.192305,-100.0,-0.7477190424740447,0
-5.752564,33,10523.760865,-100.0,-0.7076809943060928,0
-5.167366,32,10524.310604,-100.0,-0.8670273274205335,0
-5.642825,35,10524.904705,-100.0,-0.6988409841565537,0
-5.203016,32,10525.456716,-100.0,-0.8741495948652722,0
-5.784971,35,10526.051313,-100.0,-0.6369345840538423,0
-5.886889,34,10526.629953,-100.0,-0.6470157657265286,0
-5.24062,33,10527.200161,-100.0,-0.8454740035432421,0
-5.718067,34,10527.784711,-100.0,-0.7275199357638712,0
-5.733673,33,10528.350478,-100.0,-0.7036211526024416,0
-5.290032,33,10528.906999,-100.0,-0.7229254144351804,0
-5.171128,32,10529.459494,-100.0,-0.8812817715165462,0
-5.642125,33,10530.010987,-100.0,-0.6701159017692712,0
-5.533777,34,10530.594793,-100.0,-0.7140797941327012,0
-5.4549,33,10531.144177,-100.0,-0.7368539960895286,0
-5.454506,32,10531.696889,-100.0,-0.7829171595870519,0
-5.228815,34,10532.283351,-100.0,-0.8739427069996226,0
-5.462525,34,10532.866966,-100.0,-0.6571367292970608,0
-5.469585,33,10533.429015,-100.0,-0.7383622454032175,0
-5.419955,33,10533.991984,-100.0,-0.8168366025178708,0
-5.41987,33,10534.554192,-100.0,-0.7360240253310714,0
-5.218747,33,10535.108449,-100.0,-0.828563264675409,0
-5.713517,33,10535.666843,-100.0,-0.6955916612604467,0
-5.571347,40,10536.364608,-100.0,-0.748527879914026,0
-5.360548,33,10536.921358,-100.0,-0.7750872512126235,0
-5.807323,33,10537.495132,-100.0,-0.7103602466597781,0
-5.359422,34,10538.083961,-100.0,-0.8401537020291104,0
-5.432667,33,10538.655008,-100.0,-0.7750862229241612,0
-5.603756,33,10539.2035,-100.0,-0.722800863077207,0
-5.579948,33,10539.767786,-100.0,-0.7110681712683932,0
-5.500794,33,10540.330883,-100.0,-0.7492593417510325,0
-5.872041,34,10540.912665,-100.0,-0.6443843469489529,0
-5.660202,34,10541.501375,-100.0,-0.6963327557753979,0
-5.769051,34,10542.077102,-100.0,-0.6619038810688995,0
-5.533974,34,10542.662746,-100.0,-0.7486899012595989,0
-5.384455,33,10543.225995,-100.0,-0.792960194761183,0
-5.546987,36,10668.33891,-100.0,-0.7070053511008608,0
-6.025031,39,10669.013744,-100.0,-0.6533357025094059,0
-5.262614,33,10669.577404,-100.0,-0.7953597272020864,0
-5.447493,33,10670.152807,-100.0,-0.7200892669194148,0
-6.022975,38,10670.783626,-100.0,-0.7579793455749567,0
-5.083714,33,10671.354396,-100.0,-0.7937732899409872,0
-5.736141,33,10671.918745,-100.0,-0.6418794812418002,0
-5.384691,33,10672.492516,-100.0,-0.8503344387463821,0
-5.317482,33,10673.062608,-100.0,-0.8054585908008789,0
-5.06543,33,10673.623115,-100.0,-0.8278739674905848,0
-5.740853,34,10674.207405,-100.0,-0.6203133061337192,0
-5.674715,33,10674.765581,-100.0,-0.6942066945872011,0
-5.566964,33,10675.336653,-100.0,-0.7064465278482931,0
-5.607183,33,10675.897433,-100.0,-0.7067347924675085,0
-5.463835,33,10676.458773,-100.0,-0.7744385118190629,0
-5.675629,45,10677.210182,-100.0,-0.805423872895731,0
-5.781093,33,10677.775502,-100.0,-0.6822628513429799,0
-5.366147,33,10678.34088,-100.0,-0.7722001451910377,0
-5.284208,33,10678.910666,-100.0,-0.8043736392973054,0
-5.374349,33,10679.469831,-100.0,-0.8157781197458548,0
-5.571958,33,10680.035892,-100.0,-0.7512751392467141,0
-5.740229,34,10680.625031,-100.0,-0.6532638399086793,0
-5.591152,35,10681.204217,-100.0,-0.6810410580467006,0
-5.477513,33,10681.775645,-100.0,-0.7608589523237256,0
-5.766766,33,10682.337585,-100.0,-0.6878014805670861,0
-5.380075,32,10682.894083,-100.0,-0.828983758148973,0
-5.490409,33,10683.462227,-100.0,-0.641026310770506,0
-5.694969,33,10684.028322,-100.0,-0.7326277258927452,0
-5.642186,34,10684.60701,-100.0,-0.6616749355497672,0
-5.41287,33,10685.176518,-100.0,-0.750558543999322,0
-5.255026,32,10685.726633,-100.0,-0.8239603452905369,0
-5.475684,32,10686.260489,-100.0,-0.8410769457975519,0
-5.521237,33,10686.82976,-100.0,-0.7745531008460339,0
-5.205128,32,10687.381008,-100.0,-0.8358610188413741,0
-5.084493,32,10687.928958,-100.0,-0.8740929623919594,0
-5.333319,32,10688.489344,-100.0,-0.8230453347539154,0
-5.701001,33,10689.049106,-100.0,-0.6949883955730244,0
-5.25778,33,10689.600148,-100.0,-0.8166204746037271,0
-5.281038,33,10690.173045,-100.0,-0.7229044751574983,0
-5.504432,34,10690.754219,-100.0,-0.7668330748777636,0
-5.405794,33,10691.310457,-100.0,-0.7639072153107432,0
-5.520521,35,10691.90377,-100.0,-0.7094473265759446,0
-5.774369,35,10692.512912,-100.0,-0.6753734764766205,0
-5.490895,33,10693.074445,-100.0,-0.7581142251489273,0
-5.835712,35,10693.671097,-100.0,-0.6535174481169096,0
-5.632103,33,10694.217433,-100.0,-0.6209781733579244,0
-5.574054,33,10694.76679,-100.0,-0.6451349615626774,0
-5.86298,33,10695.344101,-100.0,-0.6998175657782466,0
-5.496476,33,10695.911186,-100.0,-0.8090871698890841,0
-5.892729,35,10696.508226,-100.0,-0.664880213670927,0
-5.414468,34,10697.104192,-100.0,-0.6891676631972262,0
-5.757693,34,10697.677511,-100.0,-0.6439594981841986,0
-5.617406,33,10698.247605,-100.0,-0.7096621296745917,0
-5.567524,34,10698.828903,-100.0,-0.8269931271806277,0
-5.360291,33,10699.392734,-100.0,-0.7668194173105074,0
-5.530064,32,10699.942044,-100.0,-0.7909654153964283,0
-5.20789,33,10700.496221,-100.0,-0.8098945210789612,0
-5.243929,32,10701.044436,-100.0,-0.8663555330135859,0
-5.25309,33,10701.608828,-100.0,-0.8510854343009004,0
-5.27773,33,10702.171738,-100.0,-0.7547470323713299,0
-5.950446,42,10832.557319,-100.0,-0.6936596755565181,0
-5.83067,34,10833.13933,-100.0,-0.631795246600961,0
-5.973028,33,10833.710485,-100.0,-0.7106771672753999,0
-5.633473,36,10834.316789,-100.0,-0.7695645158294379,0
-5.526988,35,10834.930348,-100.0,-0.7537900616662128,0
-5.907315,38,10835.560996,-100.0,-0.6814930588303182,0
-5.306001,35,10836.169827,-100.0,-0.7824122202222434,0
-5.972038,33,10836.734833,-100.0,-0.698257649736553,0
-5.506543,34,10837.316557,-100.0,-0.6879646622314944,0
-5.421973,35,10837.900829,-100.0,-0.7916732883169465,0
-5.656499,34,10838.482893,-100.0,-0.6429551768772713,0
-5.76592,34,10839.064299,-100.0,-0.6682281244298582,0
-5.45195,33,10839.622341,-100.0,-0.7478677403140794,0
-5.620502,37,10840.27471,-100.0,-0.7402262214605576,0
-5.409058,32,10840.80921,-100.0,-0.7269652683028556,0
-5.445909,33,10841.378368,-100.0,-0.7529563443032519,0
-5.781708,33,10841.937933,-100.0,-0.659627318952618,0
-5.381049,32,10842.677778,-100.0,-0.8697135781435251,0
-5.299064,33,10843.249562,-100.0,-0.7740313239107535,0
-5.218203,33,10843.820138,-100.0,-0.8400753772104899,0
-5.359406,32,10844.366534,-100.0,-0.8507520998066552,0
-5.688787,35,10844.967771,-100.0,-0.7620744080773614,0
-5.806372,33,10845.541086,-100.0,-0.6940577943247787,0
-5.774324,34,10846.126204,-100.0,-0.6497355691435935,0
-6.00848,35,10846.720507,-100.0,-0.6149745408592743,0
-5.345369,36,10847.346628,-100.0,-0.8357311643270889,0
-5.746358,36,10847.956296,-100.0,-0.7032601530014656,0
-5.535134,41,10848.656531,-100.0,-0.7823584273382825,0
-5.363892,33,10849.228263,-100.0,-0.7339007906247866,0
-5.298865,33,10849.778382,-100.0,-0.8005182424798475,0
-5.844767,38,10850.433965,-100.0,-0.7288236229247786,0
-5.751257,33,10851.00394,-100.0,-0.7043449999795125,0
-5.41956,33,10851.574906,-100.0,-0.789586157863614,0
-5.480889,33,10852.136682,-100.0,-0.740975321487064,0
-5.226638,33,10852.70515,-100.0,-0.8669803246143616,0
-5.460419,32,10853.239552,-100.0,-0.7912930011553857,0
-5.499813,34,10853.82776,-100.0,-0.7096001723000723,0
-5.836333,33,10854.387425,-100.0,-0.696978781938214,0
-5.512729,33,10854.95588,-100.0,-0.7260455335888689,0
-5.414638,33,10855.521994,-100.0,-0.7984309487137706,0
-5.273393,34,10856.09546,-100.0,-0.8212176094838168,0
-5.735328,33,10856.658898,-100.0,-0.7662079260047832,0
-5.295519,33,10857.228247,-100.0,-0.7630456436519889,0
-5.525771,34,10857.807657,-100.0,-0.7586064172584267,0
-5.751475,36,10858.415674,-100.0,-0.7380750306447679,0
-5.488608,33,10858.974057,-100.0,-0.7249797464969516,0
-5.35195,35,10859.579617,-100.0,-0.8915095060455133,0
-5.884827,34,10860.170346,-100.0,-0.6640511976396704,0
-5.275526,33,10860.726199,-100.0,-0.7996762659407702,0
-5.610819,34,10861.311802,-100.0,-0.7334566373958532,0
-5.416909,33,10861.85944,-100.0,-0.7626950681388676,0
-5.169621,32,10862.40215,-100.0,-0.8905389725760675,0
-5.328232,34,10862.988784,-100.0,-0.8134973633391194,0
-4.995874,33,10863.54775,-100.0,-0.8914992794635285,0
-5.501363,33,10864.113772,-100.0,-0.7022796983964377,0
-5.554765,39,10864.7768,-100.0,-0.73313928522799,0
-5.202606,32,10865.330245,-100.0,-0.8587144844081365,0
-5.969803,37,10865.96457,-100.0,-0.6280980308589732,0
-5.781419,39,10866.638616,-100.0,-0.6941048430243871,0
-5.904119,43,10867.370618,-100.0,-0.6768564297605446,0
-5.465102,34,11001.442393,-100.0,-0.7585594497036815,0
-6.048418,44,11002.168488,-100.0,-0.7419354111456845,0
-5.610667,34,11002.751228,-100.0,-0.7076639735828403,0
-5.596461,33,11003.318176,-100.0,-0.6971909451164974,0
-5.565512,33,11003.875318,-100.0,-0.6461540007624266,0
-5.043903,32,11004.41999,-100.0,-0.8390077626606128,0
-5.522589,33,11004.971785,-100.0,-0.7370329827578745,0
-5.524864,33,11005.542287,-100.0,-0.7152927357269622,0
-5.345483,35,11006.138641,-100.0,-0.7729635338202887,0
-5.693198,33,11006.70454,-100.0,-0.6640123565888804,0
-5.408792,33,11007.262631,-100.0,-0.7679483462426921,0
-5.361142,32,11007.813181,-100.0,-0.8532974195981773,0
-5.608297,33,11008.377928,-100.0,-0.7063341643173732,0
-5.348396,33,11008.944646,-100.0,-0.7656355402152583,0
-5.479433,33,11009.504908,-100.0,-0.7534354907531909,0
-5.246618,32,11010.051709,-100.0,-0.8266696148089256,0
-5.356946,33,11010.615197,-100.0,-0.7785554050382173,0
-5.704051,34,11011.194071,-100.0,-0.6936009176128392,0
-6.248972,36,11011.798921,-100.0,-0.6598492159259736,0
-5.579199,33,11012.362279,-100.0,-0.6732232832912648,0
-5.415631,33,11012.93127,-100.0,-0.7932650763395994,0
-5.56107,39,11013.611071,-100.0,-0.8098722340095103,0
-5.582371,33,11014.172502,-100.0,-0.6748750020733087,0
-5.275854,34,11014.745321,-100.0,-0.7788708944133346,0
-5.700433,33,11015.306823,-100.0,-0.6808449591410413,0
-5.461407,32,11015.847413,-100.0,-0.7491721781596703,0
-5.256987,33,11016.411937,-100.0,-0.8406423013737522,0
-5.798213,35,11017.002164,-100.0,-0.8064884082472982,0
-5.66604,33,11017.570253,-100.0,-0.6615027221976983,0
-5.351772,33,11018.133016,-100.0,-0.7756171081100187,0
-5.576829,33,11018.683372,-100.0,-0.7325517088577789,0
-5.220738,32,11019.222755,-100.0,-0.8149715576992371,0
-5.37415,34,11019.804099,-100.0,-0.7549353079991573,0
-5.567006,33,11020.359509,-100.0,-0.6835747175715492,0
-5.309696,34,11020.94475,-100.0,-0.7269381847978225,0
-5.204469,32,11021.492971,-100.0,-0.8556519288012173,0
-5.574628,33,11022.060473,-100.0,-0.6829285949257634,0
-5.330523,33,11022.62349,-100.0,-0.8086585382134365,0
-5.539809,33,11023.188057,-100.0,-0.7419671553194342,0
-5.228085,33,11023.754183,-100.0,-0.7678284522073521,0
-5.093629,34,11024.328242,-100.0,-0.8715603011560508,0
-5.278616,32,11024.879788,-100.0,-0.895641030497115,0
-5.270184,32,11025.425839,-100.0,-0.8468828282910125,0
-5.633519,33,11025.99299,-100.0,-0.6652230363900363,0
-5.541797,33,11026.545618,-100.0,-0.7064811395079506,0
-5.597682,33,11027.112797,-100.0,-0.6914526556484596,0
-5.175766,33,11027.662832,-100.0,-0.8410623739551997,0
-5.451937,33,11028.231362,-100.0,-0.7701986681620449,0
-5.48991,33,11028.788836,-100.0,-0.6922799599791262,0
-5.662178,33,11029.356026,-100.0,-0.668800081412948,0
-5.367166,33,11029.910875,-100.0,-0.7878849688091376,0
-5.587631,33,11030.473002,-100.0,-0.6872304897717516,0
-5.574559,33,11031.038624,-100.0,-0.6713756159015061,0
-5.501549,32,11031.582102,-100.0,-0.7982634793742833,0
-5.601145,34,11032.157618,-100.0,-0.6809080484273273,0
-5.764506,33,11032.718676,-100.0,-0.6975080556195297,0
-5.821053,35,11033.306043,-100.0,-0.6554449118711593,0
-5.573527,33,11033.87206,-100.0,-0.7507231907777577,0
-5.875602,34,11034.463305,-100.0,-0.6937591765441867,0
-5.629291,33,11035.016483,-100.0,-0.7339355928308657,0
-5.67515,40,11035.729178,-100.0,-0.6415450131386258,0
-5.330368,33,11173.67383,-100.0,-0.7872909870344079,0
-5.630848,33,11174.24279,-100.0,-0.755315274946213,0
-5.240187,32,11174.788932,-100.0,-0.8683071018389095,0
-5.602606,34,11175.386055,-100.0,-0.6878419841237405,0
-5.689651,33,11175.954232,-100.0,-0.6105383040016052,0
-5.214216,32,11176.486024,-100.0,-0.8245776990716517,0
-5.272058,33,11177.054855,-100.0,-0.7648947536194755,0
-5.455304,33,11177.624659,-100.0,-0.7406370827134277,0
-5.579563,33,11178.188874,-100.0,-0.7678923311453948,0
-5.446448,33,11178.751941,-100.0,-0.7354089077394098,0
-5.460112,33,11179.326323,-100.0,-0.6915522529602953,0
-5.90254,34,11179.938769,-100.0,-0.7072537455304296,0
-5.720908,33,11180.49733,-100.0,-0.6490137610608082,0
-5.325871,33,11181.066298,-100.0,-0.6930874403092705,0
-5.578339,33,11181.629176,-100.0,-0.6830279497496492,0
-5.480812,33,11182.204138,-100.0,-0.7902029106434016,0
-5.295388,32,11182.757692,-100.0,-0.7766210895565091,0
-5.680407,35,11183.361016,-100.0,-0.662005365272019,0
-5.483037,34,11183.950651,-100.0,-0.7455246683049059,0
-5.364147,34,11184.531588,-100.0,-0.7873704796891335,0
-5.640197,34,11185.130892,-100.0,-0.6824612636361291,0
-5.731368,33,11185.696659,-100.0,-0.6785418595599036,0
-5.489652,33,11186.271309,-100.0,-0.6412144931251325,0
-5.188468,33,11186.845172,-100.0,-0.8148931269421581,0
-5.511115,37,11187.480061,-100.0,-0.6947782276307304,0
-5.848672,34,11188.06796,-100.0,-0.6681922364768209,0
-5.471517,33,11188.637111,-100.0,-0.7583686896352273,0
-5.553973,33,11189.202246,-100.0,-0.771879738876947,0
-5.528463,33,11189.759823,-100.0,-0.6443317783534857,0
-5.533494,34,11190.34523,-100.0,-0.7341986410522788,0
-5.425793,33,11190.90701,-100.0,-0.755952015691778,0
-5.337091,32,11191.451944,-100.0,-0.8254951492088847,0
-5.48205,33,11192.00893,-100.0,-0.7016696534604915,0
-5.372629,33,11192.577188,-100.0,-0.7963636968185648,0
-5.356657,33,11193.14008,-100.0,-0.7467907250383156,0
-5.320686,32,11193.693805,-100.0,-0.85572223942666,0
-5.42842,34,11194.273183,-100.0,-0.7407931663313981,0
-5.416341,33,11194.839727,-100.0,-0.7737245703695268,0
-5.277206,32,11195.378665,-100.0,-0.7865354953950846,0
-5.226624,36,11195.999237,-100.0,-0.8214007668787124,0
-5.273423,32,11196.547407,-100.0,-0.8241803386418461,0
-5.440615,33,11197.098569,-100.0,-0.7761394364288914,0
-5.308686,33,11197.675633,-100.0,-0.7638125053229798,0
-5.427596,33,11198.242847,-100.0,-0.6989024311699693,0
-5.661708,33,11198.806108,-100.0,-0.6812953011128405,0
-5.656926,34,11199.398663,-100.0,-0.7294156661052968,0
-5.63266,33,11199.960278,-100.0,-0.6980794561437433,0
-5.565838,34,11200.537055,-100.0,-0.7417855823587172,0
-5.56548,34,11201.122391,-100.0,-0.6629313703897116,0
-5.393837,33,11201.680264,-100.0,-0.7688834780649262,0
-5.504402,33,11202.238359,-100.0,-0.7793866506041055,0
-5.340126,32,11202.778144,-100.0,-0.7419641047778989,0
-4.968335,32,11203.323382,-100.0,-0.8739907167887344,0
-5.125622,32,11203.86871,-100.0,-0.8549687291815866,0
-5.472214,32,11204.417778,-100.0,-0.7678962603733119,0
-5.886614,33,11204.984927,-100.0,-0.68048672572142,0
-5.310806,33,11205.548432,-100.0,-0.841926384390742,0
-5.331264,32,11206.103231,-100.0,-0.7854208612602892,0
-5.626078,33,11206.6675,-100.0,-0.7370021167150197,0
-5.494197,37,11207.295683,-100.0,-0.6689535741129323,0
-5.605528,36,11207.902613,-100.0,-0.7229123246691946,0
-5.407534,34,11208.483483,-100.0,-0.7848300472509951,0
-5.497419,33,11344.204628,-100.0,-0.7623483276082004,0
-5.982611,35,11344.806759,-100.0,-0.6282038153651558,0
-5.716351,33,11345.365647,-100.0,-0.6514077900039565,0
-5.497793,33,11345.93883,-100.0,-0.7407360728963454,0
-5.502944,33,11346.493041,-100.0,-0.6935870535698891,0
-5.579696,33,11347.060746,-100.0,-0.6531649503484539,0
-5.582048,33,11347.619775,-100.0,-0.7164059419466898,0
-5.160419,32,11348.369365,-100.0,-0.859851316015049,0
-5.172559,34,11348.958327,-100.0,-0.8320416609040272,0
-5.341672,34,11349.532166,-100.0,-0.8068632239905279,0
-5.416391,33,11350.081342,-100.0,-0.7344423130095118,0
-5.461043,33,11350.64633,-100.0,-0.8234277725463064,0
-5.341405,33,11351.20802,-100.0,-0.7210864989411829,0
-5.243298,33,11351.775386,-100.0,-0.796419993478401,0
-5.633816,33,11352.341127,-100.0,-0.7035619358867036,0
-5.626565,34,11352.921635,-100.0,-0.699166756204122,0
-5.398267,33,11353.480423,-100.0,-0.6725134701913944,0
-5.223217,33,11354.041267,-100.0,-0.7680238981563349,0
-5.50989,33,11354.608846,-100.0,-0.7651151119796344,0
-5.683379,33,11355.1745,-100.0,-0.649161186507553,0
-5.556993,33,11355.733746,-100.0,-0.7513792080352785,0
-5.425507,36,11356.348858,-100.0,-0.702175960464609,0
-5.283288,32,11356.897153,-100.0,-0.6903384126337069,0
-5.302049,33,11357.466207,-100.0,-0.8111455736270267,0
-5.452498,33,11358.024204,-100.0,-0.7682388437489711,0
-5.753664,33,11358.589015,-100.0,-0.6441085125429608,0
-5.409669,34,11359.171098,-100.0,-0.7064070115371122,0
-5.37126,33,11359.730968,-100.0,-0.6693713891026742,0
-5.55519,33,11360.292135,-100.0,-0.7003410283229081,0
-5.303195,33,11360.856417,-100.0,-0.7868011992668772,0
-5.65866,33,11361.407247,-100.0,-0.6641407960824599,0
-5.352863,33,11361.972592,-100.0,-0.7897447147383714,0
-5.637711,33,11362.528525,-100.0,-0.7113787700321974,0
-5.676011,34,11363.108029,-100.0,-0.6950146516405571,0
-5.219196,33,11363.667726,-100.0,-0.8606060381168867,0
-5.646041,33,11364.234529,-100.0,-0.7240115421561834,0
-5.779879,32,11364.776353,-100.0,-0.6754318993352738,0
-5.536697,33,11365.341139,-100.0,-0.7300181953383788,0
-5.512354,33,11365.902452,-100.0,-0.7088696090564671,0
-5.953499,35,11366.497657,-100.0,-0.6426978091098946,0
-5.27898,33,11367.061508,-100.0,-0.8005251465605132,0
-5.798702,36,11367.668883,-100.0,-0.6933695625902756,0
-5.396008,34,11368.236306,-100.0,-0.7715469334397326,0
-5.590722,34,11368.80839,-100.0,-0.679007091107602,0
-5.287336,32,11369.363152,-100.0,-0.8480416072385637,0
-5.390641,33,11369.92575,-100.0,-0.8161244031870413,0
-5.283546,33,11370.491115,-100.0,-0.8148992518476511,0
-5.978439,35,11371.087564,-100.0,-0.6321904571785394,0
-5.452753,33,11371.644621,-100.0,-0.6976102347825105,0
-5.341611,33,11372.206065,-100.0,-0.7827165336594923,0
-5.465618,33,11372.767345,-100.0,-0.68139577745502,0
-5.705828,35,11373.372402,-100.0,-0.678968375051847,0
-5.497076,45,11374.166089,-100.0,-0.8481956917130814,0
-5.076727,32,11374.703726,-100.0,-0.8588570690494843,0
-5.907243,34,11375.287132,-100.0,-0.7105980884765272,0
-5.173664,33,11375.841438,-100.0,-0.7778263818507865,0
-5.288074,33,11376.406713,-100.0,-0.8404450442707664,0
-5.68612,39,11377.055785,-100.0,-0.7318120740396199,0
-5.261956,37,11377.682162,-100.0,-0.8271929898991766,0
-5.479923,36,11378.299402,-100.0,-0.6841653768212231,0
