#{"t_start": 1782853650.2944648, "env_id": "BipedalWalker-v3"}
r,l,t,original_env_reward,generated_reward,reward_error_count
-548.212148,1600,23.785694,-0.17570258063077926,-0.18092156735937145,0
-33.412478,65,24.660338,-100.0,-1.237540391005706,0
-40.70016,71,25.649714,-100.0,-2.143477247158525,0
-26.647903,60,26.475394,-100.0,-1.1323657001351373,0
-19.273863,72,27.490532,-100.0,-0.6470063523271666,0
-151.094316,215,171.626603,-100.0,-1.210920206700468,0
-11.904611,48,172.341127,-100.0,-0.5601988923778859,0
-300.498843,1600,195.989813,-0.06838692712783814,-0.059101453588652424,0
-33.856888,74,197.097334,-100.0,-1.000020180528405,0
-269.3609,1600,342.913252,0.029005763158202174,-0.0836749688314902,0
-32.216631,39,343.453311,-100.0,-1.3524218016929856,0
-79.941612,157,345.617759,-100.0,-0.9369445728602063,0
-39.228018,80,346.71661,-100.0,-1.3850784080178449,0
-43.063554,109,348.215587,-100.0,-1.0094826700260295,0
-311.431637,1600,490.366837,0.06401633642116945,-0.1515022970959098,0
-204.316975,1600,631.387704,-0.01815018692612648,-0.06521637986522141,0
-191.943035,1600,773.131834,-0.039900725960731506,-0.1820523319964552,0
-28.026014,54,773.949099,-100.0,-1.262351405586496,0
-16.677905,74,775.06483,-100.0,-0.8113679037853601,0
-192.654054,1600,916.766603,-0.07228112516800325,-0.19592138104126272,0
-24.949689,123,918.476411,-100.0,-0.8609094827703818,0
-14.592252,43,919.078349,-100.0,-0.5659584833432952,0
-268.686827,1600,941.379093,-0.03637504879633349,-0.0736056815975756,0
-257.877571,1600,1084.239722,0.0700322166283949,-0.12916685874263759,0
-26.174301,63,1085.118777,-100.0,-0.7082184761229798,0
-27.108105,60,1085.951246,-100.0,-0.7676774112648062,0
-165.954765,1600,1225.783358,0.07329293100039283,-0.02475686839270705,0
-146.949198,1600,1365.352184,-0.1843517133792194,-0.2127502426635849,0
-13.143229,47,1366.019461,-100.0,-0.7182827718634331,0
-141.241423,1600,1505.001265,0.03857211448748433,-0.09588399180210808,0
-177.195076,1600,1527.576727,-0.013639286239944284,-0.08737716829787032,0
-15.168527,76,1528.640331,-100.0,-0.6411934410836063,0
-13.310889,83,1529.801568,-100.0,-0.6411933244344304,0
-19.480851,83,1530.973962,-100.0,-0.6962482784560841,0
-11.698735,75,1652.035252,-100.0,-0.8735822563225552,0
-150.743036,1600,1674.40703,-0.06322219311445951,-0.035014030528831314,0
-12.772811,76,1675.47954,-100.0,-0.6341673321285203,0
-13.808381,73,1676.500653,-100.0,-0.8148956432924035,0
-131.237822,1600,1817.042323,-0.033661838610962266,-0.05630935615104107,0
-142.514267,1600,1957.58356,-0.019042975562624638,-0.06093211069060038,0
-15.087649,87,1958.895577,-100.0,-0.7606200744878032,0
-23.256509,99,1960.383675,-100.0,-0.7342109156016304,0
-14.322765,83,1961.638455,-100.0,-0.3762393499817007,0
-121.868984,1600,2100.269383,-0.06067941367626191,-0.11917405640176698,0
-114.718704,1600,2237.311501,-0.0664491308430807,-0.04337587947255022,0
-12.226025,79,2238.393306,-100.0,-0.2689808750071992,0
-10.915766,51,2239.09748,-100.0,-0.7183656426733657,0
-122.654181,1600,2260.932887,-0.2451981431047169,-0.2205215594239756,0
-18.63719,120,2381.744999,-100.0,-0.7071207537027157,0
-89.46873,1600,2403.6566,-0.07059912051756703,-0.08515320220148803,0
-23.440813,96,2404.966889,-100.0,-0.4116316513381748,0
-19.968371,86,2406.13607,-100.0,-0.7341461935414862,0
-101.231703,1600,2522.487274,-0.11892212061087765,-0.09029565601826932,0
-13.405224,84,2523.638466,-100.0,-0.38595179892997783,0
-12.824905,63,2524.495272,-100.0,-0.8366941939331508,0
-16.240589,98,2525.823238,-100.0,-0.7223512071046546,0
-15.053281,97,2527.13906,-100.0,-0.6836680962098295,0
-9.428674,60,2527.951774,-100.0,-0.7585114475604703,0
-10.09379,55,2528.71264,-100.0,-0.6190688684426308,0
-12.183301,80,2529.792563,-100.0,-0.6383964011699842,0
-11.513256,63,2530.65927,-100.0,-0.7238480037812856,0
-20.259373,78,2624.856507,-100.0,-0.5969842777098323,0
-14.09406,71,2625.815679,-100.0,-0.6429642885601528,0
-8.33179,56,2626.586224,-100.0,-0.7138400003898131,0
-11.264376,79,2627.677662,-100.0,-0.5918800590363569,0
-17.993057,93,2628.959856,-100.0,-0.31623265451275906,0
-18.850987,48,2629.620748,-100.0,-1.0343166283840741,0
-13.704892,87,2630.81285,-100.0,-0.8091619837846702,0
-79.320725,1600,2745.751458,-0.03319071576496202,-0.03259842192940578,0
-14.953043,49,2746.432731,-100.0,-0.515285148782779,0
-16.053273,70,2747.4068,-100.0,-0.43744139509103824,0
-14.431702,70,2748.37682,-100.0,-0.4029722567933429,0
-11.686374,41,2748.939963,-100.0,-0.8225376822264838,0
-17.55849,83,2750.100415,-100.0,-0.5758405449108392,0
-10.117095,40,2750.675036,-100.0,-0.7885763896308643,0
-80.292823,1600,2772.812141,-0.07502116255104926,-0.027248747448117026,0
-11.036216,63,2773.683476,-100.0,-0.6254231908960819,0
-15.38977,96,2893.974402,-100.0,-0.7421383467087307,0
-9.87604,71,2894.958684,-100.0,-0.7677185890899026,0
-13.104118,69,2895.937446,-100.0,-0.5853263059192505,0
-13.968895,51,2896.659403,-100.0,-0.7675407423005614,0
-14.15827,77,2897.734844,-100.0,-0.3611989035240055,0
-10.416293,72,2898.739929,-100.0,-0.6794449890591422,0
-19.620482,95,2900.099339,-100.0,-0.21520403426240808,0
-12.848085,61,2900.94428,-100.0,-0.3453828333941784,0
-16.376861,67,2901.889706,-100.0,-0.7037069522766427,0
-12.553486,73,2902.928187,-100.0,-0.7893809830980361,0
-14.283944,62,2903.787918,-100.0,-0.240782237747452,0
-75.63858,1600,3042.17586,-0.04472318325440563,-0.02685525206421455,0
-11.802597,69,3043.398927,-100.0,-0.6533130956822648,0
-12.321173,67,3044.335468,-100.0,-0.6377660236068163,0
-12.724879,75,3045.428684,-100.0,-0.2640658818358183,0
-9.996541,57,3046.215848,-100.0,-0.8040155643406418,0
-11.881245,68,3047.189259,-100.0,-0.7525575796824509,0
-15.988423,72,3048.215934,-100.0,-0.39724038689860175,0
-14.080438,103,3049.674224,-100.0,-0.7093437492218647,0
-11.504377,70,3050.686308,-100.0,-0.7264950110193166,0
-12.610741,74,3051.74245,-100.0,-0.708084260863401,0
-11.021989,65,3052.688848,-100.0,-0.5916449862811209,0
-9.785293,51,3053.423116,-100.0,-0.7492289127299125,0
-9.200098,44,3054.060423,-100.0,-0.5923705368883652,0
-8.049107,50,3054.775641,-100.0,-0.6207232220364662,0
-12.007398,61,3055.659531,-100.0,-0.3339324901894956,0
-9.587772,63,3056.545927,-100.0,-0.7977816162820032,0
-11.276879,67,3057.498151,-100.0,-0.27928117334157915,0
-9.570696,47,3058.177125,-100.0,-0.8125027574222794,0
-14.811612,104,3059.699013,-100.0,-0.7393297634073164,0
-9.454426,52,3060.442005,-100.0,-0.6764829570709158,0
-8.606087,56,3061.253169,-100.0,-0.6859704068370325,0
-11.547877,72,3062.288668,-100.0,-0.6523384943726487,0
-12.78925,50,3063.015054,-100.0,-0.3617391433633122,0
-17.456095,85,3064.241247,-100.0,-0.3830335948515603,0
-12.697995,65,3065.181276,-100.0,-0.2999620879253354,0
-9.249403,62,3066.075816,-100.0,-0.6216647110513954,0
-12.512927,47,3066.745696,-100.0,-0.7812919299206738,0
-9.450473,59,3183.902859,-100.0,-0.26089673083957915,0
-8.784294,65,3184.846087,-100.0,-0.7342109009286854,0
-11.539559,101,3186.322367,-100.0,-0.7024411601419194,0
-8.946679,52,3187.0984,-100.0,-0.7772800713221429,0
-8.678842,44,3187.737579,-100.0,-0.6701998923061625,0
-14.624242,94,3189.099882,-100.0,-0.17678298197628944,0
-8.166304,56,3189.92218,-100.0,-0.6948502913336303,0
-9.457138,60,3190.803065,-100.0,-0.6548329294669003,0
-15.353819,73,3191.857604,-100.0,-0.27327817195323895,0
-11.328497,71,3192.911542,-100.0,-0.6050104624800566,0
-8.69801,54,3193.692899,-100.0,-0.6221445723668969,0
-13.758796,75,3194.764487,-100.0,-0.11342258641199585,0
-14.311705,75,3195.848342,-100.0,-0.190216544017254,0
-17.885513,127,3197.676796,-100.0,-0.3597541496143578,0
-13.810789,94,3199.075844,-100.0,-0.8437961999403493,0
-9.416705,77,3200.202806,-100.0,-0.6996936597492777,0
-9.336102,54,3201.00111,-100.0,-0.48494130229179605,0
-12.411674,45,3201.643187,-100.0,-0.6136622043483148,0
-8.811837,55,3202.459866,-100.0,-0.6982822165459005,0
-13.194974,79,3203.609423,-100.0,-0.22308038636993516,0
-13.020138,66,3204.57637,-100.0,-0.3064406454759674,0
-14.173691,81,3205.776691,-100.0,-0.35728459558931774,0
-9.546448,48,3206.452967,-100.0,-0.7527525015464777,0
-9.876413,65,3207.408913,-100.0,-0.7488976731604332,0
-13.190442,85,3208.631587,-100.0,-0.7089402085620092,0
-11.440639,49,3209.360663,-100.0,-0.2813419332424559,0
-14.161259,94,3210.732977,-100.0,-0.7534976350081836,0
-9.296086,67,3211.727823,-100.0,-0.6334204018785408,0
-10.281317,63,3212.627861,-100.0,-0.7015584875591623,0
-15.378854,116,3331.632452,-100.0,-0.34230202206918087,0
-11.834679,60,3332.493104,-100.0,-0.3074234463375351,0
-14.081633,98,3333.936154,-100.0,-0.07679218765080982,0
-23.89207,171,3336.454836,-100.0,-0.2933978267340977,0
-10.633654,72,3337.521312,-100.0,-0.7656403013509819,0
-10.181738,49,3338.232781,-100.0,-0.712563968765565,0
-11.152154,60,3339.114014,-100.0,-0.7381611314670189,0
-11.418086,83,3340.325498,-100.0,-0.7899757040684835,0
-11.262243,73,3341.397577,-100.0,-0.7276097551051076,0
-13.154307,64,3342.344271,-100.0,-0.31712499025431573,0
-12.734065,69,3343.347291,-100.0,-0.17523004060686728,0
-13.764335,46,3344.027042,-100.0,-0.3550876000782024,0
-10.288818,56,3344.845016,-100.0,-0.712126011744176,0
-7.341461,36,3345.400641,-100.0,-0.6305475955447137,0
-9.384376,51,3346.154853,-100.0,-0.7700542643272602,0
-13.135874,71,3347.200822,-100.0,-0.6901994481731608,0
-13.557011,94,3348.586784,-100.0,-0.2140643553953112,0
-10.871903,56,3349.396141,-100.0,-0.16227469975360043,0
-8.01213,42,3350.013803,-100.0,-0.7363707089833149,0
-8.636113,47,3350.6916,-100.0,-0.620402087347982,0
-8.014651,53,3351.465008,-100.0,-0.6445706054391892,0
-13.793433,93,3352.8354,-100.0,-0.667177079045745,0
-15.508698,115,3354.502964,-100.0,-0.2784427919431652,0
-8.190957,43,3355.144275,-100.0,-0.656847508988677,0
-10.476003,62,3356.03089,-100.0,-0.6034613696639247,0
-8.96006,50,3356.763697,-100.0,-0.6465936576462417,0
-12.55522,87,3358.040136,-100.0,-0.7081081612371465,0
-9.531391,53,3358.796013,-100.0,-0.7046934909454624,0
-16.756655,67,3359.783438,-100.0,-0.32928101317171277,0
-10.766417,68,3476.378176,-100.0,-0.6617439911535912,0
-8.797536,49,3477.090521,-100.0,-0.5977563597502399,0
-19.574631,134,3479.037369,-100.0,-0.23183731933809018,0
-8.938031,50,3479.759782,-100.0,-0.6363699533996447,0
-15.748045,93,3481.11873,-100.0,-0.20843790698351833,0
-7.758609,43,3481.74192,-100.0,-0.6860943973550249,0
-8.565178,45,3482.429049,-100.0,-0.5927309750038474,0
-8.636209,55,3483.239096,-100.0,-0.7533276836707717,0
-10.905917,71,3484.272562,-100.0,-0.20717967633581855,0
-7.574011,47,3484.950764,-100.0,-0.6905392489142659,0
-10.146822,63,3485.866567,-100.0,-0.6964073583305963,0
-8.528455,46,3486.555356,-100.0,-0.6410602704230236,0
-9.263489,61,3487.444642,-100.0,-0.18573959335013807,0
-17.034322,111,3489.061352,-100.0,-0.18948368861932133,0
-9.205474,57,3489.90645,-100.0,-0.7568443537138002,0
-9.355212,58,3490.758289,-100.0,-0.695838037262981,0
-9.566168,81,3491.962069,-100.0,-0.6967297104470174,0
-8.8758,62,3492.888016,-100.0,-0.6739466048034085,0
-8.650302,69,3493.897068,-100.0,-0.7714191499324076,0
-8.95526,60,3494.77461,-100.0,-0.7183125309332945,0
-10.834789,79,3495.94731,-100.0,-0.7330182158150723,0
-8.929892,61,3496.859518,-100.0,-0.8027540130444858,0
-8.646996,50,3497.598174,-100.0,-0.6901252277126615,0
-8.804913,56,3498.433714,-100.0,-0.6608641127046175,0
-11.087295,67,3499.41672,-100.0,-0.2664018130060375,0
-10.691319,75,3500.529613,-100.0,-0.774556103279785,0
-11.164453,60,3501.415257,-100.0,-0.5805802604329314,0
-10.452989,70,3502.448316,-100.0,-0.6790349361267239,0
-10.657814,58,3503.313735,-100.0,-0.8796150443778313,0
-9.623067,60,3504.194984,-100.0,-0.2760408929260597,0
-12.059969,70,3505.257177,-100.0,-0.7008303999919102,0
-11.181375,59,3506.104919,-100.0,-0.7182380848557368,0
-17.584796,103,3626.69633,-100.0,-0.28872997242137977,0
-8.639682,51,3627.453368,-100.0,-0.6995726172759488,0
-9.10615,42,3628.075385,-100.0,-0.5340598248973654,0
-8.913614,51,3628.83627,-100.0,-0.7486065047302962,0
-8.812505,43,3629.465825,-100.0,-0.7231162933496847,0
-8.831254,66,3630.451999,-100.0,-0.7590076259576182,0
-8.735995,50,3631.185398,-100.0,-0.7607102644329437,0
-20.418535,191,3634.028513,-100.0,-0.6133680408264228,0
-8.163689,46,3634.716038,-100.0,-0.7745833641909972,0
-10.498725,56,3635.546661,-100.0,-0.2725490186988174,0
-9.341759,56,3636.379462,-100.0,-0.6772811072017065,0
-17.526486,105,3637.954507,-100.0,-0.3507984622470229,0
-9.050397,49,3638.674841,-100.0,-0.6536715746715016,0
-9.145146,48,3639.3716,-100.0,-0.7255544598960163,0
-10.58762,62,3640.30621,-100.0,-0.7115462755709497,0
-9.700159,62,3641.237566,-100.0,-0.7016030048027091,0
-8.620956,54,3642.058465,-100.0,-0.7016598313675032,0
-11.445999,63,3642.975845,-100.0,-0.5935746137864234,0
-10.757504,75,3644.087065,-100.0,-0.656897587654592,0
-8.431768,58,3644.959176,-100.0,-0.7383074679434638,0
-9.180918,41,3645.574129,-100.0,-0.6696869887095824,0
-9.785275,69,3646.612792,-100.0,-0.6491349531294656,0
-7.402136,43,3647.254436,-100.0,-0.7219675436986441,0
-7.959191,47,3647.937723,-100.0,-0.6173884055378958,0
-12.187267,87,3649.259073,-100.0,-0.2680660465922283,0
-8.896896,47,3649.96527,-100.0,-0.6531059389455808,0
-7.703848,40,3650.538592,-100.0,-0.6262332305549507,0
-8.147949,38,3651.13727,-100.0,-0.4538463533949111,0
-8.371253,45,3651.777658,-100.0,-0.6021246730267844,0
-11.211192,75,3652.903834,-100.0,-0.6530357995325355,0
-11.149462,67,3653.88893,-100.0,-0.6772556737260814,0
-7.877104,40,3654.495281,-100.0,-0.7282305319029179,0
-7.796806,43,3655.129804,-100.0,-0.8862763555431483,0
-10.128056,90,3772.339536,-100.0,-0.7121229136195287,0
-7.90697,49,3773.087259,-100.0,-0.6993096385243569,0
-8.856531,55,3773.899076,-100.0,-0.6083229106155975,0
-7.622513,42,3774.551778,-100.0,-0.6316575847926571,0
-8.758223,55,3775.385127,-100.0,-0.7253776820611969,0
-7.228474,46,3776.058251,-100.0,-0.7198609407055803,0
-8.318314,51,3776.830154,-100.0,-0.6600983778295025,0
-7.934768,45,3777.508615,-100.0,-0.6238628713315942,0
-8.425403,51,3778.275015,-100.0,-0.5673179106087121,0
-8.905857,49,3779.016788,-100.0,-0.7033252931141598,0
-8.570164,45,3779.705331,-100.0,-0.6421777537172353,0
-9.66561,59,3780.588634,-100.0,-0.7690327861486549,0
-9.633963,53,3781.401771,-100.0,-0.6384988389280989,0
-16.759212,67,3782.39324,-100.0,-0.4185933713287849,0
-10.300797,71,3783.46509,-100.0,-0.7200810458781479,0
-7.8319,54,3784.260952,-100.0,-0.7227741363305805,0
-8.708873,46,3784.956552,-100.0,-0.5859906156866692,0
-8.084727,52,3785.713243,-100.0,-0.7511634062253545,0
-8.367293,49,3786.454651,-100.0,-0.741652571715762,0
-8.762412,57,3787.300545,-100.0,-0.7644435560706342,0
-7.857812,51,3788.074775,-100.0,-0.715827998978662,0
-12.603173,102,3789.600561,-100.0,-0.6892534706282004,0
-10.932307,80,3790.813056,-100.0,-0.6440472243840915,0
-9.85464,47,3791.500871,-100.0,-0.4021386819163497,0
-8.607979,49,3792.235897,-100.0,-0.6685463972637612,0
-7.812273,45,3792.912868,-100.0,-0.7364534950417801,0
-8.37007,54,3793.72037,-100.0,-0.722154865233152,0
-8.02086,42,3794.336829,-100.0,-0.6595503567483467,0
-10.262124,72,3795.409439,-100.0,-0.7450455240783428,0
-8.545273,46,3796.09663,-100.0,-0.6058778476693031,0
-8.344974,49,3796.824774,-100.0,-0.6107795475518109,0
-7.865307,44,3797.49674,-100.0,-0.7166027361280118,0
-8.943727,45,3798.162138,-100.0,-0.6655842613124024,0
-8.088394,47,3798.849507,-100.0,-0.614428017871627,0
-10.907212,83,3800.083695,-100.0,-0.7524877991882984,0
-8.616194,54,3800.880747,-100.0,-0.745477456612093,0
-8.472205,46,3801.570683,-100.0,-0.6646304838826873,0
-8.997281,53,3922.201081,-100.0,-0.6580340782287544,0
-9.225885,61,3923.116248,-100.0,-0.6812076373120481,0
-10.100164,74,3924.231878,-100.0,-0.6471696580523265,0
-8.240007,53,3925.03028,-100.0,-0.637425651627935,0
-8.231926,46,3925.707751,-100.0,-0.6704876998762255,0
-7.775483,43,3926.372225,-100.0,-0.7082849139660558,0
-7.324395,51,3927.138641,-100.0,-0.7526299557592434,0
-8.382714,45,3927.795643,-100.0,-0.6571595342891617,0
-8.056598,55,3928.621948,-100.0,-0.6238086451408559,0
-8.938212,52,3929.41702,-100.0,-0.7172667954235269,0
-14.381931,51,3930.19756,-100.0,-0.4212902203093727,0
-7.232069,39,3930.773257,-100.0,-0.6572118790173507,0
-7.735953,49,3931.503742,-100.0,-0.6710812816192343,0
-9.880681,68,3932.526809,-100.0,-0.7011269278019574,0
-7.953019,40,3933.098573,-100.0,-0.7628049117667414,0
-7.554757,43,3933.748858,-100.0,-0.7063009694000804,0
-7.354594,45,3934.428032,-100.0,-0.7474036260280228,0
-7.559122,43,3935.081455,-100.0,-0.6357908642361016,0
-7.952493,44,3935.736545,-100.0,-0.7602248905625361,0
-8.867141,51,3936.507838,-100.0,-0.6597481938287557,0
-8.531152,54,3937.317122,-100.0,-0.6570273706564811,0
-7.669775,41,3937.946005,-100.0,-0.7066764761042454,0
-10.112474,50,3938.696258,-100.0,-0.8012347234357248,0
-8.548727,42,3939.355868,-100.0,-0.6561313718094637,0
-10.005725,77,3940.505504,-100.0,-0.6681473013517264,0
-7.543602,46,3941.191487,-100.0,-0.669425427311351,0
-15.781896,153,3943.501539,-100.0,-0.6295259708166123,0
-10.686563,86,3944.791341,-100.0,-0.6344775191029493,0
-8.799853,49,3945.525794,-100.0,-0.6234618857168959,0
-9.318583,53,3946.317359,-100.0,-0.6209127858876209,0
-7.168361,38,3946.905488,-100.0,-0.6872348500215568,0
-7.923922,51,3947.665957,-100.0,-0.6926376874406176,0
-9.086246,67,3948.680822,-100.0,-0.6654684785730521,0
-7.177745,43,3949.3361,-100.0,-0.6739392161497445,0
-7.434265,42,3949.975818,-100.0,-0.6778585525062835,0
-17.542146,139,3952.050079,-100.0,-0.374030912557985,0
-7.387752,46,3952.744824,-100.0,-0.7286724444894622,0
-8.135607,53,4069.620502,-100.0,-0.6128158758603836,0
-7.133256,43,4070.279333,-100.0,-0.7234209004889435,0
-9.502879,69,4071.323113,-100.0,-0.5919395217833072,0
-7.624708,44,4071.985013,-100.0,-0.6962974106703229,0
-8.103757,43,4072.645678,-100.0,-0.6015602723950504,0
-7.716401,46,4073.342945,-100.0,-0.7236023039908785,0
-7.890184,45,4074.024027,-100.0,-0.6209198123803206,0
-7.450239,44,4074.691883,-100.0,-0.7795384699266027,0
-8.426087,41,4075.333974,-100.0,-0.5424867152515824,0
-7.405896,43,4075.978681,-100.0,-0.7775225337051942,0
-8.548642,57,4076.830128,-100.0,-0.715371909359412,0
-8.570272,53,4077.623768,-100.0,-0.6572459938357823,0
-8.898229,58,4078.494864,-100.0,-0.6959470962554806,0
-8.153894,56,4079.345106,-100.0,-0.7138677090926824,0
-7.886876,47,4080.064094,-100.0,-0.8033934874226111,0
-7.930619,54,4080.874699,-100.0,-0.641828445789112,0
-9.046023,61,4081.790897,-100.0,-0.7427662087976933,0
-7.671264,43,4082.433878,-100.0,-0.7297909655506607,0
-8.331331,39,4083.036663,-100.0,-0.7309209137132738,0
-9.294212,45,4083.715171,-100.0,-0.46388490725837916,0
-8.861225,50,4084.46836,-100.0,-0.6641263964342892,0
-8.100645,50,4085.219094,-100.0,-0.7277082237256732,0
-8.998828,48,4085.949183,-100.0,-0.7241586679050002,0
-8.354316,40,4086.560091,-100.0,-0.52294672638273,0
-7.747733,46,4087.253283,-100.0,-0.6903971306989204,0
-7.918192,59,4088.136082,-100.0,-0.62139299726186,0
-7.693307,52,4088.904272,-100.0,-0.6901836822322642,0
-8.326014,51,4089.686126,-100.0,-0.6418727195436086,0
-8.512354,50,4090.436456,-100.0,-0.5989915768232948,0
-8.328877,61,4091.371051,-100.0,-0.7401893530894159,0
-9.376843,70,4092.424747,-100.0,-0.6925328804069792,0
-8.762691,54,4093.24942,-100.0,-0.7221446096070249,0
-7.276013,42,4093.900856,-100.0,-0.7425588327055086,0
-7.752616,41,4094.514178,-100.0,-0.6312927189877806,0
-7.617729,47,4095.223322,-100.0,-0.7356375186714434,0
-8.265752,45,4095.908534,-100.0,-0.6403299946131078,0
-8.295545,47,4096.613236,-100.0,-0.6633018338984631,0
-8.556711,50,4097.359388,-100.0,-0.6987286532204452,0
-8.302167,48,4098.068845,-100.0,-0.7272369340242664,0
-9.839877,71,4099.157571,-100.0,-0.6953350304611478,0
-7.538754,40,4099.766107,-100.0,-0.618422315386791,0
-8.683945,53,4218.546155,-100.0,-0.6680883332873351,0
-7.554523,49,4219.304557,-100.0,-0.7098234003571957,0
-7.400579,45,4219.997691,-100.0,-0.6917861773788337,0
-8.464664,45,4220.676927,-100.0,-0.6438405168765344,0
-9.467756,49,4221.422518,-100.0,-0.6545837466869294,0
-7.809779,54,4222.251414,-100.0,-0.603430149566523,0
-9.621767,42,4222.876127,-100.0,-0.6466762303709314,0
-6.831473,48,4223.618997,-100.0,-0.6810426527183858,0
-6.97954,44,4224.300108,-100.0,-0.7390901097962624,0
-8.313154,44,4224.972314,-100.0,-0.7556197768744768,0
-7.944984,48,4225.703837,-100.0,-0.683386359342433,0
-7.359072,44,4226.376885,-100.0,-0.6208764044718396,0
-7.942976,61,4227.30491,-100.0,-0.7226776573573602,0
-7.165469,39,4227.890911,-100.0,-0.6221046630148219,0
-7.749405,47,4228.606932,-100.0,-0.664928766564646,0
-8.609953,47,4229.335295,-100.0,-0.6613402478332717,0
-12.94378,73,4230.441304,-100.0,-0.23266128050067064,0
-8.02032,45,4231.143939,-100.0,-0.6421712999779909,0
-7.394968,49,4231.894511,-100.0,-0.7679974948217453,0
-9.13293,67,4232.905026,-100.0,-0.6919053924863796,0
-7.529085,41,4233.54935,-100.0,-0.7058829940262067,0
-8.272114,54,4234.374024,-100.0,-0.6397320016577611,0
-7.544475,47,4235.073941,-100.0,-0.6226319964831969,0
-7.490068,43,4235.727737,-100.0,-0.6239959720925589,0
-7.489906,40,4236.340971,-100.0,-0.6777023374077852,0
-8.331055,56,4237.183568,-100.0,-0.7272707816569556,0
-7.972836,45,4237.873608,-100.0,-0.649801062794744,0
-8.197394,51,4238.671382,-100.0,-0.738071437892784,0
-8.429247,50,4239.444636,-100.0,-0.6851340239354297,0
-7.76422,44,4240.116671,-100.0,-0.7058756087703645,0
-7.481591,43,4240.786885,-100.0,-0.7745779822258448,0
-7.897715,47,4241.477096,-100.0,-0.6689896189589825,0
-8.10368,54,4242.314221,-100.0,-0.7018921345683189,0
-7.245127,41,4242.917922,-100.0,-0.6897104549979332,0
-7.388218,44,4243.594157,-100.0,-0.7432787664982776,0
-9.867842,63,4244.559958,-100.0,-0.758632684495958,0
-7.292399,56,4245.408196,-100.0,-0.6527421387131527,0
-8.502897,49,4246.173251,-100.0,-0.6818954266063993,0
-14.292693,109,4247.810901,-100.0,-0.2353691954583621,0
-7.148459,43,4248.459909,-100.0,-0.7124140841942371,0
-10.524408,87,4367.098541,-100.0,-0.6089019054261517,0
-7.810409,49,4367.863942,-100.0,-0.6368286035723992,0
-7.252163,44,4368.550657,-100.0,-0.7421484449673047,0
-7.973451,56,4369.400749,-100.0,-0.6771959889495451,0
-10.67124,40,4370.035529,-100.0,-0.721853772820566,0
-8.033361,52,4370.852809,-100.0,-0.5999373696418203,0
-8.073182,59,4371.741751,-100.0,-0.5937909700422906,0
-7.208139,43,4372.410277,-100.0,-0.658170857767592,0
-6.87049,45,4373.095095,-100.0,-0.7817681751048352,0
-7.925749,54,4373.936783,-100.0,-0.7243443439019002,0
-8.487476,64,4374.910976,-100.0,-0.6011908737979113,0
-8.102196,51,4375.697351,-100.0,-0.7203304726971855,0
-7.2741,42,4376.34226,-100.0,-0.7640999045058272,0
-7.793167,52,4377.158999,-100.0,-0.7009233799816748,0
-7.614768,46,4377.841839,-100.0,-0.6097583484387823,0
-8.637752,63,4378.806787,-100.0,-0.7368896403802975,0
-10.452784,81,4380.054364,-100.0,-0.5810185596704566,0
-6.911974,39,4380.657611,-100.0,-0.7029430915009414,0
-8.619786,43,4381.307338,-100.0,-0.4281971217977049,0
-7.5576,37,4381.887836,-100.0,-0.7043673091317952,0
-7.674469,49,4382.63762,-100.0,-0.7548470047838912,0
-7.703489,41,4383.281336,-100.0,-0.6664085100970903,0
-10.474444,86,4384.619437,-100.0,-0.761859550027068,0
-7.578154,41,4385.241397,-100.0,-0.6168357196887011,0
-7.853569,44,4385.919801,-100.0,-0.7351475393159911,0
-6.508675,39,4386.519086,-100.0,-0.8144680440938037,0
-10.135745,80,4387.76768,-100.0,-0.697139656381728,0
-8.222062,52,4388.572087,-100.0,-0.6775364596775033,0
-7.110452,39,4389.159803,-100.0,-0.6005058624620959,0
-7.722861,41,4389.798725,-100.0,-0.6368128979491976,0
-7.584057,44,4390.47403,-100.0,-0.6862419610804688,0
-6.829365,42,4391.107435,-100.0,-0.7340927710191593,0
-7.788353,39,4391.709844,-100.0,-0.6408464950457549,0
-7.908865,47,4392.433542,-100.0,-0.5958226561659776,0
-7.883972,57,4393.304339,-100.0,-0.6625429418122032,0
-7.518128,49,4394.056373,-100.0,-0.6650171676665709,0
-9.684079,83,4395.340852,-100.0,-0.6349273849559174,0
-8.32451,54,4396.18622,-100.0,-0.6045743127736446,0
-7.50442,39,4396.788398,-100.0,-0.6426263569109354,0
-6.959754,48,4397.539522,-100.0,-0.7439041138885869,0
-7.270053,46,4519.331977,-100.0,-0.6166419089122281,0
-8.13996,43,4519.965603,-100.0,-0.635270990425658,0
-7.200562,42,4520.603673,-100.0,-0.7747676207121755,0
-7.154926,37,4521.192435,-100.0,-0.6115120459807788,0
-7.513874,48,4521.930717,-100.0,-0.6938869106010767,0
-8.230705,63,4522.907521,-100.0,-0.7092205793387291,0
-7.474701,45,4523.615694,-100.0,-0.7058494942227672,0
-7.337711,44,4524.28286,-100.0,-0.6385841478664064,0
-7.550813,45,4525.003968,-100.0,-0.6417890099178769,0
-7.656015,49,4525.757377,-100.0,-0.7227217443011348,0
-7.853776,49,4526.531265,-100.0,-0.6831733507313289,0
-7.648013,42,4527.184956,-100.0,-0.7228935783740945,0
-7.580225,64,4528.200569,-100.0,-0.6509436768712629,0
-6.688024,42,4528.844634,-100.0,-0.6641070675563476,0
-8.73472,59,4529.752012,-100.0,-0.6952928464907873,0
-8.417646,55,4530.605658,-100.0,-0.631956159574266,0
-8.589638,67,4531.647797,-100.0,-0.810248346603651,0
-7.238231,41,4532.26528,-100.0,-0.6747008427340393,0
-6.849334,43,4532.937598,-100.0,-0.687056910129186,0
-7.353698,47,4533.68012,-100.0,-0.6324070612961776,0
-7.475159,46,4534.409529,-100.0,-0.6134860268975878,0
-8.019503,57,4535.272158,-100.0,-0.6183634012453989,0
-10.124224,83,4536.555913,-100.0,-0.726779664948424,0
-7.28134,45,4537.263659,-100.0,-0.6851313161731721,0
-7.188433,49,4538.029519,-100.0,-0.7632247264362026,0
-7.541666,38,4538.609283,-100.0,-0.605836384859611,0
-7.012728,46,4539.327703,-100.0,-0.7774153611442639,0
-7.361498,48,4540.074475,-100.0,-0.6924340095177917,0
-8.082927,48,4540.825662,-100.0,-0.7611661514937373,0
-7.033452,43,4541.486687,-100.0,-0.7196954757942309,0
-7.819873,43,4542.158037,-100.0,-0.6236930262547481,0
-8.159455,63,4543.126206,-100.0,-0.6869500391277275,0
-6.994131,44,4543.821572,-100.0,-0.6835654586572778,0
-8.274748,50,4544.595209,-100.0,-0.6282530563307904,0
-6.90178,43,4545.28387,-100.0,-0.6909684696515449,0
-8.060109,51,4546.070185,-100.0,-0.7252488400097494,0
-8.040195,47,4546.798393,-100.0,-0.6425754717679839,0
-7.70461,45,4547.5025,-100.0,-0.6443660704805678,0
-6.451634,34,4548.034847,-100.0,-0.7443087876896795,0
-7.241511,41,4548.678278,-100.0,-0.6578797874848076,0
-7.63701,64,4549.675726,-100.0,-0.744125886196434,0
-7.079459,41,4550.310019,-100.0,-0.6869279116997212,0
-7.284213,49,4668.647334,-100.0,-0.7003144253520298,0
-7.106901,42,4669.30482,-100.0,-0.7010883370819385,0
-7.43539,50,4670.087733,-100.0,-0.7405450075351252,0
-7.586283,38,4670.659597,-100.0,-0.6205772298142465,0
-7.898431,57,4671.570128,-100.0,-0.6375999279240854,0
-7.575253,42,4672.233913,-100.0,-0.7440904657400044,0
-7.446536,40,4672.860291,-100.0,-0.6019854457376557,0
-7.649757,51,4673.632321,-100.0,-0.6995295901606697,0
-7.700238,44,4674.31014,-100.0,-0.6122397235147112,0
-6.707226,36,4674.87377,-100.0,-0.7548134253155403,0
-7.498151,51,4675.662092,-100.0,-0.6583882877582194,0
-7.439313,54,4676.513901,-100.0,-0.7608231771189676,0
-7.408452,40,4677.144313,-100.0,-0.7436058297420078,0
-7.361825,50,4677.909109,-100.0,-0.7111470478479627,0
-11.678019,105,4679.540453,-100.0,-0.7167702915574083,0
-7.283433,39,4680.145985,-100.0,-0.6995097206418543,0
-6.633042,39,4680.774375,-100.0,-0.731286742157838,0
-7.395077,46,4681.476755,-100.0,-0.5741919325670686,0
-6.75542,33,4682.019052,-100.0,-0.685262488509103,0
-7.926345,43,4682.663527,-100.0,-0.6306775521019593,0
-7.604604,44,4683.3651,-100.0,-0.7078976725699685,0
-7.184412,41,4684.005558,-100.0,-0.6945025880088948,0
-7.815003,49,4684.752616,-100.0,-0.6986815960405169,0
-6.992438,37,4685.319278,-100.0,-0.7725536720327629,0
-7.348347,43,4685.975473,-100.0,-0.623878480992883,0
-7.344137,44,4686.658421,-100.0,-0.646630822878769,0
-7.238937,41,4687.282362,-100.0,-0.5825389712973683,0
-7.659946,42,4687.926739,-100.0,-0.7019319037653771,0
-7.903982,49,4688.695369,-100.0,-0.6521796735291571,0
-7.199698,42,4689.363057,-100.0,-0.6540436731339546,0
-6.644173,42,4690.009616,-100.0,-0.6914528458558163,0
-7.171356,41,4690.653444,-100.0,-0.7215740719590934,0
-7.153695,46,4691.371338,-100.0,-0.6682999728884795,0
-7.747652,37,4691.94533,-100.0,-0.6676608902528423,0
-7.315753,41,4692.594879,-100.0,-0.7089438799587894,0
-10.315729,85,4693.914595,-100.0,-0.3037076312118984,0
-7.07299,43,4694.58954,-100.0,-0.8689663412151695,0
-7.318976,47,4695.318299,-100.0,-0.7821329225203417,0
-7.497227,41,4695.953568,-100.0,-0.7419067506092494,0
-6.987564,38,4696.543386,-100.0,-0.7231234184453283,0
-8.634004,61,4697.479175,-100.0,-0.678395892288163,0
-6.76799,38,4698.081685,-100.0,-0.5906993552950864,0
-6.73204,38,4698.677438,-100.0,-0.6604613400438393,0
-7.103103,39,4699.27645,-100.0,-0.6327757142384277,0
-7.110946,44,4699.987359,-100.0,-0.8867188118933164,0
-8.307952,54,4826.058482,-100.0,-0.6681436335068498,0
-7.962594,57,4826.938693,-100.0,-0.7006141247781821,0
-7.665443,53,4827.774074,-100.0,-0.6229980016608246,0
-7.19427,35,4828.338434,-100.0,-0.5912499501851469,0
-6.794421,40,4828.976632,-100.0,-0.6827468054479782,0
-6.597129,44,4829.639241,-100.0,-0.7570457504652791,0
-7.127839,45,4830.346932,-100.0,-0.617138289242097,0
-7.256041,42,4831.002595,-100.0,-0.6890247904713394,0
-7.288765,42,4831.668178,-100.0,-0.624771059337794,0
-8.586304,62,4832.654046,-100.0,-0.7442867433987674,0
-8.610854,52,4833.454922,-100.0,-0.795354201100485,0
-6.788997,41,4834.108747,-100.0,-0.750439384344594,0
-7.622222,61,4835.057397,-100.0,-0.7407847160440652,0
-6.851234,41,4835.687581,-100.0,-0.6194303832520881,0
-6.395047,37,4836.266309,-100.0,-0.6820807037174723,0
-6.698012,45,4836.972704,-100.0,-0.702712478041552,0
-6.946713,44,4837.686209,-100.0,-0.8529659336134657,0
-7.245162,42,4838.344548,-100.0,-0.7755448476364858,0
-7.33242,51,4839.152893,-100.0,-0.6574253234521651,0
-7.716179,56,4840.013781,-100.0,-0.6533150075865137,0
-7.149396,41,4840.652808,-100.0,-0.5999772984120391,0
-7.060938,43,4841.314628,-100.0,-0.7528618631748722,0
-7.800039,39,4841.929451,-100.0,-0.5666860931785465,0
-7.391256,41,4842.569241,-100.0,-0.6124405212314762,0
-6.985458,44,4843.259532,-100.0,-0.7015738276051121,0
-7.594637,57,4844.134265,-100.0,-0.7015138641523067,0
-7.659958,46,4844.860579,-100.0,-0.6914421662023763,0
-7.648135,50,4845.639941,-100.0,-0.696814331796395,0
-6.831309,39,4846.247058,-100.0,-0.6470498476866826,0
-7.333819,42,4846.914482,-100.0,-0.7237033721271301,0
-6.652318,38,4847.506388,-100.0,-0.654504780926781,0
-7.253252,53,4848.320611,-100.0,-0.8740677234954748,0
-6.884816,40,4848.952401,-100.0,-0.6204583429904172,0
-7.84034,40,4849.581423,-100.0,-0.6021301892249831,0
-7.44622,45,4850.278901,-100.0,-0.6411056004999983,0
-6.705116,45,4851.005491,-100.0,-0.7446275548613157,0
-6.959058,41,4851.63428,-100.0,-0.6320634236111473,0
-7.02584,41,4852.264624,-100.0,-0.6360027064343717,0
-6.997808,42,4852.925124,-100.0,-0.5895928317601373,0
-6.394216,35,4853.479582,-100.0,-0.7235916179537443,0
-7.090099,43,4854.338434,-100.0,-0.6738000513075345,0
-6.361577,41,4854.990621,-100.0,-0.7352687326349752,0
-7.495909,59,4855.913606,-100.0,-0.6685005103774528,0
-7.096236,41,4856.575338,-100.0,-0.7300266009744473,0
-6.852298,44,4857.270532,-100.0,-0.7051646189953167,0
-6.740375,42,4857.921456,-100.0,-0.6593351693038609,0
-7.041883,40,4977.714331,-100.0,-0.6390775365757972,0
-7.700067,59,4978.661706,-100.0,-0.6505511049903888,0
-7.187578,55,4979.506351,-100.0,-0.7740048358589351,0
-6.218085,38,4980.12934,-100.0,-0.7695686535982599,0
-9.485858,71,4981.25457,-100.0,-0.27474207699731823,0
-7.497311,49,4982.021382,-100.0,-0.8385710725311531,0
-6.592149,48,4982.767172,-100.0,-0.7594549225851688,0
-6.382415,33,4983.298262,-100.0,-0.7479465469842731,0
-6.729163,40,4983.939895,-100.0,-0.6494115455206356,0
-7.589456,48,4984.684326,-100.0,-0.652624710119738,0
-7.552498,52,4985.509762,-100.0,-0.6411977012314256,0
-7.442147,39,4986.096667,-100.0,-0.7419308971133152,0
-7.09246,45,4986.812125,-100.0,-0.7321192172585962,0
-7.797833,57,4987.721061,-100.0,-0.6592715910759868,0
-7.336765,39,4988.332091,-100.0,-0.6799843430082136,0
-7.174819,45,4989.043298,-100.0,-0.651201634003169,0
-8.203633,66,4990.071764,-100.0,-0.6515495959180868,0
-7.022143,42,4990.738963,-100.0,-0.7337516309762581,0
-6.729142,43,4991.404923,-100.0,-0.7280886295780413,0
-6.86039,44,4992.093969,-100.0,-0.6960786254842372,0
-7.136042,52,4992.927862,-100.0,-0.7243537723124537,0
-7.112562,45,4993.636073,-100.0,-0.6477172622448945,0
-6.424001,42,4994.293077,-100.0,-0.7070454479650573,0
-7.116302,46,4995.028102,-100.0,-0.6442865547557023,0
-7.055304,42,4995.696253,-100.0,-0.6607958176064166,0
-7.332041,42,4996.35786,-100.0,-0.6452427707902414,0
-7.354198,53,4997.181035,-100.0,-0.6787973196635811,0
-7.283621,45,4997.88835,-100.0,-0.6597566468211022,0
-7.192321,41,4998.548027,-100.0,-0.718907748929326,0
-7.16332,46,4999.270143,-100.0,-0.7426860946714982,0
-7.206354,42,4999.917619,-100.0,-0.788918833011204,0
-7.327398,43,5000.597995,-100.0,-0.8104579987505951,0
-6.372833,36,5001.176659,-100.0,-0.6576318729232151,0
-6.990618,45,5001.888291,-100.0,-0.6261529922930679,0
-6.854574,38,5002.485709,-100.0,-0.6900817263002409,0
-6.81366,43,5003.150325,-100.0,-0.6917128608318608,0
-6.661162,40,5003.798983,-100.0,-0.6941266942256644,0
-7.096873,39,5004.401923,-100.0,-0.6601433382478463,0
-6.801117,47,5005.141999,-100.0,-0.6565005387685592,0
-6.653345,42,5005.806724,-100.0,-0.6974377331561715,0
-7.01962,40,5006.439206,-100.0,-0.6430196232247586,0
-7.978411,56,5007.303788,-100.0,-0.7108492716654881,0
-6.970245,42,5007.965694,-100.0,-0.6679323938661433,0
-7.032541,46,5008.692048,-100.0,-0.7151179263647979,0
-7.06338,53,5113.453656,-100.0,-0.7154333931900158,0
-7.731643,41,5114.104685,-100.0,-0.6279260238402486,0
-7.174576,46,5114.828073,-100.0,-0.6686758816502001,0
-6.789407,43,5115.509062,-100.0,-0.6602227641788453,0
-6.472907,39,5116.130468,-100.0,-0.7245710585297632,0
-7.355604,49,5116.901583,-100.0,-0.6659059250428698,0
-6.75193,52,5117.722361,-100.0,-0.7044239684601883,0
-6.996515,42,5118.385057,-100.0,-0.6364811262566543,0
-6.152312,38,5118.985629,-100.0,-0.7782537825992943,0
-7.652951,55,5119.871693,-100.0,-0.6869870263909525,0
-6.805749,38,5120.456456,-100.0,-0.6363348015331611,0
-6.740586,45,5121.178959,-100.0,-0.6723002463644495,0
-7.036459,42,5121.835125,-100.0,-0.67900562276069,0
-6.742206,42,5122.523525,-100.0,-0.6430814266951594,0
-6.754993,36,5123.085953,-100.0,-0.7254190832608938,0
-6.730894,41,5123.737799,-100.0,-0.6770648189447448,0
-7.921496,72,5124.883364,-100.0,-0.6183994187487674,0
-7.30718,46,5125.598813,-100.0,-0.7147017455812167,0
-6.75825,40,5126.235471,-100.0,-0.6253990511072762,0
-7.165962,49,5127.011584,-100.0,-0.7241242548469375,0
-6.680988,40,5127.647787,-100.0,-0.6782394687739624,0
-6.163118,34,5128.177883,-100.0,-0.7045629786414878,0
-6.244151,37,5128.75521,-100.0,-0.7511300316031134,0
-6.937302,41,5129.406347,-100.0,-0.7000175445657636,0
-6.929518,42,5130.082371,-100.0,-0.7374944521566881,0
-6.956499,46,5130.826835,-100.0,-0.7354015156497248,0
-6.942904,39,5131.429331,-100.0,-0.7345650050361581,0
-7.415672,41,5132.081696,-100.0,-0.6626773028684558,0
-7.165068,40,5132.723452,-100.0,-0.6177407370559785,0
-6.681461,42,5133.389561,-100.0,-0.7044556948836566,0
-8.244006,65,5134.431991,-100.0,-0.6387274750835903,0
-6.900933,50,5135.228908,-100.0,-0.7591175340223836,0
-7.388365,43,5135.909086,-100.0,-0.6878396120138823,0
-6.4824,41,5136.552852,-100.0,-0.7181234998616542,0
-6.877135,42,5137.228045,-100.0,-0.742590855066714,0
-6.868726,54,5138.095156,-100.0,-0.7889319935666255,0
-6.982278,40,5138.71892,-100.0,-0.625720869928546,0
-6.883998,40,5139.345882,-100.0,-0.6092695373636207,0
-12.030243,129,5141.39873,-100.0,-0.6864284399493613,0
-6.890803,42,5142.064861,-100.0,-0.6912104977737832,0
-6.398442,38,5142.668534,-100.0,-0.8325597677262924,0
-6.488195,40,5143.304914,-100.0,-0.8167506770581755,0
-7.094416,47,5144.031762,-100.0,-0.719851208605728,0
-6.410712,45,5144.769724,-100.0,-0.7041583316807634,0
-7.220944,39,5145.38128,-100.0,-0.6093097475342678,0
-7.266055,39,5267.902716,-100.0,-0.6818866881580596,0
-6.360552,39,5268.513456,-100.0,-0.7144676440488967,0
-6.457396,41,5269.165946,-100.0,-0.6956199835022685,0
-7.042909,37,5269.760916,-100.0,-0.6710354899020657,0
-6.901269,43,5270.450475,-100.0,-0.6886581281038041,0
-6.373665,38,5271.063915,-100.0,-0.6955283747065736,0
-6.943441,44,5271.766196,-100.0,-0.7335587806937246,0
-7.52878,52,5272.574068,-100.0,-0.6293695349064764,0
-6.58397,41,5273.247526,-100.0,-0.7081562475484275,0
-6.91421,38,5273.824737,-100.0,-0.6690084949529926,0
-6.737537,42,5274.485039,-100.0,-0.7374955386106495,0
-6.624434,40,5275.127268,-100.0,-0.7125209411175467,0
-7.295719,54,5275.979962,-100.0,-0.5747142888320651,0
-6.647098,40,5276.606358,-100.0,-0.7329051974948796,0
-6.814066,38,5277.226979,-100.0,-0.7121805156639929,0
-6.013301,38,5277.805704,-100.0,-0.7421320882404359,0
-6.409521,43,5278.493407,-100.0,-0.7147879276332363,0
-7.159402,43,5279.16329,-100.0,-0.6764198318009345,0
-6.660406,43,5279.85514,-100.0,-0.7218297402443878,0
-6.644116,43,5280.530877,-100.0,-0.7646164442755445,0
-7.107026,52,5281.357412,-100.0,-0.7624129424062902,0
-7.062364,42,5282.024419,-100.0,-0.6866906580972072,0
-6.084639,35,5282.58375,-100.0,-0.7790147271606953,0
-7.519083,47,5283.326873,-100.0,-0.6501046599494488,0
-6.555032,45,5284.044622,-100.0,-0.8097269209099003,0
-6.899477,48,5284.812135,-100.0,-0.729732162745981,0
-6.913721,38,5285.418248,-100.0,-0.7661653962022478,0
-6.256816,41,5286.05263,-100.0,-0.6575418446131621,0
-6.73566,37,5286.628375,-100.0,-0.7514946804935093,0
-6.287936,36,5287.198878,-100.0,-0.7162220184897592,0
-7.120075,37,5287.796965,-100.0,-0.701397296221782,0
-7.777675,48,5288.561074,-100.0,-0.7051696364790657,0
-7.092905,41,5289.209842,-100.0,-0.6041990658035906,0
-7.277129,43,5289.889884,-100.0,-0.6988003713369331,0
-6.32496,34,5290.423124,-100.0,-0.7802138267517861,0
-7.374986,52,5291.250047,-100.0,-0.706104781015965,0
-7.2685,56,5292.169214,-100.0,-0.761022863420626,0
-7.109845,40,5292.788593,-100.0,-0.726951920019957,0
-7.298508,42,5293.462754,-100.0,-0.5807908744818786,0
-6.828589,44,5294.142749,-100.0,-0.7204145095107491,0
-7.131831,41,5294.788489,-100.0,-0.6914767230542435,0
-6.85479,49,5295.569053,-100.0,-0.738828458393654,0
-7.264607,44,5296.266336,-100.0,-0.6640097044501058,0
-6.977943,42,5296.926295,-100.0,-0.6362543267733609,0
-6.874946,44,5297.620211,-100.0,-0.7096506846247006,0
-6.360603,43,5298.296337,-100.0,-0.7228692930583636,0
-6.309282,36,5298.872435,-100.0,-0.7286625312097593,0
-6.214949,34,5299.42799,-100.0,-0.6527208520428934,0
-6.096342,38,5300.004205,-100.0,-0.7953126678515794,0
-7.247892,47,5409.943267,-100.0,-0.7276031884388467,0
-5.920309,40,5410.58267,-100.0,-0.7819921996428608,0
-6.535528,40,5411.22378,-100.0,-0.7551248010870251,0
-6.499511,42,5411.889616,-100.0,-0.6844831139153464,0
-6.81596,38,5412.487389,-100.0,-0.6518683880976797,0
-7.246934,41,5413.129567,-100.0,-0.7411714345107512,0
-6.54151,38,5413.756328,-100.0,-0.7239122239874275,0
-6.72219,40,5414.398318,-100.0,-0.698825933638157,0
-6.717552,41,5415.051102,-100.0,-0.606127371501499,0
-6.62583,44,5415.752848,-100.0,-0.6535312487368053,0
-6.373071,35,5416.304714,-100.0,-0.652541966354266,0
-7.120672,50,5417.297012,-100.0,-0.6681155127368301,0
-7.115788,46,5418.034335,-100.0,-0.6760819482147612,0
-6.742167,39,5418.648921,-100.0,-0.6923702626716406,0
-6.610013,37,5419.253262,-100.0,-0.6180312254621415,0
-6.688236,42,5419.925284,-100.0,-0.6906604790661294,0
-6.173887,41,5420.576189,-100.0,-0.7517959892122906,0
-6.212383,42,5421.242067,-100.0,-0.7553706646632776,0
-6.756411,40,5421.886477,-100.0,-0.6617375369729236,0
-6.305556,38,5422.478604,-100.0,-0.7509593578521768,0
-6.418417,40,5423.116581,-100.0,-0.761113286578695,0
-6.492723,39,5423.730467,-100.0,-0.7418963173782209,0
-6.388225,37,5424.327263,-100.0,-0.6524906773634368,0
-6.92352,42,5425.000453,-100.0,-0.682153757828299,0
-6.806097,39,5425.631943,-100.0,-0.7944148468898737,0
-7.11872,60,5426.591902,-100.0,-0.7287908642666652,0
-6.706547,39,5427.207362,-100.0,-0.7019237502440432,0
-7.199615,35,5427.745205,-100.0,-0.6021146143216485,0
-6.406455,40,5428.381591,-100.0,-0.6704052301932,0
-6.785117,40,5429.011856,-100.0,-0.7098259037624881,0
-6.803527,46,5429.76894,-100.0,-0.6848740288597139,0
-6.512341,42,5430.440391,-100.0,-0.70465429502328,0
-6.808927,46,5431.170689,-100.0,-0.6628555176782527,0
-6.752533,41,5431.831638,-100.0,-0.7293051080767279,0
-6.609914,43,5432.504816,-100.0,-0.6428561195175567,0
-6.412436,40,5433.130062,-100.0,-0.7197495309835427,0
-6.603238,38,5433.73725,-100.0,-0.690845347625634,0
-8.022098,52,5434.581386,-100.0,-0.7888185145098243,0
-6.875573,38,5435.16072,-100.0,-0.6468077761019269,0
-6.839487,37,5435.761662,-100.0,-0.6286808281694821,0
-7.639008,47,5436.498376,-100.0,-0.6154183085410582,0
-6.969556,48,5437.268196,-100.0,-0.658253037562273,0
-6.766292,41,5437.920498,-100.0,-0.6589765631318021,0
-7.273789,44,5438.632199,-100.0,-0.6564956904498445,0
-7.043774,44,5439.333353,-100.0,-0.6998398165154701,0
-6.849455,47,5440.077272,-100.0,-0.7167636630200038,0
-7.091137,41,5440.719102,-100.0,-0.6724753096158673,0
-6.217132,44,5441.420483,-100.0,-0.7714180425987547,0
-6.848071,44,5442.113046,-100.0,-0.670152284079039,0
-6.429357,37,5544.186638,-100.0,-0.6803742715844686,0
-6.836405,42,5544.844586,-100.0,-0.6629094402466972,0
-6.174019,46,5545.588896,-100.0,-0.7751410945921358,0
-6.579412,48,5546.358733,-100.0,-0.6760608991464858,0
-6.525385,38,5546.962197,-100.0,-0.6761273966407891,0
-7.324729,46,5547.696983,-100.0,-0.6564156202080915,0
-6.533289,41,5548.349297,-100.0,-0.65411526955698,0
-6.251541,39,5548.970351,-100.0,-0.7344951696440357,0
-6.720329,44,5549.677763,-100.0,-0.7531435954331985,0
-6.634996,46,5550.424473,-100.0,-0.670272905617627,0
-6.633388,48,5551.189656,-100.0,-0.7503617287440789,0
-6.715928,40,5551.826044,-100.0,-0.7210306544003142,0
-6.810825,51,5552.633362,-100.0,-0.8148964091798099,0
-6.87897,37,5553.225781,-100.0,-0.6979346995218353,0
-6.268899,44,5553.926342,-100.0,-0.7115227611050721,0
-6.465484,38,5554.550885,-100.0,-0.7334671283579941,0
-6.299191,36,5555.135803,-100.0,-0.8842385340233379,0
-6.721448,47,5555.878867,-100.0,-0.6429605646783204,0
-6.228397,37,5556.468107,-100.0,-0.7143697986925163,0
-6.444631,39,5557.108157,-100.0,-0.6333454416133739,0
-6.836653,40,5557.740963,-100.0,-0.6368779128267879,0
-6.351295,44,5558.444463,-100.0,-0.7820259981598123,0
-6.476879,38,5559.052261,-100.0,-0.6874297490199754,0
-6.656132,41,5559.705051,-100.0,-0.6386700038467614,0
-6.968826,38,5560.315656,-100.0,-0.6304398373920368,0
-7.027558,38,5560.915107,-100.0,-0.6313036342731765,0
-6.320326,37,5561.507465,-100.0,-0.6658787135806657,0
-6.331475,40,5562.156243,-100.0,-0.7200467806866899,0
-6.362091,49,5562.93672,-100.0,-0.7852138237646221,0
-6.844374,40,5563.579118,-100.0,-0.7056020571691725,0
-6.638817,37,5564.16701,-100.0,-0.6452929068530199,0
-6.729231,43,5564.859558,-100.0,-0.729744572491046,0
-7.224236,41,5565.505059,-100.0,-0.6747693618834798,0
-6.07403,42,5566.185664,-100.0,-0.7803808168377956,0
-6.207116,44,5566.905506,-100.0,-0.7702707358958946,0
-6.771954,40,5567.52834,-100.0,-0.702390314226895,0
-6.890453,44,5568.240043,-100.0,-0.6250636918539084,0
-6.411187,42,5568.921785,-100.0,-0.7121063167086493,0
-7.35422,39,5569.539779,-100.0,-0.6181779446947689,0
-6.699635,43,5570.211675,-100.0,-0.6934090324103392,0
-6.759105,42,5570.881593,-100.0,-0.619109966913894,0
-6.666715,43,5571.586209,-100.0,-0.6284310526400393,0
-6.665757,37,5572.179401,-100.0,-0.6425027873622191,0
-6.529364,36,5572.745094,-100.0,-0.7919297922743233,0
-7.009329,47,5573.496393,-100.0,-0.7106249758524154,0
-7.276889,54,5574.342021,-100.0,-0.6458340485870186,0
-7.911518,63,5575.345445,-100.0,-0.6927728606170186,0
-7.214421,38,5575.965117,-100.0,-0.663433084148312,0
-5.872933,35,5691.986905,-100.0,-0.7535082585113233,0
-6.139815,37,5692.584024,-100.0,-0.6719846252671938,0
-6.589943,41,5693.251112,-100.0,-0.6415405795910953,0
-6.764151,46,5693.976372,-100.0,-0.717540959175897,0
-6.84191,41,5694.63759,-100.0,-0.6962710115539003,0
-6.622206,39,5695.268079,-100.0,-0.7207232929716025,0
-7.378707,53,5696.132449,-100.0,-0.6477281994619177,0
-6.874018,41,5696.785577,-100.0,-0.6409850684508558,0
-6.758236,54,5697.65281,-100.0,-0.65507828086468,0
-5.926348,38,5698.261992,-100.0,-0.8239093196531974,0
-6.78327,39,5698.888704,-100.0,-0.6545172633264922,0
-6.710294,48,5699.661048,-100.0,-0.7967971935840077,0
-6.332277,43,5700.356518,-100.0,-0.6959311745169071,0
-6.491849,36,5700.946805,-100.0,-0.7109378915552699,0
-6.082325,40,5701.570055,-100.0,-0.7248210389716929,0
-6.991456,44,5702.293776,-100.0,-0.7366193408983762,0
-6.788044,46,5703.033976,-100.0,-0.6379270888657383,0
-6.266202,37,5703.624419,-100.0,-0.7112841270379469,0
-5.876513,40,5704.267629,-100.0,-0.7853638620522505,0
-6.242982,35,5704.824886,-100.0,-0.764380180831878,0
-6.122444,41,5705.484536,-100.0,-0.8326152976066714,0
-5.863042,35,5706.035351,-100.0,-0.8432071936563869,0
-6.495211,47,5706.797664,-100.0,-0.8770575528367797,0
-6.916608,36,5707.387884,-100.0,-0.7474636156418282,0
-7.136564,43,5708.076798,-100.0,-0.6225703023577521,0
-7.056548,50,5708.857274,-100.0,-0.7380309564038842,0
-6.437794,40,5709.49918,-100.0,-0.6907691067421915,0
-6.200466,38,5710.125332,-100.0,-0.681943662419968,0
-6.572601,49,5710.936462,-100.0,-0.7031953793758267,0
-6.112513,40,5711.566743,-100.0,-0.7094671406894191,0
-6.417046,36,5712.149807,-100.0,-0.7252557435903972,0
-6.334759,41,5712.812499,-100.0,-0.7253195896782287,0
-6.21516,42,5713.481496,-100.0,-0.7483838134566417,0
-6.829307,37,5714.087985,-100.0,-0.6530128935009292,0
-6.445907,36,5714.669702,-100.0,-0.7510259014581023,0
-6.189019,38,5715.283944,-100.0,-0.7197826887523094,0
-6.385956,39,5715.905749,-100.0,-0.6856180458070517,0
-6.172825,39,5716.538738,-100.0,-0.6804432926424798,0
-6.573637,39,5717.16935,-100.0,-0.6624079217978504,0
-6.578264,48,5717.933395,-100.0,-0.7702009826176056,0
-6.792674,46,5718.666577,-100.0,-0.6470936599092434,0
-6.56285,44,5719.377549,-100.0,-0.6523902950772774,0
-5.847099,39,5720.007292,-100.0,-0.8626456200111581,0
-6.993584,42,5720.674197,-100.0,-0.6148656405998668,0
-6.46814,41,5721.32356,-100.0,-0.7196833576324967,0
-6.70841,38,5721.952502,-100.0,-0.8248775907813963,0
-6.606467,43,5722.634468,-100.0,-0.7376130405460384,0
-6.636703,38,5723.252475,-100.0,-0.7387352957361872,0
-6.0355,39,5723.895627,-100.0,-0.8052056093688726,0
-6.8109,42,5724.559076,-100.0,-0.6817377040362368,0
-6.622898,45,5840.791137,-100.0,-0.7371222348817529,0
-6.573572,40,5841.453048,-100.0,-0.8045514019185385,0
-6.441221,38,5842.059168,-100.0,-0.6819963018738784,0
-6.481099,40,5842.700582,-100.0,-0.713260780837858,0
-6.472567,36,5843.29261,-100.0,-0.6433599083058924,0
-6.855918,38,5843.893943,-100.0,-0.7070203198504856,0
-6.33714,39,5844.528002,-100.0,-0.8413600205668028,0
-5.919593,35,5845.072123,-100.0,-0.8052594734914418,0
-6.233734,36,5845.672556,-100.0,-0.748799714232933,0
-6.509955,37,5846.273834,-100.0,-0.6977546253096684,0
-6.009997,39,5846.898848,-100.0,-0.6136346497125172,0
-6.929545,44,5847.601892,-100.0,-0.7136590545905503,0
-7.126188,38,5848.213922,-100.0,-0.6214208336820393,0
-6.282929,33,5848.757733,-100.0,-0.6991548063352601,0
-6.693335,41,5849.397459,-100.0,-0.638768488540588,0
-6.382151,46,5850.143651,-100.0,-0.6881837897436482,0
-5.937939,39,5850.772277,-100.0,-0.8947947323186181,0
-6.837333,46,5851.527941,-100.0,-0.7515183498168959,0
-5.660685,36,5852.101588,-100.0,-0.7088258923757428,0
-6.265802,37,5852.699613,-100.0,-0.7554770886797829,0
-7.073014,45,5853.403483,-100.0,-0.6665590072867484,0
-7.020177,35,5853.975903,-100.0,-0.7293649354098373,0
-5.97642,41,5854.624289,-100.0,-0.8057497474572463,0
-6.288786,48,5855.403811,-100.0,-0.7092409375594928,0
-7.247815,46,5856.147079,-100.0,-0.6383182855305265,0
-6.45883,42,5856.808294,-100.0,-0.7004816891115934,0
-6.498118,45,5857.543375,-100.0,-0.6603446130645491,0
-6.383396,39,5858.169553,-100.0,-0.6514049708053425,0
-6.314863,43,5858.863958,-100.0,-0.7717572468794283,0
-6.765079,39,5859.482548,-100.0,-0.736197103509252,0
-6.631158,39,5860.118581,-100.0,-0.6482599942142121,0
-6.325115,34,5860.671321,-100.0,-0.687158971889603,0
-7.221795,57,5861.574934,-100.0,-0.6675078631771622,0
-6.065689,35,5862.147093,-100.0,-0.6871381142998496,0
-6.399133,40,5862.78484,-100.0,-0.7930757969487447,0
-6.676776,43,5863.464923,-100.0,-0.8479410323287329,0
-6.518451,42,5864.147212,-100.0,-0.6924885099108131,0
-6.397672,42,5865.017516,-100.0,-0.7217880920243195,0
-5.93706,37,5865.613649,-100.0,-0.7571813627094515,0
-6.607522,41,5866.272629,-100.0,-0.66773655470778,0
-5.986157,38,5866.899359,-100.0,-0.7916201125273182,0
-6.421855,40,5867.543816,-100.0,-0.7265016857149504,0
-6.187711,37,5868.134517,-100.0,-0.6938565083288699,0
-6.102746,37,5868.74298,-100.0,-0.6864153261801774,0
-6.062831,34,5869.279328,-100.0,-0.6787929958005154,0
-6.450755,39,5869.900024,-100.0,-0.6867766551299453,0
-6.488868,39,5870.525124,-100.0,-0.7874508181497998,0
-6.54655,39,5871.150559,-100.0,-0.6678486440839211,0
-6.68061,44,5871.851874,-100.0,-0.6510593674303465,0
-6.086015,46,5872.608644,-100.0,-0.7345238011230354,0
-6.663092,45,5873.336562,-100.0,-0.6451159500197998,0
-6.322114,42,5993.379998,-100.0,-0.7445240334514454,0
-7.068825,46,5994.119972,-100.0,-0.6723989377817896,0
-6.240682,40,5994.770922,-100.0,-0.8362486809777698,0
-6.099932,40,5995.412368,-100.0,-0.7245794228323974,0
-6.547002,41,5996.083737,-100.0,-0.6985500655218903,0
-6.083052,35,5996.650212,-100.0,-0.7911107187786597,0
-5.995983,35,5997.213034,-100.0,-0.7184181726112949,0
-6.114089,40,5997.858273,-100.0,-0.7577109090322188,0
-5.748893,38,5998.477333,-100.0,-0.7851276614852448,0
-6.870232,44,5999.197346,-100.0,-0.7169455267315342,0
-6.457117,40,5999.857535,-100.0,-0.6811979019333081,0
-5.934289,41,6000.521464,-100.0,-0.7507222179474351,0
-6.256039,48,6001.297753,-100.0,-0.7954142973944399,0
-6.476139,47,6002.050879,-100.0,-0.6461212724300417,0
-6.340927,38,6002.662244,-100.0,-0.8272069357546367,0
-6.034848,39,6003.297385,-100.0,-0.6916195781025686,0
-6.256025,39,6003.925502,-100.0,-0.7486754891990479,0
-6.832473,45,6004.667411,-100.0,-0.6488021558260822,0
-6.923727,36,6005.22556,-100.0,-0.7570080013172957,0
-6.476373,37,6005.839744,-100.0,-0.6455617252388677,0
-6.193802,42,6006.525584,-100.0,-0.7958714967636135,0
-6.189842,42,6007.208291,-100.0,-0.7647575051373634,0
-6.425746,44,6007.924949,-100.0,-0.6642847004427846,0
-7.464029,47,6008.689761,-100.0,-0.732466814121145,0
-6.330936,42,6009.372263,-100.0,-0.6708208600793523,0
-5.977695,43,6010.063972,-100.0,-0.8125440774368717,0
-6.604715,44,6010.771465,-100.0,-0.8325020453913542,0
-5.958211,41,6011.433079,-100.0,-0.7779448528122437,0
-6.169463,38,6012.058496,-100.0,-0.8305404582880515,0
-6.41093,39,6012.689066,-100.0,-0.6944344031237728,0
-5.993648,33,6013.213534,-100.0,-0.7651006882534702,0
-6.367649,40,6013.855924,-100.0,-0.6498604446265799,0
-6.913563,42,6014.544599,-100.0,-0.7216662307829347,0
-6.059532,43,6015.227473,-100.0,-0.7415268914782384,0
-6.514253,39,6015.8592,-100.0,-0.6126257026247571,0
-6.383204,40,6016.497626,-100.0,-0.6801893021292756,0
-5.616572,35,6017.065584,-100.0,-0.7507586248619166,0
-6.357887,44,6017.770188,-100.0,-0.6624729793260561,0
-5.921347,38,6018.394013,-100.0,-0.8401453359375098,0
-6.459349,36,6018.97125,-100.0,-0.677164236353633,0
-5.994838,36,6019.571864,-100.0,-0.7783226055962249,0
-6.402109,38,6020.180829,-100.0,-0.8028001852844697,0
-6.348359,35,6020.75678,-100.0,-0.7324290294238764,0
-6.261758,36,6021.34679,-100.0,-0.780121018112622,0
-6.354156,50,6022.137894,-100.0,-0.8626855102762702,0
-6.389053,44,6022.860672,-100.0,-0.883444800873187,0
-6.041566,40,6023.506701,-100.0,-0.7316705084533356,0
-6.088224,40,6024.169031,-100.0,-0.8773306698088308,0
-6.297532,35,6024.71857,-100.0,-0.7522787889235518,0
-6.252873,36,6025.320567,-100.0,-0.6880028025726739,0
-6.062246,35,6025.88319,-100.0,-0.742602749249086,0
-6.388042,36,6145.002174,-100.0,-0.6725543855770542,0
-6.521646,45,6145.800235,-100.0,-0.6482419653917137,0
-6.138361,34,6146.395706,-100.0,-0.7094146663769079,0
-6.774955,42,6147.134658,-100.0,-0.6633661506454454,0
-6.049154,38,6147.800589,-100.0,-0.7915306481948491,0
-6.381127,43,6148.531769,-100.0,-0.6623854434381444,0
-6.373023,40,6149.229806,-100.0,-0.687790345334711,0
-5.887225,33,6149.819593,-100.0,-0.6678686369658372,0
-5.97635,34,6150.418671,-100.0,-0.7697162615430073,0
-6.623031,42,6151.157402,-100.0,-0.6841612403962204,0
-6.121531,34,6151.760495,-100.0,-0.781169613726901,0
-5.988736,42,6152.503855,-100.0,-0.8200924678130608,0
-5.974143,34,6153.087951,-100.0,-0.7883587926308904,0
-7.003478,40,6153.788911,-100.0,-0.6055120191595268,0
-6.278297,36,6154.430595,-100.0,-0.6766323407632441,0
-6.376498,38,6155.098963,-100.0,-0.7000516559713689,0
-6.168902,39,6155.781699,-100.0,-0.7803853802089253,0
-6.199578,33,6156.371014,-100.0,-0.7861415206488752,0
-6.058293,35,6156.982266,-100.0,-0.7995694333833496,0
-6.045203,39,6157.672093,-100.0,-0.696958789047539,0
-5.78776,44,6158.434791,-100.0,-0.8513983018023082,0
-6.027646,40,6159.14549,-100.0,-0.6567633829343398,0
-6.227882,40,6159.854555,-100.0,-0.6273731072781946,0
-6.483803,44,6160.611088,-100.0,-0.7138722676237325,0
-6.030868,42,6161.366604,-100.0,-0.7897255222607176,0
-6.676586,38,6162.026684,-100.0,-0.6819200323044783,0
-6.54634,40,6162.729796,-100.0,-0.6872376066721804,0
-6.367408,35,6163.348007,-100.0,-0.668954763553621,0
-6.125471,42,6164.077024,-100.0,-0.7982105339793321,0
-5.697203,38,6164.735172,-100.0,-0.7588208072768856,0
-6.397618,34,6165.339497,-100.0,-0.6840282226860097,0
-6.950396,41,6166.062901,-100.0,-0.604370785589404,0
-6.331232,48,6166.893267,-100.0,-0.7870007356052119,0
-5.86289,38,6167.569486,-100.0,-0.7713030188790355,0
-6.298314,41,6168.277547,-100.0,-0.6968726255617606,0
-6.176372,41,6169.00228,-100.0,-0.8364032015505245,0
-6.777582,51,6169.898736,-100.0,-0.6624915990028238,0
-6.24501,35,6170.518584,-100.0,-0.6427708804419754,0
-6.11585,35,6171.127898,-100.0,-0.6339466203167935,0
-6.257056,40,6171.840204,-100.0,-0.7591634785386978,0
-6.101922,39,6172.526645,-100.0,-0.768989294350468,0
-5.936526,33,6173.100986,-100.0,-0.6552272483862042,0
-5.793935,36,6173.727283,-100.0,-0.7017989571933668,0
-6.269756,46,6174.548396,-100.0,-0.674560086442715,0
-6.520237,47,6175.359025,-100.0,-0.7442207269289354,0
-6.799118,38,6176.034284,-100.0,-0.6240505404027248,0
-6.353161,39,6176.714617,-100.0,-0.6978914719527727,0
-6.94985,40,6177.42173,-100.0,-0.6860237510822665,0
-6.420054,37,6178.085504,-100.0,-0.7113500505172258,0
-6.596416,35,6178.682894,-100.0,-0.6634530887124336,0
-6.469163,40,6179.372725,-100.0,-0.6351362784600011,0
-6.486678,42,6180.122733,-100.0,-0.6931160516481524,0
-5.783614,38,6301.722369,-100.0,-0.8162863784937734,0
-6.13921,38,6302.335718,-100.0,-0.664667355576798,0
-6.378162,40,6302.995301,-100.0,-0.7858381455251077,0
-6.154379,39,6303.628381,-100.0,-0.7043284486768309,0
-6.706453,45,6304.360258,-100.0,-0.631845719019552,0
-6.169428,40,6305.019144,-100.0,-0.6707563229541998,0
-6.719798,38,6305.63894,-100.0,-0.6183732282404751,0
-6.198452,43,6306.346897,-100.0,-0.755930946063571,0
-6.624885,42,6307.025138,-100.0,-0.6951851073598322,0
-6.820285,38,6307.645973,-100.0,-0.7171129879670175,0
-6.036374,38,6308.262324,-100.0,-0.756497994406589,0
-5.958601,38,6308.895508,-100.0,-0.6759143317481676,0
-6.067527,35,6309.465001,-100.0,-0.6623193004774504,0
-6.849607,30,6309.973992,-100.0,-0.6327515471831155,0
-6.215199,46,6310.709936,-100.0,-0.7459361656280745,0
-5.688077,36,6311.302721,-100.0,-0.7882408395612052,0
-6.707801,44,6312.007312,-100.0,-0.6276852561920734,0
-6.406827,39,6312.643329,-100.0,-0.654689543597197,0
-5.896664,38,6313.266593,-100.0,-0.8090361514594842,0
-6.143947,43,6313.971038,-100.0,-0.714834766569718,0
-5.934808,43,6314.667174,-100.0,-0.7745024474192602,0
-6.508641,38,6315.267215,-100.0,-0.6819472621882262,0
-6.1192,39,6315.927612,-100.0,-0.7125062179137992,0
-6.015712,40,6316.579698,-100.0,-0.8417695675976582,0
-6.438297,39,6317.222468,-100.0,-0.6595608569913589,0
-6.020799,43,6317.91554,-100.0,-0.7254056691088417,0
-6.393446,36,6318.507071,-100.0,-0.6494376294325607,0
-5.747623,34,6319.047594,-100.0,-0.7553054282661291,0
-6.271859,42,6319.741035,-100.0,-0.6551193706134607,0
-6.362876,39,6320.389731,-100.0,-0.661429074887105,0
-6.483487,35,6320.952157,-100.0,-0.771390946709771,0
-6.527239,46,6321.718222,-100.0,-0.6358313190313076,0
-6.400295,36,6322.29536,-100.0,-0.6949856957421463,0
-6.866196,43,6323.003047,-100.0,-0.6509435632868938,0
-5.993175,41,6323.670996,-100.0,-0.7259415811862966,0
-6.177609,38,6324.30298,-100.0,-0.8266861078555384,0
-6.149991,41,6324.969018,-100.0,-0.7336075043706184,0
-6.410309,39,6325.605871,-100.0,-0.6680975795506094,0
-6.181238,39,6326.245413,-100.0,-0.6555337946769794,0
-6.404401,45,6326.988123,-100.0,-0.7124991405221848,0
-6.046182,39,6327.62994,-100.0,-0.7616590513619503,0
-6.07855,34,6328.181176,-100.0,-0.6909727495385036,0
-5.816388,36,6328.779724,-100.0,-0.7639828773930104,0
-6.176235,42,6329.465697,-100.0,-0.7744214705602382,0
-6.208136,44,6330.180706,-100.0,-0.6943743654123158,0
-6.337191,35,6330.749047,-100.0,-0.6520667326680684,0
-6.247399,33,6331.297151,-100.0,-0.6659334857908267,0
-6.073124,40,6331.943609,-100.0,-0.7802033126737995,0
-6.772341,38,6332.564966,-100.0,-0.8221878517836556,0
-6.653427,34,6333.115167,-100.0,-0.6937961078171723,0
-6.151652,36,6333.689788,-100.0,-0.6649693961935708,0
-6.313275,42,6334.378151,-100.0,-0.695694376271605,0
-5.842129,33,6334.920489,-100.0,-0.7173455760318823,0
-6.149881,41,6452.471919,-100.0,-0.7160316032130742,0
-6.236329,34,6453.024358,-100.0,-0.7505069860986706,0
-6.622888,39,6453.681706,-100.0,-0.7134183916192587,0
-6.207288,38,6454.31087,-100.0,-0.6703154751036411,0
-5.965003,34,6454.859998,-100.0,-0.6291816470352359,0
-6.288879,35,6455.453881,-100.0,-0.6733288491734211,0
-6.330001,39,6456.077898,-100.0,-0.7082081932996903,0
-6.486651,44,6456.818899,-100.0,-0.6323397969640095,0
-6.226476,39,6457.461163,-100.0,-0.6649394144042869,0
-5.846267,34,6458.013021,-100.0,-0.6082443973565044,0
-6.536949,35,6458.585365,-100.0,-0.6252548550061127,0
-5.792014,35,6459.171261,-100.0,-0.7803670930813184,0
-6.465522,42,6459.852795,-100.0,-0.6667298808117873,0
-6.511522,42,6460.546119,-100.0,-0.6417830062901044,0
-6.186345,39,6461.191968,-100.0,-0.6843150299279112,0
-6.12058,39,6461.835974,-100.0,-0.6795591594617872,0
-6.48071,38,6462.457015,-100.0,-0.6422712741871425,0
-5.965618,35,6463.036526,-100.0,-0.7016672661622227,0
-6.117252,36,6463.628581,-100.0,-0.6595442714813212,0
-6.130207,33,6464.149588,-100.0,-0.759793218644953,0
-6.658399,36,6464.744736,-100.0,-0.6658413922264044,0
-6.537421,43,6465.435638,-100.0,-0.9317152529114252,0
-6.953014,40,6466.104135,-100.0,-0.6289439140647705,0
-5.654569,34,6466.672297,-100.0,-0.8544425995043167,0
-6.305788,40,6467.327451,-100.0,-0.6912577772808669,0
-6.178835,39,6467.958839,-100.0,-0.72657326408652,0
-6.394632,39,6468.589999,-100.0,-0.6741389774746446,0
-5.893166,33,6469.125764,-100.0,-0.7752130778054158,0
-5.712545,37,6469.744133,-100.0,-0.6891165703865413,0
-6.208757,39,6470.387295,-100.0,-0.6655795338500567,0
-5.857849,33,6470.928324,-100.0,-0.7555162849086748,0
-5.65361,39,6471.56763,-100.0,-0.8464684155954497,0
-5.921347,35,6472.139788,-100.0,-0.8095273857181433,0
-5.680151,40,6472.805176,-100.0,-0.7505038014812361,0
-6.436407,34,6473.360512,-100.0,-0.648636319096876,0
-5.903547,39,6474.00414,-100.0,-0.7034411402459566,0
-6.073459,39,6474.646859,-100.0,-0.7032550059843465,0
-6.315278,39,6475.278214,-100.0,-0.7346689022826444,0
-6.059204,37,6475.8863,-100.0,-0.6981054095331911,0
-6.692518,49,6476.664825,-100.0,-0.677157978142606,0
-5.758099,34,6477.249745,-100.0,-0.769181302889472,0
-5.945242,39,6477.893091,-100.0,-0.7456518937913881,0
-6.109888,34,6478.449805,-100.0,-0.6535430688663406,0
-6.385878,40,6479.096094,-100.0,-0.6128962531043805,0
-6.292301,41,6479.757059,-100.0,-0.6730467990056742,0
-6.590492,41,6480.419777,-100.0,-0.6759961615582046,0
-6.269913,40,6481.08257,-100.0,-0.6930789772198616,0
-5.697097,34,6481.648724,-100.0,-0.7393554581312326,0
-6.087755,35,6482.21793,-100.0,-0.6752112081275697,0
-6.243254,46,6482.962803,-100.0,-0.7270644361836034,0
-6.360619,42,6483.65842,-100.0,-0.6658987987011573,0
-6.127226,38,6484.281331,-100.0,-0.7196692919302565,0
-6.677864,35,6484.866144,-100.0,-0.6252242427931548,0
-6.227606,39,6601.584216,-100.0,-0.6595969275099222,0
-6.194861,49,6602.415023,-100.0,-0.8508178233627071,0
-6.204445,42,6603.087794,-100.0,-0.8878038220574943,0
-6.328748,43,6603.785725,-100.0,-0.7798922970630309,0
-5.906107,40,6604.44352,-100.0,-0.7345275641378856,0
-6.119189,38,6605.07072,-100.0,-0.7977375247420763,0
-6.641544,40,6605.72555,-100.0,-0.7125478544438645,0
-5.879106,35,6606.303761,-100.0,-0.7205238229849726,0
-6.038093,37,6606.914643,-100.0,-0.670342825412645,0
-6.158165,41,6607.589176,-100.0,-0.8506156702197355,0
-6.499636,42,6608.270026,-100.0,-0.6179716193723448,0
-5.867894,42,6608.96976,-100.0,-0.7548044423283355,0
-5.617754,33,6609.502124,-100.0,-0.8128216032548601,0
-6.161625,37,6610.121859,-100.0,-0.665940300608106,0
-6.838655,36,6610.734098,-100.0,-0.6579660694891301,0
-6.99804,43,6611.43254,-100.0,-0.6900768568866907,0
-6.430509,41,6612.112001,-100.0,-0.6073551796253238,0
-5.988304,40,6612.767599,-100.0,-0.7163325137459922,0
-7.127236,43,6613.459113,-100.0,-0.6330915273030578,0
-5.827727,38,6614.076979,-100.0,-0.7484561937279137,0
-6.018052,33,6614.631001,-100.0,-0.7894171547698897,0
-5.827087,33,6615.17502,-100.0,-0.7799930580846267,0
-6.041868,36,6615.778638,-100.0,-0.7600792565315748,0
-6.302049,34,6616.339445,-100.0,-0.6964357391107622,0
-5.923294,41,6617.011546,-100.0,-0.7088503822448372,0
-5.475015,33,6617.551259,-100.0,-0.77616834153163,0
-6.600239,36,6618.147748,-100.0,-0.6909170645032455,0
-6.069524,48,6618.928517,-100.0,-0.7281156672717495,0
-6.231241,36,6619.526382,-100.0,-0.6935151434096238,0
-5.981665,41,6620.178734,-100.0,-0.7196643970807067,0
-6.471044,46,6620.960728,-100.0,-0.7026833413135133,0
-5.90668,35,6621.527387,-100.0,-0.6891794217175522,0
-5.871066,37,6622.142109,-100.0,-0.7160044983827452,0
-6.550651,37,6622.748776,-100.0,-0.6673177014098085,0
-5.969012,34,6623.312421,-100.0,-0.7846326899399778,0
-6.21045,38,6623.946053,-100.0,-0.6609218872664279,0
-6.248938,36,6624.533283,-100.0,-0.8419962973370977,0
-6.489702,43,6625.249106,-100.0,-0.7172888034444329,0
-5.834481,33,6625.777732,-100.0,-0.7311952981823551,0
-6.131172,33,6626.319238,-100.0,-0.6479174036898021,0
-5.839609,34,6626.870549,-100.0,-0.7220829364876945,0
-6.25243,39,6627.510013,-100.0,-0.8124467033486537,0
-5.892517,41,6628.196273,-100.0,-0.8183569543778304,0
-6.386542,38,6628.822641,-100.0,-0.697902171297079,0
-6.011309,41,6629.485718,-100.0,-0.7116661611464815,0
-6.827486,39,6630.137407,-100.0,-0.5696817494324302,0
-6.00544,36,6630.736585,-100.0,-0.6887668931794401,0
-6.539542,40,6631.39233,-100.0,-0.6205293839139912,0
-6.15122,35,6631.9725,-100.0,-0.6903303805724803,0
-6.153718,46,6632.726178,-100.0,-0.7430127808516374,0
-6.43617,38,6633.350596,-100.0,-0.7257106814444716,0
-6.355516,40,6634.015815,-100.0,-0.6543506600226531,0
-5.650251,36,6634.606631,-100.0,-0.8191275702549179,0
-5.852901,34,6635.168629,-100.0,-0.7433335634354685,0
-6.144691,43,6751.513834,-100.0,-0.7207968623156283,0
-6.395966,42,6752.20809,-100.0,-0.8151703733217629,0
-5.944328,40,6752.860771,-100.0,-0.7200374800330952,0
-5.75374,34,6753.431156,-100.0,-0.7756242373040713,0
-6.041003,35,6754.014715,-100.0,-0.6429953863041723,0
-6.514944,40,6754.682129,-100.0,-0.6532065704991835,0
-6.202837,34,6755.250437,-100.0,-0.6702588571881395,0
-5.740539,33,6755.788873,-100.0,-0.7552625173654149,0
-6.057464,39,6756.428157,-100.0,-0.7131957441209861,0
-5.923088,39,6757.078833,-100.0,-0.767000689096728,0
-6.652575,42,6757.780577,-100.0,-0.6914236368517875,0
-5.800016,32,6758.303937,-100.0,-0.7046407411351745,0
-6.748286,35,6758.868819,-100.0,-0.6618143498337584,0
-5.998903,34,6759.42816,-100.0,-0.7849745779876607,0
-6.44855,36,6760.027433,-100.0,-0.6863375573638839,0
-6.382383,36,6760.635759,-100.0,-0.645808686272779,0
-5.868099,36,6761.216021,-100.0,-0.685433057027123,0
-5.784544,33,6761.769851,-100.0,-0.8525070240933574,0
-6.192276,36,6762.358456,-100.0,-0.714521550460146,0
-6.16815,42,6763.066182,-100.0,-0.9094004058877465,0
-6.306181,36,6763.647463,-100.0,-0.6705266040107251,0
-6.361617,41,6764.321992,-100.0,-0.6977453863114682,0
-5.976392,44,6765.040695,-100.0,-0.7907778659739071,0
-6.121115,35,6765.625152,-100.0,-0.680313525969,0
-5.730694,35,6766.199884,-100.0,-0.7523120150510613,0
-6.18338,35,6766.786185,-100.0,-0.6946401238473802,0
-5.724303,38,6767.42028,-100.0,-0.8053012667423984,0
-5.778699,39,6768.058769,-100.0,-0.7292579973006007,0
-6.35722,41,6768.737845,-100.0,-0.7873514705271862,0
-5.985286,35,6769.326734,-100.0,-0.8304592422868516,0
-6.116781,36,6769.927451,-100.0,-0.8150776672454147,0
-5.675382,33,6770.475634,-100.0,-0.6678071125395593,0
-5.827384,36,6771.069746,-100.0,-0.7176900191095587,0
-5.713257,33,6771.603282,-100.0,-0.7693847813154387,0
-6.380587,41,6772.267941,-100.0,-0.706112001866157,0
-6.067077,39,6772.903508,-100.0,-0.6095041223777782,0
-6.538878,40,6773.583268,-100.0,-0.6196745302909114,0
-6.321192,35,6774.151121,-100.0,-0.6554083388411813,0
-5.731072,37,6774.765319,-100.0,-0.702512279063231,0
-6.082597,37,6775.391224,-100.0,-0.668163987792004,0
-6.620021,36,6775.991558,-100.0,-0.6255760754868988,0
-5.908543,33,6776.536668,-100.0,-0.7101190187761584,0
-6.395282,44,6777.248098,-100.0,-0.6842330981704253,0
-6.370517,40,6777.896399,-100.0,-0.697692844946907,0
-6.00846,33,6778.459321,-100.0,-0.7614476466588177,0
-6.000296,39,6779.113628,-100.0,-0.7509255646892001,0
-5.894808,42,6779.789343,-100.0,-0.7550529905636387,0
-6.293849,35,6780.377023,-100.0,-0.6451109558544381,0
-6.158888,43,6781.09439,-100.0,-0.6999349189806788,0
-6.027697,36,6781.704115,-100.0,-0.7077440121281396,0
-6.749845,40,6782.362279,-100.0,-0.7003904626194388,0
-5.644189,34,6782.92252,-100.0,-0.7508762807021155,0
-6.276494,41,6783.603573,-100.0,-0.7023397179861531,0
-6.956887,45,6784.334401,-100.0,-0.6756525726495193,0
-6.100235,39,6903.479943,-100.0,-0.6185832066105573,0
-5.704671,36,6904.079014,-100.0,-0.8822920536713302,0
-6.297358,35,6904.664083,-100.0,-0.6689997628561811,0
-5.898713,37,6905.277856,-100.0,-0.7911142900080901,0
-6.148807,43,6905.999682,-100.0,-0.7245088443399057,0
-6.147846,34,6906.550391,-100.0,-0.6961227284930165,0
-6.38567,36,6907.147665,-100.0,-0.8268977208239481,0
-6.085585,36,6907.753074,-100.0,-0.6404007406539731,0
-5.421353,33,6908.286356,-100.0,-0.7676792956346786,0
-5.780261,37,6908.912914,-100.0,-0.9068188852712451,0
-5.650558,34,6909.476351,-100.0,-0.7158028836374334,0
-5.815264,33,6910.017273,-100.0,-0.568256672976692,0
-5.661203,35,6910.597614,-100.0,-0.8591132235801063,0
-6.546756,35,6911.178339,-100.0,-0.6065430746479524,0
-5.818588,34,6911.749021,-100.0,-0.6867852922521321,0
-6.32213,42,6912.443108,-100.0,-0.6883381590639399,0
-5.702107,34,6913.017975,-100.0,-0.71443522846788,0
-6.101804,39,6913.655415,-100.0,-0.6917963764720398,0
-6.24221,39,6914.303913,-100.0,-0.645223788002027,0
-6.260534,35,6914.893397,-100.0,-0.7066807338429968,0
-5.78515,33,6915.427033,-100.0,-0.7345766978449579,0
-6.578006,41,6916.124029,-100.0,-0.6977981439054443,0
-5.727184,35,6916.69676,-100.0,-0.7188219154790433,0
-6.163243,36,6917.276685,-100.0,-0.6893135933310901,0
-6.212715,36,6917.878971,-100.0,-0.7025097930033752,0
-6.218945,37,6918.485855,-100.0,-0.7103300116818341,0
-5.741986,37,6919.10309,-100.0,-0.7058519044437674,0
-5.76156,33,6919.651776,-100.0,-0.822211279514554,0
-5.990834,42,6920.347654,-100.0,-0.651207909413979,0
-6.224612,39,6921.002434,-100.0,-0.728462682028777,0
-6.478762,42,6921.685966,-100.0,-0.7531831727278734,0
-6.307438,39,6922.335634,-100.0,-0.6901404259025599,0
-5.509971,34,6922.892739,-100.0,-0.8150555495990669,0
-6.295507,39,6923.541511,-100.0,-0.7342814375722508,0
-6.223656,35,6924.13215,-100.0,-0.6533744569061898,0
-5.978182,36,6924.720494,-100.0,-0.8721743165914835,0
-6.34665,34,6925.277215,-100.0,-0.6760278988901036,0
-6.098409,33,6925.817086,-100.0,-0.706298550309409,0
-6.120089,34,6926.378456,-100.0,-0.7270006440544161,0
-5.669538,35,6926.961441,-100.0,-0.790751667077314,0
-5.900064,39,6927.603104,-100.0,-0.8954982311732991,0
-5.913881,40,6928.266901,-100.0,-0.7406510109447743,0
-6.240423,34,6928.833654,-100.0,-0.6752585406006083,0
-6.172732,34,6929.385054,-100.0,-0.6857770189909205,0
-6.696741,73,6930.589462,-100.0,-0.7780198862521972,0
-5.731336,34,6931.153184,-100.0,-0.7471160243489082,0
-5.589468,37,6931.763408,-100.0,-0.8594958259828805,0
-5.779054,34,6932.334639,-100.0,-0.7400611035606236,0
-5.761928,33,6932.88439,-100.0,-0.8242750645709349,0
-5.526371,34,6933.451111,-100.0,-0.8462904340418523,0
-5.980228,34,6934.008342,-100.0,-0.6840094644020029,0
-5.822298,40,6934.667163,-100.0,-0.7711703748651556,0
-5.51003,33,6935.216489,-100.0,-0.8508092748310812,0
-6.289266,35,6935.800644,-100.0,-0.6529485586367518,0
-6.19031,40,6936.458313,-100.0,-0.7746787741515332,0
-6.260261,40,6937.106879,-100.0,-0.6529035047337113,0
-6.298711,42,7033.763387,-100.0,-0.7153040671590336,0
-5.847594,33,7034.322006,-100.0,-0.7716442356297618,0
-5.790583,38,7034.938048,-100.0,-0.8091029912152414,0
-6.201929,37,7035.560178,-100.0,-0.6167560474914556,0
-5.564201,32,7036.075497,-100.0,-0.867520046836297,0
-5.899767,33,7036.61275,-100.0,-0.7579100896532039,0
-6.081181,33,7037.171517,-100.0,-0.6549007156406895,0
-5.671605,33,7037.732022,-100.0,-0.7401573039374741,0
-5.915966,36,7038.327622,-100.0,-0.7881622377592713,0
-6.092789,34,7038.900922,-100.0,-0.6628992281056872,0
-6.08907,45,7039.629106,-100.0,-0.746874769660262,0
-5.856859,33,7040.179718,-100.0,-0.6612062568433819,0
-5.923749,34,7040.747054,-100.0,-0.8160112279596301,0
-5.789486,38,7041.37435,-100.0,-0.9512274458692853,0
-5.650762,33,7041.934185,-100.0,-0.6493171088302572,0
-6.300575,37,7042.550747,-100.0,-0.700637846698743,0
-6.112165,39,7043.186634,-100.0,-0.6945479820772578,0
-5.624291,35,7043.776673,-100.0,-0.8509350437158212,0
-6.231086,34,7044.345944,-100.0,-0.699709921297212,0
-5.610876,33,7044.892733,-100.0,-0.7621831027800094,0
-5.817018,34,7045.454952,-100.0,-0.7659667989174009,0
-6.110889,38,7046.092735,-100.0,-0.8487404690392516,0
-5.744441,39,7046.741891,-100.0,-0.7259736335004142,0
-5.990228,37,7047.342,-100.0,-0.6187229707612544,0
-5.816864,39,7047.983785,-100.0,-0.7977177103927369,0
-5.891863,36,7048.577352,-100.0,-0.6746471188081922,0
-6.026021,44,7049.320709,-100.0,-0.772502287188579,0
-5.820024,34,7049.881743,-100.0,-0.8042728490005502,0
-6.357022,40,7050.553441,-100.0,-0.8024192596065325,0
-5.86358,34,7051.112981,-100.0,-0.68315811487812,0
-5.945078,33,7051.655254,-100.0,-0.7073940404424026,0
-6.420444,43,7052.374798,-100.0,-0.7078676890681843,0
-6.018349,34,7052.931616,-100.0,-0.7303225719633689,0
-5.854753,34,7053.510937,-100.0,-0.6547370243162295,0
-5.958447,43,7054.233458,-100.0,-0.7244906946444292,0
-5.96688,48,7055.014449,-100.0,-0.7034359020998064,0
-5.868483,34,7055.574367,-100.0,-0.7559065414258492,0
-6.021345,38,7056.206489,-100.0,-0.7551354068065902,0
-6.47823,40,7056.868818,-100.0,-0.7506125704676836,0
-6.084768,36,7057.468383,-100.0,-0.7746642025879524,0
-6.099964,45,7058.231942,-100.0,-0.8634818678845945,0
-5.990864,42,7058.933608,-100.0,-0.7420406839426805,0
-6.09559,34,7059.496871,-100.0,-0.6820109072559223,0
-6.183648,34,7060.064904,-100.0,-0.5730323928547277,0
-5.82073,35,7060.636266,-100.0,-0.7159464310626584,0
-6.157915,37,7061.24894,-100.0,-0.6715202121185226,0
-5.483664,38,7061.891577,-100.0,-0.8149995299324737,0
-6.595097,36,7062.487682,-100.0,-0.7320702349206373,0
-5.488081,33,7063.032918,-100.0,-0.8293474905177239,0
-5.906332,34,7063.59249,-100.0,-0.7139446668103671,0
-5.764482,35,7064.177874,-100.0,-0.7615448176175714,0
-6.30728,38,7064.814039,-100.0,-0.7326990108955825,0
-5.870338,38,7065.446399,-100.0,-0.8001682355206631,0
-5.693509,38,7066.07541,-100.0,-0.7659471016008507,0
-5.643526,33,7066.612271,-100.0,-0.8209085925786618,0
-6.385144,43,7173.781791,-100.0,-0.6896844587617793,0
-5.930512,33,7174.338122,-100.0,-0.7814176581934302,0
-5.959304,33,7174.899095,-100.0,-0.5861984513819879,0
-6.432713,33,7175.442626,-100.0,-0.7574917379949795,0
-6.100312,33,7175.978071,-100.0,-0.6364585733660457,0
-5.886118,34,7176.539938,-100.0,-0.7212407423069087,0
-5.88914,33,7177.084595,-100.0,-0.6738614940469627,0
-6.06531,41,7177.772922,-100.0,-0.7206047349228624,0
-5.596729,33,7178.340817,-100.0,-0.7896502216080713,0
-5.972149,33,7178.873578,-100.0,-0.714454022440605,0
-6.355726,35,7179.458622,-100.0,-0.7021684485882554,0
-6.496824,41,7180.156242,-100.0,-0.681921760645902,0
-6.287247,34,7180.72326,-100.0,-0.6179535619976594,0
-6.165012,39,7181.373932,-100.0,-0.6675777259216429,0
-5.535721,33,7181.919374,-100.0,-0.7784415080614053,0
-5.718452,39,7182.575812,-100.0,-0.7923674827902971,0
-5.985705,40,7183.238641,-100.0,-0.7216587078721753,0
-6.495731,34,7183.813178,-100.0,-0.6159512314307449,0
-5.86742,38,7184.438638,-100.0,-0.8678433890589927,0
-5.855987,33,7184.996223,-100.0,-0.717596101600587,0
-5.670914,39,7185.637547,-100.0,-0.7720592562709558,0
-6.014741,38,7186.264289,-100.0,-0.7356944934208975,0
-6.329933,36,7186.859676,-100.0,-0.7897295439037348,0
-5.916791,38,7187.494113,-100.0,-0.6829830483321323,0
-6.075994,36,7188.102572,-100.0,-0.769386880452331,0
-5.878159,39,7188.754354,-100.0,-0.7460443548320138,0
-6.242539,44,7189.503889,-100.0,-0.7794973672578415,0
-5.801513,33,7190.048637,-100.0,-0.7196918953728797,0
-5.929421,34,7190.626712,-100.0,-0.8098682291626144,0
-6.116286,39,7191.269058,-100.0,-0.767623108151764,0
-5.566153,32,7191.790004,-100.0,-0.8624256639921085,0
-5.91432,36,7192.385983,-100.0,-0.7830031005812422,0
-5.901207,33,7192.926091,-100.0,-0.6817918597583383,0
-5.96484,33,7193.485507,-100.0,-0.7757837434315793,0
-5.672415,41,7194.175288,-100.0,-0.8307901536471792,0
-5.759572,32,7194.698482,-100.0,-0.8247534169775301,0
-6.065647,35,7195.293223,-100.0,-0.645702379690922,0
-5.786275,37,7195.912344,-100.0,-0.7485703677190335,0
-5.946706,33,7196.475061,-100.0,-0.6968768639023636,0
-5.62096,34,7197.026833,-100.0,-0.7296361911595389,0
-5.980599,33,7197.585668,-100.0,-0.7194176351282092,0
-5.846541,35,7198.172212,-100.0,-0.6627236490115521,0
-6.115151,34,7198.753301,-100.0,-0.631397952738991,0
-6.042318,39,7199.390277,-100.0,-0.6898537751792229,0
-6.045874,34,7199.949407,-100.0,-0.6205568752421851,0
-6.328487,40,7200.616298,-100.0,-0.6435249539194737,0
-5.746094,35,7201.190326,-100.0,-0.6991287944280724,0
-6.125257,35,7201.770561,-100.0,-0.708706796029139,0
-5.665346,34,7202.34367,-100.0,-0.7921220541126855,0
-5.750442,39,7202.993951,-100.0,-0.7575522667185599,0
-5.987799,33,7203.555169,-100.0,-0.6618079819296107,0
-6.133157,41,7204.236425,-100.0,-0.6856047652297584,0
-5.645306,34,7204.8104,-100.0,-0.8527625089308192,0
-5.787481,39,7205.436197,-100.0,-0.808749002391185,0
-5.849438,33,7206.000154,-100.0,-0.656024329263915,0
-6.203485,34,7206.571134,-100.0,-0.6838762466401714,0
-6.083183,37,7207.184473,-100.0,-0.6997749797918061,0
-6.415073,39,7314.492644,-100.0,-0.735925431662842,0
-5.846562,35,7315.084991,-100.0,-0.6911003228914584,0
-5.839139,35,7315.669146,-100.0,-0.7356351289162801,0
-6.428558,36,7316.266215,-100.0,-0.6646234781955596,0
-5.453876,33,7316.833908,-100.0,-0.7774604866658859,0
-5.666369,33,7317.365131,-100.0,-0.7414964021516633,0
-5.590426,33,7317.919884,-100.0,-0.754094633778026,0
-6.287051,41,7318.59983,-100.0,-0.6606421997506823,0
-5.772254,38,7319.235401,-100.0,-0.8404676006531094,0
-6.052267,39,7319.890202,-100.0,-0.6765117692698025,0
-6.153919,42,7320.600183,-100.0,-0.7887295908795342,0
-6.131221,37,7321.228596,-100.0,-0.6410457937847297,0
-5.510953,33,7321.776681,-100.0,-0.7859923062622155,0
-6.093249,41,7322.467802,-100.0,-0.7566400686947329,0
-5.961832,34,7323.021746,-100.0,-0.74303512116191,0
-5.639045,34,7323.589507,-100.0,-0.7910346173141025,0
-6.188815,39,7324.243654,-100.0,-0.6687840197702392,0
-5.815665,43,7324.9467,-100.0,-0.685623229604377,0
-5.885129,44,7325.694024,-100.0,-0.8068301962710877,0
-6.711538,41,7326.369102,-100.0,-0.717529620133953,0
-6.064448,33,7326.931617,-100.0,-0.7386525497897577,0
-5.963652,38,7327.557468,-100.0,-0.7752625086297706,0
-5.953542,35,7328.150432,-100.0,-0.8535591229096678,0
-5.792124,33,7328.700358,-100.0,-0.7927952187532162,0
-5.479017,32,7329.232602,-100.0,-0.8037911759598143,0
-5.918072,40,7329.897151,-100.0,-0.6877410280397667,0
-5.38407,32,7330.43869,-100.0,-0.8142271065652081,0
-6.0046,34,7331.013883,-100.0,-0.7626070230151146,0
-5.983367,35,7331.596933,-100.0,-0.6476537310762509,0
-6.079803,37,7332.21726,-100.0,-0.8411368647925905,0
-6.094829,33,7332.7762,-100.0,-0.6884652074224102,0
-5.679929,37,7333.394024,-100.0,-0.8257390693684877,0
-5.887692,33,7333.948945,-100.0,-0.7199240208162444,0
-5.796975,35,7334.537976,-100.0,-0.7254227962773738,0
-5.728313,36,7335.142383,-100.0,-0.7577845003961461,0
-5.680966,34,7335.705006,-100.0,-0.6898275949507364,0
-6.026464,39,7336.353477,-100.0,-0.767280320331636,0
-6.145941,36,7336.959523,-100.0,-0.7230959037760546,0
-5.538207,34,7337.526813,-100.0,-0.779173660073555,0
-5.516254,32,7338.068547,-100.0,-0.7837212338445727,0
-5.428177,32,7338.595762,-100.0,-0.8549240414825197,0
-5.359888,33,7339.152935,-100.0,-0.8568957990383803,0
-6.121825,34,7339.72465,-100.0,-0.6419421526583847,0
-5.636635,33,7340.26114,-100.0,-0.7127002471247212,0
-5.505513,38,7340.898938,-100.0,-0.7990354042126174,0
-5.902926,33,7341.45567,-100.0,-0.7339242935311838,0
-6.207428,34,7342.036128,-100.0,-0.7374808831027466,0
-5.945338,38,7342.654306,-100.0,-0.7048700206679588,0
-6.220754,36,7343.244437,-100.0,-0.6530295409194135,0
-5.798429,33,7343.804393,-100.0,-0.7973004129205502,0
-5.812974,48,7344.625623,-100.0,-0.7491122929877132,0
-6.06976,34,7345.195708,-100.0,-0.7319722794246838,0
-6.324189,44,7345.931151,-100.0,-0.7600656743512455,0
-5.533533,33,7346.47527,-100.0,-0.8845342238459536,0
-5.582007,33,7347.040118,-100.0,-0.7734845600248162,0
-5.777356,34,7347.610632,-100.0,-0.6777410528459413,0
-6.104304,34,7348.180305,-100.0,-0.6600788542061021,0
-5.474857,34,7477.469904,-100.0,-0.7683257039682438,0
-5.744101,34,7478.047136,-100.0,-0.622448064184403,0
-5.799594,36,7478.646012,-100.0,-0.7334542078009085,0
-5.758667,33,7479.195625,-100.0,-0.7179101498325514,0
-6.31998,42,7479.905538,-100.0,-0.8576292649839823,0
-5.992804,33,7480.458052,-100.0,-0.6947716009563627,0
-6.241029,39,7481.110162,-100.0,-0.6537815694289353,0
-5.599383,33,7481.672705,-100.0,-0.9013117414645211,0
-5.763379,34,7482.24271,-100.0,-0.6923355678880477,0
-6.446726,34,7482.801091,-100.0,-0.6595469579515598,0
-5.545826,32,7483.331791,-100.0,-0.8854546056694979,0
-6.016534,40,7483.99773,-100.0,-0.7858684439178574,0
-5.578475,34,7484.559914,-100.0,-0.7891397658713941,0
-6.083086,34,7485.138059,-100.0,-0.7017232512141207,0
-6.182384,35,7485.72435,-100.0,-0.705059682223796,0
-5.761607,37,7486.352581,-100.0,-0.794269037408385,0
-5.942841,34,7486.925947,-100.0,-0.74661465146179,0
-5.673089,35,7487.508698,-100.0,-0.8093867803985524,0
-5.629647,35,7488.101825,-100.0,-0.758566771979459,0
-6.233456,36,7488.711796,-100.0,-0.7119438767129819,0
-5.60717,35,7489.289285,-100.0,-0.8429273202428832,0
-5.766635,33,7489.84516,-100.0,-0.85831613860881,0
-5.673094,33,7490.41356,-100.0,-0.8575307887090322,0
-6.252542,34,7490.977052,-100.0,-0.7060546127551237,0
-5.883364,35,7491.562057,-100.0,-0.712841071612094,0
-6.242463,34,7492.127809,-100.0,-0.6960585796492121,0
-5.701826,34,7492.708298,-100.0,-0.6839214276571783,0
-5.830194,34,7493.271931,-100.0,-0.7123154325615355,0
-5.600686,33,7493.819256,-100.0,-0.8234641962849802,0
-5.870763,36,7494.428662,-100.0,-0.7462888128380499,0
-5.558338,32,7494.972244,-100.0,-0.7676410025518272,0
-6.405898,40,7495.63684,-100.0,-0.7058705261850559,0
-5.794632,33,7496.196324,-100.0,-0.7607433935781787,0
-5.961089,35,7496.778883,-100.0,-0.6717111316802298,0
-5.995899,39,7497.424354,-100.0,-0.8210423424494874,0
-5.860745,34,7498.001853,-100.0,-0.6590734768803538,0
-6.204718,35,7498.58947,-100.0,-0.6341198757191934,0
-5.887801,39,7499.226824,-100.0,-0.8008461423397646,0
-5.852194,34,7499.800279,-100.0,-0.7481582858016785,0
-5.912992,33,7500.354995,-100.0,-0.7730415941004262,0
-5.96222,33,7500.916476,-100.0,-0.6939715991106016,0
-5.551593,33,7501.460968,-100.0,-0.6858493284851025,0
-5.936048,33,7502.018203,-100.0,-0.6737703648810328,0
-5.410511,34,7502.580958,-100.0,-0.8450322101477694,0
-6.285658,36,7503.198359,-100.0,-0.669083804255854,0
-5.885652,33,7503.760991,-100.0,-0.6625584670578951,0
-5.888268,38,7504.383909,-100.0,-0.7795997051154677,0
-6.13415,34,7504.954793,-100.0,-0.6171139364721464,0
-5.895868,39,7505.600935,-100.0,-0.8484765247815278,0
-5.489596,32,7506.148903,-100.0,-0.8745588859960779,0
-5.664743,33,7506.703024,-100.0,-0.6750017330621075,0
-5.935178,35,7507.288725,-100.0,-0.6674445933708772,0
-5.589926,33,7507.847542,-100.0,-0.7787550122197215,0
-5.805122,34,7508.437773,-100.0,-0.7857753763229075,0
-7.09011,41,7509.099534,-100.0,-0.6836936936645182,0
-5.685254,34,7509.671767,-100.0,-0.6486992999480204,0
-5.801252,35,7510.250826,-100.0,-0.8033898570245276,0
-5.946809,32,7510.796947,-100.0,-0.7405088888403587,0
-5.859662,35,7511.389669,-100.0,-0.710696904179836,0
-5.914951,33,7636.175068,-100.0,-0.6629126824439948,0
-5.746943,34,7636.754071,-100.0,-0.7314482986433373,0
-5.432205,32,7637.291822,-100.0,-0.8256518276514466,0
-6.025845,34,7637.858009,-100.0,-0.6547260110351628,0
-6.074873,34,7638.433941,-100.0,-0.7142550850148109,0
-5.71975,37,7639.041792,-100.0,-0.7841347005934383,0
-5.884957,32,7639.584664,-100.0,-0.7887263544444001,0
-5.755865,33,7640.136582,-100.0,-0.6778794382738882,0
-5.798712,34,7640.69107,-100.0,-0.7875745283000161,0
-5.619143,34,7641.25964,-100.0,-0.8342297281440557,0
-6.048835,34,7641.832664,-100.0,-0.6696480887419981,0
-5.663455,34,7642.407698,-100.0,-0.6405779176891451,0
-6.23013,32,7642.950775,-100.0,-0.7835279295517061,0
-6.191113,39,7643.597669,-100.0,-0.7004171575645782,0
-5.979514,33,7644.154632,-100.0,-0.7096720580704269,0
-5.615512,35,7644.743598,-100.0,-0.7772818659202156,0
-6.095675,35,7645.326279,-100.0,-0.7160165637330583,0
-5.941851,34,7645.90431,-100.0,-0.6846456534336562,0
-6.344258,37,7646.520765,-100.0,-0.8034270259818581,0
-5.814693,33,7647.069289,-100.0,-0.7893011291532173,0
-5.901019,33,7647.617945,-100.0,-0.6739640896459383,0
-5.96003,33,7648.17783,-100.0,-0.6895459165056107,0
-5.914257,34,7648.739694,-100.0,-0.6963978019886811,0
-5.750776,39,7649.401803,-100.0,-0.8403768032017267,0
-5.700905,33,7649.952775,-100.0,-0.7660223789222996,0
-6.610627,49,7650.79821,-100.0,-0.7052425633968322,0
-5.348687,35,7651.393743,-100.0,-0.8158133029527711,0
-6.287344,35,7651.977339,-100.0,-0.693920366278591,0
-5.673675,33,7652.541788,-100.0,-0.8087733037488001,0
-6.096662,34,7653.104142,-100.0,-0.6804377293696922,0
-6.101881,36,7653.713697,-100.0,-0.7848034250152828,0
-6.01374,34,7654.275895,-100.0,-0.6481687004089653,0
-5.927489,34,7654.85693,-100.0,-0.7917095359826307,0
-6.019411,33,7655.393079,-100.0,-0.74657840177564,0
-5.869378,33,7655.949369,-100.0,-0.7123747720275517,0
-6.16197,35,7656.519528,-100.0,-0.7317840100557009,0
-6.62965,40,7657.204307,-100.0,-0.6004654222699315,0
-5.852292,32,7657.738627,-100.0,-0.7215333087823528,0
-6.127482,34,7658.311434,-100.0,-0.6116488448021482,0
-6.16891,37,7658.921019,-100.0,-0.7069446906717284,0
-6.81984,31,7659.444098,-100.0,-0.6829671057048677,0
-6.109092,34,7660.00607,-100.0,-0.7182834469452022,0
-5.587373,32,7660.541919,-100.0,-0.9061807544335553,0
-6.031311,36,7661.143098,-100.0,-0.6334738281921701,0
-6.184307,39,7661.802822,-100.0,-0.7015673219317262,0
-5.467352,32,7662.331851,-100.0,-0.8759414888309695,0
-5.687885,33,7662.875358,-100.0,-0.7124219944334055,0
-5.747785,39,7663.545721,-100.0,-0.7465564066135146,0
-5.935024,35,7664.145984,-100.0,-0.6957596357970353,0
-6.065523,32,7664.682294,-100.0,-0.7545236554491346,0
-5.567308,33,7665.249791,-100.0,-0.8248691518665597,0
-5.895891,37,7665.863195,-100.0,-0.7791544456056214,0
-5.580538,34,7666.446431,-100.0,-0.6588918145675026,0
-5.751067,35,7667.034266,-100.0,-0.6966343421828173,0
-5.876392,34,7667.604431,-100.0,-0.7161072179590109,0
-5.858912,33,7668.155121,-100.0,-0.7032876420755505,0
-6.024917,39,7668.812043,-100.0,-0.8035956184190802,0
-6.075752,34,7669.38387,-100.0,-0.7714663475242793,0
-6.075568,35,7669.966811,-100.0,-0.6628254833045157,0
-5.810992,35,7791.144416,-100.0,-0.7343968593093906,0
-5.888952,32,7791.68797,-100.0,-0.8472224355257546,0
-5.345049,33,7792.232316,-100.0,-0.8661219045059647,0
-5.922582,34,7792.801649,-100.0,-0.7562388285774371,0
-5.224243,32,7793.34568,-100.0,-0.8324883913000605,0
-5.579261,36,7793.953731,-100.0,-0.728018601867107,0
-5.613969,32,7794.481511,-100.0,-0.7383682945172759,0
-5.60369,33,7795.030282,-100.0,-0.7975319187442467,0
-5.947246,36,7795.644919,-100.0,-0.7328002960096214,0
-6.250717,34,7796.227796,-100.0,-0.7045220243641315,0
-5.655502,33,7796.770674,-100.0,-0.7732630170898667,0
-5.44301,38,7797.420439,-100.0,-0.7969535166787127,0
-5.910242,33,7797.988189,-100.0,-0.6366313764401007,0
-6.20865,34,7798.555802,-100.0,-0.6981128767085022,0
-5.698539,32,7799.075058,-100.0,-0.8043996702564973,0
-6.120769,35,7799.679312,-100.0,-0.6188853269141585,0
-6.013397,33,7800.237527,-100.0,-0.7144092722352691,0
-5.680231,36,7800.833549,-100.0,-0.7846752294771866,0
-5.423414,33,7801.392132,-100.0,-0.7729647856054592,0
-5.535986,37,7802.016316,-100.0,-0.8776067556414358,0
-5.43938,33,7802.567018,-100.0,-0.772021663600927,0
-5.935932,35,7803.15561,-100.0,-0.7609786209677402,0
-5.942048,33,7803.721636,-100.0,-0.6788275820977125,0
-5.827724,34,7804.292161,-100.0,-0.7890517427388489,0
-5.521406,33,7804.852025,-100.0,-0.7551950735742983,0
-6.241635,42,7805.568094,-100.0,-0.7416266123599516,0
-6.204251,34,7806.139654,-100.0,-0.6898279581665644,0
-6.147583,39,7806.798754,-100.0,-0.710460295837996,0
-6.049845,43,7807.513276,-100.0,-0.7429602094163529,0
-5.808801,34,7808.093833,-100.0,-0.7810902002333159,0
-5.582833,33,7808.644679,-100.0,-0.8381580293479628,0
-6.111956,36,7809.244112,-100.0,-0.6892790337014096,0
-6.278116,42,7809.960714,-100.0,-0.744701684645783,0
-6.316194,33,7810.501314,-100.0,-0.6185791810829452,0
-5.782633,38,7811.142672,-100.0,-0.8028628355606284,0
-5.690588,34,7811.713927,-100.0,-0.7854300909068141,0
-5.633604,34,7812.282091,-100.0,-0.7550593239948941,0
-5.946038,35,7812.864998,-100.0,-0.6284890902867375,0
-5.875126,34,7813.441418,-100.0,-0.6902945553072954,0
-5.743313,32,7813.981189,-100.0,-0.7835381815418644,0
-5.460815,33,7814.53903,-100.0,-0.7200388050582525,0
-5.604538,36,7815.137754,-100.0,-0.818795110250407,0
-5.682477,33,7815.682457,-100.0,-0.7439240524640491,0
-5.992488,34,7816.252561,-100.0,-0.6895847176612641,0
-5.485197,34,7816.827975,-100.0,-0.8840762350683017,0
-5.691639,39,7817.477037,-100.0,-0.857524788160054,0
-5.517653,32,7818.019821,-100.0,-0.8142185053842644,0
-5.438438,33,7818.570809,-100.0,-0.9009171403470688,0
-5.417868,32,7819.114147,-100.0,-0.7957936703427274,0
-5.8163,35,7819.69901,-100.0,-0.6953632927513375,0
-5.773595,33,7820.258682,-100.0,-0.7503753675747545,0
-6.259294,38,7820.894276,-100.0,-0.6829221645721422,0
-5.839294,34,7821.47052,-100.0,-0.630223629078381,0
-6.43737,45,7822.213991,-100.0,-0.70153731014487,0
-5.704697,33,7822.774101,-100.0,-0.74316701374285,0
-5.582449,32,7823.307384,-100.0,-0.809021164028588,0
-5.635372,33,7823.862468,-100.0,-0.7448303772677891,0
-5.830595,34,7824.414532,-100.0,-0.7256747565671671,0
-6.006653,32,7824.96177,-100.0,-0.7863130192316652,0
-5.896115,34,7954.559632,-100.0,-0.7213281406133356,0
-5.755814,33,7955.161448,-100.0,-0.7817860696218373,0
-6.038593,34,7955.790103,-100.0,-0.6896487902613504,0
-5.694389,34,7956.414737,-100.0,-0.8083841657524303,0
-5.926577,33,7957.018835,-100.0,-0.6832095028041585,0
-5.557908,32,7957.600207,-100.0,-0.7962811825813703,0
-6.093853,50,7958.508995,-100.0,-0.8123499657928319,0
-5.937102,33,7959.090746,-100.0,-0.69926413260337,0
-5.490684,33,7959.679943,-100.0,-0.7884823890903363,0
-5.959486,33,7960.277496,-100.0,-0.7171086788464296,0
-6.142188,35,7960.921624,-100.0,-0.670760068799425,0
-5.812378,34,7961.547568,-100.0,-0.68572643856386,0
-5.617958,33,7962.147554,-100.0,-0.7805408431900451,0
-5.728869,35,7962.779665,-100.0,-0.7429809473626627,0
-6.106994,34,7963.403312,-100.0,-0.6290855738282568,0
-5.90362,33,7964.013223,-100.0,-0.6831916600353964,0
-5.843477,33,7964.610053,-100.0,-0.6793152909553063,0
-5.919642,33,7965.21867,-100.0,-0.7248501381536896,0
-5.719854,33,7965.818613,-100.0,-0.7660643167958591,0
-5.641995,33,7966.423324,-100.0,-0.7156855402465431,0
-6.074979,33,7967.011387,-100.0,-0.7017602040234311,0
-5.713531,32,7967.591025,-100.0,-0.8831066381139747,0
-5.62914,32,7968.176881,-100.0,-0.7676039708222556,0
-5.922488,38,7968.869622,-100.0,-0.7748491075805778,0
-5.933512,34,7969.476405,-100.0,-0.7041906314024173,0
-5.752657,32,7970.05858,-100.0,-0.8034957305791756,0
-5.66006,33,7970.66237,-100.0,-0.7863935962507524,0
-5.81548,33,7971.269542,-100.0,-0.6796234992857657,0
-5.843191,33,7971.866379,-100.0,-0.7281169225251504,0
-5.766803,33,7972.471814,-100.0,-0.8433987829769586,0
-5.475115,38,7973.169986,-100.0,-0.9000991430110805,0
-6.176717,34,7973.797262,-100.0,-0.6441374510431452,0
-5.92018,33,7974.395431,-100.0,-0.7093750986076959,0
-6.037447,32,7974.960865,-100.0,-0.6970420290761655,0
-5.983438,39,7975.676932,-100.0,-0.5812903797006046,0
-6.083887,33,7976.262452,-100.0,-0.6902577861085136,0
-5.918589,34,7976.876665,-100.0,-0.7041230530325528,0
-5.5751,34,7977.504085,-100.0,-0.8905052468427169,0
-6.057924,33,7978.118167,-100.0,-0.6893995664038902,0
-5.954342,34,7978.723212,-100.0,-0.6592111871832501,0
-5.722321,32,7979.306767,-100.0,-0.8304000504034099,0
-5.494343,33,7979.909659,-100.0,-0.8086052994449938,0
-5.931191,34,7980.524076,-100.0,-0.7588804990741186,0
-5.45974,34,7981.163247,-100.0,-0.7542162349730849,0
-5.560116,32,7981.748178,-100.0,-0.8260141795609712,0
-6.109091,34,7982.361217,-100.0,-0.6733515581678058,0
-5.517567,33,7982.959734,-100.0,-0.852624588757626,0
-5.845035,34,7983.578816,-100.0,-0.6981343599469638,0
-5.661887,36,7984.2408,-100.0,-0.8071066755321936,0
-5.468538,34,7984.862422,-100.0,-0.7970779680850203,0
-5.904173,33,7985.471984,-100.0,-0.7313030413838031,0
-5.466196,34,7986.102708,-100.0,-0.8206267576852305,0
-6.345625,39,7986.799367,-100.0,-0.7103578105812124,0
-5.887932,32,7987.392104,-100.0,-0.756406941811116,0
-6.222752,35,7988.022243,-100.0,-0.7091479035805852,0
-5.630109,35,7988.659287,-100.0,-0.8502843153762065,0
-5.877743,33,7989.255575,-100.0,-0.5917570607264734,0
-5.63156,33,7989.851497,-100.0,-0.760479942620516,0
-5.773576,33,7990.462482,-100.0,-0.6700644755352975,0
-5.630995,33,7991.058084,-100.0,-0.716254450480937,0
-5.507733,33,7991.666429,-100.0,-0.7655862445021897,0
-5.397953,33,8110.583544,-100.0,-0.7677813699355251,0
-6.337374,36,8111.197561,-100.0,-0.7460040367697888,0
-5.569818,33,8111.747817,-100.0,-0.785566202346642,0
-5.526015,34,8112.312235,-100.0,-0.8834208715956765,0
-5.669475,32,8112.851901,-100.0,-0.8283814994759345,0
-5.655766,32,8113.40003,-100.0,-0.7712378533996677,0
-5.954142,33,8113.949668,-100.0,-0.6830282474757988,0
-6.001183,34,8114.520795,-100.0,-0.7158980614351466,0
-6.194236,34,8115.095876,-100.0,-0.6684643024250733,0
-5.448174,32,8115.643821,-100.0,-0.878075414764907,0
-5.898262,34,8116.2151,-100.0,-0.6645510690729128,0
-5.571168,32,8116.751882,-100.0,-0.7475040169868798,0
-5.703238,33,8117.305559,-100.0,-0.7264547657138438,0
-5.839624,34,8117.879819,-100.0,-0.6515091139547631,0
-5.964028,33,8118.443398,-100.0,-0.7093151009231947,0
-5.974196,42,8119.140173,-100.0,-0.7703017212625699,0
-5.624293,33,8119.699755,-100.0,-0.7495641761696642,0
-6.025762,32,8120.236091,-100.0,-0.819855565127757,0
-5.95415,33,8120.794213,-100.0,-0.6620163069763138,0
-5.650063,32,8121.317723,-100.0,-0.7436349818270188,0
-5.71489,33,8121.884974,-100.0,-0.7205494535295129,0
-5.693594,33,8122.438981,-100.0,-0.7502816002941038,0
-5.636332,34,8123.018289,-100.0,-0.7399673847834969,0
-5.619212,34,8123.596635,-100.0,-0.7893597031955754,0
-5.563509,32,8124.137224,-100.0,-0.7588299825538452,0
-5.62281,33,8124.688486,-100.0,-0.7521031179051256,0
-5.989693,33,8125.25289,-100.0,-0.774235898473002,0
-5.721473,32,8125.794817,-100.0,-0.7883153387255981,0
-5.615024,36,8126.408452,-100.0,-0.7416487427765261,0
-5.770059,35,8127.003956,-100.0,-0.8478126480865661,0
-5.97482,35,8127.586883,-100.0,-0.7625105255988675,0
-5.509311,33,8128.146774,-100.0,-0.7402681356963402,0
-6.173502,34,8128.72277,-100.0,-0.6512981449201074,0
-6.049292,33,8129.278481,-100.0,-0.7691525627970832,0
-5.974135,38,8129.920676,-100.0,-0.6909581432990515,0
-5.598755,32,8130.457967,-100.0,-0.8874823875469497,0
-5.725905,35,8131.043854,-100.0,-0.748579318660492,0
-5.764021,33,8131.60953,-100.0,-0.6784659973314361,0
-5.611201,32,8132.146407,-100.0,-0.8199565516977496,0
-5.710812,34,8132.717842,-100.0,-0.7099696026096505,0
-5.411559,34,8133.293649,-100.0,-0.868778257861897,0
-5.732384,34,8133.869778,-100.0,-0.6620531267604481,0
-5.485925,37,8134.497739,-100.0,-0.806919478611513,0
-5.732031,33,8135.05346,-100.0,-0.734225433723645,0
-5.925041,34,8135.627039,-100.0,-0.6888766128037614,0
-5.499553,32,8136.167406,-100.0,-0.8018942282363594,0
-5.540584,32,8136.716737,-100.0,-0.7608847870841371,0
-5.366354,33,8137.2793,-100.0,-0.8127818188552947,0
-5.847538,32,8137.826582,-100.0,-0.7553444693435473,0
-5.629538,34,8138.398814,-100.0,-0.7050126271643655,0
-5.480028,33,8138.953847,-100.0,-0.8933836956259459,0
-5.88683,32,8139.48163,-100.0,-0.7473674516795534,0
-5.656555,33,8140.041642,-100.0,-0.7308077389056976,0
-6.083509,34,8140.60503,-100.0,-0.6249680354477287,0
-5.641627,40,8141.284852,-100.0,-0.726578461499704,0
-5.958734,35,8141.872154,-100.0,-0.6576931417946377,0
-5.659238,47,8142.638065,-100.0,-0.8556465496556634,0
-5.51634,34,8143.203367,-100.0,-0.9018882813075755,0
-5.667195,34,8143.795348,-100.0,-0.7581942137566785,0
-5.848276,39,8144.436324,-100.0,-0.7376429613532284,0
-5.76754,32,8262.881393,-100.0,-0.8275087721105427,0
-5.76952,33,8263.449914,-100.0,-0.7514494350468538,0
-5.34606,34,8264.022726,-100.0,-0.8002679876751359,0
-5.498238,33,8264.582873,-100.0,-0.8082659074311748,0
-5.854256,33,8265.14851,-100.0,-0.6967382378528302,0
-5.731054,34,8265.729104,-100.0,-0.6669832639933075,0
-5.637743,33,8266.278595,-100.0,-0.71136951640466,0
-5.502189,32,8266.82181,-100.0,-0.8648834745450288,0
-5.682463,34,8267.403741,-100.0,-0.6871217519138989,0
-5.581915,33,8267.960946,-100.0,-0.7560912372780146,0
-5.655107,33,8268.524441,-100.0,-0.711437833781441,0
-5.614334,32,8269.068936,-100.0,-0.8654183551100786,0
-6.32961,33,8269.634689,-100.0,-0.6962143190655097,0
-5.69015,34,8270.207469,-100.0,-0.7609493242893348,0
-5.766808,35,8270.808856,-100.0,-0.692841290762174,0
-5.928791,35,8271.398817,-100.0,-0.7996027641201867,0
-5.861304,34,8271.969016,-100.0,-0.7244114523564081,0
-5.867146,35,8272.570831,-100.0,-0.7323701074518265,0
-5.795575,33,8273.1318,-100.0,-0.7066046117739136,0
-5.396668,33,8273.685505,-100.0,-0.8178672606790236,0
-5.964574,33,8274.247172,-100.0,-0.6634076338341856,0
-5.967944,33,8274.810471,-100.0,-0.636771397842077,0
-5.286659,33,8275.375185,-100.0,-0.822779354377967,0
-5.429887,33,8275.932342,-100.0,-0.8386902648447002,0
-5.885827,36,8276.543955,-100.0,-0.6867831542730524,0
-5.73915,33,8277.106531,-100.0,-0.70444964193967,0
-5.921078,41,8277.809238,-100.0,-0.685335261179869,0
-5.623816,34,8278.377465,-100.0,-0.7966790287453046,0
-5.796917,33,8278.936179,-100.0,-0.6854718377500786,0
-5.384039,32,8279.485744,-100.0,-0.814863071202298,0
-5.798117,34,8280.059997,-100.0,-0.7380330929618885,0
-5.505036,33,8280.615882,-100.0,-0.7455366442115193,0
-5.816455,33,8281.16604,-100.0,-0.7478573757491562,0
-6.05027,34,8281.749267,-100.0,-0.7318679016735322,0
-6.083764,33,8282.305007,-100.0,-0.6662172213065543,0
-5.659812,33,8282.862161,-100.0,-0.7633437473134813,0
-5.759598,33,8283.412061,-100.0,-0.7145806465318555,0
-5.667782,34,8283.98997,-100.0,-0.6981552071619853,0
-5.442784,33,8284.543914,-100.0,-0.7706730818961223,0
-5.35007,32,8285.080541,-100.0,-0.8380120419827716,0
-5.584621,34,8285.655249,-100.0,-0.8880311426097618,0
-5.444052,32,8286.183459,-100.0,-0.8192139110634589,0
-5.878948,33,8286.750131,-100.0,-0.7270986871133657,0
-5.81276,33,8287.300863,-100.0,-0.6610544095961219,0
-5.885418,33,8287.86166,-100.0,-0.7166297445739979,0
-5.525109,41,8288.574104,-100.0,-0.8399636720194661,0
-5.558032,33,8289.134241,-100.0,-0.7016026792180766,0
-6.045896,33,8289.682395,-100.0,-0.7027865275939073,0
-5.809145,33,8290.245429,-100.0,-0.7469272088404331,0
-5.639811,32,8290.784605,-100.0,-0.7962828342962791,0
-5.293014,34,8291.366838,-100.0,-0.8307643984435277,0
-6.00715,33,8291.918575,-100.0,-0.6488170619195487,0
-6.149833,38,8292.560093,-100.0,-0.7837667633256071,0
-6.340639,34,8293.13799,-100.0,-0.6710661579000476,0
-5.468662,33,8293.695473,-100.0,-0.8717652768764066,0
-5.692139,34,8294.280061,-100.0,-0.6714015159859223,0
-5.85924,36,8294.88936,-100.0,-0.8474524589856208,0
-5.360663,33,8295.447814,-100.0,-0.8837239121163015,0
-6.247365,36,8296.059135,-100.0,-0.8024590489856915,0
-5.963805,33,8296.625762,-100.0,-0.6752232124267499,0
-5.771733,33,8297.17975,-100.0,-0.6694921927503258,0
-5.870306,32,8415.754791,-100.0,-0.7455563784298531,0
-5.904948,33,8416.317406,-100.0,-0.7021172490429803,0
-5.837479,34,8416.899326,-100.0,-0.7377483929907889,0
-5.80921,34,8417.477186,-100.0,-0.6757137834119972,0
-5.469431,32,8418.018876,-100.0,-0.8771368121315152,0
-5.476806,33,8418.587643,-100.0,-0.8229083379648383,0
-5.986157,37,8419.207905,-100.0,-0.7171799229828132,0
-5.606852,33,8419.766653,-100.0,-0.7718622524067528,0
-6.002735,32,8420.300195,-100.0,-0.7118615917296592,0
-6.181816,35,8420.895101,-100.0,-0.6879760566791585,0
-5.741184,33,8421.450287,-100.0,-0.7548005676746106,0
-5.548036,32,8421.992949,-100.0,-0.8200100793630797,0
-5.662289,32,8422.529202,-100.0,-0.841068771952459,0
-5.509147,32,8423.08652,-100.0,-0.7543189148963636,0
-5.840829,34,8423.656671,-100.0,-0.6963770193969133,0
-5.281379,32,8424.196811,-100.0,-0.8992121598710918,0
-6.049356,35,8424.782263,-100.0,-0.661809227783108,0
-5.615297,34,8425.357337,-100.0,-0.8065028776535571,0
-5.669849,38,8425.994268,-100.0,-0.861626492489487,0
-6.211692,35,8426.575217,-100.0,-0.629569589778112,0
-5.728779,35,8427.174592,-100.0,-0.7990635851997915,0
-6.133896,35,8427.775559,-100.0,-0.680652868526296,0
-6.209744,35,8428.376323,-100.0,-0.6275482826521668,0
-5.975921,33,8428.932161,-100.0,-0.6866058466710115,0
-6.083301,33,8429.488991,-100.0,-0.7095865764751372,0
-6.158267,40,8430.15678,-100.0,-0.7317799036653724,0
-5.843212,34,8430.736095,-100.0,-0.6619999345088754,0
-5.766778,34,8431.322812,-100.0,-0.6528620826799776,0
-5.525119,34,8431.902328,-100.0,-0.7946744096737689,0
-5.920027,35,8432.490464,-100.0,-0.7100945988323569,0
-5.873383,37,8433.116803,-100.0,-0.7418084230573595,0
-5.79253,32,8433.65902,-100.0,-0.7627250462400064,0
-5.550411,33,8434.21921,-100.0,-0.8269332798526358,0
-5.580689,33,8434.766928,-100.0,-0.6447781342865104,0
-5.752381,34,8435.345991,-100.0,-0.8089864413971747,0
-5.832527,34,8435.929784,-100.0,-0.7174858113827909,0
-5.448988,41,8436.643117,-100.0,-0.7799399223870626,0
-5.640668,33,8437.197646,-100.0,-0.8386851928115667,0
-5.871184,40,8437.86666,-100.0,-0.755287185372604,0
-5.857275,34,8438.453655,-100.0,-0.7373692061004771,0
-5.61279,33,8439.007313,-100.0,-0.7724607158594795,0
-5.893937,33,8439.569646,-100.0,-0.623959306039392,0
-5.544123,33,8440.13131,-100.0,-0.7899658054164422,0
-5.954246,43,8440.838176,-100.0,-0.7628329549824583,0
-5.856474,34,8441.405251,-100.0,-0.7087502524283438,0
-5.464012,32,8441.961246,-100.0,-0.9090885234198703,0
-5.439868,39,8442.607111,-100.0,-0.6933588862076441,0
-5.870426,32,8443.156485,-100.0,-0.7797560027829384,0
-5.591555,33,8443.726121,-100.0,-0.682566471887367,0
-5.598441,34,8444.296892,-100.0,-0.6464618484678905,0
-5.673867,33,8444.854351,-100.0,-0.7794046772329052,0
-5.367793,39,8445.508346,-100.0,-0.8317586580315579,0
-6.039828,39,8446.164144,-100.0,-0.6544002022230426,0
-5.49412,32,8446.697274,-100.0,-0.8917439297911535,0
-5.906236,33,8447.254457,-100.0,-0.6896682500623845,0
-5.560588,34,8447.836861,-100.0,-0.8471090763618955,0
-5.872818,34,8448.415895,-100.0,-0.6705690060939221,0
-5.750193,42,8449.118437,-100.0,-0.7269719816144239,0
-6.080212,41,8449.820899,-100.0,-0.6689597466896454,0
-5.572817,33,8567.839084,-100.0,-0.7346810860409358,0
-5.8737,33,8568.398738,-100.0,-0.7156718130148861,0
-5.293435,32,8568.934027,-100.0,-0.9143786671616203,0
-5.572345,38,8569.590679,-100.0,-0.7906508226288492,0
-5.348549,33,8570.149428,-100.0,-0.792996113865482,0
-5.866792,36,8570.759263,-100.0,-0.7358711328026768,0
-5.835048,41,8571.449732,-100.0,-0.6879942996681835,0
-5.574717,34,8572.02669,-100.0,-0.7880360004672704,0
-5.531591,32,8572.567161,-100.0,-0.8133310920670078,0
-5.503611,33,8573.126626,-100.0,-0.798313063229072,0
-5.76962,41,8573.825977,-100.0,-0.7582100074923729,0
-5.686703,33,8574.383998,-100.0,-0.7515076251136457,0
-5.793509,34,8574.965554,-100.0,-0.6979581687966929,0
-5.843771,36,8575.56905,-100.0,-0.7006909510689978,0
-5.970484,33,8576.136844,-100.0,-0.650729923879956,0
-5.856473,36,8576.740114,-100.0,-0.7070742294740069,0
-6.16907,38,8577.382738,-100.0,-0.7110509215896761,0
-5.256491,33,8577.938974,-100.0,-0.8938531703713175,0
-5.567945,34,8578.523742,-100.0,-0.8352621978736748,0
-5.517039,34,8579.101112,-100.0,-0.8098261758008359,0
-5.828918,33,8579.659004,-100.0,-0.6992941231239068,0
-5.934415,34,8580.233485,-100.0,-0.5780556750540417,0
-5.849715,34,8580.814297,-100.0,-0.7584363576309261,0
-5.927162,34,8581.396308,-100.0,-0.6833827251199333,0
-5.510858,33,8581.954562,-100.0,-0.7246309006144409,0
-5.963438,35,8582.55633,-100.0,-0.667704104041065,0
-5.745459,33,8583.112859,-100.0,-0.763681637342062,0
-5.707855,33,8583.674096,-100.0,-0.7813324346321859,0
-5.368729,35,8584.259582,-100.0,-0.845212251667105,0
-5.348522,32,8584.806013,-100.0,-0.8606596589381604,0
-5.738338,34,8585.3855,-100.0,-0.6925504367965319,0
-6.017315,34,8585.965805,-100.0,-0.6530548042476383,0
-5.912808,34,8586.541579,-100.0,-0.6627113211878772,0
-5.687718,34,8587.117725,-100.0,-0.769744648755125,0
-5.571556,33,8587.677963,-100.0,-0.744074077733434,0
-5.838054,33,8588.243424,-100.0,-0.6956000222460574,0
-5.535292,33,8588.80482,-100.0,-0.6757719601999159,0
-5.434933,33,8589.366896,-100.0,-0.8481108542597412,0
-5.717111,33,8589.922043,-100.0,-0.796326639822034,0
-5.82101,34,8590.493053,-100.0,-0.6865290132661572,0
-5.635697,32,8591.040729,-100.0,-0.820378600685423,0
-5.634414,34,8591.612874,-100.0,-0.7258879189677756,0
-5.798044,34,8592.187495,-100.0,-0.6492236019948239,0
-5.584755,33,8592.748601,-100.0,-0.814841901133652,0
-6.077716,35,8593.329112,-100.0,-0.6963046785254878,0
-5.662157,33,8593.894861,-100.0,-0.8361982821031997,0
-5.703332,33,8594.448934,-100.0,-0.699127166051774,0
-5.429205,33,8595.006899,-100.0,-0.8523552980645793,0
-6.008834,33,8595.567293,-100.0,-0.7000225442547148,0
-5.495873,36,8596.194751,-100.0,-0.8195374881647108,0
-5.527233,39,8596.870745,-100.0,-0.795692971294192,0
-6.021838,34,8597.441453,-100.0,-0.691644210174362,0
-5.568553,33,8598.003609,-100.0,-0.7789898951542924,0
-5.771204,34,8598.581726,-100.0,-0.6799285221303791,0
-5.339434,33,8599.124461,-100.0,-0.7901894455940369,0
-5.272117,32,8599.658408,-100.0,-0.8849034573567417,0
-5.484158,34,8600.246467,-100.0,-0.8188237158534685,0
-5.878077,33,8600.99954,-100.0,-0.7293628433951623,0
-5.790283,46,8601.781168,-100.0,-0.8310398903182821,0
-5.774383,33,8717.481149,-100.0,-0.7207273836606606,0
-5.469138,33,8718.036337,-100.0,-0.8049289349900648,0
-5.753769,33,8718.603486,-100.0,-0.7260512716784548,0
-5.538232,33,8719.163607,-100.0,-0.7115181075767418,0
-6.080563,35,8719.759717,-100.0,-0.7539345644184068,0
-5.692928,33,8720.323225,-100.0,-0.6870352380405039,0
-5.905884,34,8720.914734,-100.0,-0.6902256614488234,0
-5.811299,33,8721.4738,-100.0,-0.7218436886490489,0
-6.015906,34,8722.047667,-100.0,-0.739293946452669,0
-5.752517,33,8722.611274,-100.0,-0.8239426532086166,0
-5.616245,33,8723.170711,-100.0,-0.7459834056069642,0
-5.824583,33,8723.736728,-100.0,-0.662221702604032,0
-5.557323,32,8724.28932,-100.0,-0.7900382502776813,0
-5.813448,33,8724.855549,-100.0,-0.73010392074259,0
-6.006149,41,8725.525262,-100.0,-0.7078717167809325,0
-5.93796,34,8726.109338,-100.0,-0.6720352498711482,0
-5.507777,38,8726.748474,-100.0,-0.7753229414883677,0
-5.584906,33,8727.31187,-100.0,-0.7958036902627312,0
-5.56504,33,8727.872376,-100.0,-0.8119431661502806,0
-6.017924,34,8728.449977,-100.0,-0.7157627929082224,0
-5.901252,33,8729.006324,-100.0,-0.7135888831467994,0
-5.55811,33,8729.56351,-100.0,-0.795244320243679,0
-6.172689,41,8730.260431,-100.0,-0.6626256111413341,0
-5.866078,40,8730.93808,-100.0,-0.7274390236649979,0
-5.593839,33,8731.505714,-100.0,-0.7597962334179398,0
-5.717813,34,8732.086887,-100.0,-0.6421298849107228,0
-5.490087,33,8732.640747,-100.0,-0.8304897698497655,0
-5.462941,32,8733.175305,-100.0,-0.7957365066426224,0
-5.99874,33,8733.741847,-100.0,-0.6329020336405444,0
-5.766967,37,8734.376322,-100.0,-0.7072168246344702,0
-5.649987,34,8734.952219,-100.0,-0.6947872004705984,0
-5.620112,33,8735.506568,-100.0,-0.7316182251842448,0
-5.811807,36,8736.129464,-100.0,-0.733615849038376,0
-5.635691,33,8736.690572,-100.0,-0.7117218552508062,0
-5.818267,42,8737.386576,-100.0,-0.7925271733511298,0
-5.382637,34,8737.97703,-100.0,-0.8134574611738987,0
-5.261467,32,8738.518598,-100.0,-0.8155070803851795,0
-6.030843,35,8739.122075,-100.0,-0.6242372588110858,0
-5.755563,33,8739.678838,-100.0,-0.7537770060141948,0
-5.845871,35,8740.272641,-100.0,-0.795061597664408,0
-5.749819,33,8740.833459,-100.0,-0.6571071947959769,0
-5.55108,33,8741.399845,-100.0,-0.8246951577480112,0
-6.241493,35,8741.991843,-100.0,-0.6836406318679498,0
-5.924604,34,8742.564291,-100.0,-0.6594745955520074,0
-5.571126,34,8743.140805,-100.0,-0.779787938847658,0
-5.840389,34,8743.707457,-100.0,-0.7427947906478927,0
-5.468957,33,8744.277628,-100.0,-0.7861158214444518,0
-5.456418,32,8744.811008,-100.0,-0.8464492522246924,0
-5.948487,34,8745.403837,-100.0,-0.6975141388474945,0
-6.048946,34,8745.958734,-100.0,-0.6845482185059361,0
-5.784018,33,8746.526572,-100.0,-0.6680463925441805,0
-5.65939,34,8747.101125,-100.0,-0.7797877211298512,0
-5.793352,33,8747.666443,-100.0,-0.7374688921279187,0
-5.641054,33,8748.230482,-100.0,-0.7545949652086766,0
-5.523946,33,8748.795206,-100.0,-0.7859521266883801,0
-5.382487,33,8749.360302,-100.0,-0.7431695535174401,0
-5.680713,35,8749.941641,-100.0,-0.8124126300755419,0
-5.420223,33,8750.509265,-100.0,-0.8218362398085909,0
-5.454449,33,8751.062056,-100.0,-0.7715592210788852,0
-5.735435,34,8751.647383,-100.0,-0.7039114161572415,0
-5.822357,35,8869.636986,-100.0,-0.8931743744116927,0
-5.834882,34,8870.213531,-100.0,-0.6492751499027251,0
-5.807217,33,8870.782139,-100.0,-0.6911842124796416,0
-6.090993,39,8871.439584,-100.0,-0.7605881961941787,0
-5.696853,34,8872.016129,-100.0,-0.7335672420353082,0
-5.8158,34,8872.599243,-100.0,-0.7114186639465032,0
-5.686284,33,8873.15135,-100.0,-0.6613492408217244,0
-5.858713,33,8873.71213,-100.0,-0.7415195111318128,0
-5.830332,33,8874.276991,-100.0,-0.7004959817016638,0
-5.542349,35,8874.865981,-100.0,-0.7886693882326177,0
-5.757728,33,8875.436491,-100.0,-0.756751453353038,0
-5.515212,33,8876.001997,-100.0,-0.8149698663542587,0
-5.514105,34,8876.583385,-100.0,-0.7832231627325119,0
-5.511934,33,8877.152455,-100.0,-0.807667587967885,0
-5.757604,35,8877.748308,-100.0,-0.7641265334149179,0
-5.510744,32,8878.292885,-100.0,-0.7355156492346787,0
-5.855023,35,8878.885801,-100.0,-0.6730495077965815,0
-5.974314,39,8879.547609,-100.0,-0.6429913560585635,0
-6.004802,34,8880.121212,-100.0,-0.6551652648882772,0
-5.454733,32,8880.682137,-100.0,-0.8514593812691282,0
-5.375628,32,8881.217273,-100.0,-0.8853917524024683,0
-5.516127,33,8881.775241,-100.0,-0.7390901540871607,0
-5.719887,33,8882.346673,-100.0,-0.7066449596411799,0
-5.664902,34,8882.918168,-100.0,-0.768063034047256,0
-5.656724,33,8883.487546,-100.0,-0.7415636171065931,0
-5.552339,33,8884.045545,-100.0,-0.7968612127111951,0
-6.101131,34,8884.631289,-100.0,-0.672386851296306,0
-5.734556,34,8885.211131,-100.0,-0.7294290619074603,0
-6.055147,43,8885.934963,-100.0,-0.7210993448143936,0
-5.632327,34,8886.520785,-100.0,-0.6999490335013933,0
-5.866028,33,8887.085092,-100.0,-0.6952614025937384,0
-5.378108,33,8887.642544,-100.0,-0.820552261690848,0
-5.870552,33,8888.200322,-100.0,-0.7627099959676782,0
-5.513414,33,8888.774745,-100.0,-0.8254952181432278,0
-5.668621,34,8889.338318,-100.0,-0.7435542387780216,0
-6.025479,43,8890.063916,-100.0,-0.7794804623036663,0
-5.728964,34,8890.644322,-100.0,-0.8105276987465919,0
-5.949984,35,8891.232846,-100.0,-0.6989227699550108,0
-5.833222,35,8891.829098,-100.0,-0.7733476024166197,0
-5.721494,40,8892.525506,-100.0,-0.7799169251411573,0
-5.335332,32,8893.074849,-100.0,-0.8796374063013003,0
-5.958986,35,8893.671799,-100.0,-0.6786601997487337,0
-5.88551,33,8894.229259,-100.0,-0.7110306046844602,0
-6.070001,34,8894.813519,-100.0,-0.6432490935963737,0
-5.709386,34,8895.381209,-100.0,-0.7416786275200733,0
-6.011879,34,8895.962306,-100.0,-0.6563161528929755,0
-5.673369,32,8896.502188,-100.0,-0.8000596252728338,0
-5.422063,33,8897.06105,-100.0,-0.8029681446799543,0
-5.236064,33,8897.617501,-100.0,-0.8719210138901441,0
-5.802971,36,8898.24157,-100.0,-0.7218537180511544,0
-5.428138,43,8898.957766,-100.0,-0.7778833048379631,0
-5.827807,33,8899.517513,-100.0,-0.6318547947360182,0
-5.719502,33,8900.080572,-100.0,-0.8008126577957885,0
-5.815488,33,8900.641328,-100.0,-0.6932936394971551,0
-5.768261,38,8901.285652,-100.0,-0.7075326255511544,0
-6.018535,34,8901.865676,-100.0,-0.6247924729765322,0
-5.270107,33,8902.416026,-100.0,-0.8132228569362179,0
-5.83494,35,8903.017279,-100.0,-0.7031713437556105,0
-6.024384,37,8903.633451,-100.0,-0.6696252178983014,0
-5.864335,33,8904.194655,-100.0,-0.7386570702291418,0
-5.826449,33,9019.329139,-100.0,-0.7347055244438824,0
-5.134256,33,9019.886277,-100.0,-0.8489314959522661,0
-5.255067,33,9020.461265,-100.0,-0.8111325490512026,0
-5.616689,34,9021.036164,-100.0,-0.703657180685422,0
-5.372103,33,9021.594967,-100.0,-0.7823166253447617,0
-5.625021,33,9022.148909,-100.0,-0.6862980303224512,0
-5.413838,34,9022.732074,-100.0,-0.8240125516248761,0
-5.675336,33,9023.30404,-100.0,-0.650898042623985,0
-5.808213,33,9023.852428,-100.0,-0.6922225218424107,0
-5.6393,33,9024.426773,-100.0,-0.7145516814923751,0
-5.360882,33,9024.968702,-100.0,-0.7336872810652626,0
-5.967892,34,9025.544585,-100.0,-0.6791626649020877,0
-5.761235,33,9026.09149,-100.0,-0.655334115335614,0
-5.629479,33,9026.658526,-100.0,-0.694512285080169,0
-5.61051,33,9027.218387,-100.0,-0.7255572573419817,0
-6.07557,33,9027.786662,-100.0,-0.6781501369357142,0
-5.773355,33,9028.347124,-100.0,-0.7100259740263669,0
-5.642889,33,9028.910525,-100.0,-0.7608458354833684,0
-5.466351,34,9029.486272,-100.0,-0.7641215824991959,0
-5.707316,33,9030.056003,-100.0,-0.7140511079479932,0
-5.842378,33,9030.607253,-100.0,-0.7254018834165953,0
-5.68247,33,9031.167373,-100.0,-0.766900945382909,0
-5.683419,33,9031.725681,-100.0,-0.7416751479464474,0
-5.744202,35,9032.32203,-100.0,-0.7305123273957969,0
-5.440797,32,9032.856555,-100.0,-0.801795667700774,0
-5.817879,36,9033.467392,-100.0,-0.6600865196785987,0
-5.760125,42,9034.198874,-100.0,-0.7058149220695225,0
-5.401495,34,9034.783947,-100.0,-0.8048633667452866,0
-6.055358,36,9035.401786,-100.0,-0.636536303328087,0
-5.362989,35,9035.997626,-100.0,-0.826327213215654,0
-5.681076,34,9036.560209,-100.0,-0.7345393921049391,0
-5.360193,33,9037.111689,-100.0,-0.8290158151465791,0
-5.336877,32,9037.662489,-100.0,-0.8647990058359596,0
-5.340221,33,9038.226511,-100.0,-0.8732208800326252,0
-5.566876,32,9038.772665,-100.0,-0.8732432126397628,0
-5.742035,33,9039.332317,-100.0,-0.7014328410451672,0
-5.711635,34,9039.902996,-100.0,-0.7526456232176674,0
-5.670267,34,9040.476554,-100.0,-0.7060421758088378,0
-5.765824,33,9041.04451,-100.0,-0.6420217784110872,0
-5.767609,45,9041.797432,-100.0,-0.7175882423691587,0
-6.297689,35,9042.38231,-100.0,-0.6951389105958209,0
-5.84497,33,9042.949481,-100.0,-0.7009098515925147,0
-5.606856,33,9043.511179,-100.0,-0.8199007954089738,0
-5.419784,33,9044.079529,-100.0,-0.812167479716705,0
-5.503983,33,9044.638591,-100.0,-0.8115759810761661,0
-5.464664,33,9045.201838,-100.0,-0.7242127671890574,0
-5.743475,36,9045.7976,-100.0,-0.7351990870686799,0
-5.328239,32,9046.348439,-100.0,-0.8525630802301886,0
-5.359732,36,9046.958408,-100.0,-0.780585988315233,0
-5.268627,34,9047.540572,-100.0,-0.7871975382901689,0
-5.676877,34,9048.112082,-100.0,-0.697700761200905,0
-5.988733,34,9048.693235,-100.0,-0.7441322576375459,0
-5.563253,34,9049.466514,-100.0,-0.7633831474388546,0
-5.437763,37,9050.109795,-100.0,-0.8563032728981074,0
-5.355399,32,9050.646344,-100.0,-0.8522115062992323,0
-5.441809,33,9051.203886,-100.0,-0.7782110073436019,0
-5.882925,34,9051.791522,-100.0,-0.6459228705570834,0
-5.874199,38,9052.43994,-100.0,-0.7122607039196054,0
-5.654329,33,9053.001456,-100.0,-0.7372756753156,0
-5.380083,36,9053.595907,-100.0,-0.8223709091363773,0
-5.386666,34,9171.029133,-100.0,-0.7498389341858427,0
-5.794377,33,9171.595938,-100.0,-0.7032133190276858,0
-5.255296,33,9172.166408,-100.0,-0.8177270955306559,0
-5.542331,33,9172.725576,-100.0,-0.8127911076681547,0
-5.35663,33,9173.291803,-100.0,-0.8743290598391892,0
-5.531246,34,9173.876444,-100.0,-0.7489512511145876,0
-5.849115,33,9174.444989,-100.0,-0.7156830246490096,0
-5.54535,33,9174.995614,-100.0,-0.7241453373348845,0
-5.685635,40,9175.682928,-100.0,-0.6509344500782694,0
-5.290265,32,9176.231558,-100.0,-0.8605831785146375,0
-5.608519,33,9176.796406,-100.0,-0.7634780115223504,0
-5.555585,33,9177.355989,-100.0,-0.763119719756615,0
-5.777754,33,9177.91059,-100.0,-0.6682377826605829,0
-5.253959,32,9178.462386,-100.0,-0.7277628775989401,0
-5.535321,33,9179.02678,-100.0,-0.699338836347643,0
-5.969227,41,9179.72497,-100.0,-0.7434802178559615,0
-5.920077,35,9180.322524,-100.0,-0.6727407017377716,0
-5.304987,33,9180.882709,-100.0,-0.8048576883127,0
-5.498891,33,9181.447441,-100.0,-0.7411600686584421,0
-5.802408,33,9182.009988,-100.0,-0.6304997729085525,0
-5.496834,33,9182.562483,-100.0,-0.7786208784207868,0
-5.81941,34,9183.151546,-100.0,-0.7303034424345792,0
-5.432205,33,9183.723913,-100.0,-0.8293652459407367,0
-5.325113,33,9184.281906,-100.0,-0.7886261984743903,0
-5.45018,32,9184.83094,-100.0,-0.8209380668729623,0
-5.560452,35,9185.438195,-100.0,-0.7679082764182035,0
-5.949408,40,9186.113197,-100.0,-0.7491131491346764,0
-5.204826,32,9186.659134,-100.0,-0.8432843448800869,0
-6.207594,33,9187.225408,-100.0,-0.6588998487678205,0
-5.52104,33,9187.785981,-100.0,-0.733224285349585,0
-5.308295,33,9188.355797,-100.0,-0.8329270189579243,0
-5.694461,32,9188.896563,-100.0,-0.7840721798752596,0
-5.803118,39,9189.552355,-100.0,-0.6670187999340035,0
-5.971422,33,9190.109564,-100.0,-0.6653611395149153,0
-5.752079,34,9190.692433,-100.0,-0.6774888709229082,0
-5.637677,32,9191.240649,-100.0,-0.7437883866840264,0
-5.634151,35,9191.837503,-100.0,-0.7281739125074447,0
-5.530192,34,9192.421172,-100.0,-0.7660239196521405,0
-5.445447,34,9193.006353,-100.0,-0.7780608412594678,0
-6.454806,37,9193.647941,-100.0,-0.6592719417712561,0
-5.422718,34,9194.218692,-100.0,-0.7648376416868122,0
-5.416286,33,9194.787325,-100.0,-0.8326013438330103,0
-5.485064,35,9195.382079,-100.0,-0.7283006377420838,0
-5.904397,33,9195.947685,-100.0,-0.6513269524485792,0
-5.865319,34,9196.520246,-100.0,-0.6874624996544878,0
-5.961538,33,9197.081212,-100.0,-0.6929638100903882,0
-5.70037,33,9197.654181,-100.0,-0.7225551242650957,0
-5.680696,39,9198.317002,-100.0,-0.778305903996542,0
-5.999174,34,9198.891913,-100.0,-0.6826603883088073,0
-5.452693,32,9199.442926,-100.0,-0.7647832695834937,0
-5.551406,35,9200.035112,-100.0,-0.8607644065511858,0
-5.44735,32,9200.57316,-100.0,-0.8285521030490645,0
-5.745335,34,9201.159276,-100.0,-0.6968547079436758,0
-5.698459,33,9201.724377,-100.0,-0.7112192493068914,0
-5.847285,34,9202.308202,-100.0,-0.6980675487624433,0
-5.803228,33,9202.869269,-100.0,-0.6940624350206699,0
-5.740298,33,9203.426089,-100.0,-0.7657893004830248,0
-5.814608,32,9203.980167,-100.0,-0.7740895099247278,0
-5.399752,32,9204.521866,-100.0,-0.8873606110329917,0
-5.432151,33,9205.093329,-100.0,-0.8732820273142942,0
-5.646267,34,9205.681893,-100.0,-0.7943240525683853,0
-5.364065,32,9323.254477,-100.0,-0.8245472874984494,0
-5.756927,34,9323.837775,-100.0,-0.7235127874473907,0
-5.782643,33,9324.401156,-100.0,-0.6974357394386138,0
-6.217164,34,9324.985067,-100.0,-0.6313554642191547,0
-5.572904,33,9325.547585,-100.0,-0.7478546496769387,0
-6.075154,41,9326.235349,-100.0,-0.6443136413020147,0
-5.603747,33,9326.797626,-100.0,-0.7566119711527468,0
-5.644236,33,9327.367288,-100.0,-0.7060935160317544,0
-5.23762,32,9327.913761,-100.0,-0.8401707539183655,0
-5.544666,33,9328.486851,-100.0,-0.795772909685573,0
-5.594643,40,9329.161123,-100.0,-0.727784381709738,0
-5.939391,33,9329.72564,-100.0,-0.7191800488207188,0
-5.626081,32,9330.271607,-100.0,-0.8045444032331062,0
-5.739848,33,9330.838729,-100.0,-0.6973831890112522,0
-5.35587,33,9331.404731,-100.0,-0.7624735112847084,0
-5.766729,33,9331.96754,-100.0,-0.6853658622085379,0
-5.570232,34,9332.545497,-100.0,-0.8268031774161713,0
-6.002057,36,9333.161632,-100.0,-0.665045423009857,0
-5.250747,33,9333.733462,-100.0,-0.8045188573119446,0
-5.338479,33,9334.298112,-100.0,-0.8210510536197664,0
-5.854271,33,9334.865484,-100.0,-0.6443816365050887,0
-5.782643,34,9335.443151,-100.0,-0.65202077772093,0
-5.469935,33,9336.013256,-100.0,-0.7722356183630369,0
-5.709715,33,9336.574947,-100.0,-0.6441392112720539,0
-5.729771,33,9337.138896,-100.0,-0.6970224777960958,0
-5.99404,34,9337.715814,-100.0,-0.6660391787506028,0
-5.396817,32,9338.266215,-100.0,-0.8549427554190802,0
-5.977373,33,9338.828053,-100.0,-0.6813940352931518,0
-5.413948,34,9339.404539,-100.0,-0.7777417786151453,0
-5.714697,34,9339.981744,-100.0,-0.6371836835207447,0
-5.435065,33,9340.545735,-100.0,-0.8175168786517937,0
-5.477939,32,9341.098252,-100.0,-0.7291640865102806,0
-5.381664,32,9341.65118,-100.0,-0.8432875482345948,0
-5.696812,33,9342.210392,-100.0,-0.763169857216478,0
-6.021648,33,9342.77674,-100.0,-0.6413881794759541,0
-5.525926,34,9343.35872,-100.0,-0.7715055266750663,0
-5.312018,32,9343.913774,-100.0,-0.8329610910037781,0
-5.628726,40,9344.591796,-100.0,-0.7561951417201445,0
-5.692845,35,9345.18325,-100.0,-0.6839281019935921,0
-5.323359,32,9345.737622,-100.0,-0.8228956973581473,0
-5.64883,34,9346.3124,-100.0,-0.6356532582095826,0
-5.482449,33,9346.882932,-100.0,-0.7335816602767935,0
-5.841051,35,9347.467624,-100.0,-0.677896694839752,0
-5.377218,32,9348.021066,-100.0,-0.827236936468787,0
-5.345613,32,9348.563872,-100.0,-0.8825136502575652,0
-5.467963,33,9349.126089,-100.0,-0.7700638275965804,0
-5.438766,33,9349.69375,-100.0,-0.7468317661696479,0
-5.824326,34,9350.275658,-100.0,-0.7103026547093312,0
-5.935165,34,9350.853975,-100.0,-0.6843105261417797,0
-5.531067,32,9351.391519,-100.0,-0.77752052011727,0
-5.301575,32,9351.932583,-100.0,-0.864648422269318,0
-5.485757,33,9352.501434,-100.0,-0.8216263054943103,0
-5.276796,32,9353.046161,-100.0,-0.8847802992509383,0
-5.796456,33,9353.620237,-100.0,-0.7591046606793688,0
-5.666134,34,9354.203022,-100.0,-0.6940020398319677,0
-5.705876,33,9354.764562,-100.0,-0.6814733719499001,0
-5.381597,32,9355.314671,-100.0,-0.7737265516413486,0
-5.535611,33,9355.877488,-100.0,-0.7431121542771166,0
-5.658106,33,9356.448645,-100.0,-0.7138894098691733,0
-5.867295,34,9357.023977,-100.0,-0.6693873360371639,0
-5.547165,33,9357.594012,-100.0,-0.681145458651393,0
-6.131442,35,9473.081679,-100.0,-0.6798080581334067,0
-5.541561,34,9473.646196,-100.0,-0.727727399255032,0
-5.677554,33,9474.213181,-100.0,-0.7622685216743381,0
-5.930826,33,9474.774466,-100.0,-0.6818967103072541,0
-5.57754,34,9475.354661,-100.0,-0.6907036284759529,0
-5.722594,33,9475.916301,-100.0,-0.7301277483742868,0
-5.504892,33,9476.481861,-100.0,-0.6933721046877994,0
-5.29971,33,9477.043433,-100.0,-0.8624361998079364,0
-5.647495,34,9477.625812,-100.0,-0.727928915920163,0
-5.764964,34,9478.212942,-100.0,-0.642230526489253,0
-5.366284,32,9478.757975,-100.0,-0.8304529314355131,0
-5.764487,33,9479.32102,-100.0,-0.6969797851697171,0
-5.521764,33,9479.883674,-100.0,-0.8567498209748119,0
-5.499836,38,9480.530094,-100.0,-0.7881780024248276,0
-5.592924,33,9481.085613,-100.0,-0.7273765933264422,0
-5.096181,32,9481.638464,-100.0,-0.845183085633143,0
-5.770144,34,9482.216555,-100.0,-0.6722952807368007,0
-5.469789,33,9482.780392,-100.0,-0.8307776904019807,0
-5.317401,33,9483.347961,-100.0,-0.7742332730131227,0
-5.82729,34,9483.915856,-100.0,-0.7331452125985685,0
-5.605319,33,9484.489384,-100.0,-0.7784156598430381,0
-5.983539,33,9485.052688,-100.0,-0.7095278544728724,0
-5.537675,33,9485.626738,-100.0,-0.806758517017118,0
-5.492505,36,9486.225991,-100.0,-0.890389987009894,0
-5.546689,32,9486.780326,-100.0,-0.7435166665443221,0
-5.585326,32,9487.3289,-100.0,-0.8243642340107491,0
-5.773916,34,9487.905239,-100.0,-0.6826737746051339,0
-5.729018,33,9488.471724,-100.0,-0.6799844058105136,0
-5.233476,32,9489.021374,-100.0,-0.9016433237812391,0
-5.892523,33,9489.586069,-100.0,-0.7448711219581459,0
-5.710637,39,9490.239832,-100.0,-0.6888414027825208,0
-5.848515,33,9490.812378,-100.0,-0.709934047814911,0
-5.29477,33,9491.371045,-100.0,-0.698946088746167,0
-5.512998,32,9491.921137,-100.0,-0.7940687784817799,0
-5.519681,34,9492.495296,-100.0,-0.8254609660084328,0
-5.660829,33,9493.057105,-100.0,-0.7413906516123542,0
-6.07292,33,9493.622392,-100.0,-0.6831330525569763,0
-5.65973,35,9494.217992,-100.0,-0.6777053125548483,0
-5.106203,31,9494.744118,-100.0,-0.875166591558262,0
-5.684548,33,9495.312137,-100.0,-0.6062756026678557,0
-5.297776,32,9495.868259,-100.0,-0.8706173993641997,0
-5.674875,33,9496.432363,-100.0,-0.6828321092200583,0
-5.601997,34,9497.00252,-100.0,-0.7320479518669605,0
-5.503921,33,9497.773381,-100.0,-0.702347144952468,0
-5.340987,33,9498.332966,-100.0,-0.7713343526684102,0
-6.326184,37,9498.973308,-100.0,-0.6496277017871376,0
-5.807214,33,9499.538248,-100.0,-0.7042951150021718,0
-5.425065,32,9500.082238,-100.0,-0.9333020721228684,0
-5.479734,34,9500.655867,-100.0,-0.7880561215881546,0
-5.764061,33,9501.229182,-100.0,-0.7729769545471404,0
-5.758199,33,9501.791184,-100.0,-0.7068760464750593,0
-6.112505,34,9502.374951,-100.0,-0.6284691399146494,0
-5.841904,33,9502.930922,-100.0,-0.6645635931397534,0
-5.487789,34,9503.509236,-100.0,-0.7676517140019623,0
-5.339592,33,9504.069869,-100.0,-0.799748500491458,0
-5.588738,33,9504.640297,-100.0,-0.6831407432772503,0
-5.467345,33,9505.20237,-100.0,-0.7630473432903225,0
-5.731981,33,9505.761125,-100.0,-0.7343404911916755,0
-5.627299,33,9506.331297,-100.0,-0.7021328651980894,0
-5.671147,34,9506.896864,-100.0,-0.6337059079225517,0
-5.662261,33,9507.468605,-100.0,-0.7200556806986372,0
-5.805675,33,9624.292922,-100.0,-0.6946471448682503,0
-5.515862,35,9624.894083,-100.0,-0.7677095664906396,0
-5.365621,32,9625.441775,-100.0,-0.7987976696365606,0
-5.469395,33,9626.009027,-100.0,-0.6608487046590452,0
-5.345386,34,9626.590013,-100.0,-0.8022358888993446,0
-5.632032,38,9627.230551,-100.0,-0.7520957705771985,0
-5.631311,34,9627.820412,-100.0,-0.7453212071784197,0
-5.286841,32,9628.364091,-100.0,-0.8694090463034467,0
-5.582588,33,9628.922433,-100.0,-0.7584760910918091,0
-5.255854,33,9629.494894,-100.0,-0.8446537103531393,0
-5.546931,33,9630.059271,-100.0,-0.7818042513805898,0
-5.5606,33,9630.617795,-100.0,-0.7372177722165361,0
-5.881136,35,9631.209971,-100.0,-0.6738249540409763,0
-5.440606,33,9631.774378,-100.0,-0.8494448753999714,0
-5.260518,33,9632.334941,-100.0,-0.8295026294025529,0
-5.593309,33,9632.906863,-100.0,-0.7862853458166553,0
-5.920922,36,9633.528017,-100.0,-0.6669058541467775,0
-5.417527,33,9634.094696,-100.0,-0.7885750003214299,0
-5.737227,34,9634.671188,-100.0,-0.7141263320958932,0
-5.908578,34,9635.25398,-100.0,-0.6179765866028247,0
-5.474031,34,9635.82877,-100.0,-0.749797427000741,0
-5.471575,33,9636.391212,-100.0,-0.8028157068159174,0
-5.410201,33,9636.962331,-100.0,-0.7824373427941634,0
-5.214193,33,9637.527825,-100.0,-0.7884802639798895,0
-6.069717,34,9638.115914,-100.0,-0.7033088058268863,0
-5.284473,32,9638.667128,-100.0,-0.7710658697191732,0
-5.801104,33,9639.230763,-100.0,-0.6473917617675954,0
-5.403798,34,9639.802648,-100.0,-0.86669298471579,0
-5.748151,37,9640.435258,-100.0,-0.7366780810302397,0
-5.481399,33,9640.994746,-100.0,-0.783345941658493,0
-5.170103,33,9641.559184,-100.0,-0.8443241869708522,0
-5.630059,42,9642.27346,-100.0,-0.7583176000115605,0
-5.995777,34,9642.848159,-100.0,-0.7024121032762177,0
-5.570169,32,9643.40168,-100.0,-0.8435356851476937,0
-5.460969,33,9643.960088,-100.0,-0.7623452159296925,0
-5.314918,32,9644.504838,-100.0,-0.8011510814592252,0
-5.635641,40,9645.174562,-100.0,-0.7868372986267909,0
-5.26937,33,9645.733878,-100.0,-0.8572673861048145,0
-5.829686,34,9646.325217,-100.0,-0.6894291458295498,0
-5.838954,34,9646.904961,-100.0,-0.6826565930111088,0
-5.848481,33,9647.465729,-100.0,-0.6255783261785332,0
-5.763352,33,9648.031054,-100.0,-0.6845581035098808,0
-5.407824,33,9648.593707,-100.0,-0.762464696233089,0
-5.779052,34,9649.175948,-100.0,-0.6471282469105144,0
-5.589065,39,9649.836769,-100.0,-0.7333006766803268,0
-5.897318,36,9650.452396,-100.0,-0.66293422356756,0
-5.341656,33,9651.014687,-100.0,-0.7770985655951101,0
-5.81953,33,9651.582318,-100.0,-0.72705530814266,0
-5.328351,32,9652.121541,-100.0,-0.840565487286958,0
-5.537237,34,9652.704322,-100.0,-0.7503416409341566,0
-5.425772,33,9653.267047,-100.0,-0.7182498445454327,0
-5.642583,33,9653.821071,-100.0,-0.6918704239734069,0
-5.281421,32,9654.378462,-100.0,-0.8674472247809456,0
-5.619418,33,9654.937387,-100.0,-0.7690263038804444,0
-5.969259,34,9655.51865,-100.0,-0.7444482928161669,0
-5.774431,33,9656.081219,-100.0,-0.7004381705778254,0
-5.691865,41,9656.789997,-100.0,-0.7064556966280098,0
-5.973168,34,9657.357112,-100.0,-0.6578495558633959,0
-5.758782,34,9657.945443,-100.0,-0.7045216706159327,0
-5.396333,36,9658.563346,-100.0,-0.8577020535071973,0
-5.663619,33,9659.126505,-100.0,-0.7197363208538353,0
-5.429048,34,9773.919609,-100.0,-0.7515121222185581,0
-5.57082,33,9774.485604,-100.0,-0.8067216128278029,0
-5.477803,33,9775.040418,-100.0,-0.7946711411032229,0
-5.664394,35,9775.643,-100.0,-0.6762044192412741,0
-5.471056,33,9776.194186,-100.0,-0.7454336895691338,0
-5.595877,33,9776.766467,-100.0,-0.7533830144807457,0
-5.821916,33,9777.319537,-100.0,-0.6677270785358667,0
-5.528862,34,9777.913086,-100.0,-0.7338129711133485,0
-5.590269,34,9778.495952,-100.0,-0.6940021777425889,0
-5.310994,32,9779.042263,-100.0,-0.8386577906253702,0
-6.157614,35,9779.643245,-100.0,-0.644869413823786,0
-5.375971,33,9780.212929,-100.0,-0.7911884142404058,0
-5.560497,33,9780.770345,-100.0,-0.7423508843426367,0
-5.728125,33,9781.330334,-100.0,-0.6596176547818273,0
-5.740471,33,9781.884954,-100.0,-0.6704324570908544,0
-5.664432,33,9782.451433,-100.0,-0.6639910579757671,0
-5.318748,32,9783.006016,-100.0,-0.8078230037787807,0
-5.709243,33,9783.567739,-100.0,-0.7011092869544163,0
-5.536716,33,9784.123376,-100.0,-0.7990519175702555,0
-5.816016,34,9784.708473,-100.0,-0.7043233990906939,0
-5.408164,36,9785.339971,-100.0,-0.7565146434766025,0
-5.896157,34,9785.913291,-100.0,-0.6509768436905516,0
-5.879196,35,9786.519317,-100.0,-0.6093146430047268,0
-5.508784,34,9787.102168,-100.0,-0.7645772147662598,0
-5.343251,32,9787.654555,-100.0,-0.8819002326743035,0
-5.579193,36,9788.266437,-100.0,-0.7484578072905537,0
-5.420498,32,9788.818215,-100.0,-0.8168600188950552,0
-5.25603,33,9789.380319,-100.0,-0.8365813718644571,0
-5.669722,33,9789.944203,-100.0,-0.6973386909256893,0
-5.692234,34,9790.526201,-100.0,-0.7408330242138524,0
-5.307135,33,9791.085919,-100.0,-0.8018447354211607,0
-5.306449,33,9791.659625,-100.0,-0.8492155618875061,0
-5.433444,33,9792.214859,-100.0,-0.7789092100578292,0
-5.264714,33,9792.785214,-100.0,-0.7639441805430517,0
-5.123943,32,9793.337283,-100.0,-0.8809502545745813,0
-5.838971,33,9793.902509,-100.0,-0.6462698041146424,0
-5.505604,33,9794.468165,-100.0,-0.7413538546343061,0
-5.656486,37,9795.089696,-100.0,-0.7935409503338768,0
-5.636471,33,9795.666585,-100.0,-0.7157316846350167,0
-5.575956,33,9796.233839,-100.0,-0.6919756005861548,0
-5.924149,33,9796.79494,-100.0,-0.6913933925935666,0
-5.653781,34,9797.372306,-100.0,-0.6669473942831591,0
-5.764599,33,9797.942986,-100.0,-0.7723657551566643,0
-6.203278,51,9798.801928,-100.0,-0.6895507952142156,0
-5.641898,33,9799.36158,-100.0,-0.6783565517684796,0
-5.605986,34,9799.953948,-100.0,-0.7399105021683214,0
-5.695506,35,9800.562709,-100.0,-0.758349897227517,0
-5.473056,34,9801.140673,-100.0,-0.7748629676578959,0
-5.562313,33,9801.70543,-100.0,-0.7236757054371792,0
-5.272188,32,9802.253326,-100.0,-0.8434382411122362,0
-5.566518,33,9802.821545,-100.0,-0.6505629017173199,0
-5.803517,33,9803.377592,-100.0,-0.6937849731567175,0
-5.858877,37,9804.024611,-100.0,-0.7748039392309821,0
-5.316709,33,9804.577683,-100.0,-0.8412085255200568,0
-6.007061,33,9805.142502,-100.0,-0.6836400435793217,0
-5.874965,37,9805.770945,-100.0,-0.7119829965949986,0
-5.784592,33,9806.334333,-100.0,-0.6743859357008073,0
-5.544338,34,9806.919467,-100.0,-0.6998781133342252,0
-5.43906,33,9807.483049,-100.0,-0.6786433242239776,0
-5.558899,39,9808.152298,-100.0,-0.7510194775809639,0
-5.219578,32,9924.922639,-100.0,-0.7858973241279581,0
-5.258469,32,9925.462113,-100.0,-0.8066878084301626,0
-5.961152,35,9926.067659,-100.0,-0.6416062602717711,0
-5.274646,33,9926.634573,-100.0,-0.8100709206627431,0
-5.386116,37,9927.262846,-100.0,-0.8039769203542738,0
-5.425794,35,9927.8739,-100.0,-0.6839911803365913,0
-5.51239,33,9928.440006,-100.0,-0.7497750266572272,0
-5.663163,33,9929.010618,-100.0,-0.6177677857042342,0
-5.739883,34,9929.58724,-100.0,-0.7233503841310125,0
-5.83128,33,9930.150069,-100.0,-0.6557943969904853,0
-5.547233,35,9930.746323,-100.0,-0.7631251045970103,0
-5.431827,33,9931.318733,-100.0,-0.8392746683398307,0
-5.89222,33,9931.883919,-100.0,-0.6645819687525506,0
-5.719647,34,9932.470184,-100.0,-0.6814331527889929,0
-5.567957,33,9933.032402,-100.0,-0.6800480867980904,0
-5.772288,34,9933.62047,-100.0,-0.6712055422698688,0
-5.788438,34,9934.20433,-100.0,-0.7317238752205023,0
-5.609827,32,9934.744796,-100.0,-0.7317793147274196,0
-5.926105,33,9935.308957,-100.0,-0.6395606957338024,0
-6.051886,35,9935.905161,-100.0,-0.6875962526252176,0
-5.840753,37,9936.546007,-100.0,-0.7194443492968967,0
-5.70394,33,9937.108299,-100.0,-0.6334080635383292,0
-5.206723,32,9937.661741,-100.0,-0.8538928680774871,0
-5.743523,33,9938.228121,-100.0,-0.6907898142408023,0
-5.41281,33,9938.795254,-100.0,-0.7632080950104007,0
-5.367813,33,9939.354956,-100.0,-0.8184386319358976,0
-5.540045,37,9939.990729,-100.0,-0.7087307169055906,0
-5.270034,33,9940.550541,-100.0,-0.8327782182906701,0
-5.556082,33,9941.120818,-100.0,-0.7182349533214427,0
-5.742254,33,9941.682296,-100.0,-0.6672179837373419,0
-5.562989,33,9942.244724,-100.0,-0.7225799315912251,0
-5.300987,33,9942.810331,-100.0,-0.7918262903972723,0
-5.599286,34,9943.396539,-100.0,-0.7340223816559756,0
-5.842539,33,9943.955328,-100.0,-0.6383951463988985,0
-5.553388,33,9944.720023,-100.0,-0.723440232419302,0
-5.385619,32,9945.266977,-100.0,-0.8072790537294942,0
-5.64356,33,9945.827291,-100.0,-0.7318427530964412,0
-5.594492,34,9946.417058,-100.0,-0.7328980219656279,0
-5.17042,32,9946.968066,-100.0,-0.8255780110624837,0
-5.54445,33,9947.532995,-100.0,-0.727022318358168,0
-5.347942,32,9948.078892,-100.0,-0.7376856648690602,0
-5.225654,32,9948.630975,-100.0,-0.8417987435751191,0
-5.450145,34,9949.221535,-100.0,-0.685255760242542,0
-5.617597,34,9949.7842,-100.0,-0.7116512941179512,0
-5.573505,34,9950.373591,-100.0,-0.7861169717263924,0
-5.880307,33,9950.944566,-100.0,-0.6240286938920636,0
-5.298106,33,9951.509504,-100.0,-0.7712463161598441,0
-5.565388,34,9952.087169,-100.0,-0.7329039437239067,0
-5.272514,32,9952.63624,-100.0,-0.8684293247999973,0
-5.669009,33,9953.199103,-100.0,-0.674891444438216,0
-5.360976,33,9953.765656,-100.0,-0.7235333529949866,0
-5.78395,33,9954.336386,-100.0,-0.7175248605766418,0
-5.634698,33,9954.900945,-100.0,-0.749895743033206,0
-5.888207,34,9955.473647,-100.0,-0.6312846167641403,0
-5.894587,34,9956.053383,-100.0,-0.6749155336695682,0
-5.182926,32,9956.601045,-100.0,-0.8095590030292441,0
-5.872483,33,9957.176146,-100.0,-0.7273661574240482,0
-5.086741,33,9957.743271,-100.0,-0.8471777810674794,0
-5.360428,33,9958.305557,-100.0,-0.7564431474196671,0
-5.501048,34,9958.887415,-100.0,-0.678772384830756,0
-5.838611,35,9959.488405,-100.0,-0.8811097646076662,0
-5.939791,39,10078.183033,-100.0,-0.6908847971955526,0
-5.612521,33,10078.736068,-100.0,-0.7134064100549449,0
-5.301508,33,10079.30636,-100.0,-0.8178765232132531,0
-5.455944,33,10079.856576,-100.0,-0.8190170976598895,0
-5.79691,34,10080.442979,-100.0,-0.6952217094777666,0
-5.956905,34,10081.02502,-100.0,-0.707536732381994,0
-5.849313,33,10081.596695,-100.0,-0.6999355100532727,0
-5.781398,34,10082.162481,-100.0,-0.6931541255087839,0
-5.61114,33,10082.725654,-100.0,-0.6516399960060781,0
-5.398124,33,10083.292169,-100.0,-0.7930952976659569,0
-5.523451,34,10083.87132,-100.0,-0.6949988885360666,0
-5.429353,34,10084.448321,-100.0,-0.746902404491291,0
-5.701512,33,10085.003199,-100.0,-0.7892197205475846,0
-5.858817,34,10085.590139,-100.0,-0.6377652921272438,0
-5.450009,32,10086.135221,-100.0,-0.7674088895131469,0
-5.645545,33,10086.704453,-100.0,-0.6471029160265,0
-5.344775,33,10087.260847,-100.0,-0.8154656422733382,0
-5.344901,33,10087.815288,-100.0,-0.6925875216445404,0
-5.651252,33,10088.373041,-100.0,-0.6751159991015674,0
-6.035484,34,10088.956649,-100.0,-0.68924430888257,0
-5.856303,33,10089.524089,-100.0,-0.6954661011086439,0
-5.24461,34,10090.103498,-100.0,-0.8117119452801281,0
-5.423618,33,10090.667792,-100.0,-0.7471353031069891,0
-5.676605,34,10091.25011,-100.0,-0.6332679907628237,0
-5.932695,34,10091.81958,-100.0,-0.6610818612959726,0
-5.165685,32,10092.358716,-100.0,-0.8009786731923542,0
-5.692832,33,10092.922254,-100.0,-0.7254514704689431,0
-5.399716,33,10093.478189,-100.0,-0.8066327284585908,0
-5.566152,33,10094.047437,-100.0,-0.7192263024762873,0
-5.608746,33,10094.606441,-100.0,-0.7030435515706689,0
-5.341376,34,10095.186807,-100.0,-0.7765530831688022,0
-5.53574,33,10095.747149,-100.0,-0.7061291161423053,0
-5.759611,33,10096.306446,-100.0,-0.65907969298176,0
-5.712688,33,10096.873046,-100.0,-0.6290265864761115,0
-5.325772,34,10097.443374,-100.0,-0.7577762029767268,0
-5.406769,33,10097.999599,-100.0,-0.7361164209453438,0
-5.618983,33,10098.55759,-100.0,-0.6886070442024302,0
-5.614799,33,10099.126289,-100.0,-0.7549907222898214,0
-5.273135,33,10099.69687,-100.0,-0.7873934658396334,0
-5.77172,33,10100.258107,-100.0,-0.607951644089471,0
-5.507665,34,10100.834972,-100.0,-0.6893807675736927,0
-5.719222,36,10101.456635,-100.0,-0.7582355849038089,0
-5.556915,36,10102.07022,-100.0,-0.6709589580609696,0
-6.023287,34,10102.642685,-100.0,-0.6394172103434552,0
-5.308614,32,10103.190917,-100.0,-0.8504692603641386,0
-5.435786,33,10103.748202,-100.0,-0.7877049039134915,0
-5.423273,33,10104.318631,-100.0,-0.6837527708844519,0
-5.028199,33,10104.882167,-100.0,-0.8185689738881989,0
-5.36525,33,10105.45167,-100.0,-0.8124394749484314,0
-5.38558,33,10106.010649,-100.0,-0.8245852538872943,0
-5.513863,33,10106.576727,-100.0,-0.6766012759420991,0
-5.902774,36,10107.190926,-100.0,-0.7931948061610709,0
-5.22219,33,10107.756935,-100.0,-0.8114089740361716,0
-5.674085,34,10108.342861,-100.0,-0.6503386301169687,0
-5.663157,35,10108.93695,-100.0,-0.6699556741157846,0
-5.544105,33,10109.503573,-100.0,-0.7410704569526686,0
-5.21729,33,10110.063471,-100.0,-0.756169299070292,0
-5.437335,32,10110.619853,-100.0,-0.7777845130219944,0
-5.683089,34,10111.196871,-100.0,-0.7497206155077955,0
-5.681485,33,10111.756737,-100.0,-0.6605757557807969,0
-5.370979,33,10112.326011,-100.0,-0.7734155263837413,0
-5.408255,40,10215.122709,-100.0,-0.7795126106619343,0
-5.408439,35,10215.720635,-100.0,-0.7670028511897193,0
-5.694494,34,10216.307167,-100.0,-0.6960329686113222,0
-5.168889,32,10216.840141,-100.0,-0.8523037307969226,0
-5.450282,34,10217.425548,-100.0,-0.7211615588491648,0
-5.477848,33,10217.990862,-100.0,-0.7859714660241851,0
-5.898211,34,10218.575248,-100.0,-0.6978592268497443,0
-5.545844,34,10219.157032,-100.0,-0.6846460963091755,0
-5.460505,33,10219.733808,-100.0,-0.721741220010311,0
-5.43589,33,10220.280812,-100.0,-0.7120684894362077,0
-5.856671,36,10220.904221,-100.0,-0.725220933774374,0
-5.447183,33,10221.466633,-100.0,-0.8100016366950281,0
-5.58924,34,10222.049215,-100.0,-0.6926719563973657,0
-5.812791,34,10222.639627,-100.0,-0.6800901780827211,0
-5.580433,34,10223.21176,-100.0,-0.6859270232989838,0
-5.373934,33,10223.782338,-100.0,-0.7033766995650667,0
-5.48013,33,10224.345159,-100.0,-0.7818059013113126,0
-5.655735,33,10224.906866,-100.0,-0.6575213860273157,0
-5.629032,34,10225.474134,-100.0,-0.7078125714941084,0
-5.752987,34,10226.057194,-100.0,-0.7048063560053947,0
-5.859659,34,10226.632012,-100.0,-0.6895447389672867,0
-5.729422,33,10227.19942,-100.0,-0.6863970839438888,0
-5.642781,33,10227.768529,-100.0,-0.7600416780940138,0
-5.590274,33,10228.336159,-100.0,-0.6502354883140833,0
-5.394356,33,10228.901963,-100.0,-0.8122531652922239,0
-5.578039,38,10229.537783,-100.0,-0.7238911024334227,0
-5.307849,32,10230.089333,-100.0,-0.8312748954029993,0
-5.32285,33,10230.655545,-100.0,-0.7973951236039213,0
-5.501131,35,10231.257557,-100.0,-0.7606389554874374,0
-5.175059,32,10231.800873,-100.0,-0.829273453701036,0
-5.770824,34,10232.38615,-100.0,-0.6647295961277929,0
-5.437621,33,10232.951045,-100.0,-0.7258990384746711,0
-5.170393,33,10233.51236,-100.0,-0.8171236677431967,0
-5.939689,34,10234.094534,-100.0,-0.5998889759141663,0
-5.527028,33,10234.660551,-100.0,-0.7673146083121205,0
-5.513614,33,10235.216322,-100.0,-0.7025542092695353,0
-5.526045,33,10235.782768,-100.0,-0.696642285741924,0
-5.349475,33,10236.351591,-100.0,-0.8322952216713921,0
-5.711357,33,10236.928207,-100.0,-0.7823269635987496,0
-5.765275,33,10237.488945,-100.0,-0.6869650562782809,0
-5.822559,36,10238.108137,-100.0,-0.691839122101796,0
-5.523146,39,10238.759865,-100.0,-0.8433546226158534,0
-5.523693,33,10239.321434,-100.0,-0.6400639425877084,0
-5.698146,33,10239.880577,-100.0,-0.769057637921045,0
-5.797359,36,10240.49736,-100.0,-0.731437715173527,0
-5.700863,35,10241.096534,-100.0,-0.7015394539781001,0
-5.556601,33,10241.655651,-100.0,-0.6858688783139179,0
-5.316641,32,10242.207289,-100.0,-0.8148052483292091,0
-5.914373,34,10242.788462,-100.0,-0.6682194050619195,0
-5.164168,33,10243.364163,-100.0,-0.7564269206996281,0
-5.430005,34,10243.94007,-100.0,-0.8011853520355072,0
-5.795972,33,10244.509291,-100.0,-0.7442900716415165,0
-5.39357,33,10245.064854,-100.0,-0.7121251910187264,0
-5.178536,32,10245.603479,-100.0,-0.8097156612870771,0
-5.283375,32,10246.144858,-100.0,-0.8299420577591352,0
-5.944973,36,10246.762588,-100.0,-0.6545209106186839,0
-5.857708,34,10247.336871,-100.0,-0.685650954911304,0
-5.279832,33,10247.897507,-100.0,-0.8709071868002343,0
-5.760765,37,10248.532634,-100.0,-0.7380729252986038,0
-5.5518,33,10249.099135,-100.0,-0.6905102916780682,0
-5.429249,34,10249.68413,-100.0,-0.7602156167538658,0
-5.304842,34,10352.299618,-100.0,-0.7656731571832722,0
-5.554871,33,10352.857827,-100.0,-0.7182779790019991,0
-5.685023,34,10353.442644,-100.0,-0.6884298980629847,0
-5.785138,34,10354.018007,-100.0,-0.6732302441697756,0
-5.863035,35,10354.618339,-100.0,-0.62428578998097,0
-5.445967,33,10355.182826,-100.0,-0.773029200100776,0
-5.268379,32,10355.720526,-100.0,-0.8314278195824751,0
-5.917518,35,10356.325248,-100.0,-0.6355901228062131,0
-5.707633,33,10356.886688,-100.0,-0.7028163617756568,0
-5.689521,33,10357.44183,-100.0,-0.6768631424668707,0
-5.675564,33,10358.000489,-100.0,-0.6943363105765419,0
-5.66577,35,10358.617157,-100.0,-0.6790314776096024,0
-5.670524,33,10359.167537,-100.0,-0.6859311285627978,0
-5.63812,33,10359.733297,-100.0,-0.72136471694812,0
-5.695402,33,10360.285678,-100.0,-0.7179872638066974,0
-5.202,33,10360.854668,-100.0,-0.8145309017681952,0
-5.752169,33,10361.416198,-100.0,-0.7361384811833168,0
-5.577622,33,10361.979734,-100.0,-0.7649527338057381,0
-5.314584,33,10362.537077,-100.0,-0.7322215016246479,0
-5.362902,32,10363.077893,-100.0,-0.8769716416254502,0
-5.54725,33,10363.636721,-100.0,-0.713985756958797,0
-5.761136,34,10364.22349,-100.0,-0.6898144340173298,0
-5.852211,33,10364.784342,-100.0,-0.6826595457285235,0
-5.331189,32,10365.321953,-100.0,-0.8507049855177945,0
-5.519141,32,10365.873503,-100.0,-0.7808630150742135,0
-5.866965,34,10366.655536,-100.0,-0.6987843706421198,0
-5.702952,34,10367.237987,-100.0,-0.664960352100909,0
-5.839666,33,10367.807873,-100.0,-0.6525015511380486,0
-5.857234,41,10368.517897,-100.0,-0.692903852436253,0
-5.516155,33,10369.079597,-100.0,-0.7165702562454517,0
-5.367476,33,10369.64468,-100.0,-0.7441748006227495,0
-5.475215,34,10370.225185,-100.0,-0.7384288714929915,0
-5.79076,38,10370.872535,-100.0,-0.7165011460394596,0
-5.376557,33,10371.445443,-100.0,-0.7544487046485473,0
-5.198318,33,10371.994133,-100.0,-0.8222208370663185,0
-5.420001,33,10372.561863,-100.0,-0.6767084420158245,0
-5.51798,34,10373.134523,-100.0,-0.6883773017445217,0
-5.230516,33,10373.697868,-100.0,-0.7812681989799936,0
-5.675197,33,10374.251618,-100.0,-0.6899152832959299,0
-5.617511,34,10374.82896,-100.0,-0.6972868317525185,0
-5.790042,34,10375.413442,-100.0,-0.6742213164429958,0
-5.912679,39,10376.075772,-100.0,-0.654621107643839,0
-5.652035,33,10376.645657,-100.0,-0.6664108439096319,0
-5.303866,33,10377.203002,-100.0,-0.7815724774985816,0
-5.323366,35,10377.800494,-100.0,-0.8261008264472062,0
-5.351084,32,10378.34959,-100.0,-0.7626150576035026,0
-5.508436,33,10378.89314,-100.0,-0.7488258280469672,0
-5.543346,35,10379.502281,-100.0,-0.6453785842807586,0
-5.360262,32,10380.035209,-100.0,-0.8019779693082798,0
-5.465031,33,10380.609424,-100.0,-0.775138909506721,0
-5.236655,32,10381.154265,-100.0,-0.8328127936212193,0
-5.200167,33,10381.723201,-100.0,-0.7703775059974819,0
-6.345579,46,10382.511895,-100.0,-0.8364652824601742,0
-5.378581,33,10383.07144,-100.0,-0.8157605918907255,0
-5.179124,33,10383.632951,-100.0,-0.8813967883577992,0
-5.633534,33,10384.192746,-100.0,-0.6856082524830093,0
-5.47062,33,10384.761109,-100.0,-0.7811538742272791,0
-5.923096,34,10385.32998,-100.0,-0.6478886948127849,0
-5.413938,33,10385.893506,-100.0,-0.7502300261147196,0
-5.768119,40,10386.584541,-100.0,-0.6707772485124193,0
-5.462457,34,10508.270986,-100.0,-0.7548958121061344,0
-5.253221,32,10508.819844,-100.0,-0.7653070309594973,0
-5.566396,33,10509.383719,-100.0,-0.6921078389029438,0
-5.447333,33,10509.945855,-100.0,-0.7695807853102795,0
-5.177144,32,10510.500955,-100.0,-0.8523901058632927,0
-5.469632,33,10511.062326,-100.0,-0.7561817676975964,0
-5.819353,34,10511.645545,-100.0,-0.6545511599088913,0
-5.392147,34,10512.218057,-100.0,-0.7824386419620195,0
-5.895232,33,10512.789571,-100.0,-0.651337713782751,0
-5.584402,34,10513.365485,-100.0,-0.7636788584459432,0
-5.361545,32,10513.924618,-100.0,-0.7822194349380981,0
-5.720175,34,10514.49282,-100.0,-0.6554944161237811,0
-5.853728,34,10515.079407,-100.0,-0.6234320067633998,0
-5.319883,33,10515.636119,-100.0,-0.7746476140601427,0
-5.782359,34,10516.214072,-100.0,-0.6726831926955072,0
-5.230073,36,10516.843708,-100.0,-0.8386277390593886,0
-5.468473,34,10517.425161,-100.0,-0.7352608959712688,0
-5.657912,33,10517.997031,-100.0,-0.6765834302535533,0
-5.743178,33,10518.556574,-100.0,-0.7167618364579479,0
-5.562374,34,10519.141242,-100.0,-0.6893648207102608,0
-5.844831,33,10519.713061,-100.0,-0.7074857950101914,0
-5.525537,38,10520.346414,-100.0,-0.7470795195245976,0
-5.435637,40,10521.040862,-100.0,-0.8050193290550465,0
-5.361568,35,10521.634502,-100.0,-0.918131028981486,0
-5.688133,33,10522.196175,-100.0,-0.6476015263466134,0
-5.244721,34,10522.789938,-100.0,-0.7971965079600998,0
-5.87942,36,10523.401003,-100.0,-0.6221563714485937,0
-5.723428,33,10523.968933,-100.0,-0.6414787144444924,0
-5.193202,32,10524.509496,-100.0,-0.863780485679868,0
-5.645436,34,10525.089735,-100.0,-0.7069224238177518,0
-5.608461,33,10525.643805,-100.0,-0.754367953618066,0
-5.711404,35,10526.243345,-100.0,-0.693204282407383,0
-5.294953,32,10526.782015,-100.0,-0.7577731713206899,0
-5.633392,33,10527.351384,-100.0,-0.6242867094650085,0
-5.537394,37,10527.991114,-100.0,-0.8553875725759271,0
-5.475708,33,10528.548384,-100.0,-0.7889916306452834,0
-5.412687,32,10529.100544,-100.0,-0.8089335684409692,0
-5.998407,33,10529.662515,-100.0,-0.6974647731461423,0
-5.081084,33,10530.231119,-100.0,-0.8050716679773806,0
-5.549559,33,10530.797355,-100.0,-0.7505989813112569,0
-5.386256,33,10531.372958,-100.0,-0.7638028905161978,0
-5.500792,33,10531.933527,-100.0,-0.7318068972968191,0
-5.465864,34,10532.524941,-100.0,-0.7433033445074502,0
-5.495587,33,10533.098544,-100.0,-0.736090077226101,0
-5.399591,32,10533.631058,-100.0,-0.8131777691863172,0
-5.361011,33,10534.206635,-100.0,-0.820534037472574,0
-5.788079,33,10534.765787,-100.0,-0.6892940450582279,0
-5.697946,34,10535.352448,-100.0,-0.6813942425444729,0
-5.716006,35,10535.951674,-100.0,-0.7251295441479375,0
-5.446636,34,10536.54189,-100.0,-0.8451035085482553,0
-5.354989,33,10537.101787,-100.0,-0.7753236670251623,0
-5.711646,34,10537.686266,-100.0,-0.6540552376314613,0
-5.43159,32,10538.227893,-100.0,-0.8068452846109267,0
-5.575434,45,10538.962293,-100.0,-0.7977211410296794,0
-5.556067,33,10539.526637,-100.0,-0.699152457420643,0
-5.670369,34,10540.102737,-100.0,-0.6825572387521848,0
-5.768333,35,10540.701445,-100.0,-0.6391324647236675,0
-5.441182,33,10541.263846,-100.0,-0.7845790802625947,0
-5.384198,33,10541.83538,-100.0,-0.7462089285725396,0
-5.685921,36,10542.441946,-100.0,-0.7729708690305492,0
-5.349775,33,10543.014877,-100.0,-0.6872282962699542,0
-5.721569,33,10668.085126,-100.0,-0.7147384768273908,0
-5.318871,32,10668.632636,-100.0,-0.8481160506795936,0
-5.229176,34,10669.213149,-100.0,-0.8443330789545874,0
-5.747279,34,10669.795444,-100.0,-0.6476902515203494,0
-5.658082,33,10670.363296,-100.0,-0.7077037602208138,0
-5.696656,35,10670.976399,-100.0,-0.6854255107736188,0
-5.461797,33,10671.534116,-100.0,-0.778896495676993,0
-5.609685,33,10672.102152,-100.0,-0.7580053770238584,0
-5.770452,34,10672.67821,-100.0,-0.6675517336032973,0
-5.346664,34,10673.265949,-100.0,-0.7329832930489081,0
-5.575841,34,10673.838144,-100.0,-0.6974646293979423,0
-5.914733,34,10674.421284,-100.0,-0.6524137128259958,0
-5.748474,33,10674.982509,-100.0,-0.6771248236681094,0
-5.402657,34,10675.568118,-100.0,-0.7202884264357687,0
-5.516767,33,10676.128337,-100.0,-0.7162945034065111,0
-5.476791,33,10676.695516,-100.0,-0.778323644172555,0
-5.272794,33,10677.261817,-100.0,-0.7840389280931559,0
-5.073413,33,10677.821683,-100.0,-0.8241950724491413,0
-5.694207,33,10678.386747,-100.0,-0.7287078112101624,0
-5.53807,33,10678.95576,-100.0,-0.6950032078487243,0
-5.257907,33,10679.52548,-100.0,-0.8239678814104355,0
-5.210875,33,10680.081684,-100.0,-0.8123974054614092,0
-5.864143,37,10680.712275,-100.0,-0.6592948995894816,0
-5.467861,33,10681.268122,-100.0,-0.7403109891438213,0
-5.429062,33,10681.839714,-100.0,-0.7360973131712844,0
-5.187362,33,10682.400548,-100.0,-0.8535634811155728,0
-5.131286,33,10682.968798,-100.0,-0.8148555417259181,0
-5.724633,36,10683.579951,-100.0,-0.7081668495140455,0
-5.679484,33,10684.15673,-100.0,-0.7253051662460068,0
-5.78728,33,10684.716173,-100.0,-0.673947137518296,0
-5.58275,33,10685.280588,-100.0,-0.7102272239132518,0
-5.619943,33,10685.82946,-100.0,-0.7158982505513549,0
-5.936035,33,10686.397546,-100.0,-0.672508285278082,0
-5.700233,33,10686.964374,-100.0,-0.6258570594084457,0
-5.309281,34,10687.548814,-100.0,-0.7300121244018437,0
-5.539714,33,10688.118179,-100.0,-0.7015922897662443,0
-6.118871,35,10688.715564,-100.0,-0.6375572318651791,0
-5.425857,33,10689.279554,-100.0,-0.7350581337897772,0
-5.282697,33,10689.85064,-100.0,-0.7680608698480399,0
-5.885669,40,10690.519636,-100.0,-0.7270626218551086,0
-5.534765,34,10691.10225,-100.0,-0.7672160521642701,0
-5.518568,34,10691.68672,-100.0,-0.7266344578974102,0
-5.698824,34,10692.26043,-100.0,-0.6803285960907065,0
-5.2519,33,10692.833393,-100.0,-0.7337930112883938,0
-5.455753,34,10693.410856,-100.0,-0.7663609870712419,0
-5.641841,39,10694.081656,-100.0,-0.6834380083775687,0
-5.4901,34,10694.652676,-100.0,-0.753115608897689,0
-5.513412,33,10695.227872,-100.0,-0.6889067207524776,0
-5.213611,34,10695.811416,-100.0,-0.8503902028306815,0
-5.76328,34,10696.386579,-100.0,-0.5915221387565056,0
-5.595485,34,10696.972304,-100.0,-0.752093544344438,0
-5.707774,36,10697.583642,-100.0,-0.6410596353433704,0
-5.521179,35,10698.184966,-100.0,-0.7537111289630295,0
-5.565336,33,10698.742581,-100.0,-0.7360803053490292,0
-5.722473,33,10699.308701,-100.0,-0.6548651841500007,0
-5.086735,33,10699.879986,-100.0,-0.8540446510324131,0
-5.57762,33,10700.433434,-100.0,-0.7004034420679113,0
-5.346231,33,10701.004058,-100.0,-0.7904064988455701,0
-5.640759,33,10701.568616,-100.0,-0.726523568422981,0
-5.32236,36,10702.186958,-100.0,-0.8698261578517814,0
-6.000253,36,10832.46451,-100.0,-0.7807857025270291,0
-5.42224,32,10833.017201,-100.0,-0.8021852585452255,0
-5.690666,33,10833.588619,-100.0,-0.651391493536568,0
-5.767238,34,10834.164809,-100.0,-0.6631893194056176,0
-5.715364,35,10834.764671,-100.0,-0.6627246292851848,0
-5.337296,32,10835.305323,-100.0,-0.8286954367552671,0
-5.897684,33,10835.880984,-100.0,-0.6566733790196062,0
-5.805426,33,10836.433258,-100.0,-0.6981061347204629,0
-5.544763,33,10837.004969,-100.0,-0.6930436537189202,0
-5.485234,33,10837.563283,-100.0,-0.727174119226372,0
-5.471497,33,10838.123917,-100.0,-0.8008992248647232,0
-5.364622,33,10838.680038,-100.0,-0.8223487877710607,0
-5.358376,33,10839.248658,-100.0,-0.7306217004692726,0
-5.913078,35,10839.845204,-100.0,-0.7110574825611321,0
-5.319152,33,10840.410709,-100.0,-0.8029804709414482,0
-6.137159,39,10841.075428,-100.0,-0.6884552645368008,0
-5.777559,33,10841.638789,-100.0,-0.6629943475995617,0
-5.552947,33,10842.413906,-100.0,-0.7841917915512167,0
-5.157666,32,10842.964458,-100.0,-0.8592832495995512,0
-5.672899,38,10843.599763,-100.0,-0.6956262196519951,0
-5.420448,34,10844.181445,-100.0,-0.7193582011653157,0
-5.411415,34,10844.770905,-100.0,-0.7659379190495774,0
-5.499045,33,10845.336535,-100.0,-0.8129107323042984,0
-5.925623,35,10845.949916,-100.0,-0.7313884805692046,0
-5.717245,33,10846.510695,-100.0,-0.6781912149573699,0
-5.589414,34,10847.098048,-100.0,-0.6585324487418919,0
-5.803881,35,10847.695393,-100.0,-0.6957194572856531,0
-5.484912,33,10848.25436,-100.0,-0.7225248797731004,0
-5.228212,32,10848.811307,-100.0,-0.810044972574327,0
-5.66124,33,10849.383349,-100.0,-0.7043062826905854,0
-5.36809,33,10849.944058,-100.0,-0.7931017459598441,0
-5.359156,33,10850.498438,-100.0,-0.8428680640921034,0
-5.941374,35,10851.097733,-100.0,-0.7030467451597715,0
-5.69611,33,10851.668135,-100.0,-0.7109759377137168,0
-5.441675,33,10852.235273,-100.0,-0.7451161474086007,0
-5.633868,34,10852.822392,-100.0,-0.7102322929991196,0
-5.659174,34,10853.399805,-100.0,-0.7290455119292861,0
-5.694455,33,10853.965821,-100.0,-0.6755759231458118,0
-5.951119,34,10854.536786,-100.0,-0.6883386862943162,0
-5.137198,32,10855.083816,-100.0,-0.8447279372376969,0
-5.56323,35,10855.671407,-100.0,-0.7589198980124018,0
-5.90598,34,10856.263376,-100.0,-0.6977523386622542,0
-5.914188,33,10856.825345,-100.0,-0.6504072454462255,0
-5.313576,33,10857.386128,-100.0,-0.7939523073038711,0
-5.500916,34,10857.979401,-100.0,-0.721238969953307,0
-5.314468,32,10858.518581,-100.0,-0.8427153195101561,0
-5.909005,36,10859.140842,-100.0,-0.681423073991327,0
-5.508749,32,10859.687496,-100.0,-0.7588827240091521,0
-5.441188,33,10860.252195,-100.0,-0.817936359574382,0
-5.598646,34,10860.829454,-100.0,-0.7410046702813966,0
-10.832726,64,10861.910989,-100.0,-0.39075556357914365,0
-5.345544,33,10862.486261,-100.0,-0.7112014699891542,0
-5.521643,33,10863.043971,-100.0,-0.7319816666753408,0
-5.624069,38,10863.689491,-100.0,-0.6924981398410244,0
-5.100906,32,10864.231138,-100.0,-0.8637092459913979,0
-5.400366,34,10864.819933,-100.0,-0.6725814488715274,0
-5.527975,34,10865.412859,-100.0,-0.6606399632279217,0
-5.614885,33,10865.967791,-100.0,-0.7165723653061702,0
-5.561031,34,10866.536028,-100.0,-0.6578635205088554,0
-5.181058,32,10867.0825,-100.0,-0.8468660585228729,0
-5.45409,33,11001.13695,-100.0,-0.6959424006394498,0
-5.376954,34,11001.719394,-100.0,-0.8138027201574267,0
-5.761329,35,11002.315983,-100.0,-0.682214392107893,0
-5.60601,34,11002.888625,-100.0,-0.6841414484976731,0
-5.779278,38,11003.531191,-100.0,-0.6459268897501991,0
-5.354286,32,11004.065925,-100.0,-0.8520692121679628,0
-5.521456,33,11004.633961,-100.0,-0.732342174613723,0
-5.78941,34,11005.219259,-100.0,-0.6786183088154656,0
-5.60097,41,11005.929889,-100.0,-0.7054986736403144,0
-5.272744,33,11006.490933,-100.0,-0.7163950554120683,0
-5.585072,33,11007.052181,-100.0,-0.7031826299231182,0
-5.670086,33,11007.617156,-100.0,-0.6840424673091358,0
-5.546128,33,11008.17081,-100.0,-0.7504420914402149,0
-5.390297,33,11008.733358,-100.0,-0.7111811212940028,0
-5.719636,36,11009.344706,-100.0,-0.691115740031868,0
-5.333554,33,11009.908836,-100.0,-0.7651519497195761,0
-6.129707,36,11010.513619,-100.0,-0.6392673311221774,0
-5.821434,32,11011.06372,-100.0,-0.715046161718468,0
-5.673663,33,11011.623619,-100.0,-0.7875653188282697,0
-5.380267,33,11012.192333,-100.0,-0.7636220446223408,0
-5.425084,33,11012.750697,-100.0,-0.7583763465747193,0
-5.772117,34,11013.327102,-100.0,-0.7006805479074782,0
-5.333002,36,11013.94572,-100.0,-0.8160035750357233,0
-5.85371,34,11014.527402,-100.0,-0.7014263335629473,0
-5.044069,33,11015.080414,-100.0,-0.8268797442706544,0
-5.79936,35,11015.685286,-100.0,-0.679173865873922,0
-5.38505,33,11016.24713,-100.0,-0.7851626904096427,0
-5.747417,33,11016.80216,-100.0,-0.7144413778292165,0
-5.603219,33,11017.373755,-100.0,-0.712536461549901,0
-5.167231,33,11017.930056,-100.0,-0.835266478084452,0
-5.349106,34,11018.510503,-100.0,-0.7868055185101709,0
-5.681812,42,11019.216548,-100.0,-0.6978082737290815,0
-5.403489,34,11019.798297,-100.0,-0.7011145407318111,0
-5.648752,33,11020.35424,-100.0,-0.6863646033753235,0
-5.877758,33,11020.926151,-100.0,-0.6744677744972266,0
-5.057667,32,11021.474086,-100.0,-0.8401802461181294,0
-5.876127,33,11022.04163,-100.0,-0.6923755196793777,0
-5.16366,32,11022.57697,-100.0,-0.8427178146760295,0
-5.340528,32,11023.121145,-100.0,-0.7461769410206353,0
-5.554201,34,11023.709175,-100.0,-0.6491718339795857,0
-5.189908,32,11024.23801,-100.0,-0.8588108285326728,0
-5.495185,33,11024.808271,-100.0,-0.777041797492465,0
-5.645857,33,11025.380738,-100.0,-0.75662139325018,0
-5.583348,33,11025.947705,-100.0,-0.6087205725925039,0
-5.476835,35,11026.544344,-100.0,-0.7345458403300977,0
-5.802584,35,11027.137459,-100.0,-0.7040327636485846,0
-5.228366,34,11027.714029,-100.0,-0.766037488319618,0
-5.656874,33,11028.282635,-100.0,-0.6989221699781526,0
-5.354928,32,11028.822561,-100.0,-0.8493880482677797,0
-5.69631,33,11029.389515,-100.0,-0.6229846804644498,0
-5.144418,32,11029.935523,-100.0,-0.8328673515957552,0
-5.314195,32,11030.484996,-100.0,-0.830108331790167,0
-5.136549,32,11031.019964,-100.0,-0.8438684056307111,0
-5.934084,34,11031.598452,-100.0,-0.6577655805910462,0
-5.393375,33,11032.156271,-100.0,-0.7430655123527661,0
-5.924891,34,11032.725416,-100.0,-0.6319421054281401,0
-5.814943,34,11033.317656,-100.0,-0.6909081339707729,0
-5.551028,33,11033.879589,-100.0,-0.7600480786181365,0
-5.523258,33,11034.448879,-100.0,-0.7085628879851766,0
-5.6582,34,11035.026175,-100.0,-0.7158380009542893,0
-5.088621,33,11035.579924,-100.0,-0.8658757669480266,0
-5.488929,33,11173.521141,-100.0,-0.7308046461772723,0
-5.878518,34,11174.107293,-100.0,-0.6974961228921033,0
-5.220512,33,11174.678219,-100.0,-0.7888243760307402,0
-5.483457,33,11175.251379,-100.0,-0.6920065561295948,0
-5.396756,32,11175.802424,-100.0,-0.7772019564605189,0
-5.39241,33,11176.36518,-100.0,-0.7916215071773486,0
-5.825976,33,11176.933862,-100.0,-0.6741333511136228,0
-5.148283,32,11177.491365,-100.0,-0.8486030958080102,0
-5.490233,33,11178.061446,-100.0,-0.728023760450713,0
-5.660134,39,11178.739538,-100.0,-0.6980928384631163,0
-5.290429,33,11179.307552,-100.0,-0.7670329542489464,0
-5.570081,33,11179.875925,-100.0,-0.6936528393509654,0
-5.516515,33,11180.451916,-100.0,-0.7127102300722359,0
-5.721549,33,11181.021177,-100.0,-0.6713031216447508,0
-5.223626,34,11181.610492,-100.0,-0.742738644222625,0
-5.358318,37,11182.256142,-100.0,-0.8289782895310412,0
-5.165332,32,11182.809348,-100.0,-0.9241606827250204,0
-5.765773,33,11183.383213,-100.0,-0.6806486510139695,0
-5.575523,35,11183.991125,-100.0,-0.7388558842390681,0
-5.90281,34,11184.573782,-100.0,-0.6511887238938456,0
-5.78752,34,11185.160095,-100.0,-0.6315579765662246,0
-5.413737,33,11185.726119,-100.0,-0.7329055397302323,0
-5.220368,33,11186.300609,-100.0,-0.8140941840556392,0
-5.869057,38,11186.953862,-100.0,-0.7132232170028047,0
-5.44692,33,11187.530589,-100.0,-0.7390726764912184,0
-5.921686,37,11188.175908,-100.0,-0.6169092123272112,0
-5.387623,33,11188.740027,-100.0,-0.7478096516159761,0
-5.459709,36,11189.355656,-100.0,-0.6658932603485992,0
-5.466843,34,11189.925205,-100.0,-0.6967228813149031,0
-5.177843,32,11190.476975,-100.0,-0.8200930367817713,0
-5.655655,32,11191.025815,-100.0,-0.7785594544559721,0
-5.728275,34,11191.605519,-100.0,-0.6482327893047571,0
-5.543615,33,11192.165924,-100.0,-0.6840537252344129,0
-5.516157,33,11192.730271,-100.0,-0.7740248552370432,0
-5.66918,33,11193.296906,-100.0,-0.7527579754579621,0
-5.643833,33,11193.865293,-100.0,-0.7275844984131844,0
-5.205494,33,11194.432128,-100.0,-0.8063330717747172,0
-5.348341,32,11194.98038,-100.0,-0.8162157361650012,0
-5.149752,32,11195.529827,-100.0,-0.8250383973390938,0
-5.416098,33,11196.088294,-100.0,-0.6961762596975937,0
-5.45768,34,11196.66671,-100.0,-0.7149468831023793,0
-5.882743,33,11197.234837,-100.0,-0.6671162679987073,0
-5.661448,33,11197.79908,-100.0,-0.7064211031693384,0
-5.502627,33,11198.366564,-100.0,-0.6999410522283064,0
-5.824574,33,11198.929085,-100.0,-0.6781610984020965,0
-5.742423,33,11199.486454,-100.0,-0.7064162960144226,0
-5.315354,32,11200.035572,-100.0,-0.7953597087380874,0
-5.468914,33,11200.604429,-100.0,-0.7662859052757584,0
-5.748481,33,11201.168037,-100.0,-0.6459125680968766,0
-5.61374,34,11201.752708,-100.0,-0.7351225326954749,0
-5.480339,33,11202.313529,-100.0,-0.7233265748363454,0
-5.715743,36,11202.935258,-100.0,-0.6659700892295771,0
-5.351539,33,11203.502645,-100.0,-0.8102896066780318,0
-5.334837,33,11204.060217,-100.0,-0.7551054925416067,0
-5.731615,33,11204.62218,-100.0,-0.6987599232277514,0
-5.157111,32,11205.17271,-100.0,-0.8437205536206832,0
-5.69628,33,11205.730766,-100.0,-0.732186474527714,0
-5.157001,32,11206.264498,-100.0,-0.742541977848811,0
-5.652368,37,11206.904334,-100.0,-0.8068738030360216,0
-5.728142,34,11207.486463,-100.0,-0.6552449592206055,0
-5.701616,33,11208.050165,-100.0,-0.6664694402636533,0
-5.653497,33,11343.770022,-100.0,-0.697804557586481,0
-5.63646,33,11344.334702,-100.0,-0.6882130194011429,0
-5.473479,34,11344.909518,-100.0,-0.7285315353127227,0
-5.424942,32,11345.451134,-100.0,-0.7790422885665689,0
-5.525437,34,11346.031954,-100.0,-0.7565017403317879,0
-5.51201,33,11346.596004,-100.0,-0.7179115586072515,0
-5.199075,33,11347.163792,-100.0,-0.7917578518221766,0
-5.374009,35,11347.751271,-100.0,-0.8140528748463671,0
-5.548901,33,11348.527411,-100.0,-0.7171310964014095,0
-5.722922,33,11349.090535,-100.0,-0.6071392424729835,0
-5.181829,32,11349.641022,-100.0,-0.808622420792494,0
-5.402336,33,11350.202828,-100.0,-0.8086445812992448,0
-5.712508,33,11350.764293,-100.0,-0.689078927164197,0
-5.589099,33,11351.331705,-100.0,-0.6526543879926945,0
-5.041784,32,11351.874507,-100.0,-0.8994962799955349,0
-5.163748,32,11352.413391,-100.0,-0.8332551213034654,0
-5.437408,33,11352.976284,-100.0,-0.7031981560245794,0
-5.219623,33,11353.54144,-100.0,-0.7204672683989123,0
-5.601949,34,11354.110656,-100.0,-0.6857088882470772,0
-5.296324,32,11354.664009,-100.0,-0.825171084222937,0
-5.150272,32,11355.211544,-100.0,-0.8385625931855657,0
-5.657837,33,11355.770661,-100.0,-0.6921605748316377,0
-5.817589,35,11356.359587,-100.0,-0.6891980334852386,0
-5.377293,33,11356.930593,-100.0,-0.7623536599398633,0
-5.222363,33,11357.49862,-100.0,-0.848667892387604,0
-5.401271,32,11358.044355,-100.0,-0.7629126713872154,0
-5.596853,38,11358.685451,-100.0,-0.7346531871305714,0
-5.639721,33,11359.246306,-100.0,-0.750818231261559,0
-5.853104,33,11359.805404,-100.0,-0.6830170502847683,0
-5.462454,33,11360.36635,-100.0,-0.7109850009869985,0
-5.154801,32,11360.914855,-100.0,-0.8453606174468605,0
-5.29183,32,11361.457428,-100.0,-0.742593559736765,0
-5.822725,34,11362.035667,-100.0,-0.7107399310452056,0
-5.864923,34,11362.607551,-100.0,-0.6452459675974316,0
-5.525223,33,11363.175427,-100.0,-0.7069791798427981,0
-5.89766,34,11363.758721,-100.0,-0.7043175038562495,0
-5.299205,32,11364.301447,-100.0,-0.8477245780644119,0
-5.548996,33,11364.861721,-100.0,-0.691981127037262,0
-5.26002,33,11365.420747,-100.0,-0.8330517809563935,0
-5.344087,33,11365.982797,-100.0,-0.7558195862914635,0
-5.832626,34,11366.560513,-100.0,-0.6866745888780439,0
-5.391909,35,11367.16884,-100.0,-0.7303081303499308,0
-5.418287,33,11367.718745,-100.0,-0.7468553413939071,0
-5.087973,32,11368.252438,-100.0,-0.8561069606815034,0
-5.428672,34,11368.828673,-100.0,-0.7077931491257541,0
-5.459232,33,11369.391646,-100.0,-0.7619007805218102,0
-5.497567,34,11369.986683,-100.0,-0.7294944473324201,0
-5.526982,33,11370.550721,-100.0,-0.6957409297729603,0
-5.106559,32,11371.086011,-100.0,-0.8838020579865902,0
-5.192674,33,11371.643326,-100.0,-0.8628261252195867,0
-5.549887,33,11372.205479,-100.0,-0.7008469255307881,0
-5.4743,33,11372.770374,-100.0,-0.6786926197935802,0
-5.162743,32,11373.30952,-100.0,-0.8135756803709117,0
-5.553695,33,11373.876614,-100.0,-0.7106111309912074,0
-5.574718,34,11374.45485,-100.0,-0.7635799264455202,0
-5.161419,32,11375.000271,-100.0,-0.791672007261755,0
-5.27583,33,11375.561985,-100.0,-0.7972834902360177,0
-5.548412,33,11376.132587,-100.0,-0.6861452009644905,0
-5.777478,33,11376.692405,-100.0,-0.6934731726765211,0
-5.592595,33,11377.255057,-100.0,-0.6388787483024891,0
-5.852966,33,11377.817008,-100.0,-0.7015950848578923,0
-5.581114,33,11378.374058,-100.0,-0.6652537457032651,0
