#{"t_start": 1782853650.3071084, "env_id": "BipedalWalker-v3"}
r,l,t,original_env_reward,generated_reward,reward_error_count
-199.811326,640,10.730295,-100.0,-3.0001841220771377,0
-43.51914,56,11.501185,-100.0,-2.119409055920563,0
-30.416725,74,12.510594,-100.0,-1.609087873219791,0
-21.005082,58,13.303715,-100.0,-0.8925052985111049,0
-54.805688,51,13.999701,-100.0,-2.9429708883166317,0
-54.576908,48,14.644928,-100.0,-2.779353070946656,0
-546.276423,1600,178.13725,-0.23186419518788537,-0.41720150774113035,0
-59.115845,118,179.867724,-100.0,-1.3943058327465694,0
-323.152753,1600,327.00172,-0.10431613594293593,-0.1417249010531162,0
-83.486186,82,328.122303,-100.0,-2.3697262275202045,0
-17.720417,63,328.983228,-100.0,-0.8418740402196893,0
-81.192408,97,330.297632,-100.0,-1.442878962228921,0
-66.243736,75,331.319678,-100.0,-2.4748036380257923,0
-363.828234,1600,473.36515,0.22933342346549032,0.0025514636017256315,0
-19.394309,52,474.079681,-100.0,-0.6593100985895312,0
-40.797957,82,475.19804,-100.0,-1.2920243627954344,0
-246.95908,1600,497.308946,0.005478755613170457,-0.0938657469162717,0
-15.184146,52,498.018799,-100.0,-0.7881424077335766,0
-281.96166,1600,639.125655,-0.07264210638403892,-0.0713420852066701,0
-37.056838,101,640.512053,-100.0,-0.7067842350266961,0
-190.576382,1600,783.061817,-0.07856055251757067,-0.11370361723114256,0
-186.284266,1600,924.138572,-0.04599023592472077,-0.09451666888221646,0
-183.476513,1600,1066.913106,-0.11138844136396808,-0.0953432151662926,0
-21.278209,76,1067.96765,-100.0,-0.786239122342615,0
-15.43433,56,1068.751895,-100.0,-0.5493946541637096,0
-178.556452,1600,1091.152206,-0.05782521025588351,-0.007187644750671965,0
-17.05464,108,1092.649242,-100.0,-0.776189948557396,0
-23.195468,89,1093.887742,-100.0,-1.0627626533024916,0
-8.92719,52,1212.061841,-100.0,-0.6412935826963169,0
-169.26639,1600,1234.501159,-0.0759120845596043,-0.11400356785761367,0
-168.353143,1600,1374.122926,-0.016928692539531796,-0.04842950236444593,0
-158.531805,1600,1513.103422,0.011112831751506716,-0.05646825530858495,0
-133.753206,1600,1655.647809,-0.05088007668653888,-0.04931421735138966,0
-129.68141,1600,1678.028161,-0.03655738617231685,-0.0288084491959005,0
-132.110098,1600,1818.560071,-0.19528644124667321,-0.16602941285940262,0
-11.781116,61,1819.408273,-100.0,-0.7631911590592126,0
-178.175551,1600,1960.141617,-0.022512590726219,-0.20704504222418862,0
-10.932592,67,1961.153626,-100.0,-0.6541430699517047,0
-22.261019,100,1962.653557,-100.0,-0.7566750465982651,0
-109.240833,1600,2101.214776,-0.08062874027093489,-0.0823780342559586,0
-20.425494,75,2102.257221,-100.0,-0.5131024007456194,0
-16.751007,75,2103.291333,-100.0,-0.3191732424383618,0
-13.566794,52,2104.031022,-100.0,-0.7320910424658403,0
-115.088796,1600,2240.992233,-0.06815160858817398,-0.022251333603804078,0
-20.544656,64,2241.865235,-100.0,-0.6325763237596113,0
-19.034265,86,2243.042355,-100.0,-0.383926507778207,0
-17.093194,98,2244.407389,-100.0,-0.2753144128362713,0
-10.237752,50,2245.092945,-100.0,-0.7392380761565153,0
-13.564836,61,2245.929213,-100.0,-0.3829278296707627,0
-21.195553,129,2247.700489,-100.0,-0.3207118799576489,0
-119.594907,1600,2388.648516,0.08329510098695754,-0.07525385220195784,0
-14.464973,74,2389.659093,-100.0,-0.375332135290857,0
-96.78965,1600,2506.120495,-0.05311462310950435,-0.023932670001869487,0
-11.111663,49,2506.782136,-100.0,-0.7140710900930589,0
-24.61467,101,2508.167396,-100.0,-0.7666925233685344,0
-10.663142,63,2509.019248,-100.0,-0.6729515326680875,0
-11.522881,68,2509.945603,-100.0,-0.7352191152726341,0
-12.355645,71,2510.924729,-100.0,-0.6605198478379005,0
-9.261305,55,2511.685496,-100.0,-0.7127715333646559,0
-8.414591,46,2512.317419,-100.0,-0.28633926558944367,0
-18.734232,87,2513.494119,-100.0,-0.4300910684740133,0
-11.436946,54,2514.226966,-100.0,-0.3703329302206879,0
-8.762204,50,2514.894748,-100.0,-0.25948639175668337,0
-93.867126,1600,2629.886428,-0.08432689825197297,-0.03754303116606213,0
-24.449113,130,2631.661668,-100.0,-0.5710152388343895,0
-80.70661,1600,2746.619964,-0.0494808154056517,-0.040462063181034555,0
-13.803918,103,2748.055931,-100.0,-0.8149073279542369,0
-14.213756,87,2749.255126,-100.0,-0.5943945453329251,0
-13.46562,107,2750.757228,-100.0,-0.654088544480156,0
-10.93647,66,2751.65792,-100.0,-0.5976214920088354,0
-10.284051,53,2752.386548,-100.0,-0.697196726196408,0
-10.169272,78,2753.468919,-100.0,-0.7058005387631223,0
-11.482568,60,2754.302891,-100.0,-0.6612235864338587,0
-9.947712,40,2754.865286,-100.0,-0.2628676658702841,0
-7.658381,40,2755.39483,-100.0,-0.28091952643555596,0
-13.758565,45,2756.020144,-100.0,-0.45818501858371813,0
-9.220625,55,2756.779859,-100.0,-0.6505664275831654,0
-8.260705,53,2757.510066,-100.0,-0.7883336136302441,0
-76.1084,1600,2898.696845,-0.03747891708308447,-0.016823750605750795,0
-10.294723,63,2899.610306,-100.0,-0.636150774499438,0
-11.080579,64,2900.509729,-100.0,-0.7461840492568405,0
-19.857267,79,2901.610221,-100.0,-0.450570233746111,0
-11.385394,88,2902.860158,-100.0,-0.661956548445938,0
-13.535723,62,2903.71947,-100.0,-0.8507563979167223,0
-11.867354,93,2905.016226,-100.0,-0.30582294457579634,0
-10.679332,58,2905.837165,-100.0,-0.5852080220690985,0
-11.796531,46,2906.476824,-100.0,-0.41749926572963864,0
-10.619248,73,2907.520199,-100.0,-0.7243847724863286,0
-20.951424,147,2909.609107,-100.0,-0.23081885000389327,0
-12.719302,66,2910.542538,-100.0,-0.6612083398610147,0
-12.059536,68,2911.499992,-100.0,-0.7439290845816331,0
-11.725403,78,2912.614919,-100.0,-0.6904711725409703,0
-9.302215,52,2913.362167,-100.0,-0.6722314079943446,0
-8.303389,45,2914.001095,-100.0,-0.6987287935895209,0
-16.586647,68,2914.957967,-100.0,-0.400021960394906,0
-17.857964,89,2916.228069,-100.0,-0.3865569338624305,0
-16.292969,98,2917.602913,-100.0,-0.6750899554360642,0
-8.736131,49,2918.326271,-100.0,-0.7110689860223123,0
-20.554546,86,2919.552417,-100.0,-0.45965137275433054,0
-7.821106,51,2920.285636,-100.0,-0.6055347639817472,0
-8.180613,50,2920.99473,-100.0,-0.6773372690246785,0
-11.843446,63,3037.577619,-100.0,-0.7305746278771291,0
-9.359848,54,3038.337223,-100.0,-0.2684736009252535,0
-9.686862,63,3039.246907,-100.0,-0.2509307653262058,0
-14.051728,93,3040.550937,-100.0,-0.3937554380865563,0
-10.795104,56,3041.356947,-100.0,-0.6417202650052927,0
-11.969833,80,3042.480456,-100.0,-0.7075488628183213,0
-10.588262,42,3043.308733,-100.0,-0.6383688756629221,0
-14.817278,64,3044.204406,-100.0,-0.6604160819558553,0
-19.709398,70,3045.206876,-100.0,-0.4916341985982456,0
-7.625505,41,3045.807439,-100.0,-0.6179696310797907,0
-11.738042,45,3046.450392,-100.0,-0.2880629917538179,0
-7.674877,45,3047.072373,-100.0,-0.617504224447194,0
-15.662276,57,3047.88966,-100.0,-0.499855903905454,0
-10.217593,73,3048.920791,-100.0,-0.610617225011549,0
-10.644004,64,3049.834553,-100.0,-0.7820936703525315,0
-14.154849,65,3050.771844,-100.0,-0.6805038483622231,0
-11.236675,62,3051.663635,-100.0,-0.2659430742592484,0
-12.562869,79,3052.810449,-100.0,-0.6230186642785737,0
-8.782558,53,3053.566756,-100.0,-0.7417272568803306,0
-8.442421,55,3054.383482,-100.0,-0.6855523454332013,0
-12.369372,70,3055.372157,-100.0,-0.6705142324096125,0
-15.974882,106,3056.878517,-100.0,-0.745163080175458,0
-11.352523,57,3057.686154,-100.0,-0.6553842822749835,0
-7.298842,51,3058.428556,-100.0,-0.781390686195315,0
-13.570186,49,3059.133694,-100.0,-0.40116868400612987,0
-13.083535,107,3060.693288,-100.0,-0.611217191240828,0
-10.067958,54,3061.469819,-100.0,-0.7312274977228496,0
-10.966132,74,3062.523433,-100.0,-0.7251027190971296,0
-11.901659,69,3063.537524,-100.0,-0.21864949439592904,0
-13.717138,95,3064.906113,-100.0,-0.26236957733768407,0
-10.86724,73,3065.960575,-100.0,-0.7777737279769545,0
-12.215501,71,3066.984084,-100.0,-0.30243073221404587,0
-13.902413,86,3184.53392,-100.0,-0.2642110103852814,0
-9.560609,57,3185.346693,-100.0,-0.6404319028141344,0
-14.390042,57,3186.187371,-100.0,-0.3536462259320629,0
-14.321094,91,3187.523302,-100.0,-0.4388436302475938,0
-16.558721,57,3188.367067,-100.0,-0.6087799995174807,0
-16.100159,76,3189.456192,-100.0,-0.26277918353456997,0
-10.22445,61,3190.347046,-100.0,-0.6865681610973371,0
-8.210725,54,3191.139122,-100.0,-0.6183528639936354,0
-10.991187,55,3191.949291,-100.0,-0.23565737517659255,0
-11.721779,73,3193.026148,-100.0,-0.26420776777358934,0
-10.862103,60,3193.894885,-100.0,-0.4114640982676169,0
-16.584305,82,3195.080759,-100.0,-0.2337443233576982,0
-9.13077,55,3195.870626,-100.0,-0.5873506827535553,0
-8.675812,57,3196.703737,-100.0,-0.7081918005514363,0
-18.19302,120,3198.442394,-100.0,-0.5643848899598674,0
-12.562981,82,3199.63467,-100.0,-0.1800117911489759,0
-8.320709,50,3200.378468,-100.0,-0.7205810506579821,0
-8.604844,44,3201.045364,-100.0,-0.6055128177917275,0
-11.996564,81,3202.217034,-100.0,-0.2232359217860927,0
-15.276445,93,3203.567998,-100.0,-0.3089158095709857,0
-10.15058,59,3204.44291,-100.0,-0.6785410167593976,0
-7.846919,42,3205.063139,-100.0,-0.6791480069733852,0
-8.575905,61,3205.954851,-100.0,-0.6587157641249977,0
-12.479065,73,3207.003044,-100.0,-0.7088136108993693,0
-7.840273,41,3207.618831,-100.0,-0.6008223913275326,0
-8.982479,56,3208.398642,-100.0,-0.7323071256100429,0
-13.019319,52,3209.163062,-100.0,-0.2521978185299618,0
-10.323641,53,3209.957865,-100.0,-0.7121389998288588,0
-15.666015,112,3211.606797,-100.0,-0.22095879814790334,0
-12.451368,91,3212.923424,-100.0,-0.70744353680535,0
-9.569758,42,3330.82511,-100.0,-0.6118426563488603,0
-10.864117,55,3331.637527,-100.0,-0.1808053062834199,0
-18.397772,76,3332.734831,-100.0,-0.34446749738787674,0
-12.164585,75,3333.834532,-100.0,-0.6610677425178842,0
-9.824536,56,3334.667226,-100.0,-0.693222213201241,0
-8.918013,49,3335.393846,-100.0,-0.7404792655066291,0
-16.213783,55,3336.192441,-100.0,-0.5083334108743147,0
-10.585441,68,3337.18197,-100.0,-0.7969995740478887,0
-13.882485,73,3338.276955,-100.0,-0.6199665181586097,0
-8.5793,49,3338.968819,-100.0,-0.7801459239035867,0
-10.62361,63,3339.90976,-100.0,-0.7741839452892593,0
-9.206525,59,3340.781965,-100.0,-0.644131219024322,0
-12.695836,77,3341.904123,-100.0,-0.6990465792888252,0
-11.57581,68,3342.902238,-100.0,-0.16086828144305249,0
-10.705966,62,3343.811338,-100.0,-0.7285303877524244,0
-11.79377,73,3344.879366,-100.0,-0.7356982869894207,0
-14.898409,65,3345.858857,-100.0,-0.3390826887485363,0
-9.367854,62,3346.776932,-100.0,-0.3649715917172311,0
-9.155057,45,3347.440998,-100.0,-0.2168138872759097,0
-8.088565,46,3348.105826,-100.0,-0.6428780371945007,0
-14.369619,83,3349.324863,-100.0,-0.2832030642521851,0
-9.614035,55,3350.121494,-100.0,-0.1946102858259911,0
-14.622579,62,3351.0519,-100.0,-0.3771806203589594,0
-8.540935,45,3351.676662,-100.0,-0.6354734449767467,0
-11.069086,65,3352.64152,-100.0,-0.6931044254927425,0
-9.483941,51,3353.38825,-100.0,-0.6214413986867132,0
-8.573729,49,3354.105263,-100.0,-0.6326584758357526,0
-8.94513,55,3354.91558,-100.0,-0.6828192273308819,0
-10.747284,71,3355.929649,-100.0,-0.5761075954159341,0
-11.079984,59,3356.798537,-100.0,-0.8996269655820907,0
-7.835178,54,3357.579761,-100.0,-0.7473432413468705,0
-10.216781,61,3358.473302,-100.0,-0.636673585254276,0
-10.850532,97,3359.889217,-100.0,-0.7398894651707819,0
-9.263673,45,3476.146039,-100.0,-0.21546917680940655,0
-12.100644,46,3476.806266,-100.0,-0.7794430696650885,0
-10.105291,64,3477.739193,-100.0,-0.720295072890076,0
-8.800985,62,3478.650812,-100.0,-0.6082723549892144,0
-10.201318,56,3479.468039,-100.0,-0.6820783212894755,0
-9.254907,52,3480.231273,-100.0,-0.6743722076438968,0
-7.698409,50,3480.944418,-100.0,-0.7005351594541801,0
-16.359976,107,3482.519149,-100.0,-0.6392469777091812,0
-7.37289,42,3483.136486,-100.0,-0.7397116254212571,0
-7.083001,40,3483.725426,-100.0,-0.6481670065602066,0
-8.213175,45,3484.389683,-100.0,-0.683537805606025,0
-12.920864,103,3485.888623,-100.0,-0.3613521459187532,0
-9.240911,64,3486.80919,-100.0,-0.6616280376007094,0
-10.854898,54,3487.623337,-100.0,-0.6151187168019066,0
-8.627334,63,3488.52064,-100.0,-0.6331497617938041,0
-8.817704,54,3489.327849,-100.0,-0.6475015339060026,0
-16.213578,118,3491.075953,-100.0,-0.13699659217829613,0
-12.059132,66,3492.055789,-100.0,-0.5320897236874857,0
-7.130404,42,3492.686718,-100.0,-0.7272040040634251,0
-12.197259,79,3493.842757,-100.0,-0.6980396921144422,0
-13.317713,99,3495.310574,-100.0,-0.3337131363133484,0
-9.741026,60,3496.207232,-100.0,-0.5950853240366943,0
-8.42107,59,3497.071078,-100.0,-0.6979240147104206,0
-8.465515,46,3497.75523,-100.0,-0.2230821399703898,0
-9.094721,64,3498.689446,-100.0,-0.6636716852767914,0
-16.612366,88,3500.000406,-100.0,-0.27793148361516934,0
-7.889652,46,3500.680468,-100.0,-0.6305434542412918,0
-10.549063,54,3501.488009,-100.0,-0.7355661935515798,0
-8.771325,50,3502.202759,-100.0,-0.5903919196408944,0
-9.761422,60,3503.106168,-100.0,-0.6723466643500093,0
-8.1448,51,3503.870554,-100.0,-0.6756352656461941,0
-9.795464,68,3504.862469,-100.0,-0.6930111546456857,0
-9.389917,56,3505.689264,-100.0,-0.7747821541435317,0
-8.355368,63,3625.689706,-100.0,-0.750546943666045,0
-7.843992,53,3626.470824,-100.0,-0.5965373567170178,0
-9.081515,56,3627.308929,-100.0,-0.7353690935796569,0
-8.808319,63,3628.2374,-100.0,-0.6481540519571644,0
-7.666064,40,3628.845862,-100.0,-0.6856661258294221,0
-7.006642,43,3629.470986,-100.0,-0.7556259144405875,0
-9.229039,56,3630.284388,-100.0,-0.6024089433243118,0
-9.813055,66,3631.283854,-100.0,-0.5753835943487041,0
-8.689528,49,3632.017446,-100.0,-0.2427595765834828,0
-10.078529,77,3633.149165,-100.0,-0.1919405394448196,0
-9.058257,55,3633.955377,-100.0,-0.7395853876503498,0
-8.818343,63,3634.903324,-100.0,-0.22688617496261068,0
-9.603768,86,3636.200004,-100.0,-0.7533803632110359,0
-8.981308,49,3636.931324,-100.0,-0.6406831398767725,0
-8.301134,48,3637.638549,-100.0,-0.6733080263169438,0
-10.495795,87,3638.917817,-100.0,-0.7718147013249421,0
-7.74606,45,3639.592352,-100.0,-0.6735214366146327,0
-7.849327,45,3640.255761,-100.0,-0.6112644316012483,0
-7.756367,53,3641.051387,-100.0,-0.7889124750932299,0
-8.199493,55,3641.88931,-100.0,-0.6124435413063755,0
-11.783321,48,3642.59684,-100.0,-0.8820338856772632,0
-8.683959,57,3643.446223,-100.0,-0.6305216633737777,0
-10.383302,75,3644.557611,-100.0,-0.635852805173259,0
-9.881962,84,3645.827288,-100.0,-0.6773765520677518,0
-7.388963,34,3646.317557,-100.0,-0.6366454977798743,0
-10.749581,58,3647.191209,-100.0,-0.33048064190166254,0
-11.566197,65,3648.178715,-100.0,-0.3685084812404642,0
-10.230189,60,3649.080491,-100.0,-0.6223623773400886,0
-9.632964,60,3649.97474,-100.0,-0.5884435551480461,0
-9.760946,76,3651.108368,-100.0,-0.7649073215378245,0
-7.93186,48,3651.794751,-100.0,-0.6251087245179734,0
-10.314928,54,3652.572221,-100.0,-0.7766636982211443,0
-9.400398,55,3653.402818,-100.0,-0.7217243244357222,0
-8.662765,61,3654.336669,-100.0,-0.6383107904409818,0
-11.239637,63,3655.266206,-100.0,-0.6483359159531723,0
-9.605745,59,3772.000323,-100.0,-0.17350430486552026,0
-9.576513,64,3772.981608,-100.0,-0.5911764884556329,0
-9.401994,67,3773.992521,-100.0,-0.6853647303995971,0
-8.40147,48,3774.712923,-100.0,-0.6371415944974227,0
-7.937072,55,3775.537099,-100.0,-0.6825502620093158,0
-8.06915,51,3776.316357,-100.0,-0.706517115198058,0
-9.007704,57,3777.164002,-100.0,-0.7820748663095975,0
-8.751664,56,3778.016242,-100.0,-0.7515705034418987,0
-8.393551,46,3778.702031,-100.0,-0.5984600489774811,0
-10.137357,67,3779.731985,-100.0,-0.2790084133504326,0
-7.976874,45,3780.414074,-100.0,-0.7276568996551509,0
-8.89188,38,3780.955224,-100.0,-0.724921298976585,0
-9.041324,64,3781.926913,-100.0,-0.7338911347568756,0
-8.597304,56,3782.774535,-100.0,-0.7524561394237297,0
-11.519833,48,3783.504781,-100.0,-0.40213865703935103,0
-8.418901,46,3784.178287,-100.0,-0.6731964452584582,0
-12.651102,71,3785.244314,-100.0,-0.3552795992175645,0
-8.833629,65,3786.211768,-100.0,-0.6554184515732674,0
-7.53456,40,3786.8224,-100.0,-0.6891434687650787,0
-6.866166,41,3787.417413,-100.0,-0.7017718150996071,0
-9.460393,61,3788.340775,-100.0,-0.5763594485950081,0
-9.621503,63,3789.274614,-100.0,-0.7904601223859913,0
-7.689496,39,3789.858244,-100.0,-0.6185748404766033,0
-8.115759,43,3790.509804,-100.0,-0.745098994685553,0
-7.411013,50,3791.228995,-100.0,-0.6898380941578743,0
-11.806596,72,3792.338063,-100.0,-0.16346504181703864,0
-16.798391,149,3794.551577,-100.0,-0.1727420159076522,0
-7.902067,52,3795.310952,-100.0,-0.6225187380135879,0
-7.806626,44,3795.969972,-100.0,-0.6321490744306382,0
-8.254379,51,3796.741034,-100.0,-0.7419957374719798,0
-13.291222,93,3798.132512,-100.0,-0.17589138695780682,0
-8.214067,55,3798.958284,-100.0,-0.7974466931126836,0
-7.729153,48,3799.658529,-100.0,-0.7548025890564882,0
-7.995337,40,3800.247234,-100.0,-0.6743795876897958,0
-8.552193,52,3801.000107,-100.0,-0.6936104818368121,0
-8.026138,54,3801.830687,-100.0,-0.7733043171356544,0
-10.858818,89,3922.995193,-100.0,-0.6287204355278692,0
-8.686689,50,3923.750162,-100.0,-0.6557243693898704,0
-9.474755,56,3924.600899,-100.0,-0.7033581641271631,0
-10.58538,92,3925.969743,-100.0,-0.2995183550714598,0
-8.355432,48,3926.681325,-100.0,-0.6609688317163902,0
-8.77456,61,3927.60735,-100.0,-0.6204830098226841,0
-8.763361,46,3928.310738,-100.0,-0.6247997844844178,0
-7.707232,52,3929.08371,-100.0,-0.7037461486808452,0
-7.135189,49,3929.826947,-100.0,-0.7414005305281929,0
-7.108654,43,3930.470093,-100.0,-0.7631791241790787,0
-14.206176,125,3932.331325,-100.0,-0.2634469791621811,0
-8.126078,67,3933.347876,-100.0,-0.7069052239752911,0
-11.310356,60,3934.24577,-100.0,-0.26696586072331596,0
-8.635986,51,3935.016091,-100.0,-0.701331954105393,0
-8.395377,56,3935.856538,-100.0,-0.7113246993776892,0
-8.637934,53,3936.656519,-100.0,-0.6422062791471762,0
-8.239384,50,3937.403512,-100.0,-0.6212357075450189,0
-8.242327,52,3938.165267,-100.0,-0.6639089301543643,0
-7.975054,42,3938.807363,-100.0,-0.6945253672670575,0
-11.482342,70,3939.899011,-100.0,-0.6809820205351395,0
-7.294439,42,3940.537663,-100.0,-0.7192160107012802,0
-7.917017,42,3941.14149,-100.0,-0.6943685738343852,0
-9.726364,61,3942.084464,-100.0,-0.5952748036665303,0
-8.458794,65,3943.047024,-100.0,-0.6009692313461095,0
-7.443854,43,3943.703418,-100.0,-0.7476712217646726,0
-8.662343,60,3944.595559,-100.0,-0.7468311968310912,0
-8.018041,41,3945.209974,-100.0,-0.6912369020945062,0
-8.074584,49,3945.964208,-100.0,-0.7059670053578154,0
-8.279289,49,3946.702775,-100.0,-0.6856370307799664,0
-7.94201,47,3947.414855,-100.0,-0.6964378562740254,0
-7.726529,45,3948.094607,-100.0,-0.7716076648713672,0
-9.867378,70,3949.137523,-100.0,-0.6660819810205857,0
-7.906676,49,3949.888526,-100.0,-0.6268209152542911,0
-9.869977,79,3951.090003,-100.0,-0.7293574055311322,0
-10.574449,61,3951.980508,-100.0,-0.36462476164033497,0
-7.184711,37,3952.539885,-100.0,-0.7602978310336382,0
-8.841173,57,4069.486101,-100.0,-0.6136934900366077,0
-7.442986,40,4070.083489,-100.0,-0.675335110311717,0
-7.633678,49,4070.836618,-100.0,-0.7887168241728906,0
-10.365768,46,4071.524795,-100.0,-0.8304851502484142,0
-7.941001,45,4072.223806,-100.0,-0.7681142549451739,0
-9.746784,57,4073.066356,-100.0,-0.6923454384727721,0
-8.079364,42,4073.727654,-100.0,-0.745943909368195,0
-6.915734,39,4074.29894,-100.0,-0.7915125353509357,0
-7.896158,43,4074.958227,-100.0,-0.6864241052273727,0
-7.435024,44,4075.626971,-100.0,-0.744721001835776,0
-8.512322,52,4076.405343,-100.0,-0.6990046552555074,0
-7.247463,44,4077.06407,-100.0,-0.7503174840036966,0
-10.984149,82,4078.298198,-100.0,-0.6710790258464513,0
-10.30572,60,4079.206069,-100.0,-0.3246120541662345,0
-8.083546,54,4080.030666,-100.0,-0.6423730211374676,0
-9.210557,44,4080.686316,-100.0,-0.9538599307536093,0
-8.308352,49,4081.447639,-100.0,-0.653262217827051,0
-7.549297,46,4082.154448,-100.0,-0.6220997614918629,0
-8.36672,55,4082.965837,-100.0,-0.6832431377493773,0
-7.702029,46,4083.656821,-100.0,-0.7429896917357729,0
-6.801064,41,4084.275625,-100.0,-0.7063193219656733,0
-7.558334,48,4084.999514,-100.0,-0.64622753708168,0
-6.727558,36,4085.540663,-100.0,-0.618486169172462,0
-8.798677,45,4086.213263,-100.0,-0.7784867594891549,0
-7.646817,62,4087.151872,-100.0,-0.7156139831624468,0
-7.857106,47,4087.864093,-100.0,-0.5988385005593734,0
-9.133912,65,4088.832833,-100.0,-0.7631043079859978,0
-7.910722,62,4089.776495,-100.0,-0.6892705177573624,0
-8.427781,47,4090.482374,-100.0,-0.666890933206179,0
-7.326325,40,4091.105687,-100.0,-0.6776239865077768,0
-8.495773,55,4091.93828,-100.0,-0.6208933146989094,0
-8.529205,54,4092.762378,-100.0,-0.718751688999869,0
-8.685516,55,4093.593334,-100.0,-0.6366040547579259,0
-8.469564,44,4094.233994,-100.0,-0.6344632470823256,0
-7.813741,50,4094.996869,-100.0,-0.641781075298633,0
-12.431778,64,4095.986337,-100.0,-0.16530857631190138,0
-9.560385,64,4096.953198,-100.0,-0.6984902971066455,0
-8.83687,42,4097.587409,-100.0,-0.6639571775055686,0
-7.386975,44,4098.253682,-100.0,-0.7387032272461027,0
-7.298916,39,4098.823788,-100.0,-0.7168754896032679,0
-7.425657,45,4099.533774,-100.0,-0.7322262806449522,0
-8.194164,45,4218.181115,-100.0,-0.6962236697979094,0
-8.858365,61,4219.111894,-100.0,-0.7706219706070565,0
-10.359921,66,4220.105001,-100.0,-0.679074743462908,0
-8.151767,54,4220.940804,-100.0,-0.6615846039572563,0
-7.815326,52,4221.734499,-100.0,-0.7132514829855562,0
-7.542595,43,4222.412162,-100.0,-0.6095741092139999,0
-8.535443,56,4223.255696,-100.0,-0.7930172991934776,0
-8.762775,50,4224.017104,-100.0,-0.7202427465472211,0
-7.49271,46,4224.734448,-100.0,-0.6732827579664561,0
-7.414274,44,4225.400808,-100.0,-0.6384690952147533,0
-8.199215,44,4226.069508,-100.0,-0.793417356333017,0
-7.278917,40,4226.684914,-100.0,-0.671426133880327,0
-8.786445,56,4227.513275,-100.0,-0.7567047502533866,0
-7.605179,43,4228.17647,-100.0,-0.6836437387744186,0
-9.356496,63,4229.134193,-100.0,-0.7485918139270876,0
-8.119354,43,4229.790078,-100.0,-0.6560437093250052,0
-7.244501,41,4230.412331,-100.0,-0.6917383984689843,0
-8.269716,59,4231.331608,-100.0,-0.6948610287844014,0
-7.22037,45,4232.021491,-100.0,-0.7361056775222947,0
-9.092673,66,4233.038546,-100.0,-0.62301915589937,0
-9.492168,64,4233.986134,-100.0,-0.3586664970558907,0
-7.909727,43,4234.650762,-100.0,-0.6191762459184229,0
-8.155376,44,4235.322325,-100.0,-0.7419605273178491,0
-7.620236,47,4236.033601,-100.0,-0.6479386515728719,0
-6.885873,45,4236.718943,-100.0,-0.7206732230805105,0
-7.866056,42,4237.370507,-100.0,-0.704373438089074,0
-7.713065,40,4237.975932,-100.0,-0.6805497423463058,0
-7.890699,42,4238.631074,-100.0,-0.8343838541726677,0
-7.790315,49,4239.38635,-100.0,-0.7516098410290328,0
-7.200925,44,4240.058732,-100.0,-0.7759434467384956,0
-7.984563,59,4240.958711,-100.0,-0.7713692110298654,0
-9.191824,67,4241.943737,-100.0,-0.7266963875346001,0
-8.4282,46,4242.656786,-100.0,-0.9900307505199708,0
-7.870924,44,4243.354221,-100.0,-0.6338490686188468,0
-9.06731,55,4244.178104,-100.0,-0.5953861511578694,0
-8.55799,50,4244.945092,-100.0,-0.6778991316032948,0
-7.745407,43,4245.61891,-100.0,-0.7261655389308092,0
-10.703414,68,4246.64158,-100.0,-0.685543625352806,0
-7.854063,56,4247.488748,-100.0,-0.634885370823295,0
-7.699578,48,4248.209068,-100.0,-0.6719793791641645,0
-8.936328,67,4249.222667,-100.0,-0.6187002115326609,0
-7.438445,43,4367.197366,-100.0,-0.766315253085374,0
-8.012562,48,4367.945928,-100.0,-0.6173322916447649,0
-8.436406,53,4368.776202,-100.0,-0.6150581074075125,0
-7.350751,41,4369.393313,-100.0,-0.6163395143954603,0
-7.079035,41,4370.041172,-100.0,-0.7624097035555738,0
-7.678149,56,4370.905705,-100.0,-0.7033415195655763,0
-8.134635,47,4371.604104,-100.0,-0.6091471047252026,0
-7.634663,40,4372.236672,-100.0,-0.6049795214817097,0
-7.844557,48,4372.987769,-100.0,-0.6887188339865455,0
-7.62072,47,4373.705462,-100.0,-0.6597166733820499,0
-7.313016,37,4374.270458,-100.0,-0.7288355268739275,0
-7.820141,47,4375.005725,-100.0,-0.7118547440085312,0
-7.235571,49,4375.754494,-100.0,-0.6456324972040507,0
-8.419266,58,4376.614218,-100.0,-0.7020051616950397,0
-7.130186,49,4377.394895,-100.0,-0.7558678274988256,0
-8.248054,60,4378.314045,-100.0,-0.6158995815857105,0
-9.7517,60,4379.234767,-100.0,-0.2860164123250115,0
-7.064505,47,4379.954356,-100.0,-0.7496859922175654,0
-8.376928,67,4380.994786,-100.0,-0.6520550756710956,0
-7.226819,43,4381.643558,-100.0,-0.6931622457571289,0
-7.241711,51,4382.420371,-100.0,-0.7485059143911071,0
-8.809448,72,4383.553172,-100.0,-0.6707505159809127,0
-7.380469,53,4384.369998,-100.0,-0.7308683355495661,0
-6.893659,43,4385.038027,-100.0,-0.72019362998961,0
-7.584858,60,4385.958832,-100.0,-0.6763784392333803,0
-7.003516,46,4386.651549,-100.0,-0.6946482897425782,0
-7.603243,55,4387.509353,-100.0,-0.7436006907554916,0
-7.958022,44,4388.199701,-100.0,-0.783674546118921,0
-7.200152,39,4388.807435,-100.0,-0.7062065237473593,0
-7.837779,47,4389.513516,-100.0,-0.6402702552585134,0
-7.120424,52,4390.323687,-100.0,-0.7766747929090212,0
-8.846716,39,4390.904239,-100.0,-0.5041222494599039,0
-7.877904,43,4391.580751,-100.0,-0.5975034871800469,0
-8.025174,48,4392.310321,-100.0,-0.7621436747497237,0
-8.210296,47,4393.027561,-100.0,-0.6076984848010202,0
-7.568555,47,4393.755075,-100.0,-0.6782159177899341,0
-7.551023,40,4394.36956,-100.0,-0.6727938002037562,0
-6.435923,38,4394.963481,-100.0,-0.710932821197382,0
-7.927977,46,4395.666757,-100.0,-0.6790474378899054,0
-8.389487,46,4396.384712,-100.0,-0.7192782385406076,0
-7.926103,41,4397.002181,-100.0,-0.7079910928602744,0
-8.995196,64,4397.983026,-100.0,-0.6666597894367876,0
-7.836702,40,4519.681292,-100.0,-0.6879530978371785,0
-6.812979,42,4520.338677,-100.0,-0.7542775414457754,0
-6.94195,44,4521.029487,-100.0,-0.7290416999766322,0
-7.938075,49,4521.788179,-100.0,-0.6451650819745706,0
-7.680555,50,4522.554782,-100.0,-0.6545267976094306,0
-6.835295,31,4523.033494,-100.0,-0.636302016938765,0
-7.066587,48,4523.804392,-100.0,-0.7130107600278962,0
-8.25505,57,4524.694299,-100.0,-0.7459926584783195,0
-7.166164,40,4525.320107,-100.0,-0.6790767202675657,0
-6.941286,40,4525.94531,-100.0,-0.6892037681445498,0
-7.581988,39,4526.54098,-100.0,-0.6019303227237972,0
-6.661127,48,4527.296376,-100.0,-0.81113565702097,0
-6.443854,40,4527.916234,-100.0,-0.6818000796075706,0
-7.45754,56,4528.770629,-100.0,-0.7317504958018952,0
-9.818482,79,4530.013275,-100.0,-0.6365185493808939,0
-7.596299,44,4530.679679,-100.0,-0.7694686179414469,0
-8.054255,42,4531.335378,-100.0,-0.6144194020466553,0
-7.761635,37,4531.901678,-100.0,-0.6163063841534936,0
-8.007185,50,4532.678272,-100.0,-0.602978634394368,0
-7.39976,43,4533.346273,-100.0,-0.6896115261629743,0
-8.180688,60,4534.282697,-100.0,-0.6079053188053045,0
-6.693793,43,4534.952916,-100.0,-0.766873617018228,0
-7.486691,45,4535.671354,-100.0,-0.7796553637507252,0
-8.479608,66,4536.655313,-100.0,-0.6380566399661974,0
-7.24821,37,4537.256171,-100.0,-0.6619319304996836,0
-7.446756,46,4537.970738,-100.0,-0.640997451498749,0
-8.034324,45,4538.6751,-100.0,-0.6253661800720768,0
-7.101633,40,4539.281887,-100.0,-0.6791778354765599,0
-7.377968,41,4539.923055,-100.0,-0.7114303141478328,0
-7.602858,49,4540.685053,-100.0,-0.6502533770422116,0
-8.003514,61,4541.620752,-100.0,-0.7609903764045727,0
-8.121711,62,4542.581747,-100.0,-0.6120694331459994,0
-8.358286,55,4543.448157,-100.0,-0.641344837915612,0
-8.039806,53,4544.265073,-100.0,-0.7211420372400686,0
-6.44817,42,4544.930337,-100.0,-0.7850350696856201,0
-8.436311,59,4545.866069,-100.0,-0.7047521831409741,0
-7.837534,48,4546.601803,-100.0,-0.6365898949722537,0
-6.301606,33,4547.126057,-100.0,-0.6689316181400149,0
-8.160297,41,4547.753452,-100.0,-0.4779602600918623,0
-6.615559,42,4548.400387,-100.0,-0.7465631108635226,0
-6.635639,37,4548.984579,-100.0,-0.8195602590270412,0
-7.657317,60,4549.914021,-100.0,-0.6952377092793414,0
-6.813657,39,4550.524358,-100.0,-0.7898203059692664,0
-7.467189,46,4668.819551,-100.0,-0.7377449769710358,0
-7.910099,49,4669.581089,-100.0,-0.7588514348548219,0
-6.767356,43,4670.264459,-100.0,-0.6957514853733147,0
-8.045466,48,4670.998803,-100.0,-0.6619655860916878,0
-7.328395,47,4671.731337,-100.0,-0.880524068419007,0
-7.93191,50,4672.511082,-100.0,-0.6005834544257207,0
-7.948223,45,4673.207444,-100.0,-0.6399786774685587,0
-7.21177,51,4674.002059,-100.0,-0.6772476102451785,0
-7.199606,45,4674.721703,-100.0,-0.6730229251376803,0
-7.694548,51,4675.504525,-100.0,-0.6438031870777015,0
-8.327154,59,4676.411575,-100.0,-0.6962705709269529,0
-6.841532,36,4676.978597,-100.0,-0.6497860441265174,0
-7.402041,40,4677.6169,-100.0,-0.7174667211726962,0
-7.337397,45,4678.311098,-100.0,-0.7044533453757693,0
-9.183652,93,4679.757014,-100.0,-0.7228900816039696,0
-7.306522,45,4680.454046,-100.0,-0.6535442591668879,0
-8.28843,49,4681.236925,-100.0,-0.6466187177293375,0
-7.330161,44,4681.906613,-100.0,-0.7383285717464111,0
-8.336305,42,4682.569095,-100.0,-0.5190518335820674,0
-7.474288,43,4683.253817,-100.0,-0.6482630444410329,0
-7.342167,52,4684.055744,-100.0,-0.7330767995736007,0
-7.657034,43,4684.71113,-100.0,-0.6606343319193465,0
-7.935291,56,4685.580528,-100.0,-0.699102812343959,0
-7.771745,44,4686.262234,-100.0,-0.7586101418843494,0
-6.838897,39,4686.860654,-100.0,-0.7432379348902588,0
-6.599591,42,4687.509083,-100.0,-0.7235881775134643,0
-7.07834,41,4688.139898,-100.0,-0.8011641955573053,0
-7.888362,43,4688.784915,-100.0,-0.6002022978850826,0
-7.08417,45,4689.505551,-100.0,-0.6231804329161922,0
-6.956052,39,4690.126811,-100.0,-0.7051944417979437,0
-7.043064,48,4690.844945,-100.0,-0.6951167709444197,0
-6.448094,37,4691.426921,-100.0,-0.6994702829845812,0
-7.923057,50,4692.207723,-100.0,-0.6081208689449586,0
-7.285896,47,4692.946447,-100.0,-0.9003851076391983,0
-6.780979,36,4693.526444,-100.0,-0.6321342699288262,0
-6.403337,40,4694.131364,-100.0,-0.7886990496197503,0
-8.148582,58,4695.043798,-100.0,-0.5802259263693871,0
-9.258504,60,4695.970418,-100.0,-0.7307812020966712,0
-7.751566,53,4696.785476,-100.0,-0.6806655216600968,0
-7.521827,49,4697.549817,-100.0,-0.7494662942702718,0
-7.635114,48,4698.317101,-100.0,-0.66679146605456,0
-7.244265,53,4699.134564,-100.0,-0.7412437437492463,0
-6.910149,39,4699.747686,-100.0,-0.6485819475887966,0
-7.522602,53,4825.814863,-100.0,-0.6770703316132467,0
-12.309004,104,4827.445872,-100.0,-0.1847778458487668,0
-6.061521,38,4828.029965,-100.0,-0.8179885805073996,0
-7.52274,55,4828.908588,-100.0,-0.6712986482851038,0
-7.211375,38,4829.492604,-100.0,-0.613669849168036,0
-6.696201,44,4830.183414,-100.0,-0.6831388419289783,0
-7.191919,44,4830.864481,-100.0,-0.7325919135568448,0
-7.615266,57,4831.762357,-100.0,-0.7634670372151766,0
-7.551424,46,4832.473777,-100.0,-0.8355819163964231,0
-6.405869,40,4833.106673,-100.0,-0.6720362399605602,0
-6.63705,43,4833.787548,-100.0,-0.7346736009323694,0
-6.880123,39,4834.398796,-100.0,-0.6508726394222807,0
-7.237408,50,4835.178494,-100.0,-0.61858885246764,0
-7.916466,39,4835.786396,-100.0,-0.46009805979192964,0
-6.463777,49,4836.564645,-100.0,-0.777943947283514,0
-7.014584,40,4837.183253,-100.0,-0.6388033206941848,0
-6.609462,37,4837.779262,-100.0,-0.7066458975000415,0
-6.460576,38,4838.379905,-100.0,-0.8089864649117463,0
-6.516272,42,4839.043739,-100.0,-0.7635975080551114,0
-7.937432,40,4839.661176,-100.0,-0.6047138383469766,0
-10.96594,127,4841.64852,-100.0,-0.7584899706495449,0
-7.869009,39,4842.236335,-100.0,-0.3780358560876987,0
-7.499505,45,4842.961617,-100.0,-0.7151439818940255,0
-6.711448,45,4843.667451,-100.0,-0.7790220491299373,0
-6.210082,36,4844.205022,-100.0,-0.6689199980895428,0
-6.575336,45,4844.921208,-100.0,-0.7530104411757657,0
-7.182942,55,4845.791827,-100.0,-0.6945280889719425,0
-6.810721,40,4846.404128,-100.0,-0.7269281445154021,0
-6.830081,41,4847.046365,-100.0,-0.6129926423552451,0
-7.093487,48,4847.783386,-100.0,-0.6466428076939559,0
-7.238102,40,4848.403877,-100.0,-0.6378757915392286,0
-6.583362,39,4849.016036,-100.0,-0.6621206592614142,0
-7.542084,43,4849.689155,-100.0,-0.6276404665117762,0
-7.036543,42,4850.352507,-100.0,-0.6617457755173962,0
-6.542577,33,4850.874581,-100.0,-0.6217979012566207,0
-7.009433,39,4851.474199,-100.0,-0.8769017288508326,0
-6.934807,42,4852.130003,-100.0,-0.7779144293531806,0
-6.759851,41,4852.780388,-100.0,-0.6504747252693709,0
-7.317534,39,4853.393688,-100.0,-0.5948725175194909,0
-8.646222,64,4854.605858,-100.0,-0.6243376075193997,0
-7.042542,42,4855.256488,-100.0,-0.6920137018436832,0
-8.069901,43,4855.918795,-100.0,-0.6658788864209257,0
-7.152878,38,4856.534226,-100.0,-0.6165689096343485,0
-6.74351,40,4857.155792,-100.0,-0.6563904692771649,0
-6.738576,43,4857.816466,-100.0,-0.6607028458304363,0
-6.719369,43,4977.672613,-100.0,-0.7221395977580933,0
-7.394128,48,4978.4285,-100.0,-0.6683959557531158,0
-7.090852,50,4979.222887,-100.0,-0.6870507144766204,0
-6.256334,41,4979.895376,-100.0,-0.7638545117746766,0
-7.023072,43,4980.560018,-100.0,-0.715513488284835,0
-6.117069,39,4981.174981,-100.0,-0.7342068814094986,0
-7.321973,48,4981.937174,-100.0,-0.7226197846575909,0
-7.288638,41,4982.569861,-100.0,-0.7730600830150888,0
-7.045961,39,4983.199605,-100.0,-0.7783193933372533,0
-7.29365,40,4983.832922,-100.0,-0.7092880083844051,0
-9.164662,47,4984.563994,-100.0,-0.6367104189109399,0
-8.042202,69,4985.653478,-100.0,-0.7003561857660494,0
-6.895016,45,4986.361085,-100.0,-0.6658177604396188,0
-6.262213,35,4986.892246,-100.0,-0.7129152027730724,0
-6.984304,41,4987.534378,-100.0,-0.7331383969003925,0
-7.359981,41,4988.187311,-100.0,-0.6674507527396087,0
-7.327723,40,4988.817277,-100.0,-0.6363593348500146,0
-6.969069,40,4989.462427,-100.0,-0.656406729115439,0
-6.625513,37,4990.016639,-100.0,-0.7166746178223019,0
-6.495321,39,4990.637233,-100.0,-0.7667243314252492,0
-6.656686,41,4991.279307,-100.0,-0.7416292186680986,0
-6.889718,40,4991.933311,-100.0,-0.6613018156484374,0
-8.311189,50,4992.707528,-100.0,-0.611987866929272,0
-7.188514,40,4993.333426,-100.0,-0.6634678086935358,0
-7.154299,43,4994.020773,-100.0,-0.6910509411858047,0
-8.063488,52,4994.840698,-100.0,-0.6019760564878051,0
-9.180165,83,4996.153261,-100.0,-0.698769828560788,0
-7.196212,53,4996.983824,-100.0,-0.7094824981698108,0
-8.387626,57,4997.880888,-100.0,-0.6692342293430676,0
-7.183149,39,4998.502095,-100.0,-0.8044891027730028,0
-7.118411,42,4999.15475,-100.0,-0.7242874119717284,0
-7.448541,41,4999.788294,-100.0,-0.610251052439515,0
-7.152849,38,5000.406418,-100.0,-0.6404986482965811,0
-6.999667,42,5001.061058,-100.0,-0.6446122765893063,0
-6.853032,40,5001.687847,-100.0,-0.6586147367287178,0
-6.019433,38,5002.282665,-100.0,-0.7662999404356162,0
-6.496169,38,5002.875763,-100.0,-0.704527395660094,0
-6.384485,41,5003.523042,-100.0,-0.6848167065029586,0
-6.833754,42,5004.184324,-100.0,-0.642505943784254,0
-7.395576,38,5004.780344,-100.0,-0.6071820380561775,0
-7.488729,45,5005.492306,-100.0,-0.72430478384926,0
-7.484592,43,5006.165929,-100.0,-0.6263287581941825,0
-7.682153,48,5006.95128,-100.0,-0.6752722227793383,0
-6.805582,37,5007.513603,-100.0,-0.6892152568202602,0
-6.7441,43,5008.218421,-100.0,-0.7593570299077694,0
-7.252299,43,5008.875805,-100.0,-0.7813350712598411,0
-7.040937,43,5113.47589,-100.0,-0.7646798525559094,0
-6.969237,44,5114.17161,-100.0,-0.61826832563713,0
-6.673058,44,5114.870791,-100.0,-0.8011990729806685,0
-6.527434,39,5115.480523,-100.0,-0.6634397067580683,0
-6.152646,40,5116.122864,-100.0,-0.7487379015859994,0
-6.93519,43,5116.798877,-100.0,-0.7651170561717876,0
-7.436981,45,5117.514529,-100.0,-0.8540209068531462,0
-6.340882,36,5118.085145,-100.0,-0.7918568526460206,0
-6.827181,42,5118.7468,-100.0,-0.6455668552911942,0
-7.987718,51,5119.53816,-100.0,-0.7966032343381347,0
-7.035409,55,5120.40968,-100.0,-0.7225045110025495,0
-7.475724,44,5121.11995,-100.0,-0.638515614628871,0
-7.323984,43,5121.789768,-100.0,-0.7221492100543857,0
-6.579781,42,5122.477499,-100.0,-0.6608667080612112,0
-6.989165,45,5123.193083,-100.0,-0.6627188254500447,0
-6.493265,33,5123.704334,-100.0,-0.7986545910832059,0
-7.925604,54,5124.572543,-100.0,-0.5999652023218968,0
-6.473157,43,5125.254647,-100.0,-0.6946266008077279,0
-7.068881,36,5125.824057,-100.0,-0.6307757367926232,0
-6.520961,40,5126.451509,-100.0,-0.6293726532063111,0
-6.411153,43,5127.132324,-100.0,-0.7476150635872483,0
-7.416269,46,5127.862837,-100.0,-0.658463839368146,0
-7.771086,56,5128.726009,-100.0,-0.6100954246414656,0
-6.499154,37,5129.322207,-100.0,-0.729470294763644,0
-8.318829,42,5129.97263,-100.0,-0.7048233466742667,0
-6.684255,39,5130.588677,-100.0,-0.6905786468498964,0
-6.340163,43,5131.284855,-100.0,-0.7516955479783504,0
-6.932368,45,5131.987961,-100.0,-0.6240878162376766,0
-6.735581,40,5132.638845,-100.0,-0.5989887048798987,0
-8.113191,53,5133.492604,-100.0,-0.667389575539568,0
-7.299739,46,5134.227844,-100.0,-0.5992364882714458,0
-6.118922,41,5134.882508,-100.0,-0.7007867349991125,0
-6.971594,38,5135.48976,-100.0,-0.7548524123749155,0
-6.109085,35,5136.043626,-100.0,-0.752839848656469,0
-7.210932,51,5136.842808,-100.0,-0.7060008718111965,0
-7.45149,46,5137.569603,-100.0,-0.6130686578563257,0
-6.386883,42,5138.2508,-100.0,-0.6491426363896068,0
-7.605432,52,5139.057632,-100.0,-0.6793558868312601,0
-6.389761,35,5139.623064,-100.0,-0.7061284656130155,0
-6.203737,36,5140.192295,-100.0,-0.7683847040369656,0
-6.903254,40,5140.823088,-100.0,-0.6444409518403602,0
-7.322162,41,5141.469257,-100.0,-0.6753799958536325,0
-7.268498,42,5142.140725,-100.0,-0.6263801484268885,0
-7.1242,37,5142.728362,-100.0,-0.719119590465131,0
-7.104773,40,5143.363279,-100.0,-0.6036337471059994,0
-6.829787,38,5143.960769,-100.0,-0.5951546143798638,0
-6.065815,38,5144.582252,-100.0,-0.7974522767775494,0
-7.299109,47,5145.323074,-100.0,-0.6293590343403469,0
-9.19153,86,5268.582009,-100.0,-0.6313619210639275,0
-6.733792,44,5269.29629,-100.0,-0.7675245141324463,0
-6.166898,40,5269.93144,-100.0,-0.7026046148686242,0
-6.70869,43,5270.613385,-100.0,-0.675467738209398,0
-6.451211,40,5271.251819,-100.0,-0.7446828547887138,0
-7.022435,43,5271.945892,-100.0,-0.6062227050035603,0
-7.119712,41,5272.579213,-100.0,-0.6440990864045967,0
-6.140775,36,5273.158996,-100.0,-0.6578398323428136,0
-6.146235,39,5273.766128,-100.0,-0.720947823398345,0
-6.754185,43,5274.434229,-100.0,-0.6890967190079565,0
-6.396302,37,5275.029272,-100.0,-0.718686162650449,0
-6.535455,38,5275.645712,-100.0,-0.6980336824980954,0
-6.757314,42,5276.305653,-100.0,-0.6341174785065253,0
-7.953715,53,5277.147185,-100.0,-0.6265710690381355,0
-7.195497,44,5277.828387,-100.0,-0.6350061154976653,0
-7.02211,47,5278.580075,-100.0,-0.6046925830963037,0
-6.285234,42,5279.251325,-100.0,-0.6979202254542373,0
-6.761001,41,5279.893753,-100.0,-0.7222373053148969,0
-6.875715,43,5280.574199,-100.0,-0.6024353314192779,0
-6.769984,41,5281.220536,-100.0,-0.7561229216180744,0
-6.534615,41,5281.878103,-100.0,-0.6945897581617528,0
-6.572901,36,5282.451342,-100.0,-0.8241973927409061,0
-7.546928,57,5283.357342,-100.0,-0.7351522855942494,0
-6.557487,46,5284.075277,-100.0,-0.6713726583440143,0
-6.851099,42,5284.749551,-100.0,-0.5996736351681411,0
-8.646252,38,5285.34836,-100.0,-0.6643161555478547,0
-6.451521,40,5285.966672,-100.0,-0.7320290771904396,0
-7.158614,52,5286.82051,-100.0,-0.7342597840494679,0
-6.952403,42,5287.48556,-100.0,-0.7744698138106034,0
-6.416201,41,5288.133383,-100.0,-0.7282809021022522,0
-7.065554,46,5288.864745,-100.0,-0.655350943747475,0
-7.263143,46,5289.572773,-100.0,-0.6439024812764091,0
-6.610008,39,5290.196718,-100.0,-0.6601278107820742,0
-6.796652,37,5290.794174,-100.0,-0.6828243314327725,0
-6.597683,42,5291.465863,-100.0,-0.7143718923999895,0
-6.808844,41,5292.118775,-100.0,-0.5945362859184817,0
-5.971108,37,5292.686487,-100.0,-0.7881899820446048,0
-6.435333,44,5293.39035,-100.0,-0.7368885410799013,0
-7.106786,41,5294.036983,-100.0,-0.7064432601836648,0
-6.478188,41,5294.693512,-100.0,-0.650007397289901,0
-7.720762,47,5295.420811,-100.0,-0.6502342861692817,0
-6.195536,39,5296.047797,-100.0,-0.7583857784081555,0
-7.040993,51,5296.850475,-100.0,-0.762441135474151,0
-6.770108,37,5297.441431,-100.0,-0.708715655062698,0
-6.191162,41,5298.087863,-100.0,-0.8071976583180285,0
-6.677551,38,5298.690625,-100.0,-0.6420587685001513,0
-6.919276,39,5299.303288,-100.0,-0.6950385553569799,0
-6.463693,40,5299.937791,-100.0,-0.6242178696282552,0
-6.774411,44,5409.827113,-100.0,-0.670318794249441,0
-7.298906,49,5410.616258,-100.0,-0.598560733789013,0
-6.537979,44,5411.299533,-100.0,-0.7605951472125666,0
-6.422019,45,5412.019,-100.0,-0.7052499860558958,0
-6.523622,38,5412.618652,-100.0,-0.6391312579820354,0
-7.686171,45,5413.330357,-100.0,-0.6454888565812515,0
-6.575951,41,5413.980766,-100.0,-0.752203401573946,0
-7.436804,45,5414.70419,-100.0,-0.6491819103331417,0
-6.704204,48,5415.466517,-100.0,-0.6327853300552608,0
-6.792586,42,5416.143229,-100.0,-0.692679724505679,0
-7.551204,52,5417.172829,-100.0,-0.6265436028377568,0
-6.246572,38,5417.771208,-100.0,-0.7412737096788201,0
-6.554246,43,5418.474774,-100.0,-0.6544795434915316,0
-6.765021,41,5419.110615,-100.0,-0.6898455683717577,0
-6.835461,42,5419.794035,-100.0,-0.678408297765086,0
-6.478598,38,5420.394485,-100.0,-0.7016961009796174,0
-5.887555,37,5420.986514,-100.0,-0.7233118237294426,0
-8.243148,56,5421.891237,-100.0,-0.7043532681638837,0
-7.099396,46,5422.624828,-100.0,-0.6616540250464183,0
-7.129893,51,5423.410074,-100.0,-0.65876436971825,0
-7.117748,42,5424.088108,-100.0,-0.631257693151686,0
-6.331126,39,5424.719198,-100.0,-0.7370611040611776,0
-6.18467,42,5425.389305,-100.0,-0.7026975474323767,0
-6.104402,40,5426.031798,-100.0,-0.677170018985601,0
-6.865455,48,5426.783309,-100.0,-0.7535229162434687,0
-7.044824,43,5427.473077,-100.0,-0.6492696499394248,0
-6.654354,41,5428.129013,-100.0,-0.7657576004314791,0
-7.158018,47,5428.861033,-100.0,-0.6541073012227778,0
-7.057966,50,5429.665433,-100.0,-0.6464029333957365,0
-6.595747,41,5430.315812,-100.0,-0.711885134768105,0
-6.308438,43,5430.993319,-100.0,-0.6931751697632053,0
-7.306758,40,5431.621335,-100.0,-0.6322178699435097,0
-6.575483,42,5432.297939,-100.0,-0.6993840663351913,0
-6.387106,37,5432.893863,-100.0,-0.7272761330035539,0
-6.094316,36,5433.461883,-100.0,-0.7248326964621779,0
-7.204849,42,5434.127591,-100.0,-0.6309455618288496,0
-6.550937,44,5434.835831,-100.0,-0.735092665791679,0
-7.280411,45,5435.562752,-100.0,-0.6356129254344245,0
-6.331642,38,5436.154864,-100.0,-0.6969023893683159,0
-7.07416,37,5436.741099,-100.0,-0.7487046799372683,0
-6.948533,38,5437.354494,-100.0,-0.6678107151799503,0
-6.014413,35,5437.912958,-100.0,-0.7593837338996096,0
-6.766145,42,5438.590932,-100.0,-0.6184879745965638,0
-6.707304,46,5439.325873,-100.0,-0.6846792462667687,0
-5.939156,39,5439.924872,-100.0,-0.8533332684536622,0
-7.126109,37,5440.507339,-100.0,-0.7461970893906146,0
-7.019443,40,5441.149514,-100.0,-0.6077656709869778,0
-6.618374,43,5441.814482,-100.0,-0.7350786523907217,0
-6.222996,35,5543.857542,-100.0,-0.6860952015642958,0
-7.016505,43,5544.540086,-100.0,-0.7899903331243044,0
-7.922854,35,5545.11527,-100.0,-0.6773649829964516,0
-7.438659,43,5545.786049,-100.0,-0.6181820603474086,0
-6.781343,43,5546.486892,-100.0,-0.7037152787669664,0
-7.14314,42,5547.153333,-100.0,-0.6605850743219281,0
-5.890354,39,5547.78318,-100.0,-0.7263886061572167,0
-6.795624,40,5548.422812,-100.0,-0.7175353650142038,0
-6.75143,39,5549.058047,-100.0,-0.6955302087879631,0
-6.823578,42,5549.722785,-100.0,-0.7158990956665334,0
-6.41395,44,5550.429434,-100.0,-0.7658019188416806,0
-6.221189,37,5551.014931,-100.0,-0.7427561208761285,0
-6.500753,39,5551.651548,-100.0,-0.6853449679000237,0
-6.950853,50,5552.447474,-100.0,-0.7099258365362757,0
-6.723628,40,5553.080671,-100.0,-0.6915554540986014,0
-6.303828,37,5553.682204,-100.0,-0.7487973133085368,0
-6.520283,41,5554.317625,-100.0,-0.7555439368023882,0
-6.735071,39,5554.941831,-100.0,-0.8972060906963603,0
-6.3467,42,5555.613758,-100.0,-0.7176097888796835,0
-8.136524,60,5556.578154,-100.0,-0.8143342613928074,0
-7.336212,54,5557.442002,-100.0,-0.6488224658251666,0
-6.284062,39,5558.068565,-100.0,-0.7333785995298117,0
-6.396506,43,5558.763224,-100.0,-0.6964417621867496,0
-6.624887,43,5559.441793,-100.0,-0.7424161032855217,0
-6.600575,46,5560.176956,-100.0,-0.6981833308721842,0
-6.737901,50,5560.997122,-100.0,-0.7334633575719515,0
-6.146894,43,5561.681092,-100.0,-0.7837170794000435,0
-5.65856,35,5562.248107,-100.0,-0.8384739176233372,0
-6.276813,37,5562.827488,-100.0,-0.7133992197457381,0
-7.224843,40,5563.478357,-100.0,-0.6359201363441191,0
-6.638455,41,5564.112334,-100.0,-0.628668463456315,0
-6.53847,41,5564.770314,-100.0,-0.6514007149504686,0
-6.420561,47,5565.523399,-100.0,-0.7930931147364413,0
-6.805724,49,5566.317003,-100.0,-0.6741600896851987,0
-6.587312,39,5566.956533,-100.0,-0.664225502387725,0
-6.675119,41,5567.605747,-100.0,-0.8659132726949984,0
-6.920562,36,5568.176413,-100.0,-0.6490223399000172,0
-6.672656,43,5568.870886,-100.0,-0.6481076997766629,0
-6.390606,44,5569.579318,-100.0,-0.7592559015749945,0
-6.375512,40,5570.2042,-100.0,-0.6461523744528418,0
-7.619326,76,5571.41602,-100.0,-0.7212343195785302,0
-6.208981,42,5572.090265,-100.0,-0.7318892955475589,0
-6.628219,36,5572.668914,-100.0,-0.6374932492075864,0
-7.219383,38,5573.282938,-100.0,-0.6170350355809802,0
-6.697133,48,5574.054663,-100.0,-0.6864782535638282,0
-7.490537,46,5574.77157,-100.0,-0.6761242023608116,0
-7.062041,39,5575.38803,-100.0,-0.7357822150996371,0
-6.965777,39,5576.017902,-100.0,-0.6209813930216009,0
-6.817886,41,5692.131377,-100.0,-0.6315339332138085,0
-7.237236,52,5692.984721,-100.0,-0.7117770535272782,0
-7.604936,48,5693.75283,-100.0,-0.6186194440713066,0
-6.780003,42,5694.428055,-100.0,-0.6149369093129503,0
-6.309134,40,5695.080434,-100.0,-0.699548942179876,0
-6.5154,42,5695.757355,-100.0,-0.7012526234657871,0
-6.804225,43,5696.441462,-100.0,-0.6682563589359911,0
-6.117437,50,5697.221967,-100.0,-0.8707293392865854,0
-5.941113,37,5697.818188,-100.0,-0.7291414340182439,0
-6.651833,37,5698.429012,-100.0,-0.6101783503599354,0
-6.61793,40,5699.068736,-100.0,-0.642776056298559,0
-6.06972,36,5699.653685,-100.0,-0.7315404513047951,0
-6.840384,33,5700.181704,-100.0,-0.6031943514876686,0
-6.536916,41,5700.830217,-100.0,-0.6859839507299457,0
-5.947818,33,5701.371607,-100.0,-0.8028917710863067,0
-6.167892,36,5701.94275,-100.0,-0.6795047537593224,0
-6.110835,39,5702.558681,-100.0,-0.8216036522067046,0
-6.410409,38,5703.181516,-100.0,-0.5959839142151677,0
-6.647542,38,5703.792175,-100.0,-0.6356325336483828,0
-6.974603,43,5704.481208,-100.0,-0.6673367129855011,0
-6.410397,42,5705.162807,-100.0,-0.7116103975501845,0
-7.196968,56,5706.062826,-100.0,-0.7520756285314246,0
-7.595924,54,5706.929478,-100.0,-0.6672377321569293,0
-7.005554,46,5707.682824,-100.0,-0.7748819343527051,0
-6.467443,43,5708.385897,-100.0,-0.6793351888766469,0
-7.252714,40,5709.031487,-100.0,-0.6232363269693526,0
-6.709082,44,5709.732903,-100.0,-0.701793257068871,0
-6.654177,50,5710.541642,-100.0,-0.6922262374646492,0
-6.4544,44,5711.242085,-100.0,-0.701021462876799,0
-7.16541,50,5712.020617,-100.0,-0.6444625406397033,0
-6.705655,45,5712.765035,-100.0,-0.6403086235390365,0
-5.719357,36,5713.337526,-100.0,-0.8066541835771363,0
-6.608317,41,5714.008188,-100.0,-0.6906111699769946,0
-6.298316,39,5714.64062,-100.0,-0.7414750402083494,0
-5.990039,36,5715.22172,-100.0,-0.7224759417913531,0
-7.169522,57,5716.125506,-100.0,-0.8250121904611212,0
-6.293033,38,5716.73637,-100.0,-0.7462488991456434,0
-7.138976,37,5717.337374,-100.0,-0.7102215129035419,0
-6.449367,38,5717.9505,-100.0,-0.6778127575201564,0
-6.504928,42,5718.620994,-100.0,-0.6731755428424373,0
-6.808058,42,5719.301702,-100.0,-0.6875900923761951,0
-6.374354,39,5719.932743,-100.0,-0.8943572892632755,0
-6.769018,39,5720.558163,-100.0,-0.8153430384447917,0
-6.218942,41,5721.201546,-100.0,-0.6983334503507375,0
-6.543193,43,5721.902059,-100.0,-0.8984713610288152,0
-6.343852,46,5722.650174,-100.0,-0.6821916519671465,0
-6.466014,39,5723.274826,-100.0,-0.7316744829988269,0
-6.564791,46,5724.00693,-100.0,-0.7193454846879447,0
-6.824293,46,5724.745556,-100.0,-0.7866887159811589,0
-7.03375,37,5840.874118,-100.0,-0.6649281360410012,0
-7.173594,40,5841.513206,-100.0,-0.6717894800526437,0
-5.868304,36,5842.103058,-100.0,-0.7409395909983348,0
-5.932337,42,5842.779467,-100.0,-0.7374213540540009,0
-6.837875,45,5843.504477,-100.0,-0.6364068597726051,0
-6.398891,36,5844.083549,-100.0,-0.6466118422515901,0
-6.66025,42,5844.762982,-100.0,-0.6641878111069284,0
-6.852885,49,5845.539799,-100.0,-0.6769601853910066,0
-6.290498,40,5846.189122,-100.0,-0.6483539406355012,0
-6.339981,35,5846.753214,-100.0,-0.6533046581369489,0
-6.666093,38,5847.369574,-100.0,-0.6873627267102427,0
-6.552838,43,5848.06797,-100.0,-0.8004881363445324,0
-6.809238,45,5848.792167,-100.0,-0.6108845171068624,0
-6.262537,40,5849.428774,-100.0,-0.7369524714871849,0
-6.31117,40,5850.068616,-100.0,-0.7285140138780613,0
-6.464148,40,5850.71811,-100.0,-0.6262233734266084,0
-6.804356,42,5851.398109,-100.0,-0.6672498917077887,0
-6.60432,38,5852.00508,-100.0,-0.6982225819211929,0
-7.220568,44,5852.726335,-100.0,-0.6712078899673629,0
-6.727457,57,5853.625801,-100.0,-0.6516228458782569,0
-6.200998,37,5854.22002,-100.0,-0.7051115129698697,0
-6.42842,43,5854.911334,-100.0,-0.6750131772788542,0
-6.56489,36,5855.486219,-100.0,-0.6835576559507056,0
-6.4773,38,5856.092157,-100.0,-0.6770008301096174,0
-6.308193,37,5856.684693,-100.0,-0.6780820385079371,0
-6.94911,39,5857.309603,-100.0,-0.675183042953322,0
-6.595617,47,5858.075943,-100.0,-0.7264648050448669,0
-6.759747,40,5858.715002,-100.0,-0.6795615517210845,0
-6.200978,38,5859.321276,-100.0,-0.6788989164259962,0
-6.697845,39,5859.948512,-100.0,-0.7047259759766055,0
-6.369665,40,5860.587387,-100.0,-0.6754639130542597,0
-6.520889,40,5861.236307,-100.0,-0.7062273178700275,0
-6.980402,41,5861.912519,-100.0,-0.7303065379961939,0
-6.721403,42,5862.597572,-100.0,-0.7010954249614404,0
-6.720309,39,5863.221074,-100.0,-0.7067326959217225,0
-5.930653,36,5863.7993,-100.0,-0.7833442580494662,0
-6.234739,40,5864.43553,-100.0,-0.8091102137652768,0
-6.674868,47,5865.378517,-100.0,-0.6358143885832843,0
-6.166994,40,5866.025699,-100.0,-0.7222155731595983,0
-6.649899,40,5866.679162,-100.0,-0.6546517687765828,0
-6.37495,40,5867.318595,-100.0,-0.73873460123088,0
-6.226621,42,5867.985966,-100.0,-0.7552025026815654,0
-6.215667,39,5868.600967,-100.0,-0.820619438029083,0
-6.79788,42,5869.310296,-100.0,-0.5889126524333159,0
-6.578384,46,5870.053117,-100.0,-0.6921492765907699,0
-5.880451,36,5870.640425,-100.0,-0.7466387934036937,0
-6.523339,41,5871.289756,-100.0,-0.7002240257600211,0
-6.70482,41,5871.953863,-100.0,-0.6297054803321618,0
-6.56051,40,5872.579705,-100.0,-0.7211569080994454,0
-6.583818,41,5873.24947,-100.0,-0.8896305981550435,0
-6.423311,38,5993.228927,-100.0,-0.6550781134053664,0
-6.236355,38,5993.837559,-100.0,-0.6840600215211203,0
-6.218777,33,5994.373184,-100.0,-0.6695268745908763,0
-6.069559,39,5995.001652,-100.0,-0.6392810558962875,0
-6.414383,39,5995.639573,-100.0,-0.6526258658136828,0
-6.245403,39,5996.262799,-100.0,-0.6820646032571065,0
-6.272552,40,5996.918244,-100.0,-0.8708705231790562,0
-5.926366,42,5997.587202,-100.0,-0.7467538956544999,0
-6.589343,46,5998.33862,-100.0,-0.7807879294713364,0
-6.417601,37,5998.946819,-100.0,-0.6976158876005382,0
-6.051172,40,5999.596689,-100.0,-0.817753272525632,0
-6.346307,37,6000.19562,-100.0,-0.6485081386963196,0
-6.137009,42,6000.86689,-100.0,-0.704108155634964,0
-6.491181,43,6001.569623,-100.0,-0.8020371041232683,0
-5.929597,41,6002.234138,-100.0,-0.7591284172974405,0
-6.162524,42,6002.914173,-100.0,-0.7025017191303796,0
-5.988441,36,6003.495103,-100.0,-0.7977894399303794,0
-6.032307,37,6004.096562,-100.0,-0.7638025210652549,0
-6.914374,41,6004.763683,-100.0,-0.6815072216242551,0
-5.720983,33,6005.296363,-100.0,-0.8937120454906557,0
-6.431367,39,6005.9318,-100.0,-0.6953898989433211,0
-6.280873,39,6006.57526,-100.0,-0.7083609100202333,0
-7.114709,36,6007.133761,-100.0,-0.7165868616186477,0
-6.489503,33,6007.683237,-100.0,-0.6126700411043259,0
-6.1486,34,6008.22857,-100.0,-0.627605280381442,0
-6.492384,38,6008.85732,-100.0,-0.676362763065808,0
-6.302825,42,6009.531807,-100.0,-0.680335701923306,0
-6.363063,40,6010.168955,-100.0,-0.7399632616899015,0
-6.207441,40,6010.83017,-100.0,-0.7721843354041884,0
-6.72088,39,6011.455355,-100.0,-0.7724866829150961,0
-5.831723,36,6012.050887,-100.0,-0.8870882293568402,0
-6.557654,37,6012.63744,-100.0,-0.7040291068702911,0
-6.367095,35,6013.20569,-100.0,-0.6247189629693412,0
-6.882165,41,6013.870206,-100.0,-0.6573898608157116,0
-6.6962,40,6014.511386,-100.0,-0.7020134868449548,0
-6.815624,43,6015.194658,-100.0,-0.7116724899723702,0
-6.409631,43,6015.90249,-100.0,-0.6797591659048595,0
-6.197261,33,6016.430774,-100.0,-0.6486970005694785,0
-5.787254,40,6017.075173,-100.0,-0.8004679673557604,0
-6.90351,43,6017.762678,-100.0,-0.6724696665693012,0
-5.978907,40,6018.416717,-100.0,-0.7706698321368797,0
-6.352446,35,6018.980716,-100.0,-0.6161634163899018,0
-6.089876,38,6019.619635,-100.0,-0.6797249089402198,0
-5.867615,33,6020.134812,-100.0,-0.7175430603344005,0
-6.380498,40,6020.79591,-100.0,-0.667560103139566,0
-6.804093,50,6021.595069,-100.0,-0.9490745506817861,0
-6.190986,35,6022.155572,-100.0,-0.7479402815913911,0
-6.373426,40,6022.805845,-100.0,-0.673897505309562,0
-6.83218,39,6023.434315,-100.0,-0.6248450252769091,0
-6.145123,42,6024.139821,-100.0,-0.7660742440107959,0
-6.568243,39,6024.752164,-100.0,-0.6727870097306549,0
-7.075356,47,6025.518376,-100.0,-0.6323554578138811,0
-6.925522,50,6144.843772,-100.0,-0.6318665220765484,0
-6.209369,41,6145.574738,-100.0,-0.7496813295389806,0
-6.132149,39,6146.263103,-100.0,-0.7644408283342647,0
-6.074735,34,6146.848177,-100.0,-0.628090606465851,0
-6.078509,40,6147.554264,-100.0,-0.720687942563055,0
-6.565754,41,6148.292579,-100.0,-0.7020458924372874,0
-6.518533,43,6149.026808,-100.0,-0.6726268593507808,0
-6.121775,40,6149.732223,-100.0,-0.6577574238002767,0
-6.105801,37,6150.389093,-100.0,-0.7390696411751378,0
-7.01278,45,6151.197731,-100.0,-0.6908534639244199,0
-6.332515,38,6151.844224,-100.0,-0.7312132666404326,0
-5.881677,34,6152.444769,-100.0,-0.7372403642634157,0
-6.065448,42,6153.180207,-100.0,-0.8445523755022766,0
-6.162491,34,6153.781493,-100.0,-0.6159295689600728,0
-6.411698,45,6154.579135,-100.0,-0.7227508764217968,0
-6.210496,37,6155.219564,-100.0,-0.8320442659538896,0
-6.044073,33,6155.806656,-100.0,-0.6422817523392418,0
-5.896415,37,6156.460671,-100.0,-0.8298907339905663,0
-6.652432,41,6157.20439,-100.0,-0.6811156826254745,0
-6.366168,39,6157.882651,-100.0,-0.6993216029444622,0
-6.055003,39,6158.56302,-100.0,-0.6994405219485318,0
-5.827618,34,6159.152337,-100.0,-0.7947132880591792,0
-6.432243,43,6159.91235,-100.0,-0.7649369628562892,0
-6.705113,45,6160.695042,-100.0,-0.6749981557909153,0
-6.864031,46,6161.505461,-100.0,-0.6728308130467376,0
-6.339157,34,6162.091348,-100.0,-0.6410144226505282,0
-6.464592,44,6162.868837,-100.0,-0.7629489067768264,0
-6.662695,44,6163.648734,-100.0,-0.7861555320449148,0
-6.335511,41,6164.367092,-100.0,-0.6475919131925412,0
-5.993538,41,6165.095777,-100.0,-0.801797783171783,0
-6.218351,36,6165.718174,-100.0,-0.7001935779892687,0
-6.187222,44,6166.495639,-100.0,-0.6508694475866822,0
-6.572615,42,6167.227321,-100.0,-0.7087065802665841,0
-5.659003,36,6167.866899,-100.0,-0.7954848275644228,0
-6.311455,37,6168.506387,-100.0,-0.9618952529803015,0
-5.898569,37,6169.147105,-100.0,-0.776304429337846,0
-6.069012,39,6169.824791,-100.0,-0.675618367878522,0
-6.360002,39,6170.525164,-100.0,-0.6596055143369048,0
-6.160007,41,6171.250712,-100.0,-0.746407251435347,0
-6.811335,42,6171.98937,-100.0,-0.6486551319185848,0
-6.889341,43,6172.739289,-100.0,-0.6947391975051349,0
-5.551254,38,6173.409,-100.0,-0.8020499042443255,0
-6.098184,41,6174.128934,-100.0,-0.7869432510216726,0
-6.309695,42,6174.850192,-100.0,-0.7842124043493423,0
-5.988003,44,6175.628641,-100.0,-0.8395198556444515,0
-6.308582,43,6176.371161,-100.0,-0.881889601945935,0
-7.030155,37,6177.027253,-100.0,-0.8105075649185659,0
-7.055257,48,6177.865414,-100.0,-0.6384153453606769,0
-6.454095,36,6178.51046,-100.0,-0.5999321546774354,0
-7.405367,45,6179.292697,-100.0,-0.7126544525083017,0
-6.19434,38,6179.964007,-100.0,-0.8024314057460166,0
-5.814825,34,6301.525746,-100.0,-0.7034640162098256,0
-6.294202,39,6302.158241,-100.0,-0.6551164273649668,0
-5.681183,33,6302.70378,-100.0,-0.7189883883709614,0
-6.462875,36,6303.285759,-100.0,-0.819159354761092,0
-6.411534,38,6303.901588,-100.0,-0.8140420173924448,0
-6.410379,41,6304.581146,-100.0,-0.638129630794899,0
-5.793735,34,6305.129188,-100.0,-0.7313027931126748,0
-6.510931,43,6305.824676,-100.0,-0.6442713538752458,0
-6.937076,44,6306.558656,-100.0,-0.648704213794096,0
-6.246017,41,6307.236284,-100.0,-0.7481172943517952,0
-5.901749,43,6307.941979,-100.0,-0.8132362442116572,0
-6.300279,40,6308.607565,-100.0,-0.766600451373811,0
-6.24824,36,6309.166114,-100.0,-0.7180374185673418,0
-6.319078,41,6309.847982,-100.0,-0.6320085563317042,0
-6.025833,40,6310.492008,-100.0,-0.8267095651663848,0
-6.069871,42,6311.172187,-100.0,-0.7611209864254234,0
-6.143384,34,6311.725138,-100.0,-0.6636309368765478,0
-6.617868,36,6312.31598,-100.0,-0.62068510802939,0
-6.015248,35,6312.877043,-100.0,-0.6764235507454289,0
-6.575563,38,6313.495681,-100.0,-0.7098716785136545,0
-6.27449,40,6314.143662,-100.0,-0.6394474346545033,0
-6.413572,41,6314.820798,-100.0,-0.6685281144648695,0
-6.338948,41,6315.499301,-100.0,-0.6956391151273026,0
-5.889922,36,6316.078296,-100.0,-0.7160881562898063,0
-6.016494,35,6316.653894,-100.0,-0.7153152157201689,0
-6.091177,36,6317.244622,-100.0,-0.7088260862034063,0
-6.24192,45,6317.967994,-100.0,-0.7084263421377909,0
-6.104024,35,6318.54673,-100.0,-0.6948848371562838,0
-5.928863,35,6319.129399,-100.0,-0.8493673249597689,0
-5.957337,34,6319.670001,-100.0,-0.6323545898742835,0
-6.052264,33,6320.194377,-100.0,-0.7493848892774608,0
-6.038358,44,6320.91879,-100.0,-0.7789210863589593,0
-6.209176,35,6321.493098,-100.0,-0.7488312009025051,0
-6.054272,39,6322.139127,-100.0,-0.6845097329299022,0
-5.803261,39,6322.766117,-100.0,-0.8196282713993097,0
-6.441245,40,6323.439028,-100.0,-0.677536602467637,0
-6.311676,39,6324.082338,-100.0,-0.8366382971112816,0
-6.710169,43,6324.777863,-100.0,-0.6600631863595012,0
-6.144118,41,6325.450173,-100.0,-0.7422284501685337,0
-6.085622,39,6326.083248,-100.0,-0.7551720398826243,0
-6.370105,36,6326.676572,-100.0,-0.6819727396143453,0
-6.10756,39,6327.308685,-100.0,-0.6928685031201685,0
-6.410034,42,6328.00678,-100.0,-0.7194141662391034,0
-6.18299,33,6328.533872,-100.0,-0.6631999827344838,0
-6.684624,42,6329.229722,-100.0,-0.6731880002987217,0
-5.902833,43,6329.942783,-100.0,-0.8334968101537023,0
-6.169147,36,6330.514571,-100.0,-0.7811690770434248,0
-6.465859,34,6331.057266,-100.0,-0.6386364556339483,0
-5.913712,43,6331.756968,-100.0,-0.6876980085491146,0
-5.913453,32,6332.300553,-100.0,-0.8839017695612045,0
-5.848842,36,6332.890751,-100.0,-0.7133380524372035,0
-6.565612,34,6333.458216,-100.0,-0.6912838322162014,0
-6.8751,38,6334.06302,-100.0,-0.709368581295507,0
-6.299734,36,6334.652527,-100.0,-0.6256544427413717,0
-6.552327,46,6452.275279,-100.0,-0.7474972228729305,0
-6.654912,46,6453.029547,-100.0,-0.6227794680274912,0
-5.825197,34,6453.601066,-100.0,-0.7594678148784393,0
-6.05332,37,6454.197922,-100.0,-0.6885077555357555,0
-6.353032,41,6454.891421,-100.0,-0.6972737651233852,0
-6.20534,35,6455.471293,-100.0,-0.6701737687391032,0
-6.583518,42,6456.159406,-100.0,-0.6378554198550769,0
-6.13818,45,6456.906041,-100.0,-0.7045673996746888,0
-5.820506,42,6457.603355,-100.0,-0.7536476976538636,0
-6.077655,35,6458.163508,-100.0,-0.7393925842127477,0
-6.830323,40,6458.824323,-100.0,-0.6564289194762934,0
-5.934013,34,6459.38289,-100.0,-0.7165044795615986,0
-5.940763,39,6460.024602,-100.0,-0.7823816485739111,0
-5.954275,35,6460.603161,-100.0,-0.715785422589862,0
-6.187013,40,6461.263251,-100.0,-0.7275951872868301,0
-5.930045,41,6461.923309,-100.0,-0.721681224916601,0
-5.826856,40,6462.582762,-100.0,-0.790802220702084,0
-6.463224,37,6463.190385,-100.0,-0.700236385522736,0
-5.810398,36,6463.789105,-100.0,-0.747634666582816,0
-5.672603,34,6464.345915,-100.0,-0.7582324868516094,0
-6.091953,35,6464.92002,-100.0,-0.6417530634055594,0
-5.711985,33,6465.440686,-100.0,-0.7125292454350278,0
-6.146348,34,6466.016635,-100.0,-0.683152868298683,0
-6.118391,37,6466.626565,-100.0,-0.6764417657111477,0
-5.777193,41,6467.29899,-100.0,-0.7308842536577062,0
-5.830764,35,6467.876316,-100.0,-0.7469742174645767,0
-6.495269,45,6468.603263,-100.0,-0.9203627244299796,0
-6.398221,45,6469.331858,-100.0,-0.7009131246845873,0
-6.543322,36,6469.922124,-100.0,-0.6431058231268714,0
-6.074916,39,6470.571156,-100.0,-0.8978862596345983,0
-6.508629,38,6471.196048,-100.0,-0.6847736907731129,0
-6.41762,45,6471.935071,-100.0,-0.8039328134702792,0
-5.55999,33,6472.46917,-100.0,-0.7974394335362296,0
-6.708278,46,6473.229356,-100.0,-0.7133516819251288,0
-6.153189,42,6473.922744,-100.0,-0.7225114384366745,0
-5.698068,33,6474.46009,-100.0,-0.7837405391906106,0
-5.71923,33,6474.993238,-100.0,-0.7891492521685581,0
-5.978046,33,6475.535775,-100.0,-0.6968768661311775,0
-6.090557,38,6476.163817,-100.0,-0.728571313525077,0
-6.715679,50,6476.996408,-100.0,-0.615559658661777,0
-6.729191,31,6477.494361,-100.0,-0.6787858353116354,0
-6.244699,36,6478.085123,-100.0,-0.689198750735091,0
-6.338357,40,6478.751526,-100.0,-0.7046283035693602,0
-6.210309,36,6479.342764,-100.0,-0.729300314914484,0
-6.373463,41,6480.006622,-100.0,-0.6816322778026862,0
-5.899249,35,6480.59192,-100.0,-0.6939233738549286,0
-5.644896,32,6481.096877,-100.0,-0.7542896844730673,0
-5.943796,34,6481.654119,-100.0,-0.6262756346428253,0
-5.984239,39,6482.287251,-100.0,-0.7336130154812867,0
-5.929224,42,6482.968037,-100.0,-0.8579552498146401,0
-5.84737,35,6483.54686,-100.0,-0.6750085911400235,0
-6.792449,46,6484.308602,-100.0,-0.6739842848360216,0
-5.912929,37,6484.91429,-100.0,-0.8521916183414894,0
-6.310981,41,6601.67655,-100.0,-0.7335268184107923,0
-6.235538,34,6602.234243,-100.0,-0.6911506915361907,0
-5.621806,33,6602.772266,-100.0,-0.7910757855580672,0
-6.158389,43,6603.475818,-100.0,-0.6394397865738858,0
-5.757665,33,6604.026197,-100.0,-0.7965989976806453,0
-6.479962,42,6604.715474,-100.0,-0.6349678903923425,0
-6.484604,36,6605.30711,-100.0,-0.6375406496884429,0
-6.10428,35,6605.873859,-100.0,-0.6254067876201556,0
-6.037845,34,6606.437363,-100.0,-0.756252860428612,0
-6.147498,35,6607.012981,-100.0,-0.6765837778081883,0
-6.229145,38,6607.645657,-100.0,-0.6339228349360817,0
-5.94879,44,6608.380627,-100.0,-0.8016654759964406,0
-6.425259,35,6608.936016,-100.0,-0.716955799083304,0
-6.142145,34,6609.494728,-100.0,-0.6972749081284667,0
-6.713669,37,6610.114422,-100.0,-0.6956982770316925,0
-5.528087,33,6610.655716,-100.0,-0.8117891352322396,0
-5.981342,38,6611.281153,-100.0,-0.805664864400488,0
-6.204621,43,6611.997472,-100.0,-0.7027388667694694,0
-5.995097,42,6612.688086,-100.0,-0.7616244679528508,0
-6.034095,43,6613.388131,-100.0,-0.8527906859564552,0
-6.425405,40,6614.035518,-100.0,-0.643775074654285,0
-5.57945,34,6614.602491,-100.0,-0.7575006007237505,0
-6.642865,36,6615.191988,-100.0,-0.7127776138930629,0
-5.736184,34,6615.771066,-100.0,-0.7564371068582758,0
-6.201215,41,6616.432852,-100.0,-0.7161536696075191,0
-5.912162,38,6617.067472,-100.0,-0.6881417923700973,0
-5.727337,33,6617.61564,-100.0,-0.7540610976287294,0
-5.942815,44,6618.317074,-100.0,-0.7738762921084218,0
-6.274377,36,6618.920892,-100.0,-0.6206280274143102,0
-5.884632,34,6619.480744,-100.0,-0.7258387473800382,0
-5.589292,33,6620.030789,-100.0,-0.7757596966281289,0
-6.469833,46,6620.763932,-100.0,-0.7326132954193517,0
-5.868353,37,6621.382067,-100.0,-0.7520644329570398,0
-6.273024,35,6621.954304,-100.0,-0.6571691142088092,0
-6.342491,34,6622.517511,-100.0,-0.6643676074278023,0
-5.9804,40,6623.181305,-100.0,-0.8431016817305481,0
-6.679955,45,6623.938531,-100.0,-0.7631001393507315,0
-6.368518,37,6624.542916,-100.0,-0.7382324230099684,0
-6.273159,41,6625.219809,-100.0,-0.7784144057474423,0
-6.706627,43,6625.920772,-100.0,-0.6500153828531552,0
-5.700381,34,6626.477752,-100.0,-0.7010107770135819,0
-5.834066,43,6627.197423,-100.0,-0.7537099297347224,0
-6.391056,39,6627.829875,-100.0,-0.7177050517135466,0
-5.705247,39,6628.477167,-100.0,-0.7833076463043944,0
-6.092447,34,6629.031074,-100.0,-0.6835302975497582,0
-6.238718,34,6629.591622,-100.0,-0.6783035218421444,0
-5.948702,33,6630.129934,-100.0,-0.704000822796054,0
-6.55346,40,6630.802253,-100.0,-0.6284814420830196,0
-5.541027,38,6631.409634,-100.0,-0.8219930285495289,0
-6.149369,37,6632.02862,-100.0,-0.7877732574697907,0
-6.306141,33,6632.56849,-100.0,-0.6504420723813995,0
-5.537824,35,6633.139561,-100.0,-0.7542125659143732,0
-6.385687,40,6633.798983,-100.0,-0.6389348459507236,0
-6.043874,38,6634.423423,-100.0,-0.6247012683965522,0
-6.228217,39,6635.060222,-100.0,-0.6584563220289024,0
-6.150251,40,6751.370313,-100.0,-0.7582635113736665,0
-5.631784,36,6751.953166,-100.0,-0.7439398847327547,0
-5.997011,42,6752.662327,-100.0,-0.6826080025845505,0
-5.901053,34,6753.216592,-100.0,-0.7314267160182979,0
-6.387569,40,6753.891626,-100.0,-0.7670977750220049,0
-6.269201,41,6754.567075,-100.0,-0.7635261170513845,0
-6.419426,36,6755.160152,-100.0,-0.6674919880647494,0
-5.905987,34,6755.721372,-100.0,-0.6866779031246971,0
-6.022793,37,6756.329372,-100.0,-0.7295466229194467,0
-6.136063,41,6757.010804,-100.0,-0.7027400648855043,0
-6.275636,35,6757.58653,-100.0,-0.6940552908850078,0
-6.275206,34,6758.149572,-100.0,-0.6451635406487726,0
-6.188733,38,6758.776193,-100.0,-0.6610815697688711,0
-5.979497,40,6759.433561,-100.0,-0.685467301140666,0
-5.877916,35,6760.020038,-100.0,-0.7238657813057008,0
-5.648631,34,6760.580482,-100.0,-0.7433289720376811,0
-6.482152,44,6761.319139,-100.0,-0.690754725954827,0
-5.58889,33,6761.86239,-100.0,-0.7442832993058113,0
-6.49945,43,6762.567019,-100.0,-0.735266923601873,0
-6.269716,37,6763.172904,-100.0,-0.6408233978570631,0
-5.941574,39,6763.823519,-100.0,-0.8033636474621387,0
-5.898899,37,6764.422156,-100.0,-0.8472986238650035,0
-5.63213,38,6765.046305,-100.0,-0.7834357658276115,0
-6.31852,40,6765.722673,-100.0,-0.7228646229149507,0
-6.079382,34,6766.283255,-100.0,-0.7095040638398954,0
-5.981824,35,6766.86478,-100.0,-0.6982458603695768,0
-6.130307,38,6767.499132,-100.0,-0.6513405362783098,0
-5.931479,34,6768.051314,-100.0,-0.8145180042368607,0
-6.332216,34,6768.611645,-100.0,-0.634677367249742,0
-5.728631,33,6769.154695,-100.0,-0.6561558698243509,0
-5.803209,32,6769.68457,-100.0,-0.7625395151530797,0
-5.985958,35,6770.273043,-100.0,-0.6615382946635975,0
-5.970914,34,6770.839091,-100.0,-0.6401555928621302,0
-5.881063,33,6771.391134,-100.0,-0.7306943401086792,0
-6.074894,38,6772.021735,-100.0,-0.6911040221995931,0
-5.926589,36,6772.606285,-100.0,-0.6546344955940607,0
-6.614397,46,6773.348748,-100.0,-0.6511572901986775,0
-5.723261,33,6773.904819,-100.0,-0.8198894005111577,0
-5.991961,40,6774.56254,-100.0,-0.6972622640270367,0
-5.762815,37,6775.187674,-100.0,-0.7374897221688924,0
-6.22143,40,6775.853017,-100.0,-0.7906532941555281,0
-6.427502,37,6776.456436,-100.0,-0.6181490591186575,0
-6.208042,35,6777.045753,-100.0,-0.6060445914559645,0
-5.964764,39,6777.684944,-100.0,-0.7722815680242409,0
-6.198067,43,6778.380533,-100.0,-0.804527543106695,0
-6.47441,41,6779.059308,-100.0,-0.607123242316702,0
-6.153948,35,6779.627964,-100.0,-0.6497802210929443,0
-5.839202,39,6780.283886,-100.0,-0.707793725725185,0
-6.212763,35,6780.859277,-100.0,-0.9087422698404736,0
-5.815027,33,6781.414959,-100.0,-0.773715126272071,0
-5.626541,34,6781.977542,-100.0,-0.7056876999755316,0
-5.864708,34,6782.545788,-100.0,-0.603335771910053,0
-6.338458,36,6783.145181,-100.0,-0.7702850734873231,0
-6.375116,43,6783.849356,-100.0,-0.856376273109818,0
-5.87037,38,6784.459481,-100.0,-0.7919244626507482,0
-6.257475,35,6903.543567,-100.0,-0.6250860487352419,0
-6.27748,40,6904.212471,-100.0,-0.7099825214897305,0
-5.897651,36,6904.807378,-100.0,-0.7257976625159238,0
-5.715751,33,6905.368168,-100.0,-0.8309158704123631,0
-6.386993,38,6906.004864,-100.0,-0.6681187756498054,0
-5.897294,33,6906.548943,-100.0,-0.6978127151189342,0
-6.583515,35,6907.114283,-100.0,-0.6117701785368065,0
-6.402009,35,6907.698654,-100.0,-0.6794091733034074,0
-5.961937,40,6908.35645,-100.0,-0.8810274596906712,0
-6.303697,46,6909.142732,-100.0,-0.711928093776813,0
-5.985541,34,6909.711359,-100.0,-0.6688312595631162,0
-5.847117,37,6910.312019,-100.0,-0.7187401445738116,0
-6.429005,35,6910.896799,-100.0,-0.6850485193598301,0
-5.938823,33,6911.434975,-100.0,-0.7080797982865028,0
-6.235458,46,6912.212992,-100.0,-0.8834981065414248,0
-5.807142,34,6912.783398,-100.0,-0.6682073005485951,0
-5.93291,35,6913.3598,-100.0,-0.8885517245741117,0
-5.421942,33,6913.900961,-100.0,-0.9012731871685623,0
-6.073965,34,6914.462365,-100.0,-0.6719446870646753,0
-6.581535,34,6915.025126,-100.0,-0.6143787132087837,0
-6.016684,38,6915.648802,-100.0,-0.7346285841146802,0
-6.527785,38,6916.279801,-100.0,-0.6807948071026596,0
-6.315112,39,6916.941563,-100.0,-0.6681072467699118,0
-6.187452,38,6917.565709,-100.0,-0.6299399001075362,0
-6.5248,40,6918.227547,-100.0,-0.6398762760385827,0
-5.969073,37,6918.834304,-100.0,-0.8282499347613569,0
-6.108134,33,6919.372501,-100.0,-0.7632598931878981,0
-5.656727,34,6919.949308,-100.0,-0.8139414494766873,0
-5.755421,39,6920.580199,-100.0,-0.8273262317400262,0
-5.878605,37,6921.195706,-100.0,-0.7314812137688415,0
-5.905587,36,6921.793776,-100.0,-0.7136681439695992,0
-5.553499,33,6922.345423,-100.0,-0.7770228657817583,0
-5.702307,38,6922.970829,-100.0,-0.804990875656208,0
-6.115116,43,6923.683194,-100.0,-0.7808199528991587,0
-6.014884,37,6924.279004,-100.0,-0.733945990206157,0
-6.087324,35,6924.878324,-100.0,-0.7004082307925623,0
-5.784455,35,6925.453639,-100.0,-0.7197598199687023,0
-6.10172,40,6926.111633,-100.0,-0.7281159783580082,0
-5.905528,40,6926.771795,-100.0,-0.7661751613612122,0
-6.13658,40,6927.425606,-100.0,-0.683107641502768,0
-6.563155,39,6928.070344,-100.0,-0.6620674091064404,0
-5.704209,33,6928.624362,-100.0,-0.7505533943937525,0
-6.016294,37,6929.229787,-100.0,-0.682172455339408,0
-5.751424,33,6929.768554,-100.0,-0.7893713251571098,0
-6.120172,34,6930.332128,-100.0,-0.7013957801431432,0
-6.206375,38,6930.965653,-100.0,-0.639406166549462,0
-5.966703,43,6931.666962,-100.0,-0.7697339305343015,0
-5.590316,40,6932.344448,-100.0,-0.7563120543811281,0
-6.533817,37,6932.942593,-100.0,-0.6293635190813142,0
-5.570352,33,6933.506912,-100.0,-0.7632502929572166,0
-6.106516,44,6934.216223,-100.0,-0.9143875832625381,0
-5.955556,39,6934.85827,-100.0,-0.7839962731795257,0
-5.627707,37,6935.477077,-100.0,-0.7472039384758195,0
-6.906041,34,6936.050718,-100.0,-0.5610627134925238,0
-5.959125,37,6936.657475,-100.0,-0.705384844084281,0
-5.863109,35,7033.182776,-100.0,-0.750126630032371,0
-5.922932,38,7033.81415,-100.0,-0.8830087628981589,0
-6.201806,33,7034.36892,-100.0,-0.6862682950495215,0
-5.758808,33,7034.900403,-100.0,-0.7166780319374082,0
-5.853298,33,7035.452174,-100.0,-0.730203443480108,0
-5.569302,32,7035.982198,-100.0,-0.770886904088596,0
-5.87561,38,7036.605266,-100.0,-0.7040976765464217,0
-6.309661,34,7037.176401,-100.0,-0.7448871910779741,0
-5.740129,33,7037.736685,-100.0,-0.7820889555797627,0
-6.109882,35,7038.320123,-100.0,-0.6682485498200261,0
-5.69982,35,7038.905658,-100.0,-0.8215615380986506,0
-5.943805,35,7039.484593,-100.0,-0.7698330865151359,0
-5.756251,35,7040.068408,-100.0,-0.8196791270191361,0
-5.541029,33,7040.628404,-100.0,-0.8438640572036719,0
-5.781961,35,7041.214568,-100.0,-0.7219438131309468,0
-6.081853,41,7041.876412,-100.0,-0.6935559292022102,0
-5.757293,34,7042.447223,-100.0,-0.785871023534561,0
-5.734037,34,7043.007136,-100.0,-0.7522563714317544,0
-6.004198,41,7043.674387,-100.0,-0.6545143266399519,0
-6.062141,34,7044.243171,-100.0,-0.6609155709159223,0
-5.727019,34,7044.817846,-100.0,-0.7409327756836038,0
-5.852273,33,7045.365478,-100.0,-0.7740709447504477,0
-5.815913,33,7045.900776,-100.0,-0.7353584744980554,0
-5.784308,38,7046.539526,-100.0,-0.702016602894465,0
-6.140096,41,7047.218501,-100.0,-0.7099242583385272,0
-6.077981,42,7047.907375,-100.0,-0.7738879701841114,0
-5.796258,33,7048.455406,-100.0,-0.8455180230272692,0
-5.492838,33,7049.008854,-100.0,-0.8093759634854802,0
-5.845966,37,7049.613608,-100.0,-0.7711216453229437,0
-6.220308,37,7050.24762,-100.0,-0.6558556045249635,0
-5.682603,40,7050.892547,-100.0,-0.8064340073127791,0
-6.139356,33,7051.448133,-100.0,-0.648951596129166,0
-5.94649,33,7052.004205,-100.0,-0.697935948817371,0
-5.877558,37,7052.614171,-100.0,-0.7878322944120344,0
-6.227719,35,7053.188608,-100.0,-0.6981363485063444,0
-6.381197,45,7053.935911,-100.0,-0.7578891080935161,0
-6.113829,39,7054.589832,-100.0,-0.7303284184394782,0
-5.729509,36,7055.18054,-100.0,-0.731984047215874,0
-5.445412,33,7055.723891,-100.0,-0.8013022308126807,0
-5.607345,34,7056.295383,-100.0,-0.6129990402325463,0
-5.86009,33,7056.84026,-100.0,-0.7814498516182958,0
-6.312745,35,7057.422473,-100.0,-0.6366651100584566,0
-5.57825,32,7057.955147,-100.0,-0.7618925284724204,0
-6.067157,37,7058.563267,-100.0,-0.6437954239054372,0
-6.039823,39,7059.20682,-100.0,-0.6848952429454894,0
-6.003641,33,7059.751986,-100.0,-0.6895025177113656,0
-5.947563,43,7060.485767,-100.0,-0.784459098152025,0
-6.193611,34,7061.047745,-100.0,-0.635688076373303,0
-5.601436,32,7061.58746,-100.0,-0.759156840579236,0
-5.808669,34,7062.154464,-100.0,-0.6746176169883686,0
-6.038865,35,7062.731176,-100.0,-0.7366530493793366,0
-5.796862,33,7063.281545,-100.0,-0.7258539077045274,0
-6.223987,36,7063.875359,-100.0,-0.67972632628259,0
-5.718292,33,7064.419765,-100.0,-0.7838097621415778,0
-5.781787,39,7065.082455,-100.0,-0.8466350269648224,0
-6.615083,49,7065.885517,-100.0,-0.8830234915465894,0
-5.477473,34,7066.459361,-100.0,-0.7498828673662975,0
-5.857782,37,7067.085755,-100.0,-0.704585420271918,0
-5.807341,38,7174.165134,-100.0,-0.7594043062364716,0
-6.03912,34,7174.73369,-100.0,-0.6323623428275323,0
-6.445498,41,7175.413739,-100.0,-0.6570383035570965,0
-5.626559,39,7176.056412,-100.0,-0.8218947870083825,0
-5.919578,34,7176.613263,-100.0,-0.7114788716720163,0
-5.614003,33,7177.16911,-100.0,-0.8329741643526118,0
-6.009462,36,7177.765731,-100.0,-0.810334036346482,0
-5.819971,34,7178.351438,-100.0,-0.7637968845758706,0
-5.63865,33,7178.883415,-100.0,-0.6762387444944012,0
-5.91193,33,7179.429725,-100.0,-0.6338218023863951,0
-6.139082,37,7180.033686,-100.0,-0.7673684895298232,0
-6.068523,38,7180.689427,-100.0,-0.7153444239399293,0
-5.39396,33,7181.239525,-100.0,-0.8197308954515095,0
-5.963096,43,7181.958375,-100.0,-0.7553133262832187,0
-5.808264,35,7182.546686,-100.0,-0.7950390550325107,0
-5.567069,35,7183.1344,-100.0,-0.900472949454792,0
-6.058593,38,7183.767975,-100.0,-0.7768163075316218,0
-5.550879,33,7184.311222,-100.0,-0.8212776124990501,0
-6.082492,34,7184.886969,-100.0,-0.7119173975963976,0
-5.972665,34,7185.447955,-100.0,-0.7514274212965525,0
-5.868958,40,7186.119738,-100.0,-0.6629898584573455,0
-6.78613,37,7186.727541,-100.0,-0.6967810883412134,0
-5.712469,34,7187.308554,-100.0,-0.8023656110216631,0
-5.720471,33,7187.854533,-100.0,-0.6235246201460592,0
-5.678173,34,7188.430996,-100.0,-0.8088395450309454,0
-6.004378,34,7188.998146,-100.0,-0.7802366847374301,0
-5.870606,33,7189.547928,-100.0,-0.6313617938568249,0
-5.603408,34,7190.114446,-100.0,-0.874750549291541,0
-5.710377,38,7190.742269,-100.0,-0.6889223029278072,0
-6.766741,41,7191.432447,-100.0,-0.7210499932380358,0
-5.916506,33,7191.987027,-100.0,-0.6920857261849954,0
-6.031816,34,7192.524321,-100.0,-0.6535216676922929,0
-5.695842,33,7193.083223,-100.0,-0.8433395603541229,0
-5.89247,34,7193.647061,-100.0,-0.7236545338722226,0
-5.618669,32,7194.185819,-100.0,-0.8942947756219617,0
-6.104478,37,7194.808829,-100.0,-0.7474600600642002,0
-5.934281,40,7195.467511,-100.0,-0.7544486643427497,0
-6.051756,34,7196.02563,-100.0,-0.7216700686719275,0
-6.283238,34,7196.608398,-100.0,-0.6739727060904368,0
-5.723986,34,7197.180304,-100.0,-0.637252312924428,0
-5.619743,32,7197.70565,-100.0,-0.7814577124033313,0
-5.994069,42,7198.410134,-100.0,-0.7097877799492409,0
-5.850027,35,7198.989074,-100.0,-0.6965201367036181,0
-6.016863,32,7199.525997,-100.0,-0.734096258087119,0
-5.741581,41,7200.201576,-100.0,-0.8517826826335632,0
-5.958151,36,7200.810804,-100.0,-0.7232401474221357,0
-5.770399,33,7201.354687,-100.0,-0.7082538297497192,0
-5.753358,34,7201.931801,-100.0,-0.709221188025107,0
-5.685546,33,7202.475803,-100.0,-0.69935271905739,0
-5.857545,33,7203.021073,-100.0,-0.7338787914797765,0
-6.438221,43,7203.743695,-100.0,-0.7749211614457883,0
-5.831605,40,7204.413675,-100.0,-0.6815237385997701,0
-5.559206,34,7204.969939,-100.0,-0.8358576312709421,0
-5.962362,40,7205.618468,-100.0,-0.6592473681609919,0
-5.820092,36,7206.208529,-100.0,-0.7024701467574903,0
-5.731557,34,7206.78827,-100.0,-0.8780810242656953,0
-6.168651,33,7207.347359,-100.0,-0.6718424331104794,0
-6.127887,39,7314.648156,-100.0,-0.8459302932742019,0
-5.87052,38,7315.272576,-100.0,-0.7872185654997698,0
-5.763602,34,7315.841461,-100.0,-0.8221754958189614,0
-5.564811,32,7316.391746,-100.0,-0.8481121028443944,0
-5.95985,42,7317.086672,-100.0,-0.6971037102178352,0
-6.054451,34,7317.655619,-100.0,-0.6837942268767564,0
-5.991536,33,7318.214605,-100.0,-0.6888067412140044,0
-5.731916,34,7318.797438,-100.0,-0.6982534264121392,0
-5.877243,35,7319.384283,-100.0,-0.7241524363763083,0
-5.771822,43,7320.103256,-100.0,-0.762000350734408,0
-6.01615,42,7320.795682,-100.0,-0.7159253112940852,0
-6.336,37,7321.422352,-100.0,-0.6808730485801694,0
-6.09041,34,7321.988764,-100.0,-0.7374797510626726,0
-6.27284,35,7322.578761,-100.0,-0.7049966623931886,0
-5.750415,35,7323.164391,-100.0,-0.7685102363469731,0
-5.948591,35,7323.752813,-100.0,-0.7136427561228736,0
-5.820816,39,7324.387006,-100.0,-0.7355838962255723,0
-5.682365,34,7324.951553,-100.0,-0.7917310648618887,0
-5.66629,33,7325.500977,-100.0,-0.7690997137161666,0
-5.963005,34,7326.07619,-100.0,-0.6150012300989929,0
-6.166626,38,7326.716228,-100.0,-0.7654742992220669,0
-5.663851,34,7327.282795,-100.0,-0.6360943429274409,0
-5.856863,38,7327.921323,-100.0,-0.8583957362879774,0
-6.515704,43,7328.628418,-100.0,-0.6478135931883389,0
-6.413183,45,7329.39589,-100.0,-0.681279770760173,0
-6.12152,40,7330.072337,-100.0,-0.7593505819975646,0
-6.4207,41,7330.766077,-100.0,-0.693863610423164,0
-5.478351,38,7331.383925,-100.0,-0.8378600575602109,0
-5.972469,34,7331.964335,-100.0,-0.6464649944046756,0
-5.747295,36,7332.569103,-100.0,-0.6681884408642434,0
-6.04382,36,7333.166127,-100.0,-0.6468441832417465,0
-5.837991,33,7333.715292,-100.0,-0.6938713770399555,0
-5.655027,33,7334.280648,-100.0,-0.7449468103412321,0
-5.473979,32,7334.797113,-100.0,-0.7822018962683763,0
-5.594067,33,7335.35993,-100.0,-0.8159568706712185,0
-6.094466,34,7335.930928,-100.0,-0.70565808400497,0
-5.945842,36,7336.550081,-100.0,-0.7337461628265964,0
-5.967935,34,7337.10854,-100.0,-0.6911165994172964,0
-5.783151,38,7337.738297,-100.0,-0.7910618886900368,0
-6.040719,34,7338.309075,-100.0,-0.6889252729899001,0
-5.929231,40,7338.960629,-100.0,-0.708113635461461,0
-6.081158,33,7339.515623,-100.0,-0.6394347395764708,0
-5.905149,40,7340.18457,-100.0,-0.7863224350145938,0
-5.66848,34,7340.760451,-100.0,-0.7450527596222366,0
-5.53128,33,7341.312298,-100.0,-0.7850048565060812,0
-5.837491,35,7341.896038,-100.0,-0.7479556757792145,0
-5.925649,33,7342.445053,-100.0,-0.7947077079285949,0
-6.036323,40,7343.103814,-100.0,-0.7303181788096771,0
-5.918086,35,7343.690513,-100.0,-0.793646230250032,0
-6.158617,36,7344.277373,-100.0,-0.7700451384424152,0
-5.473341,34,7344.854808,-100.0,-0.8328014951841626,0
-6.080374,34,7345.426843,-100.0,-0.7022195658043932,0
-6.109218,36,7346.034957,-100.0,-0.6783470777182276,0
-5.78797,35,7346.618438,-100.0,-0.8635555877231196,0
-6.060948,34,7347.188858,-100.0,-0.7020862927693318,0
-6.212178,33,7347.743516,-100.0,-0.6859154578084828,0
-5.793965,33,7348.307427,-100.0,-0.7008956250106092,0
-5.874763,38,7477.668661,-100.0,-0.8447979581235588,0
-5.710817,33,7478.231896,-100.0,-0.7172924275432276,0
-5.688356,32,7478.781628,-100.0,-0.7706192233157187,0
-5.841985,34,7479.342721,-100.0,-0.7371499570981133,0
-5.92912,33,7479.898096,-100.0,-0.6792172170906797,0
-5.911262,33,7480.450639,-100.0,-0.6665394414638485,0
-5.519893,35,7481.030201,-100.0,-0.8303850347220385,0
-5.733031,34,7481.594746,-100.0,-0.925637082710121,0
-5.815873,33,7482.149606,-100.0,-0.7790900576229098,0
-6.169282,35,7482.719988,-100.0,-0.5841842328819015,0
-6.2362,35,7483.324219,-100.0,-0.6511601170639446,0
-6.369939,39,7483.964244,-100.0,-0.6397846378638112,0
-5.833433,33,7484.509392,-100.0,-0.8100784443119996,0
-5.956741,35,7485.108851,-100.0,-0.6867718568261844,0
-5.589456,33,7485.661741,-100.0,-0.8358596702189834,0
-6.035787,34,7486.238498,-100.0,-0.6476919569173615,0
-5.658906,36,7486.836791,-100.0,-0.751836194453298,0
-5.742556,33,7487.399352,-100.0,-0.7399347805388949,0
-6.3117,39,7488.060081,-100.0,-0.6751492707207069,0
-5.879307,38,7488.704087,-100.0,-0.7225796759193478,0
-5.928066,37,7489.317231,-100.0,-0.7887227275039557,0
-5.878115,33,7489.866471,-100.0,-0.669725407481272,0
-6.073038,40,7490.529361,-100.0,-0.6377647658594258,0
-5.8121,35,7491.110897,-100.0,-0.7726471673598477,0
-6.021001,35,7491.694962,-100.0,-0.7583484375846766,0
-6.173701,42,7492.382215,-100.0,-0.6543205297163871,0
-6.427507,32,7492.922317,-100.0,-0.6855931047728424,0
-5.801051,34,7493.496076,-100.0,-0.7582219187916268,0
-5.784194,39,7494.151558,-100.0,-0.7134046921910384,0
-6.089138,41,7494.873225,-100.0,-0.7752954357872297,0
-6.05695,32,7495.396953,-100.0,-0.7057245819298481,0
-6.007034,34,7495.965548,-100.0,-0.8374112699052352,0
-5.4748,32,7496.499511,-100.0,-0.82466673814025,0
-5.847407,33,7497.057705,-100.0,-0.7742002669173923,0
-5.979175,33,7497.601607,-100.0,-0.6284911082356722,0
-5.979867,35,7498.19928,-100.0,-0.6596771685215976,0
-6.238044,34,7498.772552,-100.0,-0.6891259039490752,0
-5.669274,33,7499.307858,-100.0,-0.8439803016562424,0
-5.887124,34,7499.875516,-100.0,-0.6947298295215694,0
-5.718051,36,7500.482116,-100.0,-0.756779511554171,0
-5.622054,34,7501.055576,-100.0,-0.7502149047316491,0
-6.248072,35,7501.628067,-100.0,-0.6318497194682183,0
-5.615077,39,7502.289746,-100.0,-0.8054643835259385,0
-5.897807,33,7502.849518,-100.0,-0.7872273072828667,0
-5.64337,32,7503.383923,-100.0,-0.8495183750951518,0
-5.996171,41,7504.085713,-100.0,-0.7297685943893734,0
-5.653322,34,7504.654522,-100.0,-0.77709428474382,0
-6.065535,33,7505.211195,-100.0,-0.7263517278068599,0
-6.134227,35,7505.783346,-100.0,-0.6283075518021313,0
-5.767881,33,7506.338093,-100.0,-0.7334603435739092,0
-5.601861,33,7506.878592,-100.0,-0.7752016984162251,0
-5.734499,32,7507.42253,-100.0,-0.8146630818770405,0
-5.928775,38,7508.061172,-100.0,-0.7733310246208845,0
-5.506173,32,7508.601817,-100.0,-0.8192847238700017,0
-6.032296,38,7509.23959,-100.0,-0.6830979536347541,0
-6.561297,34,7509.809597,-100.0,-0.6324764712752267,0
-6.058549,35,7510.401772,-100.0,-0.6926430706113578,0
-5.586141,32,7510.933967,-100.0,-0.8189856369637033,0
-6.361154,41,7511.619448,-100.0,-0.7042306377750902,0
-6.458462,35,7636.451498,-100.0,-0.6919568450531696,0
-6.259261,34,7637.034359,-100.0,-0.6449443797407106,0
-5.622617,32,7637.569211,-100.0,-0.880957687144706,0
-6.177982,37,7638.194343,-100.0,-0.6763291225810381,0
-5.759817,34,7638.769602,-100.0,-0.7642253473900414,0
-5.657415,35,7639.346077,-100.0,-0.7768410828806527,0
-5.702787,33,7639.892743,-100.0,-0.7348957974610404,0
-6.124973,34,7640.475017,-100.0,-0.6736207931569017,0
-5.799257,34,7641.041044,-100.0,-0.7237786747296618,0
-5.518289,33,7641.597847,-100.0,-0.7738602397796215,0
-5.656418,34,7642.17253,-100.0,-0.7627523811216589,0
-5.448077,33,7642.724296,-100.0,-0.8345142713718827,0
-5.825808,33,7643.278571,-100.0,-0.7507395386130291,0
-6.100746,41,7643.965632,-100.0,-0.7661655766632814,0
-6.223775,35,7644.5639,-100.0,-0.693372922988515,0
-5.838808,33,7645.117101,-100.0,-0.6733029477049418,0
-5.444121,33,7645.682831,-100.0,-0.8254545432061341,0
-6.30604,41,7646.342422,-100.0,-0.7267719600670355,0
-5.914648,34,7646.918279,-100.0,-0.7173913940382994,0
-5.935885,32,7647.450614,-100.0,-0.776066821753371,0
-6.357793,42,7648.148621,-100.0,-0.6877948453965312,0
-5.831981,38,7648.783813,-100.0,-0.7914676284912967,0
-5.770532,34,7649.354974,-100.0,-0.7581630779623857,0
-6.234778,38,7649.993531,-100.0,-0.6145267689335138,0
-5.938047,35,7650.583122,-100.0,-0.7350625254914334,0
-5.76646,34,7651.143823,-100.0,-0.7218627443264233,0
-5.383419,33,7651.706444,-100.0,-0.7927013634078732,0
-5.948314,40,7652.390144,-100.0,-0.7002593642350659,0
-5.611528,34,7652.971864,-100.0,-0.8544878522515053,0
-5.79351,33,7653.494552,-100.0,-0.7503138229812067,0
-5.471722,40,7654.185178,-100.0,-0.8328854237322622,0
-5.728701,33,7654.73979,-100.0,-0.902516949689739,0
-5.630776,32,7655.258241,-100.0,-0.8153208627561993,0
-5.573978,33,7655.819113,-100.0,-0.772229767852758,0
-6.079333,43,7656.547624,-100.0,-0.7590491732390482,0
-5.590637,34,7657.118957,-100.0,-0.800898243836955,0
-5.710876,34,7657.69618,-100.0,-0.7766021562909299,0
-5.80089,34,7658.260349,-100.0,-0.7006378535336074,0
-6.04051,34,7658.832636,-100.0,-0.740731920527104,0
-5.345937,32,7659.367553,-100.0,-0.8608777381437932,0
-5.73097,40,7660.023837,-100.0,-0.8160559051539995,0
-5.880311,36,7660.643775,-100.0,-0.7178119546640009,0
-5.77504,34,7661.201631,-100.0,-0.6671858592144903,0
-5.511957,34,7661.75983,-100.0,-0.8445005769248851,0
-6.127714,39,7662.438545,-100.0,-0.6201944840010452,0
-6.022615,35,7663.033699,-100.0,-0.7147646550904185,0
-5.897226,34,7663.603655,-100.0,-0.6301885196513001,0
-5.474531,33,7664.164444,-100.0,-0.7448159427032195,0
-6.089439,33,7664.705075,-100.0,-0.6588852606160053,0
-5.594715,35,7665.301968,-100.0,-0.7618521852803551,0
-5.303251,33,7665.855422,-100.0,-0.8757933338211188,0
-5.892905,33,7666.416943,-100.0,-0.7588298356419375,0
-5.912544,35,7667.005191,-100.0,-0.7080603312111075,0
-5.473106,34,7667.575346,-100.0,-0.8731380644484394,0
-6.404309,33,7668.125656,-100.0,-0.7289344903921752,0
-5.528045,33,7668.670152,-100.0,-0.7674599516843195,0
-5.852029,33,7669.232994,-100.0,-0.6376889551532894,0
-6.064173,35,7669.825906,-100.0,-0.7665238840275458,0
-6.168357,42,7791.11528,-100.0,-0.6673608695946495,0
-6.323736,43,7791.832024,-100.0,-0.6665785363986482,0
-6.202494,41,7792.510165,-100.0,-0.6684530418764232,0
-6.500021,34,7793.073141,-100.0,-0.604911047040392,0
-5.85704,33,7793.636847,-100.0,-0.6768931688790292,0
-5.983239,33,7794.201059,-100.0,-0.6794441109930024,0
-5.605828,33,7794.748482,-100.0,-0.8689781090149783,0
-5.798176,34,7795.324037,-100.0,-0.6094901404667948,0
-5.962601,34,7795.900924,-100.0,-0.7176998559683919,0
-5.662233,34,7796.479244,-100.0,-0.7588798633199508,0
-5.747254,41,7797.153571,-100.0,-0.8024676988940656,0
-6.12436,36,7797.763972,-100.0,-0.87951667662528,0
-5.585057,33,7798.325819,-100.0,-0.8053160693712723,0
-5.588747,33,7798.882195,-100.0,-0.7949156309910295,0
-6.227046,38,7799.537296,-100.0,-0.6775669023184879,0
-5.855663,35,7800.133427,-100.0,-0.6988562080191209,0
-5.505083,33,7800.69307,-100.0,-0.8402783933479103,0
-5.918251,39,7801.33338,-100.0,-0.7568917697416205,0
-5.682862,33,7801.889092,-100.0,-0.7681684962733079,0
-6.256317,34,7802.465474,-100.0,-0.7152460651877929,0
-6.357286,43,7803.19667,-100.0,-0.8380065434720245,0
-5.842398,33,7803.748823,-100.0,-0.6565762851700945,0
-5.376546,37,7804.366317,-100.0,-0.8432209509986665,0
-5.708471,39,7805.03032,-100.0,-0.8180620568598563,0
-5.65344,33,7805.590878,-100.0,-0.7518972599512769,0
-5.739887,34,7806.162488,-100.0,-0.6868615306791176,0
-6.262954,34,7806.740039,-100.0,-0.6829485755768804,0
-5.773702,34,7807.306812,-100.0,-0.790185497108692,0
-5.847423,35,7807.892615,-100.0,-0.6782258967881568,0
-5.878918,34,7808.451697,-100.0,-0.8140646605750801,0
-5.723666,33,7809.020286,-100.0,-0.8167096885222062,0
-5.674548,34,7809.591375,-100.0,-0.822702969927204,0
-6.220667,34,7810.167911,-100.0,-0.7282245726076455,0
-5.436186,33,7810.716657,-100.0,-0.8110227593620576,0
-5.75173,34,7811.290609,-100.0,-0.7492979108225375,0
-6.048471,36,7811.903086,-100.0,-0.6964671446584609,0
-5.579369,37,7812.522771,-100.0,-0.7727678152796904,0
-6.209766,34,7813.096527,-100.0,-0.6884842785429667,0
-5.449574,33,7813.640243,-100.0,-0.8060417879253232,0
-5.674824,32,7814.16884,-100.0,-0.8305470600087583,0
-6.271553,42,7814.889578,-100.0,-0.7885268877661641,0
-5.40678,32,7815.418039,-100.0,-0.8409982443114032,0
-5.440524,34,7815.984258,-100.0,-0.8200602466740949,0
-5.848241,34,7816.573827,-100.0,-0.7058477566522288,0
-5.46238,33,7817.120481,-100.0,-0.81451985899935,0
-6.805918,36,7817.730033,-100.0,-0.6754886439071155,0
-5.518837,32,7818.280168,-100.0,-0.8193198344856011,0
-5.947356,34,7818.846422,-100.0,-0.7255950501110617,0
-5.616626,32,7819.365886,-100.0,-0.7978694859759072,0
-6.105543,35,7819.965116,-100.0,-0.7341714856222445,0
-5.836121,34,7820.528317,-100.0,-0.7106813516647651,0
-5.888218,34,7821.091763,-100.0,-0.6551417469259874,0
-5.865444,37,7821.713815,-100.0,-0.7558675568056721,0
-5.669315,37,7822.353004,-100.0,-0.7326650375475308,0
-6.0142,33,7822.911521,-100.0,-0.6839786281929554,0
-5.37524,32,7823.432807,-100.0,-0.7635302963363472,0
-6.03282,34,7824.002482,-100.0,-0.7106720650308715,0
-5.892491,33,7824.548156,-100.0,-0.6638851278115935,0
-5.53788,35,7825.130673,-100.0,-0.8649427381148502,0
-5.746861,33,7954.714634,-100.0,-0.7040114183668711,0
-5.882878,33,7955.312245,-100.0,-0.6782463588197298,0
-6.28105,34,7955.934893,-100.0,-0.6586029347257981,0
-6.103675,34,7956.55831,-100.0,-0.6773517423297882,0
-5.908584,35,7957.201656,-100.0,-0.6772288005739145,0
-5.650809,35,7957.827154,-100.0,-0.785315643156441,0
-5.87968,32,7958.407544,-100.0,-0.822367909473722,0
-5.456263,32,7958.986205,-100.0,-0.8780371798191573,0
-5.569652,34,7959.597975,-100.0,-0.7623879621477745,0
-6.069963,33,7960.201738,-100.0,-0.7367763296118313,0
-5.914407,39,7960.914534,-100.0,-0.7210886512622919,0
-5.445624,34,7961.540406,-100.0,-0.8821774155603441,0
-5.631746,32,7962.11723,-100.0,-0.828177934550707,0
-5.855381,36,7962.772084,-100.0,-0.8247975277573301,0
-5.495894,33,7963.373016,-100.0,-0.7805073761354929,0
-5.66143,33,7963.983132,-100.0,-0.7007794274820985,0
-5.665534,32,7964.566269,-100.0,-0.8246350108288516,0
-5.788371,33,7965.17523,-100.0,-0.765139518014571,0
-5.910536,39,7965.87544,-100.0,-0.8269115233393941,0
-5.404482,32,7966.472322,-100.0,-0.8862962609781233,0
-6.259597,39,7967.17467,-100.0,-0.751568096913056,0
-5.447898,39,7967.873519,-100.0,-0.8247866094994599,0
-5.854177,32,7968.456338,-100.0,-0.7346080560712962,0
-5.987653,35,7969.085902,-100.0,-0.6331044114115585,0
-5.653223,32,7969.677488,-100.0,-0.8199012313547022,0
-5.592014,33,7970.282818,-100.0,-0.79793315401339,0
-5.836614,40,7971.003438,-100.0,-0.6786011877830588,0
-5.70102,33,7971.595372,-100.0,-0.7249049239469523,0
-6.013197,34,7972.21759,-100.0,-0.6322428916076175,0
-6.42648,43,7973.003211,-100.0,-0.840003168664246,0
-5.908735,34,7973.610213,-100.0,-0.6471143562553167,0
-5.606344,35,7974.260854,-100.0,-0.8581143952276334,0
-6.516193,42,7975.037542,-100.0,-0.7080989023396554,0
-5.717615,33,7975.622944,-100.0,-0.7948039125093063,0
-5.812467,37,7976.287549,-100.0,-0.8092655987524748,0
-6.762687,44,7977.08295,-100.0,-0.6764254794312119,0
-5.831568,34,7977.703277,-100.0,-0.7850919920072348,0
-5.798295,33,7978.313428,-100.0,-0.7117667113583155,0
-5.627258,33,7978.911506,-100.0,-0.8254852787714204,0
-5.684538,33,7979.514667,-100.0,-0.8554550181578537,0
-5.429329,33,7980.108844,-100.0,-0.7793142727154201,0
-5.597947,35,7980.751255,-100.0,-0.7801562014156537,0
-6.097402,33,7981.351286,-100.0,-0.6679116799385946,0
-5.553881,32,7981.948104,-100.0,-0.8067615362988156,0
-6.05192,34,7982.560992,-100.0,-0.695625837272446,0
-5.588861,34,7983.191528,-100.0,-0.8291659797884108,0
-5.584087,34,7983.812797,-100.0,-0.7343765375140713,0
-5.920448,34,7984.430531,-100.0,-0.6338302707168104,0
-6.059819,33,7985.040169,-100.0,-0.7734699803840608,0
-5.402987,34,7985.659427,-100.0,-0.8757206805077915,0
-5.849299,33,7986.25929,-100.0,-0.6996409271993261,0
-5.785208,36,7986.919768,-100.0,-0.6729335122966638,0
-5.611587,34,7987.544564,-100.0,-0.8446276354573209,0
-5.515721,33,7988.147012,-100.0,-0.8342207031285407,0
-5.936715,34,7988.772405,-100.0,-0.6376197677076207,0
-6.303857,40,7989.472946,-100.0,-0.7137717159951649,0
-6.017393,35,7990.109734,-100.0,-0.7410724617997204,0
-5.787455,35,7990.757772,-100.0,-0.7340163636594726,0
-5.744768,33,7991.350605,-100.0,-0.700513074860572,0
-5.902985,34,8110.324033,-100.0,-0.701108976757267,0
-5.478032,33,8110.882253,-100.0,-0.8223040665193011,0
-5.998389,36,8111.483609,-100.0,-0.7456074445967409,0
-5.677869,35,8112.070778,-100.0,-0.7928981655194585,0
-5.975692,35,8112.663164,-100.0,-0.7389166878443337,0
-5.995841,32,8113.203676,-100.0,-0.6366771404705844,0
-5.712437,41,8113.891137,-100.0,-0.7571939860918842,0
-5.716312,40,8114.56589,-100.0,-0.8042020739634219,0
-6.057749,42,8115.289616,-100.0,-0.7329627104195047,0
-5.686897,33,8115.852793,-100.0,-0.8233455986884759,0
-5.977394,34,8116.429312,-100.0,-0.7193812773719012,0
-5.848875,34,8116.994616,-100.0,-0.959437350081937,0
-5.547527,33,8117.545231,-100.0,-0.7229134916685326,0
-6.076753,34,8118.125258,-100.0,-0.6787141067399178,0
-5.747162,33,8118.67486,-100.0,-0.7236270154344943,0
-5.70329,33,8119.225045,-100.0,-0.6855608250417683,0
-6.21,42,8119.937848,-100.0,-0.7179289233679681,0
-5.926921,33,8120.489482,-100.0,-0.6713427070224895,0
-5.428919,34,8121.070555,-100.0,-0.8538575585884695,0
-6.01261,38,8121.703602,-100.0,-0.7074748888295284,0
-6.175502,36,8122.305482,-100.0,-0.7228637581356664,0
-5.898337,33,8122.871904,-100.0,-0.7255439120655394,0
-5.577671,33,8123.434505,-100.0,-0.7400760102595464,0
-5.866952,31,8123.955296,-100.0,-0.6510568694567633,0
-5.944579,36,8124.550657,-100.0,-0.6786939407608604,0
-6.061656,33,8125.104552,-100.0,-0.8271601154341344,0
-5.63152,38,8125.748738,-100.0,-0.7711372954105438,0
-5.812713,33,8126.310328,-100.0,-0.7469103718202087,0
-5.611475,33,8126.86984,-100.0,-0.7562671920519708,0
-6.046194,34,8127.442212,-100.0,-0.6859035765117358,0
-5.945168,33,8127.991283,-100.0,-0.6725445715788555,0
-5.754549,32,8128.543472,-100.0,-0.7591628118727596,0
-6.026692,33,8129.100686,-100.0,-0.6874697824310824,0
-5.436205,37,8129.714866,-100.0,-0.8715178907457742,0
-5.745115,34,8130.290891,-100.0,-0.7105887822338216,0
-5.872876,33,8130.847264,-100.0,-0.7559202529920143,0
-5.39332,33,8131.402726,-100.0,-0.8443236900137601,0
-5.479809,33,8131.963921,-100.0,-0.7681656437143202,0
-5.736035,33,8132.518356,-100.0,-0.6516177989362607,0
-5.519966,33,8133.066748,-100.0,-0.8183401577218379,0
-5.686198,36,8133.682043,-100.0,-0.725918941473409,0
-5.476821,32,8134.221852,-100.0,-0.7451800630848807,0
-5.822489,34,8134.80261,-100.0,-0.6377478821098297,0
-5.878277,36,8135.419788,-100.0,-0.7588403798539107,0
-5.583886,32,8135.95933,-100.0,-0.7869980046616233,0
-6.003538,39,8136.62474,-100.0,-0.7531797281298382,0
-6.009611,36,8137.233731,-100.0,-0.7118230296459747,0
-5.385749,33,8137.792933,-100.0,-0.828864570204443,0
-5.779789,36,8138.404463,-100.0,-0.7069108554657149,0
-5.741548,40,8139.059198,-100.0,-0.7897864345322093,0
-5.307797,32,8139.609994,-100.0,-0.8589110096815068,0
-5.796117,45,8140.331451,-100.0,-0.701477427970006,0
-5.801468,33,8140.890882,-100.0,-0.7600846690627829,0
-5.373818,32,8141.438772,-100.0,-0.8584487625987729,0
-5.994819,33,8142.002895,-100.0,-0.7754534007435242,0
-6.239739,41,8142.700766,-100.0,-0.677236702312426,0
-5.588717,41,8143.370031,-100.0,-0.7723941217453081,0
-5.52498,37,8144.005965,-100.0,-0.8247952500829272,0
-5.770043,33,8144.562744,-100.0,-0.6590512426403059,0
-5.716953,33,8263.011802,-100.0,-0.758928030072373,0
-5.80904,35,8263.61424,-100.0,-0.6938822430734761,0
-5.934641,33,8264.176736,-100.0,-0.6885250552343655,0
-5.920369,34,8264.741755,-100.0,-0.6792652419676498,0
-5.625789,33,8265.309874,-100.0,-0.830640736315002,0
-5.769748,33,8265.879906,-100.0,-0.7580576703453095,0
-5.984513,33,8266.441334,-100.0,-0.6961376276267239,0
-5.850325,37,8267.054134,-100.0,-0.7613216038297725,0
-5.991571,43,8267.779861,-100.0,-0.6941111551993193,0
-5.47809,33,8268.33942,-100.0,-0.9277564124895682,0
-5.90713,33,8268.906637,-100.0,-0.6957183580049587,0
-5.439741,36,8269.499559,-100.0,-0.8026099397818168,0
-5.870346,33,8270.06008,-100.0,-0.7218887238274571,0
-5.518945,34,8270.644267,-100.0,-0.7849829619555274,0
-5.593433,35,8271.25423,-100.0,-0.852405686917551,0
-6.078166,41,8271.940238,-100.0,-0.6772427225668806,0
-5.381645,33,8272.503112,-100.0,-0.77131430479294,0
-5.445696,32,8273.035888,-100.0,-0.824569310292042,0
-5.966834,33,8273.599736,-100.0,-0.7156107735071027,0
-5.614477,34,8274.169277,-100.0,-0.7555159430508571,0
-5.386414,34,8274.759209,-100.0,-0.7098640229483183,0
-5.233815,33,8275.328823,-100.0,-0.8067808398875286,0
-5.596473,38,8275.972485,-100.0,-0.8041135970782493,0
-5.596521,32,8276.514957,-100.0,-0.8384340025833913,0
-5.691479,32,8277.059997,-100.0,-0.8083798576498498,0
-5.889294,33,8277.615492,-100.0,-0.7140007985028048,0
-5.825598,33,8278.167841,-100.0,-0.7199959299556652,0
-5.446129,33,8278.724157,-100.0,-0.8393692234853186,0
-5.571757,33,8279.284672,-100.0,-0.7669440529616209,0
-5.399526,33,8279.852056,-100.0,-0.7926006853967059,0
-5.718221,33,8280.39671,-100.0,-0.7356935544414185,0
-5.99238,34,8280.968303,-100.0,-0.6821533488819812,0
-5.728831,34,8281.548612,-100.0,-0.7473897626138672,0
-5.596851,32,8282.086507,-100.0,-0.8266400545395111,0
-5.768665,33,8282.635482,-100.0,-0.7718782675984268,0
-5.795311,33,8283.200532,-100.0,-0.7137763133382781,0
-5.745713,32,8283.745526,-100.0,-0.7605124042881226,0
-6.341096,35,8284.333881,-100.0,-0.6415187183510851,0
-5.81096,33,8284.892038,-100.0,-0.6726318062469797,0
-5.755929,33,8285.432845,-100.0,-0.7302118798580639,0
-5.492173,32,8285.985824,-100.0,-0.8177065342072631,0
-5.646809,32,8286.52536,-100.0,-0.7650998647404477,0
-5.716263,33,8287.087872,-100.0,-0.7288221433078477,0
-5.868638,33,8287.646759,-100.0,-0.6708027677787483,0
-6.022984,33,8288.202317,-100.0,-0.6963031156774956,0
-5.407157,32,8288.747615,-100.0,-0.8908545136267129,0
-5.760082,34,8289.319146,-100.0,-0.7162782697902262,0
-5.723674,34,8289.897117,-100.0,-0.6825307883918212,0
-5.365523,33,8290.458251,-100.0,-0.8361788982067802,0
-6.219025,41,8291.155295,-100.0,-0.6852535002957644,0
-5.872728,33,8291.716338,-100.0,-0.6630445895466498,0
-6.338392,33,8292.276884,-100.0,-0.7104716624850042,0
-5.534005,34,8292.848393,-100.0,-0.8304434085007082,0
-5.447138,32,8293.400601,-100.0,-0.7793361574740018,0
-5.976769,34,8293.971874,-100.0,-0.716706634563914,0
-5.947756,33,8294.532228,-100.0,-0.7333897470493157,0
-5.451769,33,8295.085057,-100.0,-0.8644445121482685,0
-6.083385,35,8295.676756,-100.0,-0.6352813821437107,0
-5.589546,33,8296.249601,-100.0,-0.8325331132252216,0
-5.492775,34,8296.821669,-100.0,-0.7745794976935279,0
-5.938869,33,8415.436903,-100.0,-0.717165433622864,0
-5.291939,38,8416.070882,-100.0,-0.8067748513580777,0
-5.403215,33,8416.636761,-100.0,-0.7235683185976136,0
-5.901507,33,8417.200123,-100.0,-0.6345346735165412,0
-5.616034,33,8417.761142,-100.0,-0.7003316987771723,0
-5.869877,34,8418.324962,-100.0,-0.7484917623906595,0
-5.942966,38,8418.966754,-100.0,-0.688384011600262,0
-5.770687,35,8419.563455,-100.0,-0.6838654420621382,0
-5.461193,33,8420.114199,-100.0,-0.7859976649966881,0
-5.831127,33,8420.669986,-100.0,-0.7250118210890646,0
-5.890199,33,8421.222331,-100.0,-0.7373404571713671,0
-5.97629,33,8421.788146,-100.0,-0.6185441235909738,0
-5.972345,33,8422.342707,-100.0,-0.6479596069732991,0
-5.353413,32,8422.897465,-100.0,-0.9113754250715294,0
-5.509013,32,8423.443273,-100.0,-0.7263108644215284,0
-5.744394,33,8424.005686,-100.0,-0.6933232732731403,0
-5.921609,39,8424.650486,-100.0,-0.7834855766911291,0
-5.581971,33,8425.21798,-100.0,-0.8533986225343585,0
-5.703839,33,8425.779285,-100.0,-0.8368563072707231,0
-5.794729,34,8426.360389,-100.0,-0.6914092873977721,0
-5.825648,34,8426.927806,-100.0,-0.6596444672427736,0
-5.43372,35,8427.527204,-100.0,-0.8488214745250423,0
-5.979422,34,8428.103523,-100.0,-0.7116108589719784,0
-5.825926,33,8428.670599,-100.0,-0.7487679554644293,0
-5.68706,33,8429.213436,-100.0,-0.7455337455775894,0
-5.360948,34,8429.799083,-100.0,-0.8399440938898253,0
-5.839019,34,8430.365157,-100.0,-0.6995122045736801,0
-5.927187,33,8430.910668,-100.0,-0.6859524791633185,0
-5.226074,33,8431.463272,-100.0,-0.8200615570879437,0
-5.781305,33,8432.032015,-100.0,-0.7221569729528529,0
-5.945323,33,8432.594951,-100.0,-0.668851921084574,0
-6.012077,34,8433.178448,-100.0,-0.6485877010013741,0
-6.107391,34,8433.750382,-100.0,-0.7535168485890701,0
-5.983713,33,8434.316064,-100.0,-0.6864488210239967,0
-5.72162,33,8434.867836,-100.0,-0.7119794410772975,0
-5.626016,34,8435.451548,-100.0,-0.7104414345618326,0
-5.619467,32,8435.982414,-100.0,-0.7376233885445646,0
-5.856504,34,8436.574646,-100.0,-0.7369066500332425,0
-5.687927,33,8437.132933,-100.0,-0.7585513485377399,0
-5.601577,32,8437.673186,-100.0,-0.8105172777771995,0
-5.768626,38,8438.30442,-100.0,-0.7039280090884565,0
-6.3171,48,8439.11288,-100.0,-0.6849682606245141,0
-5.678291,33,8439.677828,-100.0,-0.7440871356089529,0
-5.793849,42,8440.370236,-100.0,-0.7342549148536428,0
-5.894842,33,8440.937027,-100.0,-0.7029464814375265,0
-5.58365,33,8441.495868,-100.0,-0.7821026574847622,0
-5.783259,34,8442.067752,-100.0,-0.6051186422613759,0
-5.744909,35,8442.664083,-100.0,-0.7301969485000598,0
-5.82295,35,8443.254759,-100.0,-0.709927117848363,0
-5.743988,33,8443.813381,-100.0,-0.6976182898993153,0
-5.946779,34,8444.388944,-100.0,-0.6616292329871243,0
-6.064576,40,8445.061286,-100.0,-0.6420669380627139,0
-5.547845,33,8445.628757,-100.0,-0.7326643154491062,0
-5.368463,33,8446.186291,-100.0,-0.8542796328175218,0
-5.527831,36,8446.799826,-100.0,-0.75264940836902,0
-5.783423,34,8447.372866,-100.0,-0.6555153925366533,0
-5.705103,34,8447.949524,-100.0,-0.6947919980313658,0
-5.650623,33,8448.50523,-100.0,-0.643671226691369,0
-5.58825,33,8449.054104,-100.0,-0.8161989380251655,0
-5.638296,38,8449.684457,-100.0,-0.7577741284599248,0
-5.706086,33,8567.712839,-100.0,-0.7383292772903773,0
-5.317916,33,8568.274154,-100.0,-0.8362797725488983,0
-6.132683,35,8568.869677,-100.0,-0.7110761724111337,0
-5.860649,36,8569.476008,-100.0,-0.6796938250724599,0
-5.419052,33,8570.03305,-100.0,-0.82703398163195,0
-5.820735,41,8570.751807,-100.0,-0.7443026007894243,0
-5.650966,33,8571.305701,-100.0,-0.7416249425053159,0
-5.491707,32,8571.853523,-100.0,-0.9042936121791796,0
-6.084211,35,8572.437268,-100.0,-0.6727793950840312,0
-5.429803,34,8573.011285,-100.0,-0.8051353158167797,0
-5.911698,34,8573.584939,-100.0,-0.7052285991588104,0
-5.764688,35,8574.172013,-100.0,-0.6675791060760707,0
-5.876852,33,8574.735325,-100.0,-0.6887449070816107,0
-5.459651,34,8575.315273,-100.0,-0.8074030410922641,0
-5.98116,33,8575.87278,-100.0,-0.7025253983239343,0
-5.212024,32,8576.410212,-100.0,-0.83311270110455,0
-5.695024,34,8576.987511,-100.0,-0.7449346414034527,0
-5.214971,32,8577.528311,-100.0,-0.8830219340030157,0
-5.660399,33,8578.088221,-100.0,-0.8128953253984863,0
-5.565153,34,8578.662979,-100.0,-0.8069688769880584,0
-5.728353,35,8579.267792,-100.0,-0.6624060703355812,0
-5.573893,33,8579.829472,-100.0,-0.7429534988508462,0
-6.118406,34,8580.411973,-100.0,-0.6343891807424774,0
-5.946239,32,8580.952221,-100.0,-0.7458544343993875,0
-5.742498,33,8581.512304,-100.0,-0.677688998322322,0
-6.298599,38,8582.149441,-100.0,-0.6679793410582747,0
-5.855704,36,8582.754486,-100.0,-0.6972978141934778,0
-5.528794,33,8583.314454,-100.0,-0.7695936237971367,0
-6.056209,33,8583.8727,-100.0,-0.7130749144297603,0
-5.530958,32,8584.42108,-100.0,-0.7758645334718464,0
-6.030056,34,8584.999042,-100.0,-0.6796640185778025,0
-5.416059,33,8585.566706,-100.0,-0.7697332887105244,0
-5.715536,33,8586.132519,-100.0,-0.7288662252445702,0
-5.810801,33,8586.701197,-100.0,-0.6905893569847102,0
-5.529313,34,8587.281194,-100.0,-0.7770617487701149,0
-5.778756,38,8587.917017,-100.0,-0.6602320564688753,0
-5.298704,32,8588.456319,-100.0,-0.8595731284178469,0
-5.908661,33,8589.018074,-100.0,-0.6657374794339076,0
-5.843363,33,8589.57533,-100.0,-0.8075848492352168,0
-5.721354,33,8590.126571,-100.0,-0.716851222634911,0
-5.808414,35,8590.722719,-100.0,-0.7638978618518657,0
-5.614698,33,8591.271749,-100.0,-0.6909788373308655,0
-5.940591,33,8591.839273,-100.0,-0.6986578302374145,0
-5.568703,35,8592.435291,-100.0,-0.836540378181565,0
-5.890765,34,8593.008167,-100.0,-0.6610510095839952,0
-5.938605,33,8593.57557,-100.0,-0.7452525386913558,0
-5.738267,38,8594.198287,-100.0,-0.8037691217690133,0
-6.249628,34,8594.780264,-100.0,-0.7046751433222233,0
-5.601906,34,8595.354709,-100.0,-0.8415857538201142,0
-5.730037,33,8595.929655,-100.0,-0.6475608685167896,0
-5.276811,32,8596.47079,-100.0,-0.8964065573415916,0
-5.833773,36,8597.086383,-100.0,-0.7543718932846655,0
-5.781907,33,8597.648692,-100.0,-0.6884932451123229,0
-5.748978,41,8598.339348,-100.0,-0.6542925657123598,0
-5.732333,32,8598.887088,-100.0,-0.7635204261882925,0
-5.569287,33,8599.452971,-100.0,-0.7901668348413678,0
-6.129469,40,8600.126023,-100.0,-0.6957220977024321,0
-5.760788,33,8600.887671,-100.0,-0.740390710470887,0
-5.921193,33,8601.443395,-100.0,-0.6632146505056029,0
-5.491232,33,8602.010912,-100.0,-0.7929830470830592,0
-5.767239,33,8717.716712,-100.0,-0.6553902362604631,0
-5.476361,34,8718.278051,-100.0,-0.7933065687316132,0
-5.712052,33,8718.840745,-100.0,-0.6936209281969183,0
-5.745006,34,8719.429258,-100.0,-0.6594859943452099,0
-5.828606,33,8719.998348,-100.0,-0.7121347964020335,0
-5.614183,38,8720.611098,-100.0,-0.7873619379315031,0
-6.152011,33,8721.177341,-100.0,-0.6367317562252104,0
-5.618536,33,8721.745444,-100.0,-0.7044764621786365,0
-5.587759,40,8722.438794,-100.0,-0.8264591616018594,0
-5.644362,34,8723.005128,-100.0,-0.7302080955017412,0
-5.637347,33,8723.576112,-100.0,-0.7496676917948424,0
-5.667635,34,8724.16397,-100.0,-0.7389498471529163,0
-6.048994,34,8724.734321,-100.0,-0.6739744579263819,0
-5.811202,39,8725.398953,-100.0,-0.6572995504133843,0
-6.460618,36,8726.002693,-100.0,-0.6487706807319531,0
-5.455919,33,8726.565567,-100.0,-0.7607499114968298,0
-5.731767,33,8727.132685,-100.0,-0.7030219425648164,0
-5.543897,33,8727.683616,-100.0,-0.750511381543594,0
-5.682331,33,8728.252367,-100.0,-0.6926241539096509,0
-6.12927,33,8728.805236,-100.0,-0.6968753241206412,0
-5.711704,33,8729.372118,-100.0,-0.6848068941277323,0
-5.604463,34,8729.948255,-100.0,-0.7055853215386866,0
-6.185139,34,8730.524676,-100.0,-0.6806705269123413,0
-5.555477,35,8731.110548,-100.0,-0.8978218640815921,0
-5.857847,33,8731.666826,-100.0,-0.6206447767856339,0
-5.653563,33,8732.226475,-100.0,-0.8356134930373501,0
-5.535203,33,8732.791328,-100.0,-0.715274130512834,0
-5.644731,33,8733.356787,-100.0,-0.7148594111244398,0
-5.660915,38,8733.996335,-100.0,-0.8125032659310779,0
-5.590834,33,8734.556307,-100.0,-0.8087962037446651,0
-5.647762,37,8735.189054,-100.0,-0.7701830178890328,0
-6.133158,34,8735.768429,-100.0,-0.7176778519243393,0
-5.908177,34,8736.347876,-100.0,-0.6633296402979753,0
-5.528644,37,8736.986427,-100.0,-0.7468944722337219,0
-5.666175,33,8737.543616,-100.0,-0.8577572019780371,0
-5.630212,34,8738.121782,-100.0,-0.7102775573092228,0
-5.881836,33,8738.673408,-100.0,-0.6786513163896146,0
-5.767867,33,8739.238133,-100.0,-0.7801311313725577,0
-5.336554,32,8739.777117,-100.0,-0.8887378817159424,0
-5.831013,33,8740.347184,-100.0,-0.726557289804676,0
-5.64141,33,8740.891634,-100.0,-0.7129104293887499,0
-5.952653,34,8741.475568,-100.0,-0.6803990450029916,0
-5.493148,33,8742.04252,-100.0,-0.7235396675182943,0
-5.629639,33,8742.60311,-100.0,-0.6974734510117838,0
-5.903325,37,8743.226083,-100.0,-0.6916996171509013,0
-5.84764,41,8743.924035,-100.0,-0.7732913066770217,0
-5.617643,33,8744.480184,-100.0,-0.7656011347631527,0
-6.14436,37,8745.111267,-100.0,-0.6974019104894426,0
-5.761681,33,8745.677237,-100.0,-0.6805069970193721,0
-5.864692,33,8746.239986,-100.0,-0.7154998921226916,0
-5.517003,32,8746.768517,-100.0,-0.8442175006324057,0
-5.899314,33,8747.337856,-100.0,-0.7256993258416978,0
-5.657239,34,8747.916154,-100.0,-0.8459641356257313,0
-5.491547,33,8748.479449,-100.0,-0.8015192794774971,0
-5.936683,34,8749.053615,-100.0,-0.673000644304748,0
-5.971921,34,8749.631717,-100.0,-0.7486261688647802,0
-5.749853,33,8750.191661,-100.0,-0.7650939366473576,0
-5.580406,34,8750.766981,-100.0,-0.7426839520213301,0
-5.806649,34,8751.331574,-100.0,-0.6908563284999106,0
-5.635157,33,8751.891503,-100.0,-0.7358418989431169,0
-5.653171,34,8869.858423,-100.0,-0.8018734252359636,0
-5.708014,33,8870.42401,-100.0,-0.7594141378157123,0
-5.529715,33,8870.99549,-100.0,-0.8181152368766806,0
-6.118087,33,8871.561157,-100.0,-0.6657104706685025,0
-5.798551,33,8872.124319,-100.0,-0.6420521997322745,0
-5.520183,36,8872.727355,-100.0,-0.8224334801103161,0
-5.704119,38,8873.390035,-100.0,-0.7694456985517115,0
-5.772172,36,8873.99972,-100.0,-0.7822217855386958,0
-5.221159,32,8874.541134,-100.0,-0.8639270311360774,0
-5.584094,33,8875.104993,-100.0,-0.7232990878516964,0
-5.355099,33,8875.667483,-100.0,-0.7953363009941434,0
-5.77236,33,8876.220825,-100.0,-0.7311499776313851,0
-5.574199,33,8876.77873,-100.0,-0.7691638592751436,0
-5.467813,33,8877.34862,-100.0,-0.7228771541417127,0
-5.640615,38,8877.983975,-100.0,-0.7257391840803195,0
-5.767892,33,8878.543997,-100.0,-0.7431020886496048,0
-5.785642,35,8879.151296,-100.0,-0.7503665142752004,0
-5.508258,33,8879.710643,-100.0,-0.7675484414092335,0
-5.579222,32,8880.250134,-100.0,-0.7930616958373895,0
-5.609774,33,8880.824053,-100.0,-0.7013015068508196,0
-5.573063,33,8881.384947,-100.0,-0.7853643261509382,0
-5.447498,33,8881.943805,-100.0,-0.7993441362646087,0
-5.751221,33,8882.510591,-100.0,-0.7688852712591641,0
-5.601981,33,8883.073055,-100.0,-0.8268746854688236,0
-5.792889,35,8883.671596,-100.0,-0.7427999116199462,0
-5.398159,32,8884.212396,-100.0,-0.8112827618496876,0
-5.784511,33,8884.775929,-100.0,-0.745478152485409,0
-5.741948,47,8885.596207,-100.0,-0.8384347215458692,0
-5.481062,32,8886.134917,-100.0,-0.8286769439714728,0
-5.613882,33,8886.693743,-100.0,-0.8121248337488673,0
-5.661624,38,8887.342413,-100.0,-0.7778543464012477,0
-5.876647,39,8888.004819,-100.0,-0.7125415839226231,0
-5.3018,33,8888.563224,-100.0,-0.8193426047163813,0
-5.32466,32,8889.114191,-100.0,-0.8761792327571144,0
-5.330507,44,8889.841443,-100.0,-0.8612128359362117,0
-5.718394,41,8890.544775,-100.0,-0.7366830727054272,0
-5.836523,34,8891.126929,-100.0,-0.7181630677621043,0
-5.856545,34,8891.701226,-100.0,-0.6668540326565918,0
-5.746217,35,8892.291047,-100.0,-0.6975638933520707,0
-5.747739,33,8892.853994,-100.0,-0.7781853341045342,0
-6.110374,34,8893.43137,-100.0,-0.7518214906423393,0
-5.497936,32,8893.984781,-100.0,-0.8201322631652528,0
-5.926158,35,8894.57571,-100.0,-0.604007451797601,0
-5.620947,34,8895.152149,-100.0,-0.7527833283841027,0
-5.283343,34,8895.736839,-100.0,-0.7955825028185851,0
-5.666311,38,8896.363087,-100.0,-0.7326816524950407,0
-5.794622,33,8896.930204,-100.0,-0.6885799408625609,0
-5.991785,35,8897.517222,-100.0,-0.7112938270488258,0
-5.483439,33,8898.090282,-100.0,-0.7124057248627331,0
-5.799888,37,8898.720836,-100.0,-0.8087818794155669,0
-5.729849,33,8899.288838,-100.0,-0.7775513444681551,0
-5.694,34,8899.86126,-100.0,-0.7662974402214965,0
-5.395638,33,8900.419068,-100.0,-0.7548395934973888,0
-5.648901,34,8901.008318,-100.0,-0.8016017921930512,0
-5.434268,32,8901.540185,-100.0,-0.8539297322591111,0
-5.713774,33,8902.093111,-100.0,-0.6380706532348552,0
-5.705386,33,8902.651914,-100.0,-0.7491683615228771,0
-5.691225,40,8903.339615,-100.0,-0.720987556264048,0
-5.894957,33,8903.894965,-100.0,-0.712144000177234,0
-6.083774,38,9019.106399,-100.0,-0.7303442793150517,0
-5.837338,35,9019.707198,-100.0,-0.6306282848290777,0
-5.362989,33,9020.276454,-100.0,-0.7759715784127363,0
-5.916601,34,9020.848743,-100.0,-0.6740884583925584,0
-5.551638,35,9021.44655,-100.0,-0.7556446152952984,0
-5.274444,39,9022.098421,-100.0,-0.8604477169153938,0
-5.721181,34,9022.681042,-100.0,-0.6700194897128054,0
-5.560352,33,9023.250168,-100.0,-0.718497399184654,0
-5.973998,34,9023.823558,-100.0,-0.684174619291459,0
-5.55698,33,9024.389656,-100.0,-0.8132387792494635,0
-6.038036,38,9025.030524,-100.0,-0.7680891542064642,0
-5.585851,33,9025.584055,-100.0,-0.7077072309522239,0
-5.175156,32,9026.123031,-100.0,-0.8895662482373543,0
-5.755621,34,9026.702717,-100.0,-0.737085307071171,0
-5.654555,32,9027.240939,-100.0,-0.8453114400958788,0
-5.985267,33,9027.808544,-100.0,-0.6916893248494732,0
-5.238404,32,9028.352488,-100.0,-0.8310657705742498,0
-5.640885,34,9028.928404,-100.0,-0.735738923744302,0
-5.401291,32,9029.478849,-100.0,-0.8341002893284767,0
-5.77233,35,9030.079399,-100.0,-0.7746169215844545,0
-5.501665,36,9030.686449,-100.0,-0.783123643394427,0
-5.197918,32,9031.239161,-100.0,-0.8563243121989031,0
-5.886555,33,9031.793862,-100.0,-0.6593758399172288,0
-5.786486,33,9032.35874,-100.0,-0.6607001109421401,0
-5.500796,33,9032.909562,-100.0,-0.7549411547307951,0
-5.645262,36,9033.508022,-100.0,-0.876255205698414,0
-5.783031,35,9034.112886,-100.0,-0.7043101352047968,0
-5.443735,35,9034.706335,-100.0,-0.7215271639611474,0
-6.034661,34,9035.290103,-100.0,-0.6766356542046699,0
-5.818465,33,9035.841479,-100.0,-0.6840310703902354,0
-5.917203,33,9036.401187,-100.0,-0.6303027661117097,0
-5.703762,33,9036.962434,-100.0,-0.8078685718413565,0
-5.363361,33,9037.521381,-100.0,-0.7481314232017225,0
-5.62724,33,9038.08427,-100.0,-0.7666379734005043,0
-5.671453,34,9038.670736,-100.0,-0.783727684059555,0
-5.441578,33,9039.229862,-100.0,-0.7896056730262127,0
-5.699175,42,9039.942404,-100.0,-0.7363664903290931,0
-5.943827,35,9040.52843,-100.0,-0.7014903492728203,0
-5.851806,33,9041.100562,-100.0,-0.7015831954816895,0
-5.717537,35,9041.686846,-100.0,-0.7469231511019857,0
-5.943293,34,9042.260007,-100.0,-0.7325335756953283,0
-5.778222,33,9042.817723,-100.0,-0.7331351304387549,0
-5.642976,33,9043.378478,-100.0,-0.7411852690089529,0
-6.102057,35,9043.977278,-100.0,-0.6639504094787191,0
-5.730754,37,9044.60065,-100.0,-0.7353194083902883,0
-5.841055,36,9045.219342,-100.0,-0.7430842007507047,0
-5.503488,35,9045.80761,-100.0,-0.8555350651967137,0
-5.497363,34,9046.387887,-100.0,-0.8055414830952556,0
-5.453112,33,9046.950978,-100.0,-0.8110191448639411,0
-5.405696,32,9047.499092,-100.0,-0.8283476997457307,0
-5.271508,36,9048.104581,-100.0,-0.7591570586446714,0
-5.607289,33,9048.664017,-100.0,-0.7912345011948929,0
-5.5552,42,9049.595547,-100.0,-0.7719163075261316,0
-5.557223,33,9050.159575,-100.0,-0.764898232790659,0
-5.481673,33,9050.713726,-100.0,-0.7599239757687504,0
-5.674493,34,9051.289221,-100.0,-0.81943016497347,0
-5.655244,36,9051.900909,-100.0,-0.7859668309165804,0
-5.733554,32,9052.454051,-100.0,-0.7248416908514547,0
-5.342575,32,9052.994138,-100.0,-0.8210353848427806,0
-5.87386,37,9053.601244,-100.0,-0.7042046512409089,0
-6.212463,35,9171.052194,-100.0,-0.6867023669398863,0
-5.32706,32,9171.605962,-100.0,-0.7939080661246714,0
-5.763281,34,9172.189339,-100.0,-0.7013598212630456,0
-5.388857,33,9172.753672,-100.0,-0.8588988600717706,0
-5.735588,33,9173.318737,-100.0,-0.748713271072945,0
-5.651442,40,9173.98835,-100.0,-0.7216113996950021,0
-5.733515,33,9174.557097,-100.0,-0.7260959660421352,0
-5.507849,33,9175.129877,-100.0,-0.7194670815772451,0
-6.263691,35,9175.722956,-100.0,-0.6310642125166683,0
-5.63029,33,9176.293954,-100.0,-0.6930863791148029,0
-5.649684,33,9176.859561,-100.0,-0.7013321664470136,0
-5.852393,52,9177.7373,-100.0,-0.850044718148975,0
-5.941231,34,9178.310613,-100.0,-0.5993967814218268,0
-5.659241,32,9178.864925,-100.0,-0.8327557055287296,0
-5.94783,33,9179.425171,-100.0,-0.7010194696365162,0
-5.395642,37,9180.047048,-100.0,-0.8472401130407347,0
-5.70109,33,9180.615427,-100.0,-0.6623838973704217,0
-5.687839,33,9181.176516,-100.0,-0.732647043435605,0
-5.784777,32,9181.726114,-100.0,-0.7322108638639373,0
-5.815728,33,9182.289008,-100.0,-0.7282831981457051,0
-5.344428,33,9182.852615,-100.0,-0.8038631105382212,0
-5.894899,42,9183.567602,-100.0,-0.7240062435339552,0
-5.847306,33,9184.132663,-100.0,-0.6772950056030116,0
-5.714913,33,9184.696394,-100.0,-0.7079433241516027,0
-5.974699,34,9185.295994,-100.0,-0.676389755082867,0
-5.384213,32,9185.831228,-100.0,-0.844658170963636,0
-5.920549,60,9186.843646,-100.0,-0.7730012612777666,0
-5.899819,35,9187.449038,-100.0,-0.701715256672597,0
-5.563664,33,9188.013562,-100.0,-0.7305090954760759,0
-5.84963,41,9188.716755,-100.0,-0.7225485466856333,0
-5.974069,38,9189.364011,-100.0,-0.7022315734681909,0
-5.579306,32,9189.904174,-100.0,-0.7427536253418201,0
-5.401829,34,9190.481842,-100.0,-0.8082435483789944,0
-6.039531,37,9191.11156,-100.0,-0.7071811336212644,0
-6.117956,46,9191.905269,-100.0,-0.6819052583586014,0
-5.913709,33,9192.475776,-100.0,-0.7401546006983256,0
-5.688063,33,9193.038924,-100.0,-0.6800582340659987,0
-5.375885,32,9193.574663,-100.0,-0.8249385484890778,0
-5.435736,33,9194.131632,-100.0,-0.8978271020399426,0
-5.274624,33,9194.701178,-100.0,-0.8367447083206321,0
-5.201778,33,9195.26626,-100.0,-0.832740239983783,0
-5.433902,33,9195.836822,-100.0,-0.7682375204484656,0
-5.511805,33,9196.386811,-100.0,-0.780117105505481,0
-5.641438,32,9196.929844,-100.0,-0.7383341169939062,0
-5.94453,39,9197.592031,-100.0,-0.7360840377832406,0
-5.738635,38,9198.24827,-100.0,-0.6555057785510177,0
-5.493639,33,9198.815352,-100.0,-0.7424096052730608,0
-5.867352,33,9199.375017,-100.0,-0.7078705277770879,0
-5.537057,34,9199.949495,-100.0,-0.7775551509945716,0
-6.00808,40,9200.650561,-100.0,-0.6835657702046556,0
-5.496099,32,9201.192065,-100.0,-0.8230896752655456,0
-6.100458,37,9201.82855,-100.0,-0.7084182072104994,0
-5.870216,34,9202.411637,-100.0,-0.6929722042148172,0
-5.271185,32,9202.954158,-100.0,-0.8084821544644475,0
-5.712357,33,9203.509405,-100.0,-0.6792785281419916,0
-5.645453,33,9204.074122,-100.0,-0.7336897451949835,0
-5.494424,33,9204.636459,-100.0,-0.7697920025716065,0
-5.283571,35,9205.240243,-100.0,-0.8061791396293986,0
-5.662795,34,9205.818044,-100.0,-0.6998388306062461,0
-5.402761,33,9323.408055,-100.0,-0.720632669265416,0
-5.337865,33,9323.983603,-100.0,-0.7740665199482639,0
-5.529918,32,9324.5184,-100.0,-0.8391790477312289,0
-5.689041,34,9325.107624,-100.0,-0.6455230954725454,0
-5.361605,33,9325.661406,-100.0,-0.7404702684118128,0
-5.410133,42,9326.3935,-100.0,-0.8112685543768089,0
-5.893182,36,9326.988057,-100.0,-0.7186884939213931,0
-5.305386,32,9327.540605,-100.0,-0.8721629421463246,0
-5.686322,33,9328.108553,-100.0,-0.6964794540321557,0
-5.557788,36,9328.719506,-100.0,-0.7236341394830885,0
-5.647244,36,9329.33597,-100.0,-0.7278693575520767,0
-5.767309,34,9329.920382,-100.0,-0.6453836481079915,0
-5.662035,33,9330.485313,-100.0,-0.7981055404537118,0
-5.714154,39,9331.146672,-100.0,-0.7247268760183869,0
-5.508968,33,9331.71736,-100.0,-0.8249164019759407,0
-5.683358,32,9332.250135,-100.0,-0.788941768161588,0
-5.703356,33,9332.821188,-100.0,-0.6501648959999436,0
-5.821678,35,9333.415228,-100.0,-0.6288775199902519,0
-5.695581,34,9334.00064,-100.0,-0.6871929199794033,0
-5.546941,32,9334.548163,-100.0,-0.815939538094671,0
-5.390803,33,9335.111643,-100.0,-0.7761883843826518,0
-5.282398,32,9335.652041,-100.0,-0.8046205390165593,0
-5.250704,35,9336.261392,-100.0,-0.8438658181034832,0
-5.665878,33,9336.824651,-100.0,-0.699366498769428,0
-5.658432,33,9337.378567,-100.0,-0.7725151145530461,0
-5.815284,33,9337.946467,-100.0,-0.7258212523116896,0
-5.967163,34,9338.519622,-100.0,-0.6992662693131803,0
-5.270375,32,9339.075305,-100.0,-0.8372874888000976,0
-5.64476,39,9339.733793,-100.0,-0.7778326057988462,0
-5.944629,33,9340.298769,-100.0,-0.6661201351240829,0
-5.3422,33,9340.866832,-100.0,-0.8214701434452382,0
-5.81448,34,9341.448273,-100.0,-0.7334210311188885,0
-5.673643,34,9342.031093,-100.0,-0.7802237662233632,0
-5.752597,32,9342.576416,-100.0,-0.737301465850154,0
-5.763998,34,9343.156249,-100.0,-0.6983631552293537,0
-5.474996,33,9343.729922,-100.0,-0.7599939876234674,0
-5.439379,32,9344.280074,-100.0,-0.8370458557922611,0
-5.461181,32,9344.822985,-100.0,-0.8433512677689392,0
-5.514159,32,9345.373558,-100.0,-0.7725560585088014,0
-5.451841,33,9345.949634,-100.0,-0.717996736065936,0
-5.458924,34,9346.525135,-100.0,-0.7989479801394133,0
-5.959647,34,9347.102096,-100.0,-0.7137329483738744,0
-5.641769,34,9347.680301,-100.0,-0.7633446309502727,0
-5.481313,33,9348.248824,-100.0,-0.7455980535790308,0
-5.394547,32,9348.800622,-100.0,-0.8311850150203952,0
-6.041116,37,9349.434866,-100.0,-0.6933961220630859,0
-5.297241,33,9349.995898,-100.0,-0.7984994137924546,0
-5.646922,33,9350.557443,-100.0,-0.7236782401179459,0
-5.350238,32,9351.113892,-100.0,-0.8246426049470735,0
-5.420251,33,9351.666474,-100.0,-0.7041762391232469,0
-5.438464,33,9352.230059,-100.0,-0.7823135215423752,0
-5.509596,33,9352.794001,-100.0,-0.7347283383607252,0
-5.535486,33,9353.366668,-100.0,-0.6621181896023643,0
-5.338498,38,9353.998399,-100.0,-0.887063066198657,0
-5.320135,32,9354.558311,-100.0,-0.8016021731424432,0
-5.838327,33,9355.130735,-100.0,-0.7448294810490755,0
-5.992039,42,9355.836176,-100.0,-0.717629555686819,0
-5.208763,32,9356.38565,-100.0,-0.8444782703127356,0
-5.397588,32,9356.936511,-100.0,-0.8010808064175481,0
-5.813457,34,9357.518656,-100.0,-0.7164119677602305,0
-6.009868,34,9472.993809,-100.0,-0.6276845312044064,0
-5.505676,39,9473.638576,-100.0,-0.8004600194489186,0
-5.291332,33,9474.205756,-100.0,-0.7296612738974069,0
-5.397382,33,9474.766899,-100.0,-0.7432931903943988,0
-5.789552,33,9475.325817,-100.0,-0.7075026811224215,0
-5.50587,34,9475.908834,-100.0,-0.7451950385117657,0
-5.512366,33,9476.47443,-100.0,-0.7128795552155187,0
-5.777943,34,9477.054755,-100.0,-0.7037287557016997,0
-5.875655,33,9477.618261,-100.0,-0.6833655980788897,0
-5.626293,32,9478.167324,-100.0,-0.8108014858799382,0
-5.453354,33,9478.729235,-100.0,-0.7811265732417085,0
-5.48889,36,9479.342819,-100.0,-0.8862141971247729,0
-5.344648,33,9479.905425,-100.0,-0.8251761451827021,0
-5.621251,35,9480.492238,-100.0,-0.8613673185078935,0
-5.813423,33,9481.057014,-100.0,-0.695121408095821,0
-5.54474,33,9481.630994,-100.0,-0.7656047515437265,0
-6.044494,33,9482.188014,-100.0,-0.7083755833441017,0
-5.791728,34,9482.772959,-100.0,-0.6213120308902769,0
-5.714528,37,9483.389514,-100.0,-0.7136811281603075,0
-5.621964,34,9483.968077,-100.0,-0.7455696973515955,0
-5.86753,33,9484.541342,-100.0,-0.6717917985497344,0
-5.76266,33,9485.099553,-100.0,-0.7974632848999481,0
-5.250409,33,9485.673403,-100.0,-0.7875489850315336,0
-5.427474,33,9486.230867,-100.0,-0.7592237504592395,0
-5.302474,33,9486.79709,-100.0,-0.7421137162579179,0
-5.503958,33,9487.362151,-100.0,-0.7606675359782721,0
-5.963602,34,9487.943479,-100.0,-0.7187224104267647,0
-5.833723,33,9488.505406,-100.0,-0.7128383298974378,0
-5.629416,32,9489.05068,-100.0,-0.7904621730842648,0
-5.507379,33,9489.615601,-100.0,-0.767369667095958,0
-5.626835,33,9490.177258,-100.0,-0.6761532539396624,0
-5.341541,33,9490.754401,-100.0,-0.8654800236209801,0
-5.33733,33,9491.316647,-100.0,-0.7456422445584592,0
-5.395367,34,9491.892353,-100.0,-0.8274825011503518,0
-5.746427,35,9492.487686,-100.0,-0.7237305813143448,0
-5.893149,33,9493.049662,-100.0,-0.5815502691306643,0
-5.655426,34,9493.628106,-100.0,-0.6988908883667255,0
-6.1476,35,9494.227924,-100.0,-0.6902969660264778,0
-5.8028,33,9494.794095,-100.0,-0.630736837968247,0
-5.66188,39,9495.461118,-100.0,-0.8048820280680017,0
-5.588065,33,9496.01966,-100.0,-0.729230218753604,0
-5.532948,35,9496.624137,-100.0,-0.7979585982267122,0
-5.487972,33,9497.185852,-100.0,-0.7828100818891331,0
-5.51711,33,9497.948102,-100.0,-0.7821325810512799,0
-5.627027,36,9498.572236,-100.0,-0.8328733235397116,0
-5.444883,33,9499.145044,-100.0,-0.8312219507393516,0
-5.521018,36,9499.752885,-100.0,-0.8352786133565585,0
-5.688854,33,9500.316756,-100.0,-0.671708437353798,0
-5.781611,37,9500.95662,-100.0,-0.7469621493933548,0
-5.763763,33,9501.519387,-100.0,-0.6902076065041265,0
-6.043488,33,9502.074113,-100.0,-0.7067709837224445,0
-5.512742,32,9502.629796,-100.0,-0.8592140568663438,0
-5.353346,32,9503.170664,-100.0,-0.7475496681321386,0
-5.29706,33,9503.731905,-100.0,-0.855121771742209,0
-5.77881,35,9504.332395,-100.0,-0.6648764742705202,0
-5.50325,38,9504.977237,-100.0,-0.811379954120249,0
-6.207291,32,9505.527396,-100.0,-0.7084776414127588,0
-5.921448,33,9506.094046,-100.0,-0.7097299879309785,0
-6.293619,50,9506.924291,-100.0,-0.6919437753966845,0
-6.049915,36,9507.557981,-100.0,-0.6749181467568789,0
-5.342297,37,9624.447787,-100.0,-0.8578265961524593,0
-5.827772,37,9625.076856,-100.0,-0.7099700493940507,0
-5.411718,33,9625.632608,-100.0,-0.7567589565665453,0
-5.424691,33,9626.193501,-100.0,-0.7457628130665841,0
-5.63518,33,9626.756088,-100.0,-0.7850235054708677,0
-5.629941,33,9627.321821,-100.0,-0.6841525481796249,0
-5.813521,34,9627.917123,-100.0,-0.6769268110836132,0
-5.660807,34,9628.495639,-100.0,-0.738775222800581,0
-5.861717,34,9629.07877,-100.0,-0.7018842943780139,0
-5.749338,34,9629.660704,-100.0,-0.7014700094480295,0
-5.253053,33,9630.225223,-100.0,-0.8521268044097406,0
-5.881187,35,9630.822138,-100.0,-0.662793963037715,0
-5.526312,33,9631.384136,-100.0,-0.7347555321432612,0
-5.293051,33,9631.942945,-100.0,-0.8407880952174965,0
-5.57651,33,9632.501078,-100.0,-0.8094893349452656,0
-5.915741,35,9633.112095,-100.0,-0.6989490447475775,0
-5.797417,34,9633.687973,-100.0,-0.6808362107715288,0
-5.756813,33,9634.259027,-100.0,-0.6658231752021043,0
-5.422867,33,9634.821838,-100.0,-0.8114592816523261,0
-5.361677,32,9635.373348,-100.0,-0.8414650705715471,0
-5.145267,32,9635.916959,-100.0,-0.8580427336558007,0
-6.048132,36,9636.526311,-100.0,-0.6745600906157987,0
-5.494987,35,9637.121548,-100.0,-0.7403816552266222,0
-5.185405,33,9637.682847,-100.0,-0.8576339583561056,0
-5.582387,34,9638.266256,-100.0,-0.7886415369178219,0
-5.519905,33,9638.828281,-100.0,-0.6805347834423616,0
-5.584214,40,9639.493412,-100.0,-0.807344446989658,0
-5.622629,32,9640.045854,-100.0,-0.7454734883651878,0
-5.743798,33,9640.614505,-100.0,-0.7462591703620977,0
-5.693234,34,9641.197436,-100.0,-0.7509163767611863,0
-5.738042,33,9641.760845,-100.0,-0.6939496875793039,0
-5.419841,32,9642.307605,-100.0,-0.8579812073007156,0
-5.957212,34,9642.883175,-100.0,-0.6792599345474867,0
-5.827377,33,9643.452456,-100.0,-0.7546088345665679,0
-5.617978,33,9644.011563,-100.0,-0.6254675201377136,0
-5.413571,33,9644.57517,-100.0,-0.8484083363603931,0
-5.178669,32,9645.110779,-100.0,-0.8795224854718301,0
-5.834558,37,9645.747921,-100.0,-0.7372348223199469,0
-5.660402,37,9646.377619,-100.0,-0.7817986156853592,0
-6.143964,35,9646.969358,-100.0,-0.6576258416010233,0
-6.188304,35,9647.564684,-100.0,-0.6788456641976067,0
-5.797037,34,9648.161578,-100.0,-0.6799646249116046,0
-5.789226,35,9648.748666,-100.0,-0.7162705915229651,0
-5.576725,33,9649.316883,-100.0,-0.6716372796464262,0
-5.781613,33,9649.880684,-100.0,-0.6987176512817878,0
-5.795138,35,9650.470751,-100.0,-0.6871203982165982,0
-5.652525,32,9651.020139,-100.0,-0.7671414469340324,0
-5.336095,34,9651.600533,-100.0,-0.781927954210982,0
-5.15744,35,9652.20304,-100.0,-0.8452021802808803,0
-5.185092,33,9652.766475,-100.0,-0.851987111371537,0
-5.773043,33,9653.324167,-100.0,-0.6390282302273647,0
-5.840767,35,9653.930954,-100.0,-0.6969737874826252,0
-5.282897,32,9654.474476,-100.0,-0.8492270362672515,0
-6.001325,34,9655.055065,-100.0,-0.7102645421172825,0
-5.982413,40,9655.730309,-100.0,-0.6998454801367019,0
-5.400516,33,9656.293745,-100.0,-0.8006629541925641,0
-5.546596,33,9656.859917,-100.0,-0.752612807556969,0
-5.642166,34,9657.431946,-100.0,-0.7606649688516125,0
-6.071261,35,9658.037036,-100.0,-0.6611518592919718,0
-5.707491,32,9658.586109,-100.0,-0.7891984139898733,0
-5.782188,33,9773.351998,-100.0,-0.6609314777653669,0
-5.549965,33,9773.92543,-100.0,-0.7723665689171408,0
-5.679699,34,9774.513477,-100.0,-0.7257612973905225,0
-5.805403,33,9775.059572,-100.0,-0.6781111942986431,0
-5.775162,34,9775.653233,-100.0,-0.6970384745151106,0
-5.374419,33,9776.208882,-100.0,-0.8192974171143504,0
-5.25198,32,9776.758756,-100.0,-0.8680295457968878,0
-5.857878,34,9777.333942,-100.0,-0.6407215000407385,0
-5.778761,34,9777.927642,-100.0,-0.6664554194038695,0
-5.409371,34,9778.505999,-100.0,-0.7608475148152496,0
-5.420377,32,9779.05222,-100.0,-0.7706122612952856,0
-5.386041,33,9779.609699,-100.0,-0.7544849342912608,0
-6.002857,35,9780.219478,-100.0,-0.6850044377632624,0
-5.74356,33,9780.776131,-100.0,-0.6819336732642761,0
-5.203395,32,9781.322716,-100.0,-0.8253043377542078,0
-5.883258,34,9781.899145,-100.0,-0.6568485846216735,0
-5.359889,34,9782.483263,-100.0,-0.824807971737759,0
-5.418236,33,9783.051383,-100.0,-0.7969044159253436,0
-5.754237,34,9783.634662,-100.0,-0.6986610981971049,0
-5.951221,47,9784.432958,-100.0,-0.7126578122524493,0
-5.446041,33,9784.991647,-100.0,-0.7923430914278746,0
-5.760377,33,9785.567729,-100.0,-0.7103970341514133,0
-5.582313,34,9786.144925,-100.0,-0.742651357695946,0
-6.079976,41,9786.840929,-100.0,-0.6493994822869209,0
-5.724156,35,9787.438409,-100.0,-0.6634085512527722,0
-5.359076,33,9788.005924,-100.0,-0.7581889323488676,0
-5.549078,34,9788.588409,-100.0,-0.7489551663969597,0
-5.721072,34,9789.172711,-100.0,-0.6863534893723787,0
-5.248093,32,9789.719882,-100.0,-0.8471468746165693,0
-5.34986,34,9790.306891,-100.0,-0.8370349472870635,0
-6.325032,35,9790.9002,-100.0,-0.656965522236799,0
-6.127175,34,9791.486985,-100.0,-0.6504868426807742,0
-5.723258,33,9792.046286,-100.0,-0.6582347719495536,0
-5.577919,33,9792.616775,-100.0,-0.7086185634919973,0
-5.537824,34,9793.192166,-100.0,-0.7947042163012993,0
-5.271793,32,9793.746019,-100.0,-0.7526425601838987,0
-5.634009,33,9794.310699,-100.0,-0.745087233461487,0
-5.189052,32,9794.862929,-100.0,-0.8963783973205018,0
-5.551283,33,9795.435716,-100.0,-0.6879597180103747,0
-5.794437,34,9796.017536,-100.0,-0.673396453567589,0
-6.023212,34,9796.597769,-100.0,-0.6745190103287129,0
-5.884093,34,9797.180083,-100.0,-0.6680080317563892,0
-5.819563,33,9797.749829,-100.0,-0.704529325092818,0
-5.402821,32,9798.293076,-100.0,-0.8004138755834596,0
-5.837353,36,9798.909227,-100.0,-0.6621500520416844,0
-6.159375,34,9799.485388,-100.0,-0.6371717891392105,0
-5.892132,36,9800.099225,-100.0,-0.6304293945443997,0
-5.756418,33,9800.673127,-100.0,-0.6917550018309627,0
-5.5662,34,9801.250073,-100.0,-0.7007985994245469,0
-5.515316,33,9801.820019,-100.0,-0.7510293804209153,0
-5.431336,32,9802.368212,-100.0,-0.7946350642309925,0
-5.769603,33,9802.940071,-100.0,-0.6446256457647608,0
-5.908116,33,9803.492011,-100.0,-0.6606861043750294,0
-5.439569,37,9804.123865,-100.0,-0.7603978415666043,0
-5.459543,33,9804.686102,-100.0,-0.7040221790162803,0
-5.43865,34,9805.270273,-100.0,-0.7018471244289356,0
-5.571424,33,9805.835056,-100.0,-0.8045030562102788,0
-5.675051,32,9806.378468,-100.0,-0.7185276321145584,0
-5.432479,32,9806.925338,-100.0,-0.757242906118502,0
-5.277431,34,9807.501954,-100.0,-0.795449152012391,0
-5.934651,34,9808.086913,-100.0,-0.6247114118292971,0
-6.27618,35,9924.915321,-100.0,-0.6274284814451256,0
-5.3314,32,9925.45912,-100.0,-0.8136107068630328,0
-5.512208,33,9926.020566,-100.0,-0.7184097642768574,0
-5.524824,34,9926.604566,-100.0,-0.7638598468934541,0
-5.483357,33,9927.167848,-100.0,-0.8408182432399165,0
-5.533652,34,9927.749752,-100.0,-0.6820286850309569,0
-5.590799,34,9928.335971,-100.0,-0.6786380719210011,0
-5.632077,34,9928.924339,-100.0,-0.6135105355034448,0
-5.305108,32,9929.456536,-100.0,-0.7936281611343936,0
-5.791137,35,9930.058612,-100.0,-0.6574345316615972,0
-5.729554,35,9930.668388,-100.0,-0.6608180157747111,0
-5.16672,33,9931.23262,-100.0,-0.9084754130277075,0
-5.174354,32,9931.776404,-100.0,-0.7882239440585633,0
-5.692082,33,9932.33656,-100.0,-0.7796168506273767,0
-5.902369,34,9932.915313,-100.0,-0.6555505073509986,0
-5.536938,33,9933.48488,-100.0,-0.7281049529306469,0
-5.179366,33,9934.052166,-100.0,-0.8570934105325204,0
-5.628385,33,9934.623343,-100.0,-0.7456158771266089,0
-5.774058,35,9935.219365,-100.0,-0.7161568001955824,0
-5.455308,34,9935.802044,-100.0,-0.7336003700826006,0
-5.30632,33,9936.366994,-100.0,-0.8671064194833441,0
-5.439393,33,9936.932731,-100.0,-0.7461073248677444,0
-5.91341,33,9937.495755,-100.0,-0.6718954593735778,0
-5.443328,33,9938.064276,-100.0,-0.7719620711621819,0
-5.794648,33,9938.630139,-100.0,-0.7015508632439814,0
-6.056768,33,9939.199483,-100.0,-0.7457158780979845,0
-5.534033,33,9939.756968,-100.0,-0.6611410151689505,0
-5.505715,35,9940.356574,-100.0,-0.7343400018963746,0
-5.411342,32,9940.900318,-100.0,-0.7823724446214173,0
-5.762284,34,9941.481282,-100.0,-0.6980578174739005,0
-5.630131,33,9942.046779,-100.0,-0.6793139599368538,0
-5.657739,33,9942.622002,-100.0,-0.7036636963409665,0
-5.563486,33,9943.194188,-100.0,-0.7556351426969934,0
-5.823336,40,9943.878898,-100.0,-0.7553775187554065,0
-5.813431,33,9944.643649,-100.0,-0.6665879971171742,0
-5.406604,36,9945.259435,-100.0,-0.7800481982188704,0
-5.691097,34,9945.83275,-100.0,-0.6529023248295963,0
-5.32407,32,9946.388077,-100.0,-0.849690775497575,0
-5.470357,32,9946.93892,-100.0,-0.7231019818697709,0
-5.994921,34,9947.525561,-100.0,-0.7074139925481031,0
-6.109733,35,9948.118702,-100.0,-0.6675823161766317,0
-5.754963,33,9948.693216,-100.0,-0.7257498069893119,0
-6.107359,39,9949.346011,-100.0,-0.6604950585319778,0
-5.792336,33,9949.913849,-100.0,-0.6520474478958851,0
-5.580545,33,9950.478822,-100.0,-0.6664902620111413,0
-5.142705,32,9951.032278,-100.0,-0.854953120510141,0
-5.308026,32,9951.58052,-100.0,-0.7891646998472917,0
-5.536275,34,9952.173949,-100.0,-0.756331139949481,0
-5.427484,33,9952.72927,-100.0,-0.8656085068321132,0
-5.624855,34,9953.319196,-100.0,-0.7843013251708453,0
-5.59691,32,9953.874991,-100.0,-0.7825099789442366,0
-5.563962,33,9954.431416,-100.0,-0.7256557650003557,0
-5.591997,34,9955.014744,-100.0,-0.7450117152692797,0
-5.661335,34,9955.587734,-100.0,-0.7005663268380932,0
-5.487241,33,9956.159292,-100.0,-0.6917685679078501,0
-5.512184,32,9956.712218,-100.0,-0.725669535736014,0
-5.475551,33,9957.277582,-100.0,-0.7358721878711193,0
-5.244214,32,9957.813308,-100.0,-0.8895505022229784,0
-5.35987,33,9958.383732,-100.0,-0.7928739298995874,0
-5.568275,33,9958.949099,-100.0,-0.7585499962356871,0
-5.41119,34,9959.528223,-100.0,-0.8483956571155237,0
-5.514296,33,10078.109868,-100.0,-0.707430282942432,0
-5.275256,32,10078.651177,-100.0,-0.8224622747411295,0
-5.576026,33,10079.216627,-100.0,-0.6396248252234418,0
-5.460704,33,10079.76728,-100.0,-0.6895242464969259,0
-6.265701,34,10080.361031,-100.0,-0.659563233056392,0
-5.475494,34,10080.934428,-100.0,-0.7537674742788568,0
-5.863161,35,10081.540382,-100.0,-0.677151160833163,0
-5.603913,33,10082.101636,-100.0,-0.6789758017168916,0
-5.372648,34,10082.678656,-100.0,-0.7762810335023395,0
-5.914716,34,10083.257968,-100.0,-0.6271919741230894,0
-5.501873,33,10083.819593,-100.0,-0.7386337018058465,0
-5.419502,32,10084.367317,-100.0,-0.7900525756494294,0
-5.571508,38,10085.013156,-100.0,-0.7757793914814213,0
-5.784499,33,10085.582683,-100.0,-0.6973853706631243,0
-5.657363,34,10086.157763,-100.0,-0.7139291358777511,0
-5.226019,33,10086.72744,-100.0,-0.857729519161791,0
-5.280191,33,10087.292707,-100.0,-0.7592274754091669,0
-5.30602,32,10087.825292,-100.0,-0.7727874905045369,0
-5.983664,33,10088.378492,-100.0,-0.7079738362915058,0
-6.058512,35,10088.997354,-100.0,-0.6722640769292131,0
-5.419089,33,10089.55657,-100.0,-0.8321695212401246,0
-5.529541,33,10090.109042,-100.0,-0.7130485852528752,0
-5.432994,33,10090.673039,-100.0,-0.7241015257170513,0
-5.568157,35,10091.272974,-100.0,-0.7268886801494572,0
-5.967539,36,10091.897118,-100.0,-0.6341350979483599,0
-5.756223,33,10092.453407,-100.0,-0.61523956133191,0
-5.521907,33,10093.021198,-100.0,-0.7113740945543934,0
-5.342886,34,10093.590135,-100.0,-0.8334199801764899,0
-5.376009,33,10094.159122,-100.0,-0.769590865528969,0
-5.426613,33,10094.7129,-100.0,-0.7579686355479591,0
-5.577555,34,10095.284448,-100.0,-0.6550654961868247,0
-5.630735,33,10095.846282,-100.0,-0.6712359676922203,0
-5.424226,33,10096.405668,-100.0,-0.7631517304983975,0
-5.601595,33,10096.972429,-100.0,-0.6605972132240472,0
-5.577479,35,10097.57148,-100.0,-0.7452344213454867,0
-5.592999,33,10098.134934,-100.0,-0.6302725581909236,0
-5.62605,33,10098.697611,-100.0,-0.6720923358078988,0
-5.647688,34,10099.273185,-100.0,-0.663272490542312,0
-5.239125,32,10099.819526,-100.0,-0.8275879175717501,0
-5.654166,34,10100.398715,-100.0,-0.640211657541617,0
-5.526059,33,10100.959757,-100.0,-0.7028875194260934,0
-5.620562,34,10101.546964,-100.0,-0.6952614398453352,0
-5.544916,33,10102.107304,-100.0,-0.804121639371011,0
-5.764921,33,10102.652992,-100.0,-0.6603855563291179,0
-5.611262,33,10103.223252,-100.0,-0.7603504793274422,0
-6.002128,35,10103.801031,-100.0,-0.6421189980244687,0
-5.978187,32,10104.353789,-100.0,-0.7136196594578931,0
-5.567495,33,10104.912413,-100.0,-0.6961866156767825,0
-5.678828,34,10105.494094,-100.0,-0.7030015803935129,0
-5.687238,33,10106.057924,-100.0,-0.667685222233831,0
-5.448096,33,10106.622644,-100.0,-0.7720793075256831,0
-5.596096,33,10107.196004,-100.0,-0.658721214184696,0
-5.913065,36,10107.804631,-100.0,-0.6761282656185553,0
-5.89197,34,10108.391221,-100.0,-0.6768911222285011,0
-5.241037,33,10108.955172,-100.0,-0.7838966654117843,0
-5.668402,34,10109.538924,-100.0,-0.7185134530733791,0
-5.472687,33,10110.108995,-100.0,-0.7217333523650127,0
-5.609515,33,10110.67259,-100.0,-0.7048357860661811,0
-5.442933,33,10111.236476,-100.0,-0.6625328739893811,0
-5.512626,37,10111.850842,-100.0,-0.6792139475823881,0
-5.561979,33,10112.420514,-100.0,-0.637515811219757,0
-5.89427,43,10215.291942,-100.0,-0.7082309900639886,0
-5.33702,33,10215.861181,-100.0,-0.7585504230895874,0
-5.280625,32,10216.414059,-100.0,-0.8016604709260337,0
-5.693387,41,10217.103224,-100.0,-0.733079460234829,0
-5.79282,35,10217.711461,-100.0,-0.6722817110511352,0
-5.92214,40,10218.393518,-100.0,-0.6920521012014225,0
-5.709063,35,10218.988245,-100.0,-0.6566613596637253,0
-5.339272,33,10219.550826,-100.0,-0.7561493788937198,0
-5.605414,35,10220.145509,-100.0,-0.7083818975802988,0
-5.685123,33,10220.707837,-100.0,-0.7297035012550822,0
-5.378067,39,10221.372503,-100.0,-0.7918482763272733,0
-5.677014,33,10221.942987,-100.0,-0.629898824635202,0
-5.266747,33,10222.510903,-100.0,-0.8167966736858581,0
-5.700393,34,10223.093535,-100.0,-0.6995915271544184,0
-5.742618,33,10223.66356,-100.0,-0.6531553543058258,0
-5.632867,35,10224.237552,-100.0,-0.7778431091951864,0
-5.331409,32,10224.796098,-100.0,-0.7581474117759541,0
-5.492641,38,10225.428121,-100.0,-0.757629508704434,0
-5.387076,33,10225.999232,-100.0,-0.7356909301099064,0
-5.289448,32,10226.550197,-100.0,-0.8073732731072981,0
-5.497077,35,10227.136373,-100.0,-0.797679390999187,0
-5.726925,33,10227.706031,-100.0,-0.7113008477378667,0
-5.566025,33,10228.278363,-100.0,-0.6591743273179057,0
-5.650179,34,10228.861193,-100.0,-0.7375575838349959,0
-5.434667,34,10229.443447,-100.0,-0.786491071131623,0
-5.692498,34,10230.01444,-100.0,-0.6897497492712127,0
-5.262613,33,10230.581198,-100.0,-0.7504785898528686,0
-5.229546,33,10231.142996,-100.0,-0.7716091408947992,0
-5.31757,33,10231.713752,-100.0,-0.7643231058394605,0
-5.79742,36,10232.318837,-100.0,-0.6681871117779403,0
-5.897373,38,10232.978089,-100.0,-0.7043158358819815,0
-5.26636,32,10233.521796,-100.0,-0.8281805161667007,0
-5.420358,35,10234.11302,-100.0,-0.7152404318862006,0
-5.699527,35,10234.712925,-100.0,-0.8561153855253316,0
-5.310815,34,10235.296963,-100.0,-0.7353719313231113,0
-5.481744,34,10235.875163,-100.0,-0.7553076512582385,0
-5.902167,34,10236.464625,-100.0,-0.6933042542314304,0
-5.820923,33,10237.027137,-100.0,-0.6851426440726359,0
-5.872161,35,10237.613566,-100.0,-0.6325649224500481,0
-5.406175,33,10238.184807,-100.0,-0.7894905307141131,0
-5.363299,37,10238.816804,-100.0,-0.8079516968255541,0
-5.462667,34,10239.400581,-100.0,-0.7817918941871604,0
-5.618631,35,10239.993756,-100.0,-0.7616298149055235,0
-5.459713,33,10240.558701,-100.0,-0.7572054531567062,0
-5.331944,33,10241.114517,-100.0,-0.7913953076760489,0
-5.425092,32,10241.669355,-100.0,-0.8171030472071973,0
-5.419281,33,10242.229328,-100.0,-0.7241927006877743,0
-5.136885,32,10242.781183,-100.0,-0.8274997378151469,0
-5.440804,32,10243.330429,-100.0,-0.8494533379030481,0
-5.670767,33,10243.893867,-100.0,-0.6819561159870294,0
-5.427851,33,10244.45489,-100.0,-0.719487729709342,0
-5.648577,40,10245.124397,-100.0,-0.7009430438589211,0
-6.036017,37,10245.758385,-100.0,-0.6448242791477251,0
-5.721919,35,10246.352241,-100.0,-0.6909543772630861,0
-5.270964,33,10246.928182,-100.0,-0.7869634574337016,0
-5.626257,33,10247.486013,-100.0,-0.781499243552139,0
-5.8621,35,10248.086305,-100.0,-0.6573526954787079,0
-5.280348,33,10248.654012,-100.0,-0.8074526719878841,0
-5.861868,33,10249.221774,-100.0,-0.6875193928180278,0
-5.456989,33,10249.79079,-100.0,-0.7445570621302929,0
-5.505385,33,10352.389019,-100.0,-0.7403789079565947,0
-5.372279,33,10352.947013,-100.0,-0.7354393700412282,0
-5.374223,33,10353.514128,-100.0,-0.8198754897058989,0
-5.354041,32,10354.050633,-100.0,-0.8285186340034474,0
-5.845875,33,10354.610646,-100.0,-0.7150613668785326,0
-5.786892,33,10355.175346,-100.0,-0.6744874626371887,0
-5.606589,33,10355.734648,-100.0,-0.6550813935119566,0
-5.299648,34,10356.317709,-100.0,-0.8111306758825452,0
-5.334178,33,10356.878961,-100.0,-0.8621703396158603,0
-5.067869,33,10357.434377,-100.0,-0.8122900076811898,0
-5.901812,33,10357.992785,-100.0,-0.6643250056276929,0
-5.388393,33,10358.561543,-100.0,-0.7190361424979654,0
-5.517809,34,10359.134141,-100.0,-0.727034447633241,0
-5.670006,43,10359.868174,-100.0,-0.7058953559702869,0
-5.764845,34,10360.443666,-100.0,-0.6817937566133422,0
-5.686857,34,10361.031831,-100.0,-0.6908432620044954,0
-5.561886,33,10361.598401,-100.0,-0.6300859195046119,0
-5.670952,33,10362.146715,-100.0,-0.6823857045812712,0
-5.285281,34,10362.737912,-100.0,-0.8102458062667084,0
-6.078566,47,10363.523346,-100.0,-0.7198435390646264,0
-5.89754,33,10364.078728,-100.0,-0.6709314622497998,0
-5.498846,34,10364.66583,-100.0,-0.7871623550369323,0
-5.539206,33,10365.221876,-100.0,-0.7718450495765639,0
-5.88821,34,10365.812564,-100.0,-0.6944476623978969,0
-5.394048,34,10366.382807,-100.0,-0.8382919615931702,0
-5.734558,33,10367.156011,-100.0,-0.6860360135718775,0
-5.859402,33,10367.726955,-100.0,-0.6652684551357502,0
-5.692554,33,10368.289888,-100.0,-0.704143164431437,0
-5.232348,33,10368.849087,-100.0,-0.7864540122413589,0
-5.881964,35,10369.443699,-100.0,-0.6729760450578556,0
-5.437708,34,10370.025008,-100.0,-0.7567707118986964,0
-5.362294,33,10370.594257,-100.0,-0.7024008854218329,0
-5.535645,33,10371.153908,-100.0,-0.6871199755515464,0
-5.179743,32,10371.70595,-100.0,-0.799415411852726,0
-5.272932,33,10372.274132,-100.0,-0.7880470164022572,0
-5.36067,32,10372.822469,-100.0,-0.7695768300202144,0
-5.727951,33,10373.380366,-100.0,-0.665836562531607,0
-6.038646,35,10373.97861,-100.0,-0.6411089143522137,0
-5.544634,33,10374.543851,-100.0,-0.7015959148963232,0
-5.473811,32,10375.088459,-100.0,-0.7953757502112874,0
-5.752361,35,10375.678775,-100.0,-0.6958029143987067,0
-5.733162,35,10376.274897,-100.0,-0.6596754999992412,0
-5.507875,33,10376.841283,-100.0,-0.7222179437648306,0
-5.520837,33,10377.412171,-100.0,-0.7314082635849823,0
-5.19538,32,10377.963171,-100.0,-0.8526621712122682,0
-5.722649,33,10378.52569,-100.0,-0.6012787029833158,0
-5.22479,32,10379.076471,-100.0,-0.8400131733022561,0
-5.450244,32,10379.614239,-100.0,-0.8095298745770589,0
-6.025012,34,10380.1866,-100.0,-0.6039357422782148,0
-5.432186,32,10380.732874,-100.0,-0.8529660427822539,0
-5.627173,34,10381.307338,-100.0,-0.702869651692097,0
-5.915421,35,10381.901408,-100.0,-0.6642045677682896,0
-5.31505,32,10382.452705,-100.0,-0.8655056670217024,0
-5.324035,32,10382.97887,-100.0,-0.7905557981448268,0
-5.816563,33,10383.54599,-100.0,-0.7045228107766552,0
-5.778174,34,10384.118722,-100.0,-0.6681898326566615,0
-5.304517,32,10384.670694,-100.0,-0.8006222589575036,0
-5.233864,33,10385.22744,-100.0,-0.8582852226361399,0
-5.425714,33,10385.789444,-100.0,-0.7133017906324979,0
-5.923347,51,10386.671037,-100.0,-0.763834734286042,0
-5.179388,33,10508.354989,-100.0,-0.8394353660573941,0
-5.734821,33,10508.915188,-100.0,-0.7484636397178726,0
-5.604372,33,10509.475535,-100.0,-0.6460391300298272,0
-5.466884,32,10510.023763,-100.0,-0.7804056530057354,0
-5.917197,36,10510.629224,-100.0,-0.6989837653266141,0
-5.675688,39,10511.288376,-100.0,-0.7014100744223092,0
-5.522021,32,10511.847207,-100.0,-0.7696593838221849,0
-5.549757,34,10512.430516,-100.0,-0.7437925844177664,0
-5.743193,33,10513.00003,-100.0,-0.6415697968201376,0
-5.550581,33,10513.570061,-100.0,-0.7417559843722377,0
-5.838712,33,10514.136472,-100.0,-0.6791597240539832,0
-5.896271,34,10514.719096,-100.0,-0.6434801730460689,0
-5.556621,33,10515.283405,-100.0,-0.6866245856793713,0
-5.286118,32,10515.829345,-100.0,-0.8348352947692042,0
-5.627965,33,10516.385813,-100.0,-0.6872921018605114,0
-5.889155,34,10516.967199,-100.0,-0.7115574514739302,0
-5.57645,33,10517.536019,-100.0,-0.7449293104625081,0
-5.695832,33,10518.10155,-100.0,-0.6974666835082625,0
-5.505341,39,10518.76535,-100.0,-0.8042365814204823,0
-5.384125,32,10519.323102,-100.0,-0.8423234050952253,0
-5.796315,32,10519.876163,-100.0,-0.7583271356725984,0
-5.735815,34,10520.461488,-100.0,-0.7245757120852397,0
-5.656759,34,10521.033025,-100.0,-0.7371894092568191,0
-5.770767,34,10521.605314,-100.0,-0.7007603685424922,0
-5.82489,33,10522.166662,-100.0,-0.6945761490735298,0
-5.640133,34,10522.756071,-100.0,-0.6861622466919918,0
-5.33668,33,10523.323648,-100.0,-0.7167425644222343,0
-5.845914,34,10523.905145,-100.0,-0.6716450831384009,0
-5.98534,34,10524.480302,-100.0,-0.6715300775556431,0
-5.402244,34,10525.056005,-100.0,-0.7889432709441498,0
-5.240386,32,10525.597247,-100.0,-0.8341643268225166,0
-6.059182,40,10526.284459,-100.0,-0.6430307457087053,0
-5.629687,34,10526.868446,-100.0,-0.6653043158388027,0
-5.120753,32,10527.411937,-100.0,-0.8593134877092652,0
-5.915503,33,10527.983621,-100.0,-0.6724065487794767,0
-5.516051,33,10528.541028,-100.0,-0.7196253238082104,0
-5.496521,34,10529.132065,-100.0,-0.7972278058362129,0
-5.917944,34,10529.715193,-100.0,-0.6579288632758165,0
-5.290084,32,10530.263603,-100.0,-0.8224981005287604,0
-5.653724,39,10530.92348,-100.0,-0.6609691243961081,0
-5.181232,33,10531.498467,-100.0,-0.8493303712706344,0
-5.531144,34,10532.084457,-100.0,-0.7238311614779308,0
-5.641631,32,10532.633855,-100.0,-0.7698878102601266,0
-5.698678,33,10533.201791,-100.0,-0.7107264154631068,0
-5.6458,33,10533.764985,-100.0,-0.740644448603407,0
-5.940837,39,10534.409625,-100.0,-0.675835247750037,0
-5.204643,34,10534.991084,-100.0,-0.8538069273183928,0
-5.961512,41,10535.693856,-100.0,-0.7141851985604883,0
-5.5181,34,10536.266879,-100.0,-0.7275934509427462,0
-5.340185,32,10536.815518,-100.0,-0.7558736892332091,0
-5.834332,33,10537.385283,-100.0,-0.6500314237954165,0
-5.384568,33,10537.947507,-100.0,-0.72604674155797,0
-5.734836,33,10538.517643,-100.0,-0.7430853848744295,0
-5.380972,33,10539.070913,-100.0,-0.7682875435733968,0
-5.187301,32,10539.621966,-100.0,-0.8650656455803196,0
-5.527786,33,10540.180616,-100.0,-0.7490706859403626,0
-5.723955,34,10540.763182,-100.0,-0.6979408418177261,0
-5.401145,32,10541.303345,-100.0,-0.7564836532549991,0
-5.145633,33,10541.87169,-100.0,-0.8309553993987037,0
-5.517017,34,10542.451751,-100.0,-0.7276769630962113,0
-5.397722,33,10543.029302,-100.0,-0.7236779523006198,0
-5.825059,33,10668.099616,-100.0,-0.6465537502550769,0
-5.437771,34,10668.67365,-100.0,-0.7805601438019183,0
-5.317095,34,10669.266694,-100.0,-0.8433038267679579,0
-5.210144,34,10669.853465,-100.0,-0.8321684790327217,0
-5.670536,34,10670.440793,-100.0,-0.6619431910395683,0
-5.348135,33,10671.013647,-100.0,-0.8143639675130314,0
-5.396958,34,10671.58349,-100.0,-0.8195937687785225,0
-5.554062,33,10672.153045,-100.0,-0.7080454785271388,0
-5.779327,34,10672.737755,-100.0,-0.6464367559818619,0
-5.953992,34,10673.316453,-100.0,-0.6628596553564702,0
-5.522758,33,10673.865547,-100.0,-0.749460499680635,0
-5.545392,33,10674.427039,-100.0,-0.6508993126692667,0
-5.913485,34,10675.010819,-100.0,-0.7022927367543618,0
-5.408702,33,10675.574036,-100.0,-0.6944388903771922,0
-5.394906,33,10676.13397,-100.0,-0.7732017264756674,0
-5.414188,33,10676.705435,-100.0,-0.8140020997338714,0
-5.583011,33,10677.2716,-100.0,-0.7172051411763941,0
-5.266419,33,10677.831897,-100.0,-0.8406488829402852,0
-5.36302,34,10678.4201,-100.0,-0.7967384285342022,0
-5.612638,39,10679.078376,-100.0,-0.7230279635743345,0
-5.273311,33,10679.632462,-100.0,-0.7961269699318771,0
-5.532654,34,10680.212418,-100.0,-0.8146129421640843,0
-5.672465,37,10680.861322,-100.0,-0.7070918746377484,0
-5.365987,33,10681.421418,-100.0,-0.6896114535900382,0
-5.698669,33,10681.988988,-100.0,-0.678144209468349,0
-5.164416,33,10682.55197,-100.0,-0.8157732172932899,0
-5.524736,34,10683.125214,-100.0,-0.6982355687080858,0
-5.578638,33,10683.69468,-100.0,-0.6928161320349283,0
-5.806124,33,10684.261933,-100.0,-0.6766169322930714,0
-5.275256,33,10684.821292,-100.0,-0.8419038046255028,0
-5.52615,34,10685.402524,-100.0,-0.7282341636982794,0
-5.098807,33,10685.966488,-100.0,-0.8566924071718688,0
-5.592663,34,10686.542466,-100.0,-0.7654041795054595,0
-5.294972,34,10687.126338,-100.0,-0.7951451507987878,0
-5.540119,33,10687.692142,-100.0,-0.693396308978762,0
-5.598538,33,10688.257465,-100.0,-0.7474962163946899,0
-5.841864,33,10688.820059,-100.0,-0.7151072899066047,0
-5.453814,33,10689.370436,-100.0,-0.7647667902822227,0
-5.595737,33,10689.940009,-100.0,-0.6820243484438202,0
-5.79744,33,10690.512104,-100.0,-0.6459929117141158,0
-5.454302,33,10691.068677,-100.0,-0.8224455353630026,0
-5.515436,33,10691.640166,-100.0,-0.7880030040917835,0
-5.476702,33,10692.201068,-100.0,-0.6697672356830683,0
-5.645696,33,10692.774375,-100.0,-0.684855336844848,0
-5.282877,33,10693.344103,-100.0,-0.7674206806001389,0
-5.203134,33,10693.912537,-100.0,-0.8396602125166917,0
-5.855801,33,10694.472044,-100.0,-0.6782947676556181,0
-5.853753,34,10695.056098,-100.0,-0.673071326743311,0
-5.530205,33,10695.624076,-100.0,-0.688455352890196,0
-5.87032,33,10696.184045,-100.0,-0.7133869829905783,0
-5.236242,32,10696.737695,-100.0,-0.8336627989179421,0
-5.795935,33,10697.293872,-100.0,-0.686020114535635,0
-5.351318,32,10697.847343,-100.0,-0.8246168417070825,0
-5.377117,34,10698.423173,-100.0,-0.7526882392509328,0
-5.514194,33,10698.983262,-100.0,-0.7714475002893715,0
-5.570638,33,10699.54284,-100.0,-0.7138293276386246,0
-5.348546,40,10700.221845,-100.0,-0.8401176949297287,0
-5.217153,32,10700.770216,-100.0,-0.801615505921658,0
-5.700925,33,10701.337023,-100.0,-0.7205317498650885,0
-5.680686,34,10701.915888,-100.0,-0.6414335381031873,0
-5.346922,33,10702.476207,-100.0,-0.7733761802143555,0
-5.64248,34,10832.730067,-100.0,-0.7223968712121872,0
-5.609428,33,10833.294365,-100.0,-0.7114236541082433,0
-5.720578,37,10833.938118,-100.0,-0.6511898647876274,0
-5.600685,32,10834.480154,-100.0,-0.7281179313263773,0
-5.2345,33,10835.045863,-100.0,-0.8293753917028595,0
-5.622624,37,10835.670465,-100.0,-0.7825993261896851,0
-5.376756,33,10836.234077,-100.0,-0.8029045916833283,0
-5.602496,33,10836.803589,-100.0,-0.6198554303735567,0
-5.707528,33,10837.362094,-100.0,-0.7555064672548052,0
-5.418775,33,10837.921915,-100.0,-0.7992399218133159,0
-5.539217,33,10838.482491,-100.0,-0.7085553873619225,0
-5.332181,33,10839.051042,-100.0,-0.8015745905475754,0
-5.239176,32,10839.591472,-100.0,-0.860057880431456,0
-5.34173,33,10840.147653,-100.0,-0.7538803605002706,0
-5.409519,32,10840.695169,-100.0,-0.8827313858647656,0
-5.804656,33,10841.260473,-100.0,-0.6280816703721903,0
-5.766904,35,10841.850822,-100.0,-0.6607722950815397,0
-5.68762,35,10842.668973,-100.0,-0.8947654727185099,0
-5.243018,32,10843.218683,-100.0,-0.8922170053513107,0
-5.499967,33,10843.789155,-100.0,-0.7936707909779575,0
-5.836875,35,10844.378568,-100.0,-0.6798402411239605,0
-5.279557,32,10844.937012,-100.0,-0.7396613189374501,0
-5.270498,32,10845.484329,-100.0,-0.8413954706512945,0
-5.216782,33,10846.056348,-100.0,-0.8655620977678531,0
-5.701517,34,10846.633823,-100.0,-0.6998313553469182,0
-5.577069,36,10847.250603,-100.0,-0.733301953700966,0
-5.973354,33,10847.821636,-100.0,-0.6703167267775575,0
-5.15311,33,10848.390389,-100.0,-0.734961568225656,0
-5.359844,32,10848.932312,-100.0,-0.7788939871011894,0
-5.189576,33,10849.498821,-100.0,-0.7974223483769279,0
-5.723895,33,10850.06526,-100.0,-0.6887740165529336,0
-5.135971,32,10850.616281,-100.0,-0.8109764905219214,0
-5.492086,33,10851.181617,-100.0,-0.747382646958569,0
-5.821061,33,10851.743201,-100.0,-0.6681096165023515,0
-5.23603,33,10852.30533,-100.0,-0.8842322499824415,0
-5.215717,32,10852.857483,-100.0,-0.8734944166142057,0
-5.349434,33,10853.422848,-100.0,-0.8431189962388457,0
-5.375379,33,10853.993346,-100.0,-0.7887203712653866,0
-5.687427,33,10854.555856,-100.0,-0.68803370363536,0
-5.220684,33,10855.120807,-100.0,-0.8304641850069395,0
-5.666548,33,10855.663624,-100.0,-0.6659831734447695,0
-5.537653,35,10856.278401,-100.0,-0.7230769451067097,0
-5.777928,34,10856.859131,-100.0,-0.6336374274579866,0
-5.801556,33,10857.418097,-100.0,-0.6653559070288495,0
-5.331974,33,10857.993737,-100.0,-0.7297554408847763,0
-5.441313,33,10858.550973,-100.0,-0.7611488958794201,0
-5.260422,36,10859.164376,-100.0,-0.8139526383527107,0
-5.677231,34,10859.745621,-100.0,-0.7151042711980722,0
-5.679368,34,10860.327093,-100.0,-0.735349442488317,0
-5.852946,33,10860.892013,-100.0,-0.6827671138567671,0
-5.47538,36,10861.506921,-100.0,-0.838702678633436,0
-5.811858,33,10862.0682,-100.0,-0.6721883531209855,0
-5.608136,34,10862.646921,-100.0,-0.7067679595739391,0
-5.306429,33,10863.210166,-100.0,-0.7291079530546719,0
-5.099596,32,10863.752977,-100.0,-0.8314241015587169,0
-5.30407,33,10864.315381,-100.0,-0.7790681868038124,0
-5.77077,33,10864.878038,-100.0,-0.7588863740402149,0
-5.575764,33,10865.449548,-100.0,-0.6870774813169137,0
-5.4107,34,10866.021518,-100.0,-0.77820030386244,0
-5.64041,33,10866.581767,-100.0,-0.7258722442721206,0
-5.792845,33,10867.149181,-100.0,-0.627733120121424,0
-5.287084,33,11001.206703,-100.0,-0.79796000124346,0
-5.495033,33,11001.763701,-100.0,-0.6896436133373801,0
-5.316104,33,11002.321148,-100.0,-0.6925416593327003,0
-5.624804,34,11002.893774,-100.0,-0.6936442277914802,0
-5.632511,33,11003.450474,-100.0,-0.6648286041136782,0
-5.164304,33,11004.006934,-100.0,-0.8177429065432247,0
-5.506183,33,11004.570593,-100.0,-0.7273847414476158,0
-5.344886,33,11005.137361,-100.0,-0.7925858535197378,0
-5.694429,33,11005.695394,-100.0,-0.7164519395490778,0
-5.412481,32,11006.240428,-100.0,-0.774127801792655,0
-5.589254,34,11006.824319,-100.0,-0.7394646831613558,0
-5.725925,35,11007.422384,-100.0,-0.6975261935740331,0
-5.707609,33,11007.988371,-100.0,-0.705370581607937,0
-5.392839,33,11008.555893,-100.0,-0.7712199868127501,0
-5.656539,33,11009.116153,-100.0,-0.6899435250633207,0
-5.25994,32,11009.66267,-100.0,-0.8560173406042405,0
-5.27193,34,11010.236609,-100.0,-0.8170073503483223,0
-5.594136,34,11010.822414,-100.0,-0.6980346210684698,0
-5.821873,34,11011.395033,-100.0,-0.7065009877458039,0
-6.049183,36,11012.007334,-100.0,-0.7856184453559218,0
-5.56485,34,11012.583636,-100.0,-0.6903395737737913,0
-5.900425,34,11013.164982,-100.0,-0.6655467182637478,0
-5.455553,33,11013.726933,-100.0,-0.7422697233577426,0
-5.549686,33,11014.289248,-100.0,-0.8112051459474838,0
-5.167399,34,11014.862011,-100.0,-0.7781566197046623,0
-5.772074,33,11015.423692,-100.0,-0.698845236877473,0
-5.085831,33,11015.986076,-100.0,-0.851185154589633,0
-5.247797,33,11016.545618,-100.0,-0.7943432401103674,0
-5.470393,32,11017.100896,-100.0,-0.856564294665595,0
-5.363771,32,11017.649374,-100.0,-0.7713460723874161,0
-5.284188,32,11018.199846,-100.0,-0.820927362621786,0
-5.445411,33,11018.755759,-100.0,-0.721142382733081,0
-5.307341,33,11019.312568,-100.0,-0.8370779052226615,0
-5.166947,32,11019.869045,-100.0,-0.857076278729904,0
-5.056567,32,11020.405167,-100.0,-0.8877923172630459,0
-5.275583,32,11020.94915,-100.0,-0.8714548668683658,0
-5.219819,32,11021.496565,-100.0,-0.8602319258909125,0
-5.241982,33,11022.064528,-100.0,-0.8403857180770715,0
-5.520584,33,11022.627395,-100.0,-0.6872688386582634,0
-5.44025,33,11023.183262,-100.0,-0.7020699290049278,0
-5.4804,33,11023.749759,-100.0,-0.7301502309326485,0
-5.388698,33,11024.310811,-100.0,-0.6833790760015837,0
-5.055043,32,11024.867306,-100.0,-0.8540067517858335,0
-5.391252,33,11025.426399,-100.0,-0.7778354003754337,0
-5.520895,33,11025.993121,-100.0,-0.7207048895187667,0
-5.746943,33,11026.550017,-100.0,-0.6444227788320851,0
-5.736282,33,11027.108675,-100.0,-0.691146361384098,0
-5.722165,34,11027.680512,-100.0,-0.6965113096387806,0
-5.357928,33,11028.249192,-100.0,-0.7740107378996157,0
-5.626738,34,11028.827853,-100.0,-0.6491976125998128,0
-5.588392,34,11029.416137,-100.0,-0.7810213410523971,0
-5.846529,34,11029.997767,-100.0,-0.7370813259108927,0
-5.453179,33,11030.556371,-100.0,-0.8086397500564766,0
-5.518537,33,11031.126272,-100.0,-0.7006969279851087,0
-5.253909,33,11031.681799,-100.0,-0.8044409682002449,0
-5.783442,34,11032.266992,-100.0,-0.6926334057803993,0
-5.361684,33,11032.83516,-100.0,-0.7971669416011511,0
-5.717424,34,11033.407366,-100.0,-0.6964572228804483,0
-5.510812,33,11033.970767,-100.0,-0.7657055800917023,0
-5.377453,34,11034.550717,-100.0,-0.7726177820423415,0
-5.10084,38,11035.19498,-100.0,-0.8746368688821434,0
-5.922178,34,11035.770918,-100.0,-0.6744303765508803,0
-5.427771,32,11173.700424,-100.0,-0.8491077951943976,0
-5.659084,35,11174.293481,-100.0,-0.6590338344496803,0
-5.426181,32,11174.853989,-100.0,-0.7927443503720963,0
-5.120458,33,11175.42398,-100.0,-0.844359323476351,0
-5.591062,35,11176.030693,-100.0,-0.6614147660340111,0
-5.81128,35,11176.638602,-100.0,-0.6499361726513966,0
-5.013739,32,11177.185369,-100.0,-0.8477491031109097,0
-5.327679,32,11177.739543,-100.0,-0.8344399142019135,0
-5.311194,32,11178.293357,-100.0,-0.7325526075023143,0
-5.460505,33,11178.869686,-100.0,-0.747468324259762,0
-5.476697,33,11179.435916,-100.0,-0.6685547734401096,0
-5.387918,32,11179.996866,-100.0,-0.7956635426209685,0
-5.545717,33,11180.563156,-100.0,-0.703378108378814,0
-5.491484,33,11181.132303,-100.0,-0.6593324590439031,0
-5.575472,33,11181.700087,-100.0,-0.6780505094930528,0
-5.603645,33,11182.270996,-100.0,-0.6554832172705706,0
-5.219446,33,11182.836281,-100.0,-0.8114397159547647,0
-6.235848,39,11183.510633,-100.0,-0.6810537578074033,0
-5.624087,33,11184.082696,-100.0,-0.7220892621653948,0
-5.72562,33,11184.643327,-100.0,-0.6693657356069309,0
-5.383679,33,11185.221925,-100.0,-0.7707649189890516,0
-5.6721,33,11185.792686,-100.0,-0.6817965781660967,0
-5.448931,33,11186.363269,-100.0,-0.7593618172487978,0
-5.654077,36,11186.980894,-100.0,-0.6945415362698371,0
-5.141823,32,11187.540177,-100.0,-0.8584502521152526,0
-5.258515,33,11188.10355,-100.0,-0.8600641810555367,0
-5.412732,34,11188.688673,-100.0,-0.7525657743604934,0
-5.299807,33,11189.257728,-100.0,-0.7290250930521921,0
-5.551074,33,11189.824393,-100.0,-0.6966072929352263,0
-5.335906,33,11190.388429,-100.0,-0.7975718050490779,0
-5.257147,32,11190.928975,-100.0,-0.8406597914514431,0
-5.333858,32,11191.473228,-100.0,-0.8050677242304116,0
-5.600186,33,11192.034832,-100.0,-0.6471618966482307,0
-5.440108,33,11192.593834,-100.0,-0.7652880573736011,0
-5.525927,33,11193.157135,-100.0,-0.6330081085711933,0
-5.425578,34,11193.749967,-100.0,-0.7772928644489846,0
-5.654186,33,11194.306766,-100.0,-0.6846771908340183,0
-5.261924,33,11194.873542,-100.0,-0.7978812958043402,0
-5.582591,35,11195.479512,-100.0,-0.7083826047563351,0
-5.355864,33,11196.03785,-100.0,-0.7642371020975355,0
-5.669767,33,11196.603693,-100.0,-0.7495555977598615,0
-5.629086,34,11197.184125,-100.0,-0.7183014049519842,0
-5.42674,33,11197.749304,-100.0,-0.827332059520789,0
-5.696489,34,11198.333562,-100.0,-0.6710860634662055,0
-5.160416,33,11198.890968,-100.0,-0.7952568697666867,0
-5.632769,38,11199.542889,-100.0,-0.6785106356982308,0
-5.655778,34,11200.115403,-100.0,-0.7035800362439611,0
-5.393709,32,11200.67223,-100.0,-0.7795475543307936,0
-5.578325,33,11201.236748,-100.0,-0.6674557885225384,0
-5.742817,34,11201.82157,-100.0,-0.6679940935916148,0
-5.222983,34,11202.400668,-100.0,-0.8358418773649593,0
-5.575776,34,11202.982519,-100.0,-0.722527401108675,0
-5.275065,33,11203.553898,-100.0,-0.7492536633600377,0
-5.925659,34,11204.132849,-100.0,-0.7087054064454366,0
-5.502554,33,11204.699471,-100.0,-0.6789738857749297,0
-5.417426,34,11205.271067,-100.0,-0.6700746093788974,0
-5.377128,33,11205.834107,-100.0,-0.7802889863099607,0
-5.503659,33,11206.396054,-100.0,-0.6910799839679167,0
-5.117346,33,11206.96639,-100.0,-0.8555164255607868,0
-5.718331,33,11207.536437,-100.0,-0.7395546474878981,0
-5.521676,33,11208.094949,-100.0,-0.7435456130448005,0
-5.665888,33,11343.819866,-100.0,-0.7232202760127923,0
-5.773808,32,11344.366781,-100.0,-0.6895072104093897,0
-5.145371,32,11344.902069,-100.0,-0.822918931640685,0
-5.63687,33,11345.460921,-100.0,-0.7617276917693271,0
-5.682856,33,11346.024486,-100.0,-0.7108533196540828,0
-5.756988,38,11346.673669,-100.0,-0.6623778436285805,0
-5.683298,33,11347.236495,-100.0,-0.6930382650065212,0
-5.316909,32,11347.773496,-100.0,-0.8370036404852649,0
-5.590901,33,11348.550283,-100.0,-0.6614981397179882,0
-5.331208,33,11349.11327,-100.0,-0.7520916670268111,0
-5.21978,35,11349.714154,-100.0,-0.8913124188032582,0
-5.175924,33,11350.271903,-100.0,-0.8221344662354714,0
-5.591671,33,11350.837332,-100.0,-0.6774298368521497,0
-5.700602,33,11351.40587,-100.0,-0.6522199430346519,0
-5.448629,32,11351.949325,-100.0,-0.7921094157375208,0
-5.227432,37,11352.5685,-100.0,-0.8261710210603938,0
-5.543702,34,11353.148626,-100.0,-0.7087594385089359,0
-5.101228,32,11353.69739,-100.0,-0.8971813832030232,0
-5.41466,32,11354.237738,-100.0,-0.7772955438973775,0
-5.556045,34,11354.820407,-100.0,-0.6789848543696323,0
-5.122556,32,11355.36851,-100.0,-0.855098240125214,0
-5.366698,39,11356.036886,-100.0,-0.781763002420737,0
-5.198054,32,11356.57431,-100.0,-0.8457315998269531,0
-5.51438,33,11357.141249,-100.0,-0.723206665187119,0
-5.47546,32,11357.695661,-100.0,-0.7650590984394101,0
-5.515066,33,11358.250541,-100.0,-0.7563762331651689,0
-5.248647,32,11358.802269,-100.0,-0.8050207959912346,0
-5.324845,37,11359.417107,-100.0,-0.7380843433122736,0
-5.308073,32,11359.965426,-100.0,-0.7536017048067797,0
-5.668657,33,11360.525306,-100.0,-0.7461545098284139,0
-5.110633,32,11361.079417,-100.0,-0.8771505475320943,0
-5.876508,42,11361.792763,-100.0,-0.6885353775241722,0
-5.110733,33,11362.352521,-100.0,-0.8878022806501821,0
-5.969321,34,11362.932125,-100.0,-0.6411138724155632,0
-5.919074,34,11363.509387,-100.0,-0.6708602928459287,0
-5.607796,33,11364.072436,-100.0,-0.6888732825322472,0
-5.378067,32,11364.610172,-100.0,-0.8497251154335027,0
-5.485385,34,11365.196103,-100.0,-0.724237140943027,0
-5.160044,32,11365.734326,-100.0,-0.8783376977279846,0
-5.352902,33,11366.301389,-100.0,-0.6821621889014757,0
-5.422402,33,11366.853558,-100.0,-0.7874697244368203,0
-5.230939,32,11367.408719,-100.0,-0.8707047269422388,0
-5.579793,34,11367.991692,-100.0,-0.65233007552677,0
-5.665722,33,11368.546569,-100.0,-0.6741289053530277,0
-5.222119,33,11369.112889,-100.0,-0.7758627899848183,0
-5.506493,34,11369.685678,-100.0,-0.6593618415130282,0
-5.277809,32,11370.242291,-100.0,-0.8689838895606926,0
-5.434693,33,11370.803326,-100.0,-0.7697859011301552,0
-5.286058,33,11371.359446,-100.0,-0.8507552937431149,0
-5.576303,33,11371.927861,-100.0,-0.727900408335351,0
-5.351239,33,11372.488404,-100.0,-0.7300590371561956,0
-5.698729,40,11373.156864,-100.0,-0.7908662323003167,0
-5.375796,33,11373.719909,-100.0,-0.7499251955649218,0
-5.196039,32,11374.264391,-100.0,-0.8451873785706614,0
-4.961408,33,11374.823068,-100.0,-0.8523045729421967,0
-5.847147,34,11375.39716,-100.0,-0.6858113809213922,0
-5.448546,33,11375.955394,-100.0,-0.7722794177606983,0
-5.148329,33,11376.523145,-100.0,-0.8154073708495639,0
-5.313412,33,11377.083821,-100.0,-0.7577836965463421,0
-5.582274,33,11377.651495,-100.0,-0.66091773101874,0
-5.787375,33,11378.202733,-100.0,-0.7421874412847835,0
-5.593582,33,11378.768218,-100.0,-0.5104111980159007,0
