#{"t_start": 1782853650.1781487, "env_id": "BipedalWalker-v3"}
r,l,t,original_env_reward,generated_reward,reward_error_count
-39.45341,58,2.801088,-100.0,-1.822759155369915,0
-438.682323,1319,20.846553,-100.0,-0.41863227749198073,0
-65.259774,65,21.729949,-100.0,-2.3358525773328065,0
-511.474798,1600,185.832836,0.0554277777572461,-0.07953330337261834,0
-263.509297,1600,332.537596,0.06572382135192671,-0.07671153733072876,0
-42.350343,69,333.483091,-100.0,-1.848853453828515,0
-33.53849,87,334.678224,-100.0,-1.4942835666332293,0
-277.270121,1600,476.722125,-0.1591537673671993,-0.20870255744495012,0
-227.680599,1600,498.828162,-0.11924432273705327,-0.2738486841615452,0
-46.670149,96,500.140486,-100.0,-0.8159178943961841,0
-213.726063,1600,641.253022,-0.04310383858283243,-0.09758716992103629,0
-14.779282,41,641.824481,-100.0,-0.8162172730266208,0
-11.195642,55,642.589679,-100.0,-0.16162891544705393,0
-25.67303,62,643.459763,-100.0,-1.0954756315611305,0
-71.476719,105,644.915635,-100.0,-2.613630804439362,0
-200.388671,1600,787.81515,-0.060102240522701356,-0.10115571716300062,0
-253.737984,1600,928.557668,-0.02356953211624943,-0.11336652348875328,0
-36.640589,84,929.724927,-100.0,-0.5370156547615377,0
-184.040389,1600,1072.521163,-0.032129734794299994,-0.1287458904264055,0
-23.049571,77,1073.59428,-100.0,-0.9817864748434588,0
-13.449175,46,1074.244848,-100.0,-0.6097642636776085,0
-166.357595,1600,1214.083548,-0.10650969636440277,-0.11522940956017412,0
-171.283353,1600,1236.50702,-0.046090867330629434,-0.04380435889704216,0
-15.418116,90,1237.778703,-100.0,-0.8484923966497634,0
-21.720031,62,1238.655197,-100.0,-1.008991793821652,0
-12.612678,75,1239.7023,-100.0,-0.7007160911686728,0
-14.789432,51,1357.473375,-100.0,-0.783857266255247,0
-154.302385,1600,1380.07233,-0.060907904346782775,-0.10313343490775381,0
-22.806952,59,1380.904285,-100.0,-0.8350939674152124,0
-30.858026,144,1382.934772,-100.0,-0.9998632320624605,0
-31.037807,189,1385.623808,-100.0,-0.7044250161459873,0
-149.154008,1600,1524.560564,-0.03965439144770068,-0.09211205805831119,0
-136.190623,1600,1666.987134,-0.023348496874175853,-0.07004084928935053,0
-196.501004,1600,1807.611459,0.03623827330271168,-0.10934967708588698,0
-166.709499,1600,1947.34558,-0.0030401088794096125,-0.09946067933176245,0
-116.111772,1600,1971.336805,-0.08271262283126277,-0.09133611721103149,0
-123.408597,1600,2109.350587,-0.08714669891198003,-0.11311147860922269,0
-139.363187,1600,2246.265793,-0.04396680808067322,-0.17464895714257947,0
-15.468763,86,2247.43262,-100.0,-0.6372694328719347,0
-20.958875,111,2248.954404,-100.0,-0.3945808738418685,0
-21.298188,134,2250.796213,-100.0,-0.695155726499,0
-15.571674,79,2251.853865,-100.0,-0.43867302634059735,0
-8.572673,44,2252.446507,-100.0,-0.6576282270047484,0
-19.354873,69,2253.389505,-100.0,-0.44683731279387806,0
-91.845688,1600,2394.394284,-0.07341662883758546,-0.04962673490119923,0
-12.806806,61,2395.232586,-100.0,-0.3552263554248849,0
-8.394386,44,2395.831918,-100.0,-0.6624103185716255,0
-12.876247,79,2396.917093,-100.0,-0.6723235322542748,0
-12.649644,67,2397.841222,-100.0,-0.8534376829783288,0
-17.482107,105,2399.285705,-100.0,-0.571488855092497,0
-15.218938,88,2400.508289,-100.0,-1.002056476029999,0
-16.158083,82,2401.638868,-100.0,-0.7203832491346801,0
-11.153653,55,2402.396115,-100.0,-0.6018264836934958,0
-14.862486,86,2403.559432,-100.0,-0.3951412360812015,0
-17.792003,64,2404.437387,-100.0,-0.6378006356286393,0
-14.321317,81,2405.541304,-100.0,-0.6295190157162198,0
-8.927221,57,2406.31692,-100.0,-0.6844603961535374,0
-15.875678,62,2407.155711,-100.0,-0.5637770805509159,0
-9.441384,50,2407.836073,-100.0,-0.6228577240224563,0
-10.322099,56,2408.605408,-100.0,-0.6869582456486448,0
-15.688018,103,2504.558229,-100.0,-0.9929779935114043,0
-18.925138,81,2505.654744,-100.0,-0.5279629422486372,0
-15.069449,82,2506.747681,-100.0,-0.7661113432294516,0
-88.402417,1600,2528.566137,-0.05504900239035487,-0.02715157032738939,0
-10.444973,60,2529.378753,-100.0,-0.7259650553081479,0
-13.621318,48,2530.037989,-100.0,-0.5665997109476363,0
-9.994523,46,2530.667772,-100.0,-0.6350980269663113,0
-17.792606,93,2625.075432,-100.0,-0.34895156428242186,0
-96.895965,1600,2646.941894,-0.006425791010260583,-0.016481411820444665,0
-10.011005,60,2647.760434,-100.0,-0.6897707361208066,0
-11.122794,70,2648.721825,-100.0,-0.7302361773738879,0
-95.627813,1600,2763.914284,0.0665892860194,-0.07220055736093475,0
-12.385064,59,2764.743424,-100.0,-0.3023118061240708,0
-26.602667,123,2766.453708,-100.0,-0.49295636438104623,0
-8.622706,46,2767.092232,-100.0,-0.6293743594355943,0
-12.278177,80,2768.214044,-100.0,-0.2087222584329644,0
-9.470935,56,2768.97883,-100.0,-0.18853066425750156,0
-28.81515,142,2770.928293,-100.0,-0.4458267826439451,0
-18.416406,100,2772.322855,-100.0,-0.25122948242354415,0
-10.860199,64,2773.210577,-100.0,-0.7570922701205302,0
-8.490843,47,2773.871635,-100.0,-0.630570657863103,0
-9.361985,59,2893.642302,-100.0,-0.6627615398346862,0
-13.314962,68,2894.582297,-100.0,-0.7249940332350967,0
-8.696318,54,2895.351472,-100.0,-0.6353887763413517,0
-10.173203,62,2896.229268,-100.0,-0.6217307524514238,0
-18.891958,72,2897.239795,-100.0,-0.668183548594094,0
-10.470874,62,2898.096369,-100.0,-0.644416831166447,0
-13.594012,77,2899.178136,-100.0,-0.765225172418485,0
-11.933461,80,2900.330942,-100.0,-0.38825089114952627,0
-16.573709,120,2901.994901,-100.0,-0.6243522399380114,0
-8.599113,46,2902.639992,-100.0,-0.6033149615880697,0
-20.53347,103,2904.096976,-100.0,-0.39724901137062574,0
-22.195011,90,2905.348229,-100.0,-0.5543659584606726,0
-9.151276,60,2906.190141,-100.0,-0.7082779492173572,0
-14.164303,87,2907.421198,-100.0,-0.785065375525385,0
-13.027267,96,2908.786811,-100.0,-0.6454894466188139,0
-12.625195,72,2909.812977,-100.0,-0.255991821875446,0
-11.750245,65,2910.741711,-100.0,-0.6263911024054062,0
-8.644221,46,2911.390968,-100.0,-0.24467334460787515,0
-12.853835,58,2912.209682,-100.0,-0.34442184201878145,0
-9.161181,44,2912.841343,-100.0,-0.38349490837832123,0
-16.123679,106,2914.359266,-100.0,-0.8352683120529423,0
-10.272952,63,2915.236051,-100.0,-0.7174875819760951,0
-14.777095,69,2916.209815,-100.0,-0.6825123344719665,0
-23.18497,89,2917.475725,-100.0,-0.8784429180651535,0
-9.461695,54,2918.24846,-100.0,-0.6948157444338882,0
-10.371466,42,2918.864453,-100.0,-0.31042438668533934,0
-9.890937,64,2919.778919,-100.0,-0.7605117491586905,0
-12.596175,95,2921.134174,-100.0,-0.8603756589809376,0
-9.974627,54,3037.577088,-100.0,-0.6948203502522814,0
-11.125931,56,3038.363791,-100.0,-0.29648431506210987,0
-8.856279,48,3039.048079,-100.0,-0.6986865833975189,0
-9.232351,52,3039.800504,-100.0,-0.7248132793736942,0
-7.996497,44,3040.427849,-100.0,-0.6188834811595857,0
-8.926346,54,3041.196335,-100.0,-0.6717361937989998,0
-13.256402,45,3041.811009,-100.0,-0.5037442633842961,0
-10.864624,53,3042.571037,-100.0,-0.24716621445624326,0
-12.774803,61,3043.680462,-100.0,-0.2487799763082966,0
-14.06699,60,3044.51327,-100.0,-0.3889069775653424,0
-21.129089,145,3046.602693,-100.0,-0.3882434814790873,0
-9.577223,56,3047.394493,-100.0,-0.7527148598801763,0
-9.008411,47,3048.058638,-100.0,-0.6832663710526296,0
-11.850578,65,3048.974056,-100.0,-0.8895072931044326,0
-10.843965,60,3049.827235,-100.0,-0.6358694980021343,0
-9.326662,64,3050.753819,-100.0,-0.7106245816777802,0
-14.206255,78,3051.869517,-100.0,-0.22985209938433696,0
-13.452298,57,3052.692924,-100.0,-0.30537635397228674,0
-11.199453,64,3053.619673,-100.0,-0.2971748808058325,0
-13.337444,50,3054.346273,-100.0,-0.3388263057900633,0
-22.600665,144,3056.408769,-100.0,-0.369660662683425,0
-13.846438,87,3057.638021,-100.0,-0.3093349964339213,0
-8.881264,49,3058.351671,-100.0,-0.6556179865257513,0
-13.001889,82,3059.537276,-100.0,-0.35142846987647675,0
-17.125834,76,3060.631218,-100.0,-0.3263765883220067,0
-9.296675,51,3061.380324,-100.0,-0.7638656014189202,0
-13.984291,72,3062.416062,-100.0,-0.7606991888184707,0
-16.428697,63,3063.324836,-100.0,-0.4704184299802633,0
-11.837269,53,3064.086241,-100.0,-0.2774578040102479,0
-8.87987,64,3065.010899,-100.0,-0.6439765214930574,0
-9.664737,69,3065.991901,-100.0,-0.6783617902076639,0
-8.440254,52,3066.738953,-100.0,-0.6566578886167658,0
-10.62612,71,3184.081961,-100.0,-0.2389640686040402,0
-13.413081,72,3185.131009,-100.0,-0.3154584954015083,0
-10.263601,60,3186.008027,-100.0,-0.2510260060844874,0
-8.466374,41,3186.601282,-100.0,-0.622070659362047,0
-10.315862,62,3187.515563,-100.0,-0.3134672682065571,0
-9.251881,63,3188.442555,-100.0,-0.8110762515495236,0
-10.044563,60,3189.311468,-100.0,-0.6830033550372868,0
-7.89784,47,3189.997837,-100.0,-0.6511607869311492,0
-14.130057,77,3191.118858,-100.0,-0.7353259569751517,0
-9.086891,71,3192.174787,-100.0,-0.7385337948559059,0
-12.495122,56,3192.981972,-100.0,-0.38129034224897634,0
-9.621258,48,3193.668456,-100.0,-0.6466148373403147,0
-7.673677,41,3194.270475,-100.0,-0.6982895109765721,0
-11.620079,48,3194.982592,-100.0,-0.8762798188965687,0
-14.954,119,3196.680218,-100.0,-0.6477591484275403,0
-12.415525,90,3197.979852,-100.0,-0.6887150679429699,0
-10.825295,58,3198.832048,-100.0,-0.18556415620979735,0
-10.722726,64,3199.773821,-100.0,-0.7057205490314535,0
-15.111163,130,3201.680693,-100.0,-0.6563041513322859,0
-9.050694,46,3202.373704,-100.0,-0.6204225616920954,0
-11.538011,63,3203.285815,-100.0,-0.6107412621501974,0
-10.746856,59,3204.149793,-100.0,-0.7920897500560669,0
-10.83218,65,3205.098325,-100.0,-0.2063375414789697,0
-10.024803,54,3205.903879,-100.0,-0.8578335164524618,0
-13.734123,116,3207.578474,-100.0,-0.3100891857981741,0
-8.944214,47,3208.247537,-100.0,-0.6703847413794968,0
-11.933556,72,3209.302187,-100.0,-0.6692750551908526,0
-9.518421,52,3210.07592,-100.0,-0.6923583659613807,0
-8.44756,47,3210.760219,-100.0,-0.8346331928164317,0
-15.54056,61,3211.675074,-100.0,-0.7809356825585853,0
-11.458077,83,3212.851122,-100.0,-0.8122972875742084,0
-10.870804,78,3331.291591,-100.0,-0.6954828266842383,0
-10.62046,55,3332.093992,-100.0,-0.716815395425832,0
-9.79537,42,3332.69834,-100.0,-0.6334730454328121,0
-14.05076,91,3334.041703,-100.0,-0.33678496965550275,0
-8.799897,59,3334.918355,-100.0,-0.8254341397325512,0
-8.383796,50,3335.659625,-100.0,-0.7519018708914519,0
-16.011795,72,3336.716963,-100.0,-0.7487183199880275,0
-9.611013,61,3337.610093,-100.0,-0.7841037379870034,0
-13.065922,65,3338.571611,-100.0,-0.6873519027053224,0
-11.274206,69,3339.572373,-100.0,-0.7394518134112215,0
-8.68774,53,3340.344326,-100.0,-0.7040919593776138,0
-11.21221,85,3341.596989,-100.0,-0.6426625100268071,0
-8.763293,58,3342.45003,-100.0,-0.7443375627990284,0
-12.243798,63,3343.368239,-100.0,-0.16385206101322317,0
-10.003326,64,3344.32015,-100.0,-0.6411567769284818,0
-8.683235,34,3344.815046,-100.0,-0.5976787798108552,0
-9.086587,49,3345.552426,-100.0,-0.6586590344884028,0
-13.520269,69,3346.572334,-100.0,-0.24771931322411936,0
-9.637656,69,3347.592264,-100.0,-0.6419074369914972,0
-10.664373,65,3348.532382,-100.0,-0.6901024743219976,0
-13.084717,73,3349.611535,-100.0,-0.6795656823084555,0
-10.522058,64,3350.531086,-100.0,-0.6263632545827112,0
-8.193302,47,3351.245741,-100.0,-0.1717606044270625,0
-13.072116,73,3352.290323,-100.0,-0.7445609499523533,0
-10.986631,73,3353.370962,-100.0,-0.6671296770222862,0
-9.397,48,3354.066734,-100.0,-0.6321474228282891,0
-7.918154,46,3354.752661,-100.0,-0.8179135092537639,0
-13.205448,65,3355.703141,-100.0,-0.27488217389821507,0
-8.636509,52,3356.459336,-100.0,-0.6080245303407499,0
-13.358102,60,3357.305594,-100.0,-0.31505646021097855,0
-8.60821,67,3358.289323,-100.0,-0.8346407068101911,0
-8.504007,46,3358.958345,-100.0,-0.6635671856028407,0
-10.298804,58,3359.79978,-100.0,-0.20075029078409673,0
-8.518237,55,3476.191836,-100.0,-0.6965628506170521,0
-10.188228,63,3477.116354,-100.0,-0.732372057978403,0
-8.879932,58,3477.963375,-100.0,-0.5929115242014831,0
-12.403109,96,3479.382594,-100.0,-0.7408183975759894,0
-8.288897,45,3480.023012,-100.0,-0.8242764599477634,0
-13.775183,95,3481.412038,-100.0,-0.26401546204608256,0
-10.920464,105,3482.941593,-100.0,-0.6259023375322774,0
-18.233996,142,3485.018626,-100.0,-0.8389326217580193,0
-9.513549,56,3485.845298,-100.0,-0.659828747395288,0
-8.007842,43,3486.488121,-100.0,-0.6578286707840204,0
-9.799847,70,3487.512904,-100.0,-0.6257826944043843,0
-8.3799,44,3488.164736,-100.0,-0.7362204980708216,0
-10.234923,70,3489.162769,-100.0,-0.691923325546792,0
-8.496863,44,3489.840722,-100.0,-0.7416613655781236,0
-8.649953,60,3490.709023,-100.0,-0.7073762740345458,0
-14.573505,83,3491.94257,-100.0,-0.19523039524750196,0
-8.465748,57,3492.787015,-100.0,-0.6007983197122002,0
-8.00761,46,3493.465855,-100.0,-0.6502400590517299,0
-9.68751,63,3494.387464,-100.0,-0.7102678878171997,0
-7.148773,46,3495.055503,-100.0,-0.738158008997141,0
-13.089053,66,3496.040636,-100.0,-0.3064814394738993,0
-12.96306,78,3497.210278,-100.0,-0.2507178324243431,0
-8.266896,50,3497.942947,-100.0,-0.6757642006760894,0
-8.24486,47,3498.63948,-100.0,-0.6222212623122237,0
-7.1096,42,3499.244599,-100.0,-0.6920769951353927,0
-9.467587,54,3500.053291,-100.0,-0.6303498348653833,0
-12.766061,80,3501.229742,-100.0,-0.7247696586433829,0
-18.626237,98,3502.702405,-100.0,-0.2497074566018551,0
-14.891705,75,3503.816926,-100.0,-0.7999010627788816,0
-7.919268,47,3504.51335,-100.0,-0.6647457945746401,0
-9.675393,70,3505.535979,-100.0,-0.656744422583984,0
-9.612964,60,3625.481312,-100.0,-0.643692840860901,0
-9.05849,68,3626.486334,-100.0,-0.696054347580265,0
-7.944445,50,3627.227559,-100.0,-0.6244232828368481,0
-8.99398,59,3628.105604,-100.0,-0.6548643238383396,0
-10.416545,44,3628.774067,-100.0,-0.7479666223425944,0
-10.333595,66,3629.749033,-100.0,-0.7771117321047876,0
-9.172193,44,3630.3776,-100.0,-0.6343576802361056,0
-9.046126,44,3631.063314,-100.0,-0.6002116323203806,0
-9.120615,48,3631.774739,-100.0,-0.518827884947194,0
-8.801488,68,3632.77468,-100.0,-0.751312791286078,0
-7.890857,46,3633.455239,-100.0,-0.16483748141000537,0
-8.813038,50,3634.203526,-100.0,-0.6539728993163029,0
-7.864661,40,3634.791672,-100.0,-0.6766764522998621,0
-9.805287,70,3635.8391,-100.0,-0.6648563913136855,0
-11.000809,69,3636.863347,-100.0,-0.67538669482219,0
-9.998858,64,3637.825173,-100.0,-0.828032268882431,0
-9.373382,62,3638.738389,-100.0,-0.7332079746901468,0
-8.698341,62,3639.64656,-100.0,-0.6992707118842105,0
-7.688027,48,3640.356477,-100.0,-0.6538112578532672,0
-9.490553,62,3641.306309,-100.0,-0.8009135648853954,0
-9.612729,61,3642.223025,-100.0,-0.6905182523604991,0
-9.181251,47,3642.894858,-100.0,-0.6291035633902848,0
-8.501579,58,3643.763459,-100.0,-0.7379477571400509,0
-8.542907,48,3644.498356,-100.0,-0.61073856500574,0
-13.844919,102,3646.026397,-100.0,-0.7440448890324223,0
-9.028199,52,3646.800995,-100.0,-0.6084705040064028,0
-16.66483,60,3647.68079,-100.0,-0.45869499218274734,0
-8.932774,58,3648.552315,-100.0,-0.7623202933127577,0
-8.72892,55,3649.386433,-100.0,-0.7050248879054484,0
-8.186343,45,3650.058633,-100.0,-0.623583247051712,0
-12.93888,92,3651.424279,-100.0,-0.6698302699206634,0
-13.051541,103,3652.940759,-100.0,-0.7063138103124562,0
-10.061954,60,3653.831357,-100.0,-0.685212718898114,0
-8.485569,57,3654.697659,-100.0,-0.6322063124615641,0
-9.009044,43,3655.326392,-100.0,-0.6913419709325004,0
-8.888556,67,3772.18585,-100.0,-0.7132595201496928,0
-10.925789,70,3773.261569,-100.0,-0.6998314489660409,0
-8.52093,53,3774.043856,-100.0,-0.6152514769654591,0
-10.180543,62,3774.985537,-100.0,-0.7709140758665937,0
-9.147934,58,3775.852116,-100.0,-0.7208943323069614,0
-9.493452,66,3776.839233,-100.0,-0.7595983213564823,0
-10.628313,82,3778.086699,-100.0,-0.6861751449520161,0
-8.918712,61,3779.005797,-100.0,-0.6934226275797221,0
-10.038986,69,3780.046635,-100.0,-0.6908293336976647,0
-8.11531,52,3780.821842,-100.0,-0.7000314973561939,0
-9.016557,44,3781.507562,-100.0,-0.6040885356229174,0
-7.897773,48,3782.218981,-100.0,-0.6375632218685017,0
-12.059031,76,3783.358129,-100.0,-0.6201444048078394,0
-8.543999,56,3784.196748,-100.0,-0.7385186959023666,0
-9.056558,69,3785.220772,-100.0,-0.6137608688161746,0
-8.56527,57,3786.06883,-100.0,-0.7626637017701733,0
-9.151946,52,3786.863334,-100.0,-0.6830439586779912,0
-8.90954,51,3787.614988,-100.0,-0.6474983767564033,0
-8.357136,61,3788.538691,-100.0,-0.6816644813090956,0
-9.594307,62,3789.460479,-100.0,-0.6737242680919999,0
-10.116728,62,3790.390358,-100.0,-0.6112207966349572,0
-8.682158,66,3791.346656,-100.0,-0.7553619425241638,0
-11.793165,68,3792.392124,-100.0,-0.46548059470436914,0
-8.519762,51,3793.158083,-100.0,-0.714149847212147,0
-8.617544,45,3793.82586,-100.0,-0.7852581425499815,0
-8.063632,57,3794.664489,-100.0,-0.6107750850042076,0
-9.882379,70,3795.724154,-100.0,-0.6573440694461761,0
-8.145879,48,3796.431755,-100.0,-0.7546853666513739,0
-7.670286,57,3797.28051,-100.0,-0.6414177320997813,0
-8.130797,53,3798.063317,-100.0,-0.7618043472161646,0
-8.760328,50,3798.808007,-100.0,-0.6360727507255305,0
-8.427895,47,3799.503595,-100.0,-0.7487327876255429,0
-10.218715,65,3800.470415,-100.0,-0.2519696305354232,0
-10.111121,57,3801.311934,-100.0,-0.1790550555141462,0
-9.180852,66,3802.300419,-100.0,-0.7068898125503306,0
-7.096193,46,3922.826535,-100.0,-0.66873562129775,0
-8.593183,43,3923.481947,-100.0,-0.5924407173736179,0
-8.841039,46,3924.178399,-100.0,-0.7537870658001018,0
-9.712811,45,3924.842162,-100.0,-0.7648914839376875,0
-8.582804,58,3925.721648,-100.0,-0.6863094877689878,0
-8.013789,45,3926.406258,-100.0,-0.6170555950150833,0
-9.814065,68,3927.418903,-100.0,-0.7664864026382566,0
-13.489684,86,3928.693599,-100.0,-0.2436506147138925,0
-7.028836,39,3929.284068,-100.0,-0.6502688452303063,0
-10.074556,42,3929.92672,-100.0,-0.6847741859712684,0
-10.525274,64,3930.900539,-100.0,-0.5516490195036543,0
-7.980935,48,3931.609418,-100.0,-0.6702056756592999,0
-9.638076,76,3932.760824,-100.0,-0.6978454290309171,0
-7.954315,46,3933.441255,-100.0,-0.5964547282924081,0
-9.315885,52,3934.198764,-100.0,-0.6957755745754913,0
-11.339046,77,3935.370899,-100.0,-0.6933456365124319,0
-8.659252,55,3936.205418,-100.0,-0.6629594005575322,0
-7.81079,44,3936.868176,-100.0,-0.6780449451295052,0
-7.002743,41,3937.469886,-100.0,-0.6506199185427943,0
-9.019547,59,3938.373751,-100.0,-0.6282802512503922,0
-9.339797,48,3939.085749,-100.0,-0.6593978947997438,0
-13.753793,59,3939.994832,-100.0,-0.2666167058241549,0
-11.178095,77,3941.147256,-100.0,-0.6884840805750981,0
-10.264432,65,3942.134301,-100.0,-0.6400306107359238,0
-7.91182,46,3942.830885,-100.0,-0.7209115862353217,0
-10.964804,56,3943.67168,-100.0,-0.2715434105057123,0
-8.95955,61,3944.585405,-100.0,-0.5714012961281365,0
-7.903156,44,3945.233867,-100.0,-0.6594813259191866,0
-7.638525,39,3945.821925,-100.0,-0.613276331129093,0
-8.303782,58,3946.715163,-100.0,-0.6981763788286159,0
-8.161691,46,3947.417314,-100.0,-0.7415713121008974,0
-8.589578,60,3948.331751,-100.0,-0.6686187907533441,0
-8.996809,50,3949.084726,-100.0,-0.7104626465284196,0
-8.966279,55,3949.916367,-100.0,-0.7182876210289828,0
-11.093493,81,3951.126305,-100.0,-0.7403823564117519,0
-8.258024,37,3951.664174,-100.0,-0.6910188466582905,0
-11.877308,108,4069.363614,-100.0,-0.7191885182940753,0
-9.445591,46,4070.06591,-100.0,-0.8031089740622709,0
-9.535831,41,4070.692078,-100.0,-0.42358662631118793,0
-8.111039,58,4071.567828,-100.0,-0.6582539512791472,0
-7.538916,46,4072.271664,-100.0,-0.656912590279449,0
-7.074738,41,4072.895969,-100.0,-0.7097496746620957,0
-8.576989,49,4073.643314,-100.0,-0.6124321100333898,0
-7.680811,55,4074.472494,-100.0,-0.7234115237150892,0
-9.702607,59,4075.377269,-100.0,-0.6338487591772646,0
-9.382973,59,4076.267888,-100.0,-0.6915549940835217,0
-8.561163,68,4077.28062,-100.0,-0.6920010972851968,0
-6.958859,40,4077.875251,-100.0,-0.7067752874108145,0
-7.397251,46,4078.566343,-100.0,-0.7031122153124064,0
-7.361131,48,4079.294487,-100.0,-0.7354951786980944,0
-9.558693,68,4080.333568,-100.0,-0.6217912044027384,0
-8.70044,60,4081.241623,-100.0,-0.7215672479868026,0
-8.226886,58,4082.13561,-100.0,-0.6009257525850193,0
-8.762778,55,4082.959414,-100.0,-0.6761918634382247,0
-7.838718,44,4083.613327,-100.0,-0.6137118924337203,0
-9.50388,68,4084.645787,-100.0,-0.6388912351106016,0
-9.115397,60,4085.538273,-100.0,-0.7087127764080449,0
-8.065512,43,4086.198974,-100.0,-0.6783818442699778,0
-7.842549,54,4087.008284,-100.0,-0.7013162274184536,0
-7.244506,42,4087.635182,-100.0,-0.7578643826135477,0
-8.83905,58,4088.505044,-100.0,-0.7792585576522962,0
-10.35274,84,4089.770659,-100.0,-0.6563946679572111,0
-9.158947,71,4090.856401,-100.0,-0.8464920435179363,0
-11.417171,64,4091.81316,-100.0,-0.689725639970744,0
-8.197205,41,4092.444097,-100.0,-0.6031164091213864,0
-9.426387,70,4093.510044,-100.0,-0.7462850662887239,0
-9.630498,75,4094.653613,-100.0,-0.7021181655837246,0
-7.727965,52,4095.448241,-100.0,-0.7390961178788573,0
-12.573296,102,4096.982344,-100.0,-0.26827028718582535,0
-8.598844,44,4097.637075,-100.0,-0.6537693504789118,0
-9.131638,68,4098.666239,-100.0,-0.7181534987688064,0
-7.85762,60,4099.588353,-100.0,-0.667564847259577,0
-7.591974,41,4218.181787,-100.0,-0.6053477121747516,0
-7.173928,49,4218.902371,-100.0,-0.7921112435907215,0
-7.953487,51,4219.718992,-100.0,-0.590585179877141,0
-7.491384,49,4220.462807,-100.0,-0.7597483810077427,0
-8.337944,56,4221.296965,-100.0,-0.6035765959654401,0
-7.974911,44,4221.974186,-100.0,-0.6382788556403058,0
-6.867489,40,4222.605778,-100.0,-0.6585229324646926,0
-9.324258,80,4223.815656,-100.0,-0.8102448101166052,0
-8.63603,61,4224.752426,-100.0,-0.7191272019331841,0
-8.047454,60,4225.669168,-100.0,-0.7834763740052704,0
-10.073808,63,4226.633344,-100.0,-0.5978523272963796,0
-11.394649,91,4227.987344,-100.0,-0.18620651301844088,0
-7.704005,51,4228.786111,-100.0,-0.6343601806859653,0
-9.042761,42,4229.424021,-100.0,-0.7582548187574408,0
-7.175538,43,4230.085637,-100.0,-0.6646304464342261,0
-8.526241,61,4231.008477,-100.0,-0.7013986490015685,0
-7.237403,46,4231.732456,-100.0,-0.7394075358809249,0
-8.827698,63,4232.683967,-100.0,-0.6706023214111768,0
-7.237108,46,4233.384752,-100.0,-0.7589594894027667,0
-8.641464,61,4234.302788,-100.0,-0.762473629415785,0
-9.512657,72,4235.401142,-100.0,-0.6020202077895896,0
-10.080232,97,4236.882663,-100.0,-0.6413480511704656,0
-7.570141,42,4237.534633,-100.0,-0.706548639828469,0
-7.132646,42,4238.165641,-100.0,-0.7152478471896204,0
-7.723007,52,4238.976628,-100.0,-0.8716855278009418,0
-8.443999,42,4239.621975,-100.0,-0.6353581215517077,0
-7.616067,55,4240.462599,-100.0,-0.7876445772700581,0
-7.871666,48,4241.209893,-100.0,-0.6651171091296706,0
-7.234242,38,4241.788037,-100.0,-0.5464730063769793,0
-7.408602,43,4242.441648,-100.0,-0.6915712473154251,0
-7.085268,42,4243.062365,-100.0,-0.6118276464154123,0
-8.492389,57,4243.9297,-100.0,-0.617253261254105,0
-7.419816,40,4244.563598,-100.0,-0.6558559408797657,0
-7.521556,56,4245.392988,-100.0,-0.6677037381534834,0
-9.349588,53,4246.209797,-100.0,-0.7590765190071738,0
-7.910864,48,4246.934442,-100.0,-0.7033253773653242,0
-7.643494,54,4247.758159,-100.0,-0.7530054645285679,0
-8.61692,75,4248.89545,-100.0,-0.7248353167442615,0
-7.585066,46,4366.898002,-100.0,-0.6850585843830652,0
-7.587889,52,4367.715343,-100.0,-0.581725807628658,0
-6.791256,45,4368.407275,-100.0,-0.6682009915982954,0
-7.145041,39,4369.019165,-100.0,-0.66832343245099,0
-8.097309,44,4369.682847,-100.0,-0.622308804959942,0
-8.083794,69,4370.741998,-100.0,-0.7299702593545704,0
-7.842999,45,4371.441856,-100.0,-0.5923953440069933,0
-7.596981,53,4372.266818,-100.0,-0.5874146207886582,0
-7.357285,41,4372.889272,-100.0,-0.7072919409652525,0
-8.18492,52,4373.692432,-100.0,-0.6257073922037529,0
-7.471029,46,4374.409567,-100.0,-0.6599351238820685,0
-9.141491,54,4375.249633,-100.0,-0.8509928538877921,0
-6.468849,46,4375.953585,-100.0,-0.7168461037345459,0
-8.575627,64,4376.909704,-100.0,-0.6744116936277191,0
-6.894606,38,4377.512585,-100.0,-0.7330489417545659,0
-7.756681,50,4378.280637,-100.0,-0.6984762396730244,0
-7.673675,56,4379.13512,-100.0,-0.7625266594061606,0
-8.619816,53,4379.944332,-100.0,-0.6428225435137409,0
-8.849267,55,4380.797456,-100.0,-0.6039956776219914,0
-7.837221,52,4381.603615,-100.0,-0.6432603794480364,0
-9.939698,82,4382.878599,-100.0,-0.26386158717067837,0
-7.334879,48,4383.602419,-100.0,-0.739503901460287,0
-8.308918,50,4384.377828,-100.0,-0.703355228865423,0
-7.319979,38,4384.961093,-100.0,-0.6392033846415114,0
-8.21755,58,4385.84994,-100.0,-0.5884763633268945,0
-7.461192,48,4386.600214,-100.0,-0.7422852709877928,0
-8.101449,39,4387.206809,-100.0,-0.7104086504497306,0
-7.924964,41,4387.843802,-100.0,-0.5830237931757185,0
-8.309143,44,4388.510333,-100.0,-0.7775281382766006,0
-8.845142,57,4389.397787,-100.0,-0.7245748970603153,0
-7.716116,46,4390.100608,-100.0,-0.6705973151374621,0
-7.195143,61,4391.022452,-100.0,-0.7476703077364862,0
-11.046977,79,4392.245308,-100.0,-0.588181476103637,0
-11.292372,91,4393.645904,-100.0,-0.6370786850922379,0
-7.742425,42,4394.303032,-100.0,-0.6635137157735981,0
-7.206436,38,4394.878671,-100.0,-0.6913447269150976,0
-8.25035,52,4395.693022,-100.0,-0.7218646711707403,0
-7.054805,36,4396.25321,-100.0,-0.6819802078482097,0
-6.762869,35,4396.779414,-100.0,-0.6521914596103413,0
-7.413349,52,4397.586907,-100.0,-0.6891953319935362,0
-7.207726,41,4398.210035,-100.0,-0.6188417405576458,0
-7.700088,43,4519.935749,-100.0,-0.7488133023900836,0
-7.46261,46,4520.649615,-100.0,-0.7654712499478994,0
-6.93078,40,4521.28144,-100.0,-0.6854855952937058,0
-7.49806,39,4521.893015,-100.0,-0.5676147710569007,0
-7.947954,51,4522.672448,-100.0,-0.6356333487191583,0
-7.721403,45,4523.377958,-100.0,-0.7326247554298001,0
-7.236894,39,4524.008738,-100.0,-0.6622122318063044,0
-7.166782,43,4524.658571,-100.0,-0.804364395717497,0
-6.872756,38,4525.243757,-100.0,-0.7506972754074694,0
-7.763999,42,4525.901697,-100.0,-0.618726409747018,0
-7.283545,44,4526.590339,-100.0,-0.9179750968803678,0
-6.430454,33,4527.110753,-100.0,-0.7032525460364742,0
-7.055154,44,4527.804108,-100.0,-0.6904801800175667,0
-7.736861,48,4528.537149,-100.0,-0.7284279478532046,0
-7.777937,49,4529.306913,-100.0,-0.7145099998767709,0
-7.161513,44,4530.005503,-100.0,-0.6280237923823894,0
-7.877573,40,4530.595994,-100.0,-0.7518925487575833,0
-7.947902,54,4531.440687,-100.0,-0.6916212094042336,0
-7.678314,41,4532.069301,-100.0,-0.6434236965463197,0
-7.656413,58,4532.961068,-100.0,-0.7776533364992988,0
-8.236644,52,4533.772985,-100.0,-0.7432263208407422,0
-7.576936,43,4534.458825,-100.0,-0.8093989538968486,0
-7.17295,54,4535.293531,-100.0,-0.7133259244870296,0
-7.342377,43,4535.967838,-100.0,-0.6871107573402027,0
-8.318226,60,4536.869419,-100.0,-0.703698565469407,0
-6.598864,42,4537.541341,-100.0,-0.7797734292891461,0
-6.977494,43,4538.214876,-100.0,-0.6872352466564117,0
-7.838111,47,4538.951442,-100.0,-0.5917074059499449,0
-7.754798,46,4539.657927,-100.0,-0.6545573553182831,0
-7.85492,61,4540.588886,-100.0,-0.686168707127638,0
-9.063572,62,4541.562413,-100.0,-0.7464255941882254,0
-7.050782,43,4542.225082,-100.0,-0.6370441685243288,0
-7.236446,40,4542.834814,-100.0,-0.6546380651546445,0
-7.561953,53,4543.667603,-100.0,-0.73615807633042,0
-10.59762,99,4545.223114,-100.0,-0.6942598013883543,0
-7.087313,39,4545.824194,-100.0,-0.6052209426139453,0
-7.888698,53,4546.645835,-100.0,-0.9373463970012527,0
-8.231126,58,4547.561903,-100.0,-0.69062648082924,0
-8.162451,45,4548.266802,-100.0,-0.6724665251821393,0
-7.27351,44,4548.95646,-100.0,-0.7034520136427982,0
-8.482364,39,4549.562068,-100.0,-0.48919615876442296,0
-7.305368,39,4550.144507,-100.0,-0.6294182885710958,0
-8.051588,54,4550.988956,-100.0,-0.677220571218072,0
-7.02793,40,4669.192171,-100.0,-0.632006160892631,0
-7.210712,49,4669.963249,-100.0,-0.6541410290811003,0
-7.393951,51,4670.752077,-100.0,-0.6899486123976831,0
-6.911863,39,4671.348816,-100.0,-0.7411404550627163,0
-7.179532,40,4671.98378,-100.0,-0.6699348209932872,0
-7.123368,45,4672.702151,-100.0,-0.6347831773043726,0
-6.881548,43,4673.363251,-100.0,-0.7457442326774043,0
-8.415777,55,4674.217522,-100.0,-0.7276096156361367,0
-6.907505,40,4674.860607,-100.0,-0.7270972561627388,0
-7.244798,40,4675.483926,-100.0,-0.6640112369847487,0
-7.493947,48,4676.221532,-100.0,-0.7238638741877963,0
-8.298289,58,4677.117771,-100.0,-0.6732422412010249,0
-7.473933,38,4677.717202,-100.0,-0.6329693511316103,0
-7.383691,59,4678.630534,-100.0,-0.7176443705812554,0
-6.562336,40,4679.244603,-100.0,-0.7300043031496777,0
-7.595736,54,4680.089391,-100.0,-0.7019579674519826,0
-6.962724,39,4680.707044,-100.0,-0.6806422622181073,0
-6.909483,40,4681.333856,-100.0,-0.7006044572536487,0
-8.163831,49,4682.111894,-100.0,-0.6119382859936308,0
-7.614619,49,4682.857584,-100.0,-0.725386001159658,0
-6.843228,41,4683.504416,-100.0,-0.6349542138498313,0
-7.154716,36,4684.061206,-100.0,-0.6955550322392161,0
-11.101875,38,4684.6271,-100.0,-0.9186254827703032,0
-7.323521,48,4685.372889,-100.0,-0.7037514224462318,0
-7.368008,46,4686.080572,-100.0,-0.7273723542130528,0
-7.643593,50,4686.85895,-100.0,-0.6415898638593758,0
-7.151129,44,4687.556404,-100.0,-0.7155366508088018,0
-7.155669,46,4688.257624,-100.0,-0.7092230173325093,0
-6.891241,45,4688.946704,-100.0,-0.7051047526796446,0
-6.797357,43,4689.618831,-100.0,-0.7715291209264561,0
-6.843447,47,4690.360667,-100.0,-0.7277568535107348,0
-7.336295,43,4691.022477,-100.0,-0.6847281707580611,0
-7.306705,44,4691.723918,-100.0,-0.64353872320109,0
-6.930657,54,4692.561203,-100.0,-0.7416275781598946,0
-7.936394,42,4693.202976,-100.0,-0.6118282234145183,0
-8.941052,40,4693.819661,-100.0,-0.6431131780199894,0
-7.357523,42,4694.484412,-100.0,-0.6130041248257854,0
-6.87999,41,4695.122708,-100.0,-0.6510304488559876,0
-6.543112,39,4695.72236,-100.0,-0.6670149687581041,0
-6.866714,40,4696.342584,-100.0,-0.6449724160212404,0
-6.747058,37,4696.924458,-100.0,-0.6984154027934082,0
-9.108946,82,4698.208988,-100.0,-0.686578943606908,0
-7.939711,40,4698.833817,-100.0,-0.7654466559398995,0
-7.11368,39,4699.443258,-100.0,-0.7127271099274453,0
-7.054883,48,4700.197476,-100.0,-0.5799620987136982,0
-6.8911,44,4826.117328,-100.0,-0.7644795252645065,0
-7.323889,39,4826.735781,-100.0,-0.624488176396969,0
-7.594218,48,4827.478054,-100.0,-0.720235795916821,0
-7.25893,50,4828.276395,-100.0,-0.7937985353952204,0
-6.82025,39,4828.875469,-100.0,-0.6699322193191716,0
-8.17472,63,4829.866039,-100.0,-0.7120953407212605,0
-7.885347,48,4830.617917,-100.0,-0.6352584022496373,0
-7.462192,53,4831.460428,-100.0,-0.7439162744151823,0
-8.281482,37,4832.048521,-100.0,-0.6212186753555177,0
-7.29143,53,4832.867343,-100.0,-0.7148273438200099,0
-6.785254,41,4833.491819,-100.0,-0.7065322968609128,0
-7.123677,48,4834.260694,-100.0,-0.6619958028595917,0
-6.747313,43,4834.914939,-100.0,-0.7350498647486982,0
-7.525243,47,4835.647149,-100.0,-0.7630499835064745,0
-6.884792,41,4836.295122,-100.0,-0.7892221826992767,0
-7.256909,50,4837.073777,-100.0,-0.7892287634109245,0
-7.959611,40,4837.706387,-100.0,-0.63756370848669,0
-7.911519,39,4838.329454,-100.0,-0.6249786329389487,0
-6.920301,49,4839.11434,-100.0,-0.7157693283249887,0
-7.049718,44,4839.800417,-100.0,-0.6463390905391395,0
-7.406521,55,4840.655393,-100.0,-0.6546206114535449,0
-6.938443,40,4841.276537,-100.0,-0.6873168995714836,0
-6.756239,48,4842.022986,-100.0,-0.7681835938935391,0
-8.061362,53,4842.836164,-100.0,-0.6384296219816405,0
-7.042066,39,4843.45212,-100.0,-0.6975449776743866,0
-7.727828,42,4844.110734,-100.0,-0.6476556502389098,0
-7.123868,43,4844.791685,-100.0,-0.6644586110929195,0
-6.802447,55,4845.629234,-100.0,-0.7843905545741355,0
-6.385223,39,4846.258333,-100.0,-0.7090741917111401,0
-7.813239,53,4847.080883,-100.0,-0.674058907787497,0
-7.579784,70,4848.186353,-100.0,-0.7182265238281059,0
-6.594876,44,4848.871657,-100.0,-0.7508301400561185,0
-7.329893,45,4849.569514,-100.0,-0.709698673083817,0
-7.170995,46,4850.285276,-100.0,-0.6265169824470164,0
-6.339803,34,4850.82449,-100.0,-0.688603166242221,0
-7.718932,47,4851.550666,-100.0,-0.8807555497260143,0
-7.905924,59,4852.483113,-100.0,-0.7078396660138737,0
-7.271624,43,4853.146773,-100.0,-0.632003634749081,0
-7.350532,50,4853.940198,-100.0,-0.680377139265826,0
-7.045669,39,4854.762136,-100.0,-0.6411496519644689,0
-8.215102,60,4855.67405,-100.0,-0.6418476929926529,0
-6.603945,46,4856.378287,-100.0,-0.702855961696995,0
-7.242787,54,4857.255974,-100.0,-0.7268809353873387,0
-8.459324,39,4857.833184,-100.0,-0.7481564409100129,0
-6.540679,46,4977.759402,-100.0,-0.7638404980039023,0
-7.094623,41,4978.401392,-100.0,-0.6633527645805823,0
-6.680779,43,4979.085282,-100.0,-0.6245352638315071,0
-6.226648,42,4979.752904,-100.0,-0.6578299211985291,0
-6.981659,42,4980.415089,-100.0,-0.7203504703660472,0
-7.273309,40,4981.058572,-100.0,-0.6041929612965949,0
-6.953334,45,4981.77312,-100.0,-0.7106068696482359,0
-6.813888,47,4982.522729,-100.0,-0.6736825465930032,0
-6.854115,47,4983.259035,-100.0,-0.6850637637914595,0
-8.370122,52,4984.083615,-100.0,-0.7039664515035875,0
-7.30621,45,4984.777759,-100.0,-0.652010508032136,0
-7.531601,53,4985.61112,-100.0,-0.6704843850814882,0
-7.646627,42,4986.253674,-100.0,-0.6606030425491923,0
-6.738831,43,4986.939235,-100.0,-0.7205013252986557,0
-7.018638,53,4987.761513,-100.0,-0.7116306545931275,0
-7.410913,43,4988.458826,-100.0,-0.6761866318503973,0
-6.638302,41,4989.102902,-100.0,-0.7214642489513019,0
-6.95051,41,4989.753699,-100.0,-0.6948332570120737,0
-6.464447,49,4990.505202,-100.0,-0.7380863371307629,0
-7.339431,50,4991.302368,-100.0,-0.6211655310587001,0
-7.215371,39,4991.922976,-100.0,-0.6855268553873296,0
-7.071008,56,4992.80088,-100.0,-0.6650591603871884,0
-7.00177,45,4993.5007,-100.0,-0.6667057958817428,0
-6.895032,41,4994.159904,-100.0,-0.7132952691053198,0
-6.563602,44,4994.853788,-100.0,-0.8134944692433342,0
-6.629973,46,4995.575677,-100.0,-0.7830486182633573,0
-6.881893,49,4996.358606,-100.0,-0.7156683072191674,0
-7.475167,53,4997.190381,-100.0,-0.728589516987128,0
-8.081414,60,4998.124746,-100.0,-0.6454391989809978,0
-6.963717,42,4998.794096,-100.0,-0.671254871503097,0
-7.243093,55,4999.657383,-100.0,-0.6911075394961979,0
-7.364495,53,5000.485234,-100.0,-0.7539916280881374,0
-6.587056,47,5001.225253,-100.0,-0.7733723057765315,0
-7.704978,40,5001.856143,-100.0,-0.6714721752579789,0
-6.648673,39,5002.469321,-100.0,-0.6146582443325288,0
-7.257333,47,5003.212912,-100.0,-0.6952721335056865,0
-7.092824,43,5003.90483,-100.0,-0.6790561567800628,0
-7.535818,48,5004.656053,-100.0,-0.6137369588249114,0
-8.762831,58,5005.549731,-100.0,-0.6783104607453075,0
-10.033625,68,5006.641152,-100.0,-0.2566825069064558,0
-6.939968,38,5007.242266,-100.0,-0.6773819525456537,0
-7.082554,49,5007.99669,-100.0,-0.7421168471572439,0
-7.413768,47,5008.729451,-100.0,-0.6711726427664121,0
-7.098864,42,5009.397373,-100.0,-0.5529399929597787,0
-7.301104,46,5114.038439,-100.0,-0.6692636513176512,0
-6.431659,37,5114.626428,-100.0,-0.7674411646718066,0
-6.915139,42,5115.30253,-100.0,-0.8540364130549614,0
-6.927823,47,5116.055307,-100.0,-0.6859785188120137,0
-7.458799,49,5116.822996,-100.0,-0.6646149209202592,0
-6.764991,43,5117.520584,-100.0,-0.6805466752859634,0
-7.282356,47,5118.248449,-100.0,-0.860107570197497,0
-6.851304,37,5118.840707,-100.0,-0.6754608729177841,0
-6.327023,43,5119.52274,-100.0,-0.6727505438158968,0
-7.136909,45,5120.244471,-100.0,-0.646574458583242,0
-7.185107,45,5120.947203,-100.0,-0.7655378800546738,0
-7.099753,44,5121.651102,-100.0,-0.6867976656747214,0
-7.195167,47,5122.383318,-100.0,-0.6237051783929887,0
-7.282886,40,5123.022255,-100.0,-0.635626963167327,0
-6.591158,50,5123.799797,-100.0,-0.8113383145417639,0
-6.607898,48,5124.574681,-100.0,-0.6978680940020519,0
-6.704024,49,5125.355009,-100.0,-0.7898013973701078,0
-6.9971,43,5126.049114,-100.0,-0.6437750991116857,0
-6.617032,44,5126.749607,-100.0,-0.6619560438678403,0
-8.582132,43,5127.411214,-100.0,-0.5957588395992119,0
-6.495662,43,5128.084366,-100.0,-0.7562804980810732,0
-7.326057,57,5128.982509,-100.0,-0.7259079967848024,0
-6.789256,40,5129.620101,-100.0,-0.6987500620693615,0
-6.562138,47,5130.372168,-100.0,-0.7518731255014447,0
-7.92656,50,5131.154174,-100.0,-0.6417837130744508,0
-6.578748,40,5131.803706,-100.0,-0.6973109140619825,0
-7.08266,45,5132.531653,-100.0,-0.6237477168138749,0
-6.455905,38,5133.122507,-100.0,-0.7034192031182118,0
-6.651285,41,5133.767025,-100.0,-0.6311025986419081,0
-6.757404,40,5134.410539,-100.0,-0.682143736380585,0
-6.587213,38,5135.022008,-100.0,-0.7667117298300619,0
-6.927038,47,5135.761253,-100.0,-0.6053424537133265,0
-7.089234,39,5136.379492,-100.0,-0.6822181212728445,0
-6.707453,43,5137.067364,-100.0,-0.7487733478506848,0
-6.928795,42,5137.730816,-100.0,-0.7079818627853957,0
-6.622912,42,5138.402311,-100.0,-0.7100933737641567,0
-7.146794,38,5138.997555,-100.0,-0.6822444132931607,0
-7.07055,57,5139.897531,-100.0,-0.7841692874177639,0
-6.594765,49,5140.677984,-100.0,-0.7743322778661025,0
-6.739729,41,5141.315072,-100.0,-0.5862443664411184,0
-7.145954,44,5142.021236,-100.0,-0.6348233101322645,0
-7.378913,51,5142.833202,-100.0,-0.7379545612090934,0
-6.710586,43,5143.515028,-100.0,-0.7422043184988072,0
-6.65771,43,5144.197121,-100.0,-0.6428356947555594,0
-6.15651,39,5144.824805,-100.0,-0.8142408522886372,0
-6.665635,46,5145.55467,-100.0,-0.6840865083897677,0
-6.127134,36,5268.034416,-100.0,-0.7789082306059892,0
-6.969463,41,5268.674628,-100.0,-0.7250174794770625,0
-6.545498,42,5269.335269,-100.0,-0.6859187022027483,0
-6.421132,44,5270.04883,-100.0,-0.7800237559856568,0
-6.482096,39,5270.671077,-100.0,-0.7112763790531088,0
-6.224023,40,5271.306601,-100.0,-0.6369648570174886,0
-7.035279,43,5271.989706,-100.0,-0.7121338116271558,0
-7.130116,56,5272.881515,-100.0,-0.8847721515734308,0
-7.127874,40,5273.520306,-100.0,-0.659345361724996,0
-7.11204,43,5274.208841,-100.0,-0.774058556905738,0
-6.916071,48,5274.965216,-100.0,-0.7065269829822465,0
-6.029394,39,5275.5778,-100.0,-0.7661682423366742,0
-7.032376,48,5276.326472,-100.0,-0.7700362643440684,0
-6.655165,40,5276.963619,-100.0,-0.7025208761697043,0
-8.539074,78,5278.195387,-100.0,-0.6190805103272257,0
-7.193026,44,5278.884425,-100.0,-0.6453233464244617,0
-6.969187,42,5279.547742,-100.0,-0.6432267099505399,0
-7.482882,50,5280.344858,-100.0,-0.6360192891176586,0
-6.656556,44,5281.048679,-100.0,-0.7444415230983862,0
-6.828929,46,5281.767869,-100.0,-0.7954865255533763,0
-7.11285,37,5282.349245,-100.0,-0.7394115997421385,0
-6.614882,38,5282.968945,-100.0,-0.7460165440802096,0
-6.032605,37,5283.551433,-100.0,-0.8071987682973937,0
-8.880633,38,5284.149941,-100.0,-0.654034344161579,0
-7.285486,48,5284.913358,-100.0,-0.6849964625257285,0
-6.379889,42,5285.592443,-100.0,-0.7931906337487367,0
-6.805587,40,5286.219351,-100.0,-0.7533726178441129,0
-6.67216,38,5286.808398,-100.0,-0.6127601841302532,0
-6.535019,50,5287.624753,-100.0,-0.7337137299276862,0
-6.236479,36,5288.182373,-100.0,-0.7193544103738104,0
-6.566832,44,5288.890445,-100.0,-0.8356229087263947,0
-7.335858,41,5289.5322,-100.0,-0.7965301514709141,0
-7.420131,40,5290.172629,-100.0,-0.7131932463859806,0
-7.751798,45,5290.878028,-100.0,-0.7053422245774581,0
-7.279917,38,5291.486299,-100.0,-0.6291769966411205,0
-6.401567,37,5292.048678,-100.0,-0.7434897712604734,0
-5.869289,41,5292.710088,-100.0,-0.7576414535051366,0
-7.322293,48,5293.462708,-100.0,-0.6837328821755351,0
-6.327577,41,5294.116679,-100.0,-0.7262560576465641,0
-7.318514,51,5294.932734,-100.0,-0.674485160190957,0
-7.787253,63,5295.924385,-100.0,-0.7795368432296835,0
-6.343633,41,5296.579284,-100.0,-0.7693860647403958,0
-6.514785,41,5297.212234,-100.0,-0.7423211401913078,0
-6.995639,54,5298.084604,-100.0,-0.7536382954302453,0
-7.264364,51,5298.891451,-100.0,-0.6894318436742202,0
-6.942373,45,5299.604084,-100.0,-0.7737770401139084,0
-6.882803,49,5409.563048,-100.0,-0.7301223904624999,0
-6.584798,39,5410.184861,-100.0,-0.7353004071721753,0
-10.007211,92,5411.645132,-100.0,-0.7704383000067871,0
-7.104569,48,5412.408849,-100.0,-0.7041977669739492,0
-6.655534,37,5413.007142,-100.0,-0.5805765291054031,0
-6.573535,44,5413.710832,-100.0,-0.67915313024136,0
-6.398086,40,5414.346007,-100.0,-0.754945882575066,0
-6.36257,38,5414.949818,-100.0,-0.7237535914457307,0
-6.890004,40,5415.566816,-100.0,-0.6687629863874499,0
-6.448503,40,5416.2139,-100.0,-0.700067341551534,0
-7.194696,39,5416.842141,-100.0,-0.8087361961426216,0
-7.435981,45,5417.749172,-100.0,-0.6330845380199998,0
-7.105019,48,5418.505324,-100.0,-0.7009049198271671,0
-8.093833,39,5419.137413,-100.0,-0.47996290810443565,0
-6.833189,38,5419.733168,-100.0,-0.6573846467845107,0
-6.706669,46,5420.477428,-100.0,-0.7719504819909243,0
-6.767137,46,5421.219248,-100.0,-0.6644376320841817,0
-6.513181,37,5421.807412,-100.0,-0.7317877404382128,0
-6.816236,43,5422.490812,-100.0,-0.6627824357640486,0
-6.316193,39,5423.106372,-100.0,-0.6199430725605335,0
-6.892992,41,5423.762598,-100.0,-0.6439062245225262,0
-6.531391,46,5424.502219,-100.0,-0.75000877484731,0
-6.778823,37,5425.084231,-100.0,-0.6336475152535549,0
-6.432103,40,5425.737434,-100.0,-0.6438427203379293,0
-6.308375,42,5426.411899,-100.0,-0.7595601511942177,0
-6.393197,34,5426.939472,-100.0,-0.8300201487413543,0
-7.164464,52,5427.757518,-100.0,-0.6613883992079344,0
-7.538206,48,5428.52171,-100.0,-0.6273989546632608,0
-6.829657,45,5429.234058,-100.0,-0.7029977784293662,0
-5.985143,37,5429.839802,-100.0,-0.7735395161723304,0
-7.133259,47,5430.597887,-100.0,-0.7116463973418438,0
-6.513409,40,5431.223781,-100.0,-0.6267080959350013,0
-6.732838,35,5431.760538,-100.0,-0.6482756230025104,0
-6.28926,38,5432.37302,-100.0,-0.755634611083081,0
-6.221547,41,5433.033367,-100.0,-0.7694776622880425,0
-6.798832,43,5433.721831,-100.0,-0.6320767142853029,0
-6.817563,40,5434.361569,-100.0,-0.7133071545584986,0
-7.000175,44,5435.042021,-100.0,-0.7788582685619284,0
-6.254446,35,5435.601981,-100.0,-0.6813943889660742,0
-6.351567,43,5436.293919,-100.0,-0.7194047495427085,0
-7.005839,40,5436.930727,-100.0,-0.7068918677245803,0
-6.928947,42,5437.588285,-100.0,-0.6508022258039408,0
-7.61435,52,5438.418298,-100.0,-0.662100489962437,0
-6.845747,41,5439.057387,-100.0,-0.7062889221798447,0
-7.129991,43,5439.74793,-100.0,-0.652383190623103,0
-6.478969,45,5440.462314,-100.0,-0.7048759565129281,0
-6.686286,37,5441.064736,-100.0,-0.6511108875602246,0
-6.351376,43,5441.730253,-100.0,-0.8180676540699794,0
-7.367127,42,5543.877346,-100.0,-0.6911206678456154,0
-6.269522,41,5544.538697,-100.0,-0.7440984259549198,0
-5.881121,36,5545.117914,-100.0,-0.7883653890720959,0
-6.867806,54,5545.975497,-100.0,-0.7141581853007769,0
-6.267884,40,5546.635041,-100.0,-0.8195406529282568,0
-6.844775,48,5547.390794,-100.0,-0.8589068396536572,0
-7.124579,46,5548.11822,-100.0,-0.6346901889893256,0
-6.477422,40,5548.777889,-100.0,-0.6273896508331961,0
-7.20745,41,5549.433482,-100.0,-0.6716560692918164,0
-6.371624,38,5550.035579,-100.0,-0.6717694008729155,0
-6.450538,46,5550.759681,-100.0,-0.7589635204885316,0
-6.437714,39,5551.392588,-100.0,-0.6673364000793369,0
-6.73552,43,5552.073611,-100.0,-0.7321816800710819,0
-6.586913,47,5552.814479,-100.0,-0.6885765190494436,0
-6.47669,43,5553.506649,-100.0,-0.7560286278091652,0
-6.691893,60,5554.478643,-100.0,-0.7561878266856095,0
-6.491749,40,5555.121187,-100.0,-0.7903385147309627,0
-6.542445,43,5555.813565,-100.0,-0.7792241827874281,0
-6.997031,45,5556.531314,-100.0,-0.6484947366446369,0
-6.776568,47,5557.289625,-100.0,-0.6392030899056969,0
-6.371114,38,5557.893068,-100.0,-0.680150850376501,0
-6.668386,37,5558.48038,-100.0,-0.6803988772948409,0
-6.854112,49,5559.276706,-100.0,-0.8212318042186908,0
-6.791518,41,5559.940568,-100.0,-0.6737633218082161,0
-6.431649,35,5560.501423,-100.0,-0.6674962919526517,0
-6.419263,39,5561.106022,-100.0,-0.7760138290288068,0
-6.665515,45,5561.837739,-100.0,-0.7432311991621794,0
-6.679077,39,5562.472322,-100.0,-0.686934296865429,0
-6.673618,49,5563.240401,-100.0,-0.7062673413382513,0
-5.813099,35,5563.808846,-100.0,-0.6871172354316523,0
-6.576713,45,5564.513298,-100.0,-0.7165027511526185,0
-6.51583,42,5565.191022,-100.0,-0.6947610556497192,0
-6.461185,38,5565.797744,-100.0,-0.7047439110299298,0
-6.066406,42,5566.468524,-100.0,-0.6753127726906826,0
-6.634231,36,5567.057509,-100.0,-0.6524719503748625,0
-5.848973,33,5567.574608,-100.0,-0.7132529674944939,0
-6.441994,44,5568.281168,-100.0,-0.7249224781644512,0
-7.112111,44,5568.988276,-100.0,-0.6339433079936312,0
-6.50504,45,5569.718304,-100.0,-0.6756011460950853,0
-6.660333,42,5570.392346,-100.0,-0.6404870216935857,0
-6.238689,38,5570.970502,-100.0,-0.7046908703592869,0
-6.390257,40,5571.614177,-100.0,-0.810833320824053,0
-6.859897,40,5572.263175,-100.0,-0.6312004373007136,0
-6.836193,53,5573.1077,-100.0,-0.6580543201547333,0
-6.206008,43,5573.786105,-100.0,-0.7556876328243114,0
-6.645678,41,5574.430181,-100.0,-0.7296875166583625,0
-6.338468,36,5575.001322,-100.0,-0.6197591955330817,0
-6.577632,44,5575.712281,-100.0,-0.6615081790757358,0
-6.955564,39,5576.348847,-100.0,-0.6494295266671827,0
-6.536782,39,5692.446931,-100.0,-0.6329336871909094,0
-6.103944,36,5693.007706,-100.0,-0.7875471550370953,0
-6.210965,49,5693.807086,-100.0,-0.8073671257153191,0
-6.174776,38,5694.4247,-100.0,-0.8275340301978698,0
-6.296735,37,5695.011393,-100.0,-0.8660064391571735,0
-6.369654,40,5695.665601,-100.0,-0.6505762527855483,0
-6.691547,33,5696.185633,-100.0,-0.8145496889068347,0
-7.251611,47,5696.946781,-100.0,-0.6442683164850472,0
-5.98488,39,5697.572592,-100.0,-0.7636463306828405,0
-6.263978,42,5698.250619,-100.0,-0.7268693939740676,0
-6.775024,47,5698.990153,-100.0,-0.6119982246480368,0
-6.519691,40,5699.643902,-100.0,-0.7002933479420757,0
-6.597427,42,5700.321054,-100.0,-0.6731678428184591,0
-6.674068,44,5701.021599,-100.0,-0.8457917991430153,0
-6.050575,39,5701.641344,-100.0,-0.7540795816162809,0
-6.277377,40,5702.291711,-100.0,-0.7196504106872188,0
-6.196702,38,5702.86928,-100.0,-0.6847931054340184,0
-6.620271,49,5703.695448,-100.0,-0.7552059382509134,0
-6.33514,37,5704.291367,-100.0,-0.6133877864548705,0
-6.491342,39,5704.913454,-100.0,-0.7044921129969736,0
-6.280119,43,5705.616313,-100.0,-0.7529921250092594,0
-6.465244,39,5706.241266,-100.0,-0.6954788942907535,0
-6.623023,44,5706.937193,-100.0,-0.6684413475779951,0
-7.26259,42,5707.605013,-100.0,-0.6309587769291533,0
-6.703289,52,5708.465231,-100.0,-0.7281561408884208,0
-6.144154,39,5709.093061,-100.0,-0.7175731948544222,0
-5.738595,37,5709.670049,-100.0,-0.7410411801602103,0
-6.669845,40,5710.328687,-100.0,-0.6436088674574352,0
-6.761684,42,5710.989726,-100.0,-0.6871926900702383,0
-7.046967,42,5711.672622,-100.0,-0.6863493929162767,0
-6.64219,42,5712.348538,-100.0,-0.730151749299754,0
-6.399364,44,5713.062368,-100.0,-0.6693639277968388,0
-6.382469,37,5713.656141,-100.0,-0.7059981383751426,0
-6.47284,45,5714.377674,-100.0,-0.6570887370148546,0
-7.274716,43,5715.06967,-100.0,-0.6062422570198048,0
-6.684878,39,5715.716691,-100.0,-0.6798775559370331,0
-5.898381,38,5716.316074,-100.0,-0.8625948873127907,0
-6.306016,39,5716.948906,-100.0,-0.6681024659436802,0
-6.327748,44,5717.662848,-100.0,-0.696669560845729,0
-6.432349,41,5718.302612,-100.0,-0.6525007847531137,0
-6.294787,36,5718.89033,-100.0,-0.7716314912044152,0
-6.552643,39,5719.517145,-100.0,-0.6218796293398617,0
-6.489732,48,5720.276467,-100.0,-0.7667751916833612,0
-6.660829,37,5720.87693,-100.0,-0.6420789567661705,0
-6.353576,42,5721.553567,-100.0,-0.7506991907086897,0
-6.047429,33,5722.09707,-100.0,-0.8517364363468387,0
-6.048115,38,5722.689469,-100.0,-0.8147832385820204,0
-6.597845,38,5723.311857,-100.0,-0.6586331213930089,0
-6.009784,36,5723.897675,-100.0,-0.75907621606945,0
-7.703834,38,5724.502709,-100.0,-0.5800731583833981,0
-6.731136,37,5840.624427,-100.0,-0.8408833106419838,0
-6.938805,41,5841.294408,-100.0,-0.6661874915925081,0
-9.707024,56,5842.186393,-100.0,-0.20309520560709027,0
-6.50728,42,5842.857029,-100.0,-0.7794172022951734,0
-6.370361,37,5843.466758,-100.0,-0.6521728200793363,0
-7.400194,49,5844.256979,-100.0,-0.8302061128062465,0
-6.70067,39,5844.876069,-100.0,-0.6108391054552096,0
-6.717615,47,5845.627652,-100.0,-0.6482086513219507,0
-6.585246,42,5846.306803,-100.0,-0.6297343754314001,0
-6.610982,36,5846.892156,-100.0,-0.6976101327888291,0
-5.866492,34,5847.436826,-100.0,-0.7650819713564049,0
-6.367001,39,5848.062004,-100.0,-0.761172574222449,0
-6.946143,43,5848.750334,-100.0,-0.720147183167104,0
-6.783325,45,5849.465181,-100.0,-0.6513153651852029,0
-6.200301,43,5850.16954,-100.0,-0.7389265192092863,0
-6.220161,39,5850.796721,-100.0,-0.6382658180979022,0
-6.274066,43,5851.494558,-100.0,-0.6856759545628095,0
-6.271808,40,5852.144205,-100.0,-0.7421209726281526,0
-6.98733,39,5852.775437,-100.0,-0.6310630383310651,0
-6.08703,38,5853.379205,-100.0,-0.7655947872028263,0
-6.225222,38,5853.983844,-100.0,-0.7405785266279226,0
-5.827693,39,5854.606123,-100.0,-0.7489049720463279,0
-6.581567,40,5855.252164,-100.0,-0.7132070361561195,0
-6.420966,44,5855.949442,-100.0,-0.7461906471838143,0
-6.855205,40,5856.610412,-100.0,-0.6464496235287314,0
-5.962643,39,5857.231129,-100.0,-0.80825540870039,0
-6.122378,39,5857.864807,-100.0,-0.6797297408489279,0
-6.854577,45,5858.577067,-100.0,-0.6876107784345542,0
-6.194902,38,5859.192933,-100.0,-0.8591396247182735,0
-6.659538,39,5859.826531,-100.0,-0.630838838606349,0
-6.029489,37,5860.41305,-100.0,-0.740122372760731,0
-5.978075,37,5861.01481,-100.0,-0.7158920165119319,0
-6.279101,42,5861.680855,-100.0,-0.7019760420703709,0
-6.510149,41,5862.340076,-100.0,-0.6848456636603685,0
-6.046736,40,5862.98267,-100.0,-0.6957028980639056,0
-6.574079,42,5863.667089,-100.0,-0.7422658426980333,0
-6.232498,41,5864.321074,-100.0,-0.7397317877037018,0
-6.290929,38,5865.123338,-100.0,-0.6359368911795183,0
-5.874467,41,5865.786966,-100.0,-0.7531105331233732,0
-6.803999,45,5866.500311,-100.0,-0.6811139041488427,0
-6.073716,38,5867.115847,-100.0,-0.6643928405971373,0
-6.460374,40,5867.769947,-100.0,-0.6792193481053919,0
-6.143686,39,5868.399586,-100.0,-0.870435371453824,0
-6.326631,40,5869.053185,-100.0,-0.8470968937785616,0
-6.270136,42,5869.724874,-100.0,-0.7512408105390485,0
-6.875814,44,5870.422835,-100.0,-0.767733228999202,0
-6.461173,44,5871.132226,-100.0,-0.7308333060822308,0
-5.942514,42,5871.799826,-100.0,-0.7269594708178846,0
-6.558446,39,5872.437941,-100.0,-0.6559617707334571,0
-6.39383,39,5873.066013,-100.0,-0.8123856714740862,0
-6.869241,42,5993.112442,-100.0,-0.6799716091312522,0
-7.177345,38,5993.723797,-100.0,-0.7444864687493676,0
-5.96882,35,5994.289603,-100.0,-0.6807803143590914,0
-5.971437,35,5994.863781,-100.0,-0.7606782296570688,0
-6.351287,46,5995.606759,-100.0,-0.7480587362759131,0
-6.030673,35,5996.176752,-100.0,-0.7965298039524442,0
-5.866954,44,5996.887004,-100.0,-0.8681052712681592,0
-6.628876,41,5997.542124,-100.0,-0.7680085595186109,0
-6.745193,44,5998.26141,-100.0,-0.6853947275627589,0
-6.070304,36,5998.849698,-100.0,-0.8086503163851377,0
-6.677073,44,5999.564829,-100.0,-0.7087439401114067,0
-6.718575,47,6000.334723,-100.0,-0.6857851972943989,0
-6.196399,44,6001.036394,-100.0,-0.643724341730072,0
-6.147337,44,6001.751572,-100.0,-0.7173196695739055,0
-6.464896,37,6002.351586,-100.0,-0.7426745281268766,0
-6.615698,43,6003.057615,-100.0,-0.6541958756826861,0
-6.711038,45,6003.780252,-100.0,-0.6458584887657256,0
-6.275575,41,6004.427437,-100.0,-0.7257287684892536,0
-6.244598,39,6005.07678,-100.0,-0.6979487814643767,0
-6.294566,40,6005.714861,-100.0,-0.6841512716521355,0
-6.288638,42,6006.391424,-100.0,-0.7086474365664673,0
-6.385274,45,6007.139209,-100.0,-0.9221421297025277,0
-6.721423,37,6007.743133,-100.0,-0.6692268572147506,0
-6.736466,41,6008.391682,-100.0,-0.6125812850908001,0
-6.794813,37,6009.008692,-100.0,-0.691880218799122,0
-6.408024,40,6009.649734,-100.0,-0.71157640467986,0
-6.404785,43,6010.346664,-100.0,-0.8036606202004964,0
-5.555957,33,6010.867907,-100.0,-0.8030550841841038,0
-7.112245,44,6011.594445,-100.0,-0.599398669929875,0
-5.861157,35,6012.164068,-100.0,-0.7857539632884023,0
-6.368978,46,6012.908816,-100.0,-0.6985468532484347,0
-6.087049,42,6013.574939,-100.0,-0.7965615080262658,0
-6.256072,36,6014.161791,-100.0,-0.7189611273212265,0
-7.203175,50,6014.950079,-100.0,-0.6366640273369777,0
-6.032036,34,6015.504609,-100.0,-0.872638479358314,0
-6.63326,43,6016.200006,-100.0,-0.6610114176932066,0
-7.015311,43,6016.89592,-100.0,-0.6257463784319225,0
-6.029543,34,6017.443479,-100.0,-0.6582318126206017,0
-6.274589,46,6018.192054,-100.0,-0.7383325106078409,0
-6.339129,35,6018.758968,-100.0,-0.6850804764379573,0
-6.566819,48,6019.555016,-100.0,-0.7406882518303163,0
-6.504268,46,6020.286527,-100.0,-0.7193623579514711,0
-6.062501,38,6020.913738,-100.0,-0.6886155411089383,0
-6.517229,37,6021.521328,-100.0,-0.6954217940196837,0
-6.56737,40,6022.14974,-100.0,-0.6847747414404156,0
-6.697336,45,6022.876273,-100.0,-0.6844423532699024,0
-6.175866,44,6023.594972,-100.0,-0.8209957599850221,0
-6.033602,38,6024.203773,-100.0,-0.7035789536869317,0
-6.581617,39,6024.845701,-100.0,-0.7131572060720001,0
-6.384425,33,6025.386945,-100.0,-0.7276804935657888,0
-6.427058,42,6026.065408,-100.0,-0.682651758881534,0
-6.123231,40,6145.273246,-100.0,-0.7686887500558998,0
-6.114925,38,6145.946989,-100.0,-0.7325170983029964,0
-6.043984,41,6146.652367,-100.0,-0.7047132689295185,0
-6.83846,38,6147.316693,-100.0,-0.6147351578526239,0
-6.423667,41,6148.028023,-100.0,-0.7084376977689587,0
-6.401495,38,6148.702392,-100.0,-0.6076090727205564,0
-6.476478,43,6149.456321,-100.0,-0.7271463396561673,0
-6.273667,41,6150.185902,-100.0,-0.6541353796507098,0
-6.710687,38,6150.845206,-100.0,-0.6258334311385549,0
-6.489105,37,6151.509421,-100.0,-0.6919355834409501,0
-6.153458,41,6152.209055,-100.0,-0.67128714760982,0
-6.480334,37,6152.864891,-100.0,-0.6755206548206819,0
-6.430823,41,6153.576567,-100.0,-0.7298084762489631,0
-5.719539,36,6154.221584,-100.0,-0.9381469540911382,0
-6.604522,43,6154.979088,-100.0,-0.6356452374923374,0
-5.988321,37,6155.63023,-100.0,-0.8560671804930587,0
-6.825924,39,6156.31024,-100.0,-0.6699397735416756,0
-6.366568,41,6157.037161,-100.0,-0.7294140005753739,0
-5.85328,42,6157.772774,-100.0,-0.7959368958298364,0
-6.080189,36,6158.406671,-100.0,-0.8464250900981352,0
-6.18546,40,6159.101002,-100.0,-0.7938724843062582,0
-6.247324,34,6159.698576,-100.0,-0.687979934048507,0
-5.976604,38,6160.38157,-100.0,-0.7764123218816606,0
-5.85682,34,6160.979264,-100.0,-0.7890937655835403,0
-6.684772,43,6161.748931,-100.0,-0.8142375233247904,0
-5.913791,39,6162.417489,-100.0,-0.8299643534350302,0
-5.932069,40,6163.134409,-100.0,-0.7422883894624527,0
-5.934566,37,6163.765614,-100.0,-0.7331963370641471,0
-6.096762,33,6164.33006,-100.0,-0.7117786020132617,0
-6.064506,36,6164.969332,-100.0,-0.7265190001892609,0
-6.763933,38,6165.641506,-100.0,-0.6614209344247023,0
-6.545568,40,6166.340723,-100.0,-0.6091127710652313,0
-5.91368,40,6167.045106,-100.0,-0.7470031320074232,0
-6.570234,47,6167.876951,-100.0,-0.7345633408969917,0
-6.410414,42,6168.600286,-100.0,-0.7036381200966754,0
-5.977774,39,6169.291713,-100.0,-0.7395547029317121,0
-5.877476,39,6169.975753,-100.0,-0.7050071061020924,0
-6.065071,40,6170.678557,-100.0,-0.7389831603379496,0
-6.074745,40,6171.390692,-100.0,-0.815869243071364,0
-6.097641,34,6171.987384,-100.0,-0.6688569536038892,0
-6.408828,40,6172.692678,-100.0,-0.6918074614846673,0
-6.628449,38,6173.36968,-100.0,-0.624214573751015,0
-6.593229,41,6174.089239,-100.0,-0.6887452212928349,0
-5.980918,39,6174.76074,-100.0,-0.7214376441841623,0
-6.641424,44,6175.523241,-100.0,-0.7139970346562274,0
-6.272692,35,6176.129766,-100.0,-0.6402434613780699,0
-6.248253,43,6176.888181,-100.0,-0.7273644492475649,0
-6.237817,42,6177.637535,-100.0,-0.7564270726436254,0
-6.576009,39,6178.31443,-100.0,-0.720003861990281,0
-6.057324,37,6178.961111,-100.0,-0.6083444384302688,0
-5.855718,34,6179.558329,-100.0,-0.7453638330512076,0
-6.227232,38,6180.222811,-100.0,-0.7218479352420316,0
-6.305192,40,6301.866916,-100.0,-0.6363615854245975,0
-6.149387,38,6302.479801,-100.0,-0.7108182439404911,0
-6.19614,34,6303.051857,-100.0,-0.616566958274199,0
-6.008951,39,6303.679517,-100.0,-0.7787929127912694,0
-6.591944,37,6304.29215,-100.0,-0.6484426838520798,0
-6.056141,36,6304.886382,-100.0,-0.7310437289923685,0
-6.227041,33,6305.418524,-100.0,-0.67791307498783,0
-6.205942,43,6306.117966,-100.0,-0.711466486002215,0
-5.95101,34,6306.676196,-100.0,-0.7338738442212056,0
-6.136461,39,6307.318582,-100.0,-0.80855235320289,0
-6.602523,36,6307.895313,-100.0,-0.5887540643735354,0
-6.151601,41,6308.552715,-100.0,-0.6125714380298162,0
-6.498053,41,6309.226252,-100.0,-0.6786389383939737,0
-6.548885,40,6309.890656,-100.0,-0.6085722380680024,0
-6.432875,47,6310.66075,-100.0,-0.6663529308091379,0
-6.354131,41,6311.327742,-100.0,-0.8028484034820527,0
-5.821444,38,6311.945062,-100.0,-0.745107765557619,0
-6.663427,40,6312.588689,-100.0,-0.6587113877011908,0
-6.461956,41,6313.256127,-100.0,-0.6420474737470094,0
-5.969305,41,6313.923898,-100.0,-0.695061556371936,0
-6.360117,41,6314.595246,-100.0,-0.6858867307407265,0
-5.750965,33,6315.130239,-100.0,-0.6573470759581032,0
-6.469249,45,6315.866697,-100.0,-0.7006407574135032,0
-6.466862,35,6316.441163,-100.0,-0.6229105226012402,0
-6.620191,43,6317.131941,-100.0,-0.6464462173311746,0
-6.193687,41,6317.803708,-100.0,-0.7086965235359257,0
-6.465915,40,6318.453099,-100.0,-0.7711061965124298,0
-6.36847,36,6319.045812,-100.0,-0.6487390622343322,0
-6.135149,40,6319.706862,-100.0,-0.738229445044584,0
-6.9293,41,6320.374503,-100.0,-0.6534337772135235,0
-5.990513,34,6320.927472,-100.0,-0.7151898080823568,0
-6.196659,33,6321.476535,-100.0,-0.6200309926097013,0
-5.912812,34,6322.016599,-100.0,-0.721630846291666,0
-6.160665,34,6322.593676,-100.0,-0.6395944358609094,0
-6.624348,43,6323.291058,-100.0,-0.6847885784318013,0
-5.804566,36,6323.875053,-100.0,-0.736410433995162,0
-6.348813,41,6324.547318,-100.0,-0.7758560513540991,0
-6.070087,41,6325.235261,-100.0,-0.7253937885280751,0
-6.007898,36,6325.811601,-100.0,-0.712294149660312,0
-6.141066,41,6326.503001,-100.0,-0.7387430323248086,0
-6.206958,39,6327.136726,-100.0,-0.6832095462036564,0
-6.588165,49,6327.925056,-100.0,-0.700778095907879,0
-6.540234,43,6328.617378,-100.0,-0.6588677239666257,0
-6.552252,47,6329.403252,-100.0,-0.6886131486744234,0
-6.977089,36,6329.985428,-100.0,-0.6463706559644643,0
-6.677992,44,6330.706219,-100.0,-0.6514552886057875,0
-6.256367,40,6331.353067,-100.0,-0.6488145133394292,0
-6.070594,43,6332.071052,-100.0,-0.7320823618689081,0
-6.623728,44,6332.785248,-100.0,-0.71524592667864,0
-5.628557,32,6333.311592,-100.0,-0.8614613104175913,0
-5.867899,35,6333.869424,-100.0,-0.6781960083595541,0
-6.555981,47,6334.657084,-100.0,-0.6706427402346904,0
-6.109572,35,6452.097487,-100.0,-0.6964282118564118,0
-6.541097,42,6452.784273,-100.0,-0.6853545784066367,0
-5.990061,34,6453.3367,-100.0,-0.7507140572173101,0
-6.005238,34,6453.907717,-100.0,-0.7388833701708978,0
-5.848085,35,6454.481705,-100.0,-0.767369174990164,0
-6.148996,35,6455.064709,-100.0,-0.753276740847823,0
-5.918773,40,6455.72045,-100.0,-0.7423389034731978,0
-5.966568,38,6456.350285,-100.0,-0.7473724465216254,0
-6.183499,35,6456.919742,-100.0,-0.6984625290499591,0
-6.138076,46,6457.69548,-100.0,-0.7945230081553423,0
-5.803103,33,6458.221235,-100.0,-0.6613668767773034,0
-6.058767,39,6458.851868,-100.0,-0.6514850765851736,0
-6.020146,36,6459.453819,-100.0,-0.753295415908518,0
-6.290689,39,6460.096458,-100.0,-0.7577941302765219,0
-5.982718,39,6460.742511,-100.0,-0.7393342864846716,0
-6.404708,42,6461.430956,-100.0,-0.7282198056497177,0
-6.556598,41,6462.09151,-100.0,-0.7017982247140776,0
-6.073596,39,6462.734235,-100.0,-0.775325245297203,0
-6.488169,39,6463.370262,-100.0,-0.6370497944530732,0
-5.847777,40,6464.028869,-100.0,-0.7788284992595621,0
-6.307872,39,6464.681122,-100.0,-0.6766650216889288,0
-6.126679,38,6465.301036,-100.0,-0.7292677213205988,0
-6.375473,40,6465.953423,-100.0,-0.7269843419609188,0
-6.736574,38,6466.59674,-100.0,-0.7182504838748431,0
-6.332877,34,6467.14853,-100.0,-0.6546914368209248,0
-6.225006,37,6467.74715,-100.0,-0.6223630850000847,0
-5.819519,38,6468.363815,-100.0,-0.7951460862422769,0
-5.97458,34,6468.908954,-100.0,-0.6625613200252005,0
-5.784416,38,6469.531333,-100.0,-0.9107719707762342,0
-5.985915,40,6470.205688,-100.0,-0.7735635187866208,0
-6.373476,44,6470.924622,-100.0,-0.6424269153278211,0
-5.867441,39,6471.573829,-100.0,-0.7075825603299347,0
-6.254193,45,6472.29564,-100.0,-0.7332688685359287,0
-6.177449,40,6472.96227,-100.0,-0.7049910379538289,0
-6.32107,38,6473.585109,-100.0,-0.690780277547338,0
-6.151765,34,6474.148404,-100.0,-0.696901779211924,0
-5.995828,42,6474.827297,-100.0,-0.8027842098813697,0
-6.481215,48,6475.601677,-100.0,-0.6314505254690649,0
-6.149343,34,6476.159921,-100.0,-0.7294634442753067,0
-6.425584,43,6476.871618,-100.0,-0.6819227404257485,0
-6.13521,35,6477.453349,-100.0,-0.7155466973676877,0
-5.861647,33,6477.99901,-100.0,-0.7460077257750102,0
-6.601955,38,6478.622881,-100.0,-0.6268174632079929,0
-5.75643,38,6479.240287,-100.0,-0.7287239216232347,0
-6.268889,37,6479.824836,-100.0,-0.7130864430479487,0
-6.345858,38,6480.447055,-100.0,-0.650388853860169,0
-6.166843,38,6481.072755,-100.0,-0.7744861750140701,0
-6.248046,34,6481.650472,-100.0,-0.805769299226231,0
-6.061385,36,6482.241513,-100.0,-0.8247204217041632,0
-5.978911,38,6482.869972,-100.0,-0.6729292503730444,0
-5.682707,39,6483.507727,-100.0,-0.705032070593773,0
-6.198217,39,6484.140388,-100.0,-0.7862157557933217,0
-5.809503,33,6484.691596,-100.0,-0.72771754483788,0
-6.72813,37,6485.302817,-100.0,-0.5905331273133348,0
-6.18695,35,6601.95749,-100.0,-0.6812203097141527,0
-5.836365,33,6602.498571,-100.0,-0.7144701708368285,0
-6.077129,41,6603.16446,-100.0,-0.77144567023137,0
-6.286476,41,6603.832373,-100.0,-0.701460927577137,0
-5.659306,33,6604.380405,-100.0,-0.735700002662281,0
-6.520838,39,6605.01601,-100.0,-0.6298734664934785,0
-6.858672,36,6605.61275,-100.0,-0.7457008576911431,0
-6.295725,41,6606.292018,-100.0,-0.6962925665210666,0
-5.769885,37,6606.893553,-100.0,-0.7670178385492262,0
-6.091017,33,6607.441617,-100.0,-0.7465157026286038,0
-6.442246,32,6607.964384,-100.0,-0.6525508031109695,0
-5.810038,36,6608.562169,-100.0,-0.7102110579856225,0
-5.944757,39,6609.210149,-100.0,-0.6958049043680746,0
-5.822738,37,6609.806146,-100.0,-0.8046081652912348,0
-6.218386,34,6610.370196,-100.0,-0.6792947691456007,0
-5.763927,33,6610.926149,-100.0,-0.8653437997877095,0
-6.29841,36,6611.503402,-100.0,-0.6442395116573769,0
-6.401828,37,6612.114999,-100.0,-0.7008371050775081,0
-6.002909,38,6612.742538,-100.0,-0.6260941177516443,0
-6.378361,42,6613.43594,-100.0,-0.7568338551176419,0
-6.174021,40,6614.086261,-100.0,-0.7413418532147883,0
-5.798072,39,6614.720593,-100.0,-0.7598922486865389,0
-6.792774,39,6615.355285,-100.0,-0.6301660451563567,0
-5.797726,38,6615.990821,-100.0,-0.8249721301069235,0
-5.982091,34,6616.550805,-100.0,-0.7363953171935192,0
-5.788546,37,6617.168444,-100.0,-0.7453489223435394,0
-6.296847,40,6617.82405,-100.0,-0.6831133573971397,0
-5.658905,32,6618.360937,-100.0,-0.8095840709474309,0
-5.868321,34,6618.911027,-100.0,-0.709918534715732,0
-6.639579,36,6619.514773,-100.0,-0.7225078890990992,0
-6.284127,34,6620.068335,-100.0,-0.6474636357256617,0
-5.739342,37,6620.675003,-100.0,-0.8076355515955986,0
-6.155896,34,6621.233795,-100.0,-0.7131279200918939,0
-6.340083,34,6621.796783,-100.0,-0.649893868862939,0
-6.334128,36,6622.385237,-100.0,-0.6904115004881791,0
-6.089818,39,6623.039946,-100.0,-0.7346277117093178,0
-5.739592,33,6623.56971,-100.0,-0.7342063545353139,0
-6.270106,39,6624.22306,-100.0,-0.602223759762048,0
-6.452193,40,6624.862231,-100.0,-0.6312216727858626,0
-5.980562,39,6625.510657,-100.0,-0.738297571443676,0
-6.924831,41,6626.192147,-100.0,-0.5903556811808519,0
-6.44848,36,6626.777539,-100.0,-0.6956981778900324,0
-6.362635,42,6627.47995,-100.0,-0.6767091102700137,0
-6.333046,35,6628.04938,-100.0,-0.6375194302653152,0
-6.47979,33,6628.595068,-100.0,-0.6348157935890404,0
-5.914507,37,6629.213923,-100.0,-0.6800945175848309,0
-5.651706,39,6629.842832,-100.0,-0.8676681474614992,0
-5.854277,42,6630.528322,-100.0,-0.7552539484002161,0
-6.172889,37,6631.129674,-100.0,-0.6729598607747855,0
-6.009254,32,6631.673617,-100.0,-0.7221210272403158,0
-6.131181,38,6632.299743,-100.0,-0.6788476911252613,0
-5.930657,35,6632.865709,-100.0,-0.758333365665486,0
-6.315111,34,6633.417501,-100.0,-0.6222402771606308,0
-6.083953,35,6634.012158,-100.0,-0.7179038055927156,0
-5.97854,33,6634.541109,-100.0,-0.6888434425119616,0
-6.001099,34,6635.106624,-100.0,-0.6886926116104766,0
-6.342081,38,6751.360046,-100.0,-0.7284701912723899,0
-5.650084,32,6751.904843,-100.0,-0.7605774074094225,0
-6.086629,39,6752.55382,-100.0,-0.8529772656710818,0
-5.851994,36,6753.142083,-100.0,-0.7552855178889587,0
-6.010796,39,6753.791863,-100.0,-0.726270399076302,0
-6.112694,38,6754.422555,-100.0,-0.6696065861450389,0
-6.011942,35,6754.996218,-100.0,-0.657484114443127,0
-5.69548,39,6755.630166,-100.0,-0.8517976359124151,0
-5.954806,40,6756.306402,-100.0,-0.7013499210565259,0
-6.090752,40,6756.957419,-100.0,-0.6853579170637928,0
-6.788563,51,6757.815916,-100.0,-0.6592192328698663,0
-5.766982,36,6758.400625,-100.0,-0.6711845917201725,0
-5.795262,40,6759.076098,-100.0,-0.8375770566857833,0
-6.449202,41,6759.749316,-100.0,-0.6834957753913925,0
-6.46824,41,6760.426086,-100.0,-0.7421789963630245,0
-5.860727,39,6761.065452,-100.0,-0.800422905835321,0
-6.291367,42,6761.759437,-100.0,-0.7021419822816856,0
-6.200194,33,6762.302279,-100.0,-0.685394845749925,0
-6.415307,35,6762.889781,-100.0,-0.645072194656803,0
-6.477005,39,6763.531951,-100.0,-0.7035737170804682,0
-6.268111,33,6764.086881,-100.0,-0.7342416368747311,0
-5.84723,33,6764.614013,-100.0,-0.7989571240220099,0
-5.936322,33,6765.146235,-100.0,-0.7587746865695111,0
-6.328571,36,6765.752599,-100.0,-0.6380558813113574,0
-5.714499,32,6766.274652,-100.0,-0.8752148895443874,0
-6.201541,37,6766.891454,-100.0,-0.612327346065229,0
-5.998573,34,6767.461081,-100.0,-0.6490880928682023,0
-6.338852,39,6768.095032,-100.0,-0.6835186380792508,0
-5.737651,32,6768.62536,-100.0,-0.8381909956104647,0
-5.98353,40,6769.298548,-100.0,-0.6837682142763073,0
-6.175856,37,6769.911149,-100.0,-0.659822102440182,0
-5.90071,38,6770.541593,-100.0,-0.7177727382928304,0
-5.993239,34,6771.090519,-100.0,-0.676474418662214,0
-5.635579,44,6771.816342,-100.0,-0.8190023718448046,0
-6.248124,44,6772.561751,-100.0,-0.6902832103698835,0
-5.98498,34,6773.109844,-100.0,-0.7512371952243271,0
-6.141627,40,6773.780771,-100.0,-0.7527839263448222,0
-6.187954,34,6774.335647,-100.0,-0.6324047190922094,0
-6.087874,39,6774.978768,-100.0,-0.810416713415864,0
-6.615309,42,6775.660794,-100.0,-0.6851685522537635,0
-6.358123,35,6776.240637,-100.0,-0.7284482968271032,0
-6.307723,35,6776.817721,-100.0,-0.6828070606525404,0
-5.957695,35,6777.404653,-100.0,-0.7963945820186661,0
-5.757616,38,6778.023333,-100.0,-0.7220785911897625,0
-5.628015,33,6778.586464,-100.0,-0.7821152693062585,0
-6.287243,38,6779.21954,-100.0,-0.6360017289081601,0
-6.149359,40,6779.869586,-100.0,-0.7250618693899604,0
-5.821986,36,6780.465641,-100.0,-0.6852174162780461,0
-5.472692,33,6781.01527,-100.0,-0.8291053542027508,0
-6.246522,42,6781.727657,-100.0,-0.6643126734284779,0
-6.590661,45,6782.46791,-100.0,-0.6813406578804033,0
-5.758725,37,6783.074781,-100.0,-0.8091635116577819,0
-6.221074,41,6783.765129,-100.0,-0.696755545234998,0
-5.985779,33,6784.301194,-100.0,-0.6509533954710284,0
-6.097474,38,6903.425147,-100.0,-0.6452540159051423,0
-6.308273,39,6904.0756,-100.0,-0.7312376835426865,0
-5.625811,34,6904.6287,-100.0,-0.7736134203232664,0
-6.19434,32,6905.175179,-100.0,-0.7410989767187822,0
-6.151861,39,6905.814973,-100.0,-0.8046870218092217,0
-5.616099,33,6906.371987,-100.0,-0.757863064778757,0
-6.20993,39,6907.036356,-100.0,-0.6960673859298737,0
-6.308643,39,6907.661212,-100.0,-0.6838519250190191,0
-5.951532,37,6908.270083,-100.0,-0.7372507232994164,0
-6.057954,34,6908.839112,-100.0,-0.650939961997008,0
-6.166895,38,6909.46625,-100.0,-0.7413697656502156,0
-5.94745,41,6910.144433,-100.0,-0.8256757579891414,0
-6.232067,40,6910.801503,-100.0,-0.6255314928092881,0
-5.943559,37,6911.415149,-100.0,-0.7100941819526558,0
-5.83719,38,6912.046701,-100.0,-0.705497622797821,0
-5.998426,39,6912.699055,-100.0,-0.7804798811897399,0
-5.685126,33,6913.243851,-100.0,-0.8059272987386342,0
-6.131144,33,6913.794574,-100.0,-0.653323997860517,0
-6.473138,34,6914.358246,-100.0,-0.7082661638032753,0
-6.694008,46,6915.126128,-100.0,-0.8098030376844572,0
-6.409219,43,6915.834291,-100.0,-0.7267372866866857,0
-5.858172,33,6916.385068,-100.0,-0.7400640481494685,0
-6.483061,38,6917.005365,-100.0,-0.7021559666046571,0
-6.06288,43,6917.739058,-100.0,-0.7349433744705706,0
-6.179272,36,6918.332057,-100.0,-0.7876898861040956,0
-6.201249,39,6918.973285,-100.0,-0.7261075320451853,0
-5.783354,36,6919.573856,-100.0,-0.8255160731436467,0
-6.019515,36,6920.160471,-100.0,-0.6976931970999735,0
-5.926902,42,6920.860468,-100.0,-0.6975163590374028,0
-5.932368,36,6921.465798,-100.0,-0.699686675217878,0
-5.977448,33,6921.997038,-100.0,-0.6726635931012915,0
-6.220645,41,6922.680219,-100.0,-0.7312557098056587,0
-5.404083,33,6923.221379,-100.0,-0.7956916988728634,0
-5.677995,39,6923.869571,-100.0,-0.8338345900084202,0
-5.893161,34,6924.418242,-100.0,-0.7195072662110715,0
-5.799918,41,6925.105508,-100.0,-0.7401756741927297,0
-5.806814,34,6925.667897,-100.0,-0.6839103604139853,0
-6.325372,36,6926.263794,-100.0,-0.7679786197739061,0
-6.258098,37,6926.871945,-100.0,-0.6213189880138411,0
-5.924882,41,6927.538711,-100.0,-0.7226080146799991,0
-6.007806,35,6928.127441,-100.0,-0.6443778156182621,0
-6.060107,34,6928.681442,-100.0,-0.771530350504168,0
-5.716343,33,6929.241906,-100.0,-0.7297288108001376,0
-6.209327,41,6929.907808,-100.0,-0.7457459281518444,0
-6.419085,37,6930.522144,-100.0,-0.7436390622834378,0
-6.032715,36,6931.117244,-100.0,-0.9225598348984088,0
-5.956738,33,6931.663652,-100.0,-0.7476166105234288,0
-6.389258,41,6932.341501,-100.0,-0.6543110511960577,0
-6.373415,34,6932.913949,-100.0,-0.6608044575114481,0
-6.323671,43,6933.624551,-100.0,-0.7115067231053613,0
-5.858464,36,6934.206259,-100.0,-0.7586034251297994,0
-5.563168,35,6934.794444,-100.0,-0.8421753569853477,0
-5.99827,34,6935.36105,-100.0,-0.6223440262783736,0
-6.14913,34,6935.928438,-100.0,-0.6827398294057889,0
-6.282831,35,6936.497882,-100.0,-0.6531961293430708,0
-5.617807,33,6937.029409,-100.0,-0.7713891270599338,0
-5.834136,33,7033.532065,-100.0,-0.7167138923437028,0
-6.098293,35,7034.098294,-100.0,-0.6377952102644873,0
-6.295015,36,7034.714169,-100.0,-0.7905268315817509,0
-6.174058,36,7035.311246,-100.0,-0.7009937279874598,0
-5.908195,37,7035.922071,-100.0,-0.6943885265868571,0
-5.998346,33,7036.472837,-100.0,-0.6067697768010889,0
-5.819752,39,7037.122221,-100.0,-0.7700913083741104,0
-5.68109,34,7037.695965,-100.0,-0.8156690307930021,0
-6.009763,36,7038.289595,-100.0,-0.7104655358008211,0
-6.068994,33,7038.851213,-100.0,-0.7471947365979218,0
-6.423224,35,7039.435719,-100.0,-0.7090429996199751,0
-5.783244,33,7039.979768,-100.0,-0.7082354373594593,0
-5.923244,43,7040.704641,-100.0,-0.7548662726126439,0
-6.099058,36,7041.298138,-100.0,-0.6468640034454692,0
-6.141208,44,7042.015417,-100.0,-0.828074548592295,0
-5.392364,33,7042.565171,-100.0,-0.8046154988618881,0
-6.052331,33,7043.112689,-100.0,-0.6251889107516508,0
-6.19032,36,7043.70564,-100.0,-0.7101641615555694,0
-5.917073,34,7044.27406,-100.0,-0.6803002329136432,0
-6.148314,36,7044.876393,-100.0,-0.8010841911939164,0
-6.00596,40,7045.530868,-100.0,-0.7359158870835829,0
-5.623024,33,7046.078082,-100.0,-0.8144143113168546,0
-5.870145,36,7046.679278,-100.0,-0.7051693040099369,0
-6.391505,41,7047.358124,-100.0,-0.6599450738132624,0
-6.19645,50,7048.1751,-100.0,-0.7868719577322475,0
-6.124431,42,7048.875408,-100.0,-0.7471877732765257,0
-5.707177,33,7049.426415,-100.0,-0.7997896343389093,0
-5.744575,38,7050.046298,-100.0,-0.7969362938266473,0
-5.791057,36,7050.645978,-100.0,-0.7446072332002649,0
-6.193063,35,7051.23998,-100.0,-0.6152810217889352,0
-5.909028,35,7051.821932,-100.0,-0.6831592664643619,0
-5.691765,34,7052.377111,-100.0,-0.6441514803762511,0
-5.853646,35,7052.964436,-100.0,-0.8246585688282123,0
-6.245612,39,7053.616441,-100.0,-0.6660344953670051,0
-5.871962,34,7054.178491,-100.0,-0.8306827709750816,0
-6.067989,34,7054.741772,-100.0,-0.7322349059372453,0
-5.950906,33,7055.284869,-100.0,-0.7305436070025002,0
-5.677673,33,7055.82412,-100.0,-0.7414924277637384,0
-5.976267,39,7056.47727,-100.0,-0.7072036154322154,0
-6.087207,36,7057.073867,-100.0,-0.6262101834736088,0
-6.230977,34,7057.638079,-100.0,-0.6811991572970838,0
-5.759246,35,7058.217772,-100.0,-0.7614066727972496,0
-6.071905,34,7058.78843,-100.0,-0.6676631494494434,0
-5.987209,33,7059.324715,-100.0,-0.6673769213430437,0
-6.095024,34,7059.895574,-100.0,-0.7284786405185179,0
-6.048765,41,7060.585985,-100.0,-0.7170349887967987,0
-6.233036,38,7061.216684,-100.0,-0.7647596200493978,0
-6.39454,40,7061.874345,-100.0,-0.7152287975606045,0
-6.104971,38,7062.510331,-100.0,-0.7674058761953024,0
-6.216185,34,7063.078744,-100.0,-0.7053858851764292,0
-5.716657,37,7063.698209,-100.0,-0.772116346356473,0
-6.094258,34,7064.270966,-100.0,-0.6614715155711626,0
-6.298764,40,7064.941299,-100.0,-0.6720939456280667,0
-6.022951,38,7065.57407,-100.0,-0.764099623909042,0
-6.150273,38,7066.207357,-100.0,-0.661261687112625,0
-6.251086,36,7066.79066,-100.0,-0.7171521817738931,0
-5.972122,34,7173.811769,-100.0,-0.5723927916367703,0
-5.87314,34,7174.381236,-100.0,-0.6735080252010471,0
-5.849134,34,7174.95821,-100.0,-0.6918898188884127,0
-5.927175,33,7175.501228,-100.0,-0.6826659561199276,0
-6.355361,38,7176.122149,-100.0,-0.6746278612268284,0
-5.889976,34,7176.684367,-100.0,-0.6352234756174675,0
-6.012533,33,7177.23402,-100.0,-0.7408117426672591,0
-5.58648,33,7177.771817,-100.0,-0.8230033350151841,0
-5.86487,32,7178.305726,-100.0,-0.7434954673982768,0
-5.568601,34,7178.871173,-100.0,-0.8085130095426739,0
-5.893345,37,7179.504686,-100.0,-0.6709861268391487,0
-6.170967,34,7180.061247,-100.0,-0.6299041069590869,0
-5.84284,33,7180.618136,-100.0,-0.683354128327238,0
-5.935989,36,7181.21854,-100.0,-0.6525222552823663,0
-5.803442,34,7181.778123,-100.0,-0.6297280431590184,0
-6.119199,35,7182.356991,-100.0,-0.7371263313643222,0
-5.715049,42,7183.060649,-100.0,-0.8344151358849412,0
-6.307621,34,7183.639632,-100.0,-0.6889826932792618,0
-6.179293,34,7184.199963,-100.0,-0.6701303167437664,0
-6.067752,33,7184.739619,-100.0,-0.6852446594003568,0
-6.126985,38,7185.370062,-100.0,-0.6806100905448432,0
-6.513738,43,7186.107321,-100.0,-0.7074766206246795,0
-5.688006,34,7186.66616,-100.0,-0.8072125123103789,0
-5.786461,34,7187.247754,-100.0,-0.7771839131071528,0
-5.837682,34,7187.806748,-100.0,-0.7163005141328186,0
-6.355471,38,7188.453911,-100.0,-0.805002425933196,0
-5.652479,32,7188.991506,-100.0,-0.8537156752418417,0
-5.621144,34,7189.558434,-100.0,-0.8080457102812363,0
-6.44539,34,7190.124975,-100.0,-0.622580307291977,0
-5.983193,34,7190.692883,-100.0,-0.6392089750275833,0
-6.550969,40,7191.357328,-100.0,-0.705351502541289,0
-6.296604,48,7192.168517,-100.0,-0.6783131958771181,0
-5.737988,35,7192.741692,-100.0,-0.8195414459915216,0
-5.555584,33,7193.288229,-100.0,-0.7417001416700285,0
-6.354816,33,7193.848736,-100.0,-0.6959559359245614,0
-5.736259,34,7194.417872,-100.0,-0.8280007316837381,0
-6.33506,45,7195.167938,-100.0,-0.6715502432121618,0
-5.728015,33,7195.723772,-100.0,-0.6508393955120789,0
-5.442748,33,7196.272133,-100.0,-0.7999048878261543,0
-5.940501,38,7196.905921,-100.0,-0.8182112537307459,0
-6.216812,32,7197.435035,-100.0,-0.6590463553503512,0
-5.979083,33,7197.977774,-100.0,-0.6789093536633367,0
-6.141966,36,7198.583663,-100.0,-0.6817719337844063,0
-5.833272,38,7199.204903,-100.0,-0.6974382606582796,0
-5.950476,37,7199.837212,-100.0,-0.680822432157224,0
-5.990071,34,7200.397239,-100.0,-0.6011341188072512,0
-6.333865,39,7201.058048,-100.0,-0.6951685558165726,0
-6.290322,41,7201.733924,-100.0,-0.6771320406245006,0
-6.743209,42,7202.419075,-100.0,-0.7569148355566343,0
-5.62009,34,7202.987832,-100.0,-0.7545874288032834,0
-5.97356,35,7203.59043,-100.0,-0.7279481316966618,0
-5.942034,40,7204.239598,-100.0,-0.7085007761870615,0
-6.078167,34,7204.809512,-100.0,-0.6798287169540896,0
-6.230846,38,7205.446456,-100.0,-0.7430742738552671,0
-5.623948,34,7206.009228,-100.0,-0.722899238103181,0
-5.736403,33,7206.552956,-100.0,-0.6950582476128413,0
-5.997583,34,7207.123505,-100.0,-0.5797363378882971,0
-5.651998,33,7207.644666,-100.0,-0.7023449174964895,0
-5.800056,33,7314.859414,-100.0,-0.7567429003578253,0
-5.74133,32,7315.390269,-100.0,-0.7209061602220355,0
-5.890313,36,7315.993015,-100.0,-0.6788825087310757,0
-5.896154,35,7316.584245,-100.0,-0.6920925109706704,0
-6.003356,38,7317.225844,-100.0,-0.7307759008604504,0
-5.823053,33,7317.773523,-100.0,-0.7834904325875974,0
-6.08209,45,7318.532427,-100.0,-0.6792890043167227,0
-6.015893,35,7319.137808,-100.0,-0.6766918352232575,0
-6.180133,33,7319.692094,-100.0,-0.6865553758637273,0
-5.643733,33,7320.246966,-100.0,-0.7045701185577626,0
-5.566901,33,7320.79168,-100.0,-0.7834738919346481,0
-5.452843,34,7321.373381,-100.0,-0.7046208618162538,0
-6.030373,36,7321.973174,-100.0,-0.6328392833701703,0
-6.15685,36,7322.573787,-100.0,-0.8447408266286351,0
-6.095911,33,7323.114933,-100.0,-0.7205690309430604,0
-5.925733,36,7323.716998,-100.0,-0.6939642572121815,0
-6.329697,33,7324.263926,-100.0,-0.747168626052213,0
-5.86086,33,7324.815603,-100.0,-0.7391296359882662,0
-5.996204,38,7325.43569,-100.0,-0.7483392872931643,0
-6.338148,34,7326.008761,-100.0,-0.6691151653101822,0
-6.39345,34,7326.576663,-100.0,-0.6513117941930933,0
-6.153441,40,7327.259652,-100.0,-0.6260629875112103,0
-5.89996,37,7327.877496,-100.0,-0.7261073465697234,0
-6.243631,35,7328.462981,-100.0,-0.6697949541964227,0
-5.661929,42,7329.149184,-100.0,-0.7524686106738655,0
-5.892598,34,7329.728224,-100.0,-0.659696022935072,0
-5.556506,34,7330.302077,-100.0,-0.7309336768949192,0
-5.97367,33,7330.856313,-100.0,-0.6429632193844329,0
-6.055469,33,7331.412617,-100.0,-0.7194612448304826,0
-5.900314,36,7332.01264,-100.0,-0.6905823428633076,0
-6.152432,33,7332.562376,-100.0,-0.6155915525537655,0
-5.90319,34,7333.124234,-100.0,-0.6924065662058586,0
-5.628859,33,7333.681901,-100.0,-0.7298315375101095,0
-5.91129,36,7334.279591,-100.0,-0.7408314758372223,0
-5.979032,35,7334.867591,-100.0,-0.7016694261736719,0
-5.915985,36,7335.47724,-100.0,-0.7076779766558717,0
-6.095495,34,7336.048473,-100.0,-0.7423835794275582,0
-5.653135,35,7336.636923,-100.0,-0.8607803366999641,0
-6.220091,45,7337.390483,-100.0,-0.7056353885315273,0
-5.680479,38,7338.024827,-100.0,-0.8333653383642748,0
-6.363143,40,7338.684883,-100.0,-0.7303228279259725,0
-6.024675,37,7339.305389,-100.0,-0.7032209549822507,0
-6.1016,34,7339.877257,-100.0,-0.6843782758252637,0
-5.514042,32,7340.401187,-100.0,-0.773656395802387,0
-6.044954,39,7341.060668,-100.0,-0.6600323518758313,0
-5.961705,42,7341.78028,-100.0,-0.7252641234386646,0
-6.078215,34,7342.337238,-100.0,-0.742018227627219,0
-5.971808,34,7342.90591,-100.0,-0.6833582646778197,0
-6.252456,34,7343.477222,-100.0,-0.6316192793676987,0
-5.393396,33,7344.018346,-100.0,-0.8713250989595365,0
-6.577461,34,7344.587198,-100.0,-0.7067185462427891,0
-5.808206,34,7345.149331,-100.0,-0.7477242795707008,0
-5.634663,33,7345.689921,-100.0,-0.7570215122734748,0
-6.274416,34,7346.262695,-100.0,-0.6834861330450631,0
-6.091783,41,7346.974183,-100.0,-0.7460647163048969,0
-6.065278,33,7347.507304,-100.0,-0.698641399623565,0
-5.89449,34,7348.071913,-100.0,-0.7608752053647989,0
-6.043446,35,7348.667432,-100.0,-0.7878507994871528,0
-5.85874,34,7477.970612,-100.0,-0.7747692182090747,0
-5.614936,33,7478.525831,-100.0,-0.7331360277489425,0
-5.906765,38,7479.159513,-100.0,-0.8152008567401905,0
-5.416018,32,7479.702493,-100.0,-0.7265958216779349,0
-6.208273,35,7480.284225,-100.0,-0.6400224214471271,0
-5.73373,33,7480.839502,-100.0,-0.7189141892236749,0
-6.602149,37,7481.457523,-100.0,-0.6710753412318996,0
-5.739746,33,7482.020429,-100.0,-0.6755672033134912,0
-6.060753,42,7482.710448,-100.0,-0.7060982902752243,0
-5.882475,33,7483.270422,-100.0,-0.7828921946181856,0
-5.633756,33,7483.831208,-100.0,-0.7564871035988372,0
-6.111811,35,7484.4213,-100.0,-0.6871187652447688,0
-5.891741,35,7485.007375,-100.0,-0.7819987143626235,0
-5.880445,40,7485.669298,-100.0,-0.7915823455611599,0
-5.988764,33,7486.223156,-100.0,-0.6731329437758697,0
-5.922654,41,7486.912555,-100.0,-0.7313381233577296,0
-6.343272,37,7487.538296,-100.0,-0.6741559515131859,0
-5.837837,33,7488.09188,-100.0,-0.7300843884845697,0
-5.542034,37,7488.724627,-100.0,-0.8430057750806417,0
-5.725881,40,7489.378492,-100.0,-0.8710898072925882,0
-5.808409,43,7490.092736,-100.0,-0.7721857810478402,0
-6.048244,36,7490.697586,-100.0,-0.6392918384922132,0
-6.182115,41,7491.363031,-100.0,-0.7167563020168882,0
-6.33215,33,7491.917108,-100.0,-0.6679197742696664,0
-5.700919,36,7492.525872,-100.0,-0.7042697093415761,0
-5.948039,33,7493.074965,-100.0,-0.7206442303275852,0
-6.040483,34,7493.64779,-100.0,-0.6525414798001484,0
-5.751818,33,7494.204419,-100.0,-0.7746195743507835,0
-5.626504,33,7494.762862,-100.0,-0.751416301041032,0
-5.801371,34,7495.341744,-100.0,-0.6973707070463709,0
-5.749951,33,7495.89727,-100.0,-0.6895800823565776,0
-5.76334,36,7496.502518,-100.0,-0.7343779729102103,0
-6.068125,37,7497.119128,-100.0,-0.6431681345669429,0
-6.293506,38,7497.762489,-100.0,-0.6585644452677952,0
-5.869158,39,7498.416507,-100.0,-0.7572761530712346,0
-5.956434,33,7498.972386,-100.0,-0.7349999819172672,0
-5.942446,34,7499.533947,-100.0,-0.683976075143442,0
-6.148331,34,7500.110482,-100.0,-0.708846664386285,0
-5.457208,33,7500.667491,-100.0,-0.7906811539170822,0
-5.761429,37,7501.289497,-100.0,-0.7289841811774078,0
-5.771698,32,7501.815975,-100.0,-0.7279339426755522,0
-6.260794,39,7502.459627,-100.0,-0.691061097967529,0
-5.766167,33,7503.023053,-100.0,-0.6974686771851668,0
-5.591216,33,7503.569849,-100.0,-0.7503069294251493,0
-5.889359,32,7504.109362,-100.0,-0.8568399951627321,0
-5.913005,32,7504.643553,-100.0,-0.732151795512462,0
-6.026481,35,7505.219399,-100.0,-0.9004325787639688,0
-5.662006,33,7505.777876,-100.0,-0.6948519615355573,0
-5.656207,34,7506.363416,-100.0,-0.788805369469907,0
-5.656902,43,7507.075367,-100.0,-0.7975557445354312,0
-5.78994,33,7507.630203,-100.0,-0.7862240276414089,0
-5.630711,41,7508.327353,-100.0,-0.8138666943440089,0
-5.794705,34,7508.89641,-100.0,-0.7515445905873447,0
-5.841603,36,7509.498929,-100.0,-0.7799907779455311,0
-5.813466,35,7510.082252,-100.0,-0.6691799279014509,0
-5.954958,33,7510.648673,-100.0,-0.6623116318386724,0
-6.327045,37,7511.247478,-100.0,-0.6588465928063827,0
-6.021076,43,7636.225075,-100.0,-0.7638054089970965,0
-5.949557,33,7636.781528,-100.0,-0.7287355349583148,0
-5.950024,33,7637.341014,-100.0,-0.7287815081745169,0
-5.74919,33,7637.89145,-100.0,-0.7297453377420768,0
-6.001416,33,7638.449223,-100.0,-0.7418588266996646,0
-5.626569,39,7639.096019,-100.0,-0.7335296183632279,0
-5.681546,34,7639.668836,-100.0,-0.8798092248112297,0
-5.894112,33,7640.211313,-100.0,-0.6886874947812597,0
-6.126461,43,7640.953812,-100.0,-0.7250299066243311,0
-5.759884,33,7641.501117,-100.0,-0.7753322989569638,0
-5.979225,33,7642.050583,-100.0,-0.7064513044737082,0
-5.553573,33,7642.598939,-100.0,-0.7544489252238318,0
-5.555121,33,7643.14923,-100.0,-0.8580090095820938,0
-6.050067,40,7643.836404,-100.0,-0.7020762750773722,0
-5.955504,33,7644.375733,-100.0,-0.7481698577492889,0
-5.671825,38,7645.035115,-100.0,-0.7382024846532681,0
-5.588618,34,7645.595396,-100.0,-0.8191001543009435,0
-5.922762,41,7646.293464,-100.0,-0.7029399589808216,0
-5.989353,33,7646.848499,-100.0,-0.6958266215534797,0
-5.780753,35,7647.42992,-100.0,-0.849969195373579,0
-5.817427,32,7647.981159,-100.0,-0.7498452268492243,0
-5.944648,35,7648.560314,-100.0,-0.6616107644749375,0
-5.897683,40,7649.223425,-100.0,-0.8764833589874359,0
-5.75259,40,7649.885263,-100.0,-0.8417015395431051,0
-5.658459,33,7650.445202,-100.0,-0.7247584583005752,0
-5.488301,32,7650.988066,-100.0,-0.8188935204600085,0
-5.962361,43,7651.706043,-100.0,-0.7465141974153294,0
-5.475803,32,7652.238274,-100.0,-0.8376621657284375,0
-5.931425,35,7652.830991,-100.0,-0.6982375384876265,0
-5.725041,34,7653.401871,-100.0,-0.6679938391205821,0
-5.840502,41,7654.067306,-100.0,-0.7669975898366359,0
-5.64458,41,7654.749882,-100.0,-0.7703508981871722,0
-5.687243,40,7655.432305,-100.0,-0.8207431079641494,0
-5.424955,33,7655.993381,-100.0,-0.7686948252941151,0
-5.402372,31,7656.501442,-100.0,-0.9211568837238094,0
-5.548318,33,7657.064537,-100.0,-0.8282571365675206,0
-6.013769,37,7657.680472,-100.0,-0.748880973461149,0
-6.021991,35,7658.279173,-100.0,-0.7172942101679465,0
-6.080576,34,7658.846627,-100.0,-0.7679609533316053,0
-5.416608,32,7659.388193,-100.0,-0.8361642603326962,0
-5.897242,38,7660.017864,-100.0,-0.6842663338768047,0
-5.860747,34,7660.589095,-100.0,-0.8352362041356283,0
-5.651404,36,7661.189274,-100.0,-0.8301721817113344,0
-6.129394,40,7661.846647,-100.0,-0.6934956487455914,0
-5.778721,34,7662.424975,-100.0,-0.7172811771322742,0
-6.124316,46,7663.229909,-100.0,-0.8204394269895021,0
-5.803226,37,7663.837665,-100.0,-0.7561706616474728,0
-5.476036,32,7664.381502,-100.0,-0.8528158245787064,0
-5.435552,32,7664.917281,-100.0,-0.8472598493596231,0
-6.358466,35,7665.509705,-100.0,-0.7275605605428149,0
-6.142305,34,7666.08086,-100.0,-0.7383012643607771,0
-5.859311,32,7666.61583,-100.0,-0.7966180859977313,0
-6.164889,37,7667.242593,-100.0,-0.6756870224427967,0
-5.832959,34,7667.813029,-100.0,-0.7635080013435738,0
-5.468007,32,7668.342021,-100.0,-0.8447830105477783,0
-5.712257,33,7668.896104,-100.0,-0.7179088915825509,0
-5.776748,34,7669.476907,-100.0,-0.7612232399534484,0
-6.091279,41,7670.157027,-100.0,-0.7935567595559669,0
-5.993968,34,7791.318506,-100.0,-0.6870446206679963,0
-5.517096,35,7791.899107,-100.0,-0.8013039753070633,0
-6.036221,35,7792.481433,-100.0,-0.7529138441093675,0
-5.730185,33,7793.03916,-100.0,-0.7869979188399799,0
-5.767723,32,7793.585259,-100.0,-0.7634480152218385,0
-5.879168,32,7794.135016,-100.0,-0.7446373806736896,0
-5.729679,32,7794.669709,-100.0,-0.8130823278998557,0
-6.194656,32,7795.208123,-100.0,-0.649789732542796,0
-5.835234,35,7795.7942,-100.0,-0.6555362244412605,0
-5.761909,33,7796.355286,-100.0,-0.7160059713229474,0
-5.839398,37,7796.965712,-100.0,-0.9168131752277696,0
-5.522,33,7797.526015,-100.0,-0.7627773596741871,0
-5.712715,33,7798.083407,-100.0,-0.7426044523319556,0
-5.79273,34,7798.653003,-100.0,-0.6600525837118618,0
-6.053929,33,7799.210989,-100.0,-0.7091791774171281,0
-6.01038,33,7799.762124,-100.0,-0.6449510519369451,0
-6.328188,34,7800.338911,-100.0,-0.7472313729389547,0
-5.654503,32,7800.885819,-100.0,-0.7830452843240543,0
-6.053363,36,7801.485303,-100.0,-0.8486907005918283,0
-5.832895,37,7802.100338,-100.0,-0.7179178842624614,0
-5.701632,36,7802.715571,-100.0,-0.812487071406398,0
-6.049097,34,7803.291884,-100.0,-0.6635453713348308,0
-5.977098,40,7803.98299,-100.0,-0.6944952001800299,0
-5.735461,33,7804.534956,-100.0,-0.7085812450209893,0
-5.736015,33,7805.073821,-100.0,-0.7562600697877256,0
-5.549603,32,7805.617298,-100.0,-0.8719932718982667,0
-6.155428,33,7806.180149,-100.0,-0.7093440003696329,0
-5.813163,32,7806.711198,-100.0,-0.7302181225742789,0
-5.639115,34,7807.291235,-100.0,-0.793746564233925,0
-5.44694,33,7807.842166,-100.0,-0.8243286023695812,0
-5.412349,32,7808.37506,-100.0,-0.8345854035687656,0
-5.686305,34,7808.955168,-100.0,-0.9045809712442369,0
-5.691461,33,7809.513214,-100.0,-0.7299793337327288,0
-5.901046,33,7810.066631,-100.0,-0.6532655418884397,0
-5.683962,34,7810.628455,-100.0,-0.7330942114669436,0
-5.849634,36,7811.23127,-100.0,-0.68546316400005,0
-5.64113,34,7811.806787,-100.0,-0.8172683576442636,0
-6.411006,39,7812.459775,-100.0,-0.6966087132775929,0
-6.035507,32,7812.992157,-100.0,-0.7618910623767797,0
-5.568015,42,7813.692357,-100.0,-0.775352919391153,0
-5.679571,34,7814.261005,-100.0,-0.7030183434738555,0
-5.688309,33,7814.808164,-100.0,-0.7809898451907304,0
-6.1067,34,7815.396077,-100.0,-0.7094794561655845,0
-5.525924,33,7815.945776,-100.0,-0.7659623374928647,0
-5.8026,33,7816.485984,-100.0,-0.7185071990900618,0
-5.945977,40,7817.176433,-100.0,-0.6655982287323656,0
-5.849061,34,7817.746309,-100.0,-0.7551209094049947,0
-5.434766,33,7818.310168,-100.0,-0.865780097053092,0
-5.790599,39,7818.985818,-100.0,-0.7528136980262874,0
-5.538644,32,7819.509357,-100.0,-0.7007192717366695,0
-5.572237,33,7820.056221,-100.0,-0.7685642869690831,0
-6.111286,44,7820.809263,-100.0,-0.8498163574206693,0
-5.752384,34,7821.377924,-100.0,-0.7729116853999569,0
-5.471098,32,7821.918654,-100.0,-0.9117580727600084,0
-5.576778,34,7822.492092,-100.0,-0.8764273202436891,0
-5.863825,34,7823.063466,-100.0,-0.7377702593592848,0
-5.68571,33,7823.611044,-100.0,-0.7602879990098121,0
-5.817872,36,7824.211453,-100.0,-0.6964026454344919,0
-5.925092,32,7824.752953,-100.0,-0.7214648774558434,0
-6.185195,34,7825.314646,-100.0,-0.5780840637731173,0
-5.778186,33,7954.901862,-100.0,-0.8119766883337002,0
-5.386745,33,7955.49945,-100.0,-0.7092572822519286,0
-5.571535,36,7956.171011,-100.0,-0.7445487599443301,0
-5.525166,33,7956.759381,-100.0,-0.7990596984534967,0
-5.938802,34,7957.393269,-100.0,-0.6838615504354456,0
-6.173901,34,7957.990576,-100.0,-0.7111002390620286,0
-5.783947,39,7958.723231,-100.0,-0.7504390284587418,0
-5.806656,35,7959.367336,-100.0,-0.7255891259054066,0
-5.69685,33,7959.952028,-100.0,-0.6503495049176019,0
-5.804204,33,7960.549909,-100.0,-0.6472728466211572,0
-5.428175,34,7961.146019,-100.0,-0.8606278503680834,0
-5.861711,39,7961.8702,-100.0,-0.8102254881798016,0
-5.685524,37,7962.549157,-100.0,-0.7881222912278747,0
-6.039954,34,7963.165183,-100.0,-0.6477229002520849,0
-5.872971,32,7963.742442,-100.0,-0.7447904132509758,0
-5.894049,33,7964.344763,-100.0,-0.60123626250215,0
-5.44958,33,7964.934962,-100.0,-0.8357514955109064,0
-5.807213,33,7965.53982,-100.0,-0.8430325022344833,0
-6.227436,43,7966.320747,-100.0,-0.7499650090145078,0
-5.755295,37,7966.986863,-100.0,-0.7266440172479934,0
-5.76749,33,7967.595015,-100.0,-0.7481193095956075,0
-6.149989,34,7968.217792,-100.0,-0.6660064780332721,0
-5.96948,43,7968.997756,-100.0,-0.667772648608831,0
-6.238061,35,7969.632902,-100.0,-0.7245108243468368,0
-5.621404,34,7970.262879,-100.0,-0.8545376499160701,0
-5.681261,33,7970.846447,-100.0,-0.6610772965442916,0
-5.653051,35,7971.49938,-100.0,-0.8056638271246019,0
-5.752049,33,7972.097021,-100.0,-0.7405144476530932,0
-5.650627,33,7972.696889,-100.0,-0.7290581564893034,0
-5.869757,36,7973.357998,-100.0,-0.7252031509077709,0
-5.212984,32,7973.943347,-100.0,-0.8564061933071083,0
-5.522479,33,7974.542126,-100.0,-0.8621845641857678,0
-6.16568,34,7975.154253,-100.0,-0.7056944135929434,0
-5.739551,41,7975.893266,-100.0,-0.8059817807508314,0
-5.917005,35,7976.514974,-100.0,-0.8324161285340421,0
-5.934873,35,7977.14945,-100.0,-0.7099153280507811,0
-6.022122,41,7977.885577,-100.0,-0.6582148019461801,0
-6.299101,35,7978.526762,-100.0,-0.699944942333595,0
-5.865861,41,7979.264559,-100.0,-0.845994442698863,0
-5.562314,33,7979.873352,-100.0,-0.7588558818667085,0
-5.914223,34,7980.485675,-100.0,-0.7368783405638122,0
-5.832925,33,7981.092403,-100.0,-0.663251116057368,0
-5.676087,32,7981.684376,-100.0,-0.7322424175177488,0
-6.349559,36,7982.337744,-100.0,-0.6963390506661873,0
-5.942741,33,7982.930324,-100.0,-0.739366838936494,0
-5.616357,34,7983.548271,-100.0,-0.6809297785425007,0
-5.710236,33,7984.162096,-100.0,-0.7750684882508283,0
-5.833048,33,7984.7477,-100.0,-0.7015233547595836,0
-5.851524,35,7985.399855,-100.0,-0.722011726276855,0
-5.932273,37,7986.08622,-100.0,-0.7125302099329988,0
-5.816296,33,7986.694417,-100.0,-0.6646714928523877,0
-5.406629,32,7987.274911,-100.0,-0.8862820022273106,0
-6.02469,35,7987.921804,-100.0,-0.6887718421614317,0
-5.895804,34,7988.542341,-100.0,-0.6687168703097733,0
-5.741656,40,7989.267978,-100.0,-0.6988240983096394,0
-5.561726,33,7989.877975,-100.0,-0.7539548968573296,0
-5.948632,33,7990.46713,-100.0,-0.6856558337431756,0
-5.636831,32,7991.053653,-100.0,-0.7380647307155518,0
-5.576523,32,7991.627634,-100.0,-0.8548938591381812,0
-5.752931,31,8110.538399,-100.0,-0.8011590533589239,0
-5.949097,39,8111.194228,-100.0,-0.7417364674645917,0
-5.926646,33,8111.759049,-100.0,-0.7096104664757126,0
-6.205992,33,8112.30132,-100.0,-0.6925687875021811,0
-5.328658,32,8112.844141,-100.0,-0.9122330163104898,0
-5.849471,33,8113.407892,-100.0,-0.6327821921650991,0
-5.802555,33,8113.961777,-100.0,-0.7969053134130382,0
-6.091729,39,8114.600403,-100.0,-0.7020587164353478,0
-5.875967,34,8115.17053,-100.0,-0.6813243025074155,0
-5.846595,33,8115.736092,-100.0,-0.6881031662775212,0
-6.037111,33,8116.289961,-100.0,-0.6873202090043311,0
-5.75686,32,8116.8403,-100.0,-0.8067368030727631,0
-5.340358,32,8117.381512,-100.0,-0.8602879699628877,0
-5.887134,33,8117.943065,-100.0,-0.734306500185458,0
-5.837677,33,8118.497732,-100.0,-0.6898802689942178,0
-5.790864,33,8119.065433,-100.0,-0.8351845103269707,0
-6.099613,35,8119.643882,-100.0,-0.7228330438256715,0
-6.456618,44,8120.385346,-100.0,-0.7505726305802607,0
-5.478915,32,8120.921504,-100.0,-0.8520202944461349,0
-5.483817,33,8121.458067,-100.0,-0.6903651664879326,0
-5.59967,33,8122.024986,-100.0,-0.75549742405467,0
-5.561279,34,8122.596576,-100.0,-0.7349369702634394,0
-5.826185,33,8123.171909,-100.0,-0.6392940903669805,0
-5.387395,32,8123.702411,-100.0,-0.8238059749790503,0
-6.285491,35,8124.298064,-100.0,-0.7049478675771262,0
-5.908866,33,8124.854846,-100.0,-0.7099532508826976,0
-6.085653,37,8125.48333,-100.0,-0.7800471138411467,0
-5.982738,34,8126.066873,-100.0,-0.6909371103338066,0
-5.5799,32,8126.599961,-100.0,-0.8193139773364079,0
-5.71614,34,8127.182729,-100.0,-0.7325280390578538,0
-5.711393,34,8127.753258,-100.0,-0.7639334461620133,0
-5.984985,34,8128.335203,-100.0,-0.6344141654320652,0
-5.841757,34,8128.906192,-100.0,-0.739210288151191,0
-6.461421,37,8129.521433,-100.0,-0.6900447353811274,0
-5.650117,34,8130.091588,-100.0,-0.7526120912243645,0
-5.726204,32,8130.638148,-100.0,-0.880819118979316,0
-5.969924,35,8131.22256,-100.0,-0.8714450089460131,0
-5.866156,35,8131.827469,-100.0,-0.771803289927715,0
-5.635106,34,8132.399215,-100.0,-0.766497299777413,0
-5.648189,38,8133.043573,-100.0,-0.728378029670025,0
-5.979721,34,8133.60263,-100.0,-0.7019548903052797,0
-5.598275,33,8134.170478,-100.0,-0.8179924201043247,0
-5.655765,33,8134.718793,-100.0,-0.7110319296624795,0
-5.254906,32,8135.257218,-100.0,-0.863602986260677,0
-6.089996,33,8135.823483,-100.0,-0.6758362966868101,0
-5.424336,33,8136.380093,-100.0,-0.7765849398252952,0
-6.227831,33,8136.927805,-100.0,-0.6762440394300017,0
-5.464586,41,8137.611071,-100.0,-0.8106681225250816,0
-5.70281,33,8138.16992,-100.0,-0.688771826360771,0
-5.805391,34,8138.750562,-100.0,-0.6996923353087433,0
-5.934401,35,8139.342429,-100.0,-0.6710486478893462,0
-6.418328,42,8140.032815,-100.0,-0.662285101734628,0
-5.592329,34,8140.614754,-100.0,-0.8567587180524451,0
-5.502802,34,8141.185355,-100.0,-0.7787064044205507,0
-5.379471,32,8141.737481,-100.0,-0.8340245886929893,0
-5.824869,32,8142.274161,-100.0,-0.7846291211934163,0
-6.051119,36,8142.886721,-100.0,-0.8296626595305425,0
-5.912007,37,8143.487752,-100.0,-0.659324205657602,0
-5.619434,34,8144.063132,-100.0,-0.8038507431872577,0
-6.199754,33,8144.619028,-100.0,-0.7579417728718792,0
-5.632124,34,8263.090197,-100.0,-0.7646628381027574,0
-5.582417,32,8263.637027,-100.0,-0.8519865731904291,0
-5.732322,33,8264.197832,-100.0,-0.7471626086751788,0
-5.642731,33,8264.761286,-100.0,-0.6717359695040218,0
-5.513284,32,8265.301939,-100.0,-0.8320629235421064,0
-5.810035,33,8265.869712,-100.0,-0.6789476520835684,0
-5.975621,34,8266.445605,-100.0,-0.7037701788700944,0
-5.699295,33,8267.000951,-100.0,-0.7100940375966242,0
-5.5457,33,8267.565278,-100.0,-0.7507960356182724,0
-5.891057,34,8268.135781,-100.0,-0.6895806455447071,0
-5.89058,33,8268.703759,-100.0,-0.7154144598390743,0
-5.388881,32,8269.24892,-100.0,-0.9027044335419883,0
-5.533549,33,8269.814101,-100.0,-0.7981473636732822,0
-5.983422,35,8270.403761,-100.0,-0.71234869020582,0
-5.674273,33,8270.970997,-100.0,-0.7406124674840492,0
-5.567727,35,8271.559933,-100.0,-0.8862130933316464,0
-5.54695,32,8272.10853,-100.0,-0.8096671649756948,0
-5.889311,34,8272.676169,-100.0,-0.6943478232749609,0
-5.490119,33,8273.237607,-100.0,-0.795082574243788,0
-5.656558,34,8273.817622,-100.0,-0.7045630385660141,0
-5.366497,32,8274.352869,-100.0,-0.8739008149247294,0
-5.794204,33,8274.916109,-100.0,-0.7178797327789892,0
-5.529194,43,8275.651829,-100.0,-0.7920283939756928,0
-5.456105,33,8276.215792,-100.0,-0.7182700472337218,0
-5.90679,34,8276.806933,-100.0,-0.6828283836517891,0
-5.963932,33,8277.358914,-100.0,-0.7606327577945035,0
-5.754231,33,8277.914595,-100.0,-0.7214517952087734,0
-6.159341,41,8278.599399,-100.0,-0.731412199851096,0
-6.29995,34,8279.172949,-100.0,-0.6766229323322879,0
-5.842213,33,8279.739764,-100.0,-0.7387047430449706,0
-6.11482,35,8280.32416,-100.0,-0.6639009246436754,0
-6.038721,36,8280.92911,-100.0,-0.6861051906672209,0
-5.789307,33,8281.484271,-100.0,-0.844491127977028,0
-5.48006,34,8282.061046,-100.0,-0.7924672733722757,0
-5.644807,33,8282.618156,-100.0,-0.6962228851719835,0
-5.615341,32,8283.167055,-100.0,-0.856380213953948,0
-6.010386,36,8283.763334,-100.0,-0.7320152292511343,0
-5.933568,34,8284.332084,-100.0,-0.7092108898521762,0
-5.474707,32,8284.887876,-100.0,-0.7857624403695989,0
-5.395381,32,8285.42114,-100.0,-0.833373536150605,0
-5.579808,35,8286.010835,-100.0,-0.754371035450331,0
-5.691405,34,8286.588941,-100.0,-0.6909420624906474,0
-5.498635,33,8287.151513,-100.0,-0.7559051554057545,0
-5.502421,33,8287.705996,-100.0,-0.8180280761956891,0
-5.515089,32,8288.254213,-100.0,-0.7923631519371298,0
-5.924374,33,8288.811099,-100.0,-0.6925480104823707,0
-6.417341,35,8289.399755,-100.0,-0.6455863329904858,0
-5.616027,34,8289.970559,-100.0,-0.780087318163124,0
-5.333862,32,8290.522112,-100.0,-0.864669050840866,0
-5.723738,34,8291.10575,-100.0,-0.822166757217305,0
-5.458204,32,8291.649509,-100.0,-0.7895462557105352,0
-5.804976,34,8292.223744,-100.0,-0.7238951797828486,0
-5.604088,32,8292.755923,-100.0,-0.7981559328895308,0
-5.744734,33,8293.317863,-100.0,-0.7168395429738144,0
-5.834627,32,8293.861631,-100.0,-0.825618466834828,0
-5.935306,34,8294.441894,-100.0,-0.728207996800658,0
-5.57886,34,8295.016933,-100.0,-0.8254613841444073,0
-6.08334,37,8295.644342,-100.0,-0.7477214029100614,0
-5.90507,32,8296.186694,-100.0,-0.6901235299641131,0
-5.449948,32,8296.727154,-100.0,-0.7539027788734753,0
-5.817127,33,8297.285472,-100.0,-0.659920880868998,0
-5.792092,43,8416.065038,-100.0,-0.7924224366597845,0
-5.921082,33,8416.627506,-100.0,-0.6769305667826148,0
-5.811283,34,8417.193017,-100.0,-0.6825604218283086,0
-6.029951,38,8417.826082,-100.0,-0.6767720054314889,0
-5.766154,34,8418.403161,-100.0,-0.7198639396445914,0
-6.56213,40,8419.084409,-100.0,-0.6322320939904498,0
-5.682116,34,8419.653762,-100.0,-0.7870651196233095,0
-5.936837,37,8420.288678,-100.0,-0.7755150078385181,0
-6.00537,32,8420.821855,-100.0,-0.6813013299660416,0
-5.515119,33,8421.373696,-100.0,-0.8587632382667354,0
-5.54895,34,8421.952054,-100.0,-0.7765708248781371,0
-5.789132,33,8422.506433,-100.0,-0.7780150254975927,0
-5.961109,36,8423.124798,-100.0,-0.6029954895695145,0
-5.678226,34,8423.702088,-100.0,-0.7248691031689801,0
-5.744589,33,8424.268578,-100.0,-0.691368768745377,0
-5.816608,33,8424.823587,-100.0,-0.740281973864807,0
-5.749516,33,8425.386952,-100.0,-0.6830194690538838,0
-5.589407,33,8425.949098,-100.0,-0.7320970775856633,0
-5.479182,32,8426.504113,-100.0,-0.8203386334416383,0
-5.95191,33,8427.045611,-100.0,-0.706251782917151,0
-5.341698,32,8427.593631,-100.0,-0.880548385375656,0
-5.685959,38,8428.247378,-100.0,-0.8053948017364191,0
-5.547727,32,8428.788453,-100.0,-0.8537569474654658,0
-6.122544,35,8429.379522,-100.0,-0.7141495735812293,0
-6.013013,33,8429.942961,-100.0,-0.717349947017336,0
-5.463435,32,8430.45631,-100.0,-0.7875509330750403,0
-6.150641,36,8431.067372,-100.0,-0.6461764491768709,0
-5.652036,34,8431.646074,-100.0,-0.7366139457853124,0
-6.068581,35,8432.238814,-100.0,-0.7001539407705494,0
-5.801774,32,8432.789582,-100.0,-0.8458432924340045,0
-5.760402,34,8433.371303,-100.0,-0.755215402594828,0
-5.815323,32,8433.920342,-100.0,-0.8082008840805116,0
-5.806819,37,8434.540767,-100.0,-0.7194169311007301,0
-5.896413,35,8435.131369,-100.0,-0.7349131734854742,0
-5.631801,33,8435.693068,-100.0,-0.7723434251543784,0
-5.440232,32,8436.234046,-100.0,-0.7608082346952699,0
-5.927667,33,8436.799812,-100.0,-0.6653938398495625,0
-5.709817,33,8437.369888,-100.0,-0.7596316009702705,0
-5.662866,33,8437.91449,-100.0,-0.7461679997945305,0
-5.731682,34,8438.495212,-100.0,-0.7811524281332137,0
-5.360895,32,8439.028256,-100.0,-0.8189247952800909,0
-5.408282,32,8439.573497,-100.0,-0.7866593870941005,0
-5.886384,37,8440.207182,-100.0,-0.6810945130790929,0
-5.783987,33,8440.768966,-100.0,-0.7614881108018632,0
-5.549635,33,8441.323907,-100.0,-0.7505144777383131,0
-6.142414,34,8441.89905,-100.0,-0.7133158496258173,0
-6.090977,33,8442.436354,-100.0,-0.7265777574662365,0
-5.25865,33,8442.99998,-100.0,-0.793250713908767,0
-5.944413,33,8443.556092,-100.0,-0.6818815859336399,0
-5.917646,34,8444.130093,-100.0,-0.6844362340383358,0
-5.710085,39,8444.792375,-100.0,-0.7845151580785081,0
-5.695805,33,8445.34502,-100.0,-0.7121675049585446,0
-5.823557,32,8445.893973,-100.0,-0.799017645320278,0
-5.841408,34,8446.458246,-100.0,-0.7438762577929966,0
-6.125896,37,8447.095404,-100.0,-0.6286342384191463,0
-5.434216,37,8447.726492,-100.0,-0.8183693560768713,0
-5.707085,32,8448.271587,-100.0,-0.8410066171371358,0
-5.846931,38,8448.905827,-100.0,-0.8535502602031305,0
-5.798916,33,8449.467842,-100.0,-0.6707680212253058,0
-5.561688,33,8567.480956,-100.0,-0.806347811892704,0
-6.079754,35,8568.080799,-100.0,-0.6402440300929174,0
-5.613226,34,8568.649753,-100.0,-0.7219146151648222,0
-5.625091,33,8569.205105,-100.0,-0.8543027939757812,0
-5.440464,32,8569.757404,-100.0,-0.7923909632893772,0
-5.891245,33,8570.311456,-100.0,-0.6795381124258633,0
-5.595206,33,8570.86476,-100.0,-0.7932211391596944,0
-5.984288,37,8571.491625,-100.0,-0.6962703922665083,0
-5.706944,32,8572.030096,-100.0,-0.7865586185137194,0
-5.627408,34,8572.601321,-100.0,-0.7429756835470592,0
-5.520383,32,8573.150703,-100.0,-0.8325503773446407,0
-6.191161,34,8573.723953,-100.0,-0.68626887554702,0
-5.861558,33,8574.27254,-100.0,-0.694564191198991,0
-5.912906,34,8574.848402,-100.0,-0.6856490218001318,0
-5.630649,33,8575.406673,-100.0,-0.6916777926332259,0
-5.621539,33,8575.964002,-100.0,-0.7488058483838745,0
-5.422715,36,8576.592353,-100.0,-0.8715841655977933,0
-5.560286,39,8577.248928,-100.0,-0.8312700546002108,0
-5.882544,38,8577.8953,-100.0,-0.7165407740302868,0
-5.753325,34,8578.481093,-100.0,-0.7830408204380181,0
-5.486167,33,8579.045508,-100.0,-0.8026885432880417,0
-5.945573,33,8579.602111,-100.0,-0.6921319147248349,0
-5.613372,34,8580.176211,-100.0,-0.7102151550111925,0
-5.74122,35,8580.779027,-100.0,-0.7615093527089031,0
-5.808936,32,8581.322617,-100.0,-0.7280577151818963,0
-5.644923,34,8581.898484,-100.0,-0.6680875156108468,0
-5.691896,33,8582.450174,-100.0,-0.7226500134039472,0
-5.371588,32,8582.994613,-100.0,-0.8349801928553875,0
-5.69715,33,8583.550873,-100.0,-0.7247383685671724,0
-5.653922,33,8584.113673,-100.0,-0.6817909738519586,0
-6.120531,33,8584.675433,-100.0,-0.6364353970025859,0
-5.523129,33,8585.22924,-100.0,-0.7783758950613208,0
-5.317762,32,8585.774999,-100.0,-0.8737257141274267,0
-5.74712,33,8586.342684,-100.0,-0.6544754019516956,0
-5.538771,32,8586.886679,-100.0,-0.7927648025395354,0
-5.78683,34,8587.466617,-100.0,-0.6837688253553055,0
-5.632426,39,8588.120574,-100.0,-0.7617440482482828,0
-5.915238,33,8588.671762,-100.0,-0.6931958338421176,0
-5.462625,32,8589.216622,-100.0,-0.8652429022699365,0
-5.412634,34,8589.796371,-100.0,-0.805931298325946,0
-5.835971,33,8590.353243,-100.0,-0.6819811111514862,0
-5.538244,32,8590.897052,-100.0,-0.7867623013990103,0
-5.461198,33,8591.460766,-100.0,-0.7259698120604056,0
-6.180043,35,8592.04244,-100.0,-0.6622409217920554,0
-5.813288,34,8592.625275,-100.0,-0.6505702801756583,0
-5.595395,33,8593.181678,-100.0,-0.7889286921693657,0
-5.890924,40,8593.866616,-100.0,-0.7323942450232779,0
-6.127089,33,8594.410931,-100.0,-0.7465876092434275,0
-5.692211,34,8594.984519,-100.0,-0.7003631639956766,0
-5.489743,34,8595.558219,-100.0,-0.7498779795185725,0
-5.434835,33,8596.12884,-100.0,-0.8443219758897181,0
-5.673416,34,8596.708657,-100.0,-0.7291766769393626,0
-5.434816,33,8597.277107,-100.0,-0.8644789158462077,0
-5.521131,32,8597.813346,-100.0,-0.8589685902593622,0
-5.521537,32,8598.362512,-100.0,-0.7941285367289784,0
-5.461297,33,8598.918726,-100.0,-0.9009765507153149,0
-5.825544,34,8599.492871,-100.0,-0.6523480816408759,0
-5.941133,33,8600.060026,-100.0,-0.6789674415945138,0
-5.72928,33,8600.616698,-100.0,-0.7345542036221656,0
-5.79565,35,8601.407392,-100.0,-0.6639308502804108,0
-5.770082,33,8601.97381,-100.0,-0.6772175328995788,0
-6.105871,33,8717.673316,-100.0,-0.7218487913911243,0
-5.691779,35,8718.267365,-100.0,-0.6515674502405111,0
-5.472757,32,8718.822399,-100.0,-0.8454766492003681,0
-5.942275,40,8719.485743,-100.0,-0.7952698657007231,0
-5.930506,35,8720.084493,-100.0,-0.6546311934020609,0
-5.621959,40,8720.758939,-100.0,-0.7950181909336639,0
-5.489738,33,8721.325053,-100.0,-0.8283351590358515,0
-5.551728,34,8721.906333,-100.0,-0.7485868583454597,0
-5.587765,33,8722.459667,-100.0,-0.7720543853617313,0
-6.019646,41,8723.161918,-100.0,-0.6968421001328217,0
-5.482766,32,8723.715409,-100.0,-0.863597325585983,0
-5.419764,33,8724.281696,-100.0,-0.7574675290442099,0
-5.715488,33,8724.825514,-100.0,-0.7938179642304735,0
-5.744784,33,8725.400463,-100.0,-0.730257722516988,0
-5.969715,34,8725.958396,-100.0,-0.7081726496180858,0
-5.884764,34,8726.539299,-100.0,-0.6541499993405526,0
-5.571958,34,8727.12403,-100.0,-0.7826439410408299,0
-6.02658,41,8727.822769,-100.0,-0.7346085937290633,0
-5.558493,33,8728.391357,-100.0,-0.7818030638431984,0
-5.782186,36,8728.99589,-100.0,-0.7274464223414197,0
-5.435623,33,8729.562938,-100.0,-0.8276567436367015,0
-5.649543,34,8730.138769,-100.0,-0.6910023596305609,0
-5.863662,33,8730.698788,-100.0,-0.7044484555441004,0
-5.438287,33,8731.254097,-100.0,-0.8062416656194962,0
-5.353564,33,8731.810419,-100.0,-0.7917124865757545,0
-5.628854,33,8732.36589,-100.0,-0.7703414168064229,0
-5.9488,33,8732.930489,-100.0,-0.6637512746319401,0
-5.990007,36,8733.543091,-100.0,-0.8116821594677884,0
-5.384533,33,8734.101363,-100.0,-0.7879153569294112,0
-5.947576,36,8734.707889,-100.0,-0.6491964520833928,0
-5.720601,34,8735.285067,-100.0,-0.6184542639662807,0
-5.855945,33,8735.847585,-100.0,-0.6671228355817055,0
-5.804855,38,8736.499737,-100.0,-0.8081930347514343,0
-5.442169,33,8737.069468,-100.0,-0.8482951728798152,0
-5.908818,35,8737.660962,-100.0,-0.7473919104302673,0
-5.97442,33,8738.226535,-100.0,-0.6613769736471968,0
-5.998711,35,8738.817171,-100.0,-0.667254828463823,0
-5.501885,33,8739.377128,-100.0,-0.8294005164746207,0
-5.762215,36,8739.987347,-100.0,-0.7463064399155962,0
-5.668986,33,8740.550362,-100.0,-0.6839322103542558,0
-5.630939,32,8741.083737,-100.0,-0.7327257646509551,0
-5.630027,32,8741.631541,-100.0,-0.8477182957655635,0
-5.34538,33,8742.193983,-100.0,-0.8331713090336385,0
-5.883084,34,8742.771473,-100.0,-0.7198083420544477,0
-5.390511,34,8743.343529,-100.0,-0.8487976611823723,0
-5.630336,33,8743.899007,-100.0,-0.6620248573629496,0
-5.564273,33,8744.468867,-100.0,-0.6639757724375683,0
-5.711769,34,8745.040623,-100.0,-0.757539941118404,0
-5.670314,33,8745.602751,-100.0,-0.8005953273887559,0
-6.262105,35,8746.180218,-100.0,-0.6497000643339955,0
-6.050428,33,8746.747813,-100.0,-0.6822762417068974,0
-5.575541,33,8747.309938,-100.0,-0.8026330714344752,0
-5.816898,33,8747.868943,-100.0,-0.6447757800429983,0
-5.848207,40,8748.552017,-100.0,-0.747152135092356,0
-5.566509,33,8749.108764,-100.0,-0.7943358385136806,0
-5.888872,34,8749.686771,-100.0,-0.6673446707176677,0
-5.823952,34,8750.260669,-100.0,-0.6872976185647536,0
-5.747931,34,8750.844245,-100.0,-0.7318430216087725,0
-5.320489,32,8751.384077,-100.0,-0.8309386322667,0
-5.447531,33,8751.943968,-100.0,-0.8835022703215069,0
-5.514757,39,8869.997711,-100.0,-0.7553717349280755,0
-5.557684,33,8870.562939,-100.0,-0.6902438442200456,0
-5.690426,33,8871.134653,-100.0,-0.8079676506091773,0
-5.416708,32,8871.674019,-100.0,-0.7727012883262556,0
-5.348906,32,8872.225068,-100.0,-0.8163168983382677,0
-5.575166,33,8872.781526,-100.0,-0.776155351741592,0
-5.32973,32,8873.330416,-100.0,-0.8392030586644302,0
-5.792139,34,8873.905142,-100.0,-0.7351184337463189,0
-5.519556,34,8874.490438,-100.0,-0.7918219243081304,0
-5.895948,33,8875.044282,-100.0,-0.6619584799335169,0
-5.755386,34,8875.634107,-100.0,-0.6990118276677619,0
-5.692827,32,8876.186297,-100.0,-0.7851201162762524,0
-5.718688,33,8876.744557,-100.0,-0.8223226552067624,0
-5.65267,33,8877.309017,-100.0,-0.790928503600683,0
-5.456549,32,8877.849629,-100.0,-0.7517143283668885,0
-5.878182,33,8878.420139,-100.0,-0.767112805891931,0
-6.016824,36,8879.025831,-100.0,-0.6924683395292749,0
-5.52986,33,8879.585883,-100.0,-0.797345431584098,0
-5.515846,34,8880.159007,-100.0,-0.7492171015491865,0
-5.894883,34,8880.74871,-100.0,-0.6945011440265229,0
-5.5203,33,8881.306434,-100.0,-0.7652088344579877,0
-5.613531,34,8881.881274,-100.0,-0.7441780712535131,0
-5.559914,33,8882.443255,-100.0,-0.7735736601793333,0
-6.306221,36,8883.062418,-100.0,-0.7052730474550281,0
-5.89106,33,8883.627118,-100.0,-0.6799668348237299,0
-5.377916,32,8884.172813,-100.0,-0.7676659500963491,0
-5.652461,32,8884.719748,-100.0,-0.7519496096166304,0
-5.402542,33,8885.28316,-100.0,-0.8022733124366088,0
-5.827014,33,8885.853687,-100.0,-0.6605878393195137,0
-5.645409,32,8886.390507,-100.0,-0.803797393385482,0
-5.904397,33,8886.954446,-100.0,-0.6807104936179302,0
-5.772931,34,8887.528315,-100.0,-0.6769140176030343,0
-6.740299,36,8888.148425,-100.0,-0.6063408840191006,0
-6.442056,36,8888.764621,-100.0,-0.7870257016121619,0
-5.863603,41,8889.439258,-100.0,-0.695519798112397,0
-5.633347,34,8890.028414,-100.0,-0.6637793412735771,0
-5.351893,33,8890.580579,-100.0,-0.8092224774136867,0
-5.657263,35,8891.174962,-100.0,-0.8257684369792234,0
-6.01375,38,8891.818721,-100.0,-0.7478850907044924,0
-5.638565,42,8892.534168,-100.0,-0.8155650731373408,0
-5.24402,33,8893.097362,-100.0,-0.8235130428422253,0
-5.544721,32,8893.634401,-100.0,-0.8584627350096552,0
-5.65414,34,8894.212622,-100.0,-0.7065465320983623,0
-5.827518,33,8894.779727,-100.0,-0.6598042639103924,0
-5.773703,34,8895.346631,-100.0,-0.7275028478091183,0
-6.115242,34,8895.932782,-100.0,-0.6609326945477988,0
-5.624472,34,8896.502375,-100.0,-0.7350682864774217,0
-5.766004,34,8897.087358,-100.0,-0.7988879400659651,0
-5.593496,33,8897.634985,-100.0,-0.7907224718503519,0
-5.555848,33,8898.203386,-100.0,-0.7446919417879553,0
-5.401572,32,8898.741069,-100.0,-0.8860978404080476,0
-5.630977,33,8899.309431,-100.0,-0.7286427579749583,0
-5.729998,34,8899.882828,-100.0,-0.6969945161819732,0
-5.458231,32,8900.417943,-100.0,-0.7982173359528483,0
-6.002769,38,8901.079004,-100.0,-0.7182493628609437,0
-5.645135,39,8901.752601,-100.0,-0.8927778540241341,0
-5.691324,35,8902.338594,-100.0,-0.7061215625320528,0
-5.611158,34,8902.92618,-100.0,-0.6543057183330231,0
-5.956191,35,8903.518086,-100.0,-0.663443293729375,0
-5.617683,33,8904.064962,-100.0,-0.7855366380050918,0
-5.725725,33,9019.198596,-100.0,-0.7776202115588773,0
-5.98493,33,9019.76079,-100.0,-0.6659955774292667,0
-5.817707,33,9020.323986,-100.0,-0.7703271195193564,0
-5.694117,33,9020.888373,-100.0,-0.6830607672613989,0
-5.968169,32,9021.431609,-100.0,-0.7053572824549642,0
-5.991997,36,9022.040445,-100.0,-0.7188001760931942,0
-6.122409,33,9022.592057,-100.0,-0.6449854923310682,0
-5.408817,34,9023.172178,-100.0,-0.8021029650659321,0
-5.692203,33,9023.723419,-100.0,-0.7770216806168805,0
-5.349924,32,9024.267378,-100.0,-0.8267473106538258,0
-5.523664,34,9024.845989,-100.0,-0.7603388092450376,0
-5.243534,37,9025.489921,-100.0,-0.8279542822436821,0
-5.552578,34,9026.070796,-100.0,-0.678619432280978,0
-5.662065,33,9026.638479,-100.0,-0.7577625196692833,0
-6.017893,33,9027.199468,-100.0,-0.6929149529345583,0
-5.35498,33,9027.756676,-100.0,-0.8091488547914615,0
-5.244809,32,9028.29586,-100.0,-0.9084001211973384,0
-5.462055,32,9028.831825,-100.0,-0.8627562483025254,0
-5.438139,33,9029.384693,-100.0,-0.6466255081477685,0
-5.834049,35,9029.97227,-100.0,-0.7485322519965566,0
-5.391122,34,9030.546948,-100.0,-0.8400197448061125,0
-5.31208,32,9031.095277,-100.0,-0.8363671925198668,0
-5.335413,32,9031.636867,-100.0,-0.8836557570404763,0
-5.649552,33,9032.198942,-100.0,-0.7341411170500085,0
-5.345974,37,9032.817104,-100.0,-0.8492310044533097,0
-5.873422,34,9033.40124,-100.0,-0.6417261467799652,0
-5.505237,33,9033.967383,-100.0,-0.8719348785513391,0
-5.508209,33,9034.520253,-100.0,-0.8202604578058522,0
-5.816173,35,9035.136246,-100.0,-0.7302636271327998,0
-5.91198,33,9035.701852,-100.0,-0.674688337779647,0
-5.247334,32,9036.232531,-100.0,-0.8890432489019666,0
-5.619258,33,9036.801861,-100.0,-0.7565095141922433,0
-5.54705,34,9037.376082,-100.0,-0.74824576952916,0
-5.590414,35,9037.97965,-100.0,-0.738703203227872,0
-5.777565,33,9038.54327,-100.0,-0.7320225177778654,0
-5.640953,34,9039.11773,-100.0,-0.7363064791237147,0
-5.281016,32,9039.670999,-100.0,-0.8787762131847487,0
-6.247765,43,9040.380732,-100.0,-0.7329559202376815,0
-5.536957,33,9040.948517,-100.0,-0.8163318865530996,0
-5.401516,32,9041.487691,-100.0,-0.823512271678954,0
-5.431765,33,9042.05036,-100.0,-0.7714728054507642,0
-6.07351,33,9042.610406,-100.0,-0.6735438366585806,0
-6.342362,35,9043.208747,-100.0,-0.7328064943986204,0
-5.760926,32,9043.752968,-100.0,-0.7438332794171071,0
-5.344517,32,9044.298369,-100.0,-0.8587122822400848,0
-5.720619,38,9044.951561,-100.0,-0.7595692768142175,0
-5.700596,33,9045.496445,-100.0,-0.7290503059765364,0
-5.339744,33,9046.054123,-100.0,-0.8817385590421185,0
-5.79648,33,9046.618993,-100.0,-0.7087005870529989,0
-5.594338,34,9047.200448,-100.0,-0.7613479883410201,0
-5.668626,33,9047.755076,-100.0,-0.7111457601412525,0
-5.340597,33,9048.318788,-100.0,-0.7405391535764722,0
-5.216806,32,9048.864706,-100.0,-0.8721021310039014,0
-5.627523,37,9049.695515,-100.0,-0.8029289145477992,0
-5.161176,33,9050.259364,-100.0,-0.885781200006515,0
-5.200784,36,9050.865902,-100.0,-0.838600692648702,0
-5.599464,34,9051.449674,-100.0,-0.8039132417527219,0
-5.472536,32,9051.983822,-100.0,-0.8603346556953619,0
-5.50899,32,9052.52915,-100.0,-0.806125361203268,0
-5.653174,33,9053.085821,-100.0,-0.7003129216396254,0
-6.034998,34,9053.654682,-100.0,-0.68861546995052,0
-5.395627,37,9171.13504,-100.0,-0.7784011505419353,0
-6.155068,33,9171.701304,-100.0,-0.6866937593373782,0
-5.631671,33,9172.271972,-100.0,-0.7908258643314302,0
-5.332867,34,9172.853392,-100.0,-0.8034931132743361,0
-5.459323,33,9173.419066,-100.0,-0.7781428778422754,0
-5.78647,33,9173.973368,-100.0,-0.7102746124305057,0
-5.668309,33,9174.546795,-100.0,-0.7316197580516958,0
-5.956528,33,9175.101194,-100.0,-0.7397641891966453,0
-5.532185,34,9175.685274,-100.0,-0.769019519626968,0
-5.967714,34,9176.256463,-100.0,-0.6632017564803594,0
-5.574469,32,9176.814661,-100.0,-0.8017926824794309,0
-6.265052,35,9177.415009,-100.0,-0.666023175899914,0
-5.566346,33,9177.969212,-100.0,-0.7798284493206501,0
-5.560496,33,9178.537861,-100.0,-0.7794172680445859,0
-5.59041,33,9179.102367,-100.0,-0.7785422538824788,0
-5.267625,34,9179.685372,-100.0,-0.8612578120433216,0
-5.407763,33,9180.23717,-100.0,-0.8078033728529023,0
-5.732594,34,9180.819527,-100.0,-0.7295664731316117,0
-5.486382,34,9181.397284,-100.0,-0.7362831588570621,0
-5.742929,33,9181.95361,-100.0,-0.7113231783474055,0
-5.358595,33,9182.521609,-100.0,-0.8321282912618894,0
-5.56247,35,9183.112134,-100.0,-0.8138891676132458,0
-5.556651,33,9183.685069,-100.0,-0.8021344553907256,0
-5.347357,32,9184.232815,-100.0,-0.8535102961422107,0
-5.603029,34,9184.813656,-100.0,-0.7459153385885041,0
-5.801162,33,9185.378241,-100.0,-0.6771673776297261,0
-5.261489,32,9185.918662,-100.0,-0.8399787875134523,0
-5.595815,33,9186.484143,-100.0,-0.8052709667072432,0
-6.06786,33,9187.047592,-100.0,-0.7110460077171369,0
-5.901504,34,9187.631292,-100.0,-0.6683360543250142,0
-5.740735,34,9188.214786,-100.0,-0.6730307712630034,0
-5.013041,32,9188.757017,-100.0,-0.868845774865308,0
-5.996106,34,9189.339095,-100.0,-0.6351018369609358,0
-5.406382,33,9189.902319,-100.0,-0.7847266994266631,0
-5.494631,33,9190.472194,-100.0,-0.7220413275293002,0
-5.504659,33,9191.037141,-100.0,-0.8461547855954289,0
-5.577823,33,9191.609694,-100.0,-0.7848850630830568,0
-5.415774,33,9192.174361,-100.0,-0.8172698672360021,0
-5.880167,34,9192.758797,-100.0,-0.6819589312769035,0
-5.356386,33,9193.32233,-100.0,-0.7744835281273054,0
-5.335488,32,9193.871204,-100.0,-0.7813565996025099,0
-5.760093,33,9194.425188,-100.0,-0.7446674837345921,0
-5.333914,32,9194.96683,-100.0,-0.886549331893111,0
-5.496441,33,9195.522211,-100.0,-0.8181861161263723,0
-5.649232,33,9196.091968,-100.0,-0.6773323751561628,0
-5.69318,34,9196.660649,-100.0,-0.6852248813928019,0
-5.6365,33,9197.239876,-100.0,-0.67498074827081,0
-5.588466,33,9197.804201,-100.0,-0.751823475828071,0
-5.758998,35,9198.387867,-100.0,-0.7270996192794422,0
-5.29442,34,9198.9675,-100.0,-0.8216880346119995,0
-5.772795,33,9199.531276,-100.0,-0.6612740870349924,0
-5.74472,33,9200.088946,-100.0,-0.7719821978713671,0
-5.682859,36,9200.700868,-100.0,-0.7006112420512014,0
-5.443311,33,9201.26481,-100.0,-0.775532545930271,0
-5.527718,33,9201.829829,-100.0,-0.7440154297046324,0
-5.47263,33,9202.40076,-100.0,-0.8066454188418943,0
-5.642228,35,9202.996799,-100.0,-0.8126772586192846,0
-5.676645,39,9203.671106,-100.0,-0.7668874684986606,0
-5.678275,34,9204.262137,-100.0,-0.7330631240897297,0
-5.662515,33,9204.820088,-100.0,-0.6478140542069369,0
-5.938179,33,9205.379673,-100.0,-0.693136077540445,0
-5.906702,34,9322.972088,-100.0,-0.6887721335126942,0
-5.671908,33,9323.54787,-100.0,-0.7845646877347118,0
-5.79414,32,9324.087681,-100.0,-0.781484060915602,0
-5.394835,32,9324.631098,-100.0,-0.8442890738102162,0
-5.322856,33,9325.198598,-100.0,-0.7572764249653267,0
-5.824681,33,9325.756639,-100.0,-0.6699055570539539,0
-5.268787,34,9326.340824,-100.0,-0.8017238832822267,0
-5.525941,33,9326.898488,-100.0,-0.7593947641141513,0
-5.700437,33,9327.468744,-100.0,-0.6975979006865441,0
-5.291651,33,9328.041018,-100.0,-0.8681982538397056,0
-6.066319,34,9328.626388,-100.0,-0.6123198826684345,0
-5.704882,33,9329.186163,-100.0,-0.6961301351370254,0
-6.769083,58,9330.186596,-100.0,-0.7611746076067317,0
-5.732196,34,9330.76416,-100.0,-0.7670384811930147,0
-5.497497,33,9331.320597,-100.0,-0.7022055570056357,0
-5.621797,33,9331.890675,-100.0,-0.7240321418791096,0
-5.831107,34,9332.460067,-100.0,-0.6768730460672141,0
-5.817875,35,9333.073611,-100.0,-0.7420475647516184,0
-5.552198,34,9333.666487,-100.0,-0.7937936152036135,0
-5.528625,33,9334.224117,-100.0,-0.7999225393530538,0
-5.842203,33,9334.788379,-100.0,-0.7177419715300886,0
-5.439027,34,9335.361216,-100.0,-0.7883959988453207,0
-5.349463,33,9335.925163,-100.0,-0.8637696364957728,0
-5.276925,33,9336.488814,-100.0,-0.8332136551049089,0
-5.789483,37,9337.124373,-100.0,-0.6933797309389861,0
-5.399268,32,9337.662371,-100.0,-0.8240484363057611,0
-5.668836,33,9338.228506,-100.0,-0.6997825456811071,0
-6.336273,36,9338.833881,-100.0,-0.6382694478111436,0
-5.850893,33,9339.401942,-100.0,-0.6546845312506351,0
-5.775196,33,9339.956363,-100.0,-0.7036915525585068,0
-5.670874,33,9340.531394,-100.0,-0.751434510269793,0
-5.519351,34,9341.116435,-100.0,-0.7441997753894323,0
-5.763289,34,9341.688885,-100.0,-0.7532055055174892,0
-5.563528,33,9342.2544,-100.0,-0.7930253342956114,0
-5.285915,33,9342.824928,-100.0,-0.793782181423472,0
-6.026442,34,9343.415468,-100.0,-0.6881644933076548,0
-5.522681,33,9343.983982,-100.0,-0.7668851679527686,0
-5.601013,34,9344.562633,-100.0,-0.6714114571904432,0
-5.657608,34,9345.139739,-100.0,-0.7295370437006006,0
-5.556498,36,9345.751914,-100.0,-0.8334009765898339,0
-5.840502,36,9346.361378,-100.0,-0.6975855778656354,0
-5.580731,33,9346.933105,-100.0,-0.7158395445420084,0
-5.77401,39,9347.595135,-100.0,-0.6974847992746304,0
-5.45888,34,9348.183426,-100.0,-0.7282659117168926,0
-6.051013,35,9348.778852,-100.0,-0.6664464044209438,0
-6.302042,36,9349.401712,-100.0,-0.6677706910184532,0
-5.641935,33,9349.966549,-100.0,-0.8225747633444199,0
-5.182396,33,9350.523223,-100.0,-0.7908836483393458,0
-5.410574,33,9351.078228,-100.0,-0.8070660557414229,0
-5.427477,33,9351.64031,-100.0,-0.7032849408996233,0
-6.137592,35,9352.238444,-100.0,-0.6557461650019231,0
-5.944212,34,9352.81454,-100.0,-0.6824137292561814,0
-5.888078,36,9353.438927,-100.0,-0.7296779424705996,0
-5.696449,34,9354.020618,-100.0,-0.6977598235857364,0
-5.650646,34,9354.609938,-100.0,-0.7580806165723308,0
-5.386943,33,9355.178188,-100.0,-0.7389262159914082,0
-5.342717,38,9355.826807,-100.0,-0.8031627793479091,0
-5.617096,38,9356.473894,-100.0,-0.7925420652879102,0
-5.893141,34,9357.054703,-100.0,-0.6631928327021273,0
-5.81581,33,9357.619553,-100.0,-0.6992749884786184,0
-5.60717,33,9473.077284,-100.0,-0.682166568519445,0
-5.771056,33,9473.629297,-100.0,-0.7253063344401914,0
-5.391027,33,9474.195693,-100.0,-0.8164452809475913,0
-5.490466,32,9474.74609,-100.0,-0.8674462525757131,0
-5.803627,33,9475.31316,-100.0,-0.6663368244592985,0
-5.371463,33,9475.879763,-100.0,-0.7769007454156555,0
-5.41398,32,9476.427893,-100.0,-0.8112703969681333,0
-6.070097,34,9477.007691,-100.0,-0.685634992069907,0
-5.643245,33,9477.571418,-100.0,-0.7359330047684185,0
-5.644071,32,9478.116297,-100.0,-0.7912865116855535,0
-6.03349,34,9478.701706,-100.0,-0.7228637194549403,0
-5.514534,32,9479.241905,-100.0,-0.7905898252963226,0
-5.794633,33,9479.80858,-100.0,-0.6970185266311645,0
-5.805571,33,9480.373455,-100.0,-0.6920823650175639,0
-5.440046,33,9480.93779,-100.0,-0.8337163969754673,0
-5.952552,34,9481.523981,-100.0,-0.7311753636206638,0
-5.6504,33,9482.081232,-100.0,-0.711838982027967,0
-5.746167,33,9482.642416,-100.0,-0.739933482144124,0
-5.263624,32,9483.188247,-100.0,-0.854613915531598,0
-5.63376,32,9483.730617,-100.0,-0.7948442152109286,0
-6.000719,34,9484.321267,-100.0,-0.6875903973114431,0
-5.613125,34,9484.893871,-100.0,-0.7788018627193563,0
-5.755647,34,9485.480211,-100.0,-0.6545362398055311,0
-5.618346,33,9486.047782,-100.0,-0.7189761539536996,0
-5.710508,33,9486.598925,-100.0,-0.7201869635382554,0
-5.884684,33,9487.16083,-100.0,-0.7165640947539105,0
-5.640341,33,9487.720977,-100.0,-0.7247933513998095,0
-5.433317,33,9488.274707,-100.0,-0.7330100539589348,0
-5.54076,32,9488.813622,-100.0,-0.8590199051736144,0
-5.83645,33,9489.381352,-100.0,-0.6967231811465994,0
-5.656512,37,9490.028695,-100.0,-0.6842120241583588,0
-5.902555,39,9490.678523,-100.0,-0.7056408548852133,0
-5.493941,32,9491.22801,-100.0,-0.8464832361865422,0
-5.679629,33,9491.796921,-100.0,-0.7337220432077062,0
-5.409582,33,9492.3628,-100.0,-0.7608113518801434,0
-5.69161,33,9492.93191,-100.0,-0.7102516868048672,0
-5.347201,32,9493.477762,-100.0,-0.933357274004231,0
-5.392074,33,9494.054662,-100.0,-0.7756994326090528,0
-5.720242,33,9494.611785,-100.0,-0.7268463942878598,0
-5.496418,32,9495.166334,-100.0,-0.860697051585885,0
-5.736591,32,9495.71106,-100.0,-0.7727195149415873,0
-5.374366,33,9496.268647,-100.0,-0.837133983007187,0
-5.312374,33,9496.825311,-100.0,-0.8255701332389359,0
-5.630783,33,9497.376562,-100.0,-0.7725185851491446,0
-5.788627,33,9498.140181,-100.0,-0.7120026902268111,0
-5.814155,41,9498.850235,-100.0,-0.7037935543598229,0
-5.627249,33,9499.413692,-100.0,-0.6783334530510744,0
-5.208962,33,9499.977877,-100.0,-0.8091440606939141,0
-5.689715,33,9500.545661,-100.0,-0.6813805527235027,0
-5.950843,33,9501.117409,-100.0,-0.6546705800037196,0
-5.523702,34,9501.688124,-100.0,-0.7774659575118814,0
-5.725906,33,9502.242893,-100.0,-0.7370254896299073,0
-5.263122,33,9502.815872,-100.0,-0.8252925474599915,0
-6.206329,38,9503.454054,-100.0,-0.6900364888497896,0
-6.416124,36,9504.068613,-100.0,-0.6503209410544053,0
-5.42488,33,9504.637876,-100.0,-0.8395029038623744,0
-5.611363,33,9505.197835,-100.0,-0.7855276899858159,0
-5.46787,40,9505.866446,-100.0,-0.8563729117967329,0
-5.388159,32,9506.424582,-100.0,-0.7916041188989837,0
-5.561017,38,9507.063436,-100.0,-0.7814686185363529,0
-5.673618,33,9507.631228,-100.0,-0.7135748661094942,0
-5.454859,32,9624.432938,-100.0,-0.7957477973885998,0
-5.697971,33,9624.995136,-100.0,-0.6851418839132206,0
-5.81841,35,9625.599313,-100.0,-0.6718837736354653,0
-5.507058,33,9626.161579,-100.0,-0.8135604382302855,0
-5.986937,38,9626.81466,-100.0,-0.7149188981045633,0
-5.320879,32,9627.362663,-100.0,-0.9117867250746553,0
-5.692377,33,9627.926041,-100.0,-0.7316770091332325,0
-5.52661,33,9628.495701,-100.0,-0.7824777504890179,0
-5.406527,37,9629.114551,-100.0,-0.7716091068667618,0
-5.79069,33,9629.682986,-100.0,-0.7458191391668029,0
-5.358479,33,9630.247645,-100.0,-0.7607075369311213,0
-5.561192,33,9630.815286,-100.0,-0.7758970643091445,0
-5.447003,33,9631.372171,-100.0,-0.8351888247501168,0
-5.621678,33,9631.941034,-100.0,-0.8217191108700425,0
-5.84821,33,9632.496811,-100.0,-0.6700161553134187,0
-5.678176,33,9633.069162,-100.0,-0.7931436677888287,0
-5.295505,32,9633.616457,-100.0,-0.8124426660823425,0
-5.313442,32,9634.16159,-100.0,-0.8944950414964016,0
-5.582969,33,9634.720298,-100.0,-0.8175815305428432,0
-5.630673,32,9635.272459,-100.0,-0.8105158551114238,0
-6.004424,32,9635.815691,-100.0,-0.7367538333798308,0
-5.714425,33,9636.380891,-100.0,-0.6697967336901322,0
-6.171868,35,9636.986043,-100.0,-0.6592832468623439,0
-5.450437,32,9637.523799,-100.0,-0.7818459616022341,0
-5.546282,33,9638.078325,-100.0,-0.7450355536126524,0
-5.373114,32,9638.632987,-100.0,-0.8392112381486952,0
-5.558736,34,9639.219364,-100.0,-0.7729022544194387,0
-5.764942,34,9639.79947,-100.0,-0.7305041065870915,0
-5.840083,33,9640.363555,-100.0,-0.7083197511685222,0
-5.856251,34,9640.938984,-100.0,-0.7007972092727615,0
-5.872186,38,9641.599989,-100.0,-0.6987555255538621,0
-5.506978,32,9642.131788,-100.0,-0.7883184096652545,0
-5.479707,33,9642.700724,-100.0,-0.8025460887350998,0
-5.761038,34,9643.278341,-100.0,-0.6778798918253046,0
-5.822434,33,9643.836883,-100.0,-0.6876424727909556,0
-5.642753,37,9644.477672,-100.0,-0.7652185809250573,0
-5.58073,33,9645.032075,-100.0,-0.781458348598709,0
-5.82567,33,9645.595169,-100.0,-0.6587574291556011,0
-5.141218,33,9646.161244,-100.0,-0.8488593878582344,0
-5.324167,33,9646.720179,-100.0,-0.728055344034581,0
-5.907524,33,9647.289483,-100.0,-0.6791020743978267,0
-5.588892,32,9647.824733,-100.0,-0.7763036060020226,0
-5.471601,33,9648.386274,-100.0,-0.859089515432238,0
-5.639669,33,9648.947345,-100.0,-0.6844111840818968,0
-5.822726,34,9649.527726,-100.0,-0.7413993662184807,0
-5.350027,32,9650.074737,-100.0,-0.8059710784106802,0
-5.477509,32,9650.630715,-100.0,-0.8025266147337318,0
-5.781955,33,9651.188954,-100.0,-0.6814282426506841,0
-5.830213,34,9651.769046,-100.0,-0.7508436315945347,0
-5.192425,32,9652.320446,-100.0,-0.8917568575222304,0
-5.811141,33,9652.883899,-100.0,-0.7093226614039049,0
-5.704649,33,9653.441791,-100.0,-0.6950952943098822,0
-5.644333,34,9654.026827,-100.0,-0.7370774127225621,0
-5.901102,34,9654.613928,-100.0,-0.6769096644090346,0
-5.217711,32,9655.155498,-100.0,-0.879287042842151,0
-5.382334,32,9655.698981,-100.0,-0.8050769537720023,0
-6.229328,35,9656.291064,-100.0,-0.6764240798596957,0
-5.390928,33,9656.857065,-100.0,-0.7196486896320802,0
-5.683721,38,9657.502487,-100.0,-0.7246384358431202,0
-5.655589,34,9658.085909,-100.0,-0.7554475037230808,0
-5.594396,32,9658.638164,-100.0,-0.7955296302829357,0
-5.513769,34,9659.214684,-100.0,-0.6996092258829513,0
-5.621456,33,9773.985776,-100.0,-0.7565718468058344,0
-5.312433,33,9774.539523,-100.0,-0.7510489516426709,0
-5.710615,38,9775.203782,-100.0,-0.7992403924721784,0
-5.687206,34,9775.80143,-100.0,-0.6289809516598698,0
-5.741193,35,9776.388221,-100.0,-0.7468006840526555,0
-5.419223,37,9777.020808,-100.0,-0.8147078883978978,0
-5.855501,33,9777.57372,-100.0,-0.6650541814352401,0
-5.289129,32,9778.118826,-100.0,-0.8716823110683029,0
-16.90288,185,9781.274397,-100.0,-0.35453044460910305,0
-5.494416,34,9781.865483,-100.0,-0.6649881821608368,0
-5.704204,32,9782.410465,-100.0,-0.7579750592105059,0
-5.545339,37,9783.037192,-100.0,-0.7006843197712395,0
-5.389878,33,9783.608439,-100.0,-0.7465090303429407,0
-5.564452,40,9784.294106,-100.0,-0.7442308011013647,0
-6.082347,34,9784.879946,-100.0,-0.6871275864266746,0
-5.43633,33,9785.445163,-100.0,-0.8045804351581175,0
-5.493437,33,9785.992306,-100.0,-0.7512410084891356,0
-5.220981,32,9786.546136,-100.0,-0.8692882077894826,0
-5.698032,33,9787.105056,-100.0,-0.7369526891276046,0
-5.362215,33,9787.681761,-100.0,-0.7335888178198364,0
-5.11102,34,9788.267334,-100.0,-0.81796422913056,0
-5.843775,34,9788.853971,-100.0,-0.7158139399694116,0
-5.952915,33,9789.410629,-100.0,-0.6705907976079112,0
-5.482394,33,9789.971501,-100.0,-0.731139537071908,0
-5.979078,35,9790.578998,-100.0,-0.6464760710319591,0
-5.725033,34,9791.161371,-100.0,-0.7185828291322293,0
-5.805045,34,9791.746968,-100.0,-0.6805201265033576,0
-5.471982,39,9792.413348,-100.0,-0.7817396225688636,0
-5.505675,34,9792.994997,-100.0,-0.7168236324433748,0
-5.715943,35,9793.592872,-100.0,-0.6969996069668393,0
-5.493898,34,9794.175456,-100.0,-0.7708157266092175,0
-5.830553,33,9794.734487,-100.0,-0.6785221852222333,0
-5.741064,32,9795.284762,-100.0,-0.7869427315735446,0
-5.696163,33,9795.862785,-100.0,-0.7152297273566443,0
-5.72239,35,9796.459459,-100.0,-0.7030667656818544,0
-6.097284,34,9797.039558,-100.0,-0.7292019069214221,0
-5.220381,32,9797.589194,-100.0,-0.840495307119931,0
-5.77878,35,9798.185368,-100.0,-0.7245416404125986,0
-5.492371,33,9798.746002,-100.0,-0.726297638013169,0
-5.538451,35,9799.344305,-100.0,-0.690451052167885,0
-5.597606,34,9799.925454,-100.0,-0.7529549239117105,0
-5.768181,34,9800.503253,-100.0,-0.7136035222694764,0
-5.276543,33,9801.070215,-100.0,-0.7477999862288015,0
-5.582658,34,9801.642714,-100.0,-0.7944444987157624,0
-5.445002,33,9802.213942,-100.0,-0.8298118315940454,0
-5.564874,33,9802.787535,-100.0,-0.7251891715251939,0
-5.263686,32,9803.334134,-100.0,-0.8524861080664781,0
-5.263015,33,9803.905038,-100.0,-0.8012591436658184,0
-5.780258,34,9804.482396,-100.0,-0.6465715355759495,0
-5.29277,33,9805.053434,-100.0,-0.8250020760123621,0
-5.392478,33,9805.615102,-100.0,-0.7764321959207177,0
-5.352467,32,9806.166411,-100.0,-0.8342253710650156,0
-5.560089,33,9806.729503,-100.0,-0.7043919387038972,0
-5.644367,32,9807.286158,-100.0,-0.7219621120293107,0
-5.369601,33,9807.845774,-100.0,-0.788357581736422,0
-5.503701,32,9808.399191,-100.0,-0.8148958246406334,0
-5.74717,34,9925.200523,-100.0,-0.6356074256671654,0
-5.164675,33,9925.760006,-100.0,-0.8465933807744533,0
-5.312251,32,9926.314283,-100.0,-0.8037893281748285,0
-5.808892,34,9926.895127,-100.0,-0.6432984892761325,0
-5.527474,39,9927.555483,-100.0,-0.7405688249450796,0
-5.637961,34,9928.145443,-100.0,-0.7154240897659473,0
-5.485775,34,9928.722429,-100.0,-0.7427213798382367,0
-5.710334,33,9929.282469,-100.0,-0.666244030283216,0
-5.556396,32,9929.830413,-100.0,-0.7884032772789005,0
-5.752216,33,9930.402493,-100.0,-0.6709741047310687,0
-5.448263,33,9930.960393,-100.0,-0.7411799078186371,0
-5.307608,33,9931.532613,-100.0,-0.8191599480919801,0
-5.576867,33,9932.083256,-100.0,-0.7066870976561941,0
-5.656844,34,9932.674427,-100.0,-0.7168889930004128,0
-5.752877,34,9933.250455,-100.0,-0.7131199994506953,0
-5.643563,33,9933.819888,-100.0,-0.6660127732262359,0
-5.167482,33,9934.392006,-100.0,-0.8395328523409733,0
-5.686407,33,9934.954608,-100.0,-0.6647777647207966,0
-5.410897,33,9935.520431,-100.0,-0.7680329162445956,0
-6.010527,36,9936.134955,-100.0,-0.6681053132195492,0
-5.786081,35,9936.737866,-100.0,-0.7545411689113893,0
-5.755461,33,9937.290591,-100.0,-0.6207064781107693,0
-5.511899,33,9937.861255,-100.0,-0.6957931248069809,0
-5.246582,33,9938.427602,-100.0,-0.8160494288186534,0
-5.740393,33,9938.999382,-100.0,-0.693595837057725,0
-5.469107,33,9939.557854,-100.0,-0.7540174972184646,0
-5.481451,33,9940.130461,-100.0,-0.7182115312261883,0
-5.527295,33,9940.69016,-100.0,-0.7563941191915428,0
-5.547961,34,9941.273162,-100.0,-0.7275333848051193,0
-5.828785,34,9941.855766,-100.0,-0.6930455089451046,0
-5.508494,33,9942.42493,-100.0,-0.7082019103378082,0
-5.595118,34,9943.001498,-100.0,-0.7563032869549217,0
-5.569945,39,9943.67315,-100.0,-0.8823258461223957,0
-5.985687,34,9944.253451,-100.0,-0.6934829597868902,0
-5.55096,33,9945.024389,-100.0,-0.7689402596057762,0
-5.402719,33,9945.580564,-100.0,-0.7594102170075167,0
-5.647298,34,9946.164937,-100.0,-0.6390403861605572,0
-5.327342,33,9946.723292,-100.0,-0.8185574240995638,0
-5.650987,35,9947.322006,-100.0,-0.6673535874386423,0
-5.83332,33,9947.880774,-100.0,-0.6386494573130832,0
-5.645356,33,9948.454784,-100.0,-0.6556504459189877,0
-5.229968,33,9949.014026,-100.0,-0.8165069182522232,0
-5.948803,33,9949.579365,-100.0,-0.7010097617445588,0
-5.472769,33,9950.161156,-100.0,-0.7482449096849173,0
-6.008,35,9950.762619,-100.0,-0.7062241186090347,0
-5.459821,33,9951.326827,-100.0,-0.8098650953104135,0
-5.794836,34,9951.903769,-100.0,-0.6991449910324425,0
-5.688395,33,9952.475823,-100.0,-0.704584761226818,0
-5.618822,34,9953.054127,-100.0,-0.7045559568686969,0
-5.433115,32,9953.615206,-100.0,-0.7908327885013267,0
-5.438903,34,9954.193782,-100.0,-0.661199750878989,0
-5.28479,33,9954.753153,-100.0,-0.8139799248870704,0
-5.470955,33,9955.323757,-100.0,-0.7252138894965539,0
-6.00214,34,9955.900368,-100.0,-0.665115297728025,0
-5.930084,34,9956.484076,-100.0,-0.6662939658721596,0
-5.754325,39,9957.152485,-100.0,-0.7346120534459782,0
-5.288503,34,9957.732024,-100.0,-0.804714369120006,0
-5.758736,33,9958.302925,-100.0,-0.6723424142506896,0
-5.904206,33,9958.857779,-100.0,-0.7105199918245535,0
-5.547109,38,9959.492538,-100.0,-0.7566989389315467,0
-5.487855,33,10078.082872,-100.0,-0.7461731551409155,0
-5.196166,33,10078.647136,-100.0,-0.7856330054493004,0
-5.746065,34,10079.235474,-100.0,-0.6336646791583063,0
-5.45386,34,10079.806382,-100.0,-0.7469919037960145,0
-5.292413,32,10080.351818,-100.0,-0.8829406895098496,0
-5.340743,34,10080.930784,-100.0,-0.7602270578983067,0
-5.226,33,10081.49665,-100.0,-0.8002884851102648,0
-5.677692,33,10082.055978,-100.0,-0.782205523832658,0
-5.675855,34,10082.640773,-100.0,-0.691689124754808,0
-5.264164,32,10083.177369,-100.0,-0.8304863256849422,0
-5.66526,34,10083.763617,-100.0,-0.7166784690636918,0
-5.900297,34,10084.335077,-100.0,-0.649539511672239,0
-5.571206,33,10084.903165,-100.0,-0.6971341122148077,0
-5.532418,37,10085.52383,-100.0,-0.7513845250758626,0
-5.3045,34,10086.115018,-100.0,-0.7921805322019059,0
-5.302848,33,10086.678679,-100.0,-0.8070502735770004,0
-5.538985,33,10087.243607,-100.0,-0.679067386533921,0
-5.264309,32,10087.792608,-100.0,-0.7997369671881066,0
-5.555805,33,10088.348407,-100.0,-0.7262618185749616,0
-5.855723,34,10088.930901,-100.0,-0.6912161163928763,0
-5.379268,33,10089.490988,-100.0,-0.7738367590059582,0
-5.670455,48,10090.321972,-100.0,-0.77059691662029,0
-5.361351,39,10090.983369,-100.0,-0.8139028296600048,0
-5.897897,33,10091.550714,-100.0,-0.6721666053252622,0
-6.007842,49,10092.348482,-100.0,-0.6838472351106915,0
-5.708473,34,10092.91933,-100.0,-0.6902602609195747,0
-5.551802,33,10093.492418,-100.0,-0.7113677559202785,0
-5.194543,33,10094.06137,-100.0,-0.8464501585890563,0
-5.351583,32,10094.606232,-100.0,-0.726325782101237,0
-5.813293,34,10095.188492,-100.0,-0.6567138882179027,0
-5.874821,34,10095.770478,-100.0,-0.6325030076187893,0
-5.813507,36,10096.377504,-100.0,-0.6739060035297518,0
-5.128709,33,10096.944036,-100.0,-0.8311669342156001,0
-5.499684,35,10097.52277,-100.0,-0.7387407393183473,0
-5.619715,34,10098.104856,-100.0,-0.7088716228540084,0
-5.603059,34,10098.689159,-100.0,-0.7336509796129623,0
-5.408065,33,10099.258047,-100.0,-0.6930337794902686,0
-5.682105,34,10099.84559,-100.0,-0.7277343605834989,0
-5.544826,33,10100.40719,-100.0,-0.7763388111807781,0
-5.690759,33,10100.971526,-100.0,-0.6903217698101777,0
-5.989787,38,10101.620048,-100.0,-0.6139148088453867,0
-5.47531,33,10102.175629,-100.0,-0.7495003937537965,0
-5.376115,40,10102.869117,-100.0,-0.8077246345300944,0
-5.293194,33,10103.433429,-100.0,-0.7267920627616887,0
-5.317404,33,10103.985122,-100.0,-0.7621825798714847,0
-5.292035,38,10104.64367,-100.0,-0.7699485353571135,0
-5.650558,32,10105.188886,-100.0,-0.7227877376602463,0
-5.63769,34,10105.769498,-100.0,-0.6769950026234118,0
-5.299702,33,10106.334759,-100.0,-0.7939484789385025,0
-5.250609,32,10106.862487,-100.0,-0.8368476076094101,0
-5.336165,33,10107.430503,-100.0,-0.7357951511999561,0
-5.527934,33,10107.991349,-100.0,-0.7862341474506871,0
-5.491131,33,10108.56008,-100.0,-0.7518242980821997,0
-5.384289,34,10109.147831,-100.0,-0.7809199011850806,0
-5.638195,33,10109.703334,-100.0,-0.730575892507603,0
-6.555856,40,10110.394283,-100.0,-0.6625672670655526,0
-5.684845,34,10110.975326,-100.0,-0.6928819528931868,0
-5.789224,42,10111.70011,-100.0,-0.6859020656360766,0
-5.65932,34,10112.275592,-100.0,-0.6982623320852248,0
-5.715958,33,10112.849096,-100.0,-0.6724461136810842,0
-5.640322,33,10215.548863,-100.0,-0.7467816330493163,0
-6.081339,39,10216.205254,-100.0,-0.6975656280969863,0
-5.550087,33,10216.763079,-100.0,-0.8283818245001024,0
-5.667755,38,10217.415107,-100.0,-0.717046908240974,0
-5.792738,35,10218.007901,-100.0,-0.679529623161321,0
-5.676377,34,10218.591728,-100.0,-0.6998092242294863,0
-5.611562,34,10219.1696,-100.0,-0.6256211083782057,0
-5.637794,33,10219.741794,-100.0,-0.6848157925152009,0
-5.335206,34,10220.314607,-100.0,-0.7832998725147471,0
-5.369051,34,10220.898419,-100.0,-0.6774621199908347,0
-5.445964,33,10221.446202,-100.0,-0.7935904466629186,0
-5.35371,33,10222.01693,-100.0,-0.8126523260259286,0
-5.644815,33,10222.579912,-100.0,-0.7204362570606414,0
-5.98634,36,10223.211226,-100.0,-0.6752734798661586,0
-5.738051,33,10223.780948,-100.0,-0.6750347686540854,0
-5.414058,33,10224.324836,-100.0,-0.6824946549346184,0
-5.805592,33,10224.896903,-100.0,-0.6138651485635445,0
-5.56738,32,10225.449963,-100.0,-0.6797266013488548,0
-5.422234,32,10225.994222,-100.0,-0.7917334783540811,0
-5.209631,32,10226.541345,-100.0,-0.8529415128256496,0
-5.625797,33,10227.113434,-100.0,-0.744179120537888,0
-5.334811,33,10227.672862,-100.0,-0.8483167531390017,0
-5.519762,33,10228.228899,-100.0,-0.7115421914407464,0
-5.79861,34,10228.807733,-100.0,-0.677100102004821,0
-5.412991,33,10229.373438,-100.0,-0.7862367583428973,0
-5.63284,34,10229.957959,-100.0,-0.680426548419551,0
-5.496421,33,10230.528772,-100.0,-0.7379618144650092,0
-5.370346,32,10231.052793,-100.0,-0.8121177944007624,0
-5.443889,33,10231.609289,-100.0,-0.7629192679740643,0
-5.88757,33,10232.167865,-100.0,-0.6932288458042812,0
-5.409062,34,10232.755447,-100.0,-0.7983752653047772,0
-5.699872,33,10233.321434,-100.0,-0.6663708563682045,0
-5.142444,34,10233.900564,-100.0,-0.7856182023504475,0
-5.862704,34,10234.489355,-100.0,-0.7390809086217983,0
-5.159631,33,10235.039115,-100.0,-0.7839818750518618,0
-5.825673,35,10235.644747,-100.0,-0.6351472013443303,0
-5.50092,33,10236.207937,-100.0,-0.7488905569434958,0
-5.709282,35,10236.802732,-100.0,-0.7563169137927676,0
-5.634836,34,10237.392854,-100.0,-0.701077540422866,0
-5.946646,40,10238.071138,-100.0,-0.6869589452549989,0
-5.629133,33,10238.639764,-100.0,-0.6656379523635899,0
-5.466999,33,10239.211398,-100.0,-0.7194931010875607,0
-5.495715,34,10239.797507,-100.0,-0.8278416317646775,0
-5.505302,33,10240.364028,-100.0,-0.7053041943974427,0
-5.676647,34,10240.935143,-100.0,-0.7025676190774851,0
-5.793201,34,10241.522503,-100.0,-0.6413130549399643,0
-5.832007,33,10242.080303,-100.0,-0.6860353944325015,0
-5.220731,33,10242.645509,-100.0,-0.7702328033477907,0
-5.820908,37,10243.278492,-100.0,-0.6935932843324156,0
-5.483031,34,10243.857497,-100.0,-0.7720869756669608,0
-5.492811,33,10244.418413,-100.0,-0.7581798510463413,0
-5.546384,33,10244.984563,-100.0,-0.7137705660166531,0
-5.355179,33,10245.528503,-100.0,-0.7615612215917205,0
-5.131791,34,10246.107338,-100.0,-0.8003292903041909,0
-5.835995,34,10246.678605,-100.0,-0.7015407779838312,0
-5.767524,35,10247.286795,-100.0,-0.6673285817235605,0
-5.500657,33,10247.848069,-100.0,-0.7524574561269307,0
-6.085474,37,10248.477332,-100.0,-0.6112331798998505,0
-5.645847,34,10249.064867,-100.0,-0.6966850848342446,0
-5.347851,33,10249.624489,-100.0,-0.7321586432495134,0
-5.4163,33,10352.234465,-100.0,-0.7813381858741071,0
-5.765311,40,10352.919288,-100.0,-0.6964718583025417,0
-5.722129,33,10353.483307,-100.0,-0.6876642976095847,0
-5.375843,33,10354.037127,-100.0,-0.8018832115429859,0
-5.681562,33,10354.602093,-100.0,-0.6916620946413983,0
-5.659661,33,10355.160467,-100.0,-0.6470520449527232,0
-5.637141,33,10355.734743,-100.0,-0.6907795453275455,0
-5.223418,32,10356.266915,-100.0,-0.8186819488254166,0
-5.847856,35,10356.871175,-100.0,-0.6570632221177621,0
-5.216546,33,10357.429097,-100.0,-0.7626176587364434,0
-5.268444,33,10357.994607,-100.0,-0.7865867870311611,0
-5.304618,32,10358.544272,-100.0,-0.8444820166135104,0
-5.382769,35,10359.133162,-100.0,-0.6852354487323312,0
-5.671957,34,10359.720723,-100.0,-0.7415794910759238,0
-5.220165,33,10360.270024,-100.0,-0.824938615931205,0
-5.681401,34,10360.852298,-100.0,-0.7001598175462194,0
-5.514935,33,10361.413852,-100.0,-0.7455498797363286,0
-5.437341,34,10361.993371,-100.0,-0.7751145039130631,0
-5.405252,33,10362.546093,-100.0,-0.7972943320622493,0
-5.463,34,10363.125983,-100.0,-0.7794474305904598,0
-5.791892,37,10363.763967,-100.0,-0.6665352589500462,0
-5.727603,34,10364.350648,-100.0,-0.6561231394092335,0
-5.682313,34,10364.933567,-100.0,-0.6611200701625657,0
-5.527997,33,10365.497212,-100.0,-0.774158620896301,0
-5.483043,33,10366.058073,-100.0,-0.7211663762614587,0
-5.445286,34,10366.845711,-100.0,-0.8093341465468096,0
-5.694024,33,10367.400633,-100.0,-0.6160560470064409,0
-5.801802,33,10367.974922,-100.0,-0.6532103434129763,0
-5.36585,33,10368.531844,-100.0,-0.7188480145493589,0
-5.98408,37,10369.15901,-100.0,-0.6769391308553788,0
-5.465028,33,10369.712357,-100.0,-0.7576249846048494,0
-5.842516,33,10370.276805,-100.0,-0.7200871331284386,0
-5.503781,34,10370.863729,-100.0,-0.700475440049456,0
-5.439072,33,10371.428653,-100.0,-0.716170224875666,0
-5.649533,33,10371.985495,-100.0,-0.6860886292509036,0
-5.90928,34,10372.56063,-100.0,-0.6650151873385161,0
-5.771467,36,10373.182432,-100.0,-0.6791505619168196,0
-5.539873,33,10373.734868,-100.0,-0.7152609662915602,0
-5.872558,33,10374.290248,-100.0,-0.7407895582644222,0
-5.605135,33,10374.859563,-100.0,-0.7412208664670458,0
-5.462345,32,10375.401163,-100.0,-0.7684314136433009,0
-5.345361,33,10375.969385,-100.0,-0.775724081122014,0
-5.803798,35,10376.576677,-100.0,-0.6753673653684359,0
-5.356595,33,10377.133144,-100.0,-0.7683295662122911,0
-5.214388,33,10377.703938,-100.0,-0.7901034369681598,0
-5.972651,34,10378.291449,-100.0,-0.6533781180313043,0
-5.768586,34,10378.858238,-100.0,-0.7051935054691955,0
-5.474467,33,10379.428056,-100.0,-0.7908158769943874,0
-5.198903,32,10379.975806,-100.0,-0.7940362229387341,0
-5.426102,33,10380.541386,-100.0,-0.7846414455065337,0
-5.637167,34,10381.114855,-100.0,-0.7633812176127179,0
-5.8725,34,10381.700002,-100.0,-0.7152740949909449,0
-5.253335,32,10382.242933,-100.0,-0.855950414862596,0
-5.239562,33,10382.811056,-100.0,-0.7880335300622942,0
-5.523359,33,10383.372695,-100.0,-0.6915706588624311,0
-5.840007,33,10383.938569,-100.0,-0.687633454141375,0
-5.724887,34,10384.51031,-100.0,-0.7443618382981727,0
-5.728704,33,10385.073594,-100.0,-0.6633482648260733,0
-5.379263,32,10385.622343,-100.0,-0.8161670253074929,0
-5.562089,33,10386.190325,-100.0,-0.7824743845090604,0
-5.639199,33,10386.747132,-100.0,-0.6973642118806506,0
-5.347944,34,10508.432968,-100.0,-0.8086933680558668,0
-5.719913,33,10508.994047,-100.0,-0.6923959674414015,0
-6.320943,50,10509.840575,-100.0,-0.6642688641051959,0
-5.937212,37,10510.475645,-100.0,-0.6253340473562679,0
-5.780468,34,10511.057997,-100.0,-0.7176249038789687,0
-5.35768,33,10511.634566,-100.0,-0.8156513050522487,0
-5.875304,35,10512.225922,-100.0,-0.6655273090729024,0
-5.653842,33,10512.796027,-100.0,-0.6713839826254098,0
-5.719425,33,10513.343449,-100.0,-0.7345665180862841,0
-5.272664,32,10513.893601,-100.0,-0.8581882013028566,0
-5.671366,35,10514.49228,-100.0,-0.6713050362430886,0
-5.417043,33,10515.062976,-100.0,-0.7559733241051216,0
-5.265438,32,10515.604262,-100.0,-0.8769947454629374,0
-5.555098,32,10516.157947,-100.0,-0.7640123971546143,0
-5.540389,34,10516.736826,-100.0,-0.8093731988823226,0
-5.72607,35,10517.342851,-100.0,-0.7152192279121137,0
-5.44457,33,10517.921335,-100.0,-0.769543915534758,0
-5.574807,35,10518.511521,-100.0,-0.7056857550875324,0
-5.179796,32,10519.06593,-100.0,-0.8320136907888479,0
-5.558164,39,10519.72068,-100.0,-0.6388248383336248,0
-5.535952,33,10520.284035,-100.0,-0.6972415899378559,0
-5.214887,32,10520.835756,-100.0,-0.7956426971183477,0
-5.332407,34,10521.422346,-100.0,-0.7204517689224733,0
-5.873266,34,10522.000551,-100.0,-0.6664793083548384,0
-5.991467,35,10522.608297,-100.0,-0.6560387863206874,0
-5.299824,32,10523.149845,-100.0,-0.8423202397798437,0
-5.717929,34,10523.725397,-100.0,-0.6791108148102386,0
-5.436226,33,10524.29339,-100.0,-0.8012577636857904,0
-5.665599,33,10524.862314,-100.0,-0.7704222608980251,0
-5.347353,32,10525.404217,-100.0,-0.8560872477326239,0
-5.264802,32,10525.952744,-100.0,-0.8658806632254569,0
-5.447584,33,10526.516426,-100.0,-0.7838794185007025,0
-5.705568,35,10527.122468,-100.0,-0.7398214712433961,0
-5.983297,33,10527.690012,-100.0,-0.6738389481041471,0
-5.526864,33,10528.259713,-100.0,-0.7114530387750136,0
-5.549855,33,10528.821937,-100.0,-0.6999634424016988,0
-5.551103,33,10529.386554,-100.0,-0.7687979507518139,0
-6.111606,34,10529.963369,-100.0,-0.6828536553012529,0
-5.742126,38,10530.598149,-100.0,-0.6463874458837292,0
-5.808411,34,10531.183583,-100.0,-0.6400410737618815,0
-5.722091,35,10531.778972,-100.0,-0.6968684405487972,0
-5.677169,44,10532.53517,-100.0,-0.7417254238253124,0
-5.696857,34,10533.135005,-100.0,-0.705044106513019,0
-5.388081,33,10533.689283,-100.0,-0.8036564065132918,0
-5.490376,33,10534.260221,-100.0,-0.7410992598971757,0
-5.144754,33,10534.820123,-100.0,-0.8749119562518175,0
-5.374638,33,10535.389102,-100.0,-0.7485609050575535,0
-5.573584,34,10535.966852,-100.0,-0.7366255262073049,0
-5.30566,33,10536.528087,-100.0,-0.762693194066921,0
-5.786968,34,10537.10583,-100.0,-0.6854221985217753,0
-5.755046,33,10537.668595,-100.0,-0.7140084754912844,0
-5.352909,33,10538.228416,-100.0,-0.7716396905188121,0
-5.780351,33,10538.797561,-100.0,-0.6838084329287814,0
-5.789068,33,10539.355198,-100.0,-0.7282674749066813,0
-5.968843,34,10539.937345,-100.0,-0.6984780772144461,0
-5.358886,32,10540.487592,-100.0,-0.8736745929995091,0
-5.526684,34,10541.069368,-100.0,-0.6773422887548376,0
-5.632925,33,10541.637939,-100.0,-0.6088435900087662,0
-5.940289,37,10542.258432,-100.0,-0.7141203176815273,0
-5.785003,34,10542.852252,-100.0,-0.668298673132855,0
-5.339266,33,10667.9206,-100.0,-0.8028366087412998,0
-5.793385,34,10668.499012,-100.0,-0.6238196175525905,0
-5.424559,33,10669.066366,-100.0,-0.8123170322409059,0
-5.972484,34,10669.638165,-100.0,-0.6747792755678031,0
-5.288076,32,10670.196576,-100.0,-0.7992552093689538,0
-5.858795,34,10670.768553,-100.0,-0.6822624523775273,0
-5.486244,34,10671.360989,-100.0,-0.7179608253356855,0
-5.602049,33,10671.93067,-100.0,-0.5950796830318745,0
-5.824869,34,10672.516756,-100.0,-0.6807430398820306,0
-5.230175,32,10673.063136,-100.0,-0.8779309140900509,0
-5.183744,33,10673.630309,-100.0,-0.7773623209268362,0
-5.70879,33,10674.190059,-100.0,-0.7273982847651326,0
-5.678426,33,10674.758988,-100.0,-0.686688897816263,0
-5.479103,33,10675.331275,-100.0,-0.7077680016420842,0
-6.026696,34,10675.903722,-100.0,-0.6588398864401946,0
-5.710462,33,10676.464597,-100.0,-0.6450324793714458,0
-5.503998,33,10677.030282,-100.0,-0.7247327604218721,0
-5.631488,33,10677.600581,-100.0,-0.725254430895092,0
-5.700737,33,10678.160149,-100.0,-0.6967204693035378,0
-5.609567,32,10678.712422,-100.0,-0.7563098188045811,0
-5.953761,34,10679.279739,-100.0,-0.6956801384043685,0
-5.29164,32,10679.81198,-100.0,-0.8833858379939616,0
-5.66083,34,10680.391017,-100.0,-0.7049826387140713,0
-5.329038,33,10680.952125,-100.0,-0.8367397693496166,0
-5.352248,33,10681.512552,-100.0,-0.743357148525906,0
-5.872372,33,10682.083883,-100.0,-0.6809896542643431,0
-5.313129,33,10682.651872,-100.0,-0.7466710984851981,0
-5.452048,33,10683.211899,-100.0,-0.7214791985841711,0
-5.700269,35,10683.811907,-100.0,-0.8011242830146632,0
-5.92691,35,10684.418268,-100.0,-0.6636266653992436,0
-5.752988,33,10684.973521,-100.0,-0.6930810926653109,0
-5.641116,34,10685.559042,-100.0,-0.7247751408052766,0
-5.862415,34,10686.139998,-100.0,-0.6557990829472529,0
-5.463484,34,10686.725631,-100.0,-0.7161116350840202,0
-5.667692,36,10687.355515,-100.0,-0.7473540518273295,0
-5.426382,33,10687.910456,-100.0,-0.7522313810282818,0
-5.546709,33,10688.474234,-100.0,-0.8004723824104792,0
-5.882648,34,10689.04733,-100.0,-0.7079834458703284,0
-5.458962,34,10689.621008,-100.0,-0.6852518472497295,0
-5.3806,32,10690.16184,-100.0,-0.8331252654125467,0
-5.498071,33,10690.73474,-100.0,-0.7399131327620451,0
-5.506439,33,10691.29945,-100.0,-0.7527850006298178,0
-5.430469,33,10691.866826,-100.0,-0.7692433707220364,0
-5.458956,34,10692.440041,-100.0,-0.7338367823186016,0
-5.263716,32,10692.994472,-100.0,-0.7555107366937457,0
-5.651132,34,10693.572991,-100.0,-0.7061695881105795,0
-5.577446,33,10694.140185,-100.0,-0.6935839424822878,0
-5.20735,32,10694.686932,-100.0,-0.8390163345164054,0
-5.743882,33,10695.257091,-100.0,-0.6591204995402161,0
-5.398362,33,10695.817373,-100.0,-0.7881985940616179,0
-5.760253,33,10696.386701,-100.0,-0.679991174079051,0
-5.958374,34,10696.975466,-100.0,-0.6437551057845379,0
-5.458087,33,10697.541149,-100.0,-0.6996977288137329,0
-5.678214,34,10698.119282,-100.0,-0.7306723136848912,0
-5.411796,33,10698.667954,-100.0,-0.7384333990159869,0
-5.426364,32,10699.216391,-100.0,-0.7880555176006229,0
-5.546415,34,10699.793114,-100.0,-0.7819974882959742,0
-5.586436,34,10700.373817,-100.0,-0.7215389496460399,0
-5.447497,33,10700.939536,-100.0,-0.7653043404001333,0
-5.543046,33,10701.505878,-100.0,-0.7367314952263005,0
-5.447648,35,10702.106566,-100.0,-0.7069704227928898,0
-5.567816,33,10702.666724,-100.0,-0.6940021630199008,0
-5.817002,33,10832.903571,-100.0,-0.6900796852093098,0
-5.386365,33,10833.468305,-100.0,-0.82217859604528,0
-5.340266,34,10834.051214,-100.0,-0.7777358324269167,0
-5.458612,33,10834.619229,-100.0,-0.7191012711296245,0
-6.139949,36,10835.231051,-100.0,-0.6767907120076809,0
-6.026458,34,10835.809215,-100.0,-0.6263395796339319,0
-5.698701,34,10836.394263,-100.0,-0.6962783797159267,0
-5.558593,34,10836.977212,-100.0,-0.6439452384249771,0
-5.578971,38,10837.612931,-100.0,-0.7242303499146968,0
-5.441041,39,10838.290318,-100.0,-0.8027572864923995,0
-5.078408,32,10838.833784,-100.0,-0.8550287699234957,0
-5.414493,34,10839.411137,-100.0,-0.7829118373131241,0
-5.892358,41,10840.11685,-100.0,-0.6938651973983151,0
-5.847438,39,10840.770009,-100.0,-0.6432643283391908,0
-5.549981,33,10841.336115,-100.0,-0.6572079850747777,0
-5.296429,32,10841.882522,-100.0,-0.7835233226302656,0
-5.141717,33,10842.653561,-100.0,-0.849400063708482,0
-5.652112,33,10843.224705,-100.0,-0.6803345964536753,0
-5.293312,33,10843.789849,-100.0,-0.817300766160339,0
-5.800709,34,10844.370203,-100.0,-0.6988460813373127,0
-5.354213,33,10844.945998,-100.0,-0.8050764849909327,0
-5.304077,32,10845.49026,-100.0,-0.8237600977387727,0
-5.462018,33,10846.046574,-100.0,-0.7322735495543693,0
-5.83679,34,10846.638195,-100.0,-0.7257075429554806,0
-5.558535,33,10847.194585,-100.0,-0.7819933578779924,0
-5.959739,40,10847.883699,-100.0,-0.6725323225190747,0
-5.542735,33,10848.446183,-100.0,-0.7218873463422527,0
-5.648616,33,10849.015814,-100.0,-0.6832921301881062,0
-5.636293,33,10849.587067,-100.0,-0.6863267298421865,0
-5.207587,34,10850.170711,-100.0,-0.7776647216432656,0
-5.21107,33,10850.734252,-100.0,-0.8035275374742505,0
-5.366093,36,10851.345699,-100.0,-0.7341840215120533,0
-5.702072,34,10851.933549,-100.0,-0.7333642124450376,0
-5.458924,33,10852.491534,-100.0,-0.7344467741335955,0
-5.618486,33,10853.070789,-100.0,-0.7315691936606346,0
-5.709742,37,10853.690129,-100.0,-0.6465556561817947,0
-5.268558,33,10854.261064,-100.0,-0.778521822805855,0
-5.254269,33,10854.825256,-100.0,-0.7830255994449435,0
-5.298323,32,10855.375915,-100.0,-0.8530297779518189,0
-5.65724,33,10855.940464,-100.0,-0.7086956490231892,0
-5.569189,33,10856.504631,-100.0,-0.6985253111687976,0
-5.244573,33,10857.063422,-100.0,-0.7566529745534347,0
-5.478293,32,10857.610587,-100.0,-0.8168301612618594,0
-5.544465,34,10858.197478,-100.0,-0.6775723396801647,0
-5.739948,33,10858.759414,-100.0,-0.6477763549951651,0
-5.739991,34,10859.342587,-100.0,-0.6901724786443381,0
-5.308995,33,10859.901709,-100.0,-0.8295267379500313,0
-5.727614,39,10860.564182,-100.0,-0.7032752304389167,0
-5.459543,33,10861.127691,-100.0,-0.749628100283347,0
-5.813983,33,10861.692368,-100.0,-0.7689238503585941,0
-5.935412,34,10862.261799,-100.0,-0.6642014324303631,0
-5.383132,35,10862.857251,-100.0,-0.7658374391993481,0
-5.389705,33,10863.425749,-100.0,-0.7604619678356898,0
-5.524151,33,10863.990521,-100.0,-0.6631423429124411,0
-5.293445,32,10864.540796,-100.0,-0.8199798672701929,0
-5.671696,33,10865.100093,-100.0,-0.6552485850153296,0
-5.759331,34,10865.673838,-100.0,-0.7002684243965738,0
-5.392716,33,10866.2418,-100.0,-0.7805136511213103,0
-5.322427,33,10866.812327,-100.0,-0.8798410899797068,0
-5.334209,33,10867.371052,-100.0,-0.7889539465618326,0
-5.508214,33,11001.426879,-100.0,-0.7841748479006716,0
-5.427735,33,11001.980327,-100.0,-0.7343352976408285,0
-5.752929,33,11002.541052,-100.0,-0.6792375169533739,0
-5.486851,33,11003.101701,-100.0,-0.7303898222885891,0
-5.615789,33,11003.658951,-100.0,-0.6964087871718462,0
-5.673336,33,11004.214845,-100.0,-0.7121004439137909,0
-5.603495,33,11004.783307,-100.0,-0.619878412311081,0
-5.5386,32,11005.325253,-100.0,-0.7587174136648296,0
-5.733919,35,11005.922251,-100.0,-0.6606046778893752,0
-5.810358,33,11006.483271,-100.0,-0.6098588075330519,0
-5.642535,33,11007.050242,-100.0,-0.6525826239716027,0
-5.06202,32,11007.60254,-100.0,-0.8547412466729252,0
-5.805677,33,11008.161241,-100.0,-0.6606777225668421,0
-5.523465,36,11008.776194,-100.0,-0.710853555768326,0
-5.214369,32,11009.31463,-100.0,-0.7333500379577468,0
-5.374534,33,11009.888101,-100.0,-0.7939359112820162,0
-5.693096,33,11010.444792,-100.0,-0.707225907656457,0
-5.632407,35,11011.041907,-100.0,-0.6576483858941732,0
-5.912,33,11011.597324,-100.0,-0.7031310915830362,0
-5.740666,33,11012.159594,-100.0,-0.7018967086532822,0
-5.576829,32,11012.701436,-100.0,-0.7353588440446615,0
-5.330678,33,11013.27012,-100.0,-0.8038536543896364,0
-5.821122,34,11013.845003,-100.0,-0.6242749867746143,0
-5.863183,35,11014.440444,-100.0,-0.6725701683596174,0
-5.510938,33,11015.001068,-100.0,-0.7482877652825011,0
-5.784209,33,11015.567204,-100.0,-0.7055902349352846,0
-5.384647,33,11016.125045,-100.0,-0.6622249964800152,0
-4.986637,38,11016.78473,-100.0,-0.8289553599159633,0
-5.632638,34,11017.360652,-100.0,-0.6880556404616133,0
-5.631508,33,11017.920804,-100.0,-0.6740567258499316,0
-5.200235,32,11018.466529,-100.0,-0.875013802764167,0
-5.381867,33,11019.028295,-100.0,-0.7912231159511999,0
-5.343181,33,11019.579977,-100.0,-0.8106856777120438,0
-5.626969,33,11020.148662,-100.0,-0.7181180822061304,0
-5.738087,33,11020.714746,-100.0,-0.6751654127507113,0
-5.321595,33,11021.281107,-100.0,-0.7781264257175076,0
-5.827715,34,11021.861008,-100.0,-0.6701243303245963,0
-5.837041,34,11022.440817,-100.0,-0.6608681089475351,0
-5.734385,33,11022.996337,-100.0,-0.679258105885766,0
-5.335367,33,11023.557829,-100.0,-0.7480035083501476,0
-5.163857,33,11024.123944,-100.0,-0.7696116710817229,0
-5.405928,33,11024.685048,-100.0,-0.7446264157189144,0
-5.427269,33,11025.255092,-100.0,-0.7280105260042645,0
-5.110793,32,11025.801603,-100.0,-0.8418536322228076,0
-5.463254,33,11026.36633,-100.0,-0.6897593572291002,0
-5.675398,34,11026.943223,-100.0,-0.6417237079072219,0
-5.31963,33,11027.497826,-100.0,-0.8124947498063307,0
-6.074421,33,11028.065109,-100.0,-0.7208722417423621,0
-5.786709,34,11028.639626,-100.0,-0.6553094393649463,0
-5.227543,32,11029.189743,-100.0,-0.8934089649825889,0
-5.323567,34,11029.765819,-100.0,-0.7867456548726847,0
-5.09771,33,11030.33214,-100.0,-0.8529083671495262,0
-5.197057,34,11030.909657,-100.0,-0.7867931565136638,0
-5.511915,33,11031.467249,-100.0,-0.8276841141912228,0
-5.414304,34,11032.039644,-100.0,-0.8505381869597817,0
-5.329497,32,11032.59064,-100.0,-0.8689982036230841,0
-5.80062,33,11033.158776,-100.0,-0.6846971351306098,0
-5.12985,33,11033.718794,-100.0,-0.8345631075173016,0
-5.254342,33,11034.28699,-100.0,-0.8182026541727642,0
-5.372014,33,11034.845781,-100.0,-0.8191984074099609,0
-5.356865,33,11035.410088,-100.0,-0.8344804190302607,0
-5.804868,33,11035.978045,-100.0,-0.6869985028300336,0
-5.627469,33,11173.921825,-100.0,-0.6571693797186015,0
-5.63937,33,11174.487952,-100.0,-0.7346671210141439,0
-5.499087,33,11175.061599,-100.0,-0.7309209353586509,0
-5.072382,32,11175.616183,-100.0,-0.7668341001836493,0
-5.53073,34,11176.203323,-100.0,-0.7192286531652392,0
-5.394555,34,11176.790469,-100.0,-0.7257109980915318,0
-5.751606,33,11177.358608,-100.0,-0.6524633913359515,0
-5.402686,33,11177.938383,-100.0,-0.6938788182315491,0
-5.508872,33,11178.505277,-100.0,-0.6692661214399512,0
-5.902322,34,11179.094802,-100.0,-0.6784605965460547,0
-5.163633,32,11179.64817,-100.0,-0.7956429750871049,0
-5.352088,33,11180.216202,-100.0,-0.7844243059803357,0
-5.420134,33,11180.778353,-100.0,-0.7887769751229261,0
-5.544988,33,11181.34795,-100.0,-0.7336668073357597,0
-5.239117,33,11181.916368,-100.0,-0.8368857576541775,0
-5.608025,33,11182.494723,-100.0,-0.6971226940271402,0
-5.482356,33,11183.056866,-100.0,-0.7828744146001978,0
-5.371827,33,11183.628371,-100.0,-0.7414692656713574,0
-5.233829,33,11184.200934,-100.0,-0.7944367701983523,0
-5.21836,33,11184.76118,-100.0,-0.7759564175521886,0
-5.2889,33,11185.339712,-100.0,-0.7403436240555397,0
-5.737708,33,11185.910392,-100.0,-0.6937129663961501,0
-5.110031,33,11186.479291,-100.0,-0.8204457533257478,0
-5.512652,33,11187.046988,-100.0,-0.7754705566359222,0
-5.67269,33,11187.61924,-100.0,-0.6951067113633776,0
-5.659686,34,11188.202177,-100.0,-0.6919186985371301,0
-5.568019,34,11188.788463,-100.0,-0.6995445567214676,0
-5.532636,33,11189.358216,-100.0,-0.6554104696971982,0
-5.529093,33,11189.911119,-100.0,-0.7585633339732375,0
-5.440067,33,11190.48445,-100.0,-0.7079801228730751,0
-5.505499,37,11191.114781,-100.0,-0.788561637227455,0
-5.286861,33,11191.686065,-100.0,-0.7519066658283331,0
-5.289568,33,11192.246463,-100.0,-0.8114067521392876,0
-5.929829,39,11192.903727,-100.0,-0.6718898728558053,0
-5.608466,34,11193.477127,-100.0,-0.6776249393089062,0
-5.854443,34,11194.067516,-100.0,-0.700553044984967,0
-5.407887,34,11194.650805,-100.0,-0.73887544826488,0
-5.709407,33,11195.20732,-100.0,-0.6568554481730111,0
-5.435156,33,11195.773679,-100.0,-0.7085592155942387,0
-5.927777,34,11196.348313,-100.0,-0.7306368637735856,0
-5.446152,35,11196.943026,-100.0,-0.7614334662132781,0
-5.196424,33,11197.513705,-100.0,-0.8154232518955534,0
-5.496542,33,11198.076198,-100.0,-0.7121026572020649,0
-5.651572,33,11198.644631,-100.0,-0.7244593890837323,0
-5.623261,34,11199.215573,-100.0,-0.6789427049106526,0
-5.507886,33,11199.786659,-100.0,-0.7960639434169117,0
-5.765177,35,11200.376651,-100.0,-0.661034057370271,0
-5.611413,33,11200.952083,-100.0,-0.6614040077701115,0
-5.691588,33,11201.519495,-100.0,-0.6987941807763072,0
-5.392046,34,11202.099614,-100.0,-0.762062176883927,0
-5.711964,33,11202.671235,-100.0,-0.7137534960603196,0
-5.274915,32,11203.218424,-100.0,-0.7439903806799901,0
-5.440009,33,11203.781281,-100.0,-0.7738461406741403,0
-5.135167,33,11204.338073,-100.0,-0.8320411733130951,0
-5.638262,33,11204.90467,-100.0,-0.6843540335877512,0
-5.594282,38,11205.559356,-100.0,-0.7153598416458153,0
-5.506535,33,11206.122046,-100.0,-0.6600359437890723,0
-5.421633,34,11206.701204,-100.0,-0.7418703169651232,0
-5.575687,33,11207.271985,-100.0,-0.6568232211058864,0
-5.754375,34,11207.854913,-100.0,-0.6896432476018941,0
-5.619935,33,11208.412348,-100.0,-0.6684477622587315,0
-5.239591,32,11344.119731,-100.0,-0.8088612577775226,0
-5.813343,33,11344.679471,-100.0,-0.6753855932608035,0
-5.670051,35,11345.279154,-100.0,-0.7281083154035581,0
-5.37774,33,11345.831293,-100.0,-0.7921303139721249,0
-5.736405,33,11346.396503,-100.0,-0.7073222422659202,0
-5.389967,33,11346.951088,-100.0,-0.7587253958358423,0
-5.647316,33,11347.524086,-100.0,-0.7079677305932109,0
-5.266833,33,11348.29408,-100.0,-0.8285614999161302,0
-5.675159,34,11348.863301,-100.0,-0.6954485010802921,0
-5.601116,36,11349.472317,-100.0,-0.608970542138794,0
-5.310754,33,11350.038899,-100.0,-0.7391641715029257,0
-5.547908,33,11350.605956,-100.0,-0.7569328103205399,0
-5.345415,33,11351.167521,-100.0,-0.7857591179911934,0
-5.328252,34,11351.747207,-100.0,-0.8123861514254171,0
-5.209828,34,11352.333558,-100.0,-0.8246443717007254,0
-5.408854,32,11352.877432,-100.0,-0.7811857418669731,0
-5.368342,36,11353.47656,-100.0,-0.7552396987377542,0
-5.539651,33,11354.043111,-100.0,-0.7069046530205482,0
-5.752634,33,11354.610736,-100.0,-0.6831351951539953,0
-5.879762,33,11355.169785,-100.0,-0.6689565711575398,0
-5.1944,33,11355.734271,-100.0,-0.7481064100017325,0
-5.520633,33,11356.303491,-100.0,-0.6711800756419657,0
-5.836344,34,11356.88128,-100.0,-0.6431614506351319,0
-5.296544,32,11357.425329,-100.0,-0.8808606039459276,0
-5.234564,39,11358.09375,-100.0,-0.8606123838620918,0
-5.389646,33,11358.654235,-100.0,-0.8108804134005415,0
-5.121576,32,11359.201531,-100.0,-0.8366562815518463,0
-5.806341,33,11359.766469,-100.0,-0.662801036640154,0
-5.290064,34,11360.335753,-100.0,-0.7920850119225065,0
-5.710237,35,11360.93864,-100.0,-0.6869187936474322,0
-5.927754,34,11361.511329,-100.0,-0.6961928281892636,0
-5.464571,33,11362.076635,-100.0,-0.7067616610218365,0
-5.384963,41,11362.769421,-100.0,-0.85159355918961,0
-5.463228,32,11363.324191,-100.0,-0.7975192881777754,0
-5.318806,34,11363.89881,-100.0,-0.8288766061862666,0
-5.570038,33,11364.463285,-100.0,-0.7115301756954606,0
-5.355576,32,11365.006309,-100.0,-0.790229162405655,0
-5.977267,35,11365.599885,-100.0,-0.6477605424672018,0
-5.523927,33,11366.162591,-100.0,-0.7449607033354373,0
-5.437717,33,11366.722574,-100.0,-0.7542635355922287,0
-5.37042,33,11367.296073,-100.0,-0.7223930805211303,0
-5.666431,33,11367.84581,-100.0,-0.6174125297023697,0
-5.337469,33,11368.401561,-100.0,-0.8084003584112259,0
-5.476281,33,11368.960566,-100.0,-0.6418198390357114,0
-5.681881,33,11369.52356,-100.0,-0.6769386441475157,0
-5.581537,33,11370.08787,-100.0,-0.6852674291418765,0
-5.001024,32,11370.629723,-100.0,-0.8759093240641839,0
-5.697488,35,11371.240131,-100.0,-0.684909893399477,0
-5.495164,33,11371.797876,-100.0,-0.7245581369915692,0
-5.208492,32,11372.337663,-100.0,-0.7894776260385307,0
-5.705633,33,11372.898216,-100.0,-0.7015088899903759,0
-5.521566,34,11373.476653,-100.0,-0.6266545036656869,0
-5.338825,33,11374.030077,-100.0,-0.7885089286407279,0
-5.726805,33,11374.595098,-100.0,-0.680879199356799,0
-5.528227,33,11375.158291,-100.0,-0.7906667329432348,0
-5.577211,33,11375.724397,-100.0,-0.6791169868621001,0
-5.250631,32,11376.277529,-100.0,-0.8332216187348125,0
-5.429513,35,11376.872494,-100.0,-0.7396563125647034,0
-5.625635,34,11377.443016,-100.0,-0.6605429621610313,0
-5.689881,33,11378.005325,-100.0,-0.6329507630855857,0
-5.604306,33,11378.561437,-100.0,-0.7337534959326415,0
