#{"t_start": 1782853650.1598737, "env_id": "BipedalWalker-v3"}
r,l,t,original_env_reward,generated_reward,reward_error_count
-509.870312,1600,23.890185,-0.32122455007831197,-0.6483576156331692,0
-482.053281,1600,188.172789,-0.10677167385816573,-0.15689065457755313,0
-432.700395,1600,334.732128,-0.11943407728274634,-0.306301575689571,0
-25.747181,90,335.962899,-100.0,-0.5811039671513735,0
-46.290665,60,336.776953,-100.0,-1.7019548623376977,0
-243.658836,1600,478.830399,-0.04218323921164114,-0.14939843237488934,0
-49.87763,113,480.398588,-100.0,-1.300692776592387,0
-27.864722,111,481.944082,-100.0,-0.7936518214560406,0
-231.343425,1600,622.949804,-0.06247845532496296,-0.1020174149453111,0
-19.719595,73,623.978207,-100.0,-0.7919014915553417,0
-15.894089,50,624.662798,-100.0,-0.30763532035376084,0
-40.401433,175,627.074797,-100.0,-0.7891611663019407,0
-31.166329,59,627.899312,-100.0,-0.8105674762115003,0
-201.421322,1600,769.340294,-0.05283220530549804,-0.07495020278392288,0
-205.038328,1600,793.507486,0.02958666328589596,-0.039552506955437855,0
-297.127732,1600,933.772553,-0.10100853633880616,-0.2168170526965495,0
-189.985878,1600,1076.607035,-0.07519250406821806,-0.08611713633678891,0
-257.165221,1600,1216.442761,-0.17884603885810052,-0.21635694447467996,0
-159.245331,1600,1238.8831,-0.04700535199046135,-0.057226137315849246,0
-151.975391,1600,1378.515096,-0.13880487175782402,-0.12479478165978741,0
-152.469428,1600,1517.493856,-0.031095803916454317,-0.05261089453360585,0
-212.56292,1600,1659.977445,-0.06270395016670227,-0.1269019490651707,0
-133.100529,1600,1800.633716,-0.07415707948803901,-0.029688763225114462,0
-12.829732,70,1801.603494,-100.0,-0.22970238611863264,0
-16.895939,45,1802.227204,-100.0,-0.7808021030732542,0
-131.257182,1600,1824.485709,-0.05137063201268751,-0.07639257298876506,0
-142.290354,1600,1965.650134,-0.09562259787321091,-0.13418923006780767,0
-18.267366,60,1966.554954,-100.0,-0.9023895681743372,0
-17.164319,76,1967.713589,-100.0,-0.8463235962504565,0
-25.4029,110,1969.366441,-100.0,-0.7400380447806195,0
-149.339746,1600,2107.409861,-0.09638366808494168,-0.10485262847341797,0
-113.797515,1600,2244.309933,-0.007998157820358644,-0.011369578636694105,0
-19.788616,126,2246.050928,-100.0,-0.7508752806487538,0
-22.697382,125,2247.769533,-100.0,-0.6518840099016774,0
-10.40483,67,2248.690733,-100.0,-0.656310995062822,0
-12.666144,56,2249.467752,-100.0,-0.7618479133380446,0
-11.787396,56,2250.231314,-100.0,-0.3866617090519772,0
-16.482414,64,2251.098146,-100.0,-0.7561579696338887,0
-107.451154,1600,2392.063382,-0.025686576674386633,-0.02469755194765748,0
-10.478691,63,2392.916982,-100.0,-0.6835566260257252,0
-27.54008,107,2394.393488,-100.0,-0.4747438143863571,0
-89.769636,1600,2510.818306,-0.027099413392446824,-0.0038196638241286864,0
-17.619244,90,2512.061011,-100.0,-0.4285320685042143,0
-11.036852,68,2512.980417,-100.0,-0.7114297013114691,0
-12.421462,80,2514.067714,-100.0,-0.6720024738483279,0
-88.102526,1600,2629.029601,-0.17179007023324805,-0.10636306825363492,0
-94.606416,1600,2650.885787,-0.07516450994586188,-0.06264798849958082,0
-11.711836,49,2651.544214,-100.0,-0.7094061804607225,0
-11.900492,90,2745.873851,-100.0,-0.30727521336652475,0
-17.700726,49,2746.550843,-100.0,-0.7845874098430106,0
-8.851955,46,2747.197291,-100.0,-0.7269958402854386,0
-9.764117,71,2748.190696,-100.0,-0.6998910646639808,0
-10.168972,70,2749.163087,-100.0,-0.8227631268993714,0
-9.781582,51,2749.863765,-100.0,-0.6922335290665338,0
-7.137037,36,2750.385624,-100.0,-0.37740723665972575,0
-13.792906,74,2751.403445,-100.0,-0.25505990762036107,0
-15.865645,87,2752.599771,-100.0,-0.4176811387954956,0
-13.524498,74,2753.625513,-100.0,-0.2859012533080321,0
-14.785639,79,2754.71104,-100.0,-0.7999039104695163,0
-98.061477,1600,2895.848222,-0.06628985139231361,-0.05249822369876658,0
-20.535018,82,2897.000517,-100.0,-0.5545211358315638,0
-8.526541,45,2897.649314,-100.0,-0.9748849045467333,0
-24.528507,122,2899.346427,-100.0,-0.37154690606356205,0
-25.85038,145,2901.407225,-100.0,-0.37381078526564254,0
-16.284241,119,2903.086078,-100.0,-0.41268575206864616,0
-7.183744,42,2903.652436,-100.0,-0.8237155687085076,0
-13.904755,66,2904.579068,-100.0,-0.3461438417859932,0
-9.648245,67,2905.521918,-100.0,-0.23443047086828395,0
-10.504613,67,2906.451918,-100.0,-0.7048384013852946,0
-18.264157,67,2907.403933,-100.0,-0.4308130690488635,0
-15.649741,58,2908.22502,-100.0,-0.4624250272780659,0
-9.492232,69,2909.222548,-100.0,-0.3100297878311574,0
-25.39018,149,2911.339315,-100.0,-0.352544199528768,0
-11.520102,75,2912.393218,-100.0,-0.7434664962534687,0
-13.536597,60,2913.259624,-100.0,-0.9529816022988007,0
-20.292357,136,2915.17932,-100.0,-0.33603968988772825,0
-12.263627,53,2915.930683,-100.0,-0.2390087671705776,0
-10.396494,48,2916.611427,-100.0,-0.7444917651968932,0
-10.049411,63,2917.509939,-100.0,-0.7282317450359214,0
-8.267013,47,2918.170864,-100.0,-0.8188451368615057,0
-18.907976,75,2919.271233,-100.0,-0.6746186375634702,0
-8.363604,46,2919.941545,-100.0,-0.6549169429881508,0
-14.170604,104,2921.403256,-100.0,-0.08919815413123383,0
-18.586603,93,3038.398184,-100.0,-0.39828969695833233,0
-9.657925,56,3039.204014,-100.0,-0.6274167668122446,0
-16.448621,107,3040.720452,-100.0,-0.7693968551750694,0
-14.917297,104,3042.18671,-100.0,-0.6495341783289476,0
-12.646519,55,3042.975532,-100.0,-0.3071270379020399,0
-10.776098,70,3044.194178,-100.0,-0.6283587018535783,0
-13.906948,68,3045.158512,-100.0,-0.7988770818066901,0
-12.696207,68,3046.128559,-100.0,-0.6055990072159354,0
-13.938778,74,3047.171579,-100.0,-0.3390850797283903,0
-6.919082,43,3047.797515,-100.0,-0.7841576118886823,0
-9.40724,53,3048.553162,-100.0,-0.7915070786847619,0
-11.248874,75,3049.626344,-100.0,-0.755864889224567,0
-7.480359,45,3050.273242,-100.0,-0.6917988072011184,0
-12.499393,61,3051.147732,-100.0,-0.7405353304572736,0
-77.144661,1600,3190.572023,-0.05465752117335797,-0.03172095002245509,0
-10.827757,68,3191.584597,-100.0,-0.3375815155960918,0
-18.661809,94,3192.954938,-100.0,-0.2174439060688018,0
-8.589229,60,3193.837255,-100.0,-0.8554296738706284,0
-9.002151,60,3194.68714,-100.0,-0.7463456539124808,0
-8.649004,65,3195.621972,-100.0,-0.6497887047974675,0
-10.374328,72,3196.663204,-100.0,-0.711981024063909,0
-14.459831,59,3197.535565,-100.0,-0.2948095325600722,0
-13.87681,84,3198.742451,-100.0,-0.277701735538094,0
-10.61912,44,3199.410952,-100.0,-0.29769310313769176,0
-10.781605,67,3200.390301,-100.0,-0.7106247341668714,0
-16.806278,95,3201.766043,-100.0,-0.3035723147568478,0
-7.882749,51,3202.527058,-100.0,-0.7047280063113217,0
-8.179114,39,3203.088869,-100.0,-0.7440929368887311,0
-9.388476,63,3204.01281,-100.0,-0.28411131552115726,0
-8.395651,46,3204.687222,-100.0,-0.6589910705086925,0
-20.00932,85,3205.955526,-100.0,-0.4338701871219814,0
-11.662442,83,3207.133712,-100.0,-0.2147488381384176,0
-8.903541,49,3207.867415,-100.0,-0.6863468726346883,0
-8.789074,52,3208.597745,-100.0,-0.6651886823152945,0
-16.121692,91,3209.948068,-100.0,-0.8248151213473043,0
-13.41264,75,3211.039003,-100.0,-0.20946369436314033,0
-10.726066,78,3212.181971,-100.0,-0.6931607188110325,0
-13.147173,103,3330.981553,-100.0,-0.686445404497126,0
-8.139348,56,3331.806409,-100.0,-0.6930043685920928,0
-13.720227,87,3333.067184,-100.0,-0.7163177407101006,0
-9.272154,54,3333.856344,-100.0,-0.7816192660372869,0
-10.770178,61,3334.764483,-100.0,-0.3403055509306079,0
-10.827765,55,3335.581206,-100.0,-0.6964779386618224,0
-8.087844,52,3336.327331,-100.0,-0.7933077473733711,0
-11.07639,67,3337.299131,-100.0,-0.7150460355870151,0
-11.289655,69,3338.32047,-100.0,-0.28024943605294095,0
-8.65858,41,3338.920038,-100.0,-0.8256738180787491,0
-8.648939,58,3339.775646,-100.0,-0.6413120185888126,0
-12.924917,89,3341.090611,-100.0,-0.21404706634918091,0
-14.811434,61,3341.975132,-100.0,-0.6500526708010584,0
-7.745712,40,3342.568809,-100.0,-0.6672342721448076,0
-12.789594,78,3343.697897,-100.0,-0.36403951392887846,0
-10.204849,56,3344.544568,-100.0,-0.6651003228543694,0
-8.604587,56,3345.37942,-100.0,-0.6367691181380507,0
-8.531536,54,3346.181613,-100.0,-0.6919129941050672,0
-8.98039,33,3346.658447,-100.0,-0.6353401227234561,0
-8.24067,50,3347.408275,-100.0,-0.7105148873662936,0
-11.736264,108,3348.986049,-100.0,-0.7105041294036285,0
-14.44676,112,3350.618989,-100.0,-0.6654157751793173,0
-9.050567,50,3351.352744,-100.0,-0.6736188104788493,0
-7.94505,50,3352.080765,-100.0,-0.6666644208289968,0
-12.997624,89,3353.383629,-100.0,-0.7104083198026017,0
-9.667943,62,3354.28652,-100.0,-0.7605363077387362,0
-9.603158,52,3355.050631,-100.0,-0.7431612221595835,0
-14.133324,76,3356.136209,-100.0,-0.8099397904112654,0
-8.531225,47,3356.83674,-100.0,-0.6987372230372468,0
-11.336108,61,3357.714778,-100.0,-0.3266637994290483,0
-10.729376,64,3358.659117,-100.0,-0.7789115115612498,0
-12.897338,61,3359.550859,-100.0,-0.6946116385775001,0
-9.946955,64,3360.461202,-100.0,-0.6551512018560017,0
-9.103317,56,3476.876572,-100.0,-0.21900984026224202,0
-8.740803,56,3477.697603,-100.0,-0.6978697854536793,0
-14.207278,52,3478.45728,-100.0,-0.4864824910751879,0
-11.803066,96,3479.853259,-100.0,-0.6649490735125265,0
-8.853167,57,3480.713227,-100.0,-0.7819230511016212,0
-16.188313,106,3482.247509,-100.0,-0.29134340076677073,0
-7.612943,44,3482.882461,-100.0,-0.7053854406357121,0
-10.047183,54,3483.682732,-100.0,-0.6592574160670206,0
-9.860456,70,3484.7025,-100.0,-0.7468298214508873,0
-16.06854,55,3485.514603,-100.0,-0.4461264630805678,0
-9.4662,53,3486.293613,-100.0,-0.7787786461175967,0
-9.006961,50,3487.016795,-100.0,-0.6217372262580023,0
-9.832429,54,3487.832651,-100.0,-0.4364046010858603,0
-17.384683,97,3489.23584,-100.0,-0.1593285433599528,0
-11.360767,69,3490.259168,-100.0,-0.22150224206492714,0
-10.366488,71,3491.314513,-100.0,-0.865281921353029,0
-8.369817,56,3492.13626,-100.0,-0.6941982405801231,0
-8.511776,48,3492.856322,-100.0,-0.7421756476825636,0
-8.990659,50,3493.588698,-100.0,-0.6598930325579818,0
-19.280922,91,3494.919125,-100.0,-0.3495755962030378,0
-7.792051,49,3495.650928,-100.0,-0.7284114303323649,0
-10.494038,59,3496.525852,-100.0,-0.19860646889060973,0
-12.895166,70,3497.552121,-100.0,-0.17764898847492083,0
-8.963551,52,3498.318956,-100.0,-0.8350924765240851,0
-12.123499,92,3499.700392,-100.0,-0.35913933709263796,0
-11.714832,57,3500.529683,-100.0,-0.6948001031193156,0
-8.211882,53,3501.3105,-100.0,-0.7455774084995989,0
-11.926546,77,3502.457922,-100.0,-0.6754584304374044,0
-9.032056,49,3503.181761,-100.0,-0.7974121948489239,0
-9.866784,59,3504.068835,-100.0,-0.8652778098861981,0
-8.343253,56,3504.900284,-100.0,-0.703916956409185,0
-63.798096,1600,3647.748904,-0.04873784654835623,-0.022325133196927513,0
-10.263593,75,3648.85553,-100.0,-0.6661519246383941,0
-10.41392,39,3649.4669,-100.0,-0.7738648479458203,0
-8.095163,61,3650.352393,-100.0,-0.6426776074280732,0
-13.639448,57,3651.226241,-100.0,-0.571880588415459,0
-9.837867,79,3652.386769,-100.0,-0.7544641523031391,0
-9.003701,56,3653.219604,-100.0,-0.7007804026466207,0
-9.833624,44,3653.865854,-100.0,-0.4754060672709016,0
-10.161719,62,3654.801458,-100.0,-0.6669255177553738,0
-8.4578,51,3655.552557,-100.0,-0.682183129105944,0
-10.242044,54,3772.220171,-100.0,-0.6835992657219161,0
-9.24991,53,3773.025137,-100.0,-0.6272530345363259,0
-8.499396,52,3773.809367,-100.0,-0.7759537780441896,0
-8.54324,51,3774.592883,-100.0,-0.7633807270544878,0
-11.056443,61,3775.508265,-100.0,-0.643201272761162,0
-7.805966,44,3776.146714,-100.0,-0.616900781568969,0
-9.463497,59,3777.060363,-100.0,-0.663312848415709,0
-10.336526,70,3778.0996,-100.0,-0.1594432922787922,0
-8.818417,48,3778.824502,-100.0,-0.8079877520103627,0
-9.485934,53,3779.604052,-100.0,-0.5962184425258289,0
-8.894197,61,3780.570431,-100.0,-0.6260541809300815,0
-9.274762,61,3781.47314,-100.0,-0.6391534357947471,0
-8.171343,45,3782.143084,-100.0,-0.5998628428728372,0
-8.264642,49,3782.880293,-100.0,-0.6511194894557104,0
-9.065336,58,3783.755228,-100.0,-0.6620819895538002,0
-10.959411,61,3784.663613,-100.0,-0.7339886285112466,0
-7.98609,44,3785.319724,-100.0,-0.7592889841848109,0
-7.369488,44,3785.967973,-100.0,-0.6181763796235239,0
-8.171763,51,3786.735156,-100.0,-0.7275886483859028,0
-8.228732,51,3787.492236,-100.0,-0.6711843533243587,0
-8.94765,65,3788.475965,-100.0,-0.7238999202001334,0
-13.741386,87,3789.778908,-100.0,-0.5734908956392831,0
-8.525772,45,3790.450611,-100.0,-0.7556720726290531,0
-11.410615,94,3791.858893,-100.0,-0.587174810879229,0
-7.379391,43,3792.507079,-100.0,-0.7361956961692403,0
-15.355615,50,3793.250741,-100.0,-0.4785142621298515,0
-8.385626,52,3794.034856,-100.0,-0.6137941682980901,0
-9.220203,56,3794.866037,-100.0,-0.6057147973082879,0
-10.938257,68,3795.871664,-100.0,-0.6034554809173382,0
-8.121217,50,3796.62339,-100.0,-0.700341550535246,0
-10.967318,52,3797.38562,-100.0,-0.27179898970828575,0
-11.508782,68,3798.418189,-100.0,-0.4504770608689253,0
-10.199952,61,3799.304086,-100.0,-0.27781981385672844,0
-7.729067,47,3800.007662,-100.0,-0.6217741264860953,0
-12.081531,88,3801.286185,-100.0,-0.15203586710555964,0
-8.907053,47,3802.012087,-100.0,-0.6267154705946605,0
-7.796562,45,3922.532583,-100.0,-0.7851086193429706,0
-7.869337,45,3923.201935,-100.0,-0.791157274410223,0
-8.283232,53,3924.01337,-100.0,-0.6209778061245086,0
-9.652555,70,3925.037245,-100.0,-0.6333485123243565,0
-9.007374,58,3925.921388,-100.0,-0.7435057260026344,0
-8.252407,47,3926.638193,-100.0,-0.8094653710708026,0
-9.166122,60,3927.529072,-100.0,-0.652886835073504,0
-8.695844,57,3928.382337,-100.0,-0.6974947677234058,0
-8.249554,49,3929.119159,-100.0,-0.7081626843039219,0
-8.697999,51,3929.871257,-100.0,-0.6190991669514082,0
-8.811859,56,3930.72154,-100.0,-0.6741187483344753,0
-9.223858,64,3931.706932,-100.0,-0.2753427469174497,0
-13.476355,126,3933.594206,-100.0,-0.6876593672545067,0
-11.711,67,3934.572345,-100.0,-0.6210927327409687,0
-8.257984,55,3935.405003,-100.0,-0.7152744868447399,0
-8.26664,52,3936.192813,-100.0,-0.6729758579462339,0
-8.961012,56,3937.032665,-100.0,-0.6341925778103651,0
-8.181614,55,3937.851031,-100.0,-0.7472802312924485,0
-7.750506,46,3938.559375,-100.0,-0.7081788497653057,0
-8.39142,49,3939.298912,-100.0,-0.7019735389120983,0
-12.500901,81,3940.511191,-100.0,-0.25546276133614765,0
-8.751989,42,3941.14331,-100.0,-0.7677590918876545,0
-8.878362,57,3942.017123,-100.0,-0.7503405117563399,0
-8.939053,51,3942.775687,-100.0,-0.7343335529789858,0
-9.491122,69,3943.821873,-100.0,-0.6281229474140284,0
-9.115602,63,3944.768705,-100.0,-0.6763628728610701,0
-8.694664,45,3945.437813,-100.0,-0.6300697922715107,0
-10.018546,70,3946.491034,-100.0,-0.7038634141198097,0
-9.260767,59,3947.387731,-100.0,-0.8265421677741172,0
-8.248445,43,3948.034643,-100.0,-0.42547490507766234,0
-8.472861,45,3948.719341,-100.0,-0.7200454310338984,0
-8.423379,55,3949.551183,-100.0,-0.8204239774425487,0
-7.770695,42,3950.197864,-100.0,-0.6586462737431361,0
-13.390778,98,3951.651443,-100.0,-0.21896181555260819,0
-11.560416,69,3952.696252,-100.0,-0.243291820153743,0
-9.374423,51,4069.542737,-100.0,-0.8881366626433633,0
-7.459864,44,4070.206119,-100.0,-0.6716002419513774,0
-8.125685,61,4071.135942,-100.0,-0.689430000756324,0
-8.49329,39,4071.726869,-100.0,-0.6953091888455318,0
-8.505434,43,4072.392733,-100.0,-0.6000507922241729,0
-8.351957,52,4073.164872,-100.0,-0.7343866484076541,0
-8.120123,46,4073.884045,-100.0,-0.6858056674443768,0
-10.414631,71,4074.935146,-100.0,-0.7573415659196475,0
-9.858781,72,4076.033474,-100.0,-0.6370557729545011,0
-7.951604,40,4076.626806,-100.0,-0.6881529038585633,0
-7.473348,44,4077.293339,-100.0,-0.6726397635236605,0
-9.823543,59,4078.19895,-100.0,-0.6814130447740159,0
-12.250629,59,4079.088299,-100.0,-0.2094111814349889,0
-8.265518,42,4079.717728,-100.0,-0.6394784028364561,0
-8.319091,61,4080.64342,-100.0,-0.6763787559700695,0
-7.412861,44,4081.314036,-100.0,-0.6963337934670348,0
-8.415811,46,4081.999478,-100.0,-0.6024088364228755,0
-8.575237,48,4082.716003,-100.0,-0.608981250444423,0
-8.148226,53,4083.511589,-100.0,-0.6942049067121752,0
-8.524946,53,4084.313021,-100.0,-0.7169947067770216,0
-8.289763,50,4085.080169,-100.0,-0.6367559431267845,0
-6.612661,37,4085.627327,-100.0,-0.6708986875342146,0
-8.364164,49,4086.374108,-100.0,-0.6674904574826898,0
-8.746962,41,4086.991387,-100.0,-0.8036898281632325,0
-9.009623,58,4087.860976,-100.0,-0.7090687773172348,0
-7.762799,49,4088.607792,-100.0,-0.7248856505801021,0
-9.077298,62,4089.538255,-100.0,-0.7136288559377699,0
-7.350567,39,4090.132091,-100.0,-0.6660004761561558,0
-8.151537,49,4090.869262,-100.0,-0.6414034947472341,0
-8.806641,61,4091.788217,-100.0,-0.7405557063444997,0
-7.617849,58,4092.683702,-100.0,-0.8112249830784748,0
-8.300802,55,4093.506072,-100.0,-0.7584649137698192,0
-7.206582,37,4094.086712,-100.0,-0.6815144399446603,0
-8.894218,54,4094.887971,-100.0,-0.6864100319825188,0
-8.398208,48,4095.627452,-100.0,-0.7165139889762103,0
-7.953354,46,4096.331595,-100.0,-0.7018588203154571,0
-8.124174,56,4097.163193,-100.0,-0.7136998638613937,0
-8.178953,66,4098.142916,-100.0,-0.7390854912495007,0
-7.935572,47,4098.863428,-100.0,-0.6718396477620417,0
-7.314707,45,4099.553763,-100.0,-0.65902645516647,0
-8.831692,58,4218.412911,-100.0,-0.7591927795342104,0
-7.677047,46,4219.123605,-100.0,-0.629103366322713,0
-11.345073,117,4220.894196,-100.0,-0.680290468297737,0
-9.800379,82,4222.143636,-100.0,-0.24703093047510213,0
-11.052611,90,4223.518621,-100.0,-0.6926205002428364,0
-8.46163,59,4224.423048,-100.0,-0.7133741138584635,0
-8.694786,56,4225.285054,-100.0,-0.671795696455556,0
-8.972341,56,4226.141747,-100.0,-0.7447708729023588,0
-9.018691,59,4227.048404,-100.0,-0.6928778068471901,0
-7.767747,44,4227.694519,-100.0,-0.651968302330751,0
-8.222014,62,4228.635912,-100.0,-0.6570163553123771,0
-8.935423,65,4229.649948,-100.0,-0.7386871681638263,0
-7.132778,46,4230.34032,-100.0,-0.7154959063105972,0
-8.346122,53,4231.146994,-100.0,-0.6633904576344665,0
-6.91576,41,4231.790961,-100.0,-0.7067494757620213,0
-7.022283,43,4232.45157,-100.0,-0.7277056779612943,0
-8.296849,62,4233.384783,-100.0,-0.7596697456902478,0
-9.101104,64,4234.360269,-100.0,-0.7012793696056582,0
-7.902956,62,4235.297205,-100.0,-0.7086798665493441,0
-7.578694,45,4235.987465,-100.0,-0.7171526227892734,0
-7.644042,48,4236.72138,-100.0,-0.8849003079787333,0
-8.076103,48,4237.454804,-100.0,-0.6884086307877364,0
-8.87225,55,4238.300883,-100.0,-0.6451886335818507,0
-8.715764,61,4239.212805,-100.0,-0.6174427476954589,0
-7.406321,42,4239.86534,-100.0,-0.7439692992302054,0
-7.938512,54,4240.705203,-100.0,-0.7233308491079952,0
-9.728924,63,4241.673518,-100.0,-0.3151220973440714,0
-8.379793,57,4242.538564,-100.0,-0.7710508595308059,0
-6.805183,45,4243.241847,-100.0,-0.7729188395733481,0
-7.436398,47,4243.930115,-100.0,-0.6641237897378988,0
-8.655791,61,4244.8665,-100.0,-0.7012996292794447,0
-8.000255,49,4245.621322,-100.0,-0.6340963542638622,0
-6.839937,45,4246.317958,-100.0,-0.7056238916418008,0
-8.370061,56,4247.154018,-100.0,-0.7183572865053696,0
-7.794482,53,4247.955524,-100.0,-0.7397710480380337,0
-7.624692,44,4248.621013,-100.0,-0.6828164735852126,0
-8.595127,56,4366.775548,-100.0,-0.6123778059185551,0
-7.726906,48,4367.514418,-100.0,-0.6450276493896071,0
-7.419906,45,4368.220551,-100.0,-0.6264732966639704,0
-8.48646,62,4369.178129,-100.0,-0.6744592538844515,0
-7.07936,42,4369.82516,-100.0,-0.7251205843651912,0
-9.467091,69,4370.912245,-100.0,-0.6676979427158006,0
-8.38697,40,4371.505653,-100.0,-0.7483945296480435,0
-7.106235,44,4372.195508,-100.0,-0.701114067374709,0
-7.370983,42,4372.835124,-100.0,-0.6293964277368386,0
-7.639206,42,4373.486076,-100.0,-0.5850547539471915,0
-7.747059,46,4374.194406,-100.0,-0.6990208021010181,0
-7.866886,47,4374.906259,-100.0,-0.715259258801987,0
-9.339757,61,4375.858501,-100.0,-0.629418273432473,0
-7.776522,52,4376.646311,-100.0,-0.6884700446301408,0
-8.235968,49,4377.401393,-100.0,-0.6176721561442498,0
-7.978146,55,4378.239201,-100.0,-0.8546168445250408,0
-7.868843,52,4379.05237,-100.0,-0.6572092738494241,0
-9.517829,46,4379.757743,-100.0,-0.9288298977271795,0
-7.634156,50,4380.526626,-100.0,-0.6782640465035165,0
-7.293987,46,4381.234769,-100.0,-0.6825178524022109,0
-7.055176,43,4381.884107,-100.0,-0.6780452163368538,0
-7.09277,46,4382.596293,-100.0,-0.6634085374210593,0
-8.843232,46,4383.307761,-100.0,-0.6731269468950033,0
-7.134682,45,4384.012907,-100.0,-0.7618870208800415,0
-7.47506,43,4384.678798,-100.0,-0.7114190291276453,0
-8.221765,59,4385.586207,-100.0,-0.7594881417496552,0
-7.512265,43,4386.263706,-100.0,-0.8429325262613268,0
-8.334361,59,4387.160668,-100.0,-0.7439678519219517,0
-7.983198,52,4387.979683,-100.0,-0.7544749265648593,0
-6.614021,39,4388.557769,-100.0,-0.7002028199753539,0
-8.562513,57,4389.445356,-100.0,-0.7943740332565742,0
-7.35525,52,4390.237961,-100.0,-0.7792959055262396,0
-7.857314,50,4390.998847,-100.0,-0.654745414351018,0
-7.944943,47,4391.737117,-100.0,-0.6994926612995308,0
-7.341548,47,4392.445807,-100.0,-0.66374600957147,0
-8.691494,53,4393.272715,-100.0,-0.6589049341600166,0
-7.614772,52,4394.059524,-100.0,-0.646914099423045,0
-7.705921,45,4394.766506,-100.0,-0.7091911912990829,0
-6.904473,44,4395.425381,-100.0,-0.6362808305817939,0
-9.040351,42,4396.087763,-100.0,-0.7246176846341251,0
-7.735595,43,4396.745163,-100.0,-0.6041133624767496,0
-7.353546,47,4397.463734,-100.0,-0.7083150096806651,0
-7.705194,44,4398.139431,-100.0,-0.7610260804188071,0
-8.230778,43,4519.875838,-100.0,-0.7645324252800789,0
-7.055629,38,4520.473802,-100.0,-0.6409868246607732,0
-8.88246,69,4521.555926,-100.0,-0.6202736623486718,0
-7.638368,61,4522.498647,-100.0,-0.6968100024184101,0
-7.017748,47,4523.219388,-100.0,-0.7502161197003466,0
-6.740468,45,4523.930214,-100.0,-0.6601826231700899,0
-7.972318,47,4524.653762,-100.0,-0.5949231003144801,0
-7.751948,43,4525.343259,-100.0,-0.6315839551242504,0
-6.640283,42,4525.988748,-100.0,-0.7188507502363529,0
-6.52197,47,4526.727011,-100.0,-0.7506259788307865,0
-7.31686,40,4527.346486,-100.0,-0.7631945697792141,0
-7.156621,42,4528.003328,-100.0,-0.6296101892243118,0
-7.321816,50,4528.779156,-100.0,-0.7456394389516082,0
-7.716223,61,4529.721852,-100.0,-0.7113375667237146,0
-8.469333,59,4530.635056,-100.0,-0.6301494800169869,0
-7.490458,42,4531.296675,-100.0,-0.7318434030210902,0
-7.320868,41,4531.926503,-100.0,-0.7407358151781638,0
-6.867849,39,4532.549744,-100.0,-0.6230188865059998,0
-8.651734,73,4533.638374,-100.0,-0.6485906841650347,0
-6.999525,44,4534.33961,-100.0,-0.645144092935026,0
-9.21041,86,4535.691309,-100.0,-0.792777436638296,0
-7.810597,51,4536.481725,-100.0,-0.6456729780835944,0
-7.470477,45,4537.157337,-100.0,-0.6644988884898967,0
-7.44428,43,4537.827741,-100.0,-0.6932465896051326,0
-7.182665,46,4538.540174,-100.0,-0.7938295019253604,0
-8.428294,50,4539.324956,-100.0,-0.9259476038117564,0
-6.892399,42,4539.97813,-100.0,-0.6450284150375045,0
-7.286948,39,4540.576866,-100.0,-0.6555043944501785,0
-9.698748,73,4541.714131,-100.0,-0.6697430367240499,0
-7.571217,45,4542.415625,-100.0,-0.8440593126400877,0
-7.90915,46,4543.138178,-100.0,-0.6477415274806605,0
-7.566474,42,4543.782474,-100.0,-0.8423768284155325,0
-7.860041,52,4544.610267,-100.0,-0.7687238196428914,0
-7.165573,41,4545.235875,-100.0,-0.7385125615527429,0
-8.786551,60,4546.176404,-100.0,-0.663330952075671,0
-7.434437,38,4546.77076,-100.0,-0.7358610093366188,0
-8.30804,54,4547.613098,-100.0,-0.6336560916870047,0
-8.638708,63,4548.595042,-100.0,-0.7355880170719697,0
-7.482541,47,4549.307235,-100.0,-0.7651308334578045,0
-7.407772,40,4549.949096,-100.0,-0.6452133057410651,0
-7.609318,44,4550.635716,-100.0,-0.6300482478863081,0
-7.073176,46,4668.925878,-100.0,-0.6637356816192327,0
-7.548779,45,4669.62501,-100.0,-0.5958886637574268,0
-6.794437,42,4670.295981,-100.0,-0.6865937983710192,0
-7.847978,41,4670.933258,-100.0,-0.7495213796746468,0
-7.849565,58,4671.824988,-100.0,-0.7099993321775656,0
-6.885141,39,4672.444993,-100.0,-0.7033396844636771,0
-7.290717,47,4673.179304,-100.0,-0.5836773359524321,0
-7.19326,37,4673.742924,-100.0,-0.6684230143075591,0
-7.094308,48,4674.483276,-100.0,-0.7154737816038235,0
-7.217527,52,4675.292399,-100.0,-0.7783402443986508,0
-8.099105,50,4676.087276,-100.0,-0.7440989199369484,0
-7.574502,49,4676.851173,-100.0,-0.6791716202617979,0
-7.02234,41,4677.483333,-100.0,-0.6408236337762365,0
-7.337769,45,4678.200972,-100.0,-0.6033587499927712,0
-6.751396,40,4678.802585,-100.0,-0.6067532294383136,0
-7.805372,39,4679.394327,-100.0,-0.6383325759802186,0
-6.809667,40,4680.040176,-100.0,-0.6318078647483594,0
-7.383929,55,4680.8972,-100.0,-0.6637925875693808,0
-6.582233,39,4681.500218,-100.0,-0.7694580398874123,0
-6.993427,39,4682.124734,-100.0,-0.6398766261240217,0
-7.403652,35,4682.657238,-100.0,-0.6302552427476913,0
-6.974186,44,4683.354667,-100.0,-0.6618750389393375,0
-7.088277,37,4683.925115,-100.0,-0.6407907155409144,0
-7.139384,43,4684.568106,-100.0,-0.6286210995912096,0
-10.023008,49,4685.325151,-100.0,-0.5904019841727097,0
-6.597192,39,4685.91962,-100.0,-0.5906033468141847,0
-7.730195,43,4686.591603,-100.0,-0.6371528384153793,0
-7.225669,38,4687.190812,-100.0,-0.6657316866045887,0
-8.518109,68,4688.2406,-100.0,-0.7048675164065128,0
-7.990562,54,4689.077381,-100.0,-0.7008161844525242,0
-6.786796,44,4689.757227,-100.0,-0.7036855111679834,0
-7.275229,44,4690.456518,-100.0,-0.6169037592172103,0
-7.728401,54,4691.287639,-100.0,-0.6500576549895615,0
-7.249293,43,4691.959124,-100.0,-0.7938451023874149,0
-7.565994,50,4692.756936,-100.0,-0.6383138655561577,0
-7.296841,52,4693.554204,-100.0,-0.6900654109033465,0
-6.905494,45,4694.24972,-100.0,-0.6684956703441122,0
-7.940443,57,4695.13556,-100.0,-0.7704444269235512,0
-7.813102,50,4695.916421,-100.0,-0.7557454388242951,0
-8.071404,41,4696.551891,-100.0,-0.6971192943074598,0
-7.052122,40,4697.196687,-100.0,-0.617602610673628,0
-7.380079,40,4697.810157,-100.0,-0.647173356808392,0
-7.38261,44,4698.507692,-100.0,-0.6479033978882026,0
-8.335827,47,4699.223185,-100.0,-0.658314022992595,0
-6.858583,40,4699.85778,-100.0,-0.6467097858235569,0
-7.726105,49,4825.840973,-100.0,-0.7343347064347683,0
-7.247001,54,4826.706197,-100.0,-0.7279049540912226,0
-6.936632,46,4827.415388,-100.0,-0.6864062061776893,0
-6.694021,38,4828.021571,-100.0,-0.7533877473242478,0
-7.510899,47,4828.762241,-100.0,-0.7542735026537806,0
-7.01944,47,4829.493477,-100.0,-0.7113657777128246,0
-7.073308,38,4830.097492,-100.0,-0.6476999324222434,0
-7.626314,42,4830.749418,-100.0,-0.6132299577865652,0
-6.724983,40,4831.385631,-100.0,-0.8150868026009654,0
-8.349385,69,4832.442013,-100.0,-0.6677101770722076,0
-6.487405,36,4833.016122,-100.0,-0.8762484648461522,0
-7.055664,40,4833.644735,-100.0,-0.7538430128619384,0
-7.21637,46,4834.359342,-100.0,-0.7100033865273027,0
-6.929865,43,4835.029177,-100.0,-0.7279139226396568,0
-7.741017,42,4835.681473,-100.0,-0.5924695225646487,0
-6.677012,43,4836.363995,-100.0,-0.7035021066571753,0
-7.792241,43,4837.028045,-100.0,-0.7975388535835353,0
-7.13718,42,4837.684889,-100.0,-0.6593845313811761,0
-6.572046,40,4838.324679,-100.0,-0.7748740672706087,0
-6.266953,44,4839.018103,-100.0,-0.810215710265948,0
-7.001798,51,4839.844172,-100.0,-0.7292989303285795,0
-7.126411,40,4840.459383,-100.0,-0.7646087107708507,0
-6.904395,44,4841.128093,-100.0,-0.6643401096842123,0
-7.1513,42,4841.804806,-100.0,-0.7096413598045384,0
-7.416295,40,4842.423608,-100.0,-0.7244358190524037,0
-7.648718,41,4843.05631,-100.0,-0.6824887922232382,0
-7.396011,49,4843.836408,-100.0,-0.7322249460000486,0
-7.632873,47,4844.577771,-100.0,-0.6180939946399948,0
-6.669015,40,4845.192985,-100.0,-0.7188369959355678,0
-7.231594,50,4845.97329,-100.0,-0.6375174994316289,0
-6.937184,49,4846.734313,-100.0,-0.8077674044956401,0
-7.260295,38,4847.321192,-100.0,-0.7256622505050311,0
-7.168812,43,4847.990967,-100.0,-0.7329180052694284,0
-6.858621,43,4848.652949,-100.0,-0.7351251815982797,0
-6.329936,42,4849.311388,-100.0,-0.817533494675308,0
-7.651968,47,4850.059636,-100.0,-0.6773051621569787,0
-6.98177,48,4850.808362,-100.0,-0.7397762036552599,0
-6.318979,40,4851.440144,-100.0,-0.7167815067173724,0
-7.492714,50,4852.206206,-100.0,-0.6615754545257571,0
-7.408506,49,4852.973628,-100.0,-0.6447954228595542,0
-6.959396,44,4853.669685,-100.0,-0.7194926307209475,0
-7.792721,48,4854.620711,-100.0,-0.7487046801217012,0
-6.568051,40,4855.257673,-100.0,-0.7670819361346478,0
-8.429921,56,4856.132524,-100.0,-0.6037549978523846,0
-9.142404,76,4857.333941,-100.0,-0.684403915623262,0
-7.250658,44,4858.003798,-100.0,-0.7069303348629601,0
-8.04698,57,4978.091291,-100.0,-0.7101036384417296,0
-7.274774,43,4978.768631,-100.0,-0.7041851158145076,0
-6.915775,42,4979.425912,-100.0,-0.79269462049932,0
-6.623212,41,4980.093722,-100.0,-0.6890348566345876,0
-7.111649,54,4980.916132,-100.0,-0.6547575264758898,0
-7.005709,43,4981.607122,-100.0,-0.6589514773779233,0
-7.510006,54,4982.475747,-100.0,-0.6532541994214232,0
-6.300151,43,4983.144841,-100.0,-0.7250337487746988,0
-6.78205,42,4983.784044,-100.0,-0.6570435553434656,0
-7.340077,49,4984.581928,-100.0,-0.7454126814963689,0
-6.927563,49,4985.338641,-100.0,-0.7102309226947533,0
-6.704715,40,4985.978076,-100.0,-0.7561050475369873,0
-6.190468,38,4986.576535,-100.0,-0.7613963532661775,0
-7.126821,48,4987.334204,-100.0,-0.6772720786834442,0
-6.835296,49,4988.108775,-100.0,-0.6707143892358044,0
-6.883019,45,4988.801093,-100.0,-0.7112249204479634,0
-6.617889,39,4989.416861,-100.0,-0.6958166686994762,0
-7.619795,53,4990.246498,-100.0,-0.6628130521816032,0
-7.190057,38,4990.849413,-100.0,-0.6368842772318029,0
-6.916432,53,4991.675183,-100.0,-0.7642014112388191,0
-6.852277,45,4992.400158,-100.0,-0.6223780195438631,0
-6.863305,41,4993.038465,-100.0,-0.7187279126165624,0
-7.564834,44,4993.729706,-100.0,-0.6492321831954454,0
-6.633459,40,4994.352236,-100.0,-0.6720824748215776,0
-7.109138,51,4995.177175,-100.0,-0.7990782945478827,0
-6.806722,38,4995.767975,-100.0,-0.6897080902787931,0
-7.009958,40,4996.414199,-100.0,-0.617832671624353,0
-7.050726,40,4997.03075,-100.0,-0.6136602396964485,0
-7.466501,36,4997.601472,-100.0,-0.7473828373256611,0
-7.17783,45,4998.302779,-100.0,-0.6597823371459971,0
-7.161036,38,4998.912573,-100.0,-0.6568237668113286,0
-6.955223,44,4999.590947,-100.0,-0.6867740222297675,0
-6.732993,41,5000.249244,-100.0,-0.7380997567825802,0
-7.206259,46,5000.958628,-100.0,-0.6330473398096812,0
-7.336989,49,5001.731599,-100.0,-0.6967560764299737,0
-6.951233,45,5002.438914,-100.0,-0.6996094789315297,0
-7.390587,46,5003.165198,-100.0,-0.6122685369135688,0
-6.921745,44,5003.864097,-100.0,-0.6399204120724644,0
-6.813534,35,5004.409117,-100.0,-0.6613069206489319,0
-7.045662,47,5005.148425,-100.0,-0.8249654265338505,0
-7.362999,47,5005.89645,-100.0,-0.6553072431218723,0
-6.661261,38,5006.503901,-100.0,-0.6556110246491739,0
-6.398284,37,5007.08178,-100.0,-0.6735386629205712,0
-6.878111,45,5007.805214,-100.0,-0.6799970698327366,0
-6.939327,47,5008.534764,-100.0,-0.6521697843213462,0
-6.569204,44,5009.209357,-100.0,-0.6869498152659366,0
-6.582406,51,5113.922176,-100.0,-0.7421691153602307,0
-6.750216,39,5114.544413,-100.0,-0.6143830631461078,0
-6.294311,39,5115.17369,-100.0,-0.6012130409008816,0
-7.699388,46,5115.904439,-100.0,-0.6988036080863895,0
-6.915453,40,5116.535264,-100.0,-0.728569621917775,0
-6.932586,38,5117.134586,-100.0,-0.7049688100411613,0
-6.53515,38,5117.73636,-100.0,-0.6268630537366666,0
-7.060764,53,5118.583297,-100.0,-0.7079945915853023,0
-6.577579,44,5119.279816,-100.0,-0.6352799910316125,0
-6.831326,41,5119.920964,-100.0,-0.6446724854252902,0
-7.035993,46,5120.658596,-100.0,-0.7299258683484615,0
-6.994706,44,5121.353734,-100.0,-0.7243715561740204,0
-6.739869,50,5122.141809,-100.0,-0.6940621202238039,0
-7.15347,45,5122.857162,-100.0,-0.6427081227611737,0
-7.213761,36,5123.432816,-100.0,-0.7011508928451315,0
-7.013494,40,5124.079159,-100.0,-0.7573134974623602,0
-6.121402,35,5124.631006,-100.0,-0.7538072250645145,0
-6.194537,37,5125.216308,-100.0,-0.6797342447940813,0
-7.062073,49,5125.997598,-100.0,-0.7624608097840337,0
-6.695164,44,5126.694114,-100.0,-0.8919390864792116,0
-7.293496,55,5127.560791,-100.0,-0.6710165975317457,0
-7.050943,45,5128.254746,-100.0,-0.7411277330470386,0
-7.111394,43,5128.931327,-100.0,-0.691114748607427,0
-7.060736,43,5129.61561,-100.0,-0.6327900223773213,0
-6.308331,38,5130.226973,-100.0,-0.7232152050449117,0
-6.444592,43,5130.91531,-100.0,-0.7675083698736241,0
-6.770654,41,5131.547487,-100.0,-0.6832496171807787,0
-7.494428,50,5132.351191,-100.0,-0.6715354512745171,0
-6.363832,38,5132.95631,-100.0,-0.8289143249746804,0
-6.833655,41,5133.615126,-100.0,-0.6488409212441795,0
-6.981206,46,5134.345528,-100.0,-0.6647974681055168,0
-6.640597,41,5134.995846,-100.0,-0.7661009833997046,0
-6.659339,36,5135.562308,-100.0,-0.6383125198110022,0
-7.173489,44,5136.28421,-100.0,-0.8675511355002129,0
-6.659903,41,5136.928745,-100.0,-0.7078518495740208,0
-7.012102,39,5137.544029,-100.0,-0.6792422517772698,0
-6.518538,40,5138.179843,-100.0,-0.7641433921149963,0
-7.102491,42,5138.842544,-100.0,-0.67350788380847,0
-6.868586,42,5139.507758,-100.0,-0.7347446098787981,0
-7.185265,40,5140.146894,-100.0,-0.6535866531666776,0
-6.881994,41,5140.788312,-100.0,-0.7137855250160521,0
-8.02266,55,5141.663979,-100.0,-0.6869857967784936,0
-7.219873,44,5142.359931,-100.0,-0.6359327222756405,0
-7.386397,41,5143.006984,-100.0,-0.644299965180475,0
-6.552183,37,5143.605185,-100.0,-0.6540214693069961,0
-7.10436,45,5144.307552,-100.0,-0.6369219606852784,0
-7.001819,45,5145.025271,-100.0,-0.6683592563555134,0
-6.965015,45,5145.742348,-100.0,-0.6352314237044803,0
-7.225685,44,5268.368336,-100.0,-0.6337061608475021,0
-6.88917,42,5269.026063,-100.0,-0.631601482903337,0
-6.580579,37,5269.619898,-100.0,-0.6266509906497655,0
-6.621671,41,5270.272891,-100.0,-0.7271915231290466,0
-7.187801,42,5270.920892,-100.0,-0.7140801910819039,0
-6.497856,41,5271.575328,-100.0,-0.6608199631673316,0
-6.919455,41,5272.241179,-100.0,-0.6722725269122689,0
-6.928797,48,5273.00396,-100.0,-0.7763292158218981,0
-6.90924,38,5273.600973,-100.0,-0.5895744311280026,0
-6.664851,39,5274.221621,-100.0,-0.6893822114131929,0
-7.781164,51,5275.028209,-100.0,-0.6904907697424828,0
-6.144014,43,5275.709254,-100.0,-0.7421742290574717,0
-7.032805,43,5276.382195,-100.0,-0.6545633710793677,0
-7.07577,52,5277.207204,-100.0,-0.7127459102017457,0
-7.189991,45,5277.900004,-100.0,-0.6376919943989457,0
-6.347001,41,5278.548975,-100.0,-0.719335200843439,0
-7.453248,49,5279.331018,-100.0,-0.6564958443327915,0
-6.417545,39,5279.949498,-100.0,-0.744119494730217,0
-10.260152,108,5281.652689,-100.0,-0.7615553576350446,0
-6.681189,43,5282.327892,-100.0,-0.9216286317972022,0
-6.503118,40,5282.981773,-100.0,-0.6751065432039328,0
-7.060571,38,5283.58533,-100.0,-0.6198233718591726,0
-7.490288,47,5284.324036,-100.0,-0.8350766655168324,0
-6.86696,42,5284.998825,-100.0,-0.7494377053318562,0
-6.767764,41,5285.665308,-100.0,-0.7064440151521947,0
-6.229194,36,5286.219034,-100.0,-0.724152130003321,0
-7.149726,49,5287.006223,-100.0,-0.6572951532511762,0
-7.106551,45,5287.722502,-100.0,-0.7357648506447495,0
-7.238064,38,5288.324012,-100.0,-0.843814267501363,0
-6.846125,41,5288.97087,-100.0,-0.6690387817314792,0
-6.705468,43,5289.637544,-100.0,-0.7764527904904213,0
-6.693728,39,5290.261685,-100.0,-0.6865643038136394,0
-6.733086,44,5290.963085,-100.0,-0.6856054103037846,0
-6.519477,42,5291.638652,-100.0,-0.7219435941390312,0
-6.746718,39,5292.25372,-100.0,-0.6874304445022802,0
-6.362878,36,5292.803802,-100.0,-0.8754701643643901,0
-6.592067,40,5293.428355,-100.0,-0.7220412728705629,0
-6.747529,39,5294.05669,-100.0,-0.6803011912713017,0
-7.487574,46,5294.80322,-100.0,-0.6291921809386675,0
-6.247514,38,5295.387285,-100.0,-0.7692757400118385,0
-6.687536,39,5296.004639,-100.0,-0.6670759832472091,0
-6.388321,41,5296.659908,-100.0,-0.746837698329536,0
-6.596264,39,5297.264135,-100.0,-0.719253632524585,0
-6.528757,42,5297.939077,-100.0,-0.6438066545784918,0
-7.034658,38,5298.538626,-100.0,-0.6424707394952565,0
-6.377236,41,5299.189675,-100.0,-0.7782260899690461,0
-6.840934,39,5299.800843,-100.0,-0.8140442761217713,0
-6.583513,36,5409.563375,-100.0,-0.7183300114237156,0
-6.77044,43,5410.258025,-100.0,-0.7811565103272997,0
-7.096147,44,5410.954479,-100.0,-0.6859509947922404,0
-6.490927,42,5411.606487,-100.0,-0.7065993344043704,0
-6.958586,34,5412.145558,-100.0,-0.7592660183409103,0
-6.255431,41,5412.800047,-100.0,-0.7635100504444212,0
-7.017055,44,5413.499368,-100.0,-0.8083748317541058,0
-6.951121,44,5414.198079,-100.0,-0.7097942437700027,0
-7.111878,58,5415.144288,-100.0,-0.7201686912675807,0
-6.890372,42,5415.815914,-100.0,-0.6910174259855801,0
-7.114153,53,5416.658238,-100.0,-0.701466937708587,0
-6.730052,43,5417.535204,-100.0,-0.7724887225677946,0
-5.96772,34,5418.071235,-100.0,-0.6818459060861729,0
-7.108093,50,5418.8592,-100.0,-0.6310792123361723,0
-6.172159,37,5419.473239,-100.0,-0.7672013801316026,0
-7.164501,40,5420.119992,-100.0,-0.6649653147909568,0
-6.434961,46,5420.848117,-100.0,-0.8206902768029325,0
-6.406546,46,5421.553889,-100.0,-0.7822620797862254,0
-6.586047,38,5422.173872,-100.0,-0.6239780561984849,0
-6.927328,43,5422.859664,-100.0,-0.6614485890557081,0
-7.014349,51,5423.664625,-100.0,-0.6917462876490222,0
-7.333614,45,5424.380296,-100.0,-0.7550735033332221,0
-6.620817,41,5425.028792,-100.0,-0.6833943355130169,0
-7.332645,56,5425.943061,-100.0,-0.7508189676824913,0
-7.310735,38,5426.552507,-100.0,-0.6111914869800305,0
-6.85364,42,5427.209574,-100.0,-0.6762031703024175,0
-6.696581,52,5428.044428,-100.0,-0.7385628902315697,0
-6.035836,37,5428.644644,-100.0,-0.7137439851039635,0
-6.632562,50,5429.440546,-100.0,-0.6660000663295729,0
-6.937198,37,5430.033598,-100.0,-0.6261194727569079,0
-6.687608,40,5430.66662,-100.0,-0.6838418912809998,0
-6.614002,37,5431.236401,-100.0,-0.7685725807543835,0
-6.778074,41,5431.893179,-100.0,-0.6725120847135676,0
-6.277961,36,5432.458686,-100.0,-0.7076926151622267,0
-6.461896,41,5433.118893,-100.0,-0.781262059125683,0
-7.301069,45,5433.835283,-100.0,-0.6863480421984742,0
-6.285341,40,5434.46601,-100.0,-0.6823869180682859,0
-6.708705,41,5435.119688,-100.0,-0.617337205242858,0
-6.723862,38,5435.736516,-100.0,-0.6590653788333068,0
-7.549937,54,5436.571306,-100.0,-0.6602910532912989,0
-7.411404,50,5437.369327,-100.0,-0.5910200669453185,0
-5.885719,34,5437.91165,-100.0,-0.7235691521886828,0
-6.277327,43,5438.602603,-100.0,-0.7098860298250411,0
-6.757775,39,5439.206571,-100.0,-0.7900382940055248,0
-7.221732,54,5440.086176,-100.0,-0.656636125129465,0
-6.582033,40,5440.719952,-100.0,-0.6614043569419491,0
-8.273396,71,5441.827149,-100.0,-0.6418255289945187,0
-6.527265,42,5543.971145,-100.0,-0.7472166568013593,0
-6.644213,40,5544.611099,-100.0,-0.7786695292732217,0
-5.938103,42,5545.300637,-100.0,-0.8364722535460601,0
-6.762114,43,5545.966713,-100.0,-0.6813535151036163,0
-6.431259,41,5546.64793,-100.0,-0.879997262667211,0
-7.447277,38,5547.246852,-100.0,-0.6789476964805689,0
-6.842226,39,5547.876058,-100.0,-0.6691852547642178,0
-6.475224,40,5548.515253,-100.0,-0.7585955184216266,0
-6.687675,40,5549.149476,-100.0,-0.647437609194054,0
-7.048683,46,5549.89653,-100.0,-0.7132434276103129,0
-7.173105,43,5550.590266,-100.0,-0.6135675230824243,0
-7.290768,61,5551.544065,-100.0,-0.7267073391297592,0
-7.462538,45,5552.267581,-100.0,-0.637219708844229,0
-6.301751,41,5552.926954,-100.0,-0.7388739309368745,0
-6.594328,47,5553.688711,-100.0,-0.6820341056111756,0
-6.732936,39,5554.289004,-100.0,-0.6450045408288185,0
-6.026732,46,5555.009225,-100.0,-0.7665543072517718,0
-6.503928,38,5555.617833,-100.0,-0.6609818736392356,0
-6.155784,38,5556.235798,-100.0,-0.7855098982784547,0
-6.769118,41,5556.907005,-100.0,-0.6261451244561105,0
-6.457668,44,5557.615624,-100.0,-0.8108723688499158,0
-7.378669,47,5558.36953,-100.0,-0.6569140644204133,0
-7.099892,40,5559.011949,-100.0,-0.8546249468592878,0
-6.39258,38,5559.611131,-100.0,-0.6935558562092542,0
-6.292404,41,5560.264637,-100.0,-0.6999029377230438,0
-6.399197,41,5560.931636,-100.0,-0.7328508569180759,0
-6.165754,44,5561.630161,-100.0,-0.6387180859690529,0
-6.949455,42,5562.313852,-100.0,-0.6151602704958701,0
-6.551181,39,5562.93303,-100.0,-0.7222826576202827,0
-6.201237,39,5563.566942,-100.0,-0.7136220215555882,0
-7.121397,46,5564.285717,-100.0,-0.6332427681614322,0
-6.473218,40,5564.926665,-100.0,-0.6725048397300821,0
-6.730262,41,5565.568257,-100.0,-0.7298009608356499,0
-7.097521,44,5566.295158,-100.0,-0.6470054401074109,0
-6.7147,41,5566.953159,-100.0,-0.6548575832794702,0
-6.920523,48,5567.72362,-100.0,-0.692284691827063,0
-6.237279,41,5568.389269,-100.0,-0.7128197854955374,0
-6.225861,42,5569.066667,-100.0,-0.7901601648354316,0
-6.564316,36,5569.628142,-100.0,-0.7141977095226449,0
-6.675101,41,5570.275124,-100.0,-0.6172182101376951,0
-6.166492,41,5570.918839,-100.0,-0.7167503759463183,0
-6.133573,36,5571.51405,-100.0,-0.6949091486376127,0
-6.771407,42,5572.173588,-100.0,-0.6763415209182297,0
-6.847915,41,5572.838022,-100.0,-0.6481721177390759,0
-6.473195,37,5573.439409,-100.0,-0.7168724853237903,0
-6.584162,39,5574.063665,-100.0,-0.6589935706081729,0
-6.372676,43,5574.729897,-100.0,-0.6520659712272691,0
-7.567898,53,5575.582782,-100.0,-0.6832971822958299,0
-6.888804,44,5576.274714,-100.0,-0.7334748595334327,0
-6.10669,40,5692.401212,-100.0,-0.8388184160518585,0
-6.14642,36,5692.951617,-100.0,-0.7205378425613252,0
-6.295315,44,5693.663338,-100.0,-0.7288536484050068,0
-7.304905,48,5694.458745,-100.0,-0.6439286284016431,0
-6.507205,39,5695.084084,-100.0,-0.6606368762886041,0
-6.030943,35,5695.648864,-100.0,-0.7922578846724534,0
-6.737906,33,5696.155126,-100.0,-0.6814551625975115,0
-6.82812,36,5696.741217,-100.0,-0.6109651707195358,0
-7.031524,44,5697.447285,-100.0,-0.7026498333155109,0
-6.953832,43,5698.144265,-100.0,-0.6289928449404067,0
-6.467971,43,5698.834121,-100.0,-0.6882231034655912,0
-6.403415,43,5699.528461,-100.0,-0.5808375658621341,0
-6.329154,36,5700.114943,-100.0,-0.7907335784548328,0
-6.831707,53,5700.952096,-100.0,-0.6952902722200747,0
-6.619301,38,5701.570143,-100.0,-0.6337615883922643,0
-6.471517,38,5702.16544,-100.0,-0.6341596385135664,0
-6.224991,39,5702.784955,-100.0,-0.6118578819512822,0
-5.826584,37,5703.385794,-100.0,-0.7466543021760607,0
-6.600101,42,5704.054505,-100.0,-0.6478546980532179,0
-6.879363,46,5704.802171,-100.0,-0.7018828148222933,0
-6.990229,45,5705.539711,-100.0,-0.632820630831637,0
-6.620503,40,5706.179948,-100.0,-0.651676832073155,0
-6.364409,35,5706.747551,-100.0,-0.6939949107048968,0
-6.631477,42,5707.426023,-100.0,-0.6801589172609304,0
-7.281471,39,5708.05513,-100.0,-0.6383396130979437,0
-6.29015,42,5708.728459,-100.0,-0.7173407893921688,0
-6.526765,37,5709.32625,-100.0,-0.6354262297208724,0
-6.47684,39,5709.969535,-100.0,-0.6421733044256841,0
-6.726024,37,5710.558894,-100.0,-0.6230772983117538,0
-6.713389,42,5711.234663,-100.0,-0.6865545995914187,0
-6.568364,46,5711.97914,-100.0,-0.7096913305358211,0
-7.060921,47,5712.720432,-100.0,-0.7188552635878348,0
-6.255561,39,5713.344527,-100.0,-0.748400998243683,0
-6.942165,40,5713.985301,-100.0,-0.612494387384912,0
-6.639465,43,5714.671535,-100.0,-0.707485424625502,0
-6.347467,36,5715.271907,-100.0,-0.7330059381901671,0
-5.964271,38,5715.874241,-100.0,-0.7816806954075008,0
-6.637478,46,5716.627219,-100.0,-0.6398017295197536,0
-6.568163,39,5717.253935,-100.0,-0.7045454306620537,0
-6.950671,39,5717.874999,-100.0,-0.6869558994486572,0
-6.371705,39,5718.507021,-100.0,-0.759724443560632,0
-7.098144,43,5719.205771,-100.0,-0.8574212459638656,0
-6.499831,38,5719.804643,-100.0,-0.7021186637998449,0
-6.829814,39,5720.44073,-100.0,-0.646572915682098,0
-7.060219,43,5721.128464,-100.0,-0.6881174868353686,0
-6.238891,38,5721.748874,-100.0,-0.6549682718052442,0
-6.67407,42,5722.416293,-100.0,-0.6697381664822935,0
-6.842045,50,5723.21454,-100.0,-0.7618018962049015,0
-6.940913,42,5723.893495,-100.0,-0.7113677794690749,0
-6.823692,43,5724.598264,-100.0,-0.6476810199536269,0
-6.733312,52,5840.93575,-100.0,-0.5992622992927539,0
-5.963175,37,5841.537573,-100.0,-0.7785279829723206,0
-6.086211,35,5842.110391,-100.0,-0.6271645126739173,0
-5.989973,34,5842.646081,-100.0,-0.6474923131322288,0
-5.973357,37,5843.261295,-100.0,-0.6963484351345045,0
-6.057493,34,5843.785878,-100.0,-0.6624533819368976,0
-6.519129,40,5844.431746,-100.0,-0.6857892426933797,0
-6.470533,42,5845.115833,-100.0,-0.7096746335398118,0
-6.079942,37,5845.709264,-100.0,-0.7825560126368271,0
-6.143265,40,5846.362327,-100.0,-0.7417077903708836,0
-6.122077,41,5847.017803,-100.0,-0.7718318286664293,0
-6.1227,37,5847.614644,-100.0,-0.6141464914288135,0
-6.480867,36,5848.194143,-100.0,-0.6913717643882186,0
-6.417834,40,5848.846749,-100.0,-0.6752844511861743,0
-7.276792,59,5849.772292,-100.0,-0.6264528025438907,0
-6.059506,33,5850.322192,-100.0,-0.62479162212321,0
-6.540158,40,5850.963443,-100.0,-0.7497484257457919,0
-6.203093,36,5851.554842,-100.0,-0.7673065912524871,0
-6.171469,39,5852.182813,-100.0,-0.8928193711979417,0
-6.207429,38,5852.788322,-100.0,-0.8405485363319459,0
-5.926611,41,5853.442904,-100.0,-0.7837379826659501,0
-6.966544,53,5854.282657,-100.0,-0.7049574491562376,0
-6.491616,39,5854.929123,-100.0,-0.6534498484377672,0
-6.656204,40,5855.570352,-100.0,-0.6579257445152342,0
-6.699273,35,5856.110407,-100.0,-0.655974682977902,0
-6.227038,39,5856.748258,-100.0,-0.7347035630489824,0
-6.240048,38,5857.35152,-100.0,-0.8256669603930906,0
-7.491161,62,5858.365098,-100.0,-0.6287586295033328,0
-6.506731,42,5859.043492,-100.0,-0.7599338359801289,0
-6.433406,40,5859.68265,-100.0,-0.6956532706708155,0
-6.307345,40,5860.321728,-100.0,-0.7435601987334804,0
-7.154579,51,5861.141369,-100.0,-0.7010440900092892,0
-6.473232,42,5861.817061,-100.0,-0.7041685529828362,0
-6.285956,39,5862.437327,-100.0,-0.6997688673398585,0
-6.533378,44,5863.147217,-100.0,-0.7544817600534099,0
-6.014905,33,5863.680077,-100.0,-0.7138105345712614,0
-6.636709,48,5864.439479,-100.0,-0.653147377808026,0
-6.372831,48,5865.400858,-100.0,-0.777014677768175,0
-6.347146,43,5866.108757,-100.0,-0.7279102295353003,0
-6.502395,37,5866.695998,-100.0,-0.7062663979012799,0
-6.279349,41,5867.354163,-100.0,-0.6948191609249457,0
-6.77921,47,5868.120805,-100.0,-0.7119649984383138,0
-6.936136,45,5868.856791,-100.0,-0.7039068084172055,0
-6.683212,43,5869.554722,-100.0,-0.6776131490077703,0
-6.677921,35,5870.121939,-100.0,-0.6945018963854526,0
-6.863645,36,5870.68263,-100.0,-0.6869849291183111,0
-6.586109,42,5871.355252,-100.0,-0.6963857091682469,0
-6.335159,39,5871.974931,-100.0,-0.6909807278788493,0
-6.599532,40,5872.637405,-100.0,-0.7366580605135518,0
-6.372585,44,5873.354765,-100.0,-0.6576220534794083,0
-6.426972,37,5993.308239,-100.0,-0.7165592788443325,0
-6.40783,41,5993.967895,-100.0,-0.687822863978345,0
-6.289975,42,5994.676346,-100.0,-0.7139903524123917,0
-6.711772,48,5995.439182,-100.0,-0.7416625179763852,0
-6.632219,42,5996.103636,-100.0,-0.6776641740329802,0
-6.522918,36,5996.692659,-100.0,-0.9497049880867611,0
-6.050845,41,5997.357439,-100.0,-0.7315582117629211,0
-6.64733,47,5998.122422,-100.0,-0.6398636651534342,0
-6.188294,38,5998.732977,-100.0,-0.6336409940654487,0
-6.725855,45,5999.463836,-100.0,-0.7189551567938962,0
-6.292591,42,6000.135518,-100.0,-0.7892831752743176,0
-6.765984,40,6000.800414,-100.0,-0.7129701316070906,0
-6.005109,39,6001.442492,-100.0,-0.7420093110039483,0
-6.530801,40,6002.075636,-100.0,-0.6942244690680954,0
-6.235084,38,6002.697644,-100.0,-0.7021667446595958,0
-6.14352,42,6003.370074,-100.0,-0.7211063882117847,0
-6.488752,42,6004.04834,-100.0,-0.6906159504698668,0
-6.543674,42,6004.720811,-100.0,-0.8910227444507681,0
-6.860187,35,6005.289802,-100.0,-0.7259462002438181,0
-6.809697,42,6005.984459,-100.0,-0.5932179626399126,0
-6.441525,39,6006.608381,-100.0,-0.6920038490988718,0
-6.312996,43,6007.307427,-100.0,-0.6675829863081013,0
-6.729964,43,6008.007966,-100.0,-0.6605905156237595,0
-5.963245,33,6008.520991,-100.0,-0.7241400071751493,0
-5.900311,34,6009.095923,-100.0,-0.7999604252692835,0
-6.182397,40,6009.736808,-100.0,-0.7745377062943827,0
-6.95263,39,6010.385243,-100.0,-0.6463049648357357,0
-6.304397,36,6010.964986,-100.0,-0.7482903442997614,0
-6.506583,39,6011.59006,-100.0,-0.7125992766227399,0
-6.386548,39,6012.23225,-100.0,-0.6825569081498764,0
-6.303508,42,6012.904783,-100.0,-0.7552740788213137,0
-6.486867,41,6013.554374,-100.0,-0.6806497016219085,0
-5.895668,38,6014.174691,-100.0,-0.8325159679888599,0
-6.335562,38,6014.789304,-100.0,-0.6266348393923905,0
-6.336163,44,6015.492839,-100.0,-0.7691701293201046,0
-6.629234,39,6016.125005,-100.0,-0.7543038514087731,0
-6.893938,48,6016.89171,-100.0,-0.6354159041801172,0
-6.359386,44,6017.620258,-100.0,-0.9263934595995227,0
-6.223323,45,6018.354697,-100.0,-0.81010971696246,0
-6.214241,33,6018.884152,-100.0,-0.5453754112303943,0
-6.749429,41,6019.555037,-100.0,-0.790701391972211,0
-7.680173,43,6020.244395,-100.0,-0.6071989994574214,0
-6.342586,40,6020.901452,-100.0,-0.7460053374715812,0
-5.647641,32,6021.408731,-100.0,-0.7456400359195129,0
-6.510612,43,6022.093579,-100.0,-0.7486631189280724,0
-7.512392,42,6022.783817,-100.0,-0.6159432090302124,0
-6.370891,39,6023.417253,-100.0,-0.7335506740155935,0
-6.323256,44,6024.129686,-100.0,-0.9212567760338827,0
-6.011001,35,6024.707407,-100.0,-0.715318749352805,0
-6.701996,44,6025.421389,-100.0,-0.6184244241972947,0
-6.254319,44,6026.124061,-100.0,-0.781149329230211,0
-6.19187,40,6145.335102,-100.0,-0.8008153313511085,0
-6.613667,35,6145.959435,-100.0,-0.6083939960434841,0
-6.118142,40,6146.651355,-100.0,-0.7213697083732048,0
-6.268013,41,6147.374969,-100.0,-0.7882483498305961,0
-6.406043,40,6148.06356,-100.0,-0.6464378113008872,0
-6.330832,38,6148.738101,-100.0,-0.7328469062837515,0
-6.199326,34,6149.314777,-100.0,-0.6703903106408035,0
-5.819649,37,6149.984415,-100.0,-0.7400559869633637,0
-5.782919,33,6150.564116,-100.0,-0.7204358092946751,0
-6.251712,34,6151.172565,-100.0,-0.7346453672865395,0
-7.347649,58,6152.176094,-100.0,-0.6806771042382307,0
-6.088389,44,6152.950216,-100.0,-0.7393980543063435,0
-6.32926,39,6153.630771,-100.0,-0.7185331610985902,0
-5.750203,37,6154.285119,-100.0,-0.8403162177497142,0
-6.024595,43,6155.047497,-100.0,-0.8028521648014095,0
-6.346204,39,6155.739768,-100.0,-0.6630318107801023,0
-6.418304,38,6156.411486,-100.0,-0.6431896866425287,0
-6.274408,41,6157.127475,-100.0,-0.7002468012807256,0
-6.768101,45,6157.919027,-100.0,-0.6830633929975706,0
-5.924157,42,6158.67013,-100.0,-0.7473732316143678,0
-6.21162,43,6159.425686,-100.0,-0.7613853992416285,0
-6.535127,41,6160.132447,-100.0,-0.6723595546474919,0
-5.904716,39,6160.810832,-100.0,-0.8333299244201933,0
-6.263226,42,6161.552611,-100.0,-0.8004172782442784,0
-6.416878,40,6162.248405,-100.0,-0.749960567354427,0
-6.363608,36,6162.888549,-100.0,-0.6280070077936145,0
-6.341017,36,6163.530342,-100.0,-0.7432960299928182,0
-6.583618,41,6164.235273,-100.0,-0.6343225307109787,0
-6.692239,44,6165.01978,-100.0,-0.7448981957840909,0
-5.838918,42,6165.750746,-100.0,-0.8495367700487835,0
-6.045122,43,6166.505128,-100.0,-0.7580870589601986,0
-6.457272,34,6167.099874,-100.0,-0.7265910093827092,0
-6.620522,41,6167.805596,-100.0,-0.6238723920658819,0
-6.299276,45,6168.59442,-100.0,-0.6842933497296652,0
-6.450045,43,6169.354716,-100.0,-0.7996233844579128,0
-6.59316,40,6170.067848,-100.0,-0.7176659376316418,0
-6.093311,39,6170.755271,-100.0,-0.7353112557144551,0
-6.800524,44,6171.51687,-100.0,-0.657294111957892,0
-6.000231,40,6172.232678,-100.0,-0.6870687727137649,0
-6.19335,40,6172.928056,-100.0,-0.6877256287006294,0
-6.313433,39,6173.611124,-100.0,-0.6967730488412099,0
-5.797159,33,6174.19572,-100.0,-0.9007779270982113,0
-6.989107,41,6174.913685,-100.0,-0.7628913445824792,0
-6.292656,38,6175.581809,-100.0,-0.7388703643265402,0
-6.801089,40,6176.280409,-100.0,-0.7590771281924326,0
-6.078192,42,6177.012733,-100.0,-0.7115839616914443,0
-5.842901,34,6177.617863,-100.0,-0.7066194465775864,0
-5.985927,37,6178.272011,-100.0,-0.6719945769548301,0
-6.055642,39,6178.946336,-100.0,-0.744294307459955,0
-5.882075,38,6179.622441,-100.0,-0.7435575856636789,0
-5.726132,41,6180.339098,-100.0,-0.8259925741750838,0
-5.981039,36,6301.901313,-100.0,-0.8578898241917653,0
-6.03747,38,6302.514079,-100.0,-0.7481424992790877,0
-6.80998,44,6303.227555,-100.0,-0.6682900711913341,0
-5.876743,33,6303.773241,-100.0,-0.7748641576554814,0
-6.106046,38,6304.3965,-100.0,-0.7278323266448257,0
-6.35185,40,6305.049081,-100.0,-0.6389185949412933,0
-6.222122,35,6305.629,-100.0,-0.6490137088660951,0
-6.474365,34,6306.185725,-100.0,-0.833930750457213,0
-6.198302,35,6306.76705,-100.0,-0.7677827037425498,0
-6.772936,38,6307.397469,-100.0,-0.6653185162375485,0
-5.687176,37,6307.99132,-100.0,-0.6861888628758418,0
-6.190905,38,6308.591349,-100.0,-0.67446389632923,0
-6.858657,44,6309.322771,-100.0,-0.7256742819163758,0
-6.322049,33,6309.838665,-100.0,-0.6689042144416547,0
-6.670728,38,6310.477209,-100.0,-0.6757787627442723,0
-6.171357,37,6311.077133,-100.0,-0.7579918059244528,0
-6.385414,43,6311.779341,-100.0,-0.7585424236218197,0
-6.329976,37,6312.382878,-100.0,-0.7540748267196734,0
-6.155123,41,6313.045816,-100.0,-0.8021668493824585,0
-6.342097,34,6313.605804,-100.0,-0.6397598470435714,0
-5.951285,42,6314.278894,-100.0,-0.7984713102988111,0
-6.807866,36,6314.870145,-100.0,-0.717086888539461,0
-6.492641,41,6315.538642,-100.0,-0.7095805287029574,0
-6.530024,44,6316.264265,-100.0,-0.7558316723065971,0
-6.016459,37,6316.881305,-100.0,-0.7810164516629664,0
-5.90684,34,6317.425812,-100.0,-0.7969558005969453,0
-5.977912,36,6318.004276,-100.0,-0.759284431320606,0
-6.299957,35,6318.578796,-100.0,-0.6358241798040555,0
-5.903942,33,6319.110499,-100.0,-0.6733674553178317,0
-6.46363,48,6319.907373,-100.0,-0.6961120572396327,0
-6.228342,38,6320.534316,-100.0,-0.7779909990071819,0
-6.379074,36,6321.114461,-100.0,-0.7745464697504848,0
-6.61724,40,6321.767743,-100.0,-0.7738403721458513,0
-6.153133,32,6322.295573,-100.0,-0.7429199371416526,0
-6.247269,49,6323.09157,-100.0,-0.7400137986921789,0
-6.082251,35,6323.680251,-100.0,-0.5903285663347486,0
-5.867504,41,6324.351807,-100.0,-0.7623829687058717,0
-6.569366,42,6325.017495,-100.0,-0.7077276019818003,0
-6.231913,39,6325.665692,-100.0,-0.6809373764558893,0
-6.225925,36,6326.252178,-100.0,-0.7113391329463494,0
-6.235462,35,6326.833388,-100.0,-0.6492868641197805,0
-5.939537,38,6327.443871,-100.0,-0.7754142401856793,0
-6.416793,39,6328.081208,-100.0,-0.6461186464854957,0
-6.178689,38,6328.703103,-100.0,-0.6277114890366006,0
-5.535897,34,6329.264489,-100.0,-0.7390856034147787,0
-6.536099,38,6329.886571,-100.0,-0.6314006163137461,0
-6.432457,48,6330.671351,-100.0,-0.7642483734392499,0
-6.173208,35,6331.226279,-100.0,-0.7168434389478103,0
-6.547581,44,6331.97084,-100.0,-0.6798264569866429,0
-6.109934,34,6332.506243,-100.0,-0.7247433460010372,0
-6.214968,41,6333.185783,-100.0,-0.6812435610644971,0
-6.560078,40,6333.834239,-100.0,-0.7009342914851283,0
-6.099284,42,6334.527418,-100.0,-0.7632245668625731,0
-6.183331,44,6452.136766,-100.0,-0.7243921427627237,0
-6.565293,40,6452.784616,-100.0,-0.6471798625094565,0
-6.247564,43,6453.495494,-100.0,-0.6933765603067196,0
-6.06935,35,6454.075061,-100.0,-0.6716471894164661,0
-6.349911,38,6454.709521,-100.0,-0.6944885274124161,0
-6.273851,35,6455.279229,-100.0,-0.686710730303449,0
-5.829324,38,6455.909661,-100.0,-0.7859044367319352,0
-5.93741,34,6456.484176,-100.0,-0.6606443384811316,0
-5.904604,34,6457.024096,-100.0,-0.6805659082908815,0
-5.884982,33,6457.570773,-100.0,-0.7600353816951643,0
-6.156006,40,6458.221011,-100.0,-0.775248787540848,0
-5.494715,33,6458.763766,-100.0,-0.7995669417483257,0
-6.096995,35,6459.348835,-100.0,-0.7300083280892108,0
-6.157146,36,6459.929156,-100.0,-0.6055625977971079,0
-6.281315,38,6460.558925,-100.0,-0.6409872102675442,0
-6.482276,37,6461.163615,-100.0,-0.7116659160901067,0
-6.318487,39,6461.810059,-100.0,-0.6746253295252456,0
-6.358494,39,6462.451077,-100.0,-0.6138317587855812,0
-6.575094,38,6463.067865,-100.0,-0.6559434801887298,0
-6.266358,43,6463.790479,-100.0,-0.763491273247193,0
-6.196628,39,6464.412435,-100.0,-0.6613349830772576,0
-6.389173,38,6465.033722,-100.0,-0.6970063562584243,0
-6.07675,41,6465.709653,-100.0,-0.7608425898656674,0
-6.436538,43,6466.41314,-100.0,-0.6696906353153379,0
-6.341441,44,6467.131322,-100.0,-0.8070413208192652,0
-5.983136,40,6467.803409,-100.0,-0.6790415565416634,0
-5.945473,37,6468.398287,-100.0,-0.748872652790674,0
-6.406349,37,6469.014336,-100.0,-0.7610071242231115,0
-6.172758,36,6469.597148,-100.0,-0.6796998625010247,0
-5.986236,38,6470.21842,-100.0,-0.7280715315486588,0
-6.123274,43,6470.915852,-100.0,-0.7817060086334411,0
-6.193551,35,6471.489804,-100.0,-0.6766004771679885,0
-6.329151,43,6472.200478,-100.0,-0.7307470856748169,0
-6.590454,39,6472.834375,-100.0,-0.6944709145749183,0
-6.024085,38,6473.462081,-100.0,-0.8442649025098102,0
-6.261488,38,6474.096747,-100.0,-0.645836911127767,0
-6.694531,39,6474.736021,-100.0,-0.636188677103819,0
-6.051366,37,6475.342754,-100.0,-0.8240599558212581,0
-6.701171,42,6476.030772,-100.0,-0.662052520085896,0
-5.975561,34,6476.592245,-100.0,-0.7174203971182328,0
-6.439549,40,6477.246953,-100.0,-0.6877202609449735,0
-6.213188,36,6477.844306,-100.0,-0.72878818323032,0
-5.908422,36,6478.439379,-100.0,-0.7460799342915333,0
-6.055204,44,6479.144956,-100.0,-0.7487353583042413,0
-6.001654,45,6479.858864,-100.0,-0.7559712101343492,0
-6.048739,41,6480.530252,-100.0,-0.7449208191555773,0
-6.19801,38,6481.149687,-100.0,-0.6986404747605749,0
-6.464815,37,6481.767444,-100.0,-0.6464835955405521,0
-6.914375,44,6482.490374,-100.0,-0.6784195641291031,0
-5.866973,44,6483.221079,-100.0,-0.9778593742752322,0
-6.015998,41,6483.900179,-100.0,-0.7843947624017791,0
-6.235739,38,6484.517074,-100.0,-0.9265744751570594,0
-5.728262,35,6485.098377,-100.0,-0.8174601533605376,0
-5.644268,33,6601.707034,-100.0,-0.8615674766212378,0
-6.29147,33,6602.243012,-100.0,-0.6963927461450375,0
-5.990477,36,6602.83498,-100.0,-0.6584970161024907,0
-6.06971,34,6603.398928,-100.0,-0.7168956903547726,0
-6.626944,45,6604.135165,-100.0,-0.6452327709634565,0
-6.978569,56,6605.08192,-100.0,-0.6697780945806489,0
-5.916969,39,6605.710587,-100.0,-0.8150960625632342,0
-5.901319,33,6606.25752,-100.0,-0.7198160595110837,0
-6.107647,38,6606.881099,-100.0,-0.6866351345406477,0
-5.910409,44,6607.602445,-100.0,-0.7966621673355302,0
-6.153938,42,6608.283524,-100.0,-0.816298862775885,0
-6.328603,42,6608.971008,-100.0,-0.6943343137267057,0
-6.117784,41,6609.651234,-100.0,-0.6847539305728109,0
-5.928805,32,6610.180493,-100.0,-0.7276287286046578,0
-5.724146,33,6610.710542,-100.0,-0.6345528812169156,0
-6.063182,40,6611.371545,-100.0,-0.7595690182849077,0
-5.841862,37,6611.977895,-100.0,-0.6999812802983506,0
-6.287234,34,6612.547111,-100.0,-0.7383278116671586,0
-5.959699,34,6613.110729,-100.0,-0.7111798061551037,0
-6.521451,34,6613.666614,-100.0,-0.6579527562153897,0
-6.470349,45,6614.411882,-100.0,-0.691230412618372,0
-6.094015,33,6614.957745,-100.0,-0.7806540913451162,0
-6.247457,34,6615.515618,-100.0,-0.6972032551929495,0
-6.258265,39,6616.141344,-100.0,-0.772412417487029,0
-5.896334,39,6616.796366,-100.0,-0.7578793891652834,0
-6.064021,39,6617.42843,-100.0,-0.6447131089942408,0
-5.760258,37,6618.037744,-100.0,-0.8511576210600724,0
-5.88718,33,6618.581858,-100.0,-0.7774989115674381,0
-6.589043,45,6619.337678,-100.0,-0.6973142114310259,0
-5.794945,34,6619.907006,-100.0,-0.6303598339248082,0
-6.708921,35,6620.479578,-100.0,-0.6366564072796365,0
-6.013544,39,6621.122994,-100.0,-0.6855385342043703,0
-6.267559,41,6621.788428,-100.0,-0.6599869480714036,0
-6.341102,41,6622.466388,-100.0,-0.6720155266555405,0
-5.7239,35,6623.052655,-100.0,-0.8688353172288209,0
-6.282499,35,6623.616317,-100.0,-0.8067175205760031,0
-6.294074,40,6624.282294,-100.0,-0.7245879498861035,0
-5.84638,44,6625.003975,-100.0,-0.8082628286301486,0
-6.167693,39,6625.63908,-100.0,-0.6675871620514927,0
-6.313474,32,6626.17522,-100.0,-0.7331911284397747,0
-6.204446,44,6626.892212,-100.0,-0.6840621678378581,0
-6.02647,34,6627.463097,-100.0,-0.6313433310057182,0
-6.422463,39,6628.10901,-100.0,-0.6562468192547835,0
-7.051775,50,6628.906262,-100.0,-0.6936322583032104,0
-6.276593,38,6629.535672,-100.0,-0.8104891069701239,0
-6.26598,42,6630.226356,-100.0,-0.7385181029708507,0
-6.226607,34,6630.784074,-100.0,-0.7395782164202535,0
-6.177008,34,6631.35693,-100.0,-0.7178182452655016,0
-6.413231,35,6631.939749,-100.0,-0.5957938759005655,0
-6.827294,42,6632.623108,-100.0,-0.6546772858862923,0
-6.221086,38,6633.24068,-100.0,-0.6806052312009737,0
-6.499338,40,6633.886971,-100.0,-0.7223119616581557,0
-5.879035,37,6634.503199,-100.0,-0.7168103122486078,0
-6.285942,38,6635.140516,-100.0,-0.6638949431256744,0
-6.240743,34,6751.334183,-100.0,-0.6830708273992367,0
-5.664732,33,6751.874273,-100.0,-0.8172533450521101,0
-5.823945,37,6752.502127,-100.0,-0.742483344326022,0
-5.998714,34,6753.064986,-100.0,-0.6367928547711172,0
-5.955822,40,6753.724478,-100.0,-0.771536302156027,0
-5.630623,34,6754.296316,-100.0,-0.8457246698759073,0
-5.972141,35,6754.874523,-100.0,-0.6955919384625712,0
-6.01355,34,6755.442856,-100.0,-0.7518344481463234,0
-5.943841,35,6756.014565,-100.0,-0.6699185467739021,0
-6.094319,34,6756.57257,-100.0,-0.6286846560833841,0
-5.744377,39,6757.223318,-100.0,-0.7802939829383583,0
-5.921178,37,6757.828743,-100.0,-0.7483247567405297,0
-6.119922,47,6758.612063,-100.0,-0.749441547427168,0
-6.486825,35,6759.196668,-100.0,-0.6576799287337275,0
-6.514005,43,6759.893784,-100.0,-0.7452122565637256,0
-5.964365,33,6760.438807,-100.0,-0.6540695270498698,0
-6.15838,37,6761.048418,-100.0,-0.5545732285904638,0
-5.860444,34,6761.615166,-100.0,-0.7369515470727243,0
-6.588436,44,6762.341313,-100.0,-0.7120768668166432,0
-5.672268,33,6762.885395,-100.0,-0.7475121929837039,0
-6.341993,36,6763.475496,-100.0,-0.6671096392293726,0
-5.750384,33,6764.022426,-100.0,-0.7174444433553071,0
-6.11901,42,6764.725666,-100.0,-0.8424586182012426,0
-6.281014,34,6765.272358,-100.0,-0.604063836927613,0
-5.841027,36,6765.883594,-100.0,-0.7702667372999031,0
-5.932974,41,6766.55069,-100.0,-0.7601724754038954,0
-6.063142,42,6767.252431,-100.0,-0.7592063796108997,0
-5.825426,37,6767.864068,-100.0,-0.817437262490004,0
-6.156874,33,6768.405089,-100.0,-0.7206578015920087,0
-5.671008,34,6768.964693,-100.0,-0.7669573613653244,0
-5.840645,36,6769.559973,-100.0,-0.8707887501731666,0
-5.631071,35,6770.14773,-100.0,-0.7703270124969153,0
-5.85323,33,6770.692891,-100.0,-0.6830230919790796,0
-5.643493,34,6771.262249,-100.0,-0.7255032618467131,0
-6.140294,38,6771.867537,-100.0,-0.7680901324060153,0
-5.87221,40,6772.539399,-100.0,-0.778323076399514,0
-5.998604,34,6773.092098,-100.0,-0.6612075804373739,0
-6.034244,41,6773.775779,-100.0,-0.7546314725031241,0
-6.312278,42,6774.46362,-100.0,-0.6747739146207318,0
-5.889205,38,6775.093952,-100.0,-0.7539928306593108,0
-5.750073,38,6775.707392,-100.0,-0.7975396381603452,0
-6.595462,44,6776.457242,-100.0,-0.6665671943543475,0
-6.015839,33,6776.996896,-100.0,-0.7214399704850126,0
-6.196609,36,6777.586164,-100.0,-0.6496293879282609,0
-6.360479,40,6778.244342,-100.0,-0.6966108363907291,0
-6.076653,34,6778.793124,-100.0,-0.8384394772197438,0
-5.900965,37,6779.423791,-100.0,-0.792345469323722,0
-6.528878,36,6780.01465,-100.0,-0.6513604866415529,0
-6.271449,37,6780.642938,-100.0,-0.6789071524079995,0
-5.736849,35,6781.2172,-100.0,-0.6974850514021684,0
-6.308832,36,6781.827174,-100.0,-0.7238186573897835,0
-5.832961,36,6782.405664,-100.0,-0.7296197881151623,0
-6.330608,37,6783.032612,-100.0,-0.663988693432917,0
-5.728086,35,6783.619408,-100.0,-0.774769206164638,0
-6.446191,43,6784.313804,-100.0,-0.6709013300587927,0
-6.289271,39,6903.466791,-100.0,-0.7049579731025098,0
-6.483024,36,6904.053789,-100.0,-0.636374208637674,0
-5.973285,42,6904.757549,-100.0,-0.8315242131044801,0
-5.74681,33,6905.316205,-100.0,-0.7821046120625994,0
-6.061171,34,6905.881667,-100.0,-0.6559481695609303,0
-6.10133,34,6906.445441,-100.0,-0.7057989174552153,0
-5.963342,36,6907.049176,-100.0,-0.8048501370532222,0
-6.162959,34,6907.607079,-100.0,-0.7332990548117151,0
-6.376241,43,6908.304068,-100.0,-0.6761350332959005,0
-6.087234,34,6908.877929,-100.0,-0.705654516106134,0
-5.816368,35,6909.449985,-100.0,-0.7333669517768324,0
-6.049974,34,6910.023404,-100.0,-0.6935887528190586,0
-6.62515,42,6910.704185,-100.0,-0.6744086657728918,0
-6.226819,38,6911.33944,-100.0,-0.6909472158142246,0
-5.848994,38,6911.9754,-100.0,-0.8147372266847903,0
-6.101884,42,6912.658883,-100.0,-0.7197023363436105,0
-6.056553,37,6913.287188,-100.0,-0.7846729533481825,0
-5.812937,35,6913.858452,-100.0,-0.6906593710725958,0
-6.06179,33,6914.413919,-100.0,-0.6783749359150663,0
-6.079352,35,6914.986203,-100.0,-0.6238153115866347,0
-6.067866,35,6915.576053,-100.0,-0.6249758802584209,0
-6.153558,40,6916.236523,-100.0,-0.6799770929662217,0
-5.770375,32,6916.76322,-100.0,-0.8329856923493023,0
-5.790175,38,6917.381661,-100.0,-0.7170019621974091,0
-6.196908,35,6917.97679,-100.0,-0.6904499523891009,0
-6.034979,35,6918.556233,-100.0,-0.7486395531651938,0
-5.950221,43,6919.264683,-100.0,-0.7638718873071961,0
-5.946586,38,6919.890128,-100.0,-0.7621079608108577,0
-6.276129,35,6920.46587,-100.0,-0.6198035116729163,0
-5.573386,36,6921.064693,-100.0,-0.7154093618105007,0
-6.145303,34,6921.629452,-100.0,-0.676290555939174,0
-6.251272,33,6922.181442,-100.0,-0.6947755761006603,0
-6.406357,36,6922.763871,-100.0,-0.7047556342151777,0
-6.065721,39,6923.413572,-100.0,-0.7523033432496238,0
-5.663342,34,6923.980829,-100.0,-0.8149630755090577,0
-5.945842,40,6924.643878,-100.0,-0.7096130287458496,0
-6.266548,42,6925.344687,-100.0,-0.6783240144028148,0
-6.207377,38,6925.961774,-100.0,-0.6553132738992834,0
-6.038858,39,6926.603798,-100.0,-0.6566980497254976,0
-5.547446,34,6927.170323,-100.0,-0.7736462112686526,0
-5.797133,34,6927.722042,-100.0,-0.6923196277177456,0
-5.997482,41,6928.411443,-100.0,-0.7113267800293892,0
-6.364777,38,6929.04668,-100.0,-0.7186807046353066,0
-5.903993,36,6929.631879,-100.0,-0.6987990068275971,0
-5.882045,37,6930.246667,-100.0,-0.7421882642361473,0
-5.970002,35,6930.810401,-100.0,-0.7967399798543198,0
-5.83405,40,6931.475888,-100.0,-0.7252409176573091,0
-5.949476,34,6932.03202,-100.0,-0.7218117821046603,0
-6.433629,44,6932.788279,-100.0,-0.663973547325909,0
-6.560061,37,6933.390878,-100.0,-0.6083307306699888,0
-6.193492,45,6934.131465,-100.0,-0.9022433443328198,0
-6.140983,38,6934.764618,-100.0,-0.6621315068001428,0
-6.095979,35,6935.339203,-100.0,-0.6829924366949196,0
-6.514357,41,6936.021939,-100.0,-0.6830900698531266,0
-5.996577,35,6936.602736,-100.0,-0.761362506569621,0
-5.730646,36,6937.1932,-100.0,-0.758440974497209,0
-5.78389,39,7033.792835,-100.0,-0.87727573591019,0
-6.093295,37,7034.401787,-100.0,-0.674409674026283,0
-6.667375,40,7035.056805,-100.0,-0.7181720393494009,0
-6.067533,35,7035.653246,-100.0,-0.6608267465494078,0
-5.976646,35,7036.220129,-100.0,-0.7196986223615289,0
-6.075311,41,7036.909429,-100.0,-0.7018235711011103,0
-6.19055,35,7037.477833,-100.0,-0.6824150612786214,0
-5.932056,34,7038.048895,-100.0,-0.7336579353977826,0
-6.017098,35,7038.629372,-100.0,-0.6677082269649811,0
-5.52288,32,7039.162239,-100.0,-0.8123328015537228,0
-6.253449,42,7039.856387,-100.0,-0.6488734236227909,0
-6.092467,36,7040.453448,-100.0,-0.7060921065463062,0
-5.527233,40,7041.143945,-100.0,-0.7745903144269499,0
-6.001862,34,7041.705545,-100.0,-0.6501484421188811,0
-5.912053,35,7042.285346,-100.0,-0.6364428589528148,0
-5.482357,33,7042.815084,-100.0,-0.7196682660548815,0
-6.375296,36,7043.418671,-100.0,-0.6538049165044789,0
-6.529396,46,7044.183556,-100.0,-0.7221393624987216,0
-5.998726,42,7044.889165,-100.0,-0.6505437453977736,0
-6.12334,37,7045.496106,-100.0,-0.7647329857522299,0
-5.835109,34,7046.057173,-100.0,-0.7391250828190367,0
-6.15497,39,7046.719961,-100.0,-0.7292902483816601,0
-6.004324,34,7047.263759,-100.0,-0.7113591772447472,0
-5.841306,35,7047.831375,-100.0,-0.6929055051407941,0
-6.222492,44,7048.578778,-100.0,-0.7441095567005577,0
-6.521195,36,7049.178018,-100.0,-0.716466026072799,0
-5.825517,38,7049.8089,-100.0,-0.7017098195200807,0
-5.621893,33,7050.360119,-100.0,-0.7507181525027709,0
-5.843996,34,7050.916869,-100.0,-0.715920629151545,0
-5.676934,39,7051.566656,-100.0,-0.7740228139457422,0
-5.530136,34,7052.134797,-100.0,-0.8459301233493567,0
-5.595478,40,7052.795717,-100.0,-0.7247818381700953,0
-5.726774,38,7053.43708,-100.0,-0.6951749356144753,0
-6.202289,36,7054.018749,-100.0,-0.7194046335752988,0
-5.926132,33,7054.565588,-100.0,-0.8299848500745103,0
-5.790333,44,7055.297589,-100.0,-0.8141684042663194,0
-5.852252,35,7055.880517,-100.0,-0.745526180405378,0
-5.834914,32,7056.41342,-100.0,-0.7959281437704051,0
-5.887893,39,7057.060886,-100.0,-0.7227989080381431,0
-5.711635,39,7057.712045,-100.0,-0.7662403256126253,0
-6.19969,35,7058.302008,-100.0,-0.6658168332297858,0
-5.727933,33,7058.84489,-100.0,-0.7618422662732572,0
-6.468629,39,7059.494969,-100.0,-0.7189842360599482,0
-5.900237,36,7060.082467,-100.0,-0.6614144480021505,0
-5.652184,33,7060.642175,-100.0,-0.7767611547998703,0
-6.10538,40,7061.298857,-100.0,-0.6767962459065389,0
-6.020294,38,7061.930908,-100.0,-0.8041094947791646,0
-5.678306,33,7062.480751,-100.0,-0.8369127630858361,0
-6.263812,41,7063.177415,-100.0,-0.8209232041295451,0
-5.501373,33,7063.711099,-100.0,-0.7322978697199805,0
-6.376048,41,7064.407613,-100.0,-0.7422078044353491,0
-5.625834,32,7064.936742,-100.0,-0.8498211554494648,0
-5.502597,32,7065.45526,-100.0,-0.8272283605530785,0
-6.083714,35,7066.041515,-100.0,-0.7032257259094544,0
-6.10756,38,7066.68029,-100.0,-0.7313972944473073,0
-6.025816,33,7067.242275,-100.0,-0.6670667092639508,0
-5.933732,36,7174.278391,-100.0,-0.7107661119773091,0
-6.466961,41,7174.970938,-100.0,-0.6717693181935369,0
-5.672067,32,7175.487691,-100.0,-0.9171761544701696,0
-6.149741,41,7176.178259,-100.0,-0.6393435339283569,0
-6.213128,40,7176.841971,-100.0,-0.6768429621567502,0
-6.002296,34,7177.411203,-100.0,-0.6082971942226241,0
-6.100562,34,7177.980709,-100.0,-0.7569166954286114,0
-6.08613,33,7178.533942,-100.0,-0.6496280309242659,0
-5.937911,33,7179.074434,-100.0,-0.706068721332546,0
-5.968349,36,7179.677685,-100.0,-0.6470672921681357,0
-5.493464,32,7180.190127,-100.0,-0.8754244385789874,0
-6.273565,43,7180.932444,-100.0,-0.8081711280352485,0
-5.475447,37,7181.544149,-100.0,-0.8065728524874388,0
-5.789728,33,7182.093603,-100.0,-0.6759148342204523,0
-6.180373,35,7182.681667,-100.0,-0.7121127454369073,0
-5.828709,33,7183.239107,-100.0,-0.6864837969106319,0
-5.953465,34,7183.797221,-100.0,-0.7325783769040719,0
-5.828571,33,7184.348376,-100.0,-0.7341497243911468,0
-5.929909,33,7184.892321,-100.0,-0.728364367225614,0
-6.060704,37,7185.497986,-100.0,-0.7159191719006058,0
-6.182686,38,7186.150802,-100.0,-0.6857551399039216,0
-6.056258,34,7186.713816,-100.0,-0.6929799173380847,0
-6.132382,39,7187.378935,-100.0,-0.6759217125487179,0
-5.69706,34,7187.93374,-100.0,-0.7340848435065176,0
-5.866921,34,7188.510275,-100.0,-0.6896650846560635,0
-6.152275,33,7189.060136,-100.0,-0.7107248312486224,0
-6.351565,34,7189.627041,-100.0,-0.7498944245672918,0
-5.586737,33,7190.171853,-100.0,-0.8197513844898549,0
-5.812802,33,7190.727588,-100.0,-0.804744458580277,0
-5.748246,35,7191.300056,-100.0,-0.7758895897357859,0
-5.71809,36,7191.89526,-100.0,-0.7195452275243205,0
-5.84696,35,7192.483454,-100.0,-0.7422810249349039,0
-6.032033,39,7193.123526,-100.0,-0.8594152798647015,0
-5.70172,35,7193.698236,-100.0,-0.7768935493054299,0
-6.168095,35,7194.293265,-100.0,-0.6389688530863196,0
-6.334061,38,7194.94345,-100.0,-0.5815787833266896,0
-6.424181,41,7195.623919,-100.0,-0.728854999520536,0
-6.033972,40,7196.310964,-100.0,-0.8196789164598225,0
-5.986019,34,7196.872693,-100.0,-0.6113630782210728,0
-6.595765,43,7197.578381,-100.0,-0.6730762879726229,0
-6.100136,39,7198.224947,-100.0,-0.7517357495126603,0
-6.011492,34,7198.803281,-100.0,-0.6179630944732772,0
-5.927019,35,7199.386468,-100.0,-0.8627451284066782,0
-5.912286,34,7199.97102,-100.0,-0.7380638498018729,0
-6.003189,40,7200.617775,-100.0,-0.7018904248393296,0
-6.626301,35,7201.207071,-100.0,-0.6500222056159749,0
-6.158291,34,7201.768237,-100.0,-0.6638444021214565,0
-5.848906,33,7202.304534,-100.0,-0.7168238331431831,0
-6.276556,40,7202.970626,-100.0,-0.6987480050261428,0
-5.984023,33,7203.525747,-100.0,-0.6746067625574177,0
-5.609274,33,7204.09368,-100.0,-0.7838660440543972,0
-5.7264,32,7204.617559,-100.0,-0.6877869276596509,0
-5.76642,39,7205.254179,-100.0,-0.8249733879876766,0
-5.839226,36,7205.839221,-100.0,-0.7744653675027462,0
-5.844833,33,7206.386825,-100.0,-0.6493473804256994,0
-6.036047,34,7206.95758,-100.0,-0.6404994455255539,0
-5.795837,32,7207.50394,-100.0,-0.7941913162936084,0
-5.521181,40,7314.816975,-100.0,-0.8043685959860326,0
-6.044119,34,7315.378543,-100.0,-0.6578881286619532,0
-6.220171,43,7316.0965,-100.0,-0.6625154698351288,0
-5.59141,32,7316.640251,-100.0,-0.6718476779244762,0
-5.744032,39,7317.286136,-100.0,-0.7895795201673553,0
-5.834495,34,7317.865261,-100.0,-0.6822216662719778,0
-5.978358,34,7318.42981,-100.0,-0.6946036522111563,0
-5.844542,33,7318.99653,-100.0,-0.7406766450857233,0
-5.918445,34,7319.57444,-100.0,-0.6833565463835086,0
-6.10337,37,7320.180416,-100.0,-0.7508204040129164,0
-6.064525,34,7320.757572,-100.0,-0.7359159190875322,0
-5.825557,34,7321.32986,-100.0,-0.7520403926330482,0
-5.756565,33,7321.878143,-100.0,-0.7194350872742277,0
-6.070546,42,7322.58698,-100.0,-0.6630883715757082,0
-6.221436,38,7323.208987,-100.0,-0.7798727707716815,0
-5.781851,34,7323.785561,-100.0,-0.7792243109395036,0
-5.784844,33,7324.327738,-100.0,-0.802683230201982,0
-5.803313,38,7324.968965,-100.0,-0.7847886085770279,0
-6.258475,38,7325.598335,-100.0,-0.6701981375369613,0
-6.200916,33,7326.15696,-100.0,-0.6331656458072126,0
-5.552141,33,7326.701675,-100.0,-0.8216512172471409,0
-5.87126,33,7327.255068,-100.0,-0.6701263015017958,0
-6.0024,35,7327.843673,-100.0,-0.6854901081000854,0
-6.01356,33,7328.392349,-100.0,-0.6606144343404348,0
-5.698637,36,7328.991952,-100.0,-0.7747457921141168,0
-5.765547,35,7329.587195,-100.0,-0.7224144924967284,0
-6.191805,40,7330.258915,-100.0,-0.6565268390264698,0
-5.961967,34,7330.813409,-100.0,-0.761115771519347,0
-5.505187,32,7331.361039,-100.0,-0.9044715840495104,0
-6.280746,40,7332.025717,-100.0,-0.6658581458178324,0
-6.494124,39,7332.682349,-100.0,-0.7036470362674687,0
-5.6836,42,7333.386571,-100.0,-0.8649710194978854,0
-5.802848,33,7333.946318,-100.0,-0.7188697141185538,0
-5.644535,34,7334.518156,-100.0,-0.7888968448764802,0
-5.87063,34,7335.080888,-100.0,-0.7070369454065321,0
-5.637665,34,7335.648346,-100.0,-0.7200894877013393,0
-6.075938,33,7336.213302,-100.0,-0.6260487292219448,0
-5.94861,39,7336.848672,-100.0,-0.7141794997638081,0
-5.95307,37,7337.470629,-100.0,-0.7629201067172987,0
-5.901239,33,7338.020276,-100.0,-0.7694365924945125,0
-5.90206,34,7338.587725,-100.0,-0.6831302500883117,0
-6.063902,33,7339.134131,-100.0,-0.7162076946155208,0
-5.848331,32,7339.672085,-100.0,-0.7763760399315032,0
-5.820206,34,7340.234347,-100.0,-0.7288026847854387,0
-5.84705,32,7340.785773,-100.0,-0.815194934079422,0
-6.099252,34,7341.354249,-100.0,-0.6554660273931147,0
-5.672089,34,7341.921273,-100.0,-0.8896551572850281,0
-6.039833,43,7342.630854,-100.0,-0.662695023554049,0
-6.514425,44,7343.354555,-100.0,-0.6585952514079407,0
-5.950383,34,7343.927474,-100.0,-0.6417408359160572,0
-6.015555,37,7344.541328,-100.0,-0.7908019913483892,0
-5.626011,35,7345.123353,-100.0,-0.6961259729836815,0
-5.557457,34,7345.684893,-100.0,-0.8315094447802825,0
-6.295772,41,7346.388128,-100.0,-0.6253933659709806,0
-5.815703,34,7346.951893,-100.0,-0.6959646622930563,0
-5.872389,34,7347.520132,-100.0,-0.6453896210427255,0
-5.581153,35,7348.110861,-100.0,-0.7699894858081282,0
-6.206598,40,7477.515494,-100.0,-0.68940847589928,0
-5.510589,35,7478.109179,-100.0,-0.779851886633977,0
-6.631975,36,7478.711535,-100.0,-0.6680248422076165,0
-6.017538,33,7479.253672,-100.0,-0.6453290727776451,0
-5.839401,33,7479.818689,-100.0,-0.6793389206234526,0
-6.330739,37,7480.428016,-100.0,-0.8439001090650388,0
-5.66163,34,7481.008889,-100.0,-0.8202579033613351,0
-5.620745,34,7481.577851,-100.0,-0.7259891822241109,0
-5.909144,35,7482.168908,-100.0,-0.7540564362352996,0
-5.906626,39,7482.80725,-100.0,-0.7771250555289366,0
-6.107293,34,7483.389873,-100.0,-0.656332569472627,0
-5.659057,39,7484.044109,-100.0,-0.7741814421105051,0
-5.652549,33,7484.589318,-100.0,-0.784683056373613,0
-6.00559,39,7485.239762,-100.0,-0.6786206041556432,0
-5.923273,38,7485.885814,-100.0,-0.7037057325934629,0
-5.912815,38,7486.53201,-100.0,-0.8230124716580686,0
-6.008046,34,7487.104898,-100.0,-0.7323364095767365,0
-5.75763,36,7487.703955,-100.0,-0.7658405020946197,0
-5.877261,34,7488.284117,-100.0,-0.6803500722143505,0
-6.423007,35,7488.873093,-100.0,-0.7100501219661469,0
-6.192365,36,7489.473383,-100.0,-0.8025805717180877,0
-6.258695,35,7490.051738,-100.0,-0.6570984534812058,0
-5.725045,35,7490.640334,-100.0,-0.696624019040717,0
-5.996231,38,7491.267076,-100.0,-0.6756647985482676,0
-5.832198,35,7491.851202,-100.0,-0.7423903064750296,0
-5.724386,38,7492.470016,-100.0,-0.7494226761372721,0
-6.251523,35,7493.057259,-100.0,-0.7132407787249148,0
-6.093892,33,7493.619162,-100.0,-0.725481740314331,0
-6.643102,43,7494.35712,-100.0,-0.650194372222985,0
-6.321668,40,7495.043056,-100.0,-0.856367784745833,0
-6.32977,42,7495.747229,-100.0,-0.7263858584565761,0
-5.681005,34,7496.314623,-100.0,-0.6933311753273186,0
-5.737999,33,7496.868353,-100.0,-0.6883899884412945,0
-5.574849,38,7497.496297,-100.0,-0.8634319401319168,0
-5.860826,36,7498.102572,-100.0,-0.6319795187811819,0
-5.520459,33,7498.66148,-100.0,-0.782686073960249,0
-6.182731,35,7499.250942,-100.0,-0.6623949142927062,0
-6.038784,37,7499.875294,-100.0,-0.6634698769568412,0
-5.858893,42,7500.553464,-100.0,-0.8248715996839396,0
-5.806132,35,7501.143388,-100.0,-0.7413696435391419,0
-5.855257,33,7501.69225,-100.0,-0.689898886945517,0
-5.473653,34,7502.266596,-100.0,-0.8471562567816269,0
-5.746796,33,7502.817653,-100.0,-0.7591032623252313,0
-6.250723,35,7503.413731,-100.0,-0.7051242088383096,0
-5.486999,37,7504.02993,-100.0,-0.812860913721152,0
-5.921656,41,7504.707654,-100.0,-0.6974840297133318,0
-5.929149,35,7505.306746,-100.0,-0.7378417975311888,0
-5.896882,42,7506.00395,-100.0,-0.7379372547478342,0
-5.835503,33,7506.558476,-100.0,-0.7726848249787266,0
-6.124414,34,7507.131425,-100.0,-0.7222510147473323,0
-5.778729,34,7507.699124,-100.0,-0.8003848250560861,0
-6.163471,35,7508.273098,-100.0,-0.6774988640872147,0
-5.46136,34,7508.848287,-100.0,-0.788814155755817,0
-5.756701,37,7509.48603,-100.0,-0.7875938170689952,0
-5.576272,32,7510.025851,-100.0,-0.7567922844901707,0
-6.025775,37,7510.639845,-100.0,-0.7227436046363191,0
-5.882206,42,7511.351465,-100.0,-0.705524104238635,0
-5.539909,33,7636.133075,-100.0,-0.9199636134317092,0
-6.208796,35,7636.724715,-100.0,-0.724122554568854,0
-6.329558,48,7637.546859,-100.0,-0.7006022252847574,0
-5.939793,34,7638.112935,-100.0,-0.6558623803736606,0
-5.938669,41,7638.793209,-100.0,-0.7336003836259211,0
-5.690963,33,7639.358966,-100.0,-0.7702231592407677,0
-6.291348,33,7639.906378,-100.0,-0.6721057041211461,0
-6.301479,40,7640.576212,-100.0,-0.6619809915924595,0
-6.02946,34,7641.150989,-100.0,-0.6750705742663166,0
-5.870862,34,7641.715683,-100.0,-0.7463499718202492,0
-6.291634,33,7642.263515,-100.0,-0.6484487265083059,0
-6.00753,33,7642.82885,-100.0,-0.6547279637718212,0
-5.951587,39,7643.499322,-100.0,-0.6864021681049022,0
-6.036988,38,7644.121949,-100.0,-0.7395878992073406,0
-5.649006,34,7644.695138,-100.0,-0.7813478950132311,0
-5.667284,33,7645.252177,-100.0,-0.7388039453584438,0
-5.669792,33,7645.813723,-100.0,-0.7530248749503405,0
-5.590718,37,7646.420582,-100.0,-0.8819031424302362,0
-5.783884,34,7646.995989,-100.0,-0.7460020602875085,0
-5.767495,37,7647.606826,-100.0,-0.9085542085279648,0
-5.707649,36,7648.207392,-100.0,-0.7581534322103455,0
-5.711954,32,7648.744718,-100.0,-0.7643043817123872,0
-5.6954,35,7649.323997,-100.0,-0.7365238352179122,0
-5.385699,32,7649.873213,-100.0,-0.8861722018626649,0
-5.6455,32,7650.41657,-100.0,-0.8030543904907185,0
-5.95678,39,7651.062923,-100.0,-0.7002833791036371,0
-5.808158,34,7651.637176,-100.0,-0.7257378877342007,0
-5.959981,37,7652.251082,-100.0,-0.7596234143683949,0
-5.711858,33,7652.810139,-100.0,-0.7588038796555068,0
-5.457527,34,7653.381239,-100.0,-0.7478238440244844,0
-5.751206,33,7653.945746,-100.0,-0.929773894282558,0
-5.830008,39,7654.581149,-100.0,-0.875511684756281,0
-6.271545,35,7655.174227,-100.0,-0.6201428953829748,0
-5.795496,32,7655.711224,-100.0,-0.77288824656735,0
-5.603121,33,7656.277722,-100.0,-0.8156974629272171,0
-5.903631,33,7656.828119,-100.0,-0.7330261274671614,0
-6.209998,39,7657.471955,-100.0,-0.6758874064065988,0
-5.578745,33,7658.026958,-100.0,-0.8246934199194108,0
-5.888296,35,7658.632927,-100.0,-0.7677416624196262,0
-5.82002,33,7659.182825,-100.0,-0.7955424891661707,0
-5.654379,33,7659.736471,-100.0,-0.7810482526969094,0
-6.441279,37,7660.359366,-100.0,-0.6991149713792001,0
-5.884031,34,7660.922449,-100.0,-0.6547209877066337,0
-5.604729,32,7661.454838,-100.0,-0.7967070342166593,0
-6.139518,35,7662.041117,-100.0,-0.6959096171477108,0
-6.004947,34,7662.612883,-100.0,-0.681713753948622,0
-5.806662,33,7663.155244,-100.0,-0.7819015370186265,0
-5.460585,33,7663.707486,-100.0,-0.8417287273474089,0
-5.97463,34,7664.294895,-100.0,-0.6888335548900202,0
-6.442804,40,7664.972575,-100.0,-0.6810226385272286,0
-5.481995,37,7665.590921,-100.0,-0.8827006581374723,0
-5.386535,33,7666.140879,-100.0,-0.8243676993647154,0
-5.989941,35,7666.735375,-100.0,-0.6779158736318079,0
-6.083591,34,7667.305723,-100.0,-0.623341014645143,0
-5.731742,34,7667.87679,-100.0,-0.7606484615134106,0
-6.041385,33,7668.427279,-100.0,-0.6759451509591631,0
-6.345801,33,7668.990787,-100.0,-0.7312714741412,0
-6.006481,36,7669.592636,-100.0,-0.8126278260828466,0
-5.976826,38,7670.22521,-100.0,-0.6871456619075612,0
-5.85316,36,7791.416236,-100.0,-0.7031429851296708,0
-5.750361,34,7791.9886,-100.0,-0.7118532999227213,0
-5.863215,33,7792.532604,-100.0,-0.6487074765757083,0
-5.524874,33,7793.089991,-100.0,-0.8276784098130502,0
-6.115855,33,7793.648456,-100.0,-0.6955000305370186,0
-6.030665,34,7794.222387,-100.0,-0.7714772430072009,0
-5.761769,33,7794.77541,-100.0,-0.7741003706782018,0
-6.5256,55,7795.684212,-100.0,-0.7028437393514818,0
-6.169309,34,7796.264856,-100.0,-0.7016235026919804,0
-6.36279,33,7796.833744,-100.0,-0.6881673831121516,0
-5.405234,33,7797.389093,-100.0,-0.813425872741807,0
-5.585827,34,7797.959876,-100.0,-0.8039494682751311,0
-5.483337,32,7798.499722,-100.0,-0.7868787622795113,0
-5.647649,33,7799.055685,-100.0,-0.7231848443662788,0
-5.523548,34,7799.624582,-100.0,-0.860772303228373,0
-5.66242,33,7800.190636,-100.0,-0.8169280105062783,0
-5.994046,34,7800.763323,-100.0,-0.7883843879345409,0
-5.956269,33,7801.319666,-100.0,-0.654307097461815,0
-5.996932,32,7801.860532,-100.0,-0.7516893695127022,0
-5.866949,36,7802.469113,-100.0,-0.7071014407250878,0
-5.422827,33,7803.019547,-100.0,-0.826562859958387,0
-5.91381,35,7803.611568,-100.0,-0.8883001546430133,0
-5.698567,33,7804.180081,-100.0,-0.7372539657858306,0
-5.931914,39,7804.837114,-100.0,-0.7708389353669866,0
-5.547542,33,7805.391867,-100.0,-0.7742153890108009,0
-6.004448,34,7805.964172,-100.0,-0.6180540688021526,0
-5.844455,34,7806.53213,-100.0,-0.684959917176329,0
-6.224172,37,7807.164305,-100.0,-0.6732214521326733,0
-5.511962,33,7807.705553,-100.0,-0.8007730617235512,0
-5.372523,33,7808.263259,-100.0,-0.8626289348052123,0
-5.795049,33,7808.828963,-100.0,-0.7406349033975006,0
-5.414871,34,7809.388645,-100.0,-0.7816262279764257,0
-5.659378,34,7809.959259,-100.0,-0.716033068548693,0
-5.927891,34,7810.530935,-100.0,-0.7158585342820519,0
-5.821697,34,7811.10915,-100.0,-0.6681836957762426,0
-5.904534,35,7811.691815,-100.0,-0.6719626953080957,0
-5.652346,34,7812.266827,-100.0,-0.7239752560298386,0
-5.860671,33,7812.821795,-100.0,-0.6414871057430553,0
-5.592233,32,7813.36817,-100.0,-0.9037027630013906,0
-6.182647,34,7813.93427,-100.0,-0.7789302277857537,0
-5.49331,32,7814.477911,-100.0,-0.7888604330499984,0
-5.837683,32,7814.993985,-100.0,-0.6580952019211408,0
-5.666318,32,7815.534796,-100.0,-0.748528456647733,0
-5.437967,33,7816.084364,-100.0,-0.7981993570939893,0
-5.887143,36,7816.704335,-100.0,-0.7237258728135012,0
-6.157242,34,7817.281355,-100.0,-0.624852585956866,0
-5.562042,33,7817.825362,-100.0,-0.8005675357541912,0
-5.952633,34,7818.410484,-100.0,-0.6653159759117429,0
-5.365633,32,7818.928264,-100.0,-0.7971281123238624,0
-5.493731,33,7819.474828,-100.0,-0.7908164666668789,0
-5.710673,34,7820.051147,-100.0,-0.7750248242159878,0
-5.561659,35,7820.641615,-100.0,-0.8957107703865052,0
-5.571306,32,7821.166467,-100.0,-0.7845062099001007,0
-6.275391,38,7821.813162,-100.0,-0.6743882627664555,0
-5.719303,33,7822.358783,-100.0,-0.7206447000433945,0
-5.872985,34,7822.931992,-100.0,-0.6810252756992289,0
-5.859811,33,7823.482647,-100.0,-0.7099298636274736,0
-5.908096,34,7824.054322,-100.0,-0.694674550062676,0
-5.710037,33,7824.594195,-100.0,-0.7347174860202316,0
-5.59048,32,7825.139227,-100.0,-0.8777063414442504,0
-5.995893,36,7954.774016,-100.0,-0.7690409491838379,0
-5.669071,32,7955.356752,-100.0,-0.7572738680239973,0
-5.743053,33,7955.972261,-100.0,-0.7056909675491546,0
-5.652632,34,7956.591297,-100.0,-0.7360380981630303,0
-5.580113,33,7957.200607,-100.0,-0.7933730935016438,0
-5.651531,34,7957.809146,-100.0,-0.8122993400854356,0
-5.491129,32,7958.40117,-100.0,-0.8195147639117341,0
-5.801878,33,7958.994279,-100.0,-0.6890830554624501,0
-5.520218,33,7959.598089,-100.0,-0.8403325071433857,0
-6.2188,35,7960.234565,-100.0,-0.7204155381950225,0
-5.732626,45,7961.015389,-100.0,-0.843755522297913,0
-5.565362,33,7961.614679,-100.0,-0.769878721612303,0
-5.912081,33,7962.223142,-100.0,-0.7087092679360101,0
-5.973073,33,7962.833594,-100.0,-0.7093200409532141,0
-5.864372,34,7963.456255,-100.0,-0.65482799648442,0
-6.022306,33,7964.067838,-100.0,-0.70097301906646,0
-6.043103,34,7964.682474,-100.0,-0.7082569743193935,0
-5.714866,33,7965.29154,-100.0,-0.7420610431351261,0
-5.613425,32,7965.880356,-100.0,-0.8227954902653235,0
-5.861094,33,7966.461978,-100.0,-0.6939625849487577,0
-6.069042,40,7967.193786,-100.0,-0.6835465794428713,0
-5.542049,35,7967.839495,-100.0,-0.8342553965485348,0
-6.097995,33,7968.44422,-100.0,-0.6595073237320587,0
-6.046462,34,7969.06164,-100.0,-0.7305256717192772,0
-6.091,32,7969.621532,-100.0,-0.755541167384102,0
-5.78875,32,7970.203831,-100.0,-0.8166961955982364,0
-6.461537,42,7970.982146,-100.0,-0.6580776939295906,0
-5.612274,32,7971.567122,-100.0,-0.7909722541037159,0
-5.982803,39,7972.268857,-100.0,-0.7255293455755835,0
-5.871744,38,7972.940498,-100.0,-0.6399546425610839,0
-5.96008,33,7973.539401,-100.0,-0.7064706143939513,0
-6.150844,33,7974.142431,-100.0,-0.6899827944563822,0
-6.124842,34,7974.768238,-100.0,-0.7371547894744744,0
-6.050941,34,7975.388712,-100.0,-0.6451021769733956,0
-6.031083,34,7976.008849,-100.0,-0.6592426204564545,0
-5.718546,35,7976.643425,-100.0,-0.7055770656898365,0
-5.559216,33,7977.240393,-100.0,-0.8204077917218786,0
-5.466503,33,7977.837386,-100.0,-0.8011263713819206,0
-5.808051,33,7978.447965,-100.0,-0.7642453751141224,0
-5.543967,32,7979.027991,-100.0,-0.7678213106405638,0
-5.631218,39,7979.729873,-100.0,-0.8330924437299484,0
-5.433195,32,7980.320646,-100.0,-0.8975727919477374,0
-5.888101,33,7980.926356,-100.0,-0.6963777283958622,0
-5.991352,34,7981.540315,-100.0,-0.7182962946323499,0
-6.397658,36,7982.194324,-100.0,-0.6510431906997621,0
-5.659935,32,7982.780668,-100.0,-0.7402552001053626,0
-5.933822,33,7983.39315,-100.0,-0.7227682928221665,0
-5.78711,33,7983.996587,-100.0,-0.7601009322952824,0
-5.861461,32,7984.58759,-100.0,-0.8084787436874952,0
-5.555538,33,7985.197201,-100.0,-0.8353211540854053,0
-5.792386,33,7985.793762,-100.0,-0.6762496917922816,0
-5.523406,37,7986.466712,-100.0,-0.7638526001349265,0
-5.477776,32,7987.049726,-100.0,-0.806092836839299,0
-5.959021,33,7987.665622,-100.0,-0.6783356999007963,0
-6.026165,35,7988.309005,-100.0,-0.6743161993278798,0
-5.812048,33,7988.906332,-100.0,-0.7716899321086808,0
-6.006265,33,7989.503748,-100.0,-0.7528568265511897,0
-6.296473,38,7990.180731,-100.0,-0.725518846627111,0
-5.415878,33,7990.793003,-100.0,-0.8391774629240993,0
-5.617569,33,7991.383883,-100.0,-0.6998008821631445,0
-5.826425,35,8110.384296,-100.0,-0.6534371727701406,0
-5.892824,36,8110.983231,-100.0,-0.675591841525005,0
-6.351641,35,8111.576928,-100.0,-0.6303749527266529,0
-5.902395,33,8112.136213,-100.0,-0.7062942161596859,0
-5.738025,34,8112.701467,-100.0,-0.6226921424882259,0
-5.518963,33,8113.258956,-100.0,-0.8157363726033592,0
-5.388953,34,8113.835939,-100.0,-0.8656714919217338,0
-6.245285,33,8114.391158,-100.0,-0.6834988604528295,0
-5.899524,37,8115.007535,-100.0,-0.7177172272924449,0
-6.038431,35,8115.597726,-100.0,-0.6199093956391013,0
-5.697666,33,8116.144921,-100.0,-0.7965147290180551,0
-6.746917,34,8116.725205,-100.0,-0.6191377904136478,0
-6.206153,33,8117.275198,-100.0,-0.6447350279195414,0
-5.60411,33,8117.842128,-100.0,-0.7635225738600885,0
-5.587087,34,8118.416839,-100.0,-0.8469931001845558,0
-5.375126,33,8118.98533,-100.0,-0.79638072078771,0
-5.511646,33,8119.535079,-100.0,-0.7570655939923345,0
-5.782628,42,8120.227137,-100.0,-0.8043908113481799,0
-5.895349,33,8120.779275,-100.0,-0.7081170846488591,0
-6.140524,32,8121.324712,-100.0,-0.6952702137401517,0
-5.465639,32,8121.872541,-100.0,-0.7777770039675027,0
-6.028982,44,8122.596463,-100.0,-0.853194929422121,0
-5.533674,33,8123.162901,-100.0,-0.753001823160226,0
-5.596091,34,8123.741398,-100.0,-0.7797027417136151,0
-5.769797,35,8124.332202,-100.0,-0.7090949315718638,0
-6.371715,35,8124.934863,-100.0,-0.673771123790363,0
-5.607989,32,8125.466592,-100.0,-0.8307061045887613,0
-6.201458,39,8126.135479,-100.0,-0.6213332415685446,0
-5.402029,32,8126.66809,-100.0,-0.9268425369798009,0
-5.759062,35,8127.263271,-100.0,-0.8002380227664119,0
-5.51341,32,8127.805315,-100.0,-0.7719083752521011,0
-5.749461,33,8128.37021,-100.0,-0.7403959496508613,0
-5.571296,34,8128.940484,-100.0,-0.7237644230289696,0
-5.782354,33,8129.495954,-100.0,-0.624055007474714,0
-5.87426,33,8130.043431,-100.0,-0.7087531004461944,0
-5.467778,32,8130.576388,-100.0,-0.8340846342808386,0
-5.465342,32,8131.115188,-100.0,-0.8114396141379816,0
-5.488163,32,8131.668231,-100.0,-0.8054222073383978,0
-5.981107,34,8132.235636,-100.0,-0.6699638233619957,0
-5.969464,34,8132.812172,-100.0,-0.608717342374603,0
-5.583176,33,8133.375049,-100.0,-0.7967178934935361,0
-5.659854,35,8133.964043,-100.0,-0.7256499483443317,0
-5.374688,33,8134.529446,-100.0,-0.8717834591985921,0
-5.584739,33,8135.094593,-100.0,-0.761044659793787,0
-5.884279,39,8135.728552,-100.0,-0.696695388929297,0
-5.77532,34,8136.312102,-100.0,-0.6262596167143191,0
-5.529753,33,8136.873831,-100.0,-0.7872883515115944,0
-5.681895,33,8137.445403,-100.0,-0.6393501752894206,0
-5.973459,35,8138.025219,-100.0,-0.6663144878311805,0
-6.301099,40,8138.682042,-100.0,-0.6455771956800759,0
-5.411719,33,8139.245342,-100.0,-0.8335167149280163,0
-6.087351,44,8139.967565,-100.0,-0.7164791663168234,0
-5.67924,34,8140.534441,-100.0,-0.8643166086110768,0
-6.009962,32,8141.076977,-100.0,-0.7852507230266383,0
-5.839264,35,8141.672315,-100.0,-0.7901632302608123,0
-5.91611,33,8142.226871,-100.0,-0.702491239794542,0
-5.909731,34,8142.800189,-100.0,-0.6945205506554712,0
-5.857095,33,8143.352347,-100.0,-0.7534878179217331,0
-5.937748,34,8143.93999,-100.0,-0.7106897594275559,0
-6.164303,33,8144.487272,-100.0,-0.6842274265033808,0
-6.004996,34,8262.956781,-100.0,-0.7053864074810122,0
-5.866809,35,8263.559811,-100.0,-0.7612153610149529,0
-5.659654,33,8264.105685,-100.0,-0.7289810897178746,0
-5.735334,33,8264.671191,-100.0,-0.7107318302969556,0
-6.072967,34,8265.249555,-100.0,-0.6858404192811727,0
-5.842204,33,8265.800971,-100.0,-0.6290797623647768,0
-5.372826,33,8266.36647,-100.0,-0.8631437689943404,0
-5.71459,33,8266.931862,-100.0,-0.7208028808398321,0
-5.740351,33,8267.501243,-100.0,-0.6866847837312285,0
-6.133199,33,8268.057385,-100.0,-0.6670966946542985,0
-6.057433,33,8268.612447,-100.0,-0.7164163225149597,0
-5.820371,34,8269.191746,-100.0,-0.6953938461493108,0
-5.320016,32,8269.734159,-100.0,-0.8744430334885674,0
-5.67157,33,8270.304745,-100.0,-0.6971598114529558,0
-5.918846,35,8270.89727,-100.0,-0.6953907129449192,0
-5.530861,35,8271.492485,-100.0,-0.8272841818313523,0
-6.067689,33,8272.045521,-100.0,-0.7082484413053637,0
-5.443464,33,8272.603614,-100.0,-0.875728082795605,0
-6.16771,36,8273.209831,-100.0,-0.661162215901698,0
-5.728708,34,8273.78658,-100.0,-0.8110538368820381,0
-5.464553,33,8274.344307,-100.0,-0.7478866135313517,0
-5.440877,32,8274.889513,-100.0,-0.7661009988584712,0
-5.596746,33,8275.459298,-100.0,-0.7233952135198829,0
-5.638874,32,8276.012126,-100.0,-0.794070929295877,0
-5.630869,33,8276.569028,-100.0,-0.7437279921370112,0
-5.711156,36,8277.168353,-100.0,-0.756892791325742,0
-6.065496,34,8277.750385,-100.0,-0.6227703873896847,0
-6.707106,35,8278.337311,-100.0,-0.6526575052545698,0
-5.573464,35,8278.92375,-100.0,-0.7456699135119657,0
-5.72556,33,8279.484389,-100.0,-0.7245368127644768,0
-5.568952,33,8280.051855,-100.0,-0.7742575513560582,0
-5.967745,34,8280.617415,-100.0,-0.6773648544104441,0
-5.831826,34,8281.194746,-100.0,-0.7085757675536234,0
-5.606649,32,8281.736142,-100.0,-0.9036302032704101,0
-5.424048,32,8282.281793,-100.0,-0.876255071519704,0
-5.767429,33,8282.837195,-100.0,-0.6777325241683242,0
-5.730749,32,8283.374444,-100.0,-0.7031888938941591,0
-6.140678,35,8283.966323,-100.0,-0.611661804259912,0
-6.046471,41,8284.666763,-100.0,-0.72452882112085,0
-5.964888,40,8285.345452,-100.0,-0.7583863227426294,0
-5.710912,33,8285.915904,-100.0,-0.7480708474959206,0
-5.564507,36,8286.518714,-100.0,-0.7418827706216596,0
-5.801431,33,8287.081966,-100.0,-0.6768000795669374,0
-5.73344,33,8287.641119,-100.0,-0.6800098033412139,0
-5.696307,33,8288.196671,-100.0,-0.7884025132549215,0
-5.283876,32,8288.735906,-100.0,-0.8803443006716227,0
-5.629669,32,8289.279095,-100.0,-0.7690842699295749,0
-5.490341,32,8289.800697,-100.0,-0.7383868326982157,0
-5.400428,33,8290.363649,-100.0,-0.8117358479140714,0
-5.630556,39,8291.046745,-100.0,-0.8374781191169253,0
-5.915844,33,8291.598332,-100.0,-0.7764698486132577,0
-5.898041,33,8292.150687,-100.0,-0.7079937109963843,0
-5.418343,33,8292.70469,-100.0,-0.8371672431605718,0
-5.611468,34,8293.282825,-100.0,-0.8877653313201646,0
-5.508354,33,8293.840202,-100.0,-0.8210859220839286,0
-5.751619,33,8294.398785,-100.0,-0.7399196174407568,0
-6.080175,35,8294.994548,-100.0,-0.6789048213169574,0
-5.641283,32,8295.526177,-100.0,-0.8476970535766915,0
-5.611578,34,8296.098676,-100.0,-0.7365077842880309,0
-5.324599,33,8296.661277,-100.0,-0.846051162227359,0
-5.54564,32,8297.199535,-100.0,-0.8097801024209884,0
-5.867838,34,8415.830662,-100.0,-0.5693621011165062,0
-5.92461,35,8416.423144,-100.0,-0.6864030249846069,0
-5.348152,33,8416.987817,-100.0,-0.8073347944977588,0
-5.588403,33,8417.549145,-100.0,-0.7583276204547658,0
-5.863382,33,8418.106696,-100.0,-0.618383172278346,0
-6.070397,35,8418.706291,-100.0,-0.7336636870942217,0
-5.853861,33,8419.265747,-100.0,-0.6705983101853894,0
-5.83734,33,8419.824026,-100.0,-0.6785002670933455,0
-5.588625,39,8420.47917,-100.0,-0.7821170054143475,0
-5.634325,33,8421.039684,-100.0,-0.7260452935619328,0
-5.740187,33,8421.594844,-100.0,-0.8063433075134353,0
-5.952686,34,8422.16726,-100.0,-0.6813601229793601,0
-6.236621,36,8422.767633,-100.0,-0.6837450327431648,0
-5.903274,34,8423.350104,-100.0,-0.7148935868034129,0
-5.560616,36,8423.958922,-100.0,-0.8135239484258728,0
-5.687649,36,8424.55679,-100.0,-0.7124921647389971,0
-5.691495,33,8425.120053,-100.0,-0.795424434033043,0
-5.460478,32,8425.667305,-100.0,-0.8790161888534939,0
-5.87952,34,8426.233519,-100.0,-0.6537263153664523,0
-5.672331,34,8426.809359,-100.0,-0.7470154317676919,0
-5.968989,34,8427.387954,-100.0,-0.6507842340778857,0
-5.620766,34,8427.968489,-100.0,-0.7649124621039594,0
-5.530396,34,8428.550768,-100.0,-0.8684160558037695,0
-5.985293,34,8429.119587,-100.0,-0.6833452085528802,0
-5.532757,33,8429.680596,-100.0,-0.7794089359132803,0
-5.747509,33,8430.233666,-100.0,-0.7877789683173012,0
-6.156828,34,8430.798721,-100.0,-0.7005444800112424,0
-6.064627,35,8431.402998,-100.0,-0.7229174637228574,0
-6.142035,36,8432.010412,-100.0,-0.6398975075946697,0
-5.815972,33,8432.57344,-100.0,-0.7266044871673802,0
-5.725449,41,8433.279138,-100.0,-0.8596632191797964,0
-5.454697,33,8433.838916,-100.0,-0.8084456462430497,0
-5.415982,33,8434.399251,-100.0,-0.7641083886449979,0
-5.482441,33,8434.956187,-100.0,-0.8618165632938128,0
-5.579002,33,8435.512762,-100.0,-0.8469732884276776,0
-5.698644,32,8436.052845,-100.0,-0.7472292164977008,0
-5.703909,33,8436.618036,-100.0,-0.6616767677130728,0
-5.802087,33,8437.173009,-100.0,-0.7209131677975245,0
-5.452807,32,8437.707371,-100.0,-0.7909522972848568,0
-5.768242,35,8438.305037,-100.0,-0.7904495541304921,0
-5.602539,33,8438.857603,-100.0,-0.7189507526622045,0
-5.856773,33,8439.409712,-100.0,-0.5937678903322027,0
-5.735836,33,8439.970939,-100.0,-0.6256793284697434,0
-5.484965,34,8440.539097,-100.0,-0.7571972923244764,0
-5.663914,34,8441.123744,-100.0,-0.687399769265369,0
-5.598555,32,8441.676083,-100.0,-0.7740273531454269,0
-5.985022,33,8442.224228,-100.0,-0.6509526552866974,0
-5.452009,32,8442.768502,-100.0,-0.8533515969878837,0
-5.796339,32,8443.313149,-100.0,-0.8199308265631344,0
-5.421752,33,8443.882759,-100.0,-0.715444090898253,0
-5.590155,33,8444.441427,-100.0,-0.7358934256467805,0
-5.75905,33,8444.998496,-100.0,-0.7199755410550875,0
-5.708961,33,8445.555791,-100.0,-0.6853484852470442,0
-5.569293,32,8446.106621,-100.0,-0.765777048194055,0
-5.843946,34,8446.674771,-100.0,-0.7412349364218109,0
-5.605329,33,8447.237555,-100.0,-0.7347199075486188,0
-5.65518,33,8447.800256,-100.0,-0.7639442425983698,0
-5.506508,34,8448.378505,-100.0,-0.7613525805148827,0
-5.363457,34,8448.94486,-100.0,-0.8310471244389528,0
-5.52203,32,8449.480554,-100.0,-0.8008581290428876,0
-5.999458,33,8567.488981,-100.0,-0.7265302939757733,0
-5.799848,34,8568.071537,-100.0,-0.7289396208671244,0
-5.94322,33,8568.632627,-100.0,-0.6889603545362124,0
-6.152228,40,8569.307331,-100.0,-0.7128682088748372,0
-5.63162,36,8569.923936,-100.0,-0.6968934503194774,0
-5.719304,33,8570.482023,-100.0,-0.7606244950038445,0
-5.290712,33,8571.049735,-100.0,-0.7787382620803359,0
-6.251969,35,8571.628714,-100.0,-0.7167515229732543,0
-5.667953,33,8572.193346,-100.0,-0.7519188825590515,0
-5.886502,33,8572.746468,-100.0,-0.6995874217610937,0
-5.949037,41,8573.433499,-100.0,-0.6663354752705147,0
-5.900966,34,8574.026775,-100.0,-0.6835969554339257,0
-5.505828,33,8574.565829,-100.0,-0.8414818318977156,0
-5.822338,34,8575.146642,-100.0,-0.6776021069245918,0
-5.589647,31,8575.679756,-100.0,-0.8417283148497676,0
-5.805223,33,8576.238623,-100.0,-0.6239940875639773,0
-5.933176,33,8576.798611,-100.0,-0.6825702143755995,0
-5.33988,32,8577.339682,-100.0,-0.8874853870453798,0
-5.686211,33,8577.895232,-100.0,-0.7231538030312818,0
-5.996236,33,8578.463099,-100.0,-0.6480811095297908,0
-5.955455,35,8579.058245,-100.0,-0.6768503263410816,0
-5.474851,33,8579.614947,-100.0,-0.850112889550784,0
-5.204225,34,8580.189078,-100.0,-0.8673764552980018,0
-5.721694,33,8580.75526,-100.0,-0.7250065105674411,0
-5.5344,33,8581.318135,-100.0,-0.812856867293229,0
-5.949529,33,8581.875812,-100.0,-0.6706528131140014,0
-5.597142,33,8582.432567,-100.0,-0.7251461377334911,0
-5.857848,34,8583.007686,-100.0,-0.6885253646539373,0
-5.777788,33,8583.563744,-100.0,-0.7194377960351386,0
-5.560973,33,8584.126465,-100.0,-0.7874973568786968,0
-5.425081,32,8584.670696,-100.0,-0.7971579937240727,0
-5.361498,34,8585.242063,-100.0,-0.6887877026819933,0
-5.401697,32,8585.787813,-100.0,-0.8414601748382627,0
-5.473066,32,8586.336696,-100.0,-0.8338760541447824,0
-6.204918,34,8586.921313,-100.0,-0.6744060895829144,0
-5.553255,33,8587.479527,-100.0,-0.7563914531715255,0
-6.042032,33,8588.026334,-100.0,-0.7116324693756558,0
-6.023014,35,8588.625305,-100.0,-0.6438718523586506,0
-5.951005,33,8589.187067,-100.0,-0.7132371197537345,0
-5.623425,33,8589.758109,-100.0,-0.7452068963709938,0
-5.695845,33,8590.295221,-100.0,-0.7802175204013747,0
-5.64472,33,8590.853112,-100.0,-0.7536421174820258,0
-5.917084,35,8591.45576,-100.0,-0.7451949539648136,0
-5.717585,33,8592.00817,-100.0,-0.7058849834421881,0
-5.87559,33,8592.570379,-100.0,-0.6106634891312207,0
-5.935031,33,8593.130881,-100.0,-0.6738319787081656,0
-5.525749,33,8593.697933,-100.0,-0.7753181440848541,0
-5.880395,41,8594.376223,-100.0,-0.7016275578844767,0
-5.689639,33,8594.941005,-100.0,-0.8381484040688544,0
-5.724909,35,8595.527942,-100.0,-0.6823920487985109,0
-5.63224,33,8596.099059,-100.0,-0.7194858930352237,0
-5.46969,33,8596.661696,-100.0,-0.7805108774601687,0
-5.991951,34,8597.242671,-100.0,-0.701241363049428,0
-5.359256,32,8597.783502,-100.0,-0.8211092562440572,0
-5.543938,33,8598.340955,-100.0,-0.7285896289766558,0
-5.488517,38,8598.986985,-100.0,-0.8952011574137223,0
-5.890999,34,8599.566291,-100.0,-0.6515330919040874,0
-6.023463,41,8600.256745,-100.0,-0.7527428735464933,0
-5.823685,33,8601.018238,-100.0,-0.7030922620369103,0
-5.679482,33,8601.578467,-100.0,-0.7353253119953712,0
-5.389949,32,8602.129026,-100.0,-0.8548483408873154,0
-5.381724,33,8717.834067,-100.0,-0.8063602604398884,0
-5.787029,39,8718.481513,-100.0,-0.7317708014609342,0
-6.053071,33,8719.049068,-100.0,-0.6561683604279316,0
-5.805693,34,8719.629454,-100.0,-0.6745524423784871,0
-5.717322,33,8720.19263,-100.0,-0.7705653650799035,0
-5.515155,35,8720.767571,-100.0,-0.8427125096784336,0
-5.712461,33,8721.333764,-100.0,-0.802590293114588,0
-5.951531,33,8721.901866,-100.0,-0.7088608759983095,0
-6.193154,35,8722.493795,-100.0,-0.6559298756169852,0
-6.427045,35,8723.088155,-100.0,-0.6592517091293032,0
-5.600465,34,8723.671332,-100.0,-0.7468691063596983,0
-5.650872,33,8724.242274,-100.0,-0.8298243333615516,0
-5.614388,39,8724.925162,-100.0,-0.7892951428195646,0
-5.786258,34,8725.495917,-100.0,-0.5812603484652009,0
-6.107862,34,8726.065061,-100.0,-0.7218593281261596,0
-5.631454,33,8726.617795,-100.0,-0.8131591860194841,0
-5.674533,33,8727.176018,-100.0,-0.7941521818592673,0
-5.753683,33,8727.732101,-100.0,-0.757783122409768,0
-5.840642,32,8728.278719,-100.0,-0.8232306705161991,0
-5.777816,33,8728.841237,-100.0,-0.7161060840259706,0
-5.728456,34,8729.424848,-100.0,-0.7270535992933083,0
-5.911109,33,8729.979228,-100.0,-0.656776855705214,0
-5.771065,34,8730.565014,-100.0,-0.6915542252028712,0
-6.011423,33,8731.126129,-100.0,-0.6649822142598276,0
-5.545328,32,8731.671746,-100.0,-0.787635840029587,0
-6.07123,34,8732.244543,-100.0,-0.6788681902934879,0
-5.546035,32,8732.785116,-100.0,-0.7891264301383748,0
-5.662695,33,8733.336841,-100.0,-0.7768663632557016,0
-5.460357,32,8733.886683,-100.0,-0.8002916529664857,0
-5.700023,34,8734.460277,-100.0,-0.716545133172876,0
-5.79236,35,8735.053236,-100.0,-0.7068353566900099,0
-5.838142,38,8735.717435,-100.0,-0.752742058515742,0
-5.584612,35,8736.30932,-100.0,-0.8830788151459685,0
-6.112842,34,8736.892048,-100.0,-0.734957424245946,0
-5.759436,40,8737.543678,-100.0,-0.7810250234715673,0
-5.534328,32,8738.09574,-100.0,-0.8779952237702573,0
-5.553533,32,8738.641995,-100.0,-0.8614286233150547,0
-5.85668,34,8739.227867,-100.0,-0.6252031545357307,0
-5.544344,33,8739.788686,-100.0,-0.6848361566634736,0
-5.437349,33,8740.353235,-100.0,-0.7982544087203187,0
-5.475479,32,8740.892905,-100.0,-0.8830918087219802,0
-5.974409,34,8741.475959,-100.0,-0.6880330658382475,0
-5.748156,33,8742.037027,-100.0,-0.7007851860985297,0
-5.799759,34,8742.61656,-100.0,-0.6755549275073891,0
-5.379527,32,8743.158736,-100.0,-0.8783623271071945,0
-5.672591,33,8743.71404,-100.0,-0.7389120466736655,0
-5.852625,37,8744.340917,-100.0,-0.727125156529633,0
-5.617416,33,8744.886135,-100.0,-0.799094594543744,0
-5.769591,33,8745.45399,-100.0,-0.6281997085147212,0
-5.80932,33,8746.001547,-100.0,-0.7789713701368457,0
-5.823117,33,8746.570226,-100.0,-0.6444564390714166,0
-5.715118,33,8747.131033,-100.0,-0.6934129831380423,0
-5.859452,35,8747.726233,-100.0,-0.6975850788293363,0
-5.363681,32,8748.273682,-100.0,-0.8485464129640101,0
-5.84612,33,8748.833175,-100.0,-0.6976836535481472,0
-5.596326,32,8749.386405,-100.0,-0.7224736759311052,0
-5.909388,33,8749.947874,-100.0,-0.6411153265785436,0
-5.376681,33,8750.510504,-100.0,-0.7867074068987374,0
-5.789908,34,8751.074642,-100.0,-0.7132903573803986,0
-5.881563,41,8751.770315,-100.0,-0.7539550521883917,0
-5.827206,34,8752.348172,-100.0,-0.6975590039797509,0
-5.363097,32,8870.288908,-100.0,-0.8489047705128713,0
-5.918995,38,8870.939697,-100.0,-0.6517898774320829,0
-5.630867,33,8871.494032,-100.0,-0.7383639576328015,0
-5.753628,35,8872.08758,-100.0,-0.7993413104323837,0
-5.811581,33,8872.645954,-100.0,-0.6973669050432144,0
-5.822266,33,8873.2065,-100.0,-0.7602231179592024,0
-5.560995,37,8873.826087,-100.0,-0.8010440950918605,0
-5.32374,32,8874.382368,-100.0,-0.8799991890093997,0
-5.675666,34,8874.958574,-100.0,-0.7026093153278463,0
-5.566631,34,8875.541801,-100.0,-0.8527669743267661,0
-5.728805,34,8876.124957,-100.0,-0.6859057661376213,0
-5.834269,34,8876.70661,-100.0,-0.6571250646321639,0
-5.376374,32,8877.252114,-100.0,-0.8012873673610426,0
-5.69303,32,8877.803829,-100.0,-0.787610266608483,0
-5.905648,33,8878.364982,-100.0,-0.7744696257149993,0
-5.553546,33,8878.928623,-100.0,-0.7395554897080373,0
-5.414159,33,8879.48277,-100.0,-0.8189225090553153,0
-5.869104,33,8880.039437,-100.0,-0.6074881430726472,0
-5.647796,33,8880.602988,-100.0,-0.7467672182397264,0
-5.775424,33,8881.170763,-100.0,-0.7379759563128229,0
-5.890445,33,8881.737055,-100.0,-0.7107781604829357,0
-5.669824,33,8882.293648,-100.0,-0.6973977469502884,0
-5.75619,32,8882.83971,-100.0,-0.7771055784146118,0
-5.438476,34,8883.426386,-100.0,-0.8533942402060989,0
-5.897433,33,8883.983658,-100.0,-0.6485417602425144,0
-6.170098,34,8884.569231,-100.0,-0.6288502310329731,0
-5.650178,34,8885.146371,-100.0,-0.7791979373946233,0
-5.3299,38,8885.802297,-100.0,-0.8316379531747402,0
-6.176555,41,8886.489233,-100.0,-0.7299764133863346,0
-5.46315,33,8887.05826,-100.0,-0.7642604606319361,0
-5.642634,34,8887.631396,-100.0,-0.7017790942878718,0
-5.742506,33,8888.199913,-100.0,-0.7255252907199626,0
-5.421639,33,8888.758276,-100.0,-0.830599532350312,0
-5.588443,33,8889.317486,-100.0,-0.7294574626224762,0
-5.890634,34,8889.896981,-100.0,-0.680562439994403,0
-5.272762,32,8890.43658,-100.0,-0.8130895186841977,0
-5.804691,33,8891.01105,-100.0,-0.7368583954105513,0
-5.667578,38,8891.633974,-100.0,-0.7691030054231908,0
-5.555218,38,8892.274866,-100.0,-0.7574781259601524,0
-5.877663,34,8892.861878,-100.0,-0.6731459117233957,0
-5.822853,34,8893.4391,-100.0,-0.6787418725171885,0
-5.814538,34,8894.020938,-100.0,-0.70650996346048,0
-6.00827,35,8894.612772,-100.0,-0.7282599272819179,0
-5.749528,33,8895.171714,-100.0,-0.8219935089789082,0
-5.681646,35,8895.751805,-100.0,-0.6211799476719483,0
-6.115057,39,8896.415698,-100.0,-0.6248629256550882,0
-5.387418,33,8896.978813,-100.0,-0.7630768111199167,0
-5.371467,34,8897.547024,-100.0,-0.8836742475869034,0
-5.850548,34,8898.12218,-100.0,-0.6897717281913126,0
-5.959791,33,8898.683722,-100.0,-0.7884935924132189,0
-5.632334,32,8899.231313,-100.0,-0.8404124805938575,0
-5.743707,32,8899.77919,-100.0,-0.7302288851453738,0
-5.641202,32,8900.333316,-100.0,-0.7697893757755471,0
-5.974968,35,8900.915254,-100.0,-0.6700546238505026,0
-5.749823,39,8901.578039,-100.0,-0.842365731627183,0
-5.604748,33,8902.140859,-100.0,-0.7482929664336299,0
-6.00512,33,8902.700552,-100.0,-0.6932770271854568,0
-5.522296,32,8903.244806,-100.0,-0.8142633138874604,0
-6.022618,34,8903.824269,-100.0,-0.6471227287601591,0
-6.071492,35,8904.421891,-100.0,-0.6250354781544859,0
-5.359589,33,9019.554598,-100.0,-0.8059141434066084,0
-5.716551,35,9020.140536,-100.0,-0.8419175947589216,0
-5.791291,34,9020.724083,-100.0,-0.6844551854226794,0
-5.336973,34,9021.294361,-100.0,-0.8918718555113164,0
-6.339366,34,9021.88053,-100.0,-0.6327838432870816,0
-6.010487,33,9022.443557,-100.0,-0.7302999825719564,0
-5.801525,33,9023.00455,-100.0,-0.6989953305245649,0
-5.531972,33,9023.570842,-100.0,-0.8667626211877323,0
-5.442159,33,9024.13338,-100.0,-0.7677595414679002,0
-5.721326,34,9024.711274,-100.0,-0.7674211450889882,0
-5.681724,33,9025.272572,-100.0,-0.6878019874042027,0
-5.715268,33,9025.83558,-100.0,-0.7694729193308193,0
-5.665162,34,9026.396227,-100.0,-0.6817535091704972,0
-6.381716,43,9027.124543,-100.0,-0.7694261478641207,0
-5.481306,33,9027.680309,-100.0,-0.8131258977212363,0
-5.822888,35,9028.277867,-100.0,-0.6579160536533787,0
-6.143856,33,9028.840111,-100.0,-0.7063009546232755,0
-5.574647,33,9029.392911,-100.0,-0.7994332055430329,0
-5.650945,34,9029.972278,-100.0,-0.7494873557315722,0
-5.902265,34,9030.542724,-100.0,-0.6475567501724758,0
-5.374038,33,9031.108052,-100.0,-0.8275358134257833,0
-5.493498,32,9031.649689,-100.0,-0.7754927522391065,0
-5.968741,34,9032.233213,-100.0,-0.7269381039166999,0
-5.642439,33,9032.787476,-100.0,-0.7172116542973452,0
-5.665328,34,9033.372247,-100.0,-0.7516759843944147,0
-5.546962,32,9033.920906,-100.0,-0.8481473517043915,0
-5.749644,34,9034.495609,-100.0,-0.6458242859768909,0
-5.604409,33,9035.064023,-100.0,-0.7150319379730093,0
-5.626609,36,9035.676318,-100.0,-0.7402171485335018,0
-5.634026,32,9036.216261,-100.0,-0.8176711304451315,0
-5.375921,33,9036.776407,-100.0,-0.7662287137366606,0
-5.88472,34,9037.349947,-100.0,-0.7207282188020736,0
-5.618246,33,9037.914612,-100.0,-0.7623444329680686,0
-5.981946,35,9038.506515,-100.0,-0.743761188166157,0
-6.085835,34,9039.10002,-100.0,-0.6996610834151031,0
-5.525421,33,9039.658077,-100.0,-0.7853365832362925,0
-5.71024,33,9040.219471,-100.0,-0.8142780962415926,0
-5.652049,33,9040.782495,-100.0,-0.7077540933361729,0
-5.965757,33,9041.342846,-100.0,-0.6916420637292083,0
-6.082909,45,9042.102242,-100.0,-0.6873438890739149,0
-5.510532,33,9042.662927,-100.0,-0.7526680398376602,0
-5.512475,32,9043.204098,-100.0,-0.8478595699886415,0
-5.730561,34,9043.787342,-100.0,-0.7126833656854129,0
-5.565192,33,9044.354549,-100.0,-0.6947648609237742,0
-5.625519,33,9044.901622,-100.0,-0.6481025660193711,0
-5.49866,32,9045.439389,-100.0,-0.7687540137087703,0
-5.78528,33,9045.989954,-100.0,-0.6933200034422755,0
-6.151705,34,9046.574919,-100.0,-0.6314321391014007,0
-5.663947,32,9047.125382,-100.0,-0.8227734046764635,0
-5.857375,33,9047.685035,-100.0,-0.705207445079066,0
-5.475228,33,9048.235032,-100.0,-0.7032003566316546,0
-5.61245,35,9048.837773,-100.0,-0.7802214612819519,0
-6.039776,34,9049.611261,-100.0,-0.6291544427527016,0
-5.683593,33,9050.170993,-100.0,-0.7908673148235068,0
-5.624769,33,9050.735375,-100.0,-0.7698784158556835,0
-5.670561,33,9051.296943,-100.0,-0.7767708409730909,0
-5.732697,33,9051.859033,-100.0,-0.7415918399896227,0
-5.768112,34,9052.44323,-100.0,-0.7602176668342757,0
-5.613995,33,9053.003628,-100.0,-0.831215314586568,0
-5.855625,33,9053.566151,-100.0,-0.7068591615873911,0
-5.391857,33,9054.129773,-100.0,-0.7399605830948073,0
-5.511183,33,9171.547421,-100.0,-0.677204771496101,0
-5.564956,33,9172.11011,-100.0,-0.7755655615219174,0
-5.52019,33,9172.66935,-100.0,-0.7437986184293744,0
-5.591809,33,9173.239879,-100.0,-0.8061756578250393,0
-5.340617,33,9173.800647,-100.0,-0.8424658526028791,0
-5.281731,33,9174.366996,-100.0,-0.7729524908661394,0
-5.493094,33,9174.925942,-100.0,-0.7643641561766396,0
-5.734919,33,9175.498941,-100.0,-0.7081835378560741,0
-5.839905,35,9176.086339,-100.0,-0.6305119879264968,0
-6.087917,35,9176.686713,-100.0,-0.6584625362403961,0
-5.661126,32,9177.233579,-100.0,-0.8108888079892259,0
-5.311704,33,9177.786951,-100.0,-0.8094549228088221,0
-5.632363,33,9178.348353,-100.0,-0.6583341991072846,0
-5.671047,33,9178.918925,-100.0,-0.7595090610029517,0
-5.495837,33,9179.475479,-100.0,-0.8054672092834216,0
-5.899325,36,9180.097441,-100.0,-0.680811479422071,0
-5.76154,34,9180.669474,-100.0,-0.7075257772981867,0
-5.510776,33,9181.228188,-100.0,-0.7748495347605534,0
-5.603414,35,9181.822628,-100.0,-0.6875942122867551,0
-5.986785,34,9182.403279,-100.0,-0.7264099937940355,0
-5.977536,35,9183.00893,-100.0,-0.6477842645860424,0
-5.577204,33,9183.561552,-100.0,-0.7533609679350252,0
-5.857444,33,9184.132172,-100.0,-0.7238752633976981,0
-5.509377,33,9184.697783,-100.0,-0.8013051564728517,0
-5.899652,33,9185.260459,-100.0,-0.6952390976030857,0
-5.687225,32,9185.802548,-100.0,-0.7608250770992572,0
-5.644984,33,9186.372942,-100.0,-0.671303168686707,0
-5.987206,35,9186.961332,-100.0,-0.7131005497282125,0
-5.792362,35,9187.557283,-100.0,-0.8116978765320912,0
-5.493602,33,9188.12267,-100.0,-0.7681113989493925,0
-5.57157,33,9188.692832,-100.0,-0.8149492738336545,0
-5.419322,34,9189.279603,-100.0,-0.7808360741673118,0
-5.295481,32,9189.82624,-100.0,-0.7537563129098594,0
-5.676528,32,9190.378417,-100.0,-0.734739491732596,0
-5.539257,35,9190.973327,-100.0,-0.7217416608735507,0
-5.967598,34,9191.562729,-100.0,-0.6049500996544267,0
-5.642415,34,9192.135639,-100.0,-0.6601958030369398,0
-5.387833,33,9192.698813,-100.0,-0.8143796050218389,0
-5.797111,33,9193.261387,-100.0,-0.7290379641457629,0
-5.859839,33,9193.827705,-100.0,-0.7046368555004523,0
-5.332937,32,9194.363452,-100.0,-0.8305949692484788,0
-5.481841,45,9195.128712,-100.0,-0.8108715278803468,0
-5.699334,38,9195.776311,-100.0,-0.7015216330140789,0
-5.395786,33,9196.340042,-100.0,-0.8302784076909295,0
-5.748668,33,9196.895859,-100.0,-0.6804276464887027,0
-5.851457,33,9197.451485,-100.0,-0.7005077564788036,0
-5.362165,32,9198.013088,-100.0,-0.7710836227917871,0
-5.730399,33,9198.568991,-100.0,-0.7444767779892637,0
-6.266732,36,9199.183158,-100.0,-0.6994019330041868,0
-5.653193,32,9199.73942,-100.0,-0.7451003917064385,0
-5.794002,33,9200.302229,-100.0,-0.6644456736525242,0
-5.313722,33,9200.867955,-100.0,-0.7845493193055089,0
-5.662471,33,9201.432107,-100.0,-0.8255544196097642,0
-5.497664,32,9201.985191,-100.0,-0.8189296396138996,0
-6.016512,37,9202.625216,-100.0,-0.7020233260601303,0
-5.556139,32,9203.167657,-100.0,-0.7840090668728219,0
-5.445178,33,9203.72888,-100.0,-0.8170476736881115,0
-5.286443,33,9204.301442,-100.0,-0.7747266099760102,0
-5.677182,33,9204.859071,-100.0,-0.7901414935593377,0
-5.419828,33,9205.423687,-100.0,-0.7839503085253223,0
-6.006193,35,9323.049396,-100.0,-0.6952384220060754,0
-6.003791,33,9323.614782,-100.0,-0.7204585616393325,0
-5.630512,36,9324.224416,-100.0,-0.7332069900611894,0
-5.734027,33,9324.795059,-100.0,-0.76356155176721,0
-5.919536,34,9325.373351,-100.0,-0.645160296413561,0
-5.553492,33,9325.936668,-100.0,-0.8063089982099488,0
-5.718762,39,9326.592488,-100.0,-0.7384083735546638,0
-5.547428,35,9327.179513,-100.0,-0.9068122952783877,0
-5.696169,35,9327.784893,-100.0,-0.6771530720499701,0
-5.954094,34,9328.37704,-100.0,-0.6914319715154537,0
-5.935831,34,9328.950889,-100.0,-0.6374705770368114,0
-5.435774,33,9329.510052,-100.0,-0.700867354126663,0
-5.742539,32,9330.046036,-100.0,-0.7577495179670058,0
-5.524384,33,9330.615909,-100.0,-0.7790779338443728,0
-5.820959,33,9331.176961,-100.0,-0.7263304574339489,0
-5.712745,34,9331.760183,-100.0,-0.7211400232735812,0
-6.216419,35,9332.358299,-100.0,-0.7098703265783384,0
-5.607594,33,9332.916497,-100.0,-0.7426917492428847,0
-5.494261,33,9333.480396,-100.0,-0.7293378133644789,0
-5.946338,36,9334.099941,-100.0,-0.7092050454900035,0
-5.56843,32,9334.642595,-100.0,-0.8138296867242218,0
-5.738519,34,9335.224103,-100.0,-0.6434922375977316,0
-5.372999,32,9335.769207,-100.0,-0.8782510000689839,0
-5.968931,34,9336.352249,-100.0,-0.6932683036640368,0
-5.819183,34,9336.937487,-100.0,-0.6888943145587093,0
-5.373747,33,9337.495548,-100.0,-0.712972816945983,0
-5.500681,34,9338.076731,-100.0,-0.8287112960182981,0
-5.711845,40,9338.768243,-100.0,-0.8262948930833817,0
-5.258884,33,9339.345038,-100.0,-0.8543239137742394,0
-5.543342,33,9339.890404,-100.0,-0.7647072953304661,0
-5.628584,33,9340.455397,-100.0,-0.7192134999157767,0
-5.328083,36,9341.077078,-100.0,-0.8182159179814361,0
-5.448869,32,9341.622879,-100.0,-0.7558023579627337,0
-5.486531,33,9342.187701,-100.0,-0.7312605839502061,0
-5.500326,36,9342.802895,-100.0,-0.7451679940783076,0
-5.627311,33,9343.365354,-100.0,-0.7440211938418647,0
-5.697178,34,9343.961056,-100.0,-0.702095578765885,0
-5.713077,33,9344.527428,-100.0,-0.6314001211207391,0
-5.411434,33,9345.091741,-100.0,-0.8141649293502493,0
-5.646476,34,9345.662789,-100.0,-0.7364615838733937,0
-5.825684,33,9346.233761,-100.0,-0.6973116294815082,0
-5.776286,33,9346.799206,-100.0,-0.6911961365914482,0
-5.614925,33,9347.357372,-100.0,-0.7039681909112168,0
-5.326098,34,9347.936856,-100.0,-0.8678631880736412,0
-5.501387,32,9348.48691,-100.0,-0.8213583707826687,0
-5.520087,33,9349.059129,-100.0,-0.7732530022657385,0
-5.619269,35,9349.650329,-100.0,-0.7758893776977933,0
-6.092832,35,9350.245467,-100.0,-0.6350307725765326,0
-5.235689,32,9350.794612,-100.0,-0.8659003705673256,0
-5.954884,33,9351.362927,-100.0,-0.714820875096633,0
-5.343874,32,9351.903127,-100.0,-0.8058134069280283,0
-5.473538,33,9352.476156,-100.0,-0.8088664947788433,0
-6.116184,34,9353.052766,-100.0,-0.7199274087875739,0
-5.460137,32,9353.599977,-100.0,-0.7448595809794205,0
-5.727798,33,9354.159485,-100.0,-0.6957502271598497,0
-6.05303,35,9354.770401,-100.0,-0.6742778239072409,0
-5.974079,35,9355.367293,-100.0,-0.6877748161517644,0
-6.315497,35,9355.950366,-100.0,-0.6814673368447368,0
-5.303886,32,9356.507949,-100.0,-0.8527820410878969,0
-5.543802,33,9357.067362,-100.0,-0.8091180517298282,0
-5.410591,33,9357.632543,-100.0,-0.8085138072708834,0
-5.475212,32,9473.07727,-100.0,-0.8274065869882803,0
-5.989778,39,9473.726778,-100.0,-0.6476153876964622,0
-5.872657,34,9474.311185,-100.0,-0.6605726690849065,0
-5.77467,33,9474.87283,-100.0,-0.6233294377131772,0
-5.888485,38,9475.516558,-100.0,-0.6351184463310431,0
-5.849737,34,9476.090664,-100.0,-0.6939487109362111,0
-5.373509,33,9476.656621,-100.0,-0.7429309039086386,0
-5.600353,33,9477.224081,-100.0,-0.7171633716559105,0
-5.340013,32,9477.774724,-100.0,-0.85421077845361,0
-5.560352,33,9478.336362,-100.0,-0.8064739607636249,0
-5.672984,33,9478.902502,-100.0,-0.7252400754840453,0
-5.391319,33,9479.465593,-100.0,-0.8315740140804992,0
-6.127777,34,9480.040615,-100.0,-0.6865892346485872,0
-5.698908,36,9480.648882,-100.0,-0.78987082139608,0
-5.980725,32,9481.192562,-100.0,-0.7093864265916966,0
-5.454553,33,9481.762037,-100.0,-0.7398076957411255,0
-5.278943,32,9482.311502,-100.0,-0.8813198106423843,0
-5.858588,34,9482.891659,-100.0,-0.7039696003025298,0
-5.443353,33,9483.453547,-100.0,-0.7797598435045965,0
-5.562393,38,9484.085752,-100.0,-0.793503451642236,0
-5.666041,33,9484.6636,-100.0,-0.617060631780853,0
-5.530457,32,9485.209216,-100.0,-0.8249783262672281,0
-5.742598,34,9485.796071,-100.0,-0.7075654630965913,0
-5.835865,41,9486.492376,-100.0,-0.7034453509042443,0
-6.010007,34,9487.070039,-100.0,-0.6596676832184213,0
-5.764906,33,9487.627028,-100.0,-0.6831026620630021,0
-5.774099,33,9488.185279,-100.0,-0.6547172881793013,0
-5.188815,32,9488.738049,-100.0,-0.8756416374327622,0
-5.319706,32,9489.279096,-100.0,-0.8222988427741869,0
-5.62603,34,9489.866527,-100.0,-0.7229589973731003,0
-5.460864,32,9490.409997,-100.0,-0.7869007904748668,0
-5.865871,33,9490.982593,-100.0,-0.6844239038196815,0
-5.47301,33,9491.545261,-100.0,-0.7341949994254688,0
-5.537373,34,9492.121809,-100.0,-0.7165406707124312,0
-5.630679,33,9492.686718,-100.0,-0.727444342050535,0
-5.466403,33,9493.249844,-100.0,-0.7833289216138399,0
-5.661836,34,9493.828505,-100.0,-0.7679840810786612,0
-5.682766,33,9494.397618,-100.0,-0.747102566639919,0
-5.460596,32,9494.950681,-100.0,-0.7776993770248882,0
-6.016937,34,9495.526019,-100.0,-0.6483458555218266,0
-5.60489,33,9496.094277,-100.0,-0.671218531710567,0
-5.643434,33,9496.65908,-100.0,-0.7485645337748152,0
-5.226748,32,9497.198451,-100.0,-0.8510021803052845,0
-5.900094,34,9497.982993,-100.0,-0.7489541586298474,0
-5.684052,33,9498.554147,-100.0,-0.738830735303374,0
-5.221482,32,9499.095944,-100.0,-0.9022519912991085,0
-5.649171,33,9499.656618,-100.0,-0.6826392879394158,0
-5.945311,34,9500.244133,-100.0,-0.6647321858758387,0
-5.943382,33,9500.800402,-100.0,-0.6851987698408935,0
-5.353131,33,9501.373557,-100.0,-0.7510828189684502,0
-5.994724,33,9501.940192,-100.0,-0.726218852690811,0
-5.188269,33,9502.497743,-100.0,-0.7932621691325229,0
-5.220125,32,9503.031999,-100.0,-0.8052032303611942,0
-5.458052,33,9503.597933,-100.0,-0.7716885847782066,0
-6.659578,36,9504.218895,-100.0,-0.6524195146901578,0
-5.948614,33,9504.785057,-100.0,-0.7067988186358991,0
-5.528552,33,9505.347054,-100.0,-0.7621322287615959,0
-5.413586,34,9505.922919,-100.0,-0.8165313682792267,0
-5.489508,37,9506.557537,-100.0,-0.7583386516926078,0
-5.693393,33,9507.127704,-100.0,-0.6955995302876111,0
-5.211905,32,9507.666064,-100.0,-0.8851221897460012,0
-5.829502,35,9624.529651,-100.0,-0.6905255144440954,0
-5.715638,34,9625.108889,-100.0,-0.7166713412028876,0
-5.705086,33,9625.677533,-100.0,-0.6534281739239748,0
-5.273322,32,9626.226367,-100.0,-0.848745750754181,0
-5.537768,33,9626.785228,-100.0,-0.8133877002558658,0
-5.693925,34,9627.353505,-100.0,-0.7225465691967494,0
-5.732544,33,9627.925754,-100.0,-0.7593370518882699,0
-6.054131,34,9628.508512,-100.0,-0.6662798597820626,0
-5.410896,33,9629.066876,-100.0,-0.808853869994614,0
-5.430868,32,9629.611852,-100.0,-0.8461943963517632,0
-5.640077,33,9630.181939,-100.0,-0.6069780720847187,0
-5.678761,33,9630.740871,-100.0,-0.7292880627801233,0
-5.926794,33,9631.303095,-100.0,-0.7090607270215814,0
-5.20461,32,9631.854427,-100.0,-0.8523747687052033,0
-5.332453,32,9632.398079,-100.0,-0.8347794393969956,0
-5.264908,32,9632.95177,-100.0,-0.7733481616912822,0
-5.656229,32,9633.504609,-100.0,-0.7662926236549009,0
-5.201088,33,9634.076337,-100.0,-0.822339792917052,0
-5.719857,34,9634.647455,-100.0,-0.6750127802111594,0
-6.01899,40,9635.324682,-100.0,-0.6701790628393932,0
-5.35258,33,9635.884941,-100.0,-0.8342038303848368,0
-5.734231,34,9636.47111,-100.0,-0.6863415978748023,0
-5.564791,33,9637.03818,-100.0,-0.7303789551561373,0
-5.883818,34,9637.616248,-100.0,-0.7178844212243676,0
-5.848446,34,9638.213191,-100.0,-0.6365316826364453,0
-5.098452,32,9638.750355,-100.0,-0.9058098953093751,0
-5.850606,34,9639.340786,-100.0,-0.7314677721447967,0
-5.675153,34,9639.908072,-100.0,-0.8472653552518451,0
-5.424576,32,9640.450242,-100.0,-0.8474084295932818,0
-5.372048,33,9641.008573,-100.0,-0.858938945538396,0
-5.297251,32,9641.560299,-100.0,-0.8770653918324748,0
-5.915593,37,9642.187729,-100.0,-0.6832079367878746,0
-5.488295,33,9642.747384,-100.0,-0.8021988967678175,0
-5.611436,33,9643.312944,-100.0,-0.6708514108458541,0
-5.731379,34,9643.892844,-100.0,-0.6861452330272846,0
-5.55851,34,9644.477659,-100.0,-0.7406063679617889,0
-5.464676,51,9645.342562,-100.0,-0.8162155413402477,0
-5.705206,33,9645.904387,-100.0,-0.7546416306969963,0
-5.264438,33,9646.470078,-100.0,-0.8665857164701192,0
-5.400588,34,9647.054089,-100.0,-0.7121286210900498,0
-5.466554,33,9647.610354,-100.0,-0.7415227282897872,0
-5.534601,34,9648.192964,-100.0,-0.779210836461321,0
-5.975636,34,9648.772646,-100.0,-0.717370717110368,0
-5.757871,34,9649.35491,-100.0,-0.7309564223095644,0
-5.705124,33,9649.912689,-100.0,-0.6840134371987092,0
-5.845787,34,9650.494694,-100.0,-0.6848695620764021,0
-5.354169,32,9651.034419,-100.0,-0.8936878132112998,0
-6.054784,35,9651.631251,-100.0,-0.7033467923512574,0
-5.498415,33,9652.187451,-100.0,-0.7473998365991638,0
-5.684392,33,9652.756935,-100.0,-0.6698316126470838,0
-5.205367,33,9653.323205,-100.0,-0.8354366836246866,0
-5.518573,33,9653.888302,-100.0,-0.7362800218857479,0
-5.622338,33,9654.463145,-100.0,-0.6622654494246799,0
-5.607336,34,9655.025614,-100.0,-0.6632710735092648,0
-5.404237,33,9655.59401,-100.0,-0.741679552583411,0
-5.607505,33,9656.15633,-100.0,-0.694784803387373,0
-5.365662,33,9656.719095,-100.0,-0.763486423074662,0
-5.725575,33,9657.27722,-100.0,-0.7435853017524483,0
-5.941265,34,9657.855162,-100.0,-0.6786896515260735,0
-5.597516,34,9658.436644,-100.0,-0.7154433501978514,0
-5.758886,33,9659.006089,-100.0,-0.7033957036098173,0
-5.405788,33,9773.786568,-100.0,-0.7064921879511741,0
-5.350907,32,9774.337101,-100.0,-0.8168196868480759,0
-5.199375,32,9774.880654,-100.0,-0.8296206647120452,0
-5.738058,34,9775.468615,-100.0,-0.630003225295529,0
-6.002295,34,9776.043307,-100.0,-0.6910518013604525,0
-5.368076,33,9776.605452,-100.0,-0.748500258933381,0
-5.87514,33,9777.170739,-100.0,-0.702933797754864,0
-5.663075,44,9777.924082,-100.0,-0.7088438134301076,0
-5.980464,34,9778.502352,-100.0,-0.6076895816596534,0
-5.585475,34,9779.083798,-100.0,-0.7696453906631403,0
-5.8482,34,9779.658875,-100.0,-0.7352562431754017,0
-5.401731,33,9780.225171,-100.0,-0.7648971731507496,0
-5.401566,33,9780.78454,-100.0,-0.7502388352791862,0
-5.491978,33,9781.353653,-100.0,-0.7485579447549182,0
-5.731881,33,9781.917423,-100.0,-0.6774925903414339,0
-6.250889,36,9782.52683,-100.0,-0.7092336036034732,0
-5.644063,34,9783.106742,-100.0,-0.6726365964248967,0
-5.951855,34,9783.690667,-100.0,-0.7245274885601879,0
-5.657684,34,9784.272419,-100.0,-0.6673777758840241,0
-5.187969,33,9784.831534,-100.0,-0.8297937371704648,0
-5.807009,34,9785.410291,-100.0,-0.6931334768296641,0
-5.743739,33,9785.975441,-100.0,-0.7110012378615069,0
-5.721104,34,9786.558956,-100.0,-0.7569771777485733,0
-5.702958,33,9787.117887,-100.0,-0.7143823674071333,0
-5.507695,33,9787.694618,-100.0,-0.7387186935384515,0
-5.487207,33,9788.26228,-100.0,-0.7864842044619367,0
-5.585964,33,9788.823478,-100.0,-0.7447420973181801,0
-5.829357,33,9789.388922,-100.0,-0.5858555059522746,0
-5.848091,33,9789.954666,-100.0,-0.6487851385198569,0
-5.515151,33,9790.526266,-100.0,-0.8461827907873751,0
-5.737309,32,9791.074074,-100.0,-0.7484060387448451,0
-6.006858,35,9791.673147,-100.0,-0.6460909249932716,0
-5.727938,33,9792.237869,-100.0,-0.7301162579609504,0
-5.914202,35,9792.837955,-100.0,-0.635136539564916,0
-5.69785,34,9793.429289,-100.0,-0.7152376740782174,0
-5.462487,33,9793.985766,-100.0,-0.7395744963688519,0
-5.55252,33,9794.556151,-100.0,-0.7455570219022117,0
-5.198012,33,9795.109755,-100.0,-0.8310763211807455,0
-5.602803,34,9795.707502,-100.0,-0.7306158367746457,0
-5.546511,33,9796.274306,-100.0,-0.6788552574100357,0
-5.923952,35,9796.861351,-100.0,-0.6536452973337357,0
-5.711635,33,9797.425989,-100.0,-0.7468005541578803,0
-5.457206,34,9798.004838,-100.0,-0.7718263433147184,0
-5.942795,35,9798.608771,-100.0,-0.6860909587979889,0
-5.53849,33,9799.177443,-100.0,-0.7502915218597969,0
-5.767637,33,9799.739993,-100.0,-0.6787308583257242,0
-5.471023,34,9800.329757,-100.0,-0.746362869214485,0
-5.63888,35,9800.932241,-100.0,-0.836259502282159,0
-5.697558,33,9801.496781,-100.0,-0.6933573399804711,0
-5.715389,33,9802.062331,-100.0,-0.7334283362473349,0
-5.464092,33,9802.618918,-100.0,-0.7417477183054112,0
-5.951173,35,9803.215109,-100.0,-0.7269791429036914,0
-5.818499,37,9803.857285,-100.0,-0.7452930385818095,0
-5.712515,34,9804.434882,-100.0,-0.6723380901617655,0
-5.225878,32,9804.98313,-100.0,-0.8174039295129646,0
-5.883198,33,9805.536801,-100.0,-0.7331556083056777,0
-5.341006,34,9806.125972,-100.0,-0.8336086339031442,0
-5.33674,33,9806.691035,-100.0,-0.7271058035507795,0
-5.587912,33,9807.260277,-100.0,-0.7580387451769306,0
-5.566078,34,9807.841206,-100.0,-0.7764164969313063,0
-5.930214,33,9808.412071,-100.0,-0.6765197404386674,0
-5.808944,34,9925.213264,-100.0,-0.6702891962578483,0
-5.883761,40,9925.894213,-100.0,-0.6772166561983252,0
-6.107356,36,9926.499568,-100.0,-0.6089855718206576,0
-5.534604,33,9927.066716,-100.0,-0.699298293820082,0
-5.289837,32,9927.619648,-100.0,-0.8840858854939349,0
-5.600811,33,9928.196719,-100.0,-0.6844179265297365,0
-5.577382,34,9928.769297,-100.0,-0.6877244018439853,0
-5.512255,33,9929.333827,-100.0,-0.6793767504992414,0
-5.70797,35,9929.923335,-100.0,-0.6548376444654306,0
-5.841665,39,9930.585153,-100.0,-0.7433831641667178,0
-5.672047,34,9931.174134,-100.0,-0.7389848418358759,0
-5.375996,33,9931.742667,-100.0,-0.7724931933109748,0
-5.604377,33,9932.317936,-100.0,-0.7505599896928842,0
-5.387816,33,9932.873451,-100.0,-0.7460183073472466,0
-5.277477,33,9933.447073,-100.0,-0.7349933285691665,0
-5.484942,33,9934.00449,-100.0,-0.7245106383770018,0
-5.393083,33,9934.577916,-100.0,-0.785478272635843,0
-5.775192,33,9935.144942,-100.0,-0.6999546634465529,0
-5.557255,33,9935.708942,-100.0,-0.7065826783680033,0
-5.385645,33,9936.258652,-100.0,-0.8091970375378019,0
-5.227314,32,9936.8144,-100.0,-0.8800908119536961,0
-5.3429,32,9937.350378,-100.0,-0.8258818226809618,0
-5.59516,33,9937.921336,-100.0,-0.7368918202249254,0
-5.505065,33,9938.486708,-100.0,-0.795196460287245,0
-6.233073,35,9939.083151,-100.0,-0.6946957852351945,0
-5.667845,33,9939.646569,-100.0,-0.6914787763580725,0
-5.404039,34,9940.23679,-100.0,-0.7337970226251913,0
-5.805867,33,9940.806213,-100.0,-0.6713329690472193,0
-5.419611,33,9941.371301,-100.0,-0.8229185129230184,0
-5.659458,33,9941.927524,-100.0,-0.7133596497104725,0
-5.355654,32,9942.484851,-100.0,-0.8269345135249095,0
-5.885108,35,9943.08313,-100.0,-0.6781611552240774,0
-5.409207,32,9943.630136,-100.0,-0.7949514552455418,0
-5.448043,34,9944.210437,-100.0,-0.730075614814221,0
-5.933281,34,9944.997985,-100.0,-0.6637293146246762,0
-5.740177,33,9945.558422,-100.0,-0.7254023738205785,0
-5.622658,33,9946.139561,-100.0,-0.7088723619442443,0
-5.347537,32,9946.673267,-100.0,-0.7920701081550807,0
-5.15723,37,9947.30122,-100.0,-0.8305061052000378,0
-5.436375,33,9947.86827,-100.0,-0.7617456591588492,0
-5.726481,35,9948.467611,-100.0,-0.7113278615437518,0
-5.415261,33,9949.026893,-100.0,-0.7621620569007265,0
-5.596142,34,9949.622677,-100.0,-0.6977657680490975,0
-5.459355,32,9950.174041,-100.0,-0.7566324622230745,0
-5.427899,33,9950.745825,-100.0,-0.7971545768974513,0
-5.476371,33,9951.310423,-100.0,-0.7845481464528548,0
-5.343798,33,9951.879781,-100.0,-0.7330387829990214,0
-5.559198,34,9952.463663,-100.0,-0.7785051261966089,0
-6.213595,34,9953.042576,-100.0,-0.7283187427138103,0
-5.383666,33,9953.615374,-100.0,-0.7979773412805246,0
-5.5428,35,9954.206556,-100.0,-0.7047338418031391,0
-5.613894,35,9954.804688,-100.0,-0.695683453461588,0
-5.595433,33,9955.371304,-100.0,-0.6401655192494056,0
-5.693918,33,9955.935074,-100.0,-0.751303083697716,0
-6.200369,36,9956.556969,-100.0,-0.7004007964966041,0
-5.864125,32,9957.089876,-100.0,-0.6344453201950079,0
-5.579828,33,9957.657424,-100.0,-0.7112436067840289,0
-5.668867,33,9958.219535,-100.0,-0.6406713774982148,0
-5.620475,33,9958.782398,-100.0,-0.6667331841317425,0
-6.057513,36,9959.396428,-100.0,-0.643746105443852,0
-5.603444,33,9959.952238,-100.0,-0.6873773436355874,0
-5.43606,34,10078.554986,-100.0,-0.7804459979034294,0
-5.55251,35,10079.156399,-100.0,-0.7327696389309605,0
-5.67716,33,10079.71913,-100.0,-0.7038420278555081,0
-5.296007,38,10080.364649,-100.0,-0.8336329826676134,0
-5.538125,33,10080.930569,-100.0,-0.7969639874324912,0
-5.247207,32,10081.478573,-100.0,-0.8381756166288351,0
-5.469244,32,10082.026403,-100.0,-0.8032411572801883,0
-5.608954,33,10082.585518,-100.0,-0.722736119863369,0
-5.62276,33,10083.142354,-100.0,-0.6606373784404388,0
-5.402201,33,10083.711573,-100.0,-0.7812079420665741,0
-5.266645,32,10084.254164,-100.0,-0.862761119044708,0
-5.555969,33,10084.817224,-100.0,-0.6437446473877471,0
-5.642939,34,10085.386324,-100.0,-0.6562018619380119,0
-5.387282,33,10085.955779,-100.0,-0.7619018216037281,0
-5.750684,33,10086.51642,-100.0,-0.6464286078354322,0
-5.467742,34,10087.100497,-100.0,-0.7112724096435176,0
-5.656059,34,10087.669283,-100.0,-0.7031352144470413,0
-5.324302,33,10088.231103,-100.0,-0.7953494302561491,0
-5.368643,33,10088.794838,-100.0,-0.6770068403811983,0
-5.511813,34,10089.382656,-100.0,-0.7008602702450326,0
-5.617769,34,10089.963172,-100.0,-0.6494595629189827,0
-5.741916,33,10090.524286,-100.0,-0.6727072343884217,0
-5.205103,33,10091.079688,-100.0,-0.7925447886251908,0
-5.584043,37,10091.704886,-100.0,-0.7380358633408929,0
-5.567881,33,10092.267745,-100.0,-0.5986998147822516,0
-5.294353,32,10092.81326,-100.0,-0.8462176542534395,0
-5.50255,33,10093.377499,-100.0,-0.7047333080888667,0
-5.440346,34,10093.957843,-100.0,-0.7643966227970899,0
-5.676237,34,10094.543449,-100.0,-0.6026503167953202,0
-5.325629,33,10095.107313,-100.0,-0.8454808820757218,0
-5.558938,35,10095.702736,-100.0,-0.8107348351618621,0
-5.317484,33,10096.273566,-100.0,-0.7767076480945881,0
-5.385274,33,10096.843694,-100.0,-0.8000890077635351,0
-5.497595,33,10097.402524,-100.0,-0.7277187716487323,0
-5.882849,35,10098.001765,-100.0,-0.6829390201913497,0
-5.455277,33,10098.565826,-100.0,-0.6891133624781768,0
-5.494231,38,10099.199183,-100.0,-0.738555135525883,0
-5.671908,34,10099.776764,-100.0,-0.6664645410694047,0
-5.972162,34,10100.356205,-100.0,-0.6320541379997685,0
-5.465698,33,10100.920093,-100.0,-0.6955641909655486,0
-5.386491,33,10101.485771,-100.0,-0.788071151918288,0
-5.383994,33,10102.051853,-100.0,-0.8444449111074763,0
-5.474986,33,10102.619102,-100.0,-0.8090175299731687,0
-5.640615,33,10103.187634,-100.0,-0.7066543568530768,0
-5.303787,32,10103.740284,-100.0,-0.7985611766202613,0
-5.732815,33,10104.312073,-100.0,-0.7716043141151961,0
-5.516178,34,10104.872797,-100.0,-0.6667233606255644,0
-5.354607,38,10105.520599,-100.0,-0.8061095922134847,0
-5.951873,35,10106.10885,-100.0,-0.7463549418549699,0
-5.77111,34,10106.687311,-100.0,-0.7043203501427262,0
-5.808113,33,10107.254684,-100.0,-0.6565352211839386,0
-5.384971,33,10107.820924,-100.0,-0.8212891218434061,0
-5.531238,33,10108.389616,-100.0,-0.696281368798391,0
-5.604947,33,10108.949404,-100.0,-0.7051527574246275,0
-5.700271,35,10109.550478,-100.0,-0.7236403750624483,0
-5.311877,33,10110.110427,-100.0,-0.79596470932014,0
-5.640615,33,10110.678658,-100.0,-0.7087611860956401,0
-6.183347,36,10111.280292,-100.0,-0.6671349975816494,0
-5.756932,33,10111.84569,-100.0,-0.6559644654039931,0
-5.448227,33,10112.415145,-100.0,-0.7892295410663678,0
-5.624498,33,10215.105902,-100.0,-0.6587192962420972,0
-5.990306,42,10215.808737,-100.0,-0.6664616787649715,0
-5.547204,33,10216.379276,-100.0,-0.8289579863889379,0
-5.442419,38,10217.023906,-100.0,-0.8251393345185343,0
-5.180402,36,10217.645733,-100.0,-0.8522036642361467,0
-5.326411,42,10218.361362,-100.0,-0.7914780450613449,0
-5.28243,37,10218.997248,-100.0,-0.7064598801699186,0
-5.28668,34,10219.594774,-100.0,-0.7693176088860103,0
-5.73588,35,10220.186338,-100.0,-0.6411207953795425,0
-5.609094,33,10220.752569,-100.0,-0.6638162731909827,0
-5.572869,34,10221.332761,-100.0,-0.7849782646571579,0
-5.436014,33,10221.903194,-100.0,-0.7316241388234695,0
-5.740197,34,10222.470971,-100.0,-0.6554485659298208,0
-5.675084,34,10223.056232,-100.0,-0.7097588739420491,0
-5.086114,32,10223.604256,-100.0,-0.9026148634816687,0
-5.659964,39,10224.265041,-100.0,-0.7174394605365559,0
-5.549659,33,10224.825663,-100.0,-0.7004861019004901,0
-5.302,33,10225.389575,-100.0,-0.7512565238855151,0
-5.553751,34,10225.977354,-100.0,-0.6835135232942187,0
-5.264041,33,10226.537474,-100.0,-0.800730031826167,0
-5.338237,32,10227.091248,-100.0,-0.8293575945678796,0
-5.511207,33,10227.649671,-100.0,-0.6038704359350591,0
-5.404201,33,10228.206697,-100.0,-0.7240829382043678,0
-5.74028,36,10228.820499,-100.0,-0.7081934842009451,0
-5.420183,34,10229.412626,-100.0,-0.7781715517126367,0
-5.368573,33,10229.970872,-100.0,-0.7095023690211655,0
-5.249371,32,10230.514875,-100.0,-0.760898641607132,0
-5.585197,34,10231.096699,-100.0,-0.7416019025643853,0
-5.298608,32,10231.622138,-100.0,-0.8697122977858591,0
-5.714059,34,10232.207381,-100.0,-0.6767985984993238,0
-5.922929,35,10232.812728,-100.0,-0.6175459166159156,0
-5.331727,33,10233.374246,-100.0,-0.7383260710497105,0
-5.605949,34,10233.957114,-100.0,-0.7035001266303369,0
-5.651554,33,10234.524416,-100.0,-0.6821751831061094,0
-5.545546,33,10235.078144,-100.0,-0.6220123054303955,0
-5.392508,34,10235.657542,-100.0,-0.7655297345704323,0
-5.830199,33,10236.214004,-100.0,-0.7129857824907018,0
-5.676397,36,10236.842378,-100.0,-0.8658818240881078,0
-5.939818,34,10237.4275,-100.0,-0.6769983198821303,0
-5.532648,33,10237.992689,-100.0,-0.6978178688119278,0
-5.991427,33,10238.556739,-100.0,-0.6910242495786962,0
-5.672386,37,10239.182897,-100.0,-0.7567340867844795,0
-5.630032,34,10239.77086,-100.0,-0.6607090235795645,0
-5.701081,33,10240.342237,-100.0,-0.6617231180287961,0
-5.598635,33,10240.90048,-100.0,-0.6882158473285587,0
-5.905899,34,10241.483054,-100.0,-0.7440084016281383,0
-5.733209,34,10242.058444,-100.0,-0.634404493248606,0
-5.358,32,10242.601831,-100.0,-0.8363533864578486,0
-5.64138,33,10243.16887,-100.0,-0.6997271741591444,0
-5.940987,38,10243.822752,-100.0,-0.6441217727384162,0
-5.283051,33,10244.379333,-100.0,-0.6763866419381864,0
-5.812575,35,10244.97552,-100.0,-0.6096997631513945,0
-5.292956,36,10245.589254,-100.0,-0.7929979050151753,0
-5.686588,34,10246.164117,-100.0,-0.6768797065937429,0
-5.636137,33,10246.724131,-100.0,-0.6370869302331702,0
-5.928873,33,10247.277933,-100.0,-0.6755207631859848,0
-5.930709,34,10247.86084,-100.0,-0.6594677310792681,0
-5.492277,33,10248.425174,-100.0,-0.6758840584639757,0
-5.783573,35,10249.029889,-100.0,-0.6770985728845079,0
-5.343256,32,10249.572035,-100.0,-0.8032354574225437,0
-5.400385,34,10352.190148,-100.0,-0.6927417732093702,0
-5.295064,33,10352.759752,-100.0,-0.8046810077120159,0
-5.469615,35,10353.354669,-100.0,-0.802575970114251,0
-5.556156,33,10353.916673,-100.0,-0.7562638862982354,0
-5.829631,34,10354.503145,-100.0,-0.6715982916950048,0
-5.261442,33,10355.056567,-100.0,-0.8054014060143463,0
-5.268741,32,10355.604191,-100.0,-0.8279325976908137,0
-5.200998,32,10356.145968,-100.0,-0.8521668405743505,0
-5.830449,34,10356.728584,-100.0,-0.6854151173523374,0
-5.34632,33,10357.291692,-100.0,-0.7571694502604889,0
-5.363475,33,10357.861591,-100.0,-0.7769844811241846,0
-5.763311,34,10358.44064,-100.0,-0.6576080767777597,0
-5.510261,33,10359.01067,-100.0,-0.6969563650060097,0
-6.042789,36,10359.606461,-100.0,-0.6508478466262425,0
-5.435119,33,10360.172721,-100.0,-0.8261942767641938,0
-5.695678,33,10360.738085,-100.0,-0.6761237912910137,0
-5.843854,34,10361.316047,-100.0,-0.6664407528396968,0
-5.339635,33,10361.882473,-100.0,-0.7802880205688311,0
-5.545971,34,10362.45265,-100.0,-0.744806243957931,0
-5.611567,38,10363.098704,-100.0,-0.7417070300120825,0
-5.395078,33,10363.658078,-100.0,-0.8191867810817997,0
-5.915081,35,10364.257265,-100.0,-0.6455995378970444,0
-5.473027,34,10364.835392,-100.0,-0.7642517428255136,0
-5.376462,31,10365.352403,-100.0,-0.8301761526173611,0
-5.477119,33,10365.924875,-100.0,-0.7718251079011343,0
-5.358911,40,10366.813809,-100.0,-0.7840918098767761,0
-5.443896,32,10367.360481,-100.0,-0.7899605304397876,0
-5.333251,33,10367.926276,-100.0,-0.8002471413025195,0
-5.620719,33,10368.492998,-100.0,-0.6715347787134546,0
-5.44097,33,10369.054604,-100.0,-0.7272513492081385,0
-5.099411,32,10369.600199,-100.0,-0.8605055253038064,0
-5.989221,40,10370.276419,-100.0,-0.6586156662030593,0
-5.241225,32,10370.828206,-100.0,-0.8088322722241376,0
-5.628123,33,10371.397949,-100.0,-0.6906465109822654,0
-5.787756,33,10371.946239,-100.0,-0.6823566467787988,0
-5.143002,32,10372.496596,-100.0,-0.848018118128801,0
-5.259388,33,10373.062532,-100.0,-0.7557573851107462,0
-5.706566,38,10373.686228,-100.0,-0.7375548408035985,0
-5.700742,34,10374.272547,-100.0,-0.6647127001955792,0
-5.321852,32,10374.820949,-100.0,-0.7878163427933224,0
-5.28622,32,10375.36934,-100.0,-0.8219774420868952,0
-5.355479,33,10375.939784,-100.0,-0.7836975976703608,0
-5.339399,33,10376.512297,-100.0,-0.8284807305558648,0
-5.69217,34,10377.090483,-100.0,-0.7384950687043744,0
-5.170831,33,10377.66136,-100.0,-0.8190304360382229,0
-5.350495,33,10378.22517,-100.0,-0.8030588848907797,0
-5.514997,34,10378.804296,-100.0,-0.6993272646678369,0
-5.787464,34,10379.386897,-100.0,-0.6899467744197124,0
-5.732396,34,10379.963595,-100.0,-0.6516850359891351,0
-5.643712,34,10380.542325,-100.0,-0.6573712658748602,0
-5.633302,35,10381.127863,-100.0,-0.7329526431964765,0
-5.348859,34,10381.712836,-100.0,-0.7946752223220189,0
-5.684702,34,10382.294304,-100.0,-0.7354789123186458,0
-5.767844,33,10382.862257,-100.0,-0.6932720130514854,0
-5.771791,34,10383.432239,-100.0,-0.6958254563954616,0
-5.939113,33,10383.998235,-100.0,-0.6569983937876078,0
-5.567927,35,10384.59507,-100.0,-0.7870697448901893,0
-5.868832,33,10385.15349,-100.0,-0.7035635832937638,0
-5.805156,33,10385.710415,-100.0,-0.6825848904647791,0
-5.542532,33,10386.278724,-100.0,-0.7039786257439283,0
-6.277296,40,10386.952533,-100.0,-0.6823418957641886,0
-5.393633,33,10508.635118,-100.0,-0.7924537198562768,0
-5.789857,33,10509.189265,-100.0,-0.6751028463157454,0
-5.115509,33,10509.75451,-100.0,-0.8828550672468243,0
-5.580864,34,10510.330066,-100.0,-0.7571651531087789,0
-5.35569,33,10510.901576,-100.0,-0.7161028425596286,0
-5.87357,33,10511.462206,-100.0,-0.719374060439134,0
-5.569856,35,10512.063695,-100.0,-0.7356927620794421,0
-5.942881,34,10512.662553,-100.0,-0.686115522560693,0
-5.485579,33,10513.215223,-100.0,-0.7122584156629017,0
-5.245269,32,10513.773755,-100.0,-0.862930669107754,0
-5.122052,33,10514.335705,-100.0,-0.808809400865183,0
-5.521131,33,10514.905229,-100.0,-0.6458629703095204,0
-5.639459,33,10515.469301,-100.0,-0.6886797310023607,0
-5.244873,32,10516.011611,-100.0,-0.8291261857298706,0
-5.297309,32,10516.563694,-100.0,-0.8510117168028889,0
-5.635337,34,10517.141428,-100.0,-0.6858025061813969,0
-5.297774,32,10517.692607,-100.0,-0.8478615772853967,0
-5.266165,32,10518.232646,-100.0,-0.7648764021720135,0
-5.383728,32,10518.77868,-100.0,-0.7671990695047495,0
-5.631323,33,10519.34971,-100.0,-0.7305868371009384,0
-5.661823,33,10519.921771,-100.0,-0.7207746313160687,0
-5.315808,32,10520.451992,-100.0,-0.8492796780397501,0
-5.437408,35,10521.054488,-100.0,-0.8089957429691194,0
-5.457489,33,10521.618628,-100.0,-0.7817723397493372,0
-5.51409,34,10522.201347,-100.0,-0.6618840672011014,0
-5.364238,33,10522.779071,-100.0,-0.7596941420488342,0
-5.79508,33,10523.338352,-100.0,-0.7079227387486272,0
-5.469362,35,10523.936388,-100.0,-0.7676537504497811,0
-5.962537,35,10524.528505,-100.0,-0.7192366404680678,0
-5.289554,33,10525.092387,-100.0,-0.8304778497186036,0
-5.638869,33,10525.659915,-100.0,-0.6805510936866,0
-5.615896,33,10526.226207,-100.0,-0.7032706778681294,0
-5.592277,33,10526.792309,-100.0,-0.6553296305796238,0
-5.591181,33,10527.36262,-100.0,-0.6764761637760346,0
-5.730106,33,10527.930343,-100.0,-0.71816423749381,0
-5.760479,33,10528.496166,-100.0,-0.6821380872867436,0
-5.495882,33,10529.057956,-100.0,-0.7254448478415573,0
-5.605666,33,10529.632212,-100.0,-0.6908593096289876,0
-5.8815,34,10530.211815,-100.0,-0.7121001474140032,0
-5.374157,33,10530.767329,-100.0,-0.7960096667232563,0
-5.71979,33,10531.323651,-100.0,-0.6900281576937701,0
-5.92533,34,10531.899947,-100.0,-0.6800590998444094,0
-5.16185,32,10532.456433,-100.0,-0.8030674032885822,0
-5.589194,32,10533.005749,-100.0,-0.7802065510778812,0
-5.464977,32,10533.55052,-100.0,-0.8576337178164306,0
-5.592871,34,10534.135728,-100.0,-0.660919091171931,0
-5.280327,32,10534.675764,-100.0,-0.8856937808219372,0
-5.856492,33,10535.229802,-100.0,-0.7006189820105321,0
-5.351948,34,10535.810316,-100.0,-0.7688498268861688,0
-5.412911,37,10536.436303,-100.0,-0.7840953418779185,0
-5.342671,33,10537.00746,-100.0,-0.8295355203462119,0
-5.84672,34,10537.589833,-100.0,-0.676371896447483,0
-5.407584,33,10538.156979,-100.0,-0.7077980409351979,0
-5.377086,34,10538.75431,-100.0,-0.7402761616994515,0
-5.775908,41,10539.441751,-100.0,-0.7533864956228494,0
-5.463886,34,10540.032494,-100.0,-0.7670677777742463,0
-5.475952,33,10540.596793,-100.0,-0.7593620696715154,0
-5.108375,32,10541.134203,-100.0,-0.7668027607959795,0
-5.050024,32,10541.685389,-100.0,-0.8158519683281504,0
-5.40352,34,10542.25401,-100.0,-0.7673900400540812,0
-5.49257,33,10542.826577,-100.0,-0.7744382135035582,0
-5.262031,33,10667.891576,-100.0,-0.7658690120626586,0
-5.284325,33,10668.460082,-100.0,-0.8287235441125065,0
-5.574556,34,10669.040454,-100.0,-0.7777757173003218,0
-5.609178,33,10669.603682,-100.0,-0.7290460785030235,0
-5.476612,33,10670.178953,-100.0,-0.7645735461562116,0
-5.254789,33,10670.742794,-100.0,-0.7925055623648691,0
-5.42432,34,10671.32768,-100.0,-0.8275366751877216,0
-5.381943,32,10671.873967,-100.0,-0.789306894995743,0
-5.498488,33,10672.448216,-100.0,-0.6889363215227894,0
-5.722104,35,10673.041641,-100.0,-0.7318868939463782,0
-5.551926,34,10673.630351,-100.0,-0.6867859742492586,0
-5.392082,38,10674.269104,-100.0,-0.7933374890471383,0
-5.418313,32,10674.818841,-100.0,-0.789536695174642,0
-5.258211,33,10675.390991,-100.0,-0.8110573683668146,0
-6.105675,35,10675.980551,-100.0,-0.6478231461775583,0
-5.669839,33,10676.545813,-100.0,-0.7555309629471941,0
-5.181398,33,10677.106976,-100.0,-0.7760367419879689,0
-5.12875,34,10677.693867,-100.0,-0.8398793559519345,0
-5.396021,33,10678.258816,-100.0,-0.8506012105214632,0
-5.269361,33,10678.824419,-100.0,-0.7663432481047253,0
-5.708119,33,10679.378613,-100.0,-0.7370104050431303,0
-5.404207,34,10679.960609,-100.0,-0.732285880083092,0
-5.623961,34,10680.543118,-100.0,-0.6698800998641321,0
-5.652509,34,10681.127192,-100.0,-0.7191083898617077,0
-5.830799,34,10681.706404,-100.0,-0.6912757650313767,0
-5.479335,33,10682.267946,-100.0,-0.7894483218430706,0
-5.439088,36,10682.892272,-100.0,-0.7622475146475914,0
-5.278673,32,10683.445227,-100.0,-0.8300378834719657,0
-5.22937,32,10683.992791,-100.0,-0.8452286812568047,0
-5.632147,39,10684.639098,-100.0,-0.688357495789571,0
-5.286046,32,10685.189388,-100.0,-0.8214308721967506,0
-5.535474,33,10685.754694,-100.0,-0.7367982780650416,0
-5.402409,33,10686.323023,-100.0,-0.7803671670510478,0
-5.241383,32,10686.869624,-100.0,-0.82600726822557,0
-5.426916,33,10687.437464,-100.0,-0.7106557463782911,0
-5.499056,33,10688.002786,-100.0,-0.7582286345198449,0
-5.377602,33,10688.566736,-100.0,-0.738882101210496,0
-5.63205,33,10689.122055,-100.0,-0.6482344958459771,0
-5.782663,33,10689.672969,-100.0,-0.6358715555513668,0
-5.354611,33,10690.236213,-100.0,-0.8319939996248885,0
-5.728476,33,10690.804868,-100.0,-0.6820424204222836,0
-5.754572,42,10691.544266,-100.0,-0.7300070782322579,0
-5.753,34,10692.116994,-100.0,-0.637555268338068,0
-5.325141,33,10692.681724,-100.0,-0.8110832969301214,0
-5.213764,33,10693.247727,-100.0,-0.8374626324286923,0
-5.723296,34,10693.833307,-100.0,-0.7102741345353254,0
-5.518973,34,10694.400707,-100.0,-0.7580386584741066,0
-5.908847,35,10694.997201,-100.0,-0.8086823694950256,0
-5.196694,32,10695.545572,-100.0,-0.8872404166287783,0
-5.293652,33,10696.111436,-100.0,-0.8231466425729279,0
-5.700291,35,10696.704437,-100.0,-0.7225167634400212,0
-5.613797,34,10697.295359,-100.0,-0.7247757529609772,0
-5.734419,34,10697.879524,-100.0,-0.6872765172770496,0
-5.375133,38,10698.523879,-100.0,-0.7886232577076824,0
-5.594604,34,10699.100893,-100.0,-0.7512322975096016,0
-5.986643,35,10699.699517,-100.0,-0.6999062868651734,0
-5.375275,34,10700.278349,-100.0,-0.8432093964715347,0
-5.529148,34,10700.862971,-100.0,-0.7480907711156498,0
-5.720449,33,10701.434471,-100.0,-0.6867493966352659,0
-5.320548,33,10701.995471,-100.0,-0.7749801919918107,0
-5.576917,34,10702.567581,-100.0,-0.7125873962494945,0
-5.346557,33,10832.805192,-100.0,-0.7264666666944628,0
-5.213081,33,10833.364956,-100.0,-0.7913594574368186,0
-5.438603,33,10833.935686,-100.0,-0.8126910736179462,0
-5.499875,33,10834.499555,-100.0,-0.7514931662650397,0
-5.145484,33,10835.069153,-100.0,-0.8742021389435751,0
-5.663366,34,10835.635227,-100.0,-0.6524228751722263,0
-5.894025,33,10836.205687,-100.0,-0.6998212576828903,0
-5.789655,33,10836.763896,-100.0,-0.679401076247741,0
-5.166065,32,10837.323153,-100.0,-0.8700301627757867,0
-5.175542,35,10837.916532,-100.0,-0.829415201365025,0
-5.361287,38,10838.548778,-100.0,-0.7950862943164926,0
-5.466107,32,10839.094578,-100.0,-0.7814435552044064,0
-5.312148,33,10839.658661,-100.0,-0.8505354326015384,0
-5.98864,33,10840.227129,-100.0,-0.6971384586490685,0
-5.448424,33,10840.78288,-100.0,-0.7253146866907173,0
-5.813911,40,10841.477784,-100.0,-0.7194146657341031,0
-5.519896,33,10842.033801,-100.0,-0.7122793501904605,0
-5.838143,33,10842.799358,-100.0,-0.7246342292147495,0
-5.621142,35,10843.405377,-100.0,-0.6716897968149502,0
-5.779266,35,10844.015369,-100.0,-0.703592854932876,0
-5.328932,33,10844.580609,-100.0,-0.7873529459865705,0
-6.058252,35,10845.181113,-100.0,-0.6533152649718332,0
-5.444616,33,10845.749438,-100.0,-0.8006330540641559,0
-5.246722,35,10846.356297,-100.0,-0.8355911625497323,0
-5.832557,39,10847.014577,-100.0,-0.6748489065522967,0
-5.669278,35,10847.608122,-100.0,-0.7008000499037407,0
-5.302484,33,10848.180419,-100.0,-0.7920709540871572,0
-5.585917,34,10848.756003,-100.0,-0.7619218729081644,0
-5.536759,34,10849.354199,-100.0,-0.6960436135252357,0
-5.764318,33,10849.899747,-100.0,-0.7287825217800136,0
-5.452424,32,10850.446899,-100.0,-0.8045387214944152,0
-6.066582,37,10851.086062,-100.0,-0.6291297294736764,0
-5.474951,33,10851.644972,-100.0,-0.7504890241262169,0
-5.720211,35,10852.25828,-100.0,-0.6875136716665833,0
-5.359357,37,10852.893708,-100.0,-0.8252547855051743,0
-5.933004,35,10853.487176,-100.0,-0.7435274857869413,0
-5.53151,34,10854.071632,-100.0,-0.7253800269971625,0
-5.491778,33,10854.624894,-100.0,-0.6876822092591628,0
-5.536481,33,10855.193399,-100.0,-0.7510705680438959,0
-5.305738,39,10855.864118,-100.0,-0.8210134540965391,0
-5.819671,33,10856.434906,-100.0,-0.7162939520616406,0
-5.831776,33,10856.988051,-100.0,-0.7349005461846431,0
-5.648478,33,10857.548548,-100.0,-0.6851019714419103,0
-5.219909,33,10858.124405,-100.0,-0.8358408451497945,0
-5.992283,35,10858.720938,-100.0,-0.7080731793506749,0
-5.480364,33,10859.285735,-100.0,-0.7505497110149234,0
-5.670107,34,10859.863085,-100.0,-0.6944116077427696,0
-5.493412,33,10860.432039,-100.0,-0.6599234711206464,0
-5.531894,33,10860.996049,-100.0,-0.7723044079689877,0
-5.689448,34,10861.573464,-100.0,-0.7484527281114226,0
-5.690568,33,10862.134391,-100.0,-0.6770940097879541,0
-5.659247,33,10862.705312,-100.0,-0.7698190685174734,0
-5.530839,33,10863.253562,-100.0,-0.6334584372769662,0
-5.801193,34,10863.83449,-100.0,-0.6389005172904662,0
-5.300372,32,10864.380181,-100.0,-0.8023379118435757,0
-5.809621,35,10864.97793,-100.0,-0.6548035919856504,0
-5.425561,32,10865.526397,-100.0,-0.7359213645589301,0
-5.667045,33,10866.08637,-100.0,-0.707258717493027,0
-5.887411,35,10866.68103,-100.0,-0.7007277509547694,0
-5.240351,33,10867.244778,-100.0,-0.812594783464609,0
-5.556841,33,11001.306563,-100.0,-0.7129101494787258,0
-5.597746,37,11001.933041,-100.0,-0.7716116965466686,0
-5.414163,33,11002.494971,-100.0,-0.7077769344996022,0
-5.836658,37,11003.114536,-100.0,-0.6417272792973929,0
-5.534703,35,11003.724384,-100.0,-0.7445084188432546,0
-5.55569,33,11004.275826,-100.0,-0.6492258903683682,0
-5.4399,34,11004.856825,-100.0,-0.7588524648342824,0
-5.351436,33,11005.42006,-100.0,-0.7387793519114739,0
-5.564234,34,11006.000413,-100.0,-0.6457512896223847,0
-5.897129,34,11006.584002,-100.0,-0.6790878343780803,0
-5.222689,33,11007.141132,-100.0,-0.8329452033891923,0
-5.808287,34,11007.723415,-100.0,-0.6756132645306101,0
-5.305044,32,11008.260086,-100.0,-0.8588146469349082,0
-5.839821,36,11008.877694,-100.0,-0.678423264933801,0
-5.505392,32,11009.411889,-100.0,-0.7095444304915728,0
-5.586678,33,11009.980882,-100.0,-0.7136380036644288,0
-5.597037,33,11010.543359,-100.0,-0.6450587644159601,0
-5.432536,34,11011.122667,-100.0,-0.8116369031882078,0
-5.477757,33,11011.682146,-100.0,-0.6992637883282122,0
-5.218308,33,11012.245224,-100.0,-0.8310584671816041,0
-5.546012,33,11012.799288,-100.0,-0.7740556523745856,0
-5.279357,33,11013.363782,-100.0,-0.8481048137603546,0
-5.640942,33,11013.930114,-100.0,-0.6640768706600824,0
-5.73316,34,11014.513383,-100.0,-0.6772885129556792,0
-5.783983,33,11015.076213,-100.0,-0.6836157621755274,0
-5.74334,34,11015.657373,-100.0,-0.695316238664675,0
-5.373656,33,11016.224803,-100.0,-0.7580445098817599,0
-5.29462,33,11016.780075,-100.0,-0.7672281310024232,0
-5.328175,32,11017.326458,-100.0,-0.8055682131195347,0
-5.158541,33,11017.882491,-100.0,-0.7842687333234051,0
-5.843212,33,11018.440762,-100.0,-0.6862509998537925,0
-5.539944,33,11019.011194,-100.0,-0.7115233397553656,0
-5.363966,34,11019.580172,-100.0,-0.7197974508622014,0
-5.645915,33,11020.148854,-100.0,-0.6525512744039863,0
-5.420271,33,11020.715412,-100.0,-0.7533979611355859,0
-5.229305,33,11021.276736,-100.0,-0.8079847236050322,0
-5.28235,32,11021.830537,-100.0,-0.8621359953955082,0
-5.47761,33,11022.393661,-100.0,-0.7202008087844155,0
-5.647796,39,11023.056701,-100.0,-0.6996331141555856,0
-5.306295,33,11023.618172,-100.0,-0.7952747799666375,0
-5.118626,32,11024.162414,-100.0,-0.8395539851622764,0
-5.788379,33,11024.723845,-100.0,-0.6650042844465613,0
-5.561774,38,11025.366176,-100.0,-0.7557876706920011,0
-5.278604,32,11025.919412,-100.0,-0.8703518359221565,0
-5.437795,33,11026.477781,-100.0,-0.7842009663746341,0
-5.582616,33,11027.041054,-100.0,-0.6929873832254945,0
-5.402372,33,11027.591687,-100.0,-0.7176295097856882,0
-5.49222,35,11028.18813,-100.0,-0.7227961192143457,0
-5.813211,34,11028.77135,-100.0,-0.6838224459365855,0
-5.583791,33,11029.329347,-100.0,-0.7480885933808866,0
-5.778906,34,11029.911109,-100.0,-0.6697504093051935,0
-5.454663,33,11030.477309,-100.0,-0.8124217095028392,0
-5.472455,34,11031.055116,-100.0,-0.7475367851123679,0
-5.357983,33,11031.616292,-100.0,-0.7811145038569965,0
-5.668999,34,11032.196751,-100.0,-0.734456204228648,0
-5.489952,33,11032.753621,-100.0,-0.7236643041781847,0
-5.350449,34,11033.332308,-100.0,-0.7487025415874597,0
-5.542707,33,11033.892745,-100.0,-0.7128545511948456,0
-5.545399,34,11034.483408,-100.0,-0.7311461412759295,0
-5.28492,32,11035.019912,-100.0,-0.852226147338164,0
-5.261383,32,11035.571125,-100.0,-0.7942882808250806,0
-5.52464,34,11173.513482,-100.0,-0.7969314562964341,0
-5.610354,41,11174.229908,-100.0,-0.7609561812257752,0
-5.311398,33,11174.8012,-100.0,-0.7760849029494665,0
-5.645695,33,11175.372532,-100.0,-0.7471564013430251,0
-5.88987,33,11175.951695,-100.0,-0.7109495913043827,0
-5.592677,34,11176.52781,-100.0,-0.6562336505159156,0
-6.149542,34,11177.114538,-100.0,-0.6668246158267165,0
-5.679636,34,11177.702401,-100.0,-0.6569084977046683,0
-5.808695,35,11178.310473,-100.0,-0.740236620646275,0
-5.254345,33,11178.884395,-100.0,-0.8261257929989236,0
-5.54425,33,11179.456563,-100.0,-0.7142939245411761,0
-5.401431,33,11180.025139,-100.0,-0.7522799259257468,0
-5.774273,34,11180.618886,-100.0,-0.661263722253216,0
-5.301919,38,11181.288461,-100.0,-0.8154294607229063,0
-5.458249,32,11181.834641,-100.0,-0.7797066856249891,0
-5.525171,33,11182.405204,-100.0,-0.7091567278553375,0
-5.262946,33,11182.969285,-100.0,-0.8266139018567031,0
-5.68303,34,11183.558783,-100.0,-0.6675743867903321,0
-5.424378,33,11184.136101,-100.0,-0.7795280785076412,0
-5.575684,33,11184.696465,-100.0,-0.6536359348680584,0
-5.497135,34,11185.283178,-100.0,-0.7515405794990585,0
-5.666794,34,11185.875283,-100.0,-0.7300927453865773,0
-5.893458,39,11186.546908,-100.0,-0.7868288197831055,0
-5.004037,33,11187.115643,-100.0,-0.8607181563796811,0
-5.536805,33,11187.696713,-100.0,-0.6376081278238259,0
-5.617358,33,11188.264349,-100.0,-0.6429352189514066,0
-5.843349,34,11188.845077,-100.0,-0.6574268347935427,0
-5.948153,33,11189.414312,-100.0,-0.6486094481292378,0
-5.042148,34,11189.993441,-100.0,-0.8301879255683066,0
-5.677448,33,11190.557675,-100.0,-0.6847526725452512,0
-5.356242,33,11191.11499,-100.0,-0.7755999543035879,0
-5.372317,33,11191.677058,-100.0,-0.7614804807734123,0
-5.577929,33,11192.237739,-100.0,-0.7264288966942458,0
-5.816775,33,11192.810977,-100.0,-0.6214733692539128,0
-5.783728,33,11193.377316,-100.0,-0.7268724073633858,0
-5.269912,32,11193.919473,-100.0,-0.8913464005418055,0
-5.922525,33,11194.480474,-100.0,-0.6907764060699875,0
-5.38602,34,11195.069037,-100.0,-0.7684396448696722,0
-5.806071,33,11195.635993,-100.0,-0.6680666318648328,0
-5.786399,39,11196.286227,-100.0,-0.6502254263291981,0
-5.197205,38,11196.926515,-100.0,-0.7905018476101081,0
-5.27969,33,11197.496603,-100.0,-0.769117141357657,0
-5.545186,34,11198.076945,-100.0,-0.7884567561746618,0
-5.595717,33,11198.644862,-100.0,-0.7213252500473694,0
-5.402679,33,11199.203216,-100.0,-0.7674998003032623,0
-5.344354,34,11199.787334,-100.0,-0.8030045040489624,0
-5.72845,33,11200.347602,-100.0,-0.6627661547130496,0
-5.378106,33,11200.918422,-100.0,-0.7058879706467438,0
-5.443729,33,11201.486913,-100.0,-0.7556419443607413,0
-5.28301,33,11202.049108,-100.0,-0.8008697513663529,0
-5.383612,34,11202.633273,-100.0,-0.727689119733576,0
-5.406087,33,11203.197355,-100.0,-0.6604917095301126,0
-5.508711,33,11203.764624,-100.0,-0.7196674492548776,0
-5.337291,35,11204.350814,-100.0,-0.7680663448407321,0
-5.624915,35,11204.956448,-100.0,-0.7131438920047897,0
-5.589902,33,11205.516445,-100.0,-0.696774191264187,0
-5.837401,34,11206.100656,-100.0,-0.6448604472532716,0
-5.516923,33,11206.663069,-100.0,-0.6783271942693139,0
-5.222282,33,11207.234039,-100.0,-0.8732650564361742,0
-5.710966,35,11207.838141,-100.0,-0.6395946982751705,0
-5.280017,33,11208.395605,-100.0,-0.75491144141148,0
-5.598298,33,11344.1198,-100.0,-0.6106346792610493,0
-5.373606,34,11344.692415,-100.0,-0.7865901910725644,0
-5.318619,32,11345.232517,-100.0,-0.8281658912273208,0
-5.050379,38,11345.883945,-100.0,-0.8545143085413126,0
-5.177918,32,11346.439787,-100.0,-0.8275558082317026,0
-5.246267,33,11347.001612,-100.0,-0.8454585109258497,0
-5.636806,32,11347.536832,-100.0,-0.8357830720244687,0
-5.053734,32,11348.288737,-100.0,-0.8462525181396501,0
-5.742787,41,11348.968706,-100.0,-0.682358032280512,0
-5.376917,33,11349.535764,-100.0,-0.7290660895300662,0
-5.43292,32,11350.085609,-100.0,-0.8083182560978781,0
-5.570579,33,11350.656881,-100.0,-0.7231092413126488,0
-5.662661,33,11351.218688,-100.0,-0.6157082325498731,0
-5.736853,34,11351.798343,-100.0,-0.6952662911939334,0
-5.454758,32,11352.346308,-100.0,-0.7850804274086509,0
-5.666391,32,11352.890219,-100.0,-0.739673283500173,0
-5.26209,32,11353.435538,-100.0,-0.7782654599883799,0
-5.25688,32,11353.984776,-100.0,-0.8363261276667844,0
-5.270291,33,11354.553081,-100.0,-0.7777907392249175,0
-5.291439,35,11355.140871,-100.0,-0.7871739929593983,0
-5.672685,33,11355.700546,-100.0,-0.684884776876425,0
-5.752667,33,11356.274527,-100.0,-0.6462875296044368,0
-5.710823,33,11356.830426,-100.0,-0.7004077493252543,0
-5.516926,33,11357.391587,-100.0,-0.6556666784377309,0
-5.555267,33,11357.961377,-100.0,-0.6863436563596339,0
-5.325343,32,11358.504309,-100.0,-0.8023776790432632,0
-5.675682,35,11359.100411,-100.0,-0.7096972253175723,0
-5.627651,33,11359.665382,-100.0,-0.6419915008123862,0
-5.637395,34,11360.246999,-100.0,-0.6478113419281508,0
-5.779949,33,11360.80751,-100.0,-0.6678051366451248,0
-5.749173,33,11361.357886,-100.0,-0.6272937434454365,0
-5.704949,33,11361.919558,-100.0,-0.6251019335747949,0
-5.350706,33,11362.478986,-100.0,-0.811079126393276,0
-5.736782,33,11363.041212,-100.0,-0.640182261870707,0
-5.360711,33,11363.601977,-100.0,-0.7233700349227166,0
-5.630119,33,11364.168925,-100.0,-0.7900546749791325,0
-5.217,32,11364.715874,-100.0,-0.8576071737745611,0
-5.555529,33,11365.280665,-100.0,-0.6817052097721231,0
-5.490839,33,11365.839984,-100.0,-0.7483545780972478,0
-5.611071,33,11366.408065,-100.0,-0.6381555550753045,0
-5.648528,33,11366.964117,-100.0,-0.6701529163711091,0
-5.330234,33,11367.531756,-100.0,-0.7202805731653453,0
-5.397152,33,11368.09759,-100.0,-0.7699817057728904,0
-5.253183,32,11368.639544,-100.0,-0.8444755878612056,0
-5.507023,33,11369.206409,-100.0,-0.7216528465553201,0
-5.500018,32,11369.745095,-100.0,-0.7568483670084579,0
-5.534943,33,11370.309966,-100.0,-0.7124026763268768,0
-5.247669,33,11370.864203,-100.0,-0.7756803023542987,0
-5.91561,34,11371.452493,-100.0,-0.6817892084877298,0
-5.174171,32,11371.999887,-100.0,-0.8368786600851189,0
-5.670939,33,11372.561125,-100.0,-0.668059326933259,0
-5.564659,35,11373.159515,-100.0,-0.6128491580184419,0
-5.720955,34,11373.733315,-100.0,-0.6685923396203202,0
-5.739958,33,11374.299891,-100.0,-0.6738944652958262,0
-5.662999,33,11374.858225,-100.0,-0.7198810237958801,0
-5.895469,33,11375.424933,-100.0,-0.7091967439369843,0
-5.65494,33,11375.983787,-100.0,-0.7234113860616366,0
-5.220711,35,11376.574446,-100.0,-0.7095495636609657,0
-5.48042,33,11377.130281,-100.0,-0.7193850484554787,0
-5.341268,33,11377.698042,-100.0,-0.774476105396236,0
-5.550906,33,11378.250683,-100.0,-0.6952459287988985,0
-5.358772,33,11378.816208,-100.0,-0.785254059582679,0
