#{"t_start": 1782853650.2638452, "env_id": "BipedalWalker-v3"}
r,l,t,original_env_reward,generated_reward,reward_error_count
-42.781354,98,3.323791,-100.0,-0.8689783274260351,0
-38.781702,58,4.120571,-100.0,-1.6177443978025237,0
-113.220613,140,6.072096,-100.0,-2.6453504166503876,0
-419.049502,1600,27.917164,-0.05721708675225458,-0.24941459155284681,0
-402.861025,1600,192.473463,-0.10555505726734915,-0.0881557768618556,0
-53.119958,67,193.495182,-100.0,-1.1025676925614818,0
-249.599381,1600,339.611338,-0.05376232298215112,-0.05285062082486944,0
-264.643225,1600,481.694125,-0.12776254892349242,-0.20685637225356893,0
-23.344941,57,482.491461,-100.0,-0.9901429713868058,0
-245.188328,1600,623.50283,-0.0273227121432646,-0.1908364797251223,0
-202.165376,1600,645.708327,-0.21906562538941227,-0.1488744476278795,0
-21.444524,53,646.449351,-100.0,-1.0052094884077505,0
-204.219542,1600,789.481859,-0.008517732580501647,-0.06667287515885194,0
-11.736926,51,790.263039,-100.0,-0.6625506244676544,0
-202.467755,1600,930.790418,-0.06746521629890043,-0.06571901939799832,0
-173.572507,1600,1073.60678,-0.03860386997461319,-0.05510661130974956,0
-246.157583,1600,1213.435158,-0.15880805895725647,-0.19110322711261488,0
-25.469803,76,1214.513948,-100.0,-1.109995388421297,0
-165.084887,1600,1236.937958,-0.02493629249930382,-0.1000662724207847,0
-164.722383,1600,1376.563885,-0.12205386662483216,-0.12842339471785935,0
-144.891938,1600,1515.540911,-0.12916035504701,-0.0557735364917529,0
-21.009709,63,1516.426246,-100.0,-0.7151140903932867,0
-12.214527,66,1517.358096,-100.0,-0.6591451442067132,0
-143.884592,1600,1659.84691,-0.07916803008317948,-0.09841730841108896,0
-143.820805,1600,1800.503058,-0.062165451049804685,-0.12789703743070113,0
-174.410937,1600,1822.770478,-0.030264423986278356,-0.06485657898315594,0
-16.430723,52,1823.490417,-100.0,-0.9436082647252655,0
-13.187632,65,1824.391949,-100.0,-0.5225964867339643,0
-11.045656,66,1825.317134,-100.0,-0.9083014873223062,0
-126.028558,1600,1966.563059,-0.04237993423143786,-0.07890975596694942,0
-17.830999,58,1967.431972,-100.0,-0.7393052386176922,0
-8.742716,50,1968.176424,-100.0,-0.6304552824405548,0
-10.872421,53,1968.983393,-100.0,-0.35330051158454573,0
-21.898873,66,1969.935819,-100.0,-0.9862583107072415,0
-22.438646,79,1971.030877,-100.0,-0.9013280707834722,0
-11.4189,74,1972.058583,-100.0,-0.7126009620687395,0
-21.144528,70,1973.027452,-100.0,-0.8030057806292565,0
-12.631467,71,1974.01805,-100.0,-0.6801881355819845,0
-15.152738,89,2091.040471,-100.0,-0.9495733198054086,0
-8.450676,54,2091.787786,-100.0,-0.14062553738567155,0
-116.153226,1600,2113.971275,-0.09257924972474574,-0.07180886922804716,0
-14.445322,64,2114.840538,-100.0,-0.678814334213987,0
-9.999519,58,2115.660204,-100.0,-0.6270539990121919,0
-7.514987,44,2116.270116,-100.0,-0.7933756315699043,0
-126.860286,1600,2253.101189,0.023637229224048442,-0.04764033472087384,0
-10.683641,70,2254.057502,-100.0,-0.17612047199334413,0
-11.169103,57,2254.840946,-100.0,-0.6837533502764772,0
-102.256336,1600,2395.848758,-0.08984371922413982,-0.06709105405490853,0
-21.124124,89,2397.069271,-100.0,-0.4281295108971887,0
-21.006099,129,2398.841733,-100.0,-0.6907335246352865,0
-19.830991,80,2399.956281,-100.0,-0.564416977137621,0
-15.536836,69,2400.904413,-100.0,-0.688545724938351,0
-20.372171,92,2402.173345,-100.0,-0.6175530070873656,0
-91.550704,1600,2518.497641,-0.028595786809921267,-0.05912677162969365,0
-10.471353,52,2519.219351,-100.0,-0.2414954262658435,0
-8.567349,49,2519.875413,-100.0,-0.6628980423224763,0
-9.39949,55,2520.637275,-100.0,-0.33071268856125613,0
-10.380196,53,2521.371619,-100.0,-0.23908866550300034,0
-14.312349,66,2522.270706,-100.0,-0.5513805080542826,0
-16.14646,143,2524.22138,-100.0,-0.6619716299048022,0
-11.356003,70,2525.173245,-100.0,-0.756313523444208,0
-15.981922,134,2526.989331,-100.0,-0.2738599539843583,0
-10.957091,70,2527.937039,-100.0,-0.7312284397728142,0
-17.063496,110,2529.451014,-100.0,-0.8306025189365007,0
-19.952475,89,2530.657429,-100.0,-0.4149910239728441,0
-8.724891,59,2624.6013,-100.0,-0.7372490088398826,0
-11.478658,90,2625.81381,-100.0,-0.30504020889462563,0
-16.820206,101,2627.211466,-100.0,-0.6960924406019665,0
-12.275607,52,2627.924064,-100.0,-0.7480952524261084,0
-16.670913,64,2628.798206,-100.0,-0.43963677123919476,0
-14.137765,59,2629.610111,-100.0,-0.33430104059146526,0
-16.243185,61,2630.466222,-100.0,-0.8674235987532458,0
-114.283403,1600,2652.306149,-0.09944356812039773,-0.07214288455430203,0
-19.266637,76,2746.430687,-100.0,-0.4625285008382327,0
-9.310971,41,2747.006899,-100.0,-0.6665275357761509,0
-9.187165,60,2747.839187,-100.0,-0.6951291645615028,0
-11.056041,61,2748.689791,-100.0,-0.6628428221098777,0
-10.136206,46,2749.343443,-100.0,-0.7541882223031883,0
-12.151573,64,2750.243281,-100.0,-0.6799597272670759,0
-77.398084,1600,2772.38632,-0.047890737998605,-0.02179310080605994,0
-12.404539,62,2773.251349,-100.0,-0.6342585344113771,0
-18.27264,70,2893.158364,-100.0,-0.43971738063732313,0
-21.523334,135,2895.053978,-100.0,-0.31232674048682574,0
-10.200668,52,2895.780514,-100.0,-0.7684311077824878,0
-14.319638,90,2897.064481,-100.0,-0.297277435805655,0
-11.830761,76,2898.116141,-100.0,-0.6388250491355096,0
-13.184744,57,2898.913694,-100.0,-1.0009203332189016,0
-10.92144,69,2899.894591,-100.0,-0.716294490494419,0
-13.304348,78,2900.990332,-100.0,-0.6613213490343451,0
-8.407078,62,2901.85282,-100.0,-0.7762467083837414,0
-8.860726,66,2902.787834,-100.0,-0.6781684766031283,0
-6.877719,41,2903.360265,-100.0,-0.37069991382295087,0
-13.096803,84,2904.540383,-100.0,-0.7473031503019115,0
-10.250702,51,2905.249795,-100.0,-0.6941331723425557,0
-14.858538,114,2906.870622,-100.0,-0.38866488295062296,0
-11.058758,70,2907.857731,-100.0,-0.7039629475295367,0
-11.092652,59,2908.688436,-100.0,-0.7181170728658669,0
-14.418282,113,2910.305118,-100.0,-0.32902150974341804,0
-9.624801,50,2911.014446,-100.0,-0.1698687711634179,0
-18.1305,74,2912.055484,-100.0,-0.4456027511092059,0
-16.829398,61,2912.938583,-100.0,-0.6603379380874709,0
-12.164387,51,2913.653251,-100.0,-0.8148059584401267,0
-8.688411,61,2914.51671,-100.0,-0.7653723144009337,0
-11.68263,61,2915.385643,-100.0,-0.6544898519883773,0
-17.152811,64,2916.299096,-100.0,-0.45715598092677867,0
-10.476453,62,2917.176185,-100.0,-0.7305951033038849,0
-9.716874,48,2917.855267,-100.0,-0.2880299363197281,0
-10.675119,64,2918.787709,-100.0,-0.6541580018007841,0
-11.152305,66,2919.727806,-100.0,-0.7010818054708696,0
-9.319687,44,2920.356878,-100.0,-0.5944697737120521,0
-21.28456,78,2921.462181,-100.0,-0.6332436587306571,0
-13.20936,74,3038.183003,-100.0,-0.7407179071987159,0
-12.44002,53,3038.936875,-100.0,-0.3036587160118407,0
-11.217538,49,3039.645675,-100.0,-0.3238746246482619,0
-7.642796,39,3040.209123,-100.0,-0.22676496754195347,0
-9.435781,84,3041.393243,-100.0,-0.8353053546464149,0
-10.359334,61,3042.247693,-100.0,-0.7655033443072644,0
-10.544715,53,3043.009868,-100.0,-0.6679313983197431,0
-8.327331,40,3043.810424,-100.0,-0.9169047641560311,0
-10.475858,58,3044.63313,-100.0,-0.6298279478134126,0
-13.184597,54,3045.394765,-100.0,-0.4339412409752141,0
-10.504056,80,3046.551289,-100.0,-0.6008175105021573,0
-9.085102,41,3047.108821,-100.0,-0.6974681429360149,0
-13.116485,60,3047.981883,-100.0,-0.3746528755115589,0
-16.803448,105,3049.472289,-100.0,-0.7313353664774571,0
-10.891066,56,3050.277852,-100.0,-0.6994167612080127,0
-9.178961,62,3051.17022,-100.0,-0.2729112641748606,0
-16.475744,46,3051.818324,-100.0,-0.5591749653144771,0
-12.130193,66,3052.779239,-100.0,-0.28584556279276824,0
-18.755913,125,3054.587421,-100.0,-0.26391753734288126,0
-11.255316,62,3055.473141,-100.0,-0.6458434388306763,0
-12.997788,53,3056.224552,-100.0,-0.4303274530397695,0
-9.119792,55,3057.009884,-100.0,-0.816914046751666,0
-16.584836,142,3059.03773,-100.0,-0.30162585556572846,0
-15.780278,98,3060.466509,-100.0,-0.3262631283708718,0
-8.126873,56,3061.277704,-100.0,-0.6682183407966081,0
-14.743468,93,3062.611405,-100.0,-0.3269068144491662,0
-9.351443,62,3063.514592,-100.0,-0.6968687499850187,0
-11.718837,63,3064.436118,-100.0,-0.7428849422635779,0
-15.549034,89,3065.692377,-100.0,-0.28223372420045145,0
-9.884658,68,3066.67518,-100.0,-0.7510241575492063,0
-9.342103,63,3183.897395,-100.0,-0.6295773356286617,0
-10.389649,44,3184.53508,-100.0,-0.4131796848262278,0
-11.705933,62,3185.430209,-100.0,-0.28298015165618545,0
-13.600641,89,3186.731252,-100.0,-0.3060279997327756,0
-12.367555,72,3187.814966,-100.0,-0.7101596110613773,0
-12.850558,68,3188.793745,-100.0,-0.14204949693666682,0
-9.094805,60,3189.673796,-100.0,-0.6952455137029219,0
-11.533747,64,3190.59719,-100.0,-0.6785721057732111,0
-11.13905,70,3191.623826,-100.0,-0.630103576096547,0
-13.422976,56,3192.44306,-100.0,-0.2758073741244152,0
-10.245476,81,3193.626452,-100.0,-0.642434347349324,0
-10.875773,62,3194.511467,-100.0,-0.6176501423609982,0
-14.583895,111,3196.122267,-100.0,-0.7405114102158832,0
-10.108893,62,3197.019608,-100.0,-0.6610341273466609,0
-17.394193,116,3198.708079,-100.0,-0.3665722547955966,0
-8.865379,51,3199.452948,-100.0,-0.6778049944758587,0
-10.798102,56,3200.296318,-100.0,-0.6232066287597043,0
-10.401584,49,3201.012934,-100.0,-0.5348867810395567,0
-13.829458,67,3201.992041,-100.0,-0.3827714737901949,0
-15.449989,88,3203.280658,-100.0,-0.25279775080951206,0
-14.066251,75,3204.372622,-100.0,-0.3421513861334051,0
-11.879758,81,3205.561305,-100.0,-0.3454565984399223,0
-7.895904,42,3206.176728,-100.0,-0.6369547985494136,0
-9.630327,60,3207.039568,-100.0,-0.6496750054516662,0
-18.13824,119,3208.761982,-100.0,-0.19858570282872065,0
-7.912433,56,3209.592522,-100.0,-0.7435285335935808,0
-13.129135,88,3210.880658,-100.0,-0.09851850768847356,0
-9.406686,45,3211.564223,-100.0,-0.5826638987830862,0
-9.592075,55,3212.345626,-100.0,-0.5873295847372004,0
-7.494752,59,3213.218891,-100.0,-0.6712457894284707,0
-7.918227,49,3331.219773,-100.0,-0.7553137257577073,0
-12.41911,98,3332.640104,-100.0,-0.6719194297473292,0
-9.516351,58,3333.483759,-100.0,-0.6033729567188786,0
-13.83939,67,3334.481977,-100.0,-0.3484779409922794,0
-11.111329,46,3335.154671,-100.0,-0.7135136916284439,0
-9.73531,52,3335.916955,-100.0,-0.6771356202069214,0
-13.397566,72,3336.977805,-100.0,-0.19265351538537467,0
-9.02123,53,3337.754748,-100.0,-0.6979628159474015,0
-18.81607,92,3339.109195,-100.0,-0.37824385904891195,0
-10.904602,62,3340.031607,-100.0,-0.7609090394168324,0
-14.537151,80,3341.184255,-100.0,-0.76474434365012,0
-15.936863,64,3342.130429,-100.0,-0.43157495259819456,0
-8.421442,48,3342.842529,-100.0,-0.5975184333866235,0
-7.585669,46,3343.506053,-100.0,-0.6841284322315604,0
-8.824027,45,3344.179534,-100.0,-0.6038437662564106,0
-8.324449,56,3345.009055,-100.0,-0.6678725397164476,0
-8.400202,57,3345.853443,-100.0,-0.6477656407652559,0
-10.974572,75,3346.966141,-100.0,-0.6385621853056891,0
-10.859051,68,3347.966351,-100.0,-0.6916262121415472,0
-17.775034,60,3348.845352,-100.0,-0.42543723497626434,0
-14.945243,97,3350.249257,-100.0,-0.9225413201102775,0
-10.009253,51,3351.013138,-100.0,-0.7334301247600494,0
-9.163111,69,3352.021326,-100.0,-0.6827772362717288,0
-9.62277,44,3352.648471,-100.0,-0.6662167369295017,0
-11.86892,68,3353.651054,-100.0,-0.28050835227245013,0
-13.304965,67,3354.636628,-100.0,-0.6379391309875614,0
-9.25381,62,3355.549346,-100.0,-0.7040459579420236,0
-7.696233,43,3356.154482,-100.0,-0.2721358611032429,0
-12.182558,83,3357.359965,-100.0,-0.1334567284761366,0
-19.241251,134,3359.312414,-100.0,-0.19345742296263704,0
-8.875627,54,3360.102923,-100.0,-0.6757816863456997,0
-10.591054,66,3476.651605,-100.0,-0.6167226599354332,0
-10.096194,65,3477.608207,-100.0,-0.18764974767751905,0
-9.011844,66,3478.577221,-100.0,-0.725289549925844,0
-8.870932,52,3479.34352,-100.0,-0.7356878907909078,0
-9.370043,70,3480.356008,-100.0,-0.7447133265579546,0
-9.437531,57,3481.177025,-100.0,-0.7461462461805852,0
-10.15822,58,3482.019606,-100.0,-0.5739780440927222,0
-7.280435,38,3482.590373,-100.0,-0.7736938143051918,0
-8.614292,48,3483.310352,-100.0,-0.6360572056126728,0
-9.103336,46,3483.968466,-100.0,-0.21292761256451848,0
-15.463095,147,3486.124023,-100.0,-0.5882847962059651,0
-8.653958,43,3486.745135,-100.0,-0.6311640398582584,0
-9.738487,40,3487.342567,-100.0,-0.6511944883455945,0
-12.094274,88,3488.6126,-100.0,-0.6295004907568001,0
-8.639212,54,3489.412017,-100.0,-0.715127521407714,0
-9.089212,53,3490.202143,-100.0,-0.6475208550400992,0
-9.255102,45,3490.854081,-100.0,-0.7057343120908023,0
-8.844846,43,3491.511137,-100.0,-0.3975487876335831,0
-7.462564,45,3492.171977,-100.0,-0.671258803274117,0
-9.549708,52,3492.95558,-100.0,-0.6340711381691385,0
-8.218041,46,3493.617218,-100.0,-0.6336520626594965,0
-13.51307,86,3494.874992,-100.0,-0.19497131332927395,0
-7.641301,46,3495.569179,-100.0,-0.7306297152739141,0
-7.147963,43,3496.204314,-100.0,-0.6658607641593391,0
-11.754924,61,3497.107567,-100.0,-0.7366479630606588,0
-7.309932,40,3497.708194,-100.0,-0.7183295786811893,0
-8.504423,70,3498.72608,-100.0,-0.7058057419642492,0
-7.552382,43,3499.365507,-100.0,-0.6469390921841051,0
-7.650777,44,3500.02368,-100.0,-0.7379321236478982,0
-12.886129,98,3501.473464,-100.0,-0.6534791996483499,0
-8.938314,40,3502.068824,-100.0,-0.6514295852798361,0
-12.661175,66,3503.041049,-100.0,-0.3089715219530223,0
-10.25149,63,3503.991309,-100.0,-0.7345778589033717,0
-10.547969,66,3504.949309,-100.0,-0.6471758055767597,0
-8.463372,59,3505.813904,-100.0,-0.7926010885581687,0
-8.271385,48,3625.600336,-100.0,-0.6606865163707816,0
-8.4153,54,3626.379107,-100.0,-0.7060908394695806,0
-11.461689,77,3627.537272,-100.0,-0.26743838850314194,0
-8.992036,64,3628.492457,-100.0,-0.7617718825049475,0
-11.219459,58,3629.342823,-100.0,-0.23269638099950657,0
-8.626259,50,3630.088261,-100.0,-0.7159388321453748,0
-8.863129,53,3630.895009,-100.0,-0.6001864995775997,0
-9.144981,65,3631.864661,-100.0,-0.8564823568572004,0
-9.626103,58,3632.715013,-100.0,-0.8899109312707181,0
-8.944393,45,3633.37824,-100.0,-0.6495073084040899,0
-8.243803,48,3634.087864,-100.0,-0.6281194732028283,0
-9.52399,47,3634.79182,-100.0,-0.6415129008729877,0
-8.951144,57,3635.639651,-100.0,-0.7200082181202655,0
-8.789721,56,3636.47211,-100.0,-0.6994027775141841,0
-10.832813,71,3637.517568,-100.0,-0.7223011236955822,0
-8.408368,64,3638.475069,-100.0,-0.7750922724531533,0
-11.418849,74,3639.569942,-100.0,-0.20239194359029639,0
-9.759019,64,3640.526627,-100.0,-0.7091443294692655,0
-8.487473,41,3641.153057,-100.0,-0.7417863503171137,0
-7.841871,52,3641.925716,-100.0,-0.5833477524219385,0
-8.872794,66,3642.90405,-100.0,-0.7296416770860598,0
-9.911406,91,3644.255316,-100.0,-0.8047231485111799,0
-9.245748,72,3645.339452,-100.0,-0.6450705722285096,0
-12.510725,82,3646.548243,-100.0,-0.257630130814626,0
-7.365492,45,3647.227595,-100.0,-0.6988341096466872,0
-11.734036,58,3648.096076,-100.0,-0.39626120809897875,0
-12.645909,41,3648.696941,-100.0,-0.7876844422991359,0
-15.026978,108,3650.316783,-100.0,-0.22112504227568563,0
-9.12337,47,3651.042518,-100.0,-0.6799496175828214,0
-16.203366,111,3652.642317,-100.0,-0.6219204067036688,0
-12.814481,100,3654.162978,-100.0,-0.6131848607450252,0
-8.063555,55,3654.986307,-100.0,-0.774014908502687,0
-8.32567,44,3655.638399,-100.0,-0.701313993542052,0
-8.041055,60,3772.398004,-100.0,-0.6406475807048226,0
-8.404618,53,3773.214492,-100.0,-0.6041463195629905,0
-9.202855,49,3773.923609,-100.0,-0.6700694655761041,0
-7.744244,41,3774.564068,-100.0,-0.6963564997610957,0
-9.145553,41,3775.182635,-100.0,-0.7135299261626475,0
-8.595974,59,3776.052586,-100.0,-0.73044313343862,0
-9.008487,54,3776.880558,-100.0,-0.6701345108490682,0
-11.388087,74,3777.983819,-100.0,-0.23235505499258977,0
-8.634657,64,3778.963728,-100.0,-0.7607725129708091,0
-8.419885,42,3779.569423,-100.0,-0.6843059476638443,0
-8.550145,51,3780.370104,-100.0,-0.706399061910903,0
-7.190471,41,3780.95704,-100.0,-0.668772702286092,0
-8.240204,47,3781.673409,-100.0,-0.6477941494961075,0
-9.604381,67,3782.696916,-100.0,-0.27376347424671477,0
-7.82337,46,3783.3845,-100.0,-0.7945652480473856,0
-7.013999,39,3783.958532,-100.0,-0.6671089626618809,0
-7.828938,44,3784.632619,-100.0,-0.6819205530488598,0
-7.1321,40,3785.230101,-100.0,-0.6335689542840238,0
-11.025035,59,3786.111423,-100.0,-0.158919031430377,0
-10.176362,70,3787.136607,-100.0,-0.7445505250295196,0
-7.356372,45,3787.831364,-100.0,-0.7060760826778407,0
-8.666659,51,3788.602376,-100.0,-0.6458141977968701,0
-8.341683,55,3789.408678,-100.0,-0.886047590153763,0
-7.473139,48,3790.125822,-100.0,-0.6842191294091867,0
-11.825292,90,3791.469827,-100.0,-0.7663872951721331,0
-7.378205,40,3792.067441,-100.0,-0.6757095694561358,0
-7.933465,44,3792.730383,-100.0,-0.6885730146049904,0
-9.033702,60,3793.621803,-100.0,-0.8009515214269513,0
-10.035345,62,3794.532248,-100.0,-0.8115623663280265,0
-7.921634,42,3795.159366,-100.0,-0.6173893885850589,0
-7.820881,42,3795.806326,-100.0,-0.6364279364488473,0
-11.20577,64,3796.752776,-100.0,-0.6257050278896839,0
-9.08002,50,3797.508487,-100.0,-0.5211043641198791,0
-8.459441,51,3798.277706,-100.0,-0.6641590298349268,0
-10.167551,59,3799.140572,-100.0,-0.6419206290559737,0
-9.650467,53,3799.930592,-100.0,-0.6618099802972948,0
-8.285025,55,3800.732121,-100.0,-0.7193757600227716,0
-8.311885,61,3801.641708,-100.0,-0.714750868802917,0
-8.70769,56,3922.323802,-100.0,-0.6783744768688919,0
-9.244181,58,3923.191479,-100.0,-0.6398116435313406,0
-8.178917,61,3924.113681,-100.0,-0.6605043505197252,0
-10.010836,79,3925.317212,-100.0,-0.35822940416590804,0
-7.495678,46,3925.976946,-100.0,-0.7001062163358985,0
-8.561766,57,3926.836894,-100.0,-0.7608339687325453,0
-8.087487,36,3927.388703,-100.0,-0.678021249692794,0
-8.369672,63,3928.334574,-100.0,-0.7391086202924415,0
-11.872918,67,3929.335519,-100.0,-0.8133323551789289,0
-12.200253,41,3929.954604,-100.0,-0.9635172445390234,0
-7.69776,50,3930.707885,-100.0,-0.5895872132776259,0
-7.330643,54,3931.511246,-100.0,-0.6852072331365688,0
-8.540621,59,3932.393722,-100.0,-0.6325574215216839,0
-9.341835,58,3933.270413,-100.0,-0.6456597321424448,0
-9.414783,59,3934.139525,-100.0,-0.7660560030318009,0
-12.984466,84,3935.406154,-100.0,-0.6004951612931726,0
-8.005162,43,3936.060189,-100.0,-0.8317178462766825,0
-9.332285,51,3936.838711,-100.0,-0.6630118089974578,0
-8.16445,46,3937.514421,-100.0,-0.687094737629975,0
-9.371511,60,3938.427275,-100.0,-0.6158890704046376,0
-8.425045,57,3939.309446,-100.0,-0.676828677926526,0
-8.226585,41,3939.918257,-100.0,-0.6531986767524405,0
-7.644682,48,3940.64956,-100.0,-0.6850790662224192,0
-7.527799,48,3941.355873,-100.0,-0.7189069063290723,0
-7.753141,43,3942.006526,-100.0,-0.7144461301329567,0
-8.824957,64,3942.966498,-100.0,-0.6569287761107034,0
-9.809716,63,3943.911399,-100.0,-0.6606105737036977,0
-10.687624,77,3945.064377,-100.0,-0.13173069615736735,0
-7.836892,44,3945.723457,-100.0,-0.6295942935038831,0
-8.338856,42,3946.363199,-100.0,-0.7326257843456041,0
-8.068625,53,3947.165803,-100.0,-0.6365028375020411,0
-9.79406,62,3948.118405,-100.0,-0.6416612729811653,0
-7.980492,42,3948.743678,-100.0,-0.6857179918101827,0
-7.961779,49,3949.486071,-100.0,-0.6123385387171452,0
-7.719303,48,3950.22007,-100.0,-0.6378230171137648,0
-7.309426,41,3950.831516,-100.0,-0.7159521547595219,0
-13.021211,84,3952.074651,-100.0,-0.3500471006914718,0
-9.336704,59,3952.973072,-100.0,-0.6744941568200618,0
-8.551557,52,4069.82865,-100.0,-0.8029478169726434,0
-9.451275,58,4070.720081,-100.0,-0.5919717411987955,0
-7.447984,39,4071.291155,-100.0,-0.6871156681918673,0
-8.399432,50,4072.072404,-100.0,-0.8239759539596329,0
-8.823998,54,4072.890072,-100.0,-0.7020607595928666,0
-8.718244,52,4073.674617,-100.0,-0.7262240069418203,0
-10.981633,57,4074.542681,-100.0,-0.7152853116430656,0
-7.038877,48,4075.279124,-100.0,-0.72679384146129,0
-7.82645,52,4076.066464,-100.0,-0.6495210849228428,0
-12.105518,71,4077.126871,-100.0,-0.1878889418021374,0
-8.945191,47,4077.827624,-100.0,-0.7772137781716908,0
-11.393568,72,4078.925462,-100.0,-0.6947253592332606,0
-8.835877,62,4079.856708,-100.0,-0.6614558355619329,0
-7.547252,44,4080.528447,-100.0,-0.7920198725231299,0
-7.9459,42,4081.164773,-100.0,-0.6651465404924389,0
-8.033525,47,4081.871253,-100.0,-0.6130557281747552,0
-7.59281,50,4082.626427,-100.0,-0.630217252201126,0
-7.236705,41,4083.253356,-100.0,-0.6369674385190427,0
-7.808604,46,4083.946504,-100.0,-0.644301629602247,0
-7.956659,61,4084.86025,-100.0,-0.7110194213385843,0
-7.516743,46,4085.545572,-100.0,-0.6414970069060705,0
-9.338857,71,4086.63495,-100.0,-0.7202822487636875,0
-14.119588,112,4088.311006,-100.0,-0.7124490269397495,0
-9.09306,49,4089.043825,-100.0,-0.6783694856868595,0
-9.546243,67,4090.063678,-100.0,-0.903416582529353,0
-8.513195,62,4091.002992,-100.0,-0.6454045635945953,0
-8.05065,54,4091.822306,-100.0,-0.7067412513037915,0
-7.852194,50,4092.589408,-100.0,-0.656903059917858,0
-9.267573,70,4093.651152,-100.0,-0.5522481478597138,0
-8.666754,46,4094.332715,-100.0,-0.4940446565316611,0
-8.537062,52,4095.1292,-100.0,-0.7243690065294937,0
-8.088291,47,4095.820709,-100.0,-0.6798714922157288,0
-7.883076,49,4096.567142,-100.0,-0.7433914689514787,0
-11.465064,83,4097.829538,-100.0,-0.23595527279704434,0
-7.392783,37,4098.393899,-100.0,-0.7202401982194723,0
-8.734908,58,4099.279748,-100.0,-0.691045509136298,0
-7.613226,47,4099.9903,-100.0,-0.6712086933734173,0
-7.375577,54,4218.762176,-100.0,-0.7765373485008424,0
-7.222873,45,4219.46453,-100.0,-0.6388896030939061,0
-8.943868,54,4220.285751,-100.0,-0.5739695836460412,0
-7.80142,47,4221.010918,-100.0,-0.6327454685982982,0
-7.379814,44,4221.678702,-100.0,-0.6548423784497769,0
-8.277651,54,4222.533512,-100.0,-0.6548919877018222,0
-7.572444,41,4223.146258,-100.0,-0.7923346648918239,0
-8.172511,61,4224.079616,-100.0,-0.6362435495388987,0
-8.22749,51,4224.857373,-100.0,-0.638641653066007,0
-7.701259,42,4225.495324,-100.0,-0.662901613627235,0
-9.620677,46,4226.207333,-100.0,-0.7678369341856598,0
-8.270291,51,4226.982685,-100.0,-0.6955967163688282,0
-7.992526,65,4227.963427,-100.0,-0.7654521760670839,0
-8.583102,61,4228.885686,-100.0,-0.7126267683316889,0
-9.115345,69,4229.940698,-100.0,-0.7082753004882252,0
-7.29746,43,4230.599299,-100.0,-0.6294506239031264,0
-7.291634,37,4231.162236,-100.0,-0.6107778398078262,0
-7.963326,46,4231.877278,-100.0,-0.6914148963019459,0
-7.640898,40,4232.483634,-100.0,-0.6791702265788104,0
-7.470381,47,4233.198557,-100.0,-0.6973579146589898,0
-7.742695,57,4234.060795,-100.0,-0.8268543889293462,0
-11.26298,83,4235.328889,-100.0,-0.29681597927114595,0
-9.246326,55,4236.168205,-100.0,-0.6170827867766587,0
-8.410226,48,4236.904595,-100.0,-0.7700283964937926,0
-6.753196,50,4237.668211,-100.0,-0.6566899554308212,0
-7.282453,51,4238.450616,-100.0,-0.7804211518610629,0
-8.14088,56,4239.312413,-100.0,-0.6451453207861116,0
-8.294169,44,4239.98056,-100.0,-0.7081281827099665,0
-7.803022,53,4240.811435,-100.0,-0.7859944348748775,0
-7.94387,51,4241.579428,-100.0,-0.6864050243346718,0
-8.829185,59,4242.478264,-100.0,-0.6290380877194189,0
-7.856071,41,4243.114086,-100.0,-0.6580359540089941,0
-10.167163,68,4244.121947,-100.0,-0.7099889812065688,0
-7.948698,49,4244.882099,-100.0,-0.7618649852552557,0
-7.850309,45,4245.578181,-100.0,-0.6325670740659473,0
-8.399157,45,4246.265749,-100.0,-0.6591319939010629,0
-7.90223,49,4246.992591,-100.0,-0.8047552327750168,0
-6.918879,42,4247.621548,-100.0,-0.6787832317588016,0
-7.96408,52,4248.418504,-100.0,-0.6759097713502421,0
-7.727536,44,4249.096107,-100.0,-0.6311458177208203,0
-8.260839,50,4367.157322,-100.0,-0.7257155029982839,0
-7.278516,43,4367.830562,-100.0,-0.6833054062517331,0
-8.252664,43,4368.494817,-100.0,-0.7114467390085911,0
-7.973515,50,4369.246641,-100.0,-0.6600662755581677,0
-7.473149,39,4369.860964,-100.0,-0.6657791800102555,0
-6.984665,43,4370.514577,-100.0,-0.715371108579728,0
-7.93769,46,4371.232753,-100.0,-0.7884775991989442,0
-7.386325,44,4371.923777,-100.0,-0.6674429976838451,0
-7.590797,49,4372.677912,-100.0,-0.656475594642481,0
-6.857517,46,4373.391931,-100.0,-0.7520818334525325,0
-7.045767,38,4373.987494,-100.0,-0.7716487001987355,0
-7.658772,44,4374.649817,-100.0,-0.8233950509850388,0
-7.223094,44,4375.326799,-100.0,-0.6746945740478951,0
-7.683946,46,4376.045413,-100.0,-0.726874032374582,0
-7.377371,48,4376.743299,-100.0,-0.6773840843567452,0
-8.880358,36,4377.319841,-100.0,-0.5115055004034506,0
-7.340871,44,4377.997452,-100.0,-0.6017680249762904,0
-7.142167,36,4378.556639,-100.0,-0.6617256756432366,0
-9.15447,51,4379.335107,-100.0,-0.8234464563226155,0
-9.840406,40,4379.944053,-100.0,-0.8649400477706172,0
-8.601466,59,4380.851214,-100.0,-0.7021183854214252,0
-6.733482,41,4381.492173,-100.0,-0.6635025685743774,0
-7.891132,46,4382.1968,-100.0,-0.6489460004250981,0
-7.607444,52,4382.995254,-100.0,-0.7476808055583696,0
-8.152779,56,4383.863548,-100.0,-0.7426235849769491,0
-7.378302,47,4384.602479,-100.0,-0.5904906454483649,0
-6.937454,36,4385.154228,-100.0,-0.6059016535492832,0
-8.172781,57,4386.029349,-100.0,-0.6870496645110079,0
-7.437112,54,4386.87435,-100.0,-0.6244965844988304,0
-7.541115,38,4387.450195,-100.0,-0.7734309530666197,0
-7.332106,42,4388.09979,-100.0,-0.6837627467345957,0
-10.168924,74,4389.2407,-100.0,-0.19356975170292512,0
-6.854553,37,4389.806223,-100.0,-0.7513867512547359,0
-7.158796,49,4390.566207,-100.0,-0.7669908797402378,0
-6.727355,40,4391.170821,-100.0,-0.7482058290877089,0
-6.998321,39,4391.767814,-100.0,-0.63496995721479,0
-7.19807,44,4392.445248,-100.0,-0.8957215270334387,0
-9.137365,65,4393.438313,-100.0,-0.6422519166199154,0
-8.050251,50,4394.226367,-100.0,-0.6052955788137266,0
-7.175126,45,4394.915702,-100.0,-0.7426495143189843,0
-7.127502,42,4395.556494,-100.0,-0.7366832394943122,0
-7.015495,46,4396.277665,-100.0,-0.7299201863952794,0
-7.656611,53,4397.085217,-100.0,-0.7899460252390104,0
-8.42196,72,4519.292655,-100.0,-0.6158412076633281,0
-7.310397,52,4520.089314,-100.0,-0.8300006598140017,0
-11.98014,56,4520.954794,-100.0,-0.24058947134614242,0
-7.025343,46,4521.661235,-100.0,-0.6595804511039484,0
-7.705506,53,4522.479233,-100.0,-0.8019017009837552,0
-7.138979,43,4523.146666,-100.0,-0.6823369484079039,0
-7.408994,43,4523.814462,-100.0,-0.6523338274810769,0
-8.280107,51,4524.617533,-100.0,-0.6729829155490892,0
-7.27338,45,4525.331778,-100.0,-0.8314958554053543,0
-7.253908,56,4526.196021,-100.0,-0.7003023250215455,0
-8.979975,58,4527.092151,-100.0,-0.6400022577864626,0
-8.043816,49,4527.858268,-100.0,-0.7078921564864226,0
-7.009638,42,4528.506464,-100.0,-0.8055247023635923,0
-7.656527,40,4529.137419,-100.0,-0.6580837907704515,0
-7.691477,44,4529.815989,-100.0,-0.6776789563491284,0
-7.339407,44,4530.480521,-100.0,-0.8669178174005211,0
-6.841241,42,4531.147833,-100.0,-0.6498123466600318,0
-8.731761,54,4531.971318,-100.0,-0.61623899737151,0
-7.432765,46,4532.685568,-100.0,-0.7942569245912393,0
-7.40145,50,4533.457154,-100.0,-0.7669232141278849,0
-9.060507,60,4534.421129,-100.0,-0.6421159497489434,0
-12.053426,109,4536.080129,-100.0,-0.22588174045641646,0
-7.087533,41,4536.717501,-100.0,-0.6438940774094033,0
-6.934776,44,4537.409262,-100.0,-0.7032807608378914,0
-8.69982,58,4538.296858,-100.0,-0.6531603183596673,0
-7.350728,49,4539.072446,-100.0,-0.6616257692690601,0
-7.431159,39,4539.682646,-100.0,-0.7090160524008586,0
-6.744992,41,4540.305769,-100.0,-0.682137453055942,0
-7.103813,47,4541.048215,-100.0,-0.6624353582157437,0
-7.600246,49,4541.810104,-100.0,-0.672921664157846,0
-7.611866,48,4542.551481,-100.0,-0.6855582226743967,0
-8.122936,52,4543.358111,-100.0,-0.6746776273628906,0
-7.127825,42,4544.005522,-100.0,-0.6349394595878525,0
-7.078198,41,4544.658313,-100.0,-0.6562528158385339,0
-8.163291,56,4545.541123,-100.0,-0.6763452745328664,0
-6.668964,38,4546.137945,-100.0,-0.7074905644763717,0
-7.172203,49,4546.893202,-100.0,-0.6584058165771042,0
-8.689797,64,4547.895329,-100.0,-0.7317578717511054,0
-7.146617,45,4548.598701,-100.0,-0.6702939132241531,0
-7.641918,47,4549.31011,-100.0,-0.6567903562152417,0
-6.787667,42,4549.972016,-100.0,-0.656920370744659,0
-7.142912,49,4550.713102,-100.0,-0.7128799826745404,0
-7.060132,40,4668.930569,-100.0,-0.6613086566182786,0
-7.268806,44,4669.617514,-100.0,-0.7093468230492233,0
-8.05426,43,4670.30112,-100.0,-0.6169311647825724,0
-7.344154,40,4670.930427,-100.0,-0.6566961283319018,0
-7.990667,38,4671.519936,-100.0,-0.6050611624237967,0
-8.014306,52,4672.329563,-100.0,-0.6890868985706533,0
-7.185642,43,4673.010709,-100.0,-0.6571915875938449,0
-7.113535,48,4673.731995,-100.0,-0.6892263609018139,0
-8.18382,52,4674.540824,-100.0,-0.6162173555701769,0
-6.673421,42,4675.198286,-100.0,-0.8631254320959302,0
-7.661579,46,4675.916755,-100.0,-0.6987182232945987,0
-7.671507,52,4676.731784,-100.0,-0.7104465067263251,0
-7.273338,41,4677.368068,-100.0,-0.8196860547129448,0
-7.486507,52,4678.180345,-100.0,-0.6605937547353368,0
-7.020996,38,4678.772296,-100.0,-0.7833581265487373,0
-6.723864,49,4679.518241,-100.0,-0.7858957806643629,0
-7.017261,42,4680.170439,-100.0,-0.6277192948382587,0
-6.806067,38,4680.777245,-100.0,-0.6696569889409598,0
-8.080025,49,4681.544014,-100.0,-0.6971248515994497,0
-6.894055,42,4682.213991,-100.0,-0.6457052253726273,0
-7.078695,46,4682.910355,-100.0,-0.723235298296681,0
-7.547727,60,4683.860102,-100.0,-0.7805679370558762,0
-7.7523,50,4684.61906,-100.0,-0.6786835318398116,0
-7.255977,58,4685.522287,-100.0,-0.7042215740014464,0
-7.122573,38,4686.100448,-100.0,-0.6541373499709204,0
-7.966049,71,4687.195196,-100.0,-0.6708413825600836,0
-7.016304,41,4687.825993,-100.0,-0.6727166703814333,0
-7.595302,48,4688.568328,-100.0,-0.7706590194097662,0
-7.456602,52,4689.387403,-100.0,-0.6451648060564149,0
-7.332947,45,4690.099892,-100.0,-0.6619441169379864,0
-7.696834,46,4690.807704,-100.0,-0.7363538651388879,0
-6.909187,46,4691.519084,-100.0,-0.7026245180963482,0
-7.665076,52,4692.334598,-100.0,-0.7087054178525373,0
-7.97902,64,4693.332346,-100.0,-0.7761805753883433,0
-6.953451,37,4693.904831,-100.0,-0.6470253727140919,0
-7.294315,39,4694.530568,-100.0,-0.6542608410681472,0
-7.31855,40,4695.153492,-100.0,-0.8055248229597632,0
-7.875291,53,4695.961451,-100.0,-0.668736940637064,0
-7.199171,44,4696.652541,-100.0,-0.7187731609280634,0
-6.36989,32,4697.157995,-100.0,-0.7331770520804137,0
-7.4846,56,4698.014825,-100.0,-0.6891052039757789,0
-7.193593,43,4698.685275,-100.0,-0.7530498037562268,0
-7.047389,46,4699.413312,-100.0,-0.7981008420235742,0
-7.158505,42,4700.075052,-100.0,-0.6844752707437597,0
-7.472839,46,4826.019039,-100.0,-0.6427196325066893,0
-7.51502,35,4826.578214,-100.0,-0.6778427129666856,0
-6.980107,44,4827.25828,-100.0,-0.7620967050397229,0
-7.716714,39,4827.871361,-100.0,-0.6813310553543801,0
-7.278961,47,4828.607887,-100.0,-0.5857418008001503,0
-7.211997,56,4829.478954,-100.0,-0.7275869586592212,0
-7.231268,42,4830.145418,-100.0,-0.6968885800066549,0
-7.456128,50,4830.930835,-100.0,-0.6635048667866821,0
-7.48398,56,4831.798512,-100.0,-0.8608969742746739,0
-6.593728,40,4832.425842,-100.0,-0.6259832377301137,0
-7.071724,40,4833.049504,-100.0,-0.7064137886834428,0
-7.527784,42,4833.7077,-100.0,-0.6223301732456742,0
-7.556342,45,4834.41775,-100.0,-0.6281167254758884,0
-6.811406,42,4835.081899,-100.0,-0.8373708604349114,0
-9.122847,60,4836.020911,-100.0,-0.30436514832540595,0
-7.023317,48,4836.762716,-100.0,-0.6864917985929851,0
-8.082837,55,4837.634341,-100.0,-0.6674238912139644,0
-7.097285,44,4838.334902,-100.0,-0.7025194949579981,0
-7.979013,45,4839.054593,-100.0,-0.6836407322584764,0
-7.789072,38,4839.629388,-100.0,-0.5228549036262813,0
-6.651815,43,4840.308151,-100.0,-0.7201925523904914,0
-7.713791,56,4841.178404,-100.0,-0.7656736101168411,0
-10.01443,72,4842.298953,-100.0,-0.20814211683065456,0
-7.614963,49,4843.073424,-100.0,-0.7306263746551793,0
-7.488229,40,4843.703714,-100.0,-0.6973009940220847,0
-6.920438,48,4844.46188,-100.0,-0.7891553133799921,0
-7.534327,51,4845.237434,-100.0,-0.6549823411618337,0
-6.868973,48,4845.999727,-100.0,-0.7765860517010902,0
-6.682469,38,4846.589779,-100.0,-0.762592146989794,0
-6.763428,38,4847.180965,-100.0,-0.6209474713988902,0
-7.753811,56,4848.0483,-100.0,-0.6636942118900337,0
-6.937259,42,4848.69673,-100.0,-0.6941462003625223,0
-7.532129,38,4849.297949,-100.0,-0.6052482143241968,0
-7.386433,34,4849.813278,-100.0,-0.657551783697441,0
-7.345801,32,4850.329427,-100.0,-0.6499942129860719,0
-7.089707,44,4851.030045,-100.0,-0.6791993189168488,0
-6.813548,44,4851.719457,-100.0,-0.7073591587193346,0
-7.069047,42,4852.372487,-100.0,-0.7074816233985975,0
-6.79298,48,4853.135038,-100.0,-0.6529500951697909,0
-6.473877,40,4853.743281,-100.0,-0.864125638668572,0
-7.220096,47,4854.702287,-100.0,-0.7925865514944476,0
-7.456491,51,4855.485345,-100.0,-0.6557113414921801,0
-7.448839,56,4856.33605,-100.0,-0.802677451721871,0
-7.12072,55,4857.239859,-100.0,-0.7550173175156828,0
-7.355239,42,4857.874854,-100.0,-0.671895838006289,0
-7.328,50,4977.845152,-100.0,-0.6296008522301576,0
-7.090062,43,4978.531192,-100.0,-0.6133587554726757,0
-6.945625,46,4979.246537,-100.0,-0.7317514166051763,0
-6.61934,39,4979.871597,-100.0,-0.7071340801119,0
-7.150691,54,4980.717203,-100.0,-0.6500671386031222,0
-6.252578,40,4981.363242,-100.0,-0.7151221876573199,0
-6.955102,51,4982.159827,-100.0,-0.7196587944882021,0
-7.015411,38,4982.749805,-100.0,-0.6550960658405046,0
-6.716252,46,4983.4855,-100.0,-0.6442707558392924,0
-10.604186,81,4984.759302,-100.0,-0.3258747565132404,0
-7.110086,44,4985.450008,-100.0,-0.6616914768499378,0
-7.776754,51,4986.241477,-100.0,-0.6508245613729116,0
-7.412516,46,4986.962442,-100.0,-0.692306788983347,0
-6.992024,43,4987.633641,-100.0,-0.7416155027088547,0
-6.956551,45,4988.356362,-100.0,-0.8170501685454599,0
-6.675229,40,4988.992723,-100.0,-0.7521294988947683,0
-7.378554,49,4989.765168,-100.0,-0.6309354357809672,0
-6.962412,45,4990.468816,-100.0,-0.6697236658770168,0
-6.825983,37,4991.043423,-100.0,-0.6356333181619992,0
-6.997253,38,4991.667127,-100.0,-0.6372775729862247,0
-6.686712,39,4992.262996,-100.0,-0.6719144457721972,0
-6.410155,41,4992.905526,-100.0,-0.7424519351615761,0
-6.587189,44,4993.60175,-100.0,-0.7446296478774868,0
-7.842937,40,4994.224297,-100.0,-0.6278758069591497,0
-5.821035,36,4994.805751,-100.0,-0.7094176456876999,0
-7.077067,46,4995.533661,-100.0,-0.6371484522344564,0
-6.666169,39,4996.13242,-100.0,-0.6683466220599327,0
-7.014066,37,4996.725557,-100.0,-0.6697088541610017,0
-6.715602,44,4997.421706,-100.0,-0.6783486919145038,0
-7.344628,47,4998.158037,-100.0,-0.9252328135914696,0
-6.5548,43,4998.843377,-100.0,-0.740089103316122,0
-6.945403,48,4999.592879,-100.0,-0.6246228473856626,0
-7.937744,51,5000.382651,-100.0,-0.6648862262521387,0
-7.512244,61,5001.352069,-100.0,-0.6286039094457649,0
-7.068093,44,5002.05269,-100.0,-0.655174991523504,0
-6.761748,42,5002.7137,-100.0,-0.6153848186199148,0
-7.384909,47,5003.436168,-100.0,-0.684219380152067,0
-7.678525,63,5004.447877,-100.0,-0.6378829558896105,0
-6.612498,38,5005.032943,-100.0,-0.6454869988613219,0
-8.095272,51,5005.852882,-100.0,-0.6133493645268817,0
-7.05058,42,5006.518673,-100.0,-0.8618616200950451,0
-6.14409,34,5007.062032,-100.0,-0.7945397936416886,0
-8.119134,53,5007.87412,-100.0,-0.6534494792922579,0
-7.582417,53,5008.695135,-100.0,-0.6944565384118213,0
-6.457473,42,5009.37123,-100.0,-0.7319548407348079,0
-7.104748,46,5114.017793,-100.0,-0.6614867547338567,0
-6.91485,37,5114.617145,-100.0,-0.675752040878899,0
-6.58939,50,5115.404638,-100.0,-0.9019581399034423,0
-7.884126,51,5116.213903,-100.0,-0.6398526502498999,0
-7.279244,43,5116.881144,-100.0,-0.6874103357355196,0
-6.801936,41,5117.53841,-100.0,-0.8481810740408673,0
-7.006595,41,5118.184024,-100.0,-0.6476993767051568,0
-6.785233,39,5118.804317,-100.0,-0.6405528419530149,0
-6.549926,37,5119.394779,-100.0,-0.6698631492420348,0
-6.453321,38,5120.008162,-100.0,-0.7211176923096688,0
-6.973071,45,5120.71655,-100.0,-0.7544684589865167,0
-6.561251,43,5121.387761,-100.0,-0.7258426930288426,0
-6.749643,43,5122.065054,-100.0,-0.7113785828205091,0
-6.729263,39,5122.677703,-100.0,-0.650682400186161,0
-6.713496,44,5123.385181,-100.0,-0.7272452118343065,0
-6.440696,39,5124.019284,-100.0,-0.70899022990581,0
-6.771218,39,5124.635166,-100.0,-0.70258621428395,0
-6.549147,44,5125.325805,-100.0,-0.7943915930866776,0
-6.698831,40,5125.97258,-100.0,-0.6428397827942482,0
-7.197172,39,5126.569467,-100.0,-0.7281186479398187,0
-6.579167,42,5127.232989,-100.0,-0.6701030873015519,0
-6.789796,44,5127.933491,-100.0,-0.7256789031593134,0
-6.476124,43,5128.608239,-100.0,-0.7592582546211548,0
-6.985337,49,5129.379409,-100.0,-0.6916823206925147,0
-6.666671,42,5130.0397,-100.0,-0.6980802809258995,0
-6.688663,42,5130.711972,-100.0,-0.7479766891659939,0
-7.558404,48,5131.480181,-100.0,-0.6147762568684535,0
-6.804261,41,5132.128116,-100.0,-0.6658836130684994,0
-6.978418,49,5132.913753,-100.0,-0.6518119539668665,0
-7.622757,59,5133.837682,-100.0,-0.637928662282794,0
-6.557711,42,5134.521099,-100.0,-0.7549873174358228,0
-6.819076,35,5135.070533,-100.0,-0.6592092276122464,0
-7.0315,39,5135.696776,-100.0,-0.6159522960764159,0
-6.743621,40,5136.33216,-100.0,-0.7467344783871558,0
-6.657001,41,5136.990375,-100.0,-0.6921659332894169,0
-6.832591,40,5137.606115,-100.0,-0.5889653806354936,0
-6.887509,41,5138.274898,-100.0,-0.6475862994904066,0
-7.087724,42,5138.936858,-100.0,-0.6837836688158841,0
-7.092905,45,5139.646938,-100.0,-0.7389284797006702,0
-5.704361,36,5140.211729,-100.0,-0.790470001235663,0
-6.916801,36,5140.796927,-100.0,-0.7619361722491483,0
-7.21161,47,5141.531314,-100.0,-0.70632945678527,0
-7.157163,45,5142.244238,-100.0,-0.6495110252445585,0
-7.042809,45,5142.965111,-100.0,-0.6834150877206044,0
-6.55282,47,5143.703273,-100.0,-0.7693506747765515,0
-7.174557,37,5144.284345,-100.0,-0.6230320063781674,0
-6.887442,47,5145.042442,-100.0,-0.7169419353333988,0
-6.705511,41,5145.709867,-100.0,-0.6361367630676548,0
-7.117538,42,5268.295171,-100.0,-0.6628913433574136,0
-7.774491,50,5269.074987,-100.0,-0.6713172166886359,0
-6.570492,36,5269.655976,-100.0,-0.8724495504870712,0
-6.856454,39,5270.271606,-100.0,-0.7637683869444225,0
-7.31482,41,5270.911061,-100.0,-0.7713988456145289,0
-6.650299,40,5271.54691,-100.0,-0.7440507757803013,0
-6.897327,42,5272.22266,-100.0,-0.6730088487207159,0
-6.386724,38,5272.821201,-100.0,-0.6437649047986631,0
-6.829617,41,5273.472816,-100.0,-0.7523613406587237,0
-7.62923,44,5274.178338,-100.0,-0.6317908660647209,0
-6.712636,44,5274.867217,-100.0,-0.6040611603257384,0
-6.685598,46,5275.593739,-100.0,-0.8060368297358796,0
-6.861026,43,5276.266473,-100.0,-0.6068906225148768,0
-7.94734,55,5277.142336,-100.0,-0.748369111745092,0
-7.447379,52,5277.94029,-100.0,-0.6634435302652539,0
-6.716911,39,5278.574065,-100.0,-0.7121532834791667,0
-6.36248,39,5279.174912,-100.0,-0.7375187517971018,0
-6.924257,46,5279.913239,-100.0,-0.6910079209857819,0
-6.974188,42,5280.581181,-100.0,-0.7429562517299266,0
-6.35679,38,5281.186276,-100.0,-0.6431906061126065,0
-7.114636,41,5281.833577,-100.0,-0.7879660014261062,0
-5.755759,34,5282.389039,-100.0,-0.8382980866845666,0
-6.090855,41,5283.028329,-100.0,-0.8304402919831823,0
-7.192783,51,5283.82251,-100.0,-0.6427396637036791,0
-6.402254,44,5284.522319,-100.0,-0.8133654765735759,0
-6.880717,45,5285.218922,-100.0,-0.7109777923084964,0
-7.412975,46,5285.957214,-100.0,-0.6583885058451105,0
-8.805519,55,5286.856972,-100.0,-0.16739639717452892,0
-7.522103,49,5287.640466,-100.0,-0.658573084472164,0
-6.706902,41,5288.282578,-100.0,-0.689958198818617,0
-7.657218,44,5288.97994,-100.0,-0.8999192133289691,0
-6.891982,42,5289.630618,-100.0,-0.6772301016310115,0
-7.352629,49,5290.400284,-100.0,-0.7171456022379833,0
-6.870513,43,5291.090316,-100.0,-0.7863987634467478,0
-6.537569,39,5291.712813,-100.0,-0.6820342507137794,0
-6.25192,40,5292.356071,-100.0,-0.7232110446577598,0
-6.897301,42,5293.017733,-100.0,-0.7145521832999694,0
-7.292206,39,5293.648467,-100.0,-0.6781486670380298,0
-7.12158,53,5294.480751,-100.0,-0.7556005926268662,0
-7.081899,44,5295.161405,-100.0,-0.6360351986775529,0
-6.366706,39,5295.784629,-100.0,-0.6731270138299259,0
-6.931906,37,5296.370489,-100.0,-0.773908477220783,0
-7.06809,40,5297.001616,-100.0,-0.7234042880122931,0
-6.965281,46,5297.719752,-100.0,-0.6500153366130297,0
-6.780059,44,5298.422987,-100.0,-0.7110011840070278,0
-6.324344,40,5299.056869,-100.0,-0.7320750899261476,0
-7.211621,46,5299.798762,-100.0,-0.7326459176499509,0
-7.070092,42,5409.651925,-100.0,-0.634755266255263,0
-6.860706,44,5410.344675,-100.0,-0.6505947875802178,0
-7.69575,67,5411.398067,-100.0,-0.6369603073723736,0
-6.912134,40,5412.030486,-100.0,-0.6347776155286803,0
-6.462191,42,5412.710559,-100.0,-0.6192124627293979,0
-6.877944,36,5413.288375,-100.0,-0.672866475153031,0
-6.151273,41,5413.933667,-100.0,-0.7482190905068993,0
-6.356481,42,5414.620429,-100.0,-0.6935219454877919,0
-6.17627,40,5415.248178,-100.0,-0.7510860558346569,0
-5.963095,38,5415.861486,-100.0,-0.8145825799454736,0
-6.393898,43,5416.542674,-100.0,-0.6857750571532707,0
-7.024682,50,5417.529863,-100.0,-0.8438253427266464,0
-7.192597,50,5418.31802,-100.0,-0.7044947884775944,0
-7.103401,40,5418.947507,-100.0,-0.6601693163767105,0
-6.622301,39,5419.576126,-100.0,-0.6351585658089707,0
-7.57548,43,5420.261714,-100.0,-0.6428416349394681,0
-6.857251,42,5420.926131,-100.0,-0.6799574864636243,0
-7.273804,46,5421.668977,-100.0,-0.6701413530416822,0
-7.066782,42,5422.341149,-100.0,-0.6007255627888969,0
-7.294082,50,5423.141228,-100.0,-0.6462733376652852,0
-6.298964,38,5423.742282,-100.0,-0.704126293896452,0
-6.675328,37,5424.338493,-100.0,-0.6867508967541955,0
-6.580252,43,5425.020425,-100.0,-0.7258146684151413,0
-6.176965,38,5425.634281,-100.0,-0.696058042225336,0
-6.549233,40,5426.26391,-100.0,-0.7045550905067467,0
-6.301821,48,5427.030278,-100.0,-0.7746901790939602,0
-6.434719,50,5427.825394,-100.0,-0.711055924734926,0
-6.359364,40,5428.467214,-100.0,-0.6995686216489296,0
-6.744755,41,5429.105138,-100.0,-0.6939902048747417,0
-6.414258,41,5429.77594,-100.0,-0.8022594755908476,0
-6.313631,36,5430.339362,-100.0,-0.6253060001015784,0
-7.146624,48,5431.098642,-100.0,-0.6227294845682533,0
-7.377486,48,5431.904902,-100.0,-0.6404429342796469,0
-6.727099,44,5432.589369,-100.0,-0.7372470500185312,0
-7.237789,42,5433.254329,-100.0,-0.6901899472157489,0
-6.368695,39,5433.862541,-100.0,-0.6986521871471425,0
-6.306371,40,5434.502641,-100.0,-0.6653699964983192,0
-5.911106,38,5435.097083,-100.0,-0.7993909373919484,0
-6.936412,43,5435.786096,-100.0,-0.6897545614393181,0
-7.282642,54,5436.641737,-100.0,-0.7233690154182048,0
-6.104573,40,5437.275533,-100.0,-0.7471981274204922,0
-6.725344,47,5438.045137,-100.0,-0.7065970837363162,0
-7.219016,45,5438.753734,-100.0,-0.6336593103407046,0
-6.399772,41,5439.412973,-100.0,-0.6982588509726417,0
-6.326903,39,5440.026309,-100.0,-0.7046198813616584,0
-6.200818,36,5440.586646,-100.0,-0.7350697293294834,0
-7.380077,41,5441.241708,-100.0,-0.6273130084852714,0
-7.323798,48,5442.003109,-100.0,-0.6529224784400409,0
-7.591136,50,5544.273356,-100.0,-0.598262754656624,0
-6.068781,41,5544.930791,-100.0,-0.8162347098396616,0
-6.510213,41,5545.574712,-100.0,-0.7783134498785564,0
-6.436658,45,5546.316039,-100.0,-0.7328129256557705,0
-6.708753,43,5546.986633,-100.0,-0.6266873202056791,0
-6.325561,37,5547.587345,-100.0,-0.7876817509222942,0
-6.634531,39,5548.204409,-100.0,-0.6770957846233755,0
-7.302766,53,5549.059968,-100.0,-0.6981846261030186,0
-6.657594,38,5549.649396,-100.0,-0.6753898605585686,0
-7.227722,42,5550.333256,-100.0,-0.7835655138486279,0
-6.979828,46,5551.077458,-100.0,-0.6878836892442943,0
-6.734846,38,5551.687913,-100.0,-0.676356647651761,0
-6.588225,37,5552.277717,-100.0,-0.6162041928886512,0
-7.313187,51,5553.083202,-100.0,-0.666099509068387,0
-6.587448,41,5553.757154,-100.0,-0.7048459374999347,0
-6.420785,50,5554.54694,-100.0,-0.7879591454268381,0
-6.412339,38,5555.160301,-100.0,-0.7131142505068493,0
-7.140048,47,5555.903495,-100.0,-0.6482852510048496,0
-6.403643,46,5556.635967,-100.0,-0.7587774312429082,0
-6.677895,39,5557.266074,-100.0,-0.6636110627449525,0
-7.155463,40,5557.913005,-100.0,-0.650794308908693,0
-7.194434,37,5558.512415,-100.0,-0.6145804199672462,0
-7.402776,41,5559.157009,-100.0,-0.5638702093366483,0
-6.809045,39,5559.786274,-100.0,-0.7116729545902007,0
-6.693492,43,5560.493613,-100.0,-0.7340465986612066,0
-7.187635,45,5561.204361,-100.0,-0.678442920361403,0
-6.53254,47,5561.9463,-100.0,-0.7599978764297497,0
-6.280324,42,5562.625134,-100.0,-0.8330958847919057,0
-6.967633,46,5563.353499,-100.0,-0.7050263788386177,0
-6.102436,39,5563.968734,-100.0,-0.67197267261315,0
-6.846161,37,5564.576023,-100.0,-0.647527149031545,0
-6.647441,39,5565.205463,-100.0,-0.6690304407882312,0
-6.688921,50,5565.988603,-100.0,-0.7703731600632645,0
-6.389519,43,5566.67052,-100.0,-0.7426434205323198,0
-6.447782,44,5567.373256,-100.0,-0.7350220367053234,0
-7.026149,48,5568.152948,-100.0,-0.6725290307811722,0
-6.308263,39,5568.769502,-100.0,-0.7057857081763066,0
-6.383113,43,5569.455909,-100.0,-0.8119435603010501,0
-6.745018,40,5570.086787,-100.0,-0.6857674794796182,0
-6.703658,41,5570.752783,-100.0,-0.6670641999351763,0
-6.394292,40,5571.39859,-100.0,-0.7338171950767075,0
-6.67934,48,5572.160624,-100.0,-0.6809828432198409,0
-6.692026,43,5572.859037,-100.0,-0.6224776401579964,0
-6.561833,37,5573.450199,-100.0,-0.6541639540422074,0
-6.56698,38,5574.066436,-100.0,-0.6762456457162721,0
-6.808445,39,5574.670187,-100.0,-0.6618229702450423,0
-6.573861,43,5575.34508,-100.0,-0.6781841754073593,0
-6.633292,38,5575.945455,-100.0,-0.7175216863554271,0
-7.033759,47,5692.167881,-100.0,-0.6905831210302497,0
-7.018809,40,5692.804963,-100.0,-0.6426461575277351,0
-6.992193,40,5693.454276,-100.0,-0.6265799599329096,0
-6.359378,39,5694.09001,-100.0,-0.7167607107681773,0
-6.33467,39,5694.717192,-100.0,-0.7930975303327058,0
-6.169455,38,5695.33099,-100.0,-0.7076306116500863,0
-6.688621,42,5695.987559,-100.0,-0.6737884008087188,0
-6.536398,38,5696.613241,-100.0,-0.7265949762073496,0
-6.365347,39,5697.233068,-100.0,-0.7342280466187744,0
-6.24481,42,5697.910472,-100.0,-0.7755006616382281,0
-6.078546,35,5698.491537,-100.0,-0.7093126366604451,0
-6.373107,40,5699.126898,-100.0,-0.6809526927581397,0
-5.483643,38,5699.745527,-100.0,-0.823868369144787,0
-6.096468,35,5700.299055,-100.0,-0.7427639087838159,0
-6.820075,41,5700.96688,-100.0,-0.691170007601156,0
-6.172926,43,5701.662014,-100.0,-0.7731346683314738,0
-6.064837,42,5702.339828,-100.0,-0.7704348939482298,0
-6.411501,35,5702.900635,-100.0,-0.6556339751580653,0
-6.114382,39,5703.49525,-100.0,-0.7515624156108434,0
-6.787832,54,5704.393507,-100.0,-0.7395152742586114,0
-6.579746,44,5705.096062,-100.0,-0.6417108730653146,0
-6.153131,39,5705.726054,-100.0,-0.7762823323855854,0
-6.725888,42,5706.387743,-100.0,-0.8019165691724003,0
-6.266863,42,5707.07806,-100.0,-0.8049265857308975,0
-6.955379,39,5707.701524,-100.0,-0.6082444881284126,0
-6.419118,41,5708.362226,-100.0,-0.63763406644997,0
-6.174973,39,5708.99009,-100.0,-0.7097542123502713,0
-6.790532,42,5709.67733,-100.0,-0.6217922416162077,0
-6.28178,36,5710.251827,-100.0,-0.6821772844085952,0
-6.574939,42,5710.921776,-100.0,-0.6877846634061708,0
-6.524539,43,5711.621703,-100.0,-0.6972365539248034,0
-6.757366,40,5712.250416,-100.0,-0.5815510912737948,0
-7.166275,53,5713.111538,-100.0,-0.6513040661089344,0
-5.881633,41,5713.768859,-100.0,-0.8373375832174895,0
-6.110994,41,5714.429461,-100.0,-0.6896150555323016,0
-6.717646,41,5715.097009,-100.0,-0.6441827296712943,0
-7.119198,45,5715.80525,-100.0,-0.8263469026601932,0
-5.963437,41,5716.467547,-100.0,-0.7633453974325707,0
-7.20184,43,5717.177009,-100.0,-0.6694076620708277,0
-7.198466,47,5717.932177,-100.0,-0.6674070408455037,0
-6.768672,38,5718.525828,-100.0,-0.6720585233729124,0
-6.209446,35,5719.111781,-100.0,-0.697876706703361,0
-6.015005,38,5719.715395,-100.0,-0.7283274384638898,0
-6.499775,47,5720.468497,-100.0,-0.7192239271720666,0
-8.004283,57,5721.37393,-100.0,-0.635378981546387,0
-6.657328,37,5721.977101,-100.0,-0.8432406812425564,0
-6.06956,43,5722.658895,-100.0,-0.7430768533434641,0
-6.390509,45,5723.391295,-100.0,-0.796291499871308,0
-5.967765,37,5723.993905,-100.0,-0.7499929574456107,0
-6.553051,40,5724.634438,-100.0,-0.64570793107704,0
-6.889653,38,5840.761942,-100.0,-0.7099505317170425,0
-6.618317,39,5841.397149,-100.0,-0.5880425115227548,0
-6.065048,44,5842.109646,-100.0,-0.7724784104052388,0
-7.246881,46,5842.853839,-100.0,-0.6092440254632975,0
-6.067304,42,5843.528618,-100.0,-0.7900427967568242,0
-5.992058,33,5844.051378,-100.0,-0.7621040946250185,0
-6.254821,38,5844.667187,-100.0,-0.8220077465003031,0
-6.808374,43,5845.35354,-100.0,-0.6356938644582371,0
-6.390222,38,5845.969777,-100.0,-0.839579480267313,0
-5.957162,35,5846.546091,-100.0,-0.711446089936995,0
-6.4009,39,5847.166071,-100.0,-0.7440131165253946,0
-5.991852,36,5847.73964,-100.0,-0.7300924071441331,0
-6.474726,45,5848.466838,-100.0,-0.6582533478211827,0
-6.652112,38,5849.085951,-100.0,-0.7359421277726399,0
-6.326281,44,5849.778578,-100.0,-0.7136045408287932,0
-6.955557,46,5850.539827,-100.0,-0.6589837509286287,0
-5.965069,40,5851.164274,-100.0,-0.73645136368929,0
-6.351106,39,5851.809423,-100.0,-0.6997273555552129,0
-6.291515,37,5852.400276,-100.0,-0.8127418568452125,0
-6.212182,45,5853.112917,-100.0,-0.7329914601350119,0
-6.031403,37,5853.708179,-100.0,-0.7269719024517617,0
-6.555475,41,5854.364734,-100.0,-0.7020273666479948,0
-6.059364,34,5854.923435,-100.0,-0.7833605008403378,0
-6.013338,43,5855.607121,-100.0,-0.7919639590706636,0
-6.590001,40,5856.263623,-100.0,-0.7078999506874576,0
-5.923126,40,5856.897528,-100.0,-0.7556093160759095,0
-6.281899,40,5857.538622,-100.0,-0.828271986584804,0
-6.176867,39,5858.164161,-100.0,-0.8097907001807417,0
-7.291059,40,5858.811561,-100.0,-0.6084017102884429,0
-6.571005,35,5859.357726,-100.0,-0.7509680313563427,0
-6.703516,37,5859.956008,-100.0,-0.6399925767836436,0
-6.126848,36,5860.535828,-100.0,-0.7324368428083392,0
-6.217136,38,5861.151058,-100.0,-0.7297413823857278,0
-6.562465,39,5861.777907,-100.0,-0.6390817380478003,0
-6.390161,40,5862.428513,-100.0,-0.7969601956060615,0
-6.600108,48,5863.188817,-100.0,-0.6656670631735725,0
-6.733255,45,5863.939247,-100.0,-0.6685121583447253,0
-6.768762,41,5864.592283,-100.0,-0.6475165603758992,0
-6.261236,43,5865.479049,-100.0,-0.6710507593595146,0
-6.476293,38,5866.092399,-100.0,-0.7925118693434237,0
-6.094224,39,5866.715523,-100.0,-0.7830959567666922,0
-6.609506,44,5867.434255,-100.0,-0.89468126228498,0
-6.497137,40,5868.056683,-100.0,-0.6072472281442687,0
-5.968614,43,5868.767386,-100.0,-0.7923013469919288,0
-5.984393,34,5869.303766,-100.0,-0.6778991647153734,0
-6.144714,39,5869.924463,-100.0,-0.7458176029680141,0
-6.561916,45,5870.676723,-100.0,-0.8555047850021676,0
-6.397279,39,5871.27842,-100.0,-0.6449355062903952,0
-6.600759,42,5871.960185,-100.0,-0.7383150956392016,0
-6.282491,43,5872.659219,-100.0,-0.7452594946315694,0
-5.857473,33,5873.18775,-100.0,-0.7595904183052745,0
-6.43406,39,5993.175473,-100.0,-0.6487801914082427,0
-5.997863,43,5993.873889,-100.0,-0.7547479477642498,0
-6.392438,36,5994.465806,-100.0,-0.6715879344454814,0
-6.440982,42,5995.136542,-100.0,-0.7446133319202917,0
-6.782433,40,5995.799837,-100.0,-0.6761784038880801,0
-5.977973,39,5996.421019,-100.0,-0.7213685794215208,0
-5.755211,37,5997.02746,-100.0,-0.7536013219935732,0
-6.996573,41,5997.688371,-100.0,-0.5967133027807059,0
-5.845412,36,5998.264589,-100.0,-0.7594132493420309,0
-6.35853,48,5999.047914,-100.0,-0.6751994221207313,0
-5.95651,42,5999.736654,-100.0,-0.814103432551438,0
-6.66505,45,6000.456426,-100.0,-0.6068782887135182,0
-6.444144,40,6001.102843,-100.0,-0.6358742485491251,0
-6.148734,40,6001.756226,-100.0,-0.7239204752292133,0
-6.48689,40,6002.397735,-100.0,-0.7198996627674544,0
-6.938369,43,6003.094769,-100.0,-0.8056821889123251,0
-6.540071,47,6003.839939,-100.0,-0.7111217932386158,0
-5.887009,37,6004.446792,-100.0,-0.7916146942487292,0
-5.99641,34,6005.016872,-100.0,-0.7077495053600407,0
-6.309345,44,6005.722752,-100.0,-0.711723753948218,0
-6.428968,39,6006.355549,-100.0,-0.6189734461342783,0
-6.076773,37,6006.955658,-100.0,-0.802161932353196,0
-5.849959,36,6007.552898,-100.0,-0.8583219396103343,0
-5.966976,42,6008.228891,-100.0,-0.7914202747015698,0
-6.100703,40,6008.881252,-100.0,-0.7944097116228133,0
-5.975185,37,6009.481551,-100.0,-0.7489863537002375,0
-6.959915,44,6010.180721,-100.0,-0.7119230008483896,0
-6.536063,38,6010.791548,-100.0,-0.6852430950505672,0
-6.726441,39,6011.423453,-100.0,-0.7072730859385536,0
-6.515491,39,6012.065675,-100.0,-0.6642033742512652,0
-6.250795,37,6012.660609,-100.0,-0.6799644947299646,0
-6.547657,36,6013.238086,-100.0,-0.6738106368694977,0
-6.608879,42,6013.928486,-100.0,-0.6682703328381403,0
-6.74439,36,6014.499376,-100.0,-0.6532698858530561,0
-5.812371,38,6015.107766,-100.0,-0.7870452383802853,0
-6.869565,40,6015.755564,-100.0,-0.6341618261294769,0
-5.72889,32,6016.280581,-100.0,-0.7907859222641074,0
-6.240019,43,6016.969475,-100.0,-0.7794297891278198,0
-6.43559,40,6017.612908,-100.0,-0.6574598809560369,0
-5.930323,34,6018.174856,-100.0,-0.7227587232067028,0
-6.355251,38,6018.798921,-100.0,-0.6606670763920438,0
-6.265602,38,6019.404321,-100.0,-0.7932338522102953,0
-5.989582,37,6020.000127,-100.0,-0.7201284256182056,0
-6.050517,35,6020.562189,-100.0,-0.7535506853942142,0
-6.351217,41,6021.215651,-100.0,-0.7197209495964548,0
-5.967069,37,6021.816677,-100.0,-0.6727601110601307,0
-6.541865,45,6022.542901,-100.0,-0.7130909572120678,0
-5.844604,37,6023.139135,-100.0,-0.6703670585837486,0
-6.395811,43,6023.846357,-100.0,-0.713514973334557,0
-6.352209,34,6024.401264,-100.0,-0.6865814583974832,0
-6.18187,39,6025.041684,-100.0,-0.7436012606124439,0
-6.804021,37,6025.63903,-100.0,-0.6501534071613144,0
-6.128509,36,6144.727462,-100.0,-0.7318638256581974,0
-6.221474,44,6145.510369,-100.0,-0.732912569086591,0
-6.408927,41,6146.219792,-100.0,-0.648387923074059,0
-6.151864,41,6146.949271,-100.0,-0.8102935184205051,0
-6.306684,45,6147.738005,-100.0,-0.7831476958049188,0
-6.191126,33,6148.323599,-100.0,-0.6939634836311387,0
-6.502381,42,6149.048836,-100.0,-0.733628975576329,0
-6.640062,38,6149.70623,-100.0,-0.6804534373904172,0
-5.802638,36,6150.371722,-100.0,-0.7105098932857884,0
-6.989837,47,6151.181456,-100.0,-0.6771132373400641,0
-6.139761,33,6151.76616,-100.0,-0.703042542292198,0
-6.499472,42,6152.513914,-100.0,-0.7354028224840381,0
-6.627459,38,6153.166512,-100.0,-0.6591713237999354,0
-6.260257,39,6153.854259,-100.0,-0.6764868995372713,0
-6.084535,37,6154.505106,-100.0,-0.7211517084779566,0
-6.336286,41,6155.228121,-100.0,-0.7082779241046246,0
-5.882659,34,6155.829001,-100.0,-0.7064475812416073,0
-6.017795,40,6156.542878,-100.0,-0.7949564112234172,0
-6.463342,37,6157.181468,-100.0,-0.6911797885572405,0
-6.589746,40,6157.904618,-100.0,-0.7695752267039038,0
-6.397498,42,6158.640524,-100.0,-0.6690191673775806,0
-6.274291,35,6159.248837,-100.0,-0.7341829413124769,0
-6.411303,37,6159.906569,-100.0,-0.778902998455452,0
-6.733875,47,6160.717348,-100.0,-0.7220125481665733,0
-6.243267,36,6161.35447,-100.0,-0.6973039005599851,0
-5.771306,34,6161.966371,-100.0,-0.6880968120755138,0
-6.38834,40,6162.658566,-100.0,-0.6543126318474622,0
-5.786005,42,6163.395243,-100.0,-0.792392000118129,0
-6.140966,40,6164.087861,-100.0,-0.794780395854778,0
-6.100168,38,6164.745801,-100.0,-0.6898181658612667,0
-6.260966,39,6165.436381,-100.0,-0.7202382058984521,0
-6.271649,35,6166.055652,-100.0,-0.6999751835280725,0
-6.029532,36,6166.696583,-100.0,-0.7383121131989432,0
-6.188693,41,6167.415607,-100.0,-0.83758561203924,0
-6.012436,44,6168.175485,-100.0,-0.7961653753869464,0
-6.386115,40,6168.872026,-100.0,-0.6681354288167634,0
-5.854901,38,6169.523937,-100.0,-0.7173821334044976,0
-5.695974,39,6170.220364,-100.0,-0.7429194553754424,0
-6.439851,39,6170.899898,-100.0,-0.7209635742937112,0
-6.271845,34,6171.506466,-100.0,-0.6430203450427614,0
-6.028218,34,6172.116433,-100.0,-0.7042229307559371,0
-6.906423,44,6172.874954,-100.0,-0.6604520759483355,0
-5.984308,40,6173.581209,-100.0,-0.7601992890055058,0
-6.366505,37,6174.232336,-100.0,-0.6505642026456016,0
-6.690927,40,6174.932274,-100.0,-0.6282358211899725,0
-6.101002,39,6175.620129,-100.0,-0.6885860399293763,0
-6.352244,37,6176.273175,-100.0,-0.6824922713549797,0
-6.223667,41,6176.986315,-100.0,-0.6794538742157397,0
-5.959441,33,6177.579813,-100.0,-0.7131709772164627,0
-6.628086,38,6178.247808,-100.0,-0.6271909959076887,0
-5.806584,38,6178.899051,-100.0,-0.7292380403181823,0
-6.008718,34,6179.505601,-100.0,-0.748603307596611,0
-5.75437,35,6180.100145,-100.0,-0.8288932875285008,0
-6.072136,38,6301.707548,-100.0,-0.7277964184266451,0
-5.828315,33,6302.257022,-100.0,-0.6983342953107459,0
-5.95817,36,6302.862056,-100.0,-0.7381743793968797,0
-5.99752,39,6303.492505,-100.0,-0.7736051437330197,0
-6.532052,40,6304.148751,-100.0,-0.6195961703147337,0
-6.048501,33,6304.692025,-100.0,-0.7097378361310339,0
-6.756447,37,6305.295461,-100.0,-0.7180233219809431,0
-5.908034,39,6305.926403,-100.0,-0.7309352794117687,0
-6.471738,42,6306.61681,-100.0,-0.8564189165438549,0
-6.158806,36,6307.198488,-100.0,-0.684765623605221,0
-6.354358,35,6307.771188,-100.0,-0.6606105222405977,0
-6.049394,39,6308.394032,-100.0,-0.6685293793156646,0
-6.436693,48,6309.185159,-100.0,-0.7570831939314376,0
-5.884979,34,6309.722749,-100.0,-0.6861101276091552,0
-6.056375,35,6310.30922,-100.0,-0.7746657214936307,0
-6.521437,43,6311.021762,-100.0,-0.7276722410049543,0
-6.098791,37,6311.60359,-100.0,-0.7052301097486914,0
-5.896153,34,6312.159592,-100.0,-0.7175794427637716,0
-6.306814,36,6312.752805,-100.0,-0.7600877983868124,0
-6.284115,42,6313.444205,-100.0,-0.6490236783024339,0
-6.11979,41,6314.104335,-100.0,-0.6928843413938122,0
-6.12472,43,6314.809932,-100.0,-0.7384558767489362,0
-5.961516,38,6315.423022,-100.0,-0.824748001142894,0
-6.058093,40,6316.084787,-100.0,-0.6788149764591811,0
-5.826214,38,6316.726934,-100.0,-0.7159956012062345,0
-6.322142,44,6317.437151,-100.0,-0.7656086052209403,0
-6.075418,37,6318.030056,-100.0,-0.7020791017654222,0
-6.271933,37,6318.63413,-100.0,-0.7160312135337235,0
-6.515759,46,6319.390401,-100.0,-0.8730291286852286,0
-6.264183,37,6319.983885,-100.0,-0.6603094471408754,0
-6.499636,48,6320.76593,-100.0,-0.7158752611767896,0
-6.45479,38,6321.400004,-100.0,-0.6874614393472941,0
-5.98222,35,6321.961438,-100.0,-0.7214177628051286,0
-6.604736,40,6322.60751,-100.0,-0.8007024467823489,0
-6.230644,41,6323.281429,-100.0,-0.691719696629967,0
-6.398864,37,6323.902083,-100.0,-0.6540705510479958,0
-5.923818,38,6324.527483,-100.0,-0.7773734936242291,0
-7.049559,34,6325.076153,-100.0,-0.5962852022226407,0
-6.855599,42,6325.769902,-100.0,-0.6332866079159255,0
-6.171922,36,6326.365201,-100.0,-0.7530291117765001,0
-6.08263,39,6326.99992,-100.0,-0.7050386482940043,0
-5.898721,42,6327.692863,-100.0,-0.7919101011686072,0
-6.295376,42,6328.364993,-100.0,-0.6996047226976067,0
-6.419651,44,6329.089415,-100.0,-0.6530480760488573,0
-5.933413,36,6329.673396,-100.0,-0.7804338705296466,0
-5.735233,37,6330.285865,-100.0,-0.7438873787394951,0
-5.943021,35,6330.861883,-100.0,-0.8091560693085039,0
-6.025643,40,6331.516244,-100.0,-0.8024751293847217,0
-6.564185,37,6332.122791,-100.0,-0.7046257381310913,0
-6.461602,40,6332.776778,-100.0,-0.6783700526601742,0
-6.304229,42,6333.469639,-100.0,-0.7056055728903906,0
-6.545994,47,6334.215364,-100.0,-0.6557088148898721,0
-6.575098,46,6334.966673,-100.0,-0.7022233566893151,0
-6.023911,38,6452.462058,-100.0,-0.668840995362993,0
-6.064674,38,6453.087396,-100.0,-0.7553330080776702,0
-5.993861,39,6453.740475,-100.0,-0.8736998374391823,0
-6.086746,38,6454.370169,-100.0,-0.6858827371372677,0
-5.69583,33,6454.910585,-100.0,-0.6930691924934655,0
-6.022678,40,6455.570732,-100.0,-0.6803955508306901,0
-6.701492,39,6456.217185,-100.0,-0.7092525202254477,0
-5.998408,33,6456.747339,-100.0,-0.7077331065436463,0
-5.913775,34,6457.313397,-100.0,-0.7308802800605747,0
-6.563631,36,6457.919122,-100.0,-0.6874548191706563,0
-6.692845,40,6458.568729,-100.0,-0.6616874699701684,0
-6.105827,40,6459.228971,-100.0,-0.656527040168254,0
-6.20376,43,6459.928717,-100.0,-0.677182261581422,0
-7.108097,45,6460.678288,-100.0,-0.8050262467391549,0
-6.366173,44,6461.391046,-100.0,-0.690366935338761,0
-6.736549,37,6461.993185,-100.0,-0.6330500095234731,0
-6.556245,40,6462.657481,-100.0,-0.6473860984107186,0
-6.261327,41,6463.327884,-100.0,-0.7920422090836112,0
-6.469563,42,6464.025202,-100.0,-0.6570695090353665,0
-6.25025,34,6464.58292,-100.0,-0.7302246205947744,0
-5.906225,37,6465.18582,-100.0,-0.7969683047137295,0
-6.263716,36,6465.783643,-100.0,-0.7018122240399975,0
-6.027511,40,6466.431951,-100.0,-0.7508368373761799,0
-6.255465,37,6467.045743,-100.0,-0.6758995983571947,0
-5.915733,37,6467.648751,-100.0,-0.6878251335786815,0
-5.976817,40,6468.304285,-100.0,-0.8137916678196957,0
-5.784279,36,6468.894077,-100.0,-0.7144054242444988,0
-6.393187,36,6469.476761,-100.0,-0.7721181056810176,0
-6.066401,33,6470.01548,-100.0,-0.6565428683374285,0
-6.388027,43,6470.723505,-100.0,-0.7131716445447089,0
-6.286141,41,6471.395506,-100.0,-0.7072762977408291,0
-6.353465,34,6471.958734,-100.0,-0.6130812090119121,0
-6.007979,34,6472.501187,-100.0,-0.6305753750693693,0
-5.937036,37,6473.121959,-100.0,-0.8238203291651665,0
-5.828328,34,6473.671405,-100.0,-0.684031310609733,0
-5.801435,34,6474.235153,-100.0,-0.7955263836248497,0
-6.17878,37,6474.837927,-100.0,-0.753836481390176,0
-5.812137,36,6475.427881,-100.0,-0.7051043228414342,0
-6.637925,39,6476.057474,-100.0,-0.6356024146357314,0
-6.153591,42,6476.760319,-100.0,-0.7542418223183001,0
-6.33922,35,6477.342143,-100.0,-0.7164344302374214,0
-6.080444,33,6477.883913,-100.0,-0.673802248925476,0
-6.362434,36,6478.469826,-100.0,-0.8208235290159586,0
-6.420124,36,6479.062743,-100.0,-0.6568214864621652,0
-6.663246,47,6479.819904,-100.0,-0.6861442139583868,0
-6.253145,40,6480.47471,-100.0,-0.5821392577176899,0
-6.385169,40,6481.133377,-100.0,-0.6665107917715158,0
-5.769674,38,6481.755098,-100.0,-0.7229646519105919,0
-6.180835,37,6482.362249,-100.0,-0.6715818411524773,0
-5.830849,34,6482.920463,-100.0,-0.779349763462707,0
-6.061856,34,6483.483962,-100.0,-0.6797806832207298,0
-5.99149,36,6484.075588,-100.0,-0.721545825419983,0
-5.650527,34,6484.638327,-100.0,-0.7543413662554964,0
-6.72907,44,6485.349734,-100.0,-0.6892474989096725,0
-6.559911,37,6602.033796,-100.0,-0.7085399190123094,0
-5.797187,34,6602.601195,-100.0,-0.6399803236143619,0
-5.850181,44,6603.317657,-100.0,-0.8228992830834252,0
-6.223722,44,6604.041062,-100.0,-0.7517189333041897,0
-6.247546,40,6604.70461,-100.0,-0.6947207890088163,0
-6.020148,35,6605.28388,-100.0,-0.6136144541043378,0
-6.373829,34,6605.834418,-100.0,-0.6173514564200531,0
-5.927445,34,6606.397002,-100.0,-0.7162975758790899,0
-5.964251,38,6607.020257,-100.0,-0.7389917594218252,0
-5.976616,34,6607.588615,-100.0,-0.7080102307191888,0
-5.899002,40,6608.230798,-100.0,-0.7235388155702496,0
-6.235728,41,6608.911609,-100.0,-0.6473100046017418,0
-6.097258,38,6609.526547,-100.0,-0.7061748059673376,0
-6.11686,34,6610.103566,-100.0,-0.7223311841885338,0
-6.001463,38,6610.730974,-100.0,-0.6948856947866816,0
-5.85354,36,6611.317455,-100.0,-0.6897773893736872,0
-6.205976,46,6612.094266,-100.0,-0.7672269311613586,0
-6.731008,44,6612.813639,-100.0,-0.650853521624996,0
-6.101358,39,6613.445827,-100.0,-0.6497080702851227,0
-5.615398,36,6614.034337,-100.0,-0.7246202330871792,0
-6.126165,41,6614.705787,-100.0,-0.7761601248105393,0
-6.794034,36,6615.295533,-100.0,-0.6111488719304874,0
-6.208287,35,6615.876004,-100.0,-0.7168341084625032,0
-6.058861,37,6616.490541,-100.0,-0.6274086647140694,0
-6.062049,37,6617.103908,-100.0,-0.8263149604790583,0
-6.047845,36,6617.702057,-100.0,-0.7075308782769462,0
-6.501121,44,6618.403372,-100.0,-0.7344101739148547,0
-5.550436,32,6618.940363,-100.0,-0.7471508816558107,0
-5.883736,46,6619.700185,-100.0,-0.8192599932791598,0
-6.023503,34,6620.255911,-100.0,-0.7460487053136409,0
-5.916817,35,6620.830119,-100.0,-0.6472467115476065,0
-5.849792,36,6621.418729,-100.0,-0.6521212976044022,0
-6.120047,36,6622.012044,-100.0,-0.7085497994681257,0
-5.886124,41,6622.696587,-100.0,-0.7439366523055566,0
-6.108388,39,6623.336977,-100.0,-0.679889743300627,0
-5.762085,33,6623.884324,-100.0,-0.7846317607584803,0
-5.705323,38,6624.505504,-100.0,-0.7631545081632856,0
-6.027452,36,6625.100379,-100.0,-0.7109125802825463,0
-6.319522,34,6625.660529,-100.0,-0.7292741340027461,0
-6.38161,35,6626.241434,-100.0,-0.7404182249126725,0
-6.635518,46,6626.990492,-100.0,-0.6653415524896823,0
-6.917591,54,6627.892038,-100.0,-0.7681328365818314,0
-5.966968,34,6628.455146,-100.0,-0.6898192127636462,0
-5.833776,37,6629.054437,-100.0,-0.7602273791196349,0
-6.012134,41,6629.731721,-100.0,-0.7956594557051468,0
-5.954168,34,6630.289017,-100.0,-0.7182529300531585,0
-6.5221,40,6630.948141,-100.0,-0.6879345471195735,0
-5.725729,38,6631.575404,-100.0,-0.7377593432260271,0
-5.644302,42,6632.271874,-100.0,-0.826617827111997,0
-6.589944,43,6632.984366,-100.0,-0.6852127602891481,0
-6.289753,38,6633.59718,-100.0,-0.6926802945686975,0
-6.311981,40,6634.261805,-100.0,-0.7067234709719508,0
-6.257546,39,6634.893175,-100.0,-0.6842336499353822,0
-6.179975,42,6751.21408,-100.0,-0.7476616294375709,0
-5.889935,35,6751.802034,-100.0,-0.757483429216265,0
-5.825669,39,6752.450898,-100.0,-0.873121928442853,0
-6.215172,39,6753.099089,-100.0,-0.825814772187045,0
-6.151113,38,6753.728095,-100.0,-0.7174301833366633,0
-5.399478,33,6754.282776,-100.0,-0.804936522198833,0
-6.412756,44,6755.004299,-100.0,-0.6745848646374449,0
-6.028646,34,6755.553684,-100.0,-0.6416028274767819,0
-6.309065,35,6756.139767,-100.0,-0.7115347197902401,0
-5.912585,35,6756.707911,-100.0,-0.7003421579795925,0
-5.786331,35,6757.297628,-100.0,-0.8141858520330575,0
-6.060438,35,6757.890598,-100.0,-0.6535318766953584,0
-6.014136,38,6758.522529,-100.0,-0.724780013416588,0
-5.973154,32,6759.050677,-100.0,-0.7618781215390245,0
-5.967608,33,6759.582448,-100.0,-0.699049348328521,0
-6.170424,35,6760.159533,-100.0,-0.799823952235784,0
-6.55043,44,6760.880911,-100.0,-0.6713351422875272,0
-6.603438,36,6761.487296,-100.0,-0.7445322181962879,0
-5.998544,35,6762.064277,-100.0,-0.866662410270871,0
-6.361032,39,6762.710431,-100.0,-0.6950678281419064,0
-6.243476,42,6763.403505,-100.0,-0.6723687085900317,0
-6.148765,35,6763.988869,-100.0,-0.8077208429628171,0
-6.483244,45,6764.723908,-100.0,-0.7223400024623957,0
-6.230062,41,6765.397945,-100.0,-0.6968583396797166,0
-5.814606,34,6765.96312,-100.0,-0.7823012033620959,0
-6.195515,38,6766.594236,-100.0,-0.6689375127057982,0
-6.012456,33,6767.132286,-100.0,-0.6644430017472238,0
-5.511506,40,6767.800043,-100.0,-0.8584192246333793,0
-6.375167,36,6768.391483,-100.0,-0.7191048601967146,0
-6.008471,33,6768.934051,-100.0,-0.7646689166245365,0
-6.149643,36,6769.528707,-100.0,-0.7070452577296571,0
-5.998657,39,6770.185282,-100.0,-0.8340538439268885,0
-6.160679,36,6770.778091,-100.0,-0.7521356600588787,0
-5.666363,37,6771.402454,-100.0,-0.698649867060518,0
-6.086719,39,6772.040992,-100.0,-0.6962507515470037,0
-6.006277,34,6772.601255,-100.0,-0.676422692261596,0
-6.371425,38,6773.221744,-100.0,-0.6571497120068353,0
-6.282624,35,6773.802365,-100.0,-0.6570024966953741,0
-5.708809,35,6774.369273,-100.0,-0.7634848518329157,0
-5.703102,34,6774.935552,-100.0,-0.7754637565316278,0
-6.509827,43,6775.630588,-100.0,-0.7891156203578547,0
-6.277558,42,6776.341305,-100.0,-0.735048798303171,0
-5.869394,37,6776.95682,-100.0,-0.7519932132375896,0
-6.165098,36,6777.54932,-100.0,-0.6806755811038088,0
-6.268718,38,6778.177104,-100.0,-0.8019322463709357,0
-5.583214,34,6778.738777,-100.0,-0.7492349986728468,0
-5.82698,34,6779.291267,-100.0,-0.7567482403413595,0
-5.728551,40,6779.955432,-100.0,-0.8634142407724108,0
-6.259186,40,6780.625408,-100.0,-0.6977150816594331,0
-6.086982,41,6781.308062,-100.0,-0.6963453210941819,0
-6.121162,38,6781.932994,-100.0,-0.7283523264275464,0
-5.919485,36,6782.530532,-100.0,-0.7503872835987353,0
-6.873159,41,6783.21583,-100.0,-0.5972934691716034,0
-6.458627,46,6783.962454,-100.0,-0.6808840916712584,0
-6.140308,40,6784.635431,-100.0,-0.8010222036735646,0
-6.241343,39,6903.789192,-100.0,-0.7002913718757379,0
-6.37248,35,6904.361112,-100.0,-0.6840719265491374,0
-5.850221,37,6904.983772,-100.0,-0.8236742474980805,0
-6.095145,33,6905.514939,-100.0,-0.7866291849237537,0
-6.831501,46,6906.295369,-100.0,-0.6762077603110528,0
-5.806537,37,6906.911981,-100.0,-0.7819264385652059,0
-6.181034,41,6907.58425,-100.0,-0.6982220857979329,0
-5.91571,40,6908.23455,-100.0,-0.8134205857334148,0
-5.712365,34,6908.809518,-100.0,-0.7118513086380824,0
-6.098486,40,6909.470611,-100.0,-0.6695423733195788,0
-6.297391,41,6910.144894,-100.0,-0.6510455876393193,0
-5.397599,33,6910.685746,-100.0,-0.8129212802032836,0
-6.000447,34,6911.262486,-100.0,-0.7196387740650809,0
-5.521537,33,6911.816573,-100.0,-0.7588494553243832,0
-5.987805,39,6912.450756,-100.0,-0.7360222689632955,0
-5.853283,33,6913.012757,-100.0,-0.8101050644809438,0
-5.79588,37,6913.62601,-100.0,-0.7281901595272746,0
-6.078497,34,6914.18911,-100.0,-0.6245145656906081,0
-5.895405,34,6914.757147,-100.0,-0.6350418352745658,0
-5.775686,34,6915.29922,-100.0,-0.7290828316385828,0
-6.650224,36,6915.901657,-100.0,-0.6614045371655085,0
-6.09885,33,6916.457052,-100.0,-0.7028187993241363,0
-5.358334,32,6917.000109,-100.0,-0.8857776268145954,0
-5.904732,38,6917.62348,-100.0,-0.7185152916367608,0
-5.671521,35,6918.198129,-100.0,-0.7408776149452998,0
-6.380964,42,6918.896579,-100.0,-0.6255083762924435,0
-5.668618,37,6919.522725,-100.0,-0.876443038974885,0
-6.297688,37,6920.130863,-100.0,-0.6823114204522678,0
-5.889848,39,6920.762084,-100.0,-0.7900063008770432,0
-6.035552,33,6921.301796,-100.0,-0.7807931456528324,0
-5.91078,37,6921.91998,-100.0,-0.6771811235168909,0
-5.61161,33,6922.472524,-100.0,-0.7290345453591278,0
-6.035326,35,6923.046047,-100.0,-0.7788093415229019,0
-5.707186,33,6923.592212,-100.0,-0.7472488935116651,0
-6.210243,40,6924.239511,-100.0,-0.7758704618167231,0
-5.925877,33,6924.806125,-100.0,-0.7413841204334283,0
-6.355493,42,6925.490381,-100.0,-0.7795929421459756,0
-5.939309,40,6926.143479,-100.0,-0.7297539304038303,0
-5.717076,37,6926.756079,-100.0,-0.7552641654360683,0
-5.945293,33,6927.290977,-100.0,-0.6980513639594486,0
-5.908356,46,6928.063951,-100.0,-0.7236496820644573,0
-6.018967,35,6928.64381,-100.0,-0.7569148339579085,0
-6.06822,33,6929.190349,-100.0,-0.6818559062531968,0
-6.523142,38,6929.805298,-100.0,-0.6934818049167887,0
-6.462987,35,6930.394411,-100.0,-0.6098045568217426,0
-6.663603,36,6930.985216,-100.0,-0.609882956308278,0
-5.757315,37,6931.612696,-100.0,-0.7766029003755828,0
-6.07818,34,6932.167929,-100.0,-0.7115613725630244,0
-6.084334,38,6932.794174,-100.0,-0.6543461535256595,0
-5.822119,40,6933.462907,-100.0,-0.7182110675162391,0
-6.225788,45,6934.2033,-100.0,-0.7399134723665141,0
-5.716292,37,6934.797707,-100.0,-0.793517896944378,0
-5.430189,33,6935.362696,-100.0,-0.8125543940472857,0
-5.901046,40,6936.010964,-100.0,-0.7866553121009389,0
-6.229656,36,6936.623028,-100.0,-0.7074005093098504,0
-6.261604,38,7033.189652,-100.0,-0.8093163593895777,0
-5.423139,33,7033.741532,-100.0,-0.8431373303640355,0
-5.754566,33,7034.286375,-100.0,-0.7504708326551618,0
-5.9589,46,7035.043243,-100.0,-0.7378853010589062,0
-5.42958,32,7035.584612,-100.0,-0.811573356338874,0
-5.996405,40,7036.241882,-100.0,-0.8244100053329356,0
-6.094554,41,7036.920224,-100.0,-0.7657186570692792,0
-5.941648,33,7037.471364,-100.0,-0.6957180863615351,0
-5.653735,33,7038.02476,-100.0,-0.7966833140410416,0
-5.772233,40,7038.693027,-100.0,-0.7412666107121746,0
-6.262067,35,7039.2859,-100.0,-0.63576742441157,0
-5.94995,35,7039.85987,-100.0,-0.7113581290832017,0
-5.810222,35,7040.439044,-100.0,-0.7909893150838748,0
-6.065584,41,7041.131665,-100.0,-0.7167810457238123,0
-6.145008,40,7041.786082,-100.0,-0.6674544324783765,0
-6.637477,36,7042.400301,-100.0,-0.7905405701714386,0
-5.92248,32,7042.916223,-100.0,-0.7973295697234017,0
-6.253545,38,7043.558185,-100.0,-0.6920150374690619,0
-5.553399,33,7044.093839,-100.0,-0.7279610459899316,0
-5.936202,37,7044.6993,-100.0,-0.7532386291854375,0
-6.234044,33,7045.241007,-100.0,-0.6594263064558762,0
-5.758002,35,7045.83508,-100.0,-0.7330128877537437,0
-6.224802,34,7046.385805,-100.0,-0.6031029358846912,0
-5.823178,33,7046.92857,-100.0,-0.8007953855694852,0
-6.064263,36,7047.54048,-100.0,-0.6817740670878039,0
-5.949097,34,7048.102674,-100.0,-0.6823036745670492,0
-5.69534,33,7048.649431,-100.0,-0.7918509492010744,0
-5.533711,33,7049.20033,-100.0,-0.7183435790359409,0
-5.913719,37,7049.818007,-100.0,-0.7484312770256548,0
-5.511126,34,7050.383543,-100.0,-0.8098824895454123,0
-5.703324,35,7050.950544,-100.0,-0.9140812800139471,0
-6.013274,38,7051.586698,-100.0,-0.7896443532716703,0
-5.859941,43,7052.300737,-100.0,-0.8581787504062216,0
-6.180489,38,7052.930828,-100.0,-0.81094991834374,0
-5.623963,34,7053.50566,-100.0,-0.748907729809955,0
-5.60165,33,7054.036524,-100.0,-0.7691126968870021,0
-5.855097,43,7054.765056,-100.0,-0.8584450837110937,0
-5.84579,33,7055.306,-100.0,-0.7337510296838851,0
-6.354035,40,7056.009216,-100.0,-0.7101021997130798,0
-6.252401,34,7056.55866,-100.0,-0.6858483561203169,0
-6.174909,34,7057.12137,-100.0,-0.635565265305771,0
-6.209435,38,7057.758499,-100.0,-0.6733051124359914,0
-5.936588,34,7058.326089,-100.0,-0.6380308565012129,0
-5.839903,38,7058.936386,-100.0,-0.8351863363371694,0
-5.80727,38,7059.571958,-100.0,-0.7783307341799724,0
-5.848682,38,7060.199359,-100.0,-0.8667086188585502,0
-6.179372,36,7060.800997,-100.0,-0.6951151537440268,0
-6.175716,38,7061.429755,-100.0,-0.7212344241135535,0
-5.827104,34,7062.001604,-100.0,-0.663572531451798,0
-6.205219,40,7062.657008,-100.0,-0.7051206910382692,0
-6.444492,53,7063.535662,-100.0,-0.8972082264051829,0
-6.168996,36,7064.138653,-100.0,-0.7145485207501743,0
-6.329487,39,7064.772313,-100.0,-0.6544440496909459,0
-6.408368,38,7065.404387,-100.0,-0.7373724241849269,0
-6.31842,33,7065.96071,-100.0,-0.8885077970866105,0
-6.314215,33,7066.517531,-100.0,-0.7941576663168285,0
-5.742259,38,7067.161074,-100.0,-0.7663316337863133,0
-6.262567,36,7174.197423,-100.0,-0.7304061098070743,0
-6.008742,39,7174.855652,-100.0,-0.8172497643754801,0
-5.582455,32,7175.372332,-100.0,-0.8722648918411211,0
-6.34793,41,7176.062736,-100.0,-0.6431168599642398,0
-6.037873,40,7176.726386,-100.0,-0.7738361602364316,0
-5.661955,33,7177.282988,-100.0,-0.7560220819156952,0
-5.736419,34,7177.846998,-100.0,-0.7685307997008385,0
-6.266352,37,7178.478562,-100.0,-0.7487181363488558,0
-5.619789,33,7179.023735,-100.0,-0.7043865165922069,0
-6.339119,35,7179.610215,-100.0,-0.6649725350122805,0
-6.059768,33,7180.149723,-100.0,-0.7136085753602674,0
-5.886134,34,7180.71278,-100.0,-0.6969184740539085,0
-5.894458,33,7181.254025,-100.0,-0.6092023560903995,0
-5.63225,35,7181.845827,-100.0,-0.7395574594800511,0
-5.650448,40,7182.498446,-100.0,-0.8657151190872602,0
-5.761279,34,7183.075335,-100.0,-0.662624685432993,0
-6.039239,33,7183.634762,-100.0,-0.7465309565365437,0
-6.10604,34,7184.202117,-100.0,-0.6481547767252122,0
-6.142951,43,7184.918802,-100.0,-0.6295387770141527,0
-6.580194,34,7185.484546,-100.0,-0.6571854893713487,0
-5.392414,33,7186.035065,-100.0,-0.9020206025396812,0
-6.090524,39,7186.699005,-100.0,-0.7102836360817204,0
-5.883387,33,7187.241256,-100.0,-0.7710191370407239,0
-5.87253,33,7187.782905,-100.0,-0.6886640242703601,0
-5.984695,35,7188.377129,-100.0,-0.7620867601043596,0
-5.88052,36,7188.982936,-100.0,-0.6946679991714443,0
-5.855938,34,7189.554321,-100.0,-0.695517684369577,0
-6.272572,40,7190.213683,-100.0,-0.7469256442319675,0
-5.96975,34,7190.778594,-100.0,-0.6974057367897686,0
-5.595195,32,7191.315546,-100.0,-0.8395656551894443,0
-5.962756,33,7191.849363,-100.0,-0.7402598894572946,0
-5.921515,37,7192.457211,-100.0,-0.786851120799604,0
-6.037787,33,7193.007234,-100.0,-0.7012185736587235,0
-5.61384,34,7193.569349,-100.0,-0.8121375886010944,0
-5.903594,35,7194.151684,-100.0,-0.8010471986877197,0
-5.57252,33,7194.710305,-100.0,-0.6758056980936793,0
-5.885399,35,7195.304796,-100.0,-0.6643215332790071,0
-6.4648,36,7195.907005,-100.0,-0.6156075057832049,0
-5.999738,34,7196.482131,-100.0,-0.6685108974604977,0
-6.476625,34,7197.038768,-100.0,-0.6561214789833992,0
-6.175862,33,7197.59733,-100.0,-0.6893060950521507,0
-6.095813,33,7198.143888,-100.0,-0.6366369854376416,0
-6.123567,34,7198.730841,-100.0,-0.7061887177077592,0
-6.029738,34,7199.301433,-100.0,-0.6318671504132632,0
-5.932602,33,7199.855469,-100.0,-0.7104707408153653,0
-5.781853,33,7200.3946,-100.0,-0.8072234219540986,0
-5.525661,33,7200.933009,-100.0,-0.8148885382082683,0
-5.975864,39,7201.574274,-100.0,-0.7206743987417813,0
-5.543155,38,7202.214944,-100.0,-0.8718439581118433,0
-5.746169,37,7202.824772,-100.0,-0.8548984817784661,0
-5.675104,33,7203.376194,-100.0,-0.7094505910299355,0
-5.915193,35,7203.973559,-100.0,-0.7939329092257887,0
-6.022359,34,7204.540858,-100.0,-0.7089426833991318,0
-6.205866,34,7205.091624,-100.0,-0.636964981689711,0
-6.11054,43,7205.807365,-100.0,-0.6563179306784324,0
-6.174129,34,7206.367236,-100.0,-0.6560592324591267,0
-5.967876,34,7206.930375,-100.0,-0.6686137302084799,0
-5.648363,34,7207.492296,-100.0,-0.7550963874067967,0
-6.045306,34,7314.723303,-100.0,-0.7082867675853677,0
-6.035537,42,7315.422832,-100.0,-0.6775079667340183,0
-6.2056,34,7315.980823,-100.0,-0.6649662260874922,0
-5.718624,36,7316.596054,-100.0,-0.7354547491535313,0
-6.329817,37,7317.214556,-100.0,-0.6439359210355063,0
-5.760642,33,7317.775935,-100.0,-0.6912056193354885,0
-5.776156,41,7318.460401,-100.0,-0.755323978137666,0
-5.666986,33,7319.018172,-100.0,-0.7109415103639195,0
-6.093943,34,7319.593831,-100.0,-0.6566115079809981,0
-5.890233,39,7320.246007,-100.0,-0.6699104030610825,0
-6.047179,38,7320.870313,-100.0,-0.7173853944632237,0
-5.637998,33,7321.433923,-100.0,-0.827431620698002,0
-5.790492,33,7321.988723,-100.0,-0.7187999425855627,0
-5.818283,33,7322.548637,-100.0,-0.7760929410734114,0
-6.204829,39,7323.187802,-100.0,-0.7675640781607059,0
-5.472832,33,7323.747284,-100.0,-0.8257096349237276,0
-6.117418,35,7324.319202,-100.0,-0.7029629525435701,0
-6.564512,34,7324.887802,-100.0,-0.7600929940413763,0
-6.382017,42,7325.570684,-100.0,-0.6807756272185368,0
-5.960321,43,7326.304397,-100.0,-0.7710112090890952,0
-6.127835,35,7326.884124,-100.0,-0.635966161940063,0
-6.034882,40,7327.552436,-100.0,-0.7718077842298765,0
-6.228069,35,7328.140338,-100.0,-0.680875678329332,0
-6.158505,34,7328.6989,-100.0,-0.6694152477910108,0
-6.253904,34,7329.278477,-100.0,-0.734197817079742,0
-6.319232,37,7329.891818,-100.0,-0.7108840664009844,0
-5.944126,38,7330.535338,-100.0,-0.7967443040963348,0
-6.119016,37,7331.158867,-100.0,-0.6221638013859461,0
-6.090887,45,7331.910515,-100.0,-0.8128820037372535,0
-5.426653,33,7332.464252,-100.0,-0.8502222178199628,0
-5.492264,33,7333.013454,-100.0,-0.8777429674472655,0
-6.119006,34,7333.583536,-100.0,-0.598530599772291,0
-5.632182,32,7334.121845,-100.0,-0.8861062003930529,0
-5.607309,33,7334.67222,-100.0,-0.7792459488171637,0
-6.404648,34,7335.247142,-100.0,-0.6940899244080432,0
-5.89358,33,7335.798587,-100.0,-0.6736057787715051,0
-5.900377,41,7336.490777,-100.0,-0.775564544793997,0
-6.086384,34,7337.053392,-100.0,-0.6741801837244934,0
-5.575713,32,7337.585662,-100.0,-0.6564658350944392,0
-5.892735,32,7338.127466,-100.0,-0.7593762493165562,0
-5.918115,40,7338.798174,-100.0,-0.727417986667128,0
-5.849764,35,7339.392512,-100.0,-0.8058002003360679,0
-5.630982,33,7339.933191,-100.0,-0.7005312152396962,0
-5.767478,36,7340.542698,-100.0,-0.7637648769788369,0
-6.444259,34,7341.111835,-100.0,-0.6353708072400638,0
-6.102181,34,7341.682146,-100.0,-0.6497932754548901,0
-5.560287,37,7342.298958,-100.0,-0.8794537227009586,0
-5.563368,32,7342.829448,-100.0,-0.5903957661537561,0
-6.079031,37,7343.44787,-100.0,-0.7035795607401246,0
-5.87127,38,7344.082989,-100.0,-0.7990827900586747,0
-5.719297,33,7344.632663,-100.0,-0.6590062356886276,0
-5.65034,34,7345.198548,-100.0,-0.714111858954,0
-5.87943,38,7345.845532,-100.0,-0.8571660525646971,0
-5.882645,34,7346.417041,-100.0,-0.7971249852546569,0
-5.639103,37,7347.031243,-100.0,-0.9035578848061913,0
-5.518097,33,7347.587772,-100.0,-0.8322552212038239,0
-6.003066,35,7348.170189,-100.0,-0.760920349972036,0
-6.055169,34,7477.464172,-100.0,-0.7074509317735285,0
-5.756193,33,7478.024179,-100.0,-0.6974520338227431,0
-5.841952,33,7478.548801,-100.0,-0.7222260939860502,0
-5.501256,33,7479.107991,-100.0,-0.8138399060840045,0
-5.757431,33,7479.673346,-100.0,-0.6792576622464712,0
-6.239745,35,7480.257733,-100.0,-0.7009978845767458,0
-6.008728,38,7480.893635,-100.0,-0.5801900574786188,0
-5.626001,33,7481.440678,-100.0,-0.7719837513168732,0
-6.145449,34,7482.019769,-100.0,-0.6933710856329133,0
-5.804048,33,7482.566113,-100.0,-0.8763773458896023,0
-5.417275,33,7483.13515,-100.0,-0.8510467370136389,0
-5.588379,33,7483.691458,-100.0,-0.746874849158657,0
-5.91808,32,7484.224403,-100.0,-0.8467695823987484,0
-5.913855,33,7484.767112,-100.0,-0.75069429526276,0
-5.890839,35,7485.351988,-100.0,-0.7952337090413172,0
-5.780504,33,7485.911299,-100.0,-0.7125926845798495,0
-6.276733,37,7486.53195,-100.0,-0.6728914466924432,0
-5.82644,34,7487.094668,-100.0,-0.7901179769619875,0
-5.90692,34,7487.668396,-100.0,-0.735457630183959,0
-5.728137,36,7488.263545,-100.0,-0.778429570193817,0
-5.899131,33,7488.828015,-100.0,-0.7342236626490191,0
-6.055854,35,7489.416058,-100.0,-0.6871760074943803,0
-6.195322,41,7490.087137,-100.0,-0.6428214968068511,0
-6.046885,45,7490.856288,-100.0,-0.6608274383355609,0
-5.696809,32,7491.396166,-100.0,-0.7681678474738041,0
-5.463267,33,7491.945114,-100.0,-0.7579278293149151,0
-6.01461,37,7492.568838,-100.0,-0.7253415192344576,0
-5.887928,37,7493.197675,-100.0,-0.7968003587646452,0
-6.250669,41,7493.895397,-100.0,-0.6603461295481661,0
-5.731121,33,7494.432159,-100.0,-0.7380361460977395,0
-5.974976,33,7494.996838,-100.0,-0.6910554685844339,0
-5.472808,42,7495.695279,-100.0,-0.8284870645811877,0
-5.811478,33,7496.264074,-100.0,-0.7516633669718328,0
-5.939039,34,7496.829092,-100.0,-0.6779340648276933,0
-6.260353,39,7497.470067,-100.0,-0.6729590631175114,0
-5.620316,32,7498.008588,-100.0,-0.8196115892519046,0
-5.900056,34,7498.579638,-100.0,-0.614427918045048,0
-5.77839,33,7499.131055,-100.0,-0.76085261988298,0
-6.231625,35,7499.734688,-100.0,-0.7030853816231861,0
-5.858004,36,7500.330454,-100.0,-0.7277040629996443,0
-6.187671,34,7500.899212,-100.0,-0.6451914233642599,0
-5.971758,34,7501.460624,-100.0,-0.5969565306966298,0
-5.871723,40,7502.117985,-100.0,-0.8121923815178871,0
-5.601691,32,7502.661184,-100.0,-0.7949302689233038,0
-5.709774,33,7503.222657,-100.0,-0.8268447516625291,0
-5.834863,33,7503.785062,-100.0,-0.6958098593636055,0
-5.89387,34,7504.340202,-100.0,-0.6535314815568994,0
-5.482109,33,7504.898115,-100.0,-0.7687095788611917,0
-5.92977,40,7505.566788,-100.0,-0.6932331747757114,0
-6.064748,41,7506.24414,-100.0,-0.6819741787465995,0
-5.693088,32,7506.785794,-100.0,-0.8352270425739056,0
-5.617966,33,7507.351408,-100.0,-0.7880198329084008,0
-5.467238,33,7507.909782,-100.0,-0.8311973912549067,0
-6.021895,34,7508.495937,-100.0,-0.6989096319010868,0
-5.563384,33,7509.042085,-100.0,-0.8030288348967203,0
-5.885078,33,7509.596163,-100.0,-0.7453039835408892,0
-5.492055,33,7510.145537,-100.0,-0.8289611657135688,0
-6.032039,34,7510.71077,-100.0,-0.6418576306926863,0
-5.346521,32,7511.231588,-100.0,-0.8497489877953117,0
-5.643552,36,7636.078591,-100.0,-0.84437186352516,0
-5.812522,33,7636.630886,-100.0,-0.763728046769373,0
-6.08697,34,7637.207946,-100.0,-0.7127382590766119,0
-5.573223,34,7637.780764,-100.0,-0.8293497345882123,0
-6.030449,33,7638.334143,-100.0,-0.6841718794173909,0
-5.653103,33,7638.88748,-100.0,-0.8570025636613992,0
-6.030086,34,7639.460064,-100.0,-0.7012195424809775,0
-5.685868,40,7640.112951,-100.0,-0.7557887236824948,0
-6.447822,34,7640.680952,-100.0,-0.6811358436026288,0
-5.933548,33,7641.232676,-100.0,-0.7082701649725992,0
-5.645497,36,7641.839739,-100.0,-0.7411255712663077,0
-6.071895,33,7642.397703,-100.0,-0.7816890091218295,0
-5.707567,34,7642.975235,-100.0,-0.7634547969503709,0
-5.991834,34,7643.551704,-100.0,-0.7067427464512522,0
-6.166716,37,7644.166646,-100.0,-0.6922396240132899,0
-5.390199,33,7644.730627,-100.0,-0.8452303947418821,0
-5.868387,34,7645.291693,-100.0,-0.7428786020136118,0
-5.811355,33,7645.856464,-100.0,-0.6235793769278791,0
-6.462484,40,7646.510871,-100.0,-0.6852160422812411,0
-5.784987,37,7647.137358,-100.0,-0.9032977225219548,0
-5.75122,34,7647.702776,-100.0,-0.7969872771925718,0
-5.719232,37,7648.322534,-100.0,-0.803140893745114,0
-6.111653,33,7648.88678,-100.0,-0.7713302372468939,0
-6.347937,41,7649.583425,-100.0,-0.7030994682855576,0
-6.023194,33,7650.131885,-100.0,-0.6034327396145924,0
-6.156076,34,7650.693677,-100.0,-0.6785439662264517,0
-5.477496,33,7651.247025,-100.0,-0.800229758714551,0
-5.637634,33,7651.798427,-100.0,-0.7482061533321718,0
-5.764567,33,7652.348284,-100.0,-0.72726691777384,0
-5.792153,34,7652.919354,-100.0,-0.7249389959791828,0
-5.607192,33,7653.471503,-100.0,-0.732466184615798,0
-6.095116,38,7654.107187,-100.0,-0.8242420436369132,0
-6.237456,36,7654.717905,-100.0,-0.7519929966811775,0
-6.152949,38,7655.364778,-100.0,-0.7914333700792502,0
-5.647707,36,7655.969359,-100.0,-0.7101404025664034,0
-5.536311,33,7656.512692,-100.0,-0.7869911588140939,0
-5.794149,32,7657.056891,-100.0,-0.7301972946040246,0
-6.317524,40,7657.732801,-100.0,-0.6186950237891465,0
-5.783948,33,7658.27955,-100.0,-0.7550882229905701,0
-5.245798,32,7658.813207,-100.0,-0.8818622433328267,0
-5.930061,35,7659.404159,-100.0,-0.6771036697587575,0
-5.592931,33,7659.953334,-100.0,-0.8086616733726547,0
-6.979366,46,7660.727957,-100.0,-0.6528355282589355,0
-5.79543,34,7661.29916,-100.0,-0.6333683495413363,0
-5.697201,33,7661.858727,-100.0,-0.6602893334003089,0
-5.991401,36,7662.457407,-100.0,-0.6994786036539269,0
-5.665279,32,7662.987488,-100.0,-0.7311051228242156,0
-5.591076,33,7663.539289,-100.0,-0.7756864811536346,0
-5.589685,33,7664.097074,-100.0,-0.734243685299493,0
-5.506682,32,7664.646596,-100.0,-0.8931912870431679,0
-5.966844,35,7665.239816,-100.0,-0.7219268584333537,0
-6.036624,32,7665.776734,-100.0,-0.7614075549009583,0
-6.068697,33,7666.323523,-100.0,-0.6439690419168156,0
-5.642666,33,7666.872924,-100.0,-0.8077081947669958,0
-5.956861,36,7667.482066,-100.0,-0.7351483699085235,0
-5.5729,33,7668.030701,-100.0,-0.8391675788748618,0
-5.750156,33,7668.591373,-100.0,-0.8027781408860548,0
-5.885009,34,7669.156879,-100.0,-0.6806128843511902,0
-5.665191,33,7669.71566,-100.0,-0.7481553744845066,0
-5.623745,32,7670.253101,-100.0,-0.8098899085734097,0
-5.889507,34,7791.414624,-100.0,-0.6994961617193063,0
-5.636144,34,7791.987731,-100.0,-0.860286966457599,0
-5.460402,40,7792.654311,-100.0,-0.8739378312839493,0
-5.989291,34,7793.226585,-100.0,-0.8288412183507886,0
-5.624279,42,7793.935559,-100.0,-0.7348656393268371,0
-5.724392,34,7794.501542,-100.0,-0.8540154986141616,0
-6.207013,36,7795.131517,-100.0,-0.6714906586016417,0
-5.678469,34,7795.691363,-100.0,-0.7874487933788233,0
-5.486286,32,7796.234421,-100.0,-0.8068023005753855,0
-6.232791,37,7796.850395,-100.0,-0.7969456385042843,0
-5.600189,36,7797.466662,-100.0,-0.8594243002052789,0
-5.672562,32,7798.00682,-100.0,-0.8211472555873485,0
-5.937306,33,7798.550753,-100.0,-0.6604992451925953,0
-6.023741,35,7799.160868,-100.0,-0.7639496658169372,0
-5.443071,33,7799.703971,-100.0,-0.7055670315259278,0
-5.543628,32,7800.240776,-100.0,-0.8430120549747243,0
-5.970412,33,7800.808943,-100.0,-0.6845138039040448,0
-5.845485,33,7801.357316,-100.0,-0.7488339160902804,0
-6.239432,34,7801.925621,-100.0,-0.604314718447418,0
-5.707051,34,7802.501858,-100.0,-0.7414016673819563,0
-5.820692,33,7803.061736,-100.0,-0.7740494407550988,0
-5.510461,33,7803.615945,-100.0,-0.8470894496720016,0
-5.872746,33,7804.178253,-100.0,-0.7478881776706575,0
-5.727123,33,7804.742856,-100.0,-0.7598187730101844,0
-5.422959,33,7805.297629,-100.0,-0.8753834156063739,0
-5.860275,33,7805.848664,-100.0,-0.7079892028212452,0
-6.037015,34,7806.416653,-100.0,-0.689005570944957,0
-5.369646,33,7806.98016,-100.0,-0.824815249257975,0
-6.163438,40,7807.660107,-100.0,-0.6437395629196034,0
-5.563407,32,7808.1989,-100.0,-0.8267765100773169,0
-5.525949,31,7808.708946,-100.0,-0.867646286266258,0
-5.683701,39,7809.363341,-100.0,-0.8253747005027632,0
-5.568144,34,7809.933969,-100.0,-0.8150066130935587,0
-6.213421,42,7810.632378,-100.0,-0.670277379710424,0
-6.149963,35,7811.22759,-100.0,-0.60103310207783,0
-5.786397,42,7811.939539,-100.0,-0.7581066757022267,0
-6.051565,36,7812.537433,-100.0,-0.6852278866495182,0
-5.524509,32,7813.067003,-100.0,-0.8110369150343333,0
-5.426984,33,7813.615892,-100.0,-0.8046652574496369,0
-5.845165,33,7814.162683,-100.0,-0.6076777706610577,0
-5.621359,37,7814.795464,-100.0,-0.9025179524444326,0
-5.98319,42,7815.523857,-100.0,-0.7101066878948494,0
-5.925037,34,7816.095833,-100.0,-0.669973316112032,0
-5.906771,41,7816.76087,-100.0,-0.7605068927520756,0
-5.828831,38,7817.395475,-100.0,-0.6632218805248061,0
-5.732817,34,7817.96821,-100.0,-0.752162298368303,0
-5.742526,36,7818.570326,-100.0,-0.8746518216243461,0
-5.702203,37,7819.200104,-100.0,-0.8624809015377515,0
-5.518703,33,7819.749316,-100.0,-0.8196655269409393,0
-5.95197,43,7820.473424,-100.0,-0.8600983891730433,0
-5.970969,40,7821.154372,-100.0,-0.7101543751232756,0
-5.876662,39,7821.820322,-100.0,-0.7050045952124643,0
-5.55735,34,7822.389678,-100.0,-0.7934387025908529,0
-5.888795,33,7822.948014,-100.0,-0.7425335364700026,0
-5.763739,36,7823.547181,-100.0,-0.7515522648503229,0
-5.865553,32,7824.087302,-100.0,-0.7922366709532672,0
-5.810609,35,7824.680867,-100.0,-0.6509802797981403,0
-5.942832,33,7825.211626,-100.0,-0.6964077164850357,0
-5.722342,33,7954.797447,-100.0,-0.7032303851833573,0
-5.498274,32,7955.371734,-100.0,-0.8737953500482109,0
-5.37913,32,7955.9518,-100.0,-0.8474340233001092,0
-5.606799,32,7956.538549,-100.0,-0.7795177180205389,0
-6.064698,36,7957.190323,-100.0,-0.6892378891479971,0
-5.661469,33,7957.793708,-100.0,-0.7082655257174422,0
-5.629337,38,7958.490338,-100.0,-0.8212307383274609,0
-5.84261,33,7959.077437,-100.0,-0.677525096853109,0
-6.169947,36,7959.732086,-100.0,-0.6713937014997335,0
-5.938826,33,7960.345463,-100.0,-0.638611312553741,0
-5.831019,34,7960.945743,-100.0,-0.6527285386842528,0
-6.097952,33,7961.552665,-100.0,-0.6626620709649912,0
-5.680951,32,7962.134584,-100.0,-0.6912427556953643,0
-5.687649,34,7962.757996,-100.0,-0.7883401682845105,0
-5.335154,34,7963.381164,-100.0,-0.806975413625349,0
-5.769145,33,7963.987532,-100.0,-0.8300664019166921,0
-5.827651,34,7964.60241,-100.0,-0.7466837342552358,0
-5.716636,32,7965.197878,-100.0,-0.7850077560485951,0
-5.864578,35,7965.828965,-100.0,-0.6812758617216506,0
-6.172652,33,7966.419578,-100.0,-0.7049404158864411,0
-5.829784,33,7967.016613,-100.0,-0.7401935044592687,0
-6.278373,33,7967.610352,-100.0,-0.6641633545861784,0
-6.212719,34,7968.247916,-100.0,-0.6851148392814093,0
-5.642392,32,7968.818649,-100.0,-0.8313804765435353,0
-5.592781,33,7969.416934,-100.0,-0.7827895835542769,0
-5.951446,36,7970.068239,-100.0,-0.7600209060543431,0
-5.742812,33,7970.663589,-100.0,-0.7259479943866575,0
-5.758611,34,7971.28389,-100.0,-0.6534403833983577,0
-5.86979,33,7971.884059,-100.0,-0.6728256908011917,0
-5.498958,33,7972.495867,-100.0,-0.876824303763776,0
-6.057647,35,7973.142426,-100.0,-0.6863089103652629,0
-5.3765,32,7973.732102,-100.0,-0.80148820568698,0
-5.504217,33,7974.32538,-100.0,-0.8879139581322371,0
-5.639552,32,7974.900621,-100.0,-0.6904928394757788,0
-5.765528,34,7975.504261,-100.0,-0.6628243681487119,0
-5.436111,32,7976.098884,-100.0,-0.9048481940566249,0
-5.259042,32,7976.679651,-100.0,-0.8035520453655746,0
-5.949107,34,7977.301574,-100.0,-0.8000334978710901,0
-5.861881,34,7977.907757,-100.0,-0.6916621795918239,0
-6.055268,33,7978.505504,-100.0,-0.6708092502094253,0
-5.581218,33,7979.096568,-100.0,-0.9089779138537021,0
-5.540484,35,7979.736745,-100.0,-0.7688831620827397,0
-5.56772,34,7980.344229,-100.0,-0.7718896309704656,0
-5.628007,39,7981.073218,-100.0,-0.8416755806605262,0
-5.968656,33,7981.67822,-100.0,-0.7248074895244088,0
-5.879248,33,7982.28125,-100.0,-0.6265821430626938,0
-5.713271,34,7982.892934,-100.0,-0.7372051685650348,0
-5.694822,33,7983.496834,-100.0,-0.7169801285314867,0
-5.614239,34,7984.123614,-100.0,-0.8307223244084991,0
-5.56082,32,7984.695608,-100.0,-0.8561301910752869,0
-5.948229,33,7985.300729,-100.0,-0.6474723530722303,0
-5.763874,33,7985.908474,-100.0,-0.7582391172332312,0
-6.275133,40,7986.656844,-100.0,-0.7218978981913808,0
-5.784553,34,7987.280566,-100.0,-0.7165963678736488,0
-6.188739,36,7987.93345,-100.0,-0.6348133108098998,0
-5.343473,32,7988.512959,-100.0,-0.8026454353307478,0
-5.538562,33,7989.108597,-100.0,-0.8106839865686812,0
-6.4233,35,7989.759466,-100.0,-0.6463694583402173,0
-5.925614,34,7990.367466,-100.0,-0.7834480888864178,0
-5.763202,33,7990.977814,-100.0,-0.6040681798804391,0
-5.537677,36,7991.632343,-100.0,-0.8652475861446333,0
-6.350891,34,8110.582278,-100.0,-0.6214181611304118,0
-5.701894,33,8111.135061,-100.0,-0.7767518085572895,0
-5.583738,33,8111.699805,-100.0,-0.7733936080190874,0
-6.121207,42,8112.410682,-100.0,-0.6945270704507805,0
-5.807327,34,8112.971258,-100.0,-0.6778699348453815,0
-6.071922,36,8113.579188,-100.0,-0.7910609183876054,0
-5.320184,33,8114.124878,-100.0,-0.8717972023276639,0
-5.435649,33,8114.693087,-100.0,-0.7640243585456139,0
-6.150336,34,8115.265422,-100.0,-0.640215880835206,0
-5.658203,33,8115.824229,-100.0,-0.7647028379799803,0
-5.910431,33,8116.382391,-100.0,-0.6275280496593018,0
-5.240777,33,8116.936199,-100.0,-0.8440189798513462,0
-5.542648,37,8117.558451,-100.0,-0.8386180055043628,0
-5.731256,32,8118.108243,-100.0,-0.7915331625339281,0
-5.875643,39,8118.77183,-100.0,-0.789024888492753,0
-5.752365,34,8119.343725,-100.0,-0.7582036396205042,0
-5.731105,33,8119.893626,-100.0,-0.7102427568647028,0
-6.080573,38,8120.52588,-100.0,-0.663283408486981,0
-5.530472,32,8121.073507,-100.0,-0.8948323663302606,0
-5.741276,34,8121.648119,-100.0,-0.6530558334208574,0
-5.900246,33,8122.198574,-100.0,-0.749943449252142,0
-6.042285,36,8122.811719,-100.0,-0.654256759604727,0
-5.550617,33,8123.364037,-100.0,-0.7787720699824254,0
-6.105977,39,8124.031006,-100.0,-0.6731346304051776,0
-5.607787,32,8124.557597,-100.0,-0.8426848551113008,0
-5.323116,32,8125.099191,-100.0,-0.7473010204763308,0
-6.556005,38,8125.737638,-100.0,-0.6472248851287414,0
-5.768321,33,8126.299445,-100.0,-0.7389050142205009,0
-6.098106,35,8126.893027,-100.0,-0.6960494616878798,0
-6.008766,36,8127.5002,-100.0,-0.7294309300911094,0
-5.293382,33,8128.059326,-100.0,-0.8242037883674186,0
-5.767434,33,8128.623227,-100.0,-0.717818437207944,0
-6.243502,33,8129.180245,-100.0,-0.7405987985990098,0
-5.415512,32,8129.705165,-100.0,-0.8349570976924118,0
-6.056431,34,8130.272297,-100.0,-0.6755319546269387,0
-5.518173,39,8130.939366,-100.0,-0.7598049433978915,0
-6.097191,33,8131.499722,-100.0,-0.738649317191584,0
-5.911589,34,8132.072943,-100.0,-0.5587276878443641,0
-5.97497,34,8132.65428,-100.0,-0.7582445504865037,0
-5.555988,32,8133.190157,-100.0,-0.7476742986845013,0
-5.331946,32,8133.718403,-100.0,-0.8198926399342558,0
-6.028258,33,8134.280181,-100.0,-0.655666654508968,0
-6.04645,33,8134.839145,-100.0,-0.7221150455967942,0
-6.274744,35,8135.438915,-100.0,-0.6573201410907951,0
-5.892292,33,8135.99586,-100.0,-0.6647438393547487,0
-5.543228,33,8136.553343,-100.0,-0.7871018586620123,0
-5.990862,33,8137.10499,-100.0,-0.6962638434777981,0
-5.688936,33,8137.653729,-100.0,-0.7115491960894436,0
-5.923818,33,8138.208562,-100.0,-0.7007376087388721,0
-5.582296,32,8138.760056,-100.0,-0.8366006827805051,0
-5.674707,34,8139.323386,-100.0,-0.7402763385555517,0
-6.021887,34,8139.890668,-100.0,-0.5842800198703655,0
-5.97043,35,8140.481258,-100.0,-0.7008638649610343,0
-5.377366,33,8141.034287,-100.0,-0.7840753019406255,0
-5.883879,33,8141.599887,-100.0,-0.6625742595335332,0
-6.024999,34,8142.175735,-100.0,-0.7212188251995673,0
-5.84683,35,8142.771738,-100.0,-0.7690627447983374,0
-5.937374,35,8143.347876,-100.0,-0.6992621734506089,0
-5.950728,35,8143.931134,-100.0,-0.6952350178398936,0
-5.592974,33,8144.482158,-100.0,-0.7538830698211424,0
-5.621657,33,8262.939977,-100.0,-0.7851786215966043,0
-5.453556,33,8263.508632,-100.0,-0.8256072132163421,0
-5.279875,34,8264.082151,-100.0,-0.8415949972488803,0
-5.69808,34,8264.658393,-100.0,-0.7443667885372482,0
-5.675192,33,8265.225528,-100.0,-0.7529213483767108,0
-5.631853,33,8265.792834,-100.0,-0.752359267192861,0
-6.305269,36,8266.394586,-100.0,-0.7954982927487924,0
-6.314627,33,8266.958827,-100.0,-0.7216311989907604,0
-6.036286,33,8267.523245,-100.0,-0.7153306643819971,0
-5.729518,33,8268.086536,-100.0,-0.7781628065534235,0
-5.734908,35,8268.673247,-100.0,-0.8008995564312846,0
-5.502497,33,8269.23653,-100.0,-0.830417111120572,0
-5.463488,33,8269.796282,-100.0,-0.7998855654860252,0
-5.300358,33,8270.356798,-100.0,-0.7901254092178684,0
-5.861291,33,8270.919795,-100.0,-0.680037484091663,0
-5.701723,32,8271.461573,-100.0,-0.775109905726657,0
-5.896421,34,8272.044415,-100.0,-0.70553071371467,0
-5.590728,35,8272.639183,-100.0,-0.7603955878473236,0
-6.136076,35,8273.233278,-100.0,-0.6784862830391241,0
-6.213158,36,8273.839875,-100.0,-0.639223854116432,0
-5.369547,32,8274.380819,-100.0,-0.8527808321891273,0
-5.931942,33,8274.934202,-100.0,-0.6337408131998444,0
-5.880898,32,8275.480599,-100.0,-0.754667229915963,0
-5.810555,33,8276.048002,-100.0,-0.6648921625938697,0
-5.757528,34,8276.629599,-100.0,-0.7404579794594326,0
-5.414894,33,8277.187299,-100.0,-0.8559667745047835,0
-5.558092,32,8277.720408,-100.0,-0.8069340673637463,0
-5.613507,33,8278.273273,-100.0,-0.677311953539129,0
-5.330075,33,8278.829629,-100.0,-0.8419858252202099,0
-5.51007,33,8279.390314,-100.0,-0.8084458354439062,0
-6.103914,35,8279.992887,-100.0,-0.722710283213121,0
-5.685091,37,8280.619645,-100.0,-0.790986266735962,0
-5.967108,34,8281.190557,-100.0,-0.6551000651284489,0
-5.850294,34,8281.773856,-100.0,-0.7031546324324791,0
-5.901782,33,8282.32968,-100.0,-0.6855075690779111,0
-5.813931,36,8282.938082,-100.0,-0.7250504306205295,0
-5.439606,33,8283.49718,-100.0,-0.8349875890109433,0
-5.918609,35,8284.083266,-100.0,-0.6622425610975381,0
-5.909305,33,8284.650762,-100.0,-0.7149402383031809,0
-5.752431,33,8285.204062,-100.0,-0.7450594101578918,0
-5.853969,34,8285.779402,-100.0,-0.6687716299730867,0
-5.159711,34,8286.352689,-100.0,-0.8375746136989562,0
-5.64955,41,8287.041408,-100.0,-0.792910931020334,0
-5.820816,33,8287.595737,-100.0,-0.7443020066785039,0
-6.00034,43,8288.319547,-100.0,-0.6655769369847147,0
-5.429144,32,8288.862542,-100.0,-0.8112935517489581,0
-5.944628,33,8289.419316,-100.0,-0.6962876005698315,0
-5.513619,33,8289.976243,-100.0,-0.7712690784220978,0
-5.676816,39,8290.640256,-100.0,-0.7588467398525961,0
-5.85507,33,8291.191732,-100.0,-0.7160043199150999,0
-5.524692,33,8291.752743,-100.0,-0.8028197459677715,0
-5.46648,33,8292.309022,-100.0,-0.7720037895859541,0
-5.892132,34,8292.884792,-100.0,-0.8266237084930832,0
-5.722163,35,8293.483021,-100.0,-0.6975848404693917,0
-5.643529,33,8294.042286,-100.0,-0.6791300257677558,0
-5.490924,36,8294.648064,-100.0,-0.8473170878054975,0
-5.849643,33,8295.201542,-100.0,-0.7612469213328721,0
-5.826738,33,8295.769169,-100.0,-0.6581133350260813,0
-6.022146,39,8296.433946,-100.0,-0.6626750916753806,0
-5.534924,32,8296.976904,-100.0,-0.8955341881110823,0
-5.493952,32,8415.570243,-100.0,-0.8056631014781329,0
-5.70281,33,8416.137904,-100.0,-0.7762250219562747,0
-5.942908,33,8416.694957,-100.0,-0.708892907483477,0
-5.891864,32,8417.232229,-100.0,-0.7406241696461293,0
-5.795372,42,8417.948209,-100.0,-0.7849056173275698,0
-5.436137,32,8418.502516,-100.0,-0.8527797317728436,0
-5.470278,33,8419.04207,-100.0,-0.8549064083019587,0
-5.693401,33,8419.594269,-100.0,-0.7376485444792695,0
-6.047541,33,8420.15092,-100.0,-0.6554171696700865,0
-5.843886,39,8420.819018,-100.0,-0.7825024767645189,0
-5.866224,35,8421.409788,-100.0,-0.726491225598191,0
-5.838944,35,8422.000531,-100.0,-0.701621711614577,0
-5.730547,32,8422.541158,-100.0,-0.7358009066813934,0
-5.466643,33,8423.110914,-100.0,-0.8221893076949008,0
-5.596775,33,8423.668458,-100.0,-0.7943221280505796,0
-5.571323,41,8424.352053,-100.0,-0.839759335387366,0
-5.691296,34,8424.92151,-100.0,-0.726216262632872,0
-5.524064,33,8425.488163,-100.0,-0.8337637959427129,0
-6.424711,46,8426.251619,-100.0,-0.6639254477849215,0
-5.993077,34,8426.827992,-100.0,-0.7248851419974888,0
-5.505782,33,8427.398571,-100.0,-0.7778066853289142,0
-5.841054,34,8427.964619,-100.0,-0.7414623864604728,0
-5.816471,33,8428.524187,-100.0,-0.7700546160757885,0
-5.863389,33,8429.090207,-100.0,-0.7144642407321794,0
-5.948044,34,8429.663208,-100.0,-0.7986075749543978,0
-5.354386,32,8430.202494,-100.0,-0.8089830055610342,0
-5.458744,32,8430.74301,-100.0,-0.8076133568830552,0
-5.658699,33,8431.309009,-100.0,-0.7599250150909591,0
-5.537468,33,8431.864512,-100.0,-0.7474908370455381,0
-6.344653,34,8432.444305,-100.0,-0.7578283532668184,0
-5.425349,33,8432.991462,-100.0,-0.7402975363969746,0
-5.451341,33,8433.558036,-100.0,-0.7874038089842308,0
-6.013189,33,8434.111912,-100.0,-0.7419075843210039,0
-5.840806,34,8434.697369,-100.0,-0.7278360926004183,0
-5.483381,33,8435.262398,-100.0,-0.7983491345272815,0
-5.513217,33,8435.813282,-100.0,-0.7997090172882855,0
-5.736671,32,8436.355552,-100.0,-0.8632260224913411,0
-5.876266,33,8436.915261,-100.0,-0.6689989349699265,0
-5.859929,33,8437.478843,-100.0,-0.7372286264225326,0
-5.504782,36,8438.085795,-100.0,-0.8072329591773884,0
-5.307091,32,8438.63876,-100.0,-0.8878509146109542,0
-5.580661,33,8439.191805,-100.0,-0.7557702411359346,0
-6.022722,40,8439.855623,-100.0,-0.6689613318990446,0
-6.023882,39,8440.528725,-100.0,-0.7163494288969002,0
-5.925804,33,8441.094732,-100.0,-0.6940170211066374,0
-5.463204,34,8441.683052,-100.0,-0.8854287127104808,0
-5.317207,33,8442.235198,-100.0,-0.80178500869108,0
-5.834824,33,8442.778908,-100.0,-0.7139062472772074,0
-6.200491,37,8443.399339,-100.0,-0.6223631815011386,0
-5.404552,33,8443.957295,-100.0,-0.7824554242788884,0
-5.988465,34,8444.532587,-100.0,-0.6759301399458059,0
-5.633157,34,8445.097711,-100.0,-0.7442883264606598,0
-5.824171,33,8445.659323,-100.0,-0.7191078967406577,0
-5.760943,33,8446.222595,-100.0,-0.6884040573364734,0
-5.684251,33,8446.7834,-100.0,-0.7242766049894913,0
-5.569178,34,8447.357146,-100.0,-0.8006420510304952,0
-5.608117,37,8447.985953,-100.0,-0.7717083418481744,0
-5.273098,33,8448.541326,-100.0,-0.8616832891440086,0
-5.741213,34,8449.112175,-100.0,-0.7324560683395088,0
-6.30139,45,8449.889544,-100.0,-0.7795037201785736,0
-5.968704,40,8568.038668,-100.0,-0.7547793956747444,0
-5.922389,34,8568.611995,-100.0,-0.7027532527233298,0
-5.615221,32,8569.140777,-100.0,-0.7349645476978597,0
-5.809515,33,8569.706675,-100.0,-0.701693820996057,0
-5.906543,34,8570.278254,-100.0,-0.6359707980400716,0
-5.68251,34,8570.856943,-100.0,-0.7429738892007102,0
-5.594078,33,8571.414891,-100.0,-0.7843350809639391,0
-5.842059,35,8571.99527,-100.0,-0.7005938421303037,0
-5.533107,33,8572.54931,-100.0,-0.7439047243264729,0
-5.404966,33,8573.116964,-100.0,-0.7854951684173305,0
-5.677608,34,8573.698644,-100.0,-0.7070892532591264,0
-5.604952,32,8574.24363,-100.0,-0.6838776610292977,0
-5.476327,38,8574.884554,-100.0,-0.8143130066728346,0
-5.857222,34,8575.464476,-100.0,-0.7321995686898016,0
-5.552876,33,8576.024312,-100.0,-0.8064094258819633,0
-5.846518,36,8576.62749,-100.0,-0.8309677076500299,0
-5.407451,32,8577.176727,-100.0,-0.8488587592281028,0
-5.80604,33,8577.727647,-100.0,-0.7842668690296903,0
-5.735609,32,8578.272751,-100.0,-0.8249642384757072,0
-5.805581,35,8578.863899,-100.0,-0.734801663464033,0
-6.021484,43,8579.602926,-100.0,-0.732709437945603,0
-5.612432,34,8580.172259,-100.0,-0.7542880073955691,0
-5.864106,33,8580.750553,-100.0,-0.6763064568754598,0
-5.948383,41,8581.442615,-100.0,-0.6979330365328551,0
-5.708513,33,8582.000629,-100.0,-0.6651360407705205,0
-5.518737,32,8582.550882,-100.0,-0.8287549781227572,0
-6.103679,35,8583.137413,-100.0,-0.7049584282473726,0
-5.428507,33,8583.698689,-100.0,-0.7858279744815211,0
-5.545321,36,8584.305828,-100.0,-0.8184618890913946,0
-5.25705,36,8584.921423,-100.0,-0.8430362868966702,0
-5.6841,35,8585.518209,-100.0,-0.7520415406407178,0
-6.092552,34,8586.09736,-100.0,-0.6749310794376914,0
-6.020153,33,8586.666054,-100.0,-0.656378602541187,0
-5.435149,33,8587.223824,-100.0,-0.8004933982860252,0
-5.545137,33,8587.784676,-100.0,-0.7559871852121067,0
-5.62604,33,8588.341351,-100.0,-0.7876243259373245,0
-5.489684,33,8588.898202,-100.0,-0.7822361406261312,0
-6.15692,38,8589.535097,-100.0,-0.7739393463327385,0
-5.457249,33,8590.095942,-100.0,-0.7460849286825652,0
-5.809127,41,8590.784855,-100.0,-0.7017719890386809,0
-5.449494,33,8591.339952,-100.0,-0.7600612286847717,0
-6.169303,46,8592.130655,-100.0,-0.6916667424125719,0
-5.724562,34,8592.709171,-100.0,-0.8126056593089962,0
-5.479814,33,8593.259439,-100.0,-0.7002561388115246,0
-5.965553,37,8593.894013,-100.0,-0.7263460456555935,0
-5.88806,33,8594.44325,-100.0,-0.7204955372183695,0
-5.145015,32,8594.977942,-100.0,-0.8784534182115866,0
-6.143048,34,8595.555899,-100.0,-0.6911679185577915,0
-5.307337,33,8596.122518,-100.0,-0.7432281961748912,0
-5.611479,34,8596.697522,-100.0,-0.8284634585879893,0
-5.501016,34,8597.278758,-100.0,-0.79633828613319,0
-5.430452,33,8597.837409,-100.0,-0.7341911825963748,0
-5.649758,32,8598.375738,-100.0,-0.7458678134429114,0
-5.587493,33,8598.945043,-100.0,-0.6861948680020588,0
-5.442738,32,8599.484886,-100.0,-0.8089406543016697,0
-5.327079,32,8600.034422,-100.0,-0.8916473129067761,0
-5.464763,35,8600.625354,-100.0,-0.7643848031702917,0
-5.651526,36,8601.433579,-100.0,-0.7268536796558333,0
-5.835569,35,8602.034844,-100.0,-0.7800720664940256,0
-5.138934,32,8717.713087,-100.0,-0.8601337394707704,0
-5.78005,37,8718.335961,-100.0,-0.6829911575481629,0
-5.823182,33,8718.903095,-100.0,-0.66186650776378,0
-5.551289,32,8719.447803,-100.0,-0.850294985310056,0
-5.994295,34,8720.024655,-100.0,-0.6468233013476801,0
-5.63985,33,8720.580824,-100.0,-0.802079678092659,0
-5.53843,33,8721.151386,-100.0,-0.7961276134985226,0
-5.426347,33,8721.7151,-100.0,-0.7519235509047955,0
-5.564328,33,8722.277727,-100.0,-0.7587887198833363,0
-5.676288,37,8722.900301,-100.0,-0.7253142769025411,0
-5.675323,33,8723.470894,-100.0,-0.7502642307376661,0
-5.857075,33,8724.032046,-100.0,-0.702951673173728,0
-5.843255,35,8724.619873,-100.0,-0.6725376522244869,0
-5.58389,34,8725.207064,-100.0,-0.7503300315792862,0
-6.153661,40,8725.86019,-100.0,-0.6759933147957542,0
-5.719868,33,8726.428262,-100.0,-0.6176212928617785,0
-5.801796,33,8726.984671,-100.0,-0.7291807124220754,0
-5.540305,35,8727.581939,-100.0,-0.7709741679754241,0
-5.687737,34,8728.16287,-100.0,-0.6971888512616308,0
-5.378546,34,8728.747176,-100.0,-0.7768774544123419,0
-6.175847,34,8729.33091,-100.0,-0.6657862250751951,0
-5.699271,33,8729.894196,-100.0,-0.6788005311605194,0
-5.420574,33,8730.449215,-100.0,-0.7752831759351715,0
-5.43565,32,8730.997305,-100.0,-0.8543103077437729,0
-5.209466,32,8731.529911,-100.0,-0.8801445901927927,0
-5.53123,33,8732.089392,-100.0,-0.8382262353665979,0
-5.826955,33,8732.639009,-100.0,-0.6620379086829403,0
-5.663434,35,8733.24702,-100.0,-0.8933348392883321,0
-5.585735,34,8733.828155,-100.0,-0.8642488656327589,0
-5.497589,33,8734.38799,-100.0,-0.683281805489229,0
-6.083768,35,8734.976605,-100.0,-0.6885905986333472,0
-5.350143,33,8735.531041,-100.0,-0.7911500452651893,0
-5.68164,33,8736.093487,-100.0,-0.8170152794840327,0
-5.709052,33,8736.645179,-100.0,-0.7802222997269339,0
-5.833288,32,8737.197304,-100.0,-0.7929133321762578,0
-5.741396,41,8737.903266,-100.0,-0.7443180254751626,0
-5.687919,33,8738.466723,-100.0,-0.7345809059597722,0
-6.079583,38,8739.107654,-100.0,-0.6751144155425592,0
-5.444788,41,8739.796508,-100.0,-0.7740197085487073,0
-5.372992,33,8740.361641,-100.0,-0.7922678647671532,0
-6.043407,39,8741.02428,-100.0,-0.620508509746524,0
-5.662335,33,8741.584791,-100.0,-0.7331205922518386,0
-6.011458,34,8742.168043,-100.0,-0.6648196154976459,0
-5.743197,34,8742.732406,-100.0,-0.7315791838428553,0
-5.52684,33,8743.296515,-100.0,-0.8135602645432637,0
-5.956176,39,8743.960567,-100.0,-0.7425934596810149,0
-6.062953,38,8744.61193,-100.0,-0.6595569693693187,0
-5.569547,33,8745.174104,-100.0,-0.8133561126737778,0
-5.656635,36,8745.791767,-100.0,-0.755494926291789,0
-5.701361,34,8746.363062,-100.0,-0.7329005649192202,0
-5.681357,33,8746.9182,-100.0,-0.773158493420282,0
-5.690147,34,8747.510327,-100.0,-0.722016461894786,0
-5.930918,34,8748.087798,-100.0,-0.6962731823490449,0
-5.428214,32,8748.638731,-100.0,-0.847346865403447,0
-5.586667,33,8749.198805,-100.0,-0.7501134874569271,0
-5.369958,33,8749.746228,-100.0,-0.8232345851251286,0
-5.627772,33,8750.29288,-100.0,-0.7581572656822909,0
-5.696631,34,8750.872665,-100.0,-0.7111749022228622,0
-5.923641,35,8751.47461,-100.0,-0.7828477920968007,0
-5.639817,34,8752.045844,-100.0,-0.7093107171820608,0
-5.765794,35,8870.03557,-100.0,-0.7138997148061449,0
-5.884701,35,8870.629627,-100.0,-0.6481441075134292,0
-5.757574,33,8871.199742,-100.0,-0.762078654044365,0
-5.459051,33,8871.756903,-100.0,-0.8016367831381692,0
-5.564062,34,8872.337024,-100.0,-0.7037849482876802,0
-5.600855,33,8872.904795,-100.0,-0.7364277139269421,0
-5.734317,33,8873.465349,-100.0,-0.7512964673670297,0
-5.803394,34,8874.036301,-100.0,-0.7437081801502279,0
-5.774457,32,8874.577611,-100.0,-0.6926173435391797,0
-5.504025,33,8875.141477,-100.0,-0.8142474281861616,0
-5.973136,34,8875.72553,-100.0,-0.7107853171042681,0
-5.391734,35,8876.317709,-100.0,-0.8036914483252281,0
-5.470738,34,8876.888722,-100.0,-0.7022087114406692,0
-5.560146,33,8877.454057,-100.0,-0.7318550072260661,0
-5.961377,34,8878.020487,-100.0,-0.7090239194360133,0
-5.757811,34,8878.601828,-100.0,-0.7127152646890594,0
-5.710726,33,8879.166031,-100.0,-0.7618804599390284,0
-5.507255,37,8879.812509,-100.0,-0.8359607667032827,0
-5.606184,43,8880.553686,-100.0,-0.8060343602033467,0
-5.606755,33,8881.115891,-100.0,-0.7694507079535277,0
-5.722539,33,8881.686934,-100.0,-0.6719500364188601,0
-5.734739,34,8882.261462,-100.0,-0.7596464249711322,0
-5.78315,34,8882.83189,-100.0,-0.7182567273951213,0
-6.015811,36,8883.448275,-100.0,-0.6943481914372372,0
-5.335096,34,8884.028085,-100.0,-0.8331443789858026,0
-5.703973,33,8884.596136,-100.0,-0.7823958527764269,0
-6.003597,33,8885.155426,-100.0,-0.6887929297449696,0
-5.731596,33,8885.725735,-100.0,-0.7753620286232406,0
-5.871033,33,8886.275185,-100.0,-0.7268204012887175,0
-5.712914,34,8886.856228,-100.0,-0.6963392725327868,0
-5.641598,33,8887.417601,-100.0,-0.7604394712205412,0
-5.649641,33,8887.981765,-100.0,-0.8823010941013338,0
-5.61703,32,8888.527011,-100.0,-0.7949071589803525,0
-6.031564,33,8889.081429,-100.0,-0.7324864358493803,0
-5.594174,33,8889.63967,-100.0,-0.775607810978882,0
-5.398863,33,8890.205576,-100.0,-0.783449162538022,0
-5.573465,37,8890.844259,-100.0,-0.8058033121489439,0
-6.544938,34,8891.423153,-100.0,-0.6600392145585072,0
-5.386834,36,8892.035469,-100.0,-0.8552716163252501,0
-5.482424,33,8892.593873,-100.0,-0.8084067355952264,0
-5.694632,33,8893.156184,-100.0,-0.7424422563215595,0
-5.542666,33,8893.718406,-100.0,-0.693945875161962,0
-5.514947,35,8894.311179,-100.0,-0.758789080890353,0
-5.390163,39,8894.950094,-100.0,-0.8085680460909458,0
-5.608953,32,8895.497357,-100.0,-0.8069729610366364,0
-5.973039,34,8896.074675,-100.0,-0.6636898615247059,0
-5.372154,32,8896.624519,-100.0,-0.7259331447281648,0
-5.969177,35,8897.212493,-100.0,-0.6701826873440421,0
-5.460366,34,8897.785203,-100.0,-0.7335736906836579,0
-5.694009,34,8898.370482,-100.0,-0.8162417607270209,0
-5.242092,32,8898.918816,-100.0,-0.8764691078983279,0
-5.864821,33,8899.480829,-100.0,-0.6898185723873729,0
-5.506461,33,8900.047284,-100.0,-0.7351257138929056,0
-5.690209,33,8900.603232,-100.0,-0.7069652982533745,0
-5.515018,36,8901.216913,-100.0,-0.7988063208035231,0
-5.774254,35,8901.800191,-100.0,-0.7051517447810228,0
-5.881808,33,8902.369129,-100.0,-0.745011886334094,0
-5.671982,33,8902.921885,-100.0,-0.7433505693242835,0
-5.620567,32,8903.47212,-100.0,-0.7796638064928961,0
-5.87398,37,8904.086732,-100.0,-0.8435784855249662,0
-5.320299,34,9019.238533,-100.0,-0.815309230005218,0
-5.432224,33,9019.795788,-100.0,-0.766513639430232,0
-5.709075,33,9020.360455,-100.0,-0.7174715280095861,0
-5.92835,33,9020.919107,-100.0,-0.7295245781153347,0
-5.707962,33,9021.483546,-100.0,-0.6767602003913411,0
-5.476656,32,9022.029169,-100.0,-0.8204666312723544,0
-5.735487,34,9022.606294,-100.0,-0.6835875089849491,0
-5.666646,33,9023.165199,-100.0,-0.6998841121345573,0
-5.920057,33,9023.734664,-100.0,-0.6753962617907796,0
-5.783481,33,9024.295953,-100.0,-0.7266352777675155,0
-5.444763,33,9024.856823,-100.0,-0.8111681626125067,0
-5.408055,33,9025.413332,-100.0,-0.7767854751493671,0
-5.582792,33,9025.972247,-100.0,-0.7380467570346332,0
-5.404981,32,9026.522698,-100.0,-0.7885433951233107,0
-5.535691,33,9027.083115,-100.0,-0.7986795301604959,0
-6.16386,38,9027.718213,-100.0,-0.6549830580838787,0
-6.027606,38,9028.354803,-100.0,-0.6742511494898268,0
-5.868472,37,9028.990934,-100.0,-0.6976769669649863,0
-5.574838,32,9029.536769,-100.0,-0.8574437596773319,0
-5.397096,33,9030.10244,-100.0,-0.803307685010699,0
-5.555526,33,9030.658058,-100.0,-0.8225956871711365,0
-5.764058,33,9031.222677,-100.0,-0.7603937441113773,0
-5.425569,33,9031.77197,-100.0,-0.8636424691749223,0
-5.62296,33,9032.328794,-100.0,-0.7114991322786332,0
-6.192768,36,9032.941518,-100.0,-0.6438535847320027,0
-5.535052,33,9033.487381,-100.0,-0.802996575977731,0
-5.437495,33,9034.047667,-100.0,-0.8038995321789733,0
-5.754151,33,9034.614436,-100.0,-0.762503104591791,0
-5.371099,32,9035.162226,-100.0,-0.7575668659780745,0
-5.545429,41,9035.860358,-100.0,-0.8385863759210361,0
-5.492793,33,9036.420383,-100.0,-0.7894360055692841,0
-5.293878,33,9036.981616,-100.0,-0.7849156141057528,0
-5.84532,35,9037.579396,-100.0,-0.7665519370102204,0
-5.563763,33,9038.142281,-100.0,-0.7836500127044436,0
-5.508198,33,9038.70713,-100.0,-0.6367590279518794,0
-5.492602,33,9039.261747,-100.0,-0.7630412825542422,0
-5.833728,33,9039.829541,-100.0,-0.7435314975192115,0
-6.066481,37,9040.453746,-100.0,-0.6694627882611143,0
-6.553529,35,9041.051909,-100.0,-0.6539364173170219,0
-5.960275,33,9041.612021,-100.0,-0.7222627939691693,0
-5.608783,33,9042.18011,-100.0,-0.7131792772120548,0
-5.981442,35,9042.771516,-100.0,-0.6856049628548658,0
-5.499475,36,9043.378037,-100.0,-0.842410008585802,0
-5.843981,33,9043.947167,-100.0,-0.6590655639604639,0
-5.824936,34,9044.518944,-100.0,-0.6818380340326612,0
-5.432581,33,9045.087284,-100.0,-0.8570257331256205,0
-5.913028,34,9045.654356,-100.0,-0.6289383144524805,0
-5.412369,32,9046.204705,-100.0,-0.8694995796012835,0
-5.333685,32,9046.755014,-100.0,-0.8623131318818509,0
-5.998573,38,9047.395309,-100.0,-0.658336461615872,0
-5.990066,46,9048.162541,-100.0,-0.6603853970643211,0
-5.321954,32,9048.70051,-100.0,-0.8358973745369568,0
-5.816623,33,9049.465841,-100.0,-0.6402818168555672,0
-5.495358,32,9050.008968,-100.0,-0.7852282690788536,0
-5.577665,33,9050.57665,-100.0,-0.7859343413251973,0
-6.118003,35,9051.168693,-100.0,-0.6591348162253869,0
-5.409464,36,9051.777206,-100.0,-0.8496642240631622,0
-5.298161,32,9052.328034,-100.0,-0.8892204577280437,0
-5.77521,34,9052.90935,-100.0,-0.6794886907253587,0
-5.930471,34,9053.489194,-100.0,-0.6891170539517009,0
-5.798163,34,9170.916435,-100.0,-0.69483912217503,0
-5.705609,35,9171.507865,-100.0,-0.7636577455419109,0
-5.661768,32,9172.067116,-100.0,-0.7943042915175234,0
-5.655079,33,9172.630482,-100.0,-0.7486990711421118,0
-5.433251,32,9173.175507,-100.0,-0.760288638054896,0
-5.976545,33,9173.739978,-100.0,-0.671138039337918,0
-5.789591,33,9174.306716,-100.0,-0.6263294315988661,0
-5.47165,33,9174.865961,-100.0,-0.754791126655576,0
-5.305865,32,9175.422185,-100.0,-0.8318605678010538,0
-5.724635,34,9175.99271,-100.0,-0.6681932574997124,0
-5.426654,33,9176.558912,-100.0,-0.7829918584262435,0
-5.490864,33,9177.118303,-100.0,-0.8040917677709528,0
-5.633733,35,9177.710379,-100.0,-0.7169803786445718,0
-5.978215,33,9178.271039,-100.0,-0.7007354909889817,0
-6.218195,36,9178.888695,-100.0,-0.6734661326405764,0
-5.639298,39,9179.556149,-100.0,-0.7808309997809797,0
-5.824821,42,9180.2686,-100.0,-0.7058354360708331,0
-5.476416,33,9180.829271,-100.0,-0.7026020968456512,0
-5.947513,33,9181.389544,-100.0,-0.7554138561909727,0
-5.630545,32,9181.928815,-100.0,-0.7598405805220773,0
-5.441598,33,9182.495956,-100.0,-0.8635665312336364,0
-5.683379,34,9183.075112,-100.0,-0.7033854685631489,0
-5.279784,33,9183.64806,-100.0,-0.790146366131117,0
-5.828137,33,9184.212559,-100.0,-0.708213186792226,0
-5.63753,33,9184.781125,-100.0,-0.7789205042339462,0
-5.546843,32,9185.327716,-100.0,-0.8550601770055911,0
-5.374693,33,9185.889407,-100.0,-0.8513575257322329,0
-5.801638,35,9186.48635,-100.0,-0.7309897410261919,0
-5.29844,33,9187.05189,-100.0,-0.760706640122102,0
-5.938037,34,9187.619536,-100.0,-0.6906657629482597,0
-5.779098,33,9188.189444,-100.0,-0.765296449249046,0
-5.935264,33,9188.752971,-100.0,-0.7071756591127534,0
-5.752794,37,9189.383004,-100.0,-0.7065585386732717,0
-5.258033,33,9189.940579,-100.0,-0.9104918318628518,0
-5.825992,33,9190.501212,-100.0,-0.733352009934,0
-5.303268,32,9191.04901,-100.0,-0.8358094874616292,0
-5.460677,33,9191.611539,-100.0,-0.7860101269995469,0
-5.701935,34,9192.188821,-100.0,-0.7066405938316954,0
-5.401133,33,9192.760305,-100.0,-0.7892418903390509,0
-5.253391,33,9193.324269,-100.0,-0.8183765876856428,0
-5.643516,34,9193.906914,-100.0,-0.7234484240387296,0
-5.42484,33,9194.466177,-100.0,-0.7530912736779037,0
-5.909962,38,9195.116784,-100.0,-0.6938161681530678,0
-5.500879,33,9195.686669,-100.0,-0.6790797807848632,0
-5.738617,34,9196.263807,-100.0,-0.7054183022898589,0
-5.481406,40,9196.940237,-100.0,-0.8696206069778964,0
-5.923276,36,9197.548434,-100.0,-0.7148055391939075,0
-5.783341,33,9198.1205,-100.0,-0.6944126620487401,0
-5.220229,32,9198.672018,-100.0,-0.8149646749831632,0
-5.544821,33,9199.226955,-100.0,-0.7440760534728784,0
-5.810455,34,9199.809597,-100.0,-0.6532875332570816,0
-5.863933,37,9200.433545,-100.0,-0.7358616984520712,0
-5.761626,33,9201.00264,-100.0,-0.7344253278471814,0
-5.840808,33,9201.568291,-100.0,-0.6480103638223191,0
-5.78026,34,9202.156919,-100.0,-0.7165796661667482,0
-5.44801,40,9202.8219,-100.0,-0.8353845779063284,0
-5.803803,33,9203.389761,-100.0,-0.6671244283929912,0
-5.29903,37,9204.026636,-100.0,-0.8776150289101653,0
-5.48927,34,9204.602997,-100.0,-0.7879427043257369,0
-5.83574,34,9205.191941,-100.0,-0.6911859929107295,0
-5.987362,41,9322.933099,-100.0,-0.7149991783892914,0
-5.480734,33,9323.494048,-100.0,-0.7634225875057034,0
-5.795487,37,9324.13933,-100.0,-0.69371577990289,0
-5.667119,32,9324.679251,-100.0,-0.7648831639050114,0
-5.668925,33,9325.244657,-100.0,-0.705405197841742,0
-5.471465,33,9325.803636,-100.0,-0.7298417353925387,0
-5.720163,34,9326.382666,-100.0,-0.6577459970867388,0
-5.540897,34,9326.957375,-100.0,-0.7696470973487449,0
-5.764619,34,9327.534556,-100.0,-0.7373743774939496,0
-5.805759,33,9328.10263,-100.0,-0.7010678966064383,0
-5.355034,33,9328.673887,-100.0,-0.8749439341767087,0
-5.636783,33,9329.238078,-100.0,-0.7803054654288599,0
-5.623235,33,9329.793219,-100.0,-0.7555330999911473,0
-5.259863,33,9330.364069,-100.0,-0.8434454532433495,0
-6.167711,34,9330.941664,-100.0,-0.6396517156854236,0
-5.94344,35,9331.547146,-100.0,-0.6775864730438195,0
-5.872696,33,9332.107947,-100.0,-0.6471055580314189,0
-5.904443,33,9332.674029,-100.0,-0.6981989858370957,0
-5.204704,32,9333.225476,-100.0,-0.8337976803782822,0
-5.521692,33,9333.78909,-100.0,-0.7754525748508196,0
-5.548675,34,9334.36198,-100.0,-0.7280793470235165,0
-5.251696,32,9334.916187,-100.0,-0.8165225596013583,0
-5.923558,34,9335.488811,-100.0,-0.6557937607455937,0
-5.662302,33,9336.059369,-100.0,-0.7051018043678395,0
-5.759796,34,9336.633622,-100.0,-0.683951159488834,0
-5.656179,33,9337.197221,-100.0,-0.6779193985764906,0
-6.191372,34,9337.774009,-100.0,-0.7183811887872272,0
-5.996636,33,9338.345708,-100.0,-0.7130327817742742,0
-5.342135,34,9338.920299,-100.0,-0.7764912245159993,0
-5.462832,33,9339.488885,-100.0,-0.6410369547221019,0
-5.5177,35,9340.082692,-100.0,-0.7448529262958339,0
-5.412252,32,9340.629924,-100.0,-0.8046712900994983,0
-5.481021,33,9341.195611,-100.0,-0.7326071383316785,0
-5.690307,34,9341.77734,-100.0,-0.6962238659186599,0
-5.14236,32,9342.330572,-100.0,-0.8288176721476264,0
-5.604023,34,9342.913323,-100.0,-0.7357050816745919,0
-5.54147,33,9343.484479,-100.0,-0.7372640132863058,0
-5.45748,35,9344.07872,-100.0,-0.7561447624145521,0
-5.691809,36,9344.685,-100.0,-0.7356108182423879,0
-5.507594,32,9345.229701,-100.0,-0.8076394358286252,0
-5.233857,33,9345.801447,-100.0,-0.8429744949574711,0
-5.872265,40,9346.47529,-100.0,-0.7499890391355813,0
-5.82036,34,9347.057015,-100.0,-0.7086246752632351,0
-5.731378,33,9347.622642,-100.0,-0.6722491136268811,0
-5.457531,33,9348.188887,-100.0,-0.7777995454230077,0
-5.877659,34,9348.7714,-100.0,-0.6727629475363032,0
-5.591469,33,9349.342887,-100.0,-0.7590740236851216,0
-5.952267,33,9349.907463,-100.0,-0.70073575869264,0
-5.650563,34,9350.477694,-100.0,-0.7086707225878163,0
-5.556015,33,9351.036679,-100.0,-0.6869509293981877,0
-5.925268,34,9351.616492,-100.0,-0.6869737642274633,0
-5.514841,33,9352.188565,-100.0,-0.8191909679456116,0
-6.076476,35,9352.7778,-100.0,-0.7046793667554175,0
-5.643531,33,9353.34047,-100.0,-0.8230967725511628,0
-5.718989,34,9353.922329,-100.0,-0.7249747609682817,0
-5.745617,34,9354.511754,-100.0,-0.7197005687156753,0
-5.371534,33,9355.080192,-100.0,-0.7253901825241148,0
-5.65283,33,9355.637014,-100.0,-0.6934483678194782,0
-5.586524,33,9356.202734,-100.0,-0.780262840428519,0
-5.892862,33,9356.765931,-100.0,-0.6994054825312154,0
-5.231614,32,9357.307237,-100.0,-0.9052018973951209,0
-5.383547,33,9357.863027,-100.0,-0.8137310162031715,0
-5.278708,32,9473.297448,-100.0,-0.8433155971989621,0
-5.798923,35,9473.906618,-100.0,-0.7435759236489125,0
-5.268768,34,9474.492764,-100.0,-0.8235776503294812,0
-5.50838,39,9475.163666,-100.0,-0.7249985898062163,0
-5.934214,34,9475.738217,-100.0,-0.7350188215424922,0
-5.414609,33,9476.307958,-100.0,-0.8026454855580257,0
-5.401852,32,9476.849087,-100.0,-0.7842991181315521,0
-5.580249,33,9477.416579,-100.0,-0.7348407871517487,0
-5.950486,34,9478.000938,-100.0,-0.6424552791080318,0
-5.278395,33,9478.569207,-100.0,-0.8225200298007892,0
-5.715928,39,9479.23388,-100.0,-0.7735357114360377,0
-6.531656,32,9479.775094,-100.0,-0.5982529968526722,0
-6.111278,36,9480.383944,-100.0,-0.653987784613576,0
-5.263582,32,9480.933788,-100.0,-0.8669653644195102,0
-5.638198,32,9481.490555,-100.0,-0.7631094120031272,0
-5.52429,34,9482.06398,-100.0,-0.721043255404085,0
-5.599459,32,9482.613227,-100.0,-0.7810288209651844,0
-5.58245,33,9483.176906,-100.0,-0.7250747097894387,0
-5.159069,32,9483.726067,-100.0,-0.8613748322950135,0
-5.693074,33,9484.293511,-100.0,-0.7780541218433652,0
-5.813911,34,9484.869907,-100.0,-0.6919981469188554,0
-5.359961,32,9485.422884,-100.0,-0.8029538705261818,0
-5.557726,33,9485.989157,-100.0,-0.7216131968055715,0
-5.855031,33,9486.544727,-100.0,-0.6756587817590312,0
-5.731785,33,9487.10691,-100.0,-0.7858652604968219,0
-5.604689,33,9487.657574,-100.0,-0.6821782331231985,0
-5.372323,33,9488.224525,-100.0,-0.7432047507774292,0
-5.929062,34,9488.799577,-100.0,-0.6747837235099394,0
-5.329081,33,9489.362242,-100.0,-0.8113540337986984,0
-5.674168,33,9489.925763,-100.0,-0.7108583778353774,0
-6.011063,35,9490.52367,-100.0,-0.8010303057784229,0
-5.768411,33,9491.087906,-100.0,-0.6808709060997532,0
-5.423057,32,9491.644178,-100.0,-0.8029828251059404,0
-5.797619,33,9492.208188,-100.0,-0.6921007764432427,0
-5.666011,33,9492.779294,-100.0,-0.7390965797032554,0
-5.432609,32,9493.324901,-100.0,-0.8417944949200274,0
-5.399331,33,9493.883431,-100.0,-0.6404565843363016,0
-5.274227,33,9494.445157,-100.0,-0.7870952950506204,0
-5.976286,36,9495.067887,-100.0,-0.6579307840791317,0
-6.114978,39,9495.723981,-100.0,-0.6794681252797367,0
-5.455277,33,9496.285493,-100.0,-0.6986611575562559,0
-5.863507,33,9496.857535,-100.0,-0.6265245720373985,0
-5.713982,33,9497.407234,-100.0,-0.6763671493328661,0
-5.298028,33,9498.171636,-100.0,-0.7434772373344766,0
-5.915879,35,9498.773395,-100.0,-0.6774697412057528,0
-5.93498,34,9499.353855,-100.0,-0.692388725265689,0
-5.647079,36,9499.961461,-100.0,-0.6986928273963317,0
-5.637737,33,9500.523268,-100.0,-0.6847408272335563,0
-5.373803,33,9501.095872,-100.0,-0.8039592714686767,0
-5.57981,34,9501.674872,-100.0,-0.6828069076895908,0
-5.579114,34,9502.253234,-100.0,-0.7226767066722212,0
-5.366139,32,9502.793082,-100.0,-0.7555164119217201,0
-5.390405,32,9503.342913,-100.0,-0.7785799980882325,0
-5.902482,32,9503.893912,-100.0,-0.6835161401845035,0
-5.335248,33,9504.449918,-100.0,-0.7959330938046807,0
-5.35432,33,9505.013692,-100.0,-0.7774587446781317,0
-5.303608,32,9505.563756,-100.0,-0.8395377703609088,0
-5.628567,33,9506.130417,-100.0,-0.8292172290050801,0
-5.254853,33,9506.69046,-100.0,-0.872691267161791,0
-5.513339,34,9507.27639,-100.0,-0.7124112798789968,0
-5.628497,33,9507.840438,-100.0,-0.8092282691399407,0
-6.252752,38,9624.732331,-100.0,-0.650296898238078,0
-5.493745,32,9625.285143,-100.0,-0.7915833744590636,0
-5.918628,34,9625.861572,-100.0,-0.7281020629029663,0
-5.803993,34,9626.440687,-100.0,-0.7178914984797076,0
-5.432196,33,9626.996815,-100.0,-0.7288403464699045,0
-5.498641,33,9627.560133,-100.0,-0.7201904369849674,0
-5.836872,33,9628.13215,-100.0,-0.7179669661852419,0
-5.399671,32,9628.684827,-100.0,-0.7977621271219685,0
-5.360321,34,9629.245259,-100.0,-0.8021606317909578,0
-5.879002,34,9629.835599,-100.0,-0.6203231169824819,0
-5.971532,33,9630.394903,-100.0,-0.7076129635652927,0
-5.705229,33,9630.958254,-100.0,-0.7197770277830873,0
-5.763761,34,9631.537165,-100.0,-0.716270233707986,0
-5.826211,34,9632.127421,-100.0,-0.6729118261013923,0
-5.467643,33,9632.68514,-100.0,-0.8109594061823409,0
-5.672349,33,9633.25845,-100.0,-0.7592422022534511,0
-5.9928,34,9633.838172,-100.0,-0.6442175147208348,0
-5.835962,33,9634.396091,-100.0,-0.6940531224726508,0
-6.031388,33,9634.963261,-100.0,-0.700114190496482,0
-5.21095,33,9635.527433,-100.0,-0.8286144166187968,0
-5.366507,32,9636.080781,-100.0,-0.8369270669113353,0
-5.837573,33,9636.639655,-100.0,-0.6253124667889789,0
-5.344614,33,9637.209362,-100.0,-0.8721592048137263,0
-5.515739,34,9637.787264,-100.0,-0.7535666179169944,0
-5.362386,32,9638.345912,-100.0,-0.7901420791592354,0
-5.629415,33,9638.907689,-100.0,-0.7084153166423283,0
-5.549758,34,9639.47464,-100.0,-0.647797262153408,0
-5.628792,33,9640.04399,-100.0,-0.7484117160349224,0
-5.664408,33,9640.612304,-100.0,-0.7365985713705732,0
-5.757491,34,9641.191201,-100.0,-0.7700916623428903,0
-5.619188,32,9641.733023,-100.0,-0.7482426696485077,0
-5.141498,32,9642.285176,-100.0,-0.8264751365613285,0
-5.22315,32,9642.829691,-100.0,-0.8209856049964166,0
-5.560685,33,9643.396747,-100.0,-0.7148081964460926,0
-5.893792,38,9644.035471,-100.0,-0.6941090616558047,0
-5.599562,33,9644.598943,-100.0,-0.6793116229045888,0
-5.499468,34,9645.168859,-100.0,-0.734039248061921,0
-5.905116,34,9645.745807,-100.0,-0.7400883352822624,0
-5.653912,33,9646.31578,-100.0,-0.7613172698648893,0
-5.699308,33,9646.870246,-100.0,-0.6694053646902215,0
-6.047775,36,9647.490278,-100.0,-0.8755032163958621,0
-5.281572,33,9648.05547,-100.0,-0.8334006684426125,0
-5.686757,32,9648.605134,-100.0,-0.7723750721577974,0
-5.385381,33,9649.174916,-100.0,-0.7420269203464528,0
-5.356255,33,9649.723238,-100.0,-0.7432761971499305,0
-5.446831,35,9650.326927,-100.0,-0.7546801694597224,0
-5.874558,37,9650.957862,-100.0,-0.706726720164529,0
-5.817662,34,9651.537404,-100.0,-0.6392509819165325,0
-5.648485,33,9652.093822,-100.0,-0.713323206021388,0
-5.664318,33,9652.663398,-100.0,-0.7058404306569623,0
-5.644929,33,9653.229176,-100.0,-0.6969619880154,0
-5.421643,33,9653.79439,-100.0,-0.7497315116382227,0
-5.424799,32,9654.347401,-100.0,-0.8864968525627688,0
-5.740167,33,9654.896694,-100.0,-0.6677700782585543,0
-5.969185,33,9655.460486,-100.0,-0.7533657514297011,0
-5.338896,32,9656.001683,-100.0,-0.8154270448789714,0
-5.62401,36,9656.629459,-100.0,-0.7198757646157952,0
-5.4709,32,9657.161531,-100.0,-0.800860781639417,0
-5.310422,33,9657.722499,-100.0,-0.8558607060904397,0
-5.596844,42,9658.441643,-100.0,-0.8029913267880475,0
-5.269634,33,9659.002301,-100.0,-0.7040714515473327,0
-5.667556,33,9773.782236,-100.0,-0.7520908809053816,0
-5.636548,38,9774.419181,-100.0,-0.7818162910449805,0
-5.500845,33,9774.985608,-100.0,-0.7085260387819845,0
-5.857124,33,9775.549941,-100.0,-0.7293582774667301,0
-5.333569,32,9776.105707,-100.0,-0.8947406064186628,0
-5.48007,33,9776.678608,-100.0,-0.76389869979596,0
-5.328227,39,9777.331183,-100.0,-0.8258878655184563,0
-5.845027,34,9777.920365,-100.0,-0.7044119051157522,0
-5.418506,33,9778.48551,-100.0,-0.7806222802729855,0
-5.78713,34,9779.066683,-100.0,-0.6202339360100514,0
-5.643672,34,9779.64612,-100.0,-0.6938106402039059,0
-5.325822,34,9780.23716,-100.0,-0.7938061562634438,0
-5.391692,32,9780.77284,-100.0,-0.8652931289084839,0
-5.926114,34,9781.354994,-100.0,-0.6825149632806129,0
-6.017815,35,9781.9617,-100.0,-0.7016308007474676,0
-5.810876,35,9782.554468,-100.0,-0.6469926774465732,0
-5.873097,34,9783.134672,-100.0,-0.6534057290115977,0
-5.323048,33,9783.705443,-100.0,-0.8044365580658351,0
-5.754902,35,9784.296294,-100.0,-0.6510875876621909,0
-5.631795,33,9784.853992,-100.0,-0.7838502369259076,0
-5.584436,33,9785.430194,-100.0,-0.6950571374097385,0
-5.692334,33,9785.990055,-100.0,-0.6303266926864175,0
-5.600138,32,9786.543734,-100.0,-0.6720755188893898,0
-5.263679,33,9787.107084,-100.0,-0.7782554949200583,0
-5.692784,33,9787.67886,-100.0,-0.7062279708409295,0
-5.376139,33,9788.251984,-100.0,-0.7290232149765894,0
-5.463705,33,9788.81201,-100.0,-0.7324535638091497,0
-5.85558,33,9789.378347,-100.0,-0.6787176821742975,0
-5.830171,34,9789.951177,-100.0,-0.6602477534770501,0
-5.639537,33,9790.524362,-100.0,-0.7052266243522708,0
-5.655043,34,9791.097549,-100.0,-0.7538262156307143,0
-5.353994,33,9791.670659,-100.0,-0.7771870133596595,0
-5.365458,33,9792.226476,-100.0,-0.54689919746085,0
-5.544235,33,9792.791869,-100.0,-0.7596131268459995,0
-5.56651,37,9793.434414,-100.0,-0.767432492276848,0
-5.792641,33,9793.995464,-100.0,-0.6771890101978084,0
-5.446328,33,9794.565027,-100.0,-0.7498133670675564,0
-5.99016,35,9795.152137,-100.0,-0.6719565299886908,0
-5.619947,33,9795.729921,-100.0,-0.7039842585914043,0
-5.729742,33,9796.292555,-100.0,-0.7700290350148183,0
-5.803891,34,9796.876229,-100.0,-0.6887198161221035,0
-5.516723,33,9797.434759,-100.0,-0.8047426357647124,0
-5.776225,33,9798.006087,-100.0,-0.7189524315595284,0
-5.319899,32,9798.545216,-100.0,-0.8651371132497528,0
-5.627686,34,9799.131367,-100.0,-0.7048048803538904,0
-6.067408,35,9799.729319,-100.0,-0.6326898200502565,0
-5.940065,38,9800.374893,-100.0,-0.6508945112491012,0
-5.841504,34,9800.950601,-100.0,-0.6606729373528507,0
-5.804661,33,9801.514978,-100.0,-0.6638108212321503,0
-5.472599,33,9802.085492,-100.0,-0.7689972263553942,0
-5.671607,35,9802.689223,-100.0,-0.7157674962152281,0
-5.352334,35,9803.287073,-100.0,-0.9167532243743997,0
-5.631031,34,9803.874739,-100.0,-0.7131135360411731,0
-5.50295,33,9804.434887,-100.0,-0.7350568275229584,0
-5.254702,32,9804.993001,-100.0,-0.7937036822165903,0
-5.360392,34,9805.568236,-100.0,-0.7614661708857939,0
-5.982684,34,9806.153271,-100.0,-0.639200745689053,0
-5.723771,43,9806.871593,-100.0,-0.743932704628198,0
-5.765027,36,9807.489723,-100.0,-0.709396264636533,0
-5.771022,34,9808.075362,-100.0,-0.6528606422837494,0
-6.000243,35,9924.884595,-100.0,-0.5987430328925335,0
-5.562835,32,9925.433866,-100.0,-0.7954491900149048,0
-5.965793,33,9926.008344,-100.0,-0.7011490323952642,0
-5.569174,33,9926.560309,-100.0,-0.7396973849218842,0
-5.388176,32,9927.103092,-100.0,-0.7656026811667528,0
-5.258968,33,9927.670918,-100.0,-0.7805537981015356,0
-5.420934,33,9928.24589,-100.0,-0.8030956743370344,0
-5.247544,32,9928.797984,-100.0,-0.7834911120210406,0
-6.418435,35,9929.397357,-100.0,-0.6369400239361321,0
-5.513034,33,9929.961887,-100.0,-0.7523994890797924,0
-5.842264,34,9930.548263,-100.0,-0.6473631275640537,0
-5.474781,32,9931.097599,-100.0,-0.8280657291589558,0
-5.926077,34,9931.683394,-100.0,-0.6415294832066565,0
-5.645194,34,9932.275364,-100.0,-0.7115321100184409,0
-5.356323,32,9932.809572,-100.0,-0.8285595188069982,0
-5.806946,34,9933.395527,-100.0,-0.6953337715228525,0
-5.860567,34,9933.979407,-100.0,-0.6783601516225234,0
-5.35654,33,9934.552784,-100.0,-0.7549515503375583,0
-5.662844,34,9935.12735,-100.0,-0.7077834704933129,0
-5.819381,33,9935.701582,-100.0,-0.6731853853361873,0
-5.413908,33,9936.260346,-100.0,-0.694282886054977,0
-5.525685,32,9936.8157,-100.0,-0.7159040162469449,0
-5.315077,33,9937.377801,-100.0,-0.7813613796376971,0
-5.356284,33,9937.941537,-100.0,-0.7534504183829563,0
-5.401893,33,9938.496601,-100.0,-0.8206180832017621,0
-5.77437,35,9939.101387,-100.0,-0.6775230669188527,0
-5.408482,33,9939.661415,-100.0,-0.7583622404916056,0
-5.838231,33,9940.229154,-100.0,-0.6304381713275591,0
-5.739265,33,9940.803467,-100.0,-0.672717139027174,0
-5.346118,32,9941.350935,-100.0,-0.8539592159691431,0
-5.385471,32,9941.894765,-100.0,-0.8461340838799987,0
-5.79658,32,9942.443481,-100.0,-0.6219524219494822,0
-5.276777,32,9942.98967,-100.0,-0.8503383651971126,0
-5.748964,34,9943.575003,-100.0,-0.686580139622416,0
-5.362575,33,9944.142467,-100.0,-0.7807391335714396,0
-5.785064,34,9944.926192,-100.0,-0.6749226782818791,0
-6.148859,38,9945.569183,-100.0,-0.6507447187016571,0
-5.389735,33,9946.139891,-100.0,-0.8206177267583663,0
-5.931624,35,9946.73901,-100.0,-0.7365734115824007,0
-5.257481,32,9947.280221,-100.0,-0.8312404007661015,0
-5.352768,32,9947.834761,-100.0,-0.8432482452166639,0
-5.449784,34,9948.412338,-100.0,-0.7488210450074979,0
-5.560121,33,9948.976256,-100.0,-0.7339591545899229,0
-5.524643,34,9949.563244,-100.0,-0.7387716587442429,0
-5.33303,33,9950.131852,-100.0,-0.7687847461388472,0
-5.166568,33,9950.703014,-100.0,-0.8607434994514819,0
-5.254731,33,9951.26248,-100.0,-0.8476231022053567,0
-5.410268,33,9951.831498,-100.0,-0.7933735622784124,0
-5.538043,34,9952.415996,-100.0,-0.7617243681971596,0
-5.729905,34,9953.004881,-100.0,-0.7033917175736993,0
-5.356104,33,9953.5714,-100.0,-0.8089993386419684,0
-5.612524,34,9954.151597,-100.0,-0.7693387222875503,0
-5.530716,33,9954.715359,-100.0,-0.7217885365591064,0
-5.789444,34,9955.299089,-100.0,-0.7566095240628592,0
-5.406116,37,9955.917669,-100.0,-0.8445524152483485,0
-5.566309,38,9956.555,-100.0,-0.7046064271050756,0
-5.401075,34,9957.143916,-100.0,-0.7782749184800529,0
-5.354348,33,9957.711132,-100.0,-0.8067647938390032,0
-5.225891,32,9958.264915,-100.0,-0.8533857764552284,0
-5.718351,34,9958.84191,-100.0,-0.595649555592952,0
-5.77418,40,9959.538965,-100.0,-0.7512386673851081,0
-5.394886,33,10078.111932,-100.0,-0.7565555934380922,0
-5.413023,32,10078.656916,-100.0,-0.7151743507514837,0
-6.021635,34,10079.240577,-100.0,-0.6598878026347965,0
-5.559006,34,10079.803394,-100.0,-0.6634419743884843,0
-5.321691,32,10080.352633,-100.0,-0.7407936883068906,0
-6.034305,35,10080.953348,-100.0,-0.614856238664297,0
-5.488757,33,10081.520659,-100.0,-0.7699543459748421,0
-5.614868,34,10082.089519,-100.0,-0.6322863242421141,0
-5.969835,36,10082.714898,-100.0,-0.6598171829060899,0
-5.764225,34,10083.287242,-100.0,-0.6524884743725654,0
-5.327606,33,10083.855805,-100.0,-0.8077455406426909,0
-5.431924,34,10084.438547,-100.0,-0.7592977896067026,0
-5.257388,32,10084.97915,-100.0,-0.7698747729761346,0
-5.498882,33,10085.545609,-100.0,-0.7618784281626773,0
-5.677063,34,10086.129155,-100.0,-0.7456564316755926,0
-5.655476,34,10086.702776,-100.0,-0.7464920139507419,0
-5.69887,34,10087.280932,-100.0,-0.691841311058708,0
-5.722824,35,10087.887532,-100.0,-0.873482838523182,0
-5.733034,33,10088.44111,-100.0,-0.6408563694568367,0
-5.752671,33,10089.007255,-100.0,-0.726583729378161,0
-5.422153,33,10089.570409,-100.0,-0.7019401861057069,0
-6.043112,36,10090.189061,-100.0,-0.650803291356098,0
-5.483009,33,10090.752877,-100.0,-0.7217531384636362,0
-5.771394,34,10091.335716,-100.0,-0.7019685666916814,0
-5.795154,33,10091.887938,-100.0,-0.6943038923685786,0
-5.657463,34,10092.467428,-100.0,-0.647779487389041,0
-5.665077,34,10093.057507,-100.0,-0.6130215392623063,0
-5.562756,33,10093.604236,-100.0,-0.6314625925152604,0
-5.263411,34,10094.191339,-100.0,-0.8240415853375574,0
-5.331103,33,10094.744828,-100.0,-0.8146426605723432,0
-5.997599,34,10095.320612,-100.0,-0.6422148196694177,0
-5.378119,34,10095.90927,-100.0,-0.7591124087842872,0
-5.587702,33,10096.48006,-100.0,-0.7120228865773538,0
-5.568671,33,10097.035368,-100.0,-0.7270574126848017,0
-5.784226,34,10097.608027,-100.0,-0.7240666910059923,0
-5.55946,32,10098.148992,-100.0,-0.8137908261062158,0
-5.484451,33,10098.707732,-100.0,-0.6992425408636939,0
-5.99783,34,10099.282789,-100.0,-0.6971076346980878,0
-5.474898,33,10099.851579,-100.0,-0.7654435282481262,0
-5.314197,33,10100.408449,-100.0,-0.8012752748954604,0
-5.836772,34,10100.991787,-100.0,-0.6690258312665902,0
-5.204865,33,10101.556759,-100.0,-0.8136143913320544,0
-6.054835,34,10102.138794,-100.0,-0.6510968614759366,0
-5.554779,35,10102.734609,-100.0,-0.6920385157536254,0
-5.484169,43,10103.4926,-100.0,-0.957239734828566,0
-5.696214,33,10104.063262,-100.0,-0.7085151102710348,0
-5.184286,33,10104.616014,-100.0,-0.7707603821675033,0
-5.448885,33,10105.175236,-100.0,-0.7693085275912409,0
-5.376769,34,10105.746754,-100.0,-0.7714783209444305,0
-5.991199,35,10106.3419,-100.0,-0.6831336229771771,0
-5.349972,33,10106.901055,-100.0,-0.7141779578338358,0
-5.321013,33,10107.473662,-100.0,-0.7925399007441002,0
-5.870182,39,10108.146894,-100.0,-0.707290397190105,0
-5.607348,39,10108.80491,-100.0,-0.851451781516,0
-5.53814,35,10109.40567,-100.0,-0.7437333212473033,0
-5.469161,33,10109.965442,-100.0,-0.8139094060127456,0
-5.459918,33,10110.528748,-100.0,-0.7182565182654378,0
-5.483109,32,10111.079962,-100.0,-0.7964236382188271,0
-5.704327,33,10111.650109,-100.0,-0.6557478947079859,0
-6.064066,36,10112.257145,-100.0,-0.7589473808961079,0
-5.522254,33,10112.81868,-100.0,-0.7599787084453209,0
-5.364256,33,10215.514969,-100.0,-0.7375258468461628,0
-5.594526,33,10216.081655,-100.0,-0.7314123183630611,0
-5.241432,32,10216.623001,-100.0,-0.8912820148532115,0
-5.976438,34,10217.210853,-100.0,-0.7094095661903773,0
-5.782449,34,10217.790814,-100.0,-0.6445877357153829,0
-5.492277,33,10218.352387,-100.0,-0.7354112641087772,0
-5.460153,38,10218.990326,-100.0,-0.7813035821422154,0
-5.774035,33,10219.561783,-100.0,-0.7004932129448571,0
-5.932238,35,10220.152462,-100.0,-0.6866614016651951,0
-5.605136,34,10220.731563,-100.0,-0.6600131410034733,0
-5.324594,37,10221.347865,-100.0,-0.7863313691245942,0
-5.777201,34,10221.940195,-100.0,-0.6636475494670467,0
-5.744941,33,10222.503445,-100.0,-0.6629503536871111,0
-5.277616,32,10223.0574,-100.0,-0.8010254347658511,0
-5.684921,36,10223.67794,-100.0,-0.6452198453362257,0
-6.027131,42,10224.396005,-100.0,-0.6934386491425026,0
-5.83799,44,10225.149942,-100.0,-0.7156610931003408,0
-5.562814,33,10225.708347,-100.0,-0.6558785771824169,0
-5.55322,34,10226.286707,-100.0,-0.6913148704526639,0
-5.408808,33,10226.830977,-100.0,-0.7930720492385812,0
-5.77767,33,10227.398769,-100.0,-0.6802303798943133,0
-5.676861,33,10227.961317,-100.0,-0.698863174935931,0
-5.54935,34,10228.534894,-100.0,-0.7038958808556639,0
-5.348502,33,10229.10141,-100.0,-0.7892631257060453,0
-5.431048,34,10229.682887,-100.0,-0.7678810652299785,0
-5.606614,33,10230.25344,-100.0,-0.6976825710768644,0
-5.308603,33,10230.81205,-100.0,-0.8530003177766932,0
-5.669956,33,10231.380832,-100.0,-0.7210531447505037,0
-5.581241,34,10231.94789,-100.0,-0.7163579183179956,0
-5.433704,33,10232.515257,-100.0,-0.8310025036853005,0
-5.24352,34,10233.102659,-100.0,-0.7766121992337306,0
-5.257634,34,10233.686161,-100.0,-0.8246958731532944,0
-5.780323,34,10234.260167,-100.0,-0.64376384454224,0
-5.876523,39,10234.923346,-100.0,-0.6363906929858973,0
-5.278674,33,10235.494832,-100.0,-0.7969193537274083,0
-5.560527,33,10236.051489,-100.0,-0.7423951553306427,0
-5.70474,38,10236.695641,-100.0,-0.7461040702375129,0
-5.507482,33,10237.268596,-100.0,-0.7428798718091476,0
-5.657482,33,10237.837797,-100.0,-0.7109467440436962,0
-5.416939,34,10238.41975,-100.0,-0.7756063791179244,0
-5.589749,33,10238.985105,-100.0,-0.6569978417846158,0
-5.431104,33,10239.556021,-100.0,-0.7316808775955729,0
-5.832139,33,10240.120414,-100.0,-0.7088825811042895,0
-5.9442,33,10240.676529,-100.0,-0.6486033114306164,0
-5.613103,33,10241.247353,-100.0,-0.641059031677382,0
-5.145609,33,10241.804079,-100.0,-0.8110607662915801,0
-5.578317,38,10242.442424,-100.0,-0.7391789796697381,0
-5.580332,33,10243.009836,-100.0,-0.8352446857946991,0
-5.202105,33,10243.575763,-100.0,-0.788166078311224,0
-5.477206,33,10244.138879,-100.0,-0.6844527549629187,0
-5.280688,33,10244.699363,-100.0,-0.8277032526337447,0
-5.334711,34,10245.275118,-100.0,-0.7924883533158926,0
-5.656087,34,10245.862868,-100.0,-0.6433779651340905,0
-5.471848,32,10246.409928,-100.0,-0.792822791940913,0
-5.812022,34,10246.998195,-100.0,-0.7325461598335239,0
-5.449798,39,10247.649552,-100.0,-0.7995585396063463,0
-5.579044,33,10248.225739,-100.0,-0.7569450187915086,0
-5.597917,34,10248.805155,-100.0,-0.7419415697443372,0
-5.309253,33,10249.364099,-100.0,-0.7891655207948193,0
-5.976589,36,10352.011809,-100.0,-0.7147918809386026,0
-5.907722,34,10352.597816,-100.0,-0.6118443915934829,0
-5.526021,32,10353.155933,-100.0,-0.7852131612046578,0
-5.749082,34,10353.725186,-100.0,-0.6973677504101317,0
-5.335487,33,10354.290224,-100.0,-0.7885966854196956,0
-5.539557,33,10354.84809,-100.0,-0.6763634316154291,0
-5.799347,33,10355.406915,-100.0,-0.6574473222457331,0
-5.557329,33,10355.962593,-100.0,-0.7695731499911035,0
-5.511888,35,10356.570391,-100.0,-0.7097422746318944,0
-5.721052,35,10357.163258,-100.0,-0.6883179010017594,0
-5.510353,33,10357.733277,-100.0,-0.7685064367756678,0
-5.174971,33,10358.295762,-100.0,-0.788343301474053,0
-5.647167,34,10358.878292,-100.0,-0.6194025683821848,0
-5.596343,34,10359.454201,-100.0,-0.71210788492803,0
-5.500325,33,10360.020427,-100.0,-0.7035573280572726,0
-5.421882,33,10360.585463,-100.0,-0.6953623263028007,0
-5.423874,33,10361.13725,-100.0,-0.8448560112131541,0
-5.194221,32,10361.681833,-100.0,-0.8507532379063759,0
-5.3508,34,10362.252006,-100.0,-0.7958399638105718,0
-5.804555,36,10362.873213,-100.0,-0.6562368639467225,0
-5.430086,34,10363.443895,-100.0,-0.7941889281541595,0
-5.778533,33,10363.99981,-100.0,-0.7276440575049865,0
-5.506365,33,10364.562644,-100.0,-0.7048384829554539,0
-5.902857,35,10365.160069,-100.0,-0.643081994390513,0
-5.459139,33,10365.726825,-100.0,-0.7495414102825415,0
-5.909541,34,10366.307041,-100.0,-0.7105173614748662,0
-5.166371,32,10367.063941,-100.0,-0.8315323702853793,0
-5.688329,34,10367.651986,-100.0,-0.6830489556936519,0
-5.624721,33,10368.216104,-100.0,-0.7154180038487824,0
-5.584474,35,10368.81372,-100.0,-0.8451259933609613,0
-5.263668,34,10369.400787,-100.0,-0.8251304299460829,0
-5.27207,33,10369.970115,-100.0,-0.8511241563117744,0
-5.282715,32,10370.526935,-100.0,-0.8387210860350417,0
-5.570101,34,10371.094639,-100.0,-0.7222139961603073,0
-5.234697,32,10371.645782,-100.0,-0.8556751899036888,0
-5.542155,33,10372.210332,-100.0,-0.7518647508755048,0
-5.664289,33,10372.762507,-100.0,-0.6764987210158878,0
-5.210591,32,10373.296804,-100.0,-0.8191648785717518,0
-5.834103,37,10373.939147,-100.0,-0.6935066704351928,0
-5.88639,38,10374.580287,-100.0,-0.642297995738585,0
-5.212507,36,10375.183539,-100.0,-0.8531605172654171,0
-5.760976,33,10375.752941,-100.0,-0.700773708375796,0
-5.627508,36,10376.357806,-100.0,-0.7784036582681574,0
-5.870273,35,10376.953089,-100.0,-0.68374924253006,0
-5.508257,33,10377.519957,-100.0,-0.7540080493201162,0
-5.205504,32,10378.070785,-100.0,-0.8265092775736209,0
-5.692374,33,10378.642755,-100.0,-0.6533767233277196,0
-5.760219,35,10379.241775,-100.0,-0.694978255497997,0
-5.561826,33,10379.801563,-100.0,-0.7454269440919671,0
-5.423894,33,10380.367455,-100.0,-0.7623022792188278,0
-5.736784,34,10380.941665,-100.0,-0.6669053765532759,0
-5.360182,39,10381.597294,-100.0,-0.8314198239359785,0
-5.394608,32,10382.145063,-100.0,-0.8403687538507669,0
-5.761762,33,10382.712914,-100.0,-0.7081623477234,0
-5.498143,33,10383.274023,-100.0,-0.6924552710837939,0
-5.557573,32,10383.822956,-100.0,-0.781584976999449,0
-5.765115,33,10384.387099,-100.0,-0.7147170140170598,0
-5.917198,43,10385.101565,-100.0,-0.6608981753143257,0
-5.360685,33,10385.662147,-100.0,-0.7761326561797752,0
-5.214263,32,10386.213717,-100.0,-0.8458905366301767,0
-5.602278,33,10386.786813,-100.0,-0.7505893681792812,0
-5.519123,32,10508.448589,-100.0,-0.882493060056413,0
-5.46264,34,10509.02039,-100.0,-0.7699072632915974,0
-5.601984,33,10509.585162,-100.0,-0.7347029752818894,0
-5.37521,34,10510.161179,-100.0,-0.7366439662184678,0
-5.488192,33,10510.72145,-100.0,-0.723153464592428,0
-5.45218,33,10511.282618,-100.0,-0.7044376056330671,0
-5.914392,34,10511.866369,-100.0,-0.711461745860859,0
-5.724285,35,10512.466955,-100.0,-0.7428618177838668,0
-5.529771,31,10513.011435,-100.0,-0.7504006577371196,0
-5.670086,34,10513.594305,-100.0,-0.7293914391745497,0
-5.7971,34,10514.173037,-100.0,-0.6568674886150114,0
-5.243412,33,10514.74313,-100.0,-0.8355362081783965,0
-5.544763,33,10515.307287,-100.0,-0.7292726603293184,0
-5.884905,37,10515.934929,-100.0,-0.7073674884527037,0
-5.567159,33,10516.499818,-100.0,-0.7109528271810222,0
-5.449155,33,10517.069081,-100.0,-0.6649654666683344,0
-5.191871,33,10517.638093,-100.0,-0.7891978749857184,0
-5.904767,34,10518.215917,-100.0,-0.695566618175407,0
-5.348197,32,10518.763384,-100.0,-0.8019457277126699,0
-5.639829,33,10519.32938,-100.0,-0.7590282924556433,0
-5.420966,34,10519.91277,-100.0,-0.8623001083196646,0
-5.143138,32,10520.455017,-100.0,-0.8171970038006763,0
-5.288547,34,10521.035154,-100.0,-0.8766891529785231,0
-5.232364,33,10521.599161,-100.0,-0.839669169674214,0
-5.651904,32,10522.142059,-100.0,-0.7162737824141806,0
-5.246113,32,10522.70214,-100.0,-0.8467232735941965,0
-5.653592,39,10523.360447,-100.0,-0.7082185839345032,0
-5.381683,33,10523.928442,-100.0,-0.7597961385598866,0
-5.533919,32,10524.464783,-100.0,-0.7621409296565049,0
-5.303801,33,10525.032064,-100.0,-0.7983343634095776,0
-5.54475,40,10525.7034,-100.0,-0.786178284488398,0
-5.703636,33,10526.26786,-100.0,-0.6816815393690522,0
-5.439454,34,10526.850179,-100.0,-0.7239494333582646,0
-5.400489,35,10527.448237,-100.0,-0.7730776733278624,0
-5.966434,33,10528.01579,-100.0,-0.6253057165476292,0
-5.525711,32,10528.555341,-100.0,-0.7846313240260936,0
-5.350246,32,10529.111883,-100.0,-0.7917023700044947,0
-5.776216,34,10529.687045,-100.0,-0.6969864853524106,0
-5.404342,32,10530.242381,-100.0,-0.8060237383294943,0
-5.694574,33,10530.808791,-100.0,-0.659887384492757,0
-5.512864,33,10531.380232,-100.0,-0.7182665791966377,0
-5.434033,33,10531.93581,-100.0,-0.7419298692814481,0
-5.892323,35,10532.549254,-100.0,-0.6985811323139277,0
-5.387074,33,10533.123147,-100.0,-0.870153126072118,0
-5.535979,33,10533.690737,-100.0,-0.74835523246459,0
-5.365092,33,10534.257715,-100.0,-0.7925856989708716,0
-5.754762,34,10534.829492,-100.0,-0.7143764204239759,0
-5.138131,32,10535.377006,-100.0,-0.85989082404451,0
-5.343112,33,10535.941469,-100.0,-0.7565754259529861,0
-5.646344,33,10536.509549,-100.0,-0.6344893907312199,0
-5.398229,32,10537.047101,-100.0,-0.827466431935323,0
-5.693944,33,10537.623291,-100.0,-0.6290084982289444,0
-5.514837,34,10538.204557,-100.0,-0.7671716335456114,0
-5.09382,32,10538.742355,-100.0,-0.8697482869311424,0
-5.754897,38,10539.397597,-100.0,-0.7911138631054866,0
-5.32807,33,10539.960212,-100.0,-0.7427487006930719,0
-5.714507,34,10540.53321,-100.0,-0.6465411436967178,0
-5.583174,33,10541.096656,-100.0,-0.6500676885062808,0
-5.599912,36,10541.706012,-100.0,-0.7204728829451752,0
-6.017352,33,10542.268256,-100.0,-0.6508712343172308,0
-5.848195,34,10542.852128,-100.0,-0.6879004858366763,0
-5.516439,37,10667.985375,-100.0,-0.7798697950454663,0
-5.602949,34,10668.563363,-100.0,-0.7563312432610355,0
-5.315246,34,10669.147477,-100.0,-0.752263948159272,0
-5.378222,32,10669.689239,-100.0,-0.83952923854502,0
-5.604555,32,10670.241653,-100.0,-0.7602746762859208,0
-5.744536,34,10670.81875,-100.0,-0.6934191470080393,0
-5.384925,35,10671.41935,-100.0,-0.8903285448442462,0
-5.167063,37,10672.039163,-100.0,-0.836455023103601,0
-5.485603,33,10672.61026,-100.0,-0.6908458740636176,0
-5.776456,35,10673.210723,-100.0,-0.6860751243902852,0
-5.263232,32,10673.758707,-100.0,-0.8355232039342726,0
-5.679763,33,10674.325825,-100.0,-0.70600385209177,0
-5.425913,33,10674.890392,-100.0,-0.8289114764644955,0
-5.492036,33,10675.459536,-100.0,-0.720134708764629,0
-5.257284,33,10676.029155,-100.0,-0.8221187483060791,0
-5.652555,36,10676.638623,-100.0,-0.6989509397152699,0
-5.431446,33,10677.198406,-100.0,-0.764876165473647,0
-5.413212,39,10677.868215,-100.0,-0.7878556263814153,0
-5.682743,33,10678.432672,-100.0,-0.7399820287329636,0
-5.354252,32,10678.980211,-100.0,-0.7984354355028741,0
-5.265872,32,10679.533131,-100.0,-0.7399336131411017,0
-5.692582,35,10680.132258,-100.0,-0.6473611984246818,0
-6.197365,38,10680.775515,-100.0,-0.7130048429014801,0
-5.215081,33,10681.335701,-100.0,-0.797880074868711,0
-5.355667,33,10681.902691,-100.0,-0.7466019146195678,0
-5.965458,33,10682.474465,-100.0,-0.7181727527923072,0
-5.789434,36,10683.083385,-100.0,-0.6901966472537951,0
-5.537576,34,10683.665356,-100.0,-0.6653645789233048,0
-5.860787,36,10684.285788,-100.0,-0.6645157703078352,0
-5.894874,33,10684.840109,-100.0,-0.6777139057494155,0
-5.573048,33,10685.409492,-100.0,-0.7127479114505653,0
-5.305489,32,10685.959539,-100.0,-0.8432902662164414,0
-5.813345,34,10686.53561,-100.0,-0.7073427887273098,0
-5.342441,34,10687.11535,-100.0,-0.7870418708884662,0
-5.405714,42,10687.847739,-100.0,-0.7409426692187442,0
-5.235258,33,10688.415946,-100.0,-0.8160521104965399,0
-5.869189,37,10689.050395,-100.0,-0.7605389897127302,0
-5.540556,36,10689.667256,-100.0,-0.7144971650799025,0
-5.261049,33,10690.231879,-100.0,-0.8484506072059979,0
-5.492488,34,10690.817152,-100.0,-0.7246595055511486,0
-5.393424,33,10691.377182,-100.0,-0.7361028160206635,0
-5.283323,34,10691.953388,-100.0,-0.805476276463378,0
-5.333294,32,10692.49206,-100.0,-0.8172453731067602,0
-5.603842,33,10693.058025,-100.0,-0.6486793940182402,0
-5.462916,33,10693.615104,-100.0,-0.8157493207746466,0
-5.765317,41,10694.319385,-100.0,-0.7104982548938672,0
-5.266675,33,10694.881309,-100.0,-0.7898502056888399,0
-5.828024,34,10695.46522,-100.0,-0.666989737519268,0
-5.138512,33,10696.035257,-100.0,-0.8280209966796774,0
-5.198834,33,10696.58864,-100.0,-0.7826379476063382,0
-5.399666,33,10697.162127,-100.0,-0.8126283983536248,0
-5.294844,34,10697.746562,-100.0,-0.7909360403766537,0
-5.402193,33,10698.310087,-100.0,-0.7962847107388619,0
-5.716413,34,10698.886639,-100.0,-0.6737649030633618,0
-5.459596,33,10699.446544,-100.0,-0.6958479909714071,0
-5.460753,32,10700.000022,-100.0,-0.8273175320745563,0
-5.578821,33,10700.558785,-100.0,-0.8048310519631964,0
-5.52546,33,10701.129269,-100.0,-0.8103719413968796,0
-5.588508,35,10701.723237,-100.0,-0.6324133052929923,0
-5.560126,33,10702.289965,-100.0,-0.7757361961147916,0
-5.231834,33,10832.515579,-100.0,-0.8229253195885506,0
-5.82639,36,10833.123685,-100.0,-0.6923312727689441,0
-5.262832,33,10833.694682,-100.0,-0.8261182008077307,0
-5.431433,35,10834.2926,-100.0,-0.7074555575336662,0
-5.761073,34,10834.875567,-100.0,-0.6716700044177268,0
-5.806043,35,10835.467402,-100.0,-0.7107028751671599,0
-5.485061,34,10836.060219,-100.0,-0.7601906570521028,0
-5.814337,33,10836.622193,-100.0,-0.6904118269609065,0
-5.425325,33,10837.194782,-100.0,-0.7942829916159518,0
-5.58037,33,10837.758349,-100.0,-0.5929346177754737,0
-5.871571,33,10838.320537,-100.0,-0.6659708214136562,0
-5.186177,34,10838.901133,-100.0,-0.8312950855898776,0
-5.424664,37,10839.513455,-100.0,-0.8459821369459938,0
-5.421259,33,10840.08198,-100.0,-0.7200332587917583,0
-5.619862,33,10840.641162,-100.0,-0.6666070425036958,0
-5.812845,33,10841.208374,-100.0,-0.6649672165117302,0
-5.278935,33,10841.766865,-100.0,-0.7863657583396904,0
-5.919169,35,10842.576843,-100.0,-0.6409215811504283,0
-5.826496,34,10843.160191,-100.0,-0.7198802218593945,0
-5.501625,33,10843.726174,-100.0,-0.7595080218271282,0
-5.351561,32,10844.271345,-100.0,-0.8127707937550538,0
-5.141987,33,10844.842824,-100.0,-0.8330696825664471,0
-5.297925,32,10845.382622,-100.0,-0.8511981105431347,0
-5.680872,34,10845.974413,-100.0,-0.6587315197640391,0
-5.686176,33,10846.535418,-100.0,-0.6923308221170686,0
-5.593519,34,10847.118007,-100.0,-0.671422227627777,0
-5.753056,35,10847.719759,-100.0,-0.6775170489304199,0
-5.808148,32,10848.266296,-100.0,-0.7715125866535893,0
-5.537004,33,10848.835772,-100.0,-0.8041606343963041,0
-5.25031,33,10849.403493,-100.0,-0.7913994125559182,0
-5.578538,33,10849.962008,-100.0,-0.7317106120479632,0
-5.470792,34,10850.549098,-100.0,-0.6572987260397755,0
-5.759569,36,10851.170336,-100.0,-0.7859429679298305,0
-5.2197,33,10851.736116,-100.0,-0.8416222577680053,0
-5.410451,33,10852.298794,-100.0,-0.7300482356285558,0
-5.58305,36,10852.920143,-100.0,-0.7317249055342312,0
-5.489671,33,10853.485404,-100.0,-0.7738049156749793,0
-5.202436,32,10854.029502,-100.0,-0.7691796686738476,0
-5.386541,33,10854.587498,-100.0,-0.8370295558357821,0
-5.290347,34,10855.179214,-100.0,-0.8098881965435628,0
-5.352609,34,10855.748315,-100.0,-0.7580697321888992,0
-5.564551,33,10856.314528,-100.0,-0.6865322998632697,0
-5.207585,38,10856.96509,-100.0,-0.8159304057443095,0
-5.18584,32,10857.512161,-100.0,-0.8536481713549776,0
-5.89653,35,10858.121054,-100.0,-0.7090457195095363,0
-5.719225,34,10858.695648,-100.0,-0.7595165581800574,0
-5.759206,36,10859.313288,-100.0,-0.6610402032640504,0
-5.554973,33,10859.872411,-100.0,-0.6834746291858529,0
-5.33703,33,10860.43704,-100.0,-0.7851693124509469,0
-5.724259,34,10861.017452,-100.0,-0.6728688831584476,0
-5.864969,33,10861.57714,-100.0,-0.7085109817668155,0
-6.000914,34,10862.150833,-100.0,-0.6480970927549629,0
-5.415855,33,10862.721989,-100.0,-0.7375370919657012,0
-5.816756,33,10863.285413,-100.0,-0.6329356912748301,0
-5.35442,32,10863.82828,-100.0,-0.8465116704046757,0
-5.393241,33,10864.391045,-100.0,-0.7804133128667146,0
-5.374802,33,10864.949317,-100.0,-0.7407387394724068,0
-5.709252,34,10865.533252,-100.0,-0.6971757889980809,0
-5.501541,33,10866.097095,-100.0,-0.7136011897593365,0
-5.860485,34,10866.675044,-100.0,-0.7101358265720892,0
-5.170964,37,10867.316295,-100.0,-0.7890830812549116,0
-5.882037,36,11001.414138,-100.0,-0.6520309421626792,0
-5.342136,37,11002.039622,-100.0,-0.7741246271026754,0
-5.343578,33,11002.600286,-100.0,-0.7531825574819201,0
-5.628149,33,11003.152149,-100.0,-0.7136884689309209,0
-5.337483,33,11003.719695,-100.0,-0.7554729325169368,0
-5.412431,33,11004.275364,-100.0,-0.7527815623234203,0
-5.237575,33,11004.842955,-100.0,-0.8060142177865559,0
-5.697797,34,11005.425936,-100.0,-0.68966961434792,0
-5.432016,33,11005.988483,-100.0,-0.8121140378690039,0
-5.3587,35,11006.57384,-100.0,-0.8152238277750579,0
-5.482662,35,11007.164884,-100.0,-0.7109994229463598,0
-5.35875,32,11007.717269,-100.0,-0.8563400144824164,0
-5.515713,33,11008.276342,-100.0,-0.677644497581235,0
-5.554565,34,11008.855829,-100.0,-0.7120892085157479,0
-5.533119,34,11009.432925,-100.0,-0.7091553578096564,0
-5.529881,34,11010.009572,-100.0,-0.7225650554023065,0
-5.380627,33,11010.572245,-100.0,-0.7582015039001057,0
-5.576367,34,11011.164998,-100.0,-0.7330593629504886,0
-5.513325,33,11011.731871,-100.0,-0.7618734174129583,0
-5.269997,33,11012.285632,-100.0,-0.7438438391319228,0
-5.499526,33,11012.849916,-100.0,-0.7433657130166197,0
-5.030642,33,11013.412465,-100.0,-0.8161453441838127,0
-5.360925,32,11013.948728,-100.0,-0.8336332043883057,0
-5.854549,35,11014.551973,-100.0,-0.8293879036529379,0
-5.293433,33,11015.104853,-100.0,-0.8431663129004914,0
-5.370007,33,11015.665731,-100.0,-0.6981034564865165,0
-5.718132,33,11016.237243,-100.0,-0.652552574551538,0
-5.262009,33,11016.792142,-100.0,-0.770084465918421,0
-5.545602,35,11017.394238,-100.0,-0.7015931911866492,0
-5.378428,33,11017.95032,-100.0,-0.7584199270007546,0
-5.427186,33,11018.517879,-100.0,-0.7558388331803488,0
-5.32068,32,11019.061916,-100.0,-0.8601418452182982,0
-5.445459,33,11019.624114,-100.0,-0.8034824781672992,0
-5.618722,38,11020.265981,-100.0,-0.6655193162358984,0
-5.894079,34,11020.856037,-100.0,-0.7306738549696166,0
-5.544416,33,11021.417043,-100.0,-0.6679455370540268,0
-5.466093,34,11022.001608,-100.0,-0.7219031475485091,0
-5.363015,33,11022.549548,-100.0,-0.7305900410715817,0
-5.604129,33,11023.115561,-100.0,-0.650942539292912,0
-5.944262,37,11023.755471,-100.0,-0.6413718694227454,0
-5.504261,32,11024.29772,-100.0,-0.7393453457065929,0
-5.191179,33,11024.858729,-100.0,-0.8369754633043344,0
-5.08357,32,11025.400893,-100.0,-0.8232319582849695,0
-5.414442,33,11025.972113,-100.0,-0.6586919644529838,0
-5.670099,33,11026.525074,-100.0,-0.69886058307504,0
-5.527364,34,11027.114128,-100.0,-0.7457371997829636,0
-5.276808,33,11027.663984,-100.0,-0.7889216797165491,0
-5.545958,34,11028.258878,-100.0,-0.776954296423329,0
-5.180563,33,11028.820781,-100.0,-0.8207709598699165,0
-5.607522,33,11029.379006,-100.0,-0.6900714602900412,0
-5.248803,33,11029.938086,-100.0,-0.8374396523813611,0
-5.553467,33,11030.509259,-100.0,-0.7071743481992799,0
-5.298151,33,11031.07252,-100.0,-0.7615414811663904,0
-5.150214,33,11031.622726,-100.0,-0.7622603314972841,0
-5.630306,34,11032.207103,-100.0,-0.683342479382683,0
-5.917085,34,11032.780585,-100.0,-0.6773892139861669,0
-5.571946,35,11033.39068,-100.0,-0.7588555324806224,0
-5.513793,33,11033.954535,-100.0,-0.7816349256962264,0
-5.658529,33,11034.517303,-100.0,-0.6519292295531987,0
-5.259364,34,11035.103594,-100.0,-0.7542385891576466,0
-4.999301,33,11035.648753,-100.0,-0.7917655086659082,0
-5.739768,33,11173.595149,-100.0,-0.6516188798552774,0
-5.320403,33,11174.158396,-100.0,-0.8203398779357348,0
-5.626403,33,11174.728924,-100.0,-0.7115893286750847,0
-5.461303,34,11175.315915,-100.0,-0.7307602802254148,0
-5.668634,34,11175.90661,-100.0,-0.7014084282947043,0
-5.336138,33,11176.469322,-100.0,-0.8380790547656821,0
-5.250958,35,11177.087161,-100.0,-0.7388715976870915,0
-6.007456,36,11177.720842,-100.0,-0.7033252888701655,0
-5.41649,33,11178.282985,-100.0,-0.780664466782663,0
-5.452762,33,11178.863121,-100.0,-0.7318124027201797,0
-5.606317,34,11179.447027,-100.0,-0.7147563285588868,0
-5.666248,33,11180.020412,-100.0,-0.6503231552379093,0
-5.364141,33,11180.586932,-100.0,-0.7807916358687144,0
-5.723342,34,11181.168871,-100.0,-0.746617586502125,0
-5.768351,35,11181.771146,-100.0,-0.6447704419481485,0
-5.419662,33,11182.341863,-100.0,-0.7782757438869783,0
-5.229025,32,11182.894456,-100.0,-0.8247146005253754,0
-5.380858,33,11183.464986,-100.0,-0.776368315618666,0
-5.253286,32,11184.009252,-100.0,-0.855803509992321,0
-5.254404,32,11184.567569,-100.0,-0.7877514448706957,0
-5.570269,38,11185.223823,-100.0,-0.7705555062976264,0
-5.923428,34,11185.811587,-100.0,-0.7230901930597695,0
-5.425768,33,11186.380798,-100.0,-0.7744897744628275,0
-5.498102,33,11186.948431,-100.0,-0.7881804692504337,0
-5.362745,34,11187.542341,-100.0,-0.7110945028385706,0
-5.284748,33,11188.103669,-100.0,-0.8011256120026734,0
-5.351835,34,11188.685508,-100.0,-0.7446184775969666,0
-5.619033,33,11189.254887,-100.0,-0.664259309386906,0
-5.838935,34,11189.834515,-100.0,-0.6573517869260993,0
-5.686333,32,11190.385981,-100.0,-0.6717341759853582,0
-5.850136,34,11190.965331,-100.0,-0.6448564351618614,0
-5.51405,34,11191.548419,-100.0,-0.6051441476978984,0
-5.310007,33,11192.105086,-100.0,-0.7780509160640104,0
-5.704991,33,11192.673505,-100.0,-0.6927641558092932,0
-5.893315,34,11193.252102,-100.0,-0.6831778588490649,0
-5.543954,33,11193.825672,-100.0,-0.6844674108129022,0
-5.570964,33,11194.38648,-100.0,-0.7346486802361584,0
-5.381516,32,11194.936047,-100.0,-0.833587260316588,0
-5.594432,33,11195.494588,-100.0,-0.7885690705635661,0
-5.224382,33,11196.057139,-100.0,-0.700524106177057,0
-5.786598,34,11196.63991,-100.0,-0.6564867574953628,0
-5.785191,33,11197.207807,-100.0,-0.6923216498454771,0
-5.464956,32,11197.760067,-100.0,-0.8080831786630217,0
-5.672802,33,11198.323294,-100.0,-0.6638452382977519,0
-5.50617,33,11198.881085,-100.0,-0.741991690530752,0
-5.52684,33,11199.452147,-100.0,-0.7654811637293296,0
-5.68968,33,11200.013422,-100.0,-0.7151944784889671,0
-5.106655,32,11200.569106,-100.0,-0.8766037139434087,0
-5.47109,33,11201.123571,-100.0,-0.6531808102866524,0
-5.531277,32,11201.659265,-100.0,-0.6919642882603161,0
-5.494132,34,11202.239495,-100.0,-0.7212420801021748,0
-5.245581,33,11202.801452,-100.0,-0.7343202402657896,0
-5.672106,33,11203.368428,-100.0,-0.7048269292740958,0
-5.262106,35,11203.980121,-100.0,-0.9106198968679082,0
-5.688297,33,11204.543,-100.0,-0.7379607486925384,0
-5.638574,35,11205.144557,-100.0,-0.6486242915187549,0
-5.355558,34,11205.716288,-100.0,-0.7215698560130723,0
-5.280815,32,11206.254188,-100.0,-0.8443613211006743,0
-5.501138,33,11206.819169,-100.0,-0.7316762899676781,0
-5.622225,33,11207.38406,-100.0,-0.6956477163308179,0
-5.36158,33,11207.947836,-100.0,-0.8369826166277725,0
-5.808912,33,11208.507632,-100.0,-0.6443693375478887,0
-5.529073,33,11344.232423,-100.0,-0.7602668903285509,0
-5.358288,32,11344.776965,-100.0,-0.8676631810983202,0
-5.836611,38,11345.423904,-100.0,-0.6417393924322988,0
-5.596429,33,11345.996984,-100.0,-0.7437970068809994,0
-5.27305,32,11346.538047,-100.0,-0.7810275936847404,0
-5.426709,33,11347.106297,-100.0,-0.7467187249979276,0
-5.292176,33,11347.665422,-100.0,-0.7723109215765186,0
-5.512181,34,11348.449445,-100.0,-0.792006730366883,0
-5.350497,33,11349.016801,-100.0,-0.7504804443802244,0
-5.549978,33,11349.572716,-100.0,-0.6333802519216746,0
-5.161159,32,11350.117952,-100.0,-0.7815416457981166,0
-5.565629,33,11350.6784,-100.0,-0.7136096019292184,0
-5.656129,33,11351.241631,-100.0,-0.6441149465790384,0
-5.646331,33,11351.803017,-100.0,-0.6390331218866984,0
-5.666204,33,11352.368521,-100.0,-0.6332221913567043,0
-5.522285,34,11352.944435,-100.0,-0.7450763458538121,0
-5.415893,33,11353.50357,-100.0,-0.7443372125370665,0
-5.609795,33,11354.069039,-100.0,-0.6879383468302737,0
-5.581201,34,11354.649351,-100.0,-0.6782629558837253,0
-5.379289,33,11355.218744,-100.0,-0.7361405585496783,0
-5.564992,34,11355.795278,-100.0,-0.6574830889664919,0
-5.712452,36,11356.410368,-100.0,-0.7068867537313912,0
-5.205321,36,11357.032374,-100.0,-0.8402758871969059,0
-5.826859,34,11357.6134,-100.0,-0.6548147821058057,0
-5.733507,33,11358.172454,-100.0,-0.7142771407360731,0
-5.468533,33,11358.73633,-100.0,-0.7423916178070336,0
-5.491691,34,11359.309371,-100.0,-0.6830479294272563,0
-5.428291,33,11359.872986,-100.0,-0.7250510474296468,0
-5.423944,32,11360.412377,-100.0,-0.8028464526198102,0
-5.36218,34,11361.00014,-100.0,-0.7704196769768057,0
-5.401952,33,11361.559434,-100.0,-0.7452354779380305,0
-5.711797,35,11362.155364,-100.0,-0.6904022761601769,0
-5.433309,35,11362.751002,-100.0,-0.8878365547735887,0
-5.148778,33,11363.308102,-100.0,-0.8080452703323572,0
-5.572121,33,11363.879142,-100.0,-0.6465576834309852,0
-5.627917,33,11364.43909,-100.0,-0.7403820565814251,0
-5.092449,32,11364.991156,-100.0,-0.8689250376473339,0
-5.967653,35,11365.579873,-100.0,-0.6639081828741326,0
-5.554286,33,11366.147681,-100.0,-0.6748839453882286,0
-5.478236,34,11366.715795,-100.0,-0.6830497751981194,0
-5.286492,33,11367.289001,-100.0,-0.7836520023934882,0
-5.411177,32,11367.82167,-100.0,-0.8026696281259051,0
-5.126797,33,11368.386868,-100.0,-0.8089003264157438,0
-5.346337,32,11368.934988,-100.0,-0.7805699138082993,0
-5.195853,32,11369.469588,-100.0,-0.7771040944560768,0
-5.393828,33,11370.03792,-100.0,-0.7757906469908649,0
-5.595118,34,11370.615103,-100.0,-0.643176953581994,0
-5.551971,33,11371.18137,-100.0,-0.7029148756630181,0
-5.433675,33,11371.739489,-100.0,-0.7797731734847404,0
-5.918424,33,11372.296751,-100.0,-0.69896225951316,0
-5.707292,33,11372.8568,-100.0,-0.6047526724538991,0
-5.460246,32,11373.400487,-100.0,-0.7284024475809527,0
-5.776974,33,11373.953671,-100.0,-0.6632673972633032,0
-5.444489,34,11374.540477,-100.0,-0.7136817444916823,0
-5.355187,33,11375.105138,-100.0,-0.7807137677352386,0
-5.345892,34,11375.682815,-100.0,-0.7311551438722871,0
-5.218511,33,11376.248889,-100.0,-0.8108054732527982,0
-5.365675,33,11376.81325,-100.0,-0.7610008237469363,0
-5.394614,33,11377.370581,-100.0,-0.783414777744566,0
-5.589946,33,11377.933375,-100.0,-0.7437453566843452,0
-5.230444,32,11378.462792,-100.0,-0.8208126089494046,0
