#{"t_start": 1782853650.134844, "env_id": "BipedalWalker-v3"}
r,l,t,original_env_reward,generated_reward,reward_error_count
-28.861256,68,3.006295,-100.0,-1.0260060263378952,0
-22.51026,69,3.983179,-100.0,-1.0860507160718516,0
-103.395135,129,5.780421,-100.0,-3.0280585524597767,0
-487.771919,1600,27.608585,-0.09487258911132812,-0.35281827819959943,0
-103.949647,87,28.824043,-100.0,-3.2033695243381106,0
-396.714077,1600,193.457461,0.0594492185910531,-0.10702454822246907,0
-33.460943,95,194.889977,-100.0,-1.0305299176730884,0
-412.730535,1600,340.900831,-0.043517926772437876,-0.22426577975317383,0
-339.518292,1600,483.000945,-0.014799951136112214,-0.08677709303902453,0
-231.974207,1600,624.019967,-0.07711938369274139,-0.1667220915434905,0
-42.377332,54,624.759287,-100.0,-1.3412410149587322,0
-25.195227,62,625.618757,-100.0,-1.149025921191923,0
-223.576711,1600,647.846901,-0.08047498611608905,-0.1115163662365353,0
-28.482189,72,648.838258,-100.0,-0.884775854677757,0
-185.160299,1600,792.084499,-0.18275080869595328,-0.1888473991084617,0
-27.574646,65,793.078783,-100.0,-1.3189458472690643,0
-14.95687,48,793.805341,-100.0,-1.0535758338397478,0
-251.823691,1600,934.049083,-0.03604684247573454,-0.14295898363565077,0
-33.805466,109,935.58211,-100.0,-0.8269809723535416,0
-17.736255,85,936.75998,-100.0,-0.6450569310818668,0
-247.719076,1600,1079.598279,-0.07746476050218183,-0.1680386034318608,0
-167.29805,1600,1219.437772,0.00603234672421973,-0.04685739774790787,0
-24.48664,86,1220.636349,-100.0,-0.8048284718354006,0
-156.484716,1600,1360.141583,-0.03607950021823129,-0.08603775361818679,0
-27.440388,125,1361.917549,-100.0,-0.3891193482489765,0
-152.946414,1600,1384.524758,0.0920731116061433,-0.019889283435569734,0
-13.450385,68,1385.480556,-100.0,-0.7573222627297407,0
-9.503795,65,1502.782385,-100.0,-0.6838415563685367,0
-145.614191,1600,1525.358879,0.07133332163344301,-0.018118606470178534,0
-15.098542,79,1526.469689,-100.0,-0.7806773049828796,0
-25.702206,114,1528.089509,-100.0,-0.5499991792869672,0
-76.105947,108,1529.592732,-100.0,-1.64084111521929,0
-148.053912,1600,1672.005715,-0.0245897104044779,-0.15980292737100676,0
-14.914636,64,1672.896238,-100.0,-0.8310298857818565,0
-17.001415,80,1674.014737,-100.0,-0.8846889958318623,0
-22.20958,117,1675.662147,-100.0,-0.6279671063001987,0
-182.498967,1600,1816.19757,-0.04039476720491808,-0.09601826629958607,0
-123.717821,1600,1956.65718,0.0023640541831699696,-0.06733179727668848,0
-12.708199,79,1957.858311,-100.0,-0.6792226113536208,0
-13.430628,43,1958.506271,-100.0,-0.589146083161598,0
-32.039163,87,1959.816745,-100.0,-1.4266777892174707,0
-11.775056,65,1960.793472,-100.0,-0.6760517927560197,0
-11.285995,48,1961.516656,-100.0,-0.49765559198767534,0
-12.740315,67,1962.516905,-100.0,-0.6428021721429075,0
-15.944512,59,1963.409506,-100.0,-0.6587238455417707,0
-17.197952,72,1964.509589,-100.0,-0.5879681488607382,0
-8.817364,48,1965.234389,-100.0,-0.6691452173294674,0
-110.947854,1600,2103.58717,-0.11656771626075345,-0.11520755399624996,0
-23.211892,108,2105.099067,-100.0,-0.7585314290660097,0
-8.516491,45,2105.733294,-100.0,-0.724922335111395,0
-22.311576,89,2106.972833,-100.0,-0.6167859209066894,0
-9.600405,61,2107.822349,-100.0,-0.6488297556665485,0
-112.844461,1600,2244.742319,-0.057678941802434505,-0.03429405259445436,0
-11.92275,43,2245.325258,-100.0,-0.5009169829066765,0
-103.511315,1600,2386.290566,0.07479387980202597,-0.01902332288189926,0
-13.875779,78,2387.355543,-100.0,-0.6487163308701075,0
-17.101906,84,2388.499185,-100.0,-0.5637538635473377,0
-13.250744,45,2389.114754,-100.0,-0.47138466294918613,0
-98.50203,1600,2505.581151,-0.10271537778774661,-0.09427336100410413,0
-94.739409,1600,2527.390053,-0.06878320184846246,-0.04610890351005826,0
-11.01712,55,2528.13789,-100.0,-0.6821335577530179,0
-14.097225,99,2529.481516,-100.0,-0.6576913061765591,0
-13.375057,73,2530.477198,-100.0,-0.7202967487188222,0
-14.943645,67,2531.388252,-100.0,-0.5866156498337709,0
-16.25259,71,2625.492777,-100.0,-0.4087963954449694,0
-17.705916,128,2627.245148,-100.0,-0.6194047804683684,0
-11.393699,74,2628.270351,-100.0,-0.7159918200987704,0
-18.000863,75,2629.305677,-100.0,-0.5177924903085864,0
-13.279258,59,2630.118195,-100.0,-0.24812934965968853,0
-13.80645,38,2630.645086,-100.0,-0.8081750837698616,0
-13.823527,50,2631.312871,-100.0,-0.6248758781966315,0
-15.486984,60,2632.13504,-100.0,-0.4740371569187347,0
-20.664875,82,2633.255258,-100.0,-0.478683203792656,0
-9.581707,68,2634.169023,-100.0,-0.7504225270680418,0
-10.497751,54,2634.902864,-100.0,-0.31046636888238743,0
-12.753015,70,2635.860824,-100.0,-0.7937274452355002,0
-11.629213,44,2636.452555,-100.0,-0.5828473367635971,0
-13.758778,77,2637.498534,-100.0,-0.6461964334088889,0
-20.842998,68,2638.432999,-100.0,-0.6988229010905972,0
-10.662102,52,2639.150206,-100.0,-0.25942191559094485,0
-16.623461,92,2640.404204,-100.0,-0.34370129222969975,0
-11.64414,39,2640.942287,-100.0,-0.7493005236997297,0
-11.62241,66,2641.841357,-100.0,-0.6662285147140933,0
-7.815807,45,2642.473008,-100.0,-0.3165595359919538,0
-15.132764,48,2643.118125,-100.0,-0.6450503769879373,0
-17.007981,114,2644.675889,-100.0,-0.8646781611263445,0
-17.573859,119,2646.307117,-100.0,-0.7105697962633037,0
-10.420261,58,2647.101242,-100.0,-0.6646407487856761,0
-17.30932,71,2648.0649,-100.0,-0.4350471232443878,0
-8.981753,63,2648.927513,-100.0,-0.7203146459076059,0
-77.091493,1600,2764.127975,-0.06654334162175655,-0.016096943624949258,0
-14.45663,54,2764.885997,-100.0,-1.0711288997709267,0
-14.123117,60,2765.713295,-100.0,-0.8054096284682639,0
-10.816967,70,2766.686903,-100.0,-0.21302524536020367,0
-8.659987,50,2767.392076,-100.0,-0.7358202761899852,0
-12.401194,60,2768.224661,-100.0,-0.6861644986221713,0
-25.235866,190,2770.823604,-100.0,-0.6814762523220835,0
-13.183619,57,2771.632645,-100.0,-0.26294588685459447,0
-11.754837,64,2772.526238,-100.0,-0.3116347852860903,0
-10.112182,58,2773.321149,-100.0,-0.6574683667979293,0
-13.439992,72,2893.262509,-100.0,-0.7345734263901824,0
-12.018415,87,2894.49116,-100.0,-0.781423950227176,0
-18.564215,63,2895.370619,-100.0,-0.5125707904209625,0
-12.113881,73,2896.412955,-100.0,-0.793713226469222,0
-8.438968,49,2897.094311,-100.0,-0.19612481219681926,0
-10.857109,58,2897.903426,-100.0,-0.49975133587317666,0
-10.778137,63,2898.773196,-100.0,-0.6078278993202855,0
-9.917608,65,2899.697168,-100.0,-0.7171819377713589,0
-9.504886,46,2900.367422,-100.0,-0.7177048583400383,0
-9.497973,56,2901.142733,-100.0,-0.2231065557717371,0
-16.233991,110,2902.676245,-100.0,-0.39847296871750953,0
-19.865053,101,2904.107359,-100.0,-0.38257815661929034,0
-16.9469,66,2905.018648,-100.0,-0.5782812678486479,0
-19.637061,83,2906.187224,-100.0,-0.4541746415983479,0
-8.547567,55,2906.975018,-100.0,-0.7651648151919261,0
-14.311568,93,2908.282953,-100.0,-0.38185208982564206,0
-9.805245,53,2909.034312,-100.0,-0.4583238147098087,0
-71.517087,1600,3047.714533,-0.06416021103209653,-0.00801541574295754,0
-11.613236,86,3048.929081,-100.0,-0.678617438961491,0
-13.878043,76,3050.014731,-100.0,-0.34607452780287323,0
-10.455859,66,3050.964926,-100.0,-0.39662657763223574,0
-8.902882,48,3051.661157,-100.0,-0.8021169549945706,0
-10.672313,63,3052.56824,-100.0,-0.701310714418951,0
-21.575576,119,3054.292473,-100.0,-0.4673061799818266,0
-9.870692,52,3055.033762,-100.0,-0.7578409819086809,0
-17.431589,132,3056.90872,-100.0,-0.6797768021061019,0
-16.410016,98,3058.310949,-100.0,-0.3016986651065743,0
-10.477214,54,3059.086644,-100.0,-0.7443588048859209,0
-10.025904,62,3059.997399,-100.0,-0.7613977013149674,0
-10.208158,57,3060.816371,-100.0,-0.8222318444185216,0
-16.068301,134,3062.750721,-100.0,-0.2416654528825761,0
-11.65225,57,3063.582547,-100.0,-0.22684252667241459,0
-9.368917,51,3064.320221,-100.0,-0.6801023247197605,0
-14.897758,85,3065.535705,-100.0,-0.34797019629724807,0
-9.950224,70,3066.545181,-100.0,-0.7634279042180153,0
-10.183948,56,3183.675187,-100.0,-0.6424391746047128,0
-7.994733,45,3184.324147,-100.0,-0.7604907554507822,0
-12.023519,78,3185.442133,-100.0,-0.6676675257355482,0
-8.341784,53,3186.222565,-100.0,-0.6974015683972027,0
-8.5747,54,3187.008196,-100.0,-0.6759182695710654,0
-15.88586,97,3188.432364,-100.0,-0.3196921386149254,0
-9.429629,58,3189.285113,-100.0,-0.7433072557005834,0
-14.616543,108,3190.85595,-100.0,-0.6875020497745902,0
-8.504295,55,3191.662884,-100.0,-0.6505237174455417,0
-10.917227,50,3192.397323,-100.0,-0.3841235294998675,0
-10.28978,54,3193.184886,-100.0,-0.7428508287130596,0
-20.292245,104,3194.680661,-100.0,-0.4771782547295762,0
-10.919952,69,3195.680475,-100.0,-0.8111584487223816,0
-10.138583,69,3196.665112,-100.0,-0.6639181552909649,0
-8.889576,56,3197.491159,-100.0,-0.7877363900539021,0
-10.237349,61,3198.396512,-100.0,-0.6696876761812102,0
-9.363377,64,3199.342743,-100.0,-0.3608111552110426,0
-10.769915,42,3199.944815,-100.0,-0.6720266602367847,0
-17.053679,79,3201.105184,-100.0,-0.3781048180081128,0
-16.766999,57,3201.922771,-100.0,-0.5879814647589194,0
-13.442578,86,3203.192718,-100.0,-0.3545393065538392,0
-13.499371,64,3204.135514,-100.0,-0.43957433186471445,0
-13.187455,93,3205.501554,-100.0,-0.6974998424171754,0
-11.955646,87,3206.76129,-100.0,-0.7015630873709571,0
-12.070246,53,3207.525941,-100.0,-0.3264959831490016,0
-9.977137,53,3208.283963,-100.0,-0.37669813639245614,0
-10.968469,90,3209.603365,-100.0,-0.7094285419712044,0
-8.749138,58,3210.462332,-100.0,-0.5961054965769216,0
-9.420852,44,3211.104956,-100.0,-0.6135226066891347,0
-9.948278,52,3211.874421,-100.0,-0.7181443432655478,0
-13.007436,80,3213.034786,-100.0,-0.6431049030579512,0
-15.045229,73,3331.402793,-100.0,-0.6108896641042985,0
-7.109458,47,3332.074104,-100.0,-0.7276961420272506,0
-10.063757,67,3333.06071,-100.0,-0.8215232813220116,0
-8.892016,54,3333.84155,-100.0,-0.6388316018907084,0
-7.786416,49,3334.559597,-100.0,-0.8458370061193827,0
-11.691141,61,3335.459992,-100.0,-0.6344202078899226,0
-10.01411,65,3336.428059,-100.0,-0.6970557005117254,0
-19.053823,108,3338.008356,-100.0,-0.45813459047651184,0
-7.636205,41,3338.633962,-100.0,-0.7717748022359125,0
-12.922964,74,3339.702455,-100.0,-0.21123586009813894,0
-12.654378,82,3340.911571,-100.0,-0.6586415807921973,0
-9.091087,55,3341.710576,-100.0,-0.7739539727497813,0
-9.812287,70,3342.739545,-100.0,-0.6215994703510476,0
-13.15929,98,3344.173782,-100.0,-0.2861848089573805,0
-13.516532,70,3345.220024,-100.0,-0.2913210261631983,0
-8.913544,48,3345.920471,-100.0,-0.6846387139503904,0
-15.119671,94,3347.322929,-100.0,-0.13622140697149704,0
-8.751632,54,3348.11819,-100.0,-0.5897281025621366,0
-7.530382,37,3348.660271,-100.0,-0.6881545222379557,0
-9.169728,68,3349.643787,-100.0,-0.6301812273135962,0
-16.177181,83,3350.859675,-100.0,-0.3396389994169221,0
-8.831808,46,3351.532072,-100.0,-0.6341404733307129,0
-11.08678,61,3352.415233,-100.0,-0.1948320221471358,0
-8.55184,43,3353.059248,-100.0,-0.8385241141223252,0
-8.521274,56,3353.870023,-100.0,-0.5823336192932115,0
-11.280195,60,3354.749714,-100.0,-0.7795336838475831,0
-19.924646,110,3356.349386,-100.0,-0.19741900836282017,0
-8.720425,50,3357.092483,-100.0,-0.8704869411588005,0
-8.684335,66,3358.047042,-100.0,-0.7718405920716698,0
-13.029998,77,3359.168888,-100.0,-0.31140469832865986,0
-9.24599,62,3360.069247,-100.0,-0.6981882912718828,0
-7.00934,38,3360.620152,-100.0,-0.6545825922005812,0
-7.29545,53,3476.986512,-100.0,-0.7190838243188391,0
-11.454376,107,3478.550423,-100.0,-0.7190889575175836,0
-16.883112,100,3479.999444,-100.0,-0.37488774153699195,0
-8.861737,60,3480.886861,-100.0,-0.677843872831476,0
-15.272449,97,3482.310687,-100.0,-0.3549374981046306,0
-13.610185,80,3483.49057,-100.0,-0.649372094855829,0
-6.985975,38,3484.036736,-100.0,-0.3097043930677938,0
-10.297032,57,3484.865742,-100.0,-0.5813261366872419,0
-8.084141,52,3485.637228,-100.0,-0.6052478894418695,0
-20.300558,102,3487.113342,-100.0,-0.34444978873992604,0
-10.860862,68,3488.13051,-100.0,-0.5734191814005654,0
-8.861888,52,3488.876193,-100.0,-0.6268813399274241,0
-10.376669,68,3489.898982,-100.0,-0.595675524896313,0
-8.134082,55,3490.696284,-100.0,-0.7063325026193495,0
-8.231818,42,3491.316503,-100.0,-0.8766389550772125,0
-14.457127,54,3492.108814,-100.0,-0.33725304955799423,0
-14.774877,134,3494.090678,-100.0,-0.24378623818412504,0
-8.589477,51,3494.829477,-100.0,-0.676534828666644,0
-11.057985,65,3495.799842,-100.0,-0.3758678803238668,0
-10.133017,55,3496.639486,-100.0,-0.30203131888119344,0
-8.666891,56,3497.44677,-100.0,-0.6444089853277202,0
-13.881777,49,3498.178572,-100.0,-0.457841581808959,0
-7.688737,51,3498.929338,-100.0,-0.7293932399248618,0
-8.625098,51,3499.677602,-100.0,-0.652265563723962,0
-8.541173,55,3500.480326,-100.0,-0.7197763177359822,0
-9.293197,59,3501.376691,-100.0,-0.7932037745197819,0
-12.949819,86,3502.646185,-100.0,-0.15872529967933793,0
-12.891836,92,3504.016958,-100.0,-0.8455219229941191,0
-13.461774,93,3505.403945,-100.0,-0.6913474427440325,0
-8.543405,51,3506.132105,-100.0,-0.6490473266617193,0
-8.058254,48,3625.911436,-100.0,-0.7419195321633347,0
-8.259721,50,3626.650898,-100.0,-0.7045955317401219,0
-8.857897,48,3627.363196,-100.0,-0.6669976936069494,0
-12.571039,83,3628.597338,-100.0,-0.21364682349249736,0
-10.239428,74,3629.693639,-100.0,-0.6560385797406156,0
-10.064134,83,3630.942344,-100.0,-0.6354687075386896,0
-10.855024,69,3631.969669,-100.0,-0.7499799109954729,0
-9.701396,74,3633.057686,-100.0,-0.6471950024307439,0
-8.880777,54,3633.836987,-100.0,-0.6240168224957933,0
-9.683316,67,3634.849877,-100.0,-0.769412368004119,0
-9.533752,57,3635.693458,-100.0,-0.6347291362050558,0
-7.305113,43,3636.34674,-100.0,-0.685359333002038,0
-8.888419,50,3637.085718,-100.0,-0.783047892614958,0
-8.425216,54,3637.895801,-100.0,-0.721936145706333,0
-7.556077,53,3638.664219,-100.0,-0.6878577949831666,0
-7.094951,43,3639.30055,-100.0,-0.7406918324142433,0
-7.304124,37,3639.849401,-100.0,-0.6832661202359768,0
-7.762013,54,3640.66595,-100.0,-0.7413275544526085,0
-8.517355,52,3641.44717,-100.0,-0.6978924156162822,0
-8.167334,42,3642.082432,-100.0,-0.682463755770592,0
-10.679062,76,3643.202491,-100.0,-0.7631813820617472,0
-15.708419,60,3644.085357,-100.0,-0.4582090249646975,0
-10.942523,46,3644.784311,-100.0,-0.4771980167455607,0
-8.993707,50,3645.538841,-100.0,-0.6737226077453039,0
-14.079866,113,3647.20861,-100.0,-0.6446485447165283,0
-9.107971,61,3648.11825,-100.0,-0.7830019176309604,0
-8.601797,48,3648.836423,-100.0,-0.7065699226008387,0
-11.348276,49,3649.591033,-100.0,-0.39340178014260596,0
-8.138832,38,3650.168009,-100.0,-0.6045816941644079,0
-11.271567,51,3650.907648,-100.0,-0.31759460577863735,0
-12.214098,64,3651.847756,-100.0,-0.30728422097608077,0
-9.64,65,3652.798578,-100.0,-0.6718038908007211,0
-10.294,57,3653.655034,-100.0,-0.6853403380568325,0
-8.667444,46,3654.356428,-100.0,-0.6654408408511738,0
-10.773907,71,3655.413135,-100.0,-0.6482022961776562,0
-7.974197,42,3771.915437,-100.0,-0.7089905607581684,0
-9.969995,53,3772.710552,-100.0,-0.3874224334733512,0
-8.94528,50,3773.471601,-100.0,-0.617972412017574,0
-8.240616,51,3774.240797,-100.0,-0.7623260249335789,0
-9.223482,67,3775.247198,-100.0,-0.6690173608080063,0
-9.177052,68,3776.252244,-100.0,-0.6093451200714831,0
-7.992007,44,3776.909166,-100.0,-0.6960972295346992,0
-7.9099,53,3777.718326,-100.0,-0.6903541823385333,0
-8.557081,59,3778.591505,-100.0,-0.7512183709904824,0
-10.461139,41,3779.225559,-100.0,-0.782396417003057,0
-7.557786,39,3779.811455,-100.0,-0.8377512755085457,0
-11.73503,66,3780.804687,-100.0,-0.29347606071924687,0
-7.658249,43,3781.447605,-100.0,-0.6182686579698778,0
-9.421001,66,3782.451676,-100.0,-0.6965273883459115,0
-8.684509,61,3783.364697,-100.0,-0.7422180369419856,0
-9.188598,40,3783.963746,-100.0,-0.4199671534515281,0
-9.262238,63,3784.908139,-100.0,-0.6433073975176166,0
-7.798742,42,3785.547162,-100.0,-0.6934332823956177,0
-7.831469,44,3786.195037,-100.0,-0.6660366624605851,0
-7.485583,43,3786.831266,-100.0,-0.6763112500570869,0
-8.045474,44,3787.485964,-100.0,-0.6605120001489923,0
-7.483998,47,3788.192261,-100.0,-0.5980791631969382,0
-9.033795,55,3789.01808,-100.0,-0.5872718153219763,0
-9.948248,74,3790.131167,-100.0,-0.6821307113708511,0
-10.380442,94,3791.524344,-100.0,-0.6395477073499378,0
-7.834367,47,3792.231623,-100.0,-0.6525837798075826,0
-7.767252,52,3792.991809,-100.0,-0.7636445867678908,0
-9.339495,63,3793.960804,-100.0,-0.6585116878112015,0
-9.790773,60,3794.860345,-100.0,-0.5937692261829034,0
-9.291119,48,3795.555932,-100.0,-0.6445463546633519,0
-8.111416,48,3796.281644,-100.0,-0.6927760582518893,0
-9.915741,53,3797.063032,-100.0,-0.775570623761258,0
-7.909141,47,3797.772164,-100.0,-0.7133510039628432,0
-9.171555,53,3798.561123,-100.0,-0.7719729829978833,0
-9.120966,67,3799.540663,-100.0,-0.6573322369556058,0
-12.191532,123,3801.370025,-100.0,-0.779259011476713,0
-9.20383,55,3802.18969,-100.0,-0.6788286168737466,0
-9.948027,48,3922.74112,-100.0,-0.6844010861393629,0
-9.385625,42,3923.394051,-100.0,-0.4570842127694126,0
-7.95643,48,3924.120183,-100.0,-0.7036305862898465,0
-7.587357,40,3924.717993,-100.0,-0.7416106967547167,0
-7.537343,40,3925.322491,-100.0,-0.6987394119292653,0
-8.532542,69,3926.357982,-100.0,-0.7381021049217589,0
-7.058113,34,3926.84032,-100.0,-0.6948988513829877,0
-7.494375,40,3927.451252,-100.0,-0.6924186057043058,0
-8.019034,50,3928.205671,-100.0,-0.768835178929035,0
-8.021797,47,3928.921823,-100.0,-0.6129685181954878,0
-7.434505,37,3929.474721,-100.0,-0.8249988674067157,0
-7.344741,47,3930.193889,-100.0,-0.7315507457272359,0
-9.409683,54,3930.995822,-100.0,-0.7299991286270082,0
-8.001451,47,3931.713157,-100.0,-0.7485117809138089,0
-7.213596,40,3932.29537,-100.0,-0.8309442844193796,0
-8.744493,46,3932.989039,-100.0,-0.3055553077307517,0
-7.929025,44,3933.663706,-100.0,-0.742488976530445,0
-8.95648,52,3934.42605,-100.0,-0.7039644240189611,0
-7.529024,44,3935.090267,-100.0,-0.7629578766212598,0
-8.134575,47,3935.784774,-100.0,-0.6393420763822092,0
-8.552816,59,3936.675973,-100.0,-0.7397836697171228,0
-7.975881,47,3937.36274,-100.0,-0.6311753511264839,0
-8.336144,45,3938.059613,-100.0,-0.6751847350194045,0
-7.390443,43,3938.726717,-100.0,-0.7050142605474872,0
-7.217447,42,3939.357094,-100.0,-0.663075213575405,0
-7.906653,48,3940.092074,-100.0,-0.7109937149554799,0
-9.444649,58,3940.946085,-100.0,-0.7189268885502901,0
-8.001034,45,3941.633826,-100.0,-0.7214270957190103,0
-7.734837,40,3942.243268,-100.0,-0.6354871556287266,0
-8.562299,39,3942.816495,-100.0,-0.5725904634679785,0
-8.010586,39,3943.400966,-100.0,-0.6732695570559526,0
-9.951401,68,3944.428732,-100.0,-0.6303613549712811,0
-8.601493,44,3945.082792,-100.0,-0.7753296836885827,0
-8.885159,67,3946.101805,-100.0,-0.7468109621917406,0
-8.162992,54,3946.929473,-100.0,-0.7755537556086204,0
-7.439591,42,3947.561105,-100.0,-0.7297333993600289,0
-8.358804,49,3948.309134,-100.0,-0.1705415548219188,0
-8.876482,52,3949.096143,-100.0,-0.6711533704635506,0
-8.616185,51,3949.855389,-100.0,-0.684885582091242,0
-8.312651,55,3950.695227,-100.0,-0.36247639943308824,0
-7.936611,51,3951.440952,-100.0,-0.629740841786429,0
-10.612502,65,3952.403053,-100.0,-0.5380532438431326,0
-6.992621,43,3953.060841,-100.0,-0.6326859632138615,0
-7.74403,50,4069.883583,-100.0,-0.6974100133926568,0
-7.210146,38,4070.472726,-100.0,-0.6206196710534764,0
-8.064731,49,4071.213701,-100.0,-0.6621036737240659,0
-7.76883,45,4071.900793,-100.0,-0.7647592347898725,0
-10.841171,75,4073.041992,-100.0,-0.20188983408822644,0
-8.195658,51,4073.818408,-100.0,-0.6955936527023258,0
-8.870841,47,4074.530681,-100.0,-0.6553972392028985,0
-7.781486,51,4075.312819,-100.0,-0.7258314600794802,0
-7.823068,45,4075.980927,-100.0,-0.6027376825932793,0
-11.449392,62,4076.914184,-100.0,-0.35037908649943833,0
-8.162213,60,4077.817138,-100.0,-0.5959023369419929,0
-9.205326,61,4078.739684,-100.0,-0.7702149506912536,0
-8.975811,44,4079.403562,-100.0,-0.7169336501983563,0
-8.409975,65,4080.391516,-100.0,-0.6921868920025037,0
-9.092282,54,4081.211683,-100.0,-0.6912053539479334,0
-8.588803,47,4081.898079,-100.0,-0.6424471689898157,0
-9.577324,56,4082.770096,-100.0,-0.6358641374040247,0
-8.632654,57,4083.624666,-100.0,-0.7021736307040592,0
-8.112985,51,4084.3874,-100.0,-0.7602348483319811,0
-7.99105,53,4085.196468,-100.0,-0.6556765354933614,0
-8.811765,47,4085.902376,-100.0,-0.6648413255513403,0
-6.923412,42,4086.53369,-100.0,-0.6705596481672038,0
-9.254327,60,4087.446521,-100.0,-0.6013530451800014,0
-7.994253,50,4088.200595,-100.0,-0.6532276723050751,0
-7.424921,39,4088.791766,-100.0,-0.7100375606897604,0
-9.682682,62,4089.702002,-100.0,-0.6752918106955741,0
-7.981988,50,4090.467495,-100.0,-0.6980810608448679,0
-8.046418,50,4091.234982,-100.0,-0.7593093227774708,0
-7.692206,39,4091.807446,-100.0,-0.709311711510646,0
-7.398935,42,4092.456658,-100.0,-0.7120982010628559,0
-10.399034,66,4093.459609,-100.0,-0.7018393455561092,0
-9.038975,64,4094.414432,-100.0,-0.685870255596953,0
-8.005237,48,4095.13474,-100.0,-0.65570314698771,0
-8.920455,60,4096.076775,-100.0,-0.7071027369120625,0
-8.282793,55,4096.89798,-100.0,-0.7053197260555377,0
-8.27296,54,4097.716193,-100.0,-0.7015276955306794,0
-7.986467,50,4098.47535,-100.0,-0.6503565532927076,0
-7.683726,50,4099.213164,-100.0,-0.6621308387614124,0
-7.721353,45,4099.900995,-100.0,-0.66854801449595,0
-7.889147,48,4218.60493,-100.0,-0.6322406851030554,0
-9.264703,39,4219.212528,-100.0,-0.6626244345713361,0
-6.686503,39,4219.82802,-100.0,-0.7014292551606242,0
-8.652287,59,4220.69697,-100.0,-0.5902587579192797,0
-7.380162,53,4221.510472,-100.0,-0.6744497052156916,0
-8.733231,51,4222.283717,-100.0,-0.6419912366546829,0
-7.632601,44,4222.957699,-100.0,-0.7397064863074092,0
-7.15831,42,4223.596148,-100.0,-0.7362793633399995,0
-9.426127,59,4224.515069,-100.0,-0.7381247217094881,0
-7.416182,41,4225.140527,-100.0,-0.7419856639935756,0
-7.914253,60,4226.055857,-100.0,-0.7001014104000642,0
-7.808962,50,4226.810284,-100.0,-0.6971831988957302,0
-7.058473,43,4227.473206,-100.0,-0.6968296297208375,0
-8.876334,61,4228.404868,-100.0,-0.6610145213317228,0
-7.814429,54,4229.213052,-100.0,-0.6878524506330065,0
-9.543344,55,4230.058359,-100.0,-0.30455978174348103,0
-8.147004,56,4230.926103,-100.0,-0.7183950691457475,0
-8.421749,49,4231.681054,-100.0,-0.6840174101876573,0
-8.787834,59,4232.576115,-100.0,-0.607307623737741,0
-8.789807,63,4233.545828,-100.0,-0.6929028088043363,0
-9.70923,63,4234.50423,-100.0,-0.6335988563094554,0
-9.002877,58,4235.371417,-100.0,-0.7121381947170796,0
-7.693407,41,4235.994222,-100.0,-0.5992879942959256,0
-7.278841,41,4236.624868,-100.0,-0.8151528745318753,0
-8.028132,41,4237.248703,-100.0,-0.6548055379209078,0
-8.126531,42,4237.900259,-100.0,-0.6365396503640135,0
-7.555885,49,4238.664481,-100.0,-0.6074909283392044,0
-7.436474,43,4239.306106,-100.0,-0.765584845626477,0
-7.26448,40,4239.912727,-100.0,-0.6111805744085883,0
-8.878336,59,4240.818899,-100.0,-0.6840532870464727,0
-8.50248,60,4241.752897,-100.0,-0.7170692374314505,0
-7.107067,46,4242.435003,-100.0,-0.7199546307326288,0
-7.363276,45,4243.13652,-100.0,-0.7501879647426086,0
-7.939412,42,4243.762619,-100.0,-0.66961471514808,0
-8.312222,44,4244.433509,-100.0,-0.7239917481757585,0
-7.747712,42,4245.075068,-100.0,-0.6707920578204384,0
-8.8882,51,4245.864147,-100.0,-0.6680600707568745,0
-8.313261,51,4246.63684,-100.0,-0.7102255867062873,0
-7.720079,46,4247.321488,-100.0,-0.6328874678489045,0
-8.477698,55,4248.160074,-100.0,-0.665448764918815,0
-8.233309,54,4248.989119,-100.0,-0.6172412413729274,0
-6.937751,44,4366.956127,-100.0,-0.7390577959855025,0
-8.166382,51,4367.75192,-100.0,-0.5919144710722574,0
-7.050171,43,4368.404329,-100.0,-0.639919762261443,0
-8.674096,56,4369.272751,-100.0,-0.650597121277888,0
-7.335628,48,4370.012116,-100.0,-0.735416394297199,0
-7.482243,52,4370.817882,-100.0,-0.6811670287584826,0
-8.813509,47,4371.555173,-100.0,-0.5478411151344297,0
-12.777606,70,4372.637452,-100.0,-0.3347466816036359,0
-7.204617,43,4373.288278,-100.0,-0.6002183845567836,0
-8.187758,50,4374.059647,-100.0,-0.6508083272917637,0
-8.167553,55,4374.89132,-100.0,-0.6026580926176899,0
-8.210053,55,4375.746241,-100.0,-0.6189353424491189,0
-7.834267,47,4376.476214,-100.0,-0.7710314108161065,0
-7.414229,42,4377.112668,-100.0,-0.6858379657943071,0
-8.196359,58,4378.010001,-100.0,-0.7704794620043415,0
-9.06292,50,4378.788025,-100.0,-0.654339564835137,0
-7.87889,51,4379.56331,-100.0,-0.7187942067711135,0
-7.729091,48,4380.299213,-100.0,-0.6574885461891892,0
-8.005883,52,4381.097537,-100.0,-0.6309383317114203,0
-7.727252,47,4381.82359,-100.0,-0.6649750001054671,0
-7.53171,56,4382.688125,-100.0,-0.6510416003746612,0
-6.923212,37,4383.256166,-100.0,-0.7593527878859463,0
-7.4119,41,4383.896854,-100.0,-0.6688435091518103,0
-8.240002,50,4384.668369,-100.0,-0.7796766200138397,0
-7.711241,52,4385.462929,-100.0,-0.640854634778689,0
-8.113269,46,4386.185386,-100.0,-0.6668443692661767,0
-8.568252,58,4387.075377,-100.0,-0.7036067862097312,0
-7.394968,48,4387.810914,-100.0,-0.6871239213006894,0
-8.034605,41,4388.441083,-100.0,-0.6303062448607286,0
-8.113899,40,4389.068506,-100.0,-0.6441565232148676,0
-7.737746,40,4389.672742,-100.0,-0.6241825712939763,0
-7.888355,45,4390.363874,-100.0,-0.6325022799303351,0
-8.375008,61,4391.314716,-100.0,-0.6751506134612235,0
-7.677112,45,4391.997732,-100.0,-0.6482482024600271,0
-8.888413,48,4392.738831,-100.0,-0.6039768165699584,0
-7.619026,43,4393.387617,-100.0,-0.622716345025301,0
-7.031206,49,4394.152556,-100.0,-0.728202807036518,0
-7.756677,40,4394.768898,-100.0,-0.7020689874505739,0
-7.771966,42,4395.397809,-100.0,-0.6707156833549675,0
-7.155378,43,4396.073478,-100.0,-0.6794173978488665,0
-7.553163,43,4396.734491,-100.0,-0.6741023031926746,0
-8.704907,58,4397.645738,-100.0,-0.6570892196947586,0
-6.82315,40,4398.246424,-100.0,-0.6901399725236813,0
-7.854959,64,4520.334465,-100.0,-0.6818401188598964,0
-7.657628,45,4521.030727,-100.0,-0.778172868163431,0
-7.613031,47,4521.749487,-100.0,-0.6896190523241262,0
-8.058131,41,4522.384224,-100.0,-0.6172542840603382,0
-7.802267,50,4523.154058,-100.0,-0.6659971491525348,0
-8.654449,50,4523.927563,-100.0,-0.7211236100833356,0
-7.172863,41,4524.566341,-100.0,-0.6099138134068345,0
-7.478147,37,4525.150822,-100.0,-0.6820598999477241,0
-7.06997,41,4525.779898,-100.0,-0.680706561369059,0
-7.034128,46,4526.514685,-100.0,-0.7034770260716058,0
-7.530652,42,4527.168644,-100.0,-0.6316713613898635,0
-6.421882,38,4527.774319,-100.0,-0.7573371403551057,0
-7.700542,43,4528.443642,-100.0,-0.5867745405728563,0
-7.343031,44,4529.1248,-100.0,-0.7024426998473704,0
-6.642498,36,4529.664406,-100.0,-0.7702741508327955,0
-7.128273,41,4530.293532,-100.0,-0.6888422306860867,0
-8.015731,47,4531.032691,-100.0,-0.6435589902571609,0
-7.639148,48,4531.777295,-100.0,-0.7364138625759094,0
-6.970234,44,4532.463966,-100.0,-0.6665513411287727,0
-7.282751,40,4533.065728,-100.0,-0.6163068489705353,0
-6.708668,41,4533.700163,-100.0,-0.7187402644724139,0
-7.45576,42,4534.358865,-100.0,-0.5880021829604839,0
-7.648776,40,4534.987393,-100.0,-0.7610299759748128,0
-7.77274,40,4535.604818,-100.0,-0.7061537129002033,0
-7.849176,49,4536.350656,-100.0,-0.7492835094351975,0
-7.843306,42,4537.002048,-100.0,-0.6352831756257007,0
-7.716408,48,4537.759677,-100.0,-0.6703153468952403,0
-7.271459,45,4538.448352,-100.0,-0.6303991184779104,0
-7.164164,42,4539.115036,-100.0,-0.650359466169665,0
-7.871767,50,4539.896248,-100.0,-0.7384360776184618,0
-8.351347,54,4540.731936,-100.0,-0.7439617556101962,0
-8.17427,41,4541.360237,-100.0,-0.6005207296343176,0
-7.064186,38,4541.966782,-100.0,-0.7029261089825924,0
-7.313262,55,4542.80008,-100.0,-0.7268573799830899,0
-7.040473,43,4543.467104,-100.0,-0.6310779146933069,0
-7.114824,45,4544.177679,-100.0,-0.6554753709930278,0
-7.182552,47,4544.920663,-100.0,-0.7633759759383019,0
-7.75465,42,4545.571662,-100.0,-0.6147244565090678,0
-7.505932,42,4546.238364,-100.0,-0.7688837084591803,0
-7.49738,47,4546.972669,-100.0,-0.7122924432062663,0
-7.628952,42,4547.619684,-100.0,-0.6532742813602763,0
-8.08472,42,4548.278717,-100.0,-0.6717125016903388,0
-7.253748,41,4548.908223,-100.0,-0.6762542853701875,0
-7.71239,43,4549.57671,-100.0,-0.68705132739909,0
-8.174998,58,4550.495729,-100.0,-0.6662232305340541,0
-8.370547,49,4668.837522,-100.0,-0.6630741499990647,0
-7.994603,47,4669.565776,-100.0,-0.6583623761863958,0
-7.763585,66,4670.582796,-100.0,-0.677452296365181,0
-7.603805,54,4671.411119,-100.0,-0.6424430547465781,0
-6.91289,40,4672.041373,-100.0,-0.7197447265647469,0
-7.067247,42,4672.714088,-100.0,-0.6227491559942959,0
-6.902293,48,4673.459224,-100.0,-0.815985459570701,0
-7.161323,39,4674.059941,-100.0,-0.5922715239683751,0
-7.459367,40,4674.680343,-100.0,-0.6995502391061779,0
-6.830419,44,4675.367092,-100.0,-0.7049002534434531,0
-6.565746,38,4675.952904,-100.0,-0.7218117748807183,0
-7.192393,48,4676.712117,-100.0,-0.7736275482441345,0
-7.181321,40,4677.345724,-100.0,-0.6938623548203119,0
-7.804912,55,4678.199165,-100.0,-0.7474810187506186,0
-8.122542,55,4679.04638,-100.0,-0.6932186864473446,0
-7.230266,41,4679.670174,-100.0,-0.6482904009855471,0
-7.121458,43,4680.340122,-100.0,-0.7037400694158162,0
-6.993043,41,4680.997179,-100.0,-0.6917611846808184,0
-7.21818,42,4681.645082,-100.0,-0.615784257082749,0
-6.707554,42,4682.319754,-100.0,-0.6826879678507838,0
-6.448399,47,4683.027748,-100.0,-0.7413355692110368,0
-7.695812,51,4683.829477,-100.0,-0.767330429050872,0
-6.707114,44,4684.503273,-100.0,-0.7075233155484957,0
-8.045284,55,4685.34425,-100.0,-0.6384312823739077,0
-7.29197,45,4686.031856,-100.0,-0.8208655928688638,0
-7.278324,44,4686.723716,-100.0,-0.7265029234157954,0
-7.436506,47,4687.450451,-100.0,-0.665739053263237,0
-7.154299,47,4688.185784,-100.0,-0.893418604775716,0
-9.051686,74,4689.330226,-100.0,-0.6871504598841978,0
-7.20469,47,4690.057217,-100.0,-0.6643633000152743,0
-8.213252,54,4690.909079,-100.0,-0.6727306353872377,0
-7.498614,45,4691.607117,-100.0,-0.7837378485550031,0
-7.532917,52,4692.417763,-100.0,-0.7781529178743644,0
-7.200663,42,4693.071264,-100.0,-0.6829892738535266,0
-8.022435,56,4693.945711,-100.0,-0.6530642097203886,0
-6.888951,41,4694.579765,-100.0,-0.6935885290543817,0
-7.501331,46,4695.317276,-100.0,-0.7270057299731015,0
-9.795657,81,4696.554387,-100.0,-0.6026569972509428,0
-7.26532,39,4697.166998,-100.0,-0.6853347247441401,0
-7.579799,49,4697.94453,-100.0,-0.6654751559270983,0
-7.08128,38,4698.558356,-100.0,-0.702953937598843,0
-7.230368,42,4699.183915,-100.0,-0.6561455855763692,0
-6.717477,42,4699.847134,-100.0,-0.7128714779940465,0
-6.830508,37,4700.430897,-100.0,-0.7074777334949478,0
-7.295019,41,4826.308346,-100.0,-0.7262005821331727,0
-6.947071,39,4826.916088,-100.0,-0.6434628631576647,0
-6.501335,43,4827.58801,-100.0,-0.7537486480646101,0
-9.630435,41,4828.227011,-100.0,-0.7190866349463807,0
-7.189135,53,4829.058671,-100.0,-0.7125243259209446,0
-7.770562,53,4829.890196,-100.0,-0.675177617294952,0
-6.772038,35,4830.429948,-100.0,-0.6959874067148408,0
-7.018624,41,4831.08303,-100.0,-0.697873466955406,0
-6.660527,41,4831.721787,-100.0,-0.7607079048978038,0
-6.580724,37,4832.308496,-100.0,-0.7056566367216015,0
-7.388108,41,4832.958579,-100.0,-0.6227412664684022,0
-8.287668,47,4833.684979,-100.0,-0.6653993230163232,0
-6.852809,45,4834.378529,-100.0,-0.7667351642569238,0
-7.64349,43,4835.048701,-100.0,-0.6290842852557513,0
-7.26009,46,4835.764728,-100.0,-0.6996124138303199,0
-6.902871,39,4836.383236,-100.0,-0.788869097751602,0
-8.079331,50,4837.179906,-100.0,-0.6949609872288616,0
-7.854241,53,4838.017519,-100.0,-0.6389982359225626,0
-7.666481,59,4838.930629,-100.0,-0.6489080476220284,0
-7.657725,39,4839.558483,-100.0,-0.6607601130889288,0
-7.468535,47,4840.283744,-100.0,-0.6881354974340839,0
-7.371975,38,4840.88466,-100.0,-0.6301127445286772,0
-7.098314,48,4841.613098,-100.0,-0.6766907314434525,0
-7.513774,51,4842.41641,-100.0,-0.6510900538881125,0
-6.91105,40,4843.0499,-100.0,-0.6101834075112839,0
-7.090297,41,4843.692781,-100.0,-0.6109777311968152,0
-6.995482,45,4844.385033,-100.0,-0.6648835767631808,0
-7.098848,47,4845.131272,-100.0,-0.86821368000887,0
-6.715068,38,4845.703917,-100.0,-0.6953083927532606,0
-7.781132,51,4846.512117,-100.0,-0.6990880771309073,0
-8.158882,56,4847.399144,-100.0,-0.6225859601749679,0
-8.473939,50,4848.16597,-100.0,-0.7118796435869833,0
-7.751502,60,4849.09912,-100.0,-0.7284980383733749,0
-6.525942,41,4849.749658,-100.0,-0.6386768841540559,0
-6.891535,45,4850.447249,-100.0,-0.6477969457608337,0
-6.355794,40,4851.09388,-100.0,-0.7931170955357093,0
-7.41203,47,4851.815067,-100.0,-0.6613717333531465,0
-6.48714,38,4852.393959,-100.0,-0.7540157583292046,0
-7.337043,50,4853.183185,-100.0,-0.7254205145593704,0
-6.941961,43,4853.852033,-100.0,-0.7973403326114086,0
-6.824427,39,4854.679324,-100.0,-0.7680842999347444,0
-6.698481,45,4855.386125,-100.0,-0.745252086937156,0
-6.79077,39,4855.974516,-100.0,-0.7287739069028181,0
-6.253251,41,4856.646106,-100.0,-0.7445310058178218,0
-7.017544,42,4857.292516,-100.0,-0.734203311662987,0
-7.402988,42,4857.926166,-100.0,-0.5905577402799824,0
-7.098963,40,4977.744196,-100.0,-0.6509386033157704,0
-7.249581,50,4978.535833,-100.0,-0.7227745517820876,0
-7.009885,38,4979.143515,-100.0,-0.8147040910079675,0
-6.764135,42,4979.811408,-100.0,-0.6628535259470971,0
-7.372841,47,4980.563056,-100.0,-0.6457405067652707,0
-6.654832,43,4981.249487,-100.0,-0.7251887963935186,0
-7.10248,50,4982.017929,-100.0,-0.7328783200494546,0
-7.53262,39,4982.647003,-100.0,-0.8124036076236625,0
-6.768996,40,4983.27851,-100.0,-0.6892963102667555,0
-6.843596,39,4983.88265,-100.0,-0.6406140210250754,0
-7.04087,43,4984.571372,-100.0,-0.6456963346027513,0
-6.860165,40,4985.191258,-100.0,-0.6191549152642335,0
-6.159263,38,4985.795119,-100.0,-0.7853265469859376,0
-7.566845,46,4986.515135,-100.0,-0.656415474223142,0
-6.478961,42,4987.179307,-100.0,-0.7170913991301878,0
-7.416662,57,4988.077118,-100.0,-0.6636384176527445,0
-7.395373,44,4988.756166,-100.0,-0.6098812104157298,0
-6.746358,42,4989.423176,-100.0,-0.6460729278536079,0
-6.852487,40,4990.050463,-100.0,-0.6332756724664721,0
-7.138249,42,4990.70259,-100.0,-0.6209452013735384,0
-6.6843,35,4991.268641,-100.0,-0.8540728360864084,0
-6.94433,48,4992.023591,-100.0,-0.6595042054819377,0
-6.782749,39,4992.65115,-100.0,-0.7111866924613708,0
-6.817203,39,4993.271271,-100.0,-0.6137332632005976,0
-7.686674,55,4994.121647,-100.0,-0.6357268823094545,0
-7.181008,42,4994.785956,-100.0,-0.6979897494413847,0
-7.314539,50,4995.571121,-100.0,-0.6653903667272474,0
-8.83207,71,4996.688084,-100.0,-0.6847456236947249,0
-6.647056,43,4997.362072,-100.0,-0.7465625424455441,0
-6.833956,42,4998.018487,-100.0,-0.6758382831501815,0
-7.15501,45,4998.746008,-100.0,-0.5974815583943036,0
-7.278317,48,4999.497521,-100.0,-0.6323114053481055,0
-8.173786,44,5000.192818,-100.0,-0.8286729566191893,0
-7.409415,51,5000.977815,-100.0,-0.6987893288539588,0
-6.459129,42,5001.652077,-100.0,-0.8021177746344001,0
-7.579028,61,5002.615826,-100.0,-0.7413286964606242,0
-6.882546,54,5003.463483,-100.0,-0.7206185843265914,0
-6.750766,46,5004.1869,-100.0,-0.7326119179503738,0
-6.870161,48,5004.917499,-100.0,-0.7220587010941376,0
-7.204994,51,5005.741346,-100.0,-0.7288902947617221,0
-6.975061,46,5006.470028,-100.0,-0.7057534577746476,0
-6.685592,40,5007.096304,-100.0,-0.6511032783810216,0
-7.317289,41,5007.758902,-100.0,-0.6447683855565167,0
-7.313802,38,5008.355285,-100.0,-0.6460138896847907,0
-7.961365,69,5009.421488,-100.0,-0.6885458570547552,0
-7.111658,45,5114.049022,-100.0,-0.7193940774796659,0
-6.831388,40,5114.695356,-100.0,-0.7009787586578546,0
-6.737022,40,5115.325666,-100.0,-0.7383612450574026,0
-7.677679,50,5116.125753,-100.0,-0.7123608488136731,0
-7.43185,40,5116.758738,-100.0,-0.6631013679164875,0
-6.804664,38,5117.350949,-100.0,-0.7015053223364835,0
-6.824244,36,5117.92051,-100.0,-0.7197709955515819,0
-6.537937,45,5118.641037,-100.0,-0.8122278246210861,0
-7.400049,55,5119.512407,-100.0,-0.6064341096236179,0
-6.312555,42,5120.189502,-100.0,-0.8620708196105743,0
-6.559647,38,5120.788107,-100.0,-0.6697438965106376,0
-7.494656,47,5121.527059,-100.0,-0.802791249896575,0
-6.092671,39,5122.131027,-100.0,-0.8721468626699083,0
-6.730189,44,5122.838634,-100.0,-0.6139238904179459,0
-8.664159,56,5123.716568,-100.0,-0.6822083259947282,0
-6.726939,39,5124.349247,-100.0,-0.6964291762690908,0
-6.97718,40,5124.978543,-100.0,-0.71413794411272,0
-7.38342,40,5125.616309,-100.0,-0.7672635067081952,0
-6.483664,42,5126.276326,-100.0,-0.7479838865192926,0
-6.522389,38,5126.881362,-100.0,-0.7402899961483611,0
-6.95441,42,5127.549687,-100.0,-0.6591786350241531,0
-6.930105,45,5128.24018,-100.0,-0.9187699118461108,0
-6.920528,46,5128.972046,-100.0,-0.6656117496167213,0
-7.011659,42,5129.634799,-100.0,-0.6253203950182018,0
-6.847533,44,5130.353641,-100.0,-0.6479031485178602,0
-7.681057,37,5130.934342,-100.0,-0.42825825803458756,0
-6.72013,44,5131.632636,-100.0,-0.705075574740925,0
-8.050493,48,5132.391798,-100.0,-0.6058980477318102,0
-8.078304,68,5133.475549,-100.0,-0.6708516289304232,0
-6.565292,41,5134.13601,-100.0,-0.7046894450838492,0
-6.664837,40,5134.771358,-100.0,-0.7409023334659118,0
-6.984023,42,5135.438878,-100.0,-0.6290757029789392,0
-7.341872,38,5136.033766,-100.0,-0.7027016820230761,0
-7.340807,41,5136.68213,-100.0,-0.7304319069243262,0
-7.150577,42,5137.357814,-100.0,-0.7317557608816619,0
-6.69822,35,5137.9116,-100.0,-0.6177840316445145,0
-7.373176,40,5138.544428,-100.0,-0.637009307500126,0
-6.6072,42,5139.200053,-100.0,-0.694691651418665,0
-7.094232,43,5139.88695,-100.0,-0.6772451943236459,0
-6.596754,43,5140.569517,-100.0,-0.79301945648508,0
-7.121038,45,5141.27425,-100.0,-0.7043130901030479,0
-7.22084,43,5141.949984,-100.0,-0.6948683494991605,0
-6.267517,40,5142.607555,-100.0,-0.7322243485188129,0
-7.206562,43,5143.274568,-100.0,-0.6852979921750062,0
-6.924885,40,5143.923376,-100.0,-0.6902840854997702,0
-6.701499,38,5144.532579,-100.0,-0.8399509821485044,0
-6.910425,44,5145.228517,-100.0,-0.7016107703307256,0
-6.316476,38,5145.849141,-100.0,-0.7354647081712314,0
-6.317688,32,5268.264632,-100.0,-0.741324709261998,0
-6.789982,41,5268.920518,-100.0,-0.7308690546896456,0
-6.753476,50,5269.717237,-100.0,-0.6366677411409498,0
-6.623175,35,5270.262401,-100.0,-0.7734593766992941,0
-7.134128,51,5271.063103,-100.0,-0.7973223431629044,0
-6.79795,41,5271.710763,-100.0,-0.6944000250453453,0
-7.039088,43,5272.403823,-100.0,-0.7064502850842006,0
-6.345575,37,5272.99822,-100.0,-0.7292083121727251,0
-6.8093,45,5273.704957,-100.0,-0.7469747617475148,0
-6.903162,41,5274.359416,-100.0,-0.6584040807641793,0
-8.619673,83,5275.665326,-100.0,-0.7343348299923916,0
-6.730322,40,5276.28746,-100.0,-0.8394441773591123,0
-6.277159,44,5276.977837,-100.0,-0.8405645406283265,0
-6.593115,48,5277.734617,-100.0,-0.7615582007272823,0
-7.019114,46,5278.463002,-100.0,-0.6665007891740298,0
-6.998744,61,5279.44412,-100.0,-0.7567894913802814,0
-6.446946,41,5280.09117,-100.0,-0.7331642377047971,0
-7.116778,58,5281.004051,-100.0,-0.655162762297875,0
-6.449354,38,5281.591797,-100.0,-0.6693538078747112,0
-6.913461,48,5282.347045,-100.0,-0.6729279878583024,0
-6.964918,37,5282.940554,-100.0,-0.7832187492448124,0
-8.184,72,5284.084697,-100.0,-0.6768953309404481,0
-7.159596,44,5284.782897,-100.0,-0.6674208280719278,0
-7.041019,47,5285.54162,-100.0,-0.7087020782899618,0
-7.441264,47,5286.294716,-100.0,-0.651383315434386,0
-7.444536,48,5287.059446,-100.0,-0.679579583586592,0
-6.905411,39,5287.682554,-100.0,-0.7154233401002535,0
-6.600417,40,5288.313569,-100.0,-0.741819928648488,0
-7.30682,54,5289.156176,-100.0,-0.6486938469148102,0
-6.992658,46,5289.871869,-100.0,-0.6192135295664887,0
-7.51895,70,5291.009635,-100.0,-0.7714634586601328,0
-6.613384,41,5291.65796,-100.0,-0.6686615929559809,0
-6.778544,41,5292.311597,-100.0,-0.7555999229624066,0
-7.733143,55,5293.173871,-100.0,-0.716535712173282,0
-6.255425,44,5293.873178,-100.0,-0.7386414691785609,0
-6.465034,41,5294.512378,-100.0,-0.763572682711072,0
-6.605281,43,5295.196741,-100.0,-0.706649392964629,0
-7.18334,50,5295.986884,-100.0,-0.7690733312557463,0
-6.247821,36,5296.556435,-100.0,-0.7886429038058609,0
-6.566743,47,5297.283152,-100.0,-0.7479000925559672,0
-6.561595,44,5297.992762,-100.0,-0.7171348312849192,0
-6.326242,37,5298.579388,-100.0,-0.7413554868292779,0
-7.101672,43,5299.264545,-100.0,-0.7053283699524313,0
-6.434781,37,5299.841628,-100.0,-0.7404862125147288,0
-7.149034,46,5409.769608,-100.0,-0.7206283980114215,0
-6.622002,42,5410.428054,-100.0,-0.6869843356103474,0
-6.660801,45,5411.15657,-100.0,-0.6737264161940827,0
-6.770417,42,5411.81273,-100.0,-0.730370357865626,0
-6.626773,43,5412.491412,-100.0,-0.7091998653419257,0
-6.577039,44,5413.198015,-100.0,-0.6882183070307636,0
-6.989044,41,5413.861729,-100.0,-0.6860818757642736,0
-6.432314,31,5414.352856,-100.0,-0.6028978441558288,0
-7.419106,50,5415.14159,-100.0,-0.6980899471338796,0
-6.498165,41,5415.805036,-100.0,-0.7150359571161564,0
-6.117123,36,5416.361885,-100.0,-0.7545500470655488,0
-6.70104,42,5417.025036,-100.0,-0.811040703383978,0
-6.488568,41,5417.883589,-100.0,-0.7047527460579431,0
-6.45788,40,5418.512257,-100.0,-0.660534325953842,0
-6.287912,41,5419.174122,-100.0,-0.7174727869557441,0
-6.554431,38,5419.76982,-100.0,-0.7099092468906145,0
-7.04075,62,5420.791154,-100.0,-0.7734440147157026,0
-6.49142,40,5421.427286,-100.0,-0.5960889409502887,0
-6.871002,37,5422.01696,-100.0,-0.6355865974344507,0
-6.967266,40,5422.646488,-100.0,-0.7249886025840208,0
-6.826732,45,5423.370908,-100.0,-0.6136015305553607,0
-6.53666,38,5423.986428,-100.0,-0.6637031846436944,0
-6.349197,38,5424.583649,-100.0,-0.6886536216747261,0
-7.034092,39,5425.203219,-100.0,-0.6212612125752138,0
-6.292065,37,5425.800456,-100.0,-0.7338139150001581,0
-6.616331,41,5426.448382,-100.0,-0.6560469224615114,0
-6.875227,51,5427.249743,-100.0,-0.7209238715468902,0
-6.709333,45,5427.968997,-100.0,-0.7747238230664855,0
-6.833729,45,5428.702662,-100.0,-0.6720276045978472,0
-6.820992,45,5429.404415,-100.0,-0.7402731753123444,0
-6.64891,49,5430.194341,-100.0,-0.7022947879083538,0
-6.043398,38,5430.80681,-100.0,-0.7371228632536988,0
-6.506762,39,5431.421107,-100.0,-0.7065877447511528,0
-6.55083,41,5432.08616,-100.0,-0.7536243533963524,0
-6.99293,40,5432.707084,-100.0,-0.698093372357313,0
-6.344292,39,5433.310329,-100.0,-0.8311791218670016,0
-6.856479,41,5433.968026,-100.0,-0.7880582599618038,0
-7.245556,44,5434.681198,-100.0,-0.6714147886876742,0
-6.46248,45,5435.384502,-100.0,-0.7227091632516067,0
-6.913054,40,5436.022514,-100.0,-0.6105449274470576,0
-7.889212,51,5436.823678,-100.0,-0.5148822081213287,0
-6.311042,42,5437.500885,-100.0,-0.705900082030124,0
-6.230932,37,5438.092981,-100.0,-0.7596940598670152,0
-7.418026,41,5438.749833,-100.0,-0.7514975880146159,0
-7.083242,46,5439.480213,-100.0,-0.7203954098305116,0
-6.35642,38,5440.061986,-100.0,-0.6846479963315838,0
-6.342353,38,5440.666119,-100.0,-0.7161044991698751,0
-6.997373,42,5441.342393,-100.0,-0.6014906260489209,0
-6.473721,43,5442.02091,-100.0,-0.7340918323807903,0
-6.611959,46,5544.235154,-100.0,-0.7158778925857434,0
-6.571433,39,5544.857087,-100.0,-0.6843781956070351,0
-6.297788,35,5545.401715,-100.0,-0.6392817507301097,0
-5.976752,38,5546.007402,-100.0,-0.8092518556895723,0
-6.874811,42,5546.710588,-100.0,-0.6288534146019247,0
-6.698115,42,5547.358243,-100.0,-0.7375580054886378,0
-7.436723,51,5548.176468,-100.0,-0.5927049978586532,0
-6.795527,42,5548.860376,-100.0,-0.6891607971855932,0
-6.732421,40,5549.503479,-100.0,-0.7186082373415135,0
-6.828346,46,5550.226039,-100.0,-0.6353265200579352,0
-6.498398,35,5550.778827,-100.0,-0.6581072287462022,0
-6.239317,38,5551.399503,-100.0,-0.8283999426608907,0
-6.574037,37,5551.994131,-100.0,-0.6898093272903042,0
-6.831527,39,5552.627608,-100.0,-0.7944184480042339,0
-6.387213,40,5553.260799,-100.0,-0.6963825013749199,0
-6.968645,42,5553.942168,-100.0,-0.6243142108114512,0
-6.519361,37,5554.515017,-100.0,-0.7484851344067505,0
-6.222118,37,5555.095668,-100.0,-0.7212608878170843,0
-6.396242,37,5555.68538,-100.0,-0.6380725344249474,0
-6.408409,40,5556.324142,-100.0,-0.6655702123170202,0
-7.468751,48,5557.105151,-100.0,-0.7987401768492313,0
-7.51934,53,5557.967526,-100.0,-0.6621054854062333,0
-6.471397,44,5558.690291,-100.0,-0.7444816326366676,0
-6.99814,40,5559.309077,-100.0,-0.6752376050291545,0
-6.476101,42,5559.998607,-100.0,-0.9256496749804871,0
-5.892888,39,5560.637161,-100.0,-0.768998951676445,0
-6.394427,43,5561.309838,-100.0,-0.7676051391330905,0
-6.545599,40,5561.948676,-100.0,-0.678001989234424,0
-5.95706,33,5562.475138,-100.0,-0.7129318660351447,0
-6.742822,35,5563.024911,-100.0,-0.9032998856547148,0
-6.352647,41,5563.683735,-100.0,-0.7435242975324264,0
-6.562422,45,5564.391663,-100.0,-0.7143889468887524,0
-6.767126,41,5565.057788,-100.0,-0.6337696738176611,0
-7.195722,43,5565.742718,-100.0,-0.604244592664754,0
-6.179355,39,5566.366958,-100.0,-0.6656349710220438,0
-6.302275,37,5566.954809,-100.0,-0.6832910577999366,0
-7.037591,49,5567.743293,-100.0,-0.6741070812784323,0
-6.298688,41,5568.408456,-100.0,-0.8092113082638646,0
-6.690392,40,5569.05093,-100.0,-0.6536065001102279,0
-6.333401,41,5569.708295,-100.0,-0.639320898850057,0
-6.823531,49,5570.492432,-100.0,-0.7044357491455993,0
-6.248333,39,5571.106781,-100.0,-0.8946547902764228,0
-6.372553,36,5571.681138,-100.0,-0.7503749596179595,0
-6.517059,45,5572.406727,-100.0,-0.7845359774343089,0
-5.949893,38,5573.010598,-100.0,-0.892718168777788,0
-6.19065,39,5573.626225,-100.0,-0.7523741663171789,0
-6.456802,48,5574.372396,-100.0,-0.7713317713901199,0
-6.239319,35,5574.951783,-100.0,-0.7575113076297669,0
-6.931364,41,5575.602044,-100.0,-0.6385739965617772,0
-6.653992,42,5576.264787,-100.0,-0.64121909905573,0
-6.228679,39,5692.368434,-100.0,-0.7514561173438542,0
-6.84488,40,5693.000964,-100.0,-0.6833622639727033,0
-6.141861,41,5693.65262,-100.0,-0.7586106182340919,0
-6.699716,54,5694.536414,-100.0,-0.793514702226424,0
-6.367229,41,5695.200083,-100.0,-0.6375611693704099,0
-6.349123,42,5695.873304,-100.0,-0.738289489106173,0
-6.126081,38,5696.472212,-100.0,-0.6967482961517125,0
-7.079559,42,5697.153419,-100.0,-0.6525248113402887,0
-7.386554,51,5697.964764,-100.0,-0.6730436396986684,0
-5.950507,42,5698.664604,-100.0,-0.8529435950682157,0
-6.652803,49,5699.437277,-100.0,-0.7873130206823648,0
-6.616455,42,5700.116823,-100.0,-0.8100415499503127,0
-6.528794,42,5700.785,-100.0,-0.7756280763392132,0
-6.749331,36,5701.359886,-100.0,-0.7595272421915908,0
-6.346426,42,5702.039783,-100.0,-0.656219195506041,0
-7.023356,47,5702.779839,-100.0,-0.6210924144392888,0
-6.698521,45,5703.491426,-100.0,-0.699075340779639,0
-6.309427,37,5704.095334,-100.0,-0.6866915243119094,0
-6.087478,39,5704.731622,-100.0,-0.7115408583857963,0
-6.40391,43,5705.426812,-100.0,-0.6641055816297542,0
-6.576511,36,5706.013441,-100.0,-0.6666510278571189,0
-6.901096,40,5706.660509,-100.0,-0.6608154450739726,0
-6.333374,45,5707.377041,-100.0,-0.7444034762964237,0
-6.277466,35,5707.96195,-100.0,-0.6725842991293063,0
-6.140301,42,5708.632059,-100.0,-0.7579941703875298,0
-6.89836,40,5709.283162,-100.0,-0.6475539848099744,0
-6.544861,39,5709.912953,-100.0,-0.7083054268051019,0
-6.478445,45,5710.628951,-100.0,-0.7815301420277304,0
-6.038417,40,5711.275425,-100.0,-0.8991245733267307,0
-6.407393,36,5711.850823,-100.0,-0.6850572764626492,0
-7.018805,41,5712.514217,-100.0,-0.6469242560869417,0
-6.751577,37,5713.098831,-100.0,-0.6930685069822315,0
-6.671745,44,5713.7983,-100.0,-0.6674023169696544,0
-6.377379,37,5714.401381,-100.0,-0.6690185150486521,0
-5.963348,47,5715.167908,-100.0,-0.7774770865515686,0
-6.088261,35,5715.740779,-100.0,-0.8293505907599457,0
-6.033375,33,5716.246401,-100.0,-0.650762135670318,0
-6.972034,48,5717.04767,-100.0,-0.6627835711461275,0
-6.379132,39,5717.669922,-100.0,-0.8258235171438362,0
-6.745112,46,5718.394621,-100.0,-0.7399373996451196,0
-6.041555,39,5719.014065,-100.0,-0.7677309195533824,0
-6.185069,38,5719.638613,-100.0,-0.7047500677031839,0
-6.671217,41,5720.283363,-100.0,-0.7215762153319951,0
-6.372901,39,5720.913468,-100.0,-0.7307397456008728,0
-6.390607,40,5721.56019,-100.0,-0.699298274536404,0
-5.961688,33,5722.094819,-100.0,-0.6495223460967376,0
-6.638195,44,5722.808551,-100.0,-0.6183754589263643,0
-6.672142,36,5723.382619,-100.0,-0.6820145696139464,0
-6.532004,39,5724.030546,-100.0,-0.6525642345153788,0
-6.837189,43,5724.70593,-100.0,-0.7142640698717765,0
-6.153264,45,5840.938232,-100.0,-0.8110462736989911,0
-5.856692,39,5841.582537,-100.0,-0.8103033941915231,0
-6.065552,37,5842.175983,-100.0,-0.7757013214767549,0
-6.462716,36,5842.758977,-100.0,-0.6233311711101491,0
-6.219975,38,5843.376959,-100.0,-0.7231480314082754,0
-6.93376,44,5844.07901,-100.0,-0.7211225880893555,0
-6.356572,37,5844.670761,-100.0,-0.679358622476297,0
-6.624301,42,5845.348773,-100.0,-0.7070713351955997,0
-5.806214,40,5846.000404,-100.0,-0.8338326237949033,0
-6.34505,37,5846.594774,-100.0,-0.7511632096175865,0
-6.099474,37,5847.183696,-100.0,-0.6375925881807404,0
-7.625195,51,5848.005764,-100.0,-0.6168657628971176,0
-6.263851,36,5848.580472,-100.0,-0.6319566318982779,0
-6.607353,37,5849.181996,-100.0,-0.8273353408321635,0
-6.230421,38,5849.774442,-100.0,-0.8216593920246844,0
-5.869431,34,5850.341517,-100.0,-0.83509504370581,0
-6.400107,41,5851.008277,-100.0,-0.6505232966308996,0
-6.244666,39,5851.641711,-100.0,-0.6895497006586023,0
-6.392488,40,5852.282371,-100.0,-0.597777989489488,0
-6.298498,35,5852.84626,-100.0,-0.7237497843606582,0
-6.561591,39,5853.462156,-100.0,-0.6734257330595572,0
-6.516077,43,5854.156217,-100.0,-0.7246565689449627,0
-6.279425,40,5854.797056,-100.0,-0.715597971694398,0
-6.786725,41,5855.443121,-100.0,-0.7071410957545385,0
-6.521317,42,5856.117316,-100.0,-0.6580097869307441,0
-6.651199,38,5856.733649,-100.0,-0.6424466537504802,0
-6.827634,48,5857.511391,-100.0,-0.6698857239927942,0
-6.032952,42,5858.173735,-100.0,-0.7641840261964692,0
-6.429341,42,5858.852657,-100.0,-0.6599426010338649,0
-6.369178,42,5859.531202,-100.0,-0.7154928355700869,0
-6.511011,40,5860.17977,-100.0,-0.7056392831387073,0
-6.29725,37,5860.767845,-100.0,-0.655008567113976,0
-6.549141,40,5861.416516,-100.0,-0.7062642532285182,0
-6.690598,40,5862.06707,-100.0,-0.7085158734696863,0
-6.497292,43,5862.777659,-100.0,-0.7215135903378819,0
-6.082023,38,5863.370855,-100.0,-0.7300647380270731,0
-6.548139,36,5863.953177,-100.0,-0.6297108177778039,0
-6.809599,41,5864.61549,-100.0,-0.6712639392891525,0
-6.250561,41,5865.441669,-100.0,-0.6951147085070108,0
-6.067074,36,5866.029552,-100.0,-0.7360738749310328,0
-6.44909,42,5866.698241,-100.0,-0.7038484997777503,0
-5.99605,43,5867.394985,-100.0,-0.7834444440471455,0
-5.985438,35,5867.971205,-100.0,-0.8607468213134982,0
-7.020986,39,5868.595307,-100.0,-0.6509808677407312,0
-5.805148,38,5869.205323,-100.0,-0.8227754002223261,0
-6.690583,43,5869.892727,-100.0,-0.6602465924114767,0
-6.321637,38,5870.505253,-100.0,-0.7654349429929223,0
-6.448037,35,5871.076249,-100.0,-0.679144052778462,0
-6.42812,40,5871.723969,-100.0,-0.7629626434161291,0
-6.133218,38,5872.337355,-100.0,-0.8588373258108566,0
-6.672622,40,5872.990564,-100.0,-0.689171505092561,0
-5.960174,39,5873.618389,-100.0,-0.7649246908441516,0
-7.14925,44,5993.678455,-100.0,-0.6656132623739754,0
-6.097755,40,5994.326118,-100.0,-0.6622608938674347,0
-6.303341,40,5994.990463,-100.0,-0.7526955138580825,0
-6.124941,40,5995.631066,-100.0,-0.8480814100890081,0
-6.357497,39,5996.264563,-100.0,-0.8093823047775822,0
-6.960035,39,5996.894264,-100.0,-0.6734449320488787,0
-6.577338,40,5997.541203,-100.0,-0.6468328779882739,0
-5.82036,40,5998.192348,-100.0,-0.8215278466171366,0
-5.768877,38,5998.804926,-100.0,-0.7595046100825824,0
-6.188997,37,5999.416076,-100.0,-0.8040338100481688,0
-6.501573,48,6000.176445,-100.0,-0.6642103387153272,0
-6.711197,36,6000.773666,-100.0,-0.6226608254146562,0
-6.717895,41,6001.444863,-100.0,-0.6761671275487795,0
-6.196426,39,6002.065323,-100.0,-0.6702907361965363,0
-6.09453,47,6002.830576,-100.0,-0.8765895714212434,0
-6.224917,38,6003.435358,-100.0,-0.7674406623642415,0
-6.192503,43,6004.140761,-100.0,-0.7361758403189532,0
-6.40829,39,6004.761919,-100.0,-0.696125521676971,0
-6.213373,44,6005.493935,-100.0,-0.7370682879774402,0
-6.585826,41,6006.163279,-100.0,-0.6502025514291976,0
-6.341832,47,6006.920893,-100.0,-0.8841337685702939,0
-6.324572,34,6007.483511,-100.0,-0.6546141464833002,0
-6.042993,39,6008.110739,-100.0,-0.8032723617640072,0
-6.231227,36,6008.676558,-100.0,-0.6529328116222597,0
-6.07952,39,6009.304932,-100.0,-0.7446245603720717,0
-6.000742,34,6009.863751,-100.0,-0.8061506237635699,0
-6.164749,39,6010.506389,-100.0,-0.7572694497050874,0
-7.217907,60,6011.465357,-100.0,-0.6946698376993461,0
-6.147265,41,6012.129688,-100.0,-0.7519421034433186,0
-6.384418,39,6012.755755,-100.0,-0.6267272851143983,0
-6.410078,36,6013.327735,-100.0,-0.6990301431149564,0
-5.972188,39,6013.967513,-100.0,-0.7547455193632744,0
-7.267347,40,6014.612554,-100.0,-0.6423861815192285,0
-6.43108,38,6015.220728,-100.0,-0.7521822629826873,0
-6.146988,42,6015.907761,-100.0,-0.8060210615178675,0
-6.241269,41,6016.567664,-100.0,-0.6755943278803046,0
-6.159312,47,6017.326594,-100.0,-0.8311606294289652,0
-6.352847,40,6017.976928,-100.0,-0.6234532052288461,0
-6.342682,34,6018.514896,-100.0,-0.7631306528980499,0
-6.434797,38,6019.13971,-100.0,-0.7344404463974277,0
-6.633554,46,6019.885559,-100.0,-0.8597577989680399,0
-6.133566,38,6020.521345,-100.0,-0.8353486267467953,0
-5.99794,36,6021.097291,-100.0,-0.7515108630561318,0
-6.678119,41,6021.7497,-100.0,-0.8223444359667826,0
-6.361654,44,6022.472568,-100.0,-0.7378814555059235,0
-5.752575,35,6023.046231,-100.0,-0.8148234786852165,0
-6.333632,42,6023.716721,-100.0,-0.6730680540299387,0
-6.431599,35,6024.298223,-100.0,-0.6461134053054777,0
-5.986936,34,6024.840943,-100.0,-0.7460523043562226,0
-7.032813,46,6025.580655,-100.0,-0.6997784111392069,0
-6.452853,39,6144.707077,-100.0,-0.6991497947412381,0
-5.988681,33,6145.309334,-100.0,-0.6969424754952308,0
-6.810274,36,6145.939826,-100.0,-0.602631366894867,0
-6.234722,34,6146.531728,-100.0,-0.7002190753163658,0
-6.615887,42,6147.275383,-100.0,-0.6757060561981977,0
-5.77254,38,6147.932306,-100.0,-0.7269105115000042,0
-6.872853,46,6148.733438,-100.0,-0.6770870882002674,0
-6.061516,42,6149.47403,-100.0,-0.7439636539938912,0
-6.44891,40,6150.194233,-100.0,-0.6668228514093669,0
-6.272255,50,6151.060174,-100.0,-0.7998866292923136,0
-6.505393,39,6151.745863,-100.0,-0.7240714737470307,0
-6.175805,38,6152.425038,-100.0,-0.6896234770859883,0
-6.213928,44,6153.183955,-100.0,-0.7633625504069691,0
-5.599835,33,6153.781409,-100.0,-0.7930533498346164,0
-6.275754,39,6154.46326,-100.0,-0.7379487955936308,0
-8.071618,38,6155.136507,-100.0,-0.8143071680824536,0
-6.397667,41,6155.845334,-100.0,-0.7360850005215874,0
-6.391938,42,6156.586694,-100.0,-0.6166608153066386,0
-6.27838,42,6157.321806,-100.0,-0.777429977980959,0
-5.743176,35,6157.937876,-100.0,-0.8606077151801999,0
-6.450655,38,6158.604063,-100.0,-0.7262036322435411,0
-6.351067,41,6159.333448,-100.0,-0.6597407162745688,0
-6.172758,38,6160.000323,-100.0,-0.7169563509721562,0
-6.328572,40,6160.703101,-100.0,-0.6792587963183797,0
-6.130493,35,6161.325532,-100.0,-0.6670459903004994,0
-6.621917,38,6161.992179,-100.0,-0.6684464628362933,0
-6.329958,42,6162.715583,-100.0,-0.6569653051014711,0
-6.362438,34,6163.314951,-100.0,-0.6554098744474748,0
-6.206672,39,6164.010415,-100.0,-0.843642195169798,0
-5.998187,39,6164.691258,-100.0,-0.8552539776153268,0
-6.672333,42,6165.422502,-100.0,-0.6267320533452948,0
-6.166003,37,6166.072808,-100.0,-0.7262154160063167,0
-6.20807,42,6166.813705,-100.0,-0.6797092136718521,0
-6.499673,40,6167.509134,-100.0,-0.6617840333800595,0
-6.632258,41,6168.230829,-100.0,-0.672868030919562,0
-6.474627,43,6168.969535,-100.0,-0.6417600612908725,0
-6.994913,36,6169.600805,-100.0,-0.6301791795820034,0
-6.12066,36,6170.246622,-100.0,-0.708294304109755,0
-6.427695,42,6170.966303,-100.0,-0.8192907533459363,0
-6.464178,41,6171.691631,-100.0,-0.6566834956118939,0
-6.176521,39,6172.376858,-100.0,-0.8807215227184831,0
-6.137823,37,6173.028494,-100.0,-0.6802938533338563,0
-6.330469,36,6173.671398,-100.0,-0.7366967559422107,0
-6.417114,42,6174.398784,-100.0,-0.7719302187658345,0
-6.273057,36,6175.031052,-100.0,-0.6807870005178724,0
-5.811107,37,6175.677196,-100.0,-0.8149070280542878,0
-6.457539,37,6176.340665,-100.0,-0.7423591829642416,0
-6.86156,49,6177.18064,-100.0,-0.6410593045387991,0
-6.397211,39,6177.878344,-100.0,-0.6939346705471268,0
-6.78603,48,6178.723379,-100.0,-0.753812058133164,0
-6.2626,36,6179.355635,-100.0,-0.7316310249409097,0
-6.395951,34,6179.969292,-100.0,-0.6578772938029271,0
-6.288469,42,6301.646811,-100.0,-0.6547390781467713,0
-6.180002,43,6302.350606,-100.0,-0.6636513472425332,0
-6.302657,38,6302.97572,-100.0,-0.729459314722359,0
-6.07276,36,6303.568361,-100.0,-0.8162072044297624,0
-6.42729,39,6304.21214,-100.0,-0.6858797607615654,0
-6.155694,33,6304.726301,-100.0,-0.6336894210151687,0
-6.922416,48,6305.52714,-100.0,-0.6488717770280845,0
-6.396242,46,6306.27235,-100.0,-0.6364118106927493,0
-5.813607,32,6306.807983,-100.0,-0.8918350812208777,0
-6.084803,37,6307.416592,-100.0,-0.708640215465187,0
-5.717301,39,6308.049467,-100.0,-0.7685775429707111,0
-6.006983,39,6308.667727,-100.0,-0.6159397089342111,0
-5.748001,37,6309.26265,-100.0,-0.713588284292708,0
-6.215271,42,6309.971647,-100.0,-0.7235341828950492,0
-6.768298,42,6310.646413,-100.0,-0.6699415882104689,0
-5.976373,36,6311.24249,-100.0,-0.7220791543658863,0
-6.240311,39,6311.871534,-100.0,-0.7048406107578014,0
-6.141556,50,6312.671176,-100.0,-0.7751594404387536,0
-5.815859,37,6313.279824,-100.0,-0.776901390347169,0
-6.404231,41,6313.943329,-100.0,-0.720615657391378,0
-6.329408,41,6314.614952,-100.0,-0.7421959281213796,0
-6.282732,41,6315.294274,-100.0,-0.7099874470181319,0
-6.46483,50,6316.108882,-100.0,-0.7317388548534516,0
-5.938576,40,6316.760721,-100.0,-0.7710600297683616,0
-6.116154,45,6317.504384,-100.0,-0.7637445096892383,0
-6.341987,41,6318.169432,-100.0,-0.7742945599848186,0
-6.295227,44,6318.878925,-100.0,-0.7544042614001425,0
-6.499161,45,6319.622149,-100.0,-0.6801447498289517,0
-6.037991,34,6320.183283,-100.0,-0.8175806510805436,0
-6.666351,45,6320.904992,-100.0,-0.672170436003702,0
-5.608309,34,6321.462273,-100.0,-0.6786696976390971,0
-6.219364,41,6322.135374,-100.0,-0.6804755156885843,0
-6.477493,39,6322.77235,-100.0,-0.6293295876922527,0
-5.88117,40,6323.420708,-100.0,-0.7181081040820957,0
-6.741244,36,6324.01917,-100.0,-0.6662277996597757,0
-6.116541,38,6324.645287,-100.0,-0.816582448591654,0
-6.203876,36,6325.232718,-100.0,-0.7494478092429817,0
-5.899251,41,6325.913494,-100.0,-0.7364272315765694,0
-5.630864,32,6326.435886,-100.0,-0.7989631237852082,0
-6.174944,34,6326.990173,-100.0,-0.7930371161777084,0
-6.014471,39,6327.626256,-100.0,-0.7841814441432379,0
-6.827892,37,6328.234546,-100.0,-0.5809271561740736,0
-6.199198,39,6328.864174,-100.0,-0.6145599514589145,0
-6.049304,40,6329.526083,-100.0,-0.7181672273860001,0
-6.463421,43,6330.228836,-100.0,-0.8319735661376393,0
-5.71858,34,6330.794676,-100.0,-0.6929972962339442,0
-6.04664,36,6331.359539,-100.0,-0.7407439839189652,0
-5.790249,34,6331.897962,-100.0,-0.7842952544916357,0
-6.625781,40,6332.568137,-100.0,-0.6620183516334758,0
-6.759911,44,6333.305191,-100.0,-0.7412650841066113,0
-5.903073,39,6333.927839,-100.0,-0.6982639596151708,0
-6.082547,39,6334.572748,-100.0,-0.8029883124698675,0
-6.336126,40,6452.102715,-100.0,-0.6706184438587408,0
-7.24665,48,6452.895722,-100.0,-0.5705238993304386,0
-6.23444,39,6453.540899,-100.0,-0.698282190607679,0
-6.136407,33,6454.081541,-100.0,-0.608856641637551,0
-6.389261,40,6454.750476,-100.0,-0.7696882910911701,0
-6.329317,46,6455.493235,-100.0,-0.6791120638239206,0
-6.134502,35,6456.067762,-100.0,-0.7141378313241888,0
-5.822735,44,6456.78327,-100.0,-0.8380944050246302,0
-6.390049,35,6457.381272,-100.0,-0.6259870550115926,0
-5.98965,38,6457.999081,-100.0,-0.7719540013523473,0
-6.489641,38,6458.636877,-100.0,-0.6547911503787521,0
-6.098405,35,6459.216835,-100.0,-0.6854774856526754,0
-6.608276,52,6460.046388,-100.0,-0.713700418587732,0
-6.300645,39,6460.69291,-100.0,-0.6784605247560174,0
-5.648967,38,6461.316599,-100.0,-0.8330367605664996,0
-6.397342,39,6461.970594,-100.0,-0.7755448340236515,0
-6.402265,36,6462.557152,-100.0,-0.6437581110359948,0
-5.982904,38,6463.174197,-100.0,-0.7671842204991974,0
-6.088249,34,6463.73259,-100.0,-0.691257912837646,0
-5.940377,36,6464.317789,-100.0,-0.8927515941161864,0
-6.255462,41,6464.993342,-100.0,-0.6645215599314007,0
-6.207993,35,6465.557594,-100.0,-0.7247070204044235,0
-5.992253,35,6466.145584,-100.0,-0.7135826140778493,0
-6.040166,34,6466.718779,-100.0,-0.7080176181833678,0
-6.517564,42,6467.398702,-100.0,-0.6619226357905614,0
-5.951309,42,6468.081159,-100.0,-0.7678897197356991,0
-6.720112,40,6468.724891,-100.0,-0.7610088528452629,0
-6.107082,41,6469.391915,-100.0,-0.6961462034602911,0
-6.119574,43,6470.102414,-100.0,-0.6683849567698174,0
-6.650957,37,6470.698283,-100.0,-0.6217100794084355,0
-6.189408,37,6471.315148,-100.0,-0.6269483916750067,0
-6.30363,37,6471.916098,-100.0,-0.6840877633446456,0
-6.414738,45,6472.666593,-100.0,-0.6401542938134402,0
-6.323692,34,6473.213668,-100.0,-0.6572430145334893,0
-5.94194,39,6473.856816,-100.0,-0.9175263205747755,0
-6.341722,41,6474.543401,-100.0,-0.7873120922812227,0
-6.463739,40,6475.195126,-100.0,-0.6758588851087267,0
-6.216596,39,6475.844792,-100.0,-0.7065084756646491,0
-6.910803,38,6476.455951,-100.0,-0.6694456598512019,0
-6.635991,40,6477.115915,-100.0,-0.673420866366667,0
-5.957672,34,6477.674539,-100.0,-0.6590292281264654,0
-5.873144,40,6478.342974,-100.0,-0.8386509825732917,0
-6.838626,49,6479.130139,-100.0,-0.6388695896061661,0
-5.94879,35,6479.723587,-100.0,-0.6933059560641153,0
-6.698327,40,6480.360272,-100.0,-0.6793239379280858,0
-6.465647,42,6481.043734,-100.0,-0.6901532407839254,0
-5.759157,35,6481.632652,-100.0,-0.9068002688322656,0
-6.202707,36,6482.225192,-100.0,-0.6998458852061897,0
-6.159146,37,6482.845186,-100.0,-0.6957236535957606,0
-6.184004,41,6483.508014,-100.0,-0.81219775311079,0
-6.314725,46,6484.248202,-100.0,-0.7526592650515709,0
-6.583819,41,6484.919857,-100.0,-0.6713753316840426,0
-6.000799,43,6601.691759,-100.0,-0.76576061639041,0
-6.349365,39,6602.335528,-100.0,-0.6315036841543288,0
-6.21392,46,6603.103475,-100.0,-0.7621977325614575,0
-5.959647,35,6603.678281,-100.0,-0.7386983296427405,0
-6.310707,38,6604.307347,-100.0,-0.6686634935320926,0
-6.18174,36,6604.895491,-100.0,-0.5809877407231316,0
-5.963785,40,6605.551307,-100.0,-0.7358363757262031,0
-6.642641,41,6606.219367,-100.0,-0.6439950465905768,0
-5.919442,33,6606.767512,-100.0,-0.7468995788984475,0
-6.591259,39,6607.406958,-100.0,-0.7386524619257023,0
-5.920528,35,6607.988345,-100.0,-0.8102725716756829,0
-6.316799,33,6608.52426,-100.0,-0.6843726677101704,0
-6.341474,36,6609.116332,-100.0,-0.6654522070020014,0
-6.450402,39,6609.751187,-100.0,-0.6635507097205762,0
-5.890081,37,6610.377045,-100.0,-0.8704193284848005,0
-5.938858,38,6611.013392,-100.0,-0.7653934134829263,0
-6.722026,42,6611.690374,-100.0,-0.7342750877658019,0
-6.163979,34,6612.258792,-100.0,-0.7474468395434073,0
-5.669996,39,6612.893237,-100.0,-0.8218607541833342,0
-6.063321,35,6613.472558,-100.0,-0.7190831192219289,0
-6.148656,38,6614.089026,-100.0,-0.7068580131734111,0
-5.858242,34,6614.667158,-100.0,-0.8078087288717354,0
-6.106121,36,6615.2613,-100.0,-0.6245551661134996,0
-6.350559,35,6615.823039,-100.0,-0.6165752560975467,0
-5.957455,38,6616.46102,-100.0,-0.7390812547659106,0
-5.679555,39,6617.085999,-100.0,-0.8428886334926465,0
-5.788488,38,6617.725951,-100.0,-0.7110712926580979,0
-5.756779,35,6618.28528,-100.0,-0.6383663460806959,0
-6.236252,46,6619.040937,-100.0,-0.8199369898322728,0
-6.085747,37,6619.660828,-100.0,-0.6399353147816106,0
-6.60601,43,6620.351516,-100.0,-0.6841970100238981,0
-5.756095,39,6621.004059,-100.0,-0.7623531906372361,0
-6.243319,35,6621.574802,-100.0,-0.7129183559226266,0
-6.016976,39,6622.225009,-100.0,-0.7151003735774524,0
-5.6564,38,6622.848883,-100.0,-0.8391543522708343,0
-6.198378,39,6623.493528,-100.0,-0.7097116809635499,0
-5.578372,33,6624.041295,-100.0,-0.8338549632671375,0
-5.601222,34,6624.583873,-100.0,-0.8330996093604977,0
-6.017337,34,6625.144982,-100.0,-0.6946998260187636,0
-5.950503,34,6625.709281,-100.0,-0.7264803819457782,0
-6.186145,39,6626.355171,-100.0,-0.6930732225112359,0
-6.195135,43,6627.055783,-100.0,-0.6896836884564826,0
-6.298061,40,6627.71698,-100.0,-0.6867348498933761,0
-6.4777,42,6628.407162,-100.0,-0.880524382874749,0
-5.874142,39,6629.050967,-100.0,-0.8756484819548771,0
-6.188245,38,6629.666718,-100.0,-0.6147595917799064,0
-5.802017,34,6630.22858,-100.0,-0.7732241272155804,0
-5.801085,43,6630.956718,-100.0,-0.850015337766739,0
-5.906357,34,6631.50888,-100.0,-0.6639598272954791,0
-5.712627,32,6632.043468,-100.0,-0.7528273810782713,0
-6.572205,38,6632.668308,-100.0,-0.6772025646529848,0
-6.155606,42,6633.353005,-100.0,-0.8561846629095091,0
-7.306019,41,6634.027108,-100.0,-0.5963655146110293,0
-5.934499,35,6634.603611,-100.0,-0.8528962902670878,0
-6.157093,44,6635.337324,-100.0,-0.719007752139765,0
-5.638347,33,6751.506799,-100.0,-0.7108918588453605,0
-6.187567,41,6752.194779,-100.0,-0.7496546638245898,0
-6.25471,38,6752.812404,-100.0,-0.7526429124872587,0
-5.651009,35,6753.403086,-100.0,-0.7422264161187274,0
-5.761263,37,6754.0111,-100.0,-0.8844199703364101,0
-6.4257,36,6754.609829,-100.0,-0.6369656709096639,0
-6.176481,38,6755.232439,-100.0,-0.6981282528122208,0
-5.668403,34,6755.802663,-100.0,-0.8304332896317586,0
-6.464028,35,6756.377522,-100.0,-0.5755030779121298,0
-5.793362,33,6756.917807,-100.0,-0.7792512849444242,0
-6.890667,36,6757.517073,-100.0,-0.7598650136478499,0
-6.08102,34,6758.0946,-100.0,-0.6695028492084241,0
-5.859816,35,6758.67918,-100.0,-0.6238010158554658,0
-5.643335,36,6759.267131,-100.0,-0.7588554981916102,0
-5.73265,37,6759.866891,-100.0,-0.8064602996149921,0
-6.084003,33,6760.415411,-100.0,-0.779094769972586,0
-6.51061,45,6761.153066,-100.0,-0.692371685299698,0
-5.959995,43,6761.860354,-100.0,-0.7677395173740439,0
-6.127365,37,6762.47087,-100.0,-0.7674652774545111,0
-5.950053,43,6763.186318,-100.0,-0.7854047960908325,0
-6.152027,41,6763.858754,-100.0,-0.7306139404999955,0
-5.855839,38,6764.490476,-100.0,-0.7113881019004941,0
-6.043479,39,6765.119009,-100.0,-0.7323800639266839,0
-6.198158,34,6765.683995,-100.0,-0.7324684446845706,0
-6.090015,38,6766.311417,-100.0,-0.6970344492513576,0
-5.718616,36,6766.911,-100.0,-0.716433891939979,0
-5.581342,35,6767.497578,-100.0,-0.7847844142820066,0
-6.41518,42,6768.188035,-100.0,-0.6495467346872422,0
-5.605275,33,6768.739774,-100.0,-0.7463445305850989,0
-6.012565,34,6769.291179,-100.0,-0.6789269851542012,0
-6.291664,34,6769.864893,-100.0,-0.6892855822899725,0
-6.604124,41,6770.54817,-100.0,-0.6484041370156962,0
-5.985023,44,6771.281459,-100.0,-0.8011182928913504,0
-6.219809,39,6771.913131,-100.0,-0.6602952081836029,0
-6.05479,34,6772.46606,-100.0,-0.6825048926861607,0
-6.109722,34,6773.024994,-100.0,-0.7178318545792348,0
-6.117139,40,6773.690731,-100.0,-0.7261667886278728,0
-5.723856,36,6774.280049,-100.0,-0.6836753765658652,0
-6.264377,40,6774.946505,-100.0,-0.6777460086052725,0
-5.445128,33,6775.499467,-100.0,-0.734422942055345,0
-6.169477,37,6776.126312,-100.0,-0.7708584387498373,0
-6.018647,38,6776.742018,-100.0,-0.7340749780266654,0
-6.068881,43,6777.44121,-100.0,-0.7589257526005864,0
-5.981325,34,6778.001616,-100.0,-0.6913942921525766,0
-5.88489,33,6778.560634,-100.0,-0.8478540402030965,0
-6.133823,34,6779.124767,-100.0,-0.7183745436331321,0
-6.223483,37,6779.731564,-100.0,-0.7184945752639702,0
-6.194272,39,6780.377762,-100.0,-0.6259358127547202,0
-5.253168,32,6780.908699,-100.0,-0.6597254126083932,0
-6.092057,36,6781.512761,-100.0,-0.6404371105429296,0
-5.831353,37,6782.114398,-100.0,-0.7204402211520801,0
-6.593586,35,6782.704681,-100.0,-0.6694446087949624,0
-6.504096,44,6783.430824,-100.0,-0.6476737946478783,0
-6.001123,35,6784.003645,-100.0,-0.7470107765575932,0
-6.185969,43,6784.698872,-100.0,-0.7067624403752831,0
-6.003599,33,6903.759178,-100.0,-0.6676516920660067,0
-5.750008,37,6904.371127,-100.0,-0.7832817385342278,0
-5.602828,33,6904.920091,-100.0,-0.680202564560677,0
-6.036629,35,6905.509649,-100.0,-0.7308931351229564,0
-6.219434,37,6906.120502,-100.0,-0.6789986891178977,0
-5.632753,34,6906.679596,-100.0,-0.8141148287404509,0
-6.257138,39,6907.337922,-100.0,-0.7382499640995259,0
-6.023575,43,6908.055179,-100.0,-0.7304164138684374,0
-5.699537,36,6908.666134,-100.0,-0.7238656323846242,0
-6.378398,34,6909.220543,-100.0,-0.6951410551713257,0
-5.869517,35,6909.810032,-100.0,-0.7407896043983767,0
-5.856294,36,6910.392676,-100.0,-0.7470016291754632,0
-5.871447,35,6910.968979,-100.0,-0.6883392818246589,0
-6.328683,40,6911.62796,-100.0,-0.7790378955818428,0
-5.979469,38,6912.269569,-100.0,-0.6943963410498876,0
-6.241642,36,6912.860422,-100.0,-0.7309180576053399,0
-5.970081,34,6913.41875,-100.0,-0.6755554798932478,0
-6.118198,42,6914.13307,-100.0,-0.7714949957294489,0
-6.137183,37,6914.736724,-100.0,-0.7324037512739776,0
-5.884043,34,6915.297934,-100.0,-0.7653646665565442,0
-6.354711,35,6915.870803,-100.0,-0.6865808400945369,0
-6.339328,44,6916.608982,-100.0,-0.6662102741754962,0
-5.749372,34,6917.181432,-100.0,-0.8168051411994117,0
-5.645193,33,6917.72043,-100.0,-0.7613992148506844,0
-5.958062,38,6918.350824,-100.0,-0.8277880496071958,0
-5.945346,33,6918.892156,-100.0,-0.7614951074972888,0
-6.529452,41,6919.575055,-100.0,-0.6574001261888655,0
-6.093912,39,6920.218358,-100.0,-0.7587471181667578,0
-6.157158,40,6920.880167,-100.0,-0.6470122031645134,0
-6.28571,35,6921.463215,-100.0,-0.6320875373916898,0
-5.644575,34,6922.02141,-100.0,-0.7661167454592908,0
-5.990355,38,6922.667056,-100.0,-0.6925400218004915,0
-5.716979,41,6923.332062,-100.0,-0.7874159570956356,0
-6.349843,35,6923.906092,-100.0,-0.6694356523306937,0
-6.037567,37,6924.531602,-100.0,-0.7102364939312532,0
-6.234916,38,6925.142086,-100.0,-0.7705780428736481,0
-5.899243,35,6925.730505,-100.0,-0.8180350061617,0
-5.454819,33,6926.261262,-100.0,-0.674871708011871,0
-5.969941,33,6926.810975,-100.0,-0.6614461081798533,0
-6.134372,33,6927.354485,-100.0,-0.7094661993403057,0
-6.203941,41,6928.027862,-100.0,-0.7579984272041422,0
-6.77091,43,6928.748406,-100.0,-0.6352050044987031,0
-6.195324,36,6929.346613,-100.0,-0.6754696299122809,0
-5.835706,43,6930.046944,-100.0,-0.7674916881430358,0
-5.975984,37,6930.655791,-100.0,-0.6714274356713867,0
-5.873113,37,6931.270083,-100.0,-0.7318005974955129,0
-6.156883,37,6931.876391,-100.0,-0.7217709813224832,0
-5.86369,36,6932.477107,-100.0,-0.6506925202564724,0
-6.019338,39,6933.122546,-100.0,-0.7236583773690545,0
-5.755236,33,6933.687112,-100.0,-0.7788023094186839,0
-5.811486,37,6934.285324,-100.0,-0.7228187706217092,0
-6.126493,43,6934.992303,-100.0,-0.7682829028642669,0
-6.579242,40,6935.657185,-100.0,-0.673068375422625,0
-5.929115,34,6936.230882,-100.0,-0.67896971076344,0
-6.241447,39,6936.867182,-100.0,-0.7903090810295528,0
-6.280693,38,7033.439333,-100.0,-0.6505096796517476,0
-5.674425,34,7034.006845,-100.0,-0.7179628998052561,0
-6.497083,37,7034.619486,-100.0,-0.7222511354305398,0
-5.852587,35,7035.194854,-100.0,-0.6802494180605161,0
-6.24746,39,7035.851521,-100.0,-0.6957838865017038,0
-6.245445,41,7036.539747,-100.0,-0.7039659487455201,0
-6.062151,40,7037.20226,-100.0,-0.8018005846313837,0
-6.570555,41,7037.879307,-100.0,-0.70106257254802,0
-6.140813,34,7038.445304,-100.0,-0.714573422210042,0
-6.202804,36,7039.048194,-100.0,-0.5972586745086059,0
-5.690617,33,7039.602779,-100.0,-0.7960122878409369,0
-5.947879,38,7040.22753,-100.0,-0.8169490057146714,0
-5.912837,46,7040.978959,-100.0,-0.8194415507690684,0
-5.68236,35,7041.554841,-100.0,-0.8088183392211762,0
-5.808093,34,7042.127023,-100.0,-0.7184590735068244,0
-5.934867,37,7042.743525,-100.0,-0.7427465140535898,0
-5.686324,33,7043.291873,-100.0,-0.7483894615981346,0
-5.9595,34,7043.854658,-100.0,-0.7069459322471775,0
-5.994587,33,7044.402468,-100.0,-0.6561363068960833,0
-5.419322,34,7044.976708,-100.0,-0.7924075389025645,0
-5.822183,40,7045.646764,-100.0,-0.7679850544697773,0
-6.123204,33,7046.192916,-100.0,-0.6428002280703238,0
-5.958453,40,7046.859066,-100.0,-0.7698131859425118,0
-6.483357,42,7047.543696,-100.0,-0.7584869751109549,0
-5.932261,41,7048.211958,-100.0,-0.7802678404683496,0
-5.941989,34,7048.789017,-100.0,-0.819927540032248,0
-6.158944,34,7049.352739,-100.0,-0.6932361989107809,0
-6.232839,40,7050.015905,-100.0,-0.7374315385616924,0
-5.858162,35,7050.602513,-100.0,-0.710130691175152,0
-6.091738,35,7051.162383,-100.0,-0.6736480420794541,0
-5.748934,33,7051.72609,-100.0,-0.8287232955734747,0
-6.582047,38,7052.35468,-100.0,-0.6682948298494148,0
-6.463602,36,7052.950294,-100.0,-0.5956487580649056,0
-5.90893,34,7053.529176,-100.0,-0.6885401872581977,0
-5.621928,32,7054.038087,-100.0,-0.8682993713461422,0
-5.841524,36,7054.640399,-100.0,-0.7623257811308334,0
-6.386386,37,7055.244226,-100.0,-0.6887512876694021,0
-5.598217,34,7055.818383,-100.0,-0.7227419176464837,0
-6.089165,33,7056.378839,-100.0,-0.6862441382872948,0
-5.801983,38,7056.999022,-100.0,-0.7640334618203092,0
-5.712177,34,7057.568781,-100.0,-0.861730649113024,0
-6.061274,37,7058.177193,-100.0,-0.7157522550547771,0
-6.304998,35,7058.765132,-100.0,-0.6673796993596133,0
-6.537682,39,7059.410308,-100.0,-0.6735542030737435,0
-6.810401,53,7060.305004,-100.0,-0.7096643498020632,0
-5.925783,37,7060.91895,-100.0,-0.6665521277757579,0
-6.017435,34,7061.487996,-100.0,-0.7116404799243108,0
-5.669597,40,7062.153542,-100.0,-0.8521447951836478,0
-5.675589,37,7062.757537,-100.0,-0.7420734619655829,0
-5.924641,33,7063.310686,-100.0,-0.8685767527905639,0
-6.037537,35,7063.903975,-100.0,-0.7151660926799718,0
-5.798142,34,7064.465549,-100.0,-0.6552646140657846,0
-5.813926,37,7065.085644,-100.0,-0.8223640738424892,0
-5.960483,36,7065.675114,-100.0,-0.7656400118742267,0
-5.648879,32,7066.20505,-100.0,-0.7272159393980927,0
-6.251363,37,7066.81453,-100.0,-0.732489803538301,0
-6.083406,37,7173.887069,-100.0,-0.7315099831373081,0
-6.018989,36,7174.484961,-100.0,-0.8089164156537654,0
-6.184054,34,7175.067537,-100.0,-0.6803681494818911,0
-6.128727,36,7175.648815,-100.0,-0.7303227974510715,0
-6.001065,38,7176.283074,-100.0,-0.7338887512131527,0
-6.061336,39,7176.925209,-100.0,-0.6462338178654727,0
-6.084914,42,7177.619758,-100.0,-0.7535123141231408,0
-5.964534,36,7178.235001,-100.0,-0.697586319345101,0
-6.052597,33,7178.78864,-100.0,-0.6841435274574531,0
-6.205684,40,7179.437432,-100.0,-0.7126774306195964,0
-6.038012,39,7180.085003,-100.0,-0.8521114050912579,0
-6.171391,36,7180.688536,-100.0,-0.7177069171867878,0
-6.187085,39,7181.337152,-100.0,-0.6168663337908766,0
-5.657023,34,7181.911163,-100.0,-0.7447359468510073,0
-5.852946,33,7182.454078,-100.0,-0.6704675416459503,0
-5.747111,33,7182.995614,-100.0,-0.7620379825811883,0
-5.827554,34,7183.559347,-100.0,-0.7575777046120346,0
-6.361363,42,7184.280109,-100.0,-0.7254420234285861,0
-5.572272,34,7184.827814,-100.0,-0.8236453808152437,0
-5.936769,42,7185.544059,-100.0,-0.9609591415529957,0
-5.868123,32,7186.077121,-100.0,-0.8153032975799221,0
-6.022252,35,7186.659106,-100.0,-0.6622320805586439,0
-6.073123,40,7187.345943,-100.0,-0.701008866937288,0
-6.072562,40,7188.013388,-100.0,-0.6736740435500086,0
-6.147187,34,7188.576474,-100.0,-0.663206924023803,0
-5.726739,33,7189.135105,-100.0,-0.7693380297507073,0
-6.162655,33,7189.693734,-100.0,-0.6752422773647351,0
-5.835969,33,7190.23404,-100.0,-0.6793573786231958,0
-5.886425,37,7190.854795,-100.0,-0.6911520563889684,0
-6.374923,39,7191.506722,-100.0,-0.6674040170633646,0
-5.624336,35,7192.079769,-100.0,-0.8333200283662208,0
-5.856585,39,7192.722012,-100.0,-0.7566090150456835,0
-6.857727,38,7193.368183,-100.0,-0.6530137079208338,0
-6.215747,36,7193.978303,-100.0,-0.683357017979468,0
-5.871651,33,7194.527415,-100.0,-0.7773723106843037,0
-6.010866,36,7195.13263,-100.0,-0.7412017808053767,0
-5.920021,34,7195.695732,-100.0,-0.6659114261480259,0
-6.185928,39,7196.351944,-100.0,-0.733490171709008,0
-6.13284,42,7197.025042,-100.0,-0.6491429764914927,0
-5.867289,33,7197.585679,-100.0,-0.6663129452713596,0
-5.602085,33,7198.134595,-100.0,-0.7734452310431617,0
-5.926703,39,7198.79249,-100.0,-0.7560064158684902,0
-6.33005,36,7199.39314,-100.0,-0.881278203717914,0
-5.687767,34,7199.968569,-100.0,-0.7254860581173687,0
-6.057262,34,7200.533998,-100.0,-0.675067109782324,0
-5.982369,41,7201.213939,-100.0,-0.6738875998758787,0
-5.932726,39,7201.850676,-100.0,-0.6962681090186731,0
-5.620977,33,7202.400563,-100.0,-0.8339021862399933,0
-6.609063,41,7203.080006,-100.0,-0.71624635039023,0
-5.816355,33,7203.648402,-100.0,-0.6943251760787615,0
-5.712048,34,7204.200593,-100.0,-0.8490319826162663,0
-6.11349,34,7204.779627,-100.0,-0.6338959420826494,0
-6.182578,34,7205.334173,-100.0,-0.6586488400981415,0
-6.037912,35,7205.90771,-100.0,-0.6827668714567944,0
-5.672547,33,7206.444999,-100.0,-0.7160963743851261,0
-5.908665,42,7207.159979,-100.0,-0.7474662809735914,0
-6.136679,35,7207.719742,-100.0,-0.7210288669181847,0
-6.167244,35,7314.970197,-100.0,-0.6481997321399426,0
-5.797415,33,7315.518464,-100.0,-0.7520280737705212,0
-6.082819,41,7316.212574,-100.0,-0.7449766195956635,0
-6.029003,33,7316.771296,-100.0,-0.6566997011328076,0
-5.967222,37,7317.384229,-100.0,-0.6965263066360938,0
-5.862435,34,7317.953998,-100.0,-0.7290063464529329,0
-5.749018,33,7318.499764,-100.0,-0.8636647524255038,0
-5.935174,33,7319.062856,-100.0,-0.7389506364958319,0
-5.909234,38,7319.703048,-100.0,-0.7279909415118865,0
-5.344552,33,7320.250427,-100.0,-0.8502441871659963,0
-5.531649,34,7320.828159,-100.0,-0.7889136825856988,0
-5.553994,32,7321.375013,-100.0,-0.8607206463304463,0
-5.993305,34,7321.944958,-100.0,-0.6684326154771834,0
-5.440322,34,7322.492842,-100.0,-0.8133112761079546,0
-6.321448,37,7323.116955,-100.0,-0.7480986084004014,0
-5.396403,33,7323.671477,-100.0,-0.8417082061804838,0
-5.765442,32,7324.194885,-100.0,-0.8084809769733783,0
-5.598162,35,7324.797515,-100.0,-0.7545730484575637,0
-6.30589,35,7325.367119,-100.0,-0.607473394698583,0
-5.882206,34,7325.933961,-100.0,-0.6184662096196756,0
-5.697393,33,7326.485897,-100.0,-0.7030247346037238,0
-6.001841,33,7327.039843,-100.0,-0.7110600045696668,0
-5.956417,35,7327.626414,-100.0,-0.7727486059914983,0
-6.172534,37,7328.241455,-100.0,-0.6821220645874088,0
-5.978059,33,7328.787265,-100.0,-0.7016316804168268,0
-5.552156,34,7329.366896,-100.0,-0.7656708214841081,0
-6.037154,36,7329.963779,-100.0,-0.7032867466004874,0
-6.045449,33,7330.531359,-100.0,-0.6606445637121456,0
-5.479347,37,7331.148126,-100.0,-0.7745166754039902,0
-5.898755,34,7331.718701,-100.0,-0.6419271302640511,0
-5.972665,34,7332.287869,-100.0,-0.6119801825899228,0
-5.467358,34,7332.850167,-100.0,-0.7238268066537913,0
-5.785891,36,7333.461151,-100.0,-0.7345003339234358,0
-5.753356,32,7334.003516,-100.0,-0.6757829335763847,0
-5.708931,34,7334.571157,-100.0,-0.7143898580533913,0
-6.29665,40,7335.241724,-100.0,-0.7392551072540726,0
-5.67589,34,7335.799379,-100.0,-0.7304371752850269,0
-6.086897,33,7336.357717,-100.0,-0.6547856538608425,0
-6.222359,35,7336.939927,-100.0,-0.6613645011833249,0
-5.79689,41,7337.631471,-100.0,-0.7214821898967656,0
-5.933858,33,7338.176975,-100.0,-0.7452028986268252,0
-6.04861,46,7338.950655,-100.0,-0.7083501877152416,0
-5.743359,33,7339.510052,-100.0,-0.7502550764693618,0
-5.668777,34,7340.077069,-100.0,-0.6994102862665809,0
-5.949475,39,7340.733701,-100.0,-0.7180081217544783,0
-6.297267,41,7341.408046,-100.0,-0.6787916075312411,0
-5.694066,34,7341.9741,-100.0,-0.6845638106119502,0
-5.968633,43,7342.688255,-100.0,-0.7740736288233814,0
-6.372291,37,7343.296493,-100.0,-0.6375379595002338,0
-6.094815,37,7343.912758,-100.0,-0.7309121789079558,0
-6.281413,35,7344.495656,-100.0,-0.6264674392854899,0
-5.726783,33,7345.052159,-100.0,-0.6962700297019259,0
-6.506185,45,7345.813422,-100.0,-0.6990423690370309,0
-5.895207,33,7346.355423,-100.0,-0.7102645775924432,0
-6.274362,38,7347.006215,-100.0,-0.6568920785868967,0
-5.851432,35,7347.587759,-100.0,-0.6157558995913346,0
-5.654502,33,7348.1301,-100.0,-0.7287529233315598,0
-5.96582,36,7348.742964,-100.0,-0.6689866251402921,0
-5.765743,47,7478.275317,-100.0,-0.7630239287624542,0
-5.530163,33,7478.840974,-100.0,-0.7379649002095318,0
-6.492061,37,7479.44666,-100.0,-0.6852922656977457,0
-5.85211,35,7480.039642,-100.0,-0.8884983363824139,0
-5.82554,41,7480.723717,-100.0,-0.7000759192088256,0
-5.895434,33,7481.278503,-100.0,-0.7071368914107965,0
-6.036255,43,7482.002978,-100.0,-0.7546212554051669,0
-5.779794,34,7482.566412,-100.0,-0.7820656111418888,0
-6.105934,34,7483.13821,-100.0,-0.623033681635908,0
-5.910534,44,7483.867809,-100.0,-0.7880193203402247,0
-6.127334,34,7484.445369,-100.0,-0.7079777920404797,0
-5.874684,34,7485.013653,-100.0,-0.7075330598739875,0
-6.171081,34,7485.582566,-100.0,-0.6640398721688013,0
-5.989507,34,7486.143113,-100.0,-0.7380749767770635,0
-6.108501,34,7486.717739,-100.0,-0.6716110921953681,0
-5.811428,32,7487.250755,-100.0,-0.6344887170780771,0
-6.157927,43,7487.975037,-100.0,-0.7019490923490506,0
-5.96262,33,7488.523695,-100.0,-0.7526314730669426,0
-5.765305,34,7489.07936,-100.0,-0.7253459251549113,0
-6.011209,33,7489.642886,-100.0,-0.7164996170921655,0
-5.94675,34,7490.20503,-100.0,-0.7599152917357753,0
-5.742334,35,7490.796884,-100.0,-0.7396402017322875,0
-6.161615,41,7491.487463,-100.0,-0.6719490613567355,0
-5.593891,34,7492.058451,-100.0,-0.7906754357010272,0
-5.826768,35,7492.642127,-100.0,-0.7671271512884268,0
-6.20796,35,7493.240079,-100.0,-0.6726761036464073,0
-5.775139,33,7493.789342,-100.0,-0.8021001103662739,0
-5.952692,34,7494.349574,-100.0,-0.6339950700008673,0
-5.925094,32,7494.884755,-100.0,-0.6389909134544572,0
-5.711095,34,7495.46784,-100.0,-0.6940882915242929,0
-5.860624,33,7496.018757,-100.0,-0.7036018155290407,0
-5.504582,35,7496.606565,-100.0,-0.7577124502512961,0
-5.969109,34,7497.177216,-100.0,-0.6608523099277519,0
-5.846191,36,7497.781789,-100.0,-0.6520873852574111,0
-5.786675,33,7498.331606,-100.0,-0.7036518159443379,0
-5.64009,33,7498.892559,-100.0,-0.8087514392310106,0
-6.073716,42,7499.599429,-100.0,-0.6385192485762481,0
-5.563535,32,7500.129148,-100.0,-0.7754959759151366,0
-5.718232,33,7500.690554,-100.0,-0.7708287143922897,0
-5.964703,34,7501.248417,-100.0,-0.6746075060071162,0
-6.05457,35,7501.830927,-100.0,-0.668029984438138,0
-5.637863,33,7502.370269,-100.0,-0.7084164976401832,0
-6.017793,39,7503.042278,-100.0,-0.8197486424523638,0
-5.660416,36,7503.649599,-100.0,-0.7230712132872256,0
-5.581846,33,7504.196441,-100.0,-0.851059610042562,0
-5.74382,33,7504.748197,-100.0,-0.6826254818774872,0
-5.592156,32,7505.286324,-100.0,-0.8332134516137653,0
-5.822101,38,7505.919997,-100.0,-0.8117519469914077,0
-6.330392,40,7506.603871,-100.0,-0.6707744777588933,0
-6.206086,36,7507.213042,-100.0,-0.7269377627975561,0
-5.458137,34,7507.77843,-100.0,-0.8078791344848004,0
-6.083113,34,7508.345134,-100.0,-0.7053875418528106,0
-5.805604,33,7508.888952,-100.0,-0.6622980929170402,0
-5.721991,34,7509.47467,-100.0,-0.8455539038879649,0
-6.319524,33,7510.018924,-100.0,-0.666982610650497,0
-5.89185,34,7510.599179,-100.0,-0.662717196161008,0
-5.647204,40,7511.253455,-100.0,-0.6781546321660297,0
-5.829646,33,7511.812427,-100.0,-0.6890553247880995,0
-5.659018,39,7636.709316,-100.0,-0.8248106030061647,0
-5.830596,33,7637.27878,-100.0,-0.7689237051174795,0
-5.626527,33,7637.839762,-100.0,-0.7811504718073755,0
-6.055318,35,7638.422032,-100.0,-0.7277835750374843,0
-5.733926,32,7638.963044,-100.0,-0.8198127213110599,0
-5.261225,33,7639.504782,-100.0,-0.8522172366971354,0
-5.414864,32,7640.034826,-100.0,-0.854006699997821,0
-5.925977,33,7640.595418,-100.0,-0.7156898794128475,0
-6.042735,40,7641.277171,-100.0,-0.7054126331181595,0
-5.734133,34,7641.846389,-100.0,-0.7892528211999881,0
-5.984641,33,7642.400131,-100.0,-0.6381654681383752,0
-5.603726,32,7642.952281,-100.0,-0.8488128228702755,0
-5.68512,33,7643.501543,-100.0,-0.7198902851613775,0
-5.641943,38,7644.120416,-100.0,-0.8482952055374817,0
-6.149781,33,7644.689254,-100.0,-0.6787070715577578,0
-5.830165,34,7645.259007,-100.0,-0.8135801835654263,0
-5.941622,33,7645.820267,-100.0,-0.6567520113829481,0
-5.714099,34,7646.381329,-100.0,-0.764896209420139,0
-5.902135,36,7646.981649,-100.0,-0.7519639343472492,0
-5.714153,35,7647.567932,-100.0,-0.8126704861170599,0
-5.947637,40,7648.22678,-100.0,-0.7825452762164455,0
-5.860065,36,7648.831905,-100.0,-0.8174898247898197,0
-6.061987,35,7649.415522,-100.0,-0.6911707529233765,0
-5.726424,33,7649.97244,-100.0,-0.7236780994991595,0
-6.190562,41,7650.648925,-100.0,-0.715944872668471,0
-5.94287,33,7651.21334,-100.0,-0.7183844844685233,0
-5.962334,34,7651.788952,-100.0,-0.7038848142952358,0
-6.081601,38,7652.418604,-100.0,-0.7300747164171812,0
-6.163182,45,7653.194944,-100.0,-0.6134602493032971,0
-5.744396,34,7653.750803,-100.0,-0.7718097018358383,0
-6.14929,40,7654.4443,-100.0,-0.7040356479804444,0
-6.297111,36,7655.059438,-100.0,-0.6441262777891736,0
-5.713958,34,7655.627963,-100.0,-0.7415655205123063,0
-6.073471,33,7656.170046,-100.0,-0.6790238541156612,0
-6.009273,44,7656.89775,-100.0,-0.7888356883671475,0
-5.784268,33,7657.453828,-100.0,-0.7325188223511384,0
-6.167226,37,7658.082412,-100.0,-0.633351787639086,0
-5.523417,32,7658.613386,-100.0,-0.8266832949996165,0
-6.097594,33,7659.168103,-100.0,-0.6936761247074058,0
-6.00262,36,7659.777168,-100.0,-0.7222191891817826,0
-6.058473,34,7660.34404,-100.0,-0.6721810052821048,0
-5.542065,33,7660.893793,-100.0,-0.7385107728240686,0
-5.861998,33,7661.43869,-100.0,-0.7462891849584344,0
-6.130467,39,7662.11678,-100.0,-0.6974820025196612,0
-5.827514,37,7662.727796,-100.0,-0.6997359216625039,0
-5.574047,32,7663.266199,-100.0,-0.7250026661751634,0
-6.253522,33,7663.814703,-100.0,-0.7147435193071927,0
-5.674934,33,7664.375528,-100.0,-0.7263996464698076,0
-6.105747,32,7664.902073,-100.0,-0.6998998350555428,0
-5.625757,32,7665.448346,-100.0,-0.8249369499628979,0
-5.949255,34,7666.005766,-100.0,-0.628269047879205,0
-5.49026,32,7666.549283,-100.0,-0.8001583423677894,0
-5.642561,33,7667.10323,-100.0,-0.7488162894114033,0
-6.027917,33,7667.656727,-100.0,-0.7099333093099676,0
-5.808238,32,7668.18744,-100.0,-0.8458006837748284,0
-6.036961,33,7668.743115,-100.0,-0.7378765069985375,0
-6.040401,36,7669.352235,-100.0,-0.6649531616044534,0
-5.837706,36,7669.958476,-100.0,-0.8669518621484451,0
-6.084977,32,7791.072341,-100.0,-0.7268565189724628,0
-5.971414,34,7791.657126,-100.0,-0.6969977499482535,0
-6.142395,35,7792.242911,-100.0,-0.6927788560434898,0
-5.679513,33,7792.798169,-100.0,-0.6820375770072864,0
-6.201304,35,7793.402466,-100.0,-0.6794533010997885,0
-5.808778,34,7793.959375,-100.0,-0.7651835909293958,0
-5.493306,39,7794.597296,-100.0,-0.7734321033239148,0
-5.654583,33,7795.146193,-100.0,-0.7438062902540638,0
-5.560146,33,7795.703261,-100.0,-0.885367980131426,0
-5.780436,33,7796.262036,-100.0,-0.7753090849243027,0
-5.996833,34,7796.852855,-100.0,-0.6835745788404247,0
-5.617294,33,7797.403864,-100.0,-0.7860612224580998,0
-5.797886,34,7797.978726,-100.0,-0.7590905990994836,0
-5.74578,35,7798.579359,-100.0,-0.6528444365469596,0
-5.477318,40,7799.247613,-100.0,-0.899192613955397,0
-5.471982,35,7799.847745,-100.0,-0.7731070666671431,0
-6.324707,41,7800.533335,-100.0,-0.7083248614728972,0
-5.802634,33,7801.097602,-100.0,-0.654390375087557,0
-5.96672,38,7801.740677,-100.0,-0.6819210031671173,0
-5.912036,33,7802.302562,-100.0,-0.7143365215662543,0
-5.797718,35,7802.886798,-100.0,-0.6437611130744256,0
-6.18782,41,7803.571198,-100.0,-0.6779417472974076,0
-5.823159,33,7804.13579,-100.0,-0.7566129673300585,0
-5.906351,35,7804.730353,-100.0,-0.7487119756222531,0
-5.806894,36,7805.335354,-100.0,-0.7053953031273584,0
-6.449053,38,7805.966547,-100.0,-0.6480893797614286,0
-5.96939,37,7806.59905,-100.0,-0.6660745428901211,0
-5.574127,34,7807.170711,-100.0,-0.7332677874677377,0
-5.797138,36,7807.773742,-100.0,-0.8168960923082238,0
-6.024105,32,7808.308174,-100.0,-0.760833178693131,0
-5.71805,32,7808.848247,-100.0,-0.7732292666794853,0
-5.951253,40,7809.515376,-100.0,-0.7029669683264793,0
-5.685198,34,7810.086153,-100.0,-0.7723021007188691,0
-5.766964,36,7810.68644,-100.0,-0.7749064742765827,0
-5.768473,32,7811.230105,-100.0,-0.8076655719670921,0
-5.784165,34,7811.791677,-100.0,-0.7753342453212286,0
-6.209508,43,7812.517836,-100.0,-0.7033918934418106,0
-5.525678,35,7813.096983,-100.0,-0.7935412730490012,0
-5.96739,34,7813.669015,-100.0,-0.7636790568606739,0
-6.062484,41,7814.371047,-100.0,-0.7501759802619272,0
-6.049911,33,7814.913089,-100.0,-0.6495576947936011,0
-5.797975,33,7815.475907,-100.0,-0.7369137174890001,0
-5.579848,33,7816.030409,-100.0,-0.7801607097235869,0
-6.184807,34,7816.592517,-100.0,-0.7210739244827157,0
-5.203868,33,7817.143594,-100.0,-0.7849643237647924,0
-5.567219,32,7817.679244,-100.0,-0.7072540933571493,0
-5.625621,35,7818.279704,-100.0,-0.8005781296514995,0
-5.670139,32,7818.817533,-100.0,-0.8279248391197573,0
-5.705091,33,7819.378669,-100.0,-0.7121312832823019,0
-5.679662,34,7819.945263,-100.0,-0.651247812796866,0
-5.760623,36,7820.547454,-100.0,-0.7848827981901924,0
-6.054942,33,7821.096462,-100.0,-0.7136254522481893,0
-5.952146,33,7821.651493,-100.0,-0.6855754689477311,0
-5.87457,39,7822.281704,-100.0,-0.7009418531852762,0
-5.63874,33,7822.846101,-100.0,-0.7396159668653891,0
-6.05105,34,7823.410015,-100.0,-0.6324947541410343,0
-6.521499,40,7824.095263,-100.0,-0.6444394844227856,0
-5.382926,34,7824.648157,-100.0,-0.8101994238573998,0
-6.346909,42,7825.390789,-100.0,-0.8686548157707521,0
-5.772297,32,7954.966552,-100.0,-0.7647174519472556,0
-5.858856,34,7955.588427,-100.0,-0.7862091072618054,0
-5.466759,34,7956.207019,-100.0,-0.7665158129391969,0
-5.805518,34,7956.828907,-100.0,-0.6884359764281972,0
-6.591068,33,7957.429854,-100.0,-0.5965417456660204,0
-5.836553,34,7958.026865,-100.0,-0.8697608572163066,0
-5.630113,33,7958.63088,-100.0,-0.7334391021407768,0
-5.697269,33,7959.217396,-100.0,-0.7220636414259584,0
-6.412055,36,7959.877043,-100.0,-0.752498440960223,0
-5.340019,32,7960.44657,-100.0,-0.8330373039218778,0
-6.072499,33,7961.034391,-100.0,-0.703309562394375,0
-6.174498,34,7961.66927,-100.0,-0.7393326932413786,0
-5.593233,35,7962.316265,-100.0,-0.7788915541722027,0
-5.460165,38,7962.994552,-100.0,-0.7466407780270777,0
-5.535664,32,7963.586656,-100.0,-0.8998622149184541,0
-6.238494,37,7964.270078,-100.0,-0.6777974132796807,0
-5.461506,32,7964.847358,-100.0,-0.8361950700167257,0
-6.351466,36,7965.502121,-100.0,-0.6555603453521776,0
-5.982353,33,7966.10228,-100.0,-0.6504400588248483,0
-5.600587,33,7966.718049,-100.0,-0.7736466843032768,0
-5.871414,33,7967.309176,-100.0,-0.6860067374575116,0
-5.609193,34,7967.931405,-100.0,-0.818424607356863,0
-5.585943,32,7968.513283,-100.0,-0.8406056367767285,0
-5.506209,33,7969.11779,-100.0,-0.771806604348105,0
-5.617801,32,7969.702959,-100.0,-0.8478384554142674,0
-5.684151,34,7970.327228,-100.0,-0.8478021204006121,0
-5.40174,33,7970.916962,-100.0,-0.8783968185004919,0
-5.794654,33,7971.512314,-100.0,-0.6263390001528483,0
-5.86834,34,7972.133085,-100.0,-0.7830947512453985,0
-5.851712,33,7972.733195,-100.0,-0.6583544478713381,0
-5.848922,33,7973.339079,-100.0,-0.7040879920448357,0
-5.870383,33,7973.943176,-100.0,-0.5993009022914241,0
-5.610279,32,7974.522304,-100.0,-0.8631798559681797,0
-5.994299,40,7975.245912,-100.0,-0.6429946788704127,0
-5.812785,33,7975.852471,-100.0,-0.7088336255497373,0
-5.738826,33,7976.431726,-100.0,-0.7022174062427523,0
-5.832659,42,7977.18546,-100.0,-0.7040060096286915,0
-5.969958,34,7977.805475,-100.0,-0.6832087729255814,0
-5.469082,35,7978.443703,-100.0,-0.7843233339764671,0
-5.669095,35,7979.092307,-100.0,-0.6720716469986516,0
-5.765888,33,7979.695122,-100.0,-0.7616847001961202,0
-5.983944,36,7980.33942,-100.0,-0.7389302533613439,0
-6.023699,36,7980.995375,-100.0,-0.6818922022715639,0
-5.906493,33,7981.600268,-100.0,-0.6225695781200815,0
-5.700168,37,7982.263006,-100.0,-0.7395487061900574,0
-5.48075,42,7983.037845,-100.0,-0.8307140782818153,0
-5.411336,33,7983.637392,-100.0,-0.8465820158301754,0
-6.124756,37,7984.320602,-100.0,-0.7132635036475581,0
-6.025982,34,7984.940676,-100.0,-0.6664673027902777,0
-5.782551,34,7985.560623,-100.0,-0.7005569932463828,0
-6.161959,34,7986.194315,-100.0,-0.8133161413185377,0
-5.529113,33,7986.80171,-100.0,-0.873211726074377,0
-5.582034,32,7987.383584,-100.0,-0.8794594231026879,0
-6.045328,37,7988.041166,-100.0,-0.80002969594572,0
-5.739517,33,7988.653037,-100.0,-0.7643436568731857,0
-5.57705,33,7989.248636,-100.0,-0.7898662144141695,0
-5.684198,34,7989.871143,-100.0,-0.8385988321779269,0
-5.896968,33,7990.455784,-100.0,-0.7158055261709558,0
-5.970113,33,7991.061358,-100.0,-0.6912045439971898,0
-5.614507,33,7991.658536,-100.0,-0.8175900418177958,0
-5.869252,32,8110.596477,-100.0,-0.7039647962708149,0
-5.71506,36,8111.200547,-100.0,-0.6661072979826891,0
-5.790859,33,8111.756582,-100.0,-0.7564833143955944,0
-6.463734,44,8112.493344,-100.0,-0.730771486074298,0
-5.524558,34,8113.067177,-100.0,-0.8041327340229629,0
-5.732352,33,8113.636828,-100.0,-0.7848253168918689,0
-5.592912,33,8114.185857,-100.0,-0.7256785162556796,0
-5.859373,32,8114.724138,-100.0,-0.7302380164455643,0
-5.909356,33,8115.282125,-100.0,-0.6552852421808555,0
-5.344749,32,8115.829408,-100.0,-0.8348278875503661,0
-5.618473,33,8116.383138,-100.0,-0.7606451210067455,0
-5.561819,34,8116.954362,-100.0,-0.7883401870365219,0
-5.436165,33,8117.503326,-100.0,-0.8131239655685086,0
-6.073142,33,8118.064982,-100.0,-0.7011178796419921,0
-5.989123,34,8118.640914,-100.0,-0.67592458278834,0
-5.747533,34,8119.206968,-100.0,-0.8162260106831659,0
-5.484489,35,8119.789865,-100.0,-0.7822996583583108,0
-5.771382,33,8120.344092,-100.0,-0.6719365128747936,0
-5.839132,34,8120.908559,-100.0,-0.6973657776544678,0
-5.744427,33,8121.464413,-100.0,-0.7538715042001958,0
-5.782786,33,8122.031786,-100.0,-0.7331465815732962,0
-5.905679,33,8122.585812,-100.0,-0.6895111972769453,0
-5.88369,33,8123.148081,-100.0,-0.7372917618092678,0
-5.74356,37,8123.787308,-100.0,-0.7939600272473305,0
-5.926643,33,8124.334714,-100.0,-0.7064859123527575,0
-5.581008,33,8124.891346,-100.0,-0.8363230097301022,0
-5.623168,33,8125.45553,-100.0,-0.7564550440481378,0
-5.777786,34,8126.028323,-100.0,-0.7213077899497611,0
-5.824702,33,8126.589021,-100.0,-0.7339756714761851,0
-5.675135,34,8127.172205,-100.0,-0.7651947400068917,0
-5.753524,35,8127.755143,-100.0,-0.7494588940348796,0
-5.740738,33,8128.315087,-100.0,-0.7072681780565685,0
-5.855304,35,8128.91281,-100.0,-0.6938791144242062,0
-5.799734,32,8129.446731,-100.0,-0.8310192566768976,0
-6.0709,34,8130.005906,-100.0,-0.6792050382509323,0
-5.920723,33,8130.565827,-100.0,-0.6327745522725472,0
-5.408798,32,8131.108716,-100.0,-0.8509940763466778,0
-5.864245,33,8131.67436,-100.0,-0.7037611097780749,0
-5.594042,32,8132.212198,-100.0,-0.8864012438197914,0
-5.906123,35,8132.806225,-100.0,-0.6933151376134362,0
-5.647786,33,8133.368539,-100.0,-0.7875836271697942,0
-5.637154,33,8133.923231,-100.0,-0.8416919614770302,0
-5.553286,33,8134.488828,-100.0,-0.8374333153900909,0
-5.635612,33,8135.048277,-100.0,-0.7453051119573038,0
-6.079816,34,8135.62219,-100.0,-0.6739599588300125,0
-5.685847,33,8136.173755,-100.0,-0.7553432079278968,0
-5.707533,34,8136.753342,-100.0,-0.7323095305065744,0
-5.361204,37,8137.375468,-100.0,-0.8126945261132144,0
-5.923366,33,8137.929486,-100.0,-0.7483417516516236,0
-6.000826,34,8138.496817,-100.0,-0.7024770048007964,0
-6.009664,35,8139.095984,-100.0,-0.7308428846602419,0
-5.827231,33,8139.64997,-100.0,-0.7770535263169865,0
-5.639399,32,8140.174657,-100.0,-0.7941709211907529,0
-5.796204,33,8140.729674,-100.0,-0.7880559804647694,0
-5.666791,34,8141.285921,-100.0,-0.8539595063016985,0
-5.536953,35,8141.880083,-100.0,-0.7241024203214464,0
-6.293042,36,8142.504044,-100.0,-0.706332437044818,0
-5.775543,39,8143.153624,-100.0,-0.8382118525324185,0
-6.001651,33,8143.711081,-100.0,-0.6736829065062274,0
-5.569013,32,8144.249928,-100.0,-0.8658397924073759,0
-5.501409,32,8262.681511,-100.0,-0.7940555065988357,0
-5.971711,34,8263.251985,-100.0,-0.7016724116844012,0
-5.554274,38,8263.890308,-100.0,-0.7904555520921919,0
-5.876159,42,8264.600094,-100.0,-0.7667683834284814,0
-5.648329,33,8265.170513,-100.0,-0.6591417214709108,0
-5.911756,34,8265.73405,-100.0,-0.7062243446550325,0
-5.452743,33,8266.299632,-100.0,-0.7900609732503618,0
-5.410786,33,8266.85952,-100.0,-0.8441531105996274,0
-5.507663,33,8267.429211,-100.0,-0.7526676982083995,0
-5.608501,34,8267.998184,-100.0,-0.8023166615487946,0
-6.035942,34,8268.574973,-100.0,-0.6833627281323921,0
-6.129728,41,8269.285435,-100.0,-0.7874651323735559,0
-5.857562,33,8269.850603,-100.0,-0.7156979312467863,0
-5.449781,33,8270.410167,-100.0,-0.8134153623401554,0
-5.965823,33,8270.977235,-100.0,-0.6818356686616347,0
-6.171822,38,8271.622268,-100.0,-0.6725711502974014,0
-5.833577,34,8272.201056,-100.0,-0.724881374170721,0
-5.607504,32,8272.743647,-100.0,-0.8104670855767014,0
-5.8104,33,8273.300408,-100.0,-0.6811327548704237,0
-5.701911,32,8273.832143,-100.0,-0.8064696830316199,0
-5.869461,35,8274.438078,-100.0,-0.7115976430868359,0
-6.060365,34,8275.00929,-100.0,-0.7279548990636635,0
-6.022944,34,8275.585829,-100.0,-0.653232836233497,0
-5.410102,33,8276.152724,-100.0,-0.7916371062503855,0
-5.798799,35,8276.747373,-100.0,-0.7387140216103867,0
-5.905167,34,8277.326743,-100.0,-0.695013432463714,0
-5.826914,33,8277.877334,-100.0,-0.6990093052488793,0
-6.078609,37,8278.502775,-100.0,-0.7076182910470494,0
-5.714358,34,8279.082663,-100.0,-0.7088696536157473,0
-5.553277,33,8279.654159,-100.0,-0.7170242100125962,0
-5.502995,34,8280.228328,-100.0,-0.7838853200334396,0
-5.402762,32,8280.758705,-100.0,-0.7936653382895641,0
-5.744251,33,8281.299305,-100.0,-0.7553152051501707,0
-5.577055,33,8281.861729,-100.0,-0.7163876374951854,0
-5.719785,34,8282.442866,-100.0,-0.7218034522879948,0
-6.308135,43,8283.161201,-100.0,-0.7131206527312798,0
-5.777804,33,8283.724071,-100.0,-0.6875697683541582,0
-5.687829,33,8284.285306,-100.0,-0.7128821532132751,0
-5.984344,34,8284.866349,-100.0,-0.7078618555021646,0
-5.747917,34,8285.432634,-100.0,-0.7015060575876938,0
-6.324791,33,8285.998142,-100.0,-0.5816258878754152,0
-5.797922,32,8286.537987,-100.0,-0.7852238550820929,0
-5.292787,32,8287.088452,-100.0,-0.8872841855759933,0
-5.621036,33,8287.647932,-100.0,-0.8300591326976494,0
-5.799042,32,8288.182388,-100.0,-0.8504229450662542,0
-5.865017,33,8288.742319,-100.0,-0.614090968385703,0
-5.426887,35,8289.33728,-100.0,-0.8293227255211664,0
-5.630539,34,8289.907205,-100.0,-0.7717164073761459,0
-5.640585,33,8290.475406,-100.0,-0.8572199732341286,0
-5.780312,33,8291.031794,-100.0,-0.752058159276972,0
-6.024327,42,8291.732201,-100.0,-0.6701503208778783,0
-5.7345,33,8292.298636,-100.0,-0.8091539184441598,0
-5.72511,34,8292.865042,-100.0,-0.7895949661196253,0
-5.670989,33,8293.432359,-100.0,-0.7961164873485536,0
-5.469558,34,8294.000612,-100.0,-0.8080057429028109,0
-5.66359,34,8294.572032,-100.0,-0.7795500093394311,0
-5.581839,33,8295.134837,-100.0,-0.8218148077573504,0
-6.166306,33,8295.702259,-100.0,-0.7808494334577514,0
-5.574593,32,8296.245046,-100.0,-0.8455425119111744,0
-5.668714,33,8296.80714,-100.0,-0.7364123883037628,0
-5.742492,33,8415.413615,-100.0,-0.6475719362174407,0
-5.796321,34,8415.984196,-100.0,-0.6725581174840127,0
-5.845078,34,8416.566003,-100.0,-0.7025904293378102,0
-6.027566,40,8417.22971,-100.0,-0.6477511239390953,0
-5.552212,32,8417.777383,-100.0,-0.8461714764408983,0
-5.572798,33,8418.337388,-100.0,-0.844817069689719,0
-5.314816,33,8418.905635,-100.0,-0.8222364957045065,0
-6.424051,36,8419.503745,-100.0,-0.7010454927232539,0
-5.531547,33,8420.067433,-100.0,-0.7700043088122986,0
-6.020421,33,8420.627084,-100.0,-0.7164998991872834,0
-5.442918,33,8421.188806,-100.0,-0.7972234387264804,0
-5.695595,33,8421.733354,-100.0,-0.8309624600656862,0
-6.044253,33,8422.293741,-100.0,-0.7067641314878366,0
-5.987666,34,8422.860515,-100.0,-0.7114224499915556,0
-5.908803,34,8423.442264,-100.0,-0.6325731917303296,0
-5.309694,32,8423.977975,-100.0,-0.8004089092642674,0
-5.564047,32,8424.5214,-100.0,-0.8134651055431049,0
-5.772631,33,8425.077839,-100.0,-0.7101060508603849,0
-5.540964,33,8425.6402,-100.0,-0.8047455135628171,0
-5.856411,38,8426.274205,-100.0,-0.8628557448165406,0
-5.56837,32,8426.816147,-100.0,-0.795440617599401,0
-5.84,34,8427.39435,-100.0,-0.6362749271162723,0
-5.950341,33,8427.957302,-100.0,-0.6559359240480089,0
-5.605316,33,8428.522777,-100.0,-0.7705930046185998,0
-5.505007,34,8429.1003,-100.0,-0.7701087561761631,0
-5.874176,34,8429.670015,-100.0,-0.7752982167262102,0
-5.641805,36,8430.274303,-100.0,-0.7765528355632265,0
-5.513658,34,8430.843451,-100.0,-0.8810285082209018,0
-6.038126,33,8431.405499,-100.0,-0.7253150151064854,0
-5.637668,33,8431.955867,-100.0,-0.7747012653043978,0
-5.754015,33,8432.522578,-100.0,-0.7210661333523742,0
-5.81218,40,8433.207257,-100.0,-0.8329334132633429,0
-5.73813,34,8433.788456,-100.0,-0.7600898121951057,0
-6.020993,34,8434.365707,-100.0,-0.6942298757180596,0
-5.483681,34,8434.939898,-100.0,-0.8452870555279444,0
-6.038377,39,8435.601351,-100.0,-0.6897651992947469,0
-5.801508,34,8436.188645,-100.0,-0.7521003298598286,0
-5.714158,34,8436.77226,-100.0,-0.6920700538200105,0
-5.481947,33,8437.326393,-100.0,-0.828152417493397,0
-6.195569,36,8437.933919,-100.0,-0.8001683536482411,0
-5.717963,34,8438.509797,-100.0,-0.6913693014899547,0
-5.779679,35,8439.10348,-100.0,-0.7165464865176353,0
-5.463567,32,8439.648254,-100.0,-0.8915221738116281,0
-5.572755,33,8440.200181,-100.0,-0.7286474470977735,0
-5.30176,33,8440.762214,-100.0,-0.840048998620907,0
-5.550661,34,8441.330031,-100.0,-0.7024687982710509,0
-5.967882,36,8441.957233,-100.0,-0.6845392480228873,0
-6.059031,38,8442.591985,-100.0,-0.628106273344072,0
-5.809655,34,8443.165397,-100.0,-0.7296221568562294,0
-5.660129,33,8443.733819,-100.0,-0.6696441940536624,0
-6.330335,35,8444.308654,-100.0,-0.6686589288195439,0
-5.744658,33,8444.863472,-100.0,-0.7990504470240887,0
-5.33075,33,8445.420445,-100.0,-0.7893916611321871,0
-5.433721,38,8446.078793,-100.0,-0.8333740504971693,0
-5.738257,35,8446.668759,-100.0,-0.6929810999681505,0
-5.890779,36,8447.278012,-100.0,-0.6684791251215534,0
-6.292918,40,8447.935635,-100.0,-0.6803147445719446,0
-6.281066,37,8448.554176,-100.0,-0.6385748491010689,0
-5.555863,32,8449.112795,-100.0,-0.7151737014452273,0
-5.853028,35,8449.696484,-100.0,-0.7439232080083711,0
-5.743104,32,8567.713121,-100.0,-0.8081700013802449,0
-5.873194,34,8568.286588,-100.0,-0.6858171123214046,0
-5.480209,33,8568.848728,-100.0,-0.8000510582577328,0
-6.150643,34,8569.420221,-100.0,-0.6706543377468065,0
-5.862593,33,8569.981817,-100.0,-0.6758805244918925,0
-5.686068,35,8570.561197,-100.0,-0.7910804521020185,0
-5.63164,34,8571.140969,-100.0,-0.7481626347914905,0
-5.605944,34,8571.715521,-100.0,-0.7836972556283222,0
-6.107404,35,8572.305901,-100.0,-0.6911073337240166,0
-5.778697,33,8572.860022,-100.0,-0.7926983678538415,0
-5.877523,32,8573.410697,-100.0,-0.7799528575026863,0
-5.717455,33,8573.972255,-100.0,-0.7594031928342974,0
-5.567511,33,8574.530421,-100.0,-0.706891726032528,0
-5.658225,33,8575.099996,-100.0,-0.6958145430117982,0
-5.485164,32,8575.6435,-100.0,-0.8476213394851017,0
-5.524693,33,8576.193719,-100.0,-0.7439142476277035,0
-6.040166,35,8576.779034,-100.0,-0.6667852934479163,0
-5.497071,33,8577.341576,-100.0,-0.7880804648497125,0
-5.506423,32,8577.879771,-100.0,-0.7358958498186915,0
-5.602063,33,8578.446727,-100.0,-0.700589486981885,0
-5.639072,33,8579.00313,-100.0,-0.6821051397911149,0
-5.969562,35,8579.595131,-100.0,-0.6546850879480159,0
-5.803402,35,8580.190601,-100.0,-0.6908418603707251,0
-5.664894,33,8580.756398,-100.0,-0.7245275461206215,0
-5.910086,35,8581.359014,-100.0,-0.713132582233802,0
-6.03149,34,8581.934883,-100.0,-0.6881742463099005,0
-5.385889,32,8582.473525,-100.0,-0.852773625025382,0
-5.430716,32,8583.013556,-100.0,-0.8532177575117685,0
-5.451056,33,8583.569532,-100.0,-0.7738844172614738,0
-5.906498,34,8584.145443,-100.0,-0.7019199073395875,0
-6.008032,46,8584.930889,-100.0,-0.7786995090154624,0
-5.929836,33,8585.482641,-100.0,-0.680202585788183,0
-5.592491,32,8586.043067,-100.0,-0.8114180176043635,0
-5.63831,34,8586.624128,-100.0,-0.6790790624467771,0
-5.908019,33,8587.181962,-100.0,-0.693446507107032,0
-5.315638,32,8587.711971,-100.0,-0.8750919486444171,0
-5.724985,33,8588.277579,-100.0,-0.761760658602564,0
-5.481869,33,8588.833001,-100.0,-0.6617502015320635,0
-5.347994,32,8589.380008,-100.0,-0.8731044236310856,0
-5.709173,33,8589.935179,-100.0,-0.724108975613886,0
-5.677394,32,8590.484774,-100.0,-0.793483472594165,0
-5.974961,35,8591.075086,-100.0,-0.7871984673584362,0
-5.536545,33,8591.639731,-100.0,-0.7427359033534633,0
-5.375959,32,8592.174831,-100.0,-0.9271919146299872,0
-6.143613,33,8592.736328,-100.0,-0.6616193468176188,0
-5.387046,33,8593.291459,-100.0,-0.8191358293185085,0
-5.513981,34,8593.87268,-100.0,-0.7335915381042426,0
-5.964543,34,8594.434781,-100.0,-0.6386460376014843,0
-6.206153,44,8595.197055,-100.0,-0.7274043587962967,0
-5.693708,32,8595.742694,-100.0,-0.7524089727848394,0
-6.115427,34,8596.310021,-100.0,-0.7267821308117173,0
-5.30233,33,8596.878792,-100.0,-0.7987973885348254,0
-5.521795,34,8597.457839,-100.0,-0.6874092637534723,0
-5.801582,33,8598.015715,-100.0,-0.739078139313687,0
-5.638432,34,8598.588936,-100.0,-0.7185845581347521,0
-5.684758,35,8599.179595,-100.0,-0.6772745648105489,0
-5.679117,40,8599.874945,-100.0,-0.7997219219846726,0
-5.876239,33,8600.432559,-100.0,-0.6799520735764117,0
-5.633587,35,8601.229205,-100.0,-0.8434592438684866,0
-5.820016,39,8601.87698,-100.0,-0.6965412040039697,0
-5.987721,34,8717.574192,-100.0,-0.7279985537057796,0
-5.618633,32,8718.136163,-100.0,-0.7828522523150159,0
-6.139156,34,8718.70677,-100.0,-0.7237363695663145,0
-5.489017,35,8719.301235,-100.0,-0.8951234087535748,0
-5.721983,33,8719.876204,-100.0,-0.7473089428241226,0
-5.82378,35,8720.469723,-100.0,-0.6789880307173478,0
-5.758503,34,8721.056784,-100.0,-0.7057199086451381,0
-5.403794,33,8721.611045,-100.0,-0.7896214735819422,0
-5.514776,33,8722.17686,-100.0,-0.8876283632994394,0
-5.620227,33,8722.739996,-100.0,-0.8648460414812347,0
-5.55716,33,8723.295306,-100.0,-0.779253987481121,0
-5.984211,34,8723.883207,-100.0,-0.7371572691856985,0
-6.017176,33,8724.45755,-100.0,-0.6348855008129825,0
-5.733945,34,8725.036529,-100.0,-0.7794185476248224,0
-5.458831,38,8725.650112,-100.0,-0.9326761021955653,0
-5.538698,35,8726.247344,-100.0,-0.7454138815672395,0
-5.500757,33,8726.809081,-100.0,-0.867794278219333,0
-5.568207,34,8727.394237,-100.0,-0.7499316764444353,0
-5.382597,33,8727.949911,-100.0,-0.8275543830863081,0
-5.538823,34,8728.531195,-100.0,-0.8220317815510533,0
-5.649236,38,8729.174316,-100.0,-0.7731925432767152,0
-5.971369,34,8729.748813,-100.0,-0.6690097533876095,0
-6.071009,34,8730.319542,-100.0,-0.6998732178768867,0
-5.652685,33,8730.888084,-100.0,-0.6940912040074464,0
-6.016609,40,8731.565874,-100.0,-0.7425901008863041,0
-6.084496,33,8732.121922,-100.0,-0.6891158680471612,0
-5.775238,33,8732.684888,-100.0,-0.7293531379525056,0
-5.965179,34,8733.258071,-100.0,-0.6732795730689679,0
-5.552192,34,8733.837561,-100.0,-0.7540934949721776,0
-5.757999,33,8734.392558,-100.0,-0.6903831182749872,0
-5.930372,33,8734.950924,-100.0,-0.7229717165426611,0
-5.894907,34,8735.536585,-100.0,-0.7347571244593077,0
-5.675738,32,8736.082247,-100.0,-0.7702550459549526,0
-5.792231,33,8736.643027,-100.0,-0.7334161759618659,0
-6.045419,34,8737.22577,-100.0,-0.7005842685327704,0
-5.874789,34,8737.800975,-100.0,-0.6359575888623773,0
-5.847393,33,8738.370668,-100.0,-0.6679711844803327,0
-5.955286,33,8738.939045,-100.0,-0.6874503408900733,0
-5.351635,33,8739.482697,-100.0,-0.8666605763874636,0
-6.144061,35,8740.088955,-100.0,-0.6299010116418583,0
-5.749715,33,8740.642455,-100.0,-0.8108448610384535,0
-5.825946,33,8741.197376,-100.0,-0.8017052006994653,0
-6.084494,33,8741.753796,-100.0,-0.7033590700090693,0
-6.024826,44,8742.505042,-100.0,-0.711620910798396,0
-5.683841,32,8743.046069,-100.0,-0.8065402295920165,0
-5.685343,32,8743.590593,-100.0,-0.7461919953102677,0
-5.979079,33,8744.143083,-100.0,-0.6668027334753281,0
-5.568536,33,8744.703336,-100.0,-0.7494774308577486,0
-5.354716,32,8745.238833,-100.0,-0.8300206806897908,0
-5.568412,33,8745.805512,-100.0,-0.6501124167203678,0
-5.289936,32,8746.347703,-100.0,-0.8011969927435113,0
-5.788787,33,8746.909109,-100.0,-0.6680481490107303,0
-5.398036,34,8747.480571,-100.0,-0.7825993444729938,0
-5.814243,34,8748.061096,-100.0,-0.6489844363228726,0
-5.824441,34,8748.659616,-100.0,-0.571374234707648,0
-5.900344,33,8749.211808,-100.0,-0.7111017396415593,0
-5.962665,41,8749.919955,-100.0,-0.715403290439403,0
-5.66914,34,8750.485882,-100.0,-0.7728678664225875,0
-5.418885,32,8751.024498,-100.0,-0.847574074153409,0
-5.378992,33,8751.58738,-100.0,-0.8657041260114907,0
-5.628235,34,8752.158626,-100.0,-0.7651534125679883,0
-5.442275,33,8870.122676,-100.0,-0.8862847125115211,0
-5.75524,41,8870.812213,-100.0,-0.7814938606757883,0
-5.482333,33,8871.38119,-100.0,-0.8070782621979329,0
-5.920126,34,8871.961929,-100.0,-0.712514904047637,0
-5.743081,34,8872.53667,-100.0,-0.7636966749633742,0
-5.575411,33,8873.102746,-100.0,-0.7383781377713231,0
-5.667479,33,8873.658721,-100.0,-0.7869822081945473,0
-5.677553,33,8874.226452,-100.0,-0.7997892057991934,0
-5.581398,33,8874.782187,-100.0,-0.803261035175611,0
-5.708464,33,8875.345564,-100.0,-0.6830017857985315,0
-5.361383,33,8875.921322,-100.0,-0.7752919048417899,0
-5.890473,33,8876.478992,-100.0,-0.7007708752753501,0
-5.371047,33,8877.028225,-100.0,-0.8089966222754944,0
-5.796082,34,8877.606374,-100.0,-0.6465492914775134,0
-5.836565,33,8878.164012,-100.0,-0.7630997780480822,0
-5.943536,34,8878.745932,-100.0,-0.7409048131398135,0
-5.78378,34,8879.331489,-100.0,-0.6950233910626334,0
-5.273864,34,8879.908036,-100.0,-0.8388212144564696,0
-5.564043,32,8880.454097,-100.0,-0.8365364778888544,0
-5.917721,34,8881.034263,-100.0,-0.6719844295072627,0
-5.298055,32,8881.582618,-100.0,-0.6857896211768545,0
-5.539104,32,8882.124014,-100.0,-0.902181179168476,0
-5.600953,33,8882.690563,-100.0,-0.8011107017851602,0
-5.699793,34,8883.270553,-100.0,-0.6398365386225632,0
-6.093301,35,8883.869431,-100.0,-0.7224194462192937,0
-5.602153,33,8884.422946,-100.0,-0.8310754600850488,0
-5.770478,33,8884.981924,-100.0,-0.7729676978530432,0
-6.141899,33,8885.544629,-100.0,-0.714703129498653,0
-5.972019,35,8886.155378,-100.0,-0.645436622867384,0
-6.075404,34,8886.736201,-100.0,-0.6676915379515539,0
-5.391163,34,8887.31319,-100.0,-0.8253819080441067,0
-5.635224,34,8887.887035,-100.0,-0.8337273436120213,0
-5.515514,33,8888.444957,-100.0,-0.8719889004190186,0
-5.435433,33,8889.015152,-100.0,-0.8060661966788346,0
-5.510473,33,8889.576381,-100.0,-0.7251036200660306,0
-5.738063,33,8890.139106,-100.0,-0.7488311100871949,0
-6.053725,34,8890.703428,-100.0,-0.6672857749286992,0
-5.727588,34,8891.285515,-100.0,-0.7292936712556112,0
-5.775094,33,8891.842228,-100.0,-0.7422384214027385,0
-5.721596,33,8892.402884,-100.0,-0.7263945043550446,0
-5.515406,33,8892.961715,-100.0,-0.7782243281012962,0
-6.286475,35,8893.560313,-100.0,-0.6921184148870013,0
-5.7945,33,8894.126365,-100.0,-0.7091492676999708,0
-5.731443,33,8894.683712,-100.0,-0.7663596353068283,0
-5.852056,36,8895.289158,-100.0,-0.7642081737314997,0
-5.43266,32,8895.837874,-100.0,-0.8434606363934111,0
-6.062193,33,8896.392438,-100.0,-0.7398214965812726,0
-5.570684,34,8896.972053,-100.0,-0.7707640837335256,0
-5.773865,36,8897.566084,-100.0,-0.7091050958279752,0
-5.597311,36,8898.185537,-100.0,-0.7829868775057897,0
-6.100013,38,8898.839078,-100.0,-0.7413314023487549,0
-5.42739,33,8899.398959,-100.0,-0.8917152113440521,0
-5.566752,34,8899.971577,-100.0,-0.7960307347161092,0
-5.558586,33,8900.5335,-100.0,-0.7554350733107272,0
-5.89559,33,8901.088881,-100.0,-0.7059373858169552,0
-5.677833,32,8901.640994,-100.0,-0.8088845551679188,0
-5.941431,34,8902.21753,-100.0,-0.67930838670236,0
-5.695265,33,8902.780706,-100.0,-0.8051226465427254,0
-5.993664,34,8903.354729,-100.0,-0.7014885980554579,0
-6.458528,36,8903.962594,-100.0,-0.802020699130556,0
-6.286855,36,8904.573878,-100.0,-0.7122675963242912,0
-5.531664,33,9019.706755,-100.0,-0.7438743445959741,0
-6.119411,35,9020.303455,-100.0,-0.6894660192390204,0
-5.448698,33,9020.867664,-100.0,-0.7331186114910584,0
-5.507002,34,9021.450622,-100.0,-0.8016231624566658,0
-5.922085,34,9022.020668,-100.0,-0.7711914009861182,0
-5.813837,36,9022.624092,-100.0,-0.7322608249638435,0
-5.501817,34,9023.208483,-100.0,-0.7480405914974022,0
-5.523074,33,9023.759743,-100.0,-0.7749368153614135,0
-5.974866,33,9024.325608,-100.0,-0.7491850118027881,0
-5.579318,37,9024.974008,-100.0,-0.7662644638595297,0
-5.726275,33,9025.526711,-100.0,-0.6865424239253326,0
-5.44578,33,9026.085431,-100.0,-0.8610068217764196,0
-5.689005,34,9026.675026,-100.0,-0.68145441545853,0
-5.705482,33,9027.235813,-100.0,-0.728399976276936,0
-6.062468,33,9027.793102,-100.0,-0.6849723396638083,0
-5.584121,33,9028.358612,-100.0,-0.7651593962272991,0
-5.670331,33,9028.920623,-100.0,-0.7333660647022385,0
-6.034309,36,9029.516912,-100.0,-0.7183147730231724,0
-5.30948,38,9030.157647,-100.0,-0.803879658978911,0
-5.536928,33,9030.709373,-100.0,-0.7290719741803326,0
-5.901947,34,9031.291895,-100.0,-0.6670102221918289,0
-5.790827,33,9031.841505,-100.0,-0.6387195181374323,0
-5.942883,37,9032.490376,-100.0,-0.7023680615195457,0
-5.440807,35,9033.089701,-100.0,-0.8021046217904716,0
-5.718694,33,9033.635804,-100.0,-0.7013243878689435,0
-6.042297,34,9034.200258,-100.0,-0.6780907816132689,0
-6.03278,39,9034.890891,-100.0,-0.7259398246615244,0
-5.674778,38,9035.543971,-100.0,-0.7652444206015857,0
-5.341746,33,9036.100266,-100.0,-0.842664031785307,0
-5.309403,32,9036.633016,-100.0,-0.8592832017698444,0
-5.897511,43,9037.356607,-100.0,-0.7380514243126942,0
-5.944426,33,9037.921349,-100.0,-0.6776745353282231,0
-5.505198,32,9038.467225,-100.0,-0.7617156488963894,0
-5.695909,34,9039.047286,-100.0,-0.7474938732015249,0
-5.96587,34,9039.623869,-100.0,-0.6614736372127021,0
-5.735983,33,9040.187068,-100.0,-0.6756601471275219,0
-5.709088,34,9040.767001,-100.0,-0.5200783206753214,0
-5.828241,35,9041.362068,-100.0,-0.6458372851941321,0
-5.649224,33,9041.909835,-100.0,-0.7818257850670832,0
-5.988917,43,9042.646814,-100.0,-0.7200539331097179,0
-5.741164,35,9043.245157,-100.0,-0.6855207588388603,0
-5.448202,32,9043.789369,-100.0,-0.8319854495550515,0
-5.595627,34,9044.373811,-100.0,-0.6919409311904947,0
-5.37875,33,9044.920889,-100.0,-0.8098020246914663,0
-5.823273,33,9045.480392,-100.0,-0.7551279296891653,0
-5.607213,35,9046.076782,-100.0,-0.7791368412071817,0
-5.711648,34,9046.655466,-100.0,-0.7224690669756068,0
-5.325659,32,9047.202054,-100.0,-0.8094280057367363,0
-5.679291,33,9047.761412,-100.0,-0.7587032273256337,0
-5.888292,33,9048.319896,-100.0,-0.6627760715415404,0
-5.883836,33,9048.883758,-100.0,-0.7060848661535388,0
-5.943226,34,9049.656629,-100.0,-0.7302419171869556,0
-5.976855,33,9050.21224,-100.0,-0.6811390711307134,0
-5.373676,33,9050.776324,-100.0,-0.8689644144518767,0
-5.247808,33,9051.337952,-100.0,-0.8781213085311033,0
-5.533567,34,9051.916814,-100.0,-0.7709393441518857,0
-5.582526,36,9052.535429,-100.0,-0.8358521419288714,0
-6.163012,34,9053.109789,-100.0,-0.6031024472641289,0
-6.141438,42,9053.822196,-100.0,-0.7249513538792012,0
-5.556128,34,9171.245323,-100.0,-0.7841797320896844,0
-5.7843,34,9171.83823,-100.0,-0.6894271585028475,0
-5.197061,32,9172.386985,-100.0,-0.9012028056600293,0
-5.479535,33,9172.951284,-100.0,-0.7515460953686203,0
-5.828241,33,9173.515994,-100.0,-0.6927471738038596,0
-5.899044,34,9174.083161,-100.0,-0.670583693884934,0
-5.780381,33,9174.65124,-100.0,-0.6743629068571921,0
-5.772929,34,9175.229131,-100.0,-0.6647318585446687,0
-5.831341,33,9175.790308,-100.0,-0.6876966064918648,0
-5.426154,34,9176.367409,-100.0,-0.7982109269905356,0
-5.322761,33,9176.942889,-100.0,-0.8543059545888518,0
-5.677175,34,9177.524357,-100.0,-0.7807275011657371,0
-5.558766,34,9178.105554,-100.0,-0.799890880986207,0
-5.418924,32,9178.648089,-100.0,-0.8479220412381571,0
-5.54087,32,9179.195135,-100.0,-0.7902758797791489,0
-5.397875,33,9179.761479,-100.0,-0.8016506255405283,0
-5.495749,32,9180.295411,-100.0,-0.8089394629349167,0
-5.579747,33,9180.856016,-100.0,-0.8037659500179122,0
-6.027835,34,9181.433633,-100.0,-0.6792304886208707,0
-5.578351,32,9181.977556,-100.0,-0.7954256937363366,0
-5.594452,32,9182.527694,-100.0,-0.817642045766535,0
-5.69151,34,9183.105884,-100.0,-0.7226471293519207,0
-5.424858,32,9183.645735,-100.0,-0.7935551998489915,0
-5.624518,34,9184.234684,-100.0,-0.7525376839911492,0
-5.862962,33,9184.794399,-100.0,-0.6812223687517052,0
-5.549244,33,9185.367177,-100.0,-0.7437316994035652,0
-5.660507,33,9185.92978,-100.0,-0.6882883426418439,0
-6.190046,43,9186.668609,-100.0,-0.6509326079999722,0
-5.541191,33,9187.239143,-100.0,-0.8176513163272405,0
-5.495227,34,9187.806973,-100.0,-0.7375094396513967,0
-5.374033,32,9188.363493,-100.0,-0.824534968570789,0
-5.818807,33,9188.927382,-100.0,-0.6576676277318362,0
-5.562612,33,9189.483266,-100.0,-0.7141349230246304,0
-5.472782,33,9190.040685,-100.0,-0.7561391382371719,0
-5.909548,33,9190.606722,-100.0,-0.6775490103625981,0
-5.574648,34,9191.188182,-100.0,-0.712171066929253,0
-6.297761,35,9191.780376,-100.0,-0.6679879962591404,0
-5.670167,33,9192.345105,-100.0,-0.8015891858716769,0
-5.810291,35,9192.94114,-100.0,-0.7248773017562793,0
-5.461591,33,9193.50498,-100.0,-0.7576407076709085,0
-5.642599,36,9194.122198,-100.0,-0.6815438304787752,0
-5.796787,34,9194.705172,-100.0,-0.6495344795508059,0
-5.44006,32,9195.256027,-100.0,-0.8244885836747045,0
-5.296254,33,9195.82584,-100.0,-0.8487935120109051,0
-5.366239,36,9196.428659,-100.0,-0.8322846407283194,0
-5.334449,32,9196.975776,-100.0,-0.7938734473283331,0
-5.723778,33,9197.540588,-100.0,-0.674119212872642,0
-5.528402,33,9198.114604,-100.0,-0.8035886880148588,0
-5.349096,34,9198.695482,-100.0,-0.8105770877765995,0
-5.726931,42,9199.395355,-100.0,-0.705674017814893,0
-5.349903,32,9199.948805,-100.0,-0.884432785026111,0
-5.877881,41,9200.636909,-100.0,-0.7672813482824047,0
-5.885927,34,9201.218614,-100.0,-0.6844473336550619,0
-5.448466,33,9201.784032,-100.0,-0.7281913162695947,0
-5.936845,34,9202.367513,-100.0,-0.7292464101258657,0
-5.771793,40,9203.0639,-100.0,-0.7789727457573994,0
-5.694474,34,9203.634744,-100.0,-0.6990403713272844,0
-5.433665,33,9204.201457,-100.0,-0.795139147417702,0
-5.685563,34,9204.773158,-100.0,-0.678933029080307,0
-5.958934,34,9205.358217,-100.0,-0.7359526288124165,0
-6.136416,35,9205.958181,-100.0,-0.62908586319417,0
-5.79024,33,9323.543971,-100.0,-0.6859553711436173,0
-5.622856,33,9324.111074,-100.0,-0.6601631631219795,0
-6.080248,34,9324.698756,-100.0,-0.7062678007599165,0
-5.820458,34,9325.287491,-100.0,-0.7022723336002461,0
-5.43615,33,9325.841489,-100.0,-0.7334121033139184,0
-5.525917,33,9326.403555,-100.0,-0.7635024664617348,0
-5.914439,34,9326.983315,-100.0,-0.6511115430104264,0
-5.522794,34,9327.565541,-100.0,-0.7561752525580081,0
-6.273081,34,9328.156275,-100.0,-0.650870882459147,0
-5.437743,34,9328.731124,-100.0,-0.7628692672282218,0
-5.864725,34,9329.30791,-100.0,-0.7217416728362238,0
-5.58658,33,9329.871998,-100.0,-0.6741158907032654,0
-6.054484,34,9330.452844,-100.0,-0.7731771591122593,0
-5.755982,33,9331.019738,-100.0,-0.653262048143519,0
-5.655025,33,9331.586092,-100.0,-0.6919375815850161,0
-5.493851,33,9332.148057,-100.0,-0.7486726348165211,0
-5.675372,33,9332.713746,-100.0,-0.6482901959317288,0
-5.350808,32,9333.260708,-100.0,-0.8405081891561971,0
-5.875593,33,9333.827627,-100.0,-0.6185936828164126,0
-5.295727,32,9334.376695,-100.0,-0.8659120845094865,0
-5.606761,34,9334.961613,-100.0,-0.7527237816514395,0
-5.791368,34,9335.539248,-100.0,-0.6649816998854792,0
-5.664333,35,9336.143153,-100.0,-0.8148393426599583,0
-5.425972,33,9336.700266,-100.0,-0.7294923413783874,0
-5.418137,33,9337.264283,-100.0,-0.7225806331631383,0
-5.866427,34,9337.845974,-100.0,-0.6763475831952638,0
-5.973158,36,9338.463565,-100.0,-0.8052155204721348,0
-5.460063,33,9339.025774,-100.0,-0.7737451166484681,0
-5.704531,33,9339.585202,-100.0,-0.6641014095830338,0
-5.525546,33,9340.149762,-100.0,-0.760350496010067,0
-5.717333,34,9340.730889,-100.0,-0.7124915181611914,0
-5.347054,33,9341.296451,-100.0,-0.725403366974833,0
-5.732145,33,9341.866248,-100.0,-0.7294118252268391,0
-5.266313,32,9342.413872,-100.0,-0.8767043724853344,0
-5.674356,33,9342.979315,-100.0,-0.7082818085359891,0
-5.697059,34,9343.561116,-100.0,-0.7257274968673663,0
-5.767943,33,9344.12842,-100.0,-0.7030988166725988,0
-5.392962,36,9344.734066,-100.0,-0.800428557818029,0
-5.594941,34,9345.312459,-100.0,-0.7623086084756304,0
-5.661094,33,9345.884022,-100.0,-0.7800814618544076,0
-5.592419,33,9346.436953,-100.0,-0.805252099615014,0
-5.468489,33,9347.003821,-100.0,-0.763784772757196,0
-5.663274,33,9347.562475,-100.0,-0.7674336716870319,0
-5.48965,34,9348.145971,-100.0,-0.8135754477576583,0
-6.096258,34,9348.732488,-100.0,-0.7442054332082687,0
-5.721932,33,9349.298823,-100.0,-0.6697226408000101,0
-5.477547,32,9349.83586,-100.0,-0.7722949493847769,0
-5.433018,32,9350.388105,-100.0,-0.8116496582685148,0
-5.477062,34,9350.962304,-100.0,-0.7586807256678398,0
-5.772379,33,9351.520895,-100.0,-0.693133735186213,0
-6.093742,34,9352.100845,-100.0,-0.7028240438228507,0
-5.13857,32,9352.647825,-100.0,-0.877386698703806,0
-5.684685,40,9353.332614,-100.0,-0.7247508254048792,0
-5.943219,33,9353.894596,-100.0,-0.663320170954571,0
-6.31761,37,9354.535954,-100.0,-0.6706074934219043,0
-6.076738,34,9355.121501,-100.0,-0.729547643953199,0
-5.725707,34,9355.697056,-100.0,-0.7232478571861476,0
-5.597357,35,9356.306327,-100.0,-0.7219853687774698,0
-5.891136,33,9356.857248,-100.0,-0.6844952854750083,0
-6.107116,33,9357.419911,-100.0,-0.6489379107580999,0
-5.637341,34,9358.002369,-100.0,-0.747366184628216,0
-5.558881,33,9473.462954,-100.0,-0.7336244845237367,0
-5.554802,32,9474.006445,-100.0,-0.7514899644475499,0
-6.006439,36,9474.63198,-100.0,-0.6558278467437235,0
-5.563697,36,9475.246622,-100.0,-0.7867185334053187,0
-5.27796,33,9475.804699,-100.0,-0.7511204581575431,0
-5.41866,33,9476.373093,-100.0,-0.7263884782860958,0
-5.659995,35,9476.962409,-100.0,-0.8100357383999344,0
-5.494844,33,9477.529553,-100.0,-0.7530755754291321,0
-5.9003,34,9478.114179,-100.0,-0.68005091168265,0
-5.375757,33,9478.682256,-100.0,-0.6922719994627438,0
-5.687222,33,9479.23276,-100.0,-0.6692686158937842,0
-5.605354,33,9479.800983,-100.0,-0.7296900548739339,0
-5.722721,33,9480.365527,-100.0,-0.6867678133937768,0
-6.028388,34,9480.952282,-100.0,-0.7071024772332752,0
-5.566535,33,9481.515632,-100.0,-0.7611997238442424,0
-5.46086,33,9482.073418,-100.0,-0.802087349548071,0
-5.401168,32,9482.61695,-100.0,-0.87495896465544,0
-5.64251,33,9483.170834,-100.0,-0.6958321286704497,0
-5.559588,33,9483.739818,-100.0,-0.7108270489972924,0
-5.577787,34,9484.335313,-100.0,-0.6938720619188394,0
-5.45836,33,9484.89445,-100.0,-0.8068257966507293,0
-5.620482,33,9485.458058,-100.0,-0.6759692513791669,0
-5.640944,33,9486.021489,-100.0,-0.6919253391519646,0
-5.790932,33,9486.578467,-100.0,-0.7270061311090048,0
-5.644418,32,9487.120512,-100.0,-0.7855178211491448,0
-5.809758,33,9487.677208,-100.0,-0.7012933864392339,0
-5.674307,35,9488.280225,-100.0,-0.6339800524173786,0
-5.747121,33,9488.832181,-100.0,-0.6970643397600557,0
-5.938755,35,9489.440188,-100.0,-0.6799648341602705,0
-5.994606,34,9490.022322,-100.0,-0.6820094700277222,0
-5.70188,33,9490.583179,-100.0,-0.7792792579790179,0
-5.903667,33,9491.154324,-100.0,-0.7486851810110612,0
-5.605858,33,9491.717049,-100.0,-0.691381813894263,0
-5.507191,33,9492.282142,-100.0,-0.8415412840472305,0
-5.298293,32,9492.83971,-100.0,-0.833371800980148,0
-5.708475,33,9493.397415,-100.0,-0.7187300398917751,0
-5.651219,33,9493.955946,-100.0,-0.7207852869167672,0
-5.938568,34,9494.540583,-100.0,-0.7337417054158125,0
-5.994626,34,9495.110892,-100.0,-0.7143136834227474,0
-5.871505,33,9495.672389,-100.0,-0.6683696416812513,0
-5.615648,39,9496.356546,-100.0,-0.8408094782944971,0
-5.474242,33,9496.927713,-100.0,-0.8215743790869005,0
-5.815846,38,9497.558691,-100.0,-0.7724099917442434,0
-5.955732,33,9498.323018,-100.0,-0.6912673800087847,0
-5.396725,34,9498.912496,-100.0,-0.7244968418683486,0
-5.372186,33,9499.471673,-100.0,-0.7224740409054436,0
-5.85435,40,9500.142228,-100.0,-0.689419472473212,0
-5.177602,33,9500.703991,-100.0,-0.7745977342636347,0
-5.353858,33,9501.277034,-100.0,-0.7699279541868792,0
-5.395147,40,9501.959467,-100.0,-0.8133933329246957,0
-5.650229,33,9502.516888,-100.0,-0.7858353120659841,0
-5.941329,33,9503.077457,-100.0,-0.6879015246431749,0
-5.820058,34,9503.655661,-100.0,-0.742101456573513,0
-5.59682,34,9504.238088,-100.0,-0.7598815156510742,0
-5.43641,32,9504.787187,-100.0,-0.728090553651442,0
-5.474214,32,9505.336641,-100.0,-0.7585413803527302,0
-5.925735,36,9505.942288,-100.0,-0.636435712429641,0
-5.435333,36,9506.564175,-100.0,-0.7541910075703642,0
-5.641177,33,9507.126452,-100.0,-0.7114681669748163,0
-5.817416,34,9507.71184,-100.0,-0.5983562902739319,0
-5.699014,34,9624.548922,-100.0,-0.7222958716753123,0
-5.528559,33,9625.11499,-100.0,-0.7409008605379108,0
-5.732862,33,9625.679469,-100.0,-0.7711319782792816,0
-5.821975,33,9626.245762,-100.0,-0.6858456115937528,0
-5.910793,34,9626.826092,-100.0,-0.6663904749940474,0
-5.950324,34,9627.399092,-100.0,-0.6222759821033987,0
-5.893178,34,9627.988954,-100.0,-0.6786163854028079,0
-5.356801,33,9628.560167,-100.0,-0.7976727675975114,0
-5.787161,33,9629.112336,-100.0,-0.6845264154037622,0
-5.675031,34,9629.693487,-100.0,-0.6795055766328872,0
-5.189982,33,9630.258399,-100.0,-0.8292324098512325,0
-5.335028,33,9630.821014,-100.0,-0.7742814008697843,0
-5.391543,34,9631.395735,-100.0,-0.8060574570761249,0
-5.698454,33,9631.964564,-100.0,-0.6235409824719272,0
-5.473257,33,9632.516225,-100.0,-0.7945851370993163,0
-5.387155,33,9633.092541,-100.0,-0.8705408086483187,0
-5.373833,33,9633.653013,-100.0,-0.8156267149269931,0
-5.944745,34,9634.241186,-100.0,-0.7280096288364818,0
-5.741786,33,9634.800216,-100.0,-0.7038755576818534,0
-5.676323,40,9635.48805,-100.0,-0.7173673643355222,0
-5.664023,34,9636.071062,-100.0,-0.750723973932946,0
-5.404913,33,9636.624417,-100.0,-0.7363508144872721,0
-5.932638,34,9637.211574,-100.0,-0.6425690459599396,0
-5.857138,34,9637.789952,-100.0,-0.6572564155022222,0
-5.886494,33,9638.360787,-100.0,-0.6734725916405002,0
-5.207223,32,9638.901897,-100.0,-0.8332906447939163,0
-5.441621,33,9639.470422,-100.0,-0.7754497033084634,0
-5.651261,32,9640.018285,-100.0,-0.7667408244136693,0
-5.533808,33,9640.582096,-100.0,-0.7467094184856219,0
-5.429571,34,9641.163066,-100.0,-0.7882205768516977,0
-5.686691,34,9641.740051,-100.0,-0.6833454382240864,0
-5.194228,32,9642.285181,-100.0,-0.8258889816250853,0
-5.454964,33,9642.844963,-100.0,-0.8554461281320208,0
-5.520541,34,9643.429224,-100.0,-0.7631542423865841,0
-5.892227,33,9643.991427,-100.0,-0.6945976294646101,0
-5.6916,39,9644.647137,-100.0,-0.7121832249727932,0
-5.576592,33,9645.199985,-100.0,-0.7655406377373973,0
-5.390841,33,9645.773447,-100.0,-0.7700262202467506,0
-5.552666,34,9646.361049,-100.0,-0.7298448239365736,0
-5.643683,34,9646.933005,-100.0,-0.711636291363717,0
-5.720899,33,9647.50239,-100.0,-0.6903504619219593,0
-5.21083,37,9648.120925,-100.0,-0.8575573180551865,0
-5.338863,33,9648.679858,-100.0,-0.767367440952885,0
-5.75627,33,9649.248786,-100.0,-0.695826324776783,0
-5.933087,34,9649.823865,-100.0,-0.6627609176310308,0
-5.483921,33,9650.38844,-100.0,-0.7788451813816957,0
-5.137051,33,9650.950322,-100.0,-0.7783307552066068,0
-6.075379,34,9651.530113,-100.0,-0.6394388041440122,0
-5.780034,34,9652.108571,-100.0,-0.64177747666234,0
-5.647799,33,9652.676413,-100.0,-0.7039564451804966,0
-5.618595,34,9653.253717,-100.0,-0.6992599724628219,0
-5.614477,32,9653.808625,-100.0,-0.7707339005283136,0
-5.832548,33,9654.372055,-100.0,-0.6994374967908753,0
-5.567591,44,9655.123214,-100.0,-0.8210351318115962,0
-5.290127,33,9655.691442,-100.0,-0.8152214201803837,0
-5.8421,35,9656.275818,-100.0,-0.7639779321594545,0
-6.016204,38,9656.932111,-100.0,-0.6809475333375303,0
-5.262575,33,9657.482142,-100.0,-0.7596630428476896,0
-5.85947,33,9658.052905,-100.0,-0.722155926063659,0
-5.679524,33,9658.615732,-100.0,-0.7225468720145183,0
-6.00077,33,9659.181008,-100.0,-0.7307328385932269,0
-5.775325,33,9773.956037,-100.0,-0.706950675423071,0
-5.421915,37,9774.576015,-100.0,-0.7747412220417755,0
-5.46511,34,9775.164886,-100.0,-0.8963727360537987,0
-5.527034,38,9775.833458,-100.0,-0.7477495625124514,0
-5.307425,35,9776.420407,-100.0,-0.7699922006759656,0
-5.584949,33,9776.9918,-100.0,-0.7776779518243947,0
-5.709051,49,9777.827334,-100.0,-0.8019320704636211,0
-5.252173,32,9778.371691,-100.0,-0.803100054836077,0
-6.03909,35,9778.964544,-100.0,-0.6761118401862005,0
-5.483914,33,9779.521799,-100.0,-0.7292250524614661,0
-6.245565,40,9780.218015,-100.0,-0.6787373221831269,0
-5.404734,44,9780.969547,-100.0,-0.8103531622538716,0
-5.915275,36,9781.583946,-100.0,-0.6457921998183519,0
-5.676184,33,9782.148955,-100.0,-0.736344867474431,0
-5.891593,34,9782.723871,-100.0,-0.7546964244220346,0
-5.532467,36,9783.344235,-100.0,-0.7425038203727118,0
-5.707083,33,9783.908486,-100.0,-0.7464698048923956,0
-5.242003,32,9784.447914,-100.0,-0.8326858006833606,0
-5.758819,33,9785.010213,-100.0,-0.6871264214079047,0
-6.133006,35,9785.61698,-100.0,-0.6629982013814241,0
-5.854035,34,9786.189531,-100.0,-0.6099769483685735,0
-5.485209,32,9786.742887,-100.0,-0.8412276853598795,0
-5.240834,33,9787.313765,-100.0,-0.8627624042545909,0
-5.983947,34,9787.890574,-100.0,-0.7356739396889528,0
-5.562652,33,9788.464192,-100.0,-0.7250825732056521,0
-5.34969,38,9789.115783,-100.0,-0.8220492513491948,0
-5.22438,32,9789.664,-100.0,-0.8381575417192263,0
-6.102653,38,9790.319299,-100.0,-0.6778979719507513,0
-5.42473,33,9790.880093,-100.0,-0.7232541868983314,0
-5.841994,34,9791.454911,-100.0,-0.6961300714422176,0
-5.616335,33,9792.020145,-100.0,-0.7022760058284591,0
-5.228876,32,9792.569137,-100.0,-0.7957154120547688,0
-5.759708,34,9793.15189,-100.0,-0.7356001038268073,0
-5.57296,33,9793.72417,-100.0,-0.7092724950518896,0
-5.348348,32,9794.267802,-100.0,-0.81872800794281,0
-5.481281,43,9794.990796,-100.0,-0.8600260716387579,0
-5.593223,33,9795.545788,-100.0,-0.7298277657024085,0
-5.818562,34,9796.153759,-100.0,-0.6975979096298861,0
-5.58278,34,9796.738642,-100.0,-0.7064394367705105,0
-5.80048,34,9797.316267,-100.0,-0.7045063005962363,0
-5.314986,33,9797.890708,-100.0,-0.7687547293475236,0
-5.676404,33,9798.446876,-100.0,-0.6927658484078403,0
-5.520016,33,9799.014915,-100.0,-0.72684296331919,0
-5.849226,33,9799.578656,-100.0,-0.6902232581116032,0
-5.300856,33,9800.144631,-100.0,-0.7908475306381132,0
-5.270878,33,9800.704539,-100.0,-0.8531248646936713,0
-6.002025,33,9801.264783,-100.0,-0.6233836490518438,0
-5.37482,33,9801.833875,-100.0,-0.7862459990918838,0
-5.85175,34,9802.421645,-100.0,-0.7187072705891697,0
-5.534783,33,9802.989864,-100.0,-0.7408441781069546,0
-5.383819,32,9803.519804,-100.0,-0.7808786265277239,0
-5.752826,33,9804.083324,-100.0,-0.6789691642552431,0
-5.750909,35,9804.676138,-100.0,-0.6725866029026888,0
-5.238628,33,9805.24113,-100.0,-0.7972457070105725,0
-5.719035,33,9805.803713,-100.0,-0.7262051535090003,0
-5.65538,34,9806.394006,-100.0,-0.7498901422863673,0
-5.613286,33,9806.949813,-100.0,-0.746864555431163,0
-5.869832,34,9807.528128,-100.0,-0.6615183942854234,0
-5.574338,33,9808.09131,-100.0,-0.774583020422198,0
-5.869129,34,9924.900308,-100.0,-0.6816202919943234,0
-5.632054,34,9925.481626,-100.0,-0.7476309981492222,0
-5.495962,37,9926.125785,-100.0,-0.7884455873902185,0
-5.659178,33,9926.677737,-100.0,-0.7140291150634761,0
-5.626988,34,9927.260302,-100.0,-0.7310260406519109,0
-5.702478,33,9927.82758,-100.0,-0.7011257090572938,0
-5.704731,34,9928.420347,-100.0,-0.7043053715156475,0
-5.284286,32,9928.96275,-100.0,-0.8235150319750608,0
-5.251227,32,9929.515338,-100.0,-0.8473482859517104,0
-5.220856,32,9930.061537,-100.0,-0.8807758054833456,0
-5.759592,33,9930.634872,-100.0,-0.6651970776361616,0
-5.563091,33,9931.193302,-100.0,-0.7559672347572074,0
-5.183616,32,9931.744528,-100.0,-0.8781541014824269,0
-5.202651,32,9932.287237,-100.0,-0.8769621832694913,0
-5.4194,34,9932.875087,-100.0,-0.7273021326465209,0
-5.369059,33,9933.448724,-100.0,-0.7947388257418214,0
-5.625974,33,9934.006315,-100.0,-0.7403364742543275,0
-5.286744,32,9934.566665,-100.0,-0.8943153139835962,0
-5.239561,34,9935.146693,-100.0,-0.8105026093877494,0
-5.526625,33,9935.711026,-100.0,-0.6997151883959867,0
-5.990336,34,9936.277825,-100.0,-0.6260839884086346,0
-6.124665,36,9936.902262,-100.0,-0.689661293273165,0
-5.484988,34,9937.490702,-100.0,-0.7749396463671039,0
-5.815265,36,9938.111499,-100.0,-0.80918400887138,0
-5.84001,35,9938.705198,-100.0,-0.6950002634895174,0
-5.664356,35,9939.306091,-100.0,-0.674632982313802,0
-5.496104,32,9939.859206,-100.0,-0.7711807359110696,0
-5.504128,33,9940.42476,-100.0,-0.6959259451066981,0
-5.504707,33,9940.99472,-100.0,-0.7328519897180136,0
-5.860863,34,9941.567858,-100.0,-0.6172911180076983,0
-5.542729,34,9942.149973,-100.0,-0.774832974194228,0
-5.890611,33,9942.716075,-100.0,-0.7231396139740575,0
-5.681948,33,9943.28273,-100.0,-0.6772289874196026,0
-5.268272,32,9943.825467,-100.0,-0.8470594858543672,0
-5.681436,33,9944.590745,-100.0,-0.6926810124699186,0
-5.405335,33,9945.155061,-100.0,-0.8156657934981306,0
-5.459678,34,9945.738026,-100.0,-0.7412352878540337,0
-5.479808,34,9946.326279,-100.0,-0.7517978281847808,0
-5.218403,32,9946.878348,-100.0,-0.8108019185232421,0
-5.686764,35,9947.462678,-100.0,-0.6852560803849453,0
-5.259378,33,9948.029957,-100.0,-0.7798336804475405,0
-5.65996,33,9948.59912,-100.0,-0.592318994286962,0
-5.943986,34,9949.18239,-100.0,-0.703111579382289,0
-5.576506,34,9949.76235,-100.0,-0.6782599683901419,0
-5.822319,35,9950.360262,-100.0,-0.7009753177055484,0
-5.846801,34,9950.944204,-100.0,-0.7201023371349254,0
-5.850373,33,9951.497225,-100.0,-0.7132272057465674,0
-5.362842,33,9952.067282,-100.0,-0.7786148073486541,0
-5.698601,34,9952.651495,-100.0,-0.6597005521959346,0
-5.857708,35,9953.25826,-100.0,-0.695094128401497,0
-5.226889,33,9953.820086,-100.0,-0.823064995904853,0
-5.843657,33,9954.386881,-100.0,-0.6532095817056863,0
-5.944481,33,9954.955218,-100.0,-0.6299017898600112,0
-5.745116,41,9955.655301,-100.0,-0.8241044521556088,0
-5.424683,33,9956.221909,-100.0,-0.8057959524463038,0
-5.19646,32,9956.773709,-100.0,-0.8576933773578385,0
-5.751727,33,9957.344569,-100.0,-0.7572143789561169,0
-5.503888,33,9957.911688,-100.0,-0.8098430920735599,0
-5.699806,34,9958.499757,-100.0,-0.73037152890614,0
-5.483276,33,9959.055858,-100.0,-0.8100248307096742,0
-5.449751,33,9959.617254,-100.0,-0.7208377475696248,0
-5.823031,39,10078.312018,-100.0,-0.7132558344696521,0
-5.7935,35,10078.904645,-100.0,-0.6706808613378145,0
-5.179365,33,10079.474833,-100.0,-0.8339137470079259,0
-5.894799,33,10080.024775,-100.0,-0.7149367490414847,0
-5.568635,33,10080.589362,-100.0,-0.6408850636505529,0
-5.657425,33,10081.149723,-100.0,-0.7444997157232661,0
-5.895833,33,10081.720576,-100.0,-0.6397587513479422,0
-5.458257,38,10082.367153,-100.0,-0.7454392605356526,0
-5.578245,34,10082.941551,-100.0,-0.6910346097030082,0
-5.392918,33,10083.499444,-100.0,-0.6925749480207886,0
-5.594171,33,10084.065053,-100.0,-0.7114088151957337,0
-5.92114,34,10084.650406,-100.0,-0.6559541591667256,0
-5.315424,33,10085.215499,-100.0,-0.7842253857256359,0
-5.262067,33,10085.775593,-100.0,-0.7322072246733261,0
-5.41668,33,10086.337699,-100.0,-0.8272112492187127,0
-5.394569,33,10086.907607,-100.0,-0.7129476718743808,0
-5.162856,33,10087.472969,-100.0,-0.7209683274507287,0
-5.793102,33,10088.02723,-100.0,-0.6014783841729163,0
-5.568011,32,10088.558676,-100.0,-0.7366303638620617,0
-5.532634,33,10089.12503,-100.0,-0.712782566298914,0
-5.960334,40,10089.813106,-100.0,-0.6604460539934444,0
-5.349098,33,10090.384777,-100.0,-0.77516780291155,0
-5.644566,34,10090.957601,-100.0,-0.6652973669334991,0
-5.572719,34,10091.540726,-100.0,-0.7045656830585895,0
-5.400171,34,10092.123732,-100.0,-0.7615929333244876,0
-5.351335,33,10092.681815,-100.0,-0.7679369986676331,0
-5.469434,33,10093.244905,-100.0,-0.7142262189904364,0
-5.485199,34,10093.813329,-100.0,-0.7337652364518912,0
-5.871457,34,10094.405548,-100.0,-0.7255800374488277,0
-5.70054,35,10094.997787,-100.0,-0.8882093856402774,0
-5.649976,33,10095.569168,-100.0,-0.7621618499241016,0
-5.604492,32,10096.106787,-100.0,-0.7964702661159593,0
-5.282268,33,10096.677296,-100.0,-0.806420407984607,0
-5.732767,34,10097.249606,-100.0,-0.7496071443307963,0
-5.678061,34,10097.822337,-100.0,-0.7089586004340054,0
-5.703559,33,10098.381278,-100.0,-0.7380961989407245,0
-5.867284,36,10099.004485,-100.0,-0.7358348808161216,0
-5.751561,34,10099.581595,-100.0,-0.6652560967515233,0
-5.499005,35,10100.178151,-100.0,-0.7401499507664495,0
-5.34688,32,10100.723348,-100.0,-0.7729944603717219,0
-5.375967,34,10101.311452,-100.0,-0.7684988551330142,0
-5.440746,34,10101.895187,-100.0,-0.7393075281774828,0
-5.513876,32,10102.438869,-100.0,-0.8475822869180947,0
-5.752511,34,10103.026517,-100.0,-0.6566767946904218,0
-5.761708,38,10103.657793,-100.0,-0.6589201219740705,0
-5.603521,33,10104.229557,-100.0,-0.7333394680504606,0
-5.263464,37,10104.841115,-100.0,-0.8615778169815481,0
-5.450237,32,10105.395949,-100.0,-0.8531008835874376,0
-5.692768,33,10105.954822,-100.0,-0.7011494509703089,0
-5.261961,33,10106.511175,-100.0,-0.7898859660130334,0
-6.140052,35,10107.110675,-100.0,-0.7483144422386184,0
-5.749725,33,10107.682232,-100.0,-0.7744801708939618,0
-5.644482,33,10108.246778,-100.0,-0.7143582761756481,0
-5.272977,33,10108.812222,-100.0,-0.7536833554622404,0
-5.590996,33,10109.377628,-100.0,-0.6660971194335964,0
-5.440407,33,10109.936432,-100.0,-0.7962267985261177,0
-5.588329,32,10110.47917,-100.0,-0.7242054327542499,0
-5.662466,33,10111.033164,-100.0,-0.6783066507510398,0
-5.755329,34,10111.615305,-100.0,-0.7008152874892025,0
-5.468126,33,10112.174091,-100.0,-0.8378172139143023,0
-5.450786,35,10112.770911,-100.0,-0.8797352329628231,0
-5.523586,33,10215.47188,-100.0,-0.7207818446915966,0
-5.953852,34,10216.054621,-100.0,-0.6392433000101267,0
-5.167572,33,10216.625297,-100.0,-0.8170220826079673,0
-5.599218,33,10217.18019,-100.0,-0.6453748786290299,0
-5.374115,33,10217.743365,-100.0,-0.7365040181890992,0
-5.754114,33,10218.301281,-100.0,-0.6634870827930412,0
-5.907854,35,10218.909538,-100.0,-0.6515504706086819,0
-5.854756,34,10219.476935,-100.0,-0.6624568867468111,0
-5.352975,35,10220.082644,-100.0,-0.8082587175902444,0
-5.33379,33,10220.65527,-100.0,-0.7578587337073778,0
-5.481514,33,10221.212594,-100.0,-0.6634631302743846,0
-5.626399,33,10221.780908,-100.0,-0.7101120649227765,0
-5.826139,33,10222.334467,-100.0,-0.6449099915924825,0
-5.668525,35,10222.932254,-100.0,-0.715017960134602,0
-5.693765,33,10223.488123,-100.0,-0.6891594130635893,0
-5.337584,34,10224.082445,-100.0,-0.8252054429013509,0
-5.512734,34,10224.665336,-100.0,-0.7307270820047564,0
-5.303592,34,10225.250029,-100.0,-0.7630957646896515,0
-5.791453,33,10225.794977,-100.0,-0.6463362769312422,0
-5.403558,33,10226.355667,-100.0,-0.7653972284328241,0
-6.04025,40,10227.052655,-100.0,-0.6375071300533556,0
-6.030613,34,10227.637199,-100.0,-0.6829999914757567,0
-5.651232,33,10228.195202,-100.0,-0.7568750201910291,0
-6.265604,44,10228.962253,-100.0,-0.6554438899615727,0
-5.660426,34,10229.544846,-100.0,-0.6419379567618547,0
-5.645272,33,10230.107761,-100.0,-0.7142445110964714,0
-5.208565,32,10230.66209,-100.0,-0.8820212733459046,0
-5.951223,34,10231.234215,-100.0,-0.6480292005393646,0
-5.401899,34,10231.798817,-100.0,-0.7646897260682632,0
-5.665172,33,10232.359405,-100.0,-0.6713090659450502,0
-5.500393,39,10233.024816,-100.0,-0.7762035145391788,0
-5.356192,33,10233.594686,-100.0,-0.8002196000068436,0
-6.119196,35,10234.180942,-100.0,-0.6045466898149718,0
-5.318478,32,10234.734547,-100.0,-0.8552724867956124,0
-6.076379,33,10235.293148,-100.0,-0.6631076484292077,0
-5.322933,32,10235.846648,-100.0,-0.7706725345183556,0
-5.72437,35,10236.445689,-100.0,-0.6497966217513529,0
-5.75998,34,10237.031444,-100.0,-0.6604889746864887,0
-5.833201,35,10237.631046,-100.0,-0.6477920830822325,0
-5.234138,33,10238.188871,-100.0,-0.8518682950924994,0
-5.298534,38,10238.841784,-100.0,-0.8112016929576716,0
-5.594553,34,10239.425741,-100.0,-0.7133391143816655,0
-5.529953,41,10240.121768,-100.0,-0.7622188918153685,0
-5.280126,36,10240.73883,-100.0,-0.7285851502396397,0
-5.210976,33,10241.294727,-100.0,-0.7941810513741058,0
-5.896797,34,10241.879402,-100.0,-0.6690394892729752,0
-5.477001,33,10242.449874,-100.0,-0.7022762471462208,0
-5.471167,36,10243.059464,-100.0,-0.7741311557387287,0
-5.533662,32,10243.609163,-100.0,-0.6675077496082005,0
-5.551136,35,10244.20574,-100.0,-0.731113769121422,0
-5.693832,33,10244.76676,-100.0,-0.788993638343382,0
-5.484371,33,10245.325645,-100.0,-0.6719437705462252,0
-5.488288,32,10245.870725,-100.0,-0.8129473297333479,0
-5.60348,33,10246.434813,-100.0,-0.6682271043921718,0
-5.178459,32,10246.979695,-100.0,-0.8209903494294704,0
-5.513536,35,10247.570433,-100.0,-0.7803155657780508,0
-5.776454,35,10248.171304,-100.0,-0.6703325870817377,0
-5.392966,33,10248.731695,-100.0,-0.7566101776745493,0
-5.730662,34,10249.314988,-100.0,-0.6512682155274819,0
-5.26912,34,10249.901155,-100.0,-0.7487617693086689,0
-6.013413,33,10352.503376,-100.0,-0.6512396172643249,0
-5.168875,33,10353.065887,-100.0,-0.8398854214448275,0
-5.474757,33,10353.628857,-100.0,-0.7306877348552565,0
-5.385991,33,10354.186491,-100.0,-0.7061854039786275,0
-5.409807,33,10354.743376,-100.0,-0.749499769750157,0
-5.228049,32,10355.27965,-100.0,-0.8899957546220925,0
-5.567375,33,10355.849729,-100.0,-0.6558394615448413,0
-5.760939,34,10356.426272,-100.0,-0.6694066681219697,0
-5.277605,34,10357.002825,-100.0,-0.7845126829574077,0
-5.493415,33,10357.566911,-100.0,-0.7507708024356992,0
-5.780761,33,10358.129631,-100.0,-0.7230143905284508,0
-5.339709,32,10358.680455,-100.0,-0.786591251838304,0
-5.964269,39,10359.357842,-100.0,-0.6615340621847883,0
-5.295799,34,10359.94211,-100.0,-0.7613989563125148,0
-5.465778,33,10360.493919,-100.0,-0.7055588045071116,0
-5.579145,36,10361.109732,-100.0,-0.757593064483017,0
-5.204444,32,10361.649216,-100.0,-0.877284643556124,0
-5.866685,57,10362.604128,-100.0,-0.7792262813255013,0
-5.566751,34,10363.184253,-100.0,-0.6500117803089056,0
-5.450562,33,10363.743563,-100.0,-0.8467021706388363,0
-5.297702,33,10364.316614,-100.0,-0.7775534322292496,0
-5.636315,33,10364.876712,-100.0,-0.7173182858932463,0
-5.874357,49,10365.72336,-100.0,-0.7330017662374074,0
-5.244007,33,10366.287395,-100.0,-0.7446800596066331,0
-5.657501,33,10367.060381,-100.0,-0.7202148742846455,0
-5.491895,33,10367.625359,-100.0,-0.7453582167342055,0
-5.35064,33,10368.184031,-100.0,-0.7641024508554067,0
-5.510738,34,10368.759634,-100.0,-0.7467397947377199,0
-5.292219,32,10369.313215,-100.0,-0.7810222451589709,0
-5.403841,33,10369.878897,-100.0,-0.7667009752823613,0
-5.862486,34,10370.453585,-100.0,-0.689749727759813,0
-5.217382,32,10371.005939,-100.0,-0.7793187704193495,0
-5.861131,34,10371.587591,-100.0,-0.6569582040552264,0
-5.237302,33,10372.140493,-100.0,-0.7687968568858274,0
-5.298839,32,10372.685203,-100.0,-0.7616829536276292,0
-5.647018,41,10373.371071,-100.0,-0.7391692511741308,0
-5.757016,33,10373.938653,-100.0,-0.7011896013941762,0
-5.69621,33,10374.507351,-100.0,-0.7104315143315831,0
-5.918216,37,10375.130549,-100.0,-0.6647709438909296,0
-5.224678,33,10375.698656,-100.0,-0.8340436184116001,0
-5.643016,33,10376.271031,-100.0,-0.7385474884596395,0
-5.637527,33,10376.836161,-100.0,-0.631864061872333,0
-5.39244,33,10377.389033,-100.0,-0.7512486016345463,0
-5.109009,32,10377.924896,-100.0,-0.8055031508677061,0
-5.549795,33,10378.496315,-100.0,-0.715397564352748,0
-5.436448,38,10379.136042,-100.0,-0.7985406647949285,0
-5.650363,33,10379.701355,-100.0,-0.7021088242186043,0
-5.295739,34,10380.279109,-100.0,-0.7119505070245846,0
-5.399116,33,10380.838994,-100.0,-0.7560453729595258,0
-5.751301,33,10381.400584,-100.0,-0.6778440063516443,0
-5.298407,32,10381.955892,-100.0,-0.8576119792953784,0
-5.218004,33,10382.514806,-100.0,-0.799092230791863,0
-5.253295,38,10383.163902,-100.0,-0.851691339340287,0
-5.873593,34,10383.743888,-100.0,-0.7016545618220739,0
-5.49597,34,10384.321264,-100.0,-0.7930948591284339,0
-5.40559,32,10384.872845,-100.0,-0.7496688319522837,0
-5.966296,39,10385.528245,-100.0,-0.6649503564923915,0
-5.262215,33,10386.092409,-100.0,-0.7437727776288212,0
-5.579321,33,10386.647882,-100.0,-0.7005364945608706,0
-5.64775,33,10387.217471,-100.0,-0.6843093106782372,0
-5.948633,34,10508.909318,-100.0,-0.6397273852047362,0
-5.435846,33,10509.474171,-100.0,-0.7723824190625788,0
-5.153388,33,10510.04406,-100.0,-0.8038494218540924,0
-5.423572,32,10510.591006,-100.0,-0.8244399318029852,0
-5.538305,34,10511.173681,-100.0,-0.7793321341416564,0
-5.536459,34,10511.758114,-100.0,-0.7451407042769507,0
-5.803367,34,10512.338901,-100.0,-0.6411874999224173,0
-5.506635,33,10512.911337,-100.0,-0.735221036956969,0
-5.542481,33,10513.468476,-100.0,-0.7442140622022775,0
-5.756405,33,10514.030866,-100.0,-0.7007000261275136,0
-5.14038,33,10514.590697,-100.0,-0.8134789849976605,0
-5.172856,32,10515.143306,-100.0,-0.8179151747581763,0
-5.365082,33,10515.706391,-100.0,-0.7404899664849123,0
-5.627574,34,10516.284198,-100.0,-0.7385729300234299,0
-5.41875,33,10516.845746,-100.0,-0.7153161778755731,0
-5.621914,36,10517.457505,-100.0,-0.7396483618738136,0
-5.551894,32,10518.018068,-100.0,-0.810458814754966,0
-5.6727,33,10518.582404,-100.0,-0.7560967691129277,0
-5.651701,33,10519.15032,-100.0,-0.6971395866573823,0
-5.568522,35,10519.744019,-100.0,-0.7721645058213669,0
-5.521414,33,10520.308048,-100.0,-0.7516603533578112,0
-5.74309,34,10520.902625,-100.0,-0.6768872459462443,0
-5.31883,32,10521.441904,-100.0,-0.7254793649800954,0
-5.424065,36,10522.063087,-100.0,-0.8210101404663387,0
-5.305312,34,10522.644716,-100.0,-0.8082945985123218,0
-5.303677,34,10523.234209,-100.0,-0.7550555282768942,0
-5.506798,33,10523.792458,-100.0,-0.6841908918451287,0
-5.534809,33,10524.356126,-100.0,-0.7320076816803069,0
-5.37155,33,10524.924738,-100.0,-0.8006210396546655,0
-5.172205,32,10525.4626,-100.0,-0.843731862769697,0
-5.831157,34,10526.046197,-100.0,-0.6507624090701718,0
-5.401938,33,10526.610541,-100.0,-0.6709707646486325,0
-5.619414,33,10527.180834,-100.0,-0.6721765086472964,0
-5.495381,33,10527.748299,-100.0,-0.7361850939620306,0
-5.666606,34,10528.331374,-100.0,-0.708658813962166,0
-5.543261,42,10529.051879,-100.0,-0.8408285025356034,0
-5.437018,34,10529.634417,-100.0,-0.7744447467692562,0
-5.308315,33,10530.196676,-100.0,-0.8311274503887836,0
-5.499944,33,10530.7566,-100.0,-0.7126430359940433,0
-5.496239,33,10531.312913,-100.0,-0.7438773905628366,0
-5.378945,33,10531.871814,-100.0,-0.6926179777724869,0
-5.676832,33,10532.44112,-100.0,-0.6339603241968687,0
-5.957281,34,10533.024827,-100.0,-0.661125837229583,0
-5.625191,34,10533.618258,-100.0,-0.7503767123224444,0
-5.470707,33,10534.188335,-100.0,-0.8334213895174208,0
-5.599873,34,10534.75751,-100.0,-0.6917113863654207,0
-5.659608,34,10535.333699,-100.0,-0.66661208723131,0
-5.632379,35,10535.927804,-100.0,-0.6966383879194102,0
-5.335426,33,10536.487191,-100.0,-0.8247256055762219,0
-5.691987,34,10537.06623,-100.0,-0.6503899619925783,0
-5.797704,34,10537.663533,-100.0,-0.6943417213171814,0
-5.185572,32,10538.202246,-100.0,-0.8466684066806494,0
-5.589752,33,10538.773514,-100.0,-0.6210364645928946,0
-5.500717,33,10539.326661,-100.0,-0.6767904652126305,0
-5.453437,33,10539.890771,-100.0,-0.758012504866961,0
-5.308751,33,10540.449447,-100.0,-0.7174513445895959,0
-5.652075,33,10541.01798,-100.0,-0.6637688960744027,0
-5.207325,32,10541.567746,-100.0,-0.8449953780575061,0
-6.049927,33,10542.14018,-100.0,-0.639075571719565,0
-5.622879,34,10542.716317,-100.0,-0.6469380508126047,0
-5.226471,35,10543.31421,-100.0,-0.8740083642972916,0
-5.503636,34,10668.397327,-100.0,-0.7058018083166844,0
-5.630673,33,10668.969061,-100.0,-0.6646575155684691,0
-5.574101,33,10669.534163,-100.0,-0.7046353121581314,0
-5.743558,34,10670.121191,-100.0,-0.6744387068672434,0
-5.395036,34,10670.698465,-100.0,-0.7375473506267578,0
-5.474766,34,10671.283213,-100.0,-0.7891246417567339,0
-5.715452,33,10671.837219,-100.0,-0.5670862886682991,0
-5.462566,34,10672.432936,-100.0,-0.7113087670014452,0
-5.45091,34,10673.008618,-100.0,-0.778856239691815,0
-5.417935,33,10673.574965,-100.0,-0.7963641839143699,0
-5.433641,35,10674.165216,-100.0,-0.6996709114998041,0
-5.676834,33,10674.738983,-100.0,-0.6859212770083729,0
-5.678454,33,10675.304996,-100.0,-0.6683525471755409,0
-5.17624,41,10675.999805,-100.0,-0.8483444196538079,0
-5.819593,33,10676.565145,-100.0,-0.6611714494063657,0
-5.730316,33,10677.126137,-100.0,-0.6881456925641447,0
-5.930021,33,10677.696234,-100.0,-0.701899060163808,0
-5.357451,33,10678.261047,-100.0,-0.7695184199537624,0
-5.273773,33,10678.826624,-100.0,-0.7600942629870452,0
-5.559715,38,10679.465993,-100.0,-0.7391052976789425,0
-5.801485,43,10680.197926,-100.0,-0.7015485921040925,0
-5.07481,32,10680.743973,-100.0,-0.8680720763055857,0
-5.309367,37,10681.371012,-100.0,-0.7729352602678693,0
-5.411993,32,10681.920902,-100.0,-0.7754773728238282,0
-5.359613,33,10682.482679,-100.0,-0.7430016862085609,0
-5.805445,34,10683.07339,-100.0,-0.6643768791207417,0
-5.499172,39,10683.726826,-100.0,-0.8104864908048787,0
-5.323342,33,10684.299032,-100.0,-0.7669030567301812,0
-5.575538,32,10684.841305,-100.0,-0.7799724241971225,0
-5.441443,33,10685.41047,-100.0,-0.7592492418508192,0
-5.312578,33,10685.963377,-100.0,-0.7179133102582769,0
-5.340235,33,10686.5318,-100.0,-0.7768145569092128,0
-5.29258,33,10687.098312,-100.0,-0.77302046975571,0
-5.659689,34,10687.682858,-100.0,-0.677849616226694,0
-5.501379,34,10688.260569,-100.0,-0.7410199034590474,0
-5.975865,34,10688.841024,-100.0,-0.7226749239106223,0
-5.679676,33,10689.404639,-100.0,-0.6865861518171269,0
-5.75964,33,10689.976012,-100.0,-0.6734465153241458,0
-5.661397,33,10690.530361,-100.0,-0.6866837838646395,0
-5.756547,35,10691.141833,-100.0,-0.6707988011535357,0
-5.331494,34,10691.726862,-100.0,-0.8677964182618707,0
-5.389573,32,10692.276198,-100.0,-0.8065762648271505,0
-5.468042,34,10692.856914,-100.0,-0.7277656932412692,0
-5.384484,33,10693.416755,-100.0,-0.7752687587612903,0
-5.361406,33,10693.990029,-100.0,-0.748953823106974,0
-5.58449,33,10694.549784,-100.0,-0.6998286076934882,0
-5.55123,32,10695.099134,-100.0,-0.7990645624599363,0
-5.826666,34,10695.678657,-100.0,-0.638593449414655,0
-5.517228,37,10696.31271,-100.0,-0.7539826451452516,0
-5.194674,33,10696.878743,-100.0,-0.8177929726505379,0
-5.649778,39,10697.538593,-100.0,-0.6896134003482877,0
-5.739644,33,10698.104551,-100.0,-0.7066849574109703,0
-5.386106,34,10698.674664,-100.0,-0.745953487201314,0
-5.74505,33,10699.235796,-100.0,-0.6774876924155367,0
-5.722463,35,10699.82967,-100.0,-0.7273259125950285,0
-5.869456,39,10700.511601,-100.0,-0.6594822264916209,0
-5.28455,34,10701.088595,-100.0,-0.810569109387082,0
-5.447389,33,10701.655084,-100.0,-0.781669549228693,0
-5.7588,33,10702.227456,-100.0,-0.6677800130984849,0
-5.750395,33,10702.786074,-100.0,-0.6943895764782994,0
-5.730647,33,10833.018668,-100.0,-0.6503378030437188,0
-5.549959,32,10833.561468,-100.0,-0.7924047748575092,0
-5.787345,33,10834.131471,-100.0,-0.6913023469101026,0
-5.408018,34,10834.713753,-100.0,-0.7844672822708048,0
-5.759344,33,10835.267907,-100.0,-0.6955774922653826,0
-5.442929,42,10835.988316,-100.0,-0.79255970721051,0
-5.535157,33,10836.536752,-100.0,-0.7629234056344927,0
-5.535994,33,10837.103285,-100.0,-0.8122198441227614,0
-5.194602,32,10837.649451,-100.0,-0.8532603826936314,0
-5.466083,33,10838.21878,-100.0,-0.6881934090922983,0
-5.568054,33,10838.774898,-100.0,-0.8355943046111209,0
-5.410452,33,10839.343395,-100.0,-0.7487900357652887,0
-5.41233,36,10839.952097,-100.0,-0.7877240168675461,0
-5.729431,34,10840.539175,-100.0,-0.7033666616191863,0
-5.347446,33,10841.106504,-100.0,-0.7723909201461409,0
-5.513818,33,10841.673661,-100.0,-0.6988192363259729,0
-5.241931,33,10842.443967,-100.0,-0.8102177442753317,0
-5.40191,33,10843.01561,-100.0,-0.7947344575258914,0
-5.511685,33,10843.576379,-100.0,-0.8079629234877792,0
-5.796297,34,10844.168603,-100.0,-0.7040140258430339,0
-5.656496,33,10844.739215,-100.0,-0.6588666272983632,0
-5.627571,33,10845.300262,-100.0,-0.7082894039088588,0
-5.449787,33,10845.865184,-100.0,-0.7573475323898202,0
-5.485818,35,10846.456795,-100.0,-0.6935759320340232,0
-5.74129,34,10847.033889,-100.0,-0.6757961563248691,0
-5.625697,34,10847.610411,-100.0,-0.6910225137433567,0
-5.746612,36,10848.234057,-100.0,-0.7292280379743173,0
-5.739766,33,10848.802018,-100.0,-0.6587886518397834,0
-5.575427,33,10849.373429,-100.0,-0.7261151387116188,0
-5.322197,36,10849.980404,-100.0,-0.8090755756186329,0
-5.584568,34,10850.552984,-100.0,-0.7199354817107955,0
-5.154448,32,10851.105282,-100.0,-0.8580094971696757,0
-5.235798,32,10851.651374,-100.0,-0.8260187816664009,0
-5.549021,33,10852.211543,-100.0,-0.5995727610260956,0
-5.438565,34,10852.80017,-100.0,-0.7584807648604317,0
-5.412076,32,10853.345156,-100.0,-0.8009587780873203,0
-5.226519,33,10853.912198,-100.0,-0.8400960672102794,0
-5.120739,32,10854.459534,-100.0,-0.7730465311828946,0
-5.265288,32,10855.011114,-100.0,-0.8813342474183963,0
-5.659046,33,10855.572867,-100.0,-0.7137097647303831,0
-5.759445,42,10856.28288,-100.0,-0.7026185194806269,0
-5.467898,39,10856.94539,-100.0,-0.8465063446898881,0
-5.236141,33,10857.510112,-100.0,-0.8212172437562786,0
-5.690133,33,10858.0743,-100.0,-0.6359852768563088,0
-5.702104,34,10858.665173,-100.0,-0.64161791929738,0
-5.360613,33,10859.225951,-100.0,-0.8073278438743081,0
-5.675685,33,10859.789615,-100.0,-0.7259632944123842,0
-5.219162,32,10860.34602,-100.0,-0.8930568863331607,0
-5.437109,33,10860.901588,-100.0,-0.7560367268591293,0
-5.50033,33,10861.470645,-100.0,-0.7049909129836437,0
-5.480888,33,10862.026802,-100.0,-0.815665029231557,0
-5.762674,34,10862.614418,-100.0,-0.6315002808132837,0
-5.311178,33,10863.172924,-100.0,-0.8017939271598993,0
-5.202199,33,10863.732005,-100.0,-0.7833491338843476,0
-5.473967,33,10864.294293,-100.0,-0.6984627460082248,0
-5.753061,34,10864.865054,-100.0,-0.7046379852529733,0
-5.575381,33,10865.435779,-100.0,-0.7235521921626134,0
-5.45221,38,10866.083702,-100.0,-0.8296982739801829,0
-5.789766,42,10866.814558,-100.0,-0.7188975335319753,0
-5.526984,35,10867.397125,-100.0,-0.8357067654911217,0
-5.381687,33,11001.463281,-100.0,-0.7882609003968815,0
-5.470684,34,11002.042964,-100.0,-0.7280669494913456,0
-5.653366,33,11002.60318,-100.0,-0.7032491191581842,0
-5.747942,33,11003.163947,-100.0,-0.6949691708784729,0
-5.674764,34,11003.74343,-100.0,-0.6772189486638069,0
-5.653949,32,11004.277259,-100.0,-0.7201035245930258,0
-5.307169,34,11004.858827,-100.0,-0.7902215240752107,0
-5.569822,33,11005.417953,-100.0,-0.7244307577011319,0
-5.300921,33,11005.980317,-100.0,-0.7602898295239396,0
-5.556102,34,11006.558784,-100.0,-0.7350520554053507,0
-5.648005,33,11007.125741,-100.0,-0.7307738654938746,0
-5.886081,34,11007.708107,-100.0,-0.6695367228709264,0
-5.627507,33,11008.266621,-100.0,-0.6984744341323685,0
-5.404202,33,11008.833981,-100.0,-0.7304906364711162,0
-5.552029,34,11009.406488,-100.0,-0.7113924180504801,0
-5.623233,35,11010.00029,-100.0,-0.8821777633814272,0
-5.298129,32,11010.545103,-100.0,-0.8889292828853831,0
-5.405069,34,11011.12914,-100.0,-0.7359020950253159,0
-5.619573,33,11011.684471,-100.0,-0.7206421677869668,0
-5.598567,33,11012.24713,-100.0,-0.6612277894586783,0
-5.439808,33,11012.801276,-100.0,-0.7216693978846507,0
-5.504873,33,11013.370239,-100.0,-0.7517193884742167,0
-5.431331,33,11013.93188,-100.0,-0.7786970728278334,0
-5.209675,33,11014.498317,-100.0,-0.8024508519997798,0
-5.679852,33,11015.065236,-100.0,-0.5864069081735092,0
-5.128284,32,11015.603696,-100.0,-0.8966360159130211,0
-5.580601,35,11016.209409,-100.0,-0.6141394423062269,0
-5.479339,33,11016.764649,-100.0,-0.735031168874236,0
-5.455439,32,11017.311197,-100.0,-0.8260035303185889,0
-5.498234,32,11017.854635,-100.0,-0.8026277087169131,0
-5.559937,40,11018.546236,-100.0,-0.714010184852317,0
-5.186547,33,11019.09881,-100.0,-0.8452974407231545,0
-5.218154,32,11019.638195,-100.0,-0.8765786653582929,0
-5.481029,33,11020.206674,-100.0,-0.7900719793690222,0
-5.628819,33,11020.772712,-100.0,-0.69935306725369,0
-5.184624,32,11021.317451,-100.0,-0.8410976786422563,0
-5.068884,32,11021.871881,-100.0,-0.8749283358401007,0
-5.141105,32,11022.41296,-100.0,-0.8575427126758568,0
-5.543123,33,11022.974283,-100.0,-0.6889014786614126,0
-5.548554,33,11023.539118,-100.0,-0.7169480668787653,0
-5.364744,33,11024.106058,-100.0,-0.7752259176237222,0
-5.596013,34,11024.675407,-100.0,-0.741400818119132,0
-5.18291,32,11025.232628,-100.0,-0.8172570839922516,0
-5.800847,33,11025.78742,-100.0,-0.7051050713573397,0
-5.114201,32,11026.339585,-100.0,-0.8776513192670166,0
-5.403439,32,11026.879953,-100.0,-0.763968914183415,0
-5.464087,33,11027.437907,-100.0,-0.7348335133811628,0
-5.579936,33,11027.997885,-100.0,-0.6738673652554589,0
-5.320116,33,11028.566417,-100.0,-0.7184575359810792,0
-5.151412,38,11029.213526,-100.0,-0.7993974720642494,0
-5.629007,33,11029.768939,-100.0,-0.6489533194172464,0
-5.517212,34,11030.355991,-100.0,-0.7104433266596829,0
-5.839215,35,11030.946105,-100.0,-0.6670198549495238,0
-5.262662,35,11031.542071,-100.0,-0.8816198159228619,0
-6.040283,47,11032.34687,-100.0,-0.6832810897653744,0
-5.199504,33,11032.898331,-100.0,-0.7967076405027202,0
-5.685945,33,11033.455088,-100.0,-0.7088560919121366,0
-5.144583,33,11034.0217,-100.0,-0.8068187992625786,0
-5.372375,33,11034.586472,-100.0,-0.7491509784292133,0
-5.090859,32,11035.126491,-100.0,-0.879647956668517,0
-5.628903,32,11035.679147,-100.0,-0.7230957277742949,0
-5.39739,33,11173.614206,-100.0,-0.744707698371573,0
-5.495631,33,11174.1792,-100.0,-0.6898166354639446,0
-5.177516,33,11174.750061,-100.0,-0.8087314235859095,0
-5.286986,33,11175.317211,-100.0,-0.8211453302991805,0
-5.297614,32,11175.874148,-100.0,-0.7788901483212285,0
-5.55099,33,11176.436693,-100.0,-0.708926612164798,0
-5.509086,33,11177.015189,-100.0,-0.7151896838297312,0
-5.342987,33,11177.584975,-100.0,-0.7276172758589025,0
-5.614738,33,11178.156261,-100.0,-0.6513485974533204,0
-5.639791,33,11178.72212,-100.0,-0.7262913836859398,0
-5.614026,34,11179.319435,-100.0,-0.7019933343953226,0
-5.329647,33,11179.881148,-100.0,-0.7738864922732215,0
-5.321247,32,11180.428692,-100.0,-0.7879842910252413,0
-5.297288,33,11180.99893,-100.0,-0.8325996884616093,0
-5.435217,33,11181.572653,-100.0,-0.8393003070263065,0
-5.551295,39,11182.251768,-100.0,-0.7874969579820239,0
-5.369635,34,11182.845208,-100.0,-0.7628495855850703,0
-5.486872,41,11183.564778,-100.0,-0.6993122581018575,0
-5.285219,32,11184.109081,-100.0,-0.8333153893354632,0
-5.195104,33,11184.676684,-100.0,-0.7782360177667476,0
-5.58844,34,11185.276116,-100.0,-0.7376385651985485,0
-5.218282,33,11185.842058,-100.0,-0.7825561585162545,0
-5.627776,33,11186.416378,-100.0,-0.6822967584012457,0
-5.595776,33,11186.990162,-100.0,-0.6805392809426907,0
-5.600818,36,11187.603271,-100.0,-0.710163793853687,0
-5.308857,32,11188.160611,-100.0,-0.8184321477413354,0
-5.254639,33,11188.7299,-100.0,-0.7423312040290921,0
-5.491468,32,11189.271619,-100.0,-0.748355728444509,0
-5.675074,33,11189.835989,-100.0,-0.6487560734703525,0
-5.588721,37,11190.468408,-100.0,-0.744832008004631,0
-5.501685,33,11191.025449,-100.0,-0.709223308734356,0
-5.736355,33,11191.596817,-100.0,-0.7022013120965243,0
-5.932331,35,11192.188676,-100.0,-0.7126187853826317,0
-5.818421,34,11192.773987,-100.0,-0.7045057019441535,0
-5.093905,32,11193.315539,-100.0,-0.8506976903209162,0
-5.456413,34,11193.90387,-100.0,-0.7391158213704395,0
-5.540764,34,11194.487041,-100.0,-0.7020764482977933,0
-5.793799,33,11195.053492,-100.0,-0.6106068015889236,0
-5.085276,34,11195.633875,-100.0,-0.8305376221763323,0
-5.057068,33,11196.196554,-100.0,-0.8024965055374296,0
-5.162365,32,11196.745188,-100.0,-0.8707028348031336,0
-5.219451,33,11197.312589,-100.0,-0.7783237186777763,0
-5.483749,33,11197.877408,-100.0,-0.7578943925806091,0
-5.276881,32,11198.423329,-100.0,-0.7801565100132564,0
-5.670317,38,11199.071354,-100.0,-0.685252493361794,0
-5.867173,34,11199.654933,-100.0,-0.6959952005806065,0
-5.245556,33,11200.216611,-100.0,-0.8256224504921675,0
-5.676108,33,11200.785044,-100.0,-0.6400779519192723,0
-5.476933,35,11201.383008,-100.0,-0.7043398117399668,0
-5.26044,33,11201.951044,-100.0,-0.8441446939942325,0
-5.140694,32,11202.499117,-100.0,-0.8705030065314111,0
-5.415594,33,11203.064921,-100.0,-0.7663289406503421,0
-5.605199,33,11203.632737,-100.0,-0.6772505887826549,0
-5.469639,33,11204.185484,-100.0,-0.6748311480275477,0
-5.402154,33,11204.751961,-100.0,-0.7781913343116182,0
-5.116172,33,11205.314682,-100.0,-0.837245865394226,0
-5.200591,33,11205.877532,-100.0,-0.8492483373266737,0
-5.62329,33,11206.433069,-100.0,-0.6936557339783946,0
-5.277853,33,11207.003102,-100.0,-0.8394670377108568,0
-5.231666,33,11207.558693,-100.0,-0.7991163505767966,0
-5.26689,32,11208.104881,-100.0,-0.7505922458446987,0
-5.565336,33,11208.670188,-100.0,-0.6810041909655673,0
-5.621875,33,11344.385044,-100.0,-0.7466766252269681,0
-5.58579,33,11344.95172,-100.0,-0.6966750848350068,0
-5.156787,32,11345.488423,-100.0,-0.8483263785081633,0
-5.562392,33,11346.057373,-100.0,-0.6720193129776164,0
-5.183597,33,11346.615832,-100.0,-0.7114246341605337,0
-5.47343,33,11347.17492,-100.0,-0.7589876818931137,0
-5.455734,33,11347.734108,-100.0,-0.7417050338483275,0
-5.093398,32,11348.483362,-100.0,-0.8665245548160777,0
-5.514477,33,11349.044389,-100.0,-0.7594427053820165,0
-5.471503,32,11349.594012,-100.0,-0.7596357440258042,0
-5.394435,39,11350.275119,-100.0,-0.8168967857318025,0
-5.480525,33,11350.835342,-100.0,-0.7168837981462272,0
-5.423579,33,11351.394202,-100.0,-0.7200283689753192,0
-5.129775,32,11351.942498,-100.0,-0.8264865365870138,0
-5.401533,33,11352.50789,-100.0,-0.7245919266482588,0
-5.420362,35,11353.096828,-100.0,-0.7222946933156168,0
-5.374185,33,11353.656037,-100.0,-0.7728496319572266,0
-5.855833,34,11354.235091,-100.0,-0.6961156404519804,0
-5.25376,32,11354.788703,-100.0,-0.8109605358130318,0
-5.434138,32,11355.336326,-100.0,-0.7587789578858287,0
-5.514204,34,11355.908557,-100.0,-0.6364369714587192,0
-5.27886,33,11356.47213,-100.0,-0.8501605020141777,0
-5.062143,33,11357.042373,-100.0,-0.8253715073236271,0
-5.823563,34,11357.623943,-100.0,-0.6952916155466021,0
-5.486651,33,11358.181763,-100.0,-0.7816564297610537,0
-5.152384,33,11358.74698,-100.0,-0.8222208839257754,0
-5.180689,32,11359.290055,-100.0,-0.8136260418452413,0
-5.595814,34,11359.87588,-100.0,-0.7644799056936648,0
-5.139128,34,11360.4497,-100.0,-0.7935504961752443,0
-5.644536,34,11361.026875,-100.0,-0.7648657483625585,0
-5.041747,33,11361.586659,-100.0,-0.8505279854813881,0
-5.725679,34,11362.165307,-100.0,-0.6736764995290239,0
-5.673055,33,11362.715635,-100.0,-0.6618650569486144,0
-5.616311,33,11363.282775,-100.0,-0.7058139900117456,0
-5.483037,33,11363.842529,-100.0,-0.6763717645741468,0
-5.242789,33,11364.409238,-100.0,-0.7872423364710099,0
-5.437706,33,11364.969062,-100.0,-0.7403175148618235,0
-5.510057,33,11365.527967,-100.0,-0.7015364587492661,0
-5.306678,33,11366.094518,-100.0,-0.7837800090188383,0
-5.459929,33,11366.655693,-100.0,-0.7210766724232993,0
-5.644808,33,11367.224282,-100.0,-0.7295379797954724,0
-5.113306,33,11367.779311,-100.0,-0.8075239663186877,0
-5.54577,41,11368.47775,-100.0,-0.7081413782152597,0
-5.217982,33,11369.041688,-100.0,-0.8149828871318365,0
-5.52682,32,11369.586669,-100.0,-0.7501347639325437,0
-5.273961,33,11370.15498,-100.0,-0.7983199799544534,0
-5.108592,32,11370.696926,-100.0,-0.8011837607991555,0
-5.591808,34,11371.276608,-100.0,-0.6877041886029283,0
-5.638673,33,11371.83426,-100.0,-0.6700001481584779,0
-5.623435,39,11372.52493,-100.0,-0.6930590221418591,0
-5.153035,32,11373.06384,-100.0,-0.809029114393442,0
-5.703641,34,11373.642355,-100.0,-0.6585960537604035,0
-5.607129,35,11374.238668,-100.0,-0.6635317318810767,0
-5.494118,33,11374.797232,-100.0,-0.7362363097000083,0
-5.649476,33,11375.358368,-100.0,-0.6734430018495129,0
-5.681326,35,11375.94792,-100.0,-0.7123404283384914,0
-5.290825,33,11376.50859,-100.0,-0.783354532457938,0
-5.772083,33,11377.059867,-100.0,-0.7199296234044509,0
-5.218162,32,11377.613671,-100.0,-0.8968020420419895,0
-5.605729,33,11378.177105,-100.0,-0.7475630568878051,0
-5.240388,33,11378.737157,-100.0,-0.7644536925102934,0
