#{"t_start": 1782853650.282354, "env_id": "BipedalWalker-v3"}
r,l,t,original_env_reward,generated_reward,reward_error_count
-20.830308,75,2.966675,-100.0,-1.2312773312944238,0
-24.139174,54,3.728887,-100.0,-1.0432312104239556,0
-589.258554,1600,25.561108,-0.09766985543568987,-0.8973258661133275,0
-290.966214,1600,189.960996,-0.17768103736639024,-0.26525586515103455,0
-61.311418,115,191.681807,-100.0,-1.6989266339194373,0
-277.592068,1600,337.952853,-0.12488853504260262,-0.1464368984049526,0
-41.481476,53,338.695897,-100.0,-1.6869610897378333,0
-251.322403,1600,480.759842,-0.025111806193988714,-0.14715207773362285,0
-18.948806,52,481.478721,-100.0,-0.8741861702883482,0
-37.875835,58,482.288641,-100.0,-1.410833377862649,0
-45.640018,65,483.197916,-100.0,-1.5929275029087901,0
-25.164156,71,484.172322,-100.0,-0.9585605490459425,0
-310.883442,1600,625.189258,-0.04070022781690198,-0.1255103311337251,0
-192.983908,1600,647.410352,0.034184110186994084,-0.027854235918405433,0
-203.041328,1600,790.534256,-0.0161331028342247,-0.06425646545882442,0
-19.244622,89,791.882219,-100.0,-0.6652089483642387,0
-24.530458,68,792.920763,-100.0,-0.9214449702914957,0
-205.34695,1600,933.224627,0.013053973913192754,-0.12066852719952043,0
-182.659413,1600,1076.052228,0.0257825121482237,-0.05898372012406018,0
-26.069017,82,1077.191534,-100.0,-0.9467296453814904,0
-15.635475,46,1077.833027,-100.0,-0.6443642091397003,0
-35.5467,71,1078.826541,-100.0,-1.2585496640797018,0
-25.684677,84,1080.020196,-100.0,-0.6266564452693992,0
-18.524586,67,1080.960777,-100.0,-0.8578517493554497,0
-24.2817,85,1082.161227,-100.0,-0.4854599465338386,0
-35.979921,118,1083.819621,-100.0,-1.268688627959309,0
-25.162697,118,1085.463818,-100.0,-0.7626947597918408,0
-42.07539,167,1087.781346,-100.0,-1.0650615915293469,0
-161.959439,1600,1227.619161,-0.03652051685253897,-0.0387605766398465,0
-16.766599,77,1228.717923,-100.0,-0.8921976222478215,0
-156.960777,1600,1368.300602,-0.18880010080337523,-0.15671629312616445,0
-161.654478,1600,1507.286361,0.07698267145951826,-0.04661535186250551,0
-15.553055,35,1507.778978,-100.0,-0.8437324599608045,0
-21.503702,77,1508.865949,-100.0,-0.7208844258363839,0
-15.305873,52,1509.596166,-100.0,-0.8295280550971702,0
-144.759068,1600,1652.163109,-0.042528266598783324,-0.03494092897442197,0
-31.358359,121,1653.854249,-100.0,-0.5193564373154017,0
-195.05018,1600,1676.224289,-0.03811482367913402,-0.14115056952479024,0
-135.554324,1600,1816.771455,-0.13420862887303509,-0.12094827285334661,0
-23.81433,114,1818.35643,-100.0,-0.8315553445975209,0
-18.003866,53,1819.09882,-100.0,-0.6499779524131436,0
-15.242736,51,1819.816914,-100.0,-0.54445129262518,0
-129.497512,1600,1960.576301,-0.010345522403717049,-0.08455091034913537,0
-26.658423,144,1962.740578,-100.0,-0.36747066830316155,0
-126.182912,1600,2101.298229,-0.06769862463077146,-0.1303781315639794,0
-17.348401,64,2102.18107,-100.0,-0.7431014083423119,0
-17.789743,100,2103.580304,-100.0,-0.2782121257001356,0
-12.414391,74,2104.613995,-100.0,-0.7740749202343593,0
-138.799105,1600,2241.561409,4.304814338684099e-05,-0.093960616287468,0
-21.284192,110,2243.061031,-100.0,-0.41094590016460364,0
-16.726394,87,2244.264862,-100.0,-0.6923281031171292,0
-107.457095,1600,2385.254845,-0.147098178780332,-0.09530523959561688,0
-25.279527,117,2386.839624,-100.0,-0.5424928472620224,0
-97.395997,1600,2408.775483,-0.08356992353995878,-0.07531274121850184,0
-21.222908,102,2504.71482,-100.0,-0.4565217383771166,0
-109.787571,1600,2526.509258,-0.06156591767072678,-0.07649729337010402,0
-16.420416,62,2527.36096,-100.0,-0.665091436873516,0
-15.153688,61,2528.189282,-100.0,-0.36930555268448817,0
-89.588463,1600,2643.187431,-0.09452885772784077,-0.023082590050172512,0
-22.000352,88,2644.388633,-100.0,-0.6525518486539762,0
-8.837044,52,2645.097492,-100.0,-0.7284715556289424,0
-9.36401,54,2645.828453,-100.0,-0.6946177030457777,0
-10.472235,75,2646.861106,-100.0,-0.8182038646417369,0
-11.949679,50,2647.53939,-100.0,-0.8579301426582491,0
-12.836099,67,2648.45399,-100.0,-0.6943206854383044,0
-17.506587,60,2649.278254,-100.0,-0.7424228399134405,0
-17.864465,139,2651.172544,-100.0,-0.6006061028841113,0
-14.681587,65,2652.075452,-100.0,-0.26939094123389673,0
-17.786133,92,2746.417732,-100.0,-0.3943642250371741,0
-79.00101,1600,2768.607197,-0.06120089550812566,-0.052424255036748385,0
-12.376488,72,2769.601821,-100.0,-0.9733943841357643,0
-17.950021,110,2771.115526,-100.0,-0.7768381108464267,0
-21.069003,92,2772.404844,-100.0,-0.5087101299958475,0
-14.570626,85,2773.564634,-100.0,-0.6407566923715103,0
-11.244467,42,2893.092816,-100.0,-0.5781022742139156,0
-11.129113,62,2893.96841,-100.0,-0.27135003165065497,0
-73.837811,1600,2916.556864,-0.16588445468743168,-0.12356492771899577,0
-9.655013,54,2917.321765,-100.0,-0.6750298834249582,0
-19.766384,95,2918.691889,-100.0,-0.45465454860375276,0
-13.68352,71,2919.714931,-100.0,-0.3610248471178732,0
-10.046182,57,2920.534201,-100.0,-0.2570576906608687,0
-11.971759,66,2921.462312,-100.0,-0.6716751774812084,0
-23.836863,96,3038.50701,-100.0,-0.5615796211765859,0
-8.238309,51,3039.235533,-100.0,-0.6671583905372418,0
-11.44348,57,3040.04335,-100.0,-0.23373951276146382,0
-13.112352,49,3040.729275,-100.0,-0.7738092650690219,0
-9.837182,53,3041.491212,-100.0,-0.69568228407261,0
-10.602165,56,3042.286536,-100.0,-0.7674253534231907,0
-9.807457,59,3043.349567,-100.0,-0.6645710689720427,0
-17.104938,46,3043.997462,-100.0,-0.665318094289352,0
-12.812148,56,3044.800872,-100.0,-0.35619455836483105,0
-7.70372,43,3045.421586,-100.0,-0.6080516229949791,0
-8.676833,52,3046.140587,-100.0,-0.6977691248719095,0
-76.388999,1600,3185.459898,-0.08553254988044501,-0.014287008742784595,0
-10.895334,87,3186.731262,-100.0,-0.6500077826948694,0
-12.009253,69,3187.766835,-100.0,-0.6568580119646727,0
-11.019382,78,3188.885536,-100.0,-0.6308837817350725,0
-16.880689,69,3189.903581,-100.0,-0.6473866702015868,0
-9.709643,52,3190.660936,-100.0,-0.6319900284287894,0
-12.463435,45,3191.315164,-100.0,-0.8877579162383871,0
-8.039459,48,3192.019765,-100.0,-0.5966081113682351,0
-8.277185,48,3192.71381,-100.0,-0.5934237105210263,0
-13.273483,65,3193.670264,-100.0,-0.41701384762617444,0
-9.788201,60,3194.52387,-100.0,-0.6481321822910469,0
-13.900263,89,3195.806958,-100.0,-0.8141053308790085,0
-10.488056,56,3196.628618,-100.0,-0.6671248701049939,0
-12.232247,89,3197.923813,-100.0,-0.3410700188384308,0
-12.381368,64,3198.857144,-100.0,-0.27433330737054334,0
-13.085372,67,3199.857627,-100.0,-0.7200258496911244,0
-8.30277,45,3200.510344,-100.0,-0.6140533844846606,0
-12.074348,50,3201.243916,-100.0,-0.17168280090945284,0
-10.652451,56,3202.061519,-100.0,-0.6691498691908658,0
-16.452222,87,3203.338953,-100.0,-0.23133294518010952,0
-8.495945,50,3204.068048,-100.0,-0.697593487610105,0
-9.429086,41,3204.664309,-100.0,-0.27376008944988467,0
-14.222773,88,3205.960936,-100.0,-0.3571856522437309,0
-11.452051,62,3206.848396,-100.0,-0.33348210385261834,0
-12.948302,102,3208.319096,-100.0,-0.7164871163837638,0
-13.857303,66,3209.305832,-100.0,-0.6438353785781891,0
-7.495202,35,3209.815063,-100.0,-0.6758642406195631,0
-8.536613,43,3210.445925,-100.0,-0.6163255981234043,0
-8.930243,41,3211.0426,-100.0,-0.641001702364504,0
-11.604837,78,3212.190068,-100.0,-0.6406057458221902,0
-7.606646,46,3212.852579,-100.0,-0.6365958611273257,0
-8.169384,41,3330.740689,-100.0,-0.6644692874465189,0
-9.986676,67,3331.732023,-100.0,-0.6727481020594439,0
-8.813354,46,3332.377332,-100.0,-0.7542756214636163,0
-12.836176,82,3333.578774,-100.0,-0.7328771138409693,0
-9.888398,53,3334.364823,-100.0,-0.6502107345724029,0
-8.263374,46,3335.058686,-100.0,-0.6747221750720623,0
-15.711328,64,3335.997602,-100.0,-0.37508997991506615,0
-9.650122,43,3336.640685,-100.0,-0.6076117400370117,0
-10.101677,44,3337.274872,-100.0,-0.7557859221004066,0
-15.497493,66,3338.239794,-100.0,-0.44046405304887065,0
-9.718023,52,3338.987721,-100.0,-0.6407603049417228,0
-9.850233,54,3339.783504,-100.0,-0.6428741997216464,0
-9.391136,47,3340.486697,-100.0,-0.7165813957218552,0
-8.217063,51,3341.229815,-100.0,-0.7048701224977989,0
-9.944456,56,3342.053063,-100.0,-0.6896852241479741,0
-10.596317,63,3342.984393,-100.0,-0.7032114468628848,0
-11.53327,85,3344.247393,-100.0,-0.742285312833344,0
-9.901179,64,3345.191738,-100.0,-0.7609949982306738,0
-9.268597,57,3346.03588,-100.0,-0.6879305297304553,0
-7.751815,44,3346.689903,-100.0,-0.27704619348884485,0
-10.516194,41,3347.296837,-100.0,-0.7988562962194442,0
-10.155067,57,3348.112071,-100.0,-0.7158131302612986,0
-11.175107,70,3349.151515,-100.0,-0.6237152009897752,0
-15.127818,122,3350.932207,-100.0,-0.7197190846386392,0
-11.812759,64,3351.839247,-100.0,-0.2431541364096895,0
-9.123383,44,3352.494539,-100.0,-0.7623057564156702,0
-9.008144,47,3353.199606,-100.0,-0.6011981325997703,0
-10.471192,51,3353.938375,-100.0,-0.6816609083852162,0
-17.574283,79,3355.096209,-100.0,-0.33502562312726164,0
-9.53128,73,3356.154185,-100.0,-0.6683600450120382,0
-12.203411,94,3357.520051,-100.0,-0.7018124576297221,0
-15.37415,132,3359.456618,-100.0,-0.624982610143331,0
-10.379619,70,3360.463316,-100.0,-0.576799484046419,0
-12.328945,88,3477.350003,-100.0,-0.7460493255548001,0
-10.814904,80,3478.51779,-100.0,-0.7500667276061795,0
-9.80191,70,3479.538054,-100.0,-0.6751706831624915,0
-9.102741,55,3480.342752,-100.0,-0.7359283884598432,0
-8.495713,51,3481.07533,-100.0,-0.6565246191603837,0
-7.387696,52,3481.820451,-100.0,-0.7459232483103747,0
-12.966117,71,3482.877887,-100.0,-0.630794987750906,0
-8.751764,47,3483.571026,-100.0,-0.6062925967477932,0
-10.645188,73,3484.636498,-100.0,-0.6238772922300128,0
-8.110101,43,3485.270645,-100.0,-0.7392467964761332,0
-8.086007,54,3486.064823,-100.0,-0.6530903060618494,0
-10.749614,76,3487.174529,-100.0,-0.7220843796132643,0
-15.216454,98,3488.59936,-100.0,-0.7345155910686857,0
-8.24284,50,3489.329312,-100.0,-0.6706510179767882,0
-11.178447,66,3490.317775,-100.0,-0.6560955332273111,0
-9.854854,52,3491.077549,-100.0,-0.5885255455331028,0
-9.211543,59,3491.952193,-100.0,-0.7568774840273097,0
-13.934374,66,3492.955525,-100.0,-0.3486806890486929,0
-9.277759,69,3493.955547,-100.0,-0.7338275621201025,0
-8.844464,56,3494.769206,-100.0,-0.685382880725591,0
-9.254389,58,3495.630367,-100.0,-0.7813065402611724,0
-7.156572,51,3496.392417,-100.0,-0.6892268016036871,0
-7.463333,39,3496.976613,-100.0,-0.6652039234004193,0
-15.98956,80,3498.148514,-100.0,-0.15548892443002188,0
-8.168526,70,3499.179876,-100.0,-0.6946431445654729,0
-9.330293,39,3499.78172,-100.0,-0.7392331236949676,0
-8.418954,59,3500.645204,-100.0,-0.6200529355233649,0
-8.224894,50,3501.384854,-100.0,-0.6563331781814646,0
-7.931766,47,3502.08088,-100.0,-0.6137726270215085,0
-9.981675,69,3503.09973,-100.0,-0.5502639757160501,0
-9.428563,57,3503.956744,-100.0,-0.670462294712772,0
-11.210484,41,3504.562233,-100.0,-0.7803897514481417,0
-10.167881,62,3505.470688,-100.0,-0.6690466975143325,0
-13.874495,87,3625.817356,-100.0,-0.6151401459910102,0
-7.249377,34,3626.30286,-100.0,-0.6129735791047629,0
-9.986901,65,3627.286372,-100.0,-0.7566157602709811,0
-11.01754,77,3628.428193,-100.0,-0.5913224482536316,0
-8.739936,54,3629.235907,-100.0,-0.5812439865942785,0
-9.757972,63,3630.158779,-100.0,-0.2712006356128194,0
-7.283665,47,3630.881883,-100.0,-0.8823229623517548,0
-11.663703,43,3631.498434,-100.0,-0.9646840688717291,0
-7.476338,43,3632.140069,-100.0,-0.6959124507949636,0
-8.7106,49,3632.870621,-100.0,-0.6241683805776445,0
-15.242211,104,3634.388892,-100.0,-0.2655007732646711,0
-8.808139,52,3635.17898,-100.0,-0.7360255062224554,0
-8.208846,41,3635.809743,-100.0,-0.6879561859927724,0
-11.99987,97,3637.249172,-100.0,-0.2289321662801318,0
-10.481763,69,3638.239349,-100.0,-0.17858100623049705,0
-8.346638,44,3638.906942,-100.0,-0.8217580176050456,0
-8.43195,39,3639.488753,-100.0,-0.5841290051020075,0
-11.355768,74,3640.611984,-100.0,-0.591881600989969,0
-8.899432,59,3641.486299,-100.0,-0.6383395748374389,0
-8.536181,67,3642.476149,-100.0,-0.6007507635859872,0
-8.114679,53,3643.272279,-100.0,-0.7166667385922654,0
-10.859671,74,3644.382763,-100.0,-0.734926141485133,0
-10.273148,49,3645.105932,-100.0,-0.17554969834652698,0
-6.999038,37,3645.662382,-100.0,-0.8086030336943251,0
-7.95896,50,3646.40013,-100.0,-0.6702989731059704,0
-9.827993,75,3647.527594,-100.0,-0.18871669184396514,0
-12.906725,62,3648.457911,-100.0,-0.1762883822912606,0
-7.911894,58,3649.33374,-100.0,-0.7166394751175162,0
-11.343485,38,3649.891454,-100.0,-0.7721858778495916,0
-8.252382,46,3650.567305,-100.0,-0.6058277883061597,0
-19.103315,72,3651.640385,-100.0,-0.4765529716029925,0
-8.811633,43,3652.28812,-100.0,-0.45143876202993927,0
-8.648762,60,3653.173235,-100.0,-0.6457526513123798,0
-7.782141,39,3653.754204,-100.0,-0.6267621746679214,0
-9.018413,53,3654.548475,-100.0,-0.7678535102263611,0
-10.088022,60,3655.445873,-100.0,-0.6882471695791237,0
-9.864961,57,3772.149979,-100.0,-0.7249384977191009,0
-8.820755,47,3772.86105,-100.0,-0.6056975592922121,0
-7.795058,50,3773.622796,-100.0,-0.7004340183562371,0
-8.181991,44,3774.292796,-100.0,-0.7564591485589875,0
-8.159999,60,3775.193961,-100.0,-0.7375590391790402,0
-8.848797,50,3775.929653,-100.0,-0.7222090807279372,0
-7.552068,46,3776.631631,-100.0,-0.7433674076818048,0
-12.427939,82,3777.860319,-100.0,-0.2974989858450466,0
-9.054578,49,3778.586976,-100.0,-0.5875509412331148,0
-9.716185,49,3779.330608,-100.0,-0.47348597392404107,0
-8.535359,54,3780.150348,-100.0,-0.5956239635211595,0
-14.303438,107,3781.764168,-100.0,-0.3101966889603354,0
-9.47129,58,3782.644877,-100.0,-0.6959346062081869,0
-9.477543,59,3783.545076,-100.0,-0.7624304175081196,0
-12.643845,104,3785.080125,-100.0,-0.6999976072469141,0
-8.411117,51,3785.835231,-100.0,-0.7367130290811048,0
-7.974475,43,3786.483023,-100.0,-0.7144504522623929,0
-9.613747,57,3787.328984,-100.0,-0.642327339068425,0
-9.213685,58,3788.199368,-100.0,-0.7189207548019201,0
-12.258946,86,3789.491399,-100.0,-0.23701297402421242,0
-10.298844,69,3790.528768,-100.0,-0.6962922551521616,0
-9.327669,64,3791.482569,-100.0,-0.6377675126494923,0
-7.579018,43,3792.126212,-100.0,-0.7011000061728758,0
-8.182022,52,3792.890947,-100.0,-0.7001945585253155,0
-7.655049,50,3793.651548,-100.0,-0.7782010118118278,0
-8.899902,55,3794.456236,-100.0,-0.7755630555570243,0
-7.641531,57,3795.300787,-100.0,-0.7137659350124731,0
-8.505206,54,3796.1248,-100.0,-0.6779938360403561,0
-12.030639,81,3797.332544,-100.0,-0.2637517442897831,0
-7.009796,49,3798.04239,-100.0,-0.7884105184721034,0
-7.800463,42,3798.674957,-100.0,-0.7214307810906475,0
-10.024279,64,3799.626372,-100.0,-0.23245879377649364,0
-9.024901,53,3800.418955,-100.0,-0.715858424403267,0
-11.385809,72,3801.49944,-100.0,-0.7461845803536579,0
-7.881519,48,3802.206359,-100.0,-0.5786412057342957,0
-7.202457,44,3922.697934,-100.0,-0.7520086996704771,0
-7.635449,41,3923.324864,-100.0,-0.6899466843200537,0
-7.706382,45,3924.009122,-100.0,-0.7617870533077478,0
-9.186507,53,3924.799866,-100.0,-0.6514654813760604,0
-11.950951,90,3926.140114,-100.0,-0.21525327533483515,0
-8.545545,55,3926.976933,-100.0,-0.7611527824689708,0
-9.09555,54,3927.777404,-100.0,-0.6681260103503406,0
-7.956178,53,3928.565547,-100.0,-0.6670452145325494,0
-8.843978,52,3929.369321,-100.0,-0.637481531076825,0
-7.865008,45,3930.063133,-100.0,-0.6829887489886413,0
-8.186363,43,3930.694885,-100.0,-0.8023270804021218,0
-8.285366,47,3931.378279,-100.0,-0.6758424598937018,0
-8.366458,65,3932.350239,-100.0,-0.7933594640961398,0
-8.692018,56,3933.18588,-100.0,-0.650142335133643,0
-8.19923,46,3933.877778,-100.0,-0.6596355180360824,0
-12.496786,85,3935.167817,-100.0,-0.2710067961742862,0
-11.677372,100,3936.671053,-100.0,-0.6184561107307366,0
-8.219499,56,3937.527212,-100.0,-0.680617067798886,0
-7.644257,43,3938.142227,-100.0,-0.6993039887621093,0
-8.175238,46,3938.847306,-100.0,-0.6093452833190652,0
-8.274491,48,3939.580956,-100.0,-0.6855154455525089,0
-9.012232,53,3940.377877,-100.0,-0.6119069686180483,0
-9.336963,43,3941.031532,-100.0,-0.7492387893214664,0
-7.515582,48,3941.751945,-100.0,-0.6760692069250567,0
-8.716197,47,3942.466444,-100.0,-0.6224909859695311,0
-8.509108,53,3943.265582,-100.0,-0.617551328596186,0
-7.14133,42,3943.903904,-100.0,-0.7451690722033579,0
-7.887845,42,3944.531904,-100.0,-0.7016786555599774,0
-11.748578,80,3945.727613,-100.0,-0.28325612970912517,0
-8.474426,53,3946.540355,-100.0,-0.7672987050702581,0
-7.903126,52,3947.34072,-100.0,-0.7619751119907383,0
-8.94511,61,3948.262051,-100.0,-0.6316558675196611,0
-9.070046,58,3949.1157,-100.0,-0.6611266265309225,0
-7.96645,48,3949.858595,-100.0,-0.719299544086467,0
-8.270714,55,3950.679155,-100.0,-0.6472679735675028,0
-9.019164,50,3951.412309,-100.0,-0.32987347585007254,0
-9.892982,54,3952.216849,-100.0,-0.7296867329550345,0
-10.172557,65,4069.286852,-100.0,-0.6548189832004169,0
-12.178044,48,4070.022262,-100.0,-0.8796215036428302,0
-7.586676,44,4070.681555,-100.0,-0.6942535139434137,0
-10.212758,42,4071.312686,-100.0,-0.8881832064584506,0
-7.746788,46,4072.024905,-100.0,-0.5983901762526765,0
-7.303015,46,4072.716749,-100.0,-0.7133701976167409,0
-11.958973,64,4073.70438,-100.0,-0.7268298225886562,0
-6.72543,40,4074.292903,-100.0,-0.687285301735144,0
-8.865631,58,4075.190413,-100.0,-0.7982397408760281,0
-7.656918,40,4075.778411,-100.0,-0.6338584934103817,0
-6.799999,39,4076.371032,-100.0,-0.7021027606440049,0
-7.822982,45,4077.036669,-100.0,-0.6516674024379319,0
-7.564085,45,4077.723079,-100.0,-0.7185933139935237,0
-7.592226,52,4078.501851,-100.0,-0.7544909507705972,0
-8.207291,61,4079.426693,-100.0,-0.7957186729342671,0
-8.624011,50,4080.193377,-100.0,-0.6982371225393951,0
-6.81177,44,4080.85711,-100.0,-0.6958239142903148,0
-7.736274,44,4081.537768,-100.0,-0.7121598918714904,0
-7.836413,47,4082.248634,-100.0,-0.6920694427002303,0
-8.303462,40,4082.843907,-100.0,-0.43762354901492245,0
-8.886188,63,4083.785651,-100.0,-0.7105638016544431,0
-8.73535,61,4084.703378,-100.0,-0.7437738714402045,0
-7.796873,42,4085.334444,-100.0,-0.7744935655685895,0
-8.570026,45,4086.020125,-100.0,-0.6919134298325368,0
-8.076024,54,4086.832955,-100.0,-0.6285235792329499,0
-7.57913,44,4087.489667,-100.0,-0.6437232685676083,0
-7.865164,43,4088.143118,-100.0,-0.7300893393219826,0
-7.242115,47,4088.838943,-100.0,-0.749085550626665,0
-8.480809,49,4089.57921,-100.0,-0.6284812953773964,0
-8.56013,41,4090.212388,-100.0,-0.6712391105208728,0
-9.600526,68,4091.245102,-100.0,-0.7537739811508353,0
-6.683433,37,4091.809452,-100.0,-0.6949380150134136,0
-9.014883,63,4092.769049,-100.0,-0.6682896118226205,0
-7.75287,43,4093.420192,-100.0,-0.6449844287507827,0
-10.141634,77,4094.593403,-100.0,-0.7834140184091085,0
-8.082342,47,4095.302997,-100.0,-0.5726360178645057,0
-8.919509,58,4096.182157,-100.0,-0.6242956053539614,0
-7.881534,46,4096.866704,-100.0,-0.6848324010989311,0
-7.807593,46,4097.559455,-100.0,-0.6934029430323065,0
-11.679993,121,4099.391463,-100.0,-0.7050867524233662,0
-8.492416,59,4218.267847,-100.0,-0.7386359507557353,0
-7.520006,43,4218.916441,-100.0,-0.763558473299951,0
-8.013817,64,4219.895356,-100.0,-0.6876394459642586,0
-8.50059,53,4220.710273,-100.0,-0.6739639855452948,0
-8.798037,56,4221.550889,-100.0,-0.6465559914295095,0
-8.52319,52,4222.366873,-100.0,-0.7844707416692431,0
-8.118022,47,4223.077207,-100.0,-0.645897879128463,0
-7.143586,45,4223.772044,-100.0,-0.6504524247900052,0
-7.679224,41,4224.392525,-100.0,-0.7326032731621245,0
-8.156,50,4225.15195,-100.0,-0.68701438582645,0
-7.222989,42,4225.799401,-100.0,-0.6918663921374777,0
-7.240666,45,4226.484117,-100.0,-0.7802338329700489,0
-9.782573,56,4227.337762,-100.0,-0.4898508645620204,0
-7.244667,38,4227.897938,-100.0,-0.6972600097314342,0
-8.69814,48,4228.635616,-100.0,-0.5962395422812728,0
-8.456261,54,4229.465462,-100.0,-0.7787689780298733,0
-8.717292,62,4230.39679,-100.0,-0.6462303694219864,0
-7.530427,50,4231.185044,-100.0,-0.7458741441648618,0
-8.648694,58,4232.07921,-100.0,-0.6707171013050303,0
-7.293466,58,4232.950765,-100.0,-0.7080099921550641,0
-8.352161,50,4233.723291,-100.0,-0.6214201466949952,0
-7.9459,44,4234.402397,-100.0,-0.6684719456182874,0
-10.366326,72,4235.468217,-100.0,-0.21952051827684035,0
-7.619557,62,4236.427227,-100.0,-0.6311802012707614,0
-9.542065,79,4237.633827,-100.0,-0.16690212271612578,0
-7.56931,52,4238.437659,-100.0,-0.749885885003369,0
-8.024768,53,4239.252585,-100.0,-0.616666285764601,0
-7.098556,50,4240.014334,-100.0,-0.7170114380583349,0
-7.514086,43,4240.662329,-100.0,-0.7657663569838207,0
-9.241741,58,4241.566326,-100.0,-0.6320010982530128,0
-7.858264,45,4242.236448,-100.0,-0.6742306717999648,0
-6.721501,39,4242.822605,-100.0,-0.64127261825376,0
-9.917439,41,4243.461232,-100.0,-0.7221112324766558,0
-8.841053,60,4244.368693,-100.0,-0.5829131990846849,0
-7.433403,43,4245.027073,-100.0,-0.7708586185357736,0
-6.876196,41,4245.67129,-100.0,-0.6828703624890411,0
-8.237602,59,4246.560165,-100.0,-0.603764951705273,0
-7.954568,53,4247.372877,-100.0,-0.7230176232156951,0
-9.124517,76,4248.508869,-100.0,-0.675956426682571,0
-11.658776,93,4367.242424,-100.0,-0.6501588725157581,0
-8.767307,68,4368.291229,-100.0,-0.5828406880124589,0
-7.981116,49,4369.045133,-100.0,-0.6358899748118716,0
-7.525671,44,4369.735886,-100.0,-0.725987239810804,0
-6.417605,43,4370.378001,-100.0,-0.8007691749139916,0
-7.430957,43,4371.054978,-100.0,-0.6984771397767968,0
-8.484383,63,4372.033286,-100.0,-0.6522457254687553,0
-7.766586,54,4372.853698,-100.0,-0.628362182236143,0
-8.026677,50,4373.636271,-100.0,-0.7102555667894548,0
-6.71793,47,4374.367146,-100.0,-0.7434187661035646,0
-8.490794,40,4374.978259,-100.0,-0.7564539430633253,0
-8.029755,57,4375.859506,-100.0,-0.6665965382834336,0
-8.294454,59,4376.730062,-100.0,-0.7487455259333865,0
-7.570493,49,4377.505072,-100.0,-0.7927035561624899,0
-7.572712,43,4378.165071,-100.0,-0.6590586321183419,0
-6.996961,38,4378.752472,-100.0,-0.7104627119853585,0
-7.268296,43,4379.406485,-100.0,-0.6459574840244662,0
-9.158367,75,4380.562622,-100.0,-0.6160891125385037,0
-8.417493,56,4381.426965,-100.0,-0.6688171415721468,0
-6.934296,38,4382.010104,-100.0,-0.6427777835803,0
-9.106174,76,4383.174682,-100.0,-0.7308100214067261,0
-8.064639,51,4383.987057,-100.0,-0.9230403125358401,0
-7.695724,63,4384.942469,-100.0,-0.7371224456934661,0
-7.614294,50,4385.688923,-100.0,-0.6674204306206752,0
-7.028471,46,4386.435199,-100.0,-0.6049871154187031,0
-8.487556,47,4387.158658,-100.0,-0.8137699794095307,0
-8.450176,58,4388.040302,-100.0,-0.6817818685979892,0
-7.285432,42,4388.699573,-100.0,-0.6547074766681169,0
-8.061299,48,4389.438387,-100.0,-0.6025600213679325,0
-7.486326,42,4390.071682,-100.0,-0.7156331810297232,0
-7.025958,50,4390.837518,-100.0,-0.7626221357921601,0
-8.202289,59,4391.754657,-100.0,-0.7266126249756903,0
-7.564187,43,4392.410473,-100.0,-0.6850968938746967,0
-9.234285,46,4393.127044,-100.0,-0.6058915472309176,0
-7.764008,43,4393.774329,-100.0,-0.6582139409481456,0
-7.614971,64,4394.76281,-100.0,-0.758518276443797,0
-8.093769,50,4395.543542,-100.0,-0.6459410692208918,0
-9.188192,70,4396.612118,-100.0,-0.5983983757717958,0
-7.90682,48,4397.352276,-100.0,-0.675400506822113,0
-7.228618,42,4397.984635,-100.0,-0.7791337255551308,0
-6.60231,50,4519.84146,-100.0,-0.7386818713202157,0
-7.9817,43,4520.509132,-100.0,-0.7188047378908176,0
-7.307026,41,4521.15348,-100.0,-0.7349061878358774,0
-6.545556,39,4521.76488,-100.0,-0.7043710238333177,0
-6.966765,40,4522.386733,-100.0,-0.6654158078709798,0
-8.287172,55,4523.223615,-100.0,-0.6347869327799345,0
-7.837848,53,4524.058516,-100.0,-0.6625900682439807,0
-7.573746,36,4524.630146,-100.0,-0.695073218995385,0
-9.723925,70,4525.70443,-100.0,-0.6702731753900978,0
-7.694729,39,4526.327902,-100.0,-0.6461980916082779,0
-7.481738,57,4527.213397,-100.0,-0.7227319997608618,0
-7.989758,51,4528.024817,-100.0,-0.6089064860569673,0
-7.02712,41,4528.646053,-100.0,-0.6849236784172898,0
-8.130162,54,4529.477525,-100.0,-0.6416281498821288,0
-7.452352,45,4530.175122,-100.0,-0.6623544886706646,0
-6.755545,42,4530.829365,-100.0,-0.6383406816190054,0
-7.906459,47,4531.550889,-100.0,-0.6295708832694502,0
-7.522314,45,4532.247619,-100.0,-0.6437620774190563,0
-6.980573,44,4532.930933,-100.0,-0.6800086328058896,0
-7.660735,56,4533.818805,-100.0,-0.6356515717047944,0
-7.231654,45,4534.526212,-100.0,-0.6911613250948727,0
-6.962992,37,4535.09055,-100.0,-0.7516987313169244,0
-8.862597,38,4535.69035,-100.0,-0.8073583162099324,0
-7.977672,49,4536.436973,-100.0,-0.7906475193427203,0
-7.155208,52,4537.24603,-100.0,-0.682457876511135,0
-7.254812,44,4537.921326,-100.0,-0.5993373388080103,0
-6.95809,39,4538.523429,-100.0,-0.6053747997112991,0
-6.959789,38,4539.11289,-100.0,-0.6279376017944508,0
-9.038318,76,4540.292845,-100.0,-0.6976973812899453,0
-7.582271,47,4541.034978,-100.0,-0.6854095091588467,0
-8.017537,46,4541.731315,-100.0,-0.6673596509867024,0
-8.981136,37,4542.316096,-100.0,-0.8316825039022404,0
-7.867351,49,4543.079736,-100.0,-0.7622903677727397,0
-6.74558,45,4543.786904,-100.0,-0.7295760527691997,0
-7.867706,52,4544.589698,-100.0,-0.7367530254253052,0
-6.626342,42,4545.261701,-100.0,-0.8265792621840246,0
-7.812092,53,4546.07715,-100.0,-0.6488301159380185,0
-7.578808,44,4546.763918,-100.0,-0.7011125185389638,0
-6.845972,44,4547.446289,-100.0,-0.6470588701218367,0
-7.16683,46,4548.172137,-100.0,-0.6818668573231742,0
-7.714474,41,4548.806553,-100.0,-0.7583017721428637,0
-6.9768,47,4549.535493,-100.0,-0.6906880673211692,0
-7.006916,40,4550.134374,-100.0,-0.678758446001138,0
-6.774906,43,4550.814887,-100.0,-0.6705790829142975,0
-8.085044,49,4669.171286,-100.0,-0.7906093466670868,0
-7.905996,54,4670.00963,-100.0,-0.8378050938203239,0
-7.998061,48,4670.774972,-100.0,-0.6266880439360719,0
-7.866547,53,4671.598203,-100.0,-0.6691702477285003,0
-6.681145,41,4672.240883,-100.0,-0.7345206210512619,0
-6.714747,37,4672.814701,-100.0,-0.6977740766922201,0
-7.473654,56,4673.672638,-100.0,-0.8525635039271902,0
-7.562721,45,4674.375969,-100.0,-0.688956729820227,0
-8.350101,58,4675.288321,-100.0,-0.6651404849932658,0
-8.157188,74,4676.417351,-100.0,-0.6804913596237857,0
-7.146409,39,4677.049986,-100.0,-0.6841137913378513,0
-7.429159,42,4677.703595,-100.0,-0.6837642284640099,0
-6.880038,39,4678.300935,-100.0,-0.6381013607065447,0
-7.66028,46,4679.017361,-100.0,-0.6470632607760476,0
-7.463328,44,4679.700185,-100.0,-0.725869707186556,0
-6.612369,36,4680.256712,-100.0,-0.6644015490165001,0
-7.384723,50,4681.051933,-100.0,-0.5970400871361989,0
-7.518457,44,4681.732595,-100.0,-0.7454132710959991,0
-6.461231,40,4682.353482,-100.0,-0.7155726120321375,0
-6.790365,43,4683.029775,-100.0,-0.6369789547104854,0
-7.392434,43,4683.694266,-100.0,-0.6447456789190132,0
-7.216362,41,4684.317452,-100.0,-0.79235895678094,0
-19.949695,219,4687.713698,-100.0,-0.6494189782534526,0
-7.124717,42,4688.354567,-100.0,-0.6805087225260658,0
-7.338872,46,4689.064525,-100.0,-0.6254963414943973,0
-6.915229,39,4689.675004,-100.0,-0.6715209020317573,0
-7.756504,39,4690.295077,-100.0,-0.4374338039290953,0
-7.302065,40,4690.902038,-100.0,-0.6720571145101344,0
-7.619612,47,4691.658737,-100.0,-0.7940211991875431,0
-7.526978,48,4692.383947,-100.0,-0.6379683780377254,0
-7.731264,56,4693.262401,-100.0,-0.6830995945479067,0
-7.302376,41,4693.908763,-100.0,-0.7358264654818082,0
-7.136176,45,4694.617714,-100.0,-0.6873495838373115,0
-6.496465,40,4695.238887,-100.0,-0.7651844707499135,0
-9.386321,37,4695.815271,-100.0,-0.7425695301910921,0
-7.424972,43,4696.473537,-100.0,-0.6328337899996832,0
-7.654663,53,4697.297256,-100.0,-0.6371695378495312,0
-6.428265,40,4697.919092,-100.0,-0.7102341968885112,0
-7.370936,47,4698.646417,-100.0,-0.6909535598359802,0
-7.23956,46,4699.378952,-100.0,-0.6643519389810997,0
-6.742194,39,4699.994432,-100.0,-0.8036278077009004,0
-8.109806,54,4826.065384,-100.0,-0.7528197520814407,0
-8.755575,82,4827.349976,-100.0,-0.7734009161513727,0
-7.163197,41,4827.993877,-100.0,-0.6661783932484149,0
-6.755586,38,4828.594851,-100.0,-0.7196205322601511,0
-6.895863,41,4829.241858,-100.0,-0.5345997398346286,0
-6.669228,37,4829.815373,-100.0,-0.6320417073140658,0
-7.066305,47,4830.548451,-100.0,-0.6661953997720093,0
-6.687301,39,4831.165584,-100.0,-0.7025274151488953,0
-7.340652,48,4831.919469,-100.0,-0.7050249019180155,0
-6.742544,47,4832.660939,-100.0,-0.7596465700596144,0
-6.466439,41,4833.302755,-100.0,-0.7520590554259602,0
-7.306399,52,4834.115765,-100.0,-0.7167951990153378,0
-7.176379,47,4834.832917,-100.0,-0.7102767626187836,0
-7.617229,44,4835.50997,-100.0,-0.6543215974731201,0
-6.965293,45,4836.226315,-100.0,-0.717715553549809,0
-7.425511,58,4837.143579,-100.0,-0.7338459160358881,0
-8.835807,41,4837.798251,-100.0,-0.6896751309971203,0
-6.756747,39,4838.420192,-100.0,-0.771518236924426,0
-7.324879,44,4839.117962,-100.0,-0.6479952106768924,0
-7.768548,56,4839.970047,-100.0,-0.7330622746661188,0
-11.227005,68,4841.037715,-100.0,-0.26111554541436827,0
-6.099908,42,4841.714856,-100.0,-0.7525150328874664,0
-7.399862,45,4842.407145,-100.0,-0.8262411942092155,0
-7.631516,46,4843.131941,-100.0,-0.6283533651397764,0
-6.417749,39,4843.746704,-100.0,-0.7177641387920956,0
-6.607278,40,4844.363806,-100.0,-0.7250134150870453,0
-7.052155,44,4845.046947,-100.0,-0.7124676570289139,0
-7.541167,44,4845.721436,-100.0,-0.6288651741473308,0
-6.073561,40,4846.338262,-100.0,-0.8189400405565447,0
-7.954893,44,4847.034963,-100.0,-0.6112822280788177,0
-6.808053,41,4847.671998,-100.0,-0.6407273482133204,0
-7.078541,51,4848.460939,-100.0,-0.7958156983136244,0
-7.285311,44,4849.148907,-100.0,-0.6963956940172924,0
-7.19269,44,4849.830332,-100.0,-0.725673502823322,0
-7.99472,49,4850.616699,-100.0,-0.6520171115778124,0
-6.567235,43,4851.286075,-100.0,-0.8479438670188665,0
-7.053431,42,4851.95538,-100.0,-0.7150986408361797,0
-7.11381,46,4852.681682,-100.0,-0.5842957520754422,0
-6.565046,44,4853.363315,-100.0,-0.7029429446517312,0
-7.44422,45,4854.249634,-100.0,-0.6421927605257903,0
-7.873847,49,4855.031,-100.0,-0.6848217119986402,0
-6.927664,44,4855.714548,-100.0,-0.7104519469966488,0
-6.912297,42,4856.358011,-100.0,-0.6277920316680548,0
-6.88313,41,4856.98573,-100.0,-0.7322331433616371,0
-6.865984,42,4857.650812,-100.0,-0.7189006628298712,0
-7.211811,41,4977.490459,-100.0,-0.5971131096221366,0
-6.708033,43,4978.160608,-100.0,-0.6672885421554058,0
-6.755448,48,4978.922993,-100.0,-0.6959523561786451,0
-7.11349,43,4979.598803,-100.0,-0.67058427286546,0
-7.568178,49,4980.393639,-100.0,-0.6637219589629857,0
-6.937816,43,4981.075658,-100.0,-0.7111787518689849,0
-6.645927,41,4981.725379,-100.0,-0.6561949543592608,0
-6.707135,39,4982.338364,-100.0,-0.6340939723321154,0
-8.088612,49,4983.109595,-100.0,-0.6479471023010238,0
-7.664711,41,4983.75241,-100.0,-0.662862905723184,0
-6.431898,41,4984.397731,-100.0,-0.7616678605993292,0
-7.129751,45,4985.106735,-100.0,-0.7597670691045891,0
-7.80005,46,4985.832523,-100.0,-0.6107489852842142,0
-7.983646,49,4986.6035,-100.0,-0.6250406468222878,0
-7.087251,40,4987.239197,-100.0,-0.648244415393041,0
-6.478927,44,4987.920259,-100.0,-0.7820419672975857,0
-7.106275,45,4988.625227,-100.0,-0.7150860020790126,0
-6.735973,37,4989.206044,-100.0,-0.7161500011216902,0
-6.631835,39,4989.828196,-100.0,-0.6886266901591983,0
-7.092789,38,4990.411056,-100.0,-0.7165960635508515,0
-7.0808,40,4991.051983,-100.0,-0.7194309263324956,0
-7.723805,59,4991.985481,-100.0,-0.7364028894421897,0
-6.826832,43,4992.661032,-100.0,-0.7827680235317681,0
-6.984133,36,4993.229861,-100.0,-0.7855943079190264,0
-6.836836,38,4993.83131,-100.0,-0.6895975054068735,0
-6.905561,43,4994.521546,-100.0,-0.6865994002570736,0
-7.007407,40,4995.165745,-100.0,-0.6710004645901096,0
-7.042994,59,4996.050992,-100.0,-0.7838366868133825,0
-7.438324,46,4996.784461,-100.0,-0.6368452665985054,0
-7.449492,57,4997.693017,-100.0,-0.7483996858523385,0
-6.45884,43,4998.363953,-100.0,-0.788480516087673,0
-6.82532,43,4999.02957,-100.0,-0.7943469203612,0
-6.353989,41,4999.674412,-100.0,-0.6585899572094365,0
-6.699026,44,5000.369643,-100.0,-0.7929926353004499,0
-7.034114,42,5001.033109,-100.0,-0.7958960964921864,0
-7.017918,42,5001.694394,-100.0,-0.788486305591874,0
-7.114585,40,5002.327067,-100.0,-0.6403984107986918,0
-6.518361,38,5002.92076,-100.0,-0.7232964949107011,0
-6.643877,40,5003.541966,-100.0,-0.6834955265369167,0
-7.358447,42,5004.203204,-100.0,-0.5869960329414173,0
-7.075733,49,5004.981597,-100.0,-0.6372475058796999,0
-6.18118,39,5005.606305,-100.0,-0.7575648968860581,0
-6.750848,43,5006.278714,-100.0,-0.7517402043492892,0
-7.067157,44,5006.992182,-100.0,-0.6485679920079982,0
-6.444471,40,5007.629648,-100.0,-0.7763854198021093,0
-7.072998,46,5008.340349,-100.0,-0.7931672983975836,0
-7.198339,49,5009.097505,-100.0,-0.6857902498103422,0
-7.016269,38,5113.609724,-100.0,-0.7079005596658323,0
-5.85921,43,5114.284642,-100.0,-0.7422161841254523,0
-6.973094,44,5114.993775,-100.0,-0.6800489508926545,0
-6.865627,44,5115.680572,-100.0,-0.6765911502111238,0
-7.088542,37,5116.279174,-100.0,-0.6787437770460587,0
-8.022223,59,5117.220172,-100.0,-0.7423061819741466,0
-6.642428,52,5118.053873,-100.0,-0.7317834583378574,0
-6.85797,42,5118.708867,-100.0,-0.8577845870656582,0
-6.441115,36,5119.288363,-100.0,-0.7447402541668263,0
-7.637718,44,5119.995065,-100.0,-0.6490023423687795,0
-7.166853,53,5120.819828,-100.0,-0.7648336371358874,0
-7.397953,52,5121.643233,-100.0,-0.6600467849095725,0
-6.427088,43,5122.32438,-100.0,-0.7362043043751881,0
-7.87471,55,5123.194994,-100.0,-0.6931388690019714,0
-7.194286,38,5123.805883,-100.0,-0.6370885609896593,0
-6.998532,43,5124.485315,-100.0,-0.6875673206601841,0
-6.903242,53,5125.325012,-100.0,-0.8192884754129158,0
-6.226279,36,5125.898907,-100.0,-0.7369843870876414,0
-7.032728,42,5126.561035,-100.0,-0.7741657206731687,0
-7.167331,48,5127.321253,-100.0,-0.6526115324871613,0
-6.870373,41,5127.956949,-100.0,-0.6612909427227585,0
-6.359947,44,5128.649554,-100.0,-0.7709834299411802,0
-7.507299,50,5129.439852,-100.0,-0.6850138721483994,0
-6.457757,36,5129.991654,-100.0,-0.694106025258245,0
-7.180484,42,5130.676783,-100.0,-0.6569949419343255,0
-7.97335,63,5131.683121,-100.0,-0.6624747203881022,0
-6.852317,41,5132.361821,-100.0,-0.6262393864335504,0
-10.239469,96,5133.859742,-100.0,-0.6926688411635387,0
-7.096648,36,5134.438791,-100.0,-0.6615393611827117,0
-7.753383,68,5135.534731,-100.0,-0.6522581544682974,0
-6.444122,37,5136.117604,-100.0,-0.7249014271766286,0
-7.941011,55,5136.990011,-100.0,-0.6748667085777558,0
-6.769006,40,5137.610304,-100.0,-0.6570769485152925,0
-6.970304,39,5138.240272,-100.0,-0.6543793160038446,0
-7.017162,63,5139.225941,-100.0,-0.7639175177934961,0
-7.52407,44,5139.936965,-100.0,-0.7024254710377055,0
-6.125354,38,5140.522563,-100.0,-0.7379543306165951,0
-7.328192,41,5141.164472,-100.0,-0.7069735044229658,0
-6.504704,41,5141.819096,-100.0,-0.7237968892473152,0
-6.443783,36,5142.409204,-100.0,-0.7115288097127069,0
-6.954508,52,5143.216928,-100.0,-0.699968320691262,0
-6.477124,44,5143.916741,-100.0,-0.7096691033601495,0
-6.358206,40,5144.562347,-100.0,-0.8029872367216712,0
-6.859026,41,5145.214734,-100.0,-0.7388304934341682,0
-6.605507,40,5267.754992,-100.0,-0.6530182457003153,0
-6.916388,50,5268.541775,-100.0,-0.7639290848638769,0
-6.749911,42,5269.207006,-100.0,-0.7363657826441413,0
-6.646513,42,5269.877247,-100.0,-0.6856861106132074,0
-6.896961,41,5270.538158,-100.0,-0.707340210118026,0
-6.627053,41,5271.191016,-100.0,-0.691904218443237,0
-6.903581,45,5271.917513,-100.0,-0.870922850149557,0
-7.488618,40,5272.539874,-100.0,-0.7004496221860378,0
-6.56568,39,5273.165561,-100.0,-0.7460484800705113,0
-7.177502,57,5274.071545,-100.0,-0.7608047733127923,0
-6.595008,41,5274.722756,-100.0,-0.7623823635363024,0
-6.705782,38,5275.313169,-100.0,-0.6225883894164252,0
-6.503423,44,5276.012543,-100.0,-0.7534063340173446,0
-6.907773,42,5276.688022,-100.0,-0.6295624774309111,0
-6.953363,39,5277.310717,-100.0,-0.7251584675153213,0
-6.923635,41,5277.933544,-100.0,-0.7318380096775109,0
-7.42308,46,5278.665957,-100.0,-0.641292078610271,0
-7.124255,38,5279.270251,-100.0,-0.6124507986720018,0
-6.4933,42,5279.934014,-100.0,-0.6175803895377725,0
-6.990198,50,5280.721053,-100.0,-0.6509076312249478,0
-6.397639,40,5281.351912,-100.0,-0.7494737460754208,0
-7.005303,43,5282.031229,-100.0,-0.6700108363664365,0
-6.748817,34,5282.578228,-100.0,-0.6723028684438968,0
-6.260983,41,5283.228761,-100.0,-0.7293537491445923,0
-7.002062,40,5283.856449,-100.0,-0.6105444432409659,0
-7.445022,60,5284.819121,-100.0,-0.7447298334438924,0
-6.615084,43,5285.515423,-100.0,-0.7263124208179443,0
-6.628325,41,5286.164226,-100.0,-0.7058063788950576,0
-7.193555,40,5286.78849,-100.0,-0.6404701504859719,0
-6.47498,36,5287.357358,-100.0,-0.6895834953705554,0
-7.021339,45,5288.061978,-100.0,-0.7933838648485518,0
-6.960495,42,5288.740131,-100.0,-0.7744283494162366,0
-6.549319,41,5289.377273,-100.0,-0.6597147982675864,0
-7.173615,42,5290.052126,-100.0,-0.7452533391714554,0
-6.784149,37,5290.636221,-100.0,-0.6316964557169722,0
-6.506098,40,5291.257024,-100.0,-0.6838596647462555,0
-6.730974,40,5291.877126,-100.0,-0.6436560287645962,0
-6.465034,38,5292.501544,-100.0,-0.7172866021663629,0
-7.369378,44,5293.20049,-100.0,-0.5946788882236037,0
-6.407246,41,5293.848557,-100.0,-0.7042248600068658,0
-6.333779,47,5294.59201,-100.0,-0.8034749302586959,0
-6.743088,45,5295.305737,-100.0,-0.6902779672843762,0
-6.508294,47,5296.054467,-100.0,-0.7408029323040222,0
-7.317818,46,5296.762611,-100.0,-0.732109257319128,0
-6.968323,42,5297.443437,-100.0,-0.7178066666623475,0
-6.333083,43,5298.127953,-100.0,-0.7610713814027268,0
-6.581209,38,5298.735066,-100.0,-0.734844319748676,0
-7.338592,41,5299.387694,-100.0,-0.7978342404537204,0
-6.73992,51,5300.181007,-100.0,-0.6984575220793561,0
-6.65971,39,5409.988475,-100.0,-0.7223276185020986,0
-6.332233,40,5410.635182,-100.0,-0.6637142918247683,0
-7.106469,40,5411.269208,-100.0,-0.7229458950076856,0
-6.97449,42,5411.929789,-100.0,-0.6643494717773591,0
-6.284815,43,5412.612582,-100.0,-0.6433937925304373,0
-6.59566,46,5413.336987,-100.0,-0.7552065564095218,0
-6.372246,41,5413.987197,-100.0,-0.7488919882173507,0
-6.206333,36,5414.586365,-100.0,-0.811795818945037,0
-6.521071,44,5415.281433,-100.0,-0.6784137674243892,0
-6.585279,42,5415.953126,-100.0,-0.8364377200951283,0
-6.730817,47,5416.698011,-100.0,-0.7699489269067973,0
-6.874931,44,5417.591823,-100.0,-0.6906250042602474,0
-6.544246,41,5418.236793,-100.0,-0.6856291917957305,0
-6.629808,41,5418.876414,-100.0,-0.725991642907691,0
-6.622064,39,5419.51258,-100.0,-0.6783120383758168,0
-6.486696,44,5420.209557,-100.0,-0.698190219889793,0
-6.364485,44,5420.913131,-100.0,-0.8018534468474684,0
-6.387594,38,5421.51852,-100.0,-0.7139074413373726,0
-6.921351,43,5422.204179,-100.0,-0.686643392489172,0
-6.472097,41,5422.869861,-100.0,-0.6433878570947363,0
-6.812969,40,5423.50641,-100.0,-0.6481569578058284,0
-7.733355,60,5424.482894,-100.0,-0.6698823503434812,0
-5.779157,34,5425.007488,-100.0,-0.7203764103989201,0
-6.441615,36,5425.572632,-100.0,-0.7140783584232633,0
-6.524932,37,5426.179856,-100.0,-0.7431010247023485,0
-7.092537,41,5426.823559,-100.0,-0.6483516006516454,0
-6.329954,37,5427.417417,-100.0,-0.7260434581753776,0
-6.832852,41,5428.071419,-100.0,-0.7741083675049262,0
-6.483527,41,5428.733003,-100.0,-0.6508383620328736,0
-6.109279,40,5429.376734,-100.0,-0.7638609447701198,0
-6.127727,32,5429.88338,-100.0,-0.7156674992848377,0
-7.075142,38,5430.481914,-100.0,-0.6526710570360063,0
-6.551635,44,5431.177711,-100.0,-0.6308699428259221,0
-7.013144,43,5431.891869,-100.0,-0.6454978585850021,0
-6.494536,41,5432.511749,-100.0,-0.680955650094995,0
-7.28455,57,5433.405121,-100.0,-0.7251324747726643,0
-6.792132,43,5434.086706,-100.0,-0.6284831364572274,0
-6.760254,37,5434.692397,-100.0,-0.7279222106972957,0
-6.890635,43,5435.362633,-100.0,-0.7285954174335646,0
-6.170537,37,5435.957647,-100.0,-0.7623127359985435,0
-6.707788,42,5436.628672,-100.0,-0.7160474727547969,0
-7.494907,39,5437.236237,-100.0,-0.7023347059150863,0
-6.198801,43,5437.927507,-100.0,-0.7582318193121859,0
-6.626081,38,5438.542141,-100.0,-0.6171912985877968,0
-6.894132,39,5439.137434,-100.0,-0.8098711369731035,0
-6.564345,35,5439.691456,-100.0,-0.7326836049476783,0
-6.468719,39,5440.317653,-100.0,-0.6214684059804337,0
-6.677502,39,5440.949382,-100.0,-0.6579432535579401,0
-7.106961,49,5441.715399,-100.0,-0.7114765651164601,0
-6.633627,43,5543.876517,-100.0,-0.7132994686529255,0
-7.680661,47,5544.635915,-100.0,-0.6800718644169943,0
-6.755169,40,5545.26596,-100.0,-0.695147631898996,0
-7.219341,44,5545.973286,-100.0,-0.6454355109050939,0
-6.838788,42,5546.65386,-100.0,-0.6620837347501255,0
-6.320962,41,5547.313644,-100.0,-0.6771925694650142,0
-8.07237,62,5548.297502,-100.0,-0.6769557199634497,0
-6.527309,35,5548.857147,-100.0,-0.7097570707936673,0
-6.630842,38,5549.462679,-100.0,-0.6843922549203363,0
-6.984152,50,5550.255465,-100.0,-0.7304723707185282,0
-7.109942,43,5550.956556,-100.0,-0.7236691588748477,0
-6.059109,37,5551.544195,-100.0,-0.7921614469565702,0
-6.787532,36,5552.117478,-100.0,-0.6569152586820072,0
-6.565343,41,5552.776095,-100.0,-0.7126973236100591,0
-6.227217,38,5553.369363,-100.0,-0.7316790381936823,0
-6.657047,41,5554.033724,-100.0,-0.7589040858334917,0
-6.242808,39,5554.655189,-100.0,-0.6892794850220888,0
-6.817655,47,5555.395896,-100.0,-0.7687949425919625,0
-7.031951,42,5556.078115,-100.0,-0.6342195848621841,0
-6.275146,37,5556.686597,-100.0,-0.6956589522625082,0
-6.430918,41,5557.339945,-100.0,-0.7111242468939688,0
-6.545583,46,5558.070685,-100.0,-0.692168638735387,0
-6.881536,39,5558.697741,-100.0,-0.6568434926980478,0
-6.302492,40,5559.349039,-100.0,-0.7113917425996849,0
-6.505338,47,5560.08513,-100.0,-0.7119527112195936,0
-6.68791,42,5560.764648,-100.0,-0.7359390441737995,0
-6.37475,45,5561.479364,-100.0,-0.7949453353915941,0
-6.934041,40,5562.133825,-100.0,-0.6147036509971687,0
-6.541258,36,5562.707306,-100.0,-0.6011929372836462,0
-6.747875,40,5563.353085,-100.0,-0.6611684256248025,0
-6.638819,42,5564.022765,-100.0,-0.6716239596000388,0
-6.942583,53,5564.866521,-100.0,-0.7281368513498151,0
-6.668266,40,5565.494691,-100.0,-0.6511923404862551,0
-6.946634,41,5566.161945,-100.0,-0.7028401765038559,0
-6.448355,41,5566.81982,-100.0,-0.6694411131433308,0
-6.402524,40,5567.458865,-100.0,-0.6868027323237852,0
-6.656649,39,5568.069172,-100.0,-0.6969735656793308,0
-6.780154,40,5568.717849,-100.0,-0.6775722637423446,0
-6.715574,40,5569.362555,-100.0,-0.8112032880642841,0
-6.783191,55,5570.254858,-100.0,-0.7428790943743894,0
-6.762934,41,5570.888491,-100.0,-0.6378552998661348,0
-7.004265,40,5571.55036,-100.0,-0.6148060331635155,0
-6.448619,36,5572.104386,-100.0,-0.6157046677783091,0
-6.324131,41,5572.782401,-100.0,-0.7858816341962515,0
-6.468468,36,5573.357117,-100.0,-0.6628164606714714,0
-6.368793,41,5574.019487,-100.0,-0.762332201077177,0
-6.553797,39,5574.622818,-100.0,-0.662304280512033,0
-6.500807,42,5575.285394,-100.0,-0.7375148737266438,0
-6.856103,40,5575.91092,-100.0,-0.6861892277424527,0
-6.572539,41,5692.044552,-100.0,-0.6288038522032185,0
-6.863731,40,5692.678046,-100.0,-0.811690211390015,0
-6.012652,39,5693.315858,-100.0,-0.7402819994352839,0
-6.661234,46,5694.055475,-100.0,-0.7831016478985157,0
-5.991135,36,5694.632183,-100.0,-0.629530561128217,0
-6.418331,41,5695.296321,-100.0,-0.6743942292773928,0
-6.433108,45,5696.004863,-100.0,-0.7391727270217419,0
-6.868152,40,5696.658806,-100.0,-0.6266793401885022,0
-6.817951,46,5697.40531,-100.0,-0.6695243199115551,0
-5.961614,40,5698.049712,-100.0,-0.7725293549990542,0
-6.417755,35,5698.612434,-100.0,-0.6624821037334246,0
-6.555048,46,5699.348445,-100.0,-0.7534833531833218,0
-8.053042,39,5699.981528,-100.0,-0.6246309669727599,0
-7.327851,53,5700.818806,-100.0,-0.6756765822324894,0
-6.496081,35,5701.390536,-100.0,-0.7204140361957365,0
-6.716825,44,5702.093399,-100.0,-0.6101900618963557,0
-6.517552,41,5702.723286,-100.0,-0.6997237307557118,0
-6.329327,40,5703.368964,-100.0,-0.7134747896321126,0
-6.155358,37,5703.972928,-100.0,-0.7899410297996426,0
-6.543897,42,5704.651269,-100.0,-0.6638324518806296,0
-6.808468,40,5705.308306,-100.0,-0.6548943625719633,0
-6.270204,42,5705.977874,-100.0,-0.6517243421825077,0
-6.956859,42,5706.670282,-100.0,-0.654902295021571,0
-6.130849,38,5707.280133,-100.0,-0.7882807789089485,0
-6.771607,38,5707.892955,-100.0,-0.6777321844963182,0
-7.542876,41,5708.554165,-100.0,-0.6189723217685554,0
-6.472114,41,5709.214489,-100.0,-0.698995549254177,0
-7.034309,38,5709.832052,-100.0,-0.6180728947458133,0
-6.532732,41,5710.493131,-100.0,-0.7672632296010456,0
-7.338525,38,5711.101693,-100.0,-0.6226668322124107,0
-6.785619,44,5711.821855,-100.0,-0.6741882925879883,0
-6.30399,44,5712.511911,-100.0,-0.6315019070903145,0
-6.082331,38,5713.128104,-100.0,-0.7978010492057721,0
-6.131366,43,5713.815813,-100.0,-0.7368504417417423,0
-6.33813,47,5714.564443,-100.0,-0.8175301928269624,0
-6.996609,37,5715.181781,-100.0,-0.6754246085048445,0
-6.678296,43,5715.851647,-100.0,-0.651443151198743,0
-6.743598,37,5716.45456,-100.0,-0.6262037760801294,0
-7.263008,38,5717.070254,-100.0,-0.6380626788298364,0
-6.138698,39,5717.691957,-100.0,-0.8275556945088144,0
-6.510035,42,5718.37381,-100.0,-0.7073176740481152,0
-6.33925,39,5719.00579,-100.0,-0.7110905410092865,0
-5.677925,32,5719.520478,-100.0,-0.7724887190743183,0
-7.204874,43,5720.1996,-100.0,-0.6508732827973358,0
-5.985315,38,5720.812346,-100.0,-0.830194581127836,0
-6.037382,38,5721.425077,-100.0,-0.7995031777047196,0
-6.778022,43,5722.11874,-100.0,-0.6420074507497454,0
-6.453895,37,5722.720325,-100.0,-0.6958029959511305,0
-6.728693,40,5723.356793,-100.0,-0.6535629219637584,0
-6.618895,46,5724.098581,-100.0,-0.6592964836949633,0
-6.294908,41,5724.751954,-100.0,-0.7125244148529142,0
-6.043779,38,5840.892946,-100.0,-0.7559285347732553,0
-6.437796,44,5841.61017,-100.0,-0.6801410656151624,0
-6.34787,37,5842.211006,-100.0,-0.7173773677489134,0
-6.295385,43,5842.899531,-100.0,-0.787195697324897,0
-5.967247,37,5843.494323,-100.0,-0.8195194524491631,0
-6.640697,40,5844.141176,-100.0,-0.6432321548203792,0
-6.031972,40,5844.781722,-100.0,-0.7508554570100123,0
-6.498693,43,5845.475593,-100.0,-0.8008718690829014,0
-5.999345,37,5846.069604,-100.0,-0.8555057236067253,0
-6.286159,35,5846.633629,-100.0,-0.6689886885530999,0
-6.745159,46,5847.376018,-100.0,-0.6375074628230953,0
-6.871172,38,5847.980479,-100.0,-0.6726432059151377,0
-6.350851,35,5848.547098,-100.0,-0.7306305362666748,0
-5.731061,33,5849.086189,-100.0,-0.8180119546094301,0
-6.770643,45,5849.79518,-100.0,-0.739825263310917,0
-6.503847,42,5850.483769,-100.0,-0.6323375375946183,0
-6.128732,36,5851.05827,-100.0,-0.8625678510772085,0
-6.400432,37,5851.65098,-100.0,-0.5788248094243684,0
-6.89879,43,5852.338001,-100.0,-0.7093074505075344,0
-5.788011,39,5852.969826,-100.0,-0.7397905109627455,0
-6.422241,39,5853.603412,-100.0,-0.6756339660745604,0
-6.644163,39,5854.226296,-100.0,-0.624301799589913,0
-6.078902,40,5854.876648,-100.0,-0.7516726104337236,0
-5.923537,33,5855.38908,-100.0,-0.7436449540315307,0
-6.696048,39,5856.021715,-100.0,-0.743893944366757,0
-7.009853,37,5856.61503,-100.0,-0.6078099041038936,0
-6.459873,42,5857.28696,-100.0,-0.6361490370467331,0
-6.232956,33,5857.828435,-100.0,-0.6612469136150282,0
-6.801296,51,5858.636598,-100.0,-0.7425272903148612,0
-7.106635,41,5859.293787,-100.0,-0.7017434100870957,0
-6.179707,39,5859.916892,-100.0,-0.7742867487099317,0
-6.66248,48,5860.717578,-100.0,-0.801829504861868,0
-5.947417,35,5861.255444,-100.0,-0.7664479799996042,0
-6.138779,35,5861.823992,-100.0,-0.7218640349201315,0
-6.113843,37,5862.428142,-100.0,-0.6822361306004844,0
-6.109764,36,5863.00166,-100.0,-0.7027604092791986,0
-7.166994,41,5863.660923,-100.0,-0.5858298375314624,0
-6.436958,45,5864.379676,-100.0,-0.7838242560254105,0
-6.622123,39,5865.192088,-100.0,-0.6576136415139228,0
-7.18215,48,5865.97536,-100.0,-0.7858252600631115,0
-7.121945,39,5866.607965,-100.0,-0.7367625287425814,0
-6.039257,43,5867.298225,-100.0,-0.7681747371369833,0
-6.410986,41,5867.948947,-100.0,-0.7142731672359294,0
-5.932351,35,5868.518509,-100.0,-0.8491460016975724,0
-6.426226,41,5869.180729,-100.0,-0.8700029962850034,0
-6.699133,38,5869.786931,-100.0,-0.7226975349689998,0
-6.830495,40,5870.432853,-100.0,-0.7576884868196535,0
-6.766404,39,5871.062583,-100.0,-0.6193073726223217,0
-6.381028,44,5871.768644,-100.0,-0.6639372432905517,0
-6.19566,32,5872.29781,-100.0,-0.8133408970501123,0
-6.764054,42,5872.976257,-100.0,-0.6202207968850779,0
-6.358861,34,5873.528963,-100.0,-0.698985974083907,0
-5.896311,32,5993.408105,-100.0,-0.784965091002029,0
-6.324899,39,5994.037945,-100.0,-0.7396150071642406,0
-6.200365,37,5994.65222,-100.0,-0.7631607089913797,0
-6.65491,41,5995.295806,-100.0,-0.7275208368681941,0
-6.549783,46,5996.048662,-100.0,-0.7062885154709133,0
-5.998478,34,5996.593633,-100.0,-0.7722101465721939,0
-6.368006,43,5997.29231,-100.0,-0.7156170199767982,0
-7.043703,43,5997.989476,-100.0,-0.6493280444631263,0
-6.859376,49,5998.780493,-100.0,-0.7100406273327827,0
-6.082865,40,5999.432222,-100.0,-0.8262275019983314,0
-6.610348,54,6000.31269,-100.0,-0.7467310952757255,0
-6.091619,39,6000.946736,-100.0,-0.6220782873226322,0
-6.374826,46,6001.691715,-100.0,-0.8801473186224646,0
-6.042968,46,6002.43139,-100.0,-0.7760838996491267,0
-6.718917,41,6003.094262,-100.0,-0.6131387783923039,0
-6.807145,47,6003.849097,-100.0,-0.6380603937557869,0
-6.306216,40,6004.511684,-100.0,-0.6727556849865499,0
-6.236383,40,6005.139738,-100.0,-0.7480276968716669,0
-6.074669,33,6005.683682,-100.0,-0.7551896819503774,0
-6.357819,38,6006.307906,-100.0,-0.6688029444584813,0
-6.637263,40,6006.955182,-100.0,-0.8151337003528191,0
-6.262,39,6007.598228,-100.0,-0.8054895107680237,0
-6.832937,53,6008.42664,-100.0,-0.6947626918526508,0
-6.792502,57,6009.379314,-100.0,-0.7897453458929333,0
-6.616547,38,6009.994821,-100.0,-0.8688099431824884,0
-6.499298,41,6010.644856,-100.0,-0.6848525137455662,0
-6.564336,36,6011.222149,-100.0,-0.6625512282628419,0
-6.603271,40,6011.873534,-100.0,-0.6283297488911018,0
-6.690283,49,6012.678326,-100.0,-0.6688861969496613,0
-6.419856,40,6013.337566,-100.0,-0.6467284898598591,0
-6.404801,43,6014.012542,-100.0,-0.6492491649252283,0
-7.465855,42,6014.69456,-100.0,-0.5836947666078018,0
-6.799575,48,6015.451445,-100.0,-0.6714744339204249,0
-6.359239,48,6016.232922,-100.0,-0.7949990059136729,0
-6.616585,41,6016.906097,-100.0,-0.6723844059590707,0
-6.096084,34,6017.461583,-100.0,-0.6515312115298943,0
-6.902868,41,6018.110425,-100.0,-0.6470201981513327,0
-6.117472,35,6018.687002,-100.0,-0.7286956161520515,0
-6.52601,40,6019.312708,-100.0,-0.7503611542992655,0
-6.607195,40,6019.987301,-100.0,-0.6874769925615656,0
-6.602738,44,6020.695169,-100.0,-0.6524574534440962,0
-6.221151,40,6021.353967,-100.0,-0.6563473761976281,0
-6.297484,39,6021.960725,-100.0,-0.8416776901912968,0
-6.561903,41,6022.633418,-100.0,-0.6716169940727549,0
-6.264817,35,6023.203404,-100.0,-0.6261409387835122,0
-6.287982,40,6023.854709,-100.0,-0.8363279787563611,0
-6.489173,40,6024.50103,-100.0,-0.6072833777240105,0
-6.181263,42,6025.181602,-100.0,-0.7129723862206521,0
-5.985277,42,6025.872843,-100.0,-0.7717147337508239,0
-5.791545,38,6145.037422,-100.0,-0.8345069547376889,0
-6.223986,41,6145.745483,-100.0,-0.7108486186318981,0
-5.846574,37,6146.402376,-100.0,-0.8621406175223951,0
-6.543557,40,6147.093047,-100.0,-0.6984506412304727,0
-6.688861,40,6147.80719,-100.0,-0.6620489193953212,0
-6.777924,42,6148.524971,-100.0,-0.687732660582231,0
-6.763966,44,6149.29283,-100.0,-0.6387729471243992,0
-5.952317,40,6150.017786,-100.0,-0.7831258953272334,0
-6.351589,39,6150.70157,-100.0,-0.6668433201845623,0
-6.31757,43,6151.455949,-100.0,-0.694496269107865,0
-6.162849,38,6152.11543,-100.0,-0.7275365451753818,0
-6.081646,36,6152.7482,-100.0,-0.7064199360270562,0
-6.085982,42,6153.48283,-100.0,-0.6565289626032691,0
-6.05692,41,6154.211392,-100.0,-0.7413871286535432,0
-6.326945,41,6154.936812,-100.0,-0.7218832927634609,0
-6.198461,37,6155.587334,-100.0,-0.7401280320605584,0
-6.246331,36,6156.221645,-100.0,-0.6728691760896836,0
-6.211683,39,6156.897346,-100.0,-0.6878595726683114,0
-6.599624,42,6157.637298,-100.0,-0.6717765862828489,0
-6.201887,34,6158.229809,-100.0,-0.6698015107462509,0
-5.966017,37,6158.878434,-100.0,-0.7601896989028557,0
-7.25265,32,6159.444998,-100.0,-0.7646646309444876,0
-6.370847,37,6160.094095,-100.0,-0.6978609643765475,0
-6.034499,40,6160.806489,-100.0,-0.7604477123789426,0
-6.347185,41,6161.524062,-100.0,-0.6694731554315776,0
-6.4849,41,6162.24426,-100.0,-0.725015776545756,0
-6.023291,42,6162.994122,-100.0,-0.6459880184105671,0
-6.439372,41,6163.720613,-100.0,-0.6609396058880289,0
-6.725809,38,6164.366436,-100.0,-0.6529327554830763,0
-6.552628,43,6165.137632,-100.0,-0.7076667404816557,0
-6.510616,33,6165.708655,-100.0,-0.6368520630888129,0
-6.953321,31,6166.247432,-100.0,-0.5469027433894337,0
-6.319669,43,6167.003162,-100.0,-0.7364247368922711,0
-6.574955,42,6167.741886,-100.0,-0.7195183687134683,0
-6.393053,39,6168.419189,-100.0,-0.7390148367292682,0
-6.253254,41,6169.133763,-100.0,-0.7469133901958892,0
-6.202515,46,6169.962091,-100.0,-0.7249328569979382,0
-6.157616,38,6170.616664,-100.0,-0.8013771407268488,0
-6.398099,39,6171.310878,-100.0,-0.7022456475645665,0
-6.011878,39,6171.994006,-100.0,-0.8451617583495115,0
-6.618704,41,6172.712576,-100.0,-0.5971272978885087,0
-6.425153,40,6173.414304,-100.0,-0.6836092532098754,0
-6.186811,37,6174.062012,-100.0,-0.7271812453976487,0
-6.060908,38,6174.730903,-100.0,-0.6970416056968595,0
-6.356145,40,6175.43415,-100.0,-0.8207755938738374,0
-6.429459,36,6176.064385,-100.0,-0.72343735428879,0
-6.817716,40,6176.757951,-100.0,-0.7000898827898945,0
-6.323991,35,6177.37656,-100.0,-0.584061640379077,0
-6.172592,38,6178.047583,-100.0,-0.6654871188109314,0
-6.287029,39,6178.735017,-100.0,-0.6783294647198992,0
-5.971154,42,6179.464782,-100.0,-0.8010986266434121,0
-6.021029,36,6180.087714,-100.0,-0.7236750406740514,0
-6.3689,38,6301.694852,-100.0,-0.7812097245022389,0
-5.976256,34,6302.256112,-100.0,-0.7042993433491156,0
-6.205976,34,6302.819524,-100.0,-0.6713394469242825,0
-6.427718,41,6303.491941,-100.0,-0.7030682992360149,0
-5.983048,33,6304.037995,-100.0,-0.7186688502604256,0
-6.901206,44,6304.754127,-100.0,-0.7493276988415593,0
-6.297704,35,6305.324144,-100.0,-0.7030205874583016,0
-6.485908,44,6306.035986,-100.0,-0.5968300576495169,0
-5.923707,39,6306.689892,-100.0,-0.7412153525137162,0
-6.70695,37,6307.304371,-100.0,-0.6486591243688994,0
-5.948792,40,6307.939513,-100.0,-0.721337788199789,0
-6.558525,41,6308.626383,-100.0,-0.7096259486905084,0
-6.470508,42,6309.302908,-100.0,-0.7000740490390379,0
-6.243893,38,6309.926968,-100.0,-0.631206159750154,0
-6.392073,41,6310.579059,-100.0,-0.6974552789476643,0
-6.303954,39,6311.212008,-100.0,-0.8772971335919016,0
-5.937901,41,6311.880766,-100.0,-0.7292484973024708,0
-6.134726,41,6312.544474,-100.0,-0.6880669629909013,0
-5.678426,34,6313.092166,-100.0,-0.6641150656449785,0
-6.041311,39,6313.731633,-100.0,-0.8281395214266957,0
-5.681146,32,6314.257481,-100.0,-0.8053500694835376,0
-6.808177,38,6314.887596,-100.0,-0.7141184506092979,0
-6.314597,40,6315.546208,-100.0,-0.6321783419078576,0
-6.411651,39,6316.179036,-100.0,-0.6140412915247161,0
-6.200264,38,6316.798909,-100.0,-0.6544963635935758,0
-6.055419,37,6317.398266,-100.0,-0.6204125561198118,0
-6.142556,42,6318.075589,-100.0,-0.7589373681343279,0
-6.340045,36,6318.667327,-100.0,-0.8180197060110745,0
-5.913772,33,6319.212106,-100.0,-0.714827413094579,0
-6.127014,41,6319.871982,-100.0,-0.7521906824070833,0
-6.06417,41,6320.551265,-100.0,-0.7628891927546565,0
-6.051236,38,6321.170675,-100.0,-0.8254120732602698,0
-5.544673,33,6321.708053,-100.0,-0.7765690457671269,0
-6.721055,43,6322.405221,-100.0,-0.7134638651281237,0
-6.262742,37,6323.010087,-100.0,-0.6927224209048581,0
-6.090221,35,6323.594273,-100.0,-0.6632718902601652,0
-6.974437,36,6324.189937,-100.0,-0.7162795660761678,0
-6.688355,39,6324.818094,-100.0,-0.6235318470346086,0
-6.017782,40,6325.46922,-100.0,-0.7463258662876329,0
-6.239978,34,6326.031249,-100.0,-0.6774821391871217,0
-7.22918,44,6326.747396,-100.0,-0.6255260327623248,0
-6.360102,39,6327.387602,-100.0,-0.6152842457164518,0
-6.537234,42,6328.077703,-100.0,-0.6235854339488638,0
-6.134455,39,6328.707434,-100.0,-0.7702454588586771,0
-6.219476,36,6329.313648,-100.0,-0.8158827272790213,0
-6.322599,40,6329.96174,-100.0,-0.7077804351797868,0
-6.126004,39,6330.59037,-100.0,-0.7337858094139844,0
-6.458219,41,6331.263575,-100.0,-0.7142929481802118,0
-6.470918,35,6331.833065,-100.0,-0.6623153667738513,0
-6.43461,41,6332.5114,-100.0,-0.693025851098048,0
-5.945871,33,6333.03102,-100.0,-0.6878095625384758,0
-6.1297,41,6333.696744,-100.0,-0.8517589331174139,0
-6.321518,37,6334.308443,-100.0,-0.6957298774029431,0
-6.181608,33,6334.846675,-100.0,-0.7098136257444995,0
-6.41774,45,6452.466119,-100.0,-0.7055304311880543,0
-6.287069,41,6453.148013,-100.0,-0.6776018782663952,0
-6.071113,35,6453.727474,-100.0,-0.6493244495284571,0
-5.832154,34,6454.282855,-100.0,-0.656226556700471,0
-6.185263,40,6454.948684,-100.0,-0.7400952366301814,0
-6.022661,38,6455.574927,-100.0,-0.6853942408365513,0
-6.256439,34,6456.140111,-100.0,-0.6372421753376274,0
-6.544378,42,6456.825789,-100.0,-0.6135439397199915,0
-6.164187,37,6457.4377,-100.0,-0.7387395424643376,0
-6.375484,35,6458.007255,-100.0,-0.6553045998485707,0
-6.029799,37,6458.618102,-100.0,-0.6389775800444908,0
-6.48469,36,6459.21601,-100.0,-0.6988069549124067,0
-6.938679,43,6459.915801,-100.0,-0.6048794632412248,0
-6.026716,40,6460.579635,-100.0,-0.7265771604516359,0
-5.772688,34,6461.129105,-100.0,-0.8406860461033732,0
-5.907009,36,6461.728211,-100.0,-0.6650947674949249,0
-6.175049,39,6462.374624,-100.0,-0.6345460832335502,0
-6.730384,41,6463.043512,-100.0,-0.7001225437445369,0
-6.608905,36,6463.635902,-100.0,-0.7931834055233739,0
-6.362089,41,6464.30546,-100.0,-0.753179368933786,0
-6.836628,43,6465.002405,-100.0,-0.6937767959752436,0
-6.005629,42,6465.69432,-100.0,-0.7974347773139906,0
-6.44929,38,6466.314522,-100.0,-0.6365470753697041,0
-6.252759,35,6466.897931,-100.0,-0.6048091198397517,0
-6.334143,36,6467.486135,-100.0,-0.6353964008197286,0
-6.613727,40,6468.140361,-100.0,-0.6163654174614163,0
-6.032038,42,6468.815147,-100.0,-0.7071262067783403,0
-6.011667,42,6469.520746,-100.0,-0.7363753406855684,0
-5.584952,35,6470.085268,-100.0,-0.7885358657080175,0
-6.719085,36,6470.677012,-100.0,-0.6586279613948198,0
-5.909592,33,6471.214982,-100.0,-0.7779145563433855,0
-6.119183,41,6471.889691,-100.0,-0.6625071893050782,0
-6.156739,37,6472.488187,-100.0,-0.6544241228154939,0
-6.466024,45,6473.231373,-100.0,-0.699902740639874,0
-5.917137,34,6473.800463,-100.0,-0.7552229804868765,0
-6.626422,35,6474.365035,-100.0,-0.6344733418910228,0
-6.092745,41,6475.038401,-100.0,-0.6730579032975166,0
-5.970367,37,6475.645776,-100.0,-0.8319875785594747,0
-6.161818,34,6476.204643,-100.0,-0.6762676391842255,0
-5.98377,36,6476.799458,-100.0,-0.7825845924330425,0
-6.023799,43,6477.496206,-100.0,-0.7275314796660023,0
-6.234045,41,6478.186098,-100.0,-0.7507449125024562,0
-5.849678,34,6478.722575,-100.0,-0.7049354557953255,0
-5.854027,33,6479.270617,-100.0,-0.8182295346638004,0
-6.549491,37,6479.875548,-100.0,-0.6498907119345761,0
-6.398228,44,6480.61086,-100.0,-0.6540800206056782,0
-5.711697,39,6481.237953,-100.0,-0.7508488656143326,0
-5.986799,34,6481.790105,-100.0,-0.7041019300065121,0
-6.273459,36,6482.383653,-100.0,-0.7994567871707319,0
-6.653146,50,6483.219792,-100.0,-0.6930184938543317,0
-6.285334,36,6483.816349,-100.0,-0.6926372864586405,0
-5.685182,38,6484.436106,-100.0,-0.7612250212438169,0
-5.774086,33,6484.965173,-100.0,-0.7543733705731508,0
-6.248967,43,6601.769938,-100.0,-0.9114019207229543,0
-6.022819,40,6602.422211,-100.0,-0.772617031490153,0
-6.321746,35,6602.989179,-100.0,-0.6483855450089895,0
-6.201432,35,6603.569713,-100.0,-0.6500644361179576,0
-6.52521,44,6604.286297,-100.0,-0.767341695355962,0
-6.260666,35,6604.862429,-100.0,-0.6250091891234189,0
-6.164889,40,6605.518391,-100.0,-0.6407297696358484,0
-5.670412,33,6606.045616,-100.0,-0.7359525604773002,0
-6.341601,39,6606.692319,-100.0,-0.6709715405223379,0
-6.531808,37,6607.308994,-100.0,-0.6373638326654858,0
-5.84388,34,6607.874219,-100.0,-0.6846115861838239,0
-6.629506,35,6608.446408,-100.0,-0.6261953208613992,0
-6.29408,40,6609.115959,-100.0,-0.733547947830585,0
-5.623589,35,6609.673356,-100.0,-0.8207953678040211,0
-6.25499,35,6610.254299,-100.0,-0.7085681586164893,0
-6.643008,45,6610.988672,-100.0,-0.8670387296088848,0
-5.90328,34,6611.554824,-100.0,-0.6583289819558045,0
-5.817771,36,6612.161611,-100.0,-0.7204208470413105,0
-7.01713,50,6612.959768,-100.0,-0.6517309018135911,0
-6.405621,37,6613.572161,-100.0,-0.7205806407773434,0
-6.060825,33,6614.109727,-100.0,-0.6613075721963054,0
-6.145795,34,6614.671549,-100.0,-0.7049271787516674,0
-6.316917,41,6615.341821,-100.0,-0.7644753579150725,0
-5.951356,37,6615.949889,-100.0,-0.6333923541672737,0
-6.032664,37,6616.555704,-100.0,-0.6855910557535428,0
-6.007471,34,6617.132759,-100.0,-0.7589620602934876,0
-6.370671,41,6617.789502,-100.0,-0.6497388486985837,0
-6.22141,37,6618.402632,-100.0,-0.6987984436456072,0
-6.06006,39,6619.050184,-100.0,-0.7098185901478289,0
-6.272823,39,6619.717633,-100.0,-0.6367915940016515,0
-6.286193,43,6620.415448,-100.0,-0.7693639833693063,0
-5.654503,34,6620.967689,-100.0,-0.7909507787471589,0
-6.661578,40,6621.626024,-100.0,-0.685584112675987,0
-6.155005,45,6622.367012,-100.0,-0.7271646998625153,0
-6.308314,36,6622.975124,-100.0,-0.6320499939031434,0
-6.054486,34,6623.530854,-100.0,-0.7148927446407081,0
-5.896248,34,6624.094732,-100.0,-0.657582202316663,0
-5.956022,44,6624.792639,-100.0,-0.7899819470310793,0
-6.14414,36,6625.39487,-100.0,-0.6811410546004547,0
-6.26732,37,6626.006539,-100.0,-0.6527182731893133,0
-6.237915,35,6626.590349,-100.0,-0.6648934006024226,0
-5.711552,35,6627.173403,-100.0,-0.7828487938711871,0
-5.770954,34,6627.724111,-100.0,-0.6738046916447686,0
-6.189999,40,6628.386413,-100.0,-0.7593881181412522,0
-6.317048,42,6629.080722,-100.0,-0.8644094824666381,0
-6.037729,38,6629.696713,-100.0,-0.8016420295177602,0
-6.086237,39,6630.34017,-100.0,-0.7126775226135632,0
-6.149148,35,6630.91405,-100.0,-0.7033377051231632,0
-6.165866,34,6631.470971,-100.0,-0.6216347418790212,0
-6.35642,42,6632.157805,-100.0,-0.7546938626477333,0
-5.843938,33,6632.698555,-100.0,-0.7486956415977746,0
-5.977266,42,6633.405076,-100.0,-0.7350515176898008,0
-6.492941,35,6633.985332,-100.0,-0.853638039144851,0
-6.411028,42,6634.664456,-100.0,-0.7059368520563379,0
-5.878501,34,6635.23721,-100.0,-0.747603645622465,0
-6.576297,49,6751.660365,-100.0,-0.6361317173704849,0
-5.757683,34,6752.236588,-100.0,-0.782373456712943,0
-5.916462,33,6752.788841,-100.0,-0.7598756897194994,0
-5.955347,42,6753.485179,-100.0,-0.803881392418187,0
-6.020371,33,6754.021541,-100.0,-0.680170196570356,0
-6.062393,37,6754.637785,-100.0,-0.8146392365142516,0
-6.047201,34,6755.200097,-100.0,-0.6554568963268165,0
-6.115951,35,6755.778993,-100.0,-0.7456253279710828,0
-6.347979,39,6756.417871,-100.0,-0.7066064159058041,0
-5.970059,39,6757.072818,-100.0,-0.7590381275667734,0
-6.435524,36,6757.665289,-100.0,-0.6589339030699503,0
-5.634018,32,6758.189595,-100.0,-0.7673144126340037,0
-5.550604,34,6758.743248,-100.0,-0.7608844054308891,0
-6.204667,34,6759.311189,-100.0,-0.6829509615715009,0
-6.074917,39,6759.961664,-100.0,-0.6663831202001649,0
-6.317639,40,6760.629514,-100.0,-0.7105766273761921,0
-6.332656,44,6761.363882,-100.0,-0.6944324052496958,0
-6.532214,37,6761.976001,-100.0,-0.8316833120002413,0
-6.28515,33,6762.508973,-100.0,-0.6565658476784739,0
-6.31915,40,6763.157927,-100.0,-0.671296084665016,0
-6.066024,34,6763.727839,-100.0,-0.641567838599607,0
-5.978339,36,6764.307618,-100.0,-0.7445553890172011,0
-5.756712,36,6764.893717,-100.0,-0.807691402872784,0
-5.92783,41,6765.583678,-100.0,-0.7045346828794948,0
-5.631333,33,6766.120463,-100.0,-0.7621922418962669,0
-6.0531,32,6766.664722,-100.0,-0.6482932929901035,0
-5.667717,34,6767.234937,-100.0,-0.7017211573644114,0
-6.048544,34,6767.799572,-100.0,-0.685788102481855,0
-6.299163,42,6768.483666,-100.0,-0.710424773147277,0
-6.224365,41,6769.160708,-100.0,-0.7149281692352757,0
-6.081446,35,6769.743274,-100.0,-0.6383481633309357,0
-6.63338,34,6770.318105,-100.0,-0.6168197048439386,0
-6.631502,45,6771.056955,-100.0,-0.7032281837147655,0
-5.744006,35,6771.631928,-100.0,-0.7381959017655763,0
-5.712862,36,6772.214603,-100.0,-0.8067215945136939,0
-5.928639,46,6772.980897,-100.0,-0.7835567885920519,0
-5.738324,34,6773.533981,-100.0,-0.8087585249441016,0
-6.39471,43,6774.254214,-100.0,-0.702330952344366,0
-6.235308,35,6774.837696,-100.0,-0.6531521110915722,0
-5.902316,32,6775.364399,-100.0,-0.6574538967013781,0
-6.393804,36,6775.969407,-100.0,-0.6831118637706352,0
-6.141275,39,6776.6064,-100.0,-0.6952810885472843,0
-5.713395,39,6777.242818,-100.0,-0.7853913693170843,0
-6.358367,42,6777.92917,-100.0,-0.6524049118067916,0
-6.222672,35,6778.516885,-100.0,-0.681745583176453,0
-5.748911,32,6779.048704,-100.0,-0.7293478205947508,0
-6.054746,39,6779.698632,-100.0,-0.6961098900893697,0
-6.292835,38,6780.324463,-100.0,-0.6510335635716027,0
-6.543977,40,6780.984623,-100.0,-0.6605986021720527,0
-6.329201,36,6781.589531,-100.0,-0.6498340960442913,0
-6.156926,43,6782.304943,-100.0,-0.6391585294475651,0
-6.11613,41,6782.984881,-100.0,-0.7505408012570515,0
-5.996118,34,6783.551363,-100.0,-0.6547292241846753,0
-6.019429,36,6784.138449,-100.0,-0.6591598593339367,0
-6.208277,41,6903.309115,-100.0,-0.7016571181435737,0
-5.568799,34,6903.869002,-100.0,-0.8381415410924767,0
-6.525231,40,6904.534353,-100.0,-0.7050496728430192,0
-6.532777,35,6905.12766,-100.0,-0.7067537474081248,0
-5.795111,34,6905.686715,-100.0,-0.686586679709619,0
-5.965112,40,6906.373115,-100.0,-0.7415825970421328,0
-6.359921,39,6907.009439,-100.0,-0.6742506270415417,0
-5.988242,36,6907.604794,-100.0,-0.588918979032087,0
-6.103373,41,6908.258945,-100.0,-0.6868412070962628,0
-6.10568,37,6908.885007,-100.0,-0.6816103150225801,0
-6.353126,42,6909.581524,-100.0,-0.8091404134416066,0
-5.833762,35,6910.165936,-100.0,-0.7505036316939201,0
-6.354653,38,6910.788669,-100.0,-0.6572616358906505,0
-5.977465,40,6911.454235,-100.0,-0.7667482182124185,0
-5.699995,33,6912.004336,-100.0,-0.6849584197021079,0
-6.076948,35,6912.582911,-100.0,-0.7478169434195522,0
-5.980354,38,6913.219616,-100.0,-0.7936987418753703,0
-5.601085,33,6913.759834,-100.0,-0.7635611839365188,0
-6.593362,46,6914.537384,-100.0,-0.6903622420753692,0
-6.107831,40,6915.187857,-100.0,-0.7957023945750938,0
-5.927509,40,6915.850413,-100.0,-0.6637245305481847,0
-5.459901,33,6916.409301,-100.0,-0.8448803226664842,0
-6.383181,38,6917.050457,-100.0,-0.7872069722186841,0
-5.85474,39,6917.682058,-100.0,-0.7917050781026049,0
-5.998216,37,6918.297581,-100.0,-0.7100963562508684,0
-5.576798,34,6918.853223,-100.0,-0.7845605838244268,0
-5.839818,34,6919.417734,-100.0,-0.7328995975007163,0
-6.055953,38,6920.044868,-100.0,-0.7878244063039945,0
-6.086926,36,6920.650482,-100.0,-0.6932696033916703,0
-6.011396,39,6921.288803,-100.0,-0.7151918308336451,0
-6.166542,40,6921.959014,-100.0,-0.7447750039822053,0
-5.423208,33,6922.505958,-100.0,-0.7656889767265392,0
-6.051911,38,6923.127099,-100.0,-0.7818280364093142,0
-6.321894,35,6923.702057,-100.0,-0.5995480926327978,0
-5.998468,39,6924.356858,-100.0,-0.6571607004113345,0
-6.365597,34,6924.918498,-100.0,-0.6979363073649508,0
-6.094729,39,6925.552244,-100.0,-0.7178050981535627,0
-5.815278,37,6926.16965,-100.0,-0.7501133810070421,0
-6.585698,39,6926.812335,-100.0,-0.6546829968373209,0
-5.798339,33,6927.345841,-100.0,-0.607510071412465,0
-5.77577,33,6927.896777,-100.0,-0.7285675913894313,0
-5.819995,38,6928.509888,-100.0,-0.7986822065276192,0
-6.117212,34,6929.087278,-100.0,-0.6850219926932137,0
-5.806766,34,6929.648152,-100.0,-0.7113472349725306,0
-5.841527,33,6930.18905,-100.0,-0.741665876796642,0
-6.297301,34,6930.741225,-100.0,-0.6766886448867533,0
-5.678456,32,6931.274736,-100.0,-0.707870210166803,0
-6.065078,43,6931.996769,-100.0,-0.8768818431649309,0
-6.708509,39,6932.655375,-100.0,-0.6648595510718024,0
-5.740732,38,6933.283934,-100.0,-0.7971465655277717,0
-5.822804,40,6933.92926,-100.0,-0.8351505896859183,0
-6.656208,41,6934.614401,-100.0,-0.6530869826926254,0
-6.09238,35,6935.189096,-100.0,-0.628773749613714,0
-6.021718,35,6935.777046,-100.0,-0.7408357319292891,0
-5.544215,33,6936.307405,-100.0,-0.7463727946357437,0
-5.948478,40,6936.974499,-100.0,-0.8182295228936208,0
-6.072175,33,7033.467656,-100.0,-0.7377613373320099,0
-6.053764,41,7034.146724,-100.0,-0.7531513902141972,0
-5.67825,37,7034.758023,-100.0,-0.8376915491653572,0
-6.001439,33,7035.295086,-100.0,-0.6502492608048702,0
-5.405209,32,7035.84927,-100.0,-0.8412715148828186,0
-6.389457,37,7036.459147,-100.0,-0.6802380937447615,0
-5.970194,34,7037.03259,-100.0,-0.6366879450334818,0
-5.809062,34,7037.60615,-100.0,-0.7159007966241072,0
-6.352137,40,7038.258285,-100.0,-0.7024261953801708,0
-6.767847,43,7038.974725,-100.0,-0.6277146391475069,0
-5.877478,34,7039.536863,-100.0,-0.6834144889602146,0
-5.932833,39,7040.174195,-100.0,-0.8276046925540496,0
-6.035907,42,7040.873759,-100.0,-0.9153782481205349,0
-5.877167,33,7041.419524,-100.0,-0.7553491811123658,0
-6.138732,42,7042.119769,-100.0,-0.7338237649951215,0
-6.004953,34,7042.677514,-100.0,-0.6684868108723474,0
-5.812404,34,7043.2442,-100.0,-0.7799514768431174,0
-6.391363,37,7043.864586,-100.0,-0.7370693691108617,0
-6.050736,38,7044.486279,-100.0,-0.631707945488509,0
-6.086146,35,7045.067841,-100.0,-0.6767240294534483,0
-5.987218,41,7045.761319,-100.0,-0.7355192958411549,0
-5.847003,39,7046.407815,-100.0,-0.8651848723484636,0
-5.216006,33,7046.954659,-100.0,-0.866594037689184,0
-5.884488,33,7047.497272,-100.0,-0.7859289213205425,0
-6.186064,33,7048.038131,-100.0,-0.6733924015670824,0
-5.708572,33,7048.584181,-100.0,-0.7602624822906388,0
-6.101949,34,7049.161245,-100.0,-0.6667481533499803,0
-5.861075,33,7049.71471,-100.0,-0.7164575719333627,0
-5.801819,33,7050.262026,-100.0,-0.692712165099254,0
-5.71095,32,7050.783877,-100.0,-0.8792977275942333,0
-6.027638,33,7051.340948,-100.0,-0.8138198973583954,0
-6.395532,44,7052.074266,-100.0,-0.7230062455961885,0
-5.806916,42,7052.759388,-100.0,-0.8198341656502726,0
-5.748926,35,7053.350904,-100.0,-0.7812677000108205,0
-6.191755,44,7054.084323,-100.0,-0.8426163949303509,0
-5.779002,34,7054.647729,-100.0,-0.7007846708868506,0
-5.814907,40,7055.310546,-100.0,-0.824129013247489,0
-6.091841,34,7055.86354,-100.0,-0.6426475232582887,0
-6.000566,38,7056.510587,-100.0,-0.767912508062977,0
-5.876839,33,7057.060118,-100.0,-0.6540013247053759,0
-5.90261,36,7057.671842,-100.0,-0.6824906241899242,0
-6.1798,41,7058.350268,-100.0,-0.6349428658541559,0
-5.615813,33,7058.889899,-100.0,-0.8510044764202724,0
-5.749056,41,7059.571517,-100.0,-0.6536218236271911,0
-5.96355,33,7060.123298,-100.0,-0.6542050217914586,0
-5.455486,33,7060.669321,-100.0,-0.8047572580902803,0
-6.024589,35,7061.238652,-100.0,-0.7047880455309168,0
-5.715092,40,7061.920275,-100.0,-0.8441187192743372,0
-6.134203,34,7062.481793,-100.0,-0.5748465835953023,0
-6.07958,33,7063.027222,-100.0,-0.6023861748698517,0
-5.662512,33,7063.564708,-100.0,-0.7913843968565594,0
-5.816666,38,7064.206121,-100.0,-0.7582115491004818,0
-6.153869,35,7064.771874,-100.0,-0.6553921933295557,0
-6.022805,37,7065.39139,-100.0,-0.6828865220353085,0
-6.31502,33,7065.953799,-100.0,-0.6922167778917894,0
-6.070608,42,7066.640871,-100.0,-0.753630023630777,0
-6.713401,36,7173.695717,-100.0,-0.6431335672793945,0
-6.139213,46,7174.458888,-100.0,-0.6529977966270133,0
-6.1063,40,7175.123499,-100.0,-0.7178522120043185,0
-6.504864,40,7175.77231,-100.0,-0.714970216500634,0
-6.288993,34,7176.345288,-100.0,-0.6636082829723194,0
-5.971813,34,7176.915663,-100.0,-0.7173748388431977,0
-6.560204,45,7177.651611,-100.0,-0.7003798726302868,0
-6.090192,34,7178.228422,-100.0,-0.7124897025944468,0
-6.17233,33,7178.776881,-100.0,-0.6457339477929783,0
-5.768118,33,7179.332322,-100.0,-0.7779373411144737,0
-5.997017,45,7180.087989,-100.0,-0.6881690100056345,0
-5.626832,33,7180.635169,-100.0,-0.7650420685938016,0
-6.678681,42,7181.344724,-100.0,-0.606423518123519,0
-6.006459,34,7181.909566,-100.0,-0.6631039928568546,0
-6.740039,35,7182.496298,-100.0,-0.6067446496118,0
-6.011646,35,7183.079849,-100.0,-0.8567898250799343,0
-6.045099,39,7183.737013,-100.0,-0.6699852932274384,0
-5.703264,33,7184.275035,-100.0,-0.8138793440118487,0
-6.009565,34,7184.845076,-100.0,-0.6612602834822022,0
-5.797064,34,7185.409387,-100.0,-0.707082882587244,0
-5.829451,35,7185.991106,-100.0,-0.6778035472347705,0
-5.758778,36,7186.607309,-100.0,-0.7282795520451956,0
-6.199298,41,7187.297926,-100.0,-0.6820350452290912,0
-5.999249,33,7187.843658,-100.0,-0.6288999548795542,0
-5.972186,37,7188.471673,-100.0,-0.7517673836780112,0
-5.741334,33,7189.017057,-100.0,-0.8041176039233054,0
-5.750307,43,7189.732598,-100.0,-0.781384312702042,0
-5.922921,34,7190.292294,-100.0,-0.712909853600687,0
-5.76935,38,7190.925257,-100.0,-0.7608181634756664,0
-6.400275,44,7191.651761,-100.0,-0.6552498397550787,0
-5.704948,33,7192.202277,-100.0,-0.7677030484826666,0
-5.885242,32,7192.751385,-100.0,-0.7390924126346922,0
-5.672668,33,7193.300923,-100.0,-0.711605766273592,0
-6.139721,43,7194.004434,-100.0,-0.7468693131691775,0
-5.926312,34,7194.580532,-100.0,-0.6315235388231173,0
-5.728398,35,7195.155934,-100.0,-0.8678001977078031,0
-6.183546,43,7195.871986,-100.0,-0.7306491093788104,0
-5.785752,34,7196.447412,-100.0,-0.7082909895921922,0
-5.974531,38,7197.072454,-100.0,-0.736138800631289,0
-5.886656,41,7197.758839,-100.0,-0.7789557264937177,0
-6.026865,41,7198.450639,-100.0,-0.6805523031185595,0
-5.579833,34,7199.008157,-100.0,-0.7659751636701551,0
-6.0957,33,7199.570656,-100.0,-0.6460786998085646,0
-6.112298,34,7200.12606,-100.0,-0.6446317359171727,0
-5.807127,35,7200.713509,-100.0,-0.7768547225413167,0
-5.86818,33,7201.257726,-100.0,-0.7206422886601374,0
-6.019219,33,7201.799022,-100.0,-0.6681519152534481,0
-5.88968,33,7202.350553,-100.0,-0.7983427530445653,0
-5.930753,34,7202.923066,-100.0,-0.6946058283389762,0
-5.666262,38,7203.562256,-100.0,-0.6922638940658604,0
-5.897313,34,7204.123837,-100.0,-0.7066013148025378,0
-6.017453,38,7204.775515,-100.0,-0.7458415454529037,0
-6.51941,44,7205.485519,-100.0,-0.6552986613808826,0
-5.936724,36,7206.090378,-100.0,-0.6534156709391304,0
-5.842707,34,7206.657536,-100.0,-0.7060052011705423,0
-5.888333,34,7207.233698,-100.0,-0.802915419128572,0
-5.989312,40,7314.551053,-100.0,-0.7535860664458545,0
-5.843907,34,7315.125049,-100.0,-0.8094421946329362,0
-6.073782,37,7315.746755,-100.0,-0.7278281089187509,0
-6.631102,47,7316.502513,-100.0,-0.6530818310030316,0
-6.109365,34,7317.071718,-100.0,-0.6166834300818185,0
-5.63164,33,7317.628884,-100.0,-0.823106153041551,0
-5.906337,33,7318.196414,-100.0,-0.6814988722343742,0
-5.926833,33,7318.752694,-100.0,-0.869344944156161,0
-6.191807,34,7319.326286,-100.0,-0.6651084182031063,0
-6.144413,39,7319.966048,-100.0,-0.7524431075496811,0
-5.824534,33,7320.525782,-100.0,-0.779690729343051,0
-5.84101,33,7321.069352,-100.0,-0.7856512279806745,0
-5.745896,38,7321.71462,-100.0,-0.7971490238027401,0
-6.323088,40,7322.38328,-100.0,-0.701303801804037,0
-5.724063,34,7322.942934,-100.0,-0.7909187891186227,0
-5.738546,44,7323.691164,-100.0,-0.897247342430874,0
-6.28327,34,7324.250618,-100.0,-0.6493078588660295,0
-5.989876,35,7324.835834,-100.0,-0.6648068722134087,0
-6.191704,35,7325.410331,-100.0,-0.6196422645278343,0
-5.936303,34,7325.989308,-100.0,-0.7491643168170851,0
-5.615117,33,7326.538872,-100.0,-0.7548798730683359,0
-6.197304,36,7327.143812,-100.0,-0.6450022414269596,0
-6.246117,34,7327.710786,-100.0,-0.6766895287949184,0
-6.013523,42,7328.410495,-100.0,-0.7331542949902653,0
-5.882916,34,7328.973806,-100.0,-0.6790502851373159,0
-5.548069,33,7329.540142,-100.0,-0.8268878339859972,0
-5.722268,33,7330.091348,-100.0,-0.7318445502512886,0
-5.716809,34,7330.655185,-100.0,-0.6597550528951729,0
-5.952597,47,7331.455152,-100.0,-0.7574221787022006,0
-6.294878,41,7332.126334,-100.0,-0.7018740666848341,0
-6.194301,39,7332.783148,-100.0,-0.6890547900406404,0
-5.583661,34,7333.354784,-100.0,-0.7322258327437766,0
-6.3042,39,7334.011106,-100.0,-0.707468650904012,0
-5.878095,34,7334.578937,-100.0,-0.7258717597835556,0
-5.981457,41,7335.268191,-100.0,-0.6688528690765352,0
-5.491718,33,7335.825481,-100.0,-0.7125569752210271,0
-6.295584,36,7336.416264,-100.0,-0.6876985422960641,0
-5.988855,34,7336.988409,-100.0,-0.7399113653696047,0
-5.512724,35,7337.572751,-100.0,-0.7624851412895044,0
-5.997974,36,7338.188599,-100.0,-0.6426194228510201,0
-5.67673,35,7338.758909,-100.0,-0.8076086558887347,0
-5.865418,34,7339.336095,-100.0,-0.6895628595981604,0
-5.994837,34,7339.898698,-100.0,-0.7107000650242142,0
-5.372703,34,7340.468819,-100.0,-0.8629254957266049,0
-5.937372,34,7341.037358,-100.0,-0.7292966420368117,0
-5.650614,32,7341.558885,-100.0,-0.7509438885902027,0
-6.252253,35,7342.15239,-100.0,-0.7294166737015763,0
-6.369677,40,7342.838174,-100.0,-0.6481909855631743,0
-5.885218,33,7343.383388,-100.0,-0.7524586756093146,0
-6.180985,35,7343.96308,-100.0,-0.7137786237048477,0
-5.964087,34,7344.523644,-100.0,-0.6462817515898642,0
-5.657236,33,7345.072802,-100.0,-0.8372438698481739,0
-6.231395,36,7345.68301,-100.0,-0.6787292404285219,0
-6.082086,34,7346.233369,-100.0,-0.6870672496676468,0
-5.81234,33,7346.788439,-100.0,-0.7778481025543676,0
-5.673873,33,7347.338925,-100.0,-0.7201469679496973,0
-5.91308,34,7347.903051,-100.0,-0.688074483905857,0
-5.974758,34,7348.473556,-100.0,-0.6981725077221682,0
-5.777256,33,7477.77395,-100.0,-0.7821218577660956,0
-5.619321,34,7478.343289,-100.0,-0.8131163795039463,0
-6.127931,33,7478.904767,-100.0,-0.694625552179273,0
-5.343238,34,7479.471502,-100.0,-0.8431776623448725,0
-5.767525,34,7480.042836,-100.0,-0.8540695646101998,0
-6.029487,34,7480.61937,-100.0,-0.6355413765272727,0
-5.678425,33,7481.178187,-100.0,-0.7993769931801369,0
-5.648295,35,7481.765825,-100.0,-0.7605347899166135,0
-6.011622,34,7482.330102,-100.0,-0.6579557775087275,0
-5.956386,41,7483.02452,-100.0,-0.7485569090617953,0
-5.787349,35,7483.600655,-100.0,-0.7222676484600529,0
-5.72521,40,7484.267345,-100.0,-0.785166865537253,0
-5.719598,35,7484.857112,-100.0,-0.7853596035085469,0
-5.427647,33,7485.408373,-100.0,-0.8562996302013738,0
-5.807627,34,7485.974345,-100.0,-0.6664648286946749,0
-5.744911,34,7486.548478,-100.0,-0.7986162708922829,0
-6.216546,36,7487.145332,-100.0,-0.6427825332470699,0
-5.614311,33,7487.697104,-100.0,-0.8400184930454666,0
-6.140524,34,7488.262867,-100.0,-0.664114569230759,0
-5.983992,34,7488.839448,-100.0,-0.6766247513511742,0
-6.011305,35,7489.431855,-100.0,-0.7064816095188994,0
-5.750967,36,7490.023492,-100.0,-0.7393833241079932,0
-5.96472,35,7490.615352,-100.0,-0.7307953209606658,0
-6.412089,37,7491.21773,-100.0,-0.6970674161125475,0
-5.673902,37,7491.844518,-100.0,-0.891368253355296,0
-6.130681,35,7492.431995,-100.0,-0.6678714358197086,0
-5.602715,33,7492.980964,-100.0,-0.7694620359545764,0
-6.214363,34,7493.553862,-100.0,-0.7856210665031582,0
-5.708021,40,7494.246012,-100.0,-0.7784212905989409,0
-6.002535,34,7494.802287,-100.0,-0.6550267684623731,0
-5.785549,37,7495.441907,-100.0,-0.900308775536196,0
-6.342136,33,7495.984705,-100.0,-0.7483961500265887,0
-5.766903,36,7496.592776,-100.0,-0.7145852962093602,0
-6.011914,33,7497.154391,-100.0,-0.6808427572373069,0
-5.881779,33,7497.702729,-100.0,-0.687253620698912,0
-5.741202,42,7498.413716,-100.0,-0.8518948491771597,0
-5.712747,34,7498.981155,-100.0,-0.7755476559721097,0
-6.116943,39,7499.636211,-100.0,-0.7347241772390853,0
-5.558789,32,7500.172608,-100.0,-0.8183632619561338,0
-6.386955,36,7500.774439,-100.0,-0.716981587644069,0
-6.499695,36,7501.375144,-100.0,-0.6485186231503087,0
-5.584482,32,7501.911463,-100.0,-0.8965744044818112,0
-6.065439,42,7502.613903,-100.0,-0.7162630699244326,0
-6.034652,33,7503.170989,-100.0,-0.6456418887237556,0
-5.553656,33,7503.722045,-100.0,-0.7920804360646643,0
-6.011596,34,7504.292513,-100.0,-0.6904006682651317,0
-6.081945,35,7504.885149,-100.0,-0.6869162528134153,0
-5.711292,33,7505.429749,-100.0,-0.7336611937417107,0
-6.547471,37,7506.048036,-100.0,-0.6248558012635107,0
-6.195949,35,7506.645745,-100.0,-0.7329909259417708,0
-5.780253,38,7507.283291,-100.0,-0.7804578865591044,0
-5.493677,32,7507.824419,-100.0,-0.8231967082592215,0
-5.58835,33,7508.397317,-100.0,-0.710553991659398,0
-5.986912,35,7508.978008,-100.0,-0.7939616976931594,0
-5.497011,41,7509.64985,-100.0,-0.8083471197250407,0
-5.886115,39,7510.311358,-100.0,-0.7827126426873651,0
-5.752097,36,7510.904233,-100.0,-0.8166058705824664,0
-5.664423,32,7511.446989,-100.0,-0.7623626681589952,0
-5.889171,34,7636.250045,-100.0,-0.6567067411004771,0
-5.651735,32,7636.800205,-100.0,-0.7911755421172119,0
-6.058132,36,7637.397139,-100.0,-0.850993951592295,0
-5.873786,34,7637.967829,-100.0,-0.7115154325063296,0
-5.646312,33,7638.525906,-100.0,-0.670338114119413,0
-5.752193,33,7639.070283,-100.0,-0.7828736618877361,0
-6.000409,38,7639.706054,-100.0,-0.7024362443706276,0
-5.962846,35,7640.308714,-100.0,-0.7296334643254635,0
-5.692183,32,7640.837838,-100.0,-0.8202726036931415,0
-5.336138,33,7641.376151,-100.0,-0.8427578132065617,0
-5.983494,40,7642.058912,-100.0,-0.8395896289342841,0
-5.391725,32,7642.592035,-100.0,-0.8756308330305113,0
-6.024718,35,7643.181118,-100.0,-0.6923515864586681,0
-5.32651,32,7643.711584,-100.0,-0.8662723568423522,0
-5.940957,34,7644.281455,-100.0,-0.7671925220216853,0
-6.131611,33,7644.832,-100.0,-0.7017237666818917,0
-5.623499,34,7645.409996,-100.0,-0.8036908442634242,0
-5.742376,35,7646.000942,-100.0,-0.6559459363884986,0
-6.043733,35,7646.588449,-100.0,-0.7372130796373254,0
-5.81191,37,7647.206804,-100.0,-0.8328253580798259,0
-5.665082,33,7647.749615,-100.0,-0.7940347270116102,0
-5.92577,34,7648.322492,-100.0,-0.6370569624098528,0
-5.858611,33,7648.886546,-100.0,-0.6358420118840556,0
-5.778681,34,7649.443544,-100.0,-0.7060394777303194,0
-6.273784,40,7650.140663,-100.0,-0.7187963791982306,0
-5.824157,33,7650.680439,-100.0,-0.6446829846104426,0
-5.946361,33,7651.233896,-100.0,-0.674024065067497,0
-5.945418,33,7651.785379,-100.0,-0.7447806321349507,0
-5.800342,33,7652.335171,-100.0,-0.7420803375244931,0
-5.80131,34,7652.906333,-100.0,-0.7675383352485785,0
-6.053961,33,7653.458295,-100.0,-0.685014566268577,0
-5.658104,32,7653.99935,-100.0,-0.7409531939614555,0
-5.468516,32,7654.533223,-100.0,-0.7739742602714107,0
-5.714776,33,7655.096381,-100.0,-0.7314606361135408,0
-5.613504,33,7655.645776,-100.0,-0.83785721532115,0
-5.653559,32,7656.194615,-100.0,-0.772973642057937,0
-5.638657,41,7656.872566,-100.0,-0.7832697791625324,0
-6.027176,38,7657.50966,-100.0,-0.7699328460279166,0
-5.38892,33,7658.059924,-100.0,-0.800333644397711,0
-5.770588,37,7658.679725,-100.0,-0.818107162466696,0
-5.843475,33,7659.24336,-100.0,-0.7083244114902861,0
-5.434261,32,7659.78621,-100.0,-0.8678552757925323,0
-5.687851,38,7660.420171,-100.0,-0.8483445123404401,0
-6.116733,33,7660.975764,-100.0,-0.7738727222586395,0
-5.956854,44,7661.682679,-100.0,-0.7251034808203287,0
-5.925928,34,7662.256354,-100.0,-0.7482731883738254,0
-6.245804,34,7662.832572,-100.0,-0.6621485934596225,0
-5.628675,35,7663.418433,-100.0,-0.7353855868645107,0
-5.548981,33,7663.972189,-100.0,-0.804835043508187,0
-5.623465,33,7664.539042,-100.0,-0.8481592228460547,0
-5.808161,34,7665.103826,-100.0,-0.7599212656204885,0
-5.688411,33,7665.669636,-100.0,-0.742980029458407,0
-5.534995,33,7666.21819,-100.0,-0.7527976359995245,0
-5.93733,37,7666.838524,-100.0,-0.6990613951001498,0
-5.847608,33,7667.395986,-100.0,-0.7672358660898255,0
-6.013365,38,7668.030189,-100.0,-0.7337962098520184,0
-5.616493,34,7668.607663,-100.0,-0.886075295382487,0
-6.302303,33,7669.156578,-100.0,-0.7308846270850553,0
-5.897987,34,7669.732676,-100.0,-0.6749893386816851,0
-6.121469,34,7670.299468,-100.0,-0.6518993279903661,0
-5.770053,35,7791.478063,-100.0,-0.8047054574310659,0
-5.695753,33,7792.029706,-100.0,-0.8675091345412206,0
-6.081422,39,7792.702703,-100.0,-0.7615640897601116,0
-5.61099,34,7793.280322,-100.0,-0.7835264410379805,0
-5.819568,32,7793.798041,-100.0,-0.7462950779059581,0
-5.927115,34,7794.372494,-100.0,-0.7247708160874771,0
-5.761682,38,7794.98895,-100.0,-0.8293576536849546,0
-5.789029,36,7795.612029,-100.0,-0.7945079037467402,0
-6.257254,36,7796.234737,-100.0,-0.7679524026696883,0
-5.743871,33,7796.777615,-100.0,-0.7258546649010488,0
-6.046431,37,7797.409923,-100.0,-0.7162518505030883,0
-5.609565,33,7797.959354,-100.0,-0.6787712847130328,0
-6.049622,35,7798.562999,-100.0,-0.6629826877438952,0
-5.963591,33,7799.121175,-100.0,-0.8362730897152717,0
-5.632331,36,7799.729802,-100.0,-0.82792718965516,0
-6.17549,36,7800.324923,-100.0,-0.7875661482061883,0
-5.215908,34,7800.901025,-100.0,-0.8468700333171286,0
-5.612075,32,7801.44655,-100.0,-0.8013836311410762,0
-5.563279,35,7802.023321,-100.0,-0.7884517035965247,0
-5.798244,39,7802.695284,-100.0,-0.7233374519910776,0
-5.487492,34,7803.271447,-100.0,-0.8765373105745171,0
-6.10342,34,7803.840266,-100.0,-0.7478787836074904,0
-5.687037,34,7804.418958,-100.0,-0.6736465212852927,0
-5.721179,34,7804.984054,-100.0,-0.7269378172159053,0
-5.681381,35,7805.574971,-100.0,-0.8191760926069315,0
-6.166626,33,7806.133491,-100.0,-0.6619833902209621,0
-6.396163,36,7806.737523,-100.0,-0.7421571908583978,0
-6.060562,32,7807.279073,-100.0,-0.6955420809204801,0
-5.250276,32,7807.814108,-100.0,-0.8678271315089775,0
-5.833026,33,7808.365725,-100.0,-0.6468343003156878,0
-5.644348,33,7808.929218,-100.0,-0.769970775745443,0
-5.997459,41,7809.610125,-100.0,-0.7087682908787454,0
-5.769351,34,7810.186909,-100.0,-0.7386029009632751,0
-5.709703,34,7810.761701,-100.0,-0.7706212968419103,0
-5.825531,33,7811.309591,-100.0,-0.7479948898650645,0
-5.591036,34,7811.876747,-100.0,-0.7774262426683504,0
-6.422548,39,7812.541875,-100.0,-0.7015884325717872,0
-5.530393,34,7813.115479,-100.0,-0.7864601999656862,0
-6.087137,36,7813.720375,-100.0,-0.7492934799214505,0
-5.427912,32,7814.249789,-100.0,-0.8992728512457786,0
-5.82981,41,7814.947514,-100.0,-0.7916526765290518,0
-5.713225,33,7815.510805,-100.0,-0.7813635457324083,0
-5.41793,32,7816.033812,-100.0,-0.8189846597811579,0
-5.343277,33,7816.592792,-100.0,-0.8660255171008456,0
-5.607044,33,7817.139437,-100.0,-0.7996058410109481,0
-6.097853,34,7817.71857,-100.0,-0.6138787819183648,0
-5.75367,33,7818.276814,-100.0,-0.7381618631243726,0
-5.465663,33,7818.816783,-100.0,-0.7714125178477912,0
-6.135701,35,7819.415144,-100.0,-0.7188754891007877,0
-5.794245,34,7819.983958,-100.0,-0.6772728765335388,0
-6.098397,35,7820.582172,-100.0,-0.6736312005916816,0
-6.318419,39,7821.222174,-100.0,-0.7184684363479917,0
-5.434776,32,7821.763298,-100.0,-0.7556269259654697,0
-5.553381,33,7822.290925,-100.0,-0.7863691310399109,0
-5.856574,34,7822.886836,-100.0,-0.6111939990907904,0
-6.141416,42,7823.597631,-100.0,-0.7085264420872784,0
-5.494027,32,7824.138058,-100.0,-0.8080622141817246,0
-5.561143,35,7824.727659,-100.0,-0.7206072673750034,0
-5.86118,33,7825.281994,-100.0,-0.802159239624315,0
-6.152328,43,7955.047994,-100.0,-0.7184394925988953,0
-5.580892,32,7955.643845,-100.0,-0.7920752724962574,0
-5.894677,37,7956.307773,-100.0,-0.6754782485842842,0
-5.783826,35,7956.943647,-100.0,-0.666410038352768,0
-5.814058,33,7957.538842,-100.0,-0.7568888785693276,0
-5.723465,35,7958.176508,-100.0,-0.7613563793737228,0
-5.50989,33,7958.779907,-100.0,-0.816141575637648,0
-5.55075,32,7959.370166,-100.0,-0.7875160995573672,0
-5.953564,33,7959.976012,-100.0,-0.690318450598484,0
-5.759167,33,7960.568887,-100.0,-0.7384570229345616,0
-5.812355,37,7961.24474,-100.0,-0.7278134911803371,0
-6.110693,36,7961.902984,-100.0,-0.7185220654546699,0
-5.906116,38,7962.594851,-100.0,-0.7522560288329255,0
-5.611478,34,7963.210889,-100.0,-0.7795613120815303,0
-5.691692,37,7963.876822,-100.0,-0.7369508196488891,0
-5.315777,32,7964.459693,-100.0,-0.8877607087711791,0
-5.583618,33,7965.057351,-100.0,-0.7618570019002711,0
-5.531962,32,7965.631025,-100.0,-0.8539463712137687,0
-6.010049,40,7966.351505,-100.0,-0.7145760187593608,0
-5.70772,33,7966.94821,-100.0,-0.7001738505391786,0
-6.121306,36,7967.597741,-100.0,-0.8036143691123411,0
-5.817566,32,7968.183735,-100.0,-0.7536727600026258,0
-5.783367,36,7968.83871,-100.0,-0.7373999225625557,0
-5.789759,33,7969.436393,-100.0,-0.6926524924189338,0
-5.965918,33,7970.027734,-100.0,-0.7879242129063329,0
-6.185477,35,7970.669349,-100.0,-0.667186056858512,0
-5.995051,35,7971.313006,-100.0,-0.7229723441139838,0
-5.641083,32,7971.901033,-100.0,-0.7721540560514583,0
-5.999867,33,7972.506453,-100.0,-0.7281196472015043,0
-6.025511,33,7973.105947,-100.0,-0.6630106962856176,0
-5.787973,32,7973.686216,-100.0,-0.7448742704338984,0
-5.685736,32,7974.255792,-100.0,-0.7360534655998765,0
-5.972745,35,7974.902281,-100.0,-0.8093436281332536,0
-5.33287,33,7975.491932,-100.0,-0.8412457147204458,0
-5.685058,36,7976.15537,-100.0,-0.7822035090513187,0
-5.644544,32,7976.732065,-100.0,-0.8735964205047073,0
-5.497496,32,7977.321987,-100.0,-0.8979645607112794,0
-5.710398,33,7977.918716,-100.0,-0.7543751988839382,0
-6.116548,39,7978.633986,-100.0,-0.7650126883873061,0
-5.828827,33,7979.22969,-100.0,-0.8254616291807712,0
-5.869035,33,7979.822606,-100.0,-0.6838986416312189,0
-5.79077,33,7980.432123,-100.0,-0.7761474991392726,0
-5.983666,38,7981.112484,-100.0,-0.8449123061145539,0
-5.515414,32,7981.693812,-100.0,-0.7985512344948534,0
-5.708352,33,7982.297173,-100.0,-0.7860431180267146,0
-6.22706,33,7982.904148,-100.0,-0.7312256362340809,0
-5.699441,40,7983.651114,-100.0,-0.7811051607537689,0
-6.052862,34,7984.280503,-100.0,-0.7082364860995632,0
-5.883383,34,7984.892596,-100.0,-0.7651992714914153,0
-5.609238,33,7985.502449,-100.0,-0.7302132252758202,0
-5.653611,33,7986.102806,-100.0,-0.7977690118219225,0
-5.884069,33,7986.70055,-100.0,-0.6753123422451348,0
-5.594823,32,7987.291545,-100.0,-0.7800168953168736,0
-5.742817,35,7987.920635,-100.0,-0.687347954542713,0
-5.801016,34,7988.551767,-100.0,-0.7680252422544702,0
-6.090604,34,7989.151175,-100.0,-0.7059079616328552,0
-5.536771,32,7989.746872,-100.0,-0.8050550849657959,0
-5.731123,33,7990.326326,-100.0,-0.7142669989924472,0
-6.156945,33,7990.931902,-100.0,-0.735112054715373,0
-5.533004,33,7991.538963,-100.0,-0.8297639801493017,0
-5.457989,33,8110.47836,-100.0,-0.7795302568666836,0
-5.531558,32,8111.009717,-100.0,-0.8141292558667619,0
-5.98477,36,8111.625823,-100.0,-0.6489676845103194,0
-5.882748,34,8112.185845,-100.0,-0.6411256515559263,0
-5.799904,33,8112.754253,-100.0,-0.6749301793115494,0
-6.173222,34,8113.330622,-100.0,-0.64686674520263,0
-5.956752,34,8113.897226,-100.0,-0.6601226316177516,0
-5.91964,37,8114.510474,-100.0,-0.6611588311876827,0
-6.087683,34,8115.085245,-100.0,-0.6440601973037853,0
-5.839723,33,8115.650805,-100.0,-0.6863976909700948,0
-5.627502,34,8116.221962,-100.0,-0.8204104725722985,0
-5.576811,34,8116.797457,-100.0,-0.7231370604278228,0
-5.870356,34,8117.368186,-100.0,-0.7179283520036013,0
-5.879455,34,8117.942807,-100.0,-0.7271127260967944,0
-6.104614,33,8118.505244,-100.0,-0.7075711681383174,0
-5.905781,35,8119.084058,-100.0,-0.7809781077746537,0
-5.900688,40,8119.778184,-100.0,-0.6960243982556917,0
-5.534756,32,8120.312917,-100.0,-0.7758638095169451,0
-5.56281,40,8120.992914,-100.0,-0.7964349083337042,0
-5.621519,36,8121.584996,-100.0,-0.8380435944364965,0
-5.265498,33,8122.147031,-100.0,-0.8387244975859011,0
-5.870939,33,8122.704138,-100.0,-0.6769706261953917,0
-5.887115,35,8123.295162,-100.0,-0.6656189399742417,0
-5.987983,33,8123.860286,-100.0,-0.5869971790479113,0
-5.932406,34,8124.42616,-100.0,-0.6907321211956046,0
-5.415115,32,8124.967686,-100.0,-0.8366033980338294,0
-5.826353,32,8125.508127,-100.0,-0.8025330472294653,0
-5.485963,32,8126.05389,-100.0,-0.7965296665246139,0
-5.5627,33,8126.608095,-100.0,-0.7427757396975494,0
-5.459527,33,8127.172819,-100.0,-0.8600850773789791,0
-5.94197,33,8127.723891,-100.0,-0.7350600362113301,0
-5.684247,34,8128.307184,-100.0,-0.7033203424120755,0
-6.238332,34,8128.880326,-100.0,-0.6342403710607556,0
-5.762258,33,8129.431477,-100.0,-0.7077012390211105,0
-6.105117,33,8129.975513,-100.0,-0.6348907444740789,0
-5.271319,34,8130.561836,-100.0,-0.805367897312309,0
-5.848949,32,8131.089747,-100.0,-0.7573762849598221,0
-5.623985,32,8131.638222,-100.0,-0.76717264300793,0
-5.823758,42,8132.357689,-100.0,-0.7546267837168956,0
-5.627302,34,8132.927807,-100.0,-0.7034243994579303,0
-6.050514,35,8133.517521,-100.0,-0.6767144234251423,0
-5.738618,32,8134.055201,-100.0,-0.7894166880599368,0
-5.465537,33,8134.602863,-100.0,-0.8570971889041106,0
-5.778985,33,8135.163152,-100.0,-0.7059120216637096,0
-5.716548,32,8135.707704,-100.0,-0.7648424014846675,0
-5.550354,33,8136.264284,-100.0,-0.7565913308667702,0
-6.151091,36,8136.862325,-100.0,-0.6674569759153389,0
-5.430391,33,8137.42296,-100.0,-0.7622288732064101,0
-5.735973,35,8138.012375,-100.0,-0.812511820674485,0
-5.884082,36,8138.621804,-100.0,-0.7042206440711202,0
-5.883652,34,8139.197156,-100.0,-0.7450328463340773,0
-5.695193,32,8139.740148,-100.0,-0.8824180480382909,0
-5.658824,40,8140.384332,-100.0,-0.7930883452878663,0
-5.271732,33,8140.943819,-100.0,-0.8085108982261511,0
-5.881649,33,8141.503154,-100.0,-0.7368201804451251,0
-5.471756,32,8142.056326,-100.0,-0.8387012798050959,0
-6.155956,38,8142.688832,-100.0,-0.6253973566931744,0
-5.890177,34,8143.266449,-100.0,-0.701615129025589,0
-5.370874,32,8143.802243,-100.0,-0.8293032200740713,0
-5.734633,32,8144.333128,-100.0,-0.8512139392420958,0
-5.868653,33,8262.784877,-100.0,-0.7481560628488902,0
-5.664495,33,8263.347641,-100.0,-0.6585058009416127,0
-5.83519,33,8263.908767,-100.0,-0.6671399826938477,0
-6.111326,34,8264.486297,-100.0,-0.7094265730116215,0
-5.928028,33,8265.048141,-100.0,-0.7337122010787771,0
-5.97418,34,8265.611096,-100.0,-0.6435698826605893,0
-5.486984,32,8266.164406,-100.0,-0.8015742198455367,0
-5.575274,33,8266.724306,-100.0,-0.7707246862982035,0
-5.489943,33,8267.29462,-100.0,-0.8533710936998994,0
-5.52754,34,8267.862783,-100.0,-0.7846877583445374,0
-5.856718,35,8268.466231,-100.0,-0.7017837586863358,0
-5.648572,34,8269.041178,-100.0,-0.8356623291839533,0
-5.723549,33,8269.600948,-100.0,-0.7345059731230748,0
-5.283064,32,8270.153281,-100.0,-0.8556390281214996,0
-5.661962,35,8270.750845,-100.0,-0.745338668257896,0
-5.918664,34,8271.325158,-100.0,-0.8293588772911828,0
-5.772707,33,8271.876971,-100.0,-0.7800248061664339,0
-5.866334,33,8272.440648,-100.0,-0.6933658548707402,0
-5.663773,45,8273.220095,-100.0,-0.7732646792330894,0
-5.504801,33,8273.770861,-100.0,-0.8553578124568386,0
-5.479928,34,8274.346115,-100.0,-0.7674588572358192,0
-5.804155,34,8274.921096,-100.0,-0.6966172339130557,0
-5.603173,33,8275.480336,-100.0,-0.8164076451390823,0
-5.435833,33,8276.047971,-100.0,-0.8224855357791523,0
-5.335501,32,8276.590134,-100.0,-0.8555899611546839,0
-5.362826,33,8277.152331,-100.0,-0.842716656809672,0
-5.538187,34,8277.720299,-100.0,-0.8401103500760788,0
-6.126009,33,8278.272821,-100.0,-0.7311297875757192,0
-5.610651,34,8278.846581,-100.0,-0.7542344024745484,0
-5.95947,34,8279.429307,-100.0,-0.7310148274447209,0
-6.016301,34,8280.019507,-100.0,-0.7286405923887638,0
-6.160595,41,8280.703842,-100.0,-0.7286755818730051,0
-5.521929,33,8281.259042,-100.0,-0.7547530123732958,0
-5.565481,31,8281.795326,-100.0,-0.8858312114065295,0
-5.330588,32,8282.333783,-100.0,-0.8474917760620126,0
-5.897207,33,8282.890757,-100.0,-0.6723577568858375,0
-5.925182,33,8283.445438,-100.0,-0.6655339842702286,0
-5.926149,35,8284.031793,-100.0,-0.64507267708935,0
-5.621781,33,8284.589848,-100.0,-0.7634635809810104,0
-5.895776,33,8285.148256,-100.0,-0.7008425155057512,0
-6.052391,33,8285.71463,-100.0,-0.6763204671254571,0
-5.793271,32,8286.238635,-100.0,-0.7325737522473356,0
-5.745451,35,8286.83995,-100.0,-0.8527754933805903,0
-6.145851,33,8287.390689,-100.0,-0.7532942897251237,0
-5.846393,42,8288.109281,-100.0,-0.7154998640963967,0
-5.405227,33,8288.662095,-100.0,-0.7994460486465788,0
-5.773237,33,8289.226938,-100.0,-0.7017715489136167,0
-6.032557,33,8289.784745,-100.0,-0.7023657844978259,0
-5.787861,34,8290.365592,-100.0,-0.64831236471319,0
-5.941138,34,8290.948546,-100.0,-0.704547878350638,0
-5.47135,33,8291.504256,-100.0,-0.7886949459439859,0
-5.736285,33,8292.061074,-100.0,-0.6951240594242096,0
-5.870264,35,8292.640004,-100.0,-0.6302992116324683,0
-6.086155,42,8293.351946,-100.0,-0.8119790579622966,0
-5.496496,32,8293.894158,-100.0,-0.8118679864604497,0
-5.490597,33,8294.453976,-100.0,-0.849850323716226,0
-5.59009,32,8294.999583,-100.0,-0.7778269233089925,0
-6.127555,41,8295.683543,-100.0,-0.6753850169259472,0
-5.677471,33,8296.256307,-100.0,-0.665266800559792,0
-5.769945,33,8296.811033,-100.0,-0.7251454506280912,0
-5.971213,34,8415.443322,-100.0,-0.6607984494100057,0
-5.424996,34,8416.01365,-100.0,-0.7636653871628468,0
-5.581228,33,8416.57994,-100.0,-0.726788740383392,0
-5.419201,38,8417.219128,-100.0,-0.8671053509706126,0
-5.962872,33,8417.780156,-100.0,-0.672960193201061,0
-5.546501,34,8418.344076,-100.0,-0.7644203755884784,0
-5.820967,33,8418.90497,-100.0,-0.6952391571901622,0
-5.565707,33,8419.461385,-100.0,-0.7666713836346993,0
-5.599684,32,8420.011449,-100.0,-0.8537870145325637,0
-5.728087,34,8420.582669,-100.0,-0.7707837951268931,0
-5.541861,33,8421.150952,-100.0,-0.8102637071283731,0
-5.575447,33,8421.700906,-100.0,-0.8233277972807828,0
-5.756619,33,8422.257233,-100.0,-0.7949832912623598,0
-5.960593,34,8422.830645,-100.0,-0.6735395745801696,0
-5.663952,34,8423.401643,-100.0,-0.7869455378383046,0
-6.134105,34,8423.985713,-100.0,-0.6619254282826323,0
-5.950685,35,8424.583656,-100.0,-0.6699379284898067,0
-5.829175,38,8425.22366,-100.0,-0.7726878843229514,0
-5.839061,33,8425.785025,-100.0,-0.7460130693204718,0
-5.55815,33,8426.344437,-100.0,-0.8278257604805684,0
-5.619504,32,8426.87729,-100.0,-0.8772192755815188,0
-5.83732,34,8427.459839,-100.0,-0.6349392884785643,0
-5.5623,33,8428.012547,-100.0,-0.7283581650975083,0
-5.99358,36,8428.615766,-100.0,-0.6345630235106183,0
-6.000192,38,8429.285515,-100.0,-0.7364306897856441,0
-5.647253,33,8429.848802,-100.0,-0.780360393557276,0
-5.758291,33,8430.384167,-100.0,-0.7533878371937697,0
-5.512911,32,8430.908458,-100.0,-0.8335067877248502,0
-6.038762,41,8431.616151,-100.0,-0.7133927880653458,0
-5.349101,32,8432.161468,-100.0,-0.872504239760669,0
-5.630151,33,8432.725126,-100.0,-0.7101260860710928,0
-5.745959,34,8433.302696,-100.0,-0.7567577209756757,0
-5.612779,32,8433.851721,-100.0,-0.8396499814409092,0
-5.658673,33,8434.41271,-100.0,-0.7741988246012522,0
-5.897747,32,8434.951604,-100.0,-0.7918312542664147,0
-5.347262,33,8435.514324,-100.0,-0.8727083752796854,0
-5.745129,34,8436.088382,-100.0,-0.7464197010566631,0
-5.69128,33,8436.649973,-100.0,-0.8151573543819767,0
-5.507916,33,8437.204595,-100.0,-0.7309059969369911,0
-6.066431,41,8437.894627,-100.0,-0.7917024970081435,0
-5.468944,33,8438.46053,-100.0,-0.814969756123874,0
-5.663684,42,8439.157282,-100.0,-0.7843586449868813,0
-5.975481,35,8439.752281,-100.0,-0.6920761515586287,0
-5.668038,34,8440.312153,-100.0,-0.6901109684231295,0
-6.392393,35,8440.908239,-100.0,-0.7481671804484419,0
-5.687429,36,8441.514743,-100.0,-0.7506113751111276,0
-5.633466,33,8442.073516,-100.0,-0.7377796120930349,0
-5.845575,34,8442.657064,-100.0,-0.7369101183001144,0
-5.503825,32,8443.205694,-100.0,-0.7360876950638954,0
-6.264837,44,8443.944196,-100.0,-0.6552993383718863,0
-5.811284,33,8444.493617,-100.0,-0.8077894292743983,0
-6.103573,40,8445.171702,-100.0,-0.7507473164036055,0
-6.03529,35,8445.774014,-100.0,-0.6900749841450552,0
-5.718091,33,8446.324619,-100.0,-0.6997546633982661,0
-5.735498,35,8446.927237,-100.0,-0.7471256782938807,0
-6.013295,34,8447.506265,-100.0,-0.6872336773410729,0
-5.425696,33,8448.064374,-100.0,-0.8730300360390238,0
-5.437092,33,8448.607838,-100.0,-0.7914271511396451,0
-5.653565,33,8449.165482,-100.0,-0.7021111768422991,0
-5.735308,36,8449.769775,-100.0,-0.7260481606341194,0
-5.811531,34,8567.801685,-100.0,-0.6473792099596298,0
-5.908296,34,8568.383534,-100.0,-0.7051035295470129,0
-5.348319,34,8568.976232,-100.0,-0.8312130856455603,0
-5.799279,32,8569.494677,-100.0,-0.7799355623458522,0
-6.045495,35,8570.095569,-100.0,-0.6647741164076084,0
-5.60369,34,8570.674314,-100.0,-0.6904124253286424,0
-5.88333,35,8571.276816,-100.0,-0.7590332071398884,0
-5.402836,32,8571.816293,-100.0,-0.8578093989361685,0
-5.540278,33,8572.37559,-100.0,-0.8077277527679181,0
-5.494697,32,8572.913299,-100.0,-0.7959694628059883,0
-5.534222,34,8573.488988,-100.0,-0.7389452383493021,0
-5.863917,33,8574.049814,-100.0,-0.7230427130304933,0
-5.869617,34,8574.62099,-100.0,-0.701400478667479,0
-5.661468,33,8575.17871,-100.0,-0.781341512007401,0
-5.848275,33,8575.742254,-100.0,-0.67306602111276,0
-5.470833,34,8576.321302,-100.0,-0.8200416914434074,0
-6.033351,33,8576.883866,-100.0,-0.6889211148217812,0
-6.016888,34,8577.462877,-100.0,-0.6994323517627612,0
-5.482294,34,8578.031777,-100.0,-0.7389822354075896,0
-6.627469,40,8578.703299,-100.0,-0.7219506676932704,0
-5.732967,33,8579.26529,-100.0,-0.7609856241006075,0
-5.963745,34,8579.843812,-100.0,-0.681708990686865,0
-5.852064,34,8580.426387,-100.0,-0.6620811500978296,0
-5.796269,34,8581.005794,-100.0,-0.7330716242405151,0
-5.605271,33,8581.56528,-100.0,-0.7796739179545314,0
-5.348619,33,8582.126108,-100.0,-0.8034896093217493,0
-5.94159,33,8582.689421,-100.0,-0.727812207249,0
-5.924856,39,8583.333871,-100.0,-0.7151706822175523,0
-5.57454,35,8583.931166,-100.0,-0.8461972011974987,0
-5.517449,34,8584.513564,-100.0,-0.8857460755912048,0
-5.530263,33,8585.073579,-100.0,-0.7992581351943635,0
-5.475837,33,8585.637167,-100.0,-0.8061429063802793,0
-5.891413,33,8586.203606,-100.0,-0.6929602016441704,0
-5.384219,32,8586.758703,-100.0,-0.8975582499268693,0
-5.573727,33,8587.321466,-100.0,-0.7508257198333321,0
-5.804022,36,8587.91914,-100.0,-0.7568892750398396,0
-5.539217,32,8588.458459,-100.0,-0.8795714271778242,0
-5.742009,33,8589.02033,-100.0,-0.7016556373896639,0
-5.573847,34,8589.594442,-100.0,-0.7229181327392402,0
-5.727466,33,8590.145504,-100.0,-0.6995734237790108,0
-5.526681,33,8590.70735,-100.0,-0.7922317440199926,0
-5.919712,33,8591.266885,-100.0,-0.7421114727266397,0
-5.311344,33,8591.8328,-100.0,-0.8307639048541421,0
-5.673446,32,8592.387459,-100.0,-0.7980613180031852,0
-6.002782,34,8592.960739,-100.0,-0.6397914592908509,0
-5.410905,34,8593.540635,-100.0,-0.7464225243478041,0
-5.726097,40,8594.191614,-100.0,-0.7731821887946937,0
-5.314477,32,8594.740021,-100.0,-0.8478629035420787,0
-5.433501,33,8595.303169,-100.0,-0.8015380234039279,0
-6.057489,34,8595.887537,-100.0,-0.6812247998633245,0
-5.944189,33,8596.446909,-100.0,-0.6676498239229458,0
-5.544402,32,8596.994758,-100.0,-0.8546707745257528,0
-5.362431,34,8597.573775,-100.0,-0.8725995104477697,0
-5.54445,33,8598.131709,-100.0,-0.8115278650592107,0
-5.499403,33,8598.692514,-100.0,-0.8587605772857413,0
-5.417438,33,8599.259062,-100.0,-0.7656000142673598,0
-5.786971,34,8599.83386,-100.0,-0.7387118590903371,0
-5.865354,35,8600.420372,-100.0,-0.6487479108846707,0
-5.553745,34,8601.199554,-100.0,-0.669270641861212,0
-6.044307,34,8601.775411,-100.0,-0.6146136992204153,0
-5.751139,35,8717.510124,-100.0,-0.6949516161680375,0
-5.930045,34,8718.086782,-100.0,-0.6821756628110288,0
-5.242699,32,8718.632393,-100.0,-0.8540338555419204,0
-5.59651,34,8719.205888,-100.0,-0.85389817846404,0
-5.701172,34,8719.788226,-100.0,-0.764560913446382,0
-5.573153,34,8720.382582,-100.0,-0.8365819992120798,0
-5.248534,32,8720.92173,-100.0,-0.8593288168647563,0
-5.794927,33,8721.480694,-100.0,-0.6719499520783772,0
-6.057214,39,8722.149772,-100.0,-0.7111252678080503,0
-5.609315,33,8722.699506,-100.0,-0.7219026102300075,0
-5.538117,33,8723.270555,-100.0,-0.7279343712626101,0
-6.179134,36,8723.880335,-100.0,-0.6556901772536989,0
-5.649463,33,8724.451057,-100.0,-0.820646909204826,0
-5.592093,33,8725.006895,-100.0,-0.7378127926079552,0
-5.685429,36,8725.605205,-100.0,-0.8119855611474813,0
-5.705373,33,8726.17295,-100.0,-0.7118273987484844,0
-5.836108,34,8726.738254,-100.0,-0.7709887207316655,0
-5.467935,33,8727.306473,-100.0,-0.7597268219002419,0
-5.534865,33,8727.866604,-100.0,-0.859229229196746,0
-5.560886,33,8728.431527,-100.0,-0.7593651222386062,0
-5.594286,34,8729.000835,-100.0,-0.7632414563821981,0
-5.394159,32,8729.545992,-100.0,-0.7959734600001772,0
-5.871986,34,8730.121045,-100.0,-0.7058825552654315,0
-5.34546,32,8730.6723,-100.0,-0.8817797438694227,0
-5.796868,34,8731.245272,-100.0,-0.6470450274600626,0
-5.453517,32,8731.786695,-100.0,-0.789227341949813,0
-5.405688,34,8732.35907,-100.0,-0.7478221447016535,0
-5.574929,32,8732.899726,-100.0,-0.8313939685331446,0
-5.43966,42,8733.620298,-100.0,-0.8830607736460915,0
-5.984035,35,8734.203762,-100.0,-0.6507725423544751,0
-5.76108,33,8734.768522,-100.0,-0.6657351475702391,0
-5.551398,34,8735.349936,-100.0,-0.8070373017203816,0
-5.427372,33,8735.908673,-100.0,-0.7862696736538728,0
-5.598903,33,8736.469545,-100.0,-0.7226071242074037,0
-6.204654,34,8737.051898,-100.0,-0.6920947087975498,0
-5.546249,33,8737.614698,-100.0,-0.7050852446528052,0
-5.75148,32,8738.166834,-100.0,-0.7659644114019661,0
-5.250575,32,8738.692315,-100.0,-0.9128653758046623,0
-5.623047,33,8739.257333,-100.0,-0.7821100120726988,0
-5.86159,34,8739.83523,-100.0,-0.6776499815606496,0
-5.692552,33,8740.405077,-100.0,-0.7256671225015566,0
-5.428675,37,8741.023902,-100.0,-0.7830635353298805,0
-5.542939,33,8741.584479,-100.0,-0.7835334963519216,0
-5.558337,32,8742.133701,-100.0,-0.7807508331909412,0
-5.937969,35,8742.719483,-100.0,-0.668200469933099,0
-5.481168,33,8743.283349,-100.0,-0.7942607391862475,0
-5.491589,33,8743.834675,-100.0,-0.782919598363945,0
-5.789481,33,8744.404693,-100.0,-0.751390867795762,0
-5.634782,34,8744.975841,-100.0,-0.7649383426025473,0
-5.642099,36,8745.587797,-100.0,-0.7314524183046026,0
-6.174529,34,8746.155935,-100.0,-0.7037238181305973,0
-5.73306,33,8746.717378,-100.0,-0.637244721255319,0
-5.852807,32,8747.258524,-100.0,-0.7130617870690747,0
-5.925715,33,8747.812024,-100.0,-0.7208122881761505,0
-6.062774,34,8748.380915,-100.0,-0.659996466518694,0
-5.6923,34,8748.966434,-100.0,-0.6760803484243891,0
-5.510632,33,8749.531486,-100.0,-0.7783374892683473,0
-5.816013,34,8750.114695,-100.0,-0.8423158644271846,0
-5.512859,35,8750.711226,-100.0,-0.8227214959210016,0
-5.663237,33,8751.263721,-100.0,-0.6763386536916521,0
-5.836996,33,8751.828099,-100.0,-0.7158232458407967,0
-5.946746,35,8869.822016,-100.0,-0.7293749428089454,0
-5.383751,32,8870.369038,-100.0,-0.8188381836582047,0
-6.060056,33,8870.946733,-100.0,-0.6903463717729649,0
-5.703848,33,8871.503084,-100.0,-0.7067164013650646,0
-5.472769,32,8872.053615,-100.0,-0.8229420048263526,0
-5.524338,33,8872.606282,-100.0,-0.8353402390882453,0
-5.63796,33,8873.158516,-100.0,-0.756692006952893,0
-5.862195,34,8873.740821,-100.0,-0.7108203656098089,0
-5.844991,35,8874.336529,-100.0,-0.6635655308196385,0
-5.594217,40,8875.009438,-100.0,-0.7924219076473582,0
-5.494082,34,8875.604248,-100.0,-0.7753994454440924,0
-5.863068,37,8876.227144,-100.0,-0.7026981724550875,0
-5.963613,37,8876.845034,-100.0,-0.7312304004962038,0
-6.014058,37,8877.498003,-100.0,-0.6610718393758467,0
-5.41956,32,8878.033592,-100.0,-0.744513072951996,0
-5.351951,33,8878.588909,-100.0,-0.7823646700106506,0
-5.701176,39,8879.265886,-100.0,-0.81254491438651,0
-5.488184,35,8879.864653,-100.0,-0.7842652584411153,0
-5.943111,33,8880.422923,-100.0,-0.7431426813207417,0
-5.462601,34,8881.007831,-100.0,-0.8046755934526384,0
-5.763116,35,8881.604018,-100.0,-0.6603721196768739,0
-5.298638,32,8882.147961,-100.0,-0.8951418932882523,0
-5.669454,33,8882.706566,-100.0,-0.7654014495668915,0
-5.829372,33,8883.269731,-100.0,-0.7561753774430023,0
-5.722765,40,8883.962912,-100.0,-0.7328312923310523,0
-5.609735,33,8884.531327,-100.0,-0.6866041812423719,0
-5.534962,32,8885.069612,-100.0,-0.7490935222137027,0
-5.787705,34,8885.651328,-100.0,-0.6774818736493091,0
-5.802043,33,8886.210933,-100.0,-0.7265524383733629,0
-5.800664,33,8886.769025,-100.0,-0.7348718315833134,0
-5.570756,33,8887.326886,-100.0,-0.7765571772122273,0
-5.388817,32,8887.882057,-100.0,-0.7949807460181568,0
-5.747033,34,8888.45681,-100.0,-0.6822608885648891,0
-5.642519,36,8889.068434,-100.0,-0.7714334900667749,0
-5.363674,33,8889.626606,-100.0,-0.8156734211837166,0
-5.729802,33,8890.192445,-100.0,-0.7949292066999634,0
-6.084606,39,8890.861238,-100.0,-0.7161025172236335,0
-5.555862,33,8891.423006,-100.0,-0.8450376478467162,0
-5.527708,33,8891.988394,-100.0,-0.6827713303644354,0
-5.819296,34,8892.559019,-100.0,-0.6780932149749626,0
-5.876066,33,8893.121406,-100.0,-0.7051101099174487,0
-5.523098,33,8893.678746,-100.0,-0.7193967793888068,0
-5.69245,33,8894.236459,-100.0,-0.7250587785223671,0
-5.400879,33,8894.807304,-100.0,-0.8279217893748387,0
-5.659516,33,8895.361667,-100.0,-0.7505953861652531,0
-5.607925,34,8895.934349,-100.0,-0.7495932615838117,0
-5.789547,33,8896.483105,-100.0,-0.6810955898455094,0
-5.707543,34,8897.067979,-100.0,-0.6696390100239179,0
-5.686419,35,8897.667984,-100.0,-0.7253640851396401,0
-5.567383,33,8898.222688,-100.0,-0.7387754143242805,0
-5.8408,34,8898.806047,-100.0,-0.756099390044356,0
-5.695019,35,8899.408679,-100.0,-0.7253981185561511,0
-5.823162,34,8899.987492,-100.0,-0.7185444246150311,0
-6.015372,36,8900.590101,-100.0,-0.7513466040465892,0
-5.731139,34,8901.170002,-100.0,-0.728222130165293,0
-6.144039,33,8901.727671,-100.0,-0.7509567663374519,0
-5.825384,33,8902.287564,-100.0,-0.7239371264217086,0
-5.737213,39,8902.938478,-100.0,-0.7555140785540468,0
-5.604661,34,8903.518293,-100.0,-0.695019451278309,0
-5.965128,44,8904.252414,-100.0,-0.7484927337862411,0
-5.610416,33,9019.39604,-100.0,-0.8134569200002703,0
-6.081415,34,9019.970494,-100.0,-0.6885375846916133,0
-5.514801,40,9020.642002,-100.0,-0.8168998848035519,0
-5.403278,33,9021.206616,-100.0,-0.7599517006658484,0
-5.833421,34,9021.786154,-100.0,-0.7873124156743776,0
-6.274606,54,9022.699868,-100.0,-0.7470944418660364,0
-5.345043,32,9023.247101,-100.0,-0.7949537508443649,0
-5.747311,33,9023.812679,-100.0,-0.7515031702177164,0
-5.658212,33,9024.367909,-100.0,-0.7442665907434274,0
-5.364114,32,9024.916872,-100.0,-0.8355229077819566,0
-5.524039,33,9025.484087,-100.0,-0.7921526822757864,0
-5.514032,36,9026.072728,-100.0,-0.7488272056212307,0
-5.30737,32,9026.622604,-100.0,-0.8573723788424469,0
-5.476394,33,9027.183539,-100.0,-0.8211391488542467,0
-5.653515,33,9027.751355,-100.0,-0.6219144084490613,0
-5.878765,33,9028.307463,-100.0,-0.7504295702685841,0
-5.304623,33,9028.871013,-100.0,-0.7184625231938021,0
-5.874632,34,9029.446158,-100.0,-0.7582035241483979,0
-6.054815,33,9030.000523,-100.0,-0.7250630566750886,0
-5.854258,34,9030.579015,-100.0,-0.6099882253121225,0
-5.80601,34,9031.157036,-100.0,-0.6215089086796891,0
-5.349855,33,9031.715258,-100.0,-0.8426269618498119,0
-5.346775,33,9032.272944,-100.0,-0.833253157274772,0
-5.53243,32,9032.82003,-100.0,-0.8383241411142673,0
-5.27601,33,9033.38008,-100.0,-0.7834996648152763,0
-5.467946,33,9033.941698,-100.0,-0.8967281052153192,0
-6.042261,33,9034.507284,-100.0,-0.7085416200208916,0
-5.202585,36,9035.11492,-100.0,-0.8436926113530576,0
-5.606807,34,9035.692061,-100.0,-0.7442222352736796,0
-5.540705,33,9036.247446,-100.0,-0.7492542766498739,0
-6.094097,35,9036.843414,-100.0,-0.6811314251198313,0
-5.594189,34,9037.432811,-100.0,-0.7610866240499639,0
-5.364364,33,9037.991056,-100.0,-0.8252793637969371,0
-5.925923,35,9038.589244,-100.0,-0.6839557833974105,0
-5.785511,35,9039.179902,-100.0,-0.654782705164469,0
-5.466095,33,9039.752204,-100.0,-0.8014997380746987,0
-5.597527,33,9040.304177,-100.0,-0.7597352322710552,0
-5.223774,33,9040.866994,-100.0,-0.801062165323068,0
-5.93506,33,9041.428261,-100.0,-0.643260976235812,0
-5.317156,33,9041.991054,-100.0,-0.8757872285501104,0
-5.650316,33,9042.551749,-100.0,-0.7148760965733727,0
-5.440181,33,9043.11892,-100.0,-0.7912359728851153,0
-5.743686,33,9043.676116,-100.0,-0.6803634935777931,0
-5.775342,33,9044.242932,-100.0,-0.761050347449579,0
-5.831098,34,9044.818137,-100.0,-0.7750306341420683,0
-5.595101,33,9045.367172,-100.0,-0.7042374480520927,0
-5.773998,35,9045.964698,-100.0,-0.7174791359316468,0
-5.684515,34,9046.543741,-100.0,-0.6701683297122307,0
-5.596025,33,9047.1063,-100.0,-0.8065372416703102,0
-5.453954,46,9047.892527,-100.0,-0.9043468162103327,0
-5.680914,34,9048.465774,-100.0,-0.7384886851240078,0
-5.833499,33,9049.222936,-100.0,-0.6996798397880103,0
-5.802528,33,9049.785869,-100.0,-0.6943667350365013,0
-5.722804,34,9050.361886,-100.0,-0.6643779620239165,0
-5.523564,39,9051.023887,-100.0,-0.7558627326598352,0
-5.913718,33,9051.590376,-100.0,-0.650418158118928,0
-5.282214,32,9052.141528,-100.0,-0.8447961795945379,0
-5.521155,32,9052.668435,-100.0,-0.8198327851950191,0
-5.537503,34,9053.244104,-100.0,-0.7659527364178547,0
-5.363905,33,9053.812192,-100.0,-0.8031045472589324,0
-5.743801,34,9171.237928,-100.0,-0.6526981794614646,0
-5.565456,35,9171.837654,-100.0,-0.8645287632150043,0
-5.706068,35,9172.437495,-100.0,-0.6873873248783251,0
-5.462569,33,9173.006763,-100.0,-0.853837791939314,0
-5.644384,33,9173.572733,-100.0,-0.6763028060756064,0
-5.297068,32,9174.117777,-100.0,-0.8220629626070126,0
-5.415654,32,9174.645104,-100.0,-0.7688990128755251,0
-5.442148,33,9175.213169,-100.0,-0.8066483259998122,0
-5.348583,37,9175.855546,-100.0,-0.7805460723920807,0
-6.082042,34,9176.437697,-100.0,-0.6825099583421188,0
-5.415027,32,9176.985418,-100.0,-0.7791650203105557,0
-5.597078,33,9177.547715,-100.0,-0.6772602760246783,0
-5.883934,35,9178.133815,-100.0,-0.6826371454724038,0
-6.270489,35,9178.737878,-100.0,-0.6534158201555846,0
-6.02306,34,9179.307187,-100.0,-0.6868979757232954,0
-5.314816,32,9179.852041,-100.0,-0.8536156949307601,0
-5.41401,33,9180.415762,-100.0,-0.8157865065549861,0
-5.1611,32,9180.963251,-100.0,-0.8324589181962448,0
-5.261405,32,9181.519693,-100.0,-0.8478049033756473,0
-5.772948,33,9182.087932,-100.0,-0.6386613831557352,0
-5.289172,32,9182.626869,-100.0,-0.7977076614496688,0
-5.975944,39,9183.278717,-100.0,-0.6708426591728085,0
-5.663955,38,9183.930592,-100.0,-0.7368650217574055,0
-5.974502,44,9184.671543,-100.0,-0.6765109868954624,0
-5.69893,34,9185.262238,-100.0,-0.690011568240599,0
-5.66365,33,9185.82849,-100.0,-0.7213873445532941,0
-5.752526,32,9186.36848,-100.0,-0.7036371941034516,0
-5.35307,32,9186.914304,-100.0,-0.8640979333185184,0
-5.101666,32,9187.467942,-100.0,-0.8825920315337569,0
-5.702909,33,9188.03258,-100.0,-0.7625607906750914,0
-5.491691,34,9188.615507,-100.0,-0.7738933564371331,0
-5.41919,32,9189.168441,-100.0,-0.8015223035495784,0
-5.673346,33,9189.731863,-100.0,-0.7491436153843749,0
-5.695814,33,9190.296952,-100.0,-0.6890377585741471,0
-5.173776,34,9190.883741,-100.0,-0.8487003207325462,0
-5.353855,32,9191.429784,-100.0,-0.8741663413897464,0
-6.355271,36,9192.045947,-100.0,-0.7549602388831981,0
-5.516319,33,9192.604439,-100.0,-0.7529923538403613,0
-5.600023,34,9193.189247,-100.0,-0.7818071690159909,0
-5.550648,33,9193.755308,-100.0,-0.7549018856806331,0
-5.644025,35,9194.348211,-100.0,-0.7031445030820825,0
-6.071166,35,9194.936578,-100.0,-0.6727544962525264,0
-5.931601,35,9195.530743,-100.0,-0.7469764787768863,0
-5.797739,34,9196.108563,-100.0,-0.7555734158012167,0
-6.081353,35,9196.705098,-100.0,-0.648661401597947,0
-5.266515,32,9197.257103,-100.0,-0.8310051174710148,0
-5.796157,33,9197.829808,-100.0,-0.7834456672926464,0
-5.875215,40,9198.491889,-100.0,-0.6473228188172784,0
-6.169923,34,9199.076279,-100.0,-0.624581546451457,0
-5.842038,34,9199.671035,-100.0,-0.7328469608232281,0
-5.479662,33,9200.224975,-100.0,-0.7732015780068209,0
-5.900346,35,9200.843319,-100.0,-0.6775444006244216,0
-5.28005,32,9201.37837,-100.0,-0.8860591242494015,0
-5.666593,33,9201.953693,-100.0,-0.7509256666956163,0
-5.464386,32,9202.491979,-100.0,-0.8137991217102412,0
-5.871559,33,9203.060728,-100.0,-0.6968107811691511,0
-5.465787,33,9203.617823,-100.0,-0.8264776592345225,0
-5.44457,33,9204.199181,-100.0,-0.7279610377974038,0
-5.917999,34,9204.766091,-100.0,-0.6680132837916795,0
-5.882782,34,9205.34785,-100.0,-0.7919441486533885,0
-5.939319,36,9322.996296,-100.0,-0.6806407159995848,0
-5.85364,34,9323.573176,-100.0,-0.660728671063371,0
-5.574211,33,9324.139184,-100.0,-0.7397886410769607,0
-5.449445,33,9324.701357,-100.0,-0.7715197013513193,0
-5.75246,37,9325.320513,-100.0,-0.7707947235832945,0
-5.953231,37,9325.93906,-100.0,-0.745389720303411,0
-6.090201,34,9326.527386,-100.0,-0.6481803907184013,0
-5.760747,34,9327.107491,-100.0,-0.6995383561740335,0
-5.609743,33,9327.678182,-100.0,-0.6573810794613247,0
-5.645501,33,9328.243653,-100.0,-0.6910433114939243,0
-6.085086,34,9328.817653,-100.0,-0.7087647444861516,0
-6.125507,34,9329.407142,-100.0,-0.6785881885561769,0
-5.342739,32,9329.939232,-100.0,-0.8892566363733728,0
-6.117938,39,9330.609155,-100.0,-0.6841521327907696,0
-5.44686,34,9331.18727,-100.0,-0.7576774343063482,0
-5.917197,33,9331.757685,-100.0,-0.6969142999341821,0
-5.847034,33,9332.308428,-100.0,-0.713502761597099,0
-5.946812,34,9332.893294,-100.0,-0.6753808823014666,0
-5.749158,34,9333.473827,-100.0,-0.6681239908862809,0
-5.907882,33,9334.041433,-100.0,-0.6606778954206058,0
-5.716249,33,9334.607306,-100.0,-0.6598497179800039,0
-5.422299,33,9335.179712,-100.0,-0.8128615109349896,0
-5.357762,33,9335.739109,-100.0,-0.7674789064828923,0
-5.964566,34,9336.32467,-100.0,-0.681086026784718,0
-5.507235,32,9336.865465,-100.0,-0.7499013016431344,0
-5.787317,34,9337.440639,-100.0,-0.7093617061237978,0
-5.346952,34,9338.033119,-100.0,-0.8182994826963201,0
-5.634095,35,9338.621775,-100.0,-0.7697639548243538,0
-5.986387,33,9339.186064,-100.0,-0.6996004374750856,0
-5.581737,33,9339.730929,-100.0,-0.7761244166750096,0
-5.263514,33,9340.300592,-100.0,-0.7913727555308271,0
-5.34814,32,9340.847517,-100.0,-0.8324061841135983,0
-5.708558,33,9341.406329,-100.0,-0.6682448913730751,0
-5.409989,32,9341.963683,-100.0,-0.8095766297642074,0
-5.863098,34,9342.548496,-100.0,-0.6605519396599833,0
-5.94075,34,9343.130737,-100.0,-0.6858279751064928,0
-5.38246,32,9343.683348,-100.0,-0.8646414383927575,0
-5.372126,32,9344.234836,-100.0,-0.835478812812977,0
-5.558631,33,9344.799681,-100.0,-0.742691185534042,0
-5.784003,34,9345.379891,-100.0,-0.7232677689447234,0
-5.345597,34,9345.968367,-100.0,-0.7866329737183462,0
-5.636069,33,9346.526527,-100.0,-0.674174605057484,0
-5.369203,39,9347.185178,-100.0,-0.854424248416188,0
-5.842081,38,9347.838169,-100.0,-0.7305206897223196,0
-6.142704,38,9348.482822,-100.0,-0.6998852502487989,0
-5.75384,33,9349.049703,-100.0,-0.6892816769419946,0
-6.160474,34,9349.626613,-100.0,-0.6869004282566846,0
-5.884704,34,9350.214073,-100.0,-0.6977893074047749,0
-5.211707,32,9350.75812,-100.0,-0.8600193555103041,0
-5.786672,34,9351.33827,-100.0,-0.7216793271988685,0
-5.609136,33,9351.896999,-100.0,-0.7200418404093456,0
-5.632991,34,9352.477754,-100.0,-0.7171017022270639,0
-5.268464,32,9353.027941,-100.0,-0.8036157710843524,0
-5.680635,33,9353.597484,-100.0,-0.7473526997957125,0
-5.616403,33,9354.168073,-100.0,-0.7856968195783425,0
-5.859278,34,9354.74171,-100.0,-0.6238844234182482,0
-5.856468,37,9355.37693,-100.0,-0.6376708753736293,0
-5.58082,34,9355.952842,-100.0,-0.7401219419513727,0
-5.693957,33,9356.518749,-100.0,-0.7566902085904144,0
-5.871729,33,9357.087385,-100.0,-0.7222686679971886,0
-5.826172,35,9357.681261,-100.0,-0.6609755393413339,0
-5.87658,33,9473.143541,-100.0,-0.6184743722404636,0
-5.578885,33,9473.700976,-100.0,-0.6938176883903101,0
-6.088469,36,9474.315618,-100.0,-0.6625426148997728,0
-5.78726,41,9475.01995,-100.0,-0.684219743457475,0
-5.636717,33,9475.583267,-100.0,-0.7237667543229802,0
-5.788028,32,9476.12928,-100.0,-0.6698558377639291,0
-5.781187,37,9476.766032,-100.0,-0.7046351342214976,0
-5.533053,33,9477.32408,-100.0,-0.7736372259491232,0
-5.830936,34,9477.908384,-100.0,-0.7259018802373355,0
-5.212076,32,9478.449878,-100.0,-0.8426238857176569,0
-5.697059,33,9479.004715,-100.0,-0.7296175283205858,0
-5.457538,36,9479.626261,-100.0,-0.7683488296222539,0
-5.784369,33,9480.184715,-100.0,-0.6043086439001939,0
-5.393379,33,9480.746322,-100.0,-0.7908169351319994,0
-5.78341,33,9481.309216,-100.0,-0.6781018079021279,0
-6.019494,34,9481.889919,-100.0,-0.6606180146708518,0
-5.787363,34,9482.486321,-100.0,-0.6979049178263765,0
-5.749838,36,9483.107857,-100.0,-0.7362342538065276,0
-6.324483,38,9483.750549,-100.0,-0.6826360136155872,0
-5.665715,33,9484.323349,-100.0,-0.6758254234212422,0
-5.508101,33,9484.886486,-100.0,-0.767069818896455,0
-5.904696,34,9485.47124,-100.0,-0.6874180925256169,0
-5.583442,33,9486.04052,-100.0,-0.7209147088439273,0
-5.363384,32,9486.579907,-100.0,-0.814455972660091,0
-5.963027,33,9487.13675,-100.0,-0.697430040406493,0
-5.480594,33,9487.697729,-100.0,-0.7691089230856633,0
-5.953196,36,9488.314919,-100.0,-0.6769483652932224,0
-5.419648,33,9488.877303,-100.0,-0.7610362521908287,0
-5.581073,37,9489.500525,-100.0,-0.7413401562716566,0
-5.650023,34,9490.088686,-100.0,-0.6546099821870452,0
-5.695604,33,9490.65292,-100.0,-0.7177498493104568,0
-5.448861,35,9491.232757,-100.0,-0.7600290181552408,0
-5.709792,33,9491.796387,-100.0,-0.7286217270294407,0
-5.287875,33,9492.367625,-100.0,-0.7879047974917326,0
-5.672882,32,9492.917439,-100.0,-0.9054271714941179,0
-5.849959,40,9493.581261,-100.0,-0.7486438999907441,0
-5.953776,34,9494.164114,-100.0,-0.7335811047055555,0
-5.819842,33,9494.724701,-100.0,-0.7429700934844178,0
-5.588567,33,9495.28885,-100.0,-0.776601377477118,0
-6.204877,33,9495.858132,-100.0,-0.7009978035802585,0
-6.150801,35,9496.460888,-100.0,-0.7201019902830804,0
-5.857936,33,9497.009864,-100.0,-0.644743615108151,0
-5.665595,33,9497.780436,-100.0,-0.6813411817856347,0
-5.664307,33,9498.339903,-100.0,-0.6756368148434826,0
-5.554533,33,9498.907299,-100.0,-0.723552715551699,0
-5.810882,33,9499.476295,-100.0,-0.6522867397495348,0
-5.459545,32,9500.028824,-100.0,-0.8196654587079814,0
-5.78013,33,9500.589854,-100.0,-0.6932850061337126,0
-5.420444,33,9501.163435,-100.0,-0.782607629905478,0
-5.904872,33,9501.726329,-100.0,-0.697117810036502,0
-5.670226,32,9502.270265,-100.0,-0.7595999173767662,0
-5.587936,33,9502.826592,-100.0,-0.7922459018544225,0
-5.195485,32,9503.381361,-100.0,-0.8038084227260374,0
-5.773935,35,9503.974148,-100.0,-0.667793250772162,0
-5.428149,32,9504.522129,-100.0,-0.7895811074104677,0
-5.741586,34,9505.107778,-100.0,-0.7069319289849334,0
-5.987341,35,9505.694264,-100.0,-0.6990205900420013,0
-5.415322,33,9506.267129,-100.0,-0.7439636074335324,0
-5.751177,34,9506.827705,-100.0,-0.6766046887569576,0
-5.351497,34,9507.415282,-100.0,-0.8401013765954439,0
-5.856702,33,9624.233577,-100.0,-0.6754845621793568,0
-5.103585,32,9624.779083,-100.0,-0.8639027538683379,0
-5.471032,33,9625.348673,-100.0,-0.70745886351078,0
-5.576291,33,9625.911696,-100.0,-0.7956966068948357,0
-5.767937,33,9626.479872,-100.0,-0.679668245993186,0
-5.357224,33,9627.040102,-100.0,-0.7792355259563007,0
-5.383472,32,9627.577405,-100.0,-0.8852100825516946,0
-5.534871,34,9628.163129,-100.0,-0.7287305600694173,0
-5.761214,38,9628.818633,-100.0,-0.701043176524742,0
-5.942483,34,9629.401189,-100.0,-0.7086931638042225,0
-5.51544,33,9629.966229,-100.0,-0.7870449093468398,0
-5.289356,32,9630.507307,-100.0,-0.8549003146808332,0
-5.279321,32,9631.053952,-100.0,-0.855439308865218,0
-5.818691,32,9631.609413,-100.0,-0.7933643357502392,0
-5.65911,33,9632.17133,-100.0,-0.7398221237882147,0
-5.79433,36,9632.782266,-100.0,-0.6854595112702067,0
-5.870081,33,9633.345019,-100.0,-0.6986826747275766,0
-5.530578,33,9633.916773,-100.0,-0.6827475872223011,0
-5.439517,32,9634.448242,-100.0,-0.7735386851260242,0
-5.538509,33,9635.01831,-100.0,-0.7631629988118332,0
-5.405574,33,9635.583061,-100.0,-0.767201578320695,0
-5.835757,33,9636.148839,-100.0,-0.683217063325604,0
-6.016514,34,9636.719673,-100.0,-0.7041696553907411,0
-5.621578,33,9637.281491,-100.0,-0.6978287424537873,0
-5.673133,34,9637.863692,-100.0,-0.7206368585141728,0
-5.667139,34,9638.446968,-100.0,-0.7853467924647198,0
-5.732425,33,9639.013547,-100.0,-0.6818932773677068,0
-5.469568,32,9639.560048,-100.0,-0.8198932120903328,0
-5.502185,34,9640.147887,-100.0,-0.7921058708573756,0
-5.699094,34,9640.722985,-100.0,-0.6273176393292091,0
-5.812247,34,9641.301603,-100.0,-0.6785778392675769,0
-6.033288,34,9641.877769,-100.0,-0.6910687512392656,0
-5.219569,32,9642.428787,-100.0,-0.8732959371654714,0
-5.723272,33,9642.987992,-100.0,-0.6460587997907986,0
-5.408289,33,9643.547333,-100.0,-0.7794797663162043,0
-5.357362,33,9644.114741,-100.0,-0.760245397427179,0
-5.473562,33,9644.675256,-100.0,-0.7274661346657122,0
-5.974604,34,9645.261599,-100.0,-0.6408110130864069,0
-5.840217,38,9645.90027,-100.0,-0.7102581263619575,0
-6.050124,34,9646.487186,-100.0,-0.6848534454242343,0
-5.608968,33,9647.048874,-100.0,-0.7463379637177168,0
-5.919431,35,9647.644488,-100.0,-0.7031349117344542,0
-5.589242,43,9648.377768,-100.0,-0.7453846782299963,0
-5.856571,34,9648.956343,-100.0,-0.671388881103046,0
-6.07573,33,9649.520755,-100.0,-0.6660408026770186,0
-5.663017,33,9650.08451,-100.0,-0.6802267637937066,0
-5.343802,34,9650.659609,-100.0,-0.7245265999841555,0
-5.533896,34,9651.240558,-100.0,-0.7906445697665766,0
-5.680133,33,9651.802448,-100.0,-0.7292292292554235,0
-5.165436,33,9652.371146,-100.0,-0.7803563877049964,0
-5.416411,33,9652.93472,-100.0,-0.7505278466291683,0
-5.915137,41,9653.638324,-100.0,-0.6367531066996243,0
-5.974802,34,9654.215249,-100.0,-0.624315215508557,0
-5.166318,33,9654.775271,-100.0,-0.8317705492795877,0
-5.46254,33,9655.337847,-100.0,-0.7755739122448047,0
-5.969671,34,9655.916463,-100.0,-0.685596611530756,0
-5.501545,33,9656.480421,-100.0,-0.7311148292238197,0
-5.435989,33,9657.040375,-100.0,-0.7999745280651442,0
-5.519799,33,9657.604998,-100.0,-0.7099485040097836,0
-5.499489,34,9658.198684,-100.0,-0.7684828978762531,0
-5.040837,32,9658.741698,-100.0,-0.6408756568888143,0
-5.779592,35,9773.558887,-100.0,-0.6669000399472128,0
-5.393021,32,9774.110249,-100.0,-0.8431579751889604,0
-6.178132,33,9774.675675,-100.0,-0.6422092929604455,0
-5.933556,33,9775.240144,-100.0,-0.6393351221944207,0
-5.210399,33,9775.807579,-100.0,-0.721039296937349,0
-5.22703,33,9776.362422,-100.0,-0.8711109654267375,0
-5.413615,33,9776.931138,-100.0,-0.7542133193718116,0
-5.985545,33,9777.483957,-100.0,-0.723652028147691,0
-5.674903,33,9778.046386,-100.0,-0.6859628258369324,0
-5.48054,33,9778.602181,-100.0,-0.7028590348704963,0
-5.696994,34,9779.18786,-100.0,-0.7757624286502524,0
-5.611574,34,9779.771512,-100.0,-0.7738597902103274,0
-6.075392,34,9780.350229,-100.0,-0.7385411951025448,0
-5.640879,33,9780.906101,-100.0,-0.6946654589824143,0
-5.551505,34,9781.490524,-100.0,-0.7602566796451004,0
-5.309246,33,9782.062485,-100.0,-0.748761064070037,0
-5.418438,33,9782.61878,-100.0,-0.788394851212552,0
-5.782325,36,9783.239491,-100.0,-0.7133886254080474,0
-5.726046,40,9783.924165,-100.0,-0.7308114732222467,0
-5.441012,33,9784.486419,-100.0,-0.7722956265230606,0
-5.694098,33,9785.049895,-100.0,-0.6647365262111038,0
-5.475017,33,9785.625299,-100.0,-0.8266606608536738,0
-6.001938,34,9786.202474,-100.0,-0.6851073551355399,0
-5.723457,34,9786.779142,-100.0,-0.6492680852851808,0
-5.897004,35,9787.38521,-100.0,-0.7163973553829075,0
-5.348235,34,9787.965145,-100.0,-0.7824213333309239,0
-5.652993,33,9788.529909,-100.0,-0.7532972655367521,0
-5.526005,33,9789.098582,-100.0,-0.7034157870986144,0
-6.060982,40,9789.77354,-100.0,-0.6566748489824982,0
-5.444087,32,9790.325981,-100.0,-0.8320994282031233,0
-5.822261,34,9790.901928,-100.0,-0.6545015760996143,0
-5.29896,33,9791.475789,-100.0,-0.8220921004837813,0
-5.972513,35,9792.065146,-100.0,-0.7036255924662504,0
-5.600831,33,9792.635819,-100.0,-0.6924846021375779,0
-5.634879,35,9793.232915,-100.0,-0.6586705050989778,0
-5.56654,32,9793.791105,-100.0,-0.8322906012313075,0
-5.479447,41,9794.49641,-100.0,-0.7919283520674245,0
-5.670576,34,9795.062212,-100.0,-0.6751510372390519,0
-5.473568,32,9795.626053,-100.0,-0.7767075095592454,0
-5.358314,33,9796.188621,-100.0,-0.8059221587896154,0
-5.299592,34,9796.766884,-100.0,-0.7967011129485011,0
-5.428031,34,9797.349033,-100.0,-0.82197449403726,0
-5.706175,33,9797.919333,-100.0,-0.6932209980688377,0
-5.79994,40,9798.605388,-100.0,-0.7477098157028693,0
-5.924652,34,9799.191719,-100.0,-0.6784982958733048,0
-5.890365,35,9799.784951,-100.0,-0.6574766006801213,0
-5.409633,33,9800.340693,-100.0,-0.8052001776896013,0
-5.677231,35,9800.941987,-100.0,-0.7589361175125883,0
-5.795563,37,9801.565596,-100.0,-0.6798774918576775,0
-5.499926,35,9802.167676,-100.0,-0.8304657061045451,0
-5.681205,34,9802.754345,-100.0,-0.6933901521804019,0
-5.411798,33,9803.316533,-100.0,-0.7470290704498005,0
-5.506382,34,9803.900628,-100.0,-0.7771340146105067,0
-5.794473,33,9804.463976,-100.0,-0.6342220645028247,0
-5.428507,33,9805.033852,-100.0,-0.702756072413337,0
-5.802291,33,9805.597012,-100.0,-0.6642412972828561,0
-5.759043,33,9806.169817,-100.0,-0.714104858906356,0
-5.72085,39,9806.814762,-100.0,-0.7232305246597206,0
-5.679519,34,9807.392956,-100.0,-0.7668961760967443,0
-5.445146,33,9807.955783,-100.0,-0.6832933649310868,0
-5.655707,33,9924.743475,-100.0,-0.6982952917392355,0
-5.236531,32,9925.299222,-100.0,-0.8778124623752306,0
-5.423549,34,9925.877334,-100.0,-0.7268454173414083,0
-5.222906,39,9926.547261,-100.0,-0.846080713338373,0
-5.572475,34,9927.125248,-100.0,-0.7276925756470143,0
-5.52226,35,9927.732449,-100.0,-0.7477502854612514,0
-5.712721,33,9928.302173,-100.0,-0.6940641969124505,0
-5.202794,33,9928.862562,-100.0,-0.8268199615262933,0
-5.946187,40,9929.554923,-100.0,-0.699252448351187,0
-5.895678,37,9930.201308,-100.0,-0.6806442124820828,0
-5.909605,33,9930.753254,-100.0,-0.679287740249729,0
-5.486842,32,9931.303884,-100.0,-0.8239639559628411,0
-5.705972,34,9931.890897,-100.0,-0.6782232181816317,0
-5.509451,33,9932.459864,-100.0,-0.6817417067104811,0
-5.263054,32,9933.004326,-100.0,-0.8255158466097968,0
-5.430555,33,9933.570061,-100.0,-0.8359266462733774,0
-6.015311,34,9934.149933,-100.0,-0.6407220791540811,0
-5.694072,34,9934.738572,-100.0,-0.6900442190888175,0
-5.259095,34,9935.315929,-100.0,-0.8322714421233965,0
-5.484776,33,9935.886333,-100.0,-0.7063604191490621,0
-5.58932,33,9936.457294,-100.0,-0.7335170582486727,0
-5.397906,32,9936.994571,-100.0,-0.7626650897246542,0
-5.172427,33,9937.564984,-100.0,-0.8249153160158185,0
-5.290029,33,9938.131084,-100.0,-0.7957721045793936,0
-5.610549,34,9938.714845,-100.0,-0.6516137003404577,0
-5.369032,32,9939.257638,-100.0,-0.8107171152000385,0
-5.556063,33,9939.819075,-100.0,-0.7148960243639187,0
-5.807483,34,9940.397268,-100.0,-0.6812867250339806,0
-5.347053,33,9940.962883,-100.0,-0.8550339809588663,0
-5.485187,33,9941.532793,-100.0,-0.7123636854655674,0
-5.652944,34,9942.11365,-100.0,-0.7312642465294737,0
-5.61567,34,9942.701826,-100.0,-0.6866217563201658,0
-5.301801,33,9943.273958,-100.0,-0.7902747986021091,0
-5.47722,33,9943.828331,-100.0,-0.6709024882448307,0
-6.237355,36,9944.649352,-100.0,-0.6593852371842505,0
-5.551226,35,9945.238987,-100.0,-0.7444097073410232,0
-5.585669,33,9945.79996,-100.0,-0.7380071518108762,0
-5.37046,33,9946.372454,-100.0,-0.7823028270324075,0
-5.413067,33,9946.936401,-100.0,-0.6783244203319574,0
-5.518071,33,9947.51042,-100.0,-0.7447859754390798,0
-5.556013,33,9948.07278,-100.0,-0.6481020075864047,0
-5.439698,32,9948.624839,-100.0,-0.7581462346369657,0
-5.749075,35,9949.228653,-100.0,-0.6669626745174217,0
-5.305965,33,9949.778071,-100.0,-0.8231767539321537,0
-5.659036,33,9950.34076,-100.0,-0.7125189037749776,0
-5.646344,34,9950.921183,-100.0,-0.7049628246082474,0
-5.424995,33,9951.494278,-100.0,-0.7662677131915729,0
-5.51845,34,9952.071924,-100.0,-0.745199176056759,0
-5.782046,33,9952.643128,-100.0,-0.6716965953773082,0
-5.825158,38,9953.302301,-100.0,-0.719168615840607,0
-5.701851,33,9953.871968,-100.0,-0.6839308547014532,0
-5.426575,34,9954.450365,-100.0,-0.7938316625815027,0
-5.484002,33,9955.020576,-100.0,-0.7397745364380528,0
-5.555278,33,9955.581003,-100.0,-0.6802967983126353,0
-5.413334,32,9956.13084,-100.0,-0.8163934237779501,0
-5.712251,33,9956.696264,-100.0,-0.6416404942813916,0
-5.66135,35,9957.296499,-100.0,-0.651484956334365,0
-5.735922,35,9957.895939,-100.0,-0.7314362443725307,0
-5.425252,32,9958.444871,-100.0,-0.8460105810249455,0
-5.887844,33,9959.006739,-100.0,-0.6471877096638207,0
-5.379062,33,9959.577472,-100.0,-0.8088935138918221,0
-5.629719,33,10078.15495,-100.0,-0.6651425682245868,0
-5.583452,33,10078.713366,-100.0,-0.7087984011106447,0
-5.748815,34,10079.295919,-100.0,-0.6666410044360065,0
-5.712257,34,10079.863711,-100.0,-0.6334448109165779,0
-5.254533,32,10080.415243,-100.0,-0.8244758251570632,0
-5.697656,34,10080.992735,-100.0,-0.672380798814631,0
-5.664278,33,10081.559123,-100.0,-0.6393202779083392,0
-5.551343,33,10082.120507,-100.0,-0.7309605811993631,0
-5.648349,33,10082.675137,-100.0,-0.649028393345306,0
-5.450846,33,10083.225884,-100.0,-0.7894614175382151,0
-5.697029,36,10083.864698,-100.0,-0.7329182019591625,0
-5.542097,33,10084.425642,-100.0,-0.711179264054087,0
-5.639824,33,10084.979482,-100.0,-0.6940241742174816,0
-5.186866,33,10085.54978,-100.0,-0.7900248682424644,0
-6.025009,33,10086.116347,-100.0,-0.6449488196954042,0
-5.263538,34,10086.689416,-100.0,-0.8110834117267267,0
-5.457048,33,10087.246143,-100.0,-0.8057218697284264,0
-5.421601,34,10087.822237,-100.0,-0.7840974416605596,0
-5.948971,35,10088.432557,-100.0,-0.6775209962879846,0
-5.11191,33,10088.998704,-100.0,-0.8494190593158771,0
-5.357786,32,10089.531234,-100.0,-0.857176058818732,0
-5.279884,32,10090.079916,-100.0,-0.8112161666408153,0
-5.719636,34,10090.661577,-100.0,-0.6442325298519387,0
-6.032256,34,10091.235151,-100.0,-0.6821511974676854,0
-5.128017,32,10091.781598,-100.0,-0.8666288952848246,0
-5.783071,39,10092.454576,-100.0,-0.7304380510851624,0
-5.870111,33,10093.013534,-100.0,-0.635723508485473,0
-5.661941,34,10093.591256,-100.0,-0.7065251521895747,0
-5.472782,34,10094.178369,-100.0,-0.7425301356785295,0
-5.479085,34,10094.753916,-100.0,-0.7266830925974912,0
-6.003176,34,10095.33011,-100.0,-0.6768476395439182,0
-5.528956,34,10095.918835,-100.0,-0.771438727620402,0
-5.956268,35,10096.520816,-100.0,-0.7059371980111283,0
-5.5223,33,10097.07552,-100.0,-0.6783887790920751,0
-6.077042,37,10097.717765,-100.0,-0.6139308091008907,0
-5.610878,33,10098.277077,-100.0,-0.7182637095543907,0
-5.557024,33,10098.826001,-100.0,-0.7471178559925702,0
-5.808649,34,10099.403043,-100.0,-0.7070211921006018,0
-5.614909,34,10099.991328,-100.0,-0.7343154576772993,0
-5.427755,33,10100.54501,-100.0,-0.8105062517914083,0
-5.582354,33,10101.115417,-100.0,-0.7043834241049861,0
-5.862346,32,10101.658031,-100.0,-0.7126254980308159,0
-5.503152,32,10102.206576,-100.0,-0.8148811796373302,0
-5.852449,34,10102.779747,-100.0,-0.6551181261641921,0
-5.224602,33,10103.339494,-100.0,-0.8522557475797784,0
-5.676996,34,10103.910234,-100.0,-0.7013603655090019,0
-5.833532,33,10104.469223,-100.0,-0.6985239227207589,0
-5.602591,35,10105.068441,-100.0,-0.7255717215296652,0
-5.570817,33,10105.631308,-100.0,-0.7609668588563674,0
-5.69902,43,10106.38037,-100.0,-0.7823673812955304,0
-5.43634,33,10106.940843,-100.0,-0.7480683386590491,0
-5.314328,33,10107.508814,-100.0,-0.7681639933745538,0
-5.544401,33,10108.077207,-100.0,-0.7820784112341654,0
-5.725308,33,10108.642401,-100.0,-0.7050803812655043,0
-5.759383,33,10109.207599,-100.0,-0.6652993508771886,0
-5.299365,33,10109.749069,-100.0,-0.7628445311313475,0
-5.408633,33,10110.318057,-100.0,-0.8576023717203618,0
-5.805433,35,10110.92011,-100.0,-0.6824691434195012,0
-5.430234,34,10111.502295,-100.0,-0.769143519111734,0
-5.647413,33,10112.056231,-100.0,-0.7422386697807298,0
-5.851284,34,10112.645033,-100.0,-0.6163682490221155,0
-5.718995,34,10215.363411,-100.0,-0.7024421630729979,0
-5.809588,35,10215.950329,-100.0,-0.7155909418519185,0
-5.3182,34,10216.537431,-100.0,-0.7799088818373535,0
-5.369547,33,10217.092479,-100.0,-0.8063500907254235,0
-5.857557,36,10217.713067,-100.0,-0.7124038007839092,0
-5.467748,33,10218.278455,-100.0,-0.7076639099496895,0
-5.369458,33,10218.834796,-100.0,-0.7551683802294534,0
-5.901518,36,10219.457505,-100.0,-0.6400080280534174,0
-5.633292,34,10220.040136,-100.0,-0.6963346219939388,0
-5.498858,33,10220.606793,-100.0,-0.7125828259281716,0
-5.684433,33,10221.174022,-100.0,-0.635144035455679,0
-5.552954,33,10221.736166,-100.0,-0.6352594994432335,0
-5.931283,33,10222.2911,-100.0,-0.6972365905106287,0
-5.374266,33,10222.862718,-100.0,-0.7819291065067422,0
-5.475803,32,10223.40122,-100.0,-0.8003737263613663,0
-5.852335,34,10223.99617,-100.0,-0.6853466385737055,0
-5.237651,33,10224.556717,-100.0,-0.7874329191400906,0
-5.650786,34,10225.137097,-100.0,-0.6623377332165556,0
-5.267882,34,10225.708793,-100.0,-0.8428007794298167,0
-5.674397,38,10226.361327,-100.0,-0.710141299148104,0
-5.919377,35,10226.957934,-100.0,-0.6766158356945402,0
-5.496023,34,10227.538452,-100.0,-0.78206499956886,0
-5.3307,34,10228.112913,-100.0,-0.8018429136685298,0
-5.547619,33,10228.669199,-100.0,-0.7477007863925034,0
-5.530439,34,10229.257403,-100.0,-0.787939546241414,0
-5.376881,32,10229.793336,-100.0,-0.8545781243681517,0
-5.537829,33,10230.359938,-100.0,-0.7853796848018717,0
-5.739139,33,10230.910887,-100.0,-0.6810769474733063,0
-6.562206,44,10231.689312,-100.0,-0.6361460105901793,0
-5.504946,33,10232.245872,-100.0,-0.8093586562987645,0
-5.523478,34,10232.819311,-100.0,-0.7802736964807665,0
-5.76783,34,10233.402968,-100.0,-0.6761207689848587,0
-5.594881,38,10234.049953,-100.0,-0.7617669385142231,0
-5.808423,34,10234.629103,-100.0,-0.7203193171268565,0
-5.657447,36,10235.255758,-100.0,-0.7595780045233184,0
-5.731947,34,10235.828984,-100.0,-0.7477648781679437,0
-5.037494,33,10236.397692,-100.0,-0.7717387850826083,0
-5.525759,40,10237.084388,-100.0,-0.756467202148647,0
-5.710172,35,10237.667025,-100.0,-0.6864417660517326,0
-5.577262,33,10238.242228,-100.0,-0.7367213667067146,0
-5.853644,33,10238.805989,-100.0,-0.7138020629365937,0
-5.729086,33,10239.376252,-100.0,-0.7326531667513796,0
-5.775402,33,10239.925892,-100.0,-0.6844562295208665,0
-5.65372,33,10240.491698,-100.0,-0.6823387468481498,0
-5.448332,34,10241.068808,-100.0,-0.7508987769092513,0
-5.831442,33,10241.637512,-100.0,-0.6826971429080275,0
-5.641411,34,10242.214401,-100.0,-0.6989761554466168,0
-5.527345,33,10242.782702,-100.0,-0.7342463163975058,0
-5.247036,32,10243.325283,-100.0,-0.8891422689069703,0
-5.6725,34,10243.91259,-100.0,-0.631529494092775,0
-5.920204,35,10244.516236,-100.0,-0.6863217320643292,0
-5.704721,34,10245.093412,-100.0,-0.6866413074573072,0
-5.815297,35,10245.68861,-100.0,-0.710668185689227,0
-5.645274,33,10246.24358,-100.0,-0.7242361080274466,0
-5.287642,33,10246.809822,-100.0,-0.795580537203976,0
-5.203623,33,10247.365788,-100.0,-0.7952585190202199,0
-5.167004,33,10247.926301,-100.0,-0.7807795693699158,0
-5.622569,34,10248.505091,-100.0,-0.7523292473960265,0
-5.513788,34,10249.092705,-100.0,-0.7348671894330506,0
-5.86762,35,10249.69104,-100.0,-0.7117904988074604,0
-5.398893,35,10352.333168,-100.0,-0.789007566905477,0
-5.595368,33,10352.891168,-100.0,-0.7288825275733819,0
-5.773819,33,10353.449651,-100.0,-0.6871474489152404,0
-5.622042,34,10354.024984,-100.0,-0.7361384377267657,0
-5.881804,35,10354.625241,-100.0,-0.6721664532113206,0
-5.619662,33,10355.179003,-100.0,-0.669580140897218,0
-5.743192,34,10355.779548,-100.0,-0.6949658669363873,0
-5.314443,36,10356.397389,-100.0,-0.7688120319912087,0
-5.32008,33,10356.954959,-100.0,-0.8044885179424142,0
-5.442709,33,10357.518849,-100.0,-0.7723171576144265,0
-5.811795,34,10358.099167,-100.0,-0.738845167158689,0
-5.908804,32,10358.650591,-100.0,-0.6694452377361967,0
-5.614753,33,10359.200554,-100.0,-0.7661113041324059,0
-5.396675,33,10359.76709,-100.0,-0.7545488125858006,0
-5.905768,34,10360.336894,-100.0,-0.6212792545270985,0
-5.24252,33,10360.905399,-100.0,-0.8025289761672153,0
-5.364733,33,10361.462446,-100.0,-0.7791994182894744,0
-5.700546,34,10362.048072,-100.0,-0.7191213766517373,0
-5.5342,34,10362.61782,-100.0,-0.7202990290713394,0
-5.850667,33,10363.189551,-100.0,-0.7109177912190783,0
-5.668028,33,10363.756195,-100.0,-0.7439373118326276,0
-5.678374,34,10364.331578,-100.0,-0.7013782860971154,0
-5.583999,33,10364.8966,-100.0,-0.7309364471981796,0
-5.564419,33,10365.460427,-100.0,-0.7059924027495518,0
-5.412825,32,10366.012818,-100.0,-0.7671182171793389,0
-5.752489,33,10366.783686,-100.0,-0.7139422132841609,0
-6.022191,35,10367.373908,-100.0,-0.628175486435167,0
-5.392683,33,10367.928095,-100.0,-0.7741033617803795,0
-5.470921,34,10368.502766,-100.0,-0.8176835201564099,0
-5.20948,32,10369.03879,-100.0,-0.8152357060319763,0
-5.736185,34,10369.627413,-100.0,-0.6872855845071684,0
-5.730172,33,10370.196473,-100.0,-0.6268988493605917,0
-5.414457,34,10370.77423,-100.0,-0.7500161135747708,0
-5.504525,34,10371.356392,-100.0,-0.7106780200692515,0
-5.478584,33,10371.913384,-100.0,-0.7556196672542859,0
-5.937601,37,10372.550834,-100.0,-0.6491507011198463,0
-5.227862,33,10373.110704,-100.0,-0.7883573875207605,0
-5.74598,33,10373.674034,-100.0,-0.6378281789359727,0
-6.06882,34,10374.245244,-100.0,-0.7208633048560011,0
-5.704481,33,10374.806125,-100.0,-0.6732221420753172,0
-5.679569,34,10375.390033,-100.0,-0.6620504656789769,0
-5.400504,32,10375.926585,-100.0,-0.7994175591245989,0
-5.58727,33,10376.499715,-100.0,-0.8086145941298668,0
-5.620293,33,10377.061084,-100.0,-0.6342388774828748,0
-5.595163,35,10377.656502,-100.0,-0.6658681370760324,0
-5.502051,34,10378.235734,-100.0,-0.7141892151915212,0
-5.439147,33,10378.793396,-100.0,-0.7560178646127593,0
-5.351354,32,10379.350995,-100.0,-0.8802620707492952,0
-5.641738,39,10380.004163,-100.0,-0.7401248772742134,0
-5.26881,33,10380.573799,-100.0,-0.7758414408251866,0
-5.605211,34,10381.148301,-100.0,-0.6956815437710872,0
-5.174909,33,10381.717181,-100.0,-0.8216100656634499,0
-5.519808,33,10382.275948,-100.0,-0.7461553943874109,0
-5.638757,34,10382.851573,-100.0,-0.8074653843062847,0
-5.529935,33,10383.418195,-100.0,-0.7930820677578636,0
-5.335721,33,10383.984436,-100.0,-0.8388450316939425,0
-5.390175,34,10384.554763,-100.0,-0.7991926977227312,0
-5.16403,34,10385.139611,-100.0,-0.8068174622975552,0
-5.516398,39,10385.791034,-100.0,-0.8185862981736748,0
-5.294988,32,10386.338414,-100.0,-0.8674047655154393,0
-5.358942,32,10386.896247,-100.0,-0.837458283670628,0
-5.326826,33,10508.570889,-100.0,-0.7614067567841349,0
-5.544728,34,10509.142128,-100.0,-0.7093750730394175,0
-5.894358,33,10509.707549,-100.0,-0.6879342744797172,0
-5.883647,35,10510.305528,-100.0,-0.7009650818790054,0
-5.302266,33,10510.876927,-100.0,-0.7939889694867631,0
-5.764078,34,10511.461943,-100.0,-0.65570308135692,0
-5.72979,39,10512.137112,-100.0,-0.6741917282017699,0
-5.480148,33,10512.71532,-100.0,-0.7104781311850261,0
-5.886518,33,10513.25814,-100.0,-0.6958617618795306,0
-5.254371,33,10513.81692,-100.0,-0.7653132870241064,0
-5.366441,35,10514.420285,-100.0,-0.7865819436134238,0
-5.282986,32,10514.973516,-100.0,-0.836390443708959,0
-5.676098,34,10515.549431,-100.0,-0.7606369111342999,0
-5.502098,39,10516.208294,-100.0,-0.8431288020134139,0
-5.951195,34,10516.783315,-100.0,-0.7511488562178246,0
-5.39002,34,10517.374569,-100.0,-0.7893978136104789,0
-5.910523,33,10517.951648,-100.0,-0.6795774820374171,0
-5.455314,33,10518.516121,-100.0,-0.7138907885688113,0
-5.32415,32,10519.075933,-100.0,-0.832135501405429,0
-5.201019,33,10519.630964,-100.0,-0.7567579649228297,0
-5.24229,33,10520.194425,-100.0,-0.7621397917055186,0
-5.887711,35,10520.806355,-100.0,-0.6680103464152245,0
-5.381162,37,10521.426324,-100.0,-0.8516116493675314,0
-5.677825,33,10521.991553,-100.0,-0.6797090435625245,0
-5.614557,33,10522.562401,-100.0,-0.7111970284805263,0
-5.697645,33,10523.133916,-100.0,-0.6563259732316562,0
-5.341044,33,10523.698072,-100.0,-0.775222882023322,0
-5.355919,33,10524.260389,-100.0,-0.7427221418567784,0
-5.238198,32,10524.807072,-100.0,-0.7906668269035441,0
-5.904037,33,10525.367084,-100.0,-0.7092420364526231,0
-5.444879,33,10525.928222,-100.0,-0.7958790184106996,0
-5.49212,34,10526.514866,-100.0,-0.7223666519511015,0
-5.97294,34,10527.089087,-100.0,-0.6971263130695315,0
-5.352624,33,10527.656061,-100.0,-0.725352231413327,0
-5.743296,33,10528.23085,-100.0,-0.6855432297084356,0
-5.824483,34,10528.794928,-100.0,-0.6595440715122418,0
-5.374314,32,10529.353184,-100.0,-0.7738214918394597,0
-5.530946,35,10529.94281,-100.0,-0.7685178232604291,0
-5.59365,33,10530.50864,-100.0,-0.7748080188692994,0
-5.365878,32,10531.050629,-100.0,-0.7619224107604419,0
-5.585713,33,10531.615372,-100.0,-0.7648780387864852,0
-5.531163,35,10532.219723,-100.0,-0.7545049640562647,0
-5.586428,34,10532.807015,-100.0,-0.7382743807919258,0
-5.659191,37,10533.44375,-100.0,-0.7508235218519049,0
-5.239654,33,10533.998147,-100.0,-0.8012830737538,0
-5.581146,33,10534.56484,-100.0,-0.7406439637721314,0
-5.541108,33,10535.118769,-100.0,-0.7286199879868653,0
-5.274603,33,10535.677167,-100.0,-0.8291126515968458,0
-5.489135,34,10536.25457,-100.0,-0.696569616577406,0
-5.654578,34,10536.834583,-100.0,-0.7114001490311689,0
-5.376734,32,10537.390883,-100.0,-0.851353994074541,0
-5.326019,33,10537.953683,-100.0,-0.7225129880200358,0
-5.162637,33,10538.514622,-100.0,-0.7975312956309507,0
-5.630012,32,10539.054725,-100.0,-0.7376578018526104,0
-5.703697,33,10539.619047,-100.0,-0.6898386093682818,0
-5.525377,34,10540.199562,-100.0,-0.8561614158741861,0
-5.94586,34,10540.782013,-100.0,-0.6769987831537312,0
-5.643657,34,10541.36578,-100.0,-0.7601479198710729,0
-5.776316,33,10541.933986,-100.0,-0.7030669490753885,0
-5.762941,33,10542.501564,-100.0,-0.6680972466350199,0
-5.584468,33,10543.074166,-100.0,-0.7038886903623097,0
-5.198991,33,10668.144674,-100.0,-0.7982833908444134,0
-5.335694,34,10668.723256,-100.0,-0.7779088233189503,0
-5.882146,33,10669.285527,-100.0,-0.6916982380555028,0
-5.228008,33,10669.851791,-100.0,-0.7840520743022854,0
-5.222483,32,10670.397057,-100.0,-0.8385611491486384,0
-5.268676,33,10670.965472,-100.0,-0.7458857036303237,0
-6.316584,36,10671.584815,-100.0,-0.6021741467900117,0
-5.516432,33,10672.158485,-100.0,-0.690205769204504,0
-5.502752,33,10672.71608,-100.0,-0.7375230190771939,0
-5.704546,36,10673.335219,-100.0,-0.7794036923155679,0
-5.676219,43,10674.074435,-100.0,-0.73923814645126,0
-5.246398,33,10674.643481,-100.0,-0.8032351499085729,0
-6.033668,33,10675.215699,-100.0,-0.6107595839683262,0
-5.928948,34,10675.787645,-100.0,-0.7032932645454607,0
-5.385718,34,10676.370456,-100.0,-0.7274815707564851,0
-5.545052,32,10676.914085,-100.0,-0.7530828712059112,0
-5.293473,32,10677.466885,-100.0,-0.8547867178889478,0
-5.395046,33,10678.026407,-100.0,-0.7445215251203336,0
-5.436505,33,10678.596322,-100.0,-0.7942447971590408,0
-5.234014,33,10679.141407,-100.0,-0.9001950863144684,0
-5.372659,38,10679.797405,-100.0,-0.791523712089979,0
-5.676208,34,10680.375591,-100.0,-0.6815444610099725,0
-5.338307,33,10680.947057,-100.0,-0.8311272686212309,0
-5.357357,33,10681.506445,-100.0,-0.7996422098785798,0
-5.574558,36,10682.117591,-100.0,-0.7271864011901754,0
-5.736191,34,10682.702571,-100.0,-0.6584358102497377,0
-5.262421,33,10683.281384,-100.0,-0.7924572927289505,0
-5.849671,33,10683.83294,-100.0,-0.693120299469255,0
-6.020152,48,10684.642114,-100.0,-0.7226867785889423,0
-5.254582,35,10685.236285,-100.0,-0.9174641920789384,0
-5.650616,38,10685.889302,-100.0,-0.673897574633702,0
-5.489057,33,10686.452534,-100.0,-0.7781568912336249,0
-5.243215,33,10687.019171,-100.0,-0.8044887699648222,0
-5.465448,34,10687.603982,-100.0,-0.7403007029548829,0
-5.622837,33,10688.169182,-100.0,-0.6711520926653959,0
-6.348417,61,10689.205724,-100.0,-0.7922373042739802,0
-5.667287,32,10689.755174,-100.0,-0.7833304054274977,0
-5.252417,32,10690.307424,-100.0,-0.7576405138603871,0
-5.502979,34,10690.893388,-100.0,-0.7892715729512725,0
-5.567573,33,10691.458101,-100.0,-0.64357909030221,0
-5.485933,33,10692.022618,-100.0,-0.722797982933749,0
-5.570279,33,10692.582987,-100.0,-0.6350077430079232,0
-5.712927,36,10693.195728,-100.0,-0.6706229029284678,0
-5.392219,33,10693.769049,-100.0,-0.7691001532666738,0
-5.759354,33,10694.3236,-100.0,-0.6661800458291296,0
-5.590738,34,10694.907766,-100.0,-0.7406932586976527,0
-5.844607,34,10695.482867,-100.0,-0.7023666166862395,0
-5.361906,33,10696.05297,-100.0,-0.7717714642931105,0
-5.166474,33,10696.610565,-100.0,-0.8449781354087341,0
-5.319021,33,10697.18777,-100.0,-0.8652449923020188,0
-5.613101,34,10697.772243,-100.0,-0.6900333379560792,0
-5.673526,33,10698.33127,-100.0,-0.7223785113030097,0
-5.343912,33,10698.890838,-100.0,-0.7395873145698084,0
-5.656129,35,10699.481061,-100.0,-0.775689177908665,0
-5.596083,35,10700.084687,-100.0,-0.6831794963842782,0
-6.010557,34,10700.671032,-100.0,-0.6856679975518712,0
-5.352641,32,10701.220023,-100.0,-0.8129039736043564,0
-5.485427,33,10701.775628,-100.0,-0.7871716987622389,0
-5.755464,38,10702.421587,-100.0,-0.7551941580948162,0
-5.343566,33,10832.659086,-100.0,-0.7100979687218345,0
-5.643205,33,10833.21874,-100.0,-0.687365141043717,0
-5.309789,32,10833.767551,-100.0,-0.8397026452511849,0
-5.626188,33,10834.326763,-100.0,-0.6977682481564315,0
-5.390086,32,10834.875166,-100.0,-0.8306324526729413,0
-5.808675,33,10835.432635,-100.0,-0.7863958907683547,0
-5.448265,34,10836.025175,-100.0,-0.7758214726067033,0
-5.760171,33,10836.587074,-100.0,-0.7003014940910918,0
-5.81893,33,10837.150859,-100.0,-0.6990922841539522,0
-5.620449,32,10837.695601,-100.0,-0.7675117874782369,0
-5.354805,33,10838.26461,-100.0,-0.7890570395444211,0
-5.198461,32,10838.819692,-100.0,-0.8204049593302913,0
-5.313264,33,10839.373505,-100.0,-0.7690538405125162,0
-5.76847,33,10839.936433,-100.0,-0.7033878026087361,0
-6.030343,40,10840.606602,-100.0,-0.6620128868441798,0
-5.916533,34,10841.195285,-100.0,-0.6752572142849734,0
-5.743963,33,10841.753887,-100.0,-0.6802004126254654,0
-5.2643,33,10842.525085,-100.0,-0.8234750725697448,0
-5.721395,33,10843.096106,-100.0,-0.7106580233671675,0
-5.30278,32,10843.628356,-100.0,-0.8325047579454545,0
-5.497152,33,10844.188541,-100.0,-0.7354669001216078,0
-5.319818,34,10844.777837,-100.0,-0.7650811794227549,0
-5.361938,34,10845.36955,-100.0,-0.8473909960394235,0
-5.538777,33,10845.926445,-100.0,-0.751844064313637,0
-5.652009,35,10846.544118,-100.0,-0.7421733632848079,0
-5.707265,33,10847.104931,-100.0,-0.711492373626373,0
-5.224047,33,10847.667203,-100.0,-0.8349394739043071,0
-5.363401,33,10848.231462,-100.0,-0.7742877757320415,0
-5.451905,33,10848.801047,-100.0,-0.7921596539513805,0
-5.548537,34,10849.390445,-100.0,-0.6965909595492273,0
-5.74915,37,10850.029136,-100.0,-0.6882983114540461,0
-5.445531,33,10850.588059,-100.0,-0.7284032431462948,0
-5.399816,34,10851.170274,-100.0,-0.818202724342498,0
-5.438993,36,10851.788364,-100.0,-0.7510574821171041,0
-5.389722,33,10852.350238,-100.0,-0.7727362635591088,0
-5.536236,34,10852.933095,-100.0,-0.7337157327887863,0
-5.736177,33,10853.498061,-100.0,-0.701773060588507,0
-5.632095,34,10854.08602,-100.0,-0.6521455079686783,0
-5.23585,32,10854.632149,-100.0,-0.8715435856664312,0
-5.748215,34,10855.222714,-100.0,-0.644936473961214,0
-5.791734,33,10855.775237,-100.0,-0.6665749675637664,0
-5.526303,34,10856.35848,-100.0,-0.7644104829207224,0
-5.425282,32,10856.899802,-100.0,-0.7965496174902862,0
-5.373235,33,10857.459024,-100.0,-0.7799299509520657,0
-5.733243,34,10858.047656,-100.0,-0.6939956026174442,0
-5.846116,35,10858.643467,-100.0,-0.6736654879635515,0
-5.45031,33,10859.20946,-100.0,-0.725472160415914,0
-5.416497,33,10859.764546,-100.0,-0.6245497031469153,0
-5.653137,33,10860.333429,-100.0,-0.6757310114682832,0
-5.305585,32,10860.884628,-100.0,-0.8402415325967566,0
-5.823989,37,10861.513093,-100.0,-0.6776295521573547,0
-5.7524,33,10862.074501,-100.0,-0.7252436997879748,0
-5.438413,33,10862.63168,-100.0,-0.7976355463136928,0
-5.428657,33,10863.188613,-100.0,-0.7615620783480455,0
-5.417342,33,10863.758912,-100.0,-0.7271127351774344,0
-5.5032,34,10864.334606,-100.0,-0.7742944902147669,0
-5.591973,35,10864.936296,-100.0,-0.6860433505438649,0
-5.547143,36,10865.545619,-100.0,-0.6872828030156953,0
-5.536497,34,10866.121715,-100.0,-0.6978596692714186,0
-5.473737,33,10866.692206,-100.0,-0.7163093280346803,0
-5.592462,33,10867.240561,-100.0,-0.7348149604453031,0
-5.53268,33,11001.306801,-100.0,-0.6765790114412523,0
-5.986441,36,11001.925192,-100.0,-0.7275982400578616,0
-5.45272,35,11002.519414,-100.0,-0.784967797793828,0
-5.503106,34,11003.088689,-100.0,-0.72549260175404,0
-5.262059,32,11003.643204,-100.0,-0.8363140011277939,0
-5.726441,33,11004.194453,-100.0,-0.6983981212805627,0
-5.772958,34,11004.774788,-100.0,-0.6832611618422811,0
-5.247976,32,11005.325795,-100.0,-0.8018399035086381,0
-5.478408,33,11005.888814,-100.0,-0.711730251752633,0
-5.287255,33,11006.446114,-100.0,-0.8106611233836674,0
-5.485921,33,11007.007734,-100.0,-0.7361812511638707,0
-5.49756,34,11007.590107,-100.0,-0.7770809933301188,0
-5.449319,37,11008.216451,-100.0,-0.7958709200928963,0
-5.137928,32,11008.766135,-100.0,-0.8049809286652293,0
-5.027949,32,11009.304526,-100.0,-0.8940186749798474,0
-5.220914,32,11009.843457,-100.0,-0.8767215800440281,0
-5.45867,33,11010.409678,-100.0,-0.7556687964152512,0
-5.609855,33,11010.972407,-100.0,-0.7461239766117967,0
-5.612824,32,11011.515257,-100.0,-0.6924341789052797,0
-5.084025,34,11012.090159,-100.0,-0.846718860604159,0
-5.17017,34,11012.665746,-100.0,-0.7872353739554223,0
-5.745697,36,11013.286536,-100.0,-0.6783980506884483,0
-5.166013,32,11013.831098,-100.0,-0.8608029794775574,0
-5.273809,33,11014.401704,-100.0,-0.8325961679206567,0
-5.890144,38,11015.040564,-100.0,-0.682415349622856,0
-5.800523,34,11015.613791,-100.0,-0.7047422290099228,0
-5.560639,33,11016.181176,-100.0,-0.7648473237883363,0
-5.932284,38,11016.834724,-100.0,-0.6817513199420662,0
-5.286559,32,11017.380858,-100.0,-0.7643182226112291,0
-5.531435,33,11017.937033,-100.0,-0.6966108095513223,0
-5.644641,33,11018.50472,-100.0,-0.7247909547831228,0
-5.495005,33,11019.070385,-100.0,-0.6650682244350853,0
-5.819941,33,11019.627843,-100.0,-0.6634616839985681,0
-5.490809,33,11020.185483,-100.0,-0.7335657360954723,0
-5.306488,32,11020.735745,-100.0,-0.8481731884140294,0
-5.683123,34,11021.3094,-100.0,-0.6854347186974161,0
-5.92474,35,11021.910517,-100.0,-0.6902535261836891,0
-5.46501,33,11022.472347,-100.0,-0.72257969155131,0
-5.458944,33,11023.033889,-100.0,-0.7277123226611588,0
-5.707413,33,11023.590138,-100.0,-0.6869080628687892,0
-5.25466,32,11024.138349,-100.0,-0.8331398119349236,0
-5.531978,33,11024.706873,-100.0,-0.7520914903433236,0
-5.369771,33,11025.271846,-100.0,-0.7676729845888577,0
-5.283737,33,11025.833108,-100.0,-0.8326097694555346,0
-5.252388,32,11026.37882,-100.0,-0.7589881193847006,0
-5.443138,33,11026.941832,-100.0,-0.7062104601590437,0
-5.615989,34,11027.51414,-100.0,-0.666299250994758,0
-5.206858,33,11028.085784,-100.0,-0.8095985938330399,0
-5.315233,33,11028.633678,-100.0,-0.7699225252018715,0
-5.392091,33,11029.195935,-100.0,-0.7949346998760233,0
-5.891541,33,11029.755878,-100.0,-0.6985280635055229,0
-5.275188,33,11030.326807,-100.0,-0.8012629088380783,0
-5.539906,36,11030.943357,-100.0,-0.7558168241865402,0
-5.835571,34,11031.52218,-100.0,-0.6831631347950844,0
-5.10341,32,11032.063461,-100.0,-0.8423788680078216,0
-5.647418,34,11032.642083,-100.0,-0.6928515919361546,0
-5.612689,34,11033.225259,-100.0,-0.7959388570520222,0
-5.156476,33,11033.785427,-100.0,-0.8714815261762398,0
-5.422448,33,11034.349839,-100.0,-0.7582170753502094,0
-5.282886,34,11034.921329,-100.0,-0.7876868025313977,0
-5.806269,34,11035.51008,-100.0,-0.6801922963330457,0
-5.699752,36,11173.492214,-100.0,-0.6520525410347676,0
-5.172841,34,11174.07437,-100.0,-0.8223432589053448,0
-5.510349,34,11174.667594,-100.0,-0.6852034217169757,0
-5.079238,32,11175.213355,-100.0,-0.8146170031971406,0
-5.348683,34,11175.809219,-100.0,-0.7040086750007446,0
-5.5697,33,11176.37212,-100.0,-0.7355111858913237,0
-5.25284,34,11176.963151,-100.0,-0.7477184673402016,0
-5.451562,33,11177.533598,-100.0,-0.7080549675870155,0
-5.255029,32,11178.094416,-100.0,-0.842538168952041,0
-5.73857,33,11178.656774,-100.0,-0.6922823866438287,0
-5.461782,33,11179.231524,-100.0,-0.6896159064588617,0
-5.676169,33,11179.800406,-100.0,-0.6565556448047163,0
-5.38164,33,11180.375292,-100.0,-0.7388984977941806,0
-5.890341,33,11180.94495,-100.0,-0.688704017947328,0
-5.439087,33,11181.510875,-100.0,-0.7943745037943916,0
-5.549138,33,11182.082064,-100.0,-0.6490236822297848,0
-5.755781,34,11182.661601,-100.0,-0.6668725157152905,0
-5.663015,33,11183.241429,-100.0,-0.6896537679605613,0
-5.19904,32,11183.786617,-100.0,-0.7942952107558939,0
-5.534216,33,11184.365596,-100.0,-0.7282681727970627,0
-5.549661,33,11184.944113,-100.0,-0.6763137239891615,0
-5.621575,33,11185.510873,-100.0,-0.6723871482572743,0
-5.48318,33,11186.090889,-100.0,-0.8097766441842157,0
-5.389516,33,11186.653356,-100.0,-0.7859678652352717,0
-5.319091,35,11187.254714,-100.0,-0.8742755777595175,0
-5.629954,33,11187.820352,-100.0,-0.6283767190019146,0
-6.048753,51,11188.707515,-100.0,-0.8427430888128473,0
-5.578484,34,11189.302872,-100.0,-0.6847287092257316,0
-5.177882,32,11189.843459,-100.0,-0.8115827007943266,0
-5.380579,40,11190.522668,-100.0,-0.7730240458052656,0
-5.445423,33,11191.083847,-100.0,-0.7354626677164182,0
-5.704429,36,11191.692046,-100.0,-0.7333542154529338,0
-5.184859,33,11192.258024,-100.0,-0.7663430414930529,0
-5.667952,33,11192.826618,-100.0,-0.6691295806456939,0
-5.265123,35,11193.423965,-100.0,-0.8909140373983071,0
-5.286649,33,11193.986361,-100.0,-0.7969134039725441,0
-5.206065,32,11194.535259,-100.0,-0.7619500463323144,0
-5.567335,34,11195.112989,-100.0,-0.7377051822514279,0
-5.5533,33,11195.679587,-100.0,-0.5844905982552777,0
-5.457052,37,11196.295317,-100.0,-0.7992521116455508,0
-5.717639,33,11196.86158,-100.0,-0.6455414650060723,0
-5.140431,32,11197.419425,-100.0,-0.8436154831641873,0
-5.632908,33,11197.981817,-100.0,-0.6361968750446841,0
-5.720115,36,11198.592451,-100.0,-0.7143147824838498,0
-5.469574,33,11199.155776,-100.0,-0.7400431306037846,0
-5.645163,33,11199.726367,-100.0,-0.6958301947075568,0
-5.679112,33,11200.292955,-100.0,-0.6871507521690736,0
-5.628309,33,11200.857965,-100.0,-0.6184750237725727,0
-5.19642,32,11201.404004,-100.0,-0.8667956014030539,0
-5.292452,32,11201.950073,-100.0,-0.7412931867788507,0
-5.632056,33,11202.52146,-100.0,-0.6867437014480458,0
-5.552174,33,11203.085742,-100.0,-0.7136148811871401,0
-5.680787,38,11203.728739,-100.0,-0.7322654378397465,0
-5.273435,33,11204.294863,-100.0,-0.7814801735950754,0
-5.349689,33,11204.862051,-100.0,-0.7698620740435217,0
-5.321628,32,11205.404852,-100.0,-0.7937897575693459,0
-5.27721,33,11205.967666,-100.0,-0.8100738680804042,0
-5.93604,33,11206.529777,-100.0,-0.6905439707355103,0
-5.636961,33,11207.100883,-100.0,-0.6819182889447021,0
-5.75384,33,11207.664529,-100.0,-0.6805437313101703,0
-5.638392,33,11208.228409,-100.0,-0.6725567329786651,0
-5.589757,33,11343.952518,-100.0,-0.6877833872867802,0
-5.314076,33,11344.513131,-100.0,-0.7571581835627655,0
-5.262534,32,11345.06201,-100.0,-0.8174449326872212,0
-5.84326,34,11345.623029,-100.0,-0.6826894657400887,0
-5.629735,33,11346.191117,-100.0,-0.6860789741700548,0
-5.626946,34,11346.762818,-100.0,-0.6836301770747452,0
-5.431485,33,11347.331064,-100.0,-0.7507471657193366,0
-5.357723,33,11347.890612,-100.0,-0.7877455394565516,0
-5.499288,33,11348.661555,-100.0,-0.7396678241072084,0
-5.69118,33,11349.229991,-100.0,-0.7033822244972404,0
-5.055107,32,11349.779607,-100.0,-0.849153948822064,0
-5.645799,33,11350.337027,-100.0,-0.6945797240920949,0
-5.518215,33,11350.902961,-100.0,-0.6878157714382326,0
-5.368854,33,11351.472082,-100.0,-0.7137672846163277,0
-5.612025,33,11352.032364,-100.0,-0.6814184887225341,0
-5.263312,32,11352.574843,-100.0,-0.767286417937462,0
-5.707759,33,11353.138331,-100.0,-0.6469143964185691,0
-5.313886,34,11353.716331,-100.0,-0.7831375694490633,0
-5.159133,33,11354.282114,-100.0,-0.8494801314410328,0
-5.137962,32,11354.826972,-100.0,-0.8605106178966077,0
-5.488628,34,11355.408489,-100.0,-0.7759059220548322,0
-5.727548,40,11356.089897,-100.0,-0.6403641455454957,0
-5.300749,32,11356.631819,-100.0,-0.7881283332820631,0
-5.622661,35,11357.228664,-100.0,-0.7468187014225623,0
-5.292759,33,11357.798764,-100.0,-0.7585298496878118,0
-5.528231,33,11358.358525,-100.0,-0.7356526249870035,0
-5.093214,33,11358.925151,-100.0,-0.8362512965028387,0
-5.273911,33,11359.48331,-100.0,-0.8516959341788197,0
-5.614285,34,11360.058401,-100.0,-0.6607406371482807,0
-5.223986,34,11360.640401,-100.0,-0.8314970783316005,0
-5.524387,33,11361.199814,-100.0,-0.7222289225694534,0
-5.637078,33,11361.761478,-100.0,-0.6642176699986396,0
-5.769345,33,11362.320812,-100.0,-0.7209302277314805,0
-5.540198,33,11362.883556,-100.0,-0.6532846889880038,0
-5.197833,32,11363.431432,-100.0,-0.8747694952607834,0
-5.327563,35,11364.023309,-100.0,-0.889657709730677,0
-5.271004,33,11364.582752,-100.0,-0.7857937822852752,0
-5.623024,33,11365.147715,-100.0,-0.7057823606495656,0
-5.380339,33,11365.707097,-100.0,-0.7392183286209241,0
-5.17782,32,11366.262867,-100.0,-0.8764712512369877,0
-5.389759,33,11366.81361,-100.0,-0.7683852417325964,0
-5.407795,33,11367.381599,-100.0,-0.7761777850778797,0
-5.227819,32,11367.9344,-100.0,-0.838730210242241,0
-5.735678,40,11368.607698,-100.0,-0.6830602165753287,0
-5.537352,33,11369.165137,-100.0,-0.7068982920768969,0
-5.576654,34,11369.746614,-100.0,-0.7127544991462079,0
-5.501823,33,11370.315579,-100.0,-0.7269114108859501,0
-5.28888,32,11370.860002,-100.0,-0.8185617159084739,0
-5.68787,33,11371.416309,-100.0,-0.7279730770881028,0
-5.736767,33,11371.9933,-100.0,-0.6665317935911897,0
-5.585602,38,11372.619778,-100.0,-0.7169955485328294,0
-5.573493,34,11373.201667,-100.0,-0.6650398178998213,0
-5.310438,35,11373.794892,-100.0,-0.8103512724009104,0
-5.816598,33,11374.360803,-100.0,-0.6777720111937847,0
-5.24283,34,11374.931355,-100.0,-0.8045999196893173,0
-5.35626,33,11375.492514,-100.0,-0.8568217041753775,0
-5.405364,33,11376.051311,-100.0,-0.7675876343019492,0
-5.454981,33,11376.618951,-100.0,-0.744197876184307,0
-5.408664,33,11377.185571,-100.0,-0.7255581779784254,0
-5.406273,35,11377.777414,-100.0,-0.8540804028063066,0
-5.344163,32,11378.321784,-100.0,-0.7437630037916613,0
