#{"t_start": 1783342672.2103662, "env_id": "Hopper-v5"}
r,l,t,original_env_reward,generated_reward,reward_error_count
-6.526968,21,1.442972,-1.0250750624845717,-0.7225840840253522,0
-8.062434,23,1.482635,-0.9869276062714477,-0.5548814197294657,0
-5.870142,28,1.53245,-0.7366931216965336,-0.5462271905712479,0
-7.10695,22,1.572369,-0.9319481941834842,-0.5464480020003055,0
-6.339738,22,1.612882,-0.8556798887815327,-0.5648248810221984,0
-9.184188,35,1.679235,-0.5959988975183651,-0.3658793108741546,0
-7.195663,25,1.733294,-0.7876725626622144,-0.48803977997177905,0
-4.24061,15,1.76205,-0.8275365761589691,-0.5438010732853452,0
-8.959741,26,1.812766,-0.8608982905155549,-0.5192892128143782,0
-13.910367,39,1.891124,-0.8909705308649281,-0.46441992849418534,0
-8.898037,27,1.945354,-0.9246289888245206,-0.5246886355663678,0
-8.539827,26,1.996877,-0.9035601944263874,-0.5021843702587312,0
-8.49602,24,2.05089,-1.0098414347440483,-0.5973455372876131,0
-12.613664,31,2.11278,-0.9886792173205206,-0.5498250385086788,0
-8.906619,32,2.194473,-0.8836486073888655,-0.4946056337434874,0
-10.685164,35,2.306017,-0.7180874183162389,-0.40506432623058647,0
-5.134982,17,2.360609,-0.8970882182000116,-0.5259519253793286,0
-8.711986,25,2.448694,-0.9755389923424782,-0.5489344702729203,0
-9.687572,26,2.525821,-1.0433678331583227,-0.7281766631927056,0
-3.833669,12,2.556984,-0.8908142536397579,-0.67243850077952,0
-8.046106,26,3.128262,-0.7074487394697908,-0.4176418387081235,0
-8.073625,22,3.171787,-1.087947341959659,-0.6275108806705892,0
-10.406044,30,3.231311,-0.9810041614270169,-0.5558212270878315,0
-8.655582,27,3.284926,-0.8737388498480463,-0.6302892466205149,0
-8.427522,28,3.339847,-0.8782032903886587,-0.5702557913533484,0
-10.872807,35,3.409654,-0.7427585819083357,-0.48150342812372393,0
-5.930669,19,3.440133,-1.0346229365023876,-0.6613326489861292,0
-4.240777,13,3.461177,-1.0406286732564436,-0.790370674351187,0
-4.031191,15,3.486611,-0.9184432380356718,-0.6441079972127457,0
-10.357625,33,3.546932,-0.798950042892633,-0.5376974624151867,0
-7.152356,32,3.606206,-0.8097143384315706,-0.5265978567379443,0
-5.533315,19,3.648615,-0.8800278040805799,-0.5114136393867796,0
-8.681923,41,3.731876,-0.6915720757971856,-0.4444195976266905,0
-9.978022,28,3.78739,-0.9773808467495323,-0.5404248922733117,0
-4.018991,13,3.812345,-0.8384705093575392,-0.5711130744899642,0
-8.029619,21,3.85033,-1.1136706686204358,-0.6348565348656663,0
-9.026418,28,3.903077,-0.9081193764510784,-0.5099754303153046,0
-9.830223,26,3.952378,-1.0450937358419874,-0.5674961519883673,0
-7.84649,27,3.997552,-0.8312311656887987,-0.4767844431956122,0
-10.830554,29,4.045724,-1.050610966121611,-0.5629468749534552,0
-5.625146,20,4.481605,-0.9197915300274654,-0.5643280122559738,0
-4.141482,14,4.516408,-0.8742299283835554,-0.5776149904849572,0
-3.552803,14,4.549344,-0.8321168448359317,-0.5659658230712724,0
-4.008508,16,4.585096,-0.8513319054216811,-0.6454567032946071,0
-4.073812,13,4.613591,-0.8556091264683675,-0.5666606392214892,0
-7.038123,20,4.654342,-1.0336342567500965,-0.6212990988873046,0
-5.947835,21,4.692435,-0.798053427931865,-0.47968454133264593,0
-4.494656,14,4.717493,-0.8600636043895236,-0.4852804628544282,0
-4.599679,16,4.747398,-0.844634988115535,-0.5275937330223371,0
-3.722234,13,4.773605,-0.8224064480874298,-0.6193172177960977,0
-3.042618,12,4.801514,-0.6710899113440879,-0.5428311252146886,0
-4.054401,15,4.840544,-0.8136168783440109,-0.5415098599073258,0
-3.774073,15,4.882617,-0.7423364605294476,-0.49365452311103625,0
-3.754681,14,4.921761,-0.8255379256147357,-0.5692349799146164,0
-3.30923,13,4.956739,-0.8096463293528933,-0.6574655629101378,0
-6.358389,22,5.007602,-0.7368186763392905,-0.45092696695546736,0
-3.122955,13,5.037242,-0.7068126656984647,-0.6020899067072736,0
-9.905694,34,5.117896,-0.8015003760547983,-0.44769153861765026,0
-4.041946,15,5.152908,-0.8749173303500783,-0.5460529617942835,0
-3.813355,15,5.187101,-0.7882783802161999,-0.5406017549567756,0
-9.549674,28,5.253883,-1.0243717068650748,-0.5588941136053078,0
-6.098724,22,5.30583,-0.8320244021252656,-0.5202142493974976,0
-3.637625,15,5.34469,-0.7514712733839599,-0.4985853548840091,0
-4.026701,17,5.400355,-0.7759267787859991,-0.5266627694410014,0
-6.887688,27,5.488173,-0.8994687517000708,-0.6608074797721974,0
-10.584301,28,5.583166,-0.9340353977163709,-0.533170684437543,0
-10.401353,29,5.687343,-0.9466742198750131,-0.5295710155656653,0
-4.003424,15,5.739806,-0.7711737903489273,-0.4660851498238001,0
-8.803618,30,6.354231,-0.8369246114963815,-0.464926524780967,0
-7.696898,32,6.412736,-0.7659146814905721,-0.47132302987108277,0
-3.41327,14,6.437837,-0.7125365804440287,-0.46489162604868917,0
-3.854168,22,6.478752,-0.5185484469723781,-0.44914379026102114,0
-3.93026,16,6.509606,-0.8272001894026866,-0.5541220875358578,0
-3.273236,13,6.534584,-0.6803781161707634,-0.45772657666385297,0
-3.671214,15,6.563602,-0.7507529471125982,-0.5078192129331063,0
-4.335836,16,6.594507,-0.8174133633173885,-0.5333095056374716,0
-9.058842,25,6.643371,-1.0741052695750264,-0.6077288268565845,0
-8.996411,32,6.707616,-0.7511924698831082,-0.45186210956095163,0
-3.800744,14,6.735933,-0.7926931758433146,-0.5010540670884481,0
-9.145022,24,6.785356,-1.0816712359409797,-0.6066925111868443,0
-4.021429,16,6.81757,-0.74012166284407,-0.4806842261516037,0
-3.338541,14,6.84585,-0.7784342398740312,-0.5047055817715084,0
-10.00722,31,6.910556,-0.9103765743804095,-0.49569327414475883,0
-3.865314,15,6.941017,-0.808786993263116,-0.5042719114791481,0
-4.2897,15,6.971681,-0.8038561432853918,-0.4758334862822973,0
-4.331092,18,7.008166,-0.7556267968864088,-0.45563542012956615,0
-9.215061,32,7.074966,-0.8847640813693894,-0.5179089133224968,0
-4.773921,20,7.115774,-0.7681275204281206,-0.5654127484498035,0
-2.886134,11,7.138019,-0.6622704926135854,-0.5683815284919307,0
-3.180193,18,7.174926,-0.5927384703287442,-0.4920730832497011,0
-8.264381,23,7.222323,-1.094048030923971,-0.6152783881396918,0
-7.646428,22,7.267184,-1.0329918380415417,-0.5995082193336254,0
-3.25732,14,7.295497,-0.7711655603937437,-0.5501894578093004,0
-7.645296,31,7.874097,-0.785753812612499,-0.48457809497610516,0
-4.061272,16,7.902888,-0.7289742980798332,-0.4437069470654952,0
-3.216073,13,7.926382,-0.7411764756597363,-0.5375963349400656,0
-4.32473,17,7.956797,-0.7123207627022808,-0.44831720344116754,0
-8.820926,28,8.01186,-0.7340867487182602,-0.40591338176972147,0
-4.74146,19,8.049239,-0.7471494006736404,-0.48754325312340696,0
-3.651208,16,8.079493,-0.7221014189038613,-0.404136903553492,0
-4.009477,17,8.112157,-0.6848856166550839,-0.4629529458056715,0
-5.151986,27,8.16496,-0.44692590051754766,-0.3845812863116804,0
-3.099747,15,8.194505,-0.6947919572699702,-0.5086799935175612,0
-8.16569,24,8.242967,-1.08712695574002,-0.61791307550198,0
-3.543523,15,8.273165,-0.7630889342492715,-0.5089812846496101,0
-3.13615,14,8.301121,-0.7199333611583434,-0.5181294150296735,0
-4.266335,17,8.334904,-0.7178550557138796,-0.43280226904506075,0
-4.080393,19,8.373236,-0.6101267315760254,-0.40895698930022606,0
-8.962387,33,8.440162,-0.6875670809818334,-0.43843415751872694,0
-3.091165,13,8.466474,-0.6889517842392097,-0.4924188468797117,0
-8.675788,25,8.518265,-0.9583702463577358,-0.5555043803781025,0
-6.614136,24,8.567549,-0.6369075863839145,-0.3981437655265886,0
-3.942289,15,8.597745,-0.7834572714737815,-0.5388046486500796,0
-3.315638,12,8.62194,-0.7510079147793931,-0.5529451304699169,0
-4.258848,17,8.656228,-0.7972224540745894,-0.49705671424033127,0
-4.086446,17,8.690845,-0.7506731483375004,-0.4688698232757451,0
-4.036442,16,8.722819,-0.7130703853644248,-0.3964844895043252,0
-5.667515,21,8.766152,-0.7404136864880987,-0.43536826112291516,0
-4.154404,17,8.800905,-0.785017982059629,-0.4903582850559048,0
-10.586591,30,9.38121,-1.0237759627839067,-0.5761067943252557,0
-2.826839,12,9.402762,-0.6194526902719814,-0.4842343010148686,0
-5.105461,26,9.449792,-0.5859339749795894,-0.44464771034694317,0
-8.417484,30,9.506155,-0.8610633112921352,-0.48426706590309676,0
-4.329216,16,9.538536,-0.7128232725801348,-0.411910418586104,0
-4.288554,16,9.570905,-0.709392676051263,-0.41605013565551263,0
-5.979419,24,9.614225,-0.716749636807914,-0.5134547853939847,0
-3.055806,13,9.637425,-0.6322189943553551,-0.42698014322288114,0
-3.234842,15,9.664217,-0.699759464530995,-0.4902846848559983,0
-4.718446,20,9.699883,-0.6660853836922946,-0.408544504207881,0
-4.285957,18,9.741681,-0.6469861758130256,-0.4067907369236733,0
-4.787148,18,9.777355,-0.7377827571673533,-0.42953257481584106,0
-2.990843,11,9.798912,-0.6124566929925844,-0.47507314503479886,0
-3.685211,17,9.834932,-0.5665700219770028,-0.3465410270593284,0
-3.363594,14,9.864783,-0.6634545443428083,-0.4707536892130415,0
-2.89324,12,9.888674,-0.6072899977899157,-0.4659267870755654,0
-6.580596,26,9.950089,-0.7221680726642538,-0.4063775203131793,0
-3.526837,15,9.984548,-0.7037513842637114,-0.48119629149985643,0
-3.761664,18,10.025058,-0.5617274615854977,-0.42968643120825817,0
-3.233706,15,10.056579,-0.5793271874603224,-0.3803127495822235,0
-2.886558,12,10.081448,-0.6335553658441745,-0.5393686866076937,0
-3.767886,18,10.123037,-0.5002605055003385,-0.3451745641751695,0
-3.554017,17,10.158801,-0.5550090667118651,-0.36477140954565573,0
-3.005442,12,10.183768,-0.645466429317919,-0.46478218778731567,0
-3.912165,17,10.218993,-0.5917470014693931,-0.34177895883402243,0
-3.846687,22,10.264809,-0.4047843410541807,-0.32303600583140013,0
-2.619107,12,10.289525,-0.48620931033684195,-0.360988112115853,0
-3.684202,15,10.32031,-0.745700517724028,-0.46907538209960264,0
-3.864189,16,10.352098,-0.6425178680694614,-0.35428287283078197,0
-4.150661,18,10.38887,-0.6373706278074202,-0.4176590000192377,0
-3.075451,15,11.055958,-0.573724481142198,-0.34951552758640814,0
-3.754222,17,11.090737,-0.589790643924808,-0.3927365205246661,0
-4.046774,17,11.12495,-0.6029164969798408,-0.4584241736659773,0
-3.373718,16,11.157733,-0.6104756136782117,-0.42662487745970645,0
-3.338544,15,11.188015,-0.6505439476627801,-0.4225546121667969,0
-4.036112,16,11.220121,-0.728256134415093,-0.4690581936680529,0
-2.577342,14,11.248451,-0.50336920390103,-0.34057799764646896,0
-2.570192,14,11.274054,-0.5079744960209677,-0.39145523348318256,0
-3.019729,15,11.300785,-0.5309083706002597,-0.3607411009492276,0
-2.377958,12,11.322437,-0.4634431821554459,-0.3720294512051877,0
-2.566616,12,11.34341,-0.48851825611418653,-0.36984609769851584,0
-2.606176,14,11.368171,-0.47886953422228856,-0.36736652269791653,0
-3.325218,16,11.39773,-0.5691782675594346,-0.38421860737568425,0
-2.589657,15,11.426242,-0.3718101192256188,-0.2989808550975695,0
-2.373444,13,11.450564,-0.4515992358652588,-0.3883800999472997,0
-2.840937,12,11.473623,-0.5949808323508534,-0.4809152236144122,0
-3.581167,15,11.502238,-0.7015210152109919,-0.4449263126103028,0
-4.004643,17,11.535388,-0.6270197155628705,-0.3565019591189927,0
-3.160273,14,11.562729,-0.6060128616338137,-0.4527759490605052,0
-2.356979,14,11.590136,-0.37930216010343815,-0.29600527851177616,0
-2.878811,12,11.613443,-0.5895410198219362,-0.4565671944251172,0
-2.626862,12,11.636949,-0.4871294612520633,-0.42633738613575467,0
-3.290114,17,11.670475,-0.5725134452230785,-0.3717024127851798,0
-2.770353,13,11.69617,-0.5185349350485963,-0.36709446816325103,0
-4.737423,24,11.744759,-0.6639956184015171,-0.40371700302391444,0
-6.51636,23,11.790772,-0.9032858819224475,-0.5078286587928369,0
-3.695696,16,11.822604,-0.6099643825684843,-0.42619883032692935,0
-2.891786,13,11.848578,-0.5721823098064507,-0.42640061965501996,0
-2.639529,15,11.87957,-0.42628421092371055,-0.333967110610781,0
-3.124005,15,11.919713,-0.5859525304719598,-0.4228756351689968,0
-4.836083,24,11.987884,-0.6213058003858832,-0.48636142506950364,0
-3.446145,16,12.032436,-0.6180315449195148,-0.4124658187001472,0
-3.047205,14,12.071631,-0.6100250027518588,-0.4238877239712433,0
-2.509805,13,12.107702,-0.4291511651469913,-0.42019455242506987,0
-2.873331,16,12.681287,-0.45517608841229473,-0.33572610720802387,0
-2.346804,12,12.702935,-0.407834010624622,-0.3454419594938697,0
-2.834921,15,12.729576,-0.4996523897930838,-0.3199756733011241,0
-2.610697,16,12.757228,-0.3291299753293344,-0.29223041841276853,0
-2.924551,14,12.782634,-0.46450051232080175,-0.29902916107920174,0
-3.229247,15,12.810502,-0.6005252897407756,-0.40374426931098006,0
-2.110049,12,12.832239,-0.2548436346098599,-0.27006034012177593,0
-2.890092,14,12.858738,-0.5220598212914189,-0.29806838695889426,0
-3.355895,13,12.883636,-0.6045015910384546,-0.3862016056763064,0
-2.929232,13,12.908462,-0.5045543216819892,-0.3741664187001443,0
-3.160846,15,12.938823,-0.5031017205562027,-0.3049241557195349,0
-2.292847,13,12.970025,-0.3020144813063405,-0.25520498522022717,0
-3.011347,16,13.009792,-0.41793990069833625,-0.30309102372737873,0
-2.849327,14,13.04054,-0.4979619031177577,-0.33847817356477733,0
-2.335674,13,13.065513,-0.3755386384186648,-0.2845292949300573,0
-2.271412,14,13.092771,-0.3192018574820791,-0.2548134378099326,0
-2.85644,13,13.11795,-0.5549424233191453,-0.38872140923855936,0
-2.454704,13,13.143046,-0.5005481663100115,-0.4048237153079535,0
-2.551023,13,13.170305,-0.4156710259557272,-0.27270044094250273,0
-3.720352,16,13.204079,-0.6941143702519722,-0.4395416629548906,0
-1.92103,14,13.2333,-0.2435586399155694,-0.24150123579853294,0
-2.930321,15,13.265174,-0.534837791450007,-0.3723960207706696,0
-4.210614,19,13.296938,-0.42602419291671945,-0.28229571762750977,0
-2.770601,15,13.321543,-0.38071658360238736,-0.3312377895235715,0
-2.701645,14,13.344339,-0.5450819497510193,-0.40731458369168083,0
-3.267593,18,13.374842,-0.45707547430826945,-0.30842309804706286,0
-2.230593,15,13.400092,-0.31781182535003033,-0.3074304559683295,0
-3.221295,16,13.427293,-0.4915673890424898,-0.3204884732967691,0
-2.130582,16,13.454256,-0.23340856201800794,-0.19604595085711873,0
-2.89094,16,13.480922,-0.4800371974186797,-0.33775360987091474,0
-2.83667,16,13.508185,-0.3671995578067219,-0.27234198499549334,0
-3.073048,14,13.53985,-0.6352103750109459,-0.43441786196502663,0
-2.319832,15,13.578073,-0.40397290830806604,-0.36659960631592947,0
-2.807993,15,13.618937,-0.4539216735636088,-0.3565189265904686,0
-2.638082,15,13.662312,-0.43068958557279785,-0.26832882690267484,0
-2.502786,11,14.212566,-0.39547089907333094,-0.4364440756134711,0
-2.819637,15,14.238756,-0.4022071280872333,-0.28024918773452845,0
-2.378778,16,14.266746,-0.27891826617859744,-0.25026756464157607,0
-2.516861,14,14.290841,-0.42768366683322284,-0.3292140374199687,0
-1.935923,14,14.315031,-0.2719477306779852,-0.26579520515888705,0
-2.690867,13,14.338452,-0.4972744507451745,-0.3867980395039651,0
-2.124502,14,14.363452,-0.2322746848851791,-0.29290595044074763,0
-2.449293,15,14.390622,-0.3071288167613678,-0.2557330385766184,0
-2.840446,14,14.415195,-0.5783382783033715,-0.39784136378149115,0
-2.901171,16,14.442899,-0.4143864755183253,-0.33220203752485755,0
-1.842525,15,14.469603,-0.270814422480012,-0.2758668221819285,0
-2.243329,16,14.497762,-0.2638811093762721,-0.23948916443960977,0
-4.150253,19,14.530911,-0.5008008740003218,-0.37011751569970913,0
-2.886316,15,14.55715,-0.5044810116546653,-0.3527074763066278,0
-2.987025,14,14.581747,-0.5625861353531115,-0.38532519412484534,0
-2.442835,13,14.603631,-0.3955191436127193,-0.33131206422663506,0
-2.760718,13,14.625629,-0.49456003022110945,-0.34285565565988807,0
-2.858101,15,14.651336,-0.4256506027283279,-0.35726351365844855,0
-2.739569,14,14.674537,-0.4801412556326189,-0.36509009250304797,0
-2.165786,14,14.698472,-0.3148411354019677,-0.27136813311829805,0
-2.674023,14,14.722273,-0.4577561951234381,-0.4000283916183864,0
-2.762758,13,14.750551,-0.5094996757107226,-0.36173944876750064,0
-2.931282,16,14.790693,-0.399746756779265,-0.3086921001606685,0
-2.877707,15,14.83137,-0.4977544408926936,-0.31165692709063364,0
-2.884811,14,14.87088,-0.4845259169950981,-0.31941986117982796,0
-2.34295,12,14.905742,-0.3490957223653569,-0.30102108888077184,0
-2.985105,13,14.946373,-0.5517500645573844,-0.3483608473370685,0
-2.46114,14,14.990743,-0.38188151193042025,-0.24231273194264347,0
-2.918642,16,15.042205,-0.44922418073775505,-0.31480620548827826,0
-2.690358,18,15.089674,-0.3770829323389117,-0.31923446907225606,0
-3.996284,24,15.132213,-0.5145627361253408,-0.37753376909474684,0
-2.232415,14,15.156679,-0.2878427135896353,-0.2819809449069921,0
-2.675969,15,15.182737,-0.46204942278681926,-0.2951217021976359,0
-2.719819,12,15.203578,-0.4633304175304531,-0.38410427644238876,0
-2.662891,14,15.228735,-0.5700371270838158,-0.38174810763096656,0
-2.137933,14,15.901919,-0.32090459171649355,-0.28995694975778685,0
-2.03038,14,15.932926,-0.1683569939816992,-0.20580322985258376,0
-1.675468,15,15.966107,-0.07683768901065559,-0.27063402825695937,0
-2.279676,13,15.995221,-0.29537575459672344,-0.239682490245504,0
-1.853919,13,16.023831,-0.17116771498074243,-0.1951477195672836,0
-2.074462,12,16.050623,-0.29085462671906887,-0.29962840771742594,0
-1.794129,15,16.083635,-0.12416306222581708,-0.2149348440004316,0
-1.979421,11,16.106773,-0.19908573928213175,-0.22272766213478754,0
-2.141826,15,16.139706,-0.2626577606227624,-0.27640598183064297,0
-2.460521,14,16.170791,-0.37487692670411304,-0.28847694849633837,0
-2.194192,13,16.195094,-0.29123248846926153,-0.2558657874243577,0
-2.001021,13,16.218233,-0.235220761553001,-0.24752353256647483,0
-2.742916,13,16.240644,-0.46737527442680565,-0.3164834206284571,0
-1.788754,16,16.279023,-0.193075389193413,-0.22863691622363969,0
-1.929683,14,16.314863,-0.1741774772893369,-0.20564400046559758,0
-2.145908,13,16.349272,-0.2515659398568509,-0.24632770040679608,0
-2.36176,13,16.386581,-0.29962563779947177,-0.24583159547763156,0
-2.317994,14,16.428945,-0.3495553147804045,-0.28549568240656575,0
-3.56641,15,16.475014,-0.6510355002384384,-0.418002837291019,0
-1.951236,13,16.515197,-0.1883168707406853,-0.18439249030747368,0
-3.982677,18,16.573676,-0.5882217987141529,-0.4303430535112629,0
-2.30049,15,16.622719,-0.30410063755446864,-0.2884542898613657,0
-1.836102,13,16.665154,-0.1636808666238728,-0.22966805776498678,0
-2.312794,13,16.707905,-0.35762986853983636,-0.34205763119598154,0
-3.062186,15,16.755616,-0.4889735730743475,-0.3588389055245255,0
-2.544246,13,16.797969,-0.4512106443590636,-0.40737243123559824,0
-2.381987,13,16.840753,-0.31654302032675063,-0.2834331887943887,0
-2.047125,17,16.896861,-0.1730073342008214,-0.16169980663522476,0
-1.980684,16,16.952367,-0.21206630445386393,-0.25067250964883714,0
-2.166675,14,17.001279,-0.29604026293914265,-0.28368122445828725,0
-2.233125,12,17.042977,-0.31781566260304234,-0.2864688878386916,0
-2.357083,16,17.099105,-0.26449607334708997,-0.2311668149180442,0
-2.002416,12,17.140512,-0.17909141411904508,-0.22823331292559162,0
-1.94688,15,17.192774,-0.13169342173638118,-0.15419403768500614,0
-2.82248,21,17.26687,-0.16727727416515997,-0.14472483629730143,0
-1.831105,12,17.309405,-0.15033995600377276,-0.27495342323990357,0
-1.876682,13,17.969119,-0.14948517790472016,-0.21408944089879495,0
-2.105796,11,17.989401,-0.2573843012209177,-0.25745709668450034,0
-2.064708,13,18.011675,-0.23068261649381322,-0.280646110463619,0
-1.846331,13,18.034038,-0.20290896531576802,-0.23668948126213024,0
-1.918014,14,18.058185,-0.21584585045839474,-0.27821984535174327,0
-1.928951,17,18.088383,-0.15811686543137965,-0.17446952308237612,0
-1.882682,15,18.115846,-0.11129654376080796,-0.2501435453247032,0
-3.758086,17,18.146955,-0.5388340157027576,-0.3963410725806774,0
-1.885607,15,18.173085,-0.13646273805381132,-0.21870813321267302,0
-1.887987,14,18.19744,-0.13892576883727895,-0.12666640439073512,0
-2.41893,15,18.223403,-0.23417214103873749,-0.2380087164900883,0
-1.916482,14,18.24742,-0.06618576350204447,-0.2378672337097255,0
-1.961527,13,18.270694,-0.1801961966980687,-0.23578228420142594,0
-1.913365,16,18.297843,-0.1715053046847021,-0.17717024291580277,0
-1.76388,14,18.322075,-0.16097720990099185,-0.1873023411214923,0
-1.654372,15,18.35053,-0.06813602732770152,-0.25645134107860457,0
-1.687918,14,18.384936,-0.08390959426924653,-0.2160293120119433,0
-1.774146,13,18.418175,-0.11818258653698335,-0.16994939280072166,0
-1.947784,14,18.456683,-0.14685793846537235,-0.22656210236305063,0
-2.257158,14,18.497589,-0.2990928434438542,-0.2298731009711532,0
-1.944558,15,18.533903,-0.11229511376772634,-0.1730535729042207,0
-2.505419,13,18.563236,-0.36798878042556293,-0.2870013848085773,0
-1.941452,13,18.59398,-0.2141443597433157,-0.2189383508074294,0
-2.196002,13,18.62343,-0.2391436584959191,-0.24364322625516285,0
-2.028023,15,18.658171,-0.172639180222633,-0.24645291083706306,0
-2.08974,14,18.68939,-0.19181622441512006,-0.18122308829059758,0
-2.051885,12,18.717677,-0.21380955193702203,-0.25959005577850125,0
-2.056348,13,18.74787,-0.23541771010397392,-0.25435571485097874,0
-2.272536,13,18.778485,-0.33386616026361793,-0.2746919533713063,0
-1.643883,15,18.812764,-0.034955299775911594,-0.14034584687256854,0
-1.985835,16,18.849924,-0.21454211508467194,-0.22961620028246932,0
-1.935343,14,18.881469,-0.11626164145543735,-0.1971729527324957,0
-2.672864,18,18.923275,-0.21699287120537122,-0.2500230720489552,0
-2.112275,15,18.958002,-0.22045096393827424,-0.21972854267640857,0
-1.660507,17,18.998027,-0.0035224553452124345,-0.17000808709586276,0
-1.623415,14,19.030318,-0.12081459203827973,-0.16048498765222474,0
-2.31378,13,19.563135,-0.2701147857634191,-0.24163823267873902,0
-2.247894,12,19.586678,-0.2781128540583652,-0.2999267288702918,0
-2.231395,14,19.613631,-0.3515175809175125,-0.31157609868626357,0
-2.249211,13,19.638465,-0.282128956268834,-0.34449880273132333,0
-1.897338,12,19.661286,-0.18543605947660954,-0.20781561191285378,0
-1.798071,13,19.686665,-0.15003384344626633,-0.22118262840277836,0
-1.846982,15,19.715596,-0.11924449071636904,-0.2544798161215567,0
-1.867407,14,19.742264,-0.12620631826625417,-0.18665462449869147,0
-2.095668,13,19.766021,-0.2142838269872735,-0.21814595232274206,0
-1.791666,12,19.787776,-0.1644283097787876,-0.2935900665165507,0
-1.963016,15,19.815732,-0.20341613492343166,-0.2071090491146098,0
-1.808486,15,19.846568,-0.19992528229448656,-0.24473808705298178,0
-1.953998,12,19.873208,-0.19607155816620356,-0.21342291861537172,0
-2.048837,13,19.901404,-0.25859429370722353,-0.2579731915838771,0
-1.956272,12,19.929765,-0.1915951425647763,-0.2567152645903945,0
-2.276178,19,19.980012,-0.19239721428087875,-0.23024052778105553,0
-1.393303,17,20.027682,0.02468392547271931,-0.12453818501884262,0
-2.627568,15,20.072224,-0.3327092771761775,-0.22042684007904018,0
-1.502354,15,20.119461,-0.0030921456541958756,-0.16748453150629164,0
-2.010684,11,20.154025,-0.20659333130790686,-0.22727149770339622,0
-1.948889,13,20.196397,-0.203251448685029,-0.2282168352547899,0
-2.144252,13,20.241132,-0.3429002055206128,-0.26345313193127207,0
-1.830732,15,20.292371,-0.11297930661639602,-0.2688685617709361,0
-1.652056,13,20.332727,-0.0748799342204019,-0.11080551002540974,0
-1.925891,14,20.380631,-0.22309125158278123,-0.2277095528300015,0
-2.647369,15,20.430788,-0.35525709872773603,-0.3260622447142369,0
-2.455536,18,20.491088,-0.14930460295043166,-0.15374445121650063,0
-1.802548,15,20.538945,-0.11793500659595971,-0.2713804348547487,0
-1.997422,15,20.588988,-0.10164368599918779,-0.14658344605170134,0
-1.787203,15,20.639679,-0.1290863042391581,-0.1525986319205149,0
-2.171323,14,20.686273,-0.27818760977410895,-0.2531487007880114,0
-1.547404,16,20.740554,-0.08844838085978346,-0.22949800332632161,0
-2.094932,14,20.788002,-0.2604229801548436,-0.3156186489962199,0
-1.820331,13,20.831442,-0.13161897286099733,-0.20679303708895913,0
-1.867561,14,20.878251,-0.0939113629341509,-0.18955963783294827,0
-1.788976,17,20.935883,-0.08975799398973841,-0.20029488888469726,0
-1.617479,15,21.398456,-0.05999085102680895,-0.10596762919984182,0
-2.025482,13,21.418987,-0.20392365321488443,-0.2766787534173709,0
-1.608934,14,21.441205,-0.07613258695519962,-0.2088621859881581,0
-2.059601,15,21.466367,-0.23013892625039173,-0.23086499842911254,0
-1.575723,13,21.486771,-0.04416809625647683,-0.10796913278774387,0
-1.645028,14,21.509023,0.014408699584430144,-0.14294678985448295,0
-1.53934,14,21.53178,0.02638914652774178,-0.08408160819564403,0
-2.345047,14,21.554414,-0.3391454240972349,-0.2622576372350371,0
-2.074529,15,21.578363,-0.18154705727410061,-0.2112500613976028,0
-1.548204,14,21.598882,-0.0035512532743335267,-0.0821444394052091,0
-2.500637,14,21.619422,-0.3549555867141026,-0.2794585056789262,0
-1.341244,15,21.641356,0.01977075826006349,-0.1995602466475646,0
-1.888387,12,21.658589,-0.1638473597387355,-0.19588175595117763,0
-2.194259,12,21.682046,-0.20172373958631287,-0.3146137632270986,0
-2.118996,13,21.710949,-0.2148484850683437,-0.22483737737281356,0
-1.844165,12,21.738655,-0.18465871074211765,-0.23302981326764183,0
-1.555277,14,21.773098,-0.06689954664362369,-0.15484871931063302,0
-1.803195,13,21.80685,-0.1418285927074729,-0.2124670018032987,0
-2.257013,19,21.860843,-0.3034853048000852,-0.29792651003726955,0
-2.031182,12,21.897029,-0.18864600848265858,-0.20068821052065833,0
-1.60652,15,21.944582,-0.07863023032681352,-0.23166758615788777,0
-2.239777,18,22.008698,-0.17338554991197785,-0.22187078707574429,0
-1.759365,16,22.06455,-0.07185987173859523,-0.15529021257504014,0
-2.278155,14,22.119133,-0.27515294875629553,-0.2724292593278713,0
-1.715254,14,22.166681,-0.11375058810117882,-0.18629223810683926,0
-1.709703,16,22.232299,-0.12393489795772605,-0.18466140176752693,0
-2.017516,15,22.274268,-0.2519567664882892,-0.2071023517858296,0
-1.529391,16,22.30941,-0.0942432723652777,-0.2251961799611093,0
-1.50119,15,22.34174,-0.05783756064575762,-0.1838202756235669,0
-1.751731,15,22.374181,-0.086140059746278,-0.10762664848165353,0
-1.714318,14,22.405144,-0.10997108919770944,-0.18451103086395793,0
-2.333845,15,22.437762,-0.21846087006801324,-0.19289425186471967,0
-1.910766,16,22.472079,-0.11888951413669988,-0.2073349071160831,0
-1.479582,14,22.502525,0.0010823328239609224,-0.16465050637116785,0
-1.44438,15,22.539535,-0.006003171217628484,-0.11243399320098363,0
-1.612474,14,22.577841,-0.07795742292017628,-0.1498166996753073,0
-1.698253,14,23.058159,-0.09807767393073166,-0.16860979335806336,0
-1.470011,14,23.101436,-0.06571325893438501,-0.1973564999403214,0
-1.610221,13,23.138886,-0.0657789511599059,-0.16202868848196184,0
-1.77644,15,23.177814,-0.0042056768990468285,-0.09650141345413565,0
-1.966783,14,23.212097,-0.1854483907016062,-0.17635107314209902,0
-1.922121,12,23.239058,-0.16285614750337962,-0.23621338599494296,0
-1.462594,15,23.270725,0.01826845416092315,-0.11755266252586134,0
-2.062133,14,23.301702,-0.2864796214372333,-0.2603230600996944,0
-1.457532,15,23.341554,0.02627012943075972,-0.11735214441502204,0
-1.755632,13,23.379066,-0.023359522432489007,-0.12128619049089494,0
-1.151215,16,23.42704,0.08608576023414394,-0.14141110774890742,0
-1.907809,15,23.474173,-0.20538924744078804,-0.29748756614780475,0
-1.825221,13,23.517147,-0.11539761008292446,-0.17566912344595248,0
-1.285931,15,23.567174,0.06715489986424124,-0.061800668573398714,0
-1.617476,14,23.613998,0.01646456803648575,-0.14733041483643142,0
-1.329783,15,23.664414,0.041357738156513425,-0.10031049449157993,0
-1.475316,15,23.715047,-0.01710420764833557,-0.12629140489860852,0
-1.142078,16,23.769016,0.2006054803935298,0.046758365966260707,0
-1.507571,15,23.819107,-0.07895602862258795,-0.14881940913323094,0
-1.713349,15,23.869061,-0.019300067813443893,-0.12849366561215808,0
-1.915061,13,23.912361,-0.12922147889413046,-0.20385362848074284,0
-1.647325,13,23.956696,0.0073803970090263364,-0.08987391442421404,0
-1.406184,15,24.006959,0.057705731019751516,-0.14307467137816746,0
-1.559856,16,24.05984,-0.012481523694184142,-0.0684010889662536,0
-1.429562,14,24.106944,0.03505146322689122,-0.05343161954555341,0
-1.368116,17,24.163419,-0.01923294656845096,-0.15113585186670758,0
-1.501765,14,24.209507,0.010458651894210308,-0.1399713802215559,0
-1.592762,14,24.25592,-0.07218204988486714,-0.1780768692724116,0
-1.444896,15,24.30721,0.10162964233485634,-0.04770966128582023,0
-1.289673,17,24.364437,0.043923322211795846,-0.09451533748676405,0
-2.157404,18,24.426121,-0.24013349808621628,-0.20523851563988604,0
-1.58668,15,24.478908,-0.016526063243815833,-0.10584331741182193,0
-1.720225,14,24.528656,-0.03108621031247992,-0.1328543295307012,0
-1.171094,16,24.586908,0.03486291236583447,-0.10165698451923687,0
-2.606068,16,25.069344,-0.21598336791603295,-0.18196142190646125,0
-1.380124,15,25.092157,0.07766986851009615,-0.023154164272068768,0
-1.425273,16,25.117121,0.013814813812092019,-0.1529795659795675,0
-1.904216,14,25.138453,-0.23146387800346424,-0.20596552125172657,0
-1.381865,16,25.163006,0.0025937562015676935,-0.07320951645438271,0
-1.899724,13,25.183764,-0.1416567526486378,-0.14609524365941454,0
-1.031926,16,25.211423,0.1030664941545789,-0.03434164630944326,0
-0.9915,17,25.24028,0.09253128931158965,-0.058537024035369374,0
-1.413698,16,25.266907,0.059921838785320494,-0.02747241746427117,0
-1.779066,14,25.286878,-0.1087480614382107,-0.15076372869726884,0
-1.727263,14,25.307613,-0.0973454131948883,-0.09707172133488057,0
-1.180024,15,25.329832,0.06604158643804917,-0.06204770019299876,0
-1.590927,14,25.355836,-0.03434881405646679,-0.10797163673477007,0
-1.702699,16,25.390733,-0.09386699569325208,-0.10994603761688697,0
-1.856038,14,25.420914,-0.10158923619295736,-0.1535142036155576,0
-1.597434,14,25.451655,-0.026577184399362623,-0.10241958042813881,0
-1.819231,13,25.479625,-0.09065417471709193,-0.15561973387003256,0
-1.042944,17,25.508961,0.06954789568252567,-0.0281871566896622,0
-1.453679,14,25.529444,-0.045168725744966165,-0.1047022800243145,0
-1.267312,15,25.552324,0.03991605148542382,-0.07722984020637351,0
-1.044089,17,25.577573,0.14273390178209938,0.0005832265318875401,0
-1.799319,15,25.602072,-0.10158222498528544,-0.14018481191945625,0
-1.737843,15,25.625561,-0.028740363553726195,-0.12423799131607678,0
-1.619939,17,25.652355,-0.06101126381786584,-0.1124044002621309,0
-1.801588,13,25.672654,-0.08540937911526104,-0.08870716608508232,0
-1.388483,16,25.697877,0.0809627705283007,-0.059976414962584775,0
-0.868856,16,25.723058,0.11505355687746587,-0.05553554299247891,0
-1.188807,15,25.747107,0.049467726507036895,-0.06729681976967972,0
-1.443143,14,25.769763,-0.03483168153260257,-0.15727734388841919,0
-1.987366,14,25.79282,-0.1303884346404121,-0.17265132097986613,0
-1.439465,16,25.81925,0.030069945752532235,-0.08243917144225854,0
-1.370584,14,25.845345,0.03133695692039556,-0.08688989626602676,0
-1.225402,15,25.876339,0.024289038512319668,-0.10151252707958303,0
-1.674749,15,25.907453,-0.007427485750772077,-0.08255542807042511,0
-1.739664,14,25.937362,-0.10914404800408663,-0.17645252186403912,0
-0.706672,18,26.462739,0.11641076928582503,-0.030329387097754353,0
-1.621333,15,26.488272,-0.09905418575336364,-0.14525521738468017,0
-1.213047,16,26.515763,0.10452125194670228,-0.06704731551487494,0
-1.584995,17,26.544627,0.02779376444696273,-0.03624136116000573,0
-1.691602,17,26.572194,0.0036447011190409227,-0.06389249069152503,0
-1.40672,15,26.59676,0.055622746813027424,-0.06619469799819985,0
-1.713121,15,26.62484,-0.08673303705111987,-0.114801466126187,0
-1.311833,14,26.65578,0.08449126397845189,-0.01004103095131801,0
-0.920301,18,26.695881,0.0643972607965506,-0.008696598328049386,0
-1.210198,15,26.728522,0.029612765755749032,-0.1325988273555726,0
-1.516695,16,26.770642,-0.036199411295351015,-0.08293312932351764,0
-1.451974,16,26.81531,0.014900403210619398,-0.040555348883989914,0
-1.546251,14,26.857194,0.0009041009701427237,-0.09390383496724981,0
-1.485414,15,26.904194,0.01632954630096036,-0.06341876680472748,0
-1.446688,15,26.951272,-0.05435739542055707,-0.08582125334538007,0
-1.74231,16,27.002514,-0.05603841224810381,-0.15493647032170993,0
-1.229429,16,27.056494,0.06924931739788548,-0.03095221883729489,0
-1.487819,17,27.11415,-0.03392607374683726,-0.12935582589033157,0
-1.556491,16,27.160061,-0.052362206889640814,-0.10853572518742517,0
-1.347301,15,27.198865,0.03250268842892016,-0.04830913754770247,0
-1.750388,15,27.23496,-0.12034277407800217,-0.12093578641844638,0
-1.311716,15,27.269165,0.04817692791183095,-0.09351139548810564,0
-1.721149,14,27.300395,-0.1143152100400506,-0.12778095853926122,0
-0.920809,16,27.337832,0.10303076324911248,-0.06924166764815953,0
-1.590838,16,27.377602,-0.06301016954072909,-0.15009998426514842,0
-1.469319,16,27.416888,-0.023220488171788907,-0.11214537174375258,0
-1.571288,16,27.456102,0.005206719444545927,-0.062366538180391895,0
-1.212411,15,27.493294,0.06577534985497945,-0.06619717182698484,0
-1.459525,16,27.533269,-0.022944575438413536,-0.05749390329751786,0
-1.399892,15,27.571914,-0.004877357310212394,-0.07557470511788253,0
-1.618351,13,27.605916,-0.03935320919409759,-0.0831147063163961,0
-0.855911,16,27.647685,0.14030140146560238,-0.010255850288864485,0
-1.554821,15,28.101499,-0.10880535012994087,-0.1485626081411969,0
-1.667091,16,28.127377,-0.08980023618086193,-0.11484512608719387,0
-0.846214,18,28.156348,0.2153708738748977,0.034998801660925394,0
-1.554882,18,28.186291,0.03873230739705725,-0.08030450612320797,0
-1.141843,16,28.212235,0.18827722109502615,0.015978895632493148,0
-1.381608,16,28.238718,0.03563751051394281,-0.06973348719567529,0
-2.249691,16,28.268586,-0.1425076822436666,-0.10147210752951394,0
-1.372656,17,28.29988,0.057646042507812106,-0.02617540195984651,0
-1.404306,15,28.322026,0.04840772321995668,-0.059865502091296936,0
-1.363211,24,28.358036,-0.010777204963692633,-0.149472395275954,0
-0.925479,17,28.387533,0.22812762628689595,0.07767492470377171,0
-1.270253,15,28.412872,0.08609871711309006,-0.0175784440769668,0
-1.500832,18,28.444299,0.05771132328615502,-0.055291812222646286,0
-1.514947,17,28.473366,-0.024342199040114688,-0.07178951825550092,0
-0.823175,17,28.502968,0.21877109703164752,0.06017974567667521,0
-1.174398,16,28.537042,0.10263283615407372,-0.020416365705796233,0
-1.31534,16,28.571176,0.09943447866389632,0.0011671751564134164,0
-1.154964,16,28.606045,0.0409087119640958,-0.04408095049587171,0
-1.205679,16,28.64064,0.006989688147131294,-0.08127201881056602,0
-0.972479,16,28.674211,0.1621879600693285,-0.04520212030489712,0
-1.547435,15,28.705472,0.054432260354403,-0.0709612962791552,0
-1.233966,16,28.73968,0.12757179946073893,0.029846731092871143,0
-1.135787,16,28.774096,0.07450568212102411,-0.05414756252160153,0
-1.252682,15,28.813556,0.002771093124106663,-0.0944215948147435,0
-1.163395,15,28.855579,0.15281039746093072,0.030077755714752574,0
-1.863666,14,28.897237,-0.04995551708596209,-0.051076281077849034,0
-2.260983,16,28.945848,-0.21902113771033146,-0.21652847459174518,0
-2.041396,16,28.995921,-0.18942680832445016,-0.18388525150589777,0
-1.441029,17,29.051047,0.0006344672995195925,-0.09112932708478753,0
-1.162361,17,29.108387,0.09107448825782996,-0.046714064558471796,0
-0.999024,18,29.168451,0.15838786790072257,0.0016271991690632592,0
-1.440039,15,29.217998,0.03816944744686974,-0.07029880917283265,0
-0.917494,16,29.669149,0.16069373569524634,-0.011484895046643781,0
-0.938183,18,29.697752,0.12734254550931073,-0.00865210278557961,0
-1.283873,15,29.722086,0.06282141396435395,-0.048155485911183654,0
-0.954746,16,29.747918,0.24106260746335534,0.07531517491931175,0
-1.415136,16,29.773438,0.13033575969056224,0.040910994215933555,0
-0.451919,19,29.804141,0.21188091246693777,0.06492366996976151,0
-1.584986,14,29.826974,-0.011426430050919756,-0.034820817739256854,0
-0.544737,19,29.856734,0.13848499013434676,-0.017389369469088714,0
-1.088544,15,29.878666,0.07855180581458038,-0.05729870209002281,0
-1.306742,16,29.901308,-0.029811994821380305,-0.08763758412335802,0
-1.199016,16,29.924168,0.050432081330745115,-0.04266125079052164,0
-1.468632,14,29.944372,0.09483054789083924,-0.0018840237167883078,0
-0.976359,17,29.969615,0.15103491679810674,-0.016308969000029302,0
-0.815475,16,29.99239,0.1368375615112332,-0.01691236915954794,0
-1.249537,17,30.017206,0.02962348873764664,-0.03665312867023505,0
-1.572855,17,30.041926,-0.03611549826697919,-0.15193062146586145,0
-1.572948,15,30.063797,-0.04807519615123518,-0.1389599803327691,0
-1.834257,18,30.089752,-0.025442154552395572,-0.0976655163194598,0
-0.410401,20,30.118564,0.1880245228200253,0.0002671922655734654,0
-0.834118,17,30.143349,0.09162177464772997,-0.02076454465662249,0
-1.302816,17,30.174579,0.007578289969315477,-0.07603183401410209,0
-0.75957,17,30.211592,0.17154621447667348,0.03967922030305283,0
-0.999019,16,30.248258,0.11311188933660153,-0.04688565125554176,0
-1.030663,16,30.290426,0.15887342895437553,0.04530394460729366,0
-0.521605,18,30.341149,0.28721252474029724,0.11129811908730111,0
-1.225646,16,30.390303,0.09854411514411504,-0.015116734808864364,0
-0.997709,16,30.441846,0.20813644449339586,0.05520701950387074,0
-1.461168,15,30.492135,-0.0024873151664422818,-0.06744368327216983,0
-0.797154,18,30.553385,0.1875463105951773,0.024011135601351916,0
-1.232824,17,30.600627,0.1076506009897517,0.011912588504646743,0
-0.589543,18,31.091537,0.13426792658579503,0.029372158849675235,0
-0.510434,18,31.120457,0.20475391957667036,0.06887135522607099,0
-0.876271,17,31.147928,0.21885906836741312,0.036488104836876326,0
-1.009701,17,31.174925,0.1274745238030655,0.024426185182938057,0
-0.550706,18,31.204839,0.24525480213202475,0.09145479504151258,0
-1.165982,16,31.232504,0.1385779038984311,0.05062288765123664,0
-0.245157,19,31.274071,0.31442554388820904,0.11636299130995072,0
-0.412279,18,31.314014,0.29872059966124154,0.11287004829629313,0
0.197283,20,31.357476,0.32142167330665705,0.13527490884157903,0
-0.13878,19,31.400256,0.25713486577148237,0.07149317201496827,0
-0.742837,19,31.441978,0.13781655839675713,-0.04120783062491029,0
-1.369661,15,31.475681,0.07086981143420328,-0.012968791294267326,0
0.238124,20,31.51883,0.30547470468446286,0.09644339931915583,0
-1.316255,16,31.558374,0.12157222927031842,0.0061621838428403755,0
-0.677137,17,31.605158,0.24895273399226034,0.08400059034861418,0
-0.764807,18,31.658228,0.19525558422676542,0.05612930927675297,0
-0.427919,19,31.718154,0.22975942085336876,0.06542514374449442,0
-0.478312,20,31.783379,0.20298128070904645,-0.00640555536635963,0
-1.128995,18,31.843878,0.08508683209546654,-0.09388164921436365,0
-1.14671,16,31.89759,0.1300460912285657,0.016663469431494687,0
-1.011446,16,31.952017,0.1948653204109097,0.0447176575845865,0
-0.619422,19,32.017182,0.1425923952912029,-0.0028926770579913996,0
-0.220701,20,32.089822,0.22187916874335933,0.06209116287519633,0
-1.328975,15,32.142916,0.08610661071716963,-0.0015959507625177352,0
-0.398876,18,32.207694,0.23205052309993243,0.05352846536290726,0
-1.073056,16,32.264946,0.1347703288241381,0.03051531610932437,0
-0.308401,19,32.333243,0.2633900353008944,0.079262202129337,0
-0.475758,19,32.402146,0.13296719798935633,-6.812384938676558e-05,0
-0.08219,19,32.470807,0.2898131424939581,0.05820863332853307,0
-0.493748,19,32.959925,0.2492521487183602,0.060603417139593274,0
0.287231,20,32.992027,0.379968387222466,0.12238109216522011,0
-0.341844,19,33.022061,0.2455825924624957,0.01919393967584644,0
0.032293,20,33.054866,0.23405756569321992,-0.03866675181967148,0
0.09295,19,33.095453,0.30501748846224336,0.09071237060004196,0
-0.601142,18,33.136309,0.13606178591351217,-0.029493744589749682,0
-0.374421,18,33.174231,0.32443083879839485,0.10011852877609582,0
-0.142485,20,33.217167,0.3137742230423268,0.08819912433820308,0
-0.562973,17,33.25345,0.17798126316136156,-0.019787742202234504,0
-0.064776,20,33.297299,0.3013021061643175,0.038613362093060544,0
-0.382599,19,33.33781,0.23755937847658737,0.03436217358647496,0
0.152307,20,33.380683,0.3043784653986102,0.07906781148689111,0
-0.093655,20,33.422746,0.26607533824144897,-0.016121481547869215,0
-0.760062,17,33.459846,0.15394019961188665,0.0006579039278751392,0
-0.320758,18,33.498076,0.24831195504752424,0.07842162600954307,0
-0.346265,18,33.536584,0.25027659279638337,0.044252256315548466,0
0.159652,20,33.580252,0.23881971354588233,0.0727165960315697,0
-1.615092,15,33.621166,-0.029171259016989595,-0.08843711074717246,0
-0.089593,20,33.679187,0.30341348959571124,0.06344324200329209,0
-0.124196,20,33.740306,0.28176515627156246,0.06724047380098558,0
-0.344105,19,33.800353,0.31870589012877965,0.10398132119478691,0
-0.338417,19,33.864587,0.26453304502699687,0.0928540228066719,0
-0.694214,18,33.925712,0.1903721779314725,0.03916317431730998,0
0.288902,21,33.997404,0.20584046678022005,-0.005404974150635344,0
0.319292,20,34.068592,0.32570645522357256,0.08855684240323526,0
0.230315,21,34.144968,0.24044335990341184,0.07423832361959422,0
-0.157326,19,34.212717,0.22632810008644805,0.008062225888043062,0
0.125501,19,34.736468,0.31667071842779543,0.08898680735843113,0
0.794479,24,34.774088,0.30691135690926774,0.06295491584043403,0
-0.103851,19,34.80492,0.30029715524400485,0.07409846792237318,0
0.28028,20,34.837414,0.33426251158884035,0.055121758415630606,0
0.04288,19,34.870226,0.39575816563900956,0.13517431304054195,0
0.172664,21,34.906773,0.32316278387485253,0.03366629675142788,0
0.672989,21,34.945903,0.5277528937944176,0.21810818888096548,0
1.331492,25,34.991523,0.36843055617857673,0.07688147581888462,0
0.285291,19,35.029209,0.35304150827061875,0.1274764741246887,0
0.738767,23,35.079852,0.3661274286276978,0.11340331246504776,0
-0.153015,18,35.119294,0.32993888080669914,0.12026861339367434,0
0.253661,19,35.160001,0.4050704452382809,0.1822910536405567,0
0.348747,20,35.203637,0.42137752949498425,0.146288429466214,0
1.629804,25,35.264552,0.43209546919100267,0.09489510449654504,0
0.091016,19,35.317986,0.37346904520295815,0.16635259279860426,0
1.025321,22,35.385589,0.5004920425684799,0.2431323256273417,0
0.442106,21,35.451685,0.4432146463819524,0.15035999574766945,0
1.262022,22,35.524878,0.3959352569311934,0.10317230289648112,0
0.894903,22,35.598199,0.42365380660711965,0.1329650006280686,0
0.418185,21,35.667682,0.36766298844671513,0.12449399049775878,0
-0.174855,18,35.727889,0.31921846665587456,0.1348145781362186,0
-0.594485,20,35.795171,0.24411153094118018,0.06213694183167333,0
1.387577,23,35.8699,0.4243845420351436,0.12145940125142414,0
0.911525,22,35.939376,0.41023768098902025,0.11620684425174052,0
1.093798,21,36.437914,0.5810384562152426,0.2815084496510762,0
1.931047,24,36.47607,0.6373259407631077,0.3041338432823013,0
3.055133,24,36.514241,0.7736766734460757,0.36484239814368125,0
1.800436,23,36.552114,0.6615762754842619,0.317425543948367,0
2.10427,24,36.5985,0.69726494420779,0.34739819698000074,0
2.499611,25,36.646157,0.7114198794537571,0.3306488018406501,0
3.936539,28,36.697334,0.8028014971692427,0.3873958711967056,0
1.598614,22,36.737738,0.7042774137537106,0.37533058931990343,0
1.65175,23,36.775292,0.6101551838754257,0.30814377541249116,0
1.096802,20,36.806265,0.6156764441855928,0.3255169569218649,0
2.06584,24,36.846546,0.6388030976446201,0.30453251158823996,0
3.505217,26,36.908196,0.8287672371309497,0.3964537962137982,0
2.245216,23,36.970949,0.8173362076515378,0.4349877934659321,0
-0.29553,17,37.020064,0.3510548217769589,0.16536629971746641,0
2.190888,24,37.092747,0.7728056465199784,0.37280521661612664,0
0.916433,21,37.158745,0.6103040975183187,0.3083281516008333,0
1.799884,22,37.232248,0.6581762073833277,0.3459248911126821,0
0.093768,22,37.305492,0.46183453847957234,0.24491118263935016,0
1.689035,23,37.383217,0.6693621252178313,0.33462269942358625,0
2.392687,23,37.46116,0.7388693419196453,0.3466809370637182,0
2.060007,22,37.53718,0.6590136490068624,0.33255292732347347,0
2.091047,24,37.623497,0.6824882647887309,0.33162749254987095,0
1.713871,23,37.705913,0.6680477723634819,0.34946225435533057,0
5.692987,29,38.254739,0.9963414375852349,0.48499997128362743,0
3.957521,27,38.301687,1.103252735933326,0.6215664251187094,0
3.560879,26,38.346952,0.9681948605746552,0.5255404385567526,0
5.724915,30,38.398839,0.9950272429143937,0.4950993743972901,0
2.116859,23,38.433697,0.7364800082963694,0.38777718989855187,0
3.358069,25,38.4708,0.9009086273553287,0.48533235546697956,0
3.976949,30,38.514865,0.9404539135418485,0.5004434602191621,0
2.317643,23,38.54831,0.8348902070225993,0.449842441257474,0
5.211198,29,38.591558,0.977946873831347,0.5269050947256547,0
9.717303,32,38.659434,1.3822844766859776,0.6459995671959372,0
4.62855,28,38.720931,0.9734811182140584,0.5108530117864414,0
3.588286,29,38.78897,0.7475782609563123,0.35541328888074436,0
7.96199,32,38.864636,1.2507284471258047,0.6332893385500823,0
2.334255,25,38.914055,0.8540917759628579,0.4695463481071448,0
5.446931,28,38.97639,0.870835623349631,0.42747278974560915,0
7.012523,33,39.071305,1.3169778973126198,0.7054647866280898,0
2.325668,23,39.145029,0.7655759280228694,0.4305995823710399,0
2.659548,24,39.225494,0.6194812531020908,0.3104400606026036,0
4.356348,28,39.798758,1.0025561902684712,0.5517721268269038,0
4.81912,28,39.846959,1.0877672549921735,0.5877433987621247,0
5.596838,30,39.899116,1.0124921920931906,0.5449382533650994,0
6.217237,31,39.952555,1.3415480859931541,0.7290707099452682,0
6.266606,30,40.000283,0.9862231449577044,0.48076787219818173,0
5.646299,30,40.044641,1.0965491060678478,0.5935287117373179,0
6.802416,32,40.091933,1.1698248101463717,0.6142601690802584,0
10.408223,37,40.146686,1.523144520242461,0.8125437933831093,0
6.814186,32,40.194507,1.2513649593032106,0.6030324842790424,0
5.640799,31,40.240526,1.1101960175477494,0.5926084150592461,0
4.105476,28,40.286696,1.0155838687702585,0.5599042915511182,0
4.162207,26,40.349377,0.8325775062362833,0.42641501948150584,0
9.697384,34,40.442575,1.2575415198784665,0.6354455672279381,0
12.93564,38,40.560914,1.521018903879193,0.7609316342263368,0
5.677197,34,40.67236,1.0459451402390492,0.5707308575132977,0
6.283662,30,40.775675,1.2220338726267728,0.6208688589239847,0
6.005219,31,41.380645,1.1746047056347368,0.640223345535063,0
7.769636,32,41.436185,1.2998947866585504,0.6875568438788686,0
7.023483,32,41.492323,1.1632517836480354,0.6228089427007467,0
11.134925,36,41.554729,1.6042166130894742,0.8534236610768446,0
2.638482,26,41.596808,0.8615865392253585,0.46396920060344504,0
11.278748,36,41.651439,1.4684653163340307,0.7540695866017536,0
9.566371,35,41.704557,1.517735856562684,0.8167090675253267,0
10.823859,39,41.762891,1.402036030808429,0.7334084027790055,0
9.239951,33,41.812014,1.3252334088477276,0.6918381280300312,0
4.501456,28,41.853838,1.0574411133147683,0.5765725407675558,0
8.295472,32,41.901832,1.427016767540464,0.7595510861497359,0
8.493323,33,41.951054,1.39901870609055,0.7337114640648937,0
7.169345,31,41.99797,1.216364424311679,0.6664429015150288,0
11.544197,37,42.052747,1.6667132697528182,0.8651166918044659,0
11.913822,36,42.107283,1.4536763191139823,0.7250504721003563,0
4.742257,30,42.154387,0.9606314347041801,0.5119943956401908,0
11.392168,40,42.712661,1.6800103065126537,0.8853119385072041,0
37.27095,61,42.81786,1.7938531375256241,0.6816180730679993,0
37.276263,60,42.913913,1.9123141727852482,0.4973095250363206,0
12.493741,39,42.979763,1.5774167336734217,0.8067280669935454,0
12.729733,38,43.044451,1.564293897310483,0.8193792372533832,0
12.003717,37,43.106955,1.6315930681833128,0.8551291186675605,0
5.692237,30,43.157994,0.9975949505674404,0.544682719301925,0
10.375111,37,43.222282,1.3850020985145906,0.7002028735291304,0
14.729845,41,43.291669,1.885835646952412,0.9930876689417627,0
14.072186,39,43.363674,1.6116029407063364,0.8521010308824277,0
9.573118,39,43.451075,1.5342886711100654,0.8306233690468223,0
45.232871,62,43.58718,1.77342009113691,0.547889525195566,0
37.519962,62,44.18841,1.9025922429671758,0.21936343357797772,0
37.391154,58,44.288554,1.9349300866778265,0.21659307985191145,0
35.02707,57,44.375607,2.0218749891821646,0.45660720684879663,0
33.784806,58,44.463852,1.8688959225470732,0.30681264063555813,0
38.396517,58,44.551037,2.1637846568939896,0.49322466214624794,0
33.396017,61,44.642448,1.7955731491764688,0.2824735542687913,0
41.323795,59,44.737758,2.0589690154661273,0.305040671941856,0
47.184393,60,44.87641,1.8675201015300156,0.47740159420716594,0
12.780837,38,44.987247,1.7034591479596515,0.8897960331168047,0
43.098926,61,45.603256,2.261332793882477,0.3629566835911471,0
40.104223,61,45.707972,1.9368529702217525,0.41455628529740507,0
41.219468,59,45.794435,2.0755179915735615,0.20895766272083427,0
43.842094,65,45.893202,1.9153863371302153,0.43017721311514734,0
44.157387,62,46.002209,1.9008638634651789,0.37104248819000135,0
45.761514,60,46.10984,2.1564822516501643,0.4265164275162112,0
52.625231,63,46.228609,2.1818802292363206,0.5922273351649532,0
38.619131,65,46.376034,2.059481512222483,0.48682863541017773,0
38.572775,61,47.007787,2.1239394674874403,0.33455309673352196,0
49.059026,64,47.119022,1.9205378275923517,0.3910012094704621,0
54.390185,64,47.217829,2.195524631115986,0.6430786471971852,0
46.604312,62,47.310146,2.117791762156637,0.7247324208119104,0
40.430823,65,47.406536,1.9475361770149924,0.4631866419004912,0
51.049196,71,47.513341,2.0541257691114967,0.6737011709225076,0
55.381549,67,47.61336,2.2253322177321597,0.7631216361537159,0
35.084178,67,47.714138,1.901617849089233,0.36355812455017644,0
55.934077,63,48.317698,2.3813820813907096,0.44806999769875033,0
46.928873,70,48.438571,2.3240166656683727,1.1014770512942773,0
37.065382,66,48.537874,1.8124156032076062,0.15383043186023004,0
48.26053,62,48.630178,2.0476880229986176,0.45307821339494114,0
54.928903,65,48.728569,2.193464207400351,0.8512790518640676,0
50.106375,63,48.858893,2.0893096830538505,0.5222656466348009,0
47.108939,64,48.999116,1.9648550497577832,0.5428319466280687,0
49.730474,74,49.653893,2.0619917412181668,0.7684974353056648,0
51.237824,66,49.76823,2.1242680104052476,0.7044727158254174,0
47.765233,64,49.875771,2.1374828773826016,0.864755672857389,0
41.889161,58,49.962268,2.408946051626749,0.9936881301509874,0
34.921173,60,50.051249,2.0383367952436835,1.0136205296687988,0
45.308981,69,50.153225,1.9085007506493943,0.7636515326208684,0
37.231449,59,50.24142,2.2301046154655615,0.9622213116826209,0
51.427238,62,50.371233,2.0821251210084664,0.6565950407837056,0
46.942129,67,50.576708,2.22821513593327,0.7279857495003226,0
32.419228,57,51.184365,1.8547786400540327,0.9509404478617947,0
40.457242,58,51.285457,2.2499428950318143,1.0020682632026174,0
40.533245,57,51.37225,2.3664967353206894,1.0619456835718601,0
42.781979,61,51.494506,2.2300092834079317,0.8691075583516714,0
44.604078,77,51.731217,1.9676894692714582,0.23129598643412297,0
47.238448,65,51.957833,1.923715569589164,0.7721921398245705,0
34.757241,58,52.168064,2.0376335649176207,0.975751612973491,0
45.833176,70,52.422111,2.003583115348025,0.8767376429899736,0
42.183487,60,53.054625,2.426199856622958,1.075522825498008,0
35.430998,58,53.155167,2.118164111411834,0.9421737639121883,0
36.503921,53,53.238008,2.3001959530397786,1.0866503101775598,0
37.418175,60,53.351027,1.9669962402682446,1.0014423354541764,0
45.058599,62,53.506317,2.266654678142099,1.0074440570787668,0
40.707288,71,53.741598,2.3666468715780735,0.9338568784727576,0
51.274077,70,53.994921,2.1244999392239055,0.6070584297760333,0
47.897178,62,54.219494,2.36750359161598,1.0457781865194011,0
29.993405,58,54.879832,1.7284803972745206,0.8479516180913291,0
43.656683,69,54.99963,1.8891820520883535,0.7385818099321448,0
43.859071,72,55.111068,2.2240947339984336,1.0832509279798925,0
42.309811,72,55.217315,1.9370617745206813,0.8686272256394582,0
45.886447,60,55.337166,2.293606776337802,0.9955805849350363,0
36.270005,68,55.489608,2.0944476013563254,1.0196445019383344,0
44.454629,73,55.652019,2.270273386995259,1.0171366012246459,0
50.855645,68,55.801864,2.0205475357950693,0.6013951856439078,0
59.509655,67,56.412028,2.3998268282240116,0.6906205886297396,0
56.458981,68,56.544938,2.432502383388266,0.5815471158121397,0
25.696348,49,56.641544,1.7184291278292876,0.8801639611216537,0
41.573553,62,56.756269,2.169380115418877,1.0735696145324842,0
52.049241,66,56.877085,2.058175185210653,0.6196236165961959,0
48.87838,75,57.008228,2.142402650154552,0.6413023776460882,0
27.004944,57,57.097697,1.6590310248088649,0.8036771109034652,0
48.968364,67,57.204494,2.1330553121340663,0.7550097762748751,0
49.446585,62,57.805408,2.4008831987330015,0.956873752102242,0
43.582501,61,57.909725,2.4660823066102657,1.0881906009889486,0
53.477252,70,58.013188,2.281969198522452,0.8303113521382883,0
54.937035,80,58.13131,2.2132527689108232,0.8386344486905828,0
47.129342,73,58.249426,1.9431131872247498,0.5773412245822739,0
38.897374,66,58.39614,2.150690162040784,1.0350483968600965,0
46.80002,70,58.551292,2.188839889413155,0.6743304824632931,0
45.738305,75,59.191897,2.200382283756328,0.5307250764584601,0
50.965112,78,59.330015,1.9745146680112096,0.6584226707759038,0
47.561128,68,59.446183,2.3079994663517636,0.43701398438992023,0
41.727493,62,59.563357,2.4193502472374915,0.5720642308989967,0
53.170652,68,59.713898,2.1992105019070167,0.8787093983995818,0
38.570291,72,59.874417,1.9748939727790698,0.4308582667894052,0
37.658451,81,60.074924,1.9371875841318418,-0.045140208987534014,0
55.823438,65,60.665882,2.4849596396647273,0.7538179464360777,0
49.731849,65,60.773917,2.14622326746106,0.8075065397405337,0
54.207796,77,60.896458,2.229589523567189,0.5423065034722099,0
54.409106,70,61.00024,2.3814085874070052,0.9502571503121101,0
50.085938,74,61.11501,2.019230953529888,0.7653574944360184,0
53.244692,66,61.222004,2.330388898815711,0.8523100524333032,0
47.968605,74,61.340451,2.1218868810935145,0.6188977041798378,0
47.093614,63,61.849532,2.3437048332086468,0.932357898990869,0
41.897262,57,61.943358,2.5020394514484923,1.1984344259261084,0
30.658326,73,62.065722,1.7112608748018368,0.031199744943783414,0
48.10934,72,62.171272,2.391037528791808,0.8442356256615313,0
49.152431,69,62.273172,2.649402472111239,1.0060530539611077,0
46.171721,67,62.375749,2.2506360940356362,0.9697618063766632,0
43.747416,61,62.506048,2.6630693687654126,1.1413930510934986,0
52.703984,66,62.710153,2.5293987111863108,1.0206795061641376,0
46.970076,72,63.332175,2.349636416114145,0.8279999619280383,0
39.721219,56,63.424218,2.23839940200814,1.0373722566588073,0
44.847674,62,63.525032,2.459356476270929,1.159532183435422,0
48.274026,66,63.62573,2.4877145212193015,1.189754468327101,0
41.70852,72,63.73358,2.312081383189931,1.0255196925396708,0
45.356992,60,63.82453,2.440533820879996,1.1278518908828041,0
47.22889,72,63.931947,2.135099544435298,0.8375611988832856,0
41.658548,63,64.033812,2.4009440250112672,1.0560393503607073,0
45.731962,66,64.642031,2.3164312257653132,0.9802655096843744,0
52.894693,66,64.755654,2.3758556205930352,0.933061376287186,0
49.140345,71,64.90107,2.3736843928806253,0.3303334201012229,0
38.999099,69,65.105228,2.299867466211569,1.1079287916732679,0
51.089751,81,65.435643,2.1438615441438453,0.6605629564954207,0
46.466468,67,65.700668,2.226683282916353,1.0774053047254277,0
58.844778,70,65.977601,2.5056372346518523,0.6030566246288817,0
50.197018,70,66.652639,2.3295349894079647,0.7409789756489159,0
42.623589,64,66.761558,2.40636203080919,1.0837990477905506,0
54.339499,82,66.892929,2.2634334500109143,0.48061534914016535,0
51.721408,68,67.004256,2.4246122840445277,0.45570626933122227,0
48.232812,68,67.153952,2.3971369768244224,1.0297366238190402,0
52.023472,71,67.356869,2.4810273766850344,0.5966943959976074,0
49.470551,65,67.584138,2.3434765615093487,0.5945018875847874,0
52.593326,66,67.825951,2.485528104016778,0.881591115588555,0
48.988233,81,68.409452,2.351271229858678,0.41472662407081495,0
57.391316,72,68.531191,2.5947323413425476,0.6552165736161448,0
40.225115,95,68.688401,2.1907749312590212,0.15493442748027564,0
55.288641,76,68.815631,2.5333549271420552,0.9907120293886023,0
53.069973,80,68.947364,2.3456035496939145,1.0128467022155905,0
58.519257,70,69.06312,2.6165328566509802,0.8675664884219204,0
52.196432,86,69.637244,2.3943124676369383,0.6825954546690866,0
57.172687,79,69.765934,2.6541761016966583,0.9454506508549583,0
56.209268,87,69.895729,2.5070576951361794,0.9374296802933493,0
50.788849,71,70.021304,2.3943190895281794,1.0297677237099003,0
55.735218,68,70.223649,2.6053020104518367,0.80706163726566,0
57.204814,70,70.475113,2.6209141769101585,0.9906000655002625,0
47.103324,76,70.69699,2.118440378921921,0.9326304873082857,0
44.943018,73,71.302389,2.247103854149229,0.24924581468081708,0
58.905817,71,71.428082,2.5221095836086302,1.0265899040967392,0
50.207333,64,71.533903,2.481073676220723,0.7607282064652998,0
43.429626,60,71.630321,2.2629195114155243,1.1095229928808326,0
52.018171,69,71.737813,2.261283747204825,0.8130491713667329,0
54.785163,67,71.863868,2.4520046053930487,1.028863329127144,0
55.013398,65,71.99934,2.493356412051985,1.037522805067227,0
51.536455,74,72.615473,2.272910354494587,0.8139936896460804,0
51.989044,69,72.73213,2.3678864487677322,0.989521900020104,0
48.706559,77,72.876215,2.417109029295634,0.32678928925256245,0
54.522339,69,73.010907,2.3642766140158313,1.0344973249489204,0
30.700879,53,73.114987,1.9781612666109576,0.9666693015750777,0
53.601409,81,73.279126,2.295234670903272,0.5758593066455313,0
59.049059,72,73.425913,2.4897903327336235,0.5600036229547593,0
60.008283,73,73.575056,2.7022363507639096,0.9398842977903918,0
51.519604,78,74.193318,2.2598238421475534,0.8868621169555269,0
55.095239,74,74.315758,2.4489025573760945,0.9454750715197401,0
54.678842,67,74.437982,2.5024097734092465,0.8234948278142362,0
60.9786,72,74.57583,2.5594611775802694,0.48674295315098115,0
57.823547,71,74.705615,2.6266354908952856,0.835011683778607,0
62.418004,73,74.838608,2.4431235686088093,0.685802506896777,0
62.04031,70,74.976676,2.553376253467181,0.8189755006219746,0
56.962766,81,75.621271,2.341739380840547,0.9816559539397223,0
54.236602,72,75.741722,2.4608530160089166,1.1047609337028983,0
60.983475,76,75.854306,2.73326566667633,0.6850688631213161,0
57.173244,74,75.964864,2.4591039097726552,0.987404721493566,0
58.053601,68,76.075085,2.5593645667000255,0.9849633356238098,0
61.340928,68,76.226943,2.7089079680553794,1.012972765190082,0
58.207761,68,76.37721,2.547900455307588,1.0012875440260653,0
59.441277,67,76.999993,2.549243461043277,1.0974104322952896,0
61.653162,76,77.131262,2.426889465109383,0.9906726730615448,0
63.771733,70,77.234088,2.6353389702461136,0.9717674398303714,0
62.026322,74,77.344026,2.66113383453529,0.6149876846831012,0
61.741696,69,77.476478,2.615553411772477,0.7390276005892895,0
55.773943,67,77.623238,2.4575733866270295,0.6626079854704572,0
64.441828,71,77.779003,2.4694662450644773,1.017610317804706,0
64.918618,69,78.416833,2.507835385799685,0.8243957051097583,0
65.34354,81,78.557474,2.4731194170994883,0.9119896293066841,0
57.942031,81,78.680752,2.544207550779014,0.5037738037331411,0
62.800764,72,78.787864,2.5235974754931783,0.7425320817519259,0
63.504965,77,78.934031,2.453221955231785,0.6746492153078776,0
61.925737,73,79.093194,2.6359122981500773,1.0514894062479385,0
59.489109,83,79.277398,2.504910404905699,0.6148169919492441,0
58.227037,89,79.93543,2.2846305960475597,0.6856269457997526,0
63.263174,86,80.092021,2.516589542582694,0.7716637710486138,0
58.00554,75,80.226245,2.479693870585558,0.7353818290807245,0
60.531159,68,80.344415,2.503956892060988,0.8893190534353297,0
66.134984,86,80.494407,2.3945559982160605,0.6963193456571937,0
60.546553,83,80.670815,2.508888531134042,1.0394807090504015,0
61.514034,73,81.293145,2.3493460162541777,0.9820792007923528,0
65.395278,85,81.438279,2.4064469175054057,0.9712421098226005,0
70.380022,81,81.563416,2.6527687569247043,0.6028210322582195,0
21.420806,46,81.636091,1.4442779645167632,0.7300226904455799,0
63.45548,87,81.77603,2.460573092421557,0.6284878536677048,0
64.278887,89,82.019646,2.8405699023226587,0.638233453042275,0
61.753275,81,82.245278,2.411945439609688,0.8332222532258186,0
65.482947,83,82.816076,2.5086343497247627,0.5966921618058892,0
61.649703,88,82.975215,2.436127027243388,0.7123836875737765,0
57.860989,77,83.11125,2.278443995639582,1.1350408078729188,0
66.900493,75,83.243051,2.639139919147541,0.5657608505402664,0
70.351299,80,83.384576,2.5254052921217633,0.8308421821289083,0
63.789716,105,83.596869,2.2558558887386506,0.8313026347769901,0
71.797338,80,84.163394,2.6116559200976215,0.6629964628355717,0
69.521731,99,84.336919,2.476800505883119,0.5785593120260414,0
65.291054,80,84.487427,2.35043002792679,0.9484545346832046,0
67.358837,90,84.667735,2.484752045443185,1.001477143070185,0
63.129347,87,84.844839,2.3724393958461687,0.9521355731577472,0
73.2985,88,85.045165,2.5951415029511216,0.5851020172003794,0
69.877857,78,85.700637,2.7167201684776834,0.7322061838585177,0
57.364837,75,85.83159,2.4196530446433897,1.0070535151688669,0
71.525327,79,85.964785,2.6697913337431998,0.8804401072640593,0
68.036089,82,86.140862,2.514432925278835,0.9961794390763086,0
69.094725,88,86.338973,2.5202088291916405,0.4893014137767038,0
72.861882,87,86.593272,2.4674560483312407,0.5980353164376825,0
63.648938,79,87.294003,2.4881895957804696,0.7244016775009625,0
72.248544,85,87.443145,2.535541816641584,0.6401467149338599,0
57.682652,82,87.579797,2.563387394039155,0.16812128240506985,0
67.773949,90,87.730436,2.591591837450921,0.9195510971439482,0
72.86749,91,87.88332,2.62584604845789,0.8857275494453327,0
71.014701,86,88.025934,2.6901131386685897,0.49758175971569085,0
70.18855,84,88.669315,2.4290762624581053,0.4897136118685571,0
68.068513,77,88.80441,2.5323095141193064,0.6060199232582824,0
69.294389,83,88.941301,2.457001726664913,0.5863184418510285,0
65.969422,71,89.07396,2.5335228885330157,0.8767779311459802,0
67.590147,76,89.222883,2.566813566661986,0.7026231427301002,0
70.10528,78,89.378148,2.452376003663183,1.072195810562561,0
70.912982,94,90.000269,2.3896979761607384,0.8081948284240483,0
71.82451,93,90.167851,2.3511426744740906,0.9488298371562105,0
70.308427,84,90.318498,2.368967612140068,0.9804389384103886,0
71.676349,76,90.435344,2.597733063549124,1.0027981768855432,0
71.378056,87,90.571824,2.377152865573641,0.8598274744856376,0
72.352303,85,90.705116,2.5006375792023383,0.6800664754542431,0
70.386161,84,91.254549,2.4772903681284317,1.0317188688704262,0
74.708908,78,91.391348,2.585186415256354,0.5867101876009169,0
73.613966,80,91.544649,2.4352692243988994,0.8804770655211724,0
75.371667,81,91.706867,2.598551623293628,0.5121200173413122,0
75.224179,78,91.865845,2.5375232185481846,0.8025361949722978,0
75.1813,79,92.026644,2.628959477461924,0.8129693612720198,0
70.492657,75,92.179266,2.543285133254981,0.8548439221082313,0
80.847821,80,92.739287,2.535822525519104,0.8597999779311382,0
73.391753,85,92.895866,2.3066908019263352,1.0429872873385042,0
76.05012,78,93.047478,2.445194616962372,0.9389569129967295,0
76.829936,76,93.200519,2.5120754849796385,0.7685687528089074,0
75.904123,81,93.365724,2.3418319408353234,0.9577969333763048,0
70.05881,85,93.540086,2.3696462354905123,0.6552542101102932,0
88.590617,101,94.153132,2.2510589061411794,1.0603750078792167,0
79.032882,86,94.307847,2.519924789637502,0.7637384609568603,0
90.233379,88,94.478918,2.4155886700156173,1.163085232853338,0
82.11623,84,94.648774,2.345856751406935,0.9295238261763172,0
85.373652,93,94.838921,2.3978526930466524,0.9494074814627107,0
80.72571,88,95.019753,2.302332059036457,1.1093880462434924,0
81.133409,87,95.595851,2.2431419374381694,0.9294719022526103,0
78.783709,82,95.746841,2.3777167284088683,0.8860043230472286,0
82.16125,83,95.909592,2.4852508971449216,0.9938968590401396,0
77.440653,78,96.068937,2.236588377749833,1.006412317341328,0
82.957016,80,96.233926,2.4179388717172916,0.924710274249681,0
79.926562,81,96.399309,2.316192261185006,1.0373907086452503,0
88.607327,86,96.976419,2.383975161478775,1.1726294523407843,0
85.440249,88,97.135154,2.3818929469893435,1.0966884616821138,0
84.806664,81,97.293424,2.4371874414433123,1.0506123179941378,0
82.783665,78,97.447155,2.4493055519895255,1.0510179224619718,0
82.233766,86,97.621085,2.3723138333143634,1.158656375672144,0
84.481905,84,97.788123,2.515225127214301,0.9917584052272049,0
80.491273,90,98.373111,2.3722429204171993,0.7956851547866934,0
78.009527,85,98.525502,2.1757366432901812,0.9874000414490068,0
85.5685,87,98.694485,2.386979964312715,1.0264592630679115,0
80.675221,81,98.856033,2.446845494783718,0.985431136124807,0
79.902894,84,99.028213,2.4372485998015483,1.0051236201911942,0
76.654721,85,99.203928,2.2777436791177648,0.9954023867670689,0
84.431929,96,99.855834,2.4374833310293726,1.1244781965684185,0
86.225073,86,100.012567,2.524379878710797,1.08943081876173,0
88.335167,92,100.194228,2.3733510012278725,1.144472241038865,0
85.541735,95,100.387009,2.4395012252350057,1.0657147634060928,0
80.006643,95,100.582643,2.428181410085297,0.854183976840885,0
84.907205,86,100.758578,2.4680631759982212,1.1069336988381226,0
88.796542,84,101.32722,2.434134237543349,1.1143180351433895,0
106.582426,99,101.513122,1.7432374786033151,1.4316609962408113,0
103.763755,100,101.709968,1.8821411673179598,1.249990561451917,0
107.831074,103,101.889229,1.8211642804907375,1.3762454097379706,0
89.230242,93,102.06517,2.1859694758748986,1.1031333819339757,0
102.699232,100,102.670793,1.733938088503323,1.251944090327807,0
100.098532,104,102.858558,1.6365870435569085,1.2275301365483686,0
105.531837,100,103.034941,1.958559027034245,1.3443183303233948,0
106.900298,111,103.223452,1.7442113430656516,1.1969881833473806,0
106.175991,106,103.402138,1.7663554745825902,1.37354984962399,0
104.790591,95,103.98752,1.9667109187234642,1.0379476951841424,0
105.983112,101,104.159948,1.9245333172926224,1.0655062643928306,0
104.908869,98,104.368139,1.837459752183643,1.0508476827564854,0
105.296007,102,104.713268,1.8707592632779113,1.034355244485029,0
106.346085,95,105.05827,1.9488992317550222,0.9864226636483566,0
68.456322,77,105.735605,2.38024459510702,1.184282289206087,0
70.784349,77,105.86756,2.3466453364789164,1.1382938854963958,0
74.716341,78,106.002795,2.4019264725802922,1.0979703513490975,0
73.361898,78,106.134403,2.2047048725113583,1.071119994946668,0
76.378334,85,106.278067,2.2412785991438784,1.0425079099836683,0
69.364257,80,106.466037,2.302123882892916,1.1324563087671506,0
71.623262,77,106.721736,2.324486390353983,1.123293379548669,0
73.068332,77,107.321731,2.3843654618904937,1.0829284430006318,0
68.319899,81,107.462383,2.2388466696947864,1.1123660186307192,0
72.352224,86,107.607061,2.2896958161903895,1.1370097403320376,0
73.626039,87,107.750875,2.135291078155969,1.0421148219698049,0
72.156516,84,107.887241,2.2559078598982807,1.1208320992395915,0
74.143547,109,108.065558,2.2152280159576967,0.9950374226441652,0
72.065219,83,108.624936,2.1720702584951157,1.055563460090059,0
67.532653,73,108.753506,2.3821303826444984,1.1784054859393804,0
63.411386,71,108.884228,2.354347049257058,1.1733664005134206,0
68.140534,86,109.013864,2.134235747506511,1.0509968998478083,0
74.472818,79,109.137552,2.2796214110931348,1.1414177667922514,0
65.595679,73,109.255915,2.370985963392022,1.1675857571417707,0
70.553792,89,109.824526,2.290866276010962,1.0723798281124326,0
72.271572,84,109.971444,2.1718600389116722,1.0405760867359033,0
72.254941,83,110.177358,2.0440777999310487,1.0366196436439947,0
78.168728,86,110.484805,2.279857641793216,1.0985002762472094,0
73.637547,87,110.803598,1.8877350990574888,0.8359802210951289,0
70.073715,77,111.055781,2.2618675388553995,1.1304103238675913,0
76.871186,84,111.754726,2.32597679853835,1.0982920470948982,0
75.859712,84,111.894466,2.210552263171357,1.0648186830309625,0
71.694828,101,112.064142,2.2478190835210303,1.0773905313808883,0
75.151613,93,112.22003,2.1628297295282297,0.9144167737245895,0
75.833659,86,112.440666,2.3808849935815593,1.1606177173948657,0
75.14369,92,112.757225,2.0993327535864372,1.0219210106259196,0
66.913208,82,113.352092,1.8124788190616203,0.9133895633824687,0
71.869451,85,113.501755,2.3041962984797144,1.0986040527050516,0
76.641494,86,113.649688,2.2495032259375325,1.0289984827289336,0
74.404464,91,113.878953,2.2974670794225007,1.0649985863140132,0
68.427619,83,114.183247,2.2002838522698154,1.0939389838159281,0
68.295432,89,114.512367,2.35086587979528,1.1094937710648927,0
82.424272,93,115.157473,2.3589553793854714,1.0587490314871475,0
79.104139,82,115.295242,2.2454778526998895,1.0391285097094565,0
79.027901,91,115.524143,2.2927699741350693,0.9990801330204042,0
77.115447,86,115.817426,2.357163465992813,1.0623021229538534,0
81.246775,90,116.147935,2.0991715673248277,0.9490828156705755,0
84.149832,88,116.412907,2.375718970617906,1.0942559583703562,0
79.386251,91,117.005007,2.3517822604664764,1.1057173295011966,0
83.261464,84,117.146456,2.4780789964204204,1.137518268104462,0
75.119871,89,117.294727,2.2884443776809555,1.1398441784869673,0
75.934826,97,117.544551,2.3366624742403874,1.0268483654175071,0
77.415426,96,117.840668,2.28422497463654,1.0062603940695467,0
79.073372,87,118.490313,2.421837970836823,1.053135903378609,0
82.056949,85,118.632284,2.3934074330057062,1.0918765205722807,0
82.942289,85,118.770871,2.418770332273542,1.1578716242189888,0
77.412055,87,118.910362,2.231094759596586,1.0597306714862922,0
82.767786,91,119.056577,2.430500680976851,1.0346988472659397,0
81.816423,86,119.195902,2.393338127343243,1.0750318260345053,0
81.025499,96,119.758731,2.4086028030161093,1.0683569935244446,0
82.439497,85,119.905192,2.487083296955736,1.148815805712653,0
82.372779,85,120.049626,2.4318034586361663,0.9625562143625801,0
77.986579,84,120.190808,2.3084619807550375,1.0433278762815799,0
80.048386,84,120.379,2.474343871518185,1.0156476546417594,0
85.322779,86,120.678389,2.4358886538588327,0.9868132815451521,0
86.00442,95,121.422557,2.383169901362127,1.082258544680677,0
81.282633,81,121.605565,2.516247323450567,1.0907844337392156,0
81.068325,89,121.766981,2.5007390769460938,1.0362084586258218,0
83.459013,86,121.913248,2.3221243038338533,0.9468563229592923,0
86.705284,92,122.069421,2.3876386900051294,0.9227351820160332,0
81.776465,88,122.219403,2.403426207986716,1.0513560181270087,0
86.188614,87,122.779364,2.4018800148263972,1.011361496464546,0
84.493064,84,122.936259,2.6254285822348544,1.0466941013930917,0
86.573701,88,123.079302,2.4514931443163945,1.1051813462497027,0
94.629903,94,123.219877,2.6365684282616257,0.9988027443174107,0
86.280806,96,123.372064,2.4092556550925055,0.993371555695341,0
94.478633,100,123.999763,2.2403023593913347,1.0606189506158297,0
91.998303,98,124.161765,2.3038508167329295,1.033559109819626,0
91.725544,101,124.361543,2.3829333252736284,0.9707796716016561,0
93.524794,92,124.661495,2.3617869652944616,1.0676795375391654,0
96.595737,102,125.042132,2.190158897829268,0.9266123596648488,0
92.244728,91,125.333589,2.2898176224405353,1.0349845938671631,0
104.838672,104,126.059956,2.2783612963197375,0.965930733274412,0
93.232718,97,126.240297,2.3353744844488404,0.9177733752936678,0
99.0052,96,126.385162,2.228677974819139,0.947737879860663,0
95.744744,93,126.533514,2.303532452166431,1.0144290209907783,0
100.151861,98,126.709148,2.24142071862799,0.9872492454387004,0
103.228414,95,127.431608,2.0672750034499177,0.9598969078606757,0
106.395619,99,127.595897,2.2363540202234904,0.9168822486635266,0
102.809915,107,127.757726,2.027070553113021,0.9577790204166491,0
103.539748,101,127.970781,2.1505490199634845,0.9706165328562366,0
106.36342,101,128.192659,2.0793021656287,0.9912263575369948,0
105.520284,102,128.914599,2.131916564374493,0.9667403000622342,0
111.641408,112,129.101538,2.097839600076383,0.9282403519955789,0
102.809228,97,129.246111,2.227904715413301,0.9418469357489846,0
104.564693,100,129.441932,2.274422989501672,0.9926891650258984,0
107.170559,99,129.661166,2.144678876712496,0.9307137439351455,0
114.613758,115,130.396618,1.5812413209046936,1.3109490232612981,0
115.971916,112,130.577168,1.6321318614596192,1.2226228559472119,0
112.741003,103,130.730455,1.5808848109638265,1.156703940326234,0
114.19133,109,130.951835,1.70351246145031,1.3933868474031863,0
115.91642,99,131.285142,1.7841507439306037,1.4983328007166512,0
113.517509,101,132.031549,1.7630859904059586,1.3004953916793511,0
112.189547,100,132.189799,1.6824642294449232,1.3302326240713245,0
113.997175,106,132.422351,1.7213903707512075,1.2398369759324248,0
115.005991,102,132.722214,1.7293744192694411,1.3134230666151707,0
115.313293,104,133.038236,1.7267293726130004,1.1874573320540465,0
116.417076,98,133.749573,1.753649165700921,1.6662002665122875,0
114.529307,96,133.911455,1.7301003521963467,1.532781326837866,0
115.03356,103,134.082875,1.6670232537889398,1.4765801017291154,0
115.526939,102,134.25351,1.6857583123504931,1.6116070134243694,0
116.059702,104,134.427423,1.6064569752269984,1.4745357745503918,0
109.021108,102,135.015859,1.5640229968581274,1.2399673466728547,0
115.964073,98,135.174975,1.9730180324808928,1.331381986365609,0
115.870208,104,135.329437,1.6728241638458077,1.2326739218530882,0
114.835783,106,135.493451,1.6945725128288638,1.375196593819359,0
114.69627,101,135.655959,1.7651011164115333,1.1973289002024419,0
114.434448,98,136.34268,1.9308509065360295,1.3540104445995913,0
111.693468,103,136.51012,1.7788265492324917,1.2547262864786808,0
116.471324,109,136.714787,1.5989737111487876,1.2208927291228093,0
115.356287,108,137.034544,1.679044807768067,1.3139472641660945,0
114.221135,104,137.410266,1.6612101281103373,1.2080774889798451,0
115.482985,104,138.163163,1.7213885979907866,1.2225660675032752,0
114.663718,96,138.317349,1.8911730559691666,1.3472488429201517,0
115.17291,98,138.48382,2.0274417990696523,1.273802879494044,0
113.734922,99,138.785284,1.8136879473822474,1.3476503252115355,0
114.904741,101,139.122944,1.7931166291697227,1.3021248710602509,0
116.26902,104,139.821093,1.7450965953248787,1.1214256440423234,0
114.494422,101,139.985904,1.6838604968652149,1.2928846786315773,0
116.996525,103,140.140736,1.7089012709440092,1.1674070398014353,0
114.160172,100,140.291344,1.7601302613415684,1.4429284572677858,0
112.785233,107,140.457444,1.610041562409313,1.217772765042374,0
113.127772,102,141.174086,1.621426301495143,1.0322528136268452,0
114.129806,103,141.341772,1.7000803279099166,1.2330123341866666,0
112.820193,100,141.502097,1.8196857487527227,1.2977334045623043,0
114.549578,98,141.663259,1.9201300092668183,1.2851546925479076,0
112.637471,110,141.844298,1.6183081687074135,1.1083365558385314,0
117.516403,101,142.42928,1.7405741697464328,1.4988595488514622,0
114.749202,102,142.622543,1.6901160909877426,1.19647195397853,0
117.355943,99,142.863587,1.754888875471065,1.3688247462159457,0
118.193884,99,143.145159,1.8568195337435174,1.4621442222786876,0
116.814162,100,143.499473,1.7522620024559223,1.4488528882532128,0
116.235638,107,144.204928,1.5509518593702312,1.2820971253379767,0
119.580798,101,144.372321,1.9161359060787653,1.275518597575115,0
115.112633,102,144.53735,1.710780599282483,1.4116156592794034,0
112.671983,97,144.694749,1.865736948127861,1.4080878470937315,0
116.527437,103,144.861351,1.7744205899344139,1.4855847473441643,0
115.431007,99,145.444411,1.621576835185603,1.3209258729125046,0
117.021195,112,145.639599,1.5375962648587291,1.3862522007987566,0
115.356927,109,145.826423,1.5533036736268744,1.330854038696329,0
114.530619,107,145.988523,1.5013427975486906,1.4101208949336008,0
119.422631,104,146.145916,1.5899187017361887,1.5542930737354264,0
116.422664,103,146.776495,1.5170146390533448,1.3934566192842757,0
115.373842,103,146.944353,1.5331233630803753,1.312567251207393,0
116.443535,101,147.102858,1.5977909846868685,1.4978693634467273,0
115.128468,104,147.373443,1.5287936582070822,1.5009272015083133,0
117.07337,105,147.744368,1.5140031502120117,1.4133789595798532,0
117.246275,106,148.419589,1.4392204041283194,1.152144794284004,0
115.994815,99,148.606932,1.61441601462471,1.3230851907721914,0
114.21878,102,148.805608,1.5297302642464603,1.210330426363571,0
115.129262,104,149.016139,1.5445473767751012,1.1821026558998213,0
113.531625,96,149.211292,1.6623247900897122,1.4433223983278078,0
119.945294,100,149.906502,1.8652818395872846,1.5968291101801686,0
119.224008,100,150.07828,1.829606109796604,1.5190491782988806,0
118.127296,102,150.247369,1.811866642524014,1.500453855090915,0
117.930339,107,150.430974,1.613092333944293,1.4969459298658212,0
118.484251,107,150.637141,1.713891529242632,1.5012900211025282,0
117.519608,105,151.301246,1.7514171546842077,1.23706599614136,0
117.322502,103,151.473287,1.7962924153804314,1.4107905744561657,0
115.223322,109,151.657763,1.732584595416311,1.1267314719760324,0
117.399604,98,151.833412,2.055919429620186,1.3361200301369058,0
116.587722,104,152.156298,1.7962894991003,1.297763276289209,0
118.442209,105,152.806892,1.9011582019552193,1.4561928117908798,0
118.78217,99,152.985307,1.991410380313936,1.766541998792367,0
118.301936,109,153.324754,1.8746256053584989,1.0542384743222082,0
116.241353,110,153.72419,1.8324859723789713,0.897810077946274,0
116.358741,103,154.101816,1.8835037476611536,1.7653916892718131,0
117.459247,100,154.733159,1.8493931045738232,1.7794001415201077,0
118.160883,106,154.915732,1.7745721192971198,1.576692038043123,0
118.906228,104,155.08764,1.883577218812461,1.7148333219232557,0
118.81956,108,155.26625,1.7323283147649056,1.4190747968947086,0
116.916616,104,155.849737,1.7193524104778488,1.7214996882892024,0
116.351008,99,156.019154,1.8152172814855394,1.6112746430079625,0
116.383355,102,156.173172,1.8692964853878953,1.6992576745580938,0
117.607423,99,156.353519,2.01026373907893,1.6636506807279339,0
119.784404,102,156.675805,1.8729317335729792,1.4371849826038103,0
117.833028,104,157.045609,1.7603200008736124,1.6185216768821273,0
119.236215,102,157.674717,1.9184621249482565,1.545076594726172,0
118.99108,102,157.834582,1.7796605870846047,1.702017300847219,0
119.130892,102,158.038319,1.774854483455561,1.6442279723674216,0
116.449143,102,158.377754,1.7609454178158679,1.6585003160909362,0
118.655721,99,158.739074,1.871748594178772,1.6765977095117068,0
118.06086,100,159.454742,1.828044144937047,1.5314260698232067,0
117.167585,99,159.809458,1.8435675225672674,1.5377946221257073,0
118.055295,100,160.154015,1.774418237557408,1.5942692746409806,0
117.697019,111,160.603246,1.8144189830262936,1.388973569341353,0
118.446995,101,161.009253,1.8088591418871343,1.5322278708047536,0
115.862955,98,161.720074,1.882509974022512,1.8483756175714958,0
115.672863,100,161.887831,1.8669351934585554,1.823169711385341,0
118.129001,97,162.067371,1.9331926360630867,1.8741791775652104,0
115.873926,100,162.389066,1.8406659659593332,1.8266518139363028,0
118.712602,98,162.749303,1.88649707470413,1.8692787861841973,0
119.045533,108,163.425449,1.8361705555219932,1.2213067791048084,0
119.60527,100,163.595692,1.9512201100640205,1.6476290973160206,0
120.794311,100,163.791992,1.9458214036108796,1.5908976428544925,0
116.829901,101,164.00185,1.946707857533659,1.2650221524519474,0
117.94502,107,164.224749,1.8920759095129425,1.12642975300652,0
119.376907,100,164.85095,2.280854823249787,0.9681258674217088,0
118.66278,100,165.031981,2.3080028068523992,0.8911573439390645,0
117.58303,100,165.315097,2.2787349167644186,0.9426928394051689,0
118.428246,101,165.68862,2.240170262894567,0.9930924380834698,0
119.751729,98,166.058235,2.290452602538522,0.9931891423826966,0
113.05915,104,166.826477,2.1162311792835853,0.860119804224327,0
117.877521,98,166.981554,2.053075501329403,2.00953101887869,0
118.890458,101,167.137621,2.099913905964247,1.723727003683528,0
118.507772,97,167.347922,2.017373026327807,1.9989999397809304,0
120.293242,100,167.663841,2.3633578559905937,0.8759785084671585,0
118.163449,98,168.402098,2.0007421435128854,1.9124882411910473,0
120.879061,98,168.620489,2.0793330720643852,1.8708458412651294,0
121.755549,98,168.847281,1.9769375433288217,1.8345458887202544,0
120.547083,96,169.064363,2.124212023799873,1.7715599784981815,0
121.350521,100,169.29435,1.9847996857755557,1.7168981429639105,0
120.403618,97,169.953172,2.1336772129381316,1.5559994855717,0
119.712234,100,170.11817,1.9900636900350204,1.6782857585301,0
120.232606,100,170.284125,1.9622473768606463,1.7584025048072498,0
120.019972,98,170.446867,1.9819520311604266,1.7608855534940135,0
119.673423,101,170.616247,1.9375313666396228,1.6174063382529935,0
120.382987,98,171.204317,2.2377233129318177,1.4072312050105378,0
117.809237,100,171.39324,1.9213693375297591,1.8679131435560796,0
123.103493,96,171.568807,2.139950440886346,1.6649697718086631,0
123.03779,98,171.776937,2.1529985712598694,1.6070502862727376,0
124.475441,98,172.015101,2.1258452426009797,1.776234588848428,0
118.218987,100,172.281428,1.838586275175181,1.7465077985050486,0
122.084626,96,172.891254,2.0936463971053145,1.3405567650040895,0
119.939829,95,173.065187,2.087502171012351,1.8437276755051428,0
120.744248,96,173.26498,1.9991535365794293,1.9131632285453188,0
120.124036,96,173.487965,2.058852526071157,1.7241680548269493,0
121.953492,98,173.740341,2.052488842772095,1.411646836365813,0
120.862131,101,174.369507,1.946454831784424,1.6721347725576838,0
122.619879,98,174.543708,1.9974660160766717,1.6978609238333053,0
121.44045,99,174.786399,1.9542601816941985,1.6173286323746991,0
120.413465,96,175.113317,2.0083559069092116,1.6850632747591396,0
119.642161,96,175.463439,2.0759791231028752,1.6068731972596693,0
122.051236,97,176.188817,1.9790253208082265,1.7847726046864096,0
121.911463,97,176.353809,1.9770878232088562,1.5490435258875828,0
122.078942,96,176.542665,1.947046925303589,1.7233290488209265,0
121.72057,97,176.806225,1.9896408318492642,1.5994957227414923,0
123.288913,98,177.155136,2.085339158509584,1.5665832188583084,0
120.484324,98,177.942503,1.8823530809684421,1.7676154212741066,0
117.816562,97,178.346458,1.8753885958370184,1.7489765097590442,0
120.882799,96,178.737122,1.9563847879700158,1.737474672485216,0
120.734482,96,179.117766,1.956489163338054,1.9209545580443534,0
118.026499,98,179.505361,1.90850520449711,1.8346457863923478,0
119.691165,96,179.884073,1.9023540102416197,1.803894494585153,0
121.581462,96,180.509641,2.05321570763022,1.740614432662864,0
121.111859,97,180.666348,2.0123868406395506,1.70985503590469,0
122.493822,96,180.896598,2.0551076479205355,1.6598107198984915,0
120.009583,97,181.206783,1.9742970139716578,1.6892482081190914,0
119.339929,96,181.555428,2.008731455667154,1.7044926988842573,0
119.255899,94,182.269921,2.054052100792702,1.6048288968370974,0
123.516675,97,182.433826,2.0157976953112238,1.554658309909601,0
121.054311,96,182.673775,2.1154561136928436,1.7546324005590612,0
121.595011,97,183.004042,2.058533901640018,1.5080531764582181,0
122.228405,96,183.354566,1.910082604097945,1.7532513583185025,0
121.967228,96,184.110571,2.123109487017544,1.6568208213838413,0
119.298352,95,184.276829,2.1373250922810234,1.5310557402588616,0
115.809084,95,184.455964,2.008553966841795,1.365760676132037,0
121.175501,96,184.687645,2.01228653316573,1.6796118492099794,0
120.119688,95,185.006425,2.1479445503596764,1.4918389004635564,0
119.747637,97,185.350378,2.0611652892165915,1.2515012058397426,0
119.643023,96,185.987136,1.9729388466064761,1.4656226368637237,0
119.470427,96,186.152271,2.0837872922124707,1.4911535683496686,0
119.445187,96,186.329784,2.120251806409176,1.444346765120957,0
120.375841,97,186.631612,2.0520012673536465,1.5848153807270728,0
117.855866,95,186.974612,2.0498694696361164,1.482226998599419,0
120.568532,97,187.723721,2.141353106217963,1.3649839255978058,0
114.494397,96,188.018823,2.068295521247647,1.3528962186968223,0
120.789888,95,188.313824,2.1588116373242454,1.6036352993543599,0
116.395365,96,188.610642,2.00466515238093,1.552575553075517,0
117.256449,97,188.911798,2.0303166444252576,1.449103600725619,0
120.276239,96,189.619082,2.0604089394993492,1.5119381147782824,0
119.678833,96,189.777483,2.0522909719518885,1.6390158395861798,0
120.793342,95,189.956909,2.1223036745910893,1.7226737789544613,0
118.342039,95,190.157728,2.0810079452358385,1.5692410831927033,0
121.520467,96,190.389489,2.0298565284654617,1.696378882149846,0
118.696806,96,190.641692,2.13040692252818,1.5548305018956732,0
119.795987,97,191.252207,2.115870485954871,1.5998233397249648,0
119.858351,94,191.40571,2.1513414489540406,1.6991882243676608,0
121.943011,96,191.562525,2.201072022335743,1.5086166294937051,0
120.45324,98,191.708889,2.0680032427782136,1.4489633136838105,0
120.770356,97,191.877908,2.1688051663423513,1.313492518408747,0
121.951886,97,192.552625,2.0485387938571047,1.7084710740623394,0
120.199032,98,192.72351,1.9745043715201425,1.7914558708482946,0
121.119307,97,192.90402,2.0143695165309303,1.7881748092945808,0
119.515782,96,193.093196,2.068350804628218,1.763866874047307,0
121.869682,95,193.286093,2.107017172948517,1.8232763828737952,0
118.13835,96,193.895353,1.9288577289987332,1.8794252179858186,0
119.187287,95,194.056865,1.9945469511955474,1.9047728820270633,0
121.493417,96,194.23264,1.9803683915727146,1.9200436851528213,0
121.956456,96,194.395509,2.003876092596523,1.8454662691618444,0
118.817304,95,194.533786,1.9010550989338189,1.7717220855956828,0
121.124482,99,194.682643,1.901497862778886,1.7868763297347598,0
116.015838,95,195.271547,1.8220670277504702,1.5747046608975634,0
115.34396,95,195.41525,1.8689496463613464,1.53228741838975,0
116.046021,95,195.56953,1.8364872986438565,1.550643632701689,0
117.623551,95,195.723011,1.8487864537727576,1.599707405833379,0
118.820336,95,195.876361,1.84450001630206,1.5732258644501695,0
116.686406,94,196.464444,1.8844198177223692,1.5440679225620009,0
116.877705,96,196.632961,1.8508673119761199,1.5305213965084,0
116.281302,95,196.817167,1.8206608159613562,1.4643323698015192,0
114.25374,95,196.999666,1.7455118601519184,1.3200269555547435,0
116.478557,94,197.153243,1.860237180332948,1.5644067518729894,0
113.501597,97,197.722937,1.743089949304643,1.3716425337154126,0
115.67286,95,197.890887,1.8480712604896559,1.4743033637357983,0
113.283218,97,198.138088,1.7109844792905249,1.3206407364947585,0
114.074842,96,198.381926,1.8412249630042732,1.4944056143737647,0
115.766146,95,198.622583,1.8270823530859317,1.4767045080865546,0
116.206587,96,198.872284,1.7674069288063223,1.4507513370317016,0
116.248459,95,199.491472,1.8296086962884222,1.458353045093054,0
114.503409,95,199.653873,1.8796944303797558,1.5315970703164437,0
115.657845,96,199.835152,1.7977206285356915,1.4374066884548924,0
116.556523,94,200.0419,1.848933909532639,1.5285416553640654,0
116.322709,95,200.251058,1.8449766863897354,1.457004157815934,0
116.862559,96,200.95961,1.8318063717634772,1.448836465294271,0
116.55774,94,201.155114,1.8841149372336614,1.503986121530721,0
115.797939,95,201.313317,1.9039085622324412,1.4809915317703493,0
114.033219,94,201.467309,1.8218629440120389,1.444258886416708,0
117.838029,95,201.622891,1.9115094991505508,1.5813349211934213,0
115.974389,94,201.775239,1.8125453183258595,1.4377247811287603,0
114.344265,95,202.470502,1.7719784482646774,1.374733333113811,0
116.843615,93,202.657366,1.8910294454426315,1.543777050642891,0
115.507225,94,202.900127,1.8770368714326664,1.5480647640717038,0
115.400231,97,203.158648,1.8183086389902727,1.4245171614204062,0
115.171912,94,203.471248,1.9131655662742033,1.5524744910457842,0
118.801314,95,204.238941,1.9296430548672814,1.6535757379373834,0
115.6221,94,204.402481,1.8740523462452825,1.4797678592491486,0
117.800245,95,204.562495,1.8573714835084116,1.5208352934753278,0
117.210527,95,204.742712,1.8644406842569807,1.5138725168159828,0
118.40392,95,205.005954,1.8989463452434565,1.5578033417377593,0
117.950258,94,205.756202,1.850466317345047,1.5294254004794177,0
115.124355,94,205.916102,1.8298101762713972,1.444967875368685,0
115.562097,95,206.090265,1.812453259985839,1.3881167372213001,0
116.786463,95,206.230358,1.8746593403557537,1.5475810310262363,0
114.261439,95,206.370798,1.8141888768416048,1.3914368462674236,0
113.063344,95,206.509967,1.8120507822931626,1.3864922820333871,0
116.580494,95,207.090152,1.8806295825318071,1.4705923350525663,0
116.260046,95,207.249552,1.864340078183176,1.4259784913975984,0
115.3719,94,207.401394,1.8721114780438737,1.499703580498542,0
116.738447,94,207.551311,1.8606987759923606,1.4651778295657902,0
116.736167,94,207.702423,1.9279579398395805,1.5060724439756867,0
122.553442,95,208.277013,1.8852076807459361,1.794090165287066,0
121.263692,96,208.440082,1.9417680181469512,1.7689246722507692,0
117.170552,93,208.585739,1.9045860046585616,1.7498853591424721,0
118.333019,95,208.726787,1.8969772917514574,1.6940931320786563,0
118.577297,94,208.868791,1.7705791871998353,1.6189446576916544,0
116.972375,94,209.020602,1.958607843679688,1.7713600193265677,0
117.455611,94,209.69484,1.9409258868048331,1.787898494958973,0
119.761968,95,209.846703,1.9259117262759802,1.8167003911780437,0
119.732892,95,210.003504,1.9329475594361978,1.7831281281469722,0
120.394415,94,210.140924,1.9403872398454454,1.789076613559214,0
117.957413,94,210.277501,1.8989906402095595,1.683879950835474,0
121.00654,94,210.86972,1.960892125393964,1.827131258632053,0
121.109279,95,211.020668,1.962401082941404,1.8184336608633285,0
120.661056,95,211.162054,1.949119422398167,1.7855024275160778,0
121.949588,97,211.305212,1.8330807848928923,1.653648636044332,0
119.803166,95,211.450861,1.8812865917944022,1.7145415028674436,0
120.702708,95,212.027888,2.0521744843791074,1.7685354597298004,0
117.592833,95,212.184246,2.0177069423382035,1.333061290286413,0
119.425978,97,212.344234,1.9217391905593815,1.4613609882402305,0
119.952072,97,212.502191,1.9953933720211994,1.4060701567578453,0
121.686993,95,212.656246,2.036071218303453,1.71565315399202,0
119.583549,96,212.897681,1.9094627179912738,1.435608580006187,0
119.395089,97,213.52561,1.938447893204982,1.4811319151513005,0
117.923877,96,213.67974,2.0009485968733762,1.410786951831021,0
117.863093,95,213.820981,1.9843261142340072,1.4144120145280616,0
119.52216,95,214.000953,2.045591611668483,1.5411760951493934,0
119.681044,97,214.215493,1.9440301202227754,1.437451420197454,0
117.166089,94,214.916777,2.0277920008236863,1.616268165238114,0
118.777786,95,215.077824,2.0324700164878613,1.5352113201469828,0
117.958802,96,215.219864,1.953659906397845,1.4935037006300664,0
119.886355,96,215.371863,1.9753717890809923,1.578671873961707,0
120.775797,95,215.512158,2.041386403390341,1.5616816785775567,0
117.625777,94,215.689091,2.002824339594973,1.609422952134786,0
119.758177,95,216.373027,2.04215858130484,1.6005405689878143,0
119.342173,95,216.519606,2.0675593707354962,1.5718912949098682,0
119.26707,95,216.66241,1.9991327073799785,1.616835252593132,0
117.207474,94,216.86224,1.96344591678331,1.5416610637159707,0
119.180976,94,217.03827,1.9857646042783845,1.5913146141574093,0
119.614608,96,217.714027,1.9601265372551113,1.6427985247467851,0
118.858124,96,217.880149,1.9024574165466444,1.555218048553608,0
120.49838,95,218.037221,2.010238128254627,1.6798845632416008,0
117.393484,94,218.24451,2.005817961718796,1.5940328727475492,0
117.869179,97,218.458045,1.8503422897041717,1.4563991812207788,0
118.732535,94,219.166854,1.990726774629271,1.7371597229072953,0
118.672192,95,219.330185,1.9747358220564495,1.6888229803934893,0
119.155674,96,219.471492,1.9220449690884527,1.5534095340093288,0
119.882897,95,219.611104,2.00479935656767,1.6510315531505284,0
117.997169,94,219.75627,2.0041201346237356,1.6273246118240434,0
120.923871,97,219.911712,1.9478028052879197,1.550252150514329,0
119.471708,95,220.585942,1.937976113279215,1.5642865931514276,0
119.372856,95,220.733668,2.009931680868211,1.5858597403521393,0
117.961694,94,220.871206,2.0522155031898226,1.607123187442821,0
119.271428,95,221.01818,2.0013504149975407,1.6451340636496263,0
120.019366,95,221.180616,2.0450084144931653,1.618190280916457,0
119.784833,95,221.767783,1.9984436428824524,1.6055422957456649,0
120.24977,96,221.932448,1.949348802526182,1.669162424191563,0
120.419185,94,222.132786,2.035857717153521,1.8020621026909045,0
118.910621,94,222.36248,1.9794925855670666,1.6791855350163702,0
118.488395,94,222.565525,1.991466740940261,1.671109193876049,0
120.959685,95,223.32074,2.0398871291021283,1.7538779437639738,0
118.538176,95,223.481902,1.972954205809695,1.4409834665182515,0
120.587527,95,223.645994,2.0307342956218513,1.6424937281593048,0
119.869048,95,223.803454,2.0597948592672974,1.5878371760147116,0
119.689776,97,223.962649,1.9914677840324864,1.510553037101767,0
120.139497,95,224.117805,2.053571117044545,1.6704331083303765,0
119.785967,95,224.722064,1.979921447205316,1.7143534897604042,0
120.938188,95,224.885247,2.038176151689853,1.7440691608930283,0
118.412104,93,225.023726,2.0033325649021063,1.7273333395698045,0
120.396018,95,225.209736,2.010406945093588,1.685219874586712,0
118.585834,94,225.422627,2.020954912246716,1.7315368457193796,0
122.350492,96,226.091318,1.9947717317034266,1.6011541735574795,0
119.1227,94,226.294498,1.9921679254608684,1.5843821307404704,0
119.977258,95,226.486505,2.009508681309425,1.6550325002324022,0
120.594986,95,226.723045,2.0734752057809303,1.6950617325209916,0
116.805851,93,226.987947,2.0462039717465688,1.7226937860330735,0
118.884806,94,227.306339,1.9859879542682988,1.7403295995677686,0
118.97015,94,228.027035,2.010004762538892,1.621085589198504,0
120.023088,95,228.186246,1.9138348731520292,1.6232453817835517,0
118.267981,94,228.415785,1.9917536505285036,1.5809234577483002,0
119.968583,96,228.761704,2.0005988982614844,1.4929309960529014,0
121.450698,96,229.12322,1.9676561457939192,1.543821482400426,0
120.196864,95,229.901074,2.0616219268488782,1.633470383552342,0
119.652128,95,230.065807,2.0075734950524855,1.5204590650785499,0
121.069198,97,230.254694,1.9733777885453734,1.5052603031313183,0
121.843376,95,230.541927,2.0843705239582864,1.7195183631274273,0
121.601058,96,230.883597,2.046670147056188,1.5552608301454338,0
122.066202,97,231.748402,1.9345461359942133,1.598585310464564,0
120.21585,95,231.919175,2.0561891847232254,1.6075519270631835,0
121.755682,95,232.064005,2.042339503364864,1.629030047865811,0
120.892367,95,232.206281,2.059323166095171,1.5954146374970266,0
121.186288,96,232.409691,2.0203032982384106,1.5276288141087035,0
120.258906,95,232.735811,2.002909754825465,1.6141142102617285,0
120.50932,95,233.399691,1.9935894999941746,1.6825604553137963,0
119.110717,95,233.609932,2.0054801030925384,1.6590887943613626,0
120.368737,95,233.823249,2.0049703797042744,1.611645650788001,0
120.764996,95,234.128711,1.997623218185053,1.6745205939229488,0
120.531334,95,234.473585,2.063313589139143,1.6849717060670237,0
122.23024,95,235.217341,2.0533118613268426,1.6846149793593654,0
120.525516,95,235.378575,2.0006431474142983,1.687904429351521,0
118.565458,95,235.562717,1.9942432245521953,1.6043919300035618,0
119.363359,94,235.764461,2.0614182508025216,1.7180165433358368,0
121.513443,95,235.972596,2.0433038227796296,1.7384637282611484,0
121.54274,95,236.225299,2.030075811361285,1.5904386816403089,0
120.537966,95,236.926653,2.0059032052674635,1.566373537857596,0
122.644657,97,237.090252,2.027958890711837,1.7145871798814238,0
121.285578,96,237.268752,1.9863813521210318,1.571796481212112,0
119.797987,95,237.467904,1.9968795521197873,1.56634334802366,0
119.043141,94,237.690361,2.0557475256642865,1.6398199377623246,0
120.981379,94,238.435374,2.0708562876181684,1.7715810055057246,0
121.167832,95,238.833844,2.060246872891409,1.684303096843935,0
122.002598,95,239.232061,2.065532923931957,1.6011805129281054,0
120.86717,95,239.629863,2.01333778790498,1.7313384891993018,0
121.055372,94,239.959395,2.0354033298006837,1.7378095753668323,0
122.041618,97,240.601981,2.0335090538213274,1.42891271615719,0
122.782277,96,240.773495,2.088891042330173,1.5433922521267793,0
122.990411,96,240.93125,1.9984947746362127,1.607035695934343,0
121.951303,95,241.110817,2.0693267886887945,1.62035948002268,0
120.445825,95,241.314476,2.027548765928839,1.5956940040549825,0
122.737777,96,241.548356,2.0187007665001864,1.633079217314594,0
120.744623,96,242.157014,2.0344000957096893,1.6431180633275229,0
121.639492,97,242.328079,1.996250111300455,1.5104722633311667,0
122.272233,97,242.522552,2.0919980811601113,1.477172461699785,0
121.512236,95,242.736115,2.085108108360465,1.4942105637257177,0
121.922796,96,242.980608,2.0561545684964817,1.5049846173942427,0
122.310253,96,243.620301,2.066702728663243,1.6558088217843319,0
122.948821,96,243.787846,2.0893207328609424,1.5170324276621625,0
122.346198,97,243.979764,2.041684874708992,1.4428370764509912,0
121.553608,96,244.196558,2.032141807241035,1.629603382833866,0
123.09603,97,244.433751,2.0772069854986084,1.5102467974515157,0
122.018512,96,245.149242,2.0484137766694905,1.4578748360477793,0
122.619336,95,245.317492,2.0696246408614534,1.5803540591979917,0
121.679219,95,245.47196,2.095078554005792,1.6672093933657313,0
122.068846,95,245.625324,2.014226970403523,1.6682025189960474,0
120.613689,95,245.77701,2.047743377142853,1.5044538774238485,0
121.353758,95,245.929155,2.1260298269546767,1.5218446795514025,0
122.371188,95,246.512077,2.0075340770264742,1.794080864265108,0
121.775605,94,246.671452,2.0374357810288806,1.9044097588434128,0
121.41064,95,246.909935,2.0033704394360194,1.8353808524521846,0
121.542308,94,247.234897,2.046794563151158,1.8150706952442694,0
122.159036,96,247.586236,1.9966878190183568,1.8003511548005793,0
122.454651,95,248.297939,1.993954645490372,1.741885289650776,0
122.058708,95,248.460921,2.0067931717674727,1.7250334579044095,0
120.878126,95,248.614272,1.9823277279867209,1.7680240600718178,0
122.685581,95,248.788833,2.045761385710737,1.759577880149369,0
120.983291,95,249.08002,1.994857919494483,1.7967532234624626,0
121.156686,94,249.402273,2.021255914648806,1.7410862182415805,0
122.069312,96,250.096138,1.9773929983332779,1.6496980357144366,0
123.945906,97,250.258504,2.01154361775112,1.714488273063614,0
122.284682,96,250.416393,2.02436547935627,1.6414150832919214,0
122.402585,97,250.586556,2.012426889367767,1.6159028577613181,0
122.217943,95,250.784539,2.025164670555786,1.6665607264838471,0
121.669396,95,251.50761,2.0409281587349493,1.744306350639843,0
124.603543,97,251.674563,1.991124339684714,1.714316178553274,0
122.710911,95,251.848563,2.039284947777577,1.7894522119742398,0
123.323512,95,252.036051,2.0376411308394293,1.7305651543184584,0
124.067517,97,252.232158,2.0105164190767586,1.7203024917540306,0
122.42273,95,252.814744,1.9498159772090629,1.7771046557229755,0
121.625409,95,252.987799,1.9770643414118572,1.71466634558217,0
123.432717,97,253.153364,1.9748662271231638,1.5890931743982046,0
122.757619,95,253.295565,1.9931865621038205,1.7095041285984445,0
123.163426,95,253.459178,1.9645039069415806,1.7733346554893485,0
122.903206,96,253.662122,1.9954696482312972,1.6938159616791397,0
122.891472,95,254.265128,2.010345370699028,1.879215375168018,0
121.376188,95,254.40949,1.9550262998923462,1.7667155173412536,0
121.488767,94,254.550508,2.011428484442393,1.759056542732141,0
121.92713,94,254.690915,2.0304422249021132,1.7900432452365334,0
122.931537,95,254.85627,2.0217701728833135,1.7475985187076217,0
123.177354,96,255.44589,1.9790128468185213,1.6084670379851378,0
119.992082,94,255.604064,2.0494109388628097,1.821529645932308,0
121.331922,95,255.759565,1.995838448312617,1.641645286776461,0
121.831676,95,255.920106,2.0317456711843924,1.7074696433024852,0
122.190707,95,256.101884,2.0353856713618943,1.6619068278390152,0
122.440529,95,256.714007,1.9843458366160533,1.7206454700436153,0
123.538007,96,256.888115,2.0573464219602817,1.7513574192318087,0
120.626232,95,257.07066,1.9723001169621517,1.7720054162315055,0
121.900022,96,257.309146,1.9909606681579086,1.7776967892691313,0
122.578362,96,257.646813,2.0383846360072444,1.8081692977637276,0
121.53803,95,257.99655,2.0045347485475333,1.8085348621300095,0
120.437379,95,258.644655,2.0484265761200025,1.849705267008777,0
121.036691,96,258.813031,1.992185612707956,1.6955500504280145,0
120.406162,95,259.056684,1.9847354880040682,1.7190224861294001,0
122.234236,95,259.39879,2.0254458511523463,1.7422227002205604,0
122.857712,96,259.753887,2.0000046230732806,1.6272696509580415,0
121.597522,95,260.468092,2.018216229026486,1.8495696356430484,0
122.240605,96,260.638469,1.9630112441892658,1.6301755865698908,0
121.605815,95,260.799752,1.9687488495580772,1.6804987977601407,0
121.035665,95,260.973959,2.051238092982654,1.800194254686423,0
122.149284,95,261.265132,2.0250828689526896,1.7223903082731518,0
123.035888,95,262.027259,2.0006095620406716,1.836483139935653,0
122.120053,95,262.193814,1.9936772789745778,1.7622763622542408,0
123.255101,96,262.361537,2.0000160706455024,1.7323126897911958,0
121.4891,94,262.560219,1.9751257329462653,1.7899182911609226,0
121.310463,95,262.802056,1.9969823056429656,1.7799325543855873,0
121.604484,95,263.115705,1.9456465687388844,1.7575627936537104,0
120.760805,95,263.773728,1.960410293315004,1.7955600387979702,0
121.936993,95,263.984481,1.9859348045467977,1.8152441044900478,0
121.786991,94,264.193144,2.019133196156366,1.7926667787874757,0
122.20488,95,264.404908,1.9828620830984702,1.7523229872823676,0
121.018799,95,264.614454,2.0267766495700497,1.9759609687643085,0
121.90635,95,265.33552,1.9758339063252472,1.75597937127587,0
121.398419,95,265.502765,1.985810647210967,1.8107562344948227,0
123.129951,97,265.673392,2.005253074692799,1.801668613367287,0
123.100414,95,265.947504,2.0307526354397942,1.7535778998929972,0
122.48714,95,266.235422,1.9902496337216191,1.7347594879402788,0
123.011782,96,266.579346,1.992338911677835,1.6312190989367512,0
120.12001,94,267.230611,2.0026115182433895,1.8673003362539284,0
120.5449,94,267.386365,2.0182957262841588,1.796008207539477,0
122.883308,97,267.542969,1.9668067633113466,1.7020756415804752,0
122.035101,96,267.697082,1.922626411854403,1.6769913579072293,0
121.148219,95,267.856222,2.032805965656177,1.8890827348875108,0
122.013925,96,268.544488,1.978770172375779,1.809601454614415,0
121.448657,96,268.706089,2.010843160383418,1.8473594264176902,0
119.979814,96,268.858347,1.9756667542660853,1.8107848006458303,0
121.727986,96,269.013608,1.9893863853304918,1.8364723394666052,0
120.238761,95,269.167682,2.036931142994074,1.71241218801426,0
120.719979,96,269.837322,1.9473395854291704,1.8517763022829499,0
121.608384,96,270.004252,1.975705724690125,1.768089114582748,0
121.51367,96,270.149241,1.9649318734048904,1.7714945522049141,0
120.324015,97,270.300573,1.9271365090969597,1.7077033065959364,0
122.278555,97,270.458841,1.904677596322692,1.6803377717902919,0
122.380419,97,270.619203,1.9711161281577443,1.680950944759372,0
121.935054,97,271.329379,1.893630049733871,1.8128142330577839,0
123.801272,98,271.507177,1.8073046429112354,1.6178350916464888,0
122.452249,97,271.667046,1.896676365787834,1.8776006326656576,0
120.886134,96,271.833086,1.9328731320374668,1.8134055291842397,0
121.987167,97,272.028648,1.8463294601085638,1.7609103626493419,0
122.793312,97,272.689235,1.8156962100616256,1.7425492681412367,0
120.324932,95,272.900763,1.8488855061364273,1.80586115227091,0
122.166049,96,273.041184,1.8306132142740006,1.7668714405720674,0
121.279806,96,273.185931,1.8239287853682085,1.7339228526131367,0
122.013353,96,273.338455,1.8158516569504075,1.6922492956336035,0
121.639641,97,274.005034,1.7871240656193494,1.705140842248803,0
122.832152,97,274.16609,1.7565588080671604,1.6843752015234557,0
120.832773,96,274.363897,1.7280775644475577,1.6434159169086595,0
122.132278,98,274.61863,1.671155160027081,1.6559827914272636,0
123.472428,97,274.940741,1.7597478324248705,1.6544300554348257,0
123.156254,97,275.741639,1.7196514998871917,1.6180578412566182,0
124.487855,98,275.900873,1.7895292332288582,1.6560368315825695,0
124.18745,97,276.051637,1.8264445265188411,1.629343074479113,0
124.864579,98,276.2071,1.7620551706461958,1.5425120439603002,0
124.154334,97,276.362875,1.7944244926122315,1.5949194330404313,0
123.231788,97,276.607077,1.7651793545310908,1.6564743593897366,0
124.149918,98,277.337194,1.7202740599007615,1.521531778550678,0
125.176743,99,277.506745,1.6954440255008159,1.4263790004280148,0
124.81034,97,277.668278,1.8068382907846108,1.626147463481521,0
124.832126,98,277.852108,1.776795668596384,1.5440847350619142,0
124.342637,99,278.019682,1.7264697161916494,1.5286210061823238,0
123.495569,96,278.719827,1.905193543770504,1.6824005493108183,0
125.521824,98,278.906501,1.9196828114751714,1.5751591308894213,0
123.897685,97,279.146247,1.8957894264934543,1.6617839064115394,0
124.632782,98,279.481191,1.851961532853267,1.584732674520265,0
123.976296,98,279.838445,1.819229603577985,1.590143785709974,0
122.790622,96,280.66355,1.8828675262218342,1.5989728931790081,0
124.466239,99,280.833618,1.8858847826780414,1.4576793690029468,0
122.688595,97,280.976268,1.888080045156478,1.4849784516258209,0
123.405128,98,281.153718,1.8462904209222197,1.407151416284276,0
124.79955,98,281.36845,1.8293272915274985,1.450368860210442,0
123.072473,97,282.087342,1.9138542301307868,1.5799626442537478,0
123.150352,97,282.25575,1.9016698651302477,1.4465080175497416,0
123.983977,99,282.404232,1.8672061288831925,1.3963068487644028,0
123.614834,98,282.548738,1.8826173545776896,1.5037253814296443,0
124.914681,99,282.69511,1.863645705369604,1.3687711641952964,0
123.315818,97,282.851236,1.8597634564894248,1.5736647847648504,0
124.900824,99,283.518332,1.8545191200196733,1.524816069145109,0
123.939503,97,283.666003,1.9130086551934753,1.5280847829379005,0
122.674191,96,283.807839,1.8974040009089013,1.5279571845364468,0
124.495676,98,284.042544,1.9445128880690454,1.4458854252841389,0
125.824379,98,284.325288,1.9118039552823962,1.5435231150410773,0
124.713663,98,285.016455,1.89088124562782,1.6065746802770873,0
121.991936,98,285.213665,1.8550651862216052,1.3796353645097552,0
123.49134,98,285.453946,1.8991659255989874,1.5430992923549767,0
124.062924,99,285.672034,1.8134663621973783,1.4052135318796364,0
122.344162,97,285.886514,1.8562778498469654,1.508241857304997,0
125.201072,99,286.602988,1.8634685671342215,1.4696906148408682,0
124.644229,97,286.769768,1.9038044676224941,1.60230010485628,0
124.814394,99,286.927579,1.8191084569676659,1.3520469188107294,0
123.610646,98,287.120823,1.774906741732018,1.5512974415648129,0
124.483441,98,287.444512,1.8593362114472876,1.403438710766196,0
124.574634,98,288.220191,1.9344389331495404,1.5179831591715849,0
124.058185,98,288.379395,1.9679959030401684,1.4799771060940985,0
123.595575,97,288.530443,1.9690885555929771,1.5078890084486785,0
124.060733,99,288.690239,1.885634365256484,1.3997603364147242,0
123.386237,98,288.851394,1.9232146236657328,1.4134038547439325,0
123.187088,99,289.114718,1.8489808330080868,1.2964151578873315,0
122.845149,97,289.721932,1.9169324712468803,1.5567561257015083,0
124.281542,98,289.889183,1.938765041955735,1.5407498601791951,0
124.083415,99,290.178466,1.8922603222557057,1.4249359084947626,0
124.303619,99,290.534973,1.859400681027715,1.4495468719285547,0
124.411897,99,290.896323,1.861776797684862,1.3762681435881416,0
122.721824,97,291.547866,1.8427427700318324,1.4218199020063378,0
124.26868,98,291.712104,1.902012695771857,1.365249185570312,0
123.441553,98,291.873355,1.9339419518683996,1.3911990453492535,0
122.437222,98,292.034318,1.902498999329905,1.4208547007651033,0
123.116862,98,292.196927,1.8642542607316244,1.3881926326679392,0
123.381878,97,292.780566,1.8974206950063592,1.5026496156192253,0
124.33716,98,292.948452,1.7919351613315158,1.4120592973401493,0
124.990388,99,293.188353,1.8664266889385084,1.3620897676550383,0
123.870943,98,293.526847,1.9242262279933167,1.5167261320772498,0
124.929304,98,293.892669,1.8956930268473426,1.4475967316752356,0
124.986127,98,294.645108,1.9215773381275194,1.4787635528012668,0
125.153956,98,294.80575,1.9323913496605962,1.558977935455848,0
123.875745,97,294.966661,1.8827019246648433,1.5263526086681127,0
124.275177,98,295.128593,1.8810331250905032,1.5121398981521068,0
124.575388,98,295.3375,1.8667338333315902,1.4183451458316374,0
123.943689,98,296.105096,1.8790591838692303,1.516826675683705,0
124.10497,99,296.2663,1.8276511537768891,1.548219933445123,0
124.188159,99,296.431334,1.8285712019648603,1.4896637844287777,0
124.366499,98,296.593572,1.8169439307871667,1.576226930421901,0
124.531901,98,296.755702,1.800416486422778,1.5804245603640343,0
124.745578,99,296.914133,1.8805312561383223,1.5218703549217942,0
124.807116,99,297.493386,1.7900560687006988,1.4228611514957248,0
125.346174,100,297.657084,1.7632512434382273,1.266569928655573,0
124.664028,99,297.816443,1.7498528633835617,1.3840948597326728,0
124.009582,99,298.006168,1.8099637693251978,1.3483692730577104,0
124.953145,99,298.320714,1.7282776660081491,1.3708570018028219,0
123.581982,99,298.999791,1.8314888324940304,1.255590013744056,0
123.716816,100,299.166861,1.6792069701608947,1.054150948765454,0
124.66273,99,299.330713,1.8259853416568177,1.1569610789127123,0
122.225116,99,299.518871,1.7733710752164775,1.108135001265792,0
123.636496,100,299.716833,1.7211145472974805,1.114810261977333,0
122.263568,99,300.340616,1.823922884340142,1.070835931377406,0
124.338238,100,300.538276,1.7766121048642187,1.2201842689036357,0
122.568106,98,300.704324,1.7329941139193008,1.1750202940784178,0
122.347646,99,300.883493,1.755377717305922,1.0549462948821633,0
123.747029,98,301.122892,1.8442012209317338,1.351627523269268,0
123.862418,98,301.890561,1.8864572472468368,1.3920871150831517,0
124.451187,99,302.139811,1.8772578177275052,1.3643609259260006,0
125.167279,99,302.47586,1.9065894585438887,1.3337607186147638,0
123.140771,98,302.839707,1.8827579060290303,1.4521892697080114,0
124.210146,99,303.207504,1.9009869650133013,1.4253558021305202,0
123.175491,97,303.879308,1.8846667436598155,1.4584640563342774,0
123.400236,98,304.045638,1.881976539435721,1.5531743755875707,0
124.31785,97,304.208435,1.9766959277589617,1.5728005373957559,0
122.85131,97,304.369045,1.8792823166441233,1.6139614808467702,0
123.71556,98,304.581405,1.8232246852211733,1.52886183937306,0
124.775304,98,304.781204,1.8805583220206763,1.5569162026224383,0
124.727492,99,305.427115,1.8398727615055142,1.421795253019137,0
123.592228,97,305.610696,1.844599540114047,1.5609311725449402,0
124.312671,98,305.84741,1.8634553120815323,1.537283459740211,0
126.148156,99,306.180747,1.8950053306109265,1.5462040590396073,0
123.71369,98,306.4911,1.8313834126159667,1.361964643407307,0
124.463501,98,307.237661,1.8738333066069646,1.4525679565826022,0
124.514575,98,307.396137,1.847372621427053,1.5340209496631463,0
124.055097,98,307.542335,1.826076813082527,1.532575263421796,0
122.984697,97,307.68718,1.855969589617492,1.5526892201918088,0
123.696038,97,307.854341,1.8726988014772215,1.5300662110417393,0
124.942843,98,308.687938,1.8823522756134148,1.5210136507998542,0
125.708173,99,308.867524,1.8841517191101886,1.448006376474254,0
123.967521,97,309.01363,1.9041388988592376,1.6449606357669393,0
124.56856,97,309.15862,1.9628944935762351,1.5398318478515143,0
125.47397,98,309.305651,1.8779156264872596,1.5727263979356632,0
125.105609,98,310.023948,1.9361139374822467,1.6522115061277076,0
124.430174,97,310.198663,1.9340285930389696,1.6035607705496333,0
123.809081,97,310.359917,1.8715994443034127,1.5842523120580727,0
124.298972,98,310.532743,1.864065579357685,1.5457817944198293,0
123.84542,97,310.721901,1.929385168288326,1.6188742280372213,0
126.384898,99,310.92152,1.9311113343319473,1.4809414564349086,0
125.281499,98,311.615094,1.9219858678179855,1.5902119253955889,0
123.837581,97,311.784711,1.9649486159219458,1.7359129985828283,0
124.084375,97,311.940804,1.8850092653911257,1.5228776269959658,0
123.317766,97,312.086177,1.840688722557843,1.5393424104375288,0
124.943608,98,312.231702,1.9338244954940862,1.6542442589169117,0
123.615272,97,312.919806,1.9142426029598687,1.5916471968569204,0
124.356988,98,313.077424,1.8738591865491485,1.414198257261772,0
124.156558,98,313.221571,1.8325085503041243,1.5009639919772042,0
124.20154,98,313.366541,1.8444120853819002,1.5231677062643558,0
124.362297,99,313.513134,1.8689400463148897,1.5440568183597434,0
124.761979,99,314.185405,1.822817190441321,1.5210101848046216,0
123.361505,97,314.346983,1.927601037256315,1.5882464120196065,0
125.077013,98,314.494372,1.924117383367944,1.641705371804866,0
123.869363,98,314.652104,1.8666613562637693,1.4956702266019388,0
125.973344,99,314.823532,1.870478705872137,1.4909067468581005,0
123.907673,98,315.412103,1.8804612638303826,1.4450733986131863,0
124.560281,97,315.571849,1.8782539379200796,1.489322930457413,0
123.166404,97,315.724521,1.8478304514190729,1.6395584698002792,0
124.844761,98,315.906144,1.9070090406722797,1.6166778148891157,0
123.432681,97,316.070654,1.869106575812278,1.586607150314354,0
125.035015,98,316.232531,1.8765713799199917,1.5580432391545973,0
122.910304,96,316.914253,1.8814223590416017,1.608080731649886,0
125.243089,98,317.08777,1.8954899720061509,1.5515645705119043,0
123.69762,97,317.377233,1.851690869864971,1.5640487527104758,0
123.851508,97,317.726646,1.850570245517186,1.503131712818149,0
123.961629,98,318.086266,1.8289103212994544,1.5347443127273874,0
125.186503,98,318.748988,1.8414288544432063,1.582363968132849,0
124.115925,98,318.928854,1.8451738476866517,1.42804014896841,0
124.337868,97,319.118812,1.8732322620529112,1.5754320858387805,0
124.887543,97,319.309556,1.859168904227217,1.58199649842209,0
124.146313,98,319.502339,1.8555245199527515,1.528899909047176,0
124.764922,98,320.10742,1.83720452583158,1.618097575014422,0
123.691067,97,320.280199,1.872805771781449,1.6251002524578786,0
124.596427,98,320.472603,1.848263381045147,1.6022590873622802,0
124.616132,98,320.642294,1.8408107011359907,1.5514199196257736,0
124.47742,97,320.804048,1.862081561417254,1.5922095817804003,0
125.235763,98,321.395379,1.8968492201274563,1.554613803242692,0
123.650432,96,321.555773,1.9166827210348052,1.6794717175307323,0
125.786046,98,321.718292,1.9036952433497851,1.6073471288972816,0
124.680291,97,321.875867,1.8454376078878298,1.4937244383636517,0
125.14709,98,322.035894,1.908017591540722,1.5383560578888253,0
122.97888,97,322.192666,1.9045473836027065,1.5760450060726903,0
124.757062,97,322.764352,1.915103403123059,1.6356368158102041,0
124.236728,97,322.93613,1.908571652391392,1.63619999660855,0
124.2334,97,323.209593,1.8698329495654473,1.6779119575952135,0
125.823893,98,323.437551,1.9017792384784538,1.647684786632735,0
125.510438,98,323.68917,1.9015819563915008,1.611805359794765,0
124.137749,98,324.341146,1.9025891121901937,1.4953250805592526,0
124.135125,97,324.506392,1.861169989999559,1.5481887087818733,0
123.784807,96,324.666613,1.9517135879599612,1.665231115269977,0
124.240162,97,324.827633,1.8935989318846211,1.5743329468713947,0
124.204782,97,324.987046,1.9185821257192475,1.6846907746653756,0
125.731126,98,325.645918,1.9057309354205352,1.7003987393783002,0
124.259284,98,325.834434,1.867159775028346,1.5763067024527657,0
123.372545,97,325.99674,1.8655480856885096,1.5698683416601145,0
125.241252,98,326.160413,1.8279534097992773,1.4943930488106107,0
124.073286,97,326.323131,1.8571465781989986,1.6445267054423223,0
125.99004,98,326.907306,1.8230833440422658,1.5722814712145539,0
125.199646,98,327.07741,1.8351863792758205,1.6347668656468566,0
125.009484,98,327.27069,1.8459302175171697,1.5151646091691238,0
123.12529,96,327.574568,1.892059868926621,1.6189440783943294,0
124.30572,97,327.920779,1.927839217128705,1.602144885820452,0
125.713187,98,328.278666,1.8114568409723963,1.6064752559840645,0
124.473281,98,328.897903,1.816692592625939,1.4975794102764954,0
125.053298,97,329.061133,1.8639306022712667,1.6505582648372505,0
125.014056,98,329.223311,1.8124457418372848,1.4362720781709524,0
126.143718,99,329.386564,1.8039144196102974,1.5890813294342123,0
125.45191,98,329.548356,1.8379490150401407,1.5280633685941771,0
124.169776,96,330.148922,1.8642054849759098,1.6712448188820426,0
123.564785,98,330.318705,1.8039742993237342,1.5686629892525787,0
126.061671,99,330.479293,1.7956651226147164,1.587856004264613,0
124.224755,98,330.639723,1.8069192374204883,1.6456397465127837,0
124.518236,98,330.79991,1.8043340503095853,1.6214596660781977,0
123.91113,97,331.475378,1.8085989704283048,1.5304992463286127,0
125.634868,99,331.641238,1.7995287008157608,1.629578250816115,0
124.028656,97,331.786897,1.8597629017818766,1.8117174753008907,0
123.691216,97,331.932572,1.84015996184611,1.6662500239940043,0
123.5935,97,332.077364,1.7927726711381402,1.6479973613627534,0
125.267065,98,332.738634,1.7809254363658031,1.5864425443764312,0
124.611848,98,332.914512,1.76143536051799,1.5430872154917568,0
125.028351,98,333.061446,1.8434050641677049,1.6872011817978885,0
124.394742,98,333.206666,1.7823305356765728,1.5599416073224626,0
122.449068,97,333.352077,1.7042422214778374,1.599440718889332,0
124.476629,99,333.498772,1.7694545579785872,1.543626854596023,0
125.907582,99,334.181036,1.807064181692157,1.6326910053517418,0
125.531653,99,334.331314,1.7281552785937981,1.617914275832876,0
123.449981,98,334.484782,1.7098641327119766,1.5539271354126682,0
124.723364,98,334.649556,1.686756628734873,1.4367239996228995,0
125.356495,98,334.916034,1.7663017810291883,1.5630450885965983,0
126.234643,99,335.783975,1.7682867671023392,1.5304188470835545,0
124.766918,98,335.949385,1.7828854868428239,1.5132139336069752,0
124.616146,98,336.112145,1.7731453248782874,1.5962045783815926,0
124.707909,98,336.269115,1.7467864168508886,1.5144327772400148,0
124.327098,98,336.484893,1.7013368065247325,1.4600642772777328,0
124.053877,97,337.218485,1.7998590363995823,1.669093518952818,0
125.908084,100,337.382028,1.7393128187160616,1.550047972674968,0
125.366109,99,337.530087,1.737113402479594,1.5807747244197985,0
124.353888,98,337.67511,1.7705994842144999,1.5869386317769552,0
125.704356,100,337.830087,1.7549488574003043,1.4885986845521373,0
124.154025,98,338.502303,1.736108028419846,1.5149676539226782,0
124.834937,99,338.661367,1.6997595497375972,1.4660630024081471,0
124.669667,98,338.823535,1.7414548474473195,1.6263104624129352,0
123.922076,97,338.984932,1.7561843626474969,1.6542425067023343,0
124.849331,98,339.146981,1.7628582019552141,1.5502929601415432,0
124.617292,99,339.754231,1.766540616043118,1.3678768884430206,0
126.039463,99,339.94521,1.813356994734563,1.5052808732986176,0
123.534613,99,340.12037,1.6925013968171136,1.4745666096851644,0
125.099386,99,340.297146,1.7167679887358793,1.4575039425568213,0
123.452496,98,340.444901,1.7952716880583093,1.4961824362297556,0
123.130983,98,340.59673,1.74243447207657,1.4512211056017075,0
124.26831,98,341.185566,1.7247952432990368,1.4683742408132618,0
125.383205,98,341.347431,1.764364373365873,1.544975781648076,0
125.145455,99,341.509817,1.7023092546004748,1.5426646285853396,0
123.523705,97,341.668678,1.785000824237022,1.653423435295339,0
124.147782,98,341.853718,1.804259216221196,1.591924984139538,0
125.007424,99,342.455036,1.7058250967113298,1.5030655990312383,0
125.923342,99,342.62767,1.7260052818959855,1.415473402831917,0
125.33505,101,342.807346,1.672459694741156,1.355702145822571,0
122.914118,97,342.997306,1.7313421932983641,1.5332506688637833,0
125.444174,99,343.196796,1.7426306480387659,1.4732872797776362,0
123.944901,99,343.813095,1.726010205217679,1.5316901685773145,0
124.612839,97,343.968913,1.7790498078778938,1.6548009232392995,0
124.921199,98,344.1197,1.7131980756859686,1.5351426052257853,0
124.71056,98,344.275544,1.7440506104440188,1.5419095300564818,0
124.459091,98,344.431673,1.714722765067608,1.4791818408978785,0
123.948804,97,345.107632,1.7854892960963809,1.4968758681500376,0
123.327049,99,345.27947,1.708102468787276,1.335436438375717,0
126.177271,99,345.438803,1.7231931963534237,1.4835883990097027,0
123.493454,99,345.589433,1.7725032254337134,1.4269600764820976,0
123.014798,97,345.742851,1.7389132281314499,1.4822429550493326,0
123.493003,98,346.422321,1.7750070166542473,1.4439717132552357,0
123.84903,98,346.598295,1.7154944089503037,1.530764732852513,0
124.695331,98,346.752227,1.7775748520906152,1.5580187105253906,0
125.640344,99,346.915859,1.746176787752817,1.5685607306200138,0
124.487952,98,347.062242,1.7626853390387303,1.4746190855719383,0
124.302162,98,347.214099,1.8201771094544632,1.4003536122544096,0
125.429365,99,347.830014,1.7486326823041733,1.410668029143292,0
124.998381,98,347.981128,1.8164072698094746,1.579535142475661,0
124.817256,98,348.125861,1.7397516973816982,1.498843010293866,0
123.934249,99,348.282254,1.7033718380589857,1.4755695999385596,0
123.487696,97,348.469676,1.7627650069474368,1.6003623099053084,0
126.175407,99,349.064739,1.783640734433322,1.4758618071774978,0
126.056259,99,349.244408,1.746719429301948,1.4774551297284098,0
125.072877,100,349.439742,1.664027983050919,1.296406922849547,0
124.071365,97,349.629864,1.7991461805492222,1.6060872392831265,0
124.695927,98,349.827873,1.776868750743282,1.5279965058633591,0
125.07225,98,350.437078,1.7818776121187376,1.4545424350457905,0
124.858978,98,350.612176,1.7926268131040564,1.4906228058735007,0
123.838008,97,350.789101,1.8072002709611754,1.450554275248305,0
124.390723,98,350.954232,1.7735415890665145,1.4831534815924936,0
124.322805,98,351.166454,1.6902293123088494,1.3428568097082545,0
124.630328,99,351.795488,1.7727385794311676,1.4504478988253506,0
123.345108,96,351.962149,1.7723047697730892,1.6442702842388115,0
125.285552,98,352.149868,1.7581003369386938,1.5152913417164933,0
124.827631,98,352.341502,1.7693874237678229,1.6137919837090695,0
125.739712,100,352.542607,1.7124246480896599,1.4703124555618619,0
123.851903,97,353.165539,1.7821256302081472,1.5299180502884033,0
124.570228,98,353.328799,1.7552536874796159,1.6516592036869986,0
123.48159,97,353.510514,1.743758236189921,1.6444829585008869,0
124.777892,98,353.701794,1.8262167163770247,1.5295926783643419,0
124.245185,98,353.893324,1.6979058208386992,1.5799776115977169,0
123.618775,97,354.064359,1.7489825877754206,1.5574812336178339,0
123.994841,97,354.656864,1.7729955086534432,1.650334915495665,0
123.210147,97,354.825207,1.7818436486092701,1.6808849616811223,0
124.222097,98,355.031923,1.7645000623397709,1.5819991581609405,0
123.82658,98,355.239066,1.7059439711925695,1.6287131155288959,0
126.214058,99,355.558066,1.7946662226757701,1.5325639898333214,0
124.836328,97,356.316404,1.840885311936014,1.6447553220136477,0
123.43253,97,356.496747,1.8357023989815522,1.5756975577021128,0
125.456717,98,356.690137,1.8182304615443128,1.5965675106411483,0
122.774001,96,356.884678,1.8503936339292486,1.6097281717448702,0
123.874369,98,357.083092,1.7394594487359523,1.4670993200290456,0
123.821783,97,357.705556,1.6989856901946376,1.5792367555933653,0
125.991507,98,357.867073,1.759579919829504,1.5684903131508432,0
123.570003,97,358.024145,1.7456685670178294,1.625582530925219,0
123.910623,97,358.273914,1.7780974794263886,1.6321695878545193,0
124.966582,98,358.606673,1.8120826900877922,1.649131385892297,0
126.03276,98,359.357962,1.7542292528709271,1.535502229400882,0
125.983644,98,359.529654,1.7562208486976667,1.5205758303493353,0
124.075137,98,359.716773,1.7807067914775672,1.5497565965533706,0
125.488974,98,359.986726,1.7583777918616237,1.6089181550285845,0
124.703493,97,360.326964,1.7748120143657087,1.5658053827805838,0
124.576527,98,360.686598,1.7296412676207784,1.495119183732332,0
124.367397,97,361.332313,1.7046456722762782,1.5770023142149774,0
124.474061,98,361.494505,1.6954862076121453,1.4850953258419515,0
125.113197,98,361.714943,1.7816283364274712,1.627553405004681,0
124.702072,97,362.043534,1.666584411904224,1.5106246225592708,0
125.201362,98,362.404541,1.6804896658567623,1.5510367310431226,0
123.307267,96,363.090169,1.7628682201790136,1.6798031957600046,0
124.516516,97,363.252342,1.7399001335315267,1.6059150604060992,0
124.356193,98,363.431927,1.5898523038522565,1.4231240447710922,0
124.138458,98,363.599101,1.6604238011233705,1.4780030625139668,0
124.409119,98,363.764618,1.6931689109695176,1.5051426623527442,0
124.651179,97,364.354458,1.7446239473878318,1.5951412148172714,0
125.253034,98,364.523489,1.708079307325503,1.5070713605622712,0
125.451188,98,364.71122,1.6760142932537487,1.5421476801785499,0
124.193892,97,364.965171,1.7185868036076277,1.5309309866804968,0
122.009809,97,365.301478,1.638837937764424,1.4109020192220219,0
124.738369,98,366.10107,1.682123439967929,1.531559029563711,0
125.493358,98,366.266157,1.6446583803197152,1.4836866535250002,0
125.504458,98,366.434161,1.7154508676707785,1.495754948234166,0
124.649588,98,366.600973,1.6642500805026832,1.5578667625612188,0
124.097869,97,366.816571,1.6994730813400771,1.6159654486686106,0
125.047894,97,367.082509,1.696746617069544,1.5135654791948798,0
123.393612,97,367.820675,1.6543562899953927,1.514148912479965,0
123.058724,97,368.001451,1.73150238522624,1.5682603728618445,0
125.636452,98,368.161253,1.7430318745387698,1.5173713621295333,0
125.811893,98,368.365765,1.7259134726433545,1.534993551445237,0
125.565409,98,368.696565,1.7825117744808352,1.6439633479565012,0
124.968295,97,369.386544,1.8191244175743673,1.6554323230044956,0
125.335278,98,369.566154,1.7013350677630736,1.5964780785057908,0
124.649568,97,369.75918,1.8327839114650912,1.6659984936619947,0
124.761717,97,369.95587,1.7119940287551645,1.5665982016460873,0
122.615586,96,370.149623,1.7379610926627684,1.6227188228300584,0
125.829562,98,370.767213,1.7974878024141272,1.571345354370211,0
125.984689,99,370.940789,1.6550080319540987,1.5044770929834022,0
124.568075,98,371.103311,1.693070578053445,1.4913582523893385,0
125.205414,97,371.258292,1.764987996937955,1.6702530799823982,0
124.991426,98,371.417536,1.733499967411565,1.573487161541376,0
125.457437,98,372.014737,1.7658960420818632,1.6779049579054415,0
125.304002,97,372.180773,1.7276113094777499,1.6374843384450506,0
125.630101,98,372.363237,1.6324593674026673,1.5402172967436962,0
126.047663,98,372.529074,1.767928058564554,1.6002209570134571,0
123.824656,96,372.703753,1.718185886785852,1.6020204221369916,0
124.459483,97,372.951896,1.6729452517444259,1.5162090365303347,0
124.163138,98,373.573643,1.7257780077839486,1.4550466956943309,0
126.665529,99,373.75535,1.7131019361554538,1.4954447925057681,0
124.722075,97,373.939059,1.7691886980480174,1.6530082227008147,0
123.87785,97,374.09508,1.73413165421826,1.6463096701252344,0
124.39176,98,374.252494,1.7509550226318336,1.6186291897717169,0
125.472135,98,374.83822,1.7599726110059648,1.6444352020349116,0
126.850913,99,375.024757,1.6834994150419142,1.5854841808401554,0
123.958494,98,375.180686,1.6498645286686329,1.4773006133602393,0
124.954351,97,375.325132,1.760248589805105,1.5006600322147092,0
124.610121,97,375.467579,1.7117441920855845,1.5471353989923553,0
124.755913,97,376.039139,1.7874060576422752,1.691790138177464,0
124.540962,98,376.265832,1.751569867338288,1.5057863647061205,0
123.832999,97,376.594448,1.6588886327651229,1.5910582612581847,0
124.711188,97,376.887951,1.7741066174014493,1.5792200132005574,0
125.555773,98,377.129635,1.721684630564134,1.5374225198177067,0
124.654746,97,377.812908,1.7433203394002814,1.547586143265906,0
125.323904,97,377.978456,1.7391700193971777,1.6312909526653494,0
124.28057,97,378.217019,1.7674816015010018,1.6496934795535756,0
126.066038,99,378.483925,1.6812752633538846,1.3977076762903182,0
124.123358,97,378.708721,1.7888999984299747,1.6072995879670546,0
124.926356,97,378.896032,1.7006011399898044,1.5197902248389406,0
124.909499,97,379.475746,1.7874840086735753,1.7240977965400694,0
124.299748,96,379.639113,1.7701631636083819,1.670722975294079,0
125.427697,97,379.81529,1.8019007519244463,1.6645951138051405,0
123.177963,96,379.997076,1.7986016708667205,1.6639990951558494,0
124.358392,97,380.186475,1.7554963945132784,1.54532869430975,0
124.676034,97,380.79438,1.6606323587120893,1.3868185019732586,0
125.447277,98,380.960287,1.7643969034754687,1.5335010169304406,0
125.422162,98,381.110692,1.7650439227282473,1.4965959184990731,0
124.967288,98,381.264022,1.7755389160308686,1.4537524292452275,0
124.662297,98,381.446848,1.788210960622341,1.4440218331134942,0
123.715369,96,382.190341,1.8462622297325784,1.6978732311284945,0
124.882379,97,382.371071,1.8296229943218374,1.6041490328420116,0
124.138426,97,382.550874,1.7889894939852187,1.538803550863816,0
125.280433,96,382.738978,1.902393973172431,1.750908129113149,0
126.187772,98,383.01616,1.765336672481471,1.6342111159406785,0
125.349414,98,383.79354,1.7548667637312092,1.4409221869402773,0
123.87305,96,383.962127,1.82146669113728,1.5926424739476508,0
125.64279,97,384.143035,1.87631133792128,1.7458647309541095,0
124.064299,96,384.298362,1.8421928413307054,1.6252190169067084,0
126.290573,98,384.455838,1.7829993884639617,1.66249207881593,0
123.786796,96,384.618478,1.8194096278478968,1.6923658361507687,0
125.802159,98,385.240985,1.7476106177507045,1.5693277354300639,0
124.726274,97,385.420438,1.8039788957460001,1.671400719710713,0
125.713255,98,385.614369,1.8016718000339904,1.6269039613471288,0
124.427188,96,385.808014,1.7774918628466938,1.640550988838295,0
123.664318,96,385.983448,1.8839358549289886,1.7704693843523067,0
124.269027,96,386.567875,1.819428038277155,1.7221311279815303,0
124.59517,97,386.745229,1.7824997782165999,1.5220506543048855,0
124.544192,96,386.903788,1.7988257757224675,1.7290960740051142,0
125.279521,97,387.046133,1.785735466175926,1.5649428896587592,0
125.225539,98,387.188735,1.8312181559228438,1.5912778471791351,0
123.366279,95,387.751096,1.8332678726198328,1.7284284869686508,0
123.728782,96,387.911929,1.8044074111159927,1.5714543072837335,0
125.183612,98,388.096793,1.7851014119533588,1.5105973471071803,0
126.200714,98,388.290627,1.813256944640304,1.518498032365835,0
124.54673,97,388.482798,1.879360793347241,1.6844996640174026,0
125.475598,98,388.676755,1.7105530126423538,1.4479390217353294,0
124.08134,98,389.280814,1.7155218598924216,1.3931470102144399,0
125.461141,97,389.472744,1.783153376170042,1.494531422266171,0
124.755817,97,389.79888,1.8080494571378989,1.5494966051968084,0
126.254761,98,390.165371,1.7370645608812203,1.4401405479943605,0
126.167518,99,390.534479,1.8009879332541636,1.4247080483321375,0
125.28321,98,391.225132,1.7380017894759434,1.4887223830138858,0
124.139001,97,391.405206,1.7533313112191518,1.505825216153778,0
125.303234,97,391.609698,1.8759976830960186,1.7288808923012173,0
125.220563,97,391.750471,1.8035163271571582,1.6518108325334588,0
123.863934,96,391.898621,1.8192355644724614,1.6405236055938694,0
124.632086,97,392.489999,1.8195422948427136,1.6438617549627899,0
123.124715,96,392.667552,1.7852956491391168,1.5422346608514994,0
124.481996,97,392.841413,1.7961271833312473,1.5847395713927825,0
124.038076,97,393.005736,1.7497478327365241,1.5491231499471732,0
126.021555,97,393.155589,1.8746540793804418,1.6917609814722196,0
122.934771,95,393.732184,1.9169746844350668,1.8297087937509744,0
124.465048,96,393.899439,1.8889963977351947,1.7392106322380034,0
124.524896,96,394.085037,1.8923323647128436,1.7301688827754593,0
124.018605,96,394.275356,1.8881051407768568,1.8198671949018574,0
124.598884,96,394.470704,1.8847918344904029,1.7907405099498555,0
125.156075,97,394.667788,1.840082218188177,1.761559621543448,0
124.196035,97,395.277914,1.77462066261206,1.5671852541828524,0
123.579038,95,395.441544,1.8975629930438824,1.7700114049579632,0
124.016252,96,395.631531,1.8789296162622113,1.7788086753258938,0
123.677875,96,395.845115,1.886154622517769,1.7086120938218452,0
123.733019,96,396.081949,1.8208614507690515,1.6988110623063262,0
122.856574,95,396.731536,1.875476050104395,1.7881733856945519,0
123.4599,95,396.892846,1.8741261899545238,1.8198203437441665,0
125.966121,97,397.052958,1.8652726592035174,1.7294812073513581,0
123.514881,95,397.289028,1.8621905305884399,1.715512468927447,0
124.975064,97,397.61732,1.8384204571429126,1.5885742979925965,0
123.472722,95,398.381112,1.9130796933763925,1.8270746076873514,0
124.286706,96,398.537593,1.8188425795815222,1.6700938183819434,0
124.154744,96,398.696435,1.7837686038682594,1.61242190732249,0
124.305293,96,398.851807,1.864608551436327,1.702642606709851,0
125.00586,97,399.038839,1.7786438250329415,1.646398836163817,0
124.894376,97,399.250918,1.7620729038165759,1.5492223533169984,0
126.056569,98,399.869786,1.744716649155333,1.5053331061393707,0
123.77282,96,400.030645,1.7567761499783294,1.5937776199559675,0
124.087442,96,400.188247,1.8936240342676862,1.790395903043814,0
125.730863,98,400.349303,1.751179958509433,1.6031594858251113,0
124.546553,96,400.505147,1.828510111767285,1.7178159595031386,0
123.614223,96,401.085192,1.8836270434722986,1.797205026018632,0
125.705355,97,401.245488,1.8033555478791328,1.6027566163171145,0
125.254231,97,401.402886,1.7716726163627625,1.629345098800335,0
125.344036,97,401.561215,1.8287203026788377,1.7253658390348552,0
125.730343,98,401.720348,1.810819499803869,1.6376974361003096,0
123.371179,96,402.299584,1.875048557201646,1.7253475500199407,0
125.417627,97,402.459014,1.8388267359013775,1.687358532241297,0
124.710912,97,402.621089,1.7696932320346876,1.6286352920494414,0
126.274202,98,402.782288,1.8447661923897358,1.6615526151052786,0
124.445378,97,402.97142,1.831962029587682,1.6183160127657894,0
123.38992,96,403.226373,1.8039057774134917,1.6825098146840722,0
124.477523,97,403.839932,1.7866694700145433,1.6143855744417939,0
126.097388,98,404.002399,1.796585851759861,1.6310093294485175,0
126.108485,98,404.162625,1.795658455513786,1.6463444246351326,0
125.620039,98,404.32292,1.7905872798823725,1.5840991803497233,0
125.828208,98,404.482621,1.7730678516820209,1.5834869817988177,0
124.509863,97,405.070812,1.813999566199129,1.662238721701182,0
125.972364,98,405.238791,1.7970580609239915,1.606752729389358,0
123.532154,96,405.400485,1.8320211583658625,1.772476918335296,0
125.616141,98,405.551385,1.8017262953308357,1.6114368091168256,0
123.716251,96,405.701612,1.818747938722502,1.7509599165941128,0
123.157164,96,406.281081,1.8585437595583925,1.8369419012319421,0
125.348143,98,406.444155,1.764198391340997,1.6652440885664441,0
122.047825,96,406.602065,1.8257736884138462,1.805879880447827,0
124.17484,97,406.758734,1.838115139304615,1.712050772923508,0
124.575611,97,406.947209,1.7891872816566965,1.7042695028013088,0
124.455155,97,407.551752,1.8279585721888203,1.6433717820681941,0
125.645823,98,407.708368,1.8065746877978321,1.662067027113387,0
125.024514,98,407.885814,1.742933193374301,1.6468642480602649,0
124.856991,97,408.173218,1.8876636562119062,1.7047952283393528,0
124.565888,97,408.507056,1.819509119964476,1.651136191511932,0
126.158775,99,408.796635,1.7925387040906158,1.5810729264673509,0
124.186384,98,409.398884,1.7498276266279402,1.5606786401751642,0
124.067324,97,409.559598,1.7800502419392408,1.590690083152614,0
123.958756,97,409.769042,1.8386039602342976,1.7111369020633658,0
125.036283,98,410.102053,1.755139885614696,1.5479368448279094,0
125.103423,98,410.461731,1.807286867065689,1.6390970686150654,0
123.314227,96,411.227137,1.8320365279489836,1.6937055690786935,0
124.724868,97,411.433239,1.8021501755579812,1.642783796334353,0
125.952573,98,411.603939,1.7599611887206097,1.5775205260951852,0
124.711407,98,411.766314,1.758617736947,1.524635807407545,0
124.612215,99,411.928864,1.7585587700498169,1.5245094491338211,0
123.424054,97,412.514641,1.85280892834407,1.7651511966785258,0
126.577363,99,412.68682,1.7823862024442934,1.5488269689718597,0
124.352504,97,412.85097,1.7574594372462409,1.5042128715365954,0
125.858276,99,413.017921,1.7576250362259065,1.548512326549339,0
126.389324,99,413.282789,1.7094076765346606,1.4501127486688996,0
124.180387,97,414.095381,1.8024579152923683,1.615166014580703,0
125.381911,98,414.26935,1.7299370142601427,1.5106112135373726,0
125.206319,98,414.445771,1.7354676362557047,1.5491735937787456,0
124.258242,98,414.666832,1.7209852562977395,1.4774283208572796,0
126.027512,98,414.827015,1.7198969941160127,1.5393192718152162,0
124.226062,97,415.081159,1.7867754227709427,1.5611180418168733,0
124.991271,98,415.761298,1.7887648959761056,1.594746333256293,0
126.333008,99,415.996435,1.784443807284096,1.5835143922990556,0
124.481217,97,416.260389,1.733644604094004,1.5808373069780723,0
125.474417,98,416.605358,1.774899761665775,1.5452651305476914,0
123.870978,97,416.956186,1.732705197755768,1.5865536197748527,0
124.686772,98,417.640945,1.7954871373911894,1.6011935279196168,0
125.635778,99,417.810597,1.7334070134693675,1.5886272776498263,0
126.426866,99,418.002985,1.7728498071617813,1.675897199110733,0
125.095168,98,418.222765,1.7427734841638305,1.60009145414126,0
125.002852,98,418.481365,1.6922612375088917,1.5151166568148773,0
123.910902,97,419.180879,1.747111551281203,1.6581670250139937,0
123.857787,97,419.349895,1.7607314995751346,1.6625334860409313,0
124.491237,98,419.543775,1.7500118411350039,1.5943161564508792,0
123.606463,97,419.758306,1.697778246022532,1.6722585268710104,0
125.482085,98,420.064863,1.7555984286833495,1.646919302274283,0
123.894902,98,420.818627,1.7439572618952262,1.5364685796476611,0
124.327053,97,421.010109,1.7361750129137064,1.6262391550025543,0
123.383311,97,421.244465,1.7254459022356397,1.5956700084843458,0
124.786547,98,421.459738,1.7530220036297943,1.5749878286617593,0
125.035251,98,421.686235,1.7208967689227668,1.5880088382271866,0
124.250889,96,421.962994,1.8208351023401277,1.7783562043265035,0
124.239752,98,422.584633,1.7076026430566906,1.5094032655248162,0
126.34301,100,422.747151,1.6595940260229742,1.4384210885657038,0
125.533679,99,422.906567,1.687182628665311,1.5344560342988949,0
123.431579,96,423.060407,1.7919351102284882,1.7170035526951644,0
125.950003,98,423.278169,1.7632155118989932,1.6160566075507476,0
127.45162,99,423.932366,1.7369640300239666,1.624270909002444,0
124.816346,97,424.107705,1.782465425071929,1.6971374920247193,0
125.853831,98,424.271531,1.8073851429587076,1.6524556541070166,0
124.051528,98,424.468567,1.6825646437150363,1.5447089082892738,0
125.633006,98,424.768981,1.7671735702797713,1.6074717049569427,0
124.468193,97,425.451977,1.7871051255672947,1.711503905145845,0
126.371318,99,425.624266,1.7350417321898495,1.5947675180325878,0
126.178904,98,425.817029,1.769096479783965,1.7542172656415207,0
124.82785,98,426.034963,1.7754382270759195,1.6171568992655474,0
124.053333,96,426.19503,1.7868893752568558,1.6720517250236118,0
123.971767,97,426.787678,1.7640673897442787,1.6844332664458497,0
124.862836,98,426.950788,1.7970060439869977,1.5881363249416127,0
123.200356,98,427.127749,1.6630591452628374,1.4923471148206902,0
126.073707,99,427.299834,1.750077780171549,1.5620658855604859,0
125.218701,98,427.50138,1.8006372220805191,1.6891437842779278,0
123.091303,97,427.72501,1.7499606017111242,1.5862230963502721,0
123.962416,98,428.313316,1.7343523614646192,1.4944717782421126,0
125.857414,98,428.494537,1.7047657926486428,1.5407236156507087,0
125.485165,99,428.70374,1.7542479018206858,1.5649739724652798,0
125.079431,97,428.881954,1.8085208788537968,1.7115540398877627,0
125.172385,97,429.045526,1.7854081283251433,1.6604380797011744,0
124.929065,98,429.624162,1.7191252227213722,1.6173785120576059,0
125.637359,98,429.835183,1.7749890141824647,1.630625288020454,0
124.114092,98,430.136284,1.706941465414891,1.5971720973697647,0
124.370826,97,430.478057,1.7462422319836644,1.633614739063596,0
124.749615,97,430.829475,1.8197311597222652,1.6903087107867543,0
125.737561,98,431.588036,1.8784895718192496,1.7455203479054207,0
125.52362,98,431.807622,1.7937039961173995,1.687818387083905,0
126.122362,99,432.084953,1.737154060435651,1.5037641191797586,0
125.076854,98,432.430833,1.742815296529236,1.5969916960161257,0
124.324328,97,432.781253,1.8145151670652009,1.648467510876065,0
126.878042,99,433.525683,1.7606678986146198,1.5705503687077944,0
125.589469,98,433.683333,1.749799635982523,1.6278520524516822,0
126.380775,99,433.855064,1.6892013475157426,1.4805080394355612,0
124.742668,97,434.049387,1.8278821327223482,1.6579842389699477,0
126.068164,99,434.276458,1.7490739560115822,1.6364616009202873,0
124.455895,98,434.949473,1.7467998064356576,1.5499481105192252,0
125.259201,98,435.111714,1.7955674879669612,1.5857956532202337,0
125.124968,99,435.295163,1.8018667553155507,1.5810797680801507,0
125.134253,97,435.498059,1.8589975890471306,1.6974667825764265,0
126.937466,99,435.735745,1.7437958059312606,1.6121235790955029,0
125.291755,99,435.997585,1.7611814882851473,1.523959512291272,0
126.191114,99,436.60254,1.8068276113212476,1.5907512652139144,0
123.412482,96,436.75138,1.7536972451712696,1.6205099994807342,0
125.265617,98,436.896591,1.710004315976668,1.5248091715203054,0
126.527397,100,437.112488,1.711190771404805,1.4389665869224944,0
125.017061,97,437.346266,1.7876536061210033,1.6983025894819257,0
124.117097,97,438.009231,1.7796648422707593,1.6412122842943981,0
125.343968,98,438.183962,1.8376171161431425,1.7308011729848019,0
123.808966,97,438.382225,1.7391467122459778,1.7095664192416926,0
124.741014,98,438.598798,1.7505545831370373,1.5883842155630488,0
124.916214,98,438.81141,1.7891147383234483,1.6420473796159016,0
126.86776,99,439.441085,1.7962833864638934,1.592397446366068,0
124.88302,98,439.605236,1.787012785731132,1.6212647690981723,0
124.567267,98,439.789815,1.7772245754390694,1.6808396288895906,0
124.62546,98,440.087195,1.746261871066199,1.6187764797090431,0
126.073763,99,440.444705,1.8351054945589074,1.6477870035366846,0
125.778732,98,441.19366,1.7427786882240424,1.5312349307882966,0
124.474369,98,441.352792,1.7939812486950741,1.5334748253356103,0
125.277994,98,441.515069,1.7575309250008202,1.5630852619007198,0
125.385715,98,441.670075,1.7745535292198276,1.6792360810313396,0
126.462066,99,441.859074,1.7681985219377143,1.6805906800432489,0
126.229907,98,442.165923,1.8288624108489424,1.641767512479053,0
125.767887,99,442.870696,1.8366338697146463,1.6470703712697476,0
124.915471,98,443.053337,1.7244514113266396,1.528242649205992,0
125.145271,98,443.219376,1.8197879022234131,1.6070718838498752,0
124.888839,98,443.383253,1.7020190535869555,1.572192205702481,0
124.696238,97,443.626734,1.8048513529463526,1.6300001903263155,0
125.561982,98,444.259498,1.8043437339939525,1.6208663780896364,0
125.529105,98,444.411289,1.7774750365863912,1.658950179274695,0
125.236385,98,444.568365,1.7970288270075219,1.6767447086423939,0
125.308784,98,444.732867,1.8114648729005978,1.653007155084885,0
125.62967,98,445.024616,1.8180961599407135,1.6666462279456569,0
126.890114,99,445.719527,1.8104088736794526,1.6263469578495309,0
125.402729,98,445.883095,1.7324709322797827,1.6011323987502142,0
124.362897,98,446.049709,1.7417147007190927,1.5260150414756546,0
125.103495,98,446.226107,1.7622599834851373,1.6026857185852352,0
125.14828,98,446.486823,1.8205456669001365,1.6506491994518084,0
124.903396,98,447.20328,1.7652484748512158,1.6403439414624503,0
124.150479,98,447.362661,1.790866284591575,1.5708986297023246,0
125.335346,98,447.599922,1.760425603448184,1.7045847299390882,0
124.521624,99,447.936626,1.7656064749971878,1.5509204652335005,0
126.477751,99,448.280307,1.7901556692446645,1.6096478526228477,0
125.835236,99,449.052976,1.7508019069814469,1.5609483237893529,0
125.988357,98,449.218338,1.7930607298958083,1.6362934637410582,0
123.980301,97,449.373272,1.833651867181094,1.6118832920133155,0
125.463093,98,449.532658,1.812316372055056,1.6988640562255473,0
123.761937,97,449.701936,1.7818103261004559,1.5856231980816655,0
125.804847,98,449.997767,1.822572784488162,1.6536077937190672,0
125.944916,99,450.624003,1.8125911948982418,1.5805564733074284,0
124.937019,98,450.787392,1.7014071200536265,1.5503319076907154,0
126.265981,99,450.949274,1.780838147962436,1.5851134641348699,0
126.583796,99,451.112068,1.8309296442301404,1.5931712683193722,0
125.321126,98,451.273929,1.7825306295488363,1.5654160821710084,0
126.081123,99,451.865134,1.7944959457158012,1.5557581499050992,0
125.730756,98,452.032024,1.7611409460451464,1.6413567382510894,0
125.790747,98,452.284846,1.8089927627083613,1.6718464892873166,0
125.056584,98,452.603834,1.7820319223960066,1.5851927936453936,0
125.672008,98,452.959646,1.7941274888726597,1.6661087217190171,0
124.157969,97,453.679839,1.8004301372289537,1.6025483006851817,0
125.970439,99,453.845474,1.770841085501414,1.6490573245815594,0
123.186417,96,454.004205,1.788330988442956,1.7084542059101744,0
124.929978,98,454.162903,1.851511118727973,1.5727525663369668,0
126.184894,99,454.355919,1.7785227717932564,1.5486413944499533,0
124.044179,98,455.063526,1.8347034792907142,1.6612847657186598,0
125.295263,98,455.277,1.7506155815658833,1.5652062029908023,0
127.011808,99,455.496368,1.7678979795492138,1.6418927863715775,0
125.613155,98,455.660099,1.8152660378202787,1.6670878087677587,0
124.59803,98,455.824239,1.7846796898638126,1.6352344950322406,0
126.166791,99,456.539176,1.8186412760674096,1.6060933721581225,0
125.102183,98,456.716861,1.7883664144617746,1.650333899562564,0
125.242701,98,456.8768,1.820243837659815,1.6653822781767682,0
124.172895,97,457.159794,1.8501542948818614,1.7268273927014566,0
124.814978,98,457.517053,1.7755152132554188,1.6386907154944284,0
124.454423,98,457.864616,1.7818367149472705,1.599043116443282,0
124.520237,99,458.492091,1.7588331337763072,1.579445184911596,0
124.666962,98,458.675072,1.7797688727965286,1.613870700708266,0
126.248346,99,458.853437,1.8467311416599526,1.656875377540304,0
124.83761,98,459.136417,1.7961365389448316,1.6754231590435946,0
125.244392,99,459.478469,1.8013080438844533,1.6727151918616177,0
125.099739,98,460.173323,1.809393875276403,1.6337955536726954,0
125.327156,99,460.334234,1.7958591323548032,1.639239192192789,0
124.256627,98,460.526224,1.8096444607013136,1.6218058351748288,0
123.482722,97,460.740676,1.837571631135104,1.6631526428995045,0
126.21327,99,461.017848,1.909394836606852,1.6584369637031826,0
125.731268,99,461.759006,1.8339443663309256,1.554207762870645,0
125.171284,98,461.925056,1.817215753573361,1.6048369043100639,0
124.489094,98,462.085409,1.859261312426981,1.6994513016978878,0
125.081134,98,462.246263,1.839744679946401,1.6121648604016547,0
125.938889,99,462.410452,1.8753451517498019,1.6562284271873826,0
125.7675,99,463.003177,1.8476611078168501,1.6255587486644139,0
124.556955,98,463.171098,1.8003264399708896,1.6569179980360706,0
126.712306,100,463.340543,1.847306920244446,1.6103038070629536,0
125.579596,99,463.571577,1.803877140610223,1.5523434185365088,0
125.196237,99,463.906638,1.8503340552547531,1.583483109974942,0
125.252148,98,464.721493,1.8357372346929062,1.6041539599789745,0
125.691964,99,464.888631,1.804476797159089,1.6593609768318742,0
124.700115,98,465.051754,1.8031097316141462,1.6275518436318797,0
125.687084,99,465.259691,1.823197493393505,1.730401937704251,0
124.415393,98,465.582822,1.7506323473180323,1.6796968106043262,0
125.108366,98,465.937034,1.831108618858777,1.65181545060603,0
125.502288,99,466.568736,1.8647393551168256,1.6674189512816806,0
125.92965,100,466.736426,1.897107255509246,1.617467890453864,0
125.12082,99,466.899358,1.8278927979546538,1.6564472897813702,0
124.198452,98,467.142187,1.8708261035157845,1.642812172796032,0
125.901609,99,467.474504,1.845341884889728,1.6680957030710304,0
125.816582,99,468.147188,1.843400004942716,1.638077298419914,0
125.673464,98,468.311992,1.8521494788524615,1.697518779099803,0
124.039289,98,468.491499,1.8056653829697318,1.6306231692984057,0
125.432548,99,468.677022,1.8450861143124944,1.65368564620105,0
126.128399,99,468.868236,1.8235455388808388,1.6872037502836306,0
124.788952,98,469.467319,1.822204707707561,1.4857997046970834,0
125.882696,99,469.629784,1.8694820946749704,1.6783482468106814,0
124.985246,98,469.814652,1.7783807391585382,1.524839764865196,0
126.159793,99,470.107626,1.8252466051627056,1.7120424770737201,0
127.333814,100,470.43625,1.7902217693144424,1.6118990423932735,0
126.220668,99,471.187122,1.7985648863944337,1.6650856113944843,0
124.065202,98,471.350399,1.8155175517039077,1.609071856965592,0
126.021654,99,471.513216,1.8149871192867628,1.6532588384920242,0
124.077093,98,471.673041,1.8541121331636201,1.6626877006699328,0
124.511679,98,471.832978,1.7954004624565685,1.6163601120376434,0
125.026844,99,472.5097,1.8128766810251107,1.6487061291400962,0
125.780701,100,472.682349,1.8177487975827513,1.589354203057938,0
125.933216,98,472.848605,1.8274870211862417,1.7377142622668216,0
125.82856,99,473.123725,1.789306650168204,1.7037895447030267,0
126.644009,99,473.475364,1.8481101012804428,1.7040267066753363,0
125.087201,98,473.830714,1.737519535404636,1.6697307899225173,0
124.718042,98,474.451482,1.8271431003863026,1.6997350003712157,0
126.811077,99,474.617048,1.843671554246626,1.66616463161634,0
125.793957,99,474.780773,1.7552969798135691,1.6810259441652156,0
124.999031,99,474.944416,1.8599548802572134,1.685610465885097,0
127.271418,100,475.110276,1.7827947801564912,1.6390619947315794,0
126.348791,99,475.781264,1.8787610641584127,1.6261572656110552,0
124.364799,98,475.953804,1.7331898227594043,1.6350213951885506,0
125.014058,98,476.113344,1.7791112255117494,1.651368072509782,0
125.607137,99,476.263015,1.7482919731258675,1.6721824297338075,0
125.310488,98,476.420242,1.830701614579587,1.7115682136370867,0
124.999168,98,476.999877,1.8597925080667528,1.7299162123476926,0
124.77094,98,477.175688,1.8129658323707114,1.6712447961982355,0
124.678533,98,477.36505,1.7608504315459093,1.6844471414309836,0
125.26573,98,477.561811,1.799321075408474,1.7065248270914608,0
125.686551,98,477.759887,1.8200504311605823,1.7302439723603344,0
124.659181,98,478.372032,1.788007257852486,1.6929868168990048,0
126.497996,99,478.543097,1.8015235456927312,1.6555428724278682,0
125.445325,98,478.732011,1.8021852515315346,1.7088901587858811,0
127.108046,99,478.926588,1.8239081599573446,1.7347421170809507,0
125.862962,98,479.125641,1.858633258725284,1.7095434724217258,0
124.227895,97,479.772705,1.851890897328137,1.7407422582502916,0
125.949915,98,479.942909,1.828222165130697,1.8123676133300466,0
125.330902,98,480.118398,1.832259274172713,1.7175282702852044,0
127.392442,100,480.310836,1.809470203995124,1.7395627835819103,0
123.527844,98,480.502433,1.7632036595252254,1.7224914733307397,0
125.860409,99,480.701146,1.7576735138603399,1.6682022252178803,0
125.13678,97,481.335221,1.8790339287663547,1.7199970530043158,0
125.687897,98,481.500922,1.8777461686554444,1.8020051931257806,0
125.367913,99,481.672174,1.8316258082854842,1.7068681561563284,0
125.703609,98,481.869099,1.8185210923404316,1.751508749387802,0
125.028574,97,482.161193,1.8905468182605953,1.8006597143198138,0
125.449985,99,482.786499,1.8469433405081805,1.6797504868206252,0
124.185981,97,482.957402,1.849694030310952,1.7971459137243635,0
125.100328,98,483.140001,1.8544721425364656,1.6700642325478006,0
124.883867,98,483.326945,1.847233657525099,1.6851577232098163,0
125.061325,98,483.514006,1.8122385601468014,1.7306632054887656,0
125.499249,98,484.211205,1.8248901964245485,1.7158961764877732,0
124.445868,97,484.405288,1.8218065923992455,1.759577139140068,0
125.754301,98,484.630428,1.7944116996221309,1.6730713825230654,0
126.253535,98,484.788799,1.8100552405414205,1.7009932158187624,0
126.085949,98,484.972942,1.8467261383606268,1.7982180913167765,0
125.317549,98,485.597214,1.8052959658371024,1.741975408043818,0
126.032591,98,485.761472,1.7964026476075592,1.7246756966459416,0
126.118975,98,485.930242,1.8348651659468174,1.7753837797354974,0
126.576005,99,486.23309,1.84806269098061,1.6896781897697384,0
125.652817,98,486.571535,1.8146195033238806,1.6969621399763126,0
125.85177,98,486.926789,1.8718723007336022,1.7703945335264824,0
124.548838,97,487.613001,1.8200820969061036,1.7228451421076336,0
126.496155,99,487.765092,1.8298745060035215,1.7569667387220465,0
124.235572,98,487.917931,1.8157562248244539,1.7781861955585663,0
124.569125,97,488.09386,1.798363285517031,1.7752944325007616,0
125.019117,98,488.285439,1.820605126258458,1.7518131873425402,0
124.813704,98,488.883384,1.8375613279528349,1.6394481136664891,0
126.042947,98,489.065381,1.8305218374196266,1.7287855068779039,0
126.768723,100,489.261961,1.8346444470207477,1.6094854556818166,0
124.791472,97,489.458213,1.9086971720469084,1.7375418275798427,0
125.792812,98,489.655904,1.8502906577504534,1.6885165001243194,0
125.687053,98,490.329482,1.8522704984365626,1.6826372329282193,0
125.510621,98,490.559334,1.8526933398884493,1.6576473857360319,0
125.432225,99,490.769874,1.8234462942557428,1.6762845318898831,0
127.262506,100,490.978688,1.800132187806053,1.676951601199333,0
125.763051,98,491.179546,1.8437668143230808,1.72642924880307,0
125.776816,99,491.840461,1.82971487582948,1.7200795714879438,0
125.450749,98,492.010258,1.8254933615290505,1.772445550895021,0
123.519466,97,492.196929,1.7996923582722053,1.7866743298612362,0
125.79637,99,492.442775,1.7791001838093625,1.6118709690952906,0
126.002786,99,492.666628,1.8001498873320179,1.69921929925755,0
124.31207,97,493.359241,1.8649713737371019,1.7538666872619588,0
124.036805,97,493.526142,1.7935605810217927,1.7629749558754357,0
124.578428,97,493.684741,1.8227914089612682,1.75186403464128,0
126.172284,99,493.860855,1.8519699568703878,1.6687333916584606,0
124.278283,98,494.05117,1.797214002845207,1.7308233831340332,0
126.317389,100,494.253539,1.7825669860706475,1.6469075583935568,0
126.209859,99,494.867036,1.77088072633315,1.6956907357238171,0
125.317207,98,495.049885,1.7957732158232589,1.7170166778050737,0
123.220146,98,495.231294,1.7381974052860572,1.68213916064067,0
123.756866,98,495.394899,1.749722496211292,1.6628380061499044,0
124.158691,98,495.558058,1.7893696828943468,1.7462729989850332,0
124.144471,99,496.16291,1.7708697565019753,1.7691633994182565,0
125.028616,99,496.335722,1.8299831596506932,1.7406278129694905,0
123.655167,98,496.505438,1.8066720599140607,1.7203920881311456,0
125.224799,99,496.67193,1.7597407572152062,1.7105693406694202,0
126.243899,100,496.839435,1.771543882446601,1.6505723052354933,0
126.413098,100,497.451334,1.8539614947654233,1.7841239606176769,0
125.032527,99,497.631336,1.8600822699617747,1.8179234804229787,0
125.333161,99,497.817964,1.8386880160832284,1.6886934788447934,0
124.936722,100,497.988747,1.7961323368870157,1.6710198694758678,0
125.242303,100,498.157745,1.7709246809181762,1.6988236740388198,0
123.184076,98,498.83301,1.799573214511003,1.7492310494053476,0
125.591459,99,499.007354,1.8068131329499872,1.7283232169062486,0
124.745282,99,499.174227,1.7863305308044095,1.7797405530963553,0
125.249249,100,499.374494,1.8406865416497964,1.8046203266485579,0
123.634579,98,499.696126,1.7644119505994897,1.6956363634770382,0
123.73061,98,500.373942,1.84300977301641,1.774209957939608,0
123.786457,98,500.601587,1.8490211049902514,1.7758975458952158,0
125.391021,99,500.796387,1.801134030978956,1.7439880061961055,0
124.949974,99,501.038466,1.8264740044845529,1.69936570532073,0
124.948154,99,501.375478,1.772783357887517,1.691508271401412,0
125.151225,99,502.018543,1.8586330520890784,1.7655239234075526,0
124.731183,99,502.198246,1.8436878305395117,1.7067315253503692,0
126.216264,99,502.455403,1.8440243785353727,1.75122498049747,0
125.294707,99,502.711432,1.8413991822813807,1.7531614244200284,0
125.113358,99,502.968427,1.8188433881830846,1.7256743334899254,0
125.950068,99,503.229767,1.8190779312695136,1.7401550563007497,0
124.917317,98,503.850961,1.8448261567113164,1.7651956551346895,0
125.323904,98,504.014333,1.827772003960212,1.8019160780669614,0
124.543772,98,504.174539,1.803792780126147,1.734321358508348,0
123.563875,98,504.335358,1.8319197131262013,1.7403295703868085,0
125.854527,99,504.497019,1.7932923975107207,1.7172680525499038,0
124.728697,98,505.100119,1.8323191126325848,1.7332089075240877,0
124.752524,98,505.26723,1.7790421114607138,1.6878037517248885,0
124.637033,98,505.420141,1.8153760237178402,1.745746707930865,0
124.909022,98,505.56229,1.8861960496046153,1.7469847910541936,0
124.766807,99,505.705861,1.8013605624958018,1.77517865512076,0
124.432963,98,506.275151,1.8003007598092655,1.7523635510148812,0
124.036734,98,506.436873,1.7886009512519092,1.6897324067490513,0
126.516903,99,506.607274,1.7882684006585348,1.7014283448642071,0
124.411541,98,506.772051,1.811200397068198,1.693396633770138,0
123.727011,98,506.949937,1.792508495037338,1.7134109145281415,0
124.299688,98,507.690448,1.749821833605921,1.7029983690744068,0
124.423227,98,507.85132,1.7988883215797906,1.7054672331948575,0
125.470989,98,508.012067,1.8020666209587128,1.798569520215171,0
124.961204,98,508.237081,1.772337754801657,1.7145370101305937,0
123.398408,97,508.566962,1.7492242838467986,1.7084467177616793,0
124.569631,99,508.925751,1.8511016691088358,1.8077703527632984,0
125.389544,99,509.537503,1.7641159343530226,1.685962416090759,0
126.289309,99,509.72121,1.797995792498253,1.6769738037813082,0
125.885636,99,509.915565,1.7418277227489418,1.6742458862308416,0
125.002075,100,510.097447,1.6995262823773514,1.5929932959210873,0
125.326489,99,510.263547,1.7789266720067378,1.6922583915522231,0
125.711635,98,510.855379,1.725300160929958,1.6534700903243682,0
125.253312,98,511.04817,1.8165922030377724,1.6859307665449468,0
126.006713,99,511.278117,1.7600806272738885,1.6296151696463042,0
124.38765,98,511.488315,1.846175567317212,1.7882475987539468,0
126.11527,99,511.652407,1.7326792434171105,1.6060265779646143,0
125.903171,99,512.243932,1.7791786802171923,1.6868850407410914,0
125.050042,98,512.412691,1.7894053797270433,1.7035267490812287,0
125.460608,99,512.618752,1.7874350928434861,1.680639559163686,0
124.838645,98,512.889938,1.7689717232144868,1.6152033017249448,0
126.455581,100,513.193552,1.7823430309108248,1.6499894814894684,0
125.679507,99,513.944999,1.831262281916006,1.7109888622208413,0
123.270584,97,514.112467,1.8002108453210122,1.6719208560373109,0
125.443226,99,514.29979,1.8152919177664046,1.6287280181477508,0
125.659915,99,514.506183,1.7446485405508385,1.6227450724238819,0
125.134501,99,514.721272,1.7496534831254191,1.5659883093306808,0
125.273553,100,515.350859,1.742045654638619,1.5675354568093163,0
124.78382,98,515.513749,1.8839998016797905,1.7642895300943569,0
125.549214,98,515.656482,1.8269121448912846,1.7024614378647056,0
125.183903,99,515.807524,1.7343934391611329,1.6428685128232492,0
124.831841,99,515.963842,1.7442783397568131,1.6100406981500648,0
125.551129,100,516.576035,1.7266217155389736,1.6194434572153142,0
125.066571,100,516.736914,1.7356823234966623,1.668946486491004,0
127.313015,100,516.916755,1.8140683015950414,1.7230308176977278,0
126.241363,100,517.127429,1.7316414659222938,1.6410887290802303,0
125.275713,99,517.433603,1.7636056798872783,1.6468398623634393,0
125.585414,100,517.801063,1.7883655207425833,1.7540489593257533,0
126.034403,99,518.44855,1.8170934070447324,1.6759327841969258,0
125.610295,101,518.633643,1.6905587089438685,1.5717946247297745,0
125.06846,99,518.886763,1.7814312715506957,1.663410103102595,0
126.00014,99,519.128059,1.7749613794128627,1.6849710096950794,0
126.080354,100,519.300884,1.730002556767891,1.6117230692861275,0
125.014739,99,519.8962,1.7527781131446207,1.6589397093565992,0
125.236001,99,520.077006,1.7772273898126156,1.6138658712741398,0
125.714761,99,520.242052,1.8121418244337997,1.6150267148888304,0
124.194707,97,520.416183,1.8279175854322038,1.6674826726375132,0
126.059361,99,520.599498,1.7989646602212868,1.675295077698713,0
124.849216,99,521.267288,1.7424567819888572,1.637168869863519,0
124.047708,98,521.441475,1.7393598983869267,1.6873372107233438,0
126.300588,99,521.623572,1.7480747663665805,1.6432224627726444,0
125.848349,100,521.906004,1.751518685936265,1.6556998347179719,0
126.775058,100,522.269258,1.7492981311135019,1.6727141129400172,0
125.257594,99,522.988808,1.7435280655208136,1.5802982243860477,0
125.19775,99,523.165892,1.7257411759685761,1.6142383642959393,0
125.46292,101,523.362875,1.6705648413303473,1.5394691419288866,0
126.089774,99,523.535688,1.7456151290084403,1.6074213493765654,0
126.62112,100,523.703599,1.7456858730614508,1.6375444161903383,0
124.329166,98,524.294966,1.7428923244923433,1.6056108600831056,0
126.756664,99,524.468582,1.7207898496022385,1.605414263477739,0
124.717854,100,524.668774,1.7109273485930707,1.5749466659280245,0
124.034047,98,524.977503,1.752172755309117,1.6688450835437325,0
124.990718,98,525.330495,1.821150346511749,1.6780360461456885,0
124.476703,98,526.110872,1.7897451156279451,1.656620645770511,0
126.111837,99,526.285856,1.7762034656570698,1.6243615618818994,0
123.961534,97,526.472677,1.7785496421362108,1.6253154681809616,0
124.496659,98,526.671179,1.7735330241642782,1.6449197419599573,0
125.794977,99,526.960365,1.726205700009107,1.5942822373602148,0
124.197559,98,527.246792,1.729225203049266,1.614349621251365,0
124.847642,99,527.965768,1.7815540455012164,1.6562952738754162,0
125.847675,99,528.159065,1.765155573926916,1.630896950825981,0
125.799599,100,528.380389,1.7382160423083168,1.5832352732685184,0
125.527184,99,528.600003,1.778182640190479,1.663891741230404,0
123.901307,99,528.825071,1.7027350240719905,1.5360154859903121,0
124.571386,98,529.421966,1.7654267492749494,1.6340178018990483,0
124.511745,98,529.582685,1.7256504606213212,1.631461929139218,0
126.363411,100,529.748555,1.761802386022863,1.6015952803887687,0
127.232647,100,529.914955,1.730906866350757,1.6106683222159421,0
126.90596,100,530.079529,1.7713847435433197,1.6262210603592722,0
126.274369,100,530.720491,1.7511792637536707,1.6009157333627906,0
125.091219,99,530.874621,1.7359606332614859,1.5678340958125918,0
124.987602,99,531.031604,1.7602636086072367,1.6363188980770127,0
126.247104,100,531.190666,1.7174947520518447,1.5890031566753513,0
126.246841,99,531.349304,1.7316573773113406,1.6099838487779758,0
125.229178,99,531.931577,1.7708917549921719,1.652681269097247,0
125.711699,98,532.09415,1.7563885946233415,1.6559252631455044,0
124.772976,98,532.26572,1.7879284706897531,1.6944336219999232,0
126.129955,99,532.503151,1.7329771890847272,1.6231496424960583,0
126.000173,99,532.692795,1.7561066642218806,1.6324818416443472,0
126.613037,99,533.299334,1.796073622368025,1.7019395524830312,0
126.208999,99,533.477046,1.7854890398729006,1.6981651732468799,0
124.741384,98,533.666728,1.7778601020325546,1.6625301323543193,0
126.16373,99,533.851182,1.7887287436161083,1.6884140320229586,0
126.137553,99,534.035393,1.8352376778232453,1.6748217993588397,0
125.707548,99,534.674394,1.7310015481800016,1.5756729187897487,0
126.562723,99,534.838708,1.7962937397620853,1.6915045795311792,0
124.869635,98,534.99972,1.6886740966670453,1.6153809109648325,0
125.727889,98,535.157916,1.7629394641563465,1.7134388116691517,0
125.711736,99,535.319533,1.8265459737604386,1.678899780204389,0
125.53389,98,535.478544,1.7478057917130625,1.6703887455913495,0
125.857988,98,536.071423,1.8048444289792198,1.6898112124944122,0
124.238032,97,536.251532,1.844479770068637,1.7128449223811013,0
125.676593,98,536.409308,1.7504517726168323,1.6080322365450253,0
126.868205,100,536.570503,1.792502994746757,1.6355946067442046,0
126.733029,98,536.733694,1.8516335367713608,1.7169279105626023,0
126.227031,98,537.342916,1.8003146642375174,1.7099230644567203,0
125.359488,98,537.536532,1.7923255051665146,1.6707509611629925,0
125.756682,98,537.711974,1.801778448786168,1.6802134192534024,0
126.1306,98,537.902169,1.821304206463534,1.7023451475325708,0
124.937095,97,538.082323,1.8287166056956092,1.7154720683477198,0
125.726197,98,538.826074,1.7731517671384447,1.7112916484304321,0
126.309177,99,539.007233,1.8346532252713175,1.719532189495178,0
126.165749,98,539.182727,1.8456255792781486,1.797595804079017,0
124.979564,97,539.356693,1.8320793636367592,1.6953816215240103,0
126.188638,99,539.530117,1.741063931108387,1.6536436399246348,0
125.065296,98,540.248581,1.782809076496755,1.648809936022589,0
125.789096,98,540.425913,1.8108837766898698,1.6615534534037906,0
126.913586,99,540.616761,1.8008764579019296,1.6724443636051216,0
125.455317,98,540.872679,1.7550344566333151,1.6828946608751374,0
126.344061,99,541.15215,1.7833787155275653,1.6982021195995136,0
125.997565,98,541.419244,1.817001815826275,1.7263354510476943,0
126.081814,98,542.029104,1.813312589160379,1.6814060547343042,0
126.424451,98,542.205277,1.839903058577621,1.7367539656035238,0
126.192053,98,542.371961,1.8239540969253922,1.697505007826759,0
126.327271,98,542.587354,1.8379946979787234,1.7180230969260215,0
127.319423,99,542.879764,1.8742913797613385,1.7047579550579879,0
125.579702,97,543.533213,1.8659375925732793,1.7074387725419384,0
125.250905,97,543.700936,1.8506738195203614,1.728995827572542,0
125.907286,98,543.910689,1.8377436555035376,1.7194169911009514,0
126.41729,98,544.139387,1.844594205956432,1.7470030845081308,0
125.660699,98,544.39753,1.827940677374638,1.6961792026295894,0
124.596148,97,545.099684,1.8358482141531278,1.7628284572658892,0
125.206968,97,545.259623,1.84784127930592,1.706980007056993,0
126.417368,99,545.469723,1.8026767662912804,1.6919960066945716,0
125.134174,97,545.68668,1.7865609724438767,1.7349040633190975,0
126.379667,99,545.910509,1.757131083148771,1.6237895666940454,0
125.8809,98,546.562284,1.8028370307981676,1.6790057736058592,0
125.931344,98,546.725705,1.8250110997841678,1.6863221578420962,0
125.182529,98,546.965556,1.7906779704712945,1.6492963477761842,0
124.664115,97,547.304992,1.8440377410283753,1.7055625598175774,0
124.964348,98,547.665276,1.7650131616511786,1.701158956140832,0
126.897285,99,548.411447,1.8031434986679737,1.709164217602872,0
125.671441,97,548.569501,1.7933814717499545,1.739283745624326,0
126.415483,99,548.773245,1.819754408611939,1.6989394824322857,0
125.316368,97,549.10295,1.7893593638520855,1.6926338107931378,0
125.427268,98,549.462045,1.803059251849639,1.7287372519695106,0
123.519291,96,549.811463,1.8593201069561403,1.7945190839268386,0
124.899081,97,550.457159,1.7693687242913845,1.6564593680289728,0
125.524487,98,550.652946,1.7988606175422595,1.7300090598076268,0
125.918559,98,550.853686,1.8137252241484831,1.7385365706227038,0
126.098481,98,551.06591,1.8005981425908397,1.6717150941736865,0
125.009287,97,551.274854,1.8026882474396413,1.692523827375845,0
125.553709,97,551.909617,1.8225568340353475,1.6858183981686956,0
124.645173,98,552.084915,1.8390201652765439,1.707036871494407,0
125.1401,98,552.307308,1.7935757452653962,1.6611567739489093,0
125.130721,97,552.596338,1.8204130085288377,1.6648713998709743,0
125.982651,98,552.880367,1.8070555969252278,1.680217134074503,0
126.479449,98,553.524025,1.780712821875876,1.7055575163961076,0
125.621557,98,553.689524,1.8213974059575695,1.7153550182051942,0
124.34151,97,553.846752,1.8341780666238605,1.7522181158742711,0
124.832081,97,554.07132,1.8543082776504105,1.7361553778650278,0
125.146306,98,554.416279,1.8174166249641437,1.6996403102863522,0
125.547785,98,555.22388,1.7798470790103273,1.637236144890814,0
125.028657,98,555.384022,1.796692556752551,1.6731121547006909,0
124.533456,97,555.554139,1.8155662992678365,1.7262029377834196,0
124.984392,97,555.761064,1.8439919694839857,1.6918507793965603,0
125.33374,98,556.009505,1.8191286066847632,1.672827192290966,0
125.494178,98,556.344927,1.7732840578809144,1.63858588051741,0
126.643449,99,557.020718,1.7952862644707905,1.6521219629322792,0
127.269599,100,557.189119,1.795932326209227,1.7131923084258425,0
125.858131,98,557.351403,1.8148397981223712,1.737767850535554,0
125.266601,98,557.512668,1.8444731528707612,1.7413720360902034,0
125.637741,98,557.763304,1.7950160844724623,1.671960106514076,0
125.456391,99,558.498418,1.7400642498148842,1.6400220928094495,0
126.783295,99,558.801964,1.7919409686558472,1.7104980024543595,0
126.615195,99,559.156366,1.8049457488869964,1.7214962686177357,0
125.820533,98,559.506324,1.8355219958070506,1.6868540768502074,0
124.291284,96,559.848234,1.8042771150826447,1.7448682856932711,0
125.85549,98,560.558559,1.7852119866378087,1.7157247907998092,0
125.792381,98,560.738388,1.7897227820908967,1.716623118746357,0
124.750505,97,560.902442,1.7919267327922672,1.682014842940937,0
126.632376,100,561.058419,1.792192163815374,1.6685184216736302,0
126.596166,100,561.218928,1.7567389764760595,1.6329674986351461,0
125.35309,99,561.832819,1.7375316264641378,1.6361960836003107,0
126.984871,99,562.002344,1.7802911097741396,1.6308654440673294,0
125.700715,98,562.145733,1.7783194369086408,1.6704575526179046,0
126.280388,99,562.29703,1.760296698959946,1.6592402334151457,0
126.296247,98,562.452634,1.803919364415861,1.7081110130899289,0
127.060466,100,563.082311,1.7897636813455153,1.7031824733177943,0
123.828319,97,563.243806,1.80878399045713,1.7097486279401861,0
126.692932,99,563.426178,1.7765357954307208,1.6424873132085793,0
125.400483,98,563.577811,1.8027304768814876,1.6704218329739609,0
125.160258,99,563.815641,1.7538267051835281,1.6447478256994543,0
125.261454,98,564.149406,1.8192608228151328,1.6683232293059993,0
125.368625,99,564.789287,1.7592926049419388,1.6496662395812167,0
124.264545,99,565.02447,1.7260417555604006,1.6272675038733841,0
125.308913,98,565.187364,1.829052377200272,1.7314175458455283,0
124.348398,98,565.342552,1.8061259159806102,1.6791859769115467,0
125.883954,98,565.505441,1.8603040991753563,1.7047826341556378,0
126.009228,100,566.102057,1.725090756990269,1.6305130068070035,0
125.093202,98,566.285646,1.7909922278415515,1.6742159727138393,0
126.518823,100,566.485872,1.7600004577637562,1.6939491167713736,0
125.37985,98,566.791747,1.837378127591006,1.7207935572211914,0
124.15964,98,567.144977,1.7500285181393336,1.6299823497868136,0
126.465568,99,567.914796,1.7688351802595883,1.6548361827039046,0
127.109563,99,568.099287,1.7849524652258457,1.609685467846919,0
125.388102,99,568.296889,1.7549248111869242,1.6134250854396857,0
125.63513,98,568.495298,1.8280423804038504,1.698118313074754,0
125.562028,100,568.697996,1.7611201009792805,1.6852052859735773,0
126.213687,98,569.31632,1.825868502321124,1.6915708463947374,0
126.289769,99,569.493586,1.8421156377252124,1.6722474337626752,0
125.732805,99,569.685556,1.7710518563752689,1.6114505803325236,0
126.008544,98,569.882797,1.8077959614301795,1.6853684318489184,0
124.982204,97,570.081948,1.8304257189214945,1.693707408761959,0
125.895018,99,570.718419,1.819099740534235,1.6524654282035123,0
125.700808,98,570.890282,1.858476731891392,1.7183963535964595,0
125.723515,99,571.080745,1.8308574701105111,1.6921280322755206,0
125.702941,98,571.274781,1.753663794655906,1.6245080596709172,0
125.638599,98,571.469772,1.7710479684087304,1.6472164065967156,0
125.017065,98,571.661679,1.8133997285027057,1.6761979620947365,0
125.542416,97,572.266745,1.7893989212277601,1.678384751833655,0
125.37338,97,572.449597,1.8438852551738987,1.780024167057936,0
125.536869,98,572.642839,1.7948305656082906,1.6370249950604792,0
126.21888,99,572.844793,1.7943247913569327,1.6674994452389076,0
124.922271,97,573.072413,1.7905526604495596,1.6999610670298526,0
124.422313,97,573.717546,1.808680755667189,1.645895591066746,0
127.009069,99,573.890654,1.7797140475565274,1.6541309276614604,0
124.733245,97,574.065466,1.865669224713294,1.7075683041197962,0
125.348405,98,574.280085,1.8135325916266658,1.655555893064335,0
126.013767,98,574.520031,1.8063415950168396,1.6943571961192612,0
126.209962,98,575.246066,1.8199962375950174,1.6670424446579388,0
126.237468,98,575.410638,1.800459164843923,1.6983672569237076,0
126.691632,98,575.568377,1.8528162144961418,1.7215321444250404,0
125.622602,98,575.759576,1.828258855329364,1.682685780520254,0
125.163338,97,575.975543,1.8192124358371342,1.6905394441051915,0
126.762464,99,576.629192,1.8171333702837706,1.7160193608765437,0
125.91777,98,576.791387,1.821138081135945,1.6663436114214603,0
124.514917,97,576.936349,1.7942604314415087,1.7121192144771724,0
125.314511,97,577.078175,1.8770243986767805,1.6877423222373844,0
126.108059,98,577.22949,1.8557339674850069,1.7796916323299818,0
124.703687,99,577.397486,1.7414230466582699,1.6478861979926627,0
125.571525,97,577.992509,1.8066844453525375,1.695761841193167,0
126.450403,98,578.17996,1.802135900836828,1.6474061762081562,0
124.918432,98,578.37428,1.8306491550744715,1.7372742272560835,0
126.12751,98,578.57302,1.8688611393842032,1.7270221547303237,0
125.563696,98,578.79252,1.8162204478012534,1.6718636187548708,0
126.00325,98,579.415393,1.8216483840829634,1.6533280958362826,0
125.168841,98,579.589769,1.8381454590963686,1.7234810046622109,0
126.198919,98,579.767043,1.8290121305029106,1.7189841939171582,0
125.789776,98,579.933794,1.8154497929425175,1.7356506496777158,0
125.694547,97,580.135036,1.8363478482708446,1.7189982594220383,0
124.965813,97,580.834947,1.8165058247169341,1.6890931247287448,0
125.626685,98,580.991404,1.8245598985347653,1.7223929896157486,0
126.131461,98,581.137393,1.8080209733026764,1.6761839925195954,0
126.119841,98,581.285238,1.8307336473892402,1.7050463108724092,0
124.774337,97,581.516129,1.805168144116314,1.699186879551179,0
124.851312,97,582.175208,1.8445937804013517,1.7104599705150072,0
124.859264,97,582.341566,1.830274722920807,1.734133769075305,0
125.13609,97,582.500453,1.849216494329012,1.69178009759986,0
125.09735,98,582.659779,1.7658646780605627,1.6776105585352623,0
126.352901,98,582.8196,1.8084878005099545,1.7194327848046989,0
126.568964,99,582.98138,1.820363425392192,1.725597016480713,0
124.34691,97,583.562031,1.8560227947992822,1.743039905265705,0
124.435088,97,583.720533,1.8183157018428053,1.7119875586470736,0
125.584842,97,583.875206,1.8581649370960547,1.7370782542104486,0
125.191492,98,584.029907,1.8217642239116847,1.7263992783487705,0
126.282078,98,584.185281,1.8065940181787232,1.7438496389907836,0
126.216394,98,584.806645,1.83821741955567,1.7483124094866715,0
126.094305,98,584.965106,1.7759019082200436,1.6598666602206111,0
124.647241,97,585.117876,1.7918517178591702,1.6757764944137254,0
125.981353,98,585.329743,1.8050497469121314,1.7173541316888448,0
124.775118,97,585.648884,1.8301002183618669,1.7211543977327708,0
126.05496,98,586.354416,1.857963712562256,1.73719585744773,0
125.819025,98,586.51619,1.785271899526478,1.7117177127297398,0
126.821276,99,586.676054,1.796155939510655,1.6838548924418946,0
126.1013,98,586.834594,1.828074705776756,1.7576769002571537,0
125.941923,98,586.998233,1.8153542300241903,1.7013297205349454,0
124.914802,96,587.613728,1.8091499406277185,1.7398671526150868,0
126.342383,98,587.79819,1.8191193499147202,1.6963367822570854,0
124.976389,97,587.968966,1.817512802222417,1.746364576494703,0
124.771226,97,588.137734,1.8011895184345696,1.7011954661920083,0
125.595054,97,588.334649,1.8310723632881398,1.7006484334792178,0
125.261642,98,588.654983,1.7900378938661887,1.7127540119796048,0
125.799028,98,589.389175,1.8200554372198792,1.692576972443419,0
126.525322,99,589.562243,1.8043105925134104,1.687943408585866,0
124.036469,97,589.730158,1.820608002475901,1.720537243503033,0
125.837378,98,589.901465,1.8539891188017958,1.7424456886404291,0
125.672621,98,590.07659,1.8084722835397506,1.6816315615042994,0
124.59911,98,590.81457,1.8084121491456344,1.73904995632591,0
126.929283,99,590.997395,1.815583600429635,1.69563502722994,0
125.975473,99,591.168525,1.7965533209183182,1.6501282104690564,0
125.97457,98,591.33905,1.8194769458303268,1.7196813522882033,0
125.027888,97,591.507335,1.8385376567840983,1.7642318565667292,0
125.743497,97,592.230852,1.863221644512568,1.742387691667992,0
125.454539,98,592.393093,1.8123394942554811,1.6966904784809307,0
127.132263,99,592.563317,1.859520021124203,1.7421751315098313,0
125.181247,98,592.712687,1.8295712160476336,1.7349687859611855,0
125.065932,98,592.887108,1.8136520332337387,1.6782801559334173,0
124.360845,97,593.502259,1.854564253307383,1.7421214614628677,0
126.041106,98,593.673886,1.8438366860177244,1.7371449094347258,0
127.018076,99,593.850822,1.8694502381241838,1.7147527194302126,0
126.461008,98,594.02916,1.7977828343205509,1.6775472389277921,0
126.156065,98,594.185071,1.8010649059177617,1.6942098626590532,0
126.653594,99,594.845406,1.8525466730425386,1.7500901929058965,0
125.555073,98,595.016438,1.7809980944717843,1.6991133502547102,0
125.764951,97,595.1709,1.870114431617433,1.76464438704491,0
127.295714,99,595.331358,1.8037859227123008,1.698119911475004,0
126.824921,99,595.494529,1.8173813495819915,1.7110017178003685,0
124.565914,97,595.654303,1.825075942884868,1.7972644263195527,0
125.614965,98,596.247392,1.7901830860232868,1.6603551599498105,0
124.419586,97,596.432537,1.7996280650659793,1.7245778003205765,0
125.724939,98,596.625113,1.7867091496414118,1.6465071077217974,0
125.417756,98,596.814616,1.8177828455634808,1.7169849166475857,0
126.67815,99,596.992946,1.8525275802061563,1.7196850682971756,0
127.259028,99,597.642357,1.8664111190362769,1.74379693943376,0
126.176709,98,597.806013,1.7882375563348547,1.6923369336554541,0
126.453197,99,597.967228,1.7885826024946536,1.6485283407226186,0
126.184076,98,598.131501,1.8521343439707785,1.764174887030195,0
125.249677,98,598.421413,1.7925179106750408,1.6758429447178784,0
125.734462,98,599.126632,1.8358740156140678,1.7019365435947196,0
124.293362,97,599.287957,1.8667667028937869,1.7041032855071212,0
126.223958,98,599.467572,1.8196005371086432,1.6727963172143607,0
124.641019,97,599.635181,1.8360255294092647,1.6845067207628364,0
125.944729,98,599.830404,1.821503572291638,1.7272888255997363,0
127.124999,100,600.534223,1.8033430155152947,1.6496049629064156,0
127.109305,99,600.721334,1.8736801726653882,1.7411118667897263,0
124.60275,97,600.884389,1.850140284012986,1.7364699991177028,0
124.443276,97,601.089775,1.8331595877348745,1.6902137103123074,0
125.538668,98,601.304248,1.8162056931168238,1.6878380482863102,0
124.482348,97,601.513491,1.8091268183788483,1.7813148367142306,0
127.705138,100,602.114695,1.7979219817973198,1.6482421154702074,0
126.171847,98,602.31321,1.8309787830424284,1.7008811512005095,0
125.530941,98,602.527694,1.795249461370124,1.7456091316677957,0
125.5227,98,602.731944,1.7925078395188223,1.6862829238249128,0
125.431005,98,602.894366,1.7949044722666119,1.699861093350393,0
126.699119,99,603.499473,1.7973275431548033,1.6880320828794033,0
125.450391,98,603.655347,1.8044085525771318,1.7188947448881466,0
125.967673,98,603.806242,1.8294066838878698,1.7401751932146403,0
125.349259,98,603.957714,1.8310548065699166,1.6985688049026628,0
125.532981,98,604.109849,1.770003138339272,1.6587308281651085,0
126.049976,98,604.684439,1.8797541831930105,1.76543439936692,0
126.316664,99,604.855207,1.7739508984362657,1.6729071931608985,0
125.126956,98,605.046078,1.8254798798443377,1.7338160110266905,0
125.815963,98,605.20183,1.869017848146802,1.7658134495288584,0
126.645117,99,605.353781,1.7987579756534797,1.6449296277712835,0
125.312045,98,605.99363,1.818175426269732,1.700698528402698,0
124.994402,97,606.165862,1.84685941481894,1.7224022381655535,0
124.898232,98,606.343589,1.7746429542330233,1.6813675435114233,0
124.472574,97,606.50817,1.784297044320339,1.6700471535619346,0
126.378583,98,606.739152,1.895524917133643,1.7637638459082803,0
125.830127,98,607.46116,1.8860546319511038,1.7256174672296374,0
124.400608,97,607.614836,1.8636572690914508,1.776130362744484,0
125.741527,98,607.760038,1.8363763332457121,1.6924028434562874,0
126.559585,99,607.913158,1.8604585037652117,1.6900058526314001,0
126.35033,98,608.071333,1.8348741793408547,1.6875377444406483,0
127.705371,99,608.229637,1.823191166768233,1.7297504556795382,0
127.801773,100,608.818737,1.8914760923122689,1.713353232865571,0
124.982881,97,608.967055,1.7852206051439383,1.6874349367923116,0
126.038504,98,609.110435,1.8699406715914226,1.7364388821433583,0
125.729098,98,609.254293,1.802075858109437,1.719015944877752,0
125.113388,97,609.466602,1.8837583991373539,1.7753957287964584,0
125.345815,97,610.128954,1.8873739081879577,1.8056869413544727,0
126.62952,99,610.291691,1.8622496552211802,1.7328312753727202,0
126.587528,99,610.448723,1.8295199265962252,1.7814671296185156,0
124.738657,96,610.601521,1.911946734979936,1.7963957459432873,0
124.768455,96,610.806365,1.8888828106006903,1.7965660775445635,0
125.871238,99,611.444012,1.850989709521771,1.7328219595982193,0
126.496286,99,611.605955,1.8383174049677455,1.7215180190539459,0
124.756166,98,611.749262,1.8559268907300956,1.7247549371870443,0
126.050032,99,611.902847,1.8088884814426114,1.699147397434437,0
125.120886,98,612.085986,1.8458630110350733,1.7142318739178264,0
125.774404,98,612.728676,1.8326821235606627,1.6818319356655198,0
126.908576,99,612.90936,1.8510731904756565,1.6985028594929799,0
126.999944,99,613.087721,1.8155224020374054,1.6743166628484873,0
125.558082,99,613.291724,1.77661040895253,1.6677683283953555,0
127.006847,99,613.524316,1.8185694008359068,1.6993266754662306,0
125.975248,98,614.233423,1.8189144701935367,1.811939593384467,0
125.531227,98,614.403615,1.8140858611131965,1.692125119353575,0
125.800784,99,614.605012,1.7662708496526047,1.6680344469947683,0
127.025653,99,614.818521,1.8892712832919376,1.7228791541345456,0
126.281602,100,615.124111,1.7767051768703541,1.673330676415904,0
125.553127,98,615.465348,1.8151063360086248,1.644006963469874,0
124.833926,97,616.107035,1.8893259288378437,1.734529378228042,0
124.202079,97,616.268974,1.9171368934293371,1.7724796229830022,0
124.515035,97,616.421261,1.878091279369665,1.738416044759854,0
125.214842,98,616.578389,1.8254123506701088,1.6594682804858818,0
125.772281,99,616.736713,1.871306870608113,1.719116760945803,0
125.708085,99,617.400353,1.814797730450355,1.6977094478859607,0
125.369836,98,617.564857,1.8320804521064789,1.7237109667568615,0
124.799199,97,617.710799,1.8250009151273638,1.7366118618797552,0
125.117129,98,617.864765,1.8461399403601375,1.7266111424807105,0
125.514693,98,618.023406,1.8607472174982056,1.7155985878824276,0
125.492353,98,618.697356,1.8281073762845454,1.692326262934971,0
126.276727,99,618.869823,1.8087937151156337,1.69726317759309,0
124.747385,97,619.060472,1.8105970190545437,1.717999768889261,0
125.763685,98,619.269025,1.7900394538947721,1.7268138557682784,0
125.8579,98,619.485732,1.871953112746864,1.6966221502589032,0
126.848839,99,620.124319,1.840744278217411,1.7380379220900344,0
125.82671,98,620.283738,1.8477666783411715,1.745825044288736,0
126.307509,99,620.446535,1.8047109240138814,1.6765922471130839,0
127.5019,100,620.620983,1.7492916152881233,1.6007480819826196,0
125.658433,99,620.814002,1.8123529600221762,1.6905806084170127,0
125.713469,98,621.002904,1.8104704163992764,1.671309311373561,0
126.69397,99,621.604981,1.7871288362702402,1.656102636255431,0
125.269061,98,621.77327,1.8216024969416738,1.69897315733315,0
125.204896,98,621.920177,1.7523772236455912,1.6745334039995254,0
125.598969,98,622.089594,1.7842383384821001,1.6488564861837438,0
125.540406,98,622.243661,1.899807475269597,1.7795475315201772,0
125.138548,99,622.836964,1.7834596080279794,1.6958286125578603,0
126.051706,99,623.091029,1.8197110459675578,1.7284723311924277,0
126.393271,100,623.431527,1.8500889959345235,1.7743778601378861,0
125.34672,100,623.806815,1.7240169508489223,1.6760126624146083,0
125.240484,98,624.180475,1.8490334182498585,1.7856277243528447,0
125.845344,98,625.007499,1.8758597411630105,1.7864516431532251,0
125.463091,100,625.200717,1.7636784547037945,1.6519090315011316,0
127.056058,99,625.402101,1.864471118241505,1.7646388646468814,0
124.358746,98,625.595244,1.79948231698235,1.6867409576717363,0
124.082783,97,625.778635,1.8305543396449533,1.7071063129175794,0
126.452145,99,626.512335,1.7978675120646177,1.6932309244567088,0
126.423688,98,626.69576,1.8392977479021662,1.7501476724325442,0
125.234782,98,626.870712,1.8584599547908423,1.7655940028805073,0
125.741299,99,627.043332,1.82284459391672,1.746874227543928,0
124.970335,98,627.234603,1.9019696540053188,1.756091696301523,0
125.013816,98,628.083636,1.765815505639823,1.697386528725133,0
127.11682,100,628.302701,1.7655883225949867,1.6850819686828107,0
125.795882,98,628.553462,1.8277042074990035,1.7076644775613734,0
124.997236,98,628.893497,1.837864101514223,1.7588289452530395,0
126.290315,99,629.24624,1.8103396738810111,1.695302699289402,0
126.383575,99,629.598784,1.832550661727457,1.7869591935720281,0
125.112936,98,630.358489,1.8574305796012687,1.7947448689242114,0
125.935189,98,630.546756,1.9036544880955806,1.7696177941102107,0
125.369725,98,630.689778,1.8344257103828965,1.7044589709717954,0
126.704044,99,630.868029,1.8518796406885547,1.7451008415076552,0
126.14819,98,631.175156,1.8411309617608536,1.7288703218881751,0
127.753548,100,631.820987,1.7915965574052124,1.7200935183982466,0
126.264261,99,632.003554,1.8555159779294368,1.73982818105188,0
124.512655,97,632.193457,1.8946728614485693,1.7709760554126708,0
127.424311,100,632.390201,1.7675698522979892,1.6584183572494724,0
124.98569,98,632.588717,1.8727089206055971,1.7423232265986222,0
125.947724,98,633.194928,1.85643257594641,1.7821685695324085,0
126.320126,98,633.372436,1.8519264159233033,1.7497158247885876,0
124.949371,98,633.565345,1.8376337551726034,1.7672601516681523,0
126.34559,99,633.767246,1.8901152822668685,1.7918020704809452,0
126.093504,98,633.967488,1.8883344235891795,1.7715205213232128,0
125.411089,99,634.587102,1.765715132300737,1.6837083818878418,0
126.106244,98,634.760279,1.7879752000143811,1.690883474764272,0
125.558457,100,634.953819,1.8083895296743133,1.73687176593693,0
126.343288,99,635.128657,1.7684341651090203,1.6598890848392711,0
125.010316,98,635.298629,1.8145782821518461,1.7781256388642268,0
124.52008,97,635.877349,1.8106457339844868,1.7269285417252318,0
125.875602,98,636.041496,1.8757293098744767,1.7788900873546543,0
126.550336,99,636.20182,1.809975280448272,1.7423481792082096,0
124.748329,98,636.432809,1.788044790954574,1.709400323877844,0
124.541576,97,636.703094,1.8703667547937028,1.80462288975739,0
124.900914,98,636.917234,1.7998219998125118,1.7239560358960178,0
127.171586,100,637.510261,1.7626667471858035,1.6775254014397025,0
127.128196,99,637.690831,1.8272202221860332,1.7687413353771197,0
126.581745,99,637.875827,1.814684719622164,1.7110469335939853,0
125.379338,98,638.097053,1.8411697242767395,1.7032762117474607,0
127.025278,99,638.338734,1.763971724343707,1.6943264452878655,0
125.186037,99,638.956973,1.8052076431344173,1.721335417640834,0
126.119494,99,639.123585,1.8378025142407568,1.7928441615821582,0
127.736497,100,639.288538,1.802391099018456,1.725161156655739,0
125.874588,98,639.450602,1.8383959597842237,1.767202323098194,0
125.191447,98,639.612491,1.7848714360493727,1.6888251372178749,0
125.286103,97,640.198631,1.8084240031038898,1.7425181249790611,0
126.814426,99,640.421373,1.8251395016917982,1.7512264603979273,0
126.611531,99,640.63628,1.8658379425730802,1.7906485388263438,0
126.084091,98,640.85201,1.819085958125359,1.748897967792707,0
125.627361,98,641.082783,1.809064027279439,1.7723680295995103,0
124.793566,98,641.714753,1.7923932506902025,1.702680233520458,0
125.623998,98,641.880176,1.828549511433413,1.7693589843192201,0
127.409594,100,642.045817,1.7525711104954096,1.6896734141975007,0
126.006119,99,642.209129,1.8407804765505051,1.7359145484612364,0
126.170056,99,642.376747,1.7750240811245699,1.7458140964695055,0
125.856517,98,642.990038,1.8455890041386551,1.74948691619605,0
125.253085,98,643.157229,1.8619514621539845,1.7847781224823758,0
124.576134,97,643.306271,1.7911349481672525,1.7473461876191867,0
127.451753,99,643.54801,1.8625593278323849,1.7990295266873395,0
125.580579,99,643.885753,1.8373051125485291,1.7563562228280425,0
126.349273,99,644.243401,1.7913326973992882,1.7366508560598897,0
125.578453,98,644.851563,1.8504493389030034,1.7936892561444722,0
124.308408,97,645.080946,1.7988500751110548,1.7662137122711088,0
127.535405,100,645.336132,1.7933624473276173,1.7192971658128042,0
125.108651,98,645.585474,1.8173996603837383,1.7395338813808177,0
125.131608,98,645.835154,1.7874801057137326,1.7277294493243507,0
126.516905,99,646.465692,1.754567394929056,1.6994441547188237,0
125.045354,98,646.642578,1.8407363613722776,1.7947905114950038,0
127.322846,99,646.835788,1.8255497884096175,1.7342202930642718,0
126.893092,99,647.030549,1.7997927478837428,1.7158128213927755,0
127.067387,99,647.231059,1.7791838846809547,1.6413021573755229,0
127.398902,100,647.905848,1.79588833344168,1.7326265138515613,0
127.592572,100,648.12972,1.768602907292721,1.6691031369917995,0
126.364352,99,648.338943,1.7855316780516914,1.7074785958500192,0
125.581071,98,648.545762,1.766739297343294,1.7486591650907903,0
125.752331,98,648.753155,1.771950179173596,1.697518793332927,0
127.09262,99,649.381742,1.8394058925087002,1.705874051893829,0
124.844841,97,649.551775,1.7609634586431222,1.6563795549781954,0
125.894814,99,649.730169,1.8162941182361132,1.7208298040996122,0
125.638398,98,649.880955,1.7678351778213857,1.668558825507396,0
126.390385,99,650.039332,1.865809410074066,1.7640601565478888,0
126.22628,98,650.635244,1.8414043754513187,1.766965427839362,0
125.894848,99,650.808296,1.8649887814764055,1.7235524877057482,0
127.240182,100,651.011901,1.7835795481232024,1.7168012821365621,0
126.712513,99,651.188003,1.8107783285620411,1.7368678983086165,0
126.958127,100,651.349393,1.8450094824804202,1.7228841278068312,0
125.350345,98,651.934671,1.7953341951856123,1.7657875069461606,0
126.813678,100,652.107908,1.8214106429569508,1.704997961093379,0
125.613362,100,652.297994,1.733502562113925,1.648280117702158,0
125.543853,98,652.511113,1.859311961101253,1.7754924927429059,0
126.164315,98,652.722928,1.910056458631406,1.786009260277367,0
126.607217,99,652.937693,1.8793448386311395,1.7787880351655985,0
125.574876,98,653.521265,1.8822862728042835,1.7929992388707927,0
126.554525,99,653.684724,1.7698065588906147,1.6996267425734077,0
126.415225,100,653.865574,1.8631095454402409,1.757083922983717,0
126.109754,99,654.089359,1.8101509780277474,1.7337558452201114,0
127.836561,100,654.350307,1.8514831754930223,1.7771475535670733,0
126.450104,99,655.007833,1.74087867209557,1.655237451182381,0
127.211413,100,655.178631,1.7620444914411098,1.679852282999037,0
127.473194,100,655.380843,1.7711360509578236,1.66821333260262,0
126.04557,99,655.54838,1.8201471594026066,1.7282903504028972,0
125.711539,99,655.713289,1.7642949794153753,1.6866979599434155,0
127.105275,100,656.306012,1.805885647557568,1.6476100992279001,0
126.819825,100,656.55318,1.7436543187770561,1.6841839943513528,0
126.341666,99,656.741731,1.8100288946525132,1.7368470411398254,0
126.687562,99,656.981164,1.8129828695299484,1.7375487816933683,0
125.488512,99,657.234351,1.7761937527533627,1.7146709497953296,0
124.067356,97,657.989984,1.8822279512922586,1.779605955277923,0
126.502188,99,658.16175,1.7887094506833994,1.7432509451514813,0
125.724344,99,658.340846,1.7221584512729071,1.6415161854589242,0
127.358129,99,658.651691,1.847246775403538,1.7692369531621033,0
126.856823,100,659.017193,1.7818866225754537,1.6917896322344206,0
126.92016,100,659.796862,1.881901120504232,1.7922073374199436,0
127.580083,100,659.963412,1.8155121356739834,1.7017180818694981,0
125.655501,98,660.150998,1.8014083231482956,1.7018759695575159,0
125.87493,98,660.462739,1.8106651677114942,1.7626113017222085,0
125.53497,98,660.803896,1.835224045126245,1.7412472616001535,0
126.082199,99,661.608287,1.6876963045984714,1.6119190082330939,0
124.493655,98,661.77376,1.7321424696267416,1.6774763993203348,0
126.613857,99,661.939158,1.787794433480207,1.7067996162785108,0
126.922495,100,662.121068,1.8415341550850717,1.7365458445575166,0
127.30229,100,662.382535,1.8027200128428342,1.703767715052422,0
125.425454,98,662.597978,1.7306349927616382,1.65440292555,0
126.303129,99,663.197791,1.781027745925159,1.6972582943974692,0
125.229303,99,663.383282,1.8009782772618088,1.7777023858127188,0
125.080492,98,663.57531,1.7263210708743968,1.6709541691607892,0
125.69259,98,663.766686,1.8298916868733832,1.7648131073915219,0
127.123405,100,663.962432,1.8102166238339241,1.7122892764470201,0
124.818631,98,664.565565,1.7922468807908254,1.764895552709379,0
127.201351,99,664.744209,1.8043041439776144,1.7401363930385987,0
125.738675,99,664.927489,1.7299802677909828,1.647904313497399,0
125.853975,98,665.091137,1.8224166441756149,1.7512234715201431,0
126.807156,100,665.378601,1.760848015913885,1.720497087877808,0
127.192122,99,666.067101,1.7995100506532895,1.719101393111958,0
127.862861,100,666.253201,1.847948823682462,1.7871658136620965,0
127.858523,100,666.449747,1.815128197848148,1.715651720663738,0
127.241721,100,666.652618,1.7660137756301022,1.6748351672211899,0
125.305581,98,666.851789,1.8296492629407888,1.736231707244358,0
127.428295,100,667.479491,1.742202726421598,1.676541422559121,0
127.501172,100,667.650898,1.7899714362754455,1.701227621364915,0
126.497605,99,667.804344,1.7663624998026808,1.6787740714632584,0
125.284952,100,667.977625,1.7201811991212708,1.665053304221492,0
126.586181,99,668.15503,1.8030538528617068,1.6783389048319592,0
127.028107,100,668.738921,1.811954743570558,1.7172787064534283,0
126.170987,99,668.90755,1.8090754938704685,1.7235494887383647,0
124.58715,97,669.066604,1.801283322087425,1.6627484114077045,0
125.496648,98,669.226758,1.824522707232079,1.7871933150584347,0
124.457236,98,669.387267,1.8337325227167862,1.7423881208232919,0
127.508935,100,670.075604,1.804306566547279,1.7361816552614096,0
125.06646,99,670.237908,1.7421970961183164,1.734186157154916,0
126.369013,99,670.401122,1.7881708200966742,1.7317405458641733,0
126.065712,99,670.649819,1.805582159704192,1.7334952683720017,0
125.766154,98,670.985887,1.8212761729631302,1.7501435420477747,0
125.965234,99,671.34654,1.8228849798127527,1.7429819883978475,0
125.432596,98,672.068932,1.7984265368398187,1.7435944849557488,0
125.82688,99,672.260156,1.7602575247539967,1.6809303746943123,0
126.609476,100,672.494481,1.8134426876907235,1.7143284757617911,0
125.825066,99,672.710288,1.8317989533290926,1.7582417149827594,0
127.909366,100,672.953525,1.8307280759709426,1.751245317512744,0
124.973677,98,673.587525,1.8302661114811316,1.785554946150728,0
126.115221,99,673.740448,1.775309751022845,1.6783833109437745,0
124.721045,99,673.938849,1.852136848586998,1.776658979893495,0
126.900982,100,674.223478,1.7816599339193577,1.703576529572475,0
125.421493,100,674.577482,1.7664437596856084,1.695023400141215,0
126.481694,99,675.273099,1.7794788804713622,1.702936490344118,0
125.747693,99,675.438724,1.7518369574017205,1.6484727916292519,0
127.072762,99,675.651407,1.8017157301194384,1.745708658388093,0
126.815864,100,675.943281,1.7566252990744502,1.6659621741619433,0
125.166179,99,676.132406,1.845639400907436,1.75856191225357,0
126.957954,99,676.725736,1.7714484646205981,1.705868404184101,0
125.953454,98,676.89546,1.787009592640364,1.7204748125542795,0
124.294052,97,677.060107,1.8238260799967068,1.740526141539077,0
125.704264,98,677.294838,1.8104375890690096,1.694327268510912,0
126.103665,99,677.633684,1.699566414877647,1.6227678550936577,0
125.751413,98,678.405591,1.856516346741581,1.7544800603640682,0
125.76735,99,678.607892,1.7988373856434219,1.685191124129258,0
125.373778,98,678.758229,1.7811135496490644,1.6850579460484694,0
124.560944,98,678.914543,1.7388095731030144,1.6709390340544057,0
127.954415,101,679.076742,1.7916305848908933,1.722928848471977,0
125.879256,99,679.23553,1.7778192109353057,1.7269651256145357,0
126.65897,99,679.82652,1.816261344997413,1.763004987309018,0
127.818897,100,679.991985,1.7895052347838531,1.754884963842884,0
126.021515,99,680.154018,1.7675225798725827,1.6701773823475659,0
128.789365,101,680.319141,1.8271612397495882,1.725949568957345,0
125.736539,99,680.48097,1.7935127575015561,1.7215994813208597,0
125.792498,99,681.069311,1.7314091033415466,1.7324845273517124,0
127.714378,101,681.246037,1.7382512022360586,1.7108691511765357,0
125.827282,99,681.484926,1.7919244444175961,1.7156269224385021,0
125.337754,98,681.733664,1.767402594673732,1.7317080043728974,0
125.933513,99,682.070215,1.8193636753679767,1.7652278955348761,0
126.026994,99,682.732277,1.770970111782,1.7529269480485112,0
125.7372,99,682.892102,1.773335161899969,1.7112899604274243,0
128.265433,101,683.047435,1.776847529133615,1.723259679384836,0
125.634926,100,683.209128,1.7309833188944523,1.7107867630027833,0
125.311412,98,683.379385,1.802146310373663,1.7294290430128518,0
126.566877,100,684.032275,1.7764054696587122,1.764499793498969,0
127.3891,100,684.199572,1.740705293670082,1.6658075301022237,0
125.933647,99,684.360688,1.750784239226367,1.668111999309467,0
125.58522,99,684.522697,1.765652130112172,1.6824403390091354,0
126.953944,100,684.686233,1.7703308225568932,1.7058770717878637,0
126.453284,99,685.288589,1.8149118512877855,1.7238508723000985,0
126.004164,99,685.45334,1.766751547067946,1.7138718343890234,0
126.586748,99,685.612591,1.7815000721862664,1.6992073358697488,0
127.235348,100,685.790514,1.7665011879006898,1.6664660448659918,0
126.656554,101,685.994754,1.7064568529991737,1.651381224179421,0
126.861331,100,686.589955,1.7430602005953222,1.6807673699633148,0
127.530666,100,686.758907,1.8106328275782222,1.7446118719746433,0
126.053643,99,686.947897,1.8372659783434466,1.7348950042047477,0
127.543103,101,687.130685,1.736265939639057,1.6796449556858646,0
127.102655,100,687.299668,1.7772283114594065,1.6794336734390027,0
127.578176,102,687.890719,1.7722780903054023,1.6948650917986654,0
126.661021,99,688.061344,1.7996944129706631,1.7294117618506837,0
126.828106,101,688.247586,1.7752229510144844,1.6888478892654304,0
125.656653,98,688.49854,1.820318224197577,1.697769154019808,0
125.999475,100,688.754988,1.7026601354775424,1.5920545884897632,0
125.883929,99,689.008953,1.7914703292563101,1.7069615642294111,0
126.033315,100,689.619412,1.7653732723445077,1.674066275765344,0
127.687904,100,689.795953,1.7588306062101342,1.6527814341046179,0
126.865095,99,689.988694,1.8039335637859146,1.67892781800635,0
126.352789,99,690.181659,1.8067917693001,1.7199106509748276,0
126.775402,100,690.464737,1.726206090626747,1.6771254827935307,0
125.615901,98,691.135826,1.8012368209133103,1.7044338840609687,0
126.952661,99,691.301559,1.7670421425288858,1.6942949383121872,0
127.229838,100,691.470754,1.7236015096211534,1.6684564608189183,0
126.937672,100,691.638798,1.7425105960927088,1.6599092813267415,0
125.861212,100,691.801098,1.821321893341573,1.7372201250062471,0
124.600143,99,692.389488,1.6991705324998376,1.6530131232977174,0
126.057436,100,692.546478,1.7450527041424322,1.6259439887467593,0
126.973969,99,692.691256,1.7664241531508427,1.692880050073693,0
127.454833,100,692.847708,1.7341048945648223,1.6350007461002345,0
126.491935,100,693.007684,1.7553403204827331,1.6406259793353142,0
126.537042,101,693.727648,1.7132336049850228,1.667227273356364,0
126.638514,98,693.909711,1.807072987891453,1.7353986119326965,0
125.660253,99,694.054087,1.7621723324164484,1.6468310181520331,0
126.009778,101,694.202288,1.6540860702971534,1.5925121732490104,0
125.460643,98,694.34454,1.8026836467574254,1.686995768067636,0
126.269187,99,695.015669,1.7589212442320687,1.6909948176940786,0
126.683645,99,695.178259,1.7183810059399027,1.666566177390491,0
126.961369,99,695.325805,1.7943509930379469,1.6963773062593221,0
125.875901,98,695.471628,1.8345700604774136,1.7361681602945234,0
126.305648,99,695.619816,1.794282874875516,1.73156721918386,0
126.591062,101,696.19411,1.6942664723395415,1.6339921208121306,0
126.571033,100,696.362989,1.7449395336185842,1.6823785768243582,0
127.792347,100,696.526363,1.7936600190668497,1.716095264324196,0
126.135211,101,696.697305,1.7335582791792947,1.7016697815110535,0
127.727509,101,696.999601,1.7078571232695126,1.661669424888421,0
125.49547,98,697.751554,1.8209673436383347,1.7102747848244158,0
126.553283,100,697.921013,1.789519286639395,1.7030652052970223,0
127.838542,101,698.088922,1.8000295340781804,1.6865336530673538,0
125.258813,98,698.250335,1.8569555846735903,1.7385062582160182,0
126.929231,99,698.414088,1.814077697483332,1.7042925511401033,0
124.921539,98,698.648991,1.7691260781779343,1.7124123713658197,0
127.339422,100,699.258283,1.8241822838141668,1.7225557921109371,0
127.245522,100,699.411771,1.7907862436068251,1.6825676336501902,0
125.845852,102,699.572976,1.738351660084852,1.6728769077235977,0
127.662463,101,699.734582,1.8360200273947562,1.7695209132747518,0
124.034116,98,699.890449,1.7437763087765978,1.6903714214076984,0
126.912342,100,700.576737,1.8082933425817516,1.7377925443350377,0
126.34405,101,700.736261,1.730369372073919,1.668890430561882,0
125.753941,98,700.917881,1.8212492009053296,1.6943852917925009,0
127.586831,102,701.113143,1.7200131602477093,1.634360833170792,0
125.782933,100,701.298438,1.7408291160152107,1.6619866738531706,0
125.22277,100,701.918348,1.6895276023818449,1.6313370965139213,0
127.723959,101,702.109825,1.7573705761996368,1.614588778780656,0
125.610348,98,702.271534,1.842561945433978,1.7500317029951435,0
125.757106,101,702.437403,1.72003428286632,1.6236296212946455,0
124.934616,99,702.59823,1.7680760753849856,1.7036327388276928,0
126.494308,99,703.181785,1.7655564165591076,1.6658310923264774,0
126.559986,99,703.361173,1.8014263705074827,1.6665564223490734,0
125.045215,98,703.552742,1.766882638824514,1.6755038974971757,0
127.170177,100,703.754078,1.7429658836006081,1.6392788086844687,0
127.334782,100,703.935074,1.8012188333029875,1.6811639600363708,0
125.323868,99,704.535737,1.75963157270437,1.66756859240949,0
126.330631,100,704.710884,1.7984099555605388,1.7663118440171448,0
126.087534,99,704.874034,1.7814828350406002,1.6897103634272348,0
125.268573,98,705.03221,1.7476678399303118,1.6613687661584347,0
126.672425,99,705.217804,1.8466887432884294,1.7896025937955846,0
126.234459,99,705.878984,1.7782125191582676,1.647787423621063,0
126.88868,99,706.049298,1.8341143494724714,1.7541382177594378,0
126.579555,101,706.216287,1.6825502781630985,1.599232672947571,0
127.219293,99,706.377406,1.8306121773223243,1.758761577644854,0
126.872845,101,706.543446,1.731885247609267,1.69291231660889,0
125.770106,100,707.144229,1.7658232667746063,1.706261824958694,0
126.141165,98,707.312579,1.874897631775499,1.7753954274928543,0
125.41257,99,707.502379,1.6862051937346545,1.6477987978779525,0
127.489947,100,707.698519,1.762721234761774,1.6416640717320448,0
126.782465,99,707.859874,1.811806300310876,1.7444496692663825,0
125.748248,100,708.022924,1.7525599980512199,1.7146928171229319,0
127.115799,101,708.626447,1.7282958603189171,1.6801850338932383,0
127.326373,101,708.813482,1.7486396588511104,1.6074189210328111,0
126.445411,101,708.978273,1.7016529442733144,1.6151403807158085,0
127.287307,100,709.140117,1.8130341637213125,1.724384667696558,0
128.463844,101,709.306324,1.8028338827193398,1.6874041772649642,0
126.36429,99,709.894092,1.783755130888418,1.6647925632779952,0
127.052261,101,710.05709,1.7602536380262752,1.6670075341590658,0
127.475901,99,710.201963,1.7682258738630243,1.6795820796643797,0
126.186418,99,710.380212,1.8396706488856938,1.7478600786084932,0
127.583487,100,710.693646,1.804561659200633,1.6935552002833572,0
126.744952,100,711.355134,1.7936712139587674,1.6669305207234006,0
127.478486,101,711.512534,1.7778863716924187,1.66790564616753,0
125.340564,99,711.666352,1.7849616180984382,1.695455811460606,0
126.121912,100,711.826158,1.7458212206644708,1.6440794074948797,0
125.64404,99,711.984949,1.7956550424746045,1.6706075194168004,0
126.063812,100,712.603159,1.7498426299675387,1.6955709111157533,0
126.024713,100,712.765647,1.7775282431957982,1.6732885233244241,0
125.629318,100,712.933751,1.6920222263821456,1.6069215386046807,0
126.701605,100,713.153703,1.7603017998359647,1.7035734212109084,0
126.377354,100,713.374285,1.7665259836117417,1.6156427768697565,0
125.673013,100,714.018739,1.7880929392243,1.6834245168681499,0
126.194127,100,714.224627,1.7191841716733813,1.6138772057717976,0
126.54593,100,714.465473,1.822121101166059,1.7118470432269233,0
127.277657,100,714.682174,1.8108927190632185,1.7093731011405473,0
127.412848,102,714.904727,1.7293476558264587,1.6603090150033855,0
126.64345,101,715.562217,1.8127288648789408,1.6830669605534292,0
126.670734,100,715.739136,1.7867491806272744,1.694159408028544,0
125.491772,101,715.909658,1.6905728343944348,1.5913039638630069,0
127.151186,101,716.06821,1.764583613303095,1.6442328175070107,0
125.037192,99,716.222069,1.760881193530692,1.6589824016248467,0
126.714285,100,716.945816,1.7980344568235807,1.714953142374826,0
125.535842,100,717.122203,1.7316333908487243,1.653428550293159,0
127.633788,101,717.352973,1.7775897394138482,1.6365531259423667,0
127.274933,100,717.56706,1.7584540472502836,1.654878707504527,0
125.74262,100,717.74361,1.7722365211053344,1.6777045293179564,0
126.799605,101,718.435565,1.7545590525486854,1.659155929361539,0
126.606621,101,718.62261,1.7253512474612283,1.6005188003812951,0
126.776878,100,718.810638,1.8148973694432549,1.707243444212302,0
125.8084,100,719.023165,1.8163341151469945,1.700781579252035,0
127.633809,100,719.252444,1.746149701235522,1.6585308864750585,0
126.262167,100,719.939134,1.6941868696433728,1.5916977020557412,0
125.901914,99,720.112628,1.7617842068076641,1.690173998361828,0
125.956339,99,720.279488,1.737233360046656,1.6286748772631567,0
126.171913,99,720.475802,1.7830076373290595,1.7252407141356867,0
125.649858,100,720.79646,1.7338680363446812,1.7109906922739064,0
126.780102,100,721.159811,1.8008859371533439,1.7102429276097377,0
125.287008,100,721.829512,1.730493311030994,1.6582720262517705,0
127.064971,100,722.006613,1.7044930006181376,1.6622921150308974,0
125.659866,98,722.166967,1.7721945911949386,1.7543444545631226,0
127.064582,100,722.338986,1.757023910673459,1.6857656142604907,0
125.633859,98,722.551507,1.7898233972204294,1.6852489647532198,0
128.003792,100,723.157102,1.7967929615192428,1.6547894994049943,0
126.126025,99,723.34448,1.7465525563556672,1.67276717695272,0
125.105866,98,723.536938,1.752906158313096,1.7145732145893189,0
126.359998,100,723.738884,1.783843134664715,1.6941692919386717,0
125.744069,99,724.038502,1.78863125567009,1.6779111597852086,0
127.683782,101,724.724461,1.8128218751600025,1.7615261856183388,0
126.542858,99,724.883324,1.8052477664590811,1.7097024608385307,0
127.015496,100,725.03131,1.8199123948706522,1.6860155683149836,0
126.671619,99,725.183099,1.721465859985254,1.6411010791046772,0
127.12839,99,725.340521,1.7890353680927,1.7214469914810315,0
126.011208,99,725.95125,1.832651045957604,1.769032086839962,0
126.165427,99,726.123357,1.8023820704811364,1.7112799041724995,0
126.171084,98,726.321082,1.7814505124354152,1.7027866003396361,0
126.187863,98,726.583581,1.812848555606675,1.7115969021413506,0
127.321851,99,726.933892,1.8251726447104155,1.7598884900817808,0
126.315509,98,727.675465,1.7795590372966812,1.728314801647766,0
126.007689,99,727.86714,1.80875733105617,1.7473775639953166,0
128.201087,101,728.071365,1.7821313278034359,1.6747479232727343,0
126.412795,98,728.293963,1.8189382058051153,1.7366685728000077,0
126.543164,99,728.545092,1.7975835488241947,1.7340346244058926,0
127.196324,99,729.226678,1.763738995441675,1.7144930827857836,0
126.93815,100,729.401516,1.7887787776431352,1.7366815820946184,0
127.298757,100,729.58773,1.7840609771161289,1.6942035740842605,0
126.897083,100,729.785193,1.773516033094738,1.73131389060069,0
125.872881,99,729.984119,1.782701050338728,1.7302894786284257,0
127.003375,100,730.681602,1.8328863268854625,1.7695321746944679,0
125.300254,99,730.858056,1.771202077375812,1.697524262145386,0
125.115966,100,731.023414,1.7817649995186449,1.6923972671145548,0
127.568079,101,731.190611,1.724756086341813,1.6633470439753948,0
126.283239,99,731.349905,1.7832734320940804,1.7082200465751658,0
124.890772,98,731.537434,1.7212944621311486,1.6783084009950306,0
126.364926,100,732.13186,1.7643576904606881,1.6922657292906218,0
126.261578,100,732.313672,1.775501804666795,1.6836298450502087,0
124.965549,98,732.516217,1.8487431437717505,1.7128418735660549,0
127.189558,100,732.736937,1.75045056012835,1.6762730135940398,0
126.221846,101,732.915873,1.72053779149004,1.6224686333119704,0
126.642797,100,733.518847,1.7720418217491258,1.7219260238843632,0
127.410339,101,733.709606,1.7037923401061654,1.6608374571955817,0
126.122995,102,733.862257,1.691691360475977,1.5818254290182259,0
126.143046,100,734.018479,1.8036976399497289,1.7512815896074743,0
125.870114,100,734.297377,1.7801868796270652,1.7033929146460893,0
126.959592,100,734.958863,1.7600698887230923,1.6896661783889197,0
125.332136,98,735.130617,1.7841610159861292,1.739388733967702,0
125.40113,99,735.295283,1.747560402945362,1.6423659986989918,0
126.088755,100,735.49654,1.7076498449895687,1.6345693245793795,0
127.93439,101,735.807976,1.7166319994413344,1.6198504442078931,0
125.825927,99,736.527695,1.7438636365603604,1.6357275009658638,0
126.389052,100,736.750586,1.7162615699191812,1.6556900290844268,0
125.697807,99,736.958947,1.8298477066797698,1.7394384649243295,0
127.181201,100,737.258149,1.7551313009030678,1.6423272712681884,0
127.642763,101,737.56672,1.759403380825094,1.6912687037573877,0
124.987523,98,738.200873,1.7937604698488498,1.7325919891269812,0
126.221208,100,738.376653,1.7538316712211595,1.709561598455842,0
125.611337,99,738.581092,1.7549812629727697,1.704112346471781,0
126.189348,99,738.871258,1.7740121011531838,1.7154175113079457,0
126.394024,100,739.230427,1.792982750066686,1.6715198168609458,0
125.61374,99,739.994279,1.7793532018995255,1.7539530790513782,0
127.181898,99,740.163912,1.8345291676279056,1.738848736746523,0
124.99402,99,740.350036,1.7767725359274802,1.7270941729842417,0
125.358372,99,740.511192,1.7081835542348351,1.691375175695381,0
126.012961,99,740.670166,1.8035356084021352,1.681516451111999,0
126.28363,100,741.259692,1.778350502884575,1.7504008034799854,0
125.052396,99,741.43779,1.771835106779459,1.699879207694094,0
125.36132,99,741.695689,1.7261547533010302,1.6414475892479201,0
126.285138,100,742.027567,1.7357090626531952,1.6315909010000393,0
126.058366,100,742.391462,1.7149148784309394,1.6647280837033636,0
124.87724,98,742.74905,1.7791105829269542,1.683894112784193,0
124.871672,99,743.380314,1.771445264389714,1.7078014337570746,0
127.038781,100,743.598479,1.7677902496152418,1.665326040912032,0
125.601374,100,743.833247,1.7882785723597265,1.6640972116763542,0
125.993087,100,744.127004,1.7722798612184971,1.6104451591420437,0
125.47733,99,744.472185,1.7961665557146809,1.7759170995011295,0
125.827087,100,745.182003,1.7565134080137281,1.7039650119636258,0
125.683315,99,745.334093,1.7957125614105498,1.7266262152565661,0
127.004475,100,745.531665,1.7808421289406695,1.7232712329807232,0
127.082057,101,745.865813,1.7749160557998156,1.671282894466896,0
125.731282,101,746.236487,1.7379040502675136,1.6207315689857547,0
125.890939,100,746.941313,1.7933516572530692,1.7086715291449193,0
126.264091,100,747.108786,1.793578445011149,1.6806927423160174,0
126.592705,100,747.311654,1.7402562171355322,1.6477230458493017,0
126.234898,100,747.630098,1.7528248417237668,1.6749951928620643,0
125.548792,99,747.989194,1.799372113364384,1.7078331242462348,0
127.654363,101,748.701003,1.7991499416411878,1.7308825922921158,0
125.598803,101,748.869514,1.7687074639169307,1.7188911657601942,0
125.919578,100,749.102524,1.756492085559329,1.6884053232634786,0
126.405884,100,749.4267,1.7874194583681913,1.7266376216591268,0
127.573522,101,749.74812,1.7801277941996088,1.691110613854485,0
125.872029,100,750.448914,1.751160733845559,1.700693015838583,0
125.682303,99,750.618163,1.7427413465053994,1.7152369870425475,0
126.917356,100,750.777581,1.8199153232408694,1.7496795293862932,0
126.370802,100,750.992829,1.746974637158812,1.6790023344860823,0
124.320991,99,751.213974,1.7411541818008203,1.6528980676970304,0
126.259425,100,751.895082,1.7627925057159455,1.6556687715571852,0
126.573445,101,752.071837,1.715917791912566,1.6619674637639132,0
127.027149,101,752.330869,1.7014427520918718,1.642057417213482,0
125.51194,100,752.612836,1.762357831685515,1.7172954196171832,0
126.672431,100,752.918312,1.748871670535714,1.710423969052406,0
127.161623,101,753.695449,1.7503516194831186,1.6160942181877744,0
126.529257,100,753.883075,1.7936412466024112,1.6873730543175645,0
128.391162,101,754.062362,1.752070852657474,1.675892722191756,0
125.935889,101,754.23253,1.7349061132513317,1.6967460768999745,0
124.734025,99,754.484374,1.7541462701636485,1.6489769839632507,0
125.59796,99,755.256431,1.7878698449200385,1.7386128763149793,0
126.278636,100,755.425369,1.811485279309344,1.7420479578401236,0
125.449704,100,755.595059,1.7466227406740795,1.6573375625794136,0
126.145099,100,755.773462,1.768194006170263,1.7233082728815623,0
126.762303,101,755.952683,1.7826304994860058,1.7211627108791836,0
127.296211,102,756.140339,1.7203447431046721,1.620479790107469,0
125.999693,99,756.768727,1.772782597163336,1.6533204531496866,0
126.349258,100,756.935806,1.7787929607716513,1.7166869012557926,0
126.810316,101,757.101984,1.7848388310685503,1.6935857194639645,0
126.532576,102,757.270759,1.7359139506427979,1.622682831733384,0
125.678879,100,757.435793,1.7950029522080273,1.6935094368530716,0
126.659794,100,758.037863,1.7610371027737803,1.692569768189672,0
125.782828,100,758.208076,1.7181477413931128,1.6113293905123032,0
126.591015,101,758.36313,1.8019945179785102,1.7107100098392805,0
126.417135,101,758.521303,1.7067964196791428,1.63126224258683,0
124.78706,100,758.681147,1.7109107902214293,1.6418750538281224,0
124.874739,98,759.262491,1.7825123503299376,1.6721481292408698,0
125.88017,100,759.440008,1.7291079661207105,1.6617636400718483,0
126.579213,101,759.661364,1.7616961634818715,1.7262457198761576,0
125.830908,100,759.916704,1.7129733578037838,1.6162891097978929,0
128.075905,101,760.182761,1.7830155358178592,1.6782046338601755,0
124.588686,99,760.813379,1.7242193949236657,1.649501500687897,0
125.493979,100,760.991133,1.7530287461692837,1.688857826986019,0
124.802571,100,761.197125,1.7599733956526784,1.6545478832302118,0
127.06355,101,761.43244,1.7751118943493958,1.6915103046500108,0
126.881399,101,761.691544,1.764454235912603,1.7216641139533073,0
127.401843,101,762.33166,1.7681545172594686,1.7240648757615744,0
124.850214,99,762.505458,1.7888483905143686,1.6833425916687415,0
127.139765,100,762.707177,1.7884953934228145,1.7731339713228966,0
127.242562,100,762.93994,1.785244017003847,1.7126034704926585,0
126.91186,100,763.196348,1.7555381649588224,1.6554810332030223,0
126.407895,100,763.848769,1.7784113537863535,1.7223734273774516,0
126.60925,100,764.023709,1.716945272857661,1.6502690986917137,0
126.670598,100,764.225962,1.7612917205574241,1.6907702370166546,0
125.288485,100,764.455785,1.7347168200676626,1.6597573698196253,0
127.54355,101,764.712139,1.7938639782688384,1.7145827957179072,0
126.082311,100,765.38421,1.7764637373754038,1.7434618663925083,0
125.588675,101,765.557882,1.6965880700685863,1.672285584763674,0
125.496371,99,765.752799,1.8275466625254253,1.7543172651139909,0
125.063909,100,766.02401,1.8028602731025865,1.7141202517009115,0
125.364515,100,766.311244,1.7791588865737988,1.7123549336930028,0
125.130655,99,766.951195,1.8126136344365988,1.7315910689364635,0
126.734348,100,767.118185,1.7504216613085664,1.6883029697358711,0
126.365854,100,767.30764,1.7550667528606714,1.7255433037835843,0
125.530694,100,767.519974,1.7546499744978648,1.6688769056792163,0
126.352228,100,767.748639,1.7793622739613473,1.6958412624499228,0
127.546257,101,768.391487,1.7602251504319486,1.7354129162657526,0
124.59565,100,768.55929,1.7758535168794531,1.7409848401812553,0
126.915573,102,768.754195,1.7558375353406364,1.7362559902954542,0
126.409634,100,768.971825,1.7908496949818995,1.7143279667976101,0
126.614023,100,769.218505,1.806355742971153,1.7150680058804237,0
125.90019,100,769.523684,1.754062641274272,1.6945657679755224,0
127.283739,102,770.146719,1.7625382388219162,1.727531044683414,0
126.692264,101,770.303753,1.7974517522097122,1.7180286046417208,0
125.605623,100,770.472312,1.7805311025484722,1.6816938309078449,0
125.720593,100,770.743936,1.7592250244203385,1.7270806969005685,0
126.918521,101,771.109067,1.77905045280852,1.6871094570652918,0
125.99083,101,771.758965,1.693299290076857,1.6556739820577797,0
127.248306,100,771.916372,1.8778114802553594,1.7659852627092978,0
126.666178,100,772.067845,1.8268681628431407,1.7397635239555589,0
125.442898,99,772.316569,1.7837804986869628,1.7066273622734929,0
127.014123,101,772.665705,1.807941988191932,1.7217518709600832,0
127.348873,101,773.318022,1.7850485233600937,1.7228001449818908,0
127.450564,101,773.486799,1.778412942676977,1.659239564780818,0
125.504512,100,773.650105,1.7820655875266023,1.7157108875270883,0
126.363264,100,773.811962,1.82696885310451,1.7316647038323258,0
126.162419,100,773.972933,1.8123785474320377,1.705366808728722,0
124.966999,100,774.559957,1.7986635840171732,1.7518543772813198,0
125.637579,99,774.725538,1.7394731216950559,1.6823609999271028,0
126.561045,100,774.889047,1.7608867942211575,1.6801015339149656,0
127.060969,101,775.054003,1.7178380840757783,1.6668298296901665,0
126.904115,100,775.222736,1.7189182037555135,1.6462004378200088,0
126.928153,100,775.864624,1.7762722391481942,1.7284853664174835,0
126.328596,99,776.030205,1.8069412280964754,1.7539175932456779,0
126.333711,99,776.275908,1.7718333012089305,1.7560768431043918,0
126.925591,100,776.615813,1.8043174930878778,1.721823618227264,0
126.286215,100,776.983973,1.7572716210911283,1.676720980479867,0
126.479909,99,777.7046,1.7763625180277012,1.6832709083152488,0
127.126396,101,777.874017,1.6790821440827182,1.6324139610044759,0
126.379828,99,778.122932,1.8076686898170427,1.7264357866792779,0
125.608658,98,778.458829,1.729641700396521,1.64600290682655,0
125.166256,100,778.806763,1.7634055981276462,1.7006069096858363,0
128.280353,102,779.621663,1.6721640904910644,1.6218503667199418,0
126.24543,100,779.812955,1.7628726468166884,1.6362522486577407,0
125.879624,99,780.04994,1.7987455382416433,1.7346262872709295,0
125.953328,99,780.387781,1.7378480764658926,1.657852891299907,0
126.460741,99,780.733838,1.7661221090276735,1.6584747865014835,0
126.329471,99,781.518579,1.7582554839659352,1.6946448412528323,0
127.948445,100,781.687034,1.7937308699659,1.6908357911626004,0
126.265889,100,781.850318,1.6929921717407364,1.6377433477511523,0
127.194758,100,782.012657,1.846021922362146,1.7750945417243822,0
126.926819,100,782.177417,1.7680888205932086,1.6765554610577293,0
126.242634,99,782.339703,1.801227366703052,1.741784337075196,0
126.645386,100,782.934492,1.7781749082301501,1.7073952070388863,0
127.379916,101,783.101282,1.827846590433419,1.734652227336258,0
127.021633,101,783.267245,1.7598572989408612,1.663616962847142,0
127.380528,100,783.431151,1.8288777001999192,1.7091918742988803,0
126.233448,100,783.59485,1.7695785198600154,1.6391587622225092,0
126.382102,101,784.193568,1.718583567285168,1.6741835325019134,0
127.121738,100,784.36555,1.8105498852781332,1.6847315491016581,0
128.030987,102,784.530057,1.676100479669795,1.5739914197285054,0
127.518799,101,784.693896,1.7959465817897755,1.7144483034872295,0
126.580921,99,784.853352,1.7669016626417737,1.6395900544405977,0
128.383387,101,785.467723,1.7984322160069754,1.7134622616898978,0
127.065626,100,785.637922,1.7704614655615283,1.675728859133332,0
127.198413,100,785.803698,1.756695692492673,1.6884533295006547,0
125.514981,99,786.002749,1.781746890408219,1.6731445946187329,0
126.549291,100,786.309563,1.7760614191173678,1.6893282955895959,0
125.350184,99,786.982904,1.7683637247262425,1.6422145457454937,0
127.299324,100,787.157982,1.7545706995601857,1.6927170906191646,0
127.545815,101,787.31647,1.8361555901591415,1.7013590245415404,0
125.906008,100,787.488656,1.715010372173921,1.6645915461718852,0
126.996392,101,787.668776,1.78304513050804,1.6917991709688753,0
125.150482,99,788.258606,1.795035689384049,1.6716171929825683,0
126.766167,99,788.427715,1.7786323956859944,1.6974751307716056,0
126.676549,100,788.731284,1.794385960795216,1.7007155952932056,0
127.915347,101,789.100976,1.7731740852597557,1.636383744796215,0
127.300132,101,789.473047,1.7693516553699753,1.6766329196740748,0
125.935661,99,790.193819,1.8202155595772636,1.69978858228089,0
127.044777,101,790.367476,1.7657206534850778,1.630323150650693,0
126.347694,100,790.520301,1.763007200883335,1.6539264187644283,0
126.023326,99,790.729922,1.7755187834849087,1.6013891256820199,0
127.254373,100,791.002612,1.7971068586152963,1.6868879861723973,0
127.39082,101,791.732478,1.7495288733895047,1.6464577634135902,0
126.414438,100,791.899035,1.753944620475785,1.638906740513986,0
127.333072,100,792.093131,1.7963697236250786,1.701491218490056,0
127.729302,102,792.380274,1.7224781939743876,1.6047725773039492,0
126.234216,100,792.641683,1.728400730107069,1.6376036497533784,0
126.651659,100,793.375931,1.7589151937991032,1.6352972014626135,0
126.607488,100,793.54631,1.7442479371009199,1.6354304449909447,0
124.763153,98,793.705484,1.8206360412442635,1.6999306039956232,0
126.059178,100,793.909231,1.7526980091150404,1.6638048195998913,0
125.639682,99,794.233047,1.7769105378360457,1.6810843940237845,0
127.572108,101,794.869244,1.7062902396515436,1.609712135188796,0
126.6727,100,795.057957,1.740525251458901,1.6355108050373857,0
128.414151,102,795.293053,1.7351626545029804,1.6279992737783413,0
125.9124,99,795.526736,1.7921591691344767,1.7168659728633284,0
126.805662,100,795.735116,1.753777672834818,1.6248373866661345,0
125.995108,100,796.058841,1.7341726001872195,1.630441173830989,0
127.45575,101,796.700193,1.7963341208542518,1.7523878031780706,0
126.626045,100,796.873484,1.795012801409995,1.661405423454546,0
126.548655,101,797.181106,1.7052014134253648,1.671069578665989,0
126.12293,100,797.471221,1.7968013645044274,1.7318835190438517,0
125.968956,100,797.807052,1.7252875266904855,1.6939606869896946,0
126.450503,100,798.435118,1.8011833054483881,1.6999989743890707,0
126.563352,100,798.598201,1.775720027999064,1.6467229297978778,0
125.666111,99,798.747333,1.7465779728795965,1.6813503463595079,0
126.82292,100,798.91521,1.7558072704123604,1.6975168232354048,0
127.188837,101,799.0971,1.7485197590016863,1.6539630537082721,0
126.444928,100,799.686902,1.7054744292988415,1.648461350549383,0
126.923581,101,799.855264,1.7653695138470904,1.6857860229035566,0
126.039158,100,800.021281,1.7867483210921837,1.7009548739168612,0
126.307432,100,800.187721,1.71777355083985,1.6779331109265974,0
125.650978,100,800.351508,1.7384787043656562,1.676913957854325,0
127.437243,102,800.943057,1.7331385970845221,1.7015892596553006,0
127.226675,101,801.113553,1.7023091282627019,1.6542046584720864,0
125.731494,100,801.278019,1.7304184962111877,1.6416596829524603,0
126.662003,101,801.534653,1.731079672185935,1.69037182590353,0
126.358676,100,801.881522,1.6996202847232376,1.6848411577288616,0
125.637415,100,802.602643,1.7306342338439957,1.585645412650706,0
127.374282,101,802.780634,1.7453811289836925,1.6765002536008768,0
127.616946,101,802.99464,1.737536018132434,1.6362596214506988,0
126.185589,100,803.326682,1.793514558965518,1.7106271988357038,0
126.28882,101,803.69295,1.6790723118765223,1.6153203651664398,0
126.320199,100,804.398189,1.7212516573789454,1.6250111141955654,0
126.205639,100,804.575637,1.7759584853007941,1.6925494636514453,0
127.415077,100,804.781663,1.7457373586631069,1.603273165727057,0
128.07627,101,805.098581,1.7738950646125726,1.7000598123640371,0
126.184547,100,805.427585,1.8027913853904884,1.6914345352856075,0
126.199598,100,806.167835,1.7780371815705482,1.6484540434860775,0
125.703101,99,806.354601,1.8103410952439898,1.6976750606469064,0
127.954229,102,806.616006,1.792854421914114,1.6855107741122912,0
128.228832,102,806.921623,1.740176996513027,1.6500769177236412,0
126.703371,100,807.27936,1.7672494480965857,1.705547714191344,0
127.248473,100,808.056378,1.8231496315308418,1.7323214703867396,0
125.833749,100,808.21988,1.7493890999694053,1.6329901022765427,0
125.969191,100,808.418082,1.7164217308752554,1.6449685250575634,0
126.340246,101,808.671198,1.7577366910090497,1.6981515495965327,0
126.777662,102,808.92475,1.7219077633170419,1.649843096843578,0
127.070347,101,809.560628,1.7654102093697204,1.6881474432925871,0
126.396523,100,809.719741,1.8065018416948038,1.6989476352751178,0
126.246102,100,809.877766,1.7383335188723266,1.615771465661601,0
125.671806,100,810.078165,1.7709079828884715,1.635213645359744,0
126.930721,101,810.335834,1.774728300916549,1.660906113566829,0
127.861004,102,811.051312,1.7105908904466014,1.6053711432775968,0
126.430062,101,811.215227,1.7526797399022376,1.627757689496337,0
127.438003,101,811.390177,1.753528051304248,1.6707451362007772,0
127.462448,103,811.701532,1.744960249592636,1.662588124602948,0
126.909517,101,812.054275,1.708888571112119,1.6939744914997863,0
126.921357,101,812.863705,1.7136968151249576,1.6567168466751006,0
124.881068,99,813.032593,1.6812042054322893,1.6390427970493389,0
126.707791,101,813.196079,1.7745848499404615,1.707804449225145,0
126.531489,100,813.398359,1.696420038343276,1.6481303594089833,0
125.536701,100,813.734618,1.788562509009277,1.7407197478056498,0
126.816609,100,814.031191,1.7436271390774443,1.659661687565152,0
127.807836,101,814.716308,1.7444332673301353,1.6911639233227223,0
126.052377,100,814.922274,1.7572182904985547,1.7030634399710505,0
127.614265,101,815.183014,1.733210127997798,1.6961167977090577,0
126.407724,100,815.408314,1.7802232021307989,1.7039030030235836,0
127.143237,101,815.695978,1.745165758783524,1.6509309709494544,0
126.736692,100,816.338938,1.6624228897124331,1.5895275133312519,0
126.695648,101,816.496216,1.7304519349128322,1.694764381288306,0
127.933065,102,816.699602,1.7297436298864453,1.6530723461005394,0
127.083127,100,817.02276,1.7165500523093662,1.680515889822728,0
127.388998,101,817.39394,1.7802895284863567,1.7105961807949346,0
125.812548,99,818.043297,1.8017281923274373,1.7360957218029038,0
128.055001,102,818.215755,1.674925677056255,1.6176455759895991,0
125.44772,100,818.381331,1.729571296233524,1.6977284230944722,0
127.621972,102,818.548985,1.7786571407335536,1.6876050909844273,0
125.994947,101,818.795958,1.725812554432109,1.7069393980473169,0
126.189033,101,819.449251,1.6369659418760438,1.6150755556384127,0
127.861857,101,819.61745,1.7119364358296691,1.6928480797868906,0
127.384357,102,819.785896,1.7570455027696725,1.7005360867771573,0
126.948081,100,819.950481,1.6975805148106689,1.5894387910561578,0
125.914776,100,820.115754,1.7830339088282006,1.6960084881745479,0
126.304637,100,820.713907,1.7496947168362473,1.6822150613250892,0
126.427833,100,820.897279,1.7177483758016359,1.6481537943720421,0
126.275838,100,821.098113,1.7863002312294136,1.7412899935177857,0
124.527152,99,821.412808,1.7072805100559152,1.6787529171612248,0
126.961273,100,821.769445,1.7090531943623026,1.6905532136657735,0
127.26854,101,822.486676,1.7178334906127533,1.6548460843019277,0
126.939381,101,822.660808,1.7270508914072695,1.6517723676247893,0
126.596413,100,822.826526,1.7781346360729517,1.71335940573098,0
126.814942,100,822.992055,1.6911085196500297,1.6970563936121041,0
127.344979,101,823.169212,1.7825557984919214,1.7075773987677436,0
126.781193,100,823.887756,1.6863386372720506,1.625104187163484,0
127.408906,102,824.057146,1.6075277986401448,1.596124264620462,0
127.512331,101,824.223972,1.7353446521426525,1.7033867987661497,0
124.520574,100,824.488701,1.6861954965392916,1.6905869972800338,0
126.24477,101,824.8477,1.7151273657698267,1.7120724964404397,0
127.170557,102,825.59654,1.6964729581338154,1.6761906846913783,0
127.340278,101,825.763372,1.7212831161310977,1.718534709738395,0
126.566793,101,825.929507,1.650461944464227,1.606892772565554,0
126.591195,100,826.094378,1.7561948732317856,1.6694173819528233,0
128.097645,102,826.262772,1.672254523162492,1.6178143061297507,0
125.856772,100,826.85465,1.6966049338332723,1.651765939297199,0
128.138151,103,827.02685,1.6998364053587003,1.6792782170758433,0
127.137011,101,827.25561,1.7123615228052518,1.6595148355055986,0
128.156891,103,827.613905,1.770993687210625,1.7178932270783172,0
125.843874,100,827.985717,1.6672494758020502,1.6746576847383814,0
127.259901,101,828.747502,1.72299802638175,1.6542062254330552,0
127.308713,101,828.911568,1.6500456800162182,1.5711730432140254,0
126.2163,100,829.12775,1.7035347968748005,1.6960545767774102,0
125.971282,101,829.468017,1.6256211557892652,1.643344229957432,0
126.884977,101,829.82393,1.675009739899199,1.6460492086709118,0
127.379765,102,830.602671,1.7058471956672132,1.639875850265018,0
126.154159,100,830.771386,1.7362190292048443,1.6920040778554108,0
126.973526,101,830.939649,1.7489032913033657,1.7155906072541032,0
127.262889,102,831.10832,1.7228595112818192,1.679798813948613,0
126.628993,100,831.273323,1.693539410707911,1.6735252611362728,0
126.407005,101,831.870286,1.676148024350223,1.6223440287005526,0
125.389587,100,832.035498,1.7305211341960394,1.681397557502643,0
126.078183,101,832.215741,1.7660485739747867,1.6885659966401834,0
127.608026,102,832.499071,1.696607966797355,1.6666607342860051,0
125.702061,101,832.853992,1.720760688150899,1.6646896921892236,0
126.13841,102,833.707105,1.6306985441138635,1.5875064797521976,0
126.485515,101,833.877145,1.723521485024779,1.6719302261105289,0
127.273176,102,834.03999,1.6737011172814587,1.6397436463554849,0
127.430953,102,834.240765,1.6923159320378194,1.6460350998484117,0
127.664298,102,834.466938,1.6733475732587964,1.6283083466252573,0
127.444789,102,834.708407,1.7038228766025478,1.6710092820151803,0
126.136961,101,835.312006,1.7391475437824888,1.6869919213387006,0
127.224343,102,835.492008,1.7217169086888484,1.7230241528711543,0
126.664367,101,835.685158,1.7205444914328285,1.6617794914804995,0
125.396712,100,835.882593,1.6744773209428612,1.6688100054813326,0
127.606818,102,836.085058,1.723499798335478,1.6423011479111738,0
126.537355,101,836.697261,1.6653617529796798,1.648368600978019,0
127.462659,101,836.877821,1.7273512446562485,1.6743203658095054,0
126.444225,101,837.046834,1.6742504433130254,1.6537392512254339,0
127.495172,102,837.295446,1.6864642862298878,1.6181833459433907,0
127.645479,102,837.535701,1.7142274186133366,1.650412004409329,0
127.358349,102,838.14478,1.7235684459872844,1.6659075065694302,0
126.873295,102,838.31599,1.6535916061132925,1.631258030040121,0
127.57742,101,838.480593,1.7190613942393982,1.6686366649879252,0
127.66292,102,838.654427,1.7015858618671753,1.6600267980370904,0
126.645763,101,838.84864,1.6829449917331365,1.6726953317211528,0
127.319826,102,839.552118,1.7172139618268247,1.6530083203375798,0
126.486311,101,839.714739,1.696882999808686,1.6619959915168898,0
125.99578,100,839.865799,1.6332236899507766,1.6310442292102754,0
127.396537,101,840.020215,1.728671704424787,1.646267542476342,0
127.054169,101,840.198757,1.703537371796413,1.6570791619068437,0
125.865747,100,840.87362,1.7187316368129184,1.6750873620467346,0
125.851109,101,841.044365,1.707718082670853,1.6588098116471375,0
127.511291,102,841.223943,1.7363489614888596,1.7070998109931967,0
125.128594,100,841.417621,1.6927491364442566,1.6812494332603902,0
127.02709,101,841.627979,1.7052291425473352,1.6408673575263524,0
126.218142,100,842.283399,1.7186291346573521,1.6660114061141293,0
126.094434,101,842.456842,1.691981895639867,1.6402293387538887,0
127.258896,101,842.626235,1.78479385217556,1.7135701136935386,0
125.675826,100,842.80685,1.7158845684685406,1.6489608233858166,0
126.254623,100,843.046634,1.7687188321846838,1.7557263751302512,0
126.855523,101,843.742608,1.738922626298485,1.6970537569828148,0
126.54185,100,843.913757,1.6734691625350666,1.6223199758307023,0
127.226404,101,844.078635,1.6964736797960616,1.6543075040153876,0
126.964695,101,844.243622,1.7591452923554616,1.6994172052602365,0
126.572795,101,844.416862,1.7069318779805878,1.6582486746194651,0
126.928369,100,845.10854,1.743157273760291,1.6973137327933951,0
126.567446,101,845.290382,1.7500776590439948,1.6856824708133926,0
126.413551,100,845.492224,1.7515435986474142,1.7089342861059194,0
127.01836,101,845.811756,1.7773952250426166,1.703571060888664,0
126.952889,101,846.109273,1.7272378784053828,1.6285190035021497,0
125.956418,100,846.716117,1.7578141297193728,1.7386896059551895,0
126.099576,100,846.877783,1.7635861878630987,1.691240505337461,0
127.275639,101,847.036834,1.7210111654475602,1.6901470313111007,0
126.95626,101,847.255355,1.764807258896804,1.7211418156609368,0
127.421361,101,847.593309,1.7555612630215118,1.730773911935629,0
126.966491,101,848.361802,1.7065781629635968,1.6524617814117337,0
127.022004,101,848.532582,1.7483807781524978,1.680254727825814,0
128.064953,102,848.725293,1.6926430571823294,1.6643872916633624,0
126.069255,100,848.971681,1.747959087713044,1.689385490138628,0
125.53527,100,849.297582,1.7223364901944598,1.7296915113476554,0
125.881731,100,849.959063,1.7540505276183422,1.689513208180555,0
126.209761,100,850.18489,1.7419805661021301,1.6315833527989012,0
125.982623,100,850.450347,1.7356884899492886,1.7207070246454592,0
125.754713,100,850.811271,1.7064295808991083,1.6467650732559993,0
127.123455,101,851.190446,1.7623445043588464,1.6775300143957883,0
127.890702,102,852.019261,1.722686640542835,1.7018307261735846,0
128.239707,102,852.190746,1.7446994662158193,1.6658935358744473,0
127.585589,101,852.386542,1.7463885308250393,1.6868080218019958,0
126.714857,101,852.611739,1.7740421298476667,1.6512965120277707,0
127.555216,101,852.854737,1.7616498964009848,1.7583389946199348,0
128.75671,102,853.616088,1.7387569522290347,1.6553893264790418,0
127.49272,101,853.802432,1.7336754384586246,1.673143560594097,0
126.300799,100,853.960039,1.717843220651415,1.7114339391406004,0
126.223017,100,854.119433,1.7335737582996367,1.6760745897953087,0
128.012814,102,854.315577,1.7554958392371303,1.66250482536231,0
126.541519,101,855.146569,1.738393697439416,1.6964399027483323,0
127.653883,101,855.354955,1.7401925457480634,1.6999830246864989,0
126.898721,101,855.520375,1.779673442094245,1.7448175715941745,0
126.065245,100,855.775375,1.7217333195539637,1.6900635214884903,0
125.762717,99,856.019346,1.715416783355228,1.697884743517309,0
127.283081,101,856.245546,1.7495970476493454,1.6926268311016357,0
126.258309,100,856.860713,1.6939865115741048,1.6280177971406653,0
126.17982,99,857.017148,1.7592231114372023,1.687399859571331,0
127.790112,101,857.171666,1.7630305681973872,1.7142532651738103,0
127.331909,101,857.342218,1.732576070036878,1.6846219060068286,0
128.352539,102,857.652572,1.7234733836239358,1.641625607178446,0
127.426892,100,858.296683,1.7097775913689666,1.6533166982840977,0
129.070077,103,858.49136,1.7372076359519601,1.641934517526431,0
125.941365,100,858.689377,1.7370742023652375,1.679214591096111,0
125.736632,99,858.883223,1.7876902964700447,1.7236188380147281,0
127.913358,101,859.200378,1.7219576830583903,1.646980518223426,0
126.791446,101,859.879704,1.8161829694849536,1.743574055157565,0
127.509192,101,860.068197,1.7254998348067445,1.6815775227665133,0
127.689171,101,860.330953,1.7069711701475032,1.6048479387985786,0
126.594191,100,860.679764,1.735082336189922,1.6882752862137456,0
128.121981,102,861.050152,1.765303431396916,1.6801491900618089,0
127.469665,101,861.738925,1.7502352403475099,1.6831881877056103,0
126.901869,100,861.90712,1.7787220278159053,1.674497165587793,0
127.721107,101,862.074419,1.7641366059044694,1.6898890459060474,0
127.81194,101,862.369518,1.8234276779557563,1.7470258019731142,0
126.508324,100,862.725918,1.7639338966579237,1.6972288788978782,0
127.566977,101,863.498424,1.762573443615471,1.6635652269874164,0
126.471817,100,863.726439,1.7829331204361056,1.7155627125690698,0
126.537649,100,863.917638,1.7316296968818496,1.6830359471056136,0
126.308938,100,864.130426,1.7337298115689959,1.6809986158698274,0
126.333996,100,864.34929,1.701562792650687,1.6069891125296505,0
127.821463,101,864.963521,1.7631905842508797,1.7265582400879458,0
126.958419,100,865.150039,1.7515905414990853,1.6653141085191003,0
127.703491,101,865.380023,1.7700475183496331,1.691722569600427,0
127.528307,101,865.60707,1.7543371738961433,1.6981646956337604,0
128.020042,101,865.832831,1.7450730384190563,1.6650366698481796,0
125.132562,99,866.543909,1.781786803925282,1.6882100097858186,0
128.481594,102,866.717557,1.7212934742129327,1.64586138963434,0
125.402667,99,866.882504,1.7331885884036955,1.684113038894028,0
127.338991,101,867.050126,1.7669017770527502,1.6735864054406941,0
128.126564,102,867.259627,1.746422168936622,1.6647769901010903,0
128.51331,103,867.891075,1.7063312279801506,1.6156785620836214,0
125.377062,99,868.064949,1.7354185432448797,1.6770881704247935,0
126.309261,100,868.247658,1.7717333473447103,1.691075155859273,0
126.318914,100,868.419707,1.738017534595979,1.6345004724727998,0
125.948579,100,868.664779,1.7189331118721696,1.6465735593590962,0
126.596985,101,869.333676,1.7486226075486135,1.6790180283610194,0
128.041603,102,869.507035,1.7458968165765696,1.6768567202587488,0
127.309164,101,869.696762,1.7392818269120474,1.641813466959863,0
128.236231,102,869.869493,1.777793573812719,1.7110620796406997,0
128.00501,101,870.108268,1.7070162643630817,1.6592985848876995,0
125.670422,100,870.732934,1.7250761056511679,1.6783104327598644,0
125.886304,100,870.904237,1.7111739161848587,1.6613163969095057,0
127.00584,100,871.074747,1.7487509901579745,1.6761230105431355,0
125.975104,100,871.235755,1.7429823563583795,1.6577897512176751,0
127.596925,101,871.400607,1.7201432376258396,1.673089942472846,0
126.174977,100,872.049416,1.7524638583399172,1.6671366996734271,0
127.886945,101,872.242565,1.7381366044156727,1.6606054272370903,0
126.928497,100,872.421527,1.7598770788133224,1.6855688829084912,0
125.565491,99,872.603745,1.7688587536144451,1.6966266260408922,0
126.605841,100,872.7719,1.7219119239684697,1.6726276777638933,0
126.675184,101,872.941338,1.7564442261767215,1.6683020304956264,0
127.582414,101,873.693149,1.744296229891223,1.6822796684162231,0
127.196451,100,873.887252,1.679763894589487,1.6228471453137623,0
127.739044,102,874.045825,1.7034595309687683,1.6290240738581387,0
126.803812,100,874.237216,1.7520880924227071,1.650408809585558,0
127.416975,101,874.569969,1.7605505901171492,1.699164640012346,0
127.304338,101,875.243124,1.7826164829734221,1.6928580943334155,0
126.785869,101,875.500096,1.7482242533934942,1.6607698356252245,0
126.234472,100,875.825732,1.770127464797839,1.7025259090638083,0
128.470276,102,876.197271,1.705952188327833,1.628083374567746,0
126.659559,100,876.567695,1.7185002751064085,1.6955421696965969,0
126.485434,100,877.258044,1.7368502151991516,1.6801876481457358,0
128.280896,102,877.452084,1.6620125032922388,1.5965965354482063,0
125.667734,99,877.599083,1.7466359715885809,1.6812197577284624,0
127.033471,101,877.774972,1.746142922838947,1.6932699115967802,0
125.987894,100,878.094437,1.7664885044569092,1.7197408701470116,0
125.346837,99,878.851673,1.7401717792560845,1.6904366559134638,0
125.332771,100,879.034838,1.6740874596033892,1.639005420047956,0
126.873923,101,879.332737,1.748426627810205,1.6816572441081155,0
126.50482,100,879.737789,1.719141729776072,1.616284737755379,0
126.030255,100,880.122216,1.6946810355270772,1.6436541303679553,0
127.317645,101,880.84136,1.6854512914308473,1.6535579382339483,0
124.692834,99,881.012933,1.6588569244004125,1.604644726739757,0
125.725891,100,881.176013,1.750483678996633,1.6544228001305679,0
126.062365,101,881.42226,1.707511281758225,1.6440069784657354,0
125.789659,100,881.767712,1.7565638069799074,1.7565786418492366,0
127.535022,101,882.549595,1.7438820915864919,1.6833174800137023,0
128.109119,102,882.794123,1.6894328756404482,1.6586207838802354,0
126.477545,101,883.09402,1.7095264476057495,1.6161134384109066,0
127.668324,101,883.467683,1.7101088607595876,1.6426822227855447,0
127.782336,102,883.791624,1.6942768879942336,1.6029776928690218,0
126.691554,100,884.396831,1.703825054419058,1.642298071189051,0
126.69116,100,884.562979,1.6683929024935504,1.6276906713910957,0
126.634409,100,884.727831,1.6928680517357384,1.6637270350884172,0
126.332167,100,884.894336,1.690345324707508,1.637641683369692,0
128.008069,101,885.061239,1.7028267492325015,1.6275470406899446,0
125.641409,99,885.655476,1.7465838155458382,1.6723672645956025,0
126.821791,100,885.819934,1.724809512575761,1.648734331709427,0
125.948639,99,885.982377,1.7453398382741239,1.6849894494579554,0
127.521053,101,886.153606,1.7263341360692248,1.6588175345910545,0
127.731613,102,886.325278,1.6880695297496888,1.6008499791441524,0
127.132506,101,886.922739,1.720105882623432,1.683235779602894,0
127.987816,101,887.089616,1.7649827124699176,1.6964771247276182,0
126.946482,100,887.285495,1.6966684927581779,1.6157614135707359,0
127.362723,101,887.495387,1.7566558657021483,1.67224640045516,0
127.227638,100,887.702897,1.7359442835089873,1.683166006017087,0
127.2615,101,888.347883,1.7230045262414881,1.6796117573729832,0
126.427784,100,888.529749,1.7398619253716585,1.7332550339432684,0
126.982595,100,888.715115,1.7564146736620878,1.6870084135741705,0
127.376788,101,888.907206,1.7433437504511307,1.686138841621554,0
127.363069,100,889.112462,1.7298211244348412,1.6537993935630626,0
127.548129,101,889.322493,1.7009893389598914,1.672452020089279,0
126.06101,99,889.92775,1.7782139561866706,1.7045889617846854,0
127.790894,101,890.121473,1.7057396730689676,1.6580442231349029,0
125.329008,99,890.327523,1.774777404967048,1.720937659731449,0
126.646978,100,890.543067,1.7420262692480186,1.652066281643163,0
126.661095,100,890.76029,1.7142542476256297,1.6484883075740249,0
127.250614,101,891.362016,1.6984523856638691,1.6144602420783762,0
126.937514,100,891.53023,1.6962632389978138,1.6528528714227244,0
126.155712,100,891.767904,1.6896510777853988,1.616724674538462,0
126.888883,101,891.995806,1.7109557906028248,1.6599159487238997,0
126.904795,101,892.290015,1.6897899604399766,1.624176631204559,0
126.740884,101,892.939708,1.7084595583573328,1.5900211710143328,0
127.827153,102,893.122158,1.7010401659971732,1.6384453667069923,0
126.341666,100,893.306073,1.692252019914484,1.6504143327068885,0
126.947376,101,893.494561,1.7167723104156414,1.6147620291695546,0
125.04948,99,893.732191,1.699529328162652,1.6403805230419466,0
126.513774,100,894.390196,1.7349496575133194,1.679743022933103,0
126.27308,101,894.559756,1.6792978934372096,1.593480119514402,0
126.404144,100,894.730479,1.7027175625860858,1.6257421261707106,0
127.225877,101,894.989534,1.744614874837029,1.7224126801051334,0
127.301154,101,895.338218,1.7565624861193214,1.6774308879321629,0
125.247616,99,895.966927,1.7457025363985217,1.6686588673440816,0
126.027434,100,896.141927,1.7536652187767563,1.6864407756644726,0
128.626209,102,896.367662,1.6758387775429056,1.6110422773912914,0
125.98108,100,896.597694,1.7272831068807524,1.6821580472504647,0
125.739126,99,896.928445,1.7561257144624889,1.6886556840576374,0
126.945804,101,897.648871,1.7119371168563828,1.6597479827061652,0
126.145781,100,897.816127,1.6839000560373418,1.6378833309244891,0
127.569393,101,897.990617,1.6810029112955194,1.5951473408840078,0
127.088023,101,898.219661,1.6480530928609858,1.5820225093229066,0
127.424229,101,898.561656,1.7183462959027351,1.6267938090102736,0
126.96589,101,899.346406,1.7059088452248043,1.6200798021204839,0
126.253486,100,899.573143,1.7353788445294847,1.6707182170440256,0
126.863715,101,899.751751,1.6984590800907189,1.637768342283171,0
126.930645,101,899.931112,1.7280850390729887,1.6628375306171994,0
125.848242,100,900.149758,1.7191879762844575,1.7043134025602285,0
126.55772,100,900.800863,1.7260829379814575,1.645188512516823,0
127.508063,101,901.013807,1.7498408274463553,1.6799597914012847,0
127.375024,101,901.189393,1.7158396708076955,1.6123932668210674,0
127.404498,101,901.411183,1.709810736078893,1.6446677542715225,0
127.136909,101,901.589818,1.7390563198238584,1.6356111821311843,0
127.798887,101,902.222996,1.7101252414944192,1.6545832954540847,0
126.979915,101,902.39554,1.6869248776483212,1.6404153835385533,0
125.854694,100,902.556373,1.6928028126494425,1.5947554778338957,0
126.521421,100,902.772942,1.698202765276797,1.6142263160719126,0
127.926663,102,903.12095,1.73121699793943,1.668943234371929,0
126.521285,100,903.919412,1.7329974296889974,1.6612136659850094,0
128.175267,101,904.19013,1.7162302923503925,1.6031819097648854,0
125.5834,99,904.5127,1.7035907590387367,1.6188739186799403,0
127.63244,101,904.877113,1.684533551640568,1.619566256900862,0
126.778958,101,905.248044,1.7348280707310133,1.6422683180077402,0
127.662043,101,906.055948,1.7287408752481672,1.6159436009933137,0
127.479094,102,906.238019,1.715627843302339,1.636518216516271,0
126.011407,100,906.428017,1.7145581284629166,1.6479491770564918,0
127.744395,101,906.647675,1.6975100845251752,1.6353823390795017,0
126.074965,100,906.898689,1.711598162174118,1.6009161577421642,0
127.241375,101,907.238497,1.749800344119528,1.6688038993133092,0
128.076777,101,907.855119,1.6805801078011824,1.5798362801598465,0
127.655793,101,908.023914,1.6905129794154035,1.593948677937672,0
127.63032,102,908.215271,1.7101989181847574,1.638368808487767,0
126.778793,100,908.408832,1.6854404513445398,1.6078510231395258,0
126.160186,100,908.655471,1.7365129205615284,1.6744242612389073,0
126.257128,100,909.277537,1.7761029793989818,1.6805927592364107,0
127.375049,101,909.461711,1.7449513262152965,1.6201292832391638,0
126.024649,100,909.66752,1.718477729469621,1.643537561479198,0
126.900668,101,909.901557,1.7405645214466718,1.6189976101640047,0
125.853008,100,910.116249,1.7035663116818278,1.6356417272115695,0
126.841054,101,910.722697,1.7333688927764412,1.6609748972390428,0
127.313772,101,910.911132,1.741258487115467,1.6531753743149615,0
125.845565,100,911.109916,1.7166890727158552,1.6024957187313902,0
127.855619,101,911.314503,1.7460941365657952,1.6293644085837808,0
127.277369,101,911.520491,1.707950864219821,1.6044664863015998,0
128.713552,102,912.138442,1.7239934048127206,1.6066091635073276,0
126.300435,100,912.316471,1.703843047048115,1.5824102907730984,0
126.731233,100,912.521338,1.7234797731846907,1.6465006579397572,0
127.820532,101,912.759233,1.7371211954538721,1.6454167559137676,0
125.733358,100,913.017493,1.7351513196276342,1.6284827461643745,0
126.453354,100,913.657917,1.7571725834856835,1.6730237156226837,0
127.898564,101,913.841101,1.7248357474866727,1.638896407526144,0
127.561709,101,914.054747,1.7205281437146507,1.6228280247180171,0
126.434735,100,914.299413,1.7312164179061484,1.6589598302401427,0
127.435006,101,914.565362,1.7718362653038815,1.6996514511576748,0
126.811709,100,915.221494,1.7682378294706071,1.6565459650112988,0
127.513621,101,915.395077,1.7334062180987702,1.629782097576875,0
127.476341,101,915.595876,1.7943332563689824,1.7151126974648612,0
126.625931,100,915.817541,1.7204201847494742,1.675720349003187,0
127.48699,101,916.036694,1.732924131158527,1.641026494975428,0
127.866973,101,916.691167,1.7490752963926552,1.6590297425851157,0
127.181142,101,916.873784,1.7213047555831185,1.6438633866737538,0
127.0819,101,917.08214,1.7410921483425619,1.6375835268862162,0
126.835604,101,917.321405,1.6955463948947989,1.6062147799262518,0
127.46679,101,917.645388,1.7107838522023753,1.6393467253998717,0
126.676949,100,918.373103,1.6983159495820865,1.6218458172028447,0
127.077705,101,918.603035,1.6875185259135275,1.6399106172365234,0
126.792134,100,918.902689,1.7413615773414035,1.663277702265252,0
126.580811,100,919.259232,1.7354418460342367,1.6324747124243242,0
127.363649,101,919.628554,1.7158946512395836,1.6822657405811157,0
126.968974,101,920.392471,1.7280074494054896,1.633115408051501,0
125.148444,99,920.557521,1.7082790272691264,1.654785092718823,0
126.526719,100,920.769357,1.7483353662024712,1.669902609045597,0
127.470215,101,921.051061,1.6952627265167226,1.6044370194407072,0
127.00904,101,921.327605,1.6973449979218134,1.6347110161715874,0
127.570212,101,922.039698,1.7316771843569583,1.6408086070832242,0
127.453815,101,922.21362,1.7328161606378862,1.6526706819792363,0
126.659777,100,922.379791,1.7291974701342612,1.6509244166219657,0
127.822719,102,922.578799,1.739373575032832,1.6223042887348225,0
126.101307,100,922.811121,1.7348927957152311,1.685513110802293,0
127.645246,101,923.525753,1.74465965008652,1.6461382283078354,0
127.093093,101,923.700297,1.7367149564841324,1.6541097776914824,0
127.181006,101,923.879796,1.7321026942619329,1.6551381540672958,0
127.73395,101,924.099058,1.7635425076022895,1.691990804459437,0
126.692974,100,924.270421,1.7540983856508623,1.6516818075259614,0
126.821342,101,925.01022,1.712277913202314,1.6356977745442751,0
127.236995,101,925.186552,1.6891329542338533,1.578914439845612,0
126.971699,101,925.373088,1.7392434282433809,1.6330039051633587,0
126.892971,101,925.537059,1.7367432034102916,1.6610538777563961,0
125.416821,99,925.693277,1.7461408069408826,1.6575364404960116,0
127.680184,102,925.857968,1.715032166822771,1.610666865461945,0
126.799568,100,926.450548,1.692380908826579,1.601558253613299,0
127.565736,101,926.635646,1.7477443113192896,1.641168370912742,0
129.066101,103,926.833125,1.691493130579052,1.5943729236683135,0
126.152028,100,927.042421,1.708830313893809,1.6304410237861853,0
127.39679,101,927.265967,1.7317987436879523,1.6562114911500072,0
126.828683,101,927.940929,1.7340065823285538,1.6088705034238857,0
126.470665,100,928.104182,1.7512070557189194,1.646786019621927,0
127.614962,101,928.267241,1.7321919003543969,1.6246657546907368,0
126.534635,101,928.542167,1.6762565481451372,1.6479959389436127,0
127.293647,101,928.772349,1.7182362896845005,1.5880399898886228,0
127.461407,102,929.388244,1.7310938112629453,1.6125760234593434,0
127.372815,101,929.643715,1.7372836351985883,1.6447018526409536,0
127.101246,101,929.886811,1.7542384958452741,1.6716887125231445,0
126.146497,100,930.114235,1.7727301171304453,1.6828820494609789,0
127.910774,102,930.447198,1.722664562213273,1.6157625236889728,0
127.002506,101,931.113659,1.6883153140638316,1.5896516613575915,0
126.987694,101,931.283765,1.7621302467136346,1.6714179908634008,0
127.129873,101,931.472047,1.7261081881798321,1.6130116052855057,0
127.872908,102,931.64709,1.7159962129725383,1.6328533072798588,0
126.969758,101,931.815574,1.7225082986437,1.607502355502324,0
127.267691,101,932.40754,1.710144317113921,1.6320796625481755,0
126.535793,101,932.578213,1.705076884979792,1.6097535197895678,0
127.155927,101,932.745582,1.7226281052250294,1.609603368729779,0
126.027478,100,932.949475,1.7380406533039845,1.662078815947327,0
127.990679,102,933.119377,1.7251995556050292,1.6139772156498442,0
126.497356,101,933.745624,1.728967177637663,1.6133617301814778,0
126.278765,101,933.915845,1.7506896699192072,1.6277643503362464,0
127.966082,102,934.085981,1.6602580512994407,1.5933945613978897,0
126.402067,100,934.258067,1.7542547616838788,1.6454938874346887,0
125.231984,99,934.555744,1.7147222024580897,1.627230351962288,0
127.878896,102,935.262251,1.7155382629419678,1.6174579497178372,0
127.831802,102,935.437707,1.730120835458529,1.64019337645662,0
126.978884,101,935.604852,1.700749982436217,1.6017754776810267,0
127.118559,101,935.772231,1.7056420346926404,1.5937539190718684,0
127.178129,101,935.939247,1.7326459854106546,1.6173606500491178,0
128.367265,102,936.539088,1.7100037656087075,1.6155512897623239,0
127.107064,101,936.710948,1.7472063285257147,1.6266806730640169,0
126.309807,100,936.900429,1.6587822416728728,1.588039687505201,0
128.422674,102,937.100185,1.7290162610823165,1.6490077086441772,0
126.964617,101,937.298799,1.7581785617176433,1.6510143196961218,0
126.574221,101,937.958416,1.679350480153959,1.5678518103554082,0
128.095461,102,938.157631,1.6941687392875837,1.6180408679029945,0
127.391315,102,938.314582,1.67405165261711,1.5910202509211673,0
127.427071,102,938.496872,1.6933006495349252,1.5979098701349503,0
126.831056,101,938.812515,1.6762117508346248,1.579741499747023,0
128.366881,103,939.542641,1.6984041530726255,1.609198608297511,0
126.649728,101,939.708699,1.73921103466155,1.6397042327186455,0
126.60426,101,939.869743,1.7183193536693344,1.6256488790865355,0
127.163741,101,940.032562,1.726354312337664,1.6387972023671935,0
127.592203,102,940.199318,1.7306310743317326,1.6579967515671714,0
127.421929,102,940.790408,1.7237420524804998,1.607526398027939,0
125.146265,100,940.95505,1.6956700081809357,1.6417314820865891,0
128.315476,102,941.122529,1.6950967873611524,1.6168390525538685,0
127.805848,102,941.383904,1.721944448268494,1.6013089825348699,0
125.68076,100,941.740965,1.764652844330753,1.650463849703985,0
128.301284,102,942.501748,1.6933737163486102,1.6013546897391118,0
127.18933,101,942.670677,1.745781276332634,1.6302763977152082,0
127.095166,101,942.820211,1.735799638034851,1.6107415535756386,0
127.445003,101,942.975543,1.7202483729621623,1.6518043398163595,0
127.175904,101,943.211073,1.7113029858686586,1.639511173015951,0
126.888937,101,944.003211,1.7106861485510465,1.6011205484503708,0
126.706413,101,944.185173,1.6670050205668983,1.578437068893406,0
126.688503,101,944.368157,1.6805270214613528,1.576936361486773,0
126.223245,100,944.648261,1.7456007048634092,1.6504999189383955,0
127.818522,102,944.953979,1.7156417427335282,1.6545879524387883,0
126.60832,101,945.807941,1.6898362616439013,1.60308871502413,0
126.377721,100,945.966168,1.724453148274793,1.6346233604383966,0
126.891836,101,946.119215,1.7462392814034604,1.6728475261755966,0
126.394657,101,946.292001,1.7185540663595198,1.6762787577475942,0
125.932736,100,946.571824,1.712360771149689,1.6338811238233029,0
127.323068,101,947.350297,1.7616269814034649,1.6248371966608968,0
127.090045,101,947.520303,1.7011979319775707,1.56907021811755,0
127.31723,102,947.682995,1.7380066744286897,1.6586523697005386,0
126.500361,101,947.844415,1.6834885661043408,1.6323991524525372,0
125.678286,100,948.000547,1.6812282333119173,1.6208240918156203,0
126.481165,101,948.172664,1.7016590840959818,1.626909123914888,0
127.852962,102,948.846355,1.686652234887441,1.6188843237964008,0
127.738026,102,949.025239,1.7029743490805,1.6130911238278947,0
126.907398,101,949.215218,1.7155344231331273,1.5909105091082063,0
125.800866,100,949.520911,1.698029159174217,1.6232149227896324,0
128.087698,102,949.877922,1.7408290966168602,1.6690449591402359,0
126.705647,101,950.554182,1.7274374421662173,1.6533457881956626,0
126.643076,101,950.722702,1.7473853405587936,1.676222321322467,0
126.225303,100,950.887363,1.722970754330513,1.6808174133574258,0
127.69611,102,951.054662,1.7206221573251348,1.6472064874232668,0
127.047749,101,951.227168,1.7305578480395472,1.6704136952698658,0
127.094988,101,951.834423,1.7131278416282758,1.6803630170053434,0
127.845085,102,951.998051,1.7114707501063942,1.6407130998804196,0
128.011677,102,952.1615,1.7445613536520053,1.6856321910582925,0
127.371882,101,952.322205,1.7140306889033636,1.6548220246454195,0
128.344897,102,952.577515,1.7235631829684264,1.6667696837220127,0
127.894257,102,953.215997,1.706483613811663,1.638632404399364,0
126.536545,101,953.384412,1.7253544207626084,1.639359485705057,0
126.908958,101,953.552462,1.7285692253153049,1.6928410286880515,0
125.762716,100,953.719066,1.755415544223743,1.700146792877453,0
126.675033,101,953.958226,1.7208389363395815,1.6578240064651903,0
127.448077,101,954.565048,1.762843817125056,1.6798528211239965,0
125.816229,100,954.730881,1.745875738801946,1.7055148941022196,0
128.418163,102,955.027526,1.6897956727679608,1.6406921483282682,0
127.327715,102,955.397583,1.7383544590346307,1.6712284465264085,0
127.834785,102,955.769033,1.700599061939026,1.6165845570645316,0
126.922551,101,956.518929,1.7202008213315878,1.6447734524528692,0
128.090999,102,956.693199,1.710017904663379,1.6198340913048441,0
126.40613,100,956.858554,1.6844537663902897,1.6207594960539347,0
126.11052,100,957.024252,1.7323478095726277,1.6672515016903184,0
128.014936,102,957.193002,1.7325284047327163,1.6380540835593478,0
126.104402,101,957.796795,1.7156557555129581,1.6436512651097732,0
126.745321,101,957.966306,1.7014440898637786,1.672326820491209,0
127.180218,102,958.133999,1.7056968750927133,1.656763315195609,0
126.365887,101,958.300196,1.767687221857915,1.7221835676236414,0
127.150341,101,958.466601,1.754351203148397,1.6830034175844506,0
126.697654,101,959.05632,1.7087597884004186,1.6409701279446982,0
126.683513,101,959.233069,1.7011542427327377,1.6106491295244982,0
126.285275,100,959.3879,1.6754483095494117,1.5851133181505375,0
126.687102,101,959.545584,1.7234267341162035,1.6412278696534426,0
126.734933,101,959.710677,1.7323854610320935,1.6455085382891979,0
127.677731,102,960.370851,1.7301175131547506,1.6462018689021396,0
127.384796,101,960.537687,1.753654991145176,1.6438201960037209,0
125.843739,100,960.699058,1.7157365635476372,1.6271473291040577,0
126.145165,100,960.860284,1.783648360229725,1.6890262475199842,0
126.945733,101,961.021873,1.707085108174744,1.6655905909033524,0
128.175224,103,961.635581,1.7217014734914706,1.6722278381233606,0
127.031709,101,961.829633,1.7040095936149062,1.6234758561275908,0
125.998786,100,962.00209,1.6887072800811707,1.6245485484660422,0
126.823975,101,962.196189,1.7338371770735532,1.6183822686066398,0
126.983219,101,962.36603,1.741906994278962,1.6668888289651989,0
126.228296,100,962.940279,1.7161935445132623,1.6495333361372564,0
127.173476,101,963.127075,1.7431273239811291,1.6626058481991242,0
127.424619,101,963.30414,1.7330116510634908,1.6591564782303063,0
125.674319,100,963.461374,1.7468054834991007,1.6715683191753021,0
127.006578,101,963.689427,1.7320622151385825,1.6557879133011513,0
126.211826,100,964.427993,1.7400167541014282,1.6848137457691783,0
127.472214,102,964.625406,1.706125142524392,1.5998843975515926,0
128.164487,102,964.81866,1.7393871515390706,1.6372858670423962,0
126.052816,100,965.013993,1.7429975563083688,1.66432856536393,0
126.776294,100,965.298766,1.7237260235575662,1.6581943384905935,0
125.88973,100,966.062041,1.726958996020162,1.6683693272622768,0
126.947808,101,966.252827,1.7329534564889164,1.6697926368255438,0
127.391107,101,966.416887,1.7261500235664127,1.64120102935248,0
126.709449,101,966.714765,1.70671393157192,1.627026384027803,0
125.873377,100,967.069748,1.731662343993738,1.6551467006947758,0
126.817629,101,967.861534,1.7554356579568642,1.6976900653082767,0
126.936479,101,968.029231,1.7450775564018406,1.651240916412138,0
127.55108,102,968.213089,1.689549950963474,1.5908146976929403,0
125.467315,100,968.403135,1.7547493003715422,1.7421416659231796,0
127.136891,101,968.592601,1.6929135129289654,1.6411413185473684,0
127.356382,101,969.298111,1.6903242072450235,1.6169825907052273,0
126.458406,101,969.463485,1.7346834065663654,1.7024802972892616,0
126.419129,101,969.631815,1.7292199069725072,1.6760096997982814,0
127.439094,101,969.826568,1.6997644931412823,1.6392261350966915,0
127.344585,101,970.146869,1.7371643429949388,1.670466122037991,0
125.829254,100,970.502934,1.7577331030105636,1.7391413761312797,0
128.112589,103,971.13319,1.7074365343297078,1.6297935423289915,0
127.857065,102,971.30726,1.7181556800230111,1.6672007103237072,0
126.461185,101,971.601634,1.7013100503960898,1.6215382446675874,0
125.776225,100,971.954216,1.7266991269827554,1.6426620911784473,0
124.906552,99,972.312222,1.7137042853720061,1.7001385219410177,0
127.086327,101,972.950978,1.7311469355652285,1.6295094962926082,0
127.540948,102,973.114658,1.712670816979456,1.695993514797099,0
126.062822,100,973.33474,1.702880390466852,1.648344515820915,0
127.479657,102,973.637834,1.7079950464140334,1.663942811241006,0
125.776201,100,973.879475,1.6957672478332382,1.6324343541410595,0
127.155269,101,974.530202,1.7183545927104864,1.6433047508665704,0
126.979032,101,974.724178,1.7226569220415335,1.6632109325413467,0
126.549616,101,974.897368,1.70739154324155,1.6338250486958275,0
125.752852,100,975.058815,1.69318199824913,1.6136374412494037,0
127.876456,102,975.223669,1.6742958474272112,1.6218552889844045,0
125.771998,100,975.823679,1.7086477812911467,1.6682662519970783,0
126.837894,101,975.995218,1.7144332788321468,1.6566682409554405,0
126.590577,101,976.161697,1.6944485893932149,1.5936996319744419,0
127.611438,102,976.329921,1.7506666775633248,1.6910705985176464,0
127.877892,101,976.496501,1.727254804120377,1.6505984018765236,0
127.870733,102,977.092658,1.7136242764756278,1.625790768559526,0
127.308504,101,977.258253,1.6647902104938515,1.5959184484270974,0
127.125794,101,977.419173,1.701653118942241,1.6380111130462687,0
124.950826,99,977.611196,1.6713406255915286,1.5887648687024285,0
127.256185,101,977.87516,1.7238388851295543,1.6428183860801846,0
126.961137,101,978.533576,1.7208175596725472,1.633386455657301,0
127.821649,102,978.704389,1.7250578535280119,1.6401055613294622,0
126.681108,101,978.86894,1.765188392091327,1.690494430996614,0
126.531977,101,979.034129,1.7467767911204826,1.672704759718318,0
126.959796,101,979.199463,1.7376159579460322,1.6356997091930496,0
127.934636,102,979.786448,1.7082323491425175,1.5929674465286672,0
126.073267,100,979.962595,1.7272910755446749,1.6721063144275692,0
125.920967,100,980.152323,1.7587576836225887,1.680202314453274,0
126.533996,101,980.355299,1.6964689218398283,1.6353308303761491,0
127.989075,102,980.56244,1.706939599190748,1.619766862624471,0
125.967752,100,981.274113,1.7618194367585673,1.6729811236486363,0
125.981609,100,981.447695,1.753244603225277,1.645609915679609,0
126.783082,101,981.612731,1.713431227141202,1.637650454613167,0
126.802271,101,981.771552,1.6722691814027897,1.5680479189112677,0
126.74871,101,981.922198,1.7194239864765153,1.6420264096127897,0
127.619176,102,982.549736,1.7079487378260467,1.6280984880822373,0
126.090444,100,982.73171,1.7669611505577876,1.6791686312414225,0
125.514499,100,982.909381,1.7656233858539727,1.6920789066578097,0
127.22478,101,983.13651,1.7156001971138288,1.637434744071249,0
126.922634,101,983.363732,1.7578420253209437,1.6404977578625966,0
128.364665,102,984.064362,1.7068737556761941,1.6255992049286996,0
127.247541,102,984.230355,1.731366155479537,1.6368526808045076,0
127.4756,102,984.424463,1.7389384571188191,1.6646347002487207,0
127.169758,102,984.642523,1.808791504137842,1.7151132838296326,0
127.7629,102,984.868062,1.6965141618356006,1.628814927428039,0
126.215283,100,985.504115,1.7492536307455773,1.6493505021482746,0
126.996797,101,985.671417,1.7738560963022731,1.661684060099698,0
126.581119,101,985.820779,1.7580141919572294,1.6882859013264169,0
128.250883,102,985.977309,1.7633480571949862,1.6572641849138339,0
126.970497,101,986.137619,1.7631139453290754,1.6567246937370954,0
127.568263,102,986.724055,1.7362740096545972,1.6552892571115123,0
128.128523,102,986.898161,1.75821877774645,1.651955249874407,0
126.12137,100,987.04581,1.7528361739212122,1.637300306281129,0
127.210554,101,987.197244,1.758044809632608,1.638662652899824,0
125.788589,100,987.351435,1.752432415531307,1.6576472783143272,0
126.631819,101,987.937168,1.7551927789506467,1.7119980369677674,0
127.463293,102,988.103361,1.6947319239104561,1.6024226724119766,0
127.482684,102,988.275565,1.7670603982362911,1.678697640885576,0
127.807866,102,988.453587,1.7217600093864605,1.6420540212893668,0
127.901301,102,988.711116,1.7129662244813482,1.6470022637925326,0
126.864352,101,989.426512,1.7804166627901858,1.6702711103215822,0
127.824085,102,989.595645,1.757127888318269,1.6646466711327117,0
126.825028,101,989.760927,1.7356707508222418,1.6473890948305916,0
125.750248,100,989.990905,1.7648665774386874,1.6628218182505476,0
126.278538,101,990.219138,1.6788907694151123,1.6079326517116113,0
127.802618,102,990.902716,1.7321000091238452,1.6511203280090743,0
127.434403,102,991.091676,1.7296395345788091,1.6361411309509264,0
127.736223,102,991.296105,1.7409475193120396,1.617700604301678,0
128.412405,103,991.531924,1.733509134258526,1.57337939066807,0
127.472416,102,991.756489,1.733616486606608,1.6731412457381656,0
127.278493,102,992.515019,1.7295160996682544,1.6447157669736423,0
125.95543,101,992.700344,1.777084243931536,1.6412098363094234,0
126.552285,101,992.982711,1.7167674215697108,1.6541192620792469,0
125.8917,101,993.21377,1.7576115257157225,1.6438453211254709,0
127.593659,102,993.392003,1.7461410465818952,1.6115634714629528,0
127.977368,103,993.57676,1.7118566992917037,1.5846907575426965,0
127.460276,102,994.211432,1.6879037157482073,1.5877000772980219,0
124.974429,100,994.399132,1.733827167784221,1.6636041032283428,0
125.524437,100,994.628455,1.7570552058202742,1.6666451763347154,0
127.376993,102,994.95543,1.7385807607560861,1.6464078111721112,0
127.230935,101,995.277176,1.7321643595867473,1.619083855661225,0
126.921134,101,995.904529,1.7667781095535513,1.6901022993446502,0
127.486697,102,996.074791,1.7430556030373856,1.6159706703313987,0
126.544808,101,996.241464,1.7044712052627182,1.6071972835003658,0
126.405651,101,996.408525,1.6879895486902026,1.606752676989269,0
128.279851,103,996.579126,1.7777170671281337,1.6768563752129815,0
127.621157,102,997.193726,1.784969509849558,1.6712412466776034,0
126.457064,101,997.373698,1.728414346051713,1.62900126802949,0
127.795973,102,997.524686,1.7555466414992247,1.6432414407068645,0
126.437459,101,997.800878,1.732123385110011,1.6161706834626945,0
126.245738,101,998.15614,1.7481980283265708,1.6218650249981248,0
126.784865,102,998.80122,1.735603825051405,1.6404685708949427,0
125.961845,100,998.971418,1.707696481636253,1.6142033495327044,0
124.761653,100,999.201571,1.7051787366331705,1.581072963641733,0
127.008421,102,999.536769,1.7372474724485487,1.6493930700334152,0
127.463779,102,999.910872,1.7322245891706336,1.6454058466356438,0
126.329324,101,1000.568955,1.7378938535708275,1.6681659152344106,0
127.21055,102,1000.736099,1.7677251416538644,1.6754619040146042,0
127.707187,102,1000.914713,1.7534445866045016,1.6744240650401765,0
126.788475,101,1001.141589,1.7388054432344997,1.663515902528401,0
125.198923,100,1001.448803,1.7019124793147322,1.6690312482029994,0
125.100239,100,1002.124612,1.690243517658318,1.6086688163546337,0
127.533521,102,1002.298525,1.7364094728601809,1.6444815126756562,0
126.789347,102,1002.492619,1.7519319726931295,1.6151700137131133,0
126.454754,101,1002.764554,1.741544016232052,1.6846430236686536,0
127.228588,102,1003.131031,1.7584611750483627,1.6657881003010735,0
126.27238,101,1003.8512,1.7926784966550378,1.697204747437996,0
126.189607,101,1004.021711,1.7842266197901602,1.7038886780662843,0
128.444891,102,1004.21463,1.7282793022055578,1.6632770384811326,0
126.910965,101,1004.421911,1.7473419319756196,1.648832883741159,0
126.718543,101,1004.647731,1.734462791231227,1.6538428027291756,0
127.549834,102,1005.293106,1.6994055448756045,1.61349706141329,0
125.85696,101,1005.456293,1.7530761332637304,1.6888894325654564,0
126.761517,101,1005.685587,1.7344022245350634,1.6233953890775565,0
127.475923,102,1005.927812,1.7405375603193993,1.628070083459436,0
127.778502,102,1006.117229,1.7693316541556707,1.651503868012894,0
126.690908,101,1006.71523,1.7424939520065137,1.6382255795422382,0
127.48021,102,1006.91345,1.7451033794375885,1.6481479697063721,0
127.386858,102,1007.069554,1.7636662092488045,1.6476423565280272,0
125.97056,101,1007.35066,1.7358798446979569,1.6183437020051796,0
127.931299,102,1007.715436,1.7532841712720226,1.683888018397165,0
128.467413,103,1008.433866,1.7578220674410499,1.6327751578428031,0
126.923273,101,1008.602562,1.7401132438112832,1.6681324882771875,0
126.347952,101,1008.76929,1.744187877794053,1.6492420820133722,0
128.891567,103,1008.937919,1.714838000922365,1.6310833370780213,0
127.41611,102,1009.105122,1.7577710830143618,1.650701061215776,0
127.154917,102,1009.694407,1.7750621069724848,1.6705260370421107,0
127.58742,102,1009.86481,1.7509542579454749,1.6671167964007596,0
126.517666,101,1010.030265,1.7569232985732597,1.6736151084194832,0
125.564177,100,1010.242969,1.7624698814225292,1.6877825480671704,0
128.838219,103,1010.581966,1.7613257032208511,1.5943474821385617,0
127.680748,102,1011.29542,1.6931230546838318,1.616353643086377,0
127.999971,102,1011.466235,1.7416179137141612,1.6911007116677732,0
125.447809,101,1011.682103,1.7297597704385081,1.6575503898700246,0
127.409624,102,1011.902599,1.7447920505435652,1.6384290647669586,0
127.174521,102,1012.225932,1.787756541121213,1.702552881364311,0
125.045643,100,1012.941452,1.7808242175169022,1.7220923009206637,0
125.959512,100,1013.108823,1.7595514623550692,1.7029076807047205,0
126.784077,101,1013.274237,1.738713037535168,1.6396810872044232,0
125.778136,100,1013.439293,1.7886655655458807,1.6827837386879252,0
128.192123,102,1013.607588,1.7806947968599551,1.678959450116524,0
128.426342,102,1014.203197,1.7226247149599476,1.6805037781667513,0
126.586648,101,1014.387736,1.7694109862604752,1.7031745781738128,0
127.371983,102,1014.564154,1.7629473030592462,1.6792057004967034,0
127.520703,101,1014.871229,1.7790363114022398,1.6710150254551257,0
127.149033,102,1015.162681,1.6807439924409109,1.5893498256543461,0
126.070606,101,1015.77246,1.7054848420208906,1.6252423420654498,0
127.688415,102,1015.949361,1.8013028655720729,1.6995928647373746,0
126.524417,101,1016.098194,1.7583592233490684,1.6690229693609182,0
126.854861,101,1016.25184,1.7825431204750086,1.6625748214137814,0
126.19013,101,1016.53596,1.7466477349772167,1.6776616496091867,0
127.013388,101,1017.265939,1.768248081326693,1.693138059359918,0
126.645184,101,1017.433494,1.8065390782934034,1.707666387941796,0
126.128352,101,1017.654616,1.7373066102506043,1.672314647170205,0
126.995957,101,1017.973564,1.732271112671189,1.658982440714878,0
126.423115,101,1018.332657,1.7762969690375268,1.6636508847424134,0
126.233865,101,1019.081006,1.690667291828595,1.6207546519286602,0
126.501756,101,1019.245659,1.770383121392632,1.651831693018497,0
127.632514,102,1019.413465,1.7303785443394282,1.6518064165497006,0
127.161385,102,1019.662058,1.8310340209407738,1.7535315364597204,0
128.104369,102,1020.011593,1.7966953179459468,1.7294865338116243,0
127.530227,102,1020.816487,1.781006992705536,1.7251601778915446,0
127.706457,102,1021.004301,1.8110794303979054,1.746738192838844,0
125.403729,100,1021.158073,1.7785679769490352,1.6956766583323633,0
126.612341,101,1021.365764,1.7390361670157872,1.6461325057243719,0
126.401305,101,1021.654269,1.7597779392576955,1.7204307464294262,0
127.261692,102,1022.43807,1.7312146017992163,1.646850315692856,0
126.623765,101,1022.602351,1.794049769558171,1.7414300332112624,0
129.014924,103,1022.770655,1.773695127231049,1.6515469731165253,0
127.416719,101,1022.932071,1.7689748029743044,1.6597621289849047,0
128.284568,102,1023.094528,1.8072167331807698,1.712997138680075,0
126.872181,101,1023.683786,1.751800576358026,1.686861808997743,0
125.332484,100,1023.847342,1.8072659009381973,1.684628749903847,0
126.801571,101,1023.999153,1.7064521514920892,1.623651451151137,0
127.373426,102,1024.1587,1.7617203327155928,1.68847296789011,0
126.081014,100,1024.317546,1.7922179454073126,1.7005420376136524,0
127.922451,102,1024.480649,1.8115568953496286,1.7347508607989053,0
126.489398,100,1025.164283,1.7731140225392925,1.6671331955806659,0
127.771024,102,1025.327564,1.7861862067598022,1.6772971528691227,0
127.329544,102,1025.490878,1.760105988446432,1.6655142779715677,0
126.681836,101,1025.651838,1.7967091682993739,1.7361831300111519,0
127.316937,101,1025.838468,1.7599478233640113,1.6850101740964427,0
126.446609,101,1026.443099,1.768238685785565,1.684971475375481,0
128.38334,102,1026.595375,1.79131733786013,1.6675443491300967,0
127.661107,102,1026.758281,1.82326517398294,1.7449724944187803,0
127.800496,102,1026.999984,1.7596413980049141,1.6817520219414586,0
127.905767,102,1027.258585,1.7858892301916527,1.7178930781509198,0
126.010966,100,1027.95224,1.786133634445305,1.6781726231844707,0
126.979329,101,1028.119668,1.7331108841913834,1.6583666600737914,0
127.014799,101,1028.30832,1.7552525607220875,1.6422716323993223,0
126.896397,101,1028.609259,1.757578612595935,1.696261354593116,0
125.767896,100,1028.912094,1.768219779040159,1.664997059000185,0
126.954313,101,1029.541936,1.7811773408345513,1.588868616782552,0
125.146736,100,1029.713267,1.7729554464355712,1.6964972036280488,0
126.721931,101,1029.882437,1.8167057036268985,1.7124278928737124,0
126.45076,100,1030.050071,1.759222377695834,1.6764011924951612,0
126.842444,101,1030.221097,1.8386808606038312,1.7024086153662392,0
128.403889,102,1030.812237,1.804142681923657,1.7184637294410996,0
127.842069,102,1030.998344,1.7786044062331627,1.7107827791208725,0
125.694229,100,1031.21315,1.7796145650255564,1.6696556168563903,0
127.52829,102,1031.465416,1.7833261104602096,1.7134884517796687,0
126.413558,101,1031.72981,1.7744217923803383,1.722913732963458,0
127.393934,101,1032.360358,1.7444252117843586,1.6273326241057493,0
127.160142,101,1032.535982,1.7308773342603063,1.677232636950864,0
127.108754,101,1032.739499,1.794412718740782,1.718800689345852,0
128.598053,102,1033.028762,1.803241187428137,1.713070611161258,0
126.259687,100,1033.39308,1.8302706031674914,1.7725849300455387,0
127.052426,101,1034.085227,1.8173202421222638,1.698866625593195,0
126.897178,101,1034.265819,1.7312779290229354,1.679018155588388,0
125.674604,101,1034.462973,1.754464957492755,1.6971400503010634,0
127.003862,101,1034.715119,1.7996093260766661,1.6967439413076613,0
126.651924,101,1035.037459,1.8147316651730434,1.72992149823118,0
126.232312,100,1035.741275,1.7809861632376844,1.729936071644436,0
126.588352,101,1035.917727,1.8254998735534198,1.7305450734242664,0
126.012904,100,1036.091986,1.8312968217198142,1.7448682041177037,0
126.635035,101,1036.242114,1.7863190356680176,1.6871776024968796,0
126.968218,101,1036.450784,1.751881629287316,1.6374798203736343,0
126.3481,100,1037.115104,1.8362021745842132,1.7731751521186512,0
126.180799,100,1037.286645,1.7982479376024194,1.7125234319824998,0
127.862926,102,1037.461243,1.8028079376740591,1.7532386039871868,0
126.783137,101,1037.761755,1.8158648785090314,1.724359352867368,0
126.441604,100,1038.117829,1.8044769804008411,1.710014371078856,0
128.875166,103,1038.860406,1.8229528552265624,1.6998623942885842,0
125.426447,100,1039.030025,1.8130969229564105,1.7193183327728343,0
127.35436,101,1039.199597,1.837582800011996,1.7136075081182047,0
125.338765,100,1039.364315,1.8082755575704235,1.7217474818520246,0
128.161368,102,1039.532418,1.8190871514693836,1.6924901307394096,0
126.275085,101,1040.127216,1.8129530873724593,1.7231942061937287,0
127.041999,101,1040.294807,1.8085002775917218,1.679934506889624,0
127.071266,102,1040.460769,1.7598517515028307,1.692845930954046,0
127.187878,101,1040.624633,1.8044647523534145,1.6726102008241326,0
126.632978,101,1040.789109,1.8234234882682738,1.742811149441553,0
127.948705,102,1041.379332,1.8265438920357249,1.7095576119432476,0
128.070773,102,1041.551647,1.8271235716626983,1.7080092941312413,0
127.825286,102,1041.798725,1.817845279016552,1.7374971088971611,0
126.599527,101,1042.139018,1.8267190090853902,1.7223947664250565,0
126.830724,101,1042.46854,1.7507476425739472,1.6515935251313205,0
126.483581,101,1043.177399,1.7653391669142622,1.6440244015880998,0
127.320695,102,1043.361444,1.7423249745080283,1.6272229804737524,0
126.85713,101,1043.570087,1.8161047259314447,1.6975738893923944,0
126.612532,101,1043.900248,1.7917054209571057,1.696542929109269,0
128.161962,102,1044.270052,1.770080809072954,1.6765380030389754,0
126.516006,101,1045.053461,1.7983078550798046,1.7096097028298047,0
127.156951,101,1045.237805,1.8140686579978584,1.744395511436252,0
126.715824,100,1045.411916,1.8029904791998401,1.6522135847878971,0
127.054778,101,1045.645281,1.7953968180550097,1.6883455114223174,0
126.240767,101,1045.97838,1.780677652766313,1.7225157639514983,0
126.549651,101,1046.757912,1.8294947094282923,1.7638944508158168,0
128.008804,101,1046.939667,1.822767174356802,1.713837295282562,0
127.342309,102,1047.111258,1.8633429638799421,1.730828610869992,0
125.537019,100,1047.335462,1.775562232188546,1.6979802319149628,0
127.064722,101,1047.532411,1.7899662184433653,1.6703218042122907,0
126.851804,101,1047.691341,1.8379782926799944,1.7229412525191843,0
127.751927,101,1048.310628,1.8433024628503751,1.718935533677017,0
125.874896,100,1048.482893,1.8525406016600259,1.7533640249187055,0
128.345053,102,1048.642962,1.8601286553793397,1.7570707360469047,0
128.110777,102,1048.950657,1.8285528827249171,1.7015364125367136,0
126.985439,101,1049.322008,1.8139022661769544,1.7264640691204631,0
126.607561,101,1049.952403,1.8422838380137796,1.70684897649307,0
127.050768,101,1050.128519,1.7853068859680687,1.6694061799498878,0
127.321309,101,1050.34601,1.809091862550632,1.7073727218514754,0
126.175433,100,1050.562623,1.8211780175809829,1.7335232552717645,0
128.31525,102,1050.784476,1.8386681405770238,1.7286236190575432,0
127.462541,101,1051.38046,1.8386027626136145,1.7090630819818646,0
127.464927,101,1051.549175,1.8401025326364513,1.6774473448762843,0
126.948872,101,1051.715713,1.8426131223352578,1.749537524577672,0
127.286053,101,1051.878575,1.828044416113273,1.7289462211849835,0
127.377084,101,1052.04092,1.8415976129794283,1.7384782082343448,0
126.51516,101,1052.643411,1.8247133734992818,1.7198393068465971,0
126.946305,101,1052.858802,1.7503301598888137,1.647746479308631,0
126.921222,101,1053.083699,1.827287586497339,1.7231185356633658,0
126.967238,101,1053.30666,1.7736036599337446,1.6782831836611354,0
127.740054,102,1053.532518,1.8289091666722526,1.7454545741953498,0
127.921645,102,1054.167358,1.8573245470499617,1.7704539926092462,0
127.394428,102,1054.358783,1.7788847255775844,1.6685687698786351,0
127.771159,102,1054.592232,1.831541584419203,1.7080279782165748,0
128.026848,102,1054.802211,1.819283160639524,1.726857656251467,0
126.750706,101,1055.02226,1.8014248465784108,1.7203327898724137,0
127.415015,102,1055.658971,1.7894857915109754,1.6835759298092077,0
127.573926,102,1055.837997,1.8245807240779464,1.698564720581494,0
125.762666,100,1056.050717,1.802827139958123,1.7321687451849141,0
126.805694,101,1056.209675,1.788318355948762,1.6589711813460617,0
126.299686,101,1056.414498,1.7673914944129487,1.6478967518627181,0
126.245846,101,1057.015654,1.8230491080166062,1.7235263009022619,0
127.741184,102,1057.195536,1.789750691637124,1.6863158635186857,0
127.376582,101,1057.515367,1.7731885510832488,1.6843972403429806,0
126.855237,101,1057.83138,1.8136473601304213,1.6917742225244785,0
125.998532,101,1058.087681,1.7525154344499838,1.6699716307308194,0
127.138556,101,1058.697751,1.8221988693872506,1.7753365158113212,0
126.313382,101,1058.870991,1.8027228793730314,1.7126043248758913,0
127.280806,101,1059.124192,1.8002913039662525,1.6947169915946068,0
127.362994,101,1059.376231,1.7765426600244836,1.7062518842002505,0
126.646181,101,1059.598972,1.8050448115741047,1.7451847085166645,0
127.47876,101,1060.222115,1.8159484885050703,1.6901296706011146,0
127.304862,101,1060.417045,1.7691506567493724,1.66862086101527,0
126.919363,101,1060.671462,1.833885358953122,1.7345203261497075,0
127.889346,102,1061.029956,1.7950045999411723,1.738049282531639,0
126.268164,101,1061.399793,1.7837071786205883,1.7155573356446683,0
126.743465,101,1062.118066,1.8728981195586736,1.7354735832511514,0
125.447532,100,1062.288687,1.8545007849689366,1.7522029211302728,0
128.135044,102,1062.460975,1.8853521866836291,1.7787245807400576,0
127.145819,101,1062.630461,1.8387675478316725,1.7414644866409705,0
127.317765,101,1062.796275,1.8326684079828173,1.7355175439929582,0
124.952335,99,1063.402843,1.7946752472086864,1.7154620392815467,0
126.783028,101,1063.586249,1.829354295530681,1.7463254407728368,0
126.925994,101,1063.786212,1.821708493032751,1.758240538048658,0
127.832998,102,1063.992863,1.9089109304181382,1.805384736103162,0
126.148606,100,1064.195751,1.8824742759949744,1.803000998931349,0
125.526187,100,1064.821113,1.8386200321974935,1.7763636400730947,0
128.797206,103,1065.025344,1.8075619695201104,1.7245380685818785,0
127.909373,102,1065.222118,1.7912757183613968,1.7274922129770085,0
126.539123,101,1065.445945,1.7117507552667193,1.6545438786021982,0
128.055641,102,1065.671807,1.7407160611613857,1.7349679554117778,0
127.231962,102,1066.332931,1.7829634840624045,1.7360142350689447,0
125.33599,100,1066.52035,1.7783778469398395,1.7711335927984004,0
125.166944,100,1066.685503,1.8142385095335702,1.7641212857489041,0
125.621029,100,1066.837698,1.7995579722291086,1.7462518680888617,0
126.463794,101,1066.986763,1.8042571220884915,1.7463917203633932,0
128.067615,102,1067.602636,1.7875708418041274,1.6659751632504902,0
128.517964,102,1067.796519,1.8418955770133751,1.7644360087766051,0
127.90195,101,1068.035849,1.801088343476629,1.7122492558176647,0
126.923699,101,1068.287268,1.8419296752249696,1.7310496201954115,0
126.406485,100,1068.516903,1.8316025967682406,1.7659143055943014,0
126.245757,100,1069.227569,1.851003266163247,1.7641638199095353,0
126.566085,101,1069.398951,1.8169942251710967,1.7281162216124384,0
127.305913,101,1069.599816,1.8725491205567146,1.8080348089376772,0
127.121101,101,1069.843067,1.8040796556871486,1.7115668630507668,0
127.264149,101,1070.064972,1.8434489428888508,1.8219344428824178,0
125.967817,100,1070.805658,1.8081684455791394,1.7327542860179732,0
127.28479,101,1071.074508,1.8250995543938215,1.7644967649461378,0
126.81171,101,1071.261441,1.7802475193557972,1.777807119218395,0
127.16875,101,1071.431653,1.8318037504928832,1.7604937518375026,0
128.499897,102,1071.601895,1.8292630461555555,1.7668409371150353,0
128.530913,103,1071.77337,1.8582545772356969,1.7916235808495833,0
126.77694,101,1072.372472,1.8076606540958609,1.7780153865786006,0
126.268064,101,1072.542608,1.783490586262364,1.7599445264532976,0
125.803117,100,1072.708281,1.815303547565506,1.771643123636378,0
127.544474,101,1072.877447,1.7871276805795762,1.7058472498921222,0
126.765153,101,1073.046384,1.872305093523098,1.7825508754413268,0
127.369444,101,1073.646171,1.866171635838283,1.73818602673678,0
125.733159,100,1073.812932,1.8580483548410391,1.7908137562006183,0
126.586381,100,1073.977364,1.819327259228079,1.78712124474347,0
126.830929,101,1074.144175,1.8334991640122347,1.8046649623875013,0
127.11691,101,1074.311133,1.8207098236795214,1.7524684024727484,0
126.52149,101,1074.902939,1.8058165137020497,1.7105214735913823,0
128.044077,102,1075.073782,1.7876755058842126,1.7040099981850791,0
125.273894,100,1075.238367,1.8034450062404053,1.7521915825953254,0
127.534514,101,1075.405046,1.8550998819035105,1.7874771878793836,0
128.541408,102,1075.573677,1.7830515616476827,1.7081964032850794,0
127.415683,102,1076.169382,1.821367734970044,1.7540895126554223,0
127.102917,101,1076.335818,1.8267193326513138,1.7945139228876605,0
126.497813,101,1076.50117,1.78615920961617,1.7254226884913053,0
126.958927,101,1076.665917,1.8928979200136944,1.8541710125656106,0
126.19024,100,1076.83013,1.8201368415210541,1.7783844039283694,0
125.253674,99,1077.414458,1.8157316677614914,1.7633051608046166,0
126.649121,101,1077.605426,1.801840125429088,1.760304196383298,0
127.095959,101,1077.825361,1.8709015697305655,1.7971055221075973,0
126.48332,100,1078.042662,1.8208996092643945,1.7666704981505996,0
127.668959,101,1078.325675,1.8331765573201861,1.7489643616314157,0
128.136883,102,1079.016176,1.8117783141642532,1.707792345914155,0
127.298987,101,1079.187308,1.840030774581235,1.7481763623700528,0
126.870947,101,1079.354178,1.789070734495863,1.7408194189266926,0
124.922782,99,1079.517633,1.83491732109,1.7890470338100557,0
127.170044,101,1079.683999,1.8449534464154476,1.7941434870787711,0
128.547455,102,1080.278095,1.8087956299959553,1.7240453932689968,0
127.939147,102,1080.449769,1.8257441856645094,1.759480658042281,0
127.561669,101,1080.616551,1.7873784690320416,1.7150410200349657,0
126.903726,101,1080.784489,1.7982181425321948,1.7301039644648963,0
125.062553,99,1080.947981,1.819780604158362,1.7460117623886395,0
126.436168,100,1081.537117,1.7972646729199526,1.7997552767681917,0
129.271209,103,1081.708512,1.7516786362949275,1.6661963131514348,0
127.462214,101,1081.896629,1.8168316723373303,1.7455367684231866,0
127.154225,101,1082.218861,1.8825511169308804,1.8548673958695179,0
126.336831,100,1082.57737,1.811919411165601,1.7506449343415051,0
127.421533,101,1083.315075,1.8203286092007958,1.7365656930255668,0
127.769361,102,1083.488379,1.8068262076228998,1.756898559174414,0
127.898057,102,1083.685091,1.801442484161757,1.7806947540762317,0
127.480348,101,1083.872485,1.8237808936302293,1.7612612928535314,0
126.657031,100,1084.041193,1.8001686617326742,1.7247088706453746,0
127.6818,101,1084.665475,1.805325379282286,1.7649743108356877,0
128.139974,102,1084.837348,1.7395918581523688,1.6804358539463697,0
127.194042,101,1085.029987,1.8525539346358033,1.798216792568197,0
125.648434,100,1085.249155,1.854619617867595,1.7810523466900845,0
127.98432,102,1085.503172,1.8520593925038464,1.7901989232128608,0
127.32445,101,1086.181207,1.841070404893648,1.7546085609253348,0
126.823963,101,1086.353532,1.7475512804525597,1.710586693551081,0
126.135348,100,1086.550511,1.7325243951168963,1.7267274803780501,0
128.776798,102,1086.785949,1.8319709427149913,1.736960962784023,0
127.792885,101,1087.044601,1.7867783756336968,1.7531051568149187,0
126.189984,100,1087.727719,1.838196671674814,1.7535478614360136,0
128.774227,102,1087.898413,1.865301348439134,1.7644006750719512,0
125.971403,100,1088.091887,1.8532463258233607,1.7711344321215843,0
127.720387,102,1088.322124,1.8182291910795825,1.7055952787580277,0
127.768841,101,1088.579099,1.768305894747057,1.6619350654026903,0
127.825824,101,1089.253527,1.8110272765824256,1.6615391161519983,0
126.056055,100,1089.422818,1.7655060346803277,1.7180574405006401,0
126.720537,100,1089.60166,1.8300054195468527,1.7687858470763855,0
127.773667,102,1089.78104,1.7914403821813953,1.6897967230008848,0
127.652868,101,1089.981696,1.8186700282290829,1.7297835812243265,0
126.222569,100,1090.625656,1.7652843903708209,1.728091827864129,0
125.212789,99,1090.790995,1.85607361954458,1.837248424284521,0
127.2407,101,1090.987495,1.835127432773723,1.7607253433871701,0
128.563981,102,1091.21966,1.8646909034117485,1.8002471936891529,0
125.895146,100,1091.474708,1.832544736538314,1.792115437951188,0
126.969465,101,1091.743604,1.7916216581465898,1.7787496050138423,0
126.135242,100,1092.348707,1.7797462545832308,1.682144407212283,0
127.287117,101,1092.533922,1.8284029327996896,1.7576525510850913,0
127.195984,100,1092.745793,1.7854246244912884,1.7118877624115871,0
126.905404,101,1092.992884,1.8599955692486367,1.7144017059594714,0
127.317486,101,1093.264076,1.8529848863121152,1.711365435270163,0
128.797718,102,1093.895302,1.7858179494022803,1.6415588713176164,0
128.696281,102,1094.064305,1.7487439645323932,1.6650970801797722,0
129.171247,102,1094.241455,1.8037513848660844,1.71945925589211,0
126.852352,100,1094.519905,1.8008228779879165,1.6953115673599062,0
127.44368,101,1094.882192,1.8290811295716614,1.7485390545983175,0
128.175348,101,1095.565247,1.828423646956717,1.7210186944199886,0
127.797876,101,1095.751162,1.815967963485339,1.742474523746066,0
126.731293,100,1096.008614,1.8500593368543659,1.774849959532733,0
126.434943,100,1096.370104,1.7791036152819693,1.647066310574728,0
127.492941,101,1096.742094,1.8060116281292342,1.6902922933132496,0
126.57053,100,1097.414145,1.8387597600834813,1.8054808421138793,0
128.737312,102,1097.57793,1.8540453983199576,1.7393616373925418,0
127.991918,101,1097.74659,1.781815994598027,1.7303555329340408,0
128.548938,102,1097.919515,1.8009338776283905,1.6981531801791516,0
126.529689,100,1098.196366,1.791605225348463,1.7325780146597591,0
128.453662,102,1098.883131,1.7970512233969598,1.6765033840523342,0
126.152306,99,1099.071048,1.8392232142633207,1.7561678555211375,0
126.496308,100,1099.390307,1.8487678705044601,1.7982874128909792,0
127.847458,101,1099.765441,1.818370488112124,1.7382522728253809,0
125.497857,99,1100.120807,1.8070879654800136,1.756835134267228,0
128.545271,102,1100.869935,1.8386658317228557,1.7541204306874074,0
127.504156,101,1101.03135,1.7591157249605884,1.7104759805965113,0
127.883726,101,1101.180739,1.7930246083384374,1.7022878459608544,0
128.082551,101,1101.338489,1.864459380216117,1.7421600097829577,0
127.83463,102,1101.50085,1.693678769130041,1.651239933172575,0
128.900538,102,1102.113299,1.7893722009614865,1.7188600211284357,0
128.078724,102,1102.29991,1.7951010226228346,1.7103173418883009,0
126.802834,100,1102.463607,1.833629547686961,1.758913884359831,0
126.843211,100,1102.617447,1.8334682939075049,1.80210430578728,0
127.214756,101,1102.765615,1.8250732907763014,1.7443984815286186,0
125.52319,99,1103.357797,1.8239089458116982,1.7833790483458112,0
125.583017,99,1103.524693,1.8139944020627803,1.7377711793894879,0
127.876997,101,1103.683876,1.7939618790572376,1.6938023045409896,0
126.599217,100,1103.84335,1.8046711365692565,1.7184887622997291,0
126.256585,100,1104.002848,1.807395161125365,1.7421299872675184,0
128.053483,101,1104.596511,1.8105627239627595,1.7001264126594793,0
126.556941,100,1104.772496,1.8058377563349306,1.749314201092572,0
127.439678,101,1104.976098,1.807419144502123,1.724492584894695,0
128.163394,101,1105.212686,1.7871500638083047,1.7196086585483805,0
127.652325,101,1105.474132,1.7557963326761379,1.683112462989196,0
127.412717,101,1106.151268,1.87769111398675,1.7731499623968923,0
127.540455,101,1106.322617,1.8183154667612187,1.7226746537309734,0
126.625653,100,1106.515,1.8032337957101328,1.722053209127213,0
128.10449,101,1106.734732,1.825532640850501,1.7464205118932823,0
128.871662,102,1106.991472,1.860824812211186,1.7827514229266623,0
128.254074,101,1107.697462,1.8330930435416353,1.7300975738090032,0
126.724744,100,1107.863831,1.826096981658299,1.7012351665785965,0
127.859718,101,1108.058621,1.850457028866132,1.7332879160989743,0
126.153346,100,1108.277154,1.8583057753784284,1.7749515299303011,0
126.946654,100,1108.520043,1.8241759110609101,1.7554075132877889,0
127.022161,100,1109.230492,1.8435185273961476,1.7325897953986262,0
128.055778,101,1109.400947,1.8247482905756756,1.7581785825814154,0
125.621841,99,1109.550594,1.8401021129491573,1.7698162571825953,0
126.654578,100,1109.717119,1.873097827971777,1.787761221111842,0
127.50446,101,1109.943738,1.8614731492926502,1.7654174444972055,0
126.473474,100,1110.131987,1.8693441158149906,1.7761682848017657,0
128.487333,101,1110.741017,1.8360033795445787,1.7617240902937956,0
126.581652,100,1110.909566,1.7469507281319405,1.6974254690270374,0
127.644715,101,1111.096493,1.8266957125395067,1.7445689765902368,0
127.795657,101,1111.416525,1.8293890947574458,1.7023225027695608,0
127.161217,100,1111.775915,1.7864235464451177,1.722069412481724,0
126.343399,100,1112.420495,1.8554477525633855,1.8069185939690482,0
127.338211,100,1112.587974,1.8540100896433005,1.7355618920006837,0
126.815662,100,1112.858516,1.8387600880561439,1.7115960797683636,0
127.783589,101,1113.209697,1.8108415343236244,1.686915118941785,0
127.739885,101,1113.578292,1.827186183900281,1.743942950999475,0
127.540016,101,1114.248313,1.8038186455448506,1.7329887366894134,0
126.641178,100,1114.415467,1.7707166115637805,1.6748635780051535,0
126.840865,100,1114.584452,1.802199008227046,1.7345952117340002,0
127.664302,101,1114.780177,1.8254034044881193,1.7541924946545644,0
127.182499,101,1115.005614,1.832691602736684,1.7662893194788507,0
126.786435,100,1115.738044,1.828025244850187,1.728420007005561,0
129.373537,102,1115.926746,1.8362956723297226,1.7216915963169404,0
127.993217,101,1116.114743,1.8310382595095769,1.7170908244932195,0
127.066427,100,1116.361108,1.8018019973530424,1.7232617745440622,0
126.63109,100,1116.708368,1.8358146941875033,1.7203835030253345,0
126.311846,100,1117.446647,1.7586021174670399,1.6789375741698236,0
126.555096,100,1117.613795,1.825538981246138,1.7163221104811486,0
126.754479,100,1117.850636,1.8129937178666153,1.7078185476862624,0
126.947142,100,1118.182924,1.8245259887633751,1.712519463294533,0
127.624082,101,1118.549801,1.8137470038899168,1.709939543134417,0
128.350318,101,1119.276883,1.8482207814009852,1.7534266735389537,0
126.86436,100,1119.451896,1.824045385405137,1.7480730162572724,0
128.056027,101,1119.611894,1.7640575919929404,1.6637009450572215,0
128.201313,101,1119.852851,1.825619872208467,1.6870568074898604,0
126.690857,100,1120.047287,1.795444457458965,1.719409614133039,0
126.78067,100,1120.659127,1.8032993918168791,1.6912285213215883,0
127.348815,100,1120.826513,1.8514340302057233,1.7359877064937865,0
126.935522,100,1120.992443,1.8291428530114657,1.7205338651486517,0
127.141822,101,1121.163286,1.8232156130045651,1.716521292342472,0
128.727326,102,1121.341219,1.812866952947826,1.7115979044347311,0
127.351448,100,1121.945862,1.8196027878058942,1.721839396841047,0
128.690528,102,1122.122964,1.8213744590779692,1.6934398330778786,0
128.058873,101,1122.291616,1.7910327210960506,1.6790077732974957,0
127.37466,101,1122.455619,1.8426984391835908,1.7299505305939133,0
125.955494,100,1122.618589,1.7968067802808463,1.7036862717388241,0
126.467727,100,1123.219651,1.8448507397625056,1.7359988665160038,0
126.876802,100,1123.389986,1.8411023301360154,1.7261258596259499,0
126.772568,100,1123.556118,1.8613335572420995,1.742513415736842,0
128.55344,101,1123.724787,1.8892946508771182,1.7445161984120345,0
127.895207,101,1123.941412,1.7774972668505555,1.6495117654001592,0
127.966098,101,1124.725909,1.8357036835335674,1.76105030566069,0
127.792583,101,1124.911324,1.8104812007298132,1.6818259551925543,0
128.276469,102,1125.085212,1.8334383980228381,1.7763758900551774,0
127.998741,101,1125.274144,1.8153636706868606,1.7414141881684926,0
126.283754,100,1125.471256,1.7801093443117677,1.6987782684059658,0
126.177358,100,1126.110182,1.7957857254109884,1.7364684976693423,0
127.91338,101,1126.286623,1.781493787104387,1.6715809424726857,0
126.683449,100,1126.457695,1.8172884639296347,1.703464793018095,0
127.371554,101,1126.680349,1.8004958909795084,1.6981354887241233,0
127.818236,101,1126.921606,1.800954583742611,1.6867979580456798,0
128.923959,102,1127.186066,1.8393083865101505,1.7145475649913577,0
127.110438,100,1127.801588,1.8171672461987445,1.683924931576227,0
128.340111,101,1127.98494,1.7902181352775721,1.6586837313961622,0
127.58835,101,1128.287864,1.817423272125324,1.6800229548330643,0
127.429898,101,1128.631698,1.8257680604520237,1.726237959989103,0
127.588062,101,1128.992161,1.8242523129644632,1.6976915233402143,0
126.717892,100,1129.630181,1.8552743836631354,1.754997848934925,0
128.035432,101,1129.78848,1.8268096881835325,1.7250954204691284,0
127.894567,101,1130.025489,1.7802564324815828,1.699720700676481,0
126.621809,100,1130.316126,1.8266394628416025,1.6949157153650378,0
128.348064,101,1130.650826,1.8282688940575975,1.7078984667412311,0
126.978415,100,1131.325618,1.8895572323874936,1.7625357485895732,0
126.815779,100,1131.491179,1.7745740581245724,1.691887288871984,0
128.084965,101,1131.652037,1.835083248550704,1.755617704430277,0
127.530216,101,1131.889068,1.7751785123959714,1.698414980270199,0
128.891955,102,1132.113551,1.817048107802497,1.7339664144771747,0
127.135967,101,1132.727154,1.8095326585399856,1.7591102186753056,0
126.796168,100,1132.89496,1.826092445602293,1.7214902694453296,0
128.11538,101,1133.116094,1.8471026339188077,1.714052577117141,0
128.05834,101,1133.457524,1.8202946031712044,1.6830516300771394,0
127.744185,101,1133.824208,1.8359504059087,1.715264809479294,0
127.119602,100,1134.502345,1.8423243873203228,1.726072244627839,0
128.328113,101,1134.678386,1.7767265680493411,1.6541316664991357,0
126.761805,100,1134.869854,1.8592994041198596,1.712315413612451,0
126.483261,100,1135.16535,1.8139226710958816,1.7010731151022147,0
126.452129,100,1135.508859,1.8075185632780513,1.6739182681620217,0
126.914507,100,1136.226265,1.8622500093265135,1.738836984908168,0
127.470551,101,1136.402988,1.8567664124593792,1.7962157650010766,0
128.837387,102,1136.610075,1.8301310946810079,1.746545815008358,0
128.195403,101,1136.844265,1.8956074529905667,1.7767313117505752,0
128.924204,102,1137.107747,1.8358303375956453,1.7211394252656884,0
128.773082,102,1137.800513,1.8639862831728862,1.7587785148482955,0
128.073959,101,1137.969013,1.7907820249091815,1.702690219554033,0
127.591747,101,1138.135657,1.8421727520909152,1.739730478004806,0
126.001453,99,1138.299465,1.8042562319037105,1.7610215543660466,0
127.426617,101,1138.486627,1.8098627374260907,1.7373525006615438,0
127.625038,101,1139.111364,1.8122667156504044,1.6895711791003942,0
126.184642,99,1139.275418,1.816754668708769,1.7163077894231984,0
126.669225,100,1139.440404,1.881307676469378,1.7385413784917763,0
128.151015,101,1139.636737,1.8311493370969427,1.6947264272461966,0
127.992444,101,1139.858762,1.8603814894169064,1.7588725868677595,0
125.979772,99,1140.483272,1.8997841387047576,1.7682116285050495,0
127.779142,101,1140.650644,1.8210499334000863,1.7021992648228508,0
128.664438,102,1140.848889,1.7625354269579667,1.681018823462846,0
126.538835,100,1141.068145,1.8725858658337837,1.7362322843569373,0
128.219741,101,1141.319255,1.8444340048134151,1.7241918311559534,0
126.83735,100,1142.006083,1.8321966271764536,1.744161513839322,0
126.761768,101,1142.175845,1.816049396582483,1.7319534157097631,0
127.708246,101,1142.370848,1.8531507817570363,1.761058869070798,0
128.076542,101,1142.592576,1.849293075365819,1.6884037816096045,0
127.234658,100,1142.839715,1.7704843723400971,1.6719911357439095,0
128.176825,101,1143.543867,1.8431497737681213,1.7364590009389174,0
127.822388,101,1143.755904,1.8281834524050213,1.6860003781479005,0
127.749978,101,1143.974061,1.8436298548318988,1.708004687555318,0
128.333352,102,1144.191202,1.8436285310950051,1.7492641851800026,0
127.059473,100,1144.49124,1.9283868264070974,1.801679518661419,0
128.850186,102,1145.256,1.8193395080456316,1.7220519468529918,0
125.599474,99,1145.443474,1.7672628004742597,1.6453643990499978,0
127.862822,101,1145.613149,1.8273714407136825,1.7080651663435227,0
127.574315,101,1145.807658,1.818945386663944,1.7300961645998554,0
127.893413,101,1146.022261,1.8551308121237586,1.7939133254962936,0
127.732431,101,1146.265131,1.8441080874127602,1.7447130812531617,0
128.696368,101,1146.938979,1.8582235925672825,1.7175038044757085,0
128.435802,101,1147.125668,1.850533756682929,1.740787916877541,0
128.287865,101,1147.29997,1.822011846846648,1.7223842369698505,0
128.171181,101,1147.470881,1.8413343899981287,1.7232825234362121,0
126.925481,100,1147.639904,1.8348556216239174,1.7581259144622594,0
129.056739,102,1148.327907,1.881228285071756,1.7648191027229962,0
127.771154,101,1148.564691,1.8477533178412586,1.7434904657817403,0
128.472175,101,1148.898981,1.8500818988043786,1.6978348758983326,0
128.094331,101,1149.267,1.7710316320312793,1.6843108205353585,0
129.59588,102,1149.637676,1.7871729288590819,1.6686698053865856,0
126.710424,100,1150.283605,1.8250947836862617,1.7511159400500211,0
128.434819,101,1150.471733,1.855454002412608,1.7969640279075194,0
127.724807,101,1150.689691,1.834620065061965,1.7424772902818368,0
127.746146,101,1150.939293,1.7703590240387697,1.64148928507406,0
127.035399,101,1151.205941,1.7312917126635285,1.6448172476652774,0
126.904297,100,1151.845369,1.825328925905518,1.7201164525220671,0
127.62795,100,1152.06081,1.9133593188389977,1.803694477457369,0
127.538703,100,1152.289464,1.8676882302137634,1.7351730874174764,0
127.836361,101,1152.561449,1.809384838371284,1.7573960248702403,0
127.957118,101,1152.899869,1.8799420997614515,1.777073177706144,0
128.695129,101,1153.574706,1.8390718718996253,1.7037534458160628,0
127.031089,100,1153.750711,1.8250901069238714,1.7286710641121266,0
126.471777,99,1153.924734,1.862917154946852,1.7394170678823102,0
128.542371,101,1154.131708,1.8479197891533103,1.7226629362596853,0
126.50726,100,1154.425252,1.7891234092518709,1.790685556959526,0
129.027229,102,1155.148292,1.7214037080098945,1.6477847850564897,0
128.199492,101,1155.32616,1.7905716943326095,1.7104219157906024,0
126.57379,100,1155.507055,1.8255101387873256,1.6906355115099794,0
126.901458,100,1155.674633,1.8900352785571926,1.8032169058221705,0
128.034195,101,1155.865237,1.8575044499062283,1.7613180582238956,0
127.88352,101,1156.484798,1.891443523762011,1.777981673680457,0
128.34882,101,1156.66819,1.811209110320762,1.7215939267662022,0
128.534395,101,1156.86857,1.7549062151547186,1.6137333553646165,0
127.670438,101,1157.072307,1.8467646093315722,1.7606130318973643,0
128.002291,101,1157.278752,1.8599818071305063,1.8332553685257476,0
126.965851,100,1157.901778,1.9138295562095369,1.7874358736791272,0
127.875526,101,1158.068927,1.853660856816752,1.7477939294328153,0
127.863133,101,1158.254665,1.8392463129981231,1.7215041095207928,0
126.93308,100,1158.453721,1.8778048965648777,1.7480926516319548,0
128.115285,101,1158.659625,1.8114205852716845,1.6897865443866473,0
127.869285,101,1159.335941,1.8342954221298022,1.7177552693760203,0
128.978684,102,1159.518426,1.8515883785575824,1.7459162296663613,0
126.913356,100,1159.703168,1.7888074802519947,1.6839782139923423,0
127.795619,101,1159.878419,1.7892804040772443,1.6905767977881205,0
127.064905,100,1160.177729,1.8003184773094096,1.6990124524275416,0
127.634723,101,1160.940088,1.8567212274946254,1.7518073034033002,0
126.430624,100,1161.107698,1.8512937640087574,1.7460038306581598,0
126.696856,100,1161.256653,1.783347353800671,1.6951824038402743,0
128.976885,102,1161.43314,1.8266660672076531,1.7219020213161795,0
126.679456,100,1161.688718,1.8001393978480476,1.709749575639557,0
128.320408,101,1162.351371,1.8422581015972566,1.7136718734921579,0
128.301555,102,1162.526778,1.7448083364511136,1.6464461165344204,0
127.804889,101,1162.698323,1.8702966822307399,1.6931437113808923,0
126.820005,100,1162.936675,1.8784701330176414,1.727271482091169,0
128.171732,101,1163.280791,1.8255496747249154,1.6871095847238777,0
127.69722,101,1164.089367,1.828948125754201,1.7201029517939073,0
127.753702,101,1164.267903,1.8329973977450398,1.7176271045998568,0
128.475218,102,1164.453249,1.872056371598168,1.7662574153357435,0
127.515398,101,1164.62387,1.7590325654483967,1.656835686131607,0
128.461262,101,1164.804308,1.8436154238674975,1.7131340041654894,0
126.662459,100,1165.00157,1.8323612839597672,1.752392605730051,0
127.057249,100,1165.611388,1.894241786835859,1.7728846247592507,0
127.947657,101,1165.793369,1.9236902526702946,1.7583275294637593,0
128.699123,101,1165.980235,1.8543156776570302,1.7099539091257587,0
129.148941,102,1166.183987,1.828957870093376,1.7382327770988977,0
126.635125,100,1166.367353,1.8738706831570116,1.7571293076137013,0
129.118126,102,1166.978916,1.8506248105680771,1.7604834862338419,0
127.943736,101,1167.17005,1.7945586298005949,1.6761234707488104,0
127.214023,100,1167.371699,1.8962965367532025,1.8390097678612454,0
126.711822,100,1167.57645,1.8780081609951047,1.8009490165450797,0
125.591012,99,1167.78323,1.7638676187699454,1.6706313451757115,0
127.548154,101,1168.49688,1.8760935653254032,1.7378478847078684,0
127.456609,100,1168.691242,1.7914816218797605,1.665538028555891,0
127.615107,101,1168.865027,1.8855166397105927,1.772155562678782,0
128.109566,101,1169.036123,1.7768115869355265,1.7028985615538648,0
128.049919,101,1169.206382,1.8157609187204693,1.7567192912122493,0
126.78959,100,1169.801302,1.8051033654746858,1.681448229264419,0
129.28471,102,1169.971636,1.845161492110256,1.7306609265272956,0
127.671999,101,1170.146363,1.8212063091367732,1.7217319100902426,0
125.652595,99,1170.324777,1.7090209786728732,1.6487048200755883,0
129.020466,102,1170.49639,1.7882777056667503,1.7067119308547132,0
126.70969,100,1171.09953,1.8350630474609693,1.767306804862328,0
126.367951,99,1171.269686,1.7762033234689965,1.690286449029211,0
127.259797,100,1171.44904,1.8510674729158296,1.7274850278053606,0
128.17679,101,1171.61655,1.806477032691171,1.7286351538063494,0
126.001926,99,1171.793769,1.8162324674030288,1.7417286095625748,0
126.299211,100,1172.443067,1.8517972168702233,1.7393033344461732,0
129.147777,102,1172.619271,1.864260219929501,1.7721768480028997,0
126.03318,99,1172.810913,1.8645970535940244,1.7651107850230578,0
127.486511,101,1173.015016,1.8017019187088792,1.707647884393712,0
127.739414,101,1173.220921,1.8634485642906857,1.7355602154254108,0
128.089706,101,1173.850419,1.8411040725889773,1.7413831222850567,0
127.63459,100,1174.036617,1.825159391297445,1.7501533027454184,0
127.174623,100,1174.193245,1.900443068000683,1.8212122786366975,0
128.024613,102,1174.360667,1.8263497325523228,1.7272260651874887,0
128.4836,101,1174.528682,1.873358153939148,1.7643842915281076,0
128.385378,101,1175.135165,1.8087766262302762,1.7181294308816233,0
127.677827,101,1175.318948,1.8805330076141038,1.7940080028035361,0
126.93541,100,1175.479586,1.8189654680329912,1.7626091046322743,0
127.148404,100,1175.640159,1.8633299438001008,1.8174505235508966,0
127.445383,100,1175.818579,1.778114569256474,1.6937861578684978,0
126.861446,100,1176.425033,1.781597612866659,1.7040367892849022,0
128.230734,101,1176.60862,1.8297982497784926,1.7363677474860595,0
127.511569,101,1176.779883,1.8644950492920374,1.7623544891539267,0
127.476838,100,1176.94427,1.836265828126211,1.7516357538514107,0
126.99179,100,1177.105495,1.8274933590156324,1.7578829710543193,0
128.295226,101,1177.706018,1.7768108347121752,1.6893826900241005,0
127.465752,100,1177.89587,1.8655103259775037,1.7980874479166096,0
127.190381,100,1178.152786,1.8288698793447893,1.7391922918197988,0
127.864578,101,1178.474392,1.8582311685343877,1.7761847727775502,0
127.015446,100,1178.835824,1.845053709307968,1.7486936016424106,0
129.083664,102,1179.644225,1.8448021309009153,1.760884324598321,0
126.923088,100,1179.815806,1.8117451051917874,1.733516201583968,0
127.899357,101,1179.977713,1.8304326273161533,1.6876189200588272,0
127.54414,101,1180.146559,1.7894424586223394,1.7333652675137128,0
128.349406,101,1180.329439,1.8213963601407244,1.7419696251925962,0
128.117117,101,1180.493935,1.7931811889184421,1.7074999197535596,0
128.708572,101,1181.090846,1.7720371861248283,1.655516883124954,0
127.418529,100,1181.254826,1.8501871809062886,1.7675088428827634,0
128.222915,101,1181.410365,1.8217191069306768,1.7112743926455214,0
128.698766,101,1181.571464,1.8637929288289525,1.7635014972946153,0
128.596888,101,1181.734135,1.8283614186724295,1.6862242045405254,0
128.138033,101,1182.347173,1.8325704239644385,1.7676952498031244,0
126.553212,99,1182.524832,1.8802852629184434,1.736275004328409,0
128.692836,102,1182.840079,1.854797041249205,1.7555376722621965,0
128.329701,101,1183.204261,1.8511042404142488,1.721268572597454,0
127.446546,100,1183.566862,1.8674316293638114,1.8336445683926546,0
128.046148,101,1184.220518,1.897491807612982,1.760222511135519,0
127.527724,101,1184.390279,1.851354385385383,1.7712639222185256,0
128.881317,101,1184.651041,1.8970047096003446,1.7526346036828082,0
127.815629,100,1184.995582,1.7813892440768813,1.7185736915385743,0
127.293675,100,1185.358804,1.8952883951482764,1.764936356102349,0
127.179122,100,1186.046223,1.7981276009282088,1.7494792351351396,0
128.033204,101,1186.216109,1.8944424606722745,1.8331478453486085,0
127.726921,100,1186.381873,1.8433254410098128,1.7772139650983532,0
128.379959,101,1186.596598,1.8399196844203674,1.7434031159913281,0
127.069646,100,1186.864313,1.8792831546482172,1.8136439653972276,0
129.439756,102,1187.618391,1.891125427081308,1.7948367559869078,0
127.787732,101,1187.809454,1.8363741923247154,1.7541839441245748,0
127.545173,100,1188.022674,1.8455690287647066,1.7901286196051367,0
128.055289,101,1188.274373,1.7710926180852915,1.7019501082888433,0
127.908484,101,1188.569994,1.873052847482067,1.741052279720854,0
129.101393,102,1189.33491,1.8696315666847676,1.7562913449497082,0
127.817315,101,1189.500098,1.8984137246076198,1.7608079508832062,0
127.797707,101,1189.735754,1.8170984924306675,1.7405489454843848,0
127.226762,100,1190.083709,1.8378304722399557,1.72327050729846,0
128.930825,102,1190.45561,1.8590807063622956,1.7547298568549476,0
127.824381,101,1191.187971,1.8840199902417147,1.8069120492888964,0
128.263803,101,1191.358936,1.7999658926849562,1.6714657324845656,0
127.171708,100,1191.523927,1.8722451635883006,1.7707498614935606,0
127.17483,100,1191.766782,1.8858816930930626,1.7417105157420727,0
127.70807,101,1192.08665,1.8923479897445286,1.7952224828275976,0
127.770837,101,1192.803139,1.8544268371045591,1.7934074337089807,0
128.320018,101,1192.986815,1.756332260041673,1.648194301370338,0
127.93418,101,1193.164301,1.7921576781269946,1.6976081926438025,0
127.268234,100,1193.329682,1.8961387713219626,1.8140574301702959,0
128.471548,101,1193.483788,1.9075826064154728,1.7269438260990257,0
127.798997,100,1194.070844,1.7766896281745144,1.6772327312020172,0
127.3992,100,1194.240049,1.8335151010028345,1.7055879506059142,0
127.796284,100,1194.404477,1.8120298065344203,1.7380549781743253,0
128.392699,101,1194.571493,1.7960042044887445,1.7124571227679684,0
129.360059,102,1194.739376,1.8732621925566417,1.7226092872002101,0
127.377409,100,1195.337723,1.8446917656875932,1.6924818723102575,0
128.507405,101,1195.502749,1.7966642143410854,1.6617054446153114,0
127.432638,100,1195.651923,1.8634754165861658,1.7493737407609562,0
129.156479,102,1195.813617,1.8587790399588697,1.7403155902133605,0
128.558429,101,1195.977309,1.8035198986444019,1.692236511431272,0
128.270786,101,1196.662052,1.8928877211472217,1.7710512519068895,0
128.838824,101,1196.842822,1.8250321587172587,1.7039650011024183,0
125.991454,99,1197.091634,1.8338924839016442,1.7221106953727432,0
126.941463,100,1197.371157,1.838149667636303,1.7588451685630058,0
128.60763,101,1197.725636,1.8751381085662369,1.7700451296478672,0
128.223222,101,1198.567507,1.852008362640148,1.747824353394693,0
128.212235,101,1198.731263,1.887554549389543,1.7648706343036218,0
127.64657,101,1198.945757,1.861507581747781,1.7720285824431672,0
126.856266,100,1199.285479,1.877995515334441,1.7463352685501132,0
126.719119,100,1199.657084,1.8243105775460542,1.722439888817776,0
127.32071,100,1200.032395,1.8652566398318333,1.7152704658508562,0
127.755488,100,1200.659082,1.832921581858098,1.753844093178492,0
127.413293,100,1200.890727,1.8934046014420605,1.8131604779506476,0
128.351044,101,1201.138584,1.852754798745038,1.7623817423181753,0
126.073041,99,1201.399513,1.8421191295919175,1.7510954339412068,0
129.38023,102,1201.655403,1.8847763120062173,1.7166451672348486,0
128.576312,101,1202.277443,1.8329674380891912,1.7516134417435503,0
129.647191,102,1202.590248,1.8442931053801563,1.7272213540932428,0
128.135819,101,1202.793966,1.9036059853005387,1.7804780604241564,0
127.300827,100,1203.045288,1.868268613030491,1.7718952512272343,0
127.668037,101,1203.379399,1.8115545086955547,1.6710828598318266,0
127.227359,100,1204.094137,1.8554291565126098,1.740979469454063,0
127.37597,100,1204.443962,1.8569126238875893,1.7437175781312342,0
128.005797,101,1204.836968,1.8920685183878538,1.7892508443253805,0
125.348793,99,1205.234255,1.81762271169671,1.7423492457740823,0
127.089054,100,1205.633922,1.8624181351435292,1.719090928658429,0
127.413742,100,1206.343497,1.7770444111330426,1.657927149783789,0
125.688301,99,1206.544079,1.8008363152165934,1.692134264779149,0
126.033802,99,1206.787874,1.8995721792129077,1.7606536196462272,0
126.75697,99,1207.00455,1.8641801051359912,1.7247974613417911,0
128.535514,101,1207.226223,1.8447522189962762,1.7022595426778258,0
128.33038,101,1207.896647,1.839572812050573,1.7041640691187787,0
126.521294,100,1208.070677,1.8660221232984011,1.7413850332179424,0
126.289512,100,1208.287572,1.8552689353421774,1.7252158003403475,0
123.313085,98,1208.616854,1.8204500005399864,1.7211149990017933,0
127.711871,101,1209.01287,1.8632502089912113,1.7726964639012506,0
128.002169,101,1209.791997,1.8303039575215299,1.685518393003305,0
126.849253,100,1209.959098,1.8408662073194084,1.6654393540613375,0
123.424112,98,1210.214811,1.7912326877612748,1.6545080828931007,0
123.553296,98,1210.564625,1.750744014915178,1.6314286792173547,0
127.814758,101,1210.936574,1.8701450069081083,1.8187636172449277,0
124.957275,99,1211.699969,1.792106181915848,1.6388427265034498,0
127.886994,101,1211.871381,1.8636323865328395,1.7156368499755053,0
126.097433,99,1212.092253,1.8732286578125161,1.7454700208843368,0
126.795637,100,1212.434234,1.8248947283306014,1.6939002469782536,0
124.925143,99,1212.797079,1.821943818161897,1.67648339535871,0
127.192993,100,1213.597322,1.8776392001481919,1.7817080654364177,0
127.588055,101,1213.782687,1.8792409418868983,1.7520677035388887,0
128.510623,101,1213.977511,1.8714116136748307,1.7141094644763653,0
126.693744,100,1214.190832,1.8875667181663067,1.7617826081558217,0
128.477364,101,1214.423537,1.833881778978518,1.7207296122247167,0
128.221867,101,1215.127257,1.8445465861636083,1.7068271087297178,0
128.072826,101,1215.307645,1.8371615959092857,1.701125992219768,0
125.893865,99,1215.454669,1.9076460876389572,1.7679865493024625,0
127.987769,101,1215.668491,1.8712700496162,1.741536468181957,0
124.775945,99,1215.899475,1.7974484803637256,1.6809132633256085,0
126.520498,100,1216.234429,1.82122514525615,1.6671984680267042,0
128.124261,101,1216.95109,1.8764112430201298,1.75048828683787,0
127.044175,100,1217.105751,1.8772570578026169,1.7554950509510499,0
126.884324,100,1217.254493,1.870877252898093,1.737903703057391,0
127.451664,100,1217.473832,1.8373490238015786,1.7113740701232514,0
128.863584,101,1217.69899,1.8878773186340536,1.762255036720171,0
128.613814,101,1218.400875,1.8408919023108468,1.7323171850890866,0
128.172034,101,1218.571272,1.8320254425600686,1.7300219559970027,0
129.957215,102,1218.776664,1.8632257408966149,1.7187421556300357,0
128.08795,101,1219.001621,1.8411367826920897,1.7116705391027878,0
127.072033,100,1219.221996,1.8036685644100932,1.7176271837200883,0
127.430853,100,1219.926438,1.8128009317420113,1.746593801703632,0
126.639627,100,1220.08478,1.8328811764079258,1.7316395484319347,0
127.152921,100,1220.233925,1.8342210706817141,1.694702585706441,0
130.032289,103,1220.443215,1.8022789452996235,1.6858268336330415,0
128.00331,101,1220.757272,1.8622885912631935,1.8050771631872358,0
126.890936,100,1221.520125,1.8420009299609161,1.751426111182884,0
126.859254,100,1221.680083,1.8226024200692106,1.7481301228357515,0
127.452253,100,1221.82963,1.8934581734831561,1.7537114577164263,0
128.352223,101,1221.979391,1.8310714870259335,1.753677275730456,0
127.260036,100,1222.129661,1.8510941454164518,1.7136203147278954,0
128.226828,100,1222.808433,1.8239564488274511,1.7064561986105464,0
128.624685,101,1222.972835,1.8836424351967556,1.7570132187155574,0
126.64289,99,1223.119748,1.840516600218046,1.67553229773335,0
128.308565,101,1223.267113,1.88737667943142,1.7830229890072802,0
128.325001,101,1223.482784,1.8538483013171527,1.7142389266972162,0
127.764215,100,1224.201617,1.8107190358381606,1.70085158666508,0
126.786251,99,1224.365371,1.8410174474913792,1.752307767100104,0
128.31076,101,1224.515389,1.815153349757642,1.7528684404118473,0
128.462704,101,1224.66688,1.794741390077158,1.6634136456472235,0
127.192352,100,1224.815992,1.8084677328952838,1.7590859558954899,0
128.134591,101,1225.527412,1.8687295544995857,1.7910574659312353,0
129.190204,102,1225.698852,1.8297047526382546,1.7291146528641426,0
129.163013,102,1225.848433,1.8519451611354139,1.7064330614893737,0
128.388824,101,1225.998234,1.859671480210073,1.7414422694823422,0
129.07279,101,1226.148098,1.8641751704889682,1.718746367797239,0
127.16105,100,1226.826766,1.8392522442467754,1.743973082172282,0
127.256119,100,1226.991484,1.8129109913697925,1.7155189272382396,0
127.108833,100,1227.137745,1.8541501274858545,1.7471271316797128,0
127.514414,100,1227.284297,1.8980531608973563,1.8120857139860633,0
128.609016,101,1227.432502,1.836871998465856,1.7298309147622022,0
126.225557,99,1228.010458,1.8760156820362093,1.7255710417079682,0
128.12698,100,1228.205851,1.802709514021686,1.6705115624805142,0
128.28154,100,1228.429181,1.849693162400049,1.773252449197135,0
128.218878,101,1228.655092,1.8810871219375638,1.764609844039162,0
126.947316,100,1228.932757,1.779038418356072,1.6735308743472679,0
127.237244,100,1229.734809,1.8501736770971546,1.7483751700170076,0
128.10231,101,1229.897229,1.8685662668318404,1.7286872260641883,0
127.914419,100,1230.057032,1.844091432289319,1.7576816358172784,0
127.196887,100,1230.248039,1.8197867369456104,1.7254465817942175,0
128.059583,101,1230.465991,1.867162794226939,1.7386405244282737,0
127.288214,100,1230.737569,1.8792934926345584,1.7766916398434363,0
129.414596,102,1231.356642,1.841668842127916,1.6568882197310724,0
128.117606,101,1231.528598,1.8369036442500242,1.7284911007675525,0
127.948305,101,1231.697903,1.8399763096126114,1.7683480245305123,0
127.563019,100,1231.862753,1.907175712012364,1.7749328910246889,0
128.824919,102,1232.031917,1.9317841326955767,1.8353361839281364,0
128.159632,100,1232.626911,1.9184037985070674,1.7884891402287781,0
128.845918,101,1232.796931,1.8898835743655797,1.7868426150745997,0
129.796125,102,1232.962917,1.8944734835846537,1.7601479392630395,0
129.223146,102,1233.162631,1.8408597841388008,1.7467808664293196,0
128.358867,101,1233.415011,1.9000798918810344,1.7589002247751742,0
127.926794,100,1234.053288,1.8755185190389085,1.826305377891729,0
126.776051,99,1234.277469,1.8758006994133327,1.7429119054043098,0
127.204129,100,1234.584636,1.8400847304025307,1.6790468741033773,0
128.338761,101,1234.929451,1.8820771709358395,1.7666532309182656,0
128.337616,101,1235.144577,1.8377477275964433,1.7153019346731513,0
128.385289,101,1235.80818,1.8328729365663308,1.7498045271830533,0
128.474889,101,1235.979314,1.8937399795742802,1.7907867119278518,0
127.889188,101,1236.144477,1.852509268615891,1.7277813821905335,0
129.000573,102,1236.31188,1.9023665152457654,1.809106153891801,0
128.1014,101,1236.477641,1.847172919144965,1.7485364112478892,0
128.489554,101,1237.074911,1.8571700428902604,1.7477984923929624,0
128.773359,101,1237.245468,1.8873332255242787,1.8078378788960325,0
128.056418,101,1237.411217,1.8168505271439879,1.7118713695301266,0
129.926494,102,1237.580075,1.8000175850799722,1.6570186562201386,0
127.791346,100,1237.752421,1.8525139839122602,1.7677434866039634,0
127.629924,100,1238.359055,1.8551748303722653,1.7488192316843463,0
127.633368,100,1238.541456,1.8773225023088824,1.7950600271145296,0
128.085015,101,1238.736099,1.7992448219748944,1.736265108818387,0
129.996681,102,1238.917257,1.8485643168197863,1.7071699487807663,0
129.348043,102,1239.089862,1.842191313532139,1.751614317766491,0
128.180135,101,1239.706012,1.8407664594906281,1.7842449710738573,0
123.912376,98,1239.870697,1.8102893345199913,1.7067805472487227,0
127.817437,100,1240.021964,1.786835923702822,1.6829322983736676,0
128.66184,101,1240.212531,1.8464478902080999,1.7476476688633802,0
127.468604,100,1240.531502,1.8643780590270422,1.7694373717189489,0
128.826928,101,1241.243134,1.862352518640346,1.7530384447099494,0
127.645336,100,1241.418844,1.8919617099348771,1.7749433482153938,0
128.683087,101,1241.614112,1.831047963735461,1.7519614807232953,0
129.437549,102,1241.820876,1.852675706124176,1.7697710601976073,0
127.706563,101,1242.063763,1.81725165254412,1.7374956323875241,0
128.456568,101,1242.779786,1.875715154565801,1.7183678462074572,0
126.817894,100,1242.941288,1.8621056878507736,1.7270001716890377,0
127.439184,100,1243.087838,1.8420660016945458,1.784533881594607,0
128.206586,101,1243.26713,1.8591256603211943,1.789980518285339,0
128.692471,101,1243.546,1.8731423716877207,1.7183675536714165,0
127.891471,101,1244.301342,1.8459121193879746,1.7423663476955351,0
126.907233,100,1244.513211,1.844043248774363,1.7150033989065008,0
127.258749,100,1244.690324,1.7943157740792597,1.7064383100630982,0
128.132212,101,1244.878947,1.7975090133531204,1.6791622189207702,0
127.710026,101,1245.104309,1.9085016951383451,1.816552103353923,0
126.61274,100,1245.794872,1.878197549368999,1.816161972090111,0
127.194802,100,1245.992798,1.8101125291525,1.6599514175815884,0
128.018931,101,1246.229894,1.8265910545578274,1.7272218530473735,0
129.521223,102,1246.500023,1.8624182918355128,1.7095807475012648,0
128.474106,101,1246.853233,1.8047963570159318,1.7163839603157343,0
128.36818,101,1247.705343,1.8931843328155349,1.7947890050553559,0
127.707401,100,1247.875277,1.8583424771393289,1.7179008336473394,0
127.717667,100,1248.067953,1.8626419802028733,1.7271359340341539,0
126.831955,100,1248.28844,1.8572394970677661,1.775251708105764,0
128.676056,101,1248.508718,1.874740619770738,1.7598635256919908,0
127.311734,100,1248.674704,1.8927281448311766,1.7924101953412424,0
127.845636,100,1249.347361,1.8537766520494476,1.7171548258235987,0
130.273919,103,1249.550504,1.8506449426818958,1.7081621865322174,0
128.474612,101,1249.710089,1.867642230171866,1.7712743340329258,0
127.131391,100,1249.903684,1.9058913362750232,1.7501909410213818,0
127.522983,100,1250.133168,1.910072355224671,1.8035494735099638,0
127.479435,100,1250.764705,1.8197245365450119,1.6871430769228437,0
127.199461,100,1250.930322,1.8850303191914084,1.7475985657469113,0
129.044102,102,1251.095478,1.8551939989358561,1.7270216503555607,0
127.93057,101,1251.292162,1.8679214336880485,1.783013107990168,0
126.79088,100,1251.509201,1.8605169605470049,1.7556691662505108,0
126.702273,100,1252.126204,1.8448681126740185,1.7189210865267615,0
126.934222,100,1252.357747,1.8673730013324183,1.7365520336977907,0
127.838395,101,1252.65513,1.8388043311074782,1.692738091235154,0
127.916758,100,1253.011149,1.851755964864999,1.7334677243814303,0
128.255241,101,1253.379823,1.8053881564517127,1.7127724620037743,0
128.406453,101,1254.0608,1.8341197972537213,1.7321700719821633,0
127.361041,101,1254.23292,1.8558599060850205,1.7574159315239317,0
128.194698,101,1254.406288,1.870301821492724,1.762913140009404,0
128.542237,101,1254.655019,1.8608340785968995,1.7408825531553858,0
128.468473,101,1254.879088,1.7944330388487084,1.7043540039722718,0
127.21364,100,1255.545234,1.8444650365652009,1.7133143495311767,0
127.742746,101,1255.715969,1.824436506202869,1.7052247780511096,0
128.473245,101,1255.883646,1.8186951961003972,1.6899067389087608,0
128.149244,101,1256.05192,1.8360614591081696,1.7286330269150492,0
128.085095,101,1256.219981,1.808834223229361,1.67226527327946,0
127.254445,100,1256.932636,1.8560588180702113,1.7665703215479698,0
126.802731,100,1257.105836,1.808503733775858,1.703509582303896,0
127.867152,101,1257.322833,1.8729673983400137,1.7366583371128894,0
127.849504,101,1257.658452,1.8601456172135413,1.6832607177431675,0
127.81,101,1258.026891,1.845949513674552,1.699412644324705,0
127.376371,100,1258.815029,1.880643770909717,1.7723202655779848,0
127.323518,101,1259.036993,1.8866170518112042,1.759185833830096,0
127.326138,100,1259.234505,1.8284700598492976,1.6948673444952533,0
126.958716,100,1259.555546,1.8414055187225802,1.7337920390872736,0
127.10856,100,1259.804444,1.867329155631611,1.7514057294122785,0
128.048785,101,1260.512289,1.8431077010929724,1.676532418808637,0
127.672119,101,1260.672731,1.8758251862111415,1.7630082869808394,0
128.559153,101,1260.827242,1.9003550573266534,1.7622295449014134,0
126.678853,100,1260.974032,1.8473740536706427,1.7486492032246956,0
127.679563,101,1261.153392,1.8684732722054394,1.7555438769824834,0
124.968454,99,1261.777276,1.8842572810471219,1.7828654490849598,0
127.974135,101,1261.963924,1.8813198007422476,1.7257118908684945,0
127.667984,101,1262.143823,1.8628200311454777,1.7038558141876246,0
127.919312,101,1262.316139,1.8774906342010191,1.7577291688933259,0
129.392104,102,1262.532137,1.8443652958305967,1.7139108190986445,0
129.255115,102,1263.277668,1.8924972893429068,1.7474055111045927,0
129.147052,102,1263.458199,1.8621757133593562,1.725349188794779,0
126.562416,100,1263.610907,1.8446176327020973,1.6860743129729947,0
129.335099,102,1263.816555,1.8678866113610448,1.7371879457317205,0
127.712382,101,1264.152174,1.8581840487120278,1.7561559470666712,0
129.023417,102,1264.935681,1.8724058269366481,1.7353852643573318,0
128.101897,101,1265.104146,1.9431354611182947,1.8386078875228173,0
127.544885,101,1265.321486,1.8947159497146622,1.7549454172411025,0
128.049082,101,1265.659833,1.9285527717431226,1.7877539144960102,0
126.919218,100,1266.024318,1.865458762120516,1.79300268726516,0
126.903607,100,1266.814704,1.8890627525714387,1.7724509651911589,0
126.243404,99,1266.988454,1.8422974693332563,1.7356823490054065,0
127.194547,100,1267.183234,1.849429053707392,1.742471205148191,0
127.255098,100,1267.385221,1.940258840638282,1.8292097199759212,0
129.045276,102,1267.592091,1.9061516362700015,1.7856384233485563,0
127.937045,101,1267.796294,1.9015072685169594,1.7519890164548086,0
127.581439,101,1268.395038,1.8353777916473508,1.7193138932228844,0
126.806454,100,1268.60414,1.842925441952322,1.7475232033228274,0
128.002085,101,1268.953262,1.9055085651120591,1.7818714365314186,0
127.706686,101,1269.316501,1.8378657811454184,1.7329956983274295,0
128.551466,101,1269.623842,1.8652431520179662,1.7134832311091963,0
126.991495,100,1270.357749,1.8826538703513276,1.7726163911705914,0
128.693782,101,1270.581489,1.8919266100253496,1.764066883706724,0
127.969432,100,1270.811268,1.8583629789425082,1.7220295287559564,0
128.199991,101,1271.159804,1.8496814657210505,1.7368537414672198,0
126.942299,100,1271.526884,1.8786825801371174,1.7837639368040372,0
128.179993,101,1272.303,1.8582020486960693,1.7339410656378353,0
127.793033,101,1272.532314,1.8698767085061938,1.734565031861485,0
128.548514,101,1272.775511,1.8567226113992046,1.7398063407694235,0
129.028001,102,1273.113759,1.7975544345492445,1.743627000600819,0
128.748044,101,1273.354211,1.9013970324658063,1.7687234225584718,0
126.771293,100,1274.06105,1.8513186047457921,1.7348833347079677,0
126.994391,100,1274.219594,1.8108692005835072,1.7097059573190063,0
128.087717,101,1274.372161,1.7363791025681736,1.628364589942092,0
128.051811,101,1274.522893,1.8714970715066206,1.7814033852051494,0
129.57894,103,1274.681114,1.8286724128970928,1.6701931259415908,0
128.277131,101,1275.292066,1.8474311877395964,1.7381848472724204,0
127.893147,101,1275.459358,1.892418412749716,1.7908555766028653,0
126.202035,99,1275.676671,1.857674383340371,1.7481586532883768,0
126.873305,100,1275.883556,1.8868732444201897,1.8590414346664783,0
128.035874,101,1276.058367,1.8952414334913257,1.7566230848002073,0
128.535333,101,1276.660819,1.9024020972716977,1.7525820159777743,0
127.711921,101,1276.833255,1.8320615320195015,1.7064019869957257,0
127.934473,101,1277.001493,1.9233812700867532,1.8023757350350342,0
126.864844,100,1277.171303,1.8545487049109817,1.7661550957590488,0
127.983508,101,1277.346078,1.8816703530820034,1.793009927991877,0
128.141895,101,1277.980383,1.91627992618548,1.7787605091418994,0
127.795924,101,1278.15075,1.8921895115337564,1.7614589884671186,0
126.955039,100,1278.31582,1.8469886961873676,1.6976567499549566,0
126.926537,100,1278.483509,1.8928453790869053,1.7918251391417737,0
126.654436,99,1278.770378,1.8714920576621388,1.7434359761453209,0
128.281162,101,1279.424811,1.8707581831292361,1.7442176463809234,0
127.01789,100,1279.595754,1.872922509379551,1.7176321249106956,0
127.208406,100,1279.849446,1.8427736987131966,1.7519256119531,0
127.102361,100,1280.150203,1.8674865768900673,1.7804690325349082,0
128.407521,102,1280.377268,1.844977754908304,1.71359304142278,0
128.426537,101,1281.011628,1.8473428355810344,1.7458143284038696,0
126.937193,100,1281.177508,1.9051982422908336,1.7702014607117633,0
128.330373,101,1281.335246,1.8672640022191602,1.7450500174349826,0
127.41631,101,1281.509064,1.8023530691068725,1.6856143553787422,0
129.089181,102,1281.708202,1.855908381396031,1.6995317961543621,0
128.716348,101,1282.423251,1.8477128717062783,1.7018045807347606,0
128.05562,101,1282.652084,1.840511284109542,1.7090422240967613,0
128.722999,101,1282.969771,1.8854419832616116,1.7643498006878513,0
128.221874,101,1283.32325,1.7884458586709584,1.645244040450578,0
127.400141,101,1283.534851,1.8581229821611036,1.7593134057635398,0
128.271295,101,1284.206927,1.8497040005801295,1.7088349758288295,0
128.84205,101,1284.382269,1.8755706186167427,1.7455710521405012,0
126.66937,100,1284.532136,1.8553690994364684,1.7117984612703196,0
126.873514,100,1284.681521,1.8737226781410687,1.7555904747502107,0
127.687677,101,1284.831091,1.8842639828915289,1.761837554363561,0
129.072647,102,1285.526623,1.8735987427814658,1.6940452276913356,0
127.468321,101,1285.70272,1.8186555632194108,1.7326800226862025,0
128.2389,101,1285.852462,1.8565874041680477,1.7281016245158465,0
128.305621,101,1286.00246,1.8936139895929738,1.773430662043816,0
128.310912,101,1286.151855,1.8814823798423161,1.7624356226419138,0
127.506857,100,1286.816613,1.9006042854064666,1.7747865408863537,0
128.008371,101,1286.992679,1.8704604940013971,1.7362271874650272,0
128.880962,102,1287.148455,1.8929900782885762,1.7290364228867359,0
127.775478,100,1287.297878,1.8935249374200054,1.7302598005207903,0
128.187797,101,1287.448689,1.8558700064744809,1.7295689930213252,0
128.250868,101,1287.599194,1.8832811802549616,1.7453531049646807,0
127.721246,101,1288.294052,1.883622060985051,1.7710829307316405,0
128.491977,101,1288.450048,1.8782011736847297,1.7661714493333451,0
127.362104,100,1288.599806,1.8771120026865553,1.7315910361298796,0
127.382972,100,1288.748733,1.8931270973208236,1.7630570085065485,0
129.308074,102,1288.944268,1.8050727146637768,1.6838118122106633,0
127.493266,100,1289.643096,1.8630289624102754,1.6959924740748944,0
129.170573,101,1289.801779,1.8743695740038504,1.7411480538252908,0
126.800946,100,1289.950031,1.7865741845958087,1.6519941803729001,0
125.64962,99,1290.098652,1.8303633272788138,1.742094405303954,0
128.323001,101,1290.249563,1.8687158616150046,1.7019321619649488,0
128.205211,101,1290.9359,1.9341667205860364,1.7806367938178749,0
127.643606,100,1291.094133,1.85562706551691,1.7166801625633774,0
128.433148,101,1291.244912,1.8630054743268487,1.698531836236495,0
127.017265,100,1291.393642,1.8768053017620356,1.7381312105554017,0
129.032064,101,1291.545208,1.846412251673029,1.7495083058843581,0
127.743786,100,1292.227969,1.8706204150899322,1.7485148499953402,0
128.710115,101,1292.39007,1.8915007379133193,1.765520102062001,0
127.704919,100,1292.54214,1.9118153604858705,1.7562987290614938,0
127.414127,100,1292.761601,1.8827887990377263,1.7689907573988188,0
127.788693,101,1292.986295,1.8717957764831021,1.7278431395297833,0
128.276278,101,1293.702173,1.8695480125024346,1.72469511514249,0
128.532807,101,1293.8667,1.8802962886509396,1.7253519840694969,0
128.369721,101,1294.019374,1.8477655167246905,1.733130113025464,0
127.721457,100,1294.175298,1.8545693178772165,1.7016034531188076,0
128.501578,101,1294.382458,1.8282603781056133,1.6904234006960814,0
128.390851,101,1295.01198,1.8575444358987174,1.733622857174117,0
127.569334,100,1295.187119,1.8800429760432786,1.7614784922501625,0
127.771969,100,1295.390745,1.8629567430577139,1.7305537193579597,0
127.020932,100,1295.622933,1.8917476392327006,1.7869555616966724,0
127.887147,101,1295.88344,1.8429660423396306,1.7210592497223174,0
127.004687,100,1296.546267,1.8896852379488756,1.770653395724015,0
126.925815,100,1296.721588,1.8415970727657043,1.6975131635797662,0
127.432328,100,1296.924897,1.8707835911659207,1.767775790001252,0
128.100821,101,1297.160344,1.8558182679726958,1.7303201719400174,0
127.560965,101,1297.42179,1.8495846234495041,1.6896038767527584,0
127.221699,100,1298.109937,1.8890897151667678,1.736348293299449,0
127.300028,100,1298.270565,1.8822964012731547,1.7325875333770482,0
126.905511,100,1298.421113,1.8638603124195168,1.7032494738806412,0
127.922747,101,1298.571442,1.843498780655568,1.7252949668821806,0
127.661158,101,1298.755946,1.8194240713556022,1.7101314820353204,0
127.778822,100,1299.459533,1.8387742120563964,1.7136700457502287,0
129.617459,102,1299.634974,1.8695211146521673,1.73001692982402,0
129.190063,102,1299.806183,1.8678749904778382,1.7389118631829712,0
128.704852,101,1300.003815,1.8767885129377095,1.6921832330833204,0
127.676391,101,1300.244208,1.868093353979733,1.7291813195249788,0
126.741516,100,1301.017819,1.842766692308622,1.7302635817746426,0
127.349598,100,1301.191174,1.8259189652134,1.6879024177339887,0
128.397691,101,1301.341082,1.872413201683159,1.721164571713529,0
126.030337,99,1301.555475,1.8529904841649547,1.7343212944671966,0
126.942654,100,1301.735279,1.8590474814147306,1.697942159892786,0
129.347917,102,1302.364303,1.8996775368997088,1.7443041722455999,0
127.629028,101,1302.528611,1.8973426570652494,1.7600219593246922,0
127.408712,100,1302.693867,1.8835213290261703,1.743783036199716,0
128.303654,101,1302.859516,1.8844329511234976,1.7607731940649507,0
127.836688,101,1303.025313,1.8453694586023868,1.7520867549626058,0
127.845199,101,1303.18959,1.8827247803683362,1.6810352333472374,0
127.567826,101,1303.7837,1.8819989683498533,1.7212587164434063,0
127.632369,100,1303.947039,1.899173062796329,1.7173360518972376,0
128.003883,101,1304.108412,1.8655604586117818,1.7173482648253522,0
127.177397,100,1304.256023,1.8458586862810624,1.690475535122299,0
127.784318,101,1304.408764,1.8610408815649224,1.7212079165503336,0
127.302103,100,1305.102361,1.8890730873553951,1.760425446386482,0
125.787357,99,1305.254532,1.8882012576824414,1.7666447350658212,0
127.500224,100,1305.407259,1.9023696274276642,1.7536560019735066,0
128.146899,101,1305.570179,1.8722730080745622,1.7342753166273277,0
126.242369,99,1305.773122,1.8732347509121017,1.7100265618770478,0
129.672851,102,1306.515478,1.899676434383778,1.728315423589658,0
128.771973,101,1306.697059,1.877703471124396,1.7592008430636774,0
127.009566,100,1306.88927,1.908481193614523,1.7658142601053992,0
127.245601,100,1307.21323,1.9098593975715028,1.7609639884308104,0
127.848851,100,1307.574508,1.8783454487320421,1.7286865701051635,0
128.480835,101,1308.346448,1.8693136404562132,1.6901438651319929,0
127.546427,101,1308.510665,1.8935788287033988,1.7503799084130989,0
127.229786,100,1308.669596,1.8908532899179802,1.753009523295964,0
129.099865,102,1308.97006,1.868113479084171,1.7497012674035173,0
127.91811,101,1309.329974,1.8718038826789714,1.7422094196117401,0
127.74955,101,1310.114455,1.8747003402071816,1.7657837770201297,0
127.90769,101,1310.278507,1.8760566620609922,1.758452936719548,0
126.605394,99,1310.439958,1.8989724675645505,1.7227433010641517,0
127.827928,101,1310.61887,1.9122979640172815,1.7620697239681484,0
129.142269,102,1310.788081,1.8673040285192948,1.7294993727709551,0
126.156506,99,1311.381429,1.8800811383814664,1.7162244834216036,0
127.004846,100,1311.559302,1.8970641056585313,1.7389307203237663,0
129.643507,102,1311.740045,1.8928419084084138,1.722349616861722,0
128.938755,102,1311.936783,1.9061395501947653,1.7865726110070002,0
128.480922,101,1312.133445,1.8626110435091046,1.7271547917485337,0
127.596889,100,1312.740162,1.885794587908514,1.7350372963521572,0
128.295029,101,1312.91725,1.907571597719092,1.7662894340873574,0
127.506118,100,1313.083154,1.8890155753018334,1.7762191526405022,0
127.529277,100,1313.248868,1.9238623907335506,1.7569367582073594,0
128.325543,101,1313.412541,1.9063252679045215,1.7269568043526027,0
128.167239,101,1314.039513,1.8859543816792805,1.7280201482433981,0
129.34654,102,1314.218655,1.8483151447745314,1.7132601385139463,0
128.529935,101,1314.41457,1.8715366138405884,1.7339032913757855,0
128.979624,102,1314.622076,1.8947913318954883,1.7359649624825546,0
126.904425,100,1314.825653,1.8880647306196068,1.7387064278306998,0
127.719568,100,1315.497857,1.88159368387428,1.7480474600478098,0
125.149634,100,1315.672006,1.8717321606019774,1.7108282665119086,0
128.788463,102,1315.850259,1.8793388910516924,1.7325021569807133,0
128.236755,101,1316.041212,1.9376665233268737,1.7965931745386614,0
126.836985,100,1316.24127,1.8837329665906755,1.7484776258274208,0
128.074013,101,1316.906631,1.8993525549444061,1.762885532306801,0
127.01738,100,1317.084836,1.8976090843834326,1.7861820322011672,0
130.015191,103,1317.284765,1.8789296467395593,1.7147289978980806,0
127.712536,101,1317.489357,1.862245743230011,1.7660976522085257,0
128.359395,101,1317.695697,1.845364229856496,1.6846273179386881,0
127.852788,101,1318.335523,1.909248080364095,1.7975385326009206,0
126.707689,100,1318.514494,1.88670486585236,1.7308143469230493,0
127.622339,101,1318.691973,1.8809006074174912,1.7216317010703817,0
127.143004,100,1318.887743,1.87572634742679,1.7497667932728034,0
129.174618,102,1319.106872,1.86751883073082,1.7399554384494607,0
127.696245,101,1319.927783,1.9129622527652934,1.7512613421694603,0
127.655715,100,1320.101451,1.8730721638704273,1.7542509911244417,0
126.959284,100,1320.25181,1.9069284219270597,1.7637714637125548,0
127.074804,100,1320.404015,1.8450930753348378,1.7043544424477934,0
128.264573,101,1320.582181,1.8661739928879977,1.744929416919526,0
127.943908,101,1320.790823,1.8648131824308534,1.7583363075653897,0
128.378961,102,1321.432218,1.8913666784569165,1.7404628520377863,0
128.68745,101,1321.626662,1.8754062832109002,1.746864105379676,0
127.702273,101,1321.789644,1.8799317047362292,1.7188889303352655,0
126.407391,100,1321.93639,1.8840314621525518,1.7627757927051972,0
127.634577,101,1322.113682,1.8637954831970078,1.7260256747948362,0
129.076323,102,1322.74082,1.8872576289081684,1.7625720164934096,0
128.172663,101,1322.914624,1.9009283335912899,1.771862479752626,0
126.727099,100,1323.108464,1.8959644586330326,1.7262153184367202,0
128.018962,101,1323.313079,1.9078315785578466,1.7658532206349586,0
128.186442,101,1323.518798,1.9010001122253262,1.7526996083248234,0
126.619806,100,1324.131945,1.8589284018666963,1.7060724214474114,0
128.53691,101,1324.322895,1.868921632903523,1.7247688632110316,0
126.226768,100,1324.52345,1.8917776325752622,1.7825655194115149,0
126.85839,100,1324.727584,1.883748453955719,1.7787595931176121,0
129.084169,102,1324.932079,1.8398441339190426,1.6965889083366028,0
129.663023,102,1325.666184,1.8668503037663309,1.7164368614291545,0
128.465247,102,1325.920284,1.854699274189097,1.7336951430748628,0
126.894629,101,1326.177182,1.8730625819130622,1.7359755626095532,0
130.433209,103,1326.440592,1.8598811067799235,1.6995005885546794,0
127.549574,101,1326.69581,1.8875882025597777,1.7664721803331433,0
127.648214,101,1327.360209,1.8932628614670524,1.7460299875281744,0
125.864671,99,1327.527842,1.8945712821076177,1.7351722415840292,0
127.565283,101,1327.824643,1.9130036697002235,1.7929350306097076,0
128.692154,102,1328.190972,1.8650946945518179,1.749958466381946,0
128.483532,101,1328.557063,1.8770713139788948,1.7281739049888416,0
127.081733,100,1329.345294,1.8764963539245596,1.718868244611071,0
127.287536,100,1329.528281,1.8545720596715802,1.7120342699930495,0
128.056064,101,1329.791423,1.886638482080301,1.742376097480178,0
128.182836,101,1330.109731,1.8448045335085124,1.676594521576123,0
128.240385,101,1330.475397,1.8671134776898966,1.7201106348802484,0
126.314241,99,1331.301915,1.910476003421942,1.7976639841903146,0
127.382558,100,1331.475492,1.8719444423232567,1.73926508498634,0
127.064121,100,1331.645251,1.8428959080046485,1.7531635503892382,0
127.495691,100,1331.810012,1.902267697535402,1.7912216249791113,0
126.939991,100,1331.974645,1.8473342190008017,1.7287229915610836,0
128.772746,101,1332.670787,1.9062972759264951,1.7765240870539132,0
128.479559,101,1332.870777,1.8842215984885344,1.7076031128714857,0
127.107607,100,1333.051948,1.8820188511903533,1.7208655486743067,0
129.25174,102,1333.235704,1.8695480071483979,1.74453745903072,0
128.500202,101,1333.383933,1.8957378077814284,1.7727373032143912,0
128.224883,101,1334.07508,1.8524323748482139,1.7172353568378866,0
128.843426,102,1334.247431,1.8804794975344654,1.7675108920143519,0
128.465204,101,1334.397227,1.8713365863141571,1.7115732191271662,0
127.303925,100,1334.545777,1.8716387500547491,1.741881061593767,0
126.86249,100,1334.694698,1.8665459105729656,1.737194608940147,0
127.448282,100,1335.293605,1.8853217451393274,1.7362177557085174,0
127.087469,100,1335.464438,1.9358353135022435,1.7925480161581897,0
127.935904,101,1335.665632,1.8815498429109474,1.7485582604297105,0
127.05145,100,1335.870859,1.8672612559466755,1.7109872159605506,0
128.598407,101,1336.115916,1.857131580776832,1.7242022861378827,0
129.142297,101,1336.826898,1.8786289183622293,1.7054791651657268,0
126.3766,99,1337.047159,1.8676273046282357,1.7568219872255773,0
127.738328,100,1337.301495,1.860578777384815,1.6982855488925663,0
127.310478,100,1337.64908,1.8825737102653077,1.7351962133017707,0
128.588189,101,1337.92579,1.85774704267364,1.7008326422870623,0
127.527127,100,1338.649684,1.8870225915086785,1.735903005377363,0
128.443356,101,1338.817903,1.9016761748246578,1.7562507507515672,0
128.629013,101,1339.027277,1.853160207950073,1.7094089410452762,0
128.436829,101,1339.191465,1.9067615481904654,1.7209878672193721,0
127.638718,100,1339.35424,1.8846455647261853,1.742903794201041,0
127.752327,100,1339.517014,1.9144678024614412,1.7863315706228737,0
128.568692,101,1340.114904,1.90519792684119,1.761062402804914,0
127.226824,100,1340.283965,1.889272578896854,1.7337031551909903,0
127.798168,100,1340.476549,1.8949000938131932,1.780996244169928,0
127.158886,100,1340.678445,1.895020658061852,1.7837217707720332,0
127.428092,100,1340.881433,1.8871134299346999,1.7571546571411305,0
128.376868,101,1341.507596,1.9018513991404846,1.7562048119633353,0
127.772805,100,1341.675637,1.894657731339053,1.746703959466224,0
126.560965,99,1341.865969,1.852735371783278,1.7089796486573599,0
127.359116,100,1342.176397,1.8550632440162251,1.6780483469248784,0
127.799494,100,1342.531725,1.8954295798328993,1.7659163136662788,0
128.565301,101,1343.285465,1.8922732282652632,1.730843519018493,0
127.050204,100,1343.446422,1.901203135171859,1.7323901380863873,0
127.31345,100,1343.597319,1.8724429399363534,1.7517694613026866,0
128.185509,100,1343.758463,1.8507237594990305,1.729874705947791,0
127.934003,101,1344.025684,1.8967105279309049,1.749887946861288,0
128.942373,101,1344.726284,1.914024775263319,1.7698318447920394,0
126.366879,99,1344.879662,1.8819936298410036,1.7673049192685764,0
127.673699,100,1345.03351,1.8973240211926425,1.7504425069635023,0
127.612236,100,1345.257372,1.8998695324682784,1.7460594717843838,0
127.435859,100,1345.483443,1.8667257787351945,1.7273291102727646,0
127.758604,100,1346.109758,1.9025558749850349,1.72799659042311,0
129.066807,101,1346.304497,1.8677224627036366,1.7154323900011594,0
126.971985,100,1346.514179,1.8817403421793015,1.735217861621183,0
128.88652,101,1346.733552,1.8958661077622858,1.7484394061081918,0
128.788931,101,1346.952956,1.8953029719669114,1.7481189059153013,0
127.572932,100,1347.590627,1.9359020537005445,1.798150602492628,0
129.725039,102,1347.780135,1.8822168904998193,1.7048996417793019,0
126.824633,99,1347.977995,1.8884357076071243,1.7328686399618822,0
126.901216,100,1348.185619,1.9174382567191977,1.7602800761138284,0
127.730619,100,1348.393511,1.9296796304912733,1.7850167890632487,0
127.356771,100,1349.032299,1.8932089120892674,1.7503342985316916,0
127.595904,100,1349.21392,1.8812418913541076,1.7458058501570834,0
127.906055,100,1349.383342,1.8814976662301022,1.7622613988653644,0
127.815279,100,1349.653562,1.8683950872461141,1.74421611599918,0
128.327527,101,1350.013324,1.9484823955577153,1.799508311785167,0
128.070229,101,1350.800696,1.8760950201288877,1.736997002492726,0
127.163192,100,1350.96483,1.910466991677517,1.7796822907594019,0
126.077026,99,1351.127287,1.8834981807978388,1.7636775046312025,0
127.293249,100,1351.292676,1.8788564870099032,1.739187487067876,0
127.728126,100,1351.483647,1.8901968491759222,1.7605013309530284,0
128.161994,101,1352.254081,1.884871403405312,1.7648014474069762,0
129.014127,101,1352.445884,1.8769303845434189,1.7431042917731754,0
128.000639,100,1352.667007,1.8622691320730083,1.700318786947065,0
127.760145,100,1352.979738,1.8929242089147778,1.7518511655411368,0
128.902061,101,1353.346516,1.8779745518065698,1.748051850604252,0
128.730532,101,1353.68185,1.9298083791741967,1.7801683948647038,0
127.410398,100,1354.298673,1.91643221113581,1.8101370682537352,0
127.725825,100,1354.449836,1.8855170874686022,1.7734521406962624,0
128.917114,101,1354.605449,1.844083863581617,1.7181106547817484,0
128.871777,101,1354.768991,1.8697076957106364,1.72139187142547,0
128.934724,101,1354.970419,1.8899861653606005,1.7259429309229595,0
127.809648,100,1355.596976,1.9012556303592925,1.77677753132263,0
127.287201,100,1355.76721,1.8627162260160675,1.704663100737193,0
127.636824,100,1355.9845,1.8979476529136932,1.7222026215538695,0
129.009872,101,1356.290707,1.8673172826652429,1.7219532631164518,0
127.585348,100,1356.643792,1.8440887253694014,1.733696440383016,0
127.928847,100,1357.354486,1.8705425772413027,1.71750956737618,0
127.68328,100,1357.544619,1.8608525173074135,1.7457807609234053,0
126.393558,99,1357.731566,1.8849458179276022,1.729506746273465,0
128.760256,101,1358.036934,1.8972959915791725,1.763502797580231,0
128.421837,101,1358.398073,1.8653999600157205,1.7143976091766862,0
128.070899,100,1359.087752,1.8510025641117644,1.7379551804045879,0
128.116509,101,1359.276521,1.8680657806227654,1.7343170445071356,0
127.194056,100,1359.477465,1.8987917917026487,1.7690192981010915,0
127.768742,100,1359.753099,1.8784715580140363,1.759098477546824,0
128.137021,100,1360.121417,1.8875871828500326,1.7628869216713925,0
128.689167,101,1360.839829,1.8842640977438545,1.7462691592976745,0
126.451192,99,1361.021415,1.8672243684188683,1.7385427899673096,0
126.178624,99,1361.21475,1.8897551535540638,1.742805475682949,0
129.14087,101,1361.477025,1.9423408999721783,1.7690007406509396,0
127.016742,100,1361.808026,1.8952801857155255,1.7477523503923695,0
127.184219,99,1362.509751,1.9038753386476641,1.7705451448672607,0
128.661454,101,1362.692613,1.9028150250281848,1.74555280141128,0
126.687639,99,1362.886957,1.8814304228121093,1.7526599352730818,0
126.732027,99,1363.087917,1.8673376339163126,1.7449219858336331,0
126.763551,99,1363.28776,1.8764866654003265,1.792443853262159,0
128.777328,101,1363.920198,1.8533814390192371,1.7295709745087915,0
126.578497,99,1364.095754,1.909039684770274,1.8087456814175855,0
128.139518,100,1364.262041,1.890868728336472,1.7617214089734403,0
128.339301,101,1364.428968,1.905240053767016,1.7474044949344294,0
126.978287,100,1364.594515,1.9065239149929065,1.7887771373782608,0
127.673019,100,1365.270558,1.863909706590994,1.706151226830767,0
127.085498,100,1365.45251,1.9015958196616967,1.762826585212603,0
126.348386,99,1365.616866,1.8821254168827368,1.7656332330662499,0
128.000912,100,1365.780732,1.8685080043750006,1.7092565971598452,0
128.284152,101,1365.932227,1.883843548435962,1.7774069024772854,0
128.672923,101,1366.554486,1.8936188474359876,1.7385390100634137,0
127.810147,100,1366.716865,1.9052358273699979,1.8062160211046525,0
128.564288,101,1366.894474,1.8925008650439727,1.7554527317919395,0
128.414678,100,1367.131228,1.8916960952849928,1.7522120060272377,0
127.883432,100,1367.312147,1.87894375832657,1.7530595255423882,0
126.551385,99,1367.520053,1.909481041112806,1.7762863123648092,0
127.864981,100,1368.133707,1.896671346793659,1.7457166084282154,0
127.781503,100,1368.303159,1.8785030200847919,1.7591371583845785,0
128.57261,101,1368.458129,1.923814564133973,1.7353991873938333,0
128.94259,101,1368.716624,1.8668644047752458,1.7095090990546065,0
128.45985,101,1369.007599,1.9020829095923597,1.7738308015489488,0
127.613937,100,1369.659646,1.8945857570305298,1.7591709678929757,0
127.04342,100,1369.847618,1.9084846505926196,1.7657521860055962,0
127.836213,100,1370.007604,1.8913815654241335,1.7035809498959735,0
128.523413,101,1370.169272,1.9186432265002775,1.7710046730238242,0
129.087693,101,1370.389947,1.9139005368407118,1.7105793132463554,0
127.04041,100,1371.009459,1.9027691681461996,1.7871709449729314,0
128.773787,101,1371.203877,1.8699809219856411,1.7194186987483717,0
127.860999,101,1371.36447,1.9254264175858764,1.8067563007994532,0
128.492847,101,1371.63424,1.8860993077569288,1.7052236767004532,0
127.363994,100,1371.995344,1.8599877077831095,1.739082790249493,0
128.566915,101,1372.682431,1.8873391295759518,1.730967039733678,0
126.729417,99,1372.91466,1.9009633509748431,1.7660321595041175,0
128.493923,101,1373.118992,1.902718950839139,1.7594886627159254,0
127.94593,101,1373.450711,1.9196687762095876,1.7585801451792922,0
128.728655,101,1373.718369,1.8629785553740792,1.6950165754233988,0
128.42997,101,1374.379583,1.8761622877927067,1.7399775758956246,0
128.728467,101,1374.564853,1.9208370573634224,1.7759793235679147,0
128.668582,101,1374.769127,1.856064849415219,1.711883276341884,0
127.473882,100,1375.04099,1.8861580400251898,1.7227349889593921,0
128.613971,101,1375.364182,1.9061534650142984,1.7642897063981513,0
128.650855,101,1376.020593,1.8628091222682632,1.7308276177427315,0
127.869388,100,1376.18371,1.8572531867283402,1.7065767667493659,0
127.693558,100,1376.35409,1.8689937171528346,1.7491761848667335,0
128.258015,101,1376.614832,1.9035547905848091,1.7599596601699297,0
127.931887,100,1376.962918,1.8325906019047573,1.6835079091561573,0
128.276499,100,1377.735024,1.8693052495918892,1.7223019661420242,0
127.745378,100,1377.894999,1.8624124943322236,1.6866069451425847,0
127.343427,100,1378.043763,1.907969882256248,1.7205976777655856,0
127.576089,100,1378.200681,1.8181544547465784,1.6641507163318154,0
127.431501,100,1378.36215,1.849181036354861,1.7025463875424767,0
127.994591,100,1378.954089,1.8696882257850331,1.7176738079755476,0
127.704385,100,1379.123143,1.8971509566209563,1.7819274949710098,0
128.102933,101,1379.32028,1.8782839783339593,1.7449643533841674,0
128.925657,101,1379.543499,1.8644256317193726,1.7609040651462884,0
127.100478,100,1379.800259,1.8809803249683912,1.7286636966268216,0
127.58683,100,1380.558879,1.882986380001418,1.755844821321517,0
128.776788,101,1380.76008,1.8928564943661346,1.7793556122750709,0
127.780905,100,1380.947032,1.9497492074613598,1.7870958121126526,0
129.019572,101,1381.24095,1.9020520096136184,1.7386837303690443,0
127.39416,100,1381.596941,1.8648724967117605,1.7202625297103653,0
128.892389,101,1382.399779,1.8600225911997057,1.7377560833456875,0
128.117011,100,1382.563855,1.8702719074261185,1.7603849540250345,0
127.644982,100,1382.730923,1.8965513421435536,1.7569463970392762,0
128.453813,101,1382.940655,1.8814907684409317,1.7623379590640202,0
127.41803,100,1383.273268,1.875672275934397,1.7367266606000327,0
128.039508,100,1383.637181,1.8925212111998444,1.751511027859233,0
128.22684,100,1384.256507,1.8645868673687664,1.7307516218912413,0
127.41032,99,1384.414658,1.9135876892874142,1.7712151208628557,0
127.863082,100,1384.571645,1.8971979791651352,1.7277019922930539,0
126.812068,99,1384.72588,1.8949160391751407,1.752134274451236,0
126.993542,99,1384.929775,1.866039176269828,1.75103367192194,0
127.42651,100,1385.577753,1.8997295576360003,1.7973066134419524,0
127.981222,100,1385.752562,1.8914000574601189,1.8161255593661934,0
127.135906,99,1385.916239,1.9063846561617481,1.7901017310726026,0
129.277793,101,1386.080883,1.9007052581121546,1.764098038722455,0
128.376107,100,1386.242824,1.8873229293038896,1.7645392192865408,0
129.707691,102,1386.933439,1.8942451555846958,1.7357877558355288,0
128.626563,101,1387.137904,1.8579214370730277,1.7451190433420982,0
129.509753,101,1387.312869,1.865782837354174,1.7049738606691422,0
129.089622,101,1387.481872,1.8441051050474513,1.7261888392721758,0
128.098352,100,1387.650183,1.8668477915460977,1.724538699154793,0
127.7367,100,1388.245284,1.8860767796755402,1.7665328624393208,0
128.110635,100,1388.409584,1.9064817303361892,1.7726552196355485,0
128.586738,100,1388.564719,1.8955255782973188,1.7517304982389126,0
127.311744,99,1388.71505,1.8600743398733224,1.7242139144073407,0
128.772641,101,1388.884885,1.8738382196192922,1.743546823416897,0
127.383509,100,1389.51773,1.90054248672076,1.7745798644867627,0
127.99958,100,1389.680363,1.876598533305705,1.7563961227085338,0
127.738686,100,1389.828064,1.8346069301736299,1.7516895522136668,0
127.441392,100,1389.980161,1.8513907806298475,1.7603722601393825,0
126.967902,99,1390.160651,1.8675170913229084,1.725004175861351,0
127.774707,100,1390.811508,1.8452161255121016,1.7537556066705984,0
128.846655,101,1390.987722,1.8623133021734388,1.7750845640394362,0
129.740894,102,1391.182528,1.8677973783122157,1.7567820308248252,0
126.980049,99,1391.370633,1.8707956136375772,1.7706105977225215,0
129.061519,101,1391.673127,1.8473098391299714,1.718112360899877,0
127.320873,100,1392.435071,1.8672406655066638,1.7526343435016671,0
127.65672,100,1392.598943,1.8560260194522533,1.7229610074955082,0
127.696506,100,1392.784301,1.902072788552253,1.7760219179828223,0
127.041715,99,1393.098108,1.8267011516789002,1.745145009708509,0
127.79166,100,1393.443649,1.9068114958406308,1.7631052364059518,0
127.203068,99,1394.313875,1.800719472473056,1.670135707948743,0
126.360481,99,1394.487574,1.860784289852933,1.7452923868348584,0
127.783684,100,1394.682089,1.8474760395396705,1.7626379737780946,0
128.605307,101,1394.883393,1.8418207891315614,1.7678594870615434,0
128.402354,100,1395.15918,1.860431803928611,1.7791519514906045,0
127.104484,99,1395.823149,1.8696210643286175,1.7482300765136878,0
127.435172,100,1396.002549,1.8748255517360237,1.7635762276069875,0
127.183961,99,1396.200059,1.8548243663100075,1.7418102606817178,0
127.33374,99,1396.427467,1.8434425338947857,1.705835590681623,0
127.926341,100,1396.684697,1.84826144146621,1.740683895405333,0
128.084821,100,1397.010738,1.8721826143941125,1.768519403094371,0
129.192817,101,1397.657196,1.84143845927342,1.7335876742934726,0
128.162122,100,1397.838797,1.8657997030276252,1.7595529536236492,0
127.084083,99,1398.01245,1.87425617739835,1.7562544389641535,0
128.088203,100,1398.179483,1.8522148558060694,1.6999852903066472,0
128.369574,100,1398.345663,1.8443018290249673,1.7312707159305298,0
127.869556,100,1398.950965,1.8554259159977395,1.7789315185560666,0
129.303516,101,1399.121135,1.8744561558139103,1.7538949757198257,0
126.494639,99,1399.284842,1.8994575878270026,1.8214195330826357,0
128.56132,101,1399.452206,1.8410414092813288,1.7631240778762183,0
126.856968,99,1399.615451,1.8529737154561354,1.7396787642271285,0
128.246119,100,1400.204674,1.887432634337888,1.765965389783621,0
127.739232,100,1400.366894,1.8327431508461345,1.7605596868948847,0
128.468835,100,1400.522157,1.8369033286437166,1.7515600392133244,0
128.259195,100,1400.682499,1.8690511725944705,1.7563696048372845,0
128.459661,100,1400.847081,1.8823777696500306,1.7740541310476323,0
128.902006,101,1401.457999,1.8687934234732435,1.7764340993851766,0
128.131505,100,1401.624738,1.8784662210649195,1.7748922333448567,0
126.593107,99,1401.787766,1.867985657318384,1.745172388540688,0
129.167167,101,1401.953927,1.8590513975635854,1.784599693584805,0
128.513339,100,1402.119928,1.8583930090275445,1.734120958235027,0
127.655751,100,1402.721832,1.8416805688330322,1.7721423600116781,0
127.813719,100,1402.891678,1.8844876387711114,1.815827916034083,0
127.822435,100,1403.150394,1.8507343488409012,1.7739949317115742,0
126.679414,99,1403.496774,1.8351821223675273,1.7661454783900967,0
128.524829,100,1403.852994,1.8700040435294143,1.7847887313489774,0
126.919995,99,1404.534522,1.8210128213616479,1.7561899799888527,0
128.304396,100,1404.731599,1.8421980386441008,1.7355923831136382,0
126.83926,99,1405.016235,1.8663972505177362,1.7552948928103287,0
128.378152,100,1405.366918,1.843051431163698,1.7879385405465535,0
129.297621,101,1405.587769,1.8778477808753673,1.771685540225532,0
127.19517,99,1406.297887,1.865683607501853,1.76797754590206,0
128.122483,100,1406.469792,1.8825709674405997,1.7523140005595128,0
127.307536,99,1406.659869,1.852938189717455,1.7441691629809282,0
129.123838,101,1406.931099,1.8701063341566682,1.769486551034763,0
128.370071,100,1407.216596,1.8513368610055612,1.7968139912263636,0
129.271677,101,1408.025239,1.8560120271401026,1.7587893604493576,0
127.703832,99,1408.18803,1.8591006440406752,1.7544450624852683,0
126.775859,99,1408.352808,1.848547788213481,1.7927026783009543,0
128.538301,100,1408.517941,1.852603115318179,1.7228730994306583,0
128.469707,100,1408.683372,1.8294951197693752,1.7578775774553328,0
127.051677,99,1408.87078,1.8549388837693395,1.7668847145115973,0
128.183659,100,1409.585104,1.8418467702361476,1.7895507749012223,0
127.645247,100,1409.741252,1.890390988284675,1.7975240213703834,0
128.137355,100,1409.902968,1.8451844489105997,1.7624101542269692,0
126.982549,99,1410.068079,1.8549957662133563,1.7565655266937799,0
127.180622,99,1410.249086,1.8224717369290333,1.7128381242452113,0
128.39629,100,1410.914867,1.835731174054502,1.7275844521662869,0
127.734051,100,1411.077653,1.8579580555018778,1.7803644618106564,0
127.481587,100,1411.236438,1.8555229995474434,1.7595164183953367,0
126.927335,99,1411.487539,1.8331932488200848,1.7622442619560295,0
128.430616,101,1411.771592,1.863116251240236,1.8152601790463767,0
127.642866,100,1412.469391,1.8290502091749137,1.7425968705614454,0
127.731404,100,1412.629889,1.8248760094508327,1.734670129374418,0
128.140691,100,1412.783157,1.8290805802680805,1.7577327623915178,0
127.800825,100,1413.060673,1.8302673602192678,1.728257004218609,0
128.344131,100,1413.413596,1.8319241202172256,1.706130150054612,0
129.023883,101,1414.135205,1.8472798391816454,1.753971463866969,0
127.48661,100,1414.321573,1.8603417863727727,1.7402632116273837,0
127.885822,100,1414.492989,1.8230272744363498,1.7125620723750572,0
128.79908,101,1414.641896,1.8163840035092753,1.7417992226417545,0
127.945615,100,1414.802887,1.8156942654192607,1.7403154401937773,0
127.557831,100,1415.478514,1.8521973085313124,1.768117459696402,0
127.972368,100,1415.647268,1.875833423356402,1.7895973160143017,0
128.835993,101,1415.842503,1.775143770992677,1.6779387558362977,0
128.71929,101,1416.070913,1.835601336250898,1.728583402586897,0
127.335425,99,1416.30853,1.8242427764738698,1.73110586594649,0
127.487531,100,1417.059032,1.821004181518396,1.711733839526631,0
126.664404,99,1417.231259,1.8343314032707496,1.7043953756395094,0
126.788137,99,1417.380195,1.8253064192510842,1.7154376069353576,0
126.328265,99,1417.53815,1.8529683692816579,1.7818455296421771,0
129.141285,101,1417.705453,1.8240974409852542,1.7317034907054778,0
127.458264,99,1418.428617,1.8486542385021552,1.7481784771954894,0
128.477185,101,1418.604463,1.8345040475282028,1.7222068038148113,0
127.126403,100,1418.754898,1.8662670982235838,1.7414701787658076,0
128.536457,101,1418.948145,1.8198136239951788,1.6828690987499815,0
127.374139,99,1419.205017,1.870612646067396,1.7919977897699477,0
126.574591,99,1420.089477,1.8292601536095578,1.7247458651368723,0
127.487731,100,1420.268948,1.8213610203937156,1.7885933339666218,0
126.048699,99,1420.443048,1.8753403674390512,1.7907982560810503,0
128.129384,100,1420.671535,1.8208875213540563,1.6985209353316102,0
127.910336,101,1420.896561,1.8676771983031257,1.7893551472799853,0
127.596056,100,1421.205821,1.8554012168864522,1.7950199606875208,0
126.237254,99,1421.933293,1.8561249082088604,1.7647284004673331,0
127.498207,100,1422.125558,1.853288865480269,1.7278581003720856,0
128.74188,101,1422.395507,1.8447065690901836,1.7296765254277673,0
128.042358,100,1422.700171,1.8469446072199465,1.7421487172705736,0
127.815072,100,1422.926601,1.8305302869867028,1.7499718667014847,0
127.225804,100,1423.535226,1.845367355777345,1.7269777471166148,0
127.421672,100,1423.721188,1.8388910253857824,1.7768919794106244,0
126.693663,99,1423.918845,1.8536415236303365,1.7787313151830755,0
127.182971,100,1424.122892,1.8581810127809764,1.7601736020049685,0
127.44126,100,1424.326277,1.8447720803568686,1.7478059233778664,0
126.411187,99,1424.941883,1.8426684851517825,1.758153209150163,0
127.528004,100,1425.127835,1.8433654410028788,1.7523581994406565,0
127.699379,100,1425.327298,1.8526846190109052,1.7769736346147003,0
127.018735,100,1425.529984,1.8615001808419736,1.7852830616722115,0
126.21732,99,1425.731236,1.8500682070490602,1.7531796832977948,0
127.456988,100,1426.374432,1.8602747415695573,1.7551646590754864,0
127.575904,100,1426.539024,1.8515173398598745,1.7360211885959198,0
128.406576,101,1426.70364,1.857913441800429,1.745358552314281,0
127.681519,100,1426.868006,1.8329815310459983,1.721987710183403,0
127.681016,100,1427.058199,1.8393693980904187,1.7204752153001188,0
127.688173,100,1427.682169,1.812669681862325,1.7078154821389298,0
127.394408,100,1427.869997,1.8692602341113973,1.8060324686797855,0
126.566416,99,1428.071679,1.8209650597830314,1.740444270910713,0
126.707536,99,1428.275228,1.8636017445987136,1.7604844977920606,0
127.602536,100,1428.468637,1.8459967465024276,1.728104255615887,0
128.05262,100,1429.086793,1.8301559014990227,1.7383755988968217,0
127.614658,100,1429.258639,1.8471443767774387,1.762677813798316,0
127.389515,100,1429.455293,1.8452025452578813,1.7416064053757367,0
127.871009,100,1429.683164,1.840640260560245,1.7492960894513105,0
128.704122,101,1429.946497,1.8098979654292358,1.7233253840802165,0
126.113842,99,1430.636273,1.8477243889775954,1.7361392913131664,0
127.891647,100,1430.803727,1.8506170154488315,1.709262328030321,0
127.550158,100,1430.997303,1.8168659275015566,1.7197079841455754,0
126.689415,99,1431.217144,1.855695800837973,1.726335598960405,0
128.088643,100,1431.473218,1.8105116057045787,1.6968028665822057,0
127.604253,100,1431.73767,1.8403441183309674,1.7496648224466549,0
126.662845,99,1432.346106,1.8597927148687694,1.7541979228073468,0
128.000927,100,1432.537402,1.8196866531622626,1.683722168209469,0
128.026552,100,1432.760172,1.8938209475994852,1.8147524423046464,0
128.005265,100,1433.013997,1.8704359259638033,1.7529444551248048,0
126.304469,99,1433.274412,1.8626475282881025,1.7366754926424652,0
127.677603,100,1433.904179,1.8477076129933083,1.7204969551987206,0
127.31256,100,1434.089356,1.8412669807129685,1.7637741469958506,0
127.877144,100,1434.246202,1.8475212522502817,1.754167708533249,0
129.062221,101,1434.43204,1.8764764833874463,1.727987057545048,0
127.693017,100,1434.586096,1.8240043529336043,1.6865988135762389,0
128.598173,101,1435.190624,1.8289214033432788,1.7145828753006098,0
127.122977,100,1435.37921,1.8586062330474962,1.7701429049151751,0
127.648004,100,1435.561778,1.8766616195119246,1.7519184499078047,0
128.669849,101,1435.728635,1.8578108596457947,1.7232130453281813,0
128.936055,101,1435.884109,1.8490031893649068,1.7537371537303539,0
127.653581,100,1436.49344,1.8270274676447753,1.7311225922943525,0
127.487827,100,1436.713085,1.8343327294399205,1.7495060885922042,0
127.325023,100,1436.97136,1.8332001167661784,1.7265448822598357,0
127.697064,100,1437.228859,1.8246035002502017,1.716306758915141,0
127.619964,100,1437.492838,1.8542626304980732,1.7326608152957035,0
126.749372,100,1438.176251,1.8623775811813832,1.756701524568038,0
127.877458,100,1438.348146,1.8096071865436312,1.7321049356651368,0
126.113294,98,1438.528948,1.8355323137516053,1.7094252136665873,0
128.475817,101,1438.743947,1.8628663486015082,1.7366825060717757,0
127.64349,100,1438.992455,1.8520523184067275,1.7631346299587871,0
129.781942,102,1439.699538,1.831659671402481,1.7071239567354042,0
127.653338,100,1439.925558,1.8378406102734421,1.7140976677338116,0
127.8623,101,1440.143919,1.8214956770148132,1.7287591416581556,0
126.429901,99,1440.388621,1.8461499746306351,1.7194786357859813,0
128.62894,101,1440.655601,1.8107407670097064,1.7346471451685117,0
128.607191,101,1441.343298,1.846280402388282,1.7310454819882952,0
128.675612,101,1441.513644,1.849389876158599,1.7308390385498837,0
127.803712,100,1441.733432,1.8512245707562476,1.740108634754154,0
126.600931,99,1442.040848,1.8566769694125846,1.7321627285485486,0
127.983676,100,1442.404382,1.8738413342145477,1.7793943892720931,0
127.145223,99,1443.185527,1.825568856740973,1.7092454206072214,0
126.184602,99,1443.357129,1.8633403973304794,1.7861448460632774,0
126.660446,99,1443.504269,1.85227802739845,1.7289533607505283,0
127.081766,99,1443.651987,1.7967220440864689,1.701641638628957,0
128.523848,101,1443.802108,1.8246644653465274,1.7090449125807534,0
126.576118,99,1444.418875,1.8395195492433716,1.7419144875760102,0
127.934959,100,1444.603631,1.7915298491852374,1.6789871312073348,0
127.653075,100,1444.853232,1.8182471549067996,1.7189343797713565,0
128.74876,101,1445.203687,1.8207320098181006,1.7374214790994045,0
126.742134,99,1445.564843,1.7972820259496942,1.6764561833185894,0
127.048598,100,1445.930112,1.8574336182139328,1.7877613800109333,0
128.970063,101,1446.613449,1.7840571584930416,1.700605385083943,0
127.908371,100,1446.784714,1.8290903131972327,1.7153954401587588,0
126.859358,99,1447.007236,1.800459548254206,1.7078883517383852,0
127.207639,100,1447.239753,1.8155459456923295,1.736447765630009,0
126.769834,99,1447.419581,1.8134815471839913,1.6860776491874787,0
127.475054,100,1448.02112,1.8191766306634016,1.675002493588488,0
127.817344,100,1448.192244,1.8323070375227486,1.730230075278504,0
128.744271,101,1448.413883,1.819381868835791,1.6830485469715737,0
128.743982,101,1448.757302,1.8492456930813632,1.739019061082771,0
126.985932,100,1449.121158,1.8146693570804653,1.6817007045457617,0
126.711146,99,1449.873932,1.868167702925926,1.7721561280023985,0
127.077432,99,1450.075386,1.8479256480357977,1.7398065443001867,0
128.035524,100,1450.248735,1.7933594501135575,1.686547871341899,0
127.575308,100,1450.417582,1.8541393300751394,1.742379945843286,0
126.959649,99,1450.585496,1.8348487814699674,1.7192775785816716,0
128.243796,101,1451.184251,1.8711096857209266,1.7873395502414235,0
127.259922,100,1451.366544,1.8507755764444438,1.7622236937070088,0
128.296968,100,1451.576466,1.7721424591004913,1.6735598303632904,0
128.067753,100,1451.818939,1.8496878591064796,1.731715230533978,0
127.702482,100,1452.082663,1.8327619972969285,1.6954072830158522,0
127.162666,100,1452.747808,1.862790272606321,1.7859162378712552,0
127.696712,100,1452.939904,1.8391891970439402,1.7041755607662485,0
126.613861,99,1453.134899,1.8387442936020668,1.7289306767757264,0
128.627184,101,1453.364806,1.804207685346359,1.6823485921154389,0
128.940094,101,1453.626388,1.8540548244516981,1.750535428792749,0
127.268703,100,1454.290432,1.8252130488805314,1.7162585473969243,0
128.036228,100,1454.462548,1.794638349488208,1.7175680741296835,0
128.891517,101,1454.66299,1.8440105221388698,1.7363435121484143,0
126.377812,99,1454.905294,1.81738768449826,1.711450175166423,0
127.762955,100,1455.246256,1.8323393011922322,1.7322547031336317,0
127.589969,100,1456.037795,1.8174679808164926,1.7248156292068477,0
128.10621,101,1456.208012,1.8481546602634096,1.7406433491322681,0
129.488256,102,1456.401457,1.8276815280177812,1.763875246550365,0
126.615762,99,1456.607471,1.8409246497287144,1.7662484150374504,0
126.38952,99,1456.840406,1.818763264724636,1.7382946206996752,0
127.210927,100,1457.532457,1.8297223976081387,1.745101196309363,0
127.335808,100,1457.70066,1.8245743706219433,1.7443625179928093,0
126.496751,99,1457.893116,1.8286538292111931,1.7250100275214892,0
127.895668,100,1458.118813,1.8415481487785437,1.7049027659218168,0
126.935343,100,1458.338151,1.832489256344899,1.728901122747561,0
127.249581,100,1458.550219,1.8309391396755397,1.7099700459045846,0
128.329595,101,1459.159985,1.8128715544700267,1.705407334224784,0
126.802636,99,1459.348684,1.8088543908758608,1.7356597763985082,0
126.789385,99,1459.547083,1.8766910666882644,1.7390151626803618,0
128.479331,101,1459.7523,1.8282159228731385,1.7058502133711109,0
127.800236,100,1459.956454,1.8131167250755758,1.685777393277891,0
127.513694,100,1460.562357,1.7895431828712047,1.6703175031340904,0
128.24455,101,1460.726234,1.838955427575423,1.7480184265627052,0
128.943746,101,1460.885249,1.7958041002705385,1.6606862611364321,0
128.71167,101,1461.057795,1.8197780550281033,1.701997382252812,0
127.626489,100,1461.259678,1.852995685318535,1.7466221041052599,0
128.543766,101,1461.878464,1.8414750562144977,1.6976303852071704,0
128.263944,101,1462.067072,1.8333291890359138,1.7064848237151415,0
128.402444,101,1462.285373,1.8407640297739776,1.7394081616949215,0
129.049347,101,1462.536029,1.8220952065708769,1.707517694621164,0
128.040323,100,1462.801293,1.8337589974810313,1.7189402559436335,0
128.245582,101,1463.461656,1.7864919222816724,1.6684165242042546,0
128.351318,101,1463.644029,1.8131915217023968,1.7173512671132107,0
127.854897,100,1463.852381,1.8314461986995398,1.6995483298786747,0
128.143515,101,1464.094184,1.854287869609331,1.7523559067346963,0
126.978168,100,1464.355014,1.8471339392019188,1.7410438086075368,0
126.966655,100,1465.002914,1.8132700897953462,1.703164283022739,0
127.275218,100,1465.172801,1.8326073080140586,1.6984505475538434,0
127.298408,100,1465.358657,1.8065615368352643,1.7085312612481705,0
127.354033,100,1465.675949,1.7985334058077858,1.685262977352476,0
127.509432,100,1466.046623,1.8099273066923822,1.679864062349133,0
127.966499,101,1466.773731,1.84756135781188,1.7130537902778191,0
126.372815,99,1466.939133,1.7888390636456117,1.692939501288533,0
128.743394,101,1467.152586,1.8398215406455183,1.7121192259966884,0
126.977476,99,1467.478113,1.8226270402612943,1.7061623008018594,0
128.157288,101,1467.822118,1.761737653640705,1.6784912915076122,0
128.812271,101,1468.549087,1.793165515852204,1.6840667103595814,0
126.138077,99,1468.718709,1.822003269047745,1.6954864357446011,0
127.317406,100,1468.905351,1.8081395113938064,1.7221310424627203,0
128.07722,100,1469.151736,1.7955826626415747,1.7175948161822225,0
129.068493,101,1469.500571,1.8522555541891152,1.7219423278936203,0
128.002206,101,1470.318856,1.7841514819825848,1.6735729434739957,0
126.816112,100,1470.740309,1.8658686708199745,1.7700702642549313,0
127.943858,100,1471.002769,1.784051268884936,1.709158764524631,0
128.487934,101,1471.339398,1.866722910883185,1.7505022355409257,0
127.125842,100,1471.704027,1.829557401311919,1.7236491310620787,0
128.800965,101,1472.491558,1.8274866609189615,1.698314643718705,0
128.277367,101,1472.694904,1.8696941183338907,1.775746445367323,0
127.964237,100,1472.87055,1.8668196554274468,1.7888184677572716,0
126.577781,99,1473.017862,1.8381034625643888,1.7497111809144188,0
127.661945,100,1473.227787,1.8268642832684845,1.7160634865900175,0
127.682364,100,1473.877445,1.8276121449345444,1.7485481169609522,0
126.784414,99,1474.048605,1.8560667743931905,1.7817518566047923,0
128.630737,101,1474.242823,1.821770067594856,1.7005151421743607,0
128.687038,101,1474.443366,1.835200025917297,1.6885580434893819,0
126.812447,99,1474.642646,1.8200753867112545,1.699621362292012,0
128.098287,100,1474.848358,1.8609450713335938,1.722444452187282,0
129.028072,101,1475.456724,1.84484886397265,1.7241739531856075,0
129.277063,101,1475.610718,1.815782225150739,1.667515762506884,0
127.395443,100,1475.769362,1.8629160912998781,1.715590926544872,0
127.358341,100,1475.931577,1.8658167291767132,1.7441291708394115,0
129.106275,101,1476.162308,1.8176664768614024,1.6743441939834913,0
127.765687,100,1476.841307,1.8433944901588402,1.729124522950067,0
128.913294,101,1477.007267,1.8356142867417748,1.7106990620179419,0
127.337021,100,1477.170985,1.8596211862875796,1.719817323589541,0
126.691532,99,1477.332456,1.8542062095220564,1.7473357667025409,0
127.979748,100,1477.504981,1.8342363526330219,1.7254191168012434,0
127.937562,100,1478.131102,1.843057563460774,1.7416937441406708,0
130.26373,102,1478.311883,1.8786675063757947,1.7536234756099642,0
126.933965,100,1478.517876,1.862995230106747,1.7757023253928081,0
128.280465,101,1478.754343,1.83638254098558,1.7237851783799314,0
127.946818,100,1479.012933,1.8103483020500555,1.6679083978110707,0
126.888625,99,1479.656496,1.8591635105520692,1.7683659791160435,0
126.956216,99,1479.834692,1.799812838086205,1.7140158628378312,0
127.635281,100,1480.055624,1.8247055556128433,1.6997923772806214,0
128.607651,101,1480.280817,1.844255301467558,1.7471231526699433,0
127.11909,99,1480.445763,1.823515404792919,1.694012252687832,0
128.373817,100,1481.071007,1.815276055161796,1.702370242151893,0
127.562235,100,1481.245515,1.8173697132095108,1.7296131043398728,0
127.287386,100,1481.446419,1.8316824615369542,1.700828924729132,0
127.610352,100,1481.679128,1.8599702967271785,1.8001555007014032,0
128.37322,100,1481.937853,1.7895269541391003,1.7004666928634251,0
128.785259,101,1482.623246,1.8131413230609277,1.7062051627408172,0
128.234624,101,1482.797448,1.8309644971533132,1.6890770446299488,0
127.788201,100,1483.002283,1.8363489192308815,1.762884166410487,0
128.599116,101,1483.243878,1.8133035347115758,1.720015911865259,0
127.085865,100,1483.503313,1.8732527592348416,1.7762861688198472,0
126.984041,99,1484.196216,1.804219321248906,1.6738749028809952,0
129.287233,101,1484.365211,1.7985058971807364,1.6981234091377049,0
127.01377,99,1484.557399,1.7702450601010207,1.7329675059980032,0
126.644653,99,1484.775522,1.8124603547639582,1.7014907797838907,0
127.669507,100,1484.992171,1.8283820048736845,1.698738144558881,0
127.324271,100,1485.669846,1.8304426246282397,1.729914402487045,0
127.996659,100,1485.840497,1.8650342229698116,1.7066672461008083,0
129.035316,101,1486.043583,1.7987487017536237,1.6917452782254891,0
128.560806,101,1486.276838,1.786903270352089,1.6978386099536367,0
128.566179,100,1486.536511,1.844642610410739,1.7614822132178367,0
127.417843,100,1487.242702,1.8478899285351578,1.7600487005490613,0
128.163763,100,1487.414012,1.8446116096867016,1.7302521201914838,0
127.938297,100,1487.5643,1.803932288967391,1.7239459156660797,0
128.556025,101,1487.713013,1.8710805223361449,1.7390202009533646,0
127.237886,100,1487.868457,1.819772601468723,1.7525778697934864,0
127.765256,100,1488.02597,1.7946344974796187,1.697945204318565,0
126.334062,99,1488.640065,1.8112483796543963,1.7154659380870112,0
126.499053,99,1488.830513,1.7950004777630528,1.672432963793975,0
126.605055,99,1489.103122,1.8160144429922638,1.6783192486294418,0
128.502691,101,1489.459068,1.822153029176071,1.7235811958356704,0
126.126366,99,1489.817402,1.782541933317165,1.6920437987299823,0
128.904419,101,1490.508704,1.816579616593959,1.7130884420845778,0
127.494426,100,1490.692026,1.784583016538521,1.7308288425122804,0
127.011745,99,1490.865111,1.82072617546351,1.7314774330061349,0
127.346064,99,1491.035377,1.799085851548631,1.6630877438748302,0
126.736007,99,1491.230528,1.7596328437516529,1.6770267222905368,0
127.060647,100,1492.142827,1.8338889331790127,1.7338020613485283,0
125.751027,98,1492.326716,1.7788854403883245,1.7422815742311049,0
127.853836,100,1492.525536,1.814603644616651,1.7145389417246728,0
127.413138,100,1492.723103,1.8039620039558943,1.7294797323705398,0
127.117641,100,1492.955614,1.797265598939644,1.675233396058883,0
127.546099,100,1493.901401,1.8397346937713555,1.6920700006437894,0
128.127213,100,1494.098379,1.8014571576412304,1.6871762881615577,0
127.79546,100,1494.300704,1.795489764495998,1.678956771950467,0
127.446645,100,1494.508774,1.8158686798141461,1.7305192204397915,0
127.33012,100,1494.717508,1.828625723291372,1.7188456263084382,0
126.764442,99,1495.409095,1.8158376334202415,1.7113828609777175,0
126.565943,99,1495.616913,1.8211727804243074,1.7444124389069116,0
126.824134,99,1495.817006,1.8395182476973657,1.728945779897064,0
127.872178,100,1496.010473,1.8107173446235205,1.7396525531855556,0
127.605107,100,1496.246704,1.8694125507990342,1.7150426030172459,0
126.604382,99,1497.23826,1.8801055723767175,1.7585832958748604,0
126.691489,99,1497.432424,1.8760221573249138,1.771326938009067,0
128.447103,100,1497.643777,1.8268851029053654,1.6747467141729964,0
127.337102,100,1497.907427,1.859077799912408,1.7501565661037612,0
127.81559,100,1498.263597,1.8047799050306552,1.7359197284706644,0
126.781992,99,1499.250623,1.8186062008478918,1.7224555074414938,0
126.796298,99,1499.448937,1.868630717608921,1.7760699501307362,0
126.5204,99,1499.630994,1.8459899955891463,1.7903369498832225,0
127.780676,100,1499.812512,1.8139891283632705,1.7161653973429851,0
127.823426,100,1500.115042,1.8121014151624826,1.6933243539229792,0
127.668642,100,1500.477111,1.8387254421096493,1.7596058326199573,0
125.834575,98,1501.366605,1.8772697329027137,1.762281806093424,0
128.460458,100,1501.575451,1.8224264624824087,1.7240892420483747,0
128.025102,100,1501.910527,1.8255437530243175,1.738383503227328,0
127.753923,100,1502.266481,1.7978113936472744,1.6732904590846234,0
126.30778,99,1502.532315,1.823023252744845,1.7583443386043376,0
129.298317,101,1503.328193,1.8257753311360223,1.7316978305082817,0
128.379867,100,1503.534763,1.82543248723044,1.773472249896914,0
128.354624,101,1503.870299,1.870521373775932,1.7783481897473714,0
128.247784,100,1504.232726,1.8237826534789718,1.7271522305678209,0
127.968688,100,1504.595229,1.8161156554574436,1.7134330310036017,0
127.714227,100,1505.418006,1.8021805964780615,1.7073465625499096,0
127.059402,100,1505.607363,1.811733665733644,1.7070921390134994,0
126.402543,99,1505.787748,1.8065163903648698,1.7266353707649553,0
127.997174,100,1505.963609,1.8468819609996001,1.7497827074545975,0
126.865033,99,1506.136678,1.8366242924400948,1.7885510663362052,0
127.904802,100,1506.869137,1.8092561958102178,1.742488422265065,0
123.738062,97,1507.035899,1.8331065673159503,1.703661115642207,0
127.852387,100,1507.212741,1.8200799053888141,1.7496877537237203,0
126.741321,99,1507.406212,1.8286416929824623,1.7430618769606514,0
127.84269,100,1507.608848,1.8343985842144428,1.7411983747116737,0
127.950756,100,1508.334449,1.7962086631928167,1.7348669541922357,0
127.874422,100,1508.52627,1.8224643327841914,1.723144215127549,0
128.285539,100,1508.692071,1.8216921403921187,1.6865596955936135,0
128.652329,101,1508.879522,1.8307542162808474,1.7140912582691026,0
126.948343,99,1509.092035,1.83457715077167,1.7525541901353676,0
127.335232,99,1509.771008,1.846242503648762,1.7454510449758556,0
126.575485,99,1509.941159,1.8206859680291863,1.7481754212382379,0
129.287259,101,1510.141969,1.8652625854099976,1.733803202370745,0
126.71793,99,1510.371166,1.832414115524232,1.8033026953125602,0
127.406241,99,1510.626537,1.8330161288806843,1.7331509344085385,0
126.493506,99,1511.395925,1.8074907090099024,1.6825608592284453,0
127.929429,100,1511.582066,1.8711210283782358,1.7778249710102223,0
128.199358,100,1511.760759,1.8234391556764573,1.7685798481135784,0
128.374288,100,1511.940774,1.8060134371030503,1.6867983226103993,0
128.095758,100,1512.259024,1.8058322901039339,1.731689156370469,0
127.984967,100,1512.62424,1.8323658739228061,1.764450785190757,0
128.833118,101,1513.251279,1.8171842211875187,1.7302869670605066,0
127.917952,100,1513.443914,1.8307459647181314,1.7023812725244318,0
127.716781,100,1513.657988,1.8348148980350254,1.7252217406907644,0
127.692531,100,1513.902256,1.817514739829706,1.6940618908582954,0
125.937511,98,1514.165865,1.8401041600458587,1.7546296734602096,0
127.469956,99,1514.801495,1.8296766886846976,1.7308243767043925,0
128.004631,100,1514.968186,1.8411942499114518,1.7602585647454194,0
129.039712,101,1515.156714,1.8106777268831413,1.6948641012272192,0
128.424625,100,1515.447612,1.8359203089999205,1.7482278248029115,0
128.485746,100,1515.75158,1.8250826230476365,1.6993661658230537,0
128.692167,101,1516.412748,1.8308030065650533,1.7069879986653285,0
126.624523,99,1516.580381,1.8276304253573923,1.7481402658986964,0
128.625076,101,1516.764238,1.8628811546801174,1.7077673229835697,0
127.845331,100,1516.982461,1.8439698365628838,1.7486037427441277,0
128.137883,100,1517.229659,1.8549208750608623,1.732939046130923,0
128.282282,100,1517.875227,1.8312869454393446,1.7134544426305585,0
128.224709,101,1518.064624,1.8255006442853028,1.7291256450478107,0
126.82113,99,1518.273246,1.8421903725320645,1.7332689421056664,0
127.214646,99,1518.514738,1.8500684139381298,1.7473911657544818,0
127.98762,100,1518.77876,1.8415227319458292,1.7352844026853165,0
126.090238,98,1519.432618,1.82618062006021,1.754035003990114,0
127.872999,100,1519.608941,1.8484071265130966,1.7249412260495784,0
129.347299,101,1519.814816,1.8278791744912746,1.7252690852817656,0
128.527848,101,1520.004821,1.8361629309902274,1.7207630851866724,0
129.228673,101,1520.211008,1.8330826538097302,1.7626923316828522,0
128.155546,100,1520.854554,1.8204215424466224,1.6939117760942297,0
126.476089,99,1521.036198,1.8030027253833605,1.69886216869073,0
127.307971,99,1521.211375,1.8513807318451734,1.738732458951683,0
127.395015,99,1521.387438,1.7978721587636946,1.7080330653620515,0
127.506946,99,1521.552614,1.8212083615701147,1.70465555527684,0
128.339578,100,1522.23805,1.849429479019181,1.721245211255408,0
128.299576,100,1522.410625,1.836751366971824,1.772027622105063,0
127.328378,99,1522.560595,1.814952922192499,1.7045131190876432,0
128.856188,101,1522.820596,1.843161837865514,1.7057675024661587,0
128.393632,100,1523.091001,1.8418566737333533,1.7503687183771768,0
128.156562,100,1523.948178,1.7968339392701436,1.6873162320276454,0
127.510907,100,1524.122217,1.8422878120106356,1.7134488076975884,0
128.621043,101,1524.280499,1.8357501531074463,1.7053318746518238,0
128.484164,100,1524.489353,1.8555471484178223,1.729596450344206,0
128.041823,100,1524.766682,1.8318737853154874,1.7277744674958788,0
127.192299,99,1525.11558,1.852278134398927,1.7511677407711101,0
128.013698,100,1525.826058,1.8530489304665594,1.7736212716872648,0
128.768702,100,1525.977918,1.8586967236932126,1.7165671347845624,0
129.751558,101,1526.133101,1.851215650325672,1.6632084937450389,0
126.865743,99,1526.290761,1.874166240791796,1.7593112977514564,0
126.716337,99,1526.449737,1.8318902886737332,1.769858674937026,0
127.091899,99,1527.049646,1.854915135922231,1.694365694908669,0
127.400399,99,1527.204641,1.8633494405560183,1.7861511649341228,0
128.091891,100,1527.352187,1.7914213735708444,1.7001713350073036,0
128.078478,100,1527.537789,1.810769636600484,1.7100489256753562,0
128.006784,100,1527.811018,1.8079806337623843,1.7043746069284234,0
127.861168,100,1528.565205,1.8368336819819076,1.711178561707107,0
127.652655,100,1528.725346,1.845708891390889,1.7169017588577629,0
127.06492,99,1528.872201,1.8470249802071779,1.686327909035835,0
126.730199,99,1529.019004,1.8493954074481025,1.7734786711064885,0
128.541974,100,1529.169296,1.849788782411908,1.779813076154177,0
129.01666,100,1529.860356,1.8582584924331507,1.7598525542546128,0
127.18374,99,1530.021173,1.855514487517047,1.7799152774114537,0
128.04425,100,1530.169589,1.8492385869225432,1.7106626639990237,0
126.073443,98,1530.371271,1.8362174245936191,1.7178714429062965,0
128.21899,100,1530.591643,1.8404052656741674,1.7848471513883322,0
127.401516,100,1531.312464,1.7849154829314817,1.741747798093502,0
126.898548,99,1531.478608,1.8179213955677547,1.6855567828694444,0
128.391171,100,1531.627585,1.859191191814714,1.7310342296114951,0
128.35648,100,1531.776798,1.8391098424960977,1.7560613307669923,0
127.462071,99,1531.934853,1.820430017342823,1.7180332865671997,0
126.946101,99,1532.630153,1.8337183870843878,1.7327468339071694,0
129.114036,101,1532.808404,1.8060204965568885,1.7771905989396322,0
127.990334,100,1533.003614,1.8790011346187097,1.788141607732219,0
126.750184,99,1533.224822,1.8001308957864781,1.73125522206328,0
127.278968,99,1533.445295,1.83351964081485,1.7627652240805616,0
127.518739,99,1534.185427,1.8110471117282227,1.6987020776278918,0
125.970909,98,1534.358533,1.7847533102445168,1.7370116566968288,0
127.48984,99,1534.519143,1.7757649692801383,1.768342886259335,0
127.207129,99,1534.665054,1.749202119279661,1.6971550844715957,0
127.594512,99,1534.835488,1.8606792144546245,1.7817577382168395,0
128.105981,100,1535.136628,1.8506678296422707,1.7537962561763603,0
129.856444,101,1535.763843,1.8509646930509382,1.7242829328652658,0
126.94039,99,1535.917546,1.7522956231684685,1.7026988170524313,0
128.538534,100,1536.07539,1.9006842313036896,1.8145947908222968,0
127.829376,100,1536.235404,1.8143073025269147,1.8119483555878844,0
127.836797,100,1536.395333,1.8758582017585474,1.8574254266880423,0
127.215043,99,1537.091448,1.7830136999732413,1.7759835454973447,0
127.862687,99,1537.245763,1.7867705313922424,1.745947072371785,0
126.644802,99,1537.392643,1.8449623441890155,1.7995815597121205,0
127.084738,99,1537.592924,1.859158941698432,1.7332214215681734,0
127.671109,99,1537.892904,1.8370598727813683,1.7720399923499857,0
128.217481,100,1538.653684,1.8757060434295367,1.7923562442770964,0
127.519325,99,1538.811946,1.7929668482275023,1.787073373370207,0
127.315386,99,1539.030878,1.827395943949861,1.7802861511432992,0
127.22148,99,1539.372384,1.858243153892875,1.801150780067034,0
127.095213,99,1539.678393,1.837276856368843,1.784029453372964,0
129.116445,101,1540.30664,1.785205062254146,1.7252762220184044,0
127.638846,99,1540.47708,1.823375515897861,1.7558842769541143,0
128.177862,100,1540.629155,1.8191192624132984,1.7324365637257566,0
126.819818,99,1540.782336,1.814920171044654,1.8143045924343837,0
127.69013,100,1541.016638,1.8773933809772805,1.77716296571017,0
129.22731,101,1541.830988,1.853508347101684,1.7692185675152865,0
127.940981,100,1542.028678,1.79780667108167,1.7517902822173093,0
125.81831,98,1542.186736,1.8677375836118633,1.7913560349258335,0
127.344238,99,1542.33506,1.8252130816587908,1.7363895302076593,0
126.887893,99,1542.4806,1.8491584498229767,1.7682941096037528,0
127.644213,100,1543.158468,1.720648060479081,1.7282222100408327,0
128.805452,100,1543.330385,1.8735413842061248,1.8328636669876686,0
126.129265,98,1543.474651,1.7706216941144435,1.7489831023201334,0
127.656419,99,1543.621002,1.8567319728191756,1.8134089234752706,0
127.616111,100,1543.770709,1.7605427676676837,1.716921304716486,0
128.57755,100,1544.446665,1.7400385588467429,1.70478668040437,0
128.980892,100,1544.620388,1.9002459497257254,1.7737291872626664,0
126.708974,99,1544.782142,1.8009388972713993,1.735955802998195,0
126.960486,99,1544.938067,1.8530260634936857,1.7866258127399202,0
127.663707,99,1545.086751,1.8515235203121514,1.755423184777356,0
128.343181,100,1545.257706,1.894221507854377,1.7932196254843047,0
127.2087,99,1545.966497,1.8215880211447224,1.7251098574572021,0
128.166874,100,1546.134822,1.8410325888850474,1.8073294202944448,0
127.56012,99,1546.295925,1.8671172511113696,1.7653224041807687,0
128.330733,100,1546.44422,1.8468754748401466,1.8122995161174316,0
127.78041,99,1546.591615,1.865116479366746,1.7899814691295544,0
128.403335,100,1547.28879,1.826009566353424,1.7393701835137607,0
127.206574,99,1547.456389,1.8343134112118706,1.74888964850595,0
128.26939,100,1547.607805,1.8813090979094476,1.738607515224834,0
127.344586,99,1547.754035,1.93497266752385,1.798255022847299,0
128.319183,100,1547.901099,1.8542381478133143,1.7543802720197417,0
126.681102,99,1548.518194,1.8264460419336308,1.7841944026850638,0
126.983259,99,1548.751831,1.8704676961989573,1.7777083178720947,0
127.539673,99,1549.001452,1.7647512348076517,1.7252769032426827,0
128.241291,100,1549.334356,1.8001588653596654,1.7709825843336646,0
128.595063,100,1549.699945,1.8514322314833018,1.8293867555564411,0
126.922727,99,1550.460438,1.8784377155478855,1.7702458869563924,0
127.614286,99,1550.633592,1.9228346657321898,1.8439403595048556,0
125.758122,98,1550.831625,1.8849304827810445,1.812016669215288,0
128.009219,100,1551.065481,1.8419440759366588,1.7679144298318776,0
126.728858,99,1551.322306,1.8745899808041158,1.8228501298135127,0
129.365579,101,1552.015099,1.893712349912633,1.7943508601450804,0
128.652777,100,1552.19318,1.813171730853366,1.7050086125163322,0
126.95307,99,1552.395527,1.824554149146288,1.7698060335234493,0
128.283954,100,1552.629523,1.9393555808948884,1.7769360424357277,0
129.54836,101,1552.925683,1.853933018385725,1.7256805558532025,0
128.457888,101,1553.704923,1.8966726655050294,1.7930789786374743,0
128.504691,100,1553.875115,1.897939797972719,1.800753435594454,0
128.574419,100,1554.071371,1.8805196130080106,1.789047280291083,0
128.26521,100,1554.299488,1.8624456774656128,1.7979567207369203,0
127.122232,99,1554.554683,1.8484708512061812,1.777667946987389,0
128.734561,100,1555.253178,1.912919021624636,1.7421310686634623,0
127.969967,100,1555.421813,1.881446552400303,1.7276665880651951,0
127.5743,100,1555.613613,1.8588833491472154,1.7594426481905971,0
129.043407,101,1555.832926,1.8597052589227074,1.7353358815612205,0
127.194753,99,1556.077585,1.8788245368464698,1.7847625332117913,0
128.639266,100,1556.341445,1.8597543396451963,1.8102614157695442,0
127.264821,99,1556.959238,1.9113632875712276,1.7764711546481764,0
127.745415,100,1557.151061,1.9156567528737913,1.7752661282066167,0
128.306817,100,1557.401765,1.869669238749854,1.744416183836306,0
127.685589,100,1557.707263,1.8955476227814736,1.7605559496958274,0
127.167405,99,1558.060735,1.8755497030030388,1.79983725094688,0
128.291137,100,1558.708236,1.921611580883116,1.7810379611718656,0
126.579275,99,1558.88449,1.8719368567312853,1.8260860087061788,0
128.711178,101,1559.148411,1.8867097819089624,1.8374031662069221,0
127.94711,100,1559.440629,1.9211679309049432,1.7988009125312905,0
128.259331,100,1559.738461,1.8768564207362004,1.774659906976137,0
128.049998,100,1560.405039,1.9270008393980707,1.8356761611444097,0
127.94219,100,1560.663239,1.862283470424749,1.7425571222083385,0
127.409767,99,1560.84597,1.8539854428196307,1.7584530073380227,0
128.333752,100,1561.011974,1.9274083551658776,1.774345318587772,0
128.715098,100,1561.187099,1.8966052382319114,1.7513656961945296,0
128.174157,100,1561.839443,1.916147502128815,1.814540134914328,0
128.071748,100,1562.025527,1.9046728074144237,1.7527763249180068,0
126.8397,99,1562.206443,1.9442434656069656,1.8125145335731774,0
127.838014,100,1562.388937,1.9139121384622797,1.809807473933781,0
130.200824,102,1562.571608,1.8809856344463893,1.7346828314179876,0
127.775292,100,1563.197388,1.8601929817113476,1.7095136341661032,0
127.37908,100,1563.35541,1.915388690058251,1.7484385772949824,0
128.305215,100,1563.509825,1.9056530316360953,1.7766551656113287,0
128.212934,100,1563.736489,1.8870019900284474,1.774858908870792,0
129.668493,102,1564.052638,1.7840846370457264,1.6881632126729054,0
127.825218,100,1564.689701,1.8874508209138303,1.7618746889092085,0
126.914979,99,1564.866612,1.8553871287996395,1.746870881982982,0
128.009187,100,1565.060787,1.915945537893483,1.7661901808824172,0
126.677882,99,1565.257701,1.8956194210048858,1.7384433641081745,0
127.395619,100,1565.461488,1.8591981240852484,1.760444774255533,0
127.637133,100,1566.104349,1.853985823195518,1.6701060269189711,0
128.358851,101,1566.281852,1.857395991434168,1.7049175174450388,0
129.745066,102,1566.500315,1.8629391844131946,1.7088753807719073,0
126.854633,99,1566.82523,1.8819941209862703,1.7331613946161937,0
128.982263,101,1567.046801,1.8384200778545554,1.7825220668655368,0
127.394487,99,1567.647069,1.8724933214435904,1.7472154250087142,0
129.024904,101,1567.813229,1.849800142749825,1.7402309025452294,0
127.493388,99,1567.976424,1.8295508797148523,1.7645780464580654,0
129.26132,101,1568.228176,1.9099440840610606,1.7321664447722331,0
129.768642,102,1568.583098,1.9359378372272367,1.7466000190368147,0
127.448093,100,1569.403681,1.8896538533626015,1.7775714590382645,0
127.992089,100,1569.56585,1.9043709950213357,1.7413550765225334,0
128.195787,101,1569.748543,1.8541904772079465,1.7276894852359062,0
127.906997,100,1570.051027,1.9046942741409523,1.7702984677674958,0
126.595889,99,1570.392291,1.8664601761198711,1.7459230321936703,0
127.604255,100,1570.750017,1.8714502237314918,1.7523869887195325,0
127.800002,100,1571.470032,1.8636164151555277,1.6696240143856473,0
127.452894,100,1571.623861,1.8759264025027231,1.7638065667145029,0
128.845656,101,1571.848572,1.8401486988563198,1.745175284172723,0
128.707652,101,1572.109017,1.906755347434902,1.7187656037623706,0
129.096884,101,1572.3855,1.8850178362397798,1.7319818535967946,0
127.024177,100,1573.030179,1.865323357939979,1.6555780546450238,0
129.215742,101,1573.269686,1.9041023093419454,1.705005665379005,0
127.426257,100,1573.507973,1.8215537959653771,1.6884447146007204,0
128.444216,101,1573.722732,1.893901427773435,1.739354735851105,0
126.45561,99,1573.93945,1.9306856431725579,1.786602868760077,0
127.274968,100,1574.59507,1.8926915159831565,1.7348534921217835,0
127.607356,100,1574.750204,1.906400316007506,1.7785873663474676,0
127.742557,100,1574.905532,1.8741643640576828,1.7453069461902857,0
128.16133,100,1575.195669,1.9139678552516446,1.7294463621468896,0
127.764005,100,1575.54931,1.8469018297167261,1.6755090730580868,0
127.38154,100,1576.26593,1.8780291281722392,1.7653365260619456,0
127.636186,100,1576.435366,1.8911077259872775,1.767284594806028,0
128.520233,101,1576.602047,1.9122457199752776,1.7854882433004946,0
127.674889,100,1576.815597,1.864262741909237,1.717789577266537,0
127.18192,100,1577.149089,1.8586437061014944,1.771641311646053,0
128.948305,101,1577.836146,1.9018557859080616,1.7511939745446081,0
127.432149,100,1578.015063,1.862418622432685,1.703911682712573,0
128.204829,101,1578.211321,1.9445105804345717,1.7881628373615253,0
127.9666,100,1578.410846,1.9472636443873343,1.751796931502889,0
126.651408,99,1578.611182,1.9365574052695633,1.8204435261063592,0
128.745268,101,1579.238736,1.895373674282566,1.7459795654657375,0
128.6394,101,1579.407111,1.9020745777960033,1.7861520329903766,0
128.148888,100,1579.621976,1.8497842047979975,1.702743554006684,0
128.235755,101,1579.960574,1.8929615299339615,1.7455689518624165,0
127.710331,100,1580.322481,1.9204813241607865,1.8060497444772092,0
126.673836,99,1581.075039,1.886733346342444,1.7475764682043962,0
126.364629,99,1581.249732,1.8536470053414464,1.753597945815067,0
127.77443,100,1581.462502,1.9149506854869662,1.7208921989112882,0
129.180046,101,1581.685959,1.9412990863833905,1.8181845989495535,0
128.701048,101,1581.919649,1.9299678720158848,1.7936042478655962,0
127.878187,100,1582.580301,1.908916540690636,1.73633908400984,0
126.78171,99,1582.748055,1.9346674984279602,1.8011121260598215,0
128.531885,101,1582.943474,1.8897051574862065,1.750109954373153,0
127.446427,100,1583.171308,1.9170629152785061,1.7366128445359201,0
128.090967,101,1583.431436,1.8758906971687064,1.6832224322353992,0
127.227226,99,1584.125591,1.9305153346015032,1.7954981308326183,0
128.238333,100,1584.294165,1.9130188373956831,1.7099746716567161,0
127.695939,100,1584.487144,1.9265776095784541,1.7538440541302591,0
127.403859,100,1584.68601,1.9173234190080264,1.7485887199311796,0
127.908415,100,1584.907654,1.8676514135566837,1.7193695657634092,0
127.018922,99,1585.127593,1.8982484946412805,1.7175048089769682,0
127.23428,100,1585.777959,1.9600033228994462,1.7530829296375015,0
127.487491,100,1585.957009,1.9244047024974071,1.7576983670775228,0
128.619929,101,1586.10441,1.9117607155559035,1.7196880849524643,0
128.216873,100,1586.250516,1.9586272757988687,1.786351002319513,0
126.768658,99,1586.435669,1.8943113457584413,1.7071370974223747,0
128.220891,100,1587.066312,1.888644571858025,1.7165087733161664,0
127.168003,99,1587.236351,1.9081086593268966,1.7394517491131722,0
128.083234,100,1587.396837,1.9223629460740908,1.7704753380792053,0
126.671723,99,1587.56864,1.899656664431519,1.7482182597655826,0
127.663474,100,1587.881116,1.9148437155303668,1.8526586837403023,0
127.058947,100,1588.542646,1.832835301230408,1.6941601888142253,0
127.993747,100,1588.71502,1.8882199434210813,1.7394990934213304,0
128.619803,101,1588.874624,1.8662713631390297,1.7316704832483307,0
127.96134,100,1589.034155,1.8791696761283423,1.7291276549405463,0
128.112726,100,1589.193807,1.9225895814788438,1.7394488519008404,0
127.786737,100,1589.777169,1.899428637951538,1.7212055556494832,0
128.096767,100,1589.94462,1.8851778836815376,1.7515002701868847,0
127.537634,100,1590.109368,1.869548974602776,1.8080443358805198,0
128.810636,101,1590.27687,1.8964597418316496,1.7666511679638195,0
128.495781,101,1590.442502,1.8630759016970249,1.6720756867425186,0
129.564753,101,1591.031871,1.9012541393047286,1.754702529914465,0
129.647522,102,1591.229034,1.8788337347504445,1.707453229691583,0
128.757639,101,1591.468945,1.9049618181042132,1.792779905283647,0
128.454816,100,1591.76286,1.8377101443520514,1.6936538579333085,0
126.911502,99,1592.113657,1.846565696824806,1.709602088417915,0
128.994781,101,1592.868864,1.8500880080593574,1.6893077135734158,0
127.082784,99,1593.04053,1.8752203881894545,1.7083130498630812,0
128.539646,100,1593.241664,1.8433360723809555,1.7133369142247092,0
128.169396,100,1593.473998,1.873767236183448,1.7378946971992275,0
128.009537,100,1593.730262,1.8707617669524017,1.7661680187141326,0
129.487311,101,1594.502486,1.8914387884014785,1.7698348437937774,0
128.01602,100,1594.673604,1.864343531566003,1.7371664354527057,0
128.119616,100,1594.866762,1.8877470688652085,1.7128871853735235,0
128.893506,101,1595.057778,1.8593723380344094,1.727595719173748,0
128.201107,100,1595.27817,1.8419528957866635,1.7576877692809565,0
128.706428,100,1595.950657,1.82044764049908,1.6647137084632424,0
127.281641,99,1596.120044,1.8844953306209284,1.792180542051884,0
129.02127,101,1596.286834,1.8591311690500782,1.6875943242227782,0
127.181439,100,1596.446737,1.8909250790190952,1.7180200135583708,0
128.675357,100,1596.609266,1.899220163752577,1.7893997045217296,0
129.353491,101,1597.226472,1.8482528199792172,1.709956916267756,0
127.770908,100,1597.38613,1.820442074649917,1.702101627928716,0
128.574665,101,1597.536889,1.849447762567336,1.7754888779021412,0
127.902845,100,1597.762463,1.8563816170434528,1.752618921757469,0
129.148997,101,1598.086003,1.897337276681384,1.7699716796037568,0
127.609677,100,1598.405841,1.8331128803157506,1.6845686597822014,0
128.574554,101,1599.024882,1.846479450330974,1.691683146225221,0
127.734515,100,1599.190909,1.8433573900974345,1.7168281805638737,0
128.483299,100,1599.375919,1.8418928078881207,1.7526435566055412,0
127.936665,100,1599.574526,1.9247236725155803,1.79552657007479,0
129.477094,101,1599.773449,1.8848598873792686,1.751171537724064,0
129.442087,101,1600.470802,1.8379723230428127,1.720950741296036,0
128.335786,100,1600.628871,1.8776162771562144,1.754313101777365,0
127.852091,100,1600.777737,1.8548857774724956,1.6445289671818697,0
127.236407,99,1600.924944,1.8840062178651344,1.7915955307985043,0
129.410463,101,1601.142266,1.8586765005475956,1.7541782067678682,0
126.608983,99,1601.851445,1.8027194180605324,1.7121516183398169,0
128.161962,100,1602.011427,1.850721430458728,1.6853740518692784,0
128.399454,100,1602.161165,1.8101959219120256,1.7090256505177375,0
128.375442,100,1602.348208,1.8719715019595382,1.7465343257757004,0
126.947402,99,1602.499138,1.8418756903574443,1.6957615672914033,0
128.820084,101,1603.084408,1.8382154324297215,1.7385891169225847,0
128.399206,100,1603.237741,1.8655768662328154,1.7524581762274831,0
128.138664,100,1603.386233,1.8611117506888417,1.755921686678926,0
128.51579,100,1603.548432,1.8241124093270258,1.7618477742600658,0
127.894072,100,1603.766038,1.8646381095977371,1.7478378293304488,0
128.484778,100,1604.380381,1.8455297950540344,1.7159690072358216,0
127.113454,99,1604.547168,1.8476230003925183,1.7853835460466683,0
128.056263,100,1604.71302,1.8194224336972247,1.7440419867924128,0
127.786199,99,1604.8754,1.8957055731171506,1.7679683721844521,0
126.923606,99,1605.038682,1.8711974900343347,1.7921808786847666,0
126.986135,99,1605.637607,1.8354159706169009,1.7587164823143295,0
128.66126,100,1605.802989,1.853012904907426,1.7715598297190085,0
128.279658,100,1605.967945,1.8429203134783083,1.7609845266593847,0
127.657857,99,1606.129893,1.876493539045498,1.838576822737721,0
128.290805,100,1606.295033,1.8523857495025813,1.75809116866816,0
128.141731,100,1606.935154,1.8206676316873602,1.7728679598919996,0
129.175336,101,1607.104501,1.88496361700931,1.7420259518591572,0
129.268772,101,1607.268093,1.8093026189474397,1.7718952551775602,0
129.107176,101,1607.434201,1.8201729310864625,1.6962819107019294,0
129.288355,101,1607.64606,1.848615888789395,1.7916929509824153,0
128.525161,100,1608.432626,1.8020981543474341,1.7407305566034024,0
128.100796,100,1608.590988,1.8876782379754902,1.7346516441515856,0
128.57152,101,1608.753256,1.876387124384981,1.8415746314617376,0
128.561118,100,1608.918029,1.8583546282128869,1.8178374679111204,0
126.520009,99,1609.081552,1.785218922919977,1.7951110218141784,0
127.900707,100,1609.24561,1.8648509746382669,1.7613785965631723,0
128.522108,100,1609.841039,1.8855793942053458,1.7320575799518885,0
128.36612,100,1610.008338,1.8394909856083241,1.7536968554184058,0
129.707905,101,1610.17559,1.8446218143956217,1.746761620565503,0
127.955756,100,1610.341256,1.9012821262055573,1.8296497780801084,0
128.236948,100,1610.493447,1.8026402800507952,1.7801026198447172,0
128.038004,100,1611.105445,1.8121308741115016,1.7490163060698616,0
127.550616,99,1611.259158,1.8222451220827147,1.7260545412686772,0
128.835632,101,1611.420306,1.9095921598548513,1.8372072618548052,0
127.86635,100,1611.638459,1.8503604174341304,1.7485706439586794,0
129.441398,101,1611.915229,1.835149866922311,1.7552237157250843,0
127.155282,99,1612.566505,1.8421539718396067,1.8241880343316934,0
128.528096,101,1612.754399,1.8644760847588862,1.7531604312006084,0
127.433538,99,1612.908543,1.8642274870130233,1.7569700094149348,0
129.545162,101,1613.070233,1.802577870685119,1.728690392788398,0
127.854571,100,1613.28968,1.8041278827561862,1.7587067884612761,0
126.080284,98,1613.95347,1.8494446531748476,1.7851677727942938,0
128.401787,100,1614.117583,1.8145727471504762,1.7541004619551648,0
128.311907,100,1614.268142,1.789385205874805,1.767688352515772,0
129.449292,101,1614.419984,1.8388014413600078,1.7295419188218792,0
128.983195,101,1614.572758,1.8793631943819422,1.8000866553635553,0
127.67917,99,1615.259212,1.8062203623949704,1.7757051566958852,0
128.30067,100,1615.426035,1.8406073829200404,1.7361306486887134,0
128.545977,100,1615.586348,1.8797868543903085,1.7836195931798025,0
126.941606,100,1615.747925,1.8458425072619908,1.7529870599288266,0
128.600619,100,1615.913199,1.8623654370269485,1.7867622221493191,0
128.986935,101,1616.515249,1.8151350559352835,1.702033670627718,0
127.059561,99,1616.681665,1.830362605782946,1.7583628873043051,0
128.426198,100,1616.836686,1.8284385038497006,1.7895031125364194,0
127.595075,100,1616.998839,1.8339761622989024,1.752398553779379,0
127.203948,99,1617.176523,1.8980484680775933,1.7540672645783575,0
128.727393,101,1617.842898,1.81938938318483,1.759167778216304,0
128.536991,100,1618.016515,1.8370905881086554,1.7477382721576884,0
128.601298,100,1618.166394,1.8429004643063394,1.8117646846140743,0
129.132478,100,1618.316737,1.8323683749891526,1.7684421354913848,0
127.687809,99,1618.472908,1.8266718544691345,1.7663397303687132,0
129.253634,101,1619.175269,1.8433067742394198,1.7764817853992088,0
128.126708,100,1619.35385,1.7859547166600054,1.7087385677831186,0
128.500075,100,1619.510624,1.863922452343426,1.7860090537523647,0
128.531399,100,1619.682678,1.8398494000677312,1.7644761055051048,0
129.06373,101,1619.878705,1.854451433210171,1.740068436665522,0
130.063759,102,1620.597947,1.8747554328143252,1.7594060055147107,0
128.49605,100,1620.777955,1.8682486145472996,1.7313421112824026,0
128.037505,100,1620.944064,1.8260463882885076,1.7924549535124754,0
129.336782,101,1621.133232,1.8977688539832818,1.8244803244554344,0
127.56562,99,1621.330117,1.8976931876970007,1.8331373490090133,0
127.056402,99,1621.532307,1.8643192767395833,1.8114851595733352,0
127.922663,100,1622.242595,1.862705196220448,1.7639685816546973,0
128.509553,100,1622.414816,1.858322275156063,1.7609503288896997,0
127.495229,99,1622.657247,1.8186193785006453,1.7831834084583296,0
127.372157,99,1622.922299,1.821159523201702,1.8234203400197417,0
127.819244,99,1623.257879,1.858201598634388,1.8021261322748356,0
127.422059,99,1624.007563,1.7887663722997207,1.6775501247516478,0
127.976405,100,1624.166312,1.8118560253495242,1.7349046538925523,0
128.665288,100,1624.379905,1.8487419214164549,1.7771165640360882,0
127.930474,99,1624.59812,1.8344191372197003,1.7462730206145418,0
128.472901,100,1624.82818,1.8745243180180444,1.726942238633453,0
128.56193,100,1625.547564,1.8473013095248707,1.7452497761786945,0
126.979379,99,1625.709304,1.8689618049756878,1.7709292215842674,0
127.603531,99,1625.862878,1.8107300778753221,1.713501825818627,0
129.032953,101,1626.0679,1.8748934778888309,1.7873917738052731,0
126.683073,98,1626.285264,1.8962715607272784,1.8598607939067657,0
126.279072,98,1627.004989,1.8264689116135626,1.7392784499641494,0
128.142794,100,1627.179087,1.8800127807708862,1.7852110852145837,0
127.870793,99,1627.344678,1.891380268341504,1.778280078176971,0
127.842996,99,1627.507433,1.8508369312188424,1.7488477086884662,0
126.903592,99,1627.672709,1.8411003430672184,1.8177633440396748,0
128.30261,100,1628.335135,1.8883884683431407,1.7707253552671083,0
127.463895,99,1628.498276,1.8184704772322258,1.7012614691173122,0
128.578011,100,1628.648869,1.848958056891493,1.7200651036621866,0
128.451459,100,1628.840262,1.8999860968696298,1.807564290119355,0
127.79574,99,1629.013309,1.8511604328456581,1.780411251734449,0
127.659583,99,1629.626265,1.8358785671973377,1.780583116683173,0
128.467884,100,1629.833802,1.8666540229315238,1.7200672416184641,0
128.864192,100,1630.019788,1.8265733915535283,1.7260688056100106,0
127.197538,99,1630.165488,1.8638828280187452,1.7532174430489231,0
128.638221,100,1630.317208,1.8424247377644338,1.7257187507042568,0
128.267471,100,1630.912498,1.8364825337094266,1.7748627475182908,0
127.159424,99,1631.114573,1.8111413340992173,1.732556991922846,0
128.347288,100,1631.304076,1.8301956194336266,1.7581472841393837,0
127.287713,99,1631.499016,1.8513435353592749,1.797565121370538,0
127.545651,99,1631.81084,1.8335513755783266,1.7533034408176538,0
127.989452,99,1632.168027,1.862324503733522,1.7834020027452522,0
128.019263,99,1632.81498,1.8623910139813185,1.7800840354917842,0
127.480396,99,1633.011711,1.844366204999836,1.7548860182152155,0
128.495894,100,1633.228655,1.858060881597609,1.7738302984437821,0
128.638442,100,1633.474311,1.8614474159149539,1.7699389010547248,0
126.939107,99,1633.796827,1.7993892740421933,1.735986598379747,0
127.209541,99,1634.430367,1.8387301729902585,1.780825340174309,0
127.443359,99,1634.595458,1.8823005390513636,1.784608909402733,0
129.424973,101,1634.759601,1.8338122149614737,1.73690148835897,0
127.463617,99,1634.953797,1.800406575369204,1.7422300358671912,0
128.876076,100,1635.186449,1.8920333214940581,1.8073582660571799,0
129.045136,100,1635.808854,1.8888595969580981,1.7505685451943627,0
127.607682,99,1635.977117,1.8389405395901388,1.7416299723921587,0
127.755695,99,1636.157959,1.8230067218067432,1.7886093356468067,0
127.768074,99,1636.350517,1.8701828061977621,1.8109155676082367,0
128.187811,99,1636.548484,1.840508585702622,1.834806121181919,0
127.53503,99,1637.192789,1.78308400208083,1.7321928079578874,0
127.645994,99,1637.363929,1.8664273990652398,1.7737057493432766,0
127.564906,99,1637.630694,1.8785466208308221,1.811479333130153,0
128.598368,100,1637.986885,1.8904765421602392,1.8142469328172908,0
128.533512,100,1638.351629,1.8604285989479539,1.7877630256623889,0
127.167232,99,1639.105221,1.816864584260958,1.795238830653855,0
128.592871,100,1639.280881,1.8696742196863514,1.7693842439358503,0
128.305553,100,1639.474433,1.8355393720131967,1.7505446633349109,0
128.521377,100,1639.671763,1.8448595030809036,1.7475111556088212,0
128.767737,100,1639.874007,1.864915632919526,1.7988885435311772,0
128.220362,100,1640.523686,1.9013819941801022,1.8069108322987775,0
127.683533,99,1640.697129,1.8772365751443176,1.7882581187617612,0
128.076898,99,1640.874344,1.8463771507884472,1.7764119218563115,0
128.830295,100,1641.034696,1.8970313672110342,1.7966675008369837,0
129.72838,101,1641.201946,1.8842782379501923,1.7324974348764652,0
128.661734,100,1641.794257,1.9063465692058954,1.8571399441185177,0
128.417841,100,1641.959968,1.8615279009860475,1.8115302300296092,0
128.890232,100,1642.173038,1.8658063627179322,1.779399616578977,0
127.433975,99,1642.502989,1.8651012768642066,1.7785458201737896,0
127.866826,99,1642.861538,1.8719402407998618,1.7411460387217592,0
127.037919,99,1643.222377,1.8980501490320385,1.8293782906754545,0
129.876152,101,1643.917931,1.906577364033717,1.8130164656363899,0
128.978419,100,1644.07513,1.8683329566343567,1.8284074627272828,0
129.274795,101,1644.226019,1.8693581907449262,1.8089741376286113,0
127.265765,99,1644.431721,1.8390247646332003,1.7631603300868712,0
128.776958,100,1644.654277,1.8955951548333403,1.7943027451644813,0
127.162862,99,1645.302585,1.8341278151069593,1.783025406386797,0
130.248669,101,1645.463194,1.8960972245336545,1.8312597017222814,0
127.192103,99,1645.626143,1.8801850805458913,1.8443700717410725,0
128.915001,100,1645.847629,1.8628823236348924,1.7917134940604609,0
129.071727,100,1646.068636,1.8555007085881565,1.8019384220292214,0
129.367903,101,1646.723022,1.8763652149340477,1.8269054372726439,0
128.867772,100,1646.883009,1.8905580635416117,1.8019210319001395,0
128.460097,100,1647.031539,1.815510250750729,1.7950108338081994,0
128.338119,100,1647.184649,1.880093372744456,1.8505482229090549,0
127.48244,99,1647.3354,1.876507391479908,1.8066795664766733,0
129.001485,100,1647.925678,1.897565323973886,1.7868084025141988,0
127.404939,99,1648.106526,1.8717761607175556,1.840991339899331,0
128.238009,100,1648.324874,1.9198454006917953,1.8467174143016587,0
127.65025,99,1648.54452,1.8903893233125069,1.766226729496459,0
128.777221,100,1648.773103,1.8744725963825084,1.8394591466165204,0
127.701708,99,1649.44545,1.86794870932669,1.859531679268418,0
129.238415,100,1649.638309,1.8970813713178287,1.8291389242999407,0
126.685979,98,1649.801965,1.8749595579281113,1.8093738309104188,0
130.327628,101,1649.953311,1.9252350202183965,1.819278457912228,0
129.722293,101,1650.115623,1.9265958202719506,1.8615477362459252,0
126.421623,98,1650.707056,1.858784920184117,1.8134324691094958,0
127.229842,99,1650.877483,1.854793208101549,1.7804708115776393,0
127.568037,99,1651.023777,1.9085787959052383,1.8167729382577422,0
128.933358,100,1651.172889,1.8390652424308214,1.742872209240995,0
127.153719,99,1651.325343,1.88574764535034,1.8318885223044652,0
128.665881,100,1652.001487,1.9196155643378994,1.8951307574685041,0
129.782666,101,1652.177456,1.9233263197607984,1.8307795673183178,0
128.571369,100,1652.330987,1.869598929398021,1.8290514525809283,0
128.892015,100,1652.515078,1.8701191825423447,1.817118094353058,0
128.164795,100,1652.83176,1.8392133742225385,1.822139491552929,0
128.984135,100,1653.192879,1.8442490218776302,1.8113386265353855,0
127.293937,99,1653.899499,1.8440587794859877,1.7883013202575566,0
129.548662,101,1654.067205,1.8951753685741322,1.808100363318778,0
127.910342,99,1654.229856,1.8123037962774888,1.752910409922977,0
129.725941,101,1654.533894,1.826963633553735,1.7946813053146145,0
128.600901,100,1654.887479,1.8720565812021284,1.7646815235392628,0
127.715943,99,1655.554885,1.895810478118514,1.7999638376366762,0
128.987682,100,1655.741529,1.8549001907986893,1.7499482433850484,0
128.182242,99,1655.996224,1.8743872948383964,1.7785425742447492,0
126.942233,99,1656.266059,1.848341283656399,1.7682802732799512,0
129.894342,101,1656.622083,1.833174594297979,1.8140296307734676,0
128.635271,100,1657.377882,1.8246163449571844,1.8165457457470133,0
129.150916,100,1657.536399,1.89715038686977,1.8044087249276306,0
130.10427,101,1657.68458,1.8790500923511557,1.821662549125951,0
128.924139,100,1657.865104,1.8373444818463331,1.7887808579665332,0
128.849698,100,1658.066503,1.919146369905342,1.8887579234142524,0
127.423599,99,1658.754624,1.8780102630631614,1.8540125324954593,0
127.589014,99,1658.915384,1.8402210002910655,1.7737924344292184,0
127.887032,99,1659.121553,1.8203433243530804,1.7625258252622313,0
128.892383,100,1659.347575,1.8823273037100376,1.8043984668592687,0
128.482479,100,1659.573501,1.8746675397493031,1.8142456788542465,0
127.517775,99,1660.194253,1.9081809546919715,1.8347126703200034,0
127.116417,99,1660.361237,1.8475934565551302,1.8115744712510946,0
128.727843,100,1660.589943,1.8396145666433004,1.7609507636900117,0
126.361445,98,1660.870609,1.8288739818686295,1.7903337942244215,0
127.572507,99,1661.175565,1.8316601359007838,1.722991238753518,0
126.83736,99,1661.915975,1.8308585871550254,1.7830985902132082,0
129.684735,101,1662.101947,1.889353790127155,1.8467014011924519,0
129.041777,101,1662.275296,1.8663706001063662,1.8534737666547352,0
128.600999,100,1662.450822,1.8824310577084622,1.794387771394534,0
128.670749,100,1662.62613,1.8161737709092984,1.7703401466804782,0
126.729747,98,1663.383904,1.868002973269221,1.8262349388222696,0
129.125513,101,1663.616995,1.900402360716859,1.8162068193329004,0
128.335635,100,1663.827156,1.8900457450104304,1.8005422103185278,0
127.581239,100,1664.01675,1.8680638577165631,1.7434127058451976,0
127.85481,100,1664.175102,1.8780939509100212,1.7689042597407894,0
127.227876,99,1664.839164,1.846740331134376,1.7564996545321039,0
129.120649,101,1665.008041,1.903418610672501,1.8463085565665514,0
127.700615,99,1665.191822,1.922080758959975,1.9026624661196279,0
127.36072,99,1665.508134,1.829517147084299,1.8030547983709548,0
129.824813,101,1665.882436,1.8602003927464352,1.783727712493914,0
127.983548,100,1666.290672,1.8255936309890777,1.8082001337733122,0
128.969996,100,1666.950082,1.826623908258895,1.7559300883400768,0
127.479545,99,1667.144283,1.8644891204991954,1.8055034637995853,0
128.096748,100,1667.46455,1.841406333305355,1.7953849533799753,0
129.555077,101,1667.838341,1.8444036341800745,1.800485797408669,0
128.464197,100,1668.206039,1.8863906490768718,1.8052199164227694,0
129.313855,101,1668.876864,1.8421570201686797,1.7663538082821892,0
129.764462,101,1669.069396,1.863938190357756,1.858884621432117,0
128.315349,100,1669.384658,1.883044090426251,1.821135277252414,0
128.487997,100,1669.722746,1.8665539935564512,1.7653714123489501,0
128.246936,100,1670.133595,1.8663176461020816,1.809038172081191,0
128.484511,100,1670.846609,1.9212549638527292,1.8598623888231034,0
129.954015,101,1671.032624,1.880162728155591,1.8215117612128848,0
129.102088,101,1671.243673,1.7959871678375525,1.7605952644426863,0
129.242127,101,1671.485582,1.8560093151056303,1.7576056742128918,0
129.40564,101,1671.744915,1.841602962466572,1.8041773027131909,0
130.007562,102,1672.421969,1.8678201554858502,1.8209831588872523,0
128.362586,100,1672.625164,1.861766971926204,1.8139563550149085,0
128.765108,101,1672.858883,1.8810175206172994,1.836793195647951,0
128.333025,100,1673.15602,1.8050835042525941,1.759031505352841,0
129.044142,101,1673.525664,1.8785445967935626,1.804773405480176,0
129.673185,101,1674.289861,1.8618296338719014,1.813944126333367,0
129.11669,101,1674.554746,1.8800022708129036,1.8229098211169639,0
128.375978,100,1674.873362,1.8706916954216344,1.8099288513195841,0
128.250933,100,1675.240198,1.8241047278349904,1.7989900162019674,0
128.877974,100,1675.608592,1.8452893667221724,1.794999317175214,0
127.746004,100,1676.374688,1.8400949907794877,1.7831374623518115,0
128.300806,99,1676.679318,1.8401885439312358,1.7729878675894097,0
128.564245,100,1676.890525,1.8117893703838523,1.7985721301302982,0
130.607416,102,1677.050447,1.8599902995787538,1.8317149915747308,0
127.375409,99,1677.210138,1.8820764688189038,1.8297394236413136,0
127.650138,100,1677.826605,1.8851944691088283,1.8310405755210863,0
128.31892,100,1678.080913,1.8564020482475196,1.8570885162496846,0
128.18378,100,1678.439839,1.8738600242713876,1.8620231863678294,0
129.410168,101,1678.817216,1.8251195245989547,1.7880726814090273,0
128.364818,100,1679.141468,1.84890929547516,1.8472079140077415,0
126.967103,99,1679.927144,1.8047284118999516,1.7905276884148251,0
128.403154,101,1680.140946,1.8428881009589404,1.818561345759263,0
129.087603,101,1680.382426,1.8411168943218628,1.8198392812241526,0
129.918835,101,1680.639616,1.848655804202934,1.83518268930045,0
127.37576,99,1680.853822,1.8636985785464042,1.811852731373451,0
129.021512,101,1681.516668,1.8348712560306966,1.8088150845155708,0
128.931218,101,1681.703809,1.9063830833996054,1.820575021211189,0
128.41411,100,1681.892712,1.8877867974836187,1.8580689523933491,0
128.183517,100,1682.214543,1.8345544518083035,1.7792756627812052,0
129.296967,101,1682.583056,1.8830838151189124,1.8287751734975501,0
127.812989,100,1682.946502,1.807119617069174,1.8309045670904864,0
128.519164,100,1683.58271,1.9087942626399506,1.8688698692356853,0
129.816424,101,1683.790745,1.899557143832597,1.8601019678714084,0
128.950068,100,1684.100447,1.853151938128679,1.7943464781528837,0
127.899016,100,1684.494743,1.8853484736101525,1.7969443765352768,0
128.003463,100,1684.893229,1.901358158844092,1.8809533488582573,0
128.224777,100,1685.543048,1.9152650213143043,1.9081655456140736,0
129.580298,101,1685.74074,1.8855742451944886,1.8051827482685538,0
130.273666,102,1686.024609,1.8525348840867977,1.8070330091546782,0
128.776079,100,1686.386906,1.8914118554374466,1.8310883037610108,0
127.80624,99,1686.747388,1.8961758099490749,1.830854545509307,0
129.249283,101,1687.403893,1.8516456323145047,1.8013091330489834,0
129.474468,101,1687.579372,1.8868072148715382,1.8273987571281565,0
130.183986,102,1687.773946,1.8848281891815502,1.7867543894176325,0
128.909514,100,1688.013064,1.8667984539327287,1.817633432209953,0
130.256093,102,1688.310924,1.8992473755915789,1.8489153334246116,0
128.239343,99,1689.029428,1.8875970496393137,1.8207377667593028,0
128.071512,100,1689.364499,1.885347051590596,1.8467943827077862,0
126.832239,99,1689.728537,1.8685115598558497,1.8174805688699769,0
129.726617,101,1690.098466,1.861519790176616,1.7880373005411307,0
130.12699,101,1690.466624,1.8913953663136849,1.8293631166742865,0
127.904798,100,1691.210299,1.8441896697490292,1.7761592799307913,0
127.810726,100,1691.388037,1.8998257319376897,1.8509833642908746,0
129.515312,101,1691.583771,1.8726325619121178,1.8617878665185015,0
129.527874,101,1691.785437,1.9144421154039963,1.8139764507600067,0
127.355208,99,1691.987921,1.8073826247918072,1.7667701038512542,0
128.756674,100,1692.657557,1.8756738846071566,1.7864280790511373,0
128.612767,100,1692.838026,1.8840444380097918,1.8169762737729804,0
127.730552,100,1693.032191,1.9121705989592959,1.8721419627222804,0
127.937619,100,1693.230944,1.911762616268358,1.8484069373468812,0
129.729301,101,1693.507832,1.9000963160227013,1.867946230003143,0
127.771466,100,1694.318377,1.8873727342862112,1.831230164489734,0
128.251031,100,1694.508283,1.841282489372533,1.811442130628957,0
129.690966,101,1694.688254,1.9152193138465294,1.8220118893260135,0
127.809516,99,1694.912129,1.8891913447574458,1.783696839294604,0
127.011923,99,1695.254006,1.8614307936011891,1.8146136706601996,0
130.365764,102,1696.045843,1.874811458524411,1.8266027883453464,0
128.091274,100,1696.254778,1.8492033522696938,1.7674891608977683,0
127.790108,100,1696.599289,1.8905299345533664,1.7829109914203094,0
129.056212,101,1696.972246,1.9279450890008059,1.850947852580711,0
129.565583,102,1697.348712,1.907275734137748,1.8619499390295342,0
128.446992,100,1698.13941,1.8969403396193063,1.865822141274308,0
129.018803,101,1698.308962,1.9287890222121467,1.8385038779260734,0
127.789125,100,1698.539446,1.8977403746073283,1.8652681327304361,0
129.843331,102,1698.897753,1.9143583932331307,1.8399627217280041,0
127.445291,100,1699.268269,1.8557299312820623,1.8176755810631908,0
127.435063,100,1700.070639,1.8997602522678267,1.8217308326641084,0
127.132502,100,1700.236036,1.889192796392671,1.7835395973690527,0
128.037586,100,1700.426572,1.9185281429932677,1.8484873133001027,0
130.318622,102,1700.757233,1.924135799293758,1.8252085595545953,0
127.387628,99,1701.121613,1.8096800298232922,1.7624461043105124,0
128.382958,100,1701.490521,1.896288249663992,1.8480042267210726,0
127.399935,100,1702.187063,1.874486674338528,1.82126950114227,0
128.146932,101,1702.458834,1.894809583473384,1.7865017218897377,0
128.779763,101,1702.806782,1.8861558944874302,1.8396295252405022,0
128.534546,100,1703.175431,1.9041911134064151,1.8342159519424268,0
127.020593,99,1703.542948,1.8851585525545738,1.7790117459444945,0
128.16106,100,1704.237914,1.8738093984840036,1.8308236943669451,0
128.056682,100,1704.512632,1.942562706428019,1.8657371871122947,0
127.837925,100,1704.86163,1.8824320902246672,1.8489222683819317,0
127.932865,100,1705.228635,1.9297622290617387,1.8290599514774788,0
128.702059,101,1705.600178,1.9135660659770257,1.8220534562427735,0
126.933114,99,1706.347599,1.8860354919594116,1.8138394435039544,0
128.593312,100,1706.619769,1.8846959649180934,1.832951053762597,0
127.766422,100,1706.968247,1.8640272349670162,1.8188795672731108,0
128.817803,101,1707.342377,1.9148540774404608,1.837810270543325,0
127.625264,100,1707.710738,1.8506823020750167,1.782901658075411,0
128.137808,101,1708.409371,1.8649751890794395,1.826395406997945,0
128.546676,101,1708.595373,1.8835218846396087,1.814944730359715,0
129.612059,101,1708.79443,1.8906780825699032,1.8313595049195097,0
128.974519,101,1708.994693,1.897635004191656,1.8049884713504583,0
128.978756,101,1709.19434,1.8976562279673252,1.826812459599013,0
128.16607,100,1709.897628,1.9166879970549955,1.832593041388047,0
129.515783,101,1710.125424,1.912590580641634,1.8590056839715143,0
130.055123,102,1710.454388,1.858349430319513,1.8186020344927805,0
129.081119,101,1710.808775,1.8803514937340389,1.7873380468728202,0
129.239152,101,1711.076665,1.9075964076239644,1.8260338895576165,0
127.393668,99,1711.778981,1.9059079780593793,1.8330487501408985,0
128.560912,100,1711.959652,1.8859016073567711,1.8369344383811335,0
127.668378,100,1712.210362,1.8832349374167825,1.8467502892790293,0
128.683143,101,1712.571944,1.9126583461552227,1.8491613392243373,0
128.306401,100,1712.9499,1.8891186713440964,1.813974678774669,0
126.773754,99,1713.71377,1.9093325466706155,1.8115402454622573,0
127.628593,99,1713.893555,1.8833140586234838,1.8416384656325198,0
129.416581,101,1714.054656,1.9289711144920474,1.8193181059840493,0
128.342577,100,1714.274791,1.9008783358719357,1.874015697956508,0
127.813751,100,1714.580789,1.9249273284829767,1.8458536963467,0
128.146525,100,1715.237084,1.902906121890587,1.8850746218972612,0
129.184534,101,1715.40809,1.917875078347984,1.8617371521360246,0
126.213292,99,1715.639412,1.8870945485377868,1.8261227401089897,0
127.574798,99,1715.974919,1.9108432740773837,1.8056358673748187,0
128.021006,100,1716.295007,1.9310702847797225,1.860988975557336,0
128.288785,100,1717.10278,1.941301142126731,1.8526360591136108,0
129.102711,101,1717.283398,1.8758928688578844,1.854781006072991,0
128.283017,100,1717.47716,1.890491169173224,1.8075816982969026,0
127.592128,100,1717.67593,1.922665978233304,1.8693868487356229,0
129.063934,101,1717.88081,1.9412153270415484,1.8875392364161268,0
129.151336,101,1718.537213,1.9252170736924414,1.8279686141634544,0
128.566982,101,1718.726936,1.9478371558735654,1.8618949887740204,0
128.782261,101,1719.022968,1.8564477424644312,1.8228111930894104,0
129.89477,102,1719.407384,1.9614213371179219,1.8695322971995407,0
127.658274,100,1719.78108,1.915156626721292,1.8676314942030658,0
130.438528,102,1720.035151,1.9110555981962745,1.8286755562021642,0
127.789283,100,1720.663734,1.9156905345409332,1.8051328704589993,0
129.666175,102,1720.872078,1.9121264802731972,1.8522462491849723,0
127.63746,100,1721.200877,1.9310171549423993,1.8619593760270678,0
129.555493,101,1721.572379,1.9042503206932913,1.8408558694036266,0
129.579363,102,1721.948631,1.9131543079493518,1.79473045540697,0
129.105105,101,1722.606994,1.9739037098160617,1.886324359042287,0
130.685958,102,1722.792403,1.9473611082649165,1.84513972232077,0
128.475213,101,1723.102489,1.9294966877275586,1.8148148711169145,0
128.348446,100,1723.467313,1.908455853374885,1.8242702469916632,0
130.402007,102,1723.852351,1.9157104133834142,1.8500392689454634,0
128.978373,101,1724.626204,1.8874704255920949,1.8401512483858127,0
129.577325,102,1725.035087,1.925081790273134,1.83679046529524,0
130.502894,102,1725.276613,1.9148691946193892,1.862664829840809,0
129.133277,101,1725.455323,1.9424350944080022,1.831061995465072,0
128.621962,101,1725.624192,1.9286488473480794,1.8486872410617796,0
127.445434,99,1726.278569,1.9078606900081667,1.859129822963056,0
129.037634,101,1726.556257,1.9434595757908903,1.8774168132228028,0
128.349069,100,1726.957847,2.008605703239632,1.9338032187711935,0
128.603907,101,1727.365689,1.9332358861982537,1.841332783477095,0
129.420187,101,1727.778669,1.9413690989043597,1.8318695699187935,0
129.183704,101,1728.490969,1.9470323205153681,1.8559652277296026,0
130.179006,102,1728.724371,1.942297566728326,1.8732072377242437,0
129.407263,101,1728.985102,1.9448295681978365,1.9120419931524004,0
128.971979,101,1729.337564,1.8757526885708022,1.8391786164764388,0
126.65222,99,1729.703008,1.911154444027097,1.8187144777243194,0
129.571494,101,1730.449111,1.9309678581629122,1.8681449878770326,0
130.296003,102,1730.756655,1.9682611296097652,1.892446594772931,0
128.67898,101,1731.127164,1.8958384897676033,1.8565362640774175,0
128.535264,100,1731.499799,1.9131046927359183,1.871962800967929,0
128.548144,100,1731.87027,1.915606495409147,1.894580319656132,0
128.080902,100,1732.591447,1.8385038066867168,1.8140482081064375,0
130.067548,102,1732.7667,1.9233676869150826,1.8417491372453942,0
129.907851,101,1733.001458,1.972068925615487,1.8852372734590876,0
129.621546,101,1733.283471,1.8667116944142645,1.8163663462449,0
129.130357,101,1733.647679,1.8515242540202757,1.7935970129072771,0
130.913294,102,1734.390432,1.8932109597137259,1.8329306165655324,0
129.718481,101,1734.561167,1.944040893124358,1.8967598300692357,0
129.404015,101,1734.727787,1.9386884254762011,1.8687142392184484,0
130.077182,102,1734.896652,1.943546336598636,1.8571689306096386,0
128.869898,101,1735.061683,1.8823888965704711,1.803240241584864,0
129.059492,100,1735.661814,1.913173568331843,1.8218693226937257,0
128.901732,101,1735.845253,1.9061225817221765,1.8385601122240616,0
128.983593,101,1736.023719,1.9250905666654576,1.861970322470468,0
128.819322,101,1736.323731,1.937308454269305,1.8656883572639837,0
128.604749,101,1736.637169,1.9167511550354728,1.8793775855384836,0
130.154969,102,1737.299692,1.9254048076130579,1.8668070061247524,0
129.061321,101,1737.532128,1.9571697885881236,1.8562613521735014,0
129.491065,101,1737.771506,1.9154755370056482,1.8868081464532798,0
127.965499,100,1738.10252,1.9275248064075592,1.8766633623686626,0
131.015237,102,1738.29519,1.9793703003117133,1.9140378191214051,0
129.728473,101,1738.948126,1.9260060814992355,1.864108645145982,0
129.286383,101,1739.245594,1.9537945748018681,1.899180205759327,0
128.309981,100,1739.611483,1.9427097005266356,1.9137614496458388,0
128.46134,100,1739.979135,1.9145302486310096,1.8452016171578058,0
130.73417,102,1740.353967,1.961644375911706,1.8776438634098616,0
129.316952,101,1741.160626,1.960806039120692,1.8736501242848111,0
129.475993,101,1741.390738,1.9203030644246872,1.8789669576645784,0
129.164366,101,1741.618541,1.9590357846712088,1.8603705225161185,0
129.555464,101,1741.935098,1.983604160342745,1.9126300696629561,0
129.601846,101,1742.310839,1.9511528718286089,1.9075516858807873,0
128.428361,100,1743.104184,1.9905963732450125,1.9009098076415702,0
129.773892,102,1743.275915,1.9619883785041659,1.8541874615485334,0
130.431915,102,1743.443793,1.9239369286576553,1.8835302365180937,0
130.907189,102,1743.611826,1.9668119785119786,1.9212631934298972,0
131.006474,102,1743.778636,1.959778367462439,1.899958219265918,0
128.535228,100,1744.422177,1.9553187754214811,1.8487846605469096,0
129.649856,101,1744.588665,1.9271290228618607,1.8679963260947843,0
129.20637,101,1744.755774,1.9539348511539303,1.9190909476867777,0
128.297792,100,1744.998291,1.8925314057614118,1.835930412609036,0
131.268813,102,1745.349229,1.992397965341619,1.9065436454686011,0
130.133819,102,1746.167069,2.020537633898148,1.9443872579013166,0
129.778882,101,1746.332726,1.9341705220860987,1.8830750010871267,0
131.103944,102,1746.500956,2.020879543779275,1.9264062253104117,0
128.411498,100,1746.665743,1.9695163721766702,1.9679984417907432,0
131.066203,102,1746.855821,1.937168156907489,1.9321588173200104,0
130.146817,102,1747.181619,1.9862578006107234,1.9689060641710328,0
129.917618,101,1747.904056,1.9580488605465833,1.8860888004490584,0
131.320749,103,1748.095026,2.0340531663659513,1.919378044494442,0
130.211655,102,1748.267127,1.9322867086421815,1.8578689218378897,0
128.955018,101,1748.433014,1.9936241205879275,1.8840849260578254,0
129.447811,101,1748.598658,2.015173900583038,1.956054881927406,0
130.574117,102,1749.196672,1.979443835122658,1.9127365012887099,0
131.897564,103,1749.372979,1.9736837099987106,1.9115510000207074,0
131.681272,103,1749.57235,1.994578792524715,1.9100606533989428,0
129.544674,101,1749.774692,2.0281211138325537,1.923588325671914,0
130.231887,102,1749.981697,1.9574733582060473,1.8376520293434382,0
129.420314,101,1750.587859,1.9418065644656706,1.892485132840488,0
131.000546,102,1750.781675,1.942981556790024,1.8865760328936527,0
130.010178,101,1750.983899,1.9562701960872715,1.903397016782229,0
128.737727,100,1751.181822,1.9568937503112949,1.909497778511167,0
129.138033,101,1751.38728,1.9373026120853796,1.8717686053493643,0
129.131302,101,1751.995515,1.9417857605619018,1.8694987783069286,0
129.755812,101,1752.185585,1.9680212186751604,1.9184278329236,0
129.906918,101,1752.389353,1.9724359552576707,1.9091306771566354,0
130.008784,102,1752.599243,1.988188114890189,1.9020274357644953,0
130.721902,102,1752.808992,1.999880364154449,1.909972218395269,0
129.190456,101,1753.522531,1.9889015469121243,1.9275821244045679,0
131.989172,103,1753.69783,1.9899831130523644,1.929338790360797,0
130.90544,102,1753.878345,1.9883843316044922,1.923035053107303,0
129.973792,101,1754.034011,1.9832723483103754,1.9206234395412631,0
131.459504,102,1754.215177,1.9065179063054556,1.8642878167055335,0
129.819404,101,1754.822118,2.026672514789263,1.9674013409705955,0
130.630868,102,1755.014246,1.951967356569482,1.9097616588776523,0
130.557439,101,1755.185767,2.0494912579229765,1.9541227959341576,0
131.038165,102,1755.359431,1.995135530368327,1.8965426955056108,0
129.091136,101,1755.531035,1.9362818696443602,1.9119315658416547,0
129.290356,101,1756.163739,1.9878835321710948,1.879315157213999,0
131.068265,102,1756.396985,1.9380152837701408,1.8897440936034893,0
130.775383,101,1756.560632,2.0196849563456865,1.9045836871408357,0
130.983532,102,1756.74416,2.0774299239841127,1.9755966609408018,0
131.720049,102,1756.966624,1.9687834570509501,1.9141365730768674,0
131.201024,102,1757.663611,2.0387262582643646,1.9994693746159493,0
130.8251,102,1757.912767,1.9771200632696737,1.917640905974845,0
130.948515,102,1758.160714,2.0859694062517122,1.978283188167217,0
130.659665,101,1758.48714,2.034189984421987,1.950535452792882,0
129.128656,101,1758.8555,2.052289689787915,1.9591101385496759,0
132.064937,103,1759.550606,1.9960413387602367,1.9134422422875212,0
132.744006,103,1759.728397,2.0503184271288113,1.9545286549772507,0
134.01524,104,1759.902955,2.1456570541384443,2.0335283676948968,0
131.220062,102,1760.133011,2.0077363167589413,1.9502422653707794,0
132.815126,103,1760.48776,2.103013921381766,2.033337955308862,0
132.501292,103,1761.198387,2.067044996033865,2.022981338160529,0
131.504342,102,1761.371591,2.0357872473264638,1.9749030362780042,0
131.528506,102,1761.601657,2.066431907832206,2.0107135436573267,0
131.043262,102,1761.887564,2.0508090812648083,1.9740684412980123,0
131.264382,102,1762.128775,2.0511098322374974,2.0259627734784287,0
131.163174,102,1762.776507,2.0434708093238325,2.006285037974933,0
134.083903,104,1763.007214,2.04636668884866,1.9689061208323198,0
131.298939,103,1763.175503,1.9553714938641513,1.9238587940725171,0
131.459738,102,1763.346116,2.043879639751569,2.020209073049797,0
131.149629,102,1763.54238,2.0183190632076378,1.9856658805684235,0
131.874056,103,1764.158773,2.063498983872377,2.018249139784383,0
132.26802,103,1764.329494,2.0327265052871084,2.000829312953394,0
132.347137,103,1764.526209,1.9898555395495845,1.947775614841288,0
133.091815,104,1764.729881,2.0285778901525764,1.927599125491935,0
132.293379,103,1764.897425,2.087179366246691,2.0083335995550247,0
132.348771,103,1765.503389,2.0426918568065084,1.976382904789047,0
132.780035,103,1765.695762,2.0522175222521994,2.009772214778139,0
133.781481,104,1765.905239,2.091272356680511,2.018272414482882,0
132.664607,103,1766.105853,1.9685679372036584,1.8885392875249536,0
133.31922,103,1766.275239,2.1174501752270145,2.0237596004203446,0
130.670444,102,1766.884505,1.9933224129106932,1.896786025886841,0
130.578077,102,1767.071786,2.0322740941052264,1.9087627393631885,0
131.660106,102,1767.22954,2.0813829622420505,2.0100986010751716,0
133.43453,104,1767.382855,2.11798378038555,2.0275054096820795,0
133.72027,104,1767.581944,2.1136391274587574,2.0712073226427985,0
135.214141,105,1768.319634,2.106447345493102,2.110236954649972,0
133.939126,104,1768.5521,2.020386649193749,1.9929542980299133,0
132.978161,103,1768.768873,2.132333471169892,2.0569098158969075,0
134.085249,104,1768.981729,2.0659984476701068,2.0278638985597217,0
132.08105,103,1769.190222,2.0741502316294675,1.9819208466731129,0
133.412026,104,1769.790345,1.949618817709941,1.9228298369873664,0
130.984767,102,1769.976279,2.000295950762288,1.9896576686089948,0
131.747517,102,1770.188969,1.9740935156194401,1.9460311919096742,0
132.336601,102,1770.43777,2.0680545382366367,2.060288569524486,0
133.691942,103,1770.718487,2.0503637253482716,2.010960354200473,0
133.086685,103,1771.347787,2.075886237116755,1.9880617889362264,0
131.309144,102,1771.542123,2.0975819673436655,2.0414079807885956,0
131.055586,102,1771.77831,2.0848828594407407,2.0626593406212246,0
133.075995,103,1772.119255,2.0863413052275677,2.0410879312510284,0
131.675421,102,1772.481117,2.104586155196289,2.0514955381098616,0
132.976122,103,1773.130233,2.121223545151513,2.0153389237794506,0
133.259862,103,1773.30264,2.093661606545654,2.0966205940863265,0
131.713211,101,1773.498739,2.084407569651946,2.0266588768536447,0
134.717409,104,1773.834568,2.083094935194698,2.0089930041721833,0
133.016755,103,1774.200962,2.0292218551705394,2.00132365109873,0
133.721477,103,1774.843179,2.0810130203459942,2.0319302169149336,0
132.560449,102,1775.020028,2.090213957554151,2.0550037903769227,0
132.757492,103,1775.331477,2.134141652708723,2.08163950445938,0
134.371414,104,1775.698205,2.0667034325070888,2.0416607017934276,0
134.058932,104,1776.075786,2.0472192195976304,2.0585484630143736,0
134.675137,104,1776.711168,2.108483591581572,2.0115154290459527,0
136.143711,105,1776.88667,2.170521584951285,2.1235710313067986,0
135.730246,104,1777.056399,2.169906081470104,2.1060613854674672,0
133.760573,103,1777.222852,2.1634971483043497,2.083036477210303,0
133.954962,103,1777.391507,2.1739483614541895,2.1161257409004604,0
135.007476,104,1778.024941,2.16435934385976,2.140954534788331,0
133.907905,103,1778.183398,2.100965214075827,2.077590198768736,0
134.446616,103,1778.347411,2.189557955451008,2.1428833289694476,0
134.777438,104,1778.515136,2.149665531670311,2.0574784150557974,0
135.706743,104,1779.116783,2.1785264466138403,2.081804670792387,0
132.976066,103,1779.284936,2.1093102713161813,2.047397920207495,0
135.613661,104,1779.471758,2.1059202894528095,2.0818745665287945,0
133.17009,103,1779.792112,2.1230142826468366,2.0760830892993245,0
135.724509,104,1780.161888,2.0618225783300863,2.0703787506412534,0
135.125481,104,1780.967462,2.1858885463241373,2.081983844072573,0
136.611868,105,1781.144203,2.0960156155577816,2.042917742133254,0
138.201294,106,1781.320313,2.0994428814260737,2.0109902208768724,0
133.495786,103,1781.533578,2.036773930623377,1.957782241478134,0
136.450193,105,1781.876979,2.139074065235594,2.0928896179737255,0
133.4318,103,1782.656418,2.141864264939992,2.081531869652675,0
137.563286,106,1782.837853,2.118916367354231,2.075778910121816,0
136.340735,105,1783.013262,2.1374479760849456,2.0379422793026336,0
134.524169,103,1783.186005,2.118000966099699,2.077117699622529,0
136.582915,105,1783.362947,2.162346803016809,2.0588774837810826,0
137.364964,105,1784.002631,2.1199057947823614,2.0452260472770925,0
136.422343,105,1784.183802,2.1544844041344975,2.097961797806413,0
137.695902,106,1784.365176,2.153826109982469,2.1006903671115027,0
136.601005,105,1784.544707,2.152234583395087,2.101292825908905,0
135.143995,104,1784.722221,2.1122311912116407,2.0576775991261416,0
136.277157,104,1785.327308,2.2625136992105954,2.151173520835783,0
137.895731,105,1785.512067,2.2339808540797113,2.1405611958515083,0
136.207504,104,1785.689014,2.227918154694622,2.1490945733807125,0
135.649917,104,1785.903285,2.1844153139090525,2.110669069749335,0
137.545711,105,1786.268518,2.2691759511086875,2.1628451312957817,0
136.443116,105,1787.009089,2.154565043071896,2.061916606986135,0
136.832617,105,1787.189726,2.1659279425641644,2.0945154845371605,0
138.751346,106,1787.40423,2.254517343570421,2.183383364206209,0
137.754679,105,1787.633889,2.175632154542925,2.143132587568234,0
136.660069,104,1787.867193,2.2065810834274506,2.1353747899616957,0
138.710872,106,1788.515809,2.194987091930446,2.092915876196512,0
135.832926,104,1788.69032,2.2166060843833737,2.1126423449696623,0
136.957695,105,1788.864234,2.2385535855018692,2.0739230106930973,0
137.198237,105,1789.0369,2.1398371577001964,2.0570183042319754,0
137.206636,105,1789.210625,2.174095802740762,2.093611165407168,0
139.366861,106,1789.810167,2.2255035770042326,2.117111295898079,0
138.531696,106,1789.992044,2.247713268863046,2.089496086123594,0
139.627598,106,1790.167828,2.2769968632041273,2.1646844137012153,0
136.192555,104,1790.337661,2.2183963089132246,2.12675152883379,0
137.76469,105,1790.511091,2.2239954011588052,2.134597624907223,0
137.553777,105,1791.115942,2.1653457522958623,2.1078232214454835,0
136.181458,104,1791.324942,2.186245136140792,2.1443813980819106,0
140.568418,108,1791.562669,2.2540112998025235,2.166336181655244,0
135.016808,104,1791.789572,2.1678537333973362,2.1147481300224444,0
139.411732,106,1792.46773,2.291237237378476,2.1826507788586236,0
140.725911,107,1792.644739,2.234222486933843,2.097226190287867,0
139.316178,106,1792.82093,2.2545311309620053,2.1465979710824477,0
136.917426,105,1793.034794,2.287997534946229,2.187160208095737,0
137.205892,105,1793.400341,2.147319775382764,2.0821527625720977,0
138.931853,106,1794.196973,2.203117609962684,2.1404822165730466,0
140.430328,107,1794.385574,2.239656570524088,2.1523813868331314,0
140.119991,106,1794.566427,2.246166179267698,2.1616726113194953,0
140.264006,106,1794.747952,2.2149240123835097,2.0946782603793275,0
141.363427,107,1794.929202,2.2888576711148216,2.202887980879686,0
141.343326,107,1795.536782,2.3117622231817174,2.171142548824355,0
140.191171,106,1795.722253,2.2468430497522496,2.19647936076062,0
139.561729,106,1795.903115,2.2619693978112085,2.137518051831099,0
139.966132,106,1796.084015,2.2689884827964453,2.1642856725711512,0
139.076269,106,1796.2621,2.311938842912975,2.1950806722494045,0
139.04036,106,1796.910284,2.3058436763268206,2.1733669520271905,0
142.779791,108,1797.091761,2.2855032157484727,2.20859738397938,0
139.343036,106,1797.263599,2.2771294776842463,2.13415891457817,0
138.116433,105,1797.431524,2.248978607469395,2.1140732989810895,0
138.457038,106,1797.620766,2.196444944076447,2.0858762359813494,0
139.206066,106,1798.267442,2.168328820887822,2.1327203563837953,0
143.334702,108,1798.454996,2.3310468486052085,2.226307261335312,0
143.122445,108,1798.638051,2.2798637038732603,2.184014640179871,0
140.721668,107,1798.819198,2.2774907939590734,2.1134703010537086,0
141.727897,107,1799.003043,2.267556102695372,2.1557608781470994,0
142.422145,107,1799.611639,2.3488881438249813,2.172752433644603,0
141.608379,107,1799.794066,2.3030760233672236,2.184107498357953,0
140.269279,106,1799.97539,2.3225973547521277,2.151572082523381,0
141.537264,107,1800.157063,2.224037096336384,2.1303504486299865,0
142.423352,108,1800.765471,2.3302034316692106,2.213927043102298,0
143.622522,109,1800.950901,2.309652352274922,2.1727120100968444,0
141.710491,107,1801.110417,2.327462787144269,2.179028936322712,0
141.715322,108,1801.270995,2.295205974423695,2.1557314646104566,0
142.14091,108,1801.430023,2.250951234411482,2.107760582388162,0
139.438773,106,1802.045512,2.231206074103272,2.1159662531099563,0
144.113474,108,1802.221979,2.375929900378457,2.2161359485499075,0
145.236525,109,1802.383211,2.3827831358646083,2.2047244718483507,0
141.137978,107,1802.544606,2.309979524684029,2.151608258682003,0
145.205376,109,1802.719071,2.4143049144768782,2.2445665601876676,0
143.57231,109,1803.389145,2.2945170161609227,2.135581372527604,0
144.601608,109,1803.568856,2.3447998001855517,2.203591634287195,0
141.585614,107,1803.742405,2.338071779616523,2.2224935510616923,0
142.717079,108,1803.917586,2.316114263475966,2.158257292987028,0
143.333919,108,1804.13125,2.376262304760038,2.192075297031544,0
143.44357,108,1804.844451,2.43075277069763,2.255689501035851,0
142.544013,108,1805.042712,2.2981220763898547,2.1378207915080654,0
143.191458,108,1805.235862,2.385985080939051,2.1864861874000887,0
144.366734,109,1805.575889,2.4094087113575458,2.2097083704939884,0
145.937088,109,1806.438648,2.419784554897338,2.2811135699408935,0
143.525393,108,1806.621435,2.387953017610217,2.1976628953066917,0
143.53634,108,1806.797146,2.4054616972049754,2.2579556494961532,0
147.61603,110,1807.120053,2.4525639666048287,2.2944846257673137,0
139.675081,106,1807.493734,2.257732801708495,2.1719508781685137,0
146.461066,110,1808.295041,2.4138875318725184,2.2385584480406555,0
145.752432,109,1808.478568,2.3728172453908134,2.2336385850471805,0
145.46746,109,1808.652032,2.468883366267681,2.330196093353774,0
143.025158,108,1808.825582,2.256733941116378,2.094937446067,0
145.380815,109,1808.999455,2.491707078032129,2.363018455009582,0
143.585194,109,1809.70405,2.3994177677629187,2.2374664910247777,0
146.550714,110,1809.904471,2.4282890630151392,2.2502037433890765,0
143.62459,109,1810.120893,2.395677047763773,2.1975446586670855,0
145.59177,109,1810.358367,2.411317688105315,2.2844400375764384,0
144.181238,109,1811.1259,2.39929338166699,2.215724704442704,0
145.839929,110,1811.302491,2.35798040611679,2.269123277961709,0
143.958313,108,1811.463746,2.4525793849989905,2.2816235481958302,0
146.551328,110,1811.638876,2.459510379231201,2.300501364654191,0
142.368754,108,1811.812766,2.4272657383059717,2.295769603538277,0
147.321872,111,1812.529098,2.3858719954779293,2.224298842272165,0
144.518592,109,1812.728482,2.372169285405505,2.2077429971846367,0
144.668148,109,1812.895679,2.4024066411562575,2.234972612189597,0
145.925926,110,1813.069313,2.411763022629846,2.2154244357236856,0
145.178935,109,1813.246717,2.379726067853618,2.229416187751352,0
147.008567,111,1813.857068,2.459992377663374,2.3100768963950213,0
150.322096,111,1814.043589,2.528212833038081,2.3166227022882024,0
150.167017,112,1814.342398,2.5661284162790756,2.3587672413326164,0
147.323076,110,1814.634829,2.4633872243537223,2.3457007535328205,0
146.587649,111,1815.307579,2.4850087921730917,2.3332010178993223,0
145.577707,110,1815.490525,2.372500219769986,2.213118760181002,0
150.622221,112,1815.673927,2.5735805461634262,2.372130010795567,0
148.447125,111,1815.856544,2.54681742895937,2.3833242237217016,0
149.092483,111,1816.038586,2.5282150254129405,2.3615198384681166,0
145.643448,109,1816.643602,2.4739671832185084,2.33344959471558,0
153.297707,113,1816.826202,2.5381030482922324,2.3236514112702062,0
150.659534,112,1816.992164,2.5619250106482268,2.3997474675215,0
150.869699,112,1817.164502,2.4992114945689123,2.277921313027331,0
150.175762,113,1817.344648,2.4601253509238394,2.3394452621932222,0
147.773149,112,1818.001274,2.412638641254084,2.278197287881859,0
150.663198,112,1818.24642,2.6346800959392147,2.4397817934357353,0
150.074099,113,1818.541628,2.5392435241528273,2.3232930067216286,0
152.614091,113,1818.938075,2.625596708422635,2.3980552302379583,0
149.730563,113,1819.702944,2.4598991145444766,2.2868622488642583,0
155.08418,114,1819.882313,2.5308511532211178,2.2583642303079907,0
150.551931,112,1820.071567,2.4833685475658123,2.300935148473119,0
151.678123,112,1820.410496,2.5088361980458793,2.285850690684225,0
151.319908,112,1820.806519,2.635319586565174,2.440562188403825,0
153.019556,113,1821.528117,2.6342791574636584,2.4140308661091154,0
153.543152,114,1821.736001,2.533700910779625,2.3452237285428317,0
153.691619,114,1821.983824,2.53917129630004,2.3594672986206553,0
151.440842,113,1822.231506,2.5267219177976914,2.3266118592826643,0
157.013607,115,1822.981239,2.694138908618425,2.4449227745771083,0
154.27758,114,1823.177614,2.61903920731561,2.4128179634143576,0
152.012312,112,1823.360811,2.5971424632518274,2.434278486782043,0
152.496439,113,1823.556252,2.5268131481800795,2.3573565960222203,0
154.354644,114,1823.776226,2.5718346502385754,2.332746090592182,0
157.896737,115,1824.499801,2.6585357404041123,2.4244762792498036,0
156.083949,114,1824.688447,2.678956425452431,2.4414987412935027,0
158.000588,115,1824.882295,2.631793836553306,2.4079380486303683,0
155.160682,114,1825.131306,2.6522391077078318,2.4485122978322376,0
152.643787,112,1825.955741,2.6779966471131,2.4016897592088355,0
157.675468,116,1826.156135,2.7716237454784283,2.4842617010746824,0
159.066346,115,1826.346823,2.7025915986246454,2.428871210476029,0
157.386214,115,1826.536542,2.6042500018507018,2.3173612344994163,0
156.594366,115,1826.725419,2.589895292149057,2.3031977945214988,0
157.856367,115,1827.441561,2.6741629187166853,2.372961357665361,0
159.062729,116,1827.647297,2.661908618651098,2.377628522317065,0
156.647177,115,1827.868834,2.682302010072942,2.3557865048156175,0
155.393004,115,1828.09259,2.6435087619001605,2.3916441845908594,0
159.313898,117,1828.788016,2.6763427221738127,2.413794539787122,0
160.477412,118,1828.980252,2.6572916708683465,2.3741855412974706,0
158.564612,116,1829.174603,2.64937694029075,2.392278509834972,0
156.699967,115,1829.382946,2.6938374444914457,2.4040761184799537,0
161.389677,118,1830.030196,2.4615891646132826,2.1422148374706365,0
159.35038,117,1830.23582,2.4937933294693084,2.2896853980449348,0
161.561153,118,1830.464127,2.670809591006888,2.3741066848663097,0
159.068164,116,1830.693898,2.587294458368664,2.308951279118364,0
159.574232,116,1830.927658,2.6552443681975966,2.3873734457777123,0
161.281405,117,1831.569346,2.653688207365241,2.4452256156593846,0
160.283514,116,1831.786976,2.5542915740610024,2.3305365417686654,0
164.202365,118,1832.018124,2.6109739682112147,2.422977033571357,0
165.554853,118,1832.239512,2.6137202095053897,2.4609571020565006,0
162.175267,118,1832.864518,2.500816403623154,2.353708447062575,0
164.218981,118,1833.069744,2.561561738679769,2.348639692216364,0
160.888565,117,1833.311998,2.5113542410309275,2.291931803748611,0
162.708757,117,1833.698236,2.5291913844111984,2.316603283102881,0
157.820483,116,1834.115219,2.5394056986903424,2.3482075016037363,0
164.252487,118,1834.755453,2.595182856757002,2.3878648272823293,0
159.594234,116,1834.940948,2.5418541029161554,2.3520556923619624,0
164.149384,118,1835.130448,2.540766621148115,2.378841361225842,0
161.064689,116,1835.316989,2.601332036710918,2.390697171502766,0
161.44883,117,1835.933868,2.5427487731842557,2.3389888673391743,0
163.311547,117,1836.13058,2.5303548600404384,2.3413247267049964,0
159.307957,116,1836.363416,2.4785983703145766,2.273501809445058,0
165.49424,118,1836.748037,2.6114335893269653,2.397539860054059,0
164.74804,118,1837.53263,2.627004711647217,2.391654242919626,0
164.600035,117,1837.731948,2.5997207494990087,2.382154367546798,0
164.67936,117,1837.927018,2.643335862081656,2.3839134271617914,0
163.804705,117,1838.276408,2.6346054016144813,2.436527585093912,0
166.516195,118,1838.695243,2.542484847289475,2.338210763839197,0
165.636641,117,1839.381346,2.7520319899201033,2.540459415440864,0
162.871696,116,1839.576644,2.7231304843769824,2.4537230331001956,0
168.491702,119,1839.795242,2.84976583933655,2.6272342470126278,0
165.499033,118,1840.167038,2.7057628629726094,2.4927507794893593,0
167.31972,119,1840.920434,2.7832083758351627,2.493771403360574,0
170.078502,119,1841.122237,2.7841790039097343,2.6035723880522545,0
169.630692,119,1841.319968,2.7696951300938113,2.5436857372377952,0
165.966786,117,1841.51399,2.6975959131827327,2.467155081199837,0
170.542884,120,1842.147957,2.819186772538939,2.4861242014084053,0
168.036471,119,1842.348656,2.8060930989666635,2.581545179397134,0
166.493013,118,1842.542816,2.784831894774753,2.621769844795721,0
166.569792,117,1842.729563,2.800191498240212,2.5319691599710277,0
164.204078,116,1842.91535,2.7275493100750516,2.5485870537983484,0
170.072995,120,1843.544981,2.7523300594778437,2.584951912477358,0
166.78696,118,1843.74016,2.663266432259805,2.4957467401766062,0
172.473438,120,1843.937685,2.8500525650686077,2.6595374675714694,0
168.670312,119,1844.150317,2.756917841092935,2.546890010151917,0
170.595571,119,1844.779879,2.7881975305811406,2.5318784408150967,0
168.432479,118,1844.976445,2.849343821436147,2.608621745015003,0
169.54105,119,1845.166287,2.7406923290114413,2.52640483194673,0
171.363758,119,1845.355165,2.7668576269259653,2.52021970778042,0
168.236526,117,1845.976563,2.724966421782192,2.487417983340736,0
171.776074,120,1846.171505,2.7021240467749172,2.470897533701963,0
168.742651,119,1846.361583,2.862589499123519,2.5816764035947934,0
168.548465,118,1846.549848,2.7115851288067976,2.4745852380368816,0
172.711627,121,1846.742397,2.7925061233541757,2.556952139758089,0
178.047453,122,1847.381626,2.807891074270726,2.5061854983694176,0
173.596387,120,1847.578027,2.7977490749718874,2.527024446964535,0
172.280953,119,1847.771496,2.8220259867314565,2.6309442037101736,0
176.355425,121,1847.969584,2.798606069972613,2.517219027145647,0
173.373643,120,1848.628121,2.7412548367067124,2.5135571636725778,0
178.115755,122,1848.828141,2.7580670067401876,2.5589840563199626,0
166.454133,117,1849.020458,2.7886981201823815,2.5594570377456605,0
176.982662,121,1849.214293,2.829423870233006,2.5814959448947525,0
179.460378,122,1849.859673,2.892270753091088,2.5315804489313734,0
172.571005,120,1850.057935,2.840242535052876,2.5970263081763116,0
175.566091,121,1850.252104,2.699563384953633,2.444751562816244,0
175.256612,121,1850.446117,2.819206959199033,2.5168131821894812,0
178.814399,121,1851.064675,2.7202513407959095,2.4944167011090213,0
178.345904,122,1851.275341,2.806225506023441,2.558686318759047,0
179.667606,123,1851.590862,2.952753108994371,2.6470249513420967,0
182.908359,123,1851.969074,2.8025051457011934,2.5834388506463544,0
179.493646,122,1852.913513,2.7092241590331922,2.4821532504602453,0
179.609537,121,1853.134301,2.861998515118417,2.6685438154212746,0
178.449777,122,1853.421403,2.8455536038486784,2.433189071513651,0
184.666013,124,1853.846801,2.876724546380998,2.4919787317424844,0
176.950211,121,1854.276238,2.8993487873771966,2.699936467382114,0
180.061878,122,1855.092117,2.899821840649883,2.6118503385533676,0
184.168977,124,1855.304844,2.834502673264024,2.624090349758988,0
178.373472,121,1855.513282,2.8369475170423453,2.6803195583445887,0
176.238143,120,1855.718924,2.648145397434075,2.4649826014711316,0
182.752821,122,1856.479923,2.8052445161024466,2.5056159520191073,0
185.146254,123,1856.700763,2.758528518099529,2.22791973768005,0
183.583472,123,1857.087825,2.9301188011405848,2.527377882611939,0
186.566004,124,1857.547465,2.5903797393392884,2.17782459255957,0
179.540171,122,1858.463971,2.8247423599979964,2.51907696936911,0
181.65579,123,1858.660783,2.8198928613177126,2.585056687864606,0
182.922419,124,1858.97547,2.970594059794697,2.5800696801737373,0
181.067424,122,1859.321529,2.921802835846053,2.6060012746438828,0
178.569899,122,1860.248412,2.7685370615725122,2.505374431939393,0
179.839416,122,1860.472639,2.8775920484866573,2.626221906572868,0
182.823679,124,1860.688161,2.940149840393391,2.418500290365732,0
185.542472,124,1861.0104,2.8947360995949274,2.3616247729378945,0
184.328715,123,1861.843282,3.074207299530118,2.5501934428871595,0
185.528861,125,1862.052559,2.876783719650422,2.331477339600397,0
182.696857,123,1862.233084,3.0553311158891803,2.5589581126761747,0
187.44341,125,1862.417419,2.4549678000043675,2.1028386792279,0
182.438845,124,1863.046838,3.0443561319897974,2.70217774261608,0
181.71463,124,1863.248484,3.0448973743263865,2.684104989394289,0
181.20407,124,1863.445759,2.24369254250652,1.7951090782219645,0
181.714892,123,1863.641931,3.089796304461925,2.6242216993506107,0
181.297877,124,1863.840905,2.7247328257441494,2.1802000568467803,0
179.266218,123,1864.46918,2.995877849751749,2.562538152421908,0
178.907974,123,1864.671578,2.764538756949054,2.1690284098660193,0
179.361306,123,1864.870553,2.8787894843423802,2.548108309014255,0
181.754235,124,1865.068371,3.000680958158373,2.469047321820017,0
179.981381,123,1865.690303,2.8589535749249206,2.576791902070304,0
178.686883,122,1865.904682,2.7878430130590655,2.2063062805362095,0
179.79861,123,1866.117268,2.9431016076116605,2.325241898646724,0
184.267678,125,1866.335399,3.1210214716212974,2.6159043452512867,0
181.928498,124,1867.216686,2.814331770479793,2.2349316894483215,0
181.707067,124,1867.418032,2.666064560873619,2.1553551933200015,0
180.949782,123,1867.613774,2.7972979494087533,2.2412087095912527,0
181.615168,124,1867.814005,2.3786220574748573,1.8783661051615719,0
180.688545,123,1868.629646,2.9053268535276366,2.4248561008906164,0
182.085613,124,1868.84209,2.80010642424984,2.277496049821136,0
181.688846,124,1869.069523,2.610090378389276,2.1272397064389006,0
185.384175,125,1869.317791,2.454471560650877,2.096321284839563,0
181.447345,123,1870.078383,2.4521178740760297,1.9465545817394638,0
182.391502,124,1870.291236,2.4123950312997953,1.9088161659375031,0
183.572501,124,1870.509886,2.6251166673573203,2.0484664555180467,0
182.278866,124,1870.753824,2.492093298790694,1.9903799515180673,0
184.703078,125,1871.458664,2.5407325361556565,2.022899680620502,0
182.0673,125,1871.674931,2.6375947379892404,2.071197043521801,0
178.2599,123,1871.913262,2.6003011735934907,2.028813309404626,0
181.501197,123,1872.194216,2.678723229880232,2.150915943096898,0
179.093577,123,1873.067035,2.659573515079567,2.0873109587210705,0
183.016139,124,1873.277122,2.5006769198986505,1.9693607966305409,0
183.95706,126,1873.579585,2.3565793362323735,1.8645628686246056,0
186.254444,126,1874.015774,2.377061292313598,1.929260196534237,0
184.820342,124,1874.477057,3.122440480015948,2.618540872218104,0
185.125955,124,1875.155458,2.9153884810281596,2.282155463441959,0
181.525133,123,1875.360726,2.7635293863728423,2.1707487127030944,0
184.397918,125,1875.718989,2.266854847943198,1.7976306124302177,0
185.109693,125,1876.165181,2.3860325362381043,1.878678486738181,0
184.455322,124,1876.880132,2.698187641514432,2.098225748104557,0
181.88325,123,1877.149147,2.587950914066964,2.0210525418613225,0
185.113907,125,1877.489921,2.62093720020924,2.0382714428329844,0
185.144413,124,1877.839916,2.479820327416042,1.9073333148716256,0
186.287118,125,1878.576186,2.508198077607106,1.9693695462183876,0
185.232406,125,1878.770591,2.382700530095913,1.8550159667560582,0
183.613891,124,1879.044665,2.5146228049493478,1.9554788344352363,0
183.519921,124,1879.315653,2.351497174364222,1.82697388608762,0
189.572477,126,1880.04075,2.2787588881178,1.7936392750390058,0
185.940001,125,1880.256451,2.4792814018777496,1.8956822331146947,0
184.820523,125,1880.474478,2.5743551179007134,1.9682778813968662,0
185.438618,124,1880.689379,2.3740837009118723,1.8641974772215535,0
187.42488,125,1881.353856,2.292635831047948,1.8675140462579056,0
185.865307,124,1881.555637,2.3352565621212813,1.859373628955602,0
190.65736,126,1881.754768,2.345697734396299,1.9313457638722205,0
187.692802,125,1881.990538,2.4110540498633815,1.8972095139144909,0
188.573269,125,1882.670848,2.6788767553537527,2.0624555629172985,0
189.100525,124,1882.890751,2.417339043014254,1.9832885185225915,0
187.123268,124,1883.149164,2.363320643139003,1.9298827690473321,0
192.027263,126,1883.445264,2.3840425837302504,1.9164103984542253,0
190.81163,125,1884.165124,2.5659019264868768,2.1062912108795566,0
191.31188,126,1884.383891,2.3740512949779493,1.8787167979904347,0
189.117271,125,1884.634993,2.3607987559980104,1.892307517408835,0
191.088445,126,1884.925853,2.4756001875861937,2.0226228406734585,0
193.206123,127,1885.659892,2.261554494653204,1.8555974515718172,0
191.655817,127,1885.91622,2.243930528324402,1.7172213037753528,0
185.051135,125,1886.213537,2.1599909726966997,1.6943640503660484,0
190.125849,126,1886.480434,2.257241943819496,1.7824206413129937,0
189.572202,126,1887.425135,2.1961695066235336,1.7756257026165305,0
190.949984,126,1887.657617,2.187283177316943,1.7972922861429714,0
192.694027,127,1888.026854,2.3400242756488776,1.9389706564891906,0
190.321667,125,1888.471385,2.341949072155195,1.9455429557974218,0
193.403552,127,1889.472632,2.391922058371158,1.9719284872610767,0
192.430886,127,1889.703562,2.190296030931982,1.7596128741737003,0
195.084664,128,1889.945352,2.2690167470976177,1.8403030224401709,0
189.839124,125,1890.229177,2.4343100963542965,1.9307651344795034,0
193.484713,127,1891.231103,2.3567135312046985,1.8863226805330835,0
194.462246,128,1891.459421,2.248914493646225,1.8247016245007879,0
192.822602,126,1891.674988,2.3930787861335543,1.9033024224868673,0
194.600324,127,1891.894978,2.454639300721322,2.0107592035560677,0
194.056688,128,1892.680631,2.3217610406348026,1.903735831833358,0
194.26677,127,1892.91169,2.4257493338790805,1.9982920627411629,0
193.320136,126,1893.137139,2.3892013043845863,1.9359061665120003,0
191.409325,126,1893.36026,2.2961854872203604,1.8531413203405398,0
191.651629,125,1893.577286,2.355499669437551,1.9568210752944524,0
194.604304,128,1894.35921,2.428118464808659,1.9494902557209577,0
191.234506,125,1894.57659,2.3490997278750525,1.8934770687258002,0
188.787296,126,1894.792738,2.3548183471863724,1.8488943219897542,0
194.407912,127,1895.041902,2.4261324131646815,1.9333166062060199,0
194.250293,128,1895.727276,2.43229420760901,1.9388359501012955,0
192.240715,128,1895.948771,2.3506542183418535,1.8544214711264266,0
191.186111,127,1896.372107,2.423391361594371,1.9814637443557084,0
194.000908,129,1896.801162,2.3336259258025756,1.8952323854624915,0
194.965949,129,1897.543195,2.32761856339314,1.8525022315054651,0
193.251424,128,1897.7354,2.2687954510756247,1.8855779741418728,0
193.53329,128,1897.936713,2.35546291619149,1.9705442111200786,0
191.375111,127,1898.163222,2.281173643210015,1.8248058031977128,0
190.619173,127,1898.848335,2.3429284315637506,1.7978161068863696,0
193.537123,128,1899.142765,2.322001112985992,1.8053189222717134,0
192.856182,126,1899.589319,2.3393934528391225,1.829599135203374,0
191.22756,127,1899.981611,2.2255916067755135,1.647528474236071,0
198.22364,129,1900.641467,2.33823052315776,1.9215955321265745,0
195.706581,128,1900.863128,2.463994036609286,2.056456447648347,0
197.283065,129,1901.280363,2.3679506840161944,1.9175635471912125,0
195.759112,128,1901.74681,2.4528329905520785,1.9895624211402088,0
198.592012,129,1902.436361,2.317305526901726,1.8946122651471156,0
194.869092,127,1902.630759,2.370130540220706,1.8843770507915223,0
193.680826,127,1902.833472,2.2214861073936736,1.7622302647590913,0
196.00636,129,1903.149369,2.352077055316768,1.923910622516331,0
194.801004,127,1903.840781,2.573474086467909,2.1442021971090126,0
197.43036,129,1904.07131,2.4374782996867586,1.9697389596237482,0
197.585703,128,1904.47623,2.4848996056597286,1.998509858263235,0
200.597398,129,1904.934983,2.4529030241497227,2.0621115121690297,0
201.955909,130,1905.646617,2.3984221488933386,1.9606031035840787,0
198.043184,128,1906.013438,2.4000242529256166,1.91755130847419,0
195.529109,127,1906.479132,2.420661240387345,1.972077414761304,0
195.948333,129,1906.956396,2.424780574459172,2.0064243781684574,0
200.766749,129,1907.643598,2.365104464241882,1.9192787878998652,0
201.385478,130,1907.897431,2.270251241330793,1.9452716992318042,0
199.230879,129,1908.209377,2.388600539584979,1.9822673671246336,0
199.909675,129,1908.564939,2.4579157623173744,2.013932230292472,0
197.885228,129,1909.220491,2.425953421696201,1.9759516426946164,0
202.647873,130,1909.478796,2.4197667378541885,2.031311800981165,0
198.347037,129,1909.775021,2.338615974384848,1.9489030908456588,0
200.490526,130,1910.538414,2.3757885950148143,2.032439278444244,0
198.533196,129,1910.754395,2.4257328656463426,2.011777491342685,0
203.889874,130,1911.114207,2.4771626985074486,2.040725512624742,0
200.192598,129,1911.566801,2.3778259259285175,2.0255546671394242,0
205.425419,131,1912.419068,2.377648218508077,2.0702007490911227,0
198.579476,128,1912.648917,2.3744861628041116,1.9156281869637284,0
200.926058,131,1912.934712,2.372582361466204,2.0057328247390838,0
198.785979,129,1913.269742,2.4019439152215174,2.027548961889033,0
201.880651,130,1914.180054,2.5594909054261206,2.1835284720127337,0
197.096053,128,1914.394054,2.5037937740380936,2.1823864284489156,0
196.383489,129,1914.607523,2.3607725093985312,1.9839016172894088,0
195.562243,127,1914.817771,2.4112148645394487,1.9866938002595087,0
190.803274,126,1915.452657,2.4038845413457097,2.098785623192688,0
196.070057,128,1915.666465,2.290560524306391,1.9103643053499841,0
198.021328,129,1915.880204,2.3469354579600434,1.9562184590070786,0
197.872911,128,1916.088985,2.600330307015652,2.213924914777916,0
193.944187,127,1916.88131,2.533115393133711,2.0816334187113044,0
198.897226,129,1917.153039,2.491908122849462,2.1330347737350825,0
196.78376,129,1917.584089,2.435342492947446,2.0529743657552975,0
201.080911,129,1918.044262,2.4144828642827463,2.0316226353914137,0
195.123757,128,1918.930396,2.3703441701345933,2.03179856940167,0
193.243044,127,1919.140254,2.516636689189024,2.1176600672154233,0
202.858049,130,1919.348805,2.421650796284183,2.0718617958333185,0
198.780107,129,1919.571383,2.3311962626611167,1.9708712243709865,0
202.183511,131,1920.387533,2.4570164422194987,2.1006488662169964,0
199.130727,130,1920.612228,2.3882815897335226,2.030226004167503,0
204.773342,131,1920.82902,2.4618287333052633,2.0888311619835203,0
200.470637,129,1921.035393,2.4588548573375233,2.0282466774347094,0
204.677862,131,1921.706564,2.567568493834207,2.2021636001834923,0
201.273342,130,1921.926852,2.4590742958575147,2.0952397685935713,0
202.651681,129,1922.118535,2.7322968797125617,2.2366064902169605,0
202.386891,129,1922.310171,2.5821742510205348,2.1692692716567747,0
202.112828,129,1922.956806,2.443076472727155,2.0926605627825707,0
202.206165,129,1923.166158,2.3790128767306595,2.062630241815767,0
205.225113,131,1923.400586,2.5506731511138674,2.223080975866709,0
205.099011,130,1923.66849,2.5008075839473514,2.1547601602709356,0
204.560942,129,1924.432703,2.5855363363740334,2.1894116914039303,0
206.130364,131,1924.672558,2.479188413047728,2.0497773779031765,0
202.389933,129,1924.878779,2.558666929180964,2.1897384843555123,0
205.153973,131,1925.120001,2.5210956557631037,2.1086613718240517,0
203.334516,130,1925.809443,2.5320535633041814,2.1978939585522377,0
208.727079,131,1926.03183,2.4558908962220856,2.092739332721751,0
204.030609,130,1926.280146,2.5109834358182517,2.1653628888251797,0
200.264261,128,1926.531272,2.4761825642278086,2.1484585645805185,0
207.618788,131,1927.204914,2.519628887121506,2.185882490469542,0
212.390315,132,1927.459001,2.6517449123429953,2.3164809786608784,0
207.622317,131,1927.85913,2.489307707951734,2.1766407985725755,0
206.390696,130,1928.321855,2.5361899862678268,2.1722530693114086,0
208.111791,131,1929.102377,2.6303467084653676,2.276260470650292,0
211.799501,132,1929.338625,2.5518568202372194,2.2276749154500237,0
212.094365,132,1929.601442,2.6573808130781598,2.2798395313105644,0
212.755085,132,1929.942578,2.621019095122508,2.2045939931817315,0
210.999121,132,1930.675982,2.5983016607765013,2.2427295864021173,0
210.612029,132,1930.934811,2.566640083132478,2.1548350445629354,0
212.625161,133,1931.191452,2.6437962398378425,2.2742388455552507,0
210.498944,132,1931.401744,2.537265711978542,2.0858635150557783,0
206.400322,131,1932.0389,2.524301554480096,2.205477653000216,0
211.818338,132,1932.270803,2.6977574411962366,2.303375299934297,0
215.499165,134,1932.525255,2.665773154674821,2.3274737316867173,0
209.825692,132,1932.784264,2.6009364056810855,2.225868596846917,0
215.453537,134,1933.44032,2.535912622650875,2.211267633833455,0
214.851022,133,1933.693198,2.6068645570184876,2.2550706370533904,0
212.693669,132,1933.953243,2.565874299220712,2.160536365997734,0
212.723594,132,1934.638449,2.6965830928645373,2.2767464932371713,0
213.840749,133,1934.891486,2.5938963199367224,2.235307250060739,0
213.990218,132,1935.099651,2.6964737939930137,2.3069365525725485,0
218.087208,134,1935.466518,2.624070190111756,2.2627288587816654,0
213.548667,132,1936.342405,2.7266681269442326,2.323789450060597,0
213.661951,133,1936.613935,2.721018893051955,2.3514038620940183,0
213.939346,134,1936.901081,2.6009310145370264,2.2152672960045696,0
211.271165,132,1937.153739,2.5919404931812857,2.162542094529507,0
214.409752,132,1937.812616,2.6735949232579506,2.2767592437577906,0
214.274854,133,1938.017209,2.6456258040369143,2.1856769328407575,0
216.211259,135,1938.253911,2.6308993915857557,2.2907217604142143,0
216.483155,134,1938.53991,2.607907001638665,2.215974271126693,0
219.062875,135,1939.218393,2.6860408090788437,2.3198997859947044,0
214.627197,134,1939.428414,2.735427467579396,2.323197700916365,0
214.824535,133,1939.641627,2.7019360337224687,2.2853451587803315,0
217.112968,134,1939.837264,2.751268976546846,2.327617610110033,0
216.119077,134,1940.504689,2.6566112506874378,2.2971858248424284,0
218.139022,135,1940.790747,2.625258935969554,2.2564796883990867,0
215.214407,134,1941.148206,2.765427201617865,2.3956657283500338,0
213.924267,133,1941.60769,2.708727564037272,2.269331563754765,0
220.241197,135,1942.31011,2.668979298313953,2.27459672733825,0
219.492385,135,1942.52773,2.592420215048313,2.1530331135050855,0
217.291232,135,1942.744757,2.671119594011576,2.2114268038919596,0
215.545525,134,1943.422376,2.6804759923724784,2.248431449877904,0
215.680538,135,1943.662075,2.5473323600735385,2.0820690498723664,0
216.297461,134,1943.935573,2.686566338708332,2.2331622809404643,0
213.640905,134,1944.24472,2.726479717879537,2.2866485240923193,0
213.002674,133,1944.984369,2.5300475111153893,2.1103893329471806,0
214.738419,134,1945.205615,2.46858176766945,2.0996843537096463,0
211.203169,132,1945.416145,2.679182219099637,2.239382951510573,0
215.527416,134,1945.630873,2.604948644013611,2.172966137123096,0
211.132506,133,1946.280597,2.6513334135402102,2.2051577533486557,0
215.356172,134,1946.517073,2.6455282893091785,2.258042295448027,0
216.890902,135,1946.795734,2.5958070717016257,2.187026601690598,0
213.326256,134,1947.106402,2.585286663315339,2.178145740937576,0
215.227203,135,1947.806972,2.564763793528931,2.1527893844513546,0
218.956147,136,1948.055298,2.626370360894172,2.2458916735572783,0
216.951014,135,1948.337082,2.6107520981980277,2.234136952744213,0
216.454955,134,1948.647192,2.6650414163374276,2.274378161499576,0
219.2948,136,1949.323549,2.4810033005614014,2.2022265749808447,0
219.0877,136,1949.559787,2.6617124087790187,2.328406408315756,0
215.171532,134,1949.820674,2.6333754948122645,2.303695795590917,0
220.546778,136,1950.655358,2.686235668300869,2.2859407980171764,0
221.02341,136,1950.990125,2.641038718151192,2.3468845516800863,0
217.867402,134,1951.264462,2.629419511889711,2.296430208058684,0
220.396135,135,1951.577573,2.659271136382369,2.3319384514335666,0
217.57191,136,1952.327822,2.5689947660186303,2.2394009889027426,0
217.609166,135,1952.560682,2.565159310863736,2.211432700912283,0
218.148439,134,1952.833276,2.6333226693721326,2.295598583870984,0
210.839822,132,1953.129483,2.5995469832572744,2.281611756316473,0
217.822462,135,1953.841926,2.6103073801643704,2.223199941222672,0
218.950594,135,1954.081288,2.6409097757736872,2.282980252807966,0
217.444844,134,1954.3606,2.690928435269446,2.3220272563225746,0
217.844019,134,1954.670321,2.6870804234895904,2.320483610261257,0
217.076181,135,1955.368271,2.6443877500396895,2.2973417893810133,0
219.064876,136,1955.660758,2.593394739011206,2.196294377458831,0
220.129118,136,1955.944052,2.6409332800739596,2.316921367343521,0
218.432042,135,1956.258011,2.686266236323803,2.2573294420526726,0
218.269686,135,1956.932246,2.537448020180359,2.189808006552073,0
220.73254,137,1957.193537,2.7261802345509367,2.38384789166366,0
218.441274,135,1957.490572,2.5987451835847866,2.2875292260555864,0
220.491504,136,1958.240617,2.6024123660534046,2.3273984458569648,0
217.128914,135,1958.494387,2.6464971014226224,2.274585641706711,0
215.998305,136,1958.791615,2.633402784311971,2.2877368617919407,0
216.167504,135,1959.202553,2.60578549932902,2.344260308320127,0
216.581545,135,1960.084724,2.7183997525232475,2.396537172190065,0
219.715695,135,1960.327602,2.6313206253641748,2.3445889073038133,0
219.790227,136,1960.53792,2.650446544371944,2.3006204254745986,0
221.456638,137,1960.753925,2.6765705359277336,2.2238229742245212,0
219.224856,135,1961.391645,2.80330201383207,2.483703216670787,0
221.441989,137,1961.701231,2.5906201019039727,2.305740834835416,0
219.335982,135,1962.025633,2.692765887194959,2.389361586131916,0
218.466592,135,1962.469036,2.771967318581341,2.4305214124280785,0
221.626719,137,1963.20359,2.71492583412837,2.4424732216306,0
225.060175,138,1963.459249,2.73221951747435,2.348405890892528,0
218.563046,136,1963.723411,2.6510054077590235,2.3266449250280146,0
223.884984,137,1964.076138,2.652269819769665,2.326725206047169,0
223.584923,139,1964.754644,2.6090440648139754,2.1570905913566176,0
216.312527,137,1965.017709,2.5657749485595347,2.271650400343038,0
221.563737,137,1965.352031,2.6818703342219807,2.366999501645591,0
217.666733,136,1966.148057,2.5167231305706252,2.2836037319228955,0
219.656823,135,1966.387558,2.6672487357468024,2.2963930750769594,0
218.454377,136,1966.84367,2.6703132807158148,2.33312654768126,0
215.079804,136,1967.346784,2.572768524192084,2.214219394077705,0
220.097006,138,1968.165931,2.523622242511669,2.2304505704779585,0
219.385321,137,1968.39806,2.70592657652621,2.2988251143631495,0
220.732204,136,1968.653888,2.7268631760287487,2.401320715955043,0
220.223999,136,1969.090986,2.7907936894170313,2.453984261066851,0
218.453729,135,1969.825932,2.885967169849936,2.4056832915643884,0
219.425317,136,1970.224617,2.6931571146597784,2.307646937800198,0
216.895741,137,1970.674126,2.5811086190316024,2.3186555855503173,0
220.588544,138,1971.625519,2.5271402620791505,2.1355371862346044,0
221.100309,138,1971.895274,2.699697132133831,2.244122070290644,0
221.990762,138,1972.169423,2.558422113343887,2.185217401899213,0
220.298973,136,1972.60472,2.9006797524609165,2.5366240547807655,0
218.241138,136,1973.493125,2.7048890107031145,2.3284466457996293,0
220.82772,138,1973.743116,2.7037035978420927,2.2325986838100085,0
218.955286,138,1974.216412,2.732225874664189,2.3556766017857993,0
218.525075,136,1974.742213,2.6764189560231064,2.243700961782243,0
215.556537,135,1975.573219,2.705877749788893,2.3167227243735993,0
218.452736,137,1975.817694,2.627595668585544,2.2699122973901265,0
219.878179,136,1976.127351,2.654217282429713,2.2083881701930332,0
216.543752,136,1976.327534,2.6568800477968697,2.275867040624476,0
217.035573,135,1976.98471,2.7661068791375776,2.413195585929518,0
218.387957,136,1977.235565,2.7250285660331777,2.3810832009806973,0
213.200261,133,1977.512871,2.6057800959974653,2.2589449259271945,0
208.887539,134,1977.824942,2.5411923683761555,2.208131511917336,0
216.285861,135,1978.486421,2.523088267942632,2.1279075834451495,0
217.745585,136,1978.741344,2.4494202597691035,2.0871715364673973,0
217.982416,135,1979.036393,2.704926321297799,2.3184524187559687,0
220.548732,137,1979.907018,2.563889542009453,2.2933060519625834,0
221.668585,136,1980.144913,2.8594019487043933,2.516830575180042,0
220.670528,137,1980.607021,2.5130473096424133,2.1355366662027593,0
220.372357,136,1981.111896,2.6447630920971656,2.3418604003961634,0
221.033286,137,1981.940411,2.6168498608757944,2.1962820672726577,0
215.046009,134,1982.179698,2.514899383566358,2.092266735825788,0
223.238919,137,1982.605156,2.6818401365931557,2.2365889646337913,0
222.193622,137,1983.091891,2.674525570311662,2.415022860506656,0
221.380355,136,1983.875788,2.808098085752057,2.4740720679086463,0
221.451671,136,1984.183615,2.623838806204385,2.223458788707731,0
220.731018,136,1984.623631,2.803333310976568,2.3928041461486456,0
220.984176,137,1985.106403,2.670608513956251,2.267799433002417,0
223.057293,137,1985.818049,2.6429585159697595,2.2454560505926255,0
221.546114,137,1986.086263,2.520953691231201,2.182337475849445,0
219.542898,137,1986.388263,2.5821110887976237,2.174752565521135,0
220.609472,137,1987.141061,2.731745190972807,2.3268047895249797,0
222.764091,139,1987.38332,2.529936881957837,2.21615109558609,0
225.214356,139,1987.666307,2.704509718915902,2.338840571160311,0
222.298529,138,1988.008931,2.5987873029640904,2.1901832269202246,0
223.062288,138,1988.820444,2.8417551203735947,2.468367212997656,0
221.558996,138,1989.068448,2.7154831618803854,2.396110230152098,0
217.174665,137,1989.351188,2.6836958148516907,2.2691145470197323,0
218.105714,136,1989.671503,2.6978509033058695,2.2984758886765366,0
222.433066,137,1990.363219,2.603578639334934,2.21411909409617,0
222.989723,138,1990.570549,2.612741454486154,2.2217595337836613,0
224.276404,138,1990.795558,2.736637707825239,2.299181707804587,0
223.718483,138,1991.633937,2.6512082604556735,2.3230097755771224,0
220.80357,136,1991.858577,2.6150135063772635,2.117830670836504,0
223.042944,138,1992.122813,2.5717529996845347,2.104141551625644,0
220.435416,138,1992.443931,2.4967056161328878,2.081017868003258,0
220.253328,138,1993.108866,2.6120866858896314,2.103147360165286,0
222.135823,139,1993.344989,2.499600477971105,1.9973318326669454,0
220.240497,138,1993.575484,2.478418116580487,1.9885146994129517,0
217.414206,137,1993.811533,2.72478196952717,2.287317258109216,0
221.213409,138,1994.536866,2.626634276429146,2.0950563021290036,0
214.076198,137,1994.764358,2.6902004495172225,2.0952874098266436,0
218.126055,137,1994.983956,2.5543307036628966,2.071810295389196,0
222.534625,138,1995.206287,2.562599224945991,2.062612547657493,0
216.12552,137,1995.866133,2.6352378753532455,2.2371209259847338,0
219.843656,138,1996.079915,2.5233286770868166,2.088660312430074,0
218.800151,137,1996.292816,2.775007860978701,2.314482737445946,0
220.852998,137,1996.941907,2.5099170856412067,2.067872590751511,0
221.792199,138,1997.184407,2.788884017944246,2.2787716329826377,0
223.242129,140,1997.486281,2.4303161229818726,1.9750130122569498,0
221.115071,138,1997.786928,2.5303875668650577,1.9916214930328378,0
220.882527,139,1998.51664,2.461537379049962,1.9471797330591873,0
223.420655,138,1998.803028,2.5426719414342753,1.9856587724992778,0
218.439574,138,1999.105712,2.600012868277292,2.2572938877133164,0
220.714822,138,1999.432178,2.499501340452819,2.191431609306068,0
221.133792,138,2000.17404,2.623051409060898,2.1093363353339045,0
220.127273,138,2000.553515,2.728811706697352,2.2376346870367776,0
218.867638,137,2000.991567,2.6065474578178485,2.0929236522610863,0
220.742486,138,2001.857089,2.69692427226196,2.294313096367088,0
211.411079,135,2002.091586,2.6236531552472577,2.1822209569456086,0
221.170918,141,2002.460734,2.510640289898113,2.002129812008039,0
207.301497,134,2002.924408,2.5929779206116854,2.1386933354054367,0
214.063713,137,2003.790801,2.665722904349526,2.2131965629209898,0
211.692139,136,2004.068269,2.7260032259434057,2.23965885759043,0
217.834484,139,2004.295698,2.480033976571737,2.029451917760366,0
213.444196,137,2004.698565,2.595147628795571,2.2009354684852345,0
215.666532,138,2005.478508,2.8040554468255903,2.3781415398407777,0
221.914006,141,2005.824386,2.5565901907228263,2.0486106002013447,0
219.937978,140,2006.277182,2.777760132604157,2.1704168520205998,0
219.176383,139,2006.772821,2.703268877207216,2.2229150589234288,0
216.493267,137,2007.531282,2.7939424075945007,2.339871266392023,0
216.884201,139,2007.860778,2.5678012503349215,2.0322909409950625,0
216.546334,139,2008.28522,2.5134800201969254,1.9707375690851028,0
217.136027,138,2009.170489,2.7342334099450336,2.2410489621959284,0
221.09365,139,2009.417429,2.6063831906180384,2.0462932716210314,0
222.463433,140,2009.685139,2.699410032900369,2.279603370022625,0
222.285811,139,2009.933482,2.5812875258588948,2.209950491146812,0
224.084798,141,2010.695703,2.508811395038466,1.9291454635173844,0
220.87742,138,2010.938776,2.665900739094922,2.31855661098183,0
218.082953,138,2011.290023,2.620544690572551,2.312375559441455,0
223.259544,140,2011.769146,2.7092269304646446,2.274672020050941,0
221.663951,140,2012.496257,2.5106124091618782,1.9746173603643362,0
223.933644,142,2012.748955,2.6355839372100096,2.2840207799885124,0
217.725269,137,2013.080053,2.588506348378468,2.1264729610855664,0
222.661826,139,2013.953717,2.8172145867313048,2.3607899884334285,0
217.116186,138,2014.18255,2.440749400811268,1.9504648218270795,0
220.437261,139,2014.404314,2.668083895627295,2.1442970173017892,0
220.904199,139,2014.623651,2.6140629062056,2.184364778363731,0
223.639071,140,2015.279343,2.7305666610652066,2.25393326256789,0
221.406836,139,2015.512019,2.5966679936911077,2.2255391687551214,0
220.118152,139,2015.734407,2.6043974856366825,2.0734328540108633,0
219.991801,138,2015.955549,2.5764770777293604,2.2284121576347538,0
221.314935,138,2016.61044,2.681494689764238,2.2854859545934936,0
224.270321,139,2016.842308,2.6520478033721764,2.215483406664822,0
224.651665,140,2017.107357,2.5959785811224516,2.230613461436301,0
220.52491,138,2017.904172,2.49724140071821,2.174806943936039,0
222.856068,139,2018.135098,2.6022927129033606,2.197406318219635,0
221.277052,139,2018.356466,2.636990874414377,2.1758306668761103,0
224.239377,141,2018.67568,2.7317176458890877,2.189751700242189,0
222.654656,141,2019.56033,2.5920069874553944,2.05136024357619,0
222.97071,140,2019.826748,2.542424254718968,1.980603169379823,0
220.059822,141,2020.059097,2.4858743659363314,1.9747716887730542,0
223.896041,140,2020.391709,2.759876279875843,2.320667695850479,0
226.734366,141,2021.136769,2.805530705930755,2.2692595754238063,0
229.08973,141,2021.379275,2.803839604860645,2.3197390181888142,0
218.172843,137,2021.617398,2.585159311852855,2.21392277923851,0
226.912756,140,2022.280688,2.892280054977542,2.3901758754274773,0
222.787768,140,2022.51747,2.6273862929677563,2.0902143364770116,0
225.762619,142,2022.817518,2.555516708586189,2.0646070678946487,0
224.691991,141,2023.196155,2.4369247040721014,1.9448595749361095,0
225.118719,142,2024.00789,2.7217421185305684,2.3155051327832195,0
226.851077,140,2024.243699,2.7905611400605146,2.1945111863053643,0
226.178583,141,2024.476172,2.7203066857867726,2.1223985215032557,0
223.942504,140,2024.707246,2.667346682890648,2.275628019009282,0
225.93251,142,2025.375457,2.5272349642352574,1.97172692591288,0
221.891494,141,2025.608677,2.6107673674214307,2.116718724600373,0
226.17448,140,2025.83535,2.6963655809349367,2.252088676576931,0
221.500845,142,2026.537597,2.4542886808915143,2.057221979379658,0
224.645731,140,2026.763819,2.7122647177509354,2.2471854012315746,0
220.80587,139,2026.994723,2.735779119927776,2.340900564522877,0
221.148945,140,2027.25625,2.599942187523575,2.116605758079211,0
220.550012,139,2027.92797,2.615081221443726,2.2330216737905566,0
225.291846,144,2028.17258,2.581883709928815,2.12153240539979,0
218.072999,138,2028.457839,2.7675872972350555,2.2625908626526074,0
217.517521,139,2028.941583,2.5172155667303118,2.1561240854314,0
220.021267,140,2029.686247,2.6923617723348725,2.361031641036874,0
227.324335,143,2029.973454,2.46493772916333,2.015236948243995,0
226.275494,144,2030.48099,2.650173885584768,2.117628724369754,0
223.144915,140,2031.357359,2.4897258511721088,2.0003327959024775,0
222.677207,140,2031.594284,2.760611006286859,2.2910414943519557,0
223.156025,141,2031.821911,2.5753786834570205,2.2765878508394186,0
224.688668,142,2032.213071,2.6733614449467495,2.195708432238393,0
226.545196,143,2032.991859,2.6551228053902776,2.1114366895469563,0
219.449734,141,2033.231577,2.5202791145050383,1.9243303961898397,0
225.755932,142,2033.478899,2.508959003211012,1.9598374864209354,0
220.199697,141,2034.209473,2.3776650697971653,1.8616968710336514,0
227.488694,142,2034.509429,2.4895368115969174,2.0029509956518536,0
223.413166,139,2034.84546,2.6091403752342996,2.025762479606232,0
223.28912,139,2035.198047,2.8679346939843477,2.3168456221249967,0
229.50574,144,2036.111723,2.5096799712176443,1.9516190846718242,0
226.805598,142,2036.344584,2.624692899108143,2.044374968814316,0
226.328847,142,2036.590246,2.743268956521545,2.1317034631331326,0
224.656656,141,2036.818749,2.510302478119813,1.9445030005472266,0
224.392379,140,2037.478565,2.8511450954079565,2.2127030494525917,0
229.032335,142,2037.705502,2.851257930804248,2.21007769293422,0
223.20514,139,2038.084149,2.843133481364444,2.2150253557398063,0
225.764328,141,2038.972632,2.7988344253899924,2.1667687846983053,0
221.338287,141,2039.19427,2.572277451212077,1.9678599753027002,0
214.112513,139,2039.397508,2.6442603246300918,2.187258467635768,0
217.263206,138,2039.613609,2.67590711159705,2.13632303937573,0
226.73177,143,2040.275302,2.4852199379192648,1.9693667493039229,0
229.22459,144,2040.521127,2.7419843195136164,2.139218615261786,0
223.738238,141,2040.748301,2.678152542472706,2.0954175314439505,0
222.456919,142,2041.014767,2.5759913444546396,1.9711404887543178,0
229.283473,145,2041.673485,2.454053330586889,1.9006700875260893,0
226.725673,142,2041.958114,2.7132397286993797,2.2149720265784136,0
230.376402,143,2042.387098,2.671964305985589,2.0432840318791445,0
225.488266,143,2043.242902,2.624866044543685,2.060722875708169,0
230.810801,143,2043.47738,2.869301879925984,2.2832090462381913,0
228.011942,142,2043.700837,2.8646366935798646,2.1642321793909756,0
229.938418,144,2044.072643,2.6627302423792294,2.0685608490786005,0
231.498131,144,2044.802067,2.863639593168441,2.2000342124264716,0
226.588728,143,2045.070069,2.502980184276145,1.9541286054383376,0
222.994695,143,2045.35489,2.3505250481016233,1.8240326523204307,0
224.676782,141,2046.060256,2.6923095219091357,2.0951942825217063,0
228.952459,142,2046.311316,2.6240765869223135,2.0724504792562173,0
228.272386,142,2046.585703,2.604407449448217,1.954080931832298,0
228.854719,143,2046.868363,2.600742409511551,2.0276704580971945,0
225.51066,143,2047.562232,2.407575162847216,1.85649241780137,0
230.732785,144,2047.80957,2.7291074772245714,2.200719228328487,0
231.590836,143,2048.063558,2.49752576982944,1.9452400979684716,0
228.385772,143,2048.770093,2.649023173570267,2.129141743740789,0
227.666616,143,2049.138919,2.404153686796214,1.849263879639558,0
223.806178,140,2049.432721,2.9495523397714405,2.3303040384911524,0
227.017708,141,2049.719068,2.6010912861744386,2.0376621121296887,0
230.442154,142,2050.420165,2.565066987758697,2.065832229626943,0
233.367874,144,2050.683534,2.7416976559007553,2.090667954876973,0
227.727995,141,2050.958037,2.767463343261201,2.2923626546589033,0
232.703976,144,2051.368112,2.583567448945705,2.0274585788410247,0
228.169786,143,2052.135224,2.657363812764517,2.0868521950765033,0
226.752013,142,2052.389275,2.6013402639720438,1.9226836246933363,0
226.887004,142,2052.664921,2.659245123078673,2.039936654914595,0
226.622934,141,2053.412302,2.5450710979552325,1.9631822701752224,0
232.457989,142,2053.654244,2.7535449240855967,2.1287543742507204,0
230.370628,141,2053.987259,2.4315045689893333,1.9500219353577894,0
229.288478,143,2054.493405,2.606150844429361,1.9619849991342677,0
231.019672,141,2055.28679,2.7748627128883365,2.267603069301848,0
231.618314,142,2055.549252,2.7385495992565585,2.1715910001839838,0
232.217904,143,2055.828867,2.6374381506200506,2.002275459174664,0
229.422391,141,2056.145401,2.5776289442400295,2.013166049193531,0
229.926943,144,2056.819987,2.376772743793889,1.8774554387669713,0
225.405843,142,2057.076691,2.5803359443253657,2.005769201436116,0
227.640389,142,2057.358058,2.5986132733872562,2.164892958098017,0
228.953521,142,2058.07796,2.60206388058801,2.0104723247674503,0
228.523158,143,2058.338454,2.441464032978131,1.878807922587292,0
227.529778,141,2058.610667,2.513007088887028,2.043531886783117,0
231.505237,143,2058.892346,2.7144446318108004,2.1058787840795548,0
231.381923,143,2059.570947,2.6972512167874463,2.1172017774158145,0
229.316587,141,2059.818165,2.585843689437439,2.1189973866481884,0
230.180618,141,2060.182248,2.861183815397221,2.3117634856834868,0
229.26807,141,2061.080877,2.5998422356764426,2.0772894272078424,0
228.212704,142,2061.331354,2.469179095025185,1.9323505792939513,0
230.737312,142,2061.767066,2.731444980330032,2.219745451651881,0
226.360865,142,2062.289638,2.4430642342527458,1.9138461553134705,0
233.364749,144,2063.102153,2.693177150376964,2.106709914416868,0
226.823131,142,2063.367648,2.515394839235782,1.9913077542954343,0
230.88512,142,2063.644308,2.7109937249356912,2.150589624621948,0
226.853496,140,2063.878791,2.563765807381561,2.139748846593141,0
231.56052,144,2064.550052,2.756885497345305,2.2279002447085468,0
230.557352,144,2064.826276,2.4799270712328654,1.9570572740895464,0
229.435128,142,2065.10838,2.6217871325809656,2.1100496638219837,0
228.792213,141,2065.819695,2.906784842860893,2.370197574300235,0
226.989261,143,2066.079363,2.536582891764631,2.0574128692723748,0
230.342128,143,2066.289448,2.493985716884071,2.017306172842402,0
229.979932,144,2066.568845,2.594650382741478,2.098312608267827,0
228.013534,143,2067.287019,2.4481825028086126,1.9576614360996976,0
233.008488,144,2067.523106,2.5380083818251595,2.0027697507721407,0
230.232425,142,2067.752519,2.6673032443785374,2.079172068915889,0
225.198115,141,2068.409059,2.696191235475041,2.16234062609905,0
229.742847,143,2068.650908,2.583362119802643,2.095124130361805,0
226.167112,140,2068.880355,2.618636445101134,2.0456019041588576,0
227.876912,141,2069.110869,2.459514278187757,2.019950253220779,0
232.907781,143,2069.768836,2.662327723425705,2.056341676985093,0
232.301788,142,2070.006281,2.7561007081472737,2.2076019727016174,0
224.101417,143,2070.271549,2.31819815613898,1.8945740104073965,0
230.383304,142,2070.726489,2.5177746672042685,2.0071650358193462,0
231.657368,142,2071.414616,2.8349687094805742,2.2728928216885476,0
232.777775,144,2071.649566,2.581645194898026,2.1143640755222015,0
231.034962,142,2071.877295,2.561519911675727,2.201069562776338,0
229.47247,142,2072.565134,2.6910005281197544,2.2470860767891274,0
233.807915,143,2072.796996,2.839903535557861,2.2727216789834253,0
232.777307,143,2073.027752,2.535214630872092,2.0552235973235393,0
231.795209,142,2073.369301,2.7117609318064733,2.2711324566858297,0
230.530171,142,2074.092282,2.595860555069324,2.120971259895537,0
230.807297,143,2074.362156,2.658320399094065,2.213131230952707,0
230.564567,142,2074.64264,2.532245905131033,2.106329230441693,0
231.94085,143,2075.350304,2.523230400823086,1.9903994526611553,0
228.826925,142,2075.60071,2.5389784743288812,2.1233310446879,0
228.205477,142,2075.863505,2.6322745223366524,2.067276358236088,0
230.735715,141,2076.10765,2.669692579364186,2.2583339754020537,0
231.181959,141,2076.845741,2.713274448009183,2.2677578286422886,0
230.7671,143,2077.10938,2.748711141313593,2.1809484317509873,0
232.018865,143,2077.383117,2.7528509022261374,2.154488157323529,0
231.73397,142,2078.086589,2.604486589837184,2.104682890727809,0
232.410507,141,2078.325963,2.7256597247067536,2.1612634638612107,0
225.865199,139,2078.555726,2.6469970522863675,2.1753940032953416,0
231.922438,141,2078.788117,2.7924650098740487,2.210664178388347,0
231.74573,142,2079.444746,2.6263256827753425,2.2486746315263004,0
232.810827,143,2079.676486,2.5368038702505102,2.0370296125216045,0
231.890495,142,2079.942178,2.676684411614715,2.2695925011188613,0
230.027193,142,2080.240673,2.728823558577065,2.257751758376749,0
233.304879,144,2080.925761,2.6284995782932867,2.11238784585932,0
227.754865,141,2081.157598,2.6666647830771035,2.219715219073452,0
229.991325,141,2081.382397,2.7328047269028897,2.2937330891830854,0
232.129975,142,2082.042908,2.6545216638562135,2.074018766901001,0
233.527089,144,2082.310811,2.657784805511764,2.1102150216718876,0
229.748236,142,2082.583826,2.5849025256735927,2.1385090922480305,0
230.254279,142,2082.890489,2.5958206213452772,2.194772372670601,0
235.424027,145,2083.58329,2.6864461408756926,2.175991227621336,0
234.773953,145,2083.840828,2.5929197936039623,2.059671558346413,0
234.03901,146,2084.142434,2.527133603837852,2.001136578390031,0
234.588965,143,2084.835514,2.7365610235340667,2.280616027171974,0
234.855524,144,2085.069588,2.523766449807723,2.018620607901795,0
231.791252,142,2085.429828,2.9113528638322483,2.377670384170796,0
231.457189,145,2085.949594,2.5473895452674182,1.986866898438554,0
228.850927,142,2086.803454,2.6731521982070845,2.2128233262968027,0
232.468357,143,2087.064034,2.559430013911858,2.1895370069845215,0
236.294127,143,2087.454835,2.8821559047725605,2.3313223721885437,0
233.298972,142,2087.982403,2.7661479153165924,2.3283354328472754,0
235.83884,144,2088.710782,2.7419321869497932,2.289729189537392,0
237.01556,144,2088.954887,2.805841043242641,2.30785114706958,0
236.25443,144,2089.380972,2.589710510941169,2.0209567052990947,0
235.389071,143,2090.253866,2.8062296072040045,2.370886411861223,0
237.938244,145,2090.486744,2.839664463723392,2.297771708889676,0
237.908181,145,2090.807743,2.651213759508124,2.0818721006412924,0
235.73598,144,2091.329062,2.624599177555728,2.1204080685648563,0
239.933314,147,2092.114274,2.6575136889341056,2.0643006210678285,0
234.507917,144,2092.345339,2.6454090607217053,2.0771628021822255,0
235.033098,144,2092.57805,2.7917146991545247,2.2599185703050613,0
231.822074,143,2093.265209,2.6084442572123114,2.1073745492750264,0
238.026599,146,2093.513458,2.62920871932847,2.1208968704191977,0
239.907655,146,2093.756472,2.7383425822720735,2.1485788932770804,0
237.389984,147,2094.209263,2.6860423831438274,2.1471325021444616,0
234.726394,147,2094.989642,2.528709817726536,2.076692892661176,0
234.081016,144,2095.206819,2.5724890989225657,2.097874181676979,0
236.914521,145,2095.524647,2.7956465410317177,2.3515801729723202,0
237.444413,144,2096.42465,2.9689943217476,2.4139909012171223,0
234.632933,145,2096.664557,2.5810596292802694,2.1460625194065996,0
235.670463,145,2096.960909,2.5657002520321073,2.073735612241091,0
234.374597,143,2097.379017,2.750015017917561,2.3201113809578424,0
237.082679,145,2098.176929,2.598329192677382,2.1319875603349088,0
236.016423,145,2098.420002,2.6130008545843317,2.108727993413064,0
238.592875,146,2098.663476,2.7913879103385018,2.343092498757319,0
235.846961,144,2099.328139,2.5552203736150836,2.044385956012434,0
231.128967,143,2099.58294,2.7717027006881607,2.3572898903682673,0
235.752541,145,2099.883688,2.6798041870161997,2.243567078003764,0
239.319593,146,2100.231132,2.664025598664911,2.265075138255945,0
233.954332,145,2100.960289,2.5974703923548574,2.261274735842464,0
229.272935,145,2101.234548,2.670848421325479,2.181534881873196,0
238.547398,146,2101.58217,2.7663960478906797,2.1995300834586033,0
238.477626,145,2102.529835,2.770110739553765,2.3099193531840942,0
237.109246,145,2102.78051,2.8023876810785695,2.2427536024630603,0
237.396551,145,2103.052774,2.64059637766072,2.105091079727728,0
236.897236,145,2103.36963,2.793078713404256,2.237283832756087,0
236.952395,145,2104.117551,2.666331027031338,2.2537788856756147,0
239.721655,150,2104.361513,2.329438143204373,2.2271345016156463,0
235.971504,146,2104.805512,2.637665234993524,2.137907096095357,0
234.414297,145,2105.758951,2.697088390511321,2.3038096719275405,0
161.727639,122,2105.9645,2.157021576256172,1.1126295131437225,0
236.89152,145,2106.258407,2.837692463297526,2.326644163841015,0
228.564892,146,2106.60185,2.635930240383991,2.281979094786277,0
227.885434,145,2107.360787,2.70629420547345,2.332090983820169,0
233.300761,145,2107.620443,2.6770027656436497,2.1848585497300186,0
298.638015,185,2108.020287,2.8367641517856135,2.2879629397978625,0
227.684486,146,2108.793625,2.506293546662329,2.1096945916851286,0
227.995102,145,2109.025568,2.727098665624327,2.400192911406331,0
239.035251,151,2109.249848,2.303052717338383,2.1223516487146137,0
232.774116,145,2109.522959,2.688675994798018,2.2010430562356302,0
291.101432,172,2110.258705,2.938943488619841,2.5005932897943,0
234.400959,144,2110.471302,2.673631458576268,2.1614135068217655,0
234.371082,145,2110.684463,2.6140781186541147,2.158888741592001,0
299.15659,183,2111.411132,2.7935416322476896,2.2699678749846997,0
308.029829,190,2111.729361,2.482909044697355,1.9401835201189312,0
225.452142,142,2111.964024,2.723490449420885,2.4182011196134483,0
223.662876,143,2112.760395,2.94710843650644,2.567581717907744,0
301.827522,185,2113.09848,2.698347568442547,2.3533745735301537,0
226.386765,146,2113.424654,2.7336640450163947,2.530673450732386,0
236.326478,148,2114.239479,2.436226396840952,2.3138382143220997,0
238.008409,150,2114.483912,2.5247374607024597,2.3366294633436575,0
235.533045,148,2114.723087,2.501017032096128,2.3481455058535916,0
232.104988,145,2115.026844,2.801937248182046,2.349641120043303,0
295.254393,183,2115.863922,2.737635562558196,2.409916947950096,0
296.252276,183,2116.217494,2.856050198870091,2.3216655978750462,0
144.748103,115,2116.605555,2.020974460381847,1.0363148594838592,0
283.362345,176,2117.380853,3.032037309530598,2.580818379425244,0
164.026293,124,2117.585019,2.1212577432878077,1.1146186131971862,0
286.146847,179,2117.868879,2.870695045156616,2.567129604071306,0
297.700522,187,2118.581885,2.6322531505184132,2.1313218848547715,0
302.440766,185,2118.87768,2.8496673390236467,2.3476222158350075,0
287.862267,180,2119.42403,2.780151300755781,2.308352056296634,0
302.112454,195,2120.448064,2.209450723791515,1.7774329353027363,0
266.462635,164,2120.733333,3.049202840870346,2.4772439098901455,0
290.721254,180,2121.142511,2.742677194435035,2.3131437285518484,0
245.69023,156,2121.9465,2.6765483414059004,2.4276090155910164,0
308.702959,181,2122.242455,3.1390558212157553,2.7139848722294073,0
219.463972,142,2122.479811,2.8828765948181747,2.4462964878284494,0
212.691604,141,2123.13311,2.8784831473030006,2.5475761109530044,0
288.663836,177,2123.420205,2.776067772973958,2.4184858432187264,0
245.471531,157,2123.671154,3.0103100590881127,2.7461952862712473,0
229.249764,146,2124.332619,2.7220208703726305,2.4785763453086855,0
312.390713,193,2124.644774,2.404880356366491,1.9224470924044148,0
301.363879,184,2124.938893,2.691122720736976,2.3129357034316667,0
296.395291,182,2125.648382,2.7370439378508555,2.2980278022776677,0
303.430178,186,2125.933458,2.7543587514232195,2.17613947697227,0
226.564491,145,2126.151074,2.7375434122483293,2.516055181914877,0
286.549005,178,2126.851145,2.7266330044865006,2.30714591832973,0
299.43643,184,2127.137075,2.811347367403711,2.2584823555517795,0
230.905037,148,2127.439574,2.4918128777032655,2.3063920986164095,0
299.522547,185,2128.388411,2.77062801945093,2.1478001481438134,0
306.268619,193,2128.746339,2.2727770183493297,1.9056513454886486,0
294.264315,182,2129.107723,2.7937463567130982,2.3455212327679784,0
226.051653,144,2129.798827,2.8383951212952567,2.450432011999336,0
224.714803,145,2130.065554,2.8508091235595994,2.506993539022464,0
294.016431,183,2130.443681,2.671222016588663,2.2585354356010225,0
298.865927,183,2131.387509,3.115054705194662,2.7621666844289767,0
228.990042,146,2131.629781,2.385192581862253,2.210034583829735,0
245.481765,154,2131.949587,2.7906650808922966,2.556650734457028,0
285.874267,181,2132.920563,2.6953962273380854,2.3511049058054763,0
285.256783,181,2133.240881,2.5602043763044904,2.0944453416081785,0
272.217232,172,2133.706666,2.958860078278828,2.601428963305406,0
284.90104,178,2134.533203,2.749448186304032,2.2582648222309807,0
158.063167,124,2134.746785,2.3179987120535124,1.201242023966041,0
292.076565,183,2135.052672,2.7959489596371214,2.313090821342346,0
293.023035,182,2135.786767,2.872681475772078,2.286843878155287,0
295.139514,185,2136.095061,2.568535026175714,2.0226424886923673,0
243.659164,155,2136.427861,2.790735883718341,2.5688041078177677,0
304.247826,194,2137.238543,2.312123044663777,1.8744906045562422,0
290.007901,181,2137.542944,2.703877008803284,2.3714029281621105,0
293.909155,180,2137.84052,2.6949007397363576,2.271678730406976,0
260.884846,161,2138.605257,3.1299774610506867,2.7935518985916863,0
299.704582,189,2138.919441,2.4258629197788624,1.9295398203905156,0
304.966962,193,2139.258705,2.569881842940686,2.0366814852159525,0
300.421593,193,2140.101548,2.3258612016098272,1.8653733378491915,0
293.588885,180,2140.379024,2.7208820443837767,2.3414789661444138,0
299.539376,192,2140.688003,2.27178910111756,1.840578692513027,0
290.926774,187,2141.426254,2.4654744422023347,1.9615601617210106,0
295.868886,184,2141.730566,2.833260306481574,2.2523174867203974,0
299.83461,192,2142.466906,2.3189727111668756,1.8794795018087997,0
154.362271,119,2142.664488,1.8269601887217073,0.9261541474428282,0
161.05686,122,2142.865216,1.9308906360431637,0.9650291908541839,0
150.826997,120,2143.062575,1.926957595842183,0.9560768317525367,0
161.825118,122,2143.757749,1.9829448407232901,1.0057158383910154,0
168.122191,126,2143.965689,2.051916094251944,1.0311855666903855,0
150.489006,119,2144.262467,1.916658981759087,0.949377249755508,0
159.378132,122,2144.68504,2.076158737094091,1.0635821701248522,0
152.416883,119,2145.114819,1.9890323274012431,1.0176677947780546,0
158.316014,120,2145.781659,1.9352110414962482,0.9804754129224162,0
160.557158,122,2145.977149,2.0074808479054114,1.0278759202924561,0
161.436288,122,2146.173795,1.9276171205191757,0.9770150890356514,0
158.649602,123,2146.37216,2.0868583554144813,1.0649469664312696,0
162.006753,123,2147.012963,2.015327657443283,0.9971655598933269,0
150.346053,118,2147.209591,2.0506661075955988,1.0479238370657877,0
163.090539,123,2147.407007,2.048406392534417,1.0446674641500642,0
156.825732,121,2147.602944,1.9573352813856844,0.9974516136026806,0
162.776837,123,2148.230053,2.005747949760912,1.0062512960963366,0
137.621064,114,2148.427261,1.7969222086457974,0.8819396768792247,0
156.506656,120,2148.65874,1.966077700591791,0.9886456988169637,0
160.140722,121,2148.9022,1.9128412706321432,0.9778614959561357,0
150.287195,121,2149.589839,2.2682406459765123,1.1663063508470235,0
166.540657,128,2149.887867,2.335041165613614,1.1678334820256575,0
167.49858,126,2150.133484,2.249475700151587,1.1569891802387393,0
163.417272,128,2150.381054,2.4283388573915787,1.2651879451341284,0
315.634786,191,2151.134784,2.560260287830585,2.0012883031761426,0
317.103337,192,2151.491695,2.4675435467277542,1.95047222106583,0
314.787305,197,2151.867919,2.2870124753891075,1.8299129168947084,0
210.662745,141,2152.539566,2.3235299665546627,1.8300107396222107,0
311.955889,186,2152.846514,2.651012953990867,2.031958535400751,0
318.296588,196,2153.195485,2.3679084773732786,1.8860848345422765,0
321.114034,190,2153.92384,2.73187028542424,2.1774487949709784,0
317.656055,195,2154.242444,2.339353463937556,1.8632965595310353,0
301.97968,180,2154.957767,2.778017634968981,2.4347199562163158,0
312.884309,187,2155.268507,2.675713115390978,2.1772565766193455,0
309.092244,191,2155.687066,2.3446972135079505,1.8532637564049717,0
304.163009,188,2156.626505,2.337442381688707,1.8674236843179486,0
302.178655,184,2156.931942,2.917948167793273,2.4025674167811673,0
318.387346,191,2157.243139,2.8928610974453077,2.4519417970976147,0
305.247745,185,2157.980846,2.9380975407490317,2.3766745705873076,0
321.373675,192,2158.290265,2.657817958074145,2.088111560503534,0
302.014335,183,2158.582588,3.1136398042627516,2.776023364445282,0
317.929727,190,2159.372922,2.552752665583194,1.9734192269020696,0
321.251613,192,2159.947903,2.4841056340906853,1.9983560094913928,0
330.081007,193,2160.979098,2.9364573126894045,2.4575941705452693,0
237.187286,150,2161.231929,2.8922441190176396,2.6590817457759397,0
225.442106,143,2161.506752,2.689278402540157,2.3611688485094744,0
334.217916,199,2162.565897,2.5309624589791784,1.9894604602585095,0
319.635462,190,2162.908581,2.802632341609426,2.3667153547122086,0
354.092222,205,2163.354896,3.0381428949064238,2.417416602122328,0
314.817337,190,2164.279109,2.9844150407042567,2.63581722570373,0
347.61534,204,2164.638146,2.949938935862144,2.3833206804569618,0
341.878342,204,2165.448117,2.5387482387251485,2.0223828009551004,0
337.612261,198,2165.781527,2.6010537272275576,2.057363333749544,0
324.609637,191,2166.082906,2.851314734537586,2.5413944836525744,0
328.688045,200,2166.884228,2.375213482433401,1.8823486103215104,0
321.290456,190,2167.195721,2.897451678861213,2.490612506009063,0
322.239697,194,2167.642918,2.4956358371266636,1.9958724042248444,0
342.566883,200,2168.505115,2.9976589265775444,2.509785223308177,0
354.043665,206,2168.888551,2.6841885221639448,2.133957102034531,0
342.006311,200,2169.679317,2.8842784821833574,2.5645123770342946,0
363.727346,209,2170.106191,3.0503546261910475,2.738587157955335,0
215.327686,142,2170.572225,2.483953208174601,2.0606950679540397,0
352.10174,206,2171.578557,2.8892370959159157,2.286811996268835,0
354.168719,207,2172.156176,2.6928369583691256,2.424090042040065,0
359.349401,209,2172.864802,2.851134589335455,2.4955788296606762,0
352.908061,207,2173.737793,2.852716925620611,2.2739475372910976,0
362.224992,207,2174.439946,3.048123313358649,2.7992921578774177,0
373.85473,213,2175.451121,3.0474586888147996,2.6835260589806027,0
315.290547,188,2175.75829,2.899068517963561,2.448632785547314,0
223.56344,146,2175.994054,2.9497711296680063,2.599029877922282,0
315.672196,188,2176.739279,2.9581828538783013,2.5011434518226072,0
332.717119,197,2177.130446,2.685968312174036,2.47157320878029,0
351.331114,200,2178.054681,3.0635981013760176,2.452187840535491,0
346.060816,202,2178.392258,2.746417208024315,2.57503900811709,0
358.932627,206,2178.736144,3.1082926354333664,2.6485618938358644,0
350.046316,204,2179.493929,2.7455698597579,2.201710406166494,0
209.503565,140,2179.719748,2.641905616499761,2.386066434460363,0
296.787348,181,2180.01257,2.9889967058869695,2.4089596620589107,0
307.601963,184,2180.745562,2.9391639860838463,2.2967775760187212,0
338.177993,197,2181.087588,2.809043850044562,2.536471396524986,0
366.189753,215,2181.792743,2.767678647863709,2.5913184728422354,0
323.38493,192,2182.573964,2.8606875373074026,2.4060153729018126,0
366.564939,212,2182.910276,2.9217237413513635,2.628612026279347,0
367.1228,210,2183.732589,3.0685908994841244,2.6093427048631916,0
367.758251,214,2184.120225,2.851202909116167,2.6310820647910234,0
335.225453,203,2184.935272,2.3952595577745344,1.8994397999762251,0
367.58198,212,2185.344213,3.01176156146285,2.6723944137499256,0
323.774015,191,2185.958814,2.8737807029105005,2.496594724925925,0
331.166614,195,2186.768337,2.6932550094383587,2.439478786487235,0
362.990105,206,2187.165442,3.177403207530777,2.6589102710187813,0
346.339206,202,2187.576132,2.6900468580490067,2.1020438452683847,0
401.737834,231,2188.437927,3.0892280201952076,2.6382178403648258,0
355.643087,207,2189.135129,2.6724746953355414,2.4783098508616512,0
373.486804,217,2190.160997,2.8023510209245956,2.574157739723546,0
338.832714,199,2190.633953,2.701040786641704,2.5203437506132045,0
362.868357,204,2191.764441,3.1554920802049344,2.7239441250585017,0
357.352635,209,2192.144283,2.8310351213690494,2.5350695312553873,0
404.588565,232,2192.684276,3.0292505411887,2.622813823842563,0
351.646938,207,2193.511953,2.631228996886891,2.431102752870182,0
354.178275,207,2193.959797,2.7049060081970273,2.124289436221153,0
364.65142,215,2194.999633,2.5131763987766838,2.2777390695720823,0
347.225687,199,2195.39334,3.1508141964366807,2.8030364994783614,0
366.977941,209,2195.906858,3.022144857555302,2.6833600997255385,0
367.168254,218,2196.775548,2.568825314029244,2.400598868706371,0
355.078635,214,2197.518038,2.442921668868502,2.306035639821018,0
361.445704,213,2198.554183,2.818948912991015,2.608044140284098,0
313.845243,188,2198.919812,2.8974907615441468,2.4014603027665564,0
344.005369,201,2199.401191,2.553582418545159,2.3538720956292956,0
350.198364,206,2200.199612,2.550709752812527,2.409861356180544,0
364.690456,214,2200.76549,2.3665211083603768,2.1505557657043988,0
318.625456,189,2201.896873,2.8405140375739566,2.4525005250573315,0
344.981761,203,2202.367804,2.9410282178257674,2.4321447738844726,0
232.402968,148,2202.88743,2.7647902276901086,2.612398694044283,0
367.208845,217,2203.993142,3.131624902642308,2.7589965049310625,0
353.759905,209,2204.399497,2.589377221776811,2.377616929025976,0
365.185912,214,2205.634266,2.563368139513233,2.3419953350294924,0
364.817529,214,2206.114987,2.3045286756891885,2.0864848601868125,0
377.459481,220,2206.896224,2.8968240226082274,2.682446240168341,0
344.36693,201,2207.889102,2.765279578877677,2.2082021132822307,0
372.634263,221,2208.212819,2.6471948615975154,2.4256507659582387,0
357.703303,207,2209.150014,2.98274430350401,2.5772961537297,0
361.083478,210,2209.561881,2.869187551852202,2.635253571552476,0
353.031392,211,2210.183013,2.5516741577260555,2.332436208318202,0
368.351755,211,2211.164175,2.5614697267063393,2.4619728526546645,0
373.102144,217,2211.804413,2.778028372736331,2.5575788466602205,0
366.35236,214,2212.920915,2.6415197018948406,2.472824055603133,0
348.2409,207,2213.427556,2.662307495289798,2.48868461966548,0
408.074187,232,2214.62862,2.9371004462843935,2.5080931499778307,0
380.443151,220,2215.052226,2.699996775329739,2.5167068937270876,0
364.961342,211,2215.576823,2.667952236355091,2.4301828119450612,0
379.875445,222,2216.55329,3.057421017796927,2.714214760361069,0
319.696983,190,2216.941171,2.8380414031247976,2.5355516686978734,0
226.757212,151,2217.797151,2.6040672793404247,2.034477885709072,0
358.466406,218,2218.192281,2.5607847998667297,2.351174959028107,0
357.997618,212,2218.707808,2.5474719157691523,2.3854924760478777,0
377.249404,219,2219.756689,3.1954757833527863,2.8986783946134174,0
347.583358,203,2220.360545,2.9356217026541063,2.6343569546530157,0
416.519106,238,2221.53822,3.000715892903528,2.543563371075071,0
351.065982,212,2221.930316,2.5517793065985197,2.3870360917010447,0
351.553257,202,2222.357701,3.1104641075681663,2.704136267811261,0
326.998299,197,2223.255474,2.7178477520478044,2.441457747030615,0
362.592932,220,2223.6572,2.589119939122353,2.364515005467867,0
330.570242,196,2224.626289,3.1074497978948687,2.552893767791229,0
347.907572,204,2225.023957,3.054315043566274,2.8099373583055445,0
337.99663,205,2225.565837,2.786566303782575,2.407865545507114,0
368.570601,222,2226.469745,2.7192930002415183,2.4866861630670485,0
343.265072,205,2227.035922,2.857298444517927,2.506015491334609,0
333.455473,200,2227.98551,2.9488221153754908,2.3777802974901165,0
357.157706,205,2228.470773,3.0119674386442337,2.6624687814817056,0
343.349876,199,2229.183769,2.9752343333204654,2.329296508921251,0
352.90704,206,2230.004402,3.047611513060673,2.7544488264943507,0
380.031987,224,2230.596828,2.6821172783252347,2.5138117120553156,0
391.229986,230,2231.605233,3.178761506581144,2.9147254328893832,0
346.94101,207,2231.977771,2.8739739949415712,2.345167701922466,0
367.976682,216,2233.076444,2.6270158769151486,2.392952822787103,0
356.104958,207,2233.421037,2.8887120389462977,2.6240238080683485,0
368.989933,213,2233.766724,2.700525745356756,2.497300183087212,0
232.871137,152,2234.444656,2.670404778858807,2.1700084010814056,0
306.344632,184,2234.751707,2.7362780447009984,2.1402704619295867,0
362.328994,212,2235.160676,2.570839336463129,2.387917161996815,0
371.143867,223,2236.051308,2.7982951710640283,2.599635547624807,0
415.396007,235,2236.495235,3.1341153172069647,2.671228944508423,0
418.984942,238,2237.46952,3.0236866860620153,2.539687849342753,0
373.794851,215,2237.939183,2.7146705687926853,2.5290812570054637,0
367.768948,213,2238.840195,2.8524720457495114,2.6259550298363035,0
229.561017,151,2239.120853,2.5796905580441805,2.0185732757048056,0
226.637104,149,2239.396293,2.652770139622569,2.1487804140135163,0
384.44194,220,2240.398398,3.2855159007050543,2.865517898840383,0
380.272735,218,2240.799056,3.0641330167755916,2.8972841215113396,0
223.774128,148,2241.09272,2.605070941865201,2.0964493137548996,0
416.79465,240,2241.964104,3.1889711418407582,3.025933057819915,0
232.007786,150,2242.342615,2.6990374270909503,2.2483002383579973,0
239.203328,154,2242.616011,2.7799951007456145,2.1910724836146964,0
397.662594,229,2243.454659,3.22847317543107,2.8200955036006152,0
382.902796,224,2243.993032,2.8559218135562103,2.593450732239689,0
219.566843,148,2244.713279,2.5092717128496056,1.9387407550805693,0
228.473402,149,2244.968017,2.5903515394966523,1.977344951564001,0
393.438011,227,2245.343396,3.1780382316250666,2.851023652099098,0
233.169853,149,2246.022391,2.7132556537096866,2.3622648736267524,0
398.664239,231,2246.657943,3.141944841790076,2.7214146801582344,0
394.347234,228,2247.712656,3.2161234118557482,2.8444088630626605,0
371.572739,212,2248.083992,2.592001720640725,2.3625159242472424,0
386.038817,227,2248.841253,2.7721668237790733,2.542601838584882,0
230.796145,149,2249.712658,2.5976891397976374,2.2467576281894113,0
385.179204,222,2250.183139,3.199215672884514,2.840420839477023,0
362.643627,210,2251.292273,2.6530979522938805,2.399693932070246,0
363.899745,212,2251.736732,2.5637275417731225,2.302128400457471,0
249.472325,162,2252.309091,2.714809494071962,2.290151640191755,0
249.299707,161,2253.249887,2.7530469554340837,2.1985201437755544,0
354.131172,201,2253.566721,3.066104036499713,2.7079857948237898,0
368.029852,213,2254.049616,2.7319359341234066,2.518168386075522,0
347.376666,205,2254.852416,2.866914165090659,2.4422635031652873,0
358.183333,210,2255.350097,2.898064848192606,2.6139624084475783,0
354.892401,204,2256.392427,3.0096741779569234,2.6410831886774067,0
342.745001,200,2256.724406,2.7306302512376903,2.5677070921850733,0
408.976161,242,2257.14142,2.9506818947301565,2.4752793441676846,0
347.940729,199,2257.908981,3.1947182851610174,2.434014335381626,0
364.47888,214,2258.256469,2.9808598930554413,2.6686434208934746,0
408.405003,234,2259.06768,2.985279207858486,2.5179887477030203,0
345.474837,205,2259.400853,2.5833247522797738,2.3849440047617665,0
362.811132,210,2260.163558,2.7371927732926595,2.515730536430249,0
249.251487,160,2260.445295,2.668793144569496,2.17030058484921,0
392.89634,227,2261.021727,3.232076866887771,2.8003242647332995,0
252.423134,159,2261.756313,2.7837122376169408,2.2204965425588203,0
238.51189,158,2262.013169,2.6446225022533247,2.2809041260462406,0
361.312334,206,2262.687068,2.687357667506244,2.4636210783371717,0
370.028317,218,2263.654524,2.785894658211792,2.5686467248961096,0
373.502773,218,2264.005288,2.74617193199704,2.4578455645438835,0
378.260613,220,2264.92629,2.7113595898681737,2.4725126734035414,0
363.479087,209,2265.268179,2.6962969958296834,2.4295631912122255,0
373.262382,215,2265.805583,2.506544265133108,2.2797716487254163,0
364.71505,206,2266.647602,3.011052399706475,2.7600254772971935,0
332.302819,197,2267.114435,2.631487032362383,2.4084547032415315,0
361.511371,210,2268.025558,2.5122414231495536,2.3100421659307724,0
424.637873,244,2268.479959,2.9771129027250303,2.4579611283334954,0
353.251675,206,2269.663208,2.9211767210507413,2.599061169303594,0
235.514704,151,2269.900054,2.7403601083356226,2.1360815877170567,0
351.039612,200,2270.196245,3.0061972299372504,2.517218217535637,0
272.905688,171,2270.887681,2.8497492826512123,2.2579775751661253,0
391.184784,227,2271.300304,3.0841491988605507,2.6191192631534403,0
256.324959,161,2271.818191,2.8642181953432706,2.4331440274287197,0
260.231469,163,2272.735459,2.928663077375372,2.3876805419695297,0
255.527651,160,2272.998853,2.9344034171855173,2.386206384100655,0
257.071672,162,2273.318197,3.005544229092866,2.6496122148770125,0
292.946559,183,2274.136161,3.123386216712367,2.445828934516958,0
379.870412,223,2274.698441,3.2892676928639015,2.7444890157981847,0
263.933306,164,2275.264843,3.069909803769053,2.493782328521172,0
371.92573,217,2276.224106,2.7421031034371914,2.545194467272186,0
357.050555,208,2276.649372,2.7941776401036247,2.563890046914358,0
356.450412,204,2277.54469,3.020352811075974,2.669380557146981,0
341.188799,199,2277.912623,2.85683444880544,2.1412596668337325,0
336.593024,199,2278.367779,2.9414339901581648,2.2334013377375177,0
377.363682,216,2279.225628,2.6199498346829215,2.422995386417912,0
368.908118,214,2279.676472,2.898286120063817,2.6258265170513693,0
376.55397,217,2280.670111,2.6267618153476815,2.3535186080628976,0
369.636836,212,2281.073562,2.521059535872789,2.243882418285432,0
373.633175,213,2281.608351,2.7775793470678507,2.504844117464891,0
364.151735,209,2282.446132,3.413140043864259,2.8493513829238544,0
336.957382,199,2282.850985,2.8861438932810404,2.167426691121875,0
361.253326,209,2283.708323,3.089464743406836,2.4681107296160514,0
340.319487,197,2284.074743,3.098673276356088,2.352312614568608,0
375.128181,212,2284.789452,3.274061305821453,2.707693594858768,0
363.227076,207,2285.602641,3.224969497321995,2.7155725526464933,0
383.951672,219,2286.035217,2.682686536297267,2.355557017380681,0
379.181846,211,2286.953969,3.2885606701082373,2.8294123674079765,0
390.195371,217,2287.486444,3.1979437657200034,2.7890833090864096,0
237.261434,160,2288.060658,2.5142768307651986,1.9455037364442564,0
274.873907,164,2288.844843,3.199812007293031,2.7102355181397937,0
385.693378,213,2289.194918,3.2241481555273386,2.68840770530194,0
279.777046,173,2289.952364,2.7061342209830856,2.1303329873899863,0
393.665588,221,2290.327689,3.066827467786536,2.669968265947208,0
377.085767,212,2290.713803,3.2645057985534947,2.8118477645773226,0
374.663208,210,2291.539615,3.254802132359744,2.8889065525937454,0
380.712591,213,2291.889762,3.1911041610419337,2.8492254156731596,0
241.430722,155,2292.184003,2.6186477183121184,2.082215507493468,0
368.118206,206,2293.021483,3.078360576185404,2.8447430654168273,0
383.874578,217,2293.411513,2.890345453127273,2.655898971168068,0
381.048388,210,2294.3522,3.303196976920632,2.768147273795545,0
366.402657,204,2294.754935,3.251968351834279,2.6375370239992937,0
385.299295,220,2295.827671,2.7424259388087675,2.444845584186725,0
352.38927,204,2296.268175,2.8645184708378575,2.277921245110763,0
369.043452,205,2296.89602,3.2221184250111023,2.646063685407084,0
404.127936,226,2297.866379,3.2417136368512236,2.7049909972891895,0
397.810242,221,2298.224035,3.311867406757379,2.895779306445597,0
390.065617,216,2298.999368,3.2273234094048897,2.8348101626531195,0
386.211083,214,2299.434586,2.9958998221611974,2.7568197922947157,0
255.128874,157,2299.796984,2.976829564384199,2.434579520148475,0
360.964751,199,2300.613656,3.227464164249076,2.7024781785555483,0
378.712465,207,2301.103609,3.047737172531677,2.6946384253414375,0
376.677513,207,2302.24979,3.153827225829452,2.6676434484537936,0
383.376965,209,2302.614255,3.40262754547986,2.995799120952691,0
387.950932,212,2303.240911,3.3529735015442186,2.940819563056353,0
383.048836,212,2304.151611,3.267601602295777,2.8367239372379633,0
373.64193,206,2304.587453,3.25463425066507,2.912130739755409,0
395.108228,217,2305.491917,3.2045763128457856,2.7797901736657864,0
283.320265,170,2305.810866,2.9880820302255273,2.6674037873838468,0
383.532637,209,2306.292631,3.178212510584632,2.664459229783315,0
416.442517,229,2307.552269,2.9706790035107695,2.5562661947236864,0
412.363967,226,2308.450793,3.0319410698365843,2.505573692129548,0
399.671105,217,2309.539229,3.2328906924291294,2.7202425186314985,0
420.883942,229,2309.959601,3.119275404925718,2.7322707086604034,0
399.918019,220,2310.888495,3.1372018872630223,2.632298548531302,0
412.306505,224,2311.298857,3.1216532347251236,2.598208627632838,0
430.681691,237,2311.839319,2.8827611542265434,2.409416166176808,0
432.099521,236,2312.668152,2.970399371218753,2.4339160357828487,0
411.810607,230,2313.360274,2.9994561557979518,2.6223924454180456,0
338.793975,196,2314.247285,2.897686976783914,2.646097463416465,0
408.059608,226,2314.799641,3.1378915654176494,2.6380229607722168,0
388.443223,220,2315.886252,3.2287989323229267,2.8587659977852913,0
421.355085,233,2316.42921,2.9706244738690195,2.505930938769041,0
415.771125,228,2317.629713,2.9649711495925763,2.5094161733802256,0
418.601395,234,2318.008301,2.9061202030870326,2.4988467679135336,0
421.450322,233,2318.580065,2.929296024878699,2.4585542910331606,0
347.873606,198,2319.402672,2.8176978256494896,2.623130767589454,0
234.405756,154,2319.69262,2.614702908260209,2.119432493867417,0
398.186584,221,2320.811684,3.3380596484512406,2.8948722560929427,0
456.027963,251,2321.216254,2.819612890329724,2.3373324721368185,0
241.237115,153,2321.459134,2.9179544957126957,2.539633475563919,0
427.236811,241,2322.281588,2.889806275689171,2.467608544170825,0
430.491514,236,2322.659323,2.9826985641127948,2.511515840163058,0
397.196134,222,2323.443832,3.2528127034154535,2.860606266190224,0
400.980666,221,2323.867507,3.175095293691339,2.7454298596962587,0
412.935525,228,2324.978938,3.207016604484741,2.7414082315281934,0
389.278059,215,2325.334237,3.287375617357904,2.835845109905337,0
400.723519,222,2325.691209,3.315445580007322,2.859543560797736,0
426.61661,241,2326.507006,3.1749072239319,2.7893544412905658,0
427.503601,242,2326.959304,3.014160843030935,2.5349130301679152,0
414.986435,229,2327.765835,3.2253027904723517,2.6995484305030657,0
362.199039,209,2328.256202,2.8537074093444823,2.576768013939659,0
421.387047,236,2329.340599,3.0341087247676692,2.6394426284135495,0
393.658793,220,2329.694057,2.7894651960967143,2.411111734667133,0
415.471822,234,2330.576267,3.074974854899579,2.551486960720542,0
395.855664,228,2330.952256,3.0604266541885283,2.520903406122675,0
444.811743,258,2331.789518,2.4878359715536043,1.9311976759975893,0
246.330985,158,2332.059506,2.884193026828821,2.5807792211800304,0
385.471503,221,2332.477196,3.1995890553687953,2.697225060330701,0
410.695089,231,2333.521022,3.1766919528474094,2.6559506748737856,0
363.214164,205,2333.854158,3.05689590064096,2.830274459705612,0
409.329626,231,2334.742731,3.1594834305162522,2.703169600600039,0
385.221624,220,2335.180903,3.022348482211229,2.7031039205580663,0
421.689761,239,2335.891286,3.08500421599465,2.7328116063068446,0
423.535529,237,2336.749852,3.047337315440584,2.555452641158953,0
377.527443,214,2337.103209,2.8672972157102468,2.607004305924587,0
425.407878,239,2337.920041,3.028929216725894,2.5708561846943674,0
419.313181,236,2338.493285,3.074674111820803,2.6344207434890716,0
423.006364,236,2339.407851,3.06215342192324,2.575322822643104,0
388.825625,217,2339.753557,2.9054856073526336,2.6410259965386866,0
401.828201,227,2340.656646,3.101600015345001,2.603375330913836,0
397.884197,226,2341.036491,3.200045729253789,2.655064305403362,0
421.954334,243,2341.860259,3.0273904052145313,2.546439534587223,0
389.067963,220,2342.229217,3.055801830584487,2.854209758278538,0
239.809756,155,2342.477738,2.787223463262477,2.2545513776546,0
431.902926,241,2343.301988,3.2211227355376733,2.853760574473083,0
441.684706,250,2343.808483,2.9915911538952735,2.395348209820932,0
426.917059,242,2344.8109,3.0146383278579214,2.6315765478834603,0
399.993275,220,2345.199028,3.3873732983030376,2.903793337704132,0
436.544638,249,2346.265023,2.853025166149401,2.29540013288271,0
419.949788,233,2346.651624,3.0640651268932495,2.526660008966077,0
435.616883,246,2347.47921,3.0127719870769605,2.4487819026317657,0
228.433929,154,2347.737556,2.774493624951303,2.275867204174717,0
244.616552,157,2348.002253,2.8985488931020456,2.5401980575313843,0
436.305273,250,2349.160875,2.7495820294896998,2.0798499221141276,0
412.210214,232,2349.625174,3.175427518698646,2.7198024799209892,0
275.724382,171,2350.074687,2.9437931242231445,2.4353132051746225,0
419.034547,236,2351.026345,3.1942108734169485,2.7233107083991452,0
412.198491,232,2351.530082,3.168652449107376,2.7815793436693315,0
235.553413,155,2352.326831,2.7921106959685082,2.525944306980798,0
416.621193,250,2352.701226,2.6975277414416374,1.9973875181422676,0
404.338074,229,2353.563739,3.0656842564454663,2.5321781067109677,0
293.42447,189,2354.091003,2.357890180021657,1.7276379842874356,0
391.037574,222,2354.700873,3.275701486608403,3.0688100567424934,0
423.118158,244,2355.663693,3.1031980103098915,2.7110965610522775,0
279.464112,175,2356.130399,3.0470101763440987,2.592302986838455,0
429.725301,242,2357.303559,3.1902044256941546,2.8746773424762906,0
274.666114,169,2357.588587,3.0401955038074706,2.53678984732462,0
427.643921,247,2358.037513,3.1751958266824256,2.731505182249813,0
404.777099,225,2358.869353,3.2483951858749904,2.6264499167791704,0
425.822585,237,2359.345591,3.0748359243542,2.523987478239441,0
419.190521,232,2360.211212,3.243795090475892,2.712010589743198,0
410.641099,234,2360.665394,3.1388943361165746,2.6018598336746472,0
392.781673,221,2361.489432,3.341172755184418,2.9516385744226223,0
429.723226,248,2361.968354,2.7660753123306914,2.244029441534345,0
379.987264,216,2362.801829,2.7727692866687312,2.5140573955114767,0
405.733532,235,2363.195554,3.0412604125512384,2.6679535349112085,0
420.826214,244,2364.088114,2.95562902439305,2.485005568467326,0
401.652257,225,2364.459859,3.247675147844126,2.700559050008713,0
425.844204,244,2365.103814,3.0854104772685345,2.635437659551807,0
247.188117,158,2365.815119,2.8382755667081496,2.3091053444918077,0
405.407653,230,2366.231734,3.1012373885837845,2.600486367648848,0
379.985721,218,2367.277938,2.8042622432483184,2.5213387345737215,0
421.204569,237,2367.71849,3.0227667698613425,2.5355823162990494,0
407.263405,233,2368.718083,3.2892867365446636,3.1204929529289074,0
411.421315,235,2369.169631,2.932554324476094,2.431108286401204,0
388.329078,220,2369.534474,3.087092638958013,2.796398717999036,0
225.934742,150,2370.209293,2.552767774265725,1.9930858525433999,0
241.115282,157,2370.460519,2.6119321799342496,2.0433004122392293,0
241.484924,152,2370.705298,2.8808745936013596,2.666970849953263,0
234.250407,156,2371.386156,2.6658988155136467,2.1726327032006676,0
227.384569,155,2371.673443,2.5423491162268492,2.072580726292358,0
443.435325,255,2372.163938,2.5875334653741966,1.9987730963032384,0
446.912165,247,2373.018656,2.9883777529392397,2.4332072545118955,0
292.053007,176,2373.308581,3.0853106656799816,2.4374807054509398,0
255.650141,161,2373.997585,2.9568656853798894,2.5792782499131155,0
445.772817,249,2374.410667,2.994824285510896,2.5184416816773147,0
401.047788,222,2375.206785,3.1148789791120906,2.657627560232588,0
244.029807,156,2375.463744,2.7976758028164106,2.370095908952879,0
257.79177,158,2375.71983,3.0334040579824135,2.7137495933741995,0
411.738115,230,2376.514847,2.9760615894044844,2.4521997065738974,0
408.435369,227,2376.95393,3.0439672628996193,2.4730837237213974,0
240.255109,151,2377.415872,2.780746956636335,2.6286317634597083,0
320.669315,188,2378.171503,2.5413880610900503,2.089828112248437,0
439.35024,244,2378.575976,3.011259391906303,2.5508738152729906,0
406.582024,228,2379.465773,3.029589982532319,2.6378881439261814,0
425.208596,237,2379.863332,3.1288252844138715,2.6823446848687835,0
323.770782,193,2380.182479,2.402022619781054,2.151456804415606,0
423.06025,233,2380.989112,3.1056766965035796,2.577591891796319,0
421.131711,231,2381.365145,3.071512006484292,2.614751823142195,0
317.295044,187,2382.090252,2.5673484600726684,2.2230432559010938,0
356.48069,205,2382.419015,2.769016561000211,2.5344180284470332,0
416.032841,233,2383.213313,3.116556663139775,2.6290173814960687,0
427.481195,237,2383.608428,3.124610039798084,2.692876228716182,0
429.727884,239,2384.422844,2.9919268293824572,2.407693254596141,0
411.156906,233,2384.812935,2.964977275382687,2.5674113943293415,0
409.934376,235,2385.189478,2.9923203567171353,2.561268386762747,0
382.839354,216,2385.963449,2.844557863957714,2.4687363964244278,0
408.917331,226,2386.332842,3.269904811001454,2.7295363028688158,0
440.173869,239,2387.147946,3.1354748221531636,2.5627560032966414,0
425.205604,233,2387.662011,3.060149728733501,2.4809000206215246,0
380.100507,212,2388.720663,3.1811652928900194,2.80943034472724,0
346.881387,201,2389.191346,2.6947377480087003,2.352626379955427,0
393.209757,218,2389.870561,3.2784973967653848,2.7577558996047986,0
363.871072,208,2390.693378,3.007992959059672,2.762965122178704,0
364.00782,206,2391.032805,3.00611993879306,2.749704914707201,0
381.499234,210,2391.797168,3.162235545112787,2.979642531891683,0
327.387599,193,2392.192956,2.509104587570088,2.11178771034335,0
386.129567,214,2392.893732,3.0775809332853097,2.9821131233160454,0
404.364139,222,2393.717323,3.4063612782695225,3.014518030431917,0
333.61894,196,2394.013744,2.3818599765815174,2.0062444893783438,0
359.117359,202,2394.833358,2.941550998451555,2.6286208413722356,0
418.321795,231,2395.407236,3.1743875335242495,2.7161804132664247,0
361.828449,206,2396.573734,2.867338033922839,2.627420616876295,0
408.766211,228,2396.944992,3.1333839431209034,2.5372301232418715,0
436.499012,242,2397.461554,3.1904001210210504,2.834493554626601,0
422.754345,232,2398.310481,3.134249020133199,2.5283705471700326,0
423.638486,232,2398.94343,3.1429699294867564,2.657344382721146,0
458.135529,246,2399.895876,3.1041486009440633,2.629727205481515,0
356.131414,204,2400.224718,2.663683799663355,2.429152791267616,0
425.441761,233,2401.245028,3.2215926702308306,2.7593358809581807,0
429.025195,233,2401.625285,3.109181145265851,2.599477338698156,0
377.825791,208,2402.381574,3.0064545999578076,2.8786336793249316,0
355.044286,204,2402.715868,2.772357482565626,2.5197241466709106,0
242.846887,157,2403.182353,2.833254068710674,2.3973111779618494,0
447.268588,242,2404.199882,3.209641495301653,2.740200172879865,0
251.058904,160,2404.512051,2.919965133062549,2.5616110158131042,0
420.352738,230,2405.151942,3.127643579027589,2.6531468893494123,0
398.469817,218,2406.058324,3.4028577348163815,2.9542690636673727,0
416.962895,228,2406.855052,3.2197508437312696,2.720369509589761,0
389.604189,216,2407.808358,2.9063011012545794,2.749780848517511,0
466.190548,249,2408.423889,3.1831141637971054,2.787047147693463,0
445.002635,241,2409.252598,3.138061250854823,2.7061337297489945,0
341.216515,202,2409.776144,2.474431029601592,2.1974683448414973,0
457.950021,247,2410.863283,3.2177551580543837,2.809631386824973,0
339.258378,195,2411.19798,2.49478481249604,2.225823204096204,0
238.483023,146,2411.509436,2.9665777894246985,2.799366133087793,0
402.325586,221,2412.508677,3.178146085226626,2.79988307499407,0
461.446535,249,2413.165959,3.2756426228394275,2.71288262697937,0
457.859173,247,2414.302253,3.0364446010197215,2.547756728072029,0
398.641928,217,2414.765876,3.2459599187954127,2.9909159868072837,0
450.416728,240,2415.918436,3.18562210684313,2.6854917677395167,0
296.808909,173,2416.200134,3.140325548102489,2.605693918185869,0
372.645763,208,2416.799471,2.872240290419141,2.6098290630601415,0
442.18825,240,2417.798463,3.14508024709512,2.681271231850056,0
399.381507,218,2418.177688,3.308500822236425,3.0876878590654977,0
431.14707,234,2419.318142,3.181558148721137,2.7022058217742657,0
301.85744,173,2419.627802,3.229882867458613,2.852682139679728,0
401.430966,221,2419.988794,3.4212819412192235,2.9121650843432,0
437.922682,236,2420.799998,3.199580862763062,2.73889075904391,0
436.995674,241,2421.190696,3.2075467108952345,2.658230818539574,0
413.335757,223,2421.982859,3.4269395208430127,2.8826142062883693,0
457.952358,246,2422.363182,3.251895137202656,2.7239655972145105,0
454.226059,242,2423.166454,3.1988952311348267,2.7247466627037316,0
446.233918,241,2423.543612,3.1843055739284103,2.6368230005214452,0
430.535989,231,2424.357599,3.253821158194636,2.7442071097500746,0
409.820838,226,2424.718816,3.3620148276324318,2.8692643394336144,0
370.609845,208,2425.474121,3.1932649219092557,2.9157161456181764,0
403.595452,229,2425.849233,3.276343058094991,2.6505756558899622,0
375.517807,207,2426.217753,3.352597882160727,2.9512962475832287,0
376.797301,210,2427.074203,3.1699247243275956,2.952581858096258,0
316.422896,186,2427.361126,2.7039712958022064,2.267135209836273,0
365.598903,206,2428.137347,3.247891835975481,2.955492667473559,0
377.278818,208,2428.481754,2.992791134455899,2.752163138076706,0
405.530944,219,2428.839677,3.5090167949979993,2.9494183533537646,0
427.360947,231,2429.644257,3.253599465618758,2.7470380943297408,0
453.50109,244,2430.297734,3.2271841688824514,2.7283490173359883,0
423.69395,230,2431.275728,3.2895675442450414,2.718999899857004,0
390.240764,213,2431.611048,3.475249397418003,2.9627697373791464,0
416.907351,226,2432.425104,3.334474608953697,2.8177336759560028,0
380.544609,213,2432.811352,2.919030211095498,2.6877657657455285,0
449.367485,244,2433.680291,3.1431156601045047,2.6302151747989817,0
458.969367,251,2434.088049,3.335179119142219,2.6732544201137585,0
374.881627,210,2434.421383,2.9806930364495696,2.804395707063506,0
410.727144,221,2435.192555,3.4934344645909854,2.9818573329731795,0
340.419627,195,2435.475885,2.583700478290329,2.3079353181713067,0
389.458132,213,2436.237887,3.400550012647788,2.8631031054062976,0
389.732982,213,2436.576228,3.411214884545566,2.835233785080879,0
437.46517,235,2437.372796,3.3993744856499215,2.9159802950567943,0
296.09803,169,2437.656985,3.244335770721051,2.8436408678185994,0
458.296708,249,2438.060424,3.258335303312411,2.580577757884304,0
456.556942,245,2438.894809,3.1307485425670816,2.6251089928861644,0
394.594881,215,2439.440047,3.3970249579034975,2.7780867465285657,0
456.566613,242,2440.502573,3.230218075060992,2.858982305398309,0
267.27009,157,2440.736937,3.0963591834165536,2.5912536133956614,0
353.088887,203,2441.33615,2.5474637516735306,2.2617401746781987,0
444.349122,237,2442.251354,3.3460745830295444,2.807355753246288,0
456.060865,240,2442.633823,3.319829153065817,2.8874855750952966,0
358.375945,203,2443.409674,2.9610930199732484,2.7374954587687395,0
384.493757,214,2443.735684,3.3201981535460923,2.781945265076237,0
464.598437,247,2444.820195,3.1705878868581086,2.624472721797803,0
446.164955,239,2445.414582,3.207799576626731,2.7826708783964706,0
408.431986,222,2446.40229,3.5238167162044647,3.027042552335125,0
472.930898,254,2446.854781,3.1513615784264077,2.44436985264843,0
447.790276,239,2447.736798,3.2584596255871787,2.8158927976942065,0
234.69788,147,2447.99794,2.6852543350240854,2.0713498908805255,0
234.806793,145,2448.27778,2.671860705817393,2.031737157528811,0
366.788993,205,2448.854309,3.070972996651501,2.6866000706993214,0
375.904901,211,2449.677603,2.9734401260236343,2.772192891152273,0
405.015779,221,2450.122763,3.4048289252929655,2.8972386025484433,0
364.664974,209,2451.054937,2.8379524834298513,2.6630697995866233,0
273.287643,163,2451.478106,2.9414898665971823,2.499756205504633,0
345.067854,201,2452.131935,2.5037895889990227,2.2999622815867773,0
451.778314,240,2453.004589,3.2817864717733785,2.7817049740658293,0
369.833457,208,2453.530196,2.90909200454613,2.7323704274713685,0
390.662576,213,2454.519,3.2759758730775372,2.9956763689721764,0
354.212628,203,2454.850298,2.95860698093335,2.7792308043545395,0
229.290978,143,2455.076719,2.800257699950378,2.2734592952515698,0
340.192435,196,2455.825423,2.5184537747413014,2.209943985703086,0
461.894368,249,2456.270132,3.2922801904230363,2.6001417235435107,0
322.707213,181,2457.009491,3.1465209102565046,2.543860406808575,0
345.770776,201,2457.385012,2.8687427873127405,2.692607992598115,0
255.923406,152,2457.679102,3.088916811380503,2.535808115609427,0
444.232215,236,2458.505997,3.28596208382229,2.756384752219834,0
412.590777,227,2458.893173,3.22525207074277,2.703618320212325,0
434.739951,233,2459.708573,3.2780722363710275,2.8465962362023864,0
433.729181,235,2460.343318,3.233904623697475,2.7486941062630876,0
445.066672,241,2461.53743,3.19059159182699,2.840987612042906,0
277.838075,162,2461.831123,3.0753713774774765,2.657352100825593,0
454.521087,241,2462.642973,3.2093899935085894,2.738441473269697,0
414.693673,228,2463.547435,3.213567943794196,2.7367399028236608,0
446.474189,241,2464.320978,3.2940561499169334,2.86652227754566,0
340.391408,195,2465.213116,3.052553948160531,2.5453234729345544,0
361.463082,207,2465.612007,2.764921639561225,2.5009828656726003,0
406.372792,218,2466.524736,3.368343129259244,2.8975300413476885,0
456.148633,250,2466.962362,3.1349817267601345,2.499470170489882,0
376.190371,210,2467.3066,3.1187750780527237,2.8686290819864824,0
385.378797,211,2468.070056,3.432171679927955,2.994823315721822,0
354.371994,206,2468.660581,2.9128248426413657,2.5656161518731744,0
404.318228,220,2469.713305,3.2588260871603856,2.7712979870391057,0
441.868494,241,2470.091321,3.2157843341394234,2.8258464825525578,0
431.677631,240,2471.161946,3.321250558578192,2.8014097117449417,0
409.840627,222,2471.573845,3.393532243157249,2.8662229801191663,0
406.938586,221,2472.334791,3.421126916921553,2.8072500419976514,0
420.277472,232,2473.219504,3.1427534683644605,2.732718401715689,0
399.538893,217,2473.711648,3.4108061498949023,2.776799317018342,0
395.534859,216,2474.613758,3.4094135387363456,3.072849243831992,0
417.890386,223,2474.973011,3.412473612833914,2.880376817263623,0
424.225143,233,2476.062717,3.209635392515379,2.7117895910469008,0
360.220441,203,2476.428668,2.854604849660323,2.561964275269838,0
375.48336,209,2476.772468,3.380951382009582,2.794628667787158,0
423.231914,233,2477.582552,3.1671284034139027,2.782061101750936,0
390.7936,214,2477.926141,3.4593198860739274,2.907519700807087,0
414.988775,227,2478.722132,3.195304649418024,2.677242006208678,0
438.870248,241,2479.298389,3.161388494390908,2.829736924326749,0
445.406426,243,2480.383371,3.1895196135986508,2.784249501600692,0
395.75592,218,2480.709965,3.4389362042919647,2.886135438126262,0
395.529575,215,2481.495686,3.4893845262704564,2.9174250212480093,0
403.721153,221,2481.934003,3.445269406977408,2.873520182204244,0
390.711786,214,2482.685188,3.405503909161694,2.801322531847591,0
388.243026,217,2483.578137,3.3943151934445246,2.924948694268016,0
354.066261,202,2484.025967,3.0449139184834992,2.781274268373947,0
398.053121,217,2485.076254,3.4568755235319446,2.945963328487064,0
448.976531,246,2485.483672,3.29337401526311,2.653740767788963,0
385.218221,212,2486.25604,3.477509057945946,2.936175063699371,0
395.360313,215,2486.608331,3.5499180292402315,2.9779069905275577,0
400.043096,220,2486.969204,3.4871146791055367,2.897510212984985,0
399.40773,220,2487.757526,3.414425781145575,2.773347033243394,0
412.78348,228,2488.186492,3.3034390121313324,2.7810193359657838,0
393.730694,221,2489.181174,2.9483599811800776,2.6453601232422264,0
424.380233,234,2489.566474,3.1759281181563965,2.6191155887096325,0
397.572957,222,2490.350725,3.1804602164054603,2.681818712751104,0
403.46602,220,2490.716426,3.4216297596407204,2.884788222608225,0
392.809303,214,2491.06235,3.4749047984507744,2.952073593986803,0
393.227308,219,2491.841857,3.375642707383423,2.8281827787500466,0
403.355832,220,2492.194738,3.2615000091761117,2.7210504606231565,0
410.547515,226,2493.014233,3.331943025720168,2.8087387020447796,0
395.257227,214,2493.611199,3.467936584873719,2.9705198977539964,0
385.776427,211,2494.730482,3.3802804810776816,2.881899744704714,0
394.595859,217,2495.097461,3.1971683047097166,2.5733554244229926,0
384.290045,210,2495.518285,3.3073022683326476,2.7969590054447204,0
415.738902,226,2496.401797,3.248333269662352,2.7350467585180125,0
399.958809,217,2496.867021,3.163783609829802,2.7229251096806033,0
431.895134,235,2497.833105,3.12782390704728,2.740339582762277,0
331.977948,196,2498.126833,2.546892410177897,2.252292824818023,0
343.375882,193,2498.435293,2.793342148013825,2.567092638752962,0
401.156039,216,2499.293307,3.3418520623401755,2.817793606223465,0
394.80823,214,2499.744568,3.230893629412103,2.778757021917899,0
378.370378,211,2500.62528,3.0366366959695603,2.4187982997634556,0
385.071487,211,2500.947899,3.289480331739673,2.7270481488026164,0
396.598369,217,2501.907875,3.403487164573232,2.9018733382797297,0
413.541695,232,2502.27379,3.0647438820240587,2.525502233884623,0
392.169517,215,2502.636276,3.2894827345940376,2.747970099441129,0
401.647772,220,2503.531906,3.292971892726746,2.849913568482406,0
390.056053,220,2503.856122,3.1152994820789153,2.5290848820852365,0
416.858444,232,2504.772345,2.971258465252333,2.5367785071432816,0
390.166193,213,2505.093923,3.3010735247047167,2.8060804926334613,0
375.255647,213,2505.862894,3.113992326090755,2.847873912515107,0
369.606745,207,2506.20282,3.175829496784627,2.6636805215442587,0
352.713829,205,2506.59068,2.8738440163657826,2.4383280627889374,0
381.025445,210,2507.554192,3.3183589068936894,2.7926349296810367,0
400.095726,218,2507.902164,3.3577089868847945,2.7794673605246736,0
365.983128,209,2508.651819,2.8243885312003005,2.5920840513463337,0
396.510322,217,2509.005562,3.373367160735322,2.846786572208182,0
393.613851,217,2509.99745,3.328078774605142,2.8478869900832193,0
408.833176,226,2510.361987,3.08748506253084,2.5489634697029513,0
388.156594,215,2510.707649,3.228722771962895,2.6982060811005852,0
392.817243,217,2511.582558,3.211191849535734,2.590683906056125,0
397.772213,221,2512.013729,3.2277653457635864,2.824915007626853,0
393.577996,220,2512.83279,2.90039212993829,2.6605421953632264,0
404.5388,220,2513.194816,3.1869435147361638,2.648531185446451,0
338.09297,199,2513.824436,2.6590377283640656,2.3285116094456533,0
391.786738,214,2514.702131,3.2425994125439956,2.63435779635387,0
392.967785,219,2515.07718,3.1572911685793543,2.522457052955827,0
430.311489,236,2515.8871,3.180618252917283,2.6401588188156837,0
399.86924,218,2516.239306,3.2765689632532955,2.761696428455523,0
388.640298,216,2517.228043,3.272687709769117,2.8947984144138155,0
406.136863,224,2517.73629,3.2637467979730417,2.7649770068955957,0
409.622584,226,2518.187994,3.26418888041737,2.772673549330484,0
410.1302,223,2518.999437,3.293954708285727,2.6824455982951725,0
381.62901,215,2519.355883,3.3145554488086497,2.8516505050405385,0
412.909096,228,2520.179425,3.2980750190447736,2.732794484228556,0
385.694801,214,2520.585305,3.233849282164826,2.7610740712198356,0
445.971315,242,2521.566843,3.2724576306261937,2.8978861076397218,0
437.229933,244,2522.006388,3.2728207633349897,2.9583755851843763,0
383.798019,214,2522.909873,2.9586162446309237,2.359137729425432,0
380.040797,210,2523.297751,3.20122116041226,2.741437682374241,0
509.883937,280,2524.507258,3.0375997330432756,2.8296177651995156,0
465.358334,255,2524.960134,3.15026706493316,2.6536835781368464,0
436.621199,238,2525.847295,3.3199130249104782,2.9245086201396973,0
430.338186,235,2526.245492,3.2357975757534763,2.7782421146198666,0
449.4527,248,2526.681524,3.1982179672515167,2.7645796807785796,0
478.695669,271,2527.644804,2.7167391576184254,2.3880720361253704,0
425.30413,228,2528.134624,3.248310937450479,2.7917089125465466,0
411.480968,225,2528.966153,3.1571315697356943,2.7139329968606485,0
557.994361,304,2529.838596,3.2665707439496323,2.8240455756086047,0
345.874668,219,2530.698056,2.274585579740542,1.786789841779487,0
547.797753,297,2531.152652,3.222729602823682,2.6465710109937337,0
453.086854,255,2532.076152,3.1129141276013623,2.6631475972724608,0
494.860172,271,2533.023902,2.9130395663557476,2.5978358482798463,0
479.682063,265,2533.918911,3.0812242594802846,2.594009094303624,0
557.603867,303,2534.835637,3.255842761242798,2.770787107027039,0
475.25881,257,2535.260652,3.18216942861104,2.4654463848013752,0
487.476536,267,2536.14672,3.1044452920192978,2.8546459270114344,0
531.735283,288,2536.728708,3.30645064043744,2.810214416194373,0
533.952061,296,2537.952847,3.1606293823272216,2.6886566591924743,0
542.61381,291,2538.812947,3.235921569827761,2.7362277411591487,0
549.798814,299,2539.952304,3.136730965995908,2.7783107765919866,0
518.699876,281,2540.830449,3.260077836726327,2.6147942290268427,0
431.955691,237,2541.70566,3.3056278284789915,2.8465350305961388,0
458.08112,261,2542.372186,2.993058701385903,2.352445562751378,0
519.176639,283,2543.301107,3.1130212247074986,2.5855105049259826,0
391.408139,226,2543.838522,2.9232997221356123,2.3451469854818203,0
525.247224,289,2544.866168,3.0262576231371288,2.416881394554939,0
558.266052,295,2545.95231,3.362017987710928,2.877991849594302,0
571.782997,307,2546.63576,3.2518502524872885,2.746427280460588,0
523.333752,289,2547.771368,3.260393163309395,2.8004950519837553,0
554.854451,301,2548.265523,3.300557944491983,2.8300929711991025,0
564.516495,305,2549.314497,3.3093406592445995,2.7901097000442348,0
544.962337,299,2550.21894,3.298065240851872,2.732987808456156,0
532.993462,297,2550.703134,3.1221372592217214,2.5393354456695687,0
466.262057,263,2551.547294,2.9363641648261662,2.364376265968246,0
499.759795,282,2552.012312,2.954348821043775,2.465695631097121,0
535.521874,297,2553.252532,3.1624047754636275,2.569332303125935,0
486.404571,278,2554.056753,2.7358714836312736,2.18002885240121,0
530.763183,300,2554.9722,3.169541993933134,2.493178709568885,0
523.016687,298,2555.44926,2.988340462684192,2.478469138979434,0
541.688104,308,2556.397763,3.1567015739915343,2.5946214243796057,0
568.737959,313,2557.551001,3.319543936440072,2.7425227222608077,0
574.166624,309,2558.056444,3.3647312251513646,2.6106105139060958,0
548.905309,306,2558.983072,3.3019318851928743,2.8679600093393227,0
561.89178,302,2559.491276,3.4979144197341054,3.054257575477573,0
550.969907,304,2560.451265,3.365271385114146,2.918670789582162,0
530.255656,295,2561.593467,3.2999594448247755,2.6874181766725687,0
553.692571,292,2562.072812,3.4846629707766565,3.0334474405648857,0
560.71086,296,2563.003596,3.2836147337933483,2.724516799067488,0
579.240077,315,2563.563543,3.280828374572438,2.8075110674304655,0
371.765402,228,2564.373458,2.608597487465548,2.0421722202136934,0
571.427135,305,2565.26531,3.3679400935668635,2.8733996998675218,0
555.732757,298,2566.328425,3.4762958313557633,2.885945879188014,0
520.085475,289,2567.345623,3.060794902263437,2.415075290648024,0
456.023142,275,2568.005488,2.6086352113372664,2.0743838349250305,0
593.575245,328,2569.385345,3.1054052107949177,2.3665609802437335,0
615.22295,343,2570.409152,2.952407701761745,2.3915805887461947,0
589.906838,324,2571.620204,3.1239037170814505,2.5749568521541297,0
552.737446,304,2572.977797,3.2796401835234095,2.784939810030551,0
576.94473,309,2573.63123,3.42625711075257,2.7728639347180115,0
357.636249,227,2574.687886,2.4197385479143487,1.8692445875614347,0
574.224907,322,2575.400849,2.894505003567294,2.125781414349055,0
368.95289,229,2576.223937,2.7182966292395183,2.1646330993918426,0
556.383379,316,2577.000257,3.119199744577327,2.485874411349509,0
337.698387,219,2577.93508,2.256005686728509,1.7606093282744255,0
537.912835,297,2578.395875,3.460418667815391,2.957952210629434,0
332.734782,221,2579.199337,2.4123658478173655,1.9091092901128208,0
337.754652,222,2579.66312,2.3991493781009696,1.8833997983134183,0
594.54379,336,2580.874946,2.9693700498842315,2.2868140882419445,0
553.283694,306,2582.233418,3.330214357840505,2.6939668596223245,0
567.382248,312,2582.746057,3.5054819355737687,2.800152551144425,0
554.84615,304,2583.669369,3.3877013550144226,2.790474134801138,0
560.745605,311,2584.186917,3.37033830715695,2.8762610403669275,0
504.049917,290,2585.262851,2.738410652500514,2.118595142829884,0
558.749281,317,2586.75126,3.387224534904366,2.665490413250416,0
547.703932,307,2587.385856,3.1679180639364275,2.4355163450365653,0
563.925296,321,2588.753866,3.274652210274563,2.6790987076004242,0
561.73645,319,2589.354452,3.3363718993687947,2.7442145634156527,0
577.065356,319,2590.423735,3.3519409106254803,2.9487544067354046,0
552.448581,324,2591.744654,3.0006040718203177,2.437531697148226,0
560.149758,308,2592.273571,3.379312125108676,2.7069256129695676,0
564.681237,312,2593.401848,3.255503487966132,2.6606176296979975,0
574.512302,314,2594.320271,3.256950782189748,2.6811217374037035,0
562.897755,318,2595.367494,3.4362942404214922,2.974960615554434,0
582.95842,327,2596.453913,3.1782550746193277,2.6657366063584034,0
563.120397,310,2597.32917,3.4527393149217627,2.912434291042377,0
573.390562,326,2598.535967,3.1984299390545003,2.6499382492502463,0
604.860845,346,2600.10445,3.298133730174246,2.756032735598269,0
606.915302,341,2600.748349,3.263609472825492,2.8241524370662026,0
524.883535,301,2601.923925,3.413220024580364,2.985492203764038,0
558.017103,320,2602.419866,3.2922330907967625,2.8017959299627617,0
570.003465,322,2603.430591,3.492949530564353,2.913615206212724,0
559.726019,309,2604.539527,3.4908959510690005,3.073618417192197,0
544.267198,309,2605.359275,3.4431760330557655,2.9652429966040286,0
528.2917,315,2606.502003,3.271158486329781,2.798488950622517,0
567.215287,334,2607.98859,3.2541357409636547,2.7433915679596255,0
553.527606,327,2608.989299,3.4201967343279667,2.9278360840202255,0
547.150432,309,2610.160779,3.4262293971885844,2.91120741935482,0
560.49804,328,2611.201208,3.212566026997066,2.798654079757385,0
574.905347,342,2612.233972,3.16423986116158,2.724105404866654,0
505.345354,304,2613.27379,2.954107301816219,2.431702857068794,0
577.564851,344,2614.009519,3.2352852639789647,2.881243971411102,0
581.583264,337,2615.059643,3.2481973816857628,2.757613288314331,0
503.107365,315,2616.08936,2.801836073771648,2.2967312666510318,0
533.471763,321,2616.932658,3.0431739102242665,2.4422984173214073,0
543.853085,320,2618.039494,3.2582944378091208,2.7721653964414537,0
541.891512,328,2619.151056,3.2562913244300016,2.9871714801073637,0
606.797749,368,2619.886137,2.7642963932800373,2.402163627638123,0
574.79002,331,2620.850311,3.264079067485563,2.586041101723865,0
597.742235,349,2621.844728,3.1897856635643156,2.5876055046730135,0
627.151726,367,2622.597923,3.236959261600899,2.7089228913132883,0
599.042045,355,2623.737392,2.858369848949274,2.360754267133653,0
597.991012,359,2625.101957,3.014676394119054,2.4961819916638044,0
507.293041,313,2625.645095,2.803324253172757,2.3013486560850844,0
595.294226,347,2626.815489,2.9893073180585676,2.510747352856603,0
579.036995,344,2627.984026,3.097960884018964,2.593270831266096,0
544.958052,312,2628.813548,3.0023441359732117,2.401269221583932,0
589.07986,339,2630.155242,3.183390163744715,2.760899199275676,0
585.114736,334,2631.640702,3.275689074286796,2.818870591904378,0
593.674647,336,2632.499901,3.0934480490050085,2.70540276499125,0
617.654129,358,2633.899246,3.152297976397958,2.8780308144247413,0
608.131837,367,2635.19522,3.0549048136279997,2.605100332702983,0
717.346439,421,2636.893145,3.0853401716185798,2.6806728623867713,0
620.890674,370,2637.852616,2.7550124968641065,2.1028913961343365,0
588.509247,351,2639.265599,3.1729461383391695,2.654978137400555,0
595.472685,358,2640.528359,3.1220495504661554,2.620039549138676,0
706.958152,410,2641.260298,3.1107110803549407,2.752370765314921,0
609.595982,378,2642.750451,2.876453148023581,2.3583703990929865,0
670.878146,390,2644.279619,2.8789185467141194,2.2622043015918294,0
652.526252,396,2645.970401,3.0866238190552693,2.6591194652697383,0
657.105937,385,2647.004552,3.029553800282304,2.6504600199637283,0
651.281175,376,2648.357103,3.0199098873771946,2.606286561455406,0
629.459263,371,2649.851286,2.8549377003062375,2.276491695671845,0
686.223737,402,2651.225734,3.2267543473191993,2.9147419917725603,0
124.497706,135,2651.431537,0.98590496881196,0.5678297122624066,0
722.736053,420,2652.666773,3.0724682912562247,2.6605690883600035,0
638.835642,374,2653.884423,2.860444134636974,2.343622498494598,0
113.462407,133,2654.121912,0.7623287653768291,0.3533922878699092,0
716.310275,422,2655.600703,3.0977878698442414,2.592939622527122,0
675.340856,397,2656.288658,3.216609366298791,2.8028359254539925,0
712.604083,420,2657.600065,3.119647442628256,2.655826364504985,0
694.446753,405,2658.849225,3.288212384803548,2.900766737256186,0
738.624196,447,2660.17778,3.119227280243378,2.5166730529381574,0
724.776915,451,2661.424296,3.2372557049374397,2.8632296522256486,0
116.12622,134,2661.645105,0.8153442258486301,0.38715600893179997,0
703.51348,414,2662.749834,3.2200205740967873,2.740799278471087,0
698.712145,420,2663.851199,3.2759271612877456,2.9380061042168224,0
682.949866,407,2664.521224,3.2722993269572185,2.77013250806708,0
648.139689,390,2665.581637,3.128566856349819,2.7183326469134963,0
678.064867,412,2666.701099,2.974490120691317,2.407503753806575,0
112.445849,132,2666.953907,0.7471764543573625,0.3380901413427463,0
669.174829,397,2668.350652,3.163567371800616,2.632107410513111,0
717.696393,425,2670.015502,3.2091791579097153,2.8399140976227994,0
720.959615,435,2671.880964,3.2385433041930054,2.821511875371645,0
693.744412,419,2673.216256,3.242663378626881,2.893164524639624,0
718.313393,434,2674.052264,3.1904006926703112,2.7651300866436954,0
728.468268,435,2675.375395,3.0610142487256353,2.558510260558732,0
742.400737,441,2676.810104,2.9701579760577252,2.558549545791646,0
592.504279,372,2678.10636,2.9744167487308797,2.566508668576722,0
716.581398,450,2679.41467,3.067085521276917,2.556354572548418,0
116.461078,133,2679.705502,0.830939615335566,0.37848331445252253,0
713.044023,431,2681.406732,3.1425152285505855,2.7361071778534263,0
671.427052,393,2682.97729,3.287869114155082,2.85691160791053,0
700.627987,442,2684.001398,3.0677526916799325,2.6670667002221675,0
505.132501,356,2685.131663,2.4549171865435384,2.0996267796439283,0
718.70933,444,2686.475306,3.130783136336795,2.9173917406546255,0
695.334563,433,2688.196945,3.114257621245491,2.5298956084501993,0
705.352046,438,2689.913964,3.14226084027318,2.758521034285944,0
694.126189,435,2691.212306,3.110207372978379,2.7693374389860796,0
716.570111,444,2692.232968,2.911102039530235,2.471152028622666,0
747.067578,468,2693.977002,3.1017967875369656,2.7548567667452013,0
837.74913,518,2695.47334,3.1627766636523136,2.651964970261789,0
110.083437,133,2696.116648,0.6977846517292359,0.3164971488561141,0
820.927141,497,2697.372685,3.200232012733855,2.8806325929771366,0
512.090826,354,2698.34302,2.635865303723011,2.2624905754959768,0
100.59974,127,2698.809237,0.6054246504874763,0.25818145994116753,0
113.853139,132,2699.524402,0.7895760022755827,0.34950317227985195,0
109.918921,129,2699.917359,0.7470403710070804,0.3395858416549358,0
103.463178,128,2700.373884,0.6841206697946497,0.3040647216209928,0
125.335577,135,2701.309025,1.1070963402398546,0.6463798728613845,0
697.004802,445,2702.360521,3.1377400150365364,2.7320594530016056,0
112.291789,134,2703.145087,0.7437959787326239,0.3372701808341907,0
827.737199,492,2704.832746,3.1387673518420525,2.7710065521454394,0
102.562591,133,2705.051205,0.595021402664452,0.32552118375670236,0
108.060977,130,2705.263772,0.7508069568201514,0.336919026518125,0
826.852373,525,2706.564839,3.2540860822831306,2.8593578957983397,0
105.408377,131,2706.997953,0.6794874533140376,0.3006425989140034,0
105.34733,131,2707.767263,0.8499618502088451,0.5169787559643634,0
103.723388,132,2708.019992,0.5985995607225821,0.25251316977572474,0
108.062214,132,2708.316787,0.6746677273755343,0.3086204652930483,0
683.682314,439,2709.846988,2.9863179937402484,2.4377822372350937,0
105.702396,130,2710.193026,0.6595626452283999,0.2896612121925491,0
120.225192,131,2711.073922,0.9198519373254418,0.4148926436484832,0
115.837764,131,2711.296956,0.8178859910793135,0.35960722896731157,0
451.393955,332,2711.866256,2.2059551506978203,1.8113021438009638,0
111.775201,132,2712.547551,0.7462014795487664,0.3352735913789752,0
724.261405,456,2713.726927,2.8693358470667585,2.42552993026264,0
114.880657,130,2713.956923,0.8602100267498126,0.3907670813010679,0
114.457186,134,2714.234442,0.7721252925519418,0.4188844075680466,0
715.934216,436,2715.576644,3.076006618825042,2.7089777289033528,0
718.925453,438,2717.097457,2.983633780764932,2.5689031699433325,0
735.716855,442,2718.716909,2.971726618225447,2.562675644487314,0
676.959108,425,2720.920491,2.8688291646708985,2.533625530882273,0
579.322643,391,2721.961147,2.4520810485672766,2.143743835693053,0
120.068814,135,2722.845305,0.844656626124887,0.376086769481199,0
662.011602,425,2723.575633,3.010471308799677,2.5073985566281576,0
706.24421,444,2725.168903,2.7482631808600146,2.3498204069449904,0
715.240735,442,2726.716413,3.2908855605816427,2.791593762109497,0
824.814591,496,2728.444218,3.0196157975715545,2.6175744165014425,0
718.329002,436,2729.76922,2.995884495763494,2.6072907608086777,0
839.362145,495,2731.248034,3.2081357945893094,2.9072858192294047,0
717.777944,428,2732.457944,3.313274703054805,2.746139815946657,0
721.002285,432,2733.588042,3.340882542623118,2.988237610913022,0
510.768278,349,2734.171064,2.6468399675435315,2.2704666593078153,0
114.18847,132,2734.44032,0.77578900884433,0.35747471073370846,0
117.081068,134,2735.092262,0.7854426831539684,0.35774201975404907,0
752.312302,450,2736.249782,2.9984601896910164,2.617716981690644,0
115.693031,133,2736.472013,0.765597654616579,0.3380605092055299,0
716.492555,409,2737.565707,3.2063204555832323,2.9800816886165467,0
120.8782,134,2737.792413,0.8491283825480842,0.39271795829041284,0
676.756838,408,2738.902378,3.191887089584764,2.888486954718013,0
119.054711,137,2739.125238,1.1159220777624022,0.6460347069709429,0
680.553437,404,2740.208638,3.023926468929082,2.8003463679260046,0
596.746443,375,2741.263218,2.5979245020898745,2.312075448115885,0
672.649845,398,2741.917234,3.2583847261262124,2.822596221506239,0
730.579388,424,2742.997975,3.1337387182955094,2.808286195118414,0
675.74002,390,2744.096234,3.302976849634277,3.0324988577140783,0
673.677759,403,2745.237642,3.1564808985975845,2.7002196118557804,0
716.328672,401,2746.043125,3.2440755243390136,2.9371663154180605,0
718.871811,414,2747.16582,3.37256677565489,3.069245947689936,0
750.073735,442,2748.41349,2.9670264087623615,2.6143096480217483,0
691.851551,418,2749.622233,3.122972764321032,2.9610406062540164,0
676.432087,395,2750.895417,3.048715333285614,2.846591817921996,0
695.113839,404,2752.212281,3.1712315794018013,2.814964159529208,0
660.668273,381,2752.834725,3.0929074596336052,2.914165820378435,0
674.164056,387,2753.933375,3.1126313721140466,2.800957663436725,0
671.878119,398,2755.004142,3.0394399401425245,2.614517609318818,0
714.436822,419,2756.116889,3.137562174381028,2.7540748285501504,0
630.182964,376,2756.809874,3.01647949844438,2.627319570851752,0
120.921337,134,2757.445874,0.8614105030446436,0.39503319319236124,0
732.089198,444,2758.196929,2.7306524878480203,2.25279868446796,0
742.217659,436,2759.308938,3.0433357709924644,2.765461743663768,0
547.813458,346,2760.427733,2.7993148617484875,2.4454900006038836,0
603.610689,347,2761.393339,3.009909484720873,2.6129439003222408,0
723.89823,410,2762.030184,3.1063663820099365,2.786167838616618,0
723.986243,418,2763.134895,3.113683024908046,2.850347108643551,0
725.107119,404,2764.223593,3.1646813128202704,2.8391604053463393,0
669.308524,375,2765.561752,3.1141354753974175,2.8177763585953968,0
631.801845,358,2766.855776,2.838131984057179,2.454082719341579,0
696.574568,384,2767.48839,3.2062933083914635,2.9523299352484744,0
662.521456,379,2768.523804,3.1675856230907375,2.795213420844287,0
676.460833,389,2769.586563,3.1746644058584637,2.9683931340914422,0
713.745637,412,2770.674308,3.103674844291655,2.7672488212467745,0
691.821277,392,2771.406318,3.093112397817878,2.739891634859527,0
598.369214,380,2772.671367,2.5413479612117604,2.278901064858119,0
705.737527,411,2773.855952,3.264978909092209,3.0869628380851744,0
686.155495,395,2775.142533,3.0517841465779108,2.8601463391122763,0
311.154693,229,2775.556195,2.1487755850423484,1.9014961378270525,0
687.408396,407,2776.868227,3.0764157650962063,2.8239739803878945,0
683.446802,397,2778.4094,2.903681878531008,2.8739960440508163,0
728.425231,424,2779.531373,3.1311944839968917,2.847622687722312,0
694.730926,409,2780.158859,3.102045939067804,2.943168382086891,0
590.694846,363,2781.159496,2.746023832925435,2.436526371759612,0
663.329668,387,2782.269287,3.1962723993871065,2.8854202131232745,0
675.002813,398,2783.281419,2.9539028166116275,2.8157122114805193,0
655.535547,393,2783.864657,2.9889460631708076,2.730015509385714,0
677.390015,412,2784.957065,3.0147441282826706,2.830216239093907,0
670.079805,405,2786.022465,3.091729320134362,2.984722306774616,0
677.912413,418,2787.232015,3.010568671799621,2.753608500673321,0
709.002482,421,2788.356539,3.030407497165037,2.8512540602348464,0
542.900435,356,2789.06442,2.7475554535360875,2.5276607855330275,0
114.551476,137,2789.829987,1.0824976293453583,0.6228056278182268,0
111.820728,135,2790.063165,0.8240298025364609,0.48980285329820683,0
120.08811,132,2790.332606,0.9326270628156083,0.5024165220502179,0
744.610136,454,2791.724601,3.001116188856345,2.80809440859863,0
112.608263,133,2792.098162,0.770802004919874,0.34209862978130257,0
559.938872,377,2793.428652,2.6252362071989706,2.309118520398438,0
689.108572,436,2795.120921,3.012169631235951,2.7701782090068043,0
607.383041,398,2796.417869,2.8240963189055606,2.5014650868139587,0
670.198036,416,2797.230605,3.0140502989658358,2.938230523190139,0
711.392396,435,2798.440966,3.052500317217574,2.824603715487917,0
717.767386,449,2799.641673,2.8580105998018364,2.7207812785576038,0
681.217009,420,2800.836206,3.0195491188565664,2.7920393316577408,0
777.757185,478,2802.04812,3.0651544478804316,2.840802532845792,0
688.457423,433,2803.602552,3.0882658707772133,2.930130114414238,0
701.043618,441,2805.067306,3.0536537191475635,2.9653032282978753,0
798.759435,501,2806.305416,3.1313996761307834,3.0932478072909264,0
700.8847,424,2807.327186,3.2212739449594894,3.0835044737799424,0
108.914201,133,2808.103192,0.717896229831125,0.329474466104274,0
810.113262,509,2810.112778,2.9544872945406873,2.6945519134939384,0
825.219688,523,2811.704434,3.071297404325496,2.7863279007290056,0
713.061583,446,2813.08451,2.9684616924120655,2.6144439457459407,0
121.76847,135,2813.312595,1.0531531873651276,0.6377187126381144,0
110.492381,133,2813.531831,0.7348404829379293,0.34535944700954957,0
574.508283,389,2814.86763,2.456501202347167,2.13461633243683,0
682.952613,428,2816.133169,3.3372282268552063,2.8815743999277643,0
830.538897,511,2817.472134,3.095885278688521,2.8578511669863538,0
112.977027,136,2817.702045,0.7662166411668033,0.3687695084685853,0
115.689834,135,2817.934265,0.9170682756422551,0.5635099177249696,0
683.31793,422,2819.294083,3.1464561424308544,2.94194235249554,0
717.648463,428,2820.757196,2.828696904249518,2.3542837389881726,0
108.643475,132,2821.01375,0.7184762866599167,0.3342783876891675,0
778.334756,495,2822.380209,3.1641349474076375,2.9822421815762867,0
117.539875,132,2822.714952,0.8813718429636382,0.3935066832557142,0
110.449942,135,2823.575223,0.7326017645695351,0.32809116050021303,0
665.918821,422,2824.602123,3.2328313345941404,2.9861047988402367,0
114.079622,134,2825.280442,0.7769107175480574,0.35945228432356685,0
701.446456,456,2826.609653,2.6005899401417056,2.3408879115797676,0
665.617836,435,2827.41836,3.174921157694246,2.983410080003976,0
733.20943,476,2828.986672,3.254386988353286,3.138830326853936,0
673.608155,409,2830.285086,3.1521536366541483,2.8099094619871243,0
494.322003,361,2831.554049,2.4492439435252313,2.168386429479084,0
101.776864,130,2831.806281,0.6235416458337003,0.27855898105064536,0
730.180627,468,2833.085381,3.0792407381424147,2.924096404245523,0
109.70875,133,2833.352272,0.7449222344912301,0.34674569844499675,0
397.997386,316,2834.368377,2.017848954745887,1.7694520754058944,0
95.067329,134,2834.635011,0.6229977345536016,0.3912897515438683,0
770.074256,499,2836.066027,3.2283211484826055,2.953244929974881,0
102.390802,179,2836.553209,0.42044728030146994,0.17078803115294044,0
663.99623,440,2837.824406,2.720095601319692,2.284013401412055,0
772.802445,516,2839.42604,2.7872631927221754,2.4590365831346306,0
105.26131,133,2840.216355,0.6417106838387562,0.30007440414903663,0
801.754325,543,2841.863614,3.1976491142008556,3.0680600479402935,0
791.902588,522,2843.480692,2.929821871890748,2.6681639733781473,0
671.833039,458,2844.801656,2.848055744252592,2.4426367229182477,0
669.850184,437,2845.529862,3.146956375982167,2.9292450915477724,0
712.302416,478,2847.108365,2.949118500628793,2.6416002567350447,0
104.931676,132,2847.782461,0.6870679386376285,0.31636032142922504,0
810.201966,534,2849.314763,2.865912068270706,2.52418281915415,0
722.355605,474,2850.711913,2.9572117083571716,2.6041496684848218,0
724.397456,475,2851.626522,2.949982056879433,2.684358816026231,0
893.705985,572,2853.629775,3.1334856000525053,2.923899422085581,0
788.545206,506,2855.229811,3.0240003214859956,2.90186000050863,0
795.563704,508,2856.640528,3.0780556805887596,2.806242767626367,0
624.425904,459,2857.620737,2.5541556967903216,2.334112240210205,0
100.088559,132,2858.278454,0.5946857540212072,0.2718376793275648,0
704.348408,460,2859.996178,2.854117257813123,2.431806115758838,0
675.03509,450,2861.532362,2.7530939211718444,2.559684615894619,0
751.982921,507,2862.904837,2.77893602072474,2.484841616706606,0
462.787319,352,2863.534571,2.280806537214867,2.1037032769576034,0
97.487372,130,2863.766823,0.5834572951476688,0.2690292848381031,0
752.077906,498,2865.138405,3.0878238497854213,2.8623055856738002,0
689.072139,460,2866.428876,2.7547014808703807,2.5216551894907453,0
805.452868,544,2867.878815,2.711309371551531,2.2879865847173293,0
107.035438,131,2868.572651,0.6908907583942666,0.31453217009162054,0
844.446115,557,2870.074399,2.8504013981093865,2.4247816722410294,0
898.306231,604,2872.018476,3.13713006682684,2.6637113393323113,0
98.048189,133,2872.222136,0.5568165000555294,0.2582789552250376,0
835.506888,568,2873.995522,2.6623051753798164,2.283924234558339,0
800.54725,542,2875.460799,2.7221466740480333,2.4426620845391285,0
106.049227,134,2876.174737,0.68230871796664,0.313060918132527,0
95.572507,131,2876.405411,0.5277063312586097,0.23543832600158948,0
818.638639,569,2878.007609,2.8285470380704245,2.5473862106228733,0
86.665441,135,2878.291003,0.35362659835411503,0.1519803908924612,0
95.60725,134,2878.606967,0.7114580413441653,0.4319531439713054,0
667.411179,464,2880.714503,2.6207101909659607,2.269168750898542,0
892.132022,617,2882.655321,3.0785815194299846,2.804601144864269,0
666.898123,492,2884.179778,2.5072359256831387,2.288680193915028,0
87.844535,133,2884.406358,0.37721268216135995,0.16610962999841766,0
103.765538,132,2884.761566,0.6416557971786643,0.2928327640266224,0
840.599601,572,2886.231157,2.8019149733020616,2.4816512872202328,0
99.242667,131,2886.44816,0.5714350822878691,0.26459550154502254,0
816.171535,558,2888.444228,2.9449935727850396,2.5766622323065542,0
94.468441,131,2888.671713,0.4733204484056066,0.21229985351799818,0
671.879364,491,2890.135036,2.512931168022025,2.337424752701359,0
99.403928,134,2890.344771,0.5687098049292935,0.25389524669426533,0
91.477873,130,2890.718811,0.47909909905123915,0.21330606853606238,0
611.384222,456,2892.202944,2.5687643127845967,2.328729872569621,0
99.159826,130,2892.635362,0.587149001120796,0.2671612984014536,0
904.612443,593,2894.914395,3.1186867928786173,2.920339861186188,0
613.680639,439,2895.664772,2.6629802000184557,2.474773034693108,0
95.093969,134,2896.353466,0.8572789861719695,0.48309609564156913,0
813.772457,567,2897.857582,2.6951469598317073,2.380200446471715,0
99.79072,135,2898.116212,0.5586538321371184,0.25430477584941774,0
792.063833,524,2899.717349,2.8522207169164497,2.4630680875629554,0
717.582474,504,2901.076205,2.906926935629603,2.5533828024580227,0
933.243857,664,2902.774521,2.7875204403331644,2.4949027684340654,0
659.79093,495,2904.459997,2.455740340561254,2.1181793405639957,0
921.932707,585,2906.234582,3.093050080166532,2.8247262941636913,0
910.615103,600,2908.074478,3.1078698193152183,2.9985345782638633,0
844.23914,531,2909.509082,2.8279970198332216,2.567757983362979,0
847.75961,551,2910.993255,2.8209247633146037,2.500280610010806,0
102.029393,131,2911.262084,0.5727087775462716,0.25034788931227614,0
94.007571,130,2911.521969,0.5226542748026533,0.23917911652722132,0
987.945616,638,2913.395264,3.0848958050463735,2.9751912185488605,0
757.393533,502,2915.175937,3.038009137650306,2.8189528535481867,0
962.766102,647,2916.944189,2.9768301085888123,2.7501102717444432,0
1009.122385,726,2918.927976,2.9035947673557447,2.680388967312552,0
86.960226,133,2919.243394,0.4147860613979595,0.18519938704086478,0
942.869439,628,2921.363532,3.063491834612109,2.882441461755742,0
731.679051,569,2923.04166,3.2834758700136035,3.124550309984154,0
1071.400001,748,2924.856234,2.639573741201687,2.3824600024822136,0
1175.179565,829,2927.152042,2.902363145493376,2.6410887320254455,0
1189.578536,841,2929.420638,2.976159351962281,2.829541418809567,0
1174.385902,798,2931.70048,3.088357999078877,3.0549044983457216,0
1243.686997,813,2934.903257,2.999378939718047,2.881394131786106,0
1096.928311,713,2936.491587,3.119730084247115,2.9802044128450658,0
1040.10466,758,2939.059704,2.932559086758116,2.7638721628116913,0
1011.011074,710,2940.778106,2.846505668657241,2.461053834618509,0
635.479535,464,2942.283902,2.972385942359916,2.649153560690207,0
1021.034361,697,2944.597633,2.9285958010735955,2.780972450101853,0
779.72441,563,2946.295967,2.790850100072838,2.4787918355087344,0
881.923191,616,2947.914837,2.905526518753718,2.8775982584895403,0
1301.259161,917,2950.770905,3.1259777845253733,2.8911657174013032,0
1355.871406,979,2953.397137,2.7737071907652444,2.505507047509278,0
1288.737338,1000,2956.092791,2.875208622463014,1.7614122357655335,0
1070.08034,1000,2959.302469,2.4106640287479313,1.1933511964080186,0
175.37861,239,2960.257183,0.9766315556756807,0.5446986929090671,0
1238.514616,974,2962.539203,3.074393373700376,2.9533118617238987,0
952.324053,661,2964.69804,2.903702792184004,2.7274145031459773,0
1086.520947,1000,2967.791866,3.2953268034446315,2.1350798683031478,0
993.054824,1000,2970.496441,1.388918518857312,0.537859033626364,0
668.844081,740,2972.708007,0.6662477671378372,0.3226330518444565,0
1029.933775,1000,2975.789088,2.164379532380746,1.374801077461579,0
1009.013122,1000,2979.642409,1.791497933555236,0.6150686096378071,0
715.170397,803,2982.297652,0.6454875720615957,0.3068537268439893,0
723.560088,497,2984.193488,3.240216176016977,3.19267794285637,0
881.437284,685,2986.388388,2.793423159490631,2.594688763675529,0
