#{"t_start": 1783345776.3968318, "env_id": "Hopper-v5"}
r,l,t,original_env_reward,generated_reward,reward_error_count
0.006678,21,1.522866,-1.0250750624845717,0.0,0
0.0,23,1.565398,-0.9869276062714477,0.0,0
0.001884,28,1.620557,-0.7366931216965336,0.0,0
0.000943,22,1.663445,-0.9319481941834842,0.0,0
0.0,22,1.706706,-0.8556798887815327,0.0,0
0.0,35,1.776448,-0.5959988975183651,0.0,0
0.004489,25,1.831629,-0.7876725626622144,0.0,0
0.004274,15,1.861312,-0.8275365761589691,0.0,0
0.003019,26,1.912643,-0.8608982905155549,0.0,0
0.00258,39,1.990041,-0.8909705308649281,0.0,0
0.003881,27,2.043544,-0.9246289888245206,0.0,0
0.004591,26,2.095278,-0.9035601944263874,0.0,0
0.0,24,2.142307,-1.0098414347440483,0.0,0
0.0,31,2.223476,-0.9886792173205206,0.0,0
0.011925,32,2.311602,-0.8836486073888655,0.0,0
0.0,35,2.422291,-0.7180874183162389,0.0,0
0.004783,17,2.476327,-0.8970882182000116,0.0,0
0.0,25,2.552318,-0.9755389923424782,0.0,0
0.0,26,2.614047,-1.0433678331583227,0.0,0
0.0,12,2.641644,-0.8908142536397579,0.0,0
0.001551,29,3.185649,-0.8220514342702739,0.0,0
0.002084,23,3.276773,-1.0213027047672432,0.0,0
0.002444,31,3.383618,-0.9901410588077418,0.0,0
0.004138,31,3.515318,-0.7420369729121263,0.0,0
0.0,31,3.637238,-1.0758715550452482,0.0,0
0.000322,22,3.720587,-0.9730421200359883,0.0,0
0.0,14,3.771495,-0.9428910032296305,0.0,0
0.004437,13,3.818474,-0.9466824679082603,0.0,0
0.002168,18,3.884031,-0.8323453836946652,0.0,0
0.0,26,3.978434,-1.1763464991719408,0.0,0
0.0008,33,4.099109,-0.8352653379952414,0.0,0
0.000198,17,4.160809,-0.9076540867378053,0.0,0
0.005124,38,4.300014,-0.7902735488307928,0.0,0
0.0,23,4.383525,-1.1020856281488445,0.0,0
0.004833,12,4.426887,-0.9099897967892497,0.0,0
0.001719,28,4.528245,-1.016681604163918,0.0,0
0.0,31,4.641599,-0.815511558975384,0.0,0
0.002116,20,4.713835,-1.0095154988551747,0.0,0
0.0,28,4.816365,-0.7934329471274275,0.0,0
0.0,28,4.924309,-1.0683892739417504,0.0,0
0.000583,46,5.465401,-0.8017168337160261,0.0,0
0.0,12,5.483768,-0.9093133447728777,0.0,0
0.001039,16,5.50883,-0.8442184453905754,0.0,0
0.0,10,5.524168,-0.9167333232003871,0.0,0
0.0,22,5.559486,-1.1592802218687261,0.0,0
0.0,13,5.580568,-0.8866616169647208,0.0,0
0.001734,26,5.624221,-1.0745484440391688,0.0,0
0.0,28,5.66865,-0.8369291278248422,0.0,0
0.0,12,5.687195,-0.7722523029128362,0.0,0
0.002551,13,5.707757,-0.8687933610657532,0.0,0
0.0,11,5.724968,-0.7534161500423093,0.0,0
0.0,13,5.745148,-0.8278163311887052,0.0,0
0.0,16,5.777733,-0.915909789230175,0.0,0
0.003064,13,5.808987,-0.8536781078120187,0.0,0
0.003515,26,5.866072,-0.8477182254978609,0.0,0
0.0,13,5.891941,-0.8923933077313282,0.0,0
0.000764,26,5.943416,-1.0752836501909873,0.0,0
0.0,16,5.975112,-0.975328351459656,0.0,0
0.002182,18,6.010713,-0.9396124980533156,0.0,0
0.004563,21,6.052326,-0.9159131757367849,0.0,0
0.003545,15,6.081441,-0.8402913914357061,0.0,0
0.0,18,6.117744,-0.915076797030945,0.0,0
0.0,15,6.156812,-0.8413097304296878,0.0,0
0.004917,25,6.228557,-0.6701670489397648,0.0,0
0.000924,11,6.261122,-0.8344502368567359,0.0,0
0.004407,31,6.363588,-1.1173062226797492,0.0,0
0.0,17,6.420303,-0.8856696511029043,0.0,0
0.0,12,6.460499,-0.7818361077853732,0.0,0
0.0,27,7.04376,-1.0782523696783752,0.0,0
0.0,29,7.088314,-0.9840663614945423,0.0,0
0.004075,23,7.123036,-1.1527786402612956,0.0,0
0.001286,26,7.166292,-0.5537906600832331,0.0,0
0.003339,18,7.193908,-0.9843380541767635,0.0,0
0.001823,16,7.224377,-0.8369769081796719,0.0,0
0.000279,16,7.261259,-0.8795952542054917,0.0,0
0.000513,21,7.314767,-0.9932893803233342,0.0,0
0.000993,24,7.382102,-1.1801313445419137,0.0,0
0.0,29,7.471362,-0.7390177298976228,0.0,0
0.0,15,7.518305,-0.7951984218184965,0.0,0
0.0,30,7.618524,-1.001498280538486,0.0,0
0.0,20,7.685363,-0.8254656231971874,0.0,0
0.001848,30,7.786335,-0.8897653137166422,0.0,0
0.001418,12,7.825809,-0.7730942223941777,0.0,0
0.0,20,7.891648,-1.0403714581304784,0.0,0
0.0,28,7.988493,-0.8553047815609749,0.0,0
0.0,23,8.065928,-0.9174395767713405,0.0,0
0.002954,16,8.119974,-0.9256899837105785,0.0,0
0.00011,14,8.166665,-0.9249712679912034,0.0,0
0.003706,22,8.241072,-0.8529264956400594,0.0,0
0.003665,15,8.291561,-0.8758163774742497,0.0,0
0.0,12,8.331563,-0.789182383786451,0.0,0
0.0,12,8.371358,-0.7062334123711282,0.0,0
0.003306,14,8.40477,-0.8152699840946873,0.0,0
0.0,33,8.902186,-0.806554450307999,0.0,0
0.004067,16,8.926727,-0.783137529269843,0.0,0
0.000942,12,8.945621,-0.7705850138784756,0.0,0
0.001099,27,8.990736,-1.1574287135424866,0.0,0
0.0,28,9.038414,-0.814928089428017,0.0,0
0.0,19,9.071726,-0.8149045601612348,0.0,0
0.003178,26,9.118556,-0.7150287639434492,0.0,0
0.004462,30,9.168364,-0.6793003809824275,0.0,0
0.004594,19,9.201227,-0.8694191571893802,0.0,0
0.0004,29,9.253658,-0.8262739043423988,0.0,0
0.001585,17,9.284777,-0.8848624756262058,0.0,0
0.0,17,9.315557,-0.8410671098732899,0.0,0
0.000446,17,9.346505,-0.8384935021460987,0.0,0
0.002578,34,9.409495,-0.7956768350852095,0.0,0
0.000661,18,9.443338,-0.8832641050341281,0.0,0
0.000816,38,9.513085,-0.9388054738456197,0.0,0
0.000681,19,9.563095,-0.869960610021726,0.0,0
0.0,13,9.598982,-0.9007864336049876,0.0,0
0.0,22,9.663394,-0.815657157186307,0.0,0
0.000508,36,9.782017,-0.80947742983909,0.0,0
0.0,30,9.883537,-0.8435206334895063,0.0,0
0.0,31,10.407459,-0.8891837091078993,0.0,0
0.0,12,10.427067,-0.7309592043580695,0.0,0
0.004032,19,10.456932,-0.6876109322270412,0.0,0
5.2e-05,16,10.481243,-0.7524154310821441,0.0,0
0.004962,16,10.507496,-0.7496430815140718,0.0,0
0.0,16,10.532919,-0.8464382713010692,0.0,0
0.0,24,10.572352,-1.0372070285381598,0.0,0
0.0,23,10.610584,-0.7892625521798659,0.0,0
0.0,28,10.655172,-0.8937032643142996,0.0,0
0.0,23,10.691605,-0.9781837797189614,0.0,0
0.0,16,10.716723,-0.7907514146108895,0.0,0
0.002874,21,10.749283,-1.1063552995522932,0.0,0
0.0,13,10.7697,-0.6579717075306707,0.0,0
0.001637,27,10.811988,-0.779881720808879,0.0,0
0.004837,22,10.84629,-0.6785713774011374,0.0,0
0.004078,13,10.866381,-0.6871137527689819,0.0,0
0.0,18,10.894531,-0.8060521151720388,0.0,0
0.0,19,10.924039,-0.8173062630980689,0.0,0
0.003602,17,10.950388,-0.8859557474301978,0.0,0
0.000323,23,10.986299,-0.7554471892602687,0.0,0
0.0,19,11.022092,-0.7381158151410259,0.0,0
0.0,19,11.067468,-0.7870059496128142,0.0,0
0.0,33,11.158626,-0.8308643891360468,0.0,0
0.0,25,11.235846,-1.1886639892384605,0.0,0
0.0,29,11.330036,-0.8660191317418613,0.0,0
0.002302,15,11.381809,-0.7138146554887809,0.0,0
0.0,29,12.034133,-0.6783686967611009,0.0,0
0.003905,12,12.05372,-0.7484585493569745,0.0,0
0.000785,16,12.079051,-0.9554394131672014,0.0,0
0.003509,22,12.114374,-0.7078040985554092,0.0,0
0.0,13,12.1359,-0.7975599342840102,0.0,0
0.00074,19,12.167578,-0.763200222639143,0.0,0
0.0,17,12.194569,-0.7687388149068571,0.0,0
0.0,13,12.214845,-0.7015518627177296,0.0,0
0.0,30,12.262159,-0.7108794102430123,0.0,0
0.0,24,12.315604,-0.7486976461682372,0.0,0
0.0,15,12.353093,-0.8242629263162913,0.0,0
0.0,16,12.396402,-0.8462805411670213,0.0,0
0.0,43,12.528334,-0.8099500495311543,0.0,0
0.0,19,12.59179,-0.8442101409441439,0.0,0
0.001077,14,12.638162,-0.8103530964049663,0.0,0
0.0,24,12.724858,-0.7660912055883227,0.0,0
0.004916,24,12.811296,-1.055293745088529,0.0,0
0.0,33,12.929992,-0.8314250849673607,0.0,0
0.0,17,12.990021,-0.8396264703284728,0.0,0
0.0,16,13.046562,-0.7210207928537979,0.0,0
0.0,16,13.103146,-0.7006209570828571,0.0,0
0.001588,16,13.160034,-0.7341539740083719,0.0,0
0.0,20,13.231939,-0.8074336612679137,0.0,0
0.0,17,13.292522,-0.7502902144267642,0.0,0
0.00205,21,13.367234,-0.5676429816342236,0.0,0
0.0,13,13.821339,-0.6891424069789011,0.0,0
0.0,17,13.847516,-0.7087677175876029,0.0,0
0.010654,34,13.899572,-0.7446296294836251,0.0,0
0.0,24,13.938618,-1.1269540495003627,0.0,0
0.003474,12,13.957324,-0.5378418745683768,0.0,0
0.0,41,14.023696,-0.7465473463408762,0.0,0
0.001499,24,14.060978,-1.0711117923565658,0.0,0
0.002474,28,14.104988,-1.034796704850382,0.0,0
0.0,15,14.128093,-0.6251417588349667,0.0,0
0.0,28,14.172373,-0.8422922553648466,0.0,0
0.0,20,14.203007,-0.8919273230699045,0.0,0
0.0,24,14.240454,-1.1851574511605347,0.0,0
0.0,20,14.274901,-0.4634053076007455,0.0,0
0.0,22,14.32853,-1.1787803647836526,0.0,0
0.001637,24,14.392548,-0.7256947301616372,0.0,0
0.0,23,14.459393,-0.7174722090317454,0.0,0
0.000763,73,14.707063,-0.5270801649329664,0.0,0
0.000857,23,14.788971,-1.3234325319294042,0.0,0
0.00468,28,14.876723,-0.7723810309066211,0.0,0
0.004947,16,14.917988,-0.7158054076276874,0.0,0
0.0,14,15.352653,-0.842656636402873,0.0,0
0.0,28,15.397911,-1.0098866070070085,0.0,0
0.0,16,15.422993,-0.7565662260993947,0.0,0
0.0,21,15.456779,-0.8540859248853078,0.0,0
0.0,14,15.479755,-0.6916025854778187,0.0,0
0.0,24,15.51992,-0.5063329876496723,0.0,0
0.0,30,15.572482,-0.5276548334549277,0.0,0
0.0,57,15.677418,-0.7098475478247427,0.0,0
0.0,27,15.744719,-0.8405888001679727,0.0,0
0.0,12,15.777542,-0.7123620081463523,0.0,0
0.004807,25,15.853825,-0.995572443785761,0.0,0
0.0,15,15.903569,-0.7545051137343657,0.0,0
0.0,30,16.011932,-0.9217053042242931,0.0,0
0.002249,18,16.079419,-0.7479489181750141,0.0,0
0.0,15,16.13677,-0.7700977951682347,0.0,0
0.001751,28,16.243635,-1.037625932792785,0.0,0
0.0,23,16.333886,-0.712798661616196,0.0,0
0.000936,52,16.551133,-0.5419793411048002,0.0,0
0.003528,24,16.646854,-1.146583623766188,0.0,0
0.0,15,16.706992,-0.8347795555557617,0.0,0
0.002957,23,16.798244,-0.9286823942218767,0.0,0
0.0,35,17.311849,-0.7232734842039822,0.0,0
0.0,24,17.369269,-0.784715334185023,0.0,0
0.00445,24,17.420085,-0.6752772673648089,0.0,0
0.002908,11,17.439679,-0.5744317130425883,0.0,0
0.010585,26,17.499338,-0.6515498927318331,0.0,0
0.0,20,17.540329,-0.9561009188137866,0.0,0
0.0,21,17.587101,-0.6037598191234211,0.0,0
0.0,28,17.664237,-1.0509853360811572,0.0,0
0.002638,24,17.73623,-1.1465987943101934,0.0,0
0.0,20,17.798819,-0.9831343298379108,0.0,0
0.004131,25,17.881121,-0.6969046460378543,0.0,0
0.000486,17,17.937851,-0.746857575429368,0.0,0
0.002213,23,18.016587,-1.2762546209498473,0.0,0
0.0,21,18.078394,-1.2352983998106084,0.0,0
0.012418,17,18.120884,-0.8102626774160422,0.0,0
0.0,13,18.153269,-0.811865509287554,0.0,0
0.003207,14,18.195473,-0.7543649461742576,0.0,0
0.001024,13,18.235089,-0.7572499027039598,0.0,0
0.0,26,18.318845,-0.891584336357162,0.0,0
0.0,31,18.425938,-0.7535629617282787,0.0,0
0.0,14,18.472488,-0.7518726940797027,0.0,0
0.0,26,18.550949,-0.5798148039643306,0.0,0
0.003725,24,18.63331,-1.1675976578428886,0.0,0
0.00068,29,19.154206,-0.7129049537912562,0.0,0
0.0,17,19.180523,-0.8173346895765948,0.0,0
0.0,19,19.212325,-0.7942587986601943,0.0,0
0.003218,31,19.291199,-0.9310768499775469,0.0,0
0.0,22,19.346424,-1.283480587260704,0.0,0
0.000641,31,19.414782,-0.8354254228406474,0.0,0
0.002684,28,19.472339,-0.5977975449623452,0.0,0
0.003496,16,19.501539,-0.6983488456829529,0.0,0
0.000381,16,19.530849,-0.7665962220878285,0.0,0
0.0,27,19.588202,-0.991904794649743,0.0,0
0.0,24,19.650821,-0.8682771673194556,0.0,0
0.002084,24,19.710911,-1.0824591772908359,0.0,0
0.00339,48,19.833995,-0.784409363091924,0.0,0
0.0,16,19.873654,-0.8062584717871972,0.0,0
0.0,30,19.949391,-0.705351218006053,0.0,0
0.0,25,19.989567,-0.6608960533069831,0.0,0
0.0,12,20.010982,-0.6026688871670887,0.0,0
0.0,21,20.046288,-0.8638619009493627,0.0,0
0.0,24,20.087013,-1.0134895682001501,0.0,0
0.0,25,20.131701,-1.1167740116151974,0.0,0
0.004521,25,20.177985,-1.1604805147265596,0.0,0
0.001713,29,20.842304,-0.9003770524103775,0.0,0
0.0,20,20.882769,-0.7080335648953356,0.0,0
0.000519,25,20.932554,-1.0958386928947927,0.0,0
0.0,14,20.960021,-0.7685943095161767,0.0,0
0.0,22,21.004061,-0.6357341690762255,0.0,0
0.0,16,21.035956,-0.7040010366563982,0.0,0
0.0,24,21.078077,-0.7996418574654692,0.0,0
0.0,19,21.109972,-0.6982984915891328,0.0,0
0.000673,34,21.177692,-0.8122155579576,0.0,0
0.002842,25,21.222147,-0.6214928249935076,0.0,0
0.001449,27,21.270422,-0.5075446621382859,0.0,0
0.0,26,21.315701,-1.0870427350144247,0.0,0
0.0,15,21.341557,-0.8318284788197108,0.0,0
0.004342,29,21.386881,-0.6309207721352458,0.0,0
0.0,26,21.428373,-0.8412973446029105,0.0,0
0.007797,27,21.471771,-1.012369154830802,0.0,0
0.003432,31,21.521502,-0.722283483670682,0.0,0
0.0,23,21.558197,-1.0661279236273011,0.0,0
0.012348,25,21.597914,-1.2283666810587357,0.0,0
0.001917,31,21.678308,-0.8364004380254481,0.0,0
0.004683,26,21.75628,-0.5860641382682671,0.0,0
0.003003,25,21.847527,-0.7102162519443449,0.0,0
0.0,33,22.413922,-0.5628280355437679,0.0,0
0.0,24,22.471326,-0.5868221046648479,0.0,0
0.000552,25,22.523579,-0.6243447536911245,0.0,0
0.006367,32,22.582448,-0.9940605492888223,0.0,0
0.000908,17,22.610079,-0.8340527541607253,0.0,0
0.008981,29,22.65352,-0.6881494396458064,0.0,0
0.004833,15,22.675233,-0.6897250599171985,0.0,0
0.0,14,22.695271,-0.8134281680765495,0.0,0
0.0,14,22.715397,-0.714060867183374,0.0,0
0.0,13,22.73502,-0.6865128474733825,0.0,0
0.00499,20,22.77523,-0.6348094185172987,0.0,0
0.000211,27,22.842023,-0.8608632156033088,0.0,0
0.0,23,22.905636,-1.107597160960502,0.0,0
0.0,20,22.965884,-1.2038743307497293,0.0,0
0.005806,22,23.035109,-1.1404484104642687,0.0,0
0.0,27,23.126969,-0.7315676270124687,0.0,0
0.0,20,23.194616,-0.7398612592144689,0.0,0
0.000924,27,23.286183,-0.8940163111833727,0.0,0
0.004514,23,23.369822,-1.1924139283061541,0.0,0
0.000333,26,23.47011,-0.5398983827120125,0.0,0
0.006281,23,23.553948,-1.1506920127034705,0.0,0
0.003044,19,23.614437,-1.2162752882079364,0.0,0
0.0,26,24.118937,-0.9341458815627375,0.0,0
0.009606,24,24.156623,-1.0805245164933743,0.0,0
0.002128,15,24.180236,-0.8167949736868235,0.0,0
0.0,18,24.207758,-1.233525432945695,0.0,0
0.006654,21,24.244317,-0.748071113846376,0.0,0
0.004535,17,24.27439,-0.75034208239707,0.0,0
0.0,22,24.311111,-0.6231236979484467,0.0,0
0.0,13,24.331813,-0.697684922979966,0.0,0
0.002739,21,24.365124,-1.1123494441498833,0.0,0
0.005861,16,24.390597,-0.8363388135469628,0.0,0
0.0,16,24.419733,-0.7907655167713259,0.0,0
0.0,19,24.464613,-1.300265377363412,0.0,0
0.0,15,24.502476,-0.7383924319359441,0.0,0
0.0,19,24.555037,-1.1768321321786992,0.0,0
0.003707,38,24.672166,-0.731588013812346,0.0,0
0.0,20,24.736764,-1.216635033962616,0.0,0
0.003778,17,24.79628,-0.9004910565764146,0.0,0
0.0,20,24.863604,-1.1946161127294126,0.0,0
0.000334,22,24.937374,-1.0798907997574625,0.0,0
0.0,19,25.001471,-1.2203427308344865,0.0,0
0.000695,19,25.066333,-1.174762069338091,0.0,0
0.0,16,25.120148,-0.8699027923827459,0.0,0
0.005559,26,25.208413,-0.8009247134819436,0.0,0
7.6e-05,28,25.308568,-0.7462501587636318,0.0,0
0.0,13,25.356751,-0.669725584187831,0.0,0
0.004814,28,25.464244,-0.9493927770557559,0.0,0
0.0,30,26.081604,-0.5372448418387238,0.0,0
0.000748,21,26.123456,-0.9130122981483779,0.0,0
0.0,23,26.169374,-1.080859411337803,0.0,0
0.0,25,26.219135,-0.8658842624815257,0.0,0
0.004422,23,26.260111,-1.0789146542281396,0.0,0
0.012583,26,26.306581,-0.8140146819695323,0.0,0
0.002917,24,26.349608,-0.9243807628307231,0.0,0
0.002931,18,26.379543,-0.7930597120438931,0.0,0
0.00169,27,26.434026,-0.7739674308878483,0.0,0
0.0,18,26.473918,-0.9834993619575871,0.0,0
0.000127,13,26.505287,-0.7584758350035117,0.0,0
0.004691,21,26.560942,-0.9808864197758691,0.0,0
0.0,25,26.636847,-0.8798786615465014,0.0,0
0.0,24,26.719477,-0.7915229347579655,0.0,0
0.0,29,26.826258,-0.7153636064117462,0.0,0
0.025148,22,26.909037,-0.947076860476906,0.0,0
0.003251,26,27.006565,-0.7508102752597697,0.0,0
0.0,24,27.093281,-0.9994031452993073,0.0,0
0.0,18,27.157128,-0.9458818415174386,0.0,0
0.0,20,27.227972,-0.7567005035446561,0.0,0
0.0,21,27.302705,-0.7173907253542773,0.0,0
0.0,17,27.362578,-0.8609238117642461,0.0,0
0.0,21,27.437322,-1.0317267064226014,0.0,0
0.001599,21,27.932693,-1.0513840866464432,0.0,0
0.0,22,27.966139,-1.192407456519801,0.0,0
0.011431,18,27.99419,-1.2050249873974435,0.0,0
0.0,21,28.027187,-0.8739107010797419,0.0,0
0.001945,17,28.062102,-0.959126143199627,0.0,0
0.0,21,28.10939,-0.7539539005293174,0.0,0
0.002242,26,28.167202,-0.9494590955046592,0.0,0
0.016075,21,28.221535,-1.1503804039622496,0.0,0
0.0,29,28.307378,-0.5726793917322046,0.0,0
0.001263,11,28.341574,-0.6123278435049809,0.0,0
0.002058,18,28.400355,-0.8878289291523304,0.0,0
0.005282,29,28.496682,-0.6209514403302482,0.0,0
0.025133,25,28.580225,-0.9652190364825018,0.0,0
0.004304,23,28.657662,-0.7939402576554362,0.0,0
0.003491,19,28.725781,-0.960072675225879,0.0,0
0.003998,22,28.804774,-0.5918125041085964,0.0,0
0.001766,14,28.853704,-0.9027045732176949,0.0,0
0.0,19,28.921379,-1.1083032082716622,0.0,0
0.004539,23,29.003568,-0.9733526846806689,0.0,0
0.012519,16,29.060015,-0.9234789389576984,0.0,0
0.004239,23,29.142508,-0.87469580273196,0.0,0
0.007664,18,29.206353,-0.7806671263991761,0.0,0
0.003113,18,29.271852,-0.7816240364639133,0.0,0
0.0,17,29.33317,-0.7690807513960254,0.0,0
0.0,23,29.854545,-0.9722444654739725,0.0,0
0.001551,21,29.905656,-1.2202324708626535,0.0,0
0.003879,22,29.955591,-1.088214930654122,0.0,0
0.001858,18,29.989917,-0.8336681534718972,0.0,0
0.0,19,30.022276,-1.1473358313188255,0.0,0
0.004846,19,30.054911,-1.104440345287812,0.0,0
0.000574,19,30.087969,-0.8168774626832728,0.0,0
0.0,18,30.119514,-0.9906959307914606,0.0,0
0.004568,25,30.162712,-0.9643263261986352,0.0,0
0.0,16,30.188527,-0.8643911257925165,0.0,0
0.000437,12,30.209173,-0.7182379640041332,0.0,0
0.002868,21,30.264517,-1.1204776676188426,0.0,0
0.0,22,30.324997,-1.0038790446489776,0.0,0
0.0,20,30.382186,-1.054319894872944,0.0,0
0.002329,17,30.422642,-0.8725746239037101,0.0,0
0.0,22,30.479775,-1.0760040228983188,0.0,0
0.0,14,30.515379,-0.8419110306784193,0.0,0
0.0,17,30.558824,-0.8197565419863659,0.0,0
0.003093,17,30.602481,-1.01884386104254,0.0,0
0.0,24,30.664427,-1.036872987915177,0.0,0
0.000489,16,30.70538,-0.8300151898823787,0.0,0
0.0,16,30.746071,-0.8782846297390879,0.0,0
0.004425,14,30.781826,-0.8736667271389927,0.0,0
0.0,23,30.840852,-1.0761805449957773,0.0,0
0.003284,16,30.881596,-0.9448231767884547,0.0,0
0.0,26,30.94914,-0.9855134700683574,0.0,0
0.004923,15,30.987387,-0.9052612241787606,0.0,0
3.7e-05,18,31.033511,-1.0221556008968613,0.0,0
0.003892,19,31.479503,-0.9156291397025594,0.0,0
0.001359,20,31.511198,-1.1214113531784666,0.0,0
0.0,14,31.53359,-0.8484674919751433,0.0,0
0.004245,18,31.563562,-0.9792492294256646,0.0,0
0.0,34,31.622644,-0.7737491664203828,0.0,0
0.0,16,31.650971,-0.7674637625677931,0.0,0
0.0,28,31.703126,-0.5479432005819812,0.0,0
0.0,21,31.743391,-1.1605614302162757,0.0,0
0.0,19,31.780208,-1.0607883681063528,0.0,0
0.004184,20,31.820139,-1.0949453543461116,0.0,0
8.5e-05,19,31.858367,-1.0765069188202416,0.0,0
0.001994,16,31.890562,-0.9153392922136223,0.0,0
0.0,22,31.934798,-1.0602522366103828,0.0,0
0.002393,18,31.972791,-1.2381358300071572,0.0,0
0.004819,22,32.019662,-1.0700155600850927,0.0,0
0.0,21,32.064541,-1.0460616466080752,0.0,0
0.004492,21,32.109046,-0.996299303832232,0.0,0
0.000459,13,32.137065,-0.83593826961198,0.0,0
0.002338,22,32.187269,-0.9843620904566746,0.0,0
0.0,16,32.223228,-0.9060711793854619,0.0,0
0.0,21,32.271253,-0.9977229740174436,0.0,0
0.0,20,32.316666,-0.9532712929049536,0.0,0
0.011613,19,32.360103,-1.1556003642544572,0.0,0
4.7e-05,18,32.401303,-0.7747474408972825,0.0,0
0.002868,21,32.448444,-1.146852912534949,0.0,0
0.022184,23,32.903833,-0.9332530270164787,0.0,0
0.003707,23,32.940817,-0.9955877348117985,0.0,0
0.025154,19,32.970893,-1.0929868386035724,0.0,0
0.0,29,33.017395,-0.8210733255705623,0.0,0
0.0,17,33.044149,-0.8545973324026951,0.0,0
0.0,24,33.084359,-0.731550607083786,0.0,0
0.015027,18,33.114234,-0.795697094042934,0.0,0
0.028601,47,33.18665,-0.6752795857254897,0.0,0
0.0031,13,33.207142,-0.8191275785549821,0.0,0
0.005206,19,33.24738,-1.0526784168588963,0.0,0
0.008545,14,33.279881,-0.8726165747776259,0.0,0
0.033909,22,33.336656,-0.9492688243803193,0.0,0
0.001218,14,33.374788,-0.8776800553071332,0.0,0
0.0,21,33.435371,-1.161939798702496,0.0,0
0.007622,19,33.49374,-0.857722924071588,0.0,0
0.0,15,33.536549,-0.8364483270345927,0.0,0
0.011839,13,33.560093,-0.8530444873511124,0.0,0
0.0,13,33.582075,-0.8997364071508841,0.0,0
0.003928,14,33.607852,-0.867473857046809,0.0,0
0.004471,21,33.647568,-0.9154580203357544,0.0,0
0.0,19,33.683835,-0.8489404980551449,0.0,0
0.002344,15,33.712261,-0.9806232074093014,0.0,0
0.003746,19,33.758584,-1.1390259037016321,0.0,0
0.02488,25,33.82879,-1.0538903534926194,0.0,0
0.003365,22,33.895853,-1.0016872418765415,0.0,0
0.001033,27,33.983848,-0.7177154506380036,0.0,0
0.0,15,34.434376,-0.8310116654516206,0.0,0
0.0,21,34.468891,-1.03891321627304,0.0,0
0.002286,17,34.497395,-0.8085974782253406,0.0,0
0.004059,25,34.539048,-0.8498197123094803,0.0,0
0.006007,24,34.581172,-0.6398167499130194,0.0,0
0.0,15,34.607886,-0.9515311794639115,0.0,0
0.000742,21,34.645878,-0.8504919183105658,0.0,0
0.0,22,34.686472,-0.8648073496528436,0.0,0
0.015336,20,34.723297,-1.0585506660632744,0.0,0
0.0,18,34.75628,-0.9083234760492688,0.0,0
0.0,23,34.799353,-0.9512524167502153,0.0,0
0.028466,24,34.845553,-0.8439109641387725,0.0,0
9.5e-05,14,34.871976,-0.8959445628173668,0.0,0
0.003892,14,34.897062,-0.8155291726896828,0.0,0
0.001354,21,34.933213,-0.9224334168088564,0.0,0
0.00314,15,34.958277,-0.7455249842038775,0.0,0
0.002234,22,34.994199,-0.8729767732023878,0.0,0
10.714838,185,35.360612,-0.20148280903106205,0.0,0
0.002682,19,35.931146,-1.1607121507586569,0.0,0
0.001397,21,35.979047,-0.9966333421392515,0.0,0
0.0,18,36.028404,-0.8363375699682974,0.0,0
0.006614,19,36.076589,-0.9780941110145892,0.0,0
0.001707,18,36.120929,-0.8491586002501114,0.0,0
0.004155,20,36.158739,-0.9863736768960872,0.0,0
0.0,26,36.207082,-0.5351828915131833,0.0,0
0.0,32,36.268655,-0.6128299497179974,0.0,0
0.009699,18,36.301832,-0.7778167353407167,0.0,0
0.000186,19,36.34595,-1.1066316468363848,0.0,0
0.002009,17,36.390987,-0.8529092925399904,0.0,0
0.0,18,36.44129,-1.1093953069040234,0.0,0
0.004048,20,36.501073,-1.027358026457857,0.0,0
0.001641,23,36.573311,-1.1422503441172491,0.0,0
0.0,23,36.649654,-0.8663664254019875,0.0,0
0.000711,20,36.716068,-1.0438839670852438,0.0,0
0.008613,20,36.782901,-0.9593116478773978,0.0,0
0.001295,31,36.888298,-0.7486857971225382,0.0,0
0.0,23,36.971001,-1.080989354952679,0.0,0
0.0,18,37.034952,-0.8225497402128019,0.0,0
0.0,19,37.102209,-0.8731951640643787,0.0,0
0.0,21,37.177552,-0.9868662370313067,0.0,0
0.0,20,37.248927,-1.0713669035545272,0.0,0
0.0,20,37.320073,-0.9615461829191636,0.0,0
0.003805,19,37.91185,-0.8987133740021924,0.0,0
0.002647,18,37.947689,-0.8375414806674211,0.0,0
0.0,22,37.995147,-0.9284158940507798,0.0,0
0.00131,42,38.097499,-0.5298199489549783,0.0,0
0.006641,21,38.158211,-1.0285099771575936,0.0,0
0.0,26,38.238363,-0.9922307845210508,0.0,0
0.0,20,38.305727,-1.1157414142502602,0.0,0
0.054448,21,38.376939,-1.0423347376282193,0.0,0
0.00485,19,38.444453,-1.18261298779815,0.0,0
0.017279,21,38.51782,-1.0027227107904062,0.0,0
0.003698,24,38.575804,-1.0714588397671205,0.0,0
0.002544,26,38.634567,-0.6115825949478508,0.0,0
0.0,18,38.67312,-0.7647399303775498,0.0,0
0.003138,16,38.70693,-0.926288002323845,0.0,0
0.000516,21,38.749698,-1.1055057619319661,0.0,0
0.002475,23,38.79674,-0.9804496877124911,0.0,0
0.030948,22,38.840317,-1.0356660078896642,0.0,0
0.0,20,38.882789,-1.1733820143446954,0.0,0
0.0,19,38.921462,-1.0184421043453729,0.0,0
0.0,27,38.975131,-0.9104528405293383,0.0,0
0.001525,24,39.022851,-0.8887579309027147,0.0,0
0.02477,22,39.066349,-1.1562072026640602,0.0,0
0.005123,19,39.101838,-1.0437344845703072,0.0,0
0.019197,27,39.552695,-0.7628441288652769,0.0,0
0.020328,22,39.590317,-1.0709648701029308,0.0,0
0.0,25,39.632025,-0.7614955250833336,0.0,0
0.0,23,39.670428,-0.9950529416241988,0.0,0
0.0,24,39.713212,-0.8815467501365128,0.0,0
0.011519,17,39.743166,-0.7657340228757625,0.0,0
0.031865,25,39.788775,-0.6127669516647344,0.0,0
0.029969,25,39.835759,-0.7606414168361968,0.0,0
0.001545,33,39.897621,-0.7197930050952838,0.0,0
0.02135,30,39.955651,-0.9515397511256964,0.0,0
0.002887,22,39.998036,-0.7377901959526871,0.0,0
0.007127,20,40.03665,-1.0864180099093894,0.0,0
0.0,23,40.081599,-0.9582688547833057,0.0,0
0.000182,31,40.142269,-0.8189026464682407,0.0,0
7.3e-05,77,40.293671,-0.34336989556706876,0.0,0
0.0,86,40.462868,-0.3925346129864977,0.0,0
0.001047,28,40.923163,-0.74373959628547,0.0,0
0.0,20,40.956686,-1.076014839052556,0.0,0
0.03792,28,41.006437,-0.6551824016586242,0.0,0
0.003569,29,41.057534,-0.7168458479051395,0.0,0
0.020091,25,41.101172,-0.6994693553566994,0.0,0
0.0,73,41.227882,-0.32329315720357815,0.0,0
0.002131,31,41.285074,-0.8189287169605866,0.0,0
0.0,23,41.327688,-1.0604462886751838,0.0,0
0.022537,26,41.37671,-0.8364910010248279,0.0,0
0.0,13,41.401156,-0.7336909136296665,0.0,0
0.0,21,41.441926,-1.0055088955384521,0.0,0
0.002798,20,41.480148,-1.0745044539252049,0.0,0
0.0,20,41.518518,-0.7780974632926941,0.0,0
0.023937,27,41.570107,-0.6448069341383258,0.0,0
0.010754,24,41.616274,-0.9955203117601212,0.0,0
0.023424,23,41.660573,-0.916675800642086,0.0,0
0.020721,28,41.714873,-1.048208962568805,0.0,0
0.003014,25,41.76292,-0.9402706611669269,0.0,0
0.016978,30,41.82102,-0.8155028173424742,0.0,0
34.455626,560,43.730756,-0.06199863855914416,0.0,0
0.048461,30,43.781877,-0.5802495481275752,0.0,0
0.0,22,43.820129,-0.9062437299861505,0.0,0
0.005728,25,43.863792,-0.58513336981772,0.0,0
0.002654,23,43.90607,-0.8375893548447357,0.0,0
11.39833,172,44.248647,-0.6649770556660636,0.0,0
0.006662,29,44.30629,-0.49010596218228053,0.0,0
0.0,22,44.350174,-1.0149143588747862,0.0,0
0.001024,21,44.392802,-0.9775578168096702,0.0,0
0.0,21,44.4345,-0.9375356927222782,0.0,0
0.001485,20,44.474096,-1.0838088099773344,0.0,0
0.0,21,44.515671,-1.0012421857602667,0.0,0
0.029,22,44.556014,-0.96880671959073,0.0,0
0.073735,24,44.611633,-0.7468902154370015,0.0,0
0.012528,19,44.66,-0.8852590360518614,0.0,0
0.027973,25,45.124547,-0.9628489209924307,0.0,0
0.066506,26,45.165558,-0.8260731492274715,0.0,0
0.007839,24,45.20502,-0.7341779201722591,0.0,0
0.008573,22,45.248022,-0.8965638671888642,0.0,0
0.005528,18,45.282752,-1.0676506917406476,0.0,0
0.0,23,45.318163,-0.7650832333055646,0.0,0
0.003818,33,45.370156,-0.6143734281868681,0.0,0
0.00228,28,45.427969,-0.6284542307246198,0.0,0
0.0,24,45.489157,-0.5975005922504874,0.0,0
0.0,24,45.558571,-0.7044157824926343,0.0,0
0.0,27,45.643821,-0.5474719994532997,0.0,0
0.028131,25,45.715648,-0.6877786172563563,0.0,0
0.0,23,45.773139,-0.9596008474288722,0.0,0
0.036314,27,45.842128,-0.6689245736469865,0.0,0
0.001872,22,45.888746,-0.9627682687168879,0.0,0
0.000503,20,45.942296,-0.9064070656561614,0.0,0
0.007865,70,46.164509,-0.2647855257425567,0.0,0
0.0,35,46.287513,-0.5924989537199237,0.0,0
0.011162,28,46.904667,-0.5342817853860693,0.0,0
0.054974,21,46.957075,-0.9858620704947901,0.0,0
0.0,20,46.997081,-0.993157308682248,0.0,0
0.041281,20,47.048376,-0.9119935470182846,0.0,0
0.006507,39,47.116677,-0.4143728897818386,0.0,0
0.0039,29,47.171778,-0.6694664358669465,0.0,0
0.055114,20,47.222959,-0.9240000146347904,0.0,0
0.0,26,47.297705,-0.6851268654186449,0.0,0
0.003664,44,47.440181,-0.610357557732739,0.0,0
0.0,25,47.524541,-0.7869542316904944,0.0,0
0.004843,21,47.581343,-1.1630372851440514,0.0,0
57.248597,1000,50.956855,1.046838010680663,0.05030823238494785,0
0.0,26,51.047001,-0.8345778983747648,0.0,0
2.331314,81,51.350202,-0.14289633165561796,0.0,0
29.192214,672,54.204108,-0.1984058694424811,0.0,0
13.287654,284,55.067315,-0.2484803409280389,0.0,0
0.0048,26,55.161255,-0.840835795889432,0.0,0
0.001183,19,55.230609,-1.1677066198762314,0.0,0
0.004101,39,55.376092,-0.9111346266945178,0.0,0
48.732316,1000,59.519684,0.9643657472003068,0.0,0
0.0,22,59.599925,-1.1698728780811662,0.0,0
0.010095,60,59.823481,-0.2442547343779492,0.0,0
0.0,26,59.918282,-0.9759924572571314,0.0,0
0.055791,56,60.12395,-0.4767904867548328,0.0,0
39.594583,1000,64.086309,0.9356404592964034,0.0,0
0.000613,37,64.636736,-0.6850777318787766,0.0,0
52.757403,1000,68.413443,0.7522752923479824,0.0,0
0.016569,40,69.001217,-0.9022047445028629,0.0,0
0.002063,21,69.054504,-1.1438227326617922,0.0,0
4.399954,93,69.274279,-0.08608276949901697,0.0,0
39.522426,1000,73.029459,1.0276952037913185,0.0050641218086539316,0
0.0,21,73.071614,-1.122338398556922,0.0,0
96.924069,1000,76.77377,1.0424111973123775,0.0593322379899872,0
0.004768,29,76.822402,-1.0623903988956283,0.0,0
0.004753,50,76.945715,-0.4887468320458907,0.0,0
0.003808,22,77.011614,-1.1033372013579563,0.0,0
0.0016,30,77.10915,-0.7965497173174024,0.0,0
0.076245,65,77.338639,-0.08083432121191146,0.0,0
0.0,51,77.511248,-0.48096407693474436,0.0,0
0.0,25,77.599468,-1.1313075957661565,0.0,0
48.424748,678,79.948339,-0.23623443637953326,0.0,0
0.003961,23,79.985762,-1.0286771496144034,0.0,0
0.001338,23,80.023693,-1.183074862791234,0.0,0
0.000444,60,80.126056,-0.3379093556278993,0.0,0
0.0,24,80.166802,-1.1773288202046617,0.0,0
66.875126,1000,83.899424,1.2370706188291194,0.24550052274982248,0
0.0,20,83.949639,-0.9385879313630515,0.0,0
8.038822,100,84.215649,-0.27030359533747605,0.0,0
7.187138,97,84.553362,-0.20359609625170783,0.0,0
75.515217,1000,88.130919,1.373854302134549,0.34944371516622647,0
25.730728,352,89.503052,-0.4126361940348714,0.0,0
22.560895,229,90.328449,-0.499756172759584,0.0,0
61.938696,700,93.1639,0.03965594996555821,0.05858944693060598,0
97.261642,881,96.116403,-0.019898159668057754,0.0,0
96.632753,944,99.239633,-0.8250567177612325,0.0,0
97.478496,1000,102.58606,0.9969789364252174,0.0,0
97.80887,1000,106.337855,0.6512892190038541,0.0,0
92.747645,1000,109.99175,1.0697215464604395,0.06769717351824142,0
17.284993,189,110.403806,-0.14769769365139188,0.0,0
40.283219,358,111.593191,-0.809793829740332,0.0,0
0.00169,32,111.676638,-0.8120592672641487,0.0,0
0.020652,68,111.854089,-0.07902342716830668,0.0,0
97.71635,1000,114.601658,0.43754621141014116,0.0,0
49.683888,488,116.170505,-0.39655109386666204,0.0,0
78.08564,1000,119.850332,1.0080902433486643,0.004986061218495843,0
14.573632,188,120.913494,-0.38054189465207733,0.0,0
30.593946,355,121.893652,-0.403731455992459,0.0,0
0.021002,75,122.163839,-0.10977723615106011,0.0,0
17.354358,199,123.067714,-0.12451573374881877,0.0,0
9.779811,177,123.598767,-0.11681997080244477,0.0,0
48.790645,529,125.287081,-0.1304249468919157,0.0,0
0.026121,64,125.523406,-0.3083580654183331,0.0,0
12.71433,115,126.35698,-0.24770743495125072,0.0,0
0.077992,59,126.498154,-0.21936232286117174,0.0,0
31.076775,312,127.51288,0.07153499679509355,0.09473953326021817,0
82.389236,611,130.187629,0.020732984503075626,0.0321291548653839,0
22.645436,220,131.085448,0.3542524579523435,0.39087867430262824,0
22.896707,203,131.790584,-0.12210063017332796,0.0,0
137.385193,1000,135.554171,1.5014961245403677,0.4930400834749842,0
76.79931,591,137.731958,0.043054587081316716,0.04784365916259211,0
74.369523,562,139.360379,-0.2698027822125459,0.0,0
34.650146,362,140.482237,-0.42281091221064276,0.0,0
117.118742,1000,143.24879,1.1258998523403227,0.12654604586072293,0
54.624085,418,144.52753,0.3765029099755459,0.37391665383463846,0
21.198719,179,145.015725,-0.3787292844938539,0.0,0
141.643021,1000,148.634205,1.4883274874589516,0.5173877373367979,0
90.519458,623,150.504722,-0.10355759673930583,0.0,0
15.275506,130,151.16707,0.19081531352813091,0.20779774858499156,0
36.475828,252,151.817954,0.5233207589770825,0.5250000074218244,0
170.888976,1000,155.430599,0.2977113876556197,0.0,0
0.021669,78,155.714744,-0.1341892355247408,0.0,0
53.247708,370,156.965978,-0.1696301116335538,0.0,0
0.005521,74,157.102777,-0.15983235946319527,0.0,0
76.552206,558,158.778596,-0.4835142852351759,0.0,0
144.707977,1000,161.963119,1.157262983553698,0.14954909490823692,0
122.894455,1000,165.827738,0.6553972592758184,0.0,0
0.035405,75,166.105684,-0.14329154616518827,0.0,0
143.354874,1000,169.469456,1.333864177036443,0.33482796616604915,0
152.07767,1000,172.621904,0.4971760124493034,0.0,0
101.010134,665,174.711992,-0.3566816284540662,0.0,0
0.00374,72,174.832941,-0.1835017011474602,0.0,0
46.237235,375,175.89672,-0.04170977895841394,0.0,0
98.285221,704,178.1767,-0.8715384225678079,0.0,0
0.057479,71,178.313246,-0.2736577385694732,0.0,0
29.637744,236,178.784675,-0.21466519185947472,0.0,0
30.104009,215,179.585735,-0.6696346807010748,0.0,0
0.030312,70,179.719821,-0.28976862711923873,0.0,0
156.307863,1000,182.649457,1.038087421085171,0.0420452507422945,0
143.09994,1000,186.396449,0.6149188095882592,0.0,0
32.823704,253,187.295757,-0.13165866266213908,0.0,0
99.80864,653,189.885734,-0.41108293167979626,0.0,0
172.1625,1000,194.076262,1.5331172630091774,0.5440473603673989,0
160.030536,1000,197.93078,1.3682605531973944,0.3642178163296805,0
155.733473,1000,201.300735,1.6048997009505732,0.591527382696948,0
182.229869,1000,205.253071,0.9055670674827007,0.0,0
68.072436,383,206.648038,-0.3782908086744502,0.0,0
161.608232,1000,210.170639,1.0860192251365761,0.050853984579943175,0
56.621185,348,211.289764,-0.4955625100813723,0.0,0
178.406079,1000,214.841223,1.299781334579809,0.2698127988096744,0
176.531726,1000,218.974052,1.2565973977200777,0.25024208409938975,0
61.483746,226,219.78935,0.309373764063329,0.33135320090210874,0
50.489277,195,220.872469,0.8486218251935831,0.8731270809826271,0
196.891917,1000,224.7163,1.530039495315353,0.5622625483510696,0
179.662126,954,227.776147,-0.8588866659519262,0.0,0
183.695031,1000,231.540349,0.33378487330341167,0.0,0
170.621642,885,234.270998,-0.48811802522945286,0.0,0
71.618185,397,235.651485,-0.6061353312057208,0.0,0
183.138067,937,239.354289,-0.6608963568705534,0.0,0
72.252649,416,240.338195,-0.43169401246023753,0.0,0
215.040061,1000,243.646025,0.4611873434166378,0.0,0
83.288866,431,245.100674,-0.47240699632726096,0.0,0
184.628307,1000,248.817562,1.0927629668350751,0.0778789252388581,0
180.083558,1000,252.603989,1.3730538705996922,0.367279090406999,0
210.593415,1000,255.711332,0.11467998870632704,0.0,0
220.111416,1000,259.058441,0.4553553940275324,0.0,0
204.439629,1000,262.934574,1.7704477993107928,0.7577879405696376,0
57.723665,217,263.705767,0.4523939605943984,0.4697503478498248,0
136.554811,707,266.449435,-0.12913940274089852,0.0,0
1.74038,102,266.82911,-0.42835332876186477,0.0,0
42.375843,286,268.231587,-0.4129220954756518,0.0,0
36.991879,258,268.803834,-0.45120325821724055,0.0,0
39.280553,266,270.165056,-0.28517890349065445,0.0,0
95.219135,517,272.140682,-0.2647365833980391,0.0,0
200.406505,1000,275.76319,0.4292511110156152,0.0,0
209.310262,1000,279.787115,0.6061168358796722,0.0,0
215.13346,1000,283.689997,1.0912316435511187,0.1102180939986619,0
202.422969,1000,287.026238,0.6445226955236136,0.0,0
140.865385,574,289.0502,0.4944755073400667,0.5033404202329466,0
134.600564,550,291.007928,0.22721104822665292,0.23704360964836715,0
215.617366,1000,293.958874,0.3627837655983417,0.0,0
99.493908,380,294.867915,0.3954381478061724,0.4054016045605411,0
50.55667,166,295.806186,0.5058713630839522,0.5212689774133208,0
188.605684,788,298.006029,0.7545496908344582,0.7732007724189083,0
191.435616,1000,301.878626,1.2520541094465705,0.2426339905338276,0
209.203961,1000,305.768561,0.5718132877434762,0.0,0
47.251097,280,306.793201,-0.34807533140945573,0.0,0
97.308041,387,308.187827,0.17739001688514422,0.19462474890060585,0
139.695535,593,310.191074,0.1681736684618678,0.18296492541367546,0
199.239541,1000,313.928417,0.8126760719626125,0.0,0
198.58319,1000,317.239305,0.9730291365209822,0.0,0
193.852832,1000,320.855232,1.579400182927048,0.5780950768991364,0
188.218457,1000,323.933319,1.4858731283376767,0.48320191828553055,0
185.60966,1000,327.458397,1.0737410459975896,0.06185721081107977,0
225.181337,974,331.300786,0.5164257883354109,0.5367204291024558,0
106.363818,405,332.681299,0.7325907854695508,0.7475643093013697,0
54.093445,191,333.3057,0.14880511519822834,0.16349431270605405,0
190.576193,793,336.753154,0.11956541127488424,0.13053638384739435,0
91.682022,478,338.597465,-0.3942732739291096,0.0,0
95.965583,504,340.070105,-0.14636782161043496,0.0,0
42.678215,259,340.86756,-0.20455889461357982,0.0,0
50.586632,169,341.760425,0.5521873046159044,0.5612987070100377,0
212.843726,1000,345.319234,0.42742220985206053,0.0,0
80.080551,447,346.952052,-0.14636737726983493,0.0,0
205.664105,1000,349.663756,0.6367383492848744,0.0,0
185.494943,1000,353.098267,1.3146862528771945,0.31205352680069987,0
177.996213,1000,356.699576,1.1044417180109316,0.09420426310289884,0
193.959389,1000,360.116542,0.4267767541704597,0.0,0
57.689664,386,361.362315,-0.15701534550131394,0.0,0
0.004198,78,361.557135,-0.10325690490358136,0.0,0
125.178326,588,363.319739,-0.8036768040314481,0.0,0
83.236419,429,364.775728,-0.20452505735054577,0.0,0
216.783873,1000,368.269624,1.500305523656122,0.5078488737473282,0
217.181739,1000,372.044756,1.6371005752351546,0.6264578445881385,0
228.095944,1000,375.36306,1.43113553659723,0.44951606003632694,0
206.871586,1000,378.511541,1.4057908787073097,0.40425394489854866,0
241.897808,1000,382.304644,1.0110591788779184,0.024799981493650432,0
46.044452,262,383.604739,-0.24237906453197133,0.0,0
0.053586,60,383.735495,-0.37786324582664294,0.0,0
0.001384,47,383.828681,-0.7059808291694746,0.0,0
0.0,47,383.952163,-0.695926932250881,0.0,0
0.04045,62,384.105874,-0.3309976178286577,0.0,0
0.049457,78,384.263794,-0.07134881754185463,0.0,0
0.039329,60,384.45539,-0.2990350797701836,0.0,0
0.000546,54,384.66153,-0.4577032434777601,0.0,0
0.0,66,384.91804,-0.28123526555630235,0.0,0
0.061474,64,385.593849,-0.2603221562299889,0.0,0
0.001768,58,385.756733,-0.3878007387799695,0.0,0
0.08,52,385.902566,-0.5694179232712395,0.0,0
0.084136,70,386.099182,-0.17420392633338122,0.0,0
43.26825,255,386.862759,-0.22346675397501667,0.0,0
0.033366,60,387.490089,-0.32621623162751057,0.0,0
84.501837,440,388.955949,-0.37546227081552636,0.0,0
230.157128,1000,392.011407,0.29794139778716644,0.0,0
215.219414,1000,394.736106,0.2941691900449762,0.0,0
194.688515,819,397.551564,0.5442367012008754,0.5562950790273601,0
56.302487,182,397.908404,0.44054548776612856,0.45301871822595885,0
0.038963,68,398.128232,-0.17868919467753763,0.0,0
180.307901,806,401.219747,-1.4582198817266696,0.0,0
0.0,48,401.340751,-0.6918187463200088,0.0,0
0.0,60,401.531856,-0.34353048272696324,0.0,0
0.0,51,401.710156,-0.5430618506175765,0.0,0
52.654977,249,402.847,-1.2814169357249718,0.0,0
0.002512,51,402.976247,-0.5619943812879229,0.0,0
0.050998,55,403.149551,-0.46333603186809763,0.0,0
0.002671,68,403.391737,-0.20349309410514077,0.0,0
0.001845,62,403.618324,-0.32786179703662693,0.0,0
0.011736,64,403.838364,-0.26499262530152073,0.0,0
0.001124,65,404.063138,-0.24768248566829806,0.0,0
0.0,62,404.683786,-0.2784576649831279,0.0,0
0.0,46,404.760359,-0.7597835833126976,0.0,0
0.0,53,404.872253,-0.538509610425571,0.0,0
0.0,62,405.030552,-0.2968554533837632,0.0,0
0.003479,68,405.20807,-0.2294749497369315,0.0,0
0.0,58,405.3568,-0.38195572659583404,0.0,0
0.006328,65,405.523701,-0.25039222607537964,0.0,0
0.0,57,405.662195,-0.42352734717938706,0.0,0
0.000533,52,405.790473,-0.5568075587931874,0.0,0
0.0,72,406.349307,-0.14321023197590133,0.0,0
0.0226,58,406.471465,-0.3733898941600928,0.0,0
0.035855,52,406.603374,-0.5814200615645494,0.0,0
0.01844,53,406.777094,-0.5237272619155197,0.0,0
0.001355,55,406.973242,-0.44356038605801384,0.0,0
50.624988,290,408.408459,-0.13411383344741235,0.0,0
0.002163,52,408.504776,-0.5270845793968117,0.0,0
0.001359,61,408.629416,-0.359885232596969,0.0,0
216.101428,1000,412.376375,0.8858508199404194,0.0,0
0.047912,75,412.596339,-0.11499182172774057,0.0,0
0.035235,60,412.799216,-0.3666172081494844,0.0,0
0.062229,65,413.013815,-0.24650975122299124,0.0,0
53.955457,280,414.327435,-0.47455189150965355,0.0,0
205.129369,1000,418.234897,1.4222370233904944,0.41548773904306413,0
0.07046,65,418.405723,-0.2685601041445614,0.0,0
54.011023,166,418.848607,0.7957453051754302,0.8204335251618835,0
0.002647,57,419.053179,-0.43454332138382695,0.0,0
217.609525,1000,421.92529,0.37940053955195535,0.0,0
172.198089,789,424.458587,-0.43051641711100896,0.0,0
224.84834,1000,428.389362,1.9781477390448718,0.9943178851992343,0
197.180175,1000,432.283663,0.5342672441758501,0.0,0
202.347313,1000,435.717329,1.1377193427462136,0.13259823642853913,0
209.755264,1000,439.33183,1.9392493133301285,0.9299134486898397,0
48.80815,149,439.589648,0.5165736908971487,0.5359213976766403,0
57.802931,182,440.188205,0.6265233158796272,0.6204282246022101,0
186.819187,738,442.696773,0.48388157191353504,0.5070445617565745,0
53.326052,166,443.063016,0.644822135701996,0.6565063621139285,0
150.580749,588,445.183014,0.21747449666397173,0.22472639099235886,0
51.058326,160,445.757482,0.31831836751423326,0.3337039528326201,0
95.372855,351,447.135507,0.24579193275656494,0.26778000886560377,0
236.968323,1000,450.251231,1.6050704560169704,0.6208089854904957,0
234.412967,1000,453.860802,0.18121643707049362,0.0,0
50.254725,158,454.42649,0.23214512888232047,0.24595522958679242,0
222.970764,1000,457.356406,0.38051555983544155,0.0,0
0.01246,51,457.459235,-0.6237009845434348,0.0,0
44.301608,264,458.42416,-0.2083107505357539,0.0,0
48.833458,278,458.971847,-0.2910336083638924,0.0,0
82.642652,439,460.179296,-0.3970723864537196,0.0,0
84.919005,460,461.775108,-0.04205222808630242,0.0,0
201.329495,1000,465.029195,1.5442132385277243,0.535974951853271,0
213.859542,1000,468.314506,0.4858103102460637,0.0,0
203.236853,1000,471.331397,1.7907456381469202,0.7935998667895865,0
218.205321,1000,474.724458,1.6292877301680382,0.6380475219853756,0
216.229662,1000,478.206822,0.9530208484662529,0.0,0
206.009581,1000,481.927093,1.5586512128542915,0.5569532429931763,0
222.731089,1000,485.495895,1.5598906891614988,0.5793399879745523,0
71.076238,408,487.167897,0.008406185742654832,0.014150426336763267,0
209.539628,1000,490.257913,1.1189661313311607,0.1129524633254742,0
43.986421,262,490.994174,-0.23074646097042598,0.0,0
193.768274,767,493.779273,0.3710870449554499,0.39657497288031474,0
133.649259,522,495.700373,0.45050604529887783,0.4677424907556398,0
48.134252,148,496.067199,0.2529826776112025,0.26768208261665216,0
84.976737,312,497.341511,0.46548343440933054,0.4945551506487706,0
222.584384,905,500.224827,0.2567830112124624,0.2657413705334183,0
97.44795,365,501.563195,0.28464547547209623,0.296739276370578,0
49.863995,162,502.136039,0.5067070907864594,0.5361387244926824,0
96.84366,359,503.387262,0.21863148008562897,0.23281700188373966,0
128.382804,506,504.993325,0.46474892773726006,0.4791036936572484,0
138.863572,536,506.493133,0.29352035761013484,0.3053266822166864,0
194.489263,778,509.422559,0.6392548739925127,0.6462920788506882,0
81.984668,321,510.085498,0.6153379317975699,0.6285001211642746,0
229.702042,940,513.38415,0.563906631329792,0.5747465335725485,0
202.832155,1000,517.23558,0.9432568164831396,0.0,0
202.372403,1000,520.389389,1.1621611447888969,0.16555207032145203,0
202.97098,1000,524.030766,1.5631462115798866,0.5780320128634066,0
132.083637,520,526.039301,0.5721535131111355,0.5843150783314783,0
0.004327,50,526.218368,-0.6069429560115016,0.0,0
58.55524,174,526.851423,0.8973990486183601,0.9103954972206865,0
0.002387,68,527.097763,-0.22194093458269773,0.0,0
56.904614,180,527.842178,0.5356567029075646,0.5465725433278206,0
0.086154,58,527.956195,-0.39659708366334956,0.0,0
118.66462,498,529.547346,0.1227145631946113,0.1384225601902529,0
179.153999,734,531.882784,0.5130752547241684,0.5267054153194014,0
0.0,56,531.996611,-0.41577189554497723,0.0,0
0.0,57,532.518638,-0.4335506430815711,0.0,0
0.0,57,532.616663,-0.3905851446486035,0.0,0
193.718028,1000,536.384464,1.414445102624533,0.4074251978555316,0
201.53599,1000,539.648649,1.7609668535637157,0.7787363750749511,0
0.042307,54,539.745809,-0.5114554402132742,0.0,0
54.387481,156,540.156633,1.0326484381795,1.0515685562563541,0
0.002755,59,540.367466,-0.37887021350243033,0.0,0
0.007803,76,540.662889,-0.13395868030871055,0.0,0
0.04068,53,540.860807,-0.47860942337924905,0.0,0
53.771097,157,541.672962,0.8811853707374045,0.9010761484126834,0
0.0,53,541.769145,-0.5429037754046193,0.0,0
119.83046,512,543.283655,0.31110439793316946,0.3353362743910559,0
0.013915,62,543.396088,-0.32232218695949544,0.0,0
0.049574,61,543.588384,-0.2951916077187564,0.0,0
98.56576,374,545.233002,0.6046465499450584,0.6117517359033382,0
87.492531,354,545.876425,0.5916600212190586,0.5992120837677807,0
181.311552,1000,549.341917,0.9064014836959012,0.0,0
212.798559,1000,553.053382,1.7683107326568266,0.7712990172863783,0
201.284503,1000,556.360283,0.3797288113799601,0.0,0
0.003249,63,556.586788,-0.2914349974031329,0.0,0
0.0,52,557.187355,-0.49951120002728366,0.0,0
0.080276,70,557.345141,-0.14851085187814475,0.0,0
0.003498,49,557.437311,-0.6104403990745145,0.0,0
0.0,58,557.562388,-0.3577696263722905,0.0,0
0.065976,51,557.713406,-0.5675227561002791,0.0,0
0.001483,53,557.887757,-0.46159824753703915,0.0,0
0.046547,49,558.059304,-0.5710163159809335,0.0,0
0.002833,47,558.227943,-0.54171152116232,0.0,0
0.0,55,558.426241,-0.453526191035209,0.0,0
0.079719,48,558.601925,-0.6455359167270192,0.0,0
0.0,53,559.138564,-0.5098402584222673,0.0,0
0.063229,52,559.232928,-0.5436919134102611,0.0,0
0.0,53,559.331661,-0.44819227897334757,0.0,0
0.0,47,559.433578,-0.5156276255559874,0.0,0
0.036251,45,559.569968,-0.659993436358933,0.0,0
0.008305,43,559.714566,-0.8134927149942127,0.0,0
0.0,49,559.886975,-0.5346182801276496,0.0,0
0.0,45,560.049986,-0.7544411941337333,0.0,0
0.002415,47,560.218879,-0.6538764878009302,0.0,0
0.0,50,560.386586,-0.5564264529040959,0.0,0
0.074605,58,560.91234,-0.36086487001486856,0.0,0
0.0,57,561.004348,-0.3950200844159518,0.0,0
0.0,52,561.103902,-0.5046879950439264,0.0,0
0.022697,52,561.214461,-0.48153314104566025,0.0,0
0.0,52,561.294791,-0.4987030007304771,0.0,0
0.0,49,561.412687,-0.5551912690998163,0.0,0
0.0,80,561.670233,-0.061973767199876115,0.0,0
0.04991,53,561.860839,-0.5250790388088518,0.0,0
0.004805,55,562.059191,-0.331911615882058,0.0,0
0.0,57,562.675627,-0.3864106718927545,0.0,0
0.036807,48,562.758364,-0.5083558795861226,0.0,0
0.045734,52,562.855938,-0.5056204860655109,0.0,0
0.00236,52,562.987147,-0.5315804689304382,0.0,0
0.000764,53,563.154947,-0.45628056659388344,0.0,0
0.0,51,563.329491,-0.5192379602791283,0.0,0
0.000342,53,563.52054,-0.46585874293144847,0.0,0
0.004697,50,563.701542,-0.5471982215112803,0.0,0
179.981569,751,566.694753,0.26335100762395053,0.2734559895141368,0
0.061935,58,566.810033,-0.3449428038310685,0.0,0
0.002888,59,566.939775,-0.31645894396107915,0.0,0
208.766494,1000,569.997309,1.5312878404391226,0.5498894613723619,0
123.56665,579,572.014899,-1.2763092073684326,0.0,0
60.304494,171,572.641858,0.9164812523616218,0.9342645089612615,0
94.35681,365,573.928817,0.16070545346899084,0.1781718429471283,0
188.435308,1000,577.278735,1.536789726138975,0.5192655749729933,0
0.055482,66,577.423937,-0.17694795704155564,0.0,0
0.044347,60,577.518604,-0.2863701591126419,0.0,0
0.000397,64,577.624335,-0.22097680766363456,0.0,0
0.04233,71,578.165598,-0.0940103304842898,0.0,0
0.038468,55,578.25617,-0.33519277922018953,0.0,0
169.476837,1000,581.533125,0.557817896913192,0.0,0
217.091047,1000,584.773549,1.3984391271697714,0.4102048166545749,0
46.222735,136,584.998727,0.47035161302796086,0.48896161354865025,0
163.6003,1000,588.798416,1.1327964170024254,0.12388428554513478,0
46.643405,136,589.120186,0.7088185029904317,0.7179267868798297,0
47.66479,147,589.639566,0.5106162171362222,0.542466366717255,0
64.735883,176,590.561491,1.091071524906346,1.1083300739804287,0
47.420816,156,590.829392,0.7614083090605974,0.8585132996746041,0
60.796694,168,591.170191,0.922719520415257,0.9246502677245749,0
59.80524,148,592.06925,0.9353758849425033,0.9582001606369047,0
60.471367,153,592.571615,1.2027860696364567,1.2160091995449764,0
62.821061,152,593.121279,1.0991669454465092,1.095648642909671,0
55.277449,150,593.672127,0.8782665250465959,0.8860436257282,0
134.030311,710,596.441343,0.8796104438067635,0.8821013304246442,0
44.867449,159,596.920566,0.42627558409477134,0.44319690932100986,0
165.92144,1000,601.143501,0.7132344878790843,0.0,0
79.430962,374,602.640646,1.206329161758927,1.2395724092286882,0
43.492442,151,603.028574,1.0352997331597005,1.0527605597784537,0
87.751008,412,604.619952,0.22861272904023464,0.23742619045084692,0
141.13721,612,606.710423,0.753551847515562,0.7446364108344122,0
159.072311,731,609.535908,0.5508917499221481,0.6219521034988534,0
132.753096,555,612.114177,0.675190110492233,0.7242811005535138,0
108.811853,526,614.193681,0.28933354692119245,0.2751472324498345,0
0.030918,69,614.310847,-0.25410033197658966,0.0,0
0.007019,67,614.495301,-0.27928060164588003,0.0,0
0.0,70,614.73908,-0.3749025433595013,0.0,0
149.020074,1000,618.546449,1.0951791139521634,0.0806161324669093,0
161.092965,725,621.256543,0.36619803908462,0.38864321227896603,0
110.53271,535,622.886525,0.8109468867454148,0.8165714262954666,0
178.895531,1000,626.653784,0.48394953730633583,0.0,0
177.321218,1000,630.616633,0.3940268793987712,0.0,0
212.676389,950,633.831617,0.9913477510093841,0.9937199261763812,0
206.968075,1000,637.647614,1.42806512267038,0.42583064190162595,0
196.974111,1000,641.512056,0.3408907185192214,0.0,0
198.144496,1000,644.575443,1.1567781921662972,0.15442091934745794,0
149.145158,664,646.645526,0.5373980562946306,0.5426877076903819,0
68.196823,353,647.817121,-1.2883504525672622,0.0,0
73.816868,309,649.100474,0.6156569422254959,0.6106728550793123,0
41.15486,125,649.502338,0.49329482718901335,0.5137539392005082,0
33.54551,273,649.979837,-0.23650937519384702,0.0,0
92.491102,456,651.560816,-1.1384793643380036,0.0,0
42.43249,147,652.37806,0.4420070997249528,0.46634955136580875,0
44.577126,161,652.693881,0.4107918530698409,0.39492077019983024,0
83.848478,298,653.69775,0.6352014153264963,0.6310459956135606,0
40.4591,249,654.17447,-0.3952847821613645,0.0,0
59.749134,330,655.449776,-0.7807375379167999,0.0,0
39.427496,140,655.944156,0.46791778089768954,0.47606952723248314,0
36.641587,236,656.811202,-1.560459864280871,0.0,0
40.906976,114,657.512828,0.41462302786238037,0.41696871434900445,0
38.422781,132,657.921911,0.5493635191094536,0.5612107195577877,0
44.451742,248,658.842029,-0.573482405281531,0.0,0
85.028189,360,660.60779,0.5453430823605898,0.5482427226726787,0
61.188842,353,662.111258,-0.30436288292959507,0.0,0
44.783079,202,662.623348,0.41259920526315336,0.4449356891988213,0
96.089579,366,663.986045,0.6280546525301608,0.6449346327585103,0
32.426238,232,664.439834,-0.2895201682386067,0.0,0
141.137157,609,667.088287,0.843819129980506,0.870621997244201,0
190.669992,1000,670.368179,1.1403584861192955,0.13595168943844674,0
171.695139,754,673.471724,0.7210339727262793,0.7213691112274785,0
124.938269,566,675.090155,0.37149064885857347,0.3788585872348215,0
72.385936,289,675.97951,0.30806820312868305,0.3198990444862397,0
60.077445,239,676.53146,0.9635584916875548,0.9654177561607745,0
70.200509,300,678.030967,0.6428956371814283,0.644563241909423,0
72.432694,278,679.143937,0.5355789357957018,0.5265008142713723,0
71.079505,290,680.477195,0.6688020168508003,0.6858226538197226,0
110.6851,453,682.325463,0.4380513309323815,0.46468796773127174,0
36.673962,105,682.597856,0.6043279428498353,0.6087196368130137,0
34.943935,122,683.029216,0.14717371166868365,0.15996506382193254,0
201.040038,1000,686.897301,1.547070335130838,0.5745314758161042,0
187.750562,826,689.779294,0.9197249357846284,0.9314561104483376,0
75.902758,296,690.473619,1.100999111139229,1.1214906872672439,0
69.48142,265,691.698615,0.7650402983817354,0.7923172476259646,0
64.847273,264,692.647129,0.23327445919093806,0.24507611978559665,0
194.325042,1000,695.443987,1.6003790538605478,0.5908107390850688,0
70.509517,277,696.565789,0.6945852613673017,0.7201075016860266,0
35.684006,120,696.847328,0.2558206303349819,0.2759637993393491,0
38.26885,130,697.292532,0.8382493311942861,0.8855947128470623,0
74.218152,292,698.459822,0.35544514423561735,0.36968419531720775,0
195.584979,1000,702.208283,0.6959169226814098,0.0,0
141.713276,623,704.183649,0.16176676754658503,0.17047232057383313,0
77.613391,309,705.630924,1.5638160582902536,1.5817891055690656,0
66.526821,268,706.049081,1.4326402453765859,1.3807440864700589,0
136.710778,730,708.461524,-0.1370168728462411,0.0,0
85.701555,308,709.306461,0.8918274936068061,0.9072000651921943,0
197.950747,1000,712.885114,1.6563540903643037,0.6444063967942399,0
153.696067,648,715.257491,0.9881728624778516,1.0029188526393176,0
207.6353,1000,718.153457,1.252055780025204,0.2755054760083974,0
213.267011,982,721.655095,0.7890060372836893,0.7759091992521175,0
131.551883,631,724.105021,0.22214671563039667,0.24041587341264534,0
216.859128,1000,727.735325,1.242449272885331,0.25631833457810793,0
33.253301,245,728.810938,-0.6177864025561044,0.0,0
112.988494,463,730.55994,0.5626116196153123,0.5673390585237107,0
72.740513,280,731.551446,0.6113653200612803,0.5952656856937757,0
115.840304,466,733.444795,0.5213976381695181,0.5338943046992604,0
66.603129,289,734.616201,0.782243066852484,0.7942197154746121,0
72.923828,285,735.371266,0.6282813599444724,0.6209419582715666,0
126.116652,524,736.826777,0.7295855437279959,0.7379713328770796,0
40.529622,306,737.930007,-0.7123552302415899,0.0,0
39.319621,136,738.380594,0.4059320162220455,0.43217856500403695,0
111.912103,496,739.872169,0.3292152371723129,0.3044127411910432,0
34.772153,102,740.089416,0.5864624982418634,0.6328647638366958,0
71.998129,282,741.217677,0.4139689393153537,0.42627579881997724,0
39.485918,119,741.652878,1.0107464033296858,1.0874696599380624,0
134.08721,612,743.864115,0.21213783940083522,0.23446607305022613,0
158.083534,754,746.561181,0.47856876280002275,0.4977583997745978,0
36.474844,112,746.802526,0.5302905632662903,0.5699753311481711,0
121.710504,583,748.900246,0.5245232420593304,0.5438216186100499,0
181.459711,1000,752.201262,1.226549616036919,0.24728114454646624,0
183.156993,1000,755.05731,1.86259081169699,0.8869456990047279,0
62.623792,250,755.972741,0.5280405368906497,0.5437495807703367,0
161.922971,1000,759.472581,0.9853769326527012,0.0,0
167.477387,1000,763.20553,1.3657726383784268,0.3764493121911968,0
97.12809,513,764.471562,0.7302016394133106,0.7832707070484661,0
139.817798,1000,767.902282,1.4463838283247974,0.4490123456822221,0
36.872304,98,768.061644,0.8461399124702726,0.8766148748641623,0
166.018685,818,769.956998,0.6570202586307844,0.686910736297545,0
37.022734,109,770.624115,0.6476627652802606,0.6185619530228619,0
193.086938,1000,772.919613,1.2538685220028254,0.263553796722129,0
84.544482,382,774.292377,0.43352155173677487,0.4541038321068162,0
141.069545,701,777.135366,0.5518129884837223,0.562056307407283,0
36.223821,101,777.367095,0.6994675605424612,0.7166937707813491,0
55.846807,243,778.188924,0.28545250650102943,0.3217026886633555,0
139.824496,1000,781.077004,1.088350487861105,0.09389466890441923,0
40.300884,103,781.291378,0.8283753053541997,0.8203445805255941,0
169.615398,1000,784.80285,0.46957948954348355,0.0,0
147.256178,1000,788.456362,0.8302080122597402,0.0,0
157.473695,1000,791.767564,0.9136588043513567,0.0,0
170.88366,1000,795.595217,0.8207219753528359,0.0,0
170.9481,1000,799.439244,0.677005726972066,0.0,0
91.697563,416,801.132134,0.3232331382987654,0.3361969199650806,0
153.732715,809,804.353328,0.7757954632844487,0.825278564165068,0
173.73577,1000,807.787504,0.34298105759430597,0.0,0
180.75256,1000,811.248774,0.6752516541814201,0.0,0
167.05981,1000,814.722358,0.7855057443843165,0.0,0
144.614664,1000,818.177371,0.7134253913252906,0.0,0
137.657405,1000,821.908293,0.5074189371308109,0.0,0
2.672346,112,822.782314,0.1615176616001331,0.1656682937795903,0
23.296208,99,822.990429,0.5908137684304308,0.5682717195791929,0
13.223189,126,823.256204,-1.0260731552131634,0.0,0
6.823765,78,823.492032,-0.6210535592299498,0.0,0
19.028609,81,823.68996,1.7159631082013502,1.6680560393834458,0
34.451216,103,824.319248,0.7849900166029307,0.7465040765299973,0
21.199207,168,824.607994,-1.5009721720591092,0.0,0
21.390756,116,824.843284,1.5883275398713685,1.742569198335221,0
18.954779,106,825.069845,0.7153821276018983,0.7527670138709451,0
36.745643,145,825.833269,1.0925936071330435,1.0447929000128715,0
19.918192,166,826.196845,-1.1301543385748982,0.0,0
37.240137,133,826.691418,0.8735449902665366,0.8984509546999301,0
21.493053,79,827.008725,1.2784515382207504,1.308822233971751,0
36.670055,225,828.105293,0.5003637325764579,0.5007369128761874,0
10.92964,125,828.29904,-1.2791689168648872,0.0,0
29.631299,154,828.590769,2.2132369471449533,2.501114237031389,0
28.896715,155,829.37032,1.2957154713627712,1.3650384158319404,0
30.692053,177,829.689451,0.6454085785266739,0.5710743146789287,0
35.286213,118,830.070164,0.5996605782041733,0.6114087186272266,0
21.447762,116,830.488693,0.9087522500235121,0.9362945285564753,0
28.7342,149,831.28462,0.587231203617472,0.5835049947290211,0
26.365534,123,831.485616,1.5289767717440619,1.4721803625444443,0
31.094276,118,831.786517,0.6194039191547729,0.6241750504763011,0
18.169618,84,832.080816,1.3704771348754379,1.4486874961858904,0
33.607723,134,832.97963,0.6948304617960483,0.6857091820618527,0
27.387059,109,833.187476,2.007524631080581,2.184140320289673,0
11.010248,131,833.429573,-1.2437627503878381,0.0,0
141.329828,711,835.655992,0.6390745472630197,0.64978052552256,0
12.426806,129,836.422226,-0.918944935285751,0.0,0
25.346014,127,836.640989,1.1542917083637834,1.2282387299510642,0
22.174228,123,837.016022,1.3418234814580121,1.4153430895005683,0
14.637586,132,837.484534,-0.7156627005592007,0.0,0
38.250944,150,838.269481,0.7517867873287708,0.6824122816487512,0
24.471656,178,838.753644,0.22210398398718556,0.2199600139699756,0
32.657812,145,839.26491,0.8106418364943256,0.7754477239493046,0
31.006327,133,840.068683,1.1185328781350157,1.092158864600537,0
33.757302,105,840.274516,0.5804933293561362,0.5407277591199031,0
42.161275,152,840.749359,1.0191673725616923,1.0098049821119515,0
15.84291,133,841.201166,-0.9485167082459921,0.0,0
46.136924,185,842.096202,0.8900416708149688,0.8915523955955845,0
77.845329,387,842.742689,0.49975099343107177,0.5344324597706633,0
9.741792,133,843.442618,-1.1945000160623458,0.0,0
24.533678,116,843.680218,0.23212685500129085,0.2588802491733725,0
27.734513,156,844.014806,0.7815216687165769,0.8517153288161089,0
33.965033,159,844.801607,0.328088833795808,0.33706804529673007,0
15.138805,140,845.094967,-0.8982857867439556,0.0,0
77.650353,381,846.705392,1.0809532275209375,1.0387733096644132,0
121.939409,608,848.429934,0.35280828010873516,0.3737369479526932,0
183.186128,984,851.637493,0.24699577556270577,0.2620013730862572,0
178.270889,1000,854.890752,1.8610536072912522,0.8522435329508466,0
39.466207,117,855.08023,0.8898073321850615,0.8844499235113717,0
112.760041,584,856.721301,1.0201681262815652,0.9839908707665671,0
55.262435,97,857.068502,2.1862027006040776,2.167788851612102,0
43.332508,106,857.45415,0.883123924259187,0.8669027189078702,0
51.860546,93,858.101665,1.8642786373481015,1.8556077537930429,0
42.506976,84,858.263606,1.5358214986745027,1.5507769473277755,0
133.258546,1000,861.593621,1.2847461444939117,0.264463843996685,0
153.438084,1000,864.737307,0.5767988951177053,0.0,0
174.89802,1000,868.1953,1.6219794402523697,0.617238396717904,0
35.765414,104,868.4624,0.27872683858775377,0.2674020820114798,0
33.677685,97,868.796256,0.4731130234411146,0.5011220096144692,0
38.499198,96,869.102372,0.9769372026648507,0.9783618881029971,0
69.066799,258,870.311217,0.564800195776871,0.5735198807985283,0
182.647591,1000,873.477606,1.2936588571461396,0.29008147254478717,0
183.921246,1000,876.806364,1.668180229452583,0.6683532185075193,0
38.390643,120,877.034183,0.7825593151855946,0.7906317701045605,0
34.41535,119,877.309816,0.4391330115602618,0.4671307872882407,0
144.852649,746,880.417773,0.6661260056561723,0.6816125244932385,0
40.439466,124,880.615048,0.5979791488260673,0.6075683243089028,0
91.8841,402,881.652074,0.7411397894625005,0.7310159541145074,0
34.696546,90,881.798851,0.5788622418575101,0.5873020830627995,0
40.209702,180,882.086646,0.6742283910718709,0.6779514247067545,0
139.967209,671,884.186599,0.7281817579491753,0.7391497030201624,0
188.323889,1000,887.258212,0.7086917497571483,0.0,0
44.734138,126,887.929368,0.8153214995664058,0.8063135928277984,0
180.625239,965,891.540686,0.2746585771958709,0.28827668338924606,0
175.515343,1000,894.472279,1.586432022122996,0.5714828229894029,0
176.096572,1000,897.276487,0.8702931965019698,0.0,0
148.308305,1000,900.413274,0.49508221740718594,0.0,0
157.839859,1000,904.178766,1.6072695573711704,0.6222878953901543,0
188.397068,1000,907.766538,0.4453218503870631,0.0,0
177.421689,1000,910.86129,0.36678044419600303,0.0,0
197.311806,1000,914.150278,0.8435503769483899,0.0,0
64.480667,264,915.080281,0.6289720181907426,0.6376067190145461,0
0.0,59,915.185109,-0.3849768625187155,0.0,0
146.303814,736,917.092931,-0.4412378709579373,0.0,0
134.552386,520,918.998507,1.5595930969663958,1.5823574770207853,0
52.445688,154,919.922989,0.8930730507361342,0.8704875475464819,0
108.087495,466,920.891149,0.1829810133335364,0.2156677576773745,0
41.320652,127,921.565064,0.377531761129755,0.406599438780496,0
112.178944,443,923.369838,0.6410175118462095,0.6597248161800667,0
50.669645,155,923.826158,0.8692667255289842,0.8805177657325826,0
94.934245,411,925.565492,0.7107063576476068,0.7303005127239834,0
185.794312,1000,928.216411,1.1602723019706351,0.14982834043801438,0
151.160622,735,930.060497,0.8426525409894169,0.859078134959292,0
130.05234,591,932.183172,0.5425170543313902,0.5521796377829802,0
0.003422,67,932.4269,-0.2989420826527064,0.0,0
182.530698,1000,935.999223,0.667173624430488,0.0,0
166.20561,1000,939.55584,0.9732087945555106,0.0,0
197.769247,1000,943.018071,1.4645686860891616,0.45501636278302166,0
184.925785,1000,946.334765,0.7752823269635349,0.0,0
180.571755,1000,949.575515,1.2315958169605101,0.22942814538017217,0
22.342249,172,950.07192,-1.2781692344956084,0.0,0
186.942045,1000,953.523556,1.3590382913989827,0.36823533399913977,0
78.426313,340,954.727967,0.2713554515057267,0.3026492128837227,0
142.370826,742,957.644703,0.5770934711757674,0.5846964606246959,0
183.321153,1000,960.598249,0.5268370445703511,0.0,0
192.292874,1000,964.280196,0.9885032523820804,0.0,0
46.286388,130,965.074666,0.2966168916654945,0.3142246151914881,0
75.128768,278,965.760912,0.6171741029326588,0.6538639789837232,0
83.000215,309,966.933445,0.2681676458861894,0.302785652660168,0
70.92094,269,967.436749,0.6250654323754711,0.6577460879100117,0
188.932765,1000,970.278134,0.7841424953712811,0.0,0
70.255527,271,971.341938,0.2700828100144287,0.31052019814779713,0
70.358328,263,971.895417,0.29887641617083077,0.32257224918818445,0
43.887076,128,972.661623,0.3219832214898309,0.3232258993372737,0
42.777956,119,972.877884,0.3981954473873256,0.4209867816244265,0
194.623258,1000,975.862256,0.4064393466238017,0.0,0
174.332339,1000,979.517264,0.8704512891087818,0.0,0
0.002928,115,979.742922,-0.2409901114790932,0.0,0
0.029013,77,979.883194,-0.23875024072150478,0.0,0
70.638048,277,980.839047,0.4940001514508922,0.5041369119981463,0
172.64636,1000,984.043624,0.8968206212691934,0.0,0
158.63818,1000,987.642571,1.2071949542281364,0.1996893713494968,0
181.65728,1000,991.134519,1.5345425817032614,0.5302869396233937,0
167.070978,779,993.612756,0.29032097327734935,0.304687906164127,0
114.625341,499,995.160339,0.2689892925868798,0.2808429278507728,0
184.087107,1000,998.712051,1.1496797352323957,0.14092522037269167,0
135.179115,615,1000.618517,0.14685766591987998,0.1491735256388538,0
44.71321,118,1001.041575,0.52926124074528,0.5699574324982115,0
187.463025,1000,1004.23096,0.7186080605212597,0.0,0
194.943394,1000,1008.047894,1.702618230061341,0.7033435622306436,0
173.440658,808,1010.781575,0.5138673343758283,0.5181320163249262,0
42.929869,120,1011.043605,0.4572358615193038,0.48245302869463946,0
124.208336,501,1012.69156,0.15857051581342185,0.16481708269991763,0
138.561988,591,1014.367221,0.17124729100824776,0.1875804661790033,0
40.910864,117,1014.604221,0.374331182658259,0.38614684770181157,0
87.857773,319,1015.599371,0.36652440343872805,0.3667317664413654,0
40.217992,287,1016.749104,-0.25964341333262725,0.0,0
30.939509,239,1017.288708,-0.24390818191188138,0.0,0
0.052335,58,1017.482186,-0.3993273922032487,0.0,0
151.456996,1000,1021.30891,1.1820477686136308,0.1787730542870042,0
112.965596,493,1022.920362,0.30426514472980637,0.35267042452179886,0
139.005833,699,1025.355555,0.21940641176460274,0.21863752342669152,0
164.608269,1000,1028.333105,1.3957558416268836,0.38515308131088105,0
164.607291,1000,1031.958463,0.7607304237914697,0.0,0
0.0,93,1032.581482,-0.17429172765064624,0.0,0
0.061669,54,1032.698367,-0.8762651212996431,0.0,0
0.010263,60,1032.842148,-0.6725795580181925,0.0,0
0.0,57,1032.967224,-0.9161717669126683,0.0,0
0.021068,55,1033.106853,-0.9820364317949886,0.0,0
0.031849,56,1033.248131,-0.9401593594227986,0.0,0
0.0,42,1033.348604,-1.2883686341586422,0.0,0
0.002678,51,1033.458979,-0.9589886843333623,0.0,0
0.039041,57,1033.601633,-0.9542624518568926,0.0,0
0.071504,53,1034.136836,-0.9831993559387314,0.0,0
0.0,55,1034.225392,-0.9048360852613897,0.0,0
0.0,42,1034.303392,-1.3643259086415915,0.0,0
0.000875,54,1034.403353,-0.8834733635204248,0.0,0
0.011513,56,1034.506649,-0.9101701911371446,0.0,0
0.012663,54,1034.634007,-0.9574269719448396,0.0,0
0.0,58,1034.781104,-0.8234080494957147,0.0,0
0.0,42,1034.886271,-1.1824824399008456,0.0,0
0.062484,58,1035.032025,-0.8711422733108715,0.0,0
2.752074,170,1035.790132,-0.16676661899487008,0.0,0
0.0,44,1035.87109,-1.239356832233854,0.0,0
0.068131,55,1035.975425,-0.9370449549463638,0.0,0
0.004477,57,1036.085176,-0.9557772803816778,0.0,0
0.059262,55,1036.19294,-0.8483747732761011,0.0,0
0.001429,54,1036.328624,-0.8773494220121703,0.0,0
0.004976,54,1036.465353,-0.8082987602203746,0.0,0
0.040619,61,1036.619184,-0.6620420543119647,0.0,0
0.05355,53,1037.166808,-0.9696816504291635,0.0,0
0.0,59,1037.267758,-0.6611927571644232,0.0,0
0.033812,65,1037.387909,-0.5071230903248689,0.0,0
0.0,45,1037.478466,-1.2093153942358306,0.0,0
0.0,55,1037.581813,-0.6605113514658478,0.0,0
0.029721,54,1037.705281,-0.9118842236410599,0.0,0
0.0,42,1037.827271,-1.3168096767326791,0.0,0
0.044807,55,1037.95434,-1.045372841506988,0.0,0
0.081529,57,1038.117808,-0.7042669219250962,0.0,0
0.014928,59,1038.761967,-0.8327542360375528,0.0,0
0.001714,54,1038.884965,-0.8934800620342848,0.0,0
0.0,42,1038.987901,-1.2166472698046074,0.0,0
0.062888,63,1039.184694,-0.4654804336335372,0.0,0
0.000591,43,1039.328367,-1.1643245045299422,0.0,0
0.0,53,1039.518119,-0.9091745637520301,0.0,0
0.05309,56,1039.709137,-0.9844401689075082,0.0,0
0.051263,71,1039.954953,-0.38435116295555594,0.0,0
0.025038,44,1040.112628,-1.155314559539765,0.0,0
0.0,54,1040.306372,-0.9337703435206756,0.0,0
0.07617,45,1040.85539,-1.0400965581462351,0.0,0
0.002614,43,1040.937731,-1.0899663323790598,0.0,0
0.024901,42,1041.010605,-1.2830569191627625,0.0,0
0.022417,44,1041.081634,-1.1079848725192925,0.0,0
0.001311,54,1041.202702,-0.8969706984235134,0.0,0
0.032999,60,1041.375145,-0.7861636046567625,0.0,0
0.002165,47,1041.52868,-0.8349582974520959,0.0,0
0.001118,56,1041.722609,-0.7854661083312049,0.0,0
0.03123,57,1041.927032,-0.8440870725641495,0.0,0
0.010147,53,1042.117231,-0.8927416190717039,0.0,0
0.007345,52,1042.774531,-0.9587703295868343,0.0,0
0.056585,56,1042.893851,-0.6724855914201305,0.0,0
0.106557,42,1042.973748,-1.2417969390305466,0.0,0
0.015089,56,1043.063158,-0.8197218491554085,0.0,0
0.014929,44,1043.134951,-1.2277629617025287,0.0,0
0.006391,55,1043.235679,-0.9098674035000748,0.0,0
0.0,43,1043.309605,-1.2362234032571848,0.0,0
0.060005,49,1043.414263,-0.9037501354116747,0.0,0
0.109515,59,1043.580328,-0.7349613785207305,0.0,0
0.009459,56,1043.756819,-0.8785204680966275,0.0,0
0.0,61,1044.366146,-0.5090366801091153,0.0,0
0.0,55,1044.45713,-0.9217946886611551,0.0,0
0.0,53,1044.547594,-0.9291869689451857,0.0,0
0.029871,54,1044.64539,-0.91545525067688,0.0,0
0.027423,56,1044.799099,-0.8374524300658143,0.0,0
0.009315,57,1044.98809,-0.802625915137684,0.0,0
0.03646,59,1045.193879,-0.708633300740512,0.0,0
0.037927,57,1045.396835,-0.8442694393440405,0.0,0
156.334065,1000,1048.896033,1.0684127795682727,0.0640769079132067,0
0.002611,43,1049.03698,-1.121203890200997,0.0,0
0.0,55,1049.192751,-0.897400886226685,0.0,0
0.0,43,1049.742966,-1.3280415190539736,0.0,0
0.0,54,1049.847357,-0.8782053190078871,0.0,0
0.007109,61,1049.951063,-0.6868525077894994,0.0,0
0.0,42,1050.05496,-1.3111999504604723,0.0,0
0.000352,55,1050.223795,-0.8404307167042065,0.0,0
0.0,81,1050.503309,-0.20838365341058468,0.0,0
0.0,53,1050.69267,-0.8821073514456016,0.0,0
0.052549,58,1050.900531,-0.7554801516243295,0.0,0
0.0,52,1051.086535,-0.934604706111874,0.0,0
0.002741,55,1051.676451,-0.7728460396067389,0.0,0
0.075035,72,1051.809764,-0.32140781269877855,0.0,0
0.014064,69,1051.91711,-0.33222266313583176,0.0,0
0.008103,65,1052.012711,-0.48862196711465844,0.0,0
0.024458,60,1052.127003,-0.6561881645241713,0.0,0
0.006091,63,1052.309446,-0.5037582732447278,0.0,0
0.061625,52,1052.48088,-0.9788817517559827,0.0,0
0.039783,55,1052.663712,-0.8938054898805596,0.0,0
0.088002,54,1053.283249,-0.9989114645641188,0.0,0
0.025139,54,1053.408827,-0.9123770066679857,0.0,0
0.049739,65,1053.529044,-0.4420780254544665,0.0,0
0.027351,67,1053.675783,-0.39951483694443196,0.0,0
153.844815,1000,1057.196047,1.2710415133580988,0.2594604293560305,0
159.150581,1000,1060.229307,0.569838924593149,0.0,0
175.218546,1000,1063.166422,0.9967695225754075,0.0,0
183.577457,1000,1065.930455,1.8421419975290196,0.8637571772455882,0
185.421176,1000,1068.733009,0.879956998506592,0.0,0
209.084178,1000,1071.540599,0.7953276342325415,0.0,0
200.922514,1000,1074.897018,0.5969042206866582,0.0,0
209.098684,1000,1077.588742,0.5609011471508799,0.0,0
200.220385,1000,1080.332173,1.6563569078766662,0.63874817911291,0
203.917649,1000,1083.138221,0.39467401662879903,0.0,0
212.756311,1000,1086.61023,0.8375070941298862,0.0,0
202.486809,1000,1089.724466,0.8524338014150553,0.0,0
182.220955,733,1092.41049,0.24249072110582306,0.25315231350578754,0
136.5036,535,1093.996278,0.26266005471614723,0.26191889723634354,0
208.461121,1000,1097.195428,0.9847262772103008,0.0,0
231.286621,1000,1100.871982,0.3398815084425177,0.0,0
218.236834,1000,1103.922292,1.624478127115879,0.6118139639468759,0
190.964027,799,1106.203642,0.5164432884061844,0.5277445320737005,0
222.580294,917,1109.656179,0.27937456379757775,0.29379998354097,0
96.077504,475,1111.457437,-0.2532898312010478,0.0,0
122.589567,627,1113.486425,-0.0700922528838092,0.0,0
219.909948,1000,1116.973481,0.7242944745939257,0.0,0
78.203454,299,1118.269404,0.38750267593461396,0.39683838288071677,0
223.017749,1000,1121.348942,1.9403685730981675,0.9344278406523164,0
220.766073,1000,1124.391895,0.21456302154210424,0.0,0
197.40492,1000,1127.48644,1.7635750844812526,0.7524697162125699,0
210.745488,1000,1129.965091,0.8968113720314534,0.0,0
221.178104,1000,1133.048175,1.063049812515739,0.06817928675704825,0
210.336973,1000,1136.01001,1.622925618842433,0.6099129484201553,0
65.985217,247,1136.887372,0.4300799951289844,0.44848128982747926,0
232.928827,1000,1140.202379,1.603642128983486,0.6152176008075895,0
222.01151,1000,1143.715326,0.8279438631269874,0.0,0
177.254111,736,1146.31858,0.3697153818352334,0.376511473031668,0
226.21193,1000,1149.650673,1.0746360771451435,0.08601812889985315,0
227.6315,1000,1152.845372,1.5344535507606338,0.552624266140436,0
167.189581,715,1155.246944,0.3491783971239677,0.3614555761196011,0
220.33958,1000,1157.799589,0.5891010206514012,0.0,0
226.417021,1000,1160.904724,0.6202384036043098,0.0,0
235.416681,1000,1164.645658,0.33893437463504955,0.0,0
179.609669,696,1166.89791,0.5680058946054458,0.5849655582746194,0
0.033587,38,1166.958829,-1.3524684781988536,0.0,0
0.001242,35,1167.024111,-1.1260947385372142,0.0,0
0.010914,36,1167.115129,-1.2617642075370417,0.0,0
0.003436,52,1167.276779,-0.7528070439177698,0.0,0
0.0,54,1167.460895,-0.7284212055449025,0.0,0
0.041656,36,1167.591929,-1.2271564209829264,0.0,0
0.005935,50,1167.775005,-0.9824333395340695,0.0,0
0.002148,48,1167.951652,-1.0099943418878545,0.0,0
0.008107,37,1168.08873,-1.298453806049377,0.0,0
0.036556,37,1168.650624,-1.1298668256102158,0.0,0
0.00234,51,1168.732304,-0.855760821072213,0.0,0
0.0,50,1168.814803,-0.9653019546607865,0.0,0
0.002512,38,1168.871018,-1.1889117592645417,0.0,0
0.0,38,1168.938487,-1.2205816118722608,0.0,0
0.00101,47,1169.043689,-1.02524010430588,0.0,0
0.003907,37,1169.129133,-1.0547370771259756,0.0,0
0.0,52,1169.249782,-0.8354376637202899,0.0,0
0.0,56,1169.380905,-0.6201567825786577,0.0,0
0.0,39,1169.471283,-1.1581086447794868,0.0,0
0.0,36,1169.577452,-1.257827800941422,0.0,0
0.001346,55,1170.158372,-0.7215737130387847,0.0,0
0.001003,53,1170.256103,-0.8915434913830776,0.0,0
0.000574,54,1170.347804,-0.8203840219297005,0.0,0
0.000246,36,1170.405208,-1.200417433669672,0.0,0
0.0,49,1170.486166,-0.9671833277113653,0.0,0
0.001597,55,1170.588703,-0.7191905036430912,0.0,0
0.003778,53,1170.723279,-0.7437067109813946,0.0,0
0.029315,54,1170.860324,-0.6601234404206076,0.0,0
0.002447,48,1170.989443,-1.034862611850369,0.0,0
0.0,47,1171.139333,-1.001991488447082,0.0,0
0.016434,56,1171.742884,-0.6959591406195713,0.0,0
0.0,38,1171.804436,-1.2395313092432876,0.0,0
0.0,52,1171.89335,-0.8542469036755784,0.0,0
0.001666,49,1171.982995,-0.9733862240055259,0.0,0
0.009467,50,1172.077218,-0.8872011676698341,0.0,0
0.004085,50,1172.20938,-0.8353603056565074,0.0,0
0.000673,48,1172.35505,-0.9971172086472309,0.0,0
0.001066,37,1172.473672,-1.2695930736946663,0.0,0
0.003036,49,1172.643207,-0.9723204237492579,0.0,0
0.0,48,1172.817316,-1.0123242064630367,0.0,0
0.044641,48,1172.980989,-0.9418709006985257,0.0,0
0.0,49,1173.540537,-0.9845197471880879,0.0,0
0.0,37,1173.601887,-1.2901854012455631,0.0,0
0.0,37,1173.660396,-1.2746849512931269,0.0,0
0.0,49,1173.740025,-0.9656233067914366,0.0,0
0.00138,54,1173.856959,-0.6564374966948949,0.0,0
0.0,54,1174.022316,-0.7736190410456621,0.0,0
0.031524,47,1174.184154,-1.1043823595202127,0.0,0
0.003997,48,1174.334465,-0.9671532471480707,0.0,0
0.0,50,1174.458778,-0.9829727366061521,0.0,0
0.002842,54,1174.621521,-0.6628756235331422,0.0,0
241.137405,1000,1178.007461,1.8229513848086687,0.8560829937913368,0
0.0,38,1178.090589,-1.1481620407818005,0.0,0
0.0,50,1178.646573,-0.8750947341928055,0.0,0
0.0,50,1178.728694,-0.8208509425715135,0.0,0
0.0,47,1178.810614,-0.9236891587128934,0.0,0
0.01221,54,1178.906894,-0.7103723032434659,0.0,0
0.003535,38,1178.988095,-1.2391248396201653,0.0,0
0.0,52,1179.103923,-0.8143707518969031,0.0,0
0.036084,57,1179.230583,-0.6356161618549159,0.0,0
0.029935,66,1179.376504,-0.4037337355743501,0.0,0
0.002713,50,1179.486269,-0.9267476200159817,0.0,0
0.0,50,1179.596837,-0.9187798496367648,0.0,0
0.053974,46,1180.143713,-1.1294300072767283,0.0,0
0.016979,77,1180.266216,-0.1553427999374437,0.0,0
0.032695,51,1180.35142,-0.8537369417249779,0.0,0
0.0,45,1180.433441,-1.1131346748206687,0.0,0
0.0,51,1180.569097,-0.8673091115217869,0.0,0
0.0,56,1180.69221,-0.5871304174024438,0.0,0
0.0,60,1180.855078,-0.50704036249885,0.0,0
0.0,52,1181.028051,-0.8281502035616092,0.0,0
0.004104,55,1181.225791,-0.7027262265872757,0.0,0
0.0,52,1181.412569,-0.8292534427444967,0.0,0
0.003256,47,1181.950094,-1.0158861831642836,0.0,0
0.0,49,1182.029726,-0.9443296652629426,0.0,0
0.0,36,1182.09061,-1.2642581823897683,0.0,0
0.001959,46,1182.172088,-1.1012299480100063,0.0,0
0.014636,58,1182.336975,-0.5838279864701993,0.0,0
0.0,57,1182.531491,-0.5629325095562475,0.0,0
0.0,49,1182.708118,-0.8896793853998842,0.0,0
0.000985,41,1182.856033,-1.1343942083286287,0.0,0
0.031867,45,1183.017983,-1.0933453238314985,0.0,0
0.0,49,1183.193892,-0.9353359262464075,0.0,0
0.009714,46,1183.785509,-1.0785017217075554,0.0,0
0.033374,74,1183.901903,-0.2667246976478792,0.0,0
0.001815,50,1183.985468,-0.8856257995979089,0.0,0
0.0,58,1184.088793,-0.606777127487762,0.0,0
0.0,46,1184.215895,-1.0400964972003255,0.0,0
0.029937,46,1184.366465,-1.0429626340633589,0.0,0
0.0,47,1184.534591,-0.9958226441587704,0.0,0
0.02482,55,1184.7346,-0.6538074454097476,0.0,0
106.549682,418,1186.12113,0.3870588785049361,0.3907807923113011,0
0.032985,50,1186.200587,-0.8731022355053184,0.0,0
0.0,39,1186.26247,-1.1666217330617026,0.0,0
167.587599,654,1188.139681,0.43945158212899027,0.4440929897257822,0
0.031884,54,1188.223438,-0.7663547479644848,0.0,0
0.0,52,1188.308074,-0.7815926431741845,0.0,0
0.015633,49,1188.387473,-0.9791539979617389,0.0,0
50.981169,161,1188.644244,0.22626171328280212,0.2413969089208108,0
233.639765,1000,1191.457597,0.30931202240970745,0.0,0
0.005716,61,1191.555185,-0.46714663944505347,0.0,0
225.077396,1000,1194.311761,0.30648622708157564,0.0,0
0.004602,51,1194.397339,-0.8846773175567839,0.0,0
0.001715,71,1194.594162,-0.3334276069724489,0.0,0
216.672939,1000,1197.434772,0.3100050244707664,0.0,0
228.153333,1000,1200.094063,0.5320466707438597,0.0,0
79.359268,273,1201.00532,0.3864135750988948,0.4055938763798719,0
220.594731,1000,1203.633952,1.054374619341859,0.04864732614318098,0
212.566612,1000,1206.193218,1.3079496284342322,0.3122746336262223,0
225.159241,1000,1209.024487,1.8453898439897016,0.8588185705828401,0
0.0,52,1209.239706,-0.6320762107151858,0.0,0
213.831329,1000,1212.660037,1.0778813235940128,0.07248039310447238,0
217.159474,1000,1215.651676,0.9540483454752254,0.0,0
0.000554,46,1215.742831,-0.9791537859123579,0.0,0
0.0,49,1215.879195,-0.8542301359951384,0.0,0
0.002435,48,1216.033303,-0.8137595664206975,0.0,0
0.002148,48,1216.197283,-0.9112999783462282,0.0,0
0.0,36,1216.326226,-1.1909503441212153,0.0,0
0.0,48,1216.498614,-0.9240535641581594,0.0,0
0.000751,47,1216.668492,-0.9691938194519883,0.0,0
0.0,35,1216.793754,-1.1043972758603406,0.0,0
0.0,36,1216.922586,-1.1737801594857236,0.0,0
0.0,54,1217.488348,-0.6680104178724722,0.0,0
0.016636,49,1217.574271,-0.823655915011314,0.0,0
0.003032,49,1217.666831,-0.8117159641744713,0.0,0
0.0,35,1217.72982,-1.0510312044092414,0.0,0
0.001035,52,1217.804848,-0.7428024283119508,0.0,0
0.0,57,1217.924438,-0.5590034148348988,0.0,0
0.002533,36,1218.024743,-0.9007032361008657,0.0,0
0.0,36,1218.138736,-1.2727787020259378,0.0,0
0.004717,48,1218.301399,-0.9581815862447015,0.0,0
0.002736,37,1218.434596,-1.3025546267957344,0.0,0
0.0,36,1218.56431,-1.2800765952102424,0.0,0
0.012506,40,1218.707417,-1.0836234339537754,0.0,0
0.011343,50,1219.230522,-0.9098222472264915,0.0,0
0.001246,48,1219.308277,-0.8915366665681457,0.0,0
0.0,37,1219.370579,-0.9175795089627264,0.0,0
0.0,41,1219.436886,-1.0681592431697204,0.0,0
0.0,35,1219.512017,-0.9196241894565644,0.0,0
0.0,37,1219.592383,-1.2698467256120551,0.0,0
0.001512,49,1219.708331,-0.8565311819633759,0.0,0
0.0,50,1219.833899,-0.8515733138080087,0.0,0
0.0,36,1219.918036,-1.1587952070394525,0.0,0
0.013896,56,1220.038408,-0.6636844453622451,0.0,0
0.0,50,1220.168102,-0.7320159260645287,0.0,0
0.0,50,1220.716769,-0.820960596357473,0.0,0
0.003527,48,1220.816375,-0.927823441590086,0.0,0
0.0,36,1220.880881,-1.0834811116538603,0.0,0
0.0,50,1220.964807,-0.8775911137641872,0.0,0
0.002863,40,1221.067149,-1.013740542364058,0.0,0
0.0,36,1221.174575,-1.104857719905285,0.0,0
0.001489,52,1221.346896,-0.6881494738700303,0.0,0
0.0,36,1221.471409,-1.2669313449735744,0.0,0
0.029594,55,1221.669109,-0.7022209982115553,0.0,0
0.0,58,1221.877769,-0.5465124617860464,0.0,0
0.003612,49,1222.053668,-0.9027679728731942,0.0,0
0.003941,37,1222.609053,-1.1730980157940414,0.0,0
0.007212,39,1222.669781,-1.2265697338587822,0.0,0
0.01934,38,1222.741617,-1.1560197571676918,0.0,0
0.002902,50,1222.854585,-0.7985234913224112,0.0,0
0.013614,57,1222.978982,-0.5753086879815036,0.0,0
0.003692,38,1223.034834,-1.179827999850824,0.0,0
0.0,37,1223.088831,-0.8916356534389452,0.0,0
0.019399,53,1223.167464,-0.776821567897605,0.0,0
0.0,36,1223.222666,-1.2876648262458263,0.0,0
0.0,38,1223.280448,-1.046617807067508,0.0,0
0.004546,39,1223.361913,-1.164285577821764,0.0,0
0.030723,51,1223.520915,-0.8552855704174199,0.0,0
0.0,48,1224.097032,-0.8510525908450608,0.0,0
0.0,54,1224.185558,-0.7247030405411885,0.0,0
0.0,49,1224.273496,-0.8512744039030659,0.0,0
0.0,48,1224.376044,-0.8672749314403306,0.0,0
0.004494,50,1224.48333,-0.8394718818391587,0.0,0
0.0,50,1224.593645,-0.8423459118399644,0.0,0
0.007202,52,1224.746781,-0.7224355087975091,0.0,0
124.21858,466,1226.439553,0.632007832251088,0.6452220656807458,0
0.0,50,1226.609473,-0.8712634304439068,0.0,0
2.6e-05,73,1226.858913,-0.16688485784966214,0.0,0
0.004753,36,1226.980899,-1.240762563955014,0.0,0
0.0,50,1227.151312,-0.7756494905382408,0.0,0
50.134741,155,1227.895594,0.3089709788598435,0.3205401025604316,0
0.000826,46,1227.970297,-0.9780848750103652,0.0,0
231.928092,1000,1230.5668,1.1221112412127774,0.10589947989349165,0
0.001477,58,1230.677706,-0.568104554020941,0.0,0
0.003538,59,1230.782548,-0.45299978519836354,0.0,0
0.006272,61,1230.884017,-0.47184876170500606,0.0,0
90.916481,331,1231.886196,0.1372072843559316,0.14572725352655588,0
0.004645,49,1231.964869,-0.7394140433497646,0.0,0
0.003659,48,1232.040203,-0.8342595536831036,0.0,0
0.000921,63,1232.188756,-0.4462276736981916,0.0,0
0.0,69,1232.397501,-0.2518800890864817,0.0,0
0.00409,74,1232.641943,-0.17640182097428497,0.0,0
0.03471,48,1232.793896,-0.8540947786733816,0.0,0
0.002633,51,1233.327237,-0.7346530187969936,0.0,0
238.380475,1000,1236.621382,0.4196105555401422,0.0,0
48.950888,150,1236.918271,0.5434836988593894,0.5573055676242616,0
0.0,56,1237.040105,-0.47750623436275497,0.0,0
227.553399,1000,1239.831185,0.40364171422655554,0.0,0
0.004743,53,1239.916097,-0.6719997277544536,0.0,0
200.798377,822,1242.320308,0.35124855977334785,0.36371004308374727,0
88.128391,319,1242.916215,0.2825271003208098,0.2953001909360656,0
226.107626,1000,1245.873293,0.13993827350357751,0.0,0
44.618182,118,1246.173412,0.5855246933037528,0.5985604361450487,0
94.137932,340,1247.187347,0.4418637986944673,0.4494582805360935,0
234.411789,1000,1250.052178,0.5182750222130565,0.0,0
0.000719,54,1250.224843,-0.6788952860796845,0.0,0
177.342598,694,1252.287933,0.304869997262713,0.3194905871134207,0
215.609575,1000,1254.998339,1.4365162126276056,0.4283273880773969,0
54.986405,174,1255.699422,0.6054115257137309,0.6141670262965665,0
0.042977,69,1255.813576,-0.6004847564830572,0.0,0
0.001947,53,1255.95237,-0.8578161353282452,0.0,0
0.001048,52,1256.116606,-1.005018591280557,0.0,0
0.0,50,1256.284271,-1.0229859542090434,0.0,0
0.0,53,1256.473837,-1.0048635653906892,0.0,0
0.035612,56,1256.677224,-0.8655236500489994,0.0,0
0.055792,65,1257.309772,-0.8639927330735147,0.0,0
0.204671,56,1257.396717,-0.9065856959258953,0.0,0
0.0,43,1257.483401,-1.3144085256489384,0.0,0
0.002902,43,1257.574787,-1.206930390410691,0.0,0
0.010739,44,1257.67851,-1.3905089965711757,0.0,0
0.0,41,1257.799775,-1.1269530815553763,0.0,0
0.002958,52,1257.970776,-1.0582956176957672,0.0,0
0.003809,51,1258.145828,-1.1526262807397443,0.0,0
0.0,53,1258.33229,-0.9843528937784661,0.0,0
0.077621,55,1258.532493,-0.9277947031011141,0.0,0
0.0,52,1259.151696,-1.1010060942828108,0.0,0
0.002079,42,1259.317058,-0.9304226804143979,0.0,0
0.194347,55,1259.541705,-1.0071894704272955,0.0,0
0.001024,66,1259.812472,-0.7308871753660574,0.0,0
0.003955,55,1260.037311,-0.9440269713525574,0.0,0
0.017014,55,1260.262209,-0.7924392179060771,0.0,0
0.067016,67,1260.535639,-0.8491255037991838,0.0,0
0.125135,56,1260.716858,-0.7532893752214181,0.0,0
0.150687,53,1260.836092,-1.1071829114721627,0.0,0
0.134615,66,1261.372931,-0.8139841958858222,0.0,0
0.075114,54,1261.495875,-0.9748229609462736,0.0,0
0.424968,70,1261.631183,-0.8869300623610198,0.0,0
0.264113,59,1261.752493,-0.6578168820891851,0.0,0
0.333368,57,1261.87493,-0.8159641087382894,0.0,0
0.054278,66,1262.024765,-0.7807389783308641,0.0,0
0.110417,55,1262.156185,-0.8618890100970729,0.0,0
0.214895,69,1262.321317,-0.9474132322119916,0.0,0
0.317478,54,1262.450674,-1.0865654722677835,0.0,0
0.002421,55,1262.97642,-0.8791746395629406,0.0,0
0.485596,71,1263.098556,-0.7670733380448189,0.0,0
231.595505,1000,1265.544566,0.7825392805846546,0.0,0
0.017976,53,1265.63255,-1.0619864605670377,0.0,0
0.378503,70,1265.772175,-0.8999317933363885,0.0,0
0.15277,67,1265.97279,-0.89063922519704,0.0,0
0.03945,57,1266.160415,-0.6628250999036986,0.0,0
0.054941,66,1266.386408,-0.7391901593871945,0.0,0
0.177784,68,1266.622844,-0.8706470637733651,0.0,0
0.352746,70,1267.187669,-0.7264286742814885,0.0,0
0.273274,70,1267.299534,-0.665357680301704,0.0,0
0.150969,70,1267.414297,-0.6902777352082752,0.0,0
0.293187,69,1267.524307,-0.8163718406332134,0.0,0
0.542877,72,1267.71007,-0.6614022815159548,0.0,0
209.153332,1000,1270.985881,0.28020780343380247,0.0,0
0.597925,72,1271.145857,-0.859476480539406,0.0,0
0.401635,71,1271.360765,-0.7443050306372085,0.0,0
0.408938,93,1271.681932,-0.17640707930987903,0.0,0
0.543652,72,1272.319535,-0.8895687643180118,0.0,0
0.153676,55,1272.434433,-0.8718778780998595,0.0,0
0.451806,73,1272.562562,-0.7630177333530677,0.0,0
122.911995,493,1274.032943,0.3520613308471289,0.35944843024712575,0
0.082495,69,1274.143322,-0.709219002435527,0.0,0
50.071204,175,1274.608115,0.09200372111765924,0.1060344094497394,0
0.093475,70,1274.859454,-0.7022913214007748,0.0,0
45.565137,155,1275.596497,0.20187821506659592,0.21376125516081876,0
202.280922,1000,1278.669248,1.3470674451575175,0.33979784591357576,0
203.177561,1000,1282.529555,0.7105965828947169,0.0,0
0.0,54,1282.618493,-0.8915862745931467,0.0,0
0.256479,56,1282.706947,-0.8393483083678402,0.0,0
0.005068,67,1282.811169,-0.9188946980076869,0.0,0
0.0,47,1282.884761,-1.176051950476412,0.0,0
0.0,69,1283.04654,-0.6682903079948566,0.0,0
0.0,49,1283.195249,-1.1882046102929946,0.0,0
0.109773,68,1283.420924,-0.6605197430140223,0.0,0
0.259893,69,1284.028562,-0.8404189088685584,0.0,0
0.0,53,1284.116428,-0.9027564530911173,0.0,0
0.04055,66,1284.214297,-0.7613554527821443,0.0,0
0.030716,54,1284.291476,-0.9068173214516067,0.0,0
0.330597,69,1284.39439,-0.7362058921509501,0.0,0
0.17272,67,1284.498434,-0.8896289410477818,0.0,0
0.346747,71,1284.610202,-0.8118729662497755,0.0,0
0.008585,65,1284.711733,-0.7455197281835504,0.0,0
0.186184,67,1285.248391,-0.862886799731333,0.0,0
0.0,63,1285.352789,-0.8756587715902451,0.0,0
0.018998,52,1285.446328,-0.9520100749590634,0.0,0
0.226556,87,1285.60385,-0.17950372868057962,0.0,0
0.159717,68,1285.71152,-0.7600179578219561,0.0,0
0.188118,67,1285.882619,-0.9258621567457224,0.0,0
0.107339,78,1286.133657,-0.35523999581004184,0.0,0
0.415846,57,1286.738653,-0.7668383732923912,0.0,0
0.201078,69,1286.865947,-0.6219614676651521,0.0,0
0.173504,86,1287.010721,-0.1933336384764402,0.0,0
212.051634,1000,1289.634115,1.8513362551974124,0.838664515957572,0
211.168356,1000,1292.767876,0.8289810945313384,0.0,0
200.100553,1000,1296.336092,0.6790284351677083,0.0,0
41.692152,145,1296.571513,0.2124445605413526,0.21701486070341794,0
200.356876,1000,1299.19774,0.5502992602045695,0.0,0
177.386747,1000,1302.766588,0.27256759716034534,0.0,0
182.207033,1000,1306.12307,1.0930388132090438,0.09951264861860554,0
152.090892,1000,1309.429613,1.4448549113622837,0.4184679339255679,0
185.538025,1000,1312.793431,0.47627469710781767,0.0,0
194.83251,1000,1315.495697,0.9210310909292129,0.0,0
152.882807,689,1318.082397,0.09696081281326405,0.11841206563442866,0
160.105632,732,1320.586214,0.12272268749267198,0.13173098420288787,0
195.777904,1000,1324.495141,0.666843605851325,0.0,0
194.214728,1000,1328.255098,0.9484038908351213,0.0,0
205.71463,1000,1331.498936,0.24950877263246762,0.0,0
191.228269,1000,1334.254292,1.8330791265238695,0.8373392509715376,0
194.232122,1000,1337.892302,0.432542881871134,0.0,0
203.163926,1000,1341.554011,0.8536968612608226,0.0,0
208.378886,1000,1344.790509,1.4903183674511518,0.4786348978292405,0
189.465579,783,1347.932986,0.3776816285375834,0.3941898874335452,0
54.865545,205,1348.409582,0.4613374265128797,0.49350524066559687,0
84.195764,333,1349.928877,0.4695570144882082,0.4628376078187072,0
124.090409,502,1351.265308,0.38006064010705,0.3943751285636171,0
83.89795,334,1352.180078,0.2164906072657769,0.22376483613957782,0
129.993008,513,1353.757437,0.3843638790408451,0.401525622048433,0
133.018732,521,1355.714096,0.7633611409339857,0.7777797082285226,0
53.59658,187,1356.604527,0.1508289255912579,0.17310235171034707,0
157.32157,600,1358.405802,0.14485424007325337,0.1447661073107695,0
88.233426,353,1359.417988,0.37877048529810053,0.3810805883329824,0
60.385186,198,1359.85761,0.3839522321384755,0.39653381142313143,0
219.637211,1000,1362.928007,1.5509034885217026,0.5529078404548199,0
225.793781,1000,1366.262773,1.6162523351906617,0.6088381815451911,0
221.867606,949,1369.873642,0.23409245322675654,0.24236906529480357,0
224.91537,1000,1373.104792,0.6199995171481522,0.0,0
51.902074,195,1373.53096,0.17772733265855994,0.17626149218503906,0
57.847186,211,1374.275126,0.09158110715229795,0.10411404125266116,0
205.793305,1000,1377.311511,1.1549950499714126,0.1415344564606957,0
19.715871,138,1378.070987,-0.7243137156645358,0.0,0
18.25424,98,1378.249503,-0.48431779391017776,0.0,0
202.902425,1000,1382.09598,1.1512928024577453,0.14442810305240256,0
10.803518,95,1382.24973,-1.1965236416325955,0.0,0
201.243583,1000,1386.031539,1.2016791903498132,0.18888695266567246,0
12.676423,89,1386.349386,-0.5509095168801077,0.0,0
206.575326,1000,1389.943277,1.7833474995282321,0.7806858700681514,0
202.637923,1000,1393.381944,1.6459940553696146,0.638542209133764,0
153.322708,658,1395.778086,0.1604688701480983,0.186808562390798,0
173.861911,782,1398.821748,0.10822766640363891,0.13259221813846023,0
88.685203,344,1400.444756,0.22983834184277901,0.2446249808823275,0
156.02688,651,1402.77906,0.32646931573457244,0.3380980106600204,0
195.384028,1000,1406.235096,0.9043075055797261,0.0,0
195.329504,1000,1409.804897,0.4763349205797366,0.0,0
167.922012,1000,1412.908609,0.291403357675866,0.0,0
183.669676,1000,1416.050149,0.8700668998828807,0.0,0
191.663563,1000,1419.140103,1.8735665724639952,0.8663361299234851,0
201.968597,1000,1421.991554,0.8417722654616892,0.0,0
223.973451,1000,1425.6124,0.7858637451933245,0.0,0
156.89149,675,1427.160363,0.44360869145025067,0.4579961506798361,0
224.129514,1000,1430.108444,0.2634901786992457,0.0,0
215.443347,1000,1433.665304,0.7891540395845065,0.0,0
168.726104,723,1435.862118,0.08694140035636135,0.0935390036363944,0
221.243357,1000,1438.594013,1.5630831197918034,0.5460515153279214,0
208.297261,1000,1441.32461,1.644249079368692,0.6165856494511877,0
211.839658,1000,1444.286842,0.3796088097561009,0.0,0
0.000871,64,1444.390756,-0.4873843645215777,0.0,0
0.004919,57,1444.49675,-0.7430084592842193,0.0,0
0.0,43,1444.616006,-0.7629037437644088,0.0,0
0.002726,55,1444.790697,-0.8934245705023954,0.0,0
0.004273,41,1445.343398,-0.8063704324315318,0.0,0
0.003041,40,1445.40552,-0.8321843258345655,0.0,0
0.002089,55,1445.495845,-0.9198565991567185,0.0,0
210.607799,1000,1448.213771,1.549935957347685,0.5361800324648975,0
0.0,67,1448.323071,-0.5101979720070401,0.0,0
0.0,42,1448.388942,-0.7578533867164301,0.0,0
0.002372,40,1448.451697,-0.8112530768078261,0.0,0
0.0,58,1448.549266,-0.7329694520569456,0.0,0
0.004566,41,1448.624029,-0.8078418632321274,0.0,0
210.135576,1000,1451.340139,1.4737002365372236,0.46509479936993064,0
0.00037,41,1451.476219,-0.9853392179170437,0.0,0
0.004331,39,1451.606209,-0.8714062944728367,0.0,0
0.004877,38,1451.732679,-0.8486516798510741,0.0,0
0.003922,40,1451.866269,-0.7834023713896234,0.0,0
0.0,40,1451.9994,-0.7910869240819721,0.0,0
0.0,40,1452.513972,-0.7957196975894866,0.0,0
0.001236,59,1452.61039,-0.6196654409200113,0.0,0
0.000821,54,1452.731078,-0.9172853432165669,0.0,0
0.0,54,1452.848256,-0.956345405039667,0.0,0
0.004746,67,1452.996051,-0.3365310914640899,0.0,0
0.024955,56,1453.119978,-0.7170319032618357,0.0,0
0.0,39,1453.204265,-0.8486151523491305,0.0,0
0.003428,67,1453.392579,-0.39148165010622527,0.0,0
0.003007,56,1453.567755,-0.7105421134165805,0.0,0
0.0,39,1454.124302,-0.8357812617598926,0.0,0
0.0,56,1454.290843,-0.890772035298849,0.0,0
0.005149,58,1454.41547,-0.4386425669871352,0.0,0
0.0,54,1454.555772,-0.9557943797657967,0.0,0
247.891556,1000,1458.287721,1.1937447312383582,0.2111717218402918,0
0.002941,61,1458.469815,-0.48102532838654505,0.0,0
0.0,61,1458.677115,-0.5046197364651882,0.0,0
0.0,63,1458.871583,-0.5958242702819941,0.0,0
0.0,40,1459.008413,-0.761974288842259,0.0,0
0.0,39,1459.140195,-0.8459053789444626,0.0,0
0.0,41,1459.27744,-0.7367373466239101,0.0,0
168.627795,661,1461.937559,0.40436554300391664,0.40625199498017733,0
0.000724,40,1462.004389,-0.8650207593333551,0.0,0
0.000777,55,1462.098051,-0.96310736306304,0.0,0
0.004248,41,1462.204803,-0.7797140423011298,0.0,0
0.002275,56,1462.376905,-0.7253307475823099,0.0,0
216.007256,1000,1465.87335,0.5839327120432183,0.0,0
0.0,40,1465.93961,-0.7492473313348292,0.0,0
0.0,39,1466.00359,-0.81466578708933,0.0,0
0.0,40,1466.069008,-0.7979780171372964,0.0,0
0.0,39,1466.132775,-0.9327930127299368,0.0,0
0.0,41,1466.200515,-0.8029657185989949,0.0,0
0.0,55,1466.718542,-0.8091296911929576,0.0,0
0.002792,39,1466.782317,-0.8918838798228605,0.0,0
0.000274,39,1466.848443,-0.9228673014339844,0.0,0
0.002875,67,1466.96164,-0.299373968610394,0.0,0
0.000249,41,1467.028988,-0.7823587308995721,0.0,0
0.00381,51,1467.112901,-1.0633048073442282,0.0,0
0.0,40,1467.177549,-0.8204956722790401,0.0,0
0.0,39,1467.239839,-0.9400505678072595,0.0,0
0.0,54,1467.326882,-0.7905558854105962,0.0,0
0.0,41,1467.392296,-1.0568559744155623,0.0,0
229.413348,1000,1470.261193,0.5928448840612777,0.0,0
0.0,38,1470.336989,-0.8462986062874447,0.0,0
0.0,38,1470.412138,-0.9307281887159442,0.0,0
229.129205,1000,1473.651061,0.32938628415633775,0.0,0
0.002071,39,1473.782072,-0.8757657105798438,0.0,0
0.00293,39,1474.334936,-0.8682594408051199,0.0,0
0.003041,40,1474.397228,-0.8291230702770552,0.0,0
0.0,54,1474.484287,-0.8003593142597717,0.0,0
222.313143,1000,1477.1678,2.106272607992191,1.0939899218586058,0
0.004258,66,1477.292167,-0.5163039809154216,0.0,0
226.346197,1000,1480.525677,0.3769315878474643,0.0,0
0.0,40,1480.59506,-0.865451507749284,0.0,0
0.0,43,1480.666899,-0.7083056095876705,0.0,0
218.604555,875,1484.13561,0.09537171839507828,0.11238152196582384,0
218.710738,1000,1487.284575,0.7567706824161804,0.0,0
0.000541,65,1487.390726,-0.433054477998427,0.0,0
0.004548,42,1487.467759,-0.7033472112386311,0.0,0
0.001211,57,1487.579287,-0.7597712357704869,0.0,0
212.211483,1000,1491.029297,0.5774779666536758,0.0,0
0.0,57,1491.138557,-0.7715054210738113,0.0,0
0.023603,92,1491.319591,-0.09378947739965661,0.0,0
0.000193,56,1491.408159,-0.9218683765475026,0.0,0
0.0,41,1491.466949,-0.7373859460317502,0.0,0
0.008486,64,1491.575777,-0.22061989012817548,0.0,0
0.022935,63,1492.101416,-0.5397049870440996,0.0,0
0.0,41,1492.1711,-0.7482172193371428,0.0,0
0.001075,44,1492.251252,-1.007935548191354,0.0,0
57.275172,183,1492.618103,0.4996369418820971,0.5104068972372392,0
215.967896,1000,1495.95381,0.3754514837571306,0.0,0
0.0,43,1496.038453,-1.1866152311093316,0.0,0
209.82268,1000,1498.835198,1.0040651418574322,0.0,0
208.990564,1000,1502.635424,0.9407511090305785,0.0,0
203.215185,1000,1506.559248,1.4038508518271966,0.39319164793829803,0
208.538633,1000,1509.97867,1.4218796289709963,0.4392056232673736,0
204.683724,1000,1513.97959,1.2356444042850458,0.21795300615914917,0
189.891428,751,1516.048084,0.6533905499111611,0.6742938361303572,0
0.014012,58,1516.174057,-0.7431512431842913,0.0,0
0.0,57,1516.838234,-0.830847054804181,0.0,0
210.334108,1000,1520.698224,1.6011418371703727,0.6051829111430458,0
0.0,57,1520.807679,-0.8545181429880216,0.0,0
0.008933,59,1520.976252,-0.7932919228830139,0.0,0
0.01082,53,1521.110304,-1.0699271715644234,0.0,0
0.022705,43,1521.230293,-0.7604299520462268,0.0,0
0.000778,43,1521.370049,-0.8100671324785746,0.0,0
0.012422,61,1521.590559,-0.48692317137098945,0.0,0
0.0,43,1521.752184,-0.9341547728462716,0.0,0
0.058907,46,1521.926001,-0.7247351233706859,0.0,0
58.990656,203,1523.027289,0.2962680278423369,0.31691167303554746,0
211.796709,1000,1526.280933,1.0901642059593888,0.08782171264823113,0
0.01163,61,1526.407406,-0.6236508282066444,0.0,0
0.004914,59,1526.515789,-0.7061652219010675,0.0,0
0.019148,43,1526.620755,-0.7075501003352747,0.0,0
0.003907,56,1526.792776,-0.7934446436097337,0.0,0
0.018377,56,1526.984991,-0.8843606199764585,0.0,0
55.908223,177,1528.010239,0.7434652521490779,0.7624901835181118,0
0.001405,61,1528.111168,-0.6846872783415657,0.0,0
0.0,59,1528.217286,-0.790771890472257,0.0,0
0.003624,54,1528.321301,-0.8600794413304212,0.0,0
218.051804,1000,1531.338368,0.3019921558213801,0.0,0
0.0,43,1531.427049,-0.8453075542237497,0.0,0
0.000238,64,1531.564494,-0.5858667900834235,0.0,0
0.005028,62,1531.708542,-0.9395576117506002,0.0,0
0.067223,61,1531.858249,-0.7675719501359021,0.0,0
0.0,45,1531.969977,-0.9507500864388617,0.0,0
0.0,61,1532.555062,-0.6625214302098443,0.0,0
0.0,66,1532.662668,-0.558053187369419,0.0,0
0.0,60,1532.775909,-0.9189447499082596,0.0,0
0.000835,87,1532.941473,-0.182274037891539,0.0,0
0.014575,60,1533.064929,-0.8492550877177141,0.0,0
150.228858,571,1534.755723,0.37956769187184075,0.38019631674740806,0
0.0,44,1534.865079,-1.0006697811284284,0.0,0
0.083422,45,1534.97702,-1.023692118780218,0.0,0
0.047709,59,1535.118585,-0.8020643296354422,0.0,0
0.010916,43,1535.611627,-0.8327113611743001,0.0,0
0.0,45,1535.68251,-0.9616117626949595,0.0,0
229.835329,1000,1538.814353,1.9039912556403016,0.8738494932613764,0
0.116903,45,1538.88727,-0.8318675394063115,0.0,0
0.06633,45,1538.966349,-0.883587410958069,0.0,0
0.006311,54,1539.066218,-1.017507418950633,0.0,0
0.025182,61,1539.187139,-0.9067155580432232,0.0,0
99.259813,373,1540.644521,0.36272085357900447,0.38524340684916414,0
2.2e-05,61,1540.744932,-0.8724632241081478,0.0,0
0.021372,46,1540.81845,-0.7697745010325341,0.0,0
211.652,1000,1543.542387,0.4559748347689733,0.0,0
50.206267,172,1543.905157,0.2213013345741448,0.2409164169136903,0
0.013527,44,1544.006019,-0.8200420112673835,0.0,0
0.0,60,1544.148062,-0.9049599778447514,0.0,0
0.043955,45,1544.257809,-0.8186509400094341,0.0,0
0.00495,67,1544.826884,-0.586105251906202,0.0,0
50.068753,159,1545.170909,0.2922686677436705,0.2855317767972306,0
199.473528,815,1548.115879,0.3261690510152842,0.31632622110633096,0
223.246689,1000,1551.092926,0.3945194645003873,0.0,0
223.537174,935,1554.487856,0.2777119501757413,0.2921218336351543,0
227.127808,1000,1558.050811,0.6524291983541066,0.0,0
58.356087,195,1558.851466,0.4348834698474588,0.43764874201812276,0
0.004737,45,1558.936972,-0.7581049000282934,0.0,0
224.986506,921,1562.037118,0.325549404630728,0.34340855370754036,0
47.747381,139,1562.337187,0.7207979067489589,0.7598534558930223,0
210.606175,1000,1566.328724,1.2386477223827754,0.23750670924643283,0
218.734553,1000,1569.453539,1.5560883904707268,0.5480701289455228,0
212.226618,1000,1572.657523,1.04872967373624,0.04127378856830308,0
0.000478,46,1572.735732,-0.6641238476536595,0.0,0
215.58322,1000,1575.523565,0.39766075379026844,0.0,0
234.256921,950,1578.992818,0.32227312130630703,0.3518991952977759,0
227.216117,1000,1582.187711,1.2676539462794734,0.27648358833154413,0
214.79361,1000,1585.587197,1.3720904650349348,0.35454173216204254,0
247.5365,1000,1588.462031,1.3483904625527354,0.35597163320417724,0
216.774206,1000,1591.587606,0.7184715839520941,0.0,0
237.016719,1000,1594.75189,0.45894897241970667,0.0,0
230.668938,1000,1598.212054,0.8120457608669335,0.0,0
152.550446,753,1601.045726,-0.3013767497528085,0.0,0
0.0,57,1601.134384,-0.36239317099488316,0.0,0
0.0,66,1601.244945,-0.17606698031761542,0.0,0
223.440832,1000,1604.562148,0.8384270223294928,0.0,0
221.13874,1000,1607.667006,0.4582652916003554,0.0,0
47.6502,149,1607.961026,0.14560204960796796,0.1651520043258772,0
94.11237,348,1609.056893,0.30768265614646567,0.30068318099501434,0
51.476542,153,1609.46572,0.47471618346458244,0.5005335420938095,0
215.49116,851,1612.336816,0.7652698857560742,0.7681072629745326,0
236.833196,1000,1615.758536,0.8172418350952525,0.0,0
237.747917,1000,1618.945384,0.40371012397385286,0.0,0
240.783431,1000,1622.124175,1.2657206574282274,0.27967255917017697,0
0.005757,45,1622.199311,-0.6787495521479203,0.0,0
47.662543,138,1622.493756,0.48646963625882383,0.5024089081270449,0
236.647798,1000,1626.05308,1.7876038682310458,0.7826029913031528,0
54.399646,170,1626.633625,0.3385140680017512,0.35456521198359703,0
0.025276,44,1626.785972,-0.6744967918438116,0.0,0
199.984351,770,1629.468308,0.23037184059740606,0.2534534575730785,0
0.0,44,1629.625047,-0.6837198689278379,0.0,0
0.0,41,1629.77111,-0.9089403646676355,0.0,0
0.016614,63,1629.996531,-0.4171009346162941,0.0,0
0.021683,47,1630.164517,-0.6807679688412666,0.0,0
238.973889,1000,1633.57273,1.0673447159967975,0.08348867657433476,0
231.303855,1000,1636.768194,1.5959048539108132,0.5971953229911382,0
0.022397,57,1636.877508,-0.35105126279766263,0.0,0
0.029992,44,1636.961473,-0.8854868418456499,0.0,0
165.113948,631,1639.079328,0.2744772713697616,0.2697621365964729,0
210.362461,1000,1642.326992,1.08514960058846,0.07978980965466295,0
0.001752,56,1642.42313,-0.36978937736929585,0.0,0
225.252281,955,1645.347813,0.243236315813232,0.25948981416429706,0
0.026331,45,1645.420741,-0.7639725746287528,0.0,0
0.04162,56,1645.51563,-0.39199082842645144,0.0,0
0.023897,63,1645.63694,-0.28275026318778523,0.0,0
58.420496,191,1646.141424,0.3631959882896926,0.36744063511559505,0
0.131893,93,1646.285111,0.058851063436164655,0.034718924040925296,0
0.039836,56,1646.80726,-0.40915237483767203,0.0,0
224.332355,1000,1648.988756,0.26963950462627523,0.0,0
0.005315,65,1649.591351,-0.2270740514068449,0.0,0
0.001769,60,1649.690922,-0.31539281325064844,0.0,0
0.00141,41,1649.756871,-0.9005572775166407,0.0,0
219.00716,1000,1652.904828,0.5702069796454745,0.0,0
0.001237,42,1652.97282,-0.7593415682458513,0.0,0
0.002824,49,1653.051432,-0.5484180544115139,0.0,0
0.000821,66,1653.15699,-0.22793734578218766,0.0,0
0.002725,43,1653.225652,-0.8455608498995145,0.0,0
0.0,41,1653.291795,-0.9035761057957121,0.0,0
0.028169,49,1653.370299,-0.5403892748758699,0.0,0
0.0,41,1653.43608,-0.9126934022129801,0.0,0
0.040774,75,1653.980688,-0.14296724578667863,0.0,0
52.829928,168,1654.267628,0.1807601227928881,0.18642139474563751,0
0.015848,68,1654.395007,-0.2072853733109351,0.0,0
0.0,65,1654.515756,-0.23511927901914406,0.0,0
0.009863,43,1654.588328,-0.7639105673973302,0.0,0
229.025626,1000,1658.102772,0.21675423383514944,0.0,0
0.004913,41,1658.250328,-0.9545969451851978,0.0,0
241.31008,1000,1661.660442,0.6202998697363269,0.0,0
0.018737,49,1661.790419,-0.5717944877024006,0.0,0
0.0026,65,1661.996571,-0.25250541813442046,0.0,0
0.004251,68,1662.594989,-0.18529714031377567,0.0,0
226.787829,1000,1666.446428,1.4865301132046684,0.5092867204781111,0
0.019611,68,1666.600047,-0.1843098750908919,0.0,0
0.016346,50,1666.688254,-0.5706245513818342,0.0,0
57.840077,178,1667.002545,0.40709751281728385,0.40925229181457357,0
0.004745,53,1667.102856,-0.44402039269724547,0.0,0
0.00706,64,1667.223302,-0.25633884283271147,0.0,0
0.003013,44,1667.306487,-0.7129129056474108,0.0,0
0.027315,55,1667.833654,-0.4132225691392257,0.0,0
0.003533,49,1667.929412,-0.5545055328597155,0.0,0
0.014833,56,1668.033596,-0.3856422243344257,0.0,0
0.113901,49,1668.121819,-0.5530632477706781,0.0,0
0.039989,58,1668.232334,-0.37049629772222153,0.0,0
0.0,44,1668.320903,-0.7225989059190115,0.0,0
0.066197,45,1668.41446,-0.7347801781600954,0.0,0
0.005376,43,1668.49984,-0.7486371071097578,0.0,0
0.0,55,1668.609955,-0.39737468637547424,0.0,0
0.000637,42,1668.717315,-0.8889315396252753,0.0,0
51.25047,151,1669.485689,0.7903637558150624,0.7903928760323269,0
0.015126,47,1669.563582,-0.6108195151342217,0.0,0
0.003377,72,1669.702353,-0.1574683541802953,0.0,0
0.037175,81,1669.953924,-0.06361108677939414,0.0,0
0.047662,43,1670.095325,-0.7904236256503704,0.0,0
0.031701,60,1670.247306,-0.3432495080438507,0.0,0
0.000658,49,1670.409033,-0.5570242405657315,0.0,0
0.015683,60,1670.611119,-0.32969662634874813,0.0,0
0.007263,46,1671.130222,-0.6687962307239892,0.0,0
0.017004,47,1671.213534,-0.6505270537627412,0.0,0
0.002556,42,1671.288288,-0.8243373140194493,0.0,0
223.187966,1000,1674.775473,1.5665816359678961,0.5744074542197604,0
0.015178,46,1674.859379,-0.6604800439714894,0.0,0
0.032473,51,1674.955595,-0.5110242635544439,0.0,0
0.0,43,1675.037972,-0.7352275129675329,0.0,0
0.002172,47,1675.118802,-0.56559624510255,0.0,0
0.003705,50,1675.201909,-0.5362577874805425,0.0,0
0.013412,45,1675.284249,-0.6692304622547466,0.0,0
0.010809,46,1675.371004,-0.5792656735642131,0.0,0
0.002985,43,1675.454107,-0.80337468414285,0.0,0
0.002352,43,1675.962649,-0.6790441412657533,0.0,0
0.002625,57,1676.055045,-0.36641565639028045,0.0,0
0.0,67,1676.170968,-0.20122990419256626,0.0,0
0.053658,52,1676.263775,-0.47110408245272106,0.0,0
0.00819,46,1676.383983,-0.6094441398137959,0.0,0
0.00422,56,1676.566012,-0.3914119305511921,0.0,0
196.701441,1000,1680.182024,1.2768110476409265,0.27159551002097587,0
0.032917,57,1680.378289,-0.35811159930483666,0.0,0
0.013475,60,1680.597062,-0.32226022890294903,0.0,0
0.038605,49,1680.775208,-0.5484442515246486,0.0,0
0.009338,43,1680.931073,-0.7471370302695916,0.0,0
0.009124,67,1681.561208,-0.22377422291606558,0.0,0
0.020441,63,1681.663609,-0.280974440710682,0.0,0
177.788575,1000,1684.846161,1.7860714601881207,0.7858363382040525,0
0.019028,77,1684.996095,-0.10263840837597239,0.0,0
196.793133,1000,1688.158496,1.7455361511408858,0.7446609671765129,0
0.005273,59,1688.263236,-0.3353982848560933,0.0,0
185.009262,1000,1691.445228,1.2254068650487446,0.22671948525417884,0
0.0,68,1691.565552,-0.18970177146827621,0.0,0
224.652123,1000,1694.363108,0.8704357525816651,0.0,0
220.816359,1000,1697.765847,0.3863538306155637,0.0,0
0.00378,48,1697.859951,-0.5732412508698973,0.0,0
0.0,55,1697.973948,-0.39433782173452275,0.0,0
0.004837,48,1698.075777,-0.5789429105270925,0.0,0
0.0,48,1698.16316,-0.5655703299555417,0.0,0
0.0,44,1698.244214,-0.6546971544953427,0.0,0
174.070859,740,1700.534205,0.10858901508035344,0.12385617353447305,0
0.004637,56,1700.647911,-0.38527338219171936,0.0,0
0.0,40,1700.738145,-0.5832307078116392,0.0,0
0.0,53,1700.851215,-0.40888918202563895,0.0,0
0.015212,65,1701.037821,-0.24022192588306612,0.0,0
205.268939,1000,1703.996652,1.5721518089877862,0.5718214328302184,0
0.002543,53,1704.090486,-0.41153696962447156,0.0,0
0.0,62,1704.223611,-0.2760566425322239,0.0,0
0.002201,63,1704.3949,-0.279109588180153,0.0,0
199.572337,864,1707.188991,0.34593906778872324,0.3465603341271372,0
1.465608,93,1707.435973,0.030937776563764875,0.02227193609487872,0
144.837504,583,1708.947544,0.5039519717280303,0.5228831083944797,0
176.99606,753,1711.367565,0.17019234504952596,0.1745887106670189,0
203.348523,1000,1714.279976,0.46066205967733315,0.0,0
199.727151,1000,1717.835428,0.7583187135194766,0.0,0
144.335232,606,1719.570224,0.7425006869028654,0.7271037483671673,0
98.676834,427,1720.764503,0.2285055055344818,0.23756717145379716,0
214.173693,1000,1723.57464,0.41950011555305444,0.0,0
197.590412,1000,1726.876663,0.2114085074896959,0.0,0
207.423347,1000,1730.50819,1.711795072990653,0.7007654155435606,0
0.0,55,1730.604096,-0.38712923153507545,0.0,0
190.917697,1000,1733.510848,1.3782239125549656,0.3776922113859982,0
0.000864,62,1733.600488,-0.22641752719889593,0.0,0
0.0,52,1733.706792,-0.43762244750884705,0.0,0
0.0,49,1733.841666,-0.5228199545745097,0.0,0
0.0,70,1734.067493,-0.2374599526912548,0.0,0
0.00415,39,1734.195822,-0.7697412591574291,0.0,0
184.125124,770,1736.763832,0.1913515568593712,0.20175432659746698,0
208.213008,1000,1739.790082,1.3226127656750957,0.3011404101462669,0
57.676308,186,1740.138684,0.5271557923339129,0.5206434389917961,0
197.470508,1000,1742.704852,1.552246472266225,0.5407937051636336,0
202.911383,1000,1745.228241,1.2512243458838461,0.2785281877811694,0
209.912151,1000,1747.812916,0.46183286282781294,0.0,0
199.646853,1000,1750.694334,0.8170183553587089,0.0,0
208.906719,1000,1753.756319,0.3626937321255525,0.0,0
79.639698,290,1754.317333,0.3993311626451061,0.42555523090924685,0
49.681485,144,1755.010183,0.43030009669567143,0.44759188621737594,0
48.601734,145,1755.395521,0.26410271167627347,0.27047705777346287,0
46.241493,133,1755.862637,0.5440151035963505,0.5410073385060074,0
225.057343,1000,1759.14197,0.11845840772979459,0.0,0
215.913422,1000,1761.969243,0.9059936275490393,0.0,0
212.680356,1000,1764.928262,0.7910975531780828,0.0,0
206.6188,1000,1768.248033,1.3910503261920029,0.37792943579591487,0
211.603618,1000,1771.265696,0.5713822046070822,0.0,0
193.114796,1000,1774.26228,0.9472817484478456,0.0,0
223.842997,967,1776.750064,0.28299920112953864,0.2819301887529411,0
198.852262,1000,1779.517022,1.4918268101948327,0.4930289597194451,0
94.759499,380,1781.063496,0.3316142091975093,0.3440944140170945,0
165.222988,702,1783.048908,-0.0011367009983891357,0.0013318026634459663,0
205.7259,1000,1786.07732,0.812997552648971,0.0,0
209.504041,1000,1789.887056,0.4796235898677142,0.0,0
228.497788,1000,1792.884399,1.2892244684434282,0.3051031090075626,0
125.114365,513,1794.737205,0.7719671755958832,0.7511695052108505,0
213.565525,890,1797.296329,0.2335583934543512,0.2264973400526731,0
96.128943,394,1798.053118,0.2662809125837537,0.2677000530300443,0
123.665287,530,1799.420467,0.17359900075959583,0.21760208796610025,0
144.673208,577,1801.259867,0.2311642618207759,0.2527082988148437,0
218.615998,1000,1803.29775,0.9408741880471381,0.0,0
217.59574,1000,1806.070682,0.7026451385465171,0.0,0
191.240204,1000,1808.584692,1.4271471713480586,0.41774531978667445,0
199.964588,1000,1811.224431,0.9755143636444072,0.0,0
192.127851,1000,1814.061641,0.3572151281062753,0.0,0
202.81011,1000,1816.972569,1.4255774542179214,0.41821760428240057,0
202.773978,1000,1820.00359,1.2806856386182865,0.2737277987371648,0
212.217126,1000,1822.495693,1.5512776757661535,0.5640472374073175,0
214.43486,1000,1825.567487,0.492427819366349,0.0,0
52.162525,199,1826.305688,-0.041929086510604285,0.0,0
53.248792,186,1827.106452,0.36063981247925625,0.3489602315795608,0
208.636189,871,1829.585075,0.300664869024979,0.33189325701071787,0
114.649291,495,1831.481344,0.23669794313222947,0.2511282118298145,0
124.947052,514,1833.315853,0.28944293605445237,0.31031617369811815,0
58.460438,216,1833.872386,0.043198528249562634,0.06635493782188955,0
202.754754,857,1836.850096,0.361902516537649,0.3742906113968126,0
87.081947,351,1837.593405,0.3569475976018339,0.36880467677248996,0
208.434702,1000,1841.230027,0.6103240675976914,0.0,0
219.858719,1000,1843.96394,0.9845828216481688,0.014190987578850234,0
221.938627,1000,1846.522131,0.44582478958786914,0.0,0
208.90589,1000,1849.194625,0.2784597226145227,0.0,0
74.237777,308,1850.196372,0.22616010874518885,0.23508941314362874,0
81.688276,322,1851.124836,0.3508182829312353,0.369035815218111,0
94.214623,368,1852.51672,0.033663585327831196,0.03923283558838125,0
223.49362,1000,1855.961982,1.9961417172559126,0.9912102981653284,0
222.242534,1000,1859.619701,1.5839006308008363,0.5848365885493799,0
235.034284,1000,1863.574991,1.5481837888948167,0.5555292194105623,0
117.849541,494,1865.403282,0.2365230673411406,0.250571375663271,0
155.355129,644,1867.472783,0.37414794573408716,0.38312515617954274,0
233.886592,986,1870.705889,0.11686645482619051,0.14163435943853686,0
212.814179,1000,1873.722651,1.040806282735047,0.020718608075246617,0
211.854792,1000,1876.433142,1.7464499832743365,0.7638117846915323,0
217.815829,1000,1879.371065,1.65282786249378,0.6549770496840658,0
216.763123,1000,1882.244277,1.7781669115814278,0.8003125907911189,0
192.600195,1000,1885.703074,0.8932382671671453,0.0,0
219.584472,1000,1889.204846,1.3042440699365663,0.314795700982376,0
207.156022,1000,1893.396431,1.553963375971452,0.5358608393939663,0
218.732119,1000,1896.548835,1.8782813393674063,0.9052402757870989,0
200.974159,1000,1900.18391,1.3170733645776722,0.2998087619769615,0
211.450636,1000,1904.052256,0.7280514791854561,0.0,0
212.354436,1000,1907.668264,1.8162806803362308,0.820887151137488,0
206.793185,1000,1910.3234,0.39278568870618474,0.0,0
223.223492,1000,1913.528693,0.6438662713492281,0.0,0
222.301449,1000,1916.854094,0.025924622724488734,0.0,0
211.480895,1000,1920.241387,1.2265441058044613,0.20219853076105765,0
83.113532,343,1921.688101,0.36366611577930474,0.38840468866487055,0
239.236062,1000,1925.022984,1.4880487163598821,0.4915637384857116,0
206.001723,860,1927.831231,0.19062635287089316,0.18788501121488577,0
222.502486,1000,1930.906016,1.653497239278978,0.6722304280646979,0
225.311227,1000,1934.275313,2.1113955203113637,1.0339306588688941,0
230.203534,1000,1937.694452,1.9397161030487786,0.96285277822579,0
226.849,1000,1940.707576,1.929227073789809,0.9557083853551562,0
208.513245,848,1943.503592,0.23384441055172936,0.2603061790418765,0
105.80382,404,1944.871465,0.13265963175167747,0.14257024594347908,0
160.794977,666,1946.546387,0.21640190467310308,0.24841431296339272,0
44.918788,185,1947.333217,0.15670714798104599,0.16585377470541024,0
142.980381,565,1948.735414,0.3131736750231587,0.3216457763471307,0
219.15491,894,1951.019058,0.24475814680816288,0.2635344189760516,0
234.53069,1000,1954.271872,1.8616817244992252,0.8323874927425621,0
238.063057,1000,1957.704549,0.9374494834871268,0.0,0
217.8343,1000,1960.377834,0.58160473612709,0.0,0
233.953029,1000,1963.30318,0.8421129164685884,0.0,0
187.446037,743,1966.188079,0.37370595603573553,0.39585117294318106,0
214.245389,1000,1969.775541,1.549687455799309,0.5503599241958985,0
227.831193,1000,1972.70827,0.41911113143400697,0.0,0
204.478802,1000,1976.110888,0.5944005726939983,0.0,0
229.939128,1000,1979.625101,0.48607846374358693,0.0,0
87.233546,353,1980.281892,0.15435040812190426,0.15602560448193503,0
217.933023,1000,1983.055346,0.5054178891279635,0.0,0
216.875918,1000,1985.946336,0.7176071058925416,0.0,0
201.701873,1000,1989.71309,1.2643565753859691,0.2571249646112539,0
215.936915,1000,1992.910101,0.6124102301195643,0.0,0
221.511365,1000,1995.937745,1.8433934548826307,0.816394972263456,0
221.17267,1000,1998.583309,-0.0025817366189793915,0.0,0
207.772592,841,2001.501823,0.5237524259104742,0.5194085520532244,0
235.744443,924,2003.960594,0.5323806564840572,0.5310745100810961,0
95.384737,378,2005.138262,0.12705549483841683,0.14060796802209619,0
176.644226,705,2007.237608,0.31363639332000076,0.34911929062899355,0
223.093163,901,2009.942532,0.26761726018027493,0.3012569374943046,0
231.739785,1000,2012.98445,1.9648001219215094,0.9621041652679144,0
229.787316,1000,2015.895598,0.4626287301437331,0.0,0
236.408382,1000,2019.428346,0.8420630867757528,0.0,0
222.158967,1000,2022.760348,0.12591089670952052,0.0,0
136.339553,532,2024.549419,0.243402309164472,0.2460315271604832,0
238.123424,1000,2027.224151,1.3188226962480678,0.3293649684640614,0
228.42697,1000,2030.229553,0.2683107590208071,0.0,0
238.42084,960,2033.389371,0.39011544813395066,0.4271434766458841,0
221.137475,1000,2036.466658,1.6045429365431354,0.6061973040793953,0
219.8307,1000,2039.908551,1.1319405497653838,0.12766796525673296,0
224.285808,1000,2043.403419,0.7501934015193805,0.0,0
222.215032,1000,2046.973761,0.8928195717843717,0.0,0
243.922477,1000,2050.502992,1.1169852984824442,0.14924469482022237,0
86.272288,448,2051.800913,-0.2324931734507356,0.0,0
240.095209,1000,2054.097528,0.5201840680408886,0.0,0
51.127841,300,2055.074379,-0.09231439724283869,0.0,0
178.707671,845,2057.615056,-0.08257877585657003,0.0,0
55.433788,309,2058.374103,-0.22677393103669752,0.0,0
189.378077,869,2061.298966,-0.0929414013575287,0.0,0
202.639045,799,2063.81592,0.21437841231794466,0.21521567806209643,0
157.234771,609,2065.344689,0.3187994958681894,0.34012309317091804,0
66.434982,335,2065.996514,-0.33999223218351304,0.0,0
102.274991,483,2067.326757,-0.3703082507255176,0.0,0
106.022591,508,2069.174805,-0.32480767721233483,0.0,0
198.767569,773,2071.616501,0.27522939094808613,0.30549200900772616,0
229.923837,1000,2075.011501,0.33076465392102644,0.0,0
223.687055,1000,2078.40193,0.949937235555004,0.0,0
237.161713,1000,2081.593904,0.9557243696989169,0.0,0
210.631791,1000,2084.784587,0.9319230715505655,0.0,0
231.425533,1000,2087.318163,1.3583742738623061,0.3745971151508293,0
221.166684,1000,2091.33138,-0.06948575942778731,0.0,0
201.048988,1000,2094.294977,0.9403946128008696,0.0,0
211.437013,1000,2096.634146,0.8696917869757907,0.0,0
226.426352,1000,2100.017678,1.484366643135815,0.4972752983736006,0
210.488456,1000,2103.777202,0.9999154089802877,0.0,0
233.692964,1000,2107.160384,0.07029509344207026,0.0,0
224.758825,1000,2110.189168,1.7698682577584848,0.7422149189451274,0
143.135422,656,2112.11062,-0.399798561581701,0.0,0
52.549702,303,2112.603382,-0.13553827438199834,0.0,0
226.965153,1000,2115.25057,0.4529370648083318,0.0,0
105.32187,526,2116.631732,-0.046731040504035225,0.0,0
188.120179,753,2118.901878,0.18410984724122392,0.1971341580984429,0
242.869712,1000,2121.765797,0.41285499211485427,0.0,0
228.843261,1000,2125.320504,0.7392991559514543,0.0,0
56.674164,195,2125.780663,0.3136949181917049,0.33527373131991145,0
222.161154,1000,2128.653679,1.3560070623572744,0.33594356185179564,0
63.946375,211,2129.008149,0.4591195399640403,0.4477670478925218,0
56.90408,325,2130.02371,-0.03268723713642004,0.0,0
57.397901,292,2130.489561,-0.5374691357588405,0.0,0
240.911036,1000,2133.301383,0.8393571405601977,0.0,0
107.336719,399,2134.467957,0.395749261071785,0.41582082204206305,0
151.635553,721,2137.108709,-0.10682725555448525,0.0,0
55.600611,196,2137.424084,0.42200618264931217,0.4009277752333164,0
223.867363,1000,2140.363986,0.6506988427116452,0.0,0
53.335974,292,2141.853617,-0.354427093388907,0.0,0
129.914869,634,2143.900596,-0.12205685467087189,0.0,0
234.625062,1000,2147.196462,1.7793572894865635,0.8198092650552996,0
220.881446,1000,2150.00105,0.2974075666695761,0.0,0
234.293562,1000,2153.666782,0.6795995316547438,0.0,0
229.886504,1000,2156.39429,1.1190768004762568,0.14613576682546678,0
216.977571,1000,2159.640547,1.673901328948628,0.6626283597036324,0
196.652794,1000,2162.378511,1.4052862381195663,0.40972386017885326,0
202.49375,1000,2165.806949,0.8927214144152076,0.0,0
188.295153,1000,2169.805008,1.3147660812482955,0.31264848848314664,0
193.522686,1000,2173.586778,1.307164369421038,0.29555693413413486,0
195.112892,1000,2176.924119,1.407107074326501,0.4007263076794032,0
208.24283,1000,2179.74851,0.38034292499320715,0.0,0
212.678708,1000,2182.285173,0.1369848671643004,0.0,0
192.03275,1000,2184.858037,1.7039972401401664,0.7139645121647253,0
194.969138,1000,2187.573238,1.4628196921795418,0.4665911290397076,0
198.123671,1000,2190.300003,0.4041577274613825,0.0,0
190.372465,1000,2193.372744,1.4323418624358981,0.4300114262298996,0
198.990192,1000,2195.998345,0.8162510806276913,0.0,0
211.321359,1000,2199.022321,1.0321472855225733,0.055937834564883424,0
125.718417,669,2200.942653,-0.039538330491763155,0.0,0
213.684361,1000,2203.97911,1.728198924998664,0.7986489364705556,0
198.577975,1000,2207.147687,1.4281159860940527,0.40036441982988163,0
215.440917,1000,2209.673831,1.9384108308727435,0.9756045498108447,0
216.76747,1000,2212.553916,1.6214105370833225,0.62176808588269,0
209.506044,1000,2215.189846,0.12759620248604706,0.0,0
210.426225,1000,2217.731219,1.8458740964191498,0.8166627521822243,0
148.184948,744,2219.421108,-0.17077115916118987,0.0,0
208.20235,1000,2222.046909,0.9342082104967792,0.0,0
127.718942,666,2224.257232,-0.2245225776042071,0.0,0
186.635303,868,2227.12601,-0.42652295474132534,0.0,0
208.016451,1000,2230.15757,1.268584097018851,0.260621629294373,0
176.972804,861,2233.095461,-0.18166625319173693,0.0,0
165.923324,770,2235.587337,-0.42118028389879375,0.0,0
68.670583,416,2236.822484,-0.4809535431876216,0.0,0
194.34124,921,2239.391898,-0.19803895794252824,0.0,0
159.320115,753,2241.826233,-0.245772642354672,0.0,0
208.130726,1000,2244.832069,1.6034491153031232,0.5870307119516336,0
224.135642,1000,2247.389758,1.3874743991429546,0.4042653353975571,0
216.178776,1000,2250.988209,1.7017050020090212,0.6328341572033414,0
215.894199,1000,2253.774963,1.4963079271270188,0.4994939676243536,0
199.943002,1000,2256.818897,1.5782383929366455,0.5830331661680161,0
195.9864,1000,2259.80511,1.115023330713401,0.10644501752731393,0
207.403452,1000,2263.647295,1.4098638384371962,0.43530160349198965,0
201.529808,1000,2266.437666,1.544881661100697,0.5788457570593442,0
203.303366,1000,2269.500361,0.5352081947097245,0.0,0
211.300214,1000,2272.78321,0.34043571046155013,0.0,0
193.931496,1000,2275.375908,1.5653255838533786,0.5288589515361454,0
199.399283,1000,2278.322482,0.6021370104577228,0.0,0
194.070951,1000,2281.628235,0.7301901669296231,0.0,0
213.702035,1000,2284.944825,1.4413303364091359,0.48377300194007905,0
218.358197,1000,2288.547519,1.3192386043103597,0.3421673403503012,0
202.478209,1000,2291.65,1.1229137912504201,0.11304243632973833,0
182.974503,885,2294.031202,-0.31093559460010795,0.0,0
213.48922,1000,2296.705139,1.571775361739655,0.6147298021177005,0
205.151883,1000,2299.802689,1.1037490487210786,0.10379806451382181,0
220.377206,1000,2302.896143,0.943684503949503,0.0,0
220.886402,1000,2305.853743,1.4196280977788998,0.4300565338118239,0
212.648974,1000,2309.291157,0.234351705925325,0.0,0
216.835784,1000,2312.558686,1.7713094243418697,0.7854799762640148,0
210.10902,1000,2315.509467,0.775255275464724,0.0,0
214.587002,1000,2318.963838,0.8312716829398552,0.0,0
211.574385,1000,2322.253534,1.6521687044097044,0.6713500438411765,0
214.114271,1000,2325.146186,0.5981525398083887,0.0,0
216.042174,1000,2328.679338,0.5876902434911113,0.0,0
205.98897,1000,2331.835412,1.6976863615302955,0.7057839037446882,0
193.230872,895,2334.94294,-0.31597048966595054,0.0,0
224.714501,1000,2337.417787,0.2028246730744483,0.0,0
187.967285,890,2339.284461,-0.335398506766173,0.0,0
209.751922,1000,2342.106386,1.3654787918459714,0.33252399894484314,0
209.678172,1000,2344.724788,0.974187318038332,0.0,0
202.940269,1000,2347.280022,0.9376999946956099,0.0,0
217.095253,1000,2350.464403,0.27144933313208924,0.0,0
208.564706,1000,2353.661532,0.5014203434165994,0.0,0
207.848258,1000,2357.466211,0.23552575880709423,0.0,0
201.901337,1000,2360.837831,0.8437965430776593,0.0,0
217.606523,1000,2364.952,1.8021373783599015,0.8595523772917695,0
210.374018,1000,2368.425296,0.7906095502037864,0.0,0
221.764717,1000,2371.536131,1.6957780303953423,0.7151656134222055,0
200.814312,1000,2374.420534,1.3674004994738853,0.274943724598762,0
225.796878,1000,2378.249406,0.09471783581841123,0.0,0
206.156547,1000,2382.072715,0.9851509168861342,0.0,0
222.791868,1000,2386.024498,1.56670860699972,0.6046941876513261,0
212.579109,1000,2389.370923,1.0698412861051618,0.05518478926148639,0
211.307808,1000,2392.628309,0.08677825387162279,0.0,0
204.320362,1000,2395.716494,1.1537339393853863,0.18869842501211218,0
212.42091,1000,2399.382001,0.9145640731217463,0.0,0
225.417472,1000,2402.986638,0.4097893934453912,0.0,0
183.860373,755,2405.33797,0.14914263759948734,0.18884441364545537,0
100.174741,522,2406.928457,-0.184096734885997,0.0,0
195.213755,795,2410.431412,0.34921478258821287,0.3665026530990819,0
149.234561,603,2412.403726,0.1954610574198984,0.19873595413252243,0
207.724427,1000,2416.149498,1.221352671418149,0.21791396593778978,0
181.096885,752,2418.033371,0.3363500452412497,0.3519414764668234,0
99.623346,408,2419.223188,0.20763939182265115,0.21948317463619696,0
193.209905,793,2421.424653,-0.02785397955922194,0.0,0
135.473078,570,2422.784402,0.4814295353621303,0.4759681117462576,0
146.898909,598,2424.287657,0.31813507855072864,0.33216032810728274,0
140.590492,579,2426.20611,0.4483238898883451,0.4513756494085042,0
151.776861,611,2428.158545,0.6201996930844145,0.6077126877469555,0
163.431463,652,2430.006341,0.26039211531343587,0.2965047970929995,0
215.47621,910,2432.780592,0.2676350027433607,0.2746694489190816,0
178.619179,739,2435.690679,0.3821659374018251,0.3875121554731748,0
229.640147,1000,2438.925236,0.28785945318502615,0.0,0
213.377725,1000,2442.290977,1.8205404727259675,0.7555834791645807,0
213.649571,1000,2444.914036,1.0245080677472003,0.018406408619471328,0
201.487232,1000,2448.365381,0.17905756351125687,0.0,0
186.532529,1000,2451.441731,1.2258835075145944,0.2196622382952424,0
184.791398,1000,2455.268007,0.20721625460057647,0.0,0
207.168177,1000,2458.807334,1.0838516958962419,0.1066087194476695,0
177.152974,1000,2462.947129,0.7992370654626965,0.0,0
196.701126,1000,2466.850931,1.0598154739842018,0.06250885092599728,0
197.248123,1000,2470.21046,1.767742794270313,0.7986182961937579,0
193.997558,1000,2474.164687,1.27431374612612,0.2984016916030014,0
225.290273,1000,2477.512788,0.16679699531216743,0.0,0
205.94884,1000,2481.149214,1.0706832014821075,0.071846284767567,0
234.626838,1000,2484.877901,0.7603544417963018,0.0,0
224.483836,1000,2488.131964,0.21585675069962457,0.0,0
211.46733,1000,2491.510093,0.5809512696741793,0.0,0
235.569573,1000,2494.566199,0.7941908210449174,0.0,0
221.923629,1000,2497.912941,1.0906845458711052,0.08219417365559482,0
27.26604,68,2498.068187,-0.17758809836856795,0.0,0
79.763235,278,2499.026437,0.1792271424486252,0.19074851941632037,0
155.45969,587,2501.129129,0.4501011768559846,0.45036192443062206,0
30.070662,59,2501.22882,0.2506754216548169,0.2870025890380537,0
33.371577,56,2501.329747,0.5600654397664573,0.5476818526153441,0
36.338425,55,2501.428759,0.6633042878243157,0.6482337300221163,0
31.888258,58,2501.537935,0.4061852693625122,0.4201992620201856,0
31.658605,60,2501.650091,0.29607953696050865,0.27447628499467486,0
33.821372,55,2501.752722,0.6280590102541272,0.6456164418493251,0
33.110105,62,2501.870213,0.40322370636981486,0.4171519128642319,0
27.568457,59,2501.982318,0.22001425876493177,0.24367569184175814,0
32.854796,55,2502.536984,0.5280730046965033,0.5303728983324999,0
30.338993,56,2502.63705,0.39778368087447546,0.41569574090801664,0
31.053094,60,2502.742437,0.3340638688867402,0.339071737530088,0
33.39151,63,2502.847252,0.2769864722864486,0.2701070875791292,0
34.443967,62,2502.948541,0.30835622500602494,0.3350641453406639,0
33.251614,57,2503.039752,0.46990627608651725,0.4573608332017134,0
29.23966,60,2503.133832,0.28499127857301204,0.29604088818414176,0
33.755178,57,2503.224311,0.534510651420262,0.5487947741168279,0
28.323606,60,2503.759012,0.19287259254679934,0.18255827298004393,0
30.102371,57,2503.857608,0.3262046347629079,0.32899664863357764,0
34.135163,63,2504.010542,0.19677871073041797,0.1550878940007444,0
129.580563,456,2505.498064,0.5838046317781517,0.5857592119227967,0
25.865332,60,2505.605727,0.06567240017364245,0.09360077587730435,0
79.110337,256,2506.051554,0.47518445440006246,0.4769668754088371,0
27.07153,63,2506.172502,0.21015546030562327,0.2319793867196763,0
33.1066,58,2506.709507,0.38231716231829976,0.38008545192528514,0
33.708942,63,2506.813629,0.21260338510424834,0.2641095461490584,0
27.20752,63,2506.924781,0.07636412184556846,0.12791831379993834,0
28.600896,60,2507.031712,0.2297200483965263,0.24222451861276686,0
25.522615,62,2507.204018,0.10864145699069325,0.10551058420692293,0
27.166095,63,2507.409177,0.09608352212281272,0.103251897146389,0
30.439078,63,2507.63059,0.11358613111244749,0.1699575748545034,0
29.29208,58,2507.836713,0.28790748461996246,0.29007614191860337,0
29.158685,56,2508.037916,0.40089700247601767,0.4029351911081852,0
31.319716,58,2508.623463,0.3678230102046535,0.36941085838593163,0
31.498629,59,2508.737404,0.33116729839042,0.32919481884361096,0
28.105913,58,2508.843799,0.35829003629739603,0.357050888656361,0
34.781015,58,2508.998317,0.5375319957537857,0.5444255499679902,0
32.610004,57,2509.180366,0.43381626955464697,0.4429829010961106,0
29.809931,64,2509.394352,0.06905093464687041,0.060050492967040806,0
26.148869,65,2509.624455,0.06816066043612105,0.10609488047804894,0
30.226383,63,2509.847521,0.09954713461514682,0.1312663655746074,0
29.110815,57,2510.476374,0.3458072602217305,0.37427403698676714,0
30.99009,55,2510.572224,0.4645116329058813,0.4699908890758868,0
28.532526,59,2510.708086,0.3252315777833377,0.3417216720992768,0
27.711203,65,2510.853629,0.06051944444094946,0.05503665713056031,0
235.882283,1000,2514.673856,0.5355692692422213,0.0,0
25.202421,64,2514.79298,0.04268851479776347,0.08176196428894034,0
26.675811,60,2514.908306,0.3266820212757542,0.34763839988099493,0
31.355832,59,2515.021043,0.34741343470581393,0.3577092375259497,0
77.810429,261,2515.936351,0.2187632297050013,0.22705631793107667,0
26.606096,64,2516.042606,0.16209054555529903,0.163998928548064,0
33.101841,58,2516.143537,0.46221272662793655,0.46370162861783204,0
32.742586,58,2516.287167,0.5025786458957553,0.5178440881334335,0
34.557507,61,2516.476662,0.40094747603650627,0.4130889059727253,0
29.783355,60,2516.674609,0.2552276031114524,0.2629859975167877,0
76.678252,249,2517.897309,0.41502719562001655,0.4329117144203158,0
79.685872,268,2518.64133,0.34784878643760686,0.3815959208874468,0
33.988639,62,2518.852086,0.38424693578134284,0.40256577163586227,0
32.933391,58,2519.470996,0.4124985273384714,0.4177768068474082,0
27.069417,63,2519.61529,0.2664970774574761,0.2658811331341659,0
227.505198,1000,2522.409363,1.1599732852796576,0.17600707630840612,0
28.523589,61,2522.513446,0.15761715786234895,0.16464080903825262,0
30.426265,63,2522.629896,0.16115495161749577,0.14964412806944846,0
74.168362,265,2523.273504,0.08109781863498641,0.08144586693123072,0
31.957634,54,2523.447062,0.5017578198408629,0.5097359373994644,0
30.187353,63,2524.065762,0.14187941657150419,0.16365440149629115,0
32.436998,60,2524.17965,0.29107732671666664,0.3335181929777937,0
125.227031,450,2525.450535,0.5305024447460478,0.5208293310370143,0
27.597539,64,2525.559659,0.03706060752645231,0.0397567987050049,0
28.40954,68,2525.682997,-0.03993776293593597,0.0,0
212.910127,852,2529.169952,0.3133565056374071,0.30702282967571887,0
71.784307,243,2529.77702,0.10555253619475877,0.12436045851301693,0
27.149415,64,2529.991379,-0.022674705052400355,0.0,0
27.36623,69,2530.238524,-0.24254676341663062,0.0,0
28.35954,66,2530.47414,0.02849311286892562,0.03864569895886281,0
29.461432,55,2530.671094,0.3640878272231947,0.34302623409224475,0
26.398849,64,2531.244034,-0.011404423653121356,0.0,0
31.775322,59,2531.339729,0.28062269193851425,0.32361261006468733,0
30.843832,55,2531.428728,0.43027167263017296,0.4986895190715285,0
32.647504,57,2531.513404,0.3942986153337441,0.4221847311987963,0
237.98302,1000,2534.864649,0.5476927906289174,0.0,0
34.015839,60,2535.017075,0.2685268861851778,0.2877529315895581,0
34.269063,60,2535.168888,0.2967880593242783,0.2943370176306968,0
33.294742,55,2535.311087,0.5247065395036065,0.541866936688085,0
29.427031,55,2535.477817,0.34651707596207,0.35850404940161723,0
31.438837,55,2535.660438,0.4164362740973167,0.456370083705555,0
33.730746,55,2536.275794,0.5685096988338525,0.5596176120033425,0
28.730524,65,2536.385159,0.06816546670152526,0.07876078806104392,0
32.262964,54,2536.479171,0.5329689019125571,0.5734356286770929,0
26.995548,63,2536.580403,0.007992460106909197,0.0,0
32.883914,56,2536.670532,0.4065908915014004,0.4857213145562331,0
32.401747,55,2536.793391,0.49319942480801987,0.4943158758304537,0
35.193197,63,2536.984527,0.27877893797264447,0.28657987694467424,0
32.845999,54,2537.165264,0.5706440347694784,0.5739318817873744,0
28.690238,62,2537.384921,0.09678582560960589,0.12157536326752778,0
34.12766,56,2537.949975,0.5307610236377893,0.5512349793682243,0
28.390051,59,2538.046406,0.16248045390208465,0.2120463967825451,0
30.749304,54,2538.132437,0.4539695605388684,0.43540000391802336,0
28.670848,57,2538.255059,0.28883191006632314,0.28881917059969836,0
30.171929,66,2538.450419,0.020809704849227673,0.05971628269676712,0
28.476778,58,2538.644235,0.3167627208544798,0.3312276064372322,0
30.614428,56,2538.843595,0.38961530204791467,0.4028818341182932,0
228.910461,1000,2542.331766,0.41516221299806266,0.0,0
28.550174,60,2542.536348,0.2207953565616227,0.256921920890419,0
31.229682,55,2542.728244,0.4172299974527135,0.44705431681249447,0
32.20054,56,2543.307189,0.4106750008503021,0.4009151442548513,0
29.72413,57,2543.405973,0.2937663588151369,0.31529282704132766,0
29.305328,57,2543.521303,0.28952764380811846,0.29160926240206186,0
32.283884,56,2543.62409,0.44007839202791166,0.46664828142545617,0
27.315149,60,2543.78012,0.1644456946538227,0.2128754280363738,0
30.872108,57,2543.962241,0.3611927902106686,0.365149988409602,0
28.828679,59,2544.16566,0.11109114873437109,0.18943717911809446,0
236.415536,1000,2547.594531,0.8912992890755941,0.0,0
26.737042,62,2547.718063,0.008345040119968611,0.0647883578910265,0
28.66472,58,2547.832388,0.21541527456006274,0.21416442043415795,0
30.386403,55,2548.369458,0.4132663084479379,0.42743689556749004,0
31.773031,53,2548.456169,0.58993879993023,0.6146608505245807,0
30.216159,53,2548.565911,0.4875799819026936,0.5038908316507548,0
30.16266,54,2548.700903,0.39480767593428856,0.40751187378795006,0
29.66628,54,2548.838,0.46524208988338234,0.4702067425373633,0
30.814747,54,2548.974353,0.4755374692974289,0.4904762847471893,0
31.168435,58,2549.120069,0.31543922164596777,0.30677010901240037,0
30.588728,56,2549.260756,0.32897475300858214,0.34003896934487027,0
31.174953,56,2549.381703,0.42547725519504015,0.4327357616711027,0
29.702039,55,2549.481296,0.3942330990153563,0.3759854372342369,0
29.315653,55,2550.044852,0.37804460875843704,0.3788932162091316,0
29.625859,57,2550.159544,0.3171045177637384,0.32441291450521387,0
32.183054,55,2550.31005,0.5092484615496484,0.5540174073106724,0
31.582118,59,2550.440836,0.2242506457788736,0.21088833080965114,0
30.882196,52,2550.52308,0.5896099987410458,0.6190680843861793,0
30.923135,54,2550.608738,0.48057516889814356,0.5053193932120174,0
30.508987,53,2550.693184,0.4537150328682409,0.46530247975479216,0
26.513152,58,2550.838997,0.15864338718116297,0.16605327124984962,0
31.069949,54,2551.009171,0.4591280161421985,0.528659062427452,0
32.053032,54,2551.579856,0.4926866202808521,0.4948630862377926,0
30.804491,56,2551.672053,0.37918299834167274,0.42563895808372076,0
28.406717,55,2551.76218,0.3512944714922304,0.3701092154063295,0
29.715961,55,2551.86834,0.42638656958816,0.44483576036535566,0
30.252053,54,2551.996846,0.4326082906411356,0.43912860386062263,0
27.81492,60,2552.123828,0.14752313073117737,0.1794332008663248,0
30.38939,60,2552.247392,0.2501786766280628,0.23471361312837982,0
31.16743,54,2552.357493,0.5144791862517487,0.5504088002538563,0
29.180402,55,2552.466562,0.40479107221914823,0.43840832709625965,0
34.099166,58,2553.003561,0.3626218790506845,0.3616135706661017,0
30.178087,54,2553.090489,0.3761659718501716,0.4089381603674853,0
29.692967,54,2553.20672,0.41910778704726237,0.4304939686129988,0
29.032189,57,2553.367977,0.2639545088357328,0.295983732693647,0
31.67266,57,2553.534385,0.38167321066015664,0.3942876689698698,0
30.990945,57,2553.658881,0.3869808051759324,0.41349394419429325,0
31.21146,56,2553.799259,0.38779226062416616,0.3746675963503676,0
31.809079,59,2553.934666,0.27157126506513873,0.24210376189666769,0
30.779795,56,2554.092722,0.380722186742972,0.3988893920386596,0
30.586,54,2554.678173,0.4798293418366281,0.503743125076613,0
32.191099,62,2554.792131,0.28453826945440097,0.31292290681719265,0
29.134272,59,2554.902917,0.18249962052607235,0.19724136168853934,0
29.4059,54,2555.010371,0.35677657461534357,0.3582598951497888,0
28.576527,61,2555.122451,0.07544144967484082,0.07697693259945103,0
30.794741,57,2555.230859,0.35502602902147995,0.3677821821698802,0
29.482108,54,2555.334369,0.3737081121987825,0.3826261099342035,0
31.035806,55,2555.467062,0.4724744848113929,0.4964108476113371,0
29.868265,56,2555.64454,0.30356330234279705,0.29924431201162044,0
29.819532,56,2556.246119,0.3400207031720816,0.35201027875415425,0
29.34076,55,2556.336094,0.3284182403187798,0.350536237898238,0
30.293322,55,2556.438328,0.45319259537403994,0.46416960882187286,0
31.555974,59,2556.572703,0.32990454019071197,0.3805836971663952,0
31.145792,55,2556.714311,0.3853414908694171,0.35588214759117376,0
33.622178,61,2556.903362,0.37679811535706215,0.4255264175216694,0
31.013448,54,2557.082979,0.38040366862963787,0.37407536221746546,0
29.897619,54,2557.273099,0.3886798593044265,0.39897396350544373,0
30.560023,55,2557.469738,0.4509315770434403,0.438529249861844,0
29.30368,55,2558.143291,0.32041286714053246,0.33029546201077287,0
30.946453,60,2558.241625,0.12542555807077188,0.14581809513733313,0
28.554529,55,2558.337011,0.2923590828926041,0.34032456911979786,0
32.114479,60,2558.450806,0.19107786809572386,0.2610430101718489,0
31.599558,57,2558.612062,0.3619287494603259,0.3614635598621503,0
30.308587,56,2558.783361,0.4222288522712863,0.4135534064676672,0
30.688818,57,2558.955876,0.3709605811227927,0.3887949800510716,0
30.514663,54,2559.1194,0.47538877567168386,0.5046739936113274,0
30.361382,56,2559.289086,0.3480389670410937,0.34979084620045914,0
29.80118,58,2559.890213,0.2178308605853658,0.22013474237587294,0
29.153322,54,2559.978476,0.3858023544410547,0.37224859080454675,0
30.177739,55,2560.073525,0.4400085815652156,0.4694506742575851,0
30.811174,55,2560.164724,0.4358630949617557,0.45641564030172893,0
30.045548,57,2560.257956,0.3009857646130385,0.28981426744911926,0
30.54911,54,2560.398602,0.33959538630321084,0.37216285384948633,0
31.247271,55,2560.56947,0.4264965763407603,0.42509728241872635,0
29.672172,55,2560.753743,0.31941134572732033,0.3313725142616123,0
30.724401,60,2560.969976,0.2708340740827691,0.30441298302886943,0
30.119031,55,2561.166989,0.35983528057837205,0.36773215568449236,0
30.44302,55,2561.725761,0.4536554410201035,0.46826957544242,0
31.863148,60,2561.830797,0.3398827391415319,0.3528711205154714,0
29.290287,58,2561.938337,0.21654192451330284,0.2067954066874866,0
30.785442,56,2562.039606,0.33949450704132367,0.3610083984857223,0
30.82576,56,2562.126301,0.3277297351414055,0.339201021744505,0
30.502233,55,2562.246941,0.37926084187971754,0.3745566980088524,0
31.269032,54,2562.409219,0.5227450080548779,0.5467974824755699,0
33.87259,58,2562.602131,0.5202900862196164,0.5253867804258282,0
30.634152,54,2562.787006,0.4689453353589449,0.488296307691143,0
28.676479,54,2563.354952,0.26798471474222146,0.2494150236492296,0
31.74556,55,2563.444992,0.4295975495045208,0.43090293872197,0
28.31875,57,2563.538487,0.21139952080398408,0.20068784182010402,0
28.954518,54,2563.625397,0.345948565423014,0.35295790173647584,0
29.728001,54,2563.724408,0.4343785324037815,0.4442492763139531,0
27.906032,57,2563.830899,0.20457403165160284,0.2233032664862056,0
30.035049,55,2563.936771,0.42357822815017493,0.43946003902594355,0
31.163535,58,2564.048127,0.31812056854209975,0.36226088932499634,0
30.822244,57,2564.157671,0.3764047692214353,0.3569377216074437,0
30.608443,56,2564.716351,0.3931574991988447,0.3887253943039691,0
33.567872,59,2564.828295,0.3222906010389528,0.3735927306514256,0
31.351025,58,2564.933967,0.3294212393151522,0.35461392174357864,0
29.871852,54,2565.029633,0.4858969315520061,0.5076051514315302,0
28.335625,57,2565.115695,0.33710677735702577,0.36781673363519723,0
33.003514,62,2565.210855,0.3353829519563851,0.36006946523509487,0
28.220118,58,2565.300823,0.21284536375548838,0.20986770045177905,0
30.60083,56,2565.442939,0.4013155757052564,0.41974174482670895,0
28.694435,61,2565.633949,0.12482677089311109,0.11909491805451355,0
31.029099,54,2566.230783,0.4260825526104474,0.47027214290145725,0
31.37854,55,2566.376523,0.41010164656650483,0.4356014087751941,0
27.93788,57,2566.558569,0.2065676673396855,0.22227521605930864,0
32.454357,62,2566.767449,0.1556596088047653,0.11623776047551765,0
31.730906,56,2566.968021,0.4664588290821349,0.47054693503821343,0
28.992639,56,2567.170382,0.30968669575412816,0.32108769203679977,0
27.792968,57,2567.37543,0.21492715325418318,0.22570973212660791,0
27.887531,57,2567.580289,0.2272176779712757,0.24747334479886685,0
29.679586,62,2567.804359,0.1585275551917885,0.19235682641386992,0
31.02483,53,2568.385022,0.4642465421079011,0.49212827237159346,0
31.023824,53,2568.474374,0.5275292401647814,0.5470386957569189,0
29.916107,58,2568.576542,0.2738035630087585,0.2826912885015427,0
30.080507,59,2568.667064,0.2556854996728561,0.23324367435879584,0
30.711195,56,2568.754334,0.35947668523252696,0.3679632092686257,0
29.291015,53,2568.840932,0.44436089880776847,0.4295033595090242,0
30.898376,54,2568.938603,0.4399131035772398,0.4123541136666307,0
30.537925,54,2569.039089,0.3710310009422538,0.3938091449815674,0
31.761177,54,2569.143004,0.4591661530906756,0.4461461207357673,0
32.51879,57,2569.693908,0.3727044919443533,0.38163994011959457,0
32.740419,54,2569.787458,0.5080428435290782,0.5289982610728371,0
30.707089,56,2569.882381,0.2999917170034513,0.31930572478442315,0
32.426341,54,2569.979669,0.4683413748700566,0.5019591953029731,0
32.679733,58,2570.087943,0.2861672600344211,0.2775820423328733,0
33.423252,56,2570.19447,0.5296453751118773,0.5417733842701566,0
35.03239,62,2570.313191,0.2897045179413596,0.3048421555438716,0
29.154658,55,2570.415288,0.37944274497495156,0.38649785993760444,0
31.183065,54,2570.519631,0.4603000372101406,0.500158587922656,0
31.619737,54,2571.06593,0.4864051960924064,0.5151259772564846,0
31.241905,56,2571.15908,0.41481352099509905,0.411552259304576,0
31.820426,55,2571.252583,0.4160183195707354,0.383837601846731,0
29.259108,62,2571.345485,0.09159382678881689,0.12646169035434518,0
33.395711,56,2571.433399,0.4396182295417611,0.46849169125171236,0
32.229449,52,2571.523826,0.5918512231539457,0.6259236186045606,0
32.418322,54,2571.666836,0.4987189644335226,0.519375147171282,0
31.455314,53,2571.829954,0.5039789946136493,0.5290479906208297,0
33.48268,53,2572.00447,0.6312322137084859,0.6251981315085525,0
31.206849,54,2572.65199,0.4515073690717293,0.45869199004524003,0
31.067,54,2572.739603,0.42532987655568383,0.42555290546055413,0
32.313626,57,2572.837499,0.30879515786278666,0.3573531655904027,0
31.344278,53,2572.93475,0.49250221747558676,0.5057228730305953,0
34.471065,57,2573.061832,0.45254422581925646,0.468539416730777,0
34.113032,60,2573.219445,0.23849448115070584,0.2561429418400855,0
33.164946,52,2573.379966,0.6190720181341909,0.6196742493644115,0
31.633083,54,2573.559616,0.5302704880116436,0.537888793691617,0
30.85933,53,2573.73837,0.47805490939330614,0.5164111224773761,0
32.78419,55,2573.923022,0.5248436182656007,0.5581756629073109,0
29.906683,53,2574.53844,0.4558320098816744,0.4800994155711699,0
32.697521,55,2574.634272,0.4617139052299105,0.4579396017057173,0
31.899538,54,2574.737333,0.571225230106616,0.5714721921215244,0
34.359492,57,2574.857209,0.4029886828288231,0.4599008340365228,0
32.904079,54,2575.013884,0.5107978308110767,0.522337371351269,0
33.617405,58,2575.202292,0.35056501793069206,0.3841181169418916,0
33.33409,53,2575.378755,0.5965683500391661,0.6264942896754162,0
31.60425,55,2575.566095,0.40075136850129484,0.3693339552158852,0
33.342622,53,2575.754518,0.6110911626661356,0.6382182845988515,0
31.050224,57,2576.406265,0.3446353259978734,0.36538537601192134,0
32.159819,55,2576.512601,0.4689899479745437,0.47331953690770406,0
30.594005,57,2576.624511,0.3221516952623833,0.32990570480745546,0
29.869889,54,2576.729116,0.38667720956221086,0.39732599554303155,0
30.178075,56,2576.882095,0.2493047226403915,0.293275017189502,0
29.657097,57,2577.065115,0.25184244766470376,0.25441678029811715,0
30.088039,53,2577.24207,0.4851547151098073,0.5092936116503601,0
31.763333,53,2577.429577,0.5411515871432268,0.5606500822068936,0
32.991883,59,2577.640697,0.2992132618718303,0.33363433105530377,0
31.301705,53,2578.271404,0.544198297680856,0.5451332858945882,0
31.180559,54,2578.364779,0.4369789698418334,0.4638918752224482,0
29.83629,54,2578.467345,0.3944673735692431,0.39483875960822873,0
31.510906,52,2578.561118,0.6723154486092537,0.6928059020172214,0
29.622934,52,2578.638131,0.4770548241460057,0.4744206050955344,0
32.85835,58,2578.724505,0.44204216154624965,0.4723776918262735,0
31.642223,54,2578.809114,0.5393500548509995,0.5490659659808541,0
34.732462,60,2578.911729,0.39764377178090865,0.4100405304582584,0
30.617595,54,2579.051222,0.42235027609106635,0.44787916402238787,0
33.09045,56,2579.226192,0.3521978998307697,0.37122091600954493,0
30.263703,52,2579.775471,0.595326255369273,0.6044256970531057,0
30.696573,53,2579.862604,0.5321712165984392,0.50050331476613,0
31.924403,55,2579.953936,0.49581076928004575,0.5122997396711562,0
33.198344,55,2580.042912,0.6187405434833542,0.6702527201111974,0
36.734222,58,2580.16121,0.6580409230407288,0.715152451736077,0
28.857726,58,2580.334723,0.3108183432121805,0.32256297202794315,0
30.058499,55,2580.521045,0.43895994795416243,0.4615661711568192,0
32.472347,53,2580.712823,0.7397286124128863,0.7365441798969019,0
29.464719,52,2580.90105,0.5667664675993874,0.5708996193204274,0
32.250123,56,2581.509337,0.42628518516966546,0.4612933974819367,0
34.590194,58,2581.618976,0.48932015272924484,0.4599300207215504,0
31.378819,59,2581.733057,0.388215749459453,0.3904475192428031,0
33.357057,57,2581.862291,0.51659347200994,0.4847782523488872,0
31.964842,56,2582.028083,0.46600730287583925,0.42269631815127867,0
32.959114,59,2582.224981,0.3771900719031349,0.37670385021902625,0
30.956619,54,2582.419467,0.5322891726118564,0.6040155266551714,0
33.758211,57,2582.624307,0.47243695063863855,0.48953753257127663,0
33.773244,55,2582.822914,0.6128662815969026,0.655834133324094,0
31.429117,56,2583.440046,0.32469471571816394,0.34743745833195194,0
31.660923,54,2583.535544,0.49142382439483817,0.4782439458932782,0
31.034675,55,2583.638936,0.5059463766467399,0.5260833361041732,0
30.516867,52,2583.740777,0.6010172875582277,0.6147840344680304,0
30.429671,52,2583.872108,0.5519994022742923,0.5598151218948595,0
31.625956,51,2583.991122,0.7996808786954145,0.8226241881453538,0
31.049739,52,2584.148931,0.7169505024206262,0.7447514921860439,0
32.303938,52,2584.324485,0.7215160324482437,0.7474057199014987,0
31.311535,54,2584.518668,0.5889098298535888,0.5848525090320482,0
31.851567,53,2584.70934,0.6797113315308824,0.6834677252594132,0
31.412476,52,2585.296982,0.6954778964000529,0.7259517128032172,0
34.622262,58,2585.394211,0.4438502741527679,0.5138061301973617,0
33.961521,57,2585.491398,0.4449538892528173,0.49367222212558587,0
30.094685,55,2585.634812,0.43424668519514403,0.4373116589948041,0
30.969555,52,2585.796315,0.6518242957241548,0.655793245002214,0
31.622741,53,2585.97545,0.6867360950856334,0.7143199203339506,0
33.049996,53,2586.164548,0.7259565231971765,0.7299116322178141,0
32.637957,59,2586.376649,0.3303464188420637,0.3901896253907375,0
30.608703,51,2586.559907,0.6978777386302158,0.7093972873346878,0
31.430852,54,2587.174178,0.4855794510910061,0.47338513400079363,0
33.061359,57,2587.265234,0.39407354852875137,0.4295504602650597,0
35.321092,58,2587.36235,0.5534851416220997,0.5691845909174739,0
29.898453,52,2587.447267,0.6098138548444816,0.6157438431200276,0
34.872158,56,2587.591451,0.5878601021837963,0.6435810334570611,0
33.043763,54,2587.756461,0.6883356411353824,0.6851499969461579,0
30.131625,52,2587.926928,0.5567020993602417,0.5808664613193761,0
30.930916,52,2588.103738,0.6384408700807547,0.656148316706441,0
30.883747,52,2588.291269,0.6098048896543281,0.6352698635656077,0
31.262537,53,2588.482701,0.6491305028657021,0.6301278700722031,0
33.371686,55,2589.047397,0.5711209092398919,0.6040277863015685,0
34.673956,56,2589.140339,0.6273277837464549,0.6469644558128087,0
33.56878,58,2589.245823,0.4996703591526934,0.5343147745219782,0
29.726563,50,2589.350017,0.6503399511315376,0.6302089489930296,0
34.681817,55,2589.507722,0.7325775345589846,0.7628872614509138,0
31.114933,51,2589.674706,0.7765062814289978,0.8067925803805116,0
33.626099,58,2589.835801,0.36556675226821556,0.43543802663519354,0
34.177057,61,2590.012891,0.3636669901631711,0.36987584969131815,0
36.869182,59,2590.214412,0.5407947699515026,0.5555141276820598,0
31.937277,54,2590.786471,0.5754674780807855,0.5681771192381285,0
30.753627,53,2590.87687,0.5008235559371164,0.49312373681088023,0
29.487812,52,2590.972335,0.5091020451091409,0.5050238000008005,0
31.38233,54,2591.074953,0.5872031518619109,0.5979353905779361,0
33.652407,59,2591.188347,0.3236567630026217,0.386999655465277,0
33.874226,56,2591.296002,0.5848464201485128,0.5927404380270587,0
30.964376,52,2591.412158,0.613940570966485,0.6553912531724776,0
31.347754,53,2591.573126,0.5970876689032886,0.5972199526003261,0
31.380273,52,2591.745786,0.647280890705174,0.6574925888416616,0
34.291537,58,2592.390187,0.4892894371622668,0.49420966493332397,0
31.84055,55,2592.479256,0.5518893243430044,0.5609666273433662,0
30.844746,54,2592.571217,0.48469585444026064,0.5360163139273078,0
32.399821,55,2592.665562,0.5311552536614599,0.48518984882311283,0
31.631714,54,2592.801159,0.5757401772126831,0.5883648598142626,0
33.081655,54,2592.970923,0.671326458334675,0.6902510058621639,0
36.458828,55,2593.155052,0.7368104403863923,0.7522239751850004,0
31.739009,54,2593.346099,0.6208891594924733,0.6418893973553346,0
30.557026,51,2593.528463,0.6311076825734333,0.6278994078025625,0
32.164704,54,2593.72173,0.6002131994163643,0.6212648993477249,0
31.230651,54,2594.299134,0.6091232710607956,0.6463008196337529,0
33.085538,54,2594.396713,0.7045232131009991,0.7249308679799116,0
31.366528,53,2594.523838,0.5698080794335585,0.5869350901958826,0
33.725,53,2594.683595,0.7858374365549282,0.8207103972145373,0
30.509,56,2594.863344,0.34582295728914125,0.377117526990214,0
32.313646,53,2595.041709,0.6414998032242609,0.6691705117512046,0
31.604884,54,2595.201071,0.6461684227498531,0.6651283769175633,0
31.958276,55,2595.340626,0.6094164848814567,0.6027054478685709,0
33.719674,54,2595.477113,0.7031421910164625,0.7395044830136995,0
35.341553,57,2596.063031,0.579614989728167,0.5843761506735263,0
33.084524,54,2596.15853,0.6701882570541603,0.7057303638492879,0
34.297233,53,2596.257999,0.814490245569547,0.8667402209276144,0
35.358627,55,2596.383064,0.7842612585530083,0.8307825512795798,0
34.665942,55,2596.488787,0.7370668643589953,0.7827025624649931,0
31.515443,53,2596.60852,0.5902237241934603,0.5895390405316352,0
31.944319,53,2596.770626,0.6811366868834602,0.7020506722506648,0
30.442165,51,2596.942807,0.6759704774511979,0.6773449010159689,0
30.070265,52,2597.129355,0.5994984043084658,0.6221448028127947,0
32.28734,54,2597.312674,0.6267417221166549,0.6233924402293184,0
34.693752,55,2597.880036,0.6869563037443689,0.6977101532944436,0
33.395064,56,2597.977278,0.4916249336879552,0.5113388340254184,0
30.42589,54,2598.084431,0.4524246709046179,0.4658292656350067,0
31.822802,51,2598.221307,0.722772035169175,0.7477170888160638,0
31.677959,52,2598.392297,0.6101400577985735,0.6035383609613335,0
32.501228,54,2598.589446,0.6089497919840666,0.6344690348843893,0
34.721064,58,2598.800319,0.4083613845709811,0.4263163468556428,0
33.624755,56,2599.002937,0.48696338719885235,0.528637005348978,0
31.131086,51,2599.188381,0.7155652659880823,0.7407011331605245,0
32.415164,56,2599.839505,0.4497908308497834,0.49817662919734806,0
32.277861,55,2599.931445,0.49759191564566774,0.5096841580106182,0
35.029669,55,2600.052578,0.7596516701929286,0.7662545982248211,0
33.579946,60,2600.204831,0.3552725953678787,0.3485434016332454,0
31.972164,55,2600.347564,0.48281596187227327,0.48406745839327253,0
32.998499,53,2600.462853,0.6433300409141317,0.6820058058093383,0
31.31691,52,2600.578995,0.6047602115861248,0.6120743819402074,0
33.625249,54,2600.749426,0.5994230291283892,0.6022362844999726,0
32.101409,54,2600.942257,0.543498254993186,0.5583782840107537,0
32.15783,51,2601.632689,0.7279717047999414,0.7366689458269445,0
31.225867,54,2601.733605,0.5172295995814258,0.5241378729181467,0
29.970385,51,2601.832059,0.6406330266507868,0.6506967618433422,0
31.655806,51,2601.929265,0.6953338447727191,0.7329952361304036,0
32.315828,54,2602.028023,0.5785123043198624,0.5685964843367101,0
32.033024,54,2602.127853,0.5345375897253667,0.5620312878662274,0
30.691169,53,2602.228757,0.5514564468750944,0.5641106666818835,0
32.287032,55,2602.333655,0.5154923157589368,0.5264956436192957,0
31.042129,51,2602.431356,0.6834113335478423,0.6586338967505002,0
32.574316,52,2602.533703,0.7186938803581783,0.7315093390132392,0
34.47869,54,2603.125976,0.724735475990586,0.7564416189115531,0
29.748903,52,2603.212858,0.4960481534154108,0.4996443563799115,0
30.627103,52,2603.305544,0.6538829589112645,0.6719470937022841,0
31.350437,51,2603.400529,0.6966400149174353,0.6961565217248102,0
31.585073,51,2603.498812,0.7423339943524825,0.7521767338167807,0
30.3601,51,2603.597171,0.5822697121800264,0.5918851770573538,0
31.522106,51,2603.695671,0.6763808090999112,0.6792377664214954,0
30.530081,51,2603.794298,0.624200112604061,0.6261753670940079,0
32.172763,51,2603.892848,0.7646688517126679,0.7834815291714728,0
31.151035,50,2603.989595,0.7516484941733141,0.793195693642082,0
30.676858,50,2604.534226,0.6787089411198259,0.6976850627631986,0
32.276272,56,2604.627985,0.7390972089292998,0.752009380328712,0
31.370175,54,2604.720587,0.7720696377999561,0.8395751675303038,0
31.795563,54,2604.808138,0.6946852377958106,0.7044015340328794,0
31.301201,55,2604.94718,0.5881661887037369,0.6020566560686047,0
34.22756,55,2605.123935,0.8671495269968581,0.875650442159764,0
30.460483,53,2605.309638,0.7006853808440608,0.7091779025998883,0
32.467574,54,2605.505663,0.7306293377341107,0.739034001842475,0
32.220408,52,2605.693103,0.815640240573628,0.8314281050419108,0
31.106376,55,2605.89163,0.6309673605223693,0.6625073595001401,0
31.275497,54,2606.521202,0.6441154435441288,0.6495062694075985,0
32.070663,57,2606.635109,0.6698002739682387,0.7146984862027971,0
30.996757,57,2606.7687,0.6832258878253195,0.6782785876123338,0
31.157428,62,2606.955206,0.34279957687180496,0.34309609423399723,0
30.782126,56,2607.149981,0.5746439259554112,0.5734646666579597,0
31.486346,57,2607.356632,0.6463188560331922,0.6775033157851822,0
31.99855,57,2607.562443,0.639140113991618,0.6317717626601896,0
30.845935,54,2607.757705,0.6721292141772772,0.680844201918727,0
33.682827,62,2607.981694,0.48897409943554243,0.47697577011510217,0
31.591541,55,2608.573451,0.6309357172631849,0.6221308126460457,0
31.560283,54,2608.667055,0.7591995809429015,0.7662975650370026,0
33.926419,65,2608.796219,0.3252128740874173,0.3262944304586531,0
32.470003,57,2608.943566,0.6999188769254582,0.7144225157783498,0
27.977538,59,2609.101051,0.3983646774492803,0.39315175703843397,0
31.604164,56,2609.281645,0.5765550665404819,0.5909520970797442,0
30.494009,55,2609.483139,0.6106495822614503,0.6371123592306654,0
29.299242,58,2609.699559,0.4457300961179867,0.46284825644583105,0
32.967821,61,2610.387109,0.4673863689236015,0.45493321459885055,0
32.932885,56,2610.514221,0.6660734990526914,0.6875752952796842,0
34.203131,56,2610.622185,0.7018746464943277,0.7312391874007218,0
33.306798,62,2610.736719,0.404950189822525,0.4511655050905861,0
32.393964,53,2610.847631,0.7912672600037258,0.8068090626280426,0
29.602927,56,2611.014041,0.5795946191409368,0.5867167107527606,0
28.071106,57,2611.208153,0.40490031162902795,0.4204006743312854,0
30.290225,53,2611.398881,0.7280195352144653,0.7253622538360643,0
31.85813,56,2611.601526,0.6226512743191852,0.617010993998118,0
34.269695,62,2612.311965,0.4293667117167249,0.4949060519213419,0
29.188516,65,2612.428377,0.29481355598990455,0.32156669429867635,0
28.904498,59,2612.539957,0.5788737205775059,0.6145495923175414,0
29.39134,57,2612.638933,0.5646397468201884,0.567449492766101,0
0.0,13,2612.662254,-0.2509657217787553,0.0,0
0.000329,13,2612.692925,-0.28853153809708854,0.0,0
29.968863,57,2612.850505,0.6247412984414951,0.6334520026671849,0
29.281119,59,2613.044544,0.5107640148608166,0.5202587843564476,0
27.965335,62,2613.257223,0.3996622959259484,0.40541096639780205,0
28.079878,61,2613.477753,0.4538492762915932,0.4659323837655484,0
31.178656,56,2613.681004,0.6679644981758412,0.6852012785016036,0
29.200109,69,2614.268796,0.45037007014149505,0.47393024238439235,0
26.930533,66,2614.390735,0.24594014023606658,0.2593615030472023,0
0.002696,12,2614.412239,-0.2707399493963856,0.0,0
32.746404,55,2614.537695,0.6966439720873733,0.7001100400347987,0
28.305993,63,2614.678661,0.3465427646491625,0.35776134240307916,0
0.003103,13,2614.715532,-0.2473229602951823,0.0,0
27.035734,66,2614.919668,0.20062771800893497,0.20861924025063822,0
33.629588,66,2615.141298,0.49796523880790866,0.48895464060038657,0
27.820318,57,2615.348147,0.5984900078242805,0.6165794575506953,0
28.075157,65,2616.020346,0.22493734854347383,0.24354340008664915,0
28.727153,61,2616.133045,0.4998610133068147,0.4962263053891567,0
28.994675,64,2616.248614,0.276163942268001,0.31246846904171105,0
28.360584,63,2616.361581,0.33373957774895163,0.38533430751649284,0
27.023691,66,2616.486877,0.20324419898549545,0.24690915277880746,0
28.590406,63,2616.608053,0.3435904735846661,0.35074488518676156,0
28.255486,58,2616.719615,0.3731891848512181,0.4127446625032835,0
233.35658,1000,2619.819657,0.6290314068695022,0.0,0
0.003564,12,2619.842869,-0.3025948103847314,0.0,0
29.881245,65,2619.963023,0.3782123345029556,0.36559353825510793,0
0.0,13,2619.991081,-0.3261459815578318,0.0,0
35.884185,65,2620.579178,0.7431953615042841,0.7703090953073743,0
0.0,11,2620.596178,-0.6632160439357788,0.0,0
0.0,11,2620.613955,-0.9477475912770386,0.0,0
0.0,11,2620.630729,-0.80174064944779,0.0,0
0.0,10,2620.646026,-0.9048315167784909,0.0,0
0.0,11,2620.663506,-0.8507828259807164,0.0,0
0.0,11,2620.681631,-0.8126112381191936,0.0,0
0.000559,11,2620.699531,-0.88730802617467,0.0,0
0.00076,12,2620.719534,-0.575718323253115,0.0,0
0.0,11,2620.737951,-0.6672116291333168,0.0,0
0.0,10,2620.754967,-0.9116561772985373,0.0,0
0.0,10,2620.771358,-0.9542979660819038,0.0,0
0.002441,10,2620.787335,-0.9131691779008984,0.0,0
0.000461,12,2620.807178,-0.6406401771371601,0.0,0
0.0,11,2620.82651,-0.7850950426239407,0.0,0
0.004411,11,2620.849064,-0.8474818338254699,0.0,0
0.003377,11,2620.876019,-0.851757678375707,0.0,0
0.0,10,2620.902027,-0.8877504742536206,0.0,0
0.001054,11,2620.931746,-0.8768415855456657,0.0,0
0.001923,10,2620.960251,-0.9228795061621974,0.0,0
0.0,10,2620.989709,-0.9349809298386008,0.0,0
7.5e-05,10,2621.020303,-0.9321021733194406,0.0,0
0.003606,11,2621.054872,-0.8815964093059103,0.0,0
0.0,11,2621.090337,-0.7514309308675146,0.0,0
0.004383,10,2621.123747,-0.8950716778133155,0.0,0
0.004296,11,2621.160688,-0.711786797049362,0.0,0
0.0,10,2621.194359,-0.9416167208473786,0.0,0
0.0,11,2621.231659,-0.831460349306241,0.0,0
0.0,10,2621.267378,-0.9114293097617525,0.0,0
0.0,11,2621.307036,-0.8553438838301859,0.0,0
0.0,11,2621.346603,-0.7030114473753641,0.0,0
0.0,13,2621.393482,-0.39460683160210197,0.0,0
0.002962,11,2621.433402,-0.863973432418076,0.0,0
0.000434,10,2621.469548,-0.8785586993873089,0.0,0
0.0,11,2621.502988,-0.8968968926010158,0.0,0
0.000332,10,2621.530887,-1.0063974345095268,0.0,0
0.0,10,2621.560537,-0.9524015597570247,0.0,0
0.003524,11,2621.594903,-0.7450909927275433,0.0,0
0.003335,10,2621.626693,-0.8951970354092259,0.0,0
0.0,11,2621.663202,-0.9447888067630932,0.0,0
0.0,10,2621.697094,-0.940190688044122,0.0,0
0.002412,11,2621.73377,-0.6993314772131178,0.0,0
0.0,10,2621.767551,-0.9264095058906723,0.0,0
0.0,11,2621.80466,-0.8273286772274594,0.0,0
0.0,10,2621.838412,-0.8949765471953315,0.0,0
0.002472,11,2621.875515,-0.8748553367741053,0.0,0
0.004407,11,2621.912485,-0.7160785080130204,0.0,0
0.001587,11,2621.949441,-0.8525347721292043,0.0,0
0.000773,10,2622.418974,-0.9548732176458465,0.0,0
0.0,10,2622.43716,-0.8408148138349645,0.0,0
0.004008,11,2622.454296,-0.8021608045735967,0.0,0
0.001111,11,2622.471433,-0.7677879720758243,0.0,0
0.0,11,2622.488968,-0.7660014243059735,0.0,0
0.0,12,2622.508465,-0.5670908436542476,0.0,0
0.0,10,2622.525749,-0.8573207028473204,0.0,0
0.0,10,2622.545505,-0.9017992305055221,0.0,0
0.000219,11,2622.569101,-0.7251896279637247,0.0,0
0.0,10,2622.593774,-0.9462887827352647,0.0,0
2.5e-05,11,2622.621624,-0.8568304373461254,0.0,0
0.004959,12,2622.65195,-0.54228627011331,0.0,0
0.00277,11,2622.679749,-0.7274564796238681,0.0,0
0.0,11,2622.707604,-0.8867204747339711,0.0,0
0.0,11,2622.734762,-0.940161510696634,0.0,0
0.0,11,2622.762162,-0.7774242465646667,0.0,0
0.0,12,2622.792621,-0.5364449920598359,0.0,0
0.0,10,2622.817847,-0.9088778444336197,0.0,0
0.0,10,2622.842562,-0.844188005704148,0.0,0
0.0,11,2622.8703,-0.7852624971322997,0.0,0
0.0,10,2622.895378,-0.9170282510811283,0.0,0
0.000303,11,2622.923203,-0.7266290969241394,0.0,0
0.002751,11,2622.950951,-0.7547492607690951,0.0,0
0.000124,11,2622.978636,-0.7793937814826585,0.0,0
0.001459,10,2623.003771,-0.9252023237054531,0.0,0
0.0,10,2623.029124,-0.9332779017220324,0.0,0
0.0,10,2623.054368,-0.9622651621385213,0.0,0
0.0,10,2623.079585,-1.0049787216489987,0.0,0
0.000575,11,2623.10729,-0.9484494471622078,0.0,0
0.0,10,2623.13238,-0.8681660352966871,0.0,0
0.003307,11,2623.160084,-0.6653515094135363,0.0,0
0.004917,11,2623.187694,-0.7637920711120042,0.0,0
0.0,10,2623.212774,-0.8838486853708885,0.0,0
0.0,11,2623.24052,-0.7194603577703587,0.0,0
0.004965,11,2623.268506,-0.6491318726190244,0.0,0
0.00302,11,2623.296182,-0.678109404091073,0.0,0
0.000727,11,2623.32385,-0.9221480915312182,0.0,0
0.000774,10,2623.349028,-0.9199462833367251,0.0,0
0.002832,11,2623.376842,-0.6469508789312792,0.0,0
0.000461,10,2623.401841,-0.9482541761177257,0.0,0
0.017572,11,2623.429604,-0.8411006993054997,0.0,0
0.003769,10,2623.454717,-0.8684009936932924,0.0,0
0.000174,12,2623.484932,-0.5789723668768573,0.0,0
0.0,11,2623.512518,-0.8708847158984616,0.0,0
0.0,11,2623.540269,-0.6534166892760803,0.0,0
0.001266,10,2623.565127,-0.8886512713286845,0.0,0
0.001332,11,2623.593023,-0.8030617428524987,0.0,0
0.0,11,2624.080184,-0.9007168662697463,0.0,0
0.0,12,2624.09993,-0.5799968036711243,0.0,0
0.0,11,2624.11837,-0.7323248624018879,0.0,0
0.0,11,2624.136503,-0.6930071915836673,0.0,0
30.123007,71,2624.256674,0.8399628154135479,0.8618464325241058,0
0.0,11,2624.276033,-0.6663707998398163,0.0,0
0.003983,12,2624.297479,-0.5276746918999151,0.0,0
25.924074,71,2624.427786,0.9130412335805825,0.9914213549257732,0
23.922122,68,2624.61933,0.830798030155184,0.9333137979316704,0
0.003017,13,2624.660439,-0.39411588595341823,0.0,0
22.431042,70,2624.89226,1.075599614388793,1.0128168667741577,0
0.001328,11,2624.92925,-0.7512930710340344,0.0,0
19.383119,72,2625.183783,1.0180584231620402,0.9783144056145245,0
0.0,11,2625.223454,-0.8295954932020662,0.0,0
26.660152,69,2625.94002,1.089863627472898,1.1651127009828777,0
0.0,12,2625.960338,-0.552540388610474,0.0,0
0.001382,12,2625.979665,-0.5641569321638242,0.0,0
0.0002,11,2625.998029,-0.6556480814024626,0.0,0
0.0,12,2626.017876,-0.4991110126829677,0.0,0
0.000912,11,2626.035879,-0.7003761327919903,0.0,0
0.002511,11,2626.054251,-0.6927977394149744,0.0,0
0.003104,12,2626.075284,-0.5474999345742133,0.0,0
0.0,12,2626.095873,-0.5051231565339631,0.0,0
22.077937,70,2626.214251,0.910893542008102,0.9612737203909569,0
21.13369,68,2626.395967,0.7847531858545723,0.9171344888543764,0
0.0,12,2626.433901,-0.5753607625495321,0.0,0
18.67968,70,2626.674057,0.8901214244139577,0.9796624683598176,0
0.0,11,2626.713312,-0.7547090189818082,0.0,0
0.00413,11,2626.753533,-0.723056040971587,0.0,0
0.015081,13,2626.799224,-0.44456088301714825,0.0,0
23.090356,68,2627.043277,0.9781991558737333,1.0478951323907617,0
0.0,11,2627.0824,-0.7489429820863057,0.0,0
0.000209,12,2627.125567,-0.5784313144417905,0.0,0
23.766319,70,2627.375816,1.0075383979099084,1.0538190665632072,0
0.0,12,2627.876086,-0.49888485977271835,0.0,0
26.762139,80,2628.017935,0.44184877310583015,0.43723010380100746,0
26.946154,77,2628.137293,0.4903021166320435,0.48878983973914797,0
24.163947,75,2628.259799,0.34112543332109446,0.40072685255738655,0
26.516345,81,2628.47623,0.2943787104094571,0.30856153717980533,0
27.325275,182,2629.10527,-0.2307736349881464,0.0,0
23.604725,170,2629.894883,-0.3099839378858218,0.0,0
28.295067,80,2630.081299,0.5383069622436738,0.5216501960060983,0
0.002938,11,2630.11467,-0.7060138772252401,0.0,0
0.0,13,2630.15552,-0.41479269414146885,0.0,0
69.777436,355,2631.700066,-0.46441223691117733,0.0,0
27.882813,80,2631.873459,0.5018815083934333,0.504630053165798,0
28.50726,78,2632.084367,0.5629358653708383,0.5808440411082395,0
22.636722,158,2632.637092,-0.2631148922531182,0.0,0
0.0,12,2632.680476,-0.508272014935787,0.0,0
216.631371,1000,2636.467165,1.8580052632831838,0.7744041420282555,0
0.0,13,2636.515262,-0.32074449031932284,0.0,0
0.001062,12,2636.558459,-0.596548786413754,0.0,0
231.583979,1000,2640.000409,0.252716676819879,0.0,0
20.989074,168,2640.964094,-0.18355621562308488,0.0,0
0.0,12,2640.985369,-0.6674889880670339,0.0,0
0.0,11,2641.004774,-0.7658320376515826,0.0,0
25.618937,181,2641.398816,-0.44001680252576236,0.0,0
0.000131,13,2641.440453,-0.4350001627553894,0.0,0
0.0,12,2641.48067,-0.6277235023031267,0.0,0
24.203582,175,2642.092896,-0.5006448516037564,0.0,0
25.759623,80,2642.744837,0.5256400979351061,0.5484029217406002,0
28.156648,86,2642.93436,0.6299680916812425,0.6391723906692413,0
26.466658,178,2643.459187,-0.5982768716492601,0.0,0
26.147083,74,2643.70423,0.9653999581701862,0.9728002335659992,0
9.5e-05,12,2643.745284,-0.6261561196511507,0.0,0
26.385182,160,2644.591578,-0.9488670846101334,0.0,0
27.738911,95,2644.754367,0.24589469532874536,0.2693733556035536,0
27.772288,88,2644.908582,0.5461817069453099,0.5824387286562862,0
97.908087,497,2646.543792,-0.34162004907545646,0.0,0
0.000989,12,2646.565381,-0.635657561275976,0.0,0
24.577445,178,2646.849063,-0.5454206662719622,0.0,0
25.719931,174,2647.599718,-0.623441437780185,0.0,0
21.021608,178,2647.988562,-0.23538974183621297,0.0,0
0.004622,12,2648.024323,-0.6212208553802063,0.0,0
28.804287,85,2648.30462,0.6391950551499634,0.6437942065955619,0
26.973935,86,2648.608692,0.46484003253677325,0.5345320530746985,0
66.852792,337,2649.743394,-0.8896337995578167,0.0,0
26.042875,99,2650.032083,0.07535409032559422,0.13489805578986222,0
27.280164,93,2650.403763,0.24677578953280135,0.25157402470673607,0
74.297394,376,2651.871776,-0.5722488556026861,0.0,0
155.257373,633,2654.069112,0.6393196473026428,0.6876453593936966,0
73.419479,379,2655.637668,-0.5822527266749145,0.0,0
237.06157,1000,2659.08041,0.2953341501965519,0.0,0
151.058896,603,2660.966295,0.5531829702095267,0.5638154642063925,0
209.244695,1000,2664.671089,1.1641175022445296,0.1618555198946846,0
26.04707,180,2665.822682,-0.5106227395521619,0.0,0
18.232168,172,2666.119807,-0.5753420892020583,0.0,0
18.536788,182,2666.475277,-0.29020485032648063,0.0,0
22.235275,181,2667.27333,-0.4311818590512025,0.0,0
19.225058,175,2667.60999,-0.39497390369900587,0.0,0
19.645732,180,2668.212841,-0.27878075343254966,0.0,0
98.737979,555,2670.417967,-0.12514609881496638,0.0,0
88.757374,534,2672.102635,-0.13565739125651718,0.0,0
191.3828,1000,2675.641598,1.180606584982287,0.15806528280169835,0
200.434079,1000,2678.950148,0.20748388133582943,0.0,0
193.608744,1000,2682.432104,1.3660685957126464,0.3653506036082097,0
197.341812,1000,2685.955876,1.7152651470640812,0.7093079283411692,0
202.615166,1000,2689.024592,0.5980308006082357,0.0,0
196.042374,1000,2692.665737,0.8831644701454379,0.0,0
27.357781,76,2692.92036,0.5118355683122869,0.5457067193942727,0
28.529309,76,2693.192142,0.6214125354880785,0.6074435233382419,0
24.972597,74,2693.894,0.5284910552308041,0.5439011229576572,0
207.516128,1000,2697.123197,1.6187187466246902,0.6531767277875211,0
23.688456,72,2697.701454,0.39166716670053464,0.4072482203029174,0
24.930727,70,2697.817676,0.39949393356686336,0.35859478506902104,0
27.71549,66,2697.930985,0.6633406990929973,0.6748278342405225,0
23.633771,71,2698.132436,0.2049233115091656,0.20708903727779188,0
25.40237,66,2698.352385,0.38410160074398036,0.3950825988904252,0
26.163845,70,2698.597464,0.41691443682744544,0.44458783859315126,0
23.735382,69,2698.804228,0.12465045534659928,0.1835082726526614,0
30.010242,68,2699.425577,0.6629963566560986,0.6417085015944324,0
209.411783,1000,2702.955933,1.7170809722897182,0.7068332357755839,0
199.750062,1000,2706.080575,1.3246621425717227,0.30344370159947,0
23.421273,62,2706.689761,0.7967528250561803,0.822246123990409,0
26.648404,73,2706.807656,0.334453098192917,0.3281571859577085,0
25.955967,63,2706.923831,0.9444275356302275,1.0422255519496506,0
23.519864,63,2707.104542,0.7390254350596277,0.7403625104632039,0
26.539791,62,2707.311117,1.3436139311691933,1.4404471177056184,0
25.245041,61,2707.528798,1.2006535171956116,1.2985407402366231,0
23.75608,63,2707.756317,0.8463802070052396,0.8707242958213263,0
211.126858,1000,2710.823789,1.2564516323392665,0.27292493426684233,0
27.336827,63,2711.022155,1.5588634399852956,1.5672924368272325,0
22.57998,63,2711.655895,0.9392589615326553,0.9389034134533654,0
25.93358,61,2711.753394,1.3308818577332526,1.3593364629208597,0
22.764373,63,2711.853283,1.5480294455933188,1.5668765293695153,0
24.579382,64,2711.950642,0.6288594808690743,0.635364193130635,0
23.251395,62,2712.045722,1.440948640676239,1.5813816420511821,0
23.938096,62,2712.160634,1.4846465505477884,1.513853108182475,0
21.314386,64,2712.346622,0.7058850239329054,0.7544346545358394,0
23.759297,63,2712.557034,0.8569626370535267,0.8582138403855848,0
24.988396,63,2713.219952,1.4831123926169245,1.5413769374094821,0
24.998966,63,2713.319796,1.479589986158022,1.5353068020513887,0
25.154943,64,2713.454298,1.427414600802827,1.5155529000589019,0
22.209904,62,2713.589415,1.2504341046195038,1.3788644771224694,0
25.788857,63,2713.765401,1.5623179966162193,1.585081624277321,0
21.87031,62,2713.970543,1.2583244111669223,1.22103543596107,0
23.234017,62,2714.190653,1.1441846977886647,1.1874945652917417,0
26.981987,64,2714.420771,1.4620477676047243,1.4896248674995503,0
21.379794,64,2715.175187,1.2669278537261393,1.2266440523705253,0
24.392646,62,2715.319898,1.1986480778126953,1.311451138505057,0
21.691459,62,2715.437181,1.1489841051501914,1.2618809379994484,0
22.698878,62,2715.541408,0.9289888015581305,0.9424841426621785,0
23.947376,62,2715.653328,1.2339749603058234,1.3270495421222737,0
19.757937,63,2715.760039,0.7893042983517268,0.8615392172258026,0
24.349269,63,2715.863299,1.0612422121924767,1.056250619089536,0
22.230335,63,2715.964866,1.216477116570034,1.1999257247099433,0
23.517401,62,2716.092342,1.2665710440084303,1.2786161568717902,0
20.469406,63,2716.6427,0.7910226270784434,0.8061837632672082,0
22.569334,66,2716.754958,0.9141646011670901,0.9226770976339151,0
21.188025,63,2716.848472,1.323036818979632,1.2811109322648404,0
23.497278,63,2716.987582,0.9015010909946388,0.8637106672836588,0
25.108642,77,2717.227909,0.35333664796668507,0.33781625484645567,0
25.518012,62,2717.436856,1.38621266615553,1.4827134902982015,0
21.298912,62,2717.65859,0.931950418014321,0.9100478512776925,0
20.365815,64,2717.889693,0.9880950425417709,0.9827157464092349,0
24.258061,64,2718.47754,1.445545703481235,1.5765077822504459,0
25.590947,74,2718.599023,0.4398834150347883,0.4865358207149006,0
27.072397,75,2718.722945,0.5537404482341102,0.570712775933427,0
22.740145,62,2718.845629,1.1431849035038473,1.1380907954632358,0
20.630251,62,2719.022632,1.2215705692674663,1.3229754024810458,0
21.815865,63,2719.230709,1.1066624495122406,1.0801457482819512,0
21.707388,63,2719.451531,1.1476923209867333,1.1291586411851882,0
25.416218,63,2720.105709,1.1026912521042114,1.223790048879909,0
195.99152,1000,2722.665188,1.0402474648110953,0.016219330241664793,0
27.731366,67,2723.224746,0.6734738079569064,0.677059078208331,0
26.328281,62,2723.334279,0.6188099123347615,0.6332411309772247,0
25.805886,65,2723.496763,0.53811691477979,0.5488065463828717,0
27.016468,63,2723.701392,0.8450725793624453,0.9381530315542208,0
27.428681,64,2723.92709,0.6826081085540825,0.7086538946770842,0
25.799844,61,2724.14716,0.7967545604723969,0.7736969280227706,0
33.158508,64,2724.376528,1.338589163017744,1.3859682024553979,0
24.479594,65,2724.610383,0.12359589767117399,0.16910926950606456,0
27.887686,66,2725.242421,0.5642979186314684,0.5617434263094431,0
29.302732,62,2725.370645,1.2634666058637185,1.317369953545338,0
26.267752,67,2725.473879,0.54146599757969,0.5984459581003183,0
25.841199,67,2725.570726,0.6128415754046765,0.6074441258471259,0
24.914787,64,2725.665706,0.3536589679772812,0.4052576234856157,0
28.381477,62,2725.760158,0.7666467874700102,0.8478449927992622,0
29.437201,66,2725.870988,0.6992526505755459,0.7317165084363638,0
24.155178,62,2725.98522,0.7914634666750251,0.7944624324438903,0
28.103599,64,2726.547206,0.8987295836797274,0.8807237063428781,0
26.921192,66,2726.658291,0.6999632668397077,0.7374124468886006,0
25.786378,64,2726.774599,0.7517256821144412,0.7951826686653224,0
29.846835,65,2726.897531,0.7931404408344979,0.7855396843073269,0
26.662581,78,2727.088589,0.11821297049951654,0.14370923714489342,0
27.74125,66,2727.307734,0.5895069356654632,0.6470908517005044,0
33.877925,65,2727.541631,1.3057337303806629,1.3487337253446219,0
29.353972,64,2728.198154,0.6839073899116814,0.7437734648781283,0
27.676428,66,2728.303067,0.8256639197459312,0.857098039257606,0
27.057995,76,2728.444259,0.29060217712252107,0.2977935865760568,0
30.078913,63,2728.545663,0.7868718263631312,0.9010228977955297,0
205.151792,1000,2732.015842,1.2173783019401658,0.20898217493232993,0
215.365486,1000,2735.167565,0.8616195538827695,0.0,0
27.515552,67,2735.310959,0.6959696317667212,0.7143811112489463,0
29.254067,66,2735.451553,0.6303200082467474,0.6296119664089902,0
27.476735,72,2735.627774,0.4319047012215788,0.46183669531768584,0
31.38188,67,2735.845189,0.8990888959066416,0.9299246662020696,0
27.417544,68,2736.082485,0.46333418619806643,0.507908731572969,0
214.223459,1000,2739.553954,1.6097386560098645,0.5941667567015225,0
27.383098,61,2740.181178,1.3125222793980023,1.3178247165327943,0
35.891777,66,2740.335114,2.3603682524011744,2.3026786318841936,0
44.603031,68,2740.505284,2.0382630144657266,2.061656366418699,0
40.739945,68,2740.67562,2.2262895534794493,2.1119098095439255,0
43.609106,68,2740.80615,2.099605737408751,2.059054921695142,0
38.15138,65,2740.943459,2.109459677299658,2.1442528933256106,0
44.185861,68,2741.083946,2.038192020617968,2.007452641969016,0
49.021099,71,2741.271672,2.4417041012146354,2.453251372382345,0
35.335238,67,2741.821345,2.285807544607474,2.271846448418803,0
46.367755,70,2741.957634,2.1532241659675946,2.175404176841296,0
39.582921,68,2742.084357,2.339821537511928,2.3250750016492443,0
40.766481,69,2742.273786,1.9732283657288867,1.8596268083040188,0
43.486746,70,2742.504251,1.9288880967420872,1.8699627724072365,0
37.59746,66,2742.736797,1.8830054999725916,2.008449252955817,0
46.459299,71,2742.967731,2.2086001055707802,2.2592292138053423,0
42.530072,70,2743.678091,2.0060685875336564,1.9711776470529419,0
40.471743,68,2743.802679,2.128329389960177,2.112478778793846,0
35.719068,66,2743.915329,2.1307844556267375,2.1494530976740096,0
34.837366,66,2744.034249,2.1726119998043303,2.2442151029031616,0
40.952023,70,2744.181764,2.3085114102881445,2.266439044131815,0
40.356613,70,2744.333286,2.3380559017978917,2.299784067435946,0
44.029931,71,2744.542783,2.082273419289753,2.084398435502896,0
43.715778,70,2745.299992,1.946613914819764,1.9739458543715505,0
27.532749,61,2745.426614,1.601588035782484,1.6137992525401286,0
40.535039,70,2745.561944,2.250825815026575,2.3022048497466754,0
40.619905,69,2745.68039,2.1720932991967246,2.202410025905215,0
45.006989,71,2745.834532,2.4184611949292583,2.409262328959157,0
38.880904,69,2746.05651,2.2507461591568148,2.2492250998920422,0
46.01512,72,2746.313655,2.377960402667694,2.2981464816793675,0
38.267862,66,2746.54901,1.7345099442648109,1.7768802925934297,0
41.292927,71,2747.16632,2.491114261584315,2.5073288335914934,0
43.252809,69,2747.281764,2.093626039260131,2.097517501518858,0
45.040869,70,2747.391348,2.170200679186618,2.0939183254722797,0
32.549112,62,2747.527102,2.1546861941813362,2.1441665203261846,0
37.119422,65,2747.733351,1.8063886633979769,1.8278501480355804,0
44.388128,70,2747.986027,2.1941140784998074,2.227069016145851,0
41.913831,70,2748.240399,2.282430651312114,2.2996130198773184,0
38.124629,66,2748.479337,2.0166102596461983,2.024336129229789,0
38.775248,67,2749.09089,1.7701073190229188,1.832314791878919,0
46.026438,69,2749.242421,2.2847242473162472,2.222656295209381,0
38.618851,68,2749.396819,2.0670221472372754,2.1068232197582617,0
45.65689,72,2749.508059,2.482688627697484,2.3876303163400734,0
43.354509,69,2749.616278,2.299460200030149,2.2245224817419667,0
40.533698,69,2749.724,2.120293446294562,2.165974639737084,0
44.169769,70,2749.833382,2.261207872618133,2.3186160352643954,0
38.723161,68,2750.375231,1.6793920178347501,1.759595796567366,0
36.159861,69,2750.489894,1.829860436534249,1.93379531893503,0
40.0169,70,2750.616653,2.1445089001863273,2.348924478172951,0
45.506965,71,2750.754016,1.9163805663024476,2.107895281692147,0
40.920716,69,2750.880938,1.6463227878382736,1.7012483972301302,0
45.377257,71,2751.016724,2.329498966936437,2.4040941725235885,0
28.728626,63,2751.138088,2.0420615238609585,2.0443612111998615,0
45.37269,72,2751.710715,2.2649952495694934,2.392918953866512,0
44.52946,71,2751.824873,2.056992326629471,2.069181775214464,0
44.968556,72,2751.945473,1.997138441367175,2.278954641954824,0
48.691773,71,2752.06059,1.6200887850591605,1.7756292562858484,0
42.883238,72,2752.241465,2.310327292907576,2.306286605621147,0
43.673124,71,2752.473683,2.1062822946718085,1.9903558552898741,0
43.924581,72,2752.720623,1.6245836725346812,1.7257868046493345,0
45.163962,72,2753.449309,1.6657652559348457,1.8474395668365173,0
33.854391,62,2753.548688,2.0660635732087704,2.201641217474537,0
49.539069,70,2753.665368,2.5004174183253123,2.7688389588153877,0
39.636987,65,2753.780106,1.6755806445026256,1.7061856637688408,0
40.391583,68,2753.907243,2.125059289456919,2.217782961960679,0
47.138792,70,2754.04161,2.40698326688465,2.6806992067228217,0
36.111765,66,2754.168227,2.6708417944413063,2.6591629185405323,0
31.917742,61,2754.28728,2.085261022432765,2.078523582245147,0
46.152885,71,2754.890054,2.3008599734240174,2.4689734733275155,0
44.961917,70,2755.023604,2.491268287357858,2.7460404113179164,0
39.998599,66,2755.14705,2.608381434096642,2.6122257012706736,0
40.243826,67,2755.2949,2.2140001283080424,2.355565728003297,0
48.775854,70,2755.470671,2.320568299892059,2.5281027742455766,0
45.609988,69,2755.620774,2.635050384634142,2.692703760844796,0
40.633279,67,2755.76525,2.6296325561816194,2.5627624724451,0
47.713556,70,2755.915141,2.2799489775138015,2.4506392324004658,0
46.199367,66,2756.480471,2.4688468232537106,2.4348841893289808,0
45.767858,66,2756.590437,2.0248179570367286,2.1208059291225956,0
43.817711,65,2756.699959,2.514620300621621,2.554558612181062,0
47.411224,67,2756.817513,2.4424463517092625,2.3522438890030952,0
41.283208,64,2756.922692,2.4373318173681153,2.3352005264130304,0
34.568607,60,2757.02083,2.0973738317224493,1.9918322233167172,0
49.215694,67,2757.129951,2.520967263832961,2.526651751859594,0
49.481735,68,2757.716594,2.6853892497652834,2.6677900699687362,0
40.182273,63,2757.835853,1.7311532203459776,1.8559504696679583,0
45.113908,66,2757.972348,1.7926960932743978,1.8190173934246996,0
42.021611,63,2758.124726,2.0291074809144622,1.9639116171311966,0
47.075119,66,2758.312878,2.3128360535662265,2.4019610084656366,0
31.013333,59,2758.513154,1.951234180685837,1.8950279668141452,0
47.53194,66,2758.749259,1.990198657130436,2.1120695281964927,0
42.416089,64,2758.967992,2.1437431569230263,2.069933276009754,0
37.269142,62,2759.183927,1.0080494898617074,0.9995192200088481,0
38.005381,62,2759.77746,1.0363540881947166,1.075460818438814,0
39.623601,65,2759.902218,1.6358409896562658,1.6935076020902426,0
41.39019,64,2760.012718,1.6264236751013013,1.7017772862708747,0
39.95788,66,2760.181886,1.5513275196496519,1.5964469505149577,0
33.718267,61,2760.381219,2.0594857137936704,1.9828624294177075,0
41.981169,65,2760.609118,1.7415560842843383,1.79329209141153,0
44.040717,65,2760.839824,2.1905952297155107,2.2146947083528925,0
40.031009,63,2761.066757,1.8379194160249068,1.9802563017630064,0
41.973313,64,2761.652543,2.2335058775266408,2.4266392606025504,0
49.36761,68,2761.764433,2.2273354036472037,2.3209911075158765,0
35.781862,62,2761.857908,1.309584609117099,1.334000702985723,0
44.008197,64,2762.006132,2.2885418088125817,2.4458799493535426,0
44.432536,64,2762.205675,1.8342994149367835,1.906760478608859,0
36.514578,62,2762.422903,1.3953393535918783,1.4288108265346648,0
39.361282,65,2762.65661,1.2577236323113508,1.3041695108895952,0
43.259774,64,2762.88582,1.963403765340103,2.039452152670615,0
30.340342,61,2763.509834,1.107040893384044,1.196453580261485,0
40.237737,63,2763.650716,1.9987836061148256,2.1059892441924366,0
38.68751,64,2763.808236,1.7992160679614766,1.8253495135860143,0
37.22398,61,2764.002238,1.972362823750155,2.0190387668963936,0
40.46803,63,2764.217816,2.322420068688222,2.3234250627947626,0
40.504053,63,2764.432757,1.7301463723361752,1.7871947303336382,0
32.717671,61,2764.649937,1.4120691989121916,1.4784554540890893,0
44.658561,64,2764.882972,2.3744779338510456,2.3905986916899873,0
47.856415,65,2765.548278,2.460462504832161,2.4082154735596837,0
48.692756,65,2765.657713,2.498349817938923,2.416347075110392,0
35.375582,61,2765.759379,1.8480080081653616,1.7979025842030927,0
46.007436,64,2765.896694,2.083480228934161,1.9794594831345154,0
45.465318,64,2766.033889,2.313343377538023,2.199971189658296,0
38.976698,63,2766.17751,2.0250908858252226,2.0982922770156045,0
42.104136,63,2766.336759,2.126810365829683,2.238398570733636,0
45.682977,64,2766.515796,2.2152333868562817,2.3193809364896363,0
47.061408,65,2767.115795,2.377882688172049,2.4759621094891933,0
44.85287,65,2767.248951,2.376301530451974,2.508797006265033,0
34.316618,60,2767.402045,2.138363042075698,2.1172116000761085,0
43.079261,65,2767.56795,2.2989838900821677,2.393531777043301,0
42.930963,64,2767.723941,2.374148746454322,2.5217057346723215,0
52.635135,68,2767.88163,2.6259413445924493,2.7730921929643024,0
53.178487,68,2768.060881,2.8637912818486515,2.9010276267964894,0
43.656179,65,2768.225771,2.6013215454452725,2.5535658509262125,0
50.184823,67,2768.826026,2.6923544929485512,2.790152737801054,0
49.482944,67,2768.956426,2.5058260900533704,2.639676302660239,0
44.324613,64,2769.088633,2.202363587922663,2.3139970060942394,0
43.196629,65,2769.252659,2.4642155267267656,2.627316202596921,0
37.639418,62,2769.455167,2.1486480924853386,2.2445615476510286,0
48.707549,66,2769.689625,2.699096204482184,2.7199726878576653,0
45.940833,65,2769.920909,2.526726471962604,2.538477766141807,0
34.966828,62,2770.130289,1.3770702813715459,1.470527953439927,0
48.218646,65,2770.742603,2.9300641948177977,2.8215699428554304,0
48.943816,66,2770.885883,2.886896132404125,2.9508099459100507,0
48.099555,65,2771.05759,2.4599582881041138,2.555457115614284,0
49.011446,66,2771.278417,2.7907105482480095,2.897482164932677,0
46.204311,64,2771.509605,2.6342847713968336,2.5288995956822267,0
50.87604,66,2771.687687,2.997774613782555,2.872360361483601,0
37.612542,60,2771.883801,2.1444132278010515,2.1115925158445137,0
48.513107,66,2772.581356,2.368632251591155,2.426347315500591,0
48.238661,71,2772.698421,3.5559963657882543,3.461687137579771,0
42.760486,69,2772.851366,3.128900989932455,3.16445142893711,0
47.139957,69,2773.002914,3.123494520879576,3.2173744679064695,0
47.332102,72,2773.225442,3.4834992027144422,3.4400106422081103,0
32.907764,63,2773.438997,1.8153821846372957,1.8928889990514361,0
42.766943,67,2773.676764,2.7974458419473702,2.9888889727479184,0
44.595175,69,2773.812642,3.1956386777933785,3.317451397935113,0
33.003538,63,2774.479352,2.567209170611437,2.59943866594854,0
29.570796,62,2774.586783,2.4488194070760776,2.4551730472154807,0
40.428987,67,2774.700226,3.0015620015509743,3.1224294423177428,0
42.172928,67,2774.812362,2.6309082312653347,2.7430505718232037,0
46.497579,69,2774.940592,3.2170728283226153,3.4485181211246045,0
44.2626,70,2775.073368,3.042786220681636,3.251126894279168,0
47.548253,71,2775.208657,3.52269742781806,3.5208190405738895,0
42.939791,69,2775.340314,2.583781364947927,2.6958107928983766,0
46.537117,69,2775.935081,3.350601254003337,3.4976104409291056,0
26.856381,61,2776.039243,1.742177963214882,1.729959739935888,0
27.153329,62,2776.153761,2.0500393334248983,2.122469857902228,0
24.160757,60,2776.324141,1.9618770667849295,1.9116083395595658,0
44.569832,70,2776.554775,3.2842575132833343,3.242224152473236,0
45.359405,69,2776.79933,3.115706943495276,3.2462499535586793,0
43.199205,68,2777.044629,2.6545538954921857,2.762859604626027,0
48.884533,71,2777.741808,3.0736795186382824,3.236862649489635,0
44.14111,67,2777.859446,2.5677059792530006,2.6587256969887645,0
26.988919,62,2777.96415,2.4734920512321006,2.4481601510773725,0
38.6478,65,2778.068847,2.8243671171964113,2.9022698804102847,0
46.134864,69,2778.177872,2.9627034480855126,3.111204726831153,0
50.204867,71,2778.325843,3.0803285421265274,3.2445463554081924,0
50.135722,72,2778.547701,3.7231386800172963,3.7594550299993843,0
45.722417,69,2778.790309,3.0368653952696967,3.11328451373689,0
27.671068,61,2779.407126,1.946105868255377,1.895422770149872,0
43.744664,67,2779.521794,2.819692830414721,2.9577595818339684,0
46.826237,69,2779.642962,2.9398379514652815,3.055578237648292,0
51.186466,69,2779.818395,3.324143408074408,3.5448860308537506,0
28.178054,62,2780.019932,2.1368538102124974,2.0844013142739826,0
28.510359,62,2780.238194,2.0200331020762836,2.0184247376217024,0
48.053991,69,2780.486047,3.1860010448018627,3.3084734329450547,0
31.579849,63,2780.712316,2.710937879323536,2.696594962436614,0
29.456927,61,2781.307771,2.365477872171722,2.3925668730127656,0
27.64475,60,2781.42338,1.7900465988507646,1.7406189308858446,0
47.293796,67,2781.56702,2.9622556488945597,3.060784266357994,0
50.215343,69,2781.761128,2.962892699066812,3.094630226862087,0
27.404291,59,2781.956214,2.0921297612759346,2.090548523823852,0
34.142273,63,2782.178741,2.8505297079900096,2.8050422461110642,0
33.505817,62,2782.401338,2.5523685280270754,2.5391355319930224,0
43.8163,67,2782.641051,3.283292892756726,3.30720878327403,0
44.711937,66,2783.276531,3.120528981006293,3.0360695786089953,0
44.176229,69,2783.404439,3.7360800562079284,3.6444799081699983,0
42.846049,68,2783.516068,2.9245286601537646,3.0772900740766502,0
47.420797,69,2783.687822,3.3766405199046527,3.4091455785013487,0
46.708684,68,2783.840812,3.144508214050019,3.35603543327839,0
44.748833,67,2784.026771,3.0683145013256365,3.2449372869533453,0
26.802752,61,2784.190881,2.173157001153291,2.1159449422485284,0
47.635665,68,2784.892437,2.896401415615563,3.0607413059620296,0
53.592958,70,2785.006596,3.594816988977146,3.5947204596411075,0
53.645399,70,2785.129562,3.1073799215229907,3.205470930428757,0
52.450835,69,2785.256592,3.0645295185897075,3.167517126606806,0
27.682146,60,2785.370892,1.7153691781586993,1.6688852934301739,0
55.649085,71,2785.506029,3.5074474405547122,3.5488728243358647,0
52.631706,69,2785.637108,3.58045389064107,3.5403143085231874,0
52.230342,70,2785.781852,3.6736220160877564,3.85129886760238,0
41.871698,66,2786.378918,3.3944825172124045,3.350802995661001,0
44.984626,69,2786.48975,3.768621056702381,3.6922365862566657,0
33.124426,64,2786.60015,2.7004264301170906,2.814726918379072,0
42.531257,67,2786.783232,3.358121783316275,3.3286765425551246,0
41.811542,68,2787.007239,3.821818875226413,3.666705499084413,0
28.680445,63,2787.23046,2.3003258063624927,2.2344589333225975,0
32.445945,66,2787.467007,3.1503154312973183,3.0663650747256375,0
43.936096,68,2787.71072,3.8282571854719487,3.7543249884557244,0
44.185997,70,2788.334534,3.728571365719283,3.591296664797346,0
33.645499,62,2788.452185,2.4446667255265315,2.364843116613669,0
37.111815,66,2788.587278,3.1359488644646913,3.052090178933962,0
41.799875,69,2788.699238,3.8092400195816425,3.6715879113083454,0
39.272278,68,2788.81033,3.3081305410161024,3.165932464559306,0
42.018716,70,2788.973484,3.796386977863138,3.6526895541040325,0
32.619908,65,2789.180572,2.7217522666827967,2.6251076713009156,0
38.980652,69,2789.834883,3.5738772621561705,3.4202354018353316,0
0.002754,12,2789.854934,-0.4732715171102488,0.0,0
39.60266,70,2789.980595,3.803214651911348,3.6126903303693,0
40.178648,69,2790.115156,3.822458033454108,3.6885377683623712,0
0.002386,14,2790.14422,-0.29939505826426044,0.0,0
39.419456,68,2790.332601,3.5939158561999758,3.467824951421325,0
28.418,64,2790.549587,2.546984676855257,2.471875908010357,0
44.059741,70,2790.80319,3.2625684113521074,3.082256331462693,0
38.550942,67,2791.046183,3.775179122139411,3.616908427843596,0
41.978548,71,2791.75084,3.799190332457271,3.7534516302665146,0
38.25831,68,2791.868348,3.8362955213255825,3.666312659302466,0
41.048226,69,2791.983153,3.7418020139111863,3.568935284628379,0
40.738738,68,2792.10243,3.263579084326784,3.244580321309739,0
44.087225,69,2792.229365,3.7450469017949395,3.594602908545282,0
40.509212,69,2792.401176,4.087872036679199,4.0045843308422056,0
40.779498,69,2792.594801,4.068915368612292,3.9925878914693076,0
0.0,13,2792.624346,-0.37541528125051604,0.0,0
42.312926,69,2792.771463,3.749245524484653,3.5886432412598337,0
0.0,12,2793.321138,-0.49376660688188156,0.0,0
0.004864,13,2793.342566,-0.3472448469282801,0.0,0
0.0,12,2793.361385,-0.48253816212091116,0.0,0
44.412631,69,2793.513703,3.3241590716190372,3.207191282457144,0
0.004699,12,2793.532681,-0.5317854037561855,0.0,0
0.0,14,2793.556265,-0.2658736929327202,0.0,0
44.546552,70,2793.68903,3.1686457564530452,3.0609879601499417,0
0.004908,13,2793.718938,-0.4053565636519018,0.0,0
0.003972,14,2793.751393,-0.26148812412772,0.0,0
0.0,12,2793.778878,-0.4802557388606854,0.0,0
45.62792,69,2793.920161,3.9339127657395427,3.890786149525562,0
0.002489,12,2793.943952,-0.514677186218216,0.0,0
45.380235,69,2794.080654,3.773641279148876,3.738038271348169,0
42.05766,67,2794.209456,3.939194095428421,3.8381918836531144,0
43.926417,69,2794.846158,2.8553288745956604,2.755046193344584,0
44.514598,69,2794.971625,3.4845268418890467,3.3792421955814267,0
42.251296,69,2795.103441,3.684283319125226,3.604903149015006,0
44.379368,70,2795.271261,3.029457397489074,2.9153687523706378,0
0.0,12,2795.296692,-0.5149606699040058,0.0,0
0.0,12,2795.322556,-0.5334484347380712,0.0,0
0.001977,12,2795.348145,-0.5113426262448068,0.0,0
46.891581,71,2795.523534,2.5557319789039754,2.4536176197323343,0
47.568421,70,2795.749418,2.6277490756992794,2.5523646168751,0
44.527662,69,2795.977567,3.3356882306500473,3.22837912649577,0
0.0,12,2796.00962,-0.5853013124598595,0.0,0
0.0,13,2796.042358,-0.33889343032550845,0.0,0
48.595912,70,2796.643211,2.1275373947105973,2.1577116536243146,0
0.000744,12,2796.662691,-0.5910336566491778,0.0,0
0.0,13,2796.687688,-0.37907019420335525,0.0,0
44.65329,69,2796.816376,3.8066013801521548,3.743771381163472,0
0.0,13,2796.839725,-0.40464246970679524,0.0,0
45.707743,69,2796.956492,3.589791609902627,3.5323944005014405,0
46.103798,70,2797.0865,4.1428267586669065,4.178118725958408,0
0.004236,15,2797.115129,-0.20221816813540908,0.0,0
0.0,13,2797.140016,-0.42180684225563464,0.0,0
45.817113,70,2797.273084,3.9259064001865522,3.930959406567416,0
0.0,12,2797.296069,-0.5131013419361538,0.0,0
46.566575,69,2797.427842,4.047184804858125,4.048314780276848,0
45.44811,70,2798.008535,3.6225576266694377,3.5755655905623556,0
0.003791,13,2798.033702,-0.42782554370481274,0.0,0
46.773287,70,2798.16262,2.4239478996795447,2.3044910303688475,0
15.499362,46,2798.257488,-0.4137426928737297,0.0,0
0.001153,12,2798.287777,-0.533648293234336,0.0,0
0.0,12,2798.31833,-0.5629550233673877,0.0,0
43.729748,69,2798.466502,3.391331089997749,3.2898903361176384,0
43.491834,69,2798.617883,3.7765711445920833,3.6750288397481783,0
0.004653,12,2798.650472,-0.47250798780487485,0.0,0
0.0,13,2798.687791,-0.4495485226981837,0.0,0
0.00265,13,2798.726727,-0.3734944467656455,0.0,0
16.880017,50,2798.878103,0.13046785857675766,0.09804687176494324,0
0.0,13,2798.91125,-0.3946647473115509,0.0,0
0.002441,13,2798.944034,-0.45044447656231945,0.0,0
0.0,13,2798.97595,-0.39156967216658495,0.0,0
0.0,13,2799.003327,-0.40010687685102836,0.0,0
0.003526,13,2799.031686,-0.4106496479173115,0.0,0
46.281031,70,2799.631173,3.0785991196387683,2.94357379120652,0
0.0,13,2799.651879,-0.3937767701219056,0.0,0
46.099227,69,2799.765489,3.9737086175584357,4.000153103646188,0
0.0,14,2799.791663,-0.2871644255093162,0.0,0
13.600088,51,2799.888967,0.2848211171675727,0.23906726924734956,0
13.931253,51,2800.012588,0.33472962071039947,0.2887271273284083,0
0.0,12,2800.038494,-0.5646413954517127,0.0,0
0.0,12,2800.061648,-0.5704226593452064,0.0,0
0.002844,13,2800.086554,-0.4207108792166908,0.0,0
44.578239,68,2800.216805,4.076664816199658,4.01044494739584,0
0.0,12,2800.243892,-0.5638506199372872,0.0,0
44.521476,69,2800.443078,3.8089983417788336,3.723573175581381,0
46.044433,69,2800.669729,4.038344371066687,4.072758530713457,0
0.0,12,2800.710111,-0.5314713001169876,0.0,0
0.002475,13,2800.755928,-0.40437762770850044,0.0,0
46.17835,70,2801.341506,3.501473457299727,3.4704915833279495,0
18.660334,52,2801.428232,0.3311289899796321,0.2655041915849588,0
47.165996,70,2801.531259,3.5365911467118107,3.53563858781845,0
0.0,12,2801.549242,-0.5449514673212719,0.0,0
42.739037,68,2801.652109,4.057700835269729,4.037347123664232,0
45.801004,69,2801.774933,4.029325924730192,4.01495368112961,0
0.0,13,2801.802698,-0.4577363419118375,0.0,0
0.004868,13,2801.834847,-0.40958706109300785,0.0,0
45.223363,68,2802.03737,3.930747705955207,3.9147827654900866,0
0.0,12,2802.077486,-0.5945752943687345,0.0,0
0.001954,13,2802.114707,-0.3877421450428697,0.0,0
0.003753,13,2802.145332,-0.42642311988924064,0.0,0
44.586638,68,2802.800119,4.154947238837838,4.184163798100166,0
45.623557,68,2802.931024,3.9333789135879207,3.9677113638117882,0
43.646687,69,2803.067358,4.071313159666952,4.031417998032483,0
13.830265,48,2803.193692,0.008072748220042086,0.0,0
0.001385,12,2803.229576,-0.5531987323094931,0.0,0
0.0,13,2803.270621,-0.410359295328823,0.0,0
0.003178,14,2803.315765,-0.3547034103559098,0.0,0
44.812399,69,2803.556491,3.5594104491423364,3.5376282488999746,0
0.003582,14,2803.607113,-0.3008570640241134,0.0,0
0.002463,12,2803.650389,-0.5541878349327827,0.0,0
0.0,12,2803.693612,-0.583932501663647,0.0,0
0.000946,13,2803.741202,-0.420750373393937,0.0,0
0.001833,13,2803.788561,-0.419625941436572,0.0,0
0.0,12,2803.831997,-0.5429188807559492,0.0,0
0.0,13,2803.872872,-0.4480093083842859,0.0,0
0.00377,13,2803.907931,-0.46208459987470074,0.0,0
43.393932,68,2804.133382,4.0068259421621155,3.9792135464783676,0
0.0,13,2804.177395,-0.40290817108950094,0.0,0
0.0,13,2804.683712,-0.41803990641250394,0.0,0
15.306233,48,2804.761656,-0.11316725063897323,0.0,0
42.096763,68,2804.899616,3.906446414428721,3.81916822329444,0
0.001726,14,2804.925232,-0.32568655381117334,0.0,0
46.504602,69,2805.072188,3.982474180347459,3.994432813165274,0
46.86858,69,2805.277125,4.043121823518392,4.085269230254385,0
45.379588,69,2805.506964,3.2393745598125663,3.1617730343371675,0
0.002665,14,2805.553417,-0.2865635863714497,0.0,0
16.626894,53,2805.727983,0.43884897595441946,0.38306258394939763,0
43.19832,68,2805.967509,4.028287993642072,3.9897541018781,0
0.000856,12,2806.013914,-0.5175097269874133,0.0,0
44.653972,69,2806.689096,4.098395520918197,4.090158319950184,0
0.000597,13,2806.714408,-0.40764156805808044,0.0,0
45.112751,69,2806.837516,3.871046715140896,3.806652010498848,0
0.0,12,2806.854501,-0.4794093160179364,0.0,0
42.303763,68,2806.958071,3.4541374411051673,3.418618503934365,0
32.501817,64,2807.123135,2.6287661620296725,2.725021432488261,0
0.003017,13,2807.163242,-0.3818832918662953,0.0,0
43.830741,67,2807.383461,3.703530442749679,3.646878893181464,0
0.004503,12,2807.424597,-0.5895461696684227,0.0,0
0.0,12,2807.467692,-0.594871280045296,0.0,0
43.108049,68,2807.712631,3.7669982787758918,3.7480651613699303,0
0.0,14,2807.763467,-0.30912170398929334,0.0,0
29.287673,63,2808.515132,2.4679239590739757,2.4034768213224087,0
43.154996,69,2808.623534,3.722562674415064,3.6797810116594114,0
0.002833,14,2808.646514,-0.3754661251610216,0.0,0
43.342894,69,2808.759912,4.0322546086385875,4.028381706632912,0
40.524813,68,2808.937145,3.464213214373858,3.411214611322593,0
0.001416,13,2808.9776,-0.43083366307661036,0.0,0
0.0,13,2809.018748,-0.4865998445646098,0.0,0
0.0,13,2809.061254,-0.4588454274915324,0.0,0
41.374989,68,2809.288218,3.838295775271954,3.7390051009663114,0
0.004191,12,2809.328534,-0.5310392207511411,0.0,0
44.926091,70,2809.579615,3.549077055627334,3.5468269766293514,0
9.4e-05,12,2809.62318,-0.6131452625336388,0.0,0
0.002071,13,2809.66911,-0.5095528486120158,0.0,0
0.0,13,2809.716046,-0.41958908659268174,0.0,0
0.003008,12,2809.759542,-0.5363844971645154,0.0,0
0.003679,12,2809.802847,-0.6025789185192919,0.0,0
0.0,13,2809.849918,-0.41754821638548245,0.0,0
0.0,12,2809.893223,-0.5291977017180202,0.0,0
40.575952,68,2810.483518,3.3351836768154057,3.313121079918134,0
0.004452,13,2810.504611,-0.4400361597499132,0.0,0
31.278408,65,2810.629789,2.375160651424757,2.32281322225859,0
0.002742,12,2810.660075,-0.5950324875043264,0.0,0
0.00218,14,2810.695431,-0.3597495938271954,0.0,0
0.000503,12,2810.720851,-0.5515715317475337,0.0,0
0.0,13,2810.753462,-0.436267410476757,0.0,0
40.822117,69,2810.95839,3.4186064936230043,3.450860727492788,0
0.003676,14,2811.005175,-0.2836420383490725,0.0,0
41.62469,69,2811.236736,3.6342049277550736,3.5499087073732976,0
41.021758,69,2811.482135,3.949983341902785,3.853469277227139,0
0.003511,13,2811.529717,-0.47755957901871277,0.0,0
0.0,12,2811.573535,-0.5961615034367124,0.0,0
42.833243,70,2811.827448,3.504141730239768,3.4675247830018288,0
0.0,13,2812.332377,-0.41253554638727663,0.0,0
0.0,12,2812.371844,-0.6438647055336396,0.0,0
0.00349,14,2812.409146,-0.3714056469803806,0.0,0
0.002567,12,2812.436539,-0.5929365366226265,0.0,0
0.0,14,2812.468676,-0.34338669945852174,0.0,0
0.003164,12,2812.496135,-0.6335984556263103,0.0,0
0.001379,12,2812.523091,-0.6141978936508302,0.0,0
0.0,12,2812.548749,-0.6003928266235656,0.0,0
0.0,14,2812.579652,-0.38399688680502464,0.0,0
44.003196,70,2812.776494,3.827828247253156,3.825112468683903,0
0.0,12,2812.814937,-0.5960659956490633,0.0,0
0.0,12,2812.854926,-0.6088322101346032,0.0,0
0.0,12,2812.895708,-0.6201475013322099,0.0,0
0.004101,13,2812.940047,-0.4446534938951387,0.0,0
43.77852,69,2813.179592,3.9314037166434233,3.8997961154982117,0
0.0,12,2813.223267,-0.6360754925120771,0.0,0
34.237042,65,2813.460718,3.233567264935963,3.1389116441569516,0
42.993422,70,2813.73924,3.6932845505046576,3.6762576226942665,0
10.524432,49,2813.928564,0.10375556103077802,0.06225801946908921,0
0.004291,13,2813.976357,-0.4347813585568244,0.0,0
36.605325,67,2814.576695,3.4812929175473224,3.416138119574468,0
0.0,13,2814.597767,-0.4916693153589204,0.0,0
0.0,13,2814.619076,-0.40975078758508177,0.0,0
0.0,13,2814.640473,-0.4831266015083481,0.0,0
0.000665,12,2814.660971,-0.609115388425112,0.0,0
0.0,12,2814.68155,-0.5975278342778461,0.0,0
0.001404,13,2814.704992,-0.42562875360467717,0.0,0
40.550887,69,2814.859509,3.920655906813813,3.8610483555065,0
30.918216,67,2815.057125,2.375519160270069,2.3622045334668824,0
6.4e-05,13,2815.100586,-0.4808221495904129,0.0,0
0.004078,13,2815.14432,-0.4742418039538092,0.0,0
26.970172,64,2815.370664,1.8362916623829457,1.8132531860276775,0
0.001404,14,2815.421063,-0.35705279772277515,0.0,0
0.00166,14,2815.471444,-0.3392055062562199,0.0,0
42.265369,69,2815.71937,3.963204689178962,3.916133415307415,0
0.0,13,2815.766324,-0.4556913859639108,0.0,0
0.0,12,2815.809545,-0.5860900671315448,0.0,0
0.018381,13,2815.856475,-0.4922242668681197,0.0,0
0.004066,13,2815.903034,-0.46853238633728983,0.0,0
41.687372,69,2816.482558,3.5773791251401628,3.5340593287941364,0
0.0,13,2816.5123,-0.4805309671000096,0.0,0
0.004731,13,2816.534748,-0.4574941336481677,0.0,0
42.926665,70,2816.664708,3.3399602764532474,3.3727235046648305,0
42.003482,69,2816.826973,3.765412197135037,3.7826714260679704,0
0.0,13,2816.865166,-0.443767889208395,0.0,0
44.58837,70,2817.09234,3.8489999959442285,3.863063972419507,0
0.0,13,2817.135836,-0.4526434600852437,0.0,0
0.0,13,2817.179744,-0.4279735470132803,0.0,0
0.015611,13,2817.223853,-0.4403129424516658,0.0,0
32.381056,67,2817.463547,2.327191074794339,2.301924120364971,0
0.0,14,2817.51393,-0.40932158820721787,0.0,0
40.30646,69,2817.762212,3.4516496320231993,3.4798683142361493,0
0.0,13,2818.268634,-0.5423939808292725,0.0,0
0.003081,13,2818.288815,-0.49579090913453,0.0,0
0.003608,12,2818.30716,-0.6733216130751042,0.0,0
10.840172,48,2818.393163,-0.01583185329856001,0.0,0
11.955532,49,2818.481884,0.11294875437190502,0.08777277582499424,0
0.0,13,2818.507409,-0.4344732195782733,0.0,0
11.227147,50,2818.598518,0.15833087343123708,0.12455327597096379,0
0.004782,12,2818.619836,-0.6114007353520715,0.0,0
0.0,13,2818.642852,-0.5033665986145427,0.0,0
0.000358,12,2818.665101,-0.591804371785965,0.0,0
9.773644,50,2818.759168,0.1238179116083273,0.0958516046151313,0
11.049211,49,2818.89094,-0.037013791723577646,0.0,0
38.884743,68,2819.037947,3.768030808049115,3.7357566633538606,0
0.0,14,2819.067584,-0.3657632904805996,0.0,0
2.6e-05,12,2819.09291,-0.5449335266003933,0.0,0
12.699699,52,2819.248213,0.20149089221751446,0.17034773180554333,0
0.0,13,2819.292014,-0.4473115252132659,0.0,0
0.0,12,2819.333178,-0.6506245618201171,0.0,0
0.0,14,2819.381497,-0.3708369973467346,0.0,0
9.691326,49,2819.999215,-0.022517074632974532,0.0,0
0.0,12,2820.019015,-0.6828394311405294,0.0,0
0.002225,12,2820.03869,-0.642767980600436,0.0,0
0.004536,11,2820.056884,-0.7649323634879753,0.0,0
0.0,12,2820.076658,-0.5715877668245476,0.0,0
0.0,12,2820.097093,-0.6456955399110047,0.0,0
31.125,66,2820.215547,3.075288376518566,3.08051315869403,0
0.0,11,2820.236081,-0.7166152692258848,0.0,0
0.0,12,2820.258654,-0.5971287980018163,0.0,0
11.80026,50,2820.352695,0.047346861824428675,0.007706447208153708,0
0.004867,12,2820.375767,-0.6839499779041294,0.0,0
0.003178,12,2820.398692,-0.6990281365419293,0.0,0
37.838866,69,2820.530727,3.623437236973865,3.591037416844648,0
32.038293,67,2820.704449,2.7036193739447385,2.622428063457545,0
10.149594,50,2820.867188,0.11144948151910665,0.0821782574379895,0
29.062626,66,2821.543967,2.564773038071539,2.485298275609201,0
0.003739,13,2821.565205,-0.4678881770383352,0.0,0
0.004195,12,2821.584079,-0.6475233061874386,0.0,0
0.015595,12,2821.603026,-0.6195148859117999,0.0,0
0.003774,13,2821.624459,-0.4642180545826472,0.0,0
0.0,12,2821.646514,-0.6248832797716384,0.0,0
28.713593,66,2821.799668,2.611979186604777,2.5392371652225125,0
26.476129,66,2821.999701,2.534176749808782,2.4570637724052693,0
9.929128,50,2822.168152,0.17354476385061354,0.127113065029383,0
0.0,12,2822.206072,-0.6421606355984979,0.0,0
0.0,13,2822.241068,-0.5122395797146777,0.0,0
0.000741,11,2822.268945,-0.8122640651136391,0.0,0
0.0,12,2822.298045,-0.6636576394375635,0.0,0
0.002312,11,2822.323756,-0.7719653871529533,0.0,0
0.001915,13,2822.355922,-0.4717697517900581,0.0,0
0.0,14,2822.391318,-0.3664411652516415,0.0,0
0.001796,11,2822.419314,-0.7886389042340737,0.0,0
0.004426,11,2822.4476,-0.7246762979928121,0.0,0
30.101469,67,2822.606232,2.6154250536467383,2.5402191041324778,0
0.0,13,2822.639843,-0.4378540038693281,0.0,0
27.539259,68,2822.87247,2.4060848899954266,2.3498155702932078,0
12.506744,51,2823.428338,0.02317158481796712,0.0,0
0.001184,12,2823.448079,-0.6316879182401942,0.0,0
0.003724,12,2823.467267,-0.6133580482798248,0.0,0
0.0,12,2823.487619,-0.6020562008682384,0.0,0
29.170724,67,2823.621504,2.4671995184625604,2.4036572303667967,0
0.0,12,2823.6515,-0.6957498318331288,0.0,0
0.0,13,2823.686501,-0.42622916467807953,0.0,0
0.004089,14,2823.725856,-0.3325561515265264,0.0,0
29.540834,68,2823.942138,2.501891497209761,2.4516863611873134,0
0.0,14,2823.988498,-0.3609386657221077,0.0,0
26.258954,64,2824.200606,2.0391368029864125,1.9877502387692172,0
34.430103,69,2824.429076,3.072528758443829,3.0131641342802373,0
0.0,12,2824.468885,-0.5967042205219439,0.0,0
0.0,12,2824.50858,-0.6588428746400703,0.0,0
29.337474,66,2824.718555,2.6961820564948633,2.610902510851363,0
0.0,14,2824.754307,-0.3805833504440621,0.0,0
10.13252,52,2825.317493,0.2955976035939484,0.2540892761188258,0
30.597854,67,2825.496898,2.5499518677444724,2.4814514247018664,0
0.020383,12,2825.52978,-0.6299352593744025,0.0,0
0.0,11,2825.559729,-0.7456346749810088,0.0,0
0.0,13,2825.587611,-0.4655613533193058,0.0,0
0.003857,13,2825.61117,-0.46842028272764036,0.0,0
28.353488,66,2825.75596,2.4750913509320003,2.4230079491478955,0
0.000329,13,2825.792455,-0.5378135674383172,0.0,0
0.0,15,2825.838328,-0.29140293449368154,0.0,0
0.004495,13,2825.882293,-0.4650204188967844,0.0,0
25.608288,68,2826.138471,1.9974563603364286,1.9508952777391269,0
0.001201,12,2826.188528,-0.6914255261589949,0.0,0
0.0,12,2826.238351,-0.6491547816183018,0.0,0
0.0,14,2826.296727,-0.3489816063109929,0.0,0
32.062058,68,2826.576654,2.5820394195757155,2.5212595568806853,0
0.001922,12,2826.626552,-0.6098947740726381,0.0,0
28.902127,66,2827.335892,2.5803643526067632,2.5098357187595766,0
0.000959,11,2827.353495,-0.7675691487633222,0.0,0
27.9882,68,2827.468191,2.4035505942154183,2.367976684259202,0
29.053474,68,2827.596054,2.5316899615332793,2.4592047559632557,0
0.000339,12,2827.619162,-0.6382687019209732,0.0,0
0.004927,13,2827.646447,-0.4864657233013529,0.0,0
0.0,12,2827.668626,-0.6497809760736055,0.0,0
0.0,13,2827.692719,-0.5444565131894108,0.0,0
0.0,12,2827.715471,-0.624551863609698,0.0,0
0.0,13,2827.740412,-0.502261821796255,0.0,0
0.002482,11,2827.762366,-0.783657502963052,0.0,0
0.002298,13,2827.794026,-0.4921682829065996,0.0,0
29.109922,67,2827.998238,2.7362589704970066,2.677939150289581,0
0.00176,12,2828.039235,-0.6001092605061149,0.0,0
26.557056,68,2828.28227,2.0458826474688823,2.0021674475639037,0
0.0,14,2828.333096,-0.4819452266996617,0.0,0
0.006489,12,2828.37652,-0.6932623475688489,0.0,0
25.287276,66,2828.597464,2.1472807899122888,2.1050072580048984,0
0.002787,13,2828.639614,-0.5848476787876756,0.0,0
0.022688,13,2829.151266,-0.5264601424587062,0.0,0
28.176445,67,2829.26158,2.6834292290249224,2.6131038203313253,0
26.268164,67,2829.382061,2.230724735859052,2.1935797898663667,0
0.003881,12,2829.404654,-0.6092532669791282,0.0,0
27.840306,66,2829.531491,2.2531156665200025,2.192427420659613,0
25.573102,65,2829.657761,2.3729826940404473,2.316365838705692,0
0.0,13,2829.683034,-0.5168012475773244,0.0,0
0.0,14,2829.710135,-0.33498174952500315,0.0,0
0.008203,13,2829.735014,-0.4989013158209731,0.0,0
0.0,12,2829.758281,-0.6734709994391729,0.0,0
0.0,13,2829.78376,-0.5777991804818013,0.0,0
27.675567,66,2829.911473,2.6509041610769577,2.5928760108132227,0
0.000142,12,2829.93451,-0.6372752238322889,0.0,0
24.169185,66,2830.063254,1.8367720759420612,1.8081587553839125,0
0.000858,12,2830.086369,-0.6107288914131718,0.0,0
26.708435,67,2830.653582,2.5182829720826496,2.453267264654257,0
9.573053,52,2830.746048,0.0706098967758954,0.028535366585993673,0
0.000185,14,2830.771215,-0.3990826361948511,0.0,0
0.001997,13,2830.796004,-0.4532969859001246,0.0,0
0.0,13,2830.81984,-0.6189924796172465,0.0,0
0.003707,13,2830.845199,-0.5007824998012997,0.0,0
0.000189,13,2830.87017,-0.6098191993369269,0.0,0
0.0,12,2830.89329,-0.6966939837666553,0.0,0
0.0,13,2830.918056,-0.5608704854966374,0.0,0
0.003275,13,2830.943434,-0.5675808302023708,0.0,0
0.0,14,2830.970241,-0.45264231238685243,0.0,0
0.004625,12,2830.993477,-0.6528922151089556,0.0,0
0.001717,12,2831.016377,-0.6815856812594755,0.0,0
0.0,13,2831.041381,-0.592481939392624,0.0,0
0.0,13,2831.066114,-0.5404483427829798,0.0,0
0.0,13,2831.091159,-0.5582813258864507,0.0,0
0.0,12,2831.113098,-0.6818777177788587,0.0,0
0.003957,12,2831.131745,-0.6217120095935171,0.0,0
0.0021,11,2831.150271,-0.8120920080002172,0.0,0
0.006983,12,2831.171762,-0.6515908630960362,0.0,0
26.14761,66,2831.292781,2.162320907508468,2.114949025721448,0
8.823115,52,2831.405531,0.15614770472059888,0.09476098462919975,0
0.003751,14,2831.440795,-0.4167218500771856,0.0,0
0.011532,12,2831.471168,-0.6989058325847628,0.0,0
0.014052,13,2831.503937,-0.47535010632702684,0.0,0
25.23989,67,2832.095171,2.275921826044953,2.213256542746532,0
22.443423,67,2832.208416,1.588811876538453,1.782157585283614,0
26.915606,68,2832.328963,2.4270522264672123,2.370644698727002,0
0.0,12,2832.355631,-0.6983518067063381,0.0,0
0.0,12,2832.387265,-0.6801457260691054,0.0,0
0.0,11,2832.41905,-0.8245641938795527,0.0,0
0.012136,13,2832.460163,-0.556737618672286,0.0,0
0.024746,12,2832.500254,-0.624203065124,0.0,0
0.033967,14,2832.549522,-0.4036343750146125,0.0,0
0.0,14,2832.600938,-0.3882847554058828,0.0,0
0.0,12,2832.646802,-0.7667884339652226,0.0,0
0.001709,13,2832.696418,-0.5063926631805157,0.0,0
0.0,12,2832.742436,-0.7153636847251121,0.0,0
0.0,11,2832.787663,-0.7393769423561677,0.0,0
25.711118,66,2833.059787,2.0922690215715836,2.035338943701504,0
0.0,12,2833.109254,-0.733123574315171,0.0,0
0.001422,12,2833.159024,-0.6757595662713086,0.0,0
0.010873,13,2833.213258,-0.46645569509246176,0.0,0
0.002373,13,2833.266721,-0.518223518670934,0.0,0
0.000182,12,2833.316414,-0.7116859891229628,0.0,0
0.0,13,2833.369938,-0.48812083495970804,0.0,0
0.0,13,2833.422719,-0.52576727625679,0.0,0
28.958895,67,2834.077103,2.6590109659234553,2.58525709553956,0
0.003617,12,2834.097315,-0.6371695655967837,0.0,0
0.0,12,2834.1171,-0.6818473810968753,0.0,0
0.015972,15,2834.141446,-0.27920416537075876,0.0,0
0.001003,12,2834.161884,-0.6740126591597735,0.0,0
0.0,12,2834.183222,-0.691336654741573,0.0,0
0.003129,13,2834.205783,-0.5354823739876493,0.0,0
25.690311,66,2834.325065,2.148983325351457,2.0837167136348826,0
0.013172,13,2834.355979,-0.6220029124244004,0.0,0
0.0,12,2834.387275,-0.6544672951953456,0.0,0
0.002755,12,2834.420563,-0.6471828430115044,0.0,0
0.0,12,2834.455414,-0.6381239265949922,0.0,0
25.351556,68,2834.671646,1.693482637977775,1.772053263368337,0
0.0,13,2834.715,-0.6088265363850105,0.0,0
0.006795,13,2834.758142,-0.4592977737081641,0.0,0
0.000925,14,2834.805007,-0.4225059558803929,0.0,0
0.0,11,2834.842242,-0.7660801269041213,0.0,0
0.003441,13,2834.88894,-0.4962318045333515,0.0,0
0.020104,14,2834.939183,-0.39007358323868474,0.0,0
21.897091,66,2835.177061,1.701473771554318,1.6504507153769077,0
0.002701,14,2835.227364,-0.4061053416904276,0.0,0
0.0,14,2835.277698,-0.4302673565399786,0.0,0
0.002367,13,2835.3243,-0.5221049409501476,0.0,0
0.0,12,2835.367445,-0.712178903329987,0.0,0
0.002054,12,2835.410594,-0.7042298988123092,0.0,0
0.004203,13,2835.939971,-0.5541512045797845,0.0,0
25.701588,67,2836.050542,2.2820294646705634,2.221923053852706,0
0.000331,12,2836.07029,-0.603822716067982,0.0,0
24.877268,68,2836.219319,2.1457873079474807,2.090744912455274,0
0.012406,13,2836.252322,-0.525599459104009,0.0,0
0.000804,12,2836.286302,-0.5963474484951365,0.0,0
22.946307,68,2836.508098,1.1797401121012832,1.276945419605703,0
25.148042,67,2836.752423,2.16568191742309,2.1128627231031794,0
0.0,12,2836.796397,-0.6656005437690802,0.0,0
0.004935,12,2836.839792,-0.7481566240023961,0.0,0
0.002214,13,2836.887423,-0.5373564279511737,0.0,0
0.0,13,2836.934546,-0.5219710371708665,0.0,0
0.0,13,2836.9822,-0.6157760937095389,0.0,0
0.0,12,2837.025637,-0.7149656946177456,0.0,0
0.002294,12,2837.069747,-0.6816553419125204,0.0,0
0.0,12,2837.113483,-0.6214554996905826,0.0,0
0.0,13,2837.161417,-0.5480348446273853,0.0,0
22.44596,68,2837.410062,1.0910789406060275,1.161328607829539,0
0.0,13,2837.457395,-0.5472070225745442,0.0,0
28.07653,67,2838.073741,2.4282776008949547,2.346422252972558,0
23.486075,70,2838.203764,0.7795052100720314,0.8046308010538232,0
21.97731,66,2838.325505,1.718385536215091,1.909145776302738,0
23.808553,67,2838.433739,1.7085462256711135,1.6715099818581587,0
0.017912,14,2838.455984,-0.37395865799835726,0.0,0
25.958814,66,2838.573356,2.4199067878886873,2.3427953212084733,0
0.003717,12,2838.602265,-0.613796314752474,0.0,0
23.296258,67,2838.72563,1.6203560286305658,1.7946132630305414,0
26.173059,67,2838.849633,2.383186632264755,2.3284396389914077,0
24.660902,67,2839.437161,1.8929774643032466,1.8777761263012476,0
25.083317,68,2839.570312,1.9818545600054434,1.9298523331426036,0
0.0,13,2839.595712,-0.523906354771714,0.0,0
24.481,67,2839.72172,1.7430115069319616,1.7615005224040692,0
0.0,12,2839.7517,-0.6682532999888239,0.0,0
0.004497,12,2839.782006,-0.6335535797159014,0.0,0
0.012934,13,2839.815061,-0.5451749329758128,0.0,0
28.476242,66,2839.99621,2.432182738438844,2.3626731429927976,0
0.0,13,2840.037069,-0.5659567017589932,0.0,0
27.14835,67,2840.257044,2.16392245784801,2.1094504082527767,0
24.875956,66,2840.486331,1.7456936228232258,1.7056234779132922,0
0.0,12,2840.529093,-0.6365997587893253,0.0,0
22.523572,72,2841.217677,0.7595656536007187,0.7811503023830849,0
27.907717,74,2841.33522,0.608741023686086,0.6417745222317115,0
26.911957,67,2841.469717,1.5671900874376392,1.5159472063123065,0
33.489633,81,2841.644043,0.539396482293112,0.5581872123628574,0
27.355282,66,2841.84251,1.1317026950264344,1.0959072477962437,0
26.80161,67,2842.073505,1.9585202271445632,1.938573558638657,0
24.165158,67,2842.316064,1.1335035273253848,1.2381443938706316,0
26.972754,67,2842.558771,1.4896618951169545,1.464507057113157,0
25.867669,66,2843.143598,1.6897749396603106,1.6629235873473838,0
30.631223,73,2843.293435,0.6812035875331158,0.7319030777702645,0
26.478534,65,2843.395505,1.3970436674703228,1.3809199024198135,0
0.0,13,2843.426565,-0.5411083190854613,0.0,0
0.004067,15,2843.464777,-0.3130885166641001,0.0,0
24.738759,66,2843.663534,1.6269978907870832,1.5911517048293164,0
0.004022,12,2843.703583,-0.5619938560991142,0.0,0
29.664544,65,2843.919985,1.8359795303196118,1.7979192366332866,0
29.213788,66,2844.153079,1.8827747522670608,1.8547740183771522,0
25.117087,67,2844.391447,1.6479324948082323,1.623253345555897,0
0.0,14,2844.909858,-0.3584839193276062,0.0,0
28.450092,64,2845.031196,1.4553806557971973,1.4383398748804466,0
0.00357,14,2845.066055,-0.3872594057846334,0.0,0
0.002204,13,2845.098619,-0.5363325335460919,0.0,0
25.333506,65,2845.207698,1.0192797310757833,1.0084529086948752,0
0.0,13,2845.231408,-0.5261705254343827,0.0,0
27.097626,64,2845.368007,1.5784896365430265,1.5546835530614427,0
0.004818,12,2845.394451,-0.597943841429374,0.0,0
0.0,12,2845.42127,-0.6151735876865592,0.0,0
0.009656,14,2845.451755,-0.37438138390222075,0.0,0
26.158649,66,2845.598818,1.1420713178223723,1.1303646208953169,0
26.540884,64,2845.741089,1.625852877047598,1.5969004434180438,0
0.004931,13,2845.768988,-0.4462886664851167,0.0,0
26.820679,66,2845.912193,1.2021094545903803,1.2162170498226639,0
0.0,13,2845.939941,-0.5002932505326568,0.0,0
26.109743,68,2846.534951,1.1098687699745993,1.0884896796121875,0
0.0,13,2846.556812,-0.4837280752654356,0.0,0
27.469948,64,2846.663858,1.4591069084411457,1.42869507605322,0
0.027268,13,2846.682602,-0.5234293859076352,0.0,0
26.276923,64,2846.818713,1.30903186792742,1.2836393222416613,0
27.161542,64,2847.014489,1.6534989205064934,1.6139436254412278,0
27.462352,64,2847.239059,1.3842478877075293,1.341981930486186,0
0.0,13,2847.285956,-0.5120639924604842,0.0,0
27.92123,65,2847.520343,1.4134211503916765,1.3937578613380055,0
0.001454,14,2847.571107,-0.378444569302372,0.0,0
0.000415,14,2847.621849,-0.38847247057096146,0.0,0
0.002211,15,2847.675914,-0.3239570044989947,0.0,0
0.0,14,2847.726594,-0.44447459031807873,0.0,0
27.305786,66,2848.384049,1.1229004735802648,1.117099248210381,0
25.851904,65,2848.486634,1.6221955537979948,1.5741261533003819,0
0.0,14,2848.510208,-0.36363666016449214,0.0,0
0.0,13,2848.532344,-0.4640410184997371,0.0,0
28.779595,68,2848.648357,0.912786322238438,0.9762050348234916,0
0.0,14,2848.676949,-0.44760708458233345,0.0,0
29.425948,69,2848.869929,0.9478300957108771,0.9511938422261005,0
24.872112,64,2849.084036,1.3373760585980259,1.3064219521479496,0
0.004216,14,2849.134056,-0.3632978384683693,0.0,0
0.0,13,2849.180518,-0.5405227681224466,0.0,0
0.0,14,2849.230544,-0.37729176700640815,0.0,0
0.009652,15,2849.284215,-0.28709530342782713,0.0,0
27.291446,64,2849.515378,1.2571110399215268,1.2329524846119955,0
0.00445,13,2849.562188,-0.5197985077636453,0.0,0
33.110504,78,2850.251181,0.5000794174419038,0.5025072511892491,0
28.220252,72,2850.368028,0.7031846765685603,0.7448327915503254,0
0.000142,13,2850.390433,-0.512652766457054,0.0,0
26.051947,65,2850.495365,1.2440736012023683,1.2248545431382223,0
28.456674,64,2850.598339,1.6859136061875872,1.650251232235295,0
26.98329,67,2850.751645,1.1844316751152175,1.2340817962066966,0
0.014761,14,2850.792768,-0.4710429125253059,0.0,0
0.0,13,2850.832832,-0.47862888485912897,0.0,0
0.002106,14,2850.877142,-0.4408007093397731,0.0,0
0.0,14,2850.92259,-0.40236999290855,0.0,0
0.0,14,2850.969547,-0.39354956757089854,0.0,0
27.767601,64,2851.184989,1.5141948792089623,1.5002715312714092,0
24.540428,66,2851.415176,1.0625556762650834,1.1499491515093418,0
0.0,12,2851.905475,-0.5872381458482971,0.0,0
0.0,13,2851.926212,-0.49377501133589974,0.0,0
0.004076,15,2851.950079,-0.2638230853794273,0.0,0
0.0,15,2851.973855,-0.2864741040038634,0.0,0
0.0,14,2851.996945,-0.3691406210497079,0.0,0
26.92881,65,2852.109298,1.0899494549175828,1.0729763502822933,0
0.004434,14,2852.134343,-0.3916024175091937,0.0,0
30.708355,68,2852.263072,0.809216978879246,0.855586375374782,0
24.528146,65,2852.385271,1.315875559069395,1.2910450075502393,0
27.990765,66,2852.496259,1.0361190693741793,1.0752512701782384,0
27.821384,62,2852.643727,1.2039424820713653,1.1712511988393863,0
27.814263,64,2852.847462,1.1624162153309832,1.14745128951437,0
0.002094,16,2852.90161,-0.22777475582530865,0.0,0
0.004111,15,2852.95249,-0.2944844336144048,0.0,0
26.946116,70,2853.558272,1.057096785103309,1.046417276786044,0
0.0,14,2853.582157,-0.5238813289842286,0.0,0
0.000861,14,2853.606071,-0.49363069915720054,0.0,0
30.179114,80,2853.730639,0.5289912116520096,0.5350223011531395,0
67.327715,235,2854.092963,0.4065443523067875,0.42672581580920455,0
0.0,13,2854.113572,-0.5311326204340021,0.0,0
0.004836,13,2854.135109,-0.5365295162777902,0.0,0
0.003665,13,2854.1564,-0.5647672562371825,0.0,0
28.943756,86,2854.729327,0.438823621055408,0.4606435221242769,0
0.0,13,2854.750581,-0.5148642718268193,0.0,0
30.322815,84,2854.892962,0.6317282461829551,0.6163613181297773,0
0.004288,14,2854.916089,-0.4600790731578043,0.0,0
32.553973,83,2855.06237,0.32039421977990745,0.3346252442479775,0
0.0,14,2855.08851,-0.4493226245188706,0.0,0
0.0,15,2855.116965,-0.38214539958662014,0.0,0
26.092517,73,2855.259038,0.6795875338298702,0.7074729947950585,0
62.247896,235,2856.347239,0.3446827171731278,0.35730388093183907,0
0.002791,13,2856.367664,-0.5098874601211707,0.0,0
0.009362,13,2856.388997,-0.6069219798860725,0.0,0
0.000464,13,2856.411476,-0.6334551626016476,0.0,0
213.371843,857,2858.447483,0.549855952067117,0.5709253267318737,0
239.451429,1000,2861.140903,1.8132292565183639,0.8549005323615144,0
223.45944,1000,2864.001342,0.3157414090878327,0.0,0
0.001287,13,2864.04822,-0.5056938767958091,0.0,0
0.000697,13,2864.094427,-0.5884990188598659,0.0,0
0.0,13,2864.140593,-0.5312452255524097,0.0,0
0.0,16,2864.197434,-0.3682859713780199,0.0,0
0.001916,14,2864.251032,-0.4210372214839727,0.0,0
0.0,13,2864.300975,-0.5349278200520796,0.0,0
0.013476,13,2864.350827,-0.6032488807151563,0.0,0
0.000538,13,2864.400946,-0.5251855499825969,0.0,0
0.034621,15,2864.459247,-0.44102104973863165,0.0,0
0.003941,16,2864.520355,-0.36731756516191855,0.0,0
169.395589,703,2866.903915,0.17627885355182404,0.19286561481931133,0
136.466726,569,2868.257135,0.3123698145140647,0.3246222759151093,0
0.003809,14,2868.279527,-0.4668831125851234,0.0,0
0.0,13,2868.300242,-0.5813996592138625,0.0,0
62.195865,227,2868.985069,0.4373782445545757,0.4508663632762844,0
60.585064,231,2869.881109,0.26542913140383484,0.274476297932844,0
0.0,16,2869.913648,-0.36081933671223904,0.0,0
165.712844,696,2872.001677,0.7253254324162197,0.7704870155259331,0
225.814331,1000,2874.750525,1.025342651752857,0.0,0
0.0,13,2874.769668,-0.58493503185491,0.0,0
0.0,13,2874.788726,-0.5286713150756166,0.0,0
0.0,16,2874.811694,-0.3614480450163954,0.0,0
0.004686,12,2874.829005,-0.6465945272802773,0.0,0
0.0,12,2874.846146,-0.6146672813216064,0.0,0
0.008566,13,2874.865093,-0.6030415160645357,0.0,0
231.566572,1000,2877.48653,0.07249598439927567,0.0,0
0.007223,13,2877.520444,-0.5798372780286666,0.0,0
118.788196,498,2878.853229,0.26114370826735034,0.2819906321420738,0
0.0,13,2878.87426,-0.6089039492319,0.0,0
0.0,17,2878.911978,-0.3526529620835862,0.0,0
124.080227,506,2880.371058,0.25738756522533657,0.2650063497107931,0
153.802931,647,2882.951658,0.2091158544849513,0.21358039821046992,0
0.015614,14,2882.977083,-0.5150577019725622,0.0,0
0.004132,15,2883.004433,-0.4653141067821053,0.0,0
0.004979,15,2883.032131,-0.4422108110831161,0.0,0
0.0,12,2883.054435,-0.7211619633794846,0.0,0
97.741284,378,2884.323645,0.07634141241797134,0.0868362694498514,0
68.956359,242,2884.864155,0.27168266064329644,0.2832783447994946,0
0.0,14,2884.912952,-0.5915405570785185,0.0,0
0.001873,16,2884.970461,-0.329675526771474,0.0,0
64.235996,228,2886.251841,0.4270857309611227,0.44303023875860675,0
0.006994,16,2886.277189,-0.32423266067709783,0.0,0
0.003077,15,2886.302591,-0.44372987505518835,0.0,0
0.040485,16,2886.329216,-0.42234427452444534,0.0,0
0.022655,15,2886.35512,-0.45089035393889426,0.0,0
67.186728,240,2886.850846,0.21320422340994902,0.2344647509503268,0
0.001891,13,2886.887225,-0.6304445508340011,0.0,0
0.0,14,2886.926409,-0.5052494288701467,0.0,0
0.030496,15,2886.968478,-0.4634859877474828,0.0,0
213.286074,1000,2890.421983,1.0950937114086188,0.06693008296465959,0
0.004021,13,2890.443596,-0.5970345647555728,0.0,0
0.00367,14,2890.4676,-0.48840690070164333,0.0,0
25.851743,73,2890.587737,0.7024586109483619,0.7271673116295325,0
228.479885,1000,2893.915681,0.12199203793505563,0.0,0
227.76914,1000,2897.263548,0.4589406344188664,0.0,0
0.0,14,2897.310935,-0.611412031145248,0.0,0
0.001576,14,2897.357892,-0.5967841541652505,0.0,0
0.0,14,2897.408237,-0.6040398004844891,0.0,0
0.0,14,2897.458259,-0.6221740123825762,0.0,0
0.00411,14,2897.508369,-0.5744166956247481,0.0,0
34.188792,100,2898.269754,0.35648656999129935,0.3686954427665552,0
0.011282,14,2898.292574,-0.5956986289004007,0.0,0
0.0,15,2898.317059,-0.530212481781753,0.0,0
0.002385,14,2898.340826,-0.6132739020381293,0.0,0
0.003684,15,2898.36633,-0.5234474890820988,0.0,0
0.0,15,2898.392534,-0.5165895465542312,0.0,0
0.0,13,2898.41551,-0.6700319001266665,0.0,0
0.00173,14,2898.441254,-0.5784024860654485,0.0,0
0.002872,14,2898.466912,-0.6104987403213209,0.0,0
0.007736,14,2898.49315,-0.6016284766648234,0.0,0
64.145698,247,2898.983138,0.18855526485812943,0.19880640625542978,0
0.00349,15,2899.013225,-0.5959631023460668,0.0,0
0.002653,14,2899.041227,-0.5994558818163296,0.0,0
234.098306,1000,2902.016331,1.7656419261333847,0.7743238102750996,0
0.0,13,2902.063468,-0.6252607968841521,0.0,0
22.864681,104,2902.842839,0.5347725508951205,0.4964011300215371,0
236.95611,1000,2905.647685,1.4331661695793365,0.4442667428467871,0
166.511977,777,2908.42345,-0.7750557397472585,0.0,0
0.003379,13,2908.467395,-0.6966995575671715,0.0,0
0.0,14,2908.514511,-0.5885864593501051,0.0,0
0.0,11,2908.552539,-0.7910553939143136,0.0,0
0.000234,15,2908.6057,-0.5515106444231505,0.0,0
0.0,14,2908.652349,-0.5528911874164866,0.0,0
0.002064,13,2908.688554,-0.7183921007546794,0.0,0
0.0,13,2908.725163,-0.6568046452676878,0.0,0
0.004417,15,2908.773248,-0.5698461701775811,0.0,0
0.0,13,2908.817959,-0.6548031657094859,0.0,0
0.001722,14,2908.861148,-0.5997788136776631,0.0,0
0.0,14,2908.898716,-0.6198714012619027,0.0,0
214.424587,1000,2912.249001,1.4806149049243083,0.4777105741575609,0
0.0,16,2912.306885,-0.5036708026679468,0.0,0
0.001493,16,2912.364559,-0.45485465876416187,0.0,0
0.0,13,2912.411125,-0.6921037099372841,0.0,0
0.0,13,2912.45529,-0.686453532222182,0.0,0
0.0,14,2912.50363,-0.6162783174532745,0.0,0
0.0,15,2912.557576,-0.571161887338081,0.0,0
0.000263,14,2912.607831,-0.6626134867273082,0.0,0
0.002848,15,2912.66183,-0.5092646606953081,0.0,0
0.004488,14,2913.163965,-0.6330359502059756,0.0,0
67.938211,336,2913.977621,-0.3502669799046229,0.0,0
0.0,14,2914.02481,-0.6358953074506023,0.0,0
0.013881,13,2914.06882,-0.6571802506941979,0.0,0
0.013415,17,2914.126781,-0.47202003611697396,0.0,0
0.008929,14,2914.177388,-0.6075215642796545,0.0,0
0.0,13,2914.220255,-0.7891881227725602,0.0,0
0.02836,14,2914.269118,-0.6306567287818265,0.0,0
0.0,13,2914.315603,-0.7473989880491833,0.0,0
0.004222,13,2914.363634,-0.7022468522697796,0.0,0
0.0,13,2914.411324,-0.7279205786148336,0.0,0
0.003259,15,2914.466012,-0.5620908642399771,0.0,0
0.0,14,2914.517114,-0.6580419353678842,0.0,0
0.0,13,2914.567161,-0.7070789068150275,0.0,0
0.0,12,2915.084534,-0.7625542907836187,0.0,0
0.002687,13,2915.106721,-0.7274342507216284,0.0,0
0.0,13,2915.1277,-0.7131243754557289,0.0,0
0.0,15,2915.151544,-0.5643598379600222,0.0,0
0.001669,16,2915.176723,-0.47520375348736965,0.0,0
0.002291,15,2915.205037,-0.5308455629258753,0.0,0
0.0,13,2915.230145,-0.737212003841786,0.0,0
0.004336,13,2915.255355,-0.6828368895725011,0.0,0
0.0,13,2915.280141,-0.708260053339104,0.0,0
0.001023,13,2915.30375,-0.7991508943876326,0.0,0
0.001453,13,2915.327391,-0.7074290524710615,0.0,0
0.001292,16,2915.35738,-0.5198064052506018,0.0,0
0.002526,16,2915.388466,-0.5046590233129885,0.0,0
0.0,13,2915.417325,-0.7307831615019835,0.0,0
0.000438,13,2915.449845,-0.6875173233328394,0.0,0
0.0,13,2915.484922,-0.7999899975336774,0.0,0
0.0,13,2915.521929,-0.7274528663969337,0.0,0
0.0,13,2915.561046,-0.7690808907631715,0.0,0
0.001639,14,2915.606177,-0.6896668653252456,0.0,0
0.004988,13,2915.650006,-0.6716159611643371,0.0,0
0.001509,15,2915.700684,-0.5790518829278148,0.0,0
0.0,14,2915.748174,-0.6469649090123175,0.0,0
0.000376,14,2915.79423,-0.62586490526001,0.0,0
0.007427,14,2915.841398,-0.6484980820179177,0.0,0
0.0,14,2915.888784,-0.6039410338728202,0.0,0
0.015294,13,2915.934782,-0.6815829677736855,0.0,0
0.0,16,2915.99279,-0.5100122289231509,0.0,0
0.0,13,2916.03961,-0.7370912939402859,0.0,0
0.0,14,2916.091933,-0.6188916835065894,0.0,0
0.0,14,2916.142492,-0.7265335592080531,0.0,0
0.0,13,2916.192413,-0.7593577944850356,0.0,0
0.016546,15,2916.249075,-0.5209485031100954,0.0,0
0.0,14,2916.299569,-0.6334407105808905,0.0,0
1.3e-05,13,2916.349421,-0.6932022545367151,0.0,0
0.0,12,2916.395708,-0.7339494182527935,0.0,0
0.001431,15,2916.45681,-0.51783129632846,0.0,0
0.024538,13,2916.511054,-0.7261367554844187,0.0,0
0.052523,15,2917.089968,-0.5755816828230251,0.0,0
0.0,14,2917.117009,-0.6467676300441053,0.0,0
0.000587,16,2917.143744,-0.5720455033309804,0.0,0
0.0,14,2917.175777,-0.6192181215079212,0.0,0
0.003483,14,2917.208145,-0.6350202107057085,0.0,0
0.0,13,2917.238017,-0.7360874907476725,0.0,0
0.000638,18,2917.279441,-0.46712477261726193,0.0,0
0.0,13,2917.307667,-0.6928520173217304,0.0,0
0.0,16,2917.345901,-0.5390974297800611,0.0,0
0.019403,14,2917.380276,-0.6126511257710832,0.0,0
0.006821,16,2917.421219,-0.5266092549875727,0.0,0
0.011712,15,2917.459179,-0.612199252561612,0.0,0
0.0,15,2917.49485,-0.567205580361513,0.0,0
0.024601,13,2917.522909,-0.7290326270288213,0.0,0
0.030355,16,2917.556669,-0.5268638591860667,0.0,0
0.03555,17,2917.592851,-0.4897230108447365,0.0,0
0.0,15,2917.624223,-0.5775651864895817,0.0,0
0.007099,13,2917.652557,-0.7377915807953783,0.0,0
0.001065,13,2917.680832,-0.6955903996295987,0.0,0
6.7e-05,13,2917.709076,-0.7663592852112692,0.0,0
0.004543,13,2917.736993,-0.6821015864029438,0.0,0
0.001869,13,2917.771774,-0.6865468117919367,0.0,0
0.04835,16,2917.817883,-0.5554322369514243,0.0,0
0.018437,15,2917.862678,-0.5893422564927144,0.0,0
0.0,13,2917.9038,-0.7031094181600932,0.0,0
0.013569,12,2917.937,-0.7829171985526594,0.0,0
0.002808,13,2917.974955,-0.7167742239674826,0.0,0
0.004699,13,2918.011457,-0.6983028334403812,0.0,0
0.003194,13,2918.053085,-0.7515870138532624,0.0,0
0.0,14,2918.098369,-0.628506842846076,0.0,0
0.002622,13,2918.14288,-0.6696151884349648,0.0,0
0.006297,15,2918.193896,-0.6532383296823923,0.0,0
0.018587,14,2918.241424,-0.6843617313594413,0.0,0
0.003043,13,2918.286208,-0.7038767686176963,0.0,0
0.004474,13,2918.332403,-0.7776982656712583,0.0,0
0.038726,15,2918.389673,-0.6017669715160004,0.0,0
0.002019,13,2918.94961,-0.7390603277381063,0.0,0
0.001092,14,2918.972584,-0.6205198657153765,0.0,0
0.004007,15,2919.007031,-0.617136751643364,0.0,0
0.003503,12,2919.029387,-0.8391836395635996,0.0,0
0.003555,12,2919.04828,-0.7609554410706366,0.0,0
0.0,14,2919.072177,-0.6418268778762729,0.0,0
0.0,14,2919.100133,-0.6451110528704213,0.0,0
0.000863,13,2919.133161,-0.6895825854034393,0.0,0
0.000272,14,2919.16036,-0.6402600399406072,0.0,0
0.029899,13,2919.184068,-0.7123133864510033,0.0,0
0.004925,12,2919.206617,-0.7171992747604192,0.0,0
0.0,13,2919.23253,-0.7104742303475022,0.0,0
0.0,13,2919.26094,-0.7641230860646323,0.0,0
0.009315,13,2919.291966,-0.7345337673640898,0.0,0
0.003369,14,2919.327691,-0.6223377911075916,0.0,0
0.012891,16,2919.368523,-0.5267649481188846,0.0,0
0.004568,13,2919.401685,-0.7146950231255762,0.0,0
0.0,13,2919.434882,-0.7038025555827577,0.0,0
0.019222,13,2919.468113,-0.7375252998832879,0.0,0
0.0,13,2919.501296,-0.7655986910837235,0.0,0
0.001875,13,2919.534314,-0.7184850178688609,0.0,0
0.0,13,2919.567955,-0.7445641891272687,0.0,0
0.003702,13,2919.603536,-0.7344775211270661,0.0,0
0.004965,15,2919.647921,-0.5700753357778011,0.0,0
0.0,13,2919.688468,-0.7409824732363075,0.0,0
0.0,13,2919.731156,-0.7293888017420375,0.0,0
0.002569,15,2919.781651,-0.6097921135975919,0.0,0
0.003733,16,2919.835517,-0.5075192379416499,0.0,0
0.015251,14,2919.883269,-0.6762555766574201,0.0,0
0.0,12,2919.926471,-0.7412204054683461,0.0,0
0.00482,16,2919.984545,-0.5383352430176138,0.0,0
0.0,14,2920.035402,-0.6506283027796235,0.0,0
0.0,13,2920.082687,-0.7383925454178346,0.0,0
0.0,13,2920.12966,-0.7581986514287092,0.0,0
0.015115,14,2920.180001,-0.706987980936805,0.0,0
0.0,14,2920.23025,-0.5913784158030374,0.0,0
0.0,14,2920.28041,-0.6260997299631782,0.0,0
0.0,16,2920.337978,-0.49525415893817704,0.0,0
0.0,15,2920.833889,-0.5995147116029319,0.0,0
0.0,13,2920.876777,-0.7430966514704431,0.0,0
0.0,13,2920.916723,-0.7034878913598539,0.0,0
0.0,13,2920.948755,-0.721095711856618,0.0,0
0.0,14,2920.975924,-0.676506585629325,0.0,0
0.000339,13,2921.000883,-0.6859228825856658,0.0,0
0.004264,16,2921.030444,-0.5288814352703007,0.0,0
0.0,13,2921.054048,-0.7191401168444056,0.0,0
0.0,14,2921.080262,-0.6284582039151277,0.0,0
0.019597,12,2921.104606,-0.8215436081094731,0.0,0
0.00235,13,2921.133231,-0.6798819678035971,0.0,0
214.23046,1000,2924.255932,0.811246025616407,0.0,0
0.0,13,2924.281052,-0.7986998767795978,0.0,0
0.0,14,2924.307438,-0.7222258013827717,0.0,0
0.000287,13,2924.334767,-0.7380094153831297,0.0,0
0.0009,14,2924.370142,-0.6594991044723965,0.0,0
0.000489,13,2924.401809,-0.754716726117621,0.0,0
0.021228,13,2924.422574,-0.7493923973865181,0.0,0
0.003458,13,2924.442944,-0.7870606955697514,0.0,0
0.00144,14,2924.46509,-0.6360457429941854,0.0,0
0.037939,14,2924.487684,-0.6536132330112,0.0,0
0.000707,13,2924.508425,-0.6508182506742614,0.0,0
0.0,13,2924.529547,-0.7574553074234297,0.0,0
0.046652,13,2924.554476,-0.6710270213821392,0.0,0
0.0,13,2924.58028,-0.7759570998790102,0.0,0
0.037297,15,2924.612263,-0.5478510299944683,0.0,0
0.007841,13,2924.639545,-0.7027416427754529,0.0,0
0.0,13,2924.667734,-0.7107504413376518,0.0,0
5.2e-05,15,2924.702173,-0.558808961893255,0.0,0
0.019042,14,2924.739587,-0.6560953409125594,0.0,0
0.0,13,2924.77635,-0.7719612079272997,0.0,0
0.0,14,2924.818116,-0.6305147044188892,0.0,0
0.0,12,2924.856076,-0.7695438987468075,0.0,0
0.0,12,2924.893913,-0.7313449393384421,0.0,0
0.00086,12,2924.933067,-0.7481472044782043,0.0,0
0.002629,12,2924.973214,-0.7953731710319893,0.0,0
0.0,14,2925.020274,-0.7101257296996588,0.0,0
0.0,13,2925.064013,-0.6703778387387705,0.0,0
0.000154,14,2925.111132,-0.6986012721621747,0.0,0
0.000425,13,2925.154738,-0.7509094515236545,0.0,0
0.021607,15,2925.206458,-0.6427661481239031,0.0,0
0.004548,12,2925.687342,-0.8279136698909842,0.0,0
0.00409,13,2925.708979,-0.7247970825584308,0.0,0
0.003269,13,2925.729847,-0.7309842939515928,0.0,0
0.0,14,2925.752787,-0.653546731082127,0.0,0
0.004311,13,2925.774227,-0.7086038639288534,0.0,0
0.0,12,2925.795229,-0.7583208331424284,0.0,0
0.016333,12,2925.815657,-0.8015565461978922,0.0,0
0.004504,12,2925.836614,-0.7550238892277682,0.0,0
0.000837,12,2925.857643,-0.7767460731696839,0.0,0
0.002197,13,2925.879807,-0.6639107880696051,0.0,0
0.005868,13,2925.901077,-0.6894425848331462,0.0,0
0.0,14,2925.923793,-0.6797592344788969,0.0,0
0.003456,14,2925.947287,-0.6757715085917799,0.0,0
0.003779,14,2925.970853,-0.6436743066555136,0.0,0
0.0,12,2925.991986,-0.7611601357830107,0.0,0
0.00383,13,2926.014824,-0.7375003754483396,0.0,0
0.0,12,2926.036493,-0.7871594493698096,0.0,0
0.002336,12,2926.057606,-0.7752278182580951,0.0,0
0.0,14,2926.080882,-0.6984404697502187,0.0,0
0.0,14,2926.103807,-0.6515239100418763,0.0,0
4e-05,12,2926.123651,-0.7606663966058279,0.0,0
0.000236,13,2926.154175,-0.7862209046377542,0.0,0
0.000348,12,2926.184381,-0.8004412402145658,0.0,0
0.0,13,2926.219556,-0.7817759617242633,0.0,0
0.001758,14,2926.259074,-0.720919470013855,0.0,0
0.030337,14,2926.300714,-0.6319277740035223,0.0,0
0.013951,13,2926.338708,-0.7523688032736852,0.0,0
0.020859,13,2926.371442,-0.7163227515826486,0.0,0
0.021705,13,2926.40262,-0.6857409199016533,0.0,0
0.0,12,2926.429973,-0.7381836709240235,0.0,0
0.013311,13,2926.459146,-0.7307317757992485,0.0,0
0.004277,13,2926.487341,-0.7731786359064997,0.0,0
0.0,14,2926.517928,-0.732917704807128,0.0,0
0.001507,12,2926.543679,-0.7474633807205815,0.0,0
0.0,13,2926.570775,-0.780255772060136,0.0,0
0.012981,13,2926.598176,-0.7094152129452229,0.0,0
0.0,12,2926.623317,-0.7979265257004158,0.0,0
0.004484,14,2926.652489,-0.70489635306448,0.0,0
0.030358,13,2926.679712,-0.7269959475615568,0.0,0
0.002103,12,2926.704891,-0.7749174533541322,0.0,0
0.003235,13,2927.167322,-0.752966562371348,0.0,0
0.002371,12,2927.186525,-0.7263776355877313,0.0,0
9.8e-05,12,2927.206024,-0.7803497807582603,0.0,0
0.0,14,2927.228781,-0.6422985640618178,0.0,0
0.0,12,2927.248512,-0.8183312156466229,0.0,0
0.0,12,2927.268867,-0.7736990315162459,0.0,0
0.019819,13,2927.290806,-0.7337934145489747,0.0,0
0.001304,13,2927.313836,-0.73457234584608,0.0,0
0.0,13,2927.337074,-0.724268967585829,0.0,0
0.001717,13,2927.360869,-0.7432128851055354,0.0,0
0.0,14,2927.38601,-0.6540107753366834,0.0,0
0.031752,14,2927.411946,-0.5929895113590417,0.0,0
0.00971,12,2927.43412,-0.782372172013633,0.0,0
0.0,13,2927.458487,-0.7316471492721024,0.0,0
0.002,13,2927.482908,-0.7422861668173273,0.0,0
0.003547,13,2927.507813,-0.7011563626209308,0.0,0
0.0,12,2927.530803,-0.7695641700350875,0.0,0
0.021189,14,2927.55662,-0.6413067153338918,0.0,0
0.0,13,2927.580929,-0.7639680425958473,0.0,0
0.001278,13,2927.606076,-0.7836907597926436,0.0,0
0.000434,13,2927.631059,-0.7440111103236278,0.0,0
0.0,14,2927.657967,-0.6536145533139478,0.0,0
0.000556,13,2927.682966,-0.7672646848916889,0.0,0
0.0,12,2927.706228,-0.7693661808065085,0.0,0
0.001213,13,2927.730884,-0.7487817675531272,0.0,0
0.003568,13,2927.75579,-0.7726751172775277,0.0,0
0.0,13,2927.780672,-0.6833896761419461,0.0,0
0.002446,13,2927.805663,-0.6833159804215695,0.0,0
0.0,14,2927.832455,-0.65794602693582,0.0,0
0.0,13,2927.857269,-0.7336371642993456,0.0,0
0.038689,13,2927.882444,-0.7329953724365597,0.0,0
0.004138,13,2927.907467,-0.696949950144652,0.0,0
0.0,13,2927.932363,-0.7372120481110157,0.0,0
0.001996,14,2927.959115,-0.6497136030241051,0.0,0
0.002926,13,2927.983706,-0.7324666611136376,0.0,0
0.0,12,2928.006704,-0.7728967803846248,0.0,0
0.002543,13,2928.031655,-0.7170480383830903,0.0,0
0.0,14,2928.058549,-0.7122741825853335,0.0,0
0.002222,13,2928.083436,-0.7380559414484039,0.0,0
0.00962,12,2928.54615,-0.7116794273243917,0.0,0
0.003424,14,2928.568353,-0.6891396662821565,0.0,0
0.0,13,2928.589307,-0.7323034538597615,0.0,0
0.0,13,2928.610284,-0.7777565175031265,0.0,0
0.0,12,2928.62947,-0.7587383428310783,0.0,0
0.0,13,2928.650724,-0.7720800431089341,0.0,0
0.0,12,2928.671087,-0.8083996408323396,0.0,0
0.01333,13,2928.692968,-0.7342441867906011,0.0,0
0.0,13,2928.716009,-0.7157300848448402,0.0,0
0.009274,13,2928.739073,-0.716142735086062,0.0,0
0.0,13,2928.762628,-0.7903859832856819,0.0,0
0.0,12,2928.784446,-0.7654223454161853,0.0,0
0.001362,12,2928.807166,-0.7550678959585237,0.0,0
0.0,13,2928.831331,-0.6522727662084772,0.0,0
0.02356,13,2928.855409,-0.6896443046214641,0.0,0
0.0,12,2928.877882,-0.7895459035186105,0.0,0
0.000588,13,2928.902817,-0.7405876419548547,0.0,0
0.006865,13,2928.927886,-0.7194577869607767,0.0,0
0.003787,13,2928.952766,-0.7145920984537996,0.0,0
0.001883,12,2928.975901,-0.7259940902981399,0.0,0
0.0,14,2929.002604,-0.6488718307080431,0.0,0
0.001176,13,2929.027632,-0.7845040160656778,0.0,0
0.009112,14,2929.054743,-0.7105958687123489,0.0,0
7.6e-05,13,2929.0798,-0.6720498329895714,0.0,0
0.0,12,2929.102684,-0.764968811400354,0.0,0
0.0,12,2929.125525,-0.7713640406027259,0.0,0
0.00377,12,2929.148386,-0.7334601735719454,0.0,0
0.0,14,2929.175458,-0.6752717524249213,0.0,0
0.00188,12,2929.198406,-0.7347409231611371,0.0,0
0.025413,13,2929.223578,-0.7369239603956441,0.0,0
0.043624,12,2929.246461,-0.7504600904214487,0.0,0
0.002986,14,2929.273547,-0.6482581857592117,0.0,0
0.0,12,2929.296284,-0.7738379493959228,0.0,0
0.0,12,2929.319263,-0.7403809463705728,0.0,0
0.0,13,2929.34536,-0.7626152315098805,0.0,0
0.0,14,2929.380136,-0.7247028022584027,0.0,0
0.016822,13,2929.415459,-0.762312747544451,0.0,0
0.000569,12,2929.449546,-0.727105072261278,0.0,0
0.0,13,2929.488638,-0.7173002710822245,0.0,0
0.004867,12,2929.526629,-0.7801464028264903,0.0,0
0.0,13,2930.030185,-0.7830858069343747,0.0,0
0.0,12,2930.048972,-0.8071014804391987,0.0,0
0.023772,13,2930.0688,-0.757764841706429,0.0,0
0.021617,13,2930.090883,-0.7620305550234046,0.0,0
0.026114,13,2930.113295,-0.7451438875117866,0.0,0
0.0,12,2930.136845,-0.7655577944490526,0.0,0
0.012397,12,2930.160351,-0.7605351937221516,0.0,0
0.004065,12,2930.183608,-0.7859227359680335,0.0,0
0.004024,13,2930.208725,-0.7455783832552757,0.0,0
0.000512,12,2930.232025,-0.7673502783520671,0.0,0
0.026888,13,2930.257037,-0.7189251519656239,0.0,0
0.015027,13,2930.282086,-0.7337674002373126,0.0,0
0.001344,12,2930.30404,-0.831077036610245,0.0,0
0.002787,12,2930.323481,-0.8273442937600483,0.0,0
0.004985,13,2930.345713,-0.7742953600569957,0.0,0
0.015295,12,2930.366438,-0.845296335448505,0.0,0
0.0,12,2930.387483,-0.8044179753745406,0.0,0
0.000844,13,2930.411417,-0.6915705216580286,0.0,0
0.003294,13,2930.435068,-0.7231533598341463,0.0,0
0.0,12,2930.456802,-0.8216799422989063,0.0,0
0.003634,12,2930.478942,-0.7637674196834919,0.0,0
0.000429,12,2930.502633,-0.8084218521447121,0.0,0
0.015011,12,2930.525568,-0.8196033445980625,0.0,0
0.015068,13,2930.550437,-0.7594702796152464,0.0,0
0.032683,14,2930.577018,-0.6849803683161709,0.0,0
0.000939,12,2930.599883,-0.7996331872095322,0.0,0
0.0,12,2930.622718,-0.8314129827430995,0.0,0
0.019614,14,2930.64961,-0.7255413113291919,0.0,0
0.003663,13,2930.674694,-0.8113719416213998,0.0,0
0.003569,13,2930.699676,-0.6817946829053217,0.0,0
0.0,12,2930.723092,-0.8004204316799427,0.0,0
0.001425,13,2930.748173,-0.7504205471484037,0.0,0
8.5e-05,12,2930.771329,-0.8090972552734874,0.0,0
0.0,12,2930.794437,-0.7982745575074941,0.0,0
0.046122,12,2930.814314,-0.8388295606170256,0.0,0
0.003932,12,2930.83351,-0.7603339754427318,0.0,0
0.004992,12,2930.851708,-0.8011793366887323,0.0,0
0.0,12,2930.870627,-0.8303922157229173,0.0,0
0.0,12,2930.890214,-0.7587563382336291,0.0,0
0.0,12,2930.911495,-0.8336997291725772,0.0,0
0.002458,12,2930.937289,-0.7828375005430923,0.0,0
0.019188,14,2931.405118,-0.6602998120064554,0.0,0
0.00141,13,2931.425162,-0.7126511384853815,0.0,0
0.000769,12,2931.444499,-0.8659461802181412,0.0,0
0.0,12,2931.463357,-0.7607534410954192,0.0,0
0.004194,12,2931.482874,-0.7856595925934498,0.0,0
0.008729,14,2931.506367,-0.7359258284801039,0.0,0
0.004935,12,2931.527317,-0.7980393794066428,0.0,0
0.0,14,2931.551734,-0.6745642716801139,0.0,0
0.001193,12,2931.572312,-0.7780681241992902,0.0,0
0.06181,13,2931.593922,-0.743609768030891,0.0,0
0.009811,13,2931.616294,-0.8058553208652276,0.0,0
0.000665,12,2931.635266,-0.7723961870974675,0.0,0
0.0,12,2931.653818,-0.7757455402969731,0.0,0
0.038933,12,2931.673336,-0.7385824191436442,0.0,0
0.002983,13,2931.694765,-0.7817630770066522,0.0,0
0.001672,13,2931.715121,-0.7015314496190711,0.0,0
0.014186,13,2931.73597,-0.7439594155992381,0.0,0
0.001524,12,2931.755347,-0.7650985222344698,0.0,0
0.0,12,2931.774637,-0.7921663094300686,0.0,0
0.0,13,2931.795801,-0.7256403573007926,0.0,0
0.004236,13,2931.816705,-0.801815330370846,0.0,0
0.0,13,2931.837422,-0.7669410755726499,0.0,0
0.0,12,2931.856429,-0.7833180737524164,0.0,0
0.0,13,2931.876904,-0.7314706363914539,0.0,0
0.0,12,2931.895775,-0.816394180766484,0.0,0
0.026036,14,2931.918505,-0.7059213590662378,0.0,0
0.003598,12,2931.937495,-0.7247585079060915,0.0,0
0.001534,12,2931.956615,-0.7295772012436583,0.0,0
0.003838,13,2931.976964,-0.7012995175345256,0.0,0
0.00724,12,2931.995746,-0.8277775755647637,0.0,0
0.0,12,2932.014624,-0.8345736429861684,0.0,0
0.0,12,2932.033737,-0.8380457334278214,0.0,0
0.0,13,2932.054179,-0.7590895714110838,0.0,0
0.01556,13,2932.078506,-0.7349701176047231,0.0,0
0.0,13,2932.110089,-0.722483475148014,0.0,0
0.003521,14,2932.145085,-0.7712483223932434,0.0,0
0.003259,12,2932.175212,-0.8315029800204956,0.0,0
0.0,13,2932.205848,-0.7282715421318817,0.0,0
0.0,14,2932.237974,-0.680063300275037,0.0,0
0.0,13,2932.271477,-0.8125929681555274,0.0,0
0.003827,13,2932.307307,-0.7326130178008323,0.0,0
0.003411,12,2932.770563,-0.7751782566506747,0.0,0
0.002886,12,2932.789889,-0.8123622624031308,0.0,0
0.0,14,2932.812015,-0.7480169806471718,0.0,0
0.0,12,2932.83141,-0.8225796575343948,0.0,0
0.0,14,2932.854712,-0.744908080983884,0.0,0
0.004615,13,2932.876658,-0.7430653379189862,0.0,0
0.001805,13,2932.898739,-0.7149774973025917,0.0,0
0.0,13,2932.92171,-0.7763633916484913,0.0,0
0.003778,12,2932.94306,-0.7808027812431017,0.0,0
0.017555,12,2932.964874,-0.8497691188607518,0.0,0
0.0,12,2932.986785,-0.8239664025671785,0.0,0
0.006181,12,2933.009082,-0.7910353544205886,0.0,0
0.004319,12,2933.031143,-0.78137395417857,0.0,0
0.035864,13,2933.055464,-0.715782377221617,0.0,0
0.0,12,2933.078348,-0.843663297819746,0.0,0
0.000888,12,2933.101116,-0.77694698942616,0.0,0
0.046202,12,2933.124056,-0.8120613981365411,0.0,0
0.001865,13,2933.148957,-0.7872411955392427,0.0,0
0.003025,13,2933.173891,-0.7720340793327664,0.0,0
0.00192,13,2933.198713,-0.7781451793125004,0.0,0
0.0,13,2933.223718,-0.7837472236796731,0.0,0
0.0,13,2933.248442,-0.7942698439033334,0.0,0
0.0,14,2933.275431,-0.7447425006213747,0.0,0
0.013524,13,2933.300376,-0.7685675048591346,0.0,0
0.002195,13,2933.325314,-0.7523417183677468,0.0,0
0.001929,12,2933.348084,-0.7771277638887168,0.0,0
0.017303,13,2933.373085,-0.7637669937391113,0.0,0
0.003216,13,2933.398016,-0.8407607494182626,0.0,0
0.026009,12,2933.420825,-0.7850268336854971,0.0,0
0.0,12,2933.443696,-0.8249084518975478,0.0,0
0.0,13,2933.468508,-0.7547616012905071,0.0,0
0.002697,12,2933.49166,-0.7520997738365207,0.0,0
0.010418,13,2933.516686,-0.774446176190391,0.0,0
0.019768,12,2933.539588,-0.8320048811385928,0.0,0
0.003092,12,2933.562634,-0.7928644516865334,0.0,0
0.003806,13,2933.58748,-0.7758861400594766,0.0,0
0.0,12,2933.610534,-0.8344391046437275,0.0,0
0.009197,12,2933.633438,-0.7988434247785683,0.0,0
0.007443,12,2933.656552,-0.780923070411074,0.0,0
0.0,13,2933.68136,-0.7556070300434868,0.0,0
0.0,12,2934.145659,-0.8471080848141719,0.0,0
0.003745,13,2934.167204,-0.7211497326842552,0.0,0
0.0,14,2934.190279,-0.7003144402035113,0.0,0
0.019166,13,2934.212009,-0.7402880023365562,0.0,0
0.000281,14,2934.235696,-0.7194249827166549,0.0,0
0.000779,12,2934.256029,-0.772689838764125,0.0,0
9.3e-05,13,2934.278133,-0.7412695052936037,0.0,0
0.035262,14,2934.302223,-0.6961194083340706,0.0,0
0.02661,13,2934.325298,-0.7746275849998475,0.0,0
0.0,13,2934.34876,-0.7637966896425887,0.0,0
0.0,14,2934.373929,-0.7608523054440102,0.0,0
0.000761,13,2934.397769,-0.757342105408269,0.0,0
0.0,13,2934.422092,-0.7457364125929812,0.0,0
0.0,13,2934.446099,-0.7651093648950328,0.0,0
0.0,14,2934.472077,-0.752974746886056,0.0,0
0.001833,12,2934.494955,-0.81577944882605,0.0,0
0.0,13,2934.519871,-0.7968108518733517,0.0,0
0.0,12,2934.542841,-0.7616188596788989,0.0,0
0.011074,13,2934.567502,-0.8134225051334915,0.0,0
0.000526,14,2934.594262,-0.683667784644123,0.0,0
0.004194,12,2934.617122,-0.7856121001655789,0.0,0
0.003705,12,2934.640076,-0.7672526083838203,0.0,0
0.003404,12,2934.663113,-0.8312385603990452,0.0,0
0.002178,12,2934.686052,-0.7985593407980452,0.0,0
0.003605,13,2934.710786,-0.7954082605742315,0.0,0
0.009487,13,2934.735878,-0.7682638129231212,0.0,0
0.01033,14,2934.762649,-0.714922615599219,0.0,0
0.0,14,2934.789482,-0.6915343017355411,0.0,0
0.004097,14,2934.816403,-0.7466212994707001,0.0,0
0.004684,14,2934.84316,-0.7053079695552573,0.0,0
0.0,12,2934.866198,-0.7973675118898389,0.0,0
0.025329,12,2934.889239,-0.788820177632776,0.0,0
0.001348,13,2934.91409,-0.7656635310068729,0.0,0
0.0,13,2934.937315,-0.7735746888089737,0.0,0
0.0,13,2934.960537,-0.7638732831469656,0.0,0
0.0,12,2934.982814,-0.791556819829721,0.0,0
0.002754,14,2935.009328,-0.7390091124897415,0.0,0
0.0,13,2935.034344,-0.7825924725192318,0.0,0
0.002312,13,2935.059308,-0.7457296140369625,0.0,0
0.022215,13,2935.084084,-0.7604777774289094,0.0,0
0.0,14,2935.555468,-0.6637846885866191,0.0,0
0.003957,12,2935.574722,-0.8092373023033649,0.0,0
0.002117,12,2935.593791,-0.8493082755475672,0.0,0
0.001031,12,2935.612601,-0.8220134790381193,0.0,0
0.004946,12,2935.634367,-0.785354109279922,0.0,0
0.001572,13,2935.659412,-0.7198641744719999,0.0,0
0.028469,12,2935.682138,-0.8204068079778498,0.0,0
0.001182,12,2935.702357,-0.8175933475075112,0.0,0
0.001132,12,2935.723101,-0.7845342261926039,0.0,0
6.6e-05,12,2935.744228,-0.8075733930776992,0.0,0
0.016461,13,2935.767338,-0.7739782882168972,0.0,0
0.0,13,2935.790853,-0.7501198244605506,0.0,0
0.004789,13,2935.814601,-0.7973945928423606,0.0,0
0.005801,13,2935.8389,-0.73630887304807,0.0,0
0.0,13,2935.862713,-0.7510805357448486,0.0,0
0.004502,14,2935.888875,-0.6754226404489679,0.0,0
0.00192,12,2935.911951,-0.8494390485071284,0.0,0
0.0,13,2935.936955,-0.7840606858626895,0.0,0
0.0,13,2935.960569,-0.7573029725382933,0.0,0
0.00301,12,2935.983699,-0.8326342693267826,0.0,0
0.002399,13,2936.008453,-0.7587245414191537,0.0,0
0.023542,13,2936.033355,-0.7382250686886731,0.0,0
0.004106,12,2936.056312,-0.8343593247412362,0.0,0
0.001164,13,2936.081051,-0.7985960269285141,0.0,0
0.007575,13,2936.105788,-0.7406406348680338,0.0,0
0.0,12,2936.128801,-0.805411580506071,0.0,0
0.004407,12,2936.152009,-0.8253231033956686,0.0,0
0.036341,13,2936.176995,-0.7566606168177084,0.0,0
0.002529,12,2936.200358,-0.7559114955290401,0.0,0
0.0,13,2936.225363,-0.7278122857663369,0.0,0
0.020971,12,2936.248794,-0.8307034984027536,0.0,0
0.000689,13,2936.274429,-0.717818648155752,0.0,0
0.004878,13,2936.300142,-0.7568988905773731,0.0,0
0.00743,13,2936.326003,-0.8466493599396958,0.0,0
0.0,14,2936.353684,-0.6742608884310417,0.0,0
0.000755,13,2936.379539,-0.7051021678770004,0.0,0
0.0,13,2936.405241,-0.8116926955924351,0.0,0
0.004044,12,2936.429084,-0.8032415703052711,0.0,0
0.000974,12,2936.452739,-0.8446527108850088,0.0,0
0.004548,12,2936.476404,-0.7745153753280521,0.0,0
0.002255,13,2936.965453,-0.7311453510999756,0.0,0
0.001302,12,2936.984578,-0.9210505869064899,0.0,0
0.00371,12,2937.002601,-0.857329324919101,0.0,0
0.005626,12,2937.02142,-0.8485238038039123,0.0,0
0.018292,13,2937.042652,-0.7921822910894862,0.0,0
0.0,12,2937.062285,-0.8574203083421239,0.0,0
0.0,12,2937.082604,-0.8308097136541024,0.0,0
0.0,12,2937.102598,-0.9093669086892788,0.0,0
0.005349,13,2937.125234,-0.7376160888074318,0.0,0
0.0,13,2937.148228,-0.7613457463517148,0.0,0
0.028415,12,2937.169482,-0.7806298754316339,0.0,0
0.0,13,2937.19326,-0.7650809157502234,0.0,0
0.018453,12,2937.215316,-0.8412950496200212,0.0,0
0.016822,12,2937.238036,-0.8514894992860371,0.0,0
0.011506,12,2937.260357,-0.8376953901615429,0.0,0
0.001158,13,2937.284436,-0.7548695369854569,0.0,0
0.002585,12,2937.30706,-0.8187896944192724,0.0,0
0.015242,12,2937.329978,-0.7584663550852522,0.0,0
0.0,13,2937.354972,-0.7887630229749582,0.0,0
0.003009,12,2937.377904,-0.8179343366533162,0.0,0
0.0,13,2937.402875,-0.7817489201406437,0.0,0
0.025291,12,2937.425905,-0.8310343654160041,0.0,0
0.002706,12,2937.449016,-0.7811477935076226,0.0,0
0.010112,12,2937.472234,-0.8545308597187365,0.0,0
0.0,13,2937.496958,-0.7538115660127048,0.0,0
0.0,12,2937.519745,-0.7659301506155332,0.0,0
0.0,13,2937.542534,-0.7557181002621884,0.0,0
0.0,13,2937.564808,-0.8044338475246431,0.0,0
0.0,13,2937.586718,-0.7473617723665301,0.0,0
0.001244,12,2937.607406,-0.8285476505248375,0.0,0
0.0,13,2937.62915,-0.7466402573872956,0.0,0
0.00699,13,2937.650454,-0.806442521933749,0.0,0
0.022664,13,2937.671408,-0.7994062155817054,0.0,0
0.000354,13,2937.692767,-0.7540820910237996,0.0,0
0.0,12,2937.717361,-0.8355703602528047,0.0,0
0.0,12,2937.746772,-0.8341223946385312,0.0,0
0.0,12,2937.778112,-0.8385558691345103,0.0,0
0.0,13,2937.814042,-0.8044547988021366,0.0,0
0.000506,12,2937.84856,-0.7928846768802723,0.0,0
0.001215,13,2937.887844,-0.7752908884938138,0.0,0
0.00135,13,2937.92884,-0.8338918780537058,0.0,0
0.003729,13,2938.473102,-0.8147755579017587,0.0,0
2.7e-05,12,2938.492041,-0.7969724771432737,0.0,0
0.0,12,2938.510229,-0.8481896113522951,0.0,0
0.025566,13,2938.530742,-0.7330211512352525,0.0,0
0.022346,13,2938.554255,-0.7609967157377787,0.0,0
0.007651,13,2938.579525,-0.7818927533534773,0.0,0
0.001058,13,2938.604774,-0.7509148707405509,0.0,0
0.001941,14,2938.631545,-0.7373229992302178,0.0,0
0.0015,12,2938.65369,-0.8537065486652278,0.0,0
0.004642,12,2938.673598,-0.8331529348444584,0.0,0
0.008716,12,2938.692759,-0.8147552365930125,0.0,0
0.00368,12,2938.712044,-0.8298647125944792,0.0,0
0.0,13,2938.733206,-0.7890966822850787,0.0,0
0.0,12,2938.7537,-0.8273812396202466,0.0,0
0.0,12,2938.775889,-0.8365522700012656,0.0,0
0.013714,12,2938.800697,-0.8141844693296083,0.0,0
0.001106,13,2938.831573,-0.7216803135225502,0.0,0
0.004497,13,2938.865434,-0.7987933471112173,0.0,0
0.0,12,2938.899015,-0.8999485778112273,0.0,0
0.004741,12,2938.934329,-0.8486707696496293,0.0,0
0.0,12,2938.97112,-0.8761378001842874,0.0,0
0.004194,14,2939.016031,-0.7710645526309515,0.0,0
0.000869,12,2939.058433,-0.8658690095857985,0.0,0
0.004868,13,2939.102239,-0.7345366235977348,0.0,0
0.0,13,2939.145602,-0.7622738775652339,0.0,0
0.0,13,2939.189633,-0.8324490984444958,0.0,0
0.005003,12,2939.23022,-0.7543570569251167,0.0,0
0.0,12,2939.271706,-0.8039225817451366,0.0,0
0.0,13,2939.318124,-0.8072372977046237,0.0,0
0.022709,12,2939.361268,-0.823336932726874,0.0,0
0.0,13,2939.407975,-0.7865294351014628,0.0,0
0.0,12,2939.451002,-0.8358071246027284,0.0,0
0.004815,12,2939.494115,-0.8255728906682905,0.0,0
0.0,12,2939.537221,-0.8554235197010367,0.0,0
0.0,13,2939.583995,-0.7601789057898336,0.0,0
0.004954,13,2939.631572,-0.8261274375152567,0.0,0
0.000446,13,2939.678342,-0.7893649238606153,0.0,0
0.0,14,2939.728978,-0.7643404465801737,0.0,0
0.005245,13,2939.77591,-0.739499765690929,0.0,0
0.001084,13,2939.822757,-0.8237806255574318,0.0,0
0.002086,12,2939.865706,-0.8337223006411895,0.0,0
0.000355,12,2940.413442,-0.8370871397886206,0.0,0
0.0,12,2940.432241,-0.8186798386231169,0.0,0
0.003292,13,2940.457598,-0.7792020346269555,0.0,0
0.032574,13,2940.482706,-0.8009027111343735,0.0,0
0.003595,12,2940.505754,-0.7779030073522023,0.0,0
0.003443,12,2940.52882,-0.8324271108647775,0.0,0
0.0,12,2940.551978,-0.9228584398260006,0.0,0
0.0,13,2940.576829,-0.7490789178008348,0.0,0
0.00024,12,2940.602012,-0.8645818556320747,0.0,0
0.013173,13,2940.634656,-0.761695510045598,0.0,0
0.004175,12,2940.665181,-0.83238144460299,0.0,0
0.0,12,2940.694831,-0.8149281097994349,0.0,0
0.002101,12,2940.724768,-0.8352862519125074,0.0,0
0.0,14,2940.762154,-0.7200828499960434,0.0,0
0.0,12,2940.796163,-0.8309392780190302,0.0,0
0.0,12,2940.831782,-0.8235482772433705,0.0,0
0.025931,12,2940.868934,-0.8490548509705579,0.0,0
0.00374,12,2940.906976,-0.8731269008295207,0.0,0
0.0,12,2940.945019,-0.8855791329369802,0.0,0
0.0,12,2940.985443,-0.8119816173653369,0.0,0
0.001716,13,2941.02979,-0.7298577658332907,0.0,0
0.013268,12,2941.074528,-0.7923490126585939,0.0,0
0.003285,12,2941.120695,-0.7587735075717164,0.0,0
0.0,12,2941.165855,-0.7881895869831098,0.0,0
0.004873,12,2941.211209,-0.7772137792232371,0.0,0
0.0,13,2941.26068,-0.7538148455492517,0.0,0
0.0,13,2941.312934,-0.815942817453431,0.0,0
0.0,11,2941.358149,-0.8622128191786549,0.0,0
0.0,12,2941.407621,-0.8911444685159143,0.0,0
0.008023,13,2941.46108,-0.7661109553358347,0.0,0
0.0,13,2941.513585,-0.7634929748757945,0.0,0
0.001774,12,2941.562539,-0.8250756713293362,0.0,0
0.0,12,2941.611683,-0.8680695790618081,0.0,0
0.0,12,2941.65862,-0.8364280433562112,0.0,0
0.0,12,2941.705184,-0.7887714534338433,0.0,0
0.0,12,2941.751914,-0.8299196189939034,0.0,0
0.002933,13,2941.80237,-0.7907833162020724,0.0,0
0.016904,13,2941.85293,-0.7995413832709186,0.0,0
0.0,12,2941.899482,-0.8904717791864876,0.0,0
0.0,12,2941.945936,-0.8713200183252336,0.0,0
0.0,12,2941.992534,-0.8625425908918612,0.0,0
0.0,12,2942.039388,-0.7655164168768038,0.0,0
0.0,12,2942.569438,-0.8841776797375926,0.0,0
0.0,12,2942.587733,-0.8432998715718599,0.0,0
0.000698,11,2942.605062,-0.8011307272739344,0.0,0
0.004032,11,2942.621849,-0.8663802735643872,0.0,0
0.000848,13,2942.642362,-0.8127926556868804,0.0,0
0.0,14,2942.664996,-0.6864894732278269,0.0,0
0.016437,13,2942.685563,-0.7505041009554286,0.0,0
0.02875,12,2942.705088,-0.8369624721572709,0.0,0
0.0,13,2942.726941,-0.7397962907590937,0.0,0
0.0,12,2942.747767,-0.8331142839205781,0.0,0
0.000327,13,2942.771104,-0.7448650824508061,0.0,0
0.0,13,2942.794598,-0.8195859379124227,0.0,0
0.0,12,2942.816482,-0.85256557448961,0.0,0
0.038863,14,2942.842373,-0.660107542201551,0.0,0
0.0,13,2942.866731,-0.7123368848980575,0.0,0
0.017516,13,2942.890965,-0.8003349453325561,0.0,0
0.0,12,2942.913377,-0.8651143158568699,0.0,0
0.011973,13,2942.938397,-0.7465358516706415,0.0,0
0.002014,14,2942.965338,-0.7704949224209663,0.0,0
0.002588,12,2942.988531,-0.8878614151235354,0.0,0
0.000849,13,2943.013523,-0.7162699393344577,0.0,0
0.01264,13,2943.038648,-0.7711624148403332,0.0,0
0.000924,12,2943.061615,-0.7642089912799039,0.0,0
0.0,12,2943.084782,-0.8931091473941657,0.0,0
0.01154,13,2943.109725,-0.7332007650297611,0.0,0
0.0,12,2943.13296,-0.795540601990586,0.0,0
0.000149,13,2943.157818,-0.7918149279093876,0.0,0
0.003755,14,2943.184758,-0.6743915985084532,0.0,0
0.0,13,2943.209569,-0.8121459103485146,0.0,0
0.037325,13,2943.234637,-0.7872686160595236,0.0,0
0.024333,14,2943.261618,-0.6925750425410088,0.0,0
0.0,12,2943.284783,-0.8064349905338998,0.0,0
0.0,12,2943.307852,-0.8546648103655157,0.0,0
0.031232,14,2943.334939,-0.7127759514357868,0.0,0
0.0,12,2943.358091,-0.8661587877707305,0.0,0
0.003515,13,2943.38314,-0.7860400589302718,0.0,0
0.0214,13,2943.408338,-0.778438213771978,0.0,0
0.004348,13,2943.433184,-0.8230539343212464,0.0,0
0.025116,12,2943.456124,-0.7638410663569661,0.0,0
0.0,12,2943.479218,-0.8843940938669806,0.0,0
0.002886,12,2943.984946,-0.8786864966744249,0.0,0
0.002513,14,2944.007314,-0.7557422775624878,0.0,0
0.001322,13,2944.028201,-0.7487304585573348,0.0,0
1.8e-05,12,2944.047623,-0.8905325370670237,0.0,0
0.012993,12,2944.067435,-0.8733421478436387,0.0,0
0.023852,12,2944.08689,-0.8962999313361075,0.0,0
0.000933,13,2944.109572,-0.8276764233993403,0.0,0
0.004656,12,2944.130568,-0.8576489163146213,0.0,0
0.0,12,2944.151405,-0.8726851594931914,0.0,0
0.002822,13,2944.174033,-0.8217157905391429,0.0,0
0.000689,13,2944.19514,-0.7978467111387403,0.0,0
0.0,12,2944.214429,-0.8504137491376145,0.0,0
0.017199,13,2944.235453,-0.7890936073974616,0.0,0
0.0,14,2944.258349,-0.7700137069136558,0.0,0
0.0,12,2944.277658,-0.8846449353550304,0.0,0
0.004393,12,2944.297287,-0.8901059840788641,0.0,0
0.0,12,2944.316905,-0.899583230243762,0.0,0
0.003633,12,2944.336473,-0.8950910059271818,0.0,0
0.0,12,2944.355551,-0.8284570862354056,0.0,0
0.001853,12,2944.37573,-0.9063839840036331,0.0,0
0.0,14,2944.40411,-0.7463693185011997,0.0,0
0.0,13,2944.434991,-0.8219822704837044,0.0,0
0.002837,13,2944.468386,-0.7752865098832017,0.0,0
0.004802,12,2944.501124,-0.904436554123034,0.0,0
0.0,12,2944.535589,-0.8721654013048191,0.0,0
0.02,13,2944.574684,-0.8039418751023303,0.0,0
0.003021,14,2944.618773,-0.7845737533965604,0.0,0
0.0,12,2944.656753,-0.8881221365255255,0.0,0
0.000941,13,2944.700512,-0.7415642688820623,0.0,0
0.0,12,2944.741022,-0.9572596317860997,0.0,0
0.000696,13,2944.7846,-0.8114432715650208,0.0,0
0.004875,13,2944.828478,-0.8268019759988166,0.0,0
0.0,12,2944.868911,-0.8355277967706042,0.0,0
0.0,12,2944.909392,-0.8103846189687879,0.0,0
0.005767,13,2944.953492,-0.8422252248245005,0.0,0
0.013204,13,2944.997229,-0.7791161679226578,0.0,0
0.043641,13,2945.042236,-0.8158029845777895,0.0,0
0.002217,12,2945.083448,-0.8550158029479158,0.0,0
0.0,13,2945.130148,-0.7947658963459037,0.0,0
0.005339,13,2945.177095,-0.7734966982791981,0.0,0
0.0,14,2945.227644,-0.7925429478801709,0.0,0
0.0,12,2945.749494,-0.8405511791591275,0.0,0
0.0,13,2945.770005,-0.7410585071592364,0.0,0
0.0,12,2945.788141,-0.8305522682711626,0.0,0
0.044134,13,2945.809124,-0.781419474496327,0.0,0
0.004702,12,2945.827758,-0.8113016342785772,0.0,0
0.00527,12,2945.851027,-0.8667511031110959,0.0,0
0.0,12,2945.875611,-0.8817803988150438,0.0,0
0.000826,12,2945.904659,-0.8444385124395791,0.0,0
0.0,13,2945.937803,-0.8099404316863263,0.0,0
0.042786,14,2945.97324,-0.7760912365169746,0.0,0
0.0,12,2945.997434,-0.8713732707248008,0.0,0
0.0,13,2946.019652,-0.8201253818097802,0.0,0
0.000174,13,2946.041739,-0.8049214577675448,0.0,0
0.0,14,2946.065154,-0.7466614295273032,0.0,0
0.002786,13,2946.087548,-0.7659497582140095,0.0,0
0.0,13,2946.110041,-0.8411368467582906,0.0,0
0.0,12,2946.130528,-0.8682418858802022,0.0,0
0.0,12,2946.152053,-0.8018166731890575,0.0,0
0.003737,12,2946.175193,-0.8610170737584438,0.0,0
0.01892,14,2946.209671,-0.7332356750666827,0.0,0
0.0,14,2946.247606,-0.7385865130951461,0.0,0
0.002991,14,2946.288614,-0.7505248854161836,0.0,0
0.012788,13,2946.327364,-0.7689063771777794,0.0,0
0.010151,15,2946.372894,-0.6919438065554485,0.0,0
0.0,12,2946.410583,-0.8488474993624487,0.0,0
0.0,12,2946.448608,-0.8418839327087336,0.0,0
0.003439,12,2946.48799,-0.9167052296018483,0.0,0
0.022492,13,2946.531549,-0.7295511129426492,0.0,0
0.004551,12,2946.571922,-0.881673762059141,0.0,0
0.0,12,2946.61252,-0.7837515569298654,0.0,0
0.003984,12,2946.654146,-0.9553021185076117,0.0,0
0.0,12,2946.697122,-0.7829586206587537,0.0,0
0.003392,13,2946.743919,-0.7709252095380698,0.0,0
0.001625,13,2946.790651,-0.7463451695475383,0.0,0
0.0,13,2946.837464,-0.7722227129935102,0.0,0
0.0,12,2946.880494,-0.8396737830037125,0.0,0
0.0,12,2946.923812,-0.9284247484341177,0.0,0
0.002822,13,2946.970724,-0.7772243729129988,0.0,0
0.006688,12,2947.013765,-0.8927606637158305,0.0,0
0.0,13,2947.060508,-0.7969741509263879,0.0,0
0.009175,13,2947.601444,-0.8186893323233594,0.0,0
0.0,13,2947.621907,-0.8374269070503634,0.0,0
0.0,14,2947.644735,-0.7948647984702351,0.0,0
0.001108,13,2947.665713,-0.761755337706864,0.0,0
0.001707,12,2947.689342,-0.8761591155332287,0.0,0
0.007744,12,2947.712615,-0.8318577585512061,0.0,0
0.000231,12,2947.735822,-0.8871449428876923,0.0,0
0.0,13,2947.761038,-0.8553726569772013,0.0,0
0.000145,12,2947.784211,-0.8579016330051983,0.0,0
0.0,13,2947.809207,-0.8038640826995381,0.0,0
0.000157,13,2947.834364,-0.8036956864773641,0.0,0
0.003869,12,2947.857429,-0.8821268663122945,0.0,0
0.0,13,2947.882318,-0.8521439178327188,0.0,0
0.001647,12,2947.906357,-0.8611686124765425,0.0,0
0.000468,11,2947.928928,-0.8465519165413958,0.0,0
0.0,12,2947.957941,-0.8586245177671669,0.0,0
0.0,13,2947.993149,-0.7746100624359266,0.0,0
0.00356,14,2948.035115,-0.8053777953878362,0.0,0
0.003584,14,2948.080401,-0.7603618943347522,0.0,0
0.002132,13,2948.125273,-0.7870812706146277,0.0,0
0.044638,14,2948.175457,-0.6606353962853755,0.0,0
0.001607,12,2948.221377,-0.8185433520897701,0.0,0
0.002991,12,2948.266609,-0.8771520144344458,0.0,0
0.0,12,2948.31223,-0.8264457505920675,0.0,0
0.0,12,2948.358522,-0.8262305501462458,0.0,0
0.000296,13,2948.411884,-0.8297771735530981,0.0,0
0.0,12,2948.458501,-0.8437530733358307,0.0,0
0.0,13,2948.509008,-0.9172924223087401,0.0,0
0.000147,12,2948.555733,-0.8661355268986626,0.0,0
0.000556,13,2948.60635,-0.8130064656807451,0.0,0
0.026787,14,2948.66099,-0.7586616299754524,0.0,0
0.004948,12,2948.707611,-0.8863830644321751,0.0,0
0.0,12,2948.754726,-0.9052385397540054,0.0,0
0.0,12,2948.801756,-0.8751219339051032,0.0,0
0.015514,14,2948.856472,-0.7896306347391437,0.0,0
0.0,12,2948.903424,-0.7895289498515713,0.0,0
0.0,12,2948.950407,-0.8975931839217237,0.0,0
0.001925,13,2949.001604,-0.8114583581058568,0.0,0
0.000572,12,2949.048654,-0.8124257207287523,0.0,0
0.0,13,2949.099664,-0.7810661058289109,0.0,0
0.004811,13,2949.150727,-0.8104910348573721,0.0,0
0.0,13,2949.727322,-0.8260802864311381,0.0,0
0.017489,12,2949.747825,-0.8444409253103053,0.0,0
0.0,12,2949.778154,-0.835209960819236,0.0,0
0.000234,13,2949.81075,-0.7671586867231762,0.0,0
0.0,12,2949.841012,-0.8310424633500462,0.0,0
0.0,12,2949.870685,-0.8378258148025587,0.0,0
0.000118,12,2949.896274,-0.8909208454376379,0.0,0
0.003988,12,2949.915264,-0.8570221078521719,0.0,0
0.00512,13,2949.933817,-0.8303139093527306,0.0,0
0.006743,12,2949.95139,-0.7805747555218472,0.0,0
0.0,12,2949.968524,-0.868367159093176,0.0,0
0.00443,13,2949.987241,-0.7481932141535701,0.0,0
0.001822,12,2950.004589,-0.8046111846760934,0.0,0
0.0,12,2950.022175,-0.8381935737388159,0.0,0
0.001597,12,2950.039238,-0.7879417680823322,0.0,0
3e-05,12,2950.056547,-0.9017525070418556,0.0,0
0.0,12,2950.074009,-0.8498739872134174,0.0,0
0.004565,12,2950.091048,-0.8260454724120562,0.0,0
0.0,12,2950.108223,-0.8504287793778175,0.0,0
0.002091,12,2950.125545,-0.8417391535967012,0.0,0
0.0,11,2950.14181,-0.8781042522824708,0.0,0
0.0,11,2950.157751,-0.8077822821732568,0.0,0
0.02347,12,2950.174944,-0.8761470061132252,0.0,0
0.0,13,2950.193571,-0.7637557419537536,0.0,0
0.012215,12,2950.210646,-0.8454753742403769,0.0,0
0.000916,11,2950.226203,-0.8808021724312983,0.0,0
0.0,12,2950.243462,-0.8612479152824817,0.0,0
0.003885,13,2950.262413,-0.7362719076944109,0.0,0
0.002304,12,2950.280414,-0.894493327529085,0.0,0
0.011141,13,2950.30734,-0.8262730074196553,0.0,0
0.003205,12,2950.333151,-0.8190693988080237,0.0,0
0.0,13,2950.361302,-0.757728492165477,0.0,0
0.004885,13,2950.389336,-0.8359069380383142,0.0,0
0.003973,14,2950.419086,-0.7346625160276701,0.0,0
0.002418,12,2950.445007,-0.8641490084073927,0.0,0
0.0,12,2950.470578,-0.8194232596484599,0.0,0
0.0,12,2950.496306,-0.836778947148354,0.0,0
0.0,12,2950.522362,-0.9100826236863635,0.0,0
0.0,12,2950.548194,-0.8170789039031745,0.0,0
0.0,12,2950.574808,-0.8690505424730502,0.0,0
0.004663,12,2950.601381,-0.8194410430802354,0.0,0
0.0,13,2951.137899,-0.7640666420518365,0.0,0
0.0,12,2951.157404,-0.8750558728987782,0.0,0
0.002514,12,2951.176502,-0.7733230677668109,0.0,0
0.008532,13,2951.197358,-0.8706780139874509,0.0,0
0.019316,12,2951.217259,-0.7919094735781818,0.0,0
0.022402,12,2951.237184,-0.8484687361196213,0.0,0
0.002325,12,2951.256702,-0.9082634699014951,0.0,0
0.002954,14,2951.281011,-0.7641337206049775,0.0,0
0.003119,13,2951.312696,-0.8284818355000084,0.0,0
0.0,11,2951.340659,-0.8768035459645106,0.0,0
0.0,12,2951.371044,-0.8806131612890015,0.0,0
0.000613,12,2951.401341,-0.824284206831863,0.0,0
0.0,12,2951.431626,-0.8599812982042666,0.0,0
0.004828,12,2951.461892,-0.8767827118800063,0.0,0
0.0,13,2951.494735,-0.7588256189005115,0.0,0
0.0,13,2951.527591,-0.8652376998174279,0.0,0
0.0,13,2951.560639,-0.8221341538622746,0.0,0
0.0,12,2951.5903,-0.8764398930294117,0.0,0
0.002289,12,2951.620591,-0.9538793666460855,0.0,0
0.0,12,2951.650778,-0.894410713699094,0.0,0
0.0,13,2951.68364,-0.7913758518558334,0.0,0
0.0,12,2951.714046,-0.9043707169299551,0.0,0
0.003411,13,2951.746988,-0.8324947536135413,0.0,0
0.000313,12,2951.777271,-0.8124807363667961,0.0,0
0.0,12,2951.807633,-0.8748385599743205,0.0,0
0.0,12,2951.837735,-0.9426036289949554,0.0,0
0.004975,12,2951.867833,-0.896283591434824,0.0,0
0.003469,12,2951.898195,-0.8836209265062859,0.0,0
0.007497,12,2951.928295,-0.8117271043065164,0.0,0
0.0,12,2951.956328,-0.948769327146028,0.0,0
0.0,12,2951.985555,-0.898876843884168,0.0,0
0.0,12,2952.017479,-0.918761992966172,0.0,0
0.007323,12,2952.051302,-0.8811568903643473,0.0,0
0.001438,13,2952.08976,-0.8178982437691896,0.0,0
0.0,12,2952.12679,-0.9462064235842266,0.0,0
0.002538,11,2952.16205,-0.8007209461306224,0.0,0
0.0,11,2952.196838,-0.865045008752954,0.0,0
0.009689,12,2952.235427,-0.92265581712143,0.0,0
0.001442,12,2952.275794,-0.7727622788636163,0.0,0
0.0,11,2952.313247,-0.899860442693795,0.0,0
0.004026,12,2952.354504,-0.8247047575358855,0.0,0
0.004794,12,2952.395411,-0.8857000889770212,0.0,0
0.002086,12,2952.436248,-0.943715014910819,0.0,0
0.004806,12,2952.961743,-0.8549661067095389,0.0,0
0.00213,12,2952.981236,-0.8705875493659831,0.0,0
0.001687,12,2953.000289,-0.8963129934317929,0.0,0
0.0,11,2953.017698,-0.8474514572622662,0.0,0
0.002289,12,2953.037417,-0.9317492112225612,0.0,0
0.000485,12,2953.057426,-0.8653749994852683,0.0,0
0.010513,12,2953.077771,-0.8588702122924633,0.0,0
0.0,12,2953.098071,-0.896676030804413,0.0,0
0.0,13,2953.120715,-0.7950621732315541,0.0,0
0.0,11,2953.140515,-0.8603496055593536,0.0,0
0.00043,12,2953.162057,-0.9729031782388812,0.0,0
0.004717,11,2953.182202,-0.8611919857748702,0.0,0
0.002111,11,2953.202319,-0.8410921493886508,0.0,0
0.0,12,2953.224689,-0.8473668470380571,0.0,0
0.000191,12,2953.247108,-0.8975188675974464,0.0,0
0.003518,12,2953.269586,-0.8663371263290958,0.0,0
0.0,13,2953.294265,-0.8452143710049586,0.0,0
0.002884,12,2953.31687,-0.8568290220058522,0.0,0
0.02191,12,2953.339718,-0.8355133709621405,0.0,0
0.0,12,2953.361625,-0.8934175410065976,0.0,0
0.00108,12,2953.384235,-0.8541938926741959,0.0,0
4e-06,12,2953.406853,-0.8999218877023288,0.0,0
0.002344,12,2953.42985,-0.9063255200838183,0.0,0
0.0,12,2953.452921,-0.9062819806454653,0.0,0
0.0011,12,2953.476262,-0.8850784063843942,0.0,0
0.0,13,2953.501422,-0.7976796347606498,0.0,0
0.000601,12,2953.524543,-0.8722937913457831,0.0,0
0.003262,12,2953.547799,-0.9057437711373336,0.0,0
0.0,12,2953.571148,-0.8267421104464372,0.0,0
0.000854,12,2953.594212,-0.9247779206051933,0.0,0
0.004188,13,2953.619349,-0.8239723092344438,0.0,0
0.004041,13,2953.644521,-0.8821427494581772,0.0,0
0.0,12,2953.667902,-0.8942390115085918,0.0,0
0.0,13,2953.693001,-0.8266793185929517,0.0,0
0.004942,12,2953.716527,-0.7810104985775889,0.0,0
0.003947,12,2953.741832,-0.84885294875426,0.0,0
0.0,12,2953.765263,-0.9340239493221475,0.0,0
0.0,12,2953.78862,-0.9205191111488398,0.0,0
0.0,13,2953.813655,-0.8200705045335689,0.0,0
0.004251,12,2953.837687,-0.847642581091454,0.0,0
0.01449,12,2953.86733,-0.8790466769616094,0.0,0
0.001756,12,2953.900159,-0.9110262886329012,0.0,0
0.0,11,2954.422009,-0.8432410145681543,0.0,0
0.0,12,2954.4413,-0.8630020610289021,0.0,0
0.0,12,2954.460526,-0.887604061216771,0.0,0
0.0,13,2954.48471,-0.9130108428846903,0.0,0
0.0,12,2954.507741,-0.8441955703021264,0.0,0
0.000464,12,2954.531185,-0.8764118679698709,0.0,0
0.003232,13,2954.556304,-0.8278106210884829,0.0,0
0.003593,11,2954.577689,-0.8647504938121021,0.0,0
0.0,12,2954.597005,-0.9258765499802754,0.0,0
0.0,12,2954.61926,-0.942127505069212,0.0,0
0.0,12,2954.641021,-0.9060443369737121,0.0,0
0.0001,12,2954.662719,-0.9296490334214044,0.0,0
0.00291,13,2954.686601,-0.8046314367091766,0.0,0
0.004532,12,2954.71682,-0.9040258513875274,0.0,0
0.0,12,2954.745226,-0.982891609272829,0.0,0
0.0,12,2954.775221,-0.9145014808330149,0.0,0
0.022876,13,2954.809872,-0.869534902654634,0.0,0
0.006018,12,2954.835975,-0.9310787703697876,0.0,0
0.002613,12,2954.859733,-0.965555472601972,0.0,0
0.002586,12,2954.882841,-0.9122950330656845,0.0,0
0.0,12,2954.905236,-0.8607007677588034,0.0,0
0.0,12,2954.927896,-0.8969559174279013,0.0,0
0.001321,12,2954.958828,-0.9703480301634507,0.0,0
0.002837,13,2954.994134,-0.8584073785092525,0.0,0
0.003165,12,2955.028889,-0.9424162390658976,0.0,0
0.045495,13,2955.067784,-0.852338639990496,0.0,0
0.0,13,2955.109193,-0.8672490099829377,0.0,0
4.8e-05,12,2955.147681,-0.9210774230049549,0.0,0
0.0,13,2955.189489,-0.8590846347280771,0.0,0
0.0,12,2955.230048,-0.9425341268221618,0.0,0
0.004008,12,2955.270789,-0.8457819439419009,0.0,0
0.010254,12,2955.311154,-0.8543127339610843,0.0,0
0.0,12,2955.351421,-0.8812569344410229,0.0,0
0.0255,12,2955.391735,-0.9558537144561922,0.0,0
0.003671,12,2955.432129,-0.8742396365938788,0.0,0
0.0,12,2955.473346,-0.8582308804634741,0.0,0
0.0,13,2955.518129,-0.9414075569217302,0.0,0
0.00352,12,2955.561311,-0.9583225606598341,0.0,0
0.003033,11,2955.601171,-0.8583164614992576,0.0,0
0.001433,12,2955.644831,-0.9059905949432837,0.0,0
0.0,12,2955.688907,-0.8706737663238836,0.0,0
0.001126,12,2955.732511,-0.8411194005359277,0.0,0
0.0,12,2956.277955,-0.842664384499774,0.0,0
0.0,11,2956.296879,-0.9051279296991318,0.0,0
0.0,13,2956.322298,-0.833912044039398,0.0,0
0.0,13,2956.347667,-0.8342822790656661,0.0,0
0.002388,11,2956.370047,-0.8590199849863441,0.0,0
0.004894,12,2956.392975,-0.8681500666554217,0.0,0
0.029169,12,2956.41614,-0.8184565964809455,0.0,0
0.027748,13,2956.441274,-0.8104765880445534,0.0,0
0.0,12,2956.462995,-0.9610421518112525,0.0,0
0.01095,13,2956.482493,-0.9031599246926998,0.0,0
0.0,12,2956.499993,-0.9002840716159703,0.0,0
0.0,11,2956.516262,-0.8348357083508691,0.0,0
0.001021,12,2956.534953,-0.9662369230778947,0.0,0
0.008263,13,2956.556027,-0.9034911166518719,0.0,0
0.0,12,2956.57743,-0.8961095717048718,0.0,0
0.0,11,2956.59884,-0.8660676817675768,0.0,0
0.004725,11,2956.623193,-0.9134504555508498,0.0,0
0.009603,13,2956.655761,-0.858835541319551,0.0,0
0.004123,12,2956.688093,-0.8782494970225562,0.0,0
0.003621,12,2956.7221,-0.8946088540367882,0.0,0
0.01802,12,2956.757541,-0.8923268366822308,0.0,0
0.001937,12,2956.794442,-0.8977312756793893,0.0,0
0.00127,12,2956.83252,-0.9710900230896671,0.0,0
0.0,12,2956.870533,-0.9346638682002212,0.0,0
0.004144,11,2956.907225,-0.8508296543316524,0.0,0
0.013586,11,2956.94396,-0.8327699180143322,0.0,0
0.004099,13,2956.988087,-0.8759484303949493,0.0,0
0.03187,12,2957.028575,-0.9033348037027692,0.0,0
0.0,13,2957.076115,-0.8074937607385804,0.0,0
0.0,12,2957.119807,-0.8852908575968047,0.0,0
0.0,12,2957.163422,-0.9661595567160296,0.0,0
0.0,12,2957.20647,-0.8989625014878745,0.0,0
0.003919,12,2957.249558,-0.8557878703936406,0.0,0
0.0,11,2957.28891,-0.7826165271617709,0.0,0
0.00082,12,2957.331754,-0.8953420086013846,0.0,0
0.001057,12,2957.374998,-0.9103496442198066,0.0,0
0.000732,12,2957.41853,-0.8497963426866959,0.0,0
0.0,12,2957.46182,-0.9333376146353456,0.0,0
0.0,13,2957.50893,-0.9536467387909398,0.0,0
0.0,12,2957.552251,-0.9774200570329424,0.0,0
0.0,12,2957.59541,-0.9224728228275968,0.0,0
0.000408,12,2957.638493,-0.8809290459525979,0.0,0
0.00365,12,2957.682249,-0.8805665484574173,0.0,0
0.0,12,2958.216195,-0.9611269370356734,0.0,0
0.0,12,2958.235053,-0.8820405339028679,0.0,0
0.01603,13,2958.25545,-0.8426179209002387,0.0,0
0.020486,12,2958.274874,-0.8825420847331658,0.0,0
0.002877,12,2958.293399,-0.8878699392650684,0.0,0
0.00064,12,2958.313076,-0.9317921817456762,0.0,0
0.002892,13,2958.334544,-0.7869533158723874,0.0,0
0.009211,13,2958.356217,-0.8457510616995695,0.0,0
0.0,12,2958.376566,-0.9132816701543008,0.0,0
0.002502,12,2958.396964,-0.8421632370153472,0.0,0
0.000279,12,2958.414886,-0.9046661930176098,0.0,0
0.00465,13,2958.433815,-0.8329072544229756,0.0,0
0.003788,12,2958.451326,-0.8621371467066222,0.0,0
0.001869,12,2958.469734,-0.867041360896019,0.0,0
0.002199,14,2958.491265,-0.8433751003256708,0.0,0
0.0,12,2958.510206,-0.8178896797522229,0.0,0
0.003861,13,2958.53071,-0.831928312923242,0.0,0
0.0,12,2958.55104,-0.9233128118607771,0.0,0
0.019951,12,2958.577691,-0.8764108111577671,0.0,0
0.002078,13,2958.609559,-0.8671959598623079,0.0,0
0.0,13,2958.64356,-0.814846085716752,0.0,0
0.000312,12,2958.677126,-0.8978341584275648,0.0,0
0.002776,12,2958.712252,-0.9127401192437056,0.0,0
0.010072,12,2958.750049,-0.8766171422112184,0.0,0
0.000162,12,2958.788834,-0.9064971809532353,0.0,0
0.0,12,2958.827674,-0.9212313747592051,0.0,0
0.000847,12,2958.868801,-0.8511278694113601,0.0,0
0.0,12,2958.911801,-0.9118999608678117,0.0,0
0.0,12,2958.954952,-0.8861795238331451,0.0,0
0.004434,13,2959.000536,-0.8523746495583564,0.0,0
0.002862,12,2959.043767,-0.8056768693718578,0.0,0
0.0,12,2959.087162,-0.911380283259008,0.0,0
0.005247,12,2959.129883,-0.9173893517735625,0.0,0
0.0,12,2959.173034,-0.843521507710309,0.0,0
0.0,13,2959.219123,-0.8604165128612079,0.0,0
0.014372,12,2959.262382,-0.8078041331368543,0.0,0
0.002202,13,2959.309123,-0.9021287911005561,0.0,0
0.0,12,2959.352676,-0.8870966038421283,0.0,0
0.015969,13,2959.399112,-0.8837315406278585,0.0,0
0.000144,12,2959.442831,-0.9044176611823062,0.0,0
0.024095,13,2959.490245,-0.8258057308490301,0.0,0
0.0,13,2960.055999,-0.8636285530446117,0.0,0
0.0,13,2960.077371,-0.8728080702641593,0.0,0
0.044061,13,2960.098934,-0.89376297800665,0.0,0
0.012073,12,2960.118366,-0.9157012797377847,0.0,0
0.0,12,2960.138335,-0.9023681629716219,0.0,0
0.002877,12,2960.158014,-0.9222161946285579,0.0,0
0.0,12,2960.178175,-0.8994371696397999,0.0,0
0.039832,13,2960.199879,-0.837998225604066,0.0,0
0.013803,12,2960.221125,-0.9028092326013076,0.0,0
0.00334,12,2960.242109,-0.8991985869398296,0.0,0
0.004201,12,2960.261719,-0.873077062145021,0.0,0
0.023063,13,2960.282835,-0.8859295925145878,0.0,0
0.004866,13,2960.305921,-0.8012334099815418,0.0,0
0.000456,12,2960.330567,-1.0241418387313699,0.0,0
0.0,12,2960.360296,-0.9192563763211039,0.0,0
0.001293,12,2960.391689,-0.8712306074956397,0.0,0
0.001035,12,2960.425092,-0.8572583968681243,0.0,0
0.005571,13,2960.46302,-0.8966611728787584,0.0,0
0.0,13,2960.504094,-0.8720684750261509,0.0,0
0.0,11,2960.538452,-0.8547207466619184,0.0,0
0.013606,13,2960.581326,-0.8448139343449507,0.0,0
0.002184,12,2960.621651,-0.8439788371555852,0.0,0
0.0,12,2960.654119,-0.8627638992011794,0.0,0
0.015704,12,2960.684005,-0.8973279980248254,0.0,0
0.0,12,2960.7134,-0.8928685596501049,0.0,0
0.0,12,2960.742168,-0.8601372206939126,0.0,0
0.000484,13,2960.771959,-0.8813889569229899,0.0,0
0.001992,13,2960.800176,-0.9135710976024005,0.0,0
0.0,12,2960.826671,-0.8744144273954474,0.0,0
0.0,13,2960.855101,-0.8660298058107568,0.0,0
0.006186,13,2960.881957,-0.8254399367845912,0.0,0
0.018917,12,2960.907229,-0.8580163578325467,0.0,0
0.0,11,2960.929785,-0.8487808496565362,0.0,0
0.0,12,2960.955203,-0.9139961774071842,0.0,0
0.007943,12,2960.979606,-0.8779225172574683,0.0,0
0.002393,12,2961.003757,-0.9056486704718832,0.0,0
0.0,12,2961.027902,-0.8832559313816661,0.0,0
0.002187,12,2961.052216,-0.871210251870795,0.0,0
0.002275,12,2961.076594,-0.967911187455587,0.0,0
7.2e-05,13,2961.102755,-0.8529583288759897,0.0,0
0.025786,13,2961.129019,-0.8676519046360943,0.0,0
0.001302,12,2961.158564,-0.9294982478291904,0.0,0
0.0,13,2961.679427,-0.8331533906007497,0.0,0
0.004778,12,2961.698308,-0.8812099024296173,0.0,0
0.0,12,2961.717771,-0.8544493759706652,0.0,0
0.0,11,2961.734452,-0.8615415255953134,0.0,0
0.001085,13,2961.755216,-0.8518289910718866,0.0,0
0.0,12,2961.774923,-0.8588114038252271,0.0,0
0.0,12,2961.794302,-0.8823787909708218,0.0,0
0.002164,12,2961.813998,-0.8992862353201784,0.0,0
0.035304,12,2961.834856,-0.8518355617747254,0.0,0
0.021746,12,2961.855784,-0.9336339315638107,0.0,0
0.0,13,2961.877749,-0.835221495497084,0.0,0
0.0,12,2961.897012,-0.8828099759818371,0.0,0
0.0,13,2961.919274,-0.886383956856038,0.0,0
0.002543,12,2961.942725,-0.9193123586544674,0.0,0
0.012064,13,2961.973541,-0.7889422478293098,0.0,0
0.001954,13,2962.007497,-0.884359674671472,0.0,0
0.0,12,2962.040705,-0.9717191217661951,0.0,0
0.0,13,2962.078486,-0.8575438986737338,0.0,0
0.002845,12,2962.114838,-0.8332259759605177,0.0,0
0.003707,12,2962.153521,-0.9292249973781032,0.0,0
0.038681,12,2962.192139,-0.9087061414701854,0.0,0
0.0,12,2962.232759,-0.8809798500820897,0.0,0
0.00491,12,2962.273436,-0.9424038908653238,0.0,0
0.002095,12,2962.314173,-0.862243513002554,0.0,0
0.0,12,2962.354469,-0.9078222781345944,0.0,0
0.004997,12,2962.3902,-0.890843329838263,0.0,0
0.004727,12,2962.423083,-0.9080269477465602,0.0,0
0.0,13,2962.455731,-0.8884946752563901,0.0,0
0.0,12,2962.483931,-0.8637164548741906,0.0,0
0.013418,12,2962.513632,-0.8838681457499097,0.0,0
0.003559,13,2962.553227,-0.8229634133898748,0.0,0
0.0,12,2962.590894,-0.9394723409358449,0.0,0
0.0,12,2962.629315,-0.8664598203224433,0.0,0
0.0097,12,2962.669391,-0.8680689971576637,0.0,0
0.00785,13,2962.713284,-0.8464938932569658,0.0,0
0.003237,12,2962.754824,-0.8207701775977867,0.0,0
0.0,12,2962.795218,-0.8144896581923399,0.0,0
0.004788,12,2962.835563,-0.880712421274859,0.0,0
0.003896,13,2962.879421,-0.8575217488574652,0.0,0
0.028768,12,2962.919854,-0.8748037121230233,0.0,0
0.017281,13,2962.963555,-0.8070620442080193,0.0,0
0.00152,12,2963.006036,-0.8886410305327197,0.0,0
0.001448,12,2963.530586,-0.8776122626945979,0.0,0
0.0,13,2963.551781,-0.8461602733837285,0.0,0
0.0,12,2963.57132,-0.9014540906017952,0.0,0
0.00307,13,2963.592159,-0.8131239382906124,0.0,0
0.0,12,2963.611762,-0.8643487644895167,0.0,0
0.004425,12,2963.632191,-0.8992744515234223,0.0,0
0.004546,12,2963.652538,-0.8540824341748428,0.0,0
0.0,12,2963.672943,-0.8357011592478611,0.0,0
0.0,12,2963.693144,-0.8518417471893323,0.0,0
0.0,13,2963.714074,-0.8747801813652367,0.0,0
0.0,13,2963.733814,-0.8648674905599038,0.0,0
0.0,12,2963.752581,-0.8635941797920162,0.0,0
0.003864,12,2963.770672,-0.8859066265105865,0.0,0
0.0,12,2963.788225,-0.9116899047628152,0.0,0
0.001815,12,2963.805661,-0.863641361578679,0.0,0
0.0,12,2963.822545,-0.8171257327421237,0.0,0
0.0,13,2963.841448,-0.8306449412570371,0.0,0
0.007312,13,2963.860246,-0.8455587922039188,0.0,0
0.00049,12,2963.877857,-0.9103549233459395,0.0,0
0.033564,13,2963.896947,-0.8840169912518292,0.0,0
0.004265,11,2963.913839,-0.8409955801822395,0.0,0
0.0,13,2963.933738,-0.8043225143308506,0.0,0
0.0,13,2963.953926,-0.8120322290923172,0.0,0
0.02637,12,2963.972784,-0.8494134353974837,0.0,0
0.023813,12,2963.991098,-0.8673701835224324,0.0,0
0.004997,12,2964.009385,-0.874369329881661,0.0,0
0.0,12,2964.028066,-0.8302041628431636,0.0,0
0.0,12,2964.046268,-0.8710107465440375,0.0,0
0.0026,12,2964.065168,-0.8194254760917971,0.0,0
0.002782,12,2964.087392,-0.873092455874914,0.0,0
0.000209,13,2964.117755,-0.8242306769546914,0.0,0
0.0,12,2964.147586,-0.8759117985848779,0.0,0
0.003641,12,2964.179425,-0.852197738177863,0.0,0
0.0,12,2964.212814,-0.8533896496780908,0.0,0
0.027297,14,2964.253434,-0.7916409705800007,0.0,0
0.004021,13,2964.29304,-0.8443029779874612,0.0,0
0.0,13,2964.333838,-0.880674834971567,0.0,0
0.011811,12,2964.373462,-0.8605137062659117,0.0,0
0.004928,13,2964.41699,-0.9162772502657133,0.0,0
0.022557,12,2964.457224,-0.8512586366077218,0.0,0
0.013392,13,2964.502298,-0.8463616475198257,0.0,0
0.002459,12,2965.031991,-0.8824438497862134,0.0,0
0.004111,11,2965.049075,-0.8224785366205595,0.0,0
0.0,12,2965.067947,-0.8531884650049867,0.0,0
0.0,12,2965.086468,-0.8794777273198455,0.0,0
0.000864,11,2965.103124,-0.8091526936040598,0.0,0
0.03341,12,2965.12177,-0.887730644475381,0.0,0
0.03401,12,2965.141268,-0.8862789223647854,0.0,0
0.012428,13,2965.163157,-0.7922257535050488,0.0,0
0.0,12,2965.183063,-0.8689826953973974,0.0,0
0.0,12,2965.203543,-0.8712818481564122,0.0,0
0.003606,12,2965.223997,-0.8668799890365797,0.0,0
0.0,12,2965.243335,-0.8786364840124766,0.0,0
0.002027,13,2965.264565,-0.8105119573592869,0.0,0
0.003989,12,2965.285074,-0.8888968769791313,0.0,0
0.00256,11,2965.302702,-0.8403468076340725,0.0,0
0.000368,12,2965.322087,-0.8958052125346543,0.0,0
0.003453,13,2965.34256,-0.7953324627318847,0.0,0
0.002638,13,2965.36299,-0.9324381304264701,0.0,0
0.0,12,2965.382089,-0.9452855648286892,0.0,0
0.003402,12,2965.401035,-0.9108575969100292,0.0,0
0.00262,12,2965.420207,-0.9148612416385284,0.0,0
0.0,12,2965.439175,-0.880693438737508,0.0,0
0.000572,13,2965.460158,-0.7948290949057789,0.0,0
0.001506,13,2965.480568,-0.8423115195628363,0.0,0
0.0,12,2965.49984,-0.871550134339254,0.0,0
0.000463,13,2965.521117,-0.8661984013790116,0.0,0
0.0,12,2965.540433,-0.8932122808505142,0.0,0
0.0,11,2965.557712,-0.7997855458997687,0.0,0
0.001658,12,2965.576553,-0.8452749177940749,0.0,0
0.0,12,2965.595797,-0.8525430385582549,0.0,0
0.0,12,2965.615438,-0.913299297228128,0.0,0
0.0,13,2965.646485,-0.8764801147979439,0.0,0
0.002085,12,2965.676733,-0.940008712708705,0.0,0
0.0,12,2965.708762,-0.8351148828945751,0.0,0
0.010505,12,2965.74144,-0.8935821418123926,0.0,0
0.001621,12,2965.76671,-0.8998027133390849,0.0,0
0.003095,12,2965.791059,-0.861774902818488,0.0,0
0.016566,13,2965.815908,-0.8621500486071338,0.0,0
0.003387,12,2965.838452,-0.8877700782313164,0.0,0
0.012825,12,2965.863757,-0.8882031033888875,0.0,0
0.014933,12,2965.895194,-0.8768379896190001,0.0,0
0.0,12,2965.928598,-0.8887441083451821,0.0,0
0.0,13,2966.447997,-0.8205914070910836,0.0,0
0.0,13,2966.469081,-0.8383332926295667,0.0,0
0.0,12,2966.488423,-0.9228263786719281,0.0,0
0.019683,12,2966.506819,-0.7796744527891604,0.0,0
0.0036,12,2966.529789,-0.8211149631179995,0.0,0
0.0,12,2966.55304,-0.8745017514207596,0.0,0
0.0,13,2966.578216,-0.8286330934986992,0.0,0
0.008886,13,2966.603392,-0.7937600718094644,0.0,0
0.0,12,2966.62654,-0.9146922032685812,0.0,0
0.0,13,2966.64994,-0.8517583513316332,0.0,0
0.0,12,2966.667681,-0.8752180388321256,0.0,0
0.032041,14,2966.68882,-0.7303771768062819,0.0,0
0.00181,13,2966.711257,-0.811565364116944,0.0,0
0.004697,13,2966.737491,-0.8099784409048567,0.0,0
0.007839,13,2966.764333,-0.822385255701806,0.0,0
0.001508,12,2966.788565,-0.7958552147014085,0.0,0
0.0,13,2966.816471,-0.8986511638273281,0.0,0
0.0,13,2966.847137,-0.8383963746249965,0.0,0
0.002618,13,2966.881853,-0.7931997690210513,0.0,0
0.0,13,2966.9187,-0.865528835195476,0.0,0
0.0,12,2966.95426,-0.8814422462036231,0.0,0
0.00125,12,2966.991626,-0.8348785970777873,0.0,0
0.026281,13,2967.032993,-0.8027205598348546,0.0,0
0.009133,13,2967.0755,-0.8379609255498768,0.0,0
0.002132,14,2967.12235,-0.8334760937298866,0.0,0
0.001777,13,2967.166083,-0.8344873663042703,0.0,0
0.0,13,2967.209681,-0.8284147241500346,0.0,0
0.0,13,2967.254662,-0.8882340855754534,0.0,0
0.0,12,2967.297282,-0.8423995614972478,0.0,0
0.000358,12,2967.340019,-0.882417767745103,0.0,0
0.030611,13,2967.386729,-0.8148572611734507,0.0,0
0.000774,12,2967.429835,-0.8110414589134135,0.0,0
0.02387,14,2967.483013,-0.7335021350974162,0.0,0
0.002063,12,2967.52609,-0.879471482725032,0.0,0
0.004898,12,2967.56935,-0.773415455270399,0.0,0
0.0,13,2967.616415,-0.7543018179822131,0.0,0
0.013349,13,2967.663722,-0.7941519891428147,0.0,0
0.017597,13,2967.710772,-0.8641115219135851,0.0,0
0.0,12,2967.75397,-0.8481387966694235,0.0,0
0.0,12,2967.797321,-0.8581728225509218,0.0,0
0.0,12,2967.840408,-0.901608847539473,0.0,0
0.000803,12,2968.370194,-0.860930024388232,0.0,0
0.0,12,2968.389623,-0.9002729593213306,0.0,0
0.0,12,2968.409909,-0.8695637516723982,0.0,0
0.002406,12,2968.430187,-0.8280667948325158,0.0,0
0.0,12,2968.449383,-0.8798970409202015,0.0,0
0.00331,13,2968.471514,-0.8983361011880634,0.0,0
0.037095,13,2968.494448,-0.7684817662930669,0.0,0
0.002613,13,2968.520229,-0.802898236548323,0.0,0
0.001652,13,2968.545401,-0.78616656914782,0.0,0
0.0,12,2968.567502,-0.8363130235476293,0.0,0
0.0,13,2968.591397,-0.8814340687616036,0.0,0
0.001496,12,2968.614852,-0.8352100295764208,0.0,0
0.00476,13,2968.645701,-0.7796243093630759,0.0,0
0.0,12,2968.676097,-0.888372975862493,0.0,0
0.002752,12,2968.705522,-0.8475040808771028,0.0,0
0.029347,13,2968.738309,-0.8294821724539417,0.0,0
0.010354,12,2968.77066,-0.8430573623578342,0.0,0
0.031751,13,2968.807767,-0.8345752490600093,0.0,0
0.0,13,2968.847596,-0.8618526559806828,0.0,0
0.0,12,2968.880102,-0.8277972915071818,0.0,0
0.00777,12,2968.907737,-0.8110960156656511,0.0,0
0.02999,13,2968.93788,-0.7839235117186523,0.0,0
0.00132,13,2968.976532,-0.8654928915509963,0.0,0
0.003227,11,2969.010819,-0.7880338926409809,0.0,0
0.001562,13,2969.052363,-0.804207824996151,0.0,0
0.002188,13,2969.096076,-0.8396810631818704,0.0,0
0.0,12,2969.136542,-0.8602283074170254,0.0,0
0.0,12,2969.176904,-0.8084530076027887,0.0,0
0.004052,13,2969.22075,-0.8663448506552058,0.0,0
0.0,14,2969.270404,-0.7701108985877346,0.0,0
0.002442,12,2969.314014,-0.8357893938267589,0.0,0
0.0,12,2969.357373,-0.8272113404907039,0.0,0
0.0,12,2969.401094,-0.8711649776655846,0.0,0
0.004876,12,2969.444525,-0.8449350820464417,0.0,0
0.0,12,2969.487907,-0.8614485020002959,0.0,0
0.029323,12,2969.531415,-0.7865559101134797,0.0,0
0.001956,13,2969.57856,-0.87793558434393,0.0,0
0.017405,13,2969.625395,-0.8183438311669662,0.0,0
0.02441,13,2969.672561,-0.7812607528585338,0.0,0
0.009975,14,2969.724391,-0.8215437266097791,0.0,0
0.019281,12,2969.771696,-0.850378487029695,0.0,0
0.004919,12,2970.31673,-0.8691589060579207,0.0,0
0.0,13,2970.338046,-0.8805506587845169,0.0,0
0.0,12,2970.358152,-0.9164508844836009,0.0,0
0.0,12,2970.381023,-0.8150360051885243,0.0,0
0.000258,13,2970.403108,-0.8067792220160279,0.0,0
0.0,12,2970.423542,-0.9252673082968866,0.0,0
0.001129,12,2970.444203,-0.8660485692414318,0.0,0
0.0,13,2970.466401,-0.854950768986075,0.0,0
0.0,11,2970.485242,-0.8130241387443055,0.0,0
0.002102,13,2970.506067,-0.8509306917781548,0.0,0
0.003198,11,2970.522595,-0.8249402236829093,0.0,0
0.0,13,2970.541825,-0.8944607524301375,0.0,0
0.004655,13,2970.563692,-0.8510655827440021,0.0,0
0.0,12,2970.587716,-0.862679645476863,0.0,0
0.003782,13,2970.615827,-0.8806301232447379,0.0,0
0.0,13,2970.645359,-0.8219931994244901,0.0,0
0.000722,12,2970.671424,-0.8486418918527371,0.0,0
0.0,12,2970.698649,-0.8292382889216862,0.0,0
0.0,13,2970.727713,-0.8601641800509154,0.0,0
0.0,11,2970.751577,-0.8850603222792442,0.0,0
0.02287,12,2970.7783,-0.8401788509783419,0.0,0
0.007513,13,2970.806741,-0.8134594231967781,0.0,0
0.002724,13,2970.835913,-0.8342728149281312,0.0,0
0.0,13,2970.864042,-0.84846208542442,0.0,0
0.003781,13,2970.892584,-0.8473733000326624,0.0,0
0.0,12,2970.918468,-0.8454261840634446,0.0,0
0.0,12,2970.944636,-0.9105520521889425,0.0,0
0.0,11,2970.970261,-0.8558098944462521,0.0,0
0.0,12,2971.002183,-0.8690841313793116,0.0,0
0.0,12,2971.036173,-0.9062695446295715,0.0,0
0.0,13,2971.074607,-0.8039872072255255,0.0,0
0.004704,13,2971.115493,-0.8207610983612323,0.0,0
0.0,13,2971.157062,-0.8518749637818835,0.0,0
0.0,14,2971.204139,-0.7883166355213146,0.0,0
0.0,13,2971.247938,-0.8506514442151205,0.0,0
0.0,12,2971.288117,-0.9102159370499534,0.0,0
0.004479,12,2971.328504,-0.872054678476592,0.0,0
0.001059,13,2971.372176,-0.9019543105680149,0.0,0
0.0,12,2971.412526,-0.8906053780389219,0.0,0
0.027582,12,2971.452665,-0.8603799126111648,0.0,0
0.0,12,2971.487883,-0.8621300899812273,0.0,0
0.001964,12,2972.041037,-0.8699861625596195,0.0,0
0.00301,13,2972.061607,-0.8850310383649407,0.0,0
0.0,12,2972.080394,-0.8738424785384022,0.0,0
0.002932,12,2972.09962,-0.7925095624028851,0.0,0
0.001182,12,2972.118363,-0.8698450149461916,0.0,0
0.004115,12,2972.137988,-0.8747097476114464,0.0,0
0.0,12,2972.158453,-0.8123468405794719,0.0,0
0.0,13,2972.186118,-0.8567227048610777,0.0,0
0.0,12,2972.210089,-0.8884273153209613,0.0,0
0.0041,12,2972.232954,-0.8154913314225187,0.0,0
0.004747,12,2972.252497,-0.8259859796386528,0.0,0
0.0,12,2972.270966,-0.7714765877631105,0.0,0
0.0,12,2972.29037,-0.8213370354668365,0.0,0
0.000975,12,2972.312193,-0.8499151953623081,0.0,0
0.00011,12,2972.338032,-0.8342903271017549,0.0,0
0.0,11,2972.363107,-0.8383207450071689,0.0,0
0.001268,12,2972.392489,-0.8554317620908852,0.0,0
0.0,12,2972.423481,-0.8774443831120067,0.0,0
0.0,12,2972.456984,-0.8393066625854815,0.0,0
0.0,12,2972.491664,-0.8696544553701693,0.0,0
0.001459,13,2972.53099,-0.8244264548691531,0.0,0
0.001832,12,2972.569022,-0.7981263075505023,0.0,0
0.0,12,2972.607639,-0.9126724384229484,0.0,0
0.0,13,2972.65217,-0.9301958581744756,0.0,0
0.002206,13,2972.696401,-0.8566107566622666,0.0,0
0.004724,13,2972.741746,-0.8320308063891,0.0,0
0.060872,13,2972.788989,-0.7939859386781628,0.0,0
0.0,12,2972.832574,-0.8570057854538593,0.0,0
0.003357,12,2972.87606,-0.8681234190262065,0.0,0
0.0,13,2972.922396,-0.9315162338729609,0.0,0
0.001485,13,2972.966279,-0.8688780676304053,0.0,0
0.000895,12,2973.009955,-0.8577053990159478,0.0,0
0.032309,12,2973.053542,-0.7938543427758215,0.0,0
0.000272,13,2973.100962,-0.8422528926533811,0.0,0
0.01145,12,2973.144386,-0.8136188847616853,0.0,0
0.0,12,2973.187614,-0.842727847007188,0.0,0
0.0,12,2973.230853,-0.8356201000914288,0.0,0
0.004147,12,2973.274121,-0.7948446512136931,0.0,0
0.0,12,2973.317552,-0.852052021905393,0.0,0
0.0,12,2973.361202,-0.9001554064838806,0.0,0
0.000573,13,2973.408384,-0.7757494744841258,0.0,0
0.002455,12,2973.452032,-0.8741699293354294,0.0,0
0.000628,12,2973.987968,-0.8780776128285329,0.0,0
0.026616,13,2974.009105,-0.8162855632143284,0.0,0
0.0,12,2974.027966,-0.842131055747885,0.0,0
0.0,12,2974.046685,-0.9000656544392469,0.0,0
0.002628,13,2974.067386,-0.8420002120141771,0.0,0
0.0,13,2974.089081,-0.8057614717927614,0.0,0
0.004566,12,2974.109606,-0.8405648556882581,0.0,0
0.0,13,2974.132181,-0.8176145779462046,0.0,0
0.007177,13,2974.154779,-0.772871266923033,0.0,0
0.0,12,2974.175511,-0.8780993509512287,0.0,0
0.0,12,2974.194775,-0.8504439519714321,0.0,0
0.025491,12,2974.214352,-0.8375922321409749,0.0,0
0.0,13,2974.238422,-0.9104575342305381,0.0,0
0.000637,12,2974.265249,-0.8800858573847943,0.0,0
0.0,13,2974.29862,-0.842996360038516,0.0,0
0.017642,12,2974.331489,-0.8771516990234188,0.0,0
0.007598,13,2974.368724,-0.8438695347988745,0.0,0
0.001913,12,2974.405244,-0.8402640652448152,0.0,0
0.008313,13,2974.446795,-0.8111715120481311,0.0,0
0.000527,12,2974.486067,-0.8510925860841165,0.0,0
0.002199,12,2974.526756,-0.8380795735917997,0.0,0
0.0,12,2974.567223,-0.8730855037905993,0.0,0
0.00254,13,2974.602766,-0.8299209758330957,0.0,0
0.004533,13,2974.634254,-0.8094741768401205,0.0,0
0.0,12,2974.669021,-0.8564668085786569,0.0,0
0.000821,12,2974.707312,-0.8404072041170891,0.0,0
0.0,13,2974.74906,-0.844862418457171,0.0,0
0.0,12,2974.789743,-0.8920127083388408,0.0,0
0.012178,12,2974.830586,-0.7966500748359073,0.0,0
0.0,13,2974.87498,-0.824664106542832,0.0,0
0.003019,12,2974.917343,-0.8483387023060255,0.0,0
0.004335,13,2974.964856,-0.8986725931573635,0.0,0
0.000675,13,2975.012377,-0.8916174487702319,0.0,0
0.003291,13,2975.059465,-0.8042068531032875,0.0,0
0.001091,12,2975.102892,-0.8035997891434548,0.0,0
0.002736,12,2975.146578,-0.8658909372452311,0.0,0
0.0013,12,2975.189771,-0.8610828521116447,0.0,0
0.0,13,2975.236946,-0.8537356823469981,0.0,0
0.001989,12,2975.280236,-0.790811738532479,0.0,0
0.000512,12,2975.323639,-0.8207582015358965,0.0,0
0.014886,12,2975.366997,-0.8017827242126934,0.0,0
0.0,13,2975.886323,-0.836342738099501,0.0,0
0.0,12,2975.905318,-0.8381686164266793,0.0,0
0.0,12,2975.924477,-0.796747401548578,0.0,0
0.0,12,2975.944668,-0.8812896228323687,0.0,0
0.0,12,2975.964399,-0.8717728657047622,0.0,0
0.0,13,2975.987294,-0.8213804878365779,0.0,0
0.0,12,2976.007457,-0.8836435162428109,0.0,0
0.012087,13,2976.029824,-0.8690788289322846,0.0,0
0.0,12,2976.050686,-0.8229165835010269,0.0,0
0.009193,12,2976.072174,-0.8107305168884086,0.0,0
0.0,12,2976.094048,-0.8414026810310548,0.0,0
0.003561,11,2976.113925,-0.7956385263608929,0.0,0
0.000509,12,2976.135738,-0.8459827314005821,0.0,0
0.001435,12,2976.158112,-0.8510951855076481,0.0,0
0.0,12,2976.180736,-0.8446357662175847,0.0,0
0.000167,13,2976.205207,-0.8720613218776232,0.0,0
0.004186,12,2976.228109,-0.8437593474044066,0.0,0
0.0,13,2976.252958,-0.883156893606822,0.0,0
0.017492,12,2976.276244,-0.8993261037727839,0.0,0
0.004321,12,2976.299497,-0.8820235926502307,0.0,0
0.000273,12,2976.322642,-0.8400930709035913,0.0,0
0.001256,12,2976.345962,-0.8969546692647771,0.0,0
0.002536,11,2976.367263,-0.7828043776962569,0.0,0
0.0,12,2976.393609,-0.8629683841415136,0.0,0
0.03832,13,2976.427412,-0.7980565978314096,0.0,0
0.020163,12,2976.460337,-0.8410244198375492,0.0,0
0.0,12,2976.492803,-0.8015720864502979,0.0,0
0.0,13,2976.526074,-0.8498207494584634,0.0,0
0.000907,12,2976.556853,-0.8479683486711432,0.0,0
0.001817,12,2976.587455,-0.8575815941204984,0.0,0
0.003853,12,2976.618561,-0.8346837184751288,0.0,0
0.00371,12,2976.647329,-0.7925250597404989,0.0,0
0.0293,13,2976.674913,-0.8801337083483602,0.0,0
0.004307,12,2976.700243,-0.8256960079424098,0.0,0
0.003481,13,2976.727693,-0.8830990120928564,0.0,0
0.004526,12,2976.753087,-0.8992960393269509,0.0,0
0.0,12,2976.778439,-0.8313265605775187,0.0,0
0.005408,12,2976.803692,-0.8748201086639389,0.0,0
0.0,12,2976.830949,-0.83029178940224,0.0,0
0.000164,12,2976.858312,-0.8249407716998893,0.0,0
0.0,12,2976.885795,-0.859719643197808,0.0,0
0.002484,13,2976.915461,-0.8215945663654862,0.0,0
0.0,12,2977.446977,-0.8121737847142885,0.0,0
0.000115,12,2977.465908,-0.8466649271148273,0.0,0
0.0,12,2977.484849,-0.843285277918441,0.0,0
0.0,13,2977.505471,-0.8525727435456929,0.0,0
0.0,13,2977.525787,-0.8363070404703012,0.0,0
0.0,12,2977.545446,-0.8480630919306721,0.0,0
0.002921,12,2977.566323,-0.8120758076746092,0.0,0
0.000444,12,2977.58733,-0.8596854759504018,0.0,0
0.000605,12,2977.60802,-0.7973020320230293,0.0,0
0.001348,12,2977.628958,-0.8232434371088663,0.0,0
0.0,12,2977.648756,-0.8630370611581966,0.0,0
0.016589,12,2977.667761,-0.8364852472132899,0.0,0
0.0,12,2977.687368,-0.9456621939249041,0.0,0
0.006242,13,2977.709841,-0.811728724378606,0.0,0
0.003143,14,2977.734013,-0.8298435670621771,0.0,0
0.0,12,2977.754598,-0.8089538020973018,0.0,0
0.00222,13,2977.777938,-0.8781385237441284,0.0,0
0.002689,13,2977.801426,-0.7504550048459081,0.0,0
0.001333,12,2977.82359,-0.8225198745763015,0.0,0
0.0,12,2977.845617,-0.8291549768066838,0.0,0
0.007497,12,2977.867629,-0.789116928417298,0.0,0
0.003479,12,2977.889777,-0.8372958456055941,0.0,0
0.017568,13,2977.913613,-0.8405921769642016,0.0,0
0.00026,12,2977.935757,-0.8015794297479133,0.0,0
0.011513,12,2977.958632,-0.8508005027404634,0.0,0
0.0,13,2977.985938,-0.8513032579810129,0.0,0
0.0,12,2978.015843,-0.8760051172449349,0.0,0
0.0,13,2978.050893,-0.8065014822727183,0.0,0
0.0,13,2978.087762,-0.8456254658142415,0.0,0
0.0,12,2978.123473,-0.8698938953099764,0.0,0
6.3e-05,12,2978.161047,-0.8186286217234954,0.0,0
0.017738,13,2978.202046,-0.836839335299948,0.0,0
0.001938,12,2978.240308,-0.8429328848573169,0.0,0
0.0,12,2978.280127,-0.7725346392903734,0.0,0
0.008364,12,2978.319954,-0.7616101538747923,0.0,0
0.00456,13,2978.363628,-0.8638632523411323,0.0,0
0.0,12,2978.403478,-0.8378755286219629,0.0,0
0.0,12,2978.443451,-0.7965318201136713,0.0,0
0.003928,13,2978.488082,-0.7933954812374199,0.0,0
0.001482,12,2978.528854,-0.8439107787026555,0.0,0
0.0,12,2978.565395,-0.8489550065205914,0.0,0
0.0,12,2978.597709,-0.8949182203327586,0.0,0
0.021241,13,2979.149324,-0.813828493946169,0.0,0
0.0,12,2979.168467,-0.8247073943849095,0.0,0
0.0,12,2979.187634,-0.7837783030922997,0.0,0
0.003019,12,2979.217634,-0.7984877825725033,0.0,0
0.0,12,2979.248131,-0.7928926777940409,0.0,0
0.003615,12,2979.278489,-0.7552561115548526,0.0,0
0.000981,13,2979.311424,-0.8220938062911549,0.0,0
0.0,12,2979.3368,-0.8714437767473765,0.0,0
0.00253,13,2979.361905,-0.7675709973530221,0.0,0
0.004867,14,2979.388911,-0.7876238037432766,0.0,0
0.0,13,2979.413832,-0.8360888835379015,0.0,0
0.019636,13,2979.438913,-0.8192807884806858,0.0,0
0.0,13,2979.463888,-0.8195732949837954,0.0,0
0.002774,12,2979.488197,-0.7752637352682528,0.0,0
0.001507,12,2979.516659,-0.9093658007947379,0.0,0
0.000887,13,2979.550188,-0.8284535616731126,0.0,0
0.009041,12,2979.58283,-0.8117621811472789,0.0,0
0.0,12,2979.617326,-0.8079851192830731,0.0,0
0.0,12,2979.653094,-0.7526162804683612,0.0,0
0.001274,13,2979.693808,-0.7790294223752716,0.0,0
0.003473,12,2979.73174,-0.8154269855199746,0.0,0
0.0,13,2979.774945,-0.8367592353572497,0.0,0
0.002857,13,2979.818419,-0.7923822949402044,0.0,0
0.004109,12,2979.858647,-0.8270797463490737,0.0,0
0.001919,12,2979.899978,-0.8381520969049279,0.0,0
0.002541,12,2979.942647,-0.7656828450192006,0.0,0
0.0,13,2979.983392,-0.8058304192591672,0.0,0
0.001076,13,2980.027036,-0.855976940377345,0.0,0
0.0,13,2980.070644,-0.7666436096704531,0.0,0
0.0,13,2980.114646,-0.8552998718888873,0.0,0
0.002793,12,2980.156419,-0.8432274155210281,0.0,0
0.0,12,2980.199497,-0.8380476392325513,0.0,0
0.0,12,2980.242995,-0.8026139093207868,0.0,0
0.0,12,2980.286151,-0.8256852305984326,0.0,0
0.0,12,2980.329733,-0.7911276355125998,0.0,0
0.000221,12,2980.37298,-0.7749258446531805,0.0,0
0.003967,12,2980.415673,-0.7945398246929647,0.0,0
0.002107,13,2980.46209,-0.7810068941167327,0.0,0
0.0,13,2980.50855,-0.8336175022289288,0.0,0
0.000205,12,2980.55131,-0.8678543540683779,0.0,0
0.004455,12,2980.594243,-0.834056314515802,0.0,0
0.000689,13,2981.12237,-0.7854219226058664,0.0,0
0.0,12,2981.141083,-0.8901711151829044,0.0,0
0.003073,12,2981.163524,-0.7892849019111245,0.0,0
0.008849,14,2981.199246,-0.769639176945123,0.0,0
0.0,12,2981.230186,-0.8915814213170662,0.0,0
0.002769,13,2981.263388,-0.8115747661110787,0.0,0
0.0,12,2981.293738,-0.8141875735126362,0.0,0
0.0,12,2981.324057,-0.8420188410284088,0.0,0
0.0,12,2981.3542,-0.8379949926008501,0.0,0
0.016469,13,2981.386911,-0.8255934960016895,0.0,0
0.0,12,2981.417233,-0.821453818764281,0.0,0
0.0,12,2981.447304,-0.8505297534015587,0.0,0
0.000945,12,2981.474018,-0.795141943073567,0.0,0
0.039681,13,2981.503457,-0.9030793293705139,0.0,0
0.002378,13,2981.538113,-0.8370279655102195,0.0,0
0.003863,12,2981.572083,-0.7891268872884163,0.0,0
0.045704,13,2981.610605,-0.8049595277997017,0.0,0
0.0,12,2981.647588,-0.8456449905579969,0.0,0
0.017429,13,2981.688604,-0.8257365649611298,0.0,0
0.0,13,2981.730834,-0.8126343219889807,0.0,0
0.0,12,2981.77084,-0.8147458890205396,0.0,0
0.0,13,2981.814235,-0.8821417079291178,0.0,0
0.01793,13,2981.857727,-0.8629936649877656,0.0,0
0.004695,13,2981.903075,-0.7968726178409287,0.0,0
0.0,12,2981.94614,-0.8283250685505659,0.0,0
0.004502,13,2981.992818,-0.7958999788944389,0.0,0
0.0,12,2982.035721,-0.8555312762834496,0.0,0
0.000301,12,2982.078988,-0.7989401447924832,0.0,0
0.003087,13,2982.126131,-0.8098331178682053,0.0,0
0.002595,13,2982.17283,-0.8028346133331166,0.0,0
0.0,13,2982.219545,-0.8859069134302398,0.0,0
0.001348,13,2982.266123,-0.8692323669796554,0.0,0
0.003414,13,2982.312709,-0.8712069067276103,0.0,0
0.004343,12,2982.355729,-0.812057320644134,0.0,0
0.0,12,2982.398853,-0.8571231870149355,0.0,0
0.0,12,2982.442096,-0.8392025873510953,0.0,0
0.0,13,2982.488505,-0.898063758885784,0.0,0
0.000956,13,2982.535317,-0.8219879399397533,0.0,0
0.004024,13,2982.582082,-0.8149999481614422,0.0,0
0.0,13,2982.628763,-0.8402095557061148,0.0,0
0.0,13,2983.172212,-0.851615218643682,0.0,0
0.000165,14,2983.201689,-0.8288250424360454,0.0,0
0.001478,12,2983.222625,-0.8813215961567811,0.0,0
0.000549,12,2983.243522,-0.774965361336004,0.0,0
0.042629,13,2983.266056,-0.8221430500822839,0.0,0
0.004478,12,2983.28713,-0.8566029272750273,0.0,0
0.0,13,2983.309729,-0.8793268998835422,0.0,0
0.004516,13,2983.332312,-0.8615688869487638,0.0,0
0.003652,14,2983.358957,-0.8459996965907747,0.0,0
0.010923,13,2983.383108,-0.7902508528181451,0.0,0
0.0,12,2983.404809,-0.8237039858080498,0.0,0
0.0,13,2983.428313,-0.9193912664815606,0.0,0
0.0,13,2983.451885,-0.8546118856405087,0.0,0
0.002276,13,2983.475353,-0.7772842839622135,0.0,0
0.003674,12,2983.497082,-0.8133654818095977,0.0,0
0.0,13,2983.517186,-0.8393929953794943,0.0,0
0.000365,13,2983.535834,-0.837643112954049,0.0,0
0.0,12,2983.553347,-0.8419782360399526,0.0,0
0.0,12,2983.570836,-0.8673671726293508,0.0,0
0.001268,11,2983.587489,-0.7517264746529148,0.0,0
0.009332,13,2983.607042,-0.8519430451405233,0.0,0
0.018278,12,2983.62504,-0.8439811354892872,0.0,0
0.0,13,2983.644557,-0.8503809246371633,0.0,0
0.003428,12,2983.662849,-0.9063605585310632,0.0,0
0.0,13,2983.683711,-0.8839979824451448,0.0,0
0.01903,13,2983.712145,-0.8391693215952336,0.0,0
0.0,13,2983.743449,-0.882376805840086,0.0,0
0.0,12,2983.77414,-0.8579597280012512,0.0,0
0.0,12,2983.806886,-0.8371659101490082,0.0,0
0.004728,13,2983.844117,-0.8087816798191573,0.0,0
0.0,12,2983.87982,-0.8038445592832263,0.0,0
0.0,12,2983.916878,-0.8634443473597848,0.0,0
2.9e-05,13,2983.958009,-0.8203085525874206,0.0,0
0.002365,12,2983.996561,-0.7841711525001358,0.0,0
0.0,13,2984.040164,-0.9069559434103444,0.0,0
0.0,12,2984.080522,-0.8421374163865105,0.0,0
0.008827,12,2984.120758,-0.8427475135679277,0.0,0
0.001685,13,2984.164367,-0.8249848453084566,0.0,0
0.001999,12,2984.204659,-0.8586533346648877,0.0,0
0.0,12,2984.244895,-0.7990413244861416,0.0,0
0.004409,12,2984.285175,-0.7920194047671163,0.0,0
0.003097,12,2984.87658,-0.8229724598406216,0.0,0
0.0,13,2984.8967,-0.8501687686127639,0.0,0
0.004749,12,2984.915426,-0.8647922863619003,0.0,0
0.0,12,2984.934349,-0.8963079019754355,0.0,0
0.003785,13,2984.957473,-0.8444067381106365,0.0,0
0.0,13,2984.979903,-0.8852342110098659,0.0,0
0.0,13,2985.00213,-0.871135694671426,0.0,0
0.0,12,2985.022399,-0.8227943300308163,0.0,0
0.0,12,2985.042676,-0.9379260208861572,0.0,0
0.0,13,2985.064573,-0.82255062681773,0.0,0
0.0,12,2985.083082,-0.8645087723458943,0.0,0
0.004336,12,2985.101168,-0.8493253431583523,0.0,0
0.015689,12,2985.120025,-0.8307003475000047,0.0,0
0.003558,13,2985.142835,-0.8147665644477942,0.0,0
0.004277,12,2985.168075,-0.8641662301818761,0.0,0
0.02907,14,2985.202255,-0.8041831200544683,0.0,0
0.0,12,2985.233263,-0.8540287925205562,0.0,0
0.00043,12,2985.265729,-0.9135352340740099,0.0,0
0.000376,13,2985.30312,-0.8797429519802582,0.0,0
0.0,13,2985.342097,-0.8809147566690503,0.0,0
0.007425,13,2985.382906,-0.8299476935961841,0.0,0
0.0,13,2985.424028,-0.8707990003480236,0.0,0
0.0,13,2985.467225,-0.8664854627588812,0.0,0
0.004189,12,2985.507516,-0.8388820075488831,0.0,0
0.000392,14,2985.554486,-0.8185208041563274,0.0,0
0.0,12,2985.594699,-0.8637113107919745,0.0,0
0.0,12,2985.634718,-0.9039697788191103,0.0,0
0.000107,13,2985.672513,-0.8748484825623973,0.0,0
0.0,11,2985.701354,-0.8879260434464555,0.0,0
0.004796,14,2985.736231,-0.8442183045439836,0.0,0
0.001928,13,2985.767147,-0.855694173741053,0.0,0
0.0,12,2985.796389,-0.8287051667189211,0.0,0
0.001438,12,2985.831256,-0.8053964178046387,0.0,0
0.011127,13,2985.870735,-0.940750546113227,0.0,0
0.0,12,2985.908735,-0.8075534932096909,0.0,0
0.0,13,2985.950591,-0.844590029345236,0.0,0
0.0,13,2985.994219,-0.8251392000254708,0.0,0
0.0,14,2986.034595,-0.8231064120175049,0.0,0
0.0,12,2986.065501,-0.8437261443918896,0.0,0
0.00467,14,2986.099853,-0.8691928344194042,0.0,0
0.0,13,2986.130058,-0.8773781408211911,0.0,0
0.0,12,2986.639459,-0.9811205655822332,0.0,0
0.0,13,2986.661483,-0.856228766841088,0.0,0
0.000895,13,2986.684066,-0.9340447448796676,0.0,0
0.0,13,2986.707111,-0.9137900584006207,0.0,0
0.003003,11,2986.726358,-0.8465140963666508,0.0,0
0.002212,12,2986.747308,-0.8601115876362079,0.0,0
0.0,14,2986.778683,-0.8602129769580605,0.0,0
0.0,13,2986.805594,-0.8521004423548129,0.0,0
0.000356,12,2986.828709,-0.8397267899569322,0.0,0
0.018666,12,2986.851797,-0.902623008403915,0.0,0
0.0,12,2986.874894,-0.9364029342941129,0.0,0
0.001963,12,2986.897772,-0.9146776115483625,0.0,0
0.001365,13,2986.922624,-0.8747949873819466,0.0,0
0.014973,12,2986.94778,-0.8745992350294743,0.0,0
0.011182,12,2986.976347,-0.8834715281535128,0.0,0
0.004614,12,2987.001481,-0.8763439059810572,0.0,0
0.002731,13,2987.029779,-0.8181898636358089,0.0,0
0.002727,13,2987.057555,-0.8587575651604408,0.0,0
0.0,13,2987.086636,-0.9036330223086028,0.0,0
0.000142,12,2987.112739,-0.8217790097147081,0.0,0
0.0,13,2987.140889,-0.8667346428455379,0.0,0
0.004891,13,2987.16848,-0.8392642951257446,0.0,0
0.003262,12,2987.193705,-0.8492508489134802,0.0,0
0.0,12,2987.219566,-0.8888652070567954,0.0,0
0.001349,13,2987.248062,-0.8015162692520799,0.0,0
0.0,12,2987.273785,-0.9396816499756294,0.0,0
0.0,12,2987.299505,-0.8464091654618389,0.0,0
0.004574,13,2987.327738,-0.8349490913923664,0.0,0
0.008048,13,2987.355472,-0.8441992474059204,0.0,0
0.017408,13,2987.383483,-0.8715983066754721,0.0,0
0.0,14,2987.413464,-0.8479125219715042,0.0,0
1.1e-05,12,2987.439712,-0.9037540134297868,0.0,0
0.022859,12,2987.471615,-0.8266424311839752,0.0,0
0.0,12,2987.50549,-0.8128065922463744,0.0,0
0.003183,12,2987.541241,-0.883537371753224,0.0,0
0.0,12,2987.576706,-0.8564875782885071,0.0,0
0.003448,14,2987.612697,-0.8595645645617542,0.0,0
0.0,12,2987.648599,-0.8912683860444608,0.0,0
0.002705,12,2987.686157,-0.875432924650439,0.0,0
0.0,12,2987.724237,-0.8924693651623524,0.0,0
0.0,12,2987.764187,-0.8838136136501004,0.0,0
0.0,12,2988.305089,-0.8680042480236284,0.0,0
0.004187,13,2988.326081,-0.8949096397640568,0.0,0
0.008888,13,2988.346301,-0.9174723249283779,0.0,0
0.003942,12,2988.364879,-0.8914537603599063,0.0,0
0.051643,14,2988.387062,-0.838434111427916,0.0,0
0.0,13,2988.408221,-0.9284657393378825,0.0,0
0.0,12,2988.427962,-0.9431958409139284,0.0,0
0.004179,12,2988.448617,-0.9363391153108768,0.0,0
0.016726,13,2988.471103,-0.9252794664044737,0.0,0
0.025332,13,2988.493704,-0.86092327038357,0.0,0
0.012054,13,2988.516698,-0.8653323194031458,0.0,0
0.013063,12,2988.538559,-0.8413668062916034,0.0,0
0.002309,11,2988.558529,-0.875749563769859,0.0,0
0.024975,13,2988.582464,-0.8512962616976878,0.0,0
0.027316,13,2988.604367,-0.8411888479367071,0.0,0
0.00366,13,2988.624721,-0.8966458536330305,0.0,0
0.0,13,2988.646168,-0.8781642290864176,0.0,0
0.00212,12,2988.666718,-0.8865585307630064,0.0,0
0.004433,12,2988.688183,-0.8502746929497552,0.0,0
0.002153,13,2988.711376,-0.938914951351549,0.0,0
0.0,12,2988.7333,-0.8609904927810783,0.0,0
0.044441,12,2988.75547,-0.8676410866521891,0.0,0
0.0,13,2988.779767,-0.9221906968587142,0.0,0
0.002853,12,2988.802027,-0.8912540375329138,0.0,0
0.013693,13,2988.826967,-0.8728355803863811,0.0,0
0.0,12,2988.850501,-0.8348833646468492,0.0,0
0.0,12,2988.873275,-0.8706329949715576,0.0,0
0.0,13,2988.898148,-0.8776715210007655,0.0,0
0.001899,12,2988.921164,-0.8670918584019438,0.0,0
0.012651,12,2988.943975,-0.8717117465337011,0.0,0
0.001943,12,2988.966843,-0.8429356660407911,0.0,0
0.0,13,2988.991429,-0.8976904634300874,0.0,0
0.001647,13,2989.016117,-0.8932392870659229,0.0,0
0.00085,14,2989.042732,-0.9108158161328253,0.0,0
0.003875,12,2989.065588,-0.8909454990473834,0.0,0
0.000683,12,2989.088517,-0.8470274456891358,0.0,0
0.0,13,2989.119543,-0.9009975271200313,0.0,0
0.0,13,2989.155111,-0.9090692157632803,0.0,0
0.005532,12,2989.18929,-0.8618933094165603,0.0,0
0.002026,12,2989.225524,-0.9172863943012675,0.0,0
0.000805,12,2989.263224,-0.9140475404342755,0.0,0
0.0,12,2989.789193,-0.8987413223592788,0.0,0
0.013267,13,2989.809941,-0.8671957489864975,0.0,0
0.002029,13,2989.831074,-0.8592301227087127,0.0,0
0.001716,13,2989.851932,-0.8263248058918241,0.0,0
0.0,12,2989.871441,-0.8885349708180453,0.0,0
0.004345,12,2989.891876,-0.8455154105439611,0.0,0
0.0,13,2989.914375,-0.8538938049275316,0.0,0
0.002489,13,2989.937203,-0.8434089620414678,0.0,0
0.0,12,2989.957983,-0.8707212122569246,0.0,0
0.000574,13,2989.980082,-0.8872670307039517,0.0,0
0.000898,12,2989.999906,-0.8635041844558686,0.0,0
0.002582,13,2990.025789,-0.9163404411088288,0.0,0
0.003919,12,2990.053032,-0.8642242215125614,0.0,0
0.0,13,2990.084918,-0.8240953001731923,0.0,0
0.0,13,2990.108701,-0.8151751481604125,0.0,0
0.003279,13,2990.131765,-0.8610244820908821,0.0,0
0.0,12,2990.152766,-0.8814422948171655,0.0,0
0.0,13,2990.174948,-0.9069901191543779,0.0,0
0.001509,12,2990.195416,-0.8404265670298408,0.0,0
0.002561,13,2990.217463,-0.9028784613321018,0.0,0
0.0,13,2990.239283,-0.8685967278480257,0.0,0
0.038326,13,2990.26084,-0.8617440097113751,0.0,0
0.006389,12,2990.280711,-0.9324719869659811,0.0,0
0.026218,12,2990.300436,-0.9193459959118873,0.0,0
0.003116,12,2990.319824,-0.8607855900976407,0.0,0
0.001972,12,2990.339509,-0.8249765962127742,0.0,0
0.0,13,2990.36027,-0.8475965644317576,0.0,0
0.002587,12,2990.379405,-0.8619544380292797,0.0,0
0.0,12,2990.398682,-0.8404491167119247,0.0,0
0.0,12,2990.417828,-0.8743495107962803,0.0,0
0.003548,12,2990.43685,-0.8374094901546836,0.0,0
0.001561,13,2990.457799,-0.8547546161248624,0.0,0
0.004554,12,2990.477514,-0.8729989992325665,0.0,0
0.003738,12,2990.49718,-0.8887491438530545,0.0,0
0.000579,12,2990.516945,-0.8493312819230884,0.0,0
0.0,12,2990.536642,-0.9674939833824625,0.0,0
0.0,13,2990.557509,-0.9394588747452909,0.0,0
0.003672,13,2990.578347,-0.8685560387994331,0.0,0
0.004812,13,2990.599362,-0.8379280635077555,0.0,0
0.002567,12,2990.619188,-0.8768950664617975,0.0,0
0.0,12,2990.638292,-0.8523926950948465,0.0,0
0.002542,12,2991.183927,-0.8621471867345254,0.0,0
0.003268,13,2991.203761,-0.8520680290054826,0.0,0
0.0,12,2991.222326,-0.9399305250300516,0.0,0
0.001769,12,2991.241684,-0.8721480000475084,0.0,0
0.0,12,2991.260308,-0.917717927956108,0.0,0
0.0,13,2991.280928,-0.9511035264197643,0.0,0
0.002505,12,2991.300461,-0.8921610434421989,0.0,0
0.0,13,2991.321947,-0.8685356946853062,0.0,0
0.0,12,2991.341876,-0.8259370696738535,0.0,0
0.038325,13,2991.364146,-0.8639393736176846,0.0,0
0.028295,13,2991.385589,-0.8225927223842017,0.0,0
0.0,12,2991.405398,-0.8780607582255127,0.0,0
0.001974,13,2991.427461,-0.8583746096070287,0.0,0
0.003397,12,2991.452049,-0.792952318456612,0.0,0
0.0,12,2991.480597,-0.8816743026441881,0.0,0
0.0,12,2991.513207,-0.8730014363300808,0.0,0
0.000266,12,2991.546996,-0.8847298527927973,0.0,0
0.0,12,2991.582975,-0.8623365379953428,0.0,0
0.010149,12,2991.619595,-0.9195058822812402,0.0,0
0.004622,13,2991.659934,-0.8705190674692466,0.0,0
0.021803,14,2991.705829,-0.8141392748868409,0.0,0
0.043156,12,2991.745406,-0.8763941977878609,0.0,0
0.004057,12,2991.786441,-0.886196706671628,0.0,0
0.0,12,2991.828221,-0.8442728047367912,0.0,0
0.004528,14,2991.877587,-0.8355458340918066,0.0,0
0.0,13,2991.924164,-0.9227982109009893,0.0,0
0.004562,12,2991.966964,-0.8299034988753505,0.0,0
0.0,12,2992.009828,-0.8323344411110943,0.0,0
0.0,12,2992.053057,-0.8705320334698217,0.0,0
0.0,12,2992.095063,-0.9064926367116349,0.0,0
0.000394,13,2992.141387,-0.8393996607597269,0.0,0
0.00413,13,2992.186124,-0.902212672017572,0.0,0
0.000734,12,2992.225826,-0.8227441981907511,0.0,0
0.000902,12,2992.266646,-0.9049789575524346,0.0,0
0.003935,13,2992.310977,-0.8819967602032799,0.0,0
0.004188,13,2992.357306,-0.8795277934023495,0.0,0
0.0,13,2992.40355,-0.880011909374011,0.0,0
0.001427,12,2992.446272,-0.8856689617709553,0.0,0
0.0,12,2992.488895,-0.9418749377447256,0.0,0
0.003298,13,2992.535161,-0.8854776357501627,0.0,0
0.0,12,2992.578421,-0.8599644669902035,0.0,0
0.004602,12,2993.109399,-0.9228496037870675,0.0,0
0.0,12,2993.127987,-0.9087920845314389,0.0,0
0.015415,13,2993.148423,-0.8823154610604563,0.0,0
0.0,12,2993.167258,-0.9635703930584291,0.0,0
0.001785,12,2993.18599,-0.8863229029914862,0.0,0
0.0,12,2993.204753,-0.9134787567657413,0.0,0
0.000362,13,2993.225582,-0.8290024087186985,0.0,0
0.002579,13,2993.247213,-0.8777497899617915,0.0,0
0.002099,13,2993.274834,-0.8958254711411044,0.0,0
6.4e-05,12,2993.297803,-0.9519337038926636,0.0,0
0.033381,14,2993.323031,-0.8703877440112904,0.0,0
0.001183,12,2993.344588,-0.8473746714413879,0.0,0
0.0,12,2993.366155,-0.8680477035169678,0.0,0
0.00402,12,2993.387755,-0.8716873832133095,0.0,0
0.001951,12,2993.409268,-0.890600373495545,0.0,0
0.002029,12,2993.43051,-0.9167202295843835,0.0,0
0.0,13,2993.450605,-0.8510573607496746,0.0,0
0.002722,13,2993.470065,-0.8886071126479655,0.0,0
0.0,12,2993.49016,-0.8888789793557196,0.0,0
0.0,13,2993.519904,-0.9030049738353797,0.0,0
0.004593,12,2993.54956,-0.867549590811914,0.0,0
0.02373,12,2993.580248,-0.9057660114721897,0.0,0
0.0,14,2993.618926,-0.8637097105279168,0.0,0
0.00193,12,2993.653219,-0.8853136183142322,0.0,0
4.8e-05,13,2993.691989,-0.8189645985658258,0.0,0
0.000133,13,2993.732919,-0.9027989624694629,0.0,0
0.004634,12,2993.770855,-0.9059369044672714,0.0,0
0.0,13,2993.812342,-0.893891656326249,0.0,0
0.003111,12,2993.852535,-0.8400614341203568,0.0,0
0.0,12,2993.892982,-0.9021870212829742,0.0,0
0.002769,13,2993.936915,-0.8422933485391333,0.0,0
0.0,12,2993.977327,-0.9393855717340474,0.0,0
0.0,11,2994.014543,-0.8387988052190584,0.0,0
0.004718,13,2994.058527,-0.8509093059170613,0.0,0
0.00651,12,2994.098971,-0.8413969118126952,0.0,0
0.0,12,2994.139473,-0.9003722693104674,0.0,0
0.00091,12,2994.179909,-0.8967863555364582,0.0,0
0.007391,13,2994.223668,-0.821645432407296,0.0,0
0.0,12,2994.264803,-0.9041599223018205,0.0,0
0.00224,13,2994.308893,-0.8400017288970233,0.0,0
0.00429,13,2994.35279,-0.869572757224179,0.0,0
0.000633,12,2994.882324,-0.872430073448044,0.0,0
0.01889,12,2994.902887,-0.86082856117437,0.0,0
0.0,12,2994.923166,-0.8615476448971864,0.0,0
0.022619,13,2994.947041,-0.8672453952955161,0.0,0
0.0,12,2994.970112,-0.8711629164183774,0.0,0
0.005326,12,2994.993115,-0.9384269373686609,0.0,0
0.0,12,2995.016271,-0.8887110120288794,0.0,0
0.001544,12,2995.039284,-0.8715482984766599,0.0,0
0.0,13,2995.064321,-0.9347177167392828,0.0,0
0.016014,12,2995.093951,-0.9075769512533397,0.0,0
0.0,13,2995.127059,-0.8557365469425415,0.0,0
0.003595,12,2995.156626,-0.9471597514798197,0.0,0
0.004488,11,2995.18109,-0.8211406034088885,0.0,0
0.004995,13,2995.211652,-0.8396667022244317,0.0,0
0.0,13,2995.244645,-0.8992814821170114,0.0,0
0.003901,12,2995.277603,-0.8434555976013467,0.0,0
0.0,12,2995.312362,-0.8689366239737919,0.0,0
0.004682,12,2995.348408,-0.84374684165552,0.0,0
0.003907,13,2995.39338,-0.8603857266054655,0.0,0
0.004382,12,2995.434443,-0.9279717040454063,0.0,0
0.015367,14,2995.481208,-0.8634341538745767,0.0,0
0.005465,13,2995.524762,-0.9073836817189029,0.0,0
0.0,12,2995.565001,-0.8148801914398817,0.0,0
0.013842,12,2995.604918,-0.8902172327831105,0.0,0
0.0,12,2995.64594,-0.848269355115998,0.0,0
0.021483,13,2995.69239,-0.8530782301817459,0.0,0
0.002778,12,2995.73562,-0.8186003125843926,0.0,0
0.003724,13,2995.777544,-0.8894302917277909,0.0,0
3.5e-05,12,2995.81823,-0.8561087279055446,0.0,0
0.013351,12,2995.858656,-0.9120491405787051,0.0,0
0.003386,12,2995.903654,-0.8888004900516469,0.0,0
0.0,12,2995.946682,-0.8860584563065151,0.0,0
0.002033,11,2995.986611,-0.8866663832278692,0.0,0
0.0,12,2996.029792,-0.9032707339953902,0.0,0
0.0,13,2996.076959,-0.8812098288070647,0.0,0
0.003281,13,2996.123932,-0.853232799468238,0.0,0
0.001247,13,2996.170718,-0.830078730128576,0.0,0
0.004277,12,2996.213888,-0.8746800228779394,0.0,0
0.009982,12,2996.256999,-0.867138319619736,0.0,0
0.004931,12,2996.300005,-0.8826498468956844,0.0,0
0.027346,13,2996.346609,-0.8959105818703533,0.0,0
0.0027,13,2996.395922,-0.8552810434625493,0.0,0
0.0,13,2996.920481,-0.8693767245653908,0.0,0
0.001196,12,2996.93919,-0.898408327396788,0.0,0
0.001925,13,2996.959351,-0.8565265864882979,0.0,0
0.0,13,2996.97956,-0.9042824672534834,0.0,0
3.4e-05,12,2996.998369,-0.9454620456095922,0.0,0
0.002915,11,2997.016262,-0.8267504712012064,0.0,0
0.0,12,2997.035297,-0.8718190083770081,0.0,0
0.000326,13,2997.056792,-0.954254135185413,0.0,0
0.016615,12,2997.076981,-0.833004439446727,0.0,0
0.011634,12,2997.098563,-0.8402413635154233,0.0,0
0.007074,13,2997.12161,-0.8181610833263072,0.0,0
0.002006,13,2997.144328,-0.8872042038605816,0.0,0
0.0,12,2997.167161,-0.8879036520663126,0.0,0
0.001698,12,2997.190319,-0.894280179890679,0.0,0
0.0,12,2997.213421,-0.9212412701188364,0.0,0
0.021962,13,2997.23847,-0.8163547953719154,0.0,0
0.004271,13,2997.263423,-0.8496309426191138,0.0,0
0.0,13,2997.28712,-0.868307852436052,0.0,0
0.001933,12,2997.3081,-0.8857282018543516,0.0,0
0.0,13,2997.330974,-0.9041542913050818,0.0,0
0.0,12,2997.352301,-0.8584384404798264,0.0,0
0.0,13,2997.375875,-0.8778472268624823,0.0,0
0.0,13,2997.399295,-0.8178401472231964,0.0,0
0.000628,12,2997.421632,-0.8829193343718075,0.0,0
0.001629,12,2997.448103,-0.9611630054496655,0.0,0
0.0,13,2997.481534,-0.8238623017673579,0.0,0
0.0,12,2997.514184,-0.8726495396423869,0.0,0
0.0,13,2997.551381,-0.8318319575316647,0.0,0
0.0,12,2997.58747,-0.8661841760759912,0.0,0
0.0,13,2997.627334,-0.8428791451932852,0.0,0
0.0,13,2997.667367,-0.858256211783012,0.0,0
0.003497,12,2997.706216,-0.8539848245319458,0.0,0
0.000998,13,2997.750086,-0.9129352835918304,0.0,0
0.001474,13,2997.792629,-0.8483444880821889,0.0,0
0.000681,14,2997.839506,-0.8213527405458128,0.0,0
0.0,12,2997.879916,-0.8570873629403607,0.0,0
0.002687,12,2997.920491,-0.8674472060136352,0.0,0
0.0,12,2997.962154,-0.9156451311087429,0.0,0
0.001288,13,2998.008544,-0.9291862299636686,0.0,0
0.001558,12,2998.05141,-0.8766918411670928,0.0,0
0.002515,12,2998.094523,-0.8394577832873003,0.0,0
0.0,12,2998.658518,-0.8505007457919084,0.0,0
0.0,12,2998.678227,-0.9787557226276059,0.0,0
0.004789,12,2998.698052,-0.8723889914656398,0.0,0
0.004345,12,2998.717908,-0.8248641667239414,0.0,0
0.013345,12,2998.7374,-0.8247889792487526,0.0,0
0.0,13,2998.758647,-0.8422080686009996,0.0,0
0.007649,12,2998.77834,-0.9488873988890623,0.0,0
0.0,12,2998.798772,-0.8712618743721956,0.0,0
0.0,11,2998.818142,-0.8399007383843495,0.0,0
0.050327,13,2998.841748,-0.9097298213484941,0.0,0
0.000978,12,2998.861171,-0.8599092367737061,0.0,0
0.002638,14,2998.886268,-0.7589129127876502,0.0,0
0.0,12,2998.904185,-0.8018085569011756,0.0,0
0.004504,14,2998.925652,-0.8455825520608565,0.0,0
0.001466,13,2998.947613,-0.8360774068051922,0.0,0
0.0,12,2998.969519,-0.8837569798031926,0.0,0
0.0,13,2998.99665,-0.9601260219950872,0.0,0
0.021052,13,2999.027679,-0.9030432410628764,0.0,0
0.000177,12,2999.05877,-0.8885920354542897,0.0,0
0.0039,12,2999.091321,-0.8844326353635598,0.0,0
0.001531,13,2999.12834,-0.8201967679945389,0.0,0
0.0,13,2999.167254,-0.904621531475425,0.0,0
0.00488,12,2999.204546,-0.8786031711201666,0.0,0
0.0,13,2999.24579,-0.84831049552222,0.0,0
0.002222,12,2999.283812,-0.8276833128801884,0.0,0
0.0,12,2999.323929,-0.8372088871406437,0.0,0
0.004555,12,2999.364133,-0.8568911591760853,0.0,0
0.0,12,2999.404317,-0.8338313945358197,0.0,0
0.001802,13,2999.449029,-0.8011808245015073,0.0,0
0.000693,13,2999.494226,-0.8665251920171244,0.0,0
0.0,12,2999.537299,-0.8934777371830416,0.0,0
0.00193,12,2999.580447,-0.9178566581108502,0.0,0
0.010474,13,2999.627764,-0.9057881915629937,0.0,0
0.0,13,2999.674732,-0.8401553395948963,0.0,0
0.0,12,2999.717988,-0.8704760452840655,0.0,0
0.001935,13,2999.764732,-0.8887664852413899,0.0,0
0.001832,12,2999.808089,-0.8687090486100798,0.0,0
0.004319,13,2999.854796,-0.8797669608555078,0.0,0
0.001834,12,2999.897731,-0.9487128775543061,0.0,0
0.0,12,2999.941025,-0.8803294453917933,0.0,0
0.013689,12,2999.985691,-0.8982934671896325,0.0,0
0.004414,12,3000.517562,-0.8983711405323425,0.0,0
0.0,12,3000.537333,-0.8820470490875479,0.0,0
0.001601,12,3000.557323,-0.9096688919399837,0.0,0
0.0,12,3000.57684,-0.9648542810590933,0.0,0
0.001775,12,3000.59724,-0.8742925944204809,0.0,0
0.010118,12,3000.617648,-0.872498470826624,0.0,0
0.0,12,3000.63754,-0.8027444225052714,0.0,0
0.004001,13,3000.658789,-0.8599860326773474,0.0,0
0.002868,13,3000.680105,-0.8575766833008391,0.0,0
0.0,13,3000.702324,-0.848280657323512,0.0,0
0.0,13,3000.723635,-0.8672460302462452,0.0,0
0.0,13,3000.744253,-0.8379359229084159,0.0,0
0.0,12,3000.7643,-0.8730072099396693,0.0,0
0.002099,13,3000.789391,-0.8798003910306886,0.0,0
0.002111,13,3000.81984,-0.856002047359343,0.0,0
0.003428,12,3000.850539,-0.8564940356042474,0.0,0
0.0,12,3000.883139,-0.9048869634524362,0.0,0
0.0,13,3000.920409,-0.8171609824241503,0.0,0
0.002011,12,3000.956212,-0.8278202116330919,0.0,0
0.003181,12,3000.993796,-0.7918158313200196,0.0,0
0.0,12,3001.031722,-0.8500150576016317,0.0,0
0.012939,12,3001.071535,-0.9116755049958641,0.0,0
0.000826,12,3001.111729,-0.8796151835992091,0.0,0
0.0,12,3001.151704,-0.8483846122846385,0.0,0
0.0,13,3001.195006,-0.9493515576777606,0.0,0
0.004935,12,3001.235407,-0.8431659237352558,0.0,0
0.022491,14,3001.282119,-0.7884987208430194,0.0,0
0.0,12,3001.323812,-0.8391068259912571,0.0,0
0.0,12,3001.366737,-0.8902389584974081,0.0,0
0.0,12,3001.409718,-0.8922024090078648,0.0,0
0.0,13,3001.457055,-0.8295425518797451,0.0,0
0.026617,13,3001.503606,-0.8183290380211201,0.0,0
0.037667,14,3001.553848,-0.8081066576481579,0.0,0
0.012756,13,3001.600457,-0.8203198056844817,0.0,0
0.010228,13,3001.647215,-0.8191415607465126,0.0,0
0.003882,14,3001.697543,-0.7939097856050918,0.0,0
0.0,12,3001.740942,-0.8322936367547157,0.0,0
0.0,13,3001.787474,-0.8662602790346398,0.0,0
0.002043,13,3001.834371,-0.8552230321986037,0.0,0
0.003014,12,3001.877541,-0.8718786816716981,0.0,0
0.000956,12,3001.920597,-0.9198856570382953,0.0,0
0.0,13,3002.449112,-0.8094284583247803,0.0,0
0.0,13,3002.470253,-0.8253337073885381,0.0,0
0.000206,12,3002.490082,-0.8826735220886516,0.0,0
0.001694,12,3002.509431,-0.844856625990406,0.0,0
0.003544,11,3002.527828,-0.7424597486439535,0.0,0
0.003025,12,3002.548367,-0.8547748385803866,0.0,0
0.004516,11,3002.567016,-0.8233486456843954,0.0,0
0.0,12,3002.587743,-0.9059274879913477,0.0,0
0.0,13,3002.609395,-0.8144254934646594,0.0,0
0.003502,13,3002.630503,-0.8186457695501089,0.0,0
0.031329,12,3002.650988,-0.8352523025854889,0.0,0
0.00172,13,3002.672875,-0.8213863820221158,0.0,0
0.043754,13,3002.695116,-0.8315748116525352,0.0,0
0.003643,12,3002.716949,-0.8639414763158654,0.0,0
0.002527,13,3002.739791,-0.8013228785706525,0.0,0
0.002271,12,3002.761815,-0.8782176027500954,0.0,0
0.0,13,3002.785925,-0.8660245864305249,0.0,0
0.000525,13,3002.810773,-0.8249144292876358,0.0,0
0.0,13,3002.835642,-0.8122555218886812,0.0,0
5e-06,12,3002.858829,-0.8799985749472067,0.0,0
0.035116,13,3002.884559,-0.8632907091505743,0.0,0
0.00721,13,3002.910548,-0.735755403944582,0.0,0
0.003849,13,3002.936681,-0.8430486053631469,0.0,0
0.000601,12,3002.960766,-0.8853298955074214,0.0,0
0.0,12,3002.985597,-0.8564241218892111,0.0,0
0.029948,13,3003.013154,-0.793283493898021,0.0,0
0.004332,12,3003.038618,-0.8359957797549976,0.0,0
0.0,12,3003.064168,-0.8448686732702438,0.0,0
0.0,14,3003.093797,-0.8387286589609606,0.0,0
0.015695,13,3003.121453,-0.8818782897466733,0.0,0
0.0,13,3003.148783,-0.8876802127492961,0.0,0
0.000379,12,3003.175994,-0.90819216026615,0.0,0
0.002733,12,3003.203395,-0.8558976571743139,0.0,0
0.0,12,3003.230794,-0.8665953216224654,0.0,0
0.0,13,3003.260476,-0.8608461184383362,0.0,0
1.5e-05,13,3003.290244,-0.7698646776831969,0.0,0
0.0,13,3003.320529,-0.8767303412437265,0.0,0
0.002023,13,3003.35168,-0.8304411448216735,0.0,0
0.003299,13,3003.382895,-0.9212762256669764,0.0,0
0.0,13,3003.414034,-0.8664557271924248,0.0,0
0.0041,13,3003.445114,-0.8417968971619297,0.0,0
0.002156,12,3003.950302,-0.857331862611807,0.0,0
0.01553,13,3003.971654,-0.7350366503413714,0.0,0
0.0,13,3003.993152,-0.8708233083652388,0.0,0
0.0,12,3004.012364,-0.8509139457403884,0.0,0
0.004733,12,3004.032187,-0.8278075448957922,0.0,0
0.002069,12,3004.051987,-0.7798894599874636,0.0,0
0.0,12,3004.072229,-0.8807942008298197,0.0,0
0.001935,13,3004.095358,-0.8722278162288691,0.0,0
0.030753,13,3004.117674,-0.8060038699446993,0.0,0
0.000393,12,3004.138591,-0.8005590884490011,0.0,0
0.001372,13,3004.162524,-0.8867919746755772,0.0,0
0.0,13,3004.186369,-0.8269959473007573,0.0,0
0.0155,13,3004.210891,-0.779528668673317,0.0,0
0.0,12,3004.234244,-0.8167859692464431,0.0,0
0.018428,14,3004.262055,-0.7822849026776628,0.0,0
0.00167,13,3004.288343,-0.837492482660232,0.0,0
0.0,12,3004.312454,-0.8524881450228375,0.0,0
0.000255,13,3004.339119,-0.8271808122584774,0.0,0
0.004185,13,3004.366669,-0.8532231946141531,0.0,0
0.002764,13,3004.394238,-0.8390903668093384,0.0,0
0.003711,12,3004.419823,-0.8274763387736448,0.0,0
0.0,12,3004.445238,-0.9093383285471616,0.0,0
0.0,12,3004.470578,-0.8349681193639726,0.0,0
0.0,12,3004.49612,-0.8730036038357603,0.0,0
0.0,12,3004.52202,-0.860708119247443,0.0,0
0.004556,13,3004.551691,-0.776892822563795,0.0,0
0.003952,13,3004.581453,-0.7432723203700985,0.0,0
0.002517,12,3004.608955,-0.8569670237280014,0.0,0
0.0,12,3004.636396,-0.8597704690715985,0.0,0
0.0,12,3004.66392,-0.878558397049316,0.0,0
0.0,12,3004.692551,-0.9061240017584391,0.0,0
0.0,13,3004.724018,-0.8286435838553344,0.0,0
0.0,13,3004.755015,-0.8029325215295744,0.0,0
0.0,13,3004.787006,-0.7609143135041939,0.0,0
5.3e-05,13,3004.818315,-0.8130327774825677,0.0,0
0.0,13,3004.849676,-0.8964493582691416,0.0,0
0.0,13,3004.880873,-0.8776675350878038,0.0,0
0.0,13,3004.912186,-0.8466570541451474,0.0,0
0.0,13,3004.943578,-0.8704092327584569,0.0,0
0.0,12,3004.972619,-0.8801623085337118,0.0,0
0.002186,13,3005.485565,-0.8236599395056253,0.0,0
0.002899,13,3005.516617,-0.8170792717708967,0.0,0
0.0,13,3005.549662,-0.7720816995705359,0.0,0
0.0,12,3005.579955,-0.8638625553957269,0.0,0
0.004997,13,3005.612684,-0.8161017024745012,0.0,0
0.0,12,3005.638298,-0.8241342967230554,0.0,0
0.0,12,3005.660619,-0.9027549816223882,0.0,0
0.051346,13,3005.68447,-0.7977553194806324,0.0,0
0.00278,12,3005.705235,-0.8821840307500117,0.0,0
0.002621,13,3005.727811,-0.7433516695242322,0.0,0
0.000655,13,3005.752242,-0.8229513350981522,0.0,0
0.0,12,3005.779469,-0.8336970171583581,0.0,0
0.001166,14,3005.816196,-0.8174754686546225,0.0,0
0.00203,13,3005.852555,-0.7476416786625532,0.0,0
0.004915,12,3005.889014,-0.8472438272570625,0.0,0
0.000778,13,3005.929025,-0.8412798708338645,0.0,0
0.0,12,3005.967631,-0.8033530813734646,0.0,0
0.0,12,3006.00754,-0.8260835586108467,0.0,0
0.003978,13,3006.050822,-0.8387950986564692,0.0,0
0.0,12,3006.090845,-0.8223589955093615,0.0,0
0.0,12,3006.130849,-0.8840195559791978,0.0,0
0.00313,13,3006.175705,-0.8098751025302062,0.0,0
0.0,12,3006.218584,-0.8623947725731899,0.0,0
0.0,12,3006.261621,-0.8519917819422743,0.0,0
0.0,12,3006.304581,-0.8236270573244123,0.0,0
0.011008,13,3006.351132,-0.7625819312908422,0.0,0
0.010524,13,3006.397745,-0.8193370560759854,0.0,0
0.0,13,3006.444285,-0.7558696076088384,0.0,0
0.0,13,3006.490784,-0.8405077131841349,0.0,0
0.001564,12,3006.533664,-0.8581359490306435,0.0,0
0.00475,12,3006.577059,-0.9162442379629087,0.0,0
0.003998,12,3006.620074,-0.7869144375643636,0.0,0
0.0,12,3006.663181,-0.77932681459721,0.0,0
0.003017,12,3006.705036,-0.8685479367627754,0.0,0
0.0,12,3006.739341,-0.8767235523934674,0.0,0
0.003393,11,3006.769824,-0.8522320541051237,0.0,0
0.002686,12,3006.80048,-0.795889130312808,0.0,0
0.0,13,3006.831625,-0.777228039057272,0.0,0
0.0,12,3006.859607,-0.899982205400302,0.0,0
0.0,12,3006.88867,-0.8497682327532119,0.0,0
0.002498,12,3006.919457,-0.8190438245397585,0.0,0
0.0,14,3006.955447,-0.8112763655417957,0.0,0
0.003928,12,3007.46733,-0.86122025723339,0.0,0
0.0,13,3007.488256,-0.8128243112879221,0.0,0
0.0,12,3007.507276,-0.8458138922571509,0.0,0
0.0,12,3007.526333,-0.817623326786935,0.0,0
0.0,13,3007.546707,-0.8001610549328912,0.0,0
0.0,12,3007.566463,-0.8581094885006367,0.0,0
0.00204,12,3007.586463,-0.8600619006438387,0.0,0
0.002014,12,3007.606689,-0.8540084763635577,0.0,0
0.004532,12,3007.626753,-0.8493141438953323,0.0,0
0.004407,12,3007.648111,-0.8847268383133562,0.0,0
0.00373,13,3007.675543,-0.7842971893471274,0.0,0
0.012744,13,3007.708024,-0.8168406489504341,0.0,0
0.0,12,3007.73835,-0.8469177704298809,0.0,0
0.001737,13,3007.771209,-0.878980778583328,0.0,0
0.0,13,3007.803284,-0.8307080290806996,0.0,0
0.0,12,3007.833298,-0.9342504542511856,0.0,0
0.003843,12,3007.865701,-0.8478815567162724,0.0,0
0.002236,13,3007.902301,-0.790444601064678,0.0,0
0.001793,12,3007.937989,-0.8615102188912571,0.0,0
0.00478,12,3007.976278,-0.9015530433502122,0.0,0
0.00139,12,3008.014218,-0.7980901285517588,0.0,0
0.014635,14,3008.059902,-0.7938292984377004,0.0,0
0.004742,12,3008.090492,-0.8323147468894164,0.0,0
0.0,13,3008.123588,-0.8543498503302858,0.0,0
0.001922,12,3008.15393,-0.876866997029455,0.0,0
0.0,12,3008.184306,-0.8906297306053675,0.0,0
0.004564,12,3008.214801,-0.841533124302923,0.0,0
0.001863,11,3008.242881,-0.8614821967903048,0.0,0
0.0,12,3008.27481,-0.9097790157392633,0.0,0
0.006039,13,3008.310928,-0.8655860368034446,0.0,0
0.01058,13,3008.349005,-0.8225331781781476,0.0,0
0.0,13,3008.388484,-0.8499929640123101,0.0,0
0.004726,12,3008.426392,-0.8400744475633428,0.0,0
0.0,12,3008.464458,-0.8144171100663407,0.0,0
0.0,12,3008.504498,-0.8682909145569739,0.0,0
0.023448,13,3008.547953,-0.8065305810747371,0.0,0
0.0,12,3008.591469,-0.9433984695188183,0.0,0
0.0,12,3008.635067,-0.8468835910013726,0.0,0
0.0,12,3008.678295,-0.8130939958651939,0.0,0
0.004769,12,3008.72141,-0.7716232775150325,0.0,0
0.003507,12,3008.764899,-0.7939723699962101,0.0,0
0.004404,12,3009.297095,-0.8812200176917082,0.0,0
0.0,12,3009.316144,-0.807365471513006,0.0,0
0.000122,12,3009.334987,-0.8410266356732263,0.0,0
0.002922,12,3009.356308,-0.8534204656997539,0.0,0
0.000862,11,3009.37747,-0.8148394289027476,0.0,0
0.000367,13,3009.402307,-0.8603297784149463,0.0,0
9.2e-05,12,3009.424178,-0.8761034270883136,0.0,0
0.005277,13,3009.446719,-0.8130466630621702,0.0,0
0.004154,13,3009.469249,-0.7967730012696381,0.0,0
0.0,12,3009.491803,-0.8347665682450207,0.0,0
0.0,12,3009.513692,-0.9000602167668292,0.0,0
0.0,13,3009.538345,-0.8266418797104981,0.0,0
0.0,13,3009.567372,-0.8834081294578426,0.0,0
0.0,12,3009.600888,-0.825758527521916,0.0,0
0.000751,12,3009.631107,-0.8750217601791355,0.0,0
0.002784,13,3009.66389,-0.8302360604635604,0.0,0
0.0,12,3009.694203,-0.863555439029866,0.0,0
0.025425,13,3009.727277,-0.8478402017337703,0.0,0
0.004513,12,3009.749231,-0.8637258651075344,0.0,0
0.002022,13,3009.768133,-0.8515111377983811,0.0,0
0.014774,13,3009.787269,-0.8722265066343049,0.0,0
0.001655,12,3009.805146,-0.8473631627390047,0.0,0
0.001085,12,3009.823,-0.8197494552826281,0.0,0
0.0,12,3009.84108,-0.9067157119728011,0.0,0
0.005925,12,3009.866557,-0.8397348504713468,0.0,0
0.004059,12,3009.892342,-0.8263898152622229,0.0,0
0.0,12,3009.918015,-0.9182856175619989,0.0,0
0.00189,12,3009.948658,-0.909145444574625,0.0,0
0.00476,12,3009.980625,-0.8266880237736703,0.0,0
0.0,12,3010.014432,-0.854367302469765,0.0,0
0.004985,12,3010.049529,-0.7767307241017181,0.0,0
0.002746,13,3010.089591,-0.8091409735018347,0.0,0
0.0,12,3010.130637,-0.8245134730531897,0.0,0
0.003256,12,3010.169909,-0.8506272685020153,0.0,0
0.0,13,3010.213579,-0.8476689380324097,0.0,0
0.0,12,3010.253466,-0.8299042046596882,0.0,0
0.001916,12,3010.293459,-0.8510820204921047,0.0,0
0.0,11,3010.330013,-0.8166400459736509,0.0,0
0.001381,12,3010.369925,-0.881511184990305,0.0,0
0.0,12,3010.409802,-0.814858988681087,0.0,0
0.000436,13,3010.453034,-0.8630246646163894,0.0,0
0.001732,12,3010.493251,-0.8441642961508028,0.0,0
0.003401,13,3011.043307,-0.8364696308009185,0.0,0
0.0,13,3011.072255,-0.8580914329850382,0.0,0
0.0,12,3011.102425,-0.8161744765256532,0.0,0
0.0,12,3011.132443,-0.8478918816865935,0.0,0
0.0,12,3011.162757,-0.9112408355847383,0.0,0
0.0,12,3011.192641,-0.8272728959115186,0.0,0
0.002254,12,3011.222226,-0.8584228604211029,0.0,0
0.0,12,3011.241319,-0.8786511046839947,0.0,0
0.000864,12,3011.258852,-0.8606048401492377,0.0,0
0.0,12,3011.27765,-0.8150023704605873,0.0,0
0.0394,13,3011.29809,-0.8399702463031715,0.0,0
0.0,13,3011.319176,-0.8688858404458094,0.0,0
0.0,12,3011.338768,-0.8626248618081594,0.0,0
0.000203,13,3011.35967,-0.8169262964514219,0.0,0
0.0,12,3011.378779,-0.8599996365044884,0.0,0
0.0,12,3011.3981,-0.8986348849704133,0.0,0
0.000187,13,3011.419189,-0.8445496864601488,0.0,0
0.000937,12,3011.438585,-0.7686244467651084,0.0,0
0.001906,12,3011.463422,-0.878815427210638,0.0,0
0.0,13,3011.493206,-0.9167075226551452,0.0,0
0.004663,12,3011.523494,-0.8990856662757232,0.0,0
0.002617,12,3011.55578,-0.922265326670633,0.0,0
0.0,12,3011.589652,-0.8213384116992675,0.0,0
0.014155,13,3011.62845,-0.8433341522080947,0.0,0
0.001347,12,3011.66379,-0.8488688556221994,0.0,0
0.0,13,3011.705275,-0.8562425572853364,0.0,0
0.022839,13,3011.747449,-0.8223845784284528,0.0,0
0.004715,12,3011.787652,-0.785637618686968,0.0,0
0.003799,13,3011.831986,-0.8561027728528519,0.0,0
0.0,12,3011.872447,-0.8825985721305131,0.0,0
0.0,12,3011.913426,-0.8357154883523007,0.0,0
0.0,12,3011.95406,-0.8292097935690682,0.0,0
0.001561,13,3011.998276,-0.7949487058765725,0.0,0
0.004159,12,3012.038663,-0.8746918501656791,0.0,0
0.0,12,3012.079631,-0.7900414552620043,0.0,0
0.0,12,3012.120092,-0.8696775840923295,0.0,0
0.0,12,3012.160614,-0.9385442153158449,0.0,0
0.004399,13,3012.204508,-0.8469056001449623,0.0,0
0.001784,13,3012.248905,-0.877674167158832,0.0,0
0.002439,12,3012.291053,-0.8636384881848144,0.0,0
0.002457,12,3012.334691,-0.7999279904778882,0.0,0
0.000678,13,3012.882147,-0.8146353470924905,0.0,0
0.0,13,3012.904424,-0.8594147607384941,0.0,0
0.003234,12,3012.928394,-0.9120850445975742,0.0,0
0.004789,13,3012.954277,-0.8537640615748844,0.0,0
0.003632,13,3012.97989,-0.8225717487241284,0.0,0
0.0,12,3013.009276,-0.8391236249589697,0.0,0
0.0,11,3013.039149,-0.7379933715920439,0.0,0
0.0,12,3013.072014,-0.8332337371469749,0.0,0
0.001447,12,3013.103168,-0.7942340384962272,0.0,0
0.000225,13,3013.127407,-0.8434375705067242,0.0,0
0.009176,13,3013.154236,-0.8561579568121643,0.0,0
0.0,12,3013.18056,-0.8643985377107839,0.0,0
0.0,12,3013.21078,-0.8477031017539701,0.0,0
0.0,13,3013.243245,-0.8062025820027537,0.0,0
0.0,13,3013.279533,-0.831655711186509,0.0,0
0.0,13,3013.317433,-0.8439438829723046,0.0,0
0.0,12,3013.355703,-0.8879601016574815,0.0,0
0.002982,13,3013.399267,-0.8671265027095107,0.0,0
0.011158,12,3013.441973,-0.8395223085077903,0.0,0
0.0,13,3013.489779,-0.7897717253989572,0.0,0
0.0,12,3013.535047,-0.9574876123831557,0.0,0
0.00222,13,3013.588835,-0.9008026202001603,0.0,0
0.000112,12,3013.63876,-0.8938073726500951,0.0,0
0.0,12,3013.688759,-0.8981918394763816,0.0,0
0.0,12,3013.738902,-0.9179951083516202,0.0,0
0.001975,12,3013.788815,-0.8890551251996194,0.0,0
0.0,11,3013.834399,-0.8508292274143131,0.0,0
0.001954,12,3013.884337,-0.849081104731205,0.0,0
0.011182,12,3013.934366,-0.8094782676750915,0.0,0
0.0,13,3013.988978,-0.8814740879797025,0.0,0
0.0,12,3014.038926,-0.9017283683689379,0.0,0
0.001379,13,3014.093278,-0.8233537285423757,0.0,0
0.003439,13,3014.146142,-0.8091397618048468,0.0,0
0.004467,13,3014.197369,-0.845093004409816,0.0,0
0.0,12,3014.244518,-0.8525454869204401,0.0,0
0.0,12,3014.291366,-0.9034302063873498,0.0,0
0.0,12,3014.338892,-0.8072800676952826,0.0,0
0.003396,12,3014.385796,-0.8193170951479284,0.0,0
0.0,12,3014.433053,-0.8753229590787707,0.0,0
0.0,12,3014.480227,-0.8389172341900868,0.0,0
0.0,12,3014.527555,-0.8141808978719793,0.0,0
0.001391,12,3014.574696,-0.8911395975918055,0.0,0
0.0,13,3015.140735,-0.848512352371788,0.0,0
0.004512,12,3015.160058,-0.928484244840051,0.0,0
0.007019,13,3015.180799,-0.7825957638943837,0.0,0
0.0,13,3015.202011,-0.851179210236952,0.0,0
0.0,12,3015.221618,-0.8902616882855872,0.0,0
0.002444,13,3015.244052,-0.8485762743672094,0.0,0
0.004664,13,3015.27389,-0.7754578454138462,0.0,0
0.0,12,3015.300268,-0.8394555658164552,0.0,0
0.0,12,3015.321904,-0.8831384844138582,0.0,0
0.003721,13,3015.34327,-0.8374681281491095,0.0,0
0.0,12,3015.362831,-0.9446021353176544,0.0,0
0.0,12,3015.38244,-0.8471429942649134,0.0,0
0.00418,12,3015.401782,-0.8584304425090181,0.0,0
0.0,12,3015.421192,-0.7961413993375993,0.0,0
0.024254,12,3015.440517,-0.8305637708632524,0.0,0
0.0,12,3015.461104,-0.7831753288264641,0.0,0
0.0,12,3015.487047,-0.8716571906550931,0.0,0
0.0,13,3015.519018,-0.8503661789566347,0.0,0
9.7e-05,13,3015.551852,-0.8640802695528869,0.0,0
0.0,12,3015.578171,-0.8763878852794551,0.0,0
0.0,12,3015.600158,-0.8300743845701942,0.0,0
0.003153,12,3015.620839,-0.7995124558229599,0.0,0
0.0,12,3015.638952,-0.8811991061164964,0.0,0
0.0,13,3015.659133,-0.8605333925027201,0.0,0
0.001688,13,3015.682735,-0.8080068218641255,0.0,0
0.0,12,3015.710854,-0.7840752574183271,0.0,0
0.0,12,3015.740621,-0.8496875556098569,0.0,0
0.004768,13,3015.77462,-0.8421193508231042,0.0,0
0.0,12,3015.808237,-0.8077557482875165,0.0,0
0.003105,12,3015.843609,-0.8070916489098856,0.0,0
0.003131,12,3015.880321,-0.7784399885935844,0.0,0
0.0,11,3015.915147,-0.7954301210042553,0.0,0
0.003136,12,3015.953142,-0.8453474287643139,0.0,0
0.012718,12,3015.99304,-0.8039348557645852,0.0,0
0.021486,13,3016.036289,-0.769222912841683,0.0,0
0.0,12,3016.076577,-0.8040871614569106,0.0,0
0.000906,12,3016.116675,-0.8340700219553118,0.0,0
0.0,12,3016.15694,-0.7837927178522696,0.0,0
0.0,12,3016.19695,-0.8069605602945562,0.0,0
0.002443,11,3016.233759,-0.7569719419564613,0.0,0
0.032601,14,3016.280736,-0.7970637644447701,0.0,0
0.0,13,3016.325531,-0.8679687790932005,0.0,0
0.0,12,3016.872357,-0.7835541755109595,0.0,0
0.000574,12,3016.890993,-0.7938822601608799,0.0,0
0.00151,11,3016.908484,-0.7697291247930124,0.0,0
0.0,12,3016.928852,-0.8218359236753295,0.0,0
0.0,12,3016.952086,-0.8314952151216668,0.0,0
0.0,12,3016.975086,-0.8262727329327043,0.0,0
0.0,12,3016.998829,-0.8137825591046198,0.0,0
0.003095,14,3017.027051,-0.794804339004184,0.0,0
0.0,12,3017.050277,-0.8217863829186094,0.0,0
0.00379,13,3017.0742,-0.8525484043991309,0.0,0
0.0,12,3017.096237,-0.8710255476142265,0.0,0
0.0,12,3017.120141,-0.816530562727194,0.0,0
0.008226,13,3017.148012,-0.8459372974265863,0.0,0
0.0,13,3017.173856,-0.8813980483507164,0.0,0
0.002928,12,3017.204387,-0.8496182357131828,0.0,0
0.001277,14,3017.233646,-0.8200102227293501,0.0,0
0.002374,13,3017.261618,-0.8559994712863369,0.0,0
0.001112,12,3017.287644,-0.8338532395281404,0.0,0
0.0,12,3017.313559,-0.8597741177044789,0.0,0
0.01821,13,3017.342164,-0.830342198560558,0.0,0
0.002074,12,3017.368114,-0.7842954693030512,0.0,0
0.0,12,3017.394482,-0.8415261011930159,0.0,0
0.0,12,3017.420017,-0.8027200630583108,0.0,0
0.0,12,3017.445584,-0.9061229672481682,0.0,0
0.003789,12,3017.472594,-0.896554626596636,0.0,0
0.0,12,3017.497993,-0.7971927836574674,0.0,0
0.0,12,3017.527213,-0.8312615491222974,0.0,0
0.0,12,3017.559899,-0.8858860359712085,0.0,0
0.017182,12,3017.594146,-0.8537053949097689,0.0,0
0.0,13,3017.633235,-0.8338925688307692,0.0,0
0.004221,12,3017.670398,-0.8100904282879349,0.0,0
0.0,11,3017.705443,-0.8239572409284586,0.0,0
0.001172,12,3017.745461,-0.8414848646037979,0.0,0
0.010383,12,3017.784942,-0.7841440888723632,0.0,0
0.004998,12,3017.82533,-0.8458952317080993,0.0,0
0.0,12,3017.866049,-0.9051718048783661,0.0,0
0.0,12,3017.906543,-0.8561248224961499,0.0,0
0.005616,11,3017.943417,-0.7562780101601873,0.0,0
0.018995,13,3017.987483,-0.7766908060726933,0.0,0
0.004371,12,3018.027878,-0.875018482062642,0.0,0
0.006353,13,3018.071795,-0.8052066569352679,0.0,0
0.0,13,3018.61134,-0.8712913354279762,0.0,0
0.001366,12,3018.630715,-0.8067021530890098,0.0,0
0.0,12,3018.649752,-0.9002416423895412,0.0,0
0.001641,13,3018.67083,-0.8486714605792396,0.0,0
0.001752,13,3018.694216,-0.8335426880870359,0.0,0
0.005969,12,3018.71693,-0.7958975717602501,0.0,0
0.0,13,3018.739467,-0.8672033094684041,0.0,0
0.0,12,3018.760131,-0.8610512958424134,0.0,0
0.0,12,3018.781649,-0.8152227918128607,0.0,0
0.0,12,3018.80343,-0.915214682830525,0.0,0
0.002086,13,3018.827014,-0.7990998811997307,0.0,0
0.004742,12,3018.849101,-0.8162302489377676,0.0,0
0.00023,12,3018.871223,-0.809988543238608,0.0,0
0.003913,12,3018.89303,-0.8741275649717789,0.0,0
0.016139,12,3018.914937,-0.8679048815511156,0.0,0
9e-05,12,3018.936758,-0.8387040956350258,0.0,0
0.0,12,3018.955137,-0.7633693733618111,0.0,0
0.0,12,3018.973538,-0.7710534861541548,0.0,0
0.001875,13,3018.994072,-0.7703078993415544,0.0,0
0.001955,13,3019.01434,-0.7932379003194264,0.0,0
0.001643,12,3019.032891,-0.8226556006551896,0.0,0
0.0,12,3019.051498,-0.8039037056929684,0.0,0
0.004041,12,3019.072747,-0.869904156271292,0.0,0
0.02085,14,3019.104901,-0.8268849056736838,0.0,0
0.0,13,3019.13738,-0.8193076650358911,0.0,0
0.003397,12,3019.169222,-0.7964627415275692,0.0,0
0.0,13,3019.205826,-0.7757353088122385,0.0,0
0.003335,11,3019.238517,-0.831449514733148,0.0,0
0.0,13,3019.27812,-0.8194188457776093,0.0,0
0.0,12,3019.316376,-0.8202669613045165,0.0,0
0.010231,13,3019.358203,-0.8073000557947675,0.0,0
0.004383,13,3019.402291,-0.7578168411786018,0.0,0
0.003409,12,3019.443157,-0.8597766507811465,0.0,0
0.025263,13,3019.48716,-0.8126893092039619,0.0,0
0.029341,12,3019.527792,-0.8365644409241559,0.0,0
0.0,13,3019.572012,-0.8752234799100834,0.0,0
0.000307,13,3019.615839,-0.8679938379172275,0.0,0
0.001925,12,3019.647223,-0.8454494848399746,0.0,0
0.004776,13,3019.680105,-0.8659514656598388,0.0,0
0.002441,12,3019.711124,-0.8395638818171802,0.0,0
0.0,12,3019.743942,-0.868369048197674,0.0,0
0.0,12,3019.777673,-0.8180080840392018,0.0,0
0.0,13,3020.291984,-0.8553005078910789,0.0,0
0.003663,12,3020.311397,-0.8823096353803306,0.0,0
0.009746,12,3020.330947,-0.8205701038877581,0.0,0
0.0,12,3020.350711,-0.8654388565055138,0.0,0
0.000576,12,3020.370473,-0.8896390377768562,0.0,0
0.002554,13,3020.392198,-0.8275586060626842,0.0,0
0.0,11,3020.41117,-0.8179686353612342,0.0,0
0.001701,13,3020.433752,-0.8840765175282961,0.0,0
0.000186,12,3020.455062,-0.7824050716442348,0.0,0
0.0,11,3020.474837,-0.7872554335279459,0.0,0
0.0,12,3020.496838,-0.8455904136603749,0.0,0
0.002409,12,3020.519056,-0.7879072858089297,0.0,0
0.0,12,3020.54136,-0.8980720183159271,0.0,0
0.002448,12,3020.5636,-0.8743837249249157,0.0,0
0.0,12,3020.586251,-0.8732770888393083,0.0,0
0.0,12,3020.608811,-0.8959162351890054,0.0,0
0.0,13,3020.634442,-0.8174869185947832,0.0,0
0.012296,13,3020.659542,-0.7773827895090409,0.0,0
0.0,12,3020.682804,-0.8790807092246667,0.0,0
0.0,12,3020.706044,-0.8330332881562416,0.0,0
0.0,12,3020.729231,-0.802643529854827,0.0,0
0.004062,13,3020.754514,-0.8092547260838668,0.0,0
0.044335,12,3020.779756,-0.7974239410955631,0.0,0
0.000193,11,3020.800895,-0.7554564833251662,0.0,0
0.0,12,3020.824141,-0.7757237361832906,0.0,0
0.0,12,3020.84717,-0.754667164960463,0.0,0
0.004093,12,3020.870121,-0.7137143615049959,0.0,0
0.0002,12,3020.893272,-0.7961220551531945,0.0,0
0.0,13,3020.918421,-0.8221587276701894,0.0,0
0.0,12,3020.941538,-0.884451105822778,0.0,0
0.00036,13,3020.966337,-0.926523497966105,0.0,0
0.006596,13,3020.991479,-0.8142923940369987,0.0,0
0.002478,13,3021.01653,-0.7331345804470613,0.0,0
0.0,13,3021.041573,-0.8179171744962426,0.0,0
0.004938,12,3021.064877,-0.8983636587647507,0.0,0
0.023198,13,3021.089776,-0.8041210189865086,0.0,0
0.0,12,3021.112763,-0.8580621050317795,0.0,0
0.004023,12,3021.135879,-0.8573075314242078,0.0,0
0.003195,12,3021.159143,-0.8867673793760255,0.0,0
0.003757,12,3021.182218,-0.9013759684135197,0.0,0
0.0,12,3021.205267,-0.9106422472095397,0.0,0
0.0,12,3021.22835,-0.7592599284829505,0.0,0
0.002234,12,3021.740262,-0.8374455761279143,0.0,0
0.001251,12,3021.760094,-0.8329748665982905,0.0,0
0.000193,13,3021.781593,-0.7988337494185954,0.0,0
0.000844,13,3021.803251,-0.8535110442219257,0.0,0
0.0,12,3021.823525,-0.8878604266645644,0.0,0
0.0,12,3021.843766,-0.8234172224314155,0.0,0
0.001244,12,3021.864126,-0.8032027016081342,0.0,0
0.003043,12,3021.884419,-0.9047076837000381,0.0,0
6e-06,12,3021.904701,-0.7648290655026416,0.0,0
0.003067,13,3021.925691,-0.8566467424440506,0.0,0
0.003651,12,3021.94365,-0.8861964399206907,0.0,0
0.0,12,3021.961566,-0.7805755433521941,0.0,0
0.001016,13,3021.980571,-0.8127390155982424,0.0,0
0.0,13,3021.999357,-0.8317286488222279,0.0,0
0.026347,12,3022.017011,-0.8085766665473799,0.0,0
0.004163,12,3022.034174,-0.8231899022607618,0.0,0
0.0,12,3022.051356,-0.831715819616122,0.0,0
0.003781,12,3022.071898,-0.7946801048507116,0.0,0
0.0,13,3022.10016,-0.7842289763599551,0.0,0
0.0,12,3022.128719,-0.8438592121803142,0.0,0
0.003742,12,3022.159051,-0.8770852257166726,0.0,0
0.0,12,3022.191187,-0.904786982250019,0.0,0
0.000766,12,3022.225025,-0.8367209548789784,0.0,0
0.0,12,3022.260628,-0.861609689195561,0.0,0
0.002832,12,3022.300251,-0.7840411022754473,0.0,0
0.017101,13,3022.341467,-0.8128296738264573,0.0,0
0.0,13,3022.382385,-0.8312834543652476,0.0,0
0.023561,12,3022.422103,-0.7822594178516108,0.0,0
0.00384,13,3022.465359,-0.8814692205326219,0.0,0
0.004611,12,3022.505483,-0.8085569165599052,0.0,0
0.0,13,3022.548751,-0.868227804958011,0.0,0
0.0,12,3022.589548,-0.7707168619180456,0.0,0
0.003371,13,3022.635856,-0.871998394849486,0.0,0
0.002145,12,3022.679245,-0.8678941784917635,0.0,0
0.0,13,3022.725895,-0.8299659454063752,0.0,0
0.0,12,3022.768946,-0.7681705334294697,0.0,0
0.00404,12,3022.812001,-0.7656920998631684,0.0,0
0.0,12,3022.85512,-0.8472072504845873,0.0,0
0.0,12,3022.898241,-0.8569426362451332,0.0,0
0.0,12,3022.941338,-0.8822274248357487,0.0,0
0.0,13,3022.991977,-0.8214078996249452,0.0,0
0.0,13,3023.534913,-0.8097875119857996,0.0,0
0.0,12,3023.554,-0.8030278599242315,0.0,0
0.0,12,3023.572481,-0.865689601101789,0.0,0
0.00411,12,3023.59107,-0.8022170605885556,0.0,0
0.0,12,3023.609355,-0.8220059408014302,0.0,0
0.0,12,3023.628952,-0.8528197877395178,0.0,0
0.000361,12,3023.648592,-0.8646810325868926,0.0,0
0.016138,13,3023.670352,-0.8337537603659858,0.0,0
0.027768,13,3023.691882,-0.827502394529542,0.0,0
0.002166,12,3023.712197,-0.8906196102748933,0.0,0
0.0,12,3023.731977,-0.8109177604288792,0.0,0
0.001461,12,3023.751494,-0.8562635686051323,0.0,0
0.0,13,3023.772332,-0.8337472352388429,0.0,0
0.0,12,3023.791553,-0.8768149579175887,0.0,0
0.002062,12,3023.810622,-0.8621578924051042,0.0,0
0.003689,11,3023.828214,-0.7407388323512097,0.0,0
0.0,12,3023.848673,-0.8772152946866538,0.0,0
0.00522,12,3023.876407,-0.7980599783093332,0.0,0
0.0,13,3023.907883,-0.820849474780621,0.0,0
0.00317,12,3023.939148,-0.7735480383884572,0.0,0
0.002794,11,3023.970361,-0.7999832125703591,0.0,0
0.002276,12,3024.005287,-0.8797564728013147,0.0,0
0.000444,13,3024.04437,-0.932004580609449,0.0,0
0.014829,13,3024.08575,-0.8619980807181437,0.0,0
0.0,12,3024.123788,-0.8742858445235945,0.0,0
0.001126,12,3024.163939,-0.8057716888099303,0.0,0
0.003301,12,3024.204095,-0.9279538848480227,0.0,0
0.017652,13,3024.247417,-0.861628164186378,0.0,0
0.0,12,3024.287777,-0.8941004200924948,0.0,0
0.020898,13,3024.331244,-0.8111406157036806,0.0,0
7.2e-05,12,3024.371541,-0.8294494514169035,0.0,0
0.001669,13,3024.41489,-0.8139732041501453,0.0,0
0.0,12,3024.455145,-0.8970535721671286,0.0,0
0.009614,13,3024.498578,-0.8252681474630158,0.0,0
0.0,12,3024.53919,-0.8407431902543918,0.0,0
0.00038,12,3024.579217,-0.9215771259404147,0.0,0
0.002651,13,3024.624026,-0.8331782308014005,0.0,0
0.0,12,3024.667118,-0.7944751966262281,0.0,0
0.009286,12,3024.710713,-0.8227436271142841,0.0,0
0.0,13,3024.757558,-0.8693818768905306,0.0,0
0.0,12,3024.800194,-0.8705930395634219,0.0,0
0.002817,12,3024.843502,-0.8149982189750765,0.0,0
0.000124,12,3025.373909,-0.7851287737790258,0.0,0
0.003598,12,3025.39257,-0.8009677292475277,0.0,0
0.001336,13,3025.412431,-0.8860875796188499,0.0,0
0.011217,12,3025.431794,-0.7876811459271748,0.0,0
0.004368,12,3025.450387,-0.770771672907908,0.0,0
0.0,12,3025.469998,-0.8436401149181754,0.0,0
0.017163,12,3025.490181,-0.8081230530036592,0.0,0
0.020509,13,3025.511979,-0.7669122628678956,0.0,0
0.0,12,3025.533001,-0.9081877202024018,0.0,0
0.0,12,3025.553917,-0.8363434169787555,0.0,0
0.0,13,3025.576695,-0.8674325716658008,0.0,0
0.0,12,3025.596225,-0.8657721350914532,0.0,0
0.0,12,3025.617867,-0.8555977107921264,0.0,0
0.0,13,3025.641562,-0.895476429907167,0.0,0
0.004035,13,3025.665789,-0.8192984305927629,0.0,0
0.0,12,3025.6881,-0.7916705431320704,0.0,0
0.004186,12,3025.710253,-0.8642467545187694,0.0,0
0.0,12,3025.732794,-0.8285096527598907,0.0,0
0.001779,12,3025.755567,-0.8447857162820991,0.0,0
0.002282,12,3025.778569,-0.9030823836392254,0.0,0
0.0,13,3025.803396,-0.7739648552636027,0.0,0
0.0,12,3025.826283,-0.8248561641290015,0.0,0
0.002416,12,3025.84939,-0.8648262832771118,0.0,0
0.0,12,3025.872406,-0.8117716146221938,0.0,0
0.0,11,3025.893441,-0.8055895513197618,0.0,0
0.000793,11,3025.9146,-0.8380979999975118,0.0,0
0.0,13,3025.93948,-0.7443264319495791,0.0,0
0.0,13,3025.96449,-0.8681188556014111,0.0,0
0.000565,12,3025.98754,-0.8605877898751675,0.0,0
0.0,12,3026.01127,-0.8467520297033345,0.0,0
0.0,12,3026.035048,-0.8075797482919905,0.0,0
0.006316,13,3026.067813,-0.819323357107179,0.0,0
0.00388,13,3026.104218,-0.844459718583976,0.0,0
0.00363,12,3026.139438,-0.8467568410053852,0.0,0
0.0,12,3026.175737,-0.8516069443330821,0.0,0
0.002145,13,3026.217308,-0.7933178205373146,0.0,0
0.0,13,3026.260699,-0.8408383712033534,0.0,0
0.002639,12,3026.301106,-0.7891175001409075,0.0,0
0.004883,13,3026.344851,-0.8576158566244337,0.0,0
0.001393,13,3026.388623,-0.8114258400659246,0.0,0
0.03717,13,3026.433671,-0.7474567494162719,0.0,0
0.0,13,3026.974026,-0.8454227162484713,0.0,0
0.00262,12,3026.993585,-0.8289124630371038,0.0,0
0.0,13,3027.015852,-0.8414800420662011,0.0,0
0.017079,13,3027.037648,-0.7957180866753264,0.0,0
0.002821,12,3027.057821,-0.8563871590432133,0.0,0
0.0,13,3027.080021,-0.8261135070771328,0.0,0
0.008614,12,3027.101214,-0.768785555351804,0.0,0
0.001123,13,3027.123938,-0.8241894824370662,0.0,0
0.0,12,3027.145106,-0.8748652730417852,0.0,0
0.001039,12,3027.167416,-0.8698531182256694,0.0,0
0.0,13,3027.190019,-0.8643764072289407,0.0,0
0.0,12,3027.211775,-0.8676352186369483,0.0,0
0.002492,13,3027.235935,-0.7912888161851862,0.0,0
0.0,12,3027.258552,-0.7665539145589522,0.0,0
0.010878,13,3027.28334,-0.838368396351235,0.0,0
0.000831,12,3027.306664,-0.8776702532142279,0.0,0
0.003989,12,3027.330623,-0.8665766084455669,0.0,0
0.0,13,3027.356555,-0.8670782055804062,0.0,0
0.002837,13,3027.382568,-0.9015385076448322,0.0,0
0.002987,12,3027.406616,-0.8345393019182425,0.0,0
0.029468,12,3027.431599,-0.8277025397372908,0.0,0
0.001997,13,3027.459201,-0.8190235037925824,0.0,0
0.0,12,3027.484729,-0.7987289849240743,0.0,0
0.002423,11,3027.508057,-0.7567569488643989,0.0,0
0.010038,13,3027.535319,-0.8079478555702866,0.0,0
0.003668,12,3027.560857,-0.8089585256277038,0.0,0
0.001085,12,3027.586301,-0.8743906149210069,0.0,0
0.000107,12,3027.613594,-0.861573533645193,0.0,0
0.0,13,3027.643404,-0.8048533969953127,0.0,0
0.027945,13,3027.673264,-0.823415611641963,0.0,0
0.0,12,3027.700819,-0.8990721424077212,0.0,0
0.0,12,3027.728738,-0.7855732932118242,0.0,0
0.016936,12,3027.757614,-0.8405380028978116,0.0,0
0.0,12,3027.786685,-0.8658863361188126,0.0,0
0.0,13,3027.818151,-0.8764244505615578,0.0,0
0.00077,13,3027.849516,-0.8844247745344244,0.0,0
0.003438,12,3027.878798,-0.8367140000309994,0.0,0
0.004867,12,3027.907903,-0.8469127227485866,0.0,0
0.000631,13,3027.939125,-0.8392753078329669,0.0,0
0.0,14,3027.973001,-0.8757613527874922,0.0,0
0.0,12,3028.00268,-0.8355390939462309,0.0,0
0.0,12,3028.03255,-0.7893562765779575,0.0,0
0.0,12,3028.555526,-0.8822087787694619,0.0,0
0.0,12,3028.574508,-0.8581532812852458,0.0,0
0.004681,12,3028.594426,-0.8464088343182984,0.0,0
0.003668,13,3028.616077,-0.8736861750185644,0.0,0
0.003148,13,3028.637309,-0.7989386983676914,0.0,0
0.000198,13,3028.658465,-0.8351358655981342,0.0,0
0.000999,12,3028.678657,-0.8924119720279554,0.0,0
0.000345,13,3028.701364,-0.8373499799883867,0.0,0
0.000799,14,3028.725497,-0.8230209775285899,0.0,0
0.0,12,3028.744622,-0.8380659963206962,0.0,0
0.0,12,3028.76184,-0.823411072985625,0.0,0
0.001743,12,3028.779393,-0.8561132912558466,0.0,0
0.018402,12,3028.798274,-0.8087157920626811,0.0,0
0.0,12,3028.816483,-0.7987746742561791,0.0,0
0.02041,13,3028.836932,-0.7713261189202325,0.0,0
0.008323,13,3028.856512,-0.8610930374660662,0.0,0
0.0,12,3028.875325,-0.8977825410047812,0.0,0
0.0,13,3028.896873,-0.8237574463367707,0.0,0
0.040083,13,3028.918686,-0.8514680998703409,0.0,0
0.00269,12,3028.93899,-0.7617083182583457,0.0,0
0.002627,11,3028.95775,-0.7453599012177884,0.0,0
0.0,13,3028.980044,-0.8611972790709149,0.0,0
0.009116,12,3029.000964,-0.8664251169161836,0.0,0
8.5e-05,12,3029.022144,-0.8234120278961231,0.0,0
0.007217,12,3029.043259,-0.8333713245341737,0.0,0
0.0,13,3029.066153,-0.8322830092049444,0.0,0
0.004402,13,3029.089111,-0.7612549242444177,0.0,0
0.001097,12,3029.110478,-0.8742772571492828,0.0,0
0.008389,12,3029.132165,-0.7957790690627696,0.0,0
0.002931,13,3029.155628,-0.8400223002950831,0.0,0
0.003511,12,3029.177227,-0.8048216864637164,0.0,0
0.000258,12,3029.19977,-0.8584243683175062,0.0,0
0.0,13,3029.224063,-0.8716013723809019,0.0,0
0.004765,12,3029.246927,-0.8501719684687391,0.0,0
0.00437,12,3029.269876,-0.841899982312515,0.0,0
0.021752,13,3029.294902,-0.8294676403625213,0.0,0
0.000587,13,3029.319818,-0.8167724709674004,0.0,0
0.023179,12,3029.342626,-0.7784501610471265,0.0,0
0.014143,12,3029.366235,-0.7722982103344785,0.0,0
0.003082,13,3029.391199,-0.8324349211595429,0.0,0
0.0,13,3029.415897,-0.7860644400401305,0.0,0
0.018904,12,3029.9149,-0.8395587747983622,0.0,0
0.001313,12,3029.933967,-0.8712443138618176,0.0,0
0.012564,13,3029.953953,-0.8125346182096994,0.0,0
0.000546,13,3029.974173,-0.7846385401913636,0.0,0
0.015082,14,3029.996164,-0.8234507910751511,0.0,0
0.002217,12,3030.014945,-0.8900256554161525,0.0,0
0.003968,13,3030.038232,-0.8374354479274413,0.0,0
0.0,13,3030.063591,-0.8016770214665008,0.0,0
0.006397,12,3030.084648,-0.8480123827022538,0.0,0
0.0,12,3030.105089,-0.8521255514534908,0.0,0
0.0,12,3030.123781,-0.8025905388339979,0.0,0
0.003864,12,3030.142956,-0.8878568403065306,0.0,0
0.0,13,3030.163885,-0.8694369934974132,0.0,0
0.003259,13,3030.184138,-0.8154410556545726,0.0,0
0.000987,12,3030.203385,-0.8898395554040498,0.0,0
0.004902,12,3030.222349,-0.8087824673107269,0.0,0
0.0,12,3030.241166,-0.8648528459474145,0.0,0
0.0,13,3030.262407,-0.8236675679092014,0.0,0
0.016011,13,3030.283531,-0.8118452204219,0.0,0
0.014168,12,3030.302483,-0.8224175249782132,0.0,0
0.000788,12,3030.321344,-0.8588471826656963,0.0,0
0.0,12,3030.340099,-0.8419052112062141,0.0,0
0.004192,12,3030.359109,-0.8638906955159205,0.0,0
0.04421,13,3030.379883,-0.8380601071551241,0.0,0
0.0,12,3030.399457,-0.8502946132318563,0.0,0
0.0,12,3030.418628,-0.9002771750282443,0.0,0
0.018524,13,3030.439371,-0.8485833269157049,0.0,0
0.0,13,3030.459722,-0.9065167604234301,0.0,0
0.004112,12,3030.478491,-0.8498691003324985,0.0,0
0.018606,12,3030.497504,-0.860380911053055,0.0,0
0.003817,12,3030.517299,-0.8973076775732926,0.0,0
0.0,13,3030.541441,-0.8303596620345488,0.0,0
0.015998,13,3030.566469,-0.804643885857374,0.0,0
0.019781,13,3030.593339,-0.8743686293274653,0.0,0
0.001743,12,3030.618925,-0.8609319996620359,0.0,0
0.0,13,3030.647361,-0.8375559981733774,0.0,0
0.000465,13,3030.6752,-0.8679731251563012,0.0,0
0.0,12,3030.701284,-0.7589383509722579,0.0,0
0.006053,12,3030.727451,-0.8157791487338897,0.0,0
0.052046,12,3030.753442,-0.8247277922827787,0.0,0
0.0,12,3030.780477,-0.8698658087225453,0.0,0
0.003707,12,3031.302777,-0.8394159550818758,0.0,0
0.0,13,3031.329892,-0.8526669263968615,0.0,0
0.0,13,3031.350551,-0.8436358314616114,0.0,0
0.001606,12,3031.376098,-0.8076166347630607,0.0,0
0.0,12,3031.403778,-0.8561822078805139,0.0,0
0.020241,12,3031.423019,-0.7831073538800535,0.0,0
0.0,12,3031.441404,-0.7686747172399885,0.0,0
0.006333,13,3031.461777,-0.829059461800709,0.0,0
0.0,12,3031.482677,-0.828573731272984,0.0,0
0.004493,13,3031.503663,-0.801843622770006,0.0,0
0.0,12,3031.522957,-0.8704123038377677,0.0,0
0.0,13,3031.545186,-0.8262302107436554,0.0,0
0.0,13,3031.570541,-0.8289518815252936,0.0,0
0.016207,12,3031.59954,-0.8020745627345754,0.0,0
0.032123,12,3031.630564,-0.7848172212423362,0.0,0
0.017473,12,3031.663092,-0.8058555180778639,0.0,0
0.009481,12,3031.697105,-0.8238627643367485,0.0,0
0.004582,12,3031.7328,-0.8428692573643507,0.0,0
0.002036,13,3031.772661,-0.859052708261383,0.0,0
0.000722,12,3031.810581,-0.8347005508960103,0.0,0
0.004978,12,3031.848582,-0.83154663279854,0.0,0
0.0,11,3031.885219,-0.7581813868212173,0.0,0
0.0,12,3031.925674,-0.8341260288391161,0.0,0
0.026754,12,3031.966053,-0.7843625331111673,0.0,0
0.0,12,3032.006517,-0.8320371689815264,0.0,0
0.00487,13,3032.050241,-0.8390573468334205,0.0,0
0.0,12,3032.091322,-0.8678601028273087,0.0,0
0.027121,13,3032.137815,-0.8987896330497761,0.0,0
0.00806,12,3032.180787,-0.8424035040415573,0.0,0
0.002065,14,3032.230638,-0.8315289201582117,0.0,0
0.004753,13,3032.277116,-0.8290461669894164,0.0,0
0.042939,14,3032.327746,-0.7869179029075869,0.0,0
0.004688,12,3032.370527,-0.8283101875121365,0.0,0
0.0,12,3032.41336,-0.8688573671775272,0.0,0
0.0,13,3032.459727,-0.7802214350908645,0.0,0
0.002802,13,3032.509201,-0.7902292463187525,0.0,0
0.017526,12,3032.55625,-0.7715548908843457,0.0,0
0.029419,12,3032.602669,-0.8075105665778165,0.0,0
0.023492,13,3032.652817,-0.907019705285925,0.0,0
0.0,12,3032.699176,-0.8356828167869064,0.0,0
0.000934,13,3032.749614,-0.7761754801028675,0.0,0
0.035262,12,3033.284991,-0.8181909791963227,0.0,0
0.002391,13,3033.310105,-0.864841540067806,0.0,0
0.004479,13,3033.344381,-0.8707422248384084,0.0,0
0.00878,13,3033.379498,-0.8214742433772316,0.0,0
0.0,12,3033.412164,-0.835195019700988,0.0,0
0.0,13,3033.446934,-0.8697204507285106,0.0,0
0.0,13,3033.481796,-0.7755157260368785,0.0,0
0.0,12,3033.515438,-0.8781688227292501,0.0,0
0.018541,14,3033.55392,-0.7999924369609968,0.0,0
0.003716,12,3033.585917,-0.7931229317670518,0.0,0
0.001767,12,3033.613986,-0.838861654297401,0.0,0
0.003864,13,3033.641526,-0.915923545038147,0.0,0
0.009671,12,3033.667394,-0.7943043557480369,0.0,0
0.000275,12,3033.692834,-0.8567680888950628,0.0,0
0.0,12,3033.720632,-0.8296775168484214,0.0,0
0.023984,13,3033.751215,-0.827312512322822,0.0,0
0.0,12,3033.778347,-0.8345504478055886,0.0,0
0.001639,12,3033.804083,-0.8058718640289002,0.0,0
0.000917,12,3033.82918,-0.8851130700421783,0.0,0
0.0,13,3033.86078,-0.830666058696201,0.0,0
0.002508,13,3033.895076,-0.8371599214021593,0.0,0
0.0,12,3033.930973,-0.8514817963231035,0.0,0
0.0,13,3033.973276,-0.7767637112064077,0.0,0
0.0,12,3034.011362,-0.8080727904625046,0.0,0
0.003314,13,3034.055195,-0.8676400766243275,0.0,0
0.003081,12,3034.095248,-0.8004180881096721,0.0,0
0.003407,12,3034.135141,-0.8193132817888201,0.0,0
0.0,12,3034.175314,-0.8053434598088371,0.0,0
0.001493,14,3034.222105,-0.7993480152475148,0.0,0
0.003824,12,3034.262185,-0.7613455091035997,0.0,0
0.001265,12,3034.302275,-0.7928149550753391,0.0,0
0.010396,13,3034.348385,-0.8304328137898216,0.0,0
0.000837,12,3034.39143,-0.8088969924714358,0.0,0
0.00441,13,3034.43784,-0.8347056941999076,0.0,0
0.0,12,3034.480779,-0.8493363744686241,0.0,0
0.000424,12,3034.523984,-0.8091338404775072,0.0,0
0.0017,12,3034.566786,-0.826212851021631,0.0,0
0.0,13,3034.613278,-0.7740685509976983,0.0,0
0.0,13,3034.659743,-0.8718912821956071,0.0,0
0.009949,12,3034.703916,-0.8480641194214484,0.0,0
0.003004,12,3034.74675,-0.8613494264637707,0.0,0
0.0,14,3035.29291,-0.8816883559699547,0.0,0
0.0,13,3035.314838,-0.7366904964795266,0.0,0
0.026945,13,3035.335785,-0.8089045352926552,0.0,0
0.037563,13,3035.356869,-0.8367261657134133,0.0,0
0.0,13,3035.377932,-0.8934197699232436,0.0,0
0.0,14,3035.401221,-0.8690994902859163,0.0,0
0.0,13,3035.4241,-0.8478028447780578,0.0,0
0.024713,12,3035.44524,-0.8006447515991694,0.0,0
0.002568,13,3035.468348,-0.840381012950177,0.0,0
0.0,13,3035.491791,-0.7821838264487809,0.0,0
0.0,12,3035.513538,-0.8450257096695043,0.0,0
0.0,12,3035.535608,-0.7998144386839959,0.0,0
0.0,12,3035.55812,-0.822612199322431,0.0,0
0.004666,13,3035.58217,-0.7800104287392844,0.0,0
0.00288,14,3035.608763,-0.8601900456920994,0.0,0
0.0,12,3035.631506,-0.7770104210487915,0.0,0
0.001517,13,3035.656592,-0.8060033556479356,0.0,0
0.0,12,3035.679742,-0.8160185721223263,0.0,0
0.0,12,3035.705903,-0.8150017680344822,0.0,0
0.0,14,3035.742082,-0.7688298132105135,0.0,0
0.004826,12,3035.772327,-0.7411141461127128,0.0,0
0.026577,12,3035.798468,-0.7567049480292771,0.0,0
0.002192,13,3035.826687,-0.7712485943890341,0.0,0
9.5e-05,13,3035.853724,-0.8058776459577068,0.0,0
0.0,13,3035.880968,-0.7928561690991923,0.0,0
0.000991,13,3035.908347,-0.8187452985159868,0.0,0
0.0,13,3035.935248,-0.7389408906585231,0.0,0
0.000191,12,3035.96036,-0.7466931695755968,0.0,0
0.003218,12,3035.984441,-0.7892638683842312,0.0,0
0.00452,12,3036.008732,-0.7942380946581569,0.0,0
0.00147,13,3036.034629,-0.7923151802431753,0.0,0
0.010651,13,3036.061155,-0.7691506100411754,0.0,0
0.001578,13,3036.087133,-0.7724906326214912,0.0,0
0.015882,13,3036.113406,-0.8535029627786898,0.0,0
0.02793,12,3036.137836,-0.8000457304501688,0.0,0
0.004688,13,3036.163982,-0.844723779211384,0.0,0
0.00043,13,3036.189913,-0.7816351482233633,0.0,0
0.004442,12,3036.216026,-0.8086799130761186,0.0,0
0.004315,12,3036.247453,-0.7804788286687518,0.0,0
0.0,12,3036.281105,-0.7811650009782195,0.0,0
0.00495,13,3036.318687,-0.8355278849178224,0.0,0
0.004836,12,3036.827764,-0.8389536645835051,0.0,0
0.0,12,3036.847682,-0.8254871059910863,0.0,0
0.0,13,3036.868998,-0.8351442446342504,0.0,0
0.003376,13,3036.889981,-0.8893967154715756,0.0,0
0.0,12,3036.909232,-0.8326275923438347,0.0,0
0.004456,12,3036.929271,-0.8593129189935774,0.0,0
0.0,13,3036.95072,-0.8152294043201498,0.0,0
0.025551,12,3036.970976,-0.7785238374032352,0.0,0
0.000778,12,3036.991316,-0.8436387101353625,0.0,0
0.001517,12,3037.01138,-0.8064016265019515,0.0,0
0.001706,12,3037.030334,-0.8173079267249609,0.0,0
0.003413,13,3037.051034,-0.8555139490217173,0.0,0
0.0,13,3037.073787,-0.7468134347365464,0.0,0
0.038518,13,3037.10166,-0.8059011478142728,0.0,0
0.0,12,3037.131184,-0.7347472501513532,0.0,0
0.00229,12,3037.162563,-0.8049538574121738,0.0,0
0.002951,13,3037.198658,-0.8493119836735024,0.0,0
0.000641,12,3037.233576,-0.7627576555375699,0.0,0
0.0,12,3037.269457,-0.8448437828330633,0.0,0
0.003098,12,3037.307183,-0.7562302131772759,0.0,0
0.037507,12,3037.346659,-0.7710597333671381,0.0,0
0.0,14,3037.393957,-0.7804995502117134,0.0,0
0.000962,13,3037.437832,-0.8249479901200071,0.0,0
0.0,13,3037.481988,-0.8599463281588036,0.0,0
0.0,13,3037.526321,-0.8569344309980857,0.0,0
0.0,13,3037.569957,-0.818651896162526,0.0,0
0.026229,13,3037.61419,-0.8010493999083383,0.0,0
0.012738,12,3037.655386,-0.8503269553131552,0.0,0
0.0,12,3037.697846,-0.8202976624904753,0.0,0
0.001929,12,3037.741691,-0.7687285228279613,0.0,0
0.0,14,3037.792553,-0.8400515690390217,0.0,0
6.6e-05,13,3037.839975,-0.8057657737012033,0.0,0
0.0,12,3037.883534,-0.8470289909985678,0.0,0
0.0,13,3037.930938,-0.8135347286795906,0.0,0
0.002118,12,3037.974527,-0.806621638284139,0.0,0
0.0,12,3038.01811,-0.890793196230735,0.0,0
0.006352,12,3038.061765,-0.7509878552421364,0.0,0
0.003419,13,3038.109702,-0.8260844590434167,0.0,0
0.033977,13,3038.156704,-0.8753386694698654,0.0,0
0.0,13,3038.204004,-0.852698256282334,0.0,0
0.002712,12,3038.247452,-0.8464237644960805,0.0,0
0.005323,13,3038.785506,-0.898246417127189,0.0,0
0.004091,12,3038.811331,-0.8104754727726251,0.0,0
0.02401,13,3038.841297,-0.8346670949795679,0.0,0
0.0,13,3038.865894,-0.9064819841492671,0.0,0
0.014625,13,3038.888881,-0.8480394012415171,0.0,0
0.001864,13,3038.91193,-0.8494040768882103,0.0,0
0.003252,13,3038.933985,-0.8165952659300687,0.0,0
0.003099,14,3038.957327,-0.8431441252181129,0.0,0
0.01193,13,3038.975781,-0.8727431020365188,0.0,0
0.054652,13,3038.994268,-0.7937403285273548,0.0,0
0.021032,14,3039.014088,-0.8570453846296994,0.0,0
0.003109,14,3039.03398,-0.8213693623135891,0.0,0
0.0,13,3039.052936,-0.8207628638851555,0.0,0
0.0,12,3039.070399,-0.7852348101468115,0.0,0
0.022017,13,3039.088563,-0.8112683165641599,0.0,0
0.004468,13,3039.106742,-0.8804399332131992,0.0,0
0.003503,12,3039.123918,-0.8717531306981634,0.0,0
0.008678,12,3039.140884,-0.722407045297608,0.0,0
0.0,12,3039.157924,-0.7577439284246854,0.0,0
0.00021,12,3039.174652,-0.7760437267343845,0.0,0
0.003821,12,3039.191773,-0.8347207559821995,0.0,0
0.0,13,3039.210469,-0.781429625129471,0.0,0
0.0,13,3039.228637,-0.7893490779003342,0.0,0
0.004242,13,3039.247255,-0.8043860474289516,0.0,0
0.0,13,3039.265819,-0.78100204486239,0.0,0
0.003357,12,3039.282905,-0.7906236258834323,0.0,0
0.0,13,3039.301646,-0.8680433844747131,0.0,0
0.0,12,3039.318812,-0.7747406234673226,0.0,0
0.003644,13,3039.337447,-0.8685038071522545,0.0,0
0.00251,12,3039.36036,-0.8699240239668928,0.0,0
0.022601,12,3039.386941,-0.7980236070185841,0.0,0
0.001752,12,3039.416144,-0.79102186494535,0.0,0
0.016745,15,3039.454496,-0.8092858185338697,0.0,0
0.0,12,3039.487055,-0.8126083524946985,0.0,0
0.00282,13,3039.524062,-0.8767667835750468,0.0,0
0.004548,12,3039.55963,-0.8068857094911736,0.0,0
0.02337,13,3039.600068,-0.8785107558643732,0.0,0
0.001709,13,3039.640717,-0.8095494218692554,0.0,0
0.000207,13,3039.683515,-0.8554479727788459,0.0,0
0.0,13,3039.726435,-0.7953192253862011,0.0,0
0.000653,12,3040.253353,-0.7743056470539508,0.0,0
0.001685,12,3040.279638,-0.8410295017094038,0.0,0
0.000778,13,3040.309254,-0.8366354885931488,0.0,0
0.012872,13,3040.340114,-0.886362141889208,0.0,0
0.004124,12,3040.370396,-0.8420760894586345,0.0,0
0.0,12,3040.402545,-0.7735295795490453,0.0,0
0.033292,12,3040.436519,-0.7708089914055922,0.0,0
0.040545,13,3040.47434,-0.8450022819109829,0.0,0
0.020506,12,3040.512086,-0.8122517409894564,0.0,0
0.0,13,3040.555218,-0.8464622317477396,0.0,0
0.0,13,3040.593055,-0.8067895976955302,0.0,0
0.0,13,3040.63261,-0.8838994621307739,0.0,0
0.001273,13,3040.674141,-0.8283105712680053,0.0,0
0.002881,12,3040.712352,-0.756531959216771,0.0,0
0.0,13,3040.756643,-0.8277517964157735,0.0,0
0.003363,12,3040.796972,-0.8749788480472135,0.0,0
0.040457,14,3040.84427,-0.831439966861113,0.0,0
0.004311,12,3040.885333,-0.8537317635551129,0.0,0
0.0,12,3040.928286,-0.8203723942441724,0.0,0
0.005215,12,3040.972032,-0.8246986021088704,0.0,0
0.000531,12,3041.015442,-0.8317456637025591,0.0,0
0.001355,12,3041.058979,-0.8505922787695156,0.0,0
4.7e-05,13,3041.10622,-0.8482941139259051,0.0,0
0.003113,12,3041.149268,-0.8604902567406015,0.0,0
0.002641,13,3041.195602,-0.8957594718976278,0.0,0
0.0,12,3041.238383,-0.8466300603082175,0.0,0
0.0,12,3041.281742,-0.851126556981447,0.0,0
0.004671,12,3041.324606,-0.8393786818323504,0.0,0
0.001424,12,3041.36728,-0.7631282925943669,0.0,0
0.008885,13,3041.413621,-0.8929036460331635,0.0,0
0.001634,13,3041.460564,-0.8315568743116872,0.0,0
0.014001,14,3041.511074,-0.7685805979813445,0.0,0
0.002672,12,3041.55522,-0.8428232229979996,0.0,0
0.032162,13,3041.602679,-0.8360892558412782,0.0,0
0.0,12,3041.646395,-0.831362291080345,0.0,0
0.017553,13,3041.694171,-0.8493859194168596,0.0,0
0.0,12,3041.734587,-0.8416133849038077,0.0,0
0.02866,12,3041.77484,-0.7355898784173291,0.0,0
0.004507,13,3041.821353,-0.7953251100406689,0.0,0
0.00344,12,3041.86329,-0.8554005361884471,0.0,0
0.001575,12,3041.904017,-0.8343209908660988,0.0,0
0.0,12,3042.431797,-0.8231180004013863,0.0,0
0.004913,12,3042.45074,-0.8004185492189346,0.0,0
0.004867,12,3042.46913,-0.823316074611094,0.0,0
0.00274,13,3042.489296,-0.7855272207442116,0.0,0
0.002543,13,3042.509345,-0.8656447737127481,0.0,0
0.0,13,3042.530587,-0.7932873491499619,0.0,0
0.024079,13,3042.551887,-0.7739639834493419,0.0,0
0.0,13,3042.573383,-0.7984113396183584,0.0,0
0.0,12,3042.594504,-0.9298326990993593,0.0,0
0.003106,12,3042.614939,-0.8773543871068655,0.0,0
0.008012,13,3042.638001,-0.7928822916499355,0.0,0
0.0,12,3042.656792,-0.8805520125771594,0.0,0
0.00076,12,3042.675568,-0.8434001558961572,0.0,0
0.000971,13,3042.695748,-0.8225322310144279,0.0,0
0.0,12,3042.71402,-0.8156767258933167,0.0,0
0.038048,13,3042.734113,-0.890528752875578,0.0,0
0.00283,13,3042.754037,-0.8218835546037544,0.0,0
0.007389,13,3042.774354,-0.7560539531305651,0.0,0
0.006919,13,3042.794611,-0.7893600661891628,0.0,0
0.005559,14,3042.816974,-0.8285684824598444,0.0,0
0.024495,13,3042.837358,-0.8829456243693705,0.0,0
0.035081,13,3042.857169,-0.8216192374637581,0.0,0
0.000323,12,3042.875768,-0.8337563685942558,0.0,0
0.011892,13,3042.895754,-0.8528658663321921,0.0,0
0.025767,14,3042.919607,-0.77431296129261,0.0,0
0.026121,13,3042.939936,-0.8399115150643983,0.0,0
0.002512,13,3042.960281,-0.8079073013931354,0.0,0
0.013503,14,3042.982102,-0.7750546844594585,0.0,0
0.0,13,3043.003421,-0.7927282128723576,0.0,0
0.0,13,3043.024338,-0.8826871297000534,0.0,0
0.0,13,3043.04519,-0.8828238170558093,0.0,0
0.00409,12,3043.06526,-0.8547966915852598,0.0,0
0.0,13,3043.086417,-0.8684978724036311,0.0,0
0.0,13,3043.107768,-0.8058682071074186,0.0,0
0.001517,12,3043.127342,-0.8428486863800392,0.0,0
0.020571,13,3043.156638,-0.8181581234082518,0.0,0
0.003574,13,3043.188962,-0.8064321929062421,0.0,0
0.013561,12,3043.220959,-0.7711233569074243,0.0,0
0.004575,13,3043.256988,-0.7830986635982673,0.0,0
0.020525,13,3043.295367,-0.8115567479748594,0.0,0
0.0,12,3043.838042,-0.8410451994902861,0.0,0
0.003144,14,3043.864396,-0.8124108697935519,0.0,0
0.008208,12,3043.887477,-0.8141650856082981,0.0,0
0.049108,13,3043.912547,-0.7479993117891196,0.0,0
0.009814,14,3043.939703,-0.8160142669577899,0.0,0
0.004558,11,3043.960455,-0.8404163081759958,0.0,0
0.025636,12,3043.980884,-0.7651975474416591,0.0,0
0.005108,13,3044.003497,-0.8603335898428869,0.0,0
0.000525,13,3044.027024,-0.9407920088319186,0.0,0
0.030421,15,3044.053979,-0.7993554393212782,0.0,0
0.003711,12,3044.075413,-0.8488562969795121,0.0,0
0.0,12,3044.096844,-0.8460002132902092,0.0,0
0.015371,13,3044.120344,-0.7896821474458451,0.0,0
0.0,13,3044.14355,-0.8409221165820933,0.0,0
0.0,13,3044.17389,-0.8124498844864938,0.0,0
0.001838,12,3044.204337,-0.8796786059436931,0.0,0
0.000349,12,3044.234522,-0.8378251483763495,0.0,0
0.0,13,3044.267064,-0.9279416992439855,0.0,0
0.0,13,3044.299679,-0.8329775899349874,0.0,0
0.004387,13,3044.331932,-0.8065842111973729,0.0,0
0.023925,13,3044.364605,-0.8391164843165885,0.0,0
0.0,13,3044.387036,-0.8271900666995228,0.0,0
0.0,12,3044.405669,-0.8027103981957665,0.0,0
0.0,13,3044.426106,-0.8708370330756743,0.0,0
0.001671,12,3044.445603,-0.8486410886611117,0.0,0
0.0,13,3044.465888,-0.8823759691252964,0.0,0
0.0,12,3044.484618,-0.8465684204028286,0.0,0
0.0,13,3044.504377,-0.8695605945343045,0.0,0
5.6e-05,13,3044.523084,-0.8386671757594903,0.0,0
0.021864,14,3044.544712,-0.8066257725643236,0.0,0
0.004975,12,3044.563441,-0.7757055284848936,0.0,0
0.000158,14,3044.58525,-0.8204217716168031,0.0,0
0.004387,12,3044.609753,-0.7847745694707979,0.0,0
0.004362,12,3044.638577,-0.8875873421349116,0.0,0
0.0,13,3044.672123,-0.7978002932043052,0.0,0
0.002564,13,3044.707501,-0.8016020657799964,0.0,0
0.0,13,3044.744702,-0.8955292026175518,0.0,0
0.002179,13,3044.78378,-0.8758487903962264,0.0,0
0.004257,13,3044.824365,-0.8832282574852,0.0,0
0.011242,13,3044.865772,-0.8231450938026112,0.0,0
0.001035,13,3045.389874,-0.8419401662188981,0.0,0
0.034882,12,3045.408813,-0.7602362526649074,0.0,0
0.000901,13,3045.428839,-0.9221155832873728,0.0,0
0.0099,13,3045.449403,-0.816506798000432,0.0,0
0.003606,12,3045.468921,-0.8360643603878656,0.0,0
0.001173,13,3045.489857,-0.8203051182276788,0.0,0
0.007139,13,3045.510951,-0.7986046772902987,0.0,0
0.005005,12,3045.530745,-0.7977798427593892,0.0,0
0.0,12,3045.551711,-0.7679242995037991,0.0,0
0.0,14,3045.578103,-0.789050395320405,0.0,0
0.004633,12,3045.600004,-0.8256825607244902,0.0,0
0.003519,12,3045.621477,-0.8283936724511869,0.0,0
0.0,13,3045.642367,-0.8960337800955117,0.0,0
0.004806,13,3045.66133,-0.837069059651085,0.0,0
0.019521,13,3045.680964,-0.7726189958018664,0.0,0
0.0,12,3045.698428,-0.8019814560405532,0.0,0
0.0,14,3045.719422,-0.8430402421229864,0.0,0
0.0,13,3045.738726,-0.8145080353585485,0.0,0
0.0,13,3045.757617,-0.8111716988240744,0.0,0
0.003819,13,3045.776532,-0.8142473346886437,0.0,0
0.005407,12,3045.799505,-0.8010562349286008,0.0,0
0.00338,13,3045.829556,-0.8543957794456482,0.0,0
0.0,13,3045.861816,-0.9391810318735393,0.0,0
0.001827,13,3045.896189,-0.8336011949024297,0.0,0
0.0,13,3045.933985,-0.864840854040194,0.0,0
0.020357,12,3045.969781,-0.7908006281153547,0.0,0
0.0,13,3046.010303,-0.8940436076672936,0.0,0
0.0,13,3046.051177,-0.85434796668795,0.0,0
0.031362,13,3046.092377,-0.8370340489992518,0.0,0
0.001524,12,3046.132945,-0.7862125963797212,0.0,0
0.000125,12,3046.173301,-0.8831090313110697,0.0,0
0.004125,12,3046.216733,-0.820449724194348,0.0,0
0.001231,13,3046.260323,-0.8358914390922505,0.0,0
0.0,12,3046.30076,-0.8897016383182339,0.0,0
0.0,12,3046.341073,-0.8605739960998365,0.0,0
0.0,13,3046.38476,-0.9101173603200127,0.0,0
0.0,12,3046.425064,-0.763109730646454,0.0,0
0.0,12,3046.465408,-0.8417596719147753,0.0,0
0.004893,13,3046.511376,-0.8923127962011549,0.0,0
0.007734,13,3046.557988,-0.8220516700622208,0.0,0
0.009805,12,3047.097338,-0.8729789303158288,0.0,0
0.050344,12,3047.116012,-0.727953924290769,0.0,0
0.025463,13,3047.136404,-0.8512576832107542,0.0,0
0.004121,13,3047.156712,-0.877735192684969,0.0,0
0.026492,12,3047.175948,-0.7943637558196881,0.0,0
0.0,12,3047.195936,-0.8773443239255795,0.0,0
0.023037,12,3047.216214,-0.7673732551121943,0.0,0
0.002623,13,3047.238119,-0.7913338842659375,0.0,0
0.0,14,3047.262806,-0.8016151171385323,0.0,0
0.037079,14,3047.287876,-0.8123631772443582,0.0,0
0.044993,12,3047.309836,-0.7553972113630015,0.0,0
0.004169,12,3047.329789,-0.8193524620045296,0.0,0
0.0,13,3047.348468,-0.793870406655225,0.0,0
0.00027,12,3047.365813,-0.8022030167653244,0.0,0
0.011345,13,3047.384043,-0.7565772334494018,0.0,0
0.020569,12,3047.401063,-0.7680388595776915,0.0,0
0.020963,13,3047.419852,-0.7321446551089908,0.0,0
0.00063,12,3047.437441,-0.7817872190668922,0.0,0
0.001459,12,3047.455517,-0.8676147397309196,0.0,0
0.003053,13,3047.474837,-0.8572015890000458,0.0,0
0.0,13,3047.494346,-0.8257347014846631,0.0,0
0.0,13,3047.513991,-0.8272713000965922,0.0,0
0.012326,14,3047.536775,-0.8406227548289326,0.0,0
0.007401,12,3047.562501,-0.8090092965055296,0.0,0
0.030008,13,3047.593416,-0.8019839138212451,0.0,0
0.006935,13,3047.62633,-0.7978834627289845,0.0,0
0.0,12,3047.658792,-0.8144153332810901,0.0,0
0.003354,13,3047.695891,-0.8420011431048713,0.0,0
0.00159,12,3047.731959,-0.7945605577815491,0.0,0
0.004982,13,3047.772248,-0.8552112661785481,0.0,0
0.003442,13,3047.813179,-0.8718363944453524,0.0,0
0.0,14,3047.859977,-0.8014655127166054,0.0,0
0.0,13,3047.90465,-0.8119366427125083,0.0,0
0.012121,12,3047.944925,-0.8009610222688347,0.0,0
0.045818,12,3047.985458,-0.7758493594085388,0.0,0
0.02733,13,3048.029305,-0.7862863746991251,0.0,0
0.001543,12,3048.069789,-0.8322448141999383,0.0,0
0.002378,12,3048.11166,-0.8367231992942477,0.0,0
0.003119,12,3048.155051,-0.837497419055649,0.0,0
0.008756,12,3048.197956,-0.8603624096853969,0.0,0
0.002433,13,3048.244841,-0.8425301042284183,0.0,0
0.0,13,3048.806037,-0.7543614339178814,0.0,0
0.0,13,3048.827275,-0.9028507577200784,0.0,0
0.0,13,3048.849079,-0.8397652448920159,0.0,0
0.002789,13,3048.870369,-0.8671557476838796,0.0,0
0.0,13,3048.892392,-0.8857542027491401,0.0,0
0.0,12,3048.912611,-0.9172384563130186,0.0,0
0.003009,12,3048.933009,-0.8252704588785756,0.0,0
0.0,13,3048.955361,-0.8910636042325276,0.0,0
0.0,13,3048.977036,-0.8798768216575852,0.0,0
0.001449,12,3048.996664,-0.854393202159321,0.0,0
0.0,12,3049.0177,-0.8407752855086726,0.0,0
0.03102,13,3049.041514,-0.8584653127336133,0.0,0
0.021203,13,3049.066679,-0.869552508483081,0.0,0
0.0,12,3049.091672,-0.8685409379472298,0.0,0
0.0,12,3049.120416,-0.8593246470751975,0.0,0
0.0,12,3049.147401,-0.827858372451708,0.0,0
0.00487,13,3049.177977,-0.8729892727093677,0.0,0
0.008699,12,3049.210793,-0.8058759222673193,0.0,0
0.034971,13,3049.250787,-0.820985034599719,0.0,0
0.0,13,3049.293216,-0.7807606515652502,0.0,0
0.015225,13,3049.338832,-0.8574430128477809,0.0,0
0.014784,12,3049.380716,-0.9112347788432547,0.0,0
0.0,12,3049.425924,-0.8319640352017891,0.0,0
0.0,13,3049.475054,-0.8876646476969602,0.0,0
0.003649,12,3049.52079,-0.8089947835081118,0.0,0
0.029647,13,3049.570394,-0.868971366008369,0.0,0
0.0,12,3049.618671,-0.9115337847308413,0.0,0
0.0,13,3049.671488,-0.7716576672268959,0.0,0
0.017074,13,3049.724883,-0.801531011540578,0.0,0
0.005193,13,3049.778381,-0.8297241242602418,0.0,0
0.00174,12,3049.827552,-0.8850042293181974,0.0,0
0.034378,12,3049.876836,-0.7376127459813122,0.0,0
0.003297,12,3049.92577,-0.8105077834460986,0.0,0
0.036003,12,3049.975232,-0.8359755335450367,0.0,0
0.0,12,3050.024776,-0.8160975818188446,0.0,0
0.038771,14,3050.082032,-0.8089927962765617,0.0,0
0.00179,13,3050.135259,-0.850127678948145,0.0,0
0.026719,12,3050.1842,-0.8151885129967312,0.0,0
0.001153,12,3050.233917,-0.7776129484005806,0.0,0
0.0,13,3050.287835,-0.8520275907766872,0.0,0
0.004421,13,3050.341285,-0.8398654215269721,0.0,0
0.001082,12,3050.869163,-0.8234061393878419,0.0,0
0.004727,12,3050.888177,-0.8159080057864402,0.0,0
0.02149,13,3050.908402,-0.8078098738948996,0.0,0
0.0,12,3050.926903,-0.8592720393202514,0.0,0
0.045952,13,3050.947492,-0.8156893997693602,0.0,0
0.003588,12,3050.967163,-0.842806163273596,0.0,0
0.0,12,3050.986105,-0.8847079018186427,0.0,0
0.028071,13,3051.008039,-0.7807348901748131,0.0,0
0.001416,14,3051.032621,-0.8213040106612093,0.0,0
0.0,11,3051.051718,-0.8442935456401467,0.0,0
0.0,12,3051.06929,-0.8632694350987268,0.0,0
0.028141,13,3051.088195,-0.8311451981786505,0.0,0
0.039904,13,3051.107014,-0.7953452114745249,0.0,0
0.0,12,3051.12382,-0.8553351495206469,0.0,0
0.000728,13,3051.142919,-0.9047738492904235,0.0,0
0.00079,12,3051.160245,-0.8237412837576842,0.0,0
0.004463,12,3051.178571,-0.8738981273521047,0.0,0
0.0,12,3051.195953,-0.8156150066200836,0.0,0
0.0,12,3051.212946,-0.8642797637141272,0.0,0
0.001068,12,3051.235446,-0.8192143036692521,0.0,0
0.0,12,3051.260798,-0.8726169032564853,0.0,0
0.035121,12,3051.289531,-0.8849427773396364,0.0,0
0.0,13,3051.322726,-0.8294970403678574,0.0,0
0.00543,13,3051.357924,-0.9137073516651395,0.0,0
0.007277,13,3051.395299,-0.8666770843628657,0.0,0
0.0,12,3051.430992,-0.8830524249896058,0.0,0
0.0,13,3051.471152,-0.8183620556866736,0.0,0
0.00262,13,3051.512907,-0.8202323152884947,0.0,0
0.003038,13,3051.556241,-0.8306408866541966,0.0,0
0.00467,12,3051.59615,-0.813415980973368,0.0,0
0.004542,14,3051.642877,-0.839324296942685,0.0,0
0.000971,12,3051.682989,-0.8314694796130131,0.0,0
0.0,13,3051.726564,-0.9105739284195105,0.0,0
0.000685,12,3051.767452,-0.8186995326371271,0.0,0
0.0,12,3051.810314,-0.8372574159800573,0.0,0
0.003336,13,3051.85663,-0.7825736471226159,0.0,0
0.0,13,3051.90378,-0.8415701167090063,0.0,0
0.001139,13,3051.950217,-0.793983564591952,0.0,0
0.023829,12,3051.993152,-0.7770511380232279,0.0,0
0.014978,13,3052.040041,-0.8607259011855753,0.0,0
0.0,13,3052.0869,-0.7981773198169483,0.0,0
0.039709,12,3052.60765,-0.8539263655918129,0.0,0
0.002369,12,3052.62607,-0.8189844796533369,0.0,0
0.02083,13,3052.64573,-0.8289316403067378,0.0,0
0.000185,12,3052.66468,-0.8847273032033983,0.0,0
0.024236,13,3052.685435,-0.8294651537994238,0.0,0
0.015374,12,3052.704455,-0.8826055510101873,0.0,0
0.041414,12,3052.72382,-0.8132312843624383,0.0,0
0.018678,12,3052.742802,-0.8556889651953421,0.0,0
0.0,13,3052.763668,-0.8781110781187963,0.0,0
0.009484,12,3052.783432,-0.8166086362381245,0.0,0
0.0,13,3052.80379,-0.8132818517996611,0.0,0
0.026807,12,3052.822836,-0.8274397341428372,0.0,0
0.001871,12,3052.842512,-0.8452638568184502,0.0,0
0.004481,12,3052.865036,-0.8696376507734025,0.0,0
0.000534,12,3052.892581,-0.8629816524354855,0.0,0
0.000515,13,3052.925305,-0.8515845594627424,0.0,0
0.017364,13,3052.960299,-0.8142127538972247,0.0,0
0.001027,13,3052.997231,-0.7470430560015304,0.0,0
0.0,12,3053.033097,-0.894637455659597,0.0,0
0.0,12,3053.070521,-0.8571345176255005,0.0,0
0.001085,12,3053.109341,-0.8880427456397864,0.0,0
0.0,12,3053.148898,-0.8497978751024057,0.0,0
0.004944,12,3053.189116,-0.9045608948016989,0.0,0
0.004842,13,3053.232495,-0.8666337466282854,0.0,0
0.001609,13,3053.276097,-0.8464532952259938,0.0,0
0.002115,13,3053.319613,-0.8930686701373151,0.0,0
0.021979,13,3053.362931,-0.9354846046303227,0.0,0
0.0,13,3053.406367,-0.9181601751270695,0.0,0
0.004298,13,3053.449558,-0.8249319251796666,0.0,0
0.0,12,3053.490817,-0.8578430758725951,0.0,0
0.0,12,3053.53275,-0.9326514737994669,0.0,0
0.001914,13,3053.579317,-0.8903991490954967,0.0,0
0.000891,13,3053.626013,-0.8257488272045672,0.0,0
0.026973,12,3053.669023,-0.8311920423930131,0.0,0
0.0,11,3053.702439,-0.8098945192872467,0.0,0
0.002334,13,3053.735833,-0.8330044395156896,0.0,0
0.002118,12,3053.764266,-0.7306243295124765,0.0,0
0.0,12,3053.790781,-0.8669267599273996,0.0,0
0.000721,12,3053.816028,-0.8326267842844365,0.0,0
0.001405,14,3053.844407,-0.8364220106969782,0.0,0
0.004823,13,3053.869866,-0.8171664178059012,0.0,0
0.004043,14,3054.3798,-0.787534438825808,0.0,0
0.002148,13,3054.400626,-0.8607087018619336,0.0,0
0.001447,13,3054.421593,-0.7996290140680358,0.0,0
0.0,13,3054.442057,-0.838548981362768,0.0,0
0.0,12,3054.461044,-0.8798769439220586,0.0,0
0.010967,13,3054.481668,-0.8248668932042401,0.0,0
0.000992,13,3054.50253,-0.8213667234783377,0.0,0
0.0084,12,3054.521959,-0.846420067973363,0.0,0
0.050981,12,3054.541535,-0.805146139688533,0.0,0
0.0,12,3054.56233,-0.8611359192870884,0.0,0
0.011755,13,3054.585118,-0.8226875230299489,0.0,0
0.0,12,3054.606695,-0.8650437559384199,0.0,0
0.0,12,3054.628459,-0.8713689540988369,0.0,0
0.0,12,3054.650547,-0.868625364649098,0.0,0
0.0,12,3054.672696,-0.7780917614998117,0.0,0
0.0,13,3054.697721,-0.8874002358788351,0.0,0
0.009993,12,3054.718547,-0.8346292287273892,0.0,0
0.015544,12,3054.738286,-0.8051038492342038,0.0,0
0.004328,12,3054.758331,-0.8995426924320794,0.0,0
0.0,12,3054.778079,-0.8687228642089314,0.0,0
0.0,12,3054.799249,-0.8152223120342837,0.0,0
0.0,13,3054.832347,-0.8706615793317531,0.0,0
0.000272,13,3054.865625,-0.8261503182791784,0.0,0
0.0,12,3054.898299,-0.856510165916345,0.0,0
0.003287,13,3054.935338,-0.7842900973518808,0.0,0
0.004181,13,3054.974131,-0.8216661560017735,0.0,0
0.0007,13,3055.014899,-0.7788467884439344,0.0,0
0.002022,12,3055.052711,-0.8200874545693133,0.0,0
0.0,12,3055.092206,-0.8111374703863523,0.0,0
0.026736,14,3055.138842,-0.7941358899899811,0.0,0
0.0,12,3055.17946,-0.8072450125269801,0.0,0
0.0,12,3055.219707,-0.8872982642790153,0.0,0
0.013129,12,3055.260051,-0.8061654834851161,0.0,0
0.0,12,3055.300771,-0.866284262916143,0.0,0
0.0,12,3055.340523,-0.8407196019571407,0.0,0
0.0,12,3055.380874,-0.923433863179369,0.0,0
0.0008,13,3055.424154,-0.8390893452226005,0.0,0
0.041094,14,3055.470815,-0.7907945398435554,0.0,0
0.0,13,3055.51585,-0.8065954426958922,0.0,0
0.0,13,3055.562216,-0.8726536145192914,0.0,0
0.011043,14,3055.612313,-0.7771309505359956,0.0,0
0.0,13,3056.132256,-0.8353110367473419,0.0,0
0.0,12,3056.150899,-0.9428943248552152,0.0,0
0.0,12,3056.169927,-0.862824553343533,0.0,0
0.022362,12,3056.190447,-0.9226759611149878,0.0,0
0.003666,12,3056.21078,-0.8237368076725763,0.0,0
0.043869,13,3056.23188,-0.8335288695164971,0.0,0
0.0,13,3056.253151,-0.8133231562524341,0.0,0
0.007893,13,3056.274892,-0.7809753984610194,0.0,0
0.004561,12,3056.295642,-0.8938819340790782,0.0,0
0.022729,12,3056.315621,-0.8032183520425824,0.0,0
0.0,12,3056.332647,-0.9047196728505617,0.0,0
0.002945,12,3056.349753,-0.8089706295958482,0.0,0
0.030191,13,3056.370333,-0.7827797600859098,0.0,0
0.0,12,3056.392835,-0.8128716364505089,0.0,0
0.0,13,3056.421829,-0.8933803898716851,0.0,0
0.002786,12,3056.452767,-0.8085314921119332,0.0,0
0.000363,13,3056.487242,-0.7784985253852579,0.0,0
0.025325,12,3056.520889,-0.9007931852665056,0.0,0
0.000951,12,3056.556274,-0.8127401256851046,0.0,0
0.001197,12,3056.593237,-0.8790489306153441,0.0,0
0.003479,12,3056.630931,-0.8589927498696127,0.0,0
0.017722,12,3056.668735,-0.8339029874917978,0.0,0
0.003908,13,3056.711766,-0.7997140514018054,0.0,0
0.0,12,3056.751785,-0.8923983738347216,0.0,0
0.0,13,3056.794873,-0.8447953763661651,0.0,0
0.000243,13,3056.837796,-0.8282981466509899,0.0,0
0.004993,12,3056.877769,-0.8647272305410493,0.0,0
0.0,13,3056.920916,-0.8505392336109971,0.0,0
0.0,13,3056.964031,-0.8760124840855916,0.0,0
0.016831,12,3057.003736,-0.7887648886615763,0.0,0
0.005479,14,3057.050233,-0.826820819144452,0.0,0
0.0,12,3057.090612,-0.8672613237067636,0.0,0
0.017156,13,3057.134312,-0.8496161186809862,0.0,0
0.010439,13,3057.178724,-0.8694333377074284,0.0,0
0.007874,12,3057.221084,-0.872023230432132,0.0,0
0.000902,12,3057.263694,-0.8957868430021046,0.0,0
0.032532,13,3057.309745,-0.8172616907456273,0.0,0
0.0,12,3057.35242,-0.8240488541351924,0.0,0
0.000164,12,3057.3948,-0.8547770543594589,0.0,0
0.003535,11,3057.43388,-0.803090168041668,0.0,0
0.003184,12,3057.476459,-0.8620666698937144,0.0,0
0.008401,12,3058.027641,-0.7979367020679494,0.0,0
0.001081,12,3058.046734,-0.93270557360608,0.0,0
0.0,12,3058.064965,-0.8012429939623371,0.0,0
0.000532,13,3058.085183,-0.8308260780482771,0.0,0
0.025255,13,3058.105965,-0.7835761914994552,0.0,0
0.000112,12,3058.125516,-0.8640235501237225,0.0,0
0.0,12,3058.145328,-0.9255538682676572,0.0,0
0.0,12,3058.169536,-0.8527722662849481,0.0,0
0.0,13,3058.200789,-0.8853147829259927,0.0,0
0.0,12,3058.230828,-0.8753290472665899,0.0,0
0.00427,12,3058.260821,-0.9238649186217456,0.0,0
0.003265,13,3058.288366,-0.8366688942496221,0.0,0
0.002154,13,3058.312521,-0.925340046942349,0.0,0
0.02241,12,3058.331874,-0.8561457073060482,0.0,0
0.0,12,3058.350601,-0.8230767065576088,0.0,0
0.004593,13,3058.37118,-0.78757510628224,0.0,0
0.004747,12,3058.392069,-0.9109628218296806,0.0,0
0.001512,12,3058.411154,-0.8794472113648144,0.0,0
0.0,12,3058.429886,-0.8328909567272166,0.0,0
0.0,12,3058.448993,-0.8838871024490385,0.0,0
0.025471,12,3058.472365,-0.8627030862403609,0.0,0
0.002671,12,3058.500743,-0.8891840330667273,0.0,0
0.004517,12,3058.531488,-0.9110045959770232,0.0,0
0.016308,12,3058.564108,-0.7894378249568353,0.0,0
0.0,12,3058.598538,-0.7986459782503861,0.0,0
0.00424,12,3058.634446,-0.924514912621408,0.0,0
0.002531,12,3058.672256,-0.8672970672000181,0.0,0
0.001516,13,3058.713888,-0.883186131638822,0.0,0
0.003808,13,3058.757349,-0.9116810718391588,0.0,0
0.019352,12,3058.797199,-0.7941837120780175,0.0,0
0.002908,13,3058.840677,-0.8336817320007659,0.0,0
0.001874,12,3058.882521,-0.8821991204944475,0.0,0
0.000879,13,3058.929134,-0.8420029896933378,0.0,0
0.0,12,3058.971811,-0.8715916893533998,0.0,0
0.000133,13,3059.007705,-0.8233365844641619,0.0,0
0.0,12,3059.038531,-0.8545720588145121,0.0,0
0.008545,12,3059.071202,-0.888560560986052,0.0,0
0.0,13,3059.111211,-0.8330628214373147,0.0,0
0.000351,13,3059.153077,-0.7775683285839179,0.0,0
0.001057,13,3059.196845,-0.8058939016739206,0.0,0
0.00252,13,3059.240479,-0.8094869280934839,0.0,0
0.0,13,3059.775353,-0.8405527831235335,0.0,0
0.000904,13,3059.796181,-0.8261165962091722,0.0,0
0.0,11,3059.814422,-0.8703308043475307,0.0,0
0.001598,12,3059.833078,-0.7919550090258773,0.0,0
0.0,11,3059.850604,-0.8505185774929094,0.0,0
0.004614,13,3059.87101,-0.859369072910841,0.0,0
0.0,14,3059.893968,-0.8435122541251062,0.0,0
0.01098,13,3059.91489,-0.8502886263773497,0.0,0
0.0,12,3059.934439,-0.8454995585229935,0.0,0
0.02394,13,3059.956206,-0.8700839764352561,0.0,0
0.001629,13,3059.977611,-0.8432665945862892,0.0,0
0.000695,12,3059.996222,-0.8214604353391898,0.0,0
0.0,12,3060.015541,-0.811172683455482,0.0,0
0.004147,12,3060.036889,-0.8473865765051227,0.0,0
0.000821,13,3060.064801,-0.8308942125989391,0.0,0
0.000975,13,3060.097181,-0.8307554312193779,0.0,0
0.003324,13,3060.131479,-0.8652276458540089,0.0,0
0.004292,12,3060.165057,-0.7569866705704711,0.0,0
0.003083,12,3060.200441,-0.8875620988042388,0.0,0
0.0,12,3060.237202,-0.8675683761828328,0.0,0
0.004228,12,3060.275146,-0.8080479929341912,0.0,0
0.0,13,3060.316898,-0.8482002823529391,0.0,0
0.0,13,3060.361092,-0.8408517593946254,0.0,0
0.004375,12,3060.401247,-0.8589355078957305,0.0,0
0.0,11,3060.437758,-0.8282731952863243,0.0,0
0.0,13,3060.481171,-0.8274357797502502,0.0,0
0.013269,12,3060.521277,-0.8206776589502223,0.0,0
0.001196,12,3060.561414,-0.8398572725716993,0.0,0
0.0,13,3060.604624,-0.8311350672969193,0.0,0
0.0,13,3060.648058,-0.8372236788317332,0.0,0
0.001166,12,3060.688011,-0.8330362856840012,0.0,0
0.046742,13,3060.731631,-0.8444115635857775,0.0,0
0.000332,12,3060.771523,-0.7894577347762988,0.0,0
0.003709,14,3060.818329,-0.7693431884841202,0.0,0
0.021192,13,3060.861727,-0.844412358440016,0.0,0
0.0,12,3060.902149,-0.8858334875770691,0.0,0
0.0,12,3060.942103,-0.8642732776330987,0.0,0
0.020103,12,3060.982094,-0.8261061201501088,0.0,0
0.0,13,3061.025344,-0.8453407392901764,0.0,0
0.023877,12,3061.065714,-0.8356744310517076,0.0,0
0.034217,13,3061.109534,-0.8494557036060104,0.0,0
0.004333,12,3061.649326,-0.87841907972127,0.0,0
0.004097,13,3061.670276,-0.8445598513416488,0.0,0
0.033707,14,3061.692794,-0.7383994029706507,0.0,0
0.0,12,3061.712474,-0.8128530399275387,0.0,0
0.001523,12,3061.732573,-0.7912275590907014,0.0,0
0.0,12,3061.75206,-0.8455871832756287,0.0,0
0.0,12,3061.771276,-0.823804236534283,0.0,0
0.0,12,3061.791503,-0.8415917926274804,0.0,0
0.0,13,3061.813615,-0.8201106128323237,0.0,0
3.5e-05,13,3061.836302,-0.8106679648570069,0.0,0
0.010553,12,3061.856832,-0.8054159806920826,0.0,0
0.016275,12,3061.876697,-0.8545837485297676,0.0,0
0.001594,13,3061.897597,-0.7752403731410793,0.0,0
0.0,12,3061.922199,-0.830277244118662,0.0,0
4.2e-05,13,3061.953738,-0.836626752888238,0.0,0
0.002608,13,3061.986724,-0.832039591111337,0.0,0
0.003009,12,3062.023211,-0.7573503400882846,0.0,0
0.003169,12,3062.060785,-0.8155462596755215,0.0,0
0.004881,13,3062.102291,-0.8392461599224424,0.0,0
0.040428,13,3062.143494,-0.7680687750332067,0.0,0
0.0,12,3062.183641,-0.8994054868363472,0.0,0
0.013349,12,3062.224025,-0.8086991429723253,0.0,0
1.7e-05,12,3062.264655,-0.8343641251443893,0.0,0
0.008349,13,3062.310609,-0.7733697008253136,0.0,0
0.0,13,3062.358555,-0.8142317702216553,0.0,0
0.003723,12,3062.401389,-0.879512969878938,0.0,0
0.014562,12,3062.444145,-0.8334813055978458,0.0,0
0.00181,13,3062.490581,-0.7931236272926511,0.0,0
0.0,13,3062.537961,-0.8488311661757243,0.0,0
0.0,12,3062.581933,-0.871129109579919,0.0,0
0.001583,12,3062.625132,-0.7882657661093445,0.0,0
0.0,13,3062.67201,-0.7709529493936257,0.0,0
0.000301,12,3062.715505,-0.8402541578635827,0.0,0
0.0,12,3062.759631,-0.8674362835739535,0.0,0
0.0045,12,3062.803548,-0.8668569596377478,0.0,0
0.000213,13,3062.851033,-0.8309458191512321,0.0,0
0.0,13,3062.898585,-0.8594655287294662,0.0,0
0.0,12,3062.942446,-0.767188558437459,0.0,0
0.022254,13,3062.989975,-0.8018529064794756,0.0,0
0.0,12,3063.033841,-0.8883714865519128,0.0,0
0.001788,12,3063.077682,-0.8139676558820852,0.0,0
0.02284,12,3063.122194,-0.7805256701712987,0.0,0
0.0,13,3063.658716,-0.7780314397094376,0.0,0
0.0,13,3063.679611,-0.8349502077604599,0.0,0
0.000646,12,3063.699233,-0.9131377989627744,0.0,0
0.033826,13,3063.719773,-0.8216808768638972,0.0,0
0.0,12,3063.739228,-0.8277034465428055,0.0,0
0.002413,12,3063.759196,-0.7844429335003146,0.0,0
0.004044,13,3063.780689,-0.8084786063507116,0.0,0
0.015395,12,3063.800476,-0.7985705083732785,0.0,0
0.011403,12,3063.821588,-0.8403860947297823,0.0,0
0.041228,13,3063.843481,-0.818870393073186,0.0,0
0.00565,12,3063.862046,-0.8135251543754587,0.0,0
0.0,13,3063.882256,-0.9130532231549818,0.0,0
0.0,12,3063.900591,-0.862807489405102,0.0,0
0.0,12,3063.921238,-0.8367548043783414,0.0,0
0.0,13,3063.950737,-0.824546799025751,0.0,0
0.013792,13,3063.980093,-0.869507933177704,0.0,0
0.0,12,3064.003731,-0.8066229604312992,0.0,0
0.068363,13,3064.02989,-0.8336216803494706,0.0,0
9e-06,12,3064.053729,-0.8480806330358097,0.0,0
0.00418,13,3064.07997,-0.8932520948212829,0.0,0
0.003206,14,3064.107991,-0.8204640955592809,0.0,0
0.002423,12,3064.137746,-0.9035854328984153,0.0,0
0.0,12,3064.170264,-0.8520895937504117,0.0,0
0.0,12,3064.20289,-0.8722873260546571,0.0,0
0.021442,13,3064.231276,-0.8112692411310388,0.0,0
0.0,12,3064.259166,-0.8068276134606737,0.0,0
0.007658,12,3064.292442,-0.7940664064906275,0.0,0
0.0,12,3064.327384,-0.8893345042769191,0.0,0
0.014563,13,3064.368245,-0.8335392366357358,0.0,0
0.003399,12,3064.403069,-0.888672944480538,0.0,0
0.00228,13,3064.444478,-0.8514226635944062,0.0,0
0.016563,12,3064.484142,-0.8651252627509711,0.0,0
0.052429,13,3064.527543,-0.8085060292472195,0.0,0
0.00134,12,3064.567598,-0.8994947050441522,0.0,0
0.0,12,3064.607887,-0.8638758539405538,0.0,0
0.0,12,3064.649134,-0.8670693385202835,0.0,0
0.0,13,3064.695058,-0.8218252366866354,0.0,0
0.0,12,3064.738015,-0.9374948690186554,0.0,0
0.002739,13,3064.784981,-0.8675822357291347,0.0,0
0.0,12,3064.828127,-0.8638442641811906,0.0,0
0.0,12,3064.87113,-0.8713285278816345,0.0,0
0.020201,12,3065.391562,-0.8259412187844254,0.0,0
0.0,12,3065.410795,-0.8784058075164269,0.0,0
0.004662,11,3065.429441,-0.7489145689383092,0.0,0
0.01788,12,3065.449722,-0.7727613878140921,0.0,0
0.000798,12,3065.47003,-0.8158892079308483,0.0,0
0.0,13,3065.492871,-0.8277642670073098,0.0,0
0.0,12,3065.512091,-0.8243269971903132,0.0,0
0.004061,12,3065.531705,-0.8236020454632349,0.0,0
0.002292,13,3065.553827,-0.8692405560969526,0.0,0
0.01459,13,3065.576141,-0.753207320157949,0.0,0
0.031602,12,3065.595243,-0.7857099958948538,0.0,0
0.0,13,3065.618558,-0.8639779232290876,0.0,0
0.0,12,3065.639001,-0.869148742226715,0.0,0
0.003696,12,3065.65998,-0.8062420087164686,0.0,0
0.0,12,3065.681155,-0.7995419653624906,0.0,0
0.004452,13,3065.704993,-0.7718215617999475,0.0,0
0.001426,13,3065.728663,-0.7817200556241922,0.0,0
0.020743,12,3065.750704,-0.8524200356118253,0.0,0
0.014198,13,3065.775044,-0.7957467138031152,0.0,0
0.0,12,3065.797428,-0.863915512234833,0.0,0
0.0,13,3065.821945,-0.909650296147901,0.0,0
0.0,12,3065.844821,-0.9197318207566062,0.0,0
0.002298,13,3065.869843,-0.8335975920685631,0.0,0
0.000639,13,3065.894978,-0.8123663464048091,0.0,0
0.00134,12,3065.917945,-0.7914707319897661,0.0,0
0.031171,13,3065.942996,-0.8570171392040136,0.0,0
0.004821,12,3065.96597,-0.9002685554791079,0.0,0
0.0,13,3065.990964,-0.845983458279379,0.0,0
0.0,13,3066.016038,-0.8465365959311728,0.0,0
0.047458,13,3066.044505,-0.8607551095769842,0.0,0
0.0,13,3066.076596,-0.8653912980375162,0.0,0
0.004389,12,3066.099685,-0.8544119422650216,0.0,0
0.0,12,3066.122065,-0.9127648008296657,0.0,0
0.0,12,3066.143903,-0.847087136140886,0.0,0
0.000355,13,3066.1666,-0.8343236738393938,0.0,0
0.0,12,3066.187284,-0.8378399804617624,0.0,0
0.021583,14,3066.211131,-0.7975751939249363,0.0,0
0.001548,12,3066.231344,-0.8197840085739042,0.0,0
0.012405,13,3066.253114,-0.8191019226931202,0.0,0
0.014822,13,3066.27459,-0.8161444906980942,0.0,0
0.00216,12,3066.294328,-0.7691187209205135,0.0,0
0.0,12,3066.89123,-0.8355156355920238,0.0,0
0.0,12,3066.914544,-0.8713106274836475,0.0,0
0.004365,12,3066.937695,-0.8269539375684052,0.0,0
0.001892,13,3066.962656,-0.8532365629067176,0.0,0
0.003791,12,3066.985503,-0.8361281035275212,0.0,0
0.003404,12,3067.00837,-0.7528320868918205,0.0,0
0.003102,12,3067.031568,-0.9084254645449601,0.0,0
0.000654,13,3067.056383,-0.8315699020435757,0.0,0
0.0,12,3067.080065,-0.841381078775627,0.0,0
0.0,13,3067.105083,-0.8264242060020902,0.0,0
0.0,13,3067.130064,-0.8414000489946811,0.0,0
0.016487,13,3067.155169,-0.8256125781004404,0.0,0
0.013761,11,3067.175791,-0.8266405105298615,0.0,0
0.0,13,3067.197294,-0.7909030642951143,0.0,0
0.002182,13,3067.222124,-0.7858433760677108,0.0,0
0.003592,13,3067.251457,-0.8391903821635854,0.0,0
0.000615,12,3067.282185,-0.7941230874418912,0.0,0
0.002046,12,3067.313508,-0.8500716323078977,0.0,0
0.008702,13,3067.349615,-0.7821174500769664,0.0,0
0.025755,12,3067.385004,-0.8091427856373562,0.0,0
0.021847,12,3067.420844,-0.8368686424897416,0.0,0
0.0,12,3067.453671,-0.8823218875778581,0.0,0
0.002565,12,3067.484514,-0.8507024395361843,0.0,0
0.000505,13,3067.515783,-0.7373155043275144,0.0,0
0.01412,13,3067.545757,-0.8255197668392915,0.0,0
0.037144,13,3067.575518,-0.7952285225729966,0.0,0
0.020274,12,3067.601293,-0.8020150079025576,0.0,0
0.004848,12,3067.62951,-0.7535536082762889,0.0,0
0.004631,13,3067.658813,-0.8430481264658185,0.0,0
0.0,12,3067.684289,-0.8027291580420458,0.0,0
0.001719,12,3067.709034,-0.797272944283935,0.0,0
0.013209,12,3067.734282,-0.7990161190053507,0.0,0
5.7e-05,12,3067.758173,-0.8555212773694827,0.0,0
0.003282,13,3067.784331,-0.8382253232565722,0.0,0
0.0,13,3067.809928,-0.8950857425521044,0.0,0
0.001677,12,3067.834193,-0.8043943119386133,0.0,0
0.003653,14,3067.863698,-0.812734510551252,0.0,0
0.0,12,3067.889346,-0.8955970794169976,0.0,0
0.002816,12,3067.920691,-0.9013210343555607,0.0,0
0.051508,12,3067.95521,-0.7123855955822739,0.0,0
0.0,13,3067.996094,-0.8404657399580479,0.0,0
0.0,13,3068.529488,-0.8509440220456249,0.0,0
0.029261,13,3068.55037,-0.7998219390606667,0.0,0
0.003409,13,3068.571817,-0.825667278989623,0.0,0
0.004337,12,3068.592109,-0.8481752774244411,0.0,0
0.003147,13,3068.617238,-0.8351195883229158,0.0,0
0.006939,13,3068.642751,-0.8235599934291047,0.0,0
0.003634,12,3068.666005,-0.8199245306556248,0.0,0
0.00823,11,3068.687062,-0.7665786480107363,0.0,0
0.019835,12,3068.710352,-0.8939176503864329,0.0,0
0.0,12,3068.733633,-0.8552994562388945,0.0,0
0.0,11,3068.754829,-0.8146621276979882,0.0,0
0.0,13,3068.780048,-0.821671974086668,0.0,0
0.000502,12,3068.804061,-0.8739272383030988,0.0,0
0.000565,12,3068.833745,-0.843565938358941,0.0,0
0.000324,12,3068.86404,-0.8516247059454736,0.0,0
0.003366,12,3068.8919,-0.829859876565628,0.0,0
0.0,13,3068.927486,-0.7879363072577387,0.0,0
0.000588,14,3068.964206,-0.8087767878503649,0.0,0
0.0,12,3068.997443,-0.8005515048531028,0.0,0
0.004737,13,3069.035563,-0.8354468821525188,0.0,0
0.053799,13,3069.075407,-0.8210525753399853,0.0,0
0.012209,13,3069.117574,-0.8492839944349913,0.0,0
0.012666,13,3069.159712,-0.8031193117294304,0.0,0
0.003665,12,3069.200568,-0.8673565686802296,0.0,0
0.031223,13,3069.244408,-0.8764642618797209,0.0,0
0.007639,13,3069.288402,-0.8878355125514359,0.0,0
0.003371,13,3069.332292,-0.812438009417606,0.0,0
0.0,12,3069.372993,-0.8752617645673436,0.0,0
0.0,12,3069.415376,-0.8320322927489924,0.0,0
0.002154,13,3069.462125,-0.8770861784463487,0.0,0
0.037936,13,3069.509134,-0.8026434251340159,0.0,0
0.0,12,3069.552496,-0.8205484103048792,0.0,0
0.025125,13,3069.599339,-0.7667747123181865,0.0,0
0.0,12,3069.642728,-0.8644266107041964,0.0,0
0.0,12,3069.686101,-0.8863724504334154,0.0,0
0.001829,12,3069.729316,-0.8288803320589804,0.0,0
0.004746,13,3069.776121,-0.8345852835021512,0.0,0
0.025255,13,3069.823478,-0.7964398237333296,0.0,0
0.0,12,3069.866794,-0.8000431537659859,0.0,0
1.7e-05,12,3069.909916,-0.8632545279067623,0.0,0
0.041499,12,3069.953192,-0.8196280677991539,0.0,0
0.010657,11,3070.497875,-0.7916554016706998,0.0,0
0.0,12,3070.517114,-0.8311347538221675,0.0,0
0.0,12,3070.536263,-0.8356743239046514,0.0,0
0.0,12,3070.555545,-0.8648408509569685,0.0,0
0.000995,12,3070.575945,-0.8390043608946014,0.0,0
0.025548,13,3070.598575,-0.8593623063732962,0.0,0
0.0,12,3070.619498,-0.8222031160243558,0.0,0
0.032293,12,3070.640219,-0.7452946154179568,0.0,0
0.0,12,3070.66222,-0.8168498463820393,0.0,0
0.01139,13,3070.685753,-0.8082682294096257,0.0,0
0.006791,12,3070.707174,-0.8789937607117999,0.0,0
0.000136,13,3070.731894,-0.8397125165106237,0.0,0
0.00082,14,3070.757811,-0.8423415576494774,0.0,0
0.003484,13,3070.782075,-0.8751186681974491,0.0,0
0.003336,12,3070.804943,-0.7512907015975412,0.0,0
0.000554,12,3070.827661,-0.7802965979455178,0.0,0
0.0,13,3070.852746,-0.8630147557139747,0.0,0
0.002699,12,3070.875667,-0.8792083763495113,0.0,0
0.0,12,3070.899083,-0.8478343206765494,0.0,0
0.004788,12,3070.921882,-0.8366393431389387,0.0,0
0.0,13,3070.947402,-0.8117311049984255,0.0,0
0.0,12,3070.970026,-0.8678201263149858,0.0,0
0.003723,12,3070.992505,-0.8329411245773738,0.0,0
0.0,13,3071.018177,-0.9013501698082499,0.0,0
0.003821,13,3071.043283,-0.8371989990704541,0.0,0
0.038142,13,3071.068679,-0.8299043148295241,0.0,0
0.004105,14,3071.096114,-0.7775620076046159,0.0,0
0.006492,13,3071.121087,-0.8666474544290604,0.0,0
0.002776,13,3071.146323,-0.8797102619462306,0.0,0
0.0,12,3071.170024,-0.79696888696116,0.0,0
0.0,13,3071.195337,-0.8316398674558846,0.0,0
0.002701,12,3071.218532,-0.8796803388447562,0.0,0
0.0,12,3071.241261,-0.8764372601686408,0.0,0
0.0,12,3071.264387,-0.8282263851584051,0.0,0
0.0,13,3071.288914,-0.8037411083601304,0.0,0
0.0036,12,3071.312307,-0.8147643680461728,0.0,0
0.001918,14,3071.338652,-0.8352222224537341,0.0,0
0.003212,12,3071.362051,-0.8859073937229082,0.0,0
0.0,12,3071.385035,-0.8017278251585782,0.0,0
0.0,13,3071.409724,-0.8319430893860242,0.0,0
0.03257,12,3071.431654,-0.8587749932753492,0.0,0
0.0,12,3071.941681,-0.8198096562609679,0.0,0
0.00293,11,3071.965397,-0.7335632998350466,0.0,0
0.0,12,3071.991564,-0.7927278719391126,0.0,0
0.025711,14,3072.02334,-0.8502786820816058,0.0,0
0.003607,13,3072.054945,-0.8802905257524904,0.0,0
0.001885,12,3072.085894,-0.8549583468943167,0.0,0
0.004555,13,3072.119248,-0.7594123429977404,0.0,0
0.0,13,3072.152417,-0.8391646370278629,0.0,0
0.003955,12,3072.183078,-0.8747055633836093,0.0,0
0.028742,13,3072.216013,-0.7107504443637217,0.0,0
0.029923,13,3072.248888,-0.7940028786161021,0.0,0
0.003708,12,3072.27895,-0.806629228260294,0.0,0
0.00915,13,3072.312361,-0.8201488554855035,0.0,0
0.006694,12,3072.342622,-0.7828301060411946,0.0,0
0.004603,11,3072.370312,-0.761663338871914,0.0,0
0.0,12,3072.40082,-0.8171155879907097,0.0,0
0.041854,14,3072.436377,-0.7667268393939561,0.0,0
0.003123,13,3072.469446,-0.8108232165527615,0.0,0
0.003312,13,3072.502549,-0.805255035571405,0.0,0
0.0,12,3072.532943,-0.8025546948866968,0.0,0
0.003977,13,3072.56571,-0.7980606927116811,0.0,0
0.0,11,3072.593636,-0.8502514040180488,0.0,0
0.0,12,3072.624039,-0.799629730154694,0.0,0
0.000188,13,3072.656573,-0.8813663429293653,0.0,0
0.003107,12,3072.687924,-0.8044100282834704,0.0,0
0.0,13,3072.72384,-0.7916556693868796,0.0,0
0.0,12,3072.758877,-0.8851602054387695,0.0,0
0.000588,13,3072.798515,-0.7484512908570977,0.0,0
0.0,12,3072.836404,-0.8595319809746028,0.0,0
0.024608,12,3072.874335,-0.8438085513712493,0.0,0
0.03018,13,3072.918158,-0.7960983977898911,0.0,0
0.0,12,3072.958205,-0.8172891481420618,0.0,0
0.0,12,3072.99846,-0.8033828795838474,0.0,0
0.0,11,3073.035361,-0.7743420385151567,0.0,0
0.003848,13,3073.078834,-0.8567573537653018,0.0,0
0.015901,12,3073.120932,-0.8628357482224347,0.0,0
0.003569,12,3073.164063,-0.7677268410068688,0.0,0
0.0,13,3073.210734,-0.8018127295210953,0.0,0
0.008198,12,3073.253805,-0.8111214797475225,0.0,0
0.0,13,3073.293616,-0.7774159100420655,0.0,0
0.000246,13,3073.334132,-0.7686917887725937,0.0,0
0.004271,11,3073.371183,-0.7510128088148936,0.0,0
0.0,12,3073.899299,-0.7978977111637197,0.0,0
0.0,13,3073.920054,-0.8431936636689317,0.0,0
0.000161,12,3073.93957,-0.8631782490910989,0.0,0
0.000976,12,3073.958976,-0.7463238788207449,0.0,0
0.0,13,3073.981997,-0.848503914238332,0.0,0
0.0,12,3074.002578,-0.7780532874766393,0.0,0
0.030163,14,3074.029237,-0.7839702663659611,0.0,0
0.0,12,3074.052297,-0.9019759022268808,0.0,0
0.000541,12,3074.075135,-0.8180457397935722,0.0,0
0.037812,12,3074.103215,-0.7746960112765302,0.0,0
0.00399,13,3074.137494,-0.8325270395912658,0.0,0
0.0,13,3074.17325,-0.7215747207876804,0.0,0
0.001336,13,3074.204198,-0.7859328775646897,0.0,0
0.012581,12,3074.230432,-0.8572123807016618,0.0,0
0.000404,13,3074.257967,-0.7853359624880671,0.0,0
0.0,12,3074.283694,-0.868652872794499,0.0,0
0.010849,12,3074.309437,-0.8281069041464558,0.0,0
0.002012,12,3074.335847,-0.7692095079176821,0.0,0
0.007403,12,3074.3672,-0.781385389764834,0.0,0
0.0,12,3074.400429,-0.8047981866175995,0.0,0
0.01699,13,3074.437916,-0.8002191392013069,0.0,0
0.0,13,3074.477193,-0.8198735594339931,0.0,0
0.004529,13,3074.518588,-0.8270084540687823,0.0,0
0.012309,12,3074.556065,-0.8104238907762576,0.0,0
0.002675,13,3074.599592,-0.8395866944203217,0.0,0
0.004969,12,3074.639816,-0.8071173796285124,0.0,0
0.014674,12,3074.680253,-0.760341317348093,0.0,0
0.0,12,3074.714402,-0.8557175452849289,0.0,0
0.00082,12,3074.748766,-0.8074482110600014,0.0,0
0.0,12,3074.787145,-0.7962172607432777,0.0,0
0.0,13,3074.830292,-0.7881165353775884,0.0,0
0.0,13,3074.87338,-0.7886020555785238,0.0,0
0.0,11,3074.909805,-0.7828075317563912,0.0,0
0.000477,12,3074.949493,-0.842477041195676,0.0,0
0.0,12,3074.989064,-0.8333364883274869,0.0,0
0.002613,13,3075.031997,-0.8509944659851836,0.0,0
0.008614,12,3075.054223,-0.8366763873828357,0.0,0
0.027985,13,3075.08239,-0.8044889365768932,0.0,0
0.004153,12,3075.111443,-0.8341957705156634,0.0,0
0.006976,14,3075.144966,-0.85768615842726,0.0,0
0.0,12,3075.173871,-0.7632158186706045,0.0,0
0.0,13,3075.69626,-0.7939510898086788,0.0,0
0.001424,12,3075.716536,-0.8790562581089446,0.0,0
0.004762,12,3075.736784,-0.8192004833982596,0.0,0
0.00422,12,3075.757178,-0.8017178200952928,0.0,0
0.0,12,3075.778058,-0.8302554047449732,0.0,0
0.005063,13,3075.800156,-0.82343544082679,0.0,0
0.002681,13,3075.821738,-0.7939666055500259,0.0,0
0.003964,12,3075.842484,-0.9128301360619004,0.0,0
0.002294,13,3075.86518,-0.8101932300579542,0.0,0
0.054746,13,3075.886615,-0.7940648817139655,0.0,0
0.0,12,3075.906022,-0.8136612748448188,0.0,0
0.004149,12,3075.925744,-0.8399472940864057,0.0,0
0.0,12,3075.948384,-0.852781424994357,0.0,0
0.0,13,3075.978447,-0.8322535857003905,0.0,0
0.003493,12,3076.005707,-0.8378053620772943,0.0,0
0.0,12,3076.030174,-0.8439297235462829,0.0,0
0.00424,12,3076.053909,-0.7719143330000949,0.0,0
0.000753,12,3076.078319,-0.8952180157522253,0.0,0
0.016885,12,3076.102013,-0.7420987610733021,0.0,0
0.003038,12,3076.125081,-0.8576461540991089,0.0,0
0.0,12,3076.147528,-0.8150847356260856,0.0,0
0.005221,13,3076.170326,-0.7631264402117253,0.0,0
0.000687,13,3076.199367,-0.7733501652175372,0.0,0
0.0,12,3076.230662,-0.8185720875033956,0.0,0
0.003172,14,3076.269411,-0.7731861698488038,0.0,0
0.00233,12,3076.304921,-0.8750091263265698,0.0,0
0.0,12,3076.341416,-0.8538346970378089,0.0,0
0.0,13,3076.382826,-0.8342956289393862,0.0,0
0.000205,12,3076.422338,-0.8655300059964846,0.0,0
0.0,12,3076.462096,-0.781916257076208,0.0,0
0.033927,12,3076.502418,-0.7915904617396726,0.0,0
0.02519,12,3076.542415,-0.7337708553139961,0.0,0
0.0,13,3076.58594,-0.8363824778007188,0.0,0
0.0,12,3076.623841,-0.9082218178236735,0.0,0
9.7e-05,12,3076.664524,-0.8551746856311225,0.0,0
0.000869,12,3076.705018,-0.8068795174331367,0.0,0
0.0,13,3076.748934,-0.7879376591983972,0.0,0
0.0,11,3076.784949,-0.8201803769129805,0.0,0
0.034434,12,3076.826063,-0.81171359242796,0.0,0
0.003412,12,3076.866767,-0.8911300069896267,0.0,0
0.0,12,3076.906967,-0.8193217212609952,0.0,0
0.003392,13,3077.449695,-0.757911695656464,0.0,0
0.013008,13,3077.469682,-0.8079164396747259,0.0,0
0.003856,12,3077.488716,-0.8060977200974991,0.0,0
0.0,13,3077.508855,-0.833146973747522,0.0,0
0.000302,13,3077.529982,-0.7856175436440309,0.0,0
0.003754,13,3077.549975,-0.8763777087827322,0.0,0
0.001254,12,3077.573804,-0.8128026562572033,0.0,0
0.009326,13,3077.605557,-0.8195231763934254,0.0,0
0.0,12,3077.63601,-0.8174238136431192,0.0,0
0.002378,12,3077.662535,-0.8116297656148164,0.0,0
0.001487,13,3077.686048,-0.7339683377024446,0.0,0
0.0,12,3077.70802,-0.7832293299017646,0.0,0
0.005497,13,3077.731225,-0.7916247460352365,0.0,0
0.028836,13,3077.754634,-0.7810408796127977,0.0,0
0.007674,13,3077.77809,-0.7802572391276063,0.0,0
0.001151,12,3077.800229,-0.7953058640405921,0.0,0
0.0,12,3077.827065,-0.7851864450319137,0.0,0
0.0,13,3077.857922,-0.8041634188389495,0.0,0
0.003543,12,3077.887627,-0.7992141341340709,0.0,0
0.035133,14,3077.92474,-0.7764672305785647,0.0,0
0.011042,13,3077.961351,-0.8044564170515625,0.0,0
0.0,12,3077.996827,-0.7959626969334327,0.0,0
0.010903,12,3078.034827,-0.8026155591143754,0.0,0
0.0,12,3078.073056,-0.7641288250786259,0.0,0
0.013616,12,3078.113005,-0.7365042115649564,0.0,0
0.000321,12,3078.153312,-0.8527340137587084,0.0,0
0.001745,12,3078.193522,-0.7769013337815318,0.0,0
0.007705,12,3078.235306,-0.8037535092642093,0.0,0
0.0,12,3078.278725,-0.7463414197646497,0.0,0
0.0,12,3078.32185,-0.7700807973957055,0.0,0
0.005428,12,3078.365178,-0.7457870361285729,0.0,0
0.051562,13,3078.412289,-0.8208769837559128,0.0,0
0.000182,13,3078.45981,-0.794987508366003,0.0,0
0.001969,13,3078.506796,-0.7806606007158772,0.0,0
0.001075,12,3078.550167,-0.818174132164341,0.0,0
0.0,12,3078.593555,-0.8447551231029857,0.0,0
0.0,13,3078.639964,-0.7783632741436198,0.0,0
0.0,12,3078.682662,-0.8470234280843126,0.0,0
0.004573,13,3078.729487,-0.7986380443576488,0.0,0
0.008872,12,3078.770494,-0.8299911003808067,0.0,0
0.02435,13,3078.817898,-0.7579167439658836,0.0,0
0.0,13,3079.367263,-0.7546585413691173,0.0,0
0.0,12,3079.386817,-0.8302913167664918,0.0,0
0.004602,12,3079.406708,-0.8004559359697271,0.0,0
0.016247,13,3079.428052,-0.740659175969944,0.0,0
0.014398,13,3079.450035,-0.8262259448571734,0.0,0
0.017542,12,3079.470303,-0.7816399021926353,0.0,0
0.036548,12,3079.490858,-0.8005890265518049,0.0,0
0.0,12,3079.511085,-0.8722816314033361,0.0,0
0.001322,13,3079.533548,-0.7375027399172547,0.0,0
0.039003,13,3079.554711,-0.8033010784370973,0.0,0
0.04477,13,3079.575521,-0.7346794175507882,0.0,0
0.00141,13,3079.595597,-0.7581739680298741,0.0,0
0.002482,12,3079.613936,-0.7968057352750512,0.0,0
0.015486,13,3079.633752,-0.8063445088769778,0.0,0
0.001182,12,3079.652671,-0.7410258923974561,0.0,0
0.0,12,3079.67149,-0.8934458546148222,0.0,0
0.004164,12,3079.694125,-0.8129251772313,0.0,0
0.002688,13,3079.722918,-0.8074562043169039,0.0,0
0.0,13,3079.748086,-0.7957723807733063,0.0,0
0.043387,13,3079.773279,-0.779773861549925,0.0,0
0.037212,13,3079.799476,-0.8298048471054362,0.0,0
0.0,13,3079.825398,-0.804322682170194,0.0,0
0.003142,12,3079.849645,-0.8087841646075012,0.0,0
0.0,12,3079.873514,-0.8057972797082896,0.0,0
0.023385,13,3079.899543,-0.8147312567127443,0.0,0
0.0,12,3079.924774,-0.8959495505919097,0.0,0
0.028732,12,3079.952844,-0.8423618678439297,0.0,0
0.004458,14,3079.988381,-0.8532740391975115,0.0,0
0.032514,13,3080.018282,-0.8514638111232364,0.0,0
0.005021,13,3080.048356,-0.8413000104233644,0.0,0
2.6e-05,14,3080.082238,-0.7655579079247316,0.0,0
0.0,12,3080.112162,-0.8361180259018799,0.0,0
0.024037,13,3080.144026,-0.7842842744043123,0.0,0
0.003427,12,3080.173349,-0.8084089897775811,0.0,0
0.003682,13,3080.205152,-0.8126854831261925,0.0,0
0.0,14,3080.239397,-0.7808266394971386,0.0,0
0.000857,12,3080.268759,-0.7777593887343728,0.0,0
0.002209,12,3080.298139,-0.809420032452403,0.0,0
0.0,13,3080.32993,-0.8683075336464603,0.0,0
0.001705,13,3080.36168,-0.8705712940414653,0.0,0
0.025851,12,3080.39107,-0.7860692633886784,0.0,0
0.001326,12,3080.896351,-0.7911465314858644,0.0,0
0.00049,12,3080.915986,-0.821906209780263,0.0,0
0.002465,12,3080.935023,-0.7822994932652448,0.0,0
0.0,12,3080.956349,-0.7942891075673882,0.0,0
0.0,13,3080.979169,-0.7962383806069185,0.0,0
0.000677,12,3081.000069,-0.7439923874169209,0.0,0
0.00473,12,3081.020393,-0.8385813223674067,0.0,0
0.0,12,3081.040672,-0.8266349685850313,0.0,0
0.007193,12,3081.060944,-0.780823030567398,0.0,0
0.0,13,3081.082983,-0.7662607924570982,0.0,0
0.0,13,3081.101852,-0.8650574259375552,0.0,0
0.008484,12,3081.118884,-0.7921125036821535,0.0,0
0.0,13,3081.139302,-0.7920744398029412,0.0,0
0.0,12,3081.162039,-0.7968158651763436,0.0,0
0.001863,12,3081.189121,-0.7784430800834038,0.0,0
0.003964,13,3081.22089,-0.79663729131871,0.0,0
0.029332,14,3081.257583,-0.7404743855423024,0.0,0
0.018577,13,3081.293671,-0.7918403089466819,0.0,0
0.000677,12,3081.329445,-0.8216693273502117,0.0,0
0.001533,13,3081.3698,-0.8062631246317858,0.0,0
0.00011,13,3081.410773,-0.7920203581616011,0.0,0
0.003953,12,3081.450128,-0.8489533361692002,0.0,0
0.018332,13,3081.493153,-0.7744994915084277,0.0,0
0.006147,13,3081.536159,-0.835005209644002,0.0,0
0.002091,12,3081.575808,-0.8052618848129556,0.0,0
0.002125,12,3081.615719,-0.8156432856753164,0.0,0
0.00098,12,3081.65582,-0.7892449373942263,0.0,0
0.0,13,3081.699154,-0.8396505556793228,0.0,0
0.00353,13,3081.742393,-0.8155021485574394,0.0,0
0.003662,13,3081.782871,-0.8061695629328619,0.0,0
0.016125,12,3081.82272,-0.8397285443174758,0.0,0
0.019368,12,3081.862468,-0.8435880993136916,0.0,0
0.0,13,3081.905856,-0.8127496432504167,0.0,0
0.004208,12,3081.945762,-0.7695265466082879,0.0,0
0.0,13,3081.989244,-0.8181683111207944,0.0,0
0.0,12,3082.02931,-0.9050517688025501,0.0,0
0.001533,12,3082.070804,-0.8248799106431288,0.0,0
0.027762,13,3082.116967,-0.796459550719118,0.0,0
0.0,12,3082.159968,-0.8969552985924123,0.0,0
0.001573,12,3082.202825,-0.7748619279125851,0.0,0
0.010451,14,3082.252972,-0.7554891784046395,0.0,0
0.006019,12,3082.833546,-0.8520074394545292,0.0,0
0.032214,12,3082.852348,-0.8416912987995578,0.0,0
0.0,12,3082.871454,-0.807118543250634,0.0,0
0.0,12,3082.889709,-0.7927903896477018,0.0,0
0.020475,12,3082.908079,-0.8072462676200645,0.0,0
0.0,12,3082.926878,-0.7649734281319499,0.0,0
0.003438,12,3082.9469,-0.8085008355118294,0.0,0
0.008411,13,3082.972923,-0.8281009142301622,0.0,0
0.032413,12,3082.999962,-0.7746365808093626,0.0,0
0.0,12,3083.027436,-0.8865424234996988,0.0,0
0.0,12,3083.05305,-0.8616436798118692,0.0,0
0.043553,12,3083.079278,-0.7961833411762207,0.0,0
0.00139,12,3083.105065,-0.8920366017912872,0.0,0
0.003988,14,3083.131901,-0.7982124041892442,0.0,0
0.00404,12,3083.157478,-0.7816141531720064,0.0,0
0.0,13,3083.186201,-0.7874614829341119,0.0,0
0.001745,13,3083.213655,-0.8102249738336194,0.0,0
0.0,12,3083.237802,-0.8421412285637615,0.0,0
0.0,13,3083.264085,-0.856800190250423,0.0,0
0.014126,12,3083.290339,-0.737206838261503,0.0,0
0.013051,13,3083.324488,-0.7743736530944071,0.0,0
0.00106,12,3083.358286,-0.8333146916375228,0.0,0
0.032981,13,3083.396531,-0.8257741786375464,0.0,0
0.003105,12,3083.433037,-0.8244674088976334,0.0,0
0.0,12,3083.471288,-0.8706732882123055,0.0,0
0.043278,13,3083.513001,-0.8113799004104136,0.0,0
0.000336,12,3083.552818,-0.8537396676980992,0.0,0
0.025106,12,3083.592733,-0.8243220037000956,0.0,0
0.019074,13,3083.63624,-0.8331142373764362,0.0,0
0.009203,12,3083.676144,-0.8430755936120288,0.0,0
0.000946,12,3083.716436,-0.7747617797949904,0.0,0
0.0,13,3083.7606,-0.8000286631953397,0.0,0
0.001048,12,3083.803292,-0.791023264024302,0.0,0
0.001362,11,3083.84274,-0.8464377257358698,0.0,0
0.008777,14,3083.892992,-0.7875029459414441,0.0,0
0.0,13,3083.939732,-0.828296152346974,0.0,0
0.0,13,3083.986383,-0.8368661309863668,0.0,0
0.02465,13,3084.032787,-0.8018481397763255,0.0,0
0.0,12,3084.075753,-0.8547881613339902,0.0,0
0.019655,12,3084.11892,-0.8177573883551065,0.0,0
0.0,12,3084.162302,-0.7600921373517684,0.0,0
0.0,11,3084.715083,-0.8185858889555213,0.0,0
0.0,12,3084.734021,-0.7600930111248723,0.0,0
0.0,13,3084.754522,-0.8418988983649701,0.0,0
0.00484,14,3084.77794,-0.7975978355843639,0.0,0
0.008023,13,3084.801809,-0.7840772366698303,0.0,0
0.001607,12,3084.824667,-0.7880311491944586,0.0,0
0.002136,12,3084.84736,-0.7964078298669123,0.0,0
0.001269,12,3084.870685,-0.8299247040440724,0.0,0
0.011868,12,3084.89379,-0.8255221389034485,0.0,0
0.0,12,3084.920364,-0.8365978220890419,0.0,0
0.003189,12,3084.950458,-0.7919187396542433,0.0,0
0.000831,12,3084.980848,-0.7740980013826271,0.0,0
0.003661,12,3085.010768,-0.831029131054063,0.0,0
0.000241,11,3085.038585,-0.8166343799694589,0.0,0
0.0,13,3085.071229,-0.8485265772270646,0.0,0
0.017959,12,3085.101311,-0.8109039282088512,0.0,0
0.0,13,3085.133752,-0.8613430795808938,0.0,0
0.002725,12,3085.16321,-0.8328835976424426,0.0,0
0.000544,13,3085.197531,-0.7949810421844382,0.0,0
0.006899,13,3085.235176,-0.7753919885205852,0.0,0
0.000132,13,3085.273438,-0.8162943953676478,0.0,0
0.021549,12,3085.310746,-0.8455216636625029,0.0,0
0.004497,12,3085.348605,-0.8237240333815028,0.0,0
0.007206,13,3085.391723,-0.8541274516986429,0.0,0
0.0,13,3085.435258,-0.780594816289239,0.0,0
0.027873,13,3085.478505,-0.7425386287957885,0.0,0
0.0,12,3085.518645,-0.8266759492764527,0.0,0
0.00474,11,3085.555495,-0.8396316017639525,0.0,0
0.002787,12,3085.595599,-0.8486709418865814,0.0,0
0.000994,12,3085.636549,-0.8293739220886892,0.0,0
0.012957,13,3085.682334,-0.7983349051625699,0.0,0
0.0,13,3085.728874,-0.7691083244579716,0.0,0
0.002849,12,3085.772081,-0.8130547370949919,0.0,0
0.004172,11,3085.811707,-0.73916612437826,0.0,0
0.021767,13,3085.858335,-0.8611707756384764,0.0,0
0.0,12,3085.901449,-0.7370590957070513,0.0,0
0.000762,12,3085.944613,-0.7971305793558052,0.0,0
0.003716,12,3085.988371,-0.8245486502344281,0.0,0
0.011331,14,3086.039012,-0.8804167919211526,0.0,0
0.0,11,3086.078483,-0.8116857903779827,0.0,0
0.0,12,3086.121781,-0.7509393012528528,0.0,0
0.0016,12,3086.164989,-0.8250367877213867,0.0,0
0.0,12,3086.695491,-0.822336721292204,0.0,0
0.004857,12,3086.718023,-0.6981402335605592,0.0,0
0.036003,13,3086.7431,-0.7796128088610522,0.0,0
0.000912,11,3086.764133,-0.7867910182754702,0.0,0
0.001832,12,3086.787317,-0.7807098199183131,0.0,0
0.018756,12,3086.810463,-0.8400005047821797,0.0,0
0.00218,13,3086.835499,-0.7462322330786956,0.0,0
0.028677,13,3086.860071,-0.8496610394234484,0.0,0
0.002277,14,3086.887152,-0.7840177019556389,0.0,0
0.003914,12,3086.908655,-0.7599295033720704,0.0,0
0.001857,12,3086.930153,-0.9095639630694308,0.0,0
0.007971,12,3086.951583,-0.7671656481514328,0.0,0
0.0,11,3086.971385,-0.844414409383011,0.0,0
0.0,11,3086.990914,-0.7808883566152415,0.0,0
0.0,12,3087.012428,-0.8396609211438114,0.0,0
0.002295,11,3087.032572,-0.7952573506648136,0.0,0
0.0,12,3087.061599,-0.8446021951243695,0.0,0
0.0,12,3087.09229,-0.7339355607883876,0.0,0
0.0,12,3087.118198,-0.8725188213704841,0.0,0
0.002051,12,3087.147242,-0.8008207689624148,0.0,0
0.0,13,3087.181151,-0.7796675968597222,0.0,0
0.0,13,3087.217995,-0.8040672042260572,0.0,0
0.0,12,3087.254027,-0.7812250173208662,0.0,0
0.0,12,3087.290621,-0.7966573350717011,0.0,0
0.002192,13,3087.331651,-0.7865217618140308,0.0,0
0.0,12,3087.369994,-0.8514135938488426,0.0,0
0.0051,13,3087.413572,-0.8274075116256139,0.0,0
0.0,12,3087.453874,-0.7888032389554983,0.0,0
0.0,12,3087.494174,-0.7958465006536796,0.0,0
0.0,12,3087.534398,-0.7834377007957574,0.0,0
0.0,12,3087.574933,-0.7590830365721407,0.0,0
0.02821,13,3087.619738,-0.8021447040780836,0.0,0
0.002873,12,3087.66323,-0.8077676952956867,0.0,0
0.003648,12,3087.706505,-0.8314602791547749,0.0,0
0.013279,14,3087.75719,-0.7912407357701643,0.0,0
0.000305,12,3087.800517,-0.8379883150245271,0.0,0
0.008669,13,3087.851073,-0.8533422752799708,0.0,0
0.004043,13,3087.898044,-0.8245968732034095,0.0,0
0.0,12,3087.941391,-0.8156865420913051,0.0,0
0.0,13,3087.9882,-0.8122901819692847,0.0,0
0.022551,13,3088.035689,-0.7730830573479704,0.0,0
0.0,12,3088.079024,-0.8125565395159765,0.0,0
0.002582,13,3088.610072,-0.7914402117250153,0.0,0
0.004244,13,3088.63158,-0.7765866335690408,0.0,0
0.0,12,3088.650846,-0.8066950878192094,0.0,0
0.002647,12,3088.673553,-0.7425393934833738,0.0,0
0.004183,12,3088.698838,-0.7701898345002168,0.0,0
0.0,13,3088.724065,-0.8710584725382845,0.0,0
0.000309,12,3088.747238,-0.8336091350873951,0.0,0
0.00966,12,3088.770216,-0.7429940808033908,0.0,0
0.0,13,3088.795126,-0.7907955016266306,0.0,0
0.0,13,3088.820132,-0.8482185885303517,0.0,0
0.0,13,3088.841917,-0.8222149705017238,0.0,0
0.048496,14,3088.865103,-0.7742688131227078,0.0,0
0.004407,12,3088.884532,-0.7681766216959139,0.0,0
0.020127,12,3088.908152,-0.8581415763620502,0.0,0
0.005483,14,3088.936692,-0.8403659146293174,0.0,0
0.0,12,3088.961873,-0.8003171850955121,0.0,0
0.0,12,3088.990459,-0.765044667315806,0.0,0
0.038116,13,3089.02528,-0.7723099830717869,0.0,0
0.003106,12,3089.059116,-0.8630271990638378,0.0,0
0.002743,13,3089.097731,-0.7809611758976811,0.0,0
0.004251,14,3089.141879,-0.7847045922872687,0.0,0
0.059301,13,3089.182736,-0.7587315237142441,0.0,0
0.01601,13,3089.225988,-0.763336927663398,0.0,0
0.0,12,3089.26594,-0.8324108696669411,0.0,0
0.034875,14,3089.312789,-0.7687685095206743,0.0,0
0.016798,13,3089.356448,-0.8393809207770953,0.0,0
0.0,12,3089.396634,-0.8385970704283281,0.0,0
0.003153,13,3089.440405,-0.7529867046804917,0.0,0
0.004859,13,3089.483884,-0.8225946868974061,0.0,0
0.0,12,3089.523269,-0.8934729089853535,0.0,0
0.028759,14,3089.561017,-0.7667534902149988,0.0,0
0.002907,14,3089.595897,-0.7946136791842733,0.0,0
0.004035,13,3089.627225,-0.7583056015944585,0.0,0
0.0,12,3089.654456,-0.8526095788319263,0.0,0
0.002062,13,3089.683495,-0.8642450699116586,0.0,0
0.031585,14,3089.713611,-0.7323913350180402,0.0,0
0.000522,12,3089.739601,-0.8233460268654113,0.0,0
0.0,13,3089.766541,-0.8460923348865289,0.0,0
0.0,12,3089.79142,-0.7845821032143176,0.0,0
0.0,13,3089.818398,-0.7968430012110022,0.0,0
0.000486,13,3090.321931,-0.83402108277163,0.0,0
0.003043,13,3090.343034,-0.8554576638453119,0.0,0
0.000254,12,3090.36217,-0.8385973236523445,0.0,0
0.0,12,3090.382081,-0.7884300874200586,0.0,0
0.004044,13,3090.403407,-0.7969282782340246,0.0,0
0.061519,13,3090.424887,-0.8239490220622709,0.0,0
0.0,13,3090.447651,-0.8167040972396031,0.0,0
0.0,13,3090.470063,-0.8732893815617787,0.0,0
0.001484,12,3090.491127,-0.7804550309601749,0.0,0
0.0,13,3090.513702,-0.8425273752277902,0.0,0
0.0,13,3090.536984,-0.822248264044453,0.0,0
0.0,12,3090.559901,-0.8718917630474539,0.0,0
0.000747,12,3090.582884,-0.7537893880052067,0.0,0
0.003484,13,3090.607947,-0.8018046090031382,0.0,0
0.028732,13,3090.632009,-0.8256635584250763,0.0,0
0.001667,12,3090.654741,-0.7988260441604664,0.0,0
0.022181,12,3090.677765,-0.7937225384017599,0.0,0
0.002089,13,3090.703287,-0.8130926175696416,0.0,0
0.002285,12,3090.727385,-0.7957011952029565,0.0,0
0.000936,13,3090.753413,-0.8068009666445439,0.0,0
0.0,12,3090.778793,-0.8271132638449578,0.0,0
0.008088,12,3090.804431,-0.8300132591827569,0.0,0
0.004488,12,3090.830065,-0.939741182195867,0.0,0
0.001878,12,3090.855891,-0.8967968211295019,0.0,0
0.009026,13,3090.883664,-0.846277874314123,0.0,0
0.037147,13,3090.911618,-0.8206336966233212,0.0,0
0.0,12,3090.937369,-0.8437201587757639,0.0,0
0.003274,12,3090.963162,-0.7842362023229315,0.0,0
0.026372,13,3090.991333,-0.7623507003208742,0.0,0
0.004855,12,3091.016937,-0.8386124464351065,0.0,0
0.021407,12,3091.042669,-0.8413995794354476,0.0,0
0.003713,12,3091.068344,-0.8012787188095802,0.0,0
0.0,12,3091.094104,-0.8895268508631153,0.0,0
0.0,13,3091.122164,-0.7701004046864784,0.0,0
0.004481,12,3091.149563,-0.8796234053716295,0.0,0
0.000554,12,3091.177013,-0.8344169546548039,0.0,0
0.0,13,3091.206815,-0.8830919845304629,0.0,0
0.0,14,3091.238909,-0.8196862003232711,0.0,0
0.023781,13,3091.269076,-0.7871579845323289,0.0,0
0.0,13,3091.300259,-0.7760835070688078,0.0,0
0.008852,12,3091.329143,-0.7654217401531285,0.0,0
0.002305,12,3091.833421,-0.8825995222932611,0.0,0
0.0,12,3091.852509,-0.8941958436562476,0.0,0
0.032005,13,3091.874071,-0.8302511594835461,0.0,0
0.045705,12,3091.899098,-0.7997961510531989,0.0,0
0.0,13,3091.92909,-0.878981834770539,0.0,0
0.003946,13,3091.958848,-0.8188713445657652,0.0,0
0.0025,13,3091.988691,-0.8484216191686053,0.0,0
0.027146,12,3092.016017,-0.7501209379252727,0.0,0
0.000803,12,3092.037146,-0.8223519033767003,0.0,0
0.022957,14,3092.062786,-0.7670244657018302,0.0,0
0.0,12,3092.085021,-0.809481823741135,0.0,0
0.003354,12,3092.107214,-0.7772748561774979,0.0,0
0.0,13,3092.13142,-0.8298570754647981,0.0,0
0.0,12,3092.153868,-0.8447470939898228,0.0,0
0.0,13,3092.179887,-0.8079473564880899,0.0,0
0.004312,13,3092.210718,-0.9030396580968626,0.0,0
0.0,12,3092.242153,-0.7563264220284095,0.0,0
0.02634,12,3092.275405,-0.8567366329467818,0.0,0
0.024322,12,3092.310014,-0.8527636864300181,0.0,0
0.025907,13,3092.349229,-0.7904712021076579,0.0,0
0.046153,12,3092.386991,-0.7870294902206647,0.0,0
0.001334,13,3092.42853,-0.8846407533649457,0.0,0
0.021404,12,3092.468446,-0.7818003259603973,0.0,0
0.0,12,3092.509261,-0.9418738732714448,0.0,0
0.0,12,3092.549163,-0.8747171365136825,0.0,0
0.0,13,3092.593148,-0.8539424650452213,0.0,0
0.007275,12,3092.634099,-0.7391488273458489,0.0,0
0.04396,13,3092.680887,-0.8321398022534002,0.0,0
0.0,14,3092.733475,-0.7481020840520242,0.0,0
0.001131,13,3092.783301,-0.7792327957974476,0.0,0
0.001899,13,3092.833158,-0.8786686253191665,0.0,0
0.014272,14,3092.886809,-0.7885623583744864,0.0,0
0.004792,13,3092.936488,-0.807220174046225,0.0,0
0.0,12,3092.98313,-0.8595943783924034,0.0,0
0.012171,13,3093.032678,-0.7534784130098979,0.0,0
0.0014,12,3093.079324,-0.7533961899327194,0.0,0
0.001644,12,3093.125488,-0.8995398825054974,0.0,0
0.0,12,3093.17101,-0.8498298410456373,0.0,0
0.013992,13,3093.217907,-0.8001990565485068,0.0,0
0.03123,12,3093.260777,-0.8385146406576589,0.0,0
0.001088,12,3093.304025,-0.8494897113627025,0.0,0
0.0,12,3093.822329,-0.8396777592040102,0.0,0
0.0,13,3093.842633,-0.8435904368063631,0.0,0
0.000906,12,3093.860989,-0.8741753419504269,0.0,0
0.0,13,3093.881564,-0.8239002291326679,0.0,0
0.0,12,3093.90105,-0.8474612828384699,0.0,0
0.002866,13,3093.922161,-0.825153120751783,0.0,0
0.0,12,3093.941458,-0.8242874821777931,0.0,0
0.006082,12,3093.961124,-0.7966408406086328,0.0,0
0.001945,12,3093.98138,-0.8542915851116996,0.0,0
0.001379,12,3094.003264,-0.8215892897194096,0.0,0
0.0,12,3094.02258,-0.832564546477412,0.0,0
9e-06,13,3094.043266,-0.8421004737828497,0.0,0
0.0,12,3094.062206,-0.8051743338585492,0.0,0
0.0,13,3094.083514,-0.8286943635840842,0.0,0
0.003423,12,3094.10441,-0.8636896778099665,0.0,0
0.0,13,3094.127153,-0.8262132418314175,0.0,0
0.0,13,3094.150287,-0.8571148346803317,0.0,0
0.005145,13,3094.17392,-0.7650521416167269,0.0,0
0.0,13,3094.197744,-0.8322143098868731,0.0,0
0.001536,12,3094.219934,-0.8121902316021778,0.0,0
0.0,12,3094.242068,-0.8209531928051346,0.0,0
0.002398,13,3094.266161,-0.8068442363158943,0.0,0
0.002909,13,3094.290393,-0.7997036890144428,0.0,0
0.004361,12,3094.313004,-0.8311620466505554,0.0,0
0.002558,12,3094.335832,-0.7890363347120904,0.0,0
0.0,12,3094.358666,-0.8002609034870293,0.0,0
0.01088,12,3094.381542,-0.8434097065264521,0.0,0
0.051143,12,3094.404286,-0.8725434408741104,0.0,0
0.000637,13,3094.429305,-0.7642255572195767,0.0,0
0.042243,13,3094.454099,-0.7879856346348258,0.0,0
0.003682,13,3094.478729,-0.8275544080894137,0.0,0
0.028683,12,3094.501549,-0.8341966341673676,0.0,0
0.008538,15,3094.530533,-0.75650182835981,0.0,0
0.0,13,3094.555213,-0.7735156115078129,0.0,0
0.001128,12,3094.578285,-0.8166369716354404,0.0,0
0.0,13,3094.60346,-0.7966928073583378,0.0,0
0.001936,12,3094.626542,-0.8290980888392757,0.0,0
0.03749,12,3094.649437,-0.8108555249130414,0.0,0
0.005705,12,3094.672493,-0.8970427103787382,0.0,0
0.016404,13,3094.697507,-0.7626264726185494,0.0,0
0.009634,13,3095.259356,-0.8326083321390023,0.0,0
0.002406,13,3095.280483,-0.8221682425518486,0.0,0
0.000169,13,3095.302097,-0.771911943689756,0.0,0
0.025681,14,3095.324919,-0.7985109679329891,0.0,0
0.018054,13,3095.346213,-0.8352403594047292,0.0,0
0.0,12,3095.366408,-0.783964739118305,0.0,0
0.010952,12,3095.386981,-0.7884804417412732,0.0,0
0.003358,12,3095.407651,-0.7783543123421766,0.0,0
0.0,13,3095.43049,-0.8811823527151886,0.0,0
0.000656,11,3095.449609,-0.85110544170011,0.0,0
0.0,12,3095.470886,-0.8176262382605393,0.0,0
0.0,12,3095.492903,-0.8248603432905005,0.0,0
0.002705,13,3095.517003,-0.7698891872937801,0.0,0
0.0,14,3095.543073,-0.8318134343168123,0.0,0
0.0,13,3095.567192,-0.7751494155152474,0.0,0
0.00103,12,3095.589397,-0.8576332704347073,0.0,0
0.004138,12,3095.612216,-0.8773087136188418,0.0,0
0.0,12,3095.635376,-0.8601076947929929,0.0,0
0.003869,13,3095.660284,-0.7494076267751042,0.0,0
0.001629,13,3095.689991,-0.8118109845319023,0.0,0
0.0,12,3095.718061,-0.7826285349832002,0.0,0
0.001489,12,3095.748107,-0.8165143571254264,0.0,0
0.009247,12,3095.778302,-0.8104087969224447,0.0,0
0.013408,13,3095.806826,-0.845128746559536,0.0,0
0.022875,12,3095.832507,-0.8515321923437752,0.0,0
0.003334,14,3095.861659,-0.8603255504020642,0.0,0
0.0,13,3095.88875,-0.8496252402828026,0.0,0
0.004733,12,3095.913649,-0.859648558445018,0.0,0
0.00382,14,3095.943276,-0.7422505780797546,0.0,0
0.027811,13,3095.970135,-0.8071938834718659,0.0,0
0.0,12,3095.995031,-0.8279737278490087,0.0,0
0.004661,13,3096.022053,-0.8616352745713112,0.0,0
0.0,13,3096.048927,-0.8690922033498228,0.0,0
0.0,12,3096.073948,-0.7906682778808739,0.0,0
0.0,11,3096.096779,-0.810373163196371,0.0,0
0.012984,12,3096.120542,-0.7895291728248867,0.0,0
0.0,12,3096.144571,-0.7895901636183217,0.0,0
4.5e-05,12,3096.168363,-0.7561608883064413,0.0,0
0.0,13,3096.19423,-0.7684751173026566,0.0,0
0.0,13,3096.219856,-0.8150937691159448,0.0,0
0.013588,13,3096.245783,-0.8081615203725669,0.0,0
0.0,14,3096.775158,-0.7940623773956755,0.0,0
0.002464,12,3096.793725,-0.8053274433081127,0.0,0
0.0,15,3096.817505,-0.7882113876895626,0.0,0
0.002402,12,3096.836488,-0.8172366584260208,0.0,0
0.002508,13,3096.858184,-0.8340373454436968,0.0,0
0.000854,14,3096.8807,-0.7489566620620108,0.0,0
0.012813,12,3096.899755,-0.77892764767435,0.0,0
0.002159,12,3096.919433,-0.8403465975753166,0.0,0
0.0,13,3096.941376,-0.824390415696882,0.0,0
0.010759,12,3096.963202,-0.8337100961426518,0.0,0
0.001309,12,3096.982369,-0.8516320697413415,0.0,0
0.000115,12,3097.001118,-0.8484839676824159,0.0,0
0.01509,12,3097.020272,-0.8001121553751037,0.0,0
0.00492,12,3097.039378,-0.8349778443913543,0.0,0
0.022318,12,3097.058495,-0.8098356108877588,0.0,0
0.001943,11,3097.074963,-0.8133465506737668,0.0,0
0.000167,11,3097.091986,-0.7985777364428489,0.0,0
0.0,12,3097.113969,-0.8431437778962804,0.0,0
0.0,14,3097.14221,-0.8133644807052396,0.0,0
0.0,13,3097.170213,-0.8486166566307575,0.0,0
0.001341,12,3097.196318,-0.7839621731418872,0.0,0
0.002244,13,3097.228076,-0.7822177564508509,0.0,0
0.0,13,3097.262791,-0.826488055627319,0.0,0
0.003912,12,3097.296738,-0.7970392663748308,0.0,0
0.001806,13,3097.335314,-0.7576231659869713,0.0,0
0.001837,12,3097.37306,-0.8397250525630642,0.0,0
0.007017,14,3097.416966,-0.7506049162727093,0.0,0
0.0,12,3097.456397,-0.8824841140839428,0.0,0
0.016498,13,3097.499606,-0.8637230089985827,0.0,0
0.000261,13,3097.543074,-0.7530062525202539,0.0,0
0.026055,12,3097.583054,-0.9001776565947384,0.0,0
0.025264,11,3097.619455,-0.8019130096265309,0.0,0
0.0,14,3097.666153,-0.7400879449819331,0.0,0
0.0,12,3097.706117,-0.8759782646319749,0.0,0
0.019847,12,3097.745977,-0.8074072269479751,0.0,0
0.0,13,3097.789166,-0.8470963736558342,0.0,0
0.003769,12,3097.829136,-0.8709872903925219,0.0,0
0.024638,13,3097.872339,-0.8256775345061239,0.0,0
0.0,12,3097.912361,-0.8433619425339628,0.0,0
9e-06,13,3097.956079,-0.7903135542694099,0.0,0
0.0,12,3097.99597,-0.8339953694835062,0.0,0
0.0,13,3098.52106,-0.7949409641224686,0.0,0
0.009938,13,3098.541634,-0.8030407880803864,0.0,0
0.017773,13,3098.56224,-0.7827705039383357,0.0,0
0.033372,12,3098.582001,-0.8218842894135834,0.0,0
0.054228,13,3098.604306,-0.7287863792160778,0.0,0
0.017181,12,3098.624571,-0.8008465832826769,0.0,0
0.002691,12,3098.644941,-0.7899002274817882,0.0,0
2.4e-05,12,3098.665113,-0.8154808288060348,0.0,0
0.0,12,3098.68585,-0.8213932947484259,0.0,0
0.003061,12,3098.706216,-0.883558694291169,0.0,0
0.0,13,3098.72512,-0.8125425893302454,0.0,0
0.002038,13,3098.743826,-0.7939200406447725,0.0,0
0.031813,12,3098.760514,-0.8096932694713455,0.0,0
0.0,12,3098.777784,-0.7695553306994368,0.0,0
0.0,12,3098.796971,-0.8667966460487441,0.0,0
0.0,12,3098.820512,-0.8293260474813722,0.0,0
0.002158,12,3098.846456,-0.7719602570618977,0.0,0
0.003796,13,3098.875819,-0.8078253625090782,0.0,0
0.002235,12,3098.906038,-0.8392419608779432,0.0,0
0.0,13,3098.941037,-0.8198313204154318,0.0,0
0.0,12,3098.97531,-0.8289682974167228,0.0,0
0.0,14,3099.021444,-0.7749346177010904,0.0,0
0.002142,12,3099.059094,-0.776362846983635,0.0,0
0.0,12,3099.097021,-0.7932096956660921,0.0,0
0.000748,14,3099.144142,-0.8624425053488283,0.0,0
0.002365,12,3099.184389,-0.8631278077456305,0.0,0
0.0,13,3099.227968,-0.7913505428208271,0.0,0
0.004227,12,3099.268054,-0.8177173286760764,0.0,0
0.012441,12,3099.308514,-0.8170647741720298,0.0,0
0.00434,12,3099.348443,-0.8360997164771788,0.0,0
0.0,13,3099.391725,-0.8553556852405213,0.0,0
0.021391,13,3099.435091,-0.7666467807070642,0.0,0
0.067256,12,3099.475275,-0.7912926165698219,0.0,0
0.0,14,3099.525443,-0.7696522580011328,0.0,0
0.0,11,3099.562048,-0.76187639029162,0.0,0
0.044927,13,3099.60572,-0.8117590700370323,0.0,0
0.0,13,3099.649268,-0.8445586756514979,0.0,0
0.0,13,3099.692822,-0.8083365960532678,0.0,0
0.0,12,3099.733375,-0.8446949857621302,0.0,0
0.028775,13,3099.778176,-0.7799984870311176,0.0,0
0.004249,13,3099.82506,-0.8642245596210286,0.0,0
0.0,13,3100.357402,-0.8206744494308362,0.0,0
0.000414,12,3100.375895,-0.81646957694112,0.0,0
0.0,12,3100.394685,-0.8246642441975863,0.0,0
0.0,13,3100.415135,-0.9055738069435301,0.0,0
0.002101,12,3100.434357,-0.8515095737542757,0.0,0
0.002214,12,3100.454149,-0.8194445077829272,0.0,0
0.001176,12,3100.474108,-0.9352994080879515,0.0,0
0.0,12,3100.494241,-0.8506787558560249,0.0,0
0.001831,13,3100.516715,-0.8691354649914135,0.0,0
0.001478,12,3100.537611,-0.9145194079224557,0.0,0
0.021516,12,3100.558198,-0.7819534060524506,0.0,0
0.02202,13,3100.581172,-0.8264323120731651,0.0,0
0.000562,12,3100.602422,-0.8763524839272949,0.0,0
0.0,12,3100.623764,-0.7775374771740228,0.0,0
0.0,12,3100.645882,-0.831115489255196,0.0,0
0.0,13,3100.6699,-0.8567661253123644,0.0,0
0.001093,12,3100.691912,-0.8724016521517112,0.0,0
0.027882,13,3100.715718,-0.8325305614020599,0.0,0
0.0,11,3100.736003,-0.7726651665344793,0.0,0
3.9e-05,12,3100.75956,-0.9077269208364181,0.0,0
0.003962,13,3100.788032,-0.8217438961084471,0.0,0
0.034875,12,3100.819132,-0.7934674306027661,0.0,0
0.0,13,3100.85499,-0.9069028305818482,0.0,0
0.029678,12,3100.889804,-0.7907483898218658,0.0,0
0.004203,14,3100.932527,-0.7693073244646059,0.0,0
0.02316,11,3100.967462,-0.7516300451869288,0.0,0
0.034672,13,3101.010179,-0.7851228321139105,0.0,0
0.000747,12,3101.050314,-0.8891693231966997,0.0,0
0.012597,13,3101.094691,-0.7699468754832146,0.0,0
0.0,12,3101.136027,-0.8628065428015471,0.0,0
0.022732,13,3101.182659,-0.8419734734623561,0.0,0
0.002898,13,3101.229584,-0.8838958420995059,0.0,0
0.004506,14,3101.279895,-0.7720616900030598,0.0,0
0.01681,13,3101.326476,-0.8076183448463354,0.0,0
0.0,13,3101.372972,-0.8708700500701517,0.0,0
0.0,12,3101.415996,-0.8954409567397216,0.0,0
0.002901,13,3101.462531,-0.83479355278047,0.0,0
0.0,11,3101.501676,-0.7867492723992316,0.0,0
0.0,13,3101.548239,-0.8799445658387942,0.0,0
0.002672,12,3101.591358,-0.8738627507149733,0.0,0
0.00393,12,3101.634448,-0.8251445155517915,0.0,0
0.022872,12,3102.169711,-0.886976422843423,0.0,0
0.046428,12,3102.189167,-0.8114742581440121,0.0,0
0.042415,12,3102.209149,-0.8506928036692148,0.0,0
0.022147,12,3102.228467,-0.8848685294849161,0.0,0
0.0,14,3102.250801,-0.8934592645565389,0.0,0
0.050761,13,3102.271569,-0.8214952816030474,0.0,0
0.047354,13,3102.292637,-0.8430730255987382,0.0,0
0.00146,12,3102.312261,-0.8810659911506318,0.0,0
0.000785,12,3102.33208,-0.8249817414193723,0.0,0
0.0,13,3102.358226,-0.8312033851052355,0.0,0
0.001811,11,3102.377369,-0.8950792895236384,0.0,0
0.0,12,3102.394817,-0.8687302338086109,0.0,0
0.00357,12,3102.412053,-0.8499391729165199,0.0,0
0.0,12,3102.429166,-0.9062701226602692,0.0,0
0.0,12,3102.447012,-0.8536133881614963,0.0,0
0.004667,12,3102.464317,-0.8636477644256405,0.0,0
0.0,14,3102.484099,-0.8340262087308347,0.0,0
0.0,13,3102.502629,-0.8422485296192578,0.0,0
0.0,12,3102.520178,-0.9270729170790957,0.0,0
0.010607,13,3102.539563,-0.901328614295515,0.0,0
0.0,12,3102.557273,-0.858745974760947,0.0,0
0.0,12,3102.575967,-0.8618354449000066,0.0,0
0.018346,13,3102.604456,-0.8353948502623885,0.0,0
0.001374,11,3102.630696,-0.8221997987373781,0.0,0
0.0,12,3102.660877,-0.8742443789840789,0.0,0
0.001626,12,3102.693004,-0.8070500433766973,0.0,0
0.003759,13,3102.729631,-0.8355845345476586,0.0,0
0.0,12,3102.765041,-0.884222051916552,0.0,0
0.0,12,3102.802212,-0.8764571421100944,0.0,0
0.003076,12,3102.840105,-0.8948377437288436,0.0,0
0.002953,12,3102.879054,-0.8919667235779957,0.0,0
0.026088,12,3102.919071,-0.8408348680259229,0.0,0
0.0,12,3102.959118,-0.8206171148837067,0.0,0
0.0,11,3102.995826,-0.7845956805300976,0.0,0
0.0,13,3103.039272,-0.8638048411561917,0.0,0
0.0031,14,3103.088019,-0.8669612463421895,0.0,0
0.0,12,3103.131552,-0.8912217292451594,0.0,0
0.0,13,3103.178028,-0.8718952635190745,0.0,0
0.002069,12,3103.220846,-0.8585494118853245,0.0,0
0.0,12,3103.263797,-0.9025833629417033,0.0,0
0.0,12,3103.306718,-0.7714888348387596,0.0,0
0.003459,13,3103.353149,-0.8502865290301432,0.0,0
0.036322,12,3103.88235,-0.8449916004571552,0.0,0
0.00343,12,3103.901317,-0.8723631010249525,0.0,0
0.000458,12,3103.923693,-0.8967219130761448,0.0,0
0.000428,12,3103.946599,-0.8983919123646439,0.0,0
0.001445,12,3103.969759,-0.8531890853022156,0.0,0
0.0,12,3103.992866,-0.7946012363712377,0.0,0
0.0,12,3104.016055,-0.8753173729849439,0.0,0
0.0,12,3104.039047,-0.8772347264471779,0.0,0
0.0,13,3104.064346,-0.852826110677798,0.0,0
0.021406,12,3104.086392,-0.8601962103676356,0.0,0
0.015829,12,3104.108259,-0.8443726168338762,0.0,0
0.0,13,3104.132041,-0.8286820497230287,0.0,0
0.0,13,3104.157342,-0.7642404987334491,0.0,0
0.011551,12,3104.182942,-0.8351043349958233,0.0,0
0.001857,12,3104.201809,-0.8439153884680701,0.0,0
0.003773,12,3104.218946,-0.8729550219139106,0.0,0
0.0,14,3104.238571,-0.8414582327213701,0.0,0
0.022403,13,3104.256854,-0.7653935333274321,0.0,0
0.004233,13,3104.275945,-0.8589836781664948,0.0,0
0.0,13,3104.294308,-0.9318303332467622,0.0,0
0.026145,12,3104.31157,-0.8948519835484545,0.0,0
0.004131,12,3104.328321,-0.8598644103066219,0.0,0
0.003863,12,3104.345219,-0.9312568741055672,0.0,0
0.028054,12,3104.362409,-0.8133971924194542,0.0,0
0.0,12,3104.379335,-0.9268640867793294,0.0,0
0.036293,11,3104.395135,-0.8107557489744834,0.0,0
0.0,12,3104.412112,-0.8789151692944843,0.0,0
0.010634,12,3104.429328,-0.8179230769537226,0.0,0
0.001534,13,3104.448023,-0.9295112384701465,0.0,0
0.025177,12,3104.465697,-0.7881767614507216,0.0,0
0.0,13,3104.483895,-0.874576818803954,0.0,0
0.001769,13,3104.502354,-0.8395399940254089,0.0,0
0.0,12,3104.519667,-0.8681341847721239,0.0,0
0.052362,13,3104.538038,-0.8581056955219891,0.0,0
0.018534,12,3104.555821,-0.8611330487631432,0.0,0
0.002849,12,3104.573916,-0.8818085383015789,0.0,0
0.029845,13,3104.593351,-0.8680637008293474,0.0,0
0.042143,13,3104.612788,-0.8387256442218529,0.0,0
0.0,12,3104.630935,-0.7951035076169398,0.0,0
0.004102,12,3104.649409,-0.8587769954876202,0.0,0
0.0,12,3104.667712,-0.8906280848383656,0.0,0
0.0453,13,3105.162956,-0.8672326465989483,0.0,0
0.002953,13,3105.183228,-0.7820255656922589,0.0,0
0.002098,12,3105.209665,-0.9033241957588153,0.0,0
0.0,12,3105.240045,-0.8246035300471993,0.0,0
0.0,12,3105.270216,-0.8395712585244275,0.0,0
0.0,13,3105.298648,-0.8393350902687556,0.0,0
0.0,13,3105.322662,-0.7937668927770638,0.0,0
0.000108,13,3105.347606,-0.8547040961216528,0.0,0
0.0,13,3105.372605,-0.9090878512554018,0.0,0
0.008523,12,3105.395784,-0.8407635360443559,0.0,0
0.00667,13,3105.421898,-0.8706144939993241,0.0,0
0.0,12,3105.442961,-0.9161792320998381,0.0,0
0.0,12,3105.463402,-0.8850262612164969,0.0,0
0.0,13,3105.491923,-0.8310466435605952,0.0,0
0.0,12,3105.52263,-0.9144558972853261,0.0,0
0.003717,13,3105.557892,-0.8798593544392813,0.0,0
0.038475,12,3105.591928,-0.8501823862089898,0.0,0
0.024807,12,3105.619949,-0.810312372358494,0.0,0
0.004409,12,3105.650167,-0.8106689537699838,0.0,0
0.003121,12,3105.680893,-0.8168252672140479,0.0,0
0.0,12,3105.711134,-0.9022215108689533,0.0,0
0.001599,13,3105.743669,-0.8175426480521498,0.0,0
0.004995,13,3105.77329,-0.8492383274615563,0.0,0
0.0,13,3105.801016,-0.8698342519676566,0.0,0
0.011917,13,3105.828327,-0.8130137621742777,0.0,0
0.0,13,3105.85566,-0.8630979696188109,0.0,0
0.013713,12,3105.881088,-0.8749830433168313,0.0,0
0.001624,12,3105.906796,-0.8942386639530414,0.0,0
0.0,12,3105.932267,-0.8444294385804264,0.0,0
0.001288,12,3105.957763,-0.8420192190970263,0.0,0
0.003523,14,3105.987677,-0.7998565636242798,0.0,0
0.001631,12,3106.013476,-0.8372187547244916,0.0,0
0.004162,13,3106.041116,-0.8670259778565872,0.0,0
0.00436,12,3106.066115,-0.8167986800620274,0.0,0
0.002962,12,3106.091263,-0.8581987458187594,0.0,0
0.0,12,3106.116803,-0.9365980937235918,0.0,0
0.030206,13,3106.144526,-0.8690848452065352,0.0,0
0.027639,12,3106.170491,-0.7969149276827096,0.0,0
0.04335,13,3106.197942,-0.837402591452407,0.0,0
0.004434,12,3106.223911,-0.8708377060375678,0.0,0
0.004447,13,3106.251296,-0.8839075410949453,0.0,0
0.0,12,3106.276746,-0.857879759557612,0.0,0
0.026695,12,3106.772098,-0.8488627514904875,0.0,0
0.000647,12,3106.795346,-0.9153688332697879,0.0,0
0.021618,14,3106.822017,-0.7974370274681273,0.0,0
0.021238,12,3106.845243,-0.7864176224592165,0.0,0
0.021823,12,3106.873114,-0.8173561315306095,0.0,0
0.016464,12,3106.900959,-0.8858154488369502,0.0,0
0.002709,12,3106.922163,-0.8763375836232091,0.0,0
0.009758,13,3106.947476,-0.8613675511765557,0.0,0
0.0,12,3106.97044,-0.8666357639108895,0.0,0
0.0,11,3106.991456,-0.8788831803905219,0.0,0
0.003314,12,3107.014521,-0.8463037154992865,0.0,0
0.0,13,3107.039353,-0.7810590215807808,0.0,0
0.002469,12,3107.059476,-0.8544604988888315,0.0,0
0.0,14,3107.083676,-0.8562203033818709,0.0,0
0.0,14,3107.108373,-0.8266030346001574,0.0,0
0.0,12,3107.129712,-0.8267704776116935,0.0,0
0.0,14,3107.153942,-0.8267934026489722,0.0,0
0.004834,12,3107.173854,-0.7637811053081226,0.0,0
0.0,12,3107.193311,-0.8761764204369237,0.0,0
0.001597,13,3107.217262,-0.866222919217121,0.0,0
0.0,12,3107.245806,-0.8679290680931842,0.0,0
0.0,12,3107.27634,-0.8986295566421351,0.0,0
0.003196,13,3107.311465,-0.8872279153597397,0.0,0
0.003168,12,3107.346514,-0.8112845842116932,0.0,0
0.000895,13,3107.385347,-0.8082995704964742,0.0,0
0.033677,12,3107.422749,-0.8091120201683129,0.0,0
0.0,12,3107.460606,-0.8411587776661669,0.0,0
0.0,12,3107.498389,-0.8857649957029217,0.0,0
0.0,12,3107.538196,-0.8167872140728791,0.0,0
0.0,12,3107.579386,-0.9136856459191961,0.0,0
0.005575,12,3107.623332,-0.8810105244971635,0.0,0
0.000663,12,3107.66637,-0.9085017033207311,0.0,0
0.002701,13,3107.712997,-0.8463178753315053,0.0,0
0.008573,12,3107.755999,-0.8599876038859786,0.0,0
0.004569,12,3107.798818,-0.8373454287840473,0.0,0
0.001245,12,3107.841695,-0.8255663853448268,0.0,0
0.0,12,3107.884591,-0.8398641326667431,0.0,0
0.0,13,3107.930907,-0.8444327570920532,0.0,0
0.012993,13,3107.977226,-0.8849331511092332,0.0,0
0.0,12,3108.02017,-0.7849777739320972,0.0,0
0.001262,13,3108.06651,-0.8784390934207212,0.0,0
0.0,12,3108.590586,-0.9006938394290314,0.0,0
0.001666,12,3108.609778,-0.8349116948187902,0.0,0
0.019047,13,3108.630523,-0.899766255141906,0.0,0
0.003586,12,3108.649556,-0.9486855690169329,0.0,0
0.000795,12,3108.66932,-0.924150408219113,0.0,0
0.027201,13,3108.690815,-0.8044144512590875,0.0,0
0.0,12,3108.716229,-0.8922205975443505,0.0,0
0.0046,12,3108.745504,-0.8647265569007667,0.0,0
0.0,11,3108.773393,-0.8138263239376641,0.0,0
0.025345,13,3108.805891,-0.8421259063030495,0.0,0
0.0,12,3108.83591,-0.8396869779077472,0.0,0
0.027864,12,3108.865829,-0.841349565056367,0.0,0
0.0,11,3108.893277,-0.9212356287733864,0.0,0
0.0,11,3108.921,-0.8437169893407895,0.0,0
0.0,12,3108.951208,-0.8892421085541524,0.0,0
0.0,13,3108.984212,-0.8191271884132335,0.0,0
0.00235,13,3109.017031,-0.8302716145875314,0.0,0
0.003964,12,3109.047173,-0.9054123109467526,0.0,0
0.003809,12,3109.077481,-0.8258306115056362,0.0,0
0.004645,12,3109.107727,-0.8654824963656588,0.0,0
0.0,12,3109.137908,-0.9590713260402822,0.0,0
0.004015,13,3109.171156,-0.8270575171292366,0.0,0
3.6e-05,11,3109.198781,-0.8739590460898461,0.0,0
0.004356,11,3109.226526,-0.8625263650926116,0.0,0
0.001108,13,3109.259332,-0.8836015191058663,0.0,0
0.0,12,3109.289174,-0.8911921612678018,0.0,0
0.002836,12,3109.319191,-0.8420755797020089,0.0,0
0.002623,14,3109.348911,-0.8417069125706744,0.0,0
0.002841,13,3109.37651,-0.7940892541715453,0.0,0
0.0,12,3109.401945,-0.9158143090117848,0.0,0
0.004948,12,3109.426842,-0.858362050866689,0.0,0
0.001767,12,3109.452449,-0.8823158274478641,0.0,0
0.002639,12,3109.477977,-0.8846534341016153,0.0,0
0.0,12,3109.503388,-0.8813735820731621,0.0,0
0.002295,12,3109.528312,-0.8397182176412906,0.0,0
0.0,12,3109.553835,-0.7923246599945083,0.0,0
0.0,12,3109.579345,-0.9191082016634016,0.0,0
0.027665,13,3109.612208,-0.8319085350870776,0.0,0
0.0,12,3109.645347,-0.888544823658104,0.0,0
0.010849,12,3109.67962,-0.8468073685112785,0.0,0
0.010633,12,3109.716386,-0.8305023963915101,0.0,0
0.00061,12,3109.754411,-0.8697246609399475,0.0,0
0.0,13,3110.279348,-0.8142594193468415,0.0,0
0.0034,12,3110.298554,-0.8205097879657862,0.0,0
0.0,12,3110.317967,-0.8173426257367753,0.0,0
0.0,12,3110.337574,-0.8628444002069446,0.0,0
0.0,12,3110.356719,-0.8753927584287922,0.0,0
0.0,12,3110.376045,-0.8180444141798257,0.0,0
0.0,12,3110.395916,-0.9164060723175778,0.0,0
0.0,12,3110.415844,-0.9778173184437998,0.0,0
0.002254,12,3110.436447,-0.8388278551182317,0.0,0
0.0,12,3110.457441,-0.8775333853801971,0.0,0
0.001837,12,3110.477594,-0.8514225555628627,0.0,0
0.002599,11,3110.495293,-0.8879228626372969,0.0,0
0.0,13,3110.516171,-0.8237299258740445,0.0,0
0.0,12,3110.535897,-0.8496724405612824,0.0,0
0.0,13,3110.556778,-0.8550853950680206,0.0,0
0.0,11,3110.574047,-0.840018848190587,0.0,0
0.0,12,3110.593646,-0.8841706514700821,0.0,0
0.012225,12,3110.612821,-0.8542054241270745,0.0,0
0.035909,12,3110.631923,-0.766623420772444,0.0,0
0.003586,12,3110.651619,-0.8268210463934109,0.0,0
0.003286,12,3110.670519,-0.8979788923750712,0.0,0
0.004387,13,3110.6918,-0.8868784548552837,0.0,0
0.003326,12,3110.711008,-0.7828001461291645,0.0,0
0.0,12,3110.730348,-0.7952679863341467,0.0,0
0.005149,12,3110.74974,-0.8454811048545418,0.0,0
0.000859,12,3110.769187,-0.8121164913064366,0.0,0
0.00387,12,3110.788644,-0.8620434654690875,0.0,0
0.0,12,3110.807866,-0.8437234680270506,0.0,0
0.0,13,3110.828809,-0.8248900726710165,0.0,0
0.003195,13,3110.849219,-0.86356019837795,0.0,0
0.0,13,3110.870145,-0.8309871922869753,0.0,0
0.0,12,3110.889577,-0.8723642123772768,0.0,0
0.0,13,3110.910934,-0.8405413321658731,0.0,0
0.00057,12,3110.930092,-0.8452602289548413,0.0,0
0.00353,12,3110.949493,-0.8665586962921651,0.0,0
0.019512,12,3110.968347,-0.8643264606712505,0.0,0
0.0,12,3110.987998,-0.9137902896854764,0.0,0
0.0203,12,3111.008187,-0.8542955980008266,0.0,0
0.0,11,3111.029025,-0.8338108764769877,0.0,0
0.0,12,3111.053185,-0.8469573970923083,0.0,0
0.022305,12,3111.078662,-0.9016061788667363,0.0,0
0.0,12,3111.104755,-0.9220138791410535,0.0,0
0.010587,13,3111.639411,-0.8123369829784289,0.0,0
0.001896,12,3111.658105,-0.8909237100035379,0.0,0
0.0,13,3111.678286,-0.8896950787389798,0.0,0
0.018516,13,3111.698381,-0.8251054725716838,0.0,0
0.014577,12,3111.717583,-0.854600649438959,0.0,0
0.004383,12,3111.736642,-0.8866140855600747,0.0,0
0.001584,12,3111.75559,-0.8800324555077943,0.0,0
0.0,12,3111.775606,-0.861226905798063,0.0,0
0.039513,13,3111.797415,-0.861225175565208,0.0,0
0.004744,12,3111.818284,-0.9287805532782754,0.0,0
0.0,12,3111.838607,-0.883333640945585,0.0,0
0.0,11,3111.856137,-0.7885739504588268,0.0,0
0.00279,12,3111.876043,-0.8456811116716897,0.0,0
0.002241,13,3111.900252,-0.9415552592096995,0.0,0
0.00468,11,3111.924667,-0.8765120452498372,0.0,0
0.0,12,3111.954581,-0.8979208399176525,0.0,0
0.0,12,3111.986327,-0.9175560721674965,0.0,0
0.030407,13,3112.022457,-0.7617607343528903,0.0,0
0.007851,12,3112.057355,-0.8645717399139923,0.0,0
0.010652,12,3112.088671,-0.8168968277248616,0.0,0
0.0,12,3112.117014,-0.8991427829306574,0.0,0
0.007811,13,3112.146351,-0.8363108652175846,0.0,0
0.0,12,3112.173066,-0.9433664848057953,0.0,0
0.003515,12,3112.199013,-0.9086865145038687,0.0,0
0.019222,12,3112.225008,-0.8961129087653324,0.0,0
0.004851,13,3112.252055,-0.8991106912147545,0.0,0
0.001425,14,3112.281069,-0.8211988298055036,0.0,0
0.0,11,3112.303916,-0.8539794743413267,0.0,0
0.001688,12,3112.328439,-0.8836004688728798,0.0,0
0.001715,11,3112.3503,-0.8399348203424323,0.0,0
0.0,12,3112.37411,-0.9330828993978812,0.0,0
0.0,12,3112.397881,-0.8614836182968691,0.0,0
0.002135,13,3112.423725,-0.8640796440841125,0.0,0
0.000335,12,3112.447563,-0.8525914703277384,0.0,0
0.002806,12,3112.471369,-0.8786396304305819,0.0,0
0.004312,12,3112.495196,-0.897589971017176,0.0,0
0.0,13,3112.521101,-0.9221177536738052,0.0,0
0.0,12,3112.545051,-0.8824849243332091,0.0,0
0.000366,12,3112.571681,-0.9624296609082582,0.0,0
0.038992,12,3112.603221,-0.920538807485382,0.0,0
0.003034,13,3112.639884,-0.8764922900638384,0.0,0
0.000199,11,3112.672517,-0.8501691372060453,0.0,0
0.021129,12,3113.202244,-0.8206695502996771,0.0,0
0.002748,13,3113.234573,-0.9210660263391156,0.0,0
0.002157,12,3113.258506,-0.8976305205869048,0.0,0
0.035382,12,3113.283362,-0.8808916281002482,0.0,0
0.0,12,3113.305698,-0.8655941391463999,0.0,0
0.002991,12,3113.327522,-0.8648355833654379,0.0,0
0.019223,12,3113.356023,-0.841355706392405,0.0,0
0.001687,12,3113.378311,-0.8916221401601886,0.0,0
0.004778,11,3113.398245,-0.8840837964461064,0.0,0
0.010672,12,3113.419962,-0.8875701354243,0.0,0
0.002721,12,3113.441902,-0.85233008969527,0.0,0
0.0,12,3113.463816,-0.921447906284261,0.0,0
0.02229,12,3113.486622,-0.8633648695325468,0.0,0
0.001022,12,3113.5097,-0.8922941040919284,0.0,0
0.003528,12,3113.532786,-0.8864928583703664,0.0,0
0.02859,12,3113.556927,-0.924729057515779,0.0,0
0.008169,12,3113.581343,-0.8666216525271858,0.0,0
0.003043,12,3113.605387,-0.8963350553560999,0.0,0
0.000294,12,3113.629483,-0.9132236156870076,0.0,0
0.013933,13,3113.656707,-0.8839757719506621,0.0,0
0.003941,12,3113.68236,-0.9121470428523877,0.0,0
0.002567,12,3113.707914,-0.8450346953999228,0.0,0
0.003955,11,3113.731309,-0.8604927485591206,0.0,0
0.004283,13,3113.758907,-0.8684928854193604,0.0,0
0.014396,12,3113.784401,-0.9981873592236331,0.0,0
0.048606,12,3113.810168,-0.9093551601351553,0.0,0
0.0,13,3113.837813,-0.8698510698146723,0.0,0
0.017992,12,3113.865249,-0.7716501172580396,0.0,0
0.037096,12,3113.892722,-0.8797711141295579,0.0,0
0.003267,11,3113.917898,-0.7690095042293829,0.0,0
0.0,12,3113.945497,-0.8421869085418119,0.0,0
0.026821,12,3113.973019,-0.8852159846815366,0.0,0
0.002891,12,3114.001106,-0.8601705837602929,0.0,0
0.0,12,3114.03058,-0.8216899448901951,0.0,0
0.000463,12,3114.060111,-0.7689130081643578,0.0,0
0.001575,13,3114.091987,-0.8233075750253873,0.0,0
0.020912,11,3114.118919,-0.8833068634346257,0.0,0
0.009376,12,3114.148213,-0.929680559502764,0.0,0
0.0,13,3114.180719,-0.904109040371564,0.0,0
0.000818,11,3114.209135,-0.8672716281456151,0.0,0
0.0,12,3114.240144,-0.9117208922515379,0.0,0
0.015463,12,3114.271201,-0.8682040864982512,0.0,0
0.0,12,3114.302184,-0.9136310490210232,0.0,0
0.019587,12,3114.819462,-0.828969358700509,0.0,0
0.004737,12,3114.838574,-0.8378229689006548,0.0,0
0.0,13,3114.859749,-0.8889511679415527,0.0,0
0.005802,12,3114.879112,-0.8256294825531214,0.0,0
0.002457,12,3114.897975,-0.9701075453289939,0.0,0
0.0003,12,3114.918774,-0.9201797411167344,0.0,0
0.0,13,3114.940465,-0.8802923136199868,0.0,0
0.001284,12,3114.961078,-0.8593109258915711,0.0,0
0.002713,12,3114.982081,-0.8378594232955258,0.0,0
0.004531,12,3115.00333,-0.9095394328645069,0.0,0
0.032186,12,3115.024624,-0.8448880757247296,0.0,0
0.031801,13,3115.048117,-0.8874505492215222,0.0,0
0.0,14,3115.073981,-0.8329542225963262,0.0,0
0.014951,13,3115.098671,-0.8706606084869158,0.0,0
0.00512,12,3115.1221,-0.9207528092813227,0.0,0
0.022557,13,3115.147241,-0.8045148718207962,0.0,0
0.0,11,3115.169498,-0.8022436550815679,0.0,0
0.003247,12,3115.193853,-0.8946970362275356,0.0,0
0.0,12,3115.218128,-0.9202250553766995,0.0,0
0.0,12,3115.242448,-0.8171842978462636,0.0,0
0.003697,14,3115.271577,-0.7940088661301079,0.0,0
0.012403,13,3115.299433,-0.8310139551682254,0.0,0
0.0,11,3115.322992,-0.9009144365642017,0.0,0
0.004176,12,3115.348761,-0.9128874610240241,0.0,0
0.0,13,3115.376582,-0.9101933168513706,0.0,0
0.004862,12,3115.402038,-0.8801484215693979,0.0,0
0.01484,12,3115.427944,-0.8876265574869016,0.0,0
0.002198,12,3115.455295,-0.8401321699626305,0.0,0
0.007868,12,3115.483497,-0.8487511499839403,0.0,0
0.0,13,3115.513476,-0.8771242586880511,0.0,0
0.0,12,3115.541117,-0.7948125939517957,0.0,0
0.0,12,3115.568946,-0.9004343406207747,0.0,0
0.001092,12,3115.5969,-0.7918204880233864,0.0,0
0.0,12,3115.626144,-0.8637069299931679,0.0,0
0.0,12,3115.655672,-0.8513068060963664,0.0,0
0.011206,12,3115.685154,-0.8514142247340305,0.0,0
0.0,12,3115.714585,-0.9154051025282511,0.0,0
0.035777,13,3115.746449,-0.8239610929164368,0.0,0
0.003982,13,3115.778368,-0.827714380112874,0.0,0
0.015008,12,3115.807804,-0.8895828112388477,0.0,0
0.039249,12,3115.837356,-0.8469256700399518,0.0,0
0.001925,12,3115.866838,-0.874708433246814,0.0,0
0.00049,12,3116.370207,-0.7936377778651474,0.0,0
0.0,12,3116.38977,-0.9078489852347656,0.0,0
0.039895,13,3116.41067,-0.8066275574572377,0.0,0
0.004098,12,3116.429497,-0.8845850744473633,0.0,0
0.0,13,3116.451239,-0.8818279876544878,0.0,0
0.002739,12,3116.470698,-0.8347541437241325,0.0,0
0.0,12,3116.490503,-0.8625583340190924,0.0,0
0.0,13,3116.513246,-0.9636707388530326,0.0,0
0.013206,13,3116.536034,-0.8414837584002317,0.0,0
0.0,12,3116.556774,-0.8632686177033433,0.0,0
0.001529,12,3116.578123,-0.9089483004108276,0.0,0
0.0,12,3116.600092,-0.8467529344948898,0.0,0
0.014031,12,3116.622197,-0.9204103972329959,0.0,0
0.0,13,3116.645981,-0.8772661010842631,0.0,0
0.000461,12,3116.668878,-0.9117779431265312,0.0,0
0.0,12,3116.692201,-0.8152033640585962,0.0,0
0.00885,12,3116.715387,-0.853762675540938,0.0,0
0.00368,12,3116.739419,-0.8885024190934313,0.0,0
0.001277,12,3116.764277,-0.863982714175735,0.0,0
0.011942,12,3116.78845,-0.8916911826016498,0.0,0
0.004762,13,3116.814874,-0.818378672836396,0.0,0
0.038846,13,3116.841483,-0.8528958253503393,0.0,0
0.001981,13,3116.869332,-0.8993809862401152,0.0,0
0.0,12,3116.894783,-0.9242776067774846,0.0,0
0.0,13,3116.922616,-0.8738681303777924,0.0,0
0.000176,12,3116.94821,-0.8850809944694001,0.0,0
0.0,12,3116.973833,-0.8681722552414353,0.0,0
0.001302,12,3116.999377,-0.8746882180831078,0.0,0
0.002731,12,3117.024936,-0.9251172928337438,0.0,0
0.0,13,3117.052659,-0.914205138431029,0.0,0
0.000673,14,3117.084214,-0.856470263823667,0.0,0
0.0,12,3117.111772,-0.8823657344179915,0.0,0
0.0,12,3117.139432,-0.9131596695328771,0.0,0
0.0,13,3117.169378,-0.8693914287613788,0.0,0
0.048825,13,3117.199241,-0.7741730912894037,0.0,0
0.0,12,3117.227992,-0.9086666703678757,0.0,0
0.003281,13,3117.259911,-0.912252457220364,0.0,0
0.009176,12,3117.289358,-0.7990541128717309,0.0,0
0.0,12,3117.31882,-0.9803545227338009,0.0,0
0.009028,12,3117.348291,-0.8706314764730705,0.0,0
0.016346,13,3117.380219,-0.8457505232150788,0.0,0
0.003209,11,3117.894996,-0.8628547215984692,0.0,0
0.0,11,3117.913262,-0.8363471262302266,0.0,0
0.0,12,3117.932562,-0.9618416168114072,0.0,0
0.001617,11,3117.949974,-0.843920383036839,0.0,0
0.002349,12,3117.969712,-0.8846819305157264,0.0,0
0.0,13,3117.991849,-0.877953740803514,0.0,0
0.023456,12,3118.01158,-0.8069454053811392,0.0,0
0.0,12,3118.032298,-0.8607199641023466,0.0,0
0.0,12,3118.053644,-0.9333678120488708,0.0,0
0.015455,12,3118.074521,-0.8935043495116031,0.0,0
0.0,12,3118.09611,-0.8628785159028086,0.0,0
0.007559,13,3118.119297,-0.856307567225124,0.0,0
0.0,12,3118.141804,-0.9139151215024394,0.0,0
0.043622,13,3118.165952,-0.8024714614152867,0.0,0
0.026487,12,3118.189186,-0.8445869062422697,0.0,0
0.0,13,3118.214507,-0.9348443256002812,0.0,0
0.0,11,3118.235961,-0.8483105092802623,0.0,0
0.011892,12,3118.260224,-0.8107607581646911,0.0,0
0.002654,12,3118.284546,-0.809893395232745,0.0,0
0.002288,13,3118.310982,-0.7961605694951641,0.0,0
0.014701,12,3118.335913,-0.9328589182786725,0.0,0
0.000439,12,3118.361594,-0.8970642809459219,0.0,0
0.012552,12,3118.387333,-0.8962432026286855,0.0,0
0.002732,12,3118.412988,-0.877436251986094,0.0,0
0.0,12,3118.438695,-0.9219925125637493,0.0,0
0.0,12,3118.464375,-0.8914106133910173,0.0,0
0.004393,12,3118.490078,-0.8504609917268696,0.0,0
0.035365,12,3118.515798,-0.8904024197647399,0.0,0
0.02264,12,3118.541961,-0.9022424803212706,0.0,0
0.022727,13,3118.571621,-0.8548084882488133,0.0,0
0.003442,11,3118.597029,-0.9015823475683081,0.0,0
0.002276,12,3118.624697,-0.8758967770780718,0.0,0
0.0,12,3118.652407,-0.9761247264241651,0.0,0
0.039555,12,3118.680081,-0.9349614812905299,0.0,0
0.003434,12,3118.707948,-0.872542255237108,0.0,0
0.0,11,3118.733798,-0.8599206171946938,0.0,0
0.0,11,3118.760846,-0.8503898899319049,0.0,0
0.0,13,3118.792882,-0.9107856013695822,0.0,0
0.0,11,3118.819995,-0.9072681033512014,0.0,0
0.027832,12,3118.849485,-0.9025601939351449,0.0,0
0.00476,12,3118.879371,-0.882271452710666,0.0,0
0.000103,12,3118.909336,-0.8942664123043412,0.0,0
0.019323,12,3118.940566,-0.905483727472748,0.0,0
0.0,12,3119.451509,-0.9217455881632589,0.0,0
0.038883,13,3119.472316,-0.8553057663459084,0.0,0
0.029831,12,3119.490388,-0.8225636943515539,0.0,0
0.0,12,3119.509888,-0.9140715343209278,0.0,0
0.000156,11,3119.527109,-0.867888700648433,0.0,0
0.0,12,3119.546795,-0.8961467099991779,0.0,0
0.001411,12,3119.56664,-0.9423944333734005,0.0,0
0.000504,12,3119.586252,-0.9019273694490643,0.0,0
0.005589,12,3119.606363,-0.8844159892292811,0.0,0
0.0,12,3119.627691,-0.9112418786253142,0.0,0
0.003926,13,3119.65041,-0.852559037275091,0.0,0
0.0,13,3119.673444,-0.8715136506238955,0.0,0
0.001186,12,3119.695654,-0.9094425367131448,0.0,0
0.0,11,3119.715662,-0.8968287205116418,0.0,0
0.0,11,3119.735687,-0.8508159771958422,0.0,0
0.023164,12,3119.758312,-0.9046468002450033,0.0,0
0.0,12,3119.781379,-0.8663317853801216,0.0,0
0.003623,12,3119.804532,-0.8989181098598973,0.0,0
0.0,12,3119.828459,-0.8750691490170103,0.0,0
0.0,13,3119.854728,-0.8967394807256716,0.0,0
0.0,12,3119.87896,-0.806775871755471,0.0,0
0.004067,12,3119.90394,-0.8986900188499989,0.0,0
0.002114,13,3119.931769,-0.8646656532919068,0.0,0
0.034052,12,3119.957232,-0.8565705190919063,0.0,0
0.002438,12,3119.982923,-0.8625299105064732,0.0,0
0.001266,12,3120.008569,-0.8979994366572366,0.0,0
0.001812,12,3120.03424,-1.0257867993366954,0.0,0
0.0,12,3120.059894,-0.8956377121973514,0.0,0
0.0,12,3120.087301,-0.8479731344244077,0.0,0
0.000646,11,3120.112529,-0.7697790214998004,0.0,0
0.004304,12,3120.140552,-0.9170222504742354,0.0,0
0.0,13,3120.170538,-0.9333265361753101,0.0,0
0.0,12,3120.199197,-0.9134198652772378,0.0,0
0.000143,12,3120.228878,-0.9517595273434372,0.0,0
0.000638,12,3120.258242,-0.9290679551952579,0.0,0
0.0,11,3120.285134,-0.8725591754240385,0.0,0
0.0,12,3120.3145,-0.8798864777125818,0.0,0
0.0,11,3120.341381,-0.8179565445393956,0.0,0
0.0,13,3120.373242,-0.8600137246296423,0.0,0
0.038134,13,3120.405084,-0.8877427140956827,0.0,0
0.004236,11,3120.431953,-0.8371582528182246,0.0,0
0.0,12,3120.461631,-0.9915367134196101,0.0,0
0.000447,12,3120.979111,-0.8610799785541874,0.0,0
0.0,12,3120.998901,-0.9109536685141472,0.0,0
0.0,12,3121.018364,-0.8584201923590696,0.0,0
0.012283,13,3121.039027,-0.8341877546956988,0.0,0
0.000629,12,3121.05828,-0.9839934565657179,0.0,0
0.030884,13,3121.080036,-0.8876518037957877,0.0,0
0.0,11,3121.097652,-0.8069196885580384,0.0,0
0.002785,12,3121.117519,-0.9113152898846845,0.0,0
0.003971,12,3121.138776,-0.845066804263054,0.0,0
0.0,12,3121.160409,-0.9186202083019491,0.0,0
0.004955,12,3121.181656,-0.8414994245507814,0.0,0
0.0,13,3121.204124,-0.9216463157453418,0.0,0
0.0,12,3121.226424,-0.8641725963727184,0.0,0
0.0,12,3121.248649,-0.9642922664482549,0.0,0
0.01998,12,3121.271898,-0.890510677587388,0.0,0
0.0,13,3121.297035,-0.8874251111052949,0.0,0
0.021404,12,3121.32051,-0.8484271214616245,0.0,0
0.002179,11,3121.342741,-0.7970335342398398,0.0,0
0.002327,14,3121.371202,-0.8502027742478923,0.0,0
0.016539,12,3121.395498,-0.8110928399938906,0.0,0
0.004588,12,3121.419876,-0.8133903126484916,0.0,0
0.003907,12,3121.445968,-0.8905925754339169,0.0,0
0.043062,12,3121.471531,-0.8737706701803396,0.0,0
0.0,11,3121.495192,-0.8879108832740885,0.0,0
0.0,13,3121.522704,-0.8895706728102764,0.0,0
0.009155,12,3121.546804,-0.8877298209982417,0.0,0
0.001439,12,3121.5708,-0.909477057345607,0.0,0
0.002955,12,3121.594968,-0.8991009231833644,0.0,0
0.003065,13,3121.620876,-0.9018862625292315,0.0,0
0.00389,12,3121.645525,-0.8942700737573386,0.0,0
0.000958,12,3121.676745,-0.8276547752128603,0.0,0
0.0,12,3121.709643,-0.8450140601064402,0.0,0
0.0,11,3121.74125,-0.8808612443759681,0.0,0
0.0,12,3121.777177,-0.8912725802820028,0.0,0
0.008797,12,3121.814485,-0.8573820542139343,0.0,0
0.014543,12,3121.852376,-0.8809454217519043,0.0,0
0.0,12,3121.891558,-0.930708830351147,0.0,0
0.0,12,3121.931516,-0.8711025454023784,0.0,0
0.024409,13,3121.974776,-0.890481437046879,0.0,0
0.0,12,3122.014696,-0.8594160769230393,0.0,0
0.0,13,3122.058173,-0.8764013513370675,0.0,0
0.0,12,3122.09821,-0.8749775767896207,0.0,0
0.000737,12,3122.634165,-0.8901236169915341,0.0,0
0.001588,12,3122.653404,-0.9024437394536702,0.0,0
0.0,12,3122.673238,-0.8946486829974692,0.0,0
0.0,12,3122.692707,-0.8365469842878538,0.0,0
0.0,12,3122.712078,-0.880189773220104,0.0,0
0.018605,13,3122.732263,-0.8468806164767024,0.0,0
0.0,12,3122.757548,-0.9542361361236914,0.0,0
0.00047,12,3122.787419,-0.9256254594564618,0.0,0
0.005772,12,3122.818043,-0.8541386067999369,0.0,0
0.0,12,3122.848741,-0.9821352103430829,0.0,0
0.0,11,3122.871177,-0.7549768083775034,0.0,0
0.0,12,3122.893738,-0.8645054602985981,0.0,0
0.004606,12,3122.918233,-0.8507846645591676,0.0,0
0.000139,12,3122.94453,-0.9013214355774376,0.0,0
0.008287,12,3122.973412,-0.8358889775404311,0.0,0
0.002797,12,3123.00349,-0.8722278350157531,0.0,0
0.029771,12,3123.033584,-0.8897286887556869,0.0,0
0.0,12,3123.063802,-0.8313273725562866,0.0,0
0.000909,13,3123.096494,-0.8692750964137803,0.0,0
0.001058,11,3123.124135,-0.8841275972421331,0.0,0
0.002515,12,3123.154185,-0.8639754782333156,0.0,0
0.000194,12,3123.184074,-0.9618893995135959,0.0,0
0.02058,12,3123.214165,-0.8772339126510995,0.0,0
0.0,11,3123.241766,-0.8255972873698496,0.0,0
0.001745,12,3123.271978,-1.010447274349063,0.0,0
0.027046,13,3123.305411,-0.8711930039032882,0.0,0
0.04183,12,3123.335541,-0.9386102371966083,0.0,0
0.000597,12,3123.365707,-0.8906398883945725,0.0,0
0.00182,12,3123.395567,-0.8533274212278599,0.0,0
0.026584,12,3123.421187,-0.9136768449155237,0.0,0
0.0,12,3123.447421,-0.9324081752349132,0.0,0
0.01637,12,3123.472165,-0.9055449110469174,0.0,0
0.0,12,3123.497245,-0.9009474700392566,0.0,0
0.011166,13,3123.524884,-0.890609657039891,0.0,0
0.000952,12,3123.550448,-0.8621554929519277,0.0,0
0.0,12,3123.576768,-0.9429008865458867,0.0,0
0.011398,12,3123.602517,-0.8893564571236156,0.0,0
0.0,11,3123.625977,-0.9367575590503426,0.0,0
0.0,13,3123.653474,-0.8197415615118472,0.0,0
0.00092,12,3123.679441,-0.9625877716211803,0.0,0
0.003571,13,3123.707129,-0.8224930199272985,0.0,0
0.002223,13,3123.734779,-0.9258704973709374,0.0,0
0.004816,11,3123.758465,-0.8465155950818137,0.0,0
0.018006,12,3124.26293,-0.8459264695027361,0.0,0
0.000163,11,3124.282308,-0.8300782306612239,0.0,0
0.02872,12,3124.302971,-0.9396353727744636,0.0,0
0.000589,12,3124.323407,-0.8908532192907138,0.0,0
0.0,12,3124.343756,-0.8795734051017765,0.0,0
0.035131,12,3124.366496,-0.8143402173877753,0.0,0
0.0,12,3124.394825,-0.8724839555363133,0.0,0
0.004147,12,3124.42391,-0.8292393099583933,0.0,0
0.00387,12,3124.453173,-0.8803301117144118,0.0,0
0.002433,12,3124.481699,-0.8677856390086844,0.0,0
0.026355,13,3124.511744,-0.8121767816637434,0.0,0
0.014829,12,3124.538658,-0.8755246374380584,0.0,0
0.0,11,3124.564699,-0.847191938949861,0.0,0
0.000492,12,3124.593165,-0.9082194485386961,0.0,0
0.002749,12,3124.62081,-0.8209204607866974,0.0,0
0.0,12,3124.649215,-0.8992293335202983,0.0,0
0.004633,12,3124.677685,-0.8809560925815834,0.0,0
0.0,11,3124.702705,-0.8519929709862049,0.0,0
0.002614,12,3124.730914,-0.8422981955038352,0.0,0
0.00179,11,3124.755705,-0.8404041035567223,0.0,0
0.002028,12,3124.784365,-0.8785709650760541,0.0,0
0.003648,12,3124.812903,-0.8181613791449988,0.0,0
0.004749,12,3124.840106,-0.910775534630719,0.0,0
0.04099,12,3124.867834,-0.786167028823392,0.0,0
0.015239,12,3124.895469,-0.8820312585593587,0.0,0
0.0,12,3124.922201,-0.8264046367956154,0.0,0
0.004722,13,3124.952445,-0.8458273332501931,0.0,0
0.0,12,3124.980746,-0.839985065492704,0.0,0
0.001117,11,3125.005648,-0.7914027961141478,0.0,0
0.013514,12,3125.03446,-0.9010106157254576,0.0,0
0.001399,12,3125.060454,-0.8827575779446517,0.0,0
0.0,13,3125.088343,-0.8797541650210462,0.0,0
0.011732,12,3125.114285,-0.8422281507006822,0.0,0
0.004267,11,3125.137778,-0.8357420073724212,0.0,0
0.004371,11,3125.161509,-0.9635804661351035,0.0,0
0.023945,12,3125.186878,-0.8305281272903158,0.0,0
0.004761,11,3125.209738,-0.815091185954539,0.0,0
0.002235,12,3125.236337,-0.7980181522764448,0.0,0
0.00402,12,3125.262393,-0.8770391737725448,0.0,0
0.0,12,3125.288625,-0.9049983819154673,0.0,0
0.0,12,3125.313174,-0.8980891869462392,0.0,0
0.002669,11,3125.336654,-0.794015838454227,0.0,0
0.040487,12,3125.362291,-0.82345304792004,0.0,0
0.0,12,3125.891573,-0.9194926825004321,0.0,0
0.001241,12,3125.911481,-0.8962451344433767,0.0,0
0.0,12,3125.931192,-0.9450458799284202,0.0,0
0.003686,12,3125.95019,-0.8561914521245142,0.0,0
0.0,13,3125.971596,-0.9154633001827481,0.0,0
0.0,11,3125.989763,-0.8428956409886698,0.0,0
0.0,12,3126.00977,-0.8975929791377933,0.0,0
0.007383,12,3126.030008,-0.8963126575891298,0.0,0
0.001885,11,3126.048632,-0.8235596765035214,0.0,0
0.0,12,3126.069982,-0.8256316967649777,0.0,0
0.0,11,3126.08926,-0.9044450212740521,0.0,0
0.0,11,3126.109236,-0.8657718982593064,0.0,0
0.0,12,3126.131232,-0.9091649053854629,0.0,0
0.01311,12,3126.153508,-0.9075490685385489,0.0,0
0.004405,11,3126.174331,-0.8854839304173352,0.0,0
0.018124,11,3126.195836,-0.7862908624418867,0.0,0
0.015724,12,3126.219274,-0.8978147697876755,0.0,0
0.001219,11,3126.241353,-0.9176116735051694,0.0,0
0.0,12,3126.265778,-0.9170930612326447,0.0,0
0.00091,12,3126.290157,-0.8401250259847661,0.0,0
0.020237,12,3126.314774,-0.9392354836839847,0.0,0
0.008432,11,3126.338225,-0.7965545901527783,0.0,0
0.024609,12,3126.363777,-0.7768759323096683,0.0,0
0.002667,12,3126.38947,-0.9368657980008438,0.0,0
0.000195,12,3126.415089,-0.8981018026900968,0.0,0
0.027017,11,3126.439115,-0.8423674847296235,0.0,0
6.3e-05,12,3126.466619,-0.94461900336332,0.0,0
0.0,12,3126.494267,-0.8392708386837425,0.0,0
0.050462,12,3126.51896,-0.8769372661714312,0.0,0
0.002279,12,3126.543631,-0.8561502202510611,0.0,0
0.024651,12,3126.569156,-0.8353804296226516,0.0,0
0.0,12,3126.594714,-0.8556718106343167,0.0,0
0.0,12,3126.620304,-0.8818232151677475,0.0,0
0.001955,13,3126.651047,-0.8745694894384378,0.0,0
4.4e-05,12,3126.68332,-0.87864540180186,0.0,0
0.0,11,3126.714458,-0.9882431443716444,0.0,0
0.0,12,3126.749503,-0.9492748708521423,0.0,0
0.003206,12,3126.785819,-0.9658173141599699,0.0,0
0.020317,12,3126.823224,-0.870589417171738,0.0,0
0.0,12,3126.861481,-0.8324160280528247,0.0,0
0.0,12,3126.901429,-0.966824742875262,0.0,0
0.028272,11,3126.938031,-0.7974715560931833,0.0,0
0.000122,12,3126.978099,-0.9268409919782397,0.0,0
0.020824,12,3127.508055,-0.875305245106365,0.0,0
0.000101,12,3127.527452,-0.9400665590192613,0.0,0
0.00274,13,3127.548959,-0.811287902591638,0.0,0
0.0,12,3127.568757,-0.9146610653542875,0.0,0
0.002639,11,3127.5869,-0.7511703198948636,0.0,0
0.002669,12,3127.605822,-0.8988102087777049,0.0,0
0.001992,11,3127.623625,-0.7229359958254081,0.0,0
0.000775,12,3127.643158,-0.848051360649709,0.0,0
0.0,12,3127.66373,-0.9544532837086744,0.0,0
0.0,12,3127.684556,-0.9132578560861214,0.0,0
0.003889,12,3127.706227,-0.9269835873322612,0.0,0
0.002797,11,3127.725554,-0.8664815739767242,0.0,0
0.004296,12,3127.746769,-0.8586388288789867,0.0,0
0.0,12,3127.76918,-0.8758723606472881,0.0,0
0.0,12,3127.791574,-0.9161369764665401,0.0,0
0.001311,12,3127.814365,-0.8921662861917414,0.0,0
0.020794,12,3127.837793,-0.8794267183317214,0.0,0
0.006151,13,3127.86306,-0.8289497969771984,0.0,0
0.004953,12,3127.886868,-0.8871456205454605,0.0,0
0.011455,12,3127.911101,-0.9093018100019941,0.0,0
0.0,13,3127.937307,-0.941096891049999,0.0,0
0.002541,12,3127.961432,-0.9149884420588279,0.0,0
0.0,12,3127.985611,-0.935817549966245,0.0,0
0.0,12,3128.010158,-0.881336364015294,0.0,0
0.0,12,3128.035855,-0.8344795283848853,0.0,0
0.018339,13,3128.063705,-0.9212835290286501,0.0,0
0.028274,12,3128.089305,-0.8971481896939938,0.0,0
0.030177,12,3128.115088,-0.8537954427018362,0.0,0
0.0,11,3128.138649,-0.8188644618399559,0.0,0
0.0,12,3128.164202,-0.9856018060730158,0.0,0
0.0,11,3128.187606,-0.8026335055740474,0.0,0
0.0,11,3128.211184,-0.906285893396711,0.0,0
0.0,12,3128.237416,-0.8501902081443393,0.0,0
0.021579,12,3128.265005,-0.9049451801711677,0.0,0
0.0,11,3128.290297,-0.7887794580527581,0.0,0
0.003253,12,3128.31798,-0.8543265405268323,0.0,0
0.0,12,3128.345611,-0.9420961469206143,0.0,0
0.0,12,3128.373301,-0.8630064012717683,0.0,0
0.002586,13,3128.403431,-0.903545612909123,0.0,0
0.003038,12,3128.431324,-0.8937659287280826,0.0,0
0.0045,12,3128.460765,-0.8268991850517037,0.0,0
0.000452,12,3128.490271,-0.910632457550198,0.0,0
0.002452,12,3128.519823,-0.9046845889683076,0.0,0
0.0,12,3129.02969,-0.8473213343066468,0.0,0
0.015999,12,3129.050891,-0.8586212960624326,0.0,0
0.023679,12,3129.071721,-0.9452242241449117,0.0,0
0.001292,11,3129.090909,-0.9079436180852506,0.0,0
0.0,11,3129.110078,-0.9245517802825197,0.0,0
0.0,12,3129.130971,-0.9726622827879493,0.0,0
0.001522,12,3129.152243,-0.887028392837029,0.0,0
0.030081,12,3129.173125,-0.8679888358962856,0.0,0
0.004407,12,3129.193879,-0.8214540976260083,0.0,0
0.0,11,3129.212812,-0.9070148929691741,0.0,0
0.0,11,3129.230869,-0.8719314067722373,0.0,0
0.008056,12,3129.250775,-0.9367346412562587,0.0,0
0.022186,11,3129.269634,-0.8291785800691597,0.0,0
0.030306,13,3129.292069,-0.9572443481146027,0.0,0
0.0,12,3129.312902,-0.855149737938334,0.0,0
0.011609,11,3129.332237,-0.8082024305845525,0.0,0
0.001148,11,3129.351684,-0.8157869392702055,0.0,0
0.025041,11,3129.371641,-0.837063480395082,0.0,0
0.0,12,3129.391512,-0.8537912906563694,0.0,0
0.001461,12,3129.411419,-0.8718922586758485,0.0,0
0.0,12,3129.431118,-0.8852276002942403,0.0,0
0.020967,13,3129.452671,-0.9143691820650834,0.0,0
0.0,12,3129.479774,-0.9148620850550138,0.0,0
0.001696,11,3129.507444,-0.8450657839824022,0.0,0
0.025098,13,3129.541808,-0.9053645052047399,0.0,0
0.004171,12,3129.57339,-0.9233155136597394,0.0,0
0.0,11,3129.603145,-0.856640158375144,0.0,0
0.026252,12,3129.638624,-0.8929570649944228,0.0,0
0.034057,11,3129.672781,-0.8052405947567455,0.0,0
0.012077,12,3129.710618,-0.898925794090936,0.0,0
0.023612,12,3129.748163,-0.929179752901163,0.0,0
0.000852,12,3129.78881,-0.9144572888695665,0.0,0
0.004954,11,3129.825346,-0.8157218221520954,0.0,0
0.001568,12,3129.865315,-0.8550522011328557,0.0,0
0.014709,12,3129.905365,-0.8333622247173966,0.0,0
0.0,11,3129.942178,-0.8508938464316984,0.0,0
0.015617,13,3129.985423,-0.8155033503690773,0.0,0
0.020127,12,3130.025977,-0.8856446803899715,0.0,0
0.005001,11,3130.06514,-0.8226501184520605,0.0,0
0.004198,12,3130.108027,-0.896987179759503,0.0,0
0.0,12,3130.150747,-0.9159698387544618,0.0,0
0.0,12,3130.193715,-0.9227055097242057,0.0,0
0.010284,12,3130.236681,-0.9812502053683274,0.0,0
0.004968,12,3130.279717,-0.8620873541861218,0.0,0
0.015453,13,3130.806305,-0.906422193643,0.0,0
0.018843,12,3130.825493,-0.8698432411583673,0.0,0
0.007573,13,3130.846558,-0.9015612585666226,0.0,0
0.003621,11,3130.864172,-0.8643129377282939,0.0,0
0.0,11,3130.882174,-0.8478431831842466,0.0,0
0.007994,12,3130.902255,-0.8292302787423644,0.0,0
0.025043,12,3130.922486,-0.9559241670854245,0.0,0
0.0,12,3130.943195,-0.8574158256772714,0.0,0
0.0,12,3130.964012,-0.8703082229659685,0.0,0
0.025682,11,3130.98159,-0.8812262615127675,0.0,0
0.004278,12,3131.000755,-0.9073264263477953,0.0,0
0.0,12,3131.021042,-0.9098852563470616,0.0,0
0.002448,13,3131.042479,-0.9229198646508631,0.0,0
0.017907,13,3131.064202,-0.9248245958756653,0.0,0
0.003062,12,3131.082596,-0.9182245534071791,0.0,0
0.0571,13,3131.10223,-0.8638194639056864,0.0,0
0.0,13,3131.123282,-0.9034231691404854,0.0,0
0.003599,12,3131.142417,-0.9196354183044979,0.0,0
0.0,12,3131.161347,-0.9095910435598613,0.0,0
0.0,12,3131.180613,-0.8402862410699571,0.0,0
0.0,12,3131.199524,-0.8593630678421944,0.0,0
0.0,12,3131.219489,-0.9104712105533649,0.0,0
0.0,12,3131.239024,-0.9051997020254233,0.0,0
0.0,12,3131.258621,-0.8542991947571529,0.0,0
0.0,12,3131.278109,-0.9585618549918136,0.0,0
0.0,12,3131.298063,-0.9571045273075056,0.0,0
0.002831,13,3131.319843,-0.8848197039782012,0.0,0
0.013417,12,3131.340491,-0.9049947963744664,0.0,0
0.003013,13,3131.361702,-0.8730981492256297,0.0,0
0.00139,12,3131.38122,-0.9464901358553223,0.0,0
0.018907,12,3131.400416,-0.8664074495575617,0.0,0
0.004544,12,3131.420709,-0.8868435697811128,0.0,0
0.001503,12,3131.440098,-0.8827310630010501,0.0,0
0.021924,12,3131.460015,-0.9101067605443202,0.0,0
0.002492,13,3131.481771,-0.8640346816549023,0.0,0
0.032603,13,3131.50344,-0.9124519121243412,0.0,0
0.0,12,3131.523328,-0.8173824400568581,0.0,0
0.0,11,3131.541696,-0.9296622605449253,0.0,0
0.0,11,3131.5599,-0.8323332370878799,0.0,0
0.0,12,3131.588747,-0.8886467220533074,0.0,0
0.000548,12,3131.618827,-0.8834504621227267,0.0,0
0.0,11,3131.64862,-0.8585771375769554,0.0,0
0.001466,12,3132.164351,-0.9008407005192679,0.0,0
0.0,11,3132.182639,-0.8350421410023603,0.0,0
0.01853,11,3132.200588,-0.7534767724445681,0.0,0
0.0,12,3132.219505,-0.9440523324362466,0.0,0
0.004623,11,3132.237507,-0.8679919870998729,0.0,0
0.0,11,3132.255693,-0.8829800763237907,0.0,0
0.0,11,3132.274108,-0.9041008581675618,0.0,0
0.023277,11,3132.292016,-0.84857707847243,0.0,0
0.0,12,3132.31285,-0.9303648249503386,0.0,0
0.0,11,3132.33285,-0.8834172837527647,0.0,0
0.00114,11,3132.352253,-0.9290162646405015,0.0,0
0.001749,11,3132.372102,-0.9244983827888029,0.0,0
0.017739,12,3132.393973,-0.9367589649213743,0.0,0
0.002086,13,3132.417503,-1.0260540558952151,0.0,0
0.0,11,3132.437547,-0.9050927657470839,0.0,0
0.0,12,3132.459669,-0.8912409292345276,0.0,0
0.0185,12,3132.481663,-0.8160665931791327,0.0,0
0.004486,12,3132.504275,-0.8663822206040387,0.0,0
0.0,11,3132.524641,-0.8161463546014849,0.0,0
0.0,12,3132.547127,-0.9777019878182587,0.0,0
0.0,12,3132.569708,-0.8198181968854802,0.0,0
0.0,11,3132.590845,-0.8086966179922104,0.0,0
0.0,12,3132.614063,-0.874887876661159,0.0,0
0.0,12,3132.637321,-0.9036728495046845,0.0,0
0.0,12,3132.660223,-0.9929109963827829,0.0,0
0.000192,11,3132.681563,-0.8506121269718748,0.0,0
0.023174,12,3132.704632,-0.9295865939792091,0.0,0
0.0,12,3132.727763,-0.9325962232612945,0.0,0
0.0,13,3132.752988,-0.9095041096959104,0.0,0
0.004928,11,3132.774196,-0.8710660831117669,0.0,0
0.017942,11,3132.795352,-0.8678064727405836,0.0,0
0.000488,12,3132.818112,-0.9085201382380508,0.0,0
0.002287,12,3132.841088,-0.8872057334906164,0.0,0
0.004921,12,3132.864079,-0.8613331252345878,0.0,0
0.0,11,3132.88491,-0.8891004785449029,0.0,0
1.4e-05,11,3132.905993,-0.9865086390856458,0.0,0
0.000686,12,3132.928954,-0.978687335711891,0.0,0
0.00208,12,3132.951872,-0.8842127001698256,0.0,0
0.0,12,3132.974962,-0.9560611153311008,0.0,0
0.0,11,3132.995885,-0.882806394421187,0.0,0
0.001358,12,3133.018879,-0.8830818643692998,0.0,0
0.001237,12,3133.042102,-0.9285065820632074,0.0,0
0.0,11,3133.063068,-0.8284109809532496,0.0,0
0.042206,12,3133.085905,-0.9452080674783578,0.0,0
0.0,11,3133.587837,-0.848452175488883,0.0,0
0.0,12,3133.608076,-0.8776943398967142,0.0,0
0.0,12,3133.628186,-0.9236227464086177,0.0,0
0.022492,12,3133.647816,-0.9211268712621398,0.0,0
0.008158,12,3133.668202,-0.8766482080675223,0.0,0
0.001354,11,3133.685567,-0.8280812966261233,0.0,0
0.002793,12,3133.705252,-0.8642674932238706,0.0,0
0.001884,12,3133.724759,-0.8940440306505819,0.0,0
0.001291,12,3133.747155,-0.9034359578269903,0.0,0
0.008503,12,3133.774802,-0.8876131575913255,0.0,0
0.002346,12,3133.800953,-0.8280317778502204,0.0,0
0.0,12,3133.826636,-0.8101825644260251,0.0,0
0.004042,12,3133.852535,-1.0153111785566276,0.0,0
0.0,12,3133.878476,-0.9107797677955829,0.0,0
0.004773,13,3133.905963,-0.9009931004966689,0.0,0
0.039137,12,3133.931059,-0.9075533877239677,0.0,0
0.0,11,3133.954219,-0.9215875548209296,0.0,0
0.002512,11,3133.978113,-0.8791969683163207,0.0,0
0.002148,13,3134.00972,-0.9224212073954177,0.0,0
0.003048,12,3134.042215,-0.9611617133319651,0.0,0
0.002678,12,3134.076472,-0.921813494346382,0.0,0
0.0,11,3134.109229,-0.8877215885337089,0.0,0
0.032857,13,3134.14958,-0.8814346114409279,0.0,0
0.004939,12,3134.187598,-0.9263597494751112,0.0,0
0.002728,11,3134.223814,-0.8727164920777549,0.0,0
0.0,12,3134.264493,-0.901096218845214,0.0,0
0.0,12,3134.30469,-0.8258946039067017,0.0,0
0.0,12,3134.344718,-0.9101075550618881,0.0,0
0.0,11,3134.381703,-0.8458839817455536,0.0,0
3.7e-05,12,3134.422172,-0.9034792972962276,0.0,0
0.00133,12,3134.462681,-0.9734022391642133,0.0,0
0.027335,12,3134.502581,-0.8854684301962127,0.0,0
0.004238,12,3134.544028,-0.8489221942514888,0.0,0
0.001345,13,3134.590324,-0.8657195514811167,0.0,0
0.000562,12,3134.633197,-0.9308685099680317,0.0,0
0.002833,12,3134.676414,-0.8941675538947137,0.0,0
0.018218,13,3134.72301,-0.9075259751749374,0.0,0
0.00289,12,3134.765978,-0.9159501904769604,0.0,0
0.021849,12,3134.809102,-0.9230859431224773,0.0,0
0.030987,12,3134.851887,-0.916216554628374,0.0,0
0.028592,12,3134.894802,-0.9098715302588904,0.0,0
0.0,12,3134.937654,-0.9631979951728331,0.0,0
0.0,12,3134.980489,-0.8810901296824557,0.0,0
0.007063,11,3135.522233,-0.895723094918275,0.0,0
0.003011,11,3135.539331,-0.8065321478996751,0.0,0
0.002458,12,3135.559317,-0.8083904652761517,0.0,0
0.000725,12,3135.578424,-0.8449783094231149,0.0,0
0.00435,11,3135.596188,-0.7902451245636654,0.0,0
0.000205,12,3135.615341,-0.866933527876952,0.0,0
0.001964,12,3135.63527,-0.9183840323844138,0.0,0
0.003477,12,3135.655433,-0.9276238232570359,0.0,0
0.0,12,3135.675873,-0.9198317588220931,0.0,0
0.0,12,3135.696473,-0.9816035939547045,0.0,0
0.024584,12,3135.717612,-0.8861423893501885,0.0,0
0.002894,12,3135.738873,-0.9152781182601897,0.0,0
0.022919,12,3135.760394,-0.8391637744000364,0.0,0
0.0,12,3135.782427,-0.8911492566444568,0.0,0
0.0,12,3135.804975,-0.9779775502538153,0.0,0
0.002905,11,3135.825956,-0.8934312331021407,0.0,0
0.0,12,3135.849133,-0.9350189839708173,0.0,0
0.003251,12,3135.872264,-0.9676855571982766,0.0,0
0.030222,11,3135.893777,-0.8057414164191393,0.0,0
0.009726,12,3135.918086,-0.853438704130951,0.0,0
0.0,12,3135.94218,-0.9258118920156772,0.0,0
0.00437,12,3135.966514,-0.8592445060501263,0.0,0
0.000553,11,3135.986166,-0.8505554726368503,0.0,0
0.001243,12,3136.00731,-0.8759811679810122,0.0,0
0.000899,11,3136.026251,-0.9184127768408862,0.0,0
0.0,12,3136.046704,-0.874596608097504,0.0,0
0.006197,12,3136.067574,-0.8927788569894873,0.0,0
0.03106,12,3136.096735,-0.8876803125142291,0.0,0
0.011821,12,3136.127591,-0.8744365876772541,0.0,0
0.001158,11,3136.157278,-0.8411609431724207,0.0,0
0.00134,13,3136.194199,-0.8628572265102179,0.0,0
0.00022,12,3136.230213,-0.8847108730158667,0.0,0
0.035069,12,3136.267633,-0.885223083942703,0.0,0
0.000786,12,3136.304439,-0.8648209686686874,0.0,0
0.002453,12,3136.341324,-0.9086442256989026,0.0,0
0.0,11,3136.374739,-0.9398255700032002,0.0,0
0.00463,12,3136.411322,-0.99248310324663,0.0,0
0.0,12,3136.447696,-0.8843662448659042,0.0,0
0.000635,12,3136.484152,-0.8263059158555757,0.0,0
0.002332,12,3136.520582,-0.9795630982725537,0.0,0
0.001654,12,3136.557046,-0.9097400969665296,0.0,0
0.002119,12,3136.593505,-0.9192894030081892,0.0,0
0.0,12,3136.62998,-0.9333090660524259,0.0,0
0.002258,12,3137.174719,-0.9270345285678745,0.0,0
0.001407,13,3137.196626,-0.9632356491032995,0.0,0
0.0,12,3137.215978,-0.8949038805548393,0.0,0
0.0,11,3137.234169,-0.9042781645587193,0.0,0
0.001957,11,3137.252169,-0.9204556999882217,0.0,0
0.003119,11,3137.270143,-0.9421104646192966,0.0,0
0.016499,11,3137.288416,-0.8460613487051359,0.0,0
0.001505,11,3137.309369,-0.8491073250030664,0.0,0
0.002542,12,3137.332335,-0.8558992862513508,0.0,0
0.0,13,3137.356035,-0.9256005829037017,0.0,0
0.021805,12,3137.375745,-0.9028169664998126,0.0,0
0.003676,12,3137.394994,-0.944157181604183,0.0,0
0.00073,12,3137.416338,-0.8765053692381396,0.0,0
0.0,12,3137.439192,-0.9313899952352535,0.0,0
0.0,11,3137.460272,-0.8287281708123131,0.0,0
0.0,11,3137.481341,-0.9340069766022056,0.0,0
0.0,12,3137.501784,-0.8628831665882256,0.0,0
0.0,12,3137.52149,-0.876050900355027,0.0,0
0.002026,12,3137.541338,-0.8985919516916343,0.0,0
0.000537,11,3137.562296,-0.8139066987844715,0.0,0
0.001434,12,3137.586102,-0.9445076727949239,0.0,0
0.0,11,3137.61027,-0.86997668625875,0.0,0
0.002912,12,3137.635818,-0.8803178686179626,0.0,0
0.0,12,3137.661684,-0.8368538737372692,0.0,0
0.0,12,3137.687899,-0.9489040819815666,0.0,0
0.0,13,3137.716851,-0.9098665002469002,0.0,0
0.002556,13,3137.751453,-0.8819505379217647,0.0,0
0.003492,12,3137.784821,-0.8348974388218531,0.0,0
0.0,11,3137.817081,-0.8542075324553633,0.0,0
0.000251,11,3137.850332,-0.8436427428730449,0.0,0
0.0,11,3137.88482,-0.7717927373612053,0.0,0
0.0,11,3137.920692,-0.8662009280807983,0.0,0
4.2e-05,12,3137.960644,-0.9576488754908073,0.0,0
0.00257,11,3137.997191,-0.9016709640090108,0.0,0
0.0,11,3138.033795,-0.7966895460556662,0.0,0
0.009941,11,3138.070374,-0.7628438483948948,0.0,0
0.0141,12,3138.110298,-0.8977330173476107,0.0,0
0.0,12,3138.151144,-0.8903819711526572,0.0,0
0.034506,13,3138.197274,-0.7964720448940384,0.0,0
0.006088,12,3138.240136,-0.8831447834082363,0.0,0
0.002527,12,3138.283546,-0.8501933453333036,0.0,0
0.00337,12,3138.326212,-0.8328793504748868,0.0,0
0.0,12,3138.36889,-0.9239835168837144,0.0,0
0.001096,12,3138.41165,-0.8493477243141534,0.0,0
0.003828,12,3138.940573,-0.9417549043957211,0.0,0
0.0,12,3138.96136,-0.8780834975551048,0.0,0
0.001771,11,3138.980525,-0.8214621884576121,0.0,0
0.004492,12,3139.001906,-0.7775105254311396,0.0,0
0.004075,12,3139.022727,-0.8509389986529238,0.0,0
0.0,12,3139.043403,-0.8216083159515315,0.0,0
0.005578,12,3139.06418,-0.8822291811889506,0.0,0
0.023696,12,3139.085079,-0.886138236032278,0.0,0
0.0,12,3139.105792,-0.8688993867011987,0.0,0
0.001023,12,3139.126395,-0.792298204266479,0.0,0
0.0,12,3139.143466,-0.8507233227426007,0.0,0
0.000518,12,3139.160983,-0.8417766909136063,0.0,0
0.0,11,3139.177686,-0.8454320717458774,0.0,0
0.014229,12,3139.196366,-0.8107795221188536,0.0,0
0.0,12,3139.218849,-0.8559019822021542,0.0,0
0.0,11,3139.242535,-0.8821010852054997,0.0,0
0.000701,12,3139.269017,-0.8374024138442343,0.0,0
0.0,12,3139.295646,-0.8081415189378173,0.0,0
0.022216,11,3139.320822,-0.8348176259238933,0.0,0
0.0,11,3139.349911,-0.7837802531229519,0.0,0
0.0,12,3139.383431,-0.839070630725353,0.0,0
0.0,12,3139.418647,-0.8577689339342713,0.0,0
0.003855,11,3139.447634,-0.8184767140811547,0.0,0
0.0,12,3139.475839,-0.8940054026862723,0.0,0
1.1e-05,11,3139.506577,-0.8735863126123458,0.0,0
0.0,12,3139.542697,-0.9436906291245845,0.0,0
0.001183,12,3139.580558,-0.8915632423309475,0.0,0
0.0,12,3139.618675,-0.8522969311624774,0.0,0
0.006337,11,3139.655402,-0.8246118154647626,0.0,0
0.0,11,3139.692156,-0.8418010866814339,0.0,0
0.012947,12,3139.732259,-0.873290862284637,0.0,0
0.0,11,3139.769459,-0.8272386576023305,0.0,0
0.013967,12,3139.809535,-0.7980461605953603,0.0,0
5e-05,12,3139.85002,-0.8748031199036991,0.0,0
0.0,12,3139.891223,-0.8509225015077463,0.0,0
0.015604,13,3139.937967,-0.890212454491823,0.0,0
0.003837,11,3139.977495,-0.8907683603103848,0.0,0
0.0,12,3140.020709,-0.8819371151595485,0.0,0
0.0,12,3140.06361,-0.9072042067814561,0.0,0
0.002239,12,3140.106699,-0.8961820061514324,0.0,0
0.0,11,3140.146146,-0.9063465969179283,0.0,0
0.015573,12,3140.189267,-0.8367435603514516,0.0,0
0.00732,11,3140.228786,-0.9324672974946823,0.0,0
0.0,12,3140.27258,-0.8700838386482419,0.0,0
0.001077,13,3140.806766,-0.8389328096703148,0.0,0
0.003931,12,3140.825957,-0.9656487304358011,0.0,0
0.002573,12,3140.845022,-0.953146789104822,0.0,0
0.0,12,3140.863647,-0.9323368290731594,0.0,0
0.0,12,3140.882977,-0.8800029516303199,0.0,0
0.0,11,3140.900804,-0.8296614875058713,0.0,0
0.001293,12,3140.920798,-0.9169193989255935,0.0,0
0.003003,12,3140.941071,-0.9020752047564816,0.0,0
0.001932,11,3140.959772,-0.8974814992154171,0.0,0
0.001827,11,3140.978837,-0.9006786031742872,0.0,0
0.000855,11,3140.998155,-0.8151176819779854,0.0,0
0.0,12,3141.017417,-0.9554984244425277,0.0,0
0.0,11,3141.034358,-0.8840326004527256,0.0,0
0.0,11,3141.052021,-0.7750515516398189,0.0,0
0.003571,12,3141.071031,-0.8874074417288975,0.0,0
0.0,13,3141.091916,-0.8227237775577356,0.0,0
0.015211,13,3141.113169,-0.9247010667057295,0.0,0
0.018183,12,3141.133415,-0.8827819406147983,0.0,0
0.00395,13,3141.155712,-0.9042066119096918,0.0,0
0.004586,12,3141.176606,-0.838718438035187,0.0,0
0.0,12,3141.196392,-0.9181936663602727,0.0,0
0.032617,12,3141.216076,-0.8065895852116535,0.0,0
0.0,12,3141.23717,-0.9179157045678585,0.0,0
0.008697,12,3141.259101,-0.9161604418025613,0.0,0
0.0,12,3141.280838,-0.9258064807290938,0.0,0
0.002079,12,3141.302376,-0.9284747307383474,0.0,0
0.011287,12,3141.324581,-0.8072486832814679,0.0,0
0.001806,12,3141.346832,-0.9155100354933061,0.0,0
0.00465,12,3141.369187,-0.9320920725314804,0.0,0
0.002279,11,3141.389578,-0.7883215759067548,0.0,0
0.004113,13,3141.413529,-0.8108911278355037,0.0,0
0.0,11,3141.433765,-0.9056089222024893,0.0,0
0.0,12,3141.455997,-0.9361600441311967,0.0,0
0.007617,12,3141.47814,-0.8346358032131849,0.0,0
0.001136,12,3141.500455,-0.8557581603622526,0.0,0
0.00175,12,3141.52326,-0.799722529659564,0.0,0
0.013128,12,3141.545956,-0.9037221602722492,0.0,0
0.0,12,3141.569441,-0.8773785284881934,0.0,0
0.0,12,3141.592293,-0.9486297690600338,0.0,0
0.003235,12,3141.615116,-0.8592673251480982,0.0,0
0.003262,12,3141.638141,-0.9134344227129254,0.0,0
0.0,11,3141.659137,-0.9070223917587632,0.0,0
0.0,12,3141.682125,-1.0142090312022376,0.0,0
0.0,12,3142.181993,-0.9195928184175061,0.0,0
0.001919,12,3142.205337,-0.9335733945242879,0.0,0
0.008821,12,3142.228363,-0.9272658160859961,0.0,0
0.010573,12,3142.251451,-0.8915315594303909,0.0,0
0.0,11,3142.272347,-0.840224105952521,0.0,0
0.003549,12,3142.295591,-0.9381264353150802,0.0,0
0.0,12,3142.318816,-0.8670911433699219,0.0,0
0.026628,12,3142.341959,-0.9370633575137098,0.0,0
0.001151,12,3142.365059,-0.8832054032714904,0.0,0
0.0,12,3142.384771,-0.8648609300948187,0.0,0
0.0,12,3142.40383,-0.8771231736081214,0.0,0
0.000163,12,3142.423035,-0.8770673218092923,0.0,0
0.000427,12,3142.442163,-0.869850724159118,0.0,0
0.0,11,3142.459529,-0.8149301493447476,0.0,0
0.00069,11,3142.477116,-0.8102021167837034,0.0,0
0.009091,11,3142.494039,-0.8645717626644026,0.0,0
0.0,11,3142.515434,-0.9285724282263236,0.0,0
0.0,12,3142.541207,-0.8652398451857034,0.0,0
0.0,11,3142.567808,-0.8211524015552688,0.0,0
0.0,12,3142.598293,-0.939427402456768,0.0,0
0.003572,11,3142.627823,-0.8294789339509215,0.0,0
0.0,12,3142.661789,-0.9316415759768002,0.0,0
0.0,12,3142.696777,-0.920804793169025,0.0,0
0.001941,11,3142.73011,-0.8355197083588441,0.0,0
0.003669,12,3142.767849,-0.9003758271463396,0.0,0
0.007462,12,3142.806068,-0.8209603751019794,0.0,0
0.000419,11,3142.840611,-0.8422096545696917,0.0,0
0.004174,12,3142.880601,-0.8127921160797876,0.0,0
0.0,12,3142.920644,-1.0117173567172568,0.0,0
0.0,13,3142.964007,-0.923429278003323,0.0,0
0.040713,12,3143.004,-0.9302710317105684,0.0,0
0.0,12,3143.044072,-0.9065504163449911,0.0,0
0.0026,11,3143.080642,-0.9033413226080707,0.0,0
0.028474,12,3143.120727,-0.8289011852028396,0.0,0
0.008143,12,3143.160714,-0.9144075604290568,0.0,0
0.000263,12,3143.200753,-0.9402519503034641,0.0,0
0.0,12,3143.240649,-0.8670338359766268,0.0,0
0.00128,12,3143.280774,-0.900913261840333,0.0,0
0.008046,12,3143.320756,-0.8528653751931601,0.0,0
0.005784,12,3143.360585,-0.8096056697565361,0.0,0
0.0,12,3143.400757,-0.9288990837535386,0.0,0
0.0,13,3143.444031,-0.9217313436478254,0.0,0
0.00203,11,3143.480472,-0.8758323286554819,0.0,0
0.014489,13,3144.008706,-0.9409122371663492,0.0,0
0.0,12,3144.02976,-0.9322765664483899,0.0,0
0.0,12,3144.052344,-0.903804990000633,0.0,0
0.0,12,3144.080054,-0.8525266888098019,0.0,0
0.0,12,3144.107648,-0.8753103862063697,0.0,0
0.008044,12,3144.13129,-0.929041822573271,0.0,0
0.001647,11,3144.150476,-0.7943907770937834,0.0,0
0.0,12,3144.170745,-0.8972480202810328,0.0,0
0.022396,12,3144.190966,-0.9077765580695446,0.0,0
0.02119,12,3144.208775,-0.9484248115569415,0.0,0
0.0,12,3144.226745,-0.8667130598442495,0.0,0
0.0,12,3144.244287,-0.9477211873802601,0.0,0
0.0,11,3144.260527,-0.9042683136732964,0.0,0
0.010778,12,3144.278627,-0.8241937641536609,0.0,0
0.003719,13,3144.297753,-0.8985599468247952,0.0,0
0.00133,12,3144.315264,-0.8668548798319924,0.0,0
0.0,12,3144.333688,-0.9409892248381638,0.0,0
0.001619,12,3144.352045,-0.85339251374601,0.0,0
0.001916,12,3144.37213,-0.7952048689119696,0.0,0
0.021396,12,3144.398969,-0.9190360906760404,0.0,0
0.009709,12,3144.428072,-0.9016416216379077,0.0,0
0.020247,12,3144.458804,-0.9124738412479131,0.0,0
0.002475,11,3144.488551,-0.8532544040380443,0.0,0
0.0,12,3144.524203,-0.865246077749202,0.0,0
0.0,12,3144.562058,-0.8477443010137011,0.0,0
0.0,11,3144.598608,-0.8706676922588457,0.0,0
0.001098,13,3144.638517,-0.8960525789352528,0.0,0
0.003259,11,3144.66749,-0.8652051773635764,0.0,0
0.000204,11,3144.696655,-0.823372667224013,0.0,0
0.0,11,3144.729637,-0.8977323178998309,0.0,0
0.000501,12,3144.768402,-0.8383810165410538,0.0,0
0.0,12,3144.806433,-0.86576889062903,0.0,0
0.0,11,3144.843185,-0.9129045168480635,0.0,0
0.0,12,3144.883428,-0.9021599530906099,0.0,0
0.001728,11,3144.92048,-0.9039947625343331,0.0,0
0.0,13,3144.963977,-0.8757083530693929,0.0,0
0.0,12,3145.004482,-0.8989008617684978,0.0,0
0.0,12,3145.044673,-0.9214542272457017,0.0,0
0.004808,12,3145.084994,-0.8768799385515984,0.0,0
0.0,11,3145.121852,-0.8685167294419617,0.0,0
0.014924,12,3145.161757,-0.8908736384526458,0.0,0
0.001578,12,3145.201985,-0.9142073310001518,0.0,0
0.002943,12,3145.242279,-0.9075867014475621,0.0,0
0.000391,12,3145.843883,-0.944411285436396,0.0,0
0.001531,12,3145.862942,-0.9333602248220845,0.0,0
0.001634,12,3145.882534,-0.9050848632472028,0.0,0
0.0,12,3145.90129,-0.9590265916077008,0.0,0
0.002249,12,3145.921165,-0.8514116028534104,0.0,0
0.0,12,3145.940815,-0.8934455152329466,0.0,0
0.011226,13,3145.962206,-0.8960800476074001,0.0,0
0.014392,11,3145.98118,-0.8490483479145453,0.0,0
0.0,12,3146.001508,-0.9069254640641883,0.0,0
0.031492,12,3146.021695,-0.8847635094912182,0.0,0
0.0,11,3146.039971,-0.9195913538765682,0.0,0
0.00752,12,3146.05906,-0.8979397665032931,0.0,0
0.003895,13,3146.07976,-0.9003503124191055,0.0,0
0.01003,13,3146.099777,-0.8782737708674715,0.0,0
0.003853,12,3146.118759,-0.8714386134089365,0.0,0
0.011298,12,3146.140614,-0.9215232064033347,0.0,0
0.012743,12,3146.168596,-0.8966731400101591,0.0,0
0.000953,11,3146.195798,-0.8452255657485505,0.0,0
0.004776,13,3146.229972,-0.9190901588501335,0.0,0
0.0,12,3146.263348,-0.8827052871693368,0.0,0
0.002111,12,3146.298123,-0.8279834050016905,0.0,0
0.016067,12,3146.334041,-0.8881932966050582,0.0,0
0.017041,12,3146.371698,-0.8781742394315174,0.0,0
0.002542,12,3146.409365,-0.9403630684286594,0.0,0
0.000684,11,3146.444932,-0.9077276322681754,0.0,0
0.0044,11,3146.481557,-0.8649981862075973,0.0,0
0.018054,12,3146.521544,-0.9407282299264593,0.0,0
0.0,11,3146.558101,-0.8121027528427468,0.0,0
0.00167,12,3146.598105,-0.9331229769353722,0.0,0
0.006201,13,3146.641768,-0.9051164638915384,0.0,0
0.003072,13,3146.684924,-0.9496894935326831,0.0,0
0.003341,12,3146.724547,-0.8895772583886704,0.0,0
0.0,11,3146.760779,-0.8063227015693819,0.0,0
0.0,12,3146.800528,-0.8628765709130393,0.0,0
0.025088,12,3146.840755,-0.928584419757115,0.0,0
0.004006,11,3146.877084,-0.9078808304424781,0.0,0
0.0,12,3146.916777,-0.9292546842678568,0.0,0
0.004304,12,3146.956657,-0.9039293333480171,0.0,0
0.004846,12,3146.996296,-0.9174941559956129,0.0,0
0.0,12,3147.035985,-0.9345114260071814,0.0,0
0.001285,11,3147.072457,-0.8487761244766145,0.0,0
0.025187,13,3147.115436,-0.9046782220490082,0.0,0
0.0,13,3147.158365,-0.8993178478748239,0.0,0
0.001848,12,3147.682269,-0.975938363973848,0.0,0
0.0,12,3147.702116,-0.98048875148225,0.0,0
0.0,12,3147.721712,-0.8882092688853566,0.0,0
0.000619,11,3147.738935,-0.9057689759482932,0.0,0
0.002978,12,3147.758172,-0.8776468619774287,0.0,0
0.003222,12,3147.778048,-0.8703732959350086,0.0,0
0.00064,12,3147.797348,-0.8876494582959672,0.0,0
0.011592,12,3147.81719,-0.8530091101040816,0.0,0
0.00389,11,3147.836028,-0.7876319654090863,0.0,0
0.0,12,3147.85693,-0.9666025173058618,0.0,0
0.007184,12,3147.877942,-0.9679354069882072,0.0,0
0.0,11,3147.897287,-0.8875589240148133,0.0,0
0.0,12,3147.91877,-1.013505012244524,0.0,0
0.0,11,3147.938977,-0.8235371086912457,0.0,0
0.0,11,3147.964385,-0.7758695907222626,0.0,0
0.0,11,3147.991461,-0.8094869791684297,0.0,0
0.0,12,3148.021927,-0.9304977969938315,0.0,0
0.0,12,3148.051495,-0.894415618703689,0.0,0
0.0,12,3148.082788,-0.9454520151260678,0.0,0
0.003135,12,3148.10716,-0.9158562698542678,0.0,0
0.008034,11,3148.129991,-0.8164870793104434,0.0,0
0.000152,12,3148.153975,-0.9282777597405615,0.0,0
0.004079,11,3148.175853,-0.8500933307119156,0.0,0
0.000643,11,3148.19766,-0.9029053573640723,0.0,0
0.002285,12,3148.221296,-0.9050132773321794,0.0,0
0.0,12,3148.245243,-0.887326204947419,0.0,0
0.0,11,3148.266975,-0.9076146344263514,0.0,0
0.0,12,3148.290815,-0.8969162829277204,0.0,0
0.0,12,3148.314593,-0.9724997851329734,0.0,0
0.0,12,3148.33834,-0.9173198935913113,0.0,0
0.02193,12,3148.362116,-0.8228235550103604,0.0,0
0.0,12,3148.385756,-0.9446226639710507,0.0,0
0.0,12,3148.409505,-0.9341565062393606,0.0,0
0.0,12,3148.43323,-0.8532802185450431,0.0,0
0.00464,11,3148.455045,-0.8456671318628177,0.0,0
0.0,12,3148.478743,-0.9532739358729011,0.0,0
7e-06,12,3148.502451,-0.9538078516370398,0.0,0
0.031898,12,3148.52621,-0.9165430383294288,0.0,0
0.006189,12,3148.549974,-0.9706410309735547,0.0,0
0.0,11,3148.571656,-0.9037827226034202,0.0,0
0.00681,12,3148.59547,-0.9087630822196261,0.0,0
0.000872,11,3148.617106,-0.8042931902616555,0.0,0
0.008985,13,3148.64291,-0.8923166597792951,0.0,0
0.001049,11,3148.664656,-0.8426393156856145,0.0,0
0.0,12,3149.175323,-0.924960267059057,0.0,0
0.0,11,3149.193529,-0.8341763394035594,0.0,0
0.001976,11,3149.21126,-0.847340315556527,0.0,0
0.004936,12,3149.229807,-0.8436843003584326,0.0,0
0.035063,12,3149.248879,-0.8804075223820573,0.0,0
0.0,12,3149.26771,-0.968639996944648,0.0,0
0.005901,12,3149.287761,-0.902329039849638,0.0,0
0.0,12,3149.307063,-0.9463337016580828,0.0,0
0.020171,12,3149.327033,-0.8711175040720485,0.0,0
0.0,12,3149.347823,-0.8617831204497122,0.0,0
0.0,12,3149.369851,-0.9485792947789617,0.0,0
0.012829,11,3149.387452,-0.8384314394316591,0.0,0
0.0,11,3149.403822,-0.8200454213583639,0.0,0
0.0,11,3149.41943,-0.8606152414823329,0.0,0
0.012708,12,3149.436799,-0.9037972657530816,0.0,0
0.0,11,3149.452737,-0.853252236728903,0.0,0
0.0,12,3149.47057,-0.9701352767959807,0.0,0
0.012766,11,3149.487352,-0.9301450596166942,0.0,0
0.00649,12,3149.507031,-0.9612040244123888,0.0,0
0.002436,12,3149.527065,-0.926370330907566,0.0,0
0.001146,11,3149.545594,-0.9463068407834058,0.0,0
0.001814,13,3149.568093,-0.8900343007376523,0.0,0
0.015509,11,3149.587213,-0.8192103141013697,0.0,0
0.0,12,3149.608376,-0.86580216194176,0.0,0
0.0,11,3149.628256,-0.768037028184666,0.0,0
0.0,11,3149.648383,-0.8721247940335136,0.0,0
0.0,11,3149.668475,-0.7939545059839487,0.0,0
0.0,11,3149.69113,-0.8883221201807174,0.0,0
0.025968,12,3149.719684,-0.8809272807089171,0.0,0
0.0,11,3149.748418,-0.9030187241924869,0.0,0
0.004685,12,3149.780524,-0.9152948369428042,0.0,0
0.0,12,3149.814695,-0.8342720591060658,0.0,0
0.0,11,3149.847184,-0.8841536573293389,0.0,0
0.0,12,3149.88451,-0.966322132060745,0.0,0
0.002991,12,3149.922266,-0.9472890881937832,0.0,0
0.008918,12,3149.953274,-0.9539496098155655,0.0,0
0.019163,13,3149.984973,-0.9269332930436683,0.0,0
0.016513,12,3150.013213,-0.9362633148565265,0.0,0
0.0,11,3150.038111,-0.8716038258768968,0.0,0
0.007357,12,3150.064993,-0.9141468425817915,0.0,0
0.001216,12,3150.089001,-0.9386896863910452,0.0,0
0.002952,12,3150.110367,-0.8914511258193848,0.0,0
0.0,11,3150.129794,-0.8485615003076299,0.0,0
0.004268,12,3150.151319,-0.929651601152409,0.0,0
0.000179,11,3150.74905,-0.8272807509956102,0.0,0
0.0,11,3150.770167,-0.8310012914050866,0.0,0
0.0,12,3150.793289,-0.9599206065413702,0.0,0
0.0,11,3150.813072,-0.8507357313138195,0.0,0
0.002665,12,3150.834119,-0.9249680823843511,0.0,0
0.0,12,3150.854493,-0.931215246292116,0.0,0
0.0,11,3150.873046,-0.9083238404749349,0.0,0
0.004702,12,3150.893342,-0.8855650165675479,0.0,0
0.024523,12,3150.91367,-0.8872700995688427,0.0,0
0.0,12,3150.933335,-0.8770737702644453,0.0,0
0.0,12,3150.950397,-0.8647658398043057,0.0,0
0.0,11,3150.966791,-0.8549509320228074,0.0,0
0.0,12,3150.984503,-0.8759289709134207,0.0,0
0.035089,12,3151.005778,-0.910125941701351,0.0,0
0.0,11,3151.030213,-0.7992183574001962,0.0,0
0.019111,12,3151.058916,-0.864598738557026,0.0,0
0.003131,13,3151.091834,-0.9310829895180872,0.0,0
0.0,12,3151.12403,-0.9113975179515389,0.0,0
0.003585,12,3151.158045,-0.9371730097124943,0.0,0
0.002767,11,3151.190565,-0.8307813847361952,0.0,0
0.0,12,3151.227306,-0.9830186687948583,0.0,0
0.002183,12,3151.265323,-0.8640972181757571,0.0,0
0.011946,12,3151.303109,-0.9152379608620583,0.0,0
0.0,11,3151.337929,-0.8324743384414812,0.0,0
0.001105,11,3151.374733,-0.7479446529236978,0.0,0
0.003627,12,3151.415175,-0.9472869806063577,0.0,0
0.0,12,3151.455531,-0.8794823304885152,0.0,0
0.0,12,3151.495912,-0.9391917723945012,0.0,0
0.000409,11,3151.53428,-0.7766719603386539,0.0,0
0.0,12,3151.576755,-0.9347183931256562,0.0,0
0.001236,12,3151.619725,-0.8843607452116181,0.0,0
0.0,11,3151.659544,-0.9082492053377086,0.0,0
0.003632,12,3151.702514,-0.8564899930231565,0.0,0
0.0,12,3151.745668,-1.0191666338943888,0.0,0
0.0,12,3151.788654,-0.9877440475949594,0.0,0
0.0,12,3151.831656,-0.8874585792927592,0.0,0
0.003305,11,3151.871096,-0.9048755333366814,0.0,0
0.008201,13,3151.917732,-0.9160432794855897,0.0,0
0.015439,12,3151.960789,-0.9096725666919194,0.0,0
0.001656,11,3152.000196,-0.8836804502787671,0.0,0
0.0,12,3152.043341,-0.973070081746693,0.0,0
0.025426,12,3152.086444,-0.9264394040318426,0.0,0
0.00217,12,3152.129625,-0.8771499834539057,0.0,0
0.004881,12,3152.746099,-0.9660565332305922,0.0,0
0.00515,12,3152.766769,-0.9657428814547899,0.0,0
0.0,12,3152.78718,-0.9267218978682308,0.0,0
0.018554,13,3152.809278,-0.9058148995925533,0.0,0
9.2e-05,11,3152.827913,-0.91616222912289,0.0,0
0.000274,11,3152.846782,-0.8642591609601112,0.0,0
0.000415,12,3152.868221,-0.9640440666173694,0.0,0
0.0,11,3152.889024,-0.8872593121217228,0.0,0
0.011336,11,3152.910735,-0.8782997799246681,0.0,0
0.0,11,3152.931711,-0.8859256657831173,0.0,0
0.000635,12,3152.953691,-0.8953436401334283,0.0,0
0.0,11,3152.973458,-0.874973051830132,0.0,0
0.0,12,3152.995012,-0.9613898336963105,0.0,0
0.00287,11,3153.014813,-0.8740300079487259,0.0,0
0.012413,11,3153.034034,-0.9135675797790824,0.0,0
0.0,12,3153.055304,-0.9810840754227285,0.0,0
0.002204,11,3153.071071,-0.8961460547892598,0.0,0
0.010173,12,3153.088264,-0.9053137203068609,0.0,0
0.029928,12,3153.105747,-0.9401094995801754,0.0,0
0.01147,12,3153.123372,-0.8575648177224118,0.0,0
0.0,12,3153.144518,-0.9388447807454368,0.0,0
0.0,12,3153.169792,-0.8872890040147768,0.0,0
0.000513,11,3153.192779,-0.9161584479082143,0.0,0
0.001257,11,3153.216021,-0.8788601938187909,0.0,0
0.006917,11,3153.239204,-0.9000274167093223,0.0,0
0.002707,13,3153.267352,-0.9582003285069824,0.0,0
0.0,11,3153.290507,-0.9151219896655037,0.0,0
0.000409,12,3153.315655,-1.032554732355785,0.0,0
0.002661,13,3153.343014,-0.927853056964328,0.0,0
0.008613,11,3153.366259,-0.9129171547891454,0.0,0
0.004516,12,3153.391447,-0.8943003577391722,0.0,0
0.0,11,3153.41509,-0.8634509925016312,0.0,0
0.0,12,3153.440592,-0.9572836972855087,0.0,0
0.0,12,3153.465578,-0.9121389628773164,0.0,0
0.003362,12,3153.49124,-0.8929125063881052,0.0,0
0.0,11,3153.515211,-0.9007205858203157,0.0,0
0.0,12,3153.540344,-0.9792345652823842,0.0,0
0.0,11,3153.563666,-0.9098761683693305,0.0,0
0.0,12,3153.589514,-1.0449038655013154,0.0,0
0.011509,12,3153.615239,-0.95753883328891,0.0,0
0.029174,11,3153.638392,-0.7675082762422561,0.0,0
0.030073,12,3153.664128,-0.9575658472656493,0.0,0
0.004153,11,3153.687952,-0.912239767551978,0.0,0
0.004014,11,3153.711352,-0.9194707328665199,0.0,0
0.003435,12,3154.248551,-1.0256267935222436,0.0,0
0.033583,12,3154.26685,-0.9031537151178956,0.0,0
0.000455,11,3154.284295,-0.8829992746172519,0.0,0
0.0,11,3154.30134,-0.8280506104550717,0.0,0
0.0,11,3154.318397,-0.9995366988923704,0.0,0
0.0,12,3154.33762,-0.9312736008944661,0.0,0
0.004562,11,3154.355227,-0.8892344142307123,0.0,0
0.004152,11,3154.37338,-0.8297182933491802,0.0,0
0.0,12,3154.392729,-0.9093399420256738,0.0,0
0.0,12,3154.413159,-0.9086883851506293,0.0,0
0.037162,12,3154.433601,-0.872286364554698,0.0,0
0.0,11,3154.450916,-0.9055130948351618,0.0,0
0.00101,12,3154.468675,-0.8744784492894014,0.0,0
0.001423,12,3154.48599,-0.8580824742310253,0.0,0
0.023257,11,3154.501692,-0.7789688686677796,0.0,0
0.02533,12,3154.51898,-0.87673054473187,0.0,0
0.0,11,3154.534577,-0.8956455416521859,0.0,0
0.017446,11,3154.550273,-0.9558259718182534,0.0,0
0.0,11,3154.566051,-0.8411913440106898,0.0,0
0.008558,12,3154.583447,-0.9397035667070623,0.0,0
0.003731,11,3154.598986,-0.9302191059678309,0.0,0
0.003458,13,3154.617531,-0.9536204373100062,0.0,0
0.003403,11,3154.633479,-0.9209986175428575,0.0,0
0.000179,11,3154.649048,-0.9294486442795118,0.0,0
0.0,12,3154.667496,-0.9130637222070619,0.0,0
0.000458,12,3154.685528,-0.8644053857188634,0.0,0
0.048679,12,3154.711269,-0.9204448923165853,0.0,0
0.0,12,3154.739328,-0.9112575093466452,0.0,0
0.004275,11,3154.767515,-0.9192806668180574,0.0,0
0.0,12,3154.798454,-0.830145105133291,0.0,0
0.0,13,3154.83475,-0.9196074754286673,0.0,0
0.001108,11,3154.86661,-0.785280940047813,0.0,0
0.001418,11,3154.899384,-0.8526733530252256,0.0,0
0.025634,12,3154.937105,-0.8778591009874989,0.0,0
0.0,11,3154.971817,-0.9134727297556492,0.0,0
0.022407,12,3155.011276,-0.9493827245345418,0.0,0
0.0,12,3155.050903,-0.8852292461922394,0.0,0
0.0,11,3155.087821,-0.8091826661517831,0.0,0
0.00333,12,3155.128261,-0.9614435588403373,0.0,0
0.016651,12,3155.168364,-0.947139698045274,0.0,0
0.001567,12,3155.209518,-1.0123739888872028,0.0,0
0.0,11,3155.249021,-0.8393031148220974,0.0,0
0.0,11,3155.288464,-0.8974850625011133,0.0,0
0.0,12,3155.331339,-0.8905563658079986,0.0,0
0.0,12,3155.905895,-0.9438984178571481,0.0,0
0.004475,12,3155.927628,-0.9411761976767433,0.0,0
0.0,11,3155.945832,-0.8996434385042607,0.0,0
0.020502,12,3155.964813,-0.947067580944119,0.0,0
0.0,11,3155.981802,-0.8784305606207689,0.0,0
0.004101,12,3156.000771,-0.9485546337524114,0.0,0
0.0,13,3156.02175,-0.8582595434322565,0.0,0
0.0,12,3156.042343,-0.9377979131734993,0.0,0
0.002847,11,3156.061072,-0.8670107741670509,0.0,0
0.00049,12,3156.081333,-0.8807770757583131,0.0,0
0.006535,11,3156.10005,-0.9459882444918827,0.0,0
0.0,12,3156.11822,-0.9106759587959191,0.0,0
0.004426,12,3156.135739,-0.9802782133532291,0.0,0
0.01793,13,3156.154541,-0.9296356113437054,0.0,0
0.0,11,3156.170082,-0.9654321390254794,0.0,0
0.003068,11,3156.186191,-0.8921527846341711,0.0,0
0.003283,11,3156.202456,-0.8758095401409509,0.0,0
0.0,12,3156.219702,-0.8581735585597472,0.0,0
0.0,11,3156.23579,-0.8579383927581208,0.0,0
0.0,12,3156.25304,-0.8943753904422497,0.0,0
0.006195,12,3156.270259,-0.9379868002994731,0.0,0
0.0,12,3156.287968,-0.8959609487333823,0.0,0
0.003928,12,3156.305624,-0.9223886979476055,0.0,0
0.004152,12,3156.322751,-0.896148813573014,0.0,0
0.0,13,3156.341967,-0.8976426904304916,0.0,0
0.017448,12,3156.359451,-0.9489173197928388,0.0,0
0.0,11,3156.37569,-0.8470134708531202,0.0,0
0.003586,11,3156.391586,-0.8346520744703059,0.0,0
0.025052,13,3156.410144,-0.9201351904800193,0.0,0
0.012059,13,3156.428951,-0.9553311860229388,0.0,0
0.0,11,3156.44505,-0.9192304264251215,0.0,0
0.052258,11,3156.461501,-0.8350161264048859,0.0,0
0.0,11,3156.477289,-0.9381410312667031,0.0,0
0.0,11,3156.493412,-0.9400674627561303,0.0,0
0.000902,11,3156.509304,-0.8654402453158699,0.0,0
0.002469,11,3156.52528,-0.9285321416965571,0.0,0
0.001726,12,3156.542579,-0.947350553009712,0.0,0
0.00196,10,3156.556788,-0.8686503250677002,0.0,0
0.0,12,3156.574079,-0.907208104248312,0.0,0
0.003355,11,3156.590319,-0.838082693878999,0.0,0
0.032778,11,3156.606494,-0.8647706945319973,0.0,0
0.00146,11,3156.622449,-0.9138451063298739,0.0,0
0.0,11,3156.638829,-0.8563014812797672,0.0,0
0.002243,12,3156.656886,-0.9739952558148978,0.0,0
0.0,12,3156.681743,-0.9650028336322797,0.0,0
1e-05,11,3157.233271,-0.8875991452044275,0.0,0
0.018355,12,3157.252835,-0.9368816491779204,0.0,0
0.0,12,3157.273073,-0.8727272265672804,0.0,0
0.0,12,3157.293031,-0.8689247446130467,0.0,0
0.001253,12,3157.3134,-0.8895922668007458,0.0,0
0.0,12,3157.333377,-0.9143401712513352,0.0,0
0.0,12,3157.352961,-0.9589827909549825,0.0,0
0.0,12,3157.37372,-0.8657483358637277,0.0,0
0.0,12,3157.395026,-0.9004170685105175,0.0,0
0.017809,12,3157.415594,-0.9415622492442227,0.0,0
0.012361,11,3157.433717,-0.8937603257416962,0.0,0
0.003546,12,3157.453522,-0.9285006824951566,0.0,0
0.003118,12,3157.476263,-0.9349723618273519,0.0,0
0.0,12,3157.502481,-0.9357448160063084,0.0,0
0.001648,12,3157.532438,-0.8944048434784639,0.0,0
0.0,12,3157.564565,-0.9745008956947179,0.0,0
0.034311,11,3157.595544,-0.8905286017872414,0.0,0
0.021962,11,3157.629655,-0.9163172639630855,0.0,0
0.00077,11,3157.664892,-0.9268184417377247,0.0,0
0.0,12,3157.702322,-0.9140739330405447,0.0,0
0.002705,11,3157.736933,-0.884065686789133,0.0,0
0.028457,12,3157.77491,-0.8670420722966216,0.0,0
0.001742,12,3157.815279,-0.9505887563465735,0.0,0
0.004038,12,3157.854966,-0.9553018485413086,0.0,0
0.039453,12,3157.894468,-0.8055604635486127,0.0,0
0.000942,11,3157.931774,-0.8389281282005165,0.0,0
0.000861,12,3157.971286,-0.9163650766016873,0.0,0
0.010189,12,3158.01276,-0.9136786423510329,0.0,0
0.00453,11,3158.052237,-0.9144801378874388,0.0,0
0.00305,11,3158.090584,-1.0244866684055005,0.0,0
0.0,12,3158.133485,-0.8675767018995587,0.0,0
0.0,12,3158.175544,-0.9387941669147881,0.0,0
0.001637,11,3158.215275,-0.8919324636463766,0.0,0
0.003225,13,3158.260427,-0.9871808792851782,0.0,0
0.015129,11,3158.299982,-0.9208992985875343,0.0,0
0.004552,12,3158.342125,-0.946468994596442,0.0,0
0.021168,11,3158.381346,-0.9256293557511505,0.0,0
0.0,12,3158.423229,-0.9203984708037228,0.0,0
0.022519,11,3158.461803,-0.9189117679120777,0.0,0
0.002993,12,3158.504666,-0.9705605058592294,0.0,0
0.0,11,3158.543396,-0.8465849645443817,0.0,0
0.001029,11,3158.583112,-0.8927313218437315,0.0,0
0.0,12,3158.625209,-0.9237053444044317,0.0,0
0.0,12,3159.191333,-0.8617842080208762,0.0,0
0.01918,12,3159.211699,-0.9017038194704712,0.0,0
0.001917,12,3159.232059,-0.8616506692000363,0.0,0
0.003108,10,3159.24932,-0.8203286153526635,0.0,0
0.002509,12,3159.269467,-0.9047970387769795,0.0,0
0.0,12,3159.289612,-0.9464641912699497,0.0,0
0.0,11,3159.308032,-0.8457900006066731,0.0,0
0.0,11,3159.326835,-0.8040482860100039,0.0,0
0.020294,11,3159.346043,-0.9470212870364004,0.0,0
0.00134,12,3159.367301,-0.8454862784800456,0.0,0
0.026194,12,3159.389132,-0.9503374330172991,0.0,0
0.0,11,3159.407621,-1.0388951129819457,0.0,0
0.001326,12,3159.427628,-0.9132934310043039,0.0,0
0.0,12,3159.448182,-0.914399391903863,0.0,0
0.0,11,3159.466511,-0.9019012722037967,0.0,0
0.003388,12,3159.486238,-0.913678792376132,0.0,0
0.016736,12,3159.506236,-0.8722594433247326,0.0,0
0.018241,11,3159.52404,-0.8082512108420091,0.0,0
0.013315,12,3159.543425,-0.8321972924479291,0.0,0
0.0468,12,3159.5635,-0.9290033032026496,0.0,0
0.001364,12,3159.583068,-0.9384493975416627,0.0,0
0.002836,12,3159.602622,-0.9085006620893995,0.0,0
0.003118,11,3159.621071,-0.9501162874623481,0.0,0
0.001652,12,3159.640734,-0.96261343587723,0.0,0
0.028209,12,3159.66092,-0.9188568658297814,0.0,0
0.001556,12,3159.681168,-0.9299426880605589,0.0,0
0.0,11,3159.699223,-0.9995352412679674,0.0,0
0.015037,12,3159.718324,-0.9066937107071144,0.0,0
0.018559,12,3159.737644,-0.9298538823262227,0.0,0
0.0,11,3159.755569,-0.9286816067292052,0.0,0
0.001136,11,3159.773797,-0.8348341940281088,0.0,0
0.001653,12,3159.795363,-0.8968410436605339,0.0,0
0.004817,12,3159.824335,-0.9562612894750123,0.0,0
0.012381,12,3159.855402,-0.9750185220282788,0.0,0
0.0,12,3159.888101,-0.8972199558762128,0.0,0
0.003773,11,3159.919778,-0.8764937351073723,0.0,0
0.0,12,3159.954959,-0.9691775451897999,0.0,0
0.027689,12,3159.991502,-0.8870255532189965,0.0,0
0.016625,12,3160.028841,-0.8608920576844146,0.0,0
0.001668,12,3160.066888,-0.9670205070966761,0.0,0
0.00872,11,3160.102112,-0.8221291737219413,0.0,0
0.004412,12,3160.142193,-0.9431995169571852,0.0,0
0.0,12,3160.182441,-0.9085976972841435,0.0,0
0.000625,11,3160.219775,-0.9515191028875356,0.0,0
0.004609,12,3160.761535,-0.9998062263750473,0.0,0
0.0,12,3160.780976,-0.9210085875786053,0.0,0
0.0,13,3160.805844,-0.8798394648589138,0.0,0
0.001417,12,3160.828234,-0.9179366801957952,0.0,0
0.000987,12,3160.850997,-0.8784887528250941,0.0,0
0.003974,11,3160.871994,-0.8499331978547282,0.0,0
0.009638,11,3160.892667,-0.9386766223190771,0.0,0
0.0,12,3160.915069,-0.9368406514286611,0.0,0
0.003149,11,3160.933007,-0.9491752569851309,0.0,0
0.0,12,3160.952182,-0.9245572411222173,0.0,0
0.0,11,3160.968939,-0.7840304784587503,0.0,0
0.032317,12,3160.986857,-0.9037808556863777,0.0,0
0.001878,12,3161.005218,-0.9293873378480904,0.0,0
0.000952,12,3161.023791,-0.9588458172405925,0.0,0
0.00197,12,3161.042507,-0.9196315810947546,0.0,0
0.000786,11,3161.05971,-0.903058257056284,0.0,0
0.000454,12,3161.07861,-0.9154523852001336,0.0,0
0.0418,12,3161.09738,-0.9248494883364582,0.0,0
0.035453,12,3161.116581,-0.9733969969053881,0.0,0
0.008589,12,3161.137017,-0.8602612283571702,0.0,0
0.0,11,3161.16221,-0.9285070227874485,0.0,0
0.005597,12,3161.191335,-0.9973711776945827,0.0,0
0.000233,11,3161.219562,-0.8436558945995458,0.0,0
0.0,12,3161.25204,-0.9918615547614269,0.0,0
0.0,12,3161.285815,-0.8544781493705421,0.0,0
0.0,11,3161.318068,-0.9221054087361006,0.0,0
0.017764,12,3161.354629,-0.9179958394390728,0.0,0
0.0,11,3161.389003,-0.8568770812461868,0.0,0
0.0,11,3161.423378,-0.8569675369498218,0.0,0
0.00108,11,3161.459126,-0.9209500836362585,0.0,0
0.0,12,3161.499456,-0.9797836148683012,0.0,0
0.002733,11,3161.535816,-0.8704152727931471,0.0,0
0.001682,12,3161.575479,-0.9266190338239572,0.0,0
0.003461,12,3161.615283,-0.9409844628617544,0.0,0
0.009254,12,3161.655062,-0.8662911230303725,0.0,0
0.016604,11,3161.691418,-0.753501847575307,0.0,0
0.028051,12,3161.726136,-0.944309104091853,0.0,0
0.000335,11,3161.749294,-0.8629807851010671,0.0,0
0.0,11,3161.771456,-0.9198098636198774,0.0,0
0.011477,13,3161.796882,-0.9113521093724553,0.0,0
0.0,12,3161.819744,-0.9256541165163231,0.0,0
0.002496,11,3161.841971,-0.7838824827747771,0.0,0
0.046182,12,3161.872833,-0.9255752856735388,0.0,0
0.002629,11,3161.902551,-0.9181556742051727,0.0,0
0.0,12,3162.418165,-0.9039014255583606,0.0,0
0.001413,11,3162.435932,-0.928689303196991,0.0,0
0.068281,11,3162.455301,-0.756076005165544,0.0,0
0.001126,12,3162.478368,-0.9773847356584374,0.0,0
0.0,12,3162.501162,-0.925762075260165,0.0,0
0.0,11,3162.522179,-0.845841687232124,0.0,0
0.011673,12,3162.54517,-0.9035494932508,0.0,0
0.00883,12,3162.56819,-0.960130188684776,0.0,0
0.0,12,3162.591078,-0.9062618256338739,0.0,0
0.002688,12,3162.613688,-0.9332571174850371,0.0,0
0.000547,11,3162.632101,-0.9013209351535811,0.0,0
0.0,12,3162.650147,-0.9725393714652996,0.0,0
0.0,12,3162.668232,-0.9199294670981975,0.0,0
0.015323,12,3162.689918,-0.9624071777475683,0.0,0
0.002631,13,3162.713901,-0.8278689737886623,0.0,0
0.00154,12,3162.736355,-0.9278439466631676,0.0,0
0.0,11,3162.757137,-0.7387319603644897,0.0,0
0.035825,11,3162.779309,-0.829733583130786,0.0,0
0.003526,11,3162.801472,-0.8392347430009379,0.0,0
0.0,12,3162.825725,-0.9797712958932852,0.0,0
0.03975,12,3162.850649,-0.9433490834415011,0.0,0
0.000929,11,3162.873804,-0.8894751149220043,0.0,0
0.017408,12,3162.899073,-0.8743082801343356,0.0,0
0.0,12,3162.924359,-0.9572599143720959,0.0,0
0.022217,11,3162.947512,-0.8494205116875535,0.0,0
0.005482,11,3162.970382,-0.8329398741773326,0.0,0
0.004439,11,3162.993003,-0.8490346820512777,0.0,0
0.007145,11,3163.015502,-0.8575928832788685,0.0,0
0.0,12,3163.04038,-0.9417968809312032,0.0,0
0.012348,11,3163.063238,-0.8844529185230473,0.0,0
0.0,11,3163.084774,-0.8952351471057103,0.0,0
0.001881,12,3163.105192,-0.9309274665230496,0.0,0
0.016957,11,3163.124162,-0.9589066054863808,0.0,0
0.020989,12,3163.144939,-0.9529557330378694,0.0,0
0.0,11,3163.163733,-0.9227579357477909,0.0,0
0.004371,11,3163.18334,-0.9300048817414001,0.0,0
0.0,13,3163.210351,-0.9188293056090858,0.0,0
0.027001,12,3163.235381,-0.9042590130808662,0.0,0
0.034051,12,3163.260495,-0.9508779747770247,0.0,0
0.003103,12,3163.285443,-0.8836155184967419,0.0,0
0.000581,12,3163.310419,-0.9083369284147267,0.0,0
0.0,12,3163.335597,-0.9104384348657952,0.0,0
0.003063,12,3163.361021,-0.8795632626946677,0.0,0
0.001781,11,3163.38519,-0.8862412886719527,0.0,0
0.004777,12,3163.894642,-0.9145632142763531,0.0,0
0.0,11,3163.911298,-0.9182303589517793,0.0,0
0.0,11,3163.928151,-0.8977585621264051,0.0,0
0.027966,11,3163.944975,-0.819151638074491,0.0,0
0.034037,11,3163.962381,-0.8485940476814321,0.0,0
0.0,12,3163.982247,-0.9039953060149187,0.0,0
0.004904,12,3164.002029,-0.92563955073149,0.0,0
0.00944,12,3164.021668,-0.9741140227553061,0.0,0
0.028109,11,3164.041754,-0.9247473770976502,0.0,0
0.004137,13,3164.067021,-0.9038205943168914,0.0,0
0.0,12,3164.09015,-0.9235944097294245,0.0,0
0.006705,12,3164.113521,-0.9495470161970648,0.0,0
0.003856,11,3164.134681,-0.9234261576167591,0.0,0
0.043506,12,3164.157912,-0.9741968408144785,0.0,0
0.021027,11,3164.178996,-0.8928088138096436,0.0,0
0.0,11,3164.196337,-0.9779301909335804,0.0,0
0.0,12,3164.215466,-0.9030658819764472,0.0,0
0.001771,12,3164.234094,-0.919317548232534,0.0,0
0.000327,13,3164.254866,-0.9611087153330992,0.0,0
0.001111,11,3164.272355,-0.9152684113428092,0.0,0
0.003556,11,3164.289532,-0.8682647763934327,0.0,0
0.0,11,3164.307576,-0.896313001655097,0.0,0
0.0,12,3164.328512,-0.962784816821664,0.0,0
0.0,13,3164.351665,-0.9758916936806841,0.0,0
0.031889,12,3164.37325,-0.9237349812008111,0.0,0
0.002216,12,3164.39531,-0.9414935421424623,0.0,0
0.001639,11,3164.415323,-0.9163271741799449,0.0,0
0.0,12,3164.437453,-0.8938194654130961,0.0,0
0.000465,12,3164.459723,-0.9400409290665034,0.0,0
9.6e-05,13,3164.48377,-0.9318910655842652,0.0,0
0.002968,13,3164.508025,-0.9136738950104119,0.0,0
0.0,13,3164.532663,-0.8884704437848174,0.0,0
0.0044,11,3164.553761,-0.9086944267562838,0.0,0
0.005875,12,3164.576636,-0.9878110683263035,0.0,0
0.0,11,3164.597884,-0.9607088272738686,0.0,0
0.0,11,3164.619207,-0.8923880595312728,0.0,0
0.001299,11,3164.640574,-0.9598741160025065,0.0,0
0.043758,12,3164.663781,-0.9253914512024144,0.0,0
0.0,12,3164.68733,-0.9901161360794186,0.0,0
0.021407,12,3164.710484,-0.8866369785821396,0.0,0
0.0,12,3164.737417,-1.00819493823957,0.0,0
0.011574,11,3164.76444,-0.8424558280649838,0.0,0
0.032151,11,3164.79158,-0.9184867336625414,0.0,0
0.001685,12,3164.821573,-0.9736439535729345,0.0,0
0.0,11,3165.358783,-0.9866085215237973,0.0,0
0.0,12,3165.377529,-0.9324964471603538,0.0,0
0.065311,12,3165.395686,-0.9320164112011496,0.0,0
0.0,11,3165.412431,-0.8514083955828412,0.0,0
0.027354,12,3165.430933,-0.9544394757941741,0.0,0
0.000332,12,3165.450162,-0.9061868591612322,0.0,0
0.001106,11,3165.467666,-0.9695336841752425,0.0,0
0.042381,11,3165.485614,-0.8194166685241864,0.0,0
0.023768,12,3165.508526,-1.0183478309341416,0.0,0
0.0,11,3165.529629,-0.9655288498274127,0.0,0
0.033067,12,3165.552021,-0.9152707182442438,0.0,0
0.002223,11,3165.57185,-0.8349568139701328,0.0,0
0.0,12,3165.593428,-0.9483563002632632,0.0,0
0.001992,11,3165.613068,-0.8847367259120625,0.0,0
0.0,11,3165.632909,-0.8116393613570592,0.0,0
0.026905,12,3165.654346,-0.9333571057000809,0.0,0
0.001363,12,3165.675909,-1.0095908241325202,0.0,0
0.00505,11,3165.695656,-0.8477556594266084,0.0,0
0.0,12,3165.712888,-0.8628538381058272,0.0,0
0.0,12,3165.730092,-0.8684818615116279,0.0,0
0.010844,12,3165.74698,-0.9117554989415763,0.0,0
0.030856,12,3165.76394,-0.9314789557050324,0.0,0
0.0,11,3165.780075,-0.8793100502693237,0.0,0
0.024774,12,3165.803879,-0.8934574378777757,0.0,0
0.0,12,3165.829335,-1.0128358265552933,0.0,0
0.004155,11,3165.852787,-0.8097119827414766,0.0,0
0.022486,11,3165.876148,-0.9274063320169563,0.0,0
0.035409,12,3165.90177,-0.9471026578548227,0.0,0
0.000195,12,3165.927477,-0.8933129036981953,0.0,0
0.0,11,3165.951121,-0.8383746818394907,0.0,0
0.000374,11,3165.974387,-0.9671037013363046,0.0,0
0.0,11,3165.992998,-0.9309906912652394,0.0,0
0.003453,11,3166.010695,-0.8566484173981844,0.0,0
0.0,12,3166.029878,-0.896442271099218,0.0,0
0.0433,12,3166.048408,-0.894106161488419,0.0,0
0.019797,11,3166.065758,-0.8963438399592396,0.0,0
0.0,12,3166.084777,-0.9047306316123432,0.0,0
0.009005,13,3166.105768,-0.8730527149276318,0.0,0
0.002396,12,3166.124633,-0.9418936389255778,0.0,0
0.001596,12,3166.143608,-0.8961412244491764,0.0,0
0.0,12,3166.162466,-0.8852477589400692,0.0,0
0.011299,11,3166.180111,-0.8769454751427331,0.0,0
0.0,12,3166.199459,-0.9369760879997259,0.0,0
0.0,12,3166.21847,-0.9972169283481616,0.0,0
0.0,12,3166.710829,-0.9731162099814762,0.0,0
0.0,12,3166.729393,-0.9378633683134081,0.0,0
0.0,11,3166.746161,-0.9455191797354894,0.0,0
0.003128,12,3166.764711,-0.8869574813811876,0.0,0
0.0,11,3166.781713,-0.8411604351498032,0.0,0
0.034057,12,3166.8002,-0.8342400341035631,0.0,0
0.004945,12,3166.81901,-0.9536986134619422,0.0,0
0.02012,12,3166.83805,-0.9451005099510553,0.0,0
0.002154,11,3166.855517,-0.9097881181602299,0.0,0
0.0,12,3166.874963,-0.9401963506020865,0.0,0
0.0,12,3166.894953,-0.8690018544851532,0.0,0
0.00384,11,3166.912299,-0.8393164997020579,0.0,0
0.002352,12,3166.931139,-0.9752919864919402,0.0,0
0.004033,12,3166.950001,-0.9236417744116378,0.0,0
0.04145,12,3166.969,-0.9679856866755633,0.0,0
0.000659,12,3166.988141,-0.9108364285544033,0.0,0
0.0,12,3167.006965,-0.8844527890508522,0.0,0
0.003133,13,3167.027335,-0.9468779465922111,0.0,0
0.001183,12,3167.046266,-0.888504536281922,0.0,0
0.0,12,3167.064933,-0.9483463278065127,0.0,0
0.014554,12,3167.083552,-0.8871335850763078,0.0,0
0.00971,12,3167.102694,-0.9662967816486526,0.0,0
0.002601,13,3167.122999,-0.944241426664727,0.0,0
0.030262,12,3167.141993,-0.9291395948282863,0.0,0
0.022523,12,3167.167204,-0.9085490058198415,0.0,0
0.0,11,3167.193411,-0.8441218702318766,0.0,0
0.012085,11,3167.221096,-0.8522260507105772,0.0,0
0.021078,12,3167.252885,-0.8831799549909033,0.0,0
0.01077,11,3167.283043,-0.9120384415573812,0.0,0
0.036519,13,3167.320361,-0.9406288024835369,0.0,0
0.008388,12,3167.356014,-0.8725594901704959,0.0,0
0.010453,12,3167.393634,-0.8932905861097408,0.0,0
0.0,11,3167.428082,-0.8241628971126705,0.0,0
0.009417,11,3167.46356,-0.8448804925472341,0.0,0
0.015153,12,3167.503265,-0.9257610282501862,0.0,0
0.02358,12,3167.543018,-0.9772962863659774,0.0,0
0.004477,12,3167.582801,-0.9669923758940792,0.0,0
0.000164,11,3167.619539,-0.7782970960373887,0.0,0
0.016383,13,3167.662702,-0.8433309186595486,0.0,0
0.0,13,3167.705987,-0.910846336104144,0.0,0
0.003568,13,3167.74915,-0.9339632599766144,0.0,0
0.004459,12,3167.789176,-0.9130824352474733,0.0,0
0.0,13,3167.83246,-0.914614048090161,0.0,0
0.015521,12,3168.356684,-0.9103547159270851,0.0,0
0.004806,12,3168.375579,-0.8706720103570784,0.0,0
0.001107,12,3168.394858,-0.7915118068537881,0.0,0
0.0,11,3168.412096,-0.9282088275828563,0.0,0
0.0,13,3168.433214,-0.8498389401887377,0.0,0
0.003218,12,3168.45235,-0.8725724896613243,0.0,0
0.002398,13,3168.473489,-0.896805549924124,0.0,0
0.0,11,3168.491609,-0.8601430017519447,0.0,0
0.00249,13,3168.513257,-1.0424083673566624,0.0,0
0.004311,12,3168.533636,-0.9284386756010969,0.0,0
0.001698,12,3168.552851,-0.9032828165042129,0.0,0
0.00125,11,3168.570557,-0.9015813653898237,0.0,0
0.0,11,3168.588299,-0.933561260231623,0.0,0
0.001176,13,3168.608761,-0.9049258765791781,0.0,0
0.022934,13,3168.629379,-0.8451664402089103,0.0,0
0.003034,12,3168.655069,-0.9215244467330673,0.0,0
0.01473,12,3168.684149,-0.9228012508748189,0.0,0
0.003865,13,3168.717682,-0.9016155343468278,0.0,0
0.008565,11,3168.747272,-0.9495230570807708,0.0,0
0.027326,11,3168.778448,-0.8545133885620301,0.0,0
0.0,12,3168.814101,-0.9476618486963143,0.0,0
0.004808,12,3168.851439,-0.9295322848727847,0.0,0
0.006084,12,3168.889308,-0.8340848850483918,0.0,0
0.005354,11,3168.924848,-0.9181338823766378,0.0,0
0.0,12,3168.96482,-0.9112211450085915,0.0,0
0.0,13,3169.00842,-0.9274622040418047,0.0,0
0.012695,12,3169.038519,-0.9636396977386358,0.0,0
0.005608,12,3169.069799,-0.9385628034493393,0.0,0
0.041114,11,3169.100083,-0.8715795606612304,0.0,0
0.00122,12,3169.137807,-0.8715804633580072,0.0,0
0.030565,11,3169.172563,-0.8732071843045794,0.0,0
0.019808,12,3169.211168,-0.8726823745326387,0.0,0
0.000609,11,3169.247698,-0.8036465747467832,0.0,0
0.043656,13,3169.289307,-0.8886642318119997,0.0,0
0.017943,12,3169.321318,-0.9212503680239736,0.0,0
0.023653,12,3169.351562,-0.8758163584648722,0.0,0
0.011503,11,3169.377708,-0.9117791332083242,0.0,0
0.0,11,3169.40315,-0.8474608498413219,0.0,0
0.004576,11,3169.42808,-0.787696211634624,0.0,0
0.000903,12,3169.454509,-0.9260063963449865,0.0,0
0.003803,12,3169.480263,-0.9050348280651705,0.0,0
0.037227,11,3169.503908,-0.8724699110749881,0.0,0
0.0,12,3169.529218,-0.8559375527287222,0.0,0
0.0,12,3170.036704,-0.9289280997405169,0.0,0
0.021932,12,3170.056782,-0.9208841646672512,0.0,0
0.003093,13,3170.078825,-0.9014957671646602,0.0,0
0.0,12,3170.097756,-0.9699275810648275,0.0,0
0.021722,12,3170.116585,-0.9314275187673848,0.0,0
0.003572,12,3170.13578,-0.9258391431008164,0.0,0
0.000446,11,3170.153778,-0.8435080475383421,0.0,0
0.0,12,3170.173878,-0.842318834069379,0.0,0
0.004752,13,3170.196707,-0.8347230277663968,0.0,0
0.0,12,3170.217745,-0.8237267209847043,0.0,0
0.002887,11,3170.236899,-0.8871068559222647,0.0,0
0.010345,12,3170.258346,-0.9895801016577981,0.0,0
0.016566,12,3170.280082,-0.8992588196048804,0.0,0
0.003193,11,3170.299941,-0.8687149968281759,0.0,0
0.0,11,3170.320278,-0.810730501607984,0.0,0
0.001846,12,3170.34266,-0.9529590472464363,0.0,0
0.015811,12,3170.36488,-0.8515089721614861,0.0,0
0.00569,12,3170.387129,-0.9258149381457567,0.0,0
0.004721,12,3170.409758,-0.8974712321086592,0.0,0
0.012515,11,3170.431302,-0.8548850283286371,0.0,0
0.016897,12,3170.454305,-0.9327053571212418,0.0,0
0.004099,12,3170.477433,-0.9546846212053337,0.0,0
0.008198,11,3170.498775,-0.8153566860646942,0.0,0
0.006919,13,3170.52412,-0.9165376168666494,0.0,0
0.000824,12,3170.54715,-0.8751761284604811,0.0,0
0.0,13,3170.572056,-0.9758963704581796,0.0,0
0.0,12,3170.595209,-0.8946988490246168,0.0,0
0.024197,11,3170.616382,-0.9528290743001598,0.0,0
0.010139,12,3170.639679,-0.9299136883144361,0.0,0
0.0,12,3170.663779,-0.91937290883854,0.0,0
0.001448,11,3170.681488,-0.8224699573119891,0.0,0
0.021767,11,3170.699146,-0.8913491142482881,0.0,0
0.019345,12,3170.717739,-0.9185622115792809,0.0,0
0.006245,12,3170.736766,-1.0099734857086657,0.0,0
0.003838,13,3170.7569,-0.9387451609219228,0.0,0
0.0,11,3170.774149,-0.8437552555397335,0.0,0
0.0,11,3170.790747,-0.9617828793081762,0.0,0
0.024716,12,3170.809266,-0.9209048092989688,0.0,0
0.003766,12,3170.827971,-0.9451923209030243,0.0,0
0.047711,11,3170.845072,-0.856675566642189,0.0,0
0.048533,11,3170.862424,-0.9271579438452886,0.0,0
0.0045,12,3170.881042,-0.8150019741598453,0.0,0
0.046919,12,3170.89946,-0.9352859748270557,0.0,0
0.001534,11,3171.392292,-0.8819397420885773,0.0,0
0.029597,13,3171.412412,-0.9518915919031145,0.0,0
0.05551,12,3171.43089,-0.8863442559176815,0.0,0
0.03231,12,3171.449965,-0.9079563157312587,0.0,0
0.00097,12,3171.468278,-0.8565629643780642,0.0,0
0.002229,12,3171.486972,-0.898164684668674,0.0,0
0.017441,12,3171.506368,-0.9308639591609913,0.0,0
0.008936,12,3171.530786,-0.8732229467841939,0.0,0
0.026703,13,3171.562075,-0.891449058683718,0.0,0
0.012307,12,3171.592334,-0.9801336883328471,0.0,0
0.016215,12,3171.622457,-0.8515867649912355,0.0,0
0.0,12,3171.652695,-0.9281418387365604,0.0,0
0.0,12,3171.68303,-0.9483643729696095,0.0,0
0.003654,11,3171.710628,-0.8228383800081256,0.0,0
0.000779,12,3171.740705,-0.8946512123103318,0.0,0
0.02301,11,3171.766937,-0.8798038542281198,0.0,0
0.020415,11,3171.789754,-0.8691713946892384,0.0,0
0.0,13,3171.817265,-0.8943468444091327,0.0,0
0.017015,12,3171.842515,-0.8245767166857666,0.0,0
0.007015,12,3171.867883,-0.9258483722718149,0.0,0
0.0,11,3171.89122,-0.8178915583168008,0.0,0
0.002829,12,3171.91697,-0.9239934433356638,0.0,0
0.0,11,3171.944169,-0.8711057661462619,0.0,0
0.0,12,3171.976325,-0.9146813135312369,0.0,0
0.004883,12,3172.010083,-0.9144813051107575,0.0,0
0.016509,12,3172.045278,-0.9637372046140459,0.0,0
0.022874,13,3172.085522,-0.8617215447340351,0.0,0
0.018676,12,3172.123327,-0.9012709133015142,0.0,0
0.001588,11,3172.159636,-0.8837947982287433,0.0,0
0.018053,12,3172.199772,-0.826532581901913,0.0,0
0.0,12,3172.240049,-0.8610239331441814,0.0,0
0.00541,13,3172.283475,-0.92406672777533,0.0,0
0.013571,12,3172.324692,-0.8551311765481231,0.0,0
0.001102,13,3172.36962,-0.9062631785693425,0.0,0
0.016696,11,3172.408889,-0.9430128429217616,0.0,0
0.00232,12,3172.451704,-0.8643322944506419,0.0,0
0.00807,13,3172.498154,-0.9685511025174157,0.0,0
0.001077,11,3172.537292,-0.7618706633950267,0.0,0
0.0,12,3172.580053,-0.9163497239413068,0.0,0
0.0,12,3172.62304,-1.010427024205215,0.0,0
0.002529,11,3172.662205,-0.8149488277354427,0.0,0
0.0,12,3172.705095,-0.9195611892381109,0.0,0
0.050232,13,3172.751648,-0.8562089750254777,0.0,0
0.0,12,3173.281615,-0.9467933954813483,0.0,0
0.0,12,3173.29966,-0.9119022796206584,0.0,0
0.0,13,3173.319384,-0.8822423170961217,0.0,0
0.0,11,3173.336086,-0.8266919863326684,0.0,0
0.004578,12,3173.354645,-0.8996682556589484,0.0,0
0.0,12,3173.372729,-0.8912018323091138,0.0,0
0.024715,12,3173.391581,-0.9005946272723113,0.0,0
0.015253,11,3173.409407,-0.9568906718839296,0.0,0
0.003848,11,3173.42697,-0.8620556801732812,0.0,0
0.023009,11,3173.446813,-0.8532362253341568,0.0,0
0.018776,13,3173.474762,-0.8926281537773715,0.0,0
0.02023,12,3173.503312,-0.8822828207053793,0.0,0
0.006563,13,3173.537092,-0.9165052878904619,0.0,0
0.005462,12,3173.569983,-0.923244477758987,0.0,0
0.026728,12,3173.604186,-0.8941971836761943,0.0,0
0.0,11,3173.636971,-0.8932432342049104,0.0,0
0.043001,12,3173.674376,-0.9194387627753116,0.0,0
0.004229,12,3173.712315,-0.8045412013939793,0.0,0
0.003178,12,3173.75101,-0.9313070383159917,0.0,0
0.0,12,3173.790706,-0.9290504903730522,0.0,0
0.0,12,3173.831057,-0.926609422342223,0.0,0
0.0,12,3173.871248,-0.9096408137874085,0.0,0
0.009891,13,3173.914844,-0.9205601594567707,0.0,0
0.0,12,3173.95522,-0.890367013192097,0.0,0
0.022121,13,3173.999193,-0.8727180064688055,0.0,0
0.021875,12,3174.039712,-0.8626383255002142,0.0,0
0.015011,12,3174.080698,-0.9381713305504572,0.0,0
0.0,12,3174.121686,-0.9495103702955292,0.0,0
0.031423,12,3174.164223,-0.9146066658305206,0.0,0
0.0,13,3174.210563,-0.9268246100071191,0.0,0
0.0,13,3174.256187,-0.9217099003424202,0.0,0
0.028982,12,3174.299328,-0.8885708907668639,0.0,0
0.003037,11,3174.338496,-0.8719211824704372,0.0,0
0.023504,11,3174.377553,-0.823113672055524,0.0,0
0.025227,12,3174.420557,-0.8905320549361639,0.0,0
0.000101,12,3174.463463,-0.8706725054706511,0.0,0
0.034824,12,3174.506293,-0.8832557876607796,0.0,0
0.0,12,3174.549191,-0.8232040463844141,0.0,0
0.009567,11,3174.588212,-0.785406593762109,0.0,0
0.004253,12,3174.630938,-0.8822876222625667,0.0,0
0.0,11,3174.670221,-0.7933008489976455,0.0,0
0.018761,12,3174.713095,-0.9416647752100868,0.0,0
0.009661,12,3174.75608,-0.8354444906879487,0.0,0
0.0047,13,3175.285399,-0.9311388463480302,0.0,0
0.0,13,3175.305996,-0.8768055642011652,0.0,0
0.0,12,3175.324966,-0.84584752750611,0.0,0
0.0,12,3175.343465,-0.8401867016391567,0.0,0
0.017334,12,3175.362284,-0.9211597199317392,0.0,0
0.008454,11,3175.380364,-0.8422365467134142,0.0,0
0.030557,13,3175.401578,-0.9411931562303815,0.0,0
0.0,11,3175.420596,-0.8442728568803569,0.0,0
0.0,13,3175.443032,-0.9001143165582495,0.0,0
0.002355,12,3175.464067,-0.8508185495890359,0.0,0
0.008789,13,3175.486736,-0.9192461938441029,0.0,0
0.004562,12,3175.5081,-0.8795544217918302,0.0,0
0.000211,12,3175.52958,-0.8496196209178031,0.0,0
0.010052,12,3175.551325,-0.9166334479994165,0.0,0
0.007205,11,3175.571798,-0.8621673367113805,0.0,0
0.034438,12,3175.593576,-0.9275567612615421,0.0,0
0.0,11,3175.61345,-0.8385511602685245,0.0,0
0.009125,12,3175.63483,-0.8588141051481833,0.0,0
0.010822,12,3175.656806,-0.8369789684853589,0.0,0
0.00264,12,3175.678367,-0.9043652258673647,0.0,0
0.011322,13,3175.701759,-0.8698789645991302,0.0,0
0.0,13,3175.725017,-0.8596536931903118,0.0,0
0.0,12,3175.74425,-0.9687022188039518,0.0,0
0.027894,11,3175.759653,-0.8745354252728301,0.0,0
0.002496,12,3175.777026,-0.9013670691564669,0.0,0
0.024143,12,3175.794222,-0.8029826632048005,0.0,0
0.025597,12,3175.811471,-0.8218003209119806,0.0,0
0.004284,11,3175.82704,-0.8549080866935903,0.0,0
0.003142,12,3175.844464,-0.911905628509079,0.0,0
0.0,12,3175.861487,-0.8756945971983054,0.0,0
0.001183,12,3175.878681,-0.8867529748265593,0.0,0
0.0,11,3175.894465,-0.8856239570597461,0.0,0
0.0,12,3175.91157,-0.9151004172330163,0.0,0
0.010281,12,3175.929249,-0.7357766192096747,0.0,0
0.0,12,3175.947238,-0.8674843179739423,0.0,0
0.017027,11,3175.963546,-0.8531620263302574,0.0,0
0.020888,12,3175.982054,-0.8997772881269437,0.0,0
0.0,13,3176.001828,-0.889428420556566,0.0,0
0.02302,12,3176.019745,-0.8414373382259374,0.0,0
0.002038,11,3176.036421,-0.8351646589706897,0.0,0
0.00401,12,3176.0546,-0.9054142799665655,0.0,0
0.002287,12,3176.072504,-0.828372980070922,0.0,0
0.0,11,3176.089584,-0.8669227870066991,0.0,0
0.0,12,3176.582057,-0.9201873599990696,0.0,0
0.035962,12,3176.600644,-0.8999926702890073,0.0,0
0.006149,13,3176.621435,-0.8823043352967799,0.0,0
0.048422,12,3176.640681,-0.8882155212610438,0.0,0
0.069167,12,3176.659714,-0.8603251366332867,0.0,0
0.004562,12,3176.679956,-0.883491327796747,0.0,0
0.003506,12,3176.700104,-0.8534947434529103,0.0,0
0.036316,13,3176.721768,-0.8819115177122524,0.0,0
0.008408,12,3176.742314,-0.8056929512770691,0.0,0
0.0,12,3176.763237,-0.8681680672177283,0.0,0
0.004039,11,3176.782083,-0.8201363997269169,0.0,0
0.002287,12,3176.800943,-0.8453344395611763,0.0,0
0.037893,11,3176.817169,-0.8074539751460837,0.0,0
0.019807,11,3176.833154,-0.836005100917454,0.0,0
0.003773,12,3176.851583,-0.8780740743472164,0.0,0
0.053707,12,3176.870776,-0.7910567904431972,0.0,0
0.010145,12,3176.894198,-0.8735543070365565,0.0,0
0.037282,12,3176.920899,-0.9359315145399477,0.0,0
0.010317,12,3176.951579,-0.9105594328372256,0.0,0
0.03451,12,3176.986023,-0.9037957952493139,0.0,0
0.024652,11,3177.016439,-0.8565106725102534,0.0,0
0.018714,13,3177.049854,-0.9017047373098632,0.0,0
0.004295,12,3177.080713,-0.8603940781996208,0.0,0
0.0,13,3177.114163,-0.9697931742706547,0.0,0
0.0,12,3177.144972,-0.8811766466916239,0.0,0
0.004327,12,3177.175709,-0.8893727214316005,0.0,0
0.00214,13,3177.209212,-0.8771522597956901,0.0,0
0.022858,11,3177.237257,-0.8333359064695559,0.0,0
0.047959,11,3177.265521,-0.7914615908768232,0.0,0
0.0,12,3177.296335,-0.8897459532170051,0.0,0
0.00469,12,3177.327054,-0.8683017518209757,0.0,0
0.0,12,3177.357909,-0.8391503402346552,0.0,0
0.0,12,3177.388794,-0.8932910025234644,0.0,0
0.029289,12,3177.419539,-0.8657590788913606,0.0,0
0.0,13,3177.45295,-0.9201857335866591,0.0,0
0.041291,13,3177.48628,-0.9441477421980624,0.0,0
0.044293,12,3177.516956,-0.8052135609645934,0.0,0
0.028075,11,3177.544188,-0.8902897379590272,0.0,0
0.003207,12,3177.573706,-0.8680980119864363,0.0,0
0.001239,12,3177.60298,-0.9999125179836942,0.0,0
0.0,12,3177.632264,-0.9098610005600606,0.0,0
0.0,13,3177.667712,-0.9268021654360651,0.0,0
0.0,12,3178.201857,-0.8730740036448524,0.0,0
0.025038,11,3178.220072,-0.8693729754832957,0.0,0
0.0,12,3178.239184,-0.8682413759353216,0.0,0
0.03085,12,3178.258597,-0.9125541126040732,0.0,0
0.026407,12,3178.278381,-0.897196753292479,0.0,0
0.031876,12,3178.298251,-0.8272151624323592,0.0,0
0.065586,13,3178.319795,-0.9146260607614123,0.0,0
0.0,13,3178.342036,-0.8365852333390636,0.0,0
0.005993,13,3178.36506,-0.8128521352098407,0.0,0
0.011124,13,3178.388288,-0.8946427696786782,0.0,0
0.004757,12,3178.409895,-0.8831870521583699,0.0,0
0.0,11,3178.429816,-0.8358669449054786,0.0,0
0.035666,12,3178.451789,-0.8502813432542913,0.0,0
0.004931,13,3178.475844,-0.8309767724753168,0.0,0
0.00019,12,3178.498208,-0.9451850182999126,0.0,0
0.046427,12,3178.520828,-0.8935532937096449,0.0,0
0.000186,13,3178.544877,-0.9551815104084626,0.0,0
0.0,12,3178.5672,-0.8277423678528039,0.0,0
0.056874,12,3178.589392,-0.9301912711940421,0.0,0
0.000589,12,3178.610586,-0.9488593828575026,0.0,0
0.016713,12,3178.629034,-0.9179567531949889,0.0,0
0.001924,12,3178.647957,-0.8664218503333809,0.0,0
0.017918,13,3178.668798,-0.9321865686900822,0.0,0
0.011154,13,3178.691601,-0.8804453986426414,0.0,0
0.0,12,3178.712487,-0.9011758972802959,0.0,0
0.031274,12,3178.734405,-0.8928224631645345,0.0,0
0.0,13,3178.758213,-0.8877980441562167,0.0,0
0.02395,12,3178.780761,-0.8542235812896555,0.0,0
0.009172,13,3178.805818,-0.8623137656350988,0.0,0
0.034913,13,3178.830371,-0.8721493346839504,0.0,0
0.00456,11,3178.852021,-0.8311004344539276,0.0,0
0.0,12,3178.875847,-0.8795389248693988,0.0,0
0.00293,13,3178.90187,-0.9331493043617043,0.0,0
0.004877,12,3178.926568,-0.8450223327077769,0.0,0
0.001652,12,3178.951935,-0.863140594348314,0.0,0
0.000968,12,3178.977208,-0.8341496097504144,0.0,0
0.069111,12,3179.002456,-0.8551726877733791,0.0,0
0.004904,11,3179.025652,-0.7827472663340034,0.0,0
0.031586,12,3179.050838,-0.8376214883053201,0.0,0
0.021401,12,3179.076226,-0.8720396404005814,0.0,0
0.00318,12,3179.101609,-0.8876918674423457,0.0,0
0.027882,13,3179.129331,-0.8545479148951163,0.0,0
0.0,13,3179.661344,-0.930324459640847,0.0,0
0.0,13,3179.682957,-0.8530917551472651,0.0,0
0.0238,11,3179.700807,-0.8070737234016298,0.0,0
0.0,12,3179.720748,-0.8857022471710003,0.0,0
0.058886,11,3179.73754,-0.817926677665354,0.0,0
0.000306,12,3179.75632,-0.9202375218622494,0.0,0
0.0,12,3179.776058,-0.9337584177001078,0.0,0
0.004304,12,3179.795666,-0.8713465777219993,0.0,0
0.040353,12,3179.81567,-0.8906281538799471,0.0,0
0.001874,13,3179.837196,-0.8970868016183532,0.0,0
0.009928,13,3179.85871,-0.8761987990595543,0.0,0
0.015266,12,3179.879857,-0.8651300390975059,0.0,0
0.001532,12,3179.901307,-0.8721972710014939,0.0,0
0.022064,13,3179.9246,-0.9551961665160931,0.0,0
0.00278,13,3179.948323,-0.9232738450112937,0.0,0
0.00055,12,3179.970618,-0.8587108791862568,0.0,0
0.0,12,3179.992679,-0.8977863138610633,0.0,0
0.027241,12,3180.014948,-0.8848540210426293,0.0,0
0.002336,12,3180.036899,-0.9076868975747473,0.0,0
0.011321,12,3180.059381,-0.8477692649171048,0.0,0
0.013745,12,3180.082203,-0.9154546801452739,0.0,0
0.012857,12,3180.105008,-0.8751137587678247,0.0,0
0.046596,12,3180.127998,-0.8070706247501593,0.0,0
0.010341,13,3180.152988,-0.8658528130943549,0.0,0
0.004275,13,3180.1777,-0.8834055578150976,0.0,0
0.024868,12,3180.200681,-0.9149620119449353,0.0,0
0.029937,12,3180.223646,-0.903902809451872,0.0,0
0.039274,13,3180.248425,-0.8816766154839448,0.0,0
0.051842,12,3180.270126,-0.911721472227081,0.0,0
0.051046,13,3180.293577,-0.893240309846708,0.0,0
0.001174,13,3180.316622,-0.9012966997066618,0.0,0
0.003671,12,3180.338118,-0.8213436368931265,0.0,0
0.043398,12,3180.356345,-0.9305131212522281,0.0,0
0.006614,13,3180.374478,-0.8931307834287358,0.0,0
0.034039,12,3180.39416,-0.831964911983798,0.0,0
0.000131,12,3180.419002,-0.8731094010462153,0.0,0
0.005476,13,3180.439758,-0.8842551582616515,0.0,0
0.028197,12,3180.457468,-0.7969254595005075,0.0,0
0.039987,13,3180.480399,-0.904356131410233,0.0,0
0.027823,12,3180.508111,-0.7940317180982499,0.0,0
0.011685,12,3180.537505,-0.8697530293680976,0.0,0
0.004883,14,3180.572249,-0.9034987810258431,0.0,0
0.05823,12,3181.079163,-0.8782527548053881,0.0,0
0.004722,12,3181.105217,-0.9081007704037306,0.0,0
0.033337,12,3181.131352,-0.8025582891401674,0.0,0
0.016878,11,3181.153628,-0.7996074049905022,0.0,0
0.0,12,3181.18096,-0.8347589851417575,0.0,0
0.003297,12,3181.2015,-0.8814473416652766,0.0,0
0.020812,12,3181.222556,-0.8062494041267327,0.0,0
0.011532,12,3181.244317,-0.8990985948902506,0.0,0
0.012528,12,3181.267034,-0.825312917810114,0.0,0
0.0,12,3181.288711,-0.8303077561462212,0.0,0
0.04358,13,3181.310939,-0.8484457902950661,0.0,0
0.010593,13,3181.329521,-0.825324850139255,0.0,0
0.031979,13,3181.348097,-0.8098529483605957,0.0,0
0.003756,12,3181.365405,-0.8254109302799923,0.0,0
0.0,13,3181.384048,-0.8232884921565893,0.0,0
0.037842,13,3181.403916,-0.854545433387003,0.0,0
0.004059,12,3181.427334,-0.7994527345318782,0.0,0
0.033454,12,3181.453398,-0.8194370323391863,0.0,0
0.028279,12,3181.478676,-0.7994345256961736,0.0,0
0.002527,12,3181.504504,-0.8711309278952005,0.0,0
0.045081,13,3181.531996,-0.9100203514578362,0.0,0
0.000154,12,3181.557761,-0.8769342916609943,0.0,0
0.038286,12,3181.582946,-0.8035496135499015,0.0,0
0.001276,12,3181.608835,-0.8510529840483302,0.0,0
0.03078,12,3181.634354,-0.8337077792338606,0.0,0
0.056226,12,3181.660113,-0.8623325510260331,0.0,0
0.012096,13,3181.688457,-0.8346313943203717,0.0,0
0.0,12,3181.714354,-0.9277692352012943,0.0,0
0.029581,12,3181.740509,-0.8843677679323712,0.0,0
0.012767,11,3181.763882,-0.7761324032263397,0.0,0
0.0,13,3181.792086,-0.8601173947343186,0.0,0
0.038511,11,3181.815567,-0.8007756371667287,0.0,0
0.052497,12,3181.841158,-0.8842324056614547,0.0,0
0.034844,13,3181.868613,-0.9043957539421351,0.0,0
0.003273,13,3181.896167,-0.9064960092521812,0.0,0
0.009607,12,3181.922219,-0.879554453122826,0.0,0
0.0278,12,3181.947963,-0.8608210878448771,0.0,0
0.021989,12,3181.973807,-0.8334631146065332,0.0,0
0.0,12,3181.999187,-0.8443532713971762,0.0,0
0.007408,13,3182.026904,-0.8650448296385262,0.0,0
0.018153,12,3182.052508,-0.849601201418552,0.0,0
0.02647,12,3182.078129,-0.8465878622324069,0.0,0
0.0,12,3182.572633,-0.8272932441231298,0.0,0
0.029575,12,3182.592063,-0.889301442384336,0.0,0
0.0,11,3182.609961,-0.76926790359663,0.0,0
0.047554,13,3182.63083,-0.8578980157351499,0.0,0
0.008986,13,3182.653361,-0.8524580357992216,0.0,0
0.001667,12,3182.673676,-0.8529111191696489,0.0,0
0.050027,13,3182.69533,-0.8664658248252989,0.0,0
0.023377,13,3182.718207,-0.8487130619096835,0.0,0
0.016604,12,3182.741119,-0.8344928426190037,0.0,0
0.03315,12,3182.765205,-0.8483928393161534,0.0,0
0.050034,12,3182.787275,-0.8659581695171089,0.0,0
0.000666,12,3182.808991,-0.9030261007635791,0.0,0
0.043716,12,3182.831002,-0.8494281494160639,0.0,0
0.044202,13,3182.857311,-0.9199364267624242,0.0,0
0.00919,13,3182.886167,-0.9625327638318251,0.0,0
0.036816,13,3182.917577,-0.8392380008710499,0.0,0
0.011422,12,3182.94767,-0.8505704774390144,0.0,0
0.005147,12,3182.977886,-0.8874347522870012,0.0,0
0.000196,12,3183.007983,-0.9076159891943448,0.0,0
0.0,12,3183.038688,-0.8954058328211558,0.0,0
0.006151,11,3183.066182,-0.8518824974747657,0.0,0
0.0191,12,3183.096308,-0.8347240048627657,0.0,0
0.057937,13,3183.131166,-0.8732882384493617,0.0,0
0.015889,11,3183.160914,-0.8308214531070681,0.0,0
0.015232,13,3183.196157,-0.8369963977423338,0.0,0
0.0,12,3183.227271,-0.8998238166026851,0.0,0
0.013476,13,3183.262297,-0.9107901116968153,0.0,0
0.015875,12,3183.297728,-0.8415498426854683,0.0,0
0.024405,12,3183.336799,-0.861223512268833,0.0,0
0.002706,12,3183.377247,-0.8839622079782743,0.0,0
0.055419,12,3183.419086,-0.8996051602107517,0.0,0
0.0,12,3183.462067,-0.8787155465065961,0.0,0
0.0,13,3183.511412,-0.8573951524324184,0.0,0
0.017086,13,3183.561141,-0.8560029009311907,0.0,0
0.007794,13,3183.61337,-0.8672047835573761,0.0,0
0.022165,12,3183.663387,-0.8679203047950437,0.0,0
0.002524,12,3183.712852,-0.8465975853691989,0.0,0
0.0,12,3183.762364,-0.8508009471097994,0.0,0
0.001419,13,3183.807512,-0.8394152513945417,0.0,0
0.064204,12,3183.852753,-0.8524417139612449,0.0,0
0.0,12,3183.900457,-0.8010035162947843,0.0,0
0.05366,13,3183.954362,-0.893230098205419,0.0,0
0.029537,12,3184.474394,-0.7881332555358814,0.0,0
0.061878,12,3184.493475,-0.8049189359773355,0.0,0
0.0,11,3184.511351,-0.8155907037474007,0.0,0
0.010508,12,3184.530486,-0.8837268232042241,0.0,0
0.051893,12,3184.550784,-0.8045846842089074,0.0,0
0.020586,13,3184.57373,-0.8832365694685554,0.0,0
0.051217,13,3184.59637,-0.8671706602029648,0.0,0
0.004749,12,3184.617262,-0.8688290059265855,0.0,0
0.015099,12,3184.638298,-0.8217269772235406,0.0,0
0.018332,11,3184.657284,-0.8059730050883939,0.0,0
0.0,12,3184.676304,-0.8766341079550571,0.0,0
0.027806,13,3184.698169,-0.85841249439756,0.0,0
0.0,12,3184.718594,-0.8570872207018562,0.0,0
0.003771,13,3184.740065,-0.8356739671569724,0.0,0
0.046943,13,3184.760652,-0.840161018215474,0.0,0
0.0,13,3184.781626,-0.9290130982078841,0.0,0
0.037341,13,3184.80282,-0.8458420411823109,0.0,0
0.022698,12,3184.822491,-0.8864322332572155,0.0,0
0.023876,13,3184.84892,-0.8346698062787092,0.0,0
0.00354,12,3184.876681,-0.8113056690945111,0.0,0
0.024553,12,3184.907751,-0.8626914739850642,0.0,0
0.001024,13,3184.943039,-0.8479093776264295,0.0,0
0.0,12,3184.977225,-0.8812410083213746,0.0,0
0.0,11,3185.010053,-0.8764958486697177,0.0,0
0.037812,12,3185.047105,-0.8905783127899325,0.0,0
0.0,13,3185.080984,-0.8964697501556388,0.0,0
0.015699,12,3185.11696,-0.8256024764954637,0.0,0
0.0,12,3185.155233,-0.8802609867554226,0.0,0
0.055801,12,3185.193157,-0.8883716787307948,0.0,0
0.0485,13,3185.22977,-0.8184928895767882,0.0,0
0.001951,12,3185.260479,-0.7880695480644443,0.0,0
0.027273,14,3185.297063,-0.8467931639409239,0.0,0
0.026566,12,3185.333102,-0.8263456653088079,0.0,0
0.009621,13,3185.374438,-0.888605664744691,0.0,0
0.002843,13,3185.415508,-0.8182840710090435,0.0,0
0.000114,13,3185.458817,-0.8349376983967745,0.0,0
0.02115,13,3185.502363,-0.8159828303527322,0.0,0
0.0,13,3185.544131,-0.816277020301094,0.0,0
0.032319,12,3185.58277,-0.8644572360399864,0.0,0
0.002646,12,3185.623461,-0.9060084205339229,0.0,0
0.032495,14,3185.67062,-0.8424845915345622,0.0,0
0.038364,11,3186.184633,-0.7984522963719913,0.0,0
0.007197,12,3186.203891,-0.7946500987991496,0.0,0
0.02063,13,3186.225285,-0.8582456848483941,0.0,0
0.028375,12,3186.244527,-0.7893525477464775,0.0,0
0.021595,13,3186.265407,-0.9162030954030079,0.0,0
0.0,12,3186.288671,-0.8331236769097984,0.0,0
0.001925,12,3186.31398,-0.7851015293184027,0.0,0
0.006374,12,3186.33764,-0.860849297660688,0.0,0
0.025611,13,3186.362528,-0.8295517016866969,0.0,0
0.002939,12,3186.385684,-0.8556933029937513,0.0,0
0.004475,13,3186.410634,-0.8161119490597268,0.0,0
0.03637,12,3186.433931,-0.9128859007271325,0.0,0
0.016802,13,3186.459013,-0.8614091279115924,0.0,0
0.027701,13,3186.484075,-0.8892614178454107,0.0,0
0.0,12,3186.507047,-0.8886158822201607,0.0,0
0.011521,12,3186.527878,-0.8706601298122625,0.0,0
0.00207,13,3186.555487,-0.8482508511554603,0.0,0
0.006268,12,3186.583744,-0.861070065678562,0.0,0
0.004267,12,3186.613712,-0.8403740686450238,0.0,0
0.00129,12,3186.645766,-0.8737586137337015,0.0,0
0.0,12,3186.679568,-0.7819832272422058,0.0,0
0.023517,12,3186.714996,-0.842864552124351,0.0,0
0.024107,13,3186.75523,-0.8903611946670832,0.0,0
0.016048,12,3186.79308,-0.8398357305536803,0.0,0
0.0,12,3186.830937,-0.8336100779573766,0.0,0
0.012451,13,3186.874836,-0.8635092247119016,0.0,0
0.0,12,3186.91481,-0.7851441525662012,0.0,0
0.004218,12,3186.95501,-0.865750804534959,0.0,0
0.025371,13,3186.998276,-0.8141234971701925,0.0,0
0.042061,13,3187.04208,-0.9001807304484046,0.0,0
0.0,11,3187.079253,-0.8512237169440989,0.0,0
0.002374,12,3187.12068,-0.8812718826539826,0.0,0
0.04135,12,3187.163636,-0.8710971859594931,0.0,0
0.034585,12,3187.20673,-0.8210302424090249,0.0,0
0.02017,12,3187.249606,-0.8018165470627603,0.0,0
0.0,12,3187.292756,-0.8342738671123601,0.0,0
0.00265,12,3187.335699,-0.8442232021680601,0.0,0
0.015975,13,3187.382216,-0.8926850831040779,0.0,0
0.0,12,3187.425156,-0.8240920351017094,0.0,0
0.0,13,3187.471676,-0.8634008987030446,0.0,0
0.010073,13,3187.518289,-0.8478755047529392,0.0,0
0.01295,12,3188.05384,-0.8539611939431633,0.0,0
0.020652,12,3188.074022,-0.7810083736155593,0.0,0
0.0,11,3188.092179,-0.865331460162406,0.0,0
0.019781,13,3188.112666,-0.9191695428659256,0.0,0
0.004339,12,3188.131962,-0.8466883821575284,0.0,0
0.00245,12,3188.150898,-0.8342048162524925,0.0,0
0.082069,12,3188.170521,-0.8511563830102887,0.0,0
0.0,14,3188.194295,-0.8134407550508913,0.0,0
0.00637,12,3188.217391,-0.9006760579764698,0.0,0
0.026336,11,3188.238717,-0.8276199296820456,0.0,0
0.014975,12,3188.261858,-0.774823368720936,0.0,0
0.0,12,3188.2852,-0.731579188982408,0.0,0
0.025026,12,3188.30674,-0.8748714988986553,0.0,0
0.0,12,3188.325893,-0.8335201878278845,0.0,0
0.03265,12,3188.345191,-0.8845996471013927,0.0,0
0.046381,13,3188.36554,-0.8779154891476366,0.0,0
0.0,13,3188.386745,-0.9048909673721335,0.0,0
0.002274,12,3188.406022,-0.7485140898301915,0.0,0
0.044399,13,3188.426491,-0.8128390740386711,0.0,0
0.051852,13,3188.447224,-0.841267224123109,0.0,0
0.02964,11,3188.464612,-0.8062368944347711,0.0,0
0.052048,12,3188.483242,-0.8948337334301671,0.0,0
0.045235,13,3188.504058,-0.8374793103724839,0.0,0
0.019832,13,3188.524957,-0.8988250162828769,0.0,0
0.02534,12,3188.547517,-0.8173185277262862,0.0,0
0.021579,13,3188.573316,-0.8719580313433978,0.0,0
0.00154,13,3188.601157,-0.8370910094175795,0.0,0
0.020229,12,3188.62719,-0.8534157910362742,0.0,0
0.00159,13,3188.654794,-0.8745303384741744,0.0,0
0.07752,12,3188.680799,-0.8133074099351193,0.0,0
0.0,12,3188.706621,-0.838444044819826,0.0,0
0.048429,12,3188.732265,-0.854042418112612,0.0,0
0.004256,13,3188.760193,-0.8889344251228342,0.0,0
0.046047,12,3188.786178,-0.7866978024896658,0.0,0
0.0,12,3188.816511,-0.8366004416559233,0.0,0
0.0,13,3188.848717,-0.8189420615542179,0.0,0
0.017226,13,3188.881512,-0.8567945193695832,0.0,0
0.0,12,3188.911529,-0.832924497907515,0.0,0
0.048141,13,3188.944089,-0.8831668245926929,0.0,0
0.026638,14,3188.9726,-0.8308055123859083,0.0,0
0.033261,12,3188.991808,-0.8488950988357818,0.0,0
0.030236,12,3189.014996,-0.88598501563169,0.0,0
0.00213,13,3189.516873,-0.8869047517946362,0.0,0
0.0,13,3189.537886,-0.8768005164600782,0.0,0
0.042604,14,3189.561415,-0.8558340440110581,0.0,0
0.027626,13,3189.583117,-0.8640341973637142,0.0,0
0.004689,13,3189.607659,-0.8913279315598875,0.0,0
0.049914,13,3189.63288,-0.921613509747802,0.0,0
0.0,13,3189.658056,-0.96154849812917,0.0,0
0.021992,12,3189.681466,-0.7992075218473477,0.0,0
0.0068,13,3189.706661,-0.7939840199138618,0.0,0
0.015245,14,3189.734046,-0.8948078765962996,0.0,0
0.068349,13,3189.759337,-0.8470692570492491,0.0,0
0.030786,14,3189.786729,-0.8742026762838928,0.0,0
0.030779,13,3189.812779,-0.843888519963851,0.0,0
0.004889,13,3189.840039,-0.8126998589598589,0.0,0
0.04859,12,3189.86195,-0.7964739868020134,0.0,0
0.0,13,3189.886039,-0.8553007405465203,0.0,0
0.002651,13,3189.910689,-0.8512082047222111,0.0,0
0.014615,12,3189.934099,-0.8696684194383174,0.0,0
0.04903,12,3189.95759,-0.8218093058769939,0.0,0
0.0,13,3189.98376,-0.7933968969811576,0.0,0
0.002731,14,3190.012137,-0.7994380793082675,0.0,0
0.025581,12,3190.036993,-0.8296325471597283,0.0,0
0.0,13,3190.063099,-0.8510602511215045,0.0,0
0.0,12,3190.090796,-0.8459886994445517,0.0,0
0.060788,12,3190.122062,-0.8442472927387225,0.0,0
0.015109,14,3190.16088,-0.8061725086186088,0.0,0
0.003231,12,3190.195841,-0.8059599440553912,0.0,0
0.029404,12,3190.231752,-0.846610196083726,0.0,0
0.020626,12,3190.269692,-0.8896223106725234,0.0,0
0.026686,11,3190.304365,-0.8425140614573601,0.0,0
0.046002,12,3190.342982,-0.8754980721198844,0.0,0
0.006511,12,3190.383667,-0.9254626045682383,0.0,0
0.026559,12,3190.423667,-0.740225095745689,0.0,0
0.001581,13,3190.467204,-0.8168007724573682,0.0,0
0.000358,12,3190.507359,-0.8604329280557884,0.0,0
0.004441,12,3190.547692,-0.795897812719626,0.0,0
0.01831,12,3190.58807,-0.8574082596277677,0.0,0
0.084579,12,3190.628567,-0.7587396577992978,0.0,0
0.011641,12,3190.6715,-0.7745353879121862,0.0,0
0.030578,13,3190.718713,-0.8459291948315321,0.0,0
0.01248,12,3191.254285,-0.8741863527095279,0.0,0
0.047835,12,3191.273999,-0.8455489178323461,0.0,0
0.034115,12,3191.294397,-0.7685055871994461,0.0,0
0.0,13,3191.315093,-0.8736560005460254,0.0,0
0.030359,13,3191.336689,-0.8451319869527674,0.0,0
0.01834,12,3191.355816,-0.8508686193686676,0.0,0
0.022654,13,3191.378065,-0.8392711741115435,0.0,0
0.006186,12,3191.398333,-0.8463418626229862,0.0,0
0.004551,12,3191.419334,-0.8794230945964766,0.0,0
0.104358,12,3191.440528,-0.8000285304504741,0.0,0
0.016773,11,3191.460066,-0.7867380484592841,0.0,0
0.040676,13,3191.483402,-0.8050308131139342,0.0,0
0.040444,13,3191.507284,-0.8815571576656586,0.0,0
0.033663,12,3191.52959,-0.8583527995612709,0.0,0
0.002255,13,3191.554018,-0.904196568290126,0.0,0
0.020338,12,3191.574935,-0.8312159578471696,0.0,0
0.009116,13,3191.597829,-0.8809063610846269,0.0,0
0.0,13,3191.621076,-0.8874295496029654,0.0,0
0.064208,13,3191.644359,-0.960926196539106,0.0,0
0.042287,12,3191.667309,-0.8670246924363169,0.0,0
0.008599,13,3191.697425,-0.8751919579011775,0.0,0
0.003617,13,3191.731418,-0.8932614738187697,0.0,0
0.027388,13,3191.767673,-0.8188171281645773,0.0,0
0.000537,12,3191.803063,-0.8538871970849142,0.0,0
0.010458,13,3191.843334,-0.9113416639792984,0.0,0
0.0,13,3191.885432,-0.8088527001271477,0.0,0
0.021903,14,3191.932333,-0.8612544901956448,0.0,0
0.061095,13,3191.976523,-0.8875095221211801,0.0,0
0.0,13,3192.020099,-0.88628404210906,0.0,0
0.059078,13,3192.063897,-0.8646260650529151,0.0,0
0.00541,13,3192.109028,-0.9064454964065273,0.0,0
0.007422,12,3192.151941,-0.8741160705841544,0.0,0
0.023936,12,3192.195671,-0.8079419579469133,0.0,0
0.002148,13,3192.242504,-0.8628644369717012,0.0,0
0.068908,12,3192.285595,-0.8669707081245192,0.0,0
0.038632,12,3192.32901,-0.7394278522789142,0.0,0
0.009639,13,3192.376157,-0.9323911699125343,0.0,0
0.025431,13,3192.422636,-0.8809226854206349,0.0,0
0.010273,13,3192.469433,-0.9317675233873527,0.0,0
0.0,12,3192.512659,-0.8045852195553856,0.0,0
0.016362,12,3192.555628,-0.8544353844452496,0.0,0
0.015768,12,3193.111504,-0.7966830203667709,0.0,0
0.023468,13,3193.132282,-0.8999590322015927,0.0,0
0.008416,13,3193.153507,-0.895632170364907,0.0,0
0.0,13,3193.174606,-0.8195283931697396,0.0,0
0.024042,13,3193.195753,-0.876014232640211,0.0,0
0.014935,13,3193.217077,-0.8479971233391457,0.0,0
0.061724,12,3193.237353,-0.891607390985198,0.0,0
0.037832,13,3193.259925,-0.7998152772244224,0.0,0
0.0,13,3193.282199,-0.827884442484188,0.0,0
0.0,13,3193.30509,-0.8260944776213078,0.0,0
0.025589,13,3193.328389,-0.8964019363638537,0.0,0
0.0,12,3193.350416,-0.7766641318856318,0.0,0
0.048051,13,3193.375066,-0.8688889147444512,0.0,0
0.01467,13,3193.400025,-0.9414553403005709,0.0,0
0.002556,13,3193.424925,-0.880165949784763,0.0,0
0.0049,13,3193.450312,-0.898565763685271,0.0,0
0.058263,13,3193.476548,-0.9412304975353395,0.0,0
0.020648,12,3193.500644,-0.7799330990995572,0.0,0
0.001779,12,3193.525024,-0.8404268003817739,0.0,0
0.0,13,3193.552611,-0.9039661543333116,0.0,0
0.0,12,3193.57811,-0.8424743769392259,0.0,0
0.055742,12,3193.603609,-0.8917355211404769,0.0,0
0.060502,12,3193.62898,-0.8409527997387669,0.0,0
0.009342,12,3193.657081,-0.8498519314874718,0.0,0
0.036971,12,3193.689227,-0.8084627491120402,0.0,0
0.020276,12,3193.723045,-0.8153009335860412,0.0,0
0.003755,12,3193.758463,-0.7936971699570681,0.0,0
0.019385,13,3193.798935,-0.9543750304823247,0.0,0
0.052095,12,3193.836919,-0.8542903489240207,0.0,0
0.010353,13,3193.879808,-0.8909476368056061,0.0,0
0.013324,13,3193.923441,-0.9105798967913509,0.0,0
0.0,13,3193.966535,-0.854987484657823,0.0,0
0.023795,12,3193.999593,-0.8801054409984197,0.0,0
0.025111,12,3194.032373,-0.8492407816699008,0.0,0
0.014,13,3194.070941,-0.8895951920368431,0.0,0
0.038576,12,3194.108998,-0.8217980827828282,0.0,0
0.024473,13,3194.150875,-0.8546175250076469,0.0,0
0.003613,13,3194.194259,-0.8187274920810096,0.0,0
0.009065,12,3194.234229,-0.8171089335381988,0.0,0
0.025093,13,3194.277595,-0.9069119895701147,0.0,0
0.028955,13,3194.320714,-0.8605381227574583,0.0,0
0.034247,14,3194.84188,-0.8806392236912381,0.0,0
0.0,13,3194.862572,-0.8081568720727293,0.0,0
0.0,12,3194.881409,-0.7982094451170203,0.0,0
0.0,13,3194.902316,-0.864217281104526,0.0,0
0.056624,13,3194.929524,-0.8080840535133257,0.0,0
0.031608,12,3194.952913,-0.8356610256177498,0.0,0
0.0,12,3194.980357,-0.8245638129880867,0.0,0
0.039212,11,3195.002229,-0.7793855280029708,0.0,0
0.061184,12,3195.024106,-0.937089086115515,0.0,0
0.019427,13,3195.046019,-0.840840793630702,0.0,0
0.003451,12,3195.065617,-0.7878055969649392,0.0,0
0.006904,13,3195.088268,-0.9124549700399901,0.0,0
0.004792,13,3195.11171,-0.8762722363647178,0.0,0
0.00142,13,3195.136029,-0.862046990383055,0.0,0
0.059762,12,3195.158442,-0.7930899328542798,0.0,0
0.031176,12,3195.180444,-0.798437986302871,0.0,0
0.037823,12,3195.203042,-0.8850240884376054,0.0,0
0.002547,14,3195.229869,-0.9282458962805631,0.0,0
0.032612,13,3195.254938,-0.8864538901759639,0.0,0
0.0,13,3195.279933,-0.8121748810351913,0.0,0
0.004908,12,3195.302981,-0.9260067103350128,0.0,0
0.003336,12,3195.325926,-0.7805192534586872,0.0,0
0.050838,12,3195.348823,-0.8390626339699236,0.0,0
0.007533,13,3195.374038,-0.9257086446721401,0.0,0
0.018706,12,3195.397185,-0.8793217052082802,0.0,0
0.038844,12,3195.420237,-0.8483159791514554,0.0,0
0.055738,12,3195.443398,-0.8881379957303664,0.0,0
0.035053,13,3195.46838,-0.8380925966116487,0.0,0
0.001631,12,3195.491355,-0.89134126482251,0.0,0
0.067199,13,3195.516434,-0.8424708068873988,0.0,0
0.016198,12,3195.539491,-0.8929557998016843,0.0,0
0.014779,12,3195.562526,-0.7609504748100856,0.0,0
0.02254,13,3195.587329,-0.7976038490728853,0.0,0
0.030287,13,3195.612281,-0.8293716332286672,0.0,0
0.017209,13,3195.637145,-0.8306233550542386,0.0,0
0.061797,12,3195.660077,-0.8093172705539617,0.0,0
0.045005,12,3195.682791,-0.889854355442574,0.0,0
0.041687,14,3195.709429,-0.8801009732702333,0.0,0
0.008412,12,3195.732236,-0.8121894796436239,0.0,0
0.00158,13,3195.757109,-0.8826554211461276,0.0,0
0.025936,12,3195.780017,-0.8697834338290248,0.0,0
0.041398,12,3196.321959,-0.9019491572619937,0.0,0
0.015282,13,3196.34278,-0.9059287460717738,0.0,0
0.057596,13,3196.363388,-0.8611735891834281,0.0,0
0.041708,12,3196.382858,-0.7963320754634498,0.0,0
0.009081,12,3196.402757,-0.8663587631596589,0.0,0
0.04933,12,3196.422563,-0.8332466729442971,0.0,0
0.020974,13,3196.445021,-0.8389460895391149,0.0,0
0.008599,12,3196.466267,-0.8103474907333981,0.0,0
0.048722,12,3196.488333,-0.855583070224544,0.0,0
0.028392,12,3196.509907,-0.8399459757050051,0.0,0
0.012544,13,3196.533639,-0.8526772271088995,0.0,0
0.035394,14,3196.559504,-0.8877716166468927,0.0,0
0.017287,12,3196.581798,-0.919991161010226,0.0,0
0.003166,12,3196.604055,-0.8163176439736747,0.0,0
0.022824,12,3196.628282,-0.9423661302703039,0.0,0
0.03053,12,3196.655412,-0.9220343761091461,0.0,0
0.034053,12,3196.68634,-0.8027806234306848,0.0,0
0.0,12,3196.719186,-0.8900751466428026,0.0,0
0.046786,12,3196.753441,-0.8374842516291368,0.0,0
0.057131,12,3196.78914,-0.8566406080120819,0.0,0
0.010938,13,3196.82965,-0.8068209286153898,0.0,0
0.0,13,3196.870718,-0.9060173337818981,0.0,0
0.034112,12,3196.908805,-0.8082968273456685,0.0,0
0.039077,13,3196.952205,-0.842855051214142,0.0,0
0.05283,12,3196.992539,-0.8704339334653074,0.0,0
0.00357,13,3197.036132,-0.8798090759984929,0.0,0
0.016419,12,3197.076527,-0.7906730064604922,0.0,0
0.04267,13,3197.119839,-0.8862603651383416,0.0,0
0.04015,12,3197.159992,-0.8289710087368751,0.0,0
0.011407,12,3197.193309,-0.8699219115967566,0.0,0
0.030039,13,3197.228772,-0.7988774357158608,0.0,0
0.006161,12,3197.266589,-0.8129072765462688,0.0,0
0.039519,12,3197.304406,-0.813551028519019,0.0,0
0.0,12,3197.344313,-0.8826545007615106,0.0,0
0.0,12,3197.38438,-0.7794084311290363,0.0,0
0.056941,12,3197.424499,-0.8682798579901331,0.0,0
0.056405,13,3197.468471,-0.8557664886860066,0.0,0
0.021167,12,3197.511286,-0.7433190843092993,0.0,0
0.0,12,3197.551486,-0.7824640789373468,0.0,0
0.020246,12,3197.591799,-0.8568395718682509,0.0,0
0.04443,12,3197.631927,-0.9575516945363952,0.0,0
0.012545,12,3198.162349,-0.7744696593714901,0.0,0
0.066857,12,3198.181617,-0.877796649822704,0.0,0
0.048915,13,3198.202726,-0.8529116490753744,0.0,0
0.022167,13,3198.223204,-0.857159692552816,0.0,0
0.001523,13,3198.243191,-0.7577721980165595,0.0,0
0.002703,13,3198.264096,-0.8762546239501809,0.0,0
0.05842,12,3198.284314,-0.8316970762923815,0.0,0
0.014302,13,3198.306031,-0.9194759555215244,0.0,0
0.0,13,3198.32839,-0.865342488339564,0.0,0
0.074632,13,3198.351607,-0.8081282921204047,0.0,0
0.015083,13,3198.37516,-0.8665049514214025,0.0,0
0.0,12,3198.39949,-0.8263331821801506,0.0,0
0.047585,13,3198.430194,-0.9063409691543599,0.0,0
0.043674,13,3198.463438,-0.8461875954668607,0.0,0
0.044232,12,3198.494179,-0.8792951740543204,0.0,0
0.006406,12,3198.519135,-0.790890861508511,0.0,0
0.027389,12,3198.548064,-0.7400916211013586,0.0,0
0.021561,13,3198.579655,-0.7865012512362285,0.0,0
0.014853,13,3198.611096,-0.868958965539306,0.0,0
0.039263,12,3198.639879,-0.8366944812313194,0.0,0
0.04348,13,3198.671178,-0.8842870659516372,0.0,0
0.028455,12,3198.700515,-0.8075553233518826,0.0,0
0.011929,13,3198.735033,-0.8615662065669557,0.0,0
0.01845,13,3198.772948,-0.915749496865412,0.0,0
0.013045,13,3198.812059,-0.8791770370109434,0.0,0
0.0,12,3198.850074,-0.8310800495049493,0.0,0
0.001101,12,3198.88803,-0.8196667594058413,0.0,0
0.026509,12,3198.927785,-0.8249197351313272,0.0,0
0.044121,12,3198.967576,-0.8482061991759846,0.0,0
0.007571,13,3199.011158,-0.8653786083706698,0.0,0
0.057779,12,3199.051019,-0.7763304185655958,0.0,0
0.018605,13,3199.094879,-0.8610930121302995,0.0,0
0.047215,12,3199.134721,-0.814152118751487,0.0,0
0.018624,12,3199.174717,-0.8947009491164791,0.0,0
0.034748,13,3199.217786,-0.869395274314577,0.0,0
0.036738,12,3199.257711,-0.878127120391604,0.0,0
0.005078,13,3199.300766,-0.9016494104226184,0.0,0
0.01711,12,3199.340601,-0.8893189060109672,0.0,0
0.0,12,3199.380433,-0.8303996178765882,0.0,0
0.039773,13,3199.423601,-0.7787562464893304,0.0,0
0.021153,13,3199.466879,-0.853951239593294,0.0,0
0.049666,13,3199.992245,-0.8706016285366502,0.0,0
0.037736,13,3200.013155,-0.8418538181737156,0.0,0
0.106966,12,3200.03583,-0.8943457782474895,0.0,0
0.0,12,3200.055268,-0.9055147401665182,0.0,0
0.002432,12,3200.074441,-0.8716420276024682,0.0,0
0.0,12,3200.094337,-0.7966842606583588,0.0,0
0.0,12,3200.113725,-0.8152985824175047,0.0,0
0.02498,12,3200.133736,-0.8724293544211373,0.0,0
0.035959,13,3200.155764,-0.9022923262562954,0.0,0
0.012035,13,3200.178416,-0.9267322678105367,0.0,0
0.051637,12,3200.199896,-0.8945418008732301,0.0,0
0.016875,12,3200.220877,-0.9301105430633693,0.0,0
0.035574,12,3200.241355,-0.7957433740472758,0.0,0
0.018238,12,3200.262189,-0.8851434649136326,0.0,0
0.036098,13,3200.285255,-0.8521142603597673,0.0,0
0.019499,12,3200.306992,-0.8092753708661895,0.0,0
0.05919,12,3200.332114,-0.7656626366849277,0.0,0
0.007418,12,3200.363433,-0.8887691200175485,0.0,0
0.015675,12,3200.397924,-0.7579998537076941,0.0,0
0.05128,12,3200.435521,-0.8700444719047089,0.0,0
0.038788,13,3200.475845,-0.9050126819074449,0.0,0
0.012866,14,3200.523551,-0.7837444201780889,0.0,0
0.047283,13,3200.567698,-0.8142422456284547,0.0,0
0.015956,12,3200.596433,-0.8603156743618217,0.0,0
0.059179,12,3200.624656,-0.7918022386764251,0.0,0
0.011786,12,3200.652739,-0.8329474545832654,0.0,0
0.035029,12,3200.68888,-0.7873446350841956,0.0,0
0.009049,13,3200.731507,-0.9318062578587781,0.0,0
0.004738,12,3200.773449,-0.8394156461451074,0.0,0
0.026759,14,3200.823338,-0.838204798434939,0.0,0
0.034612,12,3200.869157,-0.8356641854117546,0.0,0
0.041423,13,3200.918196,-0.8648302848736206,0.0,0
0.02406,12,3200.964463,-0.7931348771872057,0.0,0
0.058486,13,3201.016888,-0.8949961568785598,0.0,0
0.021243,12,3201.063593,-0.8123543744347211,0.0,0
0.022193,12,3201.110303,-0.7668184889577453,0.0,0
0.073494,12,3201.157099,-0.9162915672290473,0.0,0
0.019262,12,3201.203846,-0.8578812265077193,0.0,0
0.049057,13,3201.254492,-0.8370824981038932,0.0,0
0.017578,12,3201.301104,-0.774990478352641,0.0,0
0.052523,12,3201.347505,-0.7762499195703181,0.0,0
0.011775,12,3201.394001,-0.9226395662435669,0.0,0
0.067829,13,3201.915092,-0.9068275158437438,0.0,0
0.004327,13,3201.935723,-0.86602186338267,0.0,0
0.064449,12,3201.956606,-0.8418561288886294,0.0,0
0.004444,13,3201.980949,-0.8527845374588515,0.0,0
0.047678,13,3202.003389,-0.9044862661407692,0.0,0
0.020176,14,3202.0279,-0.8126596817243911,0.0,0
0.030711,12,3202.048851,-0.7538312176586384,0.0,0
0.01164,12,3202.069675,-0.8076631274445039,0.0,0
0.041822,13,3202.092174,-0.8485146485777121,0.0,0
0.028931,12,3202.111586,-0.8748412382774428,0.0,0
0.04358,13,3202.133072,-0.8199986346925414,0.0,0
0.043306,12,3202.152442,-0.8732273337065689,0.0,0
0.061311,12,3202.17299,-0.7684303847172487,0.0,0
0.002112,13,3202.1954,-0.8657059619060168,0.0,0
0.096487,13,3202.218004,-0.871292084116684,0.0,0
0.049253,13,3202.241529,-0.814672402592479,0.0,0
0.024495,13,3202.26245,-0.8359566364772629,0.0,0
0.0,12,3202.281765,-0.887769698773974,0.0,0
0.028302,12,3202.30283,-0.8163797233198619,0.0,0
0.005587,11,3202.327525,-0.7514795022692502,0.0,0
0.019582,12,3202.357322,-0.8417394698497632,0.0,0
0.047991,12,3202.388757,-0.8792110323612361,0.0,0
0.019861,13,3202.425393,-0.8854310182541589,0.0,0
0.007477,13,3202.463717,-0.8672492841697738,0.0,0
0.006979,13,3202.504577,-0.7885129932514311,0.0,0
0.00727,13,3202.546328,-0.858612959394837,0.0,0
0.03728,13,3202.589605,-0.8633352552986281,0.0,0
0.07196,12,3202.629321,-0.8612416213682365,0.0,0
0.00534,13,3202.67275,-0.8297825629551158,0.0,0
0.003997,13,3202.715937,-0.8544558813146141,0.0,0
0.002372,13,3202.759757,-0.8629366827149021,0.0,0
0.01567,12,3202.799772,-0.8007710869806995,0.0,0
0.011767,12,3202.841056,-0.8868667303125877,0.0,0
0.00473,12,3202.884045,-0.8188686498012504,0.0,0
0.078436,13,3202.93045,-0.8531719762281527,0.0,0
0.031463,13,3202.977479,-0.9045084680062044,0.0,0
0.000635,12,3203.0206,-0.8863866607453279,0.0,0
0.068526,12,3203.063161,-0.7550635955539318,0.0,0
0.064414,13,3203.109564,-0.8021642060142109,0.0,0
0.027344,12,3203.152447,-0.8616569825841871,0.0,0
0.003589,14,3203.778015,-0.7795952769292478,0.0,0
9.4e-05,12,3203.806519,-0.9395173374259622,0.0,0
0.060457,12,3203.82669,-0.8031863116599696,0.0,0
0.017105,12,3203.847663,-0.8795801404664783,0.0,0
0.025542,13,3203.870322,-0.8025413795727442,0.0,0
0.055781,12,3203.891567,-0.7948740938911621,0.0,0
0.078682,13,3203.918763,-0.8014693468436449,0.0,0
0.079023,12,3203.946516,-0.7207099789372704,0.0,0
0.062048,14,3203.97657,-0.8696405933950064,0.0,0
0.065837,12,3203.996222,-0.8432111835950435,0.0,0
0.029953,13,3204.018186,-0.8678616918290005,0.0,0
0.054874,12,3204.037486,-0.7969338639069006,0.0,0
0.026152,13,3204.058276,-0.8597756179117596,0.0,0
0.028915,13,3204.0803,-0.8856571402675741,0.0,0
0.042946,13,3204.101514,-0.8353032860749693,0.0,0
0.020521,13,3204.122907,-0.8275718050610678,0.0,0
0.002175,13,3204.14679,-0.8576890640599909,0.0,0
0.053306,13,3204.173078,-0.8779056087466394,0.0,0
0.015291,13,3204.204293,-0.8509961064357758,0.0,0
0.002439,12,3204.235119,-0.7625868732338339,0.0,0
0.003221,12,3204.267501,-0.8643724362087609,0.0,0
0.020553,13,3204.304433,-0.7787456830442089,0.0,0
0.027573,13,3204.343483,-0.8416764731222269,0.0,0
0.11991,13,3204.384333,-0.8347342794809487,0.0,0
0.001866,12,3204.42231,-0.8294028351128009,0.0,0
0.009047,14,3204.468924,-0.8098049381194065,0.0,0
0.0,13,3204.512308,-0.8760939939965918,0.0,0
0.056928,13,3204.555705,-0.835602659900845,0.0,0
0.084515,13,3204.598918,-0.8149104297560169,0.0,0
0.026423,13,3204.642346,-0.903634559035194,0.0,0
0.03608,13,3204.68584,-0.8434958688830085,0.0,0
0.047507,12,3204.726062,-0.8149677893793302,0.0,0
0.065746,13,3204.769641,-0.9313226406013371,0.0,0
0.03472,14,3204.817225,-0.8544095421743608,0.0,0
0.025938,13,3204.862667,-0.8788408727811227,0.0,0
0.0,12,3204.905588,-0.8356165711457215,0.0,0
0.036252,13,3204.952092,-0.8552468720366053,0.0,0
0.010267,13,3204.989543,-0.8830269524926373,0.0,0
0.000844,13,3205.032959,-0.8251337518382126,0.0,0
0.001314,13,3205.07636,-0.8461910630754614,0.0,0
0.026998,13,3205.643857,-0.8341365961616225,0.0,0
0.012661,13,3205.664689,-0.8792646636281083,0.0,0
0.081632,13,3205.690408,-0.8643281749190097,0.0,0
0.045659,12,3205.717812,-0.7740864874988842,0.0,0
0.049115,13,3205.747411,-0.8238096082771856,0.0,0
0.016377,13,3205.774236,-0.850312499891283,0.0,0
0.020838,12,3205.796093,-0.9606379127733102,0.0,0
0.00249,12,3205.816952,-0.8951763028932428,0.0,0
0.003329,12,3205.837378,-0.8228769630318509,0.0,0
0.081195,12,3205.855164,-0.902728820707046,0.0,0
0.07254,12,3205.872421,-0.7970843417682214,0.0,0
0.021837,12,3205.889804,-0.853926867448418,0.0,0
0.0,13,3205.909546,-0.8516809556876166,0.0,0
0.031335,12,3205.928667,-0.7469536536213103,0.0,0
0.032739,13,3205.950696,-0.8584900812077421,0.0,0
0.017446,12,3205.972299,-0.8317437292675564,0.0,0
0.037548,13,3205.997685,-0.838592524977892,0.0,0
0.035669,14,3206.026922,-0.7708516476406416,0.0,0
0.05937,13,3206.058507,-0.7975229693998308,0.0,0
0.077979,13,3206.092292,-0.9122054782340365,0.0,0
0.039019,12,3206.125364,-0.8640442411033394,0.0,0
0.012312,12,3206.161312,-0.8208189655992422,0.0,0
0.024055,12,3206.198217,-0.8529071612188128,0.0,0
0.045809,13,3206.239198,-0.7815006476348912,0.0,0
0.024786,12,3206.277812,-0.7965365369036306,0.0,0
0.073038,12,3206.317708,-0.8535597394937142,0.0,0
0.007935,14,3206.364323,-0.8826697284271909,0.0,0
0.052254,13,3206.407487,-0.8621851964787263,0.0,0
0.008529,13,3206.453373,-0.8842988015136649,0.0,0
0.00491,12,3206.496048,-0.8184791504230966,0.0,0
0.005719,11,3206.53537,-0.7409980235207015,0.0,0
0.002412,12,3206.578278,-0.8040352267180207,0.0,0
0.06153,12,3206.621624,-0.7875889401979427,0.0,0
0.057542,12,3206.664956,-0.8722034450568066,0.0,0
0.021359,11,3206.704463,-0.7606113022082803,0.0,0
0.013121,13,3206.751115,-0.8625206296882492,0.0,0
0.026192,13,3206.797906,-0.8598697172143501,0.0,0
0.038336,13,3206.845008,-0.7485416055397899,0.0,0
0.0,12,3206.88856,-0.8570763475550198,0.0,0
0.013287,13,3206.936362,-0.8589298797135437,0.0,0
0.01351,13,3206.983631,-0.8521875332864924,0.0,0
0.164426,13,3207.543281,-0.7830138092505324,0.0,0
0.036012,13,3207.563637,-0.837640035863163,0.0,0
0.043242,12,3207.582631,-0.8219858392734595,0.0,0
0.034376,12,3207.602154,-0.7630421289353544,0.0,0
0.038802,13,3207.623116,-0.8326516647954404,0.0,0
0.046741,12,3207.643086,-0.8972660494914112,0.0,0
0.001979,13,3207.665472,-0.9303883792342078,0.0,0
0.053177,12,3207.686503,-0.7046652661592593,0.0,0
0.046608,14,3207.712003,-0.7965517452329433,0.0,0
0.00841,12,3207.733651,-0.8428046910513683,0.0,0
0.012266,12,3207.755899,-0.8707836551326489,0.0,0
0.034389,13,3207.780248,-0.8175058364113519,0.0,0
0.025066,13,3207.803276,-0.8683253737623925,0.0,0
0.009138,13,3207.827701,-0.781391973757182,0.0,0
0.006443,14,3207.85796,-0.8817564303087859,0.0,0
0.008147,13,3207.889531,-0.9136043249390948,0.0,0
0.067673,13,3207.925999,-0.864423158353725,0.0,0
0.00188,12,3207.960843,-0.8050933312859352,0.0,0
0.051294,13,3208.001019,-0.8183546026718163,0.0,0
0.037127,14,3208.045815,-0.7827058879269977,0.0,0
0.013355,12,3208.084255,-0.7807251180920219,0.0,0
0.046672,14,3208.131138,-0.8650887747828084,0.0,0
0.041893,13,3208.175764,-0.9115784309535657,0.0,0
0.028412,13,3208.219496,-0.8122592705936366,0.0,0
0.0,12,3208.260692,-0.7501400608213109,0.0,0
0.045063,12,3208.302144,-0.866593007055451,0.0,0
0.019242,12,3208.344848,-0.8302402996194614,0.0,0
0.016257,13,3208.391581,-0.8623211351658389,0.0,0
0.025912,13,3208.438278,-0.8011417967621743,0.0,0
0.023142,12,3208.481498,-0.8930235471347062,0.0,0
8.5e-05,12,3208.524656,-0.8914019645920924,0.0,0
0.04241,14,3208.575007,-0.8762812597388546,0.0,0
0.037122,13,3208.621643,-0.8505787295675513,0.0,0
0.016757,12,3208.665071,-0.814439202316181,0.0,0
0.010312,13,3208.711855,-0.8707638800481239,0.0,0
0.0,12,3208.754637,-0.7475639602978665,0.0,0
0.040972,13,3208.801126,-0.8460294609807931,0.0,0
0.130681,13,3208.847391,-0.795815414840528,0.0,0
0.049694,14,3208.89751,-0.8146524206827168,0.0,0
0.043722,12,3208.940922,-0.8604333109431593,0.0,0
0.037084,12,3208.983751,-0.8205591475827962,0.0,0
0.020864,12,3209.513874,-0.7878733304964719,0.0,0
0.0,13,3209.534276,-0.8147758564721838,0.0,0
0.008213,12,3209.553569,-0.813940232359993,0.0,0
0.032959,12,3209.572088,-0.8087305642044157,0.0,0
0.041457,12,3209.591243,-0.788771252503929,0.0,0
0.048118,14,3209.61413,-0.7927267320553127,0.0,0
0.003495,12,3209.638119,-0.7338286227029325,0.0,0
0.050377,12,3209.664785,-0.7796007406869747,0.0,0
0.043941,13,3209.694703,-0.8401078031034026,0.0,0
0.075377,13,3209.715828,-0.8188014295019982,0.0,0
0.018002,13,3209.734828,-0.8746751369563067,0.0,0
0.023216,12,3209.754513,-0.812754058626774,0.0,0
0.074542,13,3209.779327,-0.8402525146919019,0.0,0
0.115541,14,3209.809814,-0.7671992407664867,0.0,0
0.04033,13,3209.838323,-0.8226402169298878,0.0,0
0.040591,12,3209.868462,-0.8653193271048158,0.0,0
0.040409,13,3209.903395,-0.9215918849648763,0.0,0
0.009135,13,3209.940493,-0.8956790056114706,0.0,0
0.031513,12,3209.97656,-0.8041166422179188,0.0,0
0.015516,12,3210.013816,-0.8490503502119482,0.0,0
0.042503,12,3210.044086,-0.8738928063694745,0.0,0
0.02813,13,3210.074771,-0.849314072718281,0.0,0
0.0,12,3210.102643,-0.8707226268545051,0.0,0
0.016086,13,3210.133202,-0.8840652616919721,0.0,0
0.046846,13,3210.163105,-0.8826857258923619,0.0,0
0.043612,12,3210.191026,-0.8385716728997514,0.0,0
0.066334,12,3210.218704,-0.8834051121613826,0.0,0
0.004931,12,3210.246353,-0.841868893471341,0.0,0
0.060192,12,3210.273772,-0.850468892372599,0.0,0
0.006308,12,3210.301674,-0.8068963577640584,0.0,0
0.039669,13,3210.331528,-0.9075999146654707,0.0,0
0.005575,13,3210.361393,-0.9387941280745166,0.0,0
0.045593,13,3210.391126,-0.8547154125497888,0.0,0
0.011445,13,3210.421287,-0.791094812801366,0.0,0
0.034993,13,3210.451006,-0.8572070713520371,0.0,0
0.006854,12,3210.478394,-0.7950134965440915,0.0,0
0.037997,12,3210.506186,-0.8102885809698656,0.0,0
0.019656,12,3210.533453,-0.8389484068514277,0.0,0
0.021389,14,3210.565823,-0.9191603725903977,0.0,0
0.029134,12,3210.593691,-0.7678647521895617,0.0,0
0.014631,12,3211.186347,-0.7813686662796665,0.0,0
0.052962,13,3211.207372,-0.8303483148169011,0.0,0
0.082753,13,3211.228027,-0.8040797502279016,0.0,0
0.019348,13,3211.248797,-0.8744254485274155,0.0,0
0.000241,12,3211.268406,-0.7385497469008241,0.0,0
0.019285,13,3211.289322,-0.8519423639265439,0.0,0
0.009351,13,3211.310327,-0.8522520388656246,0.0,0
0.043493,12,3211.329821,-0.870659843176979,0.0,0
0.034898,13,3211.351291,-0.8303449110445446,0.0,0
0.020141,12,3211.371592,-0.886611810271703,0.0,0
0.0317,13,3211.392714,-0.9277590946707612,0.0,0
0.042484,13,3211.41311,-0.8812467283480486,0.0,0
0.0,13,3211.433464,-0.8794246062793737,0.0,0
0.036982,13,3211.454184,-0.8152116226088447,0.0,0
0.00204,13,3211.474304,-0.8499904279507156,0.0,0
0.037265,13,3211.49474,-0.8813912008977765,0.0,0
0.014828,13,3211.51958,-0.7831025722604796,0.0,0
0.041107,13,3211.550541,-0.9098727938015112,0.0,0
0.007891,13,3211.584183,-0.9253618241629273,0.0,0
0.057061,13,3211.620382,-0.8739017728810117,0.0,0
0.039218,13,3211.659205,-0.892642353735418,0.0,0
0.049586,14,3211.70311,-0.8722908482794213,0.0,0
0.000247,12,3211.741512,-0.8129175097237235,0.0,0
0.026934,13,3211.784648,-0.873229188246438,0.0,0
0.0,13,3211.828491,-0.850174925064322,0.0,0
0.097653,13,3211.872947,-0.9275176198467988,0.0,0
0.046087,12,3211.916201,-0.8657461548926683,0.0,0
0.045028,13,3211.963453,-0.8824210689478524,0.0,0
0.023961,13,3212.010761,-0.8369273900353464,0.0,0
0.068478,12,3212.054326,-0.808176620936704,0.0,0
0.004092,12,3212.09832,-0.8681467141868733,0.0,0
0.041705,13,3212.14549,-0.8696837526337371,0.0,0
0.011905,12,3212.189248,-0.9309400271938577,0.0,0
0.034123,12,3212.232949,-0.8546640750081639,0.0,0
0.0,13,3212.280178,-0.8510252418522524,0.0,0
0.046289,13,3212.327462,-0.7926016122664175,0.0,0
0.051433,13,3212.375252,-0.8711765956967154,0.0,0
0.05201,11,3212.414995,-0.7829636628684596,0.0,0
0.032031,13,3212.462485,-0.9042043571281928,0.0,0
0.009889,13,3212.50989,-0.8834205204228068,0.0,0
0.03389,13,3212.55751,-0.8815558661841254,0.0,0
0.043349,12,3213.080726,-0.8451724763467643,0.0,0
0.085614,12,3213.099632,-0.7271260023290667,0.0,0
0.064026,13,3213.120428,-0.8705171777569519,0.0,0
0.0148,13,3213.140795,-0.8695059841806365,0.0,0
0.003185,12,3213.159911,-0.7778202789457064,0.0,0
0.029418,12,3213.179071,-0.8156372812021917,0.0,0
0.039712,13,3213.199955,-0.9812267990319743,0.0,0
0.057295,13,3213.227005,-0.8842063828815497,0.0,0
0.051552,13,3213.256393,-0.8496697030767731,0.0,0
0.000466,12,3213.282358,-0.8725666908089492,0.0,0
0.036639,12,3213.308977,-0.8743316602241644,0.0,0
0.031278,13,3213.341459,-0.8912819366557627,0.0,0
0.045028,12,3213.373775,-0.8621617611638495,0.0,0
0.049749,12,3213.407657,-0.9347365289981615,0.0,0
0.040846,13,3213.446369,-0.8412808332819746,0.0,0
0.043528,13,3213.486592,-0.8344979451028661,0.0,0
0.022277,12,3213.524495,-0.8905443858757263,0.0,0
0.015338,13,3213.566895,-0.8524503536153034,0.0,0
0.035697,13,3213.610822,-0.8424217349605452,0.0,0
0.0,12,3213.651473,-0.8800211756793537,0.0,0
0.068786,13,3213.695263,-0.7865847818924669,0.0,0
0.008314,12,3213.735523,-0.7998716825398451,0.0,0
0.06131,13,3213.779342,-0.866922625263425,0.0,0
0.054531,12,3213.820499,-0.8141763017503951,0.0,0
0.011202,12,3213.85763,-0.8696237086209905,0.0,0
0.001185,12,3213.88976,-0.8519012333778939,0.0,0
0.041809,12,3213.919727,-0.8501740346232246,0.0,0
0.030773,13,3213.950562,-0.8933759670025151,0.0,0
0.043824,13,3213.980072,-0.8286640130142118,0.0,0
0.074165,13,3214.008909,-0.8152876640438402,0.0,0
0.005429,11,3214.033383,-0.857721272017104,0.0,0
0.027264,12,3214.065305,-0.7848498226402174,0.0,0
0.015707,12,3214.099432,-0.7903635721510855,0.0,0
0.026712,12,3214.135113,-0.7686600180254125,0.0,0
0.041243,12,3214.172566,-0.8547584335002685,0.0,0
0.027198,12,3214.210393,-0.8848106962821647,0.0,0
0.061624,12,3214.250079,-0.9782831873988906,0.0,0
0.052433,13,3214.293788,-0.853336484120825,0.0,0
0.0,12,3214.333884,-0.8347482559948942,0.0,0
0.012835,12,3214.374218,-0.8736225814381187,0.0,0
0.015467,13,3214.417645,-0.90106531002394,0.0,0
0.012828,13,3214.944473,-0.7983123218746263,0.0,0
0.012047,13,3214.965758,-0.8500127943350457,0.0,0
0.010974,13,3214.986087,-0.8004763944427101,0.0,0
0.0,12,3215.004252,-0.8195651382382648,0.0,0
0.021536,12,3215.023794,-0.9149380699158617,0.0,0
0.003272,13,3215.04603,-0.903754544222547,0.0,0
0.003513,13,3215.067549,-0.8116410486553935,0.0,0
0.01961,12,3215.08785,-0.8108270917708456,0.0,0
0.064854,13,3215.110366,-0.9412055511923673,0.0,0
0.02408,13,3215.133189,-0.9113496929379691,0.0,0
0.005786,13,3215.156091,-0.7900348276560339,0.0,0
0.037434,12,3215.178159,-0.8708986570813831,0.0,0
0.0,12,3215.197689,-0.8340599792799165,0.0,0
0.057222,12,3215.214735,-0.795827908772449,0.0,0
0.037196,13,3215.23356,-0.7826360542206396,0.0,0
0.029781,13,3215.252772,-0.8740334833371806,0.0,0
0.056529,13,3215.272335,-0.7631414891986743,0.0,0
0.023509,12,3215.290002,-0.8215917545337462,0.0,0
0.055856,12,3215.307778,-0.9339098805968604,0.0,0
0.05797,12,3215.325373,-0.8143864804778849,0.0,0
0.0,12,3215.343217,-0.803206403181422,0.0,0
0.041171,13,3215.36282,-0.8737033787429062,0.0,0
0.027144,13,3215.382424,-0.8904387590611454,0.0,0
0.047965,12,3215.400869,-0.775665633266973,0.0,0
0.028455,12,3215.419088,-0.8075405107000505,0.0,0
0.005234,13,3215.43939,-0.810619087574105,0.0,0
0.037451,12,3215.458166,-0.8331598188137423,0.0,0
0.003694,12,3215.47725,-0.811246537988161,0.0,0
0.00195,12,3215.496007,-0.9376452474349436,0.0,0
0.060126,13,3215.516644,-0.7984634212517646,0.0,0
0.06327,14,3215.540627,-0.8191231528253883,0.0,0
0.022519,12,3215.569008,-0.7776660930584249,0.0,0
0.0,13,3215.60168,-0.870340224645705,0.0,0
0.003111,13,3215.63639,-0.8629764512483905,0.0,0
0.030837,13,3215.673312,-0.8066909207262961,0.0,0
0.024737,12,3215.708809,-0.8876648795368087,0.0,0
0.047127,13,3215.748647,-0.8477227881851113,0.0,0
0.034839,12,3215.786447,-0.7960117778690292,0.0,0
0.034425,12,3215.826053,-0.8028851310849696,0.0,0
0.002965,12,3215.866526,-0.7434007149982911,0.0,0
0.016554,12,3215.906575,-0.8546681777622535,0.0,0
0.026347,13,3216.431711,-0.9050004597116478,0.0,0
0.055118,12,3216.449956,-0.8442844998242698,0.0,0
0.073149,12,3216.469166,-0.8031050836942512,0.0,0
0.0,12,3216.487549,-0.8438553906998597,0.0,0
0.051528,13,3216.509232,-0.8091396244412545,0.0,0
0.049743,12,3216.532517,-0.8039413744279384,0.0,0
0.036059,13,3216.55763,-0.8749944543546355,0.0,0
0.016485,12,3216.580838,-0.7687188739303633,0.0,0
0.038966,12,3216.604206,-0.822778585849445,0.0,0
0.0,12,3216.626629,-0.7407880976411346,0.0,0
0.04753,12,3216.647094,-0.8682974119087602,0.0,0
0.038056,13,3216.668976,-0.8178259522165467,0.0,0
0.021916,12,3216.691021,-0.7833562692532182,0.0,0
0.045831,12,3216.717678,-0.7455589348738811,0.0,0
0.015562,13,3216.750259,-0.8308470720566029,0.0,0
0.039748,12,3216.784186,-0.7889375506006145,0.0,0
0.065957,12,3216.820509,-0.7988496592830526,0.0,0
0.002593,11,3216.853648,-0.8186541658946948,0.0,0
0.005035,13,3216.894764,-0.8175763196992334,0.0,0
0.017354,12,3216.92878,-0.8563163452566,0.0,0
0.018021,13,3216.970029,-0.8895771552038662,0.0,0
0.034965,12,3217.008082,-0.8070800294801285,0.0,0
0.000599,13,3217.051633,-0.8318664617380985,0.0,0
0.034836,13,3217.095953,-0.848034801788425,0.0,0
0.051008,12,3217.13634,-0.7052204157809648,0.0,0
0.001527,12,3217.176938,-0.7903754092245802,0.0,0
0.051811,12,3217.218518,-0.7244476983476427,0.0,0
0.027815,12,3217.261754,-0.7734062008044381,0.0,0
0.057605,12,3217.308558,-0.8824628901562813,0.0,0
0.015686,12,3217.351493,-0.7337516151629087,0.0,0
0.075865,12,3217.392978,-0.7620193299524046,0.0,0
0.061922,12,3217.427518,-0.7414414572795948,0.0,0
0.046378,12,3217.459651,-0.7771515680685009,0.0,0
0.018979,12,3217.490364,-0.8680755547877714,0.0,0
0.047076,12,3217.519005,-0.7512838801489272,0.0,0
0.044319,12,3217.546679,-0.813319354328001,0.0,0
0.043299,12,3217.573736,-0.8261953383114794,0.0,0
0.049583,12,3217.600283,-0.8061419124276304,0.0,0
0.039737,13,3217.628265,-0.8976358951247303,0.0,0
0.0,12,3217.654333,-0.7959563723539804,0.0,0
0.048407,12,3217.679647,-0.786539758078407,0.0,0
0.036005,12,3217.704407,-0.8324340265352733,0.0,0
0.002236,13,3218.214052,-0.7986239652379526,0.0,0
0.039877,13,3218.234304,-0.807924653442166,0.0,0
0.040091,12,3218.252934,-0.82093424781466,0.0,0
0.012442,12,3218.271975,-0.784061788139239,0.0,0
0.028453,13,3218.29211,-0.8645384947374201,0.0,0
0.021655,13,3218.312744,-0.824385568796984,0.0,0
0.046718,12,3218.332172,-0.7787792325576125,0.0,0
0.093274,13,3218.353907,-0.8233843947006507,0.0,0
0.100453,13,3218.383856,-0.8096871310544884,0.0,0
0.01959,12,3218.406041,-0.8673795119511004,0.0,0
0.029012,13,3218.429605,-0.8601725422359917,0.0,0
0.043806,13,3218.453405,-0.9000560237101665,0.0,0
0.014851,13,3218.47799,-0.9521327299343241,0.0,0
0.004153,13,3218.502757,-0.7786842731175344,0.0,0
0.019639,12,3218.526062,-0.8185555391423762,0.0,0
0.016731,12,3218.549586,-0.8042965458116805,0.0,0
0.038913,12,3218.573669,-0.8950318976721989,0.0,0
0.048971,12,3218.597592,-0.8776914227285787,0.0,0
0.071492,13,3218.62397,-0.8475676358077573,0.0,0
0.037253,13,3218.651481,-0.8214510678499249,0.0,0
0.066679,12,3218.67723,-0.7743338299326198,0.0,0
0.004766,13,3218.705141,-0.8275157462564645,0.0,0
0.025336,12,3218.730856,-0.8198528333034423,0.0,0
0.04634,14,3218.760931,-0.8667161165996672,0.0,0
0.064228,12,3218.786625,-0.8566395406658021,0.0,0
0.045683,13,3218.814611,-0.8794164564982224,0.0,0
0.0,12,3218.840578,-0.8274108778842257,0.0,0
0.019931,12,3218.868002,-0.8668211932685898,0.0,0
0.039651,12,3218.895477,-0.7637686526191193,0.0,0
0.005098,12,3218.922963,-0.7158584583054651,0.0,0
0.008624,13,3218.952719,-0.7978395006952951,0.0,0
0.019719,12,3218.980163,-0.8205272214914904,0.0,0
0.04388,13,3219.010762,-0.8816429287027249,0.0,0
0.025124,12,3219.039586,-0.7944056181723387,0.0,0
0.004881,12,3219.068427,-0.8479520740093115,0.0,0
0.05383,13,3219.099707,-0.8143421158771998,0.0,0
0.038296,13,3219.130791,-0.8040281566801951,0.0,0
0.0,13,3219.161959,-0.9126695864078768,0.0,0
0.065784,12,3219.190603,-0.8170716705822719,0.0,0
0.0,13,3219.222327,-0.8530925027731333,0.0,0
0.078057,12,3219.2511,-0.7970507015275973,0.0,0
0.036642,12,3219.753438,-0.8546027189599921,0.0,0
0.024064,12,3219.7727,-0.8368327818330756,0.0,0
0.005078,12,3219.792246,-0.796961571173707,0.0,0
0.023494,12,3219.811234,-0.8126051671171728,0.0,0
0.071347,12,3219.830616,-0.9053450496385811,0.0,0
0.065569,12,3219.850678,-0.8355483582931337,0.0,0
0.039362,12,3219.87326,-0.7459491187095213,0.0,0
0.0,13,3219.898265,-0.795239718551878,0.0,0
0.02011,13,3219.923945,-0.7976909460227409,0.0,0
0.0,12,3219.944017,-0.8285145500210469,0.0,0
0.033488,12,3219.963139,-0.8476864273021204,0.0,0
0.030246,13,3219.984416,-0.7744441613386956,0.0,0
0.014888,12,3220.005183,-0.8439206105880185,0.0,0
0.015569,14,3220.030046,-0.8593016644848959,0.0,0
0.050225,13,3220.052675,-0.8173069992232044,0.0,0
0.032544,12,3220.076413,-0.7634051768424296,0.0,0
0.047557,13,3220.105787,-0.7923247411787012,0.0,0
0.031878,12,3220.136276,-0.8641314885815168,0.0,0
0.037492,12,3220.168761,-0.7846734531173754,0.0,0
0.046417,12,3220.202924,-0.7648203736825795,0.0,0
0.001536,12,3220.238668,-0.8167767846205466,0.0,0
0.028318,13,3220.279415,-0.8399447727755279,0.0,0
0.028015,13,3220.320287,-0.8610796817631692,0.0,0
0.024386,12,3220.3603,-0.8078309332601431,0.0,0
0.048433,12,3220.400445,-0.8318727631884911,0.0,0
0.033745,12,3220.441281,-0.7755872408937465,0.0,0
0.071163,13,3220.484688,-0.7819672341317596,0.0,0
0.062545,11,3220.521504,-0.7657221573512434,0.0,0
0.041786,13,3220.565118,-0.7163626754050073,0.0,0
0.002929,13,3220.608571,-0.7805705320727271,0.0,0
0.070587,13,3220.653128,-0.8010053479131923,0.0,0
0.05522,11,3220.692724,-0.7376949657696359,0.0,0
0.024269,12,3220.735858,-0.8117974494862995,0.0,0
0.065076,13,3220.780983,-0.840179341607948,0.0,0
0.019487,12,3220.824021,-0.8601997461194782,0.0,0
0.056134,13,3220.870974,-0.9119014957471779,0.0,0
0.008356,13,3220.917795,-0.791962781041047,0.0,0
0.096257,13,3220.964565,-0.7718586080088867,0.0,0
0.041713,12,3221.007731,-0.872230185399463,0.0,0
0.010997,12,3221.050744,-0.7939381669857626,0.0,0
0.023328,12,3221.09393,-0.7079437438057237,0.0,0
0.00963,12,3221.690951,-0.7708768973769506,0.0,0
0.056178,12,3221.70984,-0.8640681613950519,0.0,0
0.001406,12,3221.729212,-0.7695307983805781,0.0,0
0.055178,13,3221.749719,-0.7598390231450387,0.0,0
0.070553,12,3221.770485,-0.8478679521833007,0.0,0
0.031245,13,3221.791377,-0.8244080117692499,0.0,0
0.044697,13,3221.81228,-0.8133611171129426,0.0,0
0.054992,12,3221.831515,-0.8283043163429951,0.0,0
0.026016,12,3221.851303,-0.9230314869725462,0.0,0
0.070894,13,3221.873883,-0.7922809497090678,0.0,0
0.016215,12,3221.893359,-0.7523941895481091,0.0,0
0.044976,12,3221.911698,-0.7129076888429678,0.0,0
0.047783,12,3221.930525,-0.8289775179349734,0.0,0
0.03839,13,3221.950871,-0.8330808896498202,0.0,0
0.008107,14,3221.972747,-0.8152494085681246,0.0,0
0.012615,12,3221.991434,-0.8464108392301349,0.0,0
0.010318,13,3222.011966,-0.8301299651394477,0.0,0
0.023991,12,3222.030824,-0.7470000791745425,0.0,0
0.040971,14,3222.054983,-0.7778512949274423,0.0,0
0.036401,12,3222.077123,-0.8119086833267873,0.0,0
0.00444,13,3222.107719,-0.8390551731430053,0.0,0
0.024715,12,3222.139415,-0.7792733400080336,0.0,0
0.085607,13,3222.175313,-0.9011154694729049,0.0,0
0.034917,13,3222.213548,-0.7851648735910308,0.0,0
0.041942,13,3222.252785,-0.8065005954795444,0.0,0
0.012617,12,3222.29175,-0.7864585767629789,0.0,0
0.049576,13,3222.334528,-0.8444416368194227,0.0,0
0.057283,13,3222.378774,-0.8411404503184656,0.0,0
0.031469,13,3222.423929,-0.823450537647013,0.0,0
0.064889,12,3222.465123,-0.737059283863298,0.0,0
0.040057,12,3222.509096,-0.8052200580821388,0.0,0
0.056695,13,3222.556504,-0.8084274205781546,0.0,0
0.027667,12,3222.599613,-0.7818216185180525,0.0,0
0.036841,13,3222.647029,-0.8483683740970489,0.0,0
0.055835,13,3222.694491,-0.8362836958579358,0.0,0
0.056612,12,3222.73763,-0.8393049034834562,0.0,0
0.075239,13,3222.785307,-0.8757479642165369,0.0,0
0.004651,12,3222.829,-0.7421358668699306,0.0,0
0.0,12,3222.872754,-0.7600634095790858,0.0,0
0.046393,13,3222.919521,-0.7847668010870762,0.0,0
0.044498,13,3222.966932,-0.8662961597829762,0.0,0
0.034115,13,3223.538745,-0.8862923515128132,0.0,0
0.014052,14,3223.561198,-0.8754152953061406,0.0,0
0.034486,13,3223.582106,-0.8929027369715875,0.0,0
0.056013,12,3223.601573,-0.8694271227834117,0.0,0
0.045826,13,3223.622909,-0.857808978125269,0.0,0
0.000124,12,3223.643122,-0.8339797190266532,0.0,0
0.049183,12,3223.663602,-0.8080488339681917,0.0,0
0.058311,12,3223.683774,-0.8555639131552907,0.0,0
0.034385,13,3223.705979,-0.8935167205164366,0.0,0
0.024238,14,3223.729059,-0.841566501979144,0.0,0
0.0,12,3223.748293,-0.8131694947810636,0.0,0
0.018939,12,3223.768098,-0.7342718790228876,0.0,0
0.068976,14,3223.793826,-0.7839919404506567,0.0,0
0.060299,12,3223.822056,-0.825158204939304,0.0,0
0.044696,12,3223.852311,-0.8185313987834044,0.0,0
0.049934,12,3223.884424,-0.7970854621367347,0.0,0
0.007786,13,3223.921312,-0.8509720976528267,0.0,0
0.022523,13,3223.951271,-0.8637850465741113,0.0,0
0.054304,13,3223.980191,-0.8208927766685825,0.0,0
0.054724,13,3224.003011,-0.8651937832384227,0.0,0
0.015131,12,3224.024001,-0.741130511788495,0.0,0
0.03344,13,3224.048757,-0.8202151869804328,0.0,0
0.056046,12,3224.071843,-0.8670374802334403,0.0,0
0.010715,13,3224.096549,-0.77935652739083,0.0,0
0.057591,13,3224.121557,-0.8463310768920265,0.0,0
0.036789,13,3224.146432,-0.8185600632639036,0.0,0
0.074344,13,3224.171489,-0.8491857532425893,0.0,0
0.037157,13,3224.196223,-0.8685132604132375,0.0,0
0.06181,13,3224.221122,-0.7763023818747278,0.0,0
0.009086,12,3224.244311,-0.741667079318888,0.0,0
0.041639,13,3224.269219,-0.8939024088061354,0.0,0
0.022816,12,3224.292139,-0.7268671950167551,0.0,0
0.055643,12,3224.314945,-0.752599696252342,0.0,0
0.018298,13,3224.339914,-0.7883039624511539,0.0,0
0.048877,12,3224.362629,-0.84862854131753,0.0,0
0.037834,12,3224.385571,-0.8019981043114227,0.0,0
0.053045,12,3224.408634,-0.7876998734975453,0.0,0
0.017501,14,3224.435529,-0.8350795275936387,0.0,0
0.051465,12,3224.459312,-0.7674261282120132,0.0,0
0.02791,12,3224.488135,-0.8126235559275372,0.0,0
0.097258,13,3225.032257,-0.7906356819956164,0.0,0
0.089254,13,3225.054468,-0.7799507989367395,0.0,0
0.04471,14,3225.078369,-0.852403147822497,0.0,0
0.038334,13,3225.100873,-0.8011064727802776,0.0,0
0.064082,12,3225.121416,-0.8145888176299968,0.0,0
0.029938,12,3225.141731,-0.8208086244913241,0.0,0
0.004896,12,3225.161966,-0.7774890726283953,0.0,0
0.051587,12,3225.182253,-0.7844776340155222,0.0,0
0.0811,12,3225.203356,-0.788401089103472,0.0,0
0.052901,13,3225.226047,-0.8147383903652508,0.0,0
0.04887,13,3225.247426,-0.8037049994069709,0.0,0
0.034038,14,3225.270542,-0.8192891623108708,0.0,0
0.066535,13,3225.292221,-0.8751559141704904,0.0,0
0.036303,14,3225.316191,-0.8016738239431281,0.0,0
0.018685,13,3225.339117,-0.8380077448691347,0.0,0
0.026488,12,3225.360648,-0.7992414726404502,0.0,0
0.007001,12,3225.38235,-0.7852590202501701,0.0,0
0.031797,13,3225.406336,-0.8147065819290665,0.0,0
0.025906,13,3225.430307,-0.8071026723608846,0.0,0
0.040222,13,3225.454206,-0.8285405805561528,0.0,0
0.051916,12,3225.476467,-0.8625431863756555,0.0,0
0.016037,13,3225.500515,-0.7574222342257858,0.0,0
0.084303,14,3225.527607,-0.8294347424949466,0.0,0
0.003006,12,3225.550577,-0.8205540916402632,0.0,0
0.045366,13,3225.575621,-0.8062293098864981,0.0,0
0.037902,12,3225.598586,-0.8414341296782747,0.0,0
0.020092,13,3225.623518,-0.8325729574077044,0.0,0
0.006497,12,3225.646355,-0.7990190901886485,0.0,0
0.054538,13,3225.67564,-0.8464799555145696,0.0,0
0.060132,12,3225.706702,-0.8408298735233601,0.0,0
0.014053,13,3225.742748,-0.8523170651029683,0.0,0
0.03761,13,3225.780084,-0.8604742170661822,0.0,0
0.013042,14,3225.821968,-0.7846090097163966,0.0,0
0.024452,13,3225.862994,-0.7931332300709962,0.0,0
0.048576,14,3225.908258,-0.8031902420926011,0.0,0
0.065455,12,3225.948034,-0.8950012023825489,0.0,0
0.049402,12,3225.987725,-0.7930453512353735,0.0,0
0.004653,12,3226.027269,-0.751232228601506,0.0,0
0.047835,14,3226.07353,-0.7916000231602661,0.0,0
0.078607,13,3226.116656,-0.8192042606184335,0.0,0
0.062699,12,3226.659046,-0.8090447326629493,0.0,0
0.022618,13,3226.679752,-0.786679757630548,0.0,0
0.022031,12,3226.699229,-0.7552056560520106,0.0,0
0.075464,13,3226.719935,-0.8715804123659245,0.0,0
0.042959,13,3226.741089,-0.7966495329495807,0.0,0
0.02535,13,3226.762735,-0.7911776103309452,0.0,0
0.012127,12,3226.782588,-0.8216616986840911,0.0,0
0.018276,13,3226.804689,-0.7463807602886079,0.0,0
0.021767,14,3226.829159,-0.7518468048117499,0.0,0
0.038114,12,3226.850539,-0.8576130205889897,0.0,0
0.032868,13,3226.873289,-0.9180366354733757,0.0,0
0.056363,12,3226.895339,-0.7901360421141072,0.0,0
0.036827,12,3226.916809,-0.8256943662830919,0.0,0
0.049249,13,3226.940834,-0.8396535083815031,0.0,0
0.043132,13,3226.964971,-0.9002828319873438,0.0,0
0.042631,12,3226.986987,-0.7968677618384551,0.0,0
0.010352,12,3227.009383,-0.7629068636810376,0.0,0
0.040808,13,3227.0336,-0.842208966088214,0.0,0
0.007002,13,3227.057777,-0.8034339882830471,0.0,0
0.049808,13,3227.082696,-0.8415387264453567,0.0,0
0.023467,12,3227.105647,-0.6972497320600755,0.0,0
0.057068,13,3227.13036,-0.8574247797453663,0.0,0
0.062431,12,3227.153672,-0.7738290104490035,0.0,0
0.053417,13,3227.178495,-0.7739832337412326,0.0,0
0.072131,12,3227.201493,-0.7726079998529993,0.0,0
0.012044,12,3227.224462,-0.8022159529887132,0.0,0
0.015042,12,3227.24745,-0.7823790710930473,0.0,0
0.02991,12,3227.270426,-0.7569826223940163,0.0,0
0.026494,13,3227.295253,-0.819383234169025,0.0,0
0.066125,12,3227.318034,-0.7764062724968038,0.0,0
0.044417,13,3227.343022,-0.8229633104695621,0.0,0
0.015495,14,3227.369689,-0.7938551238580369,0.0,0
0.050931,14,3227.396537,-0.7441607926899116,0.0,0
0.03824,13,3227.421124,-0.8325896056838152,0.0,0
0.007265,12,3227.443938,-0.7398111097554079,0.0,0
0.059915,13,3227.468702,-0.7626521085564764,0.0,0
0.035515,13,3227.49353,-0.8491834886093035,0.0,0
0.013537,13,3227.518473,-0.7926345074769562,0.0,0
0.023048,12,3227.541444,-0.8162858090458915,0.0,0
0.025328,13,3227.566262,-0.7979641586920344,0.0,0
0.018097,12,3227.589029,-0.7529178399486366,0.0,0
0.020274,12,3228.090461,-0.737803647066893,0.0,0
0.052358,12,3228.108754,-0.7815314320559346,0.0,0
0.025772,13,3228.128418,-0.8573046235056164,0.0,0
0.020066,13,3228.148573,-0.8062483884721859,0.0,0
0.001584,12,3228.166909,-0.7832846191829219,0.0,0
0.046098,12,3228.186004,-0.732142622726514,0.0,0
0.022205,13,3228.207127,-0.8491963662730431,0.0,0
0.063149,12,3228.226683,-0.8433574235832383,0.0,0
0.044484,12,3228.246489,-0.7589091943846568,0.0,0
0.074449,12,3228.266877,-0.8957332660289172,0.0,0
0.08154,12,3228.286246,-0.8155673862958213,0.0,0
0.098251,12,3228.305219,-0.7032272218947146,0.0,0
0.071209,12,3228.32452,-0.8463169983401555,0.0,0
0.006927,12,3228.344084,-0.8063260671775164,0.0,0
0.012288,12,3228.363839,-0.8097574401088315,0.0,0
0.068818,12,3228.384096,-0.8427213907159602,0.0,0
0.022822,13,3228.405982,-0.809923396987983,0.0,0
0.050064,12,3228.426286,-0.8100000561214612,0.0,0
0.051238,13,3228.447952,-0.8517362462720859,0.0,0
0.0659,13,3228.470668,-0.8560451025674012,0.0,0
0.017063,13,3228.492995,-0.8067676533174067,0.0,0
0.018144,12,3228.513301,-0.8437340314050664,0.0,0
0.047917,13,3228.535666,-0.8459526094267146,0.0,0
0.033041,12,3228.553807,-0.7907920624828527,0.0,0
0.008105,14,3228.575346,-0.894005182251499,0.0,0
0.005813,13,3228.59495,-0.7961495450932198,0.0,0
0.058303,12,3228.61278,-0.8287880080060834,0.0,0
0.009808,12,3228.632069,-0.8317779360699796,0.0,0
0.026791,12,3228.651577,-0.7505490265838316,0.0,0
0.013419,13,3228.67269,-0.8342746511189421,0.0,0
0.051692,14,3228.695857,-0.738130134536101,0.0,0
0.018211,13,3228.717516,-0.8391424774891321,0.0,0
0.060005,13,3228.739262,-0.8260517713329392,0.0,0
0.023454,13,3228.760779,-0.8109947745820114,0.0,0
0.033588,13,3228.782836,-0.7313238244103898,0.0,0
0.057364,13,3228.81443,-0.8434368465880142,0.0,0
0.011886,13,3228.847434,-0.8266967518604148,0.0,0
0.027177,12,3228.88,-0.7960155578363632,0.0,0
0.009065,12,3228.914152,-0.7555767975266068,0.0,0
0.045509,12,3228.94975,-0.807460996623917,0.0,0
0.039015,13,3228.993139,-0.8436826691740708,0.0,0
0.058726,12,3229.525894,-0.75641984670173,0.0,0
0.114311,13,3229.545876,-0.8489985119350513,0.0,0
0.002879,14,3229.568059,-0.8383866511782636,0.0,0
0.052026,13,3229.58835,-0.8094797843910526,0.0,0
0.020044,13,3229.609688,-0.8641194607993159,0.0,0
0.0,12,3229.629293,-0.7822090376843538,0.0,0
0.058604,12,3229.649297,-0.813267761571666,0.0,0
0.10968,13,3229.670869,-0.9327870339256012,0.0,0
0.022539,13,3229.692992,-0.7863948121263868,0.0,0
0.02611,13,3229.714895,-0.8290727888371253,0.0,0
0.120269,14,3229.737996,-0.7965259353248121,0.0,0
0.043007,14,3229.760926,-0.8408043754985564,0.0,0
0.017142,13,3229.781813,-0.8534091118757843,0.0,0
0.018939,13,3229.802951,-0.808955420637822,0.0,0
0.018295,12,3229.821902,-0.7954192928323292,0.0,0
0.041997,13,3229.842712,-0.8222425242589554,0.0,0
0.054408,13,3229.863185,-0.8050498297540805,0.0,0
0.022882,12,3229.882214,-0.7818993264356061,0.0,0
0.06507,13,3229.902781,-0.863152869033618,0.0,0
0.014064,13,3229.923765,-0.8152810114053826,0.0,0
0.009104,13,3229.944682,-0.8630467426092997,0.0,0
0.029723,13,3229.965558,-0.8056571292363789,0.0,0
0.04922,12,3229.984396,-0.7091492108796467,0.0,0
0.02298,12,3230.003442,-0.8112493918953504,0.0,0
0.023711,14,3230.02598,-0.7374290478237724,0.0,0
0.024366,13,3230.046592,-0.8179336945789126,0.0,0
0.018588,12,3230.065586,-0.7624505064079494,0.0,0
0.034401,13,3230.086783,-0.7866634825539086,0.0,0
0.021933,14,3230.109694,-0.853840581127625,0.0,0
0.05706,13,3230.130577,-0.8020041687891772,0.0,0
0.012578,13,3230.151238,-0.7958267366868574,0.0,0
0.046566,14,3230.173617,-0.8004539913002394,0.0,0
0.016553,13,3230.194104,-0.7982983451531912,0.0,0
0.040754,13,3230.215124,-0.8575682393064786,0.0,0
0.036197,13,3230.23592,-0.8253754010893685,0.0,0
0.040938,13,3230.257071,-0.8307126796590512,0.0,0
0.050828,13,3230.277503,-0.8572140583016662,0.0,0
0.057605,13,3230.298617,-0.8147857025171005,0.0,0
0.018942,13,3230.319286,-0.9138304334573496,0.0,0
0.023212,13,3230.814714,-0.7643906830695312,0.0,0
0.020075,13,3230.834828,-0.7914318936428784,0.0,0
0.108828,13,3230.855044,-0.8194929431275407,0.0,0
0.070466,13,3230.875035,-0.8563142667954975,0.0,0
0.012512,12,3230.894834,-0.7059780138541558,0.0,0
0.017826,12,3230.91563,-0.7569507235965436,0.0,0
0.010104,12,3230.936401,-0.8518054579433364,0.0,0
0.051089,13,3230.959703,-0.7989157066402547,0.0,0
0.034837,15,3230.986347,-0.7160017060491604,0.0,0
0.00228,13,3231.009003,-0.8353329464750693,0.0,0
0.014744,12,3231.028011,-0.7511095005079502,0.0,0
0.10875,13,3231.048357,-0.8512187263880753,0.0,0
0.055966,12,3231.068211,-0.7316267327112023,0.0,0
0.12704,14,3231.096446,-0.8464535254495963,0.0,0
0.046196,13,3231.126034,-0.7797699351570886,0.0,0
0.020415,13,3231.157984,-0.8348378929380227,0.0,0
0.024189,12,3231.189965,-0.7425609758516671,0.0,0
0.073488,12,3231.223601,-0.7577557489149084,0.0,0
0.040681,13,3231.26205,-0.7852917524744624,0.0,0
0.054318,13,3231.302032,-0.8550397505195313,0.0,0
0.012547,13,3231.342718,-0.7804053094753514,0.0,0
0.069172,12,3231.382148,-0.7807130620163687,0.0,0
0.061866,13,3231.425542,-0.7790078275720076,0.0,0
0.067913,12,3231.46519,-0.7559996445540826,0.0,0
0.049121,13,3231.508265,-0.8279534040027088,0.0,0
0.028798,13,3231.551548,-0.8584932303268175,0.0,0
0.020978,13,3231.594559,-0.8295865425773996,0.0,0
0.04961,13,3231.637706,-0.7905606374870197,0.0,0
0.04679,13,3231.680815,-0.767697654291195,0.0,0
0.04895,13,3231.724479,-0.8433312824184047,0.0,0
0.066628,13,3231.767482,-0.8443111594327796,0.0,0
0.113368,13,3231.810968,-0.817659761861373,0.0,0
0.062658,12,3231.851411,-0.7918429971361505,0.0,0
0.030937,13,3231.896411,-0.8035804829075036,0.0,0
0.054603,13,3231.942657,-0.8126184227932243,0.0,0
0.043203,12,3231.985411,-0.7964566945614856,0.0,0
0.11132,13,3232.031825,-0.830365803708828,0.0,0
0.054149,12,3232.07477,-0.8256454431727507,0.0,0
0.08704,13,3232.121419,-0.8051373706149937,0.0,0
0.057161,11,3232.160839,-0.7879583796669843,0.0,0
0.059031,13,3232.207367,-0.7536450985114173,0.0,0
0.011923,13,3232.738557,-0.7840344419697645,0.0,0
0.032673,13,3232.758656,-0.7804357771334017,0.0,0
0.025457,12,3232.777297,-0.7556707409661709,0.0,0
0.028274,13,3232.797984,-0.7715320330972302,0.0,0
0.024053,12,3232.817155,-0.7324265355117546,0.0,0
0.036549,13,3232.838058,-0.8037600711216384,0.0,0
0.049578,12,3232.857285,-0.7150853505170329,0.0,0
0.050306,13,3232.879204,-0.8076599227965606,0.0,0
0.060938,12,3232.899439,-0.7591331778785614,0.0,0
0.02638,12,3232.919542,-0.736633587436212,0.0,0
0.106974,12,3232.936968,-0.7949202945479603,0.0,0
0.02572,12,3232.954304,-0.809282716568381,0.0,0
0.049695,13,3232.973271,-0.7588101937801606,0.0,0
0.038511,13,3232.992624,-0.8266942385964412,0.0,0
0.065302,12,3233.016351,-0.6994149452833094,0.0,0
0.051618,12,3233.04166,-0.758337561094795,0.0,0
0.035939,11,3233.066642,-0.7793042456773489,0.0,0
0.027848,13,3233.099445,-0.832039966168088,0.0,0
0.035608,13,3233.134516,-0.8290133962110602,0.0,0
0.011304,13,3233.171327,-0.8023835585991504,0.0,0
0.072264,13,3233.210083,-0.8455704098923322,0.0,0
0.060901,12,3233.247387,-0.7117311548426407,0.0,0
0.056164,13,3233.288423,-0.8571878637551251,0.0,0
0.032181,13,3233.330835,-0.7802818365893817,0.0,0
0.005084,12,3233.37075,-0.8315913384536279,0.0,0
0.052777,12,3233.410719,-0.7441345014456752,0.0,0
0.021924,13,3233.453959,-0.853652487604268,0.0,0
0.029826,13,3233.49723,-0.8129850664484549,0.0,0
0.047619,12,3233.532698,-0.7780745089229316,0.0,0
0.070653,13,3233.576544,-0.812550343849268,0.0,0
0.034477,13,3233.619822,-0.8471265580043776,0.0,0
0.068249,13,3233.663594,-0.7910555011401299,0.0,0
0.090361,13,3233.708306,-0.8972021351234294,0.0,0
0.022643,13,3233.754525,-0.8615095175620933,0.0,0
0.071134,13,3233.801595,-0.8139196397924904,0.0,0
0.04105,13,3233.84832,-0.8579737010618875,0.0,0
0.028339,13,3233.894929,-0.8420148277484418,0.0,0
0.087974,12,3233.937694,-0.8024154322965056,0.0,0
0.068859,12,3233.980954,-0.8189866499869515,0.0,0
0.079092,13,3234.027528,-0.8649149962399287,0.0,0
0.016249,13,3234.563076,-0.8222405141778704,0.0,0
0.062806,13,3234.583362,-0.8636907778185637,0.0,0
0.04339,13,3234.603655,-0.7665430248284699,0.0,0
0.048376,13,3234.624432,-0.8273272629259691,0.0,0
0.064177,12,3234.64334,-0.794080529733181,0.0,0
0.073441,13,3234.663966,-0.8075286929393184,0.0,0
0.057524,14,3234.686512,-0.8721906173053524,0.0,0
0.05571,12,3234.706426,-0.744020002133339,0.0,0
0.012206,13,3234.728257,-0.7197651500848273,0.0,0
0.055939,14,3234.751942,-0.7999445408025251,0.0,0
0.043801,14,3234.77467,-0.8750201551154404,0.0,0
0.037329,13,3234.799423,-0.8659287782214923,0.0,0
0.058698,14,3234.832162,-0.7787164351447795,0.0,0
0.080865,13,3234.865327,-0.7975134478332653,0.0,0
0.081994,12,3234.897767,-0.8279791757712357,0.0,0
0.030934,12,3234.931894,-0.6562884710108048,0.0,0
0.029288,14,3234.97383,-0.8345382914043694,0.0,0
0.057495,13,3235.015527,-0.8125903216253482,0.0,0
0.02197,13,3235.056518,-0.8167459769181925,0.0,0
0.062772,12,3235.099071,-0.8115533165975827,0.0,0
0.072616,13,3235.142132,-0.8299207760431501,0.0,0
0.073527,13,3235.185263,-0.7911512169296371,0.0,0
0.055622,13,3235.230043,-0.7950977134230248,0.0,0
0.064038,12,3235.272684,-0.8249821307950278,0.0,0
0.08208,14,3235.322315,-0.8218947586140478,0.0,0
0.08622,13,3235.368855,-0.8193480024845975,0.0,0
0.060112,12,3235.411673,-0.7173140694194907,0.0,0
0.057342,12,3235.455086,-0.8389828012058722,0.0,0
0.024598,13,3235.502195,-0.7690880453853068,0.0,0
0.066012,12,3235.545377,-0.7017126900420041,0.0,0
0.053516,12,3235.589316,-0.7169288126952398,0.0,0
0.040954,13,3235.638038,-0.939665464699901,0.0,0
0.025695,13,3235.684385,-0.8542403272989019,0.0,0
0.035817,13,3235.73106,-0.8092355203881192,0.0,0
0.032987,13,3235.77822,-0.7517874494315788,0.0,0
0.058665,13,3235.824782,-0.8644768525904559,0.0,0
0.14354,13,3235.871275,-0.8615457325255692,0.0,0
0.06371,13,3235.917893,-0.7734697199519917,0.0,0
0.063938,14,3235.96812,-0.8416839826349799,0.0,0
0.044835,13,3236.014819,-0.7953124929276385,0.0,0
0.054366,13,3236.551957,-0.8144937921940978,0.0,0
0.059426,13,3236.572309,-0.758635429194992,0.0,0
0.034783,12,3236.591311,-0.8025566066674857,0.0,0
0.018262,14,3236.613347,-0.7549534816966957,0.0,0
0.0,12,3236.632573,-0.8076499779267214,0.0,0
0.047967,13,3236.653811,-0.8077764728687152,0.0,0
0.051371,12,3236.673348,-0.8066524893838866,0.0,0
0.009456,12,3236.693666,-0.7440358535710598,0.0,0
0.022842,12,3236.71671,-0.7663288347085162,0.0,0
0.015553,14,3236.743136,-0.78631671637711,0.0,0
0.123002,13,3236.7667,-0.6999212048121798,0.0,0
0.040704,12,3236.78823,-0.7050444424863689,0.0,0
0.015215,13,3236.81146,-0.7617701502585484,0.0,0
0.070319,13,3236.834613,-0.8104976751424228,0.0,0
0.067618,14,3236.85659,-0.8843882401256556,0.0,0
0.085505,12,3236.87621,-0.752700637113835,0.0,0
0.026377,13,3236.901165,-0.8052994833297781,0.0,0
0.029828,14,3236.933187,-0.8428236151696473,0.0,0
0.080323,13,3236.965628,-0.8131924369037332,0.0,0
0.125247,12,3236.997105,-0.748953733320256,0.0,0
0.046465,12,3237.030261,-0.8477148924438975,0.0,0
0.051374,12,3237.065824,-0.7618805732125693,0.0,0
0.054105,12,3237.102296,-0.7372920293308033,0.0,0
0.069559,14,3237.146705,-0.8189583030290363,0.0,0
0.053731,13,3237.187736,-0.8413749985746367,0.0,0
0.040558,13,3237.231052,-0.8437663120542876,0.0,0
0.069794,13,3237.274549,-0.8358333983857533,0.0,0
0.076303,13,3237.317686,-0.8786332756188124,0.0,0
0.121902,13,3237.361543,-0.8012921593870385,0.0,0
0.053423,13,3237.405166,-0.8334018137164769,0.0,0
0.070208,14,3237.45244,-0.8530905759682321,0.0,0
0.056697,13,3237.483832,-0.8307660130014289,0.0,0
0.075831,13,3237.508793,-0.823136139138343,0.0,0
0.066863,12,3237.53689,-0.8406851023590801,0.0,0
0.055214,14,3237.570442,-0.8563618584174598,0.0,0
0.040783,14,3237.604022,-0.8110746348803962,0.0,0
0.046832,13,3237.635233,-0.810233161028899,0.0,0
0.046623,13,3237.666418,-0.7911450583373765,0.0,0
0.051082,13,3237.697691,-0.7433396246145811,0.0,0
0.045475,13,3237.728834,-0.8496170548729843,0.0,0
0.039439,12,3238.228753,-0.7356716016009007,0.0,0
0.066222,13,3238.249563,-0.7479218723791501,0.0,0
0.069071,13,3238.270765,-0.8233972871146417,0.0,0
0.057915,12,3238.293163,-0.8104745769512359,0.0,0
0.038117,13,3238.322908,-0.8680739851394562,0.0,0
0.013824,13,3238.352616,-0.8497094622441134,0.0,0
0.124867,13,3238.382424,-0.8302757988282174,0.0,0
0.056624,12,3238.409847,-0.888040286460514,0.0,0
0.040458,12,3238.435225,-0.8082768139168143,0.0,0
0.061408,13,3238.463522,-0.7944720637786478,0.0,0
0.061276,12,3238.489807,-0.7890053906697373,0.0,0
0.061159,13,3238.523748,-0.786752356373513,0.0,0
0.125555,14,3238.562694,-0.769132015526521,0.0,0
0.046796,12,3238.598935,-0.7311637314585272,0.0,0
0.057624,12,3238.636679,-0.8300147457364567,0.0,0
0.061128,13,3238.68033,-0.8842729531096705,0.0,0
0.033018,13,3238.7242,-0.8261880139544118,0.0,0
0.026333,13,3238.767076,-0.834271838499965,0.0,0
0.067703,12,3238.810012,-0.8083908904204351,0.0,0
0.082979,13,3238.855263,-0.851291012401972,0.0,0
0.037156,13,3238.901343,-0.8270107990539081,0.0,0
0.078298,13,3238.948212,-0.7682449021683858,0.0,0
0.065964,12,3238.99155,-0.7576424785709022,0.0,0
0.041867,14,3239.039296,-0.876244479356054,0.0,0
0.098997,12,3239.079902,-0.7379871912562482,0.0,0
0.059698,12,3239.11998,-0.7644354067481363,0.0,0
0.038525,12,3239.1604,-0.728765580282071,0.0,0
0.048594,13,3239.204006,-0.8762887860616319,0.0,0
0.047965,13,3239.247959,-0.8200003463416936,0.0,0
0.035664,13,3239.29214,-0.8074380024476112,0.0,0
0.017612,12,3239.332556,-0.7601955980773019,0.0,0
0.04512,13,3239.376387,-0.8753940725925246,0.0,0
0.087603,12,3239.41663,-0.7583891293125334,0.0,0
0.069138,13,3239.461462,-0.8108241670849866,0.0,0
0.118516,13,3239.507833,-0.8496685302766365,0.0,0
0.078183,12,3239.549646,-0.8949433108354665,0.0,0
0.051135,13,3239.595716,-0.8210906254374757,0.0,0
0.028592,14,3239.645838,-0.8706528683266175,0.0,0
0.032026,13,3239.69244,-0.8123457746822264,0.0,0
0.059646,14,3239.741565,-0.8328584366005976,0.0,0
0.024528,13,3240.255711,-0.8344244185272743,0.0,0
0.059778,12,3240.274055,-0.7556566763064636,0.0,0
0.045761,12,3240.292665,-0.8442604373895409,0.0,0
0.068854,13,3240.313089,-0.8576740995933552,0.0,0
0.079667,13,3240.334033,-0.8949736476351373,0.0,0
0.032866,12,3240.353733,-0.7174951356957625,0.0,0
0.061426,12,3240.374189,-0.7596227828156835,0.0,0
0.060656,13,3240.396333,-0.8729739254770547,0.0,0
0.082324,12,3240.416774,-0.8614938509831124,0.0,0
0.039122,13,3240.439348,-0.8559771124227892,0.0,0
0.054848,12,3240.460412,-0.7581215345877669,0.0,0
0.097141,13,3240.482501,-0.8183242929024424,0.0,0
0.1054,14,3240.506016,-0.9100058871143863,0.0,0
0.054367,12,3240.524821,-0.8216402479442566,0.0,0
0.037852,12,3240.544346,-0.7597443833329521,0.0,0
0.051788,12,3240.564562,-0.8293684829441831,0.0,0
0.046998,12,3240.584224,-0.831860542729611,0.0,0
0.027202,13,3240.606344,-0.8214144577865911,0.0,0
0.024177,12,3240.627424,-0.7920510268749855,0.0,0
0.023394,12,3240.648296,-0.7736017403873059,0.0,0
0.053992,13,3240.675511,-0.8517814238909337,0.0,0
0.078312,13,3240.707058,-0.8479124928797188,0.0,0
0.041727,13,3240.741411,-0.8141519030724107,0.0,0
0.044354,12,3240.774889,-0.7167527315844016,0.0,0
0.017678,12,3240.810329,-0.7326776963115903,0.0,0
0.02246,12,3240.847093,-0.7859160041656259,0.0,0
0.043816,12,3240.885075,-0.8207815891960437,0.0,0
0.025887,12,3240.924729,-0.7312755153128371,0.0,0
0.019791,12,3240.964634,-0.7512834119969695,0.0,0
0.071205,12,3241.00485,-0.8345898674385791,0.0,0
0.053413,13,3241.048525,-0.8180607687658674,0.0,0
0.019848,12,3241.088611,-0.7948228311570102,0.0,0
0.142225,13,3241.134246,-0.8568809058180619,0.0,0
0.047254,12,3241.177091,-0.793444973329655,0.0,0
0.026537,13,3241.223756,-0.8310747125753033,0.0,0
0.028751,13,3241.270314,-0.7962385488042338,0.0,0
0.05297,13,3241.316837,-0.8749163657268234,0.0,0
0.031817,13,3241.363539,-0.8311431651832499,0.0,0
0.085057,12,3241.406381,-0.8487727927186941,0.0,0
0.075195,13,3241.452788,-0.9070561361183277,0.0,0
0.032672,13,3241.499824,-0.8403471535328892,0.0,0
0.093888,13,3242.017404,-0.842432248940643,0.0,0
0.048057,12,3242.036202,-0.7422328564657906,0.0,0
0.022332,13,3242.057003,-0.7841365049226214,0.0,0
0.057704,12,3242.075244,-0.7816218725727286,0.0,0
0.032628,13,3242.096235,-0.831263456017387,0.0,0
0.057961,13,3242.117807,-0.8654483333559497,0.0,0
0.081247,13,3242.139827,-0.8136565570631885,0.0,0
0.031765,12,3242.160634,-0.7614870141451673,0.0,0
0.12325,13,3242.183091,-0.8327285812377375,0.0,0
0.123796,13,3242.206355,-0.8951407383511205,0.0,0
0.070688,12,3242.226059,-0.7684345093692942,0.0,0
0.032357,14,3242.249635,-0.8183394847198016,0.0,0
0.0482,12,3242.269345,-0.7897100672877203,0.0,0
0.118276,13,3242.290844,-0.7920746138890475,0.0,0
0.134969,13,3242.312024,-0.7341134501025385,0.0,0
0.133611,13,3242.333522,-0.8194611595284345,0.0,0
0.049695,12,3242.353299,-0.7845272740395266,0.0,0
0.039765,13,3242.376672,-0.8127814417727762,0.0,0
0.047873,13,3242.403,-0.8005023728298618,0.0,0
0.095118,12,3242.43134,-0.7127197467916592,0.0,0
0.074801,12,3242.462166,-0.8138544841356805,0.0,0
0.024067,12,3242.4949,-0.7962080647086754,0.0,0
0.098406,13,3242.531603,-0.8642160471074074,0.0,0
0.109538,13,3242.562512,-0.8095421270876818,0.0,0
0.066657,13,3242.59116,-0.7827206860218369,0.0,0
0.047942,12,3242.620684,-0.7655215236825031,0.0,0
0.074074,13,3242.647902,-0.8458922784148656,0.0,0
0.03243,13,3242.672664,-0.771126994966043,0.0,0
0.01456,12,3242.694541,-0.8094040081114041,0.0,0
0.100512,14,3242.720074,-0.781474460708474,0.0,0
0.052784,13,3242.753015,-0.8687127262218332,0.0,0
0.106521,13,3242.787323,-0.8258631444369499,0.0,0
0.198461,14,3242.826591,-0.8490640486877276,0.0,0
0.106368,13,3242.865421,-0.8897556256761123,0.0,0
0.115974,13,3242.90563,-0.7914649859832734,0.0,0
0.043054,13,3242.946685,-0.8445697954197907,0.0,0
0.043444,13,3242.990014,-0.8337648731983852,0.0,0
0.06104,12,3243.03027,-0.7955584897067922,0.0,0
0.052519,14,3243.077261,-0.8196421116090069,0.0,0
0.045181,13,3243.120753,-0.799913102081227,0.0,0
0.028204,12,3243.636015,-0.7539431811086587,0.0,0
0.121002,13,3243.655736,-0.787989196589169,0.0,0
0.096563,13,3243.675791,-0.7860427460550996,0.0,0
0.064014,12,3243.694134,-0.8032884191561797,0.0,0
0.087663,12,3243.712657,-0.8453101239425556,0.0,0
0.047463,13,3243.733242,-0.7815092081544711,0.0,0
0.017669,13,3243.753852,-0.7352828323455013,0.0,0
0.069031,12,3243.773533,-0.8628397783286134,0.0,0
0.056951,12,3243.792823,-0.8108834760933875,0.0,0
0.098333,13,3243.814489,-0.8111626193469875,0.0,0
0.073626,13,3243.83547,-0.8553429506547789,0.0,0
0.065648,13,3243.85568,-0.8200621281634715,0.0,0
0.111018,12,3243.874252,-0.8050778920539149,0.0,0
0.060562,12,3243.893035,-0.7821854991848048,0.0,0
0.077623,12,3243.911687,-0.8133451413245673,0.0,0
0.112187,13,3243.932198,-0.8627628633974418,0.0,0
0.060753,13,3243.952591,-0.8098669997954963,0.0,0
0.070607,13,3243.973127,-0.9010518582150211,0.0,0
0.07069,12,3243.992475,-0.7853185979143341,0.0,0
0.08775,12,3244.012611,-0.8054850889184949,0.0,0
0.127492,13,3244.041911,-0.7865352073848224,0.0,0
0.066102,13,3244.074136,-0.8559847670756063,0.0,0
0.05919,13,3244.109153,-0.8584185413320726,0.0,0
0.087627,13,3244.145655,-0.7962888435724249,0.0,0
0.115787,13,3244.183896,-0.8450388368006143,0.0,0
0.084963,13,3244.224253,-0.7735811743114936,0.0,0
0.082234,12,3244.262122,-0.7213642357738884,0.0,0
0.059444,11,3244.297461,-0.7898728567268419,0.0,0
0.108671,14,3244.344214,-0.8219919804845031,0.0,0
0.025395,13,3244.387449,-0.8139500911927173,0.0,0
0.072323,13,3244.430962,-0.8373859039656738,0.0,0
0.062073,13,3244.474368,-0.8005216987126539,0.0,0
0.028807,12,3244.51574,-0.7080357826531302,0.0,0
0.128432,14,3244.565895,-0.817787707196867,0.0,0
0.133904,13,3244.612645,-0.7650695970167829,0.0,0
0.081776,14,3244.662812,-0.8162921554127816,0.0,0
0.08193,12,3244.705957,-0.7012093112087463,0.0,0
0.029036,13,3244.752641,-0.8200294978782607,0.0,0
0.069917,13,3244.79976,-0.7085443822000767,0.0,0
0.144411,13,3244.846836,-0.8114975126833741,0.0,0
0.091649,12,3245.373648,-0.791460798164441,0.0,0
0.10283,13,3245.394029,-0.816386922949575,0.0,0
0.03115,13,3245.413836,-0.7297028097333508,0.0,0
0.074638,12,3245.432783,-0.8237661680532403,0.0,0
0.126757,14,3245.454537,-0.8326547153597282,0.0,0
0.024322,13,3245.475118,-0.8347054870494803,0.0,0
0.102965,12,3245.494774,-0.8715005877211317,0.0,0
0.053212,12,3245.513924,-0.7391068315845215,0.0,0
0.022355,12,3245.53346,-0.7445561788110631,0.0,0
0.088088,13,3245.554903,-0.8168423906206708,0.0,0
0.097835,13,3245.575534,-0.8568382758872377,0.0,0
0.094707,13,3245.595721,-0.7730966992851707,0.0,0
0.067098,13,3245.616609,-0.8077789866715486,0.0,0
0.02153,12,3245.636383,-0.7219358262314054,0.0,0
0.045475,13,3245.659343,-0.8324072524863096,0.0,0
0.071004,13,3245.684394,-0.8074350178850637,0.0,0
0.020291,13,3245.713018,-0.8269153538648949,0.0,0
0.042838,13,3245.745666,-0.8397063316549349,0.0,0
0.041535,13,3245.780658,-0.8350170030163989,0.0,0
0.115149,13,3245.817322,-0.8962646743256267,0.0,0
0.05696,13,3245.85621,-0.8450767718716642,0.0,0
0.095162,12,3245.893717,-0.8236310894748903,0.0,0
0.141261,13,3245.93469,-0.8288505472094444,0.0,0
0.124987,14,3245.980713,-0.8502467245085348,0.0,0
0.0625,13,3246.024475,-0.8232436004342963,0.0,0
0.148507,14,3246.071681,-0.8681929630803281,0.0,0
0.127746,13,3246.115199,-0.7412394259331309,0.0,0
0.046371,13,3246.159807,-0.8660670174905566,0.0,0
0.065173,12,3246.20212,-0.7848261646224829,0.0,0
0.047643,13,3246.248791,-0.8190274459851267,0.0,0
0.092962,13,3246.295823,-0.8311595803506191,0.0,0
0.066527,12,3246.339659,-0.701435195340947,0.0,0
0.082646,13,3246.386495,-0.7408765138887811,0.0,0
0.097904,13,3246.433133,-0.84146926438782,0.0,0
0.06519,14,3246.483418,-0.8220291056723134,0.0,0
0.080849,12,3246.52634,-0.8085386609294812,0.0,0
0.029995,13,3246.572942,-0.8132739447049188,0.0,0
0.031888,13,3246.6193,-0.8111839670692295,0.0,0
0.066857,12,3246.662331,-0.7366806533268356,0.0,0
0.09359,14,3246.712127,-0.7925979936168404,0.0,0
0.100771,13,3247.239775,-0.7927998495083312,0.0,0
0.071259,13,3247.25947,-0.736612478990754,0.0,0
0.08773,13,3247.279012,-0.8330830396840767,0.0,0
0.048174,12,3247.297006,-0.8389731987852482,0.0,0
0.102732,12,3247.315555,-0.7738694823250868,0.0,0
0.11356,13,3247.336441,-0.7819837562605491,0.0,0
0.0867,13,3247.357153,-0.8144101289778007,0.0,0
0.052209,13,3247.378321,-0.7694739864940942,0.0,0
0.045533,12,3247.398821,-0.7553612488780014,0.0,0
0.050334,13,3247.420944,-0.810056279263572,0.0,0
0.07902,13,3247.440138,-0.7292842311340073,0.0,0
0.041269,13,3247.458936,-0.8114276918241548,0.0,0
0.023721,14,3247.479381,-0.7732350339238422,0.0,0
0.030193,13,3247.499268,-0.7734727773311377,0.0,0
0.13713,13,3247.519778,-0.7861273726297083,0.0,0
0.040105,13,3247.541796,-0.7430309926830319,0.0,0
0.04376,13,3247.562756,-0.8420207231267693,0.0,0
0.149667,12,3247.588213,-0.7250598389551651,0.0,0
0.013335,13,3247.616218,-0.7781953448178606,0.0,0
0.141366,13,3247.647974,-0.7958159194626346,0.0,0
0.058255,12,3247.679919,-0.7694248284790939,0.0,0
0.046091,13,3247.715788,-0.7718998816611675,0.0,0
0.015644,12,3247.742834,-0.7725071173444369,0.0,0
0.035599,13,3247.773085,-0.7632258046209942,0.0,0
0.087631,14,3247.81223,-0.8388402023438132,0.0,0
0.067478,13,3247.850215,-0.8067214000826811,0.0,0
0.048285,12,3247.886014,-0.7470044599046912,0.0,0
0.05375,13,3247.927062,-0.734689686925145,0.0,0
0.065393,12,3247.964617,-0.8008885999908704,0.0,0
0.069252,13,3248.00718,-0.7305802089083497,0.0,0
0.042063,13,3248.050647,-0.8637943252303595,0.0,0
0.076735,13,3248.094437,-0.7689714075127277,0.0,0
0.098184,14,3248.141527,-0.8116750144559404,0.0,0
0.061751,13,3248.185062,-0.7744878029611844,0.0,0
0.051753,14,3248.232044,-0.8354973751611998,0.0,0
0.053783,13,3248.276588,-0.7275921929559828,0.0,0
0.058453,13,3248.323215,-0.8132448967847531,0.0,0
0.067237,12,3248.366241,-0.7256495935660143,0.0,0
0.077103,13,3248.412935,-0.788971948314628,0.0,0
0.116486,14,3248.463229,-0.7184890276934678,0.0,0
0.104467,13,3248.981918,-0.7576289422728416,0.0,0
0.171031,13,3249.003932,-0.8589629137358946,0.0,0
0.09667,13,3249.02632,-0.7557854400612869,0.0,0
0.059519,13,3249.048386,-0.7898297316479511,0.0,0
0.102589,13,3249.0703,-0.8340884638833596,0.0,0
0.079728,13,3249.092625,-0.8600771761395329,0.0,0
0.152209,13,3249.114665,-0.784097072625212,0.0,0
0.030413,12,3249.135265,-0.7408352286724557,0.0,0
0.112788,13,3249.15979,-0.7785274107236811,0.0,0
0.0244,14,3249.187768,-0.8096315247923821,0.0,0
0.059481,13,3249.216396,-0.821524339697635,0.0,0
0.038184,12,3249.243786,-0.7813322124474052,0.0,0
0.067169,12,3249.271254,-0.8036385954880737,0.0,0
0.035126,13,3249.300533,-0.9013369975761594,0.0,0
0.111741,13,3249.329606,-0.8404299428088833,0.0,0
0.06989,13,3249.359644,-0.8617474663560248,0.0,0
0.108403,12,3249.386756,-0.8161808165516233,0.0,0
0.09899,13,3249.416095,-0.8098571390617889,0.0,0
0.094559,13,3249.450495,-0.7772977269245885,0.0,0
0.023504,13,3249.487429,-0.8170060755216144,0.0,0
0.041242,13,3249.524859,-0.8188703952025717,0.0,0
0.116105,12,3249.560945,-0.8199847257047279,0.0,0
0.092285,12,3249.598636,-0.7848930581954682,0.0,0
0.164434,13,3249.640058,-0.791192096354293,0.0,0
0.151106,13,3249.682832,-0.8066087078411204,0.0,0
0.02464,12,3249.722945,-0.6883408909931805,0.0,0
0.036252,13,3249.762956,-0.7749769264422813,0.0,0
0.107032,12,3249.795818,-0.784956232334622,0.0,0
0.062934,12,3249.832125,-0.8205837991116031,0.0,0
0.044198,13,3249.873855,-0.7374391622441039,0.0,0
0.091064,13,3249.917233,-0.8543658419362032,0.0,0
0.052715,13,3249.961042,-0.8086458149424405,0.0,0
0.133142,14,3250.008077,-0.8105730678824143,0.0,0
0.063586,12,3250.048501,-0.7527567368715117,0.0,0
0.05481,12,3250.088959,-0.8211081916933329,0.0,0
0.061311,13,3250.132819,-0.8035426788396501,0.0,0
0.064611,12,3250.174737,-0.8565392723796523,0.0,0
0.059272,13,3250.221324,-0.8253648543237452,0.0,0
0.076692,13,3250.267799,-0.7937657607427594,0.0,0
0.093172,12,3250.310512,-0.8109280621826719,0.0,0
0.10508,13,3250.83691,-0.8153153625378715,0.0,0
0.064524,13,3250.859705,-0.8450063562920219,0.0,0
0.080451,13,3250.892642,-0.8250650489573635,0.0,0
0.057191,13,3250.922487,-0.782487379323251,0.0,0
0.107173,14,3250.949314,-0.8189132770749278,0.0,0
0.029866,12,3250.978094,-0.7431673852365317,0.0,0
0.10002,13,3251.006536,-0.8702508404078045,0.0,0
0.03684,12,3251.029537,-0.7906198957416476,0.0,0
0.077704,12,3251.051912,-0.6930410733488306,0.0,0
0.081598,13,3251.075855,-0.7320461413845588,0.0,0
0.071862,12,3251.098887,-0.8365737673184367,0.0,0
0.112788,12,3251.122998,-0.7434721171683866,0.0,0
0.029202,12,3251.146758,-0.7299135668468054,0.0,0
0.069385,12,3251.174095,-0.8434568441251653,0.0,0
0.067604,13,3251.20678,-0.8651749353178052,0.0,0
0.090032,13,3251.241598,-0.7851815028688555,0.0,0
0.075991,12,3251.275113,-0.7655871021179327,0.0,0
0.08355,13,3251.313301,-0.8364493800643232,0.0,0
0.117947,13,3251.353028,-0.8288451206854364,0.0,0
0.114297,13,3251.397217,-0.7549196252157003,0.0,0
0.044245,12,3251.435616,-0.7461857527213162,0.0,0
0.099431,13,3251.478655,-0.8069930722122185,0.0,0
0.081524,13,3251.522285,-0.7830691694591225,0.0,0
0.067688,12,3251.562206,-0.7373893597539344,0.0,0
0.091625,14,3251.609123,-0.8741843754103006,0.0,0
0.067314,12,3251.649209,-0.7180320577983588,0.0,0
0.045975,13,3251.694181,-0.7874907548895975,0.0,0
0.02347,13,3251.740879,-0.7632203555678522,0.0,0
0.032706,12,3251.783856,-0.7858712695208724,0.0,0
0.162674,13,3251.831025,-0.7559872434475807,0.0,0
0.090574,13,3251.877892,-0.7996769921021797,0.0,0
0.076158,13,3251.92467,-0.8100057942832983,0.0,0
0.089157,13,3251.971381,-0.7684020425874,0.0,0
0.073105,13,3252.018213,-0.830206366728731,0.0,0
0.059629,13,3252.064983,-0.7831755262210256,0.0,0
0.071567,13,3252.111297,-0.7795818253906993,0.0,0
0.103971,13,3252.15809,-0.7311026451153492,0.0,0
0.086026,12,3252.200852,-0.7654521947996498,0.0,0
0.065911,12,3252.244052,-0.8101558108998104,0.0,0
0.050167,12,3252.286986,-0.7857014473455305,0.0,0
0.064239,13,3252.867337,-0.836245955112729,0.0,0
0.045405,13,3252.887248,-0.7510588666728427,0.0,0
0.096523,13,3252.908135,-0.7986670027346555,0.0,0
0.112369,13,3252.928471,-0.8078509637961577,0.0,0
0.095362,14,3252.950528,-0.8428367967792997,0.0,0
0.148693,13,3252.972152,-0.8080521806958548,0.0,0
0.076569,14,3252.994792,-0.8439311660343476,0.0,0
0.076176,13,3253.015939,-0.8013906304379292,0.0,0
0.10208,12,3253.035054,-0.7547645079114558,0.0,0
0.052422,13,3253.058025,-0.7800917799534411,0.0,0
0.071384,13,3253.08107,-0.7593828668728617,0.0,0
0.051867,12,3253.102225,-0.687887846763412,0.0,0
0.071512,13,3253.125389,-0.8618789447121393,0.0,0
0.064793,13,3253.149297,-0.8252038236657022,0.0,0
0.127505,12,3253.171767,-0.7202531943373839,0.0,0
0.045894,12,3253.194939,-0.739730720563034,0.0,0
0.169239,13,3253.219879,-0.8551990335054024,0.0,0
0.030289,12,3253.24292,-0.7283655264601347,0.0,0
0.106447,12,3253.266949,-0.7946292685984777,0.0,0
0.057173,12,3253.291105,-0.8111006039193793,0.0,0
0.064413,13,3253.317286,-0.8163813664673673,0.0,0
0.123829,13,3253.343926,-0.8304820648688729,0.0,0
0.089563,13,3253.374313,-0.8026938432811169,0.0,0
0.038451,13,3253.406922,-0.852095933037148,0.0,0
0.028261,12,3253.440502,-0.8431472792121741,0.0,0
0.09281,14,3253.481303,-0.8439129628925928,0.0,0
0.080191,13,3253.520844,-0.781152318971389,0.0,0
0.029983,14,3253.565202,-0.8076940127834442,0.0,0
0.175861,14,3253.610342,-0.7651947788950456,0.0,0
0.092509,13,3253.653648,-0.876979849829784,0.0,0
0.098176,12,3253.693756,-0.7806249811672853,0.0,0
0.094646,12,3253.733778,-0.7119408528734453,0.0,0
0.083943,14,3253.780247,-0.7683931056391538,0.0,0
0.054867,12,3253.820163,-0.7655367636175476,0.0,0
0.054049,13,3253.863573,-0.8085393108325806,0.0,0
0.073097,12,3253.904711,-0.8756446197112955,0.0,0
0.025459,12,3253.945899,-0.7575160517015455,0.0,0
0.019881,13,3253.992753,-0.7503174579992646,0.0,0
0.065678,12,3254.030051,-0.777145266829303,0.0,0
0.073814,13,3254.058164,-0.7663302309738451,0.0,0
0.102239,12,3254.576002,-0.7309713096015462,0.0,0
0.065289,12,3254.594742,-0.748290731652146,0.0,0
0.073726,13,3254.615016,-0.7847065158980663,0.0,0
0.123275,13,3254.635403,-0.8055347260615524,0.0,0
0.076837,13,3254.655898,-0.7821739912180223,0.0,0
0.137128,13,3254.676567,-0.7472288587094864,0.0,0
0.038588,13,3254.697606,-0.740717973357402,0.0,0
0.112645,13,3254.718579,-0.7238538707887892,0.0,0
0.174064,14,3254.742018,-0.792035684990651,0.0,0
0.115759,13,3254.764649,-0.7949327483111669,0.0,0
0.064742,14,3254.789517,-0.8742217995347651,0.0,0
0.063783,13,3254.812704,-0.8057458191634582,0.0,0
0.025286,13,3254.83599,-0.817628296436892,0.0,0
0.071177,12,3254.858016,-0.7890849021254805,0.0,0
0.067288,13,3254.882015,-0.7792687508903039,0.0,0
0.148298,13,3254.90687,-0.84311908110534,0.0,0
0.176422,13,3254.933922,-0.8151738364085703,0.0,0
0.023273,12,3254.964403,-0.8961637333395258,0.0,0
0.061704,12,3254.996669,-0.7545039544551536,0.0,0
0.071897,14,3255.037122,-0.7489620998248284,0.0,0
0.141244,13,3255.076595,-0.861884393899286,0.0,0
0.054353,13,3255.117781,-0.7771098743119798,0.0,0
0.068696,13,3255.160849,-0.8069047524703331,0.0,0
0.160431,13,3255.202982,-0.7353987767238925,0.0,0
0.09026,13,3255.246411,-0.8377713849406341,0.0,0
0.109235,12,3255.285978,-0.7142641450763059,0.0,0
0.142121,13,3255.329654,-0.6926765330930063,0.0,0
0.068224,13,3255.373562,-0.7262797810971571,0.0,0
0.025293,12,3255.414558,-0.8598324887736372,0.0,0
0.172925,13,3255.464002,-0.7232133908411871,0.0,0
0.186174,13,3255.510641,-0.8938302075591923,0.0,0
0.046497,13,3255.554173,-0.8006250765184973,0.0,0
0.053223,14,3255.60147,-0.7754746132450945,0.0,0
0.070851,14,3255.64884,-0.8002835693759325,0.0,0
0.095597,14,3255.69899,-0.8551075171252212,0.0,0
0.109657,13,3255.74576,-0.7420304012541731,0.0,0
0.046319,13,3255.792536,-0.8648569279365429,0.0,0
0.085218,13,3255.83882,-0.7085157985155119,0.0,0
0.115345,13,3255.885745,-0.7749892346414391,0.0,0
0.045954,13,3255.93207,-0.775522501403005,0.0,0
0.056338,14,3256.45601,-0.7891699749698349,0.0,0
0.127171,13,3256.476453,-0.8269630728500791,0.0,0
0.09246,12,3256.495385,-0.8960399530929933,0.0,0
0.043304,13,3256.515877,-0.8077011383580256,0.0,0
0.161183,13,3256.537768,-0.7809821984216,0.0,0
0.105914,13,3256.559094,-0.7900225225579968,0.0,0
0.091762,13,3256.58029,-0.8159431214663472,0.0,0
0.050014,13,3256.601929,-0.7598925705216671,0.0,0
0.062591,13,3256.624426,-0.7666604617209212,0.0,0
0.078476,13,3256.647537,-0.8164638856840887,0.0,0
0.102501,13,3256.671005,-0.8319830516665594,0.0,0
0.061272,12,3256.69209,-0.7629411782696445,0.0,0
0.059038,13,3256.714026,-0.792531880362392,0.0,0
0.062292,11,3256.732772,-0.7494387190330052,0.0,0
0.068422,13,3256.758317,-0.6875123801834069,0.0,0
0.088665,14,3256.792546,-0.809364895788899,0.0,0
0.15012,13,3256.826207,-0.8046693335238944,0.0,0
0.084713,13,3256.861725,-0.8303614870741258,0.0,0
0.020962,13,3256.899384,-0.802928282923146,0.0,0
0.04893,14,3256.941606,-0.7584731683113244,0.0,0
0.184185,13,3256.985436,-0.7957079225441015,0.0,0
0.081855,13,3257.026273,-0.7761290091483456,0.0,0
0.096548,12,3257.065658,-0.7421650325381492,0.0,0
0.078917,13,3257.109407,-0.7233776886753465,0.0,0
0.090851,14,3257.156179,-0.7798904604135473,0.0,0
0.121122,13,3257.199744,-0.7675456575327798,0.0,0
0.039323,13,3257.244059,-0.7973506717657957,0.0,0
0.082626,13,3257.290439,-0.795075729975609,0.0,0
0.159555,13,3257.336859,-0.8581914141885573,0.0,0
0.077238,13,3257.383577,-0.7903814921133967,0.0,0
0.047974,14,3257.433717,-0.8573387080925543,0.0,0
0.088568,12,3257.478226,-0.6911916132086096,0.0,0
0.062266,13,3257.526891,-0.7256814321577003,0.0,0
0.051975,13,3257.573405,-0.7372612376120891,0.0,0
0.048655,13,3257.620076,-0.8712649449736715,0.0,0
0.175291,14,3257.670149,-0.7251597665215416,0.0,0
0.056375,13,3257.716688,-0.8127738320669916,0.0,0
0.046631,12,3257.759948,-0.7528468256772753,0.0,0
0.183905,13,3257.806313,-0.790680230445454,0.0,0
0.131499,13,3258.343149,-0.7315463994007589,0.0,0
0.148689,13,3258.364825,-0.776525377910164,0.0,0
0.121706,13,3258.385936,-0.6780364329115522,0.0,0
0.04505,13,3258.409174,-0.8105461750295624,0.0,0
0.064981,12,3258.436772,-0.790112731697625,0.0,0
0.106604,13,3258.466516,-0.8381640343808683,0.0,0
0.049338,13,3258.496428,-0.7828565149415808,0.0,0
0.178543,14,3258.525992,-0.8019272026749439,0.0,0
0.029443,15,3258.555023,-0.7825404862734154,0.0,0
0.036785,13,3258.580201,-0.7954206794972878,0.0,0
0.132551,13,3258.605977,-0.8029631245795159,0.0,0
0.08671,13,3258.627083,-0.7765949274213267,0.0,0
0.097574,14,3258.648919,-0.8128302604862427,0.0,0
0.155776,13,3258.669817,-0.7939142928124084,0.0,0
0.042947,13,3258.693026,-0.7402581860686439,0.0,0
0.085917,14,3258.71858,-0.7795470076614482,0.0,0
0.142881,13,3258.7427,-0.7065361221414544,0.0,0
0.10913,13,3258.766797,-0.777548989156262,0.0,0
0.064911,13,3258.791884,-0.7606486345853559,0.0,0
0.122664,13,3258.816439,-0.8014324436280081,0.0,0
0.104529,13,3258.841311,-0.7703932407077576,0.0,0
0.051174,12,3258.864559,-0.7517666067704629,0.0,0
0.057388,12,3258.888191,-0.72109652161211,0.0,0
0.074514,13,3258.9142,-0.8051217356220789,0.0,0
0.078502,13,3258.940459,-0.7377042751480717,0.0,0
0.068608,14,3258.968608,-0.7577345563486919,0.0,0
0.055814,14,3258.99798,-0.7532805061572387,0.0,0
0.100024,14,3259.027873,-0.7701792150994368,0.0,0
0.098775,13,3259.055577,-0.7855933093473676,0.0,0
0.125141,13,3259.083364,-0.840542237097646,0.0,0
0.050702,13,3259.111257,-0.8573980534695635,0.0,0
0.147735,13,3259.140096,-0.8124318564651987,0.0,0
0.059699,13,3259.169807,-0.7687888259826016,0.0,0
0.077966,13,3259.199701,-0.7975188505325397,0.0,0
0.15175,13,3259.229425,-0.8092095201042949,0.0,0
0.097779,13,3259.259187,-0.8382474694761463,0.0,0
0.171359,13,3259.289264,-0.7079426768991396,0.0,0
0.048541,14,3259.323001,-0.8683026540685961,0.0,0
0.053266,13,3259.354393,-0.7535823792257822,0.0,0
0.042963,13,3259.864897,-0.8334737120618799,0.0,0
0.193558,13,3259.886095,-0.822625938346989,0.0,0
0.05335,12,3259.905435,-0.7508165303979317,0.0,0
0.042149,13,3259.927067,-0.8232101974583121,0.0,0
0.061843,12,3259.946577,-0.7139776868750375,0.0,0
0.160285,13,3259.969179,-0.8140493532853508,0.0,0
0.025382,13,3259.991834,-0.8379204743251955,0.0,0
0.117243,13,3260.014506,-0.7354920197215319,0.0,0
0.059155,13,3260.037347,-0.8177165624299609,0.0,0
0.044788,13,3260.059103,-0.7995480958344101,0.0,0
0.169885,14,3260.083468,-0.7183289847773044,0.0,0
0.19829,14,3260.11397,-0.8019023442348489,0.0,0
0.027106,13,3260.145287,-0.8229210373618573,0.0,0
0.084956,13,3260.178698,-0.7495290700242777,0.0,0
0.177389,13,3260.214139,-0.6941277523926703,0.0,0
0.128054,13,3260.251459,-0.7693840166705384,0.0,0
0.070922,14,3260.293386,-0.8080937103673931,0.0,0
0.13497,13,3260.334183,-0.7763145759788858,0.0,0
0.053385,12,3260.372206,-0.6904402983923528,0.0,0
0.015059,13,3260.41537,-0.7458035687991955,0.0,0
0.0527,13,3260.459172,-0.756969073561594,0.0,0
0.034918,13,3260.502773,-0.8049381964306758,0.0,0
0.124053,13,3260.546175,-0.8034470513366624,0.0,0
0.05981,14,3260.593183,-0.8093899650538307,0.0,0
0.068551,12,3260.634833,-0.7524094702098174,0.0,0
0.130447,13,3260.67999,-0.7949400342267069,0.0,0
0.051785,13,3260.726773,-0.7986121637319314,0.0,0
0.065236,12,3260.769976,-0.8135597483839022,0.0,0
0.131362,13,3260.816354,-0.9122886033661418,0.0,0
0.125275,13,3260.862941,-0.7241260659568584,0.0,0
0.057108,13,3260.909515,-0.7893963350911255,0.0,0
0.108402,14,3260.959794,-0.7513104793493514,0.0,0
0.050116,13,3261.0067,-0.815331355961981,0.0,0
0.135347,13,3261.053383,-0.7557379976876627,0.0,0
0.034902,12,3261.096927,-0.712297758491008,0.0,0
0.050253,13,3261.143759,-0.708894521818135,0.0,0
0.051217,12,3261.187122,-0.8785843092150402,0.0,0
0.050704,12,3261.230097,-0.7169224746959232,0.0,0
0.060595,12,3261.273309,-0.7972849780913843,0.0,0
0.135617,13,3261.319731,-0.7961856149002848,0.0,0
0.04546,13,3261.847481,-0.7816578565653819,0.0,0
0.082187,14,3261.869632,-0.8536304782425421,0.0,0
0.078487,13,3261.89019,-0.8138491075252198,0.0,0
0.098345,13,3261.910913,-0.810404297551172,0.0,0
0.159711,13,3261.932257,-0.7173277585597833,0.0,0
0.091999,14,3261.955353,-0.815718416974167,0.0,0
0.027015,14,3261.979304,-0.8069799549805191,0.0,0
0.075142,13,3262.001663,-0.7435456952039755,0.0,0
0.086287,13,3262.024408,-0.8440325770942695,0.0,0
0.065376,13,3262.04747,-0.8042337796136457,0.0,0
0.074582,12,3262.069313,-0.7252233571862189,0.0,0
0.064057,13,3262.092725,-0.7455315520523053,0.0,0
0.15721,14,3262.118189,-0.7324989306383043,0.0,0
0.087465,13,3262.142282,-0.7549738376066825,0.0,0
0.068246,12,3262.164393,-0.7916012533828077,0.0,0
0.10013,13,3262.188468,-0.8662347694335546,0.0,0
0.057445,13,3262.212535,-0.7449002945849218,0.0,0
0.121525,13,3262.237264,-0.7232858266262695,0.0,0
0.079092,13,3262.261905,-0.7635228456155448,0.0,0
0.073817,13,3262.286713,-0.778288091348197,0.0,0
0.130038,14,3262.313478,-0.8363130883132874,0.0,0
0.063547,13,3262.338193,-0.8134230584934283,0.0,0
0.115001,13,3262.362823,-0.8004626305675275,0.0,0
0.044962,12,3262.385786,-0.7897677608226733,0.0,0
0.140728,14,3262.413231,-0.77235746740434,0.0,0
0.070604,13,3262.438228,-0.7617010630862341,0.0,0
0.125081,12,3262.460976,-0.7588009886492781,0.0,0
0.158175,13,3262.48596,-0.7382101142494809,0.0,0
0.085402,13,3262.510658,-0.7704822419835883,0.0,0
0.058571,13,3262.535535,-0.7303013944523828,0.0,0
0.094587,13,3262.560315,-0.9230446114858596,0.0,0
0.04993,13,3262.585021,-0.7522511781259792,0.0,0
0.103696,13,3262.609843,-0.8325062400050842,0.0,0
0.110374,14,3262.63662,-0.7609004594969742,0.0,0
0.048409,14,3262.663447,-0.7823945606665211,0.0,0
0.0591,13,3262.68811,-0.7998907415623971,0.0,0
0.051072,12,3262.711153,-0.8034446896763796,0.0,0
0.03042,13,3262.735968,-0.7870234464570073,0.0,0
0.053455,13,3262.760559,-0.8497369733114332,0.0,0
0.091753,12,3263.257918,-0.7492889392803896,0.0,0
0.055567,14,3263.28189,-0.7349796324481166,0.0,0
0.064908,14,3263.306335,-0.7874542190938416,0.0,0
0.097015,13,3263.329055,-0.7429589387991803,0.0,0
0.110747,13,3263.351586,-0.8775759827281552,0.0,0
0.101791,13,3263.374635,-0.7939234425016543,0.0,0
0.140273,13,3263.397225,-0.7261786436013616,0.0,0
0.04813,13,3263.420104,-0.7656719498333551,0.0,0
0.097851,15,3263.446333,-0.804981449752282,0.0,0
0.084765,13,3263.467466,-0.7496663164218258,0.0,0
0.053011,13,3263.488221,-0.8074514784604264,0.0,0
0.162791,13,3263.510395,-0.8533336575736042,0.0,0
0.094867,13,3263.533367,-0.7786348335301774,0.0,0
0.075723,13,3263.557134,-0.7117928884902954,0.0,0
0.087851,11,3263.576641,-0.7841508779637718,0.0,0
0.18008,14,3263.602397,-0.7304774396019482,0.0,0
0.143671,13,3263.628652,-0.8159033563244769,0.0,0
0.171307,13,3263.656543,-0.804724701780458,0.0,0
0.018823,13,3263.688971,-0.7473464712061767,0.0,0
0.15808,13,3263.723909,-0.8292634509837112,0.0,0
0.152993,14,3263.763327,-0.777261505581936,0.0,0
0.08563,13,3263.801904,-0.8121722772565975,0.0,0
0.061667,14,3263.84565,-0.8232754475156633,0.0,0
0.055714,13,3263.886643,-0.8464238283732419,0.0,0
0.067062,14,3263.933254,-0.7606952762793135,0.0,0
0.138982,13,3263.976792,-0.8439827242479296,0.0,0
0.067053,13,3264.020517,-0.7195393890721375,0.0,0
0.065602,13,3264.064147,-0.819080556520701,0.0,0
0.192718,14,3264.112105,-0.8326300405098027,0.0,0
0.05571,14,3264.160446,-0.7847358786921289,0.0,0
0.102232,13,3264.206737,-0.74908877164621,0.0,0
0.252978,14,3264.25714,-0.8313173154227452,0.0,0
0.125058,13,3264.303888,-0.6995671766121762,0.0,0
0.113367,14,3264.354296,-0.49352562771551123,0.0,0
0.038256,13,3264.401328,-0.7693651388414031,0.0,0
0.10651,13,3264.447591,-0.6944089818539566,0.0,0
0.072021,13,3264.49415,-0.8215573556445737,0.0,0
0.044972,13,3264.540678,-0.7462241118148567,0.0,0
0.143836,14,3264.590924,-0.7988272992094471,0.0,0
0.17213,15,3265.108253,-0.790837429294798,0.0,0
0.054727,13,3265.13157,-0.8278173048926579,0.0,0
0.14932,13,3265.154271,-0.7687288692407933,0.0,0
0.036017,13,3265.178311,-0.7922760569613947,0.0,0
0.038107,12,3265.201723,-0.7693813034248391,0.0,0
0.091743,13,3265.225974,-0.8203593630935504,0.0,0
0.167734,13,3265.247825,-0.7391182302308792,0.0,0
0.109969,15,3265.273284,-0.6205404654864226,0.0,0
0.053263,13,3265.294631,-0.8300368572473396,0.0,0
0.092395,13,3265.315234,-0.7792059766504005,0.0,0
0.082378,13,3265.336172,-0.8056655601047233,0.0,0
0.07177,12,3265.355097,-0.7784119746523624,0.0,0
0.06645,13,3265.375535,-0.820368951663092,0.0,0
0.071398,13,3265.395786,-0.7640578751293436,0.0,0
0.08006,12,3265.414572,-0.7110641201016572,0.0,0
0.072273,13,3265.435453,-0.8694099058843491,0.0,0
0.085907,13,3265.455785,-0.7961208647175978,0.0,0
0.067165,13,3265.479932,-0.7777919750505914,0.0,0
0.061177,14,3265.513758,-0.7694415273285925,0.0,0
0.048923,12,3265.54393,-0.724007916146967,0.0,0
0.073605,14,3265.581732,-0.7885961065295212,0.0,0
0.103292,14,3265.613558,-0.7716549174658796,0.0,0
0.092153,13,3265.642026,-0.6616489423284476,0.0,0
0.064007,12,3265.66801,-0.8131901935404903,0.0,0
0.059412,13,3265.69582,-0.7885118476453359,0.0,0
0.108838,13,3265.723987,-0.7339032513818387,0.0,0
0.130244,13,3265.758836,-0.7869058069844737,0.0,0
0.130045,13,3265.795747,-0.7430650318407195,0.0,0
0.070252,12,3265.831116,-0.746292415870934,0.0,0
0.16141,14,3265.87449,-0.8537832095791973,0.0,0
0.052379,12,3265.912697,-0.7567738362176505,0.0,0
0.092275,13,3265.949206,-0.7836047406592193,0.0,0
0.059917,12,3265.980063,-0.830951500946079,0.0,0
0.10267,12,3266.00754,-0.7739732984323373,0.0,0
0.071798,12,3266.033073,-0.7499371919155111,0.0,0
0.124136,13,3266.059414,-0.8057521063714527,0.0,0
0.093946,13,3266.084728,-0.7961671042037048,0.0,0
0.17873,13,3266.111735,-0.8052848805219712,0.0,0
0.075016,12,3266.136831,-0.7790303108451145,0.0,0
0.143852,13,3266.641488,-0.7972968133682231,0.0,0
0.068927,14,3266.664167,-0.8104476035883071,0.0,0
0.056585,13,3266.685204,-0.799384973892489,0.0,0
0.080285,14,3266.706527,-0.8445540187562897,0.0,0
0.132019,14,3266.735267,-0.8264807226338239,0.0,0
0.075597,14,3266.768051,-0.7761330282506171,0.0,0
0.097968,13,3266.797836,-0.8326811408356972,0.0,0
0.13502,13,3266.827583,-0.7304957821641278,0.0,0
0.145871,14,3266.857919,-0.8547861084679964,0.0,0
0.035944,12,3266.885013,-0.7403814877727123,0.0,0
0.04725,14,3266.922213,-0.853189533768895,0.0,0
0.061349,13,3266.958817,-0.6936193337079866,0.0,0
0.071455,13,3266.997073,-0.8686124564186695,0.0,0
0.056056,12,3267.033993,-0.7243060241765806,0.0,0
0.049496,13,3267.075839,-0.7489381452353524,0.0,0
0.210397,13,3267.116318,-0.6969419747095571,0.0,0
0.031829,13,3267.155657,-0.7827683375808866,0.0,0
0.05178,12,3267.19211,-0.7233900241470576,0.0,0
0.118121,15,3267.237545,-0.8093519333379551,0.0,0
0.192229,14,3267.279834,-0.7304500174534753,0.0,0
0.1658,14,3267.322203,-0.7878701040719147,0.0,0
0.106923,13,3267.361363,-0.7466113159979338,0.0,0
0.049437,14,3267.402105,-0.7987128623491976,0.0,0
0.066335,12,3267.436727,-0.7769312443109065,0.0,0
0.084302,14,3267.476936,-0.8624886141951733,0.0,0
0.05877,13,3267.514186,-0.8787374758834667,0.0,0
0.146247,13,3267.551509,-0.6845180090646465,0.0,0
0.04329,13,3267.588978,-0.8275921530567476,0.0,0
0.035089,13,3267.626487,-0.7555980187787532,0.0,0
0.139917,15,3267.669548,-0.592346060973052,0.0,0
0.068957,12,3267.704493,-0.7168344499539487,0.0,0
0.071158,14,3267.744757,-0.8276269248155036,0.0,0
0.051218,13,3267.78408,-0.7296886149465883,0.0,0
0.06259,14,3267.82824,-0.8067297619069179,0.0,0
0.098111,13,3267.869285,-0.7874060554084135,0.0,0
0.141862,14,3267.91466,-0.7944296061500313,0.0,0
0.059265,13,3267.958244,-0.7936649910005777,0.0,0
0.083955,13,3268.001822,-0.7707170993351058,0.0,0
0.118325,14,3268.049335,-0.7574918009574741,0.0,0
0.051613,12,3268.585989,-0.7848212042128196,0.0,0
0.184926,14,3268.607973,-0.800015512086069,0.0,0
0.136706,14,3268.632931,-0.7939544811071308,0.0,0
0.084586,13,3268.65384,-0.7775309480458125,0.0,0
0.09584,13,3268.674422,-0.820362331471387,0.0,0
0.084066,13,3268.695516,-0.7615404414394874,0.0,0
0.181438,13,3268.722683,-0.7299868974473235,0.0,0
0.093251,13,3268.754438,-0.7266063700859542,0.0,0
0.085605,14,3268.789811,-0.7097337413092935,0.0,0
0.16665,14,3268.82537,-0.8318691902750006,0.0,0
0.066444,13,3268.858374,-0.7422164550837661,0.0,0
0.161443,13,3268.890616,-0.8131072179426074,0.0,0
0.100798,14,3268.924773,-0.780364165882379,0.0,0
0.050357,13,3268.958685,-0.832519670690835,0.0,0
0.156194,15,3269.000677,-0.6900080729707757,0.0,0
0.10399,13,3269.039087,-0.8347517773813848,0.0,0
0.104256,13,3269.079449,-0.6742223302536526,0.0,0
0.147131,13,3269.120426,-0.7699512121414431,0.0,0
0.106836,14,3269.165238,-0.7640732352482642,0.0,0
0.084209,13,3269.209086,-0.7797989505985498,0.0,0
0.125866,15,3269.259774,-0.6183620749897863,0.0,0
0.0622,13,3269.303415,-0.8363523184342502,0.0,0
0.057486,13,3269.348346,-0.761780946365264,0.0,0
0.07323,14,3269.397752,-0.7568715441255572,0.0,0
0.083281,13,3269.444715,-0.7419024899485451,0.0,0
0.096563,13,3269.491759,-0.7253703608205332,0.0,0
0.112149,13,3269.538736,-0.8085679862683451,0.0,0
0.148442,14,3269.589257,-0.7806756745149434,0.0,0
0.068172,13,3269.636561,-0.923133297080447,0.0,0
0.061531,13,3269.683519,-0.7308099348143741,0.0,0
0.109003,13,3269.730314,-0.7258285445561805,0.0,0
0.132931,14,3269.780723,-0.7365937128142831,0.0,0
0.057374,13,3269.827389,-0.7438821629095732,0.0,0
0.045046,14,3269.877767,-0.8323084105082186,0.0,0
0.057164,13,3269.924886,-0.7969224750879494,0.0,0
0.067227,14,3269.975367,-0.7776313319183292,0.0,0
0.214287,13,3270.022262,-0.8192639572300132,0.0,0
0.082951,13,3270.069031,-0.827719721999408,0.0,0
0.181618,13,3270.590126,-0.8171521989894573,0.0,0
0.066421,13,3270.610551,-0.7839504561564936,0.0,0
0.048927,13,3270.630954,-0.7340173998034698,0.0,0
0.051818,13,3270.651538,-0.82508997742224,0.0,0
0.089507,13,3270.6758,-0.681787583186371,0.0,0
0.161752,13,3270.70092,-0.735972107325493,0.0,0
0.096149,13,3270.725511,-0.8160791696407803,0.0,0
0.062223,13,3270.750503,-0.7856371657406066,0.0,0
0.054747,14,3270.777224,-0.7598804085462278,0.0,0
0.069895,12,3270.799217,-0.8072565526656744,0.0,0
0.197173,13,3270.822776,-0.7340776416345514,0.0,0
0.094202,12,3270.84207,-0.7011653558170453,0.0,0
0.087381,13,3270.864813,-0.7346963898496595,0.0,0
0.161576,13,3270.890948,-0.7064651216287853,0.0,0
0.17207,14,3270.923065,-0.7691520235060828,0.0,0
0.085013,13,3270.958272,-0.7572321371377438,0.0,0
0.123101,13,3270.996425,-0.8384173968942576,0.0,0
0.131502,13,3271.038294,-0.7029292510417273,0.0,0
0.060421,13,3271.081795,-0.8071276110076137,0.0,0
0.146276,14,3271.131958,-0.7765468144230079,0.0,0
0.097127,13,3271.18021,-0.727274946003934,0.0,0
0.114553,13,3271.23035,-0.7565715379840636,0.0,0
0.174611,14,3271.284264,-0.8726888417646006,0.0,0
0.178032,14,3271.33811,-0.814377133256343,0.0,0
0.187295,13,3271.387851,-0.7623552110382797,0.0,0
0.126853,14,3271.441638,-0.7460905292766652,0.0,0
0.114379,12,3271.487768,-0.6810567772745887,0.0,0
0.06173,14,3271.542439,-0.8263103400268176,0.0,0
0.045953,12,3271.591689,-0.7381723536346775,0.0,0
0.069002,13,3271.632997,-0.7058780474481331,0.0,0
0.144036,14,3271.668867,-0.795632383254442,0.0,0
0.060768,13,3271.702966,-0.7839679104484147,0.0,0
0.214257,13,3271.735153,-0.7674629742166066,0.0,0
0.032936,12,3271.771645,-0.7219737389867078,0.0,0
0.06754,13,3271.812591,-0.7199960483894554,0.0,0
0.060724,13,3271.854162,-0.7007659843034851,0.0,0
0.067064,13,3271.898444,-0.8088998876095422,0.0,0
0.095488,13,3271.942537,-0.7404531103735785,0.0,0
0.070841,13,3271.986462,-0.7923758518809252,0.0,0
0.09143,14,3272.513199,-0.7028041516863462,0.0,0
0.152493,14,3272.535237,-0.8300854888804239,0.0,0
0.112607,13,3272.556,-0.8391485165047152,0.0,0
0.109539,14,3272.577411,-0.7513778686086817,0.0,0
0.166312,13,3272.597802,-0.7768928050497186,0.0,0
0.191324,14,3272.620431,-0.7804691081244063,0.0,0
0.094474,13,3272.641796,-0.8095686694161504,0.0,0
0.046449,13,3272.663583,-0.8135166210242114,0.0,0
0.106808,12,3272.683506,-0.748802091620148,0.0,0
0.055786,13,3272.705255,-0.8336416850142796,0.0,0
0.05655,14,3272.727085,-0.8308445967079704,0.0,0
0.085546,14,3272.748978,-0.7688326623224204,0.0,0
0.1559,13,3272.771828,-0.7592664031807742,0.0,0
0.082275,14,3272.796739,-0.7963712525424743,0.0,0
0.059308,12,3272.821301,-0.7138596821230312,0.0,0
0.170891,14,3272.846794,-0.8018359573368299,0.0,0
0.172666,14,3272.87138,-0.7856596944069123,0.0,0
0.164459,13,3272.897311,-0.7862622594563281,0.0,0
0.093474,14,3272.932997,-0.7810583613017944,0.0,0
0.092122,12,3272.959486,-0.7878993350795008,0.0,0
0.122265,14,3272.985779,-0.8338377659904647,0.0,0
0.069366,13,3273.019602,-0.8385549021712416,0.0,0
0.156338,13,3273.055486,-0.8238038294323432,0.0,0
0.022365,12,3273.090747,-0.7296292169922136,0.0,0
0.08576,13,3273.130046,-0.7916479869517009,0.0,0
0.059529,13,3273.171054,-0.8370610360734472,0.0,0
0.063355,14,3273.215358,-0.800587038604634,0.0,0
0.147768,13,3273.258596,-0.7627601096231867,0.0,0
0.126012,13,3273.301846,-0.7806305247609442,0.0,0
0.178178,13,3273.345316,-0.75945890343075,0.0,0
0.081953,12,3273.385984,-0.7800837333913158,0.0,0
0.060556,12,3273.426441,-0.7772960465686165,0.0,0
0.165882,13,3273.469913,-0.787072135415207,0.0,0
0.06309,12,3273.510284,-0.7429335535178292,0.0,0
0.089642,14,3273.55724,-0.8182280876039301,0.0,0
0.080852,13,3273.600707,-0.7274879612047773,0.0,0
0.06475,13,3273.644561,-0.7325379276758399,0.0,0
0.081567,13,3273.687935,-0.7353285717679189,0.0,0
0.142426,13,3273.731521,-0.7785567881403185,0.0,0
0.162601,14,3274.255014,-0.7006154626497783,0.0,0
0.1154,14,3274.277408,-0.7930229588042156,0.0,0
0.217477,13,3274.298487,-0.6985087341985026,0.0,0
0.205154,14,3274.32129,-0.7736082771908975,0.0,0
0.089208,13,3274.342363,-0.7278456354596492,0.0,0
0.149,13,3274.363743,-0.7162414577618245,0.0,0
0.061152,13,3274.385938,-0.8072115820308678,0.0,0
0.073111,12,3274.405641,-0.7551698558611945,0.0,0
0.05004,12,3274.426735,-0.7445582145496374,0.0,0
0.14485,14,3274.451063,-0.7502421661472225,0.0,0
0.184912,13,3274.47402,-0.8238948321780424,0.0,0
0.05453,12,3274.495543,-0.7291012039415252,0.0,0
0.060108,13,3274.519145,-0.8028605508959378,0.0,0
0.080138,13,3274.543708,-0.8239095675527196,0.0,0
0.076046,14,3274.570135,-0.750615145943841,0.0,0
0.060356,13,3274.595341,-0.7772690143207189,0.0,0
0.161567,13,3274.620273,-0.7629221838293374,0.0,0
0.146808,14,3274.646425,-0.7907122320423291,0.0,0
0.074055,13,3274.670969,-0.6705560270348125,0.0,0
0.070874,13,3274.695867,-0.7611843144035861,0.0,0
0.060339,12,3274.71891,-0.7148895431491703,0.0,0
0.077744,14,3274.745833,-0.8143123203859766,0.0,0
0.065881,14,3274.773252,-0.7963199488213548,0.0,0
0.056805,13,3274.804175,-0.8725020669937383,0.0,0
0.052057,14,3274.841661,-0.7882091140359558,0.0,0
0.189919,14,3274.881663,-0.7950943060579068,0.0,0
0.096862,13,3274.920548,-0.6845872510909253,0.0,0
0.076096,13,3274.960795,-0.824329036656983,0.0,0
0.191714,14,3275.004703,-0.738831251739252,0.0,0
0.113164,14,3275.049247,-0.743384382618858,0.0,0
0.072671,13,3275.07751,-0.8006014450804905,0.0,0
0.070521,12,3275.10324,-0.7121843839334737,0.0,0
0.154332,14,3275.132897,-0.8299535539046508,0.0,0
0.115379,12,3275.158704,-0.7380656676845491,0.0,0
0.153173,13,3275.186374,-0.7428225799991982,0.0,0
0.110537,14,3275.216326,-0.7718416545633867,0.0,0
0.043234,13,3275.245034,-0.7702991170326953,0.0,0
0.072816,14,3275.282355,-0.7911101295557775,0.0,0
0.149118,13,3275.318811,-0.7885384048512156,0.0,0
0.067132,13,3275.82962,-0.7540783468436706,0.0,0
0.157714,14,3275.851279,-0.7796543190979714,0.0,0
0.057058,13,3275.871537,-0.7965072254543416,0.0,0
0.154558,13,3275.89198,-0.7829395074751423,0.0,0
0.152843,14,3275.914536,-0.7308851349415797,0.0,0
0.060536,13,3275.936224,-0.7719160463195972,0.0,0
0.182513,14,3275.959496,-0.7798771481563926,0.0,0
0.043438,13,3275.983636,-0.7632755858911219,0.0,0
0.097817,12,3276.006556,-0.7336643453282264,0.0,0
0.083756,13,3276.029885,-0.8519664099501209,0.0,0
0.071184,12,3276.05133,-0.6978830328389064,0.0,0
0.042704,13,3276.077348,-0.7888427469983311,0.0,0
0.055023,13,3276.105701,-0.7452213671963303,0.0,0
0.076916,13,3276.132885,-0.7984429463534044,0.0,0
0.039649,12,3276.153841,-0.7938394955183943,0.0,0
0.144001,13,3276.177665,-0.7681210880936858,0.0,0
0.055567,12,3276.202478,-0.7382284971024187,0.0,0
0.074672,12,3276.230783,-0.7614148558907106,0.0,0
0.084719,13,3276.264122,-0.7611416001948723,0.0,0
0.056369,12,3276.297548,-0.7665540770115373,0.0,0
0.150292,14,3276.338246,-0.8123837632438187,0.0,0
0.060037,12,3276.374524,-0.7388560848927862,0.0,0
0.070689,13,3276.415501,-0.8652571084765736,0.0,0
0.071161,12,3276.453577,-0.756367487435457,0.0,0
0.124809,13,3276.496681,-0.7888376553221659,0.0,0
0.070213,12,3276.536805,-0.7561523592288136,0.0,0
0.102887,12,3276.576782,-0.6673884108716022,0.0,0
0.081765,13,3276.620541,-0.7651364520897423,0.0,0
0.052787,12,3276.660903,-0.793391659851952,0.0,0
0.214908,14,3276.710974,-0.8793172517632116,0.0,0
0.097805,13,3276.757918,-0.8457050607761752,0.0,0
0.054463,14,3276.808163,-0.7597130297497053,0.0,0
0.039484,13,3276.854823,-0.7588387147168445,0.0,0
0.049866,12,3276.897815,-0.7207875788837431,0.0,0
0.040037,14,3276.94809,-0.7579347921734636,0.0,0
0.165497,14,3276.998225,-0.8300223347304025,0.0,0
0.162805,13,3277.044669,-0.8103675203666051,0.0,0
0.05318,13,3277.091087,-0.7504348549753266,0.0,0
0.039663,13,3277.137397,-0.7901029344870069,0.0,0
0.068159,13,3277.664413,-0.7728762574752502,0.0,0
0.078309,13,3277.685219,-0.7713104625605597,0.0,0
0.047374,14,3277.71168,-0.7553281917375986,0.0,0
0.147835,13,3277.7318,-0.7912861538010342,0.0,0
0.093955,15,3277.757383,-0.7487241100689954,0.0,0
0.089213,13,3277.780118,-0.7052403798752909,0.0,0
0.154308,13,3277.805238,-0.7123170972070689,0.0,0
0.10352,14,3277.837545,-0.7842244192474731,0.0,0
0.113696,13,3277.859125,-0.8284203162017367,0.0,0
0.184266,13,3277.881716,-0.7902808023646463,0.0,0
0.183995,13,3277.904542,-0.7207488909618346,0.0,0
0.107356,14,3277.92961,-0.7395972943018402,0.0,0
0.106089,12,3277.951768,-0.7013627213646664,0.0,0
0.062245,14,3277.977934,-0.7819409781060783,0.0,0
0.062396,13,3278.003085,-0.7865855351361175,0.0,0
0.209166,13,3278.027854,-0.7334719163444766,0.0,0
0.143961,14,3278.055898,-0.8625503291822187,0.0,0
0.06343,13,3278.081877,-0.7497889453336393,0.0,0
0.112781,13,3278.107953,-0.6834334083580266,0.0,0
0.160151,13,3278.133986,-0.6542972647486124,0.0,0
0.074909,13,3278.161016,-0.7471557092303636,0.0,0
0.134715,14,3278.19062,-0.8565700220095767,0.0,0
0.089203,13,3278.218185,-0.7569155473546142,0.0,0
0.184665,14,3278.247854,-0.7745085136018027,0.0,0
0.084011,14,3278.277496,-0.8027650946985231,0.0,0
0.073435,14,3278.307034,-0.8260704173606599,0.0,0
0.093336,14,3278.336724,-0.7625747661014338,0.0,0
0.082502,13,3278.364546,-0.749462107890062,0.0,0
0.073458,13,3278.392184,-0.7335655505646337,0.0,0
0.231409,13,3278.419631,-0.7658368643250731,0.0,0
0.157925,13,3278.447664,-0.7607632025605217,0.0,0
0.108208,13,3278.475165,-0.6902396986381807,0.0,0
0.176125,13,3278.505591,-0.7292639386942559,0.0,0
0.199712,13,3278.540565,-0.6445245754157042,0.0,0
0.098872,12,3278.574358,-0.7212697477260543,0.0,0
0.062741,13,3278.612302,-0.8034859081791392,0.0,0
0.080302,13,3278.651819,-0.7862069939690385,0.0,0
0.082675,13,3278.691684,-0.7035878827422254,0.0,0
0.061636,13,3278.731034,-0.753168214978551,0.0,0
0.069656,12,3279.240796,-0.77136219927461,0.0,0
0.054912,12,3279.260272,-0.9045722350061352,0.0,0
0.051018,12,3279.279964,-0.6911876467013554,0.0,0
0.107558,13,3279.300731,-0.8557719636707632,0.0,0
0.090222,13,3279.321739,-0.7934535159992425,0.0,0
0.171267,13,3279.343685,-0.7092386696171393,0.0,0
0.146705,14,3279.367187,-0.8414016971887438,0.0,0
0.122902,13,3279.389371,-0.7346949655783017,0.0,0
0.242112,14,3279.413638,-0.7672561295007188,0.0,0
0.091016,13,3279.436793,-0.7612826083528426,0.0,0
0.082229,14,3279.462341,-0.6281088074225153,0.0,0
0.085175,13,3279.485636,-0.6502786965342682,0.0,0
0.066232,14,3279.508508,-0.7899430758515196,0.0,0
0.071208,14,3279.531045,-0.7733612775655431,0.0,0
0.10817,13,3279.552439,-0.7725641708123313,0.0,0
0.031062,13,3279.573379,-0.790263662597332,0.0,0
0.128484,13,3279.593409,-0.7077226239285253,0.0,0
0.088749,13,3279.614011,-0.752428351184045,0.0,0
0.072346,13,3279.63479,-0.8301279955858987,0.0,0
0.147429,13,3279.655181,-0.7994508714811089,0.0,0
0.101166,13,3279.676143,-0.7443081279181157,0.0,0
0.059021,13,3279.696404,-0.7757394788662303,0.0,0
0.08137,13,3279.717106,-0.7592901903920318,0.0,0
0.143643,13,3279.737871,-0.7196484630137154,0.0,0
0.095421,13,3279.75849,-0.6548696144007277,0.0,0
0.140534,13,3279.781275,-0.7623943966327705,0.0,0
0.069761,13,3279.812118,-0.81735125419928,0.0,0
0.068579,13,3279.844667,-0.7997774453957184,0.0,0
0.067664,13,3279.879242,-0.6743683881297392,0.0,0
0.034829,14,3279.918975,-0.8293316634071994,0.0,0
0.047174,14,3279.960304,-0.774176601644125,0.0,0
0.064861,12,3279.997771,-0.6968178337838116,0.0,0
0.050696,13,3280.038672,-0.7216815982520407,0.0,0
0.050539,13,3280.080096,-0.7528653508719966,0.0,0
0.104892,13,3280.12339,-0.7616246728877105,0.0,0
0.075753,13,3280.166758,-0.7346526599373785,0.0,0
0.082534,13,3280.210522,-0.6789162746081252,0.0,0
0.155772,13,3280.254042,-0.7475172818209477,0.0,0
0.073425,14,3280.3012,-0.8001187858494402,0.0,0
0.072427,13,3280.819228,-0.7706900184913984,0.0,0
0.156256,13,3280.839024,-0.760289109950983,0.0,0
0.071126,13,3280.858943,-0.8048676017359077,0.0,0
0.0892,12,3280.877215,-0.7192521064129777,0.0,0
0.215367,14,3280.899063,-0.8044905451414567,0.0,0
0.155147,14,3280.921457,-0.8154401551274167,0.0,0
0.088165,14,3280.94435,-0.7819002043628219,0.0,0
0.141114,13,3280.965702,-0.8299966018263015,0.0,0
0.123838,14,3280.990026,-0.8129027169758563,0.0,0
0.144282,13,3281.012666,-0.707217854213085,0.0,0
0.076836,14,3281.037338,-0.8184563462212054,0.0,0
0.058358,13,3281.060963,-0.7403512703874932,0.0,0
0.175438,13,3281.084986,-0.7467213867060353,0.0,0
0.194244,15,3281.113258,-0.5552877020331658,0.0,0
0.160138,14,3281.14011,-0.8422208754122896,0.0,0
0.110339,13,3281.164729,-0.8371518488120578,0.0,0
0.073969,14,3281.192381,-0.8516879424302307,0.0,0
0.154066,14,3281.220348,-0.7961100550350206,0.0,0
0.125961,13,3281.246631,-0.7498914613805306,0.0,0
0.138601,13,3281.272994,-0.7541784983544828,0.0,0
0.090313,14,3281.302516,-0.7640386850800336,0.0,0
0.06187,14,3281.332064,-0.7737906343379006,0.0,0
0.075035,13,3281.359537,-0.7767111691633654,0.0,0
0.155461,14,3281.389218,-0.8132156922662859,0.0,0
0.104385,13,3281.417013,-0.7003691235542286,0.0,0
0.160935,14,3281.446695,-0.7275029274595561,0.0,0
0.082661,14,3281.476365,-0.7599564624131928,0.0,0
0.062157,12,3281.50357,-0.7063855563444852,0.0,0
0.037234,12,3281.530971,-0.6988605558193312,0.0,0
0.067624,13,3281.560644,-0.7492869271319887,0.0,0
0.152594,14,3281.592525,-0.6816141556324192,0.0,0
0.093307,13,3281.622029,-0.8575437014023177,0.0,0
0.075114,14,3281.656385,-0.8161817086207118,0.0,0
0.059419,14,3281.695552,-0.8460369782657632,0.0,0
0.101262,12,3281.730897,-0.7299158431034046,0.0,0
0.068144,14,3281.774616,-0.7948408130465646,0.0,0
0.054486,13,3281.815704,-0.7939837496987328,0.0,0
0.074582,13,3281.858256,-0.6881384885280326,0.0,0
0.156499,13,3282.357805,-0.7864274515752628,0.0,0
0.082054,13,3282.378499,-0.7664714099449178,0.0,0
0.057266,13,3282.398902,-0.8106853349645567,0.0,0
0.176227,13,3282.420385,-0.7943414668046602,0.0,0
0.091381,13,3282.442083,-0.795805069015616,0.0,0
0.118288,13,3282.472617,-0.6872995544032431,0.0,0
0.066228,14,3282.505283,-0.8442603417424707,0.0,0
0.173849,13,3282.534966,-0.7222000181019416,0.0,0
0.122871,14,3282.560764,-0.8083950947974331,0.0,0
0.136569,13,3282.579928,-0.7619759536567506,0.0,0
0.149505,13,3282.598713,-0.703758028019488,0.0,0
0.065496,13,3282.618556,-0.7155278398042481,0.0,0
0.163841,13,3282.639256,-0.6998428373877884,0.0,0
0.195165,13,3282.661607,-0.7594254196376409,0.0,0
0.058863,14,3282.688713,-0.7953959328314482,0.0,0
0.06962,12,3282.716254,-0.7744068628035187,0.0,0
0.12447,14,3282.751857,-0.7839612113181212,0.0,0
0.171732,14,3282.78932,-0.8255091303176625,0.0,0
0.092823,13,3282.826046,-0.7806567269772974,0.0,0
0.114107,14,3282.869319,-0.8197708722728421,0.0,0
0.050075,13,3282.910811,-0.7753006361004062,0.0,0
0.068673,12,3282.948686,-0.7372379088266354,0.0,0
0.060486,13,3282.9901,-0.771088454568241,0.0,0
0.061323,13,3283.033361,-0.7904474103890664,0.0,0
0.087007,12,3283.073419,-0.7455012238985229,0.0,0
0.059528,13,3283.11709,-0.7466923093918281,0.0,0
0.109268,13,3283.161217,-0.7194541491050522,0.0,0
0.111555,14,3283.21129,-0.7985552479739768,0.0,0
0.054909,12,3283.254231,-0.7219679774949658,0.0,0
0.12593,13,3283.30056,-0.7184275752036483,0.0,0
0.038198,13,3283.346741,-0.7395372181283651,0.0,0
0.057668,13,3283.393264,-0.7924503930417544,0.0,0
0.080728,13,3283.439605,-0.7736156231403156,0.0,0
0.055038,13,3283.486443,-0.7540623092932737,0.0,0
0.097685,14,3283.536477,-0.6572128611204001,0.0,0
0.08677,13,3283.582514,-0.7685144214344323,0.0,0
0.157582,14,3283.632449,-0.6817505431697959,0.0,0
0.064015,13,3283.678658,-0.8142961682863585,0.0,0
0.153754,13,3283.724938,-0.8235792484949378,0.0,0
0.12143,13,3284.269305,-0.8102402586291133,0.0,0
0.088755,12,3284.288162,-0.7032891971647819,0.0,0
0.146317,13,3284.3082,-0.7554588018208095,0.0,0
0.107865,14,3284.329734,-0.7387679541567607,0.0,0
0.081019,14,3284.352237,-0.7464719366610743,0.0,0
0.110986,14,3284.374424,-0.8469102219379695,0.0,0
0.072951,13,3284.396172,-0.6754164334845241,0.0,0
0.110754,13,3284.418074,-0.8247695336805847,0.0,0
0.087388,13,3284.445918,-0.6306943822811704,0.0,0
0.086625,14,3284.480232,-0.7842508735740717,0.0,0
0.138455,14,3284.51673,-0.8089824089163618,0.0,0
0.08292,13,3284.552788,-0.776504263580925,0.0,0
0.186013,13,3284.590242,-0.7776440203329219,0.0,0
0.064094,13,3284.629874,-0.807172192935819,0.0,0
0.107745,14,3284.674205,-0.5265385400382117,0.0,0
0.223798,14,3284.718945,-0.7900800061248325,0.0,0
0.101091,14,3284.765751,-0.8485370840604355,0.0,0
0.161472,14,3284.81213,-0.8630365044855445,0.0,0
0.133053,14,3284.858953,-0.8000171828951109,0.0,0
0.066266,14,3284.906013,-0.8564322333774246,0.0,0
0.055286,13,3284.949596,-0.8417840929919496,0.0,0
0.191106,14,3284.996639,-0.7748941809295262,0.0,0
0.090344,13,3285.040597,-0.7358417076916697,0.0,0
0.069395,14,3285.087552,-0.798832392276466,0.0,0
0.065735,13,3285.131438,-0.8291666877676295,0.0,0
0.083477,13,3285.175111,-0.7220219421382377,0.0,0
0.155347,14,3285.22189,-0.7294041153511155,0.0,0
0.149231,15,3285.272577,-0.7257322608570691,0.0,0
0.081705,13,3285.316996,-0.7223840318171872,0.0,0
0.097304,13,3285.360898,-0.7552850572580385,0.0,0
0.161756,14,3285.411947,-0.823543457995488,0.0,0
0.06613,13,3285.455549,-0.8174615441246466,0.0,0
0.105861,14,3285.502365,-0.7702266281974387,0.0,0
0.150451,13,3285.545453,-0.668687712453949,0.0,0
0.022154,14,3285.592434,-0.7792284566477924,0.0,0
0.210005,14,3285.639313,-0.8738775529541452,0.0,0
0.162089,14,3285.686531,-0.7591846882090818,0.0,0
0.185089,14,3285.733307,-0.7535694924537915,0.0,0
0.234755,14,3286.25859,-0.7682321457003707,0.0,0
0.054153,15,3286.282951,-0.6894496950154474,0.0,0
0.091465,13,3286.304152,-0.8697028404788004,0.0,0
0.077011,15,3286.330657,-0.8413984060748436,0.0,0
0.151102,13,3286.355512,-0.7255960348169418,0.0,0
0.160956,14,3286.378848,-0.8647404680793132,0.0,0
0.049967,13,3286.401412,-0.6994064796787726,0.0,0
0.080002,13,3286.425206,-0.8734954006680304,0.0,0
0.111834,14,3286.449966,-0.7609274409780855,0.0,0
0.081836,13,3286.47298,-0.7568197282767816,0.0,0
0.078077,13,3286.496349,-0.7433805528464038,0.0,0
0.094553,13,3286.519969,-0.7019652804387794,0.0,0
0.078141,13,3286.54412,-0.895338306464051,0.0,0
0.13399,14,3286.565534,-0.8244171062824369,0.0,0
0.098651,13,3286.584892,-0.746457204623217,0.0,0
0.135234,13,3286.603638,-0.8454841019148489,0.0,0
0.17836,13,3286.622396,-0.7900471620684113,0.0,0
0.068144,12,3286.639368,-0.7460336565871923,0.0,0
0.063991,12,3286.656598,-0.8012097204862317,0.0,0
0.136662,13,3286.67498,-0.8330950090897662,0.0,0
0.153183,14,3286.69983,-0.7508800643524258,0.0,0
0.118225,13,3286.727261,-0.8441488692878607,0.0,0
0.192614,14,3286.756615,-0.8331284476992915,0.0,0
0.06469,13,3286.784577,-0.7007872206899876,0.0,0
0.059329,12,3286.810317,-0.8510732053910821,0.0,0
0.06335,12,3286.835905,-0.7682388812996859,0.0,0
0.082494,13,3286.863109,-0.7053536269499473,0.0,0
0.149301,14,3286.893267,-0.7811744167886815,0.0,0
0.175803,13,3286.921419,-0.6812823315509712,0.0,0
0.152376,14,3286.954758,-0.7160741686854584,0.0,0
0.065818,13,3286.982662,-0.7938669870063996,0.0,0
0.053423,13,3287.014698,-0.8155493103064217,0.0,0
0.156383,14,3287.050009,-0.8169730462254078,0.0,0
0.045059,13,3287.082786,-0.8018509663931221,0.0,0
0.205513,13,3287.114527,-0.7191986611744479,0.0,0
0.164467,13,3287.141929,-0.8271976346623959,0.0,0
0.223927,13,3287.173176,-0.7106019143028389,0.0,0
0.160818,14,3287.210109,-0.7602735430250221,0.0,0
0.137484,14,3287.249505,-0.7668095711623001,0.0,0
0.202376,14,3287.768526,-0.8086663423476668,0.0,0
0.052673,13,3287.789725,-0.812122852910325,0.0,0
0.191315,14,3287.811706,-0.8248493417989158,0.0,0
0.083063,13,3287.832208,-0.735176948486752,0.0,0
0.181146,13,3287.853585,-0.8127957799583615,0.0,0
0.106669,14,3287.877352,-0.7950228663905926,0.0,0
0.077108,13,3287.899156,-0.7967791880595508,0.0,0
0.13919,14,3287.923436,-0.6992966632346798,0.0,0
0.043776,13,3287.946967,-0.7150672044214981,0.0,0
0.063437,13,3287.970955,-0.7159781200460391,0.0,0
0.078094,13,3287.994678,-0.8227044260001039,0.0,0
0.120013,13,3288.018498,-0.7810336877968214,0.0,0
0.095198,13,3288.043323,-0.7282112273518033,0.0,0
0.060328,13,3288.068659,-0.771697043920737,0.0,0
0.085769,12,3288.09167,-0.790827566022203,0.0,0
0.18889,13,3288.117476,-0.8116820652867848,0.0,0
0.05576,13,3288.143641,-0.8410549945387004,0.0,0
0.186499,13,3288.169485,-0.8631920413685433,0.0,0
0.053298,13,3288.195468,-0.775519155246171,0.0,0
0.031499,13,3288.222892,-0.786876394515252,0.0,0
0.112525,14,3288.252456,-0.7635678875919567,0.0,0
0.185943,14,3288.282251,-0.6994132594032874,0.0,0
0.08154,13,3288.309791,-0.7479284278688838,0.0,0
0.119058,12,3288.335013,-0.8316817441142582,0.0,0
0.097171,12,3288.360647,-0.7146519855400606,0.0,0
0.065085,13,3288.38813,-0.7504943445790816,0.0,0
0.073064,14,3288.4177,-0.7628871063976234,0.0,0
0.067653,13,3288.447106,-0.8840468393731751,0.0,0
0.153659,14,3288.479168,-0.7526699889279752,0.0,0
0.188285,13,3288.508794,-0.7062208543676542,0.0,0
0.141982,14,3288.540688,-0.8484397996878564,0.0,0
0.084008,14,3288.57284,-0.8520727624891025,0.0,0
0.100717,13,3288.603389,-0.6876697080869804,0.0,0
0.053917,12,3288.632071,-0.8067351854518505,0.0,0
0.085858,13,3288.663209,-0.7712086059112532,0.0,0
0.070472,13,3288.69434,-0.8010690382649222,0.0,0
0.123441,13,3288.725492,-0.7219049349307004,0.0,0
0.139373,15,3288.761424,-0.8480840752662779,0.0,0
0.158203,15,3289.270137,-0.664618992854253,0.0,0
0.179538,14,3289.292755,-0.7403705701146527,0.0,0
0.050438,13,3289.314504,-0.7620643117111562,0.0,0
0.08508,13,3289.335176,-0.7137804914446166,0.0,0
0.143236,14,3289.357878,-0.6701654943105364,0.0,0
0.183504,14,3289.384984,-0.708832761467424,0.0,0
0.090894,13,3289.411656,-0.6686073078280528,0.0,0
0.079838,13,3289.436798,-0.7691231542773397,0.0,0
0.137624,14,3289.463261,-0.8345431046970218,0.0,0
0.083252,14,3289.488185,-0.778823574409252,0.0,0
0.070003,12,3289.509644,-0.7022850205977077,0.0,0
0.071723,13,3289.531953,-0.7919613746661326,0.0,0
0.131261,14,3289.553081,-0.7480737683540661,0.0,0
0.088683,14,3289.577553,-0.8099052418180503,0.0,0
0.087795,13,3289.599885,-0.6813830243878876,0.0,0
0.100015,14,3289.624553,-0.7406835307172752,0.0,0
0.088261,13,3289.648155,-0.76351365210234,0.0,0
0.157551,13,3289.671387,-0.7191695283626486,0.0,0
0.04707,13,3289.694812,-0.7979515477992313,0.0,0
0.129368,14,3289.72068,-0.8438435030774205,0.0,0
0.073601,14,3289.746788,-0.8295867228862502,0.0,0
0.073706,13,3289.770945,-0.8451118082733398,0.0,0
0.126498,13,3289.794961,-0.7119637923779899,0.0,0
0.094708,13,3289.818795,-0.8223658294899223,0.0,0
0.05819,13,3289.84371,-0.8137788581824975,0.0,0
0.183486,13,3289.868401,-0.779859427702227,0.0,0
0.048849,13,3289.893385,-0.6641498465590461,0.0,0
0.1671,13,3289.918029,-0.7114484609840396,0.0,0
0.05483,12,3289.940979,-0.7174023206420369,0.0,0
0.179752,14,3289.967548,-0.8094275155313838,0.0,0
0.046477,14,3289.994321,-0.8913909222779259,0.0,0
0.061456,13,3290.019051,-0.7417279800528458,0.0,0
0.217642,14,3290.045959,-0.7930858927538216,0.0,0
0.09669,12,3290.068938,-0.7860784810239431,0.0,0
0.059232,13,3290.094129,-0.7341436804872638,0.0,0
0.113522,13,3290.11888,-0.7173413371383086,0.0,0
0.092508,13,3290.14406,-0.6633165946680528,0.0,0
0.125571,14,3290.170954,-0.8844305005039989,0.0,0
0.20163,13,3290.195768,-0.7063090818309743,0.0,0
0.228553,13,3290.689247,-0.7742536114403756,0.0,0
0.09899,13,3290.709986,-0.72795665926644,0.0,0
0.114518,13,3290.730892,-0.7660233736311317,0.0,0
0.145574,14,3290.753632,-0.7046654985471249,0.0,0
0.0833,13,3290.775411,-0.7916094639126585,0.0,0
0.069307,13,3290.797163,-0.778670871573222,0.0,0
0.070315,14,3290.821416,-0.6830101970148943,0.0,0
0.075251,13,3290.844068,-0.7148875023896476,0.0,0
0.176951,14,3290.86847,-0.7376655284643662,0.0,0
0.074528,12,3290.890074,-0.7357651772168047,0.0,0
0.1408,14,3290.915415,-0.7688149072452777,0.0,0
0.215097,13,3290.93855,-0.7129345170856454,0.0,0
0.075305,13,3290.962572,-0.6474638831328922,0.0,0
0.153259,14,3290.988301,-0.7063395913321918,0.0,0
0.054372,13,3291.012804,-0.7522906466113739,0.0,0
0.082284,13,3291.037605,-0.678682134162448,0.0,0
0.197683,14,3291.064298,-0.7510875311561315,0.0,0
0.074759,13,3291.088993,-0.7823570990381281,0.0,0
0.140275,13,3291.113788,-0.801403715652869,0.0,0
0.131461,13,3291.138485,-0.6517618738309621,0.0,0
0.177071,13,3291.163216,-0.7077491118594246,0.0,0
0.071059,13,3291.18809,-0.6426591447689216,0.0,0
0.164495,14,3291.220483,-0.6158886919877128,0.0,0
0.08421,13,3291.254651,-0.7196936770117913,0.0,0
0.093937,13,3291.290669,-0.6872256960959696,0.0,0
0.070766,13,3291.328345,-0.7284868515359301,0.0,0
0.215881,13,3291.367765,-0.6817476630119592,0.0,0
0.072465,13,3291.408616,-0.7667617362737119,0.0,0
0.039539,13,3291.449657,-0.750932020315002,0.0,0
0.093047,12,3291.488961,-0.7359741535645835,0.0,0
0.223384,14,3291.535191,-0.7821289349037485,0.0,0
0.202797,13,3291.578105,-0.6893364206177588,0.0,0
0.098126,15,3291.627942,-0.5899171313164594,0.0,0
0.135281,14,3291.675836,-0.7060390937907453,0.0,0
0.06698,12,3291.717072,-0.7265023281965584,0.0,0
0.203643,13,3291.762016,-0.74355225264939,0.0,0
0.071143,13,3291.808776,-0.7428857773729299,0.0,0
0.112495,12,3291.851965,-0.7255970832622749,0.0,0
0.130075,13,3291.899288,-0.793265739882106,0.0,0
