======================================================================
 EUREKA-style population reward search (baseline M3)
======================================================================
 config           : configs/env007_fragilecargo_eureka_v9_fixedspec.yaml
 env              : FragileCargoDock-v0
 generations      : 1
 population       : 2 (elite 1 + 1x1 children)
 timesteps/cand   : 1,200,000
 eval episodes    : 20
 concurrent runs  : 2 (candidates within a generation are independent)
 selection metric : external_eval.mean_eval_reward (native)
 seed             : 0
 output           : runs\env_007\eureka_v9_fixedspec\seed_0
 api key env var  : EUREKA_DEEPSEEK_API_KEY
======================================================================

----------------------------------------------------------------------
 GENERATION 0
----------------------------------------------------------------------

  [g00c00] gen=0 initial sample

  [g00c01] gen=0 initial sample

  training 2 candidate(s) with 2 concurrent run(s)

$ D:\Code\python\research\llm_env_310\Scripts\python.exe -m training.train_sb3_wrapper --config configs/env007_fragilecargo_eureka_v9_fixedspec.yaml --reward runs\env_007\eureka_v9_fixedspec\seed_0\gen_00\cand_00\reward_v1.py --run-name eureka_v9_fixedspec/seed_0/gen_00/cand_00/training --save-dir runs\env_007\eureka_v9_fixedspec\seed_0\gen_00\cand_00\training --total-timesteps 1200000 --eval-episodes 20 --seed 0

$ D:\Code\python\research\llm_env_310\Scripts\python.exe -m training.train_sb3_wrapper --config configs/env007_fragilecargo_eureka_v9_fixedspec.yaml --reward runs\env_007\eureka_v9_fixedspec\seed_0\gen_00\cand_01\reward_v1.py --run-name eureka_v9_fixedspec/seed_0/gen_00/cand_01/training --save-dir runs\env_007\eureka_v9_fixedspec\seed_0\gen_00\cand_01\training --total-timesteps 1200000 --eval-episodes 20 --seed 0
Using cpu device
---------------------------------
| rollout/           |          |
|    ep_len_mean     | 398      |
|    ep_rew_mean     | -21.8    |
|    success_rate    | 0        |
| time/              |          |
|    fps             | 2851     |
|    iterations      | 1        |
|    time_elapsed    | 4        |
|    total_timesteps | 12288    |
---------------------------------
Using cpu device
---------------------------------
| rollout/           |          |
|    ep_len_mean     | 398      |
|    ep_rew_mean     | -7.13    |
|    success_rate    | 0        |
| time/              |          |
|    fps             | 2807     |
|    iterations      | 1        |
|    time_elapsed    | 4        |
|    total_timesteps | 12288    |
---------------------------------
-----------------------------------------
| rollout/                |             |
|    ep_len_mean          | 399         |
|    ep_rew_mean          | -11.4       |
|    success_rate         | 0           |
| time/                   |             |
|    fps                  | 2118        |
|    iterations           | 2           |
|    time_elapsed         | 11          |
|    total_timesteps      | 24576       |
| train/                  |             |
|    approx_kl            | 0.012045056 |
|    clip_fraction        | 0.148       |
|    clip_range           | 0.2         |
|    entropy_loss         | -2.82       |
|    explained_variance   | 0.138       |
|    learning_rate        | 0.0003      |
|    loss                 | 0.162       |
|    n_updates            | 10          |
|    policy_gradient_loss | -0.00756    |
|    std                  | 0.987       |
|    value_loss           | 3.42        |
-----------------------------------------
-----------------------------------------
| rollout/                |             |
|    ep_len_mean          | 399         |
|    ep_rew_mean          | -4.09       |
|    success_rate         | 0           |
| time/                   |             |
|    fps                  | 2089        |
|    iterations           | 2           |
|    time_elapsed         | 11          |
|    total_timesteps      | 24576       |
| train/                  |             |
|    approx_kl            | 0.010351259 |
|    clip_fraction        | 0.127       |
|    clip_range           | 0.2         |
|    entropy_loss         | -2.82       |
|    explained_variance   | 0.557       |
|    learning_rate        | 0.0003      |
|    loss                 | 0.0453      |
|    n_updates            | 10          |
|    policy_gradient_loss | -0.00965    |
|    std                  | 0.987       |
|    value_loss           | 0.168       |
-----------------------------------------
------------------------------------------
| rollout/                |              |
|    ep_len_mean          | 399          |
|    ep_rew_mean          | -7.68        |
|    success_rate         | 0            |
| time/                   |              |
|    fps                  | 1942         |
|    iterations           | 3            |
|    time_elapsed         | 18           |
|    total_timesteps      | 36864        |
| train/                  |              |
|    approx_kl            | 0.0104862675 |
|    clip_fraction        | 0.142        |
|    clip_range           | 0.2          |
|    entropy_loss         | -2.79        |
|    explained_variance   | 0.875        |
|    learning_rate        | 0.0003       |
|    loss                 | -0.0301      |
|    n_updates            | 20           |
|    policy_gradient_loss | -0.0136      |
|    std                  | 0.974        |
|    value_loss           | 0.0284       |
------------------------------------------
-----------------------------------------
| rollout/                |             |
|    ep_len_mean          | 399         |
|    ep_rew_mean          | -3.15       |
|    success_rate         | 0           |
| time/                   |             |
|    fps                  | 1920        |
|    iterations           | 3           |
|    time_elapsed         | 19          |
|    total_timesteps      | 36864       |
| train/                  |             |
|    approx_kl            | 0.011426953 |
|    clip_fraction        | 0.146       |
|    clip_range           | 0.2         |
|    entropy_loss         | -2.79       |
|    explained_variance   | 0.836       |
|    learning_rate        | 0.0003      |
|    loss                 | -0.0407     |
|    n_updates            | 20          |
|    policy_gradient_loss | -0.0169     |
|    std                  | 0.972       |
|    value_loss           | 0.0101      |
-----------------------------------------
-----------------------------------------
| rollout/                |             |
|    ep_len_mean          | 400         |
|    ep_rew_mean          | -0.765      |
|    success_rate         | 0           |
| time/                   |             |
|    fps                  | 1863        |
|    iterations           | 4           |
|    time_elapsed         | 26          |
|    total_timesteps      | 49152       |
| train/                  |             |
|    approx_kl            | 0.010183525 |
|    clip_fraction        | 0.124       |
|    clip_range           | 0.2         |
|    entropy_loss         | -2.76       |
|    explained_variance   | 0.858       |
|    learning_rate        | 0.0003      |
|    loss                 | -0.0189     |
|    n_updates            | 30          |
|    policy_gradient_loss | -0.0122     |
|    std                  | 0.956       |
|    value_loss           | 0.0162      |
-----------------------------------------
-----------------------------------------
| rollout/                |             |
|    ep_len_mean          | 400         |
|    ep_rew_mean          | -1.86       |
|    success_rate         | 0           |
| time/                   |             |
|    fps                  | 1840        |
|    iterations           | 4           |
|    time_elapsed         | 26          |
|    total_timesteps      | 49152       |
| train/                  |             |
|    approx_kl            | 0.008216401 |
|    clip_fraction        | 0.0942      |
|    clip_range           | 0.2         |
|    entropy_loss         | -2.75       |
|    explained_variance   | 0.795       |
|    learning_rate        | 0.0003      |
|    loss                 | -0.0198     |
|    n_updates            | 30          |
|    policy_gradient_loss | -0.00962    |
|    std                  | 0.954       |
|    value_loss           | 0.00688     |
-----------------------------------------
----------------------------------------
| rollout/                |            |
|    ep_len_mean          | 400        |
|    ep_rew_mean          | -0.893     |
|    success_rate         | 0          |
| time/                   |            |
|    fps                  | 1807       |
|    iterations           | 5          |
|    time_elapsed         | 33         |
|    total_timesteps      | 61440      |
| train/                  |            |
|    approx_kl            | 0.00928748 |
|    clip_fraction        | 0.103      |
|    clip_range           | 0.2        |
|    entropy_loss         | -2.73      |
|    explained_variance   | 0.914      |
|    learning_rate        | 0.0003     |
|    loss                 | -0.0133    |
|    n_updates            | 40         |
|    policy_gradient_loss | -0.00888   |
|    std                  | 0.942      |
|    value_loss           | 0.00895    |
----------------------------------------
------------------------------------------
| rollout/                |              |
|    ep_len_mean          | 400          |
|    ep_rew_mean          | -1.83        |
|    success_rate         | 0            |
| time/                   |              |
|    fps                  | 1783         |
|    iterations           | 5            |
|    time_elapsed         | 34           |
|    total_timesteps      | 61440        |
| train/                  |              |
|    approx_kl            | 0.0072903163 |
|    clip_fraction        | 0.0872       |
|    clip_range           | 0.2          |
|    entropy_loss         | -2.74        |
|    explained_variance   | 0.487        |
|    learning_rate        | 0.0003       |
|    loss                 | -0.0161      |
|    n_updates            | 40           |
|    policy_gradient_loss | -0.00737     |
|    std                  | 0.951        |
|    value_loss           | 0.0204       |
------------------------------------------
-----------------------------------------
| rollout/                |             |
|    ep_len_mean          | 391         |
|    ep_rew_mean          | -38.6       |
|    success_rate         | 0           |
| time/                   |             |
|    fps                  | 1779        |
|    iterations           | 6           |
|    time_elapsed         | 41          |
|    total_timesteps      | 73728       |
| train/                  |             |
|    approx_kl            | 0.010644692 |
|    clip_fraction        | 0.143       |
|    clip_range           | 0.2         |
|    entropy_loss         | -2.7        |
|    explained_variance   | 0.958       |
|    learning_rate        | 0.0003      |
|    loss                 | -0.00585    |
|    n_updates            | 50          |
|    policy_gradient_loss | -0.0111     |
|    std                  | 0.933       |
|    value_loss           | 0.00453     |
-----------------------------------------
-----------------------------------------
| rollout/                |             |
|    ep_len_mean          | 400         |
|    ep_rew_mean          | -1.7        |
|    success_rate         | 0           |
| time/                   |             |
|    fps                  | 1756        |
|    iterations           | 6           |
|    time_elapsed         | 41          |
|    total_timesteps      | 73728       |
| train/                  |             |
|    approx_kl            | 0.008151871 |
|    clip_fraction        | 0.0838      |
|    clip_range           | 0.2         |
|    entropy_loss         | -2.71       |
|    explained_variance   | 0.835       |
|    learning_rate        | 0.0003      |
|    loss                 | -0.0123     |
|    n_updates            | 50          |
|    policy_gradient_loss | -0.00779    |
|    std                  | 0.936       |
|    value_loss           | 0.00585     |
-----------------------------------------
------------------------------------------
| rollout/                |              |
|    ep_len_mean          | 385          |
|    ep_rew_mean          | -75.7        |
|    success_rate         | 0            |
| time/                   |              |
|    fps                  | 1753         |
|    iterations           | 7            |
|    time_elapsed         | 49           |
|    total_timesteps      | 86016        |
| train/                  |              |
|    approx_kl            | 0.0046330434 |
|    clip_fraction        | 0.0418       |
|    clip_range           | 0.2          |
|    entropy_loss         | -2.7         |
|    explained_variance   | -0.0782      |
|    learning_rate        | 0.0003       |
|    loss                 | 0.291        |
|    n_updates            | 60           |
|    policy_gradient_loss | -0.00149     |
|    std                  | 0.934        |
|    value_loss           | 1.65         |
------------------------------------------
------------------------------------------
| rollout/                |              |
|    ep_len_mean          | 400          |
|    ep_rew_mean          | -0.608       |
|    success_rate         | 0            |
| time/                   |              |
|    fps                  | 1735         |
|    iterations           | 7            |
|    time_elapsed         | 49           |
|    total_timesteps      | 86016        |
| train/                  |              |
|    approx_kl            | 0.0068770405 |
|    clip_fraction        | 0.0786       |
|    clip_range           | 0.2          |
|    entropy_loss         | -2.71        |
|    explained_variance   | 0.853        |
|    learning_rate        | 0.0003       |
|    loss                 | -0.0111      |
|    n_updates            | 60           |
|    policy_gradient_loss | -0.00789     |
|    std                  | 0.94         |
|    value_loss           | 0.0029       |
------------------------------------------
------------------------------------------
| rollout/                |              |
|    ep_len_mean          | 379          |
|    ep_rew_mean          | -92          |
|    success_rate         | 0            |
| time/                   |              |
|    fps                  | 1738         |
|    iterations           | 8            |
|    time_elapsed         | 56           |
|    total_timesteps      | 98304        |
| train/                  |              |
|    approx_kl            | 0.0058900886 |
|    clip_fraction        | 0.0643       |
|    clip_range           | 0.2          |
|    entropy_loss         | -2.7         |
|    explained_variance   | 0.814        |
|    learning_rate        | 0.0003       |
|    loss                 | 0.132        |
|    n_updates            | 70           |
|    policy_gradient_loss | -0.00456     |
|    std                  | 0.932        |
|    value_loss           | 0.175        |
------------------------------------------
------------------------------------------
| rollout/                |              |
|    ep_len_mean          | 400          |
|    ep_rew_mean          | -0.298       |
|    success_rate         | 0            |
| time/                   |              |
|    fps                  | 1719         |
|    iterations           | 8            |
|    time_elapsed         | 57           |
|    total_timesteps      | 98304        |
| train/                  |              |
|    approx_kl            | 0.0080548525 |
|    clip_fraction        | 0.0954       |
|    clip_range           | 0.2          |
|    entropy_loss         | -2.71        |
|    explained_variance   | 0.955        |
|    learning_rate        | 0.0003       |
|    loss                 | -0.0231      |
|    n_updates            | 70           |
|    policy_gradient_loss | -0.0087      |
|    std                  | 0.938        |
|    value_loss           | 0.00168      |
------------------------------------------
------------------------------------------
| rollout/                |              |
|    ep_len_mean          | 384          |
|    ep_rew_mean          | -66.9        |
|    success_rate         | 0            |
| time/                   |              |
|    fps                  | 1724         |
|    iterations           | 9            |
|    time_elapsed         | 64           |
|    total_timesteps      | 110592       |
| train/                  |              |
|    approx_kl            | 0.0076632113 |
|    clip_fraction        | 0.0913       |
|    clip_range           | 0.2          |
|    entropy_loss         | -2.7         |
|    explained_variance   | 0.807        |
|    learning_rate        | 0.0003       |
|    loss                 | -0.00491     |
|    n_updates            | 80           |
|    policy_gradient_loss | -0.00714     |
|    std                  | 0.937        |
|    value_loss           | 0.0724       |
------------------------------------------
------------------------------------------
| rollout/                |              |
|    ep_len_mean          | 400          |
|    ep_rew_mean          | -0.232       |
|    success_rate         | 0            |
| time/                   |              |
|    fps                  | 1706         |
|    iterations           | 9            |
|    time_elapsed         | 64           |
|    total_timesteps      | 110592       |
| train/                  |              |
|    approx_kl            | 0.0062814797 |
|    clip_fraction        | 0.0719       |
|    clip_range           | 0.2          |
|    entropy_loss         | -2.7         |
|    explained_variance   | 0.955        |
|    learning_rate        | 0.0003       |
|    loss                 | -0.0371      |
|    n_updates            | 80           |
|    policy_gradient_loss | -0.00638     |
|    std                  | 0.931        |
|    value_loss           | 0.00196      |
------------------------------------------
-----------------------------------------
| rollout/                |             |
|    ep_len_mean          | 389         |
|    ep_rew_mean          | -35.7       |
|    success_rate         | 0           |
| time/                   |             |
|    fps                  | 1713        |
|    iterations           | 10          |
|    time_elapsed         | 71          |
|    total_timesteps      | 122880      |
| train/                  |             |
|    approx_kl            | 0.008410153 |
|    clip_fraction        | 0.102       |
|    clip_range           | 0.2         |
|    entropy_loss         | -2.71       |
|    explained_variance   | 0.821       |
|    learning_rate        | 0.0003      |
|    loss                 | -0.000761   |
|    n_updates            | 90          |
|    policy_gradient_loss | -0.00832    |
|    std                  | 0.939       |
|    value_loss           | 0.0796      |
-----------------------------------------
------------------------------------------
| rollout/                |              |
|    ep_len_mean          | 400          |
|    ep_rew_mean          | -0.316       |
|    success_rate         | 0            |
| time/                   |              |
|    fps                  | 1695         |
|    iterations           | 10           |
|    time_elapsed         | 72           |
|    total_timesteps      | 122880       |
| train/                  |              |
|    approx_kl            | 0.0059270356 |
|    clip_fraction        | 0.0607       |
|    clip_range           | 0.2          |
|    entropy_loss         | -2.69        |
|    explained_variance   | 0.943        |
|    learning_rate        | 0.0003       |
|    loss                 | -0.0138      |
|    n_updates            | 90           |
|    policy_gradient_loss | -0.00664     |
|    std                  | 0.926        |
|    value_loss           | 0.00132      |
------------------------------------------
-----------------------------------------
| rollout/                |             |
|    ep_len_mean          | 399         |
|    ep_rew_mean          | -10.2       |
|    success_rate         | 0           |
| time/                   |             |
|    fps                  | 1702        |
|    iterations           | 11          |
|    time_elapsed         | 79          |
|    total_timesteps      | 135168      |
| train/                  |             |
|    approx_kl            | 0.008528606 |
|    clip_fraction        | 0.109       |
|    clip_range           | 0.2         |
|    entropy_loss         | -2.7        |
|    explained_variance   | 0.939       |
|    learning_rate        | 0.0003      |
|    loss                 | -0.024      |
|    n_updates            | 100         |
|    policy_gradient_loss | -0.00991    |
|    std                  | 0.931       |
|    value_loss           | 0.0167      |
-----------------------------------------
-----------------------------------------
| rollout/                |             |
|    ep_len_mean          | 400         |
|    ep_rew_mean          | -0.355      |
|    success_rate         | 0           |
| time/                   |             |
|    fps                  | 1684        |
|    iterations           | 11          |
|    time_elapsed         | 80          |
|    total_timesteps      | 135168      |
| train/                  |             |
|    approx_kl            | 0.008511332 |
|    clip_fraction        | 0.0889      |
|    clip_range           | 0.2         |
|    entropy_loss         | -2.69       |
|    explained_variance   | 0.917       |
|    learning_rate        | 0.0003      |
|    loss                 | 0.00227     |
|    n_updates            | 100         |
|    policy_gradient_loss | -0.00771    |
|    std                  | 0.928       |
|    value_loss           | 0.00244     |
-----------------------------------------
-----------------------------------------
| rollout/                |             |
|    ep_len_mean          | 396         |
|    ep_rew_mean          | -2.66       |
|    success_rate         | 0           |
| time/                   |             |
|    fps                  | 1692        |
|    iterations           | 12          |
|    time_elapsed         | 87          |
|    total_timesteps      | 147456      |
| train/                  |             |
|    approx_kl            | 0.009431563 |
|    clip_fraction        | 0.11        |
|    clip_range           | 0.2         |
|    entropy_loss         | -2.68       |
|    explained_variance   | 0.924       |
|    learning_rate        | 0.0003      |
|    loss                 | -0.0397     |
|    n_updates            | 110         |
|    policy_gradient_loss | -0.0107     |
|    std                  | 0.923       |
|    value_loss           | 0.0189      |
-----------------------------------------
-----------------------------------------
| rollout/                |             |
|    ep_len_mean          | 400         |
|    ep_rew_mean          | -0.372      |
|    success_rate         | 0           |
| time/                   |             |
|    fps                  | 1676        |
|    iterations           | 12          |
|    time_elapsed         | 87          |
|    total_timesteps      | 147456      |
| train/                  |             |
|    approx_kl            | 0.009792721 |
|    clip_fraction        | 0.1         |
|    clip_range           | 0.2         |
|    entropy_loss         | -2.71       |
|    explained_variance   | 0.949       |
|    learning_rate        | 0.0003      |
|    loss                 | -0.0411     |
|    n_updates            | 110         |
|    policy_gradient_loss | -0.01       |
|    std                  | 0.939       |
|    value_loss           | 0.00137     |
-----------------------------------------
------------------------------------------
| rollout/                |              |
|    ep_len_mean          | 393          |
|    ep_rew_mean          | -11.8        |
|    success_rate         | 0            |
| time/                   |              |
|    fps                  | 1686         |
|    iterations           | 13           |
|    time_elapsed         | 94           |
|    total_timesteps      | 159744       |
| train/                  |              |
|    approx_kl            | 0.0077731707 |
|    clip_fraction        | 0.0881       |
|    clip_range           | 0.2          |
|    entropy_loss         | -2.67        |
|    explained_variance   | 0.929        |
|    learning_rate        | 0.0003       |
|    loss                 | -0.0393      |
|    n_updates            | 120          |
|    policy_gradient_loss | -0.0083      |
|    std                  | 0.915        |
|    value_loss           | 0.018        |
------------------------------------------
-----------------------------------------
| rollout/                |             |
|    ep_len_mean          | 400         |
|    ep_rew_mean          | -0.418      |
|    success_rate         | 0           |
| time/                   |             |
|    fps                  | 1670        |
|    iterations           | 13          |
|    time_elapsed         | 95          |
|    total_timesteps      | 159744      |
| train/                  |             |
|    approx_kl            | 0.007818722 |
|    clip_fraction        | 0.094       |
|    clip_range           | 0.2         |
|    entropy_loss         | -2.72       |
|    explained_variance   | 0.953       |
|    learning_rate        | 0.0003      |
|    loss                 | -0.0296     |
|    n_updates            | 120         |
|    policy_gradient_loss | -0.00692    |
|    std                  | 0.945       |
|    value_loss           | 0.00136     |
-----------------------------------------
------------------------------------------
| rollout/                |              |
|    ep_len_mean          | 389          |
|    ep_rew_mean          | -15.8        |
|    success_rate         | 0            |
| time/                   |              |
|    fps                  | 1682         |
|    iterations           | 14           |
|    time_elapsed         | 102          |
|    total_timesteps      | 172032       |
| train/                  |              |
|    approx_kl            | 0.0055086804 |
|    clip_fraction        | 0.063        |
|    clip_range           | 0.2          |
|    entropy_loss         | -2.69        |
|    explained_variance   | 0.775        |
|    learning_rate        | 0.0003       |
|    loss                 | 0.0121       |
|    n_updates            | 130          |
|    policy_gradient_loss | -0.00221     |
|    std                  | 0.933        |
|    value_loss           | 0.0851       |
------------------------------------------
-----------------------------------------
| rollout/                |             |
|    ep_len_mean          | 400         |
|    ep_rew_mean          | -0.28       |
|    success_rate         | 0           |
| time/                   |             |
|    fps                  | 1665        |
|    iterations           | 14          |
|    time_elapsed         | 103         |
|    total_timesteps      | 172032      |
| train/                  |             |
|    approx_kl            | 0.007695994 |
|    clip_fraction        | 0.0838      |
|    clip_range           | 0.2         |
|    entropy_loss         | -2.74       |
|    explained_variance   | 0.909       |
|    learning_rate        | 0.0003      |
|    loss                 | -0.0285     |
|    n_updates            | 130         |
|    policy_gradient_loss | -0.00578    |
|    std                  | 0.955       |
|    value_loss           | 0.0024      |
-----------------------------------------
------------------------------------------
| rollout/                |              |
|    ep_len_mean          | 381          |
|    ep_rew_mean          | -39.9        |
|    success_rate         | 0            |
| time/                   |              |
|    fps                  | 1676         |
|    iterations           | 15           |
|    time_elapsed         | 109          |
|    total_timesteps      | 184320       |
| train/                  |              |
|    approx_kl            | 0.0077721346 |
|    clip_fraction        | 0.078        |
|    clip_range           | 0.2          |
|    entropy_loss         | -2.72        |
|    explained_variance   | 0.864        |
|    learning_rate        | 0.0003       |
|    loss                 | -0.03        |
|    n_updates            | 140          |
|    policy_gradient_loss | -0.0057      |
|    std                  | 0.947        |
|    value_loss           | 0.0209       |
------------------------------------------
-----------------------------------------
| rollout/                |             |
|    ep_len_mean          | 400         |
|    ep_rew_mean          | -0.127      |
|    success_rate         | 0           |
| time/                   |             |
|    fps                  | 1659        |
|    iterations           | 15          |
|    time_elapsed         | 111         |
|    total_timesteps      | 184320      |
| train/                  |             |
|    approx_kl            | 0.007269436 |
|    clip_fraction        | 0.0823      |
|    clip_range           | 0.2         |
|    entropy_loss         | -2.73       |
|    explained_variance   | 0.966       |
|    learning_rate        | 0.0003      |
|    loss                 | -0.0234     |
|    n_updates            | 140         |
|    policy_gradient_loss | -0.00718    |
|    std                  | 0.947       |
|    value_loss           | 0.000764    |
-----------------------------------------
-----------------------------------------
| rollout/                |             |
|    ep_len_mean          | 368         |
|    ep_rew_mean          | -63         |
|    success_rate         | 0           |
| time/                   |             |
|    fps                  | 1672        |
|    iterations           | 16          |
|    time_elapsed         | 117         |
|    total_timesteps      | 196608      |
| train/                  |             |
|    approx_kl            | 0.005782809 |
|    clip_fraction        | 0.0646      |
|    clip_range           | 0.2         |
|    entropy_loss         | -2.74       |
|    explained_variance   | 0.676       |
|    learning_rate        | 0.0003      |
|    loss                 | 0.0751      |
|    n_updates            | 150         |
|    policy_gradient_loss | -0.00253    |
|    std                  | 0.957       |
|    value_loss           | 0.0861      |
-----------------------------------------
------------------------------------------
| rollout/                |              |
|    ep_len_mean          | 400          |
|    ep_rew_mean          | 0.0618       |
|    success_rate         | 0            |
| time/                   |              |
|    fps                  | 1655         |
|    iterations           | 16           |
|    time_elapsed         | 118          |
|    total_timesteps      | 196608       |
| train/                  |              |
|    approx_kl            | 0.0066962857 |
|    clip_fraction        | 0.0722       |
|    clip_range           | 0.2          |
|    entropy_loss         | -2.71        |
|    explained_variance   | 0.972        |
|    learning_rate        | 0.0003       |
|    loss                 | -0.029       |
|    n_updates            | 150          |
|    policy_gradient_loss | -0.00574     |
|    std                  | 0.938        |
|    value_loss           | 0.000608     |
------------------------------------------
-----------------------------------------
| rollout/                |             |
|    ep_len_mean          | 368         |
|    ep_rew_mean          | -70.2       |
|    success_rate         | 0           |
| time/                   |             |
|    fps                  | 1668        |
|    iterations           | 17          |
|    time_elapsed         | 125         |
|    total_timesteps      | 208896      |
| train/                  |             |
|    approx_kl            | 0.007750926 |
|    clip_fraction        | 0.0716      |
|    clip_range           | 0.2         |
|    entropy_loss         | -2.75       |
|    explained_variance   | 0.741       |
|    learning_rate        | 0.0003      |
|    loss                 | 0.000703    |
|    n_updates            | 160         |
|    policy_gradient_loss | -0.00394    |
|    std                  | 0.96        |
|    value_loss           | 0.0746      |
-----------------------------------------
------------------------------------------
| rollout/                |              |
|    ep_len_mean          | 400          |
|    ep_rew_mean          | 0.188        |
|    success_rate         | 0            |
| time/                   |              |
|    fps                  | 1652         |
|    iterations           | 17           |
|    time_elapsed         | 126          |
|    total_timesteps      | 208896       |
| train/                  |              |
|    approx_kl            | 0.0073059644 |
|    clip_fraction        | 0.084        |
|    clip_range           | 0.2          |
|    entropy_loss         | -2.71        |
|    explained_variance   | 0.974        |
|    learning_rate        | 0.0003       |
|    loss                 | -0.0341      |
|    n_updates            | 160          |
|    policy_gradient_loss | -0.00806     |
|    std                  | 0.938        |
|    value_loss           | 0.000638     |
------------------------------------------
-----------------------------------------
| rollout/                |             |
|    ep_len_mean          | 377         |
|    ep_rew_mean          | -51.1       |
|    success_rate         | 0           |
| time/                   |             |
|    fps                  | 1665        |
|    iterations           | 18          |
|    time_elapsed         | 132         |
|    total_timesteps      | 221184      |
| train/                  |             |
|    approx_kl            | 0.006249107 |
|    clip_fraction        | 0.0754      |
|    clip_range           | 0.2         |
|    entropy_loss         | -2.77       |
|    explained_variance   | 0.874       |
|    learning_rate        | 0.0003      |
|    loss                 | -0.0125     |
|    n_updates            | 170         |
|    policy_gradient_loss | -0.0041     |
|    std                  | 0.972       |
|    value_loss           | 0.0436      |
-----------------------------------------
-----------------------------------------
| rollout/                |             |
|    ep_len_mean          | 400         |
|    ep_rew_mean          | 0.209       |
|    success_rate         | 0           |
| time/                   |             |
|    fps                  | 1648        |
|    iterations           | 18          |
|    time_elapsed         | 134         |
|    total_timesteps      | 221184      |
| train/                  |             |
|    approx_kl            | 0.006304828 |
|    clip_fraction        | 0.0678      |
|    clip_range           | 0.2         |
|    entropy_loss         | -2.71       |
|    explained_variance   | 0.987       |
|    learning_rate        | 0.0003      |
|    loss                 | -0.0241     |
|    n_updates            | 170         |
|    policy_gradient_loss | -0.00574    |
|    std                  | 0.936       |
|    value_loss           | 0.00037     |
-----------------------------------------
-----------------------------------------
| rollout/                |             |
|    ep_len_mean          | 390         |
|    ep_rew_mean          | -46.6       |
|    success_rate         | 0           |
| time/                   |             |
|    fps                  | 1662        |
|    iterations           | 19          |
|    time_elapsed         | 140         |
|    total_timesteps      | 233472      |
| train/                  |             |
|    approx_kl            | 0.006532075 |
|    clip_fraction        | 0.0639      |
|    clip_range           | 0.2         |
|    entropy_loss         | -2.78       |
|    explained_variance   | 0.927       |
|    learning_rate        | 0.0003      |
|    loss                 | -0.015      |
|    n_updates            | 180         |
|    policy_gradient_loss | -0.00614    |
|    std                  | 0.976       |
|    value_loss           | 0.0232      |
-----------------------------------------
-----------------------------------------
| rollout/                |             |
|    ep_len_mean          | 400         |
|    ep_rew_mean          | 0.191       |
|    success_rate         | 0           |
| time/                   |             |
|    fps                  | 1643        |
|    iterations           | 19          |
|    time_elapsed         | 142         |
|    total_timesteps      | 233472      |
| train/                  |             |
|    approx_kl            | 0.008407069 |
|    clip_fraction        | 0.0853      |
|    clip_range           | 0.2         |
|    entropy_loss         | -2.73       |
|    explained_variance   | 0.962       |
|    learning_rate        | 0.0003      |
|    loss                 | -0.0122     |
|    n_updates            | 180         |
|    policy_gradient_loss | -0.00671    |
|    std                  | 0.95        |
|    value_loss           | 0.00124     |
-----------------------------------------
-----------------------------------------
| rollout/                |             |
|    ep_len_mean          | 390         |
|    ep_rew_mean          | -31         |
|    success_rate         | 0           |
| time/                   |             |
|    fps                  | 1659        |
|    iterations           | 20          |
|    time_elapsed         | 148         |
|    total_timesteps      | 245760      |
| train/                  |             |
|    approx_kl            | 0.006609374 |
|    clip_fraction        | 0.0648      |
|    clip_range           | 0.2         |
|    entropy_loss         | -2.79       |
|    explained_variance   | 0.831       |
|    learning_rate        | 0.0003      |
|    loss                 | 0.00937     |
|    n_updates            | 190         |
|    policy_gradient_loss | -0.00406    |
|    std                  | 0.974       |
|    value_loss           | 0.0479      |
-----------------------------------------
----------------------------------------
| rollout/                |            |
|    ep_len_mean          | 400        |
|    ep_rew_mean          | 0.161      |
|    success_rate         | 0          |
| time/                   |            |
|    fps                  | 1640       |
|    iterations           | 20         |
|    time_elapsed         | 149        |
|    total_timesteps      | 245760     |
| train/                  |            |
|    approx_kl            | 0.00788932 |
|    clip_fraction        | 0.0955     |
|    clip_range           | 0.2        |
|    entropy_loss         | -2.74      |
|    explained_variance   | 0.975      |
|    learning_rate        | 0.0003     |
|    loss                 | -0.0138    |
|    n_updates            | 190        |
|    policy_gradient_loss | -0.0102    |
|    std                  | 0.952      |
|    value_loss           | 0.000706   |
----------------------------------------
-----------------------------------------
| rollout/                |             |
|    ep_len_mean          | 390         |
|    ep_rew_mean          | -35.4       |
|    success_rate         | 0           |
| time/                   |             |
|    fps                  | 1658        |
|    iterations           | 21          |
|    time_elapsed         | 155         |
|    total_timesteps      | 258048      |
| train/                  |             |
|    approx_kl            | 0.007827519 |
|    clip_fraction        | 0.0761      |
|    clip_range           | 0.2         |
|    entropy_loss         | -2.81       |
|    explained_variance   | 0.902       |
|    learning_rate        | 0.0003      |
|    loss                 | -0.0209     |
|    n_updates            | 200         |
|    policy_gradient_loss | -0.00753    |
|    std                  | 0.993       |
|    value_loss           | 0.0219      |
-----------------------------------------
-----------------------------------------
| rollout/                |             |
|    ep_len_mean          | 400         |
|    ep_rew_mean          | 0.185       |
|    success_rate         | 0           |
| time/                   |             |
|    fps                  | 1638        |
|    iterations           | 21          |
|    time_elapsed         | 157         |
|    total_timesteps      | 258048      |
| train/                  |             |
|    approx_kl            | 0.007719519 |
|    clip_fraction        | 0.0818      |
|    clip_range           | 0.2         |
|    entropy_loss         | -2.74       |
|    explained_variance   | 0.973       |
|    learning_rate        | 0.0003      |
|    loss                 | -0.0155     |
|    n_updates            | 200         |
|    policy_gradient_loss | -0.00702    |
|    std                  | 0.954       |
|    value_loss           | 0.000707    |
-----------------------------------------
------------------------------------------
| rollout/                |              |
|    ep_len_mean          | 390          |
|    ep_rew_mean          | -26.6        |
|    success_rate         | 0            |
| time/                   |              |
|    fps                  | 1657         |
|    iterations           | 22           |
|    time_elapsed         | 163          |
|    total_timesteps      | 270336       |
| train/                  |              |
|    approx_kl            | 0.0068844296 |
|    clip_fraction        | 0.0653       |
|    clip_range           | 0.2          |
|    entropy_loss         | -2.84        |
|    explained_variance   | 0.843        |
|    learning_rate        | 0.0003       |
|    loss                 | 0.0208       |
|    n_updates            | 210          |
|    policy_gradient_loss | -0.00316     |
|    std                  | 1.01         |
|    value_loss           | 0.0365       |
------------------------------------------
------------------------------------------
| rollout/                |              |
|    ep_len_mean          | 400          |
|    ep_rew_mean          | 0.208        |
|    success_rate         | 0            |
| time/                   |              |
|    fps                  | 1636         |
|    iterations           | 22           |
|    time_elapsed         | 165          |
|    total_timesteps      | 270336       |
| train/                  |              |
|    approx_kl            | 0.0075443448 |
|    clip_fraction        | 0.0857       |
|    clip_range           | 0.2          |
|    entropy_loss         | -2.74        |
|    explained_variance   | 0.983        |
|    learning_rate        | 0.0003       |
|    loss                 | -0.0497      |
|    n_updates            | 210          |
|    policy_gradient_loss | -0.00798     |
|    std                  | 0.954        |
|    value_loss           | 0.000462     |
------------------------------------------
------------------------------------------
| rollout/                |              |
|    ep_len_mean          | 392          |
|    ep_rew_mean          | -22.2        |
|    success_rate         | 0            |
| time/                   |              |
|    fps                  | 1656         |
|    iterations           | 23           |
|    time_elapsed         | 170          |
|    total_timesteps      | 282624       |
| train/                  |              |
|    approx_kl            | 0.0070812353 |
|    clip_fraction        | 0.0753       |
|    clip_range           | 0.2          |
|    entropy_loss         | -2.84        |
|    explained_variance   | 0.957        |
|    learning_rate        | 0.0003       |
|    loss                 | -0.0278      |
|    n_updates            | 220          |
|    policy_gradient_loss | -0.00698     |
|    std                  | 1            |
|    value_loss           | 0.00723      |
------------------------------------------
-----------------------------------------
| rollout/                |             |
|    ep_len_mean          | 400         |
|    ep_rew_mean          | 0.223       |
|    success_rate         | 0           |
| time/                   |             |
|    fps                  | 1634        |
|    iterations           | 23          |
|    time_elapsed         | 172         |
|    total_timesteps      | 282624      |
| train/                  |             |
|    approx_kl            | 0.007290268 |
|    clip_fraction        | 0.0721      |
|    clip_range           | 0.2         |
|    entropy_loss         | -2.73       |
|    explained_variance   | 0.985       |
|    learning_rate        | 0.0003      |
|    loss                 | -0.0308     |
|    n_updates            | 220         |
|    policy_gradient_loss | -0.0055     |
|    std                  | 0.945       |
|    value_loss           | 0.000287    |
-----------------------------------------
-----------------------------------------
| rollout/                |             |
|    ep_len_mean          | 396         |
|    ep_rew_mean          | -11.5       |
|    success_rate         | 0           |
| time/                   |             |
|    fps                  | 1654        |
|    iterations           | 24          |
|    time_elapsed         | 178         |
|    total_timesteps      | 294912      |
| train/                  |             |
|    approx_kl            | 0.007107304 |
|    clip_fraction        | 0.0748      |
|    clip_range           | 0.2         |
|    entropy_loss         | -2.85       |
|    explained_variance   | 0.942       |
|    learning_rate        | 0.0003      |
|    loss                 | -0.0331     |
|    n_updates            | 230         |
|    policy_gradient_loss | -0.00736    |
|    std                  | 1.01        |
|    value_loss           | 0.0106      |
-----------------------------------------
-----------------------------------------
| rollout/                |             |
|    ep_len_mean          | 400         |
|    ep_rew_mean          | 0.219       |
|    success_rate         | 0           |
| time/                   |             |
|    fps                  | 1631        |
|    iterations           | 24          |
|    time_elapsed         | 180         |
|    total_timesteps      | 294912      |
| train/                  |             |
|    approx_kl            | 0.008428308 |
|    clip_fraction        | 0.087       |
|    clip_range           | 0.2         |
|    entropy_loss         | -2.72       |
|    explained_variance   | 0.989       |
|    learning_rate        | 0.0003      |
|    loss                 | -0.0165     |
|    n_updates            | 230         |
|    policy_gradient_loss | -0.0059     |
|    std                  | 0.944       |
|    value_loss           | 0.000312    |
-----------------------------------------
------------------------------------------
| rollout/                |              |
|    ep_len_mean          | 398          |
|    ep_rew_mean          | -11.4        |
|    success_rate         | 0            |
| time/                   |              |
|    fps                  | 1654         |
|    iterations           | 25           |
|    time_elapsed         | 185          |
|    total_timesteps      | 307200       |
| train/                  |              |
|    approx_kl            | 0.0083049005 |
|    clip_fraction        | 0.0855       |
|    clip_range           | 0.2          |
|    entropy_loss         | -2.86        |
|    explained_variance   | 0.964        |
|    learning_rate        | 0.0003       |
|    loss                 | -0.0168      |
|    n_updates            | 240          |
|    policy_gradient_loss | -0.00844     |
|    std                  | 1.01         |
|    value_loss           | 0.00547      |
------------------------------------------
-----------------------------------------
| rollout/                |             |
|    ep_len_mean          | 400         |
|    ep_rew_mean          | 0.182       |
|    success_rate         | 0           |
| time/                   |             |
|    fps                  | 1629        |
|    iterations           | 25          |
|    time_elapsed         | 188         |
|    total_timesteps      | 307200      |
| train/                  |             |
|    approx_kl            | 0.007773491 |
|    clip_fraction        | 0.0844      |
|    clip_range           | 0.2         |
|    entropy_loss         | -2.72       |
|    explained_variance   | 0.989       |
|    learning_rate        | 0.0003      |
|    loss                 | -0.0334     |
|    n_updates            | 240         |
|    policy_gradient_loss | -0.00748    |
|    std                  | 0.946       |
|    value_loss           | 0.000219    |
-----------------------------------------
------------------------------------------
| rollout/                |              |
|    ep_len_mean          | 398          |
|    ep_rew_mean          | -11.1        |
|    success_rate         | 0            |
| time/                   |              |
|    fps                  | 1654         |
|    iterations           | 26           |
|    time_elapsed         | 193          |
|    total_timesteps      | 319488       |
| train/                  |              |
|    approx_kl            | 0.0062713413 |
|    clip_fraction        | 0.0663       |
|    clip_range           | 0.2          |
|    entropy_loss         | -2.88        |
|    explained_variance   | 0.861        |
|    learning_rate        | 0.0003       |
|    loss                 | -0.0228      |
|    n_updates            | 250          |
|    policy_gradient_loss | -0.00572     |
|    std                  | 1.02         |
|    value_loss           | 0.0129       |
------------------------------------------
------------------------------------------
| rollout/                |              |
|    ep_len_mean          | 400          |
|    ep_rew_mean          | 0.142        |
|    success_rate         | 0            |
| time/                   |              |
|    fps                  | 1627         |
|    iterations           | 26           |
|    time_elapsed         | 196          |
|    total_timesteps      | 319488       |
| train/                  |              |
|    approx_kl            | 0.0068553663 |
|    clip_fraction        | 0.0761       |
|    clip_range           | 0.2          |
|    entropy_loss         | -2.73        |
|    explained_variance   | 0.979        |
|    learning_rate        | 0.0003       |
|    loss                 | -0.0169      |
|    n_updates            | 250          |
|    policy_gradient_loss | -0.00701     |
|    std                  | 0.947        |
|    value_loss           | 0.000356     |
------------------------------------------
------------------------------------------
| rollout/                |              |
|    ep_len_mean          | 397          |
|    ep_rew_mean          | -22.3        |
|    success_rate         | 0            |
| time/                   |              |
|    fps                  | 1653         |
|    iterations           | 27           |
|    time_elapsed         | 200          |
|    total_timesteps      | 331776       |
| train/                  |              |
|    approx_kl            | 0.0064313724 |
|    clip_fraction        | 0.0587       |
|    clip_range           | 0.2          |
|    entropy_loss         | -2.9         |
|    explained_variance   | 0.819        |
|    learning_rate        | 0.0003       |
|    loss                 | -0.0254      |
|    n_updates            | 260          |
|    policy_gradient_loss | -0.00398     |
|    std                  | 1.04         |
|    value_loss           | 0.0186       |
------------------------------------------
----------------------------------------
| rollout/                |            |
|    ep_len_mean          | 400        |
|    ep_rew_mean          | 0.198      |
|    success_rate         | 0          |
| time/                   |            |
|    fps                  | 1625       |
|    iterations           | 27         |
|    time_elapsed         | 204        |
|    total_timesteps      | 331776     |
| train/                  |            |
|    approx_kl            | 0.00813467 |
|    clip_fraction        | 0.0769     |
|    clip_range           | 0.2        |
|    entropy_loss         | -2.73      |
|    explained_variance   | 0.982      |
|    learning_rate        | 0.0003     |
|    loss                 | -0.0276    |
|    n_updates            | 260        |
|    policy_gradient_loss | -0.00695   |
|    std                  | 0.95       |
|    value_loss           | 0.000515   |
----------------------------------------
-----------------------------------------
| rollout/                |             |
|    ep_len_mean          | 397         |
|    ep_rew_mean          | -15.6       |
|    success_rate         | 0           |
| time/                   |             |
|    fps                  | 1653        |
|    iterations           | 28          |
|    time_elapsed         | 208         |
|    total_timesteps      | 344064      |
| train/                  |             |
|    approx_kl            | 0.007729195 |
|    clip_fraction        | 0.0751      |
|    clip_range           | 0.2         |
|    entropy_loss         | -2.93       |
|    explained_variance   | 0.933       |
|    learning_rate        | 0.0003      |
|    loss                 | -0.026      |
|    n_updates            | 270         |
|    policy_gradient_loss | -0.0079     |
|    std                  | 1.05        |
|    value_loss           | 0.00922     |
-----------------------------------------
-----------------------------------------
| rollout/                |             |
|    ep_len_mean          | 400         |
|    ep_rew_mean          | 0.168       |
|    success_rate         | 0           |
| time/                   |             |
|    fps                  | 1624        |
|    iterations           | 28          |
|    time_elapsed         | 211         |
|    total_timesteps      | 344064      |
| train/                  |             |
|    approx_kl            | 0.008601501 |
|    clip_fraction        | 0.0958      |
|    clip_range           | 0.2         |
|    entropy_loss         | -2.73       |
|    explained_variance   | 0.985       |
|    learning_rate        | 0.0003      |
|    loss                 | -0.027      |
|    n_updates            | 270         |
|    policy_gradient_loss | -0.00815    |
|    std                  | 0.951       |
|    value_loss           | 0.000459    |
-----------------------------------------
------------------------------------------
| rollout/                |              |
|    ep_len_mean          | 397          |
|    ep_rew_mean          | -15          |
|    success_rate         | 0            |
| time/                   |              |
|    fps                  | 1653         |
|    iterations           | 29           |
|    time_elapsed         | 215          |
|    total_timesteps      | 356352       |
| train/                  |              |
|    approx_kl            | 0.0070867282 |
|    clip_fraction        | 0.076        |
|    clip_range           | 0.2          |
|    entropy_loss         | -2.94        |
|    explained_variance   | 0.919        |
|    learning_rate        | 0.0003       |
|    loss                 | -0.0266      |
|    n_updates            | 280          |
|    policy_gradient_loss | -0.00886     |
|    std                  | 1.06         |
|    value_loss           | 0.0079       |
------------------------------------------
-----------------------------------------
| rollout/                |             |
|    ep_len_mean          | 400         |
|    ep_rew_mean          | 0.171       |
|    success_rate         | 0           |
| time/                   |             |
|    fps                  | 1622        |
|    iterations           | 29          |
|    time_elapsed         | 219         |
|    total_timesteps      | 356352      |
| train/                  |             |
|    approx_kl            | 0.008378181 |
|    clip_fraction        | 0.0802      |
|    clip_range           | 0.2         |
|    entropy_loss         | -2.72       |
|    explained_variance   | 0.992       |
|    learning_rate        | 0.0003      |
|    loss                 | -0.0255     |
|    n_updates            | 280         |
|    policy_gradient_loss | -0.00686    |
|    std                  | 0.942       |
|    value_loss           | 0.000218    |
-----------------------------------------
-----------------------------------------
| rollout/                |             |
|    ep_len_mean          | 400         |
|    ep_rew_mean          | -2.89       |
|    success_rate         | 0           |
| time/                   |             |
|    fps                  | 1653        |
|    iterations           | 30          |
|    time_elapsed         | 222         |
|    total_timesteps      | 368640      |
| train/                  |             |
|    approx_kl            | 0.007585689 |
|    clip_fraction        | 0.0792      |
|    clip_range           | 0.2         |
|    entropy_loss         | -2.93       |
|    explained_variance   | 0.926       |
|    learning_rate        | 0.0003      |
|    loss                 | -0.0165     |
|    n_updates            | 290         |
|    policy_gradient_loss | -0.00967    |
|    std                  | 1.05        |
|    value_loss           | 0.00938     |
-----------------------------------------
-----------------------------------------
| rollout/                |             |
|    ep_len_mean          | 400         |
|    ep_rew_mean          | 0.135       |
|    success_rate         | 0           |
| time/                   |             |
|    fps                  | 1621        |
|    iterations           | 30          |
|    time_elapsed         | 227         |
|    total_timesteps      | 368640      |
| train/                  |             |
|    approx_kl            | 0.008591596 |
|    clip_fraction        | 0.0998      |
|    clip_range           | 0.2         |
|    entropy_loss         | -2.7        |
|    explained_variance   | 0.99        |
|    learning_rate        | 0.0003      |
|    loss                 | -0.0135     |
|    n_updates            | 290         |
|    policy_gradient_loss | -0.00807    |
|    std                  | 0.932       |
|    value_loss           | 0.000263    |
-----------------------------------------
------------------------------------------
| rollout/                |              |
|    ep_len_mean          | 400          |
|    ep_rew_mean          | -2.75        |
|    success_rate         | 0            |
| time/                   |              |
|    fps                  | 1653         |
|    iterations           | 31           |
|    time_elapsed         | 230          |
|    total_timesteps      | 380928       |
| train/                  |              |
|    approx_kl            | 0.0077648223 |
|    clip_fraction        | 0.0783       |
|    clip_range           | 0.2          |
|    entropy_loss         | -2.93        |
|    explained_variance   | 0.869        |
|    learning_rate        | 0.0003       |
|    loss                 | -0.0259      |
|    n_updates            | 300          |
|    policy_gradient_loss | -0.00989     |
|    std                  | 1.04         |
|    value_loss           | 0.0114       |
------------------------------------------
-----------------------------------------
| rollout/                |             |
|    ep_len_mean          | 400         |
|    ep_rew_mean          | 0.159       |
|    success_rate         | 0           |
| time/                   |             |
|    fps                  | 1620        |
|    iterations           | 31          |
|    time_elapsed         | 235         |
|    total_timesteps      | 380928      |
| train/                  |             |
|    approx_kl            | 0.008949056 |
|    clip_fraction        | 0.0879      |
|    clip_range           | 0.2         |
|    entropy_loss         | -2.67       |
|    explained_variance   | 0.995       |
|    learning_rate        | 0.0003      |
|    loss                 | -0.0228     |
|    n_updates            | 300         |
|    policy_gradient_loss | -0.00711    |
|    std                  | 0.918       |
|    value_loss           | 0.00019     |
-----------------------------------------
-----------------------------------------
| rollout/                |             |
|    ep_len_mean          | 400         |
|    ep_rew_mean          | -2.33       |
|    success_rate         | 0           |
| time/                   |             |
|    fps                  | 1652        |
|    iterations           | 32          |
|    time_elapsed         | 237         |
|    total_timesteps      | 393216      |
| train/                  |             |
|    approx_kl            | 0.007618803 |
|    clip_fraction        | 0.075       |
|    clip_range           | 0.2         |
|    entropy_loss         | -2.92       |
|    explained_variance   | 0.94        |
|    learning_rate        | 0.0003      |
|    loss                 | -0.0367     |
|    n_updates            | 310         |
|    policy_gradient_loss | -0.00953    |
|    std                  | 1.04        |
|    value_loss           | 0.00563     |
-----------------------------------------
-----------------------------------------
| rollout/                |             |
|    ep_len_mean          | 400         |
|    ep_rew_mean          | 0.225       |
|    success_rate         | 0           |
| time/                   |             |
|    fps                  | 1619        |
|    iterations           | 32          |
|    time_elapsed         | 242         |
|    total_timesteps      | 393216      |
| train/                  |             |
|    approx_kl            | 0.009865527 |
|    clip_fraction        | 0.1         |
|    clip_range           | 0.2         |
|    entropy_loss         | -2.65       |
|    explained_variance   | 0.996       |
|    learning_rate        | 0.0003      |
|    loss                 | -0.0136     |
|    n_updates            | 310         |
|    policy_gradient_loss | -0.00928    |
|    std                  | 0.91        |
|    value_loss           | 0.000121    |
-----------------------------------------
----------------------------------------
| rollout/                |            |
|    ep_len_mean          | 400        |
|    ep_rew_mean          | -0.186     |
|    success_rate         | 0          |
| time/                   |            |
|    fps                  | 1652       |
|    iterations           | 33         |
|    time_elapsed         | 245        |
|    total_timesteps      | 405504     |
| train/                  |            |
|    approx_kl            | 0.00929762 |
|    clip_fraction        | 0.103      |
|    clip_range           | 0.2        |
|    entropy_loss         | -2.91      |
|    explained_variance   | 0.906      |
|    learning_rate        | 0.0003     |
|    loss                 | -0.0364    |
|    n_updates            | 320        |
|    policy_gradient_loss | -0.0122    |
|    std                  | 1.04       |
|    value_loss           | 0.00662    |
----------------------------------------
-----------------------------------------
| rollout/                |             |
|    ep_len_mean          | 400         |
|    ep_rew_mean          | 0.189       |
|    success_rate         | 0           |
| time/                   |             |
|    fps                  | 1618        |
|    iterations           | 33          |
|    time_elapsed         | 250         |
|    total_timesteps      | 405504      |
| train/                  |             |
|    approx_kl            | 0.008759712 |
|    clip_fraction        | 0.0898      |
|    clip_range           | 0.2         |
|    entropy_loss         | -2.64       |
|    explained_variance   | 0.991       |
|    learning_rate        | 0.0003      |
|    loss                 | -0.0351     |
|    n_updates            | 320         |
|    policy_gradient_loss | -0.00774    |
|    std                  | 0.902       |
|    value_loss           | 0.000226    |
-----------------------------------------
----------------------------------------
| rollout/                |            |
|    ep_len_mean          | 400        |
|    ep_rew_mean          | -0.221     |
|    success_rate         | 0          |
| time/                   |            |
|    fps                  | 1652       |
|    iterations           | 34         |
|    time_elapsed         | 252        |
|    total_timesteps      | 417792     |
| train/                  |            |
|    approx_kl            | 0.00695385 |
|    clip_fraction        | 0.0694     |
|    clip_range           | 0.2        |
|    entropy_loss         | -2.9       |
|    explained_variance   | 0.833      |
|    learning_rate        | 0.0003     |
|    loss                 | -0.0249    |
|    n_updates            | 330        |
|    policy_gradient_loss | -0.00882   |
|    std                  | 1.02       |
|    value_loss           | 0.0108     |
----------------------------------------
-----------------------------------------
| rollout/                |             |
|    ep_len_mean          | 400         |
|    ep_rew_mean          | 0.166       |
|    success_rate         | 0           |
| time/                   |             |
|    fps                  | 1616        |
|    iterations           | 34          |
|    time_elapsed         | 258         |
|    total_timesteps      | 417792      |
| train/                  |             |
|    approx_kl            | 0.008907256 |
|    clip_fraction        | 0.0883      |
|    clip_range           | 0.2         |
|    entropy_loss         | -2.63       |
|    explained_variance   | 0.978       |
|    learning_rate        | 0.0003      |
|    loss                 | -0.0297     |
|    n_updates            | 330         |
|    policy_gradient_loss | -0.00706    |
|    std                  | 0.897       |
|    value_loss           | 0.00047     |
-----------------------------------------
-----------------------------------------
| rollout/                |             |
|    ep_len_mean          | 400         |
|    ep_rew_mean          | -0.192      |
|    success_rate         | 0           |
| time/                   |             |
|    fps                  | 1651        |
|    iterations           | 35          |
|    time_elapsed         | 260         |
|    total_timesteps      | 430080      |
| train/                  |             |
|    approx_kl            | 0.009186068 |
|    clip_fraction        | 0.0927      |
|    clip_range           | 0.2         |
|    entropy_loss         | -2.88       |
|    explained_variance   | 0.87        |
|    learning_rate        | 0.0003      |
|    loss                 | -0.0156     |
|    n_updates            | 340         |
|    policy_gradient_loss | -0.011      |
|    std                  | 1.02        |
|    value_loss           | 0.00755     |
-----------------------------------------
-----------------------------------------
| rollout/                |             |
|    ep_len_mean          | 400         |
|    ep_rew_mean          | 0.14        |
|    success_rate         | 0           |
| time/                   |             |
|    fps                  | 1615        |
|    iterations           | 35          |
|    time_elapsed         | 266         |
|    total_timesteps      | 430080      |
| train/                  |             |
|    approx_kl            | 0.008858923 |
|    clip_fraction        | 0.0972      |
|    clip_range           | 0.2         |
|    entropy_loss         | -2.62       |
|    explained_variance   | 0.989       |
|    learning_rate        | 0.0003      |
|    loss                 | -0.029      |
|    n_updates            | 340         |
|    policy_gradient_loss | -0.00658    |
|    std                  | 0.899       |
|    value_loss           | 0.000215    |
-----------------------------------------
------------------------------------------
| rollout/                |              |
|    ep_len_mean          | 400          |
|    ep_rew_mean          | -0.224       |
|    success_rate         | 0            |
| time/                   |              |
|    fps                  | 1650         |
|    iterations           | 36           |
|    time_elapsed         | 268          |
|    total_timesteps      | 442368       |
| train/                  |              |
|    approx_kl            | 0.0092951935 |
|    clip_fraction        | 0.0854       |
|    clip_range           | 0.2          |
|    entropy_loss         | -2.87        |
|    explained_variance   | 0.881        |
|    learning_rate        | 0.0003       |
|    loss                 | -0.0393      |
|    n_updates            | 350          |
|    policy_gradient_loss | -0.0118      |
|    std                  | 1.02         |
|    value_loss           | 0.00756      |
------------------------------------------
----------------------------------------
| rollout/                |            |
|    ep_len_mean          | 400        |
|    ep_rew_mean          | 0.146      |
|    success_rate         | 0          |
| time/                   |            |
|    fps                  | 1614       |
|    iterations           | 36         |
|    time_elapsed         | 273        |
|    total_timesteps      | 442368     |
| train/                  |            |
|    approx_kl            | 0.01051375 |
|    clip_fraction        | 0.11       |
|    clip_range           | 0.2        |
|    entropy_loss         | -2.61      |
|    explained_variance   | 0.985      |
|    learning_rate        | 0.0003     |
|    loss                 | -0.0298    |
|    n_updates            | 350        |
|    policy_gradient_loss | -0.0102    |
|    std                  | 0.888      |
|    value_loss           | 0.000298   |
----------------------------------------
------------------------------------------
| rollout/                |              |
|    ep_len_mean          | 399          |
|    ep_rew_mean          | 0.369        |
|    success_rate         | 0.01         |
| time/                   |              |
|    fps                  | 1649         |
|    iterations           | 37           |
|    time_elapsed         | 275          |
|    total_timesteps      | 454656       |
| train/                  |              |
|    approx_kl            | 0.0091761695 |
|    clip_fraction        | 0.0891       |
|    clip_range           | 0.2          |
|    entropy_loss         | -2.86        |
|    explained_variance   | 0.887        |
|    learning_rate        | 0.0003       |
|    loss                 | -0.0218      |
|    n_updates            | 360          |
|    policy_gradient_loss | -0.0106      |
|    std                  | 1.01         |
|    value_loss           | 0.00594      |
------------------------------------------
-----------------------------------------
| rollout/                |             |
|    ep_len_mean          | 400         |
|    ep_rew_mean          | 0.131       |
|    success_rate         | 0           |
| time/                   |             |
|    fps                  | 1613        |
|    iterations           | 37          |
|    time_elapsed         | 281         |
|    total_timesteps      | 454656      |
| train/                  |             |
|    approx_kl            | 0.009387463 |
|    clip_fraction        | 0.091       |
|    clip_range           | 0.2         |
|    entropy_loss         | -2.6        |
|    explained_variance   | 0.935       |
|    learning_rate        | 0.0003      |
|    loss                 | -0.0311     |
|    n_updates            | 360         |
|    policy_gradient_loss | -0.00834    |
|    std                  | 0.888       |
|    value_loss           | 0.00133     |
-----------------------------------------
----------------------------------------
| rollout/                |            |
|    ep_len_mean          | 399        |
|    ep_rew_mean          | 0.383      |
|    success_rate         | 0.01       |
| time/                   |            |
|    fps                  | 1647       |
|    iterations           | 38         |
|    time_elapsed         | 283        |
|    total_timesteps      | 466944     |
| train/                  |            |
|    approx_kl            | 0.00792238 |
|    clip_fraction        | 0.085      |
|    clip_range           | 0.2        |
|    entropy_loss         | -2.85      |
|    explained_variance   | 0.899      |
|    learning_rate        | 0.0003     |
|    loss                 | -0.0332    |
|    n_updates            | 370        |
|    policy_gradient_loss | -0.0112    |
|    std                  | 1          |
|    value_loss           | 0.00385    |
----------------------------------------
-----------------------------------------
| rollout/                |             |
|    ep_len_mean          | 400         |
|    ep_rew_mean          | 0.152       |
|    success_rate         | 0           |
| time/                   |             |
|    fps                  | 1612        |
|    iterations           | 38          |
|    time_elapsed         | 289         |
|    total_timesteps      | 466944      |
| train/                  |             |
|    approx_kl            | 0.009545531 |
|    clip_fraction        | 0.0957      |
|    clip_range           | 0.2         |
|    entropy_loss         | -2.59       |
|    explained_variance   | 0.971       |
|    learning_rate        | 0.0003      |
|    loss                 | -0.0215     |
|    n_updates            | 370         |
|    policy_gradient_loss | -0.0102     |
|    std                  | 0.881       |
|    value_loss           | 0.000601    |
-----------------------------------------
----------------------------------------
| rollout/                |            |
|    ep_len_mean          | 399        |
|    ep_rew_mean          | 0.238      |
|    success_rate         | 0.01       |
| time/                   |            |
|    fps                  | 1646       |
|    iterations           | 39         |
|    time_elapsed         | 290        |
|    total_timesteps      | 479232     |
| train/                  |            |
|    approx_kl            | 0.00881864 |
|    clip_fraction        | 0.0928     |
|    clip_range           | 0.2        |
|    entropy_loss         | -2.84      |
|    explained_variance   | 0.878      |
|    learning_rate        | 0.0003     |
|    loss                 | -0.0505    |
|    n_updates            | 380        |
|    policy_gradient_loss | -0.0105    |
|    std                  | 0.999      |
|    value_loss           | 0.00386    |
----------------------------------------
-----------------------------------------
| rollout/                |             |
|    ep_len_mean          | 400         |
|    ep_rew_mean          | 0.205       |
|    success_rate         | 0           |
| time/                   |             |
|    fps                  | 1611        |
|    iterations           | 39          |
|    time_elapsed         | 297         |
|    total_timesteps      | 479232      |
| train/                  |             |
|    approx_kl            | 0.010240276 |
|    clip_fraction        | 0.101       |
|    clip_range           | 0.2         |
|    entropy_loss         | -2.56       |
|    explained_variance   | 0.974       |
|    learning_rate        | 0.0003      |
|    loss                 | -0.00264    |
|    n_updates            | 380         |
|    policy_gradient_loss | -0.00751    |
|    std                  | 0.859       |
|    value_loss           | 0.000505    |
-----------------------------------------
-----------------------------------------
| rollout/                |             |
|    ep_len_mean          | 399         |
|    ep_rew_mean          | 0.111       |
|    success_rate         | 0.01        |
| time/                   |             |
|    fps                  | 1646        |
|    iterations           | 40          |
|    time_elapsed         | 298         |
|    total_timesteps      | 491520      |
| train/                  |             |
|    approx_kl            | 0.009458545 |
|    clip_fraction        | 0.0936      |
|    clip_range           | 0.2         |
|    entropy_loss         | -2.83       |
|    explained_variance   | 0.869       |
|    learning_rate        | 0.0003      |
|    loss                 | -0.024      |
|    n_updates            | 390         |
|    policy_gradient_loss | -0.0126     |
|    std                  | 0.993       |
|    value_loss           | 0.00448     |
-----------------------------------------
-----------------------------------------
| rollout/                |             |
|    ep_len_mean          | 400         |
|    ep_rew_mean          | 0.221       |
|    success_rate         | 0           |
| time/                   |             |
|    fps                  | 1610        |
|    iterations           | 40          |
|    time_elapsed         | 305         |
|    total_timesteps      | 491520      |
| train/                  |             |
|    approx_kl            | 0.010086462 |
|    clip_fraction        | 0.099       |
|    clip_range           | 0.2         |
|    entropy_loss         | -2.55       |
|    explained_variance   | 0.977       |
|    learning_rate        | 0.0003      |
|    loss                 | -0.0245     |
|    n_updates            | 390         |
|    policy_gradient_loss | -0.00956    |
|    std                  | 0.865       |
|    value_loss           | 0.00045     |
-----------------------------------------
-----------------------------------------
| rollout/                |             |
|    ep_len_mean          | 400         |
|    ep_rew_mean          | -2.18       |
|    success_rate         | 0           |
| time/                   |             |
|    fps                  | 1644        |
|    iterations           | 41          |
|    time_elapsed         | 306         |
|    total_timesteps      | 503808      |
| train/                  |             |
|    approx_kl            | 0.009037897 |
|    clip_fraction        | 0.0978      |
|    clip_range           | 0.2         |
|    entropy_loss         | -2.82       |
|    explained_variance   | 0.79        |
|    learning_rate        | 0.0003      |
|    loss                 | -0.0435     |
|    n_updates            | 400         |
|    policy_gradient_loss | -0.0128     |
|    std                  | 0.989       |
|    value_loss           | 0.00524     |
-----------------------------------------
-----------------------------------------
| rollout/                |             |
|    ep_len_mean          | 400         |
|    ep_rew_mean          | 0.265       |
|    success_rate         | 0           |
| time/                   |             |
|    fps                  | 1609        |
|    iterations           | 41          |
|    time_elapsed         | 312         |
|    total_timesteps      | 503808      |
| train/                  |             |
|    approx_kl            | 0.010457938 |
|    clip_fraction        | 0.106       |
|    clip_range           | 0.2         |
|    entropy_loss         | -2.53       |
|    explained_variance   | 0.988       |
|    learning_rate        | 0.0003      |
|    loss                 | -0.0201     |
|    n_updates            | 400         |
|    policy_gradient_loss | -0.00982    |
|    std                  | 0.853       |
|    value_loss           | 0.000252    |
-----------------------------------------
-----------------------------------------
| rollout/                |             |
|    ep_len_mean          | 400         |
|    ep_rew_mean          | -2.06       |
|    success_rate         | 0           |
| time/                   |             |
|    fps                  | 1644        |
|    iterations           | 42          |
|    time_elapsed         | 313         |
|    total_timesteps      | 516096      |
| train/                  |             |
|    approx_kl            | 0.008438411 |
|    clip_fraction        | 0.0962      |
|    clip_range           | 0.2         |
|    entropy_loss         | -2.82       |
|    explained_variance   | 0.821       |
|    learning_rate        | 0.0003      |
|    loss                 | -0.0303     |
|    n_updates            | 410         |
|    policy_gradient_loss | -0.00956    |
|    std                  | 0.993       |
|    value_loss           | 0.00684     |
-----------------------------------------
-----------------------------------------
| rollout/                |             |
|    ep_len_mean          | 400         |
|    ep_rew_mean          | 0.302       |
|    success_rate         | 0           |
| time/                   |             |
|    fps                  | 1609        |
|    iterations           | 42          |
|    time_elapsed         | 320         |
|    total_timesteps      | 516096      |
| train/                  |             |
|    approx_kl            | 0.010018021 |
|    clip_fraction        | 0.11        |
|    clip_range           | 0.2         |
|    entropy_loss         | -2.51       |
|    explained_variance   | 0.989       |
|    learning_rate        | 0.0003      |
|    loss                 | -0.00442    |
|    n_updates            | 410         |
|    policy_gradient_loss | -0.00885    |
|    std                  | 0.845       |
|    value_loss           | 0.000217    |
-----------------------------------------
----------------------------------------
| rollout/                |            |
|    ep_len_mean          | 400        |
|    ep_rew_mean          | -5.39      |
|    success_rate         | 0          |
| time/                   |            |
|    fps                  | 1643       |
|    iterations           | 43         |
|    time_elapsed         | 321        |
|    total_timesteps      | 528384     |
| train/                  |            |
|    approx_kl            | 0.00803288 |
|    clip_fraction        | 0.0869     |
|    clip_range           | 0.2        |
|    entropy_loss         | -2.82      |
|    explained_variance   | 0.861      |
|    learning_rate        | 0.0003     |
|    loss                 | -0.0236    |
|    n_updates            | 420        |
|    policy_gradient_loss | -0.0104    |
|    std                  | 0.991      |
|    value_loss           | 0.00355    |
----------------------------------------
----------------------------------------
| rollout/                |            |
|    ep_len_mean          | 400        |
|    ep_rew_mean          | 0.288      |
|    success_rate         | 0          |
| time/                   |            |
|    fps                  | 1608       |
|    iterations           | 43         |
|    time_elapsed         | 328        |
|    total_timesteps      | 528384     |
| train/                  |            |
|    approx_kl            | 0.01074247 |
|    clip_fraction        | 0.113      |
|    clip_range           | 0.2        |
|    entropy_loss         | -2.5       |
|    explained_variance   | 0.979      |
|    learning_rate        | 0.0003     |
|    loss                 | -0.0242    |
|    n_updates            | 420        |
|    policy_gradient_loss | -0.00642   |
|    std                  | 0.846      |
|    value_loss           | 0.000303   |
----------------------------------------
------------------------------------------
| rollout/                |              |
|    ep_len_mean          | 400          |
|    ep_rew_mean          | -3.67        |
|    success_rate         | 0            |
| time/                   |              |
|    fps                  | 1641         |
|    iterations           | 44           |
|    time_elapsed         | 329          |
|    total_timesteps      | 540672       |
| train/                  |              |
|    approx_kl            | 0.0076885126 |
|    clip_fraction        | 0.0898       |
|    clip_range           | 0.2          |
|    entropy_loss         | -2.83        |
|    explained_variance   | 0.727        |
|    learning_rate        | 0.0003       |
|    loss                 | -0.016       |
|    n_updates            | 430          |
|    policy_gradient_loss | -0.00779     |
|    std                  | 0.998        |
|    value_loss           | 0.014        |
------------------------------------------
-----------------------------------------
| rollout/                |             |
|    ep_len_mean          | 400         |
|    ep_rew_mean          | 0.285       |
|    success_rate         | 0           |
| time/                   |             |
|    fps                  | 1607        |
|    iterations           | 44          |
|    time_elapsed         | 336         |
|    total_timesteps      | 540672      |
| train/                  |             |
|    approx_kl            | 0.011337481 |
|    clip_fraction        | 0.105       |
|    clip_range           | 0.2         |
|    entropy_loss         | -2.51       |
|    explained_variance   | 0.969       |
|    learning_rate        | 0.0003      |
|    loss                 | -0.0251     |
|    n_updates            | 430         |
|    policy_gradient_loss | -0.00833    |
|    std                  | 0.85        |
|    value_loss           | 0.000803    |
-----------------------------------------
-----------------------------------------
| rollout/                |             |
|    ep_len_mean          | 400         |
|    ep_rew_mean          | -3.54       |
|    success_rate         | 0           |
| time/                   |             |
|    fps                  | 1640        |
|    iterations           | 45          |
|    time_elapsed         | 337         |
|    total_timesteps      | 552960      |
| train/                  |             |
|    approx_kl            | 0.009613411 |
|    clip_fraction        | 0.0896      |
|    clip_range           | 0.2         |
|    entropy_loss         | -2.81       |
|    explained_variance   | 0.866       |
|    learning_rate        | 0.0003      |
|    loss                 | -0.0257     |
|    n_updates            | 440         |
|    policy_gradient_loss | -0.0109     |
|    std                  | 0.979       |
|    value_loss           | 0.00295     |
-----------------------------------------
-----------------------------------------
| rollout/                |             |
|    ep_len_mean          | 400         |
|    ep_rew_mean          | 0.221       |
|    success_rate         | 0           |
| time/                   |             |
|    fps                  | 1606        |
|    iterations           | 45          |
|    time_elapsed         | 344         |
|    total_timesteps      | 552960      |
| train/                  |             |
|    approx_kl            | 0.010603041 |
|    clip_fraction        | 0.104       |
|    clip_range           | 0.2         |
|    entropy_loss         | -2.49       |
|    explained_variance   | 0.985       |
|    learning_rate        | 0.0003      |
|    loss                 | -0.0466     |
|    n_updates            | 440         |
|    policy_gradient_loss | -0.0109     |
|    std                  | 0.835       |
|    value_loss           | 0.000421    |
-----------------------------------------
-----------------------------------------
| rollout/                |             |
|    ep_len_mean          | 400         |
|    ep_rew_mean          | -3.57       |
|    success_rate         | 0           |
| time/                   |             |
|    fps                  | 1639        |
|    iterations           | 46          |
|    time_elapsed         | 344         |
|    total_timesteps      | 565248      |
| train/                  |             |
|    approx_kl            | 0.009781512 |
|    clip_fraction        | 0.095       |
|    clip_range           | 0.2         |
|    entropy_loss         | -2.79       |
|    explained_variance   | 0.87        |
|    learning_rate        | 0.0003      |
|    loss                 | -0.0355     |
|    n_updates            | 450         |
|    policy_gradient_loss | -0.0114     |
|    std                  | 0.977       |
|    value_loss           | 0.00274     |
-----------------------------------------
-----------------------------------------
| rollout/                |             |
|    ep_len_mean          | 400         |
|    ep_rew_mean          | 0.295       |
|    success_rate         | 0           |
| time/                   |             |
|    fps                  | 1605        |
|    iterations           | 46          |
|    time_elapsed         | 352         |
|    total_timesteps      | 565248      |
| train/                  |             |
|    approx_kl            | 0.011706021 |
|    clip_fraction        | 0.118       |
|    clip_range           | 0.2         |
|    entropy_loss         | -2.48       |
|    explained_variance   | 0.984       |
|    learning_rate        | 0.0003      |
|    loss                 | -0.00391    |
|    n_updates            | 450         |
|    policy_gradient_loss | -0.00997    |
|    std                  | 0.837       |
|    value_loss           | 0.000296    |
-----------------------------------------
-----------------------------------------
| rollout/                |             |
|    ep_len_mean          | 398         |
|    ep_rew_mean          | -2.32       |
|    success_rate         | 0           |
| time/                   |             |
|    fps                  | 1638        |
|    iterations           | 47          |
|    time_elapsed         | 352         |
|    total_timesteps      | 577536      |
| train/                  |             |
|    approx_kl            | 0.008808105 |
|    clip_fraction        | 0.0955      |
|    clip_range           | 0.2         |
|    entropy_loss         | -2.78       |
|    explained_variance   | 0.867       |
|    learning_rate        | 0.0003      |
|    loss                 | -0.0369     |
|    n_updates            | 460         |
|    policy_gradient_loss | -0.0117     |
|    std                  | 0.969       |
|    value_loss           | 0.00267     |
-----------------------------------------
-----------------------------------------
| rollout/                |             |
|    ep_len_mean          | 400         |
|    ep_rew_mean          | 0.311       |
|    success_rate         | 0           |
| time/                   |             |
|    fps                  | 1604        |
|    iterations           | 47          |
|    time_elapsed         | 359         |
|    total_timesteps      | 577536      |
| train/                  |             |
|    approx_kl            | 0.010331445 |
|    clip_fraction        | 0.103       |
|    clip_range           | 0.2         |
|    entropy_loss         | -2.47       |
|    explained_variance   | 0.983       |
|    learning_rate        | 0.0003      |
|    loss                 | -0.0185     |
|    n_updates            | 460         |
|    policy_gradient_loss | -0.0108     |
|    std                  | 0.825       |
|    value_loss           | 0.000343    |
-----------------------------------------
-----------------------------------------
| rollout/                |             |
|    ep_len_mean          | 398         |
|    ep_rew_mean          | -4.91       |
|    success_rate         | 0           |
| time/                   |             |
|    fps                  | 1636        |
|    iterations           | 48          |
|    time_elapsed         | 360         |
|    total_timesteps      | 589824      |
| train/                  |             |
|    approx_kl            | 0.008256053 |
|    clip_fraction        | 0.0866      |
|    clip_range           | 0.2         |
|    entropy_loss         | -2.78       |
|    explained_variance   | 0.672       |
|    learning_rate        | 0.0003      |
|    loss                 | -0.0458     |
|    n_updates            | 470         |
|    policy_gradient_loss | -0.00904    |
|    std                  | 0.972       |
|    value_loss           | 0.00551     |
-----------------------------------------
-----------------------------------------
| rollout/                |             |
|    ep_len_mean          | 400         |
|    ep_rew_mean          | 0.353       |
|    success_rate         | 0           |
| time/                   |             |
|    fps                  | 1603        |
|    iterations           | 48          |
|    time_elapsed         | 367         |
|    total_timesteps      | 589824      |
| train/                  |             |
|    approx_kl            | 0.014125428 |
|    clip_fraction        | 0.123       |
|    clip_range           | 0.2         |
|    entropy_loss         | -2.44       |
|    explained_variance   | 0.982       |
|    learning_rate        | 0.0003      |
|    loss                 | -0.0301     |
|    n_updates            | 470         |
|    policy_gradient_loss | -0.0111     |
|    std                  | 0.813       |
|    value_loss           | 0.000468    |
-----------------------------------------
-----------------------------------------
| rollout/                |             |
|    ep_len_mean          | 398         |
|    ep_rew_mean          | -5.11       |
|    success_rate         | 0           |
| time/                   |             |
|    fps                  | 1635        |
|    iterations           | 49          |
|    time_elapsed         | 368         |
|    total_timesteps      | 602112      |
| train/                  |             |
|    approx_kl            | 0.009242657 |
|    clip_fraction        | 0.0856      |
|    clip_range           | 0.2         |
|    entropy_loss         | -2.8        |
|    explained_variance   | 0.86        |
|    learning_rate        | 0.0003      |
|    loss                 | 0.0882      |
|    n_updates            | 480         |
|    policy_gradient_loss | -0.00765    |
|    std                  | 0.985       |
|    value_loss           | 0.0125      |
-----------------------------------------
-----------------------------------------
| rollout/                |             |
|    ep_len_mean          | 400         |
|    ep_rew_mean          | 0.423       |
|    success_rate         | 0           |
| time/                   |             |
|    fps                  | 1601        |
|    iterations           | 49          |
|    time_elapsed         | 375         |
|    total_timesteps      | 602112      |
| train/                  |             |
|    approx_kl            | 0.009673742 |
|    clip_fraction        | 0.104       |
|    clip_range           | 0.2         |
|    entropy_loss         | -2.42       |
|    explained_variance   | 0.979       |
|    learning_rate        | 0.0003      |
|    loss                 | -0.0319     |
|    n_updates            | 480         |
|    policy_gradient_loss | -0.00879    |
|    std                  | 0.81        |
|    value_loss           | 0.000698    |
-----------------------------------------
-----------------------------------------
| rollout/                |             |
|    ep_len_mean          | 399         |
|    ep_rew_mean          | -5.06       |
|    success_rate         | 0           |
| time/                   |             |
|    fps                  | 1633        |
|    iterations           | 50          |
|    time_elapsed         | 376         |
|    total_timesteps      | 614400      |
| train/                  |             |
|    approx_kl            | 0.009504654 |
|    clip_fraction        | 0.0914      |
|    clip_range           | 0.2         |
|    entropy_loss         | -2.81       |
|    explained_variance   | 0.77        |
|    learning_rate        | 0.0003      |
|    loss                 | -0.0425     |
|    n_updates            | 490         |
|    policy_gradient_loss | -0.0117     |
|    std                  | 0.986       |
|    value_loss           | 0.00283     |
-----------------------------------------
-----------------------------------------
| rollout/                |             |
|    ep_len_mean          | 400         |
|    ep_rew_mean          | 0.408       |
|    success_rate         | 0           |
| time/                   |             |
|    fps                  | 1600        |
|    iterations           | 50          |
|    time_elapsed         | 383         |
|    total_timesteps      | 614400      |
| train/                  |             |
|    approx_kl            | 0.011700765 |
|    clip_fraction        | 0.111       |
|    clip_range           | 0.2         |
|    entropy_loss         | -2.42       |
|    explained_variance   | 0.972       |
|    learning_rate        | 0.0003      |
|    loss                 | -0.0183     |
|    n_updates            | 490         |
|    policy_gradient_loss | -0.0074     |
|    std                  | 0.807       |
|    value_loss           | 0.000765    |
-----------------------------------------
----------------------------------------
| rollout/                |            |
|    ep_len_mean          | 400        |
|    ep_rew_mean          | -2.56      |
|    success_rate         | 0          |
| time/                   |            |
|    fps                  | 1631       |
|    iterations           | 51         |
|    time_elapsed         | 384        |
|    total_timesteps      | 626688     |
| train/                  |            |
|    approx_kl            | 0.00922528 |
|    clip_fraction        | 0.0876     |
|    clip_range           | 0.2        |
|    entropy_loss         | -2.81      |
|    explained_variance   | 0.597      |
|    learning_rate        | 0.0003     |
|    loss                 | -0.0279    |
|    n_updates            | 500        |
|    policy_gradient_loss | -0.00769   |
|    std                  | 0.986      |
|    value_loss           | 0.00463    |
----------------------------------------
-----------------------------------------
| rollout/                |             |
|    ep_len_mean          | 400         |
|    ep_rew_mean          | 0.369       |
|    success_rate         | 0           |
| time/                   |             |
|    fps                  | 1599        |
|    iterations           | 51          |
|    time_elapsed         | 391         |
|    total_timesteps      | 626688      |
| train/                  |             |
|    approx_kl            | 0.012637958 |
|    clip_fraction        | 0.112       |
|    clip_range           | 0.2         |
|    entropy_loss         | -2.43       |
|    explained_variance   | 0.961       |
|    learning_rate        | 0.0003      |
|    loss                 | -0.0356     |
|    n_updates            | 500         |
|    policy_gradient_loss | -0.0104     |
|    std                  | 0.815       |
|    value_loss           | 0.000779    |
-----------------------------------------
-----------------------------------------
| rollout/                |             |
|    ep_len_mean          | 400         |
|    ep_rew_mean          | -2.36       |
|    success_rate         | 0           |
| time/                   |             |
|    fps                  | 1630        |
|    iterations           | 52          |
|    time_elapsed         | 391         |
|    total_timesteps      | 638976      |
| train/                  |             |
|    approx_kl            | 0.010456256 |
|    clip_fraction        | 0.105       |
|    clip_range           | 0.2         |
|    entropy_loss         | -2.8        |
|    explained_variance   | 0.917       |
|    learning_rate        | 0.0003      |
|    loss                 | -0.0327     |
|    n_updates            | 510         |
|    policy_gradient_loss | -0.0108     |
|    std                  | 0.977       |
|    value_loss           | 0.00175     |
-----------------------------------------
-----------------------------------------
| rollout/                |             |
|    ep_len_mean          | 400         |
|    ep_rew_mean          | -2.42       |
|    success_rate         | 0           |
| time/                   |             |
|    fps                  | 1629        |
|    iterations           | 53          |
|    time_elapsed         | 399         |
|    total_timesteps      | 651264      |
| train/                  |             |
|    approx_kl            | 0.010016309 |
|    clip_fraction        | 0.0962      |
|    clip_range           | 0.2         |
|    entropy_loss         | -2.79       |
|    explained_variance   | 0.873       |
|    learning_rate        | 0.0003      |
|    loss                 | -0.023      |
|    n_updates            | 520         |
|    policy_gradient_loss | -0.0126     |
|    std                  | 0.977       |
|    value_loss           | 0.00126     |
-----------------------------------------
-----------------------------------------
| rollout/                |             |
|    ep_len_mean          | 400         |
|    ep_rew_mean          | 0.386       |
|    success_rate         | 0           |
| time/                   |             |
|    fps                  | 1598        |
|    iterations           | 52          |
|    time_elapsed         | 399         |
|    total_timesteps      | 638976      |
| train/                  |             |
|    approx_kl            | 0.012613662 |
|    clip_fraction        | 0.124       |
|    clip_range           | 0.2         |
|    entropy_loss         | -2.41       |
|    explained_variance   | 0.987       |
|    learning_rate        | 0.0003      |
|    loss                 | -0.00623    |
|    n_updates            | 510         |
|    policy_gradient_loss | -0.0121     |
|    std                  | 0.805       |
|    value_loss           | 0.000786    |
-----------------------------------------
-----------------------------------------
| rollout/                |             |
|    ep_len_mean          | 400         |
|    ep_rew_mean          | -0.15       |
|    success_rate         | 0           |
| time/                   |             |
|    fps                  | 1628        |
|    iterations           | 54          |
|    time_elapsed         | 407         |
|    total_timesteps      | 663552      |
| train/                  |             |
|    approx_kl            | 0.009361461 |
|    clip_fraction        | 0.0952      |
|    clip_range           | 0.2         |
|    entropy_loss         | -2.78       |
|    explained_variance   | 0.918       |
|    learning_rate        | 0.0003      |
|    loss                 | -0.0414     |
|    n_updates            | 530         |
|    policy_gradient_loss | -0.0112     |
|    std                  | 0.973       |
|    value_loss           | 0.00147     |
-----------------------------------------
-----------------------------------------
| rollout/                |             |
|    ep_len_mean          | 400         |
|    ep_rew_mean          | 0.481       |
|    success_rate         | 0           |
| time/                   |             |
|    fps                  | 1597        |
|    iterations           | 53          |
|    time_elapsed         | 407         |
|    total_timesteps      | 651264      |
| train/                  |             |
|    approx_kl            | 0.012380783 |
|    clip_fraction        | 0.111       |
|    clip_range           | 0.2         |
|    entropy_loss         | -2.39       |
|    explained_variance   | 0.968       |
|    learning_rate        | 0.0003      |
|    loss                 | -0.0375     |
|    n_updates            | 520         |
|    policy_gradient_loss | -0.0101     |
|    std                  | 0.796       |
|    value_loss           | 0.00114     |
-----------------------------------------
-----------------------------------------
| rollout/                |             |
|    ep_len_mean          | 400         |
|    ep_rew_mean          | -0.16       |
|    success_rate         | 0           |
| time/                   |             |
|    fps                  | 1627        |
|    iterations           | 55          |
|    time_elapsed         | 415         |
|    total_timesteps      | 675840      |
| train/                  |             |
|    approx_kl            | 0.009338465 |
|    clip_fraction        | 0.0894      |
|    clip_range           | 0.2         |
|    entropy_loss         | -2.78       |
|    explained_variance   | 0.91        |
|    learning_rate        | 0.0003      |
|    loss                 | -0.0289     |
|    n_updates            | 540         |
|    policy_gradient_loss | -0.0118     |
|    std                  | 0.968       |
|    value_loss           | 0.00112     |
-----------------------------------------
-----------------------------------------
| rollout/                |             |
|    ep_len_mean          | 400         |
|    ep_rew_mean          | 0.58        |
|    success_rate         | 0           |
| time/                   |             |
|    fps                  | 1596        |
|    iterations           | 54          |
|    time_elapsed         | 415         |
|    total_timesteps      | 663552      |
| train/                  |             |
|    approx_kl            | 0.011131805 |
|    clip_fraction        | 0.123       |
|    clip_range           | 0.2         |
|    entropy_loss         | -2.37       |
|    explained_variance   | 0.973       |
|    learning_rate        | 0.0003      |
|    loss                 | -0.0492     |
|    n_updates            | 530         |
|    policy_gradient_loss | -0.0104     |
|    std                  | 0.791       |
|    value_loss           | 0.000759    |
-----------------------------------------
-----------------------------------------
| rollout/                |             |
|    ep_len_mean          | 400         |
|    ep_rew_mean          | -0.139      |
|    success_rate         | 0           |
| time/                   |             |
|    fps                  | 1627        |
|    iterations           | 56          |
|    time_elapsed         | 422         |
|    total_timesteps      | 688128      |
| train/                  |             |
|    approx_kl            | 0.009302585 |
|    clip_fraction        | 0.0939      |
|    clip_range           | 0.2         |
|    entropy_loss         | -2.78       |
|    explained_variance   | 0.945       |
|    learning_rate        | 0.0003      |
|    loss                 | -0.0337     |
|    n_updates            | 550         |
|    policy_gradient_loss | -0.0106     |
|    std                  | 0.973       |
|    value_loss           | 0.000749    |
-----------------------------------------
-----------------------------------------
| rollout/                |             |
|    ep_len_mean          | 400         |
|    ep_rew_mean          | 0.602       |
|    success_rate         | 0           |
| time/                   |             |
|    fps                  | 1596        |
|    iterations           | 55          |
|    time_elapsed         | 423         |
|    total_timesteps      | 675840      |
| train/                  |             |
|    approx_kl            | 0.012485229 |
|    clip_fraction        | 0.123       |
|    clip_range           | 0.2         |
|    entropy_loss         | -2.37       |
|    explained_variance   | 0.965       |
|    learning_rate        | 0.0003      |
|    loss                 | -0.0108     |
|    n_updates            | 540         |
|    policy_gradient_loss | -0.0123     |
|    std                  | 0.788       |
|    value_loss           | 0.00104     |
-----------------------------------------
-----------------------------------------
| rollout/                |             |
|    ep_len_mean          | 400         |
|    ep_rew_mean          | -0.145      |
|    success_rate         | 0           |
| time/                   |             |
|    fps                  | 1625        |
|    iterations           | 57          |
|    time_elapsed         | 430         |
|    total_timesteps      | 700416      |
| train/                  |             |
|    approx_kl            | 0.009262804 |
|    clip_fraction        | 0.09        |
|    clip_range           | 0.2         |
|    entropy_loss         | -2.78       |
|    explained_variance   | 0.914       |
|    learning_rate        | 0.0003      |
|    loss                 | -0.0195     |
|    n_updates            | 560         |
|    policy_gradient_loss | -0.0113     |
|    std                  | 0.972       |
|    value_loss           | 0.000816    |
-----------------------------------------
-----------------------------------------
| rollout/                |             |
|    ep_len_mean          | 400         |
|    ep_rew_mean          | 0.653       |
|    success_rate         | 0           |
| time/                   |             |
|    fps                  | 1595        |
|    iterations           | 56          |
|    time_elapsed         | 431         |
|    total_timesteps      | 688128      |
| train/                  |             |
|    approx_kl            | 0.011885968 |
|    clip_fraction        | 0.121       |
|    clip_range           | 0.2         |
|    entropy_loss         | -2.35       |
|    explained_variance   | 0.971       |
|    learning_rate        | 0.0003      |
|    loss                 | -0.0289     |
|    n_updates            | 550         |
|    policy_gradient_loss | -0.0126     |
|    std                  | 0.781       |
|    value_loss           | 0.00111     |
-----------------------------------------
-----------------------------------------
| rollout/                |             |
|    ep_len_mean          | 400         |
|    ep_rew_mean          | -0.0498     |
|    success_rate         | 0           |
| time/                   |             |
|    fps                  | 1625        |
|    iterations           | 58          |
|    time_elapsed         | 438         |
|    total_timesteps      | 712704      |
| train/                  |             |
|    approx_kl            | 0.009999835 |
|    clip_fraction        | 0.102       |
|    clip_range           | 0.2         |
|    entropy_loss         | -2.77       |
|    explained_variance   | 0.905       |
|    learning_rate        | 0.0003      |
|    loss                 | -0.0438     |
|    n_updates            | 570         |
|    policy_gradient_loss | -0.012      |
|    std                  | 0.966       |
|    value_loss           | 0.000836    |
-----------------------------------------
-----------------------------------------
| rollout/                |             |
|    ep_len_mean          | 400         |
|    ep_rew_mean          | 0.69        |
|    success_rate         | 0           |
| time/                   |             |
|    fps                  | 1594        |
|    iterations           | 57          |
|    time_elapsed         | 439         |
|    total_timesteps      | 700416      |
| train/                  |             |
|    approx_kl            | 0.014083534 |
|    clip_fraction        | 0.143       |
|    clip_range           | 0.2         |
|    entropy_loss         | -2.36       |
|    explained_variance   | 0.966       |
|    learning_rate        | 0.0003      |
|    loss                 | -0.0369     |
|    n_updates            | 560         |
|    policy_gradient_loss | -0.0146     |
|    std                  | 0.79        |
|    value_loss           | 0.00224     |
-----------------------------------------
-----------------------------------------
| rollout/                |             |
|    ep_len_mean          | 400         |
|    ep_rew_mean          | 0.0174      |
|    success_rate         | 0           |
| time/                   |             |
|    fps                  | 1624        |
|    iterations           | 59          |
|    time_elapsed         | 446         |
|    total_timesteps      | 724992      |
| train/                  |             |
|    approx_kl            | 0.009098142 |
|    clip_fraction        | 0.0949      |
|    clip_range           | 0.2         |
|    entropy_loss         | -2.76       |
|    explained_variance   | 0.906       |
|    learning_rate        | 0.0003      |
|    loss                 | -0.0209     |
|    n_updates            | 580         |
|    policy_gradient_loss | -0.0118     |
|    std                  | 0.96        |
|    value_loss           | 0.000798    |
-----------------------------------------
-----------------------------------------
| rollout/                |             |
|    ep_len_mean          | 400         |
|    ep_rew_mean          | 0.779       |
|    success_rate         | 0           |
| time/                   |             |
|    fps                  | 1593        |
|    iterations           | 58          |
|    time_elapsed         | 447         |
|    total_timesteps      | 712704      |
| train/                  |             |
|    approx_kl            | 0.013633567 |
|    clip_fraction        | 0.143       |
|    clip_range           | 0.2         |
|    entropy_loss         | -2.36       |
|    explained_variance   | 0.965       |
|    learning_rate        | 0.0003      |
|    loss                 | -0.0445     |
|    n_updates            | 570         |
|    policy_gradient_loss | -0.0121     |
|    std                  | 0.783       |
|    value_loss           | 0.00138     |
-----------------------------------------
-----------------------------------------
| rollout/                |             |
|    ep_len_mean          | 400         |
|    ep_rew_mean          | 0.02        |
|    success_rate         | 0           |
| time/                   |             |
|    fps                  | 1623        |
|    iterations           | 60          |
|    time_elapsed         | 454         |
|    total_timesteps      | 737280      |
| train/                  |             |
|    approx_kl            | 0.009821278 |
|    clip_fraction        | 0.098       |
|    clip_range           | 0.2         |
|    entropy_loss         | -2.75       |
|    explained_variance   | 0.923       |
|    learning_rate        | 0.0003      |
|    loss                 | -0.0268     |
|    n_updates            | 590         |
|    policy_gradient_loss | -0.0112     |
|    std                  | 0.952       |
|    value_loss           | 0.000839    |
-----------------------------------------
-----------------------------------------
| rollout/                |             |
|    ep_len_mean          | 400         |
|    ep_rew_mean          | 0.804       |
|    success_rate         | 0           |
| time/                   |             |
|    fps                  | 1592        |
|    iterations           | 59          |
|    time_elapsed         | 455         |
|    total_timesteps      | 724992      |
| train/                  |             |
|    approx_kl            | 0.014633927 |
|    clip_fraction        | 0.141       |
|    clip_range           | 0.2         |
|    entropy_loss         | -2.35       |
|    explained_variance   | 0.965       |
|    learning_rate        | 0.0003      |
|    loss                 | -0.0199     |
|    n_updates            | 580         |
|    policy_gradient_loss | -0.0139     |
|    std                  | 0.784       |
|    value_loss           | 0.00188     |
-----------------------------------------
-----------------------------------------
| rollout/                |             |
|    ep_len_mean          | 400         |
|    ep_rew_mean          | -0.027      |
|    success_rate         | 0           |
| time/                   |             |
|    fps                  | 1622        |
|    iterations           | 61          |
|    time_elapsed         | 461         |
|    total_timesteps      | 749568      |
| train/                  |             |
|    approx_kl            | 0.009188354 |
|    clip_fraction        | 0.0949      |
|    clip_range           | 0.2         |
|    entropy_loss         | -2.73       |
|    explained_variance   | 0.875       |
|    learning_rate        | 0.0003      |
|    loss                 | -0.0398     |
|    n_updates            | 600         |
|    policy_gradient_loss | -0.0119     |
|    std                  | 0.947       |
|    value_loss           | 0.00112     |
-----------------------------------------
-----------------------------------------
| rollout/                |             |
|    ep_len_mean          | 400         |
|    ep_rew_mean          | 0.851       |
|    success_rate         | 0           |
| time/                   |             |
|    fps                  | 1592        |
|    iterations           | 60          |
|    time_elapsed         | 463         |
|    total_timesteps      | 737280      |
| train/                  |             |
|    approx_kl            | 0.015171352 |
|    clip_fraction        | 0.153       |
|    clip_range           | 0.2         |
|    entropy_loss         | -2.34       |
|    explained_variance   | 0.959       |
|    learning_rate        | 0.0003      |
|    loss                 | -0.0156     |
|    n_updates            | 590         |
|    policy_gradient_loss | -0.0132     |
|    std                  | 0.779       |
|    value_loss           | 0.00205     |
-----------------------------------------
-----------------------------------------
| rollout/                |             |
|    ep_len_mean          | 398         |
|    ep_rew_mean          | -6.41       |
|    success_rate         | 0           |
| time/                   |             |
|    fps                  | 1622        |
|    iterations           | 62          |
|    time_elapsed         | 469         |
|    total_timesteps      | 761856      |
| train/                  |             |
|    approx_kl            | 0.010856524 |
|    clip_fraction        | 0.104       |
|    clip_range           | 0.2         |
|    entropy_loss         | -2.72       |
|    explained_variance   | 0.921       |
|    learning_rate        | 0.0003      |
|    loss                 | -0.0307     |
|    n_updates            | 610         |
|    policy_gradient_loss | -0.012      |
|    std                  | 0.942       |
|    value_loss           | 0.00101     |
-----------------------------------------
-----------------------------------------
| rollout/                |             |
|    ep_len_mean          | 400         |
|    ep_rew_mean          | 0.972       |
|    success_rate         | 0           |
| time/                   |             |
|    fps                  | 1591        |
|    iterations           | 61          |
|    time_elapsed         | 470         |
|    total_timesteps      | 749568      |
| train/                  |             |
|    approx_kl            | 0.013287912 |
|    clip_fraction        | 0.139       |
|    clip_range           | 0.2         |
|    entropy_loss         | -2.34       |
|    explained_variance   | 0.97        |
|    learning_rate        | 0.0003      |
|    loss                 | -0.04       |
|    n_updates            | 600         |
|    policy_gradient_loss | -0.0139     |
|    std                  | 0.78        |
|    value_loss           | 0.00158     |
-----------------------------------------
-----------------------------------------
| rollout/                |             |
|    ep_len_mean          | 398         |
|    ep_rew_mean          | -6.44       |
|    success_rate         | 0           |
| time/                   |             |
|    fps                  | 1621        |
|    iterations           | 63          |
|    time_elapsed         | 477         |
|    total_timesteps      | 774144      |
| train/                  |             |
|    approx_kl            | 0.009430482 |
|    clip_fraction        | 0.0827      |
|    clip_range           | 0.2         |
|    entropy_loss         | -2.74       |
|    explained_variance   | 0.338       |
|    learning_rate        | 0.0003      |
|    loss                 | -0.0285     |
|    n_updates            | 620         |
|    policy_gradient_loss | -0.00442    |
|    std                  | 0.958       |
|    value_loss           | 0.0171      |
-----------------------------------------
-----------------------------------------
| rollout/                |             |
|    ep_len_mean          | 400         |
|    ep_rew_mean          | 1.13        |
|    success_rate         | 0           |
| time/                   |             |
|    fps                  | 1590        |
|    iterations           | 62          |
|    time_elapsed         | 478         |
|    total_timesteps      | 761856      |
| train/                  |             |
|    approx_kl            | 0.014567137 |
|    clip_fraction        | 0.152       |
|    clip_range           | 0.2         |
|    entropy_loss         | -2.32       |
|    explained_variance   | 0.895       |
|    learning_rate        | 0.0003      |
|    loss                 | -0.0268     |
|    n_updates            | 610         |
|    policy_gradient_loss | -0.0122     |
|    std                  | 0.77        |
|    value_loss           | 0.00936     |
-----------------------------------------
-----------------------------------------
| rollout/                |             |
|    ep_len_mean          | 398         |
|    ep_rew_mean          | -6.45       |
|    success_rate         | 0           |
| time/                   |             |
|    fps                  | 1621        |
|    iterations           | 64          |
|    time_elapsed         | 485         |
|    total_timesteps      | 786432      |
| train/                  |             |
|    approx_kl            | 0.011112933 |
|    clip_fraction        | 0.113       |
|    clip_range           | 0.2         |
|    entropy_loss         | -2.75       |
|    explained_variance   | 0.822       |
|    learning_rate        | 0.0003      |
|    loss                 | -0.0404     |
|    n_updates            | 630         |
|    policy_gradient_loss | -0.0143     |
|    std                  | 0.957       |
|    value_loss           | 0.00196     |
-----------------------------------------
-----------------------------------------
| rollout/                |             |
|    ep_len_mean          | 400         |
|    ep_rew_mean          | 1.27        |
|    success_rate         | 0           |
| time/                   |             |
|    fps                  | 1590        |
|    iterations           | 63          |
|    time_elapsed         | 486         |
|    total_timesteps      | 774144      |
| train/                  |             |
|    approx_kl            | 0.012699876 |
|    clip_fraction        | 0.129       |
|    clip_range           | 0.2         |
|    entropy_loss         | -2.34       |
|    explained_variance   | 0.953       |
|    learning_rate        | 0.0003      |
|    loss                 | -0.0396     |
|    n_updates            | 620         |
|    policy_gradient_loss | -0.0108     |
|    std                  | 0.78        |
|    value_loss           | 0.00418     |
-----------------------------------------
-----------------------------------------
| rollout/                |             |
|    ep_len_mean          | 399         |
|    ep_rew_mean          | -19.8       |
|    success_rate         | 0           |
| time/                   |             |
|    fps                  | 1620        |
|    iterations           | 65          |
|    time_elapsed         | 493         |
|    total_timesteps      | 798720      |
| train/                  |             |
|    approx_kl            | 0.009627118 |
|    clip_fraction        | 0.0942      |
|    clip_range           | 0.2         |
|    entropy_loss         | -2.75       |
|    explained_variance   | 0.921       |
|    learning_rate        | 0.0003      |
|    loss                 | -0.0373     |
|    n_updates            | 640         |
|    policy_gradient_loss | -0.0104     |
|    std                  | 0.955       |
|    value_loss           | 0.00126     |
-----------------------------------------
----------------------------------------
| rollout/                |            |
|    ep_len_mean          | 400        |
|    ep_rew_mean          | 1.39       |
|    success_rate         | 0          |
| time/                   |            |
|    fps                  | 1588       |
|    iterations           | 64         |
|    time_elapsed         | 494        |
|    total_timesteps      | 786432     |
| train/                  |            |
|    approx_kl            | 0.01417075 |
|    clip_fraction        | 0.131      |
|    clip_range           | 0.2        |
|    entropy_loss         | -2.35      |
|    explained_variance   | 0.969      |
|    learning_rate        | 0.0003     |
|    loss                 | -0.0248    |
|    n_updates            | 630        |
|    policy_gradient_loss | -0.0112    |
|    std                  | 0.785      |
|    value_loss           | 0.00351    |
----------------------------------------
------------------------------------------
| rollout/                |              |
|    ep_len_mean          | 400          |
|    ep_rew_mean          | -16.6        |
|    success_rate         | 0            |
| time/                   |              |
|    fps                  | 1619         |
|    iterations           | 66           |
|    time_elapsed         | 500          |
|    total_timesteps      | 811008       |
| train/                  |              |
|    approx_kl            | 0.0128817605 |
|    clip_fraction        | 0.0674       |
|    clip_range           | 0.2          |
|    entropy_loss         | -2.78        |
|    explained_variance   | 0.403        |
|    learning_rate        | 0.0003       |
|    loss                 | -0.0351      |
|    n_updates            | 650          |
|    policy_gradient_loss | -0.000736    |
|    std                  | 0.973        |
|    value_loss           | 0.0419       |
------------------------------------------
-----------------------------------------
| rollout/                |             |
|    ep_len_mean          | 400         |
|    ep_rew_mean          | 1.52        |
|    success_rate         | 0           |
| time/                   |             |
|    fps                  | 1588        |
|    iterations           | 65          |
|    time_elapsed         | 502         |
|    total_timesteps      | 798720      |
| train/                  |             |
|    approx_kl            | 0.013347075 |
|    clip_fraction        | 0.142       |
|    clip_range           | 0.2         |
|    entropy_loss         | -2.35       |
|    explained_variance   | 0.971       |
|    learning_rate        | 0.0003      |
|    loss                 | -0.0295     |
|    n_updates            | 640         |
|    policy_gradient_loss | -0.0109     |
|    std                  | 0.783       |
|    value_loss           | 0.00394     |
-----------------------------------------
-----------------------------------------
| rollout/                |             |
|    ep_len_mean          | 400         |
|    ep_rew_mean          | -16.6       |
|    success_rate         | 0           |
| time/                   |             |
|    fps                  | 1619        |
|    iterations           | 67          |
|    time_elapsed         | 508         |
|    total_timesteps      | 823296      |
| train/                  |             |
|    approx_kl            | 0.011867031 |
|    clip_fraction        | 0.125       |
|    clip_range           | 0.2         |
|    entropy_loss         | -2.79       |
|    explained_variance   | 0.88        |
|    learning_rate        | 0.0003      |
|    loss                 | -0.0484     |
|    n_updates            | 660         |
|    policy_gradient_loss | -0.0135     |
|    std                  | 0.977       |
|    value_loss           | 0.00239     |
-----------------------------------------
----------------------------------------
| rollout/                |            |
|    ep_len_mean          | 400        |
|    ep_rew_mean          | 1.7        |
|    success_rate         | 0          |
| time/                   |            |
|    fps                  | 1587       |
|    iterations           | 66         |
|    time_elapsed         | 510        |
|    total_timesteps      | 811008     |
| train/                  |            |
|    approx_kl            | 0.01085933 |
|    clip_fraction        | 0.119      |
|    clip_range           | 0.2        |
|    entropy_loss         | -2.36      |
|    explained_variance   | 0.975      |
|    learning_rate        | 0.0003     |
|    loss                 | -0.0191    |
|    n_updates            | 650        |
|    policy_gradient_loss | -0.00743   |
|    std                  | 0.785      |
|    value_loss           | 0.00339    |
----------------------------------------
-----------------------------------------
| rollout/                |             |
|    ep_len_mean          | 400         |
|    ep_rew_mean          | 0.0645      |
|    success_rate         | 0           |
| time/                   |             |
|    fps                  | 1619        |
|    iterations           | 68          |
|    time_elapsed         | 515         |
|    total_timesteps      | 835584      |
| train/                  |             |
|    approx_kl            | 0.010379569 |
|    clip_fraction        | 0.103       |
|    clip_range           | 0.2         |
|    entropy_loss         | -2.78       |
|    explained_variance   | 0.896       |
|    learning_rate        | 0.0003      |
|    loss                 | -0.0495     |
|    n_updates            | 670         |
|    policy_gradient_loss | -0.0132     |
|    std                  | 0.971       |
|    value_loss           | 0.00254     |
-----------------------------------------
-----------------------------------------
| rollout/                |             |
|    ep_len_mean          | 400         |
|    ep_rew_mean          | 1.21        |
|    success_rate         | 0           |
| time/                   |             |
|    fps                  | 1587        |
|    iterations           | 67          |
|    time_elapsed         | 518         |
|    total_timesteps      | 823296      |
| train/                  |             |
|    approx_kl            | 0.011105868 |
|    clip_fraction        | 0.12        |
|    clip_range           | 0.2         |
|    entropy_loss         | -2.34       |
|    explained_variance   | 0.909       |
|    learning_rate        | 0.0003      |
|    loss                 | 0.00835     |
|    n_updates            | 660         |
|    policy_gradient_loss | -0.00454    |
|    std                  | 0.779       |
|    value_loss           | 0.0463      |
-----------------------------------------
-----------------------------------------
| rollout/                |             |
|    ep_len_mean          | 400         |
|    ep_rew_mean          | -0.0435     |
|    success_rate         | 0           |
| time/                   |             |
|    fps                  | 1618        |
|    iterations           | 69          |
|    time_elapsed         | 523         |
|    total_timesteps      | 847872      |
| train/                  |             |
|    approx_kl            | 0.011038147 |
|    clip_fraction        | 0.111       |
|    clip_range           | 0.2         |
|    entropy_loss         | -2.76       |
|    explained_variance   | 0.87        |
|    learning_rate        | 0.0003      |
|    loss                 | -0.0404     |
|    n_updates            | 680         |
|    policy_gradient_loss | -0.0126     |
|    std                  | 0.962       |
|    value_loss           | 0.00155     |
-----------------------------------------
-----------------------------------------
| rollout/                |             |
|    ep_len_mean          | 400         |
|    ep_rew_mean          | 1.16        |
|    success_rate         | 0           |
| time/                   |             |
|    fps                  | 1586        |
|    iterations           | 68          |
|    time_elapsed         | 526         |
|    total_timesteps      | 835584      |
| train/                  |             |
|    approx_kl            | 0.010064994 |
|    clip_fraction        | 0.0984      |
|    clip_range           | 0.2         |
|    entropy_loss         | -2.34       |
|    explained_variance   | 0.627       |
|    learning_rate        | 0.0003      |
|    loss                 | 0.0126      |
|    n_updates            | 670         |
|    policy_gradient_loss | -0.00329    |
|    std                  | 0.779       |
|    value_loss           | 0.26        |
-----------------------------------------
------------------------------------------
| rollout/                |              |
|    ep_len_mean          | 400          |
|    ep_rew_mean          | -2.09        |
|    success_rate         | 0            |
| time/                   |              |
|    fps                  | 1618         |
|    iterations           | 70           |
|    time_elapsed         | 531          |
|    total_timesteps      | 860160       |
| train/                  |              |
|    approx_kl            | 0.0100844875 |
|    clip_fraction        | 0.103        |
|    clip_range           | 0.2          |
|    entropy_loss         | -2.76        |
|    explained_variance   | 0.907        |
|    learning_rate        | 0.0003       |
|    loss                 | -0.0281      |
|    n_updates            | 690          |
|    policy_gradient_loss | -0.0111      |
|    std                  | 0.962        |
|    value_loss           | 0.00164      |
------------------------------------------
-----------------------------------------
| rollout/                |             |
|    ep_len_mean          | 400         |
|    ep_rew_mean          | 1.09        |
|    success_rate         | 0           |
| time/                   |             |
|    fps                  | 1585        |
|    iterations           | 69          |
|    time_elapsed         | 534         |
|    total_timesteps      | 847872      |
| train/                  |             |
|    approx_kl            | 0.013206909 |
|    clip_fraction        | 0.138       |
|    clip_range           | 0.2         |
|    entropy_loss         | -2.35       |
|    explained_variance   | 0.948       |
|    learning_rate        | 0.0003      |
|    loss                 | -0.0101     |
|    n_updates            | 680         |
|    policy_gradient_loss | -0.00914    |
|    std                  | 0.786       |
|    value_loss           | 0.0127      |
-----------------------------------------
------------------------------------------
| rollout/                |              |
|    ep_len_mean          | 400          |
|    ep_rew_mean          | -2.1         |
|    success_rate         | 0            |
| time/                   |              |
|    fps                  | 1618         |
|    iterations           | 71           |
|    time_elapsed         | 539          |
|    total_timesteps      | 872448       |
| train/                  |              |
|    approx_kl            | 0.0103257345 |
|    clip_fraction        | 0.106        |
|    clip_range           | 0.2          |
|    entropy_loss         | -2.75        |
|    explained_variance   | 0.347        |
|    learning_rate        | 0.0003       |
|    loss                 | -0.0295      |
|    n_updates            | 700          |
|    policy_gradient_loss | -0.0083      |
|    std                  | 0.955        |
|    value_loss           | 0.00557      |
------------------------------------------
-----------------------------------------
| rollout/                |             |
|    ep_len_mean          | 400         |
|    ep_rew_mean          | 1.52        |
|    success_rate         | 0           |
| time/                   |             |
|    fps                  | 1585        |
|    iterations           | 70          |
|    time_elapsed         | 542         |
|    total_timesteps      | 860160      |
| train/                  |             |
|    approx_kl            | 0.013851758 |
|    clip_fraction        | 0.15        |
|    clip_range           | 0.2         |
|    entropy_loss         | -2.34       |
|    explained_variance   | 0.962       |
|    learning_rate        | 0.0003      |
|    loss                 | -0.0236     |
|    n_updates            | 690         |
|    policy_gradient_loss | -0.013      |
|    std                  | 0.778       |
|    value_loss           | 0.00721     |
-----------------------------------------
-----------------------------------------
| rollout/                |             |
|    ep_len_mean          | 400         |
|    ep_rew_mean          | -2.3        |
|    success_rate         | 0           |
| time/                   |             |
|    fps                  | 1618        |
|    iterations           | 72          |
|    time_elapsed         | 546         |
|    total_timesteps      | 884736      |
| train/                  |             |
|    approx_kl            | 0.011241369 |
|    clip_fraction        | 0.11        |
|    clip_range           | 0.2         |
|    entropy_loss         | -2.74       |
|    explained_variance   | 0.85        |
|    learning_rate        | 0.0003      |
|    loss                 | -0.0198     |
|    n_updates            | 710         |
|    policy_gradient_loss | -0.0125     |
|    std                  | 0.952       |
|    value_loss           | 0.00144     |
-----------------------------------------
-----------------------------------------
| rollout/                |             |
|    ep_len_mean          | 400         |
|    ep_rew_mean          | 1.63        |
|    success_rate         | 0           |
| time/                   |             |
|    fps                  | 1584        |
|    iterations           | 71          |
|    time_elapsed         | 550         |
|    total_timesteps      | 872448      |
| train/                  |             |
|    approx_kl            | 0.013350376 |
|    clip_fraction        | 0.141       |
|    clip_range           | 0.2         |
|    entropy_loss         | -2.34       |
|    explained_variance   | 0.972       |
|    learning_rate        | 0.0003      |
|    loss                 | -0.0169     |
|    n_updates            | 700         |
|    policy_gradient_loss | -0.0128     |
|    std                  | 0.778       |
|    value_loss           | 0.00644     |
-----------------------------------------
-----------------------------------------
| rollout/                |             |
|    ep_len_mean          | 400         |
|    ep_rew_mean          | -0.174      |
|    success_rate         | 0           |
| time/                   |             |
|    fps                  | 1618        |
|    iterations           | 73          |
|    time_elapsed         | 554         |
|    total_timesteps      | 897024      |
| train/                  |             |
|    approx_kl            | 0.010397465 |
|    clip_fraction        | 0.0995      |
|    clip_range           | 0.2         |
|    entropy_loss         | -2.75       |
|    explained_variance   | 0.841       |
|    learning_rate        | 0.0003      |
|    loss                 | -0.0166     |
|    n_updates            | 720         |
|    policy_gradient_loss | -0.0133     |
|    std                  | 0.957       |
|    value_loss           | 0.00156     |
-----------------------------------------
-----------------------------------------
| rollout/                |             |
|    ep_len_mean          | 400         |
|    ep_rew_mean          | 1.74        |
|    success_rate         | 0           |
| time/                   |             |
|    fps                  | 1584        |
|    iterations           | 72          |
|    time_elapsed         | 558         |
|    total_timesteps      | 884736      |
| train/                  |             |
|    approx_kl            | 0.012786717 |
|    clip_fraction        | 0.138       |
|    clip_range           | 0.2         |
|    entropy_loss         | -2.32       |
|    explained_variance   | 0.971       |
|    learning_rate        | 0.0003      |
|    loss                 | -0.00974    |
|    n_updates            | 710         |
|    policy_gradient_loss | -0.0112     |
|    std                  | 0.769       |
|    value_loss           | 0.00599     |
-----------------------------------------
-----------------------------------------
| rollout/                |             |
|    ep_len_mean          | 400         |
|    ep_rew_mean          | -0.213      |
|    success_rate         | 0           |
| time/                   |             |
|    fps                  | 1618        |
|    iterations           | 74          |
|    time_elapsed         | 561         |
|    total_timesteps      | 909312      |
| train/                  |             |
|    approx_kl            | 0.011430706 |
|    clip_fraction        | 0.112       |
|    clip_range           | 0.2         |
|    entropy_loss         | -2.75       |
|    explained_variance   | 0.909       |
|    learning_rate        | 0.0003      |
|    loss                 | -0.0362     |
|    n_updates            | 730         |
|    policy_gradient_loss | -0.014      |
|    std                  | 0.956       |
|    value_loss           | 0.00109     |
-----------------------------------------
------------------------------------------
| rollout/                |              |
|    ep_len_mean          | 400          |
|    ep_rew_mean          | 2.37         |
|    success_rate         | 0.01         |
| time/                   |              |
|    fps                  | 1583         |
|    iterations           | 73           |
|    time_elapsed         | 566          |
|    total_timesteps      | 897024       |
| train/                  |              |
|    approx_kl            | 0.0140171675 |
|    clip_fraction        | 0.152        |
|    clip_range           | 0.2          |
|    entropy_loss         | -2.3         |
|    explained_variance   | 0.971        |
|    learning_rate        | 0.0003       |
|    loss                 | -0.00544     |
|    n_updates            | 720          |
|    policy_gradient_loss | -0.0133      |
|    std                  | 0.762        |
|    value_loss           | 0.00688      |
------------------------------------------
-----------------------------------------
| rollout/                |             |
|    ep_len_mean          | 400         |
|    ep_rew_mean          | -0.0715     |
|    success_rate         | 0           |
| time/                   |             |
|    fps                  | 1618        |
|    iterations           | 75          |
|    time_elapsed         | 569         |
|    total_timesteps      | 921600      |
| train/                  |             |
|    approx_kl            | 0.010592535 |
|    clip_fraction        | 0.106       |
|    clip_range           | 0.2         |
|    entropy_loss         | -2.74       |
|    explained_variance   | 0.94        |
|    learning_rate        | 0.0003      |
|    loss                 | -0.0342     |
|    n_updates            | 740         |
|    policy_gradient_loss | -0.0133     |
|    std                  | 0.95        |
|    value_loss           | 0.000779    |
-----------------------------------------
-----------------------------------------
| rollout/                |             |
|    ep_len_mean          | 400         |
|    ep_rew_mean          | 2.34        |
|    success_rate         | 0.01        |
| time/                   |             |
|    fps                  | 1583        |
|    iterations           | 74          |
|    time_elapsed         | 574         |
|    total_timesteps      | 909312      |
| train/                  |             |
|    approx_kl            | 0.011133167 |
|    clip_fraction        | 0.13        |
|    clip_range           | 0.2         |
|    entropy_loss         | -2.28       |
|    explained_variance   | 0.563       |
|    learning_rate        | 0.0003      |
|    loss                 | -0.00891    |
|    n_updates            | 730         |
|    policy_gradient_loss | -0.006      |
|    std                  | 0.752       |
|    value_loss           | 0.175       |
-----------------------------------------
-----------------------------------------
| rollout/                |             |
|    ep_len_mean          | 400         |
|    ep_rew_mean          | -0.0778     |
|    success_rate         | 0           |
| time/                   |             |
|    fps                  | 1618        |
|    iterations           | 76          |
|    time_elapsed         | 576         |
|    total_timesteps      | 933888      |
| train/                  |             |
|    approx_kl            | 0.012436668 |
|    clip_fraction        | 0.121       |
|    clip_range           | 0.2         |
|    entropy_loss         | -2.73       |
|    explained_variance   | 0.927       |
|    learning_rate        | 0.0003      |
|    loss                 | -0.0352     |
|    n_updates            | 750         |
|    policy_gradient_loss | -0.0138     |
|    std                  | 0.946       |
|    value_loss           | 0.000606    |
-----------------------------------------
-----------------------------------------
| rollout/                |             |
|    ep_len_mean          | 400         |
|    ep_rew_mean          | 2.39        |
|    success_rate         | 0.01        |
| time/                   |             |
|    fps                  | 1582        |
|    iterations           | 75          |
|    time_elapsed         | 582         |
|    total_timesteps      | 921600      |
| train/                  |             |
|    approx_kl            | 0.015014137 |
|    clip_fraction        | 0.149       |
|    clip_range           | 0.2         |
|    entropy_loss         | -2.26       |
|    explained_variance   | 0.923       |
|    learning_rate        | 0.0003      |
|    loss                 | -0.00173    |
|    n_updates            | 740         |
|    policy_gradient_loss | -0.0109     |
|    std                  | 0.748       |
|    value_loss           | 0.0215      |
-----------------------------------------
-----------------------------------------
| rollout/                |             |
|    ep_len_mean          | 400         |
|    ep_rew_mean          | -0.1        |
|    success_rate         | 0           |
| time/                   |             |
|    fps                  | 1618        |
|    iterations           | 77          |
|    time_elapsed         | 584         |
|    total_timesteps      | 946176      |
| train/                  |             |
|    approx_kl            | 0.010782152 |
|    clip_fraction        | 0.113       |
|    clip_range           | 0.2         |
|    entropy_loss         | -2.72       |
|    explained_variance   | 0.923       |
|    learning_rate        | 0.0003      |
|    loss                 | -0.0335     |
|    n_updates            | 760         |
|    policy_gradient_loss | -0.0136     |
|    std                  | 0.944       |
|    value_loss           | 0.000807    |
-----------------------------------------
-----------------------------------------
| rollout/                |             |
|    ep_len_mean          | 400         |
|    ep_rew_mean          | 2.08        |
|    success_rate         | 0           |
| time/                   |             |
|    fps                  | 1582        |
|    iterations           | 76          |
|    time_elapsed         | 590         |
|    total_timesteps      | 933888      |
| train/                  |             |
|    approx_kl            | 0.015260878 |
|    clip_fraction        | 0.147       |
|    clip_range           | 0.2         |
|    entropy_loss         | -2.25       |
|    explained_variance   | 0.942       |
|    learning_rate        | 0.0003      |
|    loss                 | -0.0147     |
|    n_updates            | 750         |
|    policy_gradient_loss | -0.0121     |
|    std                  | 0.743       |
|    value_loss           | 0.0106      |
-----------------------------------------
-----------------------------------------
| rollout/                |             |
|    ep_len_mean          | 400         |
|    ep_rew_mean          | -0.0102     |
|    success_rate         | 0           |
| time/                   |             |
|    fps                  | 1618        |
|    iterations           | 78          |
|    time_elapsed         | 592         |
|    total_timesteps      | 958464      |
| train/                  |             |
|    approx_kl            | 0.010281946 |
|    clip_fraction        | 0.111       |
|    clip_range           | 0.2         |
|    entropy_loss         | -2.7        |
|    explained_variance   | 0.942       |
|    learning_rate        | 0.0003      |
|    loss                 | -0.0179     |
|    n_updates            | 770         |
|    policy_gradient_loss | -0.0132     |
|    std                  | 0.934       |
|    value_loss           | 0.000566    |
-----------------------------------------
-----------------------------------------
| rollout/                |             |
|    ep_len_mean          | 400         |
|    ep_rew_mean          | 2.31        |
|    success_rate         | 0           |
| time/                   |             |
|    fps                  | 1582        |
|    iterations           | 77          |
|    time_elapsed         | 598         |
|    total_timesteps      | 946176      |
| train/                  |             |
|    approx_kl            | 0.013509397 |
|    clip_fraction        | 0.142       |
|    clip_range           | 0.2         |
|    entropy_loss         | -2.23       |
|    explained_variance   | 0.931       |
|    learning_rate        | 0.0003      |
|    loss                 | 0.00118     |
|    n_updates            | 760         |
|    policy_gradient_loss | -0.00811    |
|    std                  | 0.735       |
|    value_loss           | 0.0225      |
-----------------------------------------
-----------------------------------------
| rollout/                |             |
|    ep_len_mean          | 400         |
|    ep_rew_mean          | 0.0136      |
|    success_rate         | 0           |
| time/                   |             |
|    fps                  | 1618        |
|    iterations           | 79          |
|    time_elapsed         | 599         |
|    total_timesteps      | 970752      |
| train/                  |             |
|    approx_kl            | 0.011489243 |
|    clip_fraction        | 0.113       |
|    clip_range           | 0.2         |
|    entropy_loss         | -2.7        |
|    explained_variance   | 0.941       |
|    learning_rate        | 0.0003      |
|    loss                 | -0.0222     |
|    n_updates            | 780         |
|    policy_gradient_loss | -0.0122     |
|    std                  | 0.932       |
|    value_loss           | 0.0004      |
-----------------------------------------
-----------------------------------------
| rollout/                |             |
|    ep_len_mean          | 400         |
|    ep_rew_mean          | 2.46        |
|    success_rate         | 0           |
| time/                   |             |
|    fps                  | 1581        |
|    iterations           | 78          |
|    time_elapsed         | 606         |
|    total_timesteps      | 958464      |
| train/                  |             |
|    approx_kl            | 0.012669787 |
|    clip_fraction        | 0.138       |
|    clip_range           | 0.2         |
|    entropy_loss         | -2.2        |
|    explained_variance   | 0.937       |
|    learning_rate        | 0.0003      |
|    loss                 | -0.0115     |
|    n_updates            | 770         |
|    policy_gradient_loss | -0.0078     |
|    std                  | 0.725       |
|    value_loss           | 0.0301      |
-----------------------------------------
-----------------------------------------
| rollout/                |             |
|    ep_len_mean          | 400         |
|    ep_rew_mean          | -0.0141     |
|    success_rate         | 0           |
| time/                   |             |
|    fps                  | 1618        |
|    iterations           | 80          |
|    time_elapsed         | 607         |
|    total_timesteps      | 983040      |
| train/                  |             |
|    approx_kl            | 0.010633943 |
|    clip_fraction        | 0.115       |
|    clip_range           | 0.2         |
|    entropy_loss         | -2.69       |
|    explained_variance   | 0.944       |
|    learning_rate        | 0.0003      |
|    loss                 | -0.0308     |
|    n_updates            | 790         |
|    policy_gradient_loss | -0.012      |
|    std                  | 0.927       |
|    value_loss           | 0.000536    |
-----------------------------------------
-----------------------------------------
| rollout/                |             |
|    ep_len_mean          | 400         |
|    ep_rew_mean          | 3.05        |
|    success_rate         | 0.02        |
| time/                   |             |
|    fps                  | 1580        |
|    iterations           | 79          |
|    time_elapsed         | 614         |
|    total_timesteps      | 970752      |
| train/                  |             |
|    approx_kl            | 0.013163102 |
|    clip_fraction        | 0.143       |
|    clip_range           | 0.2         |
|    entropy_loss         | -2.17       |
|    explained_variance   | 0.956       |
|    learning_rate        | 0.0003      |
|    loss                 | -0.0307     |
|    n_updates            | 780         |
|    policy_gradient_loss | -0.00998    |
|    std                  | 0.713       |
|    value_loss           | 0.0205      |
-----------------------------------------
-----------------------------------------
| rollout/                |             |
|    ep_len_mean          | 400         |
|    ep_rew_mean          | -0.0521     |
|    success_rate         | 0           |
| time/                   |             |
|    fps                  | 1617        |
|    iterations           | 81          |
|    time_elapsed         | 615         |
|    total_timesteps      | 995328      |
| train/                  |             |
|    approx_kl            | 0.011074319 |
|    clip_fraction        | 0.107       |
|    clip_range           | 0.2         |
|    entropy_loss         | -2.68       |
|    explained_variance   | 0.915       |
|    learning_rate        | 0.0003      |
|    loss                 | -0.0314     |
|    n_updates            | 800         |
|    policy_gradient_loss | -0.00978    |
|    std                  | 0.926       |
|    value_loss           | 0.000568    |
-----------------------------------------
-----------------------------------------
| rollout/                |             |
|    ep_len_mean          | 399         |
|    ep_rew_mean          | 4.12        |
|    success_rate         | 0.05        |
| time/                   |             |
|    fps                  | 1579        |
|    iterations           | 80          |
|    time_elapsed         | 622         |
|    total_timesteps      | 983040      |
| train/                  |             |
|    approx_kl            | 0.013884024 |
|    clip_fraction        | 0.14        |
|    clip_range           | 0.2         |
|    entropy_loss         | -2.13       |
|    explained_variance   | 0.849       |
|    learning_rate        | 0.0003      |
|    loss                 | -0.00922    |
|    n_updates            | 790         |
|    policy_gradient_loss | -0.00405    |
|    std                  | 0.697       |
|    value_loss           | 0.0809      |
-----------------------------------------
------------------------------------------
| rollout/                |              |
|    ep_len_mean          | 400          |
|    ep_rew_mean          | -0.0439      |
|    success_rate         | 0            |
| time/                   |              |
|    fps                  | 1617         |
|    iterations           | 82           |
|    time_elapsed         | 623          |
|    total_timesteps      | 1007616      |
| train/                  |              |
|    approx_kl            | 0.0112427175 |
|    clip_fraction        | 0.11         |
|    clip_range           | 0.2          |
|    entropy_loss         | -2.69        |
|    explained_variance   | 0.963        |
|    learning_rate        | 0.0003       |
|    loss                 | -0.0067      |
|    n_updates            | 810          |
|    policy_gradient_loss | -0.0133      |
|    std                  | 0.928        |
|    value_loss           | 0.000294     |
------------------------------------------
-----------------------------------------
| rollout/                |             |
|    ep_len_mean          | 399         |
|    ep_rew_mean          | 3.96        |
|    success_rate         | 0.05        |
| time/                   |             |
|    fps                  | 1579        |
|    iterations           | 81          |
|    time_elapsed         | 630         |
|    total_timesteps      | 995328      |
| train/                  |             |
|    approx_kl            | 0.014753227 |
|    clip_fraction        | 0.133       |
|    clip_range           | 0.2         |
|    entropy_loss         | -2.08       |
|    explained_variance   | 0.864       |
|    learning_rate        | 0.0003      |
|    loss                 | 0.062       |
|    n_updates            | 800         |
|    policy_gradient_loss | -0.00577    |
|    std                  | 0.678       |
|    value_loss           | 0.18        |
-----------------------------------------
------------------------------------------
| rollout/                |              |
|    ep_len_mean          | 400          |
|    ep_rew_mean          | -0.165       |
|    success_rate         | 0            |
| time/                   |              |
|    fps                  | 1616         |
|    iterations           | 83           |
|    time_elapsed         | 630          |
|    total_timesteps      | 1019904      |
| train/                  |              |
|    approx_kl            | 0.0106172385 |
|    clip_fraction        | 0.101        |
|    clip_range           | 0.2          |
|    entropy_loss         | -2.67        |
|    explained_variance   | 0.951        |
|    learning_rate        | 0.0003       |
|    loss                 | -0.0682      |
|    n_updates            | 820          |
|    policy_gradient_loss | -0.0119      |
|    std                  | 0.916        |
|    value_loss           | 0.000355     |
------------------------------------------
-----------------------------------------
| rollout/                |             |
|    ep_len_mean          | 400         |
|    ep_rew_mean          | 3.62        |
|    success_rate         | 0.03        |
| time/                   |             |
|    fps                  | 1578        |
|    iterations           | 82          |
|    time_elapsed         | 638         |
|    total_timesteps      | 1007616     |
| train/                  |             |
|    approx_kl            | 0.016043086 |
|    clip_fraction        | 0.162       |
|    clip_range           | 0.2         |
|    entropy_loss         | -2.05       |
|    explained_variance   | 0.911       |
|    learning_rate        | 0.0003      |
|    loss                 | 0.00214     |
|    n_updates            | 810         |
|    policy_gradient_loss | -0.0089     |
|    std                  | 0.671       |
|    value_loss           | 0.0717      |
-----------------------------------------
-----------------------------------------
| rollout/                |             |
|    ep_len_mean          | 400         |
|    ep_rew_mean          | -0.195      |
|    success_rate         | 0           |
| time/                   |             |
|    fps                  | 1616        |
|    iterations           | 84          |
|    time_elapsed         | 638         |
|    total_timesteps      | 1032192     |
| train/                  |             |
|    approx_kl            | 0.011217728 |
|    clip_fraction        | 0.103       |
|    clip_range           | 0.2         |
|    entropy_loss         | -2.68       |
|    explained_variance   | 0.917       |
|    learning_rate        | 0.0003      |
|    loss                 | -0.0329     |
|    n_updates            | 830         |
|    policy_gradient_loss | -0.0132     |
|    std                  | 0.927       |
|    value_loss           | 0.000599    |
-----------------------------------------
-----------------------------------------
| rollout/                |             |
|    ep_len_mean          | 400         |
|    ep_rew_mean          | 2.71        |
|    success_rate         | 0.01        |
| time/                   |             |
|    fps                  | 1578        |
|    iterations           | 83          |
|    time_elapsed         | 646         |
|    total_timesteps      | 1019904     |
| train/                  |             |
|    approx_kl            | 0.015585276 |
|    clip_fraction        | 0.159       |
|    clip_range           | 0.2         |
|    entropy_loss         | -2.01       |
|    explained_variance   | 0.952       |
|    learning_rate        | 0.0003      |
|    loss                 | -0.012      |
|    n_updates            | 820         |
|    policy_gradient_loss | -0.0108     |
|    std                  | 0.66        |
|    value_loss           | 0.0653      |
-----------------------------------------
-----------------------------------------
| rollout/                |             |
|    ep_len_mean          | 400         |
|    ep_rew_mean          | -0.313      |
|    success_rate         | 0           |
| time/                   |             |
|    fps                  | 1615        |
|    iterations           | 85          |
|    time_elapsed         | 646         |
|    total_timesteps      | 1044480     |
| train/                  |             |
|    approx_kl            | 0.009586481 |
|    clip_fraction        | 0.0955      |
|    clip_range           | 0.2         |
|    entropy_loss         | -2.68       |
|    explained_variance   | 0.963       |
|    learning_rate        | 0.0003      |
|    loss                 | -0.0285     |
|    n_updates            | 840         |
|    policy_gradient_loss | -0.01       |
|    std                  | 0.926       |
|    value_loss           | 0.000358    |
-----------------------------------------
-----------------------------------------
| rollout/                |             |
|    ep_len_mean          | 397         |
|    ep_rew_mean          | 4.15        |
|    success_rate         | 0.05        |
| time/                   |             |
|    fps                  | 1577        |
|    iterations           | 84          |
|    time_elapsed         | 654         |
|    total_timesteps      | 1032192     |
| train/                  |             |
|    approx_kl            | 0.013957734 |
|    clip_fraction        | 0.158       |
|    clip_range           | 0.2         |
|    entropy_loss         | -2.01       |
|    explained_variance   | 0.904       |
|    learning_rate        | 0.0003      |
|    loss                 | 0.00444     |
|    n_updates            | 830         |
|    policy_gradient_loss | -0.0069     |
|    std                  | 0.662       |
|    value_loss           | 0.0793      |
-----------------------------------------
-----------------------------------------
| rollout/                |             |
|    ep_len_mean          | 400         |
|    ep_rew_mean          | -0.18       |
|    success_rate         | 0           |
| time/                   |             |
|    fps                  | 1615        |
|    iterations           | 86          |
|    time_elapsed         | 654         |
|    total_timesteps      | 1056768     |
| train/                  |             |
|    approx_kl            | 0.010291087 |
|    clip_fraction        | 0.102       |
|    clip_range           | 0.2         |
|    entropy_loss         | -2.67       |
|    explained_variance   | 0.943       |
|    learning_rate        | 0.0003      |
|    loss                 | -0.046      |
|    n_updates            | 850         |
|    policy_gradient_loss | -0.0115     |
|    std                  | 0.918       |
|    value_loss           | 0.000391    |
-----------------------------------------
-----------------------------------------
| rollout/                |             |
|    ep_len_mean          | 399         |
|    ep_rew_mean          | -4.89       |
|    success_rate         | 0           |
| time/                   |             |
|    fps                  | 1614        |
|    iterations           | 87          |
|    time_elapsed         | 662         |
|    total_timesteps      | 1069056     |
| train/                  |             |
|    approx_kl            | 0.011452471 |
|    clip_fraction        | 0.105       |
|    clip_range           | 0.2         |
|    entropy_loss         | -2.66       |
|    explained_variance   | 0.932       |
|    learning_rate        | 0.0003      |
|    loss                 | -0.0339     |
|    n_updates            | 860         |
|    policy_gradient_loss | -0.0106     |
|    std                  | 0.919       |
|    value_loss           | 0.000336    |
-----------------------------------------
----------------------------------------
| rollout/                |            |
|    ep_len_mean          | 397        |
|    ep_rew_mean          | 4.12       |
|    success_rate         | 0.05       |
| time/                   |            |
|    fps                  | 1577       |
|    iterations           | 85         |
|    time_elapsed         | 662        |
|    total_timesteps      | 1044480    |
| train/                  |            |
|    approx_kl            | 0.01450466 |
|    clip_fraction        | 0.149      |
|    clip_range           | 0.2        |
|    entropy_loss         | -1.99      |
|    explained_variance   | 0.926      |
|    learning_rate        | 0.0003     |
|    loss                 | -0.0128    |
|    n_updates            | 840        |
|    policy_gradient_loss | -0.00724   |
|    std                  | 0.65       |
|    value_loss           | 0.135      |
----------------------------------------
-----------------------------------------
| rollout/                |             |
|    ep_len_mean          | 399         |
|    ep_rew_mean          | -4.86       |
|    success_rate         | 0           |
| time/                   |             |
|    fps                  | 1614        |
|    iterations           | 88          |
|    time_elapsed         | 669         |
|    total_timesteps      | 1081344     |
| train/                  |             |
|    approx_kl            | 0.010925672 |
|    clip_fraction        | 0.082       |
|    clip_range           | 0.2         |
|    entropy_loss         | -2.67       |
|    explained_variance   | 0.165       |
|    learning_rate        | 0.0003      |
|    loss                 | -0.0349     |
|    n_updates            | 870         |
|    policy_gradient_loss | 0.000625    |
|    std                  | 0.922       |
|    value_loss           | 0.0168      |
-----------------------------------------
-----------------------------------------
| rollout/                |             |
|    ep_len_mean          | 397         |
|    ep_rew_mean          | 4.28        |
|    success_rate         | 0.05        |
| time/                   |             |
|    fps                  | 1576        |
|    iterations           | 86          |
|    time_elapsed         | 670         |
|    total_timesteps      | 1056768     |
| train/                  |             |
|    approx_kl            | 0.016517257 |
|    clip_fraction        | 0.165       |
|    clip_range           | 0.2         |
|    entropy_loss         | -1.96       |
|    explained_variance   | 0.961       |
|    learning_rate        | 0.0003      |
|    loss                 | -0.0145     |
|    n_updates            | 850         |
|    policy_gradient_loss | -0.00948    |
|    std                  | 0.643       |
|    value_loss           | 0.0737      |
-----------------------------------------
----------------------------------------
| rollout/                |            |
|    ep_len_mean          | 399        |
|    ep_rew_mean          | -4.86      |
|    success_rate         | 0          |
| time/                   |            |
|    fps                  | 1613       |
|    iterations           | 89         |
|    time_elapsed         | 677        |
|    total_timesteps      | 1093632    |
| train/                  |            |
|    approx_kl            | 0.01140257 |
|    clip_fraction        | 0.107      |
|    clip_range           | 0.2        |
|    entropy_loss         | -2.65      |
|    explained_variance   | 0.944      |
|    learning_rate        | 0.0003     |
|    loss                 | -0.0286    |
|    n_updates            | 880        |
|    policy_gradient_loss | -0.0111    |
|    std                  | 0.909      |
|    value_loss           | 0.00043    |
----------------------------------------
-----------------------------------------
| rollout/                |             |
|    ep_len_mean          | 397         |
|    ep_rew_mean          | 3.91        |
|    success_rate         | 0.04        |
| time/                   |             |
|    fps                  | 1576        |
|    iterations           | 87          |
|    time_elapsed         | 678         |
|    total_timesteps      | 1069056     |
| train/                  |             |
|    approx_kl            | 0.014529809 |
|    clip_fraction        | 0.156       |
|    clip_range           | 0.2         |
|    entropy_loss         | -1.96       |
|    explained_variance   | 0.965       |
|    learning_rate        | 0.0003      |
|    loss                 | -0.000321   |
|    n_updates            | 860         |
|    policy_gradient_loss | -0.00878    |
|    std                  | 0.643       |
|    value_loss           | 0.0777      |
-----------------------------------------
-----------------------------------------
| rollout/                |             |
|    ep_len_mean          | 399         |
|    ep_rew_mean          | -3.55       |
|    success_rate         | 0           |
| time/                   |             |
|    fps                  | 1613        |
|    iterations           | 90          |
|    time_elapsed         | 685         |
|    total_timesteps      | 1105920     |
| train/                  |             |
|    approx_kl            | 0.013095707 |
|    clip_fraction        | 0.116       |
|    clip_range           | 0.2         |
|    entropy_loss         | -2.63       |
|    explained_variance   | 0.946       |
|    learning_rate        | 0.0003      |
|    loss                 | -0.0353     |
|    n_updates            | 890         |
|    policy_gradient_loss | -0.0133     |
|    std                  | 0.901       |
|    value_loss           | 0.000421    |
-----------------------------------------
-----------------------------------------
| rollout/                |             |
|    ep_len_mean          | 396         |
|    ep_rew_mean          | 4.6         |
|    success_rate         | 0.06        |
| time/                   |             |
|    fps                  | 1575        |
|    iterations           | 88          |
|    time_elapsed         | 686         |
|    total_timesteps      | 1081344     |
| train/                  |             |
|    approx_kl            | 0.014105297 |
|    clip_fraction        | 0.142       |
|    clip_range           | 0.2         |
|    entropy_loss         | -1.95       |
|    explained_variance   | 0.948       |
|    learning_rate        | 0.0003      |
|    loss                 | 0.00148     |
|    n_updates            | 870         |
|    policy_gradient_loss | -0.00776    |
|    std                  | 0.64        |
|    value_loss           | 0.161       |
-----------------------------------------
----------------------------------------
| rollout/                |            |
|    ep_len_mean          | 399        |
|    ep_rew_mean          | -3.51      |
|    success_rate         | 0          |
| time/                   |            |
|    fps                  | 1612       |
|    iterations           | 91         |
|    time_elapsed         | 693        |
|    total_timesteps      | 1118208    |
| train/                  |            |
|    approx_kl            | 0.01013856 |
|    clip_fraction        | 0.0827     |
|    clip_range           | 0.2        |
|    entropy_loss         | -2.64      |
|    explained_variance   | 0.543      |
|    learning_rate        | 0.0003     |
|    loss                 | -0.0314    |
|    n_updates            | 900        |
|    policy_gradient_loss | -0.00439   |
|    std                  | 0.909      |
|    value_loss           | 0.00417    |
----------------------------------------
----------------------------------------
| rollout/                |            |
|    ep_len_mean          | 396        |
|    ep_rew_mean          | 4.75       |
|    success_rate         | 0.06       |
| time/                   |            |
|    fps                  | 1575       |
|    iterations           | 89         |
|    time_elapsed         | 694        |
|    total_timesteps      | 1093632    |
| train/                  |            |
|    approx_kl            | 0.01755978 |
|    clip_fraction        | 0.158      |
|    clip_range           | 0.2        |
|    entropy_loss         | -1.93      |
|    explained_variance   | 0.967      |
|    learning_rate        | 0.0003     |
|    loss                 | 0.00949    |
|    n_updates            | 880        |
|    policy_gradient_loss | -0.0101    |
|    std                  | 0.632      |
|    value_loss           | 0.186      |
----------------------------------------
----------------------------------------
| rollout/                |            |
|    ep_len_mean          | 399        |
|    ep_rew_mean          | -3.43      |
|    success_rate         | 0          |
| time/                   |            |
|    fps                  | 1612       |
|    iterations           | 92         |
|    time_elapsed         | 701        |
|    total_timesteps      | 1130496    |
| train/                  |            |
|    approx_kl            | 0.01111146 |
|    clip_fraction        | 0.115      |
|    clip_range           | 0.2        |
|    entropy_loss         | -2.65      |
|    explained_variance   | 0.951      |
|    learning_rate        | 0.0003     |
|    loss                 | -0.0262    |
|    n_updates            | 910        |
|    policy_gradient_loss | -0.0125    |
|    std                  | 0.916      |
|    value_loss           | 0.000537   |
----------------------------------------
-----------------------------------------
| rollout/                |             |
|    ep_len_mean          | 395         |
|    ep_rew_mean          | 4.76        |
|    success_rate         | 0.06        |
| time/                   |             |
|    fps                  | 1575        |
|    iterations           | 90          |
|    time_elapsed         | 702         |
|    total_timesteps      | 1105920     |
| train/                  |             |
|    approx_kl            | 0.014907073 |
|    clip_fraction        | 0.148       |
|    clip_range           | 0.2         |
|    entropy_loss         | -1.93       |
|    explained_variance   | 0.958       |
|    learning_rate        | 0.0003      |
|    loss                 | 0.00919     |
|    n_updates            | 890         |
|    policy_gradient_loss | -0.00855    |
|    std                  | 0.638       |
|    value_loss           | 0.111       |
-----------------------------------------
-----------------------------------------
| rollout/                |             |
|    ep_len_mean          | 399         |
|    ep_rew_mean          | -3.47       |
|    success_rate         | 0           |
| time/                   |             |
|    fps                  | 1611        |
|    iterations           | 93          |
|    time_elapsed         | 709         |
|    total_timesteps      | 1142784     |
| train/                  |             |
|    approx_kl            | 0.016153615 |
|    clip_fraction        | 0.123       |
|    clip_range           | 0.2         |
|    entropy_loss         | -2.64       |
|    explained_variance   | 0.971       |
|    learning_rate        | 0.0003      |
|    loss                 | -0.044      |
|    n_updates            | 920         |
|    policy_gradient_loss | -0.0143     |
|    std                  | 0.897       |
|    value_loss           | 0.000532    |
-----------------------------------------
------------------------------------------
| rollout/                |              |
|    ep_len_mean          | 395          |
|    ep_rew_mean          | 4.83         |
|    success_rate         | 0.06         |
| time/                   |              |
|    fps                  | 1574         |
|    iterations           | 91           |
|    time_elapsed         | 709          |
|    total_timesteps      | 1118208      |
| train/                  |              |
|    approx_kl            | 0.0136252865 |
|    clip_fraction        | 0.138        |
|    clip_range           | 0.2          |
|    entropy_loss         | -1.94        |
|    explained_variance   | 0.924        |
|    learning_rate        | 0.0003       |
|    loss                 | 0.0841       |
|    n_updates            | 900          |
|    policy_gradient_loss | -0.00794     |
|    std                  | 0.637        |
|    value_loss           | 0.334        |
------------------------------------------
-----------------------------------------
| rollout/                |             |
|    ep_len_mean          | 400         |
|    ep_rew_mean          | -0.0831     |
|    success_rate         | 0           |
| time/                   |             |
|    fps                  | 1611        |
|    iterations           | 94          |
|    time_elapsed         | 716         |
|    total_timesteps      | 1155072     |
| train/                  |             |
|    approx_kl            | 0.011704408 |
|    clip_fraction        | 0.113       |
|    clip_range           | 0.2         |
|    entropy_loss         | -2.61       |
|    explained_variance   | 0.959       |
|    learning_rate        | 0.0003      |
|    loss                 | -0.033      |
|    n_updates            | 930         |
|    policy_gradient_loss | -0.012      |
|    std                  | 0.892       |
|    value_loss           | 0.000432    |
-----------------------------------------
-----------------------------------------
| rollout/                |             |
|    ep_len_mean          | 393         |
|    ep_rew_mean          | 6.19        |
|    success_rate         | 0.09        |
| time/                   |             |
|    fps                  | 1574        |
|    iterations           | 92          |
|    time_elapsed         | 717         |
|    total_timesteps      | 1130496     |
| train/                  |             |
|    approx_kl            | 0.015511927 |
|    clip_fraction        | 0.162       |
|    clip_range           | 0.2         |
|    entropy_loss         | -1.92       |
|    explained_variance   | 0.962       |
|    learning_rate        | 0.0003      |
|    loss                 | 0.0939      |
|    n_updates            | 910         |
|    policy_gradient_loss | -0.00972    |
|    std                  | 0.628       |
|    value_loss           | 0.267       |
-----------------------------------------
-----------------------------------------
| rollout/                |             |
|    ep_len_mean          | 400         |
|    ep_rew_mean          | -0.129      |
|    success_rate         | 0           |
| time/                   |             |
|    fps                  | 1610        |
|    iterations           | 95          |
|    time_elapsed         | 724         |
|    total_timesteps      | 1167360     |
| train/                  |             |
|    approx_kl            | 0.010994139 |
|    clip_fraction        | 0.117       |
|    clip_range           | 0.2         |
|    entropy_loss         | -2.59       |
|    explained_variance   | 0.931       |
|    learning_rate        | 0.0003      |
|    loss                 | -0.02       |
|    n_updates            | 940         |
|    policy_gradient_loss | -0.0112     |
|    std                  | 0.882       |
|    value_loss           | 0.000551    |
-----------------------------------------
-----------------------------------------
| rollout/                |             |
|    ep_len_mean          | 393         |
|    ep_rew_mean          | 6.86        |
|    success_rate         | 0.09        |
| time/                   |             |
|    fps                  | 1574        |
|    iterations           | 93          |
|    time_elapsed         | 725         |
|    total_timesteps      | 1142784     |
| train/                  |             |
|    approx_kl            | 0.015678473 |
|    clip_fraction        | 0.158       |
|    clip_range           | 0.2         |
|    entropy_loss         | -1.9        |
|    explained_variance   | 0.96        |
|    learning_rate        | 0.0003      |
|    loss                 | 0.0819      |
|    n_updates            | 920         |
|    policy_gradient_loss | -0.0119     |
|    std                  | 0.624       |
|    value_loss           | 0.284       |
-----------------------------------------
-----------------------------------------
| rollout/                |             |
|    ep_len_mean          | 400         |
|    ep_rew_mean          | -0.0104     |
|    success_rate         | 0           |
| time/                   |             |
|    fps                  | 1610        |
|    iterations           | 96          |
|    time_elapsed         | 732         |
|    total_timesteps      | 1179648     |
| train/                  |             |
|    approx_kl            | 0.011429881 |
|    clip_fraction        | 0.118       |
|    clip_range           | 0.2         |
|    entropy_loss         | -2.59       |
|    explained_variance   | 0.941       |
|    learning_rate        | 0.0003      |
|    loss                 | -0.0185     |
|    n_updates            | 950         |
|    policy_gradient_loss | -0.0128     |
|    std                  | 0.887       |
|    value_loss           | 0.000549    |
-----------------------------------------
-----------------------------------------
| rollout/                |             |
|    ep_len_mean          | 389         |
|    ep_rew_mean          | 8.86        |
|    success_rate         | 0.14        |
| time/                   |             |
|    fps                  | 1574        |
|    iterations           | 94          |
|    time_elapsed         | 733         |
|    total_timesteps      | 1155072     |
| train/                  |             |
|    approx_kl            | 0.014269519 |
|    clip_fraction        | 0.147       |
|    clip_range           | 0.2         |
|    entropy_loss         | -1.9        |
|    explained_variance   | 0.947       |
|    learning_rate        | 0.0003      |
|    loss                 | 0.0749      |
|    n_updates            | 930         |
|    policy_gradient_loss | -0.00813    |
|    std                  | 0.626       |
|    value_loss           | 0.309       |
-----------------------------------------
-----------------------------------------
| rollout/                |             |
|    ep_len_mean          | 400         |
|    ep_rew_mean          | -0.185      |
|    success_rate         | 0           |
| time/                   |             |
|    fps                  | 1610        |
|    iterations           | 97          |
|    time_elapsed         | 740         |
|    total_timesteps      | 1191936     |
| train/                  |             |
|    approx_kl            | 0.012450807 |
|    clip_fraction        | 0.115       |
|    clip_range           | 0.2         |
|    entropy_loss         | -2.6        |
|    explained_variance   | 0.919       |
|    learning_rate        | 0.0003      |
|    loss                 | -0.0356     |
|    n_updates            | 960         |
|    policy_gradient_loss | -0.0138     |
|    std                  | 0.888       |
|    value_loss           | 0.000618    |
-----------------------------------------
-----------------------------------------
| rollout/                |             |
|    ep_len_mean          | 384         |
|    ep_rew_mean          | 10.2        |
|    success_rate         | 0.18        |
| time/                   |             |
|    fps                  | 1573        |
|    iterations           | 95          |
|    time_elapsed         | 741         |
|    total_timesteps      | 1167360     |
| train/                  |             |
|    approx_kl            | 0.013015707 |
|    clip_fraction        | 0.143       |
|    clip_range           | 0.2         |
|    entropy_loss         | -1.89       |
|    explained_variance   | 0.958       |
|    learning_rate        | 0.0003      |
|    loss                 | 0.111       |
|    n_updates            | 940         |
|    policy_gradient_loss | -0.00865    |
|    std                  | 0.62        |
|    value_loss           | 0.395       |
-----------------------------------------
-----------------------------------------
| rollout/                |             |
|    ep_len_mean          | 400         |
|    ep_rew_mean          | -0.143      |
|    success_rate         | 0           |
| time/                   |             |
|    fps                  | 1610        |
|    iterations           | 98          |
|    time_elapsed         | 747         |
|    total_timesteps      | 1204224     |
| train/                  |             |
|    approx_kl            | 0.012166838 |
|    clip_fraction        | 0.123       |
|    clip_range           | 0.2         |
|    entropy_loss         | -2.59       |
|    explained_variance   | 0.973       |
|    learning_rate        | 0.0003      |
|    loss                 | -0.0357     |
|    n_updates            | 970         |
|    policy_gradient_loss | -0.0138     |
|    std                  | 0.883       |
|    value_loss           | 0.000319    |
-----------------------------------------
-----------------------------------------
| rollout/                |             |
|    ep_len_mean          | 386         |
|    ep_rew_mean          | 9.99        |
|    success_rate         | 0.16        |
| time/                   |             |
|    fps                  | 1573        |
|    iterations           | 96          |
|    time_elapsed         | 749         |
|    total_timesteps      | 1179648     |
| train/                  |             |
|    approx_kl            | 0.015675819 |
|    clip_fraction        | 0.158       |
|    clip_range           | 0.2         |
|    entropy_loss         | -1.86       |
|    explained_variance   | 0.961       |
|    learning_rate        | 0.0003      |
|    loss                 | 0.0528      |
|    n_updates            | 950         |
|    policy_gradient_loss | -0.00917    |
|    std                  | 0.612       |
|    value_loss           | 0.251       |
-----------------------------------------
Training duration: 12.5 min (751 sec)
Training finished. Model saved to: runs\env_007\eureka_v9_fixedspec\seed_0\gen_00\cand_01\training\model.zip
Monitor logs: runs\env_007\eureka_v9_fixedspec\seed_0\gen_00\cand_01\training\monitor
External eval mean reward: 0.036
LLM feedback file: runs\env_007\eureka_v9_fixedspec\seed_0\gen_00\cand_01\training\training_feedback.md
  [g00c01] native score = 0.0360235194313659
-----------------------------------------
| rollout/                |             |
|    ep_len_mean          | 385         |
|    ep_rew_mean          | 9.99        |
|    success_rate         | 0.15        |
| time/                   |             |
|    fps                  | 1574        |
|    iterations           | 97          |
|    time_elapsed         | 757         |
|    total_timesteps      | 1191936     |
| train/                  |             |
|    approx_kl            | 0.015496876 |
|    clip_fraction        | 0.15        |
|    clip_range           | 0.2         |
|    entropy_loss         | -1.85       |
|    explained_variance   | 0.944       |
|    learning_rate        | 0.0003      |
|    loss                 | 0.112       |
|    n_updates            | 960         |
|    policy_gradient_loss | -0.00859    |
|    std                  | 0.609       |
|    value_loss           | 0.295       |
-----------------------------------------
-----------------------------------------
| rollout/                |             |
|    ep_len_mean          | 386         |
|    ep_rew_mean          | 9.93        |
|    success_rate         | 0.15        |
| time/                   |             |
|    fps                  | 1575        |
|    iterations           | 98          |
|    time_elapsed         | 764         |
|    total_timesteps      | 1204224     |
| train/                  |             |
|    approx_kl            | 0.016203966 |
|    clip_fraction        | 0.159       |
|    clip_range           | 0.2         |
|    entropy_loss         | -1.83       |
|    explained_variance   | 0.951       |
|    learning_rate        | 0.0003      |
|    loss                 | 0.0662      |
|    n_updates            | 970         |
|    policy_gradient_loss | -0.0091     |
|    std                  | 0.602       |
|    value_loss           | 0.339       |
-----------------------------------------
Training duration: 12.8 min (767 sec)
Training finished. Model saved to: runs\env_007\eureka_v9_fixedspec\seed_0\gen_00\cand_00\training\model.zip
Monitor logs: runs\env_007\eureka_v9_fixedspec\seed_0\gen_00\cand_00\training\monitor
External eval mean reward: 172.673
LLM feedback file: runs\env_007\eureka_v9_fixedspec\seed_0\gen_00\cand_00\training\training_feedback.md
  [g00c00] native score = 172.6729761720921

state : runs\env_007\eureka_v9_fixedspec\seed_0\population.json
summary: runs\env_007\eureka_v9_fixedspec\seed_0\eureka_summary.md
