
===== attempt 1 at 00:06:42 =====
NOTE: population_size 8 != elite*(1+children) = 2; using 2 candidates after generation 0
======================================================================
 EUREKA-style population reward search (baseline M3)
======================================================================
 config           : configs/env007_fragilecargo_eureka_v9.yaml
 env              : FragileCargoDock-v0
 generations      : 1
 population       : 2 (elite 1 + 1x1 children)
 timesteps/cand   : 1,200,000
 eval episodes    : 20
 concurrent runs  : 3 (candidates within a generation are independent)
 selection metric : external_eval.mean_eval_reward (native)
 seed             : 0
 output           : runs\env_007\eureka_v9_pilotctx\seed_0
 api key env var  : EUREKA_DEEPSEEK_API_KEY
======================================================================

----------------------------------------------------------------------
 GENERATION 0
----------------------------------------------------------------------

  [g00c00] gen=0 initial sample

  [g00c01] gen=0 initial sample

  training 2 candidate(s) with 2 concurrent run(s)

$ D:\Code\python\research\llm_env_310\Scripts\python.exe -m training.train_sb3_wrapper --config configs/env007_fragilecargo_eureka_v9.yaml --reward runs\env_007\eureka_v9_pilotctx\seed_0\gen_00\cand_00\reward_v1.py --run-name eureka_v9_pilotctx/seed_0/gen_00/cand_00/training --save-dir runs\env_007\eureka_v9_pilotctx\seed_0\gen_00\cand_00\training --total-timesteps 1200000 --eval-episodes 20 --seed 0

$ D:\Code\python\research\llm_env_310\Scripts\python.exe -m training.train_sb3_wrapper --config configs/env007_fragilecargo_eureka_v9.yaml --reward runs\env_007\eureka_v9_pilotctx\seed_0\gen_00\cand_01\reward_v1.py --run-name eureka_v9_pilotctx/seed_0/gen_00/cand_01/training --save-dir runs\env_007\eureka_v9_pilotctx\seed_0\gen_00\cand_01\training --total-timesteps 1200000 --eval-episodes 20 --seed 0
Using cpu device
---------------------------------
| rollout/           |          |
|    ep_len_mean     | 398      |
|    ep_rew_mean     | -2.36    |
|    success_rate    | 0        |
| time/              |          |
|    fps             | 3662     |
|    iterations      | 1        |
|    time_elapsed    | 3        |
|    total_timesteps | 12288    |
---------------------------------
Using cpu device
---------------------------------
| rollout/           |          |
|    ep_len_mean     | 398      |
|    ep_rew_mean     | -3.17    |
|    success_rate    | 0        |
| time/              |          |
|    fps             | 3651     |
|    iterations      | 1        |
|    time_elapsed    | 3        |
|    total_timesteps | 12288    |
---------------------------------
-----------------------------------------
| rollout/                |             |
|    ep_len_mean          | 399         |
|    ep_rew_mean          | -1.61       |
|    success_rate         | 0           |
| time/                   |             |
|    fps                  | 2766        |
|    iterations           | 2           |
|    time_elapsed         | 8           |
|    total_timesteps      | 24576       |
| train/                  |             |
|    approx_kl            | 0.013679095 |
|    clip_fraction        | 0.168       |
|    clip_range           | 0.2         |
|    entropy_loss         | -2.82       |
|    explained_variance   | 0.523       |
|    learning_rate        | 0.0003      |
|    loss                 | 0.0832      |
|    n_updates            | 10          |
|    policy_gradient_loss | -0.0126     |
|    std                  | 0.983       |
|    value_loss           | 0.202       |
-----------------------------------------
----------------------------------------
| rollout/                |            |
|    ep_len_mean          | 399        |
|    ep_rew_mean          | -2.02      |
|    success_rate         | 0          |
| time/                   |            |
|    fps                  | 2733       |
|    iterations           | 2          |
|    time_elapsed         | 8          |
|    total_timesteps      | 24576      |
| train/                  |            |
|    approx_kl            | 0.01352943 |
|    clip_fraction        | 0.161      |
|    clip_range           | 0.2        |
|    entropy_loss         | -2.82      |
|    explained_variance   | 0.402      |
|    learning_rate        | 0.0003     |
|    loss                 | 0.0774     |
|    n_updates            | 10         |
|    policy_gradient_loss | -0.0106    |
|    std                  | 0.984      |
|    value_loss           | 0.383      |
----------------------------------------
-----------------------------------------
| rollout/                |             |
|    ep_len_mean          | 399         |
|    ep_rew_mean          | -1.25       |
|    success_rate         | 0           |
| time/                   |             |
|    fps                  | 2556        |
|    iterations           | 3           |
|    time_elapsed         | 14          |
|    total_timesteps      | 36864       |
| train/                  |             |
|    approx_kl            | 0.012020978 |
|    clip_fraction        | 0.163       |
|    clip_range           | 0.2         |
|    entropy_loss         | -2.78       |
|    explained_variance   | 0.758       |
|    learning_rate        | 0.0003      |
|    loss                 | -0.0398     |
|    n_updates            | 20          |
|    policy_gradient_loss | -0.0187     |
|    std                  | 0.967       |
|    value_loss           | 0.0196      |
-----------------------------------------
-----------------------------------------
| rollout/                |             |
|    ep_len_mean          | 399         |
|    ep_rew_mean          | -1.66       |
|    success_rate         | 0           |
| time/                   |             |
|    fps                  | 2513        |
|    iterations           | 3           |
|    time_elapsed         | 14          |
|    total_timesteps      | 36864       |
| train/                  |             |
|    approx_kl            | 0.011564329 |
|    clip_fraction        | 0.149       |
|    clip_range           | 0.2         |
|    entropy_loss         | -2.78       |
|    explained_variance   | 0.824       |
|    learning_rate        | 0.0003      |
|    loss                 | -0.0378     |
|    n_updates            | 20          |
|    policy_gradient_loss | -0.0158     |
|    std                  | 0.967       |
|    value_loss           | 0.02        |
-----------------------------------------
-----------------------------------------
| rollout/                |             |
|    ep_len_mean          | 400         |
|    ep_rew_mean          | -0.68       |
|    success_rate         | 0           |
| time/                   |             |
|    fps                  | 2452        |
|    iterations           | 4           |
|    time_elapsed         | 20          |
|    total_timesteps      | 49152       |
| train/                  |             |
|    approx_kl            | 0.010124424 |
|    clip_fraction        | 0.126       |
|    clip_range           | 0.2         |
|    entropy_loss         | -2.75       |
|    explained_variance   | 0.747       |
|    learning_rate        | 0.0003      |
|    loss                 | -0.0368     |
|    n_updates            | 30          |
|    policy_gradient_loss | -0.013      |
|    std                  | 0.95        |
|    value_loss           | 0.015       |
-----------------------------------------
-----------------------------------------
| rollout/                |             |
|    ep_len_mean          | 400         |
|    ep_rew_mean          | -1.92       |
|    success_rate         | 0           |
| time/                   |             |
|    fps                  | 2402        |
|    iterations           | 4           |
|    time_elapsed         | 20          |
|    total_timesteps      | 49152       |
| train/                  |             |
|    approx_kl            | 0.009917654 |
|    clip_fraction        | 0.115       |
|    clip_range           | 0.2         |
|    entropy_loss         | -2.75       |
|    explained_variance   | 0.818       |
|    learning_rate        | 0.0003      |
|    loss                 | -0.0374     |
|    n_updates            | 30          |
|    policy_gradient_loss | -0.0115     |
|    std                  | 0.953       |
|    value_loss           | 0.0145      |
-----------------------------------------
-----------------------------------------
| rollout/                |             |
|    ep_len_mean          | 400         |
|    ep_rew_mean          | -0.288      |
|    success_rate         | 0           |
| time/                   |             |
|    fps                  | 2381        |
|    iterations           | 5           |
|    time_elapsed         | 25          |
|    total_timesteps      | 61440       |
| train/                  |             |
|    approx_kl            | 0.010083638 |
|    clip_fraction        | 0.12        |
|    clip_range           | 0.2         |
|    entropy_loss         | -2.71       |
|    explained_variance   | 0.716       |
|    learning_rate        | 0.0003      |
|    loss                 | -0.0239     |
|    n_updates            | 40          |
|    policy_gradient_loss | -0.0121     |
|    std                  | 0.931       |
|    value_loss           | 0.0121      |
-----------------------------------------
----------------------------------------
| rollout/                |            |
|    ep_len_mean          | 400        |
|    ep_rew_mean          | -1.86      |
|    success_rate         | 0          |
| time/                   |            |
|    fps                  | 2338       |
|    iterations           | 5          |
|    time_elapsed         | 26         |
|    total_timesteps      | 61440      |
| train/                  |            |
|    approx_kl            | 0.00670022 |
|    clip_fraction        | 0.0788     |
|    clip_range           | 0.2        |
|    entropy_loss         | -2.76      |
|    explained_variance   | 0.0448     |
|    learning_rate        | 0.0003     |
|    loss                 | 0.00523    |
|    n_updates            | 40         |
|    policy_gradient_loss | -0.00226   |
|    std                  | 0.967      |
|    value_loss           | 0.0936     |
----------------------------------------
-----------------------------------------
| rollout/                |             |
|    ep_len_mean          | 400         |
|    ep_rew_mean          | -0.0538     |
|    success_rate         | 0           |
| time/                   |             |
|    fps                  | 2331        |
|    iterations           | 6           |
|    time_elapsed         | 31          |
|    total_timesteps      | 73728       |
| train/                  |             |
|    approx_kl            | 0.011282089 |
|    clip_fraction        | 0.129       |
|    clip_range           | 0.2         |
|    entropy_loss         | -2.68       |
|    explained_variance   | 0.87        |
|    learning_rate        | 0.0003      |
|    loss                 | -0.024      |
|    n_updates            | 50          |
|    policy_gradient_loss | -0.0114     |
|    std                  | 0.923       |
|    value_loss           | 0.00869     |
-----------------------------------------
-----------------------------------------
| rollout/                |             |
|    ep_len_mean          | 400         |
|    ep_rew_mean          | -1.93       |
|    success_rate         | 0           |
| time/                   |             |
|    fps                  | 2288        |
|    iterations           | 6           |
|    time_elapsed         | 32          |
|    total_timesteps      | 73728       |
| train/                  |             |
|    approx_kl            | 0.008030781 |
|    clip_fraction        | 0.0867      |
|    clip_range           | 0.2         |
|    entropy_loss         | -2.77       |
|    explained_variance   | 0.811       |
|    learning_rate        | 0.0003      |
|    loss                 | -0.0183     |
|    n_updates            | 50          |
|    policy_gradient_loss | -0.00847    |
|    std                  | 0.961       |
|    value_loss           | 0.0163      |
-----------------------------------------
-----------------------------------------
| rollout/                |             |
|    ep_len_mean          | 400         |
|    ep_rew_mean          | -0.0704     |
|    success_rate         | 0           |
| time/                   |             |
|    fps                  | 2304        |
|    iterations           | 7           |
|    time_elapsed         | 37          |
|    total_timesteps      | 86016       |
| train/                  |             |
|    approx_kl            | 0.008328478 |
|    clip_fraction        | 0.094       |
|    clip_range           | 0.2         |
|    entropy_loss         | -2.66       |
|    explained_variance   | 0.879       |
|    learning_rate        | 0.0003      |
|    loss                 | -0.0254     |
|    n_updates            | 60          |
|    policy_gradient_loss | -0.00933    |
|    std                  | 0.912       |
|    value_loss           | 0.00981     |
-----------------------------------------
------------------------------------------
| rollout/                |              |
|    ep_len_mean          | 400          |
|    ep_rew_mean          | -0.939       |
|    success_rate         | 0            |
| time/                   |              |
|    fps                  | 2257         |
|    iterations           | 7            |
|    time_elapsed         | 38           |
|    total_timesteps      | 86016        |
| train/                  |              |
|    approx_kl            | 0.0071861297 |
|    clip_fraction        | 0.0844       |
|    clip_range           | 0.2          |
|    entropy_loss         | -2.75        |
|    explained_variance   | 0.901        |
|    learning_rate        | 0.0003       |
|    loss                 | -0.0396      |
|    n_updates            | 60           |
|    policy_gradient_loss | -0.0104      |
|    std                  | 0.955        |
|    value_loss           | 0.0107       |
------------------------------------------
-----------------------------------------
| rollout/                |             |
|    ep_len_mean          | 400         |
|    ep_rew_mean          | 0.0778      |
|    success_rate         | 0           |
| time/                   |             |
|    fps                  | 2274        |
|    iterations           | 8           |
|    time_elapsed         | 43          |
|    total_timesteps      | 98304       |
| train/                  |             |
|    approx_kl            | 0.007493712 |
|    clip_fraction        | 0.0823      |
|    clip_range           | 0.2         |
|    entropy_loss         | -2.64       |
|    explained_variance   | 0.478       |
|    learning_rate        | 0.0003      |
|    loss                 | -0.0309     |
|    n_updates            | 70          |
|    policy_gradient_loss | -0.00458    |
|    std                  | 0.905       |
|    value_loss           | 0.0884      |
-----------------------------------------
-----------------------------------------
| rollout/                |             |
|    ep_len_mean          | 400         |
|    ep_rew_mean          | -0.913      |
|    success_rate         | 0           |
| time/                   |             |
|    fps                  | 2231        |
|    iterations           | 8           |
|    time_elapsed         | 44          |
|    total_timesteps      | 98304       |
| train/                  |             |
|    approx_kl            | 0.008198279 |
|    clip_fraction        | 0.0903      |
|    clip_range           | 0.2         |
|    entropy_loss         | -2.74       |
|    explained_variance   | 0.926       |
|    learning_rate        | 0.0003      |
|    loss                 | -0.0221     |
|    n_updates            | 70          |
|    policy_gradient_loss | -0.0085     |
|    std                  | 0.949       |
|    value_loss           | 0.00903     |
-----------------------------------------
-----------------------------------------
| rollout/                |             |
|    ep_len_mean          | 400         |
|    ep_rew_mean          | 0.233       |
|    success_rate         | 0           |
| time/                   |             |
|    fps                  | 2253        |
|    iterations           | 9           |
|    time_elapsed         | 49          |
|    total_timesteps      | 110592      |
| train/                  |             |
|    approx_kl            | 0.008049882 |
|    clip_fraction        | 0.0871      |
|    clip_range           | 0.2         |
|    entropy_loss         | -2.61       |
|    explained_variance   | 0.929       |
|    learning_rate        | 0.0003      |
|    loss                 | -0.0228     |
|    n_updates            | 80          |
|    policy_gradient_loss | -0.0071     |
|    std                  | 0.89        |
|    value_loss           | 0.00968     |
-----------------------------------------
------------------------------------------
| rollout/                |              |
|    ep_len_mean          | 400          |
|    ep_rew_mean          | -0.764       |
|    success_rate         | 0            |
| time/                   |              |
|    fps                  | 2210         |
|    iterations           | 9            |
|    time_elapsed         | 50           |
|    total_timesteps      | 110592       |
| train/                  |              |
|    approx_kl            | 0.0077472054 |
|    clip_fraction        | 0.0839       |
|    clip_range           | 0.2          |
|    entropy_loss         | -2.72        |
|    explained_variance   | 0.936        |
|    learning_rate        | 0.0003       |
|    loss                 | -0.0108      |
|    n_updates            | 80           |
|    policy_gradient_loss | -0.00827     |
|    std                  | 0.938        |
|    value_loss           | 0.00544      |
------------------------------------------
-----------------------------------------
| rollout/                |             |
|    ep_len_mean          | 400         |
|    ep_rew_mean          | 0.59        |
|    success_rate         | 0           |
| time/                   |             |
|    fps                  | 2237        |
|    iterations           | 10          |
|    time_elapsed         | 54          |
|    total_timesteps      | 122880      |
| train/                  |             |
|    approx_kl            | 0.006875674 |
|    clip_fraction        | 0.0681      |
|    clip_range           | 0.2         |
|    entropy_loss         | -2.59       |
|    explained_variance   | 0.828       |
|    learning_rate        | 0.0003      |
|    loss                 | 0.0094      |
|    n_updates            | 90          |
|    policy_gradient_loss | -0.00377    |
|    std                  | 0.877       |
|    value_loss           | 0.0526      |
-----------------------------------------
-----------------------------------------
| rollout/                |             |
|    ep_len_mean          | 400         |
|    ep_rew_mean          | -0.59       |
|    success_rate         | 0           |
| time/                   |             |
|    fps                  | 2193        |
|    iterations           | 10          |
|    time_elapsed         | 56          |
|    total_timesteps      | 122880      |
| train/                  |             |
|    approx_kl            | 0.008031296 |
|    clip_fraction        | 0.0974      |
|    clip_range           | 0.2         |
|    entropy_loss         | -2.72       |
|    explained_variance   | 0.957       |
|    learning_rate        | 0.0003      |
|    loss                 | -0.00937    |
|    n_updates            | 90          |
|    policy_gradient_loss | -0.00898    |
|    std                  | 0.945       |
|    value_loss           | 0.00421     |
-----------------------------------------
------------------------------------------
| rollout/                |              |
|    ep_len_mean          | 400          |
|    ep_rew_mean          | 0.246        |
|    success_rate         | 0            |
| time/                   |              |
|    fps                  | 2223         |
|    iterations           | 11           |
|    time_elapsed         | 60           |
|    total_timesteps      | 135168       |
| train/                  |              |
|    approx_kl            | 0.0076154284 |
|    clip_fraction        | 0.081        |
|    clip_range           | 0.2          |
|    entropy_loss         | -2.56        |
|    explained_variance   | 0.87         |
|    learning_rate        | 0.0003       |
|    loss                 | -0.0179      |
|    n_updates            | 100          |
|    policy_gradient_loss | -0.00509     |
|    std                  | 0.871        |
|    value_loss           | 0.0289       |
------------------------------------------
-----------------------------------------
| rollout/                |             |
|    ep_len_mean          | 400         |
|    ep_rew_mean          | -0.542      |
|    success_rate         | 0           |
| time/                   |             |
|    fps                  | 2180        |
|    iterations           | 11          |
|    time_elapsed         | 61          |
|    total_timesteps      | 135168      |
| train/                  |             |
|    approx_kl            | 0.007446339 |
|    clip_fraction        | 0.0852      |
|    clip_range           | 0.2         |
|    entropy_loss         | -2.72       |
|    explained_variance   | 0.951       |
|    learning_rate        | 0.0003      |
|    loss                 | -3.29e-05   |
|    n_updates            | 100         |
|    policy_gradient_loss | -0.00761    |
|    std                  | 0.943       |
|    value_loss           | 0.0044      |
-----------------------------------------
----------------------------------------
| rollout/                |            |
|    ep_len_mean          | 399        |
|    ep_rew_mean          | -0.0692    |
|    success_rate         | 0          |
| time/                   |            |
|    fps                  | 2213       |
|    iterations           | 12         |
|    time_elapsed         | 66         |
|    total_timesteps      | 147456     |
| train/                  |            |
|    approx_kl            | 0.00771489 |
|    clip_fraction        | 0.0881     |
|    clip_range           | 0.2        |
|    entropy_loss         | -2.57      |
|    explained_variance   | 0.778      |
|    learning_rate        | 0.0003     |
|    loss                 | -0.000624  |
|    n_updates            | 110        |
|    policy_gradient_loss | -0.00566   |
|    std                  | 0.873      |
|    value_loss           | 0.0492     |
----------------------------------------
-----------------------------------------
| rollout/                |             |
|    ep_len_mean          | 400         |
|    ep_rew_mean          | -0.513      |
|    success_rate         | 0           |
| time/                   |             |
|    fps                  | 2171        |
|    iterations           | 12          |
|    time_elapsed         | 67          |
|    total_timesteps      | 147456      |
| train/                  |             |
|    approx_kl            | 0.007469866 |
|    clip_fraction        | 0.0803      |
|    clip_range           | 0.2         |
|    entropy_loss         | -2.71       |
|    explained_variance   | 0.938       |
|    learning_rate        | 0.0003      |
|    loss                 | -0.0183     |
|    n_updates            | 110         |
|    policy_gradient_loss | -0.00832    |
|    std                  | 0.939       |
|    value_loss           | 0.0043      |
-----------------------------------------
-----------------------------------------
| rollout/                |             |
|    ep_len_mean          | 398         |
|    ep_rew_mean          | -0.764      |
|    success_rate         | 0           |
| time/                   |             |
|    fps                  | 2199        |
|    iterations           | 13          |
|    time_elapsed         | 72          |
|    total_timesteps      | 159744      |
| train/                  |             |
|    approx_kl            | 0.008436106 |
|    clip_fraction        | 0.0864      |
|    clip_range           | 0.2         |
|    entropy_loss         | -2.6        |
|    explained_variance   | 0.816       |
|    learning_rate        | 0.0003      |
|    loss                 | -0.0396     |
|    n_updates            | 120         |
|    policy_gradient_loss | -0.00491    |
|    std                  | 0.892       |
|    value_loss           | 0.0737      |
-----------------------------------------
-----------------------------------------
| rollout/                |             |
|    ep_len_mean          | 400         |
|    ep_rew_mean          | -0.434      |
|    success_rate         | 0           |
| time/                   |             |
|    fps                  | 2157        |
|    iterations           | 13          |
|    time_elapsed         | 74          |
|    total_timesteps      | 159744      |
| train/                  |             |
|    approx_kl            | 0.007532503 |
|    clip_fraction        | 0.083       |
|    clip_range           | 0.2         |
|    entropy_loss         | -2.71       |
|    explained_variance   | 0.944       |
|    learning_rate        | 0.0003      |
|    loss                 | -0.0406     |
|    n_updates            | 120         |
|    policy_gradient_loss | -0.00874    |
|    std                  | 0.937       |
|    value_loss           | 0.00465     |
-----------------------------------------
-----------------------------------------
| rollout/                |             |
|    ep_len_mean          | 395         |
|    ep_rew_mean          | -1.8        |
|    success_rate         | 0           |
| time/                   |             |
|    fps                  | 2188        |
|    iterations           | 14          |
|    time_elapsed         | 78          |
|    total_timesteps      | 172032      |
| train/                  |             |
|    approx_kl            | 0.005631257 |
|    clip_fraction        | 0.0546      |
|    clip_range           | 0.2         |
|    entropy_loss         | -2.64       |
|    explained_variance   | 0.91        |
|    learning_rate        | 0.0003      |
|    loss                 | 0.0423      |
|    n_updates            | 130         |
|    policy_gradient_loss | -0.00173    |
|    std                  | 0.913       |
|    value_loss           | 0.118       |
-----------------------------------------
-----------------------------------------
| rollout/                |             |
|    ep_len_mean          | 400         |
|    ep_rew_mean          | -0.369      |
|    success_rate         | 0           |
| time/                   |             |
|    fps                  | 2146        |
|    iterations           | 14          |
|    time_elapsed         | 80          |
|    total_timesteps      | 172032      |
| train/                  |             |
|    approx_kl            | 0.008341434 |
|    clip_fraction        | 0.102       |
|    clip_range           | 0.2         |
|    entropy_loss         | -2.71       |
|    explained_variance   | 0.945       |
|    learning_rate        | 0.0003      |
|    loss                 | -0.0389     |
|    n_updates            | 130         |
|    policy_gradient_loss | -0.0108     |
|    std                  | 0.935       |
|    value_loss           | 0.00571     |
-----------------------------------------
-----------------------------------------
| rollout/                |             |
|    ep_len_mean          | 394         |
|    ep_rew_mean          | -2.13       |
|    success_rate         | 0           |
| time/                   |             |
|    fps                  | 2183        |
|    iterations           | 15          |
|    time_elapsed         | 84          |
|    total_timesteps      | 184320      |
| train/                  |             |
|    approx_kl            | 0.005402601 |
|    clip_fraction        | 0.048       |
|    clip_range           | 0.2         |
|    entropy_loss         | -2.68       |
|    explained_variance   | 0.947       |
|    learning_rate        | 0.0003      |
|    loss                 | 0.00529     |
|    n_updates            | 140         |
|    policy_gradient_loss | -0.0033     |
|    std                  | 0.927       |
|    value_loss           | 0.177       |
-----------------------------------------
-----------------------------------------
| rollout/                |             |
|    ep_len_mean          | 400         |
|    ep_rew_mean          | -0.368      |
|    success_rate         | 0           |
| time/                   |             |
|    fps                  | 2139        |
|    iterations           | 15          |
|    time_elapsed         | 86          |
|    total_timesteps      | 184320      |
| train/                  |             |
|    approx_kl            | 0.008517764 |
|    clip_fraction        | 0.0992      |
|    clip_range           | 0.2         |
|    entropy_loss         | -2.7        |
|    explained_variance   | 0.949       |
|    learning_rate        | 0.0003      |
|    loss                 | -0.0285     |
|    n_updates            | 140         |
|    policy_gradient_loss | -0.00937    |
|    std                  | 0.934       |
|    value_loss           | 0.00414     |
-----------------------------------------
-----------------------------------------
| rollout/                |             |
|    ep_len_mean          | 395         |
|    ep_rew_mean          | -1.63       |
|    success_rate         | 0           |
| time/                   |             |
|    fps                  | 2177        |
|    iterations           | 16          |
|    time_elapsed         | 90          |
|    total_timesteps      | 196608      |
| train/                  |             |
|    approx_kl            | 0.007406578 |
|    clip_fraction        | 0.0641      |
|    clip_range           | 0.2         |
|    entropy_loss         | -2.72       |
|    explained_variance   | 0.944       |
|    learning_rate        | 0.0003      |
|    loss                 | -0.00261    |
|    n_updates            | 150         |
|    policy_gradient_loss | -0.00304    |
|    std                  | 0.945       |
|    value_loss           | 0.14        |
-----------------------------------------
-----------------------------------------
| rollout/                |             |
|    ep_len_mean          | 400         |
|    ep_rew_mean          | -0.359      |
|    success_rate         | 0           |
| time/                   |             |
|    fps                  | 2131        |
|    iterations           | 16          |
|    time_elapsed         | 92          |
|    total_timesteps      | 196608      |
| train/                  |             |
|    approx_kl            | 0.008558738 |
|    clip_fraction        | 0.104       |
|    clip_range           | 0.2         |
|    entropy_loss         | -2.71       |
|    explained_variance   | 0.959       |
|    learning_rate        | 0.0003      |
|    loss                 | -0.025      |
|    n_updates            | 150         |
|    policy_gradient_loss | -0.00902    |
|    std                  | 0.938       |
|    value_loss           | 0.00329     |
-----------------------------------------
------------------------------------------
| rollout/                |              |
|    ep_len_mean          | 398          |
|    ep_rew_mean          | -0.389       |
|    success_rate         | 0            |
| time/                   |              |
|    fps                  | 2168         |
|    iterations           | 17           |
|    time_elapsed         | 96           |
|    total_timesteps      | 208896       |
| train/                  |              |
|    approx_kl            | 0.0070330477 |
|    clip_fraction        | 0.0667       |
|    clip_range           | 0.2          |
|    entropy_loss         | -2.73        |
|    explained_variance   | 0.96         |
|    learning_rate        | 0.0003       |
|    loss                 | 0.0315       |
|    n_updates            | 160          |
|    policy_gradient_loss | -0.00411     |
|    std                  | 0.949        |
|    value_loss           | 0.103        |
------------------------------------------
-----------------------------------------
| rollout/                |             |
|    ep_len_mean          | 400         |
|    ep_rew_mean          | -0.288      |
|    success_rate         | 0           |
| time/                   |             |
|    fps                  | 2123        |
|    iterations           | 17          |
|    time_elapsed         | 98          |
|    total_timesteps      | 208896      |
| train/                  |             |
|    approx_kl            | 0.008812693 |
|    clip_fraction        | 0.102       |
|    clip_range           | 0.2         |
|    entropy_loss         | -2.71       |
|    explained_variance   | 0.961       |
|    learning_rate        | 0.0003      |
|    loss                 | -0.0408     |
|    n_updates            | 160         |
|    policy_gradient_loss | -0.0105     |
|    std                  | 0.939       |
|    value_loss           | 0.00397     |
-----------------------------------------
-----------------------------------------
| rollout/                |             |
|    ep_len_mean          | 400         |
|    ep_rew_mean          | 0.96        |
|    success_rate         | 0           |
| time/                   |             |
|    fps                  | 2162        |
|    iterations           | 18          |
|    time_elapsed         | 102         |
|    total_timesteps      | 221184      |
| train/                  |             |
|    approx_kl            | 0.007917904 |
|    clip_fraction        | 0.0912      |
|    clip_range           | 0.2         |
|    entropy_loss         | -2.75       |
|    explained_variance   | 0.969       |
|    learning_rate        | 0.0003      |
|    loss                 | -0.026      |
|    n_updates            | 170         |
|    policy_gradient_loss | -0.00751    |
|    std                  | 0.961       |
|    value_loss           | 0.026       |
-----------------------------------------
-----------------------------------------
| rollout/                |             |
|    ep_len_mean          | 400         |
|    ep_rew_mean          | -0.0702     |
|    success_rate         | 0           |
| time/                   |             |
|    fps                  | 2117        |
|    iterations           | 18          |
|    time_elapsed         | 104         |
|    total_timesteps      | 221184      |
| train/                  |             |
|    approx_kl            | 0.009597228 |
|    clip_fraction        | 0.102       |
|    clip_range           | 0.2         |
|    entropy_loss         | -2.7        |
|    explained_variance   | 0.961       |
|    learning_rate        | 0.0003      |
|    loss                 | -0.0395     |
|    n_updates            | 170         |
|    policy_gradient_loss | -0.00929    |
|    std                  | 0.93        |
|    value_loss           | 0.00346     |
-----------------------------------------
-----------------------------------------
| rollout/                |             |
|    ep_len_mean          | 400         |
|    ep_rew_mean          | 1.15        |
|    success_rate         | 0           |
| time/                   |             |
|    fps                  | 2157        |
|    iterations           | 19          |
|    time_elapsed         | 108         |
|    total_timesteps      | 233472      |
| train/                  |             |
|    approx_kl            | 0.008591016 |
|    clip_fraction        | 0.108       |
|    clip_range           | 0.2         |
|    entropy_loss         | -2.77       |
|    explained_variance   | 0.956       |
|    learning_rate        | 0.0003      |
|    loss                 | -0.0269     |
|    n_updates            | 180         |
|    policy_gradient_loss | -0.00968    |
|    std                  | 0.964       |
|    value_loss           | 0.0202      |
-----------------------------------------
-----------------------------------------
| rollout/                |             |
|    ep_len_mean          | 400         |
|    ep_rew_mean          | 0.185       |
|    success_rate         | 0           |
| time/                   |             |
|    fps                  | 2112        |
|    iterations           | 19          |
|    time_elapsed         | 110         |
|    total_timesteps      | 233472      |
| train/                  |             |
|    approx_kl            | 0.009210765 |
|    clip_fraction        | 0.102       |
|    clip_range           | 0.2         |
|    entropy_loss         | -2.7        |
|    explained_variance   | 0.92        |
|    learning_rate        | 0.0003      |
|    loss                 | -0.0299     |
|    n_updates            | 180         |
|    policy_gradient_loss | -0.00796    |
|    std                  | 0.932       |
|    value_loss           | 0.0104      |
-----------------------------------------
----------------------------------------
| rollout/                |            |
|    ep_len_mean          | 400        |
|    ep_rew_mean          | 1.31       |
|    success_rate         | 0          |
| time/                   |            |
|    fps                  | 2152       |
|    iterations           | 20         |
|    time_elapsed         | 114        |
|    total_timesteps      | 245760     |
| train/                  |            |
|    approx_kl            | 0.01011804 |
|    clip_fraction        | 0.125      |
|    clip_range           | 0.2        |
|    entropy_loss         | -2.76      |
|    explained_variance   | 0.936      |
|    learning_rate        | 0.0003     |
|    loss                 | -0.0169    |
|    n_updates            | 190        |
|    policy_gradient_loss | -0.0116    |
|    std                  | 0.964      |
|    value_loss           | 0.021      |
----------------------------------------
-----------------------------------------
| rollout/                |             |
|    ep_len_mean          | 400         |
|    ep_rew_mean          | 0.155       |
|    success_rate         | 0           |
| time/                   |             |
|    fps                  | 2107        |
|    iterations           | 20          |
|    time_elapsed         | 116         |
|    total_timesteps      | 245760      |
| train/                  |             |
|    approx_kl            | 0.009290243 |
|    clip_fraction        | 0.0995      |
|    clip_range           | 0.2         |
|    entropy_loss         | -2.7        |
|    explained_variance   | 0.887       |
|    learning_rate        | 0.0003      |
|    loss                 | -0.0271     |
|    n_updates            | 190         |
|    policy_gradient_loss | -0.00696    |
|    std                  | 0.932       |
|    value_loss           | 0.0163      |
-----------------------------------------
-----------------------------------------
| rollout/                |             |
|    ep_len_mean          | 400         |
|    ep_rew_mean          | 1.22        |
|    success_rate         | 0           |
| time/                   |             |
|    fps                  | 2149        |
|    iterations           | 21          |
|    time_elapsed         | 120         |
|    total_timesteps      | 258048      |
| train/                  |             |
|    approx_kl            | 0.009043475 |
|    clip_fraction        | 0.106       |
|    clip_range           | 0.2         |
|    entropy_loss         | -2.77       |
|    explained_variance   | 0.96        |
|    learning_rate        | 0.0003      |
|    loss                 | -0.0198     |
|    n_updates            | 200         |
|    policy_gradient_loss | -0.00894    |
|    std                  | 0.967       |
|    value_loss           | 0.00682     |
-----------------------------------------
------------------------------------------
| rollout/                |              |
|    ep_len_mean          | 400          |
|    ep_rew_mean          | 0.249        |
|    success_rate         | 0            |
| time/                   |              |
|    fps                  | 2102         |
|    iterations           | 21           |
|    time_elapsed         | 122          |
|    total_timesteps      | 258048       |
| train/                  |              |
|    approx_kl            | 0.0073875985 |
|    clip_fraction        | 0.0811       |
|    clip_range           | 0.2          |
|    entropy_loss         | -2.71        |
|    explained_variance   | 0.424        |
|    learning_rate        | 0.0003       |
|    loss                 | -0.0198      |
|    n_updates            | 200          |
|    policy_gradient_loss | -0.00143     |
|    std                  | 0.945        |
|    value_loss           | 0.132        |
------------------------------------------
-----------------------------------------
| rollout/                |             |
|    ep_len_mean          | 400         |
|    ep_rew_mean          | 1.04        |
|    success_rate         | 0           |
| time/                   |             |
|    fps                  | 2146        |
|    iterations           | 22          |
|    time_elapsed         | 125         |
|    total_timesteps      | 270336      |
| train/                  |             |
|    approx_kl            | 0.009544065 |
|    clip_fraction        | 0.106       |
|    clip_range           | 0.2         |
|    entropy_loss         | -2.76       |
|    explained_variance   | 0.952       |
|    learning_rate        | 0.0003      |
|    loss                 | -0.0403     |
|    n_updates            | 210         |
|    policy_gradient_loss | -0.00937    |
|    std                  | 0.96        |
|    value_loss           | 0.00401     |
-----------------------------------------
-----------------------------------------
| rollout/                |             |
|    ep_len_mean          | 399         |
|    ep_rew_mean          | -0.89       |
|    success_rate         | 0           |
| time/                   |             |
|    fps                  | 2098        |
|    iterations           | 22          |
|    time_elapsed         | 128         |
|    total_timesteps      | 270336      |
| train/                  |             |
|    approx_kl            | 0.008851287 |
|    clip_fraction        | 0.101       |
|    clip_range           | 0.2         |
|    entropy_loss         | -2.72       |
|    explained_variance   | 0.897       |
|    learning_rate        | 0.0003      |
|    loss                 | -0.0205     |
|    n_updates            | 210         |
|    policy_gradient_loss | -0.00788    |
|    std                  | 0.944       |
|    value_loss           | 0.00975     |
-----------------------------------------
-----------------------------------------
| rollout/                |             |
|    ep_len_mean          | 400         |
|    ep_rew_mean          | 0.816       |
|    success_rate         | 0           |
| time/                   |             |
|    fps                  | 2143        |
|    iterations           | 23          |
|    time_elapsed         | 131         |
|    total_timesteps      | 282624      |
| train/                  |             |
|    approx_kl            | 0.008436362 |
|    clip_fraction        | 0.0976      |
|    clip_range           | 0.2         |
|    entropy_loss         | -2.74       |
|    explained_variance   | 0.963       |
|    learning_rate        | 0.0003      |
|    loss                 | -0.013      |
|    n_updates            | 220         |
|    policy_gradient_loss | -0.00786    |
|    std                  | 0.947       |
|    value_loss           | 0.00299     |
-----------------------------------------
------------------------------------------
| rollout/                |              |
|    ep_len_mean          | 399          |
|    ep_rew_mean          | -1.1         |
|    success_rate         | 0            |
| time/                   |              |
|    fps                  | 2093         |
|    iterations           | 23           |
|    time_elapsed         | 134          |
|    total_timesteps      | 282624       |
| train/                  |              |
|    approx_kl            | 0.0060229152 |
|    clip_fraction        | 0.0548       |
|    clip_range           | 0.2          |
|    entropy_loss         | -2.75        |
|    explained_variance   | 0.513        |
|    learning_rate        | 0.0003       |
|    loss                 | 0.0249       |
|    n_updates            | 220          |
|    policy_gradient_loss | -0.000932    |
|    std                  | 0.969        |
|    value_loss           | 0.161        |
------------------------------------------
---------------------------------------
| rollout/                |           |
|    ep_len_mean          | 400       |
|    ep_rew_mean          | 0.85      |
|    success_rate         | 0         |
| time/                   |           |
|    fps                  | 2140      |
|    iterations           | 24        |
|    time_elapsed         | 137       |
|    total_timesteps      | 294912    |
| train/                  |           |
|    approx_kl            | 0.0090393 |
|    clip_fraction        | 0.0908    |
|    clip_range           | 0.2       |
|    entropy_loss         | -2.72     |
|    explained_variance   | 0.96      |
|    learning_rate        | 0.0003    |
|    loss                 | -0.0077   |
|    n_updates            | 230       |
|    policy_gradient_loss | -0.00736  |
|    std                  | 0.936     |
|    value_loss           | 0.00283   |
---------------------------------------
-----------------------------------------
| rollout/                |             |
|    ep_len_mean          | 399         |
|    ep_rew_mean          | -1.58       |
|    success_rate         | 0           |
| time/                   |             |
|    fps                  | 2089        |
|    iterations           | 24          |
|    time_elapsed         | 141         |
|    total_timesteps      | 294912      |
| train/                  |             |
|    approx_kl            | 0.008009235 |
|    clip_fraction        | 0.0727      |
|    clip_range           | 0.2         |
|    entropy_loss         | -2.79       |
|    explained_variance   | 0.85        |
|    learning_rate        | 0.0003      |
|    loss                 | -0.00366    |
|    n_updates            | 230         |
|    policy_gradient_loss | -0.00281    |
|    std                  | 0.983       |
|    value_loss           | 0.0772      |
-----------------------------------------
-----------------------------------------
| rollout/                |             |
|    ep_len_mean          | 400         |
|    ep_rew_mean          | 0.855       |
|    success_rate         | 0           |
| time/                   |             |
|    fps                  | 2138        |
|    iterations           | 25          |
|    time_elapsed         | 143         |
|    total_timesteps      | 307200      |
| train/                  |             |
|    approx_kl            | 0.008260303 |
|    clip_fraction        | 0.0922      |
|    clip_range           | 0.2         |
|    entropy_loss         | -2.68       |
|    explained_variance   | 0.957       |
|    learning_rate        | 0.0003      |
|    loss                 | -0.0182     |
|    n_updates            | 240         |
|    policy_gradient_loss | -0.00809    |
|    std                  | 0.918       |
|    value_loss           | 0.00281     |
-----------------------------------------
------------------------------------------
| rollout/                |              |
|    ep_len_mean          | 399          |
|    ep_rew_mean          | -1.62        |
|    success_rate         | 0            |
| time/                   |              |
|    fps                  | 2085         |
|    iterations           | 25           |
|    time_elapsed         | 147          |
|    total_timesteps      | 307200       |
| train/                  |              |
|    approx_kl            | 0.0064343666 |
|    clip_fraction        | 0.0659       |
|    clip_range           | 0.2          |
|    entropy_loss         | -2.83        |
|    explained_variance   | 0.878        |
|    learning_rate        | 0.0003       |
|    loss                 | -0.00881     |
|    n_updates            | 240          |
|    policy_gradient_loss | -0.00186     |
|    std                  | 1.01         |
|    value_loss           | 0.0508       |
------------------------------------------
-----------------------------------------
| rollout/                |             |
|    ep_len_mean          | 400         |
|    ep_rew_mean          | 0.899       |
|    success_rate         | 0           |
| time/                   |             |
|    fps                  | 2135        |
|    iterations           | 26          |
|    time_elapsed         | 149         |
|    total_timesteps      | 319488      |
| train/                  |             |
|    approx_kl            | 0.009535997 |
|    clip_fraction        | 0.097       |
|    clip_range           | 0.2         |
|    entropy_loss         | -2.66       |
|    explained_variance   | 0.971       |
|    learning_rate        | 0.0003      |
|    loss                 | -0.0165     |
|    n_updates            | 250         |
|    policy_gradient_loss | -0.00837    |
|    std                  | 0.913       |
|    value_loss           | 0.00322     |
-----------------------------------------
-----------------------------------------
| rollout/                |             |
|    ep_len_mean          | 399         |
|    ep_rew_mean          | -1.65       |
|    success_rate         | 0           |
| time/                   |             |
|    fps                  | 2081        |
|    iterations           | 26          |
|    time_elapsed         | 153         |
|    total_timesteps      | 319488      |
| train/                  |             |
|    approx_kl            | 0.006855263 |
|    clip_fraction        | 0.054       |
|    clip_range           | 0.2         |
|    entropy_loss         | -2.87       |
|    explained_variance   | 0.856       |
|    learning_rate        | 0.0003      |
|    loss                 | 0.0277      |
|    n_updates            | 250         |
|    policy_gradient_loss | -0.00495    |
|    std                  | 1.03        |
|    value_loss           | 0.206       |
-----------------------------------------
-----------------------------------------
| rollout/                |             |
|    ep_len_mean          | 400         |
|    ep_rew_mean          | 1.1         |
|    success_rate         | 0           |
| time/                   |             |
|    fps                  | 2132        |
|    iterations           | 27          |
|    time_elapsed         | 155         |
|    total_timesteps      | 331776      |
| train/                  |             |
|    approx_kl            | 0.010819792 |
|    clip_fraction        | 0.116       |
|    clip_range           | 0.2         |
|    entropy_loss         | -2.63       |
|    explained_variance   | 0.974       |
|    learning_rate        | 0.0003      |
|    loss                 | -0.0385     |
|    n_updates            | 260         |
|    policy_gradient_loss | -0.00925    |
|    std                  | 0.898       |
|    value_loss           | 0.00194     |
-----------------------------------------
------------------------------------------
| rollout/                |              |
|    ep_len_mean          | 399          |
|    ep_rew_mean          | -1.12        |
|    success_rate         | 0            |
| time/                   |              |
|    fps                  | 2078         |
|    iterations           | 27           |
|    time_elapsed         | 159          |
|    total_timesteps      | 331776       |
| train/                  |              |
|    approx_kl            | 0.0079896385 |
|    clip_fraction        | 0.0844       |
|    clip_range           | 0.2          |
|    entropy_loss         | -2.91        |
|    explained_variance   | 0.924        |
|    learning_rate        | 0.0003       |
|    loss                 | 0.0294       |
|    n_updates            | 260          |
|    policy_gradient_loss | -0.00467     |
|    std                  | 1.04         |
|    value_loss           | 0.0766       |
------------------------------------------
-----------------------------------------
| rollout/                |             |
|    ep_len_mean          | 400         |
|    ep_rew_mean          | 1.24        |
|    success_rate         | 0           |
| time/                   |             |
|    fps                  | 2130        |
|    iterations           | 28          |
|    time_elapsed         | 161         |
|    total_timesteps      | 344064      |
| train/                  |             |
|    approx_kl            | 0.009932448 |
|    clip_fraction        | 0.114       |
|    clip_range           | 0.2         |
|    entropy_loss         | -2.6        |
|    explained_variance   | 0.98        |
|    learning_rate        | 0.0003      |
|    loss                 | -0.0205     |
|    n_updates            | 270         |
|    policy_gradient_loss | -0.00962    |
|    std                  | 0.884       |
|    value_loss           | 0.00277     |
-----------------------------------------
-----------------------------------------
| rollout/                |             |
|    ep_len_mean          | 400         |
|    ep_rew_mean          | -0.357      |
|    success_rate         | 0           |
| time/                   |             |
|    fps                  | 2075        |
|    iterations           | 28          |
|    time_elapsed         | 165         |
|    total_timesteps      | 344064      |
| train/                  |             |
|    approx_kl            | 0.007928013 |
|    clip_fraction        | 0.0778      |
|    clip_range           | 0.2         |
|    entropy_loss         | -2.92       |
|    explained_variance   | 0.92        |
|    learning_rate        | 0.0003      |
|    loss                 | 0.000618    |
|    n_updates            | 270         |
|    policy_gradient_loss | -0.00607    |
|    std                  | 1.04        |
|    value_loss           | 0.0643      |
-----------------------------------------
-----------------------------------------
| rollout/                |             |
|    ep_len_mean          | 400         |
|    ep_rew_mean          | 1.49        |
|    success_rate         | 0           |
| time/                   |             |
|    fps                  | 2126        |
|    iterations           | 29          |
|    time_elapsed         | 167         |
|    total_timesteps      | 356352      |
| train/                  |             |
|    approx_kl            | 0.009609605 |
|    clip_fraction        | 0.107       |
|    clip_range           | 0.2         |
|    entropy_loss         | -2.59       |
|    explained_variance   | 0.98        |
|    learning_rate        | 0.0003      |
|    loss                 | -0.000199   |
|    n_updates            | 280         |
|    policy_gradient_loss | -0.00796    |
|    std                  | 0.883       |
|    value_loss           | 0.00301     |
-----------------------------------------
-----------------------------------------
| rollout/                |             |
|    ep_len_mean          | 400         |
|    ep_rew_mean          | 0.331       |
|    success_rate         | 0           |
| time/                   |             |
|    fps                  | 2071        |
|    iterations           | 29          |
|    time_elapsed         | 171         |
|    total_timesteps      | 356352      |
| train/                  |             |
|    approx_kl            | 0.007600151 |
|    clip_fraction        | 0.076       |
|    clip_range           | 0.2         |
|    entropy_loss         | -2.93       |
|    explained_variance   | 0.912       |
|    learning_rate        | 0.0003      |
|    loss                 | -0.025      |
|    n_updates            | 280         |
|    policy_gradient_loss | -0.00733    |
|    std                  | 1.05        |
|    value_loss           | 0.0301      |
-----------------------------------------
----------------------------------------
| rollout/                |            |
|    ep_len_mean          | 400        |
|    ep_rew_mean          | 1.6        |
|    success_rate         | 0          |
| time/                   |            |
|    fps                  | 2123       |
|    iterations           | 30         |
|    time_elapsed         | 173        |
|    total_timesteps      | 368640     |
| train/                  |            |
|    approx_kl            | 0.00911387 |
|    clip_fraction        | 0.102      |
|    clip_range           | 0.2        |
|    entropy_loss         | -2.59      |
|    explained_variance   | 0.982      |
|    learning_rate        | 0.0003     |
|    loss                 | -0.012     |
|    n_updates            | 290        |
|    policy_gradient_loss | -0.00842   |
|    std                  | 0.882      |
|    value_loss           | 0.00301    |
----------------------------------------
-----------------------------------------
| rollout/                |             |
|    ep_len_mean          | 400         |
|    ep_rew_mean          | 0.278       |
|    success_rate         | 0           |
| time/                   |             |
|    fps                  | 2070        |
|    iterations           | 30          |
|    time_elapsed         | 178         |
|    total_timesteps      | 368640      |
| train/                  |             |
|    approx_kl            | 0.008568458 |
|    clip_fraction        | 0.088       |
|    clip_range           | 0.2         |
|    entropy_loss         | -2.95       |
|    explained_variance   | 0.94        |
|    learning_rate        | 0.0003      |
|    loss                 | -0.0139     |
|    n_updates            | 290         |
|    policy_gradient_loss | -0.0072     |
|    std                  | 1.06        |
|    value_loss           | 0.033       |
-----------------------------------------
-----------------------------------------
| rollout/                |             |
|    ep_len_mean          | 400         |
|    ep_rew_mean          | 1.81        |
|    success_rate         | 0           |
| time/                   |             |
|    fps                  | 2121        |
|    iterations           | 31          |
|    time_elapsed         | 179         |
|    total_timesteps      | 380928      |
| train/                  |             |
|    approx_kl            | 0.010014914 |
|    clip_fraction        | 0.109       |
|    clip_range           | 0.2         |
|    entropy_loss         | -2.57       |
|    explained_variance   | 0.987       |
|    learning_rate        | 0.0003      |
|    loss                 | -0.0401     |
|    n_updates            | 300         |
|    policy_gradient_loss | -0.00831    |
|    std                  | 0.872       |
|    value_loss           | 0.00251     |
-----------------------------------------
-----------------------------------------
| rollout/                |             |
|    ep_len_mean          | 400         |
|    ep_rew_mean          | 0.331       |
|    success_rate         | 0           |
| time/                   |             |
|    fps                  | 2069        |
|    iterations           | 31          |
|    time_elapsed         | 184         |
|    total_timesteps      | 380928      |
| train/                  |             |
|    approx_kl            | 0.007877556 |
|    clip_fraction        | 0.0827      |
|    clip_range           | 0.2         |
|    entropy_loss         | -2.96       |
|    explained_variance   | 0.922       |
|    learning_rate        | 0.0003      |
|    loss                 | -0.0151     |
|    n_updates            | 300         |
|    policy_gradient_loss | -0.00595    |
|    std                  | 1.06        |
|    value_loss           | 0.059       |
-----------------------------------------
-----------------------------------------
| rollout/                |             |
|    ep_len_mean          | 400         |
|    ep_rew_mean          | 1.91        |
|    success_rate         | 0           |
| time/                   |             |
|    fps                  | 2120        |
|    iterations           | 32          |
|    time_elapsed         | 185         |
|    total_timesteps      | 393216      |
| train/                  |             |
|    approx_kl            | 0.009779784 |
|    clip_fraction        | 0.11        |
|    clip_range           | 0.2         |
|    entropy_loss         | -2.57       |
|    explained_variance   | 0.985       |
|    learning_rate        | 0.0003      |
|    loss                 | -0.0194     |
|    n_updates            | 310         |
|    policy_gradient_loss | -0.00971    |
|    std                  | 0.875       |
|    value_loss           | 0.00375     |
-----------------------------------------
---------------------------------------
| rollout/                |           |
|    ep_len_mean          | 399       |
|    ep_rew_mean          | 0.591     |
|    success_rate         | 0.01      |
| time/                   |           |
|    fps                  | 2065      |
|    iterations           | 32        |
|    time_elapsed         | 190       |
|    total_timesteps      | 393216    |
| train/                  |           |
|    approx_kl            | 0.0098107 |
|    clip_fraction        | 0.105     |
|    clip_range           | 0.2       |
|    entropy_loss         | -2.95     |
|    explained_variance   | 0.939     |
|    learning_rate        | 0.0003    |
|    loss                 | -0.0333   |
|    n_updates            | 310       |
|    policy_gradient_loss | -0.00853  |
|    std                  | 1.06      |
|    value_loss           | 0.0338    |
---------------------------------------
----------------------------------------
| rollout/                |            |
|    ep_len_mean          | 400        |
|    ep_rew_mean          | 2.09       |
|    success_rate         | 0          |
| time/                   |            |
|    fps                  | 2116       |
|    iterations           | 33         |
|    time_elapsed         | 191        |
|    total_timesteps      | 405504     |
| train/                  |            |
|    approx_kl            | 0.00844467 |
|    clip_fraction        | 0.107      |
|    clip_range           | 0.2        |
|    entropy_loss         | -2.57      |
|    explained_variance   | 0.988      |
|    learning_rate        | 0.0003     |
|    loss                 | -0.0232    |
|    n_updates            | 320        |
|    policy_gradient_loss | -0.00777   |
|    std                  | 0.875      |
|    value_loss           | 0.00383    |
----------------------------------------
------------------------------------------
| rollout/                |              |
|    ep_len_mean          | 398          |
|    ep_rew_mean          | 1.41         |
|    success_rate         | 0.02         |
| time/                   |              |
|    fps                  | 2063         |
|    iterations           | 33           |
|    time_elapsed         | 196          |
|    total_timesteps      | 405504       |
| train/                  |              |
|    approx_kl            | 0.0077396794 |
|    clip_fraction        | 0.0729       |
|    clip_range           | 0.2          |
|    entropy_loss         | -2.96        |
|    explained_variance   | 0.828        |
|    learning_rate        | 0.0003       |
|    loss                 | 0.624        |
|    n_updates            | 320          |
|    policy_gradient_loss | -0.00527     |
|    std                  | 1.06         |
|    value_loss           | 0.424        |
------------------------------------------
-----------------------------------------
| rollout/                |             |
|    ep_len_mean          | 400         |
|    ep_rew_mean          | 2.17        |
|    success_rate         | 0           |
| time/                   |             |
|    fps                  | 2114        |
|    iterations           | 34          |
|    time_elapsed         | 197         |
|    total_timesteps      | 417792      |
| train/                  |             |
|    approx_kl            | 0.010369566 |
|    clip_fraction        | 0.115       |
|    clip_range           | 0.2         |
|    entropy_loss         | -2.56       |
|    explained_variance   | 0.989       |
|    learning_rate        | 0.0003      |
|    loss                 | -0.0212     |
|    n_updates            | 330         |
|    policy_gradient_loss | -0.00859    |
|    std                  | 0.871       |
|    value_loss           | 0.00466     |
-----------------------------------------
-----------------------------------------
| rollout/                |             |
|    ep_len_mean          | 398         |
|    ep_rew_mean          | 1.32        |
|    success_rate         | 0.02        |
| time/                   |             |
|    fps                  | 2059        |
|    iterations           | 34          |
|    time_elapsed         | 202         |
|    total_timesteps      | 417792      |
| train/                  |             |
|    approx_kl            | 0.009627483 |
|    clip_fraction        | 0.103       |
|    clip_range           | 0.2         |
|    entropy_loss         | -2.95       |
|    explained_variance   | 0.47        |
|    learning_rate        | 0.0003      |
|    loss                 | 0.0019      |
|    n_updates            | 330         |
|    policy_gradient_loss | -0.00506    |
|    std                  | 1.06        |
|    value_loss           | 0.119       |
-----------------------------------------
-----------------------------------------
| rollout/                |             |
|    ep_len_mean          | 400         |
|    ep_rew_mean          | 2.31        |
|    success_rate         | 0           |
| time/                   |             |
|    fps                  | 2111        |
|    iterations           | 35          |
|    time_elapsed         | 203         |
|    total_timesteps      | 430080      |
| train/                  |             |
|    approx_kl            | 0.010315567 |
|    clip_fraction        | 0.106       |
|    clip_range           | 0.2         |
|    entropy_loss         | -2.58       |
|    explained_variance   | 0.986       |
|    learning_rate        | 0.0003      |
|    loss                 | -0.0129     |
|    n_updates            | 340         |
|    policy_gradient_loss | -0.00934    |
|    std                  | 0.881       |
|    value_loss           | 0.00309     |
-----------------------------------------
-----------------------------------------
| rollout/                |             |
|    ep_len_mean          | 398         |
|    ep_rew_mean          | 0.995       |
|    success_rate         | 0.01        |
| time/                   |             |
|    fps                  | 2058        |
|    iterations           | 35          |
|    time_elapsed         | 208         |
|    total_timesteps      | 430080      |
| train/                  |             |
|    approx_kl            | 0.009682579 |
|    clip_fraction        | 0.104       |
|    clip_range           | 0.2         |
|    entropy_loss         | -2.95       |
|    explained_variance   | 0.927       |
|    learning_rate        | 0.0003      |
|    loss                 | -0.0101     |
|    n_updates            | 340         |
|    policy_gradient_loss | -0.0106     |
|    std                  | 1.06        |
|    value_loss           | 0.018       |
-----------------------------------------
-----------------------------------------
| rollout/                |             |
|    ep_len_mean          | 400         |
|    ep_rew_mean          | 2.22        |
|    success_rate         | 0           |
| time/                   |             |
|    fps                  | 2109        |
|    iterations           | 36          |
|    time_elapsed         | 209         |
|    total_timesteps      | 442368      |
| train/                  |             |
|    approx_kl            | 0.010511619 |
|    clip_fraction        | 0.126       |
|    clip_range           | 0.2         |
|    entropy_loss         | -2.58       |
|    explained_variance   | 0.989       |
|    learning_rate        | 0.0003      |
|    loss                 | -0.0274     |
|    n_updates            | 350         |
|    policy_gradient_loss | -0.00923    |
|    std                  | 0.874       |
|    value_loss           | 0.00246     |
-----------------------------------------
----------------------------------------
| rollout/                |            |
|    ep_len_mean          | 400        |
|    ep_rew_mean          | 0.818      |
|    success_rate         | 0          |
| time/                   |            |
|    fps                  | 2056       |
|    iterations           | 36         |
|    time_elapsed         | 215        |
|    total_timesteps      | 442368     |
| train/                  |            |
|    approx_kl            | 0.00844308 |
|    clip_fraction        | 0.0916     |
|    clip_range           | 0.2        |
|    entropy_loss         | -2.94      |
|    explained_variance   | 0.935      |
|    learning_rate        | 0.0003     |
|    loss                 | -0.0272    |
|    n_updates            | 350        |
|    policy_gradient_loss | -0.0104    |
|    std                  | 1.05       |
|    value_loss           | 0.0151     |
----------------------------------------
----------------------------------------
| rollout/                |            |
|    ep_len_mean          | 400        |
|    ep_rew_mean          | 2.27       |
|    success_rate         | 0          |
| time/                   |            |
|    fps                  | 2107       |
|    iterations           | 37         |
|    time_elapsed         | 215        |
|    total_timesteps      | 454656     |
| train/                  |            |
|    approx_kl            | 0.01081748 |
|    clip_fraction        | 0.115      |
|    clip_range           | 0.2        |
|    entropy_loss         | -2.56      |
|    explained_variance   | 0.989      |
|    learning_rate        | 0.0003     |
|    loss                 | -0.00669   |
|    n_updates            | 360        |
|    policy_gradient_loss | -0.00852   |
|    std                  | 0.87       |
|    value_loss           | 0.00286    |
----------------------------------------
-----------------------------------------
| rollout/                |             |
|    ep_len_mean          | 400         |
|    ep_rew_mean          | 0.89        |
|    success_rate         | 0           |
| time/                   |             |
|    fps                  | 2056        |
|    iterations           | 37          |
|    time_elapsed         | 221         |
|    total_timesteps      | 454656      |
| train/                  |             |
|    approx_kl            | 0.010260932 |
|    clip_fraction        | 0.113       |
|    clip_range           | 0.2         |
|    entropy_loss         | -2.93       |
|    explained_variance   | 0.949       |
|    learning_rate        | 0.0003      |
|    loss                 | -0.0363     |
|    n_updates            | 360         |
|    policy_gradient_loss | -0.0114     |
|    std                  | 1.05        |
|    value_loss           | 0.0118      |
-----------------------------------------
-----------------------------------------
| rollout/                |             |
|    ep_len_mean          | 400         |
|    ep_rew_mean          | 2.36        |
|    success_rate         | 0           |
| time/                   |             |
|    fps                  | 2106        |
|    iterations           | 38          |
|    time_elapsed         | 221         |
|    total_timesteps      | 466944      |
| train/                  |             |
|    approx_kl            | 0.010368685 |
|    clip_fraction        | 0.111       |
|    clip_range           | 0.2         |
|    entropy_loss         | -2.56       |
|    explained_variance   | 0.992       |
|    learning_rate        | 0.0003      |
|    loss                 | -0.0313     |
|    n_updates            | 370         |
|    policy_gradient_loss | -0.00896    |
|    std                  | 0.87        |
|    value_loss           | 0.00156     |
-----------------------------------------
----------------------------------------
| rollout/                |            |
|    ep_len_mean          | 400        |
|    ep_rew_mean          | 0.927      |
|    success_rate         | 0          |
| time/                   |            |
|    fps                  | 2055       |
|    iterations           | 38         |
|    time_elapsed         | 227        |
|    total_timesteps      | 466944     |
| train/                  |            |
|    approx_kl            | 0.00944706 |
|    clip_fraction        | 0.0978     |
|    clip_range           | 0.2        |
|    entropy_loss         | -2.92      |
|    explained_variance   | 0.942      |
|    learning_rate        | 0.0003     |
|    loss                 | -0.0181    |
|    n_updates            | 370        |
|    policy_gradient_loss | -0.0102    |
|    std                  | 1.04       |
|    value_loss           | 0.0111     |
----------------------------------------
-----------------------------------------
| rollout/                |             |
|    ep_len_mean          | 400         |
|    ep_rew_mean          | 2.41        |
|    success_rate         | 0           |
| time/                   |             |
|    fps                  | 2105        |
|    iterations           | 39          |
|    time_elapsed         | 227         |
|    total_timesteps      | 479232      |
| train/                  |             |
|    approx_kl            | 0.010113302 |
|    clip_fraction        | 0.107       |
|    clip_range           | 0.2         |
|    entropy_loss         | -2.55       |
|    explained_variance   | 0.992       |
|    learning_rate        | 0.0003      |
|    loss                 | -0.0224     |
|    n_updates            | 380         |
|    policy_gradient_loss | -0.00868    |
|    std                  | 0.863       |
|    value_loss           | 0.0018      |
-----------------------------------------
-----------------------------------------
| rollout/                |             |
|    ep_len_mean          | 400         |
|    ep_rew_mean          | 0.962       |
|    success_rate         | 0           |
| time/                   |             |
|    fps                  | 2054        |
|    iterations           | 39          |
|    time_elapsed         | 233         |
|    total_timesteps      | 479232      |
| train/                  |             |
|    approx_kl            | 0.010441584 |
|    clip_fraction        | 0.113       |
|    clip_range           | 0.2         |
|    entropy_loss         | -2.91       |
|    explained_variance   | 0.947       |
|    learning_rate        | 0.0003      |
|    loss                 | -0.023      |
|    n_updates            | 380         |
|    policy_gradient_loss | -0.0116     |
|    std                  | 1.04        |
|    value_loss           | 0.00781     |
-----------------------------------------
------------------------------------------
| rollout/                |              |
|    ep_len_mean          | 400          |
|    ep_rew_mean          | 2.57         |
|    success_rate         | 0            |
| time/                   |              |
|    fps                  | 2103         |
|    iterations           | 40           |
|    time_elapsed         | 233          |
|    total_timesteps      | 491520       |
| train/                  |              |
|    approx_kl            | 0.0110443635 |
|    clip_fraction        | 0.117        |
|    clip_range           | 0.2          |
|    entropy_loss         | -2.52        |
|    explained_variance   | 0.994        |
|    learning_rate        | 0.0003       |
|    loss                 | -0.0238      |
|    n_updates            | 390          |
|    policy_gradient_loss | -0.0112      |
|    std                  | 0.849        |
|    value_loss           | 0.00126      |
------------------------------------------
-----------------------------------------
| rollout/                |             |
|    ep_len_mean          | 400         |
|    ep_rew_mean          | 0.993       |
|    success_rate         | 0           |
| time/                   |             |
|    fps                  | 2053        |
|    iterations           | 40          |
|    time_elapsed         | 239         |
|    total_timesteps      | 491520      |
| train/                  |             |
|    approx_kl            | 0.010059696 |
|    clip_fraction        | 0.101       |
|    clip_range           | 0.2         |
|    entropy_loss         | -2.89       |
|    explained_variance   | 0.946       |
|    learning_rate        | 0.0003      |
|    loss                 | -0.0122     |
|    n_updates            | 390         |
|    policy_gradient_loss | -0.0113     |
|    std                  | 1.02        |
|    value_loss           | 0.00767     |
-----------------------------------------
-----------------------------------------
| rollout/                |             |
|    ep_len_mean          | 400         |
|    ep_rew_mean          | 2.66        |
|    success_rate         | 0           |
| time/                   |             |
|    fps                  | 2103        |
|    iterations           | 41          |
|    time_elapsed         | 239         |
|    total_timesteps      | 503808      |
| train/                  |             |
|    approx_kl            | 0.010877934 |
|    clip_fraction        | 0.119       |
|    clip_range           | 0.2         |
|    entropy_loss         | -2.48       |
|    explained_variance   | 0.996       |
|    learning_rate        | 0.0003      |
|    loss                 | -0.0418     |
|    n_updates            | 400         |
|    policy_gradient_loss | -0.0102     |
|    std                  | 0.832       |
|    value_loss           | 0.00174     |
-----------------------------------------
-----------------------------------------
| rollout/                |             |
|    ep_len_mean          | 400         |
|    ep_rew_mean          | 0.993       |
|    success_rate         | 0           |
| time/                   |             |
|    fps                  | 2051        |
|    iterations           | 41          |
|    time_elapsed         | 245         |
|    total_timesteps      | 503808      |
| train/                  |             |
|    approx_kl            | 0.010778655 |
|    clip_fraction        | 0.12        |
|    clip_range           | 0.2         |
|    entropy_loss         | -2.87       |
|    explained_variance   | 0.954       |
|    learning_rate        | 0.0003      |
|    loss                 | -0.0342     |
|    n_updates            | 400         |
|    policy_gradient_loss | -0.0116     |
|    std                  | 1.01        |
|    value_loss           | 0.00632     |
-----------------------------------------
------------------------------------------
| rollout/                |              |
|    ep_len_mean          | 400          |
|    ep_rew_mean          | 2.99         |
|    success_rate         | 0            |
| time/                   |              |
|    fps                  | 2101         |
|    iterations           | 42           |
|    time_elapsed         | 245          |
|    total_timesteps      | 516096       |
| train/                  |              |
|    approx_kl            | 0.0088876765 |
|    clip_fraction        | 0.109        |
|    clip_range           | 0.2          |
|    entropy_loss         | -2.45        |
|    explained_variance   | 0.996        |
|    learning_rate        | 0.0003       |
|    loss                 | -0.0126      |
|    n_updates            | 410          |
|    policy_gradient_loss | -0.00727     |
|    std                  | 0.824        |
|    value_loss           | 0.00117      |
------------------------------------------
-----------------------------------------
| rollout/                |             |
|    ep_len_mean          | 400         |
|    ep_rew_mean          | 3.07        |
|    success_rate         | 0           |
| time/                   |             |
|    fps                  | 2099        |
|    iterations           | 43          |
|    time_elapsed         | 251         |
|    total_timesteps      | 528384      |
| train/                  |             |
|    approx_kl            | 0.010589053 |
|    clip_fraction        | 0.118       |
|    clip_range           | 0.2         |
|    entropy_loss         | -2.44       |
|    explained_variance   | 0.974       |
|    learning_rate        | 0.0003      |
|    loss                 | -0.0122     |
|    n_updates            | 420         |
|    policy_gradient_loss | -0.00659    |
|    std                  | 0.815       |
|    value_loss           | 0.0152      |
-----------------------------------------
-----------------------------------------
| rollout/                |             |
|    ep_len_mean          | 400         |
|    ep_rew_mean          | 0.896       |
|    success_rate         | 0           |
| time/                   |             |
|    fps                  | 2050        |
|    iterations           | 42          |
|    time_elapsed         | 251         |
|    total_timesteps      | 516096      |
| train/                  |             |
|    approx_kl            | 0.010488319 |
|    clip_fraction        | 0.105       |
|    clip_range           | 0.2         |
|    entropy_loss         | -2.85       |
|    explained_variance   | 0.946       |
|    learning_rate        | 0.0003      |
|    loss                 | -0.0331     |
|    n_updates            | 410         |
|    policy_gradient_loss | -0.00992    |
|    std                  | 1.01        |
|    value_loss           | 0.00763     |
-----------------------------------------
-----------------------------------------
| rollout/                |             |
|    ep_len_mean          | 400         |
|    ep_rew_mean          | 3.25        |
|    success_rate         | 0           |
| time/                   |             |
|    fps                  | 2099        |
|    iterations           | 44          |
|    time_elapsed         | 257         |
|    total_timesteps      | 540672      |
| train/                  |             |
|    approx_kl            | 0.009957332 |
|    clip_fraction        | 0.11        |
|    clip_range           | 0.2         |
|    entropy_loss         | -2.42       |
|    explained_variance   | 0.993       |
|    learning_rate        | 0.0003      |
|    loss                 | -0.0222     |
|    n_updates            | 430         |
|    policy_gradient_loss | -0.00732    |
|    std                  | 0.809       |
|    value_loss           | 0.002       |
-----------------------------------------
-----------------------------------------
| rollout/                |             |
|    ep_len_mean          | 400         |
|    ep_rew_mean          | 0.876       |
|    success_rate         | 0           |
| time/                   |             |
|    fps                  | 2050        |
|    iterations           | 43          |
|    time_elapsed         | 257         |
|    total_timesteps      | 528384      |
| train/                  |             |
|    approx_kl            | 0.010015488 |
|    clip_fraction        | 0.115       |
|    clip_range           | 0.2         |
|    entropy_loss         | -2.85       |
|    explained_variance   | 0.965       |
|    learning_rate        | 0.0003      |
|    loss                 | -0.0359     |
|    n_updates            | 420         |
|    policy_gradient_loss | -0.0107     |
|    std                  | 1.01        |
|    value_loss           | 0.0056      |
-----------------------------------------
----------------------------------------
| rollout/                |            |
|    ep_len_mean          | 400        |
|    ep_rew_mean          | 3.28       |
|    success_rate         | 0          |
| time/                   |            |
|    fps                  | 2098       |
|    iterations           | 45         |
|    time_elapsed         | 263        |
|    total_timesteps      | 552960     |
| train/                  |            |
|    approx_kl            | 0.00915503 |
|    clip_fraction        | 0.109      |
|    clip_range           | 0.2        |
|    entropy_loss         | -2.4       |
|    explained_variance   | 0.996      |
|    learning_rate        | 0.0003     |
|    loss                 | -0.0198    |
|    n_updates            | 440        |
|    policy_gradient_loss | -0.00784   |
|    std                  | 0.8        |
|    value_loss           | 0.00168    |
----------------------------------------
-----------------------------------------
| rollout/                |             |
|    ep_len_mean          | 400         |
|    ep_rew_mean          | 0.448       |
|    success_rate         | 0           |
| time/                   |             |
|    fps                  | 2048        |
|    iterations           | 44          |
|    time_elapsed         | 263         |
|    total_timesteps      | 540672      |
| train/                  |             |
|    approx_kl            | 0.008819592 |
|    clip_fraction        | 0.0962      |
|    clip_range           | 0.2         |
|    entropy_loss         | -2.85       |
|    explained_variance   | 0.966       |
|    learning_rate        | 0.0003      |
|    loss                 | -0.0279     |
|    n_updates            | 430         |
|    policy_gradient_loss | -0.00925    |
|    std                  | 1           |
|    value_loss           | 0.00537     |
-----------------------------------------
------------------------------------------
| rollout/                |              |
|    ep_len_mean          | 400          |
|    ep_rew_mean          | 3.23         |
|    success_rate         | 0            |
| time/                   |              |
|    fps                  | 2097         |
|    iterations           | 46           |
|    time_elapsed         | 269          |
|    total_timesteps      | 565248       |
| train/                  |              |
|    approx_kl            | 0.0108711915 |
|    clip_fraction        | 0.126        |
|    clip_range           | 0.2          |
|    entropy_loss         | -2.39        |
|    explained_variance   | 0.995        |
|    learning_rate        | 0.0003       |
|    loss                 | -0.0354      |
|    n_updates            | 450          |
|    policy_gradient_loss | -0.00883     |
|    std                  | 0.798        |
|    value_loss           | 0.00172      |
------------------------------------------
-----------------------------------------
| rollout/                |             |
|    ep_len_mean          | 400         |
|    ep_rew_mean          | 0.18        |
|    success_rate         | 0           |
| time/                   |             |
|    fps                  | 2047        |
|    iterations           | 45          |
|    time_elapsed         | 270         |
|    total_timesteps      | 552960      |
| train/                  |             |
|    approx_kl            | 0.009234064 |
|    clip_fraction        | 0.0898      |
|    clip_range           | 0.2         |
|    entropy_loss         | -2.87       |
|    explained_variance   | 0.811       |
|    learning_rate        | 0.0003      |
|    loss                 | -0.0417     |
|    n_updates            | 440         |
|    policy_gradient_loss | -0.00474    |
|    std                  | 1.02        |
|    value_loss           | 0.0179      |
-----------------------------------------
-----------------------------------------
| rollout/                |             |
|    ep_len_mean          | 400         |
|    ep_rew_mean          | 3.32        |
|    success_rate         | 0           |
| time/                   |             |
|    fps                  | 2095        |
|    iterations           | 47          |
|    time_elapsed         | 275         |
|    total_timesteps      | 577536      |
| train/                  |             |
|    approx_kl            | 0.011624382 |
|    clip_fraction        | 0.136       |
|    clip_range           | 0.2         |
|    entropy_loss         | -2.39       |
|    explained_variance   | 0.995       |
|    learning_rate        | 0.0003      |
|    loss                 | -0.0202     |
|    n_updates            | 460         |
|    policy_gradient_loss | -0.00708    |
|    std                  | 0.795       |
|    value_loss           | 0.002       |
-----------------------------------------
-----------------------------------------
| rollout/                |             |
|    ep_len_mean          | 399         |
|    ep_rew_mean          | -0.35       |
|    success_rate         | 0           |
| time/                   |             |
|    fps                  | 2046        |
|    iterations           | 46          |
|    time_elapsed         | 276         |
|    total_timesteps      | 565248      |
| train/                  |             |
|    approx_kl            | 0.009164249 |
|    clip_fraction        | 0.0821      |
|    clip_range           | 0.2         |
|    entropy_loss         | -2.91       |
|    explained_variance   | 0.89        |
|    learning_rate        | 0.0003      |
|    loss                 | 0.0127      |
|    n_updates            | 450         |
|    policy_gradient_loss | -0.00499    |
|    std                  | 1.04        |
|    value_loss           | 0.0469      |
-----------------------------------------
-----------------------------------------
| rollout/                |             |
|    ep_len_mean          | 400         |
|    ep_rew_mean          | 3.74        |
|    success_rate         | 0.01        |
| time/                   |             |
|    fps                  | 2093        |
|    iterations           | 48          |
|    time_elapsed         | 281         |
|    total_timesteps      | 589824      |
| train/                  |             |
|    approx_kl            | 0.012478906 |
|    clip_fraction        | 0.141       |
|    clip_range           | 0.2         |
|    entropy_loss         | -2.35       |
|    explained_variance   | 0.982       |
|    learning_rate        | 0.0003      |
|    loss                 | -0.0152     |
|    n_updates            | 470         |
|    policy_gradient_loss | -0.00635    |
|    std                  | 0.782       |
|    value_loss           | 0.0159      |
-----------------------------------------
-----------------------------------------
| rollout/                |             |
|    ep_len_mean          | 399         |
|    ep_rew_mean          | -0.0395     |
|    success_rate         | 0           |
| time/                   |             |
|    fps                  | 2044        |
|    iterations           | 47          |
|    time_elapsed         | 282         |
|    total_timesteps      | 577536      |
| train/                  |             |
|    approx_kl            | 0.010358698 |
|    clip_fraction        | 0.106       |
|    clip_range           | 0.2         |
|    entropy_loss         | -2.92       |
|    explained_variance   | 0.93        |
|    learning_rate        | 0.0003      |
|    loss                 | -0.0254     |
|    n_updates            | 460         |
|    policy_gradient_loss | -0.00558    |
|    std                  | 1.04        |
|    value_loss           | 0.0284      |
-----------------------------------------
-----------------------------------------
| rollout/                |             |
|    ep_len_mean          | 400         |
|    ep_rew_mean          | 3.95        |
|    success_rate         | 0.01        |
| time/                   |             |
|    fps                  | 2093        |
|    iterations           | 49          |
|    time_elapsed         | 287         |
|    total_timesteps      | 602112      |
| train/                  |             |
|    approx_kl            | 0.012947313 |
|    clip_fraction        | 0.129       |
|    clip_range           | 0.2         |
|    entropy_loss         | -2.33       |
|    explained_variance   | 0.85        |
|    learning_rate        | 0.0003      |
|    loss                 | -0.0125     |
|    n_updates            | 480         |
|    policy_gradient_loss | -0.00369    |
|    std                  | 0.773       |
|    value_loss           | 0.11        |
-----------------------------------------
-----------------------------------------
| rollout/                |             |
|    ep_len_mean          | 399         |
|    ep_rew_mean          | 0.428       |
|    success_rate         | 0           |
| time/                   |             |
|    fps                  | 2044        |
|    iterations           | 48          |
|    time_elapsed         | 288         |
|    total_timesteps      | 589824      |
| train/                  |             |
|    approx_kl            | 0.010359181 |
|    clip_fraction        | 0.131       |
|    clip_range           | 0.2         |
|    entropy_loss         | -2.92       |
|    explained_variance   | 0.971       |
|    learning_rate        | 0.0003      |
|    loss                 | -0.0392     |
|    n_updates            | 470         |
|    policy_gradient_loss | -0.0123     |
|    std                  | 1.04        |
|    value_loss           | 0.00641     |
-----------------------------------------
-----------------------------------------
| rollout/                |             |
|    ep_len_mean          | 400         |
|    ep_rew_mean          | 3.98        |
|    success_rate         | 0.01        |
| time/                   |             |
|    fps                  | 2092        |
|    iterations           | 50          |
|    time_elapsed         | 293         |
|    total_timesteps      | 614400      |
| train/                  |             |
|    approx_kl            | 0.011343683 |
|    clip_fraction        | 0.118       |
|    clip_range           | 0.2         |
|    entropy_loss         | -2.32       |
|    explained_variance   | 0.949       |
|    learning_rate        | 0.0003      |
|    loss                 | 0.0143      |
|    n_updates            | 490         |
|    policy_gradient_loss | -0.00392    |
|    std                  | 0.771       |
|    value_loss           | 0.0368      |
-----------------------------------------
-----------------------------------------
| rollout/                |             |
|    ep_len_mean          | 400         |
|    ep_rew_mean          | 0.982       |
|    success_rate         | 0           |
| time/                   |             |
|    fps                  | 2042        |
|    iterations           | 49          |
|    time_elapsed         | 294         |
|    total_timesteps      | 602112      |
| train/                  |             |
|    approx_kl            | 0.009719744 |
|    clip_fraction        | 0.117       |
|    clip_range           | 0.2         |
|    entropy_loss         | -2.92       |
|    explained_variance   | 0.968       |
|    learning_rate        | 0.0003      |
|    loss                 | -0.0339     |
|    n_updates            | 480         |
|    policy_gradient_loss | -0.0111     |
|    std                  | 1.04        |
|    value_loss           | 0.00597     |
-----------------------------------------
------------------------------------------
| rollout/                |              |
|    ep_len_mean          | 400          |
|    ep_rew_mean          | 3.88         |
|    success_rate         | 0            |
| time/                   |              |
|    fps                  | 2090         |
|    iterations           | 51           |
|    time_elapsed         | 299          |
|    total_timesteps      | 626688       |
| train/                  |              |
|    approx_kl            | 0.0117012495 |
|    clip_fraction        | 0.146        |
|    clip_range           | 0.2          |
|    entropy_loss         | -2.29        |
|    explained_variance   | 0.966        |
|    learning_rate        | 0.0003       |
|    loss                 | -0.0117      |
|    n_updates            | 500          |
|    policy_gradient_loss | -0.00552     |
|    std                  | 0.758        |
|    value_loss           | 0.0183       |
------------------------------------------
-----------------------------------------
| rollout/                |             |
|    ep_len_mean          | 400         |
|    ep_rew_mean          | 1.15        |
|    success_rate         | 0           |
| time/                   |             |
|    fps                  | 2042        |
|    iterations           | 50          |
|    time_elapsed         | 300         |
|    total_timesteps      | 614400      |
| train/                  |             |
|    approx_kl            | 0.009953349 |
|    clip_fraction        | 0.101       |
|    clip_range           | 0.2         |
|    entropy_loss         | -2.92       |
|    explained_variance   | 0.969       |
|    learning_rate        | 0.0003      |
|    loss                 | -0.0375     |
|    n_updates            | 490         |
|    policy_gradient_loss | -0.00974    |
|    std                  | 1.04        |
|    value_loss           | 0.00341     |
-----------------------------------------
-----------------------------------------
| rollout/                |             |
|    ep_len_mean          | 399         |
|    ep_rew_mean          | 4.92        |
|    success_rate         | 0.02        |
| time/                   |             |
|    fps                  | 2090        |
|    iterations           | 52          |
|    time_elapsed         | 305         |
|    total_timesteps      | 638976      |
| train/                  |             |
|    approx_kl            | 0.010692312 |
|    clip_fraction        | 0.128       |
|    clip_range           | 0.2         |
|    entropy_loss         | -2.27       |
|    explained_variance   | 0.897       |
|    learning_rate        | 0.0003      |
|    loss                 | 0.0666      |
|    n_updates            | 510         |
|    policy_gradient_loss | -0.00385    |
|    std                  | 0.753       |
|    value_loss           | 0.0927      |
-----------------------------------------
-----------------------------------------
| rollout/                |             |
|    ep_len_mean          | 400         |
|    ep_rew_mean          | 0.943       |
|    success_rate         | 0           |
| time/                   |             |
|    fps                  | 2041        |
|    iterations           | 51          |
|    time_elapsed         | 306         |
|    total_timesteps      | 626688      |
| train/                  |             |
|    approx_kl            | 0.010207835 |
|    clip_fraction        | 0.1         |
|    clip_range           | 0.2         |
|    entropy_loss         | -2.9        |
|    explained_variance   | 0.976       |
|    learning_rate        | 0.0003      |
|    loss                 | -0.0335     |
|    n_updates            | 500         |
|    policy_gradient_loss | -0.0104     |
|    std                  | 1.03        |
|    value_loss           | 0.00381     |
-----------------------------------------
----------------------------------------
| rollout/                |            |
|    ep_len_mean          | 394        |
|    ep_rew_mean          | 6.45       |
|    success_rate         | 0.05       |
| time/                   |            |
|    fps                  | 2090       |
|    iterations           | 53         |
|    time_elapsed         | 311        |
|    total_timesteps      | 651264     |
| train/                  |            |
|    approx_kl            | 0.01057871 |
|    clip_fraction        | 0.121      |
|    clip_range           | 0.2        |
|    entropy_loss         | -2.24      |
|    explained_variance   | 0.811      |
|    learning_rate        | 0.0003     |
|    loss                 | 0.00399    |
|    n_updates            | 520        |
|    policy_gradient_loss | -0.00423   |
|    std                  | 0.735      |
|    value_loss           | 0.264      |
----------------------------------------
-----------------------------------------
| rollout/                |             |
|    ep_len_mean          | 400         |
|    ep_rew_mean          | 0.966       |
|    success_rate         | 0           |
| time/                   |             |
|    fps                  | 2040        |
|    iterations           | 52          |
|    time_elapsed         | 313         |
|    total_timesteps      | 638976      |
| train/                  |             |
|    approx_kl            | 0.009278274 |
|    clip_fraction        | 0.0975      |
|    clip_range           | 0.2         |
|    entropy_loss         | -2.92       |
|    explained_variance   | 0.965       |
|    learning_rate        | 0.0003      |
|    loss                 | -0.0107     |
|    n_updates            | 510         |
|    policy_gradient_loss | -0.00869    |
|    std                  | 1.04        |
|    value_loss           | 0.0053      |
-----------------------------------------
-----------------------------------------
| rollout/                |             |
|    ep_len_mean          | 385         |
|    ep_rew_mean          | 8.84        |
|    success_rate         | 0.12        |
| time/                   |             |
|    fps                  | 2081        |
|    iterations           | 54          |
|    time_elapsed         | 318         |
|    total_timesteps      | 663552      |
| train/                  |             |
|    approx_kl            | 0.011634365 |
|    clip_fraction        | 0.123       |
|    clip_range           | 0.2         |
|    entropy_loss         | -2.22       |
|    explained_variance   | 0.82        |
|    learning_rate        | 0.0003      |
|    loss                 | 0.0243      |
|    n_updates            | 530         |
|    policy_gradient_loss | -0.00283    |
|    std                  | 0.736       |
|    value_loss           | 0.264       |
-----------------------------------------
-----------------------------------------
| rollout/                |             |
|    ep_len_mean          | 400         |
|    ep_rew_mean          | 0.835       |
|    success_rate         | 0           |
| time/                   |             |
|    fps                  | 2031        |
|    iterations           | 53          |
|    time_elapsed         | 320         |
|    total_timesteps      | 651264      |
| train/                  |             |
|    approx_kl            | 0.010558096 |
|    clip_fraction        | 0.109       |
|    clip_range           | 0.2         |
|    entropy_loss         | -2.9        |
|    explained_variance   | 0.967       |
|    learning_rate        | 0.0003      |
|    loss                 | -0.0278     |
|    n_updates            | 520         |
|    policy_gradient_loss | -0.0109     |
|    std                  | 1.03        |
|    value_loss           | 0.00356     |
-----------------------------------------
-----------------------------------------
| rollout/                |             |
|    ep_len_mean          | 379         |
|    ep_rew_mean          | 9.89        |
|    success_rate         | 0.16        |
| time/                   |             |
|    fps                  | 2072        |
|    iterations           | 55          |
|    time_elapsed         | 326         |
|    total_timesteps      | 675840      |
| train/                  |             |
|    approx_kl            | 0.010103001 |
|    clip_fraction        | 0.111       |
|    clip_range           | 0.2         |
|    entropy_loss         | -2.22       |
|    explained_variance   | 0.781       |
|    learning_rate        | 0.0003      |
|    loss                 | 0.139       |
|    n_updates            | 540         |
|    policy_gradient_loss | -0.00337    |
|    std                  | 0.731       |
|    value_loss           | 0.412       |
-----------------------------------------
-----------------------------------------
| rollout/                |             |
|    ep_len_mean          | 400         |
|    ep_rew_mean          | 0.827       |
|    success_rate         | 0           |
| time/                   |             |
|    fps                  | 2022        |
|    iterations           | 54          |
|    time_elapsed         | 328         |
|    total_timesteps      | 663552      |
| train/                  |             |
|    approx_kl            | 0.010172117 |
|    clip_fraction        | 0.11        |
|    clip_range           | 0.2         |
|    entropy_loss         | -2.88       |
|    explained_variance   | 0.973       |
|    learning_rate        | 0.0003      |
|    loss                 | -0.0424     |
|    n_updates            | 530         |
|    policy_gradient_loss | -0.0119     |
|    std                  | 1.02        |
|    value_loss           | 0.00344     |
-----------------------------------------
-----------------------------------------
| rollout/                |             |
|    ep_len_mean          | 373         |
|    ep_rew_mean          | 11.2        |
|    success_rate         | 0.2         |
| time/                   |             |
|    fps                  | 2062        |
|    iterations           | 56          |
|    time_elapsed         | 333         |
|    total_timesteps      | 688128      |
| train/                  |             |
|    approx_kl            | 0.010682006 |
|    clip_fraction        | 0.124       |
|    clip_range           | 0.2         |
|    entropy_loss         | -2.2        |
|    explained_variance   | 0.854       |
|    learning_rate        | 0.0003      |
|    loss                 | 0.111       |
|    n_updates            | 550         |
|    policy_gradient_loss | -0.0056     |
|    std                  | 0.726       |
|    value_loss           | 0.379       |
-----------------------------------------
-----------------------------------------
| rollout/                |             |
|    ep_len_mean          | 400         |
|    ep_rew_mean          | 0.879       |
|    success_rate         | 0           |
| time/                   |             |
|    fps                  | 2014        |
|    iterations           | 55          |
|    time_elapsed         | 335         |
|    total_timesteps      | 675840      |
| train/                  |             |
|    approx_kl            | 0.010516408 |
|    clip_fraction        | 0.117       |
|    clip_range           | 0.2         |
|    entropy_loss         | -2.87       |
|    explained_variance   | 0.974       |
|    learning_rate        | 0.0003      |
|    loss                 | -0.0316     |
|    n_updates            | 540         |
|    policy_gradient_loss | -0.00954    |
|    std                  | 1.02        |
|    value_loss           | 0.00346     |
-----------------------------------------
-----------------------------------------
| rollout/                |             |
|    ep_len_mean          | 369         |
|    ep_rew_mean          | 11.9        |
|    success_rate         | 0.23        |
| time/                   |             |
|    fps                  | 2053        |
|    iterations           | 57          |
|    time_elapsed         | 341         |
|    total_timesteps      | 700416      |
| train/                  |             |
|    approx_kl            | 0.011917323 |
|    clip_fraction        | 0.138       |
|    clip_range           | 0.2         |
|    entropy_loss         | -2.2        |
|    explained_variance   | 0.843       |
|    learning_rate        | 0.0003      |
|    loss                 | 0.262       |
|    n_updates            | 560         |
|    policy_gradient_loss | -0.00584    |
|    std                  | 0.729       |
|    value_loss           | 0.379       |
-----------------------------------------
-----------------------------------------
| rollout/                |             |
|    ep_len_mean          | 400         |
|    ep_rew_mean          | 0.984       |
|    success_rate         | 0           |
| time/                   |             |
|    fps                  | 2005        |
|    iterations           | 56          |
|    time_elapsed         | 343         |
|    total_timesteps      | 688128      |
| train/                  |             |
|    approx_kl            | 0.011271576 |
|    clip_fraction        | 0.107       |
|    clip_range           | 0.2         |
|    entropy_loss         | -2.87       |
|    explained_variance   | 0.969       |
|    learning_rate        | 0.0003      |
|    loss                 | -0.0442     |
|    n_updates            | 550         |
|    policy_gradient_loss | -0.00979    |
|    std                  | 1.02        |
|    value_loss           | 0.00378     |
-----------------------------------------
-----------------------------------------
| rollout/                |             |
|    ep_len_mean          | 367         |
|    ep_rew_mean          | 12.6        |
|    success_rate         | 0.24        |
| time/                   |             |
|    fps                  | 2043        |
|    iterations           | 58          |
|    time_elapsed         | 348         |
|    total_timesteps      | 712704      |
| train/                  |             |
|    approx_kl            | 0.010960594 |
|    clip_fraction        | 0.126       |
|    clip_range           | 0.2         |
|    entropy_loss         | -2.19       |
|    explained_variance   | 0.885       |
|    learning_rate        | 0.0003      |
|    loss                 | 0.199       |
|    n_updates            | 570         |
|    policy_gradient_loss | -0.00596    |
|    std                  | 0.72        |
|    value_loss           | 0.328       |
-----------------------------------------
-----------------------------------------
| rollout/                |             |
|    ep_len_mean          | 400         |
|    ep_rew_mean          | 0.959       |
|    success_rate         | 0           |
| time/                   |             |
|    fps                  | 1996        |
|    iterations           | 57          |
|    time_elapsed         | 350         |
|    total_timesteps      | 700416      |
| train/                  |             |
|    approx_kl            | 0.010511078 |
|    clip_fraction        | 0.111       |
|    clip_range           | 0.2         |
|    entropy_loss         | -2.86       |
|    explained_variance   | 0.974       |
|    learning_rate        | 0.0003      |
|    loss                 | -0.0433     |
|    n_updates            | 560         |
|    policy_gradient_loss | -0.01       |
|    std                  | 1.01        |
|    value_loss           | 0.00281     |
-----------------------------------------
-----------------------------------------
| rollout/                |             |
|    ep_len_mean          | 362         |
|    ep_rew_mean          | 13.8        |
|    success_rate         | 0.28        |
| time/                   |             |
|    fps                  | 2033        |
|    iterations           | 59          |
|    time_elapsed         | 356         |
|    total_timesteps      | 724992      |
| train/                  |             |
|    approx_kl            | 0.010245723 |
|    clip_fraction        | 0.104       |
|    clip_range           | 0.2         |
|    entropy_loss         | -2.17       |
|    explained_variance   | 0.883       |
|    learning_rate        | 0.0003      |
|    loss                 | 0.106       |
|    n_updates            | 580         |
|    policy_gradient_loss | -0.00451    |
|    std                  | 0.712       |
|    value_loss           | 0.238       |
-----------------------------------------
----------------------------------------
| rollout/                |            |
|    ep_len_mean          | 400        |
|    ep_rew_mean          | 1.01       |
|    success_rate         | 0          |
| time/                   |            |
|    fps                  | 1988       |
|    iterations           | 58         |
|    time_elapsed         | 358        |
|    total_timesteps      | 712704     |
| train/                  |            |
|    approx_kl            | 0.01014439 |
|    clip_fraction        | 0.111      |
|    clip_range           | 0.2        |
|    entropy_loss         | -2.85      |
|    explained_variance   | 0.966      |
|    learning_rate        | 0.0003     |
|    loss                 | -0.0561    |
|    n_updates            | 570        |
|    policy_gradient_loss | -0.0101    |
|    std                  | 1.01       |
|    value_loss           | 0.00372    |
----------------------------------------
------------------------------------------
| rollout/                |              |
|    ep_len_mean          | 362          |
|    ep_rew_mean          | 13.9         |
|    success_rate         | 0.26         |
| time/                   |              |
|    fps                  | 2023         |
|    iterations           | 60           |
|    time_elapsed         | 364          |
|    total_timesteps      | 737280       |
| train/                  |              |
|    approx_kl            | 0.0110044675 |
|    clip_fraction        | 0.118        |
|    clip_range           | 0.2          |
|    entropy_loss         | -2.15        |
|    explained_variance   | 0.897        |
|    learning_rate        | 0.0003       |
|    loss                 | 0.0809       |
|    n_updates            | 590          |
|    policy_gradient_loss | -0.00656     |
|    std                  | 0.705        |
|    value_loss           | 0.328        |
------------------------------------------
-----------------------------------------
| rollout/                |             |
|    ep_len_mean          | 400         |
|    ep_rew_mean          | 0.966       |
|    success_rate         | 0           |
| time/                   |             |
|    fps                  | 1979        |
|    iterations           | 59          |
|    time_elapsed         | 366         |
|    total_timesteps      | 724992      |
| train/                  |             |
|    approx_kl            | 0.010377499 |
|    clip_fraction        | 0.115       |
|    clip_range           | 0.2         |
|    entropy_loss         | -2.83       |
|    explained_variance   | 0.955       |
|    learning_rate        | 0.0003      |
|    loss                 | -0.0328     |
|    n_updates            | 580         |
|    policy_gradient_loss | -0.0111     |
|    std                  | 0.997       |
|    value_loss           | 0.0027      |
-----------------------------------------
-----------------------------------------
| rollout/                |             |
|    ep_len_mean          | 358         |
|    ep_rew_mean          | 14.8        |
|    success_rate         | 0.29        |
| time/                   |             |
|    fps                  | 2014        |
|    iterations           | 61          |
|    time_elapsed         | 372         |
|    total_timesteps      | 749568      |
| train/                  |             |
|    approx_kl            | 0.010536905 |
|    clip_fraction        | 0.122       |
|    clip_range           | 0.2         |
|    entropy_loss         | -2.13       |
|    explained_variance   | 0.92        |
|    learning_rate        | 0.0003      |
|    loss                 | 0.105       |
|    n_updates            | 600         |
|    policy_gradient_loss | -0.00571    |
|    std                  | 0.7         |
|    value_loss           | 0.289       |
-----------------------------------------
----------------------------------------
| rollout/                |            |
|    ep_len_mean          | 400        |
|    ep_rew_mean          | 0.971      |
|    success_rate         | 0          |
| time/                   |            |
|    fps                  | 1972       |
|    iterations           | 60         |
|    time_elapsed         | 373        |
|    total_timesteps      | 737280     |
| train/                  |            |
|    approx_kl            | 0.01115099 |
|    clip_fraction        | 0.129      |
|    clip_range           | 0.2        |
|    entropy_loss         | -2.83      |
|    explained_variance   | 0.967      |
|    learning_rate        | 0.0003     |
|    loss                 | -0.04      |
|    n_updates            | 590        |
|    policy_gradient_loss | -0.0107    |
|    std                  | 0.998      |
|    value_loss           | 0.00273    |
----------------------------------------
-----------------------------------------
| rollout/                |             |
|    ep_len_mean          | 356         |
|    ep_rew_mean          | 14.9        |
|    success_rate         | 0.29        |
| time/                   |             |
|    fps                  | 2005        |
|    iterations           | 62          |
|    time_elapsed         | 379         |
|    total_timesteps      | 761856      |
| train/                  |             |
|    approx_kl            | 0.009465072 |
|    clip_fraction        | 0.12        |
|    clip_range           | 0.2         |
|    entropy_loss         | -2.11       |
|    explained_variance   | 0.936       |
|    learning_rate        | 0.0003      |
|    loss                 | 0.0454      |
|    n_updates            | 610         |
|    policy_gradient_loss | -0.00526    |
|    std                  | 0.691       |
|    value_loss           | 0.265       |
-----------------------------------------
-----------------------------------------
| rollout/                |             |
|    ep_len_mean          | 400         |
|    ep_rew_mean          | 0.944       |
|    success_rate         | 0           |
| time/                   |             |
|    fps                  | 1964        |
|    iterations           | 61          |
|    time_elapsed         | 381         |
|    total_timesteps      | 749568      |
| train/                  |             |
|    approx_kl            | 0.011339818 |
|    clip_fraction        | 0.127       |
|    clip_range           | 0.2         |
|    entropy_loss         | -2.83       |
|    explained_variance   | 0.969       |
|    learning_rate        | 0.0003      |
|    loss                 | -0.0462     |
|    n_updates            | 600         |
|    policy_gradient_loss | -0.0135     |
|    std                  | 0.996       |
|    value_loss           | 0.00343     |
-----------------------------------------
----------------------------------------
| rollout/                |            |
|    ep_len_mean          | 359        |
|    ep_rew_mean          | 14.3       |
|    success_rate         | 0.28       |
| time/                   |            |
|    fps                  | 1997       |
|    iterations           | 63         |
|    time_elapsed         | 387        |
|    total_timesteps      | 774144     |
| train/                  |            |
|    approx_kl            | 0.01109648 |
|    clip_fraction        | 0.129      |
|    clip_range           | 0.2        |
|    entropy_loss         | -2.11      |
|    explained_variance   | 0.934      |
|    learning_rate        | 0.0003     |
|    loss                 | 0.071      |
|    n_updates            | 620        |
|    policy_gradient_loss | -0.00871   |
|    std                  | 0.694      |
|    value_loss           | 0.242      |
----------------------------------------
-----------------------------------------
| rollout/                |             |
|    ep_len_mean          | 400         |
|    ep_rew_mean          | 0.965       |
|    success_rate         | 0           |
| time/                   |             |
|    fps                  | 1957        |
|    iterations           | 62          |
|    time_elapsed         | 389         |
|    total_timesteps      | 761856      |
| train/                  |             |
|    approx_kl            | 0.011772382 |
|    clip_fraction        | 0.114       |
|    clip_range           | 0.2         |
|    entropy_loss         | -2.81       |
|    explained_variance   | 0.971       |
|    learning_rate        | 0.0003      |
|    loss                 | -0.0383     |
|    n_updates            | 610         |
|    policy_gradient_loss | -0.0109     |
|    std                  | 0.986       |
|    value_loss           | 0.00263     |
-----------------------------------------
-----------------------------------------
| rollout/                |             |
|    ep_len_mean          | 356         |
|    ep_rew_mean          | 15.2        |
|    success_rate         | 0.31        |
| time/                   |             |
|    fps                  | 1989        |
|    iterations           | 64          |
|    time_elapsed         | 395         |
|    total_timesteps      | 786432      |
| train/                  |             |
|    approx_kl            | 0.010874562 |
|    clip_fraction        | 0.123       |
|    clip_range           | 0.2         |
|    entropy_loss         | -2.11       |
|    explained_variance   | 0.94        |
|    learning_rate        | 0.0003      |
|    loss                 | 0.0426      |
|    n_updates            | 630         |
|    policy_gradient_loss | -0.00721    |
|    std                  | 0.694       |
|    value_loss           | 0.222       |
-----------------------------------------
-----------------------------------------
| rollout/                |             |
|    ep_len_mean          | 400         |
|    ep_rew_mean          | 0.992       |
|    success_rate         | 0           |
| time/                   |             |
|    fps                  | 1951        |
|    iterations           | 63          |
|    time_elapsed         | 396         |
|    total_timesteps      | 774144      |
| train/                  |             |
|    approx_kl            | 0.011638813 |
|    clip_fraction        | 0.126       |
|    clip_range           | 0.2         |
|    entropy_loss         | -2.79       |
|    explained_variance   | 0.964       |
|    learning_rate        | 0.0003      |
|    loss                 | -0.0268     |
|    n_updates            | 620         |
|    policy_gradient_loss | -0.0112     |
|    std                  | 0.976       |
|    value_loss           | 0.00209     |
-----------------------------------------
-----------------------------------------
| rollout/                |             |
|    ep_len_mean          | 345         |
|    ep_rew_mean          | 17          |
|    success_rate         | 0.39        |
| time/                   |             |
|    fps                  | 1982        |
|    iterations           | 65          |
|    time_elapsed         | 402         |
|    total_timesteps      | 798720      |
| train/                  |             |
|    approx_kl            | 0.011699627 |
|    clip_fraction        | 0.122       |
|    clip_range           | 0.2         |
|    entropy_loss         | -2.09       |
|    explained_variance   | 0.932       |
|    learning_rate        | 0.0003      |
|    loss                 | 0.0872      |
|    n_updates            | 640         |
|    policy_gradient_loss | -0.00605    |
|    std                  | 0.685       |
|    value_loss           | 0.25        |
-----------------------------------------
-----------------------------------------
| rollout/                |             |
|    ep_len_mean          | 400         |
|    ep_rew_mean          | 1.23        |
|    success_rate         | 0           |
| time/                   |             |
|    fps                  | 1944        |
|    iterations           | 64          |
|    time_elapsed         | 404         |
|    total_timesteps      | 786432      |
| train/                  |             |
|    approx_kl            | 0.011083089 |
|    clip_fraction        | 0.127       |
|    clip_range           | 0.2         |
|    entropy_loss         | -2.78       |
|    explained_variance   | 0.979       |
|    learning_rate        | 0.0003      |
|    loss                 | -0.0444     |
|    n_updates            | 630         |
|    policy_gradient_loss | -0.0101     |
|    std                  | 0.976       |
|    value_loss           | 0.00285     |
-----------------------------------------
-----------------------------------------
| rollout/                |             |
|    ep_len_mean          | 327         |
|    ep_rew_mean          | 19.9        |
|    success_rate         | 0.5         |
| time/                   |             |
|    fps                  | 1974        |
|    iterations           | 66          |
|    time_elapsed         | 410         |
|    total_timesteps      | 811008      |
| train/                  |             |
|    approx_kl            | 0.010211633 |
|    clip_fraction        | 0.114       |
|    clip_range           | 0.2         |
|    entropy_loss         | -2.08       |
|    explained_variance   | 0.964       |
|    learning_rate        | 0.0003      |
|    loss                 | 0.0519      |
|    n_updates            | 650         |
|    policy_gradient_loss | -0.00655    |
|    std                  | 0.685       |
|    value_loss           | 0.238       |
-----------------------------------------
-----------------------------------------
| rollout/                |             |
|    ep_len_mean          | 400         |
|    ep_rew_mean          | 1.49        |
|    success_rate         | 0           |
| time/                   |             |
|    fps                  | 1937        |
|    iterations           | 65          |
|    time_elapsed         | 412         |
|    total_timesteps      | 798720      |
| train/                  |             |
|    approx_kl            | 0.010907896 |
|    clip_fraction        | 0.126       |
|    clip_range           | 0.2         |
|    entropy_loss         | -2.77       |
|    explained_variance   | 0.969       |
|    learning_rate        | 0.0003      |
|    loss                 | -0.0244     |
|    n_updates            | 640         |
|    policy_gradient_loss | -0.0107     |
|    std                  | 0.967       |
|    value_loss           | 0.00236     |
-----------------------------------------
-----------------------------------------
| rollout/                |             |
|    ep_len_mean          | 330         |
|    ep_rew_mean          | 18          |
|    success_rate         | 0.44        |
| time/                   |             |
|    fps                  | 1967        |
|    iterations           | 67          |
|    time_elapsed         | 418         |
|    total_timesteps      | 823296      |
| train/                  |             |
|    approx_kl            | 0.011566266 |
|    clip_fraction        | 0.119       |
|    clip_range           | 0.2         |
|    entropy_loss         | -2.08       |
|    explained_variance   | 0.965       |
|    learning_rate        | 0.0003      |
|    loss                 | 0.11        |
|    n_updates            | 660         |
|    policy_gradient_loss | -0.00704    |
|    std                  | 0.685       |
|    value_loss           | 0.262       |
-----------------------------------------
-----------------------------------------
| rollout/                |             |
|    ep_len_mean          | 400         |
|    ep_rew_mean          | 1.55        |
|    success_rate         | 0           |
| time/                   |             |
|    fps                  | 1930        |
|    iterations           | 66          |
|    time_elapsed         | 420         |
|    total_timesteps      | 811008      |
| train/                  |             |
|    approx_kl            | 0.011658035 |
|    clip_fraction        | 0.131       |
|    clip_range           | 0.2         |
|    entropy_loss         | -2.75       |
|    explained_variance   | 0.971       |
|    learning_rate        | 0.0003      |
|    loss                 | -0.0241     |
|    n_updates            | 650         |
|    policy_gradient_loss | -0.0103     |
|    std                  | 0.956       |
|    value_loss           | 0.00257     |
-----------------------------------------
-----------------------------------------
| rollout/                |             |
|    ep_len_mean          | 323         |
|    ep_rew_mean          | 20.5        |
|    success_rate         | 0.51        |
| time/                   |             |
|    fps                  | 1960        |
|    iterations           | 68          |
|    time_elapsed         | 426         |
|    total_timesteps      | 835584      |
| train/                  |             |
|    approx_kl            | 0.011899822 |
|    clip_fraction        | 0.123       |
|    clip_range           | 0.2         |
|    entropy_loss         | -2.08       |
|    explained_variance   | 0.953       |
|    learning_rate        | 0.0003      |
|    loss                 | 0.0584      |
|    n_updates            | 670         |
|    policy_gradient_loss | -0.00754    |
|    std                  | 0.686       |
|    value_loss           | 0.232       |
-----------------------------------------
------------------------------------------
| rollout/                |              |
|    ep_len_mean          | 400          |
|    ep_rew_mean          | 1.47         |
|    success_rate         | 0            |
| time/                   |              |
|    fps                  | 1924         |
|    iterations           | 67           |
|    time_elapsed         | 427          |
|    total_timesteps      | 823296       |
| train/                  |              |
|    approx_kl            | 0.0113816755 |
|    clip_fraction        | 0.126        |
|    clip_range           | 0.2          |
|    entropy_loss         | -2.73        |
|    explained_variance   | 0.981        |
|    learning_rate        | 0.0003       |
|    loss                 | -0.025       |
|    n_updates            | 660          |
|    policy_gradient_loss | -0.0103      |
|    std                  | 0.95         |
|    value_loss           | 0.00256      |
------------------------------------------
-----------------------------------------
| rollout/                |             |
|    ep_len_mean          | 329         |
|    ep_rew_mean          | 20          |
|    success_rate         | 0.49        |
| time/                   |             |
|    fps                  | 1953        |
|    iterations           | 69          |
|    time_elapsed         | 434         |
|    total_timesteps      | 847872      |
| train/                  |             |
|    approx_kl            | 0.010845239 |
|    clip_fraction        | 0.125       |
|    clip_range           | 0.2         |
|    entropy_loss         | -2.08       |
|    explained_variance   | 0.962       |
|    learning_rate        | 0.0003      |
|    loss                 | 0.108       |
|    n_updates            | 680         |
|    policy_gradient_loss | -0.00624    |
|    std                  | 0.681       |
|    value_loss           | 0.266       |
-----------------------------------------
-----------------------------------------
| rollout/                |             |
|    ep_len_mean          | 400         |
|    ep_rew_mean          | 1.34        |
|    success_rate         | 0           |
| time/                   |             |
|    fps                  | 1918        |
|    iterations           | 68          |
|    time_elapsed         | 435         |
|    total_timesteps      | 835584      |
| train/                  |             |
|    approx_kl            | 0.013499009 |
|    clip_fraction        | 0.139       |
|    clip_range           | 0.2         |
|    entropy_loss         | -2.71       |
|    explained_variance   | 0.977       |
|    learning_rate        | 0.0003      |
|    loss                 | -0.0248     |
|    n_updates            | 670         |
|    policy_gradient_loss | -0.0129     |
|    std                  | 0.937       |
|    value_loss           | 0.00175     |
-----------------------------------------
-----------------------------------------
| rollout/                |             |
|    ep_len_mean          | 332         |
|    ep_rew_mean          | 19.5        |
|    success_rate         | 0.48        |
| time/                   |             |
|    fps                  | 1946        |
|    iterations           | 70          |
|    time_elapsed         | 441         |
|    total_timesteps      | 860160      |
| train/                  |             |
|    approx_kl            | 0.012258467 |
|    clip_fraction        | 0.131       |
|    clip_range           | 0.2         |
|    entropy_loss         | -2.05       |
|    explained_variance   | 0.974       |
|    learning_rate        | 0.0003      |
|    loss                 | 0.0589      |
|    n_updates            | 690         |
|    policy_gradient_loss | -0.00717    |
|    std                  | 0.672       |
|    value_loss           | 0.254       |
-----------------------------------------
-----------------------------------------
| rollout/                |             |
|    ep_len_mean          | 400         |
|    ep_rew_mean          | 1.33        |
|    success_rate         | 0           |
| time/                   |             |
|    fps                  | 1911        |
|    iterations           | 69          |
|    time_elapsed         | 443         |
|    total_timesteps      | 847872      |
| train/                  |             |
|    approx_kl            | 0.013556853 |
|    clip_fraction        | 0.146       |
|    clip_range           | 0.2         |
|    entropy_loss         | -2.69       |
|    explained_variance   | 0.977       |
|    learning_rate        | 0.0003      |
|    loss                 | -0.0292     |
|    n_updates            | 680         |
|    policy_gradient_loss | -0.0133     |
|    std                  | 0.928       |
|    value_loss           | 0.00198     |
-----------------------------------------
----------------------------------------
| rollout/                |            |
|    ep_len_mean          | 330        |
|    ep_rew_mean          | 20         |
|    success_rate         | 0.5        |
| time/                   |            |
|    fps                  | 1939       |
|    iterations           | 71         |
|    time_elapsed         | 449        |
|    total_timesteps      | 872448     |
| train/                  |            |
|    approx_kl            | 0.01107723 |
|    clip_fraction        | 0.119      |
|    clip_range           | 0.2        |
|    entropy_loss         | -2.04      |
|    explained_variance   | 0.963      |
|    learning_rate        | 0.0003     |
|    loss                 | 0.0436     |
|    n_updates            | 700        |
|    policy_gradient_loss | -0.00621   |
|    std                  | 0.669      |
|    value_loss           | 0.245      |
----------------------------------------
-----------------------------------------
| rollout/                |             |
|    ep_len_mean          | 400         |
|    ep_rew_mean          | 1.43        |
|    success_rate         | 0           |
| time/                   |             |
|    fps                  | 1905        |
|    iterations           | 70          |
|    time_elapsed         | 451         |
|    total_timesteps      | 860160      |
| train/                  |             |
|    approx_kl            | 0.012647487 |
|    clip_fraction        | 0.137       |
|    clip_range           | 0.2         |
|    entropy_loss         | -2.67       |
|    explained_variance   | 0.985       |
|    learning_rate        | 0.0003      |
|    loss                 | -0.0208     |
|    n_updates            | 690         |
|    policy_gradient_loss | -0.0113     |
|    std                  | 0.918       |
|    value_loss           | 0.00148     |
-----------------------------------------
-----------------------------------------
| rollout/                |             |
|    ep_len_mean          | 315         |
|    ep_rew_mean          | 22.6        |
|    success_rate         | 0.59        |
| time/                   |             |
|    fps                  | 1933        |
|    iterations           | 72          |
|    time_elapsed         | 457         |
|    total_timesteps      | 884736      |
| train/                  |             |
|    approx_kl            | 0.011487608 |
|    clip_fraction        | 0.117       |
|    clip_range           | 0.2         |
|    entropy_loss         | -2.05       |
|    explained_variance   | 0.964       |
|    learning_rate        | 0.0003      |
|    loss                 | 0.0534      |
|    n_updates            | 710         |
|    policy_gradient_loss | -0.00696    |
|    std                  | 0.675       |
|    value_loss           | 0.254       |
-----------------------------------------
------------------------------------------
| rollout/                |              |
|    ep_len_mean          | 400          |
|    ep_rew_mean          | 1.62         |
|    success_rate         | 0            |
| time/                   |              |
|    fps                  | 1899         |
|    iterations           | 71           |
|    time_elapsed         | 459          |
|    total_timesteps      | 872448       |
| train/                  |              |
|    approx_kl            | 0.0148598105 |
|    clip_fraction        | 0.145        |
|    clip_range           | 0.2          |
|    entropy_loss         | -2.64        |
|    explained_variance   | 0.97         |
|    learning_rate        | 0.0003       |
|    loss                 | 0.000212     |
|    n_updates            | 700          |
|    policy_gradient_loss | -0.0108      |
|    std                  | 0.903        |
|    value_loss           | 0.00189      |
------------------------------------------
------------------------------------------
| rollout/                |              |
|    ep_len_mean          | 317          |
|    ep_rew_mean          | 22.3         |
|    success_rate         | 0.57         |
| time/                   |              |
|    fps                  | 1926         |
|    iterations           | 73           |
|    time_elapsed         | 465          |
|    total_timesteps      | 897024       |
| train/                  |              |
|    approx_kl            | 0.0135668665 |
|    clip_fraction        | 0.136        |
|    clip_range           | 0.2          |
|    entropy_loss         | -2.03        |
|    explained_variance   | 0.956        |
|    learning_rate        | 0.0003       |
|    loss                 | 0.131        |
|    n_updates            | 720          |
|    policy_gradient_loss | -0.00802     |
|    std                  | 0.664        |
|    value_loss           | 0.315        |
------------------------------------------
-----------------------------------------
| rollout/                |             |
|    ep_len_mean          | 400         |
|    ep_rew_mean          | 1.6         |
|    success_rate         | 0           |
| time/                   |             |
|    fps                  | 1894        |
|    iterations           | 72          |
|    time_elapsed         | 467         |
|    total_timesteps      | 884736      |
| train/                  |             |
|    approx_kl            | 0.012932125 |
|    clip_fraction        | 0.136       |
|    clip_range           | 0.2         |
|    entropy_loss         | -2.63       |
|    explained_variance   | 0.985       |
|    learning_rate        | 0.0003      |
|    loss                 | -0.0206     |
|    n_updates            | 710         |
|    policy_gradient_loss | -0.0103     |
|    std                  | 0.899       |
|    value_loss           | 0.00206     |
-----------------------------------------
-----------------------------------------
| rollout/                |             |
|    ep_len_mean          | 320         |
|    ep_rew_mean          | 21.2        |
|    success_rate         | 0.51        |
| time/                   |             |
|    fps                  | 1920        |
|    iterations           | 74          |
|    time_elapsed         | 473         |
|    total_timesteps      | 909312      |
| train/                  |             |
|    approx_kl            | 0.012966598 |
|    clip_fraction        | 0.126       |
|    clip_range           | 0.2         |
|    entropy_loss         | -2.01       |
|    explained_variance   | 0.959       |
|    learning_rate        | 0.0003      |
|    loss                 | 0.0404      |
|    n_updates            | 730         |
|    policy_gradient_loss | -0.00806    |
|    std                  | 0.659       |
|    value_loss           | 0.298       |
-----------------------------------------
-----------------------------------------
| rollout/                |             |
|    ep_len_mean          | 400         |
|    ep_rew_mean          | 1.72        |
|    success_rate         | 0           |
| time/                   |             |
|    fps                  | 1888        |
|    iterations           | 73          |
|    time_elapsed         | 474         |
|    total_timesteps      | 897024      |
| train/                  |             |
|    approx_kl            | 0.012818612 |
|    clip_fraction        | 0.133       |
|    clip_range           | 0.2         |
|    entropy_loss         | -2.61       |
|    explained_variance   | 0.976       |
|    learning_rate        | 0.0003      |
|    loss                 | -0.0186     |
|    n_updates            | 720         |
|    policy_gradient_loss | -0.0109     |
|    std                  | 0.892       |
|    value_loss           | 0.00184     |
-----------------------------------------
-----------------------------------------
| rollout/                |             |
|    ep_len_mean          | 320         |
|    ep_rew_mean          | 20.2        |
|    success_rate         | 0.47        |
| time/                   |             |
|    fps                  | 1914        |
|    iterations           | 75          |
|    time_elapsed         | 481         |
|    total_timesteps      | 921600      |
| train/                  |             |
|    approx_kl            | 0.011268203 |
|    clip_fraction        | 0.126       |
|    clip_range           | 0.2         |
|    entropy_loss         | -1.99       |
|    explained_variance   | 0.949       |
|    learning_rate        | 0.0003      |
|    loss                 | 0.0667      |
|    n_updates            | 740         |
|    policy_gradient_loss | -0.00682    |
|    std                  | 0.652       |
|    value_loss           | 0.24        |
-----------------------------------------
-----------------------------------------
| rollout/                |             |
|    ep_len_mean          | 400         |
|    ep_rew_mean          | 1.76        |
|    success_rate         | 0           |
| time/                   |             |
|    fps                  | 1883        |
|    iterations           | 74          |
|    time_elapsed         | 482         |
|    total_timesteps      | 909312      |
| train/                  |             |
|    approx_kl            | 0.013057212 |
|    clip_fraction        | 0.131       |
|    clip_range           | 0.2         |
|    entropy_loss         | -2.59       |
|    explained_variance   | 0.98        |
|    learning_rate        | 0.0003      |
|    loss                 | -0.0267     |
|    n_updates            | 730         |
|    policy_gradient_loss | -0.0119     |
|    std                  | 0.885       |
|    value_loss           | 0.00204     |
-----------------------------------------
-----------------------------------------
| rollout/                |             |
|    ep_len_mean          | 311         |
|    ep_rew_mean          | 21.6        |
|    success_rate         | 0.51        |
| time/                   |             |
|    fps                  | 1908        |
|    iterations           | 76          |
|    time_elapsed         | 489         |
|    total_timesteps      | 933888      |
| train/                  |             |
|    approx_kl            | 0.012579878 |
|    clip_fraction        | 0.133       |
|    clip_range           | 0.2         |
|    entropy_loss         | -1.98       |
|    explained_variance   | 0.967       |
|    learning_rate        | 0.0003      |
|    loss                 | 0.0218      |
|    n_updates            | 750         |
|    policy_gradient_loss | -0.00627    |
|    std                  | 0.649       |
|    value_loss           | 0.259       |
-----------------------------------------
-----------------------------------------
| rollout/                |             |
|    ep_len_mean          | 400         |
|    ep_rew_mean          | 1.77        |
|    success_rate         | 0           |
| time/                   |             |
|    fps                  | 1878        |
|    iterations           | 75          |
|    time_elapsed         | 490         |
|    total_timesteps      | 921600      |
| train/                  |             |
|    approx_kl            | 0.013163048 |
|    clip_fraction        | 0.142       |
|    clip_range           | 0.2         |
|    entropy_loss         | -2.58       |
|    explained_variance   | 0.98        |
|    learning_rate        | 0.0003      |
|    loss                 | -0.0351     |
|    n_updates            | 740         |
|    policy_gradient_loss | -0.0115     |
|    std                  | 0.88        |
|    value_loss           | 0.0027      |
-----------------------------------------
-----------------------------------------
| rollout/                |             |
|    ep_len_mean          | 298         |
|    ep_rew_mean          | 24.1        |
|    success_rate         | 0.62        |
| time/                   |             |
|    fps                  | 1903        |
|    iterations           | 77          |
|    time_elapsed         | 497         |
|    total_timesteps      | 946176      |
| train/                  |             |
|    approx_kl            | 0.013697259 |
|    clip_fraction        | 0.157       |
|    clip_range           | 0.2         |
|    entropy_loss         | -1.98       |
|    explained_variance   | 0.962       |
|    learning_rate        | 0.0003      |
|    loss                 | 0.0369      |
|    n_updates            | 760         |
|    policy_gradient_loss | -0.00877    |
|    std                  | 0.651       |
|    value_loss           | 0.211       |
-----------------------------------------
----------------------------------------
| rollout/                |            |
|    ep_len_mean          | 400        |
|    ep_rew_mean          | 1.67       |
|    success_rate         | 0          |
| time/                   |            |
|    fps                  | 1873       |
|    iterations           | 76         |
|    time_elapsed         | 498        |
|    total_timesteps      | 933888     |
| train/                  |            |
|    approx_kl            | 0.01411878 |
|    clip_fraction        | 0.143      |
|    clip_range           | 0.2        |
|    entropy_loss         | -2.58      |
|    explained_variance   | 0.975      |
|    learning_rate        | 0.0003     |
|    loss                 | -0.0437    |
|    n_updates            | 750        |
|    policy_gradient_loss | -0.013     |
|    std                  | 0.879      |
|    value_loss           | 0.00246    |
----------------------------------------
-----------------------------------------
| rollout/                |             |
|    ep_len_mean          | 296         |
|    ep_rew_mean          | 26.6        |
|    success_rate         | 0.7         |
| time/                   |             |
|    fps                  | 1898        |
|    iterations           | 78          |
|    time_elapsed         | 504         |
|    total_timesteps      | 958464      |
| train/                  |             |
|    approx_kl            | 0.012890902 |
|    clip_fraction        | 0.139       |
|    clip_range           | 0.2         |
|    entropy_loss         | -1.99       |
|    explained_variance   | 0.976       |
|    learning_rate        | 0.0003      |
|    loss                 | 0.137       |
|    n_updates            | 770         |
|    policy_gradient_loss | -0.00885    |
|    std                  | 0.654       |
|    value_loss           | 0.272       |
-----------------------------------------
-----------------------------------------
| rollout/                |             |
|    ep_len_mean          | 400         |
|    ep_rew_mean          | 1.74        |
|    success_rate         | 0           |
| time/                   |             |
|    fps                  | 1868        |
|    iterations           | 77          |
|    time_elapsed         | 506         |
|    total_timesteps      | 946176      |
| train/                  |             |
|    approx_kl            | 0.013808447 |
|    clip_fraction        | 0.142       |
|    clip_range           | 0.2         |
|    entropy_loss         | -2.57       |
|    explained_variance   | 0.972       |
|    learning_rate        | 0.0003      |
|    loss                 | -0.0206     |
|    n_updates            | 760         |
|    policy_gradient_loss | -0.0111     |
|    std                  | 0.871       |
|    value_loss           | 0.00335     |
-----------------------------------------
-----------------------------------------
| rollout/                |             |
|    ep_len_mean          | 300         |
|    ep_rew_mean          | 25.9        |
|    success_rate         | 0.68        |
| time/                   |             |
|    fps                  | 1893        |
|    iterations           | 79          |
|    time_elapsed         | 512         |
|    total_timesteps      | 970752      |
| train/                  |             |
|    approx_kl            | 0.012321025 |
|    clip_fraction        | 0.145       |
|    clip_range           | 0.2         |
|    entropy_loss         | -1.98       |
|    explained_variance   | 0.944       |
|    learning_rate        | 0.0003      |
|    loss                 | 0.0563      |
|    n_updates            | 780         |
|    policy_gradient_loss | -0.00712    |
|    std                  | 0.652       |
|    value_loss           | 0.204       |
-----------------------------------------
-----------------------------------------
| rollout/                |             |
|    ep_len_mean          | 400         |
|    ep_rew_mean          | 1.81        |
|    success_rate         | 0           |
| time/                   |             |
|    fps                  | 1864        |
|    iterations           | 78          |
|    time_elapsed         | 514         |
|    total_timesteps      | 958464      |
| train/                  |             |
|    approx_kl            | 0.014862192 |
|    clip_fraction        | 0.15        |
|    clip_range           | 0.2         |
|    entropy_loss         | -2.54       |
|    explained_variance   | 0.979       |
|    learning_rate        | 0.0003      |
|    loss                 | -0.0362     |
|    n_updates            | 770         |
|    policy_gradient_loss | -0.0123     |
|    std                  | 0.858       |
|    value_loss           | 0.00259     |
-----------------------------------------
-----------------------------------------
| rollout/                |             |
|    ep_len_mean          | 311         |
|    ep_rew_mean          | 23.8        |
|    success_rate         | 0.6         |
| time/                   |             |
|    fps                  | 1888        |
|    iterations           | 80          |
|    time_elapsed         | 520         |
|    total_timesteps      | 983040      |
| train/                  |             |
|    approx_kl            | 0.010516464 |
|    clip_fraction        | 0.13        |
|    clip_range           | 0.2         |
|    entropy_loss         | -1.97       |
|    explained_variance   | 0.963       |
|    learning_rate        | 0.0003      |
|    loss                 | 0.00505     |
|    n_updates            | 790         |
|    policy_gradient_loss | -0.00637    |
|    std                  | 0.647       |
|    value_loss           | 0.191       |
-----------------------------------------
------------------------------------------
| rollout/                |              |
|    ep_len_mean          | 400          |
|    ep_rew_mean          | 1.89         |
|    success_rate         | 0            |
| time/                   |              |
|    fps                  | 1859         |
|    iterations           | 79           |
|    time_elapsed         | 522          |
|    total_timesteps      | 970752       |
| train/                  |              |
|    approx_kl            | 0.0133544775 |
|    clip_fraction        | 0.141        |
|    clip_range           | 0.2          |
|    entropy_loss         | -2.53        |
|    explained_variance   | 0.98         |
|    learning_rate        | 0.0003       |
|    loss                 | -0.0353      |
|    n_updates            | 780          |
|    policy_gradient_loss | -0.0117      |
|    std                  | 0.857        |
|    value_loss           | 0.00295      |
------------------------------------------
-----------------------------------------
| rollout/                |             |
|    ep_len_mean          | 290         |
|    ep_rew_mean          | 26.8        |
|    success_rate         | 0.72        |
| time/                   |             |
|    fps                  | 1883        |
|    iterations           | 81          |
|    time_elapsed         | 528         |
|    total_timesteps      | 995328      |
| train/                  |             |
|    approx_kl            | 0.012561798 |
|    clip_fraction        | 0.143       |
|    clip_range           | 0.2         |
|    entropy_loss         | -1.96       |
|    explained_variance   | 0.969       |
|    learning_rate        | 0.0003      |
|    loss                 | 0.0153      |
|    n_updates            | 800         |
|    policy_gradient_loss | -0.00934    |
|    std                  | 0.645       |
|    value_loss           | 0.173       |
-----------------------------------------
-----------------------------------------
| rollout/                |             |
|    ep_len_mean          | 400         |
|    ep_rew_mean          | 1.92        |
|    success_rate         | 0           |
| time/                   |             |
|    fps                  | 1854        |
|    iterations           | 80          |
|    time_elapsed         | 529         |
|    total_timesteps      | 983040      |
| train/                  |             |
|    approx_kl            | 0.013767597 |
|    clip_fraction        | 0.14        |
|    clip_range           | 0.2         |
|    entropy_loss         | -2.53       |
|    explained_variance   | 0.963       |
|    learning_rate        | 0.0003      |
|    loss                 | -0.022      |
|    n_updates            | 790         |
|    policy_gradient_loss | -0.0098     |
|    std                  | 0.855       |
|    value_loss           | 0.0039      |
-----------------------------------------
---------------------------------------
| rollout/                |           |
|    ep_len_mean          | 279       |
|    ep_rew_mean          | 28.8      |
|    success_rate         | 0.8       |
| time/                   |           |
|    fps                  | 1878      |
|    iterations           | 82        |
|    time_elapsed         | 536       |
|    total_timesteps      | 1007616   |
| train/                  |           |
|    approx_kl            | 0.0106332 |
|    clip_fraction        | 0.127     |
|    clip_range           | 0.2       |
|    entropy_loss         | -1.96     |
|    explained_variance   | 0.972     |
|    learning_rate        | 0.0003    |
|    loss                 | 0.0709    |
|    n_updates            | 810       |
|    policy_gradient_loss | -0.00532  |
|    std                  | 0.643     |
|    value_loss           | 0.163     |
---------------------------------------
-----------------------------------------
| rollout/                |             |
|    ep_len_mean          | 400         |
|    ep_rew_mean          | 1.95        |
|    success_rate         | 0           |
| time/                   |             |
|    fps                  | 1850        |
|    iterations           | 81          |
|    time_elapsed         | 537         |
|    total_timesteps      | 995328      |
| train/                  |             |
|    approx_kl            | 0.014314217 |
|    clip_fraction        | 0.152       |
|    clip_range           | 0.2         |
|    entropy_loss         | -2.52       |
|    explained_variance   | 0.975       |
|    learning_rate        | 0.0003      |
|    loss                 | -0.0154     |
|    n_updates            | 800         |
|    policy_gradient_loss | -0.0139     |
|    std                  | 0.852       |
|    value_loss           | 0.00286     |
-----------------------------------------
-----------------------------------------
| rollout/                |             |
|    ep_len_mean          | 278         |
|    ep_rew_mean          | 28          |
|    success_rate         | 0.78        |
| time/                   |             |
|    fps                  | 1873        |
|    iterations           | 83          |
|    time_elapsed         | 544         |
|    total_timesteps      | 1019904     |
| train/                  |             |
|    approx_kl            | 0.013851161 |
|    clip_fraction        | 0.141       |
|    clip_range           | 0.2         |
|    entropy_loss         | -1.95       |
|    explained_variance   | 0.967       |
|    learning_rate        | 0.0003      |
|    loss                 | 0.108       |
|    n_updates            | 820         |
|    policy_gradient_loss | -0.00823    |
|    std                  | 0.643       |
|    value_loss           | 0.189       |
-----------------------------------------
-----------------------------------------
| rollout/                |             |
|    ep_len_mean          | 400         |
|    ep_rew_mean          | 1.99        |
|    success_rate         | 0           |
| time/                   |             |
|    fps                  | 1846        |
|    iterations           | 82          |
|    time_elapsed         | 545         |
|    total_timesteps      | 1007616     |
| train/                  |             |
|    approx_kl            | 0.013459793 |
|    clip_fraction        | 0.144       |
|    clip_range           | 0.2         |
|    entropy_loss         | -2.51       |
|    explained_variance   | 0.972       |
|    learning_rate        | 0.0003      |
|    loss                 | -0.0235     |
|    n_updates            | 810         |
|    policy_gradient_loss | -0.0101     |
|    std                  | 0.847       |
|    value_loss           | 0.00289     |
-----------------------------------------
----------------------------------------
| rollout/                |            |
|    ep_len_mean          | 275        |
|    ep_rew_mean          | 26.7       |
|    success_rate         | 0.73       |
| time/                   |            |
|    fps                  | 1868       |
|    iterations           | 84         |
|    time_elapsed         | 552        |
|    total_timesteps      | 1032192    |
| train/                  |            |
|    approx_kl            | 0.01142818 |
|    clip_fraction        | 0.128      |
|    clip_range           | 0.2        |
|    entropy_loss         | -1.96      |
|    explained_variance   | 0.974      |
|    learning_rate        | 0.0003     |
|    loss                 | 0.0344     |
|    n_updates            | 830        |
|    policy_gradient_loss | -0.00715   |
|    std                  | 0.646      |
|    value_loss           | 0.182      |
----------------------------------------
-----------------------------------------
| rollout/                |             |
|    ep_len_mean          | 400         |
|    ep_rew_mean          | 2.05        |
|    success_rate         | 0           |
| time/                   |             |
|    fps                  | 1842        |
|    iterations           | 83          |
|    time_elapsed         | 553         |
|    total_timesteps      | 1019904     |
| train/                  |             |
|    approx_kl            | 0.014753393 |
|    clip_fraction        | 0.154       |
|    clip_range           | 0.2         |
|    entropy_loss         | -2.5        |
|    explained_variance   | 0.978       |
|    learning_rate        | 0.0003      |
|    loss                 | -0.0376     |
|    n_updates            | 820         |
|    policy_gradient_loss | -0.0114     |
|    std                  | 0.841       |
|    value_loss           | 0.00355     |
-----------------------------------------
-----------------------------------------
| rollout/                |             |
|    ep_len_mean          | 280         |
|    ep_rew_mean          | 26          |
|    success_rate         | 0.71        |
| time/                   |             |
|    fps                  | 1864        |
|    iterations           | 85          |
|    time_elapsed         | 560         |
|    total_timesteps      | 1044480     |
| train/                  |             |
|    approx_kl            | 0.011762451 |
|    clip_fraction        | 0.125       |
|    clip_range           | 0.2         |
|    entropy_loss         | -1.95       |
|    explained_variance   | 0.976       |
|    learning_rate        | 0.0003      |
|    loss                 | 0.0387      |
|    n_updates            | 840         |
|    policy_gradient_loss | -0.00823    |
|    std                  | 0.641       |
|    value_loss           | 0.293       |
-----------------------------------------
-----------------------------------------
| rollout/                |             |
|    ep_len_mean          | 400         |
|    ep_rew_mean          | 2.1         |
|    success_rate         | 0           |
| time/                   |             |
|    fps                  | 1838        |
|    iterations           | 84          |
|    time_elapsed         | 561         |
|    total_timesteps      | 1032192     |
| train/                  |             |
|    approx_kl            | 0.015111498 |
|    clip_fraction        | 0.158       |
|    clip_range           | 0.2         |
|    entropy_loss         | -2.49       |
|    explained_variance   | 0.982       |
|    learning_rate        | 0.0003      |
|    loss                 | -0.0212     |
|    n_updates            | 830         |
|    policy_gradient_loss | -0.0129     |
|    std                  | 0.84        |
|    value_loss           | 0.00365     |
-----------------------------------------
-----------------------------------------
| rollout/                |             |
|    ep_len_mean          | 268         |
|    ep_rew_mean          | 27.5        |
|    success_rate         | 0.76        |
| time/                   |             |
|    fps                  | 1860        |
|    iterations           | 86          |
|    time_elapsed         | 567         |
|    total_timesteps      | 1056768     |
| train/                  |             |
|    approx_kl            | 0.013281186 |
|    clip_fraction        | 0.152       |
|    clip_range           | 0.2         |
|    entropy_loss         | -1.94       |
|    explained_variance   | 0.954       |
|    learning_rate        | 0.0003      |
|    loss                 | 0.0938      |
|    n_updates            | 850         |
|    policy_gradient_loss | -0.00745    |
|    std                  | 0.636       |
|    value_loss           | 0.244       |
-----------------------------------------
-----------------------------------------
| rollout/                |             |
|    ep_len_mean          | 400         |
|    ep_rew_mean          | 2.04        |
|    success_rate         | 0           |
| time/                   |             |
|    fps                  | 1834        |
|    iterations           | 85          |
|    time_elapsed         | 569         |
|    total_timesteps      | 1044480     |
| train/                  |             |
|    approx_kl            | 0.015117623 |
|    clip_fraction        | 0.153       |
|    clip_range           | 0.2         |
|    entropy_loss         | -2.46       |
|    explained_variance   | 0.983       |
|    learning_rate        | 0.0003      |
|    loss                 | -0.0485     |
|    n_updates            | 840         |
|    policy_gradient_loss | -0.0121     |
|    std                  | 0.825       |
|    value_loss           | 0.00276     |
-----------------------------------------
-----------------------------------------
| rollout/                |             |
|    ep_len_mean          | 265         |
|    ep_rew_mean          | 28.2        |
|    success_rate         | 0.79        |
| time/                   |             |
|    fps                  | 1856        |
|    iterations           | 87          |
|    time_elapsed         | 575         |
|    total_timesteps      | 1069056     |
| train/                  |             |
|    approx_kl            | 0.012192261 |
|    clip_fraction        | 0.134       |
|    clip_range           | 0.2         |
|    entropy_loss         | -1.93       |
|    explained_variance   | 0.978       |
|    learning_rate        | 0.0003      |
|    loss                 | 0.0576      |
|    n_updates            | 860         |
|    policy_gradient_loss | -0.00573    |
|    std                  | 0.635       |
|    value_loss           | 0.198       |
-----------------------------------------
----------------------------------------
| rollout/                |            |
|    ep_len_mean          | 400        |
|    ep_rew_mean          | 2.23       |
|    success_rate         | 0          |
| time/                   |            |
|    fps                  | 1831       |
|    iterations           | 86         |
|    time_elapsed         | 577        |
|    total_timesteps      | 1056768    |
| train/                  |            |
|    approx_kl            | 0.01345177 |
|    clip_fraction        | 0.152      |
|    clip_range           | 0.2        |
|    entropy_loss         | -2.45      |
|    explained_variance   | 0.979      |
|    learning_rate        | 0.0003     |
|    loss                 | -0.0273    |
|    n_updates            | 850        |
|    policy_gradient_loss | -0.012     |
|    std                  | 0.825      |
|    value_loss           | 0.00264    |
----------------------------------------
-----------------------------------------
| rollout/                |             |
|    ep_len_mean          | 273         |
|    ep_rew_mean          | 27.9        |
|    success_rate         | 0.78        |
| time/                   |             |
|    fps                  | 1852        |
|    iterations           | 88          |
|    time_elapsed         | 583         |
|    total_timesteps      | 1081344     |
| train/                  |             |
|    approx_kl            | 0.013697907 |
|    clip_fraction        | 0.135       |
|    clip_range           | 0.2         |
|    entropy_loss         | -1.94       |
|    explained_variance   | 0.955       |
|    learning_rate        | 0.0003      |
|    loss                 | 0.0356      |
|    n_updates            | 870         |
|    policy_gradient_loss | -0.00703    |
|    std                  | 0.639       |
|    value_loss           | 0.198       |
-----------------------------------------
-----------------------------------------
| rollout/                |             |
|    ep_len_mean          | 400         |
|    ep_rew_mean          | 2.37        |
|    success_rate         | 0           |
| time/                   |             |
|    fps                  | 1828        |
|    iterations           | 87          |
|    time_elapsed         | 584         |
|    total_timesteps      | 1069056     |
| train/                  |             |
|    approx_kl            | 0.014405451 |
|    clip_fraction        | 0.155       |
|    clip_range           | 0.2         |
|    entropy_loss         | -2.44       |
|    explained_variance   | 0.98        |
|    learning_rate        | 0.0003      |
|    loss                 | -0.0418     |
|    n_updates            | 860         |
|    policy_gradient_loss | -0.0132     |
|    std                  | 0.821       |
|    value_loss           | 0.0028      |
-----------------------------------------
-----------------------------------------
| rollout/                |             |
|    ep_len_mean          | 278         |
|    ep_rew_mean          | 27.2        |
|    success_rate         | 0.75        |
| time/                   |             |
|    fps                  | 1849        |
|    iterations           | 89          |
|    time_elapsed         | 591         |
|    total_timesteps      | 1093632     |
| train/                  |             |
|    approx_kl            | 0.014157669 |
|    clip_fraction        | 0.143       |
|    clip_range           | 0.2         |
|    entropy_loss         | -1.94       |
|    explained_variance   | 0.975       |
|    learning_rate        | 0.0003      |
|    loss                 | 0.0314      |
|    n_updates            | 880         |
|    policy_gradient_loss | -0.00796    |
|    std                  | 0.635       |
|    value_loss           | 0.17        |
-----------------------------------------
-----------------------------------------
| rollout/                |             |
|    ep_len_mean          | 400         |
|    ep_rew_mean          | 2.95        |
|    success_rate         | 0.01        |
| time/                   |             |
|    fps                  | 1825        |
|    iterations           | 88          |
|    time_elapsed         | 592         |
|    total_timesteps      | 1081344     |
| train/                  |             |
|    approx_kl            | 0.015894627 |
|    clip_fraction        | 0.168       |
|    clip_range           | 0.2         |
|    entropy_loss         | -2.42       |
|    explained_variance   | 0.956       |
|    learning_rate        | 0.0003      |
|    loss                 | 0.000313    |
|    n_updates            | 870         |
|    policy_gradient_loss | -0.00931    |
|    std                  | 0.811       |
|    value_loss           | 0.0155      |
-----------------------------------------
------------------------------------------
| rollout/                |              |
|    ep_len_mean          | 274          |
|    ep_rew_mean          | 26.8         |
|    success_rate         | 0.76         |
| time/                   |              |
|    fps                  | 1845         |
|    iterations           | 90           |
|    time_elapsed         | 599          |
|    total_timesteps      | 1105920      |
| train/                  |              |
|    approx_kl            | 0.0117383525 |
|    clip_fraction        | 0.129        |
|    clip_range           | 0.2          |
|    entropy_loss         | -1.94        |
|    explained_variance   | 0.962        |
|    learning_rate        | 0.0003       |
|    loss                 | 0.0752       |
|    n_updates            | 890          |
|    policy_gradient_loss | -0.00762     |
|    std                  | 0.644        |
|    value_loss           | 0.219        |
------------------------------------------
-----------------------------------------
| rollout/                |             |
|    ep_len_mean          | 400         |
|    ep_rew_mean          | 3.01        |
|    success_rate         | 0.01        |
| time/                   |             |
|    fps                  | 1822        |
|    iterations           | 89          |
|    time_elapsed         | 600         |
|    total_timesteps      | 1093632     |
| train/                  |             |
|    approx_kl            | 0.016239913 |
|    clip_fraction        | 0.164       |
|    clip_range           | 0.2         |
|    entropy_loss         | -2.39       |
|    explained_variance   | 0.413       |
|    learning_rate        | 0.0003      |
|    loss                 | 0.016       |
|    n_updates            | 880         |
|    policy_gradient_loss | -0.00611    |
|    std                  | 0.794       |
|    value_loss           | 0.395       |
-----------------------------------------
-----------------------------------------
| rollout/                |             |
|    ep_len_mean          | 281         |
|    ep_rew_mean          | 26.4        |
|    success_rate         | 0.76        |
| time/                   |             |
|    fps                  | 1842        |
|    iterations           | 91          |
|    time_elapsed         | 607         |
|    total_timesteps      | 1118208     |
| train/                  |             |
|    approx_kl            | 0.013486453 |
|    clip_fraction        | 0.137       |
|    clip_range           | 0.2         |
|    entropy_loss         | -1.95       |
|    explained_variance   | 0.962       |
|    learning_rate        | 0.0003      |
|    loss                 | 0.029       |
|    n_updates            | 900         |
|    policy_gradient_loss | -0.00873    |
|    std                  | 0.642       |
|    value_loss           | 0.193       |
-----------------------------------------
-----------------------------------------
| rollout/                |             |
|    ep_len_mean          | 400         |
|    ep_rew_mean          | 3.03        |
|    success_rate         | 0.01        |
| time/                   |             |
|    fps                  | 1819        |
|    iterations           | 90          |
|    time_elapsed         | 607         |
|    total_timesteps      | 1105920     |
| train/                  |             |
|    approx_kl            | 0.016058441 |
|    clip_fraction        | 0.165       |
|    clip_range           | 0.2         |
|    entropy_loss         | -2.36       |
|    explained_variance   | 0.933       |
|    learning_rate        | 0.0003      |
|    loss                 | -0.0324     |
|    n_updates            | 890         |
|    policy_gradient_loss | -0.0113     |
|    std                  | 0.787       |
|    value_loss           | 0.0107      |
-----------------------------------------
-----------------------------------------
| rollout/                |             |
|    ep_len_mean          | 281         |
|    ep_rew_mean          | 28.6        |
|    success_rate         | 0.83        |
| time/                   |             |
|    fps                  | 1838        |
|    iterations           | 92          |
|    time_elapsed         | 614         |
|    total_timesteps      | 1130496     |
| train/                  |             |
|    approx_kl            | 0.012910027 |
|    clip_fraction        | 0.14        |
|    clip_range           | 0.2         |
|    entropy_loss         | -1.95       |
|    explained_variance   | 0.97        |
|    learning_rate        | 0.0003      |
|    loss                 | 0.033       |
|    n_updates            | 910         |
|    policy_gradient_loss | -0.00778    |
|    std                  | 0.641       |
|    value_loss           | 0.137       |
-----------------------------------------
------------------------------------------
| rollout/                |              |
|    ep_len_mean          | 400          |
|    ep_rew_mean          | 2.58         |
|    success_rate         | 0            |
| time/                   |              |
|    fps                  | 1816         |
|    iterations           | 91           |
|    time_elapsed         | 615          |
|    total_timesteps      | 1118208      |
| train/                  |              |
|    approx_kl            | 0.0144907655 |
|    clip_fraction        | 0.157        |
|    clip_range           | 0.2          |
|    entropy_loss         | -2.36        |
|    explained_variance   | 0.945        |
|    learning_rate        | 0.0003       |
|    loss                 | 0.00336      |
|    n_updates            | 900          |
|    policy_gradient_loss | -0.0116      |
|    std                  | 0.788        |
|    value_loss           | 0.00846      |
------------------------------------------
-----------------------------------------
| rollout/                |             |
|    ep_len_mean          | 271         |
|    ep_rew_mean          | 30.1        |
|    success_rate         | 0.87        |
| time/                   |             |
|    fps                  | 1835        |
|    iterations           | 93          |
|    time_elapsed         | 622         |
|    total_timesteps      | 1142784     |
| train/                  |             |
|    approx_kl            | 0.013721004 |
|    clip_fraction        | 0.141       |
|    clip_range           | 0.2         |
|    entropy_loss         | -1.96       |
|    explained_variance   | 0.958       |
|    learning_rate        | 0.0003      |
|    loss                 | 0.0646      |
|    n_updates            | 920         |
|    policy_gradient_loss | -0.00968    |
|    std                  | 0.645       |
|    value_loss           | 0.237       |
-----------------------------------------
-----------------------------------------
| rollout/                |             |
|    ep_len_mean          | 400         |
|    ep_rew_mean          | 2.59        |
|    success_rate         | 0           |
| time/                   |             |
|    fps                  | 1813        |
|    iterations           | 92          |
|    time_elapsed         | 623         |
|    total_timesteps      | 1130496     |
| train/                  |             |
|    approx_kl            | 0.015195769 |
|    clip_fraction        | 0.152       |
|    clip_range           | 0.2         |
|    entropy_loss         | -2.37       |
|    explained_variance   | 0.943       |
|    learning_rate        | 0.0003      |
|    loss                 | -0.0284     |
|    n_updates            | 910         |
|    policy_gradient_loss | -0.00979    |
|    std                  | 0.794       |
|    value_loss           | 0.00894     |
-----------------------------------------
-----------------------------------------
| rollout/                |             |
|    ep_len_mean          | 273         |
|    ep_rew_mean          | 28.7        |
|    success_rate         | 0.8         |
| time/                   |             |
|    fps                  | 1831        |
|    iterations           | 94          |
|    time_elapsed         | 630         |
|    total_timesteps      | 1155072     |
| train/                  |             |
|    approx_kl            | 0.012336634 |
|    clip_fraction        | 0.139       |
|    clip_range           | 0.2         |
|    entropy_loss         | -1.96       |
|    explained_variance   | 0.963       |
|    learning_rate        | 0.0003      |
|    loss                 | 0.00209     |
|    n_updates            | 930         |
|    policy_gradient_loss | -0.00712    |
|    std                  | 0.644       |
|    value_loss           | 0.172       |
-----------------------------------------
-----------------------------------------
| rollout/                |             |
|    ep_len_mean          | 400         |
|    ep_rew_mean          | 2.55        |
|    success_rate         | 0           |
| time/                   |             |
|    fps                  | 1810        |
|    iterations           | 93          |
|    time_elapsed         | 631         |
|    total_timesteps      | 1142784     |
| train/                  |             |
|    approx_kl            | 0.015684547 |
|    clip_fraction        | 0.16        |
|    clip_range           | 0.2         |
|    entropy_loss         | -2.38       |
|    explained_variance   | 0.954       |
|    learning_rate        | 0.0003      |
|    loss                 | -0.0133     |
|    n_updates            | 920         |
|    policy_gradient_loss | -0.00889    |
|    std                  | 0.793       |
|    value_loss           | 0.00907     |
-----------------------------------------
-----------------------------------------
| rollout/                |             |
|    ep_len_mean          | 289         |
|    ep_rew_mean          | 25.8        |
|    success_rate         | 0.68        |
| time/                   |             |
|    fps                  | 1827        |
|    iterations           | 95          |
|    time_elapsed         | 638         |
|    total_timesteps      | 1167360     |
| train/                  |             |
|    approx_kl            | 0.013584599 |
|    clip_fraction        | 0.141       |
|    clip_range           | 0.2         |
|    entropy_loss         | -1.96       |
|    explained_variance   | 0.974       |
|    learning_rate        | 0.0003      |
|    loss                 | 0.0167      |
|    n_updates            | 940         |
|    policy_gradient_loss | -0.00901    |
|    std                  | 0.647       |
|    value_loss           | 0.16        |
-----------------------------------------
-----------------------------------------
| rollout/                |             |
|    ep_len_mean          | 400         |
|    ep_rew_mean          | 2.74        |
|    success_rate         | 0           |
| time/                   |             |
|    fps                  | 1806        |
|    iterations           | 94          |
|    time_elapsed         | 639         |
|    total_timesteps      | 1155072     |
| train/                  |             |
|    approx_kl            | 0.014499643 |
|    clip_fraction        | 0.158       |
|    clip_range           | 0.2         |
|    entropy_loss         | -2.39       |
|    explained_variance   | 0.96        |
|    learning_rate        | 0.0003      |
|    loss                 | -0.0289     |
|    n_updates            | 930         |
|    policy_gradient_loss | -0.0111     |
|    std                  | 0.801       |
|    value_loss           | 0.00696     |
-----------------------------------------
------------------------------------------
| rollout/                |              |
|    ep_len_mean          | 284          |
|    ep_rew_mean          | 26.3         |
|    success_rate         | 0.69         |
| time/                   |              |
|    fps                  | 1824         |
|    iterations           | 96           |
|    time_elapsed         | 646          |
|    total_timesteps      | 1179648      |
| train/                  |              |
|    approx_kl            | 0.0144524425 |
|    clip_fraction        | 0.145        |
|    clip_range           | 0.2          |
|    entropy_loss         | -1.96        |
|    explained_variance   | 0.932        |
|    learning_rate        | 0.0003       |
|    loss                 | 0.0194       |
|    n_updates            | 950          |
|    policy_gradient_loss | -0.00865     |
|    std                  | 0.643        |
|    value_loss           | 0.1          |
------------------------------------------
-----------------------------------------
| rollout/                |             |
|    ep_len_mean          | 400         |
|    ep_rew_mean          | 2.7         |
|    success_rate         | 0           |
| time/                   |             |
|    fps                  | 1803        |
|    iterations           | 95          |
|    time_elapsed         | 647         |
|    total_timesteps      | 1167360     |
| train/                  |             |
|    approx_kl            | 0.017115325 |
|    clip_fraction        | 0.16        |
|    clip_range           | 0.2         |
|    entropy_loss         | -2.4        |
|    explained_variance   | 0.954       |
|    learning_rate        | 0.0003      |
|    loss                 | -0.0291     |
|    n_updates            | 940         |
|    policy_gradient_loss | -0.0103     |
|    std                  | 0.804       |
|    value_loss           | 0.0153      |
-----------------------------------------
-----------------------------------------
| rollout/                |             |
|    ep_len_mean          | 267         |
|    ep_rew_mean          | 28.4        |
|    success_rate         | 0.78        |
| time/                   |             |
|    fps                  | 1820        |
|    iterations           | 97          |
|    time_elapsed         | 654         |
|    total_timesteps      | 1191936     |
| train/                  |             |
|    approx_kl            | 0.012512277 |
|    clip_fraction        | 0.139       |
|    clip_range           | 0.2         |
|    entropy_loss         | -1.96       |
|    explained_variance   | 0.967       |
|    learning_rate        | 0.0003      |
|    loss                 | 0.0531      |
|    n_updates            | 960         |
|    policy_gradient_loss | -0.00891    |
|    std                  | 0.643       |
|    value_loss           | 0.146       |
-----------------------------------------
----------------------------------------
| rollout/                |            |
|    ep_len_mean          | 400        |
|    ep_rew_mean          | 2.75       |
|    success_rate         | 0          |
| time/                   |            |
|    fps                  | 1800       |
|    iterations           | 96         |
|    time_elapsed         | 655        |
|    total_timesteps      | 1179648    |
| train/                  |            |
|    approx_kl            | 0.01455313 |
|    clip_fraction        | 0.163      |
|    clip_range           | 0.2        |
|    entropy_loss         | -2.38      |
|    explained_variance   | 0.936      |
|    learning_rate        | 0.0003     |
|    loss                 | -0.0206    |
|    n_updates            | 950        |
|    policy_gradient_loss | -0.00877   |
|    std                  | 0.794      |
|    value_loss           | 0.0187     |
----------------------------------------
-----------------------------------------
| rollout/                |             |
|    ep_len_mean          | 262         |
|    ep_rew_mean          | 29.4        |
|    success_rate         | 0.82        |
| time/                   |             |
|    fps                  | 1817        |
|    iterations           | 98          |
|    time_elapsed         | 662         |
|    total_timesteps      | 1204224     |
| train/                  |             |
|    approx_kl            | 0.011743936 |
|    clip_fraction        | 0.136       |
|    clip_range           | 0.2         |
|    entropy_loss         | -1.94       |
|    explained_variance   | 0.963       |
|    learning_rate        | 0.0003      |
|    loss                 | 0.0495      |
|    n_updates            | 970         |
|    policy_gradient_loss | -0.00846    |
|    std                  | 0.638       |
|    value_loss           | 0.125       |
-----------------------------------------
-----------------------------------------
| rollout/                |             |
|    ep_len_mean          | 400         |
|    ep_rew_mean          | 2.92        |
|    success_rate         | 0           |
| time/                   |             |
|    fps                  | 1797        |
|    iterations           | 97          |
|    time_elapsed         | 663         |
|    total_timesteps      | 1191936     |
| train/                  |             |
|    approx_kl            | 0.014255993 |
|    clip_fraction        | 0.149       |
|    clip_range           | 0.2         |
|    entropy_loss         | -2.37       |
|    explained_variance   | 0.921       |
|    learning_rate        | 0.0003      |
|    loss                 | -0.0104     |
|    n_updates            | 960         |
|    policy_gradient_loss | -0.00809    |
|    std                  | 0.793       |
|    value_loss           | 0.0449      |
-----------------------------------------
Training duration: 11.1 min (666 sec)
Training finished. Model saved to: runs\env_007\eureka_v9_pilotctx\seed_0\gen_00\cand_00\training\model.zip
Monitor logs: runs\env_007\eureka_v9_pilotctx\seed_0\gen_00\cand_00\training\monitor
External eval mean reward: 203.796
LLM feedback file: runs\env_007\eureka_v9_pilotctx\seed_0\gen_00\cand_00\training\training_feedback.md
----------------------------------------
| rollout/                |            |
|    ep_len_mean          | 400        |
|    ep_rew_mean          | 3.56       |
|    success_rate         | 0.01       |
| time/                   |            |
|    fps                  | 1796       |
|    iterations           | 98         |
|    time_elapsed         | 670        |
|    total_timesteps      | 1204224    |
| train/                  |            |
|    approx_kl            | 0.01578462 |
|    clip_fraction        | 0.163      |
|    clip_range           | 0.2        |
|    entropy_loss         | -2.37      |
|    explained_variance   | 0.905      |
|    learning_rate        | 0.0003     |
|    loss                 | -0.0216    |
|    n_updates            | 970        |
|    policy_gradient_loss | -0.00858   |
|    std                  | 0.796      |
|    value_loss           | 0.0489     |
----------------------------------------
  [g00c00] native score = 203.79642252390948
Training duration: 11.2 min (673 sec)
Training finished. Model saved to: runs\env_007\eureka_v9_pilotctx\seed_0\gen_00\cand_01\training\model.zip
Monitor logs: runs\env_007\eureka_v9_pilotctx\seed_0\gen_00\cand_01\training\monitor
External eval mean reward: 4.757
LLM feedback file: runs\env_007\eureka_v9_pilotctx\seed_0\gen_00\cand_01\training\training_feedback.md
  [g00c01] native score = 4.757236607029969

state : runs\env_007\eureka_v9_pilotctx\seed_0\population.json
summary: runs\env_007\eureka_v9_pilotctx\seed_0\eureka_summary.md
