Using cpu device
---------------------------------
| rollout/           |          |
|    ep_len_mean     | 400      |
|    ep_rew_mean     | -1.29    |
|    success_rate    | 0        |
| time/              |          |
|    fps             | 3618     |
|    iterations      | 1        |
|    time_elapsed    | 3        |
|    total_timesteps | 12288    |
---------------------------------
-----------------------------------------
| rollout/                |             |
|    ep_len_mean          | 400         |
|    ep_rew_mean          | -0.429      |
|    success_rate         | 0           |
| time/                   |             |
|    fps                  | 2576        |
|    iterations           | 2           |
|    time_elapsed         | 9           |
|    total_timesteps      | 24576       |
| train/                  |             |
|    approx_kl            | 0.009411638 |
|    clip_fraction        | 0.107       |
|    clip_range           | 0.2         |
|    entropy_loss         | -2.85       |
|    explained_variance   | 0.0708      |
|    learning_rate        | 0.0003      |
|    loss                 | 0.0559      |
|    n_updates            | 10          |
|    policy_gradient_loss | -0.00566    |
|    std                  | 1.01        |
|    value_loss           | 0.16        |
-----------------------------------------
-----------------------------------------
| rollout/                |             |
|    ep_len_mean          | 400         |
|    ep_rew_mean          | -0.031      |
|    success_rate         | 0           |
| time/                   |             |
|    fps                  | 2355        |
|    iterations           | 3           |
|    time_elapsed         | 15          |
|    total_timesteps      | 36864       |
| train/                  |             |
|    approx_kl            | 0.009215963 |
|    clip_fraction        | 0.118       |
|    clip_range           | 0.2         |
|    entropy_loss         | -2.86       |
|    explained_variance   | 0.683       |
|    learning_rate        | 0.0003      |
|    loss                 | -0.0235     |
|    n_updates            | 20          |
|    policy_gradient_loss | -0.0128     |
|    std                  | 1.01        |
|    value_loss           | 0.0122      |
-----------------------------------------
-----------------------------------------
| rollout/                |             |
|    ep_len_mean          | 400         |
|    ep_rew_mean          | 0.73        |
|    success_rate         | 0           |
| time/                   |             |
|    fps                  | 2259        |
|    iterations           | 4           |
|    time_elapsed         | 21          |
|    total_timesteps      | 49152       |
| train/                  |             |
|    approx_kl            | 0.010182719 |
|    clip_fraction        | 0.12        |
|    clip_range           | 0.2         |
|    entropy_loss         | -2.85       |
|    explained_variance   | 0.559       |
|    learning_rate        | 0.0003      |
|    loss                 | -0.032      |
|    n_updates            | 30          |
|    policy_gradient_loss | -0.011      |
|    std                  | 1           |
|    value_loss           | 0.00835     |
-----------------------------------------
----------------------------------------
| rollout/                |            |
|    ep_len_mean          | 400        |
|    ep_rew_mean          | 0.964      |
|    success_rate         | 0          |
| time/                   |            |
|    fps                  | 2202       |
|    iterations           | 5          |
|    time_elapsed         | 27         |
|    total_timesteps      | 61440      |
| train/                  |            |
|    approx_kl            | 0.00838294 |
|    clip_fraction        | 0.111      |
|    clip_range           | 0.2        |
|    entropy_loss         | -2.84      |
|    explained_variance   | 0.707      |
|    learning_rate        | 0.0003     |
|    loss                 | -0.0304    |
|    n_updates            | 40         |
|    policy_gradient_loss | -0.0122    |
|    std                  | 1          |
|    value_loss           | 0.00755    |
----------------------------------------
-----------------------------------------
| rollout/                |             |
|    ep_len_mean          | 400         |
|    ep_rew_mean          | 1.2         |
|    success_rate         | 0           |
| time/                   |             |
|    fps                  | 2166        |
|    iterations           | 6           |
|    time_elapsed         | 34          |
|    total_timesteps      | 73728       |
| train/                  |             |
|    approx_kl            | 0.009417557 |
|    clip_fraction        | 0.104       |
|    clip_range           | 0.2         |
|    entropy_loss         | -2.83       |
|    explained_variance   | 0.768       |
|    learning_rate        | 0.0003      |
|    loss                 | -0.0361     |
|    n_updates            | 50          |
|    policy_gradient_loss | -0.0102     |
|    std                  | 0.994       |
|    value_loss           | 0.0072      |
-----------------------------------------
-----------------------------------------
| rollout/                |             |
|    ep_len_mean          | 400         |
|    ep_rew_mean          | 1.43        |
|    success_rate         | 0           |
| time/                   |             |
|    fps                  | 2138        |
|    iterations           | 7           |
|    time_elapsed         | 40          |
|    total_timesteps      | 86016       |
| train/                  |             |
|    approx_kl            | 0.009203893 |
|    clip_fraction        | 0.105       |
|    clip_range           | 0.2         |
|    entropy_loss         | -2.82       |
|    explained_variance   | 0.831       |
|    learning_rate        | 0.0003      |
|    loss                 | -0.0319     |
|    n_updates            | 60          |
|    policy_gradient_loss | -0.0107     |
|    std                  | 0.99        |
|    value_loss           | 0.00567     |
-----------------------------------------
-----------------------------------------
| rollout/                |             |
|    ep_len_mean          | 400         |
|    ep_rew_mean          | 1.55        |
|    success_rate         | 0           |
| time/                   |             |
|    fps                  | 2118        |
|    iterations           | 8           |
|    time_elapsed         | 46          |
|    total_timesteps      | 98304       |
| train/                  |             |
|    approx_kl            | 0.008828088 |
|    clip_fraction        | 0.103       |
|    clip_range           | 0.2         |
|    entropy_loss         | -2.82       |
|    explained_variance   | 0.922       |
|    learning_rate        | 0.0003      |
|    loss                 | -0.0355     |
|    n_updates            | 70          |
|    policy_gradient_loss | -0.00951    |
|    std                  | 0.993       |
|    value_loss           | 0.00506     |
-----------------------------------------
------------------------------------------
| rollout/                |              |
|    ep_len_mean          | 400          |
|    ep_rew_mean          | 1.81         |
|    success_rate         | 0            |
| time/                   |              |
|    fps                  | 2100         |
|    iterations           | 9            |
|    time_elapsed         | 52           |
|    total_timesteps      | 110592       |
| train/                  |              |
|    approx_kl            | 0.0095282905 |
|    clip_fraction        | 0.0931       |
|    clip_range           | 0.2          |
|    entropy_loss         | -2.8         |
|    explained_variance   | 0.914        |
|    learning_rate        | 0.0003       |
|    loss                 | -0.0117      |
|    n_updates            | 80           |
|    policy_gradient_loss | -0.00969     |
|    std                  | 0.976        |
|    value_loss           | 0.00527      |
------------------------------------------
-----------------------------------------
| rollout/                |             |
|    ep_len_mean          | 400         |
|    ep_rew_mean          | 1.89        |
|    success_rate         | 0           |
| time/                   |             |
|    fps                  | 2085        |
|    iterations           | 10          |
|    time_elapsed         | 58          |
|    total_timesteps      | 122880      |
| train/                  |             |
|    approx_kl            | 0.008588937 |
|    clip_fraction        | 0.0975      |
|    clip_range           | 0.2         |
|    entropy_loss         | -2.78       |
|    explained_variance   | 0.953       |
|    learning_rate        | 0.0003      |
|    loss                 | -0.0165     |
|    n_updates            | 90          |
|    policy_gradient_loss | -0.00913    |
|    std                  | 0.968       |
|    value_loss           | 0.00494     |
-----------------------------------------
-----------------------------------------
| rollout/                |             |
|    ep_len_mean          | 399         |
|    ep_rew_mean          | 1.99        |
|    success_rate         | 0           |
| time/                   |             |
|    fps                  | 2072        |
|    iterations           | 11          |
|    time_elapsed         | 65          |
|    total_timesteps      | 135168      |
| train/                  |             |
|    approx_kl            | 0.008238431 |
|    clip_fraction        | 0.0939      |
|    clip_range           | 0.2         |
|    entropy_loss         | -2.76       |
|    explained_variance   | 0.945       |
|    learning_rate        | 0.0003      |
|    loss                 | -0.0276     |
|    n_updates            | 100         |
|    policy_gradient_loss | -0.00832    |
|    std                  | 0.957       |
|    value_loss           | 0.00582     |
-----------------------------------------
-----------------------------------------
| rollout/                |             |
|    ep_len_mean          | 399         |
|    ep_rew_mean          | 2           |
|    success_rate         | 0           |
| time/                   |             |
|    fps                  | 2063        |
|    iterations           | 12          |
|    time_elapsed         | 71          |
|    total_timesteps      | 147456      |
| train/                  |             |
|    approx_kl            | 0.007486582 |
|    clip_fraction        | 0.0828      |
|    clip_range           | 0.2         |
|    entropy_loss         | -2.74       |
|    explained_variance   | 0.937       |
|    learning_rate        | 0.0003      |
|    loss                 | -0.032      |
|    n_updates            | 110         |
|    policy_gradient_loss | -0.00757    |
|    std                  | 0.948       |
|    value_loss           | 0.00676     |
-----------------------------------------
-----------------------------------------
| rollout/                |             |
|    ep_len_mean          | 398         |
|    ep_rew_mean          | 2           |
|    success_rate         | 0           |
| time/                   |             |
|    fps                  | 2054        |
|    iterations           | 13          |
|    time_elapsed         | 77          |
|    total_timesteps      | 159744      |
| train/                  |             |
|    approx_kl            | 0.007888668 |
|    clip_fraction        | 0.0859      |
|    clip_range           | 0.2         |
|    entropy_loss         | -2.74       |
|    explained_variance   | 0.954       |
|    learning_rate        | 0.0003      |
|    loss                 | -0.0097     |
|    n_updates            | 120         |
|    policy_gradient_loss | -0.00708    |
|    std                  | 0.949       |
|    value_loss           | 0.00591     |
-----------------------------------------
-----------------------------------------
| rollout/                |             |
|    ep_len_mean          | 398         |
|    ep_rew_mean          | 2.21        |
|    success_rate         | 0           |
| time/                   |             |
|    fps                  | 2045        |
|    iterations           | 14          |
|    time_elapsed         | 84          |
|    total_timesteps      | 172032      |
| train/                  |             |
|    approx_kl            | 0.007777104 |
|    clip_fraction        | 0.0808      |
|    clip_range           | 0.2         |
|    entropy_loss         | -2.74       |
|    explained_variance   | 0.955       |
|    learning_rate        | 0.0003      |
|    loss                 | -0.0181     |
|    n_updates            | 130         |
|    policy_gradient_loss | -0.0067     |
|    std                  | 0.956       |
|    value_loss           | 0.00742     |
-----------------------------------------
-----------------------------------------
| rollout/                |             |
|    ep_len_mean          | 396         |
|    ep_rew_mean          | 2.21        |
|    success_rate         | 0           |
| time/                   |             |
|    fps                  | 2037        |
|    iterations           | 15          |
|    time_elapsed         | 90          |
|    total_timesteps      | 184320      |
| train/                  |             |
|    approx_kl            | 0.009690649 |
|    clip_fraction        | 0.106       |
|    clip_range           | 0.2         |
|    entropy_loss         | -2.74       |
|    explained_variance   | 0.967       |
|    learning_rate        | 0.0003      |
|    loss                 | -0.0327     |
|    n_updates            | 140         |
|    policy_gradient_loss | -0.00832    |
|    std                  | 0.949       |
|    value_loss           | 0.00602     |
-----------------------------------------
-----------------------------------------
| rollout/                |             |
|    ep_len_mean          | 398         |
|    ep_rew_mean          | 2.28        |
|    success_rate         | 0           |
| time/                   |             |
|    fps                  | 2029        |
|    iterations           | 16          |
|    time_elapsed         | 96          |
|    total_timesteps      | 196608      |
| train/                  |             |
|    approx_kl            | 0.007899613 |
|    clip_fraction        | 0.0831      |
|    clip_range           | 0.2         |
|    entropy_loss         | -2.74       |
|    explained_variance   | 0.959       |
|    learning_rate        | 0.0003      |
|    loss                 | -0.0186     |
|    n_updates            | 150         |
|    policy_gradient_loss | -0.00751    |
|    std                  | 0.95        |
|    value_loss           | 0.00788     |
-----------------------------------------
----------------------------------------
| rollout/                |            |
|    ep_len_mean          | 398        |
|    ep_rew_mean          | 2.36       |
|    success_rate         | 0          |
| time/                   |            |
|    fps                  | 2025       |
|    iterations           | 17         |
|    time_elapsed         | 103        |
|    total_timesteps      | 208896     |
| train/                  |            |
|    approx_kl            | 0.00936135 |
|    clip_fraction        | 0.102      |
|    clip_range           | 0.2        |
|    entropy_loss         | -2.73      |
|    explained_variance   | 0.972      |
|    learning_rate        | 0.0003     |
|    loss                 | -0.0167    |
|    n_updates            | 160        |
|    policy_gradient_loss | -0.007     |
|    std                  | 0.942      |
|    value_loss           | 0.00786    |
----------------------------------------
-----------------------------------------
| rollout/                |             |
|    ep_len_mean          | 399         |
|    ep_rew_mean          | 2.58        |
|    success_rate         | 0           |
| time/                   |             |
|    fps                  | 2022        |
|    iterations           | 18          |
|    time_elapsed         | 109         |
|    total_timesteps      | 221184      |
| train/                  |             |
|    approx_kl            | 0.009525833 |
|    clip_fraction        | 0.102       |
|    clip_range           | 0.2         |
|    entropy_loss         | -2.72       |
|    explained_variance   | 0.977       |
|    learning_rate        | 0.0003      |
|    loss                 | -0.0304     |
|    n_updates            | 170         |
|    policy_gradient_loss | -0.00808    |
|    std                  | 0.941       |
|    value_loss           | 0.00802     |
-----------------------------------------
------------------------------------------
| rollout/                |              |
|    ep_len_mean          | 400          |
|    ep_rew_mean          | 2.59         |
|    success_rate         | 0            |
| time/                   |              |
|    fps                  | 2020         |
|    iterations           | 19           |
|    time_elapsed         | 115          |
|    total_timesteps      | 233472       |
| train/                  |              |
|    approx_kl            | 0.0080758855 |
|    clip_fraction        | 0.0961       |
|    clip_range           | 0.2          |
|    entropy_loss         | -2.72        |
|    explained_variance   | 0.977        |
|    learning_rate        | 0.0003       |
|    loss                 | -0.0363      |
|    n_updates            | 180          |
|    policy_gradient_loss | -0.00855     |
|    std                  | 0.946        |
|    value_loss           | 0.00612      |
------------------------------------------
-----------------------------------------
| rollout/                |             |
|    ep_len_mean          | 400         |
|    ep_rew_mean          | 2.83        |
|    success_rate         | 0           |
| time/                   |             |
|    fps                  | 2016        |
|    iterations           | 20          |
|    time_elapsed         | 121         |
|    total_timesteps      | 245760      |
| train/                  |             |
|    approx_kl            | 0.010540925 |
|    clip_fraction        | 0.115       |
|    clip_range           | 0.2         |
|    entropy_loss         | -2.7        |
|    explained_variance   | 0.978       |
|    learning_rate        | 0.0003      |
|    loss                 | -0.0237     |
|    n_updates            | 190         |
|    policy_gradient_loss | -0.00902    |
|    std                  | 0.931       |
|    value_loss           | 0.00592     |
-----------------------------------------
-----------------------------------------
| rollout/                |             |
|    ep_len_mean          | 400         |
|    ep_rew_mean          | 3.06        |
|    success_rate         | 0           |
| time/                   |             |
|    fps                  | 2011        |
|    iterations           | 21          |
|    time_elapsed         | 128         |
|    total_timesteps      | 258048      |
| train/                  |             |
|    approx_kl            | 0.009474258 |
|    clip_fraction        | 0.103       |
|    clip_range           | 0.2         |
|    entropy_loss         | -2.68       |
|    explained_variance   | 0.981       |
|    learning_rate        | 0.0003      |
|    loss                 | -0.00542    |
|    n_updates            | 200         |
|    policy_gradient_loss | -0.00907    |
|    std                  | 0.923       |
|    value_loss           | 0.00621     |
-----------------------------------------
-----------------------------------------
| rollout/                |             |
|    ep_len_mean          | 400         |
|    ep_rew_mean          | 3.33        |
|    success_rate         | 0           |
| time/                   |             |
|    fps                  | 2007        |
|    iterations           | 22          |
|    time_elapsed         | 134         |
|    total_timesteps      | 270336      |
| train/                  |             |
|    approx_kl            | 0.009881458 |
|    clip_fraction        | 0.106       |
|    clip_range           | 0.2         |
|    entropy_loss         | -2.67       |
|    explained_variance   | 0.986       |
|    learning_rate        | 0.0003      |
|    loss                 | -0.0207     |
|    n_updates            | 210         |
|    policy_gradient_loss | -0.00814    |
|    std                  | 0.92        |
|    value_loss           | 0.00475     |
-----------------------------------------
-----------------------------------------
| rollout/                |             |
|    ep_len_mean          | 400         |
|    ep_rew_mean          | 3.4         |
|    success_rate         | 0           |
| time/                   |             |
|    fps                  | 2004        |
|    iterations           | 23          |
|    time_elapsed         | 141         |
|    total_timesteps      | 282624      |
| train/                  |             |
|    approx_kl            | 0.008756291 |
|    clip_fraction        | 0.0919      |
|    clip_range           | 0.2         |
|    entropy_loss         | -2.68       |
|    explained_variance   | 0.987       |
|    learning_rate        | 0.0003      |
|    loss                 | -0.0321     |
|    n_updates            | 220         |
|    policy_gradient_loss | -0.00865    |
|    std                  | 0.924       |
|    value_loss           | 0.0041      |
-----------------------------------------
----------------------------------------
| rollout/                |            |
|    ep_len_mean          | 400        |
|    ep_rew_mean          | 3.45       |
|    success_rate         | 0          |
| time/                   |            |
|    fps                  | 2000       |
|    iterations           | 24         |
|    time_elapsed         | 147        |
|    total_timesteps      | 294912     |
| train/                  |            |
|    approx_kl            | 0.00878519 |
|    clip_fraction        | 0.0989     |
|    clip_range           | 0.2        |
|    entropy_loss         | -2.68      |
|    explained_variance   | 0.988      |
|    learning_rate        | 0.0003     |
|    loss                 | -0.0232    |
|    n_updates            | 230        |
|    policy_gradient_loss | -0.00889   |
|    std                  | 0.926      |
|    value_loss           | 0.00442    |
----------------------------------------
----------------------------------------
| rollout/                |            |
|    ep_len_mean          | 400        |
|    ep_rew_mean          | 3.83       |
|    success_rate         | 0          |
| time/                   |            |
|    fps                  | 1998       |
|    iterations           | 25         |
|    time_elapsed         | 153        |
|    total_timesteps      | 307200     |
| train/                  |            |
|    approx_kl            | 0.01021821 |
|    clip_fraction        | 0.112      |
|    clip_range           | 0.2        |
|    entropy_loss         | -2.68      |
|    explained_variance   | 0.986      |
|    learning_rate        | 0.0003     |
|    loss                 | -0.0287    |
|    n_updates            | 240        |
|    policy_gradient_loss | -0.0099    |
|    std                  | 0.923      |
|    value_loss           | 0.00387    |
----------------------------------------
----------------------------------------
| rollout/                |            |
|    ep_len_mean          | 400        |
|    ep_rew_mean          | 4.94       |
|    success_rate         | 0          |
| time/                   |            |
|    fps                  | 1996       |
|    iterations           | 26         |
|    time_elapsed         | 159        |
|    total_timesteps      | 319488     |
| train/                  |            |
|    approx_kl            | 0.01031703 |
|    clip_fraction        | 0.115      |
|    clip_range           | 0.2        |
|    entropy_loss         | -2.68      |
|    explained_variance   | 0.937      |
|    learning_rate        | 0.0003     |
|    loss                 | -0.012     |
|    n_updates            | 250        |
|    policy_gradient_loss | -0.00631   |
|    std                  | 0.92       |
|    value_loss           | 0.0801     |
----------------------------------------
-----------------------------------------
| rollout/                |             |
|    ep_len_mean          | 398         |
|    ep_rew_mean          | 7.18        |
|    success_rate         | 0.01        |
| time/                   |             |
|    fps                  | 1994        |
|    iterations           | 27          |
|    time_elapsed         | 166         |
|    total_timesteps      | 331776      |
| train/                  |             |
|    approx_kl            | 0.010468822 |
|    clip_fraction        | 0.107       |
|    clip_range           | 0.2         |
|    entropy_loss         | -2.67       |
|    explained_variance   | 0.387       |
|    learning_rate        | 0.0003      |
|    loss                 | 0.34        |
|    n_updates            | 260         |
|    policy_gradient_loss | -0.00363    |
|    std                  | 0.915       |
|    value_loss           | 1.19        |
-----------------------------------------
-----------------------------------------
| rollout/                |             |
|    ep_len_mean          | 398         |
|    ep_rew_mean          | 7.02        |
|    success_rate         | 0.01        |
| time/                   |             |
|    fps                  | 1991        |
|    iterations           | 28          |
|    time_elapsed         | 172         |
|    total_timesteps      | 344064      |
| train/                  |             |
|    approx_kl            | 0.010209732 |
|    clip_fraction        | 0.117       |
|    clip_range           | 0.2         |
|    entropy_loss         | -2.65       |
|    explained_variance   | 0.362       |
|    learning_rate        | 0.0003      |
|    loss                 | 0.00153     |
|    n_updates            | 270         |
|    policy_gradient_loss | -0.00329    |
|    std                  | 0.91        |
|    value_loss           | 3.21        |
-----------------------------------------
-----------------------------------------
| rollout/                |             |
|    ep_len_mean          | 398         |
|    ep_rew_mean          | 7.07        |
|    success_rate         | 0.01        |
| time/                   |             |
|    fps                  | 1989        |
|    iterations           | 29          |
|    time_elapsed         | 179         |
|    total_timesteps      | 356352      |
| train/                  |             |
|    approx_kl            | 0.010820533 |
|    clip_fraction        | 0.124       |
|    clip_range           | 0.2         |
|    entropy_loss         | -2.66       |
|    explained_variance   | 0.926       |
|    learning_rate        | 0.0003      |
|    loss                 | -0.0167     |
|    n_updates            | 280         |
|    policy_gradient_loss | -0.0102     |
|    std                  | 0.919       |
|    value_loss           | 0.0206      |
-----------------------------------------
-----------------------------------------
| rollout/                |             |
|    ep_len_mean          | 396         |
|    ep_rew_mean          | 10.1        |
|    success_rate         | 0.03        |
| time/                   |             |
|    fps                  | 1987        |
|    iterations           | 30          |
|    time_elapsed         | 185         |
|    total_timesteps      | 368640      |
| train/                  |             |
|    approx_kl            | 0.009380797 |
|    clip_fraction        | 0.112       |
|    clip_range           | 0.2         |
|    entropy_loss         | -2.68       |
|    explained_variance   | 0.91        |
|    learning_rate        | 0.0003      |
|    loss                 | -0.0314     |
|    n_updates            | 290         |
|    policy_gradient_loss | -0.0071     |
|    std                  | 0.923       |
|    value_loss           | 0.018       |
-----------------------------------------
-----------------------------------------
| rollout/                |             |
|    ep_len_mean          | 397         |
|    ep_rew_mean          | 7.96        |
|    success_rate         | 0.02        |
| time/                   |             |
|    fps                  | 1985        |
|    iterations           | 31          |
|    time_elapsed         | 191         |
|    total_timesteps      | 380928      |
| train/                  |             |
|    approx_kl            | 0.009161889 |
|    clip_fraction        | 0.0985      |
|    clip_range           | 0.2         |
|    entropy_loss         | -2.66       |
|    explained_variance   | 0.131       |
|    learning_rate        | 0.0003      |
|    loss                 | 0.154       |
|    n_updates            | 300         |
|    policy_gradient_loss | -0.00223    |
|    std                  | 0.913       |
|    value_loss           | 3.18        |
-----------------------------------------
------------------------------------------
| rollout/                |              |
|    ep_len_mean          | 397          |
|    ep_rew_mean          | 9.91         |
|    success_rate         | 0.03         |
| time/                   |              |
|    fps                  | 1983         |
|    iterations           | 32           |
|    time_elapsed         | 198          |
|    total_timesteps      | 393216       |
| train/                  |              |
|    approx_kl            | 0.0104615865 |
|    clip_fraction        | 0.115        |
|    clip_range           | 0.2          |
|    entropy_loss         | -2.66        |
|    explained_variance   | 0.769        |
|    learning_rate        | 0.0003       |
|    loss                 | 0.00947      |
|    n_updates            | 310          |
|    policy_gradient_loss | -0.00591     |
|    std                  | 0.917        |
|    value_loss           | 0.0525       |
------------------------------------------
-----------------------------------------
| rollout/                |             |
|    ep_len_mean          | 399         |
|    ep_rew_mean          | 7.96        |
|    success_rate         | 0.02        |
| time/                   |             |
|    fps                  | 1982        |
|    iterations           | 33          |
|    time_elapsed         | 204         |
|    total_timesteps      | 405504      |
| train/                  |             |
|    approx_kl            | 0.009194569 |
|    clip_fraction        | 0.0913      |
|    clip_range           | 0.2         |
|    entropy_loss         | -2.67       |
|    explained_variance   | 0.21        |
|    learning_rate        | 0.0003      |
|    loss                 | 0.146       |
|    n_updates            | 320         |
|    policy_gradient_loss | -0.00306    |
|    std                  | 0.922       |
|    value_loss           | 2.34        |
-----------------------------------------
-----------------------------------------
| rollout/                |             |
|    ep_len_mean          | 399         |
|    ep_rew_mean          | 9.19        |
|    success_rate         | 0.02        |
| time/                   |             |
|    fps                  | 1981        |
|    iterations           | 34          |
|    time_elapsed         | 210         |
|    total_timesteps      | 417792      |
| train/                  |             |
|    approx_kl            | 0.007677322 |
|    clip_fraction        | 0.0933      |
|    clip_range           | 0.2         |
|    entropy_loss         | -2.66       |
|    explained_variance   | 0.497       |
|    learning_rate        | 0.0003      |
|    loss                 | 0.0569      |
|    n_updates            | 330         |
|    policy_gradient_loss | -0.00207    |
|    std                  | 0.912       |
|    value_loss           | 2.35        |
-----------------------------------------
-----------------------------------------
| rollout/                |             |
|    ep_len_mean          | 397         |
|    ep_rew_mean          | 11.3        |
|    success_rate         | 0.03        |
| time/                   |             |
|    fps                  | 1979        |
|    iterations           | 35          |
|    time_elapsed         | 217         |
|    total_timesteps      | 430080      |
| train/                  |             |
|    approx_kl            | 0.010894666 |
|    clip_fraction        | 0.115       |
|    clip_range           | 0.2         |
|    entropy_loss         | -2.64       |
|    explained_variance   | 0.527       |
|    learning_rate        | 0.0003      |
|    loss                 | 0.00171     |
|    n_updates            | 340         |
|    policy_gradient_loss | -0.00718    |
|    std                  | 0.905       |
|    value_loss           | 0.491       |
-----------------------------------------
-----------------------------------------
| rollout/                |             |
|    ep_len_mean          | 398         |
|    ep_rew_mean          | 9.22        |
|    success_rate         | 0.02        |
| time/                   |             |
|    fps                  | 1978        |
|    iterations           | 36          |
|    time_elapsed         | 223         |
|    total_timesteps      | 442368      |
| train/                  |             |
|    approx_kl            | 0.009725067 |
|    clip_fraction        | 0.108       |
|    clip_range           | 0.2         |
|    entropy_loss         | -2.64       |
|    explained_variance   | 0.609       |
|    learning_rate        | 0.0003      |
|    loss                 | 0.341       |
|    n_updates            | 350         |
|    policy_gradient_loss | -0.00572    |
|    std                  | 0.906       |
|    value_loss           | 1.23        |
-----------------------------------------
-----------------------------------------
| rollout/                |             |
|    ep_len_mean          | 398         |
|    ep_rew_mean          | 8.09        |
|    success_rate         | 0.02        |
| time/                   |             |
|    fps                  | 1977        |
|    iterations           | 37          |
|    time_elapsed         | 229         |
|    total_timesteps      | 454656      |
| train/                  |             |
|    approx_kl            | 0.008809726 |
|    clip_fraction        | 0.106       |
|    clip_range           | 0.2         |
|    entropy_loss         | -2.65       |
|    explained_variance   | 0.563       |
|    learning_rate        | 0.0003      |
|    loss                 | 0.0677      |
|    n_updates            | 360         |
|    policy_gradient_loss | -0.00633    |
|    std                  | 0.909       |
|    value_loss           | 1.8         |
-----------------------------------------
-----------------------------------------
| rollout/                |             |
|    ep_len_mean          | 397         |
|    ep_rew_mean          | 14.1        |
|    success_rate         | 0.05        |
| time/                   |             |
|    fps                  | 1976        |
|    iterations           | 38          |
|    time_elapsed         | 236         |
|    total_timesteps      | 466944      |
| train/                  |             |
|    approx_kl            | 0.010857443 |
|    clip_fraction        | 0.136       |
|    clip_range           | 0.2         |
|    entropy_loss         | -2.65       |
|    explained_variance   | 0.943       |
|    learning_rate        | 0.0003      |
|    loss                 | 0.0031      |
|    n_updates            | 370         |
|    policy_gradient_loss | -0.00954    |
|    std                  | 0.911       |
|    value_loss           | 0.0767      |
-----------------------------------------
------------------------------------------
| rollout/                |              |
|    ep_len_mean          | 396          |
|    ep_rew_mean          | 16.2         |
|    success_rate         | 0.06         |
| time/                   |              |
|    fps                  | 1974         |
|    iterations           | 39           |
|    time_elapsed         | 242          |
|    total_timesteps      | 479232       |
| train/                  |              |
|    approx_kl            | 0.0067486987 |
|    clip_fraction        | 0.0658       |
|    clip_range           | 0.2          |
|    entropy_loss         | -2.64        |
|    explained_variance   | 0.565        |
|    learning_rate        | 0.0003       |
|    loss                 | 3.76         |
|    n_updates            | 380          |
|    policy_gradient_loss | -0.00268     |
|    std                  | 0.904        |
|    value_loss           | 4.25         |
------------------------------------------
-----------------------------------------
| rollout/                |             |
|    ep_len_mean          | 393         |
|    ep_rew_mean          | 20          |
|    success_rate         | 0.08        |
| time/                   |             |
|    fps                  | 1973        |
|    iterations           | 40          |
|    time_elapsed         | 249         |
|    total_timesteps      | 491520      |
| train/                  |             |
|    approx_kl            | 0.011997071 |
|    clip_fraction        | 0.115       |
|    clip_range           | 0.2         |
|    entropy_loss         | -2.64       |
|    explained_variance   | 0.781       |
|    learning_rate        | 0.0003      |
|    loss                 | 0.173       |
|    n_updates            | 390         |
|    policy_gradient_loss | -0.00396    |
|    std                  | 0.904       |
|    value_loss           | 1.19        |
-----------------------------------------
------------------------------------------
| rollout/                |              |
|    ep_len_mean          | 390          |
|    ep_rew_mean          | 25.6         |
|    success_rate         | 0.1          |
| time/                   |              |
|    fps                  | 1971         |
|    iterations           | 41           |
|    time_elapsed         | 255          |
|    total_timesteps      | 503808       |
| train/                  |              |
|    approx_kl            | 0.0121656945 |
|    clip_fraction        | 0.105        |
|    clip_range           | 0.2          |
|    entropy_loss         | -2.62        |
|    explained_variance   | 0.741        |
|    learning_rate        | 0.0003       |
|    loss                 | 1.31         |
|    n_updates            | 400          |
|    policy_gradient_loss | -0.00409     |
|    std                  | 0.891        |
|    value_loss           | 1.54         |
------------------------------------------
------------------------------------------
| rollout/                |              |
|    ep_len_mean          | 389          |
|    ep_rew_mean          | 24.7         |
|    success_rate         | 0.09         |
| time/                   |              |
|    fps                  | 1970         |
|    iterations           | 42           |
|    time_elapsed         | 261          |
|    total_timesteps      | 516096       |
| train/                  |              |
|    approx_kl            | 0.0072844704 |
|    clip_fraction        | 0.0771       |
|    clip_range           | 0.2          |
|    entropy_loss         | -2.59        |
|    explained_variance   | 0.842        |
|    learning_rate        | 0.0003       |
|    loss                 | 2.05         |
|    n_updates            | 410          |
|    policy_gradient_loss | -0.00298     |
|    std                  | 0.88         |
|    value_loss           | 3.31         |
------------------------------------------
-----------------------------------------
| rollout/                |             |
|    ep_len_mean          | 389         |
|    ep_rew_mean          | 24.9        |
|    success_rate         | 0.09        |
| time/                   |             |
|    fps                  | 1968        |
|    iterations           | 43          |
|    time_elapsed         | 268         |
|    total_timesteps      | 528384      |
| train/                  |             |
|    approx_kl            | 0.011994585 |
|    clip_fraction        | 0.13        |
|    clip_range           | 0.2         |
|    entropy_loss         | -2.56       |
|    explained_variance   | 0.911       |
|    learning_rate        | 0.0003      |
|    loss                 | 0.344       |
|    n_updates            | 420         |
|    policy_gradient_loss | -0.00543    |
|    std                  | 0.863       |
|    value_loss           | 0.92        |
-----------------------------------------
-----------------------------------------
| rollout/                |             |
|    ep_len_mean          | 379         |
|    ep_rew_mean          | 45.8        |
|    success_rate         | 0.17        |
| time/                   |             |
|    fps                  | 1967        |
|    iterations           | 44          |
|    time_elapsed         | 274         |
|    total_timesteps      | 540672      |
| train/                  |             |
|    approx_kl            | 0.009270026 |
|    clip_fraction        | 0.097       |
|    clip_range           | 0.2         |
|    entropy_loss         | -2.55       |
|    explained_variance   | 0.92        |
|    learning_rate        | 0.0003      |
|    loss                 | 0.394       |
|    n_updates            | 430         |
|    policy_gradient_loss | -0.00556    |
|    std                  | 0.865       |
|    value_loss           | 2.12        |
-----------------------------------------
-----------------------------------------
| rollout/                |             |
|    ep_len_mean          | 380         |
|    ep_rew_mean          | 44.9        |
|    success_rate         | 0.17        |
| time/                   |             |
|    fps                  | 1967        |
|    iterations           | 45          |
|    time_elapsed         | 281         |
|    total_timesteps      | 552960      |
| train/                  |             |
|    approx_kl            | 0.007315378 |
|    clip_fraction        | 0.0686      |
|    clip_range           | 0.2         |
|    entropy_loss         | -2.55       |
|    explained_variance   | 0.922       |
|    learning_rate        | 0.0003      |
|    loss                 | 1.72        |
|    n_updates            | 440         |
|    policy_gradient_loss | -0.00437    |
|    std                  | 0.867       |
|    value_loss           | 5.32        |
-----------------------------------------
-----------------------------------------
| rollout/                |             |
|    ep_len_mean          | 376         |
|    ep_rew_mean          | 51.7        |
|    success_rate         | 0.2         |
| time/                   |             |
|    fps                  | 1965        |
|    iterations           | 46          |
|    time_elapsed         | 287         |
|    total_timesteps      | 565248      |
| train/                  |             |
|    approx_kl            | 0.010137591 |
|    clip_fraction        | 0.109       |
|    clip_range           | 0.2         |
|    entropy_loss         | -2.55       |
|    explained_variance   | 0.947       |
|    learning_rate        | 0.0003      |
|    loss                 | 0.547       |
|    n_updates            | 450         |
|    policy_gradient_loss | -0.00647    |
|    std                  | 0.867       |
|    value_loss           | 1.67        |
-----------------------------------------
----------------------------------------
| rollout/                |            |
|    ep_len_mean          | 376        |
|    ep_rew_mean          | 49.4       |
|    success_rate         | 0.19       |
| time/                   |            |
|    fps                  | 1964       |
|    iterations           | 47         |
|    time_elapsed         | 293        |
|    total_timesteps      | 577536     |
| train/                  |            |
|    approx_kl            | 0.01004163 |
|    clip_fraction        | 0.0952     |
|    clip_range           | 0.2        |
|    entropy_loss         | -2.53      |
|    explained_variance   | 0.939      |
|    learning_rate        | 0.0003     |
|    loss                 | 0.722      |
|    n_updates            | 460        |
|    policy_gradient_loss | -0.00571   |
|    std                  | 0.853      |
|    value_loss           | 3.06       |
----------------------------------------
------------------------------------------
| rollout/                |              |
|    ep_len_mean          | 368          |
|    ep_rew_mean          | 61.2         |
|    success_rate         | 0.25         |
| time/                   |              |
|    fps                  | 1963         |
|    iterations           | 48           |
|    time_elapsed         | 300          |
|    total_timesteps      | 589824       |
| train/                  |              |
|    approx_kl            | 0.0092920195 |
|    clip_fraction        | 0.0939       |
|    clip_range           | 0.2          |
|    entropy_loss         | -2.5         |
|    explained_variance   | 0.943        |
|    learning_rate        | 0.0003       |
|    loss                 | 1.49         |
|    n_updates            | 470          |
|    policy_gradient_loss | -0.0052      |
|    std                  | 0.843        |
|    value_loss           | 4.08         |
------------------------------------------
-----------------------------------------
| rollout/                |             |
|    ep_len_mean          | 374         |
|    ep_rew_mean          | 51.9        |
|    success_rate         | 0.2         |
| time/                   |             |
|    fps                  | 1962        |
|    iterations           | 49          |
|    time_elapsed         | 306         |
|    total_timesteps      | 602112      |
| train/                  |             |
|    approx_kl            | 0.011919342 |
|    clip_fraction        | 0.11        |
|    clip_range           | 0.2         |
|    entropy_loss         | -2.48       |
|    explained_variance   | 0.946       |
|    learning_rate        | 0.0003      |
|    loss                 | 3.33        |
|    n_updates            | 480         |
|    policy_gradient_loss | -0.00456    |
|    std                  | 0.834       |
|    value_loss           | 2.88        |
-----------------------------------------
-----------------------------------------
| rollout/                |             |
|    ep_len_mean          | 380         |
|    ep_rew_mean          | 37.7        |
|    success_rate         | 0.14        |
| time/                   |             |
|    fps                  | 1961        |
|    iterations           | 50          |
|    time_elapsed         | 313         |
|    total_timesteps      | 614400      |
| train/                  |             |
|    approx_kl            | 0.010830549 |
|    clip_fraction        | 0.127       |
|    clip_range           | 0.2         |
|    entropy_loss         | -2.47       |
|    explained_variance   | 0.965       |
|    learning_rate        | 0.0003      |
|    loss                 | 0.203       |
|    n_updates            | 490         |
|    policy_gradient_loss | -0.00507    |
|    std                  | 0.83        |
|    value_loss           | 1.32        |
-----------------------------------------
-----------------------------------------
| rollout/                |             |
|    ep_len_mean          | 384         |
|    ep_rew_mean          | 35.7        |
|    success_rate         | 0.12        |
| time/                   |             |
|    fps                  | 1960        |
|    iterations           | 51          |
|    time_elapsed         | 319         |
|    total_timesteps      | 626688      |
| train/                  |             |
|    approx_kl            | 0.009458121 |
|    clip_fraction        | 0.102       |
|    clip_range           | 0.2         |
|    entropy_loss         | -2.46       |
|    explained_variance   | 0.946       |
|    learning_rate        | 0.0003      |
|    loss                 | 0.218       |
|    n_updates            | 500         |
|    policy_gradient_loss | -0.0069     |
|    std                  | 0.824       |
|    value_loss           | 1.86        |
-----------------------------------------
-----------------------------------------
| rollout/                |             |
|    ep_len_mean          | 376         |
|    ep_rew_mean          | 42.8        |
|    success_rate         | 0.16        |
| time/                   |             |
|    fps                  | 1959        |
|    iterations           | 52          |
|    time_elapsed         | 326         |
|    total_timesteps      | 638976      |
| train/                  |             |
|    approx_kl            | 0.010972071 |
|    clip_fraction        | 0.105       |
|    clip_range           | 0.2         |
|    entropy_loss         | -2.44       |
|    explained_variance   | 0.936       |
|    learning_rate        | 0.0003      |
|    loss                 | 0.227       |
|    n_updates            | 510         |
|    policy_gradient_loss | -0.00623    |
|    std                  | 0.814       |
|    value_loss           | 2.04        |
-----------------------------------------
----------------------------------------
| rollout/                |            |
|    ep_len_mean          | 362        |
|    ep_rew_mean          | 58.1       |
|    success_rate         | 0.25       |
| time/                   |            |
|    fps                  | 1959       |
|    iterations           | 53         |
|    time_elapsed         | 332        |
|    total_timesteps      | 651264     |
| train/                  |            |
|    approx_kl            | 0.01130489 |
|    clip_fraction        | 0.109      |
|    clip_range           | 0.2        |
|    entropy_loss         | -2.42      |
|    explained_variance   | 0.946      |
|    learning_rate        | 0.0003     |
|    loss                 | 0.683      |
|    n_updates            | 520        |
|    policy_gradient_loss | -0.00669   |
|    std                  | 0.809      |
|    value_loss           | 2.39       |
----------------------------------------
-----------------------------------------
| rollout/                |             |
|    ep_len_mean          | 346         |
|    ep_rew_mean          | 81.1        |
|    success_rate         | 0.35        |
| time/                   |             |
|    fps                  | 1959        |
|    iterations           | 54          |
|    time_elapsed         | 338         |
|    total_timesteps      | 663552      |
| train/                  |             |
|    approx_kl            | 0.011788055 |
|    clip_fraction        | 0.112       |
|    clip_range           | 0.2         |
|    entropy_loss         | -2.41       |
|    explained_variance   | 0.958       |
|    learning_rate        | 0.0003      |
|    loss                 | 0.543       |
|    n_updates            | 530         |
|    policy_gradient_loss | -0.00704    |
|    std                  | 0.806       |
|    value_loss           | 2.35        |
-----------------------------------------
-----------------------------------------
| rollout/                |             |
|    ep_len_mean          | 346         |
|    ep_rew_mean          | 91.2        |
|    success_rate         | 0.4         |
| time/                   |             |
|    fps                  | 1958        |
|    iterations           | 55          |
|    time_elapsed         | 345         |
|    total_timesteps      | 675840      |
| train/                  |             |
|    approx_kl            | 0.011997454 |
|    clip_fraction        | 0.114       |
|    clip_range           | 0.2         |
|    entropy_loss         | -2.4        |
|    explained_variance   | 0.951       |
|    learning_rate        | 0.0003      |
|    loss                 | 0.481       |
|    n_updates            | 540         |
|    policy_gradient_loss | -0.00661    |
|    std                  | 0.803       |
|    value_loss           | 2.73        |
-----------------------------------------
------------------------------------------
| rollout/                |              |
|    ep_len_mean          | 357          |
|    ep_rew_mean          | 76.5         |
|    success_rate         | 0.32         |
| time/                   |              |
|    fps                  | 1958         |
|    iterations           | 56           |
|    time_elapsed         | 351          |
|    total_timesteps      | 688128       |
| train/                  |              |
|    approx_kl            | 0.0112445885 |
|    clip_fraction        | 0.112        |
|    clip_range           | 0.2          |
|    entropy_loss         | -2.39        |
|    explained_variance   | 0.958        |
|    learning_rate        | 0.0003       |
|    loss                 | 0.554        |
|    n_updates            | 550          |
|    policy_gradient_loss | -0.00728     |
|    std                  | 0.796        |
|    value_loss           | 2.19         |
------------------------------------------
-----------------------------------------
| rollout/                |             |
|    ep_len_mean          | 361         |
|    ep_rew_mean          | 74.1        |
|    success_rate         | 0.33        |
| time/                   |             |
|    fps                  | 1957        |
|    iterations           | 57          |
|    time_elapsed         | 357         |
|    total_timesteps      | 700416      |
| train/                  |             |
|    approx_kl            | 0.011505335 |
|    clip_fraction        | 0.135       |
|    clip_range           | 0.2         |
|    entropy_loss         | -2.36       |
|    explained_variance   | 0.965       |
|    learning_rate        | 0.0003      |
|    loss                 | 0.162       |
|    n_updates            | 560         |
|    policy_gradient_loss | -0.0087     |
|    std                  | 0.787       |
|    value_loss           | 1.02        |
-----------------------------------------
------------------------------------------
| rollout/                |              |
|    ep_len_mean          | 369          |
|    ep_rew_mean          | 63.2         |
|    success_rate         | 0.27         |
| time/                   |              |
|    fps                  | 1957         |
|    iterations           | 58           |
|    time_elapsed         | 364          |
|    total_timesteps      | 712704       |
| train/                  |              |
|    approx_kl            | 0.0118604405 |
|    clip_fraction        | 0.125        |
|    clip_range           | 0.2          |
|    entropy_loss         | -2.36        |
|    explained_variance   | 0.956        |
|    learning_rate        | 0.0003       |
|    loss                 | 0.157        |
|    n_updates            | 570          |
|    policy_gradient_loss | -0.00722     |
|    std                  | 0.786        |
|    value_loss           | 1.77         |
------------------------------------------
-----------------------------------------
| rollout/                |             |
|    ep_len_mean          | 372         |
|    ep_rew_mean          | 59.8        |
|    success_rate         | 0.25        |
| time/                   |             |
|    fps                  | 1956        |
|    iterations           | 59          |
|    time_elapsed         | 370         |
|    total_timesteps      | 724992      |
| train/                  |             |
|    approx_kl            | 0.010571572 |
|    clip_fraction        | 0.115       |
|    clip_range           | 0.2         |
|    entropy_loss         | -2.35       |
|    explained_variance   | 0.959       |
|    learning_rate        | 0.0003      |
|    loss                 | 0.874       |
|    n_updates            | 580         |
|    policy_gradient_loss | -0.0071     |
|    std                  | 0.781       |
|    value_loss           | 1.48        |
-----------------------------------------
-----------------------------------------
| rollout/                |             |
|    ep_len_mean          | 370         |
|    ep_rew_mean          | 55          |
|    success_rate         | 0.22        |
| time/                   |             |
|    fps                  | 1955        |
|    iterations           | 60          |
|    time_elapsed         | 377         |
|    total_timesteps      | 737280      |
| train/                  |             |
|    approx_kl            | 0.012934635 |
|    clip_fraction        | 0.126       |
|    clip_range           | 0.2         |
|    entropy_loss         | -2.33       |
|    explained_variance   | 0.967       |
|    learning_rate        | 0.0003      |
|    loss                 | 0.101       |
|    n_updates            | 590         |
|    policy_gradient_loss | -0.00696    |
|    std                  | 0.776       |
|    value_loss           | 0.95        |
-----------------------------------------
-----------------------------------------
| rollout/                |             |
|    ep_len_mean          | 368         |
|    ep_rew_mean          | 46.7        |
|    success_rate         | 0.19        |
| time/                   |             |
|    fps                  | 1955        |
|    iterations           | 61          |
|    time_elapsed         | 383         |
|    total_timesteps      | 749568      |
| train/                  |             |
|    approx_kl            | 0.011530695 |
|    clip_fraction        | 0.118       |
|    clip_range           | 0.2         |
|    entropy_loss         | -2.33       |
|    explained_variance   | 0.964       |
|    learning_rate        | 0.0003      |
|    loss                 | 0.212       |
|    n_updates            | 600         |
|    policy_gradient_loss | -0.00672    |
|    std                  | 0.775       |
|    value_loss           | 1.39        |
-----------------------------------------
-----------------------------------------
| rollout/                |             |
|    ep_len_mean          | 357         |
|    ep_rew_mean          | 61.9        |
|    success_rate         | 0.26        |
| time/                   |             |
|    fps                  | 1954        |
|    iterations           | 62          |
|    time_elapsed         | 389         |
|    total_timesteps      | 761856      |
| train/                  |             |
|    approx_kl            | 0.012462077 |
|    clip_fraction        | 0.13        |
|    clip_range           | 0.2         |
|    entropy_loss         | -2.31       |
|    explained_variance   | 0.967       |
|    learning_rate        | 0.0003      |
|    loss                 | 0.109       |
|    n_updates            | 610         |
|    policy_gradient_loss | -0.00876    |
|    std                  | 0.763       |
|    value_loss           | 0.87        |
-----------------------------------------
-----------------------------------------
| rollout/                |             |
|    ep_len_mean          | 360         |
|    ep_rew_mean          | 60          |
|    success_rate         | 0.25        |
| time/                   |             |
|    fps                  | 1954        |
|    iterations           | 63          |
|    time_elapsed         | 396         |
|    total_timesteps      | 774144      |
| train/                  |             |
|    approx_kl            | 0.011684768 |
|    clip_fraction        | 0.117       |
|    clip_range           | 0.2         |
|    entropy_loss         | -2.29       |
|    explained_variance   | 0.914       |
|    learning_rate        | 0.0003      |
|    loss                 | 0.101       |
|    n_updates            | 620         |
|    policy_gradient_loss | -0.00736    |
|    std                  | 0.76        |
|    value_loss           | 1.17        |
-----------------------------------------
-----------------------------------------
| rollout/                |             |
|    ep_len_mean          | 362         |
|    ep_rew_mean          | 58.4        |
|    success_rate         | 0.25        |
| time/                   |             |
|    fps                  | 1953        |
|    iterations           | 64          |
|    time_elapsed         | 402         |
|    total_timesteps      | 786432      |
| train/                  |             |
|    approx_kl            | 0.013531733 |
|    clip_fraction        | 0.117       |
|    clip_range           | 0.2         |
|    entropy_loss         | -2.29       |
|    explained_variance   | 0.937       |
|    learning_rate        | 0.0003      |
|    loss                 | 0.145       |
|    n_updates            | 630         |
|    policy_gradient_loss | -0.00662    |
|    std                  | 0.758       |
|    value_loss           | 1.08        |
-----------------------------------------
-----------------------------------------
| rollout/                |             |
|    ep_len_mean          | 353         |
|    ep_rew_mean          | 78.7        |
|    success_rate         | 0.33        |
| time/                   |             |
|    fps                  | 1953        |
|    iterations           | 65          |
|    time_elapsed         | 408         |
|    total_timesteps      | 798720      |
| train/                  |             |
|    approx_kl            | 0.013268392 |
|    clip_fraction        | 0.141       |
|    clip_range           | 0.2         |
|    entropy_loss         | -2.27       |
|    explained_variance   | 0.975       |
|    learning_rate        | 0.0003      |
|    loss                 | 0.0752      |
|    n_updates            | 640         |
|    policy_gradient_loss | -0.00887    |
|    std                  | 0.751       |
|    value_loss           | 0.651       |
-----------------------------------------
-----------------------------------------
| rollout/                |             |
|    ep_len_mean          | 344         |
|    ep_rew_mean          | 87.1        |
|    success_rate         | 0.38        |
| time/                   |             |
|    fps                  | 1952        |
|    iterations           | 66          |
|    time_elapsed         | 415         |
|    total_timesteps      | 811008      |
| train/                  |             |
|    approx_kl            | 0.010972935 |
|    clip_fraction        | 0.125       |
|    clip_range           | 0.2         |
|    entropy_loss         | -2.25       |
|    explained_variance   | 0.877       |
|    learning_rate        | 0.0003      |
|    loss                 | 2.14        |
|    n_updates            | 650         |
|    policy_gradient_loss | -0.00577    |
|    std                  | 0.745       |
|    value_loss           | 1.6         |
-----------------------------------------
-----------------------------------------
| rollout/                |             |
|    ep_len_mean          | 340         |
|    ep_rew_mean          | 95.8        |
|    success_rate         | 0.42        |
| time/                   |             |
|    fps                  | 1951        |
|    iterations           | 67          |
|    time_elapsed         | 421         |
|    total_timesteps      | 823296      |
| train/                  |             |
|    approx_kl            | 0.013217752 |
|    clip_fraction        | 0.134       |
|    clip_range           | 0.2         |
|    entropy_loss         | -2.22       |
|    explained_variance   | 0.957       |
|    learning_rate        | 0.0003      |
|    loss                 | 0.111       |
|    n_updates            | 660         |
|    policy_gradient_loss | -0.00754    |
|    std                  | 0.733       |
|    value_loss           | 1.1         |
-----------------------------------------
-----------------------------------------
| rollout/                |             |
|    ep_len_mean          | 334         |
|    ep_rew_mean          | 100         |
|    success_rate         | 0.43        |
| time/                   |             |
|    fps                  | 1950        |
|    iterations           | 68          |
|    time_elapsed         | 428         |
|    total_timesteps      | 835584      |
| train/                  |             |
|    approx_kl            | 0.011735451 |
|    clip_fraction        | 0.131       |
|    clip_range           | 0.2         |
|    entropy_loss         | -2.2        |
|    explained_variance   | 0.935       |
|    learning_rate        | 0.0003      |
|    loss                 | 0.526       |
|    n_updates            | 670         |
|    policy_gradient_loss | -0.00585    |
|    std                  | 0.727       |
|    value_loss           | 1.18        |
-----------------------------------------
-----------------------------------------
| rollout/                |             |
|    ep_len_mean          | 328         |
|    ep_rew_mean          | 119         |
|    success_rate         | 0.49        |
| time/                   |             |
|    fps                  | 1950        |
|    iterations           | 69          |
|    time_elapsed         | 434         |
|    total_timesteps      | 847872      |
| train/                  |             |
|    approx_kl            | 0.014109324 |
|    clip_fraction        | 0.126       |
|    clip_range           | 0.2         |
|    entropy_loss         | -2.18       |
|    explained_variance   | 0.937       |
|    learning_rate        | 0.0003      |
|    loss                 | 0.246       |
|    n_updates            | 680         |
|    policy_gradient_loss | -0.00835    |
|    std                  | 0.717       |
|    value_loss           | 1.36        |
-----------------------------------------
-----------------------------------------
| rollout/                |             |
|    ep_len_mean          | 340         |
|    ep_rew_mean          | 103         |
|    success_rate         | 0.41        |
| time/                   |             |
|    fps                  | 1949        |
|    iterations           | 70          |
|    time_elapsed         | 441         |
|    total_timesteps      | 860160      |
| train/                  |             |
|    approx_kl            | 0.011554427 |
|    clip_fraction        | 0.12        |
|    clip_range           | 0.2         |
|    entropy_loss         | -2.17       |
|    explained_variance   | 0.939       |
|    learning_rate        | 0.0003      |
|    loss                 | 0.13        |
|    n_updates            | 690         |
|    policy_gradient_loss | -0.00658    |
|    std                  | 0.717       |
|    value_loss           | 1.35        |
-----------------------------------------
-----------------------------------------
| rollout/                |             |
|    ep_len_mean          | 335         |
|    ep_rew_mean          | 106         |
|    success_rate         | 0.45        |
| time/                   |             |
|    fps                  | 1949        |
|    iterations           | 71          |
|    time_elapsed         | 447         |
|    total_timesteps      | 872448      |
| train/                  |             |
|    approx_kl            | 0.011059937 |
|    clip_fraction        | 0.128       |
|    clip_range           | 0.2         |
|    entropy_loss         | -2.16       |
|    explained_variance   | 0.933       |
|    learning_rate        | 0.0003      |
|    loss                 | 0.152       |
|    n_updates            | 700         |
|    policy_gradient_loss | -0.00731    |
|    std                  | 0.71        |
|    value_loss           | 0.824       |
-----------------------------------------
----------------------------------------
| rollout/                |            |
|    ep_len_mean          | 316        |
|    ep_rew_mean          | 140        |
|    success_rate         | 0.58       |
| time/                   |            |
|    fps                  | 1949       |
|    iterations           | 72         |
|    time_elapsed         | 453        |
|    total_timesteps      | 884736     |
| train/                  |            |
|    approx_kl            | 0.01244611 |
|    clip_fraction        | 0.126      |
|    clip_range           | 0.2        |
|    entropy_loss         | -2.16      |
|    explained_variance   | 0.938      |
|    learning_rate        | 0.0003     |
|    loss                 | 0.118      |
|    n_updates            | 710        |
|    policy_gradient_loss | -0.00564   |
|    std                  | 0.713      |
|    value_loss           | 1.23       |
----------------------------------------
-----------------------------------------
| rollout/                |             |
|    ep_len_mean          | 312         |
|    ep_rew_mean          | 148         |
|    success_rate         | 0.61        |
| time/                   |             |
|    fps                  | 1949        |
|    iterations           | 73          |
|    time_elapsed         | 460         |
|    total_timesteps      | 897024      |
| train/                  |             |
|    approx_kl            | 0.011111627 |
|    clip_fraction        | 0.131       |
|    clip_range           | 0.2         |
|    entropy_loss         | -2.17       |
|    explained_variance   | 0.883       |
|    learning_rate        | 0.0003      |
|    loss                 | 0.327       |
|    n_updates            | 720         |
|    policy_gradient_loss | -0.00683    |
|    std                  | 0.717       |
|    value_loss           | 1.97        |
-----------------------------------------
------------------------------------------
| rollout/                |              |
|    ep_len_mean          | 332          |
|    ep_rew_mean          | 124          |
|    success_rate         | 0.48         |
| time/                   |              |
|    fps                  | 1948         |
|    iterations           | 74           |
|    time_elapsed         | 466          |
|    total_timesteps      | 909312       |
| train/                  |              |
|    approx_kl            | 0.0131070465 |
|    clip_fraction        | 0.132        |
|    clip_range           | 0.2          |
|    entropy_loss         | -2.17        |
|    explained_variance   | 0.943        |
|    learning_rate        | 0.0003       |
|    loss                 | 2.16         |
|    n_updates            | 730          |
|    policy_gradient_loss | -0.00793     |
|    std                  | 0.715        |
|    value_loss           | 1.12         |
------------------------------------------
-----------------------------------------
| rollout/                |             |
|    ep_len_mean          | 347         |
|    ep_rew_mean          | 100         |
|    success_rate         | 0.38        |
| time/                   |             |
|    fps                  | 1948        |
|    iterations           | 75          |
|    time_elapsed         | 473         |
|    total_timesteps      | 921600      |
| train/                  |             |
|    approx_kl            | 0.014321531 |
|    clip_fraction        | 0.144       |
|    clip_range           | 0.2         |
|    entropy_loss         | -2.16       |
|    explained_variance   | 0.941       |
|    learning_rate        | 0.0003      |
|    loss                 | 0.211       |
|    n_updates            | 740         |
|    policy_gradient_loss | -0.00788    |
|    std                  | 0.711       |
|    value_loss           | 0.679       |
-----------------------------------------
-----------------------------------------
| rollout/                |             |
|    ep_len_mean          | 347         |
|    ep_rew_mean          | 104         |
|    success_rate         | 0.38        |
| time/                   |             |
|    fps                  | 1947        |
|    iterations           | 76          |
|    time_elapsed         | 479         |
|    total_timesteps      | 933888      |
| train/                  |             |
|    approx_kl            | 0.010506518 |
|    clip_fraction        | 0.139       |
|    clip_range           | 0.2         |
|    entropy_loss         | -2.15       |
|    explained_variance   | 0.567       |
|    learning_rate        | 0.0003      |
|    loss                 | 0.863       |
|    n_updates            | 750         |
|    policy_gradient_loss | -0.00456    |
|    std                  | 0.708       |
|    value_loss           | 1.17        |
-----------------------------------------
-----------------------------------------
| rollout/                |             |
|    ep_len_mean          | 348         |
|    ep_rew_mean          | 113         |
|    success_rate         | 0.37        |
| time/                   |             |
|    fps                  | 1947        |
|    iterations           | 77          |
|    time_elapsed         | 485         |
|    total_timesteps      | 946176      |
| train/                  |             |
|    approx_kl            | 0.010910389 |
|    clip_fraction        | 0.131       |
|    clip_range           | 0.2         |
|    entropy_loss         | -2.15       |
|    explained_variance   | 0.945       |
|    learning_rate        | 0.0003      |
|    loss                 | 0.393       |
|    n_updates            | 760         |
|    policy_gradient_loss | -0.00719    |
|    std                  | 0.71        |
|    value_loss           | 1.01        |
-----------------------------------------
-----------------------------------------
| rollout/                |             |
|    ep_len_mean          | 353         |
|    ep_rew_mean          | 105         |
|    success_rate         | 0.33        |
| time/                   |             |
|    fps                  | 1946        |
|    iterations           | 78          |
|    time_elapsed         | 492         |
|    total_timesteps      | 958464      |
| train/                  |             |
|    approx_kl            | 0.011902611 |
|    clip_fraction        | 0.145       |
|    clip_range           | 0.2         |
|    entropy_loss         | -2.15       |
|    explained_variance   | 0.916       |
|    learning_rate        | 0.0003      |
|    loss                 | 0.466       |
|    n_updates            | 770         |
|    policy_gradient_loss | -0.00558    |
|    std                  | 0.706       |
|    value_loss           | 0.766       |
-----------------------------------------
-----------------------------------------
| rollout/                |             |
|    ep_len_mean          | 359         |
|    ep_rew_mean          | 92.9        |
|    success_rate         | 0.28        |
| time/                   |             |
|    fps                  | 1946        |
|    iterations           | 79          |
|    time_elapsed         | 498         |
|    total_timesteps      | 970752      |
| train/                  |             |
|    approx_kl            | 0.013285573 |
|    clip_fraction        | 0.134       |
|    clip_range           | 0.2         |
|    entropy_loss         | -2.12       |
|    explained_variance   | 0.844       |
|    learning_rate        | 0.0003      |
|    loss                 | 0.382       |
|    n_updates            | 780         |
|    policy_gradient_loss | -0.00531    |
|    std                  | 0.693       |
|    value_loss           | 0.788       |
-----------------------------------------
-----------------------------------------
| rollout/                |             |
|    ep_len_mean          | 360         |
|    ep_rew_mean          | 96.3        |
|    success_rate         | 0.28        |
| time/                   |             |
|    fps                  | 1946        |
|    iterations           | 80          |
|    time_elapsed         | 505         |
|    total_timesteps      | 983040      |
| train/                  |             |
|    approx_kl            | 0.011058017 |
|    clip_fraction        | 0.126       |
|    clip_range           | 0.2         |
|    entropy_loss         | -2.1        |
|    explained_variance   | 0.959       |
|    learning_rate        | 0.0003      |
|    loss                 | 0.0975      |
|    n_updates            | 790         |
|    policy_gradient_loss | -0.00529    |
|    std                  | 0.691       |
|    value_loss           | 0.539       |
-----------------------------------------
-----------------------------------------
| rollout/                |             |
|    ep_len_mean          | 363         |
|    ep_rew_mean          | 85.5        |
|    success_rate         | 0.27        |
| time/                   |             |
|    fps                  | 1946        |
|    iterations           | 81          |
|    time_elapsed         | 511         |
|    total_timesteps      | 995328      |
| train/                  |             |
|    approx_kl            | 0.011061805 |
|    clip_fraction        | 0.116       |
|    clip_range           | 0.2         |
|    entropy_loss         | -2.11       |
|    explained_variance   | 0.943       |
|    learning_rate        | 0.0003      |
|    loss                 | 0.139       |
|    n_updates            | 800         |
|    policy_gradient_loss | -0.00607    |
|    std                  | 0.696       |
|    value_loss           | 0.734       |
-----------------------------------------
------------------------------------------
| rollout/                |              |
|    ep_len_mean          | 368          |
|    ep_rew_mean          | 83.3         |
|    success_rate         | 0.23         |
| time/                   |              |
|    fps                  | 1945         |
|    iterations           | 82           |
|    time_elapsed         | 517          |
|    total_timesteps      | 1007616      |
| train/                  |              |
|    approx_kl            | 0.0113985585 |
|    clip_fraction        | 0.132        |
|    clip_range           | 0.2          |
|    entropy_loss         | -2.1         |
|    explained_variance   | 0.895        |
|    learning_rate        | 0.0003       |
|    loss                 | 0.0192       |
|    n_updates            | 810          |
|    policy_gradient_loss | -0.00629     |
|    std                  | 0.689        |
|    value_loss           | 0.514        |
------------------------------------------
----------------------------------------
| rollout/                |            |
|    ep_len_mean          | 373        |
|    ep_rew_mean          | 78.7       |
|    success_rate         | 0.21       |
| time/                   |            |
|    fps                  | 1945       |
|    iterations           | 83         |
|    time_elapsed         | 524        |
|    total_timesteps      | 1019904    |
| train/                  |            |
|    approx_kl            | 0.01151793 |
|    clip_fraction        | 0.129      |
|    clip_range           | 0.2        |
|    entropy_loss         | -2.1       |
|    explained_variance   | 0.961      |
|    learning_rate        | 0.0003     |
|    loss                 | 0.0866     |
|    n_updates            | 820        |
|    policy_gradient_loss | -0.00674   |
|    std                  | 0.695      |
|    value_loss           | 0.386      |
----------------------------------------
----------------------------------------
| rollout/                |            |
|    ep_len_mean          | 383        |
|    ep_rew_mean          | 72.5       |
|    success_rate         | 0.13       |
| time/                   |            |
|    fps                  | 1945       |
|    iterations           | 84         |
|    time_elapsed         | 530        |
|    total_timesteps      | 1032192    |
| train/                  |            |
|    approx_kl            | 0.01189717 |
|    clip_fraction        | 0.131      |
|    clip_range           | 0.2        |
|    entropy_loss         | -2.11      |
|    explained_variance   | 0.911      |
|    learning_rate        | 0.0003     |
|    loss                 | 0.179      |
|    n_updates            | 830        |
|    policy_gradient_loss | -0.00695   |
|    std                  | 0.697      |
|    value_loss           | 0.491      |
----------------------------------------
----------------------------------------
| rollout/                |            |
|    ep_len_mean          | 385        |
|    ep_rew_mean          | 73         |
|    success_rate         | 0.13       |
| time/                   |            |
|    fps                  | 1944       |
|    iterations           | 85         |
|    time_elapsed         | 537        |
|    total_timesteps      | 1044480    |
| train/                  |            |
|    approx_kl            | 0.01066907 |
|    clip_fraction        | 0.139      |
|    clip_range           | 0.2        |
|    entropy_loss         | -2.1       |
|    explained_variance   | 0.814      |
|    learning_rate        | 0.0003     |
|    loss                 | 0.129      |
|    n_updates            | 840        |
|    policy_gradient_loss | -0.00665   |
|    std                  | 0.689      |
|    value_loss           | 0.379      |
----------------------------------------
-----------------------------------------
| rollout/                |             |
|    ep_len_mean          | 384         |
|    ep_rew_mean          | 63.4        |
|    success_rate         | 0.12        |
| time/                   |             |
|    fps                  | 1944        |
|    iterations           | 86          |
|    time_elapsed         | 543         |
|    total_timesteps      | 1056768     |
| train/                  |             |
|    approx_kl            | 0.011637327 |
|    clip_fraction        | 0.131       |
|    clip_range           | 0.2         |
|    entropy_loss         | -2.09       |
|    explained_variance   | 0.947       |
|    learning_rate        | 0.0003      |
|    loss                 | 0.402       |
|    n_updates            | 850         |
|    policy_gradient_loss | -0.00715    |
|    std                  | 0.689       |
|    value_loss           | 0.413       |
-----------------------------------------
-----------------------------------------
| rollout/                |             |
|    ep_len_mean          | 387         |
|    ep_rew_mean          | 46.4        |
|    success_rate         | 0.09        |
| time/                   |             |
|    fps                  | 1944        |
|    iterations           | 87          |
|    time_elapsed         | 549         |
|    total_timesteps      | 1069056     |
| train/                  |             |
|    approx_kl            | 0.012049891 |
|    clip_fraction        | 0.125       |
|    clip_range           | 0.2         |
|    entropy_loss         | -2.11       |
|    explained_variance   | 0.957       |
|    learning_rate        | 0.0003      |
|    loss                 | 0.0499      |
|    n_updates            | 860         |
|    policy_gradient_loss | -0.00485    |
|    std                  | 0.697       |
|    value_loss           | 0.368       |
-----------------------------------------
-----------------------------------------
| rollout/                |             |
|    ep_len_mean          | 388         |
|    ep_rew_mean          | 38.7        |
|    success_rate         | 0.08        |
| time/                   |             |
|    fps                  | 1944        |
|    iterations           | 88          |
|    time_elapsed         | 556         |
|    total_timesteps      | 1081344     |
| train/                  |             |
|    approx_kl            | 0.014654313 |
|    clip_fraction        | 0.14        |
|    clip_range           | 0.2         |
|    entropy_loss         | -2.14       |
|    explained_variance   | 0.964       |
|    learning_rate        | 0.0003      |
|    loss                 | -0.000132   |
|    n_updates            | 870         |
|    policy_gradient_loss | -0.00956    |
|    std                  | 0.707       |
|    value_loss           | 0.0967      |
-----------------------------------------
-----------------------------------------
| rollout/                |             |
|    ep_len_mean          | 394         |
|    ep_rew_mean          | 32.8        |
|    success_rate         | 0.05        |
| time/                   |             |
|    fps                  | 1944        |
|    iterations           | 89          |
|    time_elapsed         | 562         |
|    total_timesteps      | 1093632     |
| train/                  |             |
|    approx_kl            | 0.014025088 |
|    clip_fraction        | 0.141       |
|    clip_range           | 0.2         |
|    entropy_loss         | -2.16       |
|    explained_variance   | 0.972       |
|    learning_rate        | 0.0003      |
|    loss                 | -0.00134    |
|    n_updates            | 880         |
|    policy_gradient_loss | -0.0103     |
|    std                  | 0.717       |
|    value_loss           | 0.162       |
-----------------------------------------
------------------------------------------
| rollout/                |              |
|    ep_len_mean          | 395          |
|    ep_rew_mean          | 28.2         |
|    success_rate         | 0.04         |
| time/                   |              |
|    fps                  | 1943         |
|    iterations           | 90           |
|    time_elapsed         | 568          |
|    total_timesteps      | 1105920      |
| train/                  |              |
|    approx_kl            | 0.0115994895 |
|    clip_fraction        | 0.133        |
|    clip_range           | 0.2          |
|    entropy_loss         | -2.16        |
|    explained_variance   | 0.943        |
|    learning_rate        | 0.0003       |
|    loss                 | 0.0159       |
|    n_updates            | 890          |
|    policy_gradient_loss | -0.00727     |
|    std                  | 0.712        |
|    value_loss           | 0.296        |
------------------------------------------
-----------------------------------------
| rollout/                |             |
|    ep_len_mean          | 396         |
|    ep_rew_mean          | 19.2        |
|    success_rate         | 0.03        |
| time/                   |             |
|    fps                  | 1943        |
|    iterations           | 91          |
|    time_elapsed         | 575         |
|    total_timesteps      | 1118208     |
| train/                  |             |
|    approx_kl            | 0.011930627 |
|    clip_fraction        | 0.12        |
|    clip_range           | 0.2         |
|    entropy_loss         | -2.16       |
|    explained_variance   | 0.983       |
|    learning_rate        | 0.0003      |
|    loss                 | -0.00176    |
|    n_updates            | 900         |
|    policy_gradient_loss | -0.00743    |
|    std                  | 0.714       |
|    value_loss           | 0.0931      |
-----------------------------------------
-----------------------------------------
| rollout/                |             |
|    ep_len_mean          | 400         |
|    ep_rew_mean          | 9.48        |
|    success_rate         | 0           |
| time/                   |             |
|    fps                  | 1943        |
|    iterations           | 92          |
|    time_elapsed         | 581         |
|    total_timesteps      | 1130496     |
| train/                  |             |
|    approx_kl            | 0.012963767 |
|    clip_fraction        | 0.133       |
|    clip_range           | 0.2         |
|    entropy_loss         | -2.17       |
|    explained_variance   | 0.978       |
|    learning_rate        | 0.0003      |
|    loss                 | 0.0261      |
|    n_updates            | 910         |
|    policy_gradient_loss | -0.0101     |
|    std                  | 0.718       |
|    value_loss           | 0.134       |
-----------------------------------------
-----------------------------------------
| rollout/                |             |
|    ep_len_mean          | 398         |
|    ep_rew_mean          | 11.9        |
|    success_rate         | 0.01        |
| time/                   |             |
|    fps                  | 1943        |
|    iterations           | 93          |
|    time_elapsed         | 588         |
|    total_timesteps      | 1142784     |
| train/                  |             |
|    approx_kl            | 0.009848032 |
|    clip_fraction        | 0.104       |
|    clip_range           | 0.2         |
|    entropy_loss         | -2.16       |
|    explained_variance   | 0.972       |
|    learning_rate        | 0.0003      |
|    loss                 | 0.00411     |
|    n_updates            | 920         |
|    policy_gradient_loss | -0.00852    |
|    std                  | 0.713       |
|    value_loss           | 0.231       |
-----------------------------------------
----------------------------------------
| rollout/                |            |
|    ep_len_mean          | 398        |
|    ep_rew_mean          | 17.3       |
|    success_rate         | 0.01       |
| time/                   |            |
|    fps                  | 1942       |
|    iterations           | 94         |
|    time_elapsed         | 594        |
|    total_timesteps      | 1155072    |
| train/                  |            |
|    approx_kl            | 0.01128664 |
|    clip_fraction        | 0.128      |
|    clip_range           | 0.2        |
|    entropy_loss         | -2.17      |
|    explained_variance   | 0.971      |
|    learning_rate        | 0.0003     |
|    loss                 | 0.0192     |
|    n_updates            | 930        |
|    policy_gradient_loss | -0.00876   |
|    std                  | 0.714      |
|    value_loss           | 0.247      |
----------------------------------------
-----------------------------------------
| rollout/                |             |
|    ep_len_mean          | 396         |
|    ep_rew_mean          | 19.1        |
|    success_rate         | 0.02        |
| time/                   |             |
|    fps                  | 1942        |
|    iterations           | 95          |
|    time_elapsed         | 600         |
|    total_timesteps      | 1167360     |
| train/                  |             |
|    approx_kl            | 0.012304961 |
|    clip_fraction        | 0.134       |
|    clip_range           | 0.2         |
|    entropy_loss         | -2.16       |
|    explained_variance   | 0.962       |
|    learning_rate        | 0.0003      |
|    loss                 | 0.0366      |
|    n_updates            | 940         |
|    policy_gradient_loss | -0.00845    |
|    std                  | 0.712       |
|    value_loss           | 0.197       |
-----------------------------------------
-----------------------------------------
| rollout/                |             |
|    ep_len_mean          | 396         |
|    ep_rew_mean          | 23.9        |
|    success_rate         | 0.02        |
| time/                   |             |
|    fps                  | 1941        |
|    iterations           | 96          |
|    time_elapsed         | 607         |
|    total_timesteps      | 1179648     |
| train/                  |             |
|    approx_kl            | 0.012585495 |
|    clip_fraction        | 0.122       |
|    clip_range           | 0.2         |
|    entropy_loss         | -2.16       |
|    explained_variance   | 0.945       |
|    learning_rate        | 0.0003      |
|    loss                 | 0.0443      |
|    n_updates            | 950         |
|    policy_gradient_loss | -0.00883    |
|    std                  | 0.714       |
|    value_loss           | 0.187       |
-----------------------------------------
-----------------------------------------
| rollout/                |             |
|    ep_len_mean          | 394         |
|    ep_rew_mean          | 22.1        |
|    success_rate         | 0.03        |
| time/                   |             |
|    fps                  | 1941        |
|    iterations           | 97          |
|    time_elapsed         | 613         |
|    total_timesteps      | 1191936     |
| train/                  |             |
|    approx_kl            | 0.012571971 |
|    clip_fraction        | 0.133       |
|    clip_range           | 0.2         |
|    entropy_loss         | -2.17       |
|    explained_variance   | 0.958       |
|    learning_rate        | 0.0003      |
|    loss                 | 0.0207      |
|    n_updates            | 960         |
|    policy_gradient_loss | -0.0091     |
|    std                  | 0.717       |
|    value_loss           | 0.229       |
-----------------------------------------
-----------------------------------------
| rollout/                |             |
|    ep_len_mean          | 391         |
|    ep_rew_mean          | 29.5        |
|    success_rate         | 0.05        |
| time/                   |             |
|    fps                  | 1941        |
|    iterations           | 98          |
|    time_elapsed         | 620         |
|    total_timesteps      | 1204224     |
| train/                  |             |
|    approx_kl            | 0.012353033 |
|    clip_fraction        | 0.139       |
|    clip_range           | 0.2         |
|    entropy_loss         | -2.16       |
|    explained_variance   | 0.96        |
|    learning_rate        | 0.0003      |
|    loss                 | 0.0166      |
|    n_updates            | 970         |
|    policy_gradient_loss | -0.00849    |
|    std                  | 0.708       |
|    value_loss           | 0.164       |
-----------------------------------------
-----------------------------------------
| rollout/                |             |
|    ep_len_mean          | 388         |
|    ep_rew_mean          | 36.7        |
|    success_rate         | 0.07        |
| time/                   |             |
|    fps                  | 1941        |
|    iterations           | 99          |
|    time_elapsed         | 626         |
|    total_timesteps      | 1216512     |
| train/                  |             |
|    approx_kl            | 0.014606484 |
|    clip_fraction        | 0.14        |
|    clip_range           | 0.2         |
|    entropy_loss         | -2.14       |
|    explained_variance   | 0.936       |
|    learning_rate        | 0.0003      |
|    loss                 | 0.052       |
|    n_updates            | 980         |
|    policy_gradient_loss | -0.0102     |
|    std                  | 0.704       |
|    value_loss           | 0.314       |
-----------------------------------------
-----------------------------------------
| rollout/                |             |
|    ep_len_mean          | 387         |
|    ep_rew_mean          | 41.3        |
|    success_rate         | 0.08        |
| time/                   |             |
|    fps                  | 1941        |
|    iterations           | 100         |
|    time_elapsed         | 633         |
|    total_timesteps      | 1228800     |
| train/                  |             |
|    approx_kl            | 0.014056563 |
|    clip_fraction        | 0.142       |
|    clip_range           | 0.2         |
|    entropy_loss         | -2.14       |
|    explained_variance   | 0.911       |
|    learning_rate        | 0.0003      |
|    loss                 | 0.187       |
|    n_updates            | 990         |
|    policy_gradient_loss | -0.00864    |
|    std                  | 0.705       |
|    value_loss           | 0.306       |
-----------------------------------------
-----------------------------------------
| rollout/                |             |
|    ep_len_mean          | 389         |
|    ep_rew_mean          | 41.2        |
|    success_rate         | 0.07        |
| time/                   |             |
|    fps                  | 1940        |
|    iterations           | 101         |
|    time_elapsed         | 639         |
|    total_timesteps      | 1241088     |
| train/                  |             |
|    approx_kl            | 0.013204805 |
|    clip_fraction        | 0.137       |
|    clip_range           | 0.2         |
|    entropy_loss         | -2.12       |
|    explained_variance   | 0.893       |
|    learning_rate        | 0.0003      |
|    loss                 | 0.0167      |
|    n_updates            | 1000        |
|    policy_gradient_loss | -0.00771    |
|    std                  | 0.694       |
|    value_loss           | 0.219       |
-----------------------------------------
------------------------------------------
| rollout/                |              |
|    ep_len_mean          | 390          |
|    ep_rew_mean          | 32.5         |
|    success_rate         | 0.06         |
| time/                   |              |
|    fps                  | 1940         |
|    iterations           | 102          |
|    time_elapsed         | 645          |
|    total_timesteps      | 1253376      |
| train/                  |              |
|    approx_kl            | 0.0120228445 |
|    clip_fraction        | 0.137        |
|    clip_range           | 0.2          |
|    entropy_loss         | -2.12        |
|    explained_variance   | 0.944        |
|    learning_rate        | 0.0003       |
|    loss                 | 0.0118       |
|    n_updates            | 1010         |
|    policy_gradient_loss | -0.00635     |
|    std                  | 0.699        |
|    value_loss           | 0.227        |
------------------------------------------
-----------------------------------------
| rollout/                |             |
|    ep_len_mean          | 393         |
|    ep_rew_mean          | 26.8        |
|    success_rate         | 0.04        |
| time/                   |             |
|    fps                  | 1939        |
|    iterations           | 103         |
|    time_elapsed         | 652         |
|    total_timesteps      | 1265664     |
| train/                  |             |
|    approx_kl            | 0.012519428 |
|    clip_fraction        | 0.14        |
|    clip_range           | 0.2         |
|    entropy_loss         | -2.12       |
|    explained_variance   | 0.951       |
|    learning_rate        | 0.0003      |
|    loss                 | 0.0345      |
|    n_updates            | 1020        |
|    policy_gradient_loss | -0.00859    |
|    std                  | 0.697       |
|    value_loss           | 0.123       |
-----------------------------------------
----------------------------------------
| rollout/                |            |
|    ep_len_mean          | 393        |
|    ep_rew_mean          | 22         |
|    success_rate         | 0.04       |
| time/                   |            |
|    fps                  | 1939       |
|    iterations           | 104        |
|    time_elapsed         | 658        |
|    total_timesteps      | 1277952    |
| train/                  |            |
|    approx_kl            | 0.01127806 |
|    clip_fraction        | 0.134      |
|    clip_range           | 0.2        |
|    entropy_loss         | -2.12      |
|    explained_variance   | 0.95       |
|    learning_rate        | 0.0003     |
|    loss                 | -0.0152    |
|    n_updates            | 1030       |
|    policy_gradient_loss | -0.00889   |
|    std                  | 0.698      |
|    value_loss           | 0.12       |
----------------------------------------
-----------------------------------------
| rollout/                |             |
|    ep_len_mean          | 395         |
|    ep_rew_mean          | 21.7        |
|    success_rate         | 0.03        |
| time/                   |             |
|    fps                  | 1939        |
|    iterations           | 105         |
|    time_elapsed         | 665         |
|    total_timesteps      | 1290240     |
| train/                  |             |
|    approx_kl            | 0.012382359 |
|    clip_fraction        | 0.138       |
|    clip_range           | 0.2         |
|    entropy_loss         | -2.12       |
|    explained_variance   | 0.944       |
|    learning_rate        | 0.0003      |
|    loss                 | 0.00741     |
|    n_updates            | 1040        |
|    policy_gradient_loss | -0.00981    |
|    std                  | 0.699       |
|    value_loss           | 0.134       |
-----------------------------------------
----------------------------------------
| rollout/                |            |
|    ep_len_mean          | 394        |
|    ep_rew_mean          | 33.2       |
|    success_rate         | 0.04       |
| time/                   |            |
|    fps                  | 1939       |
|    iterations           | 106        |
|    time_elapsed         | 671        |
|    total_timesteps      | 1302528    |
| train/                  |            |
|    approx_kl            | 0.01223438 |
|    clip_fraction        | 0.125      |
|    clip_range           | 0.2        |
|    entropy_loss         | -2.11      |
|    explained_variance   | 0.929      |
|    learning_rate        | 0.0003     |
|    loss                 | 0.0176     |
|    n_updates            | 1050       |
|    policy_gradient_loss | -0.00686   |
|    std                  | 0.695      |
|    value_loss           | 0.225      |
----------------------------------------
-----------------------------------------
| rollout/                |             |
|    ep_len_mean          | 388         |
|    ep_rew_mean          | 41          |
|    success_rate         | 0.07        |
| time/                   |             |
|    fps                  | 1938        |
|    iterations           | 107         |
|    time_elapsed         | 678         |
|    total_timesteps      | 1314816     |
| train/                  |             |
|    approx_kl            | 0.012981708 |
|    clip_fraction        | 0.142       |
|    clip_range           | 0.2         |
|    entropy_loss         | -2.09       |
|    explained_variance   | 0.962       |
|    learning_rate        | 0.0003      |
|    loss                 | -0.0112     |
|    n_updates            | 1060        |
|    policy_gradient_loss | -0.00777    |
|    std                  | 0.687       |
|    value_loss           | 0.191       |
-----------------------------------------
-----------------------------------------
| rollout/                |             |
|    ep_len_mean          | 377         |
|    ep_rew_mean          | 52.5        |
|    success_rate         | 0.13        |
| time/                   |             |
|    fps                  | 1938        |
|    iterations           | 108         |
|    time_elapsed         | 684         |
|    total_timesteps      | 1327104     |
| train/                  |             |
|    approx_kl            | 0.012806793 |
|    clip_fraction        | 0.147       |
|    clip_range           | 0.2         |
|    entropy_loss         | -2.08       |
|    explained_variance   | 0.756       |
|    learning_rate        | 0.0003      |
|    loss                 | 0.129       |
|    n_updates            | 1070        |
|    policy_gradient_loss | -0.00648    |
|    std                  | 0.684       |
|    value_loss           | 0.336       |
-----------------------------------------
-----------------------------------------
| rollout/                |             |
|    ep_len_mean          | 360         |
|    ep_rew_mean          | 74.7        |
|    success_rate         | 0.25        |
| time/                   |             |
|    fps                  | 1938        |
|    iterations           | 109         |
|    time_elapsed         | 690         |
|    total_timesteps      | 1339392     |
| train/                  |             |
|    approx_kl            | 0.014386321 |
|    clip_fraction        | 0.143       |
|    clip_range           | 0.2         |
|    entropy_loss         | -2.08       |
|    explained_variance   | 0.902       |
|    learning_rate        | 0.0003      |
|    loss                 | 0.0099      |
|    n_updates            | 1080        |
|    policy_gradient_loss | -0.00622    |
|    std                  | 0.683       |
|    value_loss           | 0.408       |
-----------------------------------------
---------------------------------------
| rollout/                |           |
|    ep_len_mean          | 346       |
|    ep_rew_mean          | 91.8      |
|    success_rate         | 0.35      |
| time/                   |           |
|    fps                  | 1937      |
|    iterations           | 110       |
|    time_elapsed         | 697       |
|    total_timesteps      | 1351680   |
| train/                  |           |
|    approx_kl            | 0.0136346 |
|    clip_fraction        | 0.139     |
|    clip_range           | 0.2       |
|    entropy_loss         | -2.07     |
|    explained_variance   | 0.885     |
|    learning_rate        | 0.0003    |
|    loss                 | 0.292     |
|    n_updates            | 1090      |
|    policy_gradient_loss | -0.00653  |
|    std                  | 0.681     |
|    value_loss           | 0.647     |
---------------------------------------
-----------------------------------------
| rollout/                |             |
|    ep_len_mean          | 330         |
|    ep_rew_mean          | 115         |
|    success_rate         | 0.47        |
| time/                   |             |
|    fps                  | 1937        |
|    iterations           | 111         |
|    time_elapsed         | 704         |
|    total_timesteps      | 1363968     |
| train/                  |             |
|    approx_kl            | 0.012643605 |
|    clip_fraction        | 0.128       |
|    clip_range           | 0.2         |
|    entropy_loss         | -2.08       |
|    explained_variance   | 0.942       |
|    learning_rate        | 0.0003      |
|    loss                 | 0.0969      |
|    n_updates            | 1100        |
|    policy_gradient_loss | -0.00955    |
|    std                  | 0.685       |
|    value_loss           | 0.689       |
-----------------------------------------
-----------------------------------------
| rollout/                |             |
|    ep_len_mean          | 332         |
|    ep_rew_mean          | 105         |
|    success_rate         | 0.44        |
| time/                   |             |
|    fps                  | 1937        |
|    iterations           | 112         |
|    time_elapsed         | 710         |
|    total_timesteps      | 1376256     |
| train/                  |             |
|    approx_kl            | 0.013502334 |
|    clip_fraction        | 0.139       |
|    clip_range           | 0.2         |
|    entropy_loss         | -2.08       |
|    explained_variance   | 0.915       |
|    learning_rate        | 0.0003      |
|    loss                 | 0.307       |
|    n_updates            | 1110        |
|    policy_gradient_loss | -0.00974    |
|    std                  | 0.686       |
|    value_loss           | 0.786       |
-----------------------------------------
-----------------------------------------
| rollout/                |             |
|    ep_len_mean          | 341         |
|    ep_rew_mean          | 96.9        |
|    success_rate         | 0.37        |
| time/                   |             |
|    fps                  | 1936        |
|    iterations           | 113         |
|    time_elapsed         | 716         |
|    total_timesteps      | 1388544     |
| train/                  |             |
|    approx_kl            | 0.013454701 |
|    clip_fraction        | 0.147       |
|    clip_range           | 0.2         |
|    entropy_loss         | -2.07       |
|    explained_variance   | 0.925       |
|    learning_rate        | 0.0003      |
|    loss                 | 0.0275      |
|    n_updates            | 1120        |
|    policy_gradient_loss | -0.0087     |
|    std                  | 0.681       |
|    value_loss           | 0.417       |
-----------------------------------------
-----------------------------------------
| rollout/                |             |
|    ep_len_mean          | 361         |
|    ep_rew_mean          | 74.5        |
|    success_rate         | 0.23        |
| time/                   |             |
|    fps                  | 1936        |
|    iterations           | 114         |
|    time_elapsed         | 723         |
|    total_timesteps      | 1400832     |
| train/                  |             |
|    approx_kl            | 0.014400087 |
|    clip_fraction        | 0.14        |
|    clip_range           | 0.2         |
|    entropy_loss         | -2.07       |
|    explained_variance   | 0.908       |
|    learning_rate        | 0.0003      |
|    loss                 | 0.149       |
|    n_updates            | 1130        |
|    policy_gradient_loss | -0.0091     |
|    std                  | 0.679       |
|    value_loss           | 0.574       |
-----------------------------------------
-----------------------------------------
| rollout/                |             |
|    ep_len_mean          | 368         |
|    ep_rew_mean          | 65          |
|    success_rate         | 0.19        |
| time/                   |             |
|    fps                  | 1936        |
|    iterations           | 115         |
|    time_elapsed         | 729         |
|    total_timesteps      | 1413120     |
| train/                  |             |
|    approx_kl            | 0.015692135 |
|    clip_fraction        | 0.158       |
|    clip_range           | 0.2         |
|    entropy_loss         | -2.06       |
|    explained_variance   | 0.956       |
|    learning_rate        | 0.0003      |
|    loss                 | 0.0322      |
|    n_updates            | 1140        |
|    policy_gradient_loss | -0.0105     |
|    std                  | 0.677       |
|    value_loss           | 0.36        |
-----------------------------------------
-----------------------------------------
| rollout/                |             |
|    ep_len_mean          | 374         |
|    ep_rew_mean          | 50.6        |
|    success_rate         | 0.15        |
| time/                   |             |
|    fps                  | 1935        |
|    iterations           | 116         |
|    time_elapsed         | 736         |
|    total_timesteps      | 1425408     |
| train/                  |             |
|    approx_kl            | 0.015185851 |
|    clip_fraction        | 0.155       |
|    clip_range           | 0.2         |
|    entropy_loss         | -2.07       |
|    explained_variance   | 0.939       |
|    learning_rate        | 0.0003      |
|    loss                 | 0.00542     |
|    n_updates            | 1150        |
|    policy_gradient_loss | -0.011      |
|    std                  | 0.685       |
|    value_loss           | 0.302       |
-----------------------------------------
-----------------------------------------
| rollout/                |             |
|    ep_len_mean          | 387         |
|    ep_rew_mean          | 31.2        |
|    success_rate         | 0.08        |
| time/                   |             |
|    fps                  | 1935        |
|    iterations           | 117         |
|    time_elapsed         | 742         |
|    total_timesteps      | 1437696     |
| train/                  |             |
|    approx_kl            | 0.013668627 |
|    clip_fraction        | 0.153       |
|    clip_range           | 0.2         |
|    entropy_loss         | -2.08       |
|    explained_variance   | 0.945       |
|    learning_rate        | 0.0003      |
|    loss                 | -0.00747    |
|    n_updates            | 1160        |
|    policy_gradient_loss | -0.011      |
|    std                  | 0.683       |
|    value_loss           | 0.171       |
-----------------------------------------
-----------------------------------------
| rollout/                |             |
|    ep_len_mean          | 392         |
|    ep_rew_mean          | 21.4        |
|    success_rate         | 0.05        |
| time/                   |             |
|    fps                  | 1934        |
|    iterations           | 118         |
|    time_elapsed         | 749         |
|    total_timesteps      | 1449984     |
| train/                  |             |
|    approx_kl            | 0.013496573 |
|    clip_fraction        | 0.135       |
|    clip_range           | 0.2         |
|    entropy_loss         | -2.07       |
|    explained_variance   | 0.961       |
|    learning_rate        | 0.0003      |
|    loss                 | 0.00867     |
|    n_updates            | 1170        |
|    policy_gradient_loss | -0.0109     |
|    std                  | 0.679       |
|    value_loss           | 0.158       |
-----------------------------------------
-----------------------------------------
| rollout/                |             |
|    ep_len_mean          | 397         |
|    ep_rew_mean          | 12.9        |
|    success_rate         | 0.02        |
| time/                   |             |
|    fps                  | 1934        |
|    iterations           | 119         |
|    time_elapsed         | 755         |
|    total_timesteps      | 1462272     |
| train/                  |             |
|    approx_kl            | 0.014025102 |
|    clip_fraction        | 0.138       |
|    clip_range           | 0.2         |
|    entropy_loss         | -2.05       |
|    explained_variance   | 0.926       |
|    learning_rate        | 0.0003      |
|    loss                 | -0.0172     |
|    n_updates            | 1180        |
|    policy_gradient_loss | -0.0107     |
|    std                  | 0.673       |
|    value_loss           | 0.106       |
-----------------------------------------
-----------------------------------------
| rollout/                |             |
|    ep_len_mean          | 398         |
|    ep_rew_mean          | 10.2        |
|    success_rate         | 0.01        |
| time/                   |             |
|    fps                  | 1934        |
|    iterations           | 120         |
|    time_elapsed         | 762         |
|    total_timesteps      | 1474560     |
| train/                  |             |
|    approx_kl            | 0.014884028 |
|    clip_fraction        | 0.137       |
|    clip_range           | 0.2         |
|    entropy_loss         | -2.04       |
|    explained_variance   | 0.954       |
|    learning_rate        | 0.0003      |
|    loss                 | -9.37e-05   |
|    n_updates            | 1190        |
|    policy_gradient_loss | -0.0102     |
|    std                  | 0.668       |
|    value_loss           | 0.0467      |
-----------------------------------------
-----------------------------------------
| rollout/                |             |
|    ep_len_mean          | 400         |
|    ep_rew_mean          | 4.7         |
|    success_rate         | 0           |
| time/                   |             |
|    fps                  | 1934        |
|    iterations           | 121         |
|    time_elapsed         | 768         |
|    total_timesteps      | 1486848     |
| train/                  |             |
|    approx_kl            | 0.012339695 |
|    clip_fraction        | 0.134       |
|    clip_range           | 0.2         |
|    entropy_loss         | -2.03       |
|    explained_variance   | 0.966       |
|    learning_rate        | 0.0003      |
|    loss                 | -0.00379    |
|    n_updates            | 1200        |
|    policy_gradient_loss | -0.00894    |
|    std                  | 0.669       |
|    value_loss           | 0.0378      |
-----------------------------------------
-----------------------------------------
| rollout/                |             |
|    ep_len_mean          | 400         |
|    ep_rew_mean          | 6.88        |
|    success_rate         | 0           |
| time/                   |             |
|    fps                  | 1933        |
|    iterations           | 122         |
|    time_elapsed         | 775         |
|    total_timesteps      | 1499136     |
| train/                  |             |
|    approx_kl            | 0.012257549 |
|    clip_fraction        | 0.132       |
|    clip_range           | 0.2         |
|    entropy_loss         | -2.02       |
|    explained_variance   | 0.901       |
|    learning_rate        | 0.0003      |
|    loss                 | -0.0166     |
|    n_updates            | 1210        |
|    policy_gradient_loss | -0.0101     |
|    std                  | 0.66        |
|    value_loss           | 0.0779      |
-----------------------------------------
-----------------------------------------
| rollout/                |             |
|    ep_len_mean          | 400         |
|    ep_rew_mean          | 6.89        |
|    success_rate         | 0           |
| time/                   |             |
|    fps                  | 1933        |
|    iterations           | 123         |
|    time_elapsed         | 781         |
|    total_timesteps      | 1511424     |
| train/                  |             |
|    approx_kl            | 0.013330951 |
|    clip_fraction        | 0.136       |
|    clip_range           | 0.2         |
|    entropy_loss         | -2          |
|    explained_variance   | 0.961       |
|    learning_rate        | 0.0003      |
|    loss                 | 0.0287      |
|    n_updates            | 1220        |
|    policy_gradient_loss | -0.00882    |
|    std                  | 0.657       |
|    value_loss           | 0.0584      |
-----------------------------------------
----------------------------------------
| rollout/                |            |
|    ep_len_mean          | 400        |
|    ep_rew_mean          | 6.77       |
|    success_rate         | 0          |
| time/                   |            |
|    fps                  | 1933       |
|    iterations           | 124        |
|    time_elapsed         | 788        |
|    total_timesteps      | 1523712    |
| train/                  |            |
|    approx_kl            | 0.01358134 |
|    clip_fraction        | 0.123      |
|    clip_range           | 0.2        |
|    entropy_loss         | -1.98      |
|    explained_variance   | 0.944      |
|    learning_rate        | 0.0003     |
|    loss                 | -0.00309   |
|    n_updates            | 1230       |
|    policy_gradient_loss | -0.0084    |
|    std                  | 0.65       |
|    value_loss           | 0.0281     |
----------------------------------------
-----------------------------------------
| rollout/                |             |
|    ep_len_mean          | 400         |
|    ep_rew_mean          | 7.89        |
|    success_rate         | 0           |
| time/                   |             |
|    fps                  | 1933        |
|    iterations           | 125         |
|    time_elapsed         | 794         |
|    total_timesteps      | 1536000     |
| train/                  |             |
|    approx_kl            | 0.011851057 |
|    clip_fraction        | 0.119       |
|    clip_range           | 0.2         |
|    entropy_loss         | -1.98       |
|    explained_variance   | 0.97        |
|    learning_rate        | 0.0003      |
|    loss                 | -0.0109     |
|    n_updates            | 1240        |
|    policy_gradient_loss | -0.00945    |
|    std                  | 0.65        |
|    value_loss           | 0.0387      |
-----------------------------------------
-----------------------------------------
| rollout/                |             |
|    ep_len_mean          | 400         |
|    ep_rew_mean          | 5.68        |
|    success_rate         | 0           |
| time/                   |             |
|    fps                  | 1933        |
|    iterations           | 126         |
|    time_elapsed         | 800         |
|    total_timesteps      | 1548288     |
| train/                  |             |
|    approx_kl            | 0.013197101 |
|    clip_fraction        | 0.15        |
|    clip_range           | 0.2         |
|    entropy_loss         | -1.97       |
|    explained_variance   | 0.922       |
|    learning_rate        | 0.0003      |
|    loss                 | -0.0123     |
|    n_updates            | 1250        |
|    policy_gradient_loss | -0.0115     |
|    std                  | 0.648       |
|    value_loss           | 0.0605      |
-----------------------------------------
-----------------------------------------
| rollout/                |             |
|    ep_len_mean          | 400         |
|    ep_rew_mean          | 5.68        |
|    success_rate         | 0           |
| time/                   |             |
|    fps                  | 1933        |
|    iterations           | 127         |
|    time_elapsed         | 807         |
|    total_timesteps      | 1560576     |
| train/                  |             |
|    approx_kl            | 0.013469403 |
|    clip_fraction        | 0.139       |
|    clip_range           | 0.2         |
|    entropy_loss         | -1.96       |
|    explained_variance   | 0.951       |
|    learning_rate        | 0.0003      |
|    loss                 | -0.0237     |
|    n_updates            | 1260        |
|    policy_gradient_loss | -0.00808    |
|    std                  | 0.641       |
|    value_loss           | 0.0346      |
-----------------------------------------
-----------------------------------------
| rollout/                |             |
|    ep_len_mean          | 400         |
|    ep_rew_mean          | 4.61        |
|    success_rate         | 0           |
| time/                   |             |
|    fps                  | 1933        |
|    iterations           | 128         |
|    time_elapsed         | 813         |
|    total_timesteps      | 1572864     |
| train/                  |             |
|    approx_kl            | 0.013164225 |
|    clip_fraction        | 0.14        |
|    clip_range           | 0.2         |
|    entropy_loss         | -1.94       |
|    explained_variance   | 0.949       |
|    learning_rate        | 0.0003      |
|    loss                 | -0.034      |
|    n_updates            | 1270        |
|    policy_gradient_loss | -0.00959    |
|    std                  | 0.636       |
|    value_loss           | 0.0416      |
-----------------------------------------
-----------------------------------------
| rollout/                |             |
|    ep_len_mean          | 400         |
|    ep_rew_mean          | 4.52        |
|    success_rate         | 0           |
| time/                   |             |
|    fps                  | 1932        |
|    iterations           | 129         |
|    time_elapsed         | 820         |
|    total_timesteps      | 1585152     |
| train/                  |             |
|    approx_kl            | 0.013327256 |
|    clip_fraction        | 0.124       |
|    clip_range           | 0.2         |
|    entropy_loss         | -1.94       |
|    explained_variance   | 0.978       |
|    learning_rate        | 0.0003      |
|    loss                 | -0.0103     |
|    n_updates            | 1280        |
|    policy_gradient_loss | -0.00905    |
|    std                  | 0.64        |
|    value_loss           | 0.0194      |
-----------------------------------------
-----------------------------------------
| rollout/                |             |
|    ep_len_mean          | 399         |
|    ep_rew_mean          | 3.96        |
|    success_rate         | 0           |
| time/                   |             |
|    fps                  | 1932        |
|    iterations           | 130         |
|    time_elapsed         | 826         |
|    total_timesteps      | 1597440     |
| train/                  |             |
|    approx_kl            | 0.013485731 |
|    clip_fraction        | 0.127       |
|    clip_range           | 0.2         |
|    entropy_loss         | -1.97       |
|    explained_variance   | 0.976       |
|    learning_rate        | 0.0003      |
|    loss                 | 0.013       |
|    n_updates            | 1290        |
|    policy_gradient_loss | -0.0109     |
|    std                  | 0.65        |
|    value_loss           | 0.0578      |
-----------------------------------------
-----------------------------------------
| rollout/                |             |
|    ep_len_mean          | 396         |
|    ep_rew_mean          | 7.85        |
|    success_rate         | 0.02        |
| time/                   |             |
|    fps                  | 1932        |
|    iterations           | 131         |
|    time_elapsed         | 832         |
|    total_timesteps      | 1609728     |
| train/                  |             |
|    approx_kl            | 0.016494036 |
|    clip_fraction        | 0.127       |
|    clip_range           | 0.2         |
|    entropy_loss         | -2          |
|    explained_variance   | 0.976       |
|    learning_rate        | 0.0003      |
|    loss                 | -0.0179     |
|    n_updates            | 1300        |
|    policy_gradient_loss | -0.0103     |
|    std                  | 0.657       |
|    value_loss           | 0.0484      |
-----------------------------------------
-----------------------------------------
| rollout/                |             |
|    ep_len_mean          | 395         |
|    ep_rew_mean          | 9.96        |
|    success_rate         | 0.03        |
| time/                   |             |
|    fps                  | 1932        |
|    iterations           | 132         |
|    time_elapsed         | 839         |
|    total_timesteps      | 1622016     |
| train/                  |             |
|    approx_kl            | 0.013686411 |
|    clip_fraction        | 0.146       |
|    clip_range           | 0.2         |
|    entropy_loss         | -2.01       |
|    explained_variance   | 0.976       |
|    learning_rate        | 0.0003      |
|    loss                 | -0.0235     |
|    n_updates            | 1310        |
|    policy_gradient_loss | -0.00854    |
|    std                  | 0.66        |
|    value_loss           | 0.1         |
-----------------------------------------
-----------------------------------------
| rollout/                |             |
|    ep_len_mean          | 394         |
|    ep_rew_mean          | 12.4        |
|    success_rate         | 0.04        |
| time/                   |             |
|    fps                  | 1932        |
|    iterations           | 133         |
|    time_elapsed         | 845         |
|    total_timesteps      | 1634304     |
| train/                  |             |
|    approx_kl            | 0.011911894 |
|    clip_fraction        | 0.125       |
|    clip_range           | 0.2         |
|    entropy_loss         | -2.02       |
|    explained_variance   | 0.944       |
|    learning_rate        | 0.0003      |
|    loss                 | -0.0241     |
|    n_updates            | 1320        |
|    policy_gradient_loss | -0.00912    |
|    std                  | 0.665       |
|    value_loss           | 0.0692      |
-----------------------------------------
-----------------------------------------
| rollout/                |             |
|    ep_len_mean          | 398         |
|    ep_rew_mean          | 9.92        |
|    success_rate         | 0.02        |
| time/                   |             |
|    fps                  | 1932        |
|    iterations           | 134         |
|    time_elapsed         | 852         |
|    total_timesteps      | 1646592     |
| train/                  |             |
|    approx_kl            | 0.014438041 |
|    clip_fraction        | 0.134       |
|    clip_range           | 0.2         |
|    entropy_loss         | -2.05       |
|    explained_variance   | 0.976       |
|    learning_rate        | 0.0003      |
|    loss                 | -0.00639    |
|    n_updates            | 1330        |
|    policy_gradient_loss | -0.0119     |
|    std                  | 0.678       |
|    value_loss           | 0.0844      |
-----------------------------------------
-----------------------------------------
| rollout/                |             |
|    ep_len_mean          | 398         |
|    ep_rew_mean          | 12          |
|    success_rate         | 0.01        |
| time/                   |             |
|    fps                  | 1931        |
|    iterations           | 135         |
|    time_elapsed         | 858         |
|    total_timesteps      | 1658880     |
| train/                  |             |
|    approx_kl            | 0.014601084 |
|    clip_fraction        | 0.15        |
|    clip_range           | 0.2         |
|    entropy_loss         | -2.06       |
|    explained_variance   | 0.98        |
|    learning_rate        | 0.0003      |
|    loss                 | 0.00208     |
|    n_updates            | 1340        |
|    policy_gradient_loss | -0.00936    |
|    std                  | 0.674       |
|    value_loss           | 0.11        |
-----------------------------------------
-----------------------------------------
| rollout/                |             |
|    ep_len_mean          | 400         |
|    ep_rew_mean          | 12.1        |
|    success_rate         | 0.01        |
| time/                   |             |
|    fps                  | 1931        |
|    iterations           | 136         |
|    time_elapsed         | 865         |
|    total_timesteps      | 1671168     |
| train/                  |             |
|    approx_kl            | 0.013856989 |
|    clip_fraction        | 0.144       |
|    clip_range           | 0.2         |
|    entropy_loss         | -2.04       |
|    explained_variance   | 0.971       |
|    learning_rate        | 0.0003      |
|    loss                 | 0.00406     |
|    n_updates            | 1350        |
|    policy_gradient_loss | -0.0118     |
|    std                  | 0.667       |
|    value_loss           | 0.107       |
-----------------------------------------
----------------------------------------
| rollout/                |            |
|    ep_len_mean          | 395        |
|    ep_rew_mean          | 23.1       |
|    success_rate         | 0.05       |
| time/                   |            |
|    fps                  | 1931       |
|    iterations           | 137        |
|    time_elapsed         | 871        |
|    total_timesteps      | 1683456    |
| train/                  |            |
|    approx_kl            | 0.01448952 |
|    clip_fraction        | 0.136      |
|    clip_range           | 0.2        |
|    entropy_loss         | -2.04      |
|    explained_variance   | 0.963      |
|    learning_rate        | 0.0003     |
|    loss                 | -0.0305    |
|    n_updates            | 1360       |
|    policy_gradient_loss | -0.0135    |
|    std                  | 0.671      |
|    value_loss           | 0.114      |
----------------------------------------
-----------------------------------------
| rollout/                |             |
|    ep_len_mean          | 389         |
|    ep_rew_mean          | 33.1        |
|    success_rate         | 0.1         |
| time/                   |             |
|    fps                  | 1931        |
|    iterations           | 138         |
|    time_elapsed         | 877         |
|    total_timesteps      | 1695744     |
| train/                  |             |
|    approx_kl            | 0.017268442 |
|    clip_fraction        | 0.159       |
|    clip_range           | 0.2         |
|    entropy_loss         | -2.06       |
|    explained_variance   | 0.959       |
|    learning_rate        | 0.0003      |
|    loss                 | -0.00368    |
|    n_updates            | 1370        |
|    policy_gradient_loss | -0.012      |
|    std                  | 0.68        |
|    value_loss           | 0.252       |
-----------------------------------------
-----------------------------------------
| rollout/                |             |
|    ep_len_mean          | 377         |
|    ep_rew_mean          | 62          |
|    success_rate         | 0.18        |
| time/                   |             |
|    fps                  | 1931        |
|    iterations           | 139         |
|    time_elapsed         | 884         |
|    total_timesteps      | 1708032     |
| train/                  |             |
|    approx_kl            | 0.014603697 |
|    clip_fraction        | 0.157       |
|    clip_range           | 0.2         |
|    entropy_loss         | -2.05       |
|    explained_variance   | 0.935       |
|    learning_rate        | 0.0003      |
|    loss                 | 0.0242      |
|    n_updates            | 1380        |
|    policy_gradient_loss | -0.00999    |
|    std                  | 0.67        |
|    value_loss           | 0.313       |
-----------------------------------------
-----------------------------------------
| rollout/                |             |
|    ep_len_mean          | 378         |
|    ep_rew_mean          | 64.8        |
|    success_rate         | 0.17        |
| time/                   |             |
|    fps                  | 1931        |
|    iterations           | 140         |
|    time_elapsed         | 890         |
|    total_timesteps      | 1720320     |
| train/                  |             |
|    approx_kl            | 0.015905732 |
|    clip_fraction        | 0.161       |
|    clip_range           | 0.2         |
|    entropy_loss         | -2.05       |
|    explained_variance   | 0.948       |
|    learning_rate        | 0.0003      |
|    loss                 | 0.196       |
|    n_updates            | 1390        |
|    policy_gradient_loss | -0.00922    |
|    std                  | 0.677       |
|    value_loss           | 0.507       |
-----------------------------------------
----------------------------------------
| rollout/                |            |
|    ep_len_mean          | 382        |
|    ep_rew_mean          | 57.4       |
|    success_rate         | 0.13       |
| time/                   |            |
|    fps                  | 1931       |
|    iterations           | 141        |
|    time_elapsed         | 897        |
|    total_timesteps      | 1732608    |
| train/                  |            |
|    approx_kl            | 0.01597988 |
|    clip_fraction        | 0.152      |
|    clip_range           | 0.2        |
|    entropy_loss         | -2.09      |
|    explained_variance   | 0.972      |
|    learning_rate        | 0.0003     |
|    loss                 | 0.0177     |
|    n_updates            | 1400       |
|    policy_gradient_loss | -0.0103    |
|    std                  | 0.692      |
|    value_loss           | 0.247      |
----------------------------------------
-----------------------------------------
| rollout/                |             |
|    ep_len_mean          | 392         |
|    ep_rew_mean          | 48.3        |
|    success_rate         | 0.06        |
| time/                   |             |
|    fps                  | 1930        |
|    iterations           | 142         |
|    time_elapsed         | 903         |
|    total_timesteps      | 1744896     |
| train/                  |             |
|    approx_kl            | 0.014752542 |
|    clip_fraction        | 0.159       |
|    clip_range           | 0.2         |
|    entropy_loss         | -2.08       |
|    explained_variance   | 0.961       |
|    learning_rate        | 0.0003      |
|    loss                 | -0.0217     |
|    n_updates            | 1410        |
|    policy_gradient_loss | -0.0114     |
|    std                  | 0.68        |
|    value_loss           | 0.143       |
-----------------------------------------
-----------------------------------------
| rollout/                |             |
|    ep_len_mean          | 395         |
|    ep_rew_mean          | 42.9        |
|    success_rate         | 0.04        |
| time/                   |             |
|    fps                  | 1930        |
|    iterations           | 143         |
|    time_elapsed         | 910         |
|    total_timesteps      | 1757184     |
| train/                  |             |
|    approx_kl            | 0.016485572 |
|    clip_fraction        | 0.164       |
|    clip_range           | 0.2         |
|    entropy_loss         | -2.04       |
|    explained_variance   | 0.959       |
|    learning_rate        | 0.0003      |
|    loss                 | 0.0437      |
|    n_updates            | 1420        |
|    policy_gradient_loss | -0.00936    |
|    std                  | 0.668       |
|    value_loss           | 0.196       |
-----------------------------------------
------------------------------------------
| rollout/                |              |
|    ep_len_mean          | 394          |
|    ep_rew_mean          | 46.8         |
|    success_rate         | 0.05         |
| time/                   |              |
|    fps                  | 1930         |
|    iterations           | 144          |
|    time_elapsed         | 916          |
|    total_timesteps      | 1769472      |
| train/                  |              |
|    approx_kl            | 0.0143914865 |
|    clip_fraction        | 0.144        |
|    clip_range           | 0.2          |
|    entropy_loss         | -2.03        |
|    explained_variance   | 0.962        |
|    learning_rate        | 0.0003       |
|    loss                 | 0.0249       |
|    n_updates            | 1430         |
|    policy_gradient_loss | -0.0106      |
|    std                  | 0.665        |
|    value_loss           | 0.156        |
------------------------------------------
----------------------------------------
| rollout/                |            |
|    ep_len_mean          | 391        |
|    ep_rew_mean          | 43         |
|    success_rate         | 0.07       |
| time/                   |            |
|    fps                  | 1930       |
|    iterations           | 145        |
|    time_elapsed         | 923        |
|    total_timesteps      | 1781760    |
| train/                  |            |
|    approx_kl            | 0.01590635 |
|    clip_fraction        | 0.154      |
|    clip_range           | 0.2        |
|    entropy_loss         | -2.02      |
|    explained_variance   | 0.97       |
|    learning_rate        | 0.0003     |
|    loss                 | -0.00322   |
|    n_updates            | 1440       |
|    policy_gradient_loss | -0.0117    |
|    std                  | 0.664      |
|    value_loss           | 0.191      |
----------------------------------------
-----------------------------------------
| rollout/                |             |
|    ep_len_mean          | 386         |
|    ep_rew_mean          | 58.3        |
|    success_rate         | 0.1         |
| time/                   |             |
|    fps                  | 1929        |
|    iterations           | 146         |
|    time_elapsed         | 929         |
|    total_timesteps      | 1794048     |
| train/                  |             |
|    approx_kl            | 0.014234998 |
|    clip_fraction        | 0.158       |
|    clip_range           | 0.2         |
|    entropy_loss         | -2.01       |
|    explained_variance   | 0.935       |
|    learning_rate        | 0.0003      |
|    loss                 | 0.0718      |
|    n_updates            | 1450        |
|    policy_gradient_loss | -0.00753    |
|    std                  | 0.658       |
|    value_loss           | 0.296       |
-----------------------------------------
-----------------------------------------
| rollout/                |             |
|    ep_len_mean          | 377         |
|    ep_rew_mean          | 76.1        |
|    success_rate         | 0.17        |
| time/                   |             |
|    fps                  | 1929        |
|    iterations           | 147         |
|    time_elapsed         | 936         |
|    total_timesteps      | 1806336     |
| train/                  |             |
|    approx_kl            | 0.016454814 |
|    clip_fraction        | 0.155       |
|    clip_range           | 0.2         |
|    entropy_loss         | -1.99       |
|    explained_variance   | 0.946       |
|    learning_rate        | 0.0003      |
|    loss                 | 0.0505      |
|    n_updates            | 1460        |
|    policy_gradient_loss | -0.00596    |
|    std                  | 0.65        |
|    value_loss           | 0.325       |
-----------------------------------------
-----------------------------------------
| rollout/                |             |
|    ep_len_mean          | 370         |
|    ep_rew_mean          | 94.6        |
|    success_rate         | 0.23        |
| time/                   |             |
|    fps                  | 1929        |
|    iterations           | 148         |
|    time_elapsed         | 942         |
|    total_timesteps      | 1818624     |
| train/                  |             |
|    approx_kl            | 0.014874735 |
|    clip_fraction        | 0.152       |
|    clip_range           | 0.2         |
|    entropy_loss         | -1.97       |
|    explained_variance   | 0.932       |
|    learning_rate        | 0.0003      |
|    loss                 | 0.00295     |
|    n_updates            | 1470        |
|    policy_gradient_loss | -0.00665    |
|    std                  | 0.647       |
|    value_loss           | 0.469       |
-----------------------------------------
-----------------------------------------
| rollout/                |             |
|    ep_len_mean          | 372         |
|    ep_rew_mean          | 87.8        |
|    success_rate         | 0.22        |
| time/                   |             |
|    fps                  | 1929        |
|    iterations           | 149         |
|    time_elapsed         | 948         |
|    total_timesteps      | 1830912     |
| train/                  |             |
|    approx_kl            | 0.014717917 |
|    clip_fraction        | 0.157       |
|    clip_range           | 0.2         |
|    entropy_loss         | -1.98       |
|    explained_variance   | 0.964       |
|    learning_rate        | 0.0003      |
|    loss                 | 0.0907      |
|    n_updates            | 1480        |
|    policy_gradient_loss | -0.00877    |
|    std                  | 0.653       |
|    value_loss           | 0.443       |
-----------------------------------------
-----------------------------------------
| rollout/                |             |
|    ep_len_mean          | 359         |
|    ep_rew_mean          | 118         |
|    success_rate         | 0.28        |
| time/                   |             |
|    fps                  | 1929        |
|    iterations           | 150         |
|    time_elapsed         | 955         |
|    total_timesteps      | 1843200     |
| train/                  |             |
|    approx_kl            | 0.014652074 |
|    clip_fraction        | 0.16        |
|    clip_range           | 0.2         |
|    entropy_loss         | -1.99       |
|    explained_variance   | 0.965       |
|    learning_rate        | 0.0003      |
|    loss                 | 0.0519      |
|    n_updates            | 1490        |
|    policy_gradient_loss | -0.00865    |
|    std                  | 0.652       |
|    value_loss           | 0.322       |
-----------------------------------------
-----------------------------------------
| rollout/                |             |
|    ep_len_mean          | 360         |
|    ep_rew_mean          | 123         |
|    success_rate         | 0.25        |
| time/                   |             |
|    fps                  | 1929        |
|    iterations           | 151         |
|    time_elapsed         | 961         |
|    total_timesteps      | 1855488     |
| train/                  |             |
|    approx_kl            | 0.014037412 |
|    clip_fraction        | 0.158       |
|    clip_range           | 0.2         |
|    entropy_loss         | -2          |
|    explained_variance   | 0.724       |
|    learning_rate        | 0.0003      |
|    loss                 | 0.692       |
|    n_updates            | 1500        |
|    policy_gradient_loss | -0.00766    |
|    std                  | 0.661       |
|    value_loss           | 0.877       |
-----------------------------------------
-----------------------------------------
| rollout/                |             |
|    ep_len_mean          | 338         |
|    ep_rew_mean          | 153         |
|    success_rate         | 0.38        |
| time/                   |             |
|    fps                  | 1929        |
|    iterations           | 152         |
|    time_elapsed         | 968         |
|    total_timesteps      | 1867776     |
| train/                  |             |
|    approx_kl            | 0.017048758 |
|    clip_fraction        | 0.168       |
|    clip_range           | 0.2         |
|    entropy_loss         | -1.99       |
|    explained_variance   | 0.947       |
|    learning_rate        | 0.0003      |
|    loss                 | 0.0612      |
|    n_updates            | 1510        |
|    policy_gradient_loss | -0.00922    |
|    std                  | 0.653       |
|    value_loss           | 0.48        |
-----------------------------------------
-----------------------------------------
| rollout/                |             |
|    ep_len_mean          | 358         |
|    ep_rew_mean          | 112         |
|    success_rate         | 0.25        |
| time/                   |             |
|    fps                  | 1929        |
|    iterations           | 153         |
|    time_elapsed         | 974         |
|    total_timesteps      | 1880064     |
| train/                  |             |
|    approx_kl            | 0.015445662 |
|    clip_fraction        | 0.156       |
|    clip_range           | 0.2         |
|    entropy_loss         | -1.99       |
|    explained_variance   | 0.936       |
|    learning_rate        | 0.0003      |
|    loss                 | 0.317       |
|    n_updates            | 1520        |
|    policy_gradient_loss | -0.00789    |
|    std                  | 0.656       |
|    value_loss           | 0.801       |
-----------------------------------------
------------------------------------------
| rollout/                |              |
|    ep_len_mean          | 358          |
|    ep_rew_mean          | 103          |
|    success_rate         | 0.25         |
| time/                   |              |
|    fps                  | 1929         |
|    iterations           | 154          |
|    time_elapsed         | 980          |
|    total_timesteps      | 1892352      |
| train/                  |              |
|    approx_kl            | 0.0153634995 |
|    clip_fraction        | 0.167        |
|    clip_range           | 0.2          |
|    entropy_loss         | -2           |
|    explained_variance   | 0.949        |
|    learning_rate        | 0.0003       |
|    loss                 | 0.0639       |
|    n_updates            | 1530         |
|    policy_gradient_loss | -0.00921     |
|    std                  | 0.658        |
|    value_loss           | 0.219        |
------------------------------------------
-----------------------------------------
| rollout/                |             |
|    ep_len_mean          | 378         |
|    ep_rew_mean          | 87.8        |
|    success_rate         | 0.13        |
| time/                   |             |
|    fps                  | 1929        |
|    iterations           | 155         |
|    time_elapsed         | 987         |
|    total_timesteps      | 1904640     |
| train/                  |             |
|    approx_kl            | 0.015148461 |
|    clip_fraction        | 0.161       |
|    clip_range           | 0.2         |
|    entropy_loss         | -2.01       |
|    explained_variance   | 0.937       |
|    learning_rate        | 0.0003      |
|    loss                 | 0.00551     |
|    n_updates            | 1540        |
|    policy_gradient_loss | -0.00961    |
|    std                  | 0.662       |
|    value_loss           | 0.248       |
-----------------------------------------
----------------------------------------
| rollout/                |            |
|    ep_len_mean          | 364        |
|    ep_rew_mean          | 111        |
|    success_rate         | 0.21       |
| time/                   |            |
|    fps                  | 1928       |
|    iterations           | 156        |
|    time_elapsed         | 993        |
|    total_timesteps      | 1916928    |
| train/                  |            |
|    approx_kl            | 0.01464397 |
|    clip_fraction        | 0.173      |
|    clip_range           | 0.2        |
|    entropy_loss         | -2.01      |
|    explained_variance   | 0.697      |
|    learning_rate        | 0.0003     |
|    loss                 | 0.246      |
|    n_updates            | 1550       |
|    policy_gradient_loss | -0.00645   |
|    std                  | 0.66       |
|    value_loss           | 0.465      |
----------------------------------------
----------------------------------------
| rollout/                |            |
|    ep_len_mean          | 358        |
|    ep_rew_mean          | 147        |
|    success_rate         | 0.25       |
| time/                   |            |
|    fps                  | 1928       |
|    iterations           | 157        |
|    time_elapsed         | 1000       |
|    total_timesteps      | 1929216    |
| train/                  |            |
|    approx_kl            | 0.01571644 |
|    clip_fraction        | 0.157      |
|    clip_range           | 0.2        |
|    entropy_loss         | -2.01      |
|    explained_variance   | 0.922      |
|    learning_rate        | 0.0003     |
|    loss                 | 0.224      |
|    n_updates            | 1560       |
|    policy_gradient_loss | -0.00674   |
|    std                  | 0.663      |
|    value_loss           | 0.612      |
----------------------------------------
----------------------------------------
| rollout/                |            |
|    ep_len_mean          | 342        |
|    ep_rew_mean          | 177        |
|    success_rate         | 0.36       |
| time/                   |            |
|    fps                  | 1928       |
|    iterations           | 158        |
|    time_elapsed         | 1006       |
|    total_timesteps      | 1941504    |
| train/                  |            |
|    approx_kl            | 0.01589817 |
|    clip_fraction        | 0.17       |
|    clip_range           | 0.2        |
|    entropy_loss         | -2.01      |
|    explained_variance   | 0.826      |
|    learning_rate        | 0.0003     |
|    loss                 | 0.0478     |
|    n_updates            | 1570       |
|    policy_gradient_loss | -0.00916   |
|    std                  | 0.658      |
|    value_loss           | 0.654      |
----------------------------------------
-----------------------------------------
| rollout/                |             |
|    ep_len_mean          | 339         |
|    ep_rew_mean          | 183         |
|    success_rate         | 0.4         |
| time/                   |             |
|    fps                  | 1928        |
|    iterations           | 159         |
|    time_elapsed         | 1013        |
|    total_timesteps      | 1953792     |
| train/                  |             |
|    approx_kl            | 0.013940625 |
|    clip_fraction        | 0.155       |
|    clip_range           | 0.2         |
|    entropy_loss         | -2.01       |
|    explained_variance   | 0.869       |
|    learning_rate        | 0.0003      |
|    loss                 | 0.678       |
|    n_updates            | 1580        |
|    policy_gradient_loss | -0.00648    |
|    std                  | 0.662       |
|    value_loss           | 0.858       |
-----------------------------------------
-----------------------------------------
| rollout/                |             |
|    ep_len_mean          | 333         |
|    ep_rew_mean          | 175         |
|    success_rate         | 0.42        |
| time/                   |             |
|    fps                  | 1928        |
|    iterations           | 160         |
|    time_elapsed         | 1019        |
|    total_timesteps      | 1966080     |
| train/                  |             |
|    approx_kl            | 0.014536428 |
|    clip_fraction        | 0.153       |
|    clip_range           | 0.2         |
|    entropy_loss         | -2.01       |
|    explained_variance   | 0.925       |
|    learning_rate        | 0.0003      |
|    loss                 | 0.363       |
|    n_updates            | 1590        |
|    policy_gradient_loss | -0.00831    |
|    std                  | 0.662       |
|    value_loss           | 0.568       |
-----------------------------------------
--------------------------------------
| rollout/                |          |
|    ep_len_mean          | 335      |
|    ep_rew_mean          | 157      |
|    success_rate         | 0.36     |
| time/                   |          |
|    fps                  | 1928     |
|    iterations           | 161      |
|    time_elapsed         | 1025     |
|    total_timesteps      | 1978368  |
| train/                  |          |
|    approx_kl            | 0.015003 |
|    clip_fraction        | 0.146    |
|    clip_range           | 0.2      |
|    entropy_loss         | -2.01    |
|    explained_variance   | 0.94     |
|    learning_rate        | 0.0003   |
|    loss                 | 0.174    |
|    n_updates            | 1600     |
|    policy_gradient_loss | -0.00873 |
|    std                  | 0.661    |
|    value_loss           | 0.505    |
--------------------------------------
----------------------------------------
| rollout/                |            |
|    ep_len_mean          | 332        |
|    ep_rew_mean          | 171        |
|    success_rate         | 0.37       |
| time/                   |            |
|    fps                  | 1928       |
|    iterations           | 162        |
|    time_elapsed         | 1032       |
|    total_timesteps      | 1990656    |
| train/                  |            |
|    approx_kl            | 0.01622208 |
|    clip_fraction        | 0.153      |
|    clip_range           | 0.2        |
|    entropy_loss         | -2.01      |
|    explained_variance   | 0.918      |
|    learning_rate        | 0.0003     |
|    loss                 | 0.0921     |
|    n_updates            | 1610       |
|    policy_gradient_loss | -0.00825   |
|    std                  | 0.66       |
|    value_loss           | 0.701      |
----------------------------------------
-----------------------------------------
| rollout/                |             |
|    ep_len_mean          | 328         |
|    ep_rew_mean          | 158         |
|    success_rate         | 0.39        |
| time/                   |             |
|    fps                  | 1928        |
|    iterations           | 163         |
|    time_elapsed         | 1038        |
|    total_timesteps      | 2002944     |
| train/                  |             |
|    approx_kl            | 0.019215921 |
|    clip_fraction        | 0.179       |
|    clip_range           | 0.2         |
|    entropy_loss         | -1.98       |
|    explained_variance   | 0.895       |
|    learning_rate        | 0.0003      |
|    loss                 | 0.372       |
|    n_updates            | 1620        |
|    policy_gradient_loss | -0.0096     |
|    std                  | 0.649       |
|    value_loss           | 0.525       |
-----------------------------------------
-----------------------------------------
| rollout/                |             |
|    ep_len_mean          | 343         |
|    ep_rew_mean          | 133         |
|    success_rate         | 0.31        |
| time/                   |             |
|    fps                  | 1928        |
|    iterations           | 164         |
|    time_elapsed         | 1045        |
|    total_timesteps      | 2015232     |
| train/                  |             |
|    approx_kl            | 0.015358846 |
|    clip_fraction        | 0.167       |
|    clip_range           | 0.2         |
|    entropy_loss         | -1.97       |
|    explained_variance   | 0.931       |
|    learning_rate        | 0.0003      |
|    loss                 | 0.232       |
|    n_updates            | 1630        |
|    policy_gradient_loss | -0.0105     |
|    std                  | 0.646       |
|    value_loss           | 0.534       |
-----------------------------------------
-----------------------------------------
| rollout/                |             |
|    ep_len_mean          | 348         |
|    ep_rew_mean          | 118         |
|    success_rate         | 0.28        |
| time/                   |             |
|    fps                  | 1927        |
|    iterations           | 165         |
|    time_elapsed         | 1051        |
|    total_timesteps      | 2027520     |
| train/                  |             |
|    approx_kl            | 0.015370925 |
|    clip_fraction        | 0.159       |
|    clip_range           | 0.2         |
|    entropy_loss         | -1.96       |
|    explained_variance   | 0.889       |
|    learning_rate        | 0.0003      |
|    loss                 | 0.209       |
|    n_updates            | 1640        |
|    policy_gradient_loss | -0.00773    |
|    std                  | 0.644       |
|    value_loss           | 0.295       |
-----------------------------------------
-----------------------------------------
| rollout/                |             |
|    ep_len_mean          | 356         |
|    ep_rew_mean          | 129         |
|    success_rate         | 0.23        |
| time/                   |             |
|    fps                  | 1927        |
|    iterations           | 166         |
|    time_elapsed         | 1058        |
|    total_timesteps      | 2039808     |
| train/                  |             |
|    approx_kl            | 0.015308159 |
|    clip_fraction        | 0.17        |
|    clip_range           | 0.2         |
|    entropy_loss         | -1.97       |
|    explained_variance   | 0.939       |
|    learning_rate        | 0.0003      |
|    loss                 | 0.214       |
|    n_updates            | 1650        |
|    policy_gradient_loss | -0.00843    |
|    std                  | 0.65        |
|    value_loss           | 0.37        |
-----------------------------------------
-----------------------------------------
| rollout/                |             |
|    ep_len_mean          | 343         |
|    ep_rew_mean          | 161         |
|    success_rate         | 0.31        |
| time/                   |             |
|    fps                  | 1927        |
|    iterations           | 167         |
|    time_elapsed         | 1064        |
|    total_timesteps      | 2052096     |
| train/                  |             |
|    approx_kl            | 0.013884787 |
|    clip_fraction        | 0.165       |
|    clip_range           | 0.2         |
|    entropy_loss         | -1.97       |
|    explained_variance   | 0.338       |
|    learning_rate        | 0.0003      |
|    loss                 | 0.129       |
|    n_updates            | 1660        |
|    policy_gradient_loss | -0.00522    |
|    std                  | 0.645       |
|    value_loss           | 0.457       |
-----------------------------------------
-----------------------------------------
| rollout/                |             |
|    ep_len_mean          | 339         |
|    ep_rew_mean          | 177         |
|    success_rate         | 0.34        |
| time/                   |             |
|    fps                  | 1927        |
|    iterations           | 168         |
|    time_elapsed         | 1070        |
|    total_timesteps      | 2064384     |
| train/                  |             |
|    approx_kl            | 0.019815234 |
|    clip_fraction        | 0.172       |
|    clip_range           | 0.2         |
|    entropy_loss         | -1.93       |
|    explained_variance   | 0.868       |
|    learning_rate        | 0.0003      |
|    loss                 | 0.178       |
|    n_updates            | 1670        |
|    policy_gradient_loss | -0.00794    |
|    std                  | 0.631       |
|    value_loss           | 0.684       |
-----------------------------------------
-----------------------------------------
| rollout/                |             |
|    ep_len_mean          | 337         |
|    ep_rew_mean          | 168         |
|    success_rate         | 0.35        |
| time/                   |             |
|    fps                  | 1927        |
|    iterations           | 169         |
|    time_elapsed         | 1077        |
|    total_timesteps      | 2076672     |
| train/                  |             |
|    approx_kl            | 0.017348507 |
|    clip_fraction        | 0.166       |
|    clip_range           | 0.2         |
|    entropy_loss         | -1.92       |
|    explained_variance   | 0.88        |
|    learning_rate        | 0.0003      |
|    loss                 | 0.341       |
|    n_updates            | 1680        |
|    policy_gradient_loss | -0.00598    |
|    std                  | 0.63        |
|    value_loss           | 0.535       |
-----------------------------------------
-----------------------------------------
| rollout/                |             |
|    ep_len_mean          | 351         |
|    ep_rew_mean          | 145         |
|    success_rate         | 0.27        |
| time/                   |             |
|    fps                  | 1927        |
|    iterations           | 170         |
|    time_elapsed         | 1083        |
|    total_timesteps      | 2088960     |
| train/                  |             |
|    approx_kl            | 0.016977603 |
|    clip_fraction        | 0.165       |
|    clip_range           | 0.2         |
|    entropy_loss         | -1.92       |
|    explained_variance   | 0.922       |
|    learning_rate        | 0.0003      |
|    loss                 | 0.299       |
|    n_updates            | 1690        |
|    policy_gradient_loss | -0.00869    |
|    std                  | 0.632       |
|    value_loss           | 0.493       |
-----------------------------------------
-----------------------------------------
| rollout/                |             |
|    ep_len_mean          | 357         |
|    ep_rew_mean          | 150         |
|    success_rate         | 0.24        |
| time/                   |             |
|    fps                  | 1927        |
|    iterations           | 171         |
|    time_elapsed         | 1090        |
|    total_timesteps      | 2101248     |
| train/                  |             |
|    approx_kl            | 0.015996395 |
|    clip_fraction        | 0.165       |
|    clip_range           | 0.2         |
|    entropy_loss         | -1.93       |
|    explained_variance   | 0.861       |
|    learning_rate        | 0.0003      |
|    loss                 | 0.0525      |
|    n_updates            | 1700        |
|    policy_gradient_loss | -0.00892    |
|    std                  | 0.637       |
|    value_loss           | 0.404       |
-----------------------------------------
-----------------------------------------
| rollout/                |             |
|    ep_len_mean          | 363         |
|    ep_rew_mean          | 145         |
|    success_rate         | 0.21        |
| time/                   |             |
|    fps                  | 1927        |
|    iterations           | 172         |
|    time_elapsed         | 1096        |
|    total_timesteps      | 2113536     |
| train/                  |             |
|    approx_kl            | 0.016713396 |
|    clip_fraction        | 0.168       |
|    clip_range           | 0.2         |
|    entropy_loss         | -1.93       |
|    explained_variance   | 0.834       |
|    learning_rate        | 0.0003      |
|    loss                 | 0.29        |
|    n_updates            | 1710        |
|    policy_gradient_loss | -0.00861    |
|    std                  | 0.636       |
|    value_loss           | 0.45        |
-----------------------------------------
-----------------------------------------
| rollout/                |             |
|    ep_len_mean          | 367         |
|    ep_rew_mean          | 159         |
|    success_rate         | 0.2         |
| time/                   |             |
|    fps                  | 1927        |
|    iterations           | 173         |
|    time_elapsed         | 1102        |
|    total_timesteps      | 2125824     |
| train/                  |             |
|    approx_kl            | 0.015712528 |
|    clip_fraction        | 0.17        |
|    clip_range           | 0.2         |
|    entropy_loss         | -1.94       |
|    explained_variance   | 0.906       |
|    learning_rate        | 0.0003      |
|    loss                 | 0.197       |
|    n_updates            | 1720        |
|    policy_gradient_loss | -0.00945    |
|    std                  | 0.638       |
|    value_loss           | 0.316       |
-----------------------------------------
-----------------------------------------
| rollout/                |             |
|    ep_len_mean          | 366         |
|    ep_rew_mean          | 167         |
|    success_rate         | 0.21        |
| time/                   |             |
|    fps                  | 1927        |
|    iterations           | 174         |
|    time_elapsed         | 1109        |
|    total_timesteps      | 2138112     |
| train/                  |             |
|    approx_kl            | 0.016542817 |
|    clip_fraction        | 0.169       |
|    clip_range           | 0.2         |
|    entropy_loss         | -1.96       |
|    explained_variance   | 0.913       |
|    learning_rate        | 0.0003      |
|    loss                 | 0.0129      |
|    n_updates            | 1730        |
|    policy_gradient_loss | -0.00981    |
|    std                  | 0.646       |
|    value_loss           | 0.444       |
-----------------------------------------
-----------------------------------------
| rollout/                |             |
|    ep_len_mean          | 365         |
|    ep_rew_mean          | 168         |
|    success_rate         | 0.22        |
| time/                   |             |
|    fps                  | 1926        |
|    iterations           | 175         |
|    time_elapsed         | 1116        |
|    total_timesteps      | 2150400     |
| train/                  |             |
|    approx_kl            | 0.017547555 |
|    clip_fraction        | 0.175       |
|    clip_range           | 0.2         |
|    entropy_loss         | -1.96       |
|    explained_variance   | 0.923       |
|    learning_rate        | 0.0003      |
|    loss                 | 0.271       |
|    n_updates            | 1740        |
|    policy_gradient_loss | -0.0121     |
|    std                  | 0.644       |
|    value_loss           | 0.484       |
-----------------------------------------
-----------------------------------------
| rollout/                |             |
|    ep_len_mean          | 371         |
|    ep_rew_mean          | 148         |
|    success_rate         | 0.18        |
| time/                   |             |
|    fps                  | 1926        |
|    iterations           | 176         |
|    time_elapsed         | 1122        |
|    total_timesteps      | 2162688     |
| train/                  |             |
|    approx_kl            | 0.016090931 |
|    clip_fraction        | 0.172       |
|    clip_range           | 0.2         |
|    entropy_loss         | -1.95       |
|    explained_variance   | 0.893       |
|    learning_rate        | 0.0003      |
|    loss                 | 0.0551      |
|    n_updates            | 1750        |
|    policy_gradient_loss | -0.00781    |
|    std                  | 0.64        |
|    value_loss           | 0.355       |
-----------------------------------------
-----------------------------------------
| rollout/                |             |
|    ep_len_mean          | 370         |
|    ep_rew_mean          | 118         |
|    success_rate         | 0.16        |
| time/                   |             |
|    fps                  | 1926        |
|    iterations           | 177         |
|    time_elapsed         | 1128        |
|    total_timesteps      | 2174976     |
| train/                  |             |
|    approx_kl            | 0.017895326 |
|    clip_fraction        | 0.185       |
|    clip_range           | 0.2         |
|    entropy_loss         | -1.95       |
|    explained_variance   | 0.917       |
|    learning_rate        | 0.0003      |
|    loss                 | -0.00582    |
|    n_updates            | 1760        |
|    policy_gradient_loss | -0.0121     |
|    std                  | 0.639       |
|    value_loss           | 0.169       |
-----------------------------------------
----------------------------------------
| rollout/                |            |
|    ep_len_mean          | 377        |
|    ep_rew_mean          | 108        |
|    success_rate         | 0.11       |
| time/                   |            |
|    fps                  | 1926       |
|    iterations           | 178        |
|    time_elapsed         | 1135       |
|    total_timesteps      | 2187264    |
| train/                  |            |
|    approx_kl            | 0.01535299 |
|    clip_fraction        | 0.162      |
|    clip_range           | 0.2        |
|    entropy_loss         | -1.94      |
|    explained_variance   | 0.937      |
|    learning_rate        | 0.0003     |
|    loss                 | -0.00445   |
|    n_updates            | 1770       |
|    policy_gradient_loss | -0.0109    |
|    std                  | 0.638      |
|    value_loss           | 0.235      |
----------------------------------------
-----------------------------------------
| rollout/                |             |
|    ep_len_mean          | 372         |
|    ep_rew_mean          | 110         |
|    success_rate         | 0.14        |
| time/                   |             |
|    fps                  | 1926        |
|    iterations           | 179         |
|    time_elapsed         | 1141        |
|    total_timesteps      | 2199552     |
| train/                  |             |
|    approx_kl            | 0.014964704 |
|    clip_fraction        | 0.16        |
|    clip_range           | 0.2         |
|    entropy_loss         | -1.95       |
|    explained_variance   | 0.925       |
|    learning_rate        | 0.0003      |
|    loss                 | -0.00492    |
|    n_updates            | 1780        |
|    policy_gradient_loss | -0.0105     |
|    std                  | 0.64        |
|    value_loss           | 0.134       |
-----------------------------------------
-----------------------------------------
| rollout/                |             |
|    ep_len_mean          | 375         |
|    ep_rew_mean          | 128         |
|    success_rate         | 0.14        |
| time/                   |             |
|    fps                  | 1926        |
|    iterations           | 180         |
|    time_elapsed         | 1148        |
|    total_timesteps      | 2211840     |
| train/                  |             |
|    approx_kl            | 0.014767822 |
|    clip_fraction        | 0.157       |
|    clip_range           | 0.2         |
|    entropy_loss         | -1.94       |
|    explained_variance   | 0.948       |
|    learning_rate        | 0.0003      |
|    loss                 | 0.0421      |
|    n_updates            | 1790        |
|    policy_gradient_loss | -0.00872    |
|    std                  | 0.641       |
|    value_loss           | 0.272       |
-----------------------------------------
-----------------------------------------
| rollout/                |             |
|    ep_len_mean          | 367         |
|    ep_rew_mean          | 125         |
|    success_rate         | 0.18        |
| time/                   |             |
|    fps                  | 1926        |
|    iterations           | 181         |
|    time_elapsed         | 1154        |
|    total_timesteps      | 2224128     |
| train/                  |             |
|    approx_kl            | 0.017879589 |
|    clip_fraction        | 0.171       |
|    clip_range           | 0.2         |
|    entropy_loss         | -1.94       |
|    explained_variance   | 0.955       |
|    learning_rate        | 0.0003      |
|    loss                 | 0.204       |
|    n_updates            | 1800        |
|    policy_gradient_loss | -0.00804    |
|    std                  | 0.635       |
|    value_loss           | 0.307       |
-----------------------------------------
----------------------------------------
| rollout/                |            |
|    ep_len_mean          | 346        |
|    ep_rew_mean          | 146        |
|    success_rate         | 0.29       |
| time/                   |            |
|    fps                  | 1926       |
|    iterations           | 182        |
|    time_elapsed         | 1160       |
|    total_timesteps      | 2236416    |
| train/                  |            |
|    approx_kl            | 0.01669187 |
|    clip_fraction        | 0.168      |
|    clip_range           | 0.2        |
|    entropy_loss         | -1.93      |
|    explained_variance   | 0.936      |
|    learning_rate        | 0.0003     |
|    loss                 | 0.117      |
|    n_updates            | 1810       |
|    policy_gradient_loss | -0.0105    |
|    std                  | 0.632      |
|    value_loss           | 0.296      |
----------------------------------------
-----------------------------------------
| rollout/                |             |
|    ep_len_mean          | 348         |
|    ep_rew_mean          | 158         |
|    success_rate         | 0.28        |
| time/                   |             |
|    fps                  | 1926        |
|    iterations           | 183         |
|    time_elapsed         | 1167        |
|    total_timesteps      | 2248704     |
| train/                  |             |
|    approx_kl            | 0.014571493 |
|    clip_fraction        | 0.158       |
|    clip_range           | 0.2         |
|    entropy_loss         | -1.93       |
|    explained_variance   | 0.85        |
|    learning_rate        | 0.0003      |
|    loss                 | 0.0525      |
|    n_updates            | 1820        |
|    policy_gradient_loss | -0.00812    |
|    std                  | 0.636       |
|    value_loss           | 0.518       |
-----------------------------------------
-----------------------------------------
| rollout/                |             |
|    ep_len_mean          | 360         |
|    ep_rew_mean          | 160         |
|    success_rate         | 0.22        |
| time/                   |             |
|    fps                  | 1926        |
|    iterations           | 184         |
|    time_elapsed         | 1173        |
|    total_timesteps      | 2260992     |
| train/                  |             |
|    approx_kl            | 0.017021677 |
|    clip_fraction        | 0.174       |
|    clip_range           | 0.2         |
|    entropy_loss         | -1.92       |
|    explained_variance   | 0.911       |
|    learning_rate        | 0.0003      |
|    loss                 | 0.19        |
|    n_updates            | 1830        |
|    policy_gradient_loss | -0.00989    |
|    std                  | 0.63        |
|    value_loss           | 0.254       |
-----------------------------------------
----------------------------------------
| rollout/                |            |
|    ep_len_mean          | 377        |
|    ep_rew_mean          | 152        |
|    success_rate         | 0.13       |
| time/                   |            |
|    fps                  | 1926       |
|    iterations           | 185        |
|    time_elapsed         | 1180       |
|    total_timesteps      | 2273280    |
| train/                  |            |
|    approx_kl            | 0.01750045 |
|    clip_fraction        | 0.178      |
|    clip_range           | 0.2        |
|    entropy_loss         | -1.94      |
|    explained_variance   | 0.949      |
|    learning_rate        | 0.0003     |
|    loss                 | 0.0274     |
|    n_updates            | 1840       |
|    policy_gradient_loss | -0.00991   |
|    std                  | 0.642      |
|    value_loss           | 0.226      |
----------------------------------------
-----------------------------------------
| rollout/                |             |
|    ep_len_mean          | 374         |
|    ep_rew_mean          | 161         |
|    success_rate         | 0.16        |
| time/                   |             |
|    fps                  | 1925        |
|    iterations           | 186         |
|    time_elapsed         | 1186        |
|    total_timesteps      | 2285568     |
| train/                  |             |
|    approx_kl            | 0.018196268 |
|    clip_fraction        | 0.186       |
|    clip_range           | 0.2         |
|    entropy_loss         | -1.96       |
|    explained_variance   | 0.914       |
|    learning_rate        | 0.0003      |
|    loss                 | 0.0858      |
|    n_updates            | 1850        |
|    policy_gradient_loss | -0.0106     |
|    std                  | 0.643       |
|    value_loss           | 0.282       |
-----------------------------------------
-----------------------------------------
| rollout/                |             |
|    ep_len_mean          | 356         |
|    ep_rew_mean          | 188         |
|    success_rate         | 0.28        |
| time/                   |             |
|    fps                  | 1925        |
|    iterations           | 187         |
|    time_elapsed         | 1193        |
|    total_timesteps      | 2297856     |
| train/                  |             |
|    approx_kl            | 0.016470859 |
|    clip_fraction        | 0.184       |
|    clip_range           | 0.2         |
|    entropy_loss         | -1.95       |
|    explained_variance   | 0.916       |
|    learning_rate        | 0.0003      |
|    loss                 | 0.0428      |
|    n_updates            | 1860        |
|    policy_gradient_loss | -0.00794    |
|    std                  | 0.641       |
|    value_loss           | 0.453       |
-----------------------------------------
-----------------------------------------
| rollout/                |             |
|    ep_len_mean          | 350         |
|    ep_rew_mean          | 180         |
|    success_rate         | 0.3         |
| time/                   |             |
|    fps                  | 1925        |
|    iterations           | 188         |
|    time_elapsed         | 1199        |
|    total_timesteps      | 2310144     |
| train/                  |             |
|    approx_kl            | 0.016234979 |
|    clip_fraction        | 0.169       |
|    clip_range           | 0.2         |
|    entropy_loss         | -1.96       |
|    explained_variance   | 0.913       |
|    learning_rate        | 0.0003      |
|    loss                 | 0.384       |
|    n_updates            | 1870        |
|    policy_gradient_loss | -0.0108     |
|    std                  | 0.644       |
|    value_loss           | 0.519       |
-----------------------------------------
-----------------------------------------
| rollout/                |             |
|    ep_len_mean          | 347         |
|    ep_rew_mean          | 175         |
|    success_rate         | 0.32        |
| time/                   |             |
|    fps                  | 1925        |
|    iterations           | 189         |
|    time_elapsed         | 1205        |
|    total_timesteps      | 2322432     |
| train/                  |             |
|    approx_kl            | 0.019108135 |
|    clip_fraction        | 0.187       |
|    clip_range           | 0.2         |
|    entropy_loss         | -1.95       |
|    explained_variance   | 0.947       |
|    learning_rate        | 0.0003      |
|    loss                 | 0.0539      |
|    n_updates            | 1880        |
|    policy_gradient_loss | -0.0113     |
|    std                  | 0.643       |
|    value_loss           | 0.278       |
-----------------------------------------
----------------------------------------
| rollout/                |            |
|    ep_len_mean          | 351        |
|    ep_rew_mean          | 169        |
|    success_rate         | 0.3        |
| time/                   |            |
|    fps                  | 1925       |
|    iterations           | 190        |
|    time_elapsed         | 1212       |
|    total_timesteps      | 2334720    |
| train/                  |            |
|    approx_kl            | 0.01768796 |
|    clip_fraction        | 0.167      |
|    clip_range           | 0.2        |
|    entropy_loss         | -1.96      |
|    explained_variance   | 0.912      |
|    learning_rate        | 0.0003     |
|    loss                 | 0.651      |
|    n_updates            | 1890       |
|    policy_gradient_loss | -0.0109    |
|    std                  | 0.645      |
|    value_loss           | 0.531      |
----------------------------------------
----------------------------------------
| rollout/                |            |
|    ep_len_mean          | 353        |
|    ep_rew_mean          | 188        |
|    success_rate         | 0.33       |
| time/                   |            |
|    fps                  | 1925       |
|    iterations           | 191        |
|    time_elapsed         | 1218       |
|    total_timesteps      | 2347008    |
| train/                  |            |
|    approx_kl            | 0.01827547 |
|    clip_fraction        | 0.176      |
|    clip_range           | 0.2        |
|    entropy_loss         | -1.98      |
|    explained_variance   | 0.929      |
|    learning_rate        | 0.0003     |
|    loss                 | 0.0137     |
|    n_updates            | 1900       |
|    policy_gradient_loss | -0.00917   |
|    std                  | 0.656      |
|    value_loss           | 0.441      |
----------------------------------------
-----------------------------------------
| rollout/                |             |
|    ep_len_mean          | 367         |
|    ep_rew_mean          | 190         |
|    success_rate         | 0.25        |
| time/                   |             |
|    fps                  | 1925        |
|    iterations           | 192         |
|    time_elapsed         | 1225        |
|    total_timesteps      | 2359296     |
| train/                  |             |
|    approx_kl            | 0.016648686 |
|    clip_fraction        | 0.166       |
|    clip_range           | 0.2         |
|    entropy_loss         | -2          |
|    explained_variance   | 0.818       |
|    learning_rate        | 0.0003      |
|    loss                 | 0.0696      |
|    n_updates            | 1910        |
|    policy_gradient_loss | -0.00786    |
|    std                  | 0.66        |
|    value_loss           | 0.378       |
-----------------------------------------
-----------------------------------------
| rollout/                |             |
|    ep_len_mean          | 364         |
|    ep_rew_mean          | 196         |
|    success_rate         | 0.25        |
| time/                   |             |
|    fps                  | 1925        |
|    iterations           | 193         |
|    time_elapsed         | 1231        |
|    total_timesteps      | 2371584     |
| train/                  |             |
|    approx_kl            | 0.017360581 |
|    clip_fraction        | 0.166       |
|    clip_range           | 0.2         |
|    entropy_loss         | -2          |
|    explained_variance   | 0.948       |
|    learning_rate        | 0.0003      |
|    loss                 | 0.379       |
|    n_updates            | 1920        |
|    policy_gradient_loss | -0.0092     |
|    std                  | 0.657       |
|    value_loss           | 0.359       |
-----------------------------------------
-----------------------------------------
| rollout/                |             |
|    ep_len_mean          | 362         |
|    ep_rew_mean          | 209         |
|    success_rate         | 0.27        |
| time/                   |             |
|    fps                  | 1925        |
|    iterations           | 194         |
|    time_elapsed         | 1238        |
|    total_timesteps      | 2383872     |
| train/                  |             |
|    approx_kl            | 0.015440202 |
|    clip_fraction        | 0.166       |
|    clip_range           | 0.2         |
|    entropy_loss         | -2.01       |
|    explained_variance   | 0.686       |
|    learning_rate        | 0.0003      |
|    loss                 | 0.113       |
|    n_updates            | 1930        |
|    policy_gradient_loss | -0.00848    |
|    std                  | 0.661       |
|    value_loss           | 0.431       |
-----------------------------------------
-----------------------------------------
| rollout/                |             |
|    ep_len_mean          | 359         |
|    ep_rew_mean          | 209         |
|    success_rate         | 0.29        |
| time/                   |             |
|    fps                  | 1925        |
|    iterations           | 195         |
|    time_elapsed         | 1244        |
|    total_timesteps      | 2396160     |
| train/                  |             |
|    approx_kl            | 0.018002445 |
|    clip_fraction        | 0.188       |
|    clip_range           | 0.2         |
|    entropy_loss         | -2.01       |
|    explained_variance   | 0.925       |
|    learning_rate        | 0.0003      |
|    loss                 | 0.214       |
|    n_updates            | 1940        |
|    policy_gradient_loss | -0.00968    |
|    std                  | 0.66        |
|    value_loss           | 0.464       |
-----------------------------------------
----------------------------------------
| rollout/                |            |
|    ep_len_mean          | 359        |
|    ep_rew_mean          | 223        |
|    success_rate         | 0.34       |
| time/                   |            |
|    fps                  | 1925       |
|    iterations           | 196        |
|    time_elapsed         | 1250       |
|    total_timesteps      | 2408448    |
| train/                  |            |
|    approx_kl            | 0.02161402 |
|    clip_fraction        | 0.199      |
|    clip_range           | 0.2        |
|    entropy_loss         | -2.01      |
|    explained_variance   | 0.933      |
|    learning_rate        | 0.0003     |
|    loss                 | 0.0524     |
|    n_updates            | 1950       |
|    policy_gradient_loss | -0.0115    |
|    std                  | 0.66       |
|    value_loss           | 0.352      |
----------------------------------------
-----------------------------------------
| rollout/                |             |
|    ep_len_mean          | 359         |
|    ep_rew_mean          | 219         |
|    success_rate         | 0.35        |
| time/                   |             |
|    fps                  | 1925        |
|    iterations           | 197         |
|    time_elapsed         | 1257        |
|    total_timesteps      | 2420736     |
| train/                  |             |
|    approx_kl            | 0.017052723 |
|    clip_fraction        | 0.178       |
|    clip_range           | 0.2         |
|    entropy_loss         | -2.01       |
|    explained_variance   | 0.906       |
|    learning_rate        | 0.0003      |
|    loss                 | 0.125       |
|    n_updates            | 1960        |
|    policy_gradient_loss | -0.00965    |
|    std                  | 0.66        |
|    value_loss           | 0.601       |
-----------------------------------------
---------------------------------------
| rollout/                |           |
|    ep_len_mean          | 342       |
|    ep_rew_mean          | 263       |
|    success_rate         | 0.52      |
| time/                   |           |
|    fps                  | 1925      |
|    iterations           | 198       |
|    time_elapsed         | 1263      |
|    total_timesteps      | 2433024   |
| train/                  |           |
|    approx_kl            | 0.0164504 |
|    clip_fraction        | 0.167     |
|    clip_range           | 0.2       |
|    entropy_loss         | -2.01     |
|    explained_variance   | 0.869     |
|    learning_rate        | 0.0003    |
|    loss                 | 0.232     |
|    n_updates            | 1970      |
|    policy_gradient_loss | -0.00837  |
|    std                  | 0.66      |
|    value_loss           | 0.521     |
---------------------------------------
-----------------------------------------
| rollout/                |             |
|    ep_len_mean          | 341         |
|    ep_rew_mean          | 267         |
|    success_rate         | 0.52        |
| time/                   |             |
|    fps                  | 1925        |
|    iterations           | 199         |
|    time_elapsed         | 1270        |
|    total_timesteps      | 2445312     |
| train/                  |             |
|    approx_kl            | 0.014407252 |
|    clip_fraction        | 0.157       |
|    clip_range           | 0.2         |
|    entropy_loss         | -2.01       |
|    explained_variance   | 0.824       |
|    learning_rate        | 0.0003      |
|    loss                 | 0.25        |
|    n_updates            | 1980        |
|    policy_gradient_loss | -0.00746    |
|    std                  | 0.659       |
|    value_loss           | 0.942       |
-----------------------------------------
-----------------------------------------
| rollout/                |             |
|    ep_len_mean          | 340         |
|    ep_rew_mean          | 294         |
|    success_rate         | 0.55        |
| time/                   |             |
|    fps                  | 1924        |
|    iterations           | 200         |
|    time_elapsed         | 1276        |
|    total_timesteps      | 2457600     |
| train/                  |             |
|    approx_kl            | 0.016642043 |
|    clip_fraction        | 0.178       |
|    clip_range           | 0.2         |
|    entropy_loss         | -2          |
|    explained_variance   | 0.788       |
|    learning_rate        | 0.0003      |
|    loss                 | 0.0911      |
|    n_updates            | 1990        |
|    policy_gradient_loss | -0.00802    |
|    std                  | 0.655       |
|    value_loss           | 0.466       |
-----------------------------------------
-----------------------------------------
| rollout/                |             |
|    ep_len_mean          | 349         |
|    ep_rew_mean          | 296         |
|    success_rate         | 0.51        |
| time/                   |             |
|    fps                  | 1924        |
|    iterations           | 201         |
|    time_elapsed         | 1283        |
|    total_timesteps      | 2469888     |
| train/                  |             |
|    approx_kl            | 0.018138275 |
|    clip_fraction        | 0.188       |
|    clip_range           | 0.2         |
|    entropy_loss         | -1.99       |
|    explained_variance   | 0.897       |
|    learning_rate        | 0.0003      |
|    loss                 | 0.224       |
|    n_updates            | 2000        |
|    policy_gradient_loss | -0.00793    |
|    std                  | 0.654       |
|    value_loss           | 0.515       |
-----------------------------------------
----------------------------------------
| rollout/                |            |
|    ep_len_mean          | 353        |
|    ep_rew_mean          | 289        |
|    success_rate         | 0.5        |
| time/                   |            |
|    fps                  | 1925       |
|    iterations           | 202        |
|    time_elapsed         | 1289       |
|    total_timesteps      | 2482176    |
| train/                  |            |
|    approx_kl            | 0.01782879 |
|    clip_fraction        | 0.176      |
|    clip_range           | 0.2        |
|    entropy_loss         | -1.98      |
|    explained_variance   | 0.901      |
|    learning_rate        | 0.0003     |
|    loss                 | 0.0632     |
|    n_updates            | 2010       |
|    policy_gradient_loss | -0.00865   |
|    std                  | 0.653      |
|    value_loss           | 0.548      |
----------------------------------------
-----------------------------------------
| rollout/                |             |
|    ep_len_mean          | 356         |
|    ep_rew_mean          | 282         |
|    success_rate         | 0.47        |
| time/                   |             |
|    fps                  | 1924        |
|    iterations           | 203         |
|    time_elapsed         | 1295        |
|    total_timesteps      | 2494464     |
| train/                  |             |
|    approx_kl            | 0.017459122 |
|    clip_fraction        | 0.18        |
|    clip_range           | 0.2         |
|    entropy_loss         | -1.97       |
|    explained_variance   | 0.89        |
|    learning_rate        | 0.0003      |
|    loss                 | 0.159       |
|    n_updates            | 2020        |
|    policy_gradient_loss | -0.0101     |
|    std                  | 0.648       |
|    value_loss           | 0.425       |
-----------------------------------------
-----------------------------------------
| rollout/                |             |
|    ep_len_mean          | 350         |
|    ep_rew_mean          | 270         |
|    success_rate         | 0.51        |
| time/                   |             |
|    fps                  | 1924        |
|    iterations           | 204         |
|    time_elapsed         | 1302        |
|    total_timesteps      | 2506752     |
| train/                  |             |
|    approx_kl            | 0.016708238 |
|    clip_fraction        | 0.167       |
|    clip_range           | 0.2         |
|    entropy_loss         | -1.97       |
|    explained_variance   | 0.894       |
|    learning_rate        | 0.0003      |
|    loss                 | 0.11        |
|    n_updates            | 2030        |
|    policy_gradient_loss | -0.00694    |
|    std                  | 0.648       |
|    value_loss           | 0.415       |
-----------------------------------------
-----------------------------------------
| rollout/                |             |
|    ep_len_mean          | 348         |
|    ep_rew_mean          | 273         |
|    success_rate         | 0.55        |
| time/                   |             |
|    fps                  | 1924        |
|    iterations           | 205         |
|    time_elapsed         | 1308        |
|    total_timesteps      | 2519040     |
| train/                  |             |
|    approx_kl            | 0.014922763 |
|    clip_fraction        | 0.157       |
|    clip_range           | 0.2         |
|    entropy_loss         | -1.96       |
|    explained_variance   | 0.925       |
|    learning_rate        | 0.0003      |
|    loss                 | 0.161       |
|    n_updates            | 2040        |
|    policy_gradient_loss | -0.00848    |
|    std                  | 0.645       |
|    value_loss           | 0.622       |
-----------------------------------------
-----------------------------------------
| rollout/                |             |
|    ep_len_mean          | 352         |
|    ep_rew_mean          | 280         |
|    success_rate         | 0.51        |
| time/                   |             |
|    fps                  | 1924        |
|    iterations           | 206         |
|    time_elapsed         | 1315        |
|    total_timesteps      | 2531328     |
| train/                  |             |
|    approx_kl            | 0.019243194 |
|    clip_fraction        | 0.187       |
|    clip_range           | 0.2         |
|    entropy_loss         | -1.95       |
|    explained_variance   | 0.901       |
|    learning_rate        | 0.0003      |
|    loss                 | 0.0351      |
|    n_updates            | 2050        |
|    policy_gradient_loss | -0.0117     |
|    std                  | 0.639       |
|    value_loss           | 0.351       |
-----------------------------------------
-----------------------------------------
| rollout/                |             |
|    ep_len_mean          | 361         |
|    ep_rew_mean          | 293         |
|    success_rate         | 0.45        |
| time/                   |             |
|    fps                  | 1924        |
|    iterations           | 207         |
|    time_elapsed         | 1321        |
|    total_timesteps      | 2543616     |
| train/                  |             |
|    approx_kl            | 0.017168881 |
|    clip_fraction        | 0.176       |
|    clip_range           | 0.2         |
|    entropy_loss         | -1.93       |
|    explained_variance   | 0.815       |
|    learning_rate        | 0.0003      |
|    loss                 | 0.091       |
|    n_updates            | 2060        |
|    policy_gradient_loss | -0.00681    |
|    std                  | 0.635       |
|    value_loss           | 0.367       |
-----------------------------------------
----------------------------------------
| rollout/                |            |
|    ep_len_mean          | 365        |
|    ep_rew_mean          | 304        |
|    success_rate         | 0.37       |
| time/                   |            |
|    fps                  | 1923       |
|    iterations           | 208        |
|    time_elapsed         | 1328       |
|    total_timesteps      | 2555904    |
| train/                  |            |
|    approx_kl            | 0.01625099 |
|    clip_fraction        | 0.175      |
|    clip_range           | 0.2        |
|    entropy_loss         | -1.93      |
|    explained_variance   | 0.822      |
|    learning_rate        | 0.0003     |
|    loss                 | 0.196      |
|    n_updates            | 2070       |
|    policy_gradient_loss | -0.0079    |
|    std                  | 0.637      |
|    value_loss           | 0.362      |
----------------------------------------
-----------------------------------------
| rollout/                |             |
|    ep_len_mean          | 372         |
|    ep_rew_mean          | 289         |
|    success_rate         | 0.3         |
| time/                   |             |
|    fps                  | 1923        |
|    iterations           | 209         |
|    time_elapsed         | 1334        |
|    total_timesteps      | 2568192     |
| train/                  |             |
|    approx_kl            | 0.017062614 |
|    clip_fraction        | 0.179       |
|    clip_range           | 0.2         |
|    entropy_loss         | -1.94       |
|    explained_variance   | 0.844       |
|    learning_rate        | 0.0003      |
|    loss                 | 0.0755      |
|    n_updates            | 2080        |
|    policy_gradient_loss | -0.00815    |
|    std                  | 0.638       |
|    value_loss           | 0.346       |
-----------------------------------------
-----------------------------------------
| rollout/                |             |
|    ep_len_mean          | 376         |
|    ep_rew_mean          | 281         |
|    success_rate         | 0.24        |
| time/                   |             |
|    fps                  | 1923        |
|    iterations           | 210         |
|    time_elapsed         | 1341        |
|    total_timesteps      | 2580480     |
| train/                  |             |
|    approx_kl            | 0.017053975 |
|    clip_fraction        | 0.187       |
|    clip_range           | 0.2         |
|    entropy_loss         | -1.93       |
|    explained_variance   | 0.959       |
|    learning_rate        | 0.0003      |
|    loss                 | 0.0464      |
|    n_updates            | 2090        |
|    policy_gradient_loss | -0.0101     |
|    std                  | 0.634       |
|    value_loss           | 0.238       |
-----------------------------------------
-----------------------------------------
| rollout/                |             |
|    ep_len_mean          | 382         |
|    ep_rew_mean          | 268         |
|    success_rate         | 0.19        |
| time/                   |             |
|    fps                  | 1923        |
|    iterations           | 211         |
|    time_elapsed         | 1347        |
|    total_timesteps      | 2592768     |
| train/                  |             |
|    approx_kl            | 0.017351113 |
|    clip_fraction        | 0.176       |
|    clip_range           | 0.2         |
|    entropy_loss         | -1.93       |
|    explained_variance   | 0.908       |
|    learning_rate        | 0.0003      |
|    loss                 | 0.0279      |
|    n_updates            | 2100        |
|    policy_gradient_loss | -0.0101     |
|    std                  | 0.637       |
|    value_loss           | 0.244       |
-----------------------------------------
-----------------------------------------
| rollout/                |             |
|    ep_len_mean          | 375         |
|    ep_rew_mean          | 269         |
|    success_rate         | 0.23        |
| time/                   |             |
|    fps                  | 1923        |
|    iterations           | 212         |
|    time_elapsed         | 1354        |
|    total_timesteps      | 2605056     |
| train/                  |             |
|    approx_kl            | 0.018457938 |
|    clip_fraction        | 0.173       |
|    clip_range           | 0.2         |
|    entropy_loss         | -1.94       |
|    explained_variance   | 0.94        |
|    learning_rate        | 0.0003      |
|    loss                 | -0.00345    |
|    n_updates            | 2110        |
|    policy_gradient_loss | -0.01       |
|    std                  | 0.639       |
|    value_loss           | 0.226       |
-----------------------------------------
-----------------------------------------
| rollout/                |             |
|    ep_len_mean          | 367         |
|    ep_rew_mean          | 273         |
|    success_rate         | 0.25        |
| time/                   |             |
|    fps                  | 1923        |
|    iterations           | 213         |
|    time_elapsed         | 1360        |
|    total_timesteps      | 2617344     |
| train/                  |             |
|    approx_kl            | 0.017182954 |
|    clip_fraction        | 0.16        |
|    clip_range           | 0.2         |
|    entropy_loss         | -1.94       |
|    explained_variance   | 0.929       |
|    learning_rate        | 0.0003      |
|    loss                 | 0.039       |
|    n_updates            | 2120        |
|    policy_gradient_loss | -0.00949    |
|    std                  | 0.638       |
|    value_loss           | 0.467       |
-----------------------------------------
----------------------------------------
| rollout/                |            |
|    ep_len_mean          | 365        |
|    ep_rew_mean          | 282        |
|    success_rate         | 0.27       |
| time/                   |            |
|    fps                  | 1923       |
|    iterations           | 214        |
|    time_elapsed         | 1367       |
|    total_timesteps      | 2629632    |
| train/                  |            |
|    approx_kl            | 0.01616096 |
|    clip_fraction        | 0.179      |
|    clip_range           | 0.2        |
|    entropy_loss         | -1.94      |
|    explained_variance   | 0.859      |
|    learning_rate        | 0.0003     |
|    loss                 | 0.259      |
|    n_updates            | 2130       |
|    policy_gradient_loss | -0.0102    |
|    std                  | 0.64       |
|    value_loss           | 0.353      |
----------------------------------------
-----------------------------------------
| rollout/                |             |
|    ep_len_mean          | 361         |
|    ep_rew_mean          | 293         |
|    success_rate         | 0.28        |
| time/                   |             |
|    fps                  | 1923        |
|    iterations           | 215         |
|    time_elapsed         | 1373        |
|    total_timesteps      | 2641920     |
| train/                  |             |
|    approx_kl            | 0.017984813 |
|    clip_fraction        | 0.186       |
|    clip_range           | 0.2         |
|    entropy_loss         | -1.93       |
|    explained_variance   | 0.939       |
|    learning_rate        | 0.0003      |
|    loss                 | -0.001      |
|    n_updates            | 2140        |
|    policy_gradient_loss | -0.0105     |
|    std                  | 0.631       |
|    value_loss           | 0.237       |
-----------------------------------------
-----------------------------------------
| rollout/                |             |
|    ep_len_mean          | 358         |
|    ep_rew_mean          | 292         |
|    success_rate         | 0.3         |
| time/                   |             |
|    fps                  | 1923        |
|    iterations           | 216         |
|    time_elapsed         | 1379        |
|    total_timesteps      | 2654208     |
| train/                  |             |
|    approx_kl            | 0.014490497 |
|    clip_fraction        | 0.163       |
|    clip_range           | 0.2         |
|    entropy_loss         | -1.9        |
|    explained_variance   | 0.869       |
|    learning_rate        | 0.0003      |
|    loss                 | 0.0627      |
|    n_updates            | 2150        |
|    policy_gradient_loss | -0.00534    |
|    std                  | 0.625       |
|    value_loss           | 0.438       |
-----------------------------------------
-----------------------------------------
| rollout/                |             |
|    ep_len_mean          | 359         |
|    ep_rew_mean          | 285         |
|    success_rate         | 0.3         |
| time/                   |             |
|    fps                  | 1923        |
|    iterations           | 217         |
|    time_elapsed         | 1386        |
|    total_timesteps      | 2666496     |
| train/                  |             |
|    approx_kl            | 0.016752666 |
|    clip_fraction        | 0.174       |
|    clip_range           | 0.2         |
|    entropy_loss         | -1.9        |
|    explained_variance   | 0.892       |
|    learning_rate        | 0.0003      |
|    loss                 | 0.219       |
|    n_updates            | 2160        |
|    policy_gradient_loss | -0.008      |
|    std                  | 0.626       |
|    value_loss           | 0.34        |
-----------------------------------------
-----------------------------------------
| rollout/                |             |
|    ep_len_mean          | 361         |
|    ep_rew_mean          | 277         |
|    success_rate         | 0.29        |
| time/                   |             |
|    fps                  | 1923        |
|    iterations           | 218         |
|    time_elapsed         | 1392        |
|    total_timesteps      | 2678784     |
| train/                  |             |
|    approx_kl            | 0.019410094 |
|    clip_fraction        | 0.187       |
|    clip_range           | 0.2         |
|    entropy_loss         | -1.88       |
|    explained_variance   | 0.955       |
|    learning_rate        | 0.0003      |
|    loss                 | 0.0253      |
|    n_updates            | 2170        |
|    policy_gradient_loss | -0.0115     |
|    std                  | 0.619       |
|    value_loss           | 0.185       |
-----------------------------------------
-----------------------------------------
| rollout/                |             |
|    ep_len_mean          | 375         |
|    ep_rew_mean          | 260         |
|    success_rate         | 0.2         |
| time/                   |             |
|    fps                  | 1923        |
|    iterations           | 219         |
|    time_elapsed         | 1398        |
|    total_timesteps      | 2691072     |
| train/                  |             |
|    approx_kl            | 0.020513313 |
|    clip_fraction        | 0.182       |
|    clip_range           | 0.2         |
|    entropy_loss         | -1.88       |
|    explained_variance   | 0.923       |
|    learning_rate        | 0.0003      |
|    loss                 | 0.0902      |
|    n_updates            | 2180        |
|    policy_gradient_loss | -0.0109     |
|    std                  | 0.619       |
|    value_loss           | 0.339       |
-----------------------------------------
-----------------------------------------
| rollout/                |             |
|    ep_len_mean          | 376         |
|    ep_rew_mean          | 270         |
|    success_rate         | 0.19        |
| time/                   |             |
|    fps                  | 1923        |
|    iterations           | 220         |
|    time_elapsed         | 1405        |
|    total_timesteps      | 2703360     |
| train/                  |             |
|    approx_kl            | 0.018938124 |
|    clip_fraction        | 0.178       |
|    clip_range           | 0.2         |
|    entropy_loss         | -1.88       |
|    explained_variance   | 0.952       |
|    learning_rate        | 0.0003      |
|    loss                 | 0.0614      |
|    n_updates            | 2190        |
|    policy_gradient_loss | -0.0126     |
|    std                  | 0.619       |
|    value_loss           | 0.195       |
-----------------------------------------
---------------------------------------
| rollout/                |           |
|    ep_len_mean          | 381       |
|    ep_rew_mean          | 255       |
|    success_rate         | 0.16      |
| time/                   |           |
|    fps                  | 1923      |
|    iterations           | 221       |
|    time_elapsed         | 1411      |
|    total_timesteps      | 2715648   |
| train/                  |           |
|    approx_kl            | 0.0188178 |
|    clip_fraction        | 0.18      |
|    clip_range           | 0.2       |
|    entropy_loss         | -1.87     |
|    explained_variance   | 0.949     |
|    learning_rate        | 0.0003    |
|    loss                 | 0.0186    |
|    n_updates            | 2200      |
|    policy_gradient_loss | -0.0115   |
|    std                  | 0.614     |
|    value_loss           | 0.182     |
---------------------------------------
-----------------------------------------
| rollout/                |             |
|    ep_len_mean          | 381         |
|    ep_rew_mean          | 253         |
|    success_rate         | 0.16        |
| time/                   |             |
|    fps                  | 1923        |
|    iterations           | 222         |
|    time_elapsed         | 1418        |
|    total_timesteps      | 2727936     |
| train/                  |             |
|    approx_kl            | 0.017624559 |
|    clip_fraction        | 0.168       |
|    clip_range           | 0.2         |
|    entropy_loss         | -1.86       |
|    explained_variance   | 0.956       |
|    learning_rate        | 0.0003      |
|    loss                 | 0.067       |
|    n_updates            | 2210        |
|    policy_gradient_loss | -0.0116     |
|    std                  | 0.613       |
|    value_loss           | 0.284       |
-----------------------------------------
-----------------------------------------
| rollout/                |             |
|    ep_len_mean          | 379         |
|    ep_rew_mean          | 244         |
|    success_rate         | 0.18        |
| time/                   |             |
|    fps                  | 1923        |
|    iterations           | 223         |
|    time_elapsed         | 1424        |
|    total_timesteps      | 2740224     |
| train/                  |             |
|    approx_kl            | 0.019466572 |
|    clip_fraction        | 0.18        |
|    clip_range           | 0.2         |
|    entropy_loss         | -1.87       |
|    explained_variance   | 0.945       |
|    learning_rate        | 0.0003      |
|    loss                 | 0.0967      |
|    n_updates            | 2220        |
|    policy_gradient_loss | -0.015      |
|    std                  | 0.617       |
|    value_loss           | 0.2         |
-----------------------------------------
-----------------------------------------
| rollout/                |             |
|    ep_len_mean          | 378         |
|    ep_rew_mean          | 243         |
|    success_rate         | 0.17        |
| time/                   |             |
|    fps                  | 1923        |
|    iterations           | 224         |
|    time_elapsed         | 1431        |
|    total_timesteps      | 2752512     |
| train/                  |             |
|    approx_kl            | 0.016533338 |
|    clip_fraction        | 0.18        |
|    clip_range           | 0.2         |
|    entropy_loss         | -1.86       |
|    explained_variance   | 0.96        |
|    learning_rate        | 0.0003      |
|    loss                 | 0.027       |
|    n_updates            | 2230        |
|    policy_gradient_loss | -0.0112     |
|    std                  | 0.612       |
|    value_loss           | 0.228       |
-----------------------------------------
-----------------------------------------
| rollout/                |             |
|    ep_len_mean          | 381         |
|    ep_rew_mean          | 243         |
|    success_rate         | 0.16        |
| time/                   |             |
|    fps                  | 1923        |
|    iterations           | 225         |
|    time_elapsed         | 1437        |
|    total_timesteps      | 2764800     |
| train/                  |             |
|    approx_kl            | 0.018234113 |
|    clip_fraction        | 0.183       |
|    clip_range           | 0.2         |
|    entropy_loss         | -1.85       |
|    explained_variance   | 0.92        |
|    learning_rate        | 0.0003      |
|    loss                 | 0.0137      |
|    n_updates            | 2240        |
|    policy_gradient_loss | -0.0103     |
|    std                  | 0.608       |
|    value_loss           | 0.176       |
-----------------------------------------
----------------------------------------
| rollout/                |            |
|    ep_len_mean          | 383        |
|    ep_rew_mean          | 253        |
|    success_rate         | 0.14       |
| time/                   |            |
|    fps                  | 1923       |
|    iterations           | 226        |
|    time_elapsed         | 1443       |
|    total_timesteps      | 2777088    |
| train/                  |            |
|    approx_kl            | 0.01984456 |
|    clip_fraction        | 0.192      |
|    clip_range           | 0.2        |
|    entropy_loss         | -1.84      |
|    explained_variance   | 0.954      |
|    learning_rate        | 0.0003     |
|    loss                 | 0.0263     |
|    n_updates            | 2250       |
|    policy_gradient_loss | -0.0128    |
|    std                  | 0.604      |
|    value_loss           | 0.177      |
----------------------------------------
-----------------------------------------
| rollout/                |             |
|    ep_len_mean          | 383         |
|    ep_rew_mean          | 261         |
|    success_rate         | 0.15        |
| time/                   |             |
|    fps                  | 1923        |
|    iterations           | 227         |
|    time_elapsed         | 1450        |
|    total_timesteps      | 2789376     |
| train/                  |             |
|    approx_kl            | 0.019241346 |
|    clip_fraction        | 0.19        |
|    clip_range           | 0.2         |
|    entropy_loss         | -1.81       |
|    explained_variance   | 0.946       |
|    learning_rate        | 0.0003      |
|    loss                 | 0.0407      |
|    n_updates            | 2260        |
|    policy_gradient_loss | -0.0113     |
|    std                  | 0.6         |
|    value_loss           | 0.14        |
-----------------------------------------
-----------------------------------------
| rollout/                |             |
|    ep_len_mean          | 383         |
|    ep_rew_mean          | 292         |
|    success_rate         | 0.19        |
| time/                   |             |
|    fps                  | 1923        |
|    iterations           | 228         |
|    time_elapsed         | 1456        |
|    total_timesteps      | 2801664     |
| train/                  |             |
|    approx_kl            | 0.017267741 |
|    clip_fraction        | 0.174       |
|    clip_range           | 0.2         |
|    entropy_loss         | -1.82       |
|    explained_variance   | 0.932       |
|    learning_rate        | 0.0003      |
|    loss                 | 0.0573      |
|    n_updates            | 2270        |
|    policy_gradient_loss | -0.0121     |
|    std                  | 0.602       |
|    value_loss           | 0.274       |
-----------------------------------------
-----------------------------------------
| rollout/                |             |
|    ep_len_mean          | 370         |
|    ep_rew_mean          | 321         |
|    success_rate         | 0.33        |
| time/                   |             |
|    fps                  | 1923        |
|    iterations           | 229         |
|    time_elapsed         | 1463        |
|    total_timesteps      | 2813952     |
| train/                  |             |
|    approx_kl            | 0.021087483 |
|    clip_fraction        | 0.186       |
|    clip_range           | 0.2         |
|    entropy_loss         | -1.82       |
|    explained_variance   | 0.953       |
|    learning_rate        | 0.0003      |
|    loss                 | 0.0288      |
|    n_updates            | 2280        |
|    policy_gradient_loss | -0.0117     |
|    std                  | 0.6         |
|    value_loss           | 0.264       |
-----------------------------------------
---------------------------------------
| rollout/                |           |
|    ep_len_mean          | 376       |
|    ep_rew_mean          | 319       |
|    success_rate         | 0.29      |
| time/                   |           |
|    fps                  | 1923      |
|    iterations           | 230       |
|    time_elapsed         | 1469      |
|    total_timesteps      | 2826240   |
| train/                  |           |
|    approx_kl            | 0.0174884 |
|    clip_fraction        | 0.178     |
|    clip_range           | 0.2       |
|    entropy_loss         | -1.83     |
|    explained_variance   | 0.889     |
|    learning_rate        | 0.0003    |
|    loss                 | 0.169     |
|    n_updates            | 2290      |
|    policy_gradient_loss | -0.00788  |
|    std                  | 0.606     |
|    value_loss           | 0.452     |
---------------------------------------
-----------------------------------------
| rollout/                |             |
|    ep_len_mean          | 369         |
|    ep_rew_mean          | 327         |
|    success_rate         | 0.32        |
| time/                   |             |
|    fps                  | 1923        |
|    iterations           | 231         |
|    time_elapsed         | 1476        |
|    total_timesteps      | 2838528     |
| train/                  |             |
|    approx_kl            | 0.020775842 |
|    clip_fraction        | 0.186       |
|    clip_range           | 0.2         |
|    entropy_loss         | -1.82       |
|    explained_variance   | 0.94        |
|    learning_rate        | 0.0003      |
|    loss                 | 0.069       |
|    n_updates            | 2300        |
|    policy_gradient_loss | -0.0126     |
|    std                  | 0.6         |
|    value_loss           | 0.174       |
-----------------------------------------
-----------------------------------------
| rollout/                |             |
|    ep_len_mean          | 379         |
|    ep_rew_mean          | 293         |
|    success_rate         | 0.21        |
| time/                   |             |
|    fps                  | 1922        |
|    iterations           | 232         |
|    time_elapsed         | 1482        |
|    total_timesteps      | 2850816     |
| train/                  |             |
|    approx_kl            | 0.018420195 |
|    clip_fraction        | 0.173       |
|    clip_range           | 0.2         |
|    entropy_loss         | -1.83       |
|    explained_variance   | 0.919       |
|    learning_rate        | 0.0003      |
|    loss                 | 0.0651      |
|    n_updates            | 2310        |
|    policy_gradient_loss | -0.00919    |
|    std                  | 0.605       |
|    value_loss           | 0.299       |
-----------------------------------------
-----------------------------------------
| rollout/                |             |
|    ep_len_mean          | 378         |
|    ep_rew_mean          | 286         |
|    success_rate         | 0.2         |
| time/                   |             |
|    fps                  | 1922        |
|    iterations           | 233         |
|    time_elapsed         | 1489        |
|    total_timesteps      | 2863104     |
| train/                  |             |
|    approx_kl            | 0.019103197 |
|    clip_fraction        | 0.188       |
|    clip_range           | 0.2         |
|    entropy_loss         | -1.81       |
|    explained_variance   | 0.926       |
|    learning_rate        | 0.0003      |
|    loss                 | 0.0192      |
|    n_updates            | 2320        |
|    policy_gradient_loss | -0.0133     |
|    std                  | 0.596       |
|    value_loss           | 0.152       |
-----------------------------------------
-----------------------------------------
| rollout/                |             |
|    ep_len_mean          | 383         |
|    ep_rew_mean          | 285         |
|    success_rate         | 0.15        |
| time/                   |             |
|    fps                  | 1922        |
|    iterations           | 234         |
|    time_elapsed         | 1495        |
|    total_timesteps      | 2875392     |
| train/                  |             |
|    approx_kl            | 0.020390127 |
|    clip_fraction        | 0.188       |
|    clip_range           | 0.2         |
|    entropy_loss         | -1.78       |
|    explained_variance   | 0.913       |
|    learning_rate        | 0.0003      |
|    loss                 | 0.036       |
|    n_updates            | 2330        |
|    policy_gradient_loss | -0.0105     |
|    std                  | 0.585       |
|    value_loss           | 0.149       |
-----------------------------------------
-----------------------------------------
| rollout/                |             |
|    ep_len_mean          | 387         |
|    ep_rew_mean          | 285         |
|    success_rate         | 0.12        |
| time/                   |             |
|    fps                  | 1922        |
|    iterations           | 235         |
|    time_elapsed         | 1501        |
|    total_timesteps      | 2887680     |
| train/                  |             |
|    approx_kl            | 0.019952672 |
|    clip_fraction        | 0.187       |
|    clip_range           | 0.2         |
|    entropy_loss         | -1.76       |
|    explained_variance   | 0.916       |
|    learning_rate        | 0.0003      |
|    loss                 | 0.0332      |
|    n_updates            | 2340        |
|    policy_gradient_loss | -0.0104     |
|    std                  | 0.582       |
|    value_loss           | 0.166       |
-----------------------------------------
----------------------------------------
| rollout/                |            |
|    ep_len_mean          | 387        |
|    ep_rew_mean          | 289        |
|    success_rate         | 0.14       |
| time/                   |            |
|    fps                  | 1922       |
|    iterations           | 236        |
|    time_elapsed         | 1508       |
|    total_timesteps      | 2899968    |
| train/                  |            |
|    approx_kl            | 0.02023088 |
|    clip_fraction        | 0.198      |
|    clip_range           | 0.2        |
|    entropy_loss         | -1.78      |
|    explained_variance   | 0.909      |
|    learning_rate        | 0.0003     |
|    loss                 | 0.0308     |
|    n_updates            | 2350       |
|    policy_gradient_loss | -0.0118    |
|    std                  | 0.589      |
|    value_loss           | 0.162      |
----------------------------------------
-----------------------------------------
| rollout/                |             |
|    ep_len_mean          | 388         |
|    ep_rew_mean          | 268         |
|    success_rate         | 0.12        |
| time/                   |             |
|    fps                  | 1922        |
|    iterations           | 237         |
|    time_elapsed         | 1514        |
|    total_timesteps      | 2912256     |
| train/                  |             |
|    approx_kl            | 0.018168233 |
|    clip_fraction        | 0.188       |
|    clip_range           | 0.2         |
|    entropy_loss         | -1.75       |
|    explained_variance   | 0.876       |
|    learning_rate        | 0.0003      |
|    loss                 | 0.0469      |
|    n_updates            | 2360        |
|    policy_gradient_loss | -0.00904    |
|    std                  | 0.577       |
|    value_loss           | 0.177       |
-----------------------------------------
-----------------------------------------
| rollout/                |             |
|    ep_len_mean          | 386         |
|    ep_rew_mean          | 249         |
|    success_rate         | 0.12        |
| time/                   |             |
|    fps                  | 1922        |
|    iterations           | 238         |
|    time_elapsed         | 1521        |
|    total_timesteps      | 2924544     |
| train/                  |             |
|    approx_kl            | 0.018111095 |
|    clip_fraction        | 0.187       |
|    clip_range           | 0.2         |
|    entropy_loss         | -1.73       |
|    explained_variance   | 0.949       |
|    learning_rate        | 0.0003      |
|    loss                 | 0.0144      |
|    n_updates            | 2370        |
|    policy_gradient_loss | -0.0109     |
|    std                  | 0.574       |
|    value_loss           | 0.13        |
-----------------------------------------
-----------------------------------------
| rollout/                |             |
|    ep_len_mean          | 390         |
|    ep_rew_mean          | 236         |
|    success_rate         | 0.07        |
| time/                   |             |
|    fps                  | 1922        |
|    iterations           | 239         |
|    time_elapsed         | 1527        |
|    total_timesteps      | 2936832     |
| train/                  |             |
|    approx_kl            | 0.020379994 |
|    clip_fraction        | 0.185       |
|    clip_range           | 0.2         |
|    entropy_loss         | -1.73       |
|    explained_variance   | 0.931       |
|    learning_rate        | 0.0003      |
|    loss                 | -0.0089     |
|    n_updates            | 2380        |
|    policy_gradient_loss | -0.0123     |
|    std                  | 0.573       |
|    value_loss           | 0.162       |
-----------------------------------------
-----------------------------------------
| rollout/                |             |
|    ep_len_mean          | 387         |
|    ep_rew_mean          | 259         |
|    success_rate         | 0.11        |
| time/                   |             |
|    fps                  | 1922        |
|    iterations           | 240         |
|    time_elapsed         | 1533        |
|    total_timesteps      | 2949120     |
| train/                  |             |
|    approx_kl            | 0.018853666 |
|    clip_fraction        | 0.189       |
|    clip_range           | 0.2         |
|    entropy_loss         | -1.71       |
|    explained_variance   | 0.961       |
|    learning_rate        | 0.0003      |
|    loss                 | 0.00513     |
|    n_updates            | 2390        |
|    policy_gradient_loss | -0.0123     |
|    std                  | 0.565       |
|    value_loss           | 0.0892      |
-----------------------------------------
-----------------------------------------
| rollout/                |             |
|    ep_len_mean          | 378         |
|    ep_rew_mean          | 299         |
|    success_rate         | 0.2         |
| time/                   |             |
|    fps                  | 1922        |
|    iterations           | 241         |
|    time_elapsed         | 1540        |
|    total_timesteps      | 2961408     |
| train/                  |             |
|    approx_kl            | 0.020506226 |
|    clip_fraction        | 0.194       |
|    clip_range           | 0.2         |
|    entropy_loss         | -1.68       |
|    explained_variance   | 0.943       |
|    learning_rate        | 0.0003      |
|    loss                 | 0.0444      |
|    n_updates            | 2400        |
|    policy_gradient_loss | -0.0133     |
|    std                  | 0.559       |
|    value_loss           | 0.208       |
-----------------------------------------
-----------------------------------------
| rollout/                |             |
|    ep_len_mean          | 369         |
|    ep_rew_mean          | 341         |
|    success_rate         | 0.28        |
| time/                   |             |
|    fps                  | 1922        |
|    iterations           | 242         |
|    time_elapsed         | 1546        |
|    total_timesteps      | 2973696     |
| train/                  |             |
|    approx_kl            | 0.018370705 |
|    clip_fraction        | 0.198       |
|    clip_range           | 0.2         |
|    entropy_loss         | -1.68       |
|    explained_variance   | 0.9         |
|    learning_rate        | 0.0003      |
|    loss                 | 0.0767      |
|    n_updates            | 2410        |
|    policy_gradient_loss | -0.00751    |
|    std                  | 0.561       |
|    value_loss           | 0.292       |
-----------------------------------------
----------------------------------------
| rollout/                |            |
|    ep_len_mean          | 370        |
|    ep_rew_mean          | 349        |
|    success_rate         | 0.26       |
| time/                   |            |
|    fps                  | 1922       |
|    iterations           | 243        |
|    time_elapsed         | 1552       |
|    total_timesteps      | 2985984    |
| train/                  |            |
|    approx_kl            | 0.02030539 |
|    clip_fraction        | 0.201      |
|    clip_range           | 0.2        |
|    entropy_loss         | -1.68      |
|    explained_variance   | 0.942      |
|    learning_rate        | 0.0003     |
|    loss                 | 0.0331     |
|    n_updates            | 2420       |
|    policy_gradient_loss | -0.0111    |
|    std                  | 0.558      |
|    value_loss           | 0.171      |
----------------------------------------
-----------------------------------------
| rollout/                |             |
|    ep_len_mean          | 381         |
|    ep_rew_mean          | 349         |
|    success_rate         | 0.17        |
| time/                   |             |
|    fps                  | 1923        |
|    iterations           | 244         |
|    time_elapsed         | 1558        |
|    total_timesteps      | 2998272     |
| train/                  |             |
|    approx_kl            | 0.022358192 |
|    clip_fraction        | 0.205       |
|    clip_range           | 0.2         |
|    entropy_loss         | -1.67       |
|    explained_variance   | 0.947       |
|    learning_rate        | 0.0003      |
|    loss                 | 0.115       |
|    n_updates            | 2430        |
|    policy_gradient_loss | -0.0121     |
|    std                  | 0.557       |
|    value_loss           | 0.134       |
-----------------------------------------
-----------------------------------------
| rollout/                |             |
|    ep_len_mean          | 387         |
|    ep_rew_mean          | 342         |
|    success_rate         | 0.11        |
| time/                   |             |
|    fps                  | 1924        |
|    iterations           | 245         |
|    time_elapsed         | 1564        |
|    total_timesteps      | 3010560     |
| train/                  |             |
|    approx_kl            | 0.018790253 |
|    clip_fraction        | 0.193       |
|    clip_range           | 0.2         |
|    entropy_loss         | -1.67       |
|    explained_variance   | 0.957       |
|    learning_rate        | 0.0003      |
|    loss                 | -0.00561    |
|    n_updates            | 2440        |
|    policy_gradient_loss | -0.00873    |
|    std                  | 0.556       |
|    value_loss           | 0.101       |
-----------------------------------------
Training duration: 26.1 min (1566 sec)
Training finished. Model saved to: runs\env_007\close_speed_test\C1_closing_speed\seed2_3M\model.zip
Monitor logs: runs\env_007\close_speed_test\C1_closing_speed\seed2_3M\monitor
External eval mean reward: 8.833
LLM feedback file: runs\env_007\close_speed_test\C1_closing_speed\seed2_3M\training_feedback.md
