Using cpu device
---------------------------------
| rollout/           |          |
|    ep_len_mean     | 400      |
|    ep_rew_mean     | -0.768   |
|    success_rate    | 0        |
| time/              |          |
|    fps             | 4220     |
|    iterations      | 1        |
|    time_elapsed    | 2        |
|    total_timesteps | 12288    |
---------------------------------
------------------------------------------
| rollout/                |              |
|    ep_len_mean          | 400          |
|    ep_rew_mean          | 0.00397      |
|    success_rate         | 0            |
| time/                   |              |
|    fps                  | 3129         |
|    iterations           | 2            |
|    time_elapsed         | 7            |
|    total_timesteps      | 24576        |
| train/                  |              |
|    approx_kl            | 0.0118458895 |
|    clip_fraction        | 0.162        |
|    clip_range           | 0.2          |
|    entropy_loss         | -2.84        |
|    explained_variance   | 0.308        |
|    learning_rate        | 0.0003       |
|    loss                 | -0.0116      |
|    n_updates            | 10           |
|    policy_gradient_loss | -0.0139      |
|    std                  | 1            |
|    value_loss           | 0.156        |
------------------------------------------
-----------------------------------------
| rollout/                |             |
|    ep_len_mean          | 400         |
|    ep_rew_mean          | 0.377       |
|    success_rate         | 0           |
| time/                   |             |
|    fps                  | 2877        |
|    iterations           | 3           |
|    time_elapsed         | 12          |
|    total_timesteps      | 36864       |
| train/                  |             |
|    approx_kl            | 0.010774375 |
|    clip_fraction        | 0.139       |
|    clip_range           | 0.2         |
|    entropy_loss         | -2.84       |
|    explained_variance   | 0.466       |
|    learning_rate        | 0.0003      |
|    loss                 | -0.0211     |
|    n_updates            | 20          |
|    policy_gradient_loss | -0.0157     |
|    std                  | 1           |
|    value_loss           | 0.0304      |
-----------------------------------------
-----------------------------------------
| rollout/                |             |
|    ep_len_mean          | 400         |
|    ep_rew_mean          | 0.864       |
|    success_rate         | 0           |
| time/                   |             |
|    fps                  | 2765        |
|    iterations           | 4           |
|    time_elapsed         | 17          |
|    total_timesteps      | 49152       |
| train/                  |             |
|    approx_kl            | 0.011242005 |
|    clip_fraction        | 0.137       |
|    clip_range           | 0.2         |
|    entropy_loss         | -2.81       |
|    explained_variance   | 0.563       |
|    learning_rate        | 0.0003      |
|    loss                 | -0.0183     |
|    n_updates            | 30          |
|    policy_gradient_loss | -0.014      |
|    std                  | 0.984       |
|    value_loss           | 0.0158      |
-----------------------------------------
-----------------------------------------
| rollout/                |             |
|    ep_len_mean          | 400         |
|    ep_rew_mean          | 1.09        |
|    success_rate         | 0           |
| time/                   |             |
|    fps                  | 2695        |
|    iterations           | 5           |
|    time_elapsed         | 22          |
|    total_timesteps      | 61440       |
| train/                  |             |
|    approx_kl            | 0.010604943 |
|    clip_fraction        | 0.138       |
|    clip_range           | 0.2         |
|    entropy_loss         | -2.78       |
|    explained_variance   | 0.622       |
|    learning_rate        | 0.0003      |
|    loss                 | -0.0142     |
|    n_updates            | 40          |
|    policy_gradient_loss | -0.0127     |
|    std                  | 0.965       |
|    value_loss           | 0.0123      |
-----------------------------------------
-----------------------------------------
| rollout/                |             |
|    ep_len_mean          | 400         |
|    ep_rew_mean          | 1.21        |
|    success_rate         | 0           |
| time/                   |             |
|    fps                  | 2648        |
|    iterations           | 6           |
|    time_elapsed         | 27          |
|    total_timesteps      | 73728       |
| train/                  |             |
|    approx_kl            | 0.010163623 |
|    clip_fraction        | 0.126       |
|    clip_range           | 0.2         |
|    entropy_loss         | -2.76       |
|    explained_variance   | 0.826       |
|    learning_rate        | 0.0003      |
|    loss                 | -0.0205     |
|    n_updates            | 50          |
|    policy_gradient_loss | -0.011      |
|    std                  | 0.959       |
|    value_loss           | 0.00734     |
-----------------------------------------
-----------------------------------------
| rollout/                |             |
|    ep_len_mean          | 400         |
|    ep_rew_mean          | 1.41        |
|    success_rate         | 0           |
| time/                   |             |
|    fps                  | 2615        |
|    iterations           | 7           |
|    time_elapsed         | 32          |
|    total_timesteps      | 86016       |
| train/                  |             |
|    approx_kl            | 0.008274077 |
|    clip_fraction        | 0.0986      |
|    clip_range           | 0.2         |
|    entropy_loss         | -2.75       |
|    explained_variance   | 0.903       |
|    learning_rate        | 0.0003      |
|    loss                 | -0.025      |
|    n_updates            | 60          |
|    policy_gradient_loss | -0.00868    |
|    std                  | 0.955       |
|    value_loss           | 0.0059      |
-----------------------------------------
-----------------------------------------
| rollout/                |             |
|    ep_len_mean          | 400         |
|    ep_rew_mean          | 1.59        |
|    success_rate         | 0           |
| time/                   |             |
|    fps                  | 2586        |
|    iterations           | 8           |
|    time_elapsed         | 38          |
|    total_timesteps      | 98304       |
| train/                  |             |
|    approx_kl            | 0.007580967 |
|    clip_fraction        | 0.0893      |
|    clip_range           | 0.2         |
|    entropy_loss         | -2.74       |
|    explained_variance   | 0.948       |
|    learning_rate        | 0.0003      |
|    loss                 | -0.0349     |
|    n_updates            | 70          |
|    policy_gradient_loss | -0.00769    |
|    std                  | 0.953       |
|    value_loss           | 0.00582     |
-----------------------------------------
-----------------------------------------
| rollout/                |             |
|    ep_len_mean          | 400         |
|    ep_rew_mean          | 1.86        |
|    success_rate         | 0           |
| time/                   |             |
|    fps                  | 2573        |
|    iterations           | 9           |
|    time_elapsed         | 42          |
|    total_timesteps      | 110592      |
| train/                  |             |
|    approx_kl            | 0.008297005 |
|    clip_fraction        | 0.0878      |
|    clip_range           | 0.2         |
|    entropy_loss         | -2.73       |
|    explained_variance   | 0.959       |
|    learning_rate        | 0.0003      |
|    loss                 | -0.0153     |
|    n_updates            | 80          |
|    policy_gradient_loss | -0.00973    |
|    std                  | 0.942       |
|    value_loss           | 0.00533     |
-----------------------------------------
-----------------------------------------
| rollout/                |             |
|    ep_len_mean          | 400         |
|    ep_rew_mean          | 1.99        |
|    success_rate         | 0           |
| time/                   |             |
|    fps                  | 2561        |
|    iterations           | 10          |
|    time_elapsed         | 47          |
|    total_timesteps      | 122880      |
| train/                  |             |
|    approx_kl            | 0.008309217 |
|    clip_fraction        | 0.092       |
|    clip_range           | 0.2         |
|    entropy_loss         | -2.71       |
|    explained_variance   | 0.96        |
|    learning_rate        | 0.0003      |
|    loss                 | -0.0355     |
|    n_updates            | 90          |
|    policy_gradient_loss | -0.00748    |
|    std                  | 0.941       |
|    value_loss           | 0.00592     |
-----------------------------------------
-----------------------------------------
| rollout/                |             |
|    ep_len_mean          | 400         |
|    ep_rew_mean          | 2.12        |
|    success_rate         | 0           |
| time/                   |             |
|    fps                  | 2550        |
|    iterations           | 11          |
|    time_elapsed         | 52          |
|    total_timesteps      | 135168      |
| train/                  |             |
|    approx_kl            | 0.009887847 |
|    clip_fraction        | 0.102       |
|    clip_range           | 0.2         |
|    entropy_loss         | -2.69       |
|    explained_variance   | 0.97        |
|    learning_rate        | 0.0003      |
|    loss                 | -0.00598    |
|    n_updates            | 100         |
|    policy_gradient_loss | -0.00836    |
|    std                  | 0.922       |
|    value_loss           | 0.00561     |
-----------------------------------------
----------------------------------------
| rollout/                |            |
|    ep_len_mean          | 400        |
|    ep_rew_mean          | 2.43       |
|    success_rate         | 0          |
| time/                   |            |
|    fps                  | 2541       |
|    iterations           | 12         |
|    time_elapsed         | 58         |
|    total_timesteps      | 147456     |
| train/                  |            |
|    approx_kl            | 0.00701631 |
|    clip_fraction        | 0.0787     |
|    clip_range           | 0.2        |
|    entropy_loss         | -2.68      |
|    explained_variance   | 0.969      |
|    learning_rate        | 0.0003     |
|    loss                 | -0.0301    |
|    n_updates            | 110        |
|    policy_gradient_loss | -0.00649   |
|    std                  | 0.924      |
|    value_loss           | 0.00681    |
----------------------------------------
-----------------------------------------
| rollout/                |             |
|    ep_len_mean          | 400         |
|    ep_rew_mean          | 2.58        |
|    success_rate         | 0           |
| time/                   |             |
|    fps                  | 2530        |
|    iterations           | 13          |
|    time_elapsed         | 63          |
|    total_timesteps      | 159744      |
| train/                  |             |
|    approx_kl            | 0.008982415 |
|    clip_fraction        | 0.0999      |
|    clip_range           | 0.2         |
|    entropy_loss         | -2.69       |
|    explained_variance   | 0.975       |
|    learning_rate        | 0.0003      |
|    loss                 | -0.0388     |
|    n_updates            | 120         |
|    policy_gradient_loss | -0.00744    |
|    std                  | 0.931       |
|    value_loss           | 0.00893     |
-----------------------------------------
-----------------------------------------
| rollout/                |             |
|    ep_len_mean          | 399         |
|    ep_rew_mean          | 4.92        |
|    success_rate         | 0.01        |
| time/                   |             |
|    fps                  | 2525        |
|    iterations           | 14          |
|    time_elapsed         | 68          |
|    total_timesteps      | 172032      |
| train/                  |             |
|    approx_kl            | 0.009276963 |
|    clip_fraction        | 0.103       |
|    clip_range           | 0.2         |
|    entropy_loss         | -2.7        |
|    explained_variance   | 0.974       |
|    learning_rate        | 0.0003      |
|    loss                 | -0.0272     |
|    n_updates            | 130         |
|    policy_gradient_loss | -0.00789    |
|    std                  | 0.933       |
|    value_loss           | 0.00825     |
-----------------------------------------
-----------------------------------------
| rollout/                |             |
|    ep_len_mean          | 397         |
|    ep_rew_mean          | 8.17        |
|    success_rate         | 0.02        |
| time/                   |             |
|    fps                  | 2521        |
|    iterations           | 15          |
|    time_elapsed         | 73          |
|    total_timesteps      | 184320      |
| train/                  |             |
|    approx_kl            | 0.008248977 |
|    clip_fraction        | 0.089       |
|    clip_range           | 0.2         |
|    entropy_loss         | -2.69       |
|    explained_variance   | 0.0735      |
|    learning_rate        | 0.0003      |
|    loss                 | 1.77        |
|    n_updates            | 140         |
|    policy_gradient_loss | -0.00267    |
|    std                  | 0.931       |
|    value_loss           | 5.62        |
-----------------------------------------
-----------------------------------------
| rollout/                |             |
|    ep_len_mean          | 396         |
|    ep_rew_mean          | 10.4        |
|    success_rate         | 0.03        |
| time/                   |             |
|    fps                  | 2513        |
|    iterations           | 16          |
|    time_elapsed         | 78          |
|    total_timesteps      | 196608      |
| train/                  |             |
|    approx_kl            | 0.005316515 |
|    clip_fraction        | 0.0624      |
|    clip_range           | 0.2         |
|    entropy_loss         | -2.69       |
|    explained_variance   | 0.0555      |
|    learning_rate        | 0.0003      |
|    loss                 | 0.0496      |
|    n_updates            | 150         |
|    policy_gradient_loss | -0.00111    |
|    std                  | 0.925       |
|    value_loss           | 7.19        |
-----------------------------------------
-----------------------------------------
| rollout/                |             |
|    ep_len_mean          | 395         |
|    ep_rew_mean          | 13.2        |
|    success_rate         | 0.04        |
| time/                   |             |
|    fps                  | 2505        |
|    iterations           | 17          |
|    time_elapsed         | 83          |
|    total_timesteps      | 208896      |
| train/                  |             |
|    approx_kl            | 0.007430585 |
|    clip_fraction        | 0.0899      |
|    clip_range           | 0.2         |
|    entropy_loss         | -2.68       |
|    explained_variance   | 0.57        |
|    learning_rate        | 0.0003      |
|    loss                 | 0.0283      |
|    n_updates            | 160         |
|    policy_gradient_loss | -0.00224    |
|    std                  | 0.922       |
|    value_loss           | 1.06        |
-----------------------------------------
-----------------------------------------
| rollout/                |             |
|    ep_len_mean          | 393         |
|    ep_rew_mean          | 13.7        |
|    success_rate         | 0.05        |
| time/                   |             |
|    fps                  | 2500        |
|    iterations           | 18          |
|    time_elapsed         | 88          |
|    total_timesteps      | 221184      |
| train/                  |             |
|    approx_kl            | 0.008187722 |
|    clip_fraction        | 0.0873      |
|    clip_range           | 0.2         |
|    entropy_loss         | -2.68       |
|    explained_variance   | 0.401       |
|    learning_rate        | 0.0003      |
|    loss                 | 0.443       |
|    n_updates            | 170         |
|    policy_gradient_loss | -0.00242    |
|    std                  | 0.924       |
|    value_loss           | 2.66        |
-----------------------------------------
-----------------------------------------
| rollout/                |             |
|    ep_len_mean          | 394         |
|    ep_rew_mean          | 11.8        |
|    success_rate         | 0.04        |
| time/                   |             |
|    fps                  | 2495        |
|    iterations           | 19          |
|    time_elapsed         | 93          |
|    total_timesteps      | 233472      |
| train/                  |             |
|    approx_kl            | 0.005977489 |
|    clip_fraction        | 0.0793      |
|    clip_range           | 0.2         |
|    entropy_loss         | -2.67       |
|    explained_variance   | 0.639       |
|    learning_rate        | 0.0003      |
|    loss                 | 1.15        |
|    n_updates            | 180         |
|    policy_gradient_loss | -0.00406    |
|    std                  | 0.916       |
|    value_loss           | 1.29        |
-----------------------------------------
-----------------------------------------
| rollout/                |             |
|    ep_len_mean          | 396         |
|    ep_rew_mean          | 10.2        |
|    success_rate         | 0.03        |
| time/                   |             |
|    fps                  | 2492        |
|    iterations           | 20          |
|    time_elapsed         | 98          |
|    total_timesteps      | 245760      |
| train/                  |             |
|    approx_kl            | 0.008393717 |
|    clip_fraction        | 0.1         |
|    clip_range           | 0.2         |
|    entropy_loss         | -2.67       |
|    explained_variance   | 0.841       |
|    learning_rate        | 0.0003      |
|    loss                 | 0.0357      |
|    n_updates            | 190         |
|    policy_gradient_loss | -0.00658    |
|    std                  | 0.919       |
|    value_loss           | 0.109       |
-----------------------------------------
-----------------------------------------
| rollout/                |             |
|    ep_len_mean          | 395         |
|    ep_rew_mean          | 10.2        |
|    success_rate         | 0.03        |
| time/                   |             |
|    fps                  | 2488        |
|    iterations           | 21          |
|    time_elapsed         | 103         |
|    total_timesteps      | 258048      |
| train/                  |             |
|    approx_kl            | 0.009271555 |
|    clip_fraction        | 0.0868      |
|    clip_range           | 0.2         |
|    entropy_loss         | -2.65       |
|    explained_variance   | 0.851       |
|    learning_rate        | 0.0003      |
|    loss                 | 0.0206      |
|    n_updates            | 200         |
|    policy_gradient_loss | -0.00411    |
|    std                  | 0.908       |
|    value_loss           | 0.403       |
-----------------------------------------
-----------------------------------------
| rollout/                |             |
|    ep_len_mean          | 394         |
|    ep_rew_mean          | 12.3        |
|    success_rate         | 0.04        |
| time/                   |             |
|    fps                  | 2484        |
|    iterations           | 22          |
|    time_elapsed         | 108         |
|    total_timesteps      | 270336      |
| train/                  |             |
|    approx_kl            | 0.007353607 |
|    clip_fraction        | 0.079       |
|    clip_range           | 0.2         |
|    entropy_loss         | -2.64       |
|    explained_variance   | 0.811       |
|    learning_rate        | 0.0003      |
|    loss                 | 0.252       |
|    n_updates            | 210         |
|    policy_gradient_loss | -0.00418    |
|    std                  | 0.903       |
|    value_loss           | 1.01        |
-----------------------------------------
-----------------------------------------
| rollout/                |             |
|    ep_len_mean          | 390         |
|    ep_rew_mean          | 19.1        |
|    success_rate         | 0.07        |
| time/                   |             |
|    fps                  | 2480        |
|    iterations           | 23          |
|    time_elapsed         | 113         |
|    total_timesteps      | 282624      |
| train/                  |             |
|    approx_kl            | 0.007997428 |
|    clip_fraction        | 0.0763      |
|    clip_range           | 0.2         |
|    entropy_loss         | -2.62       |
|    explained_variance   | 0.785       |
|    learning_rate        | 0.0003      |
|    loss                 | 0.544       |
|    n_updates            | 220         |
|    policy_gradient_loss | -0.00261    |
|    std                  | 0.896       |
|    value_loss           | 0.923       |
-----------------------------------------
-----------------------------------------
| rollout/                |             |
|    ep_len_mean          | 386         |
|    ep_rew_mean          | 21.8        |
|    success_rate         | 0.09        |
| time/                   |             |
|    fps                  | 2477        |
|    iterations           | 24          |
|    time_elapsed         | 119         |
|    total_timesteps      | 294912      |
| train/                  |             |
|    approx_kl            | 0.009507219 |
|    clip_fraction        | 0.0957      |
|    clip_range           | 0.2         |
|    entropy_loss         | -2.6        |
|    explained_variance   | 0.788       |
|    learning_rate        | 0.0003      |
|    loss                 | 0.0614      |
|    n_updates            | 230         |
|    policy_gradient_loss | -0.00448    |
|    std                  | 0.884       |
|    value_loss           | 1.04        |
-----------------------------------------
-----------------------------------------
| rollout/                |             |
|    ep_len_mean          | 389         |
|    ep_rew_mean          | 17.7        |
|    success_rate         | 0.07        |
| time/                   |             |
|    fps                  | 2475        |
|    iterations           | 25          |
|    time_elapsed         | 124         |
|    total_timesteps      | 307200      |
| train/                  |             |
|    approx_kl            | 0.008347962 |
|    clip_fraction        | 0.088       |
|    clip_range           | 0.2         |
|    entropy_loss         | -2.57       |
|    explained_variance   | 0.835       |
|    learning_rate        | 0.0003      |
|    loss                 | 0.119       |
|    n_updates            | 240         |
|    policy_gradient_loss | -0.0034     |
|    std                  | 0.87        |
|    value_loss           | 0.817       |
-----------------------------------------
-----------------------------------------
| rollout/                |             |
|    ep_len_mean          | 390         |
|    ep_rew_mean          | 14.8        |
|    success_rate         | 0.06        |
| time/                   |             |
|    fps                  | 2472        |
|    iterations           | 26          |
|    time_elapsed         | 129         |
|    total_timesteps      | 319488      |
| train/                  |             |
|    approx_kl            | 0.008373909 |
|    clip_fraction        | 0.0854      |
|    clip_range           | 0.2         |
|    entropy_loss         | -2.57       |
|    explained_variance   | 0.854       |
|    learning_rate        | 0.0003      |
|    loss                 | 0.0235      |
|    n_updates            | 250         |
|    policy_gradient_loss | -0.00326    |
|    std                  | 0.877       |
|    value_loss           | 0.464       |
-----------------------------------------
----------------------------------------
| rollout/                |            |
|    ep_len_mean          | 384        |
|    ep_rew_mean          | 18.8       |
|    success_rate         | 0.08       |
| time/                   |            |
|    fps                  | 2469       |
|    iterations           | 27         |
|    time_elapsed         | 134        |
|    total_timesteps      | 331776     |
| train/                  |            |
|    approx_kl            | 0.00674887 |
|    clip_fraction        | 0.0713     |
|    clip_range           | 0.2        |
|    entropy_loss         | -2.57      |
|    explained_variance   | 0.876      |
|    learning_rate        | 0.0003     |
|    loss                 | 0.062      |
|    n_updates            | 260        |
|    policy_gradient_loss | -0.00332   |
|    std                  | 0.873      |
|    value_loss           | 0.545      |
----------------------------------------
-----------------------------------------
| rollout/                |             |
|    ep_len_mean          | 383         |
|    ep_rew_mean          | 20.8        |
|    success_rate         | 0.09        |
| time/                   |             |
|    fps                  | 2467        |
|    iterations           | 28          |
|    time_elapsed         | 139         |
|    total_timesteps      | 344064      |
| train/                  |             |
|    approx_kl            | 0.007270381 |
|    clip_fraction        | 0.0632      |
|    clip_range           | 0.2         |
|    entropy_loss         | -2.56       |
|    explained_variance   | 0.841       |
|    learning_rate        | 0.0003      |
|    loss                 | 1.04        |
|    n_updates            | 270         |
|    policy_gradient_loss | -0.00307    |
|    std                  | 0.871       |
|    value_loss           | 1.59        |
-----------------------------------------
-----------------------------------------
| rollout/                |             |
|    ep_len_mean          | 381         |
|    ep_rew_mean          | 23          |
|    success_rate         | 0.1         |
| time/                   |             |
|    fps                  | 2463        |
|    iterations           | 29          |
|    time_elapsed         | 144         |
|    total_timesteps      | 356352      |
| train/                  |             |
|    approx_kl            | 0.008380272 |
|    clip_fraction        | 0.0917      |
|    clip_range           | 0.2         |
|    entropy_loss         | -2.55       |
|    explained_variance   | 0.814       |
|    learning_rate        | 0.0003      |
|    loss                 | 0.322       |
|    n_updates            | 280         |
|    policy_gradient_loss | -0.00407    |
|    std                  | 0.865       |
|    value_loss           | 0.794       |
-----------------------------------------
-----------------------------------------
| rollout/                |             |
|    ep_len_mean          | 387         |
|    ep_rew_mean          | 19.3        |
|    success_rate         | 0.08        |
| time/                   |             |
|    fps                  | 2461        |
|    iterations           | 30          |
|    time_elapsed         | 149         |
|    total_timesteps      | 368640      |
| train/                  |             |
|    approx_kl            | 0.010011195 |
|    clip_fraction        | 0.0969      |
|    clip_range           | 0.2         |
|    entropy_loss         | -2.57       |
|    explained_variance   | 0.889       |
|    learning_rate        | 0.0003      |
|    loss                 | 0.0419      |
|    n_updates            | 290         |
|    policy_gradient_loss | -0.00606    |
|    std                  | 0.88        |
|    value_loss           | 0.589       |
-----------------------------------------
------------------------------------------
| rollout/                |              |
|    ep_len_mean          | 393          |
|    ep_rew_mean          | 13.6         |
|    success_rate         | 0.05         |
| time/                   |              |
|    fps                  | 2459         |
|    iterations           | 31           |
|    time_elapsed         | 154          |
|    total_timesteps      | 380928       |
| train/                  |              |
|    approx_kl            | 0.0069570947 |
|    clip_fraction        | 0.0773       |
|    clip_range           | 0.2          |
|    entropy_loss         | -2.57        |
|    explained_variance   | 0.824        |
|    learning_rate        | 0.0003       |
|    loss                 | 0.262        |
|    n_updates            | 300          |
|    policy_gradient_loss | -0.0047      |
|    std                  | 0.875        |
|    value_loss           | 1.37         |
------------------------------------------
-----------------------------------------
| rollout/                |             |
|    ep_len_mean          | 393         |
|    ep_rew_mean          | 13.7        |
|    success_rate         | 0.05        |
| time/                   |             |
|    fps                  | 2457        |
|    iterations           | 32          |
|    time_elapsed         | 160         |
|    total_timesteps      | 393216      |
| train/                  |             |
|    approx_kl            | 0.009224702 |
|    clip_fraction        | 0.109       |
|    clip_range           | 0.2         |
|    entropy_loss         | -2.58       |
|    explained_variance   | 0.843       |
|    learning_rate        | 0.0003      |
|    loss                 | 0.0938      |
|    n_updates            | 310         |
|    policy_gradient_loss | -0.00658    |
|    std                  | 0.883       |
|    value_loss           | 0.701       |
-----------------------------------------
------------------------------------------
| rollout/                |              |
|    ep_len_mean          | 390          |
|    ep_rew_mean          | 15.7         |
|    success_rate         | 0.06         |
| time/                   |              |
|    fps                  | 2455         |
|    iterations           | 33           |
|    time_elapsed         | 165          |
|    total_timesteps      | 405504       |
| train/                  |              |
|    approx_kl            | 0.0072077387 |
|    clip_fraction        | 0.0864       |
|    clip_range           | 0.2          |
|    entropy_loss         | -2.6         |
|    explained_variance   | 0.846        |
|    learning_rate        | 0.0003       |
|    loss                 | 0.0678       |
|    n_updates            | 320          |
|    policy_gradient_loss | -0.0047      |
|    std                  | 0.889        |
|    value_loss           | 0.619        |
------------------------------------------
------------------------------------------
| rollout/                |              |
|    ep_len_mean          | 385          |
|    ep_rew_mean          | 19.7         |
|    success_rate         | 0.08         |
| time/                   |              |
|    fps                  | 2454         |
|    iterations           | 34           |
|    time_elapsed         | 170          |
|    total_timesteps      | 417792       |
| train/                  |              |
|    approx_kl            | 0.0068770335 |
|    clip_fraction        | 0.0679       |
|    clip_range           | 0.2          |
|    entropy_loss         | -2.59        |
|    explained_variance   | 0.886        |
|    learning_rate        | 0.0003       |
|    loss                 | 0.807        |
|    n_updates            | 330          |
|    policy_gradient_loss | -0.00445     |
|    std                  | 0.883        |
|    value_loss           | 1.12         |
------------------------------------------
----------------------------------------
| rollout/                |            |
|    ep_len_mean          | 386        |
|    ep_rew_mean          | 21.8       |
|    success_rate         | 0.09       |
| time/                   |            |
|    fps                  | 2454       |
|    iterations           | 35         |
|    time_elapsed         | 175        |
|    total_timesteps      | 430080     |
| train/                  |            |
|    approx_kl            | 0.00777367 |
|    clip_fraction        | 0.0716     |
|    clip_range           | 0.2        |
|    entropy_loss         | -2.58      |
|    explained_variance   | 0.853      |
|    learning_rate        | 0.0003     |
|    loss                 | 0.233      |
|    n_updates            | 340        |
|    policy_gradient_loss | -0.0042    |
|    std                  | 0.879      |
|    value_loss           | 1.51       |
----------------------------------------
-----------------------------------------
| rollout/                |             |
|    ep_len_mean          | 384         |
|    ep_rew_mean          | 25.9        |
|    success_rate         | 0.11        |
| time/                   |             |
|    fps                  | 2454        |
|    iterations           | 36          |
|    time_elapsed         | 180         |
|    total_timesteps      | 442368      |
| train/                  |             |
|    approx_kl            | 0.009925885 |
|    clip_fraction        | 0.112       |
|    clip_range           | 0.2         |
|    entropy_loss         | -2.57       |
|    explained_variance   | 0.781       |
|    learning_rate        | 0.0003      |
|    loss                 | 0.0509      |
|    n_updates            | 350         |
|    policy_gradient_loss | -0.00597    |
|    std                  | 0.877       |
|    value_loss           | 0.794       |
-----------------------------------------
-----------------------------------------
| rollout/                |             |
|    ep_len_mean          | 390         |
|    ep_rew_mean          | 17.7        |
|    success_rate         | 0.07        |
| time/                   |             |
|    fps                  | 2452        |
|    iterations           | 37          |
|    time_elapsed         | 185         |
|    total_timesteps      | 454656      |
| train/                  |             |
|    approx_kl            | 0.008280363 |
|    clip_fraction        | 0.0818      |
|    clip_range           | 0.2         |
|    entropy_loss         | -2.58       |
|    explained_variance   | 0.816       |
|    learning_rate        | 0.0003      |
|    loss                 | 0.624       |
|    n_updates            | 360         |
|    policy_gradient_loss | -0.00444    |
|    std                  | 0.88        |
|    value_loss           | 1.25        |
-----------------------------------------
----------------------------------------
| rollout/                |            |
|    ep_len_mean          | 387        |
|    ep_rew_mean          | 19.7       |
|    success_rate         | 0.08       |
| time/                   |            |
|    fps                  | 2450       |
|    iterations           | 38         |
|    time_elapsed         | 190        |
|    total_timesteps      | 466944     |
| train/                  |            |
|    approx_kl            | 0.01022903 |
|    clip_fraction        | 0.108      |
|    clip_range           | 0.2        |
|    entropy_loss         | -2.59      |
|    explained_variance   | 0.911      |
|    learning_rate        | 0.0003     |
|    loss                 | 0.0302     |
|    n_updates            | 370        |
|    policy_gradient_loss | -0.00734   |
|    std                  | 0.885      |
|    value_loss           | 0.257      |
----------------------------------------
-----------------------------------------
| rollout/                |             |
|    ep_len_mean          | 389         |
|    ep_rew_mean          | 13.5        |
|    success_rate         | 0.05        |
| time/                   |             |
|    fps                  | 2449        |
|    iterations           | 39          |
|    time_elapsed         | 195         |
|    total_timesteps      | 479232      |
| train/                  |             |
|    approx_kl            | 0.008532328 |
|    clip_fraction        | 0.0774      |
|    clip_range           | 0.2         |
|    entropy_loss         | -2.59       |
|    explained_variance   | 0.823       |
|    learning_rate        | 0.0003      |
|    loss                 | 0.0744      |
|    n_updates            | 380         |
|    policy_gradient_loss | -0.00436    |
|    std                  | 0.886       |
|    value_loss           | 0.95        |
-----------------------------------------
-----------------------------------------
| rollout/                |             |
|    ep_len_mean          | 387         |
|    ep_rew_mean          | 15.6        |
|    success_rate         | 0.06        |
| time/                   |             |
|    fps                  | 2448        |
|    iterations           | 40          |
|    time_elapsed         | 200         |
|    total_timesteps      | 491520      |
| train/                  |             |
|    approx_kl            | 0.009272047 |
|    clip_fraction        | 0.096       |
|    clip_range           | 0.2         |
|    entropy_loss         | -2.56       |
|    explained_variance   | 0.85        |
|    learning_rate        | 0.0003      |
|    loss                 | 0.0408      |
|    n_updates            | 390         |
|    policy_gradient_loss | -0.00635    |
|    std                  | 0.864       |
|    value_loss           | 0.379       |
-----------------------------------------
-----------------------------------------
| rollout/                |             |
|    ep_len_mean          | 391         |
|    ep_rew_mean          | 11.5        |
|    success_rate         | 0.04        |
| time/                   |             |
|    fps                  | 2447        |
|    iterations           | 41          |
|    time_elapsed         | 205         |
|    total_timesteps      | 503808      |
| train/                  |             |
|    approx_kl            | 0.009624769 |
|    clip_fraction        | 0.0974      |
|    clip_range           | 0.2         |
|    entropy_loss         | -2.53       |
|    explained_variance   | 0.874       |
|    learning_rate        | 0.0003      |
|    loss                 | 0.0834      |
|    n_updates            | 400         |
|    policy_gradient_loss | -0.00579    |
|    std                  | 0.855       |
|    value_loss           | 0.7         |
-----------------------------------------
----------------------------------------
| rollout/                |            |
|    ep_len_mean          | 394        |
|    ep_rew_mean          | 9.3        |
|    success_rate         | 0.03       |
| time/                   |            |
|    fps                  | 2446       |
|    iterations           | 42         |
|    time_elapsed         | 210        |
|    total_timesteps      | 516096     |
| train/                  |            |
|    approx_kl            | 0.01163403 |
|    clip_fraction        | 0.133      |
|    clip_range           | 0.2        |
|    entropy_loss         | -2.52      |
|    explained_variance   | 0.926      |
|    learning_rate        | 0.0003     |
|    loss                 | 0.0725     |
|    n_updates            | 410        |
|    policy_gradient_loss | -0.00979   |
|    std                  | 0.855      |
|    value_loss           | 0.205      |
----------------------------------------
-----------------------------------------
| rollout/                |             |
|    ep_len_mean          | 398         |
|    ep_rew_mean          | 5.25        |
|    success_rate         | 0.01        |
| time/                   |             |
|    fps                  | 2445        |
|    iterations           | 43          |
|    time_elapsed         | 216         |
|    total_timesteps      | 528384      |
| train/                  |             |
|    approx_kl            | 0.009023105 |
|    clip_fraction        | 0.0806      |
|    clip_range           | 0.2         |
|    entropy_loss         | -2.51       |
|    explained_variance   | 0.9         |
|    learning_rate        | 0.0003      |
|    loss                 | 0.0558      |
|    n_updates            | 420         |
|    policy_gradient_loss | -0.0064     |
|    std                  | 0.847       |
|    value_loss           | 0.376       |
-----------------------------------------
-----------------------------------------
| rollout/                |             |
|    ep_len_mean          | 398         |
|    ep_rew_mean          | 5.34        |
|    success_rate         | 0.01        |
| time/                   |             |
|    fps                  | 2444        |
|    iterations           | 44          |
|    time_elapsed         | 221         |
|    total_timesteps      | 540672      |
| train/                  |             |
|    approx_kl            | 0.010147377 |
|    clip_fraction        | 0.104       |
|    clip_range           | 0.2         |
|    entropy_loss         | -2.49       |
|    explained_variance   | 0.907       |
|    learning_rate        | 0.0003      |
|    loss                 | -0.0118     |
|    n_updates            | 430         |
|    policy_gradient_loss | -0.00803    |
|    std                  | 0.84        |
|    value_loss           | 0.22        |
-----------------------------------------
----------------------------------------
| rollout/                |            |
|    ep_len_mean          | 396        |
|    ep_rew_mean          | 7.47       |
|    success_rate         | 0.02       |
| time/                   |            |
|    fps                  | 2443       |
|    iterations           | 45         |
|    time_elapsed         | 226        |
|    total_timesteps      | 552960     |
| train/                  |            |
|    approx_kl            | 0.00962459 |
|    clip_fraction        | 0.108      |
|    clip_range           | 0.2        |
|    entropy_loss         | -2.47      |
|    explained_variance   | 0.922      |
|    learning_rate        | 0.0003     |
|    loss                 | 0.0126     |
|    n_updates            | 440        |
|    policy_gradient_loss | -0.00846   |
|    std                  | 0.835      |
|    value_loss           | 0.18       |
----------------------------------------
-----------------------------------------
| rollout/                |             |
|    ep_len_mean          | 390         |
|    ep_rew_mean          | 13.5        |
|    success_rate         | 0.05        |
| time/                   |             |
|    fps                  | 2443        |
|    iterations           | 46          |
|    time_elapsed         | 231         |
|    total_timesteps      | 565248      |
| train/                  |             |
|    approx_kl            | 0.009318181 |
|    clip_fraction        | 0.0902      |
|    clip_range           | 0.2         |
|    entropy_loss         | -2.46       |
|    explained_variance   | 0.831       |
|    learning_rate        | 0.0003      |
|    loss                 | 0.106       |
|    n_updates            | 450         |
|    policy_gradient_loss | -0.00682    |
|    std                  | 0.827       |
|    value_loss           | 0.929       |
-----------------------------------------
-----------------------------------------
| rollout/                |             |
|    ep_len_mean          | 388         |
|    ep_rew_mean          | 15.6        |
|    success_rate         | 0.06        |
| time/                   |             |
|    fps                  | 2442        |
|    iterations           | 47          |
|    time_elapsed         | 236         |
|    total_timesteps      | 577536      |
| train/                  |             |
|    approx_kl            | 0.010486851 |
|    clip_fraction        | 0.0935      |
|    clip_range           | 0.2         |
|    entropy_loss         | -2.45       |
|    explained_variance   | 0.765       |
|    learning_rate        | 0.0003      |
|    loss                 | 0.0609      |
|    n_updates            | 460         |
|    policy_gradient_loss | -0.00502    |
|    std                  | 0.823       |
|    value_loss           | 0.822       |
-----------------------------------------
-----------------------------------------
| rollout/                |             |
|    ep_len_mean          | 382         |
|    ep_rew_mean          | 21.8        |
|    success_rate         | 0.09        |
| time/                   |             |
|    fps                  | 2441        |
|    iterations           | 48          |
|    time_elapsed         | 241         |
|    total_timesteps      | 589824      |
| train/                  |             |
|    approx_kl            | 0.010955084 |
|    clip_fraction        | 0.111       |
|    clip_range           | 0.2         |
|    entropy_loss         | -2.44       |
|    explained_variance   | 0.836       |
|    learning_rate        | 0.0003      |
|    loss                 | 0.116       |
|    n_updates            | 470         |
|    policy_gradient_loss | -0.00599    |
|    std                  | 0.821       |
|    value_loss           | 0.575       |
-----------------------------------------
-----------------------------------------
| rollout/                |             |
|    ep_len_mean          | 387         |
|    ep_rew_mean          | 17.9        |
|    success_rate         | 0.07        |
| time/                   |             |
|    fps                  | 2439        |
|    iterations           | 49          |
|    time_elapsed         | 246         |
|    total_timesteps      | 602112      |
| train/                  |             |
|    approx_kl            | 0.010385233 |
|    clip_fraction        | 0.0953      |
|    clip_range           | 0.2         |
|    entropy_loss         | -2.43       |
|    explained_variance   | 0.759       |
|    learning_rate        | 0.0003      |
|    loss                 | 0.111       |
|    n_updates            | 480         |
|    policy_gradient_loss | -0.00588    |
|    std                  | 0.816       |
|    value_loss           | 1.7         |
-----------------------------------------
-----------------------------------------
| rollout/                |             |
|    ep_len_mean          | 387         |
|    ep_rew_mean          | 20          |
|    success_rate         | 0.08        |
| time/                   |             |
|    fps                  | 2439        |
|    iterations           | 50          |
|    time_elapsed         | 251         |
|    total_timesteps      | 614400      |
| train/                  |             |
|    approx_kl            | 0.010479591 |
|    clip_fraction        | 0.11        |
|    clip_range           | 0.2         |
|    entropy_loss         | -2.42       |
|    explained_variance   | 0.893       |
|    learning_rate        | 0.0003      |
|    loss                 | 0.0697      |
|    n_updates            | 490         |
|    policy_gradient_loss | -0.00643    |
|    std                  | 0.813       |
|    value_loss           | 0.746       |
-----------------------------------------
-----------------------------------------
| rollout/                |             |
|    ep_len_mean          | 390         |
|    ep_rew_mean          | 16          |
|    success_rate         | 0.06        |
| time/                   |             |
|    fps                  | 2439        |
|    iterations           | 51          |
|    time_elapsed         | 256         |
|    total_timesteps      | 626688      |
| train/                  |             |
|    approx_kl            | 0.012069444 |
|    clip_fraction        | 0.126       |
|    clip_range           | 0.2         |
|    entropy_loss         | -2.42       |
|    explained_variance   | 0.861       |
|    learning_rate        | 0.0003      |
|    loss                 | 0.0935      |
|    n_updates            | 500         |
|    policy_gradient_loss | -0.00789    |
|    std                  | 0.812       |
|    value_loss           | 1.18        |
-----------------------------------------
-----------------------------------------
| rollout/                |             |
|    ep_len_mean          | 391         |
|    ep_rew_mean          | 16          |
|    success_rate         | 0.06        |
| time/                   |             |
|    fps                  | 2439        |
|    iterations           | 52          |
|    time_elapsed         | 261         |
|    total_timesteps      | 638976      |
| train/                  |             |
|    approx_kl            | 0.010016554 |
|    clip_fraction        | 0.112       |
|    clip_range           | 0.2         |
|    entropy_loss         | -2.42       |
|    explained_variance   | 0.857       |
|    learning_rate        | 0.0003      |
|    loss                 | 0.244       |
|    n_updates            | 510         |
|    policy_gradient_loss | -0.00616    |
|    std                  | 0.811       |
|    value_loss           | 1.31        |
-----------------------------------------
-----------------------------------------
| rollout/                |             |
|    ep_len_mean          | 383         |
|    ep_rew_mean          | 22          |
|    success_rate         | 0.09        |
| time/                   |             |
|    fps                  | 2439        |
|    iterations           | 53          |
|    time_elapsed         | 266         |
|    total_timesteps      | 651264      |
| train/                  |             |
|    approx_kl            | 0.010962807 |
|    clip_fraction        | 0.116       |
|    clip_range           | 0.2         |
|    entropy_loss         | -2.41       |
|    explained_variance   | 0.857       |
|    learning_rate        | 0.0003      |
|    loss                 | 0.161       |
|    n_updates            | 520         |
|    policy_gradient_loss | -0.00625    |
|    std                  | 0.811       |
|    value_loss           | 1.16        |
-----------------------------------------
-----------------------------------------
| rollout/                |             |
|    ep_len_mean          | 377         |
|    ep_rew_mean          | 28          |
|    success_rate         | 0.12        |
| time/                   |             |
|    fps                  | 2438        |
|    iterations           | 54          |
|    time_elapsed         | 272         |
|    total_timesteps      | 663552      |
| train/                  |             |
|    approx_kl            | 0.009511481 |
|    clip_fraction        | 0.106       |
|    clip_range           | 0.2         |
|    entropy_loss         | -2.4        |
|    explained_variance   | 0.84        |
|    learning_rate        | 0.0003      |
|    loss                 | 0.311       |
|    n_updates            | 530         |
|    policy_gradient_loss | -0.00571    |
|    std                  | 0.801       |
|    value_loss           | 1.11        |
-----------------------------------------
-----------------------------------------
| rollout/                |             |
|    ep_len_mean          | 378         |
|    ep_rew_mean          | 26          |
|    success_rate         | 0.11        |
| time/                   |             |
|    fps                  | 2438        |
|    iterations           | 55          |
|    time_elapsed         | 277         |
|    total_timesteps      | 675840      |
| train/                  |             |
|    approx_kl            | 0.011041645 |
|    clip_fraction        | 0.0999      |
|    clip_range           | 0.2         |
|    entropy_loss         | -2.37       |
|    explained_variance   | 0.838       |
|    learning_rate        | 0.0003      |
|    loss                 | 0.582       |
|    n_updates            | 540         |
|    policy_gradient_loss | -0.00526    |
|    std                  | 0.793       |
|    value_loss           | 1.53        |
-----------------------------------------
-----------------------------------------
| rollout/                |             |
|    ep_len_mean          | 382         |
|    ep_rew_mean          | 22          |
|    success_rate         | 0.09        |
| time/                   |             |
|    fps                  | 2438        |
|    iterations           | 56          |
|    time_elapsed         | 282         |
|    total_timesteps      | 688128      |
| train/                  |             |
|    approx_kl            | 0.010181186 |
|    clip_fraction        | 0.105       |
|    clip_range           | 0.2         |
|    entropy_loss         | -2.37       |
|    explained_variance   | 0.89        |
|    learning_rate        | 0.0003      |
|    loss                 | 0.229       |
|    n_updates            | 550         |
|    policy_gradient_loss | -0.00588    |
|    std                  | 0.793       |
|    value_loss           | 1.03        |
-----------------------------------------
-----------------------------------------
| rollout/                |             |
|    ep_len_mean          | 383         |
|    ep_rew_mean          | 21.9        |
|    success_rate         | 0.09        |
| time/                   |             |
|    fps                  | 2436        |
|    iterations           | 57          |
|    time_elapsed         | 287         |
|    total_timesteps      | 700416      |
| train/                  |             |
|    approx_kl            | 0.012492798 |
|    clip_fraction        | 0.121       |
|    clip_range           | 0.2         |
|    entropy_loss         | -2.36       |
|    explained_variance   | 0.894       |
|    learning_rate        | 0.0003      |
|    loss                 | 0.0677      |
|    n_updates            | 560         |
|    policy_gradient_loss | -0.00839    |
|    std                  | 0.787       |
|    value_loss           | 0.783       |
-----------------------------------------
----------------------------------------
| rollout/                |            |
|    ep_len_mean          | 378        |
|    ep_rew_mean          | 27.1       |
|    success_rate         | 0.11       |
| time/                   |            |
|    fps                  | 2435       |
|    iterations           | 58         |
|    time_elapsed         | 292        |
|    total_timesteps      | 712704     |
| train/                  |            |
|    approx_kl            | 0.01083073 |
|    clip_fraction        | 0.0998     |
|    clip_range           | 0.2        |
|    entropy_loss         | -2.35      |
|    explained_variance   | 0.839      |
|    learning_rate        | 0.0003     |
|    loss                 | 0.267      |
|    n_updates            | 570        |
|    policy_gradient_loss | -0.00581   |
|    std                  | 0.783      |
|    value_loss           | 1.27       |
----------------------------------------
----------------------------------------
| rollout/                |            |
|    ep_len_mean          | 374        |
|    ep_rew_mean          | 31.2       |
|    success_rate         | 0.13       |
| time/                   |            |
|    fps                  | 2435       |
|    iterations           | 59         |
|    time_elapsed         | 297        |
|    total_timesteps      | 724992     |
| train/                  |            |
|    approx_kl            | 0.00948044 |
|    clip_fraction        | 0.101      |
|    clip_range           | 0.2        |
|    entropy_loss         | -2.35      |
|    explained_variance   | 0.836      |
|    learning_rate        | 0.0003     |
|    loss                 | 1.01       |
|    n_updates            | 580        |
|    policy_gradient_loss | -0.00419   |
|    std                  | 0.79       |
|    value_loss           | 1.49       |
----------------------------------------
-----------------------------------------
| rollout/                |             |
|    ep_len_mean          | 372         |
|    ep_rew_mean          | 33.3        |
|    success_rate         | 0.14        |
| time/                   |             |
|    fps                  | 2434        |
|    iterations           | 60          |
|    time_elapsed         | 302         |
|    total_timesteps      | 737280      |
| train/                  |             |
|    approx_kl            | 0.011574191 |
|    clip_fraction        | 0.122       |
|    clip_range           | 0.2         |
|    entropy_loss         | -2.35       |
|    explained_variance   | 0.864       |
|    learning_rate        | 0.0003      |
|    loss                 | 0.142       |
|    n_updates            | 590         |
|    policy_gradient_loss | -0.006      |
|    std                  | 0.786       |
|    value_loss           | 0.869       |
-----------------------------------------
-----------------------------------------
| rollout/                |             |
|    ep_len_mean          | 373         |
|    ep_rew_mean          | 32.1        |
|    success_rate         | 0.14        |
| time/                   |             |
|    fps                  | 2434        |
|    iterations           | 61          |
|    time_elapsed         | 307         |
|    total_timesteps      | 749568      |
| train/                  |             |
|    approx_kl            | 0.011065357 |
|    clip_fraction        | 0.112       |
|    clip_range           | 0.2         |
|    entropy_loss         | -2.35       |
|    explained_variance   | 0.845       |
|    learning_rate        | 0.0003      |
|    loss                 | 0.0851      |
|    n_updates            | 600         |
|    policy_gradient_loss | -0.00519    |
|    std                  | 0.787       |
|    value_loss           | 1.13        |
-----------------------------------------
-----------------------------------------
| rollout/                |             |
|    ep_len_mean          | 370         |
|    ep_rew_mean          | 35.9        |
|    success_rate         | 0.16        |
| time/                   |             |
|    fps                  | 2434        |
|    iterations           | 62          |
|    time_elapsed         | 312         |
|    total_timesteps      | 761856      |
| train/                  |             |
|    approx_kl            | 0.009866642 |
|    clip_fraction        | 0.107       |
|    clip_range           | 0.2         |
|    entropy_loss         | -2.35       |
|    explained_variance   | 0.824       |
|    learning_rate        | 0.0003      |
|    loss                 | 0.276       |
|    n_updates            | 610         |
|    policy_gradient_loss | -0.00713    |
|    std                  | 0.781       |
|    value_loss           | 1.62        |
-----------------------------------------
-----------------------------------------
| rollout/                |             |
|    ep_len_mean          | 363         |
|    ep_rew_mean          | 44          |
|    success_rate         | 0.2         |
| time/                   |             |
|    fps                  | 2434        |
|    iterations           | 63          |
|    time_elapsed         | 318         |
|    total_timesteps      | 774144      |
| train/                  |             |
|    approx_kl            | 0.010158341 |
|    clip_fraction        | 0.093       |
|    clip_range           | 0.2         |
|    entropy_loss         | -2.34       |
|    explained_variance   | 0.865       |
|    learning_rate        | 0.0003      |
|    loss                 | 0.326       |
|    n_updates            | 620         |
|    policy_gradient_loss | -0.00628    |
|    std                  | 0.781       |
|    value_loss           | 2.04        |
-----------------------------------------
-----------------------------------------
| rollout/                |             |
|    ep_len_mean          | 365         |
|    ep_rew_mean          | 42.1        |
|    success_rate         | 0.19        |
| time/                   |             |
|    fps                  | 2433        |
|    iterations           | 64          |
|    time_elapsed         | 323         |
|    total_timesteps      | 786432      |
| train/                  |             |
|    approx_kl            | 0.010563548 |
|    clip_fraction        | 0.0949      |
|    clip_range           | 0.2         |
|    entropy_loss         | -2.33       |
|    explained_variance   | 0.873       |
|    learning_rate        | 0.0003      |
|    loss                 | 0.955       |
|    n_updates            | 630         |
|    policy_gradient_loss | -0.00587    |
|    std                  | 0.774       |
|    value_loss           | 2.23        |
-----------------------------------------
-----------------------------------------
| rollout/                |             |
|    ep_len_mean          | 363         |
|    ep_rew_mean          | 42.2        |
|    success_rate         | 0.19        |
| time/                   |             |
|    fps                  | 2433        |
|    iterations           | 65          |
|    time_elapsed         | 328         |
|    total_timesteps      | 798720      |
| train/                  |             |
|    approx_kl            | 0.011813108 |
|    clip_fraction        | 0.121       |
|    clip_range           | 0.2         |
|    entropy_loss         | -2.31       |
|    explained_variance   | 0.881       |
|    learning_rate        | 0.0003      |
|    loss                 | 0.279       |
|    n_updates            | 640         |
|    policy_gradient_loss | -0.00709    |
|    std                  | 0.764       |
|    value_loss           | 1.75        |
-----------------------------------------
----------------------------------------
| rollout/                |            |
|    ep_len_mean          | 366        |
|    ep_rew_mean          | 38.2       |
|    success_rate         | 0.17       |
| time/                   |            |
|    fps                  | 2432       |
|    iterations           | 66         |
|    time_elapsed         | 333        |
|    total_timesteps      | 811008     |
| train/                  |            |
|    approx_kl            | 0.01032815 |
|    clip_fraction        | 0.108      |
|    clip_range           | 0.2        |
|    entropy_loss         | -2.3       |
|    explained_variance   | 0.878      |
|    learning_rate        | 0.0003     |
|    loss                 | 0.631      |
|    n_updates            | 650        |
|    policy_gradient_loss | -0.00529   |
|    std                  | 0.763      |
|    value_loss           | 2.09       |
----------------------------------------
----------------------------------------
| rollout/                |            |
|    ep_len_mean          | 349        |
|    ep_rew_mean          | 54.3       |
|    success_rate         | 0.25       |
| time/                   |            |
|    fps                  | 2431       |
|    iterations           | 67         |
|    time_elapsed         | 338        |
|    total_timesteps      | 823296     |
| train/                  |            |
|    approx_kl            | 0.01098003 |
|    clip_fraction        | 0.121      |
|    clip_range           | 0.2        |
|    entropy_loss         | -2.29      |
|    explained_variance   | 0.881      |
|    learning_rate        | 0.0003     |
|    loss                 | 0.291      |
|    n_updates            | 660        |
|    policy_gradient_loss | -0.00574   |
|    std                  | 0.76       |
|    value_loss           | 1.54       |
----------------------------------------
------------------------------------------
| rollout/                |              |
|    ep_len_mean          | 348          |
|    ep_rew_mean          | 57.2         |
|    success_rate         | 0.26         |
| time/                   |              |
|    fps                  | 2431         |
|    iterations           | 68           |
|    time_elapsed         | 343          |
|    total_timesteps      | 835584       |
| train/                  |              |
|    approx_kl            | 0.0102234995 |
|    clip_fraction        | 0.105        |
|    clip_range           | 0.2          |
|    entropy_loss         | -2.28        |
|    explained_variance   | 0.868        |
|    learning_rate        | 0.0003       |
|    loss                 | 1.14         |
|    n_updates            | 670          |
|    policy_gradient_loss | -0.005       |
|    std                  | 0.753        |
|    value_loss           | 2.44         |
------------------------------------------
------------------------------------------
| rollout/                |              |
|    ep_len_mean          | 339          |
|    ep_rew_mean          | 66.7         |
|    success_rate         | 0.3          |
| time/                   |              |
|    fps                  | 2431         |
|    iterations           | 69           |
|    time_elapsed         | 348          |
|    total_timesteps      | 847872       |
| train/                  |              |
|    approx_kl            | 0.0117576085 |
|    clip_fraction        | 0.119        |
|    clip_range           | 0.2          |
|    entropy_loss         | -2.25        |
|    explained_variance   | 0.889        |
|    learning_rate        | 0.0003       |
|    loss                 | 0.382        |
|    n_updates            | 680          |
|    policy_gradient_loss | -0.00778     |
|    std                  | 0.744        |
|    value_loss           | 2.17         |
------------------------------------------
-----------------------------------------
| rollout/                |             |
|    ep_len_mean          | 338         |
|    ep_rew_mean          | 66.7        |
|    success_rate         | 0.3         |
| time/                   |             |
|    fps                  | 2430        |
|    iterations           | 70          |
|    time_elapsed         | 353         |
|    total_timesteps      | 860160      |
| train/                  |             |
|    approx_kl            | 0.010349809 |
|    clip_fraction        | 0.108       |
|    clip_range           | 0.2         |
|    entropy_loss         | -2.24       |
|    explained_variance   | 0.899       |
|    learning_rate        | 0.0003      |
|    loss                 | 0.578       |
|    n_updates            | 690         |
|    policy_gradient_loss | -0.00554    |
|    std                  | 0.74        |
|    value_loss           | 2.39        |
-----------------------------------------
----------------------------------------
| rollout/                |            |
|    ep_len_mean          | 327        |
|    ep_rew_mean          | 80.3       |
|    success_rate         | 0.38       |
| time/                   |            |
|    fps                  | 2429       |
|    iterations           | 71         |
|    time_elapsed         | 359        |
|    total_timesteps      | 872448     |
| train/                  |            |
|    approx_kl            | 0.01214527 |
|    clip_fraction        | 0.114      |
|    clip_range           | 0.2        |
|    entropy_loss         | -2.23      |
|    explained_variance   | 0.885      |
|    learning_rate        | 0.0003     |
|    loss                 | 0.653      |
|    n_updates            | 700        |
|    policy_gradient_loss | -0.00533   |
|    std                  | 0.738      |
|    value_loss           | 2.51       |
----------------------------------------
-----------------------------------------
| rollout/                |             |
|    ep_len_mean          | 322         |
|    ep_rew_mean          | 86.4        |
|    success_rate         | 0.41        |
| time/                   |             |
|    fps                  | 2429        |
|    iterations           | 72          |
|    time_elapsed         | 364         |
|    total_timesteps      | 884736      |
| train/                  |             |
|    approx_kl            | 0.011943798 |
|    clip_fraction        | 0.118       |
|    clip_range           | 0.2         |
|    entropy_loss         | -2.22       |
|    explained_variance   | 0.889       |
|    learning_rate        | 0.0003      |
|    loss                 | 1.35        |
|    n_updates            | 710         |
|    policy_gradient_loss | -0.00687    |
|    std                  | 0.734       |
|    value_loss           | 3           |
-----------------------------------------
-----------------------------------------
| rollout/                |             |
|    ep_len_mean          | 327         |
|    ep_rew_mean          | 80.4        |
|    success_rate         | 0.38        |
| time/                   |             |
|    fps                  | 2430        |
|    iterations           | 73          |
|    time_elapsed         | 369         |
|    total_timesteps      | 897024      |
| train/                  |             |
|    approx_kl            | 0.011144131 |
|    clip_fraction        | 0.113       |
|    clip_range           | 0.2         |
|    entropy_loss         | -2.21       |
|    explained_variance   | 0.874       |
|    learning_rate        | 0.0003      |
|    loss                 | 1.03        |
|    n_updates            | 720         |
|    policy_gradient_loss | -0.0057     |
|    std                  | 0.73        |
|    value_loss           | 2.92        |
-----------------------------------------
-----------------------------------------
| rollout/                |             |
|    ep_len_mean          | 339         |
|    ep_rew_mean          | 72          |
|    success_rate         | 0.33        |
| time/                   |             |
|    fps                  | 2429        |
|    iterations           | 74          |
|    time_elapsed         | 374         |
|    total_timesteps      | 909312      |
| train/                  |             |
|    approx_kl            | 0.011658046 |
|    clip_fraction        | 0.129       |
|    clip_range           | 0.2         |
|    entropy_loss         | -2.2        |
|    explained_variance   | 0.912       |
|    learning_rate        | 0.0003      |
|    loss                 | 0.421       |
|    n_updates            | 730         |
|    policy_gradient_loss | -0.00592    |
|    std                  | 0.725       |
|    value_loss           | 1.79        |
-----------------------------------------
-----------------------------------------
| rollout/                |             |
|    ep_len_mean          | 342         |
|    ep_rew_mean          | 72          |
|    success_rate         | 0.33        |
| time/                   |             |
|    fps                  | 2429        |
|    iterations           | 75          |
|    time_elapsed         | 379         |
|    total_timesteps      | 921600      |
| train/                  |             |
|    approx_kl            | 0.010722931 |
|    clip_fraction        | 0.119       |
|    clip_range           | 0.2         |
|    entropy_loss         | -2.18       |
|    explained_variance   | 0.878       |
|    learning_rate        | 0.0003      |
|    loss                 | 0.541       |
|    n_updates            | 740         |
|    policy_gradient_loss | -0.00648    |
|    std                  | 0.719       |
|    value_loss           | 2.12        |
-----------------------------------------
-----------------------------------------
| rollout/                |             |
|    ep_len_mean          | 344         |
|    ep_rew_mean          | 70.4        |
|    success_rate         | 0.31        |
| time/                   |             |
|    fps                  | 2428        |
|    iterations           | 76          |
|    time_elapsed         | 384         |
|    total_timesteps      | 933888      |
| train/                  |             |
|    approx_kl            | 0.012751658 |
|    clip_fraction        | 0.116       |
|    clip_range           | 0.2         |
|    entropy_loss         | -2.18       |
|    explained_variance   | 0.892       |
|    learning_rate        | 0.0003      |
|    loss                 | 0.958       |
|    n_updates            | 750         |
|    policy_gradient_loss | -0.0077     |
|    std                  | 0.718       |
|    value_loss           | 2.48        |
-----------------------------------------
-----------------------------------------
| rollout/                |             |
|    ep_len_mean          | 340         |
|    ep_rew_mean          | 68.8        |
|    success_rate         | 0.31        |
| time/                   |             |
|    fps                  | 2428        |
|    iterations           | 77          |
|    time_elapsed         | 389         |
|    total_timesteps      | 946176      |
| train/                  |             |
|    approx_kl            | 0.011936937 |
|    clip_fraction        | 0.13        |
|    clip_range           | 0.2         |
|    entropy_loss         | -2.16       |
|    explained_variance   | 0.893       |
|    learning_rate        | 0.0003      |
|    loss                 | 0.202       |
|    n_updates            | 760         |
|    policy_gradient_loss | -0.00869    |
|    std                  | 0.711       |
|    value_loss           | 1.67        |
-----------------------------------------
-----------------------------------------
| rollout/                |             |
|    ep_len_mean          | 335         |
|    ep_rew_mean          | 72.9        |
|    success_rate         | 0.33        |
| time/                   |             |
|    fps                  | 2428        |
|    iterations           | 78          |
|    time_elapsed         | 394         |
|    total_timesteps      | 958464      |
| train/                  |             |
|    approx_kl            | 0.013468844 |
|    clip_fraction        | 0.134       |
|    clip_range           | 0.2         |
|    entropy_loss         | -2.15       |
|    explained_variance   | 0.891       |
|    learning_rate        | 0.0003      |
|    loss                 | 0.697       |
|    n_updates            | 770         |
|    policy_gradient_loss | -0.00756    |
|    std                  | 0.71        |
|    value_loss           | 1.49        |
-----------------------------------------
----------------------------------------
| rollout/                |            |
|    ep_len_mean          | 330        |
|    ep_rew_mean          | 76.6       |
|    success_rate         | 0.36       |
| time/                   |            |
|    fps                  | 2427       |
|    iterations           | 79         |
|    time_elapsed         | 399        |
|    total_timesteps      | 970752     |
| train/                  |            |
|    approx_kl            | 0.01150773 |
|    clip_fraction        | 0.134      |
|    clip_range           | 0.2        |
|    entropy_loss         | -2.14      |
|    explained_variance   | 0.91       |
|    learning_rate        | 0.0003     |
|    loss                 | 0.408      |
|    n_updates            | 780        |
|    policy_gradient_loss | -0.00761   |
|    std                  | 0.705      |
|    value_loss           | 1.59       |
----------------------------------------
-----------------------------------------
| rollout/                |             |
|    ep_len_mean          | 337         |
|    ep_rew_mean          | 70.7        |
|    success_rate         | 0.33        |
| time/                   |             |
|    fps                  | 2427        |
|    iterations           | 80          |
|    time_elapsed         | 404         |
|    total_timesteps      | 983040      |
| train/                  |             |
|    approx_kl            | 0.014477941 |
|    clip_fraction        | 0.144       |
|    clip_range           | 0.2         |
|    entropy_loss         | -2.12       |
|    explained_variance   | 0.876       |
|    learning_rate        | 0.0003      |
|    loss                 | 0.209       |
|    n_updates            | 790         |
|    policy_gradient_loss | -0.00816    |
|    std                  | 0.697       |
|    value_loss           | 1.3         |
-----------------------------------------
------------------------------------------
| rollout/                |              |
|    ep_len_mean          | 333          |
|    ep_rew_mean          | 72.6         |
|    success_rate         | 0.34         |
| time/                   |              |
|    fps                  | 2427         |
|    iterations           | 81           |
|    time_elapsed         | 410          |
|    total_timesteps      | 995328       |
| train/                  |              |
|    approx_kl            | 0.0135395015 |
|    clip_fraction        | 0.131        |
|    clip_range           | 0.2          |
|    entropy_loss         | -2.12        |
|    explained_variance   | 0.9          |
|    learning_rate        | 0.0003       |
|    loss                 | 0.22         |
|    n_updates            | 800          |
|    policy_gradient_loss | -0.00922     |
|    std                  | 0.702        |
|    value_loss           | 1.22         |
------------------------------------------
-----------------------------------------
| rollout/                |             |
|    ep_len_mean          | 331         |
|    ep_rew_mean          | 70.8        |
|    success_rate         | 0.33        |
| time/                   |             |
|    fps                  | 2426        |
|    iterations           | 82          |
|    time_elapsed         | 415         |
|    total_timesteps      | 1007616     |
| train/                  |             |
|    approx_kl            | 0.012891054 |
|    clip_fraction        | 0.134       |
|    clip_range           | 0.2         |
|    entropy_loss         | -2.12       |
|    explained_variance   | 0.89        |
|    learning_rate        | 0.0003      |
|    loss                 | 0.431       |
|    n_updates            | 810         |
|    policy_gradient_loss | -0.00967    |
|    std                  | 0.698       |
|    value_loss           | 1.74        |
-----------------------------------------
----------------------------------------
| rollout/                |            |
|    ep_len_mean          | 318        |
|    ep_rew_mean          | 82.6       |
|    success_rate         | 0.38       |
| time/                   |            |
|    fps                  | 2426       |
|    iterations           | 83         |
|    time_elapsed         | 420        |
|    total_timesteps      | 1019904    |
| train/                  |            |
|    approx_kl            | 0.01335224 |
|    clip_fraction        | 0.137      |
|    clip_range           | 0.2        |
|    entropy_loss         | -2.11      |
|    explained_variance   | 0.931      |
|    learning_rate        | 0.0003     |
|    loss                 | 0.189      |
|    n_updates            | 820        |
|    policy_gradient_loss | -0.00764   |
|    std                  | 0.695      |
|    value_loss           | 1.35       |
----------------------------------------
-----------------------------------------
| rollout/                |             |
|    ep_len_mean          | 304         |
|    ep_rew_mean          | 100         |
|    success_rate         | 0.47        |
| time/                   |             |
|    fps                  | 2426        |
|    iterations           | 84          |
|    time_elapsed         | 425         |
|    total_timesteps      | 1032192     |
| train/                  |             |
|    approx_kl            | 0.012648915 |
|    clip_fraction        | 0.12        |
|    clip_range           | 0.2         |
|    entropy_loss         | -2.1        |
|    explained_variance   | 0.893       |
|    learning_rate        | 0.0003      |
|    loss                 | 0.881       |
|    n_updates            | 830         |
|    policy_gradient_loss | -0.00784    |
|    std                  | 0.694       |
|    value_loss           | 1.7         |
-----------------------------------------
-----------------------------------------
| rollout/                |             |
|    ep_len_mean          | 309         |
|    ep_rew_mean          | 100         |
|    success_rate         | 0.47        |
| time/                   |             |
|    fps                  | 2425        |
|    iterations           | 85          |
|    time_elapsed         | 430         |
|    total_timesteps      | 1044480     |
| train/                  |             |
|    approx_kl            | 0.010941394 |
|    clip_fraction        | 0.132       |
|    clip_range           | 0.2         |
|    entropy_loss         | -2.11       |
|    explained_variance   | 0.896       |
|    learning_rate        | 0.0003      |
|    loss                 | 0.262       |
|    n_updates            | 840         |
|    policy_gradient_loss | -0.00607    |
|    std                  | 0.697       |
|    value_loss           | 1.8         |
-----------------------------------------
-----------------------------------------
| rollout/                |             |
|    ep_len_mean          | 304         |
|    ep_rew_mean          | 100         |
|    success_rate         | 0.48        |
| time/                   |             |
|    fps                  | 2425        |
|    iterations           | 86          |
|    time_elapsed         | 435         |
|    total_timesteps      | 1056768     |
| train/                  |             |
|    approx_kl            | 0.010861884 |
|    clip_fraction        | 0.125       |
|    clip_range           | 0.2         |
|    entropy_loss         | -2.11       |
|    explained_variance   | 0.904       |
|    learning_rate        | 0.0003      |
|    loss                 | 0.761       |
|    n_updates            | 850         |
|    policy_gradient_loss | -0.00549    |
|    std                  | 0.697       |
|    value_loss           | 1.81        |
-----------------------------------------
-----------------------------------------
| rollout/                |             |
|    ep_len_mean          | 305         |
|    ep_rew_mean          | 98.2        |
|    success_rate         | 0.47        |
| time/                   |             |
|    fps                  | 2423        |
|    iterations           | 87          |
|    time_elapsed         | 441         |
|    total_timesteps      | 1069056     |
| train/                  |             |
|    approx_kl            | 0.013121071 |
|    clip_fraction        | 0.14        |
|    clip_range           | 0.2         |
|    entropy_loss         | -2.11       |
|    explained_variance   | 0.941       |
|    learning_rate        | 0.0003      |
|    loss                 | 0.697       |
|    n_updates            | 860         |
|    policy_gradient_loss | -0.00898    |
|    std                  | 0.695       |
|    value_loss           | 1.73        |
-----------------------------------------
-----------------------------------------
| rollout/                |             |
|    ep_len_mean          | 305         |
|    ep_rew_mean          | 103         |
|    success_rate         | 0.49        |
| time/                   |             |
|    fps                  | 2422        |
|    iterations           | 88          |
|    time_elapsed         | 446         |
|    total_timesteps      | 1081344     |
| train/                  |             |
|    approx_kl            | 0.013048547 |
|    clip_fraction        | 0.141       |
|    clip_range           | 0.2         |
|    entropy_loss         | -2.1        |
|    explained_variance   | 0.91        |
|    learning_rate        | 0.0003      |
|    loss                 | 0.611       |
|    n_updates            | 870         |
|    policy_gradient_loss | -0.00767    |
|    std                  | 0.694       |
|    value_loss           | 1.23        |
-----------------------------------------
-----------------------------------------
| rollout/                |             |
|    ep_len_mean          | 294         |
|    ep_rew_mean          | 121         |
|    success_rate         | 0.58        |
| time/                   |             |
|    fps                  | 2422        |
|    iterations           | 89          |
|    time_elapsed         | 451         |
|    total_timesteps      | 1093632     |
| train/                  |             |
|    approx_kl            | 0.013243687 |
|    clip_fraction        | 0.125       |
|    clip_range           | 0.2         |
|    entropy_loss         | -2.1        |
|    explained_variance   | 0.845       |
|    learning_rate        | 0.0003      |
|    loss                 | 0.388       |
|    n_updates            | 880         |
|    policy_gradient_loss | -0.0065     |
|    std                  | 0.691       |
|    value_loss           | 1.83        |
-----------------------------------------
----------------------------------------
| rollout/                |            |
|    ep_len_mean          | 280        |
|    ep_rew_mean          | 130        |
|    success_rate         | 0.63       |
| time/                   |            |
|    fps                  | 2422       |
|    iterations           | 90         |
|    time_elapsed         | 456        |
|    total_timesteps      | 1105920    |
| train/                  |            |
|    approx_kl            | 0.01311138 |
|    clip_fraction        | 0.141      |
|    clip_range           | 0.2        |
|    entropy_loss         | -2.1       |
|    explained_variance   | 0.909      |
|    learning_rate        | 0.0003     |
|    loss                 | 0.49       |
|    n_updates            | 890        |
|    policy_gradient_loss | -0.00849   |
|    std                  | 0.694      |
|    value_loss           | 1.71       |
----------------------------------------
-----------------------------------------
| rollout/                |             |
|    ep_len_mean          | 289         |
|    ep_rew_mean          | 119         |
|    success_rate         | 0.56        |
| time/                   |             |
|    fps                  | 2422        |
|    iterations           | 91          |
|    time_elapsed         | 461         |
|    total_timesteps      | 1118208     |
| train/                  |             |
|    approx_kl            | 0.011422095 |
|    clip_fraction        | 0.118       |
|    clip_range           | 0.2         |
|    entropy_loss         | -2.1        |
|    explained_variance   | 0.845       |
|    learning_rate        | 0.0003      |
|    loss                 | 0.755       |
|    n_updates            | 900         |
|    policy_gradient_loss | -0.00805    |
|    std                  | 0.696       |
|    value_loss           | 2.19        |
-----------------------------------------
-----------------------------------------
| rollout/                |             |
|    ep_len_mean          | 286         |
|    ep_rew_mean          | 120         |
|    success_rate         | 0.56        |
| time/                   |             |
|    fps                  | 2421        |
|    iterations           | 92          |
|    time_elapsed         | 466         |
|    total_timesteps      | 1130496     |
| train/                  |             |
|    approx_kl            | 0.014841375 |
|    clip_fraction        | 0.151       |
|    clip_range           | 0.2         |
|    entropy_loss         | -2.1        |
|    explained_variance   | 0.928       |
|    learning_rate        | 0.0003      |
|    loss                 | 0.438       |
|    n_updates            | 910         |
|    policy_gradient_loss | -0.0109     |
|    std                  | 0.69        |
|    value_loss           | 1.38        |
-----------------------------------------
------------------------------------------
| rollout/                |              |
|    ep_len_mean          | 287          |
|    ep_rew_mean          | 116          |
|    success_rate         | 0.55         |
| time/                   |              |
|    fps                  | 2421         |
|    iterations           | 93           |
|    time_elapsed         | 472          |
|    total_timesteps      | 1142784      |
| train/                  |              |
|    approx_kl            | 0.0128124235 |
|    clip_fraction        | 0.128        |
|    clip_range           | 0.2          |
|    entropy_loss         | -2.08        |
|    explained_variance   | 0.9          |
|    learning_rate        | 0.0003       |
|    loss                 | 0.362        |
|    n_updates            | 920          |
|    policy_gradient_loss | -0.00732     |
|    std                  | 0.686        |
|    value_loss           | 1.56         |
------------------------------------------
-----------------------------------------
| rollout/                |             |
|    ep_len_mean          | 288         |
|    ep_rew_mean          | 122         |
|    success_rate         | 0.58        |
| time/                   |             |
|    fps                  | 2420        |
|    iterations           | 94          |
|    time_elapsed         | 477         |
|    total_timesteps      | 1155072     |
| train/                  |             |
|    approx_kl            | 0.013436441 |
|    clip_fraction        | 0.137       |
|    clip_range           | 0.2         |
|    entropy_loss         | -2.09       |
|    explained_variance   | 0.913       |
|    learning_rate        | 0.0003      |
|    loss                 | 0.476       |
|    n_updates            | 930         |
|    policy_gradient_loss | -0.00966    |
|    std                  | 0.689       |
|    value_loss           | 1.38        |
-----------------------------------------
------------------------------------------
| rollout/                |              |
|    ep_len_mean          | 280          |
|    ep_rew_mean          | 129          |
|    success_rate         | 0.62         |
| time/                   |              |
|    fps                  | 2420         |
|    iterations           | 95           |
|    time_elapsed         | 482          |
|    total_timesteps      | 1167360      |
| train/                  |              |
|    approx_kl            | 0.0126409605 |
|    clip_fraction        | 0.127        |
|    clip_range           | 0.2          |
|    entropy_loss         | -2.08        |
|    explained_variance   | 0.906        |
|    learning_rate        | 0.0003       |
|    loss                 | 0.373        |
|    n_updates            | 940          |
|    policy_gradient_loss | -0.00689     |
|    std                  | 0.685        |
|    value_loss           | 1.45         |
------------------------------------------
-----------------------------------------
| rollout/                |             |
|    ep_len_mean          | 281         |
|    ep_rew_mean          | 121         |
|    success_rate         | 0.57        |
| time/                   |             |
|    fps                  | 2420        |
|    iterations           | 96          |
|    time_elapsed         | 487         |
|    total_timesteps      | 1179648     |
| train/                  |             |
|    approx_kl            | 0.011293292 |
|    clip_fraction        | 0.128       |
|    clip_range           | 0.2         |
|    entropy_loss         | -2.08       |
|    explained_variance   | 0.916       |
|    learning_rate        | 0.0003      |
|    loss                 | 0.305       |
|    n_updates            | 950         |
|    policy_gradient_loss | -0.00691    |
|    std                  | 0.687       |
|    value_loss           | 1.54        |
-----------------------------------------
-----------------------------------------
| rollout/                |             |
|    ep_len_mean          | 277         |
|    ep_rew_mean          | 127         |
|    success_rate         | 0.6         |
| time/                   |             |
|    fps                  | 2420        |
|    iterations           | 97          |
|    time_elapsed         | 492         |
|    total_timesteps      | 1191936     |
| train/                  |             |
|    approx_kl            | 0.011855573 |
|    clip_fraction        | 0.136       |
|    clip_range           | 0.2         |
|    entropy_loss         | -2.08       |
|    explained_variance   | 0.891       |
|    learning_rate        | 0.0003      |
|    loss                 | 0.186       |
|    n_updates            | 960         |
|    policy_gradient_loss | -0.00691    |
|    std                  | 0.685       |
|    value_loss           | 1.16        |
-----------------------------------------
-----------------------------------------
| rollout/                |             |
|    ep_len_mean          | 267         |
|    ep_rew_mean          | 144         |
|    success_rate         | 0.68        |
| time/                   |             |
|    fps                  | 2420        |
|    iterations           | 98          |
|    time_elapsed         | 497         |
|    total_timesteps      | 1204224     |
| train/                  |             |
|    approx_kl            | 0.013236713 |
|    clip_fraction        | 0.143       |
|    clip_range           | 0.2         |
|    entropy_loss         | -2.07       |
|    explained_variance   | 0.905       |
|    learning_rate        | 0.0003      |
|    loss                 | 0.655       |
|    n_updates            | 970         |
|    policy_gradient_loss | -0.00745    |
|    std                  | 0.683       |
|    value_loss           | 1.34        |
-----------------------------------------
-----------------------------------------
| rollout/                |             |
|    ep_len_mean          | 274         |
|    ep_rew_mean          | 139         |
|    success_rate         | 0.66        |
| time/                   |             |
|    fps                  | 2420        |
|    iterations           | 99          |
|    time_elapsed         | 502         |
|    total_timesteps      | 1216512     |
| train/                  |             |
|    approx_kl            | 0.014616109 |
|    clip_fraction        | 0.144       |
|    clip_range           | 0.2         |
|    entropy_loss         | -2.07       |
|    explained_variance   | 0.876       |
|    learning_rate        | 0.0003      |
|    loss                 | 0.318       |
|    n_updates            | 980         |
|    policy_gradient_loss | -0.00865    |
|    std                  | 0.681       |
|    value_loss           | 1.25        |
-----------------------------------------
------------------------------------------
| rollout/                |              |
|    ep_len_mean          | 275          |
|    ep_rew_mean          | 131          |
|    success_rate         | 0.62         |
| time/                   |              |
|    fps                  | 2419         |
|    iterations           | 100          |
|    time_elapsed         | 507          |
|    total_timesteps      | 1228800      |
| train/                  |              |
|    approx_kl            | 0.0118337935 |
|    clip_fraction        | 0.125        |
|    clip_range           | 0.2          |
|    entropy_loss         | -2.07        |
|    explained_variance   | 0.919        |
|    learning_rate        | 0.0003       |
|    loss                 | 0.188        |
|    n_updates            | 990          |
|    policy_gradient_loss | -0.00641     |
|    std                  | 0.683        |
|    value_loss           | 1.25         |
------------------------------------------
-----------------------------------------
| rollout/                |             |
|    ep_len_mean          | 279         |
|    ep_rew_mean          | 118         |
|    success_rate         | 0.56        |
| time/                   |             |
|    fps                  | 2419        |
|    iterations           | 101         |
|    time_elapsed         | 512         |
|    total_timesteps      | 1241088     |
| train/                  |             |
|    approx_kl            | 0.012291975 |
|    clip_fraction        | 0.138       |
|    clip_range           | 0.2         |
|    entropy_loss         | -2.06       |
|    explained_variance   | 0.906       |
|    learning_rate        | 0.0003      |
|    loss                 | 0.443       |
|    n_updates            | 1000        |
|    policy_gradient_loss | -0.00807    |
|    std                  | 0.677       |
|    value_loss           | 1.1         |
-----------------------------------------
-----------------------------------------
| rollout/                |             |
|    ep_len_mean          | 274         |
|    ep_rew_mean          | 119         |
|    success_rate         | 0.57        |
| time/                   |             |
|    fps                  | 2418        |
|    iterations           | 102         |
|    time_elapsed         | 518         |
|    total_timesteps      | 1253376     |
| train/                  |             |
|    approx_kl            | 0.013349068 |
|    clip_fraction        | 0.137       |
|    clip_range           | 0.2         |
|    entropy_loss         | -2.05       |
|    explained_variance   | 0.894       |
|    learning_rate        | 0.0003      |
|    loss                 | 0.18        |
|    n_updates            | 1010        |
|    policy_gradient_loss | -0.00901    |
|    std                  | 0.677       |
|    value_loss           | 0.972       |
-----------------------------------------
-----------------------------------------
| rollout/                |             |
|    ep_len_mean          | 264         |
|    ep_rew_mean          | 129         |
|    success_rate         | 0.62        |
| time/                   |             |
|    fps                  | 2418        |
|    iterations           | 103         |
|    time_elapsed         | 523         |
|    total_timesteps      | 1265664     |
| train/                  |             |
|    approx_kl            | 0.012659973 |
|    clip_fraction        | 0.13        |
|    clip_range           | 0.2         |
|    entropy_loss         | -2.04       |
|    explained_variance   | 0.903       |
|    learning_rate        | 0.0003      |
|    loss                 | 0.264       |
|    n_updates            | 1020        |
|    policy_gradient_loss | -0.00827    |
|    std                  | 0.671       |
|    value_loss           | 1.15        |
-----------------------------------------
----------------------------------------
| rollout/                |            |
|    ep_len_mean          | 279        |
|    ep_rew_mean          | 116        |
|    success_rate         | 0.56       |
| time/                   |            |
|    fps                  | 2418       |
|    iterations           | 104        |
|    time_elapsed         | 528        |
|    total_timesteps      | 1277952    |
| train/                  |            |
|    approx_kl            | 0.01291817 |
|    clip_fraction        | 0.134      |
|    clip_range           | 0.2        |
|    entropy_loss         | -2.04      |
|    explained_variance   | 0.91       |
|    learning_rate        | 0.0003     |
|    loss                 | 0.357      |
|    n_updates            | 1030       |
|    policy_gradient_loss | -0.00826   |
|    std                  | 0.675      |
|    value_loss           | 1.08       |
----------------------------------------
-----------------------------------------
| rollout/                |             |
|    ep_len_mean          | 287         |
|    ep_rew_mean          | 112         |
|    success_rate         | 0.53        |
| time/                   |             |
|    fps                  | 2418        |
|    iterations           | 105         |
|    time_elapsed         | 533         |
|    total_timesteps      | 1290240     |
| train/                  |             |
|    approx_kl            | 0.012824458 |
|    clip_fraction        | 0.141       |
|    clip_range           | 0.2         |
|    entropy_loss         | -2.05       |
|    explained_variance   | 0.914       |
|    learning_rate        | 0.0003      |
|    loss                 | 0.177       |
|    n_updates            | 1040        |
|    policy_gradient_loss | -0.00871    |
|    std                  | 0.678       |
|    value_loss           | 0.809       |
-----------------------------------------
----------------------------------------
| rollout/                |            |
|    ep_len_mean          | 286        |
|    ep_rew_mean          | 116        |
|    success_rate         | 0.54       |
| time/                   |            |
|    fps                  | 2418       |
|    iterations           | 106        |
|    time_elapsed         | 538        |
|    total_timesteps      | 1302528    |
| train/                  |            |
|    approx_kl            | 0.01258928 |
|    clip_fraction        | 0.14       |
|    clip_range           | 0.2        |
|    entropy_loss         | -2.05      |
|    explained_variance   | 0.917      |
|    learning_rate        | 0.0003     |
|    loss                 | 0.441      |
|    n_updates            | 1050       |
|    policy_gradient_loss | -0.0082    |
|    std                  | 0.674      |
|    value_loss           | 0.89       |
----------------------------------------
-----------------------------------------
| rollout/                |             |
|    ep_len_mean          | 263         |
|    ep_rew_mean          | 136         |
|    success_rate         | 0.65        |
| time/                   |             |
|    fps                  | 2417        |
|    iterations           | 107         |
|    time_elapsed         | 543         |
|    total_timesteps      | 1314816     |
| train/                  |             |
|    approx_kl            | 0.015094188 |
|    clip_fraction        | 0.129       |
|    clip_range           | 0.2         |
|    entropy_loss         | -2.03       |
|    explained_variance   | 0.893       |
|    learning_rate        | 0.0003      |
|    loss                 | 0.442       |
|    n_updates            | 1060        |
|    policy_gradient_loss | -0.00803    |
|    std                  | 0.669       |
|    value_loss           | 1.18        |
-----------------------------------------
-----------------------------------------
| rollout/                |             |
|    ep_len_mean          | 248         |
|    ep_rew_mean          | 142         |
|    success_rate         | 0.69        |
| time/                   |             |
|    fps                  | 2417        |
|    iterations           | 108         |
|    time_elapsed         | 548         |
|    total_timesteps      | 1327104     |
| train/                  |             |
|    approx_kl            | 0.013976228 |
|    clip_fraction        | 0.148       |
|    clip_range           | 0.2         |
|    entropy_loss         | -2.02       |
|    explained_variance   | 0.846       |
|    learning_rate        | 0.0003      |
|    loss                 | 0.382       |
|    n_updates            | 1070        |
|    policy_gradient_loss | -0.00908    |
|    std                  | 0.663       |
|    value_loss           | 1.05        |
-----------------------------------------
----------------------------------------
| rollout/                |            |
|    ep_len_mean          | 266        |
|    ep_rew_mean          | 126        |
|    success_rate         | 0.61       |
| time/                   |            |
|    fps                  | 2417       |
|    iterations           | 109        |
|    time_elapsed         | 554        |
|    total_timesteps      | 1339392    |
| train/                  |            |
|    approx_kl            | 0.01398163 |
|    clip_fraction        | 0.144      |
|    clip_range           | 0.2        |
|    entropy_loss         | -2.01      |
|    explained_variance   | 0.84       |
|    learning_rate        | 0.0003     |
|    loss                 | 0.371      |
|    n_updates            | 1080       |
|    policy_gradient_loss | -0.00911   |
|    std                  | 0.662      |
|    value_loss           | 0.985      |
----------------------------------------
-----------------------------------------
| rollout/                |             |
|    ep_len_mean          | 279         |
|    ep_rew_mean          | 114         |
|    success_rate         | 0.55        |
| time/                   |             |
|    fps                  | 2416        |
|    iterations           | 110         |
|    time_elapsed         | 559         |
|    total_timesteps      | 1351680     |
| train/                  |             |
|    approx_kl            | 0.015096258 |
|    clip_fraction        | 0.157       |
|    clip_range           | 0.2         |
|    entropy_loss         | -2          |
|    explained_variance   | 0.883       |
|    learning_rate        | 0.0003      |
|    loss                 | 0.198       |
|    n_updates            | 1090        |
|    policy_gradient_loss | -0.00987    |
|    std                  | 0.659       |
|    value_loss           | 0.72        |
-----------------------------------------
---------------------------------------
| rollout/                |           |
|    ep_len_mean          | 265       |
|    ep_rew_mean          | 126       |
|    success_rate         | 0.61      |
| time/                   |           |
|    fps                  | 2416      |
|    iterations           | 111       |
|    time_elapsed         | 564       |
|    total_timesteps      | 1363968   |
| train/                  |           |
|    approx_kl            | 0.0159591 |
|    clip_fraction        | 0.162     |
|    clip_range           | 0.2       |
|    entropy_loss         | -2        |
|    explained_variance   | 0.903     |
|    learning_rate        | 0.0003    |
|    loss                 | 0.107     |
|    n_updates            | 1100      |
|    policy_gradient_loss | -0.00985  |
|    std                  | 0.659     |
|    value_loss           | 0.718     |
---------------------------------------
-----------------------------------------
| rollout/                |             |
|    ep_len_mean          | 267         |
|    ep_rew_mean          | 130         |
|    success_rate         | 0.62        |
| time/                   |             |
|    fps                  | 2416        |
|    iterations           | 112         |
|    time_elapsed         | 569         |
|    total_timesteps      | 1376256     |
| train/                  |             |
|    approx_kl            | 0.013945084 |
|    clip_fraction        | 0.132       |
|    clip_range           | 0.2         |
|    entropy_loss         | -1.99       |
|    explained_variance   | 0.917       |
|    learning_rate        | 0.0003      |
|    loss                 | 0.463       |
|    n_updates            | 1110        |
|    policy_gradient_loss | -0.0102     |
|    std                  | 0.654       |
|    value_loss           | 0.852       |
-----------------------------------------
-----------------------------------------
| rollout/                |             |
|    ep_len_mean          | 262         |
|    ep_rew_mean          | 132         |
|    success_rate         | 0.63        |
| time/                   |             |
|    fps                  | 2415        |
|    iterations           | 113         |
|    time_elapsed         | 574         |
|    total_timesteps      | 1388544     |
| train/                  |             |
|    approx_kl            | 0.012889768 |
|    clip_fraction        | 0.129       |
|    clip_range           | 0.2         |
|    entropy_loss         | -1.99       |
|    explained_variance   | 0.88        |
|    learning_rate        | 0.0003      |
|    loss                 | 0.185       |
|    n_updates            | 1120        |
|    policy_gradient_loss | -0.00687    |
|    std                  | 0.655       |
|    value_loss           | 0.904       |
-----------------------------------------
------------------------------------------
| rollout/                |              |
|    ep_len_mean          | 250          |
|    ep_rew_mean          | 141          |
|    success_rate         | 0.68         |
| time/                   |              |
|    fps                  | 2415         |
|    iterations           | 114          |
|    time_elapsed         | 579          |
|    total_timesteps      | 1400832      |
| train/                  |              |
|    approx_kl            | 0.0143757695 |
|    clip_fraction        | 0.145        |
|    clip_range           | 0.2          |
|    entropy_loss         | -1.97        |
|    explained_variance   | 0.938        |
|    learning_rate        | 0.0003       |
|    loss                 | 0.397        |
|    n_updates            | 1130         |
|    policy_gradient_loss | -0.00917     |
|    std                  | 0.652        |
|    value_loss           | 0.874        |
------------------------------------------
------------------------------------------
| rollout/                |              |
|    ep_len_mean          | 244          |
|    ep_rew_mean          | 151          |
|    success_rate         | 0.73         |
| time/                   |              |
|    fps                  | 2415         |
|    iterations           | 115          |
|    time_elapsed         | 585          |
|    total_timesteps      | 1413120      |
| train/                  |              |
|    approx_kl            | 0.0141260745 |
|    clip_fraction        | 0.15         |
|    clip_range           | 0.2          |
|    entropy_loss         | -1.98        |
|    explained_variance   | 0.919        |
|    learning_rate        | 0.0003       |
|    loss                 | 0.332        |
|    n_updates            | 1140         |
|    policy_gradient_loss | -0.00981     |
|    std                  | 0.654        |
|    value_loss           | 0.798        |
------------------------------------------
-----------------------------------------
| rollout/                |             |
|    ep_len_mean          | 260         |
|    ep_rew_mean          | 136         |
|    success_rate         | 0.65        |
| time/                   |             |
|    fps                  | 2415        |
|    iterations           | 116         |
|    time_elapsed         | 590         |
|    total_timesteps      | 1425408     |
| train/                  |             |
|    approx_kl            | 0.014501631 |
|    clip_fraction        | 0.148       |
|    clip_range           | 0.2         |
|    entropy_loss         | -1.97       |
|    explained_variance   | 0.913       |
|    learning_rate        | 0.0003      |
|    loss                 | 0.164       |
|    n_updates            | 1150        |
|    policy_gradient_loss | -0.0104     |
|    std                  | 0.651       |
|    value_loss           | 0.926       |
-----------------------------------------
------------------------------------------
| rollout/                |              |
|    ep_len_mean          | 267          |
|    ep_rew_mean          | 134          |
|    success_rate         | 0.63         |
| time/                   |              |
|    fps                  | 2414         |
|    iterations           | 117          |
|    time_elapsed         | 595          |
|    total_timesteps      | 1437696      |
| train/                  |              |
|    approx_kl            | 0.0138381375 |
|    clip_fraction        | 0.148        |
|    clip_range           | 0.2          |
|    entropy_loss         | -1.97        |
|    explained_variance   | 0.915        |
|    learning_rate        | 0.0003       |
|    loss                 | 0.18         |
|    n_updates            | 1160         |
|    policy_gradient_loss | -0.00928     |
|    std                  | 0.648        |
|    value_loss           | 0.809        |
------------------------------------------
-----------------------------------------
| rollout/                |             |
|    ep_len_mean          | 278         |
|    ep_rew_mean          | 130         |
|    success_rate         | 0.61        |
| time/                   |             |
|    fps                  | 2414        |
|    iterations           | 118         |
|    time_elapsed         | 600         |
|    total_timesteps      | 1449984     |
| train/                  |             |
|    approx_kl            | 0.014741589 |
|    clip_fraction        | 0.145       |
|    clip_range           | 0.2         |
|    entropy_loss         | -1.95       |
|    explained_variance   | 0.886       |
|    learning_rate        | 0.0003      |
|    loss                 | 0.175       |
|    n_updates            | 1170        |
|    policy_gradient_loss | -0.00745    |
|    std                  | 0.644       |
|    value_loss           | 0.83        |
-----------------------------------------
-----------------------------------------
| rollout/                |             |
|    ep_len_mean          | 253         |
|    ep_rew_mean          | 149         |
|    success_rate         | 0.71        |
| time/                   |             |
|    fps                  | 2414        |
|    iterations           | 119         |
|    time_elapsed         | 605         |
|    total_timesteps      | 1462272     |
| train/                  |             |
|    approx_kl            | 0.015502284 |
|    clip_fraction        | 0.16        |
|    clip_range           | 0.2         |
|    entropy_loss         | -1.95       |
|    explained_variance   | 0.891       |
|    learning_rate        | 0.0003      |
|    loss                 | 0.192       |
|    n_updates            | 1180        |
|    policy_gradient_loss | -0.0103     |
|    std                  | 0.643       |
|    value_loss           | 0.809       |
-----------------------------------------
-----------------------------------------
| rollout/                |             |
|    ep_len_mean          | 223         |
|    ep_rew_mean          | 166         |
|    success_rate         | 0.8         |
| time/                   |             |
|    fps                  | 2413        |
|    iterations           | 120         |
|    time_elapsed         | 610         |
|    total_timesteps      | 1474560     |
| train/                  |             |
|    approx_kl            | 0.014662842 |
|    clip_fraction        | 0.148       |
|    clip_range           | 0.2         |
|    entropy_loss         | -1.93       |
|    explained_variance   | 0.843       |
|    learning_rate        | 0.0003      |
|    loss                 | 0.32        |
|    n_updates            | 1190        |
|    policy_gradient_loss | -0.0077     |
|    std                  | 0.635       |
|    value_loss           | 0.849       |
-----------------------------------------
-----------------------------------------
| rollout/                |             |
|    ep_len_mean          | 247         |
|    ep_rew_mean          | 147         |
|    success_rate         | 0.71        |
| time/                   |             |
|    fps                  | 2413        |
|    iterations           | 121         |
|    time_elapsed         | 616         |
|    total_timesteps      | 1486848     |
| train/                  |             |
|    approx_kl            | 0.015137081 |
|    clip_fraction        | 0.154       |
|    clip_range           | 0.2         |
|    entropy_loss         | -1.93       |
|    explained_variance   | 0.893       |
|    learning_rate        | 0.0003      |
|    loss                 | 0.302       |
|    n_updates            | 1200        |
|    policy_gradient_loss | -0.00972    |
|    std                  | 0.638       |
|    value_loss           | 0.803       |
-----------------------------------------
-----------------------------------------
| rollout/                |             |
|    ep_len_mean          | 263         |
|    ep_rew_mean          | 133         |
|    success_rate         | 0.64        |
| time/                   |             |
|    fps                  | 2413        |
|    iterations           | 122         |
|    time_elapsed         | 621         |
|    total_timesteps      | 1499136     |
| train/                  |             |
|    approx_kl            | 0.016744977 |
|    clip_fraction        | 0.161       |
|    clip_range           | 0.2         |
|    entropy_loss         | -1.95       |
|    explained_variance   | 0.933       |
|    learning_rate        | 0.0003      |
|    loss                 | 0.422       |
|    n_updates            | 1210        |
|    policy_gradient_loss | -0.0112     |
|    std                  | 0.648       |
|    value_loss           | 0.762       |
-----------------------------------------
-----------------------------------------
| rollout/                |             |
|    ep_len_mean          | 258         |
|    ep_rew_mean          | 139         |
|    success_rate         | 0.66        |
| time/                   |             |
|    fps                  | 2412        |
|    iterations           | 123         |
|    time_elapsed         | 626         |
|    total_timesteps      | 1511424     |
| train/                  |             |
|    approx_kl            | 0.014899912 |
|    clip_fraction        | 0.15        |
|    clip_range           | 0.2         |
|    entropy_loss         | -1.96       |
|    explained_variance   | 0.901       |
|    learning_rate        | 0.0003      |
|    loss                 | 0.328       |
|    n_updates            | 1220        |
|    policy_gradient_loss | -0.01       |
|    std                  | 0.647       |
|    value_loss           | 0.849       |
-----------------------------------------
-----------------------------------------
| rollout/                |             |
|    ep_len_mean          | 251         |
|    ep_rew_mean          | 142         |
|    success_rate         | 0.68        |
| time/                   |             |
|    fps                  | 2412        |
|    iterations           | 124         |
|    time_elapsed         | 631         |
|    total_timesteps      | 1523712     |
| train/                  |             |
|    approx_kl            | 0.014619949 |
|    clip_fraction        | 0.154       |
|    clip_range           | 0.2         |
|    entropy_loss         | -1.95       |
|    explained_variance   | 0.915       |
|    learning_rate        | 0.0003      |
|    loss                 | 0.358       |
|    n_updates            | 1230        |
|    policy_gradient_loss | -0.01       |
|    std                  | 0.644       |
|    value_loss           | 0.646       |
-----------------------------------------
-----------------------------------------
| rollout/                |             |
|    ep_len_mean          | 240         |
|    ep_rew_mean          | 149         |
|    success_rate         | 0.72        |
| time/                   |             |
|    fps                  | 2412        |
|    iterations           | 125         |
|    time_elapsed         | 636         |
|    total_timesteps      | 1536000     |
| train/                  |             |
|    approx_kl            | 0.014626066 |
|    clip_fraction        | 0.144       |
|    clip_range           | 0.2         |
|    entropy_loss         | -1.95       |
|    explained_variance   | 0.918       |
|    learning_rate        | 0.0003      |
|    loss                 | 0.153       |
|    n_updates            | 1240        |
|    policy_gradient_loss | -0.0084     |
|    std                  | 0.642       |
|    value_loss           | 0.834       |
-----------------------------------------
-----------------------------------------
| rollout/                |             |
|    ep_len_mean          | 249         |
|    ep_rew_mean          | 142         |
|    success_rate         | 0.69        |
| time/                   |             |
|    fps                  | 2412        |
|    iterations           | 126         |
|    time_elapsed         | 641         |
|    total_timesteps      | 1548288     |
| train/                  |             |
|    approx_kl            | 0.016233377 |
|    clip_fraction        | 0.164       |
|    clip_range           | 0.2         |
|    entropy_loss         | -1.94       |
|    explained_variance   | 0.905       |
|    learning_rate        | 0.0003      |
|    loss                 | 0.11        |
|    n_updates            | 1250        |
|    policy_gradient_loss | -0.0113     |
|    std                  | 0.639       |
|    value_loss           | 0.628       |
-----------------------------------------
-----------------------------------------
| rollout/                |             |
|    ep_len_mean          | 255         |
|    ep_rew_mean          | 137         |
|    success_rate         | 0.66        |
| time/                   |             |
|    fps                  | 2412        |
|    iterations           | 127         |
|    time_elapsed         | 646         |
|    total_timesteps      | 1560576     |
| train/                  |             |
|    approx_kl            | 0.014740887 |
|    clip_fraction        | 0.16        |
|    clip_range           | 0.2         |
|    entropy_loss         | -1.93       |
|    explained_variance   | 0.855       |
|    learning_rate        | 0.0003      |
|    loss                 | 0.283       |
|    n_updates            | 1260        |
|    policy_gradient_loss | -0.00983    |
|    std                  | 0.637       |
|    value_loss           | 0.628       |
-----------------------------------------
----------------------------------------
| rollout/                |            |
|    ep_len_mean          | 255        |
|    ep_rew_mean          | 140        |
|    success_rate         | 0.67       |
| time/                   |            |
|    fps                  | 2411       |
|    iterations           | 128        |
|    time_elapsed         | 652        |
|    total_timesteps      | 1572864    |
| train/                  |            |
|    approx_kl            | 0.01461662 |
|    clip_fraction        | 0.15       |
|    clip_range           | 0.2        |
|    entropy_loss         | -1.92      |
|    explained_variance   | 0.923      |
|    learning_rate        | 0.0003     |
|    loss                 | 0.299      |
|    n_updates            | 1270       |
|    policy_gradient_loss | -0.00995   |
|    std                  | 0.636      |
|    value_loss           | 0.595      |
----------------------------------------
-----------------------------------------
| rollout/                |             |
|    ep_len_mean          | 252         |
|    ep_rew_mean          | 142         |
|    success_rate         | 0.68        |
| time/                   |             |
|    fps                  | 2411        |
|    iterations           | 129         |
|    time_elapsed         | 657         |
|    total_timesteps      | 1585152     |
| train/                  |             |
|    approx_kl            | 0.013865672 |
|    clip_fraction        | 0.157       |
|    clip_range           | 0.2         |
|    entropy_loss         | -1.91       |
|    explained_variance   | 0.898       |
|    learning_rate        | 0.0003      |
|    loss                 | 0.11        |
|    n_updates            | 1280        |
|    policy_gradient_loss | -0.00927    |
|    std                  | 0.633       |
|    value_loss           | 0.665       |
-----------------------------------------
-----------------------------------------
| rollout/                |             |
|    ep_len_mean          | 245         |
|    ep_rew_mean          | 147         |
|    success_rate         | 0.7         |
| time/                   |             |
|    fps                  | 2411        |
|    iterations           | 130         |
|    time_elapsed         | 662         |
|    total_timesteps      | 1597440     |
| train/                  |             |
|    approx_kl            | 0.015250832 |
|    clip_fraction        | 0.149       |
|    clip_range           | 0.2         |
|    entropy_loss         | -1.92       |
|    explained_variance   | 0.936       |
|    learning_rate        | 0.0003      |
|    loss                 | 0.326       |
|    n_updates            | 1290        |
|    policy_gradient_loss | -0.01       |
|    std                  | 0.637       |
|    value_loss           | 0.649       |
-----------------------------------------
-----------------------------------------
| rollout/                |             |
|    ep_len_mean          | 226         |
|    ep_rew_mean          | 164         |
|    success_rate         | 0.79        |
| time/                   |             |
|    fps                  | 2411        |
|    iterations           | 131         |
|    time_elapsed         | 667         |
|    total_timesteps      | 1609728     |
| train/                  |             |
|    approx_kl            | 0.014463061 |
|    clip_fraction        | 0.144       |
|    clip_range           | 0.2         |
|    entropy_loss         | -1.93       |
|    explained_variance   | 0.93        |
|    learning_rate        | 0.0003      |
|    loss                 | 0.153       |
|    n_updates            | 1300        |
|    policy_gradient_loss | -0.00939    |
|    std                  | 0.642       |
|    value_loss           | 0.627       |
-----------------------------------------
-----------------------------------------
| rollout/                |             |
|    ep_len_mean          | 224         |
|    ep_rew_mean          | 164         |
|    success_rate         | 0.79        |
| time/                   |             |
|    fps                  | 2411        |
|    iterations           | 132         |
|    time_elapsed         | 672         |
|    total_timesteps      | 1622016     |
| train/                  |             |
|    approx_kl            | 0.015419889 |
|    clip_fraction        | 0.157       |
|    clip_range           | 0.2         |
|    entropy_loss         | -1.95       |
|    explained_variance   | 0.914       |
|    learning_rate        | 0.0003      |
|    loss                 | 0.203       |
|    n_updates            | 1310        |
|    policy_gradient_loss | -0.00923    |
|    std                  | 0.643       |
|    value_loss           | 0.668       |
-----------------------------------------
-----------------------------------------
| rollout/                |             |
|    ep_len_mean          | 254         |
|    ep_rew_mean          | 137         |
|    success_rate         | 0.66        |
| time/                   |             |
|    fps                  | 2410        |
|    iterations           | 133         |
|    time_elapsed         | 677         |
|    total_timesteps      | 1634304     |
| train/                  |             |
|    approx_kl            | 0.014420006 |
|    clip_fraction        | 0.154       |
|    clip_range           | 0.2         |
|    entropy_loss         | -1.95       |
|    explained_variance   | 0.936       |
|    learning_rate        | 0.0003      |
|    loss                 | 0.108       |
|    n_updates            | 1320        |
|    policy_gradient_loss | -0.00835    |
|    std                  | 0.646       |
|    value_loss           | 0.584       |
-----------------------------------------
-----------------------------------------
| rollout/                |             |
|    ep_len_mean          | 253         |
|    ep_rew_mean          | 137         |
|    success_rate         | 0.66        |
| time/                   |             |
|    fps                  | 2410        |
|    iterations           | 134         |
|    time_elapsed         | 683         |
|    total_timesteps      | 1646592     |
| train/                  |             |
|    approx_kl            | 0.013571207 |
|    clip_fraction        | 0.138       |
|    clip_range           | 0.2         |
|    entropy_loss         | -1.95       |
|    explained_variance   | 0.948       |
|    learning_rate        | 0.0003      |
|    loss                 | 0.184       |
|    n_updates            | 1330        |
|    policy_gradient_loss | -0.0084     |
|    std                  | 0.646       |
|    value_loss           | 0.676       |
-----------------------------------------
-----------------------------------------
| rollout/                |             |
|    ep_len_mean          | 241         |
|    ep_rew_mean          | 148         |
|    success_rate         | 0.71        |
| time/                   |             |
|    fps                  | 2410        |
|    iterations           | 135         |
|    time_elapsed         | 688         |
|    total_timesteps      | 1658880     |
| train/                  |             |
|    approx_kl            | 0.014837265 |
|    clip_fraction        | 0.143       |
|    clip_range           | 0.2         |
|    entropy_loss         | -1.94       |
|    explained_variance   | 0.946       |
|    learning_rate        | 0.0003      |
|    loss                 | 0.141       |
|    n_updates            | 1340        |
|    policy_gradient_loss | -0.00991    |
|    std                  | 0.641       |
|    value_loss           | 0.704       |
-----------------------------------------
-----------------------------------------
| rollout/                |             |
|    ep_len_mean          | 244         |
|    ep_rew_mean          | 146         |
|    success_rate         | 0.7         |
| time/                   |             |
|    fps                  | 2410        |
|    iterations           | 136         |
|    time_elapsed         | 693         |
|    total_timesteps      | 1671168     |
| train/                  |             |
|    approx_kl            | 0.016475866 |
|    clip_fraction        | 0.168       |
|    clip_range           | 0.2         |
|    entropy_loss         | -1.93       |
|    explained_variance   | 0.915       |
|    learning_rate        | 0.0003      |
|    loss                 | 0.177       |
|    n_updates            | 1350        |
|    policy_gradient_loss | -0.0117     |
|    std                  | 0.64        |
|    value_loss           | 0.623       |
-----------------------------------------
-----------------------------------------
| rollout/                |             |
|    ep_len_mean          | 248         |
|    ep_rew_mean          | 142         |
|    success_rate         | 0.68        |
| time/                   |             |
|    fps                  | 2409        |
|    iterations           | 137         |
|    time_elapsed         | 698         |
|    total_timesteps      | 1683456     |
| train/                  |             |
|    approx_kl            | 0.016672103 |
|    clip_fraction        | 0.166       |
|    clip_range           | 0.2         |
|    entropy_loss         | -1.92       |
|    explained_variance   | 0.936       |
|    learning_rate        | 0.0003      |
|    loss                 | 0.0887      |
|    n_updates            | 1360        |
|    policy_gradient_loss | -0.0109     |
|    std                  | 0.632       |
|    value_loss           | 0.445       |
-----------------------------------------
-----------------------------------------
| rollout/                |             |
|    ep_len_mean          | 253         |
|    ep_rew_mean          | 133         |
|    success_rate         | 0.65        |
| time/                   |             |
|    fps                  | 2409        |
|    iterations           | 138         |
|    time_elapsed         | 703         |
|    total_timesteps      | 1695744     |
| train/                  |             |
|    approx_kl            | 0.015690917 |
|    clip_fraction        | 0.163       |
|    clip_range           | 0.2         |
|    entropy_loss         | -1.91       |
|    explained_variance   | 0.91        |
|    learning_rate        | 0.0003      |
|    loss                 | 0.108       |
|    n_updates            | 1370        |
|    policy_gradient_loss | -0.0116     |
|    std                  | 0.636       |
|    value_loss           | 0.456       |
-----------------------------------------
----------------------------------------
| rollout/                |            |
|    ep_len_mean          | 260        |
|    ep_rew_mean          | 128        |
|    success_rate         | 0.62       |
| time/                   |            |
|    fps                  | 2409       |
|    iterations           | 139        |
|    time_elapsed         | 708        |
|    total_timesteps      | 1708032    |
| train/                  |            |
|    approx_kl            | 0.01661203 |
|    clip_fraction        | 0.156      |
|    clip_range           | 0.2        |
|    entropy_loss         | -1.93      |
|    explained_variance   | 0.881      |
|    learning_rate        | 0.0003     |
|    loss                 | 0.314      |
|    n_updates            | 1380       |
|    policy_gradient_loss | -0.0109    |
|    std                  | 0.64       |
|    value_loss           | 0.48       |
----------------------------------------
-----------------------------------------
| rollout/                |             |
|    ep_len_mean          | 252         |
|    ep_rew_mean          | 136         |
|    success_rate         | 0.66        |
| time/                   |             |
|    fps                  | 2409        |
|    iterations           | 140         |
|    time_elapsed         | 714         |
|    total_timesteps      | 1720320     |
| train/                  |             |
|    approx_kl            | 0.016393228 |
|    clip_fraction        | 0.165       |
|    clip_range           | 0.2         |
|    entropy_loss         | -1.93       |
|    explained_variance   | 0.894       |
|    learning_rate        | 0.0003      |
|    loss                 | 0.0912      |
|    n_updates            | 1390        |
|    policy_gradient_loss | -0.0124     |
|    std                  | 0.638       |
|    value_loss           | 0.453       |
-----------------------------------------
-----------------------------------------
| rollout/                |             |
|    ep_len_mean          | 238         |
|    ep_rew_mean          | 145         |
|    success_rate         | 0.71        |
| time/                   |             |
|    fps                  | 2409        |
|    iterations           | 141         |
|    time_elapsed         | 719         |
|    total_timesteps      | 1732608     |
| train/                  |             |
|    approx_kl            | 0.014774623 |
|    clip_fraction        | 0.143       |
|    clip_range           | 0.2         |
|    entropy_loss         | -1.93       |
|    explained_variance   | 0.916       |
|    learning_rate        | 0.0003      |
|    loss                 | 0.0632      |
|    n_updates            | 1400        |
|    policy_gradient_loss | -0.00977    |
|    std                  | 0.642       |
|    value_loss           | 0.596       |
-----------------------------------------
-----------------------------------------
| rollout/                |             |
|    ep_len_mean          | 234         |
|    ep_rew_mean          | 154         |
|    success_rate         | 0.75        |
| time/                   |             |
|    fps                  | 2408        |
|    iterations           | 142         |
|    time_elapsed         | 724         |
|    total_timesteps      | 1744896     |
| train/                  |             |
|    approx_kl            | 0.015559855 |
|    clip_fraction        | 0.148       |
|    clip_range           | 0.2         |
|    entropy_loss         | -1.92       |
|    explained_variance   | 0.911       |
|    learning_rate        | 0.0003      |
|    loss                 | 0.112       |
|    n_updates            | 1410        |
|    policy_gradient_loss | -0.011      |
|    std                  | 0.631       |
|    value_loss           | 0.637       |
-----------------------------------------
-----------------------------------------
| rollout/                |             |
|    ep_len_mean          | 243         |
|    ep_rew_mean          | 150         |
|    success_rate         | 0.73        |
| time/                   |             |
|    fps                  | 2408        |
|    iterations           | 143         |
|    time_elapsed         | 729         |
|    total_timesteps      | 1757184     |
| train/                  |             |
|    approx_kl            | 0.016711755 |
|    clip_fraction        | 0.166       |
|    clip_range           | 0.2         |
|    entropy_loss         | -1.9        |
|    explained_variance   | 0.921       |
|    learning_rate        | 0.0003      |
|    loss                 | 0.18        |
|    n_updates            | 1420        |
|    policy_gradient_loss | -0.0114     |
|    std                  | 0.632       |
|    value_loss           | 0.595       |
-----------------------------------------
-----------------------------------------
| rollout/                |             |
|    ep_len_mean          | 242         |
|    ep_rew_mean          | 148         |
|    success_rate         | 0.72        |
| time/                   |             |
|    fps                  | 2408        |
|    iterations           | 144         |
|    time_elapsed         | 734         |
|    total_timesteps      | 1769472     |
| train/                  |             |
|    approx_kl            | 0.014127997 |
|    clip_fraction        | 0.152       |
|    clip_range           | 0.2         |
|    entropy_loss         | -1.9        |
|    explained_variance   | 0.863       |
|    learning_rate        | 0.0003      |
|    loss                 | 0.118       |
|    n_updates            | 1430        |
|    policy_gradient_loss | -0.0101     |
|    std                  | 0.63        |
|    value_loss           | 0.573       |
-----------------------------------------
-----------------------------------------
| rollout/                |             |
|    ep_len_mean          | 238         |
|    ep_rew_mean          | 151         |
|    success_rate         | 0.73        |
| time/                   |             |
|    fps                  | 2408        |
|    iterations           | 145         |
|    time_elapsed         | 739         |
|    total_timesteps      | 1781760     |
| train/                  |             |
|    approx_kl            | 0.014575954 |
|    clip_fraction        | 0.148       |
|    clip_range           | 0.2         |
|    entropy_loss         | -1.9        |
|    explained_variance   | 0.917       |
|    learning_rate        | 0.0003      |
|    loss                 | 0.172       |
|    n_updates            | 1440        |
|    policy_gradient_loss | -0.00913    |
|    std                  | 0.628       |
|    value_loss           | 0.554       |
-----------------------------------------
-----------------------------------------
| rollout/                |             |
|    ep_len_mean          | 256         |
|    ep_rew_mean          | 140         |
|    success_rate         | 0.67        |
| time/                   |             |
|    fps                  | 2408        |
|    iterations           | 146         |
|    time_elapsed         | 745         |
|    total_timesteps      | 1794048     |
| train/                  |             |
|    approx_kl            | 0.013690335 |
|    clip_fraction        | 0.156       |
|    clip_range           | 0.2         |
|    entropy_loss         | -1.88       |
|    explained_variance   | 0.93        |
|    learning_rate        | 0.0003      |
|    loss                 | 0.151       |
|    n_updates            | 1450        |
|    policy_gradient_loss | -0.00867    |
|    std                  | 0.624       |
|    value_loss           | 0.531       |
-----------------------------------------
-----------------------------------------
| rollout/                |             |
|    ep_len_mean          | 253         |
|    ep_rew_mean          | 141         |
|    success_rate         | 0.68        |
| time/                   |             |
|    fps                  | 2407        |
|    iterations           | 147         |
|    time_elapsed         | 750         |
|    total_timesteps      | 1806336     |
| train/                  |             |
|    approx_kl            | 0.017400397 |
|    clip_fraction        | 0.17        |
|    clip_range           | 0.2         |
|    entropy_loss         | -1.88       |
|    explained_variance   | 0.909       |
|    learning_rate        | 0.0003      |
|    loss                 | 0.14        |
|    n_updates            | 1460        |
|    policy_gradient_loss | -0.0117     |
|    std                  | 0.621       |
|    value_loss           | 0.414       |
-----------------------------------------
-----------------------------------------
| rollout/                |             |
|    ep_len_mean          | 259         |
|    ep_rew_mean          | 133         |
|    success_rate         | 0.64        |
| time/                   |             |
|    fps                  | 2407        |
|    iterations           | 148         |
|    time_elapsed         | 755         |
|    total_timesteps      | 1818624     |
| train/                  |             |
|    approx_kl            | 0.014861221 |
|    clip_fraction        | 0.163       |
|    clip_range           | 0.2         |
|    entropy_loss         | -1.87       |
|    explained_variance   | 0.942       |
|    learning_rate        | 0.0003      |
|    loss                 | 0.13        |
|    n_updates            | 1470        |
|    policy_gradient_loss | -0.0106     |
|    std                  | 0.618       |
|    value_loss           | 0.419       |
-----------------------------------------
-----------------------------------------
| rollout/                |             |
|    ep_len_mean          | 272         |
|    ep_rew_mean          | 121         |
|    success_rate         | 0.58        |
| time/                   |             |
|    fps                  | 2407        |
|    iterations           | 149         |
|    time_elapsed         | 760         |
|    total_timesteps      | 1830912     |
| train/                  |             |
|    approx_kl            | 0.016657026 |
|    clip_fraction        | 0.164       |
|    clip_range           | 0.2         |
|    entropy_loss         | -1.86       |
|    explained_variance   | 0.898       |
|    learning_rate        | 0.0003      |
|    loss                 | 0.0766      |
|    n_updates            | 1480        |
|    policy_gradient_loss | -0.0109     |
|    std                  | 0.618       |
|    value_loss           | 0.45        |
-----------------------------------------
-----------------------------------------
| rollout/                |             |
|    ep_len_mean          | 272         |
|    ep_rew_mean          | 117         |
|    success_rate         | 0.57        |
| time/                   |             |
|    fps                  | 2407        |
|    iterations           | 150         |
|    time_elapsed         | 765         |
|    total_timesteps      | 1843200     |
| train/                  |             |
|    approx_kl            | 0.016866367 |
|    clip_fraction        | 0.173       |
|    clip_range           | 0.2         |
|    entropy_loss         | -1.86       |
|    explained_variance   | 0.91        |
|    learning_rate        | 0.0003      |
|    loss                 | 0.142       |
|    n_updates            | 1490        |
|    policy_gradient_loss | -0.0115     |
|    std                  | 0.615       |
|    value_loss           | 0.431       |
-----------------------------------------
-----------------------------------------
| rollout/                |             |
|    ep_len_mean          | 252         |
|    ep_rew_mean          | 137         |
|    success_rate         | 0.66        |
| time/                   |             |
|    fps                  | 2407        |
|    iterations           | 151         |
|    time_elapsed         | 770         |
|    total_timesteps      | 1855488     |
| train/                  |             |
|    approx_kl            | 0.014809146 |
|    clip_fraction        | 0.161       |
|    clip_range           | 0.2         |
|    entropy_loss         | -1.84       |
|    explained_variance   | 0.926       |
|    learning_rate        | 0.0003      |
|    loss                 | 0.153       |
|    n_updates            | 1500        |
|    policy_gradient_loss | -0.00915    |
|    std                  | 0.611       |
|    value_loss           | 0.398       |
-----------------------------------------
----------------------------------------
| rollout/                |            |
|    ep_len_mean          | 242        |
|    ep_rew_mean          | 150        |
|    success_rate         | 0.72       |
| time/                   |            |
|    fps                  | 2407       |
|    iterations           | 152        |
|    time_elapsed         | 775        |
|    total_timesteps      | 1867776    |
| train/                  |            |
|    approx_kl            | 0.01522461 |
|    clip_fraction        | 0.16       |
|    clip_range           | 0.2        |
|    entropy_loss         | -1.84      |
|    explained_variance   | 0.898      |
|    learning_rate        | 0.0003     |
|    loss                 | 0.0972     |
|    n_updates            | 1510       |
|    policy_gradient_loss | -0.00969   |
|    std                  | 0.612      |
|    value_loss           | 0.39       |
----------------------------------------
-----------------------------------------
| rollout/                |             |
|    ep_len_mean          | 256         |
|    ep_rew_mean          | 139         |
|    success_rate         | 0.66        |
| time/                   |             |
|    fps                  | 2407        |
|    iterations           | 153         |
|    time_elapsed         | 781         |
|    total_timesteps      | 1880064     |
| train/                  |             |
|    approx_kl            | 0.016962858 |
|    clip_fraction        | 0.164       |
|    clip_range           | 0.2         |
|    entropy_loss         | -1.85       |
|    explained_variance   | 0.897       |
|    learning_rate        | 0.0003      |
|    loss                 | 0.127       |
|    n_updates            | 1520        |
|    policy_gradient_loss | -0.0106     |
|    std                  | 0.615       |
|    value_loss           | 0.456       |
-----------------------------------------
-----------------------------------------
| rollout/                |             |
|    ep_len_mean          | 258         |
|    ep_rew_mean          | 138         |
|    success_rate         | 0.66        |
| time/                   |             |
|    fps                  | 2407        |
|    iterations           | 154         |
|    time_elapsed         | 786         |
|    total_timesteps      | 1892352     |
| train/                  |             |
|    approx_kl            | 0.016281085 |
|    clip_fraction        | 0.172       |
|    clip_range           | 0.2         |
|    entropy_loss         | -1.86       |
|    explained_variance   | 0.905       |
|    learning_rate        | 0.0003      |
|    loss                 | 0.0707      |
|    n_updates            | 1530        |
|    policy_gradient_loss | -0.0134     |
|    std                  | 0.617       |
|    value_loss           | 0.392       |
-----------------------------------------
-----------------------------------------
| rollout/                |             |
|    ep_len_mean          | 259         |
|    ep_rew_mean          | 135         |
|    success_rate         | 0.65        |
| time/                   |             |
|    fps                  | 2406        |
|    iterations           | 155         |
|    time_elapsed         | 791         |
|    total_timesteps      | 1904640     |
| train/                  |             |
|    approx_kl            | 0.014656235 |
|    clip_fraction        | 0.148       |
|    clip_range           | 0.2         |
|    entropy_loss         | -1.85       |
|    explained_variance   | 0.898       |
|    learning_rate        | 0.0003      |
|    loss                 | 0.0795      |
|    n_updates            | 1540        |
|    policy_gradient_loss | -0.0106     |
|    std                  | 0.615       |
|    value_loss           | 0.512       |
-----------------------------------------
-----------------------------------------
| rollout/                |             |
|    ep_len_mean          | 237         |
|    ep_rew_mean          | 153         |
|    success_rate         | 0.74        |
| time/                   |             |
|    fps                  | 2406        |
|    iterations           | 156         |
|    time_elapsed         | 796         |
|    total_timesteps      | 1916928     |
| train/                  |             |
|    approx_kl            | 0.016930154 |
|    clip_fraction        | 0.173       |
|    clip_range           | 0.2         |
|    entropy_loss         | -1.85       |
|    explained_variance   | 0.913       |
|    learning_rate        | 0.0003      |
|    loss                 | 0.121       |
|    n_updates            | 1550        |
|    policy_gradient_loss | -0.0109     |
|    std                  | 0.613       |
|    value_loss           | 0.354       |
-----------------------------------------
-----------------------------------------
| rollout/                |             |
|    ep_len_mean          | 215         |
|    ep_rew_mean          | 176         |
|    success_rate         | 0.86        |
| time/                   |             |
|    fps                  | 2406        |
|    iterations           | 157         |
|    time_elapsed         | 801         |
|    total_timesteps      | 1929216     |
| train/                  |             |
|    approx_kl            | 0.014682394 |
|    clip_fraction        | 0.153       |
|    clip_range           | 0.2         |
|    entropy_loss         | -1.84       |
|    explained_variance   | 0.888       |
|    learning_rate        | 0.0003      |
|    loss                 | 0.363       |
|    n_updates            | 1560        |
|    policy_gradient_loss | -0.00967    |
|    std                  | 0.612       |
|    value_loss           | 0.484       |
-----------------------------------------
-----------------------------------------
| rollout/                |             |
|    ep_len_mean          | 223         |
|    ep_rew_mean          | 166         |
|    success_rate         | 0.81        |
| time/                   |             |
|    fps                  | 2406        |
|    iterations           | 158         |
|    time_elapsed         | 806         |
|    total_timesteps      | 1941504     |
| train/                  |             |
|    approx_kl            | 0.016060606 |
|    clip_fraction        | 0.161       |
|    clip_range           | 0.2         |
|    entropy_loss         | -1.83       |
|    explained_variance   | 0.918       |
|    learning_rate        | 0.0003      |
|    loss                 | 0.132       |
|    n_updates            | 1570        |
|    policy_gradient_loss | -0.00984    |
|    std                  | 0.608       |
|    value_loss           | 0.541       |
-----------------------------------------
-----------------------------------------
| rollout/                |             |
|    ep_len_mean          | 223         |
|    ep_rew_mean          | 164         |
|    success_rate         | 0.8         |
| time/                   |             |
|    fps                  | 2406        |
|    iterations           | 159         |
|    time_elapsed         | 811         |
|    total_timesteps      | 1953792     |
| train/                  |             |
|    approx_kl            | 0.014191712 |
|    clip_fraction        | 0.16        |
|    clip_range           | 0.2         |
|    entropy_loss         | -1.82       |
|    explained_variance   | 0.882       |
|    learning_rate        | 0.0003      |
|    loss                 | 0.084       |
|    n_updates            | 1580        |
|    policy_gradient_loss | -0.00794    |
|    std                  | 0.604       |
|    value_loss           | 0.433       |
-----------------------------------------
-----------------------------------------
| rollout/                |             |
|    ep_len_mean          | 213         |
|    ep_rew_mean          | 171         |
|    success_rate         | 0.83        |
| time/                   |             |
|    fps                  | 2406        |
|    iterations           | 160         |
|    time_elapsed         | 817         |
|    total_timesteps      | 1966080     |
| train/                  |             |
|    approx_kl            | 0.017431444 |
|    clip_fraction        | 0.176       |
|    clip_range           | 0.2         |
|    entropy_loss         | -1.83       |
|    explained_variance   | 0.924       |
|    learning_rate        | 0.0003      |
|    loss                 | 0.0611      |
|    n_updates            | 1590        |
|    policy_gradient_loss | -0.0119     |
|    std                  | 0.611       |
|    value_loss           | 0.343       |
-----------------------------------------
-----------------------------------------
| rollout/                |             |
|    ep_len_mean          | 205         |
|    ep_rew_mean          | 182         |
|    success_rate         | 0.88        |
| time/                   |             |
|    fps                  | 2406        |
|    iterations           | 161         |
|    time_elapsed         | 822         |
|    total_timesteps      | 1978368     |
| train/                  |             |
|    approx_kl            | 0.016618125 |
|    clip_fraction        | 0.168       |
|    clip_range           | 0.2         |
|    entropy_loss         | -1.84       |
|    explained_variance   | 0.891       |
|    learning_rate        | 0.0003      |
|    loss                 | 0.108       |
|    n_updates            | 1600        |
|    policy_gradient_loss | -0.00997    |
|    std                  | 0.612       |
|    value_loss           | 0.382       |
-----------------------------------------
-----------------------------------------
| rollout/                |             |
|    ep_len_mean          | 223         |
|    ep_rew_mean          | 170         |
|    success_rate         | 0.83        |
| time/                   |             |
|    fps                  | 2405        |
|    iterations           | 162         |
|    time_elapsed         | 827         |
|    total_timesteps      | 1990656     |
| train/                  |             |
|    approx_kl            | 0.019008191 |
|    clip_fraction        | 0.172       |
|    clip_range           | 0.2         |
|    entropy_loss         | -1.85       |
|    explained_variance   | 0.939       |
|    learning_rate        | 0.0003      |
|    loss                 | 0.101       |
|    n_updates            | 1610        |
|    policy_gradient_loss | -0.0102     |
|    std                  | 0.618       |
|    value_loss           | 0.344       |
-----------------------------------------
-----------------------------------------
| rollout/                |             |
|    ep_len_mean          | 239         |
|    ep_rew_mean          | 154         |
|    success_rate         | 0.75        |
| time/                   |             |
|    fps                  | 2405        |
|    iterations           | 163         |
|    time_elapsed         | 832         |
|    total_timesteps      | 2002944     |
| train/                  |             |
|    approx_kl            | 0.016892714 |
|    clip_fraction        | 0.17        |
|    clip_range           | 0.2         |
|    entropy_loss         | -1.84       |
|    explained_variance   | 0.896       |
|    learning_rate        | 0.0003      |
|    loss                 | 0.136       |
|    n_updates            | 1620        |
|    policy_gradient_loss | -0.0101     |
|    std                  | 0.612       |
|    value_loss           | 0.414       |
-----------------------------------------
-----------------------------------------
| rollout/                |             |
|    ep_len_mean          | 228         |
|    ep_rew_mean          | 168         |
|    success_rate         | 0.81        |
| time/                   |             |
|    fps                  | 2405        |
|    iterations           | 164         |
|    time_elapsed         | 837         |
|    total_timesteps      | 2015232     |
| train/                  |             |
|    approx_kl            | 0.019133007 |
|    clip_fraction        | 0.176       |
|    clip_range           | 0.2         |
|    entropy_loss         | -1.83       |
|    explained_variance   | 0.919       |
|    learning_rate        | 0.0003      |
|    loss                 | 0.0696      |
|    n_updates            | 1630        |
|    policy_gradient_loss | -0.0118     |
|    std                  | 0.608       |
|    value_loss           | 0.397       |
-----------------------------------------
----------------------------------------
| rollout/                |            |
|    ep_len_mean          | 238        |
|    ep_rew_mean          | 164        |
|    success_rate         | 0.78       |
| time/                   |            |
|    fps                  | 2405       |
|    iterations           | 165        |
|    time_elapsed         | 842        |
|    total_timesteps      | 2027520    |
| train/                  |            |
|    approx_kl            | 0.01623469 |
|    clip_fraction        | 0.164      |
|    clip_range           | 0.2        |
|    entropy_loss         | -1.82      |
|    explained_variance   | 0.843      |
|    learning_rate        | 0.0003     |
|    loss                 | 0.347      |
|    n_updates            | 1640       |
|    policy_gradient_loss | -0.0108    |
|    std                  | 0.607      |
|    value_loss           | 0.623      |
----------------------------------------
-----------------------------------------
| rollout/                |             |
|    ep_len_mean          | 254         |
|    ep_rew_mean          | 145         |
|    success_rate         | 0.7         |
| time/                   |             |
|    fps                  | 2405        |
|    iterations           | 166         |
|    time_elapsed         | 848         |
|    total_timesteps      | 2039808     |
| train/                  |             |
|    approx_kl            | 0.016584804 |
|    clip_fraction        | 0.168       |
|    clip_range           | 0.2         |
|    entropy_loss         | -1.83       |
|    explained_variance   | 0.877       |
|    learning_rate        | 0.0003      |
|    loss                 | 0.14        |
|    n_updates            | 1650        |
|    policy_gradient_loss | -0.0108     |
|    std                  | 0.61        |
|    value_loss           | 0.416       |
-----------------------------------------
----------------------------------------
| rollout/                |            |
|    ep_len_mean          | 234        |
|    ep_rew_mean          | 160        |
|    success_rate         | 0.78       |
| time/                   |            |
|    fps                  | 2405       |
|    iterations           | 167        |
|    time_elapsed         | 853        |
|    total_timesteps      | 2052096    |
| train/                  |            |
|    approx_kl            | 0.01738458 |
|    clip_fraction        | 0.175      |
|    clip_range           | 0.2        |
|    entropy_loss         | -1.83      |
|    explained_variance   | 0.915      |
|    learning_rate        | 0.0003     |
|    loss                 | 0.0703     |
|    n_updates            | 1660       |
|    policy_gradient_loss | -0.0119    |
|    std                  | 0.609      |
|    value_loss           | 0.37       |
----------------------------------------
-----------------------------------------
| rollout/                |             |
|    ep_len_mean          | 221         |
|    ep_rew_mean          | 168         |
|    success_rate         | 0.82        |
| time/                   |             |
|    fps                  | 2405        |
|    iterations           | 168         |
|    time_elapsed         | 858         |
|    total_timesteps      | 2064384     |
| train/                  |             |
|    approx_kl            | 0.016600171 |
|    clip_fraction        | 0.168       |
|    clip_range           | 0.2         |
|    entropy_loss         | -1.81       |
|    explained_variance   | 0.884       |
|    learning_rate        | 0.0003      |
|    loss                 | 0.101       |
|    n_updates            | 1670        |
|    policy_gradient_loss | -0.0099     |
|    std                  | 0.603       |
|    value_loss           | 0.416       |
-----------------------------------------
-----------------------------------------
| rollout/                |             |
|    ep_len_mean          | 207         |
|    ep_rew_mean          | 178         |
|    success_rate         | 0.87        |
| time/                   |             |
|    fps                  | 2405        |
|    iterations           | 169         |
|    time_elapsed         | 863         |
|    total_timesteps      | 2076672     |
| train/                  |             |
|    approx_kl            | 0.016386664 |
|    clip_fraction        | 0.176       |
|    clip_range           | 0.2         |
|    entropy_loss         | -1.8        |
|    explained_variance   | 0.911       |
|    learning_rate        | 0.0003      |
|    loss                 | 0.133       |
|    n_updates            | 1680        |
|    policy_gradient_loss | -0.0115     |
|    std                  | 0.602       |
|    value_loss           | 0.299       |
-----------------------------------------
----------------------------------------
| rollout/                |            |
|    ep_len_mean          | 196        |
|    ep_rew_mean          | 191        |
|    success_rate         | 0.93       |
| time/                   |            |
|    fps                  | 2405       |
|    iterations           | 170        |
|    time_elapsed         | 868        |
|    total_timesteps      | 2088960    |
| train/                  |            |
|    approx_kl            | 0.01825772 |
|    clip_fraction        | 0.176      |
|    clip_range           | 0.2        |
|    entropy_loss         | -1.8       |
|    explained_variance   | 0.928      |
|    learning_rate        | 0.0003     |
|    loss                 | 0.186      |
|    n_updates            | 1690       |
|    policy_gradient_loss | -0.0116    |
|    std                  | 0.601      |
|    value_loss           | 0.284      |
----------------------------------------
-----------------------------------------
| rollout/                |             |
|    ep_len_mean          | 197         |
|    ep_rew_mean          | 186         |
|    success_rate         | 0.91        |
| time/                   |             |
|    fps                  | 2404        |
|    iterations           | 171         |
|    time_elapsed         | 873         |
|    total_timesteps      | 2101248     |
| train/                  |             |
|    approx_kl            | 0.015189762 |
|    clip_fraction        | 0.164       |
|    clip_range           | 0.2         |
|    entropy_loss         | -1.78       |
|    explained_variance   | 0.876       |
|    learning_rate        | 0.0003      |
|    loss                 | 0.0819      |
|    n_updates            | 1700        |
|    policy_gradient_loss | -0.0086     |
|    std                  | 0.595       |
|    value_loss           | 0.275       |
-----------------------------------------
----------------------------------------
| rollout/                |            |
|    ep_len_mean          | 214        |
|    ep_rew_mean          | 171        |
|    success_rate         | 0.83       |
| time/                   |            |
|    fps                  | 2404       |
|    iterations           | 172        |
|    time_elapsed         | 878        |
|    total_timesteps      | 2113536    |
| train/                  |            |
|    approx_kl            | 0.01599367 |
|    clip_fraction        | 0.168      |
|    clip_range           | 0.2        |
|    entropy_loss         | -1.76      |
|    explained_variance   | 0.945      |
|    learning_rate        | 0.0003     |
|    loss                 | 0.0683     |
|    n_updates            | 1710       |
|    policy_gradient_loss | -0.011     |
|    std                  | 0.589      |
|    value_loss           | 0.238      |
----------------------------------------
-----------------------------------------
| rollout/                |             |
|    ep_len_mean          | 230         |
|    ep_rew_mean          | 162         |
|    success_rate         | 0.77        |
| time/                   |             |
|    fps                  | 2404        |
|    iterations           | 173         |
|    time_elapsed         | 884         |
|    total_timesteps      | 2125824     |
| train/                  |             |
|    approx_kl            | 0.017001735 |
|    clip_fraction        | 0.167       |
|    clip_range           | 0.2         |
|    entropy_loss         | -1.76       |
|    explained_variance   | 0.915       |
|    learning_rate        | 0.0003      |
|    loss                 | 0.0521      |
|    n_updates            | 1720        |
|    policy_gradient_loss | -0.0111     |
|    std                  | 0.588       |
|    value_loss           | 0.342       |
-----------------------------------------
-----------------------------------------
| rollout/                |             |
|    ep_len_mean          | 211         |
|    ep_rew_mean          | 181         |
|    success_rate         | 0.87        |
| time/                   |             |
|    fps                  | 2404        |
|    iterations           | 174         |
|    time_elapsed         | 889         |
|    total_timesteps      | 2138112     |
| train/                  |             |
|    approx_kl            | 0.016915709 |
|    clip_fraction        | 0.16        |
|    clip_range           | 0.2         |
|    entropy_loss         | -1.75       |
|    explained_variance   | 0.89        |
|    learning_rate        | 0.0003      |
|    loss                 | 0.0745      |
|    n_updates            | 1730        |
|    policy_gradient_loss | -0.00725    |
|    std                  | 0.586       |
|    value_loss           | 0.47        |
-----------------------------------------
-----------------------------------------
| rollout/                |             |
|    ep_len_mean          | 203         |
|    ep_rew_mean          | 185         |
|    success_rate         | 0.9         |
| time/                   |             |
|    fps                  | 2404        |
|    iterations           | 175         |
|    time_elapsed         | 894         |
|    total_timesteps      | 2150400     |
| train/                  |             |
|    approx_kl            | 0.019963488 |
|    clip_fraction        | 0.195       |
|    clip_range           | 0.2         |
|    entropy_loss         | -1.73       |
|    explained_variance   | 0.86        |
|    learning_rate        | 0.0003      |
|    loss                 | 0.0933      |
|    n_updates            | 1740        |
|    policy_gradient_loss | -0.0117     |
|    std                  | 0.58        |
|    value_loss           | 0.316       |
-----------------------------------------
-----------------------------------------
| rollout/                |             |
|    ep_len_mean          | 202         |
|    ep_rew_mean          | 182         |
|    success_rate         | 0.89        |
| time/                   |             |
|    fps                  | 2404        |
|    iterations           | 176         |
|    time_elapsed         | 899         |
|    total_timesteps      | 2162688     |
| train/                  |             |
|    approx_kl            | 0.018034292 |
|    clip_fraction        | 0.191       |
|    clip_range           | 0.2         |
|    entropy_loss         | -1.71       |
|    explained_variance   | 0.929       |
|    learning_rate        | 0.0003      |
|    loss                 | 0.0747      |
|    n_updates            | 1750        |
|    policy_gradient_loss | -0.0104     |
|    std                  | 0.574       |
|    value_loss           | 0.296       |
-----------------------------------------
-----------------------------------------
| rollout/                |             |
|    ep_len_mean          | 204         |
|    ep_rew_mean          | 178         |
|    success_rate         | 0.87        |
| time/                   |             |
|    fps                  | 2404        |
|    iterations           | 177         |
|    time_elapsed         | 904         |
|    total_timesteps      | 2174976     |
| train/                  |             |
|    approx_kl            | 0.017499937 |
|    clip_fraction        | 0.188       |
|    clip_range           | 0.2         |
|    entropy_loss         | -1.73       |
|    explained_variance   | 0.929       |
|    learning_rate        | 0.0003      |
|    loss                 | 0.0326      |
|    n_updates            | 1760        |
|    policy_gradient_loss | -0.0124     |
|    std                  | 0.584       |
|    value_loss           | 0.232       |
-----------------------------------------
-----------------------------------------
| rollout/                |             |
|    ep_len_mean          | 207         |
|    ep_rew_mean          | 180         |
|    success_rate         | 0.88        |
| time/                   |             |
|    fps                  | 2404        |
|    iterations           | 178         |
|    time_elapsed         | 909         |
|    total_timesteps      | 2187264     |
| train/                  |             |
|    approx_kl            | 0.015738452 |
|    clip_fraction        | 0.171       |
|    clip_range           | 0.2         |
|    entropy_loss         | -1.73       |
|    explained_variance   | 0.906       |
|    learning_rate        | 0.0003      |
|    loss                 | 0.0731      |
|    n_updates            | 1770        |
|    policy_gradient_loss | -0.00929    |
|    std                  | 0.578       |
|    value_loss           | 0.283       |
-----------------------------------------
-----------------------------------------
| rollout/                |             |
|    ep_len_mean          | 203         |
|    ep_rew_mean          | 184         |
|    success_rate         | 0.9         |
| time/                   |             |
|    fps                  | 2404        |
|    iterations           | 179         |
|    time_elapsed         | 914         |
|    total_timesteps      | 2199552     |
| train/                  |             |
|    approx_kl            | 0.014945078 |
|    clip_fraction        | 0.166       |
|    clip_range           | 0.2         |
|    entropy_loss         | -1.71       |
|    explained_variance   | 0.897       |
|    learning_rate        | 0.0003      |
|    loss                 | 0.0834      |
|    n_updates            | 1780        |
|    policy_gradient_loss | -0.00719    |
|    std                  | 0.576       |
|    value_loss           | 0.29        |
-----------------------------------------
-----------------------------------------
| rollout/                |             |
|    ep_len_mean          | 208         |
|    ep_rew_mean          | 180         |
|    success_rate         | 0.88        |
| time/                   |             |
|    fps                  | 2404        |
|    iterations           | 180         |
|    time_elapsed         | 920         |
|    total_timesteps      | 2211840     |
| train/                  |             |
|    approx_kl            | 0.015260178 |
|    clip_fraction        | 0.165       |
|    clip_range           | 0.2         |
|    entropy_loss         | -1.71       |
|    explained_variance   | 0.936       |
|    learning_rate        | 0.0003      |
|    loss                 | 0.0761      |
|    n_updates            | 1790        |
|    policy_gradient_loss | -0.0081     |
|    std                  | 0.575       |
|    value_loss           | 0.256       |
-----------------------------------------
----------------------------------------
| rollout/                |            |
|    ep_len_mean          | 211        |
|    ep_rew_mean          | 176        |
|    success_rate         | 0.85       |
| time/                   |            |
|    fps                  | 2403       |
|    iterations           | 181        |
|    time_elapsed         | 925        |
|    total_timesteps      | 2224128    |
| train/                  |            |
|    approx_kl            | 0.01911801 |
|    clip_fraction        | 0.187      |
|    clip_range           | 0.2        |
|    entropy_loss         | -1.7       |
|    explained_variance   | 0.947      |
|    learning_rate        | 0.0003     |
|    loss                 | 0.088      |
|    n_updates            | 1800       |
|    policy_gradient_loss | -0.0107    |
|    std                  | 0.573      |
|    value_loss           | 0.277      |
----------------------------------------
-----------------------------------------
| rollout/                |             |
|    ep_len_mean          | 217         |
|    ep_rew_mean          | 172         |
|    success_rate         | 0.83        |
| time/                   |             |
|    fps                  | 2403        |
|    iterations           | 182         |
|    time_elapsed         | 930         |
|    total_timesteps      | 2236416     |
| train/                  |             |
|    approx_kl            | 0.018070484 |
|    clip_fraction        | 0.177       |
|    clip_range           | 0.2         |
|    entropy_loss         | -1.69       |
|    explained_variance   | 0.904       |
|    learning_rate        | 0.0003      |
|    loss                 | 0.0574      |
|    n_updates            | 1810        |
|    policy_gradient_loss | -0.0109     |
|    std                  | 0.573       |
|    value_loss           | 0.26        |
-----------------------------------------
-----------------------------------------
| rollout/                |             |
|    ep_len_mean          | 209         |
|    ep_rew_mean          | 180         |
|    success_rate         | 0.87        |
| time/                   |             |
|    fps                  | 2403        |
|    iterations           | 183         |
|    time_elapsed         | 935         |
|    total_timesteps      | 2248704     |
| train/                  |             |
|    approx_kl            | 0.017579392 |
|    clip_fraction        | 0.185       |
|    clip_range           | 0.2         |
|    entropy_loss         | -1.7        |
|    explained_variance   | 0.91        |
|    learning_rate        | 0.0003      |
|    loss                 | 0.0178      |
|    n_updates            | 1820        |
|    policy_gradient_loss | -0.01       |
|    std                  | 0.575       |
|    value_loss           | 0.234       |
-----------------------------------------
----------------------------------------
| rollout/                |            |
|    ep_len_mean          | 209        |
|    ep_rew_mean          | 182        |
|    success_rate         | 0.88       |
| time/                   |            |
|    fps                  | 2403       |
|    iterations           | 184        |
|    time_elapsed         | 940        |
|    total_timesteps      | 2260992    |
| train/                  |            |
|    approx_kl            | 0.01852904 |
|    clip_fraction        | 0.177      |
|    clip_range           | 0.2        |
|    entropy_loss         | -1.7       |
|    explained_variance   | 0.89       |
|    learning_rate        | 0.0003     |
|    loss                 | 0.0279     |
|    n_updates            | 1830       |
|    policy_gradient_loss | -0.0109    |
|    std                  | 0.573      |
|    value_loss           | 0.253      |
----------------------------------------
-----------------------------------------
| rollout/                |             |
|    ep_len_mean          | 209         |
|    ep_rew_mean          | 176         |
|    success_rate         | 0.86        |
| time/                   |             |
|    fps                  | 2403        |
|    iterations           | 185         |
|    time_elapsed         | 945         |
|    total_timesteps      | 2273280     |
| train/                  |             |
|    approx_kl            | 0.016409958 |
|    clip_fraction        | 0.18        |
|    clip_range           | 0.2         |
|    entropy_loss         | -1.68       |
|    explained_variance   | 0.946       |
|    learning_rate        | 0.0003      |
|    loss                 | 0.0476      |
|    n_updates            | 1840        |
|    policy_gradient_loss | -0.0121     |
|    std                  | 0.566       |
|    value_loss           | 0.246       |
-----------------------------------------
-----------------------------------------
| rollout/                |             |
|    ep_len_mean          | 213         |
|    ep_rew_mean          | 174         |
|    success_rate         | 0.85        |
| time/                   |             |
|    fps                  | 2402        |
|    iterations           | 186         |
|    time_elapsed         | 951         |
|    total_timesteps      | 2285568     |
| train/                  |             |
|    approx_kl            | 0.021238789 |
|    clip_fraction        | 0.192       |
|    clip_range           | 0.2         |
|    entropy_loss         | -1.68       |
|    explained_variance   | 0.949       |
|    learning_rate        | 0.0003      |
|    loss                 | 0.0319      |
|    n_updates            | 1850        |
|    policy_gradient_loss | -0.0123     |
|    std                  | 0.567       |
|    value_loss           | 0.202       |
-----------------------------------------
----------------------------------------
| rollout/                |            |
|    ep_len_mean          | 207        |
|    ep_rew_mean          | 185        |
|    success_rate         | 0.88       |
| time/                   |            |
|    fps                  | 2402       |
|    iterations           | 187        |
|    time_elapsed         | 956        |
|    total_timesteps      | 2297856    |
| train/                  |            |
|    approx_kl            | 0.01609757 |
|    clip_fraction        | 0.17       |
|    clip_range           | 0.2        |
|    entropy_loss         | -1.68      |
|    explained_variance   | 0.934      |
|    learning_rate        | 0.0003     |
|    loss                 | 0.069      |
|    n_updates            | 1860       |
|    policy_gradient_loss | -0.0104    |
|    std                  | 0.57       |
|    value_loss           | 0.293      |
----------------------------------------
-----------------------------------------
| rollout/                |             |
|    ep_len_mean          | 213         |
|    ep_rew_mean          | 179         |
|    success_rate         | 0.85        |
| time/                   |             |
|    fps                  | 2402        |
|    iterations           | 188         |
|    time_elapsed         | 961         |
|    total_timesteps      | 2310144     |
| train/                  |             |
|    approx_kl            | 0.016636923 |
|    clip_fraction        | 0.169       |
|    clip_range           | 0.2         |
|    entropy_loss         | -1.67       |
|    explained_variance   | 0.932       |
|    learning_rate        | 0.0003      |
|    loss                 | 0.267       |
|    n_updates            | 1870        |
|    policy_gradient_loss | -0.0103     |
|    std                  | 0.565       |
|    value_loss           | 0.532       |
-----------------------------------------
-----------------------------------------
| rollout/                |             |
|    ep_len_mean          | 215         |
|    ep_rew_mean          | 176         |
|    success_rate         | 0.85        |
| time/                   |             |
|    fps                  | 2402        |
|    iterations           | 189         |
|    time_elapsed         | 966         |
|    total_timesteps      | 2322432     |
| train/                  |             |
|    approx_kl            | 0.019416275 |
|    clip_fraction        | 0.192       |
|    clip_range           | 0.2         |
|    entropy_loss         | -1.66       |
|    explained_variance   | 0.893       |
|    learning_rate        | 0.0003      |
|    loss                 | 0.069       |
|    n_updates            | 1880        |
|    policy_gradient_loss | -0.0112     |
|    std                  | 0.563       |
|    value_loss           | 0.265       |
-----------------------------------------
-----------------------------------------
| rollout/                |             |
|    ep_len_mean          | 216         |
|    ep_rew_mean          | 181         |
|    success_rate         | 0.86        |
| time/                   |             |
|    fps                  | 2402        |
|    iterations           | 190         |
|    time_elapsed         | 971         |
|    total_timesteps      | 2334720     |
| train/                  |             |
|    approx_kl            | 0.016937135 |
|    clip_fraction        | 0.174       |
|    clip_range           | 0.2         |
|    entropy_loss         | -1.67       |
|    explained_variance   | 0.914       |
|    learning_rate        | 0.0003      |
|    loss                 | 0.0874      |
|    n_updates            | 1890        |
|    policy_gradient_loss | -0.00772    |
|    std                  | 0.569       |
|    value_loss           | 0.328       |
-----------------------------------------
-----------------------------------------
| rollout/                |             |
|    ep_len_mean          | 214         |
|    ep_rew_mean          | 183         |
|    success_rate         | 0.88        |
| time/                   |             |
|    fps                  | 2402        |
|    iterations           | 191         |
|    time_elapsed         | 976         |
|    total_timesteps      | 2347008     |
| train/                  |             |
|    approx_kl            | 0.017916258 |
|    clip_fraction        | 0.176       |
|    clip_range           | 0.2         |
|    entropy_loss         | -1.69       |
|    explained_variance   | 0.901       |
|    learning_rate        | 0.0003      |
|    loss                 | 0.379       |
|    n_updates            | 1900        |
|    policy_gradient_loss | -0.0112     |
|    std                  | 0.571       |
|    value_loss           | 0.381       |
-----------------------------------------
-----------------------------------------
| rollout/                |             |
|    ep_len_mean          | 211         |
|    ep_rew_mean          | 187         |
|    success_rate         | 0.88        |
| time/                   |             |
|    fps                  | 2402        |
|    iterations           | 192         |
|    time_elapsed         | 981         |
|    total_timesteps      | 2359296     |
| train/                  |             |
|    approx_kl            | 0.015995076 |
|    clip_fraction        | 0.167       |
|    clip_range           | 0.2         |
|    entropy_loss         | -1.69       |
|    explained_variance   | 0.941       |
|    learning_rate        | 0.0003      |
|    loss                 | 0.185       |
|    n_updates            | 1910        |
|    policy_gradient_loss | -0.00905    |
|    std                  | 0.572       |
|    value_loss           | 0.408       |
-----------------------------------------
----------------------------------------
| rollout/                |            |
|    ep_len_mean          | 218        |
|    ep_rew_mean          | 184        |
|    success_rate         | 0.83       |
| time/                   |            |
|    fps                  | 2402       |
|    iterations           | 193        |
|    time_elapsed         | 987        |
|    total_timesteps      | 2371584    |
| train/                  |            |
|    approx_kl            | 0.01793746 |
|    clip_fraction        | 0.174      |
|    clip_range           | 0.2        |
|    entropy_loss         | -1.69      |
|    explained_variance   | 0.932      |
|    learning_rate        | 0.0003     |
|    loss                 | 0.085      |
|    n_updates            | 1920       |
|    policy_gradient_loss | -0.00856   |
|    std                  | 0.571      |
|    value_loss           | 0.403      |
----------------------------------------
-----------------------------------------
| rollout/                |             |
|    ep_len_mean          | 214         |
|    ep_rew_mean          | 190         |
|    success_rate         | 0.86        |
| time/                   |             |
|    fps                  | 2402        |
|    iterations           | 194         |
|    time_elapsed         | 992         |
|    total_timesteps      | 2383872     |
| train/                  |             |
|    approx_kl            | 0.019737711 |
|    clip_fraction        | 0.189       |
|    clip_range           | 0.2         |
|    entropy_loss         | -1.69       |
|    explained_variance   | 0.929       |
|    learning_rate        | 0.0003      |
|    loss                 | 0.138       |
|    n_updates            | 1930        |
|    policy_gradient_loss | -0.0106     |
|    std                  | 0.571       |
|    value_loss           | 0.413       |
-----------------------------------------
-----------------------------------------
| rollout/                |             |
|    ep_len_mean          | 213         |
|    ep_rew_mean          | 185         |
|    success_rate         | 0.86        |
| time/                   |             |
|    fps                  | 2402        |
|    iterations           | 195         |
|    time_elapsed         | 997         |
|    total_timesteps      | 2396160     |
| train/                  |             |
|    approx_kl            | 0.016086588 |
|    clip_fraction        | 0.17        |
|    clip_range           | 0.2         |
|    entropy_loss         | -1.68       |
|    explained_variance   | 0.901       |
|    learning_rate        | 0.0003      |
|    loss                 | 0.15        |
|    n_updates            | 1940        |
|    policy_gradient_loss | -0.00746    |
|    std                  | 0.566       |
|    value_loss           | 0.418       |
-----------------------------------------
-----------------------------------------
| rollout/                |             |
|    ep_len_mean          | 215         |
|    ep_rew_mean          | 181         |
|    success_rate         | 0.84        |
| time/                   |             |
|    fps                  | 2402        |
|    iterations           | 196         |
|    time_elapsed         | 1002        |
|    total_timesteps      | 2408448     |
| train/                  |             |
|    approx_kl            | 0.018514922 |
|    clip_fraction        | 0.184       |
|    clip_range           | 0.2         |
|    entropy_loss         | -1.68       |
|    explained_variance   | 0.954       |
|    learning_rate        | 0.0003      |
|    loss                 | 0.0899      |
|    n_updates            | 1950        |
|    policy_gradient_loss | -0.0101     |
|    std                  | 0.567       |
|    value_loss           | 0.393       |
-----------------------------------------
-----------------------------------------
| rollout/                |             |
|    ep_len_mean          | 222         |
|    ep_rew_mean          | 179         |
|    success_rate         | 0.8         |
| time/                   |             |
|    fps                  | 2402        |
|    iterations           | 197         |
|    time_elapsed         | 1007        |
|    total_timesteps      | 2420736     |
| train/                  |             |
|    approx_kl            | 0.018895922 |
|    clip_fraction        | 0.196       |
|    clip_range           | 0.2         |
|    entropy_loss         | -1.67       |
|    explained_variance   | 0.956       |
|    learning_rate        | 0.0003      |
|    loss                 | 0.144       |
|    n_updates            | 1960        |
|    policy_gradient_loss | -0.0085     |
|    std                  | 0.563       |
|    value_loss           | 0.307       |
-----------------------------------------
-----------------------------------------
| rollout/                |             |
|    ep_len_mean          | 233         |
|    ep_rew_mean          | 183         |
|    success_rate         | 0.76        |
| time/                   |             |
|    fps                  | 2401        |
|    iterations           | 198         |
|    time_elapsed         | 1012        |
|    total_timesteps      | 2433024     |
| train/                  |             |
|    approx_kl            | 0.017266324 |
|    clip_fraction        | 0.184       |
|    clip_range           | 0.2         |
|    entropy_loss         | -1.66       |
|    explained_variance   | 0.923       |
|    learning_rate        | 0.0003      |
|    loss                 | 0.118       |
|    n_updates            | 1970        |
|    policy_gradient_loss | -0.00955    |
|    std                  | 0.56        |
|    value_loss           | 0.399       |
-----------------------------------------
-----------------------------------------
| rollout/                |             |
|    ep_len_mean          | 229         |
|    ep_rew_mean          | 213         |
|    success_rate         | 0.82        |
| time/                   |             |
|    fps                  | 2401        |
|    iterations           | 199         |
|    time_elapsed         | 1018        |
|    total_timesteps      | 2445312     |
| train/                  |             |
|    approx_kl            | 0.017448721 |
|    clip_fraction        | 0.173       |
|    clip_range           | 0.2         |
|    entropy_loss         | -1.64       |
|    explained_variance   | 0.864       |
|    learning_rate        | 0.0003      |
|    loss                 | 0.312       |
|    n_updates            | 1980        |
|    policy_gradient_loss | -0.00911    |
|    std                  | 0.556       |
|    value_loss           | 0.44        |
-----------------------------------------
-----------------------------------------
| rollout/                |             |
|    ep_len_mean          | 249         |
|    ep_rew_mean          | 195         |
|    success_rate         | 0.74        |
| time/                   |             |
|    fps                  | 2401        |
|    iterations           | 200         |
|    time_elapsed         | 1023        |
|    total_timesteps      | 2457600     |
| train/                  |             |
|    approx_kl            | 0.016941208 |
|    clip_fraction        | 0.18        |
|    clip_range           | 0.2         |
|    entropy_loss         | -1.63       |
|    explained_variance   | 0.916       |
|    learning_rate        | 0.0003      |
|    loss                 | 0.16        |
|    n_updates            | 1990        |
|    policy_gradient_loss | -0.00948    |
|    std                  | 0.555       |
|    value_loss           | 0.444       |
-----------------------------------------
-----------------------------------------
| rollout/                |             |
|    ep_len_mean          | 259         |
|    ep_rew_mean          | 190         |
|    success_rate         | 0.7         |
| time/                   |             |
|    fps                  | 2401        |
|    iterations           | 201         |
|    time_elapsed         | 1028        |
|    total_timesteps      | 2469888     |
| train/                  |             |
|    approx_kl            | 0.018797567 |
|    clip_fraction        | 0.179       |
|    clip_range           | 0.2         |
|    entropy_loss         | -1.64       |
|    explained_variance   | 0.915       |
|    learning_rate        | 0.0003      |
|    loss                 | 0.0927      |
|    n_updates            | 2000        |
|    policy_gradient_loss | -0.0118     |
|    std                  | 0.559       |
|    value_loss           | 0.395       |
-----------------------------------------
-----------------------------------------
| rollout/                |             |
|    ep_len_mean          | 266         |
|    ep_rew_mean          | 195         |
|    success_rate         | 0.67        |
| time/                   |             |
|    fps                  | 2401        |
|    iterations           | 202         |
|    time_elapsed         | 1033        |
|    total_timesteps      | 2482176     |
| train/                  |             |
|    approx_kl            | 0.015916934 |
|    clip_fraction        | 0.162       |
|    clip_range           | 0.2         |
|    entropy_loss         | -1.64       |
|    explained_variance   | 0.896       |
|    learning_rate        | 0.0003      |
|    loss                 | 0.103       |
|    n_updates            | 2010        |
|    policy_gradient_loss | -0.00823    |
|    std                  | 0.555       |
|    value_loss           | 0.484       |
-----------------------------------------
-----------------------------------------
| rollout/                |             |
|    ep_len_mean          | 278         |
|    ep_rew_mean          | 187         |
|    success_rate         | 0.6         |
| time/                   |             |
|    fps                  | 2401        |
|    iterations           | 203         |
|    time_elapsed         | 1038        |
|    total_timesteps      | 2494464     |
| train/                  |             |
|    approx_kl            | 0.017718159 |
|    clip_fraction        | 0.186       |
|    clip_range           | 0.2         |
|    entropy_loss         | -1.63       |
|    explained_variance   | 0.876       |
|    learning_rate        | 0.0003      |
|    loss                 | 0.0474      |
|    n_updates            | 2020        |
|    policy_gradient_loss | -0.0125     |
|    std                  | 0.556       |
|    value_loss           | 0.379       |
-----------------------------------------
-----------------------------------------
| rollout/                |             |
|    ep_len_mean          | 282         |
|    ep_rew_mean          | 190         |
|    success_rate         | 0.58        |
| time/                   |             |
|    fps                  | 2401        |
|    iterations           | 204         |
|    time_elapsed         | 1043        |
|    total_timesteps      | 2506752     |
| train/                  |             |
|    approx_kl            | 0.016810343 |
|    clip_fraction        | 0.162       |
|    clip_range           | 0.2         |
|    entropy_loss         | -1.65       |
|    explained_variance   | 0.938       |
|    learning_rate        | 0.0003      |
|    loss                 | 0.0665      |
|    n_updates            | 2030        |
|    policy_gradient_loss | -0.00773    |
|    std                  | 0.563       |
|    value_loss           | 0.491       |
-----------------------------------------
----------------------------------------
| rollout/                |            |
|    ep_len_mean          | 261        |
|    ep_rew_mean          | 200        |
|    success_rate         | 0.69       |
| time/                   |            |
|    fps                  | 2401       |
|    iterations           | 205        |
|    time_elapsed         | 1048       |
|    total_timesteps      | 2519040    |
| train/                  |            |
|    approx_kl            | 0.01630752 |
|    clip_fraction        | 0.169      |
|    clip_range           | 0.2        |
|    entropy_loss         | -1.67      |
|    explained_variance   | 0.917      |
|    learning_rate        | 0.0003     |
|    loss                 | 0.13       |
|    n_updates            | 2040       |
|    policy_gradient_loss | -0.00734   |
|    std                  | 0.567      |
|    value_loss           | 0.489      |
----------------------------------------
-----------------------------------------
| rollout/                |             |
|    ep_len_mean          | 261         |
|    ep_rew_mean          | 190         |
|    success_rate         | 0.68        |
| time/                   |             |
|    fps                  | 2401        |
|    iterations           | 206         |
|    time_elapsed         | 1053        |
|    total_timesteps      | 2531328     |
| train/                  |             |
|    approx_kl            | 0.017533125 |
|    clip_fraction        | 0.176       |
|    clip_range           | 0.2         |
|    entropy_loss         | -1.66       |
|    explained_variance   | 0.874       |
|    learning_rate        | 0.0003      |
|    loss                 | 0.111       |
|    n_updates            | 2050        |
|    policy_gradient_loss | -0.0113     |
|    std                  | 0.561       |
|    value_loss           | 0.402       |
-----------------------------------------
-----------------------------------------
| rollout/                |             |
|    ep_len_mean          | 256         |
|    ep_rew_mean          | 202         |
|    success_rate         | 0.71        |
| time/                   |             |
|    fps                  | 2401        |
|    iterations           | 207         |
|    time_elapsed         | 1059        |
|    total_timesteps      | 2543616     |
| train/                  |             |
|    approx_kl            | 0.018994128 |
|    clip_fraction        | 0.19        |
|    clip_range           | 0.2         |
|    entropy_loss         | -1.65       |
|    explained_variance   | 0.946       |
|    learning_rate        | 0.0003      |
|    loss                 | 0.183       |
|    n_updates            | 2060        |
|    policy_gradient_loss | -0.0105     |
|    std                  | 0.559       |
|    value_loss           | 0.326       |
-----------------------------------------
-----------------------------------------
| rollout/                |             |
|    ep_len_mean          | 258         |
|    ep_rew_mean          | 193         |
|    success_rate         | 0.7         |
| time/                   |             |
|    fps                  | 2401        |
|    iterations           | 208         |
|    time_elapsed         | 1064        |
|    total_timesteps      | 2555904     |
| train/                  |             |
|    approx_kl            | 0.018712534 |
|    clip_fraction        | 0.179       |
|    clip_range           | 0.2         |
|    entropy_loss         | -1.64       |
|    explained_variance   | 0.906       |
|    learning_rate        | 0.0003      |
|    loss                 | 0.137       |
|    n_updates            | 2070        |
|    policy_gradient_loss | -0.0105     |
|    std                  | 0.559       |
|    value_loss           | 0.356       |
-----------------------------------------
----------------------------------------
| rollout/                |            |
|    ep_len_mean          | 287        |
|    ep_rew_mean          | 163        |
|    success_rate         | 0.55       |
| time/                   |            |
|    fps                  | 2401       |
|    iterations           | 209        |
|    time_elapsed         | 1069       |
|    total_timesteps      | 2568192    |
| train/                  |            |
|    approx_kl            | 0.01673132 |
|    clip_fraction        | 0.174      |
|    clip_range           | 0.2        |
|    entropy_loss         | -1.65      |
|    explained_variance   | 0.917      |
|    learning_rate        | 0.0003     |
|    loss                 | 0.157      |
|    n_updates            | 2080       |
|    policy_gradient_loss | -0.0119    |
|    std                  | 0.561      |
|    value_loss           | 0.364      |
----------------------------------------
-----------------------------------------
| rollout/                |             |
|    ep_len_mean          | 285         |
|    ep_rew_mean          | 167         |
|    success_rate         | 0.56        |
| time/                   |             |
|    fps                  | 2401        |
|    iterations           | 210         |
|    time_elapsed         | 1074        |
|    total_timesteps      | 2580480     |
| train/                  |             |
|    approx_kl            | 0.018399402 |
|    clip_fraction        | 0.179       |
|    clip_range           | 0.2         |
|    entropy_loss         | -1.65       |
|    explained_variance   | 0.888       |
|    learning_rate        | 0.0003      |
|    loss                 | 0.114       |
|    n_updates            | 2090        |
|    policy_gradient_loss | -0.0113     |
|    std                  | 0.559       |
|    value_loss           | 0.271       |
-----------------------------------------
-----------------------------------------
| rollout/                |             |
|    ep_len_mean          | 288         |
|    ep_rew_mean          | 163         |
|    success_rate         | 0.54        |
| time/                   |             |
|    fps                  | 2401        |
|    iterations           | 211         |
|    time_elapsed         | 1079        |
|    total_timesteps      | 2592768     |
| train/                  |             |
|    approx_kl            | 0.017330574 |
|    clip_fraction        | 0.184       |
|    clip_range           | 0.2         |
|    entropy_loss         | -1.64       |
|    explained_variance   | 0.896       |
|    learning_rate        | 0.0003      |
|    loss                 | 0.16        |
|    n_updates            | 2100        |
|    policy_gradient_loss | -0.00951    |
|    std                  | 0.559       |
|    value_loss           | 0.287       |
-----------------------------------------
-----------------------------------------
| rollout/                |             |
|    ep_len_mean          | 281         |
|    ep_rew_mean          | 175         |
|    success_rate         | 0.58        |
| time/                   |             |
|    fps                  | 2401        |
|    iterations           | 212         |
|    time_elapsed         | 1084        |
|    total_timesteps      | 2605056     |
| train/                  |             |
|    approx_kl            | 0.018622201 |
|    clip_fraction        | 0.19        |
|    clip_range           | 0.2         |
|    entropy_loss         | -1.63       |
|    explained_variance   | 0.922       |
|    learning_rate        | 0.0003      |
|    loss                 | 0.0614      |
|    n_updates            | 2110        |
|    policy_gradient_loss | -0.0108     |
|    std                  | 0.553       |
|    value_loss           | 0.2         |
-----------------------------------------
-----------------------------------------
| rollout/                |             |
|    ep_len_mean          | 273         |
|    ep_rew_mean          | 183         |
|    success_rate         | 0.61        |
| time/                   |             |
|    fps                  | 2401        |
|    iterations           | 213         |
|    time_elapsed         | 1089        |
|    total_timesteps      | 2617344     |
| train/                  |             |
|    approx_kl            | 0.016286844 |
|    clip_fraction        | 0.186       |
|    clip_range           | 0.2         |
|    entropy_loss         | -1.63       |
|    explained_variance   | 0.896       |
|    learning_rate        | 0.0003      |
|    loss                 | 0.0413      |
|    n_updates            | 2120        |
|    policy_gradient_loss | -0.00948    |
|    std                  | 0.556       |
|    value_loss           | 0.255       |
-----------------------------------------
-----------------------------------------
| rollout/                |             |
|    ep_len_mean          | 266         |
|    ep_rew_mean          | 185         |
|    success_rate         | 0.63        |
| time/                   |             |
|    fps                  | 2401        |
|    iterations           | 214         |
|    time_elapsed         | 1095        |
|    total_timesteps      | 2629632     |
| train/                  |             |
|    approx_kl            | 0.018327722 |
|    clip_fraction        | 0.183       |
|    clip_range           | 0.2         |
|    entropy_loss         | -1.63       |
|    explained_variance   | 0.873       |
|    learning_rate        | 0.0003      |
|    loss                 | 0.0696      |
|    n_updates            | 2130        |
|    policy_gradient_loss | -0.0108     |
|    std                  | 0.554       |
|    value_loss           | 0.253       |
-----------------------------------------
-----------------------------------------
| rollout/                |             |
|    ep_len_mean          | 265         |
|    ep_rew_mean          | 183         |
|    success_rate         | 0.64        |
| time/                   |             |
|    fps                  | 2401        |
|    iterations           | 215         |
|    time_elapsed         | 1100        |
|    total_timesteps      | 2641920     |
| train/                  |             |
|    approx_kl            | 0.019349067 |
|    clip_fraction        | 0.183       |
|    clip_range           | 0.2         |
|    entropy_loss         | -1.63       |
|    explained_variance   | 0.902       |
|    learning_rate        | 0.0003      |
|    loss                 | 0.108       |
|    n_updates            | 2140        |
|    policy_gradient_loss | -0.00994    |
|    std                  | 0.558       |
|    value_loss           | 0.287       |
-----------------------------------------
-----------------------------------------
| rollout/                |             |
|    ep_len_mean          | 277         |
|    ep_rew_mean          | 183         |
|    success_rate         | 0.59        |
| time/                   |             |
|    fps                  | 2401        |
|    iterations           | 216         |
|    time_elapsed         | 1105        |
|    total_timesteps      | 2654208     |
| train/                  |             |
|    approx_kl            | 0.018854003 |
|    clip_fraction        | 0.178       |
|    clip_range           | 0.2         |
|    entropy_loss         | -1.64       |
|    explained_variance   | 0.895       |
|    learning_rate        | 0.0003      |
|    loss                 | 0.0677      |
|    n_updates            | 2150        |
|    policy_gradient_loss | -0.0113     |
|    std                  | 0.559       |
|    value_loss           | 0.326       |
-----------------------------------------
-----------------------------------------
| rollout/                |             |
|    ep_len_mean          | 277         |
|    ep_rew_mean          | 183         |
|    success_rate         | 0.59        |
| time/                   |             |
|    fps                  | 2401        |
|    iterations           | 217         |
|    time_elapsed         | 1110        |
|    total_timesteps      | 2666496     |
| train/                  |             |
|    approx_kl            | 0.019965855 |
|    clip_fraction        | 0.18        |
|    clip_range           | 0.2         |
|    entropy_loss         | -1.65       |
|    explained_variance   | 0.926       |
|    learning_rate        | 0.0003      |
|    loss                 | 0.0392      |
|    n_updates            | 2160        |
|    policy_gradient_loss | -0.0119     |
|    std                  | 0.562       |
|    value_loss           | 0.312       |
-----------------------------------------
-----------------------------------------
| rollout/                |             |
|    ep_len_mean          | 270         |
|    ep_rew_mean          | 190         |
|    success_rate         | 0.64        |
| time/                   |             |
|    fps                  | 2401        |
|    iterations           | 218         |
|    time_elapsed         | 1115        |
|    total_timesteps      | 2678784     |
| train/                  |             |
|    approx_kl            | 0.017101884 |
|    clip_fraction        | 0.172       |
|    clip_range           | 0.2         |
|    entropy_loss         | -1.64       |
|    explained_variance   | 0.919       |
|    learning_rate        | 0.0003      |
|    loss                 | 0.0659      |
|    n_updates            | 2170        |
|    policy_gradient_loss | -0.00939    |
|    std                  | 0.558       |
|    value_loss           | 0.293       |
-----------------------------------------
----------------------------------------
| rollout/                |            |
|    ep_len_mean          | 247        |
|    ep_rew_mean          | 203        |
|    success_rate         | 0.76       |
| time/                   |            |
|    fps                  | 2400       |
|    iterations           | 219        |
|    time_elapsed         | 1120       |
|    total_timesteps      | 2691072    |
| train/                  |            |
|    approx_kl            | 0.01900921 |
|    clip_fraction        | 0.181      |
|    clip_range           | 0.2        |
|    entropy_loss         | -1.63      |
|    explained_variance   | 0.896      |
|    learning_rate        | 0.0003     |
|    loss                 | 0.0452     |
|    n_updates            | 2180       |
|    policy_gradient_loss | -0.0117    |
|    std                  | 0.554      |
|    value_loss           | 0.296      |
----------------------------------------
-----------------------------------------
| rollout/                |             |
|    ep_len_mean          | 233         |
|    ep_rew_mean          | 214         |
|    success_rate         | 0.81        |
| time/                   |             |
|    fps                  | 2400        |
|    iterations           | 220         |
|    time_elapsed         | 1125        |
|    total_timesteps      | 2703360     |
| train/                  |             |
|    approx_kl            | 0.016856488 |
|    clip_fraction        | 0.177       |
|    clip_range           | 0.2         |
|    entropy_loss         | -1.62       |
|    explained_variance   | 0.897       |
|    learning_rate        | 0.0003      |
|    loss                 | 0.101       |
|    n_updates            | 2190        |
|    policy_gradient_loss | -0.00916    |
|    std                  | 0.552       |
|    value_loss           | 0.307       |
-----------------------------------------
-----------------------------------------
| rollout/                |             |
|    ep_len_mean          | 223         |
|    ep_rew_mean          | 227         |
|    success_rate         | 0.86        |
| time/                   |             |
|    fps                  | 2400        |
|    iterations           | 221         |
|    time_elapsed         | 1131        |
|    total_timesteps      | 2715648     |
| train/                  |             |
|    approx_kl            | 0.020595318 |
|    clip_fraction        | 0.189       |
|    clip_range           | 0.2         |
|    entropy_loss         | -1.59       |
|    explained_variance   | 0.927       |
|    learning_rate        | 0.0003      |
|    loss                 | 0.129       |
|    n_updates            | 2200        |
|    policy_gradient_loss | -0.0125     |
|    std                  | 0.544       |
|    value_loss           | 0.282       |
-----------------------------------------
-----------------------------------------
| rollout/                |             |
|    ep_len_mean          | 232         |
|    ep_rew_mean          | 222         |
|    success_rate         | 0.83        |
| time/                   |             |
|    fps                  | 2400        |
|    iterations           | 222         |
|    time_elapsed         | 1136        |
|    total_timesteps      | 2727936     |
| train/                  |             |
|    approx_kl            | 0.019891785 |
|    clip_fraction        | 0.186       |
|    clip_range           | 0.2         |
|    entropy_loss         | -1.57       |
|    explained_variance   | 0.933       |
|    learning_rate        | 0.0003      |
|    loss                 | 0.0652      |
|    n_updates            | 2210        |
|    policy_gradient_loss | -0.0107     |
|    std                  | 0.539       |
|    value_loss           | 0.271       |
-----------------------------------------
-----------------------------------------
| rollout/                |             |
|    ep_len_mean          | 247         |
|    ep_rew_mean          | 227         |
|    success_rate         | 0.77        |
| time/                   |             |
|    fps                  | 2400        |
|    iterations           | 223         |
|    time_elapsed         | 1141        |
|    total_timesteps      | 2740224     |
| train/                  |             |
|    approx_kl            | 0.018169755 |
|    clip_fraction        | 0.181       |
|    clip_range           | 0.2         |
|    entropy_loss         | -1.57       |
|    explained_variance   | 0.919       |
|    learning_rate        | 0.0003      |
|    loss                 | 0.124       |
|    n_updates            | 2220        |
|    policy_gradient_loss | -0.0092     |
|    std                  | 0.537       |
|    value_loss           | 0.327       |
-----------------------------------------
----------------------------------------
| rollout/                |            |
|    ep_len_mean          | 244        |
|    ep_rew_mean          | 229        |
|    success_rate         | 0.77       |
| time/                   |            |
|    fps                  | 2400       |
|    iterations           | 224        |
|    time_elapsed         | 1146       |
|    total_timesteps      | 2752512    |
| train/                  |            |
|    approx_kl            | 0.01699309 |
|    clip_fraction        | 0.182      |
|    clip_range           | 0.2        |
|    entropy_loss         | -1.57      |
|    explained_variance   | 0.894      |
|    learning_rate        | 0.0003     |
|    loss                 | 0.0846     |
|    n_updates            | 2230       |
|    policy_gradient_loss | -0.00856   |
|    std                  | 0.54       |
|    value_loss           | 0.276      |
----------------------------------------
-----------------------------------------
| rollout/                |             |
|    ep_len_mean          | 238         |
|    ep_rew_mean          | 231         |
|    success_rate         | 0.79        |
| time/                   |             |
|    fps                  | 2400        |
|    iterations           | 225         |
|    time_elapsed         | 1151        |
|    total_timesteps      | 2764800     |
| train/                  |             |
|    approx_kl            | 0.018666787 |
|    clip_fraction        | 0.189       |
|    clip_range           | 0.2         |
|    entropy_loss         | -1.58       |
|    explained_variance   | 0.936       |
|    learning_rate        | 0.0003      |
|    loss                 | 0.0586      |
|    n_updates            | 2240        |
|    policy_gradient_loss | -0.0114     |
|    std                  | 0.541       |
|    value_loss           | 0.205       |
-----------------------------------------
-----------------------------------------
| rollout/                |             |
|    ep_len_mean          | 268         |
|    ep_rew_mean          | 206         |
|    success_rate         | 0.65        |
| time/                   |             |
|    fps                  | 2400        |
|    iterations           | 226         |
|    time_elapsed         | 1156        |
|    total_timesteps      | 2777088     |
| train/                  |             |
|    approx_kl            | 0.016498728 |
|    clip_fraction        | 0.174       |
|    clip_range           | 0.2         |
|    entropy_loss         | -1.59       |
|    explained_variance   | 0.903       |
|    learning_rate        | 0.0003      |
|    loss                 | 0.0814      |
|    n_updates            | 2250        |
|    policy_gradient_loss | -0.00792    |
|    std                  | 0.545       |
|    value_loss           | 0.273       |
-----------------------------------------
----------------------------------------
| rollout/                |            |
|    ep_len_mean          | 294        |
|    ep_rew_mean          | 182        |
|    success_rate         | 0.52       |
| time/                   |            |
|    fps                  | 2400       |
|    iterations           | 227        |
|    time_elapsed         | 1161       |
|    total_timesteps      | 2789376    |
| train/                  |            |
|    approx_kl            | 0.01833278 |
|    clip_fraction        | 0.18       |
|    clip_range           | 0.2        |
|    entropy_loss         | -1.59      |
|    explained_variance   | 0.941      |
|    learning_rate        | 0.0003     |
|    loss                 | 0.0438     |
|    n_updates            | 2260       |
|    policy_gradient_loss | -0.00928   |
|    std                  | 0.544      |
|    value_loss           | 0.158      |
----------------------------------------
-----------------------------------------
| rollout/                |             |
|    ep_len_mean          | 278         |
|    ep_rew_mean          | 207         |
|    success_rate         | 0.6         |
| time/                   |             |
|    fps                  | 2400        |
|    iterations           | 228         |
|    time_elapsed         | 1167        |
|    total_timesteps      | 2801664     |
| train/                  |             |
|    approx_kl            | 0.017156044 |
|    clip_fraction        | 0.173       |
|    clip_range           | 0.2         |
|    entropy_loss         | -1.59       |
|    explained_variance   | 0.945       |
|    learning_rate        | 0.0003      |
|    loss                 | 0.0659      |
|    n_updates            | 2270        |
|    policy_gradient_loss | -0.00905    |
|    std                  | 0.546       |
|    value_loss           | 0.217       |
-----------------------------------------
-----------------------------------------
| rollout/                |             |
|    ep_len_mean          | 266         |
|    ep_rew_mean          | 222         |
|    success_rate         | 0.66        |
| time/                   |             |
|    fps                  | 2400        |
|    iterations           | 229         |
|    time_elapsed         | 1172        |
|    total_timesteps      | 2813952     |
| train/                  |             |
|    approx_kl            | 0.017420111 |
|    clip_fraction        | 0.181       |
|    clip_range           | 0.2         |
|    entropy_loss         | -1.6        |
|    explained_variance   | 0.933       |
|    learning_rate        | 0.0003      |
|    loss                 | 0.124       |
|    n_updates            | 2280        |
|    policy_gradient_loss | -0.0104     |
|    std                  | 0.544       |
|    value_loss           | 0.241       |
-----------------------------------------
-----------------------------------------
| rollout/                |             |
|    ep_len_mean          | 267         |
|    ep_rew_mean          | 227         |
|    success_rate         | 0.67        |
| time/                   |             |
|    fps                  | 2400        |
|    iterations           | 230         |
|    time_elapsed         | 1177        |
|    total_timesteps      | 2826240     |
| train/                  |             |
|    approx_kl            | 0.019360842 |
|    clip_fraction        | 0.196       |
|    clip_range           | 0.2         |
|    entropy_loss         | -1.59       |
|    explained_variance   | 0.919       |
|    learning_rate        | 0.0003      |
|    loss                 | 0.0387      |
|    n_updates            | 2290        |
|    policy_gradient_loss | -0.0108     |
|    std                  | 0.543       |
|    value_loss           | 0.231       |
-----------------------------------------
-----------------------------------------
| rollout/                |             |
|    ep_len_mean          | 271         |
|    ep_rew_mean          | 213         |
|    success_rate         | 0.65        |
| time/                   |             |
|    fps                  | 2400        |
|    iterations           | 231         |
|    time_elapsed         | 1182        |
|    total_timesteps      | 2838528     |
| train/                  |             |
|    approx_kl            | 0.018756308 |
|    clip_fraction        | 0.18        |
|    clip_range           | 0.2         |
|    entropy_loss         | -1.58       |
|    explained_variance   | 0.948       |
|    learning_rate        | 0.0003      |
|    loss                 | 0.0194      |
|    n_updates            | 2300        |
|    policy_gradient_loss | -0.01       |
|    std                  | 0.542       |
|    value_loss           | 0.208       |
-----------------------------------------
-----------------------------------------
| rollout/                |             |
|    ep_len_mean          | 252         |
|    ep_rew_mean          | 228         |
|    success_rate         | 0.74        |
| time/                   |             |
|    fps                  | 2400        |
|    iterations           | 232         |
|    time_elapsed         | 1187        |
|    total_timesteps      | 2850816     |
| train/                  |             |
|    approx_kl            | 0.019023156 |
|    clip_fraction        | 0.172       |
|    clip_range           | 0.2         |
|    entropy_loss         | -1.59       |
|    explained_variance   | 0.951       |
|    learning_rate        | 0.0003      |
|    loss                 | 0.0455      |
|    n_updates            | 2310        |
|    policy_gradient_loss | -0.0109     |
|    std                  | 0.544       |
|    value_loss           | 0.245       |
-----------------------------------------
----------------------------------------
| rollout/                |            |
|    ep_len_mean          | 227        |
|    ep_rew_mean          | 238        |
|    success_rate         | 0.86       |
| time/                   |            |
|    fps                  | 2400       |
|    iterations           | 233        |
|    time_elapsed         | 1192       |
|    total_timesteps      | 2863104    |
| train/                  |            |
|    approx_kl            | 0.01837867 |
|    clip_fraction        | 0.176      |
|    clip_range           | 0.2        |
|    entropy_loss         | -1.59      |
|    explained_variance   | 0.931      |
|    learning_rate        | 0.0003     |
|    loss                 | 0.0487     |
|    n_updates            | 2320       |
|    policy_gradient_loss | -0.00987   |
|    std                  | 0.544      |
|    value_loss           | 0.245      |
----------------------------------------
-----------------------------------------
| rollout/                |             |
|    ep_len_mean          | 242         |
|    ep_rew_mean          | 222         |
|    success_rate         | 0.79        |
| time/                   |             |
|    fps                  | 2400        |
|    iterations           | 234         |
|    time_elapsed         | 1197        |
|    total_timesteps      | 2875392     |
| train/                  |             |
|    approx_kl            | 0.018257177 |
|    clip_fraction        | 0.187       |
|    clip_range           | 0.2         |
|    entropy_loss         | -1.58       |
|    explained_variance   | 0.925       |
|    learning_rate        | 0.0003      |
|    loss                 | 0.0573      |
|    n_updates            | 2330        |
|    policy_gradient_loss | -0.0107     |
|    std                  | 0.54        |
|    value_loss           | 0.216       |
-----------------------------------------
----------------------------------------
| rollout/                |            |
|    ep_len_mean          | 260        |
|    ep_rew_mean          | 224        |
|    success_rate         | 0.71       |
| time/                   |            |
|    fps                  | 2400       |
|    iterations           | 235        |
|    time_elapsed         | 1202       |
|    total_timesteps      | 2887680    |
| train/                  |            |
|    approx_kl            | 0.02004563 |
|    clip_fraction        | 0.197      |
|    clip_range           | 0.2        |
|    entropy_loss         | -1.57      |
|    explained_variance   | 0.899      |
|    learning_rate        | 0.0003     |
|    loss                 | 0.0639     |
|    n_updates            | 2340       |
|    policy_gradient_loss | -0.0122    |
|    std                  | 0.539      |
|    value_loss           | 0.243      |
----------------------------------------
-----------------------------------------
| rollout/                |             |
|    ep_len_mean          | 246         |
|    ep_rew_mean          | 238         |
|    success_rate         | 0.77        |
| time/                   |             |
|    fps                  | 2400        |
|    iterations           | 236         |
|    time_elapsed         | 1208        |
|    total_timesteps      | 2899968     |
| train/                  |             |
|    approx_kl            | 0.019200748 |
|    clip_fraction        | 0.187       |
|    clip_range           | 0.2         |
|    entropy_loss         | -1.58       |
|    explained_variance   | 0.922       |
|    learning_rate        | 0.0003      |
|    loss                 | 0.0184      |
|    n_updates            | 2350        |
|    policy_gradient_loss | -0.0106     |
|    std                  | 0.541       |
|    value_loss           | 0.257       |
-----------------------------------------
-----------------------------------------
| rollout/                |             |
|    ep_len_mean          | 228         |
|    ep_rew_mean          | 261         |
|    success_rate         | 0.86        |
| time/                   |             |
|    fps                  | 2400        |
|    iterations           | 237         |
|    time_elapsed         | 1213        |
|    total_timesteps      | 2912256     |
| train/                  |             |
|    approx_kl            | 0.017652845 |
|    clip_fraction        | 0.177       |
|    clip_range           | 0.2         |
|    entropy_loss         | -1.57       |
|    explained_variance   | 0.913       |
|    learning_rate        | 0.0003      |
|    loss                 | 0.0815      |
|    n_updates            | 2360        |
|    policy_gradient_loss | -0.00937    |
|    std                  | 0.536       |
|    value_loss           | 0.272       |
-----------------------------------------
-----------------------------------------
| rollout/                |             |
|    ep_len_mean          | 228         |
|    ep_rew_mean          | 250         |
|    success_rate         | 0.85        |
| time/                   |             |
|    fps                  | 2400        |
|    iterations           | 238         |
|    time_elapsed         | 1218        |
|    total_timesteps      | 2924544     |
| train/                  |             |
|    approx_kl            | 0.018397814 |
|    clip_fraction        | 0.19        |
|    clip_range           | 0.2         |
|    entropy_loss         | -1.55       |
|    explained_variance   | 0.894       |
|    learning_rate        | 0.0003      |
|    loss                 | 0.0566      |
|    n_updates            | 2370        |
|    policy_gradient_loss | -0.0104     |
|    std                  | 0.531       |
|    value_loss           | 0.244       |
-----------------------------------------
-----------------------------------------
| rollout/                |             |
|    ep_len_mean          | 235         |
|    ep_rew_mean          | 245         |
|    success_rate         | 0.82        |
| time/                   |             |
|    fps                  | 2399        |
|    iterations           | 239         |
|    time_elapsed         | 1223        |
|    total_timesteps      | 2936832     |
| train/                  |             |
|    approx_kl            | 0.019624362 |
|    clip_fraction        | 0.193       |
|    clip_range           | 0.2         |
|    entropy_loss         | -1.52       |
|    explained_variance   | 0.921       |
|    learning_rate        | 0.0003      |
|    loss                 | 0.0354      |
|    n_updates            | 2380        |
|    policy_gradient_loss | -0.0123     |
|    std                  | 0.523       |
|    value_loss           | 0.261       |
-----------------------------------------
-----------------------------------------
| rollout/                |             |
|    ep_len_mean          | 241         |
|    ep_rew_mean          | 241         |
|    success_rate         | 0.8         |
| time/                   |             |
|    fps                  | 2399        |
|    iterations           | 240         |
|    time_elapsed         | 1228        |
|    total_timesteps      | 2949120     |
| train/                  |             |
|    approx_kl            | 0.019202517 |
|    clip_fraction        | 0.19        |
|    clip_range           | 0.2         |
|    entropy_loss         | -1.5        |
|    explained_variance   | 0.932       |
|    learning_rate        | 0.0003      |
|    loss                 | 0.0299      |
|    n_updates            | 2390        |
|    policy_gradient_loss | -0.00934    |
|    std                  | 0.52        |
|    value_loss           | 0.244       |
-----------------------------------------
-----------------------------------------
| rollout/                |             |
|    ep_len_mean          | 245         |
|    ep_rew_mean          | 240         |
|    success_rate         | 0.79        |
| time/                   |             |
|    fps                  | 2399        |
|    iterations           | 241         |
|    time_elapsed         | 1234        |
|    total_timesteps      | 2961408     |
| train/                  |             |
|    approx_kl            | 0.024477854 |
|    clip_fraction        | 0.196       |
|    clip_range           | 0.2         |
|    entropy_loss         | -1.5        |
|    explained_variance   | 0.933       |
|    learning_rate        | 0.0003      |
|    loss                 | 0.018       |
|    n_updates            | 2400        |
|    policy_gradient_loss | -0.00959    |
|    std                  | 0.521       |
|    value_loss           | 0.195       |
-----------------------------------------
-----------------------------------------
| rollout/                |             |
|    ep_len_mean          | 263         |
|    ep_rew_mean          | 210         |
|    success_rate         | 0.69        |
| time/                   |             |
|    fps                  | 2399        |
|    iterations           | 242         |
|    time_elapsed         | 1239        |
|    total_timesteps      | 2973696     |
| train/                  |             |
|    approx_kl            | 0.021620078 |
|    clip_fraction        | 0.205       |
|    clip_range           | 0.2         |
|    entropy_loss         | -1.49       |
|    explained_variance   | 0.926       |
|    learning_rate        | 0.0003      |
|    loss                 | 0.0116      |
|    n_updates            | 2410        |
|    policy_gradient_loss | -0.0128     |
|    std                  | 0.513       |
|    value_loss           | 0.233       |
-----------------------------------------
----------------------------------------
| rollout/                |            |
|    ep_len_mean          | 273        |
|    ep_rew_mean          | 183        |
|    success_rate         | 0.62       |
| time/                   |            |
|    fps                  | 2399       |
|    iterations           | 243        |
|    time_elapsed         | 1244       |
|    total_timesteps      | 2985984    |
| train/                  |            |
|    approx_kl            | 0.01954805 |
|    clip_fraction        | 0.189      |
|    clip_range           | 0.2        |
|    entropy_loss         | -1.48      |
|    explained_variance   | 0.922      |
|    learning_rate        | 0.0003     |
|    loss                 | 0.0397     |
|    n_updates            | 2420       |
|    policy_gradient_loss | -0.0116    |
|    std                  | 0.517      |
|    value_loss           | 0.278      |
----------------------------------------
-----------------------------------------
| rollout/                |             |
|    ep_len_mean          | 256         |
|    ep_rew_mean          | 199         |
|    success_rate         | 0.7         |
| time/                   |             |
|    fps                  | 2399        |
|    iterations           | 244         |
|    time_elapsed         | 1249        |
|    total_timesteps      | 2998272     |
| train/                  |             |
|    approx_kl            | 0.019567506 |
|    clip_fraction        | 0.191       |
|    clip_range           | 0.2         |
|    entropy_loss         | -1.49       |
|    explained_variance   | 0.922       |
|    learning_rate        | 0.0003      |
|    loss                 | 0.056       |
|    n_updates            | 2430        |
|    policy_gradient_loss | -0.0126     |
|    std                  | 0.516       |
|    value_loss           | 0.314       |
-----------------------------------------
-----------------------------------------
| rollout/                |             |
|    ep_len_mean          | 243         |
|    ep_rew_mean          | 230         |
|    success_rate         | 0.78        |
| time/                   |             |
|    fps                  | 2399        |
|    iterations           | 245         |
|    time_elapsed         | 1254        |
|    total_timesteps      | 3010560     |
| train/                  |             |
|    approx_kl            | 0.018765615 |
|    clip_fraction        | 0.194       |
|    clip_range           | 0.2         |
|    entropy_loss         | -1.49       |
|    explained_variance   | 0.931       |
|    learning_rate        | 0.0003      |
|    loss                 | 0.058       |
|    n_updates            | 2440        |
|    policy_gradient_loss | -0.0115     |
|    std                  | 0.517       |
|    value_loss           | 0.267       |
-----------------------------------------
Training duration: 20.9 min (1257 sec)
Training finished. Model saved to: runs\env_007\close_speed_test\C0_control\seed1_3M\model.zip
Monitor logs: runs\env_007\close_speed_test\C0_control\seed1_3M\monitor
External eval mean reward: 278.358
LLM feedback file: runs\env_007\close_speed_test\C0_control\seed1_3M\training_feedback.md
