Using cpu device
---------------------------------
| rollout/           |          |
|    ep_len_mean     | 398      |
|    ep_rew_mean     | -0.785   |
|    success_rate    | 0        |
| time/              |          |
|    fps             | 3785     |
|    iterations      | 1        |
|    time_elapsed    | 3        |
|    total_timesteps | 12288    |
---------------------------------
-----------------------------------------
| rollout/                |             |
|    ep_len_mean          | 399         |
|    ep_rew_mean          | -0.212      |
|    success_rate         | 0           |
| time/                   |             |
|    fps                  | 2834        |
|    iterations           | 2           |
|    time_elapsed         | 8           |
|    total_timesteps      | 24576       |
| train/                  |             |
|    approx_kl            | 0.013939373 |
|    clip_fraction        | 0.171       |
|    clip_range           | 0.2         |
|    entropy_loss         | -2.81       |
|    explained_variance   | 0.581       |
|    learning_rate        | 0.0003      |
|    loss                 | 0.0227      |
|    n_updates            | 10          |
|    policy_gradient_loss | -0.0139     |
|    std                  | 0.981       |
|    value_loss           | 0.139       |
-----------------------------------------
-----------------------------------------
| rollout/                |             |
|    ep_len_mean          | 399         |
|    ep_rew_mean          | 0.0663      |
|    success_rate         | 0           |
| time/                   |             |
|    fps                  | 2627        |
|    iterations           | 3           |
|    time_elapsed         | 14          |
|    total_timesteps      | 36864       |
| train/                  |             |
|    approx_kl            | 0.012104835 |
|    clip_fraction        | 0.163       |
|    clip_range           | 0.2         |
|    entropy_loss         | -2.78       |
|    explained_variance   | 0.693       |
|    learning_rate        | 0.0003      |
|    loss                 | -0.0373     |
|    n_updates            | 20          |
|    policy_gradient_loss | -0.0183     |
|    std                  | 0.969       |
|    value_loss           | 0.0204      |
-----------------------------------------
-----------------------------------------
| rollout/                |             |
|    ep_len_mean          | 400         |
|    ep_rew_mean          | 0.477       |
|    success_rate         | 0           |
| time/                   |             |
|    fps                  | 2473        |
|    iterations           | 4           |
|    time_elapsed         | 19          |
|    total_timesteps      | 49152       |
| train/                  |             |
|    approx_kl            | 0.010734297 |
|    clip_fraction        | 0.123       |
|    clip_range           | 0.2         |
|    entropy_loss         | -2.75       |
|    explained_variance   | 0.746       |
|    learning_rate        | 0.0003      |
|    loss                 | -0.0255     |
|    n_updates            | 30          |
|    policy_gradient_loss | -0.0124     |
|    std                  | 0.951       |
|    value_loss           | 0.0123      |
-----------------------------------------
-----------------------------------------
| rollout/                |             |
|    ep_len_mean          | 400         |
|    ep_rew_mean          | 3.74        |
|    success_rate         | 0           |
| time/                   |             |
|    fps                  | 2359        |
|    iterations           | 5           |
|    time_elapsed         | 26          |
|    total_timesteps      | 61440       |
| train/                  |             |
|    approx_kl            | 0.011245743 |
|    clip_fraction        | 0.141       |
|    clip_range           | 0.2         |
|    entropy_loss         | -2.72       |
|    explained_variance   | 0.804       |
|    learning_rate        | 0.0003      |
|    loss                 | -0.0399     |
|    n_updates            | 40          |
|    policy_gradient_loss | -0.0134     |
|    std                  | 0.937       |
|    value_loss           | 0.0107      |
-----------------------------------------
-----------------------------------------
| rollout/                |             |
|    ep_len_mean          | 400         |
|    ep_rew_mean          | 3.91        |
|    success_rate         | 0           |
| time/                   |             |
|    fps                  | 2283        |
|    iterations           | 6           |
|    time_elapsed         | 32          |
|    total_timesteps      | 73728       |
| train/                  |             |
|    approx_kl            | 0.008264124 |
|    clip_fraction        | 0.0814      |
|    clip_range           | 0.2         |
|    entropy_loss         | -2.7        |
|    explained_variance   | 0.00898     |
|    learning_rate        | 0.0003      |
|    loss                 | -0.0197     |
|    n_updates            | 50          |
|    policy_gradient_loss | -0.00342    |
|    std                  | 0.927       |
|    value_loss           | 2.85        |
-----------------------------------------
------------------------------------------
| rollout/                |              |
|    ep_len_mean          | 400          |
|    ep_rew_mean          | 4.06         |
|    success_rate         | 0            |
| time/                   |              |
|    fps                  | 2234         |
|    iterations           | 7            |
|    time_elapsed         | 38           |
|    total_timesteps      | 86016        |
| train/                  |              |
|    approx_kl            | 0.0074559115 |
|    clip_fraction        | 0.081        |
|    clip_range           | 0.2          |
|    entropy_loss         | -2.69        |
|    explained_variance   | 0.675        |
|    learning_rate        | 0.0003       |
|    loss                 | -0.012       |
|    n_updates            | 60           |
|    policy_gradient_loss | -0.00797     |
|    std                  | 0.929        |
|    value_loss           | 0.029        |
------------------------------------------
----------------------------------------
| rollout/                |            |
|    ep_len_mean          | 399        |
|    ep_rew_mean          | 1.29       |
|    success_rate         | 0          |
| time/                   |            |
|    fps                  | 2204       |
|    iterations           | 8          |
|    time_elapsed         | 44         |
|    total_timesteps      | 98304      |
| train/                  |            |
|    approx_kl            | 0.00737342 |
|    clip_fraction        | 0.0611     |
|    clip_range           | 0.2        |
|    entropy_loss         | -2.66      |
|    explained_variance   | 0.927      |
|    learning_rate        | 0.0003     |
|    loss                 | 0.00225    |
|    n_updates            | 70         |
|    policy_gradient_loss | -0.00378   |
|    std                  | 0.91       |
|    value_loss           | 0.0895     |
----------------------------------------
------------------------------------------
| rollout/                |              |
|    ep_len_mean          | 399          |
|    ep_rew_mean          | 1.18         |
|    success_rate         | 0            |
| time/                   |              |
|    fps                  | 2176         |
|    iterations           | 9            |
|    time_elapsed         | 50           |
|    total_timesteps      | 110592       |
| train/                  |              |
|    approx_kl            | 0.0064483755 |
|    clip_fraction        | 0.073        |
|    clip_range           | 0.2          |
|    entropy_loss         | -2.64        |
|    explained_variance   | 0.945        |
|    learning_rate        | 0.0003       |
|    loss                 | -0.0102      |
|    n_updates            | 80           |
|    policy_gradient_loss | -0.00507     |
|    std                  | 0.902        |
|    value_loss           | 0.0244       |
------------------------------------------
------------------------------------------
| rollout/                |              |
|    ep_len_mean          | 399          |
|    ep_rew_mean          | 1.13         |
|    success_rate         | 0            |
| time/                   |              |
|    fps                  | 2157         |
|    iterations           | 10           |
|    time_elapsed         | 56           |
|    total_timesteps      | 122880       |
| train/                  |              |
|    approx_kl            | 0.0067294776 |
|    clip_fraction        | 0.0755       |
|    clip_range           | 0.2          |
|    entropy_loss         | -2.64        |
|    explained_variance   | 0.846        |
|    learning_rate        | 0.0003       |
|    loss                 | -0.0234      |
|    n_updates            | 90           |
|    policy_gradient_loss | -0.007       |
|    std                  | 0.905        |
|    value_loss           | 0.0112       |
------------------------------------------
----------------------------------------
| rollout/                |            |
|    ep_len_mean          | 400        |
|    ep_rew_mean          | 1.05       |
|    success_rate         | 0          |
| time/                   |            |
|    fps                  | 2138       |
|    iterations           | 11         |
|    time_elapsed         | 63         |
|    total_timesteps      | 135168     |
| train/                  |            |
|    approx_kl            | 0.00703777 |
|    clip_fraction        | 0.0762     |
|    clip_range           | 0.2        |
|    entropy_loss         | -2.64      |
|    explained_variance   | 0.913      |
|    learning_rate        | 0.0003     |
|    loss                 | -0.0114    |
|    n_updates            | 100        |
|    policy_gradient_loss | -0.00545   |
|    std                  | 0.903      |
|    value_loss           | 0.0155     |
----------------------------------------
------------------------------------------
| rollout/                |              |
|    ep_len_mean          | 400          |
|    ep_rew_mean          | 0.941        |
|    success_rate         | 0            |
| time/                   |              |
|    fps                  | 2125         |
|    iterations           | 12           |
|    time_elapsed         | 69           |
|    total_timesteps      | 147456       |
| train/                  |              |
|    approx_kl            | 0.0076470072 |
|    clip_fraction        | 0.0857       |
|    clip_range           | 0.2          |
|    entropy_loss         | -2.62        |
|    explained_variance   | 0.882        |
|    learning_rate        | 0.0003       |
|    loss                 | -0.0332      |
|    n_updates            | 110          |
|    policy_gradient_loss | -0.00719     |
|    std                  | 0.895        |
|    value_loss           | 0.00849      |
------------------------------------------
-----------------------------------------
| rollout/                |             |
|    ep_len_mean          | 400         |
|    ep_rew_mean          | 0.869       |
|    success_rate         | 0           |
| time/                   |             |
|    fps                  | 2112        |
|    iterations           | 13          |
|    time_elapsed         | 75          |
|    total_timesteps      | 159744      |
| train/                  |             |
|    approx_kl            | 0.006881841 |
|    clip_fraction        | 0.0813      |
|    clip_range           | 0.2         |
|    entropy_loss         | -2.62       |
|    explained_variance   | 0.869       |
|    learning_rate        | 0.0003      |
|    loss                 | -0.036      |
|    n_updates            | 120         |
|    policy_gradient_loss | -0.0076     |
|    std                  | 0.893       |
|    value_loss           | 0.00854     |
-----------------------------------------
-----------------------------------------
| rollout/                |             |
|    ep_len_mean          | 400         |
|    ep_rew_mean          | 0.845       |
|    success_rate         | 0           |
| time/                   |             |
|    fps                  | 2099        |
|    iterations           | 14          |
|    time_elapsed         | 81          |
|    total_timesteps      | 172032      |
| train/                  |             |
|    approx_kl            | 0.007776232 |
|    clip_fraction        | 0.0779      |
|    clip_range           | 0.2         |
|    entropy_loss         | -2.6        |
|    explained_variance   | 0.907       |
|    learning_rate        | 0.0003      |
|    loss                 | -0.0151     |
|    n_updates            | 130         |
|    policy_gradient_loss | -0.00909    |
|    std                  | 0.887       |
|    value_loss           | 0.00556     |
-----------------------------------------
------------------------------------------
| rollout/                |              |
|    ep_len_mean          | 400          |
|    ep_rew_mean          | 0.979        |
|    success_rate         | 0            |
| time/                   |              |
|    fps                  | 2089         |
|    iterations           | 15           |
|    time_elapsed         | 88           |
|    total_timesteps      | 184320       |
| train/                  |              |
|    approx_kl            | 0.0078112693 |
|    clip_fraction        | 0.0866       |
|    clip_range           | 0.2          |
|    entropy_loss         | -2.59        |
|    explained_variance   | 0.904        |
|    learning_rate        | 0.0003       |
|    loss                 | -0.0168      |
|    n_updates            | 140          |
|    policy_gradient_loss | -0.0083      |
|    std                  | 0.883        |
|    value_loss           | 0.00525      |
------------------------------------------
----------------------------------------
| rollout/                |            |
|    ep_len_mean          | 400        |
|    ep_rew_mean          | 1.12       |
|    success_rate         | 0          |
| time/                   |            |
|    fps                  | 2083       |
|    iterations           | 16         |
|    time_elapsed         | 94         |
|    total_timesteps      | 196608     |
| train/                  |            |
|    approx_kl            | 0.00784417 |
|    clip_fraction        | 0.082      |
|    clip_range           | 0.2        |
|    entropy_loss         | -2.59      |
|    explained_variance   | 0.955      |
|    learning_rate        | 0.0003     |
|    loss                 | -0.0302    |
|    n_updates            | 150        |
|    policy_gradient_loss | -0.00794   |
|    std                  | 0.88       |
|    value_loss           | 0.00914    |
----------------------------------------
-----------------------------------------
| rollout/                |             |
|    ep_len_mean          | 400         |
|    ep_rew_mean          | 1.19        |
|    success_rate         | 0           |
| time/                   |             |
|    fps                  | 2075        |
|    iterations           | 17          |
|    time_elapsed         | 100         |
|    total_timesteps      | 208896      |
| train/                  |             |
|    approx_kl            | 0.009087068 |
|    clip_fraction        | 0.0981      |
|    clip_range           | 0.2         |
|    entropy_loss         | -2.56       |
|    explained_variance   | 0.941       |
|    learning_rate        | 0.0003      |
|    loss                 | -0.0487     |
|    n_updates            | 160         |
|    policy_gradient_loss | -0.00956    |
|    std                  | 0.868       |
|    value_loss           | 0.00515     |
-----------------------------------------
-----------------------------------------
| rollout/                |             |
|    ep_len_mean          | 400         |
|    ep_rew_mean          | 1.16        |
|    success_rate         | 0           |
| time/                   |             |
|    fps                  | 2068        |
|    iterations           | 18          |
|    time_elapsed         | 106         |
|    total_timesteps      | 221184      |
| train/                  |             |
|    approx_kl            | 0.007817569 |
|    clip_fraction        | 0.0793      |
|    clip_range           | 0.2         |
|    entropy_loss         | -2.55       |
|    explained_variance   | 0.941       |
|    learning_rate        | 0.0003      |
|    loss                 | -0.0344     |
|    n_updates            | 170         |
|    policy_gradient_loss | -0.00798    |
|    std                  | 0.868       |
|    value_loss           | 0.00434     |
-----------------------------------------
------------------------------------------
| rollout/                |              |
|    ep_len_mean          | 400          |
|    ep_rew_mean          | 1.2          |
|    success_rate         | 0            |
| time/                   |              |
|    fps                  | 2062         |
|    iterations           | 19           |
|    time_elapsed         | 113          |
|    total_timesteps      | 233472       |
| train/                  |              |
|    approx_kl            | 0.0090499595 |
|    clip_fraction        | 0.0873       |
|    clip_range           | 0.2          |
|    entropy_loss         | -2.54        |
|    explained_variance   | 0.982        |
|    learning_rate        | 0.0003       |
|    loss                 | -0.0154      |
|    n_updates            | 180          |
|    policy_gradient_loss | -0.00619     |
|    std                  | 0.86         |
|    value_loss           | 0.00632      |
------------------------------------------
-----------------------------------------
| rollout/                |             |
|    ep_len_mean          | 400         |
|    ep_rew_mean          | 1.37        |
|    success_rate         | 0           |
| time/                   |             |
|    fps                  | 2056        |
|    iterations           | 20          |
|    time_elapsed         | 119         |
|    total_timesteps      | 245760      |
| train/                  |             |
|    approx_kl            | 0.008492843 |
|    clip_fraction        | 0.0968      |
|    clip_range           | 0.2         |
|    entropy_loss         | -2.54       |
|    explained_variance   | 0.969       |
|    learning_rate        | 0.0003      |
|    loss                 | -0.0182     |
|    n_updates            | 190         |
|    policy_gradient_loss | -0.00714    |
|    std                  | 0.862       |
|    value_loss           | 0.00717     |
-----------------------------------------
-----------------------------------------
| rollout/                |             |
|    ep_len_mean          | 400         |
|    ep_rew_mean          | 1.49        |
|    success_rate         | 0           |
| time/                   |             |
|    fps                  | 2053        |
|    iterations           | 21          |
|    time_elapsed         | 125         |
|    total_timesteps      | 258048      |
| train/                  |             |
|    approx_kl            | 0.009073459 |
|    clip_fraction        | 0.0949      |
|    clip_range           | 0.2         |
|    entropy_loss         | -2.52       |
|    explained_variance   | 0.975       |
|    learning_rate        | 0.0003      |
|    loss                 | -0.0325     |
|    n_updates            | 200         |
|    policy_gradient_loss | -0.00802    |
|    std                  | 0.85        |
|    value_loss           | 0.0124      |
-----------------------------------------
------------------------------------------
| rollout/                |              |
|    ep_len_mean          | 400          |
|    ep_rew_mean          | 1.55         |
|    success_rate         | 0            |
| time/                   |              |
|    fps                  | 2049         |
|    iterations           | 22           |
|    time_elapsed         | 131          |
|    total_timesteps      | 270336       |
| train/                  |              |
|    approx_kl            | 0.0075695273 |
|    clip_fraction        | 0.0793       |
|    clip_range           | 0.2          |
|    entropy_loss         | -2.5         |
|    explained_variance   | 0.97         |
|    learning_rate        | 0.0003       |
|    loss                 | -0.0108      |
|    n_updates            | 210          |
|    policy_gradient_loss | -0.00524     |
|    std                  | 0.841        |
|    value_loss           | 0.00984      |
------------------------------------------
-----------------------------------------
| rollout/                |             |
|    ep_len_mean          | 400         |
|    ep_rew_mean          | 1.42        |
|    success_rate         | 0           |
| time/                   |             |
|    fps                  | 2045        |
|    iterations           | 23          |
|    time_elapsed         | 138         |
|    total_timesteps      | 282624      |
| train/                  |             |
|    approx_kl            | 0.007339978 |
|    clip_fraction        | 0.0859      |
|    clip_range           | 0.2         |
|    entropy_loss         | -2.48       |
|    explained_variance   | 0.96        |
|    learning_rate        | 0.0003      |
|    loss                 | -0.0211     |
|    n_updates            | 220         |
|    policy_gradient_loss | -0.00557    |
|    std                  | 0.831       |
|    value_loss           | 0.0156      |
-----------------------------------------
----------------------------------------
| rollout/                |            |
|    ep_len_mean          | 399        |
|    ep_rew_mean          | 1.47       |
|    success_rate         | 0          |
| time/                   |            |
|    fps                  | 2042       |
|    iterations           | 24         |
|    time_elapsed         | 144        |
|    total_timesteps      | 294912     |
| train/                  |            |
|    approx_kl            | 0.01003356 |
|    clip_fraction        | 0.0957     |
|    clip_range           | 0.2        |
|    entropy_loss         | -2.48      |
|    explained_variance   | 0.959      |
|    learning_rate        | 0.0003     |
|    loss                 | -0.0218    |
|    n_updates            | 230        |
|    policy_gradient_loss | -0.00702   |
|    std                  | 0.833      |
|    value_loss           | 0.00853    |
----------------------------------------
-----------------------------------------
| rollout/                |             |
|    ep_len_mean          | 398         |
|    ep_rew_mean          | 1.46        |
|    success_rate         | 0           |
| time/                   |             |
|    fps                  | 2037        |
|    iterations           | 25          |
|    time_elapsed         | 150         |
|    total_timesteps      | 307200      |
| train/                  |             |
|    approx_kl            | 0.008581897 |
|    clip_fraction        | 0.0906      |
|    clip_range           | 0.2         |
|    entropy_loss         | -2.46       |
|    explained_variance   | 0.941       |
|    learning_rate        | 0.0003      |
|    loss                 | 0.00201     |
|    n_updates            | 240         |
|    policy_gradient_loss | -0.00601    |
|    std                  | 0.824       |
|    value_loss           | 0.032       |
-----------------------------------------
-----------------------------------------
| rollout/                |             |
|    ep_len_mean          | 396         |
|    ep_rew_mean          | 1.45        |
|    success_rate         | 0           |
| time/                   |             |
|    fps                  | 2032        |
|    iterations           | 26          |
|    time_elapsed         | 157         |
|    total_timesteps      | 319488      |
| train/                  |             |
|    approx_kl            | 0.009210524 |
|    clip_fraction        | 0.098       |
|    clip_range           | 0.2         |
|    entropy_loss         | -2.46       |
|    explained_variance   | 0.883       |
|    learning_rate        | 0.0003      |
|    loss                 | -0.00851    |
|    n_updates            | 250         |
|    policy_gradient_loss | -0.00776    |
|    std                  | 0.829       |
|    value_loss           | 0.0147      |
-----------------------------------------
------------------------------------------
| rollout/                |              |
|    ep_len_mean          | 396          |
|    ep_rew_mean          | 1.35         |
|    success_rate         | 0            |
| time/                   |              |
|    fps                  | 2029         |
|    iterations           | 27           |
|    time_elapsed         | 163          |
|    total_timesteps      | 331776       |
| train/                  |              |
|    approx_kl            | 0.0076138857 |
|    clip_fraction        | 0.0834       |
|    clip_range           | 0.2          |
|    entropy_loss         | -2.47        |
|    explained_variance   | 0.919        |
|    learning_rate        | 0.0003       |
|    loss                 | -0.011       |
|    n_updates            | 260          |
|    policy_gradient_loss | -0.00458     |
|    std                  | 0.83         |
|    value_loss           | 0.016        |
------------------------------------------
-----------------------------------------
| rollout/                |             |
|    ep_len_mean          | 398         |
|    ep_rew_mean          | 2.05        |
|    success_rate         | 0           |
| time/                   |             |
|    fps                  | 2025        |
|    iterations           | 28          |
|    time_elapsed         | 169         |
|    total_timesteps      | 344064      |
| train/                  |             |
|    approx_kl            | 0.008079003 |
|    clip_fraction        | 0.0902      |
|    clip_range           | 0.2         |
|    entropy_loss         | -2.45       |
|    explained_variance   | 0.896       |
|    learning_rate        | 0.0003      |
|    loss                 | -0.0111     |
|    n_updates            | 270         |
|    policy_gradient_loss | -0.00586    |
|    std                  | 0.823       |
|    value_loss           | 0.0124      |
-----------------------------------------
-----------------------------------------
| rollout/                |             |
|    ep_len_mean          | 400         |
|    ep_rew_mean          | 2.16        |
|    success_rate         | 0           |
| time/                   |             |
|    fps                  | 2023        |
|    iterations           | 29          |
|    time_elapsed         | 176         |
|    total_timesteps      | 356352      |
| train/                  |             |
|    approx_kl            | 0.009719799 |
|    clip_fraction        | 0.11        |
|    clip_range           | 0.2         |
|    entropy_loss         | -2.45       |
|    explained_variance   | 0.642       |
|    learning_rate        | 0.0003      |
|    loss                 | 0.00453     |
|    n_updates            | 280         |
|    policy_gradient_loss | -0.00458    |
|    std                  | 0.826       |
|    value_loss           | 0.418       |
-----------------------------------------
-----------------------------------------
| rollout/                |             |
|    ep_len_mean          | 400         |
|    ep_rew_mean          | 2.22        |
|    success_rate         | 0           |
| time/                   |             |
|    fps                  | 2021        |
|    iterations           | 30          |
|    time_elapsed         | 182         |
|    total_timesteps      | 368640      |
| train/                  |             |
|    approx_kl            | 0.009919246 |
|    clip_fraction        | 0.122       |
|    clip_range           | 0.2         |
|    entropy_loss         | -2.45       |
|    explained_variance   | 0.925       |
|    learning_rate        | 0.0003      |
|    loss                 | -0.0341     |
|    n_updates            | 290         |
|    policy_gradient_loss | -0.00637    |
|    std                  | 0.825       |
|    value_loss           | 0.0361      |
-----------------------------------------
-----------------------------------------
| rollout/                |             |
|    ep_len_mean          | 400         |
|    ep_rew_mean          | 2.24        |
|    success_rate         | 0           |
| time/                   |             |
|    fps                  | 2018        |
|    iterations           | 31          |
|    time_elapsed         | 188         |
|    total_timesteps      | 380928      |
| train/                  |             |
|    approx_kl            | 0.009986541 |
|    clip_fraction        | 0.119       |
|    clip_range           | 0.2         |
|    entropy_loss         | -2.45       |
|    explained_variance   | 0.919       |
|    learning_rate        | 0.0003      |
|    loss                 | -0.016      |
|    n_updates            | 300         |
|    policy_gradient_loss | -0.00949    |
|    std                  | 0.823       |
|    value_loss           | 0.012       |
-----------------------------------------
-----------------------------------------
| rollout/                |             |
|    ep_len_mean          | 400         |
|    ep_rew_mean          | 1.76        |
|    success_rate         | 0           |
| time/                   |             |
|    fps                  | 2015        |
|    iterations           | 32          |
|    time_elapsed         | 195         |
|    total_timesteps      | 393216      |
| train/                  |             |
|    approx_kl            | 0.008294347 |
|    clip_fraction        | 0.0938      |
|    clip_range           | 0.2         |
|    entropy_loss         | -2.45       |
|    explained_variance   | 0.947       |
|    learning_rate        | 0.0003      |
|    loss                 | -0.0072     |
|    n_updates            | 310         |
|    policy_gradient_loss | -0.0079     |
|    std                  | 0.825       |
|    value_loss           | 0.0287      |
-----------------------------------------
-----------------------------------------
| rollout/                |             |
|    ep_len_mean          | 400         |
|    ep_rew_mean          | 2.06        |
|    success_rate         | 0           |
| time/                   |             |
|    fps                  | 2012        |
|    iterations           | 33          |
|    time_elapsed         | 201         |
|    total_timesteps      | 405504      |
| train/                  |             |
|    approx_kl            | 0.009858534 |
|    clip_fraction        | 0.111       |
|    clip_range           | 0.2         |
|    entropy_loss         | -2.42       |
|    explained_variance   | 0.969       |
|    learning_rate        | 0.0003      |
|    loss                 | -0.00671    |
|    n_updates            | 320         |
|    policy_gradient_loss | -0.00982    |
|    std                  | 0.81        |
|    value_loss           | 0.0339      |
-----------------------------------------
-----------------------------------------
| rollout/                |             |
|    ep_len_mean          | 400         |
|    ep_rew_mean          | 2.13        |
|    success_rate         | 0           |
| time/                   |             |
|    fps                  | 2010        |
|    iterations           | 34          |
|    time_elapsed         | 207         |
|    total_timesteps      | 417792      |
| train/                  |             |
|    approx_kl            | 0.009967576 |
|    clip_fraction        | 0.109       |
|    clip_range           | 0.2         |
|    entropy_loss         | -2.41       |
|    explained_variance   | 0.972       |
|    learning_rate        | 0.0003      |
|    loss                 | -0.0274     |
|    n_updates            | 330         |
|    policy_gradient_loss | -0.00852    |
|    std                  | 0.809       |
|    value_loss           | 0.0196      |
-----------------------------------------
-----------------------------------------
| rollout/                |             |
|    ep_len_mean          | 398         |
|    ep_rew_mean          | 4.19        |
|    success_rate         | 0.01        |
| time/                   |             |
|    fps                  | 2007        |
|    iterations           | 35          |
|    time_elapsed         | 214         |
|    total_timesteps      | 430080      |
| train/                  |             |
|    approx_kl            | 0.009970736 |
|    clip_fraction        | 0.101       |
|    clip_range           | 0.2         |
|    entropy_loss         | -2.41       |
|    explained_variance   | 0.978       |
|    learning_rate        | 0.0003      |
|    loss                 | -0.0329     |
|    n_updates            | 340         |
|    policy_gradient_loss | -0.00741    |
|    std                  | 0.804       |
|    value_loss           | 0.0141      |
-----------------------------------------
-----------------------------------------
| rollout/                |             |
|    ep_len_mean          | 398         |
|    ep_rew_mean          | 4.14        |
|    success_rate         | 0.01        |
| time/                   |             |
|    fps                  | 2006        |
|    iterations           | 36          |
|    time_elapsed         | 220         |
|    total_timesteps      | 442368      |
| train/                  |             |
|    approx_kl            | 0.009037522 |
|    clip_fraction        | 0.0828      |
|    clip_range           | 0.2         |
|    entropy_loss         | -2.4        |
|    explained_variance   | 0.395       |
|    learning_rate        | 0.0003      |
|    loss                 | 0.0413      |
|    n_updates            | 350         |
|    policy_gradient_loss | -0.00354    |
|    std                  | 0.802       |
|    value_loss           | 4.37        |
-----------------------------------------
-----------------------------------------
| rollout/                |             |
|    ep_len_mean          | 397         |
|    ep_rew_mean          | 6.26        |
|    success_rate         | 0.02        |
| time/                   |             |
|    fps                  | 2004        |
|    iterations           | 37          |
|    time_elapsed         | 226         |
|    total_timesteps      | 454656      |
| train/                  |             |
|    approx_kl            | 0.009591113 |
|    clip_fraction        | 0.112       |
|    clip_range           | 0.2         |
|    entropy_loss         | -2.41       |
|    explained_variance   | 0.956       |
|    learning_rate        | 0.0003      |
|    loss                 | -0.0124     |
|    n_updates            | 360         |
|    policy_gradient_loss | -0.00598    |
|    std                  | 0.808       |
|    value_loss           | 0.0618      |
-----------------------------------------
-----------------------------------------
| rollout/                |             |
|    ep_len_mean          | 398         |
|    ep_rew_mean          | 4.44        |
|    success_rate         | 0.01        |
| time/                   |             |
|    fps                  | 2002        |
|    iterations           | 38          |
|    time_elapsed         | 233         |
|    total_timesteps      | 466944      |
| train/                  |             |
|    approx_kl            | 0.008235559 |
|    clip_fraction        | 0.0796      |
|    clip_range           | 0.2         |
|    entropy_loss         | -2.4        |
|    explained_variance   | 0.634       |
|    learning_rate        | 0.0003      |
|    loss                 | 0.0181      |
|    n_updates            | 370         |
|    policy_gradient_loss | -0.00267    |
|    std                  | 0.801       |
|    value_loss           | 4.89        |
-----------------------------------------
-----------------------------------------
| rollout/                |             |
|    ep_len_mean          | 396         |
|    ep_rew_mean          | 8.66        |
|    success_rate         | 0.03        |
| time/                   |             |
|    fps                  | 2000        |
|    iterations           | 39          |
|    time_elapsed         | 239         |
|    total_timesteps      | 479232      |
| train/                  |             |
|    approx_kl            | 0.011729349 |
|    clip_fraction        | 0.121       |
|    clip_range           | 0.2         |
|    entropy_loss         | -2.4        |
|    explained_variance   | 0.946       |
|    learning_rate        | 0.0003      |
|    loss                 | -0.00924    |
|    n_updates            | 380         |
|    policy_gradient_loss | -0.00667    |
|    std                  | 0.803       |
|    value_loss           | 0.075       |
-----------------------------------------
-----------------------------------------
| rollout/                |             |
|    ep_len_mean          | 394         |
|    ep_rew_mean          | 11.5        |
|    success_rate         | 0.04        |
| time/                   |             |
|    fps                  | 1999        |
|    iterations           | 40          |
|    time_elapsed         | 245         |
|    total_timesteps      | 491520      |
| train/                  |             |
|    approx_kl            | 0.007427622 |
|    clip_fraction        | 0.0699      |
|    clip_range           | 0.2         |
|    entropy_loss         | -2.39       |
|    explained_variance   | 0.572       |
|    learning_rate        | 0.0003      |
|    loss                 | 0.671       |
|    n_updates            | 390         |
|    policy_gradient_loss | -0.00235    |
|    std                  | 0.799       |
|    value_loss           | 6.09        |
-----------------------------------------
-----------------------------------------
| rollout/                |             |
|    ep_len_mean          | 395         |
|    ep_rew_mean          | 11.6        |
|    success_rate         | 0.04        |
| time/                   |             |
|    fps                  | 1997        |
|    iterations           | 41          |
|    time_elapsed         | 252         |
|    total_timesteps      | 503808      |
| train/                  |             |
|    approx_kl            | 0.008422772 |
|    clip_fraction        | 0.0842      |
|    clip_range           | 0.2         |
|    entropy_loss         | -2.36       |
|    explained_variance   | 0.673       |
|    learning_rate        | 0.0003      |
|    loss                 | 0.0587      |
|    n_updates            | 400         |
|    policy_gradient_loss | -0.00271    |
|    std                  | 0.781       |
|    value_loss           | 3.05        |
-----------------------------------------
-----------------------------------------
| rollout/                |             |
|    ep_len_mean          | 395         |
|    ep_rew_mean          | 11.8        |
|    success_rate         | 0.04        |
| time/                   |             |
|    fps                  | 1995        |
|    iterations           | 42          |
|    time_elapsed         | 258         |
|    total_timesteps      | 516096      |
| train/                  |             |
|    approx_kl            | 0.008296126 |
|    clip_fraction        | 0.09        |
|    clip_range           | 0.2         |
|    entropy_loss         | -2.35       |
|    explained_variance   | 0.932       |
|    learning_rate        | 0.0003      |
|    loss                 | 0.0311      |
|    n_updates            | 410         |
|    policy_gradient_loss | -0.00398    |
|    std                  | 0.786       |
|    value_loss           | 0.39        |
-----------------------------------------
------------------------------------------
| rollout/                |              |
|    ep_len_mean          | 398          |
|    ep_rew_mean          | 6.88         |
|    success_rate         | 0.02         |
| time/                   |              |
|    fps                  | 1993         |
|    iterations           | 43           |
|    time_elapsed         | 264          |
|    total_timesteps      | 528384       |
| train/                  |              |
|    approx_kl            | 0.0101467185 |
|    clip_fraction        | 0.11         |
|    clip_range           | 0.2          |
|    entropy_loss         | -2.34        |
|    explained_variance   | 0.844        |
|    learning_rate        | 0.0003       |
|    loss                 | 0.00146      |
|    n_updates            | 420          |
|    policy_gradient_loss | -0.00339     |
|    std                  | 0.777        |
|    value_loss           | 1.11         |
------------------------------------------
-----------------------------------------
| rollout/                |             |
|    ep_len_mean          | 399         |
|    ep_rew_mean          | 4.99        |
|    success_rate         | 0.01        |
| time/                   |             |
|    fps                  | 1992        |
|    iterations           | 44          |
|    time_elapsed         | 271         |
|    total_timesteps      | 540672      |
| train/                  |             |
|    approx_kl            | 0.010216659 |
|    clip_fraction        | 0.108       |
|    clip_range           | 0.2         |
|    entropy_loss         | -2.33       |
|    explained_variance   | 0.961       |
|    learning_rate        | 0.0003      |
|    loss                 | -0.0178     |
|    n_updates            | 430         |
|    policy_gradient_loss | -0.00676    |
|    std                  | 0.778       |
|    value_loss           | 0.14        |
-----------------------------------------
------------------------------------------
| rollout/                |              |
|    ep_len_mean          | 399          |
|    ep_rew_mean          | 4.78         |
|    success_rate         | 0.01         |
| time/                   |              |
|    fps                  | 1990         |
|    iterations           | 45           |
|    time_elapsed         | 277          |
|    total_timesteps      | 552960       |
| train/                  |              |
|    approx_kl            | 0.0102201635 |
|    clip_fraction        | 0.109        |
|    clip_range           | 0.2          |
|    entropy_loss         | -2.33        |
|    explained_variance   | 0.97         |
|    learning_rate        | 0.0003       |
|    loss                 | 0.00848      |
|    n_updates            | 440          |
|    policy_gradient_loss | -0.00775     |
|    std                  | 0.773        |
|    value_loss           | 0.155        |
------------------------------------------
-----------------------------------------
| rollout/                |             |
|    ep_len_mean          | 399         |
|    ep_rew_mean          | 4.83        |
|    success_rate         | 0.01        |
| time/                   |             |
|    fps                  | 1988        |
|    iterations           | 46          |
|    time_elapsed         | 284         |
|    total_timesteps      | 565248      |
| train/                  |             |
|    approx_kl            | 0.010431717 |
|    clip_fraction        | 0.107       |
|    clip_range           | 0.2         |
|    entropy_loss         | -2.31       |
|    explained_variance   | 0.927       |
|    learning_rate        | 0.0003      |
|    loss                 | 0.681       |
|    n_updates            | 450         |
|    policy_gradient_loss | -0.00719    |
|    std                  | 0.768       |
|    value_loss           | 1.3         |
-----------------------------------------
----------------------------------------
| rollout/                |            |
|    ep_len_mean          | 397        |
|    ep_rew_mean          | 6.58       |
|    success_rate         | 0.02       |
| time/                   |            |
|    fps                  | 1987       |
|    iterations           | 47         |
|    time_elapsed         | 290        |
|    total_timesteps      | 577536     |
| train/                  |            |
|    approx_kl            | 0.01133046 |
|    clip_fraction        | 0.114      |
|    clip_range           | 0.2        |
|    entropy_loss         | -2.29      |
|    explained_variance   | 0.962      |
|    learning_rate        | 0.0003     |
|    loss                 | 0.0158     |
|    n_updates            | 460        |
|    policy_gradient_loss | -0.00744   |
|    std                  | 0.76       |
|    value_loss           | 0.21       |
----------------------------------------
-----------------------------------------
| rollout/                |             |
|    ep_len_mean          | 398         |
|    ep_rew_mean          | 4.55        |
|    success_rate         | 0.01        |
| time/                   |             |
|    fps                  | 1985        |
|    iterations           | 48          |
|    time_elapsed         | 297         |
|    total_timesteps      | 589824      |
| train/                  |             |
|    approx_kl            | 0.010450742 |
|    clip_fraction        | 0.0946      |
|    clip_range           | 0.2         |
|    entropy_loss         | -2.28       |
|    explained_variance   | 0.951       |
|    learning_rate        | 0.0003      |
|    loss                 | 0.0415      |
|    n_updates            | 470         |
|    policy_gradient_loss | -0.00662    |
|    std                  | 0.757       |
|    value_loss           | 1.2         |
-----------------------------------------
------------------------------------------
| rollout/                |              |
|    ep_len_mean          | 398          |
|    ep_rew_mean          | 4.43         |
|    success_rate         | 0.01         |
| time/                   |              |
|    fps                  | 1983         |
|    iterations           | 49           |
|    time_elapsed         | 303          |
|    total_timesteps      | 602112       |
| train/                  |              |
|    approx_kl            | 0.0104227485 |
|    clip_fraction        | 0.11         |
|    clip_range           | 0.2          |
|    entropy_loss         | -2.28        |
|    explained_variance   | 0.97         |
|    learning_rate        | 0.0003       |
|    loss                 | 0.0201       |
|    n_updates            | 480          |
|    policy_gradient_loss | -0.00754     |
|    std                  | 0.754        |
|    value_loss           | 0.286        |
------------------------------------------
-----------------------------------------
| rollout/                |             |
|    ep_len_mean          | 398         |
|    ep_rew_mean          | 4.37        |
|    success_rate         | 0.01        |
| time/                   |             |
|    fps                  | 1982        |
|    iterations           | 50          |
|    time_elapsed         | 309         |
|    total_timesteps      | 614400      |
| train/                  |             |
|    approx_kl            | 0.010622371 |
|    clip_fraction        | 0.104       |
|    clip_range           | 0.2         |
|    entropy_loss         | -2.27       |
|    explained_variance   | 0.942       |
|    learning_rate        | 0.0003      |
|    loss                 | 0.0112      |
|    n_updates            | 490         |
|    policy_gradient_loss | -0.00755    |
|    std                  | 0.75        |
|    value_loss           | 0.342       |
-----------------------------------------
-----------------------------------------
| rollout/                |             |
|    ep_len_mean          | 398         |
|    ep_rew_mean          | 6.25        |
|    success_rate         | 0.02        |
| time/                   |             |
|    fps                  | 1981        |
|    iterations           | 51          |
|    time_elapsed         | 316         |
|    total_timesteps      | 626688      |
| train/                  |             |
|    approx_kl            | 0.009797667 |
|    clip_fraction        | 0.0949      |
|    clip_range           | 0.2         |
|    entropy_loss         | -2.26       |
|    explained_variance   | 0.931       |
|    learning_rate        | 0.0003      |
|    loss                 | 0.348       |
|    n_updates            | 500         |
|    policy_gradient_loss | -0.00601    |
|    std                  | 0.75        |
|    value_loss           | 1.46        |
-----------------------------------------
------------------------------------------
| rollout/                |              |
|    ep_len_mean          | 396          |
|    ep_rew_mean          | 6.32         |
|    success_rate         | 0.02         |
| time/                   |              |
|    fps                  | 1979         |
|    iterations           | 52           |
|    time_elapsed         | 322          |
|    total_timesteps      | 638976       |
| train/                  |              |
|    approx_kl            | 0.0113210725 |
|    clip_fraction        | 0.108        |
|    clip_range           | 0.2          |
|    entropy_loss         | -2.24        |
|    explained_variance   | 0.941        |
|    learning_rate        | 0.0003       |
|    loss                 | 0.0319       |
|    n_updates            | 510          |
|    policy_gradient_loss | -0.00614     |
|    std                  | 0.735        |
|    value_loss           | 1.45         |
------------------------------------------
-----------------------------------------
| rollout/                |             |
|    ep_len_mean          | 397         |
|    ep_rew_mean          | 4.19        |
|    success_rate         | 0.01        |
| time/                   |             |
|    fps                  | 1977        |
|    iterations           | 53          |
|    time_elapsed         | 329         |
|    total_timesteps      | 651264      |
| train/                  |             |
|    approx_kl            | 0.010999168 |
|    clip_fraction        | 0.121       |
|    clip_range           | 0.2         |
|    entropy_loss         | -2.22       |
|    explained_variance   | 0.966       |
|    learning_rate        | 0.0003      |
|    loss                 | 0.0997      |
|    n_updates            | 520         |
|    policy_gradient_loss | -0.00791    |
|    std                  | 0.738       |
|    value_loss           | 0.359       |
-----------------------------------------
-----------------------------------------
| rollout/                |             |
|    ep_len_mean          | 397         |
|    ep_rew_mean          | 2.09        |
|    success_rate         | 0           |
| time/                   |             |
|    fps                  | 1976        |
|    iterations           | 54          |
|    time_elapsed         | 335         |
|    total_timesteps      | 663552      |
| train/                  |             |
|    approx_kl            | 0.011027704 |
|    clip_fraction        | 0.11        |
|    clip_range           | 0.2         |
|    entropy_loss         | -2.24       |
|    explained_variance   | 0.969       |
|    learning_rate        | 0.0003      |
|    loss                 | 0.0474      |
|    n_updates            | 530         |
|    policy_gradient_loss | -0.00697    |
|    std                  | 0.742       |
|    value_loss           | 0.28        |
-----------------------------------------
-----------------------------------------
| rollout/                |             |
|    ep_len_mean          | 399         |
|    ep_rew_mean          | 2.21        |
|    success_rate         | 0           |
| time/                   |             |
|    fps                  | 1975        |
|    iterations           | 55          |
|    time_elapsed         | 342         |
|    total_timesteps      | 675840      |
| train/                  |             |
|    approx_kl            | 0.011090205 |
|    clip_fraction        | 0.12        |
|    clip_range           | 0.2         |
|    entropy_loss         | -2.24       |
|    explained_variance   | 0.985       |
|    learning_rate        | 0.0003      |
|    loss                 | 0.0061      |
|    n_updates            | 540         |
|    policy_gradient_loss | -0.00695    |
|    std                  | 0.742       |
|    value_loss           | 0.183       |
-----------------------------------------
------------------------------------------
| rollout/                |              |
|    ep_len_mean          | 396          |
|    ep_rew_mean          | 6.08         |
|    success_rate         | 0.02         |
| time/                   |              |
|    fps                  | 1974         |
|    iterations           | 56           |
|    time_elapsed         | 348          |
|    total_timesteps      | 688128       |
| train/                  |              |
|    approx_kl            | 0.0107623385 |
|    clip_fraction        | 0.109        |
|    clip_range           | 0.2          |
|    entropy_loss         | -2.23        |
|    explained_variance   | 0.97         |
|    learning_rate        | 0.0003       |
|    loss                 | 0.0232       |
|    n_updates            | 550          |
|    policy_gradient_loss | -0.0091      |
|    std                  | 0.735        |
|    value_loss           | 0.346        |
------------------------------------------
-----------------------------------------
| rollout/                |             |
|    ep_len_mean          | 395         |
|    ep_rew_mean          | 8.09        |
|    success_rate         | 0.03        |
| time/                   |             |
|    fps                  | 1974        |
|    iterations           | 57          |
|    time_elapsed         | 354         |
|    total_timesteps      | 700416      |
| train/                  |             |
|    approx_kl            | 0.008564942 |
|    clip_fraction        | 0.0768      |
|    clip_range           | 0.2         |
|    entropy_loss         | -2.22       |
|    explained_variance   | 0.903       |
|    learning_rate        | 0.0003      |
|    loss                 | 1.28        |
|    n_updates            | 560         |
|    policy_gradient_loss | -0.00469    |
|    std                  | 0.734       |
|    value_loss           | 3.38        |
-----------------------------------------
-----------------------------------------
| rollout/                |             |
|    ep_len_mean          | 392         |
|    ep_rew_mean          | 12.2        |
|    success_rate         | 0.05        |
| time/                   |             |
|    fps                  | 1973        |
|    iterations           | 58          |
|    time_elapsed         | 361         |
|    total_timesteps      | 712704      |
| train/                  |             |
|    approx_kl            | 0.012325921 |
|    clip_fraction        | 0.124       |
|    clip_range           | 0.2         |
|    entropy_loss         | -2.22       |
|    explained_variance   | 0.913       |
|    learning_rate        | 0.0003      |
|    loss                 | 2.02        |
|    n_updates            | 570         |
|    policy_gradient_loss | -0.009      |
|    std                  | 0.734       |
|    value_loss           | 0.757       |
-----------------------------------------
-----------------------------------------
| rollout/                |             |
|    ep_len_mean          | 392         |
|    ep_rew_mean          | 14.4        |
|    success_rate         | 0.06        |
| time/                   |             |
|    fps                  | 1972        |
|    iterations           | 59          |
|    time_elapsed         | 367         |
|    total_timesteps      | 724992      |
| train/                  |             |
|    approx_kl            | 0.008439738 |
|    clip_fraction        | 0.0763      |
|    clip_range           | 0.2         |
|    entropy_loss         | -2.21       |
|    explained_variance   | 0.948       |
|    learning_rate        | 0.0003      |
|    loss                 | 4.35        |
|    n_updates            | 580         |
|    policy_gradient_loss | -0.00564    |
|    std                  | 0.726       |
|    value_loss           | 2.73        |
-----------------------------------------
-----------------------------------------
| rollout/                |             |
|    ep_len_mean          | 389         |
|    ep_rew_mean          | 19.5        |
|    success_rate         | 0.08        |
| time/                   |             |
|    fps                  | 1971        |
|    iterations           | 60          |
|    time_elapsed         | 373         |
|    total_timesteps      | 737280      |
| train/                  |             |
|    approx_kl            | 0.009793702 |
|    clip_fraction        | 0.0947      |
|    clip_range           | 0.2         |
|    entropy_loss         | -2.18       |
|    explained_variance   | 0.917       |
|    learning_rate        | 0.0003      |
|    loss                 | 0.244       |
|    n_updates            | 590         |
|    policy_gradient_loss | -0.00593    |
|    std                  | 0.714       |
|    value_loss           | 2.92        |
-----------------------------------------
------------------------------------------
| rollout/                |              |
|    ep_len_mean          | 382          |
|    ep_rew_mean          | 29.2         |
|    success_rate         | 0.12         |
| time/                   |              |
|    fps                  | 1971         |
|    iterations           | 61           |
|    time_elapsed         | 380          |
|    total_timesteps      | 749568       |
| train/                  |              |
|    approx_kl            | 0.0109208515 |
|    clip_fraction        | 0.0905       |
|    clip_range           | 0.2          |
|    entropy_loss         | -2.16        |
|    explained_variance   | 0.935        |
|    learning_rate        | 0.0003       |
|    loss                 | 4.89         |
|    n_updates            | 600          |
|    policy_gradient_loss | -0.00454     |
|    std                  | 0.712        |
|    value_loss           | 3.37         |
------------------------------------------
----------------------------------------
| rollout/                |            |
|    ep_len_mean          | 385        |
|    ep_rew_mean          | 25.2       |
|    success_rate         | 0.1        |
| time/                   |            |
|    fps                  | 1970       |
|    iterations           | 62         |
|    time_elapsed         | 386        |
|    total_timesteps      | 761856     |
| train/                  |            |
|    approx_kl            | 0.00793993 |
|    clip_fraction        | 0.0778     |
|    clip_range           | 0.2        |
|    entropy_loss         | -2.15      |
|    explained_variance   | 0.94       |
|    learning_rate        | 0.0003     |
|    loss                 | 3.58       |
|    n_updates            | 610        |
|    policy_gradient_loss | -0.00553   |
|    std                  | 0.71       |
|    value_loss           | 5.54       |
----------------------------------------
-----------------------------------------
| rollout/                |             |
|    ep_len_mean          | 384         |
|    ep_rew_mean          | 27.2        |
|    success_rate         | 0.11        |
| time/                   |             |
|    fps                  | 1969        |
|    iterations           | 63          |
|    time_elapsed         | 393         |
|    total_timesteps      | 774144      |
| train/                  |             |
|    approx_kl            | 0.012396504 |
|    clip_fraction        | 0.142       |
|    clip_range           | 0.2         |
|    entropy_loss         | -2.16       |
|    explained_variance   | 0.962       |
|    learning_rate        | 0.0003      |
|    loss                 | 0.109       |
|    n_updates            | 620         |
|    policy_gradient_loss | -0.00678    |
|    std                  | 0.712       |
|    value_loss           | 0.779       |
-----------------------------------------
-----------------------------------------
| rollout/                |             |
|    ep_len_mean          | 393         |
|    ep_rew_mean          | 15.1        |
|    success_rate         | 0.05        |
| time/                   |             |
|    fps                  | 1968        |
|    iterations           | 64          |
|    time_elapsed         | 399         |
|    total_timesteps      | 786432      |
| train/                  |             |
|    approx_kl            | 0.011056836 |
|    clip_fraction        | 0.118       |
|    clip_range           | 0.2         |
|    entropy_loss         | -2.17       |
|    explained_variance   | 0.962       |
|    learning_rate        | 0.0003      |
|    loss                 | 0.0562      |
|    n_updates            | 630         |
|    policy_gradient_loss | -0.00604    |
|    std                  | 0.718       |
|    value_loss           | 1.21        |
-----------------------------------------
-----------------------------------------
| rollout/                |             |
|    ep_len_mean          | 395         |
|    ep_rew_mean          | 11.5        |
|    success_rate         | 0.04        |
| time/                   |             |
|    fps                  | 1967        |
|    iterations           | 65          |
|    time_elapsed         | 405         |
|    total_timesteps      | 798720      |
| train/                  |             |
|    approx_kl            | 0.012996261 |
|    clip_fraction        | 0.119       |
|    clip_range           | 0.2         |
|    entropy_loss         | -2.16       |
|    explained_variance   | 0.962       |
|    learning_rate        | 0.0003      |
|    loss                 | 0.0999      |
|    n_updates            | 640         |
|    policy_gradient_loss | -0.00843    |
|    std                  | 0.709       |
|    value_loss           | 1.1         |
-----------------------------------------
-----------------------------------------
| rollout/                |             |
|    ep_len_mean          | 392         |
|    ep_rew_mean          | 15.6        |
|    success_rate         | 0.06        |
| time/                   |             |
|    fps                  | 1967        |
|    iterations           | 66          |
|    time_elapsed         | 412         |
|    total_timesteps      | 811008      |
| train/                  |             |
|    approx_kl            | 0.013289769 |
|    clip_fraction        | 0.125       |
|    clip_range           | 0.2         |
|    entropy_loss         | -2.14       |
|    explained_variance   | 0.961       |
|    learning_rate        | 0.0003      |
|    loss                 | 0.0577      |
|    n_updates            | 650         |
|    policy_gradient_loss | -0.0095     |
|    std                  | 0.705       |
|    value_loss           | 0.876       |
-----------------------------------------
-----------------------------------------
| rollout/                |             |
|    ep_len_mean          | 394         |
|    ep_rew_mean          | 12.7        |
|    success_rate         | 0.05        |
| time/                   |             |
|    fps                  | 1966        |
|    iterations           | 67          |
|    time_elapsed         | 418         |
|    total_timesteps      | 823296      |
| train/                  |             |
|    approx_kl            | 0.012938902 |
|    clip_fraction        | 0.116       |
|    clip_range           | 0.2         |
|    entropy_loss         | -2.13       |
|    explained_variance   | 0.949       |
|    learning_rate        | 0.0003      |
|    loss                 | 0.226       |
|    n_updates            | 660         |
|    policy_gradient_loss | -0.0081     |
|    std                  | 0.697       |
|    value_loss           | 1.65        |
-----------------------------------------
-----------------------------------------
| rollout/                |             |
|    ep_len_mean          | 392         |
|    ep_rew_mean          | 14.9        |
|    success_rate         | 0.06        |
| time/                   |             |
|    fps                  | 1965        |
|    iterations           | 68          |
|    time_elapsed         | 425         |
|    total_timesteps      | 835584      |
| train/                  |             |
|    approx_kl            | 0.012528714 |
|    clip_fraction        | 0.127       |
|    clip_range           | 0.2         |
|    entropy_loss         | -2.11       |
|    explained_variance   | 0.966       |
|    learning_rate        | 0.0003      |
|    loss                 | 0.651       |
|    n_updates            | 670         |
|    policy_gradient_loss | -0.00882    |
|    std                  | 0.694       |
|    value_loss           | 0.849       |
-----------------------------------------
-----------------------------------------
| rollout/                |             |
|    ep_len_mean          | 391         |
|    ep_rew_mean          | 17          |
|    success_rate         | 0.07        |
| time/                   |             |
|    fps                  | 1965        |
|    iterations           | 69          |
|    time_elapsed         | 431         |
|    total_timesteps      | 847872      |
| train/                  |             |
|    approx_kl            | 0.012611416 |
|    clip_fraction        | 0.12        |
|    clip_range           | 0.2         |
|    entropy_loss         | -2.11       |
|    explained_variance   | 0.958       |
|    learning_rate        | 0.0003      |
|    loss                 | 0.0602      |
|    n_updates            | 680         |
|    policy_gradient_loss | -0.00763    |
|    std                  | 0.693       |
|    value_loss           | 0.813       |
-----------------------------------------
-----------------------------------------
| rollout/                |             |
|    ep_len_mean          | 389         |
|    ep_rew_mean          | 19.2        |
|    success_rate         | 0.08        |
| time/                   |             |
|    fps                  | 1964        |
|    iterations           | 70          |
|    time_elapsed         | 437         |
|    total_timesteps      | 860160      |
| train/                  |             |
|    approx_kl            | 0.010850209 |
|    clip_fraction        | 0.0999      |
|    clip_range           | 0.2         |
|    entropy_loss         | -2.1        |
|    explained_variance   | 0.936       |
|    learning_rate        | 0.0003      |
|    loss                 | 0.149       |
|    n_updates            | 690         |
|    policy_gradient_loss | -0.00582    |
|    std                  | 0.691       |
|    value_loss           | 1.97        |
-----------------------------------------
-----------------------------------------
| rollout/                |             |
|    ep_len_mean          | 389         |
|    ep_rew_mean          | 19.3        |
|    success_rate         | 0.08        |
| time/                   |             |
|    fps                  | 1963        |
|    iterations           | 71          |
|    time_elapsed         | 444         |
|    total_timesteps      | 872448      |
| train/                  |             |
|    approx_kl            | 0.011733842 |
|    clip_fraction        | 0.107       |
|    clip_range           | 0.2         |
|    entropy_loss         | -2.09       |
|    explained_variance   | 0.951       |
|    learning_rate        | 0.0003      |
|    loss                 | 0.317       |
|    n_updates            | 700         |
|    policy_gradient_loss | -0.00738    |
|    std                  | 0.689       |
|    value_loss           | 1.66        |
-----------------------------------------
-----------------------------------------
| rollout/                |             |
|    ep_len_mean          | 390         |
|    ep_rew_mean          | 18.4        |
|    success_rate         | 0.07        |
| time/                   |             |
|    fps                  | 1962        |
|    iterations           | 72          |
|    time_elapsed         | 450         |
|    total_timesteps      | 884736      |
| train/                  |             |
|    approx_kl            | 0.013535246 |
|    clip_fraction        | 0.137       |
|    clip_range           | 0.2         |
|    entropy_loss         | -2.08       |
|    explained_variance   | 0.961       |
|    learning_rate        | 0.0003      |
|    loss                 | 0.0943      |
|    n_updates            | 710         |
|    policy_gradient_loss | -0.00957    |
|    std                  | 0.682       |
|    value_loss           | 0.916       |
-----------------------------------------
-----------------------------------------
| rollout/                |             |
|    ep_len_mean          | 397         |
|    ep_rew_mean          | 10.4        |
|    success_rate         | 0.03        |
| time/                   |             |
|    fps                  | 1962        |
|    iterations           | 73          |
|    time_elapsed         | 457         |
|    total_timesteps      | 897024      |
| train/                  |             |
|    approx_kl            | 0.011084549 |
|    clip_fraction        | 0.121       |
|    clip_range           | 0.2         |
|    entropy_loss         | -2.06       |
|    explained_variance   | 0.953       |
|    learning_rate        | 0.0003      |
|    loss                 | 0.126       |
|    n_updates            | 720         |
|    policy_gradient_loss | -0.00814    |
|    std                  | 0.673       |
|    value_loss           | 1.13        |
-----------------------------------------
-----------------------------------------
| rollout/                |             |
|    ep_len_mean          | 393         |
|    ep_rew_mean          | 21.1        |
|    success_rate         | 0.07        |
| time/                   |             |
|    fps                  | 1961        |
|    iterations           | 74          |
|    time_elapsed         | 463         |
|    total_timesteps      | 909312      |
| train/                  |             |
|    approx_kl            | 0.012026967 |
|    clip_fraction        | 0.136       |
|    clip_range           | 0.2         |
|    entropy_loss         | -2.05       |
|    explained_variance   | 0.961       |
|    learning_rate        | 0.0003      |
|    loss                 | 0.115       |
|    n_updates            | 730         |
|    policy_gradient_loss | -0.00894    |
|    std                  | 0.672       |
|    value_loss           | 0.845       |
-----------------------------------------
-----------------------------------------
| rollout/                |             |
|    ep_len_mean          | 389         |
|    ep_rew_mean          | 30          |
|    success_rate         | 0.11        |
| time/                   |             |
|    fps                  | 1961        |
|    iterations           | 75          |
|    time_elapsed         | 469         |
|    total_timesteps      | 921600      |
| train/                  |             |
|    approx_kl            | 0.010015499 |
|    clip_fraction        | 0.103       |
|    clip_range           | 0.2         |
|    entropy_loss         | -2.04       |
|    explained_variance   | 0.916       |
|    learning_rate        | 0.0003      |
|    loss                 | 0.746       |
|    n_updates            | 740         |
|    policy_gradient_loss | -0.00692    |
|    std                  | 0.671       |
|    value_loss           | 3.86        |
-----------------------------------------
-----------------------------------------
| rollout/                |             |
|    ep_len_mean          | 390         |
|    ep_rew_mean          | 30          |
|    success_rate         | 0.11        |
| time/                   |             |
|    fps                  | 1960        |
|    iterations           | 76          |
|    time_elapsed         | 476         |
|    total_timesteps      | 933888      |
| train/                  |             |
|    approx_kl            | 0.013702143 |
|    clip_fraction        | 0.132       |
|    clip_range           | 0.2         |
|    entropy_loss         | -2.02       |
|    explained_variance   | 0.953       |
|    learning_rate        | 0.0003      |
|    loss                 | 0.503       |
|    n_updates            | 750         |
|    policy_gradient_loss | -0.00752    |
|    std                  | 0.662       |
|    value_loss           | 1.77        |
-----------------------------------------
-----------------------------------------
| rollout/                |             |
|    ep_len_mean          | 393         |
|    ep_rew_mean          | 22.6        |
|    success_rate         | 0.08        |
| time/                   |             |
|    fps                  | 1960        |
|    iterations           | 77          |
|    time_elapsed         | 482         |
|    total_timesteps      | 946176      |
| train/                  |             |
|    approx_kl            | 0.013758791 |
|    clip_fraction        | 0.138       |
|    clip_range           | 0.2         |
|    entropy_loss         | -2          |
|    explained_variance   | 0.966       |
|    learning_rate        | 0.0003      |
|    loss                 | 0.13        |
|    n_updates            | 760         |
|    policy_gradient_loss | -0.0101     |
|    std                  | 0.658       |
|    value_loss           | 0.93        |
-----------------------------------------
------------------------------------------
| rollout/                |              |
|    ep_len_mean          | 398          |
|    ep_rew_mean          | 10.7         |
|    success_rate         | 0.03         |
| time/                   |              |
|    fps                  | 1959         |
|    iterations           | 78           |
|    time_elapsed         | 489          |
|    total_timesteps      | 958464       |
| train/                  |              |
|    approx_kl            | 0.0135727795 |
|    clip_fraction        | 0.143        |
|    clip_range           | 0.2          |
|    entropy_loss         | -2           |
|    explained_variance   | 0.964        |
|    learning_rate        | 0.0003       |
|    loss                 | 0.125        |
|    n_updates            | 770          |
|    policy_gradient_loss | -0.00985     |
|    std                  | 0.657        |
|    value_loss           | 1.01         |
------------------------------------------
-----------------------------------------
| rollout/                |             |
|    ep_len_mean          | 399         |
|    ep_rew_mean          | 8.49        |
|    success_rate         | 0.02        |
| time/                   |             |
|    fps                  | 1959        |
|    iterations           | 79          |
|    time_elapsed         | 495         |
|    total_timesteps      | 970752      |
| train/                  |             |
|    approx_kl            | 0.014292871 |
|    clip_fraction        | 0.163       |
|    clip_range           | 0.2         |
|    entropy_loss         | -2          |
|    explained_variance   | 0.964       |
|    learning_rate        | 0.0003      |
|    loss                 | 0.158       |
|    n_updates            | 780         |
|    policy_gradient_loss | -0.0129     |
|    std                  | 0.655       |
|    value_loss           | 0.555       |
-----------------------------------------
-----------------------------------------
| rollout/                |             |
|    ep_len_mean          | 399         |
|    ep_rew_mean          | 5.44        |
|    success_rate         | 0.01        |
| time/                   |             |
|    fps                  | 1958        |
|    iterations           | 80          |
|    time_elapsed         | 501         |
|    total_timesteps      | 983040      |
| train/                  |             |
|    approx_kl            | 0.013590087 |
|    clip_fraction        | 0.144       |
|    clip_range           | 0.2         |
|    entropy_loss         | -1.99       |
|    explained_variance   | 0.961       |
|    learning_rate        | 0.0003      |
|    loss                 | 0.11        |
|    n_updates            | 790         |
|    policy_gradient_loss | -0.01       |
|    std                  | 0.656       |
|    value_loss           | 0.765       |
-----------------------------------------
-----------------------------------------
| rollout/                |             |
|    ep_len_mean          | 399         |
|    ep_rew_mean          | 5.43        |
|    success_rate         | 0.01        |
| time/                   |             |
|    fps                  | 1958        |
|    iterations           | 81          |
|    time_elapsed         | 508         |
|    total_timesteps      | 995328      |
| train/                  |             |
|    approx_kl            | 0.014886963 |
|    clip_fraction        | 0.154       |
|    clip_range           | 0.2         |
|    entropy_loss         | -1.99       |
|    explained_variance   | 0.967       |
|    learning_rate        | 0.0003      |
|    loss                 | 0.183       |
|    n_updates            | 800         |
|    policy_gradient_loss | -0.0102     |
|    std                  | 0.653       |
|    value_loss           | 0.456       |
-----------------------------------------
-----------------------------------------
| rollout/                |             |
|    ep_len_mean          | 399         |
|    ep_rew_mean          | 5.47        |
|    success_rate         | 0.01        |
| time/                   |             |
|    fps                  | 1957        |
|    iterations           | 82          |
|    time_elapsed         | 514         |
|    total_timesteps      | 1007616     |
| train/                  |             |
|    approx_kl            | 0.013415421 |
|    clip_fraction        | 0.143       |
|    clip_range           | 0.2         |
|    entropy_loss         | -1.98       |
|    explained_variance   | 0.956       |
|    learning_rate        | 0.0003      |
|    loss                 | 0.0349      |
|    n_updates            | 810         |
|    policy_gradient_loss | -0.00897    |
|    std                  | 0.651       |
|    value_loss           | 0.304       |
-----------------------------------------
-----------------------------------------
| rollout/                |             |
|    ep_len_mean          | 397         |
|    ep_rew_mean          | 11.5        |
|    success_rate         | 0.04        |
| time/                   |             |
|    fps                  | 1957        |
|    iterations           | 83          |
|    time_elapsed         | 520         |
|    total_timesteps      | 1019904     |
| train/                  |             |
|    approx_kl            | 0.014657058 |
|    clip_fraction        | 0.135       |
|    clip_range           | 0.2         |
|    entropy_loss         | -1.99       |
|    explained_variance   | 0.969       |
|    learning_rate        | 0.0003      |
|    loss                 | 0.0758      |
|    n_updates            | 820         |
|    policy_gradient_loss | -0.0103     |
|    std                  | 0.653       |
|    value_loss           | 0.75        |
-----------------------------------------
-----------------------------------------
| rollout/                |             |
|    ep_len_mean          | 396         |
|    ep_rew_mean          | 13.4        |
|    success_rate         | 0.05        |
| time/                   |             |
|    fps                  | 1957        |
|    iterations           | 84          |
|    time_elapsed         | 527         |
|    total_timesteps      | 1032192     |
| train/                  |             |
|    approx_kl            | 0.013546796 |
|    clip_fraction        | 0.114       |
|    clip_range           | 0.2         |
|    entropy_loss         | -1.99       |
|    explained_variance   | 0.962       |
|    learning_rate        | 0.0003      |
|    loss                 | 0.0922      |
|    n_updates            | 830         |
|    policy_gradient_loss | -0.00764    |
|    std                  | 0.653       |
|    value_loss           | 1.2         |
-----------------------------------------
-----------------------------------------
| rollout/                |             |
|    ep_len_mean          | 394         |
|    ep_rew_mean          | 18.7        |
|    success_rate         | 0.07        |
| time/                   |             |
|    fps                  | 1956        |
|    iterations           | 85          |
|    time_elapsed         | 533         |
|    total_timesteps      | 1044480     |
| train/                  |             |
|    approx_kl            | 0.015091891 |
|    clip_fraction        | 0.143       |
|    clip_range           | 0.2         |
|    entropy_loss         | -1.97       |
|    explained_variance   | 0.959       |
|    learning_rate        | 0.0003      |
|    loss                 | 0.0879      |
|    n_updates            | 840         |
|    policy_gradient_loss | -0.0092     |
|    std                  | 0.643       |
|    value_loss           | 0.751       |
-----------------------------------------
-----------------------------------------
| rollout/                |             |
|    ep_len_mean          | 390         |
|    ep_rew_mean          | 26.9        |
|    success_rate         | 0.11        |
| time/                   |             |
|    fps                  | 1956        |
|    iterations           | 86          |
|    time_elapsed         | 540         |
|    total_timesteps      | 1056768     |
| train/                  |             |
|    approx_kl            | 0.014506622 |
|    clip_fraction        | 0.151       |
|    clip_range           | 0.2         |
|    entropy_loss         | -1.95       |
|    explained_variance   | 0.957       |
|    learning_rate        | 0.0003      |
|    loss                 | 0.724       |
|    n_updates            | 850         |
|    policy_gradient_loss | -0.00931    |
|    std                  | 0.64        |
|    value_loss           | 1.32        |
-----------------------------------------
-----------------------------------------
| rollout/                |             |
|    ep_len_mean          | 391         |
|    ep_rew_mean          | 25          |
|    success_rate         | 0.1         |
| time/                   |             |
|    fps                  | 1955        |
|    iterations           | 87          |
|    time_elapsed         | 546         |
|    total_timesteps      | 1069056     |
| train/                  |             |
|    approx_kl            | 0.013924693 |
|    clip_fraction        | 0.136       |
|    clip_range           | 0.2         |
|    entropy_loss         | -1.94       |
|    explained_variance   | 0.953       |
|    learning_rate        | 0.0003      |
|    loss                 | 0.226       |
|    n_updates            | 860         |
|    policy_gradient_loss | -0.00809    |
|    std                  | 0.636       |
|    value_loss           | 1.56        |
-----------------------------------------
-----------------------------------------
| rollout/                |             |
|    ep_len_mean          | 387         |
|    ep_rew_mean          | 30          |
|    success_rate         | 0.13        |
| time/                   |             |
|    fps                  | 1955        |
|    iterations           | 88          |
|    time_elapsed         | 553         |
|    total_timesteps      | 1081344     |
| train/                  |             |
|    approx_kl            | 0.012969826 |
|    clip_fraction        | 0.138       |
|    clip_range           | 0.2         |
|    entropy_loss         | -1.94       |
|    explained_variance   | 0.928       |
|    learning_rate        | 0.0003      |
|    loss                 | 1.5         |
|    n_updates            | 870         |
|    policy_gradient_loss | -0.00849    |
|    std                  | 0.64        |
|    value_loss           | 0.821       |
-----------------------------------------
-----------------------------------------
| rollout/                |             |
|    ep_len_mean          | 385         |
|    ep_rew_mean          | 30.2        |
|    success_rate         | 0.13        |
| time/                   |             |
|    fps                  | 1954        |
|    iterations           | 89          |
|    time_elapsed         | 559         |
|    total_timesteps      | 1093632     |
| train/                  |             |
|    approx_kl            | 0.014927059 |
|    clip_fraction        | 0.133       |
|    clip_range           | 0.2         |
|    entropy_loss         | -1.94       |
|    explained_variance   | 0.932       |
|    learning_rate        | 0.0003      |
|    loss                 | 0.333       |
|    n_updates            | 880         |
|    policy_gradient_loss | -0.00776    |
|    std                  | 0.636       |
|    value_loss           | 1.69        |
-----------------------------------------
----------------------------------------
| rollout/                |            |
|    ep_len_mean          | 382        |
|    ep_rew_mean          | 34.3       |
|    success_rate         | 0.15       |
| time/                   |            |
|    fps                  | 1954       |
|    iterations           | 90         |
|    time_elapsed         | 565        |
|    total_timesteps      | 1105920    |
| train/                  |            |
|    approx_kl            | 0.01261128 |
|    clip_fraction        | 0.141      |
|    clip_range           | 0.2        |
|    entropy_loss         | -1.91      |
|    explained_variance   | 0.923      |
|    learning_rate        | 0.0003     |
|    loss                 | 0.15       |
|    n_updates            | 890        |
|    policy_gradient_loss | -0.00713   |
|    std                  | 0.627      |
|    value_loss           | 1.49       |
----------------------------------------
-----------------------------------------
| rollout/                |             |
|    ep_len_mean          | 378         |
|    ep_rew_mean          | 45.7        |
|    success_rate         | 0.2         |
| time/                   |             |
|    fps                  | 1954        |
|    iterations           | 91          |
|    time_elapsed         | 572         |
|    total_timesteps      | 1118208     |
| train/                  |             |
|    approx_kl            | 0.014057945 |
|    clip_fraction        | 0.148       |
|    clip_range           | 0.2         |
|    entropy_loss         | -1.9        |
|    explained_variance   | 0.92        |
|    learning_rate        | 0.0003      |
|    loss                 | 0.145       |
|    n_updates            | 900         |
|    policy_gradient_loss | -0.00755    |
|    std                  | 0.624       |
|    value_loss           | 1.23        |
-----------------------------------------
-----------------------------------------
| rollout/                |             |
|    ep_len_mean          | 378         |
|    ep_rew_mean          | 56          |
|    success_rate         | 0.25        |
| time/                   |             |
|    fps                  | 1953        |
|    iterations           | 92          |
|    time_elapsed         | 578         |
|    total_timesteps      | 1130496     |
| train/                  |             |
|    approx_kl            | 0.012135051 |
|    clip_fraction        | 0.124       |
|    clip_range           | 0.2         |
|    entropy_loss         | -1.89       |
|    explained_variance   | 0.938       |
|    learning_rate        | 0.0003      |
|    loss                 | 0.685       |
|    n_updates            | 910         |
|    policy_gradient_loss | -0.00756    |
|    std                  | 0.621       |
|    value_loss           | 2.88        |
-----------------------------------------
-----------------------------------------
| rollout/                |             |
|    ep_len_mean          | 373         |
|    ep_rew_mean          | 67.1        |
|    success_rate         | 0.29        |
| time/                   |             |
|    fps                  | 1953        |
|    iterations           | 93          |
|    time_elapsed         | 584         |
|    total_timesteps      | 1142784     |
| train/                  |             |
|    approx_kl            | 0.012476407 |
|    clip_fraction        | 0.139       |
|    clip_range           | 0.2         |
|    entropy_loss         | -1.87       |
|    explained_variance   | 0.871       |
|    learning_rate        | 0.0003      |
|    loss                 | 0.635       |
|    n_updates            | 920         |
|    policy_gradient_loss | -0.00734    |
|    std                  | 0.612       |
|    value_loss           | 2.78        |
-----------------------------------------
-----------------------------------------
| rollout/                |             |
|    ep_len_mean          | 380         |
|    ep_rew_mean          | 54.5        |
|    success_rate         | 0.23        |
| time/                   |             |
|    fps                  | 1953        |
|    iterations           | 94          |
|    time_elapsed         | 591         |
|    total_timesteps      | 1155072     |
| train/                  |             |
|    approx_kl            | 0.012814913 |
|    clip_fraction        | 0.154       |
|    clip_range           | 0.2         |
|    entropy_loss         | -1.85       |
|    explained_variance   | 0.897       |
|    learning_rate        | 0.0003      |
|    loss                 | 0.403       |
|    n_updates            | 930         |
|    policy_gradient_loss | -0.00604    |
|    std                  | 0.611       |
|    value_loss           | 2.72        |
-----------------------------------------
-----------------------------------------
| rollout/                |             |
|    ep_len_mean          | 382         |
|    ep_rew_mean          | 44.3        |
|    success_rate         | 0.18        |
| time/                   |             |
|    fps                  | 1953        |
|    iterations           | 95          |
|    time_elapsed         | 597         |
|    total_timesteps      | 1167360     |
| train/                  |             |
|    approx_kl            | 0.013700098 |
|    clip_fraction        | 0.165       |
|    clip_range           | 0.2         |
|    entropy_loss         | -1.84       |
|    explained_variance   | 0.943       |
|    learning_rate        | 0.0003      |
|    loss                 | 0.351       |
|    n_updates            | 940         |
|    policy_gradient_loss | -0.00832    |
|    std                  | 0.607       |
|    value_loss           | 1.14        |
-----------------------------------------
-----------------------------------------
| rollout/                |             |
|    ep_len_mean          | 379         |
|    ep_rew_mean          | 53.5        |
|    success_rate         | 0.23        |
| time/                   |             |
|    fps                  | 1953        |
|    iterations           | 96          |
|    time_elapsed         | 603         |
|    total_timesteps      | 1179648     |
| train/                  |             |
|    approx_kl            | 0.014512119 |
|    clip_fraction        | 0.151       |
|    clip_range           | 0.2         |
|    entropy_loss         | -1.83       |
|    explained_variance   | 0.938       |
|    learning_rate        | 0.0003      |
|    loss                 | 0.307       |
|    n_updates            | 950         |
|    policy_gradient_loss | -0.00832    |
|    std                  | 0.607       |
|    value_loss           | 1.39        |
-----------------------------------------
----------------------------------------
| rollout/                |            |
|    ep_len_mean          | 372        |
|    ep_rew_mean          | 68.6       |
|    success_rate         | 0.3        |
| time/                   |            |
|    fps                  | 1952       |
|    iterations           | 97         |
|    time_elapsed         | 610        |
|    total_timesteps      | 1191936    |
| train/                  |            |
|    approx_kl            | 0.01176856 |
|    clip_fraction        | 0.125      |
|    clip_range           | 0.2        |
|    entropy_loss         | -1.83      |
|    explained_variance   | 0.881      |
|    learning_rate        | 0.0003     |
|    loss                 | 0.201      |
|    n_updates            | 960        |
|    policy_gradient_loss | -0.00663   |
|    std                  | 0.603      |
|    value_loss           | 2.94       |
----------------------------------------
----------------------------------------
| rollout/                |            |
|    ep_len_mean          | 367        |
|    ep_rew_mean          | 83.2       |
|    success_rate         | 0.37       |
| time/                   |            |
|    fps                  | 1952       |
|    iterations           | 98         |
|    time_elapsed         | 616        |
|    total_timesteps      | 1204224    |
| train/                  |            |
|    approx_kl            | 0.01344337 |
|    clip_fraction        | 0.151      |
|    clip_range           | 0.2        |
|    entropy_loss         | -1.81      |
|    explained_variance   | 0.886      |
|    learning_rate        | 0.0003     |
|    loss                 | 2.92       |
|    n_updates            | 970        |
|    policy_gradient_loss | -0.00658   |
|    std                  | 0.599      |
|    value_loss           | 2.51       |
----------------------------------------
----------------------------------------
| rollout/                |            |
|    ep_len_mean          | 367        |
|    ep_rew_mean          | 85.7       |
|    success_rate         | 0.38       |
| time/                   |            |
|    fps                  | 1952       |
|    iterations           | 99         |
|    time_elapsed         | 623        |
|    total_timesteps      | 1216512    |
| train/                  |            |
|    approx_kl            | 0.01452592 |
|    clip_fraction        | 0.164      |
|    clip_range           | 0.2        |
|    entropy_loss         | -1.8       |
|    explained_variance   | 0.864      |
|    learning_rate        | 0.0003     |
|    loss                 | 1.5        |
|    n_updates            | 980        |
|    policy_gradient_loss | -0.0089    |
|    std                  | 0.597      |
|    value_loss           | 2.29       |
----------------------------------------
----------------------------------------
| rollout/                |            |
|    ep_len_mean          | 367        |
|    ep_rew_mean          | 88.1       |
|    success_rate         | 0.39       |
| time/                   |            |
|    fps                  | 1951       |
|    iterations           | 100        |
|    time_elapsed         | 629        |
|    total_timesteps      | 1228800    |
| train/                  |            |
|    approx_kl            | 0.01293328 |
|    clip_fraction        | 0.146      |
|    clip_range           | 0.2        |
|    entropy_loss         | -1.8       |
|    explained_variance   | 0.843      |
|    learning_rate        | 0.0003     |
|    loss                 | 0.426      |
|    n_updates            | 990        |
|    policy_gradient_loss | -0.00451   |
|    std                  | 0.596      |
|    value_loss           | 2.38       |
----------------------------------------
-----------------------------------------
| rollout/                |             |
|    ep_len_mean          | 376         |
|    ep_rew_mean          | 70          |
|    success_rate         | 0.29        |
| time/                   |             |
|    fps                  | 1951        |
|    iterations           | 101         |
|    time_elapsed         | 636         |
|    total_timesteps      | 1241088     |
| train/                  |             |
|    approx_kl            | 0.013983863 |
|    clip_fraction        | 0.172       |
|    clip_range           | 0.2         |
|    entropy_loss         | -1.79       |
|    explained_variance   | 0.892       |
|    learning_rate        | 0.0003      |
|    loss                 | 0.398       |
|    n_updates            | 1000        |
|    policy_gradient_loss | -0.0069     |
|    std                  | 0.593       |
|    value_loss           | 2.01        |
-----------------------------------------
-----------------------------------------
| rollout/                |             |
|    ep_len_mean          | 382         |
|    ep_rew_mean          | 55.9        |
|    success_rate         | 0.22        |
| time/                   |             |
|    fps                  | 1950        |
|    iterations           | 102         |
|    time_elapsed         | 642         |
|    total_timesteps      | 1253376     |
| train/                  |             |
|    approx_kl            | 0.015780117 |
|    clip_fraction        | 0.167       |
|    clip_range           | 0.2         |
|    entropy_loss         | -1.79       |
|    explained_variance   | 0.912       |
|    learning_rate        | 0.0003      |
|    loss                 | 0.102       |
|    n_updates            | 1010        |
|    policy_gradient_loss | -0.00842    |
|    std                  | 0.592       |
|    value_loss           | 0.897       |
-----------------------------------------
-----------------------------------------
| rollout/                |             |
|    ep_len_mean          | 386         |
|    ep_rew_mean          | 49.2        |
|    success_rate         | 0.17        |
| time/                   |             |
|    fps                  | 1950        |
|    iterations           | 103         |
|    time_elapsed         | 648         |
|    total_timesteps      | 1265664     |
| train/                  |             |
|    approx_kl            | 0.014113166 |
|    clip_fraction        | 0.153       |
|    clip_range           | 0.2         |
|    entropy_loss         | -1.79       |
|    explained_variance   | 0.908       |
|    learning_rate        | 0.0003      |
|    loss                 | 0.0964      |
|    n_updates            | 1020        |
|    policy_gradient_loss | -0.00627    |
|    std                  | 0.594       |
|    value_loss           | 1.59        |
-----------------------------------------
-----------------------------------------
| rollout/                |             |
|    ep_len_mean          | 382         |
|    ep_rew_mean          | 55.2        |
|    success_rate         | 0.2         |
| time/                   |             |
|    fps                  | 1950        |
|    iterations           | 104         |
|    time_elapsed         | 655         |
|    total_timesteps      | 1277952     |
| train/                  |             |
|    approx_kl            | 0.014563632 |
|    clip_fraction        | 0.141       |
|    clip_range           | 0.2         |
|    entropy_loss         | -1.8        |
|    explained_variance   | 0.933       |
|    learning_rate        | 0.0003      |
|    loss                 | 0.187       |
|    n_updates            | 1030        |
|    policy_gradient_loss | -0.00614    |
|    std                  | 0.596       |
|    value_loss           | 1.77        |
-----------------------------------------
-----------------------------------------
| rollout/                |             |
|    ep_len_mean          | 373         |
|    ep_rew_mean          | 77.9        |
|    success_rate         | 0.28        |
| time/                   |             |
|    fps                  | 1949        |
|    iterations           | 105         |
|    time_elapsed         | 661         |
|    total_timesteps      | 1290240     |
| train/                  |             |
|    approx_kl            | 0.014131974 |
|    clip_fraction        | 0.152       |
|    clip_range           | 0.2         |
|    entropy_loss         | -1.79       |
|    explained_variance   | 0.934       |
|    learning_rate        | 0.0003      |
|    loss                 | 0.144       |
|    n_updates            | 1040        |
|    policy_gradient_loss | -0.0101     |
|    std                  | 0.595       |
|    value_loss           | 1.36        |
-----------------------------------------
-----------------------------------------
| rollout/                |             |
|    ep_len_mean          | 372         |
|    ep_rew_mean          | 85.6        |
|    success_rate         | 0.33        |
| time/                   |             |
|    fps                  | 1949        |
|    iterations           | 106         |
|    time_elapsed         | 668         |
|    total_timesteps      | 1302528     |
| train/                  |             |
|    approx_kl            | 0.012219951 |
|    clip_fraction        | 0.126       |
|    clip_range           | 0.2         |
|    entropy_loss         | -1.79       |
|    explained_variance   | 0.911       |
|    learning_rate        | 0.0003      |
|    loss                 | 0.373       |
|    n_updates            | 1050        |
|    policy_gradient_loss | -0.00705    |
|    std                  | 0.592       |
|    value_loss           | 2.96        |
-----------------------------------------
----------------------------------------
| rollout/                |            |
|    ep_len_mean          | 371        |
|    ep_rew_mean          | 97.8       |
|    success_rate         | 0.36       |
| time/                   |            |
|    fps                  | 1948       |
|    iterations           | 107        |
|    time_elapsed         | 674        |
|    total_timesteps      | 1314816    |
| train/                  |            |
|    approx_kl            | 0.01540064 |
|    clip_fraction        | 0.152      |
|    clip_range           | 0.2        |
|    entropy_loss         | -1.81      |
|    explained_variance   | 0.95       |
|    learning_rate        | 0.0003     |
|    loss                 | 1.11       |
|    n_updates            | 1060       |
|    policy_gradient_loss | -0.00985   |
|    std                  | 0.603      |
|    value_loss           | 1.9        |
----------------------------------------
-----------------------------------------
| rollout/                |             |
|    ep_len_mean          | 375         |
|    ep_rew_mean          | 94.4        |
|    success_rate         | 0.34        |
| time/                   |             |
|    fps                  | 1948        |
|    iterations           | 108         |
|    time_elapsed         | 681         |
|    total_timesteps      | 1327104     |
| train/                  |             |
|    approx_kl            | 0.015192851 |
|    clip_fraction        | 0.149       |
|    clip_range           | 0.2         |
|    entropy_loss         | -1.82       |
|    explained_variance   | 0.915       |
|    learning_rate        | 0.0003      |
|    loss                 | 0.157       |
|    n_updates            | 1070        |
|    policy_gradient_loss | -0.00934    |
|    std                  | 0.604       |
|    value_loss           | 2.11        |
-----------------------------------------
------------------------------------------
| rollout/                |              |
|    ep_len_mean          | 376          |
|    ep_rew_mean          | 95.8         |
|    success_rate         | 0.33         |
| time/                   |              |
|    fps                  | 1947         |
|    iterations           | 109          |
|    time_elapsed         | 687          |
|    total_timesteps      | 1339392      |
| train/                  |              |
|    approx_kl            | 0.0124237435 |
|    clip_fraction        | 0.136        |
|    clip_range           | 0.2          |
|    entropy_loss         | -1.82        |
|    explained_variance   | 0.899        |
|    learning_rate        | 0.0003       |
|    loss                 | 0.25         |
|    n_updates            | 1080         |
|    policy_gradient_loss | -0.00655     |
|    std                  | 0.601        |
|    value_loss           | 2.32         |
------------------------------------------
-----------------------------------------
| rollout/                |             |
|    ep_len_mean          | 378         |
|    ep_rew_mean          | 88.2        |
|    success_rate         | 0.32        |
| time/                   |             |
|    fps                  | 1947        |
|    iterations           | 110         |
|    time_elapsed         | 694         |
|    total_timesteps      | 1351680     |
| train/                  |             |
|    approx_kl            | 0.014461425 |
|    clip_fraction        | 0.16        |
|    clip_range           | 0.2         |
|    entropy_loss         | -1.81       |
|    explained_variance   | 0.856       |
|    learning_rate        | 0.0003      |
|    loss                 | 0.659       |
|    n_updates            | 1090        |
|    policy_gradient_loss | -0.00664    |
|    std                  | 0.596       |
|    value_loss           | 2.28        |
-----------------------------------------
----------------------------------------
| rollout/                |            |
|    ep_len_mean          | 377        |
|    ep_rew_mean          | 87.7       |
|    success_rate         | 0.32       |
| time/                   |            |
|    fps                  | 1947       |
|    iterations           | 111        |
|    time_elapsed         | 700        |
|    total_timesteps      | 1363968    |
| train/                  |            |
|    approx_kl            | 0.01569325 |
|    clip_fraction        | 0.164      |
|    clip_range           | 0.2        |
|    entropy_loss         | -1.79      |
|    explained_variance   | 0.929      |
|    learning_rate        | 0.0003     |
|    loss                 | 0.105      |
|    n_updates            | 1100       |
|    policy_gradient_loss | -0.00854   |
|    std                  | 0.59       |
|    value_loss           | 1.27       |
----------------------------------------
----------------------------------------
| rollout/                |            |
|    ep_len_mean          | 382        |
|    ep_rew_mean          | 77.1       |
|    success_rate         | 0.26       |
| time/                   |            |
|    fps                  | 1946       |
|    iterations           | 112        |
|    time_elapsed         | 706        |
|    total_timesteps      | 1376256    |
| train/                  |            |
|    approx_kl            | 0.01443779 |
|    clip_fraction        | 0.152      |
|    clip_range           | 0.2        |
|    entropy_loss         | -1.78      |
|    explained_variance   | 0.91       |
|    learning_rate        | 0.0003     |
|    loss                 | 0.266      |
|    n_updates            | 1110       |
|    policy_gradient_loss | -0.00611   |
|    std                  | 0.587      |
|    value_loss           | 1.65       |
----------------------------------------
-----------------------------------------
| rollout/                |             |
|    ep_len_mean          | 382         |
|    ep_rew_mean          | 78.6        |
|    success_rate         | 0.26        |
| time/                   |             |
|    fps                  | 1946        |
|    iterations           | 113         |
|    time_elapsed         | 713         |
|    total_timesteps      | 1388544     |
| train/                  |             |
|    approx_kl            | 0.015183143 |
|    clip_fraction        | 0.154       |
|    clip_range           | 0.2         |
|    entropy_loss         | -1.77       |
|    explained_variance   | 0.937       |
|    learning_rate        | 0.0003      |
|    loss                 | 0.351       |
|    n_updates            | 1120        |
|    policy_gradient_loss | -0.00823    |
|    std                  | 0.587       |
|    value_loss           | 1.28        |
-----------------------------------------
------------------------------------------
| rollout/                |              |
|    ep_len_mean          | 383          |
|    ep_rew_mean          | 78.8         |
|    success_rate         | 0.26         |
| time/                   |              |
|    fps                  | 1946         |
|    iterations           | 114          |
|    time_elapsed         | 719          |
|    total_timesteps      | 1400832      |
| train/                  |              |
|    approx_kl            | 0.0155242225 |
|    clip_fraction        | 0.148        |
|    clip_range           | 0.2          |
|    entropy_loss         | -1.78        |
|    explained_variance   | 0.889        |
|    learning_rate        | 0.0003       |
|    loss                 | 0.592        |
|    n_updates            | 1130         |
|    policy_gradient_loss | -0.00746     |
|    std                  | 0.592        |
|    value_loss           | 1.52         |
------------------------------------------
-----------------------------------------
| rollout/                |             |
|    ep_len_mean          | 377         |
|    ep_rew_mean          | 94.7        |
|    success_rate         | 0.33        |
| time/                   |             |
|    fps                  | 1945        |
|    iterations           | 115         |
|    time_elapsed         | 726         |
|    total_timesteps      | 1413120     |
| train/                  |             |
|    approx_kl            | 0.016636174 |
|    clip_fraction        | 0.154       |
|    clip_range           | 0.2         |
|    entropy_loss         | -1.79       |
|    explained_variance   | 0.936       |
|    learning_rate        | 0.0003      |
|    loss                 | 0.136       |
|    n_updates            | 1140        |
|    policy_gradient_loss | -0.00867    |
|    std                  | 0.593       |
|    value_loss           | 1.51        |
-----------------------------------------
-----------------------------------------
| rollout/                |             |
|    ep_len_mean          | 373         |
|    ep_rew_mean          | 113         |
|    success_rate         | 0.38        |
| time/                   |             |
|    fps                  | 1945        |
|    iterations           | 116         |
|    time_elapsed         | 732         |
|    total_timesteps      | 1425408     |
| train/                  |             |
|    approx_kl            | 0.013984111 |
|    clip_fraction        | 0.136       |
|    clip_range           | 0.2         |
|    entropy_loss         | -1.77       |
|    explained_variance   | 0.888       |
|    learning_rate        | 0.0003      |
|    loss                 | 0.52        |
|    n_updates            | 1150        |
|    policy_gradient_loss | -0.0072     |
|    std                  | 0.586       |
|    value_loss           | 2.22        |
-----------------------------------------
-----------------------------------------
| rollout/                |             |
|    ep_len_mean          | 379         |
|    ep_rew_mean          | 107         |
|    success_rate         | 0.34        |
| time/                   |             |
|    fps                  | 1944        |
|    iterations           | 117         |
|    time_elapsed         | 739         |
|    total_timesteps      | 1437696     |
| train/                  |             |
|    approx_kl            | 0.014794434 |
|    clip_fraction        | 0.142       |
|    clip_range           | 0.2         |
|    entropy_loss         | -1.76       |
|    explained_variance   | 0.881       |
|    learning_rate        | 0.0003      |
|    loss                 | 0.36        |
|    n_updates            | 1160        |
|    policy_gradient_loss | -0.0047     |
|    std                  | 0.584       |
|    value_loss           | 2.15        |
-----------------------------------------
-----------------------------------------
| rollout/                |             |
|    ep_len_mean          | 380         |
|    ep_rew_mean          | 105         |
|    success_rate         | 0.34        |
| time/                   |             |
|    fps                  | 1944        |
|    iterations           | 118         |
|    time_elapsed         | 745         |
|    total_timesteps      | 1449984     |
| train/                  |             |
|    approx_kl            | 0.018776994 |
|    clip_fraction        | 0.176       |
|    clip_range           | 0.2         |
|    entropy_loss         | -1.76       |
|    explained_variance   | 0.939       |
|    learning_rate        | 0.0003      |
|    loss                 | 0.421       |
|    n_updates            | 1170        |
|    policy_gradient_loss | -0.00979    |
|    std                  | 0.582       |
|    value_loss           | 1.16        |
-----------------------------------------
-----------------------------------------
| rollout/                |             |
|    ep_len_mean          | 381         |
|    ep_rew_mean          | 104         |
|    success_rate         | 0.32        |
| time/                   |             |
|    fps                  | 1944        |
|    iterations           | 119         |
|    time_elapsed         | 752         |
|    total_timesteps      | 1462272     |
| train/                  |             |
|    approx_kl            | 0.013853003 |
|    clip_fraction        | 0.143       |
|    clip_range           | 0.2         |
|    entropy_loss         | -1.76       |
|    explained_variance   | 0.886       |
|    learning_rate        | 0.0003      |
|    loss                 | 1.75        |
|    n_updates            | 1180        |
|    policy_gradient_loss | -0.00699    |
|    std                  | 0.587       |
|    value_loss           | 1.87        |
-----------------------------------------
----------------------------------------
| rollout/                |            |
|    ep_len_mean          | 378        |
|    ep_rew_mean          | 107        |
|    success_rate         | 0.36       |
| time/                   |            |
|    fps                  | 1944       |
|    iterations           | 120        |
|    time_elapsed         | 758        |
|    total_timesteps      | 1474560    |
| train/                  |            |
|    approx_kl            | 0.01562436 |
|    clip_fraction        | 0.153      |
|    clip_range           | 0.2        |
|    entropy_loss         | -1.77      |
|    explained_variance   | 0.9        |
|    learning_rate        | 0.0003     |
|    loss                 | 0.352      |
|    n_updates            | 1190       |
|    policy_gradient_loss | -0.00768   |
|    std                  | 0.588      |
|    value_loss           | 2.11       |
----------------------------------------
-----------------------------------------
| rollout/                |             |
|    ep_len_mean          | 375         |
|    ep_rew_mean          | 104         |
|    success_rate         | 0.34        |
| time/                   |             |
|    fps                  | 1943        |
|    iterations           | 121         |
|    time_elapsed         | 765         |
|    total_timesteps      | 1486848     |
| train/                  |             |
|    approx_kl            | 0.016207026 |
|    clip_fraction        | 0.163       |
|    clip_range           | 0.2         |
|    entropy_loss         | -1.77       |
|    explained_variance   | 0.862       |
|    learning_rate        | 0.0003      |
|    loss                 | 0.318       |
|    n_updates            | 1200        |
|    policy_gradient_loss | -0.00696    |
|    std                  | 0.586       |
|    value_loss           | 1.35        |
-----------------------------------------
-----------------------------------------
| rollout/                |             |
|    ep_len_mean          | 375         |
|    ep_rew_mean          | 92.9        |
|    success_rate         | 0.32        |
| time/                   |             |
|    fps                  | 1942        |
|    iterations           | 122         |
|    time_elapsed         | 771         |
|    total_timesteps      | 1499136     |
| train/                  |             |
|    approx_kl            | 0.017469393 |
|    clip_fraction        | 0.154       |
|    clip_range           | 0.2         |
|    entropy_loss         | -1.77       |
|    explained_variance   | 0.902       |
|    learning_rate        | 0.0003      |
|    loss                 | 0.144       |
|    n_updates            | 1210        |
|    policy_gradient_loss | -0.00771    |
|    std                  | 0.587       |
|    value_loss           | 1.64        |
-----------------------------------------
-----------------------------------------
| rollout/                |             |
|    ep_len_mean          | 378         |
|    ep_rew_mean          | 78.8        |
|    success_rate         | 0.26        |
| time/                   |             |
|    fps                  | 1942        |
|    iterations           | 123         |
|    time_elapsed         | 778         |
|    total_timesteps      | 1511424     |
| train/                  |             |
|    approx_kl            | 0.016126936 |
|    clip_fraction        | 0.158       |
|    clip_range           | 0.2         |
|    entropy_loss         | -1.76       |
|    explained_variance   | 0.906       |
|    learning_rate        | 0.0003      |
|    loss                 | 0.211       |
|    n_updates            | 1220        |
|    policy_gradient_loss | -0.00734    |
|    std                  | 0.583       |
|    value_loss           | 1.19        |
-----------------------------------------
-----------------------------------------
| rollout/                |             |
|    ep_len_mean          | 377         |
|    ep_rew_mean          | 68.8        |
|    success_rate         | 0.22        |
| time/                   |             |
|    fps                  | 1942        |
|    iterations           | 124         |
|    time_elapsed         | 784         |
|    total_timesteps      | 1523712     |
| train/                  |             |
|    approx_kl            | 0.016331652 |
|    clip_fraction        | 0.167       |
|    clip_range           | 0.2         |
|    entropy_loss         | -1.75       |
|    explained_variance   | 0.913       |
|    learning_rate        | 0.0003      |
|    loss                 | 0.138       |
|    n_updates            | 1230        |
|    policy_gradient_loss | -0.0091     |
|    std                  | 0.581       |
|    value_loss           | 0.821       |
-----------------------------------------
-----------------------------------------
| rollout/                |             |
|    ep_len_mean          | 373         |
|    ep_rew_mean          | 75.5        |
|    success_rate         | 0.25        |
| time/                   |             |
|    fps                  | 1941        |
|    iterations           | 125         |
|    time_elapsed         | 790         |
|    total_timesteps      | 1536000     |
| train/                  |             |
|    approx_kl            | 0.014124575 |
|    clip_fraction        | 0.156       |
|    clip_range           | 0.2         |
|    entropy_loss         | -1.75       |
|    explained_variance   | 0.946       |
|    learning_rate        | 0.0003      |
|    loss                 | 0.167       |
|    n_updates            | 1240        |
|    policy_gradient_loss | -0.00754    |
|    std                  | 0.583       |
|    value_loss           | 0.94        |
-----------------------------------------
-----------------------------------------
| rollout/                |             |
|    ep_len_mean          | 362         |
|    ep_rew_mean          | 104         |
|    success_rate         | 0.32        |
| time/                   |             |
|    fps                  | 1941        |
|    iterations           | 126         |
|    time_elapsed         | 797         |
|    total_timesteps      | 1548288     |
| train/                  |             |
|    approx_kl            | 0.015221789 |
|    clip_fraction        | 0.153       |
|    clip_range           | 0.2         |
|    entropy_loss         | -1.75       |
|    explained_variance   | 0.912       |
|    learning_rate        | 0.0003      |
|    loss                 | 0.212       |
|    n_updates            | 1250        |
|    policy_gradient_loss | -0.00819    |
|    std                  | 0.58        |
|    value_loss           | 1.38        |
-----------------------------------------
-----------------------------------------
| rollout/                |             |
|    ep_len_mean          | 363         |
|    ep_rew_mean          | 102         |
|    success_rate         | 0.31        |
| time/                   |             |
|    fps                  | 1941        |
|    iterations           | 127         |
|    time_elapsed         | 803         |
|    total_timesteps      | 1560576     |
| train/                  |             |
|    approx_kl            | 0.014689739 |
|    clip_fraction        | 0.147       |
|    clip_range           | 0.2         |
|    entropy_loss         | -1.75       |
|    explained_variance   | 0.909       |
|    learning_rate        | 0.0003      |
|    loss                 | 0.643       |
|    n_updates            | 1260        |
|    policy_gradient_loss | -0.00736    |
|    std                  | 0.58        |
|    value_loss           | 1.69        |
-----------------------------------------
-----------------------------------------
| rollout/                |             |
|    ep_len_mean          | 361         |
|    ep_rew_mean          | 105         |
|    success_rate         | 0.31        |
| time/                   |             |
|    fps                  | 1941        |
|    iterations           | 128         |
|    time_elapsed         | 810         |
|    total_timesteps      | 1572864     |
| train/                  |             |
|    approx_kl            | 0.016555363 |
|    clip_fraction        | 0.167       |
|    clip_range           | 0.2         |
|    entropy_loss         | -1.74       |
|    explained_variance   | 0.931       |
|    learning_rate        | 0.0003      |
|    loss                 | 0.158       |
|    n_updates            | 1270        |
|    policy_gradient_loss | -0.00727    |
|    std                  | 0.577       |
|    value_loss           | 1           |
-----------------------------------------
-----------------------------------------
| rollout/                |             |
|    ep_len_mean          | 368         |
|    ep_rew_mean          | 85.5        |
|    success_rate         | 0.28        |
| time/                   |             |
|    fps                  | 1941        |
|    iterations           | 129         |
|    time_elapsed         | 816         |
|    total_timesteps      | 1585152     |
| train/                  |             |
|    approx_kl            | 0.013504568 |
|    clip_fraction        | 0.154       |
|    clip_range           | 0.2         |
|    entropy_loss         | -1.73       |
|    explained_variance   | 0.897       |
|    learning_rate        | 0.0003      |
|    loss                 | 0.103       |
|    n_updates            | 1280        |
|    policy_gradient_loss | -0.00565    |
|    std                  | 0.575       |
|    value_loss           | 1.48        |
-----------------------------------------
-----------------------------------------
| rollout/                |             |
|    ep_len_mean          | 371         |
|    ep_rew_mean          | 93.2        |
|    success_rate         | 0.3         |
| time/                   |             |
|    fps                  | 1940        |
|    iterations           | 130         |
|    time_elapsed         | 823         |
|    total_timesteps      | 1597440     |
| train/                  |             |
|    approx_kl            | 0.015570839 |
|    clip_fraction        | 0.159       |
|    clip_range           | 0.2         |
|    entropy_loss         | -1.73       |
|    explained_variance   | 0.951       |
|    learning_rate        | 0.0003      |
|    loss                 | 0.711       |
|    n_updates            | 1290        |
|    policy_gradient_loss | -0.00828    |
|    std                  | 0.576       |
|    value_loss           | 0.78        |
-----------------------------------------
-----------------------------------------
| rollout/                |             |
|    ep_len_mean          | 375         |
|    ep_rew_mean          | 81.9        |
|    success_rate         | 0.27        |
| time/                   |             |
|    fps                  | 1940        |
|    iterations           | 131         |
|    time_elapsed         | 829         |
|    total_timesteps      | 1609728     |
| train/                  |             |
|    approx_kl            | 0.014977845 |
|    clip_fraction        | 0.145       |
|    clip_range           | 0.2         |
|    entropy_loss         | -1.72       |
|    explained_variance   | 0.806       |
|    learning_rate        | 0.0003      |
|    loss                 | 0.454       |
|    n_updates            | 1300        |
|    policy_gradient_loss | -0.00467    |
|    std                  | 0.571       |
|    value_loss           | 1.34        |
-----------------------------------------
----------------------------------------
| rollout/                |            |
|    ep_len_mean          | 374        |
|    ep_rew_mean          | 99.8       |
|    success_rate         | 0.33       |
| time/                   |            |
|    fps                  | 1940       |
|    iterations           | 132        |
|    time_elapsed         | 835        |
|    total_timesteps      | 1622016    |
| train/                  |            |
|    approx_kl            | 0.01622126 |
|    clip_fraction        | 0.161      |
|    clip_range           | 0.2        |
|    entropy_loss         | -1.71      |
|    explained_variance   | 0.92       |
|    learning_rate        | 0.0003     |
|    loss                 | 1.76       |
|    n_updates            | 1310       |
|    policy_gradient_loss | -0.009     |
|    std                  | 0.568      |
|    value_loss           | 1.15       |
----------------------------------------
-----------------------------------------
| rollout/                |             |
|    ep_len_mean          | 373         |
|    ep_rew_mean          | 106         |
|    success_rate         | 0.35        |
| time/                   |             |
|    fps                  | 1940        |
|    iterations           | 133         |
|    time_elapsed         | 842         |
|    total_timesteps      | 1634304     |
| train/                  |             |
|    approx_kl            | 0.015353027 |
|    clip_fraction        | 0.154       |
|    clip_range           | 0.2         |
|    entropy_loss         | -1.69       |
|    explained_variance   | 0.904       |
|    learning_rate        | 0.0003      |
|    loss                 | 0.798       |
|    n_updates            | 1320        |
|    policy_gradient_loss | -0.00761    |
|    std                  | 0.562       |
|    value_loss           | 1.33        |
-----------------------------------------
-----------------------------------------
| rollout/                |             |
|    ep_len_mean          | 370         |
|    ep_rew_mean          | 123         |
|    success_rate         | 0.41        |
| time/                   |             |
|    fps                  | 1940        |
|    iterations           | 134         |
|    time_elapsed         | 848         |
|    total_timesteps      | 1646592     |
| train/                  |             |
|    approx_kl            | 0.014164475 |
|    clip_fraction        | 0.156       |
|    clip_range           | 0.2         |
|    entropy_loss         | -1.69       |
|    explained_variance   | 0.942       |
|    learning_rate        | 0.0003      |
|    loss                 | 0.541       |
|    n_updates            | 1330        |
|    policy_gradient_loss | -0.00686    |
|    std                  | 0.563       |
|    value_loss           | 1.1         |
-----------------------------------------
-----------------------------------------
| rollout/                |             |
|    ep_len_mean          | 360         |
|    ep_rew_mean          | 133         |
|    success_rate         | 0.48        |
| time/                   |             |
|    fps                  | 1939        |
|    iterations           | 135         |
|    time_elapsed         | 855         |
|    total_timesteps      | 1658880     |
| train/                  |             |
|    approx_kl            | 0.015162408 |
|    clip_fraction        | 0.153       |
|    clip_range           | 0.2         |
|    entropy_loss         | -1.68       |
|    explained_variance   | 0.919       |
|    learning_rate        | 0.0003      |
|    loss                 | 0.343       |
|    n_updates            | 1340        |
|    policy_gradient_loss | -0.00879    |
|    std                  | 0.562       |
|    value_loss           | 1.3         |
-----------------------------------------
-----------------------------------------
| rollout/                |             |
|    ep_len_mean          | 360         |
|    ep_rew_mean          | 142         |
|    success_rate         | 0.51        |
| time/                   |             |
|    fps                  | 1939        |
|    iterations           | 136         |
|    time_elapsed         | 861         |
|    total_timesteps      | 1671168     |
| train/                  |             |
|    approx_kl            | 0.014921968 |
|    clip_fraction        | 0.159       |
|    clip_range           | 0.2         |
|    entropy_loss         | -1.68       |
|    explained_variance   | 0.87        |
|    learning_rate        | 0.0003      |
|    loss                 | 0.538       |
|    n_updates            | 1350        |
|    policy_gradient_loss | -0.00748    |
|    std                  | 0.562       |
|    value_loss           | 1.46        |
-----------------------------------------
------------------------------------------
| rollout/                |              |
|    ep_len_mean          | 356          |
|    ep_rew_mean          | 153          |
|    success_rate         | 0.54         |
| time/                   |              |
|    fps                  | 1939         |
|    iterations           | 137          |
|    time_elapsed         | 868          |
|    total_timesteps      | 1683456      |
| train/                  |              |
|    approx_kl            | 0.0150584215 |
|    clip_fraction        | 0.156        |
|    clip_range           | 0.2          |
|    entropy_loss         | -1.68        |
|    explained_variance   | 0.861        |
|    learning_rate        | 0.0003       |
|    loss                 | 0.948        |
|    n_updates            | 1360         |
|    policy_gradient_loss | -0.00608     |
|    std                  | 0.559        |
|    value_loss           | 1.23         |
------------------------------------------
-----------------------------------------
| rollout/                |             |
|    ep_len_mean          | 366         |
|    ep_rew_mean          | 154         |
|    success_rate         | 0.47        |
| time/                   |             |
|    fps                  | 1939        |
|    iterations           | 138         |
|    time_elapsed         | 874         |
|    total_timesteps      | 1695744     |
| train/                  |             |
|    approx_kl            | 0.015328421 |
|    clip_fraction        | 0.155       |
|    clip_range           | 0.2         |
|    entropy_loss         | -1.66       |
|    explained_variance   | 0.826       |
|    learning_rate        | 0.0003      |
|    loss                 | 0.955       |
|    n_updates            | 1370        |
|    policy_gradient_loss | -0.00626    |
|    std                  | 0.553       |
|    value_loss           | 1.49        |
-----------------------------------------
---------------------------------------
| rollout/                |           |
|    ep_len_mean          | 366       |
|    ep_rew_mean          | 140       |
|    success_rate         | 0.44      |
| time/                   |           |
|    fps                  | 1939      |
|    iterations           | 139       |
|    time_elapsed         | 880       |
|    total_timesteps      | 1708032   |
| train/                  |           |
|    approx_kl            | 0.0156757 |
|    clip_fraction        | 0.167     |
|    clip_range           | 0.2       |
|    entropy_loss         | -1.65     |
|    explained_variance   | 0.911     |
|    learning_rate        | 0.0003    |
|    loss                 | 0.311     |
|    n_updates            | 1380      |
|    policy_gradient_loss | -0.00698  |
|    std                  | 0.552     |
|    value_loss           | 1.17      |
---------------------------------------
-----------------------------------------
| rollout/                |             |
|    ep_len_mean          | 370         |
|    ep_rew_mean          | 121         |
|    success_rate         | 0.36        |
| time/                   |             |
|    fps                  | 1938        |
|    iterations           | 140         |
|    time_elapsed         | 887         |
|    total_timesteps      | 1720320     |
| train/                  |             |
|    approx_kl            | 0.016180798 |
|    clip_fraction        | 0.166       |
|    clip_range           | 0.2         |
|    entropy_loss         | -1.65       |
|    explained_variance   | 0.919       |
|    learning_rate        | 0.0003      |
|    loss                 | 0.301       |
|    n_updates            | 1390        |
|    policy_gradient_loss | -0.0101     |
|    std                  | 0.554       |
|    value_loss           | 0.912       |
-----------------------------------------
-----------------------------------------
| rollout/                |             |
|    ep_len_mean          | 363         |
|    ep_rew_mean          | 118         |
|    success_rate         | 0.38        |
| time/                   |             |
|    fps                  | 1938        |
|    iterations           | 141         |
|    time_elapsed         | 893         |
|    total_timesteps      | 1732608     |
| train/                  |             |
|    approx_kl            | 0.014465098 |
|    clip_fraction        | 0.156       |
|    clip_range           | 0.2         |
|    entropy_loss         | -1.65       |
|    explained_variance   | 0.913       |
|    learning_rate        | 0.0003      |
|    loss                 | 0.877       |
|    n_updates            | 1400        |
|    policy_gradient_loss | -0.00745    |
|    std                  | 0.552       |
|    value_loss           | 1.06        |
-----------------------------------------
------------------------------------------
| rollout/                |              |
|    ep_len_mean          | 366          |
|    ep_rew_mean          | 123          |
|    success_rate         | 0.37         |
| time/                   |              |
|    fps                  | 1938         |
|    iterations           | 142          |
|    time_elapsed         | 900          |
|    total_timesteps      | 1744896      |
| train/                  |              |
|    approx_kl            | 0.0132798115 |
|    clip_fraction        | 0.144        |
|    clip_range           | 0.2          |
|    entropy_loss         | -1.64        |
|    explained_variance   | 0.85         |
|    learning_rate        | 0.0003       |
|    loss                 | 0.675        |
|    n_updates            | 1410         |
|    policy_gradient_loss | -0.00599     |
|    std                  | 0.55         |
|    value_loss           | 1.11         |
------------------------------------------
----------------------------------------
| rollout/                |            |
|    ep_len_mean          | 370        |
|    ep_rew_mean          | 111        |
|    success_rate         | 0.32       |
| time/                   |            |
|    fps                  | 1938       |
|    iterations           | 143        |
|    time_elapsed         | 906        |
|    total_timesteps      | 1757184    |
| train/                  |            |
|    approx_kl            | 0.01786379 |
|    clip_fraction        | 0.181      |
|    clip_range           | 0.2        |
|    entropy_loss         | -1.63      |
|    explained_variance   | 0.934      |
|    learning_rate        | 0.0003     |
|    loss                 | 0.386      |
|    n_updates            | 1420       |
|    policy_gradient_loss | -0.0116    |
|    std                  | 0.544      |
|    value_loss           | 0.9        |
----------------------------------------
-----------------------------------------
| rollout/                |             |
|    ep_len_mean          | 380         |
|    ep_rew_mean          | 93.5        |
|    success_rate         | 0.25        |
| time/                   |             |
|    fps                  | 1938        |
|    iterations           | 144         |
|    time_elapsed         | 913         |
|    total_timesteps      | 1769472     |
| train/                  |             |
|    approx_kl            | 0.014223512 |
|    clip_fraction        | 0.152       |
|    clip_range           | 0.2         |
|    entropy_loss         | -1.62       |
|    explained_variance   | 0.875       |
|    learning_rate        | 0.0003      |
|    loss                 | 0.0375      |
|    n_updates            | 1430        |
|    policy_gradient_loss | -0.00601    |
|    std                  | 0.545       |
|    value_loss           | 0.6         |
-----------------------------------------
-----------------------------------------
| rollout/                |             |
|    ep_len_mean          | 382         |
|    ep_rew_mean          | 81.8        |
|    success_rate         | 0.19        |
| time/                   |             |
|    fps                  | 1937        |
|    iterations           | 145         |
|    time_elapsed         | 919         |
|    total_timesteps      | 1781760     |
| train/                  |             |
|    approx_kl            | 0.016347243 |
|    clip_fraction        | 0.155       |
|    clip_range           | 0.2         |
|    entropy_loss         | -1.61       |
|    explained_variance   | 0.939       |
|    learning_rate        | 0.0003      |
|    loss                 | 0.0797      |
|    n_updates            | 1440        |
|    policy_gradient_loss | -0.00776    |
|    std                  | 0.538       |
|    value_loss           | 0.66        |
-----------------------------------------
----------------------------------------
| rollout/                |            |
|    ep_len_mean          | 381        |
|    ep_rew_mean          | 92         |
|    success_rate         | 0.21       |
| time/                   |            |
|    fps                  | 1937       |
|    iterations           | 146        |
|    time_elapsed         | 926        |
|    total_timesteps      | 1794048    |
| train/                  |            |
|    approx_kl            | 0.01546492 |
|    clip_fraction        | 0.148      |
|    clip_range           | 0.2        |
|    entropy_loss         | -1.6       |
|    explained_variance   | 0.88       |
|    learning_rate        | 0.0003     |
|    loss                 | 0.147      |
|    n_updates            | 1450       |
|    policy_gradient_loss | -0.00571   |
|    std                  | 0.541      |
|    value_loss           | 0.516      |
----------------------------------------
-----------------------------------------
| rollout/                |             |
|    ep_len_mean          | 375         |
|    ep_rew_mean          | 99.1        |
|    success_rate         | 0.24        |
| time/                   |             |
|    fps                  | 1936        |
|    iterations           | 147         |
|    time_elapsed         | 932         |
|    total_timesteps      | 1806336     |
| train/                  |             |
|    approx_kl            | 0.016270218 |
|    clip_fraction        | 0.158       |
|    clip_range           | 0.2         |
|    entropy_loss         | -1.61       |
|    explained_variance   | 0.879       |
|    learning_rate        | 0.0003      |
|    loss                 | 0.084       |
|    n_updates            | 1460        |
|    policy_gradient_loss | -0.00766    |
|    std                  | 0.541       |
|    value_loss           | 0.678       |
-----------------------------------------
-----------------------------------------
| rollout/                |             |
|    ep_len_mean          | 360         |
|    ep_rew_mean          | 119         |
|    success_rate         | 0.37        |
| time/                   |             |
|    fps                  | 1936        |
|    iterations           | 148         |
|    time_elapsed         | 939         |
|    total_timesteps      | 1818624     |
| train/                  |             |
|    approx_kl            | 0.016207356 |
|    clip_fraction        | 0.164       |
|    clip_range           | 0.2         |
|    entropy_loss         | -1.62       |
|    explained_variance   | 0.928       |
|    learning_rate        | 0.0003      |
|    loss                 | 0.0251      |
|    n_updates            | 1470        |
|    policy_gradient_loss | -0.00916    |
|    std                  | 0.546       |
|    value_loss           | 0.667       |
-----------------------------------------
-----------------------------------------
| rollout/                |             |
|    ep_len_mean          | 359         |
|    ep_rew_mean          | 113         |
|    success_rate         | 0.37        |
| time/                   |             |
|    fps                  | 1936        |
|    iterations           | 149         |
|    time_elapsed         | 945         |
|    total_timesteps      | 1830912     |
| train/                  |             |
|    approx_kl            | 0.016369404 |
|    clip_fraction        | 0.154       |
|    clip_range           | 0.2         |
|    entropy_loss         | -1.63       |
|    explained_variance   | 0.817       |
|    learning_rate        | 0.0003      |
|    loss                 | 0.394       |
|    n_updates            | 1480        |
|    policy_gradient_loss | -0.00609    |
|    std                  | 0.547       |
|    value_loss           | 0.987       |
-----------------------------------------
-----------------------------------------
| rollout/                |             |
|    ep_len_mean          | 365         |
|    ep_rew_mean          | 110         |
|    success_rate         | 0.34        |
| time/                   |             |
|    fps                  | 1936        |
|    iterations           | 150         |
|    time_elapsed         | 951         |
|    total_timesteps      | 1843200     |
| train/                  |             |
|    approx_kl            | 0.016314283 |
|    clip_fraction        | 0.168       |
|    clip_range           | 0.2         |
|    entropy_loss         | -1.64       |
|    explained_variance   | 0.927       |
|    learning_rate        | 0.0003      |
|    loss                 | 0.108       |
|    n_updates            | 1490        |
|    policy_gradient_loss | -0.00571    |
|    std                  | 0.551       |
|    value_loss           | 0.655       |
-----------------------------------------
-----------------------------------------
| rollout/                |             |
|    ep_len_mean          | 376         |
|    ep_rew_mean          | 96.6        |
|    success_rate         | 0.26        |
| time/                   |             |
|    fps                  | 1936        |
|    iterations           | 151         |
|    time_elapsed         | 958         |
|    total_timesteps      | 1855488     |
| train/                  |             |
|    approx_kl            | 0.016644828 |
|    clip_fraction        | 0.173       |
|    clip_range           | 0.2         |
|    entropy_loss         | -1.64       |
|    explained_variance   | 0.927       |
|    learning_rate        | 0.0003      |
|    loss                 | 0.0664      |
|    n_updates            | 1500        |
|    policy_gradient_loss | -0.00751    |
|    std                  | 0.548       |
|    value_loss           | 0.472       |
-----------------------------------------
-----------------------------------------
| rollout/                |             |
|    ep_len_mean          | 385         |
|    ep_rew_mean          | 93.3        |
|    success_rate         | 0.19        |
| time/                   |             |
|    fps                  | 1936        |
|    iterations           | 152         |
|    time_elapsed         | 964         |
|    total_timesteps      | 1867776     |
| train/                  |             |
|    approx_kl            | 0.014874041 |
|    clip_fraction        | 0.157       |
|    clip_range           | 0.2         |
|    entropy_loss         | -1.62       |
|    explained_variance   | 0.821       |
|    learning_rate        | 0.0003      |
|    loss                 | 0.221       |
|    n_updates            | 1510        |
|    policy_gradient_loss | -0.00609    |
|    std                  | 0.544       |
|    value_loss           | 0.637       |
-----------------------------------------
----------------------------------------
| rollout/                |            |
|    ep_len_mean          | 382        |
|    ep_rew_mean          | 93.7       |
|    success_rate         | 0.23       |
| time/                   |            |
|    fps                  | 1936       |
|    iterations           | 153        |
|    time_elapsed         | 971        |
|    total_timesteps      | 1880064    |
| train/                  |            |
|    approx_kl            | 0.01446452 |
|    clip_fraction        | 0.159      |
|    clip_range           | 0.2        |
|    entropy_loss         | -1.62      |
|    explained_variance   | 0.907      |
|    learning_rate        | 0.0003     |
|    loss                 | 0.121      |
|    n_updates            | 1520       |
|    policy_gradient_loss | -0.00727   |
|    std                  | 0.545      |
|    value_loss           | 0.497      |
----------------------------------------
----------------------------------------
| rollout/                |            |
|    ep_len_mean          | 379        |
|    ep_rew_mean          | 86.1       |
|    success_rate         | 0.22       |
| time/                   |            |
|    fps                  | 1936       |
|    iterations           | 154        |
|    time_elapsed         | 977        |
|    total_timesteps      | 1892352    |
| train/                  |            |
|    approx_kl            | 0.01317922 |
|    clip_fraction        | 0.153      |
|    clip_range           | 0.2        |
|    entropy_loss         | -1.62      |
|    explained_variance   | 0.809      |
|    learning_rate        | 0.0003     |
|    loss                 | 0.157      |
|    n_updates            | 1530       |
|    policy_gradient_loss | -0.00587   |
|    std                  | 0.545      |
|    value_loss           | 0.584      |
----------------------------------------
----------------------------------------
| rollout/                |            |
|    ep_len_mean          | 369        |
|    ep_rew_mean          | 104        |
|    success_rate         | 0.29       |
| time/                   |            |
|    fps                  | 1935       |
|    iterations           | 155        |
|    time_elapsed         | 983        |
|    total_timesteps      | 1904640    |
| train/                  |            |
|    approx_kl            | 0.01669578 |
|    clip_fraction        | 0.167      |
|    clip_range           | 0.2        |
|    entropy_loss         | -1.62      |
|    explained_variance   | 0.892      |
|    learning_rate        | 0.0003     |
|    loss                 | 0.223      |
|    n_updates            | 1540       |
|    policy_gradient_loss | -0.00844   |
|    std                  | 0.542      |
|    value_loss           | 0.557      |
----------------------------------------
-----------------------------------------
| rollout/                |             |
|    ep_len_mean          | 372         |
|    ep_rew_mean          | 108         |
|    success_rate         | 0.27        |
| time/                   |             |
|    fps                  | 1935        |
|    iterations           | 156         |
|    time_elapsed         | 990         |
|    total_timesteps      | 1916928     |
| train/                  |             |
|    approx_kl            | 0.013639393 |
|    clip_fraction        | 0.16        |
|    clip_range           | 0.2         |
|    entropy_loss         | -1.61       |
|    explained_variance   | 0.814       |
|    learning_rate        | 0.0003      |
|    loss                 | 0.411       |
|    n_updates            | 1550        |
|    policy_gradient_loss | -0.00713    |
|    std                  | 0.541       |
|    value_loss           | 0.688       |
-----------------------------------------
-----------------------------------------
| rollout/                |             |
|    ep_len_mean          | 369         |
|    ep_rew_mean          | 131         |
|    success_rate         | 0.33        |
| time/                   |             |
|    fps                  | 1935        |
|    iterations           | 157         |
|    time_elapsed         | 996         |
|    total_timesteps      | 1929216     |
| train/                  |             |
|    approx_kl            | 0.016537497 |
|    clip_fraction        | 0.162       |
|    clip_range           | 0.2         |
|    entropy_loss         | -1.61       |
|    explained_variance   | 0.913       |
|    learning_rate        | 0.0003      |
|    loss                 | 0.156       |
|    n_updates            | 1560        |
|    policy_gradient_loss | -0.00689    |
|    std                  | 0.54        |
|    value_loss           | 0.568       |
-----------------------------------------
------------------------------------------
| rollout/                |              |
|    ep_len_mean          | 373          |
|    ep_rew_mean          | 114          |
|    success_rate         | 0.27         |
| time/                   |              |
|    fps                  | 1935         |
|    iterations           | 158          |
|    time_elapsed         | 1003         |
|    total_timesteps      | 1941504      |
| train/                  |              |
|    approx_kl            | 0.0138483085 |
|    clip_fraction        | 0.158        |
|    clip_range           | 0.2          |
|    entropy_loss         | -1.6         |
|    explained_variance   | 0.845        |
|    learning_rate        | 0.0003       |
|    loss                 | 0.345        |
|    n_updates            | 1570         |
|    policy_gradient_loss | -0.00562     |
|    std                  | 0.537        |
|    value_loss           | 0.865        |
------------------------------------------
-----------------------------------------
| rollout/                |             |
|    ep_len_mean          | 367         |
|    ep_rew_mean          | 116         |
|    success_rate         | 0.29        |
| time/                   |             |
|    fps                  | 1935        |
|    iterations           | 159         |
|    time_elapsed         | 1009        |
|    total_timesteps      | 1953792     |
| train/                  |             |
|    approx_kl            | 0.016141769 |
|    clip_fraction        | 0.165       |
|    clip_range           | 0.2         |
|    entropy_loss         | -1.6        |
|    explained_variance   | 0.885       |
|    learning_rate        | 0.0003      |
|    loss                 | 0.109       |
|    n_updates            | 1580        |
|    policy_gradient_loss | -0.00903    |
|    std                  | 0.537       |
|    value_loss           | 0.433       |
-----------------------------------------
------------------------------------------
| rollout/                |              |
|    ep_len_mean          | 371          |
|    ep_rew_mean          | 93.4         |
|    success_rate         | 0.24         |
| time/                   |              |
|    fps                  | 1934         |
|    iterations           | 160          |
|    time_elapsed         | 1016         |
|    total_timesteps      | 1966080      |
| train/                  |              |
|    approx_kl            | 0.0140261995 |
|    clip_fraction        | 0.165        |
|    clip_range           | 0.2          |
|    entropy_loss         | -1.59        |
|    explained_variance   | 0.821        |
|    learning_rate        | 0.0003       |
|    loss                 | 0.364        |
|    n_updates            | 1590         |
|    policy_gradient_loss | -0.00692     |
|    std                  | 0.534        |
|    value_loss           | 0.668        |
------------------------------------------
-----------------------------------------
| rollout/                |             |
|    ep_len_mean          | 375         |
|    ep_rew_mean          | 85.9        |
|    success_rate         | 0.23        |
| time/                   |             |
|    fps                  | 1934        |
|    iterations           | 161         |
|    time_elapsed         | 1022        |
|    total_timesteps      | 1978368     |
| train/                  |             |
|    approx_kl            | 0.015986823 |
|    clip_fraction        | 0.18        |
|    clip_range           | 0.2         |
|    entropy_loss         | -1.58       |
|    explained_variance   | 0.918       |
|    learning_rate        | 0.0003      |
|    loss                 | 0.119       |
|    n_updates            | 1600        |
|    policy_gradient_loss | -0.00834    |
|    std                  | 0.535       |
|    value_loss           | 0.432       |
-----------------------------------------
-----------------------------------------
| rollout/                |             |
|    ep_len_mean          | 384         |
|    ep_rew_mean          | 63.3        |
|    success_rate         | 0.15        |
| time/                   |             |
|    fps                  | 1934        |
|    iterations           | 162         |
|    time_elapsed         | 1028        |
|    total_timesteps      | 1990656     |
| train/                  |             |
|    approx_kl            | 0.017301215 |
|    clip_fraction        | 0.185       |
|    clip_range           | 0.2         |
|    entropy_loss         | -1.59       |
|    explained_variance   | 0.927       |
|    learning_rate        | 0.0003      |
|    loss                 | 0.0353      |
|    n_updates            | 1610        |
|    policy_gradient_loss | -0.0111     |
|    std                  | 0.537       |
|    value_loss           | 0.287       |
-----------------------------------------
-----------------------------------------
| rollout/                |             |
|    ep_len_mean          | 389         |
|    ep_rew_mean          | 50.9        |
|    success_rate         | 0.1         |
| time/                   |             |
|    fps                  | 1934        |
|    iterations           | 163         |
|    time_elapsed         | 1035        |
|    total_timesteps      | 2002944     |
| train/                  |             |
|    approx_kl            | 0.018039443 |
|    clip_fraction        | 0.178       |
|    clip_range           | 0.2         |
|    entropy_loss         | -1.57       |
|    explained_variance   | 0.943       |
|    learning_rate        | 0.0003      |
|    loss                 | 0.00874     |
|    n_updates            | 1620        |
|    policy_gradient_loss | -0.0115     |
|    std                  | 0.53        |
|    value_loss           | 0.193       |
-----------------------------------------
-----------------------------------------
| rollout/                |             |
|    ep_len_mean          | 385         |
|    ep_rew_mean          | 54.4        |
|    success_rate         | 0.11        |
| time/                   |             |
|    fps                  | 1934        |
|    iterations           | 164         |
|    time_elapsed         | 1041        |
|    total_timesteps      | 2015232     |
| train/                  |             |
|    approx_kl            | 0.015177836 |
|    clip_fraction        | 0.168       |
|    clip_range           | 0.2         |
|    entropy_loss         | -1.56       |
|    explained_variance   | 0.917       |
|    learning_rate        | 0.0003      |
|    loss                 | 0.0312      |
|    n_updates            | 1630        |
|    policy_gradient_loss | -0.0086     |
|    std                  | 0.527       |
|    value_loss           | 0.32        |
-----------------------------------------
-----------------------------------------
| rollout/                |             |
|    ep_len_mean          | 386         |
|    ep_rew_mean          | 68.2        |
|    success_rate         | 0.1         |
| time/                   |             |
|    fps                  | 1934        |
|    iterations           | 165         |
|    time_elapsed         | 1048        |
|    total_timesteps      | 2027520     |
| train/                  |             |
|    approx_kl            | 0.014045921 |
|    clip_fraction        | 0.163       |
|    clip_range           | 0.2         |
|    entropy_loss         | -1.57       |
|    explained_variance   | 0.898       |
|    learning_rate        | 0.0003      |
|    loss                 | 0.0448      |
|    n_updates            | 1640        |
|    policy_gradient_loss | -0.00643    |
|    std                  | 0.532       |
|    value_loss           | 0.287       |
-----------------------------------------
----------------------------------------
| rollout/                |            |
|    ep_len_mean          | 385        |
|    ep_rew_mean          | 68.7       |
|    success_rate         | 0.09       |
| time/                   |            |
|    fps                  | 1934       |
|    iterations           | 166        |
|    time_elapsed         | 1054       |
|    total_timesteps      | 2039808    |
| train/                  |            |
|    approx_kl            | 0.01747842 |
|    clip_fraction        | 0.168      |
|    clip_range           | 0.2        |
|    entropy_loss         | -1.57      |
|    explained_variance   | 0.9        |
|    learning_rate        | 0.0003     |
|    loss                 | 0.216      |
|    n_updates            | 1650       |
|    policy_gradient_loss | -0.00832   |
|    std                  | 0.53       |
|    value_loss           | 0.412      |
----------------------------------------
-----------------------------------------
| rollout/                |             |
|    ep_len_mean          | 384         |
|    ep_rew_mean          | 89.4        |
|    success_rate         | 0.13        |
| time/                   |             |
|    fps                  | 1934        |
|    iterations           | 167         |
|    time_elapsed         | 1060        |
|    total_timesteps      | 2052096     |
| train/                  |             |
|    approx_kl            | 0.016377231 |
|    clip_fraction        | 0.174       |
|    clip_range           | 0.2         |
|    entropy_loss         | -1.58       |
|    explained_variance   | 0.913       |
|    learning_rate        | 0.0003      |
|    loss                 | 0.0369      |
|    n_updates            | 1660        |
|    policy_gradient_loss | -0.00959    |
|    std                  | 0.535       |
|    value_loss           | 0.286       |
-----------------------------------------
-----------------------------------------
| rollout/                |             |
|    ep_len_mean          | 377         |
|    ep_rew_mean          | 108         |
|    success_rate         | 0.17        |
| time/                   |             |
|    fps                  | 1934        |
|    iterations           | 168         |
|    time_elapsed         | 1067        |
|    total_timesteps      | 2064384     |
| train/                  |             |
|    approx_kl            | 0.015402321 |
|    clip_fraction        | 0.16        |
|    clip_range           | 0.2         |
|    entropy_loss         | -1.59       |
|    explained_variance   | 0.934       |
|    learning_rate        | 0.0003      |
|    loss                 | 0.198       |
|    n_updates            | 1670        |
|    policy_gradient_loss | -0.00864    |
|    std                  | 0.535       |
|    value_loss           | 0.509       |
-----------------------------------------
-----------------------------------------
| rollout/                |             |
|    ep_len_mean          | 375         |
|    ep_rew_mean          | 109         |
|    success_rate         | 0.19        |
| time/                   |             |
|    fps                  | 1933        |
|    iterations           | 169         |
|    time_elapsed         | 1073        |
|    total_timesteps      | 2076672     |
| train/                  |             |
|    approx_kl            | 0.013603191 |
|    clip_fraction        | 0.153       |
|    clip_range           | 0.2         |
|    entropy_loss         | -1.58       |
|    explained_variance   | 0.917       |
|    learning_rate        | 0.0003      |
|    loss                 | 0.67        |
|    n_updates            | 1680        |
|    policy_gradient_loss | -0.00656    |
|    std                  | 0.533       |
|    value_loss           | 0.524       |
-----------------------------------------
-----------------------------------------
| rollout/                |             |
|    ep_len_mean          | 370         |
|    ep_rew_mean          | 102         |
|    success_rate         | 0.2         |
| time/                   |             |
|    fps                  | 1933        |
|    iterations           | 170         |
|    time_elapsed         | 1080        |
|    total_timesteps      | 2088960     |
| train/                  |             |
|    approx_kl            | 0.017608855 |
|    clip_fraction        | 0.161       |
|    clip_range           | 0.2         |
|    entropy_loss         | -1.57       |
|    explained_variance   | 0.567       |
|    learning_rate        | 0.0003      |
|    loss                 | 0.343       |
|    n_updates            | 1690        |
|    policy_gradient_loss | -0.005      |
|    std                  | 0.531       |
|    value_loss           | 0.361       |
-----------------------------------------
-----------------------------------------
| rollout/                |             |
|    ep_len_mean          | 358         |
|    ep_rew_mean          | 99.7        |
|    success_rate         | 0.26        |
| time/                   |             |
|    fps                  | 1933        |
|    iterations           | 171         |
|    time_elapsed         | 1086        |
|    total_timesteps      | 2101248     |
| train/                  |             |
|    approx_kl            | 0.013539407 |
|    clip_fraction        | 0.158       |
|    clip_range           | 0.2         |
|    entropy_loss         | -1.59       |
|    explained_variance   | 0.793       |
|    learning_rate        | 0.0003      |
|    loss                 | 0.12        |
|    n_updates            | 1700        |
|    policy_gradient_loss | -0.004      |
|    std                  | 0.537       |
|    value_loss           | 0.527       |
-----------------------------------------
-----------------------------------------
| rollout/                |             |
|    ep_len_mean          | 353         |
|    ep_rew_mean          | 109         |
|    success_rate         | 0.29        |
| time/                   |             |
|    fps                  | 1933        |
|    iterations           | 172         |
|    time_elapsed         | 1092        |
|    total_timesteps      | 2113536     |
| train/                  |             |
|    approx_kl            | 0.014827465 |
|    clip_fraction        | 0.159       |
|    clip_range           | 0.2         |
|    entropy_loss         | -1.61       |
|    explained_variance   | 0.339       |
|    learning_rate        | 0.0003      |
|    loss                 | 0.062       |
|    n_updates            | 1710        |
|    policy_gradient_loss | -0.00463    |
|    std                  | 0.544       |
|    value_loss           | 0.533       |
-----------------------------------------
-----------------------------------------
| rollout/                |             |
|    ep_len_mean          | 352         |
|    ep_rew_mean          | 110         |
|    success_rate         | 0.31        |
| time/                   |             |
|    fps                  | 1933        |
|    iterations           | 173         |
|    time_elapsed         | 1099        |
|    total_timesteps      | 2125824     |
| train/                  |             |
|    approx_kl            | 0.016371395 |
|    clip_fraction        | 0.178       |
|    clip_range           | 0.2         |
|    entropy_loss         | -1.62       |
|    explained_variance   | 0.878       |
|    learning_rate        | 0.0003      |
|    loss                 | 0.298       |
|    n_updates            | 1720        |
|    policy_gradient_loss | -0.00807    |
|    std                  | 0.543       |
|    value_loss           | 0.456       |
-----------------------------------------
-----------------------------------------
| rollout/                |             |
|    ep_len_mean          | 363         |
|    ep_rew_mean          | 101         |
|    success_rate         | 0.27        |
| time/                   |             |
|    fps                  | 1933        |
|    iterations           | 174         |
|    time_elapsed         | 1105        |
|    total_timesteps      | 2138112     |
| train/                  |             |
|    approx_kl            | 0.018247629 |
|    clip_fraction        | 0.169       |
|    clip_range           | 0.2         |
|    entropy_loss         | -1.63       |
|    explained_variance   | 0.9         |
|    learning_rate        | 0.0003      |
|    loss                 | 0.0432      |
|    n_updates            | 1730        |
|    policy_gradient_loss | -0.00947    |
|    std                  | 0.55        |
|    value_loss           | 0.395       |
-----------------------------------------
-----------------------------------------
| rollout/                |             |
|    ep_len_mean          | 366         |
|    ep_rew_mean          | 89.9        |
|    success_rate         | 0.24        |
| time/                   |             |
|    fps                  | 1933        |
|    iterations           | 175         |
|    time_elapsed         | 1112        |
|    total_timesteps      | 2150400     |
| train/                  |             |
|    approx_kl            | 0.017251303 |
|    clip_fraction        | 0.173       |
|    clip_range           | 0.2         |
|    entropy_loss         | -1.64       |
|    explained_variance   | 0.867       |
|    learning_rate        | 0.0003      |
|    loss                 | 0.052       |
|    n_updates            | 1740        |
|    policy_gradient_loss | -0.00888    |
|    std                  | 0.55        |
|    value_loss           | 0.389       |
-----------------------------------------
-----------------------------------------
| rollout/                |             |
|    ep_len_mean          | 370         |
|    ep_rew_mean          | 78.8        |
|    success_rate         | 0.22        |
| time/                   |             |
|    fps                  | 1933        |
|    iterations           | 176         |
|    time_elapsed         | 1118        |
|    total_timesteps      | 2162688     |
| train/                  |             |
|    approx_kl            | 0.015924806 |
|    clip_fraction        | 0.167       |
|    clip_range           | 0.2         |
|    entropy_loss         | -1.66       |
|    explained_variance   | 0.904       |
|    learning_rate        | 0.0003      |
|    loss                 | 0.068       |
|    n_updates            | 1750        |
|    policy_gradient_loss | -0.00965    |
|    std                  | 0.556       |
|    value_loss           | 0.339       |
-----------------------------------------
-----------------------------------------
| rollout/                |             |
|    ep_len_mean          | 370         |
|    ep_rew_mean          | 78.9        |
|    success_rate         | 0.21        |
| time/                   |             |
|    fps                  | 1933        |
|    iterations           | 177         |
|    time_elapsed         | 1125        |
|    total_timesteps      | 2174976     |
| train/                  |             |
|    approx_kl            | 0.020109382 |
|    clip_fraction        | 0.175       |
|    clip_range           | 0.2         |
|    entropy_loss         | -1.66       |
|    explained_variance   | 0.93        |
|    learning_rate        | 0.0003      |
|    loss                 | 0.144       |
|    n_updates            | 1760        |
|    policy_gradient_loss | -0.0122     |
|    std                  | 0.551       |
|    value_loss           | 0.288       |
-----------------------------------------
-----------------------------------------
| rollout/                |             |
|    ep_len_mean          | 382         |
|    ep_rew_mean          | 76.1        |
|    success_rate         | 0.14        |
| time/                   |             |
|    fps                  | 1932        |
|    iterations           | 178         |
|    time_elapsed         | 1131        |
|    total_timesteps      | 2187264     |
| train/                  |             |
|    approx_kl            | 0.015314772 |
|    clip_fraction        | 0.156       |
|    clip_range           | 0.2         |
|    entropy_loss         | -1.65       |
|    explained_variance   | 0.936       |
|    learning_rate        | 0.0003      |
|    loss                 | 0.342       |
|    n_updates            | 1770        |
|    policy_gradient_loss | -0.00772    |
|    std                  | 0.551       |
|    value_loss           | 0.344       |
-----------------------------------------
-----------------------------------------
| rollout/                |             |
|    ep_len_mean          | 375         |
|    ep_rew_mean          | 80.5        |
|    success_rate         | 0.17        |
| time/                   |             |
|    fps                  | 1932        |
|    iterations           | 179         |
|    time_elapsed         | 1138        |
|    total_timesteps      | 2199552     |
| train/                  |             |
|    approx_kl            | 0.020138733 |
|    clip_fraction        | 0.179       |
|    clip_range           | 0.2         |
|    entropy_loss         | -1.64       |
|    explained_variance   | 0.927       |
|    learning_rate        | 0.0003      |
|    loss                 | 0.053       |
|    n_updates            | 1780        |
|    policy_gradient_loss | -0.0124     |
|    std                  | 0.547       |
|    value_loss           | 0.266       |
-----------------------------------------
-----------------------------------------
| rollout/                |             |
|    ep_len_mean          | 377         |
|    ep_rew_mean          | 70.2        |
|    success_rate         | 0.14        |
| time/                   |             |
|    fps                  | 1932        |
|    iterations           | 180         |
|    time_elapsed         | 1144        |
|    total_timesteps      | 2211840     |
| train/                  |             |
|    approx_kl            | 0.014836143 |
|    clip_fraction        | 0.159       |
|    clip_range           | 0.2         |
|    entropy_loss         | -1.65       |
|    explained_variance   | 0.929       |
|    learning_rate        | 0.0003      |
|    loss                 | 0.066       |
|    n_updates            | 1790        |
|    policy_gradient_loss | -0.00833    |
|    std                  | 0.556       |
|    value_loss           | 0.303       |
-----------------------------------------
-----------------------------------------
| rollout/                |             |
|    ep_len_mean          | 377         |
|    ep_rew_mean          | 66          |
|    success_rate         | 0.14        |
| time/                   |             |
|    fps                  | 1932        |
|    iterations           | 181         |
|    time_elapsed         | 1150        |
|    total_timesteps      | 2224128     |
| train/                  |             |
|    approx_kl            | 0.019584855 |
|    clip_fraction        | 0.174       |
|    clip_range           | 0.2         |
|    entropy_loss         | -1.67       |
|    explained_variance   | 0.952       |
|    learning_rate        | 0.0003      |
|    loss                 | -0.00808    |
|    n_updates            | 1800        |
|    policy_gradient_loss | -0.0136     |
|    std                  | 0.559       |
|    value_loss           | 0.191       |
-----------------------------------------
-----------------------------------------
| rollout/                |             |
|    ep_len_mean          | 386         |
|    ep_rew_mean          | 55.3        |
|    success_rate         | 0.08        |
| time/                   |             |
|    fps                  | 1932        |
|    iterations           | 182         |
|    time_elapsed         | 1157        |
|    total_timesteps      | 2236416     |
| train/                  |             |
|    approx_kl            | 0.017305866 |
|    clip_fraction        | 0.166       |
|    clip_range           | 0.2         |
|    entropy_loss         | -1.67       |
|    explained_variance   | 0.944       |
|    learning_rate        | 0.0003      |
|    loss                 | 0.0231      |
|    n_updates            | 1810        |
|    policy_gradient_loss | -0.011      |
|    std                  | 0.555       |
|    value_loss           | 0.163       |
-----------------------------------------
-----------------------------------------
| rollout/                |             |
|    ep_len_mean          | 378         |
|    ep_rew_mean          | 64.2        |
|    success_rate         | 0.12        |
| time/                   |             |
|    fps                  | 1931        |
|    iterations           | 183         |
|    time_elapsed         | 1163        |
|    total_timesteps      | 2248704     |
| train/                  |             |
|    approx_kl            | 0.016815795 |
|    clip_fraction        | 0.157       |
|    clip_range           | 0.2         |
|    entropy_loss         | -1.66       |
|    explained_variance   | 0.944       |
|    learning_rate        | 0.0003      |
|    loss                 | 0.0259      |
|    n_updates            | 1820        |
|    policy_gradient_loss | -0.013      |
|    std                  | 0.554       |
|    value_loss           | 0.246       |
-----------------------------------------
-----------------------------------------
| rollout/                |             |
|    ep_len_mean          | 379         |
|    ep_rew_mean          | 56.9        |
|    success_rate         | 0.12        |
| time/                   |             |
|    fps                  | 1931        |
|    iterations           | 184         |
|    time_elapsed         | 1170        |
|    total_timesteps      | 2260992     |
| train/                  |             |
|    approx_kl            | 0.015778108 |
|    clip_fraction        | 0.159       |
|    clip_range           | 0.2         |
|    entropy_loss         | -1.68       |
|    explained_variance   | 0.949       |
|    learning_rate        | 0.0003      |
|    loss                 | 0.0512      |
|    n_updates            | 1830        |
|    policy_gradient_loss | -0.0094     |
|    std                  | 0.564       |
|    value_loss           | 0.279       |
-----------------------------------------
-----------------------------------------
| rollout/                |             |
|    ep_len_mean          | 374         |
|    ep_rew_mean          | 59.5        |
|    success_rate         | 0.15        |
| time/                   |             |
|    fps                  | 1931        |
|    iterations           | 185         |
|    time_elapsed         | 1176        |
|    total_timesteps      | 2273280     |
| train/                  |             |
|    approx_kl            | 0.018486485 |
|    clip_fraction        | 0.169       |
|    clip_range           | 0.2         |
|    entropy_loss         | -1.7        |
|    explained_variance   | 0.947       |
|    learning_rate        | 0.0003      |
|    loss                 | 0.0306      |
|    n_updates            | 1840        |
|    policy_gradient_loss | -0.0128     |
|    std                  | 0.566       |
|    value_loss           | 0.129       |
-----------------------------------------
-----------------------------------------
| rollout/                |             |
|    ep_len_mean          | 380         |
|    ep_rew_mean          | 49.4        |
|    success_rate         | 0.12        |
| time/                   |             |
|    fps                  | 1931        |
|    iterations           | 186         |
|    time_elapsed         | 1183        |
|    total_timesteps      | 2285568     |
| train/                  |             |
|    approx_kl            | 0.016441057 |
|    clip_fraction        | 0.169       |
|    clip_range           | 0.2         |
|    entropy_loss         | -1.72       |
|    explained_variance   | 0.931       |
|    learning_rate        | 0.0003      |
|    loss                 | -0.0142     |
|    n_updates            | 1850        |
|    policy_gradient_loss | -0.0113     |
|    std                  | 0.57        |
|    value_loss           | 0.202       |
-----------------------------------------
-----------------------------------------
| rollout/                |             |
|    ep_len_mean          | 383         |
|    ep_rew_mean          | 41.6        |
|    success_rate         | 0.1         |
| time/                   |             |
|    fps                  | 1931        |
|    iterations           | 187         |
|    time_elapsed         | 1189        |
|    total_timesteps      | 2297856     |
| train/                  |             |
|    approx_kl            | 0.018906515 |
|    clip_fraction        | 0.178       |
|    clip_range           | 0.2         |
|    entropy_loss         | -1.71       |
|    explained_variance   | 0.939       |
|    learning_rate        | 0.0003      |
|    loss                 | 0.00403     |
|    n_updates            | 1860        |
|    policy_gradient_loss | -0.0123     |
|    std                  | 0.569       |
|    value_loss           | 0.156       |
-----------------------------------------
-----------------------------------------
| rollout/                |             |
|    ep_len_mean          | 384         |
|    ep_rew_mean          | 40.9        |
|    success_rate         | 0.09        |
| time/                   |             |
|    fps                  | 1931        |
|    iterations           | 188         |
|    time_elapsed         | 1196        |
|    total_timesteps      | 2310144     |
| train/                  |             |
|    approx_kl            | 0.016716056 |
|    clip_fraction        | 0.169       |
|    clip_range           | 0.2         |
|    entropy_loss         | -1.71       |
|    explained_variance   | 0.954       |
|    learning_rate        | 0.0003      |
|    loss                 | -0.0189     |
|    n_updates            | 1870        |
|    policy_gradient_loss | -0.0141     |
|    std                  | 0.568       |
|    value_loss           | 0.0842      |
-----------------------------------------
-----------------------------------------
| rollout/                |             |
|    ep_len_mean          | 386         |
|    ep_rew_mean          | 40.7        |
|    success_rate         | 0.09        |
| time/                   |             |
|    fps                  | 1931        |
|    iterations           | 189         |
|    time_elapsed         | 1202        |
|    total_timesteps      | 2322432     |
| train/                  |             |
|    approx_kl            | 0.017277556 |
|    clip_fraction        | 0.169       |
|    clip_range           | 0.2         |
|    entropy_loss         | -1.71       |
|    explained_variance   | 0.925       |
|    learning_rate        | 0.0003      |
|    loss                 | 0.0216      |
|    n_updates            | 1880        |
|    policy_gradient_loss | -0.0124     |
|    std                  | 0.568       |
|    value_loss           | 0.208       |
-----------------------------------------
-----------------------------------------
| rollout/                |             |
|    ep_len_mean          | 382         |
|    ep_rew_mean          | 58.8        |
|    success_rate         | 0.13        |
| time/                   |             |
|    fps                  | 1930        |
|    iterations           | 190         |
|    time_elapsed         | 1209        |
|    total_timesteps      | 2334720     |
| train/                  |             |
|    approx_kl            | 0.017182227 |
|    clip_fraction        | 0.166       |
|    clip_range           | 0.2         |
|    entropy_loss         | -1.72       |
|    explained_variance   | 0.941       |
|    learning_rate        | 0.0003      |
|    loss                 | 0.0047      |
|    n_updates            | 1890        |
|    policy_gradient_loss | -0.0115     |
|    std                  | 0.571       |
|    value_loss           | 0.21        |
-----------------------------------------
-----------------------------------------
| rollout/                |             |
|    ep_len_mean          | 381         |
|    ep_rew_mean          | 69.7        |
|    success_rate         | 0.14        |
| time/                   |             |
|    fps                  | 1930        |
|    iterations           | 191         |
|    time_elapsed         | 1215        |
|    total_timesteps      | 2347008     |
| train/                  |             |
|    approx_kl            | 0.016724363 |
|    clip_fraction        | 0.175       |
|    clip_range           | 0.2         |
|    entropy_loss         | -1.72       |
|    explained_variance   | 0.921       |
|    learning_rate        | 0.0003      |
|    loss                 | 0.185       |
|    n_updates            | 1900        |
|    policy_gradient_loss | -0.0123     |
|    std                  | 0.573       |
|    value_loss           | 0.308       |
-----------------------------------------
-----------------------------------------
| rollout/                |             |
|    ep_len_mean          | 378         |
|    ep_rew_mean          | 80.6        |
|    success_rate         | 0.16        |
| time/                   |             |
|    fps                  | 1930        |
|    iterations           | 192         |
|    time_elapsed         | 1222        |
|    total_timesteps      | 2359296     |
| train/                  |             |
|    approx_kl            | 0.015582018 |
|    clip_fraction        | 0.161       |
|    clip_range           | 0.2         |
|    entropy_loss         | -1.73       |
|    explained_variance   | 0.91        |
|    learning_rate        | 0.0003      |
|    loss                 | 0.0436      |
|    n_updates            | 1910        |
|    policy_gradient_loss | -0.0101     |
|    std                  | 0.574       |
|    value_loss           | 0.246       |
-----------------------------------------
----------------------------------------
| rollout/                |            |
|    ep_len_mean          | 378        |
|    ep_rew_mean          | 79.1       |
|    success_rate         | 0.16       |
| time/                   |            |
|    fps                  | 1930       |
|    iterations           | 193        |
|    time_elapsed         | 1228       |
|    total_timesteps      | 2371584    |
| train/                  |            |
|    approx_kl            | 0.01854034 |
|    clip_fraction        | 0.177      |
|    clip_range           | 0.2        |
|    entropy_loss         | -1.72      |
|    explained_variance   | 0.928      |
|    learning_rate        | 0.0003     |
|    loss                 | 0.043      |
|    n_updates            | 1920       |
|    policy_gradient_loss | -0.0119    |
|    std                  | 0.569      |
|    value_loss           | 0.301      |
----------------------------------------
-----------------------------------------
| rollout/                |             |
|    ep_len_mean          | 375         |
|    ep_rew_mean          | 82.3        |
|    success_rate         | 0.18        |
| time/                   |             |
|    fps                  | 1930        |
|    iterations           | 194         |
|    time_elapsed         | 1235        |
|    total_timesteps      | 2383872     |
| train/                  |             |
|    approx_kl            | 0.016705045 |
|    clip_fraction        | 0.169       |
|    clip_range           | 0.2         |
|    entropy_loss         | -1.71       |
|    explained_variance   | 0.929       |
|    learning_rate        | 0.0003      |
|    loss                 | 0.127       |
|    n_updates            | 1930        |
|    policy_gradient_loss | -0.0096     |
|    std                  | 0.57        |
|    value_loss           | 0.283       |
-----------------------------------------
-----------------------------------------
| rollout/                |             |
|    ep_len_mean          | 374         |
|    ep_rew_mean          | 74.1        |
|    success_rate         | 0.18        |
| time/                   |             |
|    fps                  | 1930        |
|    iterations           | 195         |
|    time_elapsed         | 1241        |
|    total_timesteps      | 2396160     |
| train/                  |             |
|    approx_kl            | 0.018967953 |
|    clip_fraction        | 0.173       |
|    clip_range           | 0.2         |
|    entropy_loss         | -1.72       |
|    explained_variance   | 0.935       |
|    learning_rate        | 0.0003      |
|    loss                 | -0.00418    |
|    n_updates            | 1940        |
|    policy_gradient_loss | -0.0144     |
|    std                  | 0.572       |
|    value_loss           | 0.238       |
-----------------------------------------
-----------------------------------------
| rollout/                |             |
|    ep_len_mean          | 375         |
|    ep_rew_mean          | 83.9        |
|    success_rate         | 0.18        |
| time/                   |             |
|    fps                  | 1930        |
|    iterations           | 196         |
|    time_elapsed         | 1247        |
|    total_timesteps      | 2408448     |
| train/                  |             |
|    approx_kl            | 0.016805088 |
|    clip_fraction        | 0.176       |
|    clip_range           | 0.2         |
|    entropy_loss         | -1.7        |
|    explained_variance   | 0.93        |
|    learning_rate        | 0.0003      |
|    loss                 | 0.024       |
|    n_updates            | 1950        |
|    policy_gradient_loss | -0.0109     |
|    std                  | 0.565       |
|    value_loss           | 0.205       |
-----------------------------------------
-----------------------------------------
| rollout/                |             |
|    ep_len_mean          | 375         |
|    ep_rew_mean          | 92.1        |
|    success_rate         | 0.18        |
| time/                   |             |
|    fps                  | 1930        |
|    iterations           | 197         |
|    time_elapsed         | 1254        |
|    total_timesteps      | 2420736     |
| train/                  |             |
|    approx_kl            | 0.016096754 |
|    clip_fraction        | 0.154       |
|    clip_range           | 0.2         |
|    entropy_loss         | -1.69       |
|    explained_variance   | 0.947       |
|    learning_rate        | 0.0003      |
|    loss                 | 0.38        |
|    n_updates            | 1960        |
|    policy_gradient_loss | -0.00946    |
|    std                  | 0.563       |
|    value_loss           | 0.315       |
-----------------------------------------
-----------------------------------------
| rollout/                |             |
|    ep_len_mean          | 362         |
|    ep_rew_mean          | 139         |
|    success_rate         | 0.29        |
| time/                   |             |
|    fps                  | 1930        |
|    iterations           | 198         |
|    time_elapsed         | 1260        |
|    total_timesteps      | 2433024     |
| train/                  |             |
|    approx_kl            | 0.018458525 |
|    clip_fraction        | 0.18        |
|    clip_range           | 0.2         |
|    entropy_loss         | -1.69       |
|    explained_variance   | 0.939       |
|    learning_rate        | 0.0003      |
|    loss                 | 0.0928      |
|    n_updates            | 1970        |
|    policy_gradient_loss | -0.0129     |
|    std                  | 0.564       |
|    value_loss           | 0.381       |
-----------------------------------------
-----------------------------------------
| rollout/                |             |
|    ep_len_mean          | 348         |
|    ep_rew_mean          | 146         |
|    success_rate         | 0.36        |
| time/                   |             |
|    fps                  | 1929        |
|    iterations           | 199         |
|    time_elapsed         | 1267        |
|    total_timesteps      | 2445312     |
| train/                  |             |
|    approx_kl            | 0.017287305 |
|    clip_fraction        | 0.161       |
|    clip_range           | 0.2         |
|    entropy_loss         | -1.69       |
|    explained_variance   | 0.873       |
|    learning_rate        | 0.0003      |
|    loss                 | 0.181       |
|    n_updates            | 1980        |
|    policy_gradient_loss | -0.0089     |
|    std                  | 0.562       |
|    value_loss           | 0.735       |
-----------------------------------------
-----------------------------------------
| rollout/                |             |
|    ep_len_mean          | 349         |
|    ep_rew_mean          | 149         |
|    success_rate         | 0.36        |
| time/                   |             |
|    fps                  | 1929        |
|    iterations           | 200         |
|    time_elapsed         | 1273        |
|    total_timesteps      | 2457600     |
| train/                  |             |
|    approx_kl            | 0.015828386 |
|    clip_fraction        | 0.172       |
|    clip_range           | 0.2         |
|    entropy_loss         | -1.68       |
|    explained_variance   | 0.927       |
|    learning_rate        | 0.0003      |
|    loss                 | 0.189       |
|    n_updates            | 1990        |
|    policy_gradient_loss | -0.00808    |
|    std                  | 0.561       |
|    value_loss           | 0.429       |
-----------------------------------------
-----------------------------------------
| rollout/                |             |
|    ep_len_mean          | 355         |
|    ep_rew_mean          | 143         |
|    success_rate         | 0.33        |
| time/                   |             |
|    fps                  | 1929        |
|    iterations           | 201         |
|    time_elapsed         | 1279        |
|    total_timesteps      | 2469888     |
| train/                  |             |
|    approx_kl            | 0.018476628 |
|    clip_fraction        | 0.183       |
|    clip_range           | 0.2         |
|    entropy_loss         | -1.67       |
|    explained_variance   | 0.938       |
|    learning_rate        | 0.0003      |
|    loss                 | 0.0827      |
|    n_updates            | 2000        |
|    policy_gradient_loss | -0.00864    |
|    std                  | 0.554       |
|    value_loss           | 0.411       |
-----------------------------------------
-----------------------------------------
| rollout/                |             |
|    ep_len_mean          | 359         |
|    ep_rew_mean          | 164         |
|    success_rate         | 0.37        |
| time/                   |             |
|    fps                  | 1929        |
|    iterations           | 202         |
|    time_elapsed         | 1286        |
|    total_timesteps      | 2482176     |
| train/                  |             |
|    approx_kl            | 0.019948334 |
|    clip_fraction        | 0.182       |
|    clip_range           | 0.2         |
|    entropy_loss         | -1.65       |
|    explained_variance   | 0.887       |
|    learning_rate        | 0.0003      |
|    loss                 | 0.364       |
|    n_updates            | 2010        |
|    policy_gradient_loss | -0.0115     |
|    std                  | 0.551       |
|    value_loss           | 0.688       |
-----------------------------------------
-----------------------------------------
| rollout/                |             |
|    ep_len_mean          | 355         |
|    ep_rew_mean          | 186         |
|    success_rate         | 0.42        |
| time/                   |             |
|    fps                  | 1929        |
|    iterations           | 203         |
|    time_elapsed         | 1292        |
|    total_timesteps      | 2494464     |
| train/                  |             |
|    approx_kl            | 0.017243622 |
|    clip_fraction        | 0.173       |
|    clip_range           | 0.2         |
|    entropy_loss         | -1.64       |
|    explained_variance   | 0.887       |
|    learning_rate        | 0.0003      |
|    loss                 | 0.519       |
|    n_updates            | 2020        |
|    policy_gradient_loss | -0.00904    |
|    std                  | 0.55        |
|    value_loss           | 0.601       |
-----------------------------------------
-----------------------------------------
| rollout/                |             |
|    ep_len_mean          | 344         |
|    ep_rew_mean          | 195         |
|    success_rate         | 0.48        |
| time/                   |             |
|    fps                  | 1929        |
|    iterations           | 204         |
|    time_elapsed         | 1299        |
|    total_timesteps      | 2506752     |
| train/                  |             |
|    approx_kl            | 0.016433459 |
|    clip_fraction        | 0.174       |
|    clip_range           | 0.2         |
|    entropy_loss         | -1.64       |
|    explained_variance   | 0.741       |
|    learning_rate        | 0.0003      |
|    loss                 | 0.461       |
|    n_updates            | 2030        |
|    policy_gradient_loss | -0.00708    |
|    std                  | 0.548       |
|    value_loss           | 0.538       |
-----------------------------------------
-----------------------------------------
| rollout/                |             |
|    ep_len_mean          | 340         |
|    ep_rew_mean          | 206         |
|    success_rate         | 0.51        |
| time/                   |             |
|    fps                  | 1929        |
|    iterations           | 205         |
|    time_elapsed         | 1305        |
|    total_timesteps      | 2519040     |
| train/                  |             |
|    approx_kl            | 0.019162167 |
|    clip_fraction        | 0.179       |
|    clip_range           | 0.2         |
|    entropy_loss         | -1.64       |
|    explained_variance   | 0.88        |
|    learning_rate        | 0.0003      |
|    loss                 | 0.0799      |
|    n_updates            | 2040        |
|    policy_gradient_loss | -0.0114     |
|    std                  | 0.55        |
|    value_loss           | 0.63        |
-----------------------------------------
-----------------------------------------
| rollout/                |             |
|    ep_len_mean          | 335         |
|    ep_rew_mean          | 206         |
|    success_rate         | 0.55        |
| time/                   |             |
|    fps                  | 1929        |
|    iterations           | 206         |
|    time_elapsed         | 1311        |
|    total_timesteps      | 2531328     |
| train/                  |             |
|    approx_kl            | 0.016618177 |
|    clip_fraction        | 0.174       |
|    clip_range           | 0.2         |
|    entropy_loss         | -1.63       |
|    explained_variance   | 0.837       |
|    learning_rate        | 0.0003      |
|    loss                 | 0.177       |
|    n_updates            | 2050        |
|    policy_gradient_loss | -0.00895    |
|    std                  | 0.545       |
|    value_loss           | 0.575       |
-----------------------------------------
-----------------------------------------
| rollout/                |             |
|    ep_len_mean          | 341         |
|    ep_rew_mean          | 200         |
|    success_rate         | 0.5         |
| time/                   |             |
|    fps                  | 1929        |
|    iterations           | 207         |
|    time_elapsed         | 1318        |
|    total_timesteps      | 2543616     |
| train/                  |             |
|    approx_kl            | 0.016907597 |
|    clip_fraction        | 0.182       |
|    clip_range           | 0.2         |
|    entropy_loss         | -1.62       |
|    explained_variance   | 0.862       |
|    learning_rate        | 0.0003      |
|    loss                 | 0.206       |
|    n_updates            | 2060        |
|    policy_gradient_loss | -0.00947    |
|    std                  | 0.544       |
|    value_loss           | 0.517       |
-----------------------------------------
-----------------------------------------
| rollout/                |             |
|    ep_len_mean          | 341         |
|    ep_rew_mean          | 185         |
|    success_rate         | 0.47        |
| time/                   |             |
|    fps                  | 1929        |
|    iterations           | 208         |
|    time_elapsed         | 1324        |
|    total_timesteps      | 2555904     |
| train/                  |             |
|    approx_kl            | 0.018466095 |
|    clip_fraction        | 0.175       |
|    clip_range           | 0.2         |
|    entropy_loss         | -1.62       |
|    explained_variance   | 0.885       |
|    learning_rate        | 0.0003      |
|    loss                 | 0.204       |
|    n_updates            | 2070        |
|    policy_gradient_loss | -0.00962    |
|    std                  | 0.543       |
|    value_loss           | 0.429       |
-----------------------------------------
-----------------------------------------
| rollout/                |             |
|    ep_len_mean          | 344         |
|    ep_rew_mean          | 185         |
|    success_rate         | 0.44        |
| time/                   |             |
|    fps                  | 1929        |
|    iterations           | 209         |
|    time_elapsed         | 1331        |
|    total_timesteps      | 2568192     |
| train/                  |             |
|    approx_kl            | 0.017607242 |
|    clip_fraction        | 0.178       |
|    clip_range           | 0.2         |
|    entropy_loss         | -1.61       |
|    explained_variance   | 0.912       |
|    learning_rate        | 0.0003      |
|    loss                 | 0.0897      |
|    n_updates            | 2080        |
|    policy_gradient_loss | -0.0109     |
|    std                  | 0.542       |
|    value_loss           | 0.445       |
-----------------------------------------
----------------------------------------
| rollout/                |            |
|    ep_len_mean          | 350        |
|    ep_rew_mean          | 163        |
|    success_rate         | 0.38       |
| time/                   |            |
|    fps                  | 1928       |
|    iterations           | 210        |
|    time_elapsed         | 1337       |
|    total_timesteps      | 2580480    |
| train/                  |            |
|    approx_kl            | 0.01749164 |
|    clip_fraction        | 0.172      |
|    clip_range           | 0.2        |
|    entropy_loss         | -1.61      |
|    explained_variance   | 0.871      |
|    learning_rate        | 0.0003     |
|    loss                 | 0.124      |
|    n_updates            | 2090       |
|    policy_gradient_loss | -0.00711   |
|    std                  | 0.54       |
|    value_loss           | 0.324      |
----------------------------------------
-----------------------------------------
| rollout/                |             |
|    ep_len_mean          | 364         |
|    ep_rew_mean          | 159         |
|    success_rate         | 0.29        |
| time/                   |             |
|    fps                  | 1928        |
|    iterations           | 211         |
|    time_elapsed         | 1344        |
|    total_timesteps      | 2592768     |
| train/                  |             |
|    approx_kl            | 0.018618057 |
|    clip_fraction        | 0.185       |
|    clip_range           | 0.2         |
|    entropy_loss         | -1.59       |
|    explained_variance   | 0.905       |
|    learning_rate        | 0.0003      |
|    loss                 | 0.0417      |
|    n_updates            | 2100        |
|    policy_gradient_loss | -0.0115     |
|    std                  | 0.537       |
|    value_loss           | 0.329       |
-----------------------------------------
-----------------------------------------
| rollout/                |             |
|    ep_len_mean          | 365         |
|    ep_rew_mean          | 168         |
|    success_rate         | 0.28        |
| time/                   |             |
|    fps                  | 1928        |
|    iterations           | 212         |
|    time_elapsed         | 1350        |
|    total_timesteps      | 2605056     |
| train/                  |             |
|    approx_kl            | 0.019019442 |
|    clip_fraction        | 0.186       |
|    clip_range           | 0.2         |
|    entropy_loss         | -1.59       |
|    explained_variance   | 0.911       |
|    learning_rate        | 0.0003      |
|    loss                 | 0.114       |
|    n_updates            | 2110        |
|    policy_gradient_loss | -0.00932    |
|    std                  | 0.535       |
|    value_loss           | 0.278       |
-----------------------------------------
-----------------------------------------
| rollout/                |             |
|    ep_len_mean          | 368         |
|    ep_rew_mean          | 195         |
|    success_rate         | 0.29        |
| time/                   |             |
|    fps                  | 1928        |
|    iterations           | 213         |
|    time_elapsed         | 1357        |
|    total_timesteps      | 2617344     |
| train/                  |             |
|    approx_kl            | 0.017309971 |
|    clip_fraction        | 0.178       |
|    clip_range           | 0.2         |
|    entropy_loss         | -1.59       |
|    explained_variance   | 0.933       |
|    learning_rate        | 0.0003      |
|    loss                 | 0.136       |
|    n_updates            | 2120        |
|    policy_gradient_loss | -0.0109     |
|    std                  | 0.537       |
|    value_loss           | 0.509       |
-----------------------------------------
----------------------------------------
| rollout/                |            |
|    ep_len_mean          | 364        |
|    ep_rew_mean          | 221        |
|    success_rate         | 0.32       |
| time/                   |            |
|    fps                  | 1928       |
|    iterations           | 214        |
|    time_elapsed         | 1363       |
|    total_timesteps      | 2629632    |
| train/                  |            |
|    approx_kl            | 0.01802002 |
|    clip_fraction        | 0.18       |
|    clip_range           | 0.2        |
|    entropy_loss         | -1.58      |
|    explained_variance   | 0.907      |
|    learning_rate        | 0.0003     |
|    loss                 | 0.103      |
|    n_updates            | 2130       |
|    policy_gradient_loss | -0.00861   |
|    std                  | 0.532      |
|    value_loss           | 0.486      |
----------------------------------------
-----------------------------------------
| rollout/                |             |
|    ep_len_mean          | 367         |
|    ep_rew_mean          | 225         |
|    success_rate         | 0.33        |
| time/                   |             |
|    fps                  | 1928        |
|    iterations           | 215         |
|    time_elapsed         | 1370        |
|    total_timesteps      | 2641920     |
| train/                  |             |
|    approx_kl            | 0.018727936 |
|    clip_fraction        | 0.178       |
|    clip_range           | 0.2         |
|    entropy_loss         | -1.56       |
|    explained_variance   | 0.945       |
|    learning_rate        | 0.0003      |
|    loss                 | 0.148       |
|    n_updates            | 2140        |
|    policy_gradient_loss | -0.00968    |
|    std                  | 0.527       |
|    value_loss           | 0.41        |
-----------------------------------------
-----------------------------------------
| rollout/                |             |
|    ep_len_mean          | 354         |
|    ep_rew_mean          | 248         |
|    success_rate         | 0.44        |
| time/                   |             |
|    fps                  | 1928        |
|    iterations           | 216         |
|    time_elapsed         | 1376        |
|    total_timesteps      | 2654208     |
| train/                  |             |
|    approx_kl            | 0.018928735 |
|    clip_fraction        | 0.184       |
|    clip_range           | 0.2         |
|    entropy_loss         | -1.56       |
|    explained_variance   | 0.898       |
|    learning_rate        | 0.0003      |
|    loss                 | 0.195       |
|    n_updates            | 2150        |
|    policy_gradient_loss | -0.0107     |
|    std                  | 0.528       |
|    value_loss           | 0.411       |
-----------------------------------------
-----------------------------------------
| rollout/                |             |
|    ep_len_mean          | 339         |
|    ep_rew_mean          | 243         |
|    success_rate         | 0.56        |
| time/                   |             |
|    fps                  | 1928        |
|    iterations           | 217         |
|    time_elapsed         | 1382        |
|    total_timesteps      | 2666496     |
| train/                  |             |
|    approx_kl            | 0.016266575 |
|    clip_fraction        | 0.166       |
|    clip_range           | 0.2         |
|    entropy_loss         | -1.58       |
|    explained_variance   | 0.724       |
|    learning_rate        | 0.0003      |
|    loss                 | 0.289       |
|    n_updates            | 2160        |
|    policy_gradient_loss | -0.00535    |
|    std                  | 0.533       |
|    value_loss           | 0.641       |
-----------------------------------------
-----------------------------------------
| rollout/                |             |
|    ep_len_mean          | 346         |
|    ep_rew_mean          | 238         |
|    success_rate         | 0.49        |
| time/                   |             |
|    fps                  | 1928        |
|    iterations           | 218         |
|    time_elapsed         | 1389        |
|    total_timesteps      | 2678784     |
| train/                  |             |
|    approx_kl            | 0.016911322 |
|    clip_fraction        | 0.177       |
|    clip_range           | 0.2         |
|    entropy_loss         | -1.58       |
|    explained_variance   | 0.829       |
|    learning_rate        | 0.0003      |
|    loss                 | 0.328       |
|    n_updates            | 2170        |
|    policy_gradient_loss | -0.00823    |
|    std                  | 0.533       |
|    value_loss           | 0.5         |
-----------------------------------------
-----------------------------------------
| rollout/                |             |
|    ep_len_mean          | 351         |
|    ep_rew_mean          | 211         |
|    success_rate         | 0.41        |
| time/                   |             |
|    fps                  | 1928        |
|    iterations           | 219         |
|    time_elapsed         | 1395        |
|    total_timesteps      | 2691072     |
| train/                  |             |
|    approx_kl            | 0.017434083 |
|    clip_fraction        | 0.186       |
|    clip_range           | 0.2         |
|    entropy_loss         | -1.57       |
|    explained_variance   | 0.91        |
|    learning_rate        | 0.0003      |
|    loss                 | 0.0949      |
|    n_updates            | 2180        |
|    policy_gradient_loss | -0.0086     |
|    std                  | 0.531       |
|    value_loss           | 0.349       |
-----------------------------------------
-----------------------------------------
| rollout/                |             |
|    ep_len_mean          | 360         |
|    ep_rew_mean          | 211         |
|    success_rate         | 0.33        |
| time/                   |             |
|    fps                  | 1928        |
|    iterations           | 220         |
|    time_elapsed         | 1402        |
|    total_timesteps      | 2703360     |
| train/                  |             |
|    approx_kl            | 0.017806415 |
|    clip_fraction        | 0.176       |
|    clip_range           | 0.2         |
|    entropy_loss         | -1.57       |
|    explained_variance   | 0.875       |
|    learning_rate        | 0.0003      |
|    loss                 | 0.151       |
|    n_updates            | 2190        |
|    policy_gradient_loss | -0.00746    |
|    std                  | 0.532       |
|    value_loss           | 0.44        |
-----------------------------------------
-----------------------------------------
| rollout/                |             |
|    ep_len_mean          | 355         |
|    ep_rew_mean          | 242         |
|    success_rate         | 0.39        |
| time/                   |             |
|    fps                  | 1928        |
|    iterations           | 221         |
|    time_elapsed         | 1408        |
|    total_timesteps      | 2715648     |
| train/                  |             |
|    approx_kl            | 0.018439641 |
|    clip_fraction        | 0.183       |
|    clip_range           | 0.2         |
|    entropy_loss         | -1.57       |
|    explained_variance   | 0.904       |
|    learning_rate        | 0.0003      |
|    loss                 | 0.0461      |
|    n_updates            | 2200        |
|    policy_gradient_loss | -0.00804    |
|    std                  | 0.532       |
|    value_loss           | 0.32        |
-----------------------------------------
-----------------------------------------
| rollout/                |             |
|    ep_len_mean          | 353         |
|    ep_rew_mean          | 274         |
|    success_rate         | 0.48        |
| time/                   |             |
|    fps                  | 1928        |
|    iterations           | 222         |
|    time_elapsed         | 1414        |
|    total_timesteps      | 2727936     |
| train/                  |             |
|    approx_kl            | 0.014767337 |
|    clip_fraction        | 0.157       |
|    clip_range           | 0.2         |
|    entropy_loss         | -1.57       |
|    explained_variance   | 0.895       |
|    learning_rate        | 0.0003      |
|    loss                 | 0.13        |
|    n_updates            | 2210        |
|    policy_gradient_loss | -0.00755    |
|    std                  | 0.532       |
|    value_loss           | 0.545       |
-----------------------------------------
-----------------------------------------
| rollout/                |             |
|    ep_len_mean          | 348         |
|    ep_rew_mean          | 288         |
|    success_rate         | 0.62        |
| time/                   |             |
|    fps                  | 1928        |
|    iterations           | 223         |
|    time_elapsed         | 1421        |
|    total_timesteps      | 2740224     |
| train/                  |             |
|    approx_kl            | 0.017467981 |
|    clip_fraction        | 0.176       |
|    clip_range           | 0.2         |
|    entropy_loss         | -1.57       |
|    explained_variance   | 0.899       |
|    learning_rate        | 0.0003      |
|    loss                 | 0.368       |
|    n_updates            | 2220        |
|    policy_gradient_loss | -0.00911    |
|    std                  | 0.533       |
|    value_loss           | 0.649       |
-----------------------------------------
-----------------------------------------
| rollout/                |             |
|    ep_len_mean          | 353         |
|    ep_rew_mean          | 291         |
|    success_rate         | 0.69        |
| time/                   |             |
|    fps                  | 1928        |
|    iterations           | 224         |
|    time_elapsed         | 1427        |
|    total_timesteps      | 2752512     |
| train/                  |             |
|    approx_kl            | 0.019611413 |
|    clip_fraction        | 0.183       |
|    clip_range           | 0.2         |
|    entropy_loss         | -1.57       |
|    explained_variance   | 0.874       |
|    learning_rate        | 0.0003      |
|    loss                 | 0.0382      |
|    n_updates            | 2230        |
|    policy_gradient_loss | -0.00855    |
|    std                  | 0.53        |
|    value_loss           | 0.564       |
-----------------------------------------
-----------------------------------------
| rollout/                |             |
|    ep_len_mean          | 360         |
|    ep_rew_mean          | 281         |
|    success_rate         | 0.68        |
| time/                   |             |
|    fps                  | 1928        |
|    iterations           | 225         |
|    time_elapsed         | 1433        |
|    total_timesteps      | 2764800     |
| train/                  |             |
|    approx_kl            | 0.016533904 |
|    clip_fraction        | 0.17        |
|    clip_range           | 0.2         |
|    entropy_loss         | -1.55       |
|    explained_variance   | 0.789       |
|    learning_rate        | 0.0003      |
|    loss                 | 0.19        |
|    n_updates            | 2240        |
|    policy_gradient_loss | -0.00807    |
|    std                  | 0.524       |
|    value_loss           | 0.414       |
-----------------------------------------
----------------------------------------
| rollout/                |            |
|    ep_len_mean          | 368        |
|    ep_rew_mean          | 274        |
|    success_rate         | 0.59       |
| time/                   |            |
|    fps                  | 1928       |
|    iterations           | 226        |
|    time_elapsed         | 1440       |
|    total_timesteps      | 2777088    |
| train/                  |            |
|    approx_kl            | 0.01797389 |
|    clip_fraction        | 0.174      |
|    clip_range           | 0.2        |
|    entropy_loss         | -1.52      |
|    explained_variance   | 0.919      |
|    learning_rate        | 0.0003     |
|    loss                 | 0.0476     |
|    n_updates            | 2250       |
|    policy_gradient_loss | -0.00844   |
|    std                  | 0.517      |
|    value_loss           | 0.396      |
----------------------------------------
-----------------------------------------
| rollout/                |             |
|    ep_len_mean          | 372         |
|    ep_rew_mean          | 275         |
|    success_rate         | 0.47        |
| time/                   |             |
|    fps                  | 1928        |
|    iterations           | 227         |
|    time_elapsed         | 1446        |
|    total_timesteps      | 2789376     |
| train/                  |             |
|    approx_kl            | 0.018894793 |
|    clip_fraction        | 0.185       |
|    clip_range           | 0.2         |
|    entropy_loss         | -1.51       |
|    explained_variance   | 0.88        |
|    learning_rate        | 0.0003      |
|    loss                 | 0.173       |
|    n_updates            | 2260        |
|    policy_gradient_loss | -0.0074     |
|    std                  | 0.516       |
|    value_loss           | 0.394       |
-----------------------------------------
----------------------------------------
| rollout/                |            |
|    ep_len_mean          | 368        |
|    ep_rew_mean          | 296        |
|    success_rate         | 0.46       |
| time/                   |            |
|    fps                  | 1927       |
|    iterations           | 228        |
|    time_elapsed         | 1453       |
|    total_timesteps      | 2801664    |
| train/                  |            |
|    approx_kl            | 0.01711346 |
|    clip_fraction        | 0.178      |
|    clip_range           | 0.2        |
|    entropy_loss         | -1.5       |
|    explained_variance   | 0.918      |
|    learning_rate        | 0.0003     |
|    loss                 | 0.0707     |
|    n_updates            | 2270       |
|    policy_gradient_loss | -0.0062    |
|    std                  | 0.513      |
|    value_loss           | 0.407      |
----------------------------------------
---------------------------------------
| rollout/                |           |
|    ep_len_mean          | 358       |
|    ep_rew_mean          | 279       |
|    success_rate         | 0.46      |
| time/                   |           |
|    fps                  | 1927      |
|    iterations           | 229       |
|    time_elapsed         | 1459      |
|    total_timesteps      | 2813952   |
| train/                  |           |
|    approx_kl            | 0.0202718 |
|    clip_fraction        | 0.183     |
|    clip_range           | 0.2       |
|    entropy_loss         | -1.5      |
|    explained_variance   | 0.88      |
|    learning_rate        | 0.0003    |
|    loss                 | 0.143     |
|    n_updates            | 2280      |
|    policy_gradient_loss | -0.00668  |
|    std                  | 0.514     |
|    value_loss           | 0.589     |
---------------------------------------
-----------------------------------------
| rollout/                |             |
|    ep_len_mean          | 358         |
|    ep_rew_mean          | 256         |
|    success_rate         | 0.44        |
| time/                   |             |
|    fps                  | 1927        |
|    iterations           | 230         |
|    time_elapsed         | 1466        |
|    total_timesteps      | 2826240     |
| train/                  |             |
|    approx_kl            | 0.020943487 |
|    clip_fraction        | 0.192       |
|    clip_range           | 0.2         |
|    entropy_loss         | -1.5        |
|    explained_variance   | 0.936       |
|    learning_rate        | 0.0003      |
|    loss                 | 0.161       |
|    n_updates            | 2290        |
|    policy_gradient_loss | -0.00941    |
|    std                  | 0.514       |
|    value_loss           | 0.505       |
-----------------------------------------
-----------------------------------------
| rollout/                |             |
|    ep_len_mean          | 358         |
|    ep_rew_mean          | 218         |
|    success_rate         | 0.37        |
| time/                   |             |
|    fps                  | 1927        |
|    iterations           | 231         |
|    time_elapsed         | 1472        |
|    total_timesteps      | 2838528     |
| train/                  |             |
|    approx_kl            | 0.022344157 |
|    clip_fraction        | 0.208       |
|    clip_range           | 0.2         |
|    entropy_loss         | -1.49       |
|    explained_variance   | 0.946       |
|    learning_rate        | 0.0003      |
|    loss                 | 0.106       |
|    n_updates            | 2300        |
|    policy_gradient_loss | -0.0115     |
|    std                  | 0.51        |
|    value_loss           | 0.304       |
-----------------------------------------
-----------------------------------------
| rollout/                |             |
|    ep_len_mean          | 363         |
|    ep_rew_mean          | 212         |
|    success_rate         | 0.34        |
| time/                   |             |
|    fps                  | 1927        |
|    iterations           | 232         |
|    time_elapsed         | 1479        |
|    total_timesteps      | 2850816     |
| train/                  |             |
|    approx_kl            | 0.017100561 |
|    clip_fraction        | 0.182       |
|    clip_range           | 0.2         |
|    entropy_loss         | -1.49       |
|    explained_variance   | 0.846       |
|    learning_rate        | 0.0003      |
|    loss                 | 0.181       |
|    n_updates            | 2310        |
|    policy_gradient_loss | -0.00643    |
|    std                  | 0.509       |
|    value_loss           | 0.314       |
-----------------------------------------
-----------------------------------------
| rollout/                |             |
|    ep_len_mean          | 363         |
|    ep_rew_mean          | 209         |
|    success_rate         | 0.31        |
| time/                   |             |
|    fps                  | 1927        |
|    iterations           | 233         |
|    time_elapsed         | 1485        |
|    total_timesteps      | 2863104     |
| train/                  |             |
|    approx_kl            | 0.018229559 |
|    clip_fraction        | 0.183       |
|    clip_range           | 0.2         |
|    entropy_loss         | -1.46       |
|    explained_variance   | 0.918       |
|    learning_rate        | 0.0003      |
|    loss                 | 0.0446      |
|    n_updates            | 2320        |
|    policy_gradient_loss | -0.00723    |
|    std                  | 0.503       |
|    value_loss           | 0.236       |
-----------------------------------------
---------------------------------------
| rollout/                |           |
|    ep_len_mean          | 377       |
|    ep_rew_mean          | 200       |
|    success_rate         | 0.2       |
| time/                   |           |
|    fps                  | 1927      |
|    iterations           | 234       |
|    time_elapsed         | 1491      |
|    total_timesteps      | 2875392   |
| train/                  |           |
|    approx_kl            | 0.0190901 |
|    clip_fraction        | 0.191     |
|    clip_range           | 0.2       |
|    entropy_loss         | -1.45     |
|    explained_variance   | 0.943     |
|    learning_rate        | 0.0003    |
|    loss                 | 0.0193    |
|    n_updates            | 2330      |
|    policy_gradient_loss | -0.00835  |
|    std                  | 0.498     |
|    value_loss           | 0.211     |
---------------------------------------
-----------------------------------------
| rollout/                |             |
|    ep_len_mean          | 374         |
|    ep_rew_mean          | 212         |
|    success_rate         | 0.2         |
| time/                   |             |
|    fps                  | 1927        |
|    iterations           | 235         |
|    time_elapsed         | 1498        |
|    total_timesteps      | 2887680     |
| train/                  |             |
|    approx_kl            | 0.018482713 |
|    clip_fraction        | 0.197       |
|    clip_range           | 0.2         |
|    entropy_loss         | -1.44       |
|    explained_variance   | 0.952       |
|    learning_rate        | 0.0003      |
|    loss                 | 0.0106      |
|    n_updates            | 2340        |
|    policy_gradient_loss | -0.0101     |
|    std                  | 0.497       |
|    value_loss           | 0.176       |
-----------------------------------------
-----------------------------------------
| rollout/                |             |
|    ep_len_mean          | 376         |
|    ep_rew_mean          | 231         |
|    success_rate         | 0.21        |
| time/                   |             |
|    fps                  | 1927        |
|    iterations           | 236         |
|    time_elapsed         | 1504        |
|    total_timesteps      | 2899968     |
| train/                  |             |
|    approx_kl            | 0.018165918 |
|    clip_fraction        | 0.189       |
|    clip_range           | 0.2         |
|    entropy_loss         | -1.42       |
|    explained_variance   | 0.926       |
|    learning_rate        | 0.0003      |
|    loss                 | 0.0789      |
|    n_updates            | 2350        |
|    policy_gradient_loss | -0.0081     |
|    std                  | 0.492       |
|    value_loss           | 0.254       |
-----------------------------------------
-----------------------------------------
| rollout/                |             |
|    ep_len_mean          | 374         |
|    ep_rew_mean          | 252         |
|    success_rate         | 0.27        |
| time/                   |             |
|    fps                  | 1927        |
|    iterations           | 237         |
|    time_elapsed         | 1511        |
|    total_timesteps      | 2912256     |
| train/                  |             |
|    approx_kl            | 0.020182567 |
|    clip_fraction        | 0.198       |
|    clip_range           | 0.2         |
|    entropy_loss         | -1.42       |
|    explained_variance   | 0.93        |
|    learning_rate        | 0.0003      |
|    loss                 | 0.0454      |
|    n_updates            | 2360        |
|    policy_gradient_loss | -0.00899    |
|    std                  | 0.492       |
|    value_loss           | 0.215       |
-----------------------------------------
----------------------------------------
| rollout/                |            |
|    ep_len_mean          | 381        |
|    ep_rew_mean          | 257        |
|    success_rate         | 0.24       |
| time/                   |            |
|    fps                  | 1927       |
|    iterations           | 238        |
|    time_elapsed         | 1517       |
|    total_timesteps      | 2924544    |
| train/                  |            |
|    approx_kl            | 0.01718517 |
|    clip_fraction        | 0.197      |
|    clip_range           | 0.2        |
|    entropy_loss         | -1.41      |
|    explained_variance   | 0.956      |
|    learning_rate        | 0.0003     |
|    loss                 | 0.0659     |
|    n_updates            | 2370       |
|    policy_gradient_loss | -0.00794   |
|    std                  | 0.491      |
|    value_loss           | 0.214      |
----------------------------------------
-----------------------------------------
| rollout/                |             |
|    ep_len_mean          | 382         |
|    ep_rew_mean          | 257         |
|    success_rate         | 0.27        |
| time/                   |             |
|    fps                  | 1926        |
|    iterations           | 239         |
|    time_elapsed         | 1524        |
|    total_timesteps      | 2936832     |
| train/                  |             |
|    approx_kl            | 0.022561261 |
|    clip_fraction        | 0.196       |
|    clip_range           | 0.2         |
|    entropy_loss         | -1.41       |
|    explained_variance   | 0.946       |
|    learning_rate        | 0.0003      |
|    loss                 | 0.0698      |
|    n_updates            | 2380        |
|    policy_gradient_loss | -0.0114     |
|    std                  | 0.489       |
|    value_loss           | 0.243       |
-----------------------------------------
----------------------------------------
| rollout/                |            |
|    ep_len_mean          | 381        |
|    ep_rew_mean          | 270        |
|    success_rate         | 0.31       |
| time/                   |            |
|    fps                  | 1926       |
|    iterations           | 240        |
|    time_elapsed         | 1530       |
|    total_timesteps      | 2949120    |
| train/                  |            |
|    approx_kl            | 0.02225622 |
|    clip_fraction        | 0.196      |
|    clip_range           | 0.2        |
|    entropy_loss         | -1.41      |
|    explained_variance   | 0.915      |
|    learning_rate        | 0.0003     |
|    loss                 | 0.0717     |
|    n_updates            | 2390       |
|    policy_gradient_loss | -0.00903   |
|    std                  | 0.49       |
|    value_loss           | 0.235      |
----------------------------------------
-----------------------------------------
| rollout/                |             |
|    ep_len_mean          | 373         |
|    ep_rew_mean          | 287         |
|    success_rate         | 0.4         |
| time/                   |             |
|    fps                  | 1926        |
|    iterations           | 241         |
|    time_elapsed         | 1536        |
|    total_timesteps      | 2961408     |
| train/                  |             |
|    approx_kl            | 0.020867983 |
|    clip_fraction        | 0.197       |
|    clip_range           | 0.2         |
|    entropy_loss         | -1.39       |
|    explained_variance   | 0.945       |
|    learning_rate        | 0.0003      |
|    loss                 | 0.229       |
|    n_updates            | 2400        |
|    policy_gradient_loss | -0.0114     |
|    std                  | 0.487       |
|    value_loss           | 0.272       |
-----------------------------------------
-----------------------------------------
| rollout/                |             |
|    ep_len_mean          | 365         |
|    ep_rew_mean          | 297         |
|    success_rate         | 0.42        |
| time/                   |             |
|    fps                  | 1926        |
|    iterations           | 242         |
|    time_elapsed         | 1543        |
|    total_timesteps      | 2973696     |
| train/                  |             |
|    approx_kl            | 0.019977124 |
|    clip_fraction        | 0.199       |
|    clip_range           | 0.2         |
|    entropy_loss         | -1.38       |
|    explained_variance   | 0.917       |
|    learning_rate        | 0.0003      |
|    loss                 | 0.129       |
|    n_updates            | 2410        |
|    policy_gradient_loss | -0.00733    |
|    std                  | 0.485       |
|    value_loss           | 0.329       |
-----------------------------------------
-----------------------------------------
| rollout/                |             |
|    ep_len_mean          | 363         |
|    ep_rew_mean          | 309         |
|    success_rate         | 0.4         |
| time/                   |             |
|    fps                  | 1926        |
|    iterations           | 243         |
|    time_elapsed         | 1549        |
|    total_timesteps      | 2985984     |
| train/                  |             |
|    approx_kl            | 0.017088855 |
|    clip_fraction        | 0.189       |
|    clip_range           | 0.2         |
|    entropy_loss         | -1.38       |
|    explained_variance   | 0.9         |
|    learning_rate        | 0.0003      |
|    loss                 | 0.22        |
|    n_updates            | 2420        |
|    policy_gradient_loss | -0.00695    |
|    std                  | 0.484       |
|    value_loss           | 0.355       |
-----------------------------------------
--------------------------------------
| rollout/                |          |
|    ep_len_mean          | 360      |
|    ep_rew_mean          | 293      |
|    success_rate         | 0.38     |
| time/                   |          |
|    fps                  | 1926     |
|    iterations           | 244      |
|    time_elapsed         | 1556     |
|    total_timesteps      | 2998272  |
| train/                  |          |
|    approx_kl            | 0.018871 |
|    clip_fraction        | 0.198    |
|    clip_range           | 0.2      |
|    entropy_loss         | -1.38    |
|    explained_variance   | 0.905    |
|    learning_rate        | 0.0003   |
|    loss                 | 0.0825   |
|    n_updates            | 2430     |
|    policy_gradient_loss | -0.00939 |
|    std                  | 0.485    |
|    value_loss           | 0.246    |
--------------------------------------
-----------------------------------------
| rollout/                |             |
|    ep_len_mean          | 362         |
|    ep_rew_mean          | 302         |
|    success_rate         | 0.36        |
| time/                   |             |
|    fps                  | 1926        |
|    iterations           | 245         |
|    time_elapsed         | 1562        |
|    total_timesteps      | 3010560     |
| train/                  |             |
|    approx_kl            | 0.019043969 |
|    clip_fraction        | 0.195       |
|    clip_range           | 0.2         |
|    entropy_loss         | -1.38       |
|    explained_variance   | 0.925       |
|    learning_rate        | 0.0003      |
|    loss                 | 0.00855     |
|    n_updates            | 2440        |
|    policy_gradient_loss | -0.00741    |
|    std                  | 0.482       |
|    value_loss           | 0.223       |
-----------------------------------------
Training duration: 26.1 min (1566 sec)
Training finished. Model saved to: runs\env_007\close_speed_test\C1_closing_speed\seed0_3M\model.zip
Monitor logs: runs\env_007\close_speed_test\C1_closing_speed\seed0_3M\monitor
External eval mean reward: 38.227
LLM feedback file: runs\env_007\close_speed_test\C1_closing_speed\seed0_3M\training_feedback.md
